group_source_family	group_target_family	source_dimension	target_dimension	source_order	target_order	status	classification	direct	via_family	reason	method
9	1	1	0	5832	524880	embedded	direct	true	fail	found	subgroup_classes_full_aut
9	4	1	0	5832	23328	embedded	direct	true	fail	found	subgroup_classes_full_aut
9	24	1	0	5832	17496	no_embedding	direct	true	fail	element_order_multiset	filter
10	1	1	0	1080	524880	embedded	direct	true	fail	found	subgroup_classes_full_aut
10	2	1	0	1080	7560	embedded	direct	true	fail	literal_matrix_subgroup	literal_matrix_subgroup
10	3	1	0	1080	15120	no_embedding	direct	true	fail	no_abstract_subgroup	subgroup_classes_full_aut
10	5	1	0	1080	2160	embedded	direct	true	fail	found	subgroup_classes_full_aut
10	6	1	0	1080	2160	embedded	direct	true	fail	found	subgroup_classes_full_aut
10	8	1	0	1080	6480	no_embedding	direct	true	fail	element_order_multiset	filter
11	1	1	0	2160	524880	embedded	direct	true	fail	literal_matrix_subgroup	literal_matrix_subgroup
11	3	1	0	2160	15120	embedded	direct	true	fail	literal_matrix_subgroup	literal_matrix_subgroup
11	5	1	0	2160	2160	no_embedding	direct	true	fail	element_order_multiset	filter
11	6	1	0	2160	2160	no_embedding	direct	true	fail	element_order_multiset	filter
11	8	1	0	2160	6480	no_embedding	direct	true	fail	derived_series	filter
12	2	1	0	504	7560	embedded	direct	true	fail	found	subgroup_classes_full_aut
12	3	1	0	504	15120	embedded	direct	true	fail	literal_matrix_subgroup	literal_matrix_subgroup
12	13	1	0	504	1008	embedded	direct	true	fail	literal_matrix_subgroup	literal_matrix_subgroup
12	14	1	0	504	1008	embedded	direct	true	fail	literal_matrix_subgroup	literal_matrix_subgroup
15	1	1	0	360	524880	no_embedding	direct	true	fail	exhausted_subgroup_classes_and_twists	subgroup_classes_full_aut
15	2	1	0	360	7560	embedded	direct	true	fail	found	subgroup_classes_full_aut
15	3	1	0	360	15120	no_embedding	direct	true	fail	weak_fingerprint	filter
15	5	1	0	360	2160	no_embedding	direct	true	fail	element_order_multiset	filter
15	6	1	0	360	2160	no_embedding	direct	true	fail	element_order_multiset	filter
15	8	1	0	360	6480	no_embedding	direct	true	fail	weak_fingerprint	filter
16	1	1	0	720	524880	no_embedding	direct	true	fail	element_order_multiset	filter
16	3	1	0	720	15120	embedded	direct	true	fail	found	subgroup_classes_full_aut
16	5	1	0	720	2160	no_embedding	direct	true	fail	element_order_multiset	filter
16	6	1	0	720	2160	no_embedding	direct	true	fail	element_order_multiset	filter
16	8	1	0	720	6480	embedded	direct	true	fail	found	subgroup_classes_full_aut
17	1	1	0	216	524880	no_embedding	direct	true	fail	no_abstract_subgroup	subgroup_classes_full_aut
17	2	1	0	216	7560	no_embedding	direct	true	fail	no_abstract_subgroup	subgroup_classes_full_aut
17	3	1	0	216	15120	no_embedding	direct	true	fail	no_abstract_subgroup	subgroup_classes_full_aut
17	4	1	0	216	23328	embedded	direct	true	fail	found	subgroup_classes_full_aut
17	5	1	0	216	2160	embedded	direct	true	fail	found	subgroup_classes_full_aut
17	6	1	0	216	2160	embedded	direct	true	fail	found	subgroup_classes_full_aut
17	8	1	0	216	6480	no_embedding	direct	true	fail	no_abstract_subgroup	subgroup_classes_full_aut
17	18	1	0	216	648	embedded	direct	true	fail	literal_matrix_subgroup	literal_matrix_subgroup
17	24	1	0	216	17496	no_embedding	direct	true	fail	weak_fingerprint	filter
17	96	1	0	216	432	no_embedding	direct	true	fail	element_order_multiset	filter
19	1	1	0	432	524880	embedded	direct	true	fail	found	subgroup_classes_full_aut
19	3	1	0	432	15120	no_embedding	direct	true	fail	weak_fingerprint	filter
19	4	1	0	432	23328	no_embedding	direct	true	fail	weak_fingerprint	filter
19	5	1	0	432	2160	no_embedding	direct	true	fail	element_order_multiset	filter
19	6	1	0	432	2160	no_embedding	direct	true	fail	element_order_multiset	filter
19	8	1	0	432	6480	no_embedding	direct	true	fail	weak_fingerprint	filter
19	96	1	0	432	432	no_embedding	direct	true	fail	element_order_multiset	filter
20	1	1	0	144	524880	no_embedding	direct	true	fail	exponent	filter
20	3	1	0	144	15120	no_embedding	direct	true	fail	exponent	filter
20	4	1	0	144	23328	no_embedding	direct	true	fail	derived_series	filter
20	5	1	0	144	2160	no_embedding	direct	true	fail	weak_fingerprint	filter
20	6	1	0	144	2160	no_embedding	direct	true	fail	weak_fingerprint	filter
20	8	1	0	144	6480	no_embedding	direct	true	fail	exponent	filter
20	13	1	0	144	1008	no_embedding	direct	true	fail	weak_fingerprint	filter
20	14	1	0	144	1008	no_embedding	direct	true	fail	weak_fingerprint	filter
20	96	1	0	144	432	no_embedding	direct	true	fail	element_order_multiset	filter
20	156	1	0	144	144	no_embedding	direct	true	fail	element_order_multiset	filter
21	1	2	0	2916	524880	embedded	transitive	false	9	verified_witness_composition	transitivity
21	4	2	0	2916	23328	embedded	transitive	false	9	verified_witness_composition	transitivity
21	9	2	1	2916	5832	embedded	direct	true	fail	literal_matrix_subgroup	literal_matrix_subgroup
21	22	2	1	2916	5832	embedded	direct	true	fail	literal_matrix_subgroup	literal_matrix_subgroup
21	23	2	1	2916	8748	embedded	direct	true	fail	literal_matrix_subgroup	literal_matrix_subgroup
21	24	2	0	2916	17496	embedded	transitive	false	22	verified_witness_composition	transitivity
22	1	1	0	5832	524880	no_embedding	direct	true	fail	weak_fingerprint	filter
22	4	1	0	5832	23328	embedded	direct	true	fail	found	subgroup_classes_full_aut
22	24	1	0	5832	17496	embedded	direct	true	fail	found	subgroup_classes_full_aut
23	1	1	0	8748	524880	embedded	direct	true	fail	literal_matrix_subgroup	literal_matrix_subgroup
23	24	1	0	8748	17496	embedded	direct	true	fail	literal_matrix_subgroup	literal_matrix_subgroup
25	1	2	0	216	524880	embedded	transitive	false	26	verified_witness_composition	transitivity
25	2	2	0	216	7560	embedded	direct	true	fail	literal_matrix_subgroup	literal_matrix_subgroup
25	3	2	0	216	15120	no_embedding	direct	true	fail	weak_fingerprint	filter
25	4	2	0	216	23328	no_embedding	direct	true	fail	derived_series	filter
25	5	2	0	216	2160	no_embedding	direct	true	fail	weak_fingerprint	filter
25	6	2	0	216	2160	no_embedding	direct	true	fail	weak_fingerprint	filter
25	8	2	0	216	6480	no_embedding	direct	true	fail	weak_fingerprint	filter
25	9	2	1	216	5832	no_embedding	direct	true	fail	derived_series	filter
25	10	2	1	216	1080	no_embedding	direct	true	fail	weak_fingerprint	filter
25	11	2	1	216	2160	no_embedding	direct	true	fail	weak_fingerprint	filter
25	17	2	1	216	216	no_embedding	direct	true	fail	derived_series	filter
25	18	2	0	216	648	no_embedding	direct	true	fail	derived_series	filter
25	19	2	1	216	432	no_embedding	direct	true	fail	derived_series	filter
25	22	2	1	216	5832	no_embedding	direct	true	fail	derived_series	filter
25	24	2	0	216	17496	no_embedding	direct	true	fail	derived_series	filter
25	26	2	1	216	432	embedded	direct	true	fail	literal_matrix_subgroup	literal_matrix_subgroup
25	28	2	1	216	1296	no_embedding	direct	true	fail	derived_series	filter
25	32	2	1	216	1080	no_embedding	direct	true	fail	weak_fingerprint	filter
25	36	2	1	216	648	no_embedding	direct	true	fail	exponent	filter
25	38	2	1	216	648	no_embedding	direct	true	fail	derived_series	filter
25	62	2	1	216	216	no_embedding	direct	true	fail	element_order_multiset	filter
25	94	2	1	216	216	no_embedding	direct	true	fail	element_order_multiset	filter
25	95	2	1	216	216	no_embedding	direct	true	fail	element_order_multiset	filter
25	96	2	0	216	432	no_embedding	direct	true	fail	element_order_multiset	filter
26	1	1	0	432	524880	embedded	direct	true	fail	found	subgroup_classes_full_aut
26	3	1	0	432	15120	no_embedding	direct	true	fail	weak_fingerprint	filter
26	4	1	0	432	23328	no_embedding	direct	true	fail	derived_series	filter
26	5	1	0	432	2160	no_embedding	direct	true	fail	element_order_multiset	filter
26	6	1	0	432	2160	no_embedding	direct	true	fail	element_order_multiset	filter
26	8	1	0	432	6480	no_embedding	direct	true	fail	weak_fingerprint	filter
26	96	1	0	432	432	no_embedding	direct	true	fail	element_order_multiset	filter
27	1	2	0	432	524880	embedded	transitive	false	28	verified_witness_composition	transitivity
27	3	2	0	432	15120	embedded	direct	true	fail	found	subgroup_classes_full_aut
27	4	2	0	432	23328	no_embedding	direct	true	fail	derived_series	filter
27	5	2	0	432	2160	no_embedding	direct	true	fail	element_order_multiset	filter
27	6	2	0	432	2160	no_embedding	direct	true	fail	element_order_multiset	filter
27	8	2	0	432	6480	embedded	transitive	false	28	verified_witness_composition	transitivity
27	11	2	1	432	2160	no_embedding	direct	true	fail	weak_fingerprint	filter
27	19	2	1	432	432	no_embedding	direct	true	fail	derived_series	filter
27	26	2	1	432	432	no_embedding	direct	true	fail	element_order_multiset	filter
27	28	2	1	432	1296	embedded	direct	true	fail	literal_matrix_subgroup	literal_matrix_subgroup
27	96	2	0	432	432	no_embedding	direct	true	fail	element_order_multiset	filter
28	1	1	0	1296	524880	embedded	direct	true	fail	found	subgroup_classes_full_aut
28	4	1	0	1296	23328	no_embedding	direct	true	fail	derived_series	filter
28	8	1	0	1296	6480	embedded	direct	true	fail	found	subgroup_classes_full_aut
29	1	2	0	180	524880	embedded	transitive	false	10	verified_witness_composition	transitivity
29	2	2	0	180	7560	embedded	transitive	false	10	verified_witness_composition	transitivity
29	3	2	0	180	15120	embedded	transitive	false	11	verified_witness_composition	transitivity
29	5	2	0	180	2160	embedded	transitive	false	10	verified_witness_composition	transitivity
29	6	2	0	180	2160	embedded	transitive	false	10	verified_witness_composition	transitivity
29	7	2	0	180	5940	embedded	transitive	false	30	verified_witness_composition	transitivity
29	8	2	0	180	6480	no_embedding	direct	true	fail	exhausted_subgroup_classes_and_twists	subgroup_classes_full_aut
29	10	2	1	180	1080	embedded	direct	true	fail	found	A_strict
29	11	2	1	180	2160	embedded	direct	true	fail	literal_matrix_subgroup	literal_matrix_subgroup
29	15	2	1	180	360	embedded	direct	true	fail	literal_matrix_subgroup	literal_matrix_subgroup
29	16	2	1	180	720	no_embedding	direct	true	fail	weak_fingerprint	filter
29	30	2	1	180	540	embedded	direct	true	fail	literal_matrix_subgroup	literal_matrix_subgroup
29	32	2	1	180	1080	no_embedding	direct	true	fail	weak_fingerprint	filter
30	1	1	0	540	524880	embedded	direct	true	fail	found	subgroup_classes_full_aut
30	2	1	0	540	7560	no_embedding	direct	true	fail	weak_fingerprint	filter
30	3	1	0	540	15120	no_embedding	direct	true	fail	weak_fingerprint	filter
30	5	1	0	540	2160	no_embedding	direct	true	fail	element_order_multiset	filter
30	6	1	0	540	2160	no_embedding	direct	true	fail	element_order_multiset	filter
30	7	1	0	540	5940	embedded	direct	true	fail	found	subgroup_classes_full_aut
30	8	1	0	540	6480	no_embedding	direct	true	fail	exhausted_subgroup_classes_and_twists	subgroup_classes_full_aut
31	1	2	0	360	524880	embedded	transitive	false	11	verified_witness_composition	transitivity
31	2	2	0	360	7560	no_embedding	direct	true	fail	weak_fingerprint	filter
31	3	2	0	360	15120	embedded	transitive	false	11	verified_witness_composition	transitivity
31	5	2	0	360	2160	no_embedding	direct	true	fail	element_order_multiset	filter
31	6	2	0	360	2160	no_embedding	direct	true	fail	element_order_multiset	filter
31	8	2	0	360	6480	embedded	transitive	false	16	verified_witness_composition	transitivity
31	10	2	1	360	1080	no_embedding	direct	true	fail	element_order_multiset	filter
31	11	2	1	360	2160	embedded	direct	true	fail	literal_matrix_subgroup	literal_matrix_subgroup
31	15	2	1	360	360	no_embedding	direct	true	fail	weak_fingerprint	filter
31	16	2	1	360	720	embedded	direct	true	fail	literal_matrix_subgroup	literal_matrix_subgroup
31	32	2	1	360	1080	embedded	direct	true	fail	literal_matrix_subgroup	literal_matrix_subgroup
32	1	1	0	1080	524880	embedded	direct	true	fail	found	subgroup_classes_full_aut
32	2	1	0	1080	7560	no_embedding	direct	true	fail	weak_fingerprint	filter
32	3	1	0	1080	15120	no_embedding	direct	true	fail	weak_fingerprint	filter
32	5	1	0	1080	2160	no_embedding	direct	true	fail	element_order_multiset	filter
32	6	1	0	1080	2160	no_embedding	direct	true	fail	element_order_multiset	filter
32	8	1	0	1080	6480	embedded	direct	true	fail	found	subgroup_classes_full_aut
33	1	2	0	108	524880	embedded	transitive	false	9	verified_witness_composition	transitivity
33	2	2	0	108	7560	embedded	transitive	false	10	verified_witness_composition	transitivity
33	3	2	0	108	15120	no_embedding	direct	true	fail	no_abstract_subgroup	subgroup_classes_full_aut
33	4	2	0	108	23328	embedded	transitive	false	9	verified_witness_composition	transitivity
33	5	2	0	108	2160	embedded	transitive	false	10	verified_witness_composition	transitivity
33	6	2	0	108	2160	embedded	transitive	false	10	verified_witness_composition	transitivity
33	7	2	0	108	5940	no_embedding	direct	true	fail	exponent	filter
33	8	2	0	108	6480	no_embedding	direct	true	fail	no_abstract_subgroup	subgroup_classes_full_aut
33	9	2	1	108	5832	embedded	direct	true	fail	found	subgroup_classes_full_aut
33	10	2	1	108	1080	embedded	direct	true	fail	found	A_strict
33	11	2	1	108	2160	no_embedding	direct	true	fail	no_abstract_subgroup	subgroup_classes_full_aut
33	17	2	1	108	216	embedded	direct	true	fail	literal_matrix_subgroup	literal_matrix_subgroup
33	18	2	0	108	648	embedded	direct	true	fail	literal_matrix_subgroup	literal_matrix_subgroup
33	19	2	1	108	432	no_embedding	direct	true	fail	derived_series	filter
33	22	2	1	108	5832	no_embedding	direct	true	fail	weak_fingerprint	filter
33	23	2	1	108	8748	no_embedding	direct	true	fail	exponent	filter
33	24	2	0	108	17496	no_embedding	direct	true	fail	weak_fingerprint	filter
33	26	2	1	108	432	no_embedding	direct	true	fail	exhausted_no_verified_candidate	A_strict
33	28	2	1	108	1296	no_embedding	direct	true	fail	derived_series	filter
33	30	2	1	108	540	no_embedding	direct	true	fail	exponent	filter
33	32	2	1	108	1080	no_embedding	direct	true	fail	weak_fingerprint	filter
33	36	2	1	108	648	no_embedding	direct	true	fail	exponent	filter
33	38	2	1	108	648	no_embedding	direct	true	fail	derived_series	filter
33	62	2	1	108	216	no_embedding	direct	true	fail	element_order_multiset	filter
33	94	2	1	108	216	no_embedding	direct	true	fail	element_order_multiset	filter
33	95	2	1	108	216	no_embedding	direct	true	fail	element_order_multiset	filter
33	96	2	0	108	432	no_embedding	direct	true	fail	element_order_multiset	filter
34	1	2	0	216	524880	embedded	transitive	false	9	verified_witness_composition	transitivity
34	2	2	0	216	7560	no_embedding	direct	true	fail	weak_fingerprint	filter
34	3	2	0	216	15120	embedded	transitive	false	11	verified_witness_composition	transitivity
34	4	2	0	216	23328	embedded	transitive	false	9	verified_witness_composition	transitivity
34	5	2	0	216	2160	no_embedding	direct	true	fail	element_order_multiset	filter
34	6	2	0	216	2160	no_embedding	direct	true	fail	element_order_multiset	filter
34	8	2	0	216	6480	no_embedding	direct	true	fail	strong_fingerprint	filter
34	9	2	1	216	5832	embedded	direct	true	fail	found	subgroup_classes_full_aut
34	10	2	1	216	1080	no_embedding	direct	true	fail	element_order_multiset	filter
34	11	2	1	216	2160	embedded	direct	true	fail	literal_matrix_subgroup	literal_matrix_subgroup
34	17	2	1	216	216	no_embedding	direct	true	fail	element_order_multiset	filter
34	18	2	0	216	648	no_embedding	direct	true	fail	element_order_multiset	filter
34	19	2	1	216	432	embedded	direct	true	fail	found	A_strict
34	22	2	1	216	5832	no_embedding	direct	true	fail	derived_series	filter
34	24	2	0	216	17496	no_embedding	direct	true	fail	derived_series	filter
34	26	2	1	216	432	no_embedding	direct	true	fail	derived_series	filter
34	28	2	1	216	1296	no_embedding	direct	true	fail	derived_series	filter
34	32	2	1	216	1080	no_embedding	direct	true	fail	weak_fingerprint	filter
34	36	2	1	216	648	no_embedding	direct	true	fail	exponent	filter
34	38	2	1	216	648	no_embedding	direct	true	fail	weak_fingerprint	filter
34	62	2	1	216	216	no_embedding	direct	true	fail	element_order_multiset	filter
34	94	2	1	216	216	no_embedding	direct	true	fail	element_order_multiset	filter
34	95	2	1	216	216	no_embedding	direct	true	fail	element_order_multiset	filter
34	96	2	0	216	432	no_embedding	direct	true	fail	element_order_multiset	filter
35	1	2	0	216	524880	embedded	transitive	false	19	verified_witness_composition	transitivity
35	2	2	0	216	7560	no_embedding	direct	true	fail	weak_fingerprint	filter
35	3	2	0	216	15120	no_embedding	direct	true	fail	weak_fingerprint	filter
35	4	2	0	216	23328	no_embedding	direct	true	fail	weak_fingerprint	filter
35	5	2	0	216	2160	no_embedding	direct	true	fail	element_order_multiset	filter
35	6	2	0	216	2160	no_embedding	direct	true	fail	element_order_multiset	filter
35	8	2	0	216	6480	embedded	transitive	false	36	verified_witness_composition	transitivity
35	9	2	1	216	5832	no_embedding	direct	true	fail	weak_fingerprint	filter
35	10	2	1	216	1080	no_embedding	direct	true	fail	element_order_multiset	filter
35	11	2	1	216	2160	no_embedding	direct	true	fail	weak_fingerprint	filter
35	17	2	1	216	216	no_embedding	direct	true	fail	element_order_multiset	filter
35	18	2	0	216	648	no_embedding	direct	true	fail	element_order_multiset	filter
35	19	2	1	216	432	embedded	direct	true	fail	literal_matrix_subgroup	literal_matrix_subgroup
35	22	2	1	216	5832	no_embedding	direct	true	fail	weak_fingerprint	filter
35	24	2	0	216	17496	no_embedding	direct	true	fail	weak_fingerprint	filter
35	26	2	1	216	432	no_embedding	direct	true	fail	weak_fingerprint	filter
35	28	2	1	216	1296	no_embedding	direct	true	fail	weak_fingerprint	filter
35	32	2	1	216	1080	no_embedding	direct	true	fail	element_order_multiset	filter
35	36	2	1	216	648	embedded	direct	true	fail	literal_matrix_subgroup	literal_matrix_subgroup
35	38	2	1	216	648	no_embedding	direct	true	fail	element_order_multiset	filter
35	62	2	1	216	216	no_embedding	direct	true	fail	derived_series	filter
35	94	2	1	216	216	no_embedding	direct	true	fail	derived_series	filter
35	95	2	1	216	216	no_embedding	direct	true	fail	derived_series	filter
35	96	2	0	216	432	no_embedding	direct	true	fail	derived_series	filter
36	1	1	0	648	524880	embedded	direct	true	fail	found	subgroup_classes_full_aut
36	4	1	0	648	23328	no_embedding	direct	true	fail	weak_fingerprint	filter
36	8	1	0	648	6480	embedded	direct	true	fail	found	subgroup_classes_full_aut
36	18	1	0	648	648	no_embedding	direct	true	fail	element_order_multiset	filter
36	24	1	0	648	17496	no_embedding	direct	true	fail	weak_fingerprint	filter
37	1	2	0	216	524880	embedded	transitive	false	19	verified_witness_composition	transitivity
37	2	2	0	216	7560	no_embedding	direct	true	fail	weak_fingerprint	filter
37	3	2	0	216	15120	no_embedding	direct	true	fail	weak_fingerprint	filter
37	4	2	0	216	23328	no_embedding	direct	true	fail	weak_fingerprint	filter
37	5	2	0	216	2160	no_embedding	direct	true	fail	element_order_multiset	filter
37	6	2	0	216	2160	no_embedding	direct	true	fail	element_order_multiset	filter
37	8	2	0	216	6480	no_embedding	direct	true	fail	weak_fingerprint	filter
37	9	2	1	216	5832	no_embedding	direct	true	fail	weak_fingerprint	filter
37	10	2	1	216	1080	no_embedding	direct	true	fail	element_order_multiset	filter
37	11	2	1	216	2160	no_embedding	direct	true	fail	weak_fingerprint	filter
37	17	2	1	216	216	no_embedding	direct	true	fail	element_order_multiset	filter
37	18	2	0	216	648	no_embedding	direct	true	fail	element_order_multiset	filter
37	19	2	1	216	432	embedded	direct	true	fail	found	A_strict
37	22	2	1	216	5832	no_embedding	direct	true	fail	derived_series	filter
37	24	2	0	216	17496	no_embedding	direct	true	fail	derived_series	filter
37	26	2	1	216	432	no_embedding	direct	true	fail	derived_series	filter
37	28	2	1	216	1296	no_embedding	direct	true	fail	derived_series	filter
37	32	2	1	216	1080	no_embedding	direct	true	fail	weak_fingerprint	filter
37	36	2	1	216	648	no_embedding	direct	true	fail	exponent	filter
37	38	2	1	216	648	embedded	direct	true	fail	literal_matrix_subgroup	literal_matrix_subgroup
37	62	2	1	216	216	no_embedding	direct	true	fail	element_order_multiset	filter
37	94	2	1	216	216	no_embedding	direct	true	fail	element_order_multiset	filter
37	95	2	1	216	216	no_embedding	direct	true	fail	element_order_multiset	filter
37	96	2	0	216	432	no_embedding	direct	true	fail	element_order_multiset	filter
38	1	1	0	648	524880	embedded	direct	true	fail	found	subgroup_classes_full_aut
38	4	1	0	648	23328	no_embedding	direct	true	fail	weak_fingerprint	filter
38	8	1	0	648	6480	no_embedding	direct	true	fail	weak_fingerprint	filter
38	18	1	0	648	648	no_embedding	direct	true	fail	element_order_multiset	filter
38	24	1	0	648	17496	no_embedding	direct	true	fail	derived_series	filter
39	2	2	0	63	7560	embedded	transitive	false	12	verified_witness_composition	transitivity
39	3	2	0	63	15120	embedded	transitive	false	12	verified_witness_composition	transitivity
39	12	2	1	63	504	embedded	direct	true	fail	found	A_strict
39	13	2	0	63	1008	embedded	direct	true	fail	found	A_strict
39	14	2	0	63	1008	embedded	direct	true	fail	found	A_strict
39	40	2	1	63	126	embedded	direct	true	fail	literal_matrix_subgroup	literal_matrix_subgroup
39	41	2	0	63	378	embedded	direct	true	fail	literal_matrix_subgroup	literal_matrix_subgroup
40	2	1	0	126	7560	no_embedding	direct	true	fail	weak_fingerprint	filter
40	3	1	0	126	15120	embedded	direct	true	fail	found	subgroup_classes_full_aut
40	13	1	0	126	1008	embedded	direct	true	fail	found	A_strict
40	14	1	0	126	1008	embedded	direct	true	fail	found	A_strict
40	41	1	0	126	378	embedded	direct	true	fail	literal_matrix_subgroup	literal_matrix_subgroup
42	1	2	0	60	524880	no_embedding	direct	true	fail	exhausted_subgroup_classes_and_twists	subgroup_classes_full_aut
42	2	2	0	60	7560	embedded	transitive	false	15	verified_witness_composition	transitivity
42	3	2	0	60	15120	embedded	transitive	false	16	verified_witness_composition	transitivity
42	5	2	0	60	2160	embedded	direct	true	fail	found	subgroup_classes_full_aut
42	6	2	0	60	2160	embedded	direct	true	fail	found	subgroup_classes_full_aut
42	7	2	0	60	5940	no_embedding	direct	true	fail	exponent	filter
42	8	2	0	60	6480	embedded	transitive	false	16	verified_witness_composition	transitivity
42	10	2	1	60	1080	no_embedding	direct	true	fail	exhausted_no_verified_candidate	A_strict
42	11	2	1	60	2160	no_embedding	direct	true	fail	exhausted_subgroup_classes_and_twists	subgroup_classes_full_aut
42	15	2	1	60	360	embedded	direct	true	fail	found	A_strict
42	16	2	1	60	720	embedded	direct	true	fail	literal_matrix_subgroup	literal_matrix_subgroup
42	30	2	1	60	540	no_embedding	direct	true	fail	exponent	filter
42	32	2	1	60	1080	no_embedding	direct	true	fail	weak_fingerprint	filter
43	1	2	0	48	524880	no_embedding	direct	true	fail	exponent	filter
43	3	2	0	48	15120	no_embedding	direct	true	fail	exponent	filter
43	4	2	0	48	23328	no_embedding	direct	true	fail	weak_fingerprint	filter
43	5	2	0	48	2160	embedded	direct	true	fail	found	subgroup_classes_full_aut
43	6	2	0	48	2160	embedded	direct	true	fail	found	subgroup_classes_full_aut
43	8	2	0	48	6480	no_embedding	direct	true	fail	exponent	filter
43	11	2	1	48	2160	no_embedding	direct	true	fail	exponent	filter
43	13	2	0	48	1008	no_embedding	direct	true	fail	exhaustive_abstract_subgroup_filter	SmallGroups
43	14	2	0	48	1008	no_embedding	direct	true	fail	exhaustive_abstract_subgroup_filter	SmallGroups
43	16	2	1	48	720	no_embedding	direct	true	fail	exhaustive_abstract_subgroup_filter	SmallGroups
43	19	2	1	48	432	no_embedding	direct	true	fail	exhaustive_abstract_subgroup_filter	SmallGroups
43	20	2	1	48	144	embedded	direct	true	fail	found	A_strict
43	26	2	1	48	432	no_embedding	direct	true	fail	exhaustive_abstract_subgroup_filter	SmallGroups
43	28	2	1	48	1296	no_embedding	direct	true	fail	exhaustive_abstract_subgroup_filter	SmallGroups
43	44	2	1	48	96	embedded	direct	true	fail	literal_generator_sublist	literal_generator_sublist
43	51	2	1	48	96	no_embedding	direct	true	fail	exhaustive_abstract_subgroup_filter	SmallGroups
43	93	2	1	48	144	no_embedding	direct	true	fail	exhaustive_abstract_subgroup_filter	SmallGroups
43	96	2	0	48	432	no_embedding	direct	true	fail	exhaustive_abstract_subgroup_filter	SmallGroups
43	151	2	1	48	48	no_embedding	direct	true	fail	exhaustive_abstract_subgroup_filter	SmallGroups
43	152	2	1	48	48	no_embedding	direct	true	fail	exhaustive_abstract_subgroup_filter	SmallGroups
43	155	2	0	48	96	no_embedding	direct	true	fail	exhaustive_abstract_subgroup_filter	SmallGroups
43	156	2	0	48	144	no_embedding	direct	true	fail	exhaustive_abstract_subgroup_filter	SmallGroups
44	4	1	0	96	23328	no_embedding	direct	true	fail	weak_fingerprint	filter
44	155	1	0	96	96	no_embedding	direct	true	fail	exhaustive_abstract_subgroup_filter	SmallGroups
45	1	3	0	72	524880	embedded	transitive	false	10	verified_witness_composition	transitivity
45	2	3	0	72	7560	embedded	transitive	false	10	verified_witness_composition	transitivity
45	3	3	0	72	15120	embedded	transitive	false	11	verified_witness_composition	transitivity
45	4	3	0	72	23328	no_embedding	direct	true	fail	derived_series	filter
45	5	3	0	72	2160	embedded	transitive	false	10	verified_witness_composition	transitivity
45	6	3	0	72	2160	embedded	transitive	false	10	verified_witness_composition	transitivity
45	8	3	0	72	6480	embedded	transitive	false	28	verified_witness_composition	transitivity
45	9	3	1	72	5832	no_embedding	direct	true	fail	derived_series	filter
45	10	3	1	72	1080	embedded	direct	true	fail	found	A_strict
45	11	3	1	72	2160	embedded	transitive	false	46	verified_witness_composition	transitivity
45	12	3	1	72	504	embedded	direct	true	fail	found	A_strict
45	13	3	0	72	1008	embedded	direct	true	fail	found	A_strict
45	14	3	0	72	1008	embedded	direct	true	fail	found	A_strict
45	15	3	1	72	360	embedded	direct	true	fail	found	A_strict
45	16	3	1	72	720	no_embedding	direct	true	fail	weak_fingerprint	filter
45	17	3	1	72	216	no_embedding	direct	true	fail	derived_series	filter
45	18	3	0	72	648	no_embedding	direct	true	fail	derived_series	filter
45	19	3	1	72	432	no_embedding	direct	true	fail	derived_series	filter
45	20	3	1	72	144	no_embedding	direct	true	fail	exhausted_no_verified_candidate	A_strict
45	22	3	1	72	5832	no_embedding	direct	true	fail	derived_series	filter
45	24	3	0	72	17496	no_embedding	direct	true	fail	derived_series	filter
45	25	3	2	72	216	embedded	direct	true	fail	found	A_strict
45	26	3	1	72	432	embedded	direct	true	fail	found	A_strict
45	27	3	2	72	432	embedded	direct	true	fail	found	A_strict
45	28	3	1	72	1296	embedded	direct	true	fail	found	A_strict
45	31	3	2	72	360	no_embedding	direct	true	fail	weak_fingerprint	filter
45	32	3	1	72	1080	no_embedding	direct	true	fail	weak_fingerprint	filter
45	34	3	2	72	216	no_embedding	direct	true	fail	derived_series	filter
45	35	3	2	72	216	no_embedding	direct	true	fail	exponent	filter
45	36	3	1	72	648	no_embedding	direct	true	fail	exponent	filter
45	37	3	2	72	216	no_embedding	direct	true	fail	derived_series	filter
45	38	3	1	72	648	no_embedding	direct	true	fail	derived_series	filter
45	46	3	2	72	144	embedded	direct	true	fail	literal_matrix_subgroup	literal_matrix_subgroup
45	50	3	1	72	72	no_embedding	direct	true	fail	derived_series	filter
45	59	3	2	72	72	no_embedding	direct	true	fail	element_order_multiset	filter
45	60	3	2	72	72	no_embedding	direct	true	fail	exponent	filter
45	62	3	1	72	216	no_embedding	direct	true	fail	weak_fingerprint	filter
45	64	3	2	72	216	no_embedding	direct	true	fail	exponent	filter
45	69	3	2	72	216	no_embedding	direct	true	fail	weak_fingerprint	filter
45	93	3	1	72	144	no_embedding	direct	true	fail	element_order_multiset	filter
45	94	3	1	72	216	no_embedding	direct	true	fail	element_order_multiset	filter
45	95	3	1	72	216	no_embedding	direct	true	fail	element_order_multiset	filter
45	96	3	0	72	432	no_embedding	direct	true	fail	element_order_multiset	filter
45	104	3	2	72	72	no_embedding	direct	true	fail	exponent	filter
45	105	3	2	72	72	no_embedding	direct	true	fail	exponent	filter
45	130	3	2	72	72	no_embedding	direct	true	fail	element_order_multiset	filter
45	131	3	1	72	72	no_embedding	direct	true	fail	element_order_multiset	filter
45	153	3	1	72	72	no_embedding	direct	true	fail	element_order_multiset	filter
45	154	3	1	72	72	no_embedding	direct	true	fail	element_order_multiset	filter
45	156	3	0	72	144	no_embedding	direct	true	fail	element_order_multiset	filter
46	1	2	0	144	524880	embedded	transitive	false	11	verified_witness_composition	transitivity
46	3	2	0	144	15120	embedded	transitive	false	11	verified_witness_composition	transitivity
46	4	2	0	144	23328	no_embedding	direct	true	fail	derived_series	filter
46	5	2	0	144	2160	no_embedding	direct	true	fail	weak_fingerprint	filter
46	6	2	0	144	2160	no_embedding	direct	true	fail	weak_fingerprint	filter
46	8	2	0	144	6480	no_embedding	direct	true	fail	strong_fingerprint	filter
46	11	2	1	144	2160	embedded	direct	true	fail	found	subgroup_classes_full_aut
46	13	2	0	144	1008	no_embedding	direct	true	fail	weak_fingerprint	filter
46	14	2	0	144	1008	no_embedding	direct	true	fail	weak_fingerprint	filter
46	16	2	1	144	720	no_embedding	direct	true	fail	weak_fingerprint	filter
46	19	2	1	144	432	no_embedding	direct	true	fail	derived_series	filter
46	20	2	1	144	144	no_embedding	direct	true	fail	element_order_multiset	filter
46	26	2	1	144	432	embedded	direct	true	fail	found	A_strict
46	28	2	1	144	1296	no_embedding	direct	true	fail	weak_fingerprint	filter
46	93	2	1	144	144	no_embedding	direct	true	fail	element_order_multiset	filter
46	96	2	0	144	432	no_embedding	direct	true	fail	element_order_multiset	filter
46	156	2	0	144	144	no_embedding	direct	true	fail	element_order_multiset	filter
47	1	3	0	144	524880	embedded	transitive	false	11	verified_witness_composition	transitivity
47	3	3	0	144	15120	embedded	transitive	false	11	verified_witness_composition	transitivity
47	4	3	0	144	23328	no_embedding	direct	true	fail	derived_series	filter
47	5	3	0	144	2160	no_embedding	direct	true	fail	weak_fingerprint	filter
47	6	3	0	144	2160	no_embedding	direct	true	fail	weak_fingerprint	filter
47	8	3	0	144	6480	embedded	transitive	false	16	verified_witness_composition	transitivity
47	11	3	1	144	2160	embedded	direct	true	fail	found	subgroup_classes_full_aut
47	13	3	0	144	1008	no_embedding	direct	true	fail	weak_fingerprint	filter
47	14	3	0	144	1008	no_embedding	direct	true	fail	weak_fingerprint	filter
47	16	3	1	144	720	embedded	direct	true	fail	literal_matrix_subgroup	literal_matrix_subgroup
47	19	3	1	144	432	no_embedding	direct	true	fail	derived_series	filter
47	20	3	1	144	144	no_embedding	direct	true	fail	element_order_multiset	filter
47	26	3	1	144	432	no_embedding	direct	true	fail	weak_fingerprint	filter
47	27	3	2	144	432	embedded	direct	true	fail	found	A_strict
47	28	3	1	144	1296	embedded	direct	true	fail	found	A_strict
47	46	3	2	144	144	no_embedding	direct	true	fail	weak_fingerprint	filter
47	93	3	1	144	144	no_embedding	direct	true	fail	element_order_multiset	filter
47	96	3	0	144	432	no_embedding	direct	true	fail	element_order_multiset	filter
47	156	3	0	144	144	no_embedding	direct	true	fail	element_order_multiset	filter
48	1	3	0	24	524880	no_embedding	direct	true	fail	no_abstract_subgroup	subgroup_classes_full_aut
48	2	3	0	24	7560	no_embedding	direct	true	fail	no_abstract_subgroup	subgroup_classes_full_aut
48	3	3	0	24	15120	no_embedding	direct	true	fail	no_abstract_subgroup	subgroup_classes_full_aut
48	4	3	0	24	23328	embedded	transitive	false	17	verified_witness_composition	transitivity
48	5	3	0	24	2160	embedded	transitive	false	17	verified_witness_composition	transitivity
48	6	3	0	24	2160	embedded	transitive	false	17	verified_witness_composition	transitivity
48	8	3	0	24	6480	no_embedding	direct	true	fail	no_abstract_subgroup	subgroup_classes_full_aut
48	9	3	1	24	5832	no_embedding	direct	true	fail	no_abstract_subgroup	subgroup_classes_full_aut
48	10	3	1	24	1080	no_embedding	direct	true	fail	exhaustive_abstract_subgroup_filter	SmallGroups
48	11	3	1	24	2160	no_embedding	direct	true	fail	no_abstract_subgroup	subgroup_classes_full_aut
48	12	3	1	24	504	no_embedding	direct	true	fail	exhaustive_abstract_subgroup_filter	SmallGroups
48	13	3	0	24	1008	no_embedding	direct	true	fail	exhaustive_abstract_subgroup_filter	SmallGroups
48	14	3	0	24	1008	no_embedding	direct	true	fail	exhaustive_abstract_subgroup_filter	SmallGroups
48	15	3	1	24	360	no_embedding	direct	true	fail	exhaustive_abstract_subgroup_filter	SmallGroups
48	16	3	1	24	720	no_embedding	direct	true	fail	exhaustive_abstract_subgroup_filter	SmallGroups
48	17	3	1	24	216	embedded	direct	true	fail	found	A_strict
48	18	3	0	24	648	embedded	direct	true	fail	found	A_strict
48	19	3	1	24	432	no_embedding	direct	true	fail	exhaustive_abstract_subgroup_filter	SmallGroups
48	20	3	1	24	144	embedded	direct	true	fail	literal_generator_sublist	literal_generator_sublist
48	22	3	1	24	5832	no_embedding	direct	true	fail	derived_series	filter
48	24	3	0	24	17496	no_embedding	direct	true	fail	derived_series	filter
48	25	3	2	24	216	no_embedding	direct	true	fail	exhaustive_abstract_subgroup_filter	SmallGroups
48	26	3	1	24	432	no_embedding	direct	true	fail	exhaustive_abstract_subgroup_filter	SmallGroups
48	27	3	2	24	432	no_embedding	direct	true	fail	exhaustive_abstract_subgroup_filter	SmallGroups
48	28	3	1	24	1296	no_embedding	direct	true	fail	exhaustive_abstract_subgroup_filter	SmallGroups
48	31	3	2	24	360	no_embedding	direct	true	fail	exhaustive_abstract_subgroup_filter	SmallGroups
48	32	3	1	24	1080	no_embedding	direct	true	fail	exhaustive_abstract_subgroup_filter	SmallGroups
48	34	3	2	24	216	no_embedding	direct	true	fail	exhaustive_abstract_subgroup_filter	SmallGroups
48	35	3	2	24	216	no_embedding	direct	true	fail	exhaustive_abstract_subgroup_filter	SmallGroups
48	36	3	1	24	648	no_embedding	direct	true	fail	exhaustive_abstract_subgroup_filter	SmallGroups
48	37	3	2	24	216	no_embedding	direct	true	fail	exhaustive_abstract_subgroup_filter	SmallGroups
48	38	3	1	24	648	no_embedding	direct	true	fail	exhaustive_abstract_subgroup_filter	SmallGroups
48	43	3	2	24	48	embedded	direct	true	fail	found	A_strict
48	44	3	1	24	96	embedded	direct	true	fail	found	A_strict
48	46	3	2	24	144	no_embedding	direct	true	fail	exhaustive_abstract_subgroup_filter	SmallGroups
48	49	3	2	24	48	embedded	direct	true	fail	literal_generator_sublist	literal_generator_sublist
48	50	3	1	24	72	embedded	direct	true	fail	literal_generator_sublist	literal_generator_sublist
48	51	3	1	24	96	embedded	direct	true	fail	literal_generator_sublist	literal_generator_sublist
48	59	3	2	24	72	no_embedding	direct	true	fail	exhaustive_abstract_subgroup_filter	SmallGroups
48	60	3	2	24	72	no_embedding	direct	true	fail	exhaustive_abstract_subgroup_filter	SmallGroups
48	62	3	1	24	216	no_embedding	direct	true	fail	exhaustive_abstract_subgroup_filter	SmallGroups
48	64	3	2	24	216	no_embedding	direct	true	fail	exhaustive_abstract_subgroup_filter	SmallGroups
48	69	3	2	24	216	no_embedding	direct	true	fail	exhaustive_abstract_subgroup_filter	SmallGroups
48	76	3	2	24	48	no_embedding	direct	true	fail	exhaustive_abstract_subgroup_filter	SmallGroups
48	81	3	2	24	48	no_embedding	direct	true	fail	exhaustive_abstract_subgroup_filter	SmallGroups
48	82	3	2	24	48	no_embedding	direct	true	fail	exhaustive_abstract_subgroup_filter	SmallGroups
48	93	3	1	24	144	no_embedding	direct	true	fail	exhaustive_abstract_subgroup_filter	SmallGroups
48	94	3	1	24	216	no_embedding	direct	true	fail	exhaustive_abstract_subgroup_filter	SmallGroups
48	95	3	1	24	216	no_embedding	direct	true	fail	exhaustive_abstract_subgroup_filter	SmallGroups
48	96	3	0	24	432	no_embedding	direct	true	fail	exhaustive_abstract_subgroup_filter	SmallGroups
48	104	3	2	24	72	no_embedding	direct	true	fail	exhaustive_abstract_subgroup_filter	SmallGroups
48	105	3	2	24	72	no_embedding	direct	true	fail	exhaustive_abstract_subgroup_filter	SmallGroups
48	129	3	2	24	48	no_embedding	direct	true	fail	exhaustive_abstract_subgroup_filter	SmallGroups
48	130	3	2	24	72	no_embedding	direct	true	fail	exhaustive_abstract_subgroup_filter	SmallGroups
48	131	3	1	24	72	no_embedding	direct	true	fail	exhaustive_abstract_subgroup_filter	SmallGroups
48	151	3	1	24	48	no_embedding	direct	true	fail	exhaustive_abstract_subgroup_filter	SmallGroups
48	152	3	1	24	48	no_embedding	direct	true	fail	exhaustive_abstract_subgroup_filter	SmallGroups
48	153	3	1	24	72	no_embedding	direct	true	fail	exhaustive_abstract_subgroup_filter	SmallGroups
48	154	3	1	24	72	no_embedding	direct	true	fail	exhaustive_abstract_subgroup_filter	SmallGroups
48	155	3	0	24	96	no_embedding	direct	true	fail	exhaustive_abstract_subgroup_filter	SmallGroups
48	156	3	0	24	144	no_embedding	direct	true	fail	exhaustive_abstract_subgroup_filter	SmallGroups
49	1	2	0	48	524880	no_embedding	direct	true	fail	weak_fingerprint	filter
49	3	2	0	48	15120	no_embedding	direct	true	fail	weak_fingerprint	filter
49	4	2	0	48	23328	embedded	transitive	false	51	verified_witness_composition	transitivity
49	5	2	0	48	2160	no_embedding	direct	true	fail	weak_fingerprint	filter
49	6	2	0	48	2160	no_embedding	direct	true	fail	weak_fingerprint	filter
49	8	2	0	48	6480	no_embedding	direct	true	fail	weak_fingerprint	filter
49	11	2	1	48	2160	no_embedding	direct	true	fail	weak_fingerprint	filter
49	13	2	0	48	1008	no_embedding	direct	true	fail	weak_fingerprint	filter
49	14	2	0	48	1008	no_embedding	direct	true	fail	weak_fingerprint	filter
49	16	2	1	48	720	no_embedding	direct	true	fail	weak_fingerprint	filter
49	19	2	1	48	432	no_embedding	direct	true	fail	weak_fingerprint	filter
49	20	2	1	48	144	no_embedding	direct	true	fail	element_order_multiset	filter
49	26	2	1	48	432	no_embedding	direct	true	fail	weak_fingerprint	filter
49	28	2	1	48	1296	no_embedding	direct	true	fail	weak_fingerprint	filter
49	44	2	1	48	96	embedded	direct	true	fail	found	A_strict
49	51	2	1	48	96	embedded	direct	true	fail	literal_matrix_subgroup	literal_matrix_subgroup
49	93	2	1	48	144	no_embedding	direct	true	fail	derived_series	filter
49	96	2	0	48	432	no_embedding	direct	true	fail	derived_series	filter
49	151	2	1	48	48	no_embedding	direct	true	fail	element_order_multiset	filter
49	152	2	1	48	48	no_embedding	direct	true	fail	element_order_multiset	filter
49	155	2	0	48	96	no_embedding	direct	true	fail	element_order_multiset	filter
49	156	2	0	48	144	no_embedding	direct	true	fail	element_order_multiset	filter
50	1	1	0	72	524880	no_embedding	direct	true	fail	no_abstract_subgroup	subgroup_classes_full_aut
50	2	1	0	72	7560	no_embedding	direct	true	fail	weak_fingerprint	filter
50	3	1	0	72	15120	no_embedding	direct	true	fail	weak_fingerprint	filter
50	4	1	0	72	23328	no_embedding	direct	true	fail	derived_series	filter
50	5	1	0	72	2160	no_embedding	direct	true	fail	weak_fingerprint	filter
50	6	1	0	72	2160	no_embedding	direct	true	fail	weak_fingerprint	filter
50	8	1	0	72	6480	no_embedding	direct	true	fail	no_abstract_subgroup	subgroup_classes_full_aut
50	13	1	0	72	1008	no_embedding	direct	true	fail	exhaustive_abstract_subgroup_filter	SmallGroups
50	14	1	0	72	1008	no_embedding	direct	true	fail	exhaustive_abstract_subgroup_filter	SmallGroups
50	18	1	0	72	648	embedded	direct	true	fail	found	A_strict
50	24	1	0	72	17496	no_embedding	direct	true	fail	derived_series	filter
50	96	1	0	72	432	no_embedding	direct	true	fail	exhaustive_abstract_subgroup_filter	SmallGroups
50	156	1	0	72	144	no_embedding	direct	true	fail	exhaustive_abstract_subgroup_filter	SmallGroups
51	4	1	0	96	23328	embedded	direct	true	fail	found	subgroup_classes_full_aut
51	155	1	0	96	96	no_embedding	direct	true	fail	exhaustive_abstract_subgroup_filter	SmallGroups
52	1	4	0	54	524880	embedded	transitive	false	9	verified_witness_composition	transitivity
52	2	4	0	54	7560	embedded	transitive	false	10	verified_witness_composition	transitivity
52	3	4	0	54	15120	no_embedding	direct	true	fail	no_abstract_subgroup	subgroup_classes_full_aut
52	4	4	0	54	23328	embedded	transitive	false	9	verified_witness_composition	transitivity
52	5	4	0	54	2160	embedded	transitive	false	10	verified_witness_composition	transitivity
52	6	4	0	54	2160	embedded	transitive	false	10	verified_witness_composition	transitivity
52	7	4	0	54	5940	no_embedding	direct	true	fail	no_abstract_subgroup	subgroup_classes_full_aut
52	8	4	0	54	6480	no_embedding	direct	true	fail	no_abstract_subgroup	subgroup_classes_full_aut
52	9	4	1	54	5832	embedded	transitive	false	21	verified_witness_composition	transitivity
52	10	4	1	54	1080	embedded	direct	true	fail	found	A_strict
52	11	4	1	54	2160	no_embedding	direct	true	fail	no_abstract_subgroup	subgroup_classes_full_aut
52	17	4	1	54	216	embedded	direct	true	fail	literal_matrix_subgroup	literal_matrix_subgroup
52	18	4	0	54	648	embedded	direct	true	fail	literal_matrix_subgroup	literal_matrix_subgroup
52	19	4	1	54	432	no_embedding	direct	true	fail	exhaustive_abstract_subgroup_filter	SmallGroups
52	21	4	2	54	2916	embedded	direct	true	fail	literal_matrix_subgroup	literal_matrix_subgroup
52	22	4	1	54	5832	embedded	transitive	false	21	verified_witness_composition	transitivity
52	23	4	1	54	8748	embedded	transitive	false	21	verified_witness_composition	transitivity
52	24	4	0	54	17496	embedded	transitive	false	22	verified_witness_composition	transitivity
52	25	4	2	54	216	embedded	direct	true	fail	found	A_strict
52	26	4	1	54	432	embedded	direct	true	fail	found	A_strict
52	27	4	2	54	432	no_embedding	direct	true	fail	exhaustive_abstract_subgroup_filter	SmallGroups
52	28	4	1	54	1296	no_embedding	direct	true	fail	exhaustive_abstract_subgroup_filter	SmallGroups
52	30	4	1	54	540	no_embedding	direct	true	fail	exhaustive_abstract_subgroup_filter	SmallGroups
52	32	4	1	54	1080	no_embedding	direct	true	fail	exhaustive_abstract_subgroup_filter	SmallGroups
52	33	4	2	54	108	embedded	direct	true	fail	literal_matrix_subgroup	literal_matrix_subgroup
52	34	4	2	54	216	no_embedding	direct	true	fail	exhaustive_abstract_subgroup_filter	SmallGroups
52	35	4	2	54	216	no_embedding	direct	true	fail	exhaustive_abstract_subgroup_filter	SmallGroups
52	36	4	1	54	648	no_embedding	direct	true	fail	exhaustive_abstract_subgroup_filter	SmallGroups
52	37	4	2	54	216	no_embedding	direct	true	fail	exhaustive_abstract_subgroup_filter	SmallGroups
52	38	4	1	54	648	no_embedding	direct	true	fail	exhaustive_abstract_subgroup_filter	SmallGroups
52	41	4	0	54	378	no_embedding	direct	true	fail	exhaustive_abstract_subgroup_filter	SmallGroups
52	53	4	2	54	108	embedded	direct	true	fail	literal_matrix_subgroup	literal_matrix_subgroup
52	54	4	1	54	162	embedded	direct	true	fail	literal_matrix_subgroup	literal_matrix_subgroup
52	56	4	2	54	324	no_embedding	direct	true	fail	exhaustive_abstract_subgroup_filter	SmallGroups
52	57	4	2	54	324	no_embedding	direct	true	fail	exhaustive_abstract_subgroup_filter	SmallGroups
52	61	4	2	54	108	no_embedding	direct	true	fail	exhaustive_abstract_subgroup_filter	SmallGroups
52	62	4	1	54	216	no_embedding	direct	true	fail	exhaustive_abstract_subgroup_filter	SmallGroups
52	64	4	2	54	216	no_embedding	direct	true	fail	exhaustive_abstract_subgroup_filter	SmallGroups
52	67	4	2	54	108	no_embedding	direct	true	fail	exhaustive_abstract_subgroup_filter	SmallGroups
52	69	4	2	54	216	no_embedding	direct	true	fail	exhaustive_abstract_subgroup_filter	SmallGroups
52	86	4	3	54	54	no_embedding	direct	true	fail	exhaustive_abstract_subgroup_filter	SmallGroups
52	87	4	2	54	54	no_embedding	direct	true	fail	exhaustive_abstract_subgroup_filter	SmallGroups
52	90	4	3	54	108	no_embedding	direct	true	fail	exhaustive_abstract_subgroup_filter	SmallGroups
52	91	4	3	54	108	no_embedding	direct	true	fail	exhaustive_abstract_subgroup_filter	SmallGroups
52	92	4	2	54	108	no_embedding	direct	true	fail	exhaustive_abstract_subgroup_filter	SmallGroups
52	94	4	1	54	216	no_embedding	direct	true	fail	exhaustive_abstract_subgroup_filter	SmallGroups
52	95	4	1	54	216	no_embedding	direct	true	fail	exhaustive_abstract_subgroup_filter	SmallGroups
52	96	4	0	54	432	no_embedding	direct	true	fail	exhaustive_abstract_subgroup_filter	SmallGroups
52	113	4	2	54	54	no_embedding	direct	true	fail	exhaustive_abstract_subgroup_filter	SmallGroups
52	114	4	1	54	54	no_embedding	direct	true	fail	exhaustive_abstract_subgroup_filter	SmallGroups
52	118	4	3	54	54	no_embedding	direct	true	fail	exhaustive_abstract_subgroup_filter	SmallGroups
53	1	2	0	108	524880	embedded	transitive	false	9	verified_witness_composition	transitivity
53	2	2	0	108	7560	no_embedding	direct	true	fail	weak_fingerprint	filter
53	3	2	0	108	15120	no_embedding	direct	true	fail	no_abstract_subgroup	subgroup_classes_full_aut
53	4	2	0	108	23328	embedded	transitive	false	9	verified_witness_composition	transitivity
53	5	2	0	108	2160	no_embedding	direct	true	fail	weak_fingerprint	filter
53	6	2	0	108	2160	no_embedding	direct	true	fail	weak_fingerprint	filter
53	7	2	0	108	5940	no_embedding	direct	true	fail	weak_fingerprint	filter
53	8	2	0	108	6480	no_embedding	direct	true	fail	strong_fingerprint	filter
53	9	2	1	108	5832	embedded	direct	true	fail	found	subgroup_classes_full_aut
53	10	2	1	108	1080	no_embedding	direct	true	fail	exhaustive_abstract_subgroup_filter	SmallGroups
53	11	2	1	108	2160	no_embedding	direct	true	fail	no_abstract_subgroup	subgroup_classes_full_aut
53	17	2	1	108	216	no_embedding	direct	true	fail	exhaustive_abstract_subgroup_filter	SmallGroups
53	18	2	0	108	648	no_embedding	direct	true	fail	exhaustive_abstract_subgroup_filter	SmallGroups
53	19	2	1	108	432	no_embedding	direct	true	fail	exhaustive_abstract_subgroup_filter	SmallGroups
53	22	2	1	108	5832	no_embedding	direct	true	fail	weak_fingerprint	filter
53	23	2	1	108	8748	no_embedding	direct	true	fail	weak_fingerprint	filter
53	24	2	0	108	17496	no_embedding	direct	true	fail	weak_fingerprint	filter
53	26	2	1	108	432	embedded	direct	true	fail	found	A_strict
53	28	2	1	108	1296	no_embedding	direct	true	fail	exhaustive_abstract_subgroup_filter	SmallGroups
53	30	2	1	108	540	no_embedding	direct	true	fail	exhaustive_abstract_subgroup_filter	SmallGroups
53	32	2	1	108	1080	no_embedding	direct	true	fail	exhaustive_abstract_subgroup_filter	SmallGroups
53	36	2	1	108	648	no_embedding	direct	true	fail	exhaustive_abstract_subgroup_filter	SmallGroups
53	38	2	1	108	648	no_embedding	direct	true	fail	exhaustive_abstract_subgroup_filter	SmallGroups
53	62	2	1	108	216	no_embedding	direct	true	fail	exhaustive_abstract_subgroup_filter	SmallGroups
53	94	2	1	108	216	no_embedding	direct	true	fail	exhaustive_abstract_subgroup_filter	SmallGroups
53	95	2	1	108	216	no_embedding	direct	true	fail	exhaustive_abstract_subgroup_filter	SmallGroups
53	96	2	0	108	432	no_embedding	direct	true	fail	exhaustive_abstract_subgroup_filter	SmallGroups
54	1	1	0	162	524880	embedded	direct	true	fail	found	subgroup_classes_full_aut
54	4	1	0	162	23328	no_embedding	direct	true	fail	exponent	filter
54	8	1	0	162	6480	no_embedding	direct	true	fail	exponent	filter
54	18	1	0	162	648	embedded	direct	true	fail	found	A_strict
54	24	1	0	162	17496	no_embedding	direct	true	fail	strong_fingerprint	filter
55	1	4	0	108	524880	embedded	transitive	false	9	verified_witness_composition	transitivity
55	2	4	0	108	7560	no_embedding	direct	true	fail	weak_fingerprint	filter
55	3	4	0	108	15120	embedded	transitive	false	11	verified_witness_composition	transitivity
55	4	4	0	108	23328	embedded	transitive	false	9	verified_witness_composition	transitivity
55	5	4	0	108	2160	no_embedding	direct	true	fail	weak_fingerprint	filter
55	6	4	0	108	2160	no_embedding	direct	true	fail	weak_fingerprint	filter
55	7	4	0	108	5940	no_embedding	direct	true	fail	weak_fingerprint	filter
55	8	4	0	108	6480	embedded	transitive	false	28	verified_witness_composition	transitivity
55	9	4	1	108	5832	embedded	transitive	false	21	verified_witness_composition	transitivity
55	10	4	1	108	1080	no_embedding	direct	true	fail	exhaustive_abstract_subgroup_filter	SmallGroups
55	11	4	1	108	2160	embedded	transitive	false	34	verified_witness_composition	transitivity
55	17	4	1	108	216	no_embedding	direct	true	fail	exhaustive_abstract_subgroup_filter	SmallGroups
55	18	4	0	108	648	no_embedding	direct	true	fail	exhaustive_abstract_subgroup_filter	SmallGroups
55	19	4	1	108	432	embedded	direct	true	fail	literal_matrix_subgroup	literal_matrix_subgroup
55	21	4	2	108	2916	embedded	direct	true	fail	literal_matrix_subgroup	literal_matrix_subgroup
55	22	4	1	108	5832	embedded	transitive	false	21	verified_witness_composition	transitivity
55	23	4	1	108	8748	embedded	transitive	false	21	verified_witness_composition	transitivity
55	24	4	0	108	17496	embedded	transitive	false	22	verified_witness_composition	transitivity
55	25	4	2	108	216	no_embedding	direct	true	fail	exhaustive_abstract_subgroup_filter	SmallGroups
55	26	4	1	108	432	no_embedding	direct	true	fail	exhaustive_abstract_subgroup_filter	SmallGroups
55	27	4	2	108	432	embedded	direct	true	fail	found	A_strict
55	28	4	1	108	1296	embedded	direct	true	fail	found	A_strict
55	30	4	1	108	540	no_embedding	direct	true	fail	exhaustive_abstract_subgroup_filter	SmallGroups
55	32	4	1	108	1080	no_embedding	direct	true	fail	exhaustive_abstract_subgroup_filter	SmallGroups
55	33	4	2	108	108	no_embedding	direct	true	fail	exhaustive_abstract_subgroup_filter	SmallGroups
55	34	4	2	108	216	embedded	direct	true	fail	literal_matrix_subgroup	literal_matrix_subgroup
55	35	4	2	108	216	embedded	direct	true	fail	literal_matrix_subgroup	literal_matrix_subgroup
55	36	4	1	108	648	embedded	direct	true	fail	literal_matrix_subgroup	literal_matrix_subgroup
55	37	4	2	108	216	embedded	direct	true	fail	found	A_strict
55	38	4	1	108	648	embedded	direct	true	fail	found	A_strict
55	53	4	2	108	108	no_embedding	direct	true	fail	exhaustive_abstract_subgroup_filter	SmallGroups
55	56	4	2	108	324	embedded	direct	true	fail	literal_matrix_subgroup	literal_matrix_subgroup
55	57	4	2	108	324	embedded	direct	true	fail	literal_matrix_subgroup	literal_matrix_subgroup
55	61	4	2	108	108	no_embedding	direct	true	fail	exhaustive_abstract_subgroup_filter	SmallGroups
55	62	4	1	108	216	no_embedding	direct	true	fail	exhaustive_abstract_subgroup_filter	SmallGroups
55	64	4	2	108	216	no_embedding	direct	true	fail	exhaustive_abstract_subgroup_filter	SmallGroups
55	67	4	2	108	108	no_embedding	direct	true	fail	exhaustive_abstract_subgroup_filter	SmallGroups
55	69	4	2	108	216	no_embedding	direct	true	fail	exhaustive_abstract_subgroup_filter	SmallGroups
55	90	4	3	108	108	no_embedding	direct	true	fail	exhaustive_abstract_subgroup_filter	SmallGroups
55	91	4	3	108	108	no_embedding	direct	true	fail	exhaustive_abstract_subgroup_filter	SmallGroups
55	92	4	2	108	108	no_embedding	direct	true	fail	exhaustive_abstract_subgroup_filter	SmallGroups
55	94	4	1	108	216	no_embedding	direct	true	fail	exhaustive_abstract_subgroup_filter	SmallGroups
55	95	4	1	108	216	no_embedding	direct	true	fail	exhaustive_abstract_subgroup_filter	SmallGroups
55	96	4	0	108	432	no_embedding	direct	true	fail	exhaustive_abstract_subgroup_filter	SmallGroups
56	1	2	0	324	524880	embedded	transitive	false	23	verified_witness_composition	transitivity
56	4	2	0	324	23328	no_embedding	direct	true	fail	weak_fingerprint	filter
56	8	2	0	324	6480	embedded	transitive	false	28	verified_witness_composition	transitivity
56	9	2	1	324	5832	no_embedding	direct	true	fail	weak_fingerprint	filter
56	18	2	0	324	648	no_embedding	direct	true	fail	exhaustive_abstract_subgroup_filter	SmallGroups
56	22	2	1	324	5832	no_embedding	direct	true	fail	weak_fingerprint	filter
56	23	2	1	324	8748	embedded	direct	true	fail	found	subgroup_classes_full_aut
56	24	2	0	324	17496	embedded	transitive	false	23	verified_witness_composition	transitivity
56	28	2	1	324	1296	embedded	direct	true	fail	found	A_strict
56	36	2	1	324	648	embedded	direct	true	fail	found	A_strict
56	38	2	1	324	648	no_embedding	direct	true	fail	weak_fingerprint	filter
57	1	2	0	324	524880	embedded	transitive	false	23	verified_witness_composition	transitivity
57	4	2	0	324	23328	no_embedding	direct	true	fail	weak_fingerprint	filter
57	8	2	0	324	6480	no_embedding	direct	true	fail	exhausted_subgroup_classes_and_twists	subgroup_classes_full_aut
57	9	2	1	324	5832	no_embedding	direct	true	fail	weak_fingerprint	filter
57	18	2	0	324	648	no_embedding	direct	true	fail	exhaustive_abstract_subgroup_filter	SmallGroups
57	22	2	1	324	5832	no_embedding	direct	true	fail	weak_fingerprint	filter
57	23	2	1	324	8748	embedded	direct	true	fail	found	subgroup_classes_full_aut
57	24	2	0	324	17496	embedded	transitive	false	23	verified_witness_composition	transitivity
57	28	2	1	324	1296	no_embedding	direct	true	fail	weak_fingerprint	filter
57	36	2	1	324	648	no_embedding	direct	true	fail	weak_fingerprint	filter
57	38	2	1	324	648	embedded	direct	true	fail	found	A_strict
58	1	4	0	36	524880	embedded	transitive	false	19	verified_witness_composition	transitivity
58	2	4	0	36	7560	embedded	transitive	false	15	verified_witness_composition	transitivity
58	3	4	0	36	15120	no_embedding	direct	true	fail	weak_fingerprint	filter
58	4	4	0	36	23328	no_embedding	direct	true	fail	weak_fingerprint	filter
58	5	4	0	36	2160	no_embedding	direct	true	fail	weak_fingerprint	filter
58	6	4	0	36	2160	no_embedding	direct	true	fail	weak_fingerprint	filter
58	7	4	0	36	5940	embedded	transitive	false	61	verified_witness_composition	transitivity
58	8	4	0	36	6480	no_embedding	direct	true	fail	weak_fingerprint	filter
58	9	4	1	36	5832	no_embedding	direct	true	fail	weak_fingerprint	filter
58	10	4	1	36	1080	no_embedding	direct	true	fail	exhaustive_abstract_subgroup_filter	SmallGroups
58	11	4	1	36	2160	no_embedding	direct	true	fail	weak_fingerprint	filter
58	12	4	1	36	504	no_embedding	direct	true	fail	exhaustive_abstract_subgroup_filter	SmallGroups
58	13	4	0	36	1008	no_embedding	direct	true	fail	weak_fingerprint	filter
58	14	4	0	36	1008	no_embedding	direct	true	fail	weak_fingerprint	filter
58	15	4	1	36	360	embedded	direct	true	fail	found	A_strict
58	16	4	1	36	720	no_embedding	direct	true	fail	weak_fingerprint	filter
58	17	4	1	36	216	no_embedding	direct	true	fail	exhaustive_abstract_subgroup_filter	SmallGroups
58	18	4	0	36	648	no_embedding	direct	true	fail	exhaustive_abstract_subgroup_filter	SmallGroups
58	19	4	1	36	432	embedded	direct	true	fail	found	A_strict
58	20	4	1	36	144	embedded	direct	true	fail	found	A_strict
58	21	4	2	36	2916	no_embedding	direct	true	fail	weak_fingerprint	filter
58	22	4	1	36	5832	no_embedding	direct	true	fail	weak_fingerprint	filter
58	23	4	1	36	8748	no_embedding	direct	true	fail	weak_fingerprint	filter
58	24	4	0	36	17496	no_embedding	direct	true	fail	weak_fingerprint	filter
58	25	4	2	36	216	embedded	direct	true	fail	found	A_strict
58	26	4	1	36	432	embedded	direct	true	fail	found	A_strict
58	27	4	2	36	432	no_embedding	direct	true	fail	weak_fingerprint	filter
58	28	4	1	36	1296	no_embedding	direct	true	fail	weak_fingerprint	filter
58	29	4	2	36	180	no_embedding	direct	true	fail	exhaustive_abstract_subgroup_filter	SmallGroups
58	30	4	1	36	540	no_embedding	direct	true	fail	exhaustive_abstract_subgroup_filter	SmallGroups
58	31	4	2	36	360	no_embedding	direct	true	fail	weak_fingerprint	filter
58	32	4	1	36	1080	no_embedding	direct	true	fail	weak_fingerprint	filter
58	33	4	2	36	108	no_embedding	direct	true	fail	exhaustive_abstract_subgroup_filter	SmallGroups
58	34	4	2	36	216	no_embedding	direct	true	fail	weak_fingerprint	filter
58	35	4	2	36	216	no_embedding	direct	true	fail	weak_fingerprint	filter
58	36	4	1	36	648	no_embedding	direct	true	fail	weak_fingerprint	filter
58	37	4	2	36	216	embedded	direct	true	fail	found	A_strict
58	38	4	1	36	648	embedded	direct	true	fail	found	A_strict
58	45	4	3	36	72	no_embedding	direct	true	fail	exhaustive_abstract_subgroup_filter	SmallGroups
58	46	4	2	36	144	no_embedding	direct	true	fail	weak_fingerprint	filter
58	47	4	3	36	144	no_embedding	direct	true	fail	weak_fingerprint	filter
58	50	4	1	36	72	no_embedding	direct	true	fail	exhaustive_abstract_subgroup_filter	SmallGroups
58	53	4	2	36	108	no_embedding	direct	true	fail	weak_fingerprint	filter
58	56	4	2	36	324	no_embedding	direct	true	fail	weak_fingerprint	filter
58	57	4	2	36	324	no_embedding	direct	true	fail	weak_fingerprint	filter
58	59	4	2	36	72	embedded	direct	true	fail	literal_matrix_subgroup	literal_matrix_subgroup
58	60	4	2	36	72	embedded	direct	true	fail	literal_matrix_subgroup	literal_matrix_subgroup
58	61	4	2	36	108	embedded	direct	true	fail	literal_matrix_subgroup	literal_matrix_subgroup
58	62	4	1	36	216	embedded	direct	true	fail	literal_matrix_subgroup	literal_matrix_subgroup
58	64	4	2	36	216	no_embedding	direct	true	fail	weak_fingerprint	filter
58	66	4	3	36	72	no_embedding	direct	true	fail	exhaustive_abstract_subgroup_filter	SmallGroups
58	67	4	2	36	108	no_embedding	direct	true	fail	exhaustive_abstract_subgroup_filter	SmallGroups
58	69	4	2	36	216	no_embedding	direct	true	fail	exhaustive_abstract_subgroup_filter	SmallGroups
58	84	4	3	36	36	no_embedding	direct	true	fail	weak_fingerprint	filter
58	85	4	3	36	36	no_embedding	direct	true	fail	weak_fingerprint	filter
58	89	4	3	36	72	no_embedding	direct	true	fail	weak_fingerprint	filter
58	90	4	3	36	108	no_embedding	direct	true	fail	weak_fingerprint	filter
58	91	4	3	36	108	no_embedding	direct	true	fail	weak_fingerprint	filter
58	92	4	2	36	108	no_embedding	direct	true	fail	weak_fingerprint	filter
58	93	4	1	36	144	no_embedding	direct	true	fail	weak_fingerprint	filter
58	94	4	1	36	216	no_embedding	direct	true	fail	weak_fingerprint	filter
58	95	4	1	36	216	no_embedding	direct	true	fail	weak_fingerprint	filter
58	96	4	0	36	432	no_embedding	direct	true	fail	weak_fingerprint	filter
58	102	4	3	36	36	no_embedding	direct	true	fail	exhaustive_abstract_subgroup_filter	SmallGroups
58	103	4	3	36	72	no_embedding	direct	true	fail	exhaustive_abstract_subgroup_filter	SmallGroups
58	104	4	2	36	72	no_embedding	direct	true	fail	exhaustive_abstract_subgroup_filter	SmallGroups
58	105	4	2	36	72	no_embedding	direct	true	fail	exhaustive_abstract_subgroup_filter	SmallGroups
58	128	4	3	36	36	no_embedding	direct	true	fail	exhaustive_abstract_subgroup_filter	SmallGroups
58	130	4	2	36	72	no_embedding	direct	true	fail	exhaustive_abstract_subgroup_filter	SmallGroups
58	131	4	1	36	72	no_embedding	direct	true	fail	exhaustive_abstract_subgroup_filter	SmallGroups
58	147	4	3	36	36	no_embedding	direct	true	fail	exhaustive_abstract_subgroup_filter	SmallGroups
58	148	4	3	36	36	no_embedding	direct	true	fail	exhaustive_abstract_subgroup_filter	SmallGroups
58	149	4	2	36	36	no_embedding	direct	true	fail	exhaustive_abstract_subgroup_filter	SmallGroups
58	150	4	2	36	36	no_embedding	direct	true	fail	exhaustive_abstract_subgroup_filter	SmallGroups
58	153	4	1	36	72	no_embedding	direct	true	fail	exhaustive_abstract_subgroup_filter	SmallGroups
58	154	4	1	36	72	no_embedding	direct	true	fail	exhaustive_abstract_subgroup_filter	SmallGroups
58	156	4	0	36	144	no_embedding	direct	true	fail	exhaustive_abstract_subgroup_filter	SmallGroups
59	1	2	0	72	524880	embedded	transitive	false	26	verified_witness_composition	transitivity
59	2	2	0	72	7560	no_embedding	direct	true	fail	weak_fingerprint	filter
59	3	2	0	72	15120	no_embedding	direct	true	fail	weak_fingerprint	filter
59	4	2	0	72	23328	no_embedding	direct	true	fail	weak_fingerprint	filter
59	5	2	0	72	2160	no_embedding	direct	true	fail	weak_fingerprint	filter
59	6	2	0	72	2160	no_embedding	direct	true	fail	weak_fingerprint	filter
59	8	2	0	72	6480	no_embedding	direct	true	fail	weak_fingerprint	filter
59	9	2	1	72	5832	no_embedding	direct	true	fail	weak_fingerprint	filter
59	10	2	1	72	1080	no_embedding	direct	true	fail	exhaustive_abstract_subgroup_filter	SmallGroups
59	11	2	1	72	2160	no_embedding	direct	true	fail	weak_fingerprint	filter
59	12	2	1	72	504	no_embedding	direct	true	fail	exhaustive_abstract_subgroup_filter	SmallGroups
59	13	2	0	72	1008	no_embedding	direct	true	fail	exhaustive_abstract_subgroup_filter	SmallGroups
59	14	2	0	72	1008	no_embedding	direct	true	fail	exhaustive_abstract_subgroup_filter	SmallGroups
59	15	2	1	72	360	no_embedding	direct	true	fail	exhaustive_abstract_subgroup_filter	SmallGroups
59	16	2	1	72	720	no_embedding	direct	true	fail	exhaustive_abstract_subgroup_filter	SmallGroups
59	17	2	1	72	216	no_embedding	direct	true	fail	exhaustive_abstract_subgroup_filter	SmallGroups
59	18	2	0	72	648	no_embedding	direct	true	fail	exhaustive_abstract_subgroup_filter	SmallGroups
59	19	2	1	72	432	no_embedding	direct	true	fail	exhaustive_abstract_subgroup_filter	SmallGroups
59	20	2	1	72	144	no_embedding	direct	true	fail	exhaustive_abstract_subgroup_filter	SmallGroups
59	22	2	1	72	5832	no_embedding	direct	true	fail	derived_series	filter
59	24	2	0	72	17496	no_embedding	direct	true	fail	derived_series	filter
59	26	2	1	72	432	embedded	direct	true	fail	found	A_strict
59	28	2	1	72	1296	no_embedding	direct	true	fail	weak_fingerprint	filter
59	32	2	1	72	1080	no_embedding	direct	true	fail	exhaustive_abstract_subgroup_filter	SmallGroups
59	36	2	1	72	648	no_embedding	direct	true	fail	exhaustive_abstract_subgroup_filter	SmallGroups
59	38	2	1	72	648	no_embedding	direct	true	fail	exhaustive_abstract_subgroup_filter	SmallGroups
59	50	2	1	72	72	no_embedding	direct	true	fail	exhaustive_abstract_subgroup_filter	SmallGroups
59	62	2	1	72	216	embedded	direct	true	fail	literal_matrix_subgroup	literal_matrix_subgroup
59	93	2	1	72	144	no_embedding	direct	true	fail	exhaustive_abstract_subgroup_filter	SmallGroups
59	94	2	1	72	216	no_embedding	direct	true	fail	exhaustive_abstract_subgroup_filter	SmallGroups
59	95	2	1	72	216	no_embedding	direct	true	fail	exhaustive_abstract_subgroup_filter	SmallGroups
59	96	2	0	72	432	no_embedding	direct	true	fail	exhaustive_abstract_subgroup_filter	SmallGroups
59	131	2	1	72	72	no_embedding	direct	true	fail	exhaustive_abstract_subgroup_filter	SmallGroups
59	153	2	1	72	72	no_embedding	direct	true	fail	exhaustive_abstract_subgroup_filter	SmallGroups
59	154	2	1	72	72	no_embedding	direct	true	fail	exhaustive_abstract_subgroup_filter	SmallGroups
59	156	2	0	72	144	no_embedding	direct	true	fail	exhaustive_abstract_subgroup_filter	SmallGroups
60	1	2	0	72	524880	embedded	transitive	false	19	verified_witness_composition	transitivity
60	2	2	0	72	7560	no_embedding	direct	true	fail	weak_fingerprint	filter
60	3	2	0	72	15120	no_embedding	direct	true	fail	weak_fingerprint	filter
60	4	2	0	72	23328	no_embedding	direct	true	fail	weak_fingerprint	filter
60	5	2	0	72	2160	no_embedding	direct	true	fail	weak_fingerprint	filter
60	6	2	0	72	2160	no_embedding	direct	true	fail	weak_fingerprint	filter
60	8	2	0	72	6480	no_embedding	direct	true	fail	weak_fingerprint	filter
60	9	2	1	72	5832	no_embedding	direct	true	fail	weak_fingerprint	filter
60	10	2	1	72	1080	no_embedding	direct	true	fail	exhaustive_abstract_subgroup_filter	SmallGroups
60	11	2	1	72	2160	no_embedding	direct	true	fail	weak_fingerprint	filter
60	12	2	1	72	504	no_embedding	direct	true	fail	exhaustive_abstract_subgroup_filter	SmallGroups
60	13	2	0	72	1008	no_embedding	direct	true	fail	exhaustive_abstract_subgroup_filter	SmallGroups
60	14	2	0	72	1008	no_embedding	direct	true	fail	exhaustive_abstract_subgroup_filter	SmallGroups
60	15	2	1	72	360	no_embedding	direct	true	fail	exhaustive_abstract_subgroup_filter	SmallGroups
60	16	2	1	72	720	no_embedding	direct	true	fail	weak_fingerprint	filter
60	17	2	1	72	216	no_embedding	direct	true	fail	exhaustive_abstract_subgroup_filter	SmallGroups
60	18	2	0	72	648	no_embedding	direct	true	fail	exhaustive_abstract_subgroup_filter	SmallGroups
60	19	2	1	72	432	embedded	direct	true	fail	found	A_strict
60	20	2	1	72	144	no_embedding	direct	true	fail	exhaustive_abstract_subgroup_filter	SmallGroups
60	22	2	1	72	5832	no_embedding	direct	true	fail	weak_fingerprint	filter
60	24	2	0	72	17496	no_embedding	direct	true	fail	weak_fingerprint	filter
60	26	2	1	72	432	embedded	direct	true	fail	found	A_strict
60	28	2	1	72	1296	no_embedding	direct	true	fail	weak_fingerprint	filter
60	32	2	1	72	1080	no_embedding	direct	true	fail	exhaustive_abstract_subgroup_filter	SmallGroups
60	36	2	1	72	648	no_embedding	direct	true	fail	weak_fingerprint	filter
60	38	2	1	72	648	no_embedding	direct	true	fail	exhaustive_abstract_subgroup_filter	SmallGroups
60	50	2	1	72	72	no_embedding	direct	true	fail	exhaustive_abstract_subgroup_filter	SmallGroups
60	62	2	1	72	216	no_embedding	direct	true	fail	exhaustive_abstract_subgroup_filter	SmallGroups
60	93	2	1	72	144	no_embedding	direct	true	fail	exhaustive_abstract_subgroup_filter	SmallGroups
60	94	2	1	72	216	no_embedding	direct	true	fail	exhaustive_abstract_subgroup_filter	SmallGroups
60	95	2	1	72	216	no_embedding	direct	true	fail	exhaustive_abstract_subgroup_filter	SmallGroups
60	96	2	0	72	432	no_embedding	direct	true	fail	exhaustive_abstract_subgroup_filter	SmallGroups
60	131	2	1	72	72	no_embedding	direct	true	fail	exhaustive_abstract_subgroup_filter	SmallGroups
60	153	2	1	72	72	no_embedding	direct	true	fail	exhaustive_abstract_subgroup_filter	SmallGroups
60	154	2	1	72	72	no_embedding	direct	true	fail	exhaustive_abstract_subgroup_filter	SmallGroups
60	156	2	0	72	144	no_embedding	direct	true	fail	exhaustive_abstract_subgroup_filter	SmallGroups
61	1	2	0	108	524880	embedded	transitive	false	38	verified_witness_composition	transitivity
61	2	2	0	108	7560	no_embedding	direct	true	fail	weak_fingerprint	filter
61	3	2	0	108	15120	no_embedding	direct	true	fail	weak_fingerprint	filter
61	4	2	0	108	23328	no_embedding	direct	true	fail	weak_fingerprint	filter
61	5	2	0	108	2160	no_embedding	direct	true	fail	weak_fingerprint	filter
61	6	2	0	108	2160	no_embedding	direct	true	fail	weak_fingerprint	filter
61	7	2	0	108	5940	embedded	direct	true	fail	found	subgroup_classes_full_aut
61	8	2	0	108	6480	no_embedding	direct	true	fail	weak_fingerprint	filter
61	9	2	1	108	5832	no_embedding	direct	true	fail	weak_fingerprint	filter
61	10	2	1	108	1080	no_embedding	direct	true	fail	exhaustive_abstract_subgroup_filter	SmallGroups
61	11	2	1	108	2160	no_embedding	direct	true	fail	weak_fingerprint	filter
61	17	2	1	108	216	no_embedding	direct	true	fail	exhaustive_abstract_subgroup_filter	SmallGroups
61	18	2	0	108	648	no_embedding	direct	true	fail	exhaustive_abstract_subgroup_filter	SmallGroups
61	19	2	1	108	432	no_embedding	direct	true	fail	weak_fingerprint	filter
61	22	2	1	108	5832	no_embedding	direct	true	fail	weak_fingerprint	filter
61	23	2	1	108	8748	no_embedding	direct	true	fail	weak_fingerprint	filter
61	24	2	0	108	17496	no_embedding	direct	true	fail	weak_fingerprint	filter
61	26	2	1	108	432	no_embedding	direct	true	fail	exhaustive_abstract_subgroup_filter	SmallGroups
61	28	2	1	108	1296	no_embedding	direct	true	fail	weak_fingerprint	filter
61	30	2	1	108	540	no_embedding	direct	true	fail	exhaustive_abstract_subgroup_filter	SmallGroups
61	32	2	1	108	1080	no_embedding	direct	true	fail	weak_fingerprint	filter
61	36	2	1	108	648	no_embedding	direct	true	fail	weak_fingerprint	filter
61	38	2	1	108	648	embedded	direct	true	fail	found	A_strict
61	62	2	1	108	216	embedded	direct	true	fail	literal_matrix_subgroup	literal_matrix_subgroup
61	94	2	1	108	216	no_embedding	direct	true	fail	weak_fingerprint	filter
61	95	2	1	108	216	no_embedding	direct	true	fail	weak_fingerprint	filter
61	96	2	0	108	432	no_embedding	direct	true	fail	weak_fingerprint	filter
62	1	1	0	216	524880	embedded	direct	true	fail	found	subgroup_classes_full_aut
62	2	1	0	216	7560	no_embedding	direct	true	fail	weak_fingerprint	filter
62	3	1	0	216	15120	no_embedding	direct	true	fail	weak_fingerprint	filter
62	4	1	0	216	23328	no_embedding	direct	true	fail	weak_fingerprint	filter
62	5	1	0	216	2160	no_embedding	direct	true	fail	element_order_multiset	filter
62	6	1	0	216	2160	no_embedding	direct	true	fail	element_order_multiset	filter
62	8	1	0	216	6480	no_embedding	direct	true	fail	weak_fingerprint	filter
62	18	1	0	216	648	no_embedding	direct	true	fail	exhaustive_abstract_subgroup_filter	SmallGroups
62	24	1	0	216	17496	no_embedding	direct	true	fail	derived_series	filter
62	96	1	0	216	432	no_embedding	direct	true	fail	exhaustive_abstract_subgroup_filter	SmallGroups
63	1	4	0	72	524880	embedded	transitive	false	19	verified_witness_composition	transitivity
63	2	4	0	72	7560	no_embedding	direct	true	fail	weak_fingerprint	filter
63	3	4	0	72	15120	embedded	transitive	false	16	verified_witness_composition	transitivity
63	4	4	0	72	23328	no_embedding	direct	true	fail	strong_fingerprint	filter
63	5	4	0	72	2160	no_embedding	direct	true	fail	weak_fingerprint	filter
63	6	4	0	72	2160	no_embedding	direct	true	fail	weak_fingerprint	filter
63	8	4	0	72	6480	embedded	transitive	false	16	verified_witness_composition	transitivity
63	9	4	1	72	5832	no_embedding	direct	true	fail	strong_fingerprint	filter
63	10	4	1	72	1080	no_embedding	direct	true	fail	exhaustive_abstract_subgroup_filter	SmallGroups
63	11	4	1	72	2160	no_embedding	direct	true	fail	weak_fingerprint	filter
63	12	4	1	72	504	no_embedding	direct	true	fail	exhaustive_abstract_subgroup_filter	SmallGroups
63	13	4	0	72	1008	no_embedding	direct	true	fail	exhaustive_abstract_subgroup_filter	SmallGroups
63	14	4	0	72	1008	no_embedding	direct	true	fail	exhaustive_abstract_subgroup_filter	SmallGroups
63	15	4	1	72	360	no_embedding	direct	true	fail	exhaustive_abstract_subgroup_filter	SmallGroups
63	16	4	1	72	720	embedded	direct	true	fail	found	A_strict
63	17	4	1	72	216	no_embedding	direct	true	fail	exhaustive_abstract_subgroup_filter	SmallGroups
63	18	4	0	72	648	no_embedding	direct	true	fail	exhaustive_abstract_subgroup_filter	SmallGroups
63	19	4	1	72	432	embedded	direct	true	fail	found	A_strict
63	20	4	1	72	144	no_embedding	direct	true	fail	exhaustive_abstract_subgroup_filter	SmallGroups
63	22	4	1	72	5832	no_embedding	direct	true	fail	weak_fingerprint	filter
63	24	4	0	72	17496	no_embedding	direct	true	fail	weak_fingerprint	filter
63	25	4	2	72	216	no_embedding	direct	true	fail	exhaustive_abstract_subgroup_filter	SmallGroups
63	26	4	1	72	432	no_embedding	direct	true	fail	weak_fingerprint	filter
63	27	4	2	72	432	embedded	direct	true	fail	found	A_strict
63	28	4	1	72	1296	embedded	direct	true	fail	found	A_strict
63	31	4	2	72	360	no_embedding	direct	true	fail	exhaustive_abstract_subgroup_filter	SmallGroups
63	32	4	1	72	1080	no_embedding	direct	true	fail	exhaustive_abstract_subgroup_filter	SmallGroups
63	34	4	2	72	216	no_embedding	direct	true	fail	exhaustive_abstract_subgroup_filter	SmallGroups
63	35	4	2	72	216	embedded	direct	true	fail	found	A_strict
63	36	4	1	72	648	embedded	direct	true	fail	found	A_strict
63	37	4	2	72	216	no_embedding	direct	true	fail	exhaustive_abstract_subgroup_filter	SmallGroups
63	38	4	1	72	648	no_embedding	direct	true	fail	exhaustive_abstract_subgroup_filter	SmallGroups
63	45	4	3	72	72	no_embedding	direct	true	fail	exhaustive_abstract_subgroup_filter	SmallGroups
63	46	4	2	72	144	no_embedding	direct	true	fail	exhaustive_abstract_subgroup_filter	SmallGroups
63	47	4	3	72	144	no_embedding	direct	true	fail	exhaustive_abstract_subgroup_filter	SmallGroups
63	50	4	1	72	72	no_embedding	direct	true	fail	exhaustive_abstract_subgroup_filter	SmallGroups
63	59	4	2	72	72	no_embedding	direct	true	fail	exhaustive_abstract_subgroup_filter	SmallGroups
63	60	4	2	72	72	no_embedding	direct	true	fail	weak_fingerprint	filter
63	62	4	1	72	216	no_embedding	direct	true	fail	exhaustive_abstract_subgroup_filter	SmallGroups
63	64	4	2	72	216	embedded	direct	true	fail	literal_matrix_subgroup	literal_matrix_subgroup
63	66	4	3	72	72	no_embedding	direct	true	fail	exhaustive_abstract_subgroup_filter	SmallGroups
63	69	4	2	72	216	no_embedding	direct	true	fail	exhaustive_abstract_subgroup_filter	SmallGroups
63	89	4	3	72	72	no_embedding	direct	true	fail	exhaustive_abstract_subgroup_filter	SmallGroups
63	93	4	1	72	144	no_embedding	direct	true	fail	exhaustive_abstract_subgroup_filter	SmallGroups
63	94	4	1	72	216	no_embedding	direct	true	fail	exhaustive_abstract_subgroup_filter	SmallGroups
63	95	4	1	72	216	no_embedding	direct	true	fail	exhaustive_abstract_subgroup_filter	SmallGroups
63	96	4	0	72	432	no_embedding	direct	true	fail	exhaustive_abstract_subgroup_filter	SmallGroups
63	103	4	3	72	72	no_embedding	direct	true	fail	exhaustive_abstract_subgroup_filter	SmallGroups
63	104	4	2	72	72	no_embedding	direct	true	fail	exhaustive_abstract_subgroup_filter	SmallGroups
63	105	4	2	72	72	no_embedding	direct	true	fail	exhaustive_abstract_subgroup_filter	SmallGroups
63	130	4	2	72	72	no_embedding	direct	true	fail	exhaustive_abstract_subgroup_filter	SmallGroups
63	131	4	1	72	72	no_embedding	direct	true	fail	exhaustive_abstract_subgroup_filter	SmallGroups
63	153	4	1	72	72	no_embedding	direct	true	fail	exhaustive_abstract_subgroup_filter	SmallGroups
63	154	4	1	72	72	no_embedding	direct	true	fail	exhaustive_abstract_subgroup_filter	SmallGroups
63	156	4	0	72	144	no_embedding	direct	true	fail	exhaustive_abstract_subgroup_filter	SmallGroups
64	1	2	0	216	524880	embedded	transitive	false	28	verified_witness_composition	transitivity
64	2	2	0	216	7560	no_embedding	direct	true	fail	weak_fingerprint	filter
64	3	2	0	216	15120	no_embedding	direct	true	fail	weak_fingerprint	filter
64	4	2	0	216	23328	no_embedding	direct	true	fail	weak_fingerprint	filter
64	5	2	0	216	2160	no_embedding	direct	true	fail	element_order_multiset	filter
64	6	2	0	216	2160	no_embedding	direct	true	fail	element_order_multiset	filter
64	8	2	0	216	6480	embedded	transitive	false	28	verified_witness_composition	transitivity
64	9	2	1	216	5832	no_embedding	direct	true	fail	weak_fingerprint	filter
64	10	2	1	216	1080	no_embedding	direct	true	fail	exhaustive_abstract_subgroup_filter	SmallGroups
64	11	2	1	216	2160	no_embedding	direct	true	fail	weak_fingerprint	filter
64	17	2	1	216	216	no_embedding	direct	true	fail	exhaustive_abstract_subgroup_filter	SmallGroups
64	18	2	0	216	648	no_embedding	direct	true	fail	exhaustive_abstract_subgroup_filter	SmallGroups
64	19	2	1	216	432	no_embedding	direct	true	fail	exhaustive_abstract_subgroup_filter	SmallGroups
64	22	2	1	216	5832	no_embedding	direct	true	fail	weak_fingerprint	filter
64	24	2	0	216	17496	no_embedding	direct	true	fail	weak_fingerprint	filter
64	26	2	1	216	432	no_embedding	direct	true	fail	exhaustive_abstract_subgroup_filter	SmallGroups
64	28	2	1	216	1296	embedded	direct	true	fail	found	A_strict
64	32	2	1	216	1080	no_embedding	direct	true	fail	exhaustive_abstract_subgroup_filter	SmallGroups
64	36	2	1	216	648	embedded	direct	true	fail	found	A_strict
64	38	2	1	216	648	no_embedding	direct	true	fail	exhaustive_abstract_subgroup_filter	SmallGroups
64	62	2	1	216	216	no_embedding	direct	true	fail	exhaustive_abstract_subgroup_filter	SmallGroups
64	94	2	1	216	216	no_embedding	direct	true	fail	exhaustive_abstract_subgroup_filter	SmallGroups
64	95	2	1	216	216	no_embedding	direct	true	fail	exhaustive_abstract_subgroup_filter	SmallGroups
64	96	2	0	216	432	no_embedding	direct	true	fail	exhaustive_abstract_subgroup_filter	SmallGroups
65	1	4	0	36	524880	embedded	transitive	false	10	verified_witness_composition	transitivity
65	2	4	0	36	7560	embedded	transitive	false	10	verified_witness_composition	transitivity
65	3	4	0	36	15120	embedded	transitive	false	11	verified_witness_composition	transitivity
65	4	4	0	36	23328	no_embedding	direct	true	fail	no_abstract_subgroup	subgroup_classes_full_aut
65	5	4	0	36	2160	embedded	transitive	false	10	verified_witness_composition	transitivity
65	6	4	0	36	2160	embedded	transitive	false	10	verified_witness_composition	transitivity
65	7	4	0	36	5940	embedded	transitive	false	30	verified_witness_composition	transitivity
65	8	4	0	36	6480	embedded	transitive	false	28	verified_witness_composition	transitivity
65	9	4	1	36	5832	no_embedding	direct	true	fail	derived_series	filter
65	10	4	1	36	1080	embedded	direct	true	fail	found	A_strict
65	11	4	1	36	2160	embedded	transitive	false	29	verified_witness_composition	transitivity
65	12	4	1	36	504	embedded	direct	true	fail	found	A_strict
65	13	4	0	36	1008	embedded	direct	true	fail	found	A_strict
65	14	4	0	36	1008	embedded	direct	true	fail	found	A_strict
65	15	4	1	36	360	embedded	direct	true	fail	found	A_strict
65	16	4	1	36	720	no_embedding	direct	true	fail	weak_fingerprint	filter
65	17	4	1	36	216	no_embedding	direct	true	fail	exhaustive_abstract_subgroup_filter	SmallGroups
65	18	4	0	36	648	no_embedding	direct	true	fail	exhaustive_abstract_subgroup_filter	SmallGroups
65	19	4	1	36	432	no_embedding	direct	true	fail	exhaustive_abstract_subgroup_filter	SmallGroups
65	20	4	1	36	144	no_embedding	direct	true	fail	exhaustive_abstract_subgroup_filter	SmallGroups
65	21	4	2	36	2916	no_embedding	direct	true	fail	derived_series	filter
65	22	4	1	36	5832	no_embedding	direct	true	fail	derived_series	filter
65	23	4	1	36	8748	no_embedding	direct	true	fail	derived_series	filter
65	24	4	0	36	17496	no_embedding	direct	true	fail	derived_series	filter
65	25	4	2	36	216	embedded	direct	true	fail	found	A_strict
65	26	4	1	36	432	embedded	direct	true	fail	found	A_strict
65	27	4	2	36	432	embedded	direct	true	fail	found	A_strict
65	28	4	1	36	1296	embedded	direct	true	fail	found	A_strict
65	29	4	2	36	180	embedded	direct	true	fail	found	A_strict
65	30	4	1	36	540	embedded	direct	true	fail	found	A_strict
65	31	4	2	36	360	no_embedding	direct	true	fail	weak_fingerprint	filter
65	32	4	1	36	1080	no_embedding	direct	true	fail	weak_fingerprint	filter
65	33	4	2	36	108	no_embedding	direct	true	fail	exhaustive_abstract_subgroup_filter	SmallGroups
65	34	4	2	36	216	no_embedding	direct	true	fail	exhaustive_abstract_subgroup_filter	SmallGroups
65	35	4	2	36	216	no_embedding	direct	true	fail	exhaustive_abstract_subgroup_filter	SmallGroups
65	36	4	1	36	648	no_embedding	direct	true	fail	exhaustive_abstract_subgroup_filter	SmallGroups
65	37	4	2	36	216	no_embedding	direct	true	fail	exhaustive_abstract_subgroup_filter	SmallGroups
65	38	4	1	36	648	no_embedding	direct	true	fail	exhaustive_abstract_subgroup_filter	SmallGroups
65	45	4	3	36	72	embedded	direct	true	fail	literal_matrix_subgroup	literal_matrix_subgroup
65	46	4	2	36	144	embedded	direct	true	fail	literal_matrix_subgroup	literal_matrix_subgroup
65	47	4	3	36	144	no_embedding	direct	true	fail	weak_fingerprint	filter
65	50	4	1	36	72	no_embedding	direct	true	fail	exhaustive_abstract_subgroup_filter	SmallGroups
65	53	4	2	36	108	no_embedding	direct	true	fail	exhaustive_abstract_subgroup_filter	SmallGroups
65	56	4	2	36	324	no_embedding	direct	true	fail	exhaustive_abstract_subgroup_filter	SmallGroups
65	57	4	2	36	324	no_embedding	direct	true	fail	exhaustive_abstract_subgroup_filter	SmallGroups
65	59	4	2	36	72	no_embedding	direct	true	fail	exhaustive_abstract_subgroup_filter	SmallGroups
65	60	4	2	36	72	no_embedding	direct	true	fail	exhaustive_abstract_subgroup_filter	SmallGroups
65	61	4	2	36	108	no_embedding	direct	true	fail	exhaustive_abstract_subgroup_filter	SmallGroups
65	62	4	1	36	216	no_embedding	direct	true	fail	exhaustive_abstract_subgroup_filter	SmallGroups
65	64	4	2	36	216	no_embedding	direct	true	fail	exhaustive_abstract_subgroup_filter	SmallGroups
65	66	4	3	36	72	embedded	direct	true	fail	literal_matrix_subgroup	literal_matrix_subgroup
65	67	4	2	36	108	embedded	direct	true	fail	literal_matrix_subgroup	literal_matrix_subgroup
65	69	4	2	36	216	no_embedding	direct	true	fail	weak_fingerprint	filter
65	84	4	3	36	36	no_embedding	direct	true	fail	exhaustive_abstract_subgroup_filter	SmallGroups
65	85	4	3	36	36	no_embedding	direct	true	fail	exhaustive_abstract_subgroup_filter	SmallGroups
65	89	4	3	36	72	no_embedding	direct	true	fail	exhaustive_abstract_subgroup_filter	SmallGroups
65	90	4	3	36	108	no_embedding	direct	true	fail	exhaustive_abstract_subgroup_filter	SmallGroups
65	91	4	3	36	108	no_embedding	direct	true	fail	exhaustive_abstract_subgroup_filter	SmallGroups
65	92	4	2	36	108	no_embedding	direct	true	fail	exhaustive_abstract_subgroup_filter	SmallGroups
65	93	4	1	36	144	no_embedding	direct	true	fail	exhaustive_abstract_subgroup_filter	SmallGroups
65	94	4	1	36	216	no_embedding	direct	true	fail	exhaustive_abstract_subgroup_filter	SmallGroups
65	95	4	1	36	216	no_embedding	direct	true	fail	exhaustive_abstract_subgroup_filter	SmallGroups
65	96	4	0	36	432	no_embedding	direct	true	fail	exhaustive_abstract_subgroup_filter	SmallGroups
65	102	4	3	36	36	no_embedding	direct	true	fail	weak_fingerprint	filter
65	103	4	3	36	72	no_embedding	direct	true	fail	exhaustive_abstract_subgroup_filter	SmallGroups
65	104	4	2	36	72	no_embedding	direct	true	fail	weak_fingerprint	filter
65	105	4	2	36	72	no_embedding	direct	true	fail	exhaustive_abstract_subgroup_filter	SmallGroups
65	128	4	3	36	36	no_embedding	direct	true	fail	exhaustive_abstract_subgroup_filter	SmallGroups
65	130	4	2	36	72	no_embedding	direct	true	fail	exhaustive_abstract_subgroup_filter	SmallGroups
65	131	4	1	36	72	no_embedding	direct	true	fail	exhaustive_abstract_subgroup_filter	SmallGroups
65	147	4	3	36	36	no_embedding	direct	true	fail	exhaustive_abstract_subgroup_filter	SmallGroups
65	148	4	3	36	36	no_embedding	direct	true	fail	exhaustive_abstract_subgroup_filter	SmallGroups
65	149	4	2	36	36	no_embedding	direct	true	fail	exhaustive_abstract_subgroup_filter	SmallGroups
65	150	4	2	36	36	no_embedding	direct	true	fail	exhaustive_abstract_subgroup_filter	SmallGroups
65	153	4	1	36	72	no_embedding	direct	true	fail	exhaustive_abstract_subgroup_filter	SmallGroups
65	154	4	1	36	72	no_embedding	direct	true	fail	exhaustive_abstract_subgroup_filter	SmallGroups
65	156	4	0	36	144	no_embedding	direct	true	fail	exhaustive_abstract_subgroup_filter	SmallGroups
66	1	3	0	72	524880	embedded	transitive	false	11	verified_witness_composition	transitivity
66	2	3	0	72	7560	no_embedding	direct	true	fail	weak_fingerprint	filter
66	3	3	0	72	15120	embedded	transitive	false	11	verified_witness_composition	transitivity
66	4	3	0	72	23328	no_embedding	direct	true	fail	no_abstract_subgroup	subgroup_classes_full_aut
66	5	3	0	72	2160	no_embedding	direct	true	fail	weak_fingerprint	filter
66	6	3	0	72	2160	no_embedding	direct	true	fail	weak_fingerprint	filter
66	8	3	0	72	6480	no_embedding	direct	true	fail	strong_fingerprint	filter
66	9	3	1	72	5832	no_embedding	direct	true	fail	derived_series	filter
66	10	3	1	72	1080	no_embedding	direct	true	fail	exhaustive_abstract_subgroup_filter	SmallGroups
66	11	3	1	72	2160	embedded	transitive	false	46	verified_witness_composition	transitivity
66	12	3	1	72	504	no_embedding	direct	true	fail	exhaustive_abstract_subgroup_filter	SmallGroups
66	13	3	0	72	1008	no_embedding	direct	true	fail	exhaustive_abstract_subgroup_filter	SmallGroups
66	14	3	0	72	1008	no_embedding	direct	true	fail	exhaustive_abstract_subgroup_filter	SmallGroups
66	15	3	1	72	360	no_embedding	direct	true	fail	exhaustive_abstract_subgroup_filter	SmallGroups
66	16	3	1	72	720	no_embedding	direct	true	fail	weak_fingerprint	filter
66	17	3	1	72	216	no_embedding	direct	true	fail	exhaustive_abstract_subgroup_filter	SmallGroups
66	18	3	0	72	648	no_embedding	direct	true	fail	exhaustive_abstract_subgroup_filter	SmallGroups
66	19	3	1	72	432	no_embedding	direct	true	fail	exhaustive_abstract_subgroup_filter	SmallGroups
66	20	3	1	72	144	no_embedding	direct	true	fail	exhaustive_abstract_subgroup_filter	SmallGroups
66	22	3	1	72	5832	no_embedding	direct	true	fail	derived_series	filter
66	24	3	0	72	17496	no_embedding	direct	true	fail	derived_series	filter
66	25	3	2	72	216	no_embedding	direct	true	fail	exhaustive_abstract_subgroup_filter	SmallGroups
66	26	3	1	72	432	embedded	direct	true	fail	found	A_strict
66	27	3	2	72	432	no_embedding	direct	true	fail	weak_fingerprint	filter
66	28	3	1	72	1296	no_embedding	direct	true	fail	weak_fingerprint	filter
66	31	3	2	72	360	no_embedding	direct	true	fail	exhaustive_abstract_subgroup_filter	SmallGroups
66	32	3	1	72	1080	no_embedding	direct	true	fail	exhaustive_abstract_subgroup_filter	SmallGroups
66	34	3	2	72	216	no_embedding	direct	true	fail	exhaustive_abstract_subgroup_filter	SmallGroups
66	35	3	2	72	216	no_embedding	direct	true	fail	exhaustive_abstract_subgroup_filter	SmallGroups
66	36	3	1	72	648	no_embedding	direct	true	fail	exhaustive_abstract_subgroup_filter	SmallGroups
66	37	3	2	72	216	no_embedding	direct	true	fail	exhaustive_abstract_subgroup_filter	SmallGroups
66	38	3	1	72	648	no_embedding	direct	true	fail	exhaustive_abstract_subgroup_filter	SmallGroups
66	46	3	2	72	144	embedded	direct	true	fail	literal_matrix_subgroup	literal_matrix_subgroup
66	50	3	1	72	72	no_embedding	direct	true	fail	exhaustive_abstract_subgroup_filter	SmallGroups
66	59	3	2	72	72	no_embedding	direct	true	fail	exhaustive_abstract_subgroup_filter	SmallGroups
66	60	3	2	72	72	no_embedding	direct	true	fail	exhaustive_abstract_subgroup_filter	SmallGroups
66	62	3	1	72	216	no_embedding	direct	true	fail	exhaustive_abstract_subgroup_filter	SmallGroups
66	64	3	2	72	216	no_embedding	direct	true	fail	exhaustive_abstract_subgroup_filter	SmallGroups
66	69	3	2	72	216	no_embedding	direct	true	fail	exhaustive_abstract_subgroup_filter	SmallGroups
66	93	3	1	72	144	no_embedding	direct	true	fail	exhaustive_abstract_subgroup_filter	SmallGroups
66	94	3	1	72	216	no_embedding	direct	true	fail	exhaustive_abstract_subgroup_filter	SmallGroups
66	95	3	1	72	216	no_embedding	direct	true	fail	exhaustive_abstract_subgroup_filter	SmallGroups
66	96	3	0	72	432	no_embedding	direct	true	fail	exhaustive_abstract_subgroup_filter	SmallGroups
66	104	3	2	72	72	no_embedding	direct	true	fail	weak_fingerprint	filter
66	105	3	2	72	72	no_embedding	direct	true	fail	exhaustive_abstract_subgroup_filter	SmallGroups
66	130	3	2	72	72	no_embedding	direct	true	fail	exhaustive_abstract_subgroup_filter	SmallGroups
66	131	3	1	72	72	no_embedding	direct	true	fail	exhaustive_abstract_subgroup_filter	SmallGroups
66	153	3	1	72	72	no_embedding	direct	true	fail	exhaustive_abstract_subgroup_filter	SmallGroups
66	154	3	1	72	72	no_embedding	direct	true	fail	exhaustive_abstract_subgroup_filter	SmallGroups
66	156	3	0	72	144	no_embedding	direct	true	fail	exhaustive_abstract_subgroup_filter	SmallGroups
67	1	2	0	108	524880	embedded	transitive	false	28	verified_witness_composition	transitivity
67	2	2	0	108	7560	no_embedding	direct	true	fail	weak_fingerprint	filter
67	3	2	0	108	15120	no_embedding	direct	true	fail	weak_fingerprint	filter
67	4	2	0	108	23328	no_embedding	direct	true	fail	weak_fingerprint	filter
67	5	2	0	108	2160	no_embedding	direct	true	fail	weak_fingerprint	filter
67	6	2	0	108	2160	no_embedding	direct	true	fail	weak_fingerprint	filter
67	7	2	0	108	5940	embedded	transitive	false	30	verified_witness_composition	transitivity
67	8	2	0	108	6480	embedded	transitive	false	28	verified_witness_composition	transitivity
67	9	2	1	108	5832	no_embedding	direct	true	fail	derived_series	filter
67	10	2	1	108	1080	no_embedding	direct	true	fail	exhaustive_abstract_subgroup_filter	SmallGroups
67	11	2	1	108	2160	no_embedding	direct	true	fail	weak_fingerprint	filter
67	17	2	1	108	216	no_embedding	direct	true	fail	exhaustive_abstract_subgroup_filter	SmallGroups
67	18	2	0	108	648	no_embedding	direct	true	fail	exhaustive_abstract_subgroup_filter	SmallGroups
67	19	2	1	108	432	no_embedding	direct	true	fail	exhaustive_abstract_subgroup_filter	SmallGroups
67	22	2	1	108	5832	no_embedding	direct	true	fail	derived_series	filter
67	23	2	1	108	8748	no_embedding	direct	true	fail	derived_series	filter
67	24	2	0	108	17496	no_embedding	direct	true	fail	derived_series	filter
67	26	2	1	108	432	no_embedding	direct	true	fail	exhaustive_abstract_subgroup_filter	SmallGroups
67	28	2	1	108	1296	embedded	direct	true	fail	found	A_strict
67	30	2	1	108	540	embedded	direct	true	fail	found	A_strict
67	32	2	1	108	1080	no_embedding	direct	true	fail	weak_fingerprint	filter
67	36	2	1	108	648	no_embedding	direct	true	fail	exhaustive_abstract_subgroup_filter	SmallGroups
67	38	2	1	108	648	no_embedding	direct	true	fail	exhaustive_abstract_subgroup_filter	SmallGroups
67	62	2	1	108	216	no_embedding	direct	true	fail	exhaustive_abstract_subgroup_filter	SmallGroups
67	94	2	1	108	216	no_embedding	direct	true	fail	exhaustive_abstract_subgroup_filter	SmallGroups
67	95	2	1	108	216	no_embedding	direct	true	fail	exhaustive_abstract_subgroup_filter	SmallGroups
67	96	2	0	108	432	no_embedding	direct	true	fail	exhaustive_abstract_subgroup_filter	SmallGroups
68	1	4	0	72	524880	embedded	transitive	false	11	verified_witness_composition	transitivity
68	2	4	0	72	7560	no_embedding	direct	true	fail	weak_fingerprint	filter
68	3	4	0	72	15120	embedded	transitive	false	11	verified_witness_composition	transitivity
68	4	4	0	72	23328	no_embedding	direct	true	fail	derived_series	filter
68	5	4	0	72	2160	no_embedding	direct	true	fail	weak_fingerprint	filter
68	6	4	0	72	2160	no_embedding	direct	true	fail	weak_fingerprint	filter
68	8	4	0	72	6480	embedded	transitive	false	16	verified_witness_composition	transitivity
68	9	4	1	72	5832	no_embedding	direct	true	fail	derived_series	filter
68	10	4	1	72	1080	no_embedding	direct	true	fail	weak_fingerprint	filter
68	11	4	1	72	2160	embedded	transitive	false	31	verified_witness_composition	transitivity
68	12	4	1	72	504	no_embedding	direct	true	fail	weak_fingerprint	filter
68	13	4	0	72	1008	no_embedding	direct	true	fail	weak_fingerprint	filter
68	14	4	0	72	1008	no_embedding	direct	true	fail	weak_fingerprint	filter
68	15	4	1	72	360	no_embedding	direct	true	fail	weak_fingerprint	filter
68	16	4	1	72	720	embedded	direct	true	fail	literal_matrix_subgroup	literal_matrix_subgroup
68	17	4	1	72	216	no_embedding	direct	true	fail	exhaustive_abstract_subgroup_filter	SmallGroups
68	18	4	0	72	648	no_embedding	direct	true	fail	exhaustive_abstract_subgroup_filter	SmallGroups
68	19	4	1	72	432	no_embedding	direct	true	fail	exhaustive_abstract_subgroup_filter	SmallGroups
68	20	4	1	72	144	no_embedding	direct	true	fail	exhaustive_abstract_subgroup_filter	SmallGroups
68	22	4	1	72	5832	no_embedding	direct	true	fail	derived_series	filter
68	24	4	0	72	17496	no_embedding	direct	true	fail	derived_series	filter
68	25	4	2	72	216	no_embedding	direct	true	fail	weak_fingerprint	filter
68	26	4	1	72	432	no_embedding	direct	true	fail	weak_fingerprint	filter
68	27	4	2	72	432	embedded	direct	true	fail	literal_matrix_subgroup	literal_matrix_subgroup
68	28	4	1	72	1296	embedded	direct	true	fail	literal_matrix_subgroup	literal_matrix_subgroup
68	31	4	2	72	360	embedded	direct	true	fail	literal_matrix_subgroup	literal_matrix_subgroup
68	32	4	1	72	1080	embedded	direct	true	fail	literal_matrix_subgroup	literal_matrix_subgroup
68	34	4	2	72	216	no_embedding	direct	true	fail	exhaustive_abstract_subgroup_filter	SmallGroups
68	35	4	2	72	216	no_embedding	direct	true	fail	exhaustive_abstract_subgroup_filter	SmallGroups
68	36	4	1	72	648	no_embedding	direct	true	fail	exhaustive_abstract_subgroup_filter	SmallGroups
68	37	4	2	72	216	no_embedding	direct	true	fail	exhaustive_abstract_subgroup_filter	SmallGroups
68	38	4	1	72	648	no_embedding	direct	true	fail	exhaustive_abstract_subgroup_filter	SmallGroups
68	45	4	3	72	72	no_embedding	direct	true	fail	weak_fingerprint	filter
68	46	4	2	72	144	no_embedding	direct	true	fail	weak_fingerprint	filter
68	47	4	3	72	144	embedded	direct	true	fail	literal_matrix_subgroup	literal_matrix_subgroup
68	50	4	1	72	72	no_embedding	direct	true	fail	exhaustive_abstract_subgroup_filter	SmallGroups
68	59	4	2	72	72	no_embedding	direct	true	fail	exhaustive_abstract_subgroup_filter	SmallGroups
68	60	4	2	72	72	no_embedding	direct	true	fail	exhaustive_abstract_subgroup_filter	SmallGroups
68	62	4	1	72	216	no_embedding	direct	true	fail	exhaustive_abstract_subgroup_filter	SmallGroups
68	64	4	2	72	216	no_embedding	direct	true	fail	exhaustive_abstract_subgroup_filter	SmallGroups
68	66	4	3	72	72	no_embedding	direct	true	fail	exhaustive_abstract_subgroup_filter	SmallGroups
68	69	4	2	72	216	embedded	direct	true	fail	literal_matrix_subgroup	literal_matrix_subgroup
68	89	4	3	72	72	no_embedding	direct	true	fail	exhaustive_abstract_subgroup_filter	SmallGroups
68	93	4	1	72	144	no_embedding	direct	true	fail	exhaustive_abstract_subgroup_filter	SmallGroups
68	94	4	1	72	216	no_embedding	direct	true	fail	exhaustive_abstract_subgroup_filter	SmallGroups
68	95	4	1	72	216	no_embedding	direct	true	fail	exhaustive_abstract_subgroup_filter	SmallGroups
68	96	4	0	72	432	no_embedding	direct	true	fail	exhaustive_abstract_subgroup_filter	SmallGroups
68	103	4	3	72	72	no_embedding	direct	true	fail	exhaustive_abstract_subgroup_filter	SmallGroups
68	104	4	2	72	72	no_embedding	direct	true	fail	exhaustive_abstract_subgroup_filter	SmallGroups
68	105	4	2	72	72	no_embedding	direct	true	fail	exhaustive_abstract_subgroup_filter	SmallGroups
68	130	4	2	72	72	no_embedding	direct	true	fail	exhaustive_abstract_subgroup_filter	SmallGroups
68	131	4	1	72	72	no_embedding	direct	true	fail	exhaustive_abstract_subgroup_filter	SmallGroups
68	153	4	1	72	72	no_embedding	direct	true	fail	exhaustive_abstract_subgroup_filter	SmallGroups
68	154	4	1	72	72	no_embedding	direct	true	fail	exhaustive_abstract_subgroup_filter	SmallGroups
68	156	4	0	72	144	no_embedding	direct	true	fail	exhaustive_abstract_subgroup_filter	SmallGroups
69	1	2	0	216	524880	embedded	transitive	false	28	verified_witness_composition	transitivity
69	2	2	0	216	7560	no_embedding	direct	true	fail	weak_fingerprint	filter
69	3	2	0	216	15120	no_embedding	direct	true	fail	weak_fingerprint	filter
69	4	2	0	216	23328	no_embedding	direct	true	fail	derived_series	filter
69	5	2	0	216	2160	no_embedding	direct	true	fail	weak_fingerprint	filter
69	6	2	0	216	2160	no_embedding	direct	true	fail	weak_fingerprint	filter
69	8	2	0	216	6480	embedded	transitive	false	28	verified_witness_composition	transitivity
69	9	2	1	216	5832	no_embedding	direct	true	fail	derived_series	filter
69	10	2	1	216	1080	no_embedding	direct	true	fail	exhaustive_abstract_subgroup_filter	SmallGroups
69	11	2	1	216	2160	no_embedding	direct	true	fail	weak_fingerprint	filter
69	17	2	1	216	216	no_embedding	direct	true	fail	exhaustive_abstract_subgroup_filter	SmallGroups
69	18	2	0	216	648	no_embedding	direct	true	fail	exhaustive_abstract_subgroup_filter	SmallGroups
69	19	2	1	216	432	no_embedding	direct	true	fail	exhaustive_abstract_subgroup_filter	SmallGroups
69	22	2	1	216	5832	no_embedding	direct	true	fail	derived_series	filter
69	24	2	0	216	17496	no_embedding	direct	true	fail	derived_series	filter
69	26	2	1	216	432	no_embedding	direct	true	fail	exhaustive_abstract_subgroup_filter	SmallGroups
69	28	2	1	216	1296	embedded	direct	true	fail	found	A_strict
69	32	2	1	216	1080	embedded	direct	true	fail	found	A_strict
69	36	2	1	216	648	no_embedding	direct	true	fail	exhaustive_abstract_subgroup_filter	SmallGroups
69	38	2	1	216	648	no_embedding	direct	true	fail	exhaustive_abstract_subgroup_filter	SmallGroups
69	62	2	1	216	216	no_embedding	direct	true	fail	exhaustive_abstract_subgroup_filter	SmallGroups
69	94	2	1	216	216	no_embedding	direct	true	fail	exhaustive_abstract_subgroup_filter	SmallGroups
69	95	2	1	216	216	no_embedding	direct	true	fail	exhaustive_abstract_subgroup_filter	SmallGroups
69	96	2	0	216	432	no_embedding	direct	true	fail	exhaustive_abstract_subgroup_filter	SmallGroups
70	1	4	0	30	524880	embedded	transitive	false	10	verified_witness_composition	transitivity
70	2	4	0	30	7560	embedded	transitive	false	10	verified_witness_composition	transitivity
70	3	4	0	30	15120	embedded	transitive	false	11	verified_witness_composition	transitivity
70	5	4	0	30	2160	embedded	transitive	false	10	verified_witness_composition	transitivity
70	6	4	0	30	2160	embedded	transitive	false	10	verified_witness_composition	transitivity
70	7	4	0	30	5940	embedded	transitive	false	30	verified_witness_composition	transitivity
70	8	4	0	30	6480	embedded	transitive	false	16	verified_witness_composition	transitivity
70	10	4	1	30	1080	embedded	direct	true	fail	found	A_strict
70	11	4	1	30	2160	embedded	transitive	false	29	verified_witness_composition	transitivity
70	15	4	1	30	360	embedded	direct	true	fail	found	A_strict
70	16	4	1	30	720	embedded	direct	true	fail	found	A_strict
70	29	4	2	30	180	embedded	direct	true	fail	found	A_strict
70	30	4	1	30	540	embedded	direct	true	fail	found	A_strict
70	31	4	2	30	360	embedded	direct	true	fail	found	A_strict
70	32	4	1	30	1080	embedded	direct	true	fail	found	A_strict
70	42	4	2	30	60	embedded	direct	true	fail	found	A_strict
70	71	4	2	30	60	embedded	direct	true	fail	literal_matrix_subgroup	literal_matrix_subgroup
70	72	4	2	30	90	embedded	direct	true	fail	literal_matrix_subgroup	literal_matrix_subgroup
71	1	2	0	60	524880	no_embedding	direct	true	fail	element_order_multiset	filter
71	2	2	0	60	7560	no_embedding	direct	true	fail	element_order_multiset	filter
71	3	2	0	60	15120	embedded	transitive	false	16	verified_witness_composition	transitivity
71	5	2	0	60	2160	no_embedding	direct	true	fail	element_order_multiset	filter
71	6	2	0	60	2160	no_embedding	direct	true	fail	element_order_multiset	filter
71	7	2	0	60	5940	no_embedding	direct	true	fail	element_order_multiset	filter
71	8	2	0	60	6480	embedded	transitive	false	16	verified_witness_composition	transitivity
71	10	2	1	60	1080	no_embedding	direct	true	fail	exhaustive_abstract_subgroup_filter	SmallGroups
71	11	2	1	60	2160	no_embedding	direct	true	fail	element_order_multiset	filter
71	15	2	1	60	360	no_embedding	direct	true	fail	exhaustive_abstract_subgroup_filter	SmallGroups
71	16	2	1	60	720	embedded	direct	true	fail	found	A_strict
71	30	2	1	60	540	no_embedding	direct	true	fail	exhaustive_abstract_subgroup_filter	SmallGroups
71	32	2	1	60	1080	no_embedding	direct	true	fail	exhaustive_abstract_subgroup_filter	SmallGroups
72	1	2	0	90	524880	embedded	transitive	false	30	verified_witness_composition	transitivity
72	2	2	0	90	7560	no_embedding	direct	true	fail	weak_fingerprint	filter
72	3	2	0	90	15120	no_embedding	direct	true	fail	weak_fingerprint	filter
72	5	2	0	90	2160	no_embedding	direct	true	fail	weak_fingerprint	filter
72	6	2	0	90	2160	no_embedding	direct	true	fail	weak_fingerprint	filter
72	7	2	0	90	5940	embedded	transitive	false	30	verified_witness_composition	transitivity
72	8	2	0	90	6480	embedded	transitive	false	32	verified_witness_composition	transitivity
72	10	2	1	90	1080	no_embedding	direct	true	fail	exhaustive_abstract_subgroup_filter	SmallGroups
72	11	2	1	90	2160	no_embedding	direct	true	fail	weak_fingerprint	filter
72	15	2	1	90	360	no_embedding	direct	true	fail	exhaustive_abstract_subgroup_filter	SmallGroups
72	16	2	1	90	720	no_embedding	direct	true	fail	exhaustive_abstract_subgroup_filter	SmallGroups
72	30	2	1	90	540	embedded	direct	true	fail	found	A_strict
72	32	2	1	90	1080	embedded	direct	true	fail	found	A_strict
73	1	5	0	24	524880	embedded	transitive	false	10	verified_witness_composition	transitivity
73	2	5	0	24	7560	embedded	transitive	false	10	verified_witness_composition	transitivity
73	3	5	0	24	15120	embedded	transitive	false	11	verified_witness_composition	transitivity
73	4	5	0	24	23328	no_embedding	direct	true	fail	exhausted_subgroup_classes_and_twists	subgroup_classes_full_aut
73	5	5	0	24	2160	embedded	transitive	false	10	verified_witness_composition	transitivity
73	6	5	0	24	2160	embedded	transitive	false	10	verified_witness_composition	transitivity
73	8	5	0	24	6480	embedded	transitive	false	16	verified_witness_composition	transitivity
73	9	5	1	24	5832	no_embedding	direct	true	fail	exhausted_subgroup_classes_and_twists	subgroup_classes_full_aut
73	10	5	1	24	1080	embedded	direct	true	fail	found	A_strict
73	11	5	1	24	2160	embedded	transitive	false	46	verified_witness_composition	transitivity
73	12	5	1	24	504	embedded	direct	true	fail	found	A_strict
73	13	5	0	24	1008	embedded	direct	true	fail	found	A_strict
73	14	5	0	24	1008	embedded	direct	true	fail	found	A_strict
73	15	5	1	24	360	embedded	direct	true	fail	found	A_strict
73	16	5	1	24	720	embedded	direct	true	fail	found	A_strict
73	17	5	1	24	216	no_embedding	direct	true	fail	exhaustive_abstract_subgroup_filter	SmallGroups
73	18	5	0	24	648	no_embedding	direct	true	fail	exhaustive_abstract_subgroup_filter	SmallGroups
73	19	5	1	24	432	embedded	direct	true	fail	found	A_strict
73	20	5	1	24	144	embedded	direct	true	fail	found	A_strict
73	22	5	1	24	5832	no_embedding	direct	true	fail	derived_series	filter
73	24	5	0	24	17496	no_embedding	direct	true	fail	derived_series	filter
73	25	5	2	24	216	embedded	direct	true	fail	found	A_strict
73	26	5	1	24	432	embedded	direct	true	fail	found	A_strict
73	27	5	2	24	432	embedded	direct	true	fail	found	A_strict
73	28	5	1	24	1296	embedded	direct	true	fail	found	A_strict
73	31	5	2	24	360	no_embedding	direct	true	fail	weak_fingerprint	filter
73	32	5	1	24	1080	no_embedding	direct	true	fail	weak_fingerprint	filter
73	34	5	2	24	216	no_embedding	direct	true	fail	exhausted_no_verified_candidate	A_strict
73	35	5	2	24	216	no_embedding	direct	true	fail	exhaustive_abstract_subgroup_filter	SmallGroups
73	36	5	1	24	648	no_embedding	direct	true	fail	exhaustive_abstract_subgroup_filter	SmallGroups
73	37	5	2	24	216	no_embedding	direct	true	fail	weak_fingerprint	filter
73	38	5	1	24	648	no_embedding	direct	true	fail	weak_fingerprint	filter
73	43	5	2	24	48	embedded	direct	true	fail	found	A_strict
73	44	5	1	24	96	embedded	direct	true	fail	found	A_strict
73	45	5	3	24	72	embedded	direct	true	fail	found	A_strict
73	46	5	2	24	144	embedded	direct	true	fail	found	A_strict
73	47	5	3	24	144	embedded	direct	true	fail	found	A_strict
73	48	5	3	24	24	no_embedding	direct	true	fail	exhaustive_abstract_subgroup_filter	SmallGroups
73	49	5	2	24	48	no_embedding	direct	true	fail	weak_fingerprint	filter
73	50	5	1	24	72	no_embedding	direct	true	fail	exhaustive_abstract_subgroup_filter	SmallGroups
73	51	5	1	24	96	no_embedding	direct	true	fail	weak_fingerprint	filter
73	59	5	2	24	72	no_embedding	direct	true	fail	weak_fingerprint	filter
73	60	5	2	24	72	no_embedding	direct	true	fail	exhaustive_abstract_subgroup_filter	SmallGroups
73	62	5	1	24	216	no_embedding	direct	true	fail	weak_fingerprint	filter
73	63	5	4	24	72	no_embedding	direct	true	fail	exhaustive_abstract_subgroup_filter	SmallGroups
73	64	5	2	24	216	no_embedding	direct	true	fail	exhaustive_abstract_subgroup_filter	SmallGroups
73	66	5	3	24	72	no_embedding	direct	true	fail	exhaustive_abstract_subgroup_filter	SmallGroups
73	68	5	4	24	72	no_embedding	direct	true	fail	weak_fingerprint	filter
73	69	5	2	24	216	no_embedding	direct	true	fail	weak_fingerprint	filter
73	74	5	4	24	48	embedded	direct	true	fail	literal_matrix_subgroup	literal_matrix_subgroup
73	75	5	3	24	48	embedded	direct	true	fail	literal_matrix_subgroup	literal_matrix_subgroup
73	76	5	2	24	48	embedded	direct	true	fail	literal_matrix_subgroup	literal_matrix_subgroup
73	79	5	4	24	24	no_embedding	direct	true	fail	exhaustive_abstract_subgroup_filter	SmallGroups
73	80	5	3	24	24	no_embedding	direct	true	fail	weak_fingerprint	filter
73	81	5	2	24	48	no_embedding	direct	true	fail	exhaustive_abstract_subgroup_filter	SmallGroups
73	82	5	2	24	48	no_embedding	direct	true	fail	exhaustive_abstract_subgroup_filter	SmallGroups
73	89	5	3	24	72	no_embedding	direct	true	fail	exhaustive_abstract_subgroup_filter	SmallGroups
73	93	5	1	24	144	no_embedding	direct	true	fail	exhaustive_abstract_subgroup_filter	SmallGroups
73	94	5	1	24	216	no_embedding	direct	true	fail	exhaustive_abstract_subgroup_filter	SmallGroups
73	95	5	1	24	216	no_embedding	direct	true	fail	exhaustive_abstract_subgroup_filter	SmallGroups
73	96	5	0	24	432	no_embedding	direct	true	fail	exhaustive_abstract_subgroup_filter	SmallGroups
73	103	5	3	24	72	no_embedding	direct	true	fail	weak_fingerprint	filter
73	104	5	2	24	72	no_embedding	direct	true	fail	exhaustive_abstract_subgroup_filter	SmallGroups
73	105	5	2	24	72	no_embedding	direct	true	fail	exhaustive_abstract_subgroup_filter	SmallGroups
73	127	5	4	24	24	no_embedding	direct	true	fail	exhaustive_abstract_subgroup_filter	SmallGroups
73	129	5	2	24	48	no_embedding	direct	true	fail	exhaustive_abstract_subgroup_filter	SmallGroups
73	130	5	2	24	72	no_embedding	direct	true	fail	exhaustive_abstract_subgroup_filter	SmallGroups
73	131	5	1	24	72	no_embedding	direct	true	fail	exhaustive_abstract_subgroup_filter	SmallGroups
73	144	5	3	24	24	no_embedding	direct	true	fail	exhaustive_abstract_subgroup_filter	SmallGroups
73	145	5	3	24	24	no_embedding	direct	true	fail	exhaustive_abstract_subgroup_filter	SmallGroups
73	146	5	3	24	24	no_embedding	direct	true	fail	exhaustive_abstract_subgroup_filter	SmallGroups
73	151	5	1	24	48	no_embedding	direct	true	fail	exhaustive_abstract_subgroup_filter	SmallGroups
73	152	5	1	24	48	no_embedding	direct	true	fail	exhaustive_abstract_subgroup_filter	SmallGroups
73	153	5	1	24	72	no_embedding	direct	true	fail	exhaustive_abstract_subgroup_filter	SmallGroups
73	154	5	1	24	72	no_embedding	direct	true	fail	exhaustive_abstract_subgroup_filter	SmallGroups
73	155	5	0	24	96	no_embedding	direct	true	fail	exhaustive_abstract_subgroup_filter	SmallGroups
73	156	5	0	24	144	no_embedding	direct	true	fail	exhaustive_abstract_subgroup_filter	SmallGroups
74	1	4	0	48	524880	embedded	transitive	false	11	verified_witness_composition	transitivity
74	3	4	0	48	15120	embedded	transitive	false	11	verified_witness_composition	transitivity
74	4	4	0	48	23328	no_embedding	direct	true	fail	weak_fingerprint	filter
74	5	4	0	48	2160	no_embedding	direct	true	fail	weak_fingerprint	filter
74	6	4	0	48	2160	no_embedding	direct	true	fail	weak_fingerprint	filter
74	8	4	0	48	6480	embedded	transitive	false	16	verified_witness_composition	transitivity
74	11	4	1	48	2160	embedded	transitive	false	46	verified_witness_composition	transitivity
74	13	4	0	48	1008	no_embedding	direct	true	fail	exhaustive_abstract_subgroup_filter	SmallGroups
74	14	4	0	48	1008	no_embedding	direct	true	fail	exhaustive_abstract_subgroup_filter	SmallGroups
74	16	4	1	48	720	embedded	direct	true	fail	found	A_strict
74	19	4	1	48	432	embedded	direct	true	fail	found	A_strict
74	20	4	1	48	144	no_embedding	direct	true	fail	exhaustive_abstract_subgroup_filter	SmallGroups
74	26	4	1	48	432	embedded	direct	true	fail	found	A_strict
74	27	4	2	48	432	embedded	direct	true	fail	found	A_strict
74	28	4	1	48	1296	embedded	direct	true	fail	found	A_strict
74	43	4	2	48	48	no_embedding	direct	true	fail	exhaustive_abstract_subgroup_filter	SmallGroups
74	44	4	1	48	96	no_embedding	direct	true	fail	exhaustive_abstract_subgroup_filter	SmallGroups
74	46	4	2	48	144	embedded	direct	true	fail	found	A_strict
74	47	4	3	48	144	embedded	direct	true	fail	found	A_strict
74	49	4	2	48	48	no_embedding	direct	true	fail	exhaustive_abstract_subgroup_filter	SmallGroups
74	51	4	1	48	96	no_embedding	direct	true	fail	exhaustive_abstract_subgroup_filter	SmallGroups
74	75	4	3	48	48	no_embedding	direct	true	fail	exhaustive_abstract_subgroup_filter	SmallGroups
74	76	4	2	48	48	no_embedding	direct	true	fail	exhaustive_abstract_subgroup_filter	SmallGroups
74	81	4	2	48	48	no_embedding	direct	true	fail	exhaustive_abstract_subgroup_filter	SmallGroups
74	82	4	2	48	48	no_embedding	direct	true	fail	exhaustive_abstract_subgroup_filter	SmallGroups
74	93	4	1	48	144	no_embedding	direct	true	fail	exhaustive_abstract_subgroup_filter	SmallGroups
74	96	4	0	48	432	no_embedding	direct	true	fail	exhaustive_abstract_subgroup_filter	SmallGroups
74	129	4	2	48	48	no_embedding	direct	true	fail	exhaustive_abstract_subgroup_filter	SmallGroups
74	151	4	1	48	48	no_embedding	direct	true	fail	exhaustive_abstract_subgroup_filter	SmallGroups
74	152	4	1	48	48	no_embedding	direct	true	fail	exhaustive_abstract_subgroup_filter	SmallGroups
74	155	4	0	48	96	no_embedding	direct	true	fail	exhaustive_abstract_subgroup_filter	SmallGroups
74	156	4	0	48	144	no_embedding	direct	true	fail	exhaustive_abstract_subgroup_filter	SmallGroups
75	1	3	0	48	524880	no_embedding	direct	true	fail	weak_fingerprint	filter
75	3	3	0	48	15120	no_embedding	direct	true	fail	weak_fingerprint	filter
75	4	3	0	48	23328	no_embedding	direct	true	fail	weak_fingerprint	filter
75	5	3	0	48	2160	no_embedding	direct	true	fail	weak_fingerprint	filter
75	6	3	0	48	2160	no_embedding	direct	true	fail	weak_fingerprint	filter
75	8	3	0	48	6480	no_embedding	direct	true	fail	weak_fingerprint	filter
75	11	3	1	48	2160	no_embedding	direct	true	fail	weak_fingerprint	filter
75	13	3	0	48	1008	no_embedding	direct	true	fail	exhaustive_abstract_subgroup_filter	SmallGroups
75	14	3	0	48	1008	no_embedding	direct	true	fail	exhaustive_abstract_subgroup_filter	SmallGroups
75	16	3	1	48	720	no_embedding	direct	true	fail	exhaustive_abstract_subgroup_filter	SmallGroups
75	19	3	1	48	432	no_embedding	direct	true	fail	exhaustive_abstract_subgroup_filter	SmallGroups
75	20	3	1	48	144	no_embedding	direct	true	fail	exhaustive_abstract_subgroup_filter	SmallGroups
75	26	3	1	48	432	no_embedding	direct	true	fail	exhaustive_abstract_subgroup_filter	SmallGroups
75	27	3	2	48	432	no_embedding	direct	true	fail	exhaustive_abstract_subgroup_filter	SmallGroups
75	28	3	1	48	1296	no_embedding	direct	true	fail	exhaustive_abstract_subgroup_filter	SmallGroups
75	43	3	2	48	48	no_embedding	direct	true	fail	exhaustive_abstract_subgroup_filter	SmallGroups
75	44	3	1	48	96	embedded	direct	true	fail	found	A_strict
75	46	3	2	48	144	no_embedding	direct	true	fail	exhaustive_abstract_subgroup_filter	SmallGroups
75	49	3	2	48	48	no_embedding	direct	true	fail	weak_fingerprint	filter
75	51	3	1	48	96	no_embedding	direct	true	fail	weak_fingerprint	filter
75	76	3	2	48	48	no_embedding	direct	true	fail	exhaustive_abstract_subgroup_filter	SmallGroups
75	81	3	2	48	48	no_embedding	direct	true	fail	exhaustive_abstract_subgroup_filter	SmallGroups
75	82	3	2	48	48	no_embedding	direct	true	fail	exhaustive_abstract_subgroup_filter	SmallGroups
75	93	3	1	48	144	no_embedding	direct	true	fail	exhaustive_abstract_subgroup_filter	SmallGroups
75	96	3	0	48	432	no_embedding	direct	true	fail	exhaustive_abstract_subgroup_filter	SmallGroups
75	129	3	2	48	48	no_embedding	direct	true	fail	exhaustive_abstract_subgroup_filter	SmallGroups
75	151	3	1	48	48	no_embedding	direct	true	fail	exhaustive_abstract_subgroup_filter	SmallGroups
75	152	3	1	48	48	no_embedding	direct	true	fail	exhaustive_abstract_subgroup_filter	SmallGroups
75	155	3	0	48	96	no_embedding	direct	true	fail	exhaustive_abstract_subgroup_filter	SmallGroups
75	156	3	0	48	144	no_embedding	direct	true	fail	exhaustive_abstract_subgroup_filter	SmallGroups
76	1	2	0	48	524880	no_embedding	direct	true	fail	exponent	filter
76	3	2	0	48	15120	no_embedding	direct	true	fail	exponent	filter
76	4	2	0	48	23328	no_embedding	direct	true	fail	weak_fingerprint	filter
76	5	2	0	48	2160	no_embedding	direct	true	fail	weak_fingerprint	filter
76	6	2	0	48	2160	no_embedding	direct	true	fail	weak_fingerprint	filter
76	8	2	0	48	6480	no_embedding	direct	true	fail	exponent	filter
76	11	2	1	48	2160	no_embedding	direct	true	fail	exponent	filter
76	13	2	0	48	1008	embedded	direct	true	fail	found	A_strict
76	14	2	0	48	1008	embedded	direct	true	fail	found	A_strict
76	16	2	1	48	720	no_embedding	direct	true	fail	exhaustive_abstract_subgroup_filter	SmallGroups
76	19	2	1	48	432	no_embedding	direct	true	fail	exhaustive_abstract_subgroup_filter	SmallGroups
76	20	2	1	48	144	no_embedding	direct	true	fail	exhaustive_abstract_subgroup_filter	SmallGroups
76	26	2	1	48	432	no_embedding	direct	true	fail	exhaustive_abstract_subgroup_filter	SmallGroups
76	28	2	1	48	1296	no_embedding	direct	true	fail	exhaustive_abstract_subgroup_filter	SmallGroups
76	44	2	1	48	96	embedded	direct	true	fail	found	A_strict
76	51	2	1	48	96	no_embedding	direct	true	fail	exhaustive_abstract_subgroup_filter	SmallGroups
76	93	2	1	48	144	no_embedding	direct	true	fail	exhaustive_abstract_subgroup_filter	SmallGroups
76	96	2	0	48	432	no_embedding	direct	true	fail	exhaustive_abstract_subgroup_filter	SmallGroups
76	151	2	1	48	48	no_embedding	direct	true	fail	exhaustive_abstract_subgroup_filter	SmallGroups
76	152	2	1	48	48	no_embedding	direct	true	fail	exhaustive_abstract_subgroup_filter	SmallGroups
76	155	2	0	48	96	no_embedding	direct	true	fail	exhaustive_abstract_subgroup_filter	SmallGroups
76	156	2	0	48	144	no_embedding	direct	true	fail	exhaustive_abstract_subgroup_filter	SmallGroups
77	1	6	0	12	524880	embedded	transitive	false	9	verified_witness_composition	transitivity
77	2	6	0	12	7560	embedded	transitive	false	10	verified_witness_composition	transitivity
77	3	6	0	12	15120	embedded	transitive	false	11	verified_witness_composition	transitivity
77	4	6	0	12	23328	embedded	transitive	false	9	verified_witness_composition	transitivity
77	5	6	0	12	2160	embedded	transitive	false	10	verified_witness_composition	transitivity
77	6	6	0	12	2160	embedded	transitive	false	10	verified_witness_composition	transitivity
77	7	6	0	12	5940	no_embedding	direct	true	fail	exponent	filter
77	8	6	0	12	6480	embedded	transitive	false	16	verified_witness_composition	transitivity
77	9	6	1	12	5832	embedded	transitive	false	33	verified_witness_composition	transitivity
77	10	6	1	12	1080	embedded	direct	true	fail	found	A_strict
77	11	6	1	12	2160	embedded	transitive	false	34	verified_witness_composition	transitivity
77	12	6	1	12	504	embedded	direct	true	fail	found	A_strict
77	13	6	0	12	1008	embedded	direct	true	fail	found	A_strict
77	14	6	0	12	1008	embedded	direct	true	fail	found	A_strict
77	15	6	1	12	360	embedded	direct	true	fail	found	A_strict
77	16	6	1	12	720	embedded	direct	true	fail	found	A_strict
77	17	6	1	12	216	embedded	direct	true	fail	found	A_strict
77	18	6	0	12	648	embedded	direct	true	fail	found	A_strict
77	19	6	1	12	432	embedded	direct	true	fail	found	A_strict
77	20	6	1	12	144	embedded	direct	true	fail	literal_matrix_subgroup	literal_matrix_subgroup
77	21	6	2	12	2916	no_embedding	direct	true	fail	exponent	filter
77	22	6	1	12	5832	no_embedding	direct	true	fail	weak_fingerprint	filter
77	23	6	1	12	8748	no_embedding	direct	true	fail	exponent	filter
77	24	6	0	12	17496	no_embedding	direct	true	fail	weak_fingerprint	filter
77	25	6	2	12	216	embedded	direct	true	fail	found	A_strict
77	26	6	1	12	432	embedded	direct	true	fail	found	A_strict
77	27	6	2	12	432	embedded	direct	true	fail	found	A_strict
77	28	6	1	12	1296	embedded	direct	true	fail	found	A_strict
77	29	6	2	12	180	no_embedding	direct	true	fail	exhaustive_abstract_subgroup_filter	SmallGroups
77	30	6	1	12	540	no_embedding	direct	true	fail	exhaustive_abstract_subgroup_filter	SmallGroups
77	31	6	2	12	360	no_embedding	direct	true	fail	weak_fingerprint	filter
77	32	6	1	12	1080	no_embedding	direct	true	fail	weak_fingerprint	filter
77	33	6	2	12	108	embedded	direct	true	fail	found	A_strict
77	34	6	2	12	216	embedded	direct	true	fail	found	A_strict
77	35	6	2	12	216	no_embedding	direct	true	fail	exhaustive_abstract_subgroup_filter	SmallGroups
77	36	6	1	12	648	no_embedding	direct	true	fail	exhaustive_abstract_subgroup_filter	SmallGroups
77	37	6	2	12	216	no_embedding	direct	true	fail	weak_fingerprint	filter
77	38	6	1	12	648	no_embedding	direct	true	fail	weak_fingerprint	filter
77	42	6	2	12	60	embedded	direct	true	fail	found	A_strict
77	43	6	2	12	48	embedded	direct	true	fail	literal_matrix_subgroup	literal_matrix_subgroup
77	44	6	1	12	96	embedded	direct	true	fail	literal_matrix_subgroup	literal_matrix_subgroup
77	45	6	3	12	72	embedded	direct	true	fail	found	A_strict
77	46	6	2	12	144	embedded	direct	true	fail	found	A_strict
77	47	6	3	12	144	embedded	direct	true	fail	found	A_strict
77	48	6	3	12	24	embedded	direct	true	fail	literal_matrix_subgroup	literal_matrix_subgroup
77	49	6	2	12	48	embedded	direct	true	fail	literal_matrix_subgroup	literal_matrix_subgroup
77	50	6	1	12	72	embedded	direct	true	fail	literal_matrix_subgroup	literal_matrix_subgroup
77	51	6	1	12	96	embedded	direct	true	fail	literal_matrix_subgroup	literal_matrix_subgroup
77	53	6	2	12	108	no_embedding	direct	true	fail	exhaustive_abstract_subgroup_filter	SmallGroups
77	55	6	4	12	108	no_embedding	direct	true	fail	exhaustive_abstract_subgroup_filter	SmallGroups
77	56	6	2	12	324	no_embedding	direct	true	fail	exhaustive_abstract_subgroup_filter	SmallGroups
77	57	6	2	12	324	no_embedding	direct	true	fail	exhaustive_abstract_subgroup_filter	SmallGroups
77	58	6	4	12	36	no_embedding	direct	true	fail	exhaustive_abstract_subgroup_filter	SmallGroups
77	59	6	2	12	72	no_embedding	direct	true	fail	weak_fingerprint	filter
77	60	6	2	12	72	no_embedding	direct	true	fail	exhaustive_abstract_subgroup_filter	SmallGroups
77	61	6	2	12	108	no_embedding	direct	true	fail	exhaustive_abstract_subgroup_filter	SmallGroups
77	62	6	1	12	216	no_embedding	direct	true	fail	weak_fingerprint	filter
77	63	6	4	12	72	no_embedding	direct	true	fail	exhaustive_abstract_subgroup_filter	SmallGroups
77	64	6	2	12	216	no_embedding	direct	true	fail	exhaustive_abstract_subgroup_filter	SmallGroups
77	65	6	4	12	36	no_embedding	direct	true	fail	exhaustive_abstract_subgroup_filter	SmallGroups
77	66	6	3	12	72	no_embedding	direct	true	fail	exhaustive_abstract_subgroup_filter	SmallGroups
77	67	6	2	12	108	no_embedding	direct	true	fail	exhaustive_abstract_subgroup_filter	SmallGroups
77	68	6	4	12	72	no_embedding	direct	true	fail	weak_fingerprint	filter
77	69	6	2	12	216	no_embedding	direct	true	fail	weak_fingerprint	filter
77	71	6	2	12	60	no_embedding	direct	true	fail	exhaustive_abstract_subgroup_filter	SmallGroups
77	73	6	5	12	24	embedded	direct	true	fail	literal_matrix_subgroup	literal_matrix_subgroup
77	74	6	4	12	48	embedded	direct	true	fail	literal_matrix_subgroup	literal_matrix_subgroup
77	75	6	3	12	48	embedded	direct	true	fail	literal_matrix_subgroup	literal_matrix_subgroup
77	76	6	2	12	48	embedded	direct	true	fail	literal_matrix_subgroup	literal_matrix_subgroup
77	78	6	5	12	24	embedded	direct	true	fail	literal_matrix_subgroup	literal_matrix_subgroup
77	79	6	4	12	24	embedded	direct	true	fail	literal_matrix_subgroup	literal_matrix_subgroup
77	80	6	3	12	24	embedded	direct	true	fail	literal_matrix_subgroup	literal_matrix_subgroup
77	81	6	2	12	48	embedded	direct	true	fail	literal_matrix_subgroup	literal_matrix_subgroup
77	82	6	2	12	48	embedded	direct	true	fail	literal_matrix_subgroup	literal_matrix_subgroup
77	84	6	3	12	36	no_embedding	direct	true	fail	exhaustive_abstract_subgroup_filter	SmallGroups
77	85	6	3	12	36	no_embedding	direct	true	fail	exhaustive_abstract_subgroup_filter	SmallGroups
77	89	6	3	12	72	no_embedding	direct	true	fail	weak_fingerprint	filter
77	90	6	3	12	108	no_embedding	direct	true	fail	exhaustive_abstract_subgroup_filter	SmallGroups
77	91	6	3	12	108	no_embedding	direct	true	fail	exhaustive_abstract_subgroup_filter	SmallGroups
77	92	6	2	12	108	no_embedding	direct	true	fail	exhaustive_abstract_subgroup_filter	SmallGroups
77	93	6	1	12	144	no_embedding	direct	true	fail	weak_fingerprint	filter
77	94	6	1	12	216	no_embedding	direct	true	fail	weak_fingerprint	filter
77	95	6	1	12	216	no_embedding	direct	true	fail	weak_fingerprint	filter
77	96	6	0	12	432	no_embedding	direct	true	fail	weak_fingerprint	filter
77	100	6	5	12	24	no_embedding	direct	true	fail	exhaustive_abstract_subgroup_filter	SmallGroups
77	101	6	4	12	36	no_embedding	direct	true	fail	exhaustive_abstract_subgroup_filter	SmallGroups
77	102	6	3	12	36	no_embedding	direct	true	fail	exhaustive_abstract_subgroup_filter	SmallGroups
77	103	6	3	12	72	no_embedding	direct	true	fail	weak_fingerprint	filter
77	104	6	2	12	72	no_embedding	direct	true	fail	exhaustive_abstract_subgroup_filter	SmallGroups
77	105	6	2	12	72	no_embedding	direct	true	fail	exhaustive_abstract_subgroup_filter	SmallGroups
77	124	6	5	12	24	no_embedding	direct	true	fail	weak_fingerprint	filter
77	125	6	5	12	36	no_embedding	direct	true	fail	exhaustive_abstract_subgroup_filter	SmallGroups
77	127	6	4	12	24	no_embedding	direct	true	fail	weak_fingerprint	filter
77	128	6	3	12	36	no_embedding	direct	true	fail	exhaustive_abstract_subgroup_filter	SmallGroups
77	129	6	2	12	48	no_embedding	direct	true	fail	weak_fingerprint	filter
77	130	6	2	12	72	no_embedding	direct	true	fail	weak_fingerprint	filter
77	131	6	1	12	72	no_embedding	direct	true	fail	weak_fingerprint	filter
77	144	6	3	12	24	no_embedding	direct	true	fail	weak_fingerprint	filter
77	145	6	3	12	24	no_embedding	direct	true	fail	weak_fingerprint	filter
77	146	6	3	12	24	no_embedding	direct	true	fail	weak_fingerprint	filter
77	147	6	3	12	36	no_embedding	direct	true	fail	weak_fingerprint	filter
77	148	6	3	12	36	no_embedding	direct	true	fail	weak_fingerprint	filter
77	149	6	2	12	36	no_embedding	direct	true	fail	weak_fingerprint	filter
77	150	6	2	12	36	no_embedding	direct	true	fail	weak_fingerprint	filter
77	151	6	1	12	48	no_embedding	direct	true	fail	weak_fingerprint	filter
77	152	6	1	12	48	no_embedding	direct	true	fail	weak_fingerprint	filter
77	153	6	1	12	72	no_embedding	direct	true	fail	weak_fingerprint	filter
77	154	6	1	12	72	no_embedding	direct	true	fail	weak_fingerprint	filter
77	155	6	0	12	96	no_embedding	direct	true	fail	weak_fingerprint	filter
77	156	6	0	12	144	no_embedding	direct	true	fail	weak_fingerprint	filter
78	1	5	0	24	524880	embedded	transitive	false	9	verified_witness_composition	transitivity
78	2	5	0	24	7560	no_embedding	direct	true	fail	weak_fingerprint	filter
78	3	5	0	24	15120	embedded	transitive	false	11	verified_witness_composition	transitivity
78	4	5	0	24	23328	embedded	transitive	false	9	verified_witness_composition	transitivity
78	5	5	0	24	2160	no_embedding	direct	true	fail	weak_fingerprint	filter
78	6	5	0	24	2160	no_embedding	direct	true	fail	weak_fingerprint	filter
78	8	5	0	24	6480	embedded	transitive	false	16	verified_witness_composition	transitivity
78	9	5	1	24	5832	embedded	transitive	false	34	verified_witness_composition	transitivity
78	10	5	1	24	1080	no_embedding	direct	true	fail	weak_fingerprint	filter
78	11	5	1	24	2160	embedded	transitive	false	34	verified_witness_composition	transitivity
78	12	5	1	24	504	no_embedding	direct	true	fail	weak_fingerprint	filter
78	13	5	0	24	1008	no_embedding	direct	true	fail	weak_fingerprint	filter
78	14	5	0	24	1008	no_embedding	direct	true	fail	weak_fingerprint	filter
78	15	5	1	24	360	no_embedding	direct	true	fail	weak_fingerprint	filter
78	16	5	1	24	720	embedded	direct	true	fail	found	A_strict
78	17	5	1	24	216	no_embedding	direct	true	fail	exhaustive_abstract_subgroup_filter	SmallGroups
78	18	5	0	24	648	no_embedding	direct	true	fail	exhaustive_abstract_subgroup_filter	SmallGroups
78	19	5	1	24	432	embedded	direct	true	fail	found	A_strict
78	20	5	1	24	144	no_embedding	direct	true	fail	weak_fingerprint	filter
78	22	5	1	24	5832	no_embedding	direct	true	fail	derived_series	filter
78	24	5	0	24	17496	no_embedding	direct	true	fail	derived_series	filter
78	25	5	2	24	216	no_embedding	direct	true	fail	weak_fingerprint	filter
78	26	5	1	24	432	embedded	direct	true	fail	found	A_strict
78	27	5	2	24	432	embedded	direct	true	fail	found	A_strict
78	28	5	1	24	1296	embedded	direct	true	fail	found	A_strict
78	31	5	2	24	360	no_embedding	direct	true	fail	weak_fingerprint	filter
78	32	5	1	24	1080	no_embedding	direct	true	fail	weak_fingerprint	filter
78	34	5	2	24	216	embedded	direct	true	fail	found	A_strict
78	35	5	2	24	216	no_embedding	direct	true	fail	exhaustive_abstract_subgroup_filter	SmallGroups
78	36	5	1	24	648	no_embedding	direct	true	fail	exhaustive_abstract_subgroup_filter	SmallGroups
78	37	5	2	24	216	no_embedding	direct	true	fail	weak_fingerprint	filter
78	38	5	1	24	648	no_embedding	direct	true	fail	weak_fingerprint	filter
78	43	5	2	24	48	no_embedding	direct	true	fail	weak_fingerprint	filter
78	44	5	1	24	96	embedded	direct	true	fail	found	A_strict
78	45	5	3	24	72	no_embedding	direct	true	fail	weak_fingerprint	filter
78	46	5	2	24	144	embedded	direct	true	fail	found	A_strict
78	47	5	3	24	144	embedded	direct	true	fail	found	A_strict
78	48	5	3	24	24	no_embedding	direct	true	fail	exhaustive_abstract_subgroup_filter	SmallGroups
78	49	5	2	24	48	embedded	direct	true	fail	found	A_strict
78	50	5	1	24	72	no_embedding	direct	true	fail	exhaustive_abstract_subgroup_filter	SmallGroups
78	51	5	1	24	96	embedded	direct	true	fail	found	A_strict
78	59	5	2	24	72	no_embedding	direct	true	fail	weak_fingerprint	filter
78	60	5	2	24	72	no_embedding	direct	true	fail	exhaustive_abstract_subgroup_filter	SmallGroups
78	62	5	1	24	216	no_embedding	direct	true	fail	weak_fingerprint	filter
78	63	5	4	24	72	no_embedding	direct	true	fail	exhaustive_abstract_subgroup_filter	SmallGroups
78	64	5	2	24	216	no_embedding	direct	true	fail	exhaustive_abstract_subgroup_filter	SmallGroups
78	66	5	3	24	72	no_embedding	direct	true	fail	exhaustive_abstract_subgroup_filter	SmallGroups
78	68	5	4	24	72	no_embedding	direct	true	fail	weak_fingerprint	filter
78	69	5	2	24	216	no_embedding	direct	true	fail	weak_fingerprint	filter
78	74	5	4	24	48	embedded	direct	true	fail	found	A_strict
78	75	5	3	24	48	no_embedding	direct	true	fail	weak_fingerprint	filter
78	76	5	2	24	48	no_embedding	direct	true	fail	weak_fingerprint	filter
78	79	5	4	24	24	no_embedding	direct	true	fail	exhaustive_abstract_subgroup_filter	SmallGroups
78	80	5	3	24	24	no_embedding	direct	true	fail	weak_fingerprint	filter
78	81	5	2	24	48	no_embedding	direct	true	fail	exhaustive_abstract_subgroup_filter	SmallGroups
78	82	5	2	24	48	no_embedding	direct	true	fail	exhaustive_abstract_subgroup_filter	SmallGroups
78	89	5	3	24	72	no_embedding	direct	true	fail	exhaustive_abstract_subgroup_filter	SmallGroups
78	93	5	1	24	144	no_embedding	direct	true	fail	exhaustive_abstract_subgroup_filter	SmallGroups
78	94	5	1	24	216	no_embedding	direct	true	fail	exhaustive_abstract_subgroup_filter	SmallGroups
78	95	5	1	24	216	no_embedding	direct	true	fail	exhaustive_abstract_subgroup_filter	SmallGroups
78	96	5	0	24	432	no_embedding	direct	true	fail	exhaustive_abstract_subgroup_filter	SmallGroups
78	103	5	3	24	72	no_embedding	direct	true	fail	weak_fingerprint	filter
78	104	5	2	24	72	no_embedding	direct	true	fail	exhaustive_abstract_subgroup_filter	SmallGroups
78	105	5	2	24	72	no_embedding	direct	true	fail	exhaustive_abstract_subgroup_filter	SmallGroups
78	127	5	4	24	24	no_embedding	direct	true	fail	exhaustive_abstract_subgroup_filter	SmallGroups
78	129	5	2	24	48	no_embedding	direct	true	fail	exhaustive_abstract_subgroup_filter	SmallGroups
78	130	5	2	24	72	no_embedding	direct	true	fail	exhaustive_abstract_subgroup_filter	SmallGroups
78	131	5	1	24	72	no_embedding	direct	true	fail	exhaustive_abstract_subgroup_filter	SmallGroups
78	144	5	3	24	24	no_embedding	direct	true	fail	exhaustive_abstract_subgroup_filter	SmallGroups
78	145	5	3	24	24	no_embedding	direct	true	fail	exhaustive_abstract_subgroup_filter	SmallGroups
78	146	5	3	24	24	no_embedding	direct	true	fail	exhaustive_abstract_subgroup_filter	SmallGroups
78	151	5	1	24	48	no_embedding	direct	true	fail	exhaustive_abstract_subgroup_filter	SmallGroups
78	152	5	1	24	48	no_embedding	direct	true	fail	exhaustive_abstract_subgroup_filter	SmallGroups
78	153	5	1	24	72	no_embedding	direct	true	fail	exhaustive_abstract_subgroup_filter	SmallGroups
78	154	5	1	24	72	no_embedding	direct	true	fail	exhaustive_abstract_subgroup_filter	SmallGroups
78	155	5	0	24	96	no_embedding	direct	true	fail	exhaustive_abstract_subgroup_filter	SmallGroups
78	156	5	0	24	144	no_embedding	direct	true	fail	exhaustive_abstract_subgroup_filter	SmallGroups
79	1	4	0	24	524880	no_embedding	direct	true	fail	weak_fingerprint	filter
79	2	4	0	24	7560	no_embedding	direct	true	fail	weak_fingerprint	filter
79	3	4	0	24	15120	no_embedding	direct	true	fail	weak_fingerprint	filter
79	4	4	0	24	23328	embedded	transitive	false	51	verified_witness_composition	transitivity
79	5	4	0	24	2160	no_embedding	direct	true	fail	weak_fingerprint	filter
79	6	4	0	24	2160	no_embedding	direct	true	fail	weak_fingerprint	filter
79	8	4	0	24	6480	no_embedding	direct	true	fail	weak_fingerprint	filter
79	9	4	1	24	5832	no_embedding	direct	true	fail	weak_fingerprint	filter
79	10	4	1	24	1080	no_embedding	direct	true	fail	exhaustive_abstract_subgroup_filter	SmallGroups
79	11	4	1	24	2160	no_embedding	direct	true	fail	weak_fingerprint	filter
79	12	4	1	24	504	no_embedding	direct	true	fail	exhaustive_abstract_subgroup_filter	SmallGroups
79	13	4	0	24	1008	no_embedding	direct	true	fail	exhaustive_abstract_subgroup_filter	SmallGroups
79	14	4	0	24	1008	no_embedding	direct	true	fail	exhaustive_abstract_subgroup_filter	SmallGroups
79	15	4	1	24	360	no_embedding	direct	true	fail	exhaustive_abstract_subgroup_filter	SmallGroups
79	16	4	1	24	720	no_embedding	direct	true	fail	weak_fingerprint	filter
79	17	4	1	24	216	no_embedding	direct	true	fail	exhaustive_abstract_subgroup_filter	SmallGroups
79	18	4	0	24	648	no_embedding	direct	true	fail	exhaustive_abstract_subgroup_filter	SmallGroups
79	19	4	1	24	432	no_embedding	direct	true	fail	weak_fingerprint	filter
79	20	4	1	24	144	no_embedding	direct	true	fail	exhaustive_abstract_subgroup_filter	SmallGroups
79	22	4	1	24	5832	no_embedding	direct	true	fail	weak_fingerprint	filter
79	24	4	0	24	17496	no_embedding	direct	true	fail	weak_fingerprint	filter
79	25	4	2	24	216	no_embedding	direct	true	fail	exhaustive_abstract_subgroup_filter	SmallGroups
79	26	4	1	24	432	no_embedding	direct	true	fail	weak_fingerprint	filter
79	27	4	2	24	432	no_embedding	direct	true	fail	weak_fingerprint	filter
79	28	4	1	24	1296	no_embedding	direct	true	fail	weak_fingerprint	filter
79	31	4	2	24	360	no_embedding	direct	true	fail	exhaustive_abstract_subgroup_filter	SmallGroups
79	32	4	1	24	1080	no_embedding	direct	true	fail	exhaustive_abstract_subgroup_filter	SmallGroups
79	34	4	2	24	216	no_embedding	direct	true	fail	exhaustive_abstract_subgroup_filter	SmallGroups
79	35	4	2	24	216	no_embedding	direct	true	fail	exhaustive_abstract_subgroup_filter	SmallGroups
79	36	4	1	24	648	no_embedding	direct	true	fail	exhaustive_abstract_subgroup_filter	SmallGroups
79	37	4	2	24	216	no_embedding	direct	true	fail	exhaustive_abstract_subgroup_filter	SmallGroups
79	38	4	1	24	648	no_embedding	direct	true	fail	exhaustive_abstract_subgroup_filter	SmallGroups
79	43	4	2	24	48	no_embedding	direct	true	fail	exhaustive_abstract_subgroup_filter	SmallGroups
79	44	4	1	24	96	embedded	direct	true	fail	literal_matrix_subgroup	literal_matrix_subgroup
79	45	4	3	24	72	no_embedding	direct	true	fail	exhaustive_abstract_subgroup_filter	SmallGroups
79	46	4	2	24	144	no_embedding	direct	true	fail	weak_fingerprint	filter
79	47	4	3	24	144	no_embedding	direct	true	fail	weak_fingerprint	filter
79	48	4	3	24	24	no_embedding	direct	true	fail	exhaustive_abstract_subgroup_filter	SmallGroups
79	49	4	2	24	48	embedded	direct	true	fail	literal_matrix_subgroup	literal_matrix_subgroup
79	50	4	1	24	72	no_embedding	direct	true	fail	exhaustive_abstract_subgroup_filter	SmallGroups
79	51	4	1	24	96	embedded	direct	true	fail	literal_matrix_subgroup	literal_matrix_subgroup
79	59	4	2	24	72	no_embedding	direct	true	fail	exhaustive_abstract_subgroup_filter	SmallGroups
79	60	4	2	24	72	no_embedding	direct	true	fail	exhaustive_abstract_subgroup_filter	SmallGroups
79	62	4	1	24	216	no_embedding	direct	true	fail	exhaustive_abstract_subgroup_filter	SmallGroups
79	64	4	2	24	216	no_embedding	direct	true	fail	exhaustive_abstract_subgroup_filter	SmallGroups
79	66	4	3	24	72	no_embedding	direct	true	fail	exhaustive_abstract_subgroup_filter	SmallGroups
79	69	4	2	24	216	no_embedding	direct	true	fail	exhaustive_abstract_subgroup_filter	SmallGroups
79	75	4	3	24	48	embedded	direct	true	fail	literal_matrix_subgroup	literal_matrix_subgroup
79	76	4	2	24	48	no_embedding	direct	true	fail	exhaustive_abstract_subgroup_filter	SmallGroups
79	80	4	3	24	24	no_embedding	direct	true	fail	exhaustive_abstract_subgroup_filter	SmallGroups
79	81	4	2	24	48	embedded	direct	true	fail	literal_matrix_subgroup	literal_matrix_subgroup
79	82	4	2	24	48	embedded	direct	true	fail	literal_matrix_subgroup	literal_matrix_subgroup
79	89	4	3	24	72	no_embedding	direct	true	fail	weak_fingerprint	filter
79	93	4	1	24	144	no_embedding	direct	true	fail	weak_fingerprint	filter
79	94	4	1	24	216	no_embedding	direct	true	fail	weak_fingerprint	filter
79	95	4	1	24	216	no_embedding	direct	true	fail	weak_fingerprint	filter
79	96	4	0	24	432	no_embedding	direct	true	fail	weak_fingerprint	filter
79	103	4	3	24	72	no_embedding	direct	true	fail	exhaustive_abstract_subgroup_filter	SmallGroups
79	104	4	2	24	72	no_embedding	direct	true	fail	exhaustive_abstract_subgroup_filter	SmallGroups
79	105	4	2	24	72	no_embedding	direct	true	fail	exhaustive_abstract_subgroup_filter	SmallGroups
79	129	4	2	24	48	no_embedding	direct	true	fail	weak_fingerprint	filter
79	130	4	2	24	72	no_embedding	direct	true	fail	weak_fingerprint	filter
79	131	4	1	24	72	no_embedding	direct	true	fail	weak_fingerprint	filter
79	144	4	3	24	24	no_embedding	direct	true	fail	exhaustive_abstract_subgroup_filter	SmallGroups
79	145	4	3	24	24	no_embedding	direct	true	fail	exhaustive_abstract_subgroup_filter	SmallGroups
79	146	4	3	24	24	no_embedding	direct	true	fail	exhaustive_abstract_subgroup_filter	SmallGroups
79	151	4	1	24	48	no_embedding	direct	true	fail	exhaustive_abstract_subgroup_filter	SmallGroups
79	152	4	1	24	48	no_embedding	direct	true	fail	exhaustive_abstract_subgroup_filter	SmallGroups
79	153	4	1	24	72	no_embedding	direct	true	fail	exhaustive_abstract_subgroup_filter	SmallGroups
79	154	4	1	24	72	no_embedding	direct	true	fail	exhaustive_abstract_subgroup_filter	SmallGroups
79	155	4	0	24	96	no_embedding	direct	true	fail	exhaustive_abstract_subgroup_filter	SmallGroups
79	156	4	0	24	144	no_embedding	direct	true	fail	exhaustive_abstract_subgroup_filter	SmallGroups
80	1	3	0	24	524880	no_embedding	direct	true	fail	exhausted_subgroup_classes_and_twists	subgroup_classes_full_aut
80	2	3	0	24	7560	no_embedding	direct	true	fail	weak_fingerprint	filter
80	3	3	0	24	15120	no_embedding	direct	true	fail	exhausted_subgroup_classes_and_twists	subgroup_classes_full_aut
80	4	3	0	24	23328	embedded	transitive	false	51	verified_witness_composition	transitivity
80	5	3	0	24	2160	no_embedding	direct	true	fail	weak_fingerprint	filter
80	6	3	0	24	2160	no_embedding	direct	true	fail	weak_fingerprint	filter
80	8	3	0	24	6480	no_embedding	direct	true	fail	exhausted_subgroup_classes_and_twists	subgroup_classes_full_aut
80	9	3	1	24	5832	no_embedding	direct	true	fail	exhausted_subgroup_classes_and_twists	subgroup_classes_full_aut
80	10	3	1	24	1080	no_embedding	direct	true	fail	weak_fingerprint	filter
80	11	3	1	24	2160	no_embedding	direct	true	fail	exhausted_subgroup_classes_and_twists	subgroup_classes_full_aut
80	12	3	1	24	504	no_embedding	direct	true	fail	weak_fingerprint	filter
80	13	3	0	24	1008	embedded	direct	true	fail	found	A_strict
80	14	3	0	24	1008	embedded	direct	true	fail	found	A_strict
80	15	3	1	24	360	no_embedding	direct	true	fail	weak_fingerprint	filter
80	16	3	1	24	720	no_embedding	direct	true	fail	exhausted_no_verified_candidate	A_strict
80	17	3	1	24	216	no_embedding	direct	true	fail	exhaustive_abstract_subgroup_filter	SmallGroups
80	18	3	0	24	648	no_embedding	direct	true	fail	exhaustive_abstract_subgroup_filter	SmallGroups
80	19	3	1	24	432	no_embedding	direct	true	fail	exhausted_no_verified_candidate	A_strict
80	20	3	1	24	144	no_embedding	direct	true	fail	weak_fingerprint	filter
80	22	3	1	24	5832	no_embedding	direct	true	fail	derived_series	filter
80	24	3	0	24	17496	no_embedding	direct	true	fail	derived_series	filter
80	25	3	2	24	216	no_embedding	direct	true	fail	weak_fingerprint	filter
80	26	3	1	24	432	no_embedding	direct	true	fail	exhausted_no_verified_candidate	A_strict
80	27	3	2	24	432	no_embedding	direct	true	fail	exhausted_no_verified_candidate	A_strict
80	28	3	1	24	1296	no_embedding	direct	true	fail	exhausted_no_verified_candidate	A_strict
80	31	3	2	24	360	no_embedding	direct	true	fail	weak_fingerprint	filter
80	32	3	1	24	1080	no_embedding	direct	true	fail	weak_fingerprint	filter
80	34	3	2	24	216	no_embedding	direct	true	fail	exhausted_no_verified_candidate	A_strict
80	35	3	2	24	216	no_embedding	direct	true	fail	exhaustive_abstract_subgroup_filter	SmallGroups
80	36	3	1	24	648	no_embedding	direct	true	fail	exhaustive_abstract_subgroup_filter	SmallGroups
80	37	3	2	24	216	no_embedding	direct	true	fail	weak_fingerprint	filter
80	38	3	1	24	648	no_embedding	direct	true	fail	weak_fingerprint	filter
80	43	3	2	24	48	no_embedding	direct	true	fail	weak_fingerprint	filter
80	44	3	1	24	96	embedded	direct	true	fail	found	A_strict
80	46	3	2	24	144	no_embedding	direct	true	fail	exhausted_no_verified_candidate	A_strict
80	49	3	2	24	48	embedded	direct	true	fail	found	A_strict
80	50	3	1	24	72	no_embedding	direct	true	fail	exhaustive_abstract_subgroup_filter	SmallGroups
80	51	3	1	24	96	embedded	direct	true	fail	found	A_strict
80	59	3	2	24	72	no_embedding	direct	true	fail	weak_fingerprint	filter
80	60	3	2	24	72	no_embedding	direct	true	fail	exhaustive_abstract_subgroup_filter	SmallGroups
80	62	3	1	24	216	no_embedding	direct	true	fail	weak_fingerprint	filter
80	64	3	2	24	216	no_embedding	direct	true	fail	exhaustive_abstract_subgroup_filter	SmallGroups
80	69	3	2	24	216	no_embedding	direct	true	fail	weak_fingerprint	filter
80	76	3	2	24	48	embedded	direct	true	fail	found	A_strict
80	81	3	2	24	48	no_embedding	direct	true	fail	exhaustive_abstract_subgroup_filter	SmallGroups
80	82	3	2	24	48	no_embedding	direct	true	fail	exhaustive_abstract_subgroup_filter	SmallGroups
80	93	3	1	24	144	no_embedding	direct	true	fail	exhaustive_abstract_subgroup_filter	SmallGroups
80	94	3	1	24	216	no_embedding	direct	true	fail	exhaustive_abstract_subgroup_filter	SmallGroups
80	95	3	1	24	216	no_embedding	direct	true	fail	exhaustive_abstract_subgroup_filter	SmallGroups
80	96	3	0	24	432	no_embedding	direct	true	fail	exhaustive_abstract_subgroup_filter	SmallGroups
80	104	3	2	24	72	no_embedding	direct	true	fail	exhaustive_abstract_subgroup_filter	SmallGroups
80	105	3	2	24	72	no_embedding	direct	true	fail	exhaustive_abstract_subgroup_filter	SmallGroups
80	129	3	2	24	48	no_embedding	direct	true	fail	exhaustive_abstract_subgroup_filter	SmallGroups
80	130	3	2	24	72	no_embedding	direct	true	fail	exhaustive_abstract_subgroup_filter	SmallGroups
80	131	3	1	24	72	no_embedding	direct	true	fail	exhaustive_abstract_subgroup_filter	SmallGroups
80	151	3	1	24	48	no_embedding	direct	true	fail	exhaustive_abstract_subgroup_filter	SmallGroups
80	152	3	1	24	48	no_embedding	direct	true	fail	exhaustive_abstract_subgroup_filter	SmallGroups
80	153	3	1	24	72	no_embedding	direct	true	fail	exhaustive_abstract_subgroup_filter	SmallGroups
80	154	3	1	24	72	no_embedding	direct	true	fail	exhaustive_abstract_subgroup_filter	SmallGroups
80	155	3	0	24	96	no_embedding	direct	true	fail	exhaustive_abstract_subgroup_filter	SmallGroups
80	156	3	0	24	144	no_embedding	direct	true	fail	exhaustive_abstract_subgroup_filter	SmallGroups
81	1	2	0	48	524880	no_embedding	direct	true	fail	weak_fingerprint	filter
81	3	2	0	48	15120	no_embedding	direct	true	fail	weak_fingerprint	filter
81	4	2	0	48	23328	embedded	transitive	false	51	verified_witness_composition	transitivity
81	5	2	0	48	2160	no_embedding	direct	true	fail	weak_fingerprint	filter
81	6	2	0	48	2160	no_embedding	direct	true	fail	weak_fingerprint	filter
81	8	2	0	48	6480	no_embedding	direct	true	fail	weak_fingerprint	filter
81	11	2	1	48	2160	no_embedding	direct	true	fail	weak_fingerprint	filter
81	13	2	0	48	1008	no_embedding	direct	true	fail	exhaustive_abstract_subgroup_filter	SmallGroups
81	14	2	0	48	1008	no_embedding	direct	true	fail	exhaustive_abstract_subgroup_filter	SmallGroups
81	16	2	1	48	720	no_embedding	direct	true	fail	exhaustive_abstract_subgroup_filter	SmallGroups
81	19	2	1	48	432	no_embedding	direct	true	fail	exhaustive_abstract_subgroup_filter	SmallGroups
81	20	2	1	48	144	no_embedding	direct	true	fail	exhaustive_abstract_subgroup_filter	SmallGroups
81	26	2	1	48	432	no_embedding	direct	true	fail	exhaustive_abstract_subgroup_filter	SmallGroups
81	28	2	1	48	1296	no_embedding	direct	true	fail	exhaustive_abstract_subgroup_filter	SmallGroups
81	44	2	1	48	96	no_embedding	direct	true	fail	exhaustive_abstract_subgroup_filter	SmallGroups
81	51	2	1	48	96	embedded	direct	true	fail	found	A_strict
81	93	2	1	48	144	no_embedding	direct	true	fail	exhaustive_abstract_subgroup_filter	SmallGroups
81	96	2	0	48	432	no_embedding	direct	true	fail	exhaustive_abstract_subgroup_filter	SmallGroups
81	151	2	1	48	48	no_embedding	direct	true	fail	exhaustive_abstract_subgroup_filter	SmallGroups
81	152	2	1	48	48	no_embedding	direct	true	fail	exhaustive_abstract_subgroup_filter	SmallGroups
81	155	2	0	48	96	no_embedding	direct	true	fail	exhaustive_abstract_subgroup_filter	SmallGroups
81	156	2	0	48	144	no_embedding	direct	true	fail	exhaustive_abstract_subgroup_filter	SmallGroups
82	1	2	0	48	524880	no_embedding	direct	true	fail	exponent	filter
82	3	2	0	48	15120	no_embedding	direct	true	fail	exponent	filter
82	4	2	0	48	23328	embedded	transitive	false	51	verified_witness_composition	transitivity
82	5	2	0	48	2160	no_embedding	direct	true	fail	weak_fingerprint	filter
82	6	2	0	48	2160	no_embedding	direct	true	fail	weak_fingerprint	filter
82	8	2	0	48	6480	no_embedding	direct	true	fail	exponent	filter
82	11	2	1	48	2160	no_embedding	direct	true	fail	exponent	filter
82	13	2	0	48	1008	no_embedding	direct	true	fail	exhaustive_abstract_subgroup_filter	SmallGroups
82	14	2	0	48	1008	no_embedding	direct	true	fail	exhaustive_abstract_subgroup_filter	SmallGroups
82	16	2	1	48	720	no_embedding	direct	true	fail	exhaustive_abstract_subgroup_filter	SmallGroups
82	19	2	1	48	432	no_embedding	direct	true	fail	exhaustive_abstract_subgroup_filter	SmallGroups
82	20	2	1	48	144	no_embedding	direct	true	fail	exhaustive_abstract_subgroup_filter	SmallGroups
82	26	2	1	48	432	no_embedding	direct	true	fail	exhaustive_abstract_subgroup_filter	SmallGroups
82	28	2	1	48	1296	no_embedding	direct	true	fail	exhaustive_abstract_subgroup_filter	SmallGroups
82	44	2	1	48	96	no_embedding	direct	true	fail	exhaustive_abstract_subgroup_filter	SmallGroups
82	51	2	1	48	96	embedded	direct	true	fail	found	A_strict
82	93	2	1	48	144	no_embedding	direct	true	fail	exhaustive_abstract_subgroup_filter	SmallGroups
82	96	2	0	48	432	no_embedding	direct	true	fail	exhaustive_abstract_subgroup_filter	SmallGroups
82	151	2	1	48	48	no_embedding	direct	true	fail	exhaustive_abstract_subgroup_filter	SmallGroups
82	152	2	1	48	48	no_embedding	direct	true	fail	exhaustive_abstract_subgroup_filter	SmallGroups
82	155	2	0	48	96	no_embedding	direct	true	fail	exhaustive_abstract_subgroup_filter	SmallGroups
82	156	2	0	48	144	no_embedding	direct	true	fail	exhaustive_abstract_subgroup_filter	SmallGroups
83	1	6	0	18	524880	embedded	transitive	false	9	verified_witness_composition	transitivity
83	2	6	0	18	7560	embedded	transitive	false	10	verified_witness_composition	transitivity
83	3	6	0	18	15120	embedded	transitive	false	11	verified_witness_composition	transitivity
83	4	6	0	18	23328	embedded	transitive	false	9	verified_witness_composition	transitivity
83	5	6	0	18	2160	embedded	transitive	false	10	verified_witness_composition	transitivity
83	6	6	0	18	2160	embedded	transitive	false	10	verified_witness_composition	transitivity
83	7	6	0	18	5940	embedded	transitive	false	30	verified_witness_composition	transitivity
83	8	6	0	18	6480	embedded	transitive	false	28	verified_witness_composition	transitivity
83	9	6	1	18	5832	embedded	transitive	false	21	verified_witness_composition	transitivity
83	10	6	1	18	1080	embedded	direct	true	fail	found	A_strict
83	11	6	1	18	2160	embedded	transitive	false	29	verified_witness_composition	transitivity
83	12	6	1	18	504	embedded	direct	true	fail	found	A_strict
83	13	6	0	18	1008	embedded	direct	true	fail	found	A_strict
83	14	6	0	18	1008	embedded	direct	true	fail	found	A_strict
83	15	6	1	18	360	embedded	direct	true	fail	found	A_strict
83	16	6	1	18	720	no_embedding	direct	true	fail	weak_fingerprint	filter
83	17	6	1	18	216	embedded	direct	true	fail	literal_matrix_subgroup	literal_matrix_subgroup
83	18	6	0	18	648	embedded	direct	true	fail	literal_matrix_subgroup	literal_matrix_subgroup
83	19	6	1	18	432	embedded	direct	true	fail	literal_matrix_subgroup	literal_matrix_subgroup
83	20	6	1	18	144	embedded	direct	true	fail	found	A_strict
83	21	6	2	18	2916	embedded	transitive	false	52	verified_witness_composition	transitivity
83	22	6	1	18	5832	embedded	transitive	false	21	verified_witness_composition	transitivity
83	23	6	1	18	8748	embedded	transitive	false	21	verified_witness_composition	transitivity
83	24	6	0	18	17496	embedded	transitive	false	22	verified_witness_composition	transitivity
83	25	6	2	18	216	embedded	direct	true	fail	found	A_strict
83	26	6	1	18	432	embedded	direct	true	fail	found	A_strict
83	27	6	2	18	432	embedded	direct	true	fail	found	A_strict
83	28	6	1	18	1296	embedded	direct	true	fail	found	A_strict
83	29	6	2	18	180	embedded	direct	true	fail	found	A_strict
83	30	6	1	18	540	embedded	direct	true	fail	found	A_strict
83	31	6	2	18	360	no_embedding	direct	true	fail	weak_fingerprint	filter
83	32	6	1	18	1080	no_embedding	direct	true	fail	weak_fingerprint	filter
83	33	6	2	18	108	embedded	direct	true	fail	literal_matrix_subgroup	literal_matrix_subgroup
83	34	6	2	18	216	embedded	direct	true	fail	literal_matrix_subgroup	literal_matrix_subgroup
83	35	6	2	18	216	embedded	direct	true	fail	literal_matrix_subgroup	literal_matrix_subgroup
83	36	6	1	18	648	embedded	direct	true	fail	literal_matrix_subgroup	literal_matrix_subgroup
83	37	6	2	18	216	embedded	direct	true	fail	found	A_strict
83	38	6	1	18	648	embedded	direct	true	fail	found	A_strict
83	40	6	1	18	126	no_embedding	direct	true	fail	exhaustive_abstract_subgroup_filter	SmallGroups
83	41	6	0	18	378	no_embedding	direct	true	fail	exhaustive_abstract_subgroup_filter	SmallGroups
83	45	6	3	18	72	embedded	direct	true	fail	found	A_strict
83	46	6	2	18	144	embedded	direct	true	fail	found	A_strict
83	47	6	3	18	144	no_embedding	direct	true	fail	weak_fingerprint	filter
83	50	6	1	18	72	no_embedding	direct	true	fail	exhaustive_abstract_subgroup_filter	SmallGroups
83	52	6	4	18	54	embedded	direct	true	fail	literal_matrix_subgroup	literal_matrix_subgroup
83	53	6	2	18	108	embedded	direct	true	fail	literal_matrix_subgroup	literal_matrix_subgroup
83	54	6	1	18	162	embedded	direct	true	fail	literal_matrix_subgroup	literal_matrix_subgroup
83	55	6	4	18	108	embedded	direct	true	fail	literal_matrix_subgroup	literal_matrix_subgroup
83	56	6	2	18	324	embedded	direct	true	fail	literal_matrix_subgroup	literal_matrix_subgroup
83	57	6	2	18	324	embedded	direct	true	fail	literal_matrix_subgroup	literal_matrix_subgroup
83	58	6	4	18	36	embedded	direct	true	fail	found	A_strict
83	59	6	2	18	72	embedded	direct	true	fail	found	A_strict
83	60	6	2	18	72	embedded	direct	true	fail	found	A_strict
83	61	6	2	18	108	embedded	direct	true	fail	found	A_strict
83	62	6	1	18	216	embedded	direct	true	fail	found	A_strict
83	63	6	4	18	72	no_embedding	direct	true	fail	weak_fingerprint	filter
83	64	6	2	18	216	no_embedding	direct	true	fail	weak_fingerprint	filter
83	65	6	4	18	36	no_embedding	direct	true	fail	exhaustive_abstract_subgroup_filter	SmallGroups
83	66	6	3	18	72	no_embedding	direct	true	fail	exhaustive_abstract_subgroup_filter	SmallGroups
83	67	6	2	18	108	no_embedding	direct	true	fail	exhaustive_abstract_subgroup_filter	SmallGroups
83	68	6	4	18	72	no_embedding	direct	true	fail	weak_fingerprint	filter
83	69	6	2	18	216	no_embedding	direct	true	fail	weak_fingerprint	filter
83	72	6	2	18	90	no_embedding	direct	true	fail	exhaustive_abstract_subgroup_filter	SmallGroups
83	84	6	3	18	36	embedded	direct	true	fail	literal_matrix_subgroup	literal_matrix_subgroup
83	85	6	3	18	36	embedded	direct	true	fail	literal_matrix_subgroup	literal_matrix_subgroup
83	86	6	3	18	54	embedded	direct	true	fail	literal_matrix_subgroup	literal_matrix_subgroup
83	87	6	2	18	54	embedded	direct	true	fail	literal_matrix_subgroup	literal_matrix_subgroup
83	89	6	3	18	72	no_embedding	direct	true	fail	weak_fingerprint	filter
83	90	6	3	18	108	no_embedding	direct	true	fail	weak_fingerprint	filter
83	91	6	3	18	108	no_embedding	direct	true	fail	weak_fingerprint	filter
83	92	6	2	18	108	no_embedding	direct	true	fail	weak_fingerprint	filter
83	93	6	1	18	144	no_embedding	direct	true	fail	weak_fingerprint	filter
83	94	6	1	18	216	no_embedding	direct	true	fail	weak_fingerprint	filter
83	95	6	1	18	216	no_embedding	direct	true	fail	weak_fingerprint	filter
83	96	6	0	18	432	no_embedding	direct	true	fail	weak_fingerprint	filter
83	101	6	4	18	36	no_embedding	direct	true	fail	exhaustive_abstract_subgroup_filter	SmallGroups
83	102	6	3	18	36	no_embedding	direct	true	fail	exhaustive_abstract_subgroup_filter	SmallGroups
83	103	6	3	18	72	no_embedding	direct	true	fail	exhaustive_abstract_subgroup_filter	SmallGroups
83	104	6	2	18	72	no_embedding	direct	true	fail	exhaustive_abstract_subgroup_filter	SmallGroups
83	105	6	2	18	72	no_embedding	direct	true	fail	exhaustive_abstract_subgroup_filter	SmallGroups
83	107	6	4	18	18	no_embedding	direct	true	fail	weak_fingerprint	filter
83	108	6	4	18	18	no_embedding	direct	true	fail	exhaustive_abstract_subgroup_filter	SmallGroups
83	109	6	4	18	18	no_embedding	direct	true	fail	exhaustive_abstract_subgroup_filter	SmallGroups
83	113	6	2	18	54	no_embedding	direct	true	fail	exhaustive_abstract_subgroup_filter	SmallGroups
83	114	6	1	18	54	no_embedding	direct	true	fail	exhaustive_abstract_subgroup_filter	SmallGroups
83	116	6	4	18	54	no_embedding	direct	true	fail	weak_fingerprint	filter
83	117	6	4	18	54	no_embedding	direct	true	fail	weak_fingerprint	filter
83	118	6	3	18	54	no_embedding	direct	true	fail	weak_fingerprint	filter
83	125	6	5	18	36	no_embedding	direct	true	fail	exhaustive_abstract_subgroup_filter	SmallGroups
83	126	6	4	18	18	no_embedding	direct	true	fail	exhaustive_abstract_subgroup_filter	SmallGroups
83	128	6	3	18	36	no_embedding	direct	true	fail	exhaustive_abstract_subgroup_filter	SmallGroups
83	130	6	2	18	72	no_embedding	direct	true	fail	exhaustive_abstract_subgroup_filter	SmallGroups
83	131	6	1	18	72	no_embedding	direct	true	fail	exhaustive_abstract_subgroup_filter	SmallGroups
83	141	6	5	18	18	no_embedding	direct	true	fail	exhaustive_abstract_subgroup_filter	SmallGroups
83	142	6	4	18	18	no_embedding	direct	true	fail	exhaustive_abstract_subgroup_filter	SmallGroups
83	143	6	3	18	18	no_embedding	direct	true	fail	exhaustive_abstract_subgroup_filter	SmallGroups
83	147	6	3	18	36	no_embedding	direct	true	fail	exhaustive_abstract_subgroup_filter	SmallGroups
83	148	6	3	18	36	no_embedding	direct	true	fail	exhaustive_abstract_subgroup_filter	SmallGroups
83	149	6	2	18	36	no_embedding	direct	true	fail	exhaustive_abstract_subgroup_filter	SmallGroups
83	150	6	2	18	36	no_embedding	direct	true	fail	exhaustive_abstract_subgroup_filter	SmallGroups
83	153	6	1	18	72	no_embedding	direct	true	fail	exhaustive_abstract_subgroup_filter	SmallGroups
83	154	6	1	18	72	no_embedding	direct	true	fail	exhaustive_abstract_subgroup_filter	SmallGroups
83	156	6	0	18	144	no_embedding	direct	true	fail	exhaustive_abstract_subgroup_filter	SmallGroups
84	1	3	0	36	524880	embedded	transitive	false	9	verified_witness_composition	transitivity
84	2	3	0	36	7560	no_embedding	direct	true	fail	weak_fingerprint	filter
84	3	3	0	36	15120	embedded	transitive	false	11	verified_witness_composition	transitivity
84	4	3	0	36	23328	embedded	transitive	false	9	verified_witness_composition	transitivity
84	5	3	0	36	2160	no_embedding	direct	true	fail	weak_fingerprint	filter
84	6	3	0	36	2160	no_embedding	direct	true	fail	weak_fingerprint	filter
84	7	3	0	36	5940	no_embedding	direct	true	fail	weak_fingerprint	filter
84	8	3	0	36	6480	no_embedding	direct	true	fail	strong_fingerprint	filter
84	9	3	1	36	5832	embedded	transitive	false	34	verified_witness_composition	transitivity
84	10	3	1	36	1080	no_embedding	direct	true	fail	exhaustive_abstract_subgroup_filter	SmallGroups
84	11	3	1	36	2160	embedded	transitive	false	34	verified_witness_composition	transitivity
84	12	3	1	36	504	no_embedding	direct	true	fail	exhaustive_abstract_subgroup_filter	SmallGroups
84	13	3	0	36	1008	embedded	direct	true	fail	found	A_strict
84	14	3	0	36	1008	embedded	direct	true	fail	found	A_strict
84	15	3	1	36	360	no_embedding	direct	true	fail	weak_fingerprint	filter
84	16	3	1	36	720	no_embedding	direct	true	fail	weak_fingerprint	filter
84	17	3	1	36	216	no_embedding	direct	true	fail	exhaustive_abstract_subgroup_filter	SmallGroups
84	18	3	0	36	648	no_embedding	direct	true	fail	exhaustive_abstract_subgroup_filter	SmallGroups
84	19	3	1	36	432	embedded	direct	true	fail	found	A_strict
84	20	3	1	36	144	no_embedding	direct	true	fail	weak_fingerprint	filter
84	21	3	2	36	2916	no_embedding	direct	true	fail	weak_fingerprint	filter
84	22	3	1	36	5832	no_embedding	direct	true	fail	weak_fingerprint	filter
84	23	3	1	36	8748	no_embedding	direct	true	fail	weak_fingerprint	filter
84	24	3	0	36	17496	no_embedding	direct	true	fail	weak_fingerprint	filter
84	25	3	2	36	216	no_embedding	direct	true	fail	weak_fingerprint	filter
84	26	3	1	36	432	embedded	direct	true	fail	found	A_strict
84	27	3	2	36	432	no_embedding	direct	true	fail	strong_fingerprint	filter
84	28	3	1	36	1296	no_embedding	direct	true	fail	strong_fingerprint	filter
84	29	3	2	36	180	no_embedding	direct	true	fail	exhaustive_abstract_subgroup_filter	SmallGroups
84	30	3	1	36	540	no_embedding	direct	true	fail	exhaustive_abstract_subgroup_filter	SmallGroups
84	31	3	2	36	360	no_embedding	direct	true	fail	weak_fingerprint	filter
84	32	3	1	36	1080	no_embedding	direct	true	fail	weak_fingerprint	filter
84	33	3	2	36	108	no_embedding	direct	true	fail	exhaustive_abstract_subgroup_filter	SmallGroups
84	34	3	2	36	216	embedded	direct	true	fail	found	A_strict
84	35	3	2	36	216	no_embedding	direct	true	fail	strong_fingerprint	filter
84	36	3	1	36	648	no_embedding	direct	true	fail	strong_fingerprint	filter
84	37	3	2	36	216	no_embedding	direct	true	fail	weak_fingerprint	filter
84	38	3	1	36	648	no_embedding	direct	true	fail	weak_fingerprint	filter
84	46	3	2	36	144	embedded	direct	true	fail	found	A_strict
84	50	3	1	36	72	no_embedding	direct	true	fail	exhaustive_abstract_subgroup_filter	SmallGroups
84	53	3	2	36	108	embedded	direct	true	fail	literal_matrix_subgroup	literal_matrix_subgroup
84	56	3	2	36	324	no_embedding	direct	true	fail	weak_fingerprint	filter
84	57	3	2	36	324	no_embedding	direct	true	fail	weak_fingerprint	filter
84	59	3	2	36	72	no_embedding	direct	true	fail	weak_fingerprint	filter
84	60	3	2	36	72	embedded	direct	true	fail	found	A_strict
84	61	3	2	36	108	no_embedding	direct	true	fail	weak_fingerprint	filter
84	62	3	1	36	216	no_embedding	direct	true	fail	weak_fingerprint	filter
84	64	3	2	36	216	no_embedding	direct	true	fail	weak_fingerprint	filter
84	67	3	2	36	108	no_embedding	direct	true	fail	exhaustive_abstract_subgroup_filter	SmallGroups
84	69	3	2	36	216	no_embedding	direct	true	fail	exhaustive_abstract_subgroup_filter	SmallGroups
84	92	3	2	36	108	no_embedding	direct	true	fail	weak_fingerprint	filter
84	93	3	1	36	144	no_embedding	direct	true	fail	weak_fingerprint	filter
84	94	3	1	36	216	no_embedding	direct	true	fail	weak_fingerprint	filter
84	95	3	1	36	216	no_embedding	direct	true	fail	weak_fingerprint	filter
84	96	3	0	36	432	no_embedding	direct	true	fail	weak_fingerprint	filter
84	104	3	2	36	72	no_embedding	direct	true	fail	exhaustive_abstract_subgroup_filter	SmallGroups
84	105	3	2	36	72	no_embedding	direct	true	fail	exhaustive_abstract_subgroup_filter	SmallGroups
84	130	3	2	36	72	no_embedding	direct	true	fail	exhaustive_abstract_subgroup_filter	SmallGroups
84	131	3	1	36	72	no_embedding	direct	true	fail	exhaustive_abstract_subgroup_filter	SmallGroups
84	149	3	2	36	36	no_embedding	direct	true	fail	exhaustive_abstract_subgroup_filter	SmallGroups
84	150	3	2	36	36	no_embedding	direct	true	fail	exhaustive_abstract_subgroup_filter	SmallGroups
84	153	3	1	36	72	no_embedding	direct	true	fail	exhaustive_abstract_subgroup_filter	SmallGroups
84	154	3	1	36	72	no_embedding	direct	true	fail	exhaustive_abstract_subgroup_filter	SmallGroups
84	156	3	0	36	144	no_embedding	direct	true	fail	exhaustive_abstract_subgroup_filter	SmallGroups
85	1	3	0	36	524880	embedded	transitive	false	19	verified_witness_composition	transitivity
85	2	3	0	36	7560	no_embedding	direct	true	fail	weak_fingerprint	filter
85	3	3	0	36	15120	no_embedding	direct	true	fail	weak_fingerprint	filter
85	4	3	0	36	23328	no_embedding	direct	true	fail	weak_fingerprint	filter
85	5	3	0	36	2160	no_embedding	direct	true	fail	weak_fingerprint	filter
85	6	3	0	36	2160	no_embedding	direct	true	fail	weak_fingerprint	filter
85	7	3	0	36	5940	no_embedding	direct	true	fail	weak_fingerprint	filter
85	8	3	0	36	6480	embedded	transitive	false	36	verified_witness_composition	transitivity
85	9	3	1	36	5832	no_embedding	direct	true	fail	weak_fingerprint	filter
85	10	3	1	36	1080	no_embedding	direct	true	fail	exhaustive_abstract_subgroup_filter	SmallGroups
85	11	3	1	36	2160	no_embedding	direct	true	fail	weak_fingerprint	filter
85	12	3	1	36	504	no_embedding	direct	true	fail	exhaustive_abstract_subgroup_filter	SmallGroups
85	13	3	0	36	1008	no_embedding	direct	true	fail	weak_fingerprint	filter
85	14	3	0	36	1008	no_embedding	direct	true	fail	weak_fingerprint	filter
85	15	3	1	36	360	no_embedding	direct	true	fail	weak_fingerprint	filter
85	16	3	1	36	720	no_embedding	direct	true	fail	weak_fingerprint	filter
85	17	3	1	36	216	no_embedding	direct	true	fail	exhaustive_abstract_subgroup_filter	SmallGroups
85	18	3	0	36	648	no_embedding	direct	true	fail	exhaustive_abstract_subgroup_filter	SmallGroups
85	19	3	1	36	432	embedded	direct	true	fail	found	A_strict
85	20	3	1	36	144	no_embedding	direct	true	fail	weak_fingerprint	filter
85	21	3	2	36	2916	no_embedding	direct	true	fail	weak_fingerprint	filter
85	22	3	1	36	5832	no_embedding	direct	true	fail	weak_fingerprint	filter
85	23	3	1	36	8748	no_embedding	direct	true	fail	weak_fingerprint	filter
85	24	3	0	36	17496	no_embedding	direct	true	fail	weak_fingerprint	filter
85	25	3	2	36	216	no_embedding	direct	true	fail	weak_fingerprint	filter
85	26	3	1	36	432	embedded	direct	true	fail	found	A_strict
85	27	3	2	36	432	no_embedding	direct	true	fail	weak_fingerprint	filter
85	28	3	1	36	1296	no_embedding	direct	true	fail	weak_fingerprint	filter
85	29	3	2	36	180	no_embedding	direct	true	fail	exhaustive_abstract_subgroup_filter	SmallGroups
85	30	3	1	36	540	no_embedding	direct	true	fail	exhaustive_abstract_subgroup_filter	SmallGroups
85	31	3	2	36	360	no_embedding	direct	true	fail	weak_fingerprint	filter
85	32	3	1	36	1080	no_embedding	direct	true	fail	weak_fingerprint	filter
85	33	3	2	36	108	no_embedding	direct	true	fail	exhaustive_abstract_subgroup_filter	SmallGroups
85	34	3	2	36	216	no_embedding	direct	true	fail	weak_fingerprint	filter
85	35	3	2	36	216	embedded	direct	true	fail	found	A_strict
85	36	3	1	36	648	embedded	direct	true	fail	found	A_strict
85	37	3	2	36	216	no_embedding	direct	true	fail	weak_fingerprint	filter
85	38	3	1	36	648	no_embedding	direct	true	fail	weak_fingerprint	filter
85	46	3	2	36	144	no_embedding	direct	true	fail	weak_fingerprint	filter
85	50	3	1	36	72	no_embedding	direct	true	fail	exhaustive_abstract_subgroup_filter	SmallGroups
85	53	3	2	36	108	no_embedding	direct	true	fail	weak_fingerprint	filter
85	56	3	2	36	324	no_embedding	direct	true	fail	weak_fingerprint	filter
85	57	3	2	36	324	no_embedding	direct	true	fail	weak_fingerprint	filter
85	59	3	2	36	72	no_embedding	direct	true	fail	weak_fingerprint	filter
85	60	3	2	36	72	embedded	direct	true	fail	found	A_strict
85	61	3	2	36	108	no_embedding	direct	true	fail	weak_fingerprint	filter
85	62	3	1	36	216	no_embedding	direct	true	fail	weak_fingerprint	filter
85	64	3	2	36	216	no_embedding	direct	true	fail	weak_fingerprint	filter
85	67	3	2	36	108	no_embedding	direct	true	fail	exhaustive_abstract_subgroup_filter	SmallGroups
85	69	3	2	36	216	no_embedding	direct	true	fail	exhaustive_abstract_subgroup_filter	SmallGroups
85	92	3	2	36	108	no_embedding	direct	true	fail	weak_fingerprint	filter
85	93	3	1	36	144	no_embedding	direct	true	fail	weak_fingerprint	filter
85	94	3	1	36	216	no_embedding	direct	true	fail	weak_fingerprint	filter
85	95	3	1	36	216	no_embedding	direct	true	fail	weak_fingerprint	filter
85	96	3	0	36	432	no_embedding	direct	true	fail	weak_fingerprint	filter
85	104	3	2	36	72	no_embedding	direct	true	fail	exhaustive_abstract_subgroup_filter	SmallGroups
85	105	3	2	36	72	no_embedding	direct	true	fail	exhaustive_abstract_subgroup_filter	SmallGroups
85	130	3	2	36	72	no_embedding	direct	true	fail	exhaustive_abstract_subgroup_filter	SmallGroups
85	131	3	1	36	72	no_embedding	direct	true	fail	exhaustive_abstract_subgroup_filter	SmallGroups
85	149	3	2	36	36	no_embedding	direct	true	fail	exhaustive_abstract_subgroup_filter	SmallGroups
85	150	3	2	36	36	no_embedding	direct	true	fail	exhaustive_abstract_subgroup_filter	SmallGroups
85	153	3	1	36	72	no_embedding	direct	true	fail	exhaustive_abstract_subgroup_filter	SmallGroups
85	154	3	1	36	72	no_embedding	direct	true	fail	exhaustive_abstract_subgroup_filter	SmallGroups
85	156	3	0	36	144	no_embedding	direct	true	fail	exhaustive_abstract_subgroup_filter	SmallGroups
86	1	3	0	54	524880	embedded	transitive	false	23	verified_witness_composition	transitivity
86	2	3	0	54	7560	no_embedding	direct	true	fail	weak_fingerprint	filter
86	3	3	0	54	15120	no_embedding	direct	true	fail	weak_fingerprint	filter
86	4	3	0	54	23328	no_embedding	direct	true	fail	weak_fingerprint	filter
86	5	3	0	54	2160	no_embedding	direct	true	fail	weak_fingerprint	filter
86	6	3	0	54	2160	no_embedding	direct	true	fail	weak_fingerprint	filter
86	7	3	0	54	5940	embedded	transitive	false	30	verified_witness_composition	transitivity
86	8	3	0	54	6480	no_embedding	direct	true	fail	exhausted_subgroup_classes_and_twists	subgroup_classes_full_aut
86	9	3	1	54	5832	no_embedding	direct	true	fail	weak_fingerprint	filter
86	10	3	1	54	1080	no_embedding	direct	true	fail	exhaustive_abstract_subgroup_filter	SmallGroups
86	11	3	1	54	2160	no_embedding	direct	true	fail	weak_fingerprint	filter
86	17	3	1	54	216	no_embedding	direct	true	fail	exhaustive_abstract_subgroup_filter	SmallGroups
86	18	3	0	54	648	no_embedding	direct	true	fail	weak_fingerprint	filter
86	19	3	1	54	432	no_embedding	direct	true	fail	weak_fingerprint	filter
86	21	3	2	54	2916	no_embedding	direct	true	fail	weak_fingerprint	filter
86	22	3	1	54	5832	no_embedding	direct	true	fail	weak_fingerprint	filter
86	23	3	1	54	8748	embedded	transitive	false	57	verified_witness_composition	transitivity
86	24	3	0	54	17496	embedded	transitive	false	23	verified_witness_composition	transitivity
86	25	3	2	54	216	no_embedding	direct	true	fail	exhaustive_abstract_subgroup_filter	SmallGroups
86	26	3	1	54	432	no_embedding	direct	true	fail	exhaustive_abstract_subgroup_filter	SmallGroups
86	27	3	2	54	432	no_embedding	direct	true	fail	weak_fingerprint	filter
86	28	3	1	54	1296	no_embedding	direct	true	fail	exhausted_no_verified_candidate	A_strict
86	30	3	1	54	540	embedded	direct	true	fail	found	A_strict
86	32	3	1	54	1080	no_embedding	direct	true	fail	weak_fingerprint	filter
86	33	3	2	54	108	no_embedding	direct	true	fail	exhaustive_abstract_subgroup_filter	SmallGroups
86	34	3	2	54	216	no_embedding	direct	true	fail	weak_fingerprint	filter
86	35	3	2	54	216	no_embedding	direct	true	fail	weak_fingerprint	filter
86	36	3	1	54	648	no_embedding	direct	true	fail	exhausted_no_verified_candidate	A_strict
86	37	3	2	54	216	no_embedding	direct	true	fail	weak_fingerprint	filter
86	38	3	1	54	648	embedded	direct	true	fail	found	A_strict
86	41	3	0	54	378	no_embedding	direct	true	fail	exhaustive_abstract_subgroup_filter	SmallGroups
86	53	3	2	54	108	no_embedding	direct	true	fail	exhaustive_abstract_subgroup_filter	SmallGroups
86	54	3	1	54	162	no_embedding	direct	true	fail	weak_fingerprint	filter
86	56	3	2	54	324	no_embedding	direct	true	fail	weak_fingerprint	filter
86	57	3	2	54	324	embedded	direct	true	fail	literal_matrix_subgroup	literal_matrix_subgroup
86	61	3	2	54	108	embedded	direct	true	fail	found	A_strict
86	62	3	1	54	216	embedded	direct	true	fail	found	A_strict
86	64	3	2	54	216	no_embedding	direct	true	fail	weak_fingerprint	filter
86	67	3	2	54	108	no_embedding	direct	true	fail	exhaustive_abstract_subgroup_filter	SmallGroups
86	69	3	2	54	216	no_embedding	direct	true	fail	weak_fingerprint	filter
86	87	3	2	54	54	no_embedding	direct	true	fail	weak_fingerprint	filter
86	92	3	2	54	108	no_embedding	direct	true	fail	weak_fingerprint	filter
86	94	3	1	54	216	no_embedding	direct	true	fail	weak_fingerprint	filter
86	95	3	1	54	216	no_embedding	direct	true	fail	weak_fingerprint	filter
86	96	3	0	54	432	no_embedding	direct	true	fail	weak_fingerprint	filter
86	113	3	2	54	54	no_embedding	direct	true	fail	exhaustive_abstract_subgroup_filter	SmallGroups
86	114	3	1	54	54	no_embedding	direct	true	fail	exhaustive_abstract_subgroup_filter	SmallGroups
87	1	2	0	54	524880	embedded	transitive	false	23	verified_witness_composition	transitivity
87	2	2	0	54	7560	no_embedding	direct	true	fail	weak_fingerprint	filter
87	3	2	0	54	15120	no_embedding	direct	true	fail	weak_fingerprint	filter
87	4	2	0	54	23328	no_embedding	direct	true	fail	weak_fingerprint	filter
87	5	2	0	54	2160	no_embedding	direct	true	fail	weak_fingerprint	filter
87	6	2	0	54	2160	no_embedding	direct	true	fail	weak_fingerprint	filter
87	7	2	0	54	5940	no_embedding	direct	true	fail	exhausted_subgroup_classes_and_twists	subgroup_classes_full_aut
87	8	2	0	54	6480	no_embedding	direct	true	fail	exhausted_subgroup_classes_and_twists	subgroup_classes_full_aut
87	9	2	1	54	5832	no_embedding	direct	true	fail	weak_fingerprint	filter
87	10	2	1	54	1080	no_embedding	direct	true	fail	exhaustive_abstract_subgroup_filter	SmallGroups
87	11	2	1	54	2160	no_embedding	direct	true	fail	weak_fingerprint	filter
87	17	2	1	54	216	no_embedding	direct	true	fail	exhaustive_abstract_subgroup_filter	SmallGroups
87	18	2	0	54	648	embedded	direct	true	fail	found	A_strict
87	19	2	1	54	432	no_embedding	direct	true	fail	weak_fingerprint	filter
87	22	2	1	54	5832	no_embedding	direct	true	fail	weak_fingerprint	filter
87	23	2	1	54	8748	embedded	direct	true	fail	found	subgroup_classes_full_aut
87	24	2	0	54	17496	embedded	transitive	false	23	verified_witness_composition	transitivity
87	26	2	1	54	432	no_embedding	direct	true	fail	exhaustive_abstract_subgroup_filter	SmallGroups
87	28	2	1	54	1296	no_embedding	direct	true	fail	strong_fingerprint	filter
87	30	2	1	54	540	no_embedding	direct	true	fail	strong_fingerprint	filter
87	32	2	1	54	1080	no_embedding	direct	true	fail	weak_fingerprint	filter
87	36	2	1	54	648	no_embedding	direct	true	fail	exhausted_no_verified_candidate	A_strict
87	38	2	1	54	648	embedded	direct	true	fail	found	A_strict
87	41	2	0	54	378	no_embedding	direct	true	fail	exhaustive_abstract_subgroup_filter	SmallGroups
87	54	2	1	54	162	embedded	direct	true	fail	found	A_strict
87	62	2	1	54	216	no_embedding	direct	true	fail	weak_fingerprint	filter
87	94	2	1	54	216	no_embedding	direct	true	fail	weak_fingerprint	filter
87	95	2	1	54	216	no_embedding	direct	true	fail	weak_fingerprint	filter
87	96	2	0	54	432	no_embedding	direct	true	fail	weak_fingerprint	filter
87	114	2	1	54	54	no_embedding	direct	true	fail	exhaustive_abstract_subgroup_filter	SmallGroups
88	1	6	0	36	524880	embedded	transitive	false	9	verified_witness_composition	transitivity
88	2	6	0	36	7560	no_embedding	direct	true	fail	weak_fingerprint	filter
88	3	6	0	36	15120	embedded	transitive	false	11	verified_witness_composition	transitivity
88	4	6	0	36	23328	embedded	transitive	false	9	verified_witness_composition	transitivity
88	5	6	0	36	2160	no_embedding	direct	true	fail	weak_fingerprint	filter
88	6	6	0	36	2160	no_embedding	direct	true	fail	weak_fingerprint	filter
88	7	6	0	36	5940	no_embedding	direct	true	fail	weak_fingerprint	filter
88	8	6	0	36	6480	embedded	transitive	false	16	verified_witness_composition	transitivity
88	9	6	1	36	5832	embedded	transitive	false	21	verified_witness_composition	transitivity
88	10	6	1	36	1080	no_embedding	direct	true	fail	exhaustive_abstract_subgroup_filter	SmallGroups
88	11	6	1	36	2160	embedded	transitive	false	31	verified_witness_composition	transitivity
88	12	6	1	36	504	no_embedding	direct	true	fail	exhaustive_abstract_subgroup_filter	SmallGroups
88	13	6	0	36	1008	no_embedding	direct	true	fail	weak_fingerprint	filter
88	14	6	0	36	1008	no_embedding	direct	true	fail	weak_fingerprint	filter
88	15	6	1	36	360	no_embedding	direct	true	fail	weak_fingerprint	filter
88	16	6	1	36	720	embedded	direct	true	fail	literal_matrix_subgroup	literal_matrix_subgroup
88	17	6	1	36	216	no_embedding	direct	true	fail	exhaustive_abstract_subgroup_filter	SmallGroups
88	18	6	0	36	648	no_embedding	direct	true	fail	exhaustive_abstract_subgroup_filter	SmallGroups
88	19	6	1	36	432	embedded	direct	true	fail	found	A_strict
88	20	6	1	36	144	no_embedding	direct	true	fail	weak_fingerprint	filter
88	21	6	2	36	2916	embedded	transitive	false	55	verified_witness_composition	transitivity
88	22	6	1	36	5832	embedded	transitive	false	21	verified_witness_composition	transitivity
88	23	6	1	36	8748	embedded	transitive	false	21	verified_witness_composition	transitivity
88	24	6	0	36	17496	embedded	transitive	false	22	verified_witness_composition	transitivity
88	25	6	2	36	216	no_embedding	direct	true	fail	weak_fingerprint	filter
88	26	6	1	36	432	no_embedding	direct	true	fail	weak_fingerprint	filter
88	27	6	2	36	432	embedded	direct	true	fail	found	A_strict
88	28	6	1	36	1296	embedded	direct	true	fail	found	A_strict
88	29	6	2	36	180	no_embedding	direct	true	fail	exhaustive_abstract_subgroup_filter	SmallGroups
88	30	6	1	36	540	no_embedding	direct	true	fail	exhaustive_abstract_subgroup_filter	SmallGroups
88	31	6	2	36	360	embedded	direct	true	fail	found	A_strict
88	32	6	1	36	1080	embedded	direct	true	fail	found	A_strict
88	33	6	2	36	108	no_embedding	direct	true	fail	exhaustive_abstract_subgroup_filter	SmallGroups
88	34	6	2	36	216	embedded	direct	true	fail	found	A_strict
88	35	6	2	36	216	embedded	direct	true	fail	found	A_strict
88	36	6	1	36	648	embedded	direct	true	fail	found	A_strict
88	37	6	2	36	216	embedded	direct	true	fail	found	A_strict
88	38	6	1	36	648	embedded	direct	true	fail	found	A_strict
88	45	6	3	36	72	no_embedding	direct	true	fail	exhaustive_abstract_subgroup_filter	SmallGroups
88	46	6	2	36	144	no_embedding	direct	true	fail	weak_fingerprint	filter
88	47	6	3	36	144	embedded	direct	true	fail	literal_matrix_subgroup	literal_matrix_subgroup
88	50	6	1	36	72	no_embedding	direct	true	fail	exhaustive_abstract_subgroup_filter	SmallGroups
88	53	6	2	36	108	no_embedding	direct	true	fail	weak_fingerprint	filter
88	55	6	4	36	108	embedded	direct	true	fail	found	A_strict
88	56	6	2	36	324	embedded	direct	true	fail	found	A_strict
88	57	6	2	36	324	embedded	direct	true	fail	found	A_strict
88	58	6	4	36	36	no_embedding	direct	true	fail	weak_fingerprint	filter
88	59	6	2	36	72	no_embedding	direct	true	fail	weak_fingerprint	filter
88	60	6	2	36	72	no_embedding	direct	true	fail	weak_fingerprint	filter
88	61	6	2	36	108	no_embedding	direct	true	fail	weak_fingerprint	filter
88	62	6	1	36	216	no_embedding	direct	true	fail	weak_fingerprint	filter
88	63	6	4	36	72	embedded	direct	true	fail	found	A_strict
88	64	6	2	36	216	embedded	direct	true	fail	found	A_strict
88	65	6	4	36	36	no_embedding	direct	true	fail	exhaustive_abstract_subgroup_filter	SmallGroups
88	66	6	3	36	72	no_embedding	direct	true	fail	exhaustive_abstract_subgroup_filter	SmallGroups
88	67	6	2	36	108	no_embedding	direct	true	fail	exhaustive_abstract_subgroup_filter	SmallGroups
88	68	6	4	36	72	no_embedding	direct	true	fail	exhaustive_abstract_subgroup_filter	SmallGroups
88	69	6	2	36	216	no_embedding	direct	true	fail	exhaustive_abstract_subgroup_filter	SmallGroups
88	84	6	3	36	36	no_embedding	direct	true	fail	weak_fingerprint	filter
88	85	6	3	36	36	no_embedding	direct	true	fail	weak_fingerprint	filter
88	89	6	3	36	72	embedded	direct	true	fail	literal_matrix_subgroup	literal_matrix_subgroup
88	90	6	3	36	108	embedded	direct	true	fail	literal_matrix_subgroup	literal_matrix_subgroup
88	91	6	3	36	108	embedded	direct	true	fail	literal_matrix_subgroup	literal_matrix_subgroup
88	92	6	2	36	108	embedded	direct	true	fail	literal_matrix_subgroup	literal_matrix_subgroup
88	93	6	1	36	144	embedded	direct	true	fail	literal_matrix_subgroup	literal_matrix_subgroup
88	94	6	1	36	216	embedded	direct	true	fail	literal_matrix_subgroup	literal_matrix_subgroup
88	95	6	1	36	216	embedded	direct	true	fail	literal_matrix_subgroup	literal_matrix_subgroup
88	96	6	0	36	432	embedded	direct	true	fail	literal_matrix_subgroup	literal_matrix_subgroup
88	101	6	4	36	36	no_embedding	direct	true	fail	exhaustive_abstract_subgroup_filter	SmallGroups
88	102	6	3	36	36	no_embedding	direct	true	fail	exhaustive_abstract_subgroup_filter	SmallGroups
88	103	6	3	36	72	no_embedding	direct	true	fail	exhaustive_abstract_subgroup_filter	SmallGroups
88	104	6	2	36	72	no_embedding	direct	true	fail	exhaustive_abstract_subgroup_filter	SmallGroups
88	105	6	2	36	72	no_embedding	direct	true	fail	exhaustive_abstract_subgroup_filter	SmallGroups
88	125	6	5	36	36	no_embedding	direct	true	fail	exhaustive_abstract_subgroup_filter	SmallGroups
88	128	6	3	36	36	no_embedding	direct	true	fail	exhaustive_abstract_subgroup_filter	SmallGroups
88	130	6	2	36	72	no_embedding	direct	true	fail	exhaustive_abstract_subgroup_filter	SmallGroups
88	131	6	1	36	72	no_embedding	direct	true	fail	exhaustive_abstract_subgroup_filter	SmallGroups
88	147	6	3	36	36	no_embedding	direct	true	fail	exhaustive_abstract_subgroup_filter	SmallGroups
88	148	6	3	36	36	no_embedding	direct	true	fail	exhaustive_abstract_subgroup_filter	SmallGroups
88	149	6	2	36	36	no_embedding	direct	true	fail	exhaustive_abstract_subgroup_filter	SmallGroups
88	150	6	2	36	36	no_embedding	direct	true	fail	exhaustive_abstract_subgroup_filter	SmallGroups
88	153	6	1	36	72	no_embedding	direct	true	fail	exhaustive_abstract_subgroup_filter	SmallGroups
88	154	6	1	36	72	no_embedding	direct	true	fail	exhaustive_abstract_subgroup_filter	SmallGroups
88	156	6	0	36	144	no_embedding	direct	true	fail	exhaustive_abstract_subgroup_filter	SmallGroups
89	1	3	0	72	524880	no_embedding	direct	true	fail	weak_fingerprint	filter
89	2	3	0	72	7560	no_embedding	direct	true	fail	weak_fingerprint	filter
89	3	3	0	72	15120	no_embedding	direct	true	fail	weak_fingerprint	filter
89	4	3	0	72	23328	embedded	transitive	false	22	verified_witness_composition	transitivity
89	5	3	0	72	2160	no_embedding	direct	true	fail	weak_fingerprint	filter
89	6	3	0	72	2160	no_embedding	direct	true	fail	weak_fingerprint	filter
89	8	3	0	72	6480	no_embedding	direct	true	fail	weak_fingerprint	filter
89	9	3	1	72	5832	no_embedding	direct	true	fail	weak_fingerprint	filter
89	10	3	1	72	1080	no_embedding	direct	true	fail	exhaustive_abstract_subgroup_filter	SmallGroups
89	11	3	1	72	2160	no_embedding	direct	true	fail	weak_fingerprint	filter
89	12	3	1	72	504	no_embedding	direct	true	fail	exhaustive_abstract_subgroup_filter	SmallGroups
89	13	3	0	72	1008	no_embedding	direct	true	fail	exhaustive_abstract_subgroup_filter	SmallGroups
89	14	3	0	72	1008	no_embedding	direct	true	fail	exhaustive_abstract_subgroup_filter	SmallGroups
89	15	3	1	72	360	no_embedding	direct	true	fail	exhaustive_abstract_subgroup_filter	SmallGroups
89	16	3	1	72	720	no_embedding	direct	true	fail	exhaustive_abstract_subgroup_filter	SmallGroups
89	17	3	1	72	216	no_embedding	direct	true	fail	exhaustive_abstract_subgroup_filter	SmallGroups
89	18	3	0	72	648	no_embedding	direct	true	fail	exhaustive_abstract_subgroup_filter	SmallGroups
89	19	3	1	72	432	no_embedding	direct	true	fail	exhaustive_abstract_subgroup_filter	SmallGroups
89	20	3	1	72	144	no_embedding	direct	true	fail	exhaustive_abstract_subgroup_filter	SmallGroups
89	22	3	1	72	5832	embedded	direct	true	fail	found	subgroup_classes_full_aut
89	24	3	0	72	17496	embedded	transitive	false	22	verified_witness_composition	transitivity
89	25	3	2	72	216	no_embedding	direct	true	fail	exhaustive_abstract_subgroup_filter	SmallGroups
89	26	3	1	72	432	no_embedding	direct	true	fail	exhaustive_abstract_subgroup_filter	SmallGroups
89	27	3	2	72	432	no_embedding	direct	true	fail	weak_fingerprint	filter
89	28	3	1	72	1296	no_embedding	direct	true	fail	weak_fingerprint	filter
89	31	3	2	72	360	no_embedding	direct	true	fail	exhaustive_abstract_subgroup_filter	SmallGroups
89	32	3	1	72	1080	no_embedding	direct	true	fail	exhaustive_abstract_subgroup_filter	SmallGroups
89	34	3	2	72	216	no_embedding	direct	true	fail	exhaustive_abstract_subgroup_filter	SmallGroups
89	35	3	2	72	216	no_embedding	direct	true	fail	exhaustive_abstract_subgroup_filter	SmallGroups
89	36	3	1	72	648	no_embedding	direct	true	fail	exhaustive_abstract_subgroup_filter	SmallGroups
89	37	3	2	72	216	no_embedding	direct	true	fail	exhaustive_abstract_subgroup_filter	SmallGroups
89	38	3	1	72	648	no_embedding	direct	true	fail	exhaustive_abstract_subgroup_filter	SmallGroups
89	46	3	2	72	144	no_embedding	direct	true	fail	exhaustive_abstract_subgroup_filter	SmallGroups
89	50	3	1	72	72	no_embedding	direct	true	fail	exhaustive_abstract_subgroup_filter	SmallGroups
89	59	3	2	72	72	no_embedding	direct	true	fail	exhaustive_abstract_subgroup_filter	SmallGroups
89	60	3	2	72	72	no_embedding	direct	true	fail	exhaustive_abstract_subgroup_filter	SmallGroups
89	62	3	1	72	216	no_embedding	direct	true	fail	exhaustive_abstract_subgroup_filter	SmallGroups
89	64	3	2	72	216	no_embedding	direct	true	fail	exhaustive_abstract_subgroup_filter	SmallGroups
89	69	3	2	72	216	no_embedding	direct	true	fail	exhaustive_abstract_subgroup_filter	SmallGroups
89	93	3	1	72	144	embedded	direct	true	fail	literal_matrix_subgroup	literal_matrix_subgroup
89	94	3	1	72	216	embedded	direct	true	fail	found	A_strict
89	95	3	1	72	216	embedded	direct	true	fail	found	A_strict
89	96	3	0	72	432	embedded	direct	true	fail	found	A_strict
89	104	3	2	72	72	no_embedding	direct	true	fail	exhaustive_abstract_subgroup_filter	SmallGroups
89	105	3	2	72	72	no_embedding	direct	true	fail	exhaustive_abstract_subgroup_filter	SmallGroups
89	130	3	2	72	72	no_embedding	direct	true	fail	exhaustive_abstract_subgroup_filter	SmallGroups
89	131	3	1	72	72	no_embedding	direct	true	fail	exhaustive_abstract_subgroup_filter	SmallGroups
89	153	3	1	72	72	no_embedding	direct	true	fail	exhaustive_abstract_subgroup_filter	SmallGroups
89	154	3	1	72	72	no_embedding	direct	true	fail	exhaustive_abstract_subgroup_filter	SmallGroups
89	156	3	0	72	144	no_embedding	direct	true	fail	exhaustive_abstract_subgroup_filter	SmallGroups
90	1	3	0	108	524880	embedded	transitive	false	23	verified_witness_composition	transitivity
90	2	3	0	108	7560	no_embedding	direct	true	fail	weak_fingerprint	filter
90	3	3	0	108	15120	no_embedding	direct	true	fail	weak_fingerprint	filter
90	4	3	0	108	23328	no_embedding	direct	true	fail	weak_fingerprint	filter
90	5	3	0	108	2160	no_embedding	direct	true	fail	weak_fingerprint	filter
90	6	3	0	108	2160	no_embedding	direct	true	fail	weak_fingerprint	filter
90	7	3	0	108	5940	no_embedding	direct	true	fail	weak_fingerprint	filter
90	8	3	0	108	6480	embedded	transitive	false	28	verified_witness_composition	transitivity
90	9	3	1	108	5832	no_embedding	direct	true	fail	weak_fingerprint	filter
90	10	3	1	108	1080	no_embedding	direct	true	fail	exhaustive_abstract_subgroup_filter	SmallGroups
90	11	3	1	108	2160	no_embedding	direct	true	fail	weak_fingerprint	filter
90	17	3	1	108	216	no_embedding	direct	true	fail	exhaustive_abstract_subgroup_filter	SmallGroups
90	18	3	0	108	648	no_embedding	direct	true	fail	exhaustive_abstract_subgroup_filter	SmallGroups
90	19	3	1	108	432	no_embedding	direct	true	fail	weak_fingerprint	filter
90	21	3	2	108	2916	no_embedding	direct	true	fail	weak_fingerprint	filter
90	22	3	1	108	5832	no_embedding	direct	true	fail	weak_fingerprint	filter
90	23	3	1	108	8748	embedded	transitive	false	56	verified_witness_composition	transitivity
90	24	3	0	108	17496	embedded	transitive	false	23	verified_witness_composition	transitivity
90	25	3	2	108	216	no_embedding	direct	true	fail	exhaustive_abstract_subgroup_filter	SmallGroups
90	26	3	1	108	432	no_embedding	direct	true	fail	exhaustive_abstract_subgroup_filter	SmallGroups
90	27	3	2	108	432	no_embedding	direct	true	fail	exhaustive_abstract_subgroup_filter	SmallGroups
90	28	3	1	108	1296	embedded	direct	true	fail	found	A_strict
90	30	3	1	108	540	no_embedding	direct	true	fail	exhaustive_abstract_subgroup_filter	SmallGroups
90	32	3	1	108	1080	no_embedding	direct	true	fail	weak_fingerprint	filter
90	33	3	2	108	108	no_embedding	direct	true	fail	exhaustive_abstract_subgroup_filter	SmallGroups
90	34	3	2	108	216	no_embedding	direct	true	fail	exhaustive_abstract_subgroup_filter	SmallGroups
90	35	3	2	108	216	no_embedding	direct	true	fail	weak_fingerprint	filter
90	36	3	1	108	648	embedded	direct	true	fail	found	A_strict
90	37	3	2	108	216	no_embedding	direct	true	fail	exhaustive_abstract_subgroup_filter	SmallGroups
90	38	3	1	108	648	no_embedding	direct	true	fail	weak_fingerprint	filter
90	53	3	2	108	108	no_embedding	direct	true	fail	exhaustive_abstract_subgroup_filter	SmallGroups
90	56	3	2	108	324	embedded	direct	true	fail	found	A_strict
90	57	3	2	108	324	no_embedding	direct	true	fail	weak_fingerprint	filter
90	61	3	2	108	108	no_embedding	direct	true	fail	weak_fingerprint	filter
90	62	3	1	108	216	no_embedding	direct	true	fail	weak_fingerprint	filter
90	64	3	2	108	216	embedded	direct	true	fail	found	A_strict
90	67	3	2	108	108	no_embedding	direct	true	fail	exhaustive_abstract_subgroup_filter	SmallGroups
90	69	3	2	108	216	no_embedding	direct	true	fail	exhaustive_abstract_subgroup_filter	SmallGroups
90	92	3	2	108	108	no_embedding	direct	true	fail	weak_fingerprint	filter
90	94	3	1	108	216	embedded	direct	true	fail	literal_matrix_subgroup	literal_matrix_subgroup
90	95	3	1	108	216	no_embedding	direct	true	fail	weak_fingerprint	filter
90	96	3	0	108	432	embedded	direct	true	fail	literal_matrix_subgroup	literal_matrix_subgroup
91	1	3	0	108	524880	embedded	transitive	false	23	verified_witness_composition	transitivity
91	2	3	0	108	7560	no_embedding	direct	true	fail	weak_fingerprint	filter
91	3	3	0	108	15120	no_embedding	direct	true	fail	weak_fingerprint	filter
91	4	3	0	108	23328	no_embedding	direct	true	fail	weak_fingerprint	filter
91	5	3	0	108	2160	no_embedding	direct	true	fail	weak_fingerprint	filter
91	6	3	0	108	2160	no_embedding	direct	true	fail	weak_fingerprint	filter
91	7	3	0	108	5940	no_embedding	direct	true	fail	weak_fingerprint	filter
91	8	3	0	108	6480	embedded	transitive	false	32	verified_witness_composition	transitivity
91	9	3	1	108	5832	no_embedding	direct	true	fail	weak_fingerprint	filter
91	10	3	1	108	1080	no_embedding	direct	true	fail	exhaustive_abstract_subgroup_filter	SmallGroups
91	11	3	1	108	2160	no_embedding	direct	true	fail	weak_fingerprint	filter
91	17	3	1	108	216	no_embedding	direct	true	fail	exhaustive_abstract_subgroup_filter	SmallGroups
91	18	3	0	108	648	no_embedding	direct	true	fail	exhaustive_abstract_subgroup_filter	SmallGroups
91	19	3	1	108	432	no_embedding	direct	true	fail	weak_fingerprint	filter
91	21	3	2	108	2916	no_embedding	direct	true	fail	weak_fingerprint	filter
91	22	3	1	108	5832	no_embedding	direct	true	fail	weak_fingerprint	filter
91	23	3	1	108	8748	embedded	transitive	false	57	verified_witness_composition	transitivity
91	24	3	0	108	17496	embedded	transitive	false	23	verified_witness_composition	transitivity
91	25	3	2	108	216	no_embedding	direct	true	fail	exhaustive_abstract_subgroup_filter	SmallGroups
91	26	3	1	108	432	no_embedding	direct	true	fail	exhaustive_abstract_subgroup_filter	SmallGroups
91	27	3	2	108	432	no_embedding	direct	true	fail	exhaustive_abstract_subgroup_filter	SmallGroups
91	28	3	1	108	1296	no_embedding	direct	true	fail	exhausted_no_verified_candidate	A_strict
91	30	3	1	108	540	no_embedding	direct	true	fail	exhaustive_abstract_subgroup_filter	SmallGroups
91	32	3	1	108	1080	embedded	direct	true	fail	found	A_strict
91	33	3	2	108	108	no_embedding	direct	true	fail	exhaustive_abstract_subgroup_filter	SmallGroups
91	34	3	2	108	216	no_embedding	direct	true	fail	exhaustive_abstract_subgroup_filter	SmallGroups
91	35	3	2	108	216	no_embedding	direct	true	fail	weak_fingerprint	filter
91	36	3	1	108	648	embedded	direct	true	fail	found	A_strict
91	37	3	2	108	216	no_embedding	direct	true	fail	exhaustive_abstract_subgroup_filter	SmallGroups
91	38	3	1	108	648	embedded	direct	true	fail	found	A_strict
91	53	3	2	108	108	no_embedding	direct	true	fail	exhaustive_abstract_subgroup_filter	SmallGroups
91	56	3	2	108	324	no_embedding	direct	true	fail	weak_fingerprint	filter
91	57	3	2	108	324	embedded	direct	true	fail	found	A_strict
91	61	3	2	108	108	no_embedding	direct	true	fail	weak_fingerprint	filter
91	62	3	1	108	216	no_embedding	direct	true	fail	weak_fingerprint	filter
91	64	3	2	108	216	no_embedding	direct	true	fail	weak_fingerprint	filter
91	67	3	2	108	108	no_embedding	direct	true	fail	exhaustive_abstract_subgroup_filter	SmallGroups
91	69	3	2	108	216	no_embedding	direct	true	fail	exhaustive_abstract_subgroup_filter	SmallGroups
91	92	3	2	108	108	no_embedding	direct	true	fail	weak_fingerprint	filter
91	94	3	1	108	216	no_embedding	direct	true	fail	weak_fingerprint	filter
91	95	3	1	108	216	embedded	direct	true	fail	found	A_strict
91	96	3	0	108	432	no_embedding	direct	true	fail	weak_fingerprint	filter
92	1	2	0	108	524880	embedded	transitive	false	23	verified_witness_composition	transitivity
92	2	2	0	108	7560	no_embedding	direct	true	fail	weak_fingerprint	filter
92	3	2	0	108	15120	no_embedding	direct	true	fail	weak_fingerprint	filter
92	4	2	0	108	23328	no_embedding	direct	true	fail	weak_fingerprint	filter
92	5	2	0	108	2160	no_embedding	direct	true	fail	weak_fingerprint	filter
92	6	2	0	108	2160	no_embedding	direct	true	fail	weak_fingerprint	filter
92	7	2	0	108	5940	no_embedding	direct	true	fail	weak_fingerprint	filter
92	8	2	0	108	6480	embedded	transitive	false	36	verified_witness_composition	transitivity
92	9	2	1	108	5832	no_embedding	direct	true	fail	weak_fingerprint	filter
92	10	2	1	108	1080	no_embedding	direct	true	fail	exhaustive_abstract_subgroup_filter	SmallGroups
92	11	2	1	108	2160	no_embedding	direct	true	fail	weak_fingerprint	filter
92	17	2	1	108	216	no_embedding	direct	true	fail	exhaustive_abstract_subgroup_filter	SmallGroups
92	18	2	0	108	648	no_embedding	direct	true	fail	exhaustive_abstract_subgroup_filter	SmallGroups
92	19	2	1	108	432	no_embedding	direct	true	fail	weak_fingerprint	filter
92	22	2	1	108	5832	no_embedding	direct	true	fail	weak_fingerprint	filter
92	23	2	1	108	8748	embedded	direct	true	fail	found	subgroup_classes_full_aut
92	24	2	0	108	17496	embedded	transitive	false	23	verified_witness_composition	transitivity
92	26	2	1	108	432	no_embedding	direct	true	fail	exhaustive_abstract_subgroup_filter	SmallGroups
92	28	2	1	108	1296	no_embedding	direct	true	fail	weak_fingerprint	filter
92	30	2	1	108	540	no_embedding	direct	true	fail	exhaustive_abstract_subgroup_filter	SmallGroups
92	32	2	1	108	1080	no_embedding	direct	true	fail	weak_fingerprint	filter
92	36	2	1	108	648	embedded	direct	true	fail	found	A_strict
92	38	2	1	108	648	no_embedding	direct	true	fail	weak_fingerprint	filter
92	62	2	1	108	216	no_embedding	direct	true	fail	weak_fingerprint	filter
92	94	2	1	108	216	no_embedding	direct	true	fail	weak_fingerprint	filter
92	95	2	1	108	216	no_embedding	direct	true	fail	weak_fingerprint	filter
92	96	2	0	108	432	no_embedding	direct	true	fail	weak_fingerprint	filter
93	1	1	0	144	524880	no_embedding	direct	true	fail	exponent	filter
93	3	1	0	144	15120	no_embedding	direct	true	fail	exponent	filter
93	4	1	0	144	23328	no_embedding	direct	true	fail	weak_fingerprint	filter
93	5	1	0	144	2160	no_embedding	direct	true	fail	weak_fingerprint	filter
93	6	1	0	144	2160	no_embedding	direct	true	fail	weak_fingerprint	filter
93	8	1	0	144	6480	no_embedding	direct	true	fail	exponent	filter
93	13	1	0	144	1008	no_embedding	direct	true	fail	exhaustive_abstract_subgroup_filter	SmallGroups
93	14	1	0	144	1008	no_embedding	direct	true	fail	exhaustive_abstract_subgroup_filter	SmallGroups
93	96	1	0	144	432	embedded	direct	true	fail	found	A_strict
93	156	1	0	144	144	no_embedding	direct	true	fail	exhaustive_abstract_subgroup_filter	SmallGroups
94	1	1	0	216	524880	no_embedding	direct	true	fail	weak_fingerprint	filter
94	2	1	0	216	7560	no_embedding	direct	true	fail	weak_fingerprint	filter
94	3	1	0	216	15120	no_embedding	direct	true	fail	weak_fingerprint	filter
94	4	1	0	216	23328	no_embedding	direct	true	fail	weak_fingerprint	filter
94	5	1	0	216	2160	no_embedding	direct	true	fail	weak_fingerprint	filter
94	6	1	0	216	2160	no_embedding	direct	true	fail	weak_fingerprint	filter
94	8	1	0	216	6480	no_embedding	direct	true	fail	weak_fingerprint	filter
94	18	1	0	216	648	no_embedding	direct	true	fail	exhaustive_abstract_subgroup_filter	SmallGroups
94	24	1	0	216	17496	embedded	direct	true	fail	found	subgroup_classes_full_aut
94	96	1	0	216	432	embedded	direct	true	fail	found	A_strict
95	1	1	0	216	524880	no_embedding	direct	true	fail	weak_fingerprint	filter
95	2	1	0	216	7560	no_embedding	direct	true	fail	weak_fingerprint	filter
95	3	1	0	216	15120	no_embedding	direct	true	fail	weak_fingerprint	filter
95	4	1	0	216	23328	no_embedding	direct	true	fail	weak_fingerprint	filter
95	5	1	0	216	2160	no_embedding	direct	true	fail	weak_fingerprint	filter
95	6	1	0	216	2160	no_embedding	direct	true	fail	weak_fingerprint	filter
95	8	1	0	216	6480	no_embedding	direct	true	fail	weak_fingerprint	filter
95	18	1	0	216	648	no_embedding	direct	true	fail	exhaustive_abstract_subgroup_filter	SmallGroups
95	24	1	0	216	17496	embedded	direct	true	fail	found	subgroup_classes_full_aut
95	96	1	0	216	432	no_embedding	direct	true	fail	weak_fingerprint	filter
97	1	8	0	12	524880	embedded	transitive	false	10	verified_witness_composition	transitivity
97	2	8	0	12	7560	embedded	transitive	false	10	verified_witness_composition	transitivity
97	3	8	0	12	15120	embedded	transitive	false	11	verified_witness_composition	transitivity
97	4	8	0	12	23328	no_embedding	direct	true	fail	exhausted_subgroup_classes_and_twists	subgroup_classes_full_aut
97	5	8	0	12	2160	embedded	transitive	false	10	verified_witness_composition	transitivity
97	6	8	0	12	2160	embedded	transitive	false	10	verified_witness_composition	transitivity
97	7	8	0	12	5940	embedded	transitive	false	30	verified_witness_composition	transitivity
97	8	8	0	12	6480	embedded	transitive	false	16	verified_witness_composition	transitivity
97	9	8	1	12	5832	no_embedding	direct	true	fail	exhausted_subgroup_classes_and_twists	subgroup_classes_full_aut
97	10	8	1	12	1080	embedded	direct	true	fail	found	A_strict
97	11	8	1	12	2160	embedded	transitive	false	29	verified_witness_composition	transitivity
97	12	8	1	12	504	embedded	direct	true	fail	found	A_strict
97	13	8	0	12	1008	embedded	direct	true	fail	found	A_strict
97	14	8	0	12	1008	embedded	direct	true	fail	found	A_strict
97	15	8	1	12	360	embedded	direct	true	fail	found	A_strict
97	16	8	1	12	720	embedded	direct	true	fail	found	A_strict
97	17	8	1	12	216	no_embedding	direct	true	fail	exhaustive_abstract_subgroup_filter	SmallGroups
97	18	8	0	12	648	no_embedding	direct	true	fail	exhaustive_abstract_subgroup_filter	SmallGroups
97	19	8	1	12	432	embedded	direct	true	fail	found	A_strict
97	20	8	1	12	144	embedded	direct	true	fail	found	A_strict
97	21	8	2	12	2916	no_embedding	direct	true	fail	exhausted_subgroup_classes_and_twists	subgroup_classes_full_aut
97	22	8	1	12	5832	no_embedding	direct	true	fail	exhausted_subgroup_classes_and_twists	subgroup_classes_full_aut
97	23	8	1	12	8748	no_embedding	direct	true	fail	exhausted_subgroup_classes_and_twists	subgroup_classes_full_aut
97	24	8	0	12	17496	no_embedding	direct	true	fail	exhausted_subgroup_classes_and_twists	subgroup_classes_full_aut
97	25	8	2	12	216	embedded	direct	true	fail	found	A_strict
97	26	8	1	12	432	embedded	direct	true	fail	found	A_strict
97	27	8	2	12	432	embedded	direct	true	fail	found	A_strict
97	28	8	1	12	1296	embedded	direct	true	fail	found	A_strict
97	29	8	2	12	180	embedded	direct	true	fail	found	A_strict
97	30	8	1	12	540	embedded	direct	true	fail	found	A_strict
97	31	8	2	12	360	embedded	direct	true	fail	found	A_strict
97	32	8	1	12	1080	embedded	direct	true	fail	found	A_strict
97	33	8	2	12	108	no_embedding	direct	true	fail	exhaustive_abstract_subgroup_filter	SmallGroups
97	34	8	2	12	216	no_embedding	direct	true	fail	exhausted_no_verified_candidate	A_strict
97	35	8	2	12	216	embedded	direct	true	fail	found	A_strict
97	36	8	1	12	648	embedded	direct	true	fail	found	A_strict
97	37	8	2	12	216	embedded	direct	true	fail	found	A_strict
97	38	8	1	12	648	embedded	direct	true	fail	found	A_strict
97	42	8	2	12	60	no_embedding	direct	true	fail	exhaustive_abstract_subgroup_filter	SmallGroups
97	43	8	2	12	48	embedded	direct	true	fail	found	A_strict
97	44	8	1	12	96	embedded	direct	true	fail	found	A_strict
97	45	8	3	12	72	embedded	direct	true	fail	found	A_strict
97	46	8	2	12	144	embedded	direct	true	fail	found	A_strict
97	47	8	3	12	144	embedded	direct	true	fail	found	A_strict
97	48	8	3	12	24	no_embedding	direct	true	fail	exhaustive_abstract_subgroup_filter	SmallGroups
97	49	8	2	12	48	no_embedding	direct	true	fail	weak_fingerprint	filter
97	50	8	1	12	72	no_embedding	direct	true	fail	exhaustive_abstract_subgroup_filter	SmallGroups
97	51	8	1	12	96	no_embedding	direct	true	fail	weak_fingerprint	filter
97	53	8	2	12	108	no_embedding	direct	true	fail	exhausted_no_verified_candidate	A_strict
97	55	8	4	12	108	no_embedding	direct	true	fail	exhausted_no_verified_candidate	A_strict
97	56	8	2	12	324	no_embedding	direct	true	fail	exhausted_no_verified_candidate	A_strict
97	57	8	2	12	324	no_embedding	direct	true	fail	exhausted_no_verified_candidate	A_strict
97	58	8	4	12	36	embedded	direct	true	fail	found	A_strict
97	59	8	2	12	72	embedded	direct	true	fail	found	A_strict
97	60	8	2	12	72	embedded	direct	true	fail	found	A_strict
97	61	8	2	12	108	embedded	direct	true	fail	found	A_strict
97	62	8	1	12	216	embedded	direct	true	fail	found	A_strict
97	63	8	4	12	72	embedded	direct	true	fail	found	A_strict
97	64	8	2	12	216	embedded	direct	true	fail	found	A_strict
97	65	8	4	12	36	embedded	direct	true	fail	found	A_strict
97	66	8	3	12	72	embedded	direct	true	fail	found	A_strict
97	67	8	2	12	108	embedded	direct	true	fail	found	A_strict
97	68	8	4	12	72	embedded	direct	true	fail	found	A_strict
97	69	8	2	12	216	embedded	direct	true	fail	found	A_strict
97	71	8	2	12	60	no_embedding	direct	true	fail	exhausted_no_verified_candidate	A_strict
97	73	8	5	12	24	embedded	direct	true	fail	found	A_strict
97	74	8	4	12	48	embedded	direct	true	fail	found	A_strict
97	75	8	3	12	48	embedded	direct	true	fail	found	A_strict
97	76	8	2	12	48	embedded	direct	true	fail	found	A_strict
97	77	8	6	12	12	no_embedding	direct	true	fail	exhaustive_abstract_subgroup_filter	SmallGroups
97	78	8	5	12	24	no_embedding	direct	true	fail	weak_fingerprint	filter
97	79	8	4	12	24	no_embedding	direct	true	fail	weak_fingerprint	filter
97	80	8	3	12	24	no_embedding	direct	true	fail	weak_fingerprint	filter
97	81	8	2	12	48	no_embedding	direct	true	fail	weak_fingerprint	filter
97	82	8	2	12	48	no_embedding	direct	true	fail	weak_fingerprint	filter
97	84	8	3	12	36	no_embedding	direct	true	fail	exhausted_no_verified_candidate	A_strict
97	85	8	3	12	36	no_embedding	direct	true	fail	exhausted_no_verified_candidate	A_strict
97	88	8	6	12	36	no_embedding	direct	true	fail	exhausted_no_verified_candidate	A_strict
97	89	8	3	12	72	no_embedding	direct	true	fail	exhausted_no_verified_candidate	A_strict
97	90	8	3	12	108	no_embedding	direct	true	fail	exhausted_no_verified_candidate	A_strict
97	91	8	3	12	108	no_embedding	direct	true	fail	exhausted_no_verified_candidate	A_strict
97	92	8	2	12	108	no_embedding	direct	true	fail	exhausted_no_verified_candidate	A_strict
97	93	8	1	12	144	no_embedding	direct	true	fail	exhausted_no_verified_candidate	A_strict
97	94	8	1	12	216	no_embedding	direct	true	fail	exhausted_no_verified_candidate	A_strict
97	95	8	1	12	216	no_embedding	direct	true	fail	exhausted_no_verified_candidate	A_strict
97	96	8	0	12	432	no_embedding	direct	true	fail	exhausted_no_verified_candidate	A_strict
97	98	8	7	12	24	embedded	direct	true	fail	literal_matrix_subgroup	literal_matrix_subgroup
97	99	8	6	12	24	embedded	direct	true	fail	literal_matrix_subgroup	literal_matrix_subgroup
97	100	8	5	12	24	embedded	direct	true	fail	literal_matrix_subgroup	literal_matrix_subgroup
97	101	8	4	12	36	embedded	direct	true	fail	literal_matrix_subgroup	literal_matrix_subgroup
97	102	8	3	12	36	embedded	direct	true	fail	literal_matrix_subgroup	literal_matrix_subgroup
97	103	8	3	12	72	embedded	direct	true	fail	literal_matrix_subgroup	literal_matrix_subgroup
97	104	8	2	12	72	embedded	direct	true	fail	literal_matrix_subgroup	literal_matrix_subgroup
97	105	8	2	12	72	embedded	direct	true	fail	literal_matrix_subgroup	literal_matrix_subgroup
97	122	8	6	12	12	no_embedding	direct	true	fail	weak_fingerprint	filter
97	124	8	5	12	24	no_embedding	direct	true	fail	weak_fingerprint	filter
97	125	8	5	12	36	no_embedding	direct	true	fail	weak_fingerprint	filter
97	127	8	4	12	24	no_embedding	direct	true	fail	weak_fingerprint	filter
97	128	8	3	12	36	no_embedding	direct	true	fail	weak_fingerprint	filter
97	129	8	2	12	48	no_embedding	direct	true	fail	weak_fingerprint	filter
97	130	8	2	12	72	no_embedding	direct	true	fail	weak_fingerprint	filter
97	131	8	1	12	72	no_embedding	direct	true	fail	weak_fingerprint	filter
97	137	8	7	12	12	no_embedding	direct	true	fail	exhaustive_abstract_subgroup_filter	SmallGroups
97	138	8	7	12	12	no_embedding	direct	true	fail	exhaustive_abstract_subgroup_filter	SmallGroups
97	144	8	3	12	24	no_embedding	direct	true	fail	exhaustive_abstract_subgroup_filter	SmallGroups
97	145	8	3	12	24	no_embedding	direct	true	fail	exhaustive_abstract_subgroup_filter	SmallGroups
97	146	8	3	12	24	no_embedding	direct	true	fail	exhaustive_abstract_subgroup_filter	SmallGroups
97	147	8	3	12	36	no_embedding	direct	true	fail	exhaustive_abstract_subgroup_filter	SmallGroups
97	148	8	3	12	36	no_embedding	direct	true	fail	exhaustive_abstract_subgroup_filter	SmallGroups
97	149	8	2	12	36	no_embedding	direct	true	fail	exhaustive_abstract_subgroup_filter	SmallGroups
97	150	8	2	12	36	no_embedding	direct	true	fail	exhaustive_abstract_subgroup_filter	SmallGroups
97	151	8	1	12	48	no_embedding	direct	true	fail	exhaustive_abstract_subgroup_filter	SmallGroups
97	152	8	1	12	48	no_embedding	direct	true	fail	exhaustive_abstract_subgroup_filter	SmallGroups
97	153	8	1	12	72	no_embedding	direct	true	fail	exhaustive_abstract_subgroup_filter	SmallGroups
97	154	8	1	12	72	no_embedding	direct	true	fail	exhaustive_abstract_subgroup_filter	SmallGroups
97	155	8	0	12	96	no_embedding	direct	true	fail	exhaustive_abstract_subgroup_filter	SmallGroups
97	156	8	0	12	144	no_embedding	direct	true	fail	exhaustive_abstract_subgroup_filter	SmallGroups
98	1	7	0	24	524880	embedded	transitive	false	11	verified_witness_composition	transitivity
98	2	7	0	24	7560	no_embedding	direct	true	fail	weak_fingerprint	filter
98	3	7	0	24	15120	embedded	transitive	false	11	verified_witness_composition	transitivity
98	4	7	0	24	23328	no_embedding	direct	true	fail	no_abstract_subgroup	subgroup_classes_full_aut
98	5	7	0	24	2160	no_embedding	direct	true	fail	weak_fingerprint	filter
98	6	7	0	24	2160	no_embedding	direct	true	fail	weak_fingerprint	filter
98	8	7	0	24	6480	embedded	transitive	false	16	verified_witness_composition	transitivity
98	9	7	1	24	5832	no_embedding	direct	true	fail	no_abstract_subgroup	subgroup_classes_full_aut
98	10	7	1	24	1080	no_embedding	direct	true	fail	exhaustive_abstract_subgroup_filter	SmallGroups
98	11	7	1	24	2160	embedded	transitive	false	46	verified_witness_composition	transitivity
98	12	7	1	24	504	no_embedding	direct	true	fail	exhaustive_abstract_subgroup_filter	SmallGroups
98	13	7	0	24	1008	no_embedding	direct	true	fail	exhaustive_abstract_subgroup_filter	SmallGroups
98	14	7	0	24	1008	no_embedding	direct	true	fail	exhaustive_abstract_subgroup_filter	SmallGroups
98	15	7	1	24	360	no_embedding	direct	true	fail	exhaustive_abstract_subgroup_filter	SmallGroups
98	16	7	1	24	720	embedded	direct	true	fail	found	A_strict
98	17	7	1	24	216	no_embedding	direct	true	fail	exhaustive_abstract_subgroup_filter	SmallGroups
98	18	7	0	24	648	no_embedding	direct	true	fail	exhaustive_abstract_subgroup_filter	SmallGroups
98	19	7	1	24	432	embedded	direct	true	fail	found	A_strict
98	20	7	1	24	144	no_embedding	direct	true	fail	exhaustive_abstract_subgroup_filter	SmallGroups
98	22	7	1	24	5832	no_embedding	direct	true	fail	weak_fingerprint	filter
98	24	7	0	24	17496	no_embedding	direct	true	fail	weak_fingerprint	filter
98	25	7	2	24	216	no_embedding	direct	true	fail	exhaustive_abstract_subgroup_filter	SmallGroups
98	26	7	1	24	432	embedded	direct	true	fail	found	A_strict
98	27	7	2	24	432	embedded	direct	true	fail	found	A_strict
98	28	7	1	24	1296	embedded	direct	true	fail	found	A_strict
98	31	7	2	24	360	no_embedding	direct	true	fail	exhaustive_abstract_subgroup_filter	SmallGroups
98	32	7	1	24	1080	no_embedding	direct	true	fail	exhaustive_abstract_subgroup_filter	SmallGroups
98	34	7	2	24	216	no_embedding	direct	true	fail	exhaustive_abstract_subgroup_filter	SmallGroups
98	35	7	2	24	216	embedded	direct	true	fail	found	A_strict
98	36	7	1	24	648	embedded	direct	true	fail	found	A_strict
98	37	7	2	24	216	no_embedding	direct	true	fail	exhaustive_abstract_subgroup_filter	SmallGroups
98	38	7	1	24	648	no_embedding	direct	true	fail	exhaustive_abstract_subgroup_filter	SmallGroups
98	43	7	2	24	48	no_embedding	direct	true	fail	exhaustive_abstract_subgroup_filter	SmallGroups
98	44	7	1	24	96	no_embedding	direct	true	fail	exhaustive_abstract_subgroup_filter	SmallGroups
98	45	7	3	24	72	no_embedding	direct	true	fail	exhaustive_abstract_subgroup_filter	SmallGroups
98	46	7	2	24	144	embedded	direct	true	fail	found	A_strict
98	47	7	3	24	144	embedded	direct	true	fail	found	A_strict
98	48	7	3	24	24	no_embedding	direct	true	fail	exhaustive_abstract_subgroup_filter	SmallGroups
98	49	7	2	24	48	no_embedding	direct	true	fail	exhaustive_abstract_subgroup_filter	SmallGroups
98	50	7	1	24	72	no_embedding	direct	true	fail	exhaustive_abstract_subgroup_filter	SmallGroups
98	51	7	1	24	96	no_embedding	direct	true	fail	exhaustive_abstract_subgroup_filter	SmallGroups
98	59	7	2	24	72	no_embedding	direct	true	fail	exhaustive_abstract_subgroup_filter	SmallGroups
98	60	7	2	24	72	no_embedding	direct	true	fail	weak_fingerprint	filter
98	62	7	1	24	216	no_embedding	direct	true	fail	exhaustive_abstract_subgroup_filter	SmallGroups
98	63	7	4	24	72	embedded	direct	true	fail	found	A_strict
98	64	7	2	24	216	embedded	direct	true	fail	found	A_strict
98	66	7	3	24	72	embedded	direct	true	fail	found	A_strict
98	68	7	4	24	72	no_embedding	direct	true	fail	exhaustive_abstract_subgroup_filter	SmallGroups
98	69	7	2	24	216	no_embedding	direct	true	fail	exhaustive_abstract_subgroup_filter	SmallGroups
98	73	7	5	24	24	no_embedding	direct	true	fail	exhaustive_abstract_subgroup_filter	SmallGroups
98	74	7	4	24	48	embedded	direct	true	fail	found	A_strict
98	75	7	3	24	48	no_embedding	direct	true	fail	exhaustive_abstract_subgroup_filter	SmallGroups
98	76	7	2	24	48	no_embedding	direct	true	fail	exhaustive_abstract_subgroup_filter	SmallGroups
98	78	7	5	24	24	no_embedding	direct	true	fail	exhaustive_abstract_subgroup_filter	SmallGroups
98	79	7	4	24	24	no_embedding	direct	true	fail	exhaustive_abstract_subgroup_filter	SmallGroups
98	80	7	3	24	24	no_embedding	direct	true	fail	exhaustive_abstract_subgroup_filter	SmallGroups
98	81	7	2	24	48	no_embedding	direct	true	fail	exhaustive_abstract_subgroup_filter	SmallGroups
98	82	7	2	24	48	no_embedding	direct	true	fail	exhaustive_abstract_subgroup_filter	SmallGroups
98	89	7	3	24	72	no_embedding	direct	true	fail	exhaustive_abstract_subgroup_filter	SmallGroups
98	93	7	1	24	144	no_embedding	direct	true	fail	exhaustive_abstract_subgroup_filter	SmallGroups
98	94	7	1	24	216	no_embedding	direct	true	fail	exhaustive_abstract_subgroup_filter	SmallGroups
98	95	7	1	24	216	no_embedding	direct	true	fail	exhaustive_abstract_subgroup_filter	SmallGroups
98	96	7	0	24	432	no_embedding	direct	true	fail	exhaustive_abstract_subgroup_filter	SmallGroups
98	99	7	6	24	24	no_embedding	direct	true	fail	exhaustive_abstract_subgroup_filter	SmallGroups
98	100	7	5	24	24	no_embedding	direct	true	fail	weak_fingerprint	filter
98	103	7	3	24	72	no_embedding	direct	true	fail	exhaustive_abstract_subgroup_filter	SmallGroups
98	104	7	2	24	72	no_embedding	direct	true	fail	weak_fingerprint	filter
98	105	7	2	24	72	embedded	direct	true	fail	literal_matrix_subgroup	literal_matrix_subgroup
98	124	7	5	24	24	no_embedding	direct	true	fail	exhaustive_abstract_subgroup_filter	SmallGroups
98	127	7	4	24	24	no_embedding	direct	true	fail	exhaustive_abstract_subgroup_filter	SmallGroups
98	129	7	2	24	48	no_embedding	direct	true	fail	exhaustive_abstract_subgroup_filter	SmallGroups
98	130	7	2	24	72	no_embedding	direct	true	fail	exhaustive_abstract_subgroup_filter	SmallGroups
98	131	7	1	24	72	no_embedding	direct	true	fail	exhaustive_abstract_subgroup_filter	SmallGroups
98	144	7	3	24	24	no_embedding	direct	true	fail	exhaustive_abstract_subgroup_filter	SmallGroups
98	145	7	3	24	24	no_embedding	direct	true	fail	exhaustive_abstract_subgroup_filter	SmallGroups
98	146	7	3	24	24	no_embedding	direct	true	fail	exhaustive_abstract_subgroup_filter	SmallGroups
98	151	7	1	24	48	no_embedding	direct	true	fail	exhaustive_abstract_subgroup_filter	SmallGroups
98	152	7	1	24	48	no_embedding	direct	true	fail	exhaustive_abstract_subgroup_filter	SmallGroups
98	153	7	1	24	72	no_embedding	direct	true	fail	exhaustive_abstract_subgroup_filter	SmallGroups
98	154	7	1	24	72	no_embedding	direct	true	fail	exhaustive_abstract_subgroup_filter	SmallGroups
98	155	7	0	24	96	no_embedding	direct	true	fail	exhaustive_abstract_subgroup_filter	SmallGroups
98	156	7	0	24	144	no_embedding	direct	true	fail	exhaustive_abstract_subgroup_filter	SmallGroups
99	1	6	0	24	524880	embedded	transitive	false	11	verified_witness_composition	transitivity
99	2	6	0	24	7560	no_embedding	direct	true	fail	weak_fingerprint	filter
99	3	6	0	24	15120	embedded	transitive	false	11	verified_witness_composition	transitivity
99	4	6	0	24	23328	no_embedding	direct	true	fail	weak_fingerprint	filter
99	5	6	0	24	2160	no_embedding	direct	true	fail	weak_fingerprint	filter
99	6	6	0	24	2160	no_embedding	direct	true	fail	weak_fingerprint	filter
99	8	6	0	24	6480	embedded	transitive	false	16	verified_witness_composition	transitivity
99	9	6	1	24	5832	no_embedding	direct	true	fail	weak_fingerprint	filter
99	10	6	1	24	1080	no_embedding	direct	true	fail	weak_fingerprint	filter
99	11	6	1	24	2160	embedded	transitive	false	31	verified_witness_composition	transitivity
99	12	6	1	24	504	no_embedding	direct	true	fail	weak_fingerprint	filter
99	13	6	0	24	1008	no_embedding	direct	true	fail	weak_fingerprint	filter
99	14	6	0	24	1008	no_embedding	direct	true	fail	weak_fingerprint	filter
99	15	6	1	24	360	no_embedding	direct	true	fail	weak_fingerprint	filter
99	16	6	1	24	720	embedded	direct	true	fail	found	A_strict
99	17	6	1	24	216	no_embedding	direct	true	fail	exhaustive_abstract_subgroup_filter	SmallGroups
99	18	6	0	24	648	no_embedding	direct	true	fail	exhaustive_abstract_subgroup_filter	SmallGroups
99	19	6	1	24	432	embedded	direct	true	fail	found	A_strict
99	20	6	1	24	144	no_embedding	direct	true	fail	weak_fingerprint	filter
99	22	6	1	24	5832	no_embedding	direct	true	fail	derived_series	filter
99	24	6	0	24	17496	no_embedding	direct	true	fail	derived_series	filter
99	25	6	2	24	216	no_embedding	direct	true	fail	weak_fingerprint	filter
99	26	6	1	24	432	embedded	direct	true	fail	found	A_strict
99	27	6	2	24	432	embedded	direct	true	fail	found	A_strict
99	28	6	1	24	1296	embedded	direct	true	fail	found	A_strict
99	31	6	2	24	360	embedded	direct	true	fail	found	A_strict
99	32	6	1	24	1080	embedded	direct	true	fail	found	A_strict
99	34	6	2	24	216	no_embedding	direct	true	fail	weak_fingerprint	filter
99	35	6	2	24	216	no_embedding	direct	true	fail	exhaustive_abstract_subgroup_filter	SmallGroups
99	36	6	1	24	648	no_embedding	direct	true	fail	exhaustive_abstract_subgroup_filter	SmallGroups
99	37	6	2	24	216	embedded	direct	true	fail	found	A_strict
99	38	6	1	24	648	embedded	direct	true	fail	found	A_strict
99	43	6	2	24	48	no_embedding	direct	true	fail	weak_fingerprint	filter
99	44	6	1	24	96	embedded	direct	true	fail	found	A_strict
99	45	6	3	24	72	no_embedding	direct	true	fail	weak_fingerprint	filter
99	46	6	2	24	144	embedded	direct	true	fail	found	A_strict
99	47	6	3	24	144	embedded	direct	true	fail	found	A_strict
99	48	6	3	24	24	no_embedding	direct	true	fail	exhaustive_abstract_subgroup_filter	SmallGroups
99	49	6	2	24	48	no_embedding	direct	true	fail	weak_fingerprint	filter
99	50	6	1	24	72	no_embedding	direct	true	fail	exhaustive_abstract_subgroup_filter	SmallGroups
99	51	6	1	24	96	no_embedding	direct	true	fail	weak_fingerprint	filter
99	59	6	2	24	72	embedded	direct	true	fail	found	A_strict
99	60	6	2	24	72	no_embedding	direct	true	fail	exhaustive_abstract_subgroup_filter	SmallGroups
99	62	6	1	24	216	embedded	direct	true	fail	found	A_strict
99	63	6	4	24	72	no_embedding	direct	true	fail	exhaustive_abstract_subgroup_filter	SmallGroups
99	64	6	2	24	216	no_embedding	direct	true	fail	exhaustive_abstract_subgroup_filter	SmallGroups
99	66	6	3	24	72	no_embedding	direct	true	fail	exhaustive_abstract_subgroup_filter	SmallGroups
99	68	6	4	24	72	embedded	direct	true	fail	found	A_strict
99	69	6	2	24	216	embedded	direct	true	fail	found	A_strict
99	73	6	5	24	24	no_embedding	direct	true	fail	weak_fingerprint	filter
99	74	6	4	24	48	embedded	direct	true	fail	found	A_strict
99	75	6	3	24	48	embedded	direct	true	fail	found	A_strict
99	76	6	2	24	48	no_embedding	direct	true	fail	weak_fingerprint	filter
99	78	6	5	24	24	no_embedding	direct	true	fail	weak_fingerprint	filter
99	79	6	4	24	24	no_embedding	direct	true	fail	exhaustive_abstract_subgroup_filter	SmallGroups
99	80	6	3	24	24	no_embedding	direct	true	fail	weak_fingerprint	filter
99	81	6	2	24	48	no_embedding	direct	true	fail	exhaustive_abstract_subgroup_filter	SmallGroups
99	82	6	2	24	48	no_embedding	direct	true	fail	exhaustive_abstract_subgroup_filter	SmallGroups
99	89	6	3	24	72	no_embedding	direct	true	fail	exhaustive_abstract_subgroup_filter	SmallGroups
99	93	6	1	24	144	no_embedding	direct	true	fail	exhaustive_abstract_subgroup_filter	SmallGroups
99	94	6	1	24	216	no_embedding	direct	true	fail	exhaustive_abstract_subgroup_filter	SmallGroups
99	95	6	1	24	216	no_embedding	direct	true	fail	exhaustive_abstract_subgroup_filter	SmallGroups
99	96	6	0	24	432	no_embedding	direct	true	fail	exhaustive_abstract_subgroup_filter	SmallGroups
99	100	6	5	24	24	no_embedding	direct	true	fail	exhaustive_abstract_subgroup_filter	SmallGroups
99	103	6	3	24	72	embedded	direct	true	fail	found	A_strict
99	104	6	2	24	72	no_embedding	direct	true	fail	exhaustive_abstract_subgroup_filter	SmallGroups
99	105	6	2	24	72	no_embedding	direct	true	fail	exhaustive_abstract_subgroup_filter	SmallGroups
99	124	6	5	24	24	no_embedding	direct	true	fail	exhaustive_abstract_subgroup_filter	SmallGroups
99	127	6	4	24	24	no_embedding	direct	true	fail	exhaustive_abstract_subgroup_filter	SmallGroups
99	129	6	2	24	48	no_embedding	direct	true	fail	exhaustive_abstract_subgroup_filter	SmallGroups
99	130	6	2	24	72	no_embedding	direct	true	fail	exhaustive_abstract_subgroup_filter	SmallGroups
99	131	6	1	24	72	no_embedding	direct	true	fail	exhaustive_abstract_subgroup_filter	SmallGroups
99	144	6	3	24	24	no_embedding	direct	true	fail	exhaustive_abstract_subgroup_filter	SmallGroups
99	145	6	3	24	24	no_embedding	direct	true	fail	exhaustive_abstract_subgroup_filter	SmallGroups
99	146	6	3	24	24	no_embedding	direct	true	fail	exhaustive_abstract_subgroup_filter	SmallGroups
99	151	6	1	24	48	no_embedding	direct	true	fail	exhaustive_abstract_subgroup_filter	SmallGroups
99	152	6	1	24	48	no_embedding	direct	true	fail	exhaustive_abstract_subgroup_filter	SmallGroups
99	153	6	1	24	72	no_embedding	direct	true	fail	exhaustive_abstract_subgroup_filter	SmallGroups
99	154	6	1	24	72	no_embedding	direct	true	fail	exhaustive_abstract_subgroup_filter	SmallGroups
99	155	6	0	24	96	no_embedding	direct	true	fail	exhaustive_abstract_subgroup_filter	SmallGroups
99	156	6	0	24	144	no_embedding	direct	true	fail	exhaustive_abstract_subgroup_filter	SmallGroups
100	1	5	0	24	524880	embedded	transitive	false	11	verified_witness_composition	transitivity
100	2	5	0	24	7560	no_embedding	direct	true	fail	weak_fingerprint	filter
100	3	5	0	24	15120	embedded	transitive	false	11	verified_witness_composition	transitivity
100	4	5	0	24	23328	no_embedding	direct	true	fail	no_abstract_subgroup	subgroup_classes_full_aut
100	5	5	0	24	2160	no_embedding	direct	true	fail	weak_fingerprint	filter
100	6	5	0	24	2160	no_embedding	direct	true	fail	weak_fingerprint	filter
100	8	5	0	24	6480	embedded	transitive	false	16	verified_witness_composition	transitivity
100	9	5	1	24	5832	no_embedding	direct	true	fail	no_abstract_subgroup	subgroup_classes_full_aut
100	10	5	1	24	1080	no_embedding	direct	true	fail	exhaustive_abstract_subgroup_filter	SmallGroups
100	11	5	1	24	2160	embedded	transitive	false	46	verified_witness_composition	transitivity
100	12	5	1	24	504	no_embedding	direct	true	fail	exhaustive_abstract_subgroup_filter	SmallGroups
100	13	5	0	24	1008	no_embedding	direct	true	fail	exhaustive_abstract_subgroup_filter	SmallGroups
100	14	5	0	24	1008	no_embedding	direct	true	fail	exhaustive_abstract_subgroup_filter	SmallGroups
100	15	5	1	24	360	no_embedding	direct	true	fail	exhaustive_abstract_subgroup_filter	SmallGroups
100	16	5	1	24	720	embedded	direct	true	fail	found	A_strict
100	17	5	1	24	216	no_embedding	direct	true	fail	exhaustive_abstract_subgroup_filter	SmallGroups
100	18	5	0	24	648	no_embedding	direct	true	fail	exhaustive_abstract_subgroup_filter	SmallGroups
100	19	5	1	24	432	embedded	direct	true	fail	found	A_strict
100	20	5	1	24	144	no_embedding	direct	true	fail	exhaustive_abstract_subgroup_filter	SmallGroups
100	22	5	1	24	5832	no_embedding	direct	true	fail	weak_fingerprint	filter
100	24	5	0	24	17496	no_embedding	direct	true	fail	weak_fingerprint	filter
100	25	5	2	24	216	no_embedding	direct	true	fail	exhaustive_abstract_subgroup_filter	SmallGroups
100	26	5	1	24	432	embedded	direct	true	fail	found	A_strict
100	27	5	2	24	432	embedded	direct	true	fail	found	A_strict
100	28	5	1	24	1296	embedded	direct	true	fail	found	A_strict
100	31	5	2	24	360	no_embedding	direct	true	fail	exhaustive_abstract_subgroup_filter	SmallGroups
100	32	5	1	24	1080	no_embedding	direct	true	fail	exhaustive_abstract_subgroup_filter	SmallGroups
100	34	5	2	24	216	no_embedding	direct	true	fail	exhaustive_abstract_subgroup_filter	SmallGroups
100	35	5	2	24	216	no_embedding	direct	true	fail	exhausted_no_verified_candidate	A_strict
100	36	5	1	24	648	no_embedding	direct	true	fail	exhausted_no_verified_candidate	A_strict
100	37	5	2	24	216	no_embedding	direct	true	fail	exhaustive_abstract_subgroup_filter	SmallGroups
100	38	5	1	24	648	no_embedding	direct	true	fail	exhaustive_abstract_subgroup_filter	SmallGroups
100	43	5	2	24	48	no_embedding	direct	true	fail	exhaustive_abstract_subgroup_filter	SmallGroups
100	44	5	1	24	96	no_embedding	direct	true	fail	exhaustive_abstract_subgroup_filter	SmallGroups
100	45	5	3	24	72	no_embedding	direct	true	fail	exhaustive_abstract_subgroup_filter	SmallGroups
100	46	5	2	24	144	embedded	direct	true	fail	found	A_strict
100	47	5	3	24	144	embedded	direct	true	fail	found	A_strict
100	48	5	3	24	24	no_embedding	direct	true	fail	exhaustive_abstract_subgroup_filter	SmallGroups
100	49	5	2	24	48	no_embedding	direct	true	fail	exhaustive_abstract_subgroup_filter	SmallGroups
100	50	5	1	24	72	no_embedding	direct	true	fail	exhaustive_abstract_subgroup_filter	SmallGroups
100	51	5	1	24	96	no_embedding	direct	true	fail	exhaustive_abstract_subgroup_filter	SmallGroups
100	59	5	2	24	72	no_embedding	direct	true	fail	exhaustive_abstract_subgroup_filter	SmallGroups
100	60	5	2	24	72	embedded	direct	true	fail	found	A_strict
100	62	5	1	24	216	no_embedding	direct	true	fail	exhaustive_abstract_subgroup_filter	SmallGroups
100	63	5	4	24	72	no_embedding	direct	true	fail	exhausted_no_verified_candidate	A_strict
100	64	5	2	24	216	no_embedding	direct	true	fail	exhausted_no_verified_candidate	A_strict
100	66	5	3	24	72	no_embedding	direct	true	fail	weak_fingerprint	filter
100	68	5	4	24	72	no_embedding	direct	true	fail	exhaustive_abstract_subgroup_filter	SmallGroups
100	69	5	2	24	216	no_embedding	direct	true	fail	exhaustive_abstract_subgroup_filter	SmallGroups
100	74	5	4	24	48	embedded	direct	true	fail	found	A_strict
100	75	5	3	24	48	no_embedding	direct	true	fail	exhaustive_abstract_subgroup_filter	SmallGroups
100	76	5	2	24	48	no_embedding	direct	true	fail	exhaustive_abstract_subgroup_filter	SmallGroups
100	79	5	4	24	24	no_embedding	direct	true	fail	exhaustive_abstract_subgroup_filter	SmallGroups
100	80	5	3	24	24	no_embedding	direct	true	fail	exhaustive_abstract_subgroup_filter	SmallGroups
100	81	5	2	24	48	no_embedding	direct	true	fail	exhaustive_abstract_subgroup_filter	SmallGroups
100	82	5	2	24	48	no_embedding	direct	true	fail	exhaustive_abstract_subgroup_filter	SmallGroups
100	89	5	3	24	72	no_embedding	direct	true	fail	exhaustive_abstract_subgroup_filter	SmallGroups
100	93	5	1	24	144	no_embedding	direct	true	fail	exhaustive_abstract_subgroup_filter	SmallGroups
100	94	5	1	24	216	no_embedding	direct	true	fail	exhaustive_abstract_subgroup_filter	SmallGroups
100	95	5	1	24	216	no_embedding	direct	true	fail	exhaustive_abstract_subgroup_filter	SmallGroups
100	96	5	0	24	432	no_embedding	direct	true	fail	exhaustive_abstract_subgroup_filter	SmallGroups
100	103	5	3	24	72	no_embedding	direct	true	fail	exhaustive_abstract_subgroup_filter	SmallGroups
100	104	5	2	24	72	embedded	direct	true	fail	found	A_strict
100	105	5	2	24	72	no_embedding	direct	true	fail	weak_fingerprint	filter
100	127	5	4	24	24	no_embedding	direct	true	fail	exhaustive_abstract_subgroup_filter	SmallGroups
100	129	5	2	24	48	no_embedding	direct	true	fail	exhaustive_abstract_subgroup_filter	SmallGroups
100	130	5	2	24	72	no_embedding	direct	true	fail	exhaustive_abstract_subgroup_filter	SmallGroups
100	131	5	1	24	72	no_embedding	direct	true	fail	exhaustive_abstract_subgroup_filter	SmallGroups
100	144	5	3	24	24	no_embedding	direct	true	fail	exhaustive_abstract_subgroup_filter	SmallGroups
100	145	5	3	24	24	no_embedding	direct	true	fail	exhaustive_abstract_subgroup_filter	SmallGroups
100	146	5	3	24	24	no_embedding	direct	true	fail	exhaustive_abstract_subgroup_filter	SmallGroups
100	151	5	1	24	48	no_embedding	direct	true	fail	exhaustive_abstract_subgroup_filter	SmallGroups
100	152	5	1	24	48	no_embedding	direct	true	fail	exhaustive_abstract_subgroup_filter	SmallGroups
100	153	5	1	24	72	no_embedding	direct	true	fail	exhaustive_abstract_subgroup_filter	SmallGroups
100	154	5	1	24	72	no_embedding	direct	true	fail	exhaustive_abstract_subgroup_filter	SmallGroups
100	155	5	0	24	96	no_embedding	direct	true	fail	exhaustive_abstract_subgroup_filter	SmallGroups
100	156	5	0	24	144	no_embedding	direct	true	fail	exhaustive_abstract_subgroup_filter	SmallGroups
101	1	4	0	36	524880	embedded	transitive	false	28	verified_witness_composition	transitivity
101	2	4	0	36	7560	no_embedding	direct	true	fail	weak_fingerprint	filter
101	3	4	0	36	15120	no_embedding	direct	true	fail	weak_fingerprint	filter
101	4	4	0	36	23328	no_embedding	direct	true	fail	weak_fingerprint	filter
101	5	4	0	36	2160	no_embedding	direct	true	fail	weak_fingerprint	filter
101	6	4	0	36	2160	no_embedding	direct	true	fail	weak_fingerprint	filter
101	7	4	0	36	5940	embedded	transitive	false	30	verified_witness_composition	transitivity
101	8	4	0	36	6480	embedded	transitive	false	28	verified_witness_composition	transitivity
101	9	4	1	36	5832	no_embedding	direct	true	fail	weak_fingerprint	filter
101	10	4	1	36	1080	no_embedding	direct	true	fail	exhaustive_abstract_subgroup_filter	SmallGroups
101	11	4	1	36	2160	no_embedding	direct	true	fail	weak_fingerprint	filter
101	12	4	1	36	504	no_embedding	direct	true	fail	exhaustive_abstract_subgroup_filter	SmallGroups
101	13	4	0	36	1008	no_embedding	direct	true	fail	exhaustive_abstract_subgroup_filter	SmallGroups
101	14	4	0	36	1008	no_embedding	direct	true	fail	exhaustive_abstract_subgroup_filter	SmallGroups
101	15	4	1	36	360	no_embedding	direct	true	fail	exhaustive_abstract_subgroup_filter	SmallGroups
101	16	4	1	36	720	no_embedding	direct	true	fail	weak_fingerprint	filter
101	17	4	1	36	216	no_embedding	direct	true	fail	exhaustive_abstract_subgroup_filter	SmallGroups
101	18	4	0	36	648	no_embedding	direct	true	fail	exhaustive_abstract_subgroup_filter	SmallGroups
101	19	4	1	36	432	no_embedding	direct	true	fail	weak_fingerprint	filter
101	20	4	1	36	144	no_embedding	direct	true	fail	exhaustive_abstract_subgroup_filter	SmallGroups
101	21	4	2	36	2916	no_embedding	direct	true	fail	weak_fingerprint	filter
101	22	4	1	36	5832	no_embedding	direct	true	fail	weak_fingerprint	filter
101	23	4	1	36	8748	no_embedding	direct	true	fail	exhausted_subgroup_classes_and_twists	subgroup_classes_full_aut
101	24	4	0	36	17496	no_embedding	direct	true	fail	exhausted_subgroup_classes_and_twists	subgroup_classes_full_aut
101	25	4	2	36	216	no_embedding	direct	true	fail	weak_fingerprint	filter
101	26	4	1	36	432	no_embedding	direct	true	fail	weak_fingerprint	filter
101	27	4	2	36	432	no_embedding	direct	true	fail	weak_fingerprint	filter
101	28	4	1	36	1296	embedded	direct	true	fail	found	A_strict
101	29	4	2	36	180	no_embedding	direct	true	fail	exhaustive_abstract_subgroup_filter	SmallGroups
101	30	4	1	36	540	embedded	direct	true	fail	found	A_strict
101	31	4	2	36	360	no_embedding	direct	true	fail	exhaustive_abstract_subgroup_filter	SmallGroups
101	32	4	1	36	1080	embedded	direct	true	fail	found	A_strict
101	33	4	2	36	108	no_embedding	direct	true	fail	exhaustive_abstract_subgroup_filter	SmallGroups
101	34	4	2	36	216	no_embedding	direct	true	fail	exhaustive_abstract_subgroup_filter	SmallGroups
101	35	4	2	36	216	no_embedding	direct	true	fail	weak_fingerprint	filter
101	36	4	1	36	648	no_embedding	direct	true	fail	exhausted_no_verified_candidate	A_strict
101	37	4	2	36	216	no_embedding	direct	true	fail	exhaustive_abstract_subgroup_filter	SmallGroups
101	38	4	1	36	648	embedded	direct	true	fail	found	A_strict
101	45	4	3	36	72	no_embedding	direct	true	fail	exhaustive_abstract_subgroup_filter	SmallGroups
101	46	4	2	36	144	no_embedding	direct	true	fail	exhaustive_abstract_subgroup_filter	SmallGroups
101	47	4	3	36	144	no_embedding	direct	true	fail	exhaustive_abstract_subgroup_filter	SmallGroups
101	50	4	1	36	72	no_embedding	direct	true	fail	exhaustive_abstract_subgroup_filter	SmallGroups
101	53	4	2	36	108	no_embedding	direct	true	fail	exhaustive_abstract_subgroup_filter	SmallGroups
101	56	4	2	36	324	no_embedding	direct	true	fail	weak_fingerprint	filter
101	57	4	2	36	324	no_embedding	direct	true	fail	exhausted_no_verified_candidate	A_strict
101	59	4	2	36	72	no_embedding	direct	true	fail	weak_fingerprint	filter
101	60	4	2	36	72	no_embedding	direct	true	fail	weak_fingerprint	filter
101	61	4	2	36	108	embedded	direct	true	fail	found	A_strict
101	62	4	1	36	216	embedded	direct	true	fail	found	A_strict
101	64	4	2	36	216	no_embedding	direct	true	fail	weak_fingerprint	filter
101	66	4	3	36	72	no_embedding	direct	true	fail	exhaustive_abstract_subgroup_filter	SmallGroups
101	67	4	2	36	108	embedded	direct	true	fail	found	A_strict
101	69	4	2	36	216	embedded	direct	true	fail	found	A_strict
101	84	4	3	36	36	no_embedding	direct	true	fail	exhaustive_abstract_subgroup_filter	SmallGroups
101	85	4	3	36	36	no_embedding	direct	true	fail	exhaustive_abstract_subgroup_filter	SmallGroups
101	89	4	3	36	72	no_embedding	direct	true	fail	exhaustive_abstract_subgroup_filter	SmallGroups
101	90	4	3	36	108	no_embedding	direct	true	fail	weak_fingerprint	filter
101	91	4	3	36	108	no_embedding	direct	true	fail	exhausted_no_verified_candidate	A_strict
101	92	4	2	36	108	no_embedding	direct	true	fail	weak_fingerprint	filter
101	93	4	1	36	144	no_embedding	direct	true	fail	exhaustive_abstract_subgroup_filter	SmallGroups
101	94	4	1	36	216	no_embedding	direct	true	fail	weak_fingerprint	filter
101	95	4	1	36	216	no_embedding	direct	true	fail	exhausted_no_verified_candidate	A_strict
101	96	4	0	36	432	no_embedding	direct	true	fail	weak_fingerprint	filter
101	102	4	3	36	36	no_embedding	direct	true	fail	exhaustive_abstract_subgroup_filter	SmallGroups
101	103	4	3	36	72	embedded	direct	true	fail	found	A_strict
101	104	4	2	36	72	no_embedding	direct	true	fail	exhaustive_abstract_subgroup_filter	SmallGroups
101	105	4	2	36	72	no_embedding	direct	true	fail	exhaustive_abstract_subgroup_filter	SmallGroups
101	128	4	3	36	36	no_embedding	direct	true	fail	weak_fingerprint	filter
101	130	4	2	36	72	no_embedding	direct	true	fail	weak_fingerprint	filter
101	131	4	1	36	72	no_embedding	direct	true	fail	weak_fingerprint	filter
101	147	4	3	36	36	no_embedding	direct	true	fail	exhaustive_abstract_subgroup_filter	SmallGroups
101	148	4	3	36	36	no_embedding	direct	true	fail	exhaustive_abstract_subgroup_filter	SmallGroups
101	149	4	2	36	36	no_embedding	direct	true	fail	exhaustive_abstract_subgroup_filter	SmallGroups
101	150	4	2	36	36	no_embedding	direct	true	fail	exhaustive_abstract_subgroup_filter	SmallGroups
101	153	4	1	36	72	no_embedding	direct	true	fail	exhaustive_abstract_subgroup_filter	SmallGroups
101	154	4	1	36	72	no_embedding	direct	true	fail	exhaustive_abstract_subgroup_filter	SmallGroups
101	156	4	0	36	144	no_embedding	direct	true	fail	exhaustive_abstract_subgroup_filter	SmallGroups
102	1	3	0	36	524880	embedded	transitive	false	28	verified_witness_composition	transitivity
102	2	3	0	36	7560	no_embedding	direct	true	fail	weak_fingerprint	filter
102	3	3	0	36	15120	no_embedding	direct	true	fail	weak_fingerprint	filter
102	4	3	0	36	23328	no_embedding	direct	true	fail	weak_fingerprint	filter
102	5	3	0	36	2160	no_embedding	direct	true	fail	weak_fingerprint	filter
102	6	3	0	36	2160	no_embedding	direct	true	fail	weak_fingerprint	filter
102	7	3	0	36	5940	embedded	transitive	false	30	verified_witness_composition	transitivity
102	8	3	0	36	6480	embedded	transitive	false	28	verified_witness_composition	transitivity
102	9	3	1	36	5832	no_embedding	direct	true	fail	derived_series	filter
102	10	3	1	36	1080	no_embedding	direct	true	fail	weak_fingerprint	filter
102	11	3	1	36	2160	no_embedding	direct	true	fail	weak_fingerprint	filter
102	12	3	1	36	504	no_embedding	direct	true	fail	weak_fingerprint	filter
102	13	3	0	36	1008	no_embedding	direct	true	fail	weak_fingerprint	filter
102	14	3	0	36	1008	no_embedding	direct	true	fail	weak_fingerprint	filter
102	15	3	1	36	360	no_embedding	direct	true	fail	weak_fingerprint	filter
102	16	3	1	36	720	no_embedding	direct	true	fail	weak_fingerprint	filter
102	17	3	1	36	216	no_embedding	direct	true	fail	exhaustive_abstract_subgroup_filter	SmallGroups
102	18	3	0	36	648	no_embedding	direct	true	fail	exhaustive_abstract_subgroup_filter	SmallGroups
102	19	3	1	36	432	no_embedding	direct	true	fail	exhaustive_abstract_subgroup_filter	SmallGroups
102	20	3	1	36	144	no_embedding	direct	true	fail	exhaustive_abstract_subgroup_filter	SmallGroups
102	21	3	2	36	2916	no_embedding	direct	true	fail	derived_series	filter
102	22	3	1	36	5832	no_embedding	direct	true	fail	derived_series	filter
102	23	3	1	36	8748	no_embedding	direct	true	fail	derived_series	filter
102	24	3	0	36	17496	no_embedding	direct	true	fail	derived_series	filter
102	25	3	2	36	216	no_embedding	direct	true	fail	weak_fingerprint	filter
102	26	3	1	36	432	no_embedding	direct	true	fail	weak_fingerprint	filter
102	27	3	2	36	432	no_embedding	direct	true	fail	weak_fingerprint	filter
102	28	3	1	36	1296	embedded	direct	true	fail	found	A_strict
102	29	3	2	36	180	no_embedding	direct	true	fail	weak_fingerprint	filter
102	30	3	1	36	540	embedded	direct	true	fail	found	A_strict
102	31	3	2	36	360	no_embedding	direct	true	fail	weak_fingerprint	filter
102	32	3	1	36	1080	embedded	direct	true	fail	found	A_strict
102	33	3	2	36	108	no_embedding	direct	true	fail	exhaustive_abstract_subgroup_filter	SmallGroups
102	34	3	2	36	216	no_embedding	direct	true	fail	exhaustive_abstract_subgroup_filter	SmallGroups
102	35	3	2	36	216	no_embedding	direct	true	fail	exhaustive_abstract_subgroup_filter	SmallGroups
102	36	3	1	36	648	no_embedding	direct	true	fail	exhaustive_abstract_subgroup_filter	SmallGroups
102	37	3	2	36	216	no_embedding	direct	true	fail	exhaustive_abstract_subgroup_filter	SmallGroups
102	38	3	1	36	648	no_embedding	direct	true	fail	exhaustive_abstract_subgroup_filter	SmallGroups
102	46	3	2	36	144	no_embedding	direct	true	fail	weak_fingerprint	filter
102	50	3	1	36	72	no_embedding	direct	true	fail	exhaustive_abstract_subgroup_filter	SmallGroups
102	53	3	2	36	108	no_embedding	direct	true	fail	exhaustive_abstract_subgroup_filter	SmallGroups
102	56	3	2	36	324	no_embedding	direct	true	fail	exhaustive_abstract_subgroup_filter	SmallGroups
102	57	3	2	36	324	no_embedding	direct	true	fail	exhaustive_abstract_subgroup_filter	SmallGroups
102	59	3	2	36	72	no_embedding	direct	true	fail	exhaustive_abstract_subgroup_filter	SmallGroups
102	60	3	2	36	72	no_embedding	direct	true	fail	exhaustive_abstract_subgroup_filter	SmallGroups
102	61	3	2	36	108	no_embedding	direct	true	fail	exhaustive_abstract_subgroup_filter	SmallGroups
102	62	3	1	36	216	no_embedding	direct	true	fail	exhaustive_abstract_subgroup_filter	SmallGroups
102	64	3	2	36	216	no_embedding	direct	true	fail	exhaustive_abstract_subgroup_filter	SmallGroups
102	67	3	2	36	108	embedded	direct	true	fail	found	A_strict
102	69	3	2	36	216	embedded	direct	true	fail	found	A_strict
102	92	3	2	36	108	no_embedding	direct	true	fail	exhaustive_abstract_subgroup_filter	SmallGroups
102	93	3	1	36	144	no_embedding	direct	true	fail	exhaustive_abstract_subgroup_filter	SmallGroups
102	94	3	1	36	216	no_embedding	direct	true	fail	exhaustive_abstract_subgroup_filter	SmallGroups
102	95	3	1	36	216	no_embedding	direct	true	fail	exhaustive_abstract_subgroup_filter	SmallGroups
102	96	3	0	36	432	no_embedding	direct	true	fail	exhaustive_abstract_subgroup_filter	SmallGroups
102	104	3	2	36	72	embedded	direct	true	fail	found	A_strict
102	105	3	2	36	72	no_embedding	direct	true	fail	exhaustive_abstract_subgroup_filter	SmallGroups
102	130	3	2	36	72	no_embedding	direct	true	fail	exhaustive_abstract_subgroup_filter	SmallGroups
102	131	3	1	36	72	no_embedding	direct	true	fail	exhaustive_abstract_subgroup_filter	SmallGroups
102	149	3	2	36	36	no_embedding	direct	true	fail	exhaustive_abstract_subgroup_filter	SmallGroups
102	150	3	2	36	36	no_embedding	direct	true	fail	exhaustive_abstract_subgroup_filter	SmallGroups
102	153	3	1	36	72	no_embedding	direct	true	fail	exhaustive_abstract_subgroup_filter	SmallGroups
102	154	3	1	36	72	no_embedding	direct	true	fail	exhaustive_abstract_subgroup_filter	SmallGroups
102	156	3	0	36	144	no_embedding	direct	true	fail	exhaustive_abstract_subgroup_filter	SmallGroups
103	1	3	0	72	524880	embedded	transitive	false	28	verified_witness_composition	transitivity
103	2	3	0	72	7560	no_embedding	direct	true	fail	weak_fingerprint	filter
103	3	3	0	72	15120	no_embedding	direct	true	fail	weak_fingerprint	filter
103	4	3	0	72	23328	no_embedding	direct	true	fail	weak_fingerprint	filter
103	5	3	0	72	2160	no_embedding	direct	true	fail	weak_fingerprint	filter
103	6	3	0	72	2160	no_embedding	direct	true	fail	weak_fingerprint	filter
103	8	3	0	72	6480	embedded	transitive	false	28	verified_witness_composition	transitivity
103	9	3	1	72	5832	no_embedding	direct	true	fail	weak_fingerprint	filter
103	10	3	1	72	1080	no_embedding	direct	true	fail	exhaustive_abstract_subgroup_filter	SmallGroups
103	11	3	1	72	2160	no_embedding	direct	true	fail	weak_fingerprint	filter
103	12	3	1	72	504	no_embedding	direct	true	fail	exhaustive_abstract_subgroup_filter	SmallGroups
103	13	3	0	72	1008	no_embedding	direct	true	fail	exhaustive_abstract_subgroup_filter	SmallGroups
103	14	3	0	72	1008	no_embedding	direct	true	fail	exhaustive_abstract_subgroup_filter	SmallGroups
103	15	3	1	72	360	no_embedding	direct	true	fail	exhaustive_abstract_subgroup_filter	SmallGroups
103	16	3	1	72	720	no_embedding	direct	true	fail	exhaustive_abstract_subgroup_filter	SmallGroups
103	17	3	1	72	216	no_embedding	direct	true	fail	exhaustive_abstract_subgroup_filter	SmallGroups
103	18	3	0	72	648	no_embedding	direct	true	fail	exhaustive_abstract_subgroup_filter	SmallGroups
103	19	3	1	72	432	no_embedding	direct	true	fail	exhaustive_abstract_subgroup_filter	SmallGroups
103	20	3	1	72	144	no_embedding	direct	true	fail	exhaustive_abstract_subgroup_filter	SmallGroups
103	22	3	1	72	5832	no_embedding	direct	true	fail	derived_series	filter
103	24	3	0	72	17496	no_embedding	direct	true	fail	derived_series	filter
103	25	3	2	72	216	no_embedding	direct	true	fail	exhaustive_abstract_subgroup_filter	SmallGroups
103	26	3	1	72	432	no_embedding	direct	true	fail	exhaustive_abstract_subgroup_filter	SmallGroups
103	27	3	2	72	432	no_embedding	direct	true	fail	weak_fingerprint	filter
103	28	3	1	72	1296	embedded	direct	true	fail	found	A_strict
103	31	3	2	72	360	no_embedding	direct	true	fail	exhaustive_abstract_subgroup_filter	SmallGroups
103	32	3	1	72	1080	embedded	direct	true	fail	found	A_strict
103	34	3	2	72	216	no_embedding	direct	true	fail	exhaustive_abstract_subgroup_filter	SmallGroups
103	35	3	2	72	216	no_embedding	direct	true	fail	exhaustive_abstract_subgroup_filter	SmallGroups
103	36	3	1	72	648	no_embedding	direct	true	fail	exhaustive_abstract_subgroup_filter	SmallGroups
103	37	3	2	72	216	no_embedding	direct	true	fail	exhaustive_abstract_subgroup_filter	SmallGroups
103	38	3	1	72	648	embedded	direct	true	fail	found	A_strict
103	46	3	2	72	144	no_embedding	direct	true	fail	exhaustive_abstract_subgroup_filter	SmallGroups
103	50	3	1	72	72	no_embedding	direct	true	fail	exhaustive_abstract_subgroup_filter	SmallGroups
103	59	3	2	72	72	no_embedding	direct	true	fail	exhaustive_abstract_subgroup_filter	SmallGroups
103	60	3	2	72	72	no_embedding	direct	true	fail	exhaustive_abstract_subgroup_filter	SmallGroups
103	62	3	1	72	216	embedded	direct	true	fail	found	A_strict
103	64	3	2	72	216	no_embedding	direct	true	fail	exhaustive_abstract_subgroup_filter	SmallGroups
103	69	3	2	72	216	embedded	direct	true	fail	found	A_strict
103	93	3	1	72	144	no_embedding	direct	true	fail	exhaustive_abstract_subgroup_filter	SmallGroups
103	94	3	1	72	216	no_embedding	direct	true	fail	exhaustive_abstract_subgroup_filter	SmallGroups
103	95	3	1	72	216	no_embedding	direct	true	fail	exhaustive_abstract_subgroup_filter	SmallGroups
103	96	3	0	72	432	no_embedding	direct	true	fail	exhaustive_abstract_subgroup_filter	SmallGroups
103	104	3	2	72	72	no_embedding	direct	true	fail	exhaustive_abstract_subgroup_filter	SmallGroups
103	105	3	2	72	72	no_embedding	direct	true	fail	exhaustive_abstract_subgroup_filter	SmallGroups
103	130	3	2	72	72	no_embedding	direct	true	fail	exhaustive_abstract_subgroup_filter	SmallGroups
103	131	3	1	72	72	no_embedding	direct	true	fail	exhaustive_abstract_subgroup_filter	SmallGroups
103	153	3	1	72	72	no_embedding	direct	true	fail	exhaustive_abstract_subgroup_filter	SmallGroups
103	154	3	1	72	72	no_embedding	direct	true	fail	exhaustive_abstract_subgroup_filter	SmallGroups
103	156	3	0	72	144	no_embedding	direct	true	fail	exhaustive_abstract_subgroup_filter	SmallGroups
104	1	2	0	72	524880	embedded	transitive	false	28	verified_witness_composition	transitivity
104	2	2	0	72	7560	no_embedding	direct	true	fail	weak_fingerprint	filter
104	3	2	0	72	15120	no_embedding	direct	true	fail	weak_fingerprint	filter
104	4	2	0	72	23328	no_embedding	direct	true	fail	weak_fingerprint	filter
104	5	2	0	72	2160	no_embedding	direct	true	fail	weak_fingerprint	filter
104	6	2	0	72	2160	no_embedding	direct	true	fail	weak_fingerprint	filter
104	8	2	0	72	6480	embedded	transitive	false	28	verified_witness_composition	transitivity
104	9	2	1	72	5832	no_embedding	direct	true	fail	derived_series	filter
104	10	2	1	72	1080	no_embedding	direct	true	fail	exhaustive_abstract_subgroup_filter	SmallGroups
104	11	2	1	72	2160	no_embedding	direct	true	fail	weak_fingerprint	filter
104	12	2	1	72	504	no_embedding	direct	true	fail	exhaustive_abstract_subgroup_filter	SmallGroups
104	13	2	0	72	1008	no_embedding	direct	true	fail	exhaustive_abstract_subgroup_filter	SmallGroups
104	14	2	0	72	1008	no_embedding	direct	true	fail	exhaustive_abstract_subgroup_filter	SmallGroups
104	15	2	1	72	360	no_embedding	direct	true	fail	exhaustive_abstract_subgroup_filter	SmallGroups
104	16	2	1	72	720	no_embedding	direct	true	fail	weak_fingerprint	filter
104	17	2	1	72	216	no_embedding	direct	true	fail	exhaustive_abstract_subgroup_filter	SmallGroups
104	18	2	0	72	648	no_embedding	direct	true	fail	exhaustive_abstract_subgroup_filter	SmallGroups
104	19	2	1	72	432	no_embedding	direct	true	fail	exhaustive_abstract_subgroup_filter	SmallGroups
104	20	2	1	72	144	no_embedding	direct	true	fail	exhaustive_abstract_subgroup_filter	SmallGroups
104	22	2	1	72	5832	no_embedding	direct	true	fail	derived_series	filter
104	24	2	0	72	17496	no_embedding	direct	true	fail	derived_series	filter
104	26	2	1	72	432	no_embedding	direct	true	fail	weak_fingerprint	filter
104	28	2	1	72	1296	embedded	direct	true	fail	found	A_strict
104	32	2	1	72	1080	no_embedding	direct	true	fail	exhaustive_abstract_subgroup_filter	SmallGroups
104	36	2	1	72	648	no_embedding	direct	true	fail	exhaustive_abstract_subgroup_filter	SmallGroups
104	38	2	1	72	648	no_embedding	direct	true	fail	exhaustive_abstract_subgroup_filter	SmallGroups
104	50	2	1	72	72	no_embedding	direct	true	fail	exhaustive_abstract_subgroup_filter	SmallGroups
104	62	2	1	72	216	no_embedding	direct	true	fail	exhaustive_abstract_subgroup_filter	SmallGroups
104	93	2	1	72	144	no_embedding	direct	true	fail	exhaustive_abstract_subgroup_filter	SmallGroups
104	94	2	1	72	216	no_embedding	direct	true	fail	exhaustive_abstract_subgroup_filter	SmallGroups
104	95	2	1	72	216	no_embedding	direct	true	fail	exhaustive_abstract_subgroup_filter	SmallGroups
104	96	2	0	72	432	no_embedding	direct	true	fail	exhaustive_abstract_subgroup_filter	SmallGroups
104	131	2	1	72	72	no_embedding	direct	true	fail	exhaustive_abstract_subgroup_filter	SmallGroups
104	153	2	1	72	72	no_embedding	direct	true	fail	exhaustive_abstract_subgroup_filter	SmallGroups
104	154	2	1	72	72	no_embedding	direct	true	fail	exhaustive_abstract_subgroup_filter	SmallGroups
104	156	2	0	72	144	no_embedding	direct	true	fail	exhaustive_abstract_subgroup_filter	SmallGroups
105	1	2	0	72	524880	embedded	direct	true	fail	found	subgroup_classes_full_aut
105	2	2	0	72	7560	no_embedding	direct	true	fail	exponent	filter
105	3	2	0	72	15120	no_embedding	direct	true	fail	exponent	filter
105	4	2	0	72	23328	no_embedding	direct	true	fail	exponent	filter
105	5	2	0	72	2160	no_embedding	direct	true	fail	exponent	filter
105	6	2	0	72	2160	no_embedding	direct	true	fail	exponent	filter
105	8	2	0	72	6480	no_embedding	direct	true	fail	exponent	filter
105	9	2	1	72	5832	no_embedding	direct	true	fail	exponent	filter
105	10	2	1	72	1080	no_embedding	direct	true	fail	exhaustive_abstract_subgroup_filter	SmallGroups
105	11	2	1	72	2160	no_embedding	direct	true	fail	exponent	filter
105	12	2	1	72	504	no_embedding	direct	true	fail	exhaustive_abstract_subgroup_filter	SmallGroups
105	13	2	0	72	1008	no_embedding	direct	true	fail	exhaustive_abstract_subgroup_filter	SmallGroups
105	14	2	0	72	1008	no_embedding	direct	true	fail	exhaustive_abstract_subgroup_filter	SmallGroups
105	15	2	1	72	360	no_embedding	direct	true	fail	exhaustive_abstract_subgroup_filter	SmallGroups
105	16	2	1	72	720	no_embedding	direct	true	fail	exhaustive_abstract_subgroup_filter	SmallGroups
105	17	2	1	72	216	no_embedding	direct	true	fail	exhaustive_abstract_subgroup_filter	SmallGroups
105	18	2	0	72	648	no_embedding	direct	true	fail	exhaustive_abstract_subgroup_filter	SmallGroups
105	19	2	1	72	432	no_embedding	direct	true	fail	exhaustive_abstract_subgroup_filter	SmallGroups
105	20	2	1	72	144	no_embedding	direct	true	fail	exhaustive_abstract_subgroup_filter	SmallGroups
105	22	2	1	72	5832	no_embedding	direct	true	fail	exponent	filter
105	24	2	0	72	17496	no_embedding	direct	true	fail	derived_series	filter
105	26	2	1	72	432	no_embedding	direct	true	fail	exhaustive_abstract_subgroup_filter	SmallGroups
105	28	2	1	72	1296	no_embedding	direct	true	fail	exhaustive_abstract_subgroup_filter	SmallGroups
105	32	2	1	72	1080	no_embedding	direct	true	fail	exhaustive_abstract_subgroup_filter	SmallGroups
105	36	2	1	72	648	no_embedding	direct	true	fail	exhaustive_abstract_subgroup_filter	SmallGroups
105	38	2	1	72	648	no_embedding	direct	true	fail	exhaustive_abstract_subgroup_filter	SmallGroups
105	50	2	1	72	72	no_embedding	direct	true	fail	exhaustive_abstract_subgroup_filter	SmallGroups
105	62	2	1	72	216	no_embedding	direct	true	fail	exhaustive_abstract_subgroup_filter	SmallGroups
105	93	2	1	72	144	no_embedding	direct	true	fail	exhaustive_abstract_subgroup_filter	SmallGroups
105	94	2	1	72	216	no_embedding	direct	true	fail	exhaustive_abstract_subgroup_filter	SmallGroups
105	95	2	1	72	216	no_embedding	direct	true	fail	exhaustive_abstract_subgroup_filter	SmallGroups
105	96	2	0	72	432	no_embedding	direct	true	fail	exhaustive_abstract_subgroup_filter	SmallGroups
105	131	2	1	72	72	no_embedding	direct	true	fail	exhaustive_abstract_subgroup_filter	SmallGroups
105	153	2	1	72	72	no_embedding	direct	true	fail	exhaustive_abstract_subgroup_filter	SmallGroups
105	154	2	1	72	72	no_embedding	direct	true	fail	exhaustive_abstract_subgroup_filter	SmallGroups
105	156	2	0	72	144	no_embedding	direct	true	fail	exhaustive_abstract_subgroup_filter	SmallGroups
106	1	8	0	9	524880	embedded	transitive	false	9	verified_witness_composition	transitivity
106	2	8	0	9	7560	embedded	transitive	false	10	verified_witness_composition	transitivity
106	3	8	0	9	15120	embedded	transitive	false	11	verified_witness_composition	transitivity
106	4	8	0	9	23328	embedded	transitive	false	9	verified_witness_composition	transitivity
106	5	8	0	9	2160	embedded	transitive	false	10	verified_witness_composition	transitivity
106	6	8	0	9	2160	embedded	transitive	false	10	verified_witness_composition	transitivity
106	7	8	0	9	5940	embedded	transitive	false	30	verified_witness_composition	transitivity
106	8	8	0	9	6480	embedded	transitive	false	28	verified_witness_composition	transitivity
106	9	8	1	9	5832	embedded	transitive	false	21	verified_witness_composition	transitivity
106	10	8	1	9	1080	embedded	direct	true	fail	found	A_strict
106	11	8	1	9	2160	embedded	transitive	false	29	verified_witness_composition	transitivity
106	12	8	1	9	504	embedded	direct	true	fail	found	A_strict
106	13	8	0	9	1008	embedded	direct	true	fail	found	A_strict
106	14	8	0	9	1008	embedded	direct	true	fail	found	A_strict
106	15	8	1	9	360	embedded	direct	true	fail	found	A_strict
106	16	8	1	9	720	no_embedding	direct	true	fail	weak_fingerprint	filter
106	17	8	1	9	216	embedded	direct	true	fail	found	A_strict
106	18	8	0	9	648	embedded	direct	true	fail	found	A_strict
106	19	8	1	9	432	embedded	direct	true	fail	found	A_strict
106	20	8	1	9	144	embedded	direct	true	fail	found	A_strict
106	21	8	2	9	2916	embedded	transitive	false	52	verified_witness_composition	transitivity
106	22	8	1	9	5832	embedded	transitive	false	21	verified_witness_composition	transitivity
106	23	8	1	9	8748	embedded	transitive	false	21	verified_witness_composition	transitivity
106	24	8	0	9	17496	embedded	transitive	false	22	verified_witness_composition	transitivity
106	25	8	2	9	216	embedded	direct	true	fail	found	A_strict
106	26	8	1	9	432	embedded	direct	true	fail	found	A_strict
106	27	8	2	9	432	embedded	direct	true	fail	found	A_strict
106	28	8	1	9	1296	embedded	direct	true	fail	found	A_strict
106	29	8	2	9	180	embedded	direct	true	fail	found	A_strict
106	30	8	1	9	540	embedded	direct	true	fail	found	A_strict
106	31	8	2	9	360	no_embedding	direct	true	fail	weak_fingerprint	filter
106	32	8	1	9	1080	no_embedding	direct	true	fail	weak_fingerprint	filter
106	33	8	2	9	108	embedded	direct	true	fail	found	A_strict
106	34	8	2	9	216	embedded	direct	true	fail	found	A_strict
106	35	8	2	9	216	embedded	direct	true	fail	found	A_strict
106	36	8	1	9	648	embedded	direct	true	fail	found	A_strict
106	37	8	2	9	216	embedded	direct	true	fail	found	A_strict
106	38	8	1	9	648	embedded	direct	true	fail	found	A_strict
106	39	8	2	9	63	embedded	direct	true	fail	found	A_strict
106	40	8	1	9	126	embedded	direct	true	fail	found	A_strict
106	41	8	0	9	378	embedded	direct	true	fail	found	A_strict
106	45	8	3	9	72	embedded	direct	true	fail	found	A_strict
106	46	8	2	9	144	embedded	direct	true	fail	found	A_strict
106	47	8	3	9	144	no_embedding	direct	true	fail	weak_fingerprint	filter
106	50	8	1	9	72	no_embedding	direct	true	fail	weak_fingerprint	filter
106	52	8	4	9	54	embedded	direct	true	fail	found	A_strict
106	53	8	2	9	108	embedded	direct	true	fail	found	A_strict
106	54	8	1	9	162	embedded	direct	true	fail	found	A_strict
106	55	8	4	9	108	embedded	direct	true	fail	found	A_strict
106	56	8	2	9	324	embedded	direct	true	fail	found	A_strict
106	57	8	2	9	324	embedded	direct	true	fail	found	A_strict
106	58	8	4	9	36	embedded	direct	true	fail	literal_matrix_subgroup	literal_matrix_subgroup
106	59	8	2	9	72	embedded	direct	true	fail	literal_matrix_subgroup	literal_matrix_subgroup
106	60	8	2	9	72	embedded	direct	true	fail	literal_matrix_subgroup	literal_matrix_subgroup
106	61	8	2	9	108	embedded	direct	true	fail	literal_matrix_subgroup	literal_matrix_subgroup
106	62	8	1	9	216	embedded	direct	true	fail	literal_matrix_subgroup	literal_matrix_subgroup
106	63	8	4	9	72	no_embedding	direct	true	fail	weak_fingerprint	filter
106	64	8	2	9	216	no_embedding	direct	true	fail	weak_fingerprint	filter
106	65	8	4	9	36	embedded	direct	true	fail	found	A_strict
106	66	8	3	9	72	embedded	direct	true	fail	found	A_strict
106	67	8	2	9	108	embedded	direct	true	fail	found	A_strict
106	68	8	4	9	72	no_embedding	direct	true	fail	weak_fingerprint	filter
106	69	8	2	9	216	no_embedding	direct	true	fail	weak_fingerprint	filter
106	72	8	2	9	90	no_embedding	direct	true	fail	weak_fingerprint	filter
106	83	8	6	9	18	embedded	direct	true	fail	found	A_strict
106	84	8	3	9	36	embedded	direct	true	fail	found	A_strict
106	85	8	3	9	36	embedded	direct	true	fail	found	A_strict
106	86	8	3	9	54	embedded	direct	true	fail	found	A_strict
106	87	8	2	9	54	embedded	direct	true	fail	found	A_strict
106	88	8	6	9	36	no_embedding	direct	true	fail	weak_fingerprint	filter
106	89	8	3	9	72	no_embedding	direct	true	fail	weak_fingerprint	filter
106	90	8	3	9	108	no_embedding	direct	true	fail	weak_fingerprint	filter
106	91	8	3	9	108	no_embedding	direct	true	fail	weak_fingerprint	filter
106	92	8	2	9	108	no_embedding	direct	true	fail	weak_fingerprint	filter
106	93	8	1	9	144	no_embedding	direct	true	fail	weak_fingerprint	filter
106	94	8	1	9	216	no_embedding	direct	true	fail	weak_fingerprint	filter
106	95	8	1	9	216	no_embedding	direct	true	fail	weak_fingerprint	filter
106	96	8	0	9	432	no_embedding	direct	true	fail	weak_fingerprint	filter
106	101	8	4	9	36	no_embedding	direct	true	fail	weak_fingerprint	filter
106	102	8	3	9	36	no_embedding	direct	true	fail	weak_fingerprint	filter
106	103	8	3	9	72	no_embedding	direct	true	fail	weak_fingerprint	filter
106	104	8	2	9	72	no_embedding	direct	true	fail	weak_fingerprint	filter
106	105	8	2	9	72	no_embedding	direct	true	fail	exhaustive_abstract_subgroup_filter	SmallGroups
106	107	8	4	9	18	embedded	direct	true	fail	literal_matrix_subgroup	literal_matrix_subgroup
106	108	8	4	9	18	embedded	direct	true	fail	literal_matrix_subgroup	literal_matrix_subgroup
106	109	8	4	9	18	embedded	direct	true	fail	literal_matrix_subgroup	literal_matrix_subgroup
106	110	8	4	9	27	embedded	direct	true	fail	literal_matrix_subgroup	literal_matrix_subgroup
106	111	8	3	9	27	embedded	direct	true	fail	literal_matrix_subgroup	literal_matrix_subgroup
106	112	8	2	9	27	embedded	direct	true	fail	literal_matrix_subgroup	literal_matrix_subgroup
106	113	8	2	9	54	embedded	direct	true	fail	literal_matrix_subgroup	literal_matrix_subgroup
106	114	8	1	9	54	embedded	direct	true	fail	literal_matrix_subgroup	literal_matrix_subgroup
106	116	8	4	9	54	no_embedding	direct	true	fail	weak_fingerprint	filter
106	117	8	4	9	54	no_embedding	direct	true	fail	weak_fingerprint	filter
106	118	8	3	9	54	no_embedding	direct	true	fail	weak_fingerprint	filter
106	123	8	6	9	18	no_embedding	direct	true	fail	weak_fingerprint	filter
106	125	8	5	9	36	no_embedding	direct	true	fail	weak_fingerprint	filter
106	126	8	4	9	18	no_embedding	direct	true	fail	weak_fingerprint	filter
106	128	8	3	9	36	no_embedding	direct	true	fail	weak_fingerprint	filter
106	130	8	2	9	72	no_embedding	direct	true	fail	weak_fingerprint	filter
106	131	8	1	9	72	no_embedding	direct	true	fail	weak_fingerprint	filter
106	136	8	7	9	9	no_embedding	direct	true	fail	weak_fingerprint	filter
106	139	8	7	9	18	no_embedding	direct	true	fail	weak_fingerprint	filter
106	140	8	6	9	9	no_embedding	direct	true	fail	exhaustive_abstract_subgroup_filter	SmallGroups
106	141	8	5	9	18	no_embedding	direct	true	fail	weak_fingerprint	filter
106	142	8	4	9	18	no_embedding	direct	true	fail	weak_fingerprint	filter
106	143	8	3	9	18	no_embedding	direct	true	fail	exhaustive_abstract_subgroup_filter	SmallGroups
106	147	8	3	9	36	no_embedding	direct	true	fail	weak_fingerprint	filter
106	148	8	3	9	36	no_embedding	direct	true	fail	weak_fingerprint	filter
106	149	8	2	9	36	no_embedding	direct	true	fail	weak_fingerprint	filter
106	150	8	2	9	36	no_embedding	direct	true	fail	weak_fingerprint	filter
106	153	8	1	9	72	no_embedding	direct	true	fail	weak_fingerprint	filter
106	154	8	1	9	72	no_embedding	direct	true	fail	weak_fingerprint	filter
106	156	8	0	9	144	no_embedding	direct	true	fail	weak_fingerprint	filter
107	1	4	0	18	524880	embedded	transitive	false	9	verified_witness_composition	transitivity
107	2	4	0	18	7560	no_embedding	direct	true	fail	weak_fingerprint	filter
107	3	4	0	18	15120	embedded	transitive	false	11	verified_witness_composition	transitivity
107	4	4	0	18	23328	embedded	transitive	false	9	verified_witness_composition	transitivity
107	5	4	0	18	2160	no_embedding	direct	true	fail	weak_fingerprint	filter
107	6	4	0	18	2160	no_embedding	direct	true	fail	weak_fingerprint	filter
107	7	4	0	18	5940	no_embedding	direct	true	fail	weak_fingerprint	filter
107	8	4	0	18	6480	embedded	transitive	false	36	verified_witness_composition	transitivity
107	9	4	1	18	5832	embedded	transitive	false	34	verified_witness_composition	transitivity
107	10	4	1	18	1080	no_embedding	direct	true	fail	weak_fingerprint	filter
107	11	4	1	18	2160	embedded	transitive	false	34	verified_witness_composition	transitivity
107	12	4	1	18	504	no_embedding	direct	true	fail	weak_fingerprint	filter
107	13	4	0	18	1008	embedded	direct	true	fail	found	A_strict
107	14	4	0	18	1008	embedded	direct	true	fail	found	A_strict
107	15	4	1	18	360	no_embedding	direct	true	fail	weak_fingerprint	filter
107	16	4	1	18	720	no_embedding	direct	true	fail	weak_fingerprint	filter
107	17	4	1	18	216	no_embedding	direct	true	fail	weak_fingerprint	filter
107	18	4	0	18	648	no_embedding	direct	true	fail	weak_fingerprint	filter
107	19	4	1	18	432	embedded	direct	true	fail	found	A_strict
107	20	4	1	18	144	no_embedding	direct	true	fail	weak_fingerprint	filter
107	21	4	2	18	2916	no_embedding	direct	true	fail	weak_fingerprint	filter
107	22	4	1	18	5832	no_embedding	direct	true	fail	weak_fingerprint	filter
107	23	4	1	18	8748	no_embedding	direct	true	fail	weak_fingerprint	filter
107	24	4	0	18	17496	no_embedding	direct	true	fail	weak_fingerprint	filter
107	25	4	2	18	216	no_embedding	direct	true	fail	weak_fingerprint	filter
107	26	4	1	18	432	embedded	direct	true	fail	found	A_strict
107	27	4	2	18	432	no_embedding	direct	true	fail	exhausted_no_verified_candidate	A_strict
107	28	4	1	18	1296	no_embedding	direct	true	fail	exhausted_no_verified_candidate	A_strict
107	29	4	2	18	180	no_embedding	direct	true	fail	weak_fingerprint	filter
107	30	4	1	18	540	no_embedding	direct	true	fail	weak_fingerprint	filter
107	31	4	2	18	360	no_embedding	direct	true	fail	weak_fingerprint	filter
107	32	4	1	18	1080	no_embedding	direct	true	fail	weak_fingerprint	filter
107	33	4	2	18	108	no_embedding	direct	true	fail	weak_fingerprint	filter
107	34	4	2	18	216	embedded	direct	true	fail	found	A_strict
107	35	4	2	18	216	embedded	direct	true	fail	found	A_strict
107	36	4	1	18	648	embedded	direct	true	fail	found	A_strict
107	37	4	2	18	216	no_embedding	direct	true	fail	weak_fingerprint	filter
107	38	4	1	18	648	no_embedding	direct	true	fail	weak_fingerprint	filter
107	40	4	1	18	126	no_embedding	direct	true	fail	exhaustive_abstract_subgroup_filter	SmallGroups
107	41	4	0	18	378	no_embedding	direct	true	fail	exhaustive_abstract_subgroup_filter	SmallGroups
107	45	4	3	18	72	no_embedding	direct	true	fail	weak_fingerprint	filter
107	46	4	2	18	144	embedded	direct	true	fail	found	A_strict
107	47	4	3	18	144	no_embedding	direct	true	fail	weak_fingerprint	filter
107	50	4	1	18	72	no_embedding	direct	true	fail	exhaustive_abstract_subgroup_filter	SmallGroups
107	53	4	2	18	108	embedded	direct	true	fail	found	A_strict
107	54	4	1	18	162	no_embedding	direct	true	fail	weak_fingerprint	filter
107	56	4	2	18	324	no_embedding	direct	true	fail	weak_fingerprint	filter
107	57	4	2	18	324	no_embedding	direct	true	fail	weak_fingerprint	filter
107	59	4	2	18	72	no_embedding	direct	true	fail	weak_fingerprint	filter
107	60	4	2	18	72	embedded	direct	true	fail	found	A_strict
107	61	4	2	18	108	no_embedding	direct	true	fail	weak_fingerprint	filter
107	62	4	1	18	216	no_embedding	direct	true	fail	weak_fingerprint	filter
107	64	4	2	18	216	no_embedding	direct	true	fail	weak_fingerprint	filter
107	66	4	3	18	72	no_embedding	direct	true	fail	exhaustive_abstract_subgroup_filter	SmallGroups
107	67	4	2	18	108	no_embedding	direct	true	fail	exhaustive_abstract_subgroup_filter	SmallGroups
107	69	4	2	18	216	no_embedding	direct	true	fail	weak_fingerprint	filter
107	72	4	2	18	90	no_embedding	direct	true	fail	exhaustive_abstract_subgroup_filter	SmallGroups
107	84	4	3	18	36	embedded	direct	true	fail	found	A_strict
107	85	4	3	18	36	embedded	direct	true	fail	found	A_strict
107	86	4	3	18	54	no_embedding	direct	true	fail	weak_fingerprint	filter
107	87	4	2	18	54	no_embedding	direct	true	fail	weak_fingerprint	filter
107	89	4	3	18	72	no_embedding	direct	true	fail	weak_fingerprint	filter
107	90	4	3	18	108	no_embedding	direct	true	fail	weak_fingerprint	filter
107	91	4	3	18	108	no_embedding	direct	true	fail	weak_fingerprint	filter
107	92	4	2	18	108	no_embedding	direct	true	fail	weak_fingerprint	filter
107	93	4	1	18	144	no_embedding	direct	true	fail	weak_fingerprint	filter
107	94	4	1	18	216	no_embedding	direct	true	fail	weak_fingerprint	filter
107	95	4	1	18	216	no_embedding	direct	true	fail	weak_fingerprint	filter
107	96	4	0	18	432	no_embedding	direct	true	fail	weak_fingerprint	filter
107	102	4	3	18	36	no_embedding	direct	true	fail	exhaustive_abstract_subgroup_filter	SmallGroups
107	103	4	3	18	72	no_embedding	direct	true	fail	exhaustive_abstract_subgroup_filter	SmallGroups
107	104	4	2	18	72	no_embedding	direct	true	fail	exhaustive_abstract_subgroup_filter	SmallGroups
107	105	4	2	18	72	no_embedding	direct	true	fail	exhaustive_abstract_subgroup_filter	SmallGroups
107	113	4	2	18	54	no_embedding	direct	true	fail	exhaustive_abstract_subgroup_filter	SmallGroups
107	114	4	1	18	54	no_embedding	direct	true	fail	exhaustive_abstract_subgroup_filter	SmallGroups
107	118	4	3	18	54	no_embedding	direct	true	fail	weak_fingerprint	filter
107	128	4	3	18	36	no_embedding	direct	true	fail	exhaustive_abstract_subgroup_filter	SmallGroups
107	130	4	2	18	72	no_embedding	direct	true	fail	exhaustive_abstract_subgroup_filter	SmallGroups
107	131	4	1	18	72	no_embedding	direct	true	fail	exhaustive_abstract_subgroup_filter	SmallGroups
107	143	4	3	18	18	no_embedding	direct	true	fail	exhaustive_abstract_subgroup_filter	SmallGroups
107	147	4	3	18	36	no_embedding	direct	true	fail	exhaustive_abstract_subgroup_filter	SmallGroups
107	148	4	3	18	36	no_embedding	direct	true	fail	exhaustive_abstract_subgroup_filter	SmallGroups
107	149	4	2	18	36	no_embedding	direct	true	fail	exhaustive_abstract_subgroup_filter	SmallGroups
107	150	4	2	18	36	no_embedding	direct	true	fail	exhaustive_abstract_subgroup_filter	SmallGroups
107	153	4	1	18	72	no_embedding	direct	true	fail	exhaustive_abstract_subgroup_filter	SmallGroups
107	154	4	1	18	72	no_embedding	direct	true	fail	exhaustive_abstract_subgroup_filter	SmallGroups
107	156	4	0	18	144	no_embedding	direct	true	fail	exhaustive_abstract_subgroup_filter	SmallGroups
108	1	4	0	18	524880	embedded	transitive	false	19	verified_witness_composition	transitivity
108	2	4	0	18	7560	no_embedding	direct	true	fail	weak_fingerprint	filter
108	3	4	0	18	15120	no_embedding	direct	true	fail	weak_fingerprint	filter
108	4	4	0	18	23328	no_embedding	direct	true	fail	weak_fingerprint	filter
108	5	4	0	18	2160	no_embedding	direct	true	fail	weak_fingerprint	filter
108	6	4	0	18	2160	no_embedding	direct	true	fail	weak_fingerprint	filter
108	7	4	0	18	5940	no_embedding	direct	true	fail	weak_fingerprint	filter
108	8	4	0	18	6480	embedded	transitive	false	36	verified_witness_composition	transitivity
108	9	4	1	18	5832	no_embedding	direct	true	fail	weak_fingerprint	filter
108	10	4	1	18	1080	no_embedding	direct	true	fail	exhaustive_abstract_subgroup_filter	SmallGroups
108	11	4	1	18	2160	no_embedding	direct	true	fail	weak_fingerprint	filter
108	12	4	1	18	504	no_embedding	direct	true	fail	exhaustive_abstract_subgroup_filter	SmallGroups
108	13	4	0	18	1008	no_embedding	direct	true	fail	weak_fingerprint	filter
108	14	4	0	18	1008	no_embedding	direct	true	fail	weak_fingerprint	filter
108	15	4	1	18	360	no_embedding	direct	true	fail	weak_fingerprint	filter
108	16	4	1	18	720	no_embedding	direct	true	fail	weak_fingerprint	filter
108	17	4	1	18	216	no_embedding	direct	true	fail	exhaustive_abstract_subgroup_filter	SmallGroups
108	18	4	0	18	648	no_embedding	direct	true	fail	weak_fingerprint	filter
108	19	4	1	18	432	embedded	direct	true	fail	found	A_strict
108	20	4	1	18	144	no_embedding	direct	true	fail	weak_fingerprint	filter
108	21	4	2	18	2916	no_embedding	direct	true	fail	weak_fingerprint	filter
108	22	4	1	18	5832	no_embedding	direct	true	fail	weak_fingerprint	filter
108	23	4	1	18	8748	no_embedding	direct	true	fail	weak_fingerprint	filter
108	24	4	0	18	17496	no_embedding	direct	true	fail	weak_fingerprint	filter
108	25	4	2	18	216	no_embedding	direct	true	fail	weak_fingerprint	filter
108	26	4	1	18	432	embedded	direct	true	fail	found	A_strict
108	27	4	2	18	432	no_embedding	direct	true	fail	weak_fingerprint	filter
108	28	4	1	18	1296	no_embedding	direct	true	fail	weak_fingerprint	filter
108	29	4	2	18	180	no_embedding	direct	true	fail	exhaustive_abstract_subgroup_filter	SmallGroups
108	30	4	1	18	540	no_embedding	direct	true	fail	weak_fingerprint	filter
108	31	4	2	18	360	no_embedding	direct	true	fail	weak_fingerprint	filter
108	32	4	1	18	1080	no_embedding	direct	true	fail	weak_fingerprint	filter
108	33	4	2	18	108	no_embedding	direct	true	fail	exhaustive_abstract_subgroup_filter	SmallGroups
108	34	4	2	18	216	no_embedding	direct	true	fail	weak_fingerprint	filter
108	35	4	2	18	216	embedded	direct	true	fail	found	A_strict
108	36	4	1	18	648	embedded	direct	true	fail	found	A_strict
108	37	4	2	18	216	no_embedding	direct	true	fail	weak_fingerprint	filter
108	38	4	1	18	648	no_embedding	direct	true	fail	weak_fingerprint	filter
108	40	4	1	18	126	no_embedding	direct	true	fail	weak_fingerprint	filter
108	41	4	0	18	378	no_embedding	direct	true	fail	weak_fingerprint	filter
108	45	4	3	18	72	no_embedding	direct	true	fail	exhaustive_abstract_subgroup_filter	SmallGroups
108	46	4	2	18	144	no_embedding	direct	true	fail	weak_fingerprint	filter
108	47	4	3	18	144	no_embedding	direct	true	fail	weak_fingerprint	filter
108	50	4	1	18	72	no_embedding	direct	true	fail	weak_fingerprint	filter
108	53	4	2	18	108	no_embedding	direct	true	fail	weak_fingerprint	filter
108	54	4	1	18	162	no_embedding	direct	true	fail	weak_fingerprint	filter
108	56	4	2	18	324	no_embedding	direct	true	fail	weak_fingerprint	filter
108	57	4	2	18	324	no_embedding	direct	true	fail	weak_fingerprint	filter
108	59	4	2	18	72	embedded	direct	true	fail	found	A_strict
108	60	4	2	18	72	embedded	direct	true	fail	found	A_strict
108	61	4	2	18	108	no_embedding	direct	true	fail	weak_fingerprint	filter
108	62	4	1	18	216	embedded	direct	true	fail	found	A_strict
108	64	4	2	18	216	no_embedding	direct	true	fail	weak_fingerprint	filter
108	66	4	3	18	72	no_embedding	direct	true	fail	weak_fingerprint	filter
108	67	4	2	18	108	no_embedding	direct	true	fail	weak_fingerprint	filter
108	69	4	2	18	216	no_embedding	direct	true	fail	weak_fingerprint	filter
108	72	4	2	18	90	no_embedding	direct	true	fail	weak_fingerprint	filter
108	84	4	3	18	36	no_embedding	direct	true	fail	weak_fingerprint	filter
108	85	4	3	18	36	embedded	direct	true	fail	found	A_strict
108	86	4	3	18	54	no_embedding	direct	true	fail	weak_fingerprint	filter
108	87	4	2	18	54	no_embedding	direct	true	fail	weak_fingerprint	filter
108	89	4	3	18	72	no_embedding	direct	true	fail	weak_fingerprint	filter
108	90	4	3	18	108	no_embedding	direct	true	fail	weak_fingerprint	filter
108	91	4	3	18	108	no_embedding	direct	true	fail	weak_fingerprint	filter
108	92	4	2	18	108	no_embedding	direct	true	fail	weak_fingerprint	filter
108	93	4	1	18	144	no_embedding	direct	true	fail	weak_fingerprint	filter
108	94	4	1	18	216	no_embedding	direct	true	fail	weak_fingerprint	filter
108	95	4	1	18	216	no_embedding	direct	true	fail	weak_fingerprint	filter
108	96	4	0	18	432	no_embedding	direct	true	fail	weak_fingerprint	filter
108	102	4	3	18	36	no_embedding	direct	true	fail	exhaustive_abstract_subgroup_filter	SmallGroups
108	103	4	3	18	72	no_embedding	direct	true	fail	weak_fingerprint	filter
108	104	4	2	18	72	no_embedding	direct	true	fail	weak_fingerprint	filter
108	105	4	2	18	72	no_embedding	direct	true	fail	exhaustive_abstract_subgroup_filter	SmallGroups
108	113	4	2	18	54	embedded	direct	true	fail	literal_matrix_subgroup	literal_matrix_subgroup
108	114	4	1	18	54	no_embedding	direct	true	fail	weak_fingerprint	filter
108	118	4	3	18	54	no_embedding	direct	true	fail	weak_fingerprint	filter
108	128	4	3	18	36	no_embedding	direct	true	fail	weak_fingerprint	filter
108	130	4	2	18	72	no_embedding	direct	true	fail	weak_fingerprint	filter
108	131	4	1	18	72	no_embedding	direct	true	fail	weak_fingerprint	filter
108	143	4	3	18	18	no_embedding	direct	true	fail	exhaustive_abstract_subgroup_filter	SmallGroups
108	147	4	3	18	36	no_embedding	direct	true	fail	weak_fingerprint	filter
108	148	4	3	18	36	no_embedding	direct	true	fail	weak_fingerprint	filter
108	149	4	2	18	36	no_embedding	direct	true	fail	weak_fingerprint	filter
108	150	4	2	18	36	no_embedding	direct	true	fail	weak_fingerprint	filter
108	153	4	1	18	72	no_embedding	direct	true	fail	weak_fingerprint	filter
108	154	4	1	18	72	no_embedding	direct	true	fail	weak_fingerprint	filter
108	156	4	0	18	144	no_embedding	direct	true	fail	weak_fingerprint	filter
109	1	4	0	18	524880	embedded	transitive	false	9	verified_witness_composition	transitivity
109	2	4	0	18	7560	no_embedding	direct	true	fail	weak_fingerprint	filter
109	3	4	0	18	15120	embedded	transitive	false	11	verified_witness_composition	transitivity
109	4	4	0	18	23328	embedded	transitive	false	9	verified_witness_composition	transitivity
109	5	4	0	18	2160	no_embedding	direct	true	fail	weak_fingerprint	filter
109	6	4	0	18	2160	no_embedding	direct	true	fail	weak_fingerprint	filter
109	7	4	0	18	5940	no_embedding	direct	true	fail	weak_fingerprint	filter
109	8	4	0	18	6480	no_embedding	direct	true	fail	strong_fingerprint	filter
109	9	4	1	18	5832	embedded	transitive	false	34	verified_witness_composition	transitivity
109	10	4	1	18	1080	no_embedding	direct	true	fail	exhaustive_abstract_subgroup_filter	SmallGroups
109	11	4	1	18	2160	embedded	transitive	false	34	verified_witness_composition	transitivity
109	12	4	1	18	504	no_embedding	direct	true	fail	exhaustive_abstract_subgroup_filter	SmallGroups
109	13	4	0	18	1008	embedded	direct	true	fail	found	A_strict
109	14	4	0	18	1008	embedded	direct	true	fail	found	A_strict
109	15	4	1	18	360	no_embedding	direct	true	fail	weak_fingerprint	filter
109	16	4	1	18	720	no_embedding	direct	true	fail	weak_fingerprint	filter
109	17	4	1	18	216	no_embedding	direct	true	fail	exhaustive_abstract_subgroup_filter	SmallGroups
109	18	4	0	18	648	no_embedding	direct	true	fail	weak_fingerprint	filter
109	19	4	1	18	432	embedded	direct	true	fail	found	A_strict
109	20	4	1	18	144	no_embedding	direct	true	fail	weak_fingerprint	filter
109	21	4	2	18	2916	no_embedding	direct	true	fail	weak_fingerprint	filter
109	22	4	1	18	5832	no_embedding	direct	true	fail	weak_fingerprint	filter
109	23	4	1	18	8748	no_embedding	direct	true	fail	weak_fingerprint	filter
109	24	4	0	18	17496	no_embedding	direct	true	fail	weak_fingerprint	filter
109	25	4	2	18	216	no_embedding	direct	true	fail	weak_fingerprint	filter
109	26	4	1	18	432	embedded	direct	true	fail	found	A_strict
109	27	4	2	18	432	no_embedding	direct	true	fail	strong_fingerprint	filter
109	28	4	1	18	1296	no_embedding	direct	true	fail	strong_fingerprint	filter
109	29	4	2	18	180	no_embedding	direct	true	fail	exhaustive_abstract_subgroup_filter	SmallGroups
109	30	4	1	18	540	no_embedding	direct	true	fail	weak_fingerprint	filter
109	31	4	2	18	360	no_embedding	direct	true	fail	weak_fingerprint	filter
109	32	4	1	18	1080	no_embedding	direct	true	fail	weak_fingerprint	filter
109	33	4	2	18	108	no_embedding	direct	true	fail	exhaustive_abstract_subgroup_filter	SmallGroups
109	34	4	2	18	216	embedded	direct	true	fail	found	A_strict
109	35	4	2	18	216	no_embedding	direct	true	fail	strong_fingerprint	filter
109	36	4	1	18	648	no_embedding	direct	true	fail	strong_fingerprint	filter
109	37	4	2	18	216	no_embedding	direct	true	fail	weak_fingerprint	filter
109	38	4	1	18	648	no_embedding	direct	true	fail	weak_fingerprint	filter
109	40	4	1	18	126	embedded	direct	true	fail	found	A_strict
109	41	4	0	18	378	embedded	direct	true	fail	found	A_strict
109	45	4	3	18	72	no_embedding	direct	true	fail	exhaustive_abstract_subgroup_filter	SmallGroups
109	46	4	2	18	144	embedded	direct	true	fail	found	A_strict
109	47	4	3	18	144	no_embedding	direct	true	fail	weak_fingerprint	filter
109	50	4	1	18	72	no_embedding	direct	true	fail	weak_fingerprint	filter
109	53	4	2	18	108	embedded	direct	true	fail	found	A_strict
109	54	4	1	18	162	no_embedding	direct	true	fail	weak_fingerprint	filter
109	56	4	2	18	324	no_embedding	direct	true	fail	weak_fingerprint	filter
109	57	4	2	18	324	no_embedding	direct	true	fail	weak_fingerprint	filter
109	59	4	2	18	72	no_embedding	direct	true	fail	weak_fingerprint	filter
109	60	4	2	18	72	embedded	direct	true	fail	found	A_strict
109	61	4	2	18	108	no_embedding	direct	true	fail	weak_fingerprint	filter
109	62	4	1	18	216	no_embedding	direct	true	fail	weak_fingerprint	filter
109	64	4	2	18	216	no_embedding	direct	true	fail	weak_fingerprint	filter
109	66	4	3	18	72	embedded	direct	true	fail	found	A_strict
109	67	4	2	18	108	no_embedding	direct	true	fail	weak_fingerprint	filter
109	69	4	2	18	216	no_embedding	direct	true	fail	weak_fingerprint	filter
109	72	4	2	18	90	no_embedding	direct	true	fail	weak_fingerprint	filter
109	84	4	3	18	36	embedded	direct	true	fail	found	A_strict
109	85	4	3	18	36	no_embedding	direct	true	fail	weak_fingerprint	filter
109	86	4	3	18	54	no_embedding	direct	true	fail	weak_fingerprint	filter
109	87	4	2	18	54	no_embedding	direct	true	fail	weak_fingerprint	filter
109	89	4	3	18	72	no_embedding	direct	true	fail	weak_fingerprint	filter
109	90	4	3	18	108	no_embedding	direct	true	fail	weak_fingerprint	filter
109	91	4	3	18	108	no_embedding	direct	true	fail	weak_fingerprint	filter
109	92	4	2	18	108	no_embedding	direct	true	fail	weak_fingerprint	filter
109	93	4	1	18	144	no_embedding	direct	true	fail	weak_fingerprint	filter
109	94	4	1	18	216	no_embedding	direct	true	fail	weak_fingerprint	filter
109	95	4	1	18	216	no_embedding	direct	true	fail	weak_fingerprint	filter
109	96	4	0	18	432	no_embedding	direct	true	fail	weak_fingerprint	filter
109	102	4	3	18	36	no_embedding	direct	true	fail	exhaustive_abstract_subgroup_filter	SmallGroups
109	103	4	3	18	72	no_embedding	direct	true	fail	weak_fingerprint	filter
109	104	4	2	18	72	no_embedding	direct	true	fail	weak_fingerprint	filter
109	105	4	2	18	72	no_embedding	direct	true	fail	exhaustive_abstract_subgroup_filter	SmallGroups
109	113	4	2	18	54	no_embedding	direct	true	fail	weak_fingerprint	filter
109	114	4	1	18	54	embedded	direct	true	fail	found	A_strict
109	118	4	3	18	54	no_embedding	direct	true	fail	weak_fingerprint	filter
109	128	4	3	18	36	no_embedding	direct	true	fail	weak_fingerprint	filter
109	130	4	2	18	72	no_embedding	direct	true	fail	weak_fingerprint	filter
109	131	4	1	18	72	no_embedding	direct	true	fail	weak_fingerprint	filter
109	143	4	3	18	18	no_embedding	direct	true	fail	exhaustive_abstract_subgroup_filter	SmallGroups
109	147	4	3	18	36	no_embedding	direct	true	fail	weak_fingerprint	filter
109	148	4	3	18	36	no_embedding	direct	true	fail	weak_fingerprint	filter
109	149	4	2	18	36	no_embedding	direct	true	fail	weak_fingerprint	filter
109	150	4	2	18	36	no_embedding	direct	true	fail	weak_fingerprint	filter
109	153	4	1	18	72	no_embedding	direct	true	fail	weak_fingerprint	filter
109	154	4	1	18	72	no_embedding	direct	true	fail	weak_fingerprint	filter
109	156	4	0	18	144	no_embedding	direct	true	fail	weak_fingerprint	filter
110	1	4	0	27	524880	embedded	transitive	false	23	verified_witness_composition	transitivity
110	2	4	0	27	7560	no_embedding	direct	true	fail	weak_fingerprint	filter
110	3	4	0	27	15120	no_embedding	direct	true	fail	weak_fingerprint	filter
110	4	4	0	27	23328	no_embedding	direct	true	fail	weak_fingerprint	filter
110	5	4	0	27	2160	no_embedding	direct	true	fail	weak_fingerprint	filter
110	6	4	0	27	2160	no_embedding	direct	true	fail	weak_fingerprint	filter
110	7	4	0	27	5940	embedded	transitive	false	30	verified_witness_composition	transitivity
110	8	4	0	27	6480	embedded	transitive	false	28	verified_witness_composition	transitivity
110	9	4	1	27	5832	no_embedding	direct	true	fail	weak_fingerprint	filter
110	10	4	1	27	1080	no_embedding	direct	true	fail	exhaustive_abstract_subgroup_filter	SmallGroups
110	11	4	1	27	2160	no_embedding	direct	true	fail	weak_fingerprint	filter
110	17	4	1	27	216	no_embedding	direct	true	fail	exhaustive_abstract_subgroup_filter	SmallGroups
110	18	4	0	27	648	no_embedding	direct	true	fail	weak_fingerprint	filter
110	19	4	1	27	432	no_embedding	direct	true	fail	weak_fingerprint	filter
110	21	4	2	27	2916	no_embedding	direct	true	fail	weak_fingerprint	filter
110	22	4	1	27	5832	no_embedding	direct	true	fail	weak_fingerprint	filter
110	23	4	1	27	8748	embedded	transitive	false	56	verified_witness_composition	transitivity
110	24	4	0	27	17496	embedded	transitive	false	23	verified_witness_composition	transitivity
110	25	4	2	27	216	no_embedding	direct	true	fail	exhaustive_abstract_subgroup_filter	SmallGroups
110	26	4	1	27	432	no_embedding	direct	true	fail	exhaustive_abstract_subgroup_filter	SmallGroups
110	27	4	2	27	432	no_embedding	direct	true	fail	weak_fingerprint	filter
110	28	4	1	27	1296	embedded	direct	true	fail	found	A_strict
110	30	4	1	27	540	embedded	direct	true	fail	found	A_strict
110	32	4	1	27	1080	no_embedding	direct	true	fail	weak_fingerprint	filter
110	33	4	2	27	108	no_embedding	direct	true	fail	exhaustive_abstract_subgroup_filter	SmallGroups
110	34	4	2	27	216	no_embedding	direct	true	fail	weak_fingerprint	filter
110	35	4	2	27	216	no_embedding	direct	true	fail	weak_fingerprint	filter
110	36	4	1	27	648	embedded	direct	true	fail	found	A_strict
110	37	4	2	27	216	no_embedding	direct	true	fail	weak_fingerprint	filter
110	38	4	1	27	648	embedded	direct	true	fail	found	A_strict
110	41	4	0	27	378	no_embedding	direct	true	fail	exhaustive_abstract_subgroup_filter	SmallGroups
110	53	4	2	27	108	no_embedding	direct	true	fail	exhaustive_abstract_subgroup_filter	SmallGroups
110	54	4	1	27	162	no_embedding	direct	true	fail	weak_fingerprint	filter
110	56	4	2	27	324	embedded	direct	true	fail	found	A_strict
110	57	4	2	27	324	embedded	direct	true	fail	found	A_strict
110	61	4	2	27	108	embedded	direct	true	fail	found	A_strict
110	62	4	1	27	216	embedded	direct	true	fail	found	A_strict
110	64	4	2	27	216	no_embedding	direct	true	fail	weak_fingerprint	filter
110	67	4	2	27	108	embedded	direct	true	fail	found	A_strict
110	69	4	2	27	216	no_embedding	direct	true	fail	weak_fingerprint	filter
110	86	4	3	27	54	embedded	direct	true	fail	found	A_strict
110	87	4	2	27	54	no_embedding	direct	true	fail	weak_fingerprint	filter
110	90	4	3	27	108	no_embedding	direct	true	fail	weak_fingerprint	filter
110	91	4	3	27	108	no_embedding	direct	true	fail	weak_fingerprint	filter
110	92	4	2	27	108	no_embedding	direct	true	fail	weak_fingerprint	filter
110	94	4	1	27	216	no_embedding	direct	true	fail	weak_fingerprint	filter
110	95	4	1	27	216	no_embedding	direct	true	fail	weak_fingerprint	filter
110	96	4	0	27	432	no_embedding	direct	true	fail	weak_fingerprint	filter
110	111	4	3	27	27	no_embedding	direct	true	fail	weak_fingerprint	filter
110	112	4	2	27	27	no_embedding	direct	true	fail	exhaustive_abstract_subgroup_filter	SmallGroups
110	113	4	2	27	54	embedded	direct	true	fail	found	A_strict
110	114	4	1	27	54	no_embedding	direct	true	fail	exhaustive_abstract_subgroup_filter	SmallGroups
110	118	4	3	27	54	no_embedding	direct	true	fail	weak_fingerprint	filter
111	1	3	0	27	524880	embedded	transitive	false	23	verified_witness_composition	transitivity
111	2	3	0	27	7560	no_embedding	direct	true	fail	weak_fingerprint	filter
111	3	3	0	27	15120	no_embedding	direct	true	fail	weak_fingerprint	filter
111	4	3	0	27	23328	no_embedding	direct	true	fail	weak_fingerprint	filter
111	5	3	0	27	2160	no_embedding	direct	true	fail	weak_fingerprint	filter
111	6	3	0	27	2160	no_embedding	direct	true	fail	weak_fingerprint	filter
111	7	3	0	27	5940	no_embedding	direct	true	fail	exhausted_subgroup_classes_and_twists	subgroup_classes_full_aut
111	8	3	0	27	6480	no_embedding	direct	true	fail	exhausted_subgroup_classes_and_twists	subgroup_classes_full_aut
111	9	3	1	27	5832	no_embedding	direct	true	fail	weak_fingerprint	filter
111	10	3	1	27	1080	no_embedding	direct	true	fail	exhaustive_abstract_subgroup_filter	SmallGroups
111	11	3	1	27	2160	no_embedding	direct	true	fail	weak_fingerprint	filter
111	17	3	1	27	216	no_embedding	direct	true	fail	exhaustive_abstract_subgroup_filter	SmallGroups
111	18	3	0	27	648	embedded	direct	true	fail	found	A_strict
111	19	3	1	27	432	no_embedding	direct	true	fail	weak_fingerprint	filter
111	21	3	2	27	2916	no_embedding	direct	true	fail	weak_fingerprint	filter
111	22	3	1	27	5832	no_embedding	direct	true	fail	weak_fingerprint	filter
111	23	3	1	27	8748	embedded	transitive	false	57	verified_witness_composition	transitivity
111	24	3	0	27	17496	embedded	transitive	false	23	verified_witness_composition	transitivity
111	25	3	2	27	216	no_embedding	direct	true	fail	exhaustive_abstract_subgroup_filter	SmallGroups
111	26	3	1	27	432	no_embedding	direct	true	fail	exhaustive_abstract_subgroup_filter	SmallGroups
111	27	3	2	27	432	no_embedding	direct	true	fail	weak_fingerprint	filter
111	28	3	1	27	1296	no_embedding	direct	true	fail	exhausted_no_verified_candidate	A_strict
111	30	3	1	27	540	no_embedding	direct	true	fail	exhausted_no_verified_candidate	A_strict
111	32	3	1	27	1080	no_embedding	direct	true	fail	weak_fingerprint	filter
111	33	3	2	27	108	no_embedding	direct	true	fail	exhaustive_abstract_subgroup_filter	SmallGroups
111	34	3	2	27	216	no_embedding	direct	true	fail	weak_fingerprint	filter
111	35	3	2	27	216	no_embedding	direct	true	fail	weak_fingerprint	filter
111	36	3	1	27	648	no_embedding	direct	true	fail	exhausted_no_verified_candidate	A_strict
111	37	3	2	27	216	no_embedding	direct	true	fail	weak_fingerprint	filter
111	38	3	1	27	648	embedded	direct	true	fail	found	A_strict
111	41	3	0	27	378	no_embedding	direct	true	fail	exhaustive_abstract_subgroup_filter	SmallGroups
111	53	3	2	27	108	no_embedding	direct	true	fail	exhaustive_abstract_subgroup_filter	SmallGroups
111	54	3	1	27	162	embedded	direct	true	fail	found	A_strict
111	56	3	2	27	324	no_embedding	direct	true	fail	exhausted_no_verified_candidate	A_strict
111	57	3	2	27	324	embedded	direct	true	fail	found	A_strict
111	61	3	2	27	108	no_embedding	direct	true	fail	weak_fingerprint	filter
111	62	3	1	27	216	no_embedding	direct	true	fail	weak_fingerprint	filter
111	64	3	2	27	216	no_embedding	direct	true	fail	weak_fingerprint	filter
111	67	3	2	27	108	no_embedding	direct	true	fail	exhausted_no_verified_candidate	A_strict
111	69	3	2	27	216	no_embedding	direct	true	fail	weak_fingerprint	filter
111	87	3	2	27	54	embedded	direct	true	fail	found	A_strict
111	92	3	2	27	108	no_embedding	direct	true	fail	weak_fingerprint	filter
111	94	3	1	27	216	no_embedding	direct	true	fail	weak_fingerprint	filter
111	95	3	1	27	216	no_embedding	direct	true	fail	weak_fingerprint	filter
111	96	3	0	27	432	no_embedding	direct	true	fail	weak_fingerprint	filter
111	112	3	2	27	27	no_embedding	direct	true	fail	exhaustive_abstract_subgroup_filter	SmallGroups
111	113	3	2	27	54	no_embedding	direct	true	fail	weak_fingerprint	filter
111	114	3	1	27	54	no_embedding	direct	true	fail	exhaustive_abstract_subgroup_filter	SmallGroups
112	1	2	0	27	524880	embedded	transitive	false	54	verified_witness_composition	transitivity
112	2	2	0	27	7560	no_embedding	direct	true	fail	exponent	filter
112	3	2	0	27	15120	no_embedding	direct	true	fail	exponent	filter
112	4	2	0	27	23328	no_embedding	direct	true	fail	exponent	filter
112	5	2	0	27	2160	no_embedding	direct	true	fail	exponent	filter
112	6	2	0	27	2160	no_embedding	direct	true	fail	exponent	filter
112	7	2	0	27	5940	no_embedding	direct	true	fail	exponent	filter
112	8	2	0	27	6480	no_embedding	direct	true	fail	exponent	filter
112	9	2	1	27	5832	no_embedding	direct	true	fail	exponent	filter
112	10	2	1	27	1080	no_embedding	direct	true	fail	exhaustive_abstract_subgroup_filter	SmallGroups
112	11	2	1	27	2160	no_embedding	direct	true	fail	exponent	filter
112	17	2	1	27	216	no_embedding	direct	true	fail	exhaustive_abstract_subgroup_filter	SmallGroups
112	18	2	0	27	648	embedded	direct	true	fail	found	A_strict
112	19	2	1	27	432	no_embedding	direct	true	fail	exhaustive_abstract_subgroup_filter	SmallGroups
112	22	2	1	27	5832	no_embedding	direct	true	fail	exponent	filter
112	23	2	1	27	8748	no_embedding	direct	true	fail	strong_fingerprint	filter
112	24	2	0	27	17496	no_embedding	direct	true	fail	strong_fingerprint	filter
112	26	2	1	27	432	no_embedding	direct	true	fail	exhaustive_abstract_subgroup_filter	SmallGroups
112	28	2	1	27	1296	no_embedding	direct	true	fail	exhaustive_abstract_subgroup_filter	SmallGroups
112	30	2	1	27	540	no_embedding	direct	true	fail	exhaustive_abstract_subgroup_filter	SmallGroups
112	32	2	1	27	1080	no_embedding	direct	true	fail	exhaustive_abstract_subgroup_filter	SmallGroups
112	36	2	1	27	648	no_embedding	direct	true	fail	exhaustive_abstract_subgroup_filter	SmallGroups
112	38	2	1	27	648	no_embedding	direct	true	fail	exhaustive_abstract_subgroup_filter	SmallGroups
112	41	2	0	27	378	embedded	direct	true	fail	found	A_strict
112	54	2	1	27	162	embedded	direct	true	fail	found	A_strict
112	62	2	1	27	216	no_embedding	direct	true	fail	exhaustive_abstract_subgroup_filter	SmallGroups
112	94	2	1	27	216	no_embedding	direct	true	fail	exhaustive_abstract_subgroup_filter	SmallGroups
112	95	2	1	27	216	no_embedding	direct	true	fail	exhaustive_abstract_subgroup_filter	SmallGroups
112	96	2	0	27	432	no_embedding	direct	true	fail	exhaustive_abstract_subgroup_filter	SmallGroups
112	114	2	1	27	54	embedded	direct	true	fail	found	A_strict
113	1	2	0	54	524880	embedded	transitive	false	36	verified_witness_composition	transitivity
113	2	2	0	54	7560	no_embedding	direct	true	fail	weak_fingerprint	filter
113	3	2	0	54	15120	no_embedding	direct	true	fail	weak_fingerprint	filter
113	4	2	0	54	23328	no_embedding	direct	true	fail	weak_fingerprint	filter
113	5	2	0	54	2160	no_embedding	direct	true	fail	weak_fingerprint	filter
113	6	2	0	54	2160	no_embedding	direct	true	fail	weak_fingerprint	filter
113	7	2	0	54	5940	no_embedding	direct	true	fail	weak_fingerprint	filter
113	8	2	0	54	6480	embedded	transitive	false	36	verified_witness_composition	transitivity
113	9	2	1	54	5832	no_embedding	direct	true	fail	weak_fingerprint	filter
113	10	2	1	54	1080	no_embedding	direct	true	fail	exhaustive_abstract_subgroup_filter	SmallGroups
113	11	2	1	54	2160	no_embedding	direct	true	fail	weak_fingerprint	filter
113	17	2	1	54	216	no_embedding	direct	true	fail	exhaustive_abstract_subgroup_filter	SmallGroups
113	18	2	0	54	648	no_embedding	direct	true	fail	exhaustive_abstract_subgroup_filter	SmallGroups
113	19	2	1	54	432	no_embedding	direct	true	fail	weak_fingerprint	filter
113	22	2	1	54	5832	no_embedding	direct	true	fail	weak_fingerprint	filter
113	23	2	1	54	8748	no_embedding	direct	true	fail	weak_fingerprint	filter
113	24	2	0	54	17496	no_embedding	direct	true	fail	weak_fingerprint	filter
113	26	2	1	54	432	no_embedding	direct	true	fail	exhaustive_abstract_subgroup_filter	SmallGroups
113	28	2	1	54	1296	no_embedding	direct	true	fail	weak_fingerprint	filter
113	30	2	1	54	540	no_embedding	direct	true	fail	exhaustive_abstract_subgroup_filter	SmallGroups
113	32	2	1	54	1080	no_embedding	direct	true	fail	weak_fingerprint	filter
113	36	2	1	54	648	embedded	direct	true	fail	found	A_strict
113	38	2	1	54	648	no_embedding	direct	true	fail	weak_fingerprint	filter
113	41	2	0	54	378	no_embedding	direct	true	fail	exhaustive_abstract_subgroup_filter	SmallGroups
113	54	2	1	54	162	no_embedding	direct	true	fail	exhaustive_abstract_subgroup_filter	SmallGroups
113	62	2	1	54	216	embedded	direct	true	fail	found	A_strict
113	94	2	1	54	216	no_embedding	direct	true	fail	weak_fingerprint	filter
113	95	2	1	54	216	no_embedding	direct	true	fail	weak_fingerprint	filter
113	96	2	0	54	432	no_embedding	direct	true	fail	weak_fingerprint	filter
113	114	2	1	54	54	no_embedding	direct	true	fail	exhaustive_abstract_subgroup_filter	SmallGroups
114	1	1	0	54	524880	embedded	direct	true	fail	found	subgroup_classes_full_aut
114	2	1	0	54	7560	no_embedding	direct	true	fail	exponent	filter
114	3	1	0	54	15120	no_embedding	direct	true	fail	exponent	filter
114	4	1	0	54	23328	no_embedding	direct	true	fail	exponent	filter
114	5	1	0	54	2160	no_embedding	direct	true	fail	exponent	filter
114	6	1	0	54	2160	no_embedding	direct	true	fail	exponent	filter
114	7	1	0	54	5940	no_embedding	direct	true	fail	exponent	filter
114	8	1	0	54	6480	no_embedding	direct	true	fail	exponent	filter
114	18	1	0	54	648	no_embedding	direct	true	fail	exhaustive_abstract_subgroup_filter	SmallGroups
114	24	1	0	54	17496	no_embedding	direct	true	fail	weak_fingerprint	filter
114	41	1	0	54	378	embedded	direct	true	fail	found	A_strict
114	96	1	0	54	432	no_embedding	direct	true	fail	exhaustive_abstract_subgroup_filter	SmallGroups
115	1	8	0	18	524880	embedded	transitive	false	9	verified_witness_composition	transitivity
115	2	8	0	18	7560	no_embedding	direct	true	fail	weak_fingerprint	filter
115	3	8	0	18	15120	embedded	transitive	false	11	verified_witness_composition	transitivity
115	4	8	0	18	23328	embedded	transitive	false	9	verified_witness_composition	transitivity
115	5	8	0	18	2160	no_embedding	direct	true	fail	weak_fingerprint	filter
115	6	8	0	18	2160	no_embedding	direct	true	fail	weak_fingerprint	filter
115	7	8	0	18	5940	no_embedding	direct	true	fail	weak_fingerprint	filter
115	8	8	0	18	6480	embedded	transitive	false	16	verified_witness_composition	transitivity
115	9	8	1	18	5832	embedded	transitive	false	21	verified_witness_composition	transitivity
115	10	8	1	18	1080	no_embedding	direct	true	fail	weak_fingerprint	filter
115	11	8	1	18	2160	embedded	transitive	false	31	verified_witness_composition	transitivity
115	12	8	1	18	504	no_embedding	direct	true	fail	weak_fingerprint	filter
115	13	8	0	18	1008	no_embedding	direct	true	fail	weak_fingerprint	filter
115	14	8	0	18	1008	no_embedding	direct	true	fail	weak_fingerprint	filter
115	15	8	1	18	360	no_embedding	direct	true	fail	weak_fingerprint	filter
115	16	8	1	18	720	embedded	direct	true	fail	found	A_strict
115	17	8	1	18	216	no_embedding	direct	true	fail	weak_fingerprint	filter
115	18	8	0	18	648	no_embedding	direct	true	fail	weak_fingerprint	filter
115	19	8	1	18	432	embedded	direct	true	fail	found	A_strict
115	20	8	1	18	144	no_embedding	direct	true	fail	weak_fingerprint	filter
115	21	8	2	18	2916	embedded	transitive	false	55	verified_witness_composition	transitivity
115	22	8	1	18	5832	embedded	transitive	false	21	verified_witness_composition	transitivity
115	23	8	1	18	8748	embedded	transitive	false	21	verified_witness_composition	transitivity
115	24	8	0	18	17496	embedded	transitive	false	22	verified_witness_composition	transitivity
115	25	8	2	18	216	no_embedding	direct	true	fail	weak_fingerprint	filter
115	26	8	1	18	432	no_embedding	direct	true	fail	weak_fingerprint	filter
115	27	8	2	18	432	embedded	direct	true	fail	found	A_strict
115	28	8	1	18	1296	embedded	direct	true	fail	found	A_strict
115	29	8	2	18	180	no_embedding	direct	true	fail	weak_fingerprint	filter
115	30	8	1	18	540	no_embedding	direct	true	fail	weak_fingerprint	filter
115	31	8	2	18	360	embedded	direct	true	fail	found	A_strict
115	32	8	1	18	1080	embedded	direct	true	fail	found	A_strict
115	33	8	2	18	108	no_embedding	direct	true	fail	weak_fingerprint	filter
115	34	8	2	18	216	embedded	direct	true	fail	found	A_strict
115	35	8	2	18	216	embedded	direct	true	fail	found	A_strict
115	36	8	1	18	648	embedded	direct	true	fail	found	A_strict
115	37	8	2	18	216	embedded	direct	true	fail	found	A_strict
115	38	8	1	18	648	embedded	direct	true	fail	found	A_strict
115	40	8	1	18	126	no_embedding	direct	true	fail	exhaustive_abstract_subgroup_filter	SmallGroups
115	41	8	0	18	378	no_embedding	direct	true	fail	exhaustive_abstract_subgroup_filter	SmallGroups
115	45	8	3	18	72	no_embedding	direct	true	fail	weak_fingerprint	filter
115	46	8	2	18	144	no_embedding	direct	true	fail	weak_fingerprint	filter
115	47	8	3	18	144	embedded	direct	true	fail	found	A_strict
115	50	8	1	18	72	no_embedding	direct	true	fail	exhaustive_abstract_subgroup_filter	SmallGroups
115	52	8	4	18	54	no_embedding	direct	true	fail	weak_fingerprint	filter
115	53	8	2	18	108	no_embedding	direct	true	fail	weak_fingerprint	filter
115	54	8	1	18	162	no_embedding	direct	true	fail	weak_fingerprint	filter
115	55	8	4	18	108	embedded	direct	true	fail	found	A_strict
115	56	8	2	18	324	embedded	direct	true	fail	found	A_strict
115	57	8	2	18	324	embedded	direct	true	fail	found	A_strict
115	58	8	4	18	36	no_embedding	direct	true	fail	weak_fingerprint	filter
115	59	8	2	18	72	no_embedding	direct	true	fail	weak_fingerprint	filter
115	60	8	2	18	72	no_embedding	direct	true	fail	weak_fingerprint	filter
115	61	8	2	18	108	no_embedding	direct	true	fail	weak_fingerprint	filter
115	62	8	1	18	216	no_embedding	direct	true	fail	weak_fingerprint	filter
115	63	8	4	18	72	embedded	direct	true	fail	literal_matrix_subgroup	literal_matrix_subgroup
115	64	8	2	18	216	embedded	direct	true	fail	literal_matrix_subgroup	literal_matrix_subgroup
115	65	8	4	18	36	no_embedding	direct	true	fail	exhaustive_abstract_subgroup_filter	SmallGroups
115	66	8	3	18	72	no_embedding	direct	true	fail	exhaustive_abstract_subgroup_filter	SmallGroups
115	67	8	2	18	108	no_embedding	direct	true	fail	exhaustive_abstract_subgroup_filter	SmallGroups
115	68	8	4	18	72	embedded	direct	true	fail	found	A_strict
115	69	8	2	18	216	embedded	direct	true	fail	found	A_strict
115	72	8	2	18	90	no_embedding	direct	true	fail	exhaustive_abstract_subgroup_filter	SmallGroups
115	83	8	6	18	18	no_embedding	direct	true	fail	weak_fingerprint	filter
115	84	8	3	18	36	no_embedding	direct	true	fail	weak_fingerprint	filter
115	85	8	3	18	36	no_embedding	direct	true	fail	weak_fingerprint	filter
115	86	8	3	18	54	no_embedding	direct	true	fail	weak_fingerprint	filter
115	87	8	2	18	54	no_embedding	direct	true	fail	weak_fingerprint	filter
115	88	8	6	18	36	embedded	direct	true	fail	found	A_strict
115	89	8	3	18	72	embedded	direct	true	fail	found	A_strict
115	90	8	3	18	108	embedded	direct	true	fail	found	A_strict
115	91	8	3	18	108	embedded	direct	true	fail	found	A_strict
115	92	8	2	18	108	embedded	direct	true	fail	found	A_strict
115	93	8	1	18	144	embedded	direct	true	fail	found	A_strict
115	94	8	1	18	216	embedded	direct	true	fail	found	A_strict
115	95	8	1	18	216	embedded	direct	true	fail	found	A_strict
115	96	8	0	18	432	embedded	direct	true	fail	found	A_strict
115	101	8	4	18	36	no_embedding	direct	true	fail	exhaustive_abstract_subgroup_filter	SmallGroups
115	102	8	3	18	36	no_embedding	direct	true	fail	exhaustive_abstract_subgroup_filter	SmallGroups
115	103	8	3	18	72	no_embedding	direct	true	fail	exhaustive_abstract_subgroup_filter	SmallGroups
115	104	8	2	18	72	no_embedding	direct	true	fail	exhaustive_abstract_subgroup_filter	SmallGroups
115	105	8	2	18	72	no_embedding	direct	true	fail	exhaustive_abstract_subgroup_filter	SmallGroups
115	107	8	4	18	18	no_embedding	direct	true	fail	weak_fingerprint	filter
115	108	8	4	18	18	no_embedding	direct	true	fail	exhaustive_abstract_subgroup_filter	SmallGroups
115	109	8	4	18	18	no_embedding	direct	true	fail	exhaustive_abstract_subgroup_filter	SmallGroups
115	113	8	2	18	54	no_embedding	direct	true	fail	exhaustive_abstract_subgroup_filter	SmallGroups
115	114	8	1	18	54	no_embedding	direct	true	fail	exhaustive_abstract_subgroup_filter	SmallGroups
115	116	8	4	18	54	embedded	direct	true	fail	literal_matrix_subgroup	literal_matrix_subgroup
115	117	8	4	18	54	embedded	direct	true	fail	literal_matrix_subgroup	literal_matrix_subgroup
115	118	8	3	18	54	embedded	direct	true	fail	literal_matrix_subgroup	literal_matrix_subgroup
115	123	8	6	18	18	no_embedding	direct	true	fail	exhaustive_abstract_subgroup_filter	SmallGroups
115	125	8	5	18	36	no_embedding	direct	true	fail	exhaustive_abstract_subgroup_filter	SmallGroups
115	126	8	4	18	18	no_embedding	direct	true	fail	exhaustive_abstract_subgroup_filter	SmallGroups
115	128	8	3	18	36	no_embedding	direct	true	fail	exhaustive_abstract_subgroup_filter	SmallGroups
115	130	8	2	18	72	no_embedding	direct	true	fail	exhaustive_abstract_subgroup_filter	SmallGroups
115	131	8	1	18	72	no_embedding	direct	true	fail	exhaustive_abstract_subgroup_filter	SmallGroups
115	139	8	7	18	18	no_embedding	direct	true	fail	exhaustive_abstract_subgroup_filter	SmallGroups
115	141	8	5	18	18	no_embedding	direct	true	fail	exhaustive_abstract_subgroup_filter	SmallGroups
115	142	8	4	18	18	no_embedding	direct	true	fail	exhaustive_abstract_subgroup_filter	SmallGroups
115	143	8	3	18	18	no_embedding	direct	true	fail	exhaustive_abstract_subgroup_filter	SmallGroups
115	147	8	3	18	36	no_embedding	direct	true	fail	exhaustive_abstract_subgroup_filter	SmallGroups
115	148	8	3	18	36	no_embedding	direct	true	fail	exhaustive_abstract_subgroup_filter	SmallGroups
115	149	8	2	18	36	no_embedding	direct	true	fail	exhaustive_abstract_subgroup_filter	SmallGroups
115	150	8	2	18	36	no_embedding	direct	true	fail	exhaustive_abstract_subgroup_filter	SmallGroups
115	153	8	1	18	72	no_embedding	direct	true	fail	exhaustive_abstract_subgroup_filter	SmallGroups
115	154	8	1	18	72	no_embedding	direct	true	fail	exhaustive_abstract_subgroup_filter	SmallGroups
115	156	8	0	18	144	no_embedding	direct	true	fail	exhaustive_abstract_subgroup_filter	SmallGroups
116	1	4	0	54	524880	embedded	transitive	false	23	verified_witness_composition	transitivity
116	2	4	0	54	7560	no_embedding	direct	true	fail	weak_fingerprint	filter
116	3	4	0	54	15120	no_embedding	direct	true	fail	weak_fingerprint	filter
116	4	4	0	54	23328	no_embedding	direct	true	fail	weak_fingerprint	filter
116	5	4	0	54	2160	no_embedding	direct	true	fail	weak_fingerprint	filter
116	6	4	0	54	2160	no_embedding	direct	true	fail	weak_fingerprint	filter
116	7	4	0	54	5940	no_embedding	direct	true	fail	weak_fingerprint	filter
116	8	4	0	54	6480	embedded	transitive	false	28	verified_witness_composition	transitivity
116	9	4	1	54	5832	no_embedding	direct	true	fail	weak_fingerprint	filter
116	10	4	1	54	1080	no_embedding	direct	true	fail	exhaustive_abstract_subgroup_filter	SmallGroups
116	11	4	1	54	2160	no_embedding	direct	true	fail	weak_fingerprint	filter
116	17	4	1	54	216	no_embedding	direct	true	fail	exhaustive_abstract_subgroup_filter	SmallGroups
116	18	4	0	54	648	no_embedding	direct	true	fail	weak_fingerprint	filter
116	19	4	1	54	432	no_embedding	direct	true	fail	weak_fingerprint	filter
116	21	4	2	54	2916	no_embedding	direct	true	fail	weak_fingerprint	filter
116	22	4	1	54	5832	no_embedding	direct	true	fail	weak_fingerprint	filter
116	23	4	1	54	8748	embedded	transitive	false	56	verified_witness_composition	transitivity
116	24	4	0	54	17496	embedded	transitive	false	23	verified_witness_composition	transitivity
116	25	4	2	54	216	no_embedding	direct	true	fail	exhaustive_abstract_subgroup_filter	SmallGroups
116	26	4	1	54	432	no_embedding	direct	true	fail	exhaustive_abstract_subgroup_filter	SmallGroups
116	27	4	2	54	432	no_embedding	direct	true	fail	weak_fingerprint	filter
116	28	4	1	54	1296	embedded	direct	true	fail	found	A_strict
116	30	4	1	54	540	no_embedding	direct	true	fail	weak_fingerprint	filter
116	32	4	1	54	1080	no_embedding	direct	true	fail	weak_fingerprint	filter
116	33	4	2	54	108	no_embedding	direct	true	fail	exhaustive_abstract_subgroup_filter	SmallGroups
116	34	4	2	54	216	no_embedding	direct	true	fail	weak_fingerprint	filter
116	35	4	2	54	216	no_embedding	direct	true	fail	weak_fingerprint	filter
116	36	4	1	54	648	embedded	direct	true	fail	found	A_strict
116	37	4	2	54	216	no_embedding	direct	true	fail	weak_fingerprint	filter
116	38	4	1	54	648	no_embedding	direct	true	fail	weak_fingerprint	filter
116	41	4	0	54	378	no_embedding	direct	true	fail	exhaustive_abstract_subgroup_filter	SmallGroups
116	53	4	2	54	108	no_embedding	direct	true	fail	exhaustive_abstract_subgroup_filter	SmallGroups
116	54	4	1	54	162	no_embedding	direct	true	fail	weak_fingerprint	filter
116	56	4	2	54	324	embedded	direct	true	fail	found	A_strict
116	57	4	2	54	324	no_embedding	direct	true	fail	weak_fingerprint	filter
116	61	4	2	54	108	no_embedding	direct	true	fail	weak_fingerprint	filter
116	62	4	1	54	216	no_embedding	direct	true	fail	weak_fingerprint	filter
116	64	4	2	54	216	embedded	direct	true	fail	literal_matrix_subgroup	literal_matrix_subgroup
116	67	4	2	54	108	no_embedding	direct	true	fail	exhaustive_abstract_subgroup_filter	SmallGroups
116	69	4	2	54	216	no_embedding	direct	true	fail	weak_fingerprint	filter
116	86	4	3	54	54	no_embedding	direct	true	fail	weak_fingerprint	filter
116	87	4	2	54	54	no_embedding	direct	true	fail	weak_fingerprint	filter
116	90	4	3	54	108	embedded	direct	true	fail	found	A_strict
116	91	4	3	54	108	no_embedding	direct	true	fail	weak_fingerprint	filter
116	92	4	2	54	108	no_embedding	direct	true	fail	weak_fingerprint	filter
116	94	4	1	54	216	embedded	direct	true	fail	found	A_strict
116	95	4	1	54	216	no_embedding	direct	true	fail	weak_fingerprint	filter
116	96	4	0	54	432	embedded	direct	true	fail	found	A_strict
116	113	4	2	54	54	no_embedding	direct	true	fail	exhaustive_abstract_subgroup_filter	SmallGroups
116	114	4	1	54	54	no_embedding	direct	true	fail	exhaustive_abstract_subgroup_filter	SmallGroups
116	118	4	3	54	54	no_embedding	direct	true	fail	weak_fingerprint	filter
117	1	4	0	54	524880	embedded	transitive	false	23	verified_witness_composition	transitivity
117	2	4	0	54	7560	no_embedding	direct	true	fail	weak_fingerprint	filter
117	3	4	0	54	15120	no_embedding	direct	true	fail	weak_fingerprint	filter
117	4	4	0	54	23328	no_embedding	direct	true	fail	weak_fingerprint	filter
117	5	4	0	54	2160	no_embedding	direct	true	fail	weak_fingerprint	filter
117	6	4	0	54	2160	no_embedding	direct	true	fail	weak_fingerprint	filter
117	7	4	0	54	5940	no_embedding	direct	true	fail	weak_fingerprint	filter
117	8	4	0	54	6480	embedded	transitive	false	28	verified_witness_composition	transitivity
117	9	4	1	54	5832	no_embedding	direct	true	fail	weak_fingerprint	filter
117	10	4	1	54	1080	no_embedding	direct	true	fail	exhaustive_abstract_subgroup_filter	SmallGroups
117	11	4	1	54	2160	no_embedding	direct	true	fail	weak_fingerprint	filter
117	17	4	1	54	216	no_embedding	direct	true	fail	exhaustive_abstract_subgroup_filter	SmallGroups
117	18	4	0	54	648	no_embedding	direct	true	fail	weak_fingerprint	filter
117	19	4	1	54	432	no_embedding	direct	true	fail	weak_fingerprint	filter
117	21	4	2	54	2916	no_embedding	direct	true	fail	weak_fingerprint	filter
117	22	4	1	54	5832	no_embedding	direct	true	fail	weak_fingerprint	filter
117	23	4	1	54	8748	embedded	transitive	false	56	verified_witness_composition	transitivity
117	24	4	0	54	17496	embedded	transitive	false	23	verified_witness_composition	transitivity
117	25	4	2	54	216	no_embedding	direct	true	fail	exhaustive_abstract_subgroup_filter	SmallGroups
117	26	4	1	54	432	no_embedding	direct	true	fail	exhaustive_abstract_subgroup_filter	SmallGroups
117	27	4	2	54	432	no_embedding	direct	true	fail	weak_fingerprint	filter
117	28	4	1	54	1296	embedded	direct	true	fail	found	A_strict
117	30	4	1	54	540	no_embedding	direct	true	fail	weak_fingerprint	filter
117	32	4	1	54	1080	embedded	direct	true	fail	found	A_strict
117	33	4	2	54	108	no_embedding	direct	true	fail	exhaustive_abstract_subgroup_filter	SmallGroups
117	34	4	2	54	216	no_embedding	direct	true	fail	weak_fingerprint	filter
117	35	4	2	54	216	no_embedding	direct	true	fail	weak_fingerprint	filter
117	36	4	1	54	648	embedded	direct	true	fail	found	A_strict
117	37	4	2	54	216	no_embedding	direct	true	fail	weak_fingerprint	filter
117	38	4	1	54	648	embedded	direct	true	fail	found	A_strict
117	41	4	0	54	378	no_embedding	direct	true	fail	exhaustive_abstract_subgroup_filter	SmallGroups
117	53	4	2	54	108	no_embedding	direct	true	fail	exhaustive_abstract_subgroup_filter	SmallGroups
117	54	4	1	54	162	no_embedding	direct	true	fail	weak_fingerprint	filter
117	56	4	2	54	324	embedded	direct	true	fail	found	A_strict
117	57	4	2	54	324	embedded	direct	true	fail	found	A_strict
117	61	4	2	54	108	no_embedding	direct	true	fail	weak_fingerprint	filter
117	62	4	1	54	216	no_embedding	direct	true	fail	weak_fingerprint	filter
117	64	4	2	54	216	no_embedding	direct	true	fail	weak_fingerprint	filter
117	67	4	2	54	108	no_embedding	direct	true	fail	exhaustive_abstract_subgroup_filter	SmallGroups
117	69	4	2	54	216	embedded	direct	true	fail	found	A_strict
117	86	4	3	54	54	no_embedding	direct	true	fail	weak_fingerprint	filter
117	87	4	2	54	54	no_embedding	direct	true	fail	weak_fingerprint	filter
117	90	4	3	54	108	no_embedding	direct	true	fail	weak_fingerprint	filter
117	91	4	3	54	108	embedded	direct	true	fail	found	A_strict
117	92	4	2	54	108	no_embedding	direct	true	fail	weak_fingerprint	filter
117	94	4	1	54	216	no_embedding	direct	true	fail	weak_fingerprint	filter
117	95	4	1	54	216	embedded	direct	true	fail	found	A_strict
117	96	4	0	54	432	no_embedding	direct	true	fail	weak_fingerprint	filter
117	113	4	2	54	54	no_embedding	direct	true	fail	exhaustive_abstract_subgroup_filter	SmallGroups
117	114	4	1	54	54	no_embedding	direct	true	fail	exhaustive_abstract_subgroup_filter	SmallGroups
117	118	4	3	54	54	no_embedding	direct	true	fail	weak_fingerprint	filter
118	1	3	0	54	524880	embedded	transitive	false	23	verified_witness_composition	transitivity
118	2	3	0	54	7560	no_embedding	direct	true	fail	weak_fingerprint	filter
118	3	3	0	54	15120	no_embedding	direct	true	fail	weak_fingerprint	filter
118	4	3	0	54	23328	no_embedding	direct	true	fail	weak_fingerprint	filter
118	5	3	0	54	2160	no_embedding	direct	true	fail	weak_fingerprint	filter
118	6	3	0	54	2160	no_embedding	direct	true	fail	weak_fingerprint	filter
118	7	3	0	54	5940	no_embedding	direct	true	fail	weak_fingerprint	filter
118	8	3	0	54	6480	embedded	transitive	false	28	verified_witness_composition	transitivity
118	9	3	1	54	5832	no_embedding	direct	true	fail	weak_fingerprint	filter
118	10	3	1	54	1080	no_embedding	direct	true	fail	exhaustive_abstract_subgroup_filter	SmallGroups
118	11	3	1	54	2160	no_embedding	direct	true	fail	weak_fingerprint	filter
118	17	3	1	54	216	no_embedding	direct	true	fail	exhaustive_abstract_subgroup_filter	SmallGroups
118	18	3	0	54	648	no_embedding	direct	true	fail	weak_fingerprint	filter
118	19	3	1	54	432	no_embedding	direct	true	fail	weak_fingerprint	filter
118	21	3	2	54	2916	no_embedding	direct	true	fail	weak_fingerprint	filter
118	22	3	1	54	5832	no_embedding	direct	true	fail	weak_fingerprint	filter
118	23	3	1	54	8748	embedded	transitive	false	56	verified_witness_composition	transitivity
118	24	3	0	54	17496	embedded	transitive	false	23	verified_witness_composition	transitivity
118	25	3	2	54	216	no_embedding	direct	true	fail	exhaustive_abstract_subgroup_filter	SmallGroups
118	26	3	1	54	432	no_embedding	direct	true	fail	exhaustive_abstract_subgroup_filter	SmallGroups
118	27	3	2	54	432	no_embedding	direct	true	fail	weak_fingerprint	filter
118	28	3	1	54	1296	embedded	direct	true	fail	found	A_strict
118	30	3	1	54	540	no_embedding	direct	true	fail	weak_fingerprint	filter
118	32	3	1	54	1080	no_embedding	direct	true	fail	exhausted_no_verified_candidate	A_strict
118	33	3	2	54	108	no_embedding	direct	true	fail	exhaustive_abstract_subgroup_filter	SmallGroups
118	34	3	2	54	216	no_embedding	direct	true	fail	weak_fingerprint	filter
118	35	3	2	54	216	no_embedding	direct	true	fail	weak_fingerprint	filter
118	36	3	1	54	648	embedded	direct	true	fail	found	A_strict
118	37	3	2	54	216	no_embedding	direct	true	fail	weak_fingerprint	filter
118	38	3	1	54	648	embedded	direct	true	fail	found	A_strict
118	41	3	0	54	378	no_embedding	direct	true	fail	exhaustive_abstract_subgroup_filter	SmallGroups
118	53	3	2	54	108	no_embedding	direct	true	fail	exhaustive_abstract_subgroup_filter	SmallGroups
118	54	3	1	54	162	no_embedding	direct	true	fail	weak_fingerprint	filter
118	56	3	2	54	324	embedded	direct	true	fail	found	A_strict
118	57	3	2	54	324	embedded	direct	true	fail	found	A_strict
118	61	3	2	54	108	no_embedding	direct	true	fail	weak_fingerprint	filter
118	62	3	1	54	216	no_embedding	direct	true	fail	weak_fingerprint	filter
118	64	3	2	54	216	no_embedding	direct	true	fail	weak_fingerprint	filter
118	67	3	2	54	108	no_embedding	direct	true	fail	exhaustive_abstract_subgroup_filter	SmallGroups
118	69	3	2	54	216	no_embedding	direct	true	fail	weak_fingerprint	filter
118	87	3	2	54	54	no_embedding	direct	true	fail	weak_fingerprint	filter
118	92	3	2	54	108	embedded	direct	true	fail	found	A_strict
118	94	3	1	54	216	no_embedding	direct	true	fail	weak_fingerprint	filter
118	95	3	1	54	216	no_embedding	direct	true	fail	weak_fingerprint	filter
118	96	3	0	54	432	no_embedding	direct	true	fail	weak_fingerprint	filter
118	113	3	2	54	54	no_embedding	direct	true	fail	exhaustive_abstract_subgroup_filter	SmallGroups
118	114	3	1	54	54	no_embedding	direct	true	fail	exhaustive_abstract_subgroup_filter	SmallGroups
119	1	12	0	6	524880	embedded	transitive	false	9	verified_witness_composition	transitivity
119	2	12	0	6	7560	embedded	transitive	false	10	verified_witness_composition	transitivity
119	3	12	0	6	15120	embedded	transitive	false	11	verified_witness_composition	transitivity
119	4	12	0	6	23328	embedded	transitive	false	9	verified_witness_composition	transitivity
119	5	12	0	6	2160	embedded	transitive	false	10	verified_witness_composition	transitivity
119	6	12	0	6	2160	embedded	transitive	false	10	verified_witness_composition	transitivity
119	7	12	0	6	5940	embedded	transitive	false	30	verified_witness_composition	transitivity
119	8	12	0	6	6480	embedded	transitive	false	16	verified_witness_composition	transitivity
119	9	12	1	6	5832	embedded	transitive	false	21	verified_witness_composition	transitivity
119	10	12	1	6	1080	embedded	direct	true	fail	found	A_strict
119	11	12	1	6	2160	embedded	transitive	false	29	verified_witness_composition	transitivity
119	12	12	1	6	504	embedded	direct	true	fail	found	A_strict
119	13	12	0	6	1008	embedded	direct	true	fail	found	A_strict
119	14	12	0	6	1008	embedded	direct	true	fail	found	A_strict
119	15	12	1	6	360	embedded	direct	true	fail	found	A_strict
119	16	12	1	6	720	embedded	direct	true	fail	found	A_strict
119	17	12	1	6	216	embedded	direct	true	fail	found	A_strict
119	18	12	0	6	648	embedded	direct	true	fail	found	A_strict
119	19	12	1	6	432	embedded	direct	true	fail	found	A_strict
119	20	12	1	6	144	embedded	direct	true	fail	literal_matrix_subgroup	literal_matrix_subgroup
119	21	12	2	6	2916	embedded	transitive	false	52	verified_witness_composition	transitivity
119	22	12	1	6	5832	embedded	transitive	false	21	verified_witness_composition	transitivity
119	23	12	1	6	8748	embedded	transitive	false	21	verified_witness_composition	transitivity
119	24	12	0	6	17496	embedded	transitive	false	22	verified_witness_composition	transitivity
119	25	12	2	6	216	embedded	direct	true	fail	found	A_strict
119	26	12	1	6	432	embedded	direct	true	fail	found	A_strict
119	27	12	2	6	432	embedded	direct	true	fail	found	A_strict
119	28	12	1	6	1296	embedded	direct	true	fail	found	A_strict
119	29	12	2	6	180	embedded	direct	true	fail	found	A_strict
119	30	12	1	6	540	embedded	direct	true	fail	found	A_strict
119	31	12	2	6	360	embedded	direct	true	fail	found	A_strict
119	32	12	1	6	1080	embedded	direct	true	fail	found	A_strict
119	33	12	2	6	108	embedded	direct	true	fail	found	A_strict
119	34	12	2	6	216	embedded	direct	true	fail	found	A_strict
119	35	12	2	6	216	embedded	direct	true	fail	found	A_strict
119	36	12	1	6	648	embedded	direct	true	fail	found	A_strict
119	37	12	2	6	216	embedded	direct	true	fail	found	A_strict
119	38	12	1	6	648	embedded	direct	true	fail	found	A_strict
119	40	12	1	6	126	no_embedding	direct	true	fail	weak_fingerprint	filter
119	41	12	0	6	378	no_embedding	direct	true	fail	weak_fingerprint	filter
119	42	12	2	6	60	embedded	direct	true	fail	found	A_strict
119	43	12	2	6	48	embedded	direct	true	fail	literal_matrix_subgroup	literal_matrix_subgroup
119	44	12	1	6	96	embedded	direct	true	fail	literal_matrix_subgroup	literal_matrix_subgroup
119	45	12	3	6	72	embedded	direct	true	fail	found	A_strict
119	46	12	2	6	144	embedded	direct	true	fail	found	A_strict
119	47	12	3	6	144	embedded	direct	true	fail	found	A_strict
119	48	12	3	6	24	embedded	direct	true	fail	literal_matrix_subgroup	literal_matrix_subgroup
119	49	12	2	6	48	embedded	direct	true	fail	literal_matrix_subgroup	literal_matrix_subgroup
119	50	12	1	6	72	embedded	direct	true	fail	literal_matrix_subgroup	literal_matrix_subgroup
119	51	12	1	6	96	embedded	direct	true	fail	literal_matrix_subgroup	literal_matrix_subgroup
119	52	12	4	6	54	embedded	direct	true	fail	found	A_strict
119	53	12	2	6	108	embedded	direct	true	fail	found	A_strict
119	54	12	1	6	162	embedded	direct	true	fail	found	A_strict
119	55	12	4	6	108	embedded	direct	true	fail	found	A_strict
119	56	12	2	6	324	embedded	direct	true	fail	found	A_strict
119	57	12	2	6	324	embedded	direct	true	fail	found	A_strict
119	58	12	4	6	36	embedded	direct	true	fail	found	A_strict
119	59	12	2	6	72	embedded	direct	true	fail	found	A_strict
119	60	12	2	6	72	embedded	direct	true	fail	found	A_strict
119	61	12	2	6	108	embedded	direct	true	fail	found	A_strict
119	62	12	1	6	216	embedded	direct	true	fail	found	A_strict
119	63	12	4	6	72	embedded	direct	true	fail	found	A_strict
119	64	12	2	6	216	embedded	direct	true	fail	found	A_strict
119	65	12	4	6	36	embedded	direct	true	fail	found	A_strict
119	66	12	3	6	72	embedded	direct	true	fail	found	A_strict
119	67	12	2	6	108	embedded	direct	true	fail	found	A_strict
119	68	12	4	6	72	embedded	direct	true	fail	found	A_strict
119	69	12	2	6	216	embedded	direct	true	fail	found	A_strict
119	70	12	4	6	30	embedded	direct	true	fail	found	A_strict
119	71	12	2	6	60	embedded	direct	true	fail	found	A_strict
119	72	12	2	6	90	embedded	direct	true	fail	found	A_strict
119	73	12	5	6	24	embedded	direct	true	fail	literal_matrix_subgroup	literal_matrix_subgroup
119	74	12	4	6	48	embedded	direct	true	fail	literal_matrix_subgroup	literal_matrix_subgroup
119	75	12	3	6	48	embedded	direct	true	fail	literal_matrix_subgroup	literal_matrix_subgroup
119	76	12	2	6	48	embedded	direct	true	fail	literal_matrix_subgroup	literal_matrix_subgroup
119	77	12	6	6	12	embedded	direct	true	fail	literal_matrix_subgroup	literal_matrix_subgroup
119	78	12	5	6	24	embedded	direct	true	fail	literal_matrix_subgroup	literal_matrix_subgroup
119	79	12	4	6	24	embedded	direct	true	fail	literal_matrix_subgroup	literal_matrix_subgroup
119	80	12	3	6	24	embedded	direct	true	fail	literal_matrix_subgroup	literal_matrix_subgroup
119	81	12	2	6	48	embedded	direct	true	fail	literal_matrix_subgroup	literal_matrix_subgroup
119	82	12	2	6	48	embedded	direct	true	fail	literal_matrix_subgroup	literal_matrix_subgroup
119	83	12	6	6	18	embedded	direct	true	fail	found	A_strict
119	84	12	3	6	36	embedded	direct	true	fail	found	A_strict
119	85	12	3	6	36	embedded	direct	true	fail	found	A_strict
119	86	12	3	6	54	embedded	direct	true	fail	found	A_strict
119	87	12	2	6	54	embedded	direct	true	fail	found	A_strict
119	88	12	6	6	36	embedded	direct	true	fail	found	A_strict
119	89	12	3	6	72	embedded	direct	true	fail	found	A_strict
119	90	12	3	6	108	embedded	direct	true	fail	found	A_strict
119	91	12	3	6	108	embedded	direct	true	fail	found	A_strict
119	92	12	2	6	108	embedded	direct	true	fail	found	A_strict
119	93	12	1	6	144	embedded	direct	true	fail	found	A_strict
119	94	12	1	6	216	embedded	direct	true	fail	found	A_strict
119	95	12	1	6	216	embedded	direct	true	fail	found	A_strict
119	96	12	0	6	432	embedded	direct	true	fail	found	A_strict
119	97	12	8	6	12	embedded	direct	true	fail	literal_matrix_subgroup	literal_matrix_subgroup
119	98	12	7	6	24	embedded	direct	true	fail	literal_matrix_subgroup	literal_matrix_subgroup
119	99	12	6	6	24	embedded	direct	true	fail	literal_matrix_subgroup	literal_matrix_subgroup
119	100	12	5	6	24	embedded	direct	true	fail	literal_matrix_subgroup	literal_matrix_subgroup
119	101	12	4	6	36	embedded	direct	true	fail	literal_matrix_subgroup	literal_matrix_subgroup
119	102	12	3	6	36	embedded	direct	true	fail	literal_matrix_subgroup	literal_matrix_subgroup
119	103	12	3	6	72	embedded	direct	true	fail	literal_matrix_subgroup	literal_matrix_subgroup
119	104	12	2	6	72	embedded	direct	true	fail	literal_matrix_subgroup	literal_matrix_subgroup
119	105	12	2	6	72	embedded	direct	true	fail	literal_matrix_subgroup	literal_matrix_subgroup
119	107	12	4	6	18	no_embedding	direct	true	fail	weak_fingerprint	filter
119	108	12	4	6	18	no_embedding	direct	true	fail	weak_fingerprint	filter
119	109	12	4	6	18	no_embedding	direct	true	fail	weak_fingerprint	filter
119	113	12	2	6	54	no_embedding	direct	true	fail	weak_fingerprint	filter
119	114	12	1	6	54	no_embedding	direct	true	fail	weak_fingerprint	filter
119	115	12	8	6	18	no_embedding	direct	true	fail	weak_fingerprint	filter
119	116	12	4	6	54	no_embedding	direct	true	fail	weak_fingerprint	filter
119	117	12	4	6	54	no_embedding	direct	true	fail	weak_fingerprint	filter
119	118	12	3	6	54	no_embedding	direct	true	fail	weak_fingerprint	filter
119	120	12	10	6	12	embedded	direct	true	fail	literal_matrix_subgroup	literal_matrix_subgroup
119	121	12	8	6	12	embedded	direct	true	fail	literal_matrix_subgroup	literal_matrix_subgroup
119	122	12	6	6	12	embedded	direct	true	fail	literal_matrix_subgroup	literal_matrix_subgroup
119	123	12	6	6	18	embedded	direct	true	fail	literal_matrix_subgroup	literal_matrix_subgroup
119	124	12	5	6	24	embedded	direct	true	fail	literal_matrix_subgroup	literal_matrix_subgroup
119	125	12	5	6	36	embedded	direct	true	fail	literal_matrix_subgroup	literal_matrix_subgroup
119	126	12	4	6	18	embedded	direct	true	fail	literal_matrix_subgroup	literal_matrix_subgroup
119	127	12	4	6	24	embedded	direct	true	fail	literal_matrix_subgroup	literal_matrix_subgroup
119	128	12	3	6	36	embedded	direct	true	fail	literal_matrix_subgroup	literal_matrix_subgroup
119	129	12	2	6	48	embedded	direct	true	fail	literal_matrix_subgroup	literal_matrix_subgroup
119	130	12	2	6	72	embedded	direct	true	fail	literal_matrix_subgroup	literal_matrix_subgroup
119	131	12	1	6	72	embedded	direct	true	fail	literal_matrix_subgroup	literal_matrix_subgroup
119	134	12	10	6	6	no_embedding	direct	true	fail	weak_fingerprint	filter
119	137	12	7	6	12	no_embedding	direct	true	fail	weak_fingerprint	filter
119	138	12	7	6	12	no_embedding	direct	true	fail	weak_fingerprint	filter
119	139	12	7	6	18	no_embedding	direct	true	fail	weak_fingerprint	filter
119	141	12	5	6	18	no_embedding	direct	true	fail	weak_fingerprint	filter
119	142	12	4	6	18	no_embedding	direct	true	fail	weak_fingerprint	filter
119	143	12	3	6	18	no_embedding	direct	true	fail	weak_fingerprint	filter
119	144	12	3	6	24	no_embedding	direct	true	fail	weak_fingerprint	filter
119	145	12	3	6	24	no_embedding	direct	true	fail	weak_fingerprint	filter
119	146	12	3	6	24	no_embedding	direct	true	fail	weak_fingerprint	filter
119	147	12	3	6	36	no_embedding	direct	true	fail	weak_fingerprint	filter
119	148	12	3	6	36	no_embedding	direct	true	fail	weak_fingerprint	filter
119	149	12	2	6	36	no_embedding	direct	true	fail	weak_fingerprint	filter
119	150	12	2	6	36	no_embedding	direct	true	fail	weak_fingerprint	filter
119	151	12	1	6	48	no_embedding	direct	true	fail	weak_fingerprint	filter
119	152	12	1	6	48	no_embedding	direct	true	fail	weak_fingerprint	filter
119	153	12	1	6	72	no_embedding	direct	true	fail	weak_fingerprint	filter
119	154	12	1	6	72	no_embedding	direct	true	fail	weak_fingerprint	filter
119	155	12	0	6	96	no_embedding	direct	true	fail	weak_fingerprint	filter
119	156	12	0	6	144	no_embedding	direct	true	fail	weak_fingerprint	filter
120	1	10	0	12	524880	embedded	transitive	false	9	verified_witness_composition	transitivity
120	2	10	0	12	7560	no_embedding	direct	true	fail	weak_fingerprint	filter
120	3	10	0	12	15120	embedded	transitive	false	11	verified_witness_composition	transitivity
120	4	10	0	12	23328	embedded	transitive	false	9	verified_witness_composition	transitivity
120	5	10	0	12	2160	no_embedding	direct	true	fail	weak_fingerprint	filter
120	6	10	0	12	2160	no_embedding	direct	true	fail	weak_fingerprint	filter
120	7	10	0	12	5940	no_embedding	direct	true	fail	weak_fingerprint	filter
120	8	10	0	12	6480	embedded	transitive	false	16	verified_witness_composition	transitivity
120	9	10	1	12	5832	embedded	transitive	false	21	verified_witness_composition	transitivity
120	10	10	1	12	1080	no_embedding	direct	true	fail	weak_fingerprint	filter
120	11	10	1	12	2160	embedded	transitive	false	31	verified_witness_composition	transitivity
120	12	10	1	12	504	no_embedding	direct	true	fail	weak_fingerprint	filter
120	13	10	0	12	1008	no_embedding	direct	true	fail	weak_fingerprint	filter
120	14	10	0	12	1008	no_embedding	direct	true	fail	weak_fingerprint	filter
120	15	10	1	12	360	no_embedding	direct	true	fail	weak_fingerprint	filter
120	16	10	1	12	720	embedded	direct	true	fail	found	A_strict
120	17	10	1	12	216	no_embedding	direct	true	fail	exhaustive_abstract_subgroup_filter	SmallGroups
120	18	10	0	12	648	no_embedding	direct	true	fail	exhaustive_abstract_subgroup_filter	SmallGroups
120	19	10	1	12	432	embedded	direct	true	fail	found	A_strict
120	20	10	1	12	144	no_embedding	direct	true	fail	weak_fingerprint	filter
120	21	10	2	12	2916	embedded	transitive	false	55	verified_witness_composition	transitivity
120	22	10	1	12	5832	embedded	transitive	false	21	verified_witness_composition	transitivity
120	23	10	1	12	8748	embedded	transitive	false	21	verified_witness_composition	transitivity
120	24	10	0	12	17496	embedded	transitive	false	22	verified_witness_composition	transitivity
120	25	10	2	12	216	no_embedding	direct	true	fail	weak_fingerprint	filter
120	26	10	1	12	432	embedded	direct	true	fail	found	A_strict
120	27	10	2	12	432	embedded	direct	true	fail	found	A_strict
120	28	10	1	12	1296	embedded	direct	true	fail	found	A_strict
120	29	10	2	12	180	no_embedding	direct	true	fail	weak_fingerprint	filter
120	30	10	1	12	540	no_embedding	direct	true	fail	weak_fingerprint	filter
120	31	10	2	12	360	embedded	direct	true	fail	found	A_strict
120	32	10	1	12	1080	embedded	direct	true	fail	found	A_strict
120	33	10	2	12	108	no_embedding	direct	true	fail	exhaustive_abstract_subgroup_filter	SmallGroups
120	34	10	2	12	216	embedded	direct	true	fail	found	A_strict
120	35	10	2	12	216	embedded	direct	true	fail	found	A_strict
120	36	10	1	12	648	embedded	direct	true	fail	found	A_strict
120	37	10	2	12	216	embedded	direct	true	fail	found	A_strict
120	38	10	1	12	648	embedded	direct	true	fail	found	A_strict
120	42	10	2	12	60	no_embedding	direct	true	fail	exhaustive_abstract_subgroup_filter	SmallGroups
120	43	10	2	12	48	no_embedding	direct	true	fail	weak_fingerprint	filter
120	44	10	1	12	96	embedded	direct	true	fail	literal_matrix_subgroup	literal_matrix_subgroup
120	45	10	3	12	72	no_embedding	direct	true	fail	weak_fingerprint	filter
120	46	10	2	12	144	embedded	direct	true	fail	found	A_strict
120	47	10	3	12	144	embedded	direct	true	fail	found	A_strict
120	48	10	3	12	24	no_embedding	direct	true	fail	exhaustive_abstract_subgroup_filter	SmallGroups
120	49	10	2	12	48	embedded	direct	true	fail	literal_matrix_subgroup	literal_matrix_subgroup
120	50	10	1	12	72	no_embedding	direct	true	fail	exhaustive_abstract_subgroup_filter	SmallGroups
120	51	10	1	12	96	embedded	direct	true	fail	literal_matrix_subgroup	literal_matrix_subgroup
120	53	10	2	12	108	no_embedding	direct	true	fail	weak_fingerprint	filter
120	55	10	4	12	108	embedded	direct	true	fail	found	A_strict
120	56	10	2	12	324	embedded	direct	true	fail	found	A_strict
120	57	10	2	12	324	embedded	direct	true	fail	found	A_strict
120	58	10	4	12	36	no_embedding	direct	true	fail	weak_fingerprint	filter
120	59	10	2	12	72	embedded	direct	true	fail	found	A_strict
120	60	10	2	12	72	no_embedding	direct	true	fail	weak_fingerprint	filter
120	61	10	2	12	108	no_embedding	direct	true	fail	weak_fingerprint	filter
120	62	10	1	12	216	embedded	direct	true	fail	found	A_strict
120	63	10	4	12	72	embedded	direct	true	fail	found	A_strict
120	64	10	2	12	216	embedded	direct	true	fail	found	A_strict
120	65	10	4	12	36	no_embedding	direct	true	fail	weak_fingerprint	filter
120	66	10	3	12	72	embedded	direct	true	fail	found	A_strict
120	67	10	2	12	108	no_embedding	direct	true	fail	weak_fingerprint	filter
120	68	10	4	12	72	embedded	direct	true	fail	found	A_strict
120	69	10	2	12	216	embedded	direct	true	fail	found	A_strict
120	71	10	2	12	60	no_embedding	direct	true	fail	weak_fingerprint	filter
120	73	10	5	12	24	no_embedding	direct	true	fail	weak_fingerprint	filter
120	74	10	4	12	48	embedded	direct	true	fail	found	A_strict
120	75	10	3	12	48	embedded	direct	true	fail	literal_matrix_subgroup	literal_matrix_subgroup
120	76	10	2	12	48	no_embedding	direct	true	fail	weak_fingerprint	filter
120	77	10	6	12	12	no_embedding	direct	true	fail	exhaustive_abstract_subgroup_filter	SmallGroups
120	78	10	5	12	24	embedded	direct	true	fail	found	A_strict
120	79	10	4	12	24	embedded	direct	true	fail	literal_matrix_subgroup	literal_matrix_subgroup
120	80	10	3	12	24	no_embedding	direct	true	fail	weak_fingerprint	filter
120	81	10	2	12	48	embedded	direct	true	fail	literal_matrix_subgroup	literal_matrix_subgroup
120	82	10	2	12	48	embedded	direct	true	fail	literal_matrix_subgroup	literal_matrix_subgroup
120	84	10	3	12	36	no_embedding	direct	true	fail	weak_fingerprint	filter
120	85	10	3	12	36	no_embedding	direct	true	fail	weak_fingerprint	filter
120	88	10	6	12	36	embedded	direct	true	fail	found	A_strict
120	89	10	3	12	72	embedded	direct	true	fail	found	A_strict
120	90	10	3	12	108	embedded	direct	true	fail	found	A_strict
120	91	10	3	12	108	embedded	direct	true	fail	found	A_strict
120	92	10	2	12	108	embedded	direct	true	fail	found	A_strict
120	93	10	1	12	144	embedded	direct	true	fail	found	A_strict
120	94	10	1	12	216	embedded	direct	true	fail	found	A_strict
120	95	10	1	12	216	embedded	direct	true	fail	found	A_strict
120	96	10	0	12	432	embedded	direct	true	fail	found	A_strict
120	97	10	8	12	12	no_embedding	direct	true	fail	weak_fingerprint	filter
120	98	10	7	12	24	embedded	direct	true	fail	literal_matrix_subgroup	literal_matrix_subgroup
120	99	10	6	12	24	embedded	direct	true	fail	found	A_strict
120	100	10	5	12	24	no_embedding	direct	true	fail	weak_fingerprint	filter
120	101	10	4	12	36	no_embedding	direct	true	fail	weak_fingerprint	filter
120	102	10	3	12	36	no_embedding	direct	true	fail	weak_fingerprint	filter
120	103	10	3	12	72	embedded	direct	true	fail	found	A_strict
120	104	10	2	12	72	no_embedding	direct	true	fail	weak_fingerprint	filter
120	105	10	2	12	72	embedded	direct	true	fail	literal_matrix_subgroup	literal_matrix_subgroup
120	121	10	8	12	12	no_embedding	direct	true	fail	weak_fingerprint	filter
120	122	10	6	12	12	no_embedding	direct	true	fail	weak_fingerprint	filter
120	124	10	5	12	24	embedded	direct	true	fail	literal_matrix_subgroup	literal_matrix_subgroup
120	125	10	5	12	36	embedded	direct	true	fail	literal_matrix_subgroup	literal_matrix_subgroup
120	127	10	4	12	24	no_embedding	direct	true	fail	weak_fingerprint	filter
120	128	10	3	12	36	embedded	direct	true	fail	literal_matrix_subgroup	literal_matrix_subgroup
120	129	10	2	12	48	embedded	direct	true	fail	literal_matrix_subgroup	literal_matrix_subgroup
120	130	10	2	12	72	embedded	direct	true	fail	literal_matrix_subgroup	literal_matrix_subgroup
120	131	10	1	12	72	embedded	direct	true	fail	literal_matrix_subgroup	literal_matrix_subgroup
120	137	10	7	12	12	no_embedding	direct	true	fail	exhaustive_abstract_subgroup_filter	SmallGroups
120	138	10	7	12	12	no_embedding	direct	true	fail	exhaustive_abstract_subgroup_filter	SmallGroups
120	144	10	3	12	24	no_embedding	direct	true	fail	exhaustive_abstract_subgroup_filter	SmallGroups
120	145	10	3	12	24	no_embedding	direct	true	fail	exhaustive_abstract_subgroup_filter	SmallGroups
120	146	10	3	12	24	no_embedding	direct	true	fail	exhaustive_abstract_subgroup_filter	SmallGroups
120	147	10	3	12	36	no_embedding	direct	true	fail	exhaustive_abstract_subgroup_filter	SmallGroups
120	148	10	3	12	36	no_embedding	direct	true	fail	exhaustive_abstract_subgroup_filter	SmallGroups
120	149	10	2	12	36	no_embedding	direct	true	fail	exhaustive_abstract_subgroup_filter	SmallGroups
120	150	10	2	12	36	no_embedding	direct	true	fail	exhaustive_abstract_subgroup_filter	SmallGroups
120	151	10	1	12	48	no_embedding	direct	true	fail	exhaustive_abstract_subgroup_filter	SmallGroups
120	152	10	1	12	48	no_embedding	direct	true	fail	exhaustive_abstract_subgroup_filter	SmallGroups
120	153	10	1	12	72	no_embedding	direct	true	fail	exhaustive_abstract_subgroup_filter	SmallGroups
120	154	10	1	12	72	no_embedding	direct	true	fail	exhaustive_abstract_subgroup_filter	SmallGroups
120	155	10	0	12	96	no_embedding	direct	true	fail	exhaustive_abstract_subgroup_filter	SmallGroups
120	156	10	0	12	144	no_embedding	direct	true	fail	exhaustive_abstract_subgroup_filter	SmallGroups
121	1	8	0	12	524880	embedded	transitive	false	11	verified_witness_composition	transitivity
121	2	8	0	12	7560	no_embedding	direct	true	fail	weak_fingerprint	filter
121	3	8	0	12	15120	embedded	transitive	false	11	verified_witness_composition	transitivity
121	4	8	0	12	23328	no_embedding	direct	true	fail	exhausted_subgroup_classes_and_twists	subgroup_classes_full_aut
121	5	8	0	12	2160	no_embedding	direct	true	fail	weak_fingerprint	filter
121	6	8	0	12	2160	no_embedding	direct	true	fail	weak_fingerprint	filter
121	7	8	0	12	5940	no_embedding	direct	true	fail	weak_fingerprint	filter
121	8	8	0	12	6480	embedded	transitive	false	16	verified_witness_composition	transitivity
121	9	8	1	12	5832	no_embedding	direct	true	fail	exhausted_subgroup_classes_and_twists	subgroup_classes_full_aut
121	10	8	1	12	1080	no_embedding	direct	true	fail	weak_fingerprint	filter
121	11	8	1	12	2160	embedded	transitive	false	46	verified_witness_composition	transitivity
121	12	8	1	12	504	no_embedding	direct	true	fail	weak_fingerprint	filter
121	13	8	0	12	1008	no_embedding	direct	true	fail	weak_fingerprint	filter
121	14	8	0	12	1008	no_embedding	direct	true	fail	weak_fingerprint	filter
121	15	8	1	12	360	no_embedding	direct	true	fail	weak_fingerprint	filter
121	16	8	1	12	720	embedded	direct	true	fail	found	A_strict
121	17	8	1	12	216	no_embedding	direct	true	fail	exhaustive_abstract_subgroup_filter	SmallGroups
121	18	8	0	12	648	no_embedding	direct	true	fail	exhaustive_abstract_subgroup_filter	SmallGroups
121	19	8	1	12	432	embedded	direct	true	fail	found	A_strict
121	20	8	1	12	144	no_embedding	direct	true	fail	weak_fingerprint	filter
121	21	8	2	12	2916	no_embedding	direct	true	fail	weak_fingerprint	filter
121	22	8	1	12	5832	no_embedding	direct	true	fail	weak_fingerprint	filter
121	23	8	1	12	8748	no_embedding	direct	true	fail	weak_fingerprint	filter
121	24	8	0	12	17496	no_embedding	direct	true	fail	weak_fingerprint	filter
121	25	8	2	12	216	no_embedding	direct	true	fail	weak_fingerprint	filter
121	26	8	1	12	432	embedded	direct	true	fail	found	A_strict
121	27	8	2	12	432	embedded	direct	true	fail	found	A_strict
121	28	8	1	12	1296	embedded	direct	true	fail	found	A_strict
121	29	8	2	12	180	no_embedding	direct	true	fail	weak_fingerprint	filter
121	30	8	1	12	540	no_embedding	direct	true	fail	weak_fingerprint	filter
121	31	8	2	12	360	no_embedding	direct	true	fail	weak_fingerprint	filter
121	32	8	1	12	1080	no_embedding	direct	true	fail	weak_fingerprint	filter
121	33	8	2	12	108	no_embedding	direct	true	fail	exhaustive_abstract_subgroup_filter	SmallGroups
121	34	8	2	12	216	no_embedding	direct	true	fail	exhausted_no_verified_candidate	A_strict
121	35	8	2	12	216	embedded	direct	true	fail	found	A_strict
121	36	8	1	12	648	embedded	direct	true	fail	found	A_strict
121	37	8	2	12	216	no_embedding	direct	true	fail	weak_fingerprint	filter
121	38	8	1	12	648	no_embedding	direct	true	fail	weak_fingerprint	filter
121	42	8	2	12	60	no_embedding	direct	true	fail	exhaustive_abstract_subgroup_filter	SmallGroups
121	43	8	2	12	48	no_embedding	direct	true	fail	weak_fingerprint	filter
121	44	8	1	12	96	no_embedding	direct	true	fail	exhausted_no_verified_candidate	A_strict
121	45	8	3	12	72	no_embedding	direct	true	fail	weak_fingerprint	filter
121	46	8	2	12	144	embedded	direct	true	fail	found	A_strict
121	47	8	3	12	144	embedded	direct	true	fail	found	A_strict
121	48	8	3	12	24	no_embedding	direct	true	fail	exhaustive_abstract_subgroup_filter	SmallGroups
121	49	8	2	12	48	no_embedding	direct	true	fail	exhausted_no_verified_candidate	A_strict
121	50	8	1	12	72	no_embedding	direct	true	fail	exhaustive_abstract_subgroup_filter	SmallGroups
121	51	8	1	12	96	no_embedding	direct	true	fail	exhausted_no_verified_candidate	A_strict
121	53	8	2	12	108	no_embedding	direct	true	fail	weak_fingerprint	filter
121	55	8	4	12	108	no_embedding	direct	true	fail	weak_fingerprint	filter
121	56	8	2	12	324	no_embedding	direct	true	fail	weak_fingerprint	filter
121	57	8	2	12	324	no_embedding	direct	true	fail	weak_fingerprint	filter
121	58	8	4	12	36	no_embedding	direct	true	fail	weak_fingerprint	filter
121	59	8	2	12	72	no_embedding	direct	true	fail	weak_fingerprint	filter
121	60	8	2	12	72	embedded	direct	true	fail	found	A_strict
121	61	8	2	12	108	no_embedding	direct	true	fail	weak_fingerprint	filter
121	62	8	1	12	216	no_embedding	direct	true	fail	weak_fingerprint	filter
121	63	8	4	12	72	embedded	direct	true	fail	found	A_strict
121	64	8	2	12	216	embedded	direct	true	fail	found	A_strict
121	65	8	4	12	36	no_embedding	direct	true	fail	weak_fingerprint	filter
121	66	8	3	12	72	embedded	direct	true	fail	found	A_strict
121	67	8	2	12	108	no_embedding	direct	true	fail	weak_fingerprint	filter
121	68	8	4	12	72	no_embedding	direct	true	fail	weak_fingerprint	filter
121	69	8	2	12	216	no_embedding	direct	true	fail	weak_fingerprint	filter
121	71	8	2	12	60	embedded	direct	true	fail	found	A_strict
121	73	8	5	12	24	no_embedding	direct	true	fail	weak_fingerprint	filter
121	74	8	4	12	48	embedded	direct	true	fail	found	A_strict
121	75	8	3	12	48	no_embedding	direct	true	fail	weak_fingerprint	filter
121	76	8	2	12	48	no_embedding	direct	true	fail	weak_fingerprint	filter
121	77	8	6	12	12	no_embedding	direct	true	fail	exhaustive_abstract_subgroup_filter	SmallGroups
121	78	8	5	12	24	no_embedding	direct	true	fail	exhausted_no_verified_candidate	A_strict
121	79	8	4	12	24	no_embedding	direct	true	fail	weak_fingerprint	filter
121	80	8	3	12	24	no_embedding	direct	true	fail	weak_fingerprint	filter
121	81	8	2	12	48	no_embedding	direct	true	fail	weak_fingerprint	filter
121	82	8	2	12	48	no_embedding	direct	true	fail	weak_fingerprint	filter
121	84	8	3	12	36	no_embedding	direct	true	fail	weak_fingerprint	filter
121	85	8	3	12	36	embedded	direct	true	fail	found	A_strict
121	88	8	6	12	36	no_embedding	direct	true	fail	weak_fingerprint	filter
121	89	8	3	12	72	no_embedding	direct	true	fail	weak_fingerprint	filter
121	90	8	3	12	108	no_embedding	direct	true	fail	weak_fingerprint	filter
121	91	8	3	12	108	no_embedding	direct	true	fail	weak_fingerprint	filter
121	92	8	2	12	108	no_embedding	direct	true	fail	weak_fingerprint	filter
121	93	8	1	12	144	no_embedding	direct	true	fail	weak_fingerprint	filter
121	94	8	1	12	216	no_embedding	direct	true	fail	weak_fingerprint	filter
121	95	8	1	12	216	no_embedding	direct	true	fail	weak_fingerprint	filter
121	96	8	0	12	432	no_embedding	direct	true	fail	weak_fingerprint	filter
121	98	8	7	12	24	embedded	direct	true	fail	found	A_strict
121	99	8	6	12	24	no_embedding	direct	true	fail	weak_fingerprint	filter
121	100	8	5	12	24	embedded	direct	true	fail	literal_matrix_subgroup	literal_matrix_subgroup
121	101	8	4	12	36	no_embedding	direct	true	fail	weak_fingerprint	filter
121	102	8	3	12	36	no_embedding	direct	true	fail	weak_fingerprint	filter
121	103	8	3	12	72	no_embedding	direct	true	fail	weak_fingerprint	filter
121	104	8	2	12	72	embedded	direct	true	fail	found	A_strict
121	105	8	2	12	72	embedded	direct	true	fail	found	A_strict
121	122	8	6	12	12	no_embedding	direct	true	fail	weak_fingerprint	filter
121	124	8	5	12	24	no_embedding	direct	true	fail	weak_fingerprint	filter
121	125	8	5	12	36	no_embedding	direct	true	fail	weak_fingerprint	filter
121	127	8	4	12	24	embedded	direct	true	fail	literal_matrix_subgroup	literal_matrix_subgroup
121	128	8	3	12	36	no_embedding	direct	true	fail	weak_fingerprint	filter
121	129	8	2	12	48	no_embedding	direct	true	fail	weak_fingerprint	filter
121	130	8	2	12	72	no_embedding	direct	true	fail	weak_fingerprint	filter
121	131	8	1	12	72	no_embedding	direct	true	fail	weak_fingerprint	filter
121	137	8	7	12	12	no_embedding	direct	true	fail	exhaustive_abstract_subgroup_filter	SmallGroups
121	138	8	7	12	12	no_embedding	direct	true	fail	exhaustive_abstract_subgroup_filter	SmallGroups
121	144	8	3	12	24	no_embedding	direct	true	fail	exhaustive_abstract_subgroup_filter	SmallGroups
121	145	8	3	12	24	no_embedding	direct	true	fail	exhaustive_abstract_subgroup_filter	SmallGroups
121	146	8	3	12	24	no_embedding	direct	true	fail	exhaustive_abstract_subgroup_filter	SmallGroups
121	147	8	3	12	36	no_embedding	direct	true	fail	exhaustive_abstract_subgroup_filter	SmallGroups
121	148	8	3	12	36	no_embedding	direct	true	fail	exhaustive_abstract_subgroup_filter	SmallGroups
121	149	8	2	12	36	no_embedding	direct	true	fail	exhaustive_abstract_subgroup_filter	SmallGroups
121	150	8	2	12	36	no_embedding	direct	true	fail	exhaustive_abstract_subgroup_filter	SmallGroups
121	151	8	1	12	48	no_embedding	direct	true	fail	exhaustive_abstract_subgroup_filter	SmallGroups
121	152	8	1	12	48	no_embedding	direct	true	fail	exhaustive_abstract_subgroup_filter	SmallGroups
121	153	8	1	12	72	no_embedding	direct	true	fail	exhaustive_abstract_subgroup_filter	SmallGroups
121	154	8	1	12	72	no_embedding	direct	true	fail	exhaustive_abstract_subgroup_filter	SmallGroups
121	155	8	0	12	96	no_embedding	direct	true	fail	exhaustive_abstract_subgroup_filter	SmallGroups
121	156	8	0	12	144	no_embedding	direct	true	fail	exhaustive_abstract_subgroup_filter	SmallGroups
122	1	6	0	12	524880	embedded	transitive	false	9	verified_witness_composition	transitivity
122	2	6	0	12	7560	no_embedding	direct	true	fail	weak_fingerprint	filter
122	3	6	0	12	15120	embedded	transitive	false	11	verified_witness_composition	transitivity
122	4	6	0	12	23328	embedded	transitive	false	9	verified_witness_composition	transitivity
122	5	6	0	12	2160	no_embedding	direct	true	fail	weak_fingerprint	filter
122	6	6	0	12	2160	no_embedding	direct	true	fail	weak_fingerprint	filter
122	7	6	0	12	5940	no_embedding	direct	true	fail	weak_fingerprint	filter
122	8	6	0	12	6480	embedded	transitive	false	16	verified_witness_composition	transitivity
122	9	6	1	12	5832	embedded	transitive	false	34	verified_witness_composition	transitivity
122	10	6	1	12	1080	no_embedding	direct	true	fail	weak_fingerprint	filter
122	11	6	1	12	2160	embedded	transitive	false	34	verified_witness_composition	transitivity
122	12	6	1	12	504	no_embedding	direct	true	fail	weak_fingerprint	filter
122	13	6	0	12	1008	embedded	direct	true	fail	found	A_strict
122	14	6	0	12	1008	embedded	direct	true	fail	found	A_strict
122	15	6	1	12	360	no_embedding	direct	true	fail	weak_fingerprint	filter
122	16	6	1	12	720	embedded	direct	true	fail	found	A_strict
122	17	6	1	12	216	no_embedding	direct	true	fail	exhaustive_abstract_subgroup_filter	SmallGroups
122	18	6	0	12	648	no_embedding	direct	true	fail	exhaustive_abstract_subgroup_filter	SmallGroups
122	19	6	1	12	432	embedded	direct	true	fail	found	A_strict
122	20	6	1	12	144	no_embedding	direct	true	fail	weak_fingerprint	filter
122	21	6	2	12	2916	no_embedding	direct	true	fail	weak_fingerprint	filter
122	22	6	1	12	5832	no_embedding	direct	true	fail	weak_fingerprint	filter
122	23	6	1	12	8748	no_embedding	direct	true	fail	weak_fingerprint	filter
122	24	6	0	12	17496	no_embedding	direct	true	fail	weak_fingerprint	filter
122	25	6	2	12	216	no_embedding	direct	true	fail	weak_fingerprint	filter
122	26	6	1	12	432	embedded	direct	true	fail	found	A_strict
122	27	6	2	12	432	embedded	direct	true	fail	found	A_strict
122	28	6	1	12	1296	embedded	direct	true	fail	found	A_strict
122	29	6	2	12	180	no_embedding	direct	true	fail	weak_fingerprint	filter
122	30	6	1	12	540	no_embedding	direct	true	fail	weak_fingerprint	filter
122	31	6	2	12	360	no_embedding	direct	true	fail	weak_fingerprint	filter
122	32	6	1	12	1080	no_embedding	direct	true	fail	weak_fingerprint	filter
122	33	6	2	12	108	no_embedding	direct	true	fail	exhaustive_abstract_subgroup_filter	SmallGroups
122	34	6	2	12	216	embedded	direct	true	fail	found	A_strict
122	35	6	2	12	216	no_embedding	direct	true	fail	exhausted_no_verified_candidate	A_strict
122	36	6	1	12	648	no_embedding	direct	true	fail	exhausted_no_verified_candidate	A_strict
122	37	6	2	12	216	no_embedding	direct	true	fail	weak_fingerprint	filter
122	38	6	1	12	648	no_embedding	direct	true	fail	weak_fingerprint	filter
122	42	6	2	12	60	no_embedding	direct	true	fail	exhaustive_abstract_subgroup_filter	SmallGroups
122	43	6	2	12	48	no_embedding	direct	true	fail	weak_fingerprint	filter
122	44	6	1	12	96	embedded	direct	true	fail	found	A_strict
122	45	6	3	12	72	no_embedding	direct	true	fail	weak_fingerprint	filter
122	46	6	2	12	144	embedded	direct	true	fail	found	A_strict
122	47	6	3	12	144	embedded	direct	true	fail	found	A_strict
122	48	6	3	12	24	no_embedding	direct	true	fail	exhaustive_abstract_subgroup_filter	SmallGroups
122	49	6	2	12	48	embedded	direct	true	fail	found	A_strict
122	50	6	1	12	72	no_embedding	direct	true	fail	exhaustive_abstract_subgroup_filter	SmallGroups
122	51	6	1	12	96	embedded	direct	true	fail	found	A_strict
122	53	6	2	12	108	embedded	direct	true	fail	found	A_strict
122	55	6	4	12	108	no_embedding	direct	true	fail	weak_fingerprint	filter
122	56	6	2	12	324	no_embedding	direct	true	fail	weak_fingerprint	filter
122	57	6	2	12	324	no_embedding	direct	true	fail	weak_fingerprint	filter
122	58	6	4	12	36	no_embedding	direct	true	fail	weak_fingerprint	filter
122	59	6	2	12	72	no_embedding	direct	true	fail	weak_fingerprint	filter
122	60	6	2	12	72	embedded	direct	true	fail	found	A_strict
122	61	6	2	12	108	no_embedding	direct	true	fail	weak_fingerprint	filter
122	62	6	1	12	216	no_embedding	direct	true	fail	weak_fingerprint	filter
122	63	6	4	12	72	no_embedding	direct	true	fail	exhausted_no_verified_candidate	A_strict
122	64	6	2	12	216	no_embedding	direct	true	fail	exhausted_no_verified_candidate	A_strict
122	65	6	4	12	36	no_embedding	direct	true	fail	weak_fingerprint	filter
122	66	6	3	12	72	no_embedding	direct	true	fail	weak_fingerprint	filter
122	67	6	2	12	108	no_embedding	direct	true	fail	weak_fingerprint	filter
122	68	6	4	12	72	no_embedding	direct	true	fail	weak_fingerprint	filter
122	69	6	2	12	216	no_embedding	direct	true	fail	weak_fingerprint	filter
122	71	6	2	12	60	no_embedding	direct	true	fail	exhausted_no_verified_candidate	A_strict
122	73	6	5	12	24	no_embedding	direct	true	fail	weak_fingerprint	filter
122	74	6	4	12	48	embedded	direct	true	fail	found	A_strict
122	75	6	3	12	48	no_embedding	direct	true	fail	weak_fingerprint	filter
122	76	6	2	12	48	embedded	direct	true	fail	found	A_strict
122	78	6	5	12	24	embedded	direct	true	fail	found	A_strict
122	79	6	4	12	24	no_embedding	direct	true	fail	weak_fingerprint	filter
122	80	6	3	12	24	embedded	direct	true	fail	found	A_strict
122	81	6	2	12	48	no_embedding	direct	true	fail	weak_fingerprint	filter
122	82	6	2	12	48	no_embedding	direct	true	fail	weak_fingerprint	filter
122	84	6	3	12	36	embedded	direct	true	fail	found	A_strict
122	85	6	3	12	36	no_embedding	direct	true	fail	exhausted_no_verified_candidate	A_strict
122	89	6	3	12	72	no_embedding	direct	true	fail	weak_fingerprint	filter
122	90	6	3	12	108	no_embedding	direct	true	fail	weak_fingerprint	filter
122	91	6	3	12	108	no_embedding	direct	true	fail	weak_fingerprint	filter
122	92	6	2	12	108	no_embedding	direct	true	fail	weak_fingerprint	filter
122	93	6	1	12	144	no_embedding	direct	true	fail	weak_fingerprint	filter
122	94	6	1	12	216	no_embedding	direct	true	fail	weak_fingerprint	filter
122	95	6	1	12	216	no_embedding	direct	true	fail	weak_fingerprint	filter
122	96	6	0	12	432	no_embedding	direct	true	fail	weak_fingerprint	filter
122	100	6	5	12	24	embedded	direct	true	fail	found	A_strict
122	101	6	4	12	36	no_embedding	direct	true	fail	weak_fingerprint	filter
122	102	6	3	12	36	no_embedding	direct	true	fail	weak_fingerprint	filter
122	103	6	3	12	72	no_embedding	direct	true	fail	weak_fingerprint	filter
122	104	6	2	12	72	embedded	direct	true	fail	found	A_strict
122	105	6	2	12	72	no_embedding	direct	true	fail	weak_fingerprint	filter
122	124	6	5	12	24	no_embedding	direct	true	fail	weak_fingerprint	filter
122	125	6	5	12	36	no_embedding	direct	true	fail	weak_fingerprint	filter
122	127	6	4	12	24	no_embedding	direct	true	fail	weak_fingerprint	filter
122	128	6	3	12	36	no_embedding	direct	true	fail	weak_fingerprint	filter
122	129	6	2	12	48	no_embedding	direct	true	fail	weak_fingerprint	filter
122	130	6	2	12	72	no_embedding	direct	true	fail	weak_fingerprint	filter
122	131	6	1	12	72	no_embedding	direct	true	fail	weak_fingerprint	filter
122	144	6	3	12	24	no_embedding	direct	true	fail	exhaustive_abstract_subgroup_filter	SmallGroups
122	145	6	3	12	24	no_embedding	direct	true	fail	exhaustive_abstract_subgroup_filter	SmallGroups
122	146	6	3	12	24	no_embedding	direct	true	fail	exhaustive_abstract_subgroup_filter	SmallGroups
122	147	6	3	12	36	no_embedding	direct	true	fail	exhaustive_abstract_subgroup_filter	SmallGroups
122	148	6	3	12	36	no_embedding	direct	true	fail	exhaustive_abstract_subgroup_filter	SmallGroups
122	149	6	2	12	36	no_embedding	direct	true	fail	exhaustive_abstract_subgroup_filter	SmallGroups
122	150	6	2	12	36	no_embedding	direct	true	fail	exhaustive_abstract_subgroup_filter	SmallGroups
122	151	6	1	12	48	no_embedding	direct	true	fail	exhaustive_abstract_subgroup_filter	SmallGroups
122	152	6	1	12	48	no_embedding	direct	true	fail	exhaustive_abstract_subgroup_filter	SmallGroups
122	153	6	1	12	72	no_embedding	direct	true	fail	exhaustive_abstract_subgroup_filter	SmallGroups
122	154	6	1	12	72	no_embedding	direct	true	fail	exhaustive_abstract_subgroup_filter	SmallGroups
122	155	6	0	12	96	no_embedding	direct	true	fail	exhaustive_abstract_subgroup_filter	SmallGroups
122	156	6	0	12	144	no_embedding	direct	true	fail	exhaustive_abstract_subgroup_filter	SmallGroups
123	1	6	0	18	524880	embedded	transitive	false	23	verified_witness_composition	transitivity
123	2	6	0	18	7560	no_embedding	direct	true	fail	weak_fingerprint	filter
123	3	6	0	18	15120	no_embedding	direct	true	fail	weak_fingerprint	filter
123	4	6	0	18	23328	no_embedding	direct	true	fail	weak_fingerprint	filter
123	5	6	0	18	2160	no_embedding	direct	true	fail	weak_fingerprint	filter
123	6	6	0	18	2160	no_embedding	direct	true	fail	weak_fingerprint	filter
123	7	6	0	18	5940	embedded	transitive	false	30	verified_witness_composition	transitivity
123	8	6	0	18	6480	embedded	transitive	false	28	verified_witness_composition	transitivity
123	9	6	1	18	5832	no_embedding	direct	true	fail	weak_fingerprint	filter
123	10	6	1	18	1080	no_embedding	direct	true	fail	exhaustive_abstract_subgroup_filter	SmallGroups
123	11	6	1	18	2160	no_embedding	direct	true	fail	weak_fingerprint	filter
123	12	6	1	18	504	no_embedding	direct	true	fail	exhaustive_abstract_subgroup_filter	SmallGroups
123	13	6	0	18	1008	no_embedding	direct	true	fail	weak_fingerprint	filter
123	14	6	0	18	1008	no_embedding	direct	true	fail	weak_fingerprint	filter
123	15	6	1	18	360	no_embedding	direct	true	fail	weak_fingerprint	filter
123	16	6	1	18	720	no_embedding	direct	true	fail	weak_fingerprint	filter
123	17	6	1	18	216	no_embedding	direct	true	fail	exhaustive_abstract_subgroup_filter	SmallGroups
123	18	6	0	18	648	no_embedding	direct	true	fail	weak_fingerprint	filter
123	19	6	1	18	432	no_embedding	direct	true	fail	weak_fingerprint	filter
123	20	6	1	18	144	no_embedding	direct	true	fail	weak_fingerprint	filter
123	21	6	2	18	2916	no_embedding	direct	true	fail	weak_fingerprint	filter
123	22	6	1	18	5832	no_embedding	direct	true	fail	weak_fingerprint	filter
123	23	6	1	18	8748	embedded	transitive	false	57	verified_witness_composition	transitivity
123	24	6	0	18	17496	embedded	transitive	false	23	verified_witness_composition	transitivity
123	25	6	2	18	216	no_embedding	direct	true	fail	weak_fingerprint	filter
123	26	6	1	18	432	no_embedding	direct	true	fail	weak_fingerprint	filter
123	27	6	2	18	432	no_embedding	direct	true	fail	weak_fingerprint	filter
123	28	6	1	18	1296	embedded	direct	true	fail	found	A_strict
123	29	6	2	18	180	no_embedding	direct	true	fail	exhaustive_abstract_subgroup_filter	SmallGroups
123	30	6	1	18	540	embedded	direct	true	fail	found	A_strict
123	31	6	2	18	360	no_embedding	direct	true	fail	weak_fingerprint	filter
123	32	6	1	18	1080	embedded	direct	true	fail	found	A_strict
123	33	6	2	18	108	no_embedding	direct	true	fail	exhaustive_abstract_subgroup_filter	SmallGroups
123	34	6	2	18	216	no_embedding	direct	true	fail	weak_fingerprint	filter
123	35	6	2	18	216	no_embedding	direct	true	fail	weak_fingerprint	filter
123	36	6	1	18	648	embedded	direct	true	fail	found	A_strict
123	37	6	2	18	216	no_embedding	direct	true	fail	weak_fingerprint	filter
123	38	6	1	18	648	embedded	direct	true	fail	found	A_strict
123	40	6	1	18	126	no_embedding	direct	true	fail	weak_fingerprint	filter
123	41	6	0	18	378	no_embedding	direct	true	fail	weak_fingerprint	filter
123	45	6	3	18	72	no_embedding	direct	true	fail	exhaustive_abstract_subgroup_filter	SmallGroups
123	46	6	2	18	144	no_embedding	direct	true	fail	weak_fingerprint	filter
123	47	6	3	18	144	no_embedding	direct	true	fail	weak_fingerprint	filter
123	50	6	1	18	72	no_embedding	direct	true	fail	weak_fingerprint	filter
123	52	6	4	18	54	no_embedding	direct	true	fail	exhaustive_abstract_subgroup_filter	SmallGroups
123	53	6	2	18	108	no_embedding	direct	true	fail	weak_fingerprint	filter
123	54	6	1	18	162	no_embedding	direct	true	fail	weak_fingerprint	filter
123	55	6	4	18	108	no_embedding	direct	true	fail	weak_fingerprint	filter
123	56	6	2	18	324	no_embedding	direct	true	fail	weak_fingerprint	filter
123	57	6	2	18	324	embedded	direct	true	fail	found	A_strict
123	58	6	4	18	36	no_embedding	direct	true	fail	weak_fingerprint	filter
123	59	6	2	18	72	no_embedding	direct	true	fail	weak_fingerprint	filter
123	60	6	2	18	72	no_embedding	direct	true	fail	weak_fingerprint	filter
123	61	6	2	18	108	embedded	direct	true	fail	found	A_strict
123	62	6	1	18	216	embedded	direct	true	fail	found	A_strict
123	63	6	4	18	72	no_embedding	direct	true	fail	weak_fingerprint	filter
123	64	6	2	18	216	embedded	direct	true	fail	found	A_strict
123	65	6	4	18	36	no_embedding	direct	true	fail	exhaustive_abstract_subgroup_filter	SmallGroups
123	66	6	3	18	72	no_embedding	direct	true	fail	weak_fingerprint	filter
123	67	6	2	18	108	embedded	direct	true	fail	found	A_strict
123	68	6	4	18	72	no_embedding	direct	true	fail	exhaustive_abstract_subgroup_filter	SmallGroups
123	69	6	2	18	216	embedded	direct	true	fail	found	A_strict
123	72	6	2	18	90	embedded	direct	true	fail	found	A_strict
123	84	6	3	18	36	no_embedding	direct	true	fail	weak_fingerprint	filter
123	85	6	3	18	36	no_embedding	direct	true	fail	weak_fingerprint	filter
123	86	6	3	18	54	embedded	direct	true	fail	found	A_strict
123	87	6	2	18	54	no_embedding	direct	true	fail	weak_fingerprint	filter
123	89	6	3	18	72	no_embedding	direct	true	fail	weak_fingerprint	filter
123	90	6	3	18	108	no_embedding	direct	true	fail	weak_fingerprint	filter
123	91	6	3	18	108	embedded	direct	true	fail	found	A_strict
123	92	6	2	18	108	no_embedding	direct	true	fail	weak_fingerprint	filter
123	93	6	1	18	144	no_embedding	direct	true	fail	weak_fingerprint	filter
123	94	6	1	18	216	no_embedding	direct	true	fail	weak_fingerprint	filter
123	95	6	1	18	216	embedded	direct	true	fail	found	A_strict
123	96	6	0	18	432	no_embedding	direct	true	fail	weak_fingerprint	filter
123	101	6	4	18	36	embedded	direct	true	fail	found	A_strict
123	102	6	3	18	36	no_embedding	direct	true	fail	exhaustive_abstract_subgroup_filter	SmallGroups
123	103	6	3	18	72	embedded	direct	true	fail	found	A_strict
123	104	6	2	18	72	no_embedding	direct	true	fail	weak_fingerprint	filter
123	105	6	2	18	72	no_embedding	direct	true	fail	exhaustive_abstract_subgroup_filter	SmallGroups
123	107	6	4	18	18	no_embedding	direct	true	fail	exhaustive_abstract_subgroup_filter	SmallGroups
123	108	6	4	18	18	no_embedding	direct	true	fail	weak_fingerprint	filter
123	109	6	4	18	18	no_embedding	direct	true	fail	weak_fingerprint	filter
123	113	6	2	18	54	no_embedding	direct	true	fail	weak_fingerprint	filter
123	114	6	1	18	54	no_embedding	direct	true	fail	weak_fingerprint	filter
123	116	6	4	18	54	no_embedding	direct	true	fail	weak_fingerprint	filter
123	117	6	4	18	54	no_embedding	direct	true	fail	weak_fingerprint	filter
123	118	6	3	18	54	no_embedding	direct	true	fail	weak_fingerprint	filter
123	125	6	5	18	36	embedded	direct	true	fail	literal_matrix_subgroup	literal_matrix_subgroup
123	126	6	4	18	18	no_embedding	direct	true	fail	weak_fingerprint	filter
123	128	6	3	18	36	no_embedding	direct	true	fail	weak_fingerprint	filter
123	130	6	2	18	72	embedded	direct	true	fail	literal_matrix_subgroup	literal_matrix_subgroup
123	131	6	1	18	72	no_embedding	direct	true	fail	weak_fingerprint	filter
123	141	6	5	18	18	no_embedding	direct	true	fail	weak_fingerprint	filter
123	142	6	4	18	18	no_embedding	direct	true	fail	weak_fingerprint	filter
123	143	6	3	18	18	no_embedding	direct	true	fail	exhaustive_abstract_subgroup_filter	SmallGroups
123	147	6	3	18	36	no_embedding	direct	true	fail	weak_fingerprint	filter
123	148	6	3	18	36	no_embedding	direct	true	fail	weak_fingerprint	filter
123	149	6	2	18	36	no_embedding	direct	true	fail	weak_fingerprint	filter
123	150	6	2	18	36	no_embedding	direct	true	fail	weak_fingerprint	filter
123	153	6	1	18	72	no_embedding	direct	true	fail	weak_fingerprint	filter
123	154	6	1	18	72	no_embedding	direct	true	fail	weak_fingerprint	filter
123	156	6	0	18	144	no_embedding	direct	true	fail	weak_fingerprint	filter
124	1	5	0	24	524880	no_embedding	direct	true	fail	weak_fingerprint	filter
124	2	5	0	24	7560	no_embedding	direct	true	fail	weak_fingerprint	filter
124	3	5	0	24	15120	no_embedding	direct	true	fail	weak_fingerprint	filter
124	4	5	0	24	23328	embedded	transitive	false	22	verified_witness_composition	transitivity
124	5	5	0	24	2160	no_embedding	direct	true	fail	weak_fingerprint	filter
124	6	5	0	24	2160	no_embedding	direct	true	fail	weak_fingerprint	filter
124	8	5	0	24	6480	no_embedding	direct	true	fail	weak_fingerprint	filter
124	9	5	1	24	5832	no_embedding	direct	true	fail	weak_fingerprint	filter
124	10	5	1	24	1080	no_embedding	direct	true	fail	exhaustive_abstract_subgroup_filter	SmallGroups
124	11	5	1	24	2160	no_embedding	direct	true	fail	weak_fingerprint	filter
124	12	5	1	24	504	no_embedding	direct	true	fail	exhaustive_abstract_subgroup_filter	SmallGroups
124	13	5	0	24	1008	no_embedding	direct	true	fail	exhaustive_abstract_subgroup_filter	SmallGroups
124	14	5	0	24	1008	no_embedding	direct	true	fail	exhaustive_abstract_subgroup_filter	SmallGroups
124	15	5	1	24	360	no_embedding	direct	true	fail	exhaustive_abstract_subgroup_filter	SmallGroups
124	16	5	1	24	720	no_embedding	direct	true	fail	weak_fingerprint	filter
124	17	5	1	24	216	no_embedding	direct	true	fail	exhaustive_abstract_subgroup_filter	SmallGroups
124	18	5	0	24	648	no_embedding	direct	true	fail	exhaustive_abstract_subgroup_filter	SmallGroups
124	19	5	1	24	432	no_embedding	direct	true	fail	weak_fingerprint	filter
124	20	5	1	24	144	no_embedding	direct	true	fail	exhaustive_abstract_subgroup_filter	SmallGroups
124	22	5	1	24	5832	embedded	transitive	false	89	verified_witness_composition	transitivity
124	24	5	0	24	17496	embedded	transitive	false	22	verified_witness_composition	transitivity
124	25	5	2	24	216	no_embedding	direct	true	fail	exhaustive_abstract_subgroup_filter	SmallGroups
124	26	5	1	24	432	no_embedding	direct	true	fail	weak_fingerprint	filter
124	27	5	2	24	432	no_embedding	direct	true	fail	weak_fingerprint	filter
124	28	5	1	24	1296	no_embedding	direct	true	fail	weak_fingerprint	filter
124	31	5	2	24	360	no_embedding	direct	true	fail	exhaustive_abstract_subgroup_filter	SmallGroups
124	32	5	1	24	1080	no_embedding	direct	true	fail	exhaustive_abstract_subgroup_filter	SmallGroups
124	34	5	2	24	216	no_embedding	direct	true	fail	exhaustive_abstract_subgroup_filter	SmallGroups
124	35	5	2	24	216	no_embedding	direct	true	fail	exhaustive_abstract_subgroup_filter	SmallGroups
124	36	5	1	24	648	no_embedding	direct	true	fail	exhaustive_abstract_subgroup_filter	SmallGroups
124	37	5	2	24	216	no_embedding	direct	true	fail	exhaustive_abstract_subgroup_filter	SmallGroups
124	38	5	1	24	648	no_embedding	direct	true	fail	exhaustive_abstract_subgroup_filter	SmallGroups
124	43	5	2	24	48	no_embedding	direct	true	fail	exhaustive_abstract_subgroup_filter	SmallGroups
124	44	5	1	24	96	no_embedding	direct	true	fail	weak_fingerprint	filter
124	45	5	3	24	72	no_embedding	direct	true	fail	exhaustive_abstract_subgroup_filter	SmallGroups
124	46	5	2	24	144	no_embedding	direct	true	fail	weak_fingerprint	filter
124	47	5	3	24	144	no_embedding	direct	true	fail	weak_fingerprint	filter
124	48	5	3	24	24	no_embedding	direct	true	fail	exhaustive_abstract_subgroup_filter	SmallGroups
124	49	5	2	24	48	no_embedding	direct	true	fail	weak_fingerprint	filter
124	50	5	1	24	72	no_embedding	direct	true	fail	exhaustive_abstract_subgroup_filter	SmallGroups
124	51	5	1	24	96	embedded	direct	true	fail	found	A_strict
124	59	5	2	24	72	no_embedding	direct	true	fail	exhaustive_abstract_subgroup_filter	SmallGroups
124	60	5	2	24	72	no_embedding	direct	true	fail	exhaustive_abstract_subgroup_filter	SmallGroups
124	62	5	1	24	216	no_embedding	direct	true	fail	exhaustive_abstract_subgroup_filter	SmallGroups
124	63	5	4	24	72	no_embedding	direct	true	fail	exhaustive_abstract_subgroup_filter	SmallGroups
124	64	5	2	24	216	no_embedding	direct	true	fail	exhaustive_abstract_subgroup_filter	SmallGroups
124	66	5	3	24	72	no_embedding	direct	true	fail	exhaustive_abstract_subgroup_filter	SmallGroups
124	68	5	4	24	72	no_embedding	direct	true	fail	exhaustive_abstract_subgroup_filter	SmallGroups
124	69	5	2	24	216	no_embedding	direct	true	fail	exhaustive_abstract_subgroup_filter	SmallGroups
124	74	5	4	24	48	no_embedding	direct	true	fail	weak_fingerprint	filter
124	75	5	3	24	48	no_embedding	direct	true	fail	weak_fingerprint	filter
124	76	5	2	24	48	no_embedding	direct	true	fail	exhaustive_abstract_subgroup_filter	SmallGroups
124	79	5	4	24	24	no_embedding	direct	true	fail	weak_fingerprint	filter
124	80	5	3	24	24	no_embedding	direct	true	fail	exhaustive_abstract_subgroup_filter	SmallGroups
124	81	5	2	24	48	embedded	direct	true	fail	found	A_strict
124	82	5	2	24	48	no_embedding	direct	true	fail	weak_fingerprint	filter
124	89	5	3	24	72	embedded	direct	true	fail	found	A_strict
124	93	5	1	24	144	embedded	direct	true	fail	found	A_strict
124	94	5	1	24	216	embedded	direct	true	fail	found	A_strict
124	95	5	1	24	216	embedded	direct	true	fail	found	A_strict
124	96	5	0	24	432	embedded	direct	true	fail	found	A_strict
124	103	5	3	24	72	no_embedding	direct	true	fail	exhaustive_abstract_subgroup_filter	SmallGroups
124	104	5	2	24	72	no_embedding	direct	true	fail	exhaustive_abstract_subgroup_filter	SmallGroups
124	105	5	2	24	72	no_embedding	direct	true	fail	exhaustive_abstract_subgroup_filter	SmallGroups
124	127	5	4	24	24	no_embedding	direct	true	fail	weak_fingerprint	filter
124	129	5	2	24	48	embedded	direct	true	fail	literal_matrix_subgroup	literal_matrix_subgroup
124	130	5	2	24	72	embedded	direct	true	fail	literal_matrix_subgroup	literal_matrix_subgroup
124	131	5	1	24	72	embedded	direct	true	fail	literal_matrix_subgroup	literal_matrix_subgroup
124	144	5	3	24	24	no_embedding	direct	true	fail	exhaustive_abstract_subgroup_filter	SmallGroups
124	145	5	3	24	24	no_embedding	direct	true	fail	exhaustive_abstract_subgroup_filter	SmallGroups
124	146	5	3	24	24	no_embedding	direct	true	fail	exhaustive_abstract_subgroup_filter	SmallGroups
124	151	5	1	24	48	no_embedding	direct	true	fail	exhaustive_abstract_subgroup_filter	SmallGroups
124	152	5	1	24	48	no_embedding	direct	true	fail	exhaustive_abstract_subgroup_filter	SmallGroups
124	153	5	1	24	72	no_embedding	direct	true	fail	exhaustive_abstract_subgroup_filter	SmallGroups
124	154	5	1	24	72	no_embedding	direct	true	fail	exhaustive_abstract_subgroup_filter	SmallGroups
124	155	5	0	24	96	no_embedding	direct	true	fail	exhaustive_abstract_subgroup_filter	SmallGroups
124	156	5	0	24	144	no_embedding	direct	true	fail	exhaustive_abstract_subgroup_filter	SmallGroups
125	1	5	0	36	524880	embedded	transitive	false	23	verified_witness_composition	transitivity
125	2	5	0	36	7560	no_embedding	direct	true	fail	weak_fingerprint	filter
125	3	5	0	36	15120	no_embedding	direct	true	fail	weak_fingerprint	filter
125	4	5	0	36	23328	no_embedding	direct	true	fail	weak_fingerprint	filter
125	5	5	0	36	2160	no_embedding	direct	true	fail	weak_fingerprint	filter
125	6	5	0	36	2160	no_embedding	direct	true	fail	weak_fingerprint	filter
125	7	5	0	36	5940	no_embedding	direct	true	fail	weak_fingerprint	filter
125	8	5	0	36	6480	embedded	transitive	false	28	verified_witness_composition	transitivity
125	9	5	1	36	5832	no_embedding	direct	true	fail	weak_fingerprint	filter
125	10	5	1	36	1080	no_embedding	direct	true	fail	exhaustive_abstract_subgroup_filter	SmallGroups
125	11	5	1	36	2160	no_embedding	direct	true	fail	weak_fingerprint	filter
125	12	5	1	36	504	no_embedding	direct	true	fail	exhaustive_abstract_subgroup_filter	SmallGroups
125	13	5	0	36	1008	no_embedding	direct	true	fail	exhaustive_abstract_subgroup_filter	SmallGroups
125	14	5	0	36	1008	no_embedding	direct	true	fail	exhaustive_abstract_subgroup_filter	SmallGroups
125	15	5	1	36	360	no_embedding	direct	true	fail	exhaustive_abstract_subgroup_filter	SmallGroups
125	16	5	1	36	720	no_embedding	direct	true	fail	weak_fingerprint	filter
125	17	5	1	36	216	no_embedding	direct	true	fail	exhaustive_abstract_subgroup_filter	SmallGroups
125	18	5	0	36	648	no_embedding	direct	true	fail	exhaustive_abstract_subgroup_filter	SmallGroups
125	19	5	1	36	432	no_embedding	direct	true	fail	weak_fingerprint	filter
125	20	5	1	36	144	no_embedding	direct	true	fail	exhaustive_abstract_subgroup_filter	SmallGroups
125	21	5	2	36	2916	no_embedding	direct	true	fail	weak_fingerprint	filter
125	22	5	1	36	5832	no_embedding	direct	true	fail	weak_fingerprint	filter
125	23	5	1	36	8748	embedded	transitive	false	57	verified_witness_composition	transitivity
125	24	5	0	36	17496	embedded	transitive	false	23	verified_witness_composition	transitivity
125	25	5	2	36	216	no_embedding	direct	true	fail	weak_fingerprint	filter
125	26	5	1	36	432	no_embedding	direct	true	fail	weak_fingerprint	filter
125	27	5	2	36	432	no_embedding	direct	true	fail	weak_fingerprint	filter
125	28	5	1	36	1296	embedded	direct	true	fail	found	A_strict
125	29	5	2	36	180	no_embedding	direct	true	fail	exhaustive_abstract_subgroup_filter	SmallGroups
125	30	5	1	36	540	no_embedding	direct	true	fail	weak_fingerprint	filter
125	31	5	2	36	360	no_embedding	direct	true	fail	exhaustive_abstract_subgroup_filter	SmallGroups
125	32	5	1	36	1080	embedded	direct	true	fail	found	A_strict
125	33	5	2	36	108	no_embedding	direct	true	fail	exhaustive_abstract_subgroup_filter	SmallGroups
125	34	5	2	36	216	no_embedding	direct	true	fail	exhaustive_abstract_subgroup_filter	SmallGroups
125	35	5	2	36	216	no_embedding	direct	true	fail	weak_fingerprint	filter
125	36	5	1	36	648	embedded	direct	true	fail	found	A_strict
125	37	5	2	36	216	no_embedding	direct	true	fail	exhaustive_abstract_subgroup_filter	SmallGroups
125	38	5	1	36	648	embedded	direct	true	fail	found	A_strict
125	45	5	3	36	72	no_embedding	direct	true	fail	exhaustive_abstract_subgroup_filter	SmallGroups
125	46	5	2	36	144	no_embedding	direct	true	fail	exhaustive_abstract_subgroup_filter	SmallGroups
125	47	5	3	36	144	no_embedding	direct	true	fail	exhaustive_abstract_subgroup_filter	SmallGroups
125	50	5	1	36	72	no_embedding	direct	true	fail	exhaustive_abstract_subgroup_filter	SmallGroups
125	53	5	2	36	108	no_embedding	direct	true	fail	exhaustive_abstract_subgroup_filter	SmallGroups
125	55	5	4	36	108	no_embedding	direct	true	fail	exhaustive_abstract_subgroup_filter	SmallGroups
125	56	5	2	36	324	no_embedding	direct	true	fail	weak_fingerprint	filter
125	57	5	2	36	324	embedded	direct	true	fail	found	A_strict
125	58	5	4	36	36	no_embedding	direct	true	fail	exhaustive_abstract_subgroup_filter	SmallGroups
125	59	5	2	36	72	no_embedding	direct	true	fail	weak_fingerprint	filter
125	60	5	2	36	72	no_embedding	direct	true	fail	weak_fingerprint	filter
125	61	5	2	36	108	no_embedding	direct	true	fail	weak_fingerprint	filter
125	62	5	1	36	216	embedded	direct	true	fail	found	A_strict
125	63	5	4	36	72	no_embedding	direct	true	fail	weak_fingerprint	filter
125	64	5	2	36	216	embedded	direct	true	fail	found	A_strict
125	65	5	4	36	36	no_embedding	direct	true	fail	exhaustive_abstract_subgroup_filter	SmallGroups
125	66	5	3	36	72	no_embedding	direct	true	fail	exhaustive_abstract_subgroup_filter	SmallGroups
125	67	5	2	36	108	no_embedding	direct	true	fail	weak_fingerprint	filter
125	68	5	4	36	72	no_embedding	direct	true	fail	exhaustive_abstract_subgroup_filter	SmallGroups
125	69	5	2	36	216	embedded	direct	true	fail	found	A_strict
125	84	5	3	36	36	no_embedding	direct	true	fail	exhaustive_abstract_subgroup_filter	SmallGroups
125	85	5	3	36	36	no_embedding	direct	true	fail	exhaustive_abstract_subgroup_filter	SmallGroups
125	89	5	3	36	72	no_embedding	direct	true	fail	exhaustive_abstract_subgroup_filter	SmallGroups
125	90	5	3	36	108	no_embedding	direct	true	fail	weak_fingerprint	filter
125	91	5	3	36	108	embedded	direct	true	fail	found	A_strict
125	92	5	2	36	108	no_embedding	direct	true	fail	weak_fingerprint	filter
125	93	5	1	36	144	no_embedding	direct	true	fail	exhaustive_abstract_subgroup_filter	SmallGroups
125	94	5	1	36	216	no_embedding	direct	true	fail	weak_fingerprint	filter
125	95	5	1	36	216	embedded	direct	true	fail	found	A_strict
125	96	5	0	36	432	no_embedding	direct	true	fail	weak_fingerprint	filter
125	101	5	4	36	36	no_embedding	direct	true	fail	weak_fingerprint	filter
125	102	5	3	36	36	no_embedding	direct	true	fail	exhaustive_abstract_subgroup_filter	SmallGroups
125	103	5	3	36	72	embedded	direct	true	fail	found	A_strict
125	104	5	2	36	72	no_embedding	direct	true	fail	exhaustive_abstract_subgroup_filter	SmallGroups
125	105	5	2	36	72	no_embedding	direct	true	fail	exhaustive_abstract_subgroup_filter	SmallGroups
125	128	5	3	36	36	no_embedding	direct	true	fail	weak_fingerprint	filter
125	130	5	2	36	72	embedded	direct	true	fail	literal_matrix_subgroup	literal_matrix_subgroup
125	131	5	1	36	72	no_embedding	direct	true	fail	weak_fingerprint	filter
125	147	5	3	36	36	no_embedding	direct	true	fail	exhaustive_abstract_subgroup_filter	SmallGroups
125	148	5	3	36	36	no_embedding	direct	true	fail	exhaustive_abstract_subgroup_filter	SmallGroups
125	149	5	2	36	36	no_embedding	direct	true	fail	exhaustive_abstract_subgroup_filter	SmallGroups
125	150	5	2	36	36	no_embedding	direct	true	fail	exhaustive_abstract_subgroup_filter	SmallGroups
125	153	5	1	36	72	no_embedding	direct	true	fail	exhaustive_abstract_subgroup_filter	SmallGroups
125	154	5	1	36	72	no_embedding	direct	true	fail	exhaustive_abstract_subgroup_filter	SmallGroups
125	156	5	0	36	144	no_embedding	direct	true	fail	exhaustive_abstract_subgroup_filter	SmallGroups
126	1	4	0	18	524880	embedded	transitive	false	23	verified_witness_composition	transitivity
126	2	4	0	18	7560	no_embedding	direct	true	fail	weak_fingerprint	filter
126	3	4	0	18	15120	no_embedding	direct	true	fail	weak_fingerprint	filter
126	4	4	0	18	23328	no_embedding	direct	true	fail	weak_fingerprint	filter
126	5	4	0	18	2160	no_embedding	direct	true	fail	weak_fingerprint	filter
126	6	4	0	18	2160	no_embedding	direct	true	fail	weak_fingerprint	filter
126	7	4	0	18	5940	embedded	transitive	false	61	verified_witness_composition	transitivity
126	8	4	0	18	6480	embedded	transitive	false	36	verified_witness_composition	transitivity
126	9	4	1	18	5832	no_embedding	direct	true	fail	weak_fingerprint	filter
126	10	4	1	18	1080	no_embedding	direct	true	fail	exhaustive_abstract_subgroup_filter	SmallGroups
126	11	4	1	18	2160	no_embedding	direct	true	fail	weak_fingerprint	filter
126	12	4	1	18	504	no_embedding	direct	true	fail	exhaustive_abstract_subgroup_filter	SmallGroups
126	13	4	0	18	1008	no_embedding	direct	true	fail	weak_fingerprint	filter
126	14	4	0	18	1008	no_embedding	direct	true	fail	weak_fingerprint	filter
126	15	4	1	18	360	no_embedding	direct	true	fail	weak_fingerprint	filter
126	16	4	1	18	720	no_embedding	direct	true	fail	weak_fingerprint	filter
126	17	4	1	18	216	no_embedding	direct	true	fail	exhaustive_abstract_subgroup_filter	SmallGroups
126	18	4	0	18	648	embedded	direct	true	fail	found	A_strict
126	19	4	1	18	432	no_embedding	direct	true	fail	weak_fingerprint	filter
126	20	4	1	18	144	no_embedding	direct	true	fail	weak_fingerprint	filter
126	21	4	2	18	2916	no_embedding	direct	true	fail	weak_fingerprint	filter
126	22	4	1	18	5832	no_embedding	direct	true	fail	weak_fingerprint	filter
126	23	4	1	18	8748	embedded	transitive	false	87	verified_witness_composition	transitivity
126	24	4	0	18	17496	embedded	transitive	false	23	verified_witness_composition	transitivity
126	25	4	2	18	216	no_embedding	direct	true	fail	weak_fingerprint	filter
126	26	4	1	18	432	no_embedding	direct	true	fail	weak_fingerprint	filter
126	27	4	2	18	432	no_embedding	direct	true	fail	weak_fingerprint	filter
126	28	4	1	18	1296	no_embedding	direct	true	fail	strong_fingerprint	filter
126	29	4	2	18	180	no_embedding	direct	true	fail	exhaustive_abstract_subgroup_filter	SmallGroups
126	30	4	1	18	540	no_embedding	direct	true	fail	strong_fingerprint	filter
126	31	4	2	18	360	no_embedding	direct	true	fail	weak_fingerprint	filter
126	32	4	1	18	1080	no_embedding	direct	true	fail	strong_fingerprint	filter
126	33	4	2	18	108	no_embedding	direct	true	fail	exhaustive_abstract_subgroup_filter	SmallGroups
126	34	4	2	18	216	no_embedding	direct	true	fail	weak_fingerprint	filter
126	35	4	2	18	216	no_embedding	direct	true	fail	weak_fingerprint	filter
126	36	4	1	18	648	embedded	direct	true	fail	found	A_strict
126	37	4	2	18	216	no_embedding	direct	true	fail	weak_fingerprint	filter
126	38	4	1	18	648	embedded	direct	true	fail	found	A_strict
126	40	4	1	18	126	no_embedding	direct	true	fail	weak_fingerprint	filter
126	41	4	0	18	378	no_embedding	direct	true	fail	weak_fingerprint	filter
126	45	4	3	18	72	no_embedding	direct	true	fail	exhaustive_abstract_subgroup_filter	SmallGroups
126	46	4	2	18	144	no_embedding	direct	true	fail	weak_fingerprint	filter
126	47	4	3	18	144	no_embedding	direct	true	fail	weak_fingerprint	filter
126	50	4	1	18	72	embedded	direct	true	fail	found	A_strict
126	53	4	2	18	108	no_embedding	direct	true	fail	weak_fingerprint	filter
126	54	4	1	18	162	embedded	direct	true	fail	found	A_strict
126	56	4	2	18	324	no_embedding	direct	true	fail	weak_fingerprint	filter
126	57	4	2	18	324	no_embedding	direct	true	fail	strong_fingerprint	filter
126	59	4	2	18	72	no_embedding	direct	true	fail	weak_fingerprint	filter
126	60	4	2	18	72	no_embedding	direct	true	fail	weak_fingerprint	filter
126	61	4	2	18	108	embedded	direct	true	fail	found	A_strict
126	62	4	1	18	216	embedded	direct	true	fail	found	A_strict
126	64	4	2	18	216	no_embedding	direct	true	fail	weak_fingerprint	filter
126	66	4	3	18	72	no_embedding	direct	true	fail	weak_fingerprint	filter
126	67	4	2	18	108	no_embedding	direct	true	fail	strong_fingerprint	filter
126	69	4	2	18	216	no_embedding	direct	true	fail	strong_fingerprint	filter
126	72	4	2	18	90	no_embedding	direct	true	fail	weak_fingerprint	filter
126	84	4	3	18	36	no_embedding	direct	true	fail	weak_fingerprint	filter
126	85	4	3	18	36	no_embedding	direct	true	fail	weak_fingerprint	filter
126	86	4	3	18	54	no_embedding	direct	true	fail	strong_fingerprint	filter
126	87	4	2	18	54	embedded	direct	true	fail	found	A_strict
126	89	4	3	18	72	no_embedding	direct	true	fail	weak_fingerprint	filter
126	90	4	3	18	108	no_embedding	direct	true	fail	weak_fingerprint	filter
126	91	4	3	18	108	no_embedding	direct	true	fail	strong_fingerprint	filter
126	92	4	2	18	108	embedded	direct	true	fail	found	A_strict
126	93	4	1	18	144	no_embedding	direct	true	fail	weak_fingerprint	filter
126	94	4	1	18	216	no_embedding	direct	true	fail	weak_fingerprint	filter
126	95	4	1	18	216	no_embedding	direct	true	fail	strong_fingerprint	filter
126	96	4	0	18	432	no_embedding	direct	true	fail	weak_fingerprint	filter
126	102	4	3	18	36	no_embedding	direct	true	fail	exhaustive_abstract_subgroup_filter	SmallGroups
126	103	4	3	18	72	no_embedding	direct	true	fail	weak_fingerprint	filter
126	104	4	2	18	72	no_embedding	direct	true	fail	weak_fingerprint	filter
126	105	4	2	18	72	no_embedding	direct	true	fail	exhaustive_abstract_subgroup_filter	SmallGroups
126	113	4	2	18	54	no_embedding	direct	true	fail	weak_fingerprint	filter
126	114	4	1	18	54	no_embedding	direct	true	fail	weak_fingerprint	filter
126	118	4	3	18	54	no_embedding	direct	true	fail	weak_fingerprint	filter
126	128	4	3	18	36	embedded	direct	true	fail	found	A_strict
126	130	4	2	18	72	no_embedding	direct	true	fail	weak_fingerprint	filter
126	131	4	1	18	72	embedded	direct	true	fail	found	A_strict
126	143	4	3	18	18	no_embedding	direct	true	fail	exhaustive_abstract_subgroup_filter	SmallGroups
126	147	4	3	18	36	no_embedding	direct	true	fail	weak_fingerprint	filter
126	148	4	3	18	36	no_embedding	direct	true	fail	weak_fingerprint	filter
126	149	4	2	18	36	no_embedding	direct	true	fail	weak_fingerprint	filter
126	150	4	2	18	36	no_embedding	direct	true	fail	weak_fingerprint	filter
126	153	4	1	18	72	no_embedding	direct	true	fail	weak_fingerprint	filter
126	154	4	1	18	72	no_embedding	direct	true	fail	weak_fingerprint	filter
126	156	4	0	18	144	no_embedding	direct	true	fail	weak_fingerprint	filter
127	1	4	0	24	524880	no_embedding	direct	true	fail	weak_fingerprint	filter
127	2	4	0	24	7560	no_embedding	direct	true	fail	weak_fingerprint	filter
127	3	4	0	24	15120	no_embedding	direct	true	fail	weak_fingerprint	filter
127	4	4	0	24	23328	no_embedding	direct	true	fail	exhausted_subgroup_classes_and_twists	subgroup_classes_full_aut
127	5	4	0	24	2160	no_embedding	direct	true	fail	weak_fingerprint	filter
127	6	4	0	24	2160	no_embedding	direct	true	fail	weak_fingerprint	filter
127	8	4	0	24	6480	no_embedding	direct	true	fail	weak_fingerprint	filter
127	9	4	1	24	5832	no_embedding	direct	true	fail	weak_fingerprint	filter
127	10	4	1	24	1080	no_embedding	direct	true	fail	exhaustive_abstract_subgroup_filter	SmallGroups
127	11	4	1	24	2160	no_embedding	direct	true	fail	weak_fingerprint	filter
127	12	4	1	24	504	no_embedding	direct	true	fail	exhaustive_abstract_subgroup_filter	SmallGroups
127	13	4	0	24	1008	no_embedding	direct	true	fail	exhaustive_abstract_subgroup_filter	SmallGroups
127	14	4	0	24	1008	no_embedding	direct	true	fail	exhaustive_abstract_subgroup_filter	SmallGroups
127	15	4	1	24	360	no_embedding	direct	true	fail	exhaustive_abstract_subgroup_filter	SmallGroups
127	16	4	1	24	720	no_embedding	direct	true	fail	weak_fingerprint	filter
127	17	4	1	24	216	no_embedding	direct	true	fail	exhaustive_abstract_subgroup_filter	SmallGroups
127	18	4	0	24	648	no_embedding	direct	true	fail	exhaustive_abstract_subgroup_filter	SmallGroups
127	19	4	1	24	432	no_embedding	direct	true	fail	weak_fingerprint	filter
127	20	4	1	24	144	no_embedding	direct	true	fail	exhaustive_abstract_subgroup_filter	SmallGroups
127	22	4	1	24	5832	no_embedding	direct	true	fail	weak_fingerprint	filter
127	24	4	0	24	17496	no_embedding	direct	true	fail	weak_fingerprint	filter
127	25	4	2	24	216	no_embedding	direct	true	fail	exhaustive_abstract_subgroup_filter	SmallGroups
127	26	4	1	24	432	no_embedding	direct	true	fail	weak_fingerprint	filter
127	27	4	2	24	432	no_embedding	direct	true	fail	weak_fingerprint	filter
127	28	4	1	24	1296	no_embedding	direct	true	fail	weak_fingerprint	filter
127	31	4	2	24	360	no_embedding	direct	true	fail	exhaustive_abstract_subgroup_filter	SmallGroups
127	32	4	1	24	1080	no_embedding	direct	true	fail	exhaustive_abstract_subgroup_filter	SmallGroups
127	34	4	2	24	216	no_embedding	direct	true	fail	exhaustive_abstract_subgroup_filter	SmallGroups
127	35	4	2	24	216	no_embedding	direct	true	fail	exhaustive_abstract_subgroup_filter	SmallGroups
127	36	4	1	24	648	no_embedding	direct	true	fail	exhaustive_abstract_subgroup_filter	SmallGroups
127	37	4	2	24	216	no_embedding	direct	true	fail	exhaustive_abstract_subgroup_filter	SmallGroups
127	38	4	1	24	648	no_embedding	direct	true	fail	exhaustive_abstract_subgroup_filter	SmallGroups
127	43	4	2	24	48	no_embedding	direct	true	fail	exhaustive_abstract_subgroup_filter	SmallGroups
127	44	4	1	24	96	no_embedding	direct	true	fail	weak_fingerprint	filter
127	45	4	3	24	72	no_embedding	direct	true	fail	exhaustive_abstract_subgroup_filter	SmallGroups
127	46	4	2	24	144	no_embedding	direct	true	fail	weak_fingerprint	filter
127	47	4	3	24	144	no_embedding	direct	true	fail	weak_fingerprint	filter
127	48	4	3	24	24	no_embedding	direct	true	fail	exhaustive_abstract_subgroup_filter	SmallGroups
127	49	4	2	24	48	no_embedding	direct	true	fail	weak_fingerprint	filter
127	50	4	1	24	72	no_embedding	direct	true	fail	exhaustive_abstract_subgroup_filter	SmallGroups
127	51	4	1	24	96	no_embedding	direct	true	fail	exhausted_no_verified_candidate	A_strict
127	59	4	2	24	72	no_embedding	direct	true	fail	exhaustive_abstract_subgroup_filter	SmallGroups
127	60	4	2	24	72	no_embedding	direct	true	fail	exhaustive_abstract_subgroup_filter	SmallGroups
127	62	4	1	24	216	no_embedding	direct	true	fail	exhaustive_abstract_subgroup_filter	SmallGroups
127	64	4	2	24	216	no_embedding	direct	true	fail	exhaustive_abstract_subgroup_filter	SmallGroups
127	66	4	3	24	72	no_embedding	direct	true	fail	exhaustive_abstract_subgroup_filter	SmallGroups
127	69	4	2	24	216	no_embedding	direct	true	fail	exhaustive_abstract_subgroup_filter	SmallGroups
127	75	4	3	24	48	no_embedding	direct	true	fail	weak_fingerprint	filter
127	76	4	2	24	48	no_embedding	direct	true	fail	exhaustive_abstract_subgroup_filter	SmallGroups
127	80	4	3	24	24	no_embedding	direct	true	fail	exhaustive_abstract_subgroup_filter	SmallGroups
127	81	4	2	24	48	no_embedding	direct	true	fail	weak_fingerprint	filter
127	82	4	2	24	48	no_embedding	direct	true	fail	weak_fingerprint	filter
127	89	4	3	24	72	no_embedding	direct	true	fail	weak_fingerprint	filter
127	93	4	1	24	144	no_embedding	direct	true	fail	weak_fingerprint	filter
127	94	4	1	24	216	no_embedding	direct	true	fail	weak_fingerprint	filter
127	95	4	1	24	216	no_embedding	direct	true	fail	weak_fingerprint	filter
127	96	4	0	24	432	no_embedding	direct	true	fail	weak_fingerprint	filter
127	103	4	3	24	72	no_embedding	direct	true	fail	exhaustive_abstract_subgroup_filter	SmallGroups
127	104	4	2	24	72	no_embedding	direct	true	fail	exhaustive_abstract_subgroup_filter	SmallGroups
127	105	4	2	24	72	no_embedding	direct	true	fail	exhaustive_abstract_subgroup_filter	SmallGroups
127	129	4	2	24	48	no_embedding	direct	true	fail	weak_fingerprint	filter
127	130	4	2	24	72	no_embedding	direct	true	fail	weak_fingerprint	filter
127	131	4	1	24	72	no_embedding	direct	true	fail	weak_fingerprint	filter
127	144	4	3	24	24	no_embedding	direct	true	fail	exhaustive_abstract_subgroup_filter	SmallGroups
127	145	4	3	24	24	no_embedding	direct	true	fail	exhaustive_abstract_subgroup_filter	SmallGroups
127	146	4	3	24	24	no_embedding	direct	true	fail	exhaustive_abstract_subgroup_filter	SmallGroups
127	151	4	1	24	48	no_embedding	direct	true	fail	exhaustive_abstract_subgroup_filter	SmallGroups
127	152	4	1	24	48	no_embedding	direct	true	fail	exhaustive_abstract_subgroup_filter	SmallGroups
127	153	4	1	24	72	no_embedding	direct	true	fail	exhaustive_abstract_subgroup_filter	SmallGroups
127	154	4	1	24	72	no_embedding	direct	true	fail	exhaustive_abstract_subgroup_filter	SmallGroups
127	155	4	0	24	96	no_embedding	direct	true	fail	exhaustive_abstract_subgroup_filter	SmallGroups
127	156	4	0	24	144	no_embedding	direct	true	fail	exhaustive_abstract_subgroup_filter	SmallGroups
128	1	3	0	36	524880	embedded	transitive	false	23	verified_witness_composition	transitivity
128	2	3	0	36	7560	no_embedding	direct	true	fail	weak_fingerprint	filter
128	3	3	0	36	15120	no_embedding	direct	true	fail	weak_fingerprint	filter
128	4	3	0	36	23328	no_embedding	direct	true	fail	weak_fingerprint	filter
128	5	3	0	36	2160	no_embedding	direct	true	fail	weak_fingerprint	filter
128	6	3	0	36	2160	no_embedding	direct	true	fail	weak_fingerprint	filter
128	7	3	0	36	5940	no_embedding	direct	true	fail	weak_fingerprint	filter
128	8	3	0	36	6480	embedded	transitive	false	36	verified_witness_composition	transitivity
128	9	3	1	36	5832	no_embedding	direct	true	fail	weak_fingerprint	filter
128	10	3	1	36	1080	no_embedding	direct	true	fail	exhaustive_abstract_subgroup_filter	SmallGroups
128	11	3	1	36	2160	no_embedding	direct	true	fail	weak_fingerprint	filter
128	12	3	1	36	504	no_embedding	direct	true	fail	exhaustive_abstract_subgroup_filter	SmallGroups
128	13	3	0	36	1008	no_embedding	direct	true	fail	exhaustive_abstract_subgroup_filter	SmallGroups
128	14	3	0	36	1008	no_embedding	direct	true	fail	exhaustive_abstract_subgroup_filter	SmallGroups
128	15	3	1	36	360	no_embedding	direct	true	fail	exhaustive_abstract_subgroup_filter	SmallGroups
128	16	3	1	36	720	no_embedding	direct	true	fail	weak_fingerprint	filter
128	17	3	1	36	216	no_embedding	direct	true	fail	exhaustive_abstract_subgroup_filter	SmallGroups
128	18	3	0	36	648	no_embedding	direct	true	fail	exhaustive_abstract_subgroup_filter	SmallGroups
128	19	3	1	36	432	no_embedding	direct	true	fail	weak_fingerprint	filter
128	20	3	1	36	144	no_embedding	direct	true	fail	exhaustive_abstract_subgroup_filter	SmallGroups
128	21	3	2	36	2916	no_embedding	direct	true	fail	weak_fingerprint	filter
128	22	3	1	36	5832	no_embedding	direct	true	fail	weak_fingerprint	filter
128	23	3	1	36	8748	embedded	transitive	false	92	verified_witness_composition	transitivity
128	24	3	0	36	17496	embedded	transitive	false	23	verified_witness_composition	transitivity
128	25	3	2	36	216	no_embedding	direct	true	fail	weak_fingerprint	filter
128	26	3	1	36	432	no_embedding	direct	true	fail	weak_fingerprint	filter
128	27	3	2	36	432	no_embedding	direct	true	fail	weak_fingerprint	filter
128	28	3	1	36	1296	no_embedding	direct	true	fail	weak_fingerprint	filter
128	29	3	2	36	180	no_embedding	direct	true	fail	exhaustive_abstract_subgroup_filter	SmallGroups
128	30	3	1	36	540	no_embedding	direct	true	fail	weak_fingerprint	filter
128	31	3	2	36	360	no_embedding	direct	true	fail	exhaustive_abstract_subgroup_filter	SmallGroups
128	32	3	1	36	1080	no_embedding	direct	true	fail	weak_fingerprint	filter
128	33	3	2	36	108	no_embedding	direct	true	fail	exhaustive_abstract_subgroup_filter	SmallGroups
128	34	3	2	36	216	no_embedding	direct	true	fail	exhaustive_abstract_subgroup_filter	SmallGroups
128	35	3	2	36	216	no_embedding	direct	true	fail	weak_fingerprint	filter
128	36	3	1	36	648	embedded	direct	true	fail	found	A_strict
128	37	3	2	36	216	no_embedding	direct	true	fail	exhaustive_abstract_subgroup_filter	SmallGroups
128	38	3	1	36	648	no_embedding	direct	true	fail	weak_fingerprint	filter
128	46	3	2	36	144	no_embedding	direct	true	fail	exhaustive_abstract_subgroup_filter	SmallGroups
128	50	3	1	36	72	no_embedding	direct	true	fail	exhaustive_abstract_subgroup_filter	SmallGroups
128	53	3	2	36	108	no_embedding	direct	true	fail	exhaustive_abstract_subgroup_filter	SmallGroups
128	56	3	2	36	324	no_embedding	direct	true	fail	weak_fingerprint	filter
128	57	3	2	36	324	no_embedding	direct	true	fail	weak_fingerprint	filter
128	59	3	2	36	72	no_embedding	direct	true	fail	weak_fingerprint	filter
128	60	3	2	36	72	no_embedding	direct	true	fail	weak_fingerprint	filter
128	61	3	2	36	108	no_embedding	direct	true	fail	weak_fingerprint	filter
128	62	3	1	36	216	embedded	direct	true	fail	found	A_strict
128	64	3	2	36	216	no_embedding	direct	true	fail	weak_fingerprint	filter
128	67	3	2	36	108	no_embedding	direct	true	fail	weak_fingerprint	filter
128	69	3	2	36	216	no_embedding	direct	true	fail	weak_fingerprint	filter
128	92	3	2	36	108	embedded	direct	true	fail	found	A_strict
128	93	3	1	36	144	no_embedding	direct	true	fail	exhaustive_abstract_subgroup_filter	SmallGroups
128	94	3	1	36	216	no_embedding	direct	true	fail	weak_fingerprint	filter
128	95	3	1	36	216	no_embedding	direct	true	fail	weak_fingerprint	filter
128	96	3	0	36	432	no_embedding	direct	true	fail	weak_fingerprint	filter
128	104	3	2	36	72	no_embedding	direct	true	fail	exhaustive_abstract_subgroup_filter	SmallGroups
128	105	3	2	36	72	no_embedding	direct	true	fail	exhaustive_abstract_subgroup_filter	SmallGroups
128	130	3	2	36	72	no_embedding	direct	true	fail	weak_fingerprint	filter
128	131	3	1	36	72	embedded	direct	true	fail	literal_matrix_subgroup	literal_matrix_subgroup
128	149	3	2	36	36	no_embedding	direct	true	fail	exhaustive_abstract_subgroup_filter	SmallGroups
128	150	3	2	36	36	no_embedding	direct	true	fail	exhaustive_abstract_subgroup_filter	SmallGroups
128	153	3	1	36	72	no_embedding	direct	true	fail	exhaustive_abstract_subgroup_filter	SmallGroups
128	154	3	1	36	72	no_embedding	direct	true	fail	exhaustive_abstract_subgroup_filter	SmallGroups
128	156	3	0	36	144	no_embedding	direct	true	fail	exhaustive_abstract_subgroup_filter	SmallGroups
129	1	2	0	48	524880	no_embedding	direct	true	fail	exponent	filter
129	3	2	0	48	15120	no_embedding	direct	true	fail	exponent	filter
129	4	2	0	48	23328	no_embedding	direct	true	fail	weak_fingerprint	filter
129	5	2	0	48	2160	no_embedding	direct	true	fail	weak_fingerprint	filter
129	6	2	0	48	2160	no_embedding	direct	true	fail	weak_fingerprint	filter
129	8	2	0	48	6480	no_embedding	direct	true	fail	exponent	filter
129	11	2	1	48	2160	no_embedding	direct	true	fail	exponent	filter
129	13	2	0	48	1008	no_embedding	direct	true	fail	exhaustive_abstract_subgroup_filter	SmallGroups
129	14	2	0	48	1008	no_embedding	direct	true	fail	exhaustive_abstract_subgroup_filter	SmallGroups
129	16	2	1	48	720	no_embedding	direct	true	fail	exhaustive_abstract_subgroup_filter	SmallGroups
129	19	2	1	48	432	no_embedding	direct	true	fail	exhaustive_abstract_subgroup_filter	SmallGroups
129	20	2	1	48	144	no_embedding	direct	true	fail	exhaustive_abstract_subgroup_filter	SmallGroups
129	26	2	1	48	432	no_embedding	direct	true	fail	exhaustive_abstract_subgroup_filter	SmallGroups
129	28	2	1	48	1296	no_embedding	direct	true	fail	exhaustive_abstract_subgroup_filter	SmallGroups
129	44	2	1	48	96	no_embedding	direct	true	fail	weak_fingerprint	filter
129	51	2	1	48	96	no_embedding	direct	true	fail	exhaustive_abstract_subgroup_filter	SmallGroups
129	93	2	1	48	144	embedded	direct	true	fail	found	A_strict
129	96	2	0	48	432	embedded	direct	true	fail	found	A_strict
129	151	2	1	48	48	no_embedding	direct	true	fail	exhaustive_abstract_subgroup_filter	SmallGroups
129	152	2	1	48	48	no_embedding	direct	true	fail	exhaustive_abstract_subgroup_filter	SmallGroups
129	155	2	0	48	96	no_embedding	direct	true	fail	exhaustive_abstract_subgroup_filter	SmallGroups
129	156	2	0	48	144	no_embedding	direct	true	fail	exhaustive_abstract_subgroup_filter	SmallGroups
130	1	2	0	72	524880	no_embedding	direct	true	fail	weak_fingerprint	filter
130	2	2	0	72	7560	no_embedding	direct	true	fail	weak_fingerprint	filter
130	3	2	0	72	15120	no_embedding	direct	true	fail	weak_fingerprint	filter
130	4	2	0	72	23328	no_embedding	direct	true	fail	weak_fingerprint	filter
130	5	2	0	72	2160	no_embedding	direct	true	fail	weak_fingerprint	filter
130	6	2	0	72	2160	no_embedding	direct	true	fail	weak_fingerprint	filter
130	8	2	0	72	6480	no_embedding	direct	true	fail	weak_fingerprint	filter
130	9	2	1	72	5832	no_embedding	direct	true	fail	weak_fingerprint	filter
130	10	2	1	72	1080	no_embedding	direct	true	fail	exhaustive_abstract_subgroup_filter	SmallGroups
130	11	2	1	72	2160	no_embedding	direct	true	fail	weak_fingerprint	filter
130	12	2	1	72	504	no_embedding	direct	true	fail	exhaustive_abstract_subgroup_filter	SmallGroups
130	13	2	0	72	1008	no_embedding	direct	true	fail	exhaustive_abstract_subgroup_filter	SmallGroups
130	14	2	0	72	1008	no_embedding	direct	true	fail	exhaustive_abstract_subgroup_filter	SmallGroups
130	15	2	1	72	360	no_embedding	direct	true	fail	exhaustive_abstract_subgroup_filter	SmallGroups
130	16	2	1	72	720	no_embedding	direct	true	fail	exhaustive_abstract_subgroup_filter	SmallGroups
130	17	2	1	72	216	no_embedding	direct	true	fail	exhaustive_abstract_subgroup_filter	SmallGroups
130	18	2	0	72	648	no_embedding	direct	true	fail	exhaustive_abstract_subgroup_filter	SmallGroups
130	19	2	1	72	432	no_embedding	direct	true	fail	exhaustive_abstract_subgroup_filter	SmallGroups
130	20	2	1	72	144	no_embedding	direct	true	fail	exhaustive_abstract_subgroup_filter	SmallGroups
130	22	2	1	72	5832	no_embedding	direct	true	fail	weak_fingerprint	filter
130	24	2	0	72	17496	embedded	transitive	false	95	verified_witness_composition	transitivity
130	26	2	1	72	432	no_embedding	direct	true	fail	exhaustive_abstract_subgroup_filter	SmallGroups
130	28	2	1	72	1296	no_embedding	direct	true	fail	weak_fingerprint	filter
130	32	2	1	72	1080	no_embedding	direct	true	fail	exhaustive_abstract_subgroup_filter	SmallGroups
130	36	2	1	72	648	no_embedding	direct	true	fail	exhaustive_abstract_subgroup_filter	SmallGroups
130	38	2	1	72	648	no_embedding	direct	true	fail	exhaustive_abstract_subgroup_filter	SmallGroups
130	50	2	1	72	72	no_embedding	direct	true	fail	exhaustive_abstract_subgroup_filter	SmallGroups
130	62	2	1	72	216	no_embedding	direct	true	fail	exhaustive_abstract_subgroup_filter	SmallGroups
130	93	2	1	72	144	no_embedding	direct	true	fail	exhaustive_abstract_subgroup_filter	SmallGroups
130	94	2	1	72	216	no_embedding	direct	true	fail	weak_fingerprint	filter
130	95	2	1	72	216	embedded	direct	true	fail	found	A_strict
130	96	2	0	72	432	no_embedding	direct	true	fail	weak_fingerprint	filter
130	131	2	1	72	72	no_embedding	direct	true	fail	weak_fingerprint	filter
130	153	2	1	72	72	no_embedding	direct	true	fail	exhaustive_abstract_subgroup_filter	SmallGroups
130	154	2	1	72	72	no_embedding	direct	true	fail	exhaustive_abstract_subgroup_filter	SmallGroups
130	156	2	0	72	144	no_embedding	direct	true	fail	exhaustive_abstract_subgroup_filter	SmallGroups
131	1	1	0	72	524880	no_embedding	direct	true	fail	weak_fingerprint	filter
131	2	1	0	72	7560	no_embedding	direct	true	fail	weak_fingerprint	filter
131	3	1	0	72	15120	no_embedding	direct	true	fail	weak_fingerprint	filter
131	4	1	0	72	23328	no_embedding	direct	true	fail	weak_fingerprint	filter
131	5	1	0	72	2160	no_embedding	direct	true	fail	weak_fingerprint	filter
131	6	1	0	72	2160	no_embedding	direct	true	fail	weak_fingerprint	filter
131	8	1	0	72	6480	no_embedding	direct	true	fail	weak_fingerprint	filter
131	13	1	0	72	1008	no_embedding	direct	true	fail	exhaustive_abstract_subgroup_filter	SmallGroups
131	14	1	0	72	1008	no_embedding	direct	true	fail	exhaustive_abstract_subgroup_filter	SmallGroups
131	18	1	0	72	648	no_embedding	direct	true	fail	exhaustive_abstract_subgroup_filter	SmallGroups
131	24	1	0	72	17496	embedded	direct	true	fail	found	subgroup_classes_full_aut
131	96	1	0	72	432	no_embedding	direct	true	fail	weak_fingerprint	filter
131	156	1	0	72	144	no_embedding	direct	true	fail	exhaustive_abstract_subgroup_filter	SmallGroups
132	1	20	0	3	524880	embedded	transitive	false	9	verified_witness_composition	transitivity
132	2	20	0	3	7560	embedded	transitive	false	10	verified_witness_composition	transitivity
132	3	20	0	3	15120	embedded	transitive	false	11	verified_witness_composition	transitivity
132	4	20	0	3	23328	embedded	transitive	false	9	verified_witness_composition	transitivity
132	5	20	0	3	2160	embedded	transitive	false	10	verified_witness_composition	transitivity
132	6	20	0	3	2160	embedded	transitive	false	10	verified_witness_composition	transitivity
132	7	20	0	3	5940	embedded	transitive	false	30	verified_witness_composition	transitivity
132	8	20	0	3	6480	embedded	transitive	false	16	verified_witness_composition	transitivity
132	9	20	1	3	5832	embedded	transitive	false	21	verified_witness_composition	transitivity
132	10	20	1	3	1080	embedded	direct	true	fail	literal_matrix_subgroup	literal_matrix_subgroup
132	11	20	1	3	2160	embedded	transitive	false	29	verified_witness_composition	transitivity
132	12	20	1	3	504	embedded	direct	true	fail	literal_matrix_subgroup	literal_matrix_subgroup
132	13	20	0	3	1008	embedded	direct	true	fail	literal_matrix_subgroup	literal_matrix_subgroup
132	14	20	0	3	1008	embedded	direct	true	fail	literal_matrix_subgroup	literal_matrix_subgroup
132	15	20	1	3	360	embedded	direct	true	fail	literal_matrix_subgroup	literal_matrix_subgroup
132	16	20	1	3	720	embedded	direct	true	fail	literal_matrix_subgroup	literal_matrix_subgroup
132	17	20	1	3	216	embedded	direct	true	fail	literal_matrix_subgroup	literal_matrix_subgroup
132	18	20	0	3	648	embedded	direct	true	fail	literal_matrix_subgroup	literal_matrix_subgroup
132	19	20	1	3	432	embedded	direct	true	fail	literal_matrix_subgroup	literal_matrix_subgroup
132	20	20	1	3	144	embedded	direct	true	fail	literal_matrix_subgroup	literal_matrix_subgroup
132	21	20	2	3	2916	embedded	transitive	false	52	verified_witness_composition	transitivity
132	22	20	1	3	5832	embedded	transitive	false	21	verified_witness_composition	transitivity
132	23	20	1	3	8748	embedded	transitive	false	21	verified_witness_composition	transitivity
132	24	20	0	3	17496	embedded	transitive	false	22	verified_witness_composition	transitivity
132	25	20	2	3	216	embedded	direct	true	fail	literal_matrix_subgroup	literal_matrix_subgroup
132	26	20	1	3	432	embedded	direct	true	fail	literal_matrix_subgroup	literal_matrix_subgroup
132	27	20	2	3	432	embedded	direct	true	fail	literal_matrix_subgroup	literal_matrix_subgroup
132	28	20	1	3	1296	embedded	direct	true	fail	literal_matrix_subgroup	literal_matrix_subgroup
132	29	20	2	3	180	embedded	direct	true	fail	literal_matrix_subgroup	literal_matrix_subgroup
132	30	20	1	3	540	embedded	direct	true	fail	literal_matrix_subgroup	literal_matrix_subgroup
132	31	20	2	3	360	embedded	direct	true	fail	literal_matrix_subgroup	literal_matrix_subgroup
132	32	20	1	3	1080	embedded	direct	true	fail	literal_matrix_subgroup	literal_matrix_subgroup
132	33	20	2	3	108	embedded	direct	true	fail	literal_matrix_subgroup	literal_matrix_subgroup
132	34	20	2	3	216	embedded	direct	true	fail	literal_matrix_subgroup	literal_matrix_subgroup
132	35	20	2	3	216	embedded	direct	true	fail	literal_matrix_subgroup	literal_matrix_subgroup
132	36	20	1	3	648	embedded	direct	true	fail	literal_matrix_subgroup	literal_matrix_subgroup
132	37	20	2	3	216	embedded	direct	true	fail	literal_matrix_subgroup	literal_matrix_subgroup
132	38	20	1	3	648	embedded	direct	true	fail	literal_matrix_subgroup	literal_matrix_subgroup
132	39	20	2	3	63	embedded	direct	true	fail	literal_matrix_subgroup	literal_matrix_subgroup
132	40	20	1	3	126	embedded	direct	true	fail	literal_matrix_subgroup	literal_matrix_subgroup
132	41	20	0	3	378	embedded	direct	true	fail	literal_matrix_subgroup	literal_matrix_subgroup
132	42	20	2	3	60	embedded	direct	true	fail	literal_matrix_subgroup	literal_matrix_subgroup
132	43	20	2	3	48	embedded	direct	true	fail	literal_matrix_subgroup	literal_matrix_subgroup
132	44	20	1	3	96	embedded	direct	true	fail	literal_matrix_subgroup	literal_matrix_subgroup
132	45	20	3	3	72	embedded	direct	true	fail	literal_matrix_subgroup	literal_matrix_subgroup
132	46	20	2	3	144	embedded	direct	true	fail	literal_matrix_subgroup	literal_matrix_subgroup
132	47	20	3	3	144	embedded	direct	true	fail	literal_matrix_subgroup	literal_matrix_subgroup
132	48	20	3	3	24	embedded	direct	true	fail	literal_matrix_subgroup	literal_matrix_subgroup
132	49	20	2	3	48	embedded	direct	true	fail	literal_matrix_subgroup	literal_matrix_subgroup
132	50	20	1	3	72	embedded	direct	true	fail	literal_matrix_subgroup	literal_matrix_subgroup
132	51	20	1	3	96	embedded	direct	true	fail	literal_matrix_subgroup	literal_matrix_subgroup
132	52	20	4	3	54	embedded	direct	true	fail	literal_matrix_subgroup	literal_matrix_subgroup
132	53	20	2	3	108	embedded	direct	true	fail	literal_matrix_subgroup	literal_matrix_subgroup
132	54	20	1	3	162	embedded	direct	true	fail	literal_matrix_subgroup	literal_matrix_subgroup
132	55	20	4	3	108	embedded	direct	true	fail	literal_matrix_subgroup	literal_matrix_subgroup
132	56	20	2	3	324	embedded	direct	true	fail	literal_matrix_subgroup	literal_matrix_subgroup
132	57	20	2	3	324	embedded	direct	true	fail	literal_matrix_subgroup	literal_matrix_subgroup
132	58	20	4	3	36	embedded	direct	true	fail	literal_matrix_subgroup	literal_matrix_subgroup
132	59	20	2	3	72	embedded	direct	true	fail	literal_matrix_subgroup	literal_matrix_subgroup
132	60	20	2	3	72	embedded	direct	true	fail	literal_matrix_subgroup	literal_matrix_subgroup
132	61	20	2	3	108	embedded	direct	true	fail	literal_matrix_subgroup	literal_matrix_subgroup
132	62	20	1	3	216	embedded	direct	true	fail	literal_matrix_subgroup	literal_matrix_subgroup
132	63	20	4	3	72	embedded	direct	true	fail	literal_matrix_subgroup	literal_matrix_subgroup
132	64	20	2	3	216	embedded	direct	true	fail	literal_matrix_subgroup	literal_matrix_subgroup
132	65	20	4	3	36	embedded	direct	true	fail	literal_matrix_subgroup	literal_matrix_subgroup
132	66	20	3	3	72	embedded	direct	true	fail	literal_matrix_subgroup	literal_matrix_subgroup
132	67	20	2	3	108	embedded	direct	true	fail	literal_matrix_subgroup	literal_matrix_subgroup
132	68	20	4	3	72	embedded	direct	true	fail	literal_matrix_subgroup	literal_matrix_subgroup
132	69	20	2	3	216	embedded	direct	true	fail	literal_matrix_subgroup	literal_matrix_subgroup
132	70	20	4	3	30	embedded	direct	true	fail	literal_matrix_subgroup	literal_matrix_subgroup
132	71	20	2	3	60	embedded	direct	true	fail	literal_matrix_subgroup	literal_matrix_subgroup
132	72	20	2	3	90	embedded	direct	true	fail	literal_matrix_subgroup	literal_matrix_subgroup
132	73	20	5	3	24	embedded	direct	true	fail	literal_matrix_subgroup	literal_matrix_subgroup
132	74	20	4	3	48	embedded	direct	true	fail	literal_matrix_subgroup	literal_matrix_subgroup
132	75	20	3	3	48	embedded	direct	true	fail	literal_matrix_subgroup	literal_matrix_subgroup
132	76	20	2	3	48	embedded	direct	true	fail	literal_matrix_subgroup	literal_matrix_subgroup
132	77	20	6	3	12	embedded	direct	true	fail	literal_matrix_subgroup	literal_matrix_subgroup
132	78	20	5	3	24	embedded	direct	true	fail	literal_matrix_subgroup	literal_matrix_subgroup
132	79	20	4	3	24	embedded	direct	true	fail	literal_matrix_subgroup	literal_matrix_subgroup
132	80	20	3	3	24	embedded	direct	true	fail	literal_matrix_subgroup	literal_matrix_subgroup
132	81	20	2	3	48	embedded	direct	true	fail	literal_matrix_subgroup	literal_matrix_subgroup
132	82	20	2	3	48	embedded	direct	true	fail	literal_matrix_subgroup	literal_matrix_subgroup
132	83	20	6	3	18	embedded	direct	true	fail	literal_matrix_subgroup	literal_matrix_subgroup
132	84	20	3	3	36	embedded	direct	true	fail	literal_matrix_subgroup	literal_matrix_subgroup
132	85	20	3	3	36	embedded	direct	true	fail	literal_matrix_subgroup	literal_matrix_subgroup
132	86	20	3	3	54	embedded	direct	true	fail	literal_matrix_subgroup	literal_matrix_subgroup
132	87	20	2	3	54	embedded	direct	true	fail	literal_matrix_subgroup	literal_matrix_subgroup
132	88	20	6	3	36	embedded	direct	true	fail	literal_matrix_subgroup	literal_matrix_subgroup
132	89	20	3	3	72	embedded	direct	true	fail	literal_matrix_subgroup	literal_matrix_subgroup
132	90	20	3	3	108	embedded	direct	true	fail	literal_matrix_subgroup	literal_matrix_subgroup
132	91	20	3	3	108	embedded	direct	true	fail	literal_matrix_subgroup	literal_matrix_subgroup
132	92	20	2	3	108	embedded	direct	true	fail	literal_matrix_subgroup	literal_matrix_subgroup
132	93	20	1	3	144	embedded	direct	true	fail	literal_matrix_subgroup	literal_matrix_subgroup
132	94	20	1	3	216	embedded	direct	true	fail	literal_matrix_subgroup	literal_matrix_subgroup
132	95	20	1	3	216	embedded	direct	true	fail	literal_matrix_subgroup	literal_matrix_subgroup
132	96	20	0	3	432	embedded	direct	true	fail	literal_matrix_subgroup	literal_matrix_subgroup
132	97	20	8	3	12	embedded	direct	true	fail	literal_matrix_subgroup	literal_matrix_subgroup
132	98	20	7	3	24	embedded	direct	true	fail	literal_matrix_subgroup	literal_matrix_subgroup
132	99	20	6	3	24	embedded	direct	true	fail	literal_matrix_subgroup	literal_matrix_subgroup
132	100	20	5	3	24	embedded	direct	true	fail	literal_matrix_subgroup	literal_matrix_subgroup
132	101	20	4	3	36	embedded	direct	true	fail	literal_matrix_subgroup	literal_matrix_subgroup
132	102	20	3	3	36	embedded	direct	true	fail	literal_matrix_subgroup	literal_matrix_subgroup
132	103	20	3	3	72	embedded	direct	true	fail	literal_matrix_subgroup	literal_matrix_subgroup
132	104	20	2	3	72	embedded	direct	true	fail	literal_matrix_subgroup	literal_matrix_subgroup
132	105	20	2	3	72	embedded	direct	true	fail	literal_matrix_subgroup	literal_matrix_subgroup
132	106	20	8	3	9	embedded	direct	true	fail	literal_matrix_subgroup	literal_matrix_subgroup
132	107	20	4	3	18	embedded	direct	true	fail	literal_matrix_subgroup	literal_matrix_subgroup
132	108	20	4	3	18	embedded	direct	true	fail	literal_matrix_subgroup	literal_matrix_subgroup
132	109	20	4	3	18	embedded	direct	true	fail	literal_matrix_subgroup	literal_matrix_subgroup
132	110	20	4	3	27	embedded	direct	true	fail	literal_matrix_subgroup	literal_matrix_subgroup
132	111	20	3	3	27	embedded	direct	true	fail	literal_matrix_subgroup	literal_matrix_subgroup
132	112	20	2	3	27	embedded	direct	true	fail	literal_matrix_subgroup	literal_matrix_subgroup
132	113	20	2	3	54	embedded	direct	true	fail	literal_matrix_subgroup	literal_matrix_subgroup
132	114	20	1	3	54	embedded	direct	true	fail	literal_matrix_subgroup	literal_matrix_subgroup
132	115	20	8	3	18	embedded	direct	true	fail	literal_matrix_subgroup	literal_matrix_subgroup
132	116	20	4	3	54	embedded	direct	true	fail	literal_matrix_subgroup	literal_matrix_subgroup
132	117	20	4	3	54	embedded	direct	true	fail	literal_matrix_subgroup	literal_matrix_subgroup
132	118	20	3	3	54	embedded	direct	true	fail	literal_matrix_subgroup	literal_matrix_subgroup
132	119	20	12	3	6	embedded	direct	true	fail	literal_matrix_subgroup	literal_matrix_subgroup
132	120	20	10	3	12	embedded	direct	true	fail	literal_matrix_subgroup	literal_matrix_subgroup
132	121	20	8	3	12	embedded	direct	true	fail	literal_matrix_subgroup	literal_matrix_subgroup
132	122	20	6	3	12	embedded	direct	true	fail	literal_matrix_subgroup	literal_matrix_subgroup
132	123	20	6	3	18	embedded	direct	true	fail	literal_matrix_subgroup	literal_matrix_subgroup
132	124	20	5	3	24	embedded	direct	true	fail	literal_matrix_subgroup	literal_matrix_subgroup
132	125	20	5	3	36	embedded	direct	true	fail	literal_matrix_subgroup	literal_matrix_subgroup
132	126	20	4	3	18	embedded	direct	true	fail	literal_matrix_subgroup	literal_matrix_subgroup
132	127	20	4	3	24	embedded	direct	true	fail	literal_matrix_subgroup	literal_matrix_subgroup
132	128	20	3	3	36	embedded	direct	true	fail	literal_matrix_subgroup	literal_matrix_subgroup
132	129	20	2	3	48	embedded	direct	true	fail	literal_matrix_subgroup	literal_matrix_subgroup
132	130	20	2	3	72	embedded	direct	true	fail	literal_matrix_subgroup	literal_matrix_subgroup
132	131	20	1	3	72	embedded	direct	true	fail	literal_matrix_subgroup	literal_matrix_subgroup
132	133	20	14	3	6	embedded	direct	true	fail	literal_matrix_subgroup	literal_matrix_subgroup
132	134	20	10	3	6	embedded	direct	true	fail	literal_matrix_subgroup	literal_matrix_subgroup
132	135	20	10	3	9	embedded	direct	true	fail	literal_matrix_subgroup	literal_matrix_subgroup
132	136	20	7	3	9	embedded	direct	true	fail	literal_matrix_subgroup	literal_matrix_subgroup
132	137	20	7	3	12	embedded	direct	true	fail	literal_matrix_subgroup	literal_matrix_subgroup
132	138	20	7	3	12	embedded	direct	true	fail	literal_matrix_subgroup	literal_matrix_subgroup
132	139	20	7	3	18	embedded	direct	true	fail	literal_matrix_subgroup	literal_matrix_subgroup
132	140	20	6	3	9	embedded	direct	true	fail	literal_matrix_subgroup	literal_matrix_subgroup
132	141	20	5	3	18	embedded	direct	true	fail	literal_matrix_subgroup	literal_matrix_subgroup
132	142	20	4	3	18	embedded	direct	true	fail	literal_matrix_subgroup	literal_matrix_subgroup
132	143	20	3	3	18	embedded	direct	true	fail	literal_matrix_subgroup	literal_matrix_subgroup
132	144	20	3	3	24	embedded	direct	true	fail	literal_matrix_subgroup	literal_matrix_subgroup
132	145	20	3	3	24	embedded	direct	true	fail	literal_matrix_subgroup	literal_matrix_subgroup
132	146	20	3	3	24	embedded	direct	true	fail	literal_matrix_subgroup	literal_matrix_subgroup
132	147	20	3	3	36	embedded	direct	true	fail	literal_matrix_subgroup	literal_matrix_subgroup
132	148	20	3	3	36	embedded	direct	true	fail	literal_matrix_subgroup	literal_matrix_subgroup
132	149	20	2	3	36	embedded	direct	true	fail	literal_matrix_subgroup	literal_matrix_subgroup
132	150	20	2	3	36	embedded	direct	true	fail	literal_matrix_subgroup	literal_matrix_subgroup
132	151	20	1	3	48	embedded	direct	true	fail	literal_matrix_subgroup	literal_matrix_subgroup
132	152	20	1	3	48	embedded	direct	true	fail	literal_matrix_subgroup	literal_matrix_subgroup
132	153	20	1	3	72	embedded	direct	true	fail	literal_matrix_subgroup	literal_matrix_subgroup
132	154	20	1	3	72	embedded	direct	true	fail	literal_matrix_subgroup	literal_matrix_subgroup
132	155	20	0	3	96	embedded	direct	true	fail	literal_matrix_subgroup	literal_matrix_subgroup
132	156	20	0	3	144	embedded	direct	true	fail	literal_matrix_subgroup	literal_matrix_subgroup
133	1	14	0	6	524880	embedded	transitive	false	9	verified_witness_composition	transitivity
133	2	14	0	6	7560	no_embedding	direct	true	fail	weak_fingerprint	filter
133	3	14	0	6	15120	embedded	transitive	false	11	verified_witness_composition	transitivity
133	4	14	0	6	23328	embedded	transitive	false	9	verified_witness_composition	transitivity
133	5	14	0	6	2160	no_embedding	direct	true	fail	weak_fingerprint	filter
133	6	14	0	6	2160	no_embedding	direct	true	fail	weak_fingerprint	filter
133	7	14	0	6	5940	no_embedding	direct	true	fail	weak_fingerprint	filter
133	8	14	0	6	6480	embedded	transitive	false	16	verified_witness_composition	transitivity
133	9	14	1	6	5832	embedded	transitive	false	21	verified_witness_composition	transitivity
133	10	14	1	6	1080	no_embedding	direct	true	fail	weak_fingerprint	filter
133	11	14	1	6	2160	embedded	transitive	false	31	verified_witness_composition	transitivity
133	12	14	1	6	504	no_embedding	direct	true	fail	weak_fingerprint	filter
133	13	14	0	6	1008	no_embedding	direct	true	fail	weak_fingerprint	filter
133	14	14	0	6	1008	no_embedding	direct	true	fail	weak_fingerprint	filter
133	15	14	1	6	360	no_embedding	direct	true	fail	weak_fingerprint	filter
133	16	14	1	6	720	embedded	direct	true	fail	found	A_strict
133	17	14	1	6	216	no_embedding	direct	true	fail	weak_fingerprint	filter
133	18	14	0	6	648	no_embedding	direct	true	fail	weak_fingerprint	filter
133	19	14	1	6	432	embedded	direct	true	fail	found	A_strict
133	20	14	1	6	144	no_embedding	direct	true	fail	weak_fingerprint	filter
133	21	14	2	6	2916	embedded	transitive	false	55	verified_witness_composition	transitivity
133	22	14	1	6	5832	embedded	transitive	false	21	verified_witness_composition	transitivity
133	23	14	1	6	8748	embedded	transitive	false	21	verified_witness_composition	transitivity
133	24	14	0	6	17496	embedded	transitive	false	22	verified_witness_composition	transitivity
133	25	14	2	6	216	no_embedding	direct	true	fail	weak_fingerprint	filter
133	26	14	1	6	432	embedded	direct	true	fail	found	A_strict
133	27	14	2	6	432	embedded	direct	true	fail	found	A_strict
133	28	14	1	6	1296	embedded	direct	true	fail	found	A_strict
133	29	14	2	6	180	no_embedding	direct	true	fail	weak_fingerprint	filter
133	30	14	1	6	540	no_embedding	direct	true	fail	weak_fingerprint	filter
133	31	14	2	6	360	embedded	direct	true	fail	found	A_strict
133	32	14	1	6	1080	embedded	direct	true	fail	found	A_strict
133	33	14	2	6	108	no_embedding	direct	true	fail	weak_fingerprint	filter
133	34	14	2	6	216	embedded	direct	true	fail	found	A_strict
133	35	14	2	6	216	embedded	direct	true	fail	found	A_strict
133	36	14	1	6	648	embedded	direct	true	fail	found	A_strict
133	37	14	2	6	216	embedded	direct	true	fail	found	A_strict
133	38	14	1	6	648	embedded	direct	true	fail	found	A_strict
133	40	14	1	6	126	no_embedding	direct	true	fail	weak_fingerprint	filter
133	41	14	0	6	378	no_embedding	direct	true	fail	weak_fingerprint	filter
133	42	14	2	6	60	no_embedding	direct	true	fail	weak_fingerprint	filter
133	43	14	2	6	48	no_embedding	direct	true	fail	weak_fingerprint	filter
133	44	14	1	6	96	embedded	direct	true	fail	found	A_strict
133	45	14	3	6	72	no_embedding	direct	true	fail	weak_fingerprint	filter
133	46	14	2	6	144	embedded	direct	true	fail	found	A_strict
133	47	14	3	6	144	embedded	direct	true	fail	found	A_strict
133	48	14	3	6	24	no_embedding	direct	true	fail	weak_fingerprint	filter
133	49	14	2	6	48	embedded	direct	true	fail	found	A_strict
133	50	14	1	6	72	no_embedding	direct	true	fail	weak_fingerprint	filter
133	51	14	1	6	96	embedded	direct	true	fail	found	A_strict
133	52	14	4	6	54	no_embedding	direct	true	fail	weak_fingerprint	filter
133	53	14	2	6	108	no_embedding	direct	true	fail	weak_fingerprint	filter
133	54	14	1	6	162	no_embedding	direct	true	fail	weak_fingerprint	filter
133	55	14	4	6	108	embedded	direct	true	fail	found	A_strict
133	56	14	2	6	324	embedded	direct	true	fail	found	A_strict
133	57	14	2	6	324	embedded	direct	true	fail	found	A_strict
133	58	14	4	6	36	no_embedding	direct	true	fail	weak_fingerprint	filter
133	59	14	2	6	72	embedded	direct	true	fail	literal_matrix_subgroup	literal_matrix_subgroup
133	60	14	2	6	72	embedded	direct	true	fail	found	A_strict
133	61	14	2	6	108	no_embedding	direct	true	fail	weak_fingerprint	filter
133	62	14	1	6	216	embedded	direct	true	fail	literal_matrix_subgroup	literal_matrix_subgroup
133	63	14	4	6	72	embedded	direct	true	fail	found	A_strict
133	64	14	2	6	216	embedded	direct	true	fail	found	A_strict
133	65	14	4	6	36	no_embedding	direct	true	fail	weak_fingerprint	filter
133	66	14	3	6	72	embedded	direct	true	fail	found	A_strict
133	67	14	2	6	108	no_embedding	direct	true	fail	weak_fingerprint	filter
133	68	14	4	6	72	embedded	direct	true	fail	found	A_strict
133	69	14	2	6	216	embedded	direct	true	fail	found	A_strict
133	70	14	4	6	30	no_embedding	direct	true	fail	weak_fingerprint	filter
133	71	14	2	6	60	embedded	direct	true	fail	found	A_strict
133	72	14	2	6	90	no_embedding	direct	true	fail	weak_fingerprint	filter
133	73	14	5	6	24	no_embedding	direct	true	fail	weak_fingerprint	filter
133	74	14	4	6	48	embedded	direct	true	fail	literal_matrix_subgroup	literal_matrix_subgroup
133	75	14	3	6	48	embedded	direct	true	fail	found	A_strict
133	76	14	2	6	48	no_embedding	direct	true	fail	weak_fingerprint	filter
133	77	14	6	6	12	no_embedding	direct	true	fail	weak_fingerprint	filter
133	78	14	5	6	24	embedded	direct	true	fail	found	A_strict
133	79	14	4	6	24	embedded	direct	true	fail	found	A_strict
133	80	14	3	6	24	no_embedding	direct	true	fail	weak_fingerprint	filter
133	81	14	2	6	48	embedded	direct	true	fail	found	A_strict
133	82	14	2	6	48	embedded	direct	true	fail	found	A_strict
133	83	14	6	6	18	no_embedding	direct	true	fail	weak_fingerprint	filter
133	84	14	3	6	36	no_embedding	direct	true	fail	weak_fingerprint	filter
133	85	14	3	6	36	embedded	direct	true	fail	found	A_strict
133	86	14	3	6	54	no_embedding	direct	true	fail	weak_fingerprint	filter
133	87	14	2	6	54	no_embedding	direct	true	fail	weak_fingerprint	filter
133	88	14	6	6	36	embedded	direct	true	fail	found	A_strict
133	89	14	3	6	72	embedded	direct	true	fail	found	A_strict
133	90	14	3	6	108	embedded	direct	true	fail	found	A_strict
133	91	14	3	6	108	embedded	direct	true	fail	found	A_strict
133	92	14	2	6	108	embedded	direct	true	fail	found	A_strict
133	93	14	1	6	144	embedded	direct	true	fail	found	A_strict
133	94	14	1	6	216	embedded	direct	true	fail	found	A_strict
133	95	14	1	6	216	embedded	direct	true	fail	found	A_strict
133	96	14	0	6	432	embedded	direct	true	fail	found	A_strict
133	97	14	8	6	12	no_embedding	direct	true	fail	weak_fingerprint	filter
133	98	14	7	6	24	embedded	direct	true	fail	literal_matrix_subgroup	literal_matrix_subgroup
133	99	14	6	6	24	embedded	direct	true	fail	found	A_strict
133	100	14	5	6	24	embedded	direct	true	fail	found	A_strict
133	101	14	4	6	36	no_embedding	direct	true	fail	weak_fingerprint	filter
133	102	14	3	6	36	no_embedding	direct	true	fail	weak_fingerprint	filter
133	103	14	3	6	72	embedded	direct	true	fail	found	A_strict
133	104	14	2	6	72	embedded	direct	true	fail	found	A_strict
133	105	14	2	6	72	embedded	direct	true	fail	literal_matrix_subgroup	literal_matrix_subgroup
133	107	14	4	6	18	no_embedding	direct	true	fail	weak_fingerprint	filter
133	108	14	4	6	18	embedded	direct	true	fail	found	A_strict
133	109	14	4	6	18	no_embedding	direct	true	fail	weak_fingerprint	filter
133	113	14	2	6	54	embedded	direct	true	fail	found	A_strict
133	114	14	1	6	54	no_embedding	direct	true	fail	weak_fingerprint	filter
133	115	14	8	6	18	embedded	direct	true	fail	found	A_strict
133	116	14	4	6	54	embedded	direct	true	fail	found	A_strict
133	117	14	4	6	54	embedded	direct	true	fail	found	A_strict
133	118	14	3	6	54	embedded	direct	true	fail	found	A_strict
133	119	14	12	6	6	no_embedding	direct	true	fail	weak_fingerprint	filter
133	120	14	10	6	12	embedded	direct	true	fail	found	A_strict
133	121	14	8	6	12	embedded	direct	true	fail	found	A_strict
133	122	14	6	6	12	no_embedding	direct	true	fail	weak_fingerprint	filter
133	123	14	6	6	18	no_embedding	direct	true	fail	weak_fingerprint	filter
133	124	14	5	6	24	embedded	direct	true	fail	found	A_strict
133	125	14	5	6	36	embedded	direct	true	fail	found	A_strict
133	126	14	4	6	18	no_embedding	direct	true	fail	weak_fingerprint	filter
133	127	14	4	6	24	embedded	direct	true	fail	found	A_strict
133	128	14	3	6	36	embedded	direct	true	fail	found	A_strict
133	129	14	2	6	48	embedded	direct	true	fail	found	A_strict
133	130	14	2	6	72	embedded	direct	true	fail	found	A_strict
133	131	14	1	6	72	embedded	direct	true	fail	found	A_strict
133	134	14	10	6	6	no_embedding	direct	true	fail	weak_fingerprint	filter
133	137	14	7	6	12	embedded	direct	true	fail	found	A_strict
133	138	14	7	6	12	embedded	direct	true	fail	found	A_strict
133	139	14	7	6	18	embedded	direct	true	fail	found	A_strict
133	141	14	5	6	18	embedded	direct	true	fail	found	A_strict
133	142	14	4	6	18	embedded	direct	true	fail	found	A_strict
133	143	14	3	6	18	no_embedding	direct	true	fail	weak_fingerprint	filter
133	144	14	3	6	24	embedded	direct	true	fail	found	A_strict
133	145	14	3	6	24	embedded	direct	true	fail	found	A_strict
133	146	14	3	6	24	embedded	direct	true	fail	found	A_strict
133	147	14	3	6	36	embedded	direct	true	fail	found	A_strict
133	148	14	3	6	36	embedded	direct	true	fail	found	A_strict
133	149	14	2	6	36	embedded	direct	true	fail	found	A_strict
133	150	14	2	6	36	embedded	direct	true	fail	found	A_strict
133	151	14	1	6	48	embedded	direct	true	fail	found	A_strict
133	152	14	1	6	48	embedded	direct	true	fail	found	A_strict
133	153	14	1	6	72	embedded	direct	true	fail	found	A_strict
133	154	14	1	6	72	embedded	direct	true	fail	found	A_strict
133	155	14	0	6	96	embedded	direct	true	fail	found	A_strict
133	156	14	0	6	144	embedded	direct	true	fail	found	A_strict
134	1	10	0	6	524880	embedded	transitive	false	9	verified_witness_composition	transitivity
134	2	10	0	6	7560	no_embedding	direct	true	fail	weak_fingerprint	filter
134	3	10	0	6	15120	embedded	transitive	false	11	verified_witness_composition	transitivity
134	4	10	0	6	23328	embedded	transitive	false	9	verified_witness_composition	transitivity
134	5	10	0	6	2160	no_embedding	direct	true	fail	weak_fingerprint	filter
134	6	10	0	6	2160	no_embedding	direct	true	fail	weak_fingerprint	filter
134	7	10	0	6	5940	no_embedding	direct	true	fail	weak_fingerprint	filter
134	8	10	0	6	6480	embedded	transitive	false	16	verified_witness_composition	transitivity
134	9	10	1	6	5832	embedded	transitive	false	34	verified_witness_composition	transitivity
134	10	10	1	6	1080	no_embedding	direct	true	fail	weak_fingerprint	filter
134	11	10	1	6	2160	embedded	transitive	false	34	verified_witness_composition	transitivity
134	12	10	1	6	504	no_embedding	direct	true	fail	weak_fingerprint	filter
134	13	10	0	6	1008	embedded	direct	true	fail	found	A_strict
134	14	10	0	6	1008	embedded	direct	true	fail	found	A_strict
134	15	10	1	6	360	no_embedding	direct	true	fail	weak_fingerprint	filter
134	16	10	1	6	720	embedded	direct	true	fail	found	A_strict
134	17	10	1	6	216	no_embedding	direct	true	fail	weak_fingerprint	filter
134	18	10	0	6	648	no_embedding	direct	true	fail	weak_fingerprint	filter
134	19	10	1	6	432	embedded	direct	true	fail	found	A_strict
134	20	10	1	6	144	no_embedding	direct	true	fail	weak_fingerprint	filter
134	21	10	2	6	2916	no_embedding	direct	true	fail	weak_fingerprint	filter
134	22	10	1	6	5832	no_embedding	direct	true	fail	weak_fingerprint	filter
134	23	10	1	6	8748	no_embedding	direct	true	fail	weak_fingerprint	filter
134	24	10	0	6	17496	no_embedding	direct	true	fail	weak_fingerprint	filter
134	25	10	2	6	216	no_embedding	direct	true	fail	weak_fingerprint	filter
134	26	10	1	6	432	embedded	direct	true	fail	found	A_strict
134	27	10	2	6	432	embedded	direct	true	fail	found	A_strict
134	28	10	1	6	1296	embedded	direct	true	fail	found	A_strict
134	29	10	2	6	180	no_embedding	direct	true	fail	weak_fingerprint	filter
134	30	10	1	6	540	no_embedding	direct	true	fail	weak_fingerprint	filter
134	31	10	2	6	360	no_embedding	direct	true	fail	weak_fingerprint	filter
134	32	10	1	6	1080	no_embedding	direct	true	fail	weak_fingerprint	filter
134	33	10	2	6	108	no_embedding	direct	true	fail	weak_fingerprint	filter
134	34	10	2	6	216	embedded	direct	true	fail	found	A_strict
134	35	10	2	6	216	embedded	direct	true	fail	found	A_strict
134	36	10	1	6	648	embedded	direct	true	fail	found	A_strict
134	37	10	2	6	216	no_embedding	direct	true	fail	weak_fingerprint	filter
134	38	10	1	6	648	no_embedding	direct	true	fail	weak_fingerprint	filter
134	40	10	1	6	126	embedded	direct	true	fail	found	A_strict
134	41	10	0	6	378	embedded	direct	true	fail	found	A_strict
134	42	10	2	6	60	no_embedding	direct	true	fail	weak_fingerprint	filter
134	43	10	2	6	48	no_embedding	direct	true	fail	weak_fingerprint	filter
134	44	10	1	6	96	embedded	direct	true	fail	found	A_strict
134	45	10	3	6	72	no_embedding	direct	true	fail	weak_fingerprint	filter
134	46	10	2	6	144	embedded	direct	true	fail	found	A_strict
134	47	10	3	6	144	embedded	direct	true	fail	found	A_strict
134	48	10	3	6	24	no_embedding	direct	true	fail	weak_fingerprint	filter
134	49	10	2	6	48	embedded	direct	true	fail	found	A_strict
134	50	10	1	6	72	no_embedding	direct	true	fail	weak_fingerprint	filter
134	51	10	1	6	96	embedded	direct	true	fail	found	A_strict
134	52	10	4	6	54	no_embedding	direct	true	fail	weak_fingerprint	filter
134	53	10	2	6	108	embedded	direct	true	fail	found	A_strict
134	54	10	1	6	162	no_embedding	direct	true	fail	weak_fingerprint	filter
134	55	10	4	6	108	no_embedding	direct	true	fail	weak_fingerprint	filter
134	56	10	2	6	324	no_embedding	direct	true	fail	weak_fingerprint	filter
134	57	10	2	6	324	no_embedding	direct	true	fail	weak_fingerprint	filter
134	58	10	4	6	36	no_embedding	direct	true	fail	weak_fingerprint	filter
134	59	10	2	6	72	no_embedding	direct	true	fail	weak_fingerprint	filter
134	60	10	2	6	72	embedded	direct	true	fail	found	A_strict
134	61	10	2	6	108	no_embedding	direct	true	fail	weak_fingerprint	filter
134	62	10	1	6	216	no_embedding	direct	true	fail	weak_fingerprint	filter
134	63	10	4	6	72	embedded	direct	true	fail	found	A_strict
134	64	10	2	6	216	embedded	direct	true	fail	found	A_strict
134	65	10	4	6	36	no_embedding	direct	true	fail	weak_fingerprint	filter
134	66	10	3	6	72	embedded	direct	true	fail	found	A_strict
134	67	10	2	6	108	no_embedding	direct	true	fail	weak_fingerprint	filter
134	68	10	4	6	72	no_embedding	direct	true	fail	weak_fingerprint	filter
134	69	10	2	6	216	no_embedding	direct	true	fail	weak_fingerprint	filter
134	70	10	4	6	30	no_embedding	direct	true	fail	weak_fingerprint	filter
134	71	10	2	6	60	embedded	direct	true	fail	found	A_strict
134	72	10	2	6	90	no_embedding	direct	true	fail	weak_fingerprint	filter
134	73	10	5	6	24	no_embedding	direct	true	fail	weak_fingerprint	filter
134	74	10	4	6	48	embedded	direct	true	fail	found	A_strict
134	75	10	3	6	48	no_embedding	direct	true	fail	weak_fingerprint	filter
134	76	10	2	6	48	embedded	direct	true	fail	found	A_strict
134	77	10	6	6	12	no_embedding	direct	true	fail	weak_fingerprint	filter
134	78	10	5	6	24	embedded	direct	true	fail	found	A_strict
134	79	10	4	6	24	no_embedding	direct	true	fail	weak_fingerprint	filter
134	80	10	3	6	24	embedded	direct	true	fail	found	A_strict
134	81	10	2	6	48	no_embedding	direct	true	fail	weak_fingerprint	filter
134	82	10	2	6	48	no_embedding	direct	true	fail	weak_fingerprint	filter
134	83	10	6	6	18	no_embedding	direct	true	fail	weak_fingerprint	filter
134	84	10	3	6	36	embedded	direct	true	fail	found	A_strict
134	85	10	3	6	36	embedded	direct	true	fail	found	A_strict
134	86	10	3	6	54	no_embedding	direct	true	fail	weak_fingerprint	filter
134	87	10	2	6	54	no_embedding	direct	true	fail	weak_fingerprint	filter
134	88	10	6	6	36	no_embedding	direct	true	fail	weak_fingerprint	filter
134	89	10	3	6	72	no_embedding	direct	true	fail	weak_fingerprint	filter
134	90	10	3	6	108	no_embedding	direct	true	fail	weak_fingerprint	filter
134	91	10	3	6	108	no_embedding	direct	true	fail	weak_fingerprint	filter
134	92	10	2	6	108	no_embedding	direct	true	fail	weak_fingerprint	filter
134	93	10	1	6	144	no_embedding	direct	true	fail	weak_fingerprint	filter
134	94	10	1	6	216	no_embedding	direct	true	fail	weak_fingerprint	filter
134	95	10	1	6	216	no_embedding	direct	true	fail	weak_fingerprint	filter
134	96	10	0	6	432	no_embedding	direct	true	fail	weak_fingerprint	filter
134	97	10	8	6	12	no_embedding	direct	true	fail	weak_fingerprint	filter
134	98	10	7	6	24	embedded	direct	true	fail	found	A_strict
134	99	10	6	6	24	no_embedding	direct	true	fail	weak_fingerprint	filter
134	100	10	5	6	24	embedded	direct	true	fail	literal_matrix_subgroup	literal_matrix_subgroup
134	101	10	4	6	36	no_embedding	direct	true	fail	weak_fingerprint	filter
134	102	10	3	6	36	no_embedding	direct	true	fail	weak_fingerprint	filter
134	103	10	3	6	72	no_embedding	direct	true	fail	weak_fingerprint	filter
134	104	10	2	6	72	embedded	direct	true	fail	found	A_strict
134	105	10	2	6	72	embedded	direct	true	fail	found	A_strict
134	107	10	4	6	18	embedded	direct	true	fail	found	A_strict
134	108	10	4	6	18	no_embedding	direct	true	fail	weak_fingerprint	filter
134	109	10	4	6	18	embedded	direct	true	fail	found	A_strict
134	113	10	2	6	54	no_embedding	direct	true	fail	weak_fingerprint	filter
134	114	10	1	6	54	embedded	direct	true	fail	found	A_strict
134	115	10	8	6	18	no_embedding	direct	true	fail	weak_fingerprint	filter
134	116	10	4	6	54	no_embedding	direct	true	fail	weak_fingerprint	filter
134	117	10	4	6	54	no_embedding	direct	true	fail	weak_fingerprint	filter
134	118	10	3	6	54	no_embedding	direct	true	fail	weak_fingerprint	filter
134	121	10	8	6	12	embedded	direct	true	fail	found	A_strict
134	122	10	6	6	12	embedded	direct	true	fail	found	A_strict
134	123	10	6	6	18	no_embedding	direct	true	fail	weak_fingerprint	filter
134	124	10	5	6	24	no_embedding	direct	true	fail	weak_fingerprint	filter
134	125	10	5	6	36	no_embedding	direct	true	fail	weak_fingerprint	filter
134	126	10	4	6	18	no_embedding	direct	true	fail	weak_fingerprint	filter
134	127	10	4	6	24	embedded	direct	true	fail	found	A_strict
134	128	10	3	6	36	no_embedding	direct	true	fail	weak_fingerprint	filter
134	129	10	2	6	48	no_embedding	direct	true	fail	weak_fingerprint	filter
134	130	10	2	6	72	no_embedding	direct	true	fail	weak_fingerprint	filter
134	131	10	1	6	72	no_embedding	direct	true	fail	weak_fingerprint	filter
134	137	10	7	6	12	no_embedding	direct	true	fail	weak_fingerprint	filter
134	138	10	7	6	12	no_embedding	direct	true	fail	weak_fingerprint	filter
134	139	10	7	6	18	no_embedding	direct	true	fail	weak_fingerprint	filter
134	141	10	5	6	18	no_embedding	direct	true	fail	weak_fingerprint	filter
134	142	10	4	6	18	no_embedding	direct	true	fail	weak_fingerprint	filter
134	143	10	3	6	18	embedded	direct	true	fail	found	A_strict
134	144	10	3	6	24	no_embedding	direct	true	fail	weak_fingerprint	filter
134	145	10	3	6	24	no_embedding	direct	true	fail	weak_fingerprint	filter
134	146	10	3	6	24	no_embedding	direct	true	fail	weak_fingerprint	filter
134	147	10	3	6	36	no_embedding	direct	true	fail	weak_fingerprint	filter
134	148	10	3	6	36	no_embedding	direct	true	fail	weak_fingerprint	filter
134	149	10	2	6	36	no_embedding	direct	true	fail	weak_fingerprint	filter
134	150	10	2	6	36	no_embedding	direct	true	fail	weak_fingerprint	filter
134	151	10	1	6	48	no_embedding	direct	true	fail	weak_fingerprint	filter
134	152	10	1	6	48	no_embedding	direct	true	fail	weak_fingerprint	filter
134	153	10	1	6	72	no_embedding	direct	true	fail	weak_fingerprint	filter
134	154	10	1	6	72	no_embedding	direct	true	fail	weak_fingerprint	filter
134	155	10	0	6	96	no_embedding	direct	true	fail	weak_fingerprint	filter
134	156	10	0	6	144	no_embedding	direct	true	fail	weak_fingerprint	filter
135	1	10	0	9	524880	embedded	transitive	false	23	verified_witness_composition	transitivity
135	2	10	0	9	7560	no_embedding	direct	true	fail	weak_fingerprint	filter
135	3	10	0	9	15120	no_embedding	direct	true	fail	weak_fingerprint	filter
135	4	10	0	9	23328	no_embedding	direct	true	fail	weak_fingerprint	filter
135	5	10	0	9	2160	no_embedding	direct	true	fail	weak_fingerprint	filter
135	6	10	0	9	2160	no_embedding	direct	true	fail	weak_fingerprint	filter
135	7	10	0	9	5940	embedded	transitive	false	30	verified_witness_composition	transitivity
135	8	10	0	9	6480	embedded	transitive	false	28	verified_witness_composition	transitivity
135	9	10	1	9	5832	no_embedding	direct	true	fail	weak_fingerprint	filter
135	10	10	1	9	1080	no_embedding	direct	true	fail	weak_fingerprint	filter
135	11	10	1	9	2160	no_embedding	direct	true	fail	weak_fingerprint	filter
135	12	10	1	9	504	no_embedding	direct	true	fail	weak_fingerprint	filter
135	13	10	0	9	1008	no_embedding	direct	true	fail	weak_fingerprint	filter
135	14	10	0	9	1008	no_embedding	direct	true	fail	weak_fingerprint	filter
135	15	10	1	9	360	no_embedding	direct	true	fail	weak_fingerprint	filter
135	16	10	1	9	720	no_embedding	direct	true	fail	weak_fingerprint	filter
135	17	10	1	9	216	no_embedding	direct	true	fail	weak_fingerprint	filter
135	18	10	0	9	648	no_embedding	direct	true	fail	weak_fingerprint	filter
135	19	10	1	9	432	no_embedding	direct	true	fail	weak_fingerprint	filter
135	20	10	1	9	144	no_embedding	direct	true	fail	weak_fingerprint	filter
135	21	10	2	9	2916	no_embedding	direct	true	fail	weak_fingerprint	filter
135	22	10	1	9	5832	no_embedding	direct	true	fail	weak_fingerprint	filter
135	23	10	1	9	8748	embedded	transitive	false	56	verified_witness_composition	transitivity
135	24	10	0	9	17496	embedded	transitive	false	23	verified_witness_composition	transitivity
135	25	10	2	9	216	no_embedding	direct	true	fail	weak_fingerprint	filter
135	26	10	1	9	432	no_embedding	direct	true	fail	weak_fingerprint	filter
135	27	10	2	9	432	no_embedding	direct	true	fail	weak_fingerprint	filter
135	28	10	1	9	1296	embedded	direct	true	fail	found	A_strict
135	29	10	2	9	180	no_embedding	direct	true	fail	weak_fingerprint	filter
135	30	10	1	9	540	embedded	direct	true	fail	found	A_strict
135	31	10	2	9	360	no_embedding	direct	true	fail	weak_fingerprint	filter
135	32	10	1	9	1080	embedded	direct	true	fail	found	A_strict
135	33	10	2	9	108	no_embedding	direct	true	fail	weak_fingerprint	filter
135	34	10	2	9	216	no_embedding	direct	true	fail	weak_fingerprint	filter
135	35	10	2	9	216	no_embedding	direct	true	fail	weak_fingerprint	filter
135	36	10	1	9	648	embedded	direct	true	fail	found	A_strict
135	37	10	2	9	216	no_embedding	direct	true	fail	weak_fingerprint	filter
135	38	10	1	9	648	embedded	direct	true	fail	found	A_strict
135	39	10	2	9	63	no_embedding	direct	true	fail	weak_fingerprint	filter
135	40	10	1	9	126	no_embedding	direct	true	fail	weak_fingerprint	filter
135	41	10	0	9	378	no_embedding	direct	true	fail	weak_fingerprint	filter
135	45	10	3	9	72	no_embedding	direct	true	fail	weak_fingerprint	filter
135	46	10	2	9	144	no_embedding	direct	true	fail	weak_fingerprint	filter
135	47	10	3	9	144	no_embedding	direct	true	fail	weak_fingerprint	filter
135	50	10	1	9	72	no_embedding	direct	true	fail	weak_fingerprint	filter
135	52	10	4	9	54	no_embedding	direct	true	fail	weak_fingerprint	filter
135	53	10	2	9	108	no_embedding	direct	true	fail	weak_fingerprint	filter
135	54	10	1	9	162	no_embedding	direct	true	fail	weak_fingerprint	filter
135	55	10	4	9	108	no_embedding	direct	true	fail	weak_fingerprint	filter
135	56	10	2	9	324	embedded	direct	true	fail	found	A_strict
135	57	10	2	9	324	embedded	direct	true	fail	found	A_strict
135	58	10	4	9	36	no_embedding	direct	true	fail	weak_fingerprint	filter
135	59	10	2	9	72	no_embedding	direct	true	fail	weak_fingerprint	filter
135	60	10	2	9	72	no_embedding	direct	true	fail	weak_fingerprint	filter
135	61	10	2	9	108	embedded	direct	true	fail	found	A_strict
135	62	10	1	9	216	embedded	direct	true	fail	found	A_strict
135	63	10	4	9	72	no_embedding	direct	true	fail	weak_fingerprint	filter
135	64	10	2	9	216	embedded	direct	true	fail	found	A_strict
135	65	10	4	9	36	no_embedding	direct	true	fail	weak_fingerprint	filter
135	66	10	3	9	72	no_embedding	direct	true	fail	weak_fingerprint	filter
135	67	10	2	9	108	embedded	direct	true	fail	found	A_strict
135	68	10	4	9	72	no_embedding	direct	true	fail	weak_fingerprint	filter
135	69	10	2	9	216	embedded	direct	true	fail	found	A_strict
135	72	10	2	9	90	embedded	direct	true	fail	found	A_strict
135	83	10	6	9	18	no_embedding	direct	true	fail	weak_fingerprint	filter
135	84	10	3	9	36	no_embedding	direct	true	fail	weak_fingerprint	filter
135	85	10	3	9	36	no_embedding	direct	true	fail	weak_fingerprint	filter
135	86	10	3	9	54	embedded	direct	true	fail	found	A_strict
135	87	10	2	9	54	no_embedding	direct	true	fail	weak_fingerprint	filter
135	88	10	6	9	36	no_embedding	direct	true	fail	weak_fingerprint	filter
135	89	10	3	9	72	no_embedding	direct	true	fail	weak_fingerprint	filter
135	90	10	3	9	108	embedded	direct	true	fail	found	A_strict
135	91	10	3	9	108	embedded	direct	true	fail	found	A_strict
135	92	10	2	9	108	no_embedding	direct	true	fail	weak_fingerprint	filter
135	93	10	1	9	144	no_embedding	direct	true	fail	weak_fingerprint	filter
135	94	10	1	9	216	embedded	direct	true	fail	found	A_strict
135	95	10	1	9	216	embedded	direct	true	fail	found	A_strict
135	96	10	0	9	432	embedded	direct	true	fail	found	A_strict
135	101	10	4	9	36	embedded	direct	true	fail	found	A_strict
135	102	10	3	9	36	no_embedding	direct	true	fail	weak_fingerprint	filter
135	103	10	3	9	72	embedded	direct	true	fail	found	A_strict
135	104	10	2	9	72	no_embedding	direct	true	fail	weak_fingerprint	filter
135	105	10	2	9	72	no_embedding	direct	true	fail	exhaustive_abstract_subgroup_filter	SmallGroups
135	106	10	8	9	9	no_embedding	direct	true	fail	weak_fingerprint	filter
135	107	10	4	9	18	no_embedding	direct	true	fail	weak_fingerprint	filter
135	108	10	4	9	18	no_embedding	direct	true	fail	weak_fingerprint	filter
135	109	10	4	9	18	no_embedding	direct	true	fail	weak_fingerprint	filter
135	110	10	4	9	27	embedded	direct	true	fail	found	A_strict
135	111	10	3	9	27	no_embedding	direct	true	fail	weak_fingerprint	filter
135	112	10	2	9	27	no_embedding	direct	true	fail	weak_fingerprint	filter
135	113	10	2	9	54	embedded	direct	true	fail	found	A_strict
135	114	10	1	9	54	no_embedding	direct	true	fail	weak_fingerprint	filter
135	115	10	8	9	18	no_embedding	direct	true	fail	weak_fingerprint	filter
135	116	10	4	9	54	embedded	direct	true	fail	found	A_strict
135	117	10	4	9	54	embedded	direct	true	fail	found	A_strict
135	118	10	3	9	54	no_embedding	direct	true	fail	weak_fingerprint	filter
135	123	10	6	9	18	embedded	direct	true	fail	literal_matrix_subgroup	literal_matrix_subgroup
135	125	10	5	9	36	embedded	direct	true	fail	literal_matrix_subgroup	literal_matrix_subgroup
135	126	10	4	9	18	no_embedding	direct	true	fail	weak_fingerprint	filter
135	128	10	3	9	36	no_embedding	direct	true	fail	weak_fingerprint	filter
135	130	10	2	9	72	embedded	direct	true	fail	literal_matrix_subgroup	literal_matrix_subgroup
135	131	10	1	9	72	no_embedding	direct	true	fail	weak_fingerprint	filter
135	136	10	7	9	9	no_embedding	direct	true	fail	weak_fingerprint	filter
135	139	10	7	9	18	embedded	direct	true	fail	found	A_strict
135	140	10	6	9	9	no_embedding	direct	true	fail	exhaustive_abstract_subgroup_filter	SmallGroups
135	141	10	5	9	18	no_embedding	direct	true	fail	weak_fingerprint	filter
135	142	10	4	9	18	no_embedding	direct	true	fail	weak_fingerprint	filter
135	143	10	3	9	18	no_embedding	direct	true	fail	exhaustive_abstract_subgroup_filter	SmallGroups
135	147	10	3	9	36	embedded	direct	true	fail	found	A_strict
135	148	10	3	9	36	embedded	direct	true	fail	found	A_strict
135	149	10	2	9	36	no_embedding	direct	true	fail	weak_fingerprint	filter
135	150	10	2	9	36	no_embedding	direct	true	fail	weak_fingerprint	filter
135	153	10	1	9	72	embedded	direct	true	fail	found	A_strict
135	154	10	1	9	72	embedded	direct	true	fail	found	A_strict
135	156	10	0	9	144	embedded	direct	true	fail	found	A_strict
136	1	7	0	9	524880	embedded	transitive	false	23	verified_witness_composition	transitivity
136	2	7	0	9	7560	no_embedding	direct	true	fail	weak_fingerprint	filter
136	3	7	0	9	15120	no_embedding	direct	true	fail	weak_fingerprint	filter
136	4	7	0	9	23328	no_embedding	direct	true	fail	weak_fingerprint	filter
136	5	7	0	9	2160	no_embedding	direct	true	fail	weak_fingerprint	filter
136	6	7	0	9	2160	no_embedding	direct	true	fail	weak_fingerprint	filter
136	7	7	0	9	5940	embedded	transitive	false	30	verified_witness_composition	transitivity
136	8	7	0	9	6480	embedded	transitive	false	28	verified_witness_composition	transitivity
136	9	7	1	9	5832	no_embedding	direct	true	fail	weak_fingerprint	filter
136	10	7	1	9	1080	no_embedding	direct	true	fail	weak_fingerprint	filter
136	11	7	1	9	2160	no_embedding	direct	true	fail	weak_fingerprint	filter
136	12	7	1	9	504	no_embedding	direct	true	fail	weak_fingerprint	filter
136	13	7	0	9	1008	no_embedding	direct	true	fail	weak_fingerprint	filter
136	14	7	0	9	1008	no_embedding	direct	true	fail	weak_fingerprint	filter
136	15	7	1	9	360	no_embedding	direct	true	fail	weak_fingerprint	filter
136	16	7	1	9	720	no_embedding	direct	true	fail	weak_fingerprint	filter
136	17	7	1	9	216	no_embedding	direct	true	fail	weak_fingerprint	filter
136	18	7	0	9	648	embedded	direct	true	fail	found	A_strict
136	19	7	1	9	432	no_embedding	direct	true	fail	weak_fingerprint	filter
136	20	7	1	9	144	no_embedding	direct	true	fail	weak_fingerprint	filter
136	21	7	2	9	2916	no_embedding	direct	true	fail	weak_fingerprint	filter
136	22	7	1	9	5832	no_embedding	direct	true	fail	weak_fingerprint	filter
136	23	7	1	9	8748	embedded	transitive	false	56	verified_witness_composition	transitivity
136	24	7	0	9	17496	embedded	transitive	false	23	verified_witness_composition	transitivity
136	25	7	2	9	216	no_embedding	direct	true	fail	weak_fingerprint	filter
136	26	7	1	9	432	no_embedding	direct	true	fail	weak_fingerprint	filter
136	27	7	2	9	432	no_embedding	direct	true	fail	weak_fingerprint	filter
136	28	7	1	9	1296	embedded	direct	true	fail	found	A_strict
136	29	7	2	9	180	no_embedding	direct	true	fail	weak_fingerprint	filter
136	30	7	1	9	540	embedded	direct	true	fail	found	A_strict
136	31	7	2	9	360	no_embedding	direct	true	fail	weak_fingerprint	filter
136	32	7	1	9	1080	embedded	direct	true	fail	found	A_strict
136	33	7	2	9	108	no_embedding	direct	true	fail	weak_fingerprint	filter
136	34	7	2	9	216	no_embedding	direct	true	fail	weak_fingerprint	filter
136	35	7	2	9	216	no_embedding	direct	true	fail	weak_fingerprint	filter
136	36	7	1	9	648	embedded	direct	true	fail	found	A_strict
136	37	7	2	9	216	no_embedding	direct	true	fail	weak_fingerprint	filter
136	38	7	1	9	648	embedded	direct	true	fail	found	A_strict
136	39	7	2	9	63	no_embedding	direct	true	fail	weak_fingerprint	filter
136	40	7	1	9	126	no_embedding	direct	true	fail	weak_fingerprint	filter
136	41	7	0	9	378	no_embedding	direct	true	fail	weak_fingerprint	filter
136	45	7	3	9	72	no_embedding	direct	true	fail	weak_fingerprint	filter
136	46	7	2	9	144	no_embedding	direct	true	fail	weak_fingerprint	filter
136	47	7	3	9	144	no_embedding	direct	true	fail	weak_fingerprint	filter
136	50	7	1	9	72	embedded	direct	true	fail	found	A_strict
136	52	7	4	9	54	no_embedding	direct	true	fail	weak_fingerprint	filter
136	53	7	2	9	108	no_embedding	direct	true	fail	weak_fingerprint	filter
136	54	7	1	9	162	embedded	direct	true	fail	found	A_strict
136	55	7	4	9	108	no_embedding	direct	true	fail	weak_fingerprint	filter
136	56	7	2	9	324	embedded	direct	true	fail	found	A_strict
136	57	7	2	9	324	embedded	direct	true	fail	found	A_strict
136	58	7	4	9	36	no_embedding	direct	true	fail	weak_fingerprint	filter
136	59	7	2	9	72	no_embedding	direct	true	fail	weak_fingerprint	filter
136	60	7	2	9	72	no_embedding	direct	true	fail	weak_fingerprint	filter
136	61	7	2	9	108	embedded	direct	true	fail	found	A_strict
136	62	7	1	9	216	embedded	direct	true	fail	found	A_strict
136	63	7	4	9	72	no_embedding	direct	true	fail	weak_fingerprint	filter
136	64	7	2	9	216	no_embedding	direct	true	fail	weak_fingerprint	filter
136	65	7	4	9	36	no_embedding	direct	true	fail	weak_fingerprint	filter
136	66	7	3	9	72	no_embedding	direct	true	fail	weak_fingerprint	filter
136	67	7	2	9	108	embedded	direct	true	fail	found	A_strict
136	68	7	4	9	72	no_embedding	direct	true	fail	weak_fingerprint	filter
136	69	7	2	9	216	embedded	direct	true	fail	found	A_strict
136	72	7	2	9	90	no_embedding	direct	true	fail	weak_fingerprint	filter
136	83	7	6	9	18	no_embedding	direct	true	fail	weak_fingerprint	filter
136	84	7	3	9	36	no_embedding	direct	true	fail	weak_fingerprint	filter
136	85	7	3	9	36	no_embedding	direct	true	fail	weak_fingerprint	filter
136	86	7	3	9	54	embedded	direct	true	fail	found	A_strict
136	87	7	2	9	54	embedded	direct	true	fail	found	A_strict
136	88	7	6	9	36	no_embedding	direct	true	fail	weak_fingerprint	filter
136	89	7	3	9	72	no_embedding	direct	true	fail	weak_fingerprint	filter
136	90	7	3	9	108	no_embedding	direct	true	fail	weak_fingerprint	filter
136	91	7	3	9	108	embedded	direct	true	fail	found	A_strict
136	92	7	2	9	108	embedded	direct	true	fail	found	A_strict
136	93	7	1	9	144	no_embedding	direct	true	fail	weak_fingerprint	filter
136	94	7	1	9	216	no_embedding	direct	true	fail	weak_fingerprint	filter
136	95	7	1	9	216	embedded	direct	true	fail	found	A_strict
136	96	7	0	9	432	no_embedding	direct	true	fail	weak_fingerprint	filter
136	101	7	4	9	36	no_embedding	direct	true	fail	weak_fingerprint	filter
136	102	7	3	9	36	embedded	direct	true	fail	found	A_strict
136	103	7	3	9	72	no_embedding	direct	true	fail	weak_fingerprint	filter
136	104	7	2	9	72	embedded	direct	true	fail	found	A_strict
136	105	7	2	9	72	no_embedding	direct	true	fail	exhaustive_abstract_subgroup_filter	SmallGroups
136	107	7	4	9	18	no_embedding	direct	true	fail	weak_fingerprint	filter
136	108	7	4	9	18	no_embedding	direct	true	fail	weak_fingerprint	filter
136	109	7	4	9	18	no_embedding	direct	true	fail	weak_fingerprint	filter
136	110	7	4	9	27	embedded	direct	true	fail	found	A_strict
136	111	7	3	9	27	embedded	direct	true	fail	found	A_strict
136	112	7	2	9	27	no_embedding	direct	true	fail	weak_fingerprint	filter
136	113	7	2	9	54	embedded	direct	true	fail	found	A_strict
136	114	7	1	9	54	no_embedding	direct	true	fail	weak_fingerprint	filter
136	116	7	4	9	54	no_embedding	direct	true	fail	weak_fingerprint	filter
136	117	7	4	9	54	embedded	direct	true	fail	found	A_strict
136	118	7	3	9	54	embedded	direct	true	fail	found	A_strict
136	123	7	6	9	18	no_embedding	direct	true	fail	weak_fingerprint	filter
136	125	7	5	9	36	no_embedding	direct	true	fail	weak_fingerprint	filter
136	126	7	4	9	18	embedded	direct	true	fail	literal_matrix_subgroup	literal_matrix_subgroup
136	128	7	3	9	36	embedded	direct	true	fail	found	A_strict
136	130	7	2	9	72	no_embedding	direct	true	fail	weak_fingerprint	filter
136	131	7	1	9	72	embedded	direct	true	fail	found	A_strict
136	140	7	6	9	9	no_embedding	direct	true	fail	exhaustive_abstract_subgroup_filter	SmallGroups
136	141	7	5	9	18	embedded	direct	true	fail	found	A_strict
136	142	7	4	9	18	embedded	direct	true	fail	found	A_strict
136	143	7	3	9	18	no_embedding	direct	true	fail	exhaustive_abstract_subgroup_filter	SmallGroups
136	147	7	3	9	36	no_embedding	direct	true	fail	weak_fingerprint	filter
136	148	7	3	9	36	no_embedding	direct	true	fail	weak_fingerprint	filter
136	149	7	2	9	36	embedded	direct	true	fail	found	A_strict
136	150	7	2	9	36	embedded	direct	true	fail	found	A_strict
136	153	7	1	9	72	no_embedding	direct	true	fail	weak_fingerprint	filter
136	154	7	1	9	72	no_embedding	direct	true	fail	weak_fingerprint	filter
136	156	7	0	9	144	no_embedding	direct	true	fail	weak_fingerprint	filter
137	1	7	0	12	524880	no_embedding	direct	true	fail	weak_fingerprint	filter
137	2	7	0	12	7560	no_embedding	direct	true	fail	weak_fingerprint	filter
137	3	7	0	12	15120	no_embedding	direct	true	fail	weak_fingerprint	filter
137	4	7	0	12	23328	embedded	transitive	false	22	verified_witness_composition	transitivity
137	5	7	0	12	2160	no_embedding	direct	true	fail	weak_fingerprint	filter
137	6	7	0	12	2160	no_embedding	direct	true	fail	weak_fingerprint	filter
137	7	7	0	12	5940	no_embedding	direct	true	fail	exponent	filter
137	8	7	0	12	6480	no_embedding	direct	true	fail	weak_fingerprint	filter
137	9	7	1	12	5832	no_embedding	direct	true	fail	weak_fingerprint	filter
137	10	7	1	12	1080	no_embedding	direct	true	fail	weak_fingerprint	filter
137	11	7	1	12	2160	no_embedding	direct	true	fail	weak_fingerprint	filter
137	12	7	1	12	504	no_embedding	direct	true	fail	weak_fingerprint	filter
137	13	7	0	12	1008	no_embedding	direct	true	fail	weak_fingerprint	filter
137	14	7	0	12	1008	no_embedding	direct	true	fail	weak_fingerprint	filter
137	15	7	1	12	360	no_embedding	direct	true	fail	weak_fingerprint	filter
137	16	7	1	12	720	no_embedding	direct	true	fail	weak_fingerprint	filter
137	17	7	1	12	216	no_embedding	direct	true	fail	weak_fingerprint	filter
137	18	7	0	12	648	no_embedding	direct	true	fail	weak_fingerprint	filter
137	19	7	1	12	432	no_embedding	direct	true	fail	weak_fingerprint	filter
137	20	7	1	12	144	no_embedding	direct	true	fail	weak_fingerprint	filter
137	21	7	2	12	2916	no_embedding	direct	true	fail	exponent	filter
137	22	7	1	12	5832	embedded	transitive	false	89	verified_witness_composition	transitivity
137	23	7	1	12	8748	no_embedding	direct	true	fail	exponent	filter
137	24	7	0	12	17496	embedded	transitive	false	22	verified_witness_composition	transitivity
137	25	7	2	12	216	no_embedding	direct	true	fail	weak_fingerprint	filter
137	26	7	1	12	432	no_embedding	direct	true	fail	weak_fingerprint	filter
137	27	7	2	12	432	no_embedding	direct	true	fail	weak_fingerprint	filter
137	28	7	1	12	1296	no_embedding	direct	true	fail	weak_fingerprint	filter
137	29	7	2	12	180	no_embedding	direct	true	fail	exhaustive_abstract_subgroup_filter	SmallGroups
137	30	7	1	12	540	no_embedding	direct	true	fail	exhaustive_abstract_subgroup_filter	SmallGroups
137	31	7	2	12	360	no_embedding	direct	true	fail	weak_fingerprint	filter
137	32	7	1	12	1080	no_embedding	direct	true	fail	weak_fingerprint	filter
137	33	7	2	12	108	no_embedding	direct	true	fail	weak_fingerprint	filter
137	34	7	2	12	216	no_embedding	direct	true	fail	weak_fingerprint	filter
137	35	7	2	12	216	no_embedding	direct	true	fail	exhaustive_abstract_subgroup_filter	SmallGroups
137	36	7	1	12	648	no_embedding	direct	true	fail	exhaustive_abstract_subgroup_filter	SmallGroups
137	37	7	2	12	216	no_embedding	direct	true	fail	weak_fingerprint	filter
137	38	7	1	12	648	no_embedding	direct	true	fail	weak_fingerprint	filter
137	42	7	2	12	60	no_embedding	direct	true	fail	weak_fingerprint	filter
137	43	7	2	12	48	no_embedding	direct	true	fail	weak_fingerprint	filter
137	44	7	1	12	96	no_embedding	direct	true	fail	weak_fingerprint	filter
137	45	7	3	12	72	no_embedding	direct	true	fail	weak_fingerprint	filter
137	46	7	2	12	144	no_embedding	direct	true	fail	weak_fingerprint	filter
137	47	7	3	12	144	no_embedding	direct	true	fail	weak_fingerprint	filter
137	48	7	3	12	24	no_embedding	direct	true	fail	weak_fingerprint	filter
137	49	7	2	12	48	no_embedding	direct	true	fail	weak_fingerprint	filter
137	50	7	1	12	72	no_embedding	direct	true	fail	weak_fingerprint	filter
137	51	7	1	12	96	embedded	direct	true	fail	found	A_strict
137	53	7	2	12	108	no_embedding	direct	true	fail	exhaustive_abstract_subgroup_filter	SmallGroups
137	55	7	4	12	108	no_embedding	direct	true	fail	exhaustive_abstract_subgroup_filter	SmallGroups
137	56	7	2	12	324	no_embedding	direct	true	fail	exhaustive_abstract_subgroup_filter	SmallGroups
137	57	7	2	12	324	no_embedding	direct	true	fail	exhaustive_abstract_subgroup_filter	SmallGroups
137	58	7	4	12	36	no_embedding	direct	true	fail	exhaustive_abstract_subgroup_filter	SmallGroups
137	59	7	2	12	72	no_embedding	direct	true	fail	weak_fingerprint	filter
137	60	7	2	12	72	no_embedding	direct	true	fail	exhaustive_abstract_subgroup_filter	SmallGroups
137	61	7	2	12	108	no_embedding	direct	true	fail	exhaustive_abstract_subgroup_filter	SmallGroups
137	62	7	1	12	216	no_embedding	direct	true	fail	weak_fingerprint	filter
137	63	7	4	12	72	no_embedding	direct	true	fail	exhaustive_abstract_subgroup_filter	SmallGroups
137	64	7	2	12	216	no_embedding	direct	true	fail	exhaustive_abstract_subgroup_filter	SmallGroups
137	65	7	4	12	36	no_embedding	direct	true	fail	exhaustive_abstract_subgroup_filter	SmallGroups
137	66	7	3	12	72	no_embedding	direct	true	fail	exhaustive_abstract_subgroup_filter	SmallGroups
137	67	7	2	12	108	no_embedding	direct	true	fail	exhaustive_abstract_subgroup_filter	SmallGroups
137	68	7	4	12	72	no_embedding	direct	true	fail	weak_fingerprint	filter
137	69	7	2	12	216	no_embedding	direct	true	fail	weak_fingerprint	filter
137	71	7	2	12	60	no_embedding	direct	true	fail	exhaustive_abstract_subgroup_filter	SmallGroups
137	73	7	5	12	24	no_embedding	direct	true	fail	weak_fingerprint	filter
137	74	7	4	12	48	no_embedding	direct	true	fail	weak_fingerprint	filter
137	75	7	3	12	48	no_embedding	direct	true	fail	weak_fingerprint	filter
137	76	7	2	12	48	no_embedding	direct	true	fail	weak_fingerprint	filter
137	77	7	6	12	12	no_embedding	direct	true	fail	weak_fingerprint	filter
137	78	7	5	12	24	no_embedding	direct	true	fail	weak_fingerprint	filter
137	79	7	4	12	24	no_embedding	direct	true	fail	weak_fingerprint	filter
137	80	7	3	12	24	no_embedding	direct	true	fail	weak_fingerprint	filter
137	81	7	2	12	48	embedded	direct	true	fail	found	A_strict
137	82	7	2	12	48	no_embedding	direct	true	fail	weak_fingerprint	filter
137	84	7	3	12	36	no_embedding	direct	true	fail	exhaustive_abstract_subgroup_filter	SmallGroups
137	85	7	3	12	36	no_embedding	direct	true	fail	exhaustive_abstract_subgroup_filter	SmallGroups
137	88	7	6	12	36	no_embedding	direct	true	fail	exhaustive_abstract_subgroup_filter	SmallGroups
137	89	7	3	12	72	embedded	direct	true	fail	found	A_strict
137	90	7	3	12	108	no_embedding	direct	true	fail	exhaustive_abstract_subgroup_filter	SmallGroups
137	91	7	3	12	108	no_embedding	direct	true	fail	exhaustive_abstract_subgroup_filter	SmallGroups
137	92	7	2	12	108	no_embedding	direct	true	fail	exhaustive_abstract_subgroup_filter	SmallGroups
137	93	7	1	12	144	embedded	direct	true	fail	found	A_strict
137	94	7	1	12	216	embedded	direct	true	fail	found	A_strict
137	95	7	1	12	216	embedded	direct	true	fail	found	A_strict
137	96	7	0	12	432	embedded	direct	true	fail	found	A_strict
137	99	7	6	12	24	no_embedding	direct	true	fail	weak_fingerprint	filter
137	100	7	5	12	24	no_embedding	direct	true	fail	exhaustive_abstract_subgroup_filter	SmallGroups
137	101	7	4	12	36	no_embedding	direct	true	fail	exhaustive_abstract_subgroup_filter	SmallGroups
137	102	7	3	12	36	no_embedding	direct	true	fail	exhaustive_abstract_subgroup_filter	SmallGroups
137	103	7	3	12	72	no_embedding	direct	true	fail	weak_fingerprint	filter
137	104	7	2	12	72	no_embedding	direct	true	fail	exhaustive_abstract_subgroup_filter	SmallGroups
137	105	7	2	12	72	no_embedding	direct	true	fail	exhaustive_abstract_subgroup_filter	SmallGroups
137	122	7	6	12	12	no_embedding	direct	true	fail	exhaustive_abstract_subgroup_filter	SmallGroups
137	124	7	5	12	24	embedded	direct	true	fail	found	A_strict
137	125	7	5	12	36	no_embedding	direct	true	fail	exhaustive_abstract_subgroup_filter	SmallGroups
137	127	7	4	12	24	no_embedding	direct	true	fail	weak_fingerprint	filter
137	128	7	3	12	36	no_embedding	direct	true	fail	exhaustive_abstract_subgroup_filter	SmallGroups
137	129	7	2	12	48	embedded	direct	true	fail	found	A_strict
137	130	7	2	12	72	embedded	direct	true	fail	found	A_strict
137	131	7	1	12	72	embedded	direct	true	fail	found	A_strict
137	144	7	3	12	24	embedded	direct	true	fail	literal_matrix_subgroup	literal_matrix_subgroup
137	145	7	3	12	24	embedded	direct	true	fail	literal_matrix_subgroup	literal_matrix_subgroup
137	146	7	3	12	24	no_embedding	direct	true	fail	weak_fingerprint	filter
137	147	7	3	12	36	embedded	direct	true	fail	literal_matrix_subgroup	literal_matrix_subgroup
137	148	7	3	12	36	no_embedding	direct	true	fail	weak_fingerprint	filter
137	149	7	2	12	36	embedded	direct	true	fail	literal_matrix_subgroup	literal_matrix_subgroup
137	150	7	2	12	36	no_embedding	direct	true	fail	weak_fingerprint	filter
137	151	7	1	12	48	embedded	direct	true	fail	literal_matrix_subgroup	literal_matrix_subgroup
137	152	7	1	12	48	embedded	direct	true	fail	literal_matrix_subgroup	literal_matrix_subgroup
137	153	7	1	12	72	embedded	direct	true	fail	literal_matrix_subgroup	literal_matrix_subgroup
137	154	7	1	12	72	no_embedding	direct	true	fail	weak_fingerprint	filter
137	155	7	0	12	96	embedded	direct	true	fail	literal_matrix_subgroup	literal_matrix_subgroup
137	156	7	0	12	144	embedded	direct	true	fail	literal_matrix_subgroup	literal_matrix_subgroup
138	1	7	0	12	524880	no_embedding	direct	true	fail	weak_fingerprint	filter
138	2	7	0	12	7560	no_embedding	direct	true	fail	weak_fingerprint	filter
138	3	7	0	12	15120	no_embedding	direct	true	fail	weak_fingerprint	filter
138	4	7	0	12	23328	embedded	transitive	false	22	verified_witness_composition	transitivity
138	5	7	0	12	2160	no_embedding	direct	true	fail	weak_fingerprint	filter
138	6	7	0	12	2160	no_embedding	direct	true	fail	weak_fingerprint	filter
138	7	7	0	12	5940	no_embedding	direct	true	fail	exponent	filter
138	8	7	0	12	6480	no_embedding	direct	true	fail	weak_fingerprint	filter
138	9	7	1	12	5832	no_embedding	direct	true	fail	weak_fingerprint	filter
138	10	7	1	12	1080	no_embedding	direct	true	fail	weak_fingerprint	filter
138	11	7	1	12	2160	no_embedding	direct	true	fail	weak_fingerprint	filter
138	12	7	1	12	504	no_embedding	direct	true	fail	weak_fingerprint	filter
138	13	7	0	12	1008	no_embedding	direct	true	fail	weak_fingerprint	filter
138	14	7	0	12	1008	no_embedding	direct	true	fail	weak_fingerprint	filter
138	15	7	1	12	360	no_embedding	direct	true	fail	weak_fingerprint	filter
138	16	7	1	12	720	no_embedding	direct	true	fail	weak_fingerprint	filter
138	17	7	1	12	216	no_embedding	direct	true	fail	weak_fingerprint	filter
138	18	7	0	12	648	no_embedding	direct	true	fail	weak_fingerprint	filter
138	19	7	1	12	432	no_embedding	direct	true	fail	weak_fingerprint	filter
138	20	7	1	12	144	no_embedding	direct	true	fail	weak_fingerprint	filter
138	21	7	2	12	2916	no_embedding	direct	true	fail	exponent	filter
138	22	7	1	12	5832	embedded	transitive	false	89	verified_witness_composition	transitivity
138	23	7	1	12	8748	no_embedding	direct	true	fail	exponent	filter
138	24	7	0	12	17496	embedded	transitive	false	22	verified_witness_composition	transitivity
138	25	7	2	12	216	no_embedding	direct	true	fail	weak_fingerprint	filter
138	26	7	1	12	432	no_embedding	direct	true	fail	weak_fingerprint	filter
138	27	7	2	12	432	no_embedding	direct	true	fail	weak_fingerprint	filter
138	28	7	1	12	1296	no_embedding	direct	true	fail	weak_fingerprint	filter
138	29	7	2	12	180	no_embedding	direct	true	fail	exhaustive_abstract_subgroup_filter	SmallGroups
138	30	7	1	12	540	no_embedding	direct	true	fail	exhaustive_abstract_subgroup_filter	SmallGroups
138	31	7	2	12	360	no_embedding	direct	true	fail	weak_fingerprint	filter
138	32	7	1	12	1080	no_embedding	direct	true	fail	weak_fingerprint	filter
138	33	7	2	12	108	no_embedding	direct	true	fail	weak_fingerprint	filter
138	34	7	2	12	216	no_embedding	direct	true	fail	weak_fingerprint	filter
138	35	7	2	12	216	no_embedding	direct	true	fail	exhaustive_abstract_subgroup_filter	SmallGroups
138	36	7	1	12	648	no_embedding	direct	true	fail	exhaustive_abstract_subgroup_filter	SmallGroups
138	37	7	2	12	216	no_embedding	direct	true	fail	weak_fingerprint	filter
138	38	7	1	12	648	no_embedding	direct	true	fail	weak_fingerprint	filter
138	42	7	2	12	60	no_embedding	direct	true	fail	weak_fingerprint	filter
138	43	7	2	12	48	no_embedding	direct	true	fail	weak_fingerprint	filter
138	44	7	1	12	96	no_embedding	direct	true	fail	weak_fingerprint	filter
138	45	7	3	12	72	no_embedding	direct	true	fail	weak_fingerprint	filter
138	46	7	2	12	144	no_embedding	direct	true	fail	weak_fingerprint	filter
138	47	7	3	12	144	no_embedding	direct	true	fail	weak_fingerprint	filter
138	48	7	3	12	24	no_embedding	direct	true	fail	weak_fingerprint	filter
138	49	7	2	12	48	no_embedding	direct	true	fail	weak_fingerprint	filter
138	50	7	1	12	72	no_embedding	direct	true	fail	weak_fingerprint	filter
138	51	7	1	12	96	embedded	direct	true	fail	found	A_strict
138	53	7	2	12	108	no_embedding	direct	true	fail	exhaustive_abstract_subgroup_filter	SmallGroups
138	55	7	4	12	108	no_embedding	direct	true	fail	exhaustive_abstract_subgroup_filter	SmallGroups
138	56	7	2	12	324	no_embedding	direct	true	fail	exhaustive_abstract_subgroup_filter	SmallGroups
138	57	7	2	12	324	no_embedding	direct	true	fail	exhaustive_abstract_subgroup_filter	SmallGroups
138	58	7	4	12	36	no_embedding	direct	true	fail	exhaustive_abstract_subgroup_filter	SmallGroups
138	59	7	2	12	72	no_embedding	direct	true	fail	weak_fingerprint	filter
138	60	7	2	12	72	no_embedding	direct	true	fail	exhaustive_abstract_subgroup_filter	SmallGroups
138	61	7	2	12	108	no_embedding	direct	true	fail	exhaustive_abstract_subgroup_filter	SmallGroups
138	62	7	1	12	216	no_embedding	direct	true	fail	weak_fingerprint	filter
138	63	7	4	12	72	no_embedding	direct	true	fail	exhaustive_abstract_subgroup_filter	SmallGroups
138	64	7	2	12	216	no_embedding	direct	true	fail	exhaustive_abstract_subgroup_filter	SmallGroups
138	65	7	4	12	36	no_embedding	direct	true	fail	exhaustive_abstract_subgroup_filter	SmallGroups
138	66	7	3	12	72	no_embedding	direct	true	fail	exhaustive_abstract_subgroup_filter	SmallGroups
138	67	7	2	12	108	no_embedding	direct	true	fail	exhaustive_abstract_subgroup_filter	SmallGroups
138	68	7	4	12	72	no_embedding	direct	true	fail	weak_fingerprint	filter
138	69	7	2	12	216	no_embedding	direct	true	fail	weak_fingerprint	filter
138	71	7	2	12	60	no_embedding	direct	true	fail	exhaustive_abstract_subgroup_filter	SmallGroups
138	73	7	5	12	24	no_embedding	direct	true	fail	weak_fingerprint	filter
138	74	7	4	12	48	no_embedding	direct	true	fail	weak_fingerprint	filter
138	75	7	3	12	48	no_embedding	direct	true	fail	weak_fingerprint	filter
138	76	7	2	12	48	no_embedding	direct	true	fail	weak_fingerprint	filter
138	77	7	6	12	12	no_embedding	direct	true	fail	weak_fingerprint	filter
138	78	7	5	12	24	no_embedding	direct	true	fail	weak_fingerprint	filter
138	79	7	4	12	24	no_embedding	direct	true	fail	weak_fingerprint	filter
138	80	7	3	12	24	no_embedding	direct	true	fail	weak_fingerprint	filter
138	81	7	2	12	48	embedded	direct	true	fail	found	A_strict
138	82	7	2	12	48	no_embedding	direct	true	fail	weak_fingerprint	filter
138	84	7	3	12	36	no_embedding	direct	true	fail	exhaustive_abstract_subgroup_filter	SmallGroups
138	85	7	3	12	36	no_embedding	direct	true	fail	exhaustive_abstract_subgroup_filter	SmallGroups
138	88	7	6	12	36	no_embedding	direct	true	fail	exhaustive_abstract_subgroup_filter	SmallGroups
138	89	7	3	12	72	embedded	direct	true	fail	found	A_strict
138	90	7	3	12	108	no_embedding	direct	true	fail	exhaustive_abstract_subgroup_filter	SmallGroups
138	91	7	3	12	108	no_embedding	direct	true	fail	exhaustive_abstract_subgroup_filter	SmallGroups
138	92	7	2	12	108	no_embedding	direct	true	fail	exhaustive_abstract_subgroup_filter	SmallGroups
138	93	7	1	12	144	embedded	direct	true	fail	found	A_strict
138	94	7	1	12	216	embedded	direct	true	fail	found	A_strict
138	95	7	1	12	216	embedded	direct	true	fail	found	A_strict
138	96	7	0	12	432	embedded	direct	true	fail	found	A_strict
138	99	7	6	12	24	no_embedding	direct	true	fail	weak_fingerprint	filter
138	100	7	5	12	24	no_embedding	direct	true	fail	exhaustive_abstract_subgroup_filter	SmallGroups
138	101	7	4	12	36	no_embedding	direct	true	fail	exhaustive_abstract_subgroup_filter	SmallGroups
138	102	7	3	12	36	no_embedding	direct	true	fail	exhaustive_abstract_subgroup_filter	SmallGroups
138	103	7	3	12	72	no_embedding	direct	true	fail	weak_fingerprint	filter
138	104	7	2	12	72	no_embedding	direct	true	fail	exhaustive_abstract_subgroup_filter	SmallGroups
138	105	7	2	12	72	no_embedding	direct	true	fail	exhaustive_abstract_subgroup_filter	SmallGroups
138	122	7	6	12	12	no_embedding	direct	true	fail	exhaustive_abstract_subgroup_filter	SmallGroups
138	124	7	5	12	24	embedded	direct	true	fail	found	A_strict
138	125	7	5	12	36	no_embedding	direct	true	fail	exhaustive_abstract_subgroup_filter	SmallGroups
138	127	7	4	12	24	embedded	direct	true	fail	found	A_strict
138	128	7	3	12	36	no_embedding	direct	true	fail	exhaustive_abstract_subgroup_filter	SmallGroups
138	129	7	2	12	48	embedded	direct	true	fail	found	A_strict
138	130	7	2	12	72	embedded	direct	true	fail	found	A_strict
138	131	7	1	12	72	embedded	direct	true	fail	found	A_strict
138	144	7	3	12	24	no_embedding	direct	true	fail	weak_fingerprint	filter
138	145	7	3	12	24	no_embedding	direct	true	fail	weak_fingerprint	filter
138	146	7	3	12	24	embedded	direct	true	fail	found	A_strict
138	147	7	3	12	36	no_embedding	direct	true	fail	weak_fingerprint	filter
138	148	7	3	12	36	embedded	direct	true	fail	literal_matrix_subgroup	literal_matrix_subgroup
138	149	7	2	12	36	no_embedding	direct	true	fail	weak_fingerprint	filter
138	150	7	2	12	36	embedded	direct	true	fail	literal_matrix_subgroup	literal_matrix_subgroup
138	151	7	1	12	48	no_embedding	direct	true	fail	weak_fingerprint	filter
138	152	7	1	12	48	no_embedding	direct	true	fail	weak_fingerprint	filter
138	153	7	1	12	72	no_embedding	direct	true	fail	weak_fingerprint	filter
138	154	7	1	12	72	embedded	direct	true	fail	found	A_strict
138	155	7	0	12	96	no_embedding	direct	true	fail	weak_fingerprint	filter
138	156	7	0	12	144	no_embedding	direct	true	fail	weak_fingerprint	filter
139	1	7	0	18	524880	embedded	transitive	false	23	verified_witness_composition	transitivity
139	2	7	0	18	7560	no_embedding	direct	true	fail	weak_fingerprint	filter
139	3	7	0	18	15120	no_embedding	direct	true	fail	weak_fingerprint	filter
139	4	7	0	18	23328	no_embedding	direct	true	fail	weak_fingerprint	filter
139	5	7	0	18	2160	no_embedding	direct	true	fail	weak_fingerprint	filter
139	6	7	0	18	2160	no_embedding	direct	true	fail	weak_fingerprint	filter
139	7	7	0	18	5940	no_embedding	direct	true	fail	weak_fingerprint	filter
139	8	7	0	18	6480	embedded	transitive	false	28	verified_witness_composition	transitivity
139	9	7	1	18	5832	no_embedding	direct	true	fail	weak_fingerprint	filter
139	10	7	1	18	1080	no_embedding	direct	true	fail	exhaustive_abstract_subgroup_filter	SmallGroups
139	11	7	1	18	2160	no_embedding	direct	true	fail	weak_fingerprint	filter
139	12	7	1	18	504	no_embedding	direct	true	fail	exhaustive_abstract_subgroup_filter	SmallGroups
139	13	7	0	18	1008	no_embedding	direct	true	fail	weak_fingerprint	filter
139	14	7	0	18	1008	no_embedding	direct	true	fail	weak_fingerprint	filter
139	15	7	1	18	360	no_embedding	direct	true	fail	weak_fingerprint	filter
139	16	7	1	18	720	no_embedding	direct	true	fail	weak_fingerprint	filter
139	17	7	1	18	216	no_embedding	direct	true	fail	exhaustive_abstract_subgroup_filter	SmallGroups
139	18	7	0	18	648	no_embedding	direct	true	fail	weak_fingerprint	filter
139	19	7	1	18	432	no_embedding	direct	true	fail	weak_fingerprint	filter
139	20	7	1	18	144	no_embedding	direct	true	fail	weak_fingerprint	filter
139	21	7	2	18	2916	no_embedding	direct	true	fail	weak_fingerprint	filter
139	22	7	1	18	5832	no_embedding	direct	true	fail	weak_fingerprint	filter
139	23	7	1	18	8748	embedded	transitive	false	56	verified_witness_composition	transitivity
139	24	7	0	18	17496	embedded	transitive	false	23	verified_witness_composition	transitivity
139	25	7	2	18	216	no_embedding	direct	true	fail	weak_fingerprint	filter
139	26	7	1	18	432	no_embedding	direct	true	fail	weak_fingerprint	filter
139	27	7	2	18	432	no_embedding	direct	true	fail	weak_fingerprint	filter
139	28	7	1	18	1296	embedded	direct	true	fail	found	A_strict
139	29	7	2	18	180	no_embedding	direct	true	fail	exhaustive_abstract_subgroup_filter	SmallGroups
139	30	7	1	18	540	no_embedding	direct	true	fail	weak_fingerprint	filter
139	31	7	2	18	360	no_embedding	direct	true	fail	weak_fingerprint	filter
139	32	7	1	18	1080	embedded	direct	true	fail	found	A_strict
139	33	7	2	18	108	no_embedding	direct	true	fail	exhaustive_abstract_subgroup_filter	SmallGroups
139	34	7	2	18	216	no_embedding	direct	true	fail	weak_fingerprint	filter
139	35	7	2	18	216	no_embedding	direct	true	fail	weak_fingerprint	filter
139	36	7	1	18	648	embedded	direct	true	fail	found	A_strict
139	37	7	2	18	216	no_embedding	direct	true	fail	weak_fingerprint	filter
139	38	7	1	18	648	embedded	direct	true	fail	found	A_strict
139	40	7	1	18	126	no_embedding	direct	true	fail	weak_fingerprint	filter
139	41	7	0	18	378	no_embedding	direct	true	fail	weak_fingerprint	filter
139	45	7	3	18	72	no_embedding	direct	true	fail	exhaustive_abstract_subgroup_filter	SmallGroups
139	46	7	2	18	144	no_embedding	direct	true	fail	weak_fingerprint	filter
139	47	7	3	18	144	no_embedding	direct	true	fail	weak_fingerprint	filter
139	50	7	1	18	72	no_embedding	direct	true	fail	weak_fingerprint	filter
139	52	7	4	18	54	no_embedding	direct	true	fail	exhaustive_abstract_subgroup_filter	SmallGroups
139	53	7	2	18	108	no_embedding	direct	true	fail	weak_fingerprint	filter
139	54	7	1	18	162	no_embedding	direct	true	fail	weak_fingerprint	filter
139	55	7	4	18	108	no_embedding	direct	true	fail	weak_fingerprint	filter
139	56	7	2	18	324	embedded	direct	true	fail	found	A_strict
139	57	7	2	18	324	embedded	direct	true	fail	found	A_strict
139	58	7	4	18	36	no_embedding	direct	true	fail	weak_fingerprint	filter
139	59	7	2	18	72	no_embedding	direct	true	fail	weak_fingerprint	filter
139	60	7	2	18	72	no_embedding	direct	true	fail	weak_fingerprint	filter
139	61	7	2	18	108	no_embedding	direct	true	fail	weak_fingerprint	filter
139	62	7	1	18	216	embedded	direct	true	fail	found	A_strict
139	63	7	4	18	72	no_embedding	direct	true	fail	weak_fingerprint	filter
139	64	7	2	18	216	embedded	direct	true	fail	found	A_strict
139	65	7	4	18	36	no_embedding	direct	true	fail	exhaustive_abstract_subgroup_filter	SmallGroups
139	66	7	3	18	72	no_embedding	direct	true	fail	weak_fingerprint	filter
139	67	7	2	18	108	no_embedding	direct	true	fail	weak_fingerprint	filter
139	68	7	4	18	72	no_embedding	direct	true	fail	exhaustive_abstract_subgroup_filter	SmallGroups
139	69	7	2	18	216	embedded	direct	true	fail	found	A_strict
139	72	7	2	18	90	no_embedding	direct	true	fail	weak_fingerprint	filter
139	83	7	6	18	18	no_embedding	direct	true	fail	exhaustive_abstract_subgroup_filter	SmallGroups
139	84	7	3	18	36	no_embedding	direct	true	fail	weak_fingerprint	filter
139	85	7	3	18	36	no_embedding	direct	true	fail	weak_fingerprint	filter
139	86	7	3	18	54	no_embedding	direct	true	fail	weak_fingerprint	filter
139	87	7	2	18	54	no_embedding	direct	true	fail	weak_fingerprint	filter
139	88	7	6	18	36	no_embedding	direct	true	fail	weak_fingerprint	filter
139	89	7	3	18	72	no_embedding	direct	true	fail	weak_fingerprint	filter
139	90	7	3	18	108	embedded	direct	true	fail	found	A_strict
139	91	7	3	18	108	embedded	direct	true	fail	found	A_strict
139	92	7	2	18	108	no_embedding	direct	true	fail	weak_fingerprint	filter
139	93	7	1	18	144	no_embedding	direct	true	fail	weak_fingerprint	filter
139	94	7	1	18	216	embedded	direct	true	fail	found	A_strict
139	95	7	1	18	216	embedded	direct	true	fail	found	A_strict
139	96	7	0	18	432	embedded	direct	true	fail	found	A_strict
139	101	7	4	18	36	no_embedding	direct	true	fail	weak_fingerprint	filter
139	102	7	3	18	36	no_embedding	direct	true	fail	exhaustive_abstract_subgroup_filter	SmallGroups
139	103	7	3	18	72	embedded	direct	true	fail	found	A_strict
139	104	7	2	18	72	no_embedding	direct	true	fail	weak_fingerprint	filter
139	105	7	2	18	72	no_embedding	direct	true	fail	exhaustive_abstract_subgroup_filter	SmallGroups
139	107	7	4	18	18	no_embedding	direct	true	fail	exhaustive_abstract_subgroup_filter	SmallGroups
139	108	7	4	18	18	no_embedding	direct	true	fail	weak_fingerprint	filter
139	109	7	4	18	18	no_embedding	direct	true	fail	weak_fingerprint	filter
139	113	7	2	18	54	embedded	direct	true	fail	found	A_strict
139	114	7	1	18	54	no_embedding	direct	true	fail	weak_fingerprint	filter
139	116	7	4	18	54	no_embedding	direct	true	fail	weak_fingerprint	filter
139	117	7	4	18	54	embedded	direct	true	fail	found	A_strict
139	118	7	3	18	54	no_embedding	direct	true	fail	weak_fingerprint	filter
139	123	7	6	18	18	no_embedding	direct	true	fail	weak_fingerprint	filter
139	125	7	5	18	36	embedded	direct	true	fail	found	A_strict
139	126	7	4	18	18	no_embedding	direct	true	fail	weak_fingerprint	filter
139	128	7	3	18	36	no_embedding	direct	true	fail	weak_fingerprint	filter
139	130	7	2	18	72	embedded	direct	true	fail	found	A_strict
139	131	7	1	18	72	no_embedding	direct	true	fail	weak_fingerprint	filter
139	141	7	5	18	18	no_embedding	direct	true	fail	weak_fingerprint	filter
139	142	7	4	18	18	no_embedding	direct	true	fail	weak_fingerprint	filter
139	143	7	3	18	18	no_embedding	direct	true	fail	exhaustive_abstract_subgroup_filter	SmallGroups
139	147	7	3	18	36	embedded	direct	true	fail	found	A_strict
139	148	7	3	18	36	embedded	direct	true	fail	found	A_strict
139	149	7	2	18	36	no_embedding	direct	true	fail	weak_fingerprint	filter
139	150	7	2	18	36	no_embedding	direct	true	fail	weak_fingerprint	filter
139	153	7	1	18	72	embedded	direct	true	fail	found	A_strict
139	154	7	1	18	72	embedded	direct	true	fail	found	A_strict
139	156	7	0	18	144	embedded	direct	true	fail	found	A_strict
140	1	6	0	9	524880	embedded	transitive	false	54	verified_witness_composition	transitivity
140	2	6	0	9	7560	no_embedding	direct	true	fail	exponent	filter
140	3	6	0	9	15120	no_embedding	direct	true	fail	exponent	filter
140	4	6	0	9	23328	no_embedding	direct	true	fail	exponent	filter
140	5	6	0	9	2160	no_embedding	direct	true	fail	exponent	filter
140	6	6	0	9	2160	no_embedding	direct	true	fail	exponent	filter
140	7	6	0	9	5940	no_embedding	direct	true	fail	exponent	filter
140	8	6	0	9	6480	no_embedding	direct	true	fail	exponent	filter
140	9	6	1	9	5832	no_embedding	direct	true	fail	exponent	filter
140	10	6	1	9	1080	no_embedding	direct	true	fail	exhaustive_abstract_subgroup_filter	SmallGroups
140	11	6	1	9	2160	no_embedding	direct	true	fail	exponent	filter
140	12	6	1	9	504	no_embedding	direct	true	fail	exhaustive_abstract_subgroup_filter	SmallGroups
140	13	6	0	9	1008	no_embedding	direct	true	fail	exhaustive_abstract_subgroup_filter	SmallGroups
140	14	6	0	9	1008	no_embedding	direct	true	fail	exhaustive_abstract_subgroup_filter	SmallGroups
140	15	6	1	9	360	no_embedding	direct	true	fail	exhaustive_abstract_subgroup_filter	SmallGroups
140	16	6	1	9	720	no_embedding	direct	true	fail	exhaustive_abstract_subgroup_filter	SmallGroups
140	17	6	1	9	216	no_embedding	direct	true	fail	exhaustive_abstract_subgroup_filter	SmallGroups
140	18	6	0	9	648	embedded	direct	true	fail	found	A_strict
140	19	6	1	9	432	no_embedding	direct	true	fail	exhaustive_abstract_subgroup_filter	SmallGroups
140	20	6	1	9	144	no_embedding	direct	true	fail	exhaustive_abstract_subgroup_filter	SmallGroups
140	21	6	2	9	2916	no_embedding	direct	true	fail	exponent	filter
140	22	6	1	9	5832	no_embedding	direct	true	fail	exponent	filter
140	23	6	1	9	8748	no_embedding	direct	true	fail	strong_fingerprint	filter
140	24	6	0	9	17496	no_embedding	direct	true	fail	strong_fingerprint	filter
140	25	6	2	9	216	no_embedding	direct	true	fail	exhaustive_abstract_subgroup_filter	SmallGroups
140	26	6	1	9	432	no_embedding	direct	true	fail	exhaustive_abstract_subgroup_filter	SmallGroups
140	27	6	2	9	432	no_embedding	direct	true	fail	exhaustive_abstract_subgroup_filter	SmallGroups
140	28	6	1	9	1296	no_embedding	direct	true	fail	exhaustive_abstract_subgroup_filter	SmallGroups
140	29	6	2	9	180	no_embedding	direct	true	fail	exhaustive_abstract_subgroup_filter	SmallGroups
140	30	6	1	9	540	no_embedding	direct	true	fail	exhaustive_abstract_subgroup_filter	SmallGroups
140	31	6	2	9	360	no_embedding	direct	true	fail	exhaustive_abstract_subgroup_filter	SmallGroups
140	32	6	1	9	1080	no_embedding	direct	true	fail	exhaustive_abstract_subgroup_filter	SmallGroups
140	33	6	2	9	108	no_embedding	direct	true	fail	exhaustive_abstract_subgroup_filter	SmallGroups
140	34	6	2	9	216	no_embedding	direct	true	fail	exhaustive_abstract_subgroup_filter	SmallGroups
140	35	6	2	9	216	no_embedding	direct	true	fail	exhaustive_abstract_subgroup_filter	SmallGroups
140	36	6	1	9	648	no_embedding	direct	true	fail	exhaustive_abstract_subgroup_filter	SmallGroups
140	37	6	2	9	216	no_embedding	direct	true	fail	exhaustive_abstract_subgroup_filter	SmallGroups
140	38	6	1	9	648	no_embedding	direct	true	fail	exhaustive_abstract_subgroup_filter	SmallGroups
140	39	6	2	9	63	no_embedding	direct	true	fail	exhaustive_abstract_subgroup_filter	SmallGroups
140	40	6	1	9	126	no_embedding	direct	true	fail	exhaustive_abstract_subgroup_filter	SmallGroups
140	41	6	0	9	378	embedded	direct	true	fail	found	A_strict
140	45	6	3	9	72	no_embedding	direct	true	fail	exhaustive_abstract_subgroup_filter	SmallGroups
140	46	6	2	9	144	no_embedding	direct	true	fail	exhaustive_abstract_subgroup_filter	SmallGroups
140	47	6	3	9	144	no_embedding	direct	true	fail	exhaustive_abstract_subgroup_filter	SmallGroups
140	50	6	1	9	72	no_embedding	direct	true	fail	exhaustive_abstract_subgroup_filter	SmallGroups
140	52	6	4	9	54	no_embedding	direct	true	fail	exhaustive_abstract_subgroup_filter	SmallGroups
140	53	6	2	9	108	no_embedding	direct	true	fail	exhaustive_abstract_subgroup_filter	SmallGroups
140	54	6	1	9	162	embedded	direct	true	fail	found	A_strict
140	55	6	4	9	108	no_embedding	direct	true	fail	exhaustive_abstract_subgroup_filter	SmallGroups
140	56	6	2	9	324	no_embedding	direct	true	fail	exhaustive_abstract_subgroup_filter	SmallGroups
140	57	6	2	9	324	no_embedding	direct	true	fail	exhaustive_abstract_subgroup_filter	SmallGroups
140	58	6	4	9	36	no_embedding	direct	true	fail	exhaustive_abstract_subgroup_filter	SmallGroups
140	59	6	2	9	72	no_embedding	direct	true	fail	exhaustive_abstract_subgroup_filter	SmallGroups
140	60	6	2	9	72	no_embedding	direct	true	fail	exhaustive_abstract_subgroup_filter	SmallGroups
140	61	6	2	9	108	no_embedding	direct	true	fail	exhaustive_abstract_subgroup_filter	SmallGroups
140	62	6	1	9	216	no_embedding	direct	true	fail	exhaustive_abstract_subgroup_filter	SmallGroups
140	63	6	4	9	72	no_embedding	direct	true	fail	exhaustive_abstract_subgroup_filter	SmallGroups
140	64	6	2	9	216	no_embedding	direct	true	fail	exhaustive_abstract_subgroup_filter	SmallGroups
140	65	6	4	9	36	no_embedding	direct	true	fail	exhaustive_abstract_subgroup_filter	SmallGroups
140	66	6	3	9	72	no_embedding	direct	true	fail	exhaustive_abstract_subgroup_filter	SmallGroups
140	67	6	2	9	108	no_embedding	direct	true	fail	exhaustive_abstract_subgroup_filter	SmallGroups
140	68	6	4	9	72	no_embedding	direct	true	fail	exhaustive_abstract_subgroup_filter	SmallGroups
140	69	6	2	9	216	no_embedding	direct	true	fail	exhaustive_abstract_subgroup_filter	SmallGroups
140	72	6	2	9	90	no_embedding	direct	true	fail	exhaustive_abstract_subgroup_filter	SmallGroups
140	84	6	3	9	36	no_embedding	direct	true	fail	exhaustive_abstract_subgroup_filter	SmallGroups
140	85	6	3	9	36	no_embedding	direct	true	fail	exhaustive_abstract_subgroup_filter	SmallGroups
140	86	6	3	9	54	no_embedding	direct	true	fail	exhaustive_abstract_subgroup_filter	SmallGroups
140	87	6	2	9	54	no_embedding	direct	true	fail	exhaustive_abstract_subgroup_filter	SmallGroups
140	89	6	3	9	72	no_embedding	direct	true	fail	exhaustive_abstract_subgroup_filter	SmallGroups
140	90	6	3	9	108	no_embedding	direct	true	fail	exhaustive_abstract_subgroup_filter	SmallGroups
140	91	6	3	9	108	no_embedding	direct	true	fail	exhaustive_abstract_subgroup_filter	SmallGroups
140	92	6	2	9	108	no_embedding	direct	true	fail	exhaustive_abstract_subgroup_filter	SmallGroups
140	93	6	1	9	144	no_embedding	direct	true	fail	exhaustive_abstract_subgroup_filter	SmallGroups
140	94	6	1	9	216	no_embedding	direct	true	fail	exhaustive_abstract_subgroup_filter	SmallGroups
140	95	6	1	9	216	no_embedding	direct	true	fail	exhaustive_abstract_subgroup_filter	SmallGroups
140	96	6	0	9	432	no_embedding	direct	true	fail	exhaustive_abstract_subgroup_filter	SmallGroups
140	101	6	4	9	36	no_embedding	direct	true	fail	exhaustive_abstract_subgroup_filter	SmallGroups
140	102	6	3	9	36	no_embedding	direct	true	fail	exhaustive_abstract_subgroup_filter	SmallGroups
140	103	6	3	9	72	no_embedding	direct	true	fail	exhaustive_abstract_subgroup_filter	SmallGroups
140	104	6	2	9	72	no_embedding	direct	true	fail	exhaustive_abstract_subgroup_filter	SmallGroups
140	105	6	2	9	72	embedded	direct	true	fail	found	A_strict
140	107	6	4	9	18	no_embedding	direct	true	fail	exhaustive_abstract_subgroup_filter	SmallGroups
140	108	6	4	9	18	no_embedding	direct	true	fail	exhaustive_abstract_subgroup_filter	SmallGroups
140	109	6	4	9	18	no_embedding	direct	true	fail	exhaustive_abstract_subgroup_filter	SmallGroups
140	110	6	4	9	27	no_embedding	direct	true	fail	exhaustive_abstract_subgroup_filter	SmallGroups
140	111	6	3	9	27	no_embedding	direct	true	fail	exhaustive_abstract_subgroup_filter	SmallGroups
140	112	6	2	9	27	embedded	direct	true	fail	found	A_strict
140	113	6	2	9	54	no_embedding	direct	true	fail	exhaustive_abstract_subgroup_filter	SmallGroups
140	114	6	1	9	54	embedded	direct	true	fail	found	A_strict
140	116	6	4	9	54	no_embedding	direct	true	fail	exhaustive_abstract_subgroup_filter	SmallGroups
140	117	6	4	9	54	no_embedding	direct	true	fail	exhaustive_abstract_subgroup_filter	SmallGroups
140	118	6	3	9	54	no_embedding	direct	true	fail	exhaustive_abstract_subgroup_filter	SmallGroups
140	125	6	5	9	36	no_embedding	direct	true	fail	exhaustive_abstract_subgroup_filter	SmallGroups
140	126	6	4	9	18	no_embedding	direct	true	fail	exhaustive_abstract_subgroup_filter	SmallGroups
140	128	6	3	9	36	no_embedding	direct	true	fail	exhaustive_abstract_subgroup_filter	SmallGroups
140	130	6	2	9	72	no_embedding	direct	true	fail	exhaustive_abstract_subgroup_filter	SmallGroups
140	131	6	1	9	72	no_embedding	direct	true	fail	exhaustive_abstract_subgroup_filter	SmallGroups
140	141	6	5	9	18	no_embedding	direct	true	fail	exhaustive_abstract_subgroup_filter	SmallGroups
140	142	6	4	9	18	no_embedding	direct	true	fail	exhaustive_abstract_subgroup_filter	SmallGroups
140	143	6	3	9	18	embedded	direct	true	fail	found	A_strict
140	147	6	3	9	36	no_embedding	direct	true	fail	exhaustive_abstract_subgroup_filter	SmallGroups
140	148	6	3	9	36	no_embedding	direct	true	fail	exhaustive_abstract_subgroup_filter	SmallGroups
140	149	6	2	9	36	no_embedding	direct	true	fail	exhaustive_abstract_subgroup_filter	SmallGroups
140	150	6	2	9	36	no_embedding	direct	true	fail	exhaustive_abstract_subgroup_filter	SmallGroups
140	153	6	1	9	72	no_embedding	direct	true	fail	exhaustive_abstract_subgroup_filter	SmallGroups
140	154	6	1	9	72	no_embedding	direct	true	fail	exhaustive_abstract_subgroup_filter	SmallGroups
140	156	6	0	9	144	no_embedding	direct	true	fail	exhaustive_abstract_subgroup_filter	SmallGroups
141	1	5	0	18	524880	embedded	transitive	false	23	verified_witness_composition	transitivity
141	2	5	0	18	7560	no_embedding	direct	true	fail	weak_fingerprint	filter
141	3	5	0	18	15120	no_embedding	direct	true	fail	weak_fingerprint	filter
141	4	5	0	18	23328	no_embedding	direct	true	fail	weak_fingerprint	filter
141	5	5	0	18	2160	no_embedding	direct	true	fail	weak_fingerprint	filter
141	6	5	0	18	2160	no_embedding	direct	true	fail	weak_fingerprint	filter
141	7	5	0	18	5940	no_embedding	direct	true	fail	weak_fingerprint	filter
141	8	5	0	18	6480	embedded	transitive	false	28	verified_witness_composition	transitivity
141	9	5	1	18	5832	no_embedding	direct	true	fail	weak_fingerprint	filter
141	10	5	1	18	1080	no_embedding	direct	true	fail	exhaustive_abstract_subgroup_filter	SmallGroups
141	11	5	1	18	2160	no_embedding	direct	true	fail	weak_fingerprint	filter
141	12	5	1	18	504	no_embedding	direct	true	fail	exhaustive_abstract_subgroup_filter	SmallGroups
141	13	5	0	18	1008	no_embedding	direct	true	fail	weak_fingerprint	filter
141	14	5	0	18	1008	no_embedding	direct	true	fail	weak_fingerprint	filter
141	15	5	1	18	360	no_embedding	direct	true	fail	weak_fingerprint	filter
141	16	5	1	18	720	no_embedding	direct	true	fail	weak_fingerprint	filter
141	17	5	1	18	216	no_embedding	direct	true	fail	exhaustive_abstract_subgroup_filter	SmallGroups
141	18	5	0	18	648	no_embedding	direct	true	fail	weak_fingerprint	filter
141	19	5	1	18	432	no_embedding	direct	true	fail	weak_fingerprint	filter
141	20	5	1	18	144	no_embedding	direct	true	fail	weak_fingerprint	filter
141	21	5	2	18	2916	no_embedding	direct	true	fail	weak_fingerprint	filter
141	22	5	1	18	5832	no_embedding	direct	true	fail	weak_fingerprint	filter
141	23	5	1	18	8748	embedded	transitive	false	56	verified_witness_composition	transitivity
141	24	5	0	18	17496	embedded	transitive	false	23	verified_witness_composition	transitivity
141	25	5	2	18	216	no_embedding	direct	true	fail	weak_fingerprint	filter
141	26	5	1	18	432	no_embedding	direct	true	fail	weak_fingerprint	filter
141	27	5	2	18	432	no_embedding	direct	true	fail	weak_fingerprint	filter
141	28	5	1	18	1296	embedded	direct	true	fail	found	A_strict
141	29	5	2	18	180	no_embedding	direct	true	fail	exhaustive_abstract_subgroup_filter	SmallGroups
141	30	5	1	18	540	no_embedding	direct	true	fail	weak_fingerprint	filter
141	31	5	2	18	360	no_embedding	direct	true	fail	weak_fingerprint	filter
141	32	5	1	18	1080	embedded	direct	true	fail	found	A_strict
141	33	5	2	18	108	no_embedding	direct	true	fail	exhaustive_abstract_subgroup_filter	SmallGroups
141	34	5	2	18	216	no_embedding	direct	true	fail	weak_fingerprint	filter
141	35	5	2	18	216	no_embedding	direct	true	fail	weak_fingerprint	filter
141	36	5	1	18	648	embedded	direct	true	fail	found	A_strict
141	37	5	2	18	216	no_embedding	direct	true	fail	weak_fingerprint	filter
141	38	5	1	18	648	embedded	direct	true	fail	found	A_strict
141	40	5	1	18	126	no_embedding	direct	true	fail	weak_fingerprint	filter
141	41	5	0	18	378	no_embedding	direct	true	fail	weak_fingerprint	filter
141	45	5	3	18	72	no_embedding	direct	true	fail	exhaustive_abstract_subgroup_filter	SmallGroups
141	46	5	2	18	144	no_embedding	direct	true	fail	weak_fingerprint	filter
141	47	5	3	18	144	no_embedding	direct	true	fail	weak_fingerprint	filter
141	50	5	1	18	72	no_embedding	direct	true	fail	weak_fingerprint	filter
141	52	5	4	18	54	no_embedding	direct	true	fail	exhaustive_abstract_subgroup_filter	SmallGroups
141	53	5	2	18	108	no_embedding	direct	true	fail	weak_fingerprint	filter
141	54	5	1	18	162	no_embedding	direct	true	fail	weak_fingerprint	filter
141	55	5	4	18	108	no_embedding	direct	true	fail	weak_fingerprint	filter
141	56	5	2	18	324	embedded	direct	true	fail	found	A_strict
141	57	5	2	18	324	embedded	direct	true	fail	found	A_strict
141	58	5	4	18	36	no_embedding	direct	true	fail	weak_fingerprint	filter
141	59	5	2	18	72	no_embedding	direct	true	fail	weak_fingerprint	filter
141	60	5	2	18	72	no_embedding	direct	true	fail	weak_fingerprint	filter
141	61	5	2	18	108	no_embedding	direct	true	fail	weak_fingerprint	filter
141	62	5	1	18	216	embedded	direct	true	fail	found	A_strict
141	63	5	4	18	72	no_embedding	direct	true	fail	weak_fingerprint	filter
141	64	5	2	18	216	no_embedding	direct	true	fail	weak_fingerprint	filter
141	65	5	4	18	36	no_embedding	direct	true	fail	exhaustive_abstract_subgroup_filter	SmallGroups
141	66	5	3	18	72	no_embedding	direct	true	fail	weak_fingerprint	filter
141	67	5	2	18	108	no_embedding	direct	true	fail	weak_fingerprint	filter
141	68	5	4	18	72	no_embedding	direct	true	fail	exhaustive_abstract_subgroup_filter	SmallGroups
141	69	5	2	18	216	no_embedding	direct	true	fail	weak_fingerprint	filter
141	72	5	2	18	90	no_embedding	direct	true	fail	weak_fingerprint	filter
141	84	5	3	18	36	no_embedding	direct	true	fail	weak_fingerprint	filter
141	85	5	3	18	36	no_embedding	direct	true	fail	weak_fingerprint	filter
141	86	5	3	18	54	no_embedding	direct	true	fail	weak_fingerprint	filter
141	87	5	2	18	54	no_embedding	direct	true	fail	weak_fingerprint	filter
141	89	5	3	18	72	no_embedding	direct	true	fail	weak_fingerprint	filter
141	90	5	3	18	108	no_embedding	direct	true	fail	weak_fingerprint	filter
141	91	5	3	18	108	embedded	direct	true	fail	found	A_strict
141	92	5	2	18	108	embedded	direct	true	fail	found	A_strict
141	93	5	1	18	144	no_embedding	direct	true	fail	weak_fingerprint	filter
141	94	5	1	18	216	no_embedding	direct	true	fail	weak_fingerprint	filter
141	95	5	1	18	216	embedded	direct	true	fail	found	A_strict
141	96	5	0	18	432	no_embedding	direct	true	fail	weak_fingerprint	filter
141	101	5	4	18	36	no_embedding	direct	true	fail	weak_fingerprint	filter
141	102	5	3	18	36	no_embedding	direct	true	fail	exhaustive_abstract_subgroup_filter	SmallGroups
141	103	5	3	18	72	no_embedding	direct	true	fail	weak_fingerprint	filter
141	104	5	2	18	72	embedded	direct	true	fail	found	A_strict
141	105	5	2	18	72	no_embedding	direct	true	fail	exhaustive_abstract_subgroup_filter	SmallGroups
141	107	5	4	18	18	no_embedding	direct	true	fail	exhaustive_abstract_subgroup_filter	SmallGroups
141	108	5	4	18	18	no_embedding	direct	true	fail	weak_fingerprint	filter
141	109	5	4	18	18	no_embedding	direct	true	fail	weak_fingerprint	filter
141	113	5	2	18	54	embedded	direct	true	fail	found	A_strict
141	114	5	1	18	54	no_embedding	direct	true	fail	weak_fingerprint	filter
141	116	5	4	18	54	no_embedding	direct	true	fail	weak_fingerprint	filter
141	117	5	4	18	54	no_embedding	direct	true	fail	weak_fingerprint	filter
141	118	5	3	18	54	embedded	direct	true	fail	found	A_strict
141	126	5	4	18	18	no_embedding	direct	true	fail	weak_fingerprint	filter
141	128	5	3	18	36	embedded	direct	true	fail	found	A_strict
141	130	5	2	18	72	no_embedding	direct	true	fail	weak_fingerprint	filter
141	131	5	1	18	72	embedded	direct	true	fail	found	A_strict
141	142	5	4	18	18	no_embedding	direct	true	fail	weak_fingerprint	filter
141	143	5	3	18	18	no_embedding	direct	true	fail	exhaustive_abstract_subgroup_filter	SmallGroups
141	147	5	3	18	36	no_embedding	direct	true	fail	weak_fingerprint	filter
141	148	5	3	18	36	no_embedding	direct	true	fail	weak_fingerprint	filter
141	149	5	2	18	36	embedded	direct	true	fail	literal_matrix_subgroup	literal_matrix_subgroup
141	150	5	2	18	36	embedded	direct	true	fail	found	A_strict
141	153	5	1	18	72	no_embedding	direct	true	fail	weak_fingerprint	filter
141	154	5	1	18	72	no_embedding	direct	true	fail	weak_fingerprint	filter
141	156	5	0	18	144	no_embedding	direct	true	fail	weak_fingerprint	filter
142	1	4	0	18	524880	embedded	transitive	false	23	verified_witness_composition	transitivity
142	2	4	0	18	7560	no_embedding	direct	true	fail	weak_fingerprint	filter
142	3	4	0	18	15120	no_embedding	direct	true	fail	weak_fingerprint	filter
142	4	4	0	18	23328	no_embedding	direct	true	fail	weak_fingerprint	filter
142	5	4	0	18	2160	no_embedding	direct	true	fail	weak_fingerprint	filter
142	6	4	0	18	2160	no_embedding	direct	true	fail	weak_fingerprint	filter
142	7	4	0	18	5940	no_embedding	direct	true	fail	weak_fingerprint	filter
142	8	4	0	18	6480	embedded	transitive	false	36	verified_witness_composition	transitivity
142	9	4	1	18	5832	no_embedding	direct	true	fail	weak_fingerprint	filter
142	10	4	1	18	1080	no_embedding	direct	true	fail	exhaustive_abstract_subgroup_filter	SmallGroups
142	11	4	1	18	2160	no_embedding	direct	true	fail	weak_fingerprint	filter
142	12	4	1	18	504	no_embedding	direct	true	fail	exhaustive_abstract_subgroup_filter	SmallGroups
142	13	4	0	18	1008	no_embedding	direct	true	fail	weak_fingerprint	filter
142	14	4	0	18	1008	no_embedding	direct	true	fail	weak_fingerprint	filter
142	15	4	1	18	360	no_embedding	direct	true	fail	weak_fingerprint	filter
142	16	4	1	18	720	no_embedding	direct	true	fail	weak_fingerprint	filter
142	17	4	1	18	216	no_embedding	direct	true	fail	exhaustive_abstract_subgroup_filter	SmallGroups
142	18	4	0	18	648	no_embedding	direct	true	fail	weak_fingerprint	filter
142	19	4	1	18	432	no_embedding	direct	true	fail	weak_fingerprint	filter
142	20	4	1	18	144	no_embedding	direct	true	fail	weak_fingerprint	filter
142	21	4	2	18	2916	no_embedding	direct	true	fail	weak_fingerprint	filter
142	22	4	1	18	5832	no_embedding	direct	true	fail	weak_fingerprint	filter
142	23	4	1	18	8748	embedded	transitive	false	92	verified_witness_composition	transitivity
142	24	4	0	18	17496	embedded	transitive	false	23	verified_witness_composition	transitivity
142	25	4	2	18	216	no_embedding	direct	true	fail	weak_fingerprint	filter
142	26	4	1	18	432	no_embedding	direct	true	fail	weak_fingerprint	filter
142	27	4	2	18	432	no_embedding	direct	true	fail	weak_fingerprint	filter
142	28	4	1	18	1296	no_embedding	direct	true	fail	weak_fingerprint	filter
142	29	4	2	18	180	no_embedding	direct	true	fail	exhaustive_abstract_subgroup_filter	SmallGroups
142	30	4	1	18	540	no_embedding	direct	true	fail	weak_fingerprint	filter
142	31	4	2	18	360	no_embedding	direct	true	fail	weak_fingerprint	filter
142	32	4	1	18	1080	no_embedding	direct	true	fail	weak_fingerprint	filter
142	33	4	2	18	108	no_embedding	direct	true	fail	exhaustive_abstract_subgroup_filter	SmallGroups
142	34	4	2	18	216	no_embedding	direct	true	fail	weak_fingerprint	filter
142	35	4	2	18	216	no_embedding	direct	true	fail	weak_fingerprint	filter
142	36	4	1	18	648	embedded	direct	true	fail	found	A_strict
142	37	4	2	18	216	no_embedding	direct	true	fail	weak_fingerprint	filter
142	38	4	1	18	648	no_embedding	direct	true	fail	weak_fingerprint	filter
142	40	4	1	18	126	no_embedding	direct	true	fail	weak_fingerprint	filter
142	41	4	0	18	378	no_embedding	direct	true	fail	weak_fingerprint	filter
142	45	4	3	18	72	no_embedding	direct	true	fail	exhaustive_abstract_subgroup_filter	SmallGroups
142	46	4	2	18	144	no_embedding	direct	true	fail	weak_fingerprint	filter
142	47	4	3	18	144	no_embedding	direct	true	fail	weak_fingerprint	filter
142	50	4	1	18	72	no_embedding	direct	true	fail	weak_fingerprint	filter
142	53	4	2	18	108	no_embedding	direct	true	fail	weak_fingerprint	filter
142	54	4	1	18	162	no_embedding	direct	true	fail	weak_fingerprint	filter
142	56	4	2	18	324	no_embedding	direct	true	fail	weak_fingerprint	filter
142	57	4	2	18	324	no_embedding	direct	true	fail	weak_fingerprint	filter
142	59	4	2	18	72	no_embedding	direct	true	fail	weak_fingerprint	filter
142	60	4	2	18	72	no_embedding	direct	true	fail	weak_fingerprint	filter
142	61	4	2	18	108	no_embedding	direct	true	fail	weak_fingerprint	filter
142	62	4	1	18	216	embedded	direct	true	fail	found	A_strict
142	64	4	2	18	216	no_embedding	direct	true	fail	weak_fingerprint	filter
142	66	4	3	18	72	no_embedding	direct	true	fail	weak_fingerprint	filter
142	67	4	2	18	108	no_embedding	direct	true	fail	weak_fingerprint	filter
142	69	4	2	18	216	no_embedding	direct	true	fail	weak_fingerprint	filter
142	72	4	2	18	90	no_embedding	direct	true	fail	weak_fingerprint	filter
142	84	4	3	18	36	no_embedding	direct	true	fail	weak_fingerprint	filter
142	85	4	3	18	36	no_embedding	direct	true	fail	weak_fingerprint	filter
142	86	4	3	18	54	no_embedding	direct	true	fail	weak_fingerprint	filter
142	87	4	2	18	54	no_embedding	direct	true	fail	weak_fingerprint	filter
142	89	4	3	18	72	no_embedding	direct	true	fail	weak_fingerprint	filter
142	90	4	3	18	108	no_embedding	direct	true	fail	weak_fingerprint	filter
142	91	4	3	18	108	no_embedding	direct	true	fail	weak_fingerprint	filter
142	92	4	2	18	108	embedded	direct	true	fail	found	A_strict
142	93	4	1	18	144	no_embedding	direct	true	fail	weak_fingerprint	filter
142	94	4	1	18	216	no_embedding	direct	true	fail	weak_fingerprint	filter
142	95	4	1	18	216	no_embedding	direct	true	fail	weak_fingerprint	filter
142	96	4	0	18	432	no_embedding	direct	true	fail	weak_fingerprint	filter
142	102	4	3	18	36	no_embedding	direct	true	fail	exhaustive_abstract_subgroup_filter	SmallGroups
142	103	4	3	18	72	no_embedding	direct	true	fail	weak_fingerprint	filter
142	104	4	2	18	72	no_embedding	direct	true	fail	weak_fingerprint	filter
142	105	4	2	18	72	no_embedding	direct	true	fail	exhaustive_abstract_subgroup_filter	SmallGroups
142	113	4	2	18	54	embedded	direct	true	fail	literal_matrix_subgroup	literal_matrix_subgroup
142	114	4	1	18	54	no_embedding	direct	true	fail	weak_fingerprint	filter
142	118	4	3	18	54	no_embedding	direct	true	fail	weak_fingerprint	filter
142	128	4	3	18	36	embedded	direct	true	fail	found	A_strict
142	130	4	2	18	72	no_embedding	direct	true	fail	weak_fingerprint	filter
142	131	4	1	18	72	embedded	direct	true	fail	found	A_strict
142	143	4	3	18	18	no_embedding	direct	true	fail	exhaustive_abstract_subgroup_filter	SmallGroups
142	147	4	3	18	36	no_embedding	direct	true	fail	weak_fingerprint	filter
142	148	4	3	18	36	no_embedding	direct	true	fail	weak_fingerprint	filter
142	149	4	2	18	36	no_embedding	direct	true	fail	weak_fingerprint	filter
142	150	4	2	18	36	no_embedding	direct	true	fail	weak_fingerprint	filter
142	153	4	1	18	72	no_embedding	direct	true	fail	weak_fingerprint	filter
142	154	4	1	18	72	no_embedding	direct	true	fail	weak_fingerprint	filter
142	156	4	0	18	144	no_embedding	direct	true	fail	weak_fingerprint	filter
143	1	3	0	18	524880	embedded	transitive	false	105	verified_witness_composition	transitivity
143	2	3	0	18	7560	no_embedding	direct	true	fail	exponent	filter
143	3	3	0	18	15120	no_embedding	direct	true	fail	exponent	filter
143	4	3	0	18	23328	no_embedding	direct	true	fail	exponent	filter
143	5	3	0	18	2160	no_embedding	direct	true	fail	exponent	filter
143	6	3	0	18	2160	no_embedding	direct	true	fail	exponent	filter
143	7	3	0	18	5940	no_embedding	direct	true	fail	exponent	filter
143	8	3	0	18	6480	no_embedding	direct	true	fail	exponent	filter
143	9	3	1	18	5832	no_embedding	direct	true	fail	exponent	filter
143	10	3	1	18	1080	no_embedding	direct	true	fail	exhaustive_abstract_subgroup_filter	SmallGroups
143	11	3	1	18	2160	no_embedding	direct	true	fail	exponent	filter
143	12	3	1	18	504	no_embedding	direct	true	fail	exhaustive_abstract_subgroup_filter	SmallGroups
143	13	3	0	18	1008	no_embedding	direct	true	fail	exhaustive_abstract_subgroup_filter	SmallGroups
143	14	3	0	18	1008	no_embedding	direct	true	fail	exhaustive_abstract_subgroup_filter	SmallGroups
143	15	3	1	18	360	no_embedding	direct	true	fail	exhaustive_abstract_subgroup_filter	SmallGroups
143	16	3	1	18	720	no_embedding	direct	true	fail	exhaustive_abstract_subgroup_filter	SmallGroups
143	17	3	1	18	216	no_embedding	direct	true	fail	exhaustive_abstract_subgroup_filter	SmallGroups
143	18	3	0	18	648	no_embedding	direct	true	fail	exhaustive_abstract_subgroup_filter	SmallGroups
143	19	3	1	18	432	no_embedding	direct	true	fail	exhaustive_abstract_subgroup_filter	SmallGroups
143	20	3	1	18	144	no_embedding	direct	true	fail	exhaustive_abstract_subgroup_filter	SmallGroups
143	21	3	2	18	2916	no_embedding	direct	true	fail	exponent	filter
143	22	3	1	18	5832	no_embedding	direct	true	fail	exponent	filter
143	23	3	1	18	8748	no_embedding	direct	true	fail	weak_fingerprint	filter
143	24	3	0	18	17496	no_embedding	direct	true	fail	weak_fingerprint	filter
143	25	3	2	18	216	no_embedding	direct	true	fail	exhaustive_abstract_subgroup_filter	SmallGroups
143	26	3	1	18	432	no_embedding	direct	true	fail	exhaustive_abstract_subgroup_filter	SmallGroups
143	27	3	2	18	432	no_embedding	direct	true	fail	exhaustive_abstract_subgroup_filter	SmallGroups
143	28	3	1	18	1296	no_embedding	direct	true	fail	exhaustive_abstract_subgroup_filter	SmallGroups
143	29	3	2	18	180	no_embedding	direct	true	fail	exhaustive_abstract_subgroup_filter	SmallGroups
143	30	3	1	18	540	no_embedding	direct	true	fail	exhaustive_abstract_subgroup_filter	SmallGroups
143	31	3	2	18	360	no_embedding	direct	true	fail	exhaustive_abstract_subgroup_filter	SmallGroups
143	32	3	1	18	1080	no_embedding	direct	true	fail	exhaustive_abstract_subgroup_filter	SmallGroups
143	33	3	2	18	108	no_embedding	direct	true	fail	exhaustive_abstract_subgroup_filter	SmallGroups
143	34	3	2	18	216	no_embedding	direct	true	fail	exhaustive_abstract_subgroup_filter	SmallGroups
143	35	3	2	18	216	no_embedding	direct	true	fail	exhaustive_abstract_subgroup_filter	SmallGroups
143	36	3	1	18	648	no_embedding	direct	true	fail	exhaustive_abstract_subgroup_filter	SmallGroups
143	37	3	2	18	216	no_embedding	direct	true	fail	exhaustive_abstract_subgroup_filter	SmallGroups
143	38	3	1	18	648	no_embedding	direct	true	fail	exhaustive_abstract_subgroup_filter	SmallGroups
143	40	3	1	18	126	no_embedding	direct	true	fail	exhaustive_abstract_subgroup_filter	SmallGroups
143	41	3	0	18	378	embedded	direct	true	fail	found	A_strict
143	46	3	2	18	144	no_embedding	direct	true	fail	exhaustive_abstract_subgroup_filter	SmallGroups
143	50	3	1	18	72	no_embedding	direct	true	fail	exhaustive_abstract_subgroup_filter	SmallGroups
143	53	3	2	18	108	no_embedding	direct	true	fail	exhaustive_abstract_subgroup_filter	SmallGroups
143	54	3	1	18	162	no_embedding	direct	true	fail	exhaustive_abstract_subgroup_filter	SmallGroups
143	56	3	2	18	324	no_embedding	direct	true	fail	exhaustive_abstract_subgroup_filter	SmallGroups
143	57	3	2	18	324	no_embedding	direct	true	fail	exhaustive_abstract_subgroup_filter	SmallGroups
143	59	3	2	18	72	no_embedding	direct	true	fail	exhaustive_abstract_subgroup_filter	SmallGroups
143	60	3	2	18	72	no_embedding	direct	true	fail	exhaustive_abstract_subgroup_filter	SmallGroups
143	61	3	2	18	108	no_embedding	direct	true	fail	exhaustive_abstract_subgroup_filter	SmallGroups
143	62	3	1	18	216	no_embedding	direct	true	fail	exhaustive_abstract_subgroup_filter	SmallGroups
143	64	3	2	18	216	no_embedding	direct	true	fail	exhaustive_abstract_subgroup_filter	SmallGroups
143	67	3	2	18	108	no_embedding	direct	true	fail	exhaustive_abstract_subgroup_filter	SmallGroups
143	69	3	2	18	216	no_embedding	direct	true	fail	exhaustive_abstract_subgroup_filter	SmallGroups
143	72	3	2	18	90	no_embedding	direct	true	fail	exhaustive_abstract_subgroup_filter	SmallGroups
143	87	3	2	18	54	no_embedding	direct	true	fail	exhaustive_abstract_subgroup_filter	SmallGroups
143	92	3	2	18	108	no_embedding	direct	true	fail	exhaustive_abstract_subgroup_filter	SmallGroups
143	93	3	1	18	144	no_embedding	direct	true	fail	exhaustive_abstract_subgroup_filter	SmallGroups
143	94	3	1	18	216	no_embedding	direct	true	fail	exhaustive_abstract_subgroup_filter	SmallGroups
143	95	3	1	18	216	no_embedding	direct	true	fail	exhaustive_abstract_subgroup_filter	SmallGroups
143	96	3	0	18	432	no_embedding	direct	true	fail	exhaustive_abstract_subgroup_filter	SmallGroups
143	104	3	2	18	72	no_embedding	direct	true	fail	exhaustive_abstract_subgroup_filter	SmallGroups
143	105	3	2	18	72	embedded	direct	true	fail	found	A_strict
143	113	3	2	18	54	no_embedding	direct	true	fail	exhaustive_abstract_subgroup_filter	SmallGroups
143	114	3	1	18	54	embedded	direct	true	fail	found	A_strict
143	130	3	2	18	72	no_embedding	direct	true	fail	exhaustive_abstract_subgroup_filter	SmallGroups
143	131	3	1	18	72	no_embedding	direct	true	fail	exhaustive_abstract_subgroup_filter	SmallGroups
143	149	3	2	18	36	no_embedding	direct	true	fail	exhaustive_abstract_subgroup_filter	SmallGroups
143	150	3	2	18	36	no_embedding	direct	true	fail	exhaustive_abstract_subgroup_filter	SmallGroups
143	153	3	1	18	72	no_embedding	direct	true	fail	exhaustive_abstract_subgroup_filter	SmallGroups
143	154	3	1	18	72	no_embedding	direct	true	fail	exhaustive_abstract_subgroup_filter	SmallGroups
143	156	3	0	18	144	no_embedding	direct	true	fail	exhaustive_abstract_subgroup_filter	SmallGroups
144	1	3	0	24	524880	no_embedding	direct	true	fail	exponent	filter
144	2	3	0	24	7560	no_embedding	direct	true	fail	exponent	filter
144	3	3	0	24	15120	no_embedding	direct	true	fail	exponent	filter
144	4	3	0	24	23328	no_embedding	direct	true	fail	weak_fingerprint	filter
144	5	3	0	24	2160	no_embedding	direct	true	fail	weak_fingerprint	filter
144	6	3	0	24	2160	no_embedding	direct	true	fail	weak_fingerprint	filter
144	8	3	0	24	6480	no_embedding	direct	true	fail	exponent	filter
144	9	3	1	24	5832	no_embedding	direct	true	fail	exponent	filter
144	10	3	1	24	1080	no_embedding	direct	true	fail	exhaustive_abstract_subgroup_filter	SmallGroups
144	11	3	1	24	2160	no_embedding	direct	true	fail	exponent	filter
144	12	3	1	24	504	no_embedding	direct	true	fail	exhaustive_abstract_subgroup_filter	SmallGroups
144	13	3	0	24	1008	no_embedding	direct	true	fail	weak_fingerprint	filter
144	14	3	0	24	1008	no_embedding	direct	true	fail	weak_fingerprint	filter
144	15	3	1	24	360	no_embedding	direct	true	fail	exhaustive_abstract_subgroup_filter	SmallGroups
144	16	3	1	24	720	no_embedding	direct	true	fail	exhaustive_abstract_subgroup_filter	SmallGroups
144	17	3	1	24	216	no_embedding	direct	true	fail	exhaustive_abstract_subgroup_filter	SmallGroups
144	18	3	0	24	648	no_embedding	direct	true	fail	exhaustive_abstract_subgroup_filter	SmallGroups
144	19	3	1	24	432	no_embedding	direct	true	fail	exhaustive_abstract_subgroup_filter	SmallGroups
144	20	3	1	24	144	no_embedding	direct	true	fail	weak_fingerprint	filter
144	22	3	1	24	5832	no_embedding	direct	true	fail	exponent	filter
144	24	3	0	24	17496	no_embedding	direct	true	fail	exponent	filter
144	25	3	2	24	216	no_embedding	direct	true	fail	exhaustive_abstract_subgroup_filter	SmallGroups
144	26	3	1	24	432	no_embedding	direct	true	fail	exhaustive_abstract_subgroup_filter	SmallGroups
144	27	3	2	24	432	no_embedding	direct	true	fail	exhaustive_abstract_subgroup_filter	SmallGroups
144	28	3	1	24	1296	no_embedding	direct	true	fail	exhaustive_abstract_subgroup_filter	SmallGroups
144	31	3	2	24	360	no_embedding	direct	true	fail	exhaustive_abstract_subgroup_filter	SmallGroups
144	32	3	1	24	1080	no_embedding	direct	true	fail	exhaustive_abstract_subgroup_filter	SmallGroups
144	34	3	2	24	216	no_embedding	direct	true	fail	exhaustive_abstract_subgroup_filter	SmallGroups
144	35	3	2	24	216	no_embedding	direct	true	fail	exhaustive_abstract_subgroup_filter	SmallGroups
144	36	3	1	24	648	no_embedding	direct	true	fail	exhaustive_abstract_subgroup_filter	SmallGroups
144	37	3	2	24	216	no_embedding	direct	true	fail	exhaustive_abstract_subgroup_filter	SmallGroups
144	38	3	1	24	648	no_embedding	direct	true	fail	exhaustive_abstract_subgroup_filter	SmallGroups
144	43	3	2	24	48	no_embedding	direct	true	fail	weak_fingerprint	filter
144	44	3	1	24	96	no_embedding	direct	true	fail	weak_fingerprint	filter
144	46	3	2	24	144	no_embedding	direct	true	fail	exhaustive_abstract_subgroup_filter	SmallGroups
144	49	3	2	24	48	no_embedding	direct	true	fail	exhaustive_abstract_subgroup_filter	SmallGroups
144	50	3	1	24	72	no_embedding	direct	true	fail	exhaustive_abstract_subgroup_filter	SmallGroups
144	51	3	1	24	96	no_embedding	direct	true	fail	weak_fingerprint	filter
144	59	3	2	24	72	no_embedding	direct	true	fail	exhaustive_abstract_subgroup_filter	SmallGroups
144	60	3	2	24	72	no_embedding	direct	true	fail	exhaustive_abstract_subgroup_filter	SmallGroups
144	62	3	1	24	216	no_embedding	direct	true	fail	exhaustive_abstract_subgroup_filter	SmallGroups
144	64	3	2	24	216	no_embedding	direct	true	fail	exhaustive_abstract_subgroup_filter	SmallGroups
144	69	3	2	24	216	no_embedding	direct	true	fail	exhaustive_abstract_subgroup_filter	SmallGroups
144	76	3	2	24	48	no_embedding	direct	true	fail	weak_fingerprint	filter
144	81	3	2	24	48	no_embedding	direct	true	fail	exhaustive_abstract_subgroup_filter	SmallGroups
144	82	3	2	24	48	no_embedding	direct	true	fail	weak_fingerprint	filter
144	93	3	1	24	144	embedded	direct	true	fail	found	A_strict
144	94	3	1	24	216	no_embedding	direct	true	fail	exhaustive_abstract_subgroup_filter	SmallGroups
144	95	3	1	24	216	no_embedding	direct	true	fail	exhaustive_abstract_subgroup_filter	SmallGroups
144	96	3	0	24	432	embedded	direct	true	fail	found	A_strict
144	104	3	2	24	72	no_embedding	direct	true	fail	exhaustive_abstract_subgroup_filter	SmallGroups
144	105	3	2	24	72	no_embedding	direct	true	fail	exhaustive_abstract_subgroup_filter	SmallGroups
144	129	3	2	24	48	embedded	direct	true	fail	found	A_strict
144	130	3	2	24	72	no_embedding	direct	true	fail	exhaustive_abstract_subgroup_filter	SmallGroups
144	131	3	1	24	72	no_embedding	direct	true	fail	exhaustive_abstract_subgroup_filter	SmallGroups
144	151	3	1	24	48	embedded	direct	true	fail	literal_matrix_subgroup	literal_matrix_subgroup
144	152	3	1	24	48	no_embedding	direct	true	fail	weak_fingerprint	filter
144	153	3	1	24	72	embedded	direct	true	fail	literal_matrix_subgroup	literal_matrix_subgroup
144	154	3	1	24	72	no_embedding	direct	true	fail	weak_fingerprint	filter
144	155	3	0	24	96	embedded	direct	true	fail	literal_matrix_subgroup	literal_matrix_subgroup
144	156	3	0	24	144	embedded	direct	true	fail	literal_matrix_subgroup	literal_matrix_subgroup
145	1	3	0	24	524880	no_embedding	direct	true	fail	exponent	filter
145	2	3	0	24	7560	no_embedding	direct	true	fail	exponent	filter
145	3	3	0	24	15120	no_embedding	direct	true	fail	exponent	filter
145	4	3	0	24	23328	no_embedding	direct	true	fail	weak_fingerprint	filter
145	5	3	0	24	2160	no_embedding	direct	true	fail	weak_fingerprint	filter
145	6	3	0	24	2160	no_embedding	direct	true	fail	weak_fingerprint	filter
145	8	3	0	24	6480	no_embedding	direct	true	fail	exponent	filter
145	9	3	1	24	5832	no_embedding	direct	true	fail	exponent	filter
145	10	3	1	24	1080	no_embedding	direct	true	fail	exhaustive_abstract_subgroup_filter	SmallGroups
145	11	3	1	24	2160	no_embedding	direct	true	fail	exponent	filter
145	12	3	1	24	504	no_embedding	direct	true	fail	exhaustive_abstract_subgroup_filter	SmallGroups
145	13	3	0	24	1008	no_embedding	direct	true	fail	weak_fingerprint	filter
145	14	3	0	24	1008	no_embedding	direct	true	fail	weak_fingerprint	filter
145	15	3	1	24	360	no_embedding	direct	true	fail	exhaustive_abstract_subgroup_filter	SmallGroups
145	16	3	1	24	720	no_embedding	direct	true	fail	exhaustive_abstract_subgroup_filter	SmallGroups
145	17	3	1	24	216	no_embedding	direct	true	fail	exhaustive_abstract_subgroup_filter	SmallGroups
145	18	3	0	24	648	no_embedding	direct	true	fail	exhaustive_abstract_subgroup_filter	SmallGroups
145	19	3	1	24	432	no_embedding	direct	true	fail	exhaustive_abstract_subgroup_filter	SmallGroups
145	20	3	1	24	144	no_embedding	direct	true	fail	weak_fingerprint	filter
145	22	3	1	24	5832	no_embedding	direct	true	fail	exponent	filter
145	24	3	0	24	17496	no_embedding	direct	true	fail	exponent	filter
145	25	3	2	24	216	no_embedding	direct	true	fail	exhaustive_abstract_subgroup_filter	SmallGroups
145	26	3	1	24	432	no_embedding	direct	true	fail	exhaustive_abstract_subgroup_filter	SmallGroups
145	27	3	2	24	432	no_embedding	direct	true	fail	exhaustive_abstract_subgroup_filter	SmallGroups
145	28	3	1	24	1296	no_embedding	direct	true	fail	exhaustive_abstract_subgroup_filter	SmallGroups
145	31	3	2	24	360	no_embedding	direct	true	fail	exhaustive_abstract_subgroup_filter	SmallGroups
145	32	3	1	24	1080	no_embedding	direct	true	fail	exhaustive_abstract_subgroup_filter	SmallGroups
145	34	3	2	24	216	no_embedding	direct	true	fail	exhaustive_abstract_subgroup_filter	SmallGroups
145	35	3	2	24	216	no_embedding	direct	true	fail	exhaustive_abstract_subgroup_filter	SmallGroups
145	36	3	1	24	648	no_embedding	direct	true	fail	exhaustive_abstract_subgroup_filter	SmallGroups
145	37	3	2	24	216	no_embedding	direct	true	fail	exhaustive_abstract_subgroup_filter	SmallGroups
145	38	3	1	24	648	no_embedding	direct	true	fail	exhaustive_abstract_subgroup_filter	SmallGroups
145	43	3	2	24	48	no_embedding	direct	true	fail	weak_fingerprint	filter
145	44	3	1	24	96	no_embedding	direct	true	fail	weak_fingerprint	filter
145	46	3	2	24	144	no_embedding	direct	true	fail	exhaustive_abstract_subgroup_filter	SmallGroups
145	49	3	2	24	48	no_embedding	direct	true	fail	exhaustive_abstract_subgroup_filter	SmallGroups
145	50	3	1	24	72	no_embedding	direct	true	fail	exhaustive_abstract_subgroup_filter	SmallGroups
145	51	3	1	24	96	no_embedding	direct	true	fail	weak_fingerprint	filter
145	59	3	2	24	72	no_embedding	direct	true	fail	exhaustive_abstract_subgroup_filter	SmallGroups
145	60	3	2	24	72	no_embedding	direct	true	fail	exhaustive_abstract_subgroup_filter	SmallGroups
145	62	3	1	24	216	no_embedding	direct	true	fail	exhaustive_abstract_subgroup_filter	SmallGroups
145	64	3	2	24	216	no_embedding	direct	true	fail	exhaustive_abstract_subgroup_filter	SmallGroups
145	69	3	2	24	216	no_embedding	direct	true	fail	exhaustive_abstract_subgroup_filter	SmallGroups
145	76	3	2	24	48	no_embedding	direct	true	fail	weak_fingerprint	filter
145	81	3	2	24	48	no_embedding	direct	true	fail	exhaustive_abstract_subgroup_filter	SmallGroups
145	82	3	2	24	48	no_embedding	direct	true	fail	weak_fingerprint	filter
145	93	3	1	24	144	embedded	direct	true	fail	found	A_strict
145	94	3	1	24	216	no_embedding	direct	true	fail	exhaustive_abstract_subgroup_filter	SmallGroups
145	95	3	1	24	216	no_embedding	direct	true	fail	exhaustive_abstract_subgroup_filter	SmallGroups
145	96	3	0	24	432	embedded	direct	true	fail	found	A_strict
145	104	3	2	24	72	no_embedding	direct	true	fail	exhaustive_abstract_subgroup_filter	SmallGroups
145	105	3	2	24	72	no_embedding	direct	true	fail	exhaustive_abstract_subgroup_filter	SmallGroups
145	129	3	2	24	48	embedded	direct	true	fail	found	A_strict
145	130	3	2	24	72	no_embedding	direct	true	fail	exhaustive_abstract_subgroup_filter	SmallGroups
145	131	3	1	24	72	no_embedding	direct	true	fail	exhaustive_abstract_subgroup_filter	SmallGroups
145	151	3	1	24	48	no_embedding	direct	true	fail	weak_fingerprint	filter
145	152	3	1	24	48	embedded	direct	true	fail	literal_matrix_subgroup	literal_matrix_subgroup
145	153	3	1	24	72	no_embedding	direct	true	fail	weak_fingerprint	filter
145	154	3	1	24	72	no_embedding	direct	true	fail	weak_fingerprint	filter
145	155	3	0	24	96	no_embedding	direct	true	fail	weak_fingerprint	filter
145	156	3	0	24	144	no_embedding	direct	true	fail	weak_fingerprint	filter
146	1	3	0	24	524880	no_embedding	direct	true	fail	exponent	filter
146	2	3	0	24	7560	no_embedding	direct	true	fail	exponent	filter
146	3	3	0	24	15120	no_embedding	direct	true	fail	exponent	filter
146	4	3	0	24	23328	no_embedding	direct	true	fail	weak_fingerprint	filter
146	5	3	0	24	2160	no_embedding	direct	true	fail	weak_fingerprint	filter
146	6	3	0	24	2160	no_embedding	direct	true	fail	weak_fingerprint	filter
146	8	3	0	24	6480	no_embedding	direct	true	fail	exponent	filter
146	9	3	1	24	5832	no_embedding	direct	true	fail	exponent	filter
146	10	3	1	24	1080	no_embedding	direct	true	fail	exhaustive_abstract_subgroup_filter	SmallGroups
146	11	3	1	24	2160	no_embedding	direct	true	fail	exponent	filter
146	12	3	1	24	504	no_embedding	direct	true	fail	exhaustive_abstract_subgroup_filter	SmallGroups
146	13	3	0	24	1008	no_embedding	direct	true	fail	weak_fingerprint	filter
146	14	3	0	24	1008	no_embedding	direct	true	fail	weak_fingerprint	filter
146	15	3	1	24	360	no_embedding	direct	true	fail	exhaustive_abstract_subgroup_filter	SmallGroups
146	16	3	1	24	720	no_embedding	direct	true	fail	exhaustive_abstract_subgroup_filter	SmallGroups
146	17	3	1	24	216	no_embedding	direct	true	fail	exhaustive_abstract_subgroup_filter	SmallGroups
146	18	3	0	24	648	no_embedding	direct	true	fail	exhaustive_abstract_subgroup_filter	SmallGroups
146	19	3	1	24	432	no_embedding	direct	true	fail	exhaustive_abstract_subgroup_filter	SmallGroups
146	20	3	1	24	144	no_embedding	direct	true	fail	weak_fingerprint	filter
146	22	3	1	24	5832	no_embedding	direct	true	fail	exponent	filter
146	24	3	0	24	17496	no_embedding	direct	true	fail	exponent	filter
146	25	3	2	24	216	no_embedding	direct	true	fail	exhaustive_abstract_subgroup_filter	SmallGroups
146	26	3	1	24	432	no_embedding	direct	true	fail	exhaustive_abstract_subgroup_filter	SmallGroups
146	27	3	2	24	432	no_embedding	direct	true	fail	exhaustive_abstract_subgroup_filter	SmallGroups
146	28	3	1	24	1296	no_embedding	direct	true	fail	exhaustive_abstract_subgroup_filter	SmallGroups
146	31	3	2	24	360	no_embedding	direct	true	fail	exhaustive_abstract_subgroup_filter	SmallGroups
146	32	3	1	24	1080	no_embedding	direct	true	fail	exhaustive_abstract_subgroup_filter	SmallGroups
146	34	3	2	24	216	no_embedding	direct	true	fail	exhaustive_abstract_subgroup_filter	SmallGroups
146	35	3	2	24	216	no_embedding	direct	true	fail	exhaustive_abstract_subgroup_filter	SmallGroups
146	36	3	1	24	648	no_embedding	direct	true	fail	exhaustive_abstract_subgroup_filter	SmallGroups
146	37	3	2	24	216	no_embedding	direct	true	fail	exhaustive_abstract_subgroup_filter	SmallGroups
146	38	3	1	24	648	no_embedding	direct	true	fail	exhaustive_abstract_subgroup_filter	SmallGroups
146	43	3	2	24	48	no_embedding	direct	true	fail	weak_fingerprint	filter
146	44	3	1	24	96	no_embedding	direct	true	fail	weak_fingerprint	filter
146	46	3	2	24	144	no_embedding	direct	true	fail	exhaustive_abstract_subgroup_filter	SmallGroups
146	49	3	2	24	48	no_embedding	direct	true	fail	exhaustive_abstract_subgroup_filter	SmallGroups
146	50	3	1	24	72	no_embedding	direct	true	fail	exhaustive_abstract_subgroup_filter	SmallGroups
146	51	3	1	24	96	no_embedding	direct	true	fail	weak_fingerprint	filter
146	59	3	2	24	72	no_embedding	direct	true	fail	exhaustive_abstract_subgroup_filter	SmallGroups
146	60	3	2	24	72	no_embedding	direct	true	fail	exhaustive_abstract_subgroup_filter	SmallGroups
146	62	3	1	24	216	no_embedding	direct	true	fail	exhaustive_abstract_subgroup_filter	SmallGroups
146	64	3	2	24	216	no_embedding	direct	true	fail	exhaustive_abstract_subgroup_filter	SmallGroups
146	69	3	2	24	216	no_embedding	direct	true	fail	exhaustive_abstract_subgroup_filter	SmallGroups
146	76	3	2	24	48	no_embedding	direct	true	fail	weak_fingerprint	filter
146	81	3	2	24	48	no_embedding	direct	true	fail	exhaustive_abstract_subgroup_filter	SmallGroups
146	82	3	2	24	48	no_embedding	direct	true	fail	weak_fingerprint	filter
146	93	3	1	24	144	no_embedding	direct	true	fail	weak_fingerprint	filter
146	94	3	1	24	216	no_embedding	direct	true	fail	exhaustive_abstract_subgroup_filter	SmallGroups
146	95	3	1	24	216	no_embedding	direct	true	fail	exhaustive_abstract_subgroup_filter	SmallGroups
146	96	3	0	24	432	no_embedding	direct	true	fail	weak_fingerprint	filter
146	104	3	2	24	72	no_embedding	direct	true	fail	exhaustive_abstract_subgroup_filter	SmallGroups
146	105	3	2	24	72	no_embedding	direct	true	fail	exhaustive_abstract_subgroup_filter	SmallGroups
146	129	3	2	24	48	no_embedding	direct	true	fail	weak_fingerprint	filter
146	130	3	2	24	72	no_embedding	direct	true	fail	exhaustive_abstract_subgroup_filter	SmallGroups
146	131	3	1	24	72	no_embedding	direct	true	fail	exhaustive_abstract_subgroup_filter	SmallGroups
146	151	3	1	24	48	no_embedding	direct	true	fail	weak_fingerprint	filter
146	152	3	1	24	48	no_embedding	direct	true	fail	weak_fingerprint	filter
146	153	3	1	24	72	no_embedding	direct	true	fail	weak_fingerprint	filter
146	154	3	1	24	72	embedded	direct	true	fail	literal_matrix_subgroup	literal_matrix_subgroup
146	155	3	0	24	96	no_embedding	direct	true	fail	weak_fingerprint	filter
146	156	3	0	24	144	no_embedding	direct	true	fail	weak_fingerprint	filter
147	1	3	0	36	524880	no_embedding	direct	true	fail	weak_fingerprint	filter
147	2	3	0	36	7560	no_embedding	direct	true	fail	weak_fingerprint	filter
147	3	3	0	36	15120	no_embedding	direct	true	fail	weak_fingerprint	filter
147	4	3	0	36	23328	no_embedding	direct	true	fail	weak_fingerprint	filter
147	5	3	0	36	2160	no_embedding	direct	true	fail	weak_fingerprint	filter
147	6	3	0	36	2160	no_embedding	direct	true	fail	weak_fingerprint	filter
147	7	3	0	36	5940	no_embedding	direct	true	fail	exponent	filter
147	8	3	0	36	6480	no_embedding	direct	true	fail	weak_fingerprint	filter
147	9	3	1	36	5832	no_embedding	direct	true	fail	weak_fingerprint	filter
147	10	3	1	36	1080	no_embedding	direct	true	fail	exhaustive_abstract_subgroup_filter	SmallGroups
147	11	3	1	36	2160	no_embedding	direct	true	fail	weak_fingerprint	filter
147	12	3	1	36	504	no_embedding	direct	true	fail	exhaustive_abstract_subgroup_filter	SmallGroups
147	13	3	0	36	1008	no_embedding	direct	true	fail	exhaustive_abstract_subgroup_filter	SmallGroups
147	14	3	0	36	1008	no_embedding	direct	true	fail	exhaustive_abstract_subgroup_filter	SmallGroups
147	15	3	1	36	360	no_embedding	direct	true	fail	exhaustive_abstract_subgroup_filter	SmallGroups
147	16	3	1	36	720	no_embedding	direct	true	fail	exhaustive_abstract_subgroup_filter	SmallGroups
147	17	3	1	36	216	no_embedding	direct	true	fail	exhaustive_abstract_subgroup_filter	SmallGroups
147	18	3	0	36	648	no_embedding	direct	true	fail	exhaustive_abstract_subgroup_filter	SmallGroups
147	19	3	1	36	432	no_embedding	direct	true	fail	exhaustive_abstract_subgroup_filter	SmallGroups
147	20	3	1	36	144	no_embedding	direct	true	fail	exhaustive_abstract_subgroup_filter	SmallGroups
147	21	3	2	36	2916	no_embedding	direct	true	fail	exponent	filter
147	22	3	1	36	5832	no_embedding	direct	true	fail	weak_fingerprint	filter
147	23	3	1	36	8748	no_embedding	direct	true	fail	exponent	filter
147	24	3	0	36	17496	embedded	transitive	false	94	verified_witness_composition	transitivity
147	25	3	2	36	216	no_embedding	direct	true	fail	exhaustive_abstract_subgroup_filter	SmallGroups
147	26	3	1	36	432	no_embedding	direct	true	fail	exhaustive_abstract_subgroup_filter	SmallGroups
147	27	3	2	36	432	no_embedding	direct	true	fail	weak_fingerprint	filter
147	28	3	1	36	1296	no_embedding	direct	true	fail	weak_fingerprint	filter
147	29	3	2	36	180	no_embedding	direct	true	fail	exhaustive_abstract_subgroup_filter	SmallGroups
147	30	3	1	36	540	no_embedding	direct	true	fail	exhaustive_abstract_subgroup_filter	SmallGroups
147	31	3	2	36	360	no_embedding	direct	true	fail	exhaustive_abstract_subgroup_filter	SmallGroups
147	32	3	1	36	1080	no_embedding	direct	true	fail	weak_fingerprint	filter
147	33	3	2	36	108	no_embedding	direct	true	fail	exhaustive_abstract_subgroup_filter	SmallGroups
147	34	3	2	36	216	no_embedding	direct	true	fail	exhaustive_abstract_subgroup_filter	SmallGroups
147	35	3	2	36	216	no_embedding	direct	true	fail	exhaustive_abstract_subgroup_filter	SmallGroups
147	36	3	1	36	648	no_embedding	direct	true	fail	exhaustive_abstract_subgroup_filter	SmallGroups
147	37	3	2	36	216	no_embedding	direct	true	fail	exhaustive_abstract_subgroup_filter	SmallGroups
147	38	3	1	36	648	no_embedding	direct	true	fail	weak_fingerprint	filter
147	46	3	2	36	144	no_embedding	direct	true	fail	exhaustive_abstract_subgroup_filter	SmallGroups
147	50	3	1	36	72	no_embedding	direct	true	fail	exhaustive_abstract_subgroup_filter	SmallGroups
147	53	3	2	36	108	no_embedding	direct	true	fail	exhaustive_abstract_subgroup_filter	SmallGroups
147	56	3	2	36	324	no_embedding	direct	true	fail	exhaustive_abstract_subgroup_filter	SmallGroups
147	57	3	2	36	324	no_embedding	direct	true	fail	exhaustive_abstract_subgroup_filter	SmallGroups
147	59	3	2	36	72	no_embedding	direct	true	fail	exhaustive_abstract_subgroup_filter	SmallGroups
147	60	3	2	36	72	no_embedding	direct	true	fail	exhaustive_abstract_subgroup_filter	SmallGroups
147	61	3	2	36	108	no_embedding	direct	true	fail	exhaustive_abstract_subgroup_filter	SmallGroups
147	62	3	1	36	216	no_embedding	direct	true	fail	weak_fingerprint	filter
147	64	3	2	36	216	no_embedding	direct	true	fail	exhaustive_abstract_subgroup_filter	SmallGroups
147	67	3	2	36	108	no_embedding	direct	true	fail	exhaustive_abstract_subgroup_filter	SmallGroups
147	69	3	2	36	216	no_embedding	direct	true	fail	weak_fingerprint	filter
147	92	3	2	36	108	no_embedding	direct	true	fail	exhaustive_abstract_subgroup_filter	SmallGroups
147	93	3	1	36	144	no_embedding	direct	true	fail	weak_fingerprint	filter
147	94	3	1	36	216	embedded	direct	true	fail	found	A_strict
147	95	3	1	36	216	embedded	direct	true	fail	found	A_strict
147	96	3	0	36	432	embedded	direct	true	fail	found	A_strict
147	104	3	2	36	72	no_embedding	direct	true	fail	exhaustive_abstract_subgroup_filter	SmallGroups
147	105	3	2	36	72	no_embedding	direct	true	fail	exhaustive_abstract_subgroup_filter	SmallGroups
147	130	3	2	36	72	embedded	direct	true	fail	found	A_strict
147	131	3	1	36	72	no_embedding	direct	true	fail	weak_fingerprint	filter
147	149	3	2	36	36	no_embedding	direct	true	fail	weak_fingerprint	filter
147	150	3	2	36	36	no_embedding	direct	true	fail	weak_fingerprint	filter
147	153	3	1	36	72	embedded	direct	true	fail	literal_matrix_subgroup	literal_matrix_subgroup
147	154	3	1	36	72	no_embedding	direct	true	fail	weak_fingerprint	filter
147	156	3	0	36	144	embedded	direct	true	fail	literal_matrix_subgroup	literal_matrix_subgroup
148	1	3	0	36	524880	no_embedding	direct	true	fail	weak_fingerprint	filter
148	2	3	0	36	7560	no_embedding	direct	true	fail	weak_fingerprint	filter
148	3	3	0	36	15120	no_embedding	direct	true	fail	weak_fingerprint	filter
148	4	3	0	36	23328	no_embedding	direct	true	fail	weak_fingerprint	filter
148	5	3	0	36	2160	no_embedding	direct	true	fail	weak_fingerprint	filter
148	6	3	0	36	2160	no_embedding	direct	true	fail	weak_fingerprint	filter
148	7	3	0	36	5940	no_embedding	direct	true	fail	exponent	filter
148	8	3	0	36	6480	no_embedding	direct	true	fail	weak_fingerprint	filter
148	9	3	1	36	5832	no_embedding	direct	true	fail	weak_fingerprint	filter
148	10	3	1	36	1080	no_embedding	direct	true	fail	exhaustive_abstract_subgroup_filter	SmallGroups
148	11	3	1	36	2160	no_embedding	direct	true	fail	weak_fingerprint	filter
148	12	3	1	36	504	no_embedding	direct	true	fail	exhaustive_abstract_subgroup_filter	SmallGroups
148	13	3	0	36	1008	no_embedding	direct	true	fail	exhaustive_abstract_subgroup_filter	SmallGroups
148	14	3	0	36	1008	no_embedding	direct	true	fail	exhaustive_abstract_subgroup_filter	SmallGroups
148	15	3	1	36	360	no_embedding	direct	true	fail	exhaustive_abstract_subgroup_filter	SmallGroups
148	16	3	1	36	720	no_embedding	direct	true	fail	exhaustive_abstract_subgroup_filter	SmallGroups
148	17	3	1	36	216	no_embedding	direct	true	fail	exhaustive_abstract_subgroup_filter	SmallGroups
148	18	3	0	36	648	no_embedding	direct	true	fail	exhaustive_abstract_subgroup_filter	SmallGroups
148	19	3	1	36	432	no_embedding	direct	true	fail	exhaustive_abstract_subgroup_filter	SmallGroups
148	20	3	1	36	144	no_embedding	direct	true	fail	exhaustive_abstract_subgroup_filter	SmallGroups
148	21	3	2	36	2916	no_embedding	direct	true	fail	exponent	filter
148	22	3	1	36	5832	no_embedding	direct	true	fail	weak_fingerprint	filter
148	23	3	1	36	8748	no_embedding	direct	true	fail	exponent	filter
148	24	3	0	36	17496	embedded	transitive	false	95	verified_witness_composition	transitivity
148	25	3	2	36	216	no_embedding	direct	true	fail	exhaustive_abstract_subgroup_filter	SmallGroups
148	26	3	1	36	432	no_embedding	direct	true	fail	exhaustive_abstract_subgroup_filter	SmallGroups
148	27	3	2	36	432	no_embedding	direct	true	fail	weak_fingerprint	filter
148	28	3	1	36	1296	no_embedding	direct	true	fail	weak_fingerprint	filter
148	29	3	2	36	180	no_embedding	direct	true	fail	exhaustive_abstract_subgroup_filter	SmallGroups
148	30	3	1	36	540	no_embedding	direct	true	fail	exhaustive_abstract_subgroup_filter	SmallGroups
148	31	3	2	36	360	no_embedding	direct	true	fail	exhaustive_abstract_subgroup_filter	SmallGroups
148	32	3	1	36	1080	no_embedding	direct	true	fail	weak_fingerprint	filter
148	33	3	2	36	108	no_embedding	direct	true	fail	exhaustive_abstract_subgroup_filter	SmallGroups
148	34	3	2	36	216	no_embedding	direct	true	fail	exhaustive_abstract_subgroup_filter	SmallGroups
148	35	3	2	36	216	no_embedding	direct	true	fail	exhaustive_abstract_subgroup_filter	SmallGroups
148	36	3	1	36	648	no_embedding	direct	true	fail	exhaustive_abstract_subgroup_filter	SmallGroups
148	37	3	2	36	216	no_embedding	direct	true	fail	exhaustive_abstract_subgroup_filter	SmallGroups
148	38	3	1	36	648	no_embedding	direct	true	fail	weak_fingerprint	filter
148	46	3	2	36	144	no_embedding	direct	true	fail	exhaustive_abstract_subgroup_filter	SmallGroups
148	50	3	1	36	72	no_embedding	direct	true	fail	exhaustive_abstract_subgroup_filter	SmallGroups
148	53	3	2	36	108	no_embedding	direct	true	fail	exhaustive_abstract_subgroup_filter	SmallGroups
148	56	3	2	36	324	no_embedding	direct	true	fail	exhaustive_abstract_subgroup_filter	SmallGroups
148	57	3	2	36	324	no_embedding	direct	true	fail	exhaustive_abstract_subgroup_filter	SmallGroups
148	59	3	2	36	72	no_embedding	direct	true	fail	exhaustive_abstract_subgroup_filter	SmallGroups
148	60	3	2	36	72	no_embedding	direct	true	fail	exhaustive_abstract_subgroup_filter	SmallGroups
148	61	3	2	36	108	no_embedding	direct	true	fail	exhaustive_abstract_subgroup_filter	SmallGroups
148	62	3	1	36	216	no_embedding	direct	true	fail	weak_fingerprint	filter
148	64	3	2	36	216	no_embedding	direct	true	fail	exhaustive_abstract_subgroup_filter	SmallGroups
148	67	3	2	36	108	no_embedding	direct	true	fail	exhaustive_abstract_subgroup_filter	SmallGroups
148	69	3	2	36	216	no_embedding	direct	true	fail	weak_fingerprint	filter
148	92	3	2	36	108	no_embedding	direct	true	fail	exhaustive_abstract_subgroup_filter	SmallGroups
148	93	3	1	36	144	no_embedding	direct	true	fail	weak_fingerprint	filter
148	94	3	1	36	216	no_embedding	direct	true	fail	weak_fingerprint	filter
148	95	3	1	36	216	embedded	direct	true	fail	found	A_strict
148	96	3	0	36	432	no_embedding	direct	true	fail	weak_fingerprint	filter
148	104	3	2	36	72	no_embedding	direct	true	fail	exhaustive_abstract_subgroup_filter	SmallGroups
148	105	3	2	36	72	no_embedding	direct	true	fail	exhaustive_abstract_subgroup_filter	SmallGroups
148	130	3	2	36	72	embedded	direct	true	fail	found	A_strict
148	131	3	1	36	72	no_embedding	direct	true	fail	weak_fingerprint	filter
148	149	3	2	36	36	no_embedding	direct	true	fail	weak_fingerprint	filter
148	150	3	2	36	36	no_embedding	direct	true	fail	weak_fingerprint	filter
148	153	3	1	36	72	no_embedding	direct	true	fail	weak_fingerprint	filter
148	154	3	1	36	72	embedded	direct	true	fail	found	A_strict
148	156	3	0	36	144	no_embedding	direct	true	fail	weak_fingerprint	filter
149	1	2	0	36	524880	no_embedding	direct	true	fail	weak_fingerprint	filter
149	2	2	0	36	7560	no_embedding	direct	true	fail	weak_fingerprint	filter
149	3	2	0	36	15120	no_embedding	direct	true	fail	weak_fingerprint	filter
149	4	2	0	36	23328	no_embedding	direct	true	fail	weak_fingerprint	filter
149	5	2	0	36	2160	no_embedding	direct	true	fail	weak_fingerprint	filter
149	6	2	0	36	2160	no_embedding	direct	true	fail	weak_fingerprint	filter
149	7	2	0	36	5940	no_embedding	direct	true	fail	exponent	filter
149	8	2	0	36	6480	no_embedding	direct	true	fail	weak_fingerprint	filter
149	9	2	1	36	5832	no_embedding	direct	true	fail	weak_fingerprint	filter
149	10	2	1	36	1080	no_embedding	direct	true	fail	exhaustive_abstract_subgroup_filter	SmallGroups
149	11	2	1	36	2160	no_embedding	direct	true	fail	weak_fingerprint	filter
149	12	2	1	36	504	no_embedding	direct	true	fail	exhaustive_abstract_subgroup_filter	SmallGroups
149	13	2	0	36	1008	no_embedding	direct	true	fail	exhaustive_abstract_subgroup_filter	SmallGroups
149	14	2	0	36	1008	no_embedding	direct	true	fail	exhaustive_abstract_subgroup_filter	SmallGroups
149	15	2	1	36	360	no_embedding	direct	true	fail	exhaustive_abstract_subgroup_filter	SmallGroups
149	16	2	1	36	720	no_embedding	direct	true	fail	exhaustive_abstract_subgroup_filter	SmallGroups
149	17	2	1	36	216	no_embedding	direct	true	fail	exhaustive_abstract_subgroup_filter	SmallGroups
149	18	2	0	36	648	no_embedding	direct	true	fail	exhaustive_abstract_subgroup_filter	SmallGroups
149	19	2	1	36	432	no_embedding	direct	true	fail	exhaustive_abstract_subgroup_filter	SmallGroups
149	20	2	1	36	144	no_embedding	direct	true	fail	exhaustive_abstract_subgroup_filter	SmallGroups
149	22	2	1	36	5832	no_embedding	direct	true	fail	weak_fingerprint	filter
149	23	2	1	36	8748	no_embedding	direct	true	fail	exponent	filter
149	24	2	0	36	17496	embedded	transitive	false	95	verified_witness_composition	transitivity
149	26	2	1	36	432	no_embedding	direct	true	fail	exhaustive_abstract_subgroup_filter	SmallGroups
149	28	2	1	36	1296	no_embedding	direct	true	fail	weak_fingerprint	filter
149	30	2	1	36	540	no_embedding	direct	true	fail	exhaustive_abstract_subgroup_filter	SmallGroups
149	32	2	1	36	1080	no_embedding	direct	true	fail	weak_fingerprint	filter
149	36	2	1	36	648	no_embedding	direct	true	fail	exhaustive_abstract_subgroup_filter	SmallGroups
149	38	2	1	36	648	no_embedding	direct	true	fail	weak_fingerprint	filter
149	50	2	1	36	72	no_embedding	direct	true	fail	exhaustive_abstract_subgroup_filter	SmallGroups
149	62	2	1	36	216	no_embedding	direct	true	fail	weak_fingerprint	filter
149	93	2	1	36	144	no_embedding	direct	true	fail	weak_fingerprint	filter
149	94	2	1	36	216	no_embedding	direct	true	fail	weak_fingerprint	filter
149	95	2	1	36	216	embedded	direct	true	fail	found	A_strict
149	96	2	0	36	432	no_embedding	direct	true	fail	weak_fingerprint	filter
149	131	2	1	36	72	embedded	direct	true	fail	found	A_strict
149	153	2	1	36	72	no_embedding	direct	true	fail	weak_fingerprint	filter
149	154	2	1	36	72	no_embedding	direct	true	fail	weak_fingerprint	filter
149	156	2	0	36	144	no_embedding	direct	true	fail	weak_fingerprint	filter
150	1	2	0	36	524880	no_embedding	direct	true	fail	weak_fingerprint	filter
150	2	2	0	36	7560	no_embedding	direct	true	fail	weak_fingerprint	filter
150	3	2	0	36	15120	no_embedding	direct	true	fail	weak_fingerprint	filter
150	4	2	0	36	23328	no_embedding	direct	true	fail	weak_fingerprint	filter
150	5	2	0	36	2160	no_embedding	direct	true	fail	weak_fingerprint	filter
150	6	2	0	36	2160	no_embedding	direct	true	fail	weak_fingerprint	filter
150	7	2	0	36	5940	no_embedding	direct	true	fail	exponent	filter
150	8	2	0	36	6480	no_embedding	direct	true	fail	weak_fingerprint	filter
150	9	2	1	36	5832	no_embedding	direct	true	fail	weak_fingerprint	filter
150	10	2	1	36	1080	no_embedding	direct	true	fail	exhaustive_abstract_subgroup_filter	SmallGroups
150	11	2	1	36	2160	no_embedding	direct	true	fail	weak_fingerprint	filter
150	12	2	1	36	504	no_embedding	direct	true	fail	exhaustive_abstract_subgroup_filter	SmallGroups
150	13	2	0	36	1008	no_embedding	direct	true	fail	exhaustive_abstract_subgroup_filter	SmallGroups
150	14	2	0	36	1008	no_embedding	direct	true	fail	exhaustive_abstract_subgroup_filter	SmallGroups
150	15	2	1	36	360	no_embedding	direct	true	fail	exhaustive_abstract_subgroup_filter	SmallGroups
150	16	2	1	36	720	no_embedding	direct	true	fail	exhaustive_abstract_subgroup_filter	SmallGroups
150	17	2	1	36	216	no_embedding	direct	true	fail	exhaustive_abstract_subgroup_filter	SmallGroups
150	18	2	0	36	648	no_embedding	direct	true	fail	exhaustive_abstract_subgroup_filter	SmallGroups
150	19	2	1	36	432	no_embedding	direct	true	fail	exhaustive_abstract_subgroup_filter	SmallGroups
150	20	2	1	36	144	no_embedding	direct	true	fail	exhaustive_abstract_subgroup_filter	SmallGroups
150	22	2	1	36	5832	no_embedding	direct	true	fail	weak_fingerprint	filter
150	23	2	1	36	8748	no_embedding	direct	true	fail	exponent	filter
150	24	2	0	36	17496	embedded	transitive	false	131	verified_witness_composition	transitivity
150	26	2	1	36	432	no_embedding	direct	true	fail	exhaustive_abstract_subgroup_filter	SmallGroups
150	28	2	1	36	1296	no_embedding	direct	true	fail	weak_fingerprint	filter
150	30	2	1	36	540	no_embedding	direct	true	fail	exhaustive_abstract_subgroup_filter	SmallGroups
150	32	2	1	36	1080	no_embedding	direct	true	fail	weak_fingerprint	filter
150	36	2	1	36	648	no_embedding	direct	true	fail	exhaustive_abstract_subgroup_filter	SmallGroups
150	38	2	1	36	648	no_embedding	direct	true	fail	weak_fingerprint	filter
150	50	2	1	36	72	no_embedding	direct	true	fail	exhaustive_abstract_subgroup_filter	SmallGroups
150	62	2	1	36	216	no_embedding	direct	true	fail	weak_fingerprint	filter
150	93	2	1	36	144	no_embedding	direct	true	fail	weak_fingerprint	filter
150	94	2	1	36	216	no_embedding	direct	true	fail	weak_fingerprint	filter
150	95	2	1	36	216	no_embedding	direct	true	fail	weak_fingerprint	filter
150	96	2	0	36	432	no_embedding	direct	true	fail	weak_fingerprint	filter
150	131	2	1	36	72	embedded	direct	true	fail	found	A_strict
150	153	2	1	36	72	no_embedding	direct	true	fail	weak_fingerprint	filter
150	154	2	1	36	72	no_embedding	direct	true	fail	weak_fingerprint	filter
150	156	2	0	36	144	no_embedding	direct	true	fail	weak_fingerprint	filter
151	1	1	0	48	524880	no_embedding	direct	true	fail	exponent	filter
151	3	1	0	48	15120	no_embedding	direct	true	fail	exponent	filter
151	4	1	0	48	23328	no_embedding	direct	true	fail	exponent	filter
151	5	1	0	48	2160	no_embedding	direct	true	fail	exponent	filter
151	6	1	0	48	2160	no_embedding	direct	true	fail	exponent	filter
151	8	1	0	48	6480	no_embedding	direct	true	fail	exponent	filter
151	13	1	0	48	1008	no_embedding	direct	true	fail	exhaustive_abstract_subgroup_filter	SmallGroups
151	14	1	0	48	1008	no_embedding	direct	true	fail	exhaustive_abstract_subgroup_filter	SmallGroups
151	96	1	0	48	432	no_embedding	direct	true	fail	exhaustive_abstract_subgroup_filter	SmallGroups
151	155	1	0	48	96	embedded	direct	true	fail	literal_matrix_subgroup	literal_matrix_subgroup
151	156	1	0	48	144	embedded	direct	true	fail	literal_matrix_subgroup	literal_matrix_subgroup
152	1	1	0	48	524880	no_embedding	direct	true	fail	exponent	filter
152	3	1	0	48	15120	no_embedding	direct	true	fail	exponent	filter
152	4	1	0	48	23328	no_embedding	direct	true	fail	exponent	filter
152	5	1	0	48	2160	no_embedding	direct	true	fail	exponent	filter
152	6	1	0	48	2160	no_embedding	direct	true	fail	exponent	filter
152	8	1	0	48	6480	no_embedding	direct	true	fail	exponent	filter
152	13	1	0	48	1008	no_embedding	direct	true	fail	exhaustive_abstract_subgroup_filter	SmallGroups
152	14	1	0	48	1008	no_embedding	direct	true	fail	exhaustive_abstract_subgroup_filter	SmallGroups
152	96	1	0	48	432	no_embedding	direct	true	fail	exhaustive_abstract_subgroup_filter	SmallGroups
152	155	1	0	48	96	no_embedding	direct	true	fail	weak_fingerprint	filter
152	156	1	0	48	144	no_embedding	direct	true	fail	weak_fingerprint	filter
153	1	1	0	72	524880	no_embedding	direct	true	fail	exponent	filter
153	2	1	0	72	7560	no_embedding	direct	true	fail	exponent	filter
153	3	1	0	72	15120	no_embedding	direct	true	fail	exponent	filter
153	4	1	0	72	23328	no_embedding	direct	true	fail	weak_fingerprint	filter
153	5	1	0	72	2160	no_embedding	direct	true	fail	weak_fingerprint	filter
153	6	1	0	72	2160	no_embedding	direct	true	fail	weak_fingerprint	filter
153	8	1	0	72	6480	no_embedding	direct	true	fail	exponent	filter
153	13	1	0	72	1008	no_embedding	direct	true	fail	exhaustive_abstract_subgroup_filter	SmallGroups
153	14	1	0	72	1008	no_embedding	direct	true	fail	exhaustive_abstract_subgroup_filter	SmallGroups
153	18	1	0	72	648	no_embedding	direct	true	fail	exhaustive_abstract_subgroup_filter	SmallGroups
153	24	1	0	72	17496	no_embedding	direct	true	fail	exponent	filter
153	96	1	0	72	432	embedded	direct	true	fail	found	A_strict
153	156	1	0	72	144	embedded	direct	true	fail	literal_matrix_subgroup	literal_matrix_subgroup
154	1	1	0	72	524880	no_embedding	direct	true	fail	exponent	filter
154	2	1	0	72	7560	no_embedding	direct	true	fail	exponent	filter
154	3	1	0	72	15120	no_embedding	direct	true	fail	exponent	filter
154	4	1	0	72	23328	no_embedding	direct	true	fail	weak_fingerprint	filter
154	5	1	0	72	2160	no_embedding	direct	true	fail	weak_fingerprint	filter
154	6	1	0	72	2160	no_embedding	direct	true	fail	weak_fingerprint	filter
154	8	1	0	72	6480	no_embedding	direct	true	fail	exponent	filter
154	13	1	0	72	1008	no_embedding	direct	true	fail	exhaustive_abstract_subgroup_filter	SmallGroups
154	14	1	0	72	1008	no_embedding	direct	true	fail	exhaustive_abstract_subgroup_filter	SmallGroups
154	18	1	0	72	648	no_embedding	direct	true	fail	exhaustive_abstract_subgroup_filter	SmallGroups
154	24	1	0	72	17496	no_embedding	direct	true	fail	exponent	filter
154	96	1	0	72	432	no_embedding	direct	true	fail	weak_fingerprint	filter
154	156	1	0	72	144	no_embedding	direct	true	fail	weak_fingerprint	filter
