FourfoldMaximalAudit := rec(
actionMaximalCount := 21,
actionMaximalNumbers := [ 1, 2, 3, 4, 5, 6, 7, 8, 13, 14, 18, 20, 24, 41, 44, 96, 127, 152, 154, 155, 156 ],
coverClosureVerified := true,
coverPairs := [ [ 9, 1 ], [ 9, 4 ], [ 10, 1 ], [ 10, 2 ], [ 10, 5 ], [ 10, 6 ], [ 11, 1 ], [ 11, 3 ], [ 12, 2 ], [ 12, 3 ], [ 12, 13 ], [ 12, 14 ], [ 15, 2 ], [ 16, 3 ], [ 16, 8 ], [ 17, 4 ], [ 17, 5 ], [ 17, 6 ], [ 17, 18 ], [ 19, 1 ], [ 21, 9 ], [ 21, 22 ], [ 21, 23 ], [ 22, 4 ], [ 22, 24 ], [ 23, 1 ], [ 23, 24 ], [ 25, 2 ], [ 25, 26 ], [ 26, 1 ], [ 27, 3 ], [ 27, 28 ], [ 28, 1 ], [ 28, 8 ], [ 29, 10 ], [ 29, 11 ], [ 29, 15 ], [ 29, 30 ], [ 30, 1 ], [ 30, 7 ], [ 31, 11 ], [ 31, 16 ], [ 31, 32 ], [ 32, 1 ], [ 32, 8 ], [ 33, 9 ], [ 33, 10 ], [ 33, 17 ], [ 34, 9 ], [ 34, 11 ], [ 34, 19 ], [ 35, 19 ], [ 35, 36 ], [ 36, 1 ], [ 36, 8 ], [ 37, 19 ], [ 37, 38 ], [ 38, 1 ], [ 39, 12 ], [ 39, 40 ], [ 40, 3 ], [ 40, 13 ], [ 40, 14 ], [ 40, 41 ], [ 42, 5 ], [ 42, 6 ], [ 42, 15 ], [ 42, 16 ], [ 43, 5 ], [ 43, 6 ], [ 43, 20 ], [ 43, 44 ], [ 45, 10 ], [ 45, 12 ], [ 45, 15 ], [ 45, 25 ], [ 45, 27 ], [ 45, 46 ], [ 46, 11 ], [ 46, 26 ], [ 47, 11 ], [ 47, 16 ], [ 47, 27 ], [ 48, 17 ], [ 48, 43 ], [ 48, 49 ], [ 48, 50 ], [ 49, 44 ], [ 49, 51 ], [ 50, 18 ], [ 51, 4 ], [ 52, 21 ], [ 52, 25 ], [ 52, 33 ], [ 52, 53 ], [ 52, 54 ], [ 53, 9 ], [ 53, 26 ], [ 54, 1 ], [ 54, 18 ], [ 55, 21 ], [ 55, 27 ], [ 55, 34 ], [ 55, 35 ], [ 55, 37 ], [ 55, 56 ], [ 55, 57 ], [ 56, 23 ], [ 56, 28 ], [ 56, 36 ], [ 57, 23 ], [ 57, 38 ], [ 58, 15 ], [ 58, 20 ], [ 58, 25 ], [ 58, 37 ], [ 58, 59 ], [ 58, 60 ], [ 58, 61 ], [ 59, 26 ], [ 59, 62 ], [ 60, 19 ], [ 60, 26 ], [ 61, 7 ], [ 61, 38 ], [ 61, 62 ], [ 62, 1 ], [ 63, 16 ], [ 63, 27 ], [ 63, 35 ], [ 63, 64 ], [ 64, 28 ], [ 64, 36 ], [ 65, 29 ], [ 65, 45 ], [ 65, 66 ], [ 65, 67 ], [ 66, 46 ], [ 67, 28 ], [ 67, 30 ], [ 68, 31 ], [ 68, 47 ], [ 68, 69 ], [ 69, 28 ], [ 69, 32 ], [ 70, 29 ], [ 70, 31 ], [ 70, 42 ], [ 70, 71 ], [ 70, 72 ], [ 71, 16 ], [ 72, 30 ], [ 72, 32 ], [ 73, 43 ], [ 73, 45 ], [ 73, 74 ], [ 73, 75 ], [ 73, 76 ], [ 74, 19 ], [ 74, 46 ], [ 74, 47 ], [ 75, 44 ], [ 76, 13 ], [ 76, 14 ], [ 76, 44 ], [ 77, 33 ], [ 77, 42 ], [ 77, 48 ], [ 77, 73 ], [ 77, 78 ], [ 77, 79 ], [ 77, 80 ], [ 78, 34 ], [ 78, 49 ], [ 78, 74 ], [ 79, 49 ], [ 79, 75 ], [ 79, 81 ], [ 79, 82 ], [ 80, 49 ], [ 80, 76 ], [ 81, 51 ], [ 82, 51 ], [ 83, 29 ], [ 83, 45 ], [ 83, 52 ], [ 83, 55 ], [ 83, 58 ], [ 83, 84 ], [ 83, 85 ], [ 83, 86 ], [ 83, 87 ], [ 84, 13 ], [ 84, 14 ], [ 84, 34 ], [ 84, 46 ], [ 84, 53 ], [ 84, 60 ], [ 85, 35 ], [ 85, 60 ], [ 86, 30 ], [ 86, 57 ], [ 86, 61 ], [ 87, 23 ], [ 87, 38 ], [ 87, 54 ], [ 88, 31 ], [ 88, 47 ], [ 88, 55 ], [ 88, 63 ], [ 88, 89 ], [ 88, 90 ], [ 88, 91 ], [ 88, 92 ], [ 89, 22 ], [ 89, 93 ], [ 89, 94 ], [ 89, 95 ], [ 90, 56 ], [ 90, 64 ], [ 90, 94 ], [ 91, 32 ], [ 91, 36 ], [ 91, 57 ], [ 91, 95 ], [ 92, 23 ], [ 92, 36 ], [ 93, 96 ], [ 94, 24 ], [ 94, 96 ], [ 95, 24 ], [ 97, 58 ], [ 97, 65 ], [ 97, 73 ], [ 97, 98 ], [ 97, 99 ], [ 97, 100 ], [ 97, 101 ], [ 97, 102 ], [ 98, 63 ], [ 98, 66 ], [ 98, 74 ], [ 98, 105 ], [ 99, 37 ], [ 99, 59 ], [ 99, 68 ], [ 99, 74 ], [ 99, 75 ], [ 99, 103 ], [ 100, 60 ], [ 100, 74 ], [ 100, 104 ], [ 101, 61 ], [ 101, 67 ], [ 101, 103 ], [ 102, 67 ], [ 102, 69 ], [ 102, 104 ], [ 103, 38 ], [ 103, 62 ], [ 103, 69 ], [ 104, 28 ], [ 105, 1 ], [ 106, 39 ], [ 106, 65 ], [ 106, 83 ], [ 106, 107 ], [ 106, 108 ], [ 106, 109 ], [ 106, 110 ], [ 106, 111 ], [ 106, 112 ], [ 107, 84 ], [ 107, 85 ], [ 108, 59 ], [ 108, 85 ], [ 108, 113 ], [ 109, 40 ], [ 109, 66 ], [ 109, 84 ], [ 109, 114 ], [ 110, 56 ], [ 110, 67 ], [ 110, 86 ], [ 110, 113 ], [ 111, 57 ], [ 111, 87 ], [ 112, 54 ], [ 112, 114 ], [ 113, 36 ], [ 113, 62 ], [ 114, 1 ], [ 114, 41 ], [ 115, 68 ], [ 115, 88 ], [ 115, 116 ], [ 115, 117 ], [ 115, 118 ], [ 116, 90 ], [ 117, 56 ], [ 117, 69 ], [ 117, 91 ], [ 118, 56 ], [ 118, 57 ], [ 118, 92 ], [ 119, 70 ], [ 119, 77 ], [ 119, 83 ], [ 119, 97 ], [ 119, 120 ], [ 119, 121 ], [ 119, 122 ], [ 119, 123 ], [ 119, 126 ], [ 120, 78 ], [ 120, 79 ], [ 120, 88 ], [ 120, 98 ], [ 120, 99 ], [ 120, 124 ], [ 120, 125 ], [ 120, 128 ], [ 121, 71 ], [ 121, 85 ], [ 121, 98 ], [ 121, 100 ], [ 121, 127 ], [ 122, 78 ], [ 122, 80 ], [ 122, 84 ], [ 122, 100 ], [ 123, 72 ], [ 123, 86 ], [ 123, 101 ], [ 123, 125 ], [ 124, 81 ], [ 124, 89 ], [ 124, 129 ], [ 124, 130 ], [ 124, 131 ], [ 125, 64 ], [ 125, 91 ], [ 125, 103 ], [ 125, 130 ], [ 126, 50 ], [ 126, 61 ], [ 126, 87 ], [ 126, 128 ], [ 128, 62 ], [ 128, 92 ], [ 128, 131 ], [ 129, 93 ], [ 130, 95 ], [ 131, 24 ], [ 132, 106 ], [ 132, 119 ], [ 132, 133 ], [ 132, 134 ], [ 132, 135 ], [ 132, 136 ], [ 132, 140 ], [ 133, 108 ], [ 133, 115 ], [ 133, 120 ], [ 133, 121 ], [ 133, 137 ], [ 133, 138 ], [ 133, 139 ], [ 133, 141 ], [ 133, 142 ], [ 134, 107 ], [ 134, 109 ], [ 134, 121 ], [ 134, 122 ], [ 134, 143 ], [ 135, 110 ], [ 135, 116 ], [ 135, 123 ], [ 135, 139 ], [ 136, 102 ], [ 136, 110 ], [ 136, 111 ], [ 136, 117 ], [ 136, 126 ], [ 136, 141 ], [ 136, 142 ], [ 137, 124 ], [ 137, 144 ], [ 137, 145 ], [ 137, 147 ], [ 137, 149 ], [ 138, 124 ], [ 138, 127 ], [ 138, 146 ], [ 138, 148 ], [ 138, 150 ], [ 139, 90 ], [ 139, 113 ], [ 139, 117 ], [ 139, 125 ], [ 139, 147 ], [ 139, 148 ], [ 140, 112 ], [ 140, 143 ], [ 141, 91 ], [ 141, 104 ], [ 141, 113 ], [ 141, 118 ], [ 141, 128 ], [ 141, 149 ], [ 141, 150 ], [ 142, 113 ], [ 142, 128 ], [ 143, 105 ], [ 143, 114 ], [ 144, 129 ], [ 144, 151 ], [ 144, 153 ], [ 145, 129 ], [ 145, 152 ], [ 146, 154 ], [ 147, 94 ], [ 147, 130 ], [ 147, 153 ], [ 148, 130 ], [ 148, 154 ], [ 149, 95 ], [ 149, 131 ], [ 150, 131 ], [ 151, 155 ], [ 151, 156 ], [ 153, 96 ], [ 153, 156 ] ],
families := [ rec(
actionMaximalTargets := [ 1 ],
familyDimension := 0,
fullIndex := 6,
immediateSpecializations := [  ],
isActionMaximal := true,
linearGroupId := [ 524880, 0 ],
number := 1,
pathsToActionMaximal := [ rec(
familyNumbers := [ 1 ],
targetNumber := 1 ) ],
projectiveGroupId := [ 174960, 0 ],
sourceKey := "rank-at-least-15-3^4:A_6-PGL-174960-0-index-6-dimension-0",
symplecticPart := "3^4:A_6" ), rec(
actionMaximalTargets := [ 2 ],
familyDimension := 0,
fullIndex := 1,
immediateSpecializations := [  ],
isActionMaximal := true,
linearGroupId := [ 7560, 0 ],
number := 2,
pathsToActionMaximal := [ rec(
familyNumbers := [ 2 ],
targetNumber := 2 ) ],
projectiveGroupId := [ 2520, 0 ],
sourceKey := "rank-at-least-15-A_7-PGL-2520-0-index-1-dimension-0",
symplecticPart := "A_7" ), rec(
actionMaximalTargets := [ 3 ],
familyDimension := 0,
fullIndex := 2,
immediateSpecializations := [  ],
isActionMaximal := true,
linearGroupId := [ 15120, 0 ],
number := 3,
pathsToActionMaximal := [ rec(
familyNumbers := [ 3 ],
targetNumber := 3 ) ],
projectiveGroupId := [ 5040, 0 ],
sourceKey := "rank-at-least-15-A_7-PGL-5040-0-index-2-dimension-0",
symplecticPart := "A_7" ), rec(
actionMaximalTargets := [ 4 ],
familyDimension := 0,
fullIndex := 4,
immediateSpecializations := [  ],
isActionMaximal := true,
linearGroupId := [ 23328, 0 ],
number := 4,
pathsToActionMaximal := [ rec(
familyNumbers := [ 4 ],
targetNumber := 4 ) ],
projectiveGroupId := [ 7776, 0 ],
sourceKey := "rank-at-least-15-3^{1+4}:2.2^2-PGL-7776-0-index-4-dimension-0",
symplecticPart := "3^{1+4}:2.2^2" ), rec(
actionMaximalTargets := [ 5 ],
familyDimension := 0,
fullIndex := 1,
immediateSpecializations := [  ],
isActionMaximal := true,
linearGroupId := [ 2160, 0 ],
number := 5,
pathsToActionMaximal := [ rec(
familyNumbers := [ 5 ],
targetNumber := 5 ) ],
projectiveGroupId := [ 720, 0 ],
sourceKey := "rank-at-least-15-M_10-PGL-720-0-index-1-dimension-0",
symplecticPart := "M_10" ), rec(
actionMaximalTargets := [ 6 ],
familyDimension := 0,
fullIndex := 1,
immediateSpecializations := [  ],
isActionMaximal := true,
linearGroupId := [ 2160, 0 ],
number := 6,
pathsToActionMaximal := [ rec(
familyNumbers := [ 6 ],
targetNumber := 6 ) ],
projectiveGroupId := [ 720, 0 ],
sourceKey := "rank-at-least-15-M_10-PGL-720-0-index-1-dimension-0-representation-2",
symplecticPart := "M_10" ), rec(
actionMaximalTargets := [ 7 ],
familyDimension := 0,
fullIndex := 3,
immediateSpecializations := [  ],
isActionMaximal := true,
linearGroupId := [ 5940, 0 ],
number := 7,
pathsToActionMaximal := [ rec(
familyNumbers := [ 7 ],
targetNumber := 7 ) ],
projectiveGroupId := [ 1980, 0 ],
sourceKey := "rank-at-least-15-L_2(11)-PGL-1980-0-index-3-dimension-0",
symplecticPart := "L_2(11)" ), rec(
actionMaximalTargets := [ 8 ],
familyDimension := 0,
fullIndex := 6,
immediateSpecializations := [  ],
isActionMaximal := true,
linearGroupId := [ 6480, 0 ],
number := 8,
pathsToActionMaximal := [ rec(
familyNumbers := [ 8 ],
targetNumber := 8 ) ],
projectiveGroupId := [ 2160, 0 ],
sourceKey := "rank-at-least-15-A_3,5-PGL-2160-0-index-6-dimension-0",
symplecticPart := "A_3,5" ), rec(
actionMaximalTargets := [ 1, 4 ],
familyDimension := 1,
fullIndex := 2,
immediateSpecializations := [ 1, 4 ],
isActionMaximal := false,
linearGroupId := [ 5832, 0 ],
number := 9,
pathsToActionMaximal := [ rec(
familyNumbers := [ 9, 1 ],
targetNumber := 1 ), rec(
familyNumbers := [ 9, 4 ],
targetNumber := 4 ) ],
projectiveGroupId := [ 1944, 0 ],
sourceKey := "rank-at-least-15-3^{1+4}:2.2-PGL-1944-0-index-2-dimension-1",
symplecticPart := "3^{1+4}:2.2" ), rec(
actionMaximalTargets := [ 1, 2, 5, 6 ],
familyDimension := 1,
fullIndex := 1,
immediateSpecializations := [ 1, 2, 5, 6 ],
isActionMaximal := false,
linearGroupId := [ 1080, 260 ],
number := 10,
pathsToActionMaximal := [ rec(
familyNumbers := [ 10, 1 ],
targetNumber := 1 ), rec(
familyNumbers := [ 10, 2 ],
targetNumber := 2 ), rec(
familyNumbers := [ 10, 5 ],
targetNumber := 5 ), rec(
familyNumbers := [ 10, 6 ],
targetNumber := 6 ) ],
projectiveGroupId := [ 360, 0 ],
sourceKey := "rank-at-least-15-A_6-PGL-360-0-index-1-dimension-1",
symplecticPart := "A_6" ), rec(
actionMaximalTargets := [ 1, 3 ],
familyDimension := 1,
fullIndex := 2,
immediateSpecializations := [ 1, 3 ],
isActionMaximal := false,
linearGroupId := [ 2160, 0 ],
number := 11,
pathsToActionMaximal := [ rec(
familyNumbers := [ 11, 1 ],
targetNumber := 1 ), rec(
familyNumbers := [ 11, 3 ],
targetNumber := 3 ) ],
projectiveGroupId := [ 720, 0 ],
sourceKey := "rank-at-least-15-A_6-PGL-720-0-index-2-dimension-1",
symplecticPart := "A_6" ), rec(
actionMaximalTargets := [ 2, 3, 13, 14 ],
familyDimension := 1,
fullIndex := 1,
immediateSpecializations := [ 2, 3, 13, 14 ],
isActionMaximal := false,
linearGroupId := [ 504, 157 ],
number := 12,
pathsToActionMaximal := [ rec(
familyNumbers := [ 12, 2 ],
targetNumber := 2 ), rec(
familyNumbers := [ 12, 3 ],
targetNumber := 3 ), rec(
familyNumbers := [ 12, 13 ],
targetNumber := 13 ), rec(
familyNumbers := [ 12, 14 ],
targetNumber := 14 ) ],
projectiveGroupId := [ 168, 0 ],
sourceKey := "rank-at-least-15-PSL(2,7)-PGL-168-0-index-1-dimension-1",
symplecticPart := "PSL(2,7)" ), rec(
actionMaximalTargets := [ 13 ],
familyDimension := 0,
fullIndex := 2,
immediateSpecializations := [  ],
isActionMaximal := true,
linearGroupId := [ 1008, 882 ],
number := 13,
pathsToActionMaximal := [ rec(
familyNumbers := [ 13 ],
targetNumber := 13 ) ],
projectiveGroupId := [ 336, 0 ],
sourceKey := "rank-at-least-15-PSL(2,7)-PGL-336-0-index-2-dimension-0",
symplecticPart := "PSL(2,7)" ), rec(
actionMaximalTargets := [ 14 ],
familyDimension := 0,
fullIndex := 2,
immediateSpecializations := [  ],
isActionMaximal := true,
linearGroupId := [ 1008, 882 ],
number := 14,
pathsToActionMaximal := [ rec(
familyNumbers := [ 14 ],
targetNumber := 14 ) ],
projectiveGroupId := [ 336, 0 ],
sourceKey := "rank-at-least-15-PSL(2,7)-PGL-336-0-index-2-dimension-0-representation-2",
symplecticPart := "PSL(2,7)" ), rec(
actionMaximalTargets := [ 2 ],
familyDimension := 1,
fullIndex := 1,
immediateSpecializations := [ 2 ],
isActionMaximal := false,
linearGroupId := [ 360, 119 ],
number := 15,
pathsToActionMaximal := [ rec(
familyNumbers := [ 15, 2 ],
targetNumber := 2 ) ],
projectiveGroupId := [ 120, 0 ],
sourceKey := "rank-at-least-15-S_5-PGL-120-0-index-1-dimension-1",
symplecticPart := "S_5" ), rec(
actionMaximalTargets := [ 3, 8 ],
familyDimension := 1,
fullIndex := 2,
immediateSpecializations := [ 3, 8 ],
isActionMaximal := false,
linearGroupId := [ 720, 769 ],
number := 16,
pathsToActionMaximal := [ rec(
familyNumbers := [ 16, 3 ],
targetNumber := 3 ), rec(
familyNumbers := [ 16, 8 ],
targetNumber := 8 ) ],
projectiveGroupId := [ 240, 0 ],
sourceKey := "rank-at-least-15-S_5-PGL-240-0-index-2-dimension-1",
symplecticPart := "S_5" ), rec(
actionMaximalTargets := [ 4, 5, 6, 18 ],
familyDimension := 1,
fullIndex := 1,
immediateSpecializations := [ 4, 5, 6, 18 ],
isActionMaximal := false,
linearGroupId := [ 216, 88 ],
number := 17,
pathsToActionMaximal := [ rec(
familyNumbers := [ 17, 4 ],
targetNumber := 4 ), rec(
familyNumbers := [ 17, 5 ],
targetNumber := 5 ), rec(
familyNumbers := [ 17, 6 ],
targetNumber := 6 ), rec(
familyNumbers := [ 17, 18 ],
targetNumber := 18 ) ],
projectiveGroupId := [ 72, 41 ],
sourceKey := "rank-at-least-15-M_9-PGL-72-41-index-1-dimension-1",
symplecticPart := "M_9" ), rec(
actionMaximalTargets := [ 18 ],
familyDimension := 0,
fullIndex := 3,
immediateSpecializations := [  ],
isActionMaximal := true,
linearGroupId := [ 648, 533 ],
number := 18,
pathsToActionMaximal := [ rec(
familyNumbers := [ 18 ],
targetNumber := 18 ) ],
projectiveGroupId := [ 216, 0 ],
sourceKey := "rank-at-least-15-M_9-PGL-216-0-index-3-dimension-0",
symplecticPart := "M_9" ), rec(
actionMaximalTargets := [ 1 ],
familyDimension := 1,
fullIndex := 2,
immediateSpecializations := [ 1 ],
isActionMaximal := false,
linearGroupId := [ 432, 754 ],
number := 19,
pathsToActionMaximal := [ rec(
familyNumbers := [ 19, 1 ],
targetNumber := 1 ) ],
projectiveGroupId := [ 144, 186 ],
sourceKey := "rank-at-least-15-N_72-PGL-144-186-index-2-dimension-1",
symplecticPart := "N_72" ), rec(
actionMaximalTargets := [ 20 ],
familyDimension := 1,
fullIndex := 1,
immediateSpecializations := [  ],
isActionMaximal := true,
linearGroupId := [ 144, 122 ],
number := 20,
pathsToActionMaximal := [ rec(
familyNumbers := [ 20 ],
targetNumber := 20 ) ],
projectiveGroupId := [ 48, 0 ],
sourceKey := "rank-at-least-15-T_48-PGL-48-0-index-1-dimension-1",
symplecticPart := "T_48" ), rec(
actionMaximalTargets := [ 1, 4, 24 ],
familyDimension := 2,
fullIndex := 2,
immediateSpecializations := [ 9, 22, 23 ],
isActionMaximal := false,
linearGroupId := [ 2916, 0 ],
number := 21,
pathsToActionMaximal := [ rec(
familyNumbers := [ 21, 9, 1 ],
targetNumber := 1 ), rec(
familyNumbers := [ 21, 9, 4 ],
targetNumber := 4 ), rec(
familyNumbers := [ 21, 22, 24 ],
targetNumber := 24 ) ],
projectiveGroupId := [ 972, 0 ],
sourceKey := "rank-at-least-15-3^{1+4}:2-PGL-972-0-index-2-dimension-2",
symplecticPart := "3^{1+4}:2" ), rec(
actionMaximalTargets := [ 4, 24 ],
familyDimension := 1,
fullIndex := 4,
immediateSpecializations := [ 4, 24 ],
isActionMaximal := false,
linearGroupId := [ 5832, 0 ],
number := 22,
pathsToActionMaximal := [ rec(
familyNumbers := [ 22, 4 ],
targetNumber := 4 ), rec(
familyNumbers := [ 22, 24 ],
targetNumber := 24 ) ],
projectiveGroupId := [ 1944, 3493 ],
sourceKey := "rank-at-least-15-3^{1+4}:2-PGL-1944-3493-index-4-dimension-1",
symplecticPart := "3^{1+4}:2" ), rec(
actionMaximalTargets := [ 1, 24 ],
familyDimension := 1,
fullIndex := 6,
immediateSpecializations := [ 1, 24 ],
isActionMaximal := false,
linearGroupId := [ 8748, 0 ],
number := 23,
pathsToActionMaximal := [ rec(
familyNumbers := [ 23, 1 ],
targetNumber := 1 ), rec(
familyNumbers := [ 23, 24 ],
targetNumber := 24 ) ],
projectiveGroupId := [ 2916, 0 ],
sourceKey := "rank-at-least-15-3^{1+4}:2-PGL-2916-0-index-6-dimension-1",
symplecticPart := "3^{1+4}:2" ), rec(
actionMaximalTargets := [ 24 ],
familyDimension := 0,
fullIndex := 12,
immediateSpecializations := [  ],
isActionMaximal := true,
linearGroupId := [ 17496, 0 ],
number := 24,
pathsToActionMaximal := [ rec(
familyNumbers := [ 24 ],
targetNumber := 24 ) ],
projectiveGroupId := [ 5832, 0 ],
sourceKey := "rank-at-least-15-3^{1+4}:2-PGL-5832-0-index-12-dimension-0",
symplecticPart := "3^{1+4}:2" ), rec(
actionMaximalTargets := [ 1, 2 ],
familyDimension := 2,
fullIndex := 1,
immediateSpecializations := [ 2, 26 ],
isActionMaximal := false,
linearGroupId := [ 216, 95 ],
number := 25,
pathsToActionMaximal := [ rec(
familyNumbers := [ 25, 26, 1 ],
targetNumber := 1 ), rec(
familyNumbers := [ 25, 2 ],
targetNumber := 2 ) ],
projectiveGroupId := [ 72, 43 ],
sourceKey := "rank-at-least-15-A_4,3-PGL-72-43-index-1-dimension-2",
symplecticPart := "A_4,3" ), rec(
actionMaximalTargets := [ 1 ],
familyDimension := 1,
fullIndex := 2,
immediateSpecializations := [ 1 ],
isActionMaximal := false,
linearGroupId := [ 432, 538 ],
number := 26,
pathsToActionMaximal := [ rec(
familyNumbers := [ 26, 1 ],
targetNumber := 1 ) ],
projectiveGroupId := [ 144, 189 ],
sourceKey := "rank-at-least-15-A_4,3-PGL-144-189-index-2-dimension-1",
symplecticPart := "A_4,3" ), rec(
actionMaximalTargets := [ 1, 3, 8 ],
familyDimension := 2,
fullIndex := 2,
immediateSpecializations := [ 3, 28 ],
isActionMaximal := false,
linearGroupId := [ 432, 745 ],
number := 27,
pathsToActionMaximal := [ rec(
familyNumbers := [ 27, 28, 1 ],
targetNumber := 1 ), rec(
familyNumbers := [ 27, 3 ],
targetNumber := 3 ), rec(
familyNumbers := [ 27, 28, 8 ],
targetNumber := 8 ) ],
projectiveGroupId := [ 144, 0 ],
sourceKey := "rank-at-least-15-A_4,3-PGL-144-0-index-2-dimension-2",
symplecticPart := "A_4,3" ), rec(
actionMaximalTargets := [ 1, 8 ],
familyDimension := 1,
fullIndex := 6,
immediateSpecializations := [ 1, 8 ],
isActionMaximal := false,
linearGroupId := [ 1296, 3545 ],
number := 28,
pathsToActionMaximal := [ rec(
familyNumbers := [ 28, 1 ],
targetNumber := 1 ), rec(
familyNumbers := [ 28, 8 ],
targetNumber := 8 ) ],
projectiveGroupId := [ 432, 745 ],
sourceKey := "rank-at-least-15-A_4,3-PGL-432-745-index-6-dimension-1",
symplecticPart := "A_4,3" ), rec(
actionMaximalTargets := [ 1, 2, 3, 5, 6, 7 ],
familyDimension := 2,
fullIndex := 1,
immediateSpecializations := [ 10, 11, 15, 30 ],
isActionMaximal := false,
linearGroupId := [ 180, 19 ],
number := 29,
pathsToActionMaximal := [ rec(
familyNumbers := [ 29, 10, 1 ],
targetNumber := 1 ), rec(
familyNumbers := [ 29, 10, 2 ],
targetNumber := 2 ), rec(
familyNumbers := [ 29, 11, 3 ],
targetNumber := 3 ), rec(
familyNumbers := [ 29, 10, 5 ],
targetNumber := 5 ), rec(
familyNumbers := [ 29, 10, 6 ],
targetNumber := 6 ), rec(
familyNumbers := [ 29, 30, 7 ],
targetNumber := 7 ) ],
projectiveGroupId := [ 60, 0 ],
sourceKey := "rank-at-least-15-A_5-PGL-60-0-index-1-dimension-2",
symplecticPart := "A_5" ), rec(
actionMaximalTargets := [ 1, 7 ],
familyDimension := 1,
fullIndex := 3,
immediateSpecializations := [ 1, 7 ],
isActionMaximal := false,
linearGroupId := [ 540, 88 ],
number := 30,
pathsToActionMaximal := [ rec(
familyNumbers := [ 30, 1 ],
targetNumber := 1 ), rec(
familyNumbers := [ 30, 7 ],
targetNumber := 7 ) ],
projectiveGroupId := [ 180, 19 ],
sourceKey := "rank-at-least-15-A_5-PGL-180-19-index-3-dimension-1",
symplecticPart := "A_5" ), rec(
actionMaximalTargets := [ 1, 3, 8 ],
familyDimension := 2,
fullIndex := 2,
immediateSpecializations := [ 11, 16, 32 ],
isActionMaximal := false,
linearGroupId := [ 360, 119 ],
number := 31,
pathsToActionMaximal := [ rec(
familyNumbers := [ 31, 11, 1 ],
targetNumber := 1 ), rec(
familyNumbers := [ 31, 11, 3 ],
targetNumber := 3 ), rec(
familyNumbers := [ 31, 16, 8 ],
targetNumber := 8 ) ],
projectiveGroupId := [ 120, 0 ],
sourceKey := "rank-at-least-15-A_5-PGL-120-0-index-2-dimension-2",
symplecticPart := "A_5" ), rec(
actionMaximalTargets := [ 1, 8 ],
familyDimension := 1,
fullIndex := 6,
immediateSpecializations := [ 1, 8 ],
isActionMaximal := false,
linearGroupId := [ 1080, 490 ],
number := 32,
pathsToActionMaximal := [ rec(
familyNumbers := [ 32, 1 ],
targetNumber := 1 ), rec(
familyNumbers := [ 32, 8 ],
targetNumber := 8 ) ],
projectiveGroupId := [ 360, 119 ],
sourceKey := "rank-at-least-15-A_5-PGL-360-119-index-6-dimension-1",
symplecticPart := "A_5" ), rec(
actionMaximalTargets := [ 1, 2, 4, 5, 6, 18 ],
familyDimension := 2,
fullIndex := 1,
immediateSpecializations := [ 9, 10, 17 ],
isActionMaximal := false,
linearGroupId := [ 108, 15 ],
number := 33,
pathsToActionMaximal := [ rec(
familyNumbers := [ 33, 9, 1 ],
targetNumber := 1 ), rec(
familyNumbers := [ 33, 10, 2 ],
targetNumber := 2 ), rec(
familyNumbers := [ 33, 9, 4 ],
targetNumber := 4 ), rec(
familyNumbers := [ 33, 10, 5 ],
targetNumber := 5 ), rec(
familyNumbers := [ 33, 10, 6 ],
targetNumber := 6 ), rec(
familyNumbers := [ 33, 17, 18 ],
targetNumber := 18 ) ],
projectiveGroupId := [ 36, 0 ],
sourceKey := "rank-at-least-15-3^2.4-PGL-36-0-index-1-dimension-2",
symplecticPart := "3^2.4" ), rec(
actionMaximalTargets := [ 1, 3, 4 ],
familyDimension := 2,
fullIndex := 2,
immediateSpecializations := [ 9, 11, 19 ],
isActionMaximal := false,
linearGroupId := [ 216, 157 ],
number := 34,
pathsToActionMaximal := [ rec(
familyNumbers := [ 34, 9, 1 ],
targetNumber := 1 ), rec(
familyNumbers := [ 34, 11, 3 ],
targetNumber := 3 ), rec(
familyNumbers := [ 34, 9, 4 ],
targetNumber := 4 ) ],
projectiveGroupId := [ 72, 40 ],
sourceKey := "rank-at-least-15-3^2.4-PGL-72-40-index-2-dimension-2",
symplecticPart := "3^2.4" ), rec(
actionMaximalTargets := [ 1, 8 ],
familyDimension := 2,
fullIndex := 2,
immediateSpecializations := [ 19, 36 ],
isActionMaximal := false,
linearGroupId := [ 216, 170 ],
number := 35,
pathsToActionMaximal := [ rec(
familyNumbers := [ 35, 19, 1 ],
targetNumber := 1 ), rec(
familyNumbers := [ 35, 36, 8 ],
targetNumber := 8 ) ],
projectiveGroupId := [ 72, 46 ],
sourceKey := "rank-at-least-15-S_3,3-PGL-72-46-index-2-dimension-2",
symplecticPart := "S_3,3" ), rec(
actionMaximalTargets := [ 1, 8 ],
familyDimension := 1,
fullIndex := 6,
immediateSpecializations := [ 1, 8 ],
isActionMaximal := false,
linearGroupId := [ 648, 746 ],
number := 36,
pathsToActionMaximal := [ rec(
familyNumbers := [ 36, 1 ],
targetNumber := 1 ), rec(
familyNumbers := [ 36, 8 ],
targetNumber := 8 ) ],
projectiveGroupId := [ 216, 170 ],
sourceKey := "rank-at-least-15-S_3,3-PGL-216-170-index-6-dimension-1",
symplecticPart := "S_3,3" ), rec(
actionMaximalTargets := [ 1 ],
familyDimension := 2,
fullIndex := 2,
immediateSpecializations := [ 19, 38 ],
isActionMaximal := false,
linearGroupId := [ 216, 157 ],
number := 37,
pathsToActionMaximal := [ rec(
familyNumbers := [ 37, 19, 1 ],
targetNumber := 1 ) ],
projectiveGroupId := [ 72, 40 ],
sourceKey := "rank-at-least-15-S_3,3-PGL-72-40-index-2-dimension-2",
symplecticPart := "S_3,3" ), rec(
actionMaximalTargets := [ 1 ],
familyDimension := 1,
fullIndex := 6,
immediateSpecializations := [ 1 ],
isActionMaximal := false,
linearGroupId := [ 648, 718 ],
number := 38,
pathsToActionMaximal := [ rec(
familyNumbers := [ 38, 1 ],
targetNumber := 1 ) ],
projectiveGroupId := [ 216, 157 ],
sourceKey := "rank-at-least-15-S_3,3-PGL-216-157-index-6-dimension-1",
symplecticPart := "S_3,3" ), rec(
actionMaximalTargets := [ 2, 3, 13, 14, 41 ],
familyDimension := 2,
fullIndex := 1,
immediateSpecializations := [ 12, 40 ],
isActionMaximal := false,
linearGroupId := [ 63, 3 ],
number := 39,
pathsToActionMaximal := [ rec(
familyNumbers := [ 39, 12, 2 ],
targetNumber := 2 ), rec(
familyNumbers := [ 39, 12, 3 ],
targetNumber := 3 ), rec(
familyNumbers := [ 39, 12, 13 ],
targetNumber := 13 ), rec(
familyNumbers := [ 39, 12, 14 ],
targetNumber := 14 ), rec(
familyNumbers := [ 39, 40, 41 ],
targetNumber := 41 ) ],
projectiveGroupId := [ 21, 0 ],
sourceKey := "rank-at-least-15-F_21-PGL-21-0-index-1-dimension-2",
symplecticPart := "F_21" ), rec(
actionMaximalTargets := [ 3, 13, 14, 41 ],
familyDimension := 1,
fullIndex := 2,
immediateSpecializations := [ 3, 13, 14, 41 ],
isActionMaximal := false,
linearGroupId := [ 126, 7 ],
number := 40,
pathsToActionMaximal := [ rec(
familyNumbers := [ 40, 3 ],
targetNumber := 3 ), rec(
familyNumbers := [ 40, 13 ],
targetNumber := 13 ), rec(
familyNumbers := [ 40, 14 ],
targetNumber := 14 ), rec(
familyNumbers := [ 40, 41 ],
targetNumber := 41 ) ],
projectiveGroupId := [ 42, 0 ],
sourceKey := "rank-at-least-15-F_21-PGL-42-0-index-2-dimension-1",
symplecticPart := "F_21" ), rec(
actionMaximalTargets := [ 41 ],
familyDimension := 0,
fullIndex := 6,
immediateSpecializations := [  ],
isActionMaximal := true,
linearGroupId := [ 378, 8 ],
number := 41,
pathsToActionMaximal := [ rec(
familyNumbers := [ 41 ],
targetNumber := 41 ) ],
projectiveGroupId := [ 126, 0 ],
sourceKey := "rank-at-least-15-F_21-PGL-126-0-index-6-dimension-0",
symplecticPart := "F_21" ), rec(
actionMaximalTargets := [ 2, 3, 5, 6, 8 ],
familyDimension := 2,
fullIndex := 1,
immediateSpecializations := [ 5, 6, 15, 16 ],
isActionMaximal := false,
linearGroupId := [ 60, 6 ],
number := 42,
pathsToActionMaximal := [ rec(
familyNumbers := [ 42, 15, 2 ],
targetNumber := 2 ), rec(
familyNumbers := [ 42, 16, 3 ],
targetNumber := 3 ), rec(
familyNumbers := [ 42, 5 ],
targetNumber := 5 ), rec(
familyNumbers := [ 42, 6 ],
targetNumber := 6 ), rec(
familyNumbers := [ 42, 16, 8 ],
targetNumber := 8 ) ],
projectiveGroupId := [ 20, 0 ],
sourceKey := "rank-at-least-15-Hol_5-PGL-20-0-index-1-dimension-2",
symplecticPart := "Hol_5" ), rec(
actionMaximalTargets := [ 5, 6, 20, 44 ],
familyDimension := 2,
fullIndex := 1,
immediateSpecializations := [ 5, 6, 20, 44 ],
isActionMaximal := false,
linearGroupId := [ 48, 26 ],
number := 43,
pathsToActionMaximal := [ rec(
familyNumbers := [ 43, 5 ],
targetNumber := 5 ), rec(
familyNumbers := [ 43, 6 ],
targetNumber := 6 ), rec(
familyNumbers := [ 43, 20 ],
targetNumber := 20 ), rec(
familyNumbers := [ 43, 44 ],
targetNumber := 44 ) ],
projectiveGroupId := [ 16, 0 ],
sourceKey := "rank-at-least-15-QD_16-PGL-16-0-index-1-dimension-2",
symplecticPart := "QD_16" ), rec(
actionMaximalTargets := [ 44 ],
familyDimension := 1,
fullIndex := 2,
immediateSpecializations := [  ],
isActionMaximal := true,
linearGroupId := [ 96, 182 ],
number := 44,
pathsToActionMaximal := [ rec(
familyNumbers := [ 44 ],
targetNumber := 44 ) ],
projectiveGroupId := [ 32, 42 ],
sourceKey := "rank-at-least-15-QD_16-PGL-32-42-index-2-dimension-1",
symplecticPart := "QD_16" ), rec(
actionMaximalTargets := [ 1, 2, 3, 5, 6, 8, 13, 14 ],
familyDimension := 3,
fullIndex := 1,
immediateSpecializations := [ 10, 12, 15, 25, 27, 46 ],
isActionMaximal := false,
linearGroupId := [ 72, 42 ],
number := 45,
pathsToActionMaximal := [ rec(
familyNumbers := [ 45, 10, 1 ],
targetNumber := 1 ), rec(
familyNumbers := [ 45, 10, 2 ],
targetNumber := 2 ), rec(
familyNumbers := [ 45, 12, 3 ],
targetNumber := 3 ), rec(
familyNumbers := [ 45, 10, 5 ],
targetNumber := 5 ), rec(
familyNumbers := [ 45, 10, 6 ],
targetNumber := 6 ), rec(
familyNumbers := [ 45, 27, 28, 8 ],
targetNumber := 8 ), rec(
familyNumbers := [ 45, 12, 13 ],
targetNumber := 13 ), rec(
familyNumbers := [ 45, 12, 14 ],
targetNumber := 14 ) ],
projectiveGroupId := [ 24, 0 ],
sourceKey := "rank-at-least-15-S_4-PGL-24-0-index-1-dimension-3",
symplecticPart := "S_4" ), rec(
actionMaximalTargets := [ 1, 3 ],
familyDimension := 2,
fullIndex := 2,
immediateSpecializations := [ 11, 26 ],
isActionMaximal := false,
linearGroupId := [ 144, 188 ],
number := 46,
pathsToActionMaximal := [ rec(
familyNumbers := [ 46, 11, 1 ],
targetNumber := 1 ), rec(
familyNumbers := [ 46, 11, 3 ],
targetNumber := 3 ) ],
projectiveGroupId := [ 48, 48 ],
sourceKey := "rank-at-least-15-S_4-PGL-48-48-index-2-dimension-2",
symplecticPart := "S_4" ), rec(
actionMaximalTargets := [ 1, 3, 8 ],
familyDimension := 3,
fullIndex := 2,
immediateSpecializations := [ 11, 16, 27 ],
isActionMaximal := false,
linearGroupId := [ 144, 188 ],
number := 47,
pathsToActionMaximal := [ rec(
familyNumbers := [ 47, 11, 1 ],
targetNumber := 1 ), rec(
familyNumbers := [ 47, 11, 3 ],
targetNumber := 3 ), rec(
familyNumbers := [ 47, 16, 8 ],
targetNumber := 8 ) ],
projectiveGroupId := [ 48, 0 ],
sourceKey := "rank-at-least-15-S_4-PGL-48-0-index-2-dimension-3",
symplecticPart := "S_4" ), rec(
actionMaximalTargets := [ 4, 5, 6, 18, 20, 44 ],
familyDimension := 3,
fullIndex := 1,
immediateSpecializations := [ 17, 43, 49, 50 ],
isActionMaximal := false,
linearGroupId := [ 24, 11 ],
number := 48,
pathsToActionMaximal := [ rec(
familyNumbers := [ 48, 17, 4 ],
targetNumber := 4 ), rec(
familyNumbers := [ 48, 17, 5 ],
targetNumber := 5 ), rec(
familyNumbers := [ 48, 17, 6 ],
targetNumber := 6 ), rec(
familyNumbers := [ 48, 17, 18 ],
targetNumber := 18 ), rec(
familyNumbers := [ 48, 43, 20 ],
targetNumber := 20 ), rec(
familyNumbers := [ 48, 43, 44 ],
targetNumber := 44 ) ],
projectiveGroupId := [ 8, 0 ],
sourceKey := "rank-at-least-15-Q_8-PGL-8-0-index-1-dimension-3",
symplecticPart := "Q_8" ), rec(
actionMaximalTargets := [ 4, 44 ],
familyDimension := 2,
fullIndex := 2,
immediateSpecializations := [ 44, 51 ],
isActionMaximal := false,
linearGroupId := [ 48, 47 ],
number := 49,
pathsToActionMaximal := [ rec(
familyNumbers := [ 49, 51, 4 ],
targetNumber := 4 ), rec(
familyNumbers := [ 49, 44 ],
targetNumber := 44 ) ],
projectiveGroupId := [ 16, 13 ],
sourceKey := "rank-at-least-15-Q_8-PGL-16-13-index-2-dimension-2",
symplecticPart := "Q_8" ), rec(
actionMaximalTargets := [ 18 ],
familyDimension := 1,
fullIndex := 3,
immediateSpecializations := [ 18 ],
isActionMaximal := false,
linearGroupId := [ 72, 25 ],
number := 50,
pathsToActionMaximal := [ rec(
familyNumbers := [ 50, 18 ],
targetNumber := 18 ) ],
projectiveGroupId := [ 24, 3 ],
sourceKey := "rank-at-least-15-Q_8-PGL-24-3-index-3-dimension-1",
symplecticPart := "Q_8" ), rec(
actionMaximalTargets := [ 4 ],
familyDimension := 1,
fullIndex := 4,
immediateSpecializations := [ 4 ],
isActionMaximal := false,
linearGroupId := [ 96, 54 ],
number := 51,
pathsToActionMaximal := [ rec(
familyNumbers := [ 51, 4 ],
targetNumber := 4 ) ],
projectiveGroupId := [ 32, 11 ],
sourceKey := "rank-at-least-15-Q_8-PGL-32-11-index-4-dimension-1",
symplecticPart := "Q_8" ), rec(
actionMaximalTargets := [ 1, 2, 4, 5, 6, 18, 24 ],
familyDimension := 4,
fullIndex := 1,
immediateSpecializations := [ 21, 25, 33, 53, 54 ],
isActionMaximal := false,
linearGroupId := [ 54, 8 ],
number := 52,
pathsToActionMaximal := [ rec(
familyNumbers := [ 52, 54, 1 ],
targetNumber := 1 ), rec(
familyNumbers := [ 52, 25, 2 ],
targetNumber := 2 ), rec(
familyNumbers := [ 52, 21, 9, 4 ],
targetNumber := 4 ), rec(
familyNumbers := [ 52, 33, 10, 5 ],
targetNumber := 5 ), rec(
familyNumbers := [ 52, 33, 10, 6 ],
targetNumber := 6 ), rec(
familyNumbers := [ 52, 54, 18 ],
targetNumber := 18 ), rec(
familyNumbers := [ 52, 21, 22, 24 ],
targetNumber := 24 ) ],
projectiveGroupId := [ 18, 0 ],
sourceKey := "rank-at-least-15-A_3,3-PGL-18-0-index-1-dimension-4",
symplecticPart := "A_3,3" ), rec(
actionMaximalTargets := [ 1, 4 ],
familyDimension := 2,
fullIndex := 2,
immediateSpecializations := [ 9, 26 ],
isActionMaximal := false,
linearGroupId := [ 108, 28 ],
number := 53,
pathsToActionMaximal := [ rec(
familyNumbers := [ 53, 9, 1 ],
targetNumber := 1 ), rec(
familyNumbers := [ 53, 9, 4 ],
targetNumber := 4 ) ],
projectiveGroupId := [ 36, 13 ],
sourceKey := "rank-at-least-15-A_3,3-PGL-36-13-index-2-dimension-2",
symplecticPart := "A_3,3" ), rec(
actionMaximalTargets := [ 1, 18 ],
familyDimension := 1,
fullIndex := 3,
immediateSpecializations := [ 1, 18 ],
isActionMaximal := false,
linearGroupId := [ 162, 10 ],
number := 54,
pathsToActionMaximal := [ rec(
familyNumbers := [ 54, 1 ],
targetNumber := 1 ), rec(
familyNumbers := [ 54, 18 ],
targetNumber := 18 ) ],
projectiveGroupId := [ 54, 5 ],
sourceKey := "rank-at-least-15-A_3,3-PGL-54-5-index-3-dimension-1",
symplecticPart := "A_3,3" ), rec(
actionMaximalTargets := [ 1, 3, 4, 8, 24 ],
familyDimension := 4,
fullIndex := 2,
immediateSpecializations := [ 21, 27, 34, 35, 37, 56, 57 ],
isActionMaximal := false,
linearGroupId := [ 108, 38 ],
number := 55,
pathsToActionMaximal := [ rec(
familyNumbers := [ 55, 21, 9, 1 ],
targetNumber := 1 ), rec(
familyNumbers := [ 55, 27, 3 ],
targetNumber := 3 ), rec(
familyNumbers := [ 55, 21, 9, 4 ],
targetNumber := 4 ), rec(
familyNumbers := [ 55, 27, 28, 8 ],
targetNumber := 8 ), rec(
familyNumbers := [ 55, 21, 22, 24 ],
targetNumber := 24 ) ],
projectiveGroupId := [ 36, 0 ],
sourceKey := "rank-at-least-15-A_3,3-PGL-36-0-index-2-dimension-4",
symplecticPart := "A_3,3" ), rec(
actionMaximalTargets := [ 1, 8, 24 ],
familyDimension := 2,
fullIndex := 6,
immediateSpecializations := [ 23, 28, 36 ],
isActionMaximal := false,
linearGroupId := [ 324, 165 ],
number := 56,
pathsToActionMaximal := [ rec(
familyNumbers := [ 56, 23, 1 ],
targetNumber := 1 ), rec(
familyNumbers := [ 56, 28, 8 ],
targetNumber := 8 ), rec(
familyNumbers := [ 56, 23, 24 ],
targetNumber := 24 ) ],
projectiveGroupId := [ 108, 38 ],
sourceKey := "rank-at-least-15-A_3,3-PGL-108-38-index-6-dimension-2",
symplecticPart := "A_3,3" ), rec(
actionMaximalTargets := [ 1, 24 ],
familyDimension := 2,
fullIndex := 6,
immediateSpecializations := [ 23, 38 ],
isActionMaximal := false,
linearGroupId := [ 324, 165 ],
number := 57,
pathsToActionMaximal := [ rec(
familyNumbers := [ 57, 23, 1 ],
targetNumber := 1 ), rec(
familyNumbers := [ 57, 23, 24 ],
targetNumber := 24 ) ],
projectiveGroupId := [ 108, 38 ],
sourceKey := "rank-at-least-15-A_3,3-PGL-108-38-index-6-dimension-2-representation-2",
symplecticPart := "A_3,3" ), rec(
actionMaximalTargets := [ 1, 2, 7, 20 ],
familyDimension := 4,
fullIndex := 1,
immediateSpecializations := [ 15, 20, 25, 37, 59, 60, 61 ],
isActionMaximal := false,
linearGroupId := [ 36, 12 ],
number := 58,
pathsToActionMaximal := [ rec(
familyNumbers := [ 58, 25, 26, 1 ],
targetNumber := 1 ), rec(
familyNumbers := [ 58, 15, 2 ],
targetNumber := 2 ), rec(
familyNumbers := [ 58, 61, 7 ],
targetNumber := 7 ), rec(
familyNumbers := [ 58, 20 ],
targetNumber := 20 ) ],
projectiveGroupId := [ 12, 0 ],
sourceKey := "rank-at-least-15-D_12-PGL-12-0-index-1-dimension-4",
symplecticPart := "D_12" ), rec(
actionMaximalTargets := [ 1 ],
familyDimension := 2,
fullIndex := 2,
immediateSpecializations := [ 26, 62 ],
isActionMaximal := false,
linearGroupId := [ 72, 30 ],
number := 59,
pathsToActionMaximal := [ rec(
familyNumbers := [ 59, 26, 1 ],
targetNumber := 1 ) ],
projectiveGroupId := [ 24, 8 ],
sourceKey := "rank-at-least-15-D_12-PGL-24-8-index-2-dimension-2",
symplecticPart := "D_12" ), rec(
actionMaximalTargets := [ 1 ],
familyDimension := 2,
fullIndex := 2,
immediateSpecializations := [ 19, 26 ],
isActionMaximal := false,
linearGroupId := [ 72, 48 ],
number := 60,
pathsToActionMaximal := [ rec(
familyNumbers := [ 60, 19, 1 ],
targetNumber := 1 ) ],
projectiveGroupId := [ 24, 14 ],
sourceKey := "rank-at-least-15-D_12-PGL-24-14-index-2-dimension-2",
symplecticPart := "D_12" ), rec(
actionMaximalTargets := [ 1, 7 ],
familyDimension := 2,
fullIndex := 3,
immediateSpecializations := [ 7, 38, 62 ],
isActionMaximal := false,
linearGroupId := [ 108, 42 ],
number := 61,
pathsToActionMaximal := [ rec(
familyNumbers := [ 61, 38, 1 ],
targetNumber := 1 ), rec(
familyNumbers := [ 61, 7 ],
targetNumber := 7 ) ],
projectiveGroupId := [ 36, 12 ],
sourceKey := "rank-at-least-15-D_12-PGL-36-12-index-3-dimension-2",
symplecticPart := "D_12" ), rec(
actionMaximalTargets := [ 1 ],
familyDimension := 1,
fullIndex := 6,
immediateSpecializations := [ 1 ],
isActionMaximal := false,
linearGroupId := [ 216, 139 ],
number := 62,
pathsToActionMaximal := [ rec(
familyNumbers := [ 62, 1 ],
targetNumber := 1 ) ],
projectiveGroupId := [ 72, 30 ],
sourceKey := "rank-at-least-15-D_12-PGL-72-30-index-6-dimension-1",
symplecticPart := "D_12" ), rec(
actionMaximalTargets := [ 1, 3, 8 ],
familyDimension := 4,
fullIndex := 2,
immediateSpecializations := [ 16, 27, 35, 64 ],
isActionMaximal := false,
linearGroupId := [ 72, 48 ],
number := 63,
pathsToActionMaximal := [ rec(
familyNumbers := [ 63, 27, 28, 1 ],
targetNumber := 1 ), rec(
familyNumbers := [ 63, 16, 3 ],
targetNumber := 3 ), rec(
familyNumbers := [ 63, 16, 8 ],
targetNumber := 8 ) ],
projectiveGroupId := [ 24, 14 ],
sourceKey := "rank-at-least-15-D_12-PGL-24-14-index-2-dimension-4",
symplecticPart := "D_12" ), rec(
actionMaximalTargets := [ 1, 8 ],
familyDimension := 2,
fullIndex := 6,
immediateSpecializations := [ 28, 36 ],
isActionMaximal := false,
linearGroupId := [ 216, 174 ],
number := 64,
pathsToActionMaximal := [ rec(
familyNumbers := [ 64, 28, 1 ],
targetNumber := 1 ), rec(
familyNumbers := [ 64, 28, 8 ],
targetNumber := 8 ) ],
projectiveGroupId := [ 72, 48 ],
sourceKey := "rank-at-least-15-D_12-PGL-72-48-index-6-dimension-2",
symplecticPart := "D_12" ), rec(
actionMaximalTargets := [ 1, 2, 3, 5, 6, 7, 8, 13, 14 ],
familyDimension := 4,
fullIndex := 1,
immediateSpecializations := [ 29, 45, 66, 67 ],
isActionMaximal := false,
linearGroupId := [ 36, 11 ],
number := 65,
pathsToActionMaximal := [ rec(
familyNumbers := [ 65, 29, 10, 1 ],
targetNumber := 1 ), rec(
familyNumbers := [ 65, 29, 10, 2 ],
targetNumber := 2 ), rec(
familyNumbers := [ 65, 29, 11, 3 ],
targetNumber := 3 ), rec(
familyNumbers := [ 65, 29, 10, 5 ],
targetNumber := 5 ), rec(
familyNumbers := [ 65, 29, 10, 6 ],
targetNumber := 6 ), rec(
familyNumbers := [ 65, 29, 30, 7 ],
targetNumber := 7 ), rec(
familyNumbers := [ 65, 67, 28, 8 ],
targetNumber := 8 ), rec(
familyNumbers := [ 65, 45, 12, 13 ],
targetNumber := 13 ), rec(
familyNumbers := [ 65, 45, 12, 14 ],
targetNumber := 14 ) ],
projectiveGroupId := [ 12, 0 ],
sourceKey := "rank-at-least-15-A_4-PGL-12-0-index-1-dimension-4",
symplecticPart := "A_4" ), rec(
actionMaximalTargets := [ 1, 3 ],
familyDimension := 3,
fullIndex := 2,
immediateSpecializations := [ 46 ],
isActionMaximal := false,
linearGroupId := [ 72, 47 ],
number := 66,
pathsToActionMaximal := [ rec(
familyNumbers := [ 66, 46, 11, 1 ],
targetNumber := 1 ), rec(
familyNumbers := [ 66, 46, 11, 3 ],
targetNumber := 3 ) ],
projectiveGroupId := [ 24, 13 ],
sourceKey := "rank-at-least-15-A_4-PGL-24-13-index-2-dimension-3",
symplecticPart := "A_4" ), rec(
actionMaximalTargets := [ 1, 7, 8 ],
familyDimension := 2,
fullIndex := 3,
immediateSpecializations := [ 28, 30 ],
isActionMaximal := false,
linearGroupId := [ 108, 41 ],
number := 67,
pathsToActionMaximal := [ rec(
familyNumbers := [ 67, 28, 1 ],
targetNumber := 1 ), rec(
familyNumbers := [ 67, 30, 7 ],
targetNumber := 7 ), rec(
familyNumbers := [ 67, 28, 8 ],
targetNumber := 8 ) ],
projectiveGroupId := [ 36, 11 ],
sourceKey := "rank-at-least-15-A_4-PGL-36-11-index-3-dimension-2",
symplecticPart := "A_4" ), rec(
actionMaximalTargets := [ 1, 3, 8 ],
familyDimension := 4,
fullIndex := 2,
immediateSpecializations := [ 31, 47, 69 ],
isActionMaximal := false,
linearGroupId := [ 72, 42 ],
number := 68,
pathsToActionMaximal := [ rec(
familyNumbers := [ 68, 31, 11, 1 ],
targetNumber := 1 ), rec(
familyNumbers := [ 68, 31, 11, 3 ],
targetNumber := 3 ), rec(
familyNumbers := [ 68, 31, 16, 8 ],
targetNumber := 8 ) ],
projectiveGroupId := [ 24, 0 ],
sourceKey := "rank-at-least-15-A_4-PGL-24-0-index-2-dimension-4",
symplecticPart := "A_4" ), rec(
actionMaximalTargets := [ 1, 8 ],
familyDimension := 2,
fullIndex := 6,
immediateSpecializations := [ 28, 32 ],
isActionMaximal := false,
linearGroupId := [ 216, 163 ],
number := 69,
pathsToActionMaximal := [ rec(
familyNumbers := [ 69, 28, 1 ],
targetNumber := 1 ), rec(
familyNumbers := [ 69, 28, 8 ],
targetNumber := 8 ) ],
projectiveGroupId := [ 72, 42 ],
sourceKey := "rank-at-least-15-A_4-PGL-72-42-index-6-dimension-2",
symplecticPart := "A_4" ), rec(
actionMaximalTargets := [ 1, 2, 3, 5, 6, 7, 8 ],
familyDimension := 4,
fullIndex := 1,
immediateSpecializations := [ 29, 31, 42, 71, 72 ],
isActionMaximal := false,
linearGroupId := [ 30, 2 ],
number := 70,
pathsToActionMaximal := [ rec(
familyNumbers := [ 70, 29, 10, 1 ],
targetNumber := 1 ), rec(
familyNumbers := [ 70, 29, 10, 2 ],
targetNumber := 2 ), rec(
familyNumbers := [ 70, 29, 11, 3 ],
targetNumber := 3 ), rec(
familyNumbers := [ 70, 42, 5 ],
targetNumber := 5 ), rec(
familyNumbers := [ 70, 42, 6 ],
targetNumber := 6 ), rec(
familyNumbers := [ 70, 29, 30, 7 ],
targetNumber := 7 ), rec(
familyNumbers := [ 70, 31, 16, 8 ],
targetNumber := 8 ) ],
projectiveGroupId := [ 10, 0 ],
sourceKey := "rank-at-least-15-D_10-PGL-10-0-index-1-dimension-4",
symplecticPart := "D_10" ), rec(
actionMaximalTargets := [ 3, 8 ],
familyDimension := 2,
fullIndex := 2,
immediateSpecializations := [ 16 ],
isActionMaximal := false,
linearGroupId := [ 60, 10 ],
number := 71,
pathsToActionMaximal := [ rec(
familyNumbers := [ 71, 16, 3 ],
targetNumber := 3 ), rec(
familyNumbers := [ 71, 16, 8 ],
targetNumber := 8 ) ],
projectiveGroupId := [ 20, 4 ],
sourceKey := "rank-at-least-15-D_10-PGL-20-4-index-2-dimension-2",
symplecticPart := "D_10" ), rec(
actionMaximalTargets := [ 1, 7, 8 ],
familyDimension := 2,
fullIndex := 3,
immediateSpecializations := [ 30, 32 ],
isActionMaximal := false,
linearGroupId := [ 90, 5 ],
number := 72,
pathsToActionMaximal := [ rec(
familyNumbers := [ 72, 30, 1 ],
targetNumber := 1 ), rec(
familyNumbers := [ 72, 30, 7 ],
targetNumber := 7 ), rec(
familyNumbers := [ 72, 32, 8 ],
targetNumber := 8 ) ],
projectiveGroupId := [ 30, 2 ],
sourceKey := "rank-at-least-15-D_10-PGL-30-2-index-3-dimension-2",
symplecticPart := "D_10" ), rec(
actionMaximalTargets := [ 1, 2, 3, 5, 6, 8, 13, 14, 20, 44 ],
familyDimension := 5,
fullIndex := 1,
immediateSpecializations := [ 43, 45, 74, 75, 76 ],
isActionMaximal := false,
linearGroupId := [ 24, 10 ],
number := 73,
pathsToActionMaximal := [ rec(
familyNumbers := [ 73, 45, 10, 1 ],
targetNumber := 1 ), rec(
familyNumbers := [ 73, 45, 10, 2 ],
targetNumber := 2 ), rec(
familyNumbers := [ 73, 45, 12, 3 ],
targetNumber := 3 ), rec(
familyNumbers := [ 73, 43, 5 ],
targetNumber := 5 ), rec(
familyNumbers := [ 73, 43, 6 ],
targetNumber := 6 ), rec(
familyNumbers := [ 73, 45, 27, 28, 8 ],
targetNumber := 8 ), rec(
familyNumbers := [ 73, 76, 13 ],
targetNumber := 13 ), rec(
familyNumbers := [ 73, 76, 14 ],
targetNumber := 14 ), rec(
familyNumbers := [ 73, 43, 20 ],
targetNumber := 20 ), rec(
familyNumbers := [ 73, 43, 44 ],
targetNumber := 44 ) ],
projectiveGroupId := [ 8, 0 ],
sourceKey := "rank-at-least-15-D_8-PGL-8-0-index-1-dimension-5",
symplecticPart := "D_8" ), rec(
actionMaximalTargets := [ 1, 3, 8 ],
familyDimension := 4,
fullIndex := 2,
immediateSpecializations := [ 19, 46, 47 ],
isActionMaximal := false,
linearGroupId := [ 48, 45 ],
number := 74,
pathsToActionMaximal := [ rec(
familyNumbers := [ 74, 19, 1 ],
targetNumber := 1 ), rec(
familyNumbers := [ 74, 46, 11, 3 ],
targetNumber := 3 ), rec(
familyNumbers := [ 74, 47, 16, 8 ],
targetNumber := 8 ) ],
projectiveGroupId := [ 16, 11 ],
sourceKey := "rank-at-least-15-D_8-PGL-16-11-index-2-dimension-4",
symplecticPart := "D_8" ), rec(
actionMaximalTargets := [ 44 ],
familyDimension := 3,
fullIndex := 2,
immediateSpecializations := [ 44 ],
isActionMaximal := false,
linearGroupId := [ 48, 47 ],
number := 75,
pathsToActionMaximal := [ rec(
familyNumbers := [ 75, 44 ],
targetNumber := 44 ) ],
projectiveGroupId := [ 16, 13 ],
sourceKey := "rank-at-least-15-D_8-PGL-16-13-index-2-dimension-3",
symplecticPart := "D_8" ), rec(
actionMaximalTargets := [ 13, 14, 44 ],
familyDimension := 2,
fullIndex := 2,
immediateSpecializations := [ 13, 14, 44 ],
isActionMaximal := false,
linearGroupId := [ 48, 25 ],
number := 76,
pathsToActionMaximal := [ rec(
familyNumbers := [ 76, 13 ],
targetNumber := 13 ), rec(
familyNumbers := [ 76, 14 ],
targetNumber := 14 ), rec(
familyNumbers := [ 76, 44 ],
targetNumber := 44 ) ],
projectiveGroupId := [ 16, 7 ],
sourceKey := "rank-at-least-15-D_8-PGL-16-7-index-2-dimension-2",
symplecticPart := "D_8" ), rec(
actionMaximalTargets := [ 1, 2, 3, 4, 5, 6, 8, 13, 14, 18, 20, 44 ],
familyDimension := 6,
fullIndex := 1,
immediateSpecializations := [ 33, 42, 48, 73, 78, 79, 80 ],
isActionMaximal := false,
linearGroupId := [ 12, 2 ],
number := 77,
pathsToActionMaximal := [ rec(
familyNumbers := [ 77, 33, 9, 1 ],
targetNumber := 1 ), rec(
familyNumbers := [ 77, 33, 10, 2 ],
targetNumber := 2 ), rec(
familyNumbers := [ 77, 42, 16, 3 ],
targetNumber := 3 ), rec(
familyNumbers := [ 77, 33, 9, 4 ],
targetNumber := 4 ), rec(
familyNumbers := [ 77, 42, 5 ],
targetNumber := 5 ), rec(
familyNumbers := [ 77, 42, 6 ],
targetNumber := 6 ), rec(
familyNumbers := [ 77, 42, 16, 8 ],
targetNumber := 8 ), rec(
familyNumbers := [ 77, 73, 76, 13 ],
targetNumber := 13 ), rec(
familyNumbers := [ 77, 73, 76, 14 ],
targetNumber := 14 ), rec(
familyNumbers := [ 77, 33, 17, 18 ],
targetNumber := 18 ), rec(
familyNumbers := [ 77, 48, 43, 20 ],
targetNumber := 20 ), rec(
familyNumbers := [ 77, 48, 43, 44 ],
targetNumber := 44 ) ],
projectiveGroupId := [ 4, 1 ],
sourceKey := "liftable-abelian-C4-PGL-4-1-index-1-dimension-6",
symplecticPart := "C4" ), rec(
actionMaximalTargets := [ 1, 3, 4, 8, 44 ],
familyDimension := 5,
fullIndex := 2,
immediateSpecializations := [ 34, 49, 74 ],
isActionMaximal := false,
linearGroupId := [ 24, 10 ],
number := 78,
pathsToActionMaximal := [ rec(
familyNumbers := [ 78, 34, 9, 1 ],
targetNumber := 1 ), rec(
familyNumbers := [ 78, 34, 11, 3 ],
targetNumber := 3 ), rec(
familyNumbers := [ 78, 34, 9, 4 ],
targetNumber := 4 ), rec(
familyNumbers := [ 78, 74, 47, 16, 8 ],
targetNumber := 8 ), rec(
familyNumbers := [ 78, 49, 44 ],
targetNumber := 44 ) ],
projectiveGroupId := [ 8, 3 ],
sourceKey := "small-nonabelian-C4-PGL-8-3-index-2-dimension-5",
symplecticPart := "C4" ), rec(
actionMaximalTargets := [ 4, 44 ],
familyDimension := 4,
fullIndex := 2,
immediateSpecializations := [ 49, 75, 81, 82 ],
isActionMaximal := false,
linearGroupId := [ 24, 9 ],
number := 79,
pathsToActionMaximal := [ rec(
familyNumbers := [ 79, 49, 51, 4 ],
targetNumber := 4 ), rec(
familyNumbers := [ 79, 49, 44 ],
targetNumber := 44 ) ],
projectiveGroupId := [ 8, 2 ],
sourceKey := "liftable-abelian-C4-PGL-8-2-index-2-dimension-4",
symplecticPart := "C4" ), rec(
actionMaximalTargets := [ 4, 13, 14, 44 ],
familyDimension := 3,
fullIndex := 2,
immediateSpecializations := [ 49, 76 ],
isActionMaximal := false,
linearGroupId := [ 24, 10 ],
number := 80,
pathsToActionMaximal := [ rec(
familyNumbers := [ 80, 49, 51, 4 ],
targetNumber := 4 ), rec(
familyNumbers := [ 80, 76, 13 ],
targetNumber := 13 ), rec(
familyNumbers := [ 80, 76, 14 ],
targetNumber := 14 ), rec(
familyNumbers := [ 80, 49, 44 ],
targetNumber := 44 ) ],
projectiveGroupId := [ 8, 3 ],
sourceKey := "small-nonabelian-C4-PGL-8-3-index-2-dimension-3",
symplecticPart := "C4" ), rec(
actionMaximalTargets := [ 4 ],
familyDimension := 2,
fullIndex := 4,
immediateSpecializations := [ 51 ],
isActionMaximal := false,
linearGroupId := [ 48, 20 ],
number := 81,
pathsToActionMaximal := [ rec(
familyNumbers := [ 81, 51, 4 ],
targetNumber := 4 ) ],
projectiveGroupId := [ 16, 2 ],
sourceKey := "liftable-abelian-C4-PGL-16-2-index-4-dimension-2",
symplecticPart := "C4" ), rec(
actionMaximalTargets := [ 4 ],
familyDimension := 2,
fullIndex := 4,
immediateSpecializations := [ 51 ],
isActionMaximal := false,
linearGroupId := [ 48, 24 ],
number := 82,
pathsToActionMaximal := [ rec(
familyNumbers := [ 82, 51, 4 ],
targetNumber := 4 ) ],
projectiveGroupId := [ 16, 6 ],
sourceKey := "small-nonabelian-C4-PGL-16-6-index-4-dimension-2",
symplecticPart := "C4" ), rec(
actionMaximalTargets := [ 1, 2, 3, 4, 5, 6, 7, 8, 13, 14, 18, 20, 24 ],
familyDimension := 6,
fullIndex := 1,
immediateSpecializations := [ 29, 45, 52, 55, 58, 84, 85, 86, 87 ],
isActionMaximal := false,
linearGroupId := [ 18, 3 ],
number := 83,
pathsToActionMaximal := [ rec(
familyNumbers := [ 83, 29, 10, 1 ],
targetNumber := 1 ), rec(
familyNumbers := [ 83, 29, 10, 2 ],
targetNumber := 2 ), rec(
familyNumbers := [ 83, 29, 11, 3 ],
targetNumber := 3 ), rec(
familyNumbers := [ 83, 52, 21, 9, 4 ],
targetNumber := 4 ), rec(
familyNumbers := [ 83, 29, 10, 5 ],
targetNumber := 5 ), rec(
familyNumbers := [ 83, 29, 10, 6 ],
targetNumber := 6 ), rec(
familyNumbers := [ 83, 29, 30, 7 ],
targetNumber := 7 ), rec(
familyNumbers := [ 83, 45, 27, 28, 8 ],
targetNumber := 8 ), rec(
familyNumbers := [ 83, 84, 13 ],
targetNumber := 13 ), rec(
familyNumbers := [ 83, 84, 14 ],
targetNumber := 14 ), rec(
familyNumbers := [ 83, 52, 54, 18 ],
targetNumber := 18 ), rec(
familyNumbers := [ 83, 58, 20 ],
targetNumber := 20 ), rec(
familyNumbers := [ 83, 87, 23, 24 ],
targetNumber := 24 ) ],
projectiveGroupId := [ 6, 1 ],
sourceKey := "small-nonabelian-S3-PGL-6-1-index-1-dimension-6",
symplecticPart := "S3" ), rec(
actionMaximalTargets := [ 1, 3, 4, 13, 14 ],
familyDimension := 3,
fullIndex := 2,
immediateSpecializations := [ 13, 14, 34, 46, 53, 60 ],
isActionMaximal := false,
linearGroupId := [ 36, 12 ],
number := 84,
pathsToActionMaximal := [ rec(
familyNumbers := [ 84, 34, 9, 1 ],
targetNumber := 1 ), rec(
familyNumbers := [ 84, 34, 11, 3 ],
targetNumber := 3 ), rec(
familyNumbers := [ 84, 34, 9, 4 ],
targetNumber := 4 ), rec(
familyNumbers := [ 84, 13 ],
targetNumber := 13 ), rec(
familyNumbers := [ 84, 14 ],
targetNumber := 14 ) ],
projectiveGroupId := [ 12, 4 ],
sourceKey := "small-nonabelian-S3-PGL-12-4-index-2-dimension-3",
symplecticPart := "S3" ), rec(
actionMaximalTargets := [ 1, 8 ],
familyDimension := 3,
fullIndex := 2,
immediateSpecializations := [ 35, 60 ],
isActionMaximal := false,
linearGroupId := [ 36, 12 ],
number := 85,
pathsToActionMaximal := [ rec(
familyNumbers := [ 85, 35, 19, 1 ],
targetNumber := 1 ), rec(
familyNumbers := [ 85, 35, 36, 8 ],
targetNumber := 8 ) ],
projectiveGroupId := [ 12, 4 ],
sourceKey := "small-nonabelian-S3-PGL-12-4-index-2-dimension-3-representation-2",
symplecticPart := "S3" ), rec(
actionMaximalTargets := [ 1, 7, 24 ],
familyDimension := 3,
fullIndex := 3,
immediateSpecializations := [ 30, 57, 61 ],
isActionMaximal := false,
linearGroupId := [ 54, 12 ],
number := 86,
pathsToActionMaximal := [ rec(
familyNumbers := [ 86, 30, 1 ],
targetNumber := 1 ), rec(
familyNumbers := [ 86, 30, 7 ],
targetNumber := 7 ), rec(
familyNumbers := [ 86, 57, 23, 24 ],
targetNumber := 24 ) ],
projectiveGroupId := [ 18, 3 ],
sourceKey := "small-nonabelian-S3-PGL-18-3-index-3-dimension-3",
symplecticPart := "S3" ), rec(
actionMaximalTargets := [ 1, 18, 24 ],
familyDimension := 2,
fullIndex := 3,
immediateSpecializations := [ 23, 38, 54 ],
isActionMaximal := false,
linearGroupId := [ 54, 12 ],
number := 87,
pathsToActionMaximal := [ rec(
familyNumbers := [ 87, 23, 1 ],
targetNumber := 1 ), rec(
familyNumbers := [ 87, 54, 18 ],
targetNumber := 18 ), rec(
familyNumbers := [ 87, 23, 24 ],
targetNumber := 24 ) ],
projectiveGroupId := [ 18, 3 ],
sourceKey := "small-nonabelian-S3-PGL-18-3-index-3-dimension-2-representation-2",
symplecticPart := "S3" ), rec(
actionMaximalTargets := [ 1, 3, 4, 8, 24, 96 ],
familyDimension := 6,
fullIndex := 2,
immediateSpecializations := [ 31, 47, 55, 63, 89, 90, 91, 92 ],
isActionMaximal := false,
linearGroupId := [ 36, 12 ],
number := 88,
pathsToActionMaximal := [ rec(
familyNumbers := [ 88, 31, 11, 1 ],
targetNumber := 1 ), rec(
familyNumbers := [ 88, 31, 11, 3 ],
targetNumber := 3 ), rec(
familyNumbers := [ 88, 89, 22, 4 ],
targetNumber := 4 ), rec(
familyNumbers := [ 88, 31, 16, 8 ],
targetNumber := 8 ), rec(
familyNumbers := [ 88, 89, 22, 24 ],
targetNumber := 24 ), rec(
familyNumbers := [ 88, 89, 93, 96 ],
targetNumber := 96 ) ],
projectiveGroupId := [ 12, 4 ],
sourceKey := "small-nonabelian-S3-PGL-12-4-index-2-dimension-6",
symplecticPart := "S3" ), rec(
actionMaximalTargets := [ 4, 24, 96 ],
familyDimension := 3,
fullIndex := 4,
immediateSpecializations := [ 22, 93, 94, 95 ],
isActionMaximal := false,
linearGroupId := [ 72, 27 ],
number := 89,
pathsToActionMaximal := [ rec(
familyNumbers := [ 89, 22, 4 ],
targetNumber := 4 ), rec(
familyNumbers := [ 89, 22, 24 ],
targetNumber := 24 ), rec(
familyNumbers := [ 89, 93, 96 ],
targetNumber := 96 ) ],
projectiveGroupId := [ 24, 5 ],
sourceKey := "small-nonabelian-S3-PGL-24-5-index-4-dimension-3",
symplecticPart := "S3" ), rec(
actionMaximalTargets := [ 1, 8, 24, 96 ],
familyDimension := 3,
fullIndex := 6,
immediateSpecializations := [ 56, 64, 94 ],
isActionMaximal := false,
linearGroupId := [ 108, 42 ],
number := 90,
pathsToActionMaximal := [ rec(
familyNumbers := [ 90, 56, 23, 1 ],
targetNumber := 1 ), rec(
familyNumbers := [ 90, 56, 28, 8 ],
targetNumber := 8 ), rec(
familyNumbers := [ 90, 94, 24 ],
targetNumber := 24 ), rec(
familyNumbers := [ 90, 94, 96 ],
targetNumber := 96 ) ],
projectiveGroupId := [ 36, 12 ],
sourceKey := "small-nonabelian-S3-PGL-36-12-index-6-dimension-3",
symplecticPart := "S3" ), rec(
actionMaximalTargets := [ 1, 8, 24 ],
familyDimension := 3,
fullIndex := 6,
immediateSpecializations := [ 32, 36, 57, 95 ],
isActionMaximal := false,
linearGroupId := [ 108, 42 ],
number := 91,
pathsToActionMaximal := [ rec(
familyNumbers := [ 91, 32, 1 ],
targetNumber := 1 ), rec(
familyNumbers := [ 91, 32, 8 ],
targetNumber := 8 ), rec(
familyNumbers := [ 91, 95, 24 ],
targetNumber := 24 ) ],
projectiveGroupId := [ 36, 12 ],
sourceKey := "small-nonabelian-S3-PGL-36-12-index-6-dimension-3-representation-2",
symplecticPart := "S3" ), rec(
actionMaximalTargets := [ 1, 8, 24 ],
familyDimension := 2,
fullIndex := 6,
immediateSpecializations := [ 23, 36 ],
isActionMaximal := false,
linearGroupId := [ 108, 42 ],
number := 92,
pathsToActionMaximal := [ rec(
familyNumbers := [ 92, 23, 1 ],
targetNumber := 1 ), rec(
familyNumbers := [ 92, 36, 8 ],
targetNumber := 8 ), rec(
familyNumbers := [ 92, 23, 24 ],
targetNumber := 24 ) ],
projectiveGroupId := [ 36, 12 ],
sourceKey := "small-nonabelian-S3-PGL-36-12-index-6-dimension-2-representation-2",
symplecticPart := "S3" ), rec(
actionMaximalTargets := [ 96 ],
familyDimension := 1,
fullIndex := 8,
immediateSpecializations := [ 96 ],
isActionMaximal := false,
linearGroupId := [ 144, 69 ],
number := 93,
pathsToActionMaximal := [ rec(
familyNumbers := [ 93, 96 ],
targetNumber := 96 ) ],
projectiveGroupId := [ 48, 4 ],
sourceKey := "small-nonabelian-S3-PGL-48-4-index-8-dimension-1",
symplecticPart := "S3" ), rec(
actionMaximalTargets := [ 24, 96 ],
familyDimension := 1,
fullIndex := 12,
immediateSpecializations := [ 24, 96 ],
isActionMaximal := false,
linearGroupId := [ 216, 136 ],
number := 94,
pathsToActionMaximal := [ rec(
familyNumbers := [ 94, 24 ],
targetNumber := 24 ), rec(
familyNumbers := [ 94, 96 ],
targetNumber := 96 ) ],
projectiveGroupId := [ 72, 27 ],
sourceKey := "small-nonabelian-S3-PGL-72-27-index-12-dimension-1",
symplecticPart := "S3" ), rec(
actionMaximalTargets := [ 24 ],
familyDimension := 1,
fullIndex := 12,
immediateSpecializations := [ 24 ],
isActionMaximal := false,
linearGroupId := [ 216, 136 ],
number := 95,
pathsToActionMaximal := [ rec(
familyNumbers := [ 95, 24 ],
targetNumber := 24 ) ],
projectiveGroupId := [ 72, 27 ],
sourceKey := "small-nonabelian-S3-PGL-72-27-index-12-dimension-1-representation-2",
symplecticPart := "S3" ), rec(
actionMaximalTargets := [ 96 ],
familyDimension := 0,
fullIndex := 24,
immediateSpecializations := [  ],
isActionMaximal := true,
linearGroupId := [ 432, 464 ],
number := 96,
pathsToActionMaximal := [ rec(
familyNumbers := [ 96 ],
targetNumber := 96 ) ],
projectiveGroupId := [ 144, 69 ],
sourceKey := "small-nonabelian-S3-PGL-144-69-index-24-dimension-0",
symplecticPart := "S3" ), rec(
actionMaximalTargets := [ 1, 2, 3, 5, 6, 7, 8, 13, 14, 20, 44 ],
familyDimension := 8,
fullIndex := 1,
immediateSpecializations := [ 58, 65, 73, 98, 99, 100, 101, 102 ],
isActionMaximal := false,
linearGroupId := [ 12, 5 ],
number := 97,
pathsToActionMaximal := [ rec(
familyNumbers := [ 97, 98, 105, 1 ],
targetNumber := 1 ), rec(
familyNumbers := [ 97, 58, 15, 2 ],
targetNumber := 2 ), rec(
familyNumbers := [ 97, 65, 29, 11, 3 ],
targetNumber := 3 ), rec(
familyNumbers := [ 97, 73, 43, 5 ],
targetNumber := 5 ), rec(
familyNumbers := [ 97, 73, 43, 6 ],
targetNumber := 6 ), rec(
familyNumbers := [ 97, 58, 61, 7 ],
targetNumber := 7 ), rec(
familyNumbers := [ 97, 65, 67, 28, 8 ],
targetNumber := 8 ), rec(
familyNumbers := [ 97, 73, 76, 13 ],
targetNumber := 13 ), rec(
familyNumbers := [ 97, 73, 76, 14 ],
targetNumber := 14 ), rec(
familyNumbers := [ 97, 58, 20 ],
targetNumber := 20 ), rec(
familyNumbers := [ 97, 73, 43, 44 ],
targetNumber := 44 ) ],
projectiveGroupId := [ 4, 2 ],
sourceKey := "liftable-abelian-C2^2-PGL-4-2-index-1-dimension-8",
symplecticPart := "C2^2" ), rec(
actionMaximalTargets := [ 1, 3, 8 ],
familyDimension := 7,
fullIndex := 2,
immediateSpecializations := [ 63, 66, 74, 105 ],
isActionMaximal := false,
linearGroupId := [ 24, 15 ],
number := 98,
pathsToActionMaximal := [ rec(
familyNumbers := [ 98, 105, 1 ],
targetNumber := 1 ), rec(
familyNumbers := [ 98, 63, 16, 3 ],
targetNumber := 3 ), rec(
familyNumbers := [ 98, 63, 16, 8 ],
targetNumber := 8 ) ],
projectiveGroupId := [ 8, 5 ],
sourceKey := "liftable-abelian-C2^2-PGL-8-5-index-2-dimension-7",
symplecticPart := "C2^2" ), rec(
actionMaximalTargets := [ 1, 3, 8, 44 ],
familyDimension := 6,
fullIndex := 2,
immediateSpecializations := [ 37, 59, 68, 74, 75, 103 ],
isActionMaximal := false,
linearGroupId := [ 24, 10 ],
number := 99,
pathsToActionMaximal := [ rec(
familyNumbers := [ 99, 37, 19, 1 ],
targetNumber := 1 ), rec(
familyNumbers := [ 99, 68, 31, 11, 3 ],
targetNumber := 3 ), rec(
familyNumbers := [ 99, 68, 31, 16, 8 ],
targetNumber := 8 ), rec(
familyNumbers := [ 99, 75, 44 ],
targetNumber := 44 ) ],
projectiveGroupId := [ 8, 3 ],
sourceKey := "small-nonabelian-C2^2-PGL-8-3-index-2-dimension-6",
symplecticPart := "C2^2" ), rec(
actionMaximalTargets := [ 1, 3, 8 ],
familyDimension := 5,
fullIndex := 2,
immediateSpecializations := [ 60, 74, 104 ],
isActionMaximal := false,
linearGroupId := [ 24, 15 ],
number := 100,
pathsToActionMaximal := [ rec(
familyNumbers := [ 100, 60, 19, 1 ],
targetNumber := 1 ), rec(
familyNumbers := [ 100, 74, 46, 11, 3 ],
targetNumber := 3 ), rec(
familyNumbers := [ 100, 104, 28, 8 ],
targetNumber := 8 ) ],
projectiveGroupId := [ 8, 5 ],
sourceKey := "liftable-abelian-C2^2-PGL-8-5-index-2-dimension-5",
symplecticPart := "C2^2" ), rec(
actionMaximalTargets := [ 1, 7, 8 ],
familyDimension := 4,
fullIndex := 3,
immediateSpecializations := [ 61, 67, 103 ],
isActionMaximal := false,
linearGroupId := [ 36, 14 ],
number := 101,
pathsToActionMaximal := [ rec(
familyNumbers := [ 101, 61, 38, 1 ],
targetNumber := 1 ), rec(
familyNumbers := [ 101, 61, 7 ],
targetNumber := 7 ), rec(
familyNumbers := [ 101, 67, 28, 8 ],
targetNumber := 8 ) ],
projectiveGroupId := [ 12, 5 ],
sourceKey := "liftable-abelian-C2^2-PGL-12-5-index-3-dimension-4",
symplecticPart := "C2^2" ), rec(
actionMaximalTargets := [ 1, 7, 8 ],
familyDimension := 3,
fullIndex := 3,
immediateSpecializations := [ 67, 69, 104 ],
isActionMaximal := false,
linearGroupId := [ 36, 11 ],
number := 102,
pathsToActionMaximal := [ rec(
familyNumbers := [ 102, 67, 28, 1 ],
targetNumber := 1 ), rec(
familyNumbers := [ 102, 67, 30, 7 ],
targetNumber := 7 ), rec(
familyNumbers := [ 102, 67, 28, 8 ],
targetNumber := 8 ) ],
projectiveGroupId := [ 12, 3 ],
sourceKey := "small-nonabelian-C2^2-PGL-12-3-index-3-dimension-3",
symplecticPart := "C2^2" ), rec(
actionMaximalTargets := [ 1, 8 ],
familyDimension := 3,
fullIndex := 6,
immediateSpecializations := [ 38, 62, 69 ],
isActionMaximal := false,
linearGroupId := [ 72, 37 ],
number := 103,
pathsToActionMaximal := [ rec(
familyNumbers := [ 103, 38, 1 ],
targetNumber := 1 ), rec(
familyNumbers := [ 103, 69, 28, 8 ],
targetNumber := 8 ) ],
projectiveGroupId := [ 24, 10 ],
sourceKey := "small-nonabelian-C2^2-PGL-24-10-index-6-dimension-3",
symplecticPart := "C2^2" ), rec(
actionMaximalTargets := [ 1, 8 ],
familyDimension := 2,
fullIndex := 6,
immediateSpecializations := [ 28 ],
isActionMaximal := false,
linearGroupId := [ 72, 47 ],
number := 104,
pathsToActionMaximal := [ rec(
familyNumbers := [ 104, 28, 1 ],
targetNumber := 1 ), rec(
familyNumbers := [ 104, 28, 8 ],
targetNumber := 8 ) ],
projectiveGroupId := [ 24, 13 ],
sourceKey := "small-nonabelian-C2^2-PGL-24-13-index-6-dimension-2",
symplecticPart := "C2^2" ), rec(
actionMaximalTargets := [ 1 ],
familyDimension := 2,
fullIndex := 6,
immediateSpecializations := [ 1 ],
isActionMaximal := false,
linearGroupId := [ 72, 16 ],
number := 105,
pathsToActionMaximal := [ rec(
familyNumbers := [ 105, 1 ],
targetNumber := 1 ) ],
projectiveGroupId := [ 24, 13 ],
sourceKey := "small-nonabelian-C2^2-PGL-24-13-index-6-dimension-2-representation-2",
symplecticPart := "C2^2" ), rec(
actionMaximalTargets := [ 1, 2, 3, 4, 5, 6, 7, 8, 13, 14, 18, 20, 24, 41 ],
familyDimension := 8,
fullIndex := 1,
immediateSpecializations := [ 39, 65, 83, 107, 108, 109, 110, 111, 112 ],
isActionMaximal := false,
linearGroupId := [ 9, 2 ],
number := 106,
pathsToActionMaximal := [ rec(
familyNumbers := [ 106, 109, 114, 1 ],
targetNumber := 1 ), rec(
familyNumbers := [ 106, 39, 12, 2 ],
targetNumber := 2 ), rec(
familyNumbers := [ 106, 39, 12, 3 ],
targetNumber := 3 ), rec(
familyNumbers := [ 106, 83, 52, 21, 9, 4 ],
targetNumber := 4 ), rec(
familyNumbers := [ 106, 65, 29, 10, 5 ],
targetNumber := 5 ), rec(
familyNumbers := [ 106, 65, 29, 10, 6 ],
targetNumber := 6 ), rec(
familyNumbers := [ 106, 65, 29, 30, 7 ],
targetNumber := 7 ), rec(
familyNumbers := [ 106, 65, 67, 28, 8 ],
targetNumber := 8 ), rec(
familyNumbers := [ 106, 39, 12, 13 ],
targetNumber := 13 ), rec(
familyNumbers := [ 106, 39, 12, 14 ],
targetNumber := 14 ), rec(
familyNumbers := [ 106, 112, 54, 18 ],
targetNumber := 18 ), rec(
familyNumbers := [ 106, 83, 58, 20 ],
targetNumber := 20 ), rec(
familyNumbers := [ 106, 83, 87, 23, 24 ],
targetNumber := 24 ), rec(
familyNumbers := [ 106, 39, 40, 41 ],
targetNumber := 41 ) ],
projectiveGroupId := [ 3, 1 ],
sourceKey := "liftable-abelian-C3-PGL-3-1-index-1-dimension-8",
symplecticPart := "C3" ), rec(
actionMaximalTargets := [ 1, 3, 4, 8, 13, 14 ],
familyDimension := 4,
fullIndex := 2,
immediateSpecializations := [ 84, 85 ],
isActionMaximal := false,
linearGroupId := [ 18, 3 ],
number := 107,
pathsToActionMaximal := [ rec(
familyNumbers := [ 107, 84, 34, 9, 1 ],
targetNumber := 1 ), rec(
familyNumbers := [ 107, 84, 34, 11, 3 ],
targetNumber := 3 ), rec(
familyNumbers := [ 107, 84, 34, 9, 4 ],
targetNumber := 4 ), rec(
familyNumbers := [ 107, 85, 35, 36, 8 ],
targetNumber := 8 ), rec(
familyNumbers := [ 107, 84, 13 ],
targetNumber := 13 ), rec(
familyNumbers := [ 107, 84, 14 ],
targetNumber := 14 ) ],
projectiveGroupId := [ 6, 1 ],
sourceKey := "small-nonabelian-C3-PGL-6-1-index-2-dimension-4",
symplecticPart := "C3" ), rec(
actionMaximalTargets := [ 1, 8 ],
familyDimension := 4,
fullIndex := 2,
immediateSpecializations := [ 59, 85, 113 ],
isActionMaximal := false,
linearGroupId := [ 18, 5 ],
number := 108,
pathsToActionMaximal := [ rec(
familyNumbers := [ 108, 59, 26, 1 ],
targetNumber := 1 ), rec(
familyNumbers := [ 108, 113, 36, 8 ],
targetNumber := 8 ) ],
projectiveGroupId := [ 6, 2 ],
sourceKey := "liftable-abelian-C3-PGL-6-2-index-2-dimension-4",
symplecticPart := "C3" ), rec(
actionMaximalTargets := [ 1, 3, 4, 13, 14, 41 ],
familyDimension := 4,
fullIndex := 2,
immediateSpecializations := [ 40, 66, 84, 114 ],
isActionMaximal := false,
linearGroupId := [ 18, 5 ],
number := 109,
pathsToActionMaximal := [ rec(
familyNumbers := [ 109, 114, 1 ],
targetNumber := 1 ), rec(
familyNumbers := [ 109, 40, 3 ],
targetNumber := 3 ), rec(
familyNumbers := [ 109, 84, 34, 9, 4 ],
targetNumber := 4 ), rec(
familyNumbers := [ 109, 40, 13 ],
targetNumber := 13 ), rec(
familyNumbers := [ 109, 40, 14 ],
targetNumber := 14 ), rec(
familyNumbers := [ 109, 40, 41 ],
targetNumber := 41 ) ],
projectiveGroupId := [ 6, 2 ],
sourceKey := "liftable-abelian-C3-PGL-6-2-index-2-dimension-4-representation-2",
symplecticPart := "C3" ), rec(
actionMaximalTargets := [ 1, 7, 8, 24 ],
familyDimension := 4,
fullIndex := 3,
immediateSpecializations := [ 56, 67, 86, 113 ],
isActionMaximal := false,
linearGroupId := [ 27, 5 ],
number := 110,
pathsToActionMaximal := [ rec(
familyNumbers := [ 110, 56, 23, 1 ],
targetNumber := 1 ), rec(
familyNumbers := [ 110, 67, 30, 7 ],
targetNumber := 7 ), rec(
familyNumbers := [ 110, 56, 28, 8 ],
targetNumber := 8 ), rec(
familyNumbers := [ 110, 56, 23, 24 ],
targetNumber := 24 ) ],
projectiveGroupId := [ 9, 2 ],
sourceKey := "liftable-abelian-C3-PGL-9-2-index-3-dimension-4",
symplecticPart := "C3" ), rec(
actionMaximalTargets := [ 1, 18, 24 ],
familyDimension := 3,
fullIndex := 3,
immediateSpecializations := [ 57, 87 ],
isActionMaximal := false,
linearGroupId := [ 27, 5 ],
number := 111,
pathsToActionMaximal := [ rec(
familyNumbers := [ 111, 57, 23, 1 ],
targetNumber := 1 ), rec(
familyNumbers := [ 111, 87, 54, 18 ],
targetNumber := 18 ), rec(
familyNumbers := [ 111, 57, 23, 24 ],
targetNumber := 24 ) ],
projectiveGroupId := [ 9, 2 ],
sourceKey := "liftable-abelian-C3-PGL-9-2-index-3-dimension-3",
symplecticPart := "C3" ), rec(
actionMaximalTargets := [ 1, 18, 41 ],
familyDimension := 2,
fullIndex := 3,
immediateSpecializations := [ 54, 114 ],
isActionMaximal := false,
linearGroupId := [ 27, 4 ],
number := 112,
pathsToActionMaximal := [ rec(
familyNumbers := [ 112, 54, 1 ],
targetNumber := 1 ), rec(
familyNumbers := [ 112, 54, 18 ],
targetNumber := 18 ), rec(
familyNumbers := [ 112, 114, 41 ],
targetNumber := 41 ) ],
projectiveGroupId := [ 9, 2 ],
sourceKey := "nonliftable-abelian-C3-PGL-9-2-index-3-dimension-2",
symplecticPart := "C3" ), rec(
actionMaximalTargets := [ 1, 8 ],
familyDimension := 2,
fullIndex := 6,
immediateSpecializations := [ 36, 62 ],
isActionMaximal := false,
linearGroupId := [ 54, 15 ],
number := 113,
pathsToActionMaximal := [ rec(
familyNumbers := [ 113, 36, 1 ],
targetNumber := 1 ), rec(
familyNumbers := [ 113, 36, 8 ],
targetNumber := 8 ) ],
projectiveGroupId := [ 18, 5 ],
sourceKey := "liftable-abelian-C3-PGL-18-5-index-6-dimension-2",
symplecticPart := "C3" ), rec(
actionMaximalTargets := [ 1, 41 ],
familyDimension := 1,
fullIndex := 6,
immediateSpecializations := [ 1, 41 ],
isActionMaximal := false,
linearGroupId := [ 54, 11 ],
number := 114,
pathsToActionMaximal := [ rec(
familyNumbers := [ 114, 1 ],
targetNumber := 1 ), rec(
familyNumbers := [ 114, 41 ],
targetNumber := 41 ) ],
projectiveGroupId := [ 18, 5 ],
sourceKey := "nonliftable-abelian-C3-PGL-18-5-index-6-dimension-1",
symplecticPart := "C3" ), rec(
actionMaximalTargets := [ 1, 3, 4, 8, 24, 96 ],
familyDimension := 8,
fullIndex := 2,
immediateSpecializations := [ 68, 88, 116, 117, 118 ],
isActionMaximal := false,
linearGroupId := [ 18, 3 ],
number := 115,
pathsToActionMaximal := [ rec(
familyNumbers := [ 115, 68, 31, 11, 1 ],
targetNumber := 1 ), rec(
familyNumbers := [ 115, 68, 31, 11, 3 ],
targetNumber := 3 ), rec(
familyNumbers := [ 115, 88, 89, 22, 4 ],
targetNumber := 4 ), rec(
familyNumbers := [ 115, 68, 31, 16, 8 ],
targetNumber := 8 ), rec(
familyNumbers := [ 115, 88, 89, 22, 24 ],
targetNumber := 24 ), rec(
familyNumbers := [ 115, 88, 89, 93, 96 ],
targetNumber := 96 ) ],
projectiveGroupId := [ 6, 1 ],
sourceKey := "small-nonabelian-C3-PGL-6-1-index-2-dimension-8",
symplecticPart := "C3" ), rec(
actionMaximalTargets := [ 1, 8, 24, 96 ],
familyDimension := 4,
fullIndex := 6,
immediateSpecializations := [ 90 ],
isActionMaximal := false,
linearGroupId := [ 54, 12 ],
number := 116,
pathsToActionMaximal := [ rec(
familyNumbers := [ 116, 90, 56, 23, 1 ],
targetNumber := 1 ), rec(
familyNumbers := [ 116, 90, 56, 28, 8 ],
targetNumber := 8 ), rec(
familyNumbers := [ 116, 90, 94, 24 ],
targetNumber := 24 ), rec(
familyNumbers := [ 116, 90, 94, 96 ],
targetNumber := 96 ) ],
projectiveGroupId := [ 18, 3 ],
sourceKey := "small-nonabelian-C3-PGL-18-3-index-6-dimension-4",
symplecticPart := "C3" ), rec(
actionMaximalTargets := [ 1, 8, 24 ],
familyDimension := 4,
fullIndex := 6,
immediateSpecializations := [ 56, 69, 91 ],
isActionMaximal := false,
linearGroupId := [ 54, 12 ],
number := 117,
pathsToActionMaximal := [ rec(
familyNumbers := [ 117, 56, 23, 1 ],
targetNumber := 1 ), rec(
familyNumbers := [ 117, 56, 28, 8 ],
targetNumber := 8 ), rec(
familyNumbers := [ 117, 56, 23, 24 ],
targetNumber := 24 ) ],
projectiveGroupId := [ 18, 3 ],
sourceKey := "small-nonabelian-C3-PGL-18-3-index-6-dimension-4-representation-2",
symplecticPart := "C3" ), rec(
actionMaximalTargets := [ 1, 8, 24 ],
familyDimension := 3,
fullIndex := 6,
immediateSpecializations := [ 56, 57, 92 ],
isActionMaximal := false,
linearGroupId := [ 54, 12 ],
number := 118,
pathsToActionMaximal := [ rec(
familyNumbers := [ 118, 56, 23, 1 ],
targetNumber := 1 ), rec(
familyNumbers := [ 118, 56, 28, 8 ],
targetNumber := 8 ), rec(
familyNumbers := [ 118, 56, 23, 24 ],
targetNumber := 24 ) ],
projectiveGroupId := [ 18, 3 ],
sourceKey := "small-nonabelian-C3-PGL-18-3-index-6-dimension-3",
symplecticPart := "C3" ), rec(
actionMaximalTargets := [ 1, 2, 3, 4, 5, 6, 7, 8, 13, 14, 18, 20, 24, 44, 96, 127 ],
familyDimension := 12,
fullIndex := 1,
immediateSpecializations := [ 70, 77, 83, 97, 120, 121, 122, 123, 126 ],
isActionMaximal := false,
linearGroupId := [ 6, 2 ],
number := 119,
pathsToActionMaximal := [ rec(
familyNumbers := [ 119, 70, 29, 10, 1 ],
targetNumber := 1 ), rec(
familyNumbers := [ 119, 70, 29, 10, 2 ],
targetNumber := 2 ), rec(
familyNumbers := [ 119, 70, 29, 11, 3 ],
targetNumber := 3 ), rec(
familyNumbers := [ 119, 77, 33, 9, 4 ],
targetNumber := 4 ), rec(
familyNumbers := [ 119, 70, 42, 5 ],
targetNumber := 5 ), rec(
familyNumbers := [ 119, 70, 42, 6 ],
targetNumber := 6 ), rec(
familyNumbers := [ 119, 126, 61, 7 ],
targetNumber := 7 ), rec(
familyNumbers := [ 119, 70, 31, 16, 8 ],
targetNumber := 8 ), rec(
familyNumbers := [ 119, 83, 84, 13 ],
targetNumber := 13 ), rec(
familyNumbers := [ 119, 83, 84, 14 ],
targetNumber := 14 ), rec(
familyNumbers := [ 119, 126, 50, 18 ],
targetNumber := 18 ), rec(
familyNumbers := [ 119, 83, 58, 20 ],
targetNumber := 20 ), rec(
familyNumbers := [ 119, 83, 87, 23, 24 ],
targetNumber := 24 ), rec(
familyNumbers := [ 119, 77, 48, 43, 44 ],
targetNumber := 44 ), rec(
familyNumbers := [ 119, 120, 88, 89, 93, 96 ],
targetNumber := 96 ), rec(
familyNumbers := [ 119, 121, 127 ],
targetNumber := 127 ) ],
projectiveGroupId := [ 2, 1 ],
sourceKey := "liftable-abelian-C2-PGL-2-1-index-1-dimension-12",
symplecticPart := "C2" ), rec(
actionMaximalTargets := [ 1, 3, 4, 8, 24, 44, 96 ],
familyDimension := 10,
fullIndex := 2,
immediateSpecializations := [ 78, 79, 88, 98, 99, 124, 125, 128 ],
isActionMaximal := false,
linearGroupId := [ 12, 5 ],
number := 120,
pathsToActionMaximal := [ rec(
familyNumbers := [ 120, 98, 105, 1 ],
targetNumber := 1 ), rec(
familyNumbers := [ 120, 78, 34, 11, 3 ],
targetNumber := 3 ), rec(
familyNumbers := [ 120, 78, 34, 9, 4 ],
targetNumber := 4 ), rec(
familyNumbers := [ 120, 88, 31, 16, 8 ],
targetNumber := 8 ), rec(
familyNumbers := [ 120, 124, 131, 24 ],
targetNumber := 24 ), rec(
familyNumbers := [ 120, 78, 49, 44 ],
targetNumber := 44 ), rec(
familyNumbers := [ 120, 88, 89, 93, 96 ],
targetNumber := 96 ) ],
projectiveGroupId := [ 4, 2 ],
sourceKey := "liftable-abelian-C2-PGL-4-2-index-2-dimension-10",
symplecticPart := "C2" ), rec(
actionMaximalTargets := [ 1, 3, 8, 127 ],
familyDimension := 8,
fullIndex := 2,
immediateSpecializations := [ 71, 85, 98, 100, 127 ],
isActionMaximal := false,
linearGroupId := [ 12, 5 ],
number := 121,
pathsToActionMaximal := [ rec(
familyNumbers := [ 121, 98, 105, 1 ],
targetNumber := 1 ), rec(
familyNumbers := [ 121, 71, 16, 3 ],
targetNumber := 3 ), rec(
familyNumbers := [ 121, 71, 16, 8 ],
targetNumber := 8 ), rec(
familyNumbers := [ 121, 127 ],
targetNumber := 127 ) ],
projectiveGroupId := [ 4, 2 ],
sourceKey := "liftable-abelian-C2-PGL-4-2-index-2-dimension-8",
symplecticPart := "C2" ), rec(
actionMaximalTargets := [ 1, 3, 4, 8, 13, 14, 44 ],
familyDimension := 6,
fullIndex := 2,
immediateSpecializations := [ 78, 80, 84, 100 ],
isActionMaximal := false,
linearGroupId := [ 12, 5 ],
number := 122,
pathsToActionMaximal := [ rec(
familyNumbers := [ 122, 78, 34, 9, 1 ],
targetNumber := 1 ), rec(
familyNumbers := [ 122, 78, 34, 11, 3 ],
targetNumber := 3 ), rec(
familyNumbers := [ 122, 78, 34, 9, 4 ],
targetNumber := 4 ), rec(
familyNumbers := [ 122, 100, 104, 28, 8 ],
targetNumber := 8 ), rec(
familyNumbers := [ 122, 84, 13 ],
targetNumber := 13 ), rec(
familyNumbers := [ 122, 84, 14 ],
targetNumber := 14 ), rec(
familyNumbers := [ 122, 78, 49, 44 ],
targetNumber := 44 ) ],
projectiveGroupId := [ 4, 2 ],
sourceKey := "liftable-abelian-C2-PGL-4-2-index-2-dimension-6",
symplecticPart := "C2" ), rec(
actionMaximalTargets := [ 1, 7, 8, 24 ],
familyDimension := 6,
fullIndex := 3,
immediateSpecializations := [ 72, 86, 101, 125 ],
isActionMaximal := false,
linearGroupId := [ 18, 5 ],
number := 123,
pathsToActionMaximal := [ rec(
familyNumbers := [ 123, 72, 30, 1 ],
targetNumber := 1 ), rec(
familyNumbers := [ 123, 72, 30, 7 ],
targetNumber := 7 ), rec(
familyNumbers := [ 123, 72, 32, 8 ],
targetNumber := 8 ), rec(
familyNumbers := [ 123, 86, 57, 23, 24 ],
targetNumber := 24 ) ],
projectiveGroupId := [ 6, 2 ],
sourceKey := "liftable-abelian-C2-PGL-6-2-index-3-dimension-6",
symplecticPart := "C2" ), rec(
actionMaximalTargets := [ 4, 24, 96 ],
familyDimension := 5,
fullIndex := 4,
immediateSpecializations := [ 81, 89, 129, 130, 131 ],
isActionMaximal := false,
linearGroupId := [ 24, 9 ],
number := 124,
pathsToActionMaximal := [ rec(
familyNumbers := [ 124, 81, 51, 4 ],
targetNumber := 4 ), rec(
familyNumbers := [ 124, 131, 24 ],
targetNumber := 24 ), rec(
familyNumbers := [ 124, 89, 93, 96 ],
targetNumber := 96 ) ],
projectiveGroupId := [ 8, 2 ],
sourceKey := "liftable-abelian-C2-PGL-8-2-index-4-dimension-5",
symplecticPart := "C2" ), rec(
actionMaximalTargets := [ 1, 8, 24 ],
familyDimension := 5,
fullIndex := 6,
immediateSpecializations := [ 64, 91, 103, 130 ],
isActionMaximal := false,
linearGroupId := [ 36, 14 ],
number := 125,
pathsToActionMaximal := [ rec(
familyNumbers := [ 125, 64, 28, 1 ],
targetNumber := 1 ), rec(
familyNumbers := [ 125, 64, 28, 8 ],
targetNumber := 8 ), rec(
familyNumbers := [ 125, 91, 95, 24 ],
targetNumber := 24 ) ],
projectiveGroupId := [ 12, 5 ],
sourceKey := "liftable-abelian-C2-PGL-12-5-index-6-dimension-5",
symplecticPart := "C2" ), rec(
actionMaximalTargets := [ 1, 7, 8, 18, 24 ],
familyDimension := 4,
fullIndex := 3,
immediateSpecializations := [ 50, 61, 87, 128 ],
isActionMaximal := false,
linearGroupId := [ 18, 5 ],
number := 126,
pathsToActionMaximal := [ rec(
familyNumbers := [ 126, 61, 38, 1 ],
targetNumber := 1 ), rec(
familyNumbers := [ 126, 61, 7 ],
targetNumber := 7 ), rec(
familyNumbers := [ 126, 128, 92, 36, 8 ],
targetNumber := 8 ), rec(
familyNumbers := [ 126, 50, 18 ],
targetNumber := 18 ), rec(
familyNumbers := [ 126, 87, 23, 24 ],
targetNumber := 24 ) ],
projectiveGroupId := [ 6, 2 ],
sourceKey := "liftable-abelian-C2-PGL-6-2-index-3-dimension-4",
symplecticPart := "C2" ), rec(
actionMaximalTargets := [ 127 ],
familyDimension := 4,
fullIndex := 4,
immediateSpecializations := [  ],
isActionMaximal := true,
linearGroupId := [ 24, 9 ],
number := 127,
pathsToActionMaximal := [ rec(
familyNumbers := [ 127 ],
targetNumber := 127 ) ],
projectiveGroupId := [ 8, 2 ],
sourceKey := "liftable-abelian-C2-PGL-8-2-index-4-dimension-4",
symplecticPart := "C2" ), rec(
actionMaximalTargets := [ 1, 8, 24 ],
familyDimension := 3,
fullIndex := 6,
immediateSpecializations := [ 62, 92, 131 ],
isActionMaximal := false,
linearGroupId := [ 36, 14 ],
number := 128,
pathsToActionMaximal := [ rec(
familyNumbers := [ 128, 62, 1 ],
targetNumber := 1 ), rec(
familyNumbers := [ 128, 92, 36, 8 ],
targetNumber := 8 ), rec(
familyNumbers := [ 128, 131, 24 ],
targetNumber := 24 ) ],
projectiveGroupId := [ 12, 5 ],
sourceKey := "liftable-abelian-C2-PGL-12-5-index-6-dimension-3",
symplecticPart := "C2" ), rec(
actionMaximalTargets := [ 96 ],
familyDimension := 2,
fullIndex := 8,
immediateSpecializations := [ 93 ],
isActionMaximal := false,
linearGroupId := [ 48, 23 ],
number := 129,
pathsToActionMaximal := [ rec(
familyNumbers := [ 129, 93, 96 ],
targetNumber := 96 ) ],
projectiveGroupId := [ 16, 5 ],
sourceKey := "liftable-abelian-C2-PGL-16-5-index-8-dimension-2",
symplecticPart := "C2" ), rec(
actionMaximalTargets := [ 24 ],
familyDimension := 2,
fullIndex := 12,
immediateSpecializations := [ 95 ],
isActionMaximal := false,
linearGroupId := [ 72, 36 ],
number := 130,
pathsToActionMaximal := [ rec(
familyNumbers := [ 130, 95, 24 ],
targetNumber := 24 ) ],
projectiveGroupId := [ 24, 9 ],
sourceKey := "liftable-abelian-C2-PGL-24-9-index-12-dimension-2",
symplecticPart := "C2" ), rec(
actionMaximalTargets := [ 24 ],
familyDimension := 1,
fullIndex := 12,
immediateSpecializations := [ 24 ],
isActionMaximal := false,
linearGroupId := [ 72, 36 ],
number := 131,
pathsToActionMaximal := [ rec(
familyNumbers := [ 131, 24 ],
targetNumber := 24 ) ],
projectiveGroupId := [ 24, 9 ],
sourceKey := "liftable-abelian-C2-PGL-24-9-index-12-dimension-1",
symplecticPart := "C2" ), rec(
actionMaximalTargets := [ 1, 2, 3, 4, 5, 6, 7, 8, 13, 14, 18, 20, 24, 41, 44, 96, 127, 152, 154, 155, 156 ],
familyDimension := 20,
fullIndex := 1,
immediateSpecializations := [ 106, 119, 133, 134, 135, 136, 140 ],
isActionMaximal := false,
linearGroupId := [ 3, 1 ],
number := 132,
pathsToActionMaximal := [ rec(
familyNumbers := [ 132, 106, 109, 114, 1 ],
targetNumber := 1 ), rec(
familyNumbers := [ 132, 106, 39, 12, 2 ],
targetNumber := 2 ), rec(
familyNumbers := [ 132, 106, 39, 12, 3 ],
targetNumber := 3 ), rec(
familyNumbers := [ 132, 119, 77, 33, 9, 4 ],
targetNumber := 4 ), rec(
familyNumbers := [ 132, 119, 70, 42, 5 ],
targetNumber := 5 ), rec(
familyNumbers := [ 132, 119, 70, 42, 6 ],
targetNumber := 6 ), rec(
familyNumbers := [ 132, 119, 126, 61, 7 ],
targetNumber := 7 ), rec(
familyNumbers := [ 132, 106, 65, 67, 28, 8 ],
targetNumber := 8 ), rec(
familyNumbers := [ 132, 106, 39, 12, 13 ],
targetNumber := 13 ), rec(
familyNumbers := [ 132, 106, 39, 12, 14 ],
targetNumber := 14 ), rec(
familyNumbers := [ 132, 106, 112, 54, 18 ],
targetNumber := 18 ), rec(
familyNumbers := [ 132, 106, 83, 58, 20 ],
targetNumber := 20 ), rec(
familyNumbers := [ 132, 106, 83, 87, 23, 24 ],
targetNumber := 24 ), rec(
familyNumbers := [ 132, 106, 39, 40, 41 ],
targetNumber := 41 ), rec(
familyNumbers := [ 132, 119, 77, 48, 43, 44 ],
targetNumber := 44 ), rec(
familyNumbers := [ 132, 133, 137, 144, 153, 96 ],
targetNumber := 96 ), rec(
familyNumbers := [ 132, 119, 121, 127 ],
targetNumber := 127 ), rec(
familyNumbers := [ 132, 133, 137, 145, 152 ],
targetNumber := 152 ), rec(
familyNumbers := [ 132, 133, 138, 146, 154 ],
targetNumber := 154 ), rec(
familyNumbers := [ 132, 133, 137, 144, 151, 155 ],
targetNumber := 155 ), rec(
familyNumbers := [ 132, 133, 137, 144, 151, 156 ],
targetNumber := 156 ) ],
projectiveGroupId := [ 1, 1 ],
sourceKey := "liftable-abelian-1-PGL-1-1-index-1-dimension-20",
symplecticPart := "1" ), rec(
actionMaximalTargets := [ 1, 3, 4, 8, 24, 44, 96, 127, 152, 154, 155, 156 ],
familyDimension := 14,
fullIndex := 2,
immediateSpecializations := [ 108, 115, 120, 121, 137, 138, 139, 141, 142 ],
isActionMaximal := false,
linearGroupId := [ 6, 2 ],
number := 133,
pathsToActionMaximal := [ rec(
familyNumbers := [ 133, 108, 59, 26, 1 ],
targetNumber := 1 ), rec(
familyNumbers := [ 133, 121, 71, 16, 3 ],
targetNumber := 3 ), rec(
familyNumbers := [ 133, 115, 88, 89, 22, 4 ],
targetNumber := 4 ), rec(
familyNumbers := [ 133, 108, 113, 36, 8 ],
targetNumber := 8 ), rec(
familyNumbers := [ 133, 120, 124, 131, 24 ],
targetNumber := 24 ), rec(
familyNumbers := [ 133, 120, 78, 49, 44 ],
targetNumber := 44 ), rec(
familyNumbers := [ 133, 137, 144, 153, 96 ],
targetNumber := 96 ), rec(
familyNumbers := [ 133, 121, 127 ],
targetNumber := 127 ), rec(
familyNumbers := [ 133, 137, 145, 152 ],
targetNumber := 152 ), rec(
familyNumbers := [ 133, 138, 146, 154 ],
targetNumber := 154 ), rec(
familyNumbers := [ 133, 137, 144, 151, 155 ],
targetNumber := 155 ), rec(
familyNumbers := [ 133, 137, 144, 151, 156 ],
targetNumber := 156 ) ],
projectiveGroupId := [ 2, 1 ],
sourceKey := "liftable-abelian-1-PGL-2-1-index-2-dimension-14",
symplecticPart := "1" ), rec(
actionMaximalTargets := [ 1, 3, 4, 8, 13, 14, 41, 44, 127 ],
familyDimension := 10,
fullIndex := 2,
immediateSpecializations := [ 107, 109, 121, 122, 143 ],
isActionMaximal := false,
linearGroupId := [ 6, 2 ],
number := 134,
pathsToActionMaximal := [ rec(
familyNumbers := [ 134, 109, 114, 1 ],
targetNumber := 1 ), rec(
familyNumbers := [ 134, 109, 40, 3 ],
targetNumber := 3 ), rec(
familyNumbers := [ 134, 107, 84, 34, 9, 4 ],
targetNumber := 4 ), rec(
familyNumbers := [ 134, 121, 71, 16, 8 ],
targetNumber := 8 ), rec(
familyNumbers := [ 134, 107, 84, 13 ],
targetNumber := 13 ), rec(
familyNumbers := [ 134, 107, 84, 14 ],
targetNumber := 14 ), rec(
familyNumbers := [ 134, 109, 40, 41 ],
targetNumber := 41 ), rec(
familyNumbers := [ 134, 122, 78, 49, 44 ],
targetNumber := 44 ), rec(
familyNumbers := [ 134, 121, 127 ],
targetNumber := 127 ) ],
projectiveGroupId := [ 2, 1 ],
sourceKey := "liftable-abelian-1-PGL-2-1-index-2-dimension-10",
symplecticPart := "1" ), rec(
actionMaximalTargets := [ 1, 7, 8, 24, 96, 154, 156 ],
familyDimension := 10,
fullIndex := 3,
immediateSpecializations := [ 110, 116, 123, 139 ],
isActionMaximal := false,
linearGroupId := [ 9, 2 ],
number := 135,
pathsToActionMaximal := [ rec(
familyNumbers := [ 135, 110, 56, 23, 1 ],
targetNumber := 1 ), rec(
familyNumbers := [ 135, 110, 67, 30, 7 ],
targetNumber := 7 ), rec(
familyNumbers := [ 135, 110, 56, 28, 8 ],
targetNumber := 8 ), rec(
familyNumbers := [ 135, 110, 56, 23, 24 ],
targetNumber := 24 ), rec(
familyNumbers := [ 135, 116, 90, 94, 96 ],
targetNumber := 96 ), rec(
familyNumbers := [ 135, 139, 148, 154 ],
targetNumber := 154 ), rec(
familyNumbers := [ 135, 139, 147, 153, 156 ],
targetNumber := 156 ) ],
projectiveGroupId := [ 3, 1 ],
sourceKey := "liftable-abelian-1-PGL-3-1-index-3-dimension-10",
symplecticPart := "1" ), rec(
actionMaximalTargets := [ 1, 7, 8, 18, 24 ],
familyDimension := 7,
fullIndex := 3,
immediateSpecializations := [ 102, 110, 111, 117, 126, 141, 142 ],
isActionMaximal := false,
linearGroupId := [ 9, 2 ],
number := 136,
pathsToActionMaximal := [ rec(
familyNumbers := [ 136, 102, 67, 28, 1 ],
targetNumber := 1 ), rec(
familyNumbers := [ 136, 126, 61, 7 ],
targetNumber := 7 ), rec(
familyNumbers := [ 136, 102, 67, 28, 8 ],
targetNumber := 8 ), rec(
familyNumbers := [ 136, 126, 50, 18 ],
targetNumber := 18 ), rec(
familyNumbers := [ 136, 110, 56, 23, 24 ],
targetNumber := 24 ) ],
projectiveGroupId := [ 3, 1 ],
sourceKey := "liftable-abelian-1-PGL-3-1-index-3-dimension-7",
symplecticPart := "1" ), rec(
actionMaximalTargets := [ 4, 24, 96, 152, 155, 156 ],
familyDimension := 7,
fullIndex := 4,
immediateSpecializations := [ 124, 144, 145, 147, 149 ],
isActionMaximal := false,
linearGroupId := [ 12, 2 ],
number := 137,
pathsToActionMaximal := [ rec(
familyNumbers := [ 137, 124, 81, 51, 4 ],
targetNumber := 4 ), rec(
familyNumbers := [ 137, 124, 131, 24 ],
targetNumber := 24 ), rec(
familyNumbers := [ 137, 144, 153, 96 ],
targetNumber := 96 ), rec(
familyNumbers := [ 137, 145, 152 ],
targetNumber := 152 ), rec(
familyNumbers := [ 137, 144, 151, 155 ],
targetNumber := 155 ), rec(
familyNumbers := [ 137, 144, 151, 156 ],
targetNumber := 156 ) ],
projectiveGroupId := [ 4, 1 ],
sourceKey := "liftable-abelian-1-PGL-4-1-index-4-dimension-7",
symplecticPart := "1" ), rec(
actionMaximalTargets := [ 4, 24, 96, 127, 154 ],
familyDimension := 7,
fullIndex := 4,
immediateSpecializations := [ 124, 127, 146, 148, 150 ],
isActionMaximal := false,
linearGroupId := [ 12, 2 ],
number := 138,
pathsToActionMaximal := [ rec(
familyNumbers := [ 138, 124, 81, 51, 4 ],
targetNumber := 4 ), rec(
familyNumbers := [ 138, 124, 131, 24 ],
targetNumber := 24 ), rec(
familyNumbers := [ 138, 124, 89, 93, 96 ],
targetNumber := 96 ), rec(
familyNumbers := [ 138, 127 ],
targetNumber := 127 ), rec(
familyNumbers := [ 138, 146, 154 ],
targetNumber := 154 ) ],
projectiveGroupId := [ 4, 1 ],
sourceKey := "liftable-abelian-1-PGL-4-1-index-4-dimension-7-representation-2",
symplecticPart := "1" ), rec(
actionMaximalTargets := [ 1, 8, 24, 96, 154, 156 ],
familyDimension := 7,
fullIndex := 6,
immediateSpecializations := [ 90, 113, 117, 125, 147, 148 ],
isActionMaximal := false,
linearGroupId := [ 18, 5 ],
number := 139,
pathsToActionMaximal := [ rec(
familyNumbers := [ 139, 113, 36, 1 ],
targetNumber := 1 ), rec(
familyNumbers := [ 139, 113, 36, 8 ],
targetNumber := 8 ), rec(
familyNumbers := [ 139, 90, 94, 24 ],
targetNumber := 24 ), rec(
familyNumbers := [ 139, 90, 94, 96 ],
targetNumber := 96 ), rec(
familyNumbers := [ 139, 148, 154 ],
targetNumber := 154 ), rec(
familyNumbers := [ 139, 147, 153, 156 ],
targetNumber := 156 ) ],
projectiveGroupId := [ 6, 2 ],
sourceKey := "liftable-abelian-1-PGL-6-2-index-6-dimension-7",
symplecticPart := "1" ), rec(
actionMaximalTargets := [ 1, 18, 41 ],
familyDimension := 6,
fullIndex := 3,
immediateSpecializations := [ 112, 143 ],
isActionMaximal := false,
linearGroupId := [ 9, 1 ],
number := 140,
pathsToActionMaximal := [ rec(
familyNumbers := [ 140, 112, 54, 1 ],
targetNumber := 1 ), rec(
familyNumbers := [ 140, 112, 54, 18 ],
targetNumber := 18 ), rec(
familyNumbers := [ 140, 112, 114, 41 ],
targetNumber := 41 ) ],
projectiveGroupId := [ 3, 1 ],
sourceKey := "liftable-abelian-1-PGL-3-1-index-3-dimension-6",
symplecticPart := "1" ), rec(
actionMaximalTargets := [ 1, 8, 24 ],
familyDimension := 5,
fullIndex := 6,
immediateSpecializations := [ 91, 104, 113, 118, 128, 149, 150 ],
isActionMaximal := false,
linearGroupId := [ 18, 5 ],
number := 141,
pathsToActionMaximal := [ rec(
familyNumbers := [ 141, 91, 32, 1 ],
targetNumber := 1 ), rec(
familyNumbers := [ 141, 91, 32, 8 ],
targetNumber := 8 ), rec(
familyNumbers := [ 141, 91, 95, 24 ],
targetNumber := 24 ) ],
projectiveGroupId := [ 6, 2 ],
sourceKey := "liftable-abelian-1-PGL-6-2-index-6-dimension-5",
symplecticPart := "1" ), rec(
actionMaximalTargets := [ 1, 8, 24 ],
familyDimension := 4,
fullIndex := 6,
immediateSpecializations := [ 113, 128 ],
isActionMaximal := false,
linearGroupId := [ 18, 5 ],
number := 142,
pathsToActionMaximal := [ rec(
familyNumbers := [ 142, 113, 36, 1 ],
targetNumber := 1 ), rec(
familyNumbers := [ 142, 113, 36, 8 ],
targetNumber := 8 ), rec(
familyNumbers := [ 142, 128, 131, 24 ],
targetNumber := 24 ) ],
projectiveGroupId := [ 6, 2 ],
sourceKey := "liftable-abelian-1-PGL-6-2-index-6-dimension-4",
symplecticPart := "1" ), rec(
actionMaximalTargets := [ 1, 41 ],
familyDimension := 3,
fullIndex := 6,
immediateSpecializations := [ 105, 114 ],
isActionMaximal := false,
linearGroupId := [ 18, 2 ],
number := 143,
pathsToActionMaximal := [ rec(
familyNumbers := [ 143, 105, 1 ],
targetNumber := 1 ), rec(
familyNumbers := [ 143, 114, 41 ],
targetNumber := 41 ) ],
projectiveGroupId := [ 6, 2 ],
sourceKey := "liftable-abelian-1-PGL-6-2-index-6-dimension-3",
symplecticPart := "1" ), rec(
actionMaximalTargets := [ 96, 155, 156 ],
familyDimension := 3,
fullIndex := 8,
immediateSpecializations := [ 129, 151, 153 ],
isActionMaximal := false,
linearGroupId := [ 24, 2 ],
number := 144,
pathsToActionMaximal := [ rec(
familyNumbers := [ 144, 153, 96 ],
targetNumber := 96 ), rec(
familyNumbers := [ 144, 151, 155 ],
targetNumber := 155 ), rec(
familyNumbers := [ 144, 151, 156 ],
targetNumber := 156 ) ],
projectiveGroupId := [ 8, 1 ],
sourceKey := "liftable-abelian-1-PGL-8-1-index-8-dimension-3",
symplecticPart := "1" ), rec(
actionMaximalTargets := [ 96, 152 ],
familyDimension := 3,
fullIndex := 8,
immediateSpecializations := [ 129, 152 ],
isActionMaximal := false,
linearGroupId := [ 24, 2 ],
number := 145,
pathsToActionMaximal := [ rec(
familyNumbers := [ 145, 129, 93, 96 ],
targetNumber := 96 ), rec(
familyNumbers := [ 145, 152 ],
targetNumber := 152 ) ],
projectiveGroupId := [ 8, 1 ],
sourceKey := "liftable-abelian-1-PGL-8-1-index-8-dimension-3-representation-2",
symplecticPart := "1" ), rec(
actionMaximalTargets := [ 154 ],
familyDimension := 3,
fullIndex := 8,
immediateSpecializations := [ 154 ],
isActionMaximal := false,
linearGroupId := [ 24, 2 ],
number := 146,
pathsToActionMaximal := [ rec(
familyNumbers := [ 146, 154 ],
targetNumber := 154 ) ],
projectiveGroupId := [ 8, 1 ],
sourceKey := "liftable-abelian-1-PGL-8-1-index-8-dimension-3-representation-3",
symplecticPart := "1" ), rec(
actionMaximalTargets := [ 24, 96, 156 ],
familyDimension := 3,
fullIndex := 12,
immediateSpecializations := [ 94, 130, 153 ],
isActionMaximal := false,
linearGroupId := [ 36, 8 ],
number := 147,
pathsToActionMaximal := [ rec(
familyNumbers := [ 147, 94, 24 ],
targetNumber := 24 ), rec(
familyNumbers := [ 147, 94, 96 ],
targetNumber := 96 ), rec(
familyNumbers := [ 147, 153, 156 ],
targetNumber := 156 ) ],
projectiveGroupId := [ 12, 2 ],
sourceKey := "liftable-abelian-1-PGL-12-2-index-12-dimension-3",
symplecticPart := "1" ), rec(
actionMaximalTargets := [ 24, 154 ],
familyDimension := 3,
fullIndex := 12,
immediateSpecializations := [ 130, 154 ],
isActionMaximal := false,
linearGroupId := [ 36, 8 ],
number := 148,
pathsToActionMaximal := [ rec(
familyNumbers := [ 148, 130, 95, 24 ],
targetNumber := 24 ), rec(
familyNumbers := [ 148, 154 ],
targetNumber := 154 ) ],
projectiveGroupId := [ 12, 2 ],
sourceKey := "liftable-abelian-1-PGL-12-2-index-12-dimension-3-representation-2",
symplecticPart := "1" ), rec(
actionMaximalTargets := [ 24 ],
familyDimension := 2,
fullIndex := 12,
immediateSpecializations := [ 95, 131 ],
isActionMaximal := false,
linearGroupId := [ 36, 8 ],
number := 149,
pathsToActionMaximal := [ rec(
familyNumbers := [ 149, 95, 24 ],
targetNumber := 24 ) ],
projectiveGroupId := [ 12, 2 ],
sourceKey := "liftable-abelian-1-PGL-12-2-index-12-dimension-2",
symplecticPart := "1" ), rec(
actionMaximalTargets := [ 24 ],
familyDimension := 2,
fullIndex := 12,
immediateSpecializations := [ 131 ],
isActionMaximal := false,
linearGroupId := [ 36, 8 ],
number := 150,
pathsToActionMaximal := [ rec(
familyNumbers := [ 150, 131, 24 ],
targetNumber := 24 ) ],
projectiveGroupId := [ 12, 2 ],
sourceKey := "liftable-abelian-1-PGL-12-2-index-12-dimension-2-representation-2",
symplecticPart := "1" ), rec(
actionMaximalTargets := [ 155, 156 ],
familyDimension := 1,
fullIndex := 16,
immediateSpecializations := [ 155, 156 ],
isActionMaximal := false,
linearGroupId := [ 48, 2 ],
number := 151,
pathsToActionMaximal := [ rec(
familyNumbers := [ 151, 155 ],
targetNumber := 155 ), rec(
familyNumbers := [ 151, 156 ],
targetNumber := 156 ) ],
projectiveGroupId := [ 16, 1 ],
sourceKey := "liftable-abelian-1-PGL-16-1-index-16-dimension-1",
symplecticPart := "1" ), rec(
actionMaximalTargets := [ 152 ],
familyDimension := 1,
fullIndex := 16,
immediateSpecializations := [  ],
isActionMaximal := true,
linearGroupId := [ 48, 2 ],
number := 152,
pathsToActionMaximal := [ rec(
familyNumbers := [ 152 ],
targetNumber := 152 ) ],
projectiveGroupId := [ 16, 1 ],
sourceKey := "liftable-abelian-1-PGL-16-1-index-16-dimension-1-representation-2",
symplecticPart := "1" ), rec(
actionMaximalTargets := [ 96, 156 ],
familyDimension := 1,
fullIndex := 24,
immediateSpecializations := [ 96, 156 ],
isActionMaximal := false,
linearGroupId := [ 72, 14 ],
number := 153,
pathsToActionMaximal := [ rec(
familyNumbers := [ 153, 96 ],
targetNumber := 96 ), rec(
familyNumbers := [ 153, 156 ],
targetNumber := 156 ) ],
projectiveGroupId := [ 24, 2 ],
sourceKey := "liftable-abelian-1-PGL-24-2-index-24-dimension-1",
symplecticPart := "1" ), rec(
actionMaximalTargets := [ 154 ],
familyDimension := 1,
fullIndex := 24,
immediateSpecializations := [  ],
isActionMaximal := true,
linearGroupId := [ 72, 14 ],
number := 154,
pathsToActionMaximal := [ rec(
familyNumbers := [ 154 ],
targetNumber := 154 ) ],
projectiveGroupId := [ 24, 2 ],
sourceKey := "liftable-abelian-1-PGL-24-2-index-24-dimension-1-representation-2",
symplecticPart := "1" ), rec(
actionMaximalTargets := [ 155 ],
familyDimension := 0,
fullIndex := 32,
immediateSpecializations := [  ],
isActionMaximal := true,
linearGroupId := [ 96, 2 ],
number := 155,
pathsToActionMaximal := [ rec(
familyNumbers := [ 155 ],
targetNumber := 155 ) ],
projectiveGroupId := [ 32, 1 ],
sourceKey := "liftable-abelian-1-PGL-32-1-index-32-dimension-0",
symplecticPart := "1" ), rec(
actionMaximalTargets := [ 156 ],
familyDimension := 0,
fullIndex := 48,
immediateSpecializations := [  ],
isActionMaximal := true,
linearGroupId := [ 144, 30 ],
number := 156,
pathsToActionMaximal := [ rec(
familyNumbers := [ 156 ],
targetNumber := 156 ) ],
projectiveGroupId := [ 48, 2 ],
sourceKey := "liftable-abelian-1-PGL-48-2-index-48-dimension-0",
symplecticPart := "1" ) ],
gapVersion := "4.15.1",
inputCatalogue := "../gap_manuscript_validation/gap_family_catalogue.g",
inputCatalogueMatched := true,
inputPairCoverageVerified := true,
inputRelation := "result/gap_fourfold_cross_dimension_all_pairs.g",
meaning := "maximal full strict actions under GL-conjugate containment",
positivePairs := [ [ 9, 1 ], [ 9, 4 ], [ 10, 1 ], [ 10, 2 ], [ 10, 5 ], [ 10, 6 ], [ 11, 1 ], [ 11, 3 ], [ 12, 2 ], [ 12, 3 ], [ 12, 13 ], [ 12, 14 ], [ 15, 2 ], [ 16, 3 ], [ 16, 8 ], [ 17, 4 ], [ 17, 5 ], [ 17, 6 ], [ 17, 18 ], [ 19, 1 ], [ 21, 1 ], [ 21, 4 ], [ 21, 9 ], [ 21, 22 ], [ 21, 23 ], [ 21, 24 ], [ 22, 4 ], [ 22, 24 ], [ 23, 1 ], [ 23, 24 ], [ 25, 1 ], [ 25, 2 ], [ 25, 26 ], [ 26, 1 ], [ 27, 1 ], [ 27, 3 ], [ 27, 8 ], [ 27, 28 ], [ 28, 1 ], [ 28, 8 ], [ 29, 1 ], [ 29, 2 ], [ 29, 3 ], [ 29, 5 ], [ 29, 6 ], [ 29, 7 ], [ 29, 10 ], [ 29, 11 ], [ 29, 15 ], [ 29, 30 ], [ 30, 1 ], [ 30, 7 ], [ 31, 1 ], [ 31, 3 ], [ 31, 8 ], [ 31, 11 ], [ 31, 16 ], [ 31, 32 ], [ 32, 1 ], [ 32, 8 ], [ 33, 1 ], [ 33, 2 ], [ 33, 4 ], [ 33, 5 ], [ 33, 6 ], [ 33, 9 ], [ 33, 10 ], [ 33, 17 ], [ 33, 18 ], [ 34, 1 ], [ 34, 3 ], [ 34, 4 ], [ 34, 9 ], [ 34, 11 ], [ 34, 19 ], [ 35, 1 ], [ 35, 8 ], [ 35, 19 ], [ 35, 36 ], [ 36, 1 ], [ 36, 8 ], [ 37, 1 ], [ 37, 19 ], [ 37, 38 ], [ 38, 1 ], [ 39, 2 ], [ 39, 3 ], [ 39, 12 ], [ 39, 13 ], [ 39, 14 ], [ 39, 40 ], [ 39, 41 ], [ 40, 3 ], [ 40, 13 ], [ 40, 14 ], [ 40, 41 ], [ 42, 2 ], [ 42, 3 ], [ 42, 5 ], [ 42, 6 ], [ 42, 8 ], [ 42, 15 ], [ 42, 16 ], [ 43, 5 ], [ 43, 6 ], [ 43, 20 ], [ 43, 44 ], [ 45, 1 ], [ 45, 2 ], [ 45, 3 ], [ 45, 5 ], [ 45, 6 ], [ 45, 8 ], [ 45, 10 ], [ 45, 11 ], [ 45, 12 ], [ 45, 13 ], [ 45, 14 ], [ 45, 15 ], [ 45, 25 ], [ 45, 26 ], [ 45, 27 ], [ 45, 28 ], [ 45, 46 ], [ 46, 1 ], [ 46, 3 ], [ 46, 11 ], [ 46, 26 ], [ 47, 1 ], [ 47, 3 ], [ 47, 8 ], [ 47, 11 ], [ 47, 16 ], [ 47, 27 ], [ 47, 28 ], [ 48, 4 ], [ 48, 5 ], [ 48, 6 ], [ 48, 17 ], [ 48, 18 ], [ 48, 20 ], [ 48, 43 ], [ 48, 44 ], [ 48, 49 ], [ 48, 50 ], [ 48, 51 ], [ 49, 4 ], [ 49, 44 ], [ 49, 51 ], [ 50, 18 ], [ 51, 4 ], [ 52, 1 ], [ 52, 2 ], [ 52, 4 ], [ 52, 5 ], [ 52, 6 ], [ 52, 9 ], [ 52, 10 ], [ 52, 17 ], [ 52, 18 ], [ 52, 21 ], [ 52, 22 ], [ 52, 23 ], [ 52, 24 ], [ 52, 25 ], [ 52, 26 ], [ 52, 33 ], [ 52, 53 ], [ 52, 54 ], [ 53, 1 ], [ 53, 4 ], [ 53, 9 ], [ 53, 26 ], [ 54, 1 ], [ 54, 18 ], [ 55, 1 ], [ 55, 3 ], [ 55, 4 ], [ 55, 8 ], [ 55, 9 ], [ 55, 11 ], [ 55, 19 ], [ 55, 21 ], [ 55, 22 ], [ 55, 23 ], [ 55, 24 ], [ 55, 27 ], [ 55, 28 ], [ 55, 34 ], [ 55, 35 ], [ 55, 36 ], [ 55, 37 ], [ 55, 38 ], [ 55, 56 ], [ 55, 57 ], [ 56, 1 ], [ 56, 8 ], [ 56, 23 ], [ 56, 24 ], [ 56, 28 ], [ 56, 36 ], [ 57, 1 ], [ 57, 23 ], [ 57, 24 ], [ 57, 38 ], [ 58, 1 ], [ 58, 2 ], [ 58, 7 ], [ 58, 15 ], [ 58, 19 ], [ 58, 20 ], [ 58, 25 ], [ 58, 26 ], [ 58, 37 ], [ 58, 38 ], [ 58, 59 ], [ 58, 60 ], [ 58, 61 ], [ 58, 62 ], [ 59, 1 ], [ 59, 26 ], [ 59, 62 ], [ 60, 1 ], [ 60, 19 ], [ 60, 26 ], [ 61, 1 ], [ 61, 7 ], [ 61, 38 ], [ 61, 62 ], [ 62, 1 ], [ 63, 1 ], [ 63, 3 ], [ 63, 8 ], [ 63, 16 ], [ 63, 19 ], [ 63, 27 ], [ 63, 28 ], [ 63, 35 ], [ 63, 36 ], [ 63, 64 ], [ 64, 1 ], [ 64, 8 ], [ 64, 28 ], [ 64, 36 ], [ 65, 1 ], [ 65, 2 ], [ 65, 3 ], [ 65, 5 ], [ 65, 6 ], [ 65, 7 ], [ 65, 8 ], [ 65, 10 ], [ 65, 11 ], [ 65, 12 ], [ 65, 13 ], [ 65, 14 ], [ 65, 15 ], [ 65, 25 ], [ 65, 26 ], [ 65, 27 ], [ 65, 28 ], [ 65, 29 ], [ 65, 30 ], [ 65, 45 ], [ 65, 46 ], [ 65, 66 ], [ 65, 67 ], [ 66, 1 ], [ 66, 3 ], [ 66, 11 ], [ 66, 26 ], [ 66, 46 ], [ 67, 1 ], [ 67, 7 ], [ 67, 8 ], [ 67, 28 ], [ 67, 30 ], [ 68, 1 ], [ 68, 3 ], [ 68, 8 ], [ 68, 11 ], [ 68, 16 ], [ 68, 27 ], [ 68, 28 ], [ 68, 31 ], [ 68, 32 ], [ 68, 47 ], [ 68, 69 ], [ 69, 1 ], [ 69, 8 ], [ 69, 28 ], [ 69, 32 ], [ 70, 1 ], [ 70, 2 ], [ 70, 3 ], [ 70, 5 ], [ 70, 6 ], [ 70, 7 ], [ 70, 8 ], [ 70, 10 ], [ 70, 11 ], [ 70, 15 ], [ 70, 16 ], [ 70, 29 ], [ 70, 30 ], [ 70, 31 ], [ 70, 32 ], [ 70, 42 ], [ 70, 71 ], [ 70, 72 ], [ 71, 3 ], [ 71, 8 ], [ 71, 16 ], [ 72, 1 ], [ 72, 7 ], [ 72, 8 ], [ 72, 30 ], [ 72, 32 ], [ 73, 1 ], [ 73, 2 ], [ 73, 3 ], [ 73, 5 ], [ 73, 6 ], [ 73, 8 ], [ 73, 10 ], [ 73, 11 ], [ 73, 12 ], [ 73, 13 ], [ 73, 14 ], [ 73, 15 ], [ 73, 16 ], [ 73, 19 ], [ 73, 20 ], [ 73, 25 ], [ 73, 26 ], [ 73, 27 ], [ 73, 28 ], [ 73, 43 ], [ 73, 44 ], [ 73, 45 ], [ 73, 46 ], [ 73, 47 ], [ 73, 74 ], [ 73, 75 ], [ 73, 76 ], [ 74, 1 ], [ 74, 3 ], [ 74, 8 ], [ 74, 11 ], [ 74, 16 ], [ 74, 19 ], [ 74, 26 ], [ 74, 27 ], [ 74, 28 ], [ 74, 46 ], [ 74, 47 ], [ 75, 44 ], [ 76, 13 ], [ 76, 14 ], [ 76, 44 ], [ 77, 1 ], [ 77, 2 ], [ 77, 3 ], [ 77, 4 ], [ 77, 5 ], [ 77, 6 ], [ 77, 8 ], [ 77, 9 ], [ 77, 10 ], [ 77, 11 ], [ 77, 12 ], [ 77, 13 ], [ 77, 14 ], [ 77, 15 ], [ 77, 16 ], [ 77, 17 ], [ 77, 18 ], [ 77, 19 ], [ 77, 20 ], [ 77, 25 ], [ 77, 26 ], [ 77, 27 ], [ 77, 28 ], [ 77, 33 ], [ 77, 34 ], [ 77, 42 ], [ 77, 43 ], [ 77, 44 ], [ 77, 45 ], [ 77, 46 ], [ 77, 47 ], [ 77, 48 ], [ 77, 49 ], [ 77, 50 ], [ 77, 51 ], [ 77, 73 ], [ 77, 74 ], [ 77, 75 ], [ 77, 76 ], [ 77, 78 ], [ 77, 79 ], [ 77, 80 ], [ 77, 81 ], [ 77, 82 ], [ 78, 1 ], [ 78, 3 ], [ 78, 4 ], [ 78, 8 ], [ 78, 9 ], [ 78, 11 ], [ 78, 16 ], [ 78, 19 ], [ 78, 26 ], [ 78, 27 ], [ 78, 28 ], [ 78, 34 ], [ 78, 44 ], [ 78, 46 ], [ 78, 47 ], [ 78, 49 ], [ 78, 51 ], [ 78, 74 ], [ 79, 4 ], [ 79, 44 ], [ 79, 49 ], [ 79, 51 ], [ 79, 75 ], [ 79, 81 ], [ 79, 82 ], [ 80, 4 ], [ 80, 13 ], [ 80, 14 ], [ 80, 44 ], [ 80, 49 ], [ 80, 51 ], [ 80, 76 ], [ 81, 4 ], [ 81, 51 ], [ 82, 4 ], [ 82, 51 ], [ 83, 1 ], [ 83, 2 ], [ 83, 3 ], [ 83, 4 ], [ 83, 5 ], [ 83, 6 ], [ 83, 7 ], [ 83, 8 ], [ 83, 9 ], [ 83, 10 ], [ 83, 11 ], [ 83, 12 ], [ 83, 13 ], [ 83, 14 ], [ 83, 15 ], [ 83, 17 ], [ 83, 18 ], [ 83, 19 ], [ 83, 20 ], [ 83, 21 ], [ 83, 22 ], [ 83, 23 ], [ 83, 24 ], [ 83, 25 ], [ 83, 26 ], [ 83, 27 ], [ 83, 28 ], [ 83, 29 ], [ 83, 30 ], [ 83, 33 ], [ 83, 34 ], [ 83, 35 ], [ 83, 36 ], [ 83, 37 ], [ 83, 38 ], [ 83, 45 ], [ 83, 46 ], [ 83, 52 ], [ 83, 53 ], [ 83, 54 ], [ 83, 55 ], [ 83, 56 ], [ 83, 57 ], [ 83, 58 ], [ 83, 59 ], [ 83, 60 ], [ 83, 61 ], [ 83, 62 ], [ 83, 84 ], [ 83, 85 ], [ 83, 86 ], [ 83, 87 ], [ 84, 1 ], [ 84, 3 ], [ 84, 4 ], [ 84, 9 ], [ 84, 11 ], [ 84, 13 ], [ 84, 14 ], [ 84, 19 ], [ 84, 26 ], [ 84, 34 ], [ 84, 46 ], [ 84, 53 ], [ 84, 60 ], [ 85, 1 ], [ 85, 8 ], [ 85, 19 ], [ 85, 26 ], [ 85, 35 ], [ 85, 36 ], [ 85, 60 ], [ 86, 1 ], [ 86, 7 ], [ 86, 23 ], [ 86, 24 ], [ 86, 30 ], [ 86, 38 ], [ 86, 57 ], [ 86, 61 ], [ 86, 62 ], [ 87, 1 ], [ 87, 18 ], [ 87, 23 ], [ 87, 24 ], [ 87, 38 ], [ 87, 54 ], [ 88, 1 ], [ 88, 3 ], [ 88, 4 ], [ 88, 8 ], [ 88, 9 ], [ 88, 11 ], [ 88, 16 ], [ 88, 19 ], [ 88, 21 ], [ 88, 22 ], [ 88, 23 ], [ 88, 24 ], [ 88, 27 ], [ 88, 28 ], [ 88, 31 ], [ 88, 32 ], [ 88, 34 ], [ 88, 35 ], [ 88, 36 ], [ 88, 37 ], [ 88, 38 ], [ 88, 47 ], [ 88, 55 ], [ 88, 56 ], [ 88, 57 ], [ 88, 63 ], [ 88, 64 ], [ 88, 89 ], [ 88, 90 ], [ 88, 91 ], [ 88, 92 ], [ 88, 93 ], [ 88, 94 ], [ 88, 95 ], [ 88, 96 ], [ 89, 4 ], [ 89, 22 ], [ 89, 24 ], [ 89, 93 ], [ 89, 94 ], [ 89, 95 ], [ 89, 96 ], [ 90, 1 ], [ 90, 8 ], [ 90, 23 ], [ 90, 24 ], [ 90, 28 ], [ 90, 36 ], [ 90, 56 ], [ 90, 64 ], [ 90, 94 ], [ 90, 96 ], [ 91, 1 ], [ 91, 8 ], [ 91, 23 ], [ 91, 24 ], [ 91, 32 ], [ 91, 36 ], [ 91, 38 ], [ 91, 57 ], [ 91, 95 ], [ 92, 1 ], [ 92, 8 ], [ 92, 23 ], [ 92, 24 ], [ 92, 36 ], [ 93, 96 ], [ 94, 24 ], [ 94, 96 ], [ 95, 24 ], [ 97, 1 ], [ 97, 2 ], [ 97, 3 ], [ 97, 5 ], [ 97, 6 ], [ 97, 7 ], [ 97, 8 ], [ 97, 10 ], [ 97, 11 ], [ 97, 12 ], [ 97, 13 ], [ 97, 14 ], [ 97, 15 ], [ 97, 16 ], [ 97, 19 ], [ 97, 20 ], [ 97, 25 ], [ 97, 26 ], [ 97, 27 ], [ 97, 28 ], [ 97, 29 ], [ 97, 30 ], [ 97, 31 ], [ 97, 32 ], [ 97, 35 ], [ 97, 36 ], [ 97, 37 ], [ 97, 38 ], [ 97, 43 ], [ 97, 44 ], [ 97, 45 ], [ 97, 46 ], [ 97, 47 ], [ 97, 58 ], [ 97, 59 ], [ 97, 60 ], [ 97, 61 ], [ 97, 62 ], [ 97, 63 ], [ 97, 64 ], [ 97, 65 ], [ 97, 66 ], [ 97, 67 ], [ 97, 68 ], [ 97, 69 ], [ 97, 73 ], [ 97, 74 ], [ 97, 75 ], [ 97, 76 ], [ 97, 98 ], [ 97, 99 ], [ 97, 100 ], [ 97, 101 ], [ 97, 102 ], [ 97, 103 ], [ 97, 104 ], [ 97, 105 ], [ 98, 1 ], [ 98, 3 ], [ 98, 8 ], [ 98, 11 ], [ 98, 16 ], [ 98, 19 ], [ 98, 26 ], [ 98, 27 ], [ 98, 28 ], [ 98, 35 ], [ 98, 36 ], [ 98, 46 ], [ 98, 47 ], [ 98, 63 ], [ 98, 64 ], [ 98, 66 ], [ 98, 74 ], [ 98, 105 ], [ 99, 1 ], [ 99, 3 ], [ 99, 8 ], [ 99, 11 ], [ 99, 16 ], [ 99, 19 ], [ 99, 26 ], [ 99, 27 ], [ 99, 28 ], [ 99, 31 ], [ 99, 32 ], [ 99, 37 ], [ 99, 38 ], [ 99, 44 ], [ 99, 46 ], [ 99, 47 ], [ 99, 59 ], [ 99, 62 ], [ 99, 68 ], [ 99, 69 ], [ 99, 74 ], [ 99, 75 ], [ 99, 103 ], [ 100, 1 ], [ 100, 3 ], [ 100, 8 ], [ 100, 11 ], [ 100, 16 ], [ 100, 19 ], [ 100, 26 ], [ 100, 27 ], [ 100, 28 ], [ 100, 46 ], [ 100, 47 ], [ 100, 60 ], [ 100, 74 ], [ 100, 104 ], [ 101, 1 ], [ 101, 7 ], [ 101, 8 ], [ 101, 28 ], [ 101, 30 ], [ 101, 32 ], [ 101, 38 ], [ 101, 61 ], [ 101, 62 ], [ 101, 67 ], [ 101, 69 ], [ 101, 103 ], [ 102, 1 ], [ 102, 7 ], [ 102, 8 ], [ 102, 28 ], [ 102, 30 ], [ 102, 32 ], [ 102, 67 ], [ 102, 69 ], [ 102, 104 ], [ 103, 1 ], [ 103, 8 ], [ 103, 28 ], [ 103, 32 ], [ 103, 38 ], [ 103, 62 ], [ 103, 69 ], [ 104, 1 ], [ 104, 8 ], [ 104, 28 ], [ 105, 1 ], [ 106, 1 ], [ 106, 2 ], [ 106, 3 ], [ 106, 4 ], [ 106, 5 ], [ 106, 6 ], [ 106, 7 ], [ 106, 8 ], [ 106, 9 ], [ 106, 10 ], [ 106, 11 ], [ 106, 12 ], [ 106, 13 ], [ 106, 14 ], [ 106, 15 ], [ 106, 17 ], [ 106, 18 ], [ 106, 19 ], [ 106, 20 ], [ 106, 21 ], [ 106, 22 ], [ 106, 23 ], [ 106, 24 ], [ 106, 25 ], [ 106, 26 ], [ 106, 27 ], [ 106, 28 ], [ 106, 29 ], [ 106, 30 ], [ 106, 33 ], [ 106, 34 ], [ 106, 35 ], [ 106, 36 ], [ 106, 37 ], [ 106, 38 ], [ 106, 39 ], [ 106, 40 ], [ 106, 41 ], [ 106, 45 ], [ 106, 46 ], [ 106, 52 ], [ 106, 53 ], [ 106, 54 ], [ 106, 55 ], [ 106, 56 ], [ 106, 57 ], [ 106, 58 ], [ 106, 59 ], [ 106, 60 ], [ 106, 61 ], [ 106, 62 ], [ 106, 65 ], [ 106, 66 ], [ 106, 67 ], [ 106, 83 ], [ 106, 84 ], [ 106, 85 ], [ 106, 86 ], [ 106, 87 ], [ 106, 107 ], [ 106, 108 ], [ 106, 109 ], [ 106, 110 ], [ 106, 111 ], [ 106, 112 ], [ 106, 113 ], [ 106, 114 ], [ 107, 1 ], [ 107, 3 ], [ 107, 4 ], [ 107, 8 ], [ 107, 9 ], [ 107, 11 ], [ 107, 13 ], [ 107, 14 ], [ 107, 19 ], [ 107, 26 ], [ 107, 34 ], [ 107, 35 ], [ 107, 36 ], [ 107, 46 ], [ 107, 53 ], [ 107, 60 ], [ 107, 84 ], [ 107, 85 ], [ 108, 1 ], [ 108, 8 ], [ 108, 19 ], [ 108, 26 ], [ 108, 35 ], [ 108, 36 ], [ 108, 59 ], [ 108, 60 ], [ 108, 62 ], [ 108, 85 ], [ 108, 113 ], [ 109, 1 ], [ 109, 3 ], [ 109, 4 ], [ 109, 9 ], [ 109, 11 ], [ 109, 13 ], [ 109, 14 ], [ 109, 19 ], [ 109, 26 ], [ 109, 34 ], [ 109, 40 ], [ 109, 41 ], [ 109, 46 ], [ 109, 53 ], [ 109, 60 ], [ 109, 66 ], [ 109, 84 ], [ 109, 114 ], [ 110, 1 ], [ 110, 7 ], [ 110, 8 ], [ 110, 23 ], [ 110, 24 ], [ 110, 28 ], [ 110, 30 ], [ 110, 36 ], [ 110, 38 ], [ 110, 56 ], [ 110, 57 ], [ 110, 61 ], [ 110, 62 ], [ 110, 67 ], [ 110, 86 ], [ 110, 113 ], [ 111, 1 ], [ 111, 18 ], [ 111, 23 ], [ 111, 24 ], [ 111, 38 ], [ 111, 54 ], [ 111, 57 ], [ 111, 87 ], [ 112, 1 ], [ 112, 18 ], [ 112, 41 ], [ 112, 54 ], [ 112, 114 ], [ 113, 1 ], [ 113, 8 ], [ 113, 36 ], [ 113, 62 ], [ 114, 1 ], [ 114, 41 ], [ 115, 1 ], [ 115, 3 ], [ 115, 4 ], [ 115, 8 ], [ 115, 9 ], [ 115, 11 ], [ 115, 16 ], [ 115, 19 ], [ 115, 21 ], [ 115, 22 ], [ 115, 23 ], [ 115, 24 ], [ 115, 27 ], [ 115, 28 ], [ 115, 31 ], [ 115, 32 ], [ 115, 34 ], [ 115, 35 ], [ 115, 36 ], [ 115, 37 ], [ 115, 38 ], [ 115, 47 ], [ 115, 55 ], [ 115, 56 ], [ 115, 57 ], [ 115, 63 ], [ 115, 64 ], [ 115, 68 ], [ 115, 69 ], [ 115, 88 ], [ 115, 89 ], [ 115, 90 ], [ 115, 91 ], [ 115, 92 ], [ 115, 93 ], [ 115, 94 ], [ 115, 95 ], [ 115, 96 ], [ 115, 116 ], [ 115, 117 ], [ 115, 118 ], [ 116, 1 ], [ 116, 8 ], [ 116, 23 ], [ 116, 24 ], [ 116, 28 ], [ 116, 36 ], [ 116, 56 ], [ 116, 64 ], [ 116, 90 ], [ 116, 94 ], [ 116, 96 ], [ 117, 1 ], [ 117, 8 ], [ 117, 23 ], [ 117, 24 ], [ 117, 28 ], [ 117, 32 ], [ 117, 36 ], [ 117, 38 ], [ 117, 56 ], [ 117, 57 ], [ 117, 69 ], [ 117, 91 ], [ 117, 95 ], [ 118, 1 ], [ 118, 8 ], [ 118, 23 ], [ 118, 24 ], [ 118, 28 ], [ 118, 36 ], [ 118, 38 ], [ 118, 56 ], [ 118, 57 ], [ 118, 92 ], [ 119, 1 ], [ 119, 2 ], [ 119, 3 ], [ 119, 4 ], [ 119, 5 ], [ 119, 6 ], [ 119, 7 ], [ 119, 8 ], [ 119, 9 ], [ 119, 10 ], [ 119, 11 ], [ 119, 12 ], [ 119, 13 ], [ 119, 14 ], [ 119, 15 ], [ 119, 16 ], [ 119, 17 ], [ 119, 18 ], [ 119, 19 ], [ 119, 20 ], [ 119, 21 ], [ 119, 22 ], [ 119, 23 ], [ 119, 24 ], [ 119, 25 ], [ 119, 26 ], [ 119, 27 ], [ 119, 28 ], [ 119, 29 ], [ 119, 30 ], [ 119, 31 ], [ 119, 32 ], [ 119, 33 ], [ 119, 34 ], [ 119, 35 ], [ 119, 36 ], [ 119, 37 ], [ 119, 38 ], [ 119, 42 ], [ 119, 43 ], [ 119, 44 ], [ 119, 45 ], [ 119, 46 ], [ 119, 47 ], [ 119, 48 ], [ 119, 49 ], [ 119, 50 ], [ 119, 51 ], [ 119, 52 ], [ 119, 53 ], [ 119, 54 ], [ 119, 55 ], [ 119, 56 ], [ 119, 57 ], [ 119, 58 ], [ 119, 59 ], [ 119, 60 ], [ 119, 61 ], [ 119, 62 ], [ 119, 63 ], [ 119, 64 ], [ 119, 65 ], [ 119, 66 ], [ 119, 67 ], [ 119, 68 ], [ 119, 69 ], [ 119, 70 ], [ 119, 71 ], [ 119, 72 ], [ 119, 73 ], [ 119, 74 ], [ 119, 75 ], [ 119, 76 ], [ 119, 77 ], [ 119, 78 ], [ 119, 79 ], [ 119, 80 ], [ 119, 81 ], [ 119, 82 ], [ 119, 83 ], [ 119, 84 ], [ 119, 85 ], [ 119, 86 ], [ 119, 87 ], [ 119, 88 ], [ 119, 89 ], [ 119, 90 ], [ 119, 91 ], [ 119, 92 ], [ 119, 93 ], [ 119, 94 ], [ 119, 95 ], [ 119, 96 ], [ 119, 97 ], [ 119, 98 ], [ 119, 99 ], [ 119, 100 ], [ 119, 101 ], [ 119, 102 ], [ 119, 103 ], [ 119, 104 ], [ 119, 105 ], [ 119, 120 ], [ 119, 121 ], [ 119, 122 ], [ 119, 123 ], [ 119, 124 ], [ 119, 125 ], [ 119, 126 ], [ 119, 127 ], [ 119, 128 ], [ 119, 129 ], [ 119, 130 ], [ 119, 131 ], [ 120, 1 ], [ 120, 3 ], [ 120, 4 ], [ 120, 8 ], [ 120, 9 ], [ 120, 11 ], [ 120, 16 ], [ 120, 19 ], [ 120, 21 ], [ 120, 22 ], [ 120, 23 ], [ 120, 24 ], [ 120, 26 ], [ 120, 27 ], [ 120, 28 ], [ 120, 31 ], [ 120, 32 ], [ 120, 34 ], [ 120, 35 ], [ 120, 36 ], [ 120, 37 ], [ 120, 38 ], [ 120, 44 ], [ 120, 46 ], [ 120, 47 ], [ 120, 49 ], [ 120, 51 ], [ 120, 55 ], [ 120, 56 ], [ 120, 57 ], [ 120, 59 ], [ 120, 62 ], [ 120, 63 ], [ 120, 64 ], [ 120, 66 ], [ 120, 68 ], [ 120, 69 ], [ 120, 74 ], [ 120, 75 ], [ 120, 78 ], [ 120, 79 ], [ 120, 81 ], [ 120, 82 ], [ 120, 88 ], [ 120, 89 ], [ 120, 90 ], [ 120, 91 ], [ 120, 92 ], [ 120, 93 ], [ 120, 94 ], [ 120, 95 ], [ 120, 96 ], [ 120, 98 ], [ 120, 99 ], [ 120, 103 ], [ 120, 105 ], [ 120, 124 ], [ 120, 125 ], [ 120, 128 ], [ 120, 129 ], [ 120, 130 ], [ 120, 131 ], [ 121, 1 ], [ 121, 3 ], [ 121, 8 ], [ 121, 11 ], [ 121, 16 ], [ 121, 19 ], [ 121, 26 ], [ 121, 27 ], [ 121, 28 ], [ 121, 35 ], [ 121, 36 ], [ 121, 46 ], [ 121, 47 ], [ 121, 60 ], [ 121, 63 ], [ 121, 64 ], [ 121, 66 ], [ 121, 71 ], [ 121, 74 ], [ 121, 85 ], [ 121, 98 ], [ 121, 100 ], [ 121, 104 ], [ 121, 105 ], [ 121, 127 ], [ 122, 1 ], [ 122, 3 ], [ 122, 4 ], [ 122, 8 ], [ 122, 9 ], [ 122, 11 ], [ 122, 13 ], [ 122, 14 ], [ 122, 16 ], [ 122, 19 ], [ 122, 26 ], [ 122, 27 ], [ 122, 28 ], [ 122, 34 ], [ 122, 44 ], [ 122, 46 ], [ 122, 47 ], [ 122, 49 ], [ 122, 51 ], [ 122, 53 ], [ 122, 60 ], [ 122, 74 ], [ 122, 76 ], [ 122, 78 ], [ 122, 80 ], [ 122, 84 ], [ 122, 100 ], [ 122, 104 ], [ 123, 1 ], [ 123, 7 ], [ 123, 8 ], [ 123, 23 ], [ 123, 24 ], [ 123, 28 ], [ 123, 30 ], [ 123, 32 ], [ 123, 36 ], [ 123, 38 ], [ 123, 57 ], [ 123, 61 ], [ 123, 62 ], [ 123, 64 ], [ 123, 67 ], [ 123, 69 ], [ 123, 72 ], [ 123, 86 ], [ 123, 91 ], [ 123, 95 ], [ 123, 101 ], [ 123, 103 ], [ 123, 125 ], [ 123, 130 ], [ 124, 4 ], [ 124, 22 ], [ 124, 24 ], [ 124, 51 ], [ 124, 81 ], [ 124, 89 ], [ 124, 93 ], [ 124, 94 ], [ 124, 95 ], [ 124, 96 ], [ 124, 129 ], [ 124, 130 ], [ 124, 131 ], [ 125, 1 ], [ 125, 8 ], [ 125, 23 ], [ 125, 24 ], [ 125, 28 ], [ 125, 32 ], [ 125, 36 ], [ 125, 38 ], [ 125, 57 ], [ 125, 62 ], [ 125, 64 ], [ 125, 69 ], [ 125, 91 ], [ 125, 95 ], [ 125, 103 ], [ 125, 130 ], [ 126, 1 ], [ 126, 7 ], [ 126, 8 ], [ 126, 18 ], [ 126, 23 ], [ 126, 24 ], [ 126, 36 ], [ 126, 38 ], [ 126, 50 ], [ 126, 54 ], [ 126, 61 ], [ 126, 62 ], [ 126, 87 ], [ 126, 92 ], [ 126, 128 ], [ 126, 131 ], [ 128, 1 ], [ 128, 8 ], [ 128, 23 ], [ 128, 24 ], [ 128, 36 ], [ 128, 62 ], [ 128, 92 ], [ 128, 131 ], [ 129, 93 ], [ 129, 96 ], [ 130, 24 ], [ 130, 95 ], [ 131, 24 ], [ 132, 1 ], [ 132, 2 ], [ 132, 3 ], [ 132, 4 ], [ 132, 5 ], [ 132, 6 ], [ 132, 7 ], [ 132, 8 ], [ 132, 9 ], [ 132, 10 ], [ 132, 11 ], [ 132, 12 ], [ 132, 13 ], [ 132, 14 ], [ 132, 15 ], [ 132, 16 ], [ 132, 17 ], [ 132, 18 ], [ 132, 19 ], [ 132, 20 ], [ 132, 21 ], [ 132, 22 ], [ 132, 23 ], [ 132, 24 ], [ 132, 25 ], [ 132, 26 ], [ 132, 27 ], [ 132, 28 ], [ 132, 29 ], [ 132, 30 ], [ 132, 31 ], [ 132, 32 ], [ 132, 33 ], [ 132, 34 ], [ 132, 35 ], [ 132, 36 ], [ 132, 37 ], [ 132, 38 ], [ 132, 39 ], [ 132, 40 ], [ 132, 41 ], [ 132, 42 ], [ 132, 43 ], [ 132, 44 ], [ 132, 45 ], [ 132, 46 ], [ 132, 47 ], [ 132, 48 ], [ 132, 49 ], [ 132, 50 ], [ 132, 51 ], [ 132, 52 ], [ 132, 53 ], [ 132, 54 ], [ 132, 55 ], [ 132, 56 ], [ 132, 57 ], [ 132, 58 ], [ 132, 59 ], [ 132, 60 ], [ 132, 61 ], [ 132, 62 ], [ 132, 63 ], [ 132, 64 ], [ 132, 65 ], [ 132, 66 ], [ 132, 67 ], [ 132, 68 ], [ 132, 69 ], [ 132, 70 ], [ 132, 71 ], [ 132, 72 ], [ 132, 73 ], [ 132, 74 ], [ 132, 75 ], [ 132, 76 ], [ 132, 77 ], [ 132, 78 ], [ 132, 79 ], [ 132, 80 ], [ 132, 81 ], [ 132, 82 ], [ 132, 83 ], [ 132, 84 ], [ 132, 85 ], [ 132, 86 ], [ 132, 87 ], [ 132, 88 ], [ 132, 89 ], [ 132, 90 ], [ 132, 91 ], [ 132, 92 ], [ 132, 93 ], [ 132, 94 ], [ 132, 95 ], [ 132, 96 ], [ 132, 97 ], [ 132, 98 ], [ 132, 99 ], [ 132, 100 ], [ 132, 101 ], [ 132, 102 ], [ 132, 103 ], [ 132, 104 ], [ 132, 105 ], [ 132, 106 ], [ 132, 107 ], [ 132, 108 ], [ 132, 109 ], [ 132, 110 ], [ 132, 111 ], [ 132, 112 ], [ 132, 113 ], [ 132, 114 ], [ 132, 115 ], [ 132, 116 ], [ 132, 117 ], [ 132, 118 ], [ 132, 119 ], [ 132, 120 ], [ 132, 121 ], [ 132, 122 ], [ 132, 123 ], [ 132, 124 ], [ 132, 125 ], [ 132, 126 ], [ 132, 127 ], [ 132, 128 ], [ 132, 129 ], [ 132, 130 ], [ 132, 131 ], [ 132, 133 ], [ 132, 134 ], [ 132, 135 ], [ 132, 136 ], [ 132, 137 ], [ 132, 138 ], [ 132, 139 ], [ 132, 140 ], [ 132, 141 ], [ 132, 142 ], [ 132, 143 ], [ 132, 144 ], [ 132, 145 ], [ 132, 146 ], [ 132, 147 ], [ 132, 148 ], [ 132, 149 ], [ 132, 150 ], [ 132, 151 ], [ 132, 152 ], [ 132, 153 ], [ 132, 154 ], [ 132, 155 ], [ 132, 156 ], [ 133, 1 ], [ 133, 3 ], [ 133, 4 ], [ 133, 8 ], [ 133, 9 ], [ 133, 11 ], [ 133, 16 ], [ 133, 19 ], [ 133, 21 ], [ 133, 22 ], [ 133, 23 ], [ 133, 24 ], [ 133, 26 ], [ 133, 27 ], [ 133, 28 ], [ 133, 31 ], [ 133, 32 ], [ 133, 34 ], [ 133, 35 ], [ 133, 36 ], [ 133, 37 ], [ 133, 38 ], [ 133, 44 ], [ 133, 46 ], [ 133, 47 ], [ 133, 49 ], [ 133, 51 ], [ 133, 55 ], [ 133, 56 ], [ 133, 57 ], [ 133, 59 ], [ 133, 60 ], [ 133, 62 ], [ 133, 63 ], [ 133, 64 ], [ 133, 66 ], [ 133, 68 ], [ 133, 69 ], [ 133, 71 ], [ 133, 74 ], [ 133, 75 ], [ 133, 78 ], [ 133, 79 ], [ 133, 81 ], [ 133, 82 ], [ 133, 85 ], [ 133, 88 ], [ 133, 89 ], [ 133, 90 ], [ 133, 91 ], [ 133, 92 ], [ 133, 93 ], [ 133, 94 ], [ 133, 95 ], [ 133, 96 ], [ 133, 98 ], [ 133, 99 ], [ 133, 100 ], [ 133, 103 ], [ 133, 104 ], [ 133, 105 ], [ 133, 108 ], [ 133, 113 ], [ 133, 115 ], [ 133, 116 ], [ 133, 117 ], [ 133, 118 ], [ 133, 120 ], [ 133, 121 ], [ 133, 124 ], [ 133, 125 ], [ 133, 127 ], [ 133, 128 ], [ 133, 129 ], [ 133, 130 ], [ 133, 131 ], [ 133, 137 ], [ 133, 138 ], [ 133, 139 ], [ 133, 141 ], [ 133, 142 ], [ 133, 144 ], [ 133, 145 ], [ 133, 146 ], [ 133, 147 ], [ 133, 148 ], [ 133, 149 ], [ 133, 150 ], [ 133, 151 ], [ 133, 152 ], [ 133, 153 ], [ 133, 154 ], [ 133, 155 ], [ 133, 156 ], [ 134, 1 ], [ 134, 3 ], [ 134, 4 ], [ 134, 8 ], [ 134, 9 ], [ 134, 11 ], [ 134, 13 ], [ 134, 14 ], [ 134, 16 ], [ 134, 19 ], [ 134, 26 ], [ 134, 27 ], [ 134, 28 ], [ 134, 34 ], [ 134, 35 ], [ 134, 36 ], [ 134, 40 ], [ 134, 41 ], [ 134, 44 ], [ 134, 46 ], [ 134, 47 ], [ 134, 49 ], [ 134, 51 ], [ 134, 53 ], [ 134, 60 ], [ 134, 63 ], [ 134, 64 ], [ 134, 66 ], [ 134, 71 ], [ 134, 74 ], [ 134, 76 ], [ 134, 78 ], [ 134, 80 ], [ 134, 84 ], [ 134, 85 ], [ 134, 98 ], [ 134, 100 ], [ 134, 104 ], [ 134, 105 ], [ 134, 107 ], [ 134, 109 ], [ 134, 114 ], [ 134, 121 ], [ 134, 122 ], [ 134, 127 ], [ 134, 143 ], [ 135, 1 ], [ 135, 7 ], [ 135, 8 ], [ 135, 23 ], [ 135, 24 ], [ 135, 28 ], [ 135, 30 ], [ 135, 32 ], [ 135, 36 ], [ 135, 38 ], [ 135, 56 ], [ 135, 57 ], [ 135, 61 ], [ 135, 62 ], [ 135, 64 ], [ 135, 67 ], [ 135, 69 ], [ 135, 72 ], [ 135, 86 ], [ 135, 90 ], [ 135, 91 ], [ 135, 94 ], [ 135, 95 ], [ 135, 96 ], [ 135, 101 ], [ 135, 103 ], [ 135, 110 ], [ 135, 113 ], [ 135, 116 ], [ 135, 117 ], [ 135, 123 ], [ 135, 125 ], [ 135, 130 ], [ 135, 139 ], [ 135, 147 ], [ 135, 148 ], [ 135, 153 ], [ 135, 154 ], [ 135, 156 ], [ 136, 1 ], [ 136, 7 ], [ 136, 8 ], [ 136, 18 ], [ 136, 23 ], [ 136, 24 ], [ 136, 28 ], [ 136, 30 ], [ 136, 32 ], [ 136, 36 ], [ 136, 38 ], [ 136, 50 ], [ 136, 54 ], [ 136, 56 ], [ 136, 57 ], [ 136, 61 ], [ 136, 62 ], [ 136, 67 ], [ 136, 69 ], [ 136, 86 ], [ 136, 87 ], [ 136, 91 ], [ 136, 92 ], [ 136, 95 ], [ 136, 102 ], [ 136, 104 ], [ 136, 110 ], [ 136, 111 ], [ 136, 113 ], [ 136, 117 ], [ 136, 118 ], [ 136, 126 ], [ 136, 128 ], [ 136, 131 ], [ 136, 141 ], [ 136, 142 ], [ 136, 149 ], [ 136, 150 ], [ 137, 4 ], [ 137, 22 ], [ 137, 24 ], [ 137, 51 ], [ 137, 81 ], [ 137, 89 ], [ 137, 93 ], [ 137, 94 ], [ 137, 95 ], [ 137, 96 ], [ 137, 124 ], [ 137, 129 ], [ 137, 130 ], [ 137, 131 ], [ 137, 144 ], [ 137, 145 ], [ 137, 147 ], [ 137, 149 ], [ 137, 151 ], [ 137, 152 ], [ 137, 153 ], [ 137, 155 ], [ 137, 156 ], [ 138, 4 ], [ 138, 22 ], [ 138, 24 ], [ 138, 51 ], [ 138, 81 ], [ 138, 89 ], [ 138, 93 ], [ 138, 94 ], [ 138, 95 ], [ 138, 96 ], [ 138, 124 ], [ 138, 127 ], [ 138, 129 ], [ 138, 130 ], [ 138, 131 ], [ 138, 146 ], [ 138, 148 ], [ 138, 150 ], [ 138, 154 ], [ 139, 1 ], [ 139, 8 ], [ 139, 23 ], [ 139, 24 ], [ 139, 28 ], [ 139, 32 ], [ 139, 36 ], [ 139, 38 ], [ 139, 56 ], [ 139, 57 ], [ 139, 62 ], [ 139, 64 ], [ 139, 69 ], [ 139, 90 ], [ 139, 91 ], [ 139, 94 ], [ 139, 95 ], [ 139, 96 ], [ 139, 103 ], [ 139, 113 ], [ 139, 117 ], [ 139, 125 ], [ 139, 130 ], [ 139, 147 ], [ 139, 148 ], [ 139, 153 ], [ 139, 154 ], [ 139, 156 ], [ 140, 1 ], [ 140, 18 ], [ 140, 41 ], [ 140, 54 ], [ 140, 105 ], [ 140, 112 ], [ 140, 114 ], [ 140, 143 ], [ 141, 1 ], [ 141, 8 ], [ 141, 23 ], [ 141, 24 ], [ 141, 28 ], [ 141, 32 ], [ 141, 36 ], [ 141, 38 ], [ 141, 56 ], [ 141, 57 ], [ 141, 62 ], [ 141, 91 ], [ 141, 92 ], [ 141, 95 ], [ 141, 104 ], [ 141, 113 ], [ 141, 118 ], [ 141, 128 ], [ 141, 131 ], [ 141, 149 ], [ 141, 150 ], [ 142, 1 ], [ 142, 8 ], [ 142, 23 ], [ 142, 24 ], [ 142, 36 ], [ 142, 62 ], [ 142, 92 ], [ 142, 113 ], [ 142, 128 ], [ 142, 131 ], [ 143, 1 ], [ 143, 41 ], [ 143, 105 ], [ 143, 114 ], [ 144, 93 ], [ 144, 96 ], [ 144, 129 ], [ 144, 151 ], [ 144, 153 ], [ 144, 155 ], [ 144, 156 ], [ 145, 93 ], [ 145, 96 ], [ 145, 129 ], [ 145, 152 ], [ 146, 154 ], [ 147, 24 ], [ 147, 94 ], [ 147, 95 ], [ 147, 96 ], [ 147, 130 ], [ 147, 153 ], [ 147, 156 ], [ 148, 24 ], [ 148, 95 ], [ 148, 130 ], [ 148, 154 ], [ 149, 24 ], [ 149, 95 ], [ 149, 131 ], [ 150, 24 ], [ 150, 131 ], [ 151, 155 ], [ 151, 156 ], [ 153, 96 ], [ 153, 156 ] ],
positiveWitnessPolicy := "explicit witnesses verified in the displayed coordinates",
runtimeMilliseconds := 3344,
schemaVersion := 2,
status := "completed",
transitiveClosureVerified := true );
