============================================================
Traceable equal-dimensional saturation search
============================================================
Certified-smooth input: 177
Known saturated permanent targets: 60
Candidates requiring comparison: 117
Unresolved smoothness records excluded: 7
Dimension-zero input: 21

Phase 1: equal-order equivalence; candidates=177
  Equivalence pair 1/
1
 : small-nonabelian-S3-PGL-18-3-index-3-dimension-0 -> small-nonabelian-C3-PGL-\
18-3-index-6-dimension-0 (dimension=0, order=54) started; elapsed=0 ms
    status=no_embedding; method=filter; elapsed=281 ms
  Equivalence pair 1/
1
 : small-nonabelian-S3-PGL-36-12-index-6-dimension-0-representation-2 -> small-\
nonabelian-S3-PGL-36-12-index-6-dimension-0 (dimension=0, order=
108) started; elapsed=281 ms
    status=no_embedding; method=filter; elapsed=640 ms
  Equivalence pair 1/
1
 : rank-at-least-15-PSL(2,7)-PGL-336-0-index-2-dimension-0-representation-2 -> \
rank-at-least-15-PSL(2,7)-PGL-336-0-index-2-dimension-0 (dimension=0, order=
1008) started; elapsed=640 ms
    status=no_embedding; method=A_strict; elapsed=3218 ms
  Equivalence pair 1/
1
 : rank-at-least-15-M_10-PGL-720-0-index-1-dimension-0-representation-2 -> rank\
-at-least-15-M_10-PGL-720-0-index-1-dimension-0 (dimension=0, order=
2160) started; elapsed=3218 ms
    status=no_embedding; method=A_strict; elapsed=4921 ms
  Equivalence pair 1/
1
 : liftable-abelian-1-PGL-16-1-index-16-dimension-1-representation-2 -> liftabl\
e-abelian-1-PGL-16-1-index-16-dimension-1 (dimension=1, order=
48) started; elapsed=4921 ms
    status=no_embedding; method=filter; elapsed=168968 ms
  Equivalence pair 1/
1
 : small-nonabelian-C3-PGL-18-3-index-6-dimension-1 -> nonliftable-abelian-C3-P\
GL-18-5-index-6-dimension-1 (dimension=1, order=54) started; elapsed=168968 ms
    status=no_embedding; method=documentary group IDs; elapsed=168968 ms
  Equivalence pair 1/
2
 : small-nonabelian-C3-PGL-18-3-index-6-dimension-1-representation-2 -> nonlift\
able-abelian-C3-PGL-18-5-index-6-dimension-1 (dimension=1, order=
54) started; elapsed=168968 ms
    status=no_embedding; method=documentary group IDs; elapsed=168968 ms
  Equivalence pair 2/
2
 : small-nonabelian-C3-PGL-18-3-index-6-dimension-1-representation-2 -> small-n\
onabelian-C3-PGL-18-3-index-6-dimension-1 (dimension=1, order=
54) started; elapsed=168968 ms
    status=no_embedding; method=filter; elapsed=169281 ms
  Equivalence pair 1/
1
 : liftable-abelian-C2-PGL-24-9-index-12-dimension-1 -> rank-at-least-15-Q_8-PG\
L-24-3-index-3-dimension-1 (dimension=1, order=72) started; elapsed=169281 ms
    status=no_embedding; method=documentary group IDs; elapsed=169281 ms
  Equivalence pair 1/
2
 : liftable-abelian-1-PGL-24-2-index-24-dimension-1 -> rank-at-least-15-Q_8-PGL\
-24-3-index-3-dimension-1 (dimension=1, order=72) started; elapsed=169281 ms
    status=no_embedding; method=documentary group IDs; elapsed=169281 ms
  Equivalence pair 2/
2
 : liftable-abelian-1-PGL-24-2-index-24-dimension-1 -> liftable-abelian-C2-PGL-\
24-9-index-12-dimension-1 (dimension=1, order=72) started; elapsed=169281 ms
    status=no_embedding; method=documentary group IDs; elapsed=169281 ms
  Equivalence pair 1/
3
 : liftable-abelian-1-PGL-24-2-index-24-dimension-1-representation-2 -> rank-at\
-least-15-Q_8-PGL-24-3-index-3-dimension-1 (dimension=1, order=
72) started; elapsed=169281 ms
    status=no_embedding; method=documentary group IDs; elapsed=169281 ms
  Equivalence pair 2/
3
 : liftable-abelian-1-PGL-24-2-index-24-dimension-1-representation-2 -> liftabl\
e-abelian-C2-PGL-24-9-index-12-dimension-1 (dimension=1, order=
72) started; elapsed=169281 ms
    status=no_embedding; method=documentary group IDs; elapsed=169281 ms
  Equivalence pair 3/
3
 : liftable-abelian-1-PGL-24-2-index-24-dimension-1-representation-2 -> liftabl\
e-abelian-1-PGL-24-2-index-24-dimension-1 (dimension=1, order=
72) started; elapsed=169281 ms
    status=no_embedding; method=filter; elapsed=176046 ms
  Equivalence pair 1/
4
 : small-nonabelian-C2^2-PGL-24-10-index-6-dimension-1-representation-2 -> rank\
-at-least-15-Q_8-PGL-24-3-index-3-dimension-1 (dimension=1, order=
72) started; elapsed=176046 ms
    status=no_embedding; method=documentary group IDs; elapsed=176046 ms
  Equivalence pair 2/
4
 : small-nonabelian-C2^2-PGL-24-10-index-6-dimension-1-representation-2 -> lift\
able-abelian-C2-PGL-24-9-index-12-dimension-1 (dimension=1, order=
72) started; elapsed=176046 ms
    status=no_embedding; method=documentary group IDs; elapsed=176046 ms
  Equivalence pair 3/
4
 : small-nonabelian-C2^2-PGL-24-10-index-6-dimension-1-representation-2 -> lift\
able-abelian-1-PGL-24-2-index-24-dimension-1 (dimension=1, order=
72) started; elapsed=176046 ms
    status=no_embedding; method=documentary group IDs; elapsed=176046 ms
  Equivalence pair 4/
4
 : small-nonabelian-C2^2-PGL-24-10-index-6-dimension-1-representation-2 -> lift\
able-abelian-1-PGL-24-2-index-24-dimension-1-representation-2 (dimension=
1, order=72) started; elapsed=176046 ms
    status=no_embedding; method=documentary group IDs; elapsed=176046 ms
  Equivalence pair 1/
5
 : small-nonabelian-C2^2-PGL-24-10-index-6-dimension-1-representation-3 -> rank\
-at-least-15-Q_8-PGL-24-3-index-3-dimension-1 (dimension=1, order=
72) started; elapsed=176046 ms
    status=no_embedding; method=documentary group IDs; elapsed=176046 ms
  Equivalence pair 2/
5
 : small-nonabelian-C2^2-PGL-24-10-index-6-dimension-1-representation-3 -> lift\
able-abelian-C2-PGL-24-9-index-12-dimension-1 (dimension=1, order=
72) started; elapsed=176046 ms
    status=no_embedding; method=documentary group IDs; elapsed=176046 ms
  Equivalence pair 3/
5
 : small-nonabelian-C2^2-PGL-24-10-index-6-dimension-1-representation-3 -> lift\
able-abelian-1-PGL-24-2-index-24-dimension-1 (dimension=1, order=
72) started; elapsed=176046 ms
    status=no_embedding; method=documentary group IDs; elapsed=176046 ms
  Equivalence pair 4/
5
 : small-nonabelian-C2^2-PGL-24-10-index-6-dimension-1-representation-3 -> lift\
able-abelian-1-PGL-24-2-index-24-dimension-1-representation-2 (dimension=
1, order=72) started; elapsed=176046 ms
    status=no_embedding; method=documentary group IDs; elapsed=176046 ms
  Equivalence pair 5/
5
 : small-nonabelian-C2^2-PGL-24-10-index-6-dimension-1-representation-3 -> smal\
l-nonabelian-C2^2-PGL-24-10-index-6-dimension-1-representation-2 (dimension=
1, order=72) started; elapsed=176046 ms
    status=no_embedding; method=filter; elapsed=176421 ms
  Equivalence pair 1/
6
 : small-nonabelian-C4-PGL-24-10-index-6-dimension-1-representation-2 -> rank-a\
t-least-15-Q_8-PGL-24-3-index-3-dimension-1 (dimension=1, order=
72) started; elapsed=176421 ms
    status=no_embedding; method=documentary group IDs; elapsed=176421 ms
  Equivalence pair 2/
6
 : small-nonabelian-C4-PGL-24-10-index-6-dimension-1-representation-2 -> liftab\
le-abelian-C2-PGL-24-9-index-12-dimension-1 (dimension=1, order=
72) started; elapsed=176421 ms
    status=no_embedding; method=documentary group IDs; elapsed=176421 ms
  Equivalence pair 3/
6
 : small-nonabelian-C4-PGL-24-10-index-6-dimension-1-representation-2 -> liftab\
le-abelian-1-PGL-24-2-index-24-dimension-1 (dimension=1, order=
72) started; elapsed=176421 ms
    status=no_embedding; method=documentary group IDs; elapsed=176421 ms
  Equivalence pair 4/
6
 : small-nonabelian-C4-PGL-24-10-index-6-dimension-1-representation-2 -> liftab\
le-abelian-1-PGL-24-2-index-24-dimension-1-representation-2 (dimension=
1, order=72) started; elapsed=176421 ms
    status=no_embedding; method=documentary group IDs; elapsed=176421 ms
  Equivalence pair 5/
6
 : small-nonabelian-C4-PGL-24-10-index-6-dimension-1-representation-2 -> small-\
nonabelian-C2^2-PGL-24-10-index-6-dimension-1-representation-2 (dimension=
1, order=72) started; elapsed=176421 ms
    status=no_embedding; method=filter; elapsed=176609 ms
  Equivalence pair 6/
6
 : small-nonabelian-C4-PGL-24-10-index-6-dimension-1-representation-2 -> small-\
nonabelian-C2^2-PGL-24-10-index-6-dimension-1-representation-3 (dimension=
1, order=72) started; elapsed=176609 ms
    status=no_embedding; method=filter; elapsed=176609 ms
  Equivalence pair 1/
1
 : rank-at-least-15-Q_8-PGL-32-11-index-4-dimension-1 -> rank-at-least-15-QD_16\
-PGL-32-42-index-2-dimension-1 (dimension=1, order=96) started; elapsed=
176609 ms
    status=no_embedding; method=documentary group IDs; elapsed=176609 ms
  Equivalence pair 1/
1
 : small-nonabelian-S3-PGL-36-12-index-6-dimension-1-representation-2 -> small-\
nonabelian-S3-PGL-36-12-index-6-dimension-1 (dimension=1, order=
108) started; elapsed=176609 ms
    status=no_embedding; method=filter; elapsed=176968 ms
  Equivalence pair 1/
2
 : small-nonabelian-S3-PGL-36-12-index-6-dimension-1-representation-3 -> small-\
nonabelian-S3-PGL-36-12-index-6-dimension-1 (dimension=1, order=
108) started; elapsed=176968 ms
    status=no_embedding; method=filter; elapsed=177140 ms
  Equivalence pair 2/
2
 : small-nonabelian-S3-PGL-36-12-index-6-dimension-1-representation-3 -> small-\
nonabelian-S3-PGL-36-12-index-6-dimension-1-representation-2 (dimension=
1, order=108) started; elapsed=177140 ms
    status=no_embedding; method=filter; elapsed=177140 ms
  Equivalence pair 1/
1
 : small-nonabelian-S3-PGL-48-4-index-8-dimension-1 -> rank-at-least-15-T_48-PG\
L-48-0-index-1-dimension-1 (dimension=1, order=144) started; elapsed=177140 ms
    status=no_embedding; method=documentary group IDs; elapsed=177140 ms
  Equivalence pair 1/
1
 : rank-at-least-15-D_12-PGL-72-30-index-6-dimension-1 -> rank-at-least-15-M_9-\
PGL-72-41-index-1-dimension-1 (dimension=1, order=216) started; elapsed=
177140 ms
    status=no_embedding; method=documentary group IDs; elapsed=177140 ms
  Equivalence pair 1/
2
 : small-nonabelian-S3-PGL-72-27-index-12-dimension-1 -> rank-at-least-15-M_9-P\
GL-72-41-index-1-dimension-1 (dimension=1, order=216) started; elapsed=
177140 ms
    status=no_embedding; method=documentary group IDs; elapsed=177140 ms
  Equivalence pair 2/
2
 : small-nonabelian-S3-PGL-72-27-index-12-dimension-1 -> rank-at-least-15-D_12-\
PGL-72-30-index-6-dimension-1 (dimension=1, order=216) started; elapsed=
177140 ms
    status=no_embedding; method=documentary group IDs; elapsed=177140 ms
  Equivalence pair 1/
3
 : small-nonabelian-S3-PGL-72-27-index-12-dimension-1-representation-2 -> rank-\
at-least-15-M_9-PGL-72-41-index-1-dimension-1 (dimension=1, order=
216) started; elapsed=177140 ms
    status=no_embedding; method=documentary group IDs; elapsed=177140 ms
  Equivalence pair 2/
3
 : small-nonabelian-S3-PGL-72-27-index-12-dimension-1-representation-2 -> rank-\
at-least-15-D_12-PGL-72-30-index-6-dimension-1 (dimension=1, order=
216) started; elapsed=177140 ms
    status=no_embedding; method=documentary group IDs; elapsed=177140 ms
  Equivalence pair 3/
3
 : small-nonabelian-S3-PGL-72-27-index-12-dimension-1-representation-2 -> small\
-nonabelian-S3-PGL-72-27-index-12-dimension-1 (dimension=1, order=
216) started; elapsed=177140 ms
    status=no_embedding; method=filter; elapsed=178046 ms
  Equivalence pair 1/
1
 : rank-at-least-15-A_4,3-PGL-144-189-index-2-dimension-1 -> rank-at-least-15-N\
_72-PGL-144-186-index-2-dimension-1 (dimension=1, order=432) started; elapsed=
178046 ms
    status=no_embedding; method=documentary group IDs; elapsed=178046 ms
  Equivalence pair 1/
1
 : rank-at-least-15-S_3,3-PGL-216-157-index-6-dimension-1 -> rank-at-least-15-S\
_3,3-PGL-216-170-index-6-dimension-1 (dimension=1, order=
648) started; elapsed=178046 ms
    status=no_embedding; method=documentary group IDs; elapsed=178046 ms
  Equivalence pair 1/
1
 : rank-at-least-15-A_5-PGL-360-119-index-6-dimension-1 -> rank-at-least-15-A_6\
-PGL-360-0-index-1-dimension-1 (dimension=1, order=1080) started; elapsed=
178046 ms
    status=no_embedding; method=documentary group IDs; elapsed=178046 ms
  Equivalence pair 1/
1
 : rank-at-least-15-3^{1+4}:2.2-PGL-1944-0-index-2-dimension-1 -> rank-at-least\
-15-3^{1+4}:2-PGL-1944-3493-index-4-dimension-1 (dimension=1, order=
5832) started; elapsed=178046 ms
    status=no_embedding; method=filter; elapsed=178640 ms
  Equivalence pair 1/
1
 : liftable-abelian-1-PGL-12-2-index-12-dimension-2-representation-2 -> liftabl\
e-abelian-1-PGL-12-2-index-12-dimension-2 (dimension=2, order=
36) started; elapsed=178640 ms
    status=no_embedding; method=filter; elapsed=179265 ms
  Equivalence pair 1/
2
 : small-nonabelian-C2^2-PGL-12-3-index-3-dimension-2 -> liftable-abelian-1-PGL\
-12-2-index-12-dimension-2 (dimension=2, order=36) started; elapsed=179265 ms
    status=no_embedding; method=documentary group IDs; elapsed=179265 ms
  Equivalence pair 2/
2
 : small-nonabelian-C2^2-PGL-12-3-index-3-dimension-2 -> liftable-abelian-1-PGL\
-12-2-index-12-dimension-2-representation-2 (dimension=2, order=
36) started; elapsed=179265 ms
    status=no_embedding; method=documentary group IDs; elapsed=179265 ms
  Equivalence pair 1/
1
 : rank-at-least-15-D_8-PGL-16-7-index-2-dimension-2 -> rank-at-least-15-QD_16-\
PGL-16-0-index-1-dimension-2 (dimension=2, order=48) started; elapsed=
179265 ms
    status=no_embedding; method=documentary group IDs; elapsed=179265 ms
  Equivalence pair 1/
2
 : rank-at-least-15-Q_8-PGL-16-13-index-2-dimension-2 -> rank-at-least-15-QD_16\
-PGL-16-0-index-1-dimension-2 (dimension=2, order=48) started; elapsed=
179265 ms
    status=no_embedding; method=documentary group IDs; elapsed=179265 ms
  Equivalence pair 2/
2
 : rank-at-least-15-Q_8-PGL-16-13-index-2-dimension-2 -> rank-at-least-15-D_8-P\
GL-16-7-index-2-dimension-2 (dimension=2, order=48) started; elapsed=179265 ms
    status=no_embedding; method=documentary group IDs; elapsed=179265 ms
  Equivalence pair 1/
3
 : liftable-abelian-C4-PGL-16-2-index-4-dimension-2 -> rank-at-least-15-QD_16-P\
GL-16-0-index-1-dimension-2 (dimension=2, order=48) started; elapsed=179265 ms
    status=no_embedding; method=documentary group IDs; elapsed=179265 ms
  Equivalence pair 2/
3
 : liftable-abelian-C4-PGL-16-2-index-4-dimension-2 -> rank-at-least-15-D_8-PGL\
-16-7-index-2-dimension-2 (dimension=2, order=48) started; elapsed=179265 ms
    status=no_embedding; method=documentary group IDs; elapsed=179265 ms
  Equivalence pair 3/
3
 : liftable-abelian-C4-PGL-16-2-index-4-dimension-2 -> rank-at-least-15-Q_8-PGL\
-16-13-index-2-dimension-2 (dimension=2, order=48) started; elapsed=179265 ms
    status=no_embedding; method=documentary group IDs; elapsed=179265 ms
  Equivalence pair 1/
4
 : liftable-abelian-C2-PGL-16-5-index-8-dimension-2 -> rank-at-least-15-QD_16-P\
GL-16-0-index-1-dimension-2 (dimension=2, order=48) started; elapsed=179265 ms
    status=no_embedding; method=documentary group IDs; elapsed=179265 ms
  Equivalence pair 2/
4
 : liftable-abelian-C2-PGL-16-5-index-8-dimension-2 -> rank-at-least-15-D_8-PGL\
-16-7-index-2-dimension-2 (dimension=2, order=48) started; elapsed=179265 ms
    status=no_embedding; method=documentary group IDs; elapsed=179265 ms
  Equivalence pair 3/
4
 : liftable-abelian-C2-PGL-16-5-index-8-dimension-2 -> rank-at-least-15-Q_8-PGL\
-16-13-index-2-dimension-2 (dimension=2, order=48) started; elapsed=179265 ms
    status=no_embedding; method=documentary group IDs; elapsed=179265 ms
  Equivalence pair 4/
4
 : liftable-abelian-C2-PGL-16-5-index-8-dimension-2 -> liftable-abelian-C4-PGL-\
16-2-index-4-dimension-2 (dimension=2, order=48) started; elapsed=179265 ms
    status=no_embedding; method=documentary group IDs; elapsed=179265 ms
  Equivalence pair 1/
5
 : small-nonabelian-C4-PGL-16-6-index-4-dimension-2 -> rank-at-least-15-QD_16-P\
GL-16-0-index-1-dimension-2 (dimension=2, order=48) started; elapsed=179265 ms
    status=no_embedding; method=documentary group IDs; elapsed=179265 ms
  Equivalence pair 2/
5
 : small-nonabelian-C4-PGL-16-6-index-4-dimension-2 -> rank-at-least-15-D_8-PGL\
-16-7-index-2-dimension-2 (dimension=2, order=48) started; elapsed=179265 ms
    status=no_embedding; method=documentary group IDs; elapsed=179265 ms
  Equivalence pair 3/
5
 : small-nonabelian-C4-PGL-16-6-index-4-dimension-2 -> rank-at-least-15-Q_8-PGL\
-16-13-index-2-dimension-2 (dimension=2, order=48) started; elapsed=179265 ms
    status=no_embedding; method=documentary group IDs; elapsed=179265 ms
  Equivalence pair 4/
5
 : small-nonabelian-C4-PGL-16-6-index-4-dimension-2 -> liftable-abelian-C4-PGL-\
16-2-index-4-dimension-2 (dimension=2, order=48) started; elapsed=179265 ms
    status=no_embedding; method=documentary group IDs; elapsed=179265 ms
  Equivalence pair 5/
5
 : small-nonabelian-C4-PGL-16-6-index-4-dimension-2 -> liftable-abelian-C2-PGL-\
16-5-index-8-dimension-2 (dimension=2, order=48) started; elapsed=179265 ms
    status=no_embedding; method=documentary group IDs; elapsed=179265 ms
  Equivalence pair 1/
1
 : small-nonabelian-C3-PGL-18-3-index-6-dimension-2 -> liftable-abelian-C3-PGL-\
18-5-index-6-dimension-2 (dimension=2, order=54) started; elapsed=179265 ms
    status=no_embedding; method=documentary group IDs; elapsed=179265 ms
  Equivalence pair 1/
2
 : small-nonabelian-S3-PGL-18-3-index-3-dimension-2 -> liftable-abelian-C3-PGL-\
18-5-index-6-dimension-2 (dimension=2, order=54) started; elapsed=179265 ms
    status=no_embedding; method=documentary group IDs; elapsed=179265 ms
  Equivalence pair 2/
2
 : small-nonabelian-S3-PGL-18-3-index-3-dimension-2 -> small-nonabelian-C3-PGL-\
18-3-index-6-dimension-2 (dimension=2, order=54) started; elapsed=179265 ms
    status=no_embedding; method=filter; elapsed=179625 ms
  Equivalence pair 1/
3
 : small-nonabelian-S3-PGL-18-3-index-3-dimension-2-representation-2 -> liftabl\
e-abelian-C3-PGL-18-5-index-6-dimension-2 (dimension=2, order=
54) started; elapsed=179625 ms
    status=no_embedding; method=documentary group IDs; elapsed=179625 ms
  Equivalence pair 2/
3
 : small-nonabelian-S3-PGL-18-3-index-3-dimension-2-representation-2 -> small-n\
onabelian-C3-PGL-18-3-index-6-dimension-2 (dimension=2, order=
54) started; elapsed=179625 ms
    status=no_embedding; method=filter; elapsed=179781 ms
  Equivalence pair 3/
3
 : small-nonabelian-S3-PGL-18-3-index-3-dimension-2-representation-2 -> small-n\
onabelian-S3-PGL-18-3-index-3-dimension-2 (dimension=2, order=
54) started; elapsed=179781 ms
    status=no_embedding; method=filter; elapsed=179781 ms
  Equivalence pair 1/
1
 : rank-at-least-15-D_10-PGL-20-4-index-2-dimension-2 -> rank-at-least-15-Hol_5\
-PGL-20-0-index-1-dimension-2 (dimension=2, order=60) started; elapsed=
179781 ms
    status=no_embedding; method=documentary group IDs; elapsed=179781 ms
  Equivalence pair 1/
1
 : rank-at-least-15-D_12-PGL-24-8-index-2-dimension-2 -> rank-at-least-15-D_12-\
PGL-24-14-index-2-dimension-2 (dimension=2, order=72) started; elapsed=
179781 ms
    status=no_embedding; method=documentary group IDs; elapsed=179781 ms
  Equivalence pair 1/
2
 : liftable-abelian-C2-PGL-24-9-index-12-dimension-2 -> rank-at-least-15-D_12-P\
GL-24-14-index-2-dimension-2 (dimension=2, order=72) started; elapsed=
179781 ms
    status=no_embedding; method=documentary group IDs; elapsed=179781 ms
  Equivalence pair 2/
2
 : liftable-abelian-C2-PGL-24-9-index-12-dimension-2 -> rank-at-least-15-D_12-P\
GL-24-8-index-2-dimension-2 (dimension=2, order=72) started; elapsed=179781 ms
    status=no_embedding; method=documentary group IDs; elapsed=179781 ms
  Equivalence pair 1/
3
 : small-nonabelian-C2^2-PGL-24-13-index-6-dimension-2 -> rank-at-least-15-D_12\
-PGL-24-14-index-2-dimension-2 (dimension=2, order=72) started; elapsed=
179781 ms
    status=no_embedding; method=documentary group IDs; elapsed=179781 ms
  Equivalence pair 2/
3
 : small-nonabelian-C2^2-PGL-24-13-index-6-dimension-2 -> rank-at-least-15-D_12\
-PGL-24-8-index-2-dimension-2 (dimension=2, order=72) started; elapsed=
179781 ms
    status=no_embedding; method=documentary group IDs; elapsed=179781 ms
  Equivalence pair 3/
3
 : small-nonabelian-C2^2-PGL-24-13-index-6-dimension-2 -> liftable-abelian-C2-P\
GL-24-9-index-12-dimension-2 (dimension=2, order=72) started; elapsed=
179781 ms
    status=no_embedding; method=documentary group IDs; elapsed=179781 ms
  Equivalence pair 1/
4
 : small-nonabelian-C2^2-PGL-24-13-index-6-dimension-2-representation-2 -> rank\
-at-least-15-D_12-PGL-24-14-index-2-dimension-2 (dimension=2, order=
72) started; elapsed=179781 ms
    status=no_embedding; method=documentary group IDs; elapsed=179781 ms
  Equivalence pair 2/
4
 : small-nonabelian-C2^2-PGL-24-13-index-6-dimension-2-representation-2 -> rank\
-at-least-15-D_12-PGL-24-8-index-2-dimension-2 (dimension=2, order=
72) started; elapsed=179781 ms
    status=no_embedding; method=documentary group IDs; elapsed=179781 ms
  Equivalence pair 3/
4
 : small-nonabelian-C2^2-PGL-24-13-index-6-dimension-2-representation-2 -> lift\
able-abelian-C2-PGL-24-9-index-12-dimension-2 (dimension=2, order=
72) started; elapsed=179781 ms
    status=no_embedding; method=documentary group IDs; elapsed=179781 ms
  Equivalence pair 4/
4
 : small-nonabelian-C2^2-PGL-24-13-index-6-dimension-2-representation-2 -> smal\
l-nonabelian-C2^2-PGL-24-13-index-6-dimension-2 (dimension=2, order=
72) started; elapsed=179781 ms
    status=no_embedding; method=documentary group IDs; elapsed=179781 ms
  Equivalence pair 1/
1
 : rank-at-least-15-A_4-PGL-36-11-index-3-dimension-2 -> rank-at-least-15-3^2.4\
-PGL-36-0-index-1-dimension-2 (dimension=2, order=108) started; elapsed=
179781 ms
    status=no_embedding; method=documentary group IDs; elapsed=179781 ms
  Equivalence pair 1/
2
 : rank-at-least-15-D_12-PGL-36-12-index-3-dimension-2 -> rank-at-least-15-3^2.\
4-PGL-36-0-index-1-dimension-2 (dimension=2, order=108) started; elapsed=
179781 ms
    status=no_embedding; method=documentary group IDs; elapsed=179781 ms
  Equivalence pair 2/
2
 : rank-at-least-15-D_12-PGL-36-12-index-3-dimension-2 -> rank-at-least-15-A_4-\
PGL-36-11-index-3-dimension-2 (dimension=2, order=108) started; elapsed=
179781 ms
    status=no_embedding; method=documentary group IDs; elapsed=179781 ms
  Equivalence pair 1/
3
 : rank-at-least-15-A_3,3-PGL-36-13-index-2-dimension-2 -> rank-at-least-15-3^2\
.4-PGL-36-0-index-1-dimension-2 (dimension=2, order=108) started; elapsed=
179781 ms
    status=no_embedding; method=documentary group IDs; elapsed=179781 ms
  Equivalence pair 2/
3
 : rank-at-least-15-A_3,3-PGL-36-13-index-2-dimension-2 -> rank-at-least-15-A_4\
-PGL-36-11-index-3-dimension-2 (dimension=2, order=108) started; elapsed=
179781 ms
    status=no_embedding; method=documentary group IDs; elapsed=179781 ms
  Equivalence pair 3/
3
 : rank-at-least-15-A_3,3-PGL-36-13-index-2-dimension-2 -> rank-at-least-15-D_1\
2-PGL-36-12-index-3-dimension-2 (dimension=2, order=108) started; elapsed=
179781 ms
    status=no_embedding; method=documentary group IDs; elapsed=179781 ms
  Equivalence pair 1/
4
 : small-nonabelian-S3-PGL-36-12-index-6-dimension-2 -> rank-at-least-15-3^2.4-\
PGL-36-0-index-1-dimension-2 (dimension=2, order=108) started; elapsed=
179781 ms
    status=no_embedding; method=documentary group IDs; elapsed=179781 ms
  Equivalence pair 2/
4
 : small-nonabelian-S3-PGL-36-12-index-6-dimension-2 -> rank-at-least-15-A_4-PG\
L-36-11-index-3-dimension-2 (dimension=2, order=108) started; elapsed=
179781 ms
    status=no_embedding; method=documentary group IDs; elapsed=179781 ms
  Equivalence pair 3/
4
 : small-nonabelian-S3-PGL-36-12-index-6-dimension-2 -> rank-at-least-15-D_12-P\
GL-36-12-index-3-dimension-2 (dimension=2, order=108) started; elapsed=
179781 ms
    status=no_embedding; method=filter; elapsed=180203 ms
  Equivalence pair 4/
4
 : small-nonabelian-S3-PGL-36-12-index-6-dimension-2 -> rank-at-least-15-A_3,3-\
PGL-36-13-index-2-dimension-2 (dimension=2, order=108) started; elapsed=
180203 ms
    status=no_embedding; method=documentary group IDs; elapsed=180203 ms
  Equivalence pair 1/
5
 : small-nonabelian-S3-PGL-36-12-index-6-dimension-2-representation-2 -> rank-a\
t-least-15-3^2.4-PGL-36-0-index-1-dimension-2 (dimension=2, order=
108) started; elapsed=180203 ms
    status=no_embedding; method=documentary group IDs; elapsed=180203 ms
  Equivalence pair 2/
5
 : small-nonabelian-S3-PGL-36-12-index-6-dimension-2-representation-2 -> rank-a\
t-least-15-A_4-PGL-36-11-index-3-dimension-2 (dimension=2, order=
108) started; elapsed=180203 ms
    status=no_embedding; method=documentary group IDs; elapsed=180203 ms
  Equivalence pair 3/
5
 : small-nonabelian-S3-PGL-36-12-index-6-dimension-2-representation-2 -> rank-a\
t-least-15-D_12-PGL-36-12-index-3-dimension-2 (dimension=2, order=
108) started; elapsed=180203 ms
    status=no_embedding; method=filter; elapsed=180406 ms
  Equivalence pair 4/
5
 : small-nonabelian-S3-PGL-36-12-index-6-dimension-2-representation-2 -> rank-a\
t-least-15-A_3,3-PGL-36-13-index-2-dimension-2 (dimension=2, order=
108) started; elapsed=180406 ms
    status=no_embedding; method=documentary group IDs; elapsed=180406 ms
  Equivalence pair 5/
5
 : small-nonabelian-S3-PGL-36-12-index-6-dimension-2-representation-2 -> small-\
nonabelian-S3-PGL-36-12-index-6-dimension-2 (dimension=2, order=
108) started; elapsed=180406 ms
    status=no_embedding; method=filter; elapsed=180406 ms
  Equivalence pair 1/
1
 : rank-at-least-15-S_3,3-PGL-72-40-index-2-dimension-2 -> rank-at-least-15-S_3\
,3-PGL-72-46-index-2-dimension-2 (dimension=2, order=216) started; elapsed=
180406 ms
    status=no_embedding; method=documentary group IDs; elapsed=180406 ms
  Equivalence pair 1/
2
 : rank-at-least-15-3^2.4-PGL-72-40-index-2-dimension-2 -> rank-at-least-15-S_3\
,3-PGL-72-46-index-2-dimension-2 (dimension=2, order=216) started; elapsed=
180406 ms
    status=no_embedding; method=documentary group IDs; elapsed=180406 ms
  Equivalence pair 2/
2
 : rank-at-least-15-3^2.4-PGL-72-40-index-2-dimension-2 -> rank-at-least-15-S_3\
,3-PGL-72-40-index-2-dimension-2 (dimension=2, order=216) started; elapsed=
180406 ms
    status=no_embedding; method=filter; elapsed=180828 ms
  Equivalence pair 1/
3
 : rank-at-least-15-A_4,3-PGL-72-43-index-1-dimension-2 -> rank-at-least-15-S_3\
,3-PGL-72-46-index-2-dimension-2 (dimension=2, order=216) started; elapsed=
180828 ms
    status=no_embedding; method=documentary group IDs; elapsed=180828 ms
  Equivalence pair 2/
3
 : rank-at-least-15-A_4,3-PGL-72-43-index-1-dimension-2 -> rank-at-least-15-S_3\
,3-PGL-72-40-index-2-dimension-2 (dimension=2, order=216) started; elapsed=
180828 ms
    status=no_embedding; method=documentary group IDs; elapsed=180828 ms
  Equivalence pair 3/
3
 : rank-at-least-15-A_4,3-PGL-72-43-index-1-dimension-2 -> rank-at-least-15-3^2\
.4-PGL-72-40-index-2-dimension-2 (dimension=2, order=216) started; elapsed=
180828 ms
    status=no_embedding; method=documentary group IDs; elapsed=180828 ms
  Equivalence pair 1/
4
 : rank-at-least-15-A_4-PGL-72-42-index-6-dimension-2 -> rank-at-least-15-S_3,3\
-PGL-72-46-index-2-dimension-2 (dimension=2, order=216) started; elapsed=
180828 ms
    status=no_embedding; method=documentary group IDs; elapsed=180828 ms
  Equivalence pair 2/
4
 : rank-at-least-15-A_4-PGL-72-42-index-6-dimension-2 -> rank-at-least-15-S_3,3\
-PGL-72-40-index-2-dimension-2 (dimension=2, order=216) started; elapsed=
180828 ms
    status=no_embedding; method=documentary group IDs; elapsed=180828 ms
  Equivalence pair 3/
4
 : rank-at-least-15-A_4-PGL-72-42-index-6-dimension-2 -> rank-at-least-15-3^2.4\
-PGL-72-40-index-2-dimension-2 (dimension=2, order=216) started; elapsed=
180828 ms
    status=no_embedding; method=documentary group IDs; elapsed=180828 ms
  Equivalence pair 4/
4
 : rank-at-least-15-A_4-PGL-72-42-index-6-dimension-2 -> rank-at-least-15-A_4,3\
-PGL-72-43-index-1-dimension-2 (dimension=2, order=216) started; elapsed=
180828 ms
    status=no_embedding; method=documentary group IDs; elapsed=180828 ms
  Equivalence pair 1/
5
 : rank-at-least-15-D_12-PGL-72-48-index-6-dimension-2 -> rank-at-least-15-S_3,\
3-PGL-72-46-index-2-dimension-2 (dimension=2, order=216) started; elapsed=
180828 ms
    status=no_embedding; method=documentary group IDs; elapsed=180828 ms
  Equivalence pair 2/
5
 : rank-at-least-15-D_12-PGL-72-48-index-6-dimension-2 -> rank-at-least-15-S_3,\
3-PGL-72-40-index-2-dimension-2 (dimension=2, order=216) started; elapsed=
180828 ms
    status=no_embedding; method=documentary group IDs; elapsed=180828 ms
  Equivalence pair 3/
5
 : rank-at-least-15-D_12-PGL-72-48-index-6-dimension-2 -> rank-at-least-15-3^2.\
4-PGL-72-40-index-2-dimension-2 (dimension=2, order=216) started; elapsed=
180828 ms
    status=no_embedding; method=documentary group IDs; elapsed=180828 ms
  Equivalence pair 4/
5
 : rank-at-least-15-D_12-PGL-72-48-index-6-dimension-2 -> rank-at-least-15-A_4,\
3-PGL-72-43-index-1-dimension-2 (dimension=2, order=216) started; elapsed=
180828 ms
    status=no_embedding; method=documentary group IDs; elapsed=180828 ms
  Equivalence pair 5/
5
 : rank-at-least-15-D_12-PGL-72-48-index-6-dimension-2 -> rank-at-least-15-A_4-\
PGL-72-42-index-6-dimension-2 (dimension=2, order=216) started; elapsed=
180828 ms
    status=no_embedding; method=documentary group IDs; elapsed=180828 ms
  Equivalence pair 1/
1
 : rank-at-least-15-A_3,3-PGL-108-38-index-6-dimension-2-representation-2 -> ra\
nk-at-least-15-A_3,3-PGL-108-38-index-6-dimension-2 (dimension=2, order=
324) started; elapsed=180828 ms
    status=no_embedding; method=filter; elapsed=181171 ms
  Equivalence pair 1/
1
 : liftable-abelian-1-PGL-8-1-index-8-dimension-3 -> rank-at-least-15-Q_8-PGL-8\
-0-index-1-dimension-3 (dimension=3, order=24) started; elapsed=181171 ms
    status=no_embedding; method=documentary group IDs; elapsed=181171 ms
  Equivalence pair 1/
2
 : liftable-abelian-1-PGL-8-1-index-8-dimension-3-representation-2 -> rank-at-l\
east-15-Q_8-PGL-8-0-index-1-dimension-3 (dimension=3, order=
24) started; elapsed=181171 ms
    status=no_embedding; method=documentary group IDs; elapsed=181171 ms
  Equivalence pair 2/
2
 : liftable-abelian-1-PGL-8-1-index-8-dimension-3-representation-2 -> liftable-\
abelian-1-PGL-8-1-index-8-dimension-3 (dimension=3, order=
24) started; elapsed=181171 ms
    status=no_embedding; method=filter; elapsed=185859 ms
  Equivalence pair 1/
3
 : liftable-abelian-1-PGL-8-1-index-8-dimension-3-representation-3 -> rank-at-l\
east-15-Q_8-PGL-8-0-index-1-dimension-3 (dimension=3, order=
24) started; elapsed=185859 ms
    status=no_embedding; method=documentary group IDs; elapsed=185859 ms
  Equivalence pair 2/
3
 : liftable-abelian-1-PGL-8-1-index-8-dimension-3-representation-3 -> liftable-\
abelian-1-PGL-8-1-index-8-dimension-3 (dimension=3, order=
24) started; elapsed=185859 ms
    status=no_embedding; method=filter; elapsed=188609 ms
  Equivalence pair 3/
3
 : liftable-abelian-1-PGL-8-1-index-8-dimension-3-representation-3 -> liftable-\
abelian-1-PGL-8-1-index-8-dimension-3-representation-2 (dimension=3, order=
24) started; elapsed=188609 ms
    status=no_embedding; method=filter; elapsed=188625 ms
  Equivalence pair 1/
4
 : small-nonabelian-C4-PGL-8-4-index-2-dimension-3 -> rank-at-least-15-Q_8-PGL-\
8-0-index-1-dimension-3 (dimension=3, order=24) started; elapsed=188625 ms
    status=no_embedding; method=filter; elapsed=189218 ms
  Equivalence pair 2/
4
 : small-nonabelian-C4-PGL-8-4-index-2-dimension-3 -> liftable-abelian-1-PGL-8-\
1-index-8-dimension-3 (dimension=3, order=24) started; elapsed=189218 ms
    status=no_embedding; method=documentary group IDs; elapsed=189218 ms
  Equivalence pair 3/
4
 : small-nonabelian-C4-PGL-8-4-index-2-dimension-3 -> liftable-abelian-1-PGL-8-\
1-index-8-dimension-3-representation-2 (dimension=3, order=
24) started; elapsed=189218 ms
    status=no_embedding; method=documentary group IDs; elapsed=189218 ms
  Equivalence pair 4/
4
 : small-nonabelian-C4-PGL-8-4-index-2-dimension-3 -> liftable-abelian-1-PGL-8-\
1-index-8-dimension-3-representation-3 (dimension=3, order=
24) started; elapsed=189218 ms
    status=no_embedding; method=documentary group IDs; elapsed=189218 ms
  Equivalence pair 1/
5
 : small-nonabelian-C4-PGL-8-3-index-2-dimension-3 -> rank-at-least-15-Q_8-PGL-\
8-0-index-1-dimension-3 (dimension=3, order=24) started; elapsed=189218 ms
    status=no_embedding; method=documentary group IDs; elapsed=189218 ms
  Equivalence pair 2/
5
 : small-nonabelian-C4-PGL-8-3-index-2-dimension-3 -> liftable-abelian-1-PGL-8-\
1-index-8-dimension-3 (dimension=3, order=24) started; elapsed=189218 ms
    status=no_embedding; method=documentary group IDs; elapsed=189218 ms
  Equivalence pair 3/
5
 : small-nonabelian-C4-PGL-8-3-index-2-dimension-3 -> liftable-abelian-1-PGL-8-\
1-index-8-dimension-3-representation-2 (dimension=3, order=
24) started; elapsed=189218 ms
    status=no_embedding; method=documentary group IDs; elapsed=189218 ms
  Equivalence pair 4/
5
 : small-nonabelian-C4-PGL-8-3-index-2-dimension-3 -> liftable-abelian-1-PGL-8-\
1-index-8-dimension-3-representation-3 (dimension=3, order=
24) started; elapsed=189218 ms
    status=no_embedding; method=documentary group IDs; elapsed=189218 ms
  Equivalence pair 5/
5
 : small-nonabelian-C4-PGL-8-3-index-2-dimension-3 -> small-nonabelian-C4-PGL-8\
-4-index-2-dimension-3 (dimension=3, order=24) started; elapsed=189218 ms
    status=no_embedding; method=documentary group IDs; elapsed=189218 ms
  Equivalence pair 1/
1
 : liftable-abelian-1-PGL-12-2-index-12-dimension-3-representation-2 -> liftabl\
e-abelian-1-PGL-12-2-index-12-dimension-3 (dimension=3, order=
36) started; elapsed=189218 ms
    status=no_embedding; method=filter; elapsed=189796 ms
  Equivalence pair 1/
2
 : liftable-abelian-C2-PGL-12-5-index-6-dimension-3 -> liftable-abelian-1-PGL-1\
2-2-index-12-dimension-3 (dimension=3, order=36) started; elapsed=189796 ms
    status=no_embedding; method=documentary group IDs; elapsed=189796 ms
  Equivalence pair 2/
2
 : liftable-abelian-C2-PGL-12-5-index-6-dimension-3 -> liftable-abelian-1-PGL-1\
2-2-index-12-dimension-3-representation-2 (dimension=3, order=
36) started; elapsed=189796 ms
    status=no_embedding; method=documentary group IDs; elapsed=189796 ms
  Equivalence pair 1/
3
 : small-nonabelian-C2^2-PGL-12-3-index-3-dimension-3 -> liftable-abelian-1-PGL\
-12-2-index-12-dimension-3 (dimension=3, order=36) started; elapsed=189796 ms
    status=no_embedding; method=documentary group IDs; elapsed=189796 ms
  Equivalence pair 2/
3
 : small-nonabelian-C2^2-PGL-12-3-index-3-dimension-3 -> liftable-abelian-1-PGL\
-12-2-index-12-dimension-3-representation-2 (dimension=3, order=
36) started; elapsed=189796 ms
    status=no_embedding; method=documentary group IDs; elapsed=189796 ms
  Equivalence pair 3/
3
 : small-nonabelian-C2^2-PGL-12-3-index-3-dimension-3 -> liftable-abelian-C2-PG\
L-12-5-index-6-dimension-3 (dimension=3, order=36) started; elapsed=189796 ms
    status=no_embedding; method=documentary group IDs; elapsed=189796 ms
  Equivalence pair 1/
4
 : small-nonabelian-S3-PGL-12-4-index-2-dimension-3 -> liftable-abelian-1-PGL-1\
2-2-index-12-dimension-3 (dimension=3, order=36) started; elapsed=189796 ms
    status=no_embedding; method=documentary group IDs; elapsed=189796 ms
  Equivalence pair 2/
4
 : small-nonabelian-S3-PGL-12-4-index-2-dimension-3 -> liftable-abelian-1-PGL-1\
2-2-index-12-dimension-3-representation-2 (dimension=3, order=
36) started; elapsed=189796 ms
    status=no_embedding; method=documentary group IDs; elapsed=189796 ms
  Equivalence pair 3/
4
 : small-nonabelian-S3-PGL-12-4-index-2-dimension-3 -> liftable-abelian-C2-PGL-\
12-5-index-6-dimension-3 (dimension=3, order=36) started; elapsed=189796 ms
    status=no_embedding; method=documentary group IDs; elapsed=189796 ms
  Equivalence pair 4/
4
 : small-nonabelian-S3-PGL-12-4-index-2-dimension-3 -> small-nonabelian-C2^2-PG\
L-12-3-index-3-dimension-3 (dimension=3, order=36) started; elapsed=189796 ms
    status=no_embedding; method=documentary group IDs; elapsed=189796 ms
  Equivalence pair 1/
5
 : small-nonabelian-S3-PGL-12-4-index-2-dimension-3-representation-2 -> liftabl\
e-abelian-1-PGL-12-2-index-12-dimension-3 (dimension=3, order=
36) started; elapsed=189796 ms
    status=no_embedding; method=documentary group IDs; elapsed=189796 ms
  Equivalence pair 2/
5
 : small-nonabelian-S3-PGL-12-4-index-2-dimension-3-representation-2 -> liftabl\
e-abelian-1-PGL-12-2-index-12-dimension-3-representation-2 (dimension=
3, order=36) started; elapsed=189796 ms
    status=no_embedding; method=documentary group IDs; elapsed=189796 ms
  Equivalence pair 3/
5
 : small-nonabelian-S3-PGL-12-4-index-2-dimension-3-representation-2 -> liftabl\
e-abelian-C2-PGL-12-5-index-6-dimension-3 (dimension=3, order=
36) started; elapsed=189796 ms
    status=no_embedding; method=documentary group IDs; elapsed=189796 ms
  Equivalence pair 4/
5
 : small-nonabelian-S3-PGL-12-4-index-2-dimension-3-representation-2 -> small-n\
onabelian-C2^2-PGL-12-3-index-3-dimension-3 (dimension=3, order=
36) started; elapsed=189796 ms
    status=no_embedding; method=documentary group IDs; elapsed=189796 ms
  Equivalence pair 5/
5
 : small-nonabelian-S3-PGL-12-4-index-2-dimension-3-representation-2 -> small-n\
onabelian-S3-PGL-12-4-index-2-dimension-3 (dimension=3, order=
36) started; elapsed=189796 ms
    status=no_embedding; method=filter; elapsed=190125 ms
  Equivalence pair 1/
1
 : small-nonabelian-S3-PGL-18-3-index-3-dimension-3 -> small-nonabelian-C3-PGL-\
18-3-index-6-dimension-3 (dimension=3, order=54) started; elapsed=190125 ms
    status=no_embedding; method=filter; elapsed=190421 ms
  Equivalence pair 1/
1
 : rank-at-least-15-A_4-PGL-24-13-index-2-dimension-3 -> rank-at-least-15-S_4-P\
GL-24-0-index-1-dimension-3 (dimension=3, order=72) started; elapsed=190421 ms
    status=no_embedding; method=documentary group IDs; elapsed=190421 ms
  Equivalence pair 1/
2
 : small-nonabelian-C2^2-PGL-24-10-index-6-dimension-3 -> rank-at-least-15-S_4-\
PGL-24-0-index-1-dimension-3 (dimension=3, order=72) started; elapsed=
190421 ms
    status=no_embedding; method=documentary group IDs; elapsed=190421 ms
  Equivalence pair 2/
2
 : small-nonabelian-C2^2-PGL-24-10-index-6-dimension-3 -> rank-at-least-15-A_4-\
PGL-24-13-index-2-dimension-3 (dimension=3, order=72) started; elapsed=
190421 ms
    status=no_embedding; method=documentary group IDs; elapsed=190421 ms
  Equivalence pair 1/
3
 : small-nonabelian-S3-PGL-24-5-index-4-dimension-3 -> rank-at-least-15-S_4-PGL\
-24-0-index-1-dimension-3 (dimension=3, order=72) started; elapsed=190421 ms
    status=no_embedding; method=documentary group IDs; elapsed=190421 ms
  Equivalence pair 2/
3
 : small-nonabelian-S3-PGL-24-5-index-4-dimension-3 -> rank-at-least-15-A_4-PGL\
-24-13-index-2-dimension-3 (dimension=3, order=72) started; elapsed=190421 ms
    status=no_embedding; method=documentary group IDs; elapsed=190421 ms
  Equivalence pair 3/
3
 : small-nonabelian-S3-PGL-24-5-index-4-dimension-3 -> small-nonabelian-C2^2-PG\
L-24-10-index-6-dimension-3 (dimension=3, order=72) started; elapsed=190421 ms
    status=no_embedding; method=documentary group IDs; elapsed=190421 ms
  Equivalence pair 1/
1
 : small-nonabelian-S3-PGL-36-12-index-6-dimension-3-representation-2 -> small-\
nonabelian-S3-PGL-36-12-index-6-dimension-3 (dimension=3, order=
108) started; elapsed=190421 ms
    status=no_embedding; method=filter; elapsed=190765 ms
  Equivalence pair 1/
1
 : liftable-abelian-C3-PGL-6-2-index-2-dimension-4 -> liftable-abelian-1-PGL-6-\
2-index-6-dimension-4 (dimension=4, order=18) started; elapsed=190765 ms
    status=no_embedding; method=filter; elapsed=191093 ms
  Equivalence pair 1/
2
 : liftable-abelian-C2-PGL-6-2-index-3-dimension-4 -> liftable-abelian-1-PGL-6-\
2-index-6-dimension-4 (dimension=4, order=18) started; elapsed=191093 ms
    status=no_embedding; method=filter; elapsed=191218 ms
  Equivalence pair 2/
2
 : liftable-abelian-C2-PGL-6-2-index-3-dimension-4 -> liftable-abelian-C3-PGL-6\
-2-index-2-dimension-4 (dimension=4, order=18) started; elapsed=191218 ms
    status=no_embedding; method=filter; elapsed=191218 ms
  Equivalence pair 1/
3
 : liftable-abelian-C3-PGL-6-2-index-2-dimension-4-representation-2 -> liftable\
-abelian-1-PGL-6-2-index-6-dimension-4 (dimension=4, order=
18) started; elapsed=191218 ms
    status=no_embedding; method=filter; elapsed=191343 ms
  Equivalence pair 2/
3
 : liftable-abelian-C3-PGL-6-2-index-2-dimension-4-representation-2 -> liftable\
-abelian-C3-PGL-6-2-index-2-dimension-4 (dimension=4, order=
18) started; elapsed=191343 ms
    status=no_embedding; method=filter; elapsed=191343 ms
  Equivalence pair 3/
3
 : liftable-abelian-C3-PGL-6-2-index-2-dimension-4-representation-2 -> liftable\
-abelian-C2-PGL-6-2-index-3-dimension-4 (dimension=4, order=
18) started; elapsed=191343 ms
    status=no_embedding; method=filter; elapsed=191343 ms
  Equivalence pair 1/
4
 : small-nonabelian-C3-PGL-6-1-index-2-dimension-4 -> liftable-abelian-1-PGL-6-\
2-index-6-dimension-4 (dimension=4, order=18) started; elapsed=191343 ms
    status=no_embedding; method=documentary group IDs; elapsed=191343 ms
  Equivalence pair 2/
4
 : small-nonabelian-C3-PGL-6-1-index-2-dimension-4 -> liftable-abelian-C3-PGL-6\
-2-index-2-dimension-4 (dimension=4, order=18) started; elapsed=191343 ms
    status=no_embedding; method=documentary group IDs; elapsed=191343 ms
  Equivalence pair 3/
4
 : small-nonabelian-C3-PGL-6-1-index-2-dimension-4 -> liftable-abelian-C2-PGL-6\
-2-index-3-dimension-4 (dimension=4, order=18) started; elapsed=191343 ms
    status=no_embedding; method=documentary group IDs; elapsed=191343 ms
  Equivalence pair 4/
4
 : small-nonabelian-C3-PGL-6-1-index-2-dimension-4 -> liftable-abelian-C3-PGL-6\
-2-index-2-dimension-4-representation-2 (dimension=4, order=
18) started; elapsed=191343 ms
    status=no_embedding; method=documentary group IDs; elapsed=191343 ms
  Equivalence pair 1/
1
 : liftable-abelian-C4-PGL-8-2-index-2-dimension-4 -> liftable-abelian-C2-PGL-8\
-2-index-4-dimension-4 (dimension=4, order=24) started; elapsed=191343 ms
    status=no_embedding; method=filter; elapsed=191859 ms
  Equivalence pair 1/
2
 : small-nonabelian-C2^2-PGL-8-3-index-2-dimension-4 -> liftable-abelian-C2-PGL\
-8-2-index-4-dimension-4 (dimension=4, order=24) started; elapsed=191859 ms
    status=no_embedding; method=documentary group IDs; elapsed=191859 ms
  Equivalence pair 2/
2
 : small-nonabelian-C2^2-PGL-8-3-index-2-dimension-4 -> liftable-abelian-C4-PGL\
-8-2-index-2-dimension-4 (dimension=4, order=24) started; elapsed=191859 ms
    status=no_embedding; method=documentary group IDs; elapsed=191859 ms
  Equivalence pair 1/
1
 : rank-at-least-15-D_12-PGL-12-0-index-1-dimension-4 -> rank-at-least-15-A_4-P\
GL-12-0-index-1-dimension-4 (dimension=4, order=36) started; elapsed=191859 ms
    status=no_embedding; method=documentary group IDs; elapsed=191859 ms
  Equivalence pair 1/
2
 : liftable-abelian-C2^2-PGL-12-5-index-3-dimension-4 -> rank-at-least-15-A_4-P\
GL-12-0-index-1-dimension-4 (dimension=4, order=36) started; elapsed=191859 ms
    status=no_embedding; method=documentary group IDs; elapsed=191859 ms
  Equivalence pair 2/
2
 : liftable-abelian-C2^2-PGL-12-5-index-3-dimension-4 -> rank-at-least-15-D_12-\
PGL-12-0-index-1-dimension-4 (dimension=4, order=36) started; elapsed=
191859 ms
    status=no_embedding; method=documentary group IDs; elapsed=191859 ms
  Equivalence pair 1/
1
 : small-nonabelian-C3-PGL-18-3-index-6-dimension-4 -> rank-at-least-15-A_3,3-P\
GL-18-0-index-1-dimension-4 (dimension=4, order=54) started; elapsed=191859 ms
    status=no_embedding; method=documentary group IDs; elapsed=191859 ms
  Equivalence pair 1/
2
 : small-nonabelian-C3-PGL-18-3-index-6-dimension-4-representation-2 -> rank-at\
-least-15-A_3,3-PGL-18-0-index-1-dimension-4 (dimension=4, order=
54) started; elapsed=191859 ms
    status=no_embedding; method=documentary group IDs; elapsed=191859 ms
  Equivalence pair 2/
2
 : small-nonabelian-C3-PGL-18-3-index-6-dimension-4-representation-2 -> small-n\
onabelian-C3-PGL-18-3-index-6-dimension-4 (dimension=4, order=
54) started; elapsed=191859 ms
    status=no_embedding; method=filter; elapsed=192125 ms
  Equivalence pair 1/
1
 : rank-at-least-15-D_12-PGL-24-14-index-2-dimension-4 -> rank-at-least-15-A_4-\
PGL-24-0-index-2-dimension-4 (dimension=4, order=72) started; elapsed=
192125 ms
    status=no_embedding; method=documentary group IDs; elapsed=192125 ms
  Equivalence pair 1/
1
 : liftable-abelian-C2-PGL-8-2-index-4-dimension-5 -> rank-at-least-15-D_8-PGL-\
8-0-index-1-dimension-5 (dimension=5, order=24) started; elapsed=192125 ms
    status=no_embedding; method=documentary group IDs; elapsed=192125 ms
  Equivalence pair 1/
2
 : liftable-abelian-C2^2-PGL-8-5-index-2-dimension-5 -> rank-at-least-15-D_8-PG\
L-8-0-index-1-dimension-5 (dimension=5, order=24) started; elapsed=192125 ms
    status=no_embedding; method=documentary group IDs; elapsed=192125 ms
  Equivalence pair 2/
2
 : liftable-abelian-C2^2-PGL-8-5-index-2-dimension-5 -> liftable-abelian-C2-PGL\
-8-2-index-4-dimension-5 (dimension=5, order=24) started; elapsed=192125 ms
    status=no_embedding; method=documentary group IDs; elapsed=192125 ms
  Equivalence pair 1/
3
 : small-nonabelian-C4-PGL-8-3-index-2-dimension-5 -> rank-at-least-15-D_8-PGL-\
8-0-index-1-dimension-5 (dimension=5, order=24) started; elapsed=192125 ms
    status=no_embedding; method=filter; elapsed=192546 ms
  Equivalence pair 2/
3
 : small-nonabelian-C4-PGL-8-3-index-2-dimension-5 -> liftable-abelian-C2-PGL-8\
-2-index-4-dimension-5 (dimension=5, order=24) started; elapsed=192546 ms
    status=no_embedding; method=documentary group IDs; elapsed=192546 ms
  Equivalence pair 3/
3
 : small-nonabelian-C4-PGL-8-3-index-2-dimension-5 -> liftable-abelian-C2^2-PGL\
-8-5-index-2-dimension-5 (dimension=5, order=24) started; elapsed=192546 ms
    status=no_embedding; method=documentary group IDs; elapsed=192546 ms
  Equivalence pair 1/
1
 : liftable-abelian-C2-PGL-4-2-index-2-dimension-6 -> liftable-abelian-C4-PGL-4\
-1-index-1-dimension-6 (dimension=6, order=12) started; elapsed=192546 ms
    status=no_embedding; method=documentary group IDs; elapsed=192546 ms
  Equivalence pair 1/
1
 : liftable-abelian-C2-PGL-6-2-index-3-dimension-6 -> small-nonabelian-S3-PGL-6\
-1-index-1-dimension-6 (dimension=6, order=18) started; elapsed=192546 ms
    status=no_embedding; method=documentary group IDs; elapsed=192546 ms
  Equivalence pair 1/
1
 : liftable-abelian-1-PGL-4-1-index-4-dimension-7-representation-2 -> liftable-\
abelian-1-PGL-4-1-index-4-dimension-7 (dimension=7, order=
12) started; elapsed=192546 ms
    status=no_embedding; method=filter; elapsed=193046 ms
  Equivalence pair 1/
1
 : liftable-abelian-C2-PGL-4-2-index-2-dimension-8 -> liftable-abelian-C2^2-PGL\
-4-2-index-1-dimension-8 (dimension=8, order=12) started; elapsed=193046 ms
    status=no_embedding; method=filter; elapsed=193328 ms
Phase 1 completed: representatives=177; equal-order duplicates=0; strict=
43; undecided=0; elapsed=193328 ms

Phase 2: proper equal-dimensional overgroups; sources=117
Candidate 1/
117: key=small-nonabelian-C3-PGL-18-3-index-6-dimension-0; dimension=0; order=
54; possible targets=15; elapsed=193328 ms
  Pair 1/
15
 : small-nonabelian-C3-PGL-18-3-index-6-dimension-0 -> small-nonabelian-S3-PGL\
-36-12-index-6-dimension-0 (54 -> 108) started; elapsed=193328 ms
    status=embedded; method=A_strict; elapsed=193828 ms
Candidate 2/
117: key=small-nonabelian-S3-PGL-18-3-index-3-dimension-0; dimension=0; order=
54; possible targets=15; elapsed=193828 ms
  Pair 1/
15
 : small-nonabelian-S3-PGL-18-3-index-3-dimension-0 -> small-nonabelian-S3-PGL\
-36-12-index-6-dimension-0 (54 -> 108) started; elapsed=193828 ms
    status=embedded; method=literal_matrix_subgroup; elapsed=193828 ms
Candidate 3/
117: key=small-nonabelian-S3-PGL-36-12-index-6-dimension-0; dimension=
0; order=108; possible targets=12; elapsed=193828 ms
  Pair 1/
12
 : small-nonabelian-S3-PGL-36-12-index-6-dimension-0 -> small-nonabelian-S3-PG\
L-72-27-index-12-dimension-0 (108 -> 216) started; elapsed=193828 ms
    status=no_embedding; method=filter; elapsed=194812 ms
  Pair 2/
12
 : small-nonabelian-S3-PGL-36-12-index-6-dimension-0 -> small-nonabelian-S3-PG\
L-144-69-index-24-dimension-0 (108 -> 432) started; elapsed=194812 ms
    status=no_embedding; method=filter; elapsed=198890 ms
  Pair 3/
12
 : small-nonabelian-S3-PGL-36-12-index-6-dimension-0 -> rank-at-least-15-M_9-P\
GL-216-0-index-3-dimension-0 (108 -> 648) started; elapsed=198890 ms
    status=no_embedding; method=abstract SmallGroup IDs; elapsed=198968 ms
  Pair 4/
12
 : small-nonabelian-S3-PGL-36-12-index-6-dimension-0 -> rank-at-least-15-M_10-\
PGL-720-0-index-1-dimension-0 (108 -> 2160) started; elapsed=198968 ms
    status=no_embedding; method=filter; elapsed=198968 ms
  Pair 5/
12
 : small-nonabelian-S3-PGL-36-12-index-6-dimension-0 -> rank-at-least-15-M_10-\
PGL-720-0-index-1-dimension-0-representation-2 (108 -> 2160) started; elapsed=
198968 ms
    status=no_embedding; method=filter; elapsed=198968 ms
  Pair 6/
12
 : small-nonabelian-S3-PGL-36-12-index-6-dimension-0 -> rank-at-least-15-L_2(1\
1)-PGL-1980-0-index-3-dimension-0 (108 -> 5940) started; elapsed=198968 ms
    status=no_embedding; method=filter; elapsed=337031 ms
  Pair 7/
12
 : small-nonabelian-S3-PGL-36-12-index-6-dimension-0 -> rank-at-least-15-A_3,5\
-PGL-2160-0-index-6-dimension-0 (108 -> 6480) started; elapsed=337031 ms
    status=no_embedding; method=filter; elapsed=337437 ms
  Pair 8/
12
 : small-nonabelian-S3-PGL-36-12-index-6-dimension-0 -> rank-at-least-15-A_7-P\
GL-2520-0-index-1-dimension-0 (108 -> 7560) started; elapsed=337437 ms
    status=no_embedding; method=filter; elapsed=337906 ms
  Pair 9/
12
 : small-nonabelian-S3-PGL-36-12-index-6-dimension-0 -> rank-at-least-15-A_7-P\
GL-5040-0-index-2-dimension-0 (108 -> 15120) started; elapsed=337906 ms
    status=no_embedding; method=filter; elapsed=338312 ms
  Pair 10/
12
 : small-nonabelian-S3-PGL-36-12-index-6-dimension-0 -> rank-at-least-15-3^{1+\
4}:2-PGL-5832-0-index-12-dimension-0 (108 -> 17496) started; elapsed=338312 ms
    status=no_embedding; method=filter; elapsed=339093 ms
  Pair 11/
12
 : small-nonabelian-S3-PGL-36-12-index-6-dimension-0 -> rank-at-least-15-3^{1+\
4}:2.2^2-PGL-7776-0-index-4-dimension-0 (108 -> 23328) started; elapsed=
339093 ms
    status=no_embedding; method=filter; elapsed=339703 ms
  Pair 12/
12
 : small-nonabelian-S3-PGL-36-12-index-6-dimension-0 -> rank-at-least-15-3^4:A\
_6-PGL-174960-0-index-6-dimension-0 (108 -> 524880) started; elapsed=339703 ms
    status=embedded; method=A_strict; elapsed=817859 ms
Candidate 4/
117
 : key=small-nonabelian-S3-PGL-36-12-index-6-dimension-0-representation-2; dim\
ension=0; order=108; possible targets=12; elapsed=817859 ms
  Pair 1/
12
 : small-nonabelian-S3-PGL-36-12-index-6-dimension-0-representation-2 -> small\
-nonabelian-S3-PGL-72-27-index-12-dimension-0 (108 -> 216) started; elapsed=
817859 ms
    status=no_embedding; method=filter; elapsed=817859 ms
  Pair 2/
12
 : small-nonabelian-S3-PGL-36-12-index-6-dimension-0-representation-2 -> small\
-nonabelian-S3-PGL-144-69-index-24-dimension-0 (108 -> 432) started; elapsed=
817859 ms
    status=no_embedding; method=filter; elapsed=817875 ms
  Pair 3/
12
 : small-nonabelian-S3-PGL-36-12-index-6-dimension-0-representation-2 -> rank-\
at-least-15-M_9-PGL-216-0-index-3-dimension-0 (108 -> 648) started; elapsed=
817875 ms
    status=no_embedding; method=abstract SmallGroup IDs; elapsed=817875 ms
  Pair 4/
12
 : small-nonabelian-S3-PGL-36-12-index-6-dimension-0-representation-2 -> rank-\
at-least-15-M_10-PGL-720-0-index-1-dimension-0 (108 -> 2160) started; elapsed=
817875 ms
    status=no_embedding; method=filter; elapsed=817875 ms
  Pair 5/
12
 : small-nonabelian-S3-PGL-36-12-index-6-dimension-0-representation-2 -> rank-\
at-least-15-M_10-PGL-720-0-index-1-dimension-0-representation-2 (108 -> 
2160) started; elapsed=817875 ms
    status=no_embedding; method=filter; elapsed=817875 ms
  Pair 6/
12
 : small-nonabelian-S3-PGL-36-12-index-6-dimension-0-representation-2 -> rank-\
at-least-15-L_2(11)-PGL-1980-0-index-3-dimension-0 (108 -> 
5940) started; elapsed=817875 ms
    status=no_embedding; method=filter; elapsed=817921 ms
  Pair 7/
12
 : small-nonabelian-S3-PGL-36-12-index-6-dimension-0-representation-2 -> rank-\
at-least-15-A_3,5-PGL-2160-0-index-6-dimension-0 (108 -> 
6480) started; elapsed=817921 ms
    status=no_embedding; method=filter; elapsed=817937 ms
  Pair 8/
12
 : small-nonabelian-S3-PGL-36-12-index-6-dimension-0-representation-2 -> rank-\
at-least-15-A_7-PGL-2520-0-index-1-dimension-0 (108 -> 7560) started; elapsed=
817937 ms
    status=no_embedding; method=filter; elapsed=817937 ms
  Pair 9/
12
 : small-nonabelian-S3-PGL-36-12-index-6-dimension-0-representation-2 -> rank-\
at-least-15-A_7-PGL-5040-0-index-2-dimension-0 (108 -> 
15120) started; elapsed=817937 ms
    status=no_embedding; method=filter; elapsed=817937 ms
  Pair 10/
12
 : small-nonabelian-S3-PGL-36-12-index-6-dimension-0-representation-2 -> rank-\
at-least-15-3^{1+4}:2-PGL-5832-0-index-12-dimension-0 (108 -> 
17496) started; elapsed=817937 ms
    status=no_embedding; method=filter; elapsed=817937 ms
  Pair 11/
12
 : small-nonabelian-S3-PGL-36-12-index-6-dimension-0-representation-2 -> rank-\
at-least-15-3^{1+4}:2.2^2-PGL-7776-0-index-4-dimension-0 (108 -> 
23328) started; elapsed=817937 ms
    status=no_embedding; method=filter; elapsed=817937 ms
  Pair 12/
12
 : small-nonabelian-S3-PGL-36-12-index-6-dimension-0-representation-2 -> rank-\
at-least-15-3^4:A_6-PGL-174960-0-index-6-dimension-0 (108 -> 
524880) started; elapsed=817937 ms
    status=embedded; method=A_strict; elapsed=1288375 ms
Candidate 5/
117: key=small-nonabelian-S3-PGL-72-27-index-12-dimension-0; dimension=
0; order=216; possible targets=10; elapsed=1288375 ms
  Pair 1/
10
 : small-nonabelian-S3-PGL-72-27-index-12-dimension-0 -> small-nonabelian-S3-P\
GL-144-69-index-24-dimension-0 (216 -> 432) started; elapsed=1288375 ms
    status=no_embedding; method=filter; elapsed=1289781 ms
  Pair 2/
10
 : small-nonabelian-S3-PGL-72-27-index-12-dimension-0 -> rank-at-least-15-M_9-\
PGL-216-0-index-3-dimension-0 (216 -> 648) started; elapsed=1289781 ms
    status=no_embedding; method=abstract SmallGroup IDs; elapsed=1289843 ms
  Pair 3/
10
 : small-nonabelian-S3-PGL-72-27-index-12-dimension-0 -> rank-at-least-15-M_10\
-PGL-720-0-index-1-dimension-0 (216 -> 2160) started; elapsed=1289843 ms
    status=no_embedding; method=filter; elapsed=1289859 ms
  Pair 4/
10
 : small-nonabelian-S3-PGL-72-27-index-12-dimension-0 -> rank-at-least-15-M_10\
-PGL-720-0-index-1-dimension-0-representation-2 (216 -> 
2160) started; elapsed=1289859 ms
    status=no_embedding; method=filter; elapsed=1289859 ms
  Pair 5/
10
 : small-nonabelian-S3-PGL-72-27-index-12-dimension-0 -> rank-at-least-15-A_3,\
5-PGL-2160-0-index-6-dimension-0 (216 -> 6480) started; elapsed=1289859 ms
    status=no_embedding; method=filter; elapsed=1289859 ms
  Pair 6/
10
 : small-nonabelian-S3-PGL-72-27-index-12-dimension-0 -> rank-at-least-15-A_7-\
PGL-2520-0-index-1-dimension-0 (216 -> 7560) started; elapsed=1289859 ms
    status=no_embedding; method=filter; elapsed=1289859 ms
  Pair 7/
10
 : small-nonabelian-S3-PGL-72-27-index-12-dimension-0 -> rank-at-least-15-A_7-\
PGL-5040-0-index-2-dimension-0 (216 -> 15120) started; elapsed=1289859 ms
    status=no_embedding; method=filter; elapsed=1289859 ms
  Pair 8/
10
 : small-nonabelian-S3-PGL-72-27-index-12-dimension-0 -> rank-at-least-15-3^{1\
+4}:2-PGL-5832-0-index-12-dimension-0 (216 -> 17496) started; elapsed=
1289859 ms
    status=embedded; method=A_strict; elapsed=1408687 ms
Progress: sources=5/117; direct removals=5; strict=74; undecided=0; elapsed=
1408687 ms
Candidate 6/
117: key=liftable-abelian-1-PGL-16-1-index-16-dimension-1; dimension=1; order=
48; possible targets=9; elapsed=1408687 ms
  Pair 1/
9
 : liftable-abelian-1-PGL-16-1-index-16-dimension-1 -> rank-at-least-15-QD_16-P\
GL-32-42-index-2-dimension-1 (48 -> 96) started; elapsed=1408687 ms
    status=no_embedding; method=abstract SmallGroup IDs; elapsed=1408703 ms
  Pair 2/
9
 : liftable-abelian-1-PGL-16-1-index-16-dimension-1 -> rank-at-least-15-Q_8-PGL\
-32-11-index-4-dimension-1 (48 -> 96) started; elapsed=1408703 ms
    status=no_embedding; method=abstract SmallGroup IDs; elapsed=1408718 ms
  Pair 3/
9
 : liftable-abelian-1-PGL-16-1-index-16-dimension-1 -> rank-at-least-15-T_48-PG\
L-48-0-index-1-dimension-1 (48 -> 144) started; elapsed=1408718 ms
    status=no_embedding; method=abstract SmallGroup IDs; elapsed=1408734 ms
  Pair 4/
9
 : liftable-abelian-1-PGL-16-1-index-16-dimension-1 -> small-nonabelian-S3-PGL-\
48-4-index-8-dimension-1 (48 -> 144) started; elapsed=1408734 ms
    status=no_embedding; method=abstract SmallGroup IDs; elapsed=1408765 ms
  Pair 5/
9
 : liftable-abelian-1-PGL-16-1-index-16-dimension-1 -> rank-at-least-15-N_72-PG\
L-144-186-index-2-dimension-1 (48 -> 432) started; elapsed=1408765 ms
    status=no_embedding; method=abstract SmallGroup IDs; elapsed=1408859 ms
  Pair 6/
9
 : liftable-abelian-1-PGL-16-1-index-16-dimension-1 -> rank-at-least-15-A_4,3-P\
GL-144-189-index-2-dimension-1 (48 -> 432) started; elapsed=1408859 ms
    status=no_embedding; method=abstract SmallGroup IDs; elapsed=1408953 ms
  Pair 7/
9
 : liftable-abelian-1-PGL-16-1-index-16-dimension-1 -> rank-at-least-15-S_5-PGL\
-240-0-index-2-dimension-1 (48 -> 720) started; elapsed=1408953 ms
    status=no_embedding; method=abstract SmallGroup IDs; elapsed=1409015 ms
  Pair 8/
9
 : liftable-abelian-1-PGL-16-1-index-16-dimension-1 -> rank-at-least-15-A_4,3-P\
GL-432-745-index-6-dimension-1 (48 -> 1296) started; elapsed=1409015 ms
    status=no_embedding; method=abstract SmallGroup IDs; elapsed=1409328 ms
  Pair 9/
9
 : liftable-abelian-1-PGL-16-1-index-16-dimension-1 -> rank-at-least-15-A_6-PGL\
-720-0-index-2-dimension-1 (48 -> 2160) started; elapsed=1409328 ms
    status=no_embedding; method=filter; elapsed=1409546 ms
Candidate 7/
117
 : key=liftable-abelian-1-PGL-16-1-index-16-dimension-1-representation-2; dime\
nsion=1; order=48; possible targets=9; elapsed=1409546 ms
  Pair 1/
9
 : liftable-abelian-1-PGL-16-1-index-16-dimension-1-representation-2 -> rank-at\
-least-15-QD_16-PGL-32-42-index-2-dimension-1 (48 -> 96) started; elapsed=
1409546 ms
    status=no_embedding; method=abstract SmallGroup IDs; elapsed=1409546 ms
  Pair 2/
9
 : liftable-abelian-1-PGL-16-1-index-16-dimension-1-representation-2 -> rank-at\
-least-15-Q_8-PGL-32-11-index-4-dimension-1 (48 -> 96) started; elapsed=
1409546 ms
    status=no_embedding; method=abstract SmallGroup IDs; elapsed=1409546 ms
  Pair 3/
9
 : liftable-abelian-1-PGL-16-1-index-16-dimension-1-representation-2 -> rank-at\
-least-15-T_48-PGL-48-0-index-1-dimension-1 (48 -> 144) started; elapsed=
1409546 ms
    status=no_embedding; method=abstract SmallGroup IDs; elapsed=1409546 ms
  Pair 4/
9
 : liftable-abelian-1-PGL-16-1-index-16-dimension-1-representation-2 -> small-n\
onabelian-S3-PGL-48-4-index-8-dimension-1 (48 -> 144) started; elapsed=
1409546 ms
    status=no_embedding; method=abstract SmallGroup IDs; elapsed=1409546 ms
  Pair 5/
9
 : liftable-abelian-1-PGL-16-1-index-16-dimension-1-representation-2 -> rank-at\
-least-15-N_72-PGL-144-186-index-2-dimension-1 (48 -> 432) started; elapsed=
1409546 ms
    status=no_embedding; method=abstract SmallGroup IDs; elapsed=1409546 ms
  Pair 6/
9
 : liftable-abelian-1-PGL-16-1-index-16-dimension-1-representation-2 -> rank-at\
-least-15-A_4,3-PGL-144-189-index-2-dimension-1 (48 -> 432) started; elapsed=
1409546 ms
    status=no_embedding; method=abstract SmallGroup IDs; elapsed=1409546 ms
  Pair 7/
9
 : liftable-abelian-1-PGL-16-1-index-16-dimension-1-representation-2 -> rank-at\
-least-15-S_5-PGL-240-0-index-2-dimension-1 (48 -> 720) started; elapsed=
1409546 ms
    status=no_embedding; method=abstract SmallGroup IDs; elapsed=1409546 ms
  Pair 8/
9
 : liftable-abelian-1-PGL-16-1-index-16-dimension-1-representation-2 -> rank-at\
-least-15-A_4,3-PGL-432-745-index-6-dimension-1 (48 -> 1296) started; elapsed=
1409546 ms
    status=no_embedding; method=abstract SmallGroup IDs; elapsed=1409546 ms
  Pair 9/
9
 : liftable-abelian-1-PGL-16-1-index-16-dimension-1-representation-2 -> rank-at\
-least-15-A_6-PGL-720-0-index-2-dimension-1 (48 -> 2160) started; elapsed=
1409546 ms
    status=no_embedding; method=filter; elapsed=1409546 ms
Candidate 8/
117: key=nonliftable-abelian-C3-PGL-18-5-index-6-dimension-1; dimension=
1; order=54; possible targets=20; elapsed=1409546 ms
  Pair 1/
20
 : nonliftable-abelian-C3-PGL-18-5-index-6-dimension-1 -> small-nonabelian-S3-\
PGL-36-12-index-6-dimension-1 (54 -> 108) started; elapsed=1409546 ms
    status=no_embedding; method=abstract SmallGroup IDs; elapsed=1409562 ms
  Pair 2/
20
 : nonliftable-abelian-C3-PGL-18-5-index-6-dimension-1 -> small-nonabelian-S3-\
PGL-36-12-index-6-dimension-1-representation-2 (54 -> 108) started; elapsed=
1409562 ms
    status=no_embedding; method=abstract SmallGroup IDs; elapsed=1409562 ms
  Pair 3/
20
 : nonliftable-abelian-C3-PGL-18-5-index-6-dimension-1 -> small-nonabelian-S3-\
PGL-36-12-index-6-dimension-1-representation-3 (54 -> 108) started; elapsed=
1409562 ms
    status=no_embedding; method=abstract SmallGroup IDs; elapsed=1409562 ms
  Pair 4/
20
 : nonliftable-abelian-C3-PGL-18-5-index-6-dimension-1 -> rank-at-least-15-A_3\
,3-PGL-54-5-index-3-dimension-1 (54 -> 162) started; elapsed=1409562 ms
    status=no_embedding; method=abstract SmallGroup IDs; elapsed=1409562 ms
  Pair 5/
20
 : nonliftable-abelian-C3-PGL-18-5-index-6-dimension-1 -> rank-at-least-15-M_9\
-PGL-72-41-index-1-dimension-1 (54 -> 216) started; elapsed=1409562 ms
    status=no_embedding; method=abstract SmallGroup IDs; elapsed=1409562 ms
  Pair 6/
20
 : nonliftable-abelian-C3-PGL-18-5-index-6-dimension-1 -> rank-at-least-15-D_1\
2-PGL-72-30-index-6-dimension-1 (54 -> 216) started; elapsed=1409562 ms
    status=no_embedding; method=abstract SmallGroup IDs; elapsed=1409562 ms
  Pair 7/
20
 : nonliftable-abelian-C3-PGL-18-5-index-6-dimension-1 -> small-nonabelian-S3-\
PGL-72-27-index-12-dimension-1 (54 -> 216) started; elapsed=1409562 ms
    status=no_embedding; method=abstract SmallGroup IDs; elapsed=1409562 ms
  Pair 8/
20
 : nonliftable-abelian-C3-PGL-18-5-index-6-dimension-1 -> small-nonabelian-S3-\
PGL-72-27-index-12-dimension-1-representation-2 (54 -> 216) started; elapsed=
1409562 ms
    status=no_embedding; method=abstract SmallGroup IDs; elapsed=1409562 ms
  Pair 9/
20
 : nonliftable-abelian-C3-PGL-18-5-index-6-dimension-1 -> rank-at-least-15-N_7\
2-PGL-144-186-index-2-dimension-1 (54 -> 432) started; elapsed=1409562 ms
    status=no_embedding; method=abstract SmallGroup IDs; elapsed=1409578 ms
  Pair 10/
20
 : nonliftable-abelian-C3-PGL-18-5-index-6-dimension-1 -> rank-at-least-15-A_4\
,3-PGL-144-189-index-2-dimension-1 (54 -> 432) started; elapsed=1409578 ms
    status=no_embedding; method=abstract SmallGroup IDs; elapsed=1409578 ms
  Pair 11/
20
 : nonliftable-abelian-C3-PGL-18-5-index-6-dimension-1 -> rank-at-least-15-A_5\
-PGL-180-19-index-3-dimension-1 (54 -> 540) started; elapsed=1409578 ms
    status=no_embedding; method=abstract SmallGroup IDs; elapsed=1409609 ms
  Pair 12/
20
 : nonliftable-abelian-C3-PGL-18-5-index-6-dimension-1 -> rank-at-least-15-S_3\
,3-PGL-216-170-index-6-dimension-1 (54 -> 648) started; elapsed=1409609 ms
    status=no_embedding; method=abstract SmallGroup IDs; elapsed=1409640 ms
  Pair 13/
20
 : nonliftable-abelian-C3-PGL-18-5-index-6-dimension-1 -> rank-at-least-15-S_3\
,3-PGL-216-157-index-6-dimension-1 (54 -> 648) started; elapsed=1409640 ms
    status=no_embedding; method=abstract SmallGroup IDs; elapsed=1409656 ms
  Pair 14/
20
 : nonliftable-abelian-C3-PGL-18-5-index-6-dimension-1 -> rank-at-least-15-A_6\
-PGL-360-0-index-1-dimension-1 (54 -> 1080) started; elapsed=1409656 ms
    status=no_embedding; method=abstract SmallGroup IDs; elapsed=1409687 ms
  Pair 15/
20
 : nonliftable-abelian-C3-PGL-18-5-index-6-dimension-1 -> rank-at-least-15-A_5\
-PGL-360-119-index-6-dimension-1 (54 -> 1080) started; elapsed=1409687 ms
    status=no_embedding; method=abstract SmallGroup IDs; elapsed=1409718 ms
  Pair 16/
20
 : nonliftable-abelian-C3-PGL-18-5-index-6-dimension-1 -> rank-at-least-15-A_4\
,3-PGL-432-745-index-6-dimension-1 (54 -> 1296) started; elapsed=1409718 ms
    status=no_embedding; method=abstract SmallGroup IDs; elapsed=1409765 ms
  Pair 17/
20
 : nonliftable-abelian-C3-PGL-18-5-index-6-dimension-1 -> rank-at-least-15-A_6\
-PGL-720-0-index-2-dimension-1 (54 -> 2160) started; elapsed=1409765 ms
    status=no_embedding; method=filter; elapsed=1410500 ms
  Pair 18/
20
 : nonliftable-abelian-C3-PGL-18-5-index-6-dimension-1 -> rank-at-least-15-3^{\
1+4}:2-PGL-1944-3493-index-4-dimension-1 (54 -> 5832) started; elapsed=
1410500 ms
    status=no_embedding; method=filter; elapsed=1410500 ms
  Pair 19/
20
 : nonliftable-abelian-C3-PGL-18-5-index-6-dimension-1 -> rank-at-least-15-3^{\
1+4}:2.2-PGL-1944-0-index-2-dimension-1 (54 -> 5832) started; elapsed=
1410500 ms
    status=no_embedding; method=filter; elapsed=1410500 ms
  Pair 20/
20
 : nonliftable-abelian-C3-PGL-18-5-index-6-dimension-1 -> rank-at-least-15-3^{\
1+4}:2-PGL-2916-0-index-6-dimension-1 (54 -> 8748) started; elapsed=1410500 ms
    status=no_embedding; method=filter; elapsed=1410750 ms
Candidate 9/
117: key=small-nonabelian-C3-PGL-18-3-index-6-dimension-1; dimension=1; order=
54; possible targets=20; elapsed=1410750 ms
  Pair 1/
20
 : small-nonabelian-C3-PGL-18-3-index-6-dimension-1 -> small-nonabelian-S3-PGL\
-36-12-index-6-dimension-1 (54 -> 108) started; elapsed=1410750 ms
    status=embedded; method=A_strict; elapsed=1410921 ms
Candidate 10/
117
 : key=small-nonabelian-C3-PGL-18-3-index-6-dimension-1-representation-2; dime\
nsion=1; order=54; possible targets=20; elapsed=1410921 ms
  Pair 1/
20
 : small-nonabelian-C3-PGL-18-3-index-6-dimension-1-representation-2 -> small-\
nonabelian-S3-PGL-36-12-index-6-dimension-1 (54 -> 108) started; elapsed=
1410921 ms
    status=no_embedding; method=filter; elapsed=1410921 ms
  Pair 2/
20
 : small-nonabelian-C3-PGL-18-3-index-6-dimension-1-representation-2 -> small-\
nonabelian-S3-PGL-36-12-index-6-dimension-1-representation-2 (54 -> 
108) started; elapsed=1410921 ms
    status=embedded; method=A_strict; elapsed=1411109 ms
Progress: sources=10/117; direct removals=7; strict=83; undecided=0; elapsed=
1411109 ms
Candidate 11/
117: key=rank-at-least-15-Q_8-PGL-24-3-index-3-dimension-1; dimension=
1; order=72; possible targets=19; elapsed=1411109 ms
  Pair 1/
19
 : rank-at-least-15-Q_8-PGL-24-3-index-3-dimension-1 -> rank-at-least-15-T_48-\
PGL-48-0-index-1-dimension-1 (72 -> 144) started; elapsed=1411109 ms
    status=no_embedding; method=filter; elapsed=1414984 ms
  Pair 2/
19
 : rank-at-least-15-Q_8-PGL-24-3-index-3-dimension-1 -> small-nonabelian-S3-PG\
L-48-4-index-8-dimension-1 (72 -> 144) started; elapsed=1414984 ms
    status=no_embedding; method=abstract SmallGroup IDs; elapsed=1415031 ms
  Pair 3/
19
 : rank-at-least-15-Q_8-PGL-24-3-index-3-dimension-1 -> rank-at-least-15-M_9-P\
GL-72-41-index-1-dimension-1 (72 -> 216) started; elapsed=1415031 ms
    status=no_embedding; method=abstract SmallGroup IDs; elapsed=1415046 ms
  Pair 4/
19
 : rank-at-least-15-Q_8-PGL-24-3-index-3-dimension-1 -> rank-at-least-15-D_12-\
PGL-72-30-index-6-dimension-1 (72 -> 216) started; elapsed=1415046 ms
    status=no_embedding; method=abstract SmallGroup IDs; elapsed=1415140 ms
  Pair 5/
19
 : rank-at-least-15-Q_8-PGL-24-3-index-3-dimension-1 -> small-nonabelian-S3-PG\
L-72-27-index-12-dimension-1 (72 -> 216) started; elapsed=1415140 ms
    status=no_embedding; method=abstract SmallGroup IDs; elapsed=1415218 ms
  Pair 6/
19
 : rank-at-least-15-Q_8-PGL-24-3-index-3-dimension-1 -> small-nonabelian-S3-PG\
L-72-27-index-12-dimension-1-representation-2 (72 -> 216) started; elapsed=
1415218 ms
    status=no_embedding; method=abstract SmallGroup IDs; elapsed=1415218 ms
  Pair 7/
19
 : rank-at-least-15-Q_8-PGL-24-3-index-3-dimension-1 -> rank-at-least-15-S_5-P\
GL-120-0-index-1-dimension-1 (72 -> 360) started; elapsed=1415218 ms
    status=no_embedding; method=abstract SmallGroup IDs; elapsed=1415234 ms
  Pair 8/
19
 : rank-at-least-15-Q_8-PGL-24-3-index-3-dimension-1 -> rank-at-least-15-N_72-\
PGL-144-186-index-2-dimension-1 (72 -> 432) started; elapsed=1415234 ms
    status=no_embedding; method=abstract SmallGroup IDs; elapsed=1415265 ms
  Pair 9/
19
 : rank-at-least-15-Q_8-PGL-24-3-index-3-dimension-1 -> rank-at-least-15-A_4,3\
-PGL-144-189-index-2-dimension-1 (72 -> 432) started; elapsed=1415265 ms
    status=no_embedding; method=abstract SmallGroup IDs; elapsed=1415312 ms
  Pair 10/
19
 : rank-at-least-15-Q_8-PGL-24-3-index-3-dimension-1 -> rank-at-least-15-PSL(2\
,7)-PGL-168-0-index-1-dimension-1 (72 -> 504) started; elapsed=1415312 ms
    status=no_embedding; method=abstract SmallGroup IDs; elapsed=1415359 ms
  Pair 11/
19
 : rank-at-least-15-Q_8-PGL-24-3-index-3-dimension-1 -> rank-at-least-15-S_3,3\
-PGL-216-170-index-6-dimension-1 (72 -> 648) started; elapsed=1415359 ms
    status=no_embedding; method=abstract SmallGroup IDs; elapsed=1415390 ms
  Pair 12/
19
 : rank-at-least-15-Q_8-PGL-24-3-index-3-dimension-1 -> rank-at-least-15-S_3,3\
-PGL-216-157-index-6-dimension-1 (72 -> 648) started; elapsed=1415390 ms
    status=no_embedding; method=abstract SmallGroup IDs; elapsed=1415921 ms
  Pair 13/
19
 : rank-at-least-15-Q_8-PGL-24-3-index-3-dimension-1 -> rank-at-least-15-S_5-P\
GL-240-0-index-2-dimension-1 (72 -> 720) started; elapsed=1415921 ms
    status=no_embedding; method=abstract SmallGroup IDs; elapsed=1416015 ms
  Pair 14/
19
 : rank-at-least-15-Q_8-PGL-24-3-index-3-dimension-1 -> rank-at-least-15-A_6-P\
GL-360-0-index-1-dimension-1 (72 -> 1080) started; elapsed=1416015 ms
    status=no_embedding; method=abstract SmallGroup IDs; elapsed=1416046 ms
  Pair 15/
19
 : rank-at-least-15-Q_8-PGL-24-3-index-3-dimension-1 -> rank-at-least-15-A_5-P\
GL-360-119-index-6-dimension-1 (72 -> 1080) started; elapsed=1416046 ms
    status=no_embedding; method=abstract SmallGroup IDs; elapsed=1416359 ms
  Pair 16/
19
 : rank-at-least-15-Q_8-PGL-24-3-index-3-dimension-1 -> rank-at-least-15-A_4,3\
-PGL-432-745-index-6-dimension-1 (72 -> 1296) started; elapsed=1416359 ms
    status=no_embedding; method=abstract SmallGroup IDs; elapsed=1417531 ms
  Pair 17/
19
 : rank-at-least-15-Q_8-PGL-24-3-index-3-dimension-1 -> rank-at-least-15-A_6-P\
GL-720-0-index-2-dimension-1 (72 -> 2160) started; elapsed=1417531 ms
    status=no_embedding; method=filter; elapsed=1417593 ms
  Pair 18/
19
 : rank-at-least-15-Q_8-PGL-24-3-index-3-dimension-1 -> rank-at-least-15-3^{1+\
4}:2-PGL-1944-3493-index-4-dimension-1 (72 -> 5832) started; elapsed=
1417593 ms
    status=no_embedding; method=filter; elapsed=1417593 ms
  Pair 19/
19
 : rank-at-least-15-Q_8-PGL-24-3-index-3-dimension-1 -> rank-at-least-15-3^{1+\
4}:2.2-PGL-1944-0-index-2-dimension-1 (72 -> 5832) started; elapsed=1417593 ms
    status=no_embedding; method=filter; elapsed=1417593 ms
Candidate 12/
117: key=liftable-abelian-C2-PGL-24-9-index-12-dimension-1; dimension=
1; order=72; possible targets=19; elapsed=1417593 ms
  Pair 1/
19
 : liftable-abelian-C2-PGL-24-9-index-12-dimension-1 -> rank-at-least-15-T_48-\
PGL-48-0-index-1-dimension-1 (72 -> 144) started; elapsed=1417593 ms
    status=no_embedding; method=abstract SmallGroup IDs; elapsed=1417609 ms
  Pair 2/
19
 : liftable-abelian-C2-PGL-24-9-index-12-dimension-1 -> small-nonabelian-S3-PG\
L-48-4-index-8-dimension-1 (72 -> 144) started; elapsed=1417609 ms
    status=no_embedding; method=abstract SmallGroup IDs; elapsed=1417671 ms
  Pair 3/
19
 : liftable-abelian-C2-PGL-24-9-index-12-dimension-1 -> rank-at-least-15-M_9-P\
GL-72-41-index-1-dimension-1 (72 -> 216) started; elapsed=1417671 ms
    status=no_embedding; method=abstract SmallGroup IDs; elapsed=1417718 ms
  Pair 4/
19
 : liftable-abelian-C2-PGL-24-9-index-12-dimension-1 -> rank-at-least-15-D_12-\
PGL-72-30-index-6-dimension-1 (72 -> 216) started; elapsed=1417718 ms
    status=no_embedding; method=abstract SmallGroup IDs; elapsed=1417781 ms
  Pair 5/
19
 : liftable-abelian-C2-PGL-24-9-index-12-dimension-1 -> small-nonabelian-S3-PG\
L-72-27-index-12-dimension-1 (72 -> 216) started; elapsed=1417781 ms
    status=no_embedding; method=filter; elapsed=1419375 ms
  Pair 6/
19
 : liftable-abelian-C2-PGL-24-9-index-12-dimension-1 -> small-nonabelian-S3-PG\
L-72-27-index-12-dimension-1-representation-2 (72 -> 216) started; elapsed=
1419375 ms
    status=no_embedding; method=filter; elapsed=1419375 ms
  Pair 7/
19
 : liftable-abelian-C2-PGL-24-9-index-12-dimension-1 -> rank-at-least-15-S_5-P\
GL-120-0-index-1-dimension-1 (72 -> 360) started; elapsed=1419375 ms
    status=no_embedding; method=abstract SmallGroup IDs; elapsed=1419390 ms
  Pair 8/
19
 : liftable-abelian-C2-PGL-24-9-index-12-dimension-1 -> rank-at-least-15-N_72-\
PGL-144-186-index-2-dimension-1 (72 -> 432) started; elapsed=1419390 ms
    status=no_embedding; method=abstract SmallGroup IDs; elapsed=1419437 ms
  Pair 9/
19
 : liftable-abelian-C2-PGL-24-9-index-12-dimension-1 -> rank-at-least-15-A_4,3\
-PGL-144-189-index-2-dimension-1 (72 -> 432) started; elapsed=1419437 ms
    status=no_embedding; method=abstract SmallGroup IDs; elapsed=1419484 ms
  Pair 10/
19
 : liftable-abelian-C2-PGL-24-9-index-12-dimension-1 -> rank-at-least-15-PSL(2\
,7)-PGL-168-0-index-1-dimension-1 (72 -> 504) started; elapsed=1419484 ms
    status=no_embedding; method=abstract SmallGroup IDs; elapsed=1419531 ms
  Pair 11/
19
 : liftable-abelian-C2-PGL-24-9-index-12-dimension-1 -> rank-at-least-15-S_3,3\
-PGL-216-170-index-6-dimension-1 (72 -> 648) started; elapsed=1419531 ms
    status=no_embedding; method=abstract SmallGroup IDs; elapsed=1419578 ms
  Pair 12/
19
 : liftable-abelian-C2-PGL-24-9-index-12-dimension-1 -> rank-at-least-15-S_3,3\
-PGL-216-157-index-6-dimension-1 (72 -> 648) started; elapsed=1419578 ms
    status=no_embedding; method=abstract SmallGroup IDs; elapsed=1419750 ms
  Pair 13/
19
 : liftable-abelian-C2-PGL-24-9-index-12-dimension-1 -> rank-at-least-15-S_5-P\
GL-240-0-index-2-dimension-1 (72 -> 720) started; elapsed=1419750 ms
    status=no_embedding; method=abstract SmallGroup IDs; elapsed=1419843 ms
  Pair 14/
19
 : liftable-abelian-C2-PGL-24-9-index-12-dimension-1 -> rank-at-least-15-A_6-P\
GL-360-0-index-1-dimension-1 (72 -> 1080) started; elapsed=1419843 ms
    status=no_embedding; method=abstract SmallGroup IDs; elapsed=1419890 ms
  Pair 15/
19
 : liftable-abelian-C2-PGL-24-9-index-12-dimension-1 -> rank-at-least-15-A_5-P\
GL-360-119-index-6-dimension-1 (72 -> 1080) started; elapsed=1419890 ms
    status=no_embedding; method=abstract SmallGroup IDs; elapsed=1420562 ms
  Pair 16/
19
 : liftable-abelian-C2-PGL-24-9-index-12-dimension-1 -> rank-at-least-15-A_4,3\
-PGL-432-745-index-6-dimension-1 (72 -> 1296) started; elapsed=1420562 ms
    status=no_embedding; method=filter; elapsed=1423000 ms
  Pair 17/
19
 : liftable-abelian-C2-PGL-24-9-index-12-dimension-1 -> rank-at-least-15-A_6-P\
GL-720-0-index-2-dimension-1 (72 -> 2160) started; elapsed=1423000 ms
    status=no_embedding; method=filter; elapsed=1423000 ms
  Pair 18/
19
 : liftable-abelian-C2-PGL-24-9-index-12-dimension-1 -> rank-at-least-15-3^{1+\
4}:2-PGL-1944-3493-index-4-dimension-1 (72 -> 5832) started; elapsed=
1423000 ms
    status=no_embedding; method=filter; elapsed=1423015 ms
  Pair 19/
19
 : liftable-abelian-C2-PGL-24-9-index-12-dimension-1 -> rank-at-least-15-3^{1+\
4}:2.2-PGL-1944-0-index-2-dimension-1 (72 -> 5832) started; elapsed=1423015 ms
    status=no_embedding; method=filter; elapsed=1423015 ms
Candidate 13/
117: key=liftable-abelian-1-PGL-24-2-index-24-dimension-1; dimension=1; order=
72; possible targets=19; elapsed=1423015 ms
  Pair 1/
19
 : liftable-abelian-1-PGL-24-2-index-24-dimension-1 -> rank-at-least-15-T_48-P\
GL-48-0-index-1-dimension-1 (72 -> 144) started; elapsed=1423015 ms
    status=no_embedding; method=abstract SmallGroup IDs; elapsed=1423046 ms
  Pair 2/
19
 : liftable-abelian-1-PGL-24-2-index-24-dimension-1 -> small-nonabelian-S3-PGL\
-48-4-index-8-dimension-1 (72 -> 144) started; elapsed=1423046 ms
    status=no_embedding; method=filter; elapsed=1426312 ms
  Pair 3/
19
 : liftable-abelian-1-PGL-24-2-index-24-dimension-1 -> rank-at-least-15-M_9-PG\
L-72-41-index-1-dimension-1 (72 -> 216) started; elapsed=1426312 ms
    status=no_embedding; method=abstract SmallGroup IDs; elapsed=1426312 ms
  Pair 4/
19
 : liftable-abelian-1-PGL-24-2-index-24-dimension-1 -> rank-at-least-15-D_12-P\
GL-72-30-index-6-dimension-1 (72 -> 216) started; elapsed=1426312 ms
    status=no_embedding; method=abstract SmallGroup IDs; elapsed=1426312 ms
  Pair 5/
19
 : liftable-abelian-1-PGL-24-2-index-24-dimension-1 -> small-nonabelian-S3-PGL\
-72-27-index-12-dimension-1 (72 -> 216) started; elapsed=1426312 ms
    status=no_embedding; method=abstract SmallGroup IDs; elapsed=1426312 ms
  Pair 6/
19
 : liftable-abelian-1-PGL-24-2-index-24-dimension-1 -> small-nonabelian-S3-PGL\
-72-27-index-12-dimension-1-representation-2 (72 -> 216) started; elapsed=
1426312 ms
    status=no_embedding; method=abstract SmallGroup IDs; elapsed=1426312 ms
  Pair 7/
19
 : liftable-abelian-1-PGL-24-2-index-24-dimension-1 -> rank-at-least-15-S_5-PG\
L-120-0-index-1-dimension-1 (72 -> 360) started; elapsed=1426312 ms
    status=no_embedding; method=abstract SmallGroup IDs; elapsed=1426328 ms
  Pair 8/
19
 : liftable-abelian-1-PGL-24-2-index-24-dimension-1 -> rank-at-least-15-N_72-P\
GL-144-186-index-2-dimension-1 (72 -> 432) started; elapsed=1426328 ms
    status=no_embedding; method=abstract SmallGroup IDs; elapsed=1426328 ms
  Pair 9/
19
 : liftable-abelian-1-PGL-24-2-index-24-dimension-1 -> rank-at-least-15-A_4,3-\
PGL-144-189-index-2-dimension-1 (72 -> 432) started; elapsed=1426328 ms
    status=no_embedding; method=abstract SmallGroup IDs; elapsed=1426328 ms
  Pair 10/
19
 : liftable-abelian-1-PGL-24-2-index-24-dimension-1 -> rank-at-least-15-PSL(2,\
7)-PGL-168-0-index-1-dimension-1 (72 -> 504) started; elapsed=1426328 ms
    status=no_embedding; method=abstract SmallGroup IDs; elapsed=1426359 ms
  Pair 11/
19
 : liftable-abelian-1-PGL-24-2-index-24-dimension-1 -> rank-at-least-15-S_3,3-\
PGL-216-170-index-6-dimension-1 (72 -> 648) started; elapsed=1426359 ms
    status=no_embedding; method=abstract SmallGroup IDs; elapsed=1426390 ms
  Pair 12/
19
 : liftable-abelian-1-PGL-24-2-index-24-dimension-1 -> rank-at-least-15-S_3,3-\
PGL-216-157-index-6-dimension-1 (72 -> 648) started; elapsed=1426390 ms
    status=no_embedding; method=abstract SmallGroup IDs; elapsed=1426421 ms
  Pair 13/
19
 : liftable-abelian-1-PGL-24-2-index-24-dimension-1 -> rank-at-least-15-S_5-PG\
L-240-0-index-2-dimension-1 (72 -> 720) started; elapsed=1426421 ms
    status=no_embedding; method=abstract SmallGroup IDs; elapsed=1426468 ms
  Pair 14/
19
 : liftable-abelian-1-PGL-24-2-index-24-dimension-1 -> rank-at-least-15-A_6-PG\
L-360-0-index-1-dimension-1 (72 -> 1080) started; elapsed=1426468 ms
    status=no_embedding; method=abstract SmallGroup IDs; elapsed=1426500 ms
  Pair 15/
19
 : liftable-abelian-1-PGL-24-2-index-24-dimension-1 -> rank-at-least-15-A_5-PG\
L-360-119-index-6-dimension-1 (72 -> 1080) started; elapsed=1426500 ms
    status=no_embedding; method=abstract SmallGroup IDs; elapsed=1426546 ms
  Pair 16/
19
 : liftable-abelian-1-PGL-24-2-index-24-dimension-1 -> rank-at-least-15-A_4,3-\
PGL-432-745-index-6-dimension-1 (72 -> 1296) started; elapsed=1426546 ms
    status=no_embedding; method=abstract SmallGroup IDs; elapsed=1426593 ms
  Pair 17/
19
 : liftable-abelian-1-PGL-24-2-index-24-dimension-1 -> rank-at-least-15-A_6-PG\
L-720-0-index-2-dimension-1 (72 -> 2160) started; elapsed=1426593 ms
    status=no_embedding; method=filter; elapsed=1426593 ms
  Pair 18/
19
 : liftable-abelian-1-PGL-24-2-index-24-dimension-1 -> rank-at-least-15-3^{1+4\
}:2-PGL-1944-3493-index-4-dimension-1 (72 -> 5832) started; elapsed=1426593 ms
    status=no_embedding; method=filter; elapsed=1426593 ms
  Pair 19/
19
 : liftable-abelian-1-PGL-24-2-index-24-dimension-1 -> rank-at-least-15-3^{1+4\
}:2.2-PGL-1944-0-index-2-dimension-1 (72 -> 5832) started; elapsed=1426593 ms
    status=no_embedding; method=filter; elapsed=1426593 ms
Candidate 14/
117
 : key=liftable-abelian-1-PGL-24-2-index-24-dimension-1-representation-2; dime\
nsion=1; order=72; possible targets=19; elapsed=1426593 ms
  Pair 1/
19
 : liftable-abelian-1-PGL-24-2-index-24-dimension-1-representation-2 -> rank-a\
t-least-15-T_48-PGL-48-0-index-1-dimension-1 (72 -> 144) started; elapsed=
1426593 ms
    status=no_embedding; method=abstract SmallGroup IDs; elapsed=1426593 ms
  Pair 2/
19
 : liftable-abelian-1-PGL-24-2-index-24-dimension-1-representation-2 -> small-\
nonabelian-S3-PGL-48-4-index-8-dimension-1 (72 -> 144) started; elapsed=
1426593 ms
    status=no_embedding; method=filter; elapsed=1426593 ms
  Pair 3/
19
 : liftable-abelian-1-PGL-24-2-index-24-dimension-1-representation-2 -> rank-a\
t-least-15-M_9-PGL-72-41-index-1-dimension-1 (72 -> 216) started; elapsed=
1426593 ms
    status=no_embedding; method=abstract SmallGroup IDs; elapsed=1426593 ms
  Pair 4/
19
 : liftable-abelian-1-PGL-24-2-index-24-dimension-1-representation-2 -> rank-a\
t-least-15-D_12-PGL-72-30-index-6-dimension-1 (72 -> 216) started; elapsed=
1426593 ms
    status=no_embedding; method=abstract SmallGroup IDs; elapsed=1426593 ms
  Pair 5/
19
 : liftable-abelian-1-PGL-24-2-index-24-dimension-1-representation-2 -> small-\
nonabelian-S3-PGL-72-27-index-12-dimension-1 (72 -> 216) started; elapsed=
1426593 ms
    status=no_embedding; method=abstract SmallGroup IDs; elapsed=1426593 ms
  Pair 6/
19
 : liftable-abelian-1-PGL-24-2-index-24-dimension-1-representation-2 -> small-\
nonabelian-S3-PGL-72-27-index-12-dimension-1-representation-2 (72 -> 
216) started; elapsed=1426593 ms
    status=no_embedding; method=abstract SmallGroup IDs; elapsed=1426593 ms
  Pair 7/
19
 : liftable-abelian-1-PGL-24-2-index-24-dimension-1-representation-2 -> rank-a\
t-least-15-S_5-PGL-120-0-index-1-dimension-1 (72 -> 360) started; elapsed=
1426593 ms
    status=no_embedding; method=abstract SmallGroup IDs; elapsed=1426593 ms
  Pair 8/
19
 : liftable-abelian-1-PGL-24-2-index-24-dimension-1-representation-2 -> rank-a\
t-least-15-N_72-PGL-144-186-index-2-dimension-1 (72 -> 432) started; elapsed=
1426593 ms
    status=no_embedding; method=abstract SmallGroup IDs; elapsed=1426593 ms
  Pair 9/
19
 : liftable-abelian-1-PGL-24-2-index-24-dimension-1-representation-2 -> rank-a\
t-least-15-A_4,3-PGL-144-189-index-2-dimension-1 (72 -> 432) started; elapsed=
1426593 ms
    status=no_embedding; method=abstract SmallGroup IDs; elapsed=1426593 ms
  Pair 10/
19
 : liftable-abelian-1-PGL-24-2-index-24-dimension-1-representation-2 -> rank-a\
t-least-15-PSL(2,7)-PGL-168-0-index-1-dimension-1 (72 -> 
504) started; elapsed=1426593 ms
    status=no_embedding; method=abstract SmallGroup IDs; elapsed=1426593 ms
  Pair 11/
19
 : liftable-abelian-1-PGL-24-2-index-24-dimension-1-representation-2 -> rank-a\
t-least-15-S_3,3-PGL-216-170-index-6-dimension-1 (72 -> 648) started; elapsed=
1426593 ms
    status=no_embedding; method=abstract SmallGroup IDs; elapsed=1426593 ms
  Pair 12/
19
 : liftable-abelian-1-PGL-24-2-index-24-dimension-1-representation-2 -> rank-a\
t-least-15-S_3,3-PGL-216-157-index-6-dimension-1 (72 -> 648) started; elapsed=
1426593 ms
    status=no_embedding; method=abstract SmallGroup IDs; elapsed=1426593 ms
  Pair 13/
19
 : liftable-abelian-1-PGL-24-2-index-24-dimension-1-representation-2 -> rank-a\
t-least-15-S_5-PGL-240-0-index-2-dimension-1 (72 -> 720) started; elapsed=
1426593 ms
    status=no_embedding; method=abstract SmallGroup IDs; elapsed=1426593 ms
  Pair 14/
19
 : liftable-abelian-1-PGL-24-2-index-24-dimension-1-representation-2 -> rank-a\
t-least-15-A_6-PGL-360-0-index-1-dimension-1 (72 -> 1080) started; elapsed=
1426593 ms
    status=no_embedding; method=abstract SmallGroup IDs; elapsed=1426593 ms
  Pair 15/
19
 : liftable-abelian-1-PGL-24-2-index-24-dimension-1-representation-2 -> rank-a\
t-least-15-A_5-PGL-360-119-index-6-dimension-1 (72 -> 1080) started; elapsed=
1426593 ms
    status=no_embedding; method=abstract SmallGroup IDs; elapsed=1426593 ms
  Pair 16/
19
 : liftable-abelian-1-PGL-24-2-index-24-dimension-1-representation-2 -> rank-a\
t-least-15-A_4,3-PGL-432-745-index-6-dimension-1 (72 -> 
1296) started; elapsed=1426593 ms
    status=no_embedding; method=abstract SmallGroup IDs; elapsed=1426593 ms
  Pair 17/
19
 : liftable-abelian-1-PGL-24-2-index-24-dimension-1-representation-2 -> rank-a\
t-least-15-A_6-PGL-720-0-index-2-dimension-1 (72 -> 2160) started; elapsed=
1426593 ms
    status=no_embedding; method=filter; elapsed=1426593 ms
  Pair 18/
19
 : liftable-abelian-1-PGL-24-2-index-24-dimension-1-representation-2 -> rank-a\
t-least-15-3^{1+4}:2-PGL-1944-3493-index-4-dimension-1 (72 -> 
5832) started; elapsed=1426593 ms
    status=no_embedding; method=filter; elapsed=1426593 ms
  Pair 19/
19
 : liftable-abelian-1-PGL-24-2-index-24-dimension-1-representation-2 -> rank-a\
t-least-15-3^{1+4}:2.2-PGL-1944-0-index-2-dimension-1 (72 -> 
5832) started; elapsed=1426593 ms
    status=no_embedding; method=filter; elapsed=1426593 ms
Candidate 15/
117
 : key=small-nonabelian-C2^2-PGL-24-10-index-6-dimension-1-representation-2; d\
imension=1; order=72; possible targets=19; elapsed=1426593 ms
  Pair 1/
19
 : small-nonabelian-C2^2-PGL-24-10-index-6-dimension-1-representation-2 -> ran\
k-at-least-15-T_48-PGL-48-0-index-1-dimension-1 (72 -> 144) started; elapsed=
1426593 ms
    status=no_embedding; method=abstract SmallGroup IDs; elapsed=1426625 ms
  Pair 2/
19
 : small-nonabelian-C2^2-PGL-24-10-index-6-dimension-1-representation-2 -> sma\
ll-nonabelian-S3-PGL-48-4-index-8-dimension-1 (72 -> 144) started; elapsed=
1426625 ms
    status=no_embedding; method=abstract SmallGroup IDs; elapsed=1426671 ms
  Pair 3/
19
 : small-nonabelian-C2^2-PGL-24-10-index-6-dimension-1-representation-2 -> ran\
k-at-least-15-M_9-PGL-72-41-index-1-dimension-1 (72 -> 216) started; elapsed=
1426671 ms
    status=no_embedding; method=abstract SmallGroup IDs; elapsed=1426671 ms
  Pair 4/
19
 : small-nonabelian-C2^2-PGL-24-10-index-6-dimension-1-representation-2 -> ran\
k-at-least-15-D_12-PGL-72-30-index-6-dimension-1 (72 -> 216) started; elapsed=
1426671 ms
    status=no_embedding; method=filter; elapsed=1427406 ms
  Pair 5/
19
 : small-nonabelian-C2^2-PGL-24-10-index-6-dimension-1-representation-2 -> sma\
ll-nonabelian-S3-PGL-72-27-index-12-dimension-1 (72 -> 216) started; elapsed=
1427406 ms
    status=no_embedding; method=abstract SmallGroup IDs; elapsed=1427781 ms
  Pair 6/
19
 : small-nonabelian-C2^2-PGL-24-10-index-6-dimension-1-representation-2 -> sma\
ll-nonabelian-S3-PGL-72-27-index-12-dimension-1-representation-2 (72 -> 
216) started; elapsed=1427781 ms
    status=no_embedding; method=abstract SmallGroup IDs; elapsed=1427781 ms
  Pair 7/
19
 : small-nonabelian-C2^2-PGL-24-10-index-6-dimension-1-representation-2 -> ran\
k-at-least-15-S_5-PGL-120-0-index-1-dimension-1 (72 -> 360) started; elapsed=
1427781 ms
    status=no_embedding; method=abstract SmallGroup IDs; elapsed=1427812 ms
  Pair 8/
19
 : small-nonabelian-C2^2-PGL-24-10-index-6-dimension-1-representation-2 -> ran\
k-at-least-15-N_72-PGL-144-186-index-2-dimension-1 (72 -> 
432) started; elapsed=1427812 ms
    status=no_embedding; method=abstract SmallGroup IDs; elapsed=1427921 ms
  Pair 9/
19
 : small-nonabelian-C2^2-PGL-24-10-index-6-dimension-1-representation-2 -> ran\
k-at-least-15-A_4,3-PGL-144-189-index-2-dimension-1 (72 -> 
432) started; elapsed=1427921 ms
    status=no_embedding; method=abstract SmallGroup IDs; elapsed=1428031 ms
  Pair 10/
19
 : small-nonabelian-C2^2-PGL-24-10-index-6-dimension-1-representation-2 -> ran\
k-at-least-15-PSL(2,7)-PGL-168-0-index-1-dimension-1 (72 -> 
504) started; elapsed=1428031 ms
    status=no_embedding; method=abstract SmallGroup IDs; elapsed=1428078 ms
  Pair 11/
19
 : small-nonabelian-C2^2-PGL-24-10-index-6-dimension-1-representation-2 -> ran\
k-at-least-15-S_3,3-PGL-216-170-index-6-dimension-1 (72 -> 
648) started; elapsed=1428078 ms
    status=no_embedding; method=abstract SmallGroup IDs; elapsed=1428109 ms
  Pair 12/
19
 : small-nonabelian-C2^2-PGL-24-10-index-6-dimension-1-representation-2 -> ran\
k-at-least-15-S_3,3-PGL-216-157-index-6-dimension-1 (72 -> 
648) started; elapsed=1428109 ms
    status=no_embedding; method=filter; elapsed=1429078 ms
  Pair 13/
19
 : small-nonabelian-C2^2-PGL-24-10-index-6-dimension-1-representation-2 -> ran\
k-at-least-15-S_5-PGL-240-0-index-2-dimension-1 (72 -> 720) started; elapsed=
1429078 ms
    status=no_embedding; method=abstract SmallGroup IDs; elapsed=1429468 ms
  Pair 14/
19
 : small-nonabelian-C2^2-PGL-24-10-index-6-dimension-1-representation-2 -> ran\
k-at-least-15-A_6-PGL-360-0-index-1-dimension-1 (72 -> 1080) started; elapsed=
1429468 ms
    status=no_embedding; method=abstract SmallGroup IDs; elapsed=1429500 ms
  Pair 15/
19
 : small-nonabelian-C2^2-PGL-24-10-index-6-dimension-1-representation-2 -> ran\
k-at-least-15-A_5-PGL-360-119-index-6-dimension-1 (72 -> 
1080) started; elapsed=1429500 ms
    status=no_embedding; method=filter; elapsed=1430812 ms
  Pair 16/
19
 : small-nonabelian-C2^2-PGL-24-10-index-6-dimension-1-representation-2 -> ran\
k-at-least-15-A_4,3-PGL-432-745-index-6-dimension-1 (72 -> 
1296) started; elapsed=1430812 ms
    status=embedded; method=A_strict; elapsed=1454765 ms
Progress: sources=15/117; direct removals=8; strict=105; undecided=0; elapsed=
1454765 ms
Candidate 16/
117
 : key=small-nonabelian-C2^2-PGL-24-10-index-6-dimension-1-representation-3; d\
imension=1; order=72; possible targets=19; elapsed=1454765 ms
  Pair 1/
19
 : small-nonabelian-C2^2-PGL-24-10-index-6-dimension-1-representation-3 -> ran\
k-at-least-15-T_48-PGL-48-0-index-1-dimension-1 (72 -> 144) started; elapsed=
1454765 ms
    status=no_embedding; method=abstract SmallGroup IDs; elapsed=1454765 ms
  Pair 2/
19
 : small-nonabelian-C2^2-PGL-24-10-index-6-dimension-1-representation-3 -> sma\
ll-nonabelian-S3-PGL-48-4-index-8-dimension-1 (72 -> 144) started; elapsed=
1454765 ms
    status=no_embedding; method=abstract SmallGroup IDs; elapsed=1454765 ms
  Pair 3/
19
 : small-nonabelian-C2^2-PGL-24-10-index-6-dimension-1-representation-3 -> ran\
k-at-least-15-M_9-PGL-72-41-index-1-dimension-1 (72 -> 216) started; elapsed=
1454765 ms
    status=no_embedding; method=abstract SmallGroup IDs; elapsed=1454765 ms
  Pair 4/
19
 : small-nonabelian-C2^2-PGL-24-10-index-6-dimension-1-representation-3 -> ran\
k-at-least-15-D_12-PGL-72-30-index-6-dimension-1 (72 -> 216) started; elapsed=
1454765 ms
    status=no_embedding; method=filter; elapsed=1454765 ms
  Pair 5/
19
 : small-nonabelian-C2^2-PGL-24-10-index-6-dimension-1-representation-3 -> sma\
ll-nonabelian-S3-PGL-72-27-index-12-dimension-1 (72 -> 216) started; elapsed=
1454765 ms
    status=no_embedding; method=abstract SmallGroup IDs; elapsed=1454765 ms
  Pair 6/
19
 : small-nonabelian-C2^2-PGL-24-10-index-6-dimension-1-representation-3 -> sma\
ll-nonabelian-S3-PGL-72-27-index-12-dimension-1-representation-2 (72 -> 
216) started; elapsed=1454765 ms
    status=no_embedding; method=abstract SmallGroup IDs; elapsed=1454765 ms
  Pair 7/
19
 : small-nonabelian-C2^2-PGL-24-10-index-6-dimension-1-representation-3 -> ran\
k-at-least-15-S_5-PGL-120-0-index-1-dimension-1 (72 -> 360) started; elapsed=
1454765 ms
    status=no_embedding; method=abstract SmallGroup IDs; elapsed=1454765 ms
  Pair 8/
19
 : small-nonabelian-C2^2-PGL-24-10-index-6-dimension-1-representation-3 -> ran\
k-at-least-15-N_72-PGL-144-186-index-2-dimension-1 (72 -> 
432) started; elapsed=1454765 ms
    status=no_embedding; method=abstract SmallGroup IDs; elapsed=1454765 ms
  Pair 9/
19
 : small-nonabelian-C2^2-PGL-24-10-index-6-dimension-1-representation-3 -> ran\
k-at-least-15-A_4,3-PGL-144-189-index-2-dimension-1 (72 -> 
432) started; elapsed=1454765 ms
    status=no_embedding; method=abstract SmallGroup IDs; elapsed=1454781 ms
  Pair 10/
19
 : small-nonabelian-C2^2-PGL-24-10-index-6-dimension-1-representation-3 -> ran\
k-at-least-15-PSL(2,7)-PGL-168-0-index-1-dimension-1 (72 -> 
504) started; elapsed=1454781 ms
    status=no_embedding; method=abstract SmallGroup IDs; elapsed=1454781 ms
  Pair 11/
19
 : small-nonabelian-C2^2-PGL-24-10-index-6-dimension-1-representation-3 -> ran\
k-at-least-15-S_3,3-PGL-216-170-index-6-dimension-1 (72 -> 
648) started; elapsed=1454781 ms
    status=no_embedding; method=abstract SmallGroup IDs; elapsed=1454781 ms
  Pair 12/
19
 : small-nonabelian-C2^2-PGL-24-10-index-6-dimension-1-representation-3 -> ran\
k-at-least-15-S_3,3-PGL-216-157-index-6-dimension-1 (72 -> 
648) started; elapsed=1454781 ms
    status=no_embedding; method=filter; elapsed=1454781 ms
  Pair 13/
19
 : small-nonabelian-C2^2-PGL-24-10-index-6-dimension-1-representation-3 -> ran\
k-at-least-15-S_5-PGL-240-0-index-2-dimension-1 (72 -> 720) started; elapsed=
1454781 ms
    status=no_embedding; method=abstract SmallGroup IDs; elapsed=1454781 ms
  Pair 14/
19
 : small-nonabelian-C2^2-PGL-24-10-index-6-dimension-1-representation-3 -> ran\
k-at-least-15-A_6-PGL-360-0-index-1-dimension-1 (72 -> 1080) started; elapsed=
1454781 ms
    status=no_embedding; method=abstract SmallGroup IDs; elapsed=1454781 ms
  Pair 15/
19
 : small-nonabelian-C2^2-PGL-24-10-index-6-dimension-1-representation-3 -> ran\
k-at-least-15-A_5-PGL-360-119-index-6-dimension-1 (72 -> 
1080) started; elapsed=1454781 ms
    status=no_embedding; method=filter; elapsed=1454781 ms
  Pair 16/
19
 : small-nonabelian-C2^2-PGL-24-10-index-6-dimension-1-representation-3 -> ran\
k-at-least-15-A_4,3-PGL-432-745-index-6-dimension-1 (72 -> 
1296) started; elapsed=1454781 ms
    status=embedded; method=A_strict; elapsed=1454890 ms
Candidate 17/
117
 : key=small-nonabelian-C4-PGL-24-10-index-6-dimension-1-representation-2; dim\
ension=1; order=72; possible targets=19; elapsed=1454890 ms
  Pair 1/
19
 : small-nonabelian-C4-PGL-24-10-index-6-dimension-1-representation-2 -> rank-\
at-least-15-T_48-PGL-48-0-index-1-dimension-1 (72 -> 144) started; elapsed=
1454890 ms
    status=no_embedding; method=abstract SmallGroup IDs; elapsed=1454890 ms
  Pair 2/
19
 : small-nonabelian-C4-PGL-24-10-index-6-dimension-1-representation-2 -> small\
-nonabelian-S3-PGL-48-4-index-8-dimension-1 (72 -> 144) started; elapsed=
1454890 ms
    status=no_embedding; method=abstract SmallGroup IDs; elapsed=1454890 ms
  Pair 3/
19
 : small-nonabelian-C4-PGL-24-10-index-6-dimension-1-representation-2 -> rank-\
at-least-15-M_9-PGL-72-41-index-1-dimension-1 (72 -> 216) started; elapsed=
1454890 ms
    status=no_embedding; method=abstract SmallGroup IDs; elapsed=1454890 ms
  Pair 4/
19
 : small-nonabelian-C4-PGL-24-10-index-6-dimension-1-representation-2 -> rank-\
at-least-15-D_12-PGL-72-30-index-6-dimension-1 (72 -> 216) started; elapsed=
1454890 ms
    status=no_embedding; method=filter; elapsed=1454890 ms
  Pair 5/
19
 : small-nonabelian-C4-PGL-24-10-index-6-dimension-1-representation-2 -> small\
-nonabelian-S3-PGL-72-27-index-12-dimension-1 (72 -> 216) started; elapsed=
1454890 ms
    status=no_embedding; method=abstract SmallGroup IDs; elapsed=1454890 ms
  Pair 6/
19
 : small-nonabelian-C4-PGL-24-10-index-6-dimension-1-representation-2 -> small\
-nonabelian-S3-PGL-72-27-index-12-dimension-1-representation-2 (72 -> 
216) started; elapsed=1454890 ms
    status=no_embedding; method=abstract SmallGroup IDs; elapsed=1454890 ms
  Pair 7/
19
 : small-nonabelian-C4-PGL-24-10-index-6-dimension-1-representation-2 -> rank-\
at-least-15-S_5-PGL-120-0-index-1-dimension-1 (72 -> 360) started; elapsed=
1454890 ms
    status=no_embedding; method=abstract SmallGroup IDs; elapsed=1454890 ms
  Pair 8/
19
 : small-nonabelian-C4-PGL-24-10-index-6-dimension-1-representation-2 -> rank-\
at-least-15-N_72-PGL-144-186-index-2-dimension-1 (72 -> 432) started; elapsed=
1454890 ms
    status=no_embedding; method=abstract SmallGroup IDs; elapsed=1454890 ms
  Pair 9/
19
 : small-nonabelian-C4-PGL-24-10-index-6-dimension-1-representation-2 -> rank-\
at-least-15-A_4,3-PGL-144-189-index-2-dimension-1 (72 -> 
432) started; elapsed=1454890 ms
    status=no_embedding; method=abstract SmallGroup IDs; elapsed=1454890 ms
  Pair 10/
19
 : small-nonabelian-C4-PGL-24-10-index-6-dimension-1-representation-2 -> rank-\
at-least-15-PSL(2,7)-PGL-168-0-index-1-dimension-1 (72 -> 
504) started; elapsed=1454890 ms
    status=no_embedding; method=abstract SmallGroup IDs; elapsed=1454890 ms
  Pair 11/
19
 : small-nonabelian-C4-PGL-24-10-index-6-dimension-1-representation-2 -> rank-\
at-least-15-S_3,3-PGL-216-170-index-6-dimension-1 (72 -> 
648) started; elapsed=1454890 ms
    status=no_embedding; method=abstract SmallGroup IDs; elapsed=1454890 ms
  Pair 12/
19
 : small-nonabelian-C4-PGL-24-10-index-6-dimension-1-representation-2 -> rank-\
at-least-15-S_3,3-PGL-216-157-index-6-dimension-1 (72 -> 
648) started; elapsed=1454890 ms
    status=no_embedding; method=filter; elapsed=1454890 ms
  Pair 13/
19
 : small-nonabelian-C4-PGL-24-10-index-6-dimension-1-representation-2 -> rank-\
at-least-15-S_5-PGL-240-0-index-2-dimension-1 (72 -> 720) started; elapsed=
1454890 ms
    status=no_embedding; method=abstract SmallGroup IDs; elapsed=1454890 ms
  Pair 14/
19
 : small-nonabelian-C4-PGL-24-10-index-6-dimension-1-representation-2 -> rank-\
at-least-15-A_6-PGL-360-0-index-1-dimension-1 (72 -> 1080) started; elapsed=
1454890 ms
    status=no_embedding; method=abstract SmallGroup IDs; elapsed=1454890 ms
  Pair 15/
19
 : small-nonabelian-C4-PGL-24-10-index-6-dimension-1-representation-2 -> rank-\
at-least-15-A_5-PGL-360-119-index-6-dimension-1 (72 -> 1080) started; elapsed=
1454890 ms
    status=no_embedding; method=filter; elapsed=1454890 ms
  Pair 16/
19
 : small-nonabelian-C4-PGL-24-10-index-6-dimension-1-representation-2 -> rank-\
at-least-15-A_4,3-PGL-432-745-index-6-dimension-1 (72 -> 
1296) started; elapsed=1454890 ms
    status=embedded; method=A_strict; elapsed=1455015 ms
Candidate 18/
117: key=rank-at-least-15-Q_8-PGL-32-11-index-4-dimension-1; dimension=
1; order=96; possible targets=0; elapsed=1455015 ms
Candidate 19/
117: key=small-nonabelian-S3-PGL-36-12-index-6-dimension-1; dimension=
1; order=108; possible targets=16; elapsed=1455015 ms
  Pair 1/
16
 : small-nonabelian-S3-PGL-36-12-index-6-dimension-1 -> rank-at-least-15-M_9-P\
GL-72-41-index-1-dimension-1 (108 -> 216) started; elapsed=1455015 ms
    status=no_embedding; method=abstract SmallGroup IDs; elapsed=1455031 ms
  Pair 2/
16
 : small-nonabelian-S3-PGL-36-12-index-6-dimension-1 -> rank-at-least-15-D_12-\
PGL-72-30-index-6-dimension-1 (108 -> 216) started; elapsed=1455031 ms
    status=no_embedding; method=filter; elapsed=1456640 ms
  Pair 3/
16
 : small-nonabelian-S3-PGL-36-12-index-6-dimension-1 -> small-nonabelian-S3-PG\
L-72-27-index-12-dimension-1 (108 -> 216) started; elapsed=1456640 ms
    status=no_embedding; method=filter; elapsed=1456640 ms
  Pair 4/
16
 : small-nonabelian-S3-PGL-36-12-index-6-dimension-1 -> small-nonabelian-S3-PG\
L-72-27-index-12-dimension-1-representation-2 (108 -> 216) started; elapsed=
1456640 ms
    status=no_embedding; method=filter; elapsed=1456640 ms
  Pair 5/
16
 : small-nonabelian-S3-PGL-36-12-index-6-dimension-1 -> rank-at-least-15-N_72-\
PGL-144-186-index-2-dimension-1 (108 -> 432) started; elapsed=1456640 ms
    status=no_embedding; method=filter; elapsed=1457531 ms
  Pair 6/
16
 : small-nonabelian-S3-PGL-36-12-index-6-dimension-1 -> rank-at-least-15-A_4,3\
-PGL-144-189-index-2-dimension-1 (108 -> 432) started; elapsed=1457531 ms
    status=no_embedding; method=abstract SmallGroup IDs; elapsed=1457875 ms
  Pair 7/
16
 : small-nonabelian-S3-PGL-36-12-index-6-dimension-1 -> rank-at-least-15-A_5-P\
GL-180-19-index-3-dimension-1 (108 -> 540) started; elapsed=1457875 ms
    status=no_embedding; method=abstract SmallGroup IDs; elapsed=1458203 ms
  Pair 8/
16
 : small-nonabelian-S3-PGL-36-12-index-6-dimension-1 -> rank-at-least-15-S_3,3\
-PGL-216-170-index-6-dimension-1 (108 -> 648) started; elapsed=1458203 ms
    status=embedded; method=A_strict; elapsed=1552718 ms
Candidate 20/
117
 : key=small-nonabelian-S3-PGL-36-12-index-6-dimension-1-representation-2; dim\
ension=1; order=108; possible targets=16; elapsed=1552718 ms
  Pair 1/
16
 : small-nonabelian-S3-PGL-36-12-index-6-dimension-1-representation-2 -> rank-\
at-least-15-M_9-PGL-72-41-index-1-dimension-1 (108 -> 216) started; elapsed=
1552718 ms
    status=no_embedding; method=abstract SmallGroup IDs; elapsed=1552718 ms
  Pair 2/
16
 : small-nonabelian-S3-PGL-36-12-index-6-dimension-1-representation-2 -> rank-\
at-least-15-D_12-PGL-72-30-index-6-dimension-1 (108 -> 216) started; elapsed=
1552718 ms
    status=no_embedding; method=filter; elapsed=1552718 ms
  Pair 3/
16
 : small-nonabelian-S3-PGL-36-12-index-6-dimension-1-representation-2 -> small\
-nonabelian-S3-PGL-72-27-index-12-dimension-1 (108 -> 216) started; elapsed=
1552718 ms
    status=no_embedding; method=filter; elapsed=1552718 ms
  Pair 4/
16
 : small-nonabelian-S3-PGL-36-12-index-6-dimension-1-representation-2 -> small\
-nonabelian-S3-PGL-72-27-index-12-dimension-1-representation-2 (108 -> 
216) started; elapsed=1552718 ms
    status=no_embedding; method=filter; elapsed=1552718 ms
  Pair 5/
16
 : small-nonabelian-S3-PGL-36-12-index-6-dimension-1-representation-2 -> rank-\
at-least-15-N_72-PGL-144-186-index-2-dimension-1 (108 -> 
432) started; elapsed=1552718 ms
    status=no_embedding; method=filter; elapsed=1552718 ms
  Pair 6/
16
 : small-nonabelian-S3-PGL-36-12-index-6-dimension-1-representation-2 -> rank-\
at-least-15-A_4,3-PGL-144-189-index-2-dimension-1 (108 -> 
432) started; elapsed=1552718 ms
    status=no_embedding; method=abstract SmallGroup IDs; elapsed=1552718 ms
  Pair 7/
16
 : small-nonabelian-S3-PGL-36-12-index-6-dimension-1-representation-2 -> rank-\
at-least-15-A_5-PGL-180-19-index-3-dimension-1 (108 -> 540) started; elapsed=
1552718 ms
    status=no_embedding; method=abstract SmallGroup IDs; elapsed=1552718 ms
  Pair 8/
16
 : small-nonabelian-S3-PGL-36-12-index-6-dimension-1-representation-2 -> rank-\
at-least-15-S_3,3-PGL-216-170-index-6-dimension-1 (108 -> 
648) started; elapsed=1552718 ms
    status=no_embedding; method=filter; elapsed=1552718 ms
  Pair 9/
16
 : small-nonabelian-S3-PGL-36-12-index-6-dimension-1-representation-2 -> rank-\
at-least-15-S_3,3-PGL-216-157-index-6-dimension-1 (108 -> 
648) started; elapsed=1552718 ms
    status=no_embedding; method=filter; elapsed=1555453 ms
  Pair 10/
16
 : small-nonabelian-S3-PGL-36-12-index-6-dimension-1-representation-2 -> rank-\
at-least-15-A_6-PGL-360-0-index-1-dimension-1 (108 -> 1080) started; elapsed=
1555453 ms
    status=no_embedding; method=abstract SmallGroup IDs; elapsed=1555484 ms
  Pair 11/
16
 : small-nonabelian-S3-PGL-36-12-index-6-dimension-1-representation-2 -> rank-\
at-least-15-A_5-PGL-360-119-index-6-dimension-1 (108 -> 
1080) started; elapsed=1555484 ms
    status=no_embedding; method=filter; elapsed=1557859 ms
  Pair 12/
16
 : small-nonabelian-S3-PGL-36-12-index-6-dimension-1-representation-2 -> rank-\
at-least-15-A_4,3-PGL-432-745-index-6-dimension-1 (108 -> 
1296) started; elapsed=1557859 ms
    status=no_embedding; method=filter; elapsed=1568125 ms
  Pair 13/
16
 : small-nonabelian-S3-PGL-36-12-index-6-dimension-1-representation-2 -> rank-\
at-least-15-A_6-PGL-720-0-index-2-dimension-1 (108 -> 2160) started; elapsed=
1568125 ms
    status=no_embedding; method=filter; elapsed=1568125 ms
  Pair 14/
16
 : small-nonabelian-S3-PGL-36-12-index-6-dimension-1-representation-2 -> rank-\
at-least-15-3^{1+4}:2-PGL-1944-3493-index-4-dimension-1 (108 -> 
5832) started; elapsed=1568125 ms
    status=no_embedding; method=filter; elapsed=1568140 ms
  Pair 15/
16
 : small-nonabelian-S3-PGL-36-12-index-6-dimension-1-representation-2 -> rank-\
at-least-15-3^{1+4}:2.2-PGL-1944-0-index-2-dimension-1 (108 -> 
5832) started; elapsed=1568140 ms
    status=no_embedding; method=filter; elapsed=1568140 ms
  Pair 16/
16
 : small-nonabelian-S3-PGL-36-12-index-6-dimension-1-representation-2 -> rank-\
at-least-15-3^{1+4}:2-PGL-2916-0-index-6-dimension-1 (108 -> 
8748) started; elapsed=1568140 ms
    status=embedded; method=A_strict; elapsed=1738046 ms
Progress: sources=20/117; direct removals=12; strict=130; undecided=
0; elapsed=1738046 ms
Candidate 21/
117
 : key=small-nonabelian-S3-PGL-36-12-index-6-dimension-1-representation-3; dim\
ension=1; order=108; possible targets=16; elapsed=1738046 ms
  Pair 1/
16
 : small-nonabelian-S3-PGL-36-12-index-6-dimension-1-representation-3 -> rank-\
at-least-15-M_9-PGL-72-41-index-1-dimension-1 (108 -> 216) started; elapsed=
1738046 ms
    status=no_embedding; method=abstract SmallGroup IDs; elapsed=1738046 ms
  Pair 2/
16
 : small-nonabelian-S3-PGL-36-12-index-6-dimension-1-representation-3 -> rank-\
at-least-15-D_12-PGL-72-30-index-6-dimension-1 (108 -> 216) started; elapsed=
1738046 ms
    status=no_embedding; method=filter; elapsed=1738046 ms
  Pair 3/
16
 : small-nonabelian-S3-PGL-36-12-index-6-dimension-1-representation-3 -> small\
-nonabelian-S3-PGL-72-27-index-12-dimension-1 (108 -> 216) started; elapsed=
1738046 ms
    status=no_embedding; method=filter; elapsed=1738046 ms
  Pair 4/
16
 : small-nonabelian-S3-PGL-36-12-index-6-dimension-1-representation-3 -> small\
-nonabelian-S3-PGL-72-27-index-12-dimension-1-representation-2 (108 -> 
216) started; elapsed=1738046 ms
    status=no_embedding; method=filter; elapsed=1738046 ms
  Pair 5/
16
 : small-nonabelian-S3-PGL-36-12-index-6-dimension-1-representation-3 -> rank-\
at-least-15-N_72-PGL-144-186-index-2-dimension-1 (108 -> 
432) started; elapsed=1738046 ms
    status=no_embedding; method=filter; elapsed=1738046 ms
  Pair 6/
16
 : small-nonabelian-S3-PGL-36-12-index-6-dimension-1-representation-3 -> rank-\
at-least-15-A_4,3-PGL-144-189-index-2-dimension-1 (108 -> 
432) started; elapsed=1738046 ms
    status=no_embedding; method=abstract SmallGroup IDs; elapsed=1738046 ms
  Pair 7/
16
 : small-nonabelian-S3-PGL-36-12-index-6-dimension-1-representation-3 -> rank-\
at-least-15-A_5-PGL-180-19-index-3-dimension-1 (108 -> 540) started; elapsed=
1738046 ms
    status=no_embedding; method=abstract SmallGroup IDs; elapsed=1738046 ms
  Pair 8/
16
 : small-nonabelian-S3-PGL-36-12-index-6-dimension-1-representation-3 -> rank-\
at-least-15-S_3,3-PGL-216-170-index-6-dimension-1 (108 -> 
648) started; elapsed=1738046 ms
    status=embedded; method=A_strict; elapsed=1738421 ms
Candidate 22/
117: key=small-nonabelian-S3-PGL-48-4-index-8-dimension-1; dimension=1; order=
144; possible targets=5; elapsed=1738421 ms
  Pair 1/
5
 : small-nonabelian-S3-PGL-48-4-index-8-dimension-1 -> rank-at-least-15-N_72-PG\
L-144-186-index-2-dimension-1 (144 -> 432) started; elapsed=1738421 ms
    status=no_embedding; method=abstract SmallGroup IDs; elapsed=1738421 ms
  Pair 2/
5
 : small-nonabelian-S3-PGL-48-4-index-8-dimension-1 -> rank-at-least-15-A_4,3-P\
GL-144-189-index-2-dimension-1 (144 -> 432) started; elapsed=1738421 ms
    status=no_embedding; method=abstract SmallGroup IDs; elapsed=1738421 ms
  Pair 3/
5
 : small-nonabelian-S3-PGL-48-4-index-8-dimension-1 -> rank-at-least-15-S_5-PGL\
-240-0-index-2-dimension-1 (144 -> 720) started; elapsed=1738421 ms
    status=no_embedding; method=abstract SmallGroup IDs; elapsed=1738468 ms
  Pair 4/
5
 : small-nonabelian-S3-PGL-48-4-index-8-dimension-1 -> rank-at-least-15-A_4,3-P\
GL-432-745-index-6-dimension-1 (144 -> 1296) started; elapsed=1738468 ms
    status=no_embedding; method=abstract SmallGroup IDs; elapsed=1738500 ms
  Pair 5/
5
 : small-nonabelian-S3-PGL-48-4-index-8-dimension-1 -> rank-at-least-15-A_6-PGL\
-720-0-index-2-dimension-1 (144 -> 2160) started; elapsed=1738500 ms
    status=no_embedding; method=filter; elapsed=1738500 ms
Candidate 23/
117: key=rank-at-least-15-A_3,3-PGL-54-5-index-3-dimension-1; dimension=
1; order=162; possible targets=6; elapsed=1738500 ms
  Pair 1/
6
 : rank-at-least-15-A_3,3-PGL-54-5-index-3-dimension-1 -> rank-at-least-15-S_3,\
3-PGL-216-170-index-6-dimension-1 (162 -> 648) started; elapsed=1738500 ms
    status=no_embedding; method=abstract SmallGroup IDs; elapsed=1738546 ms
  Pair 2/
6
 : rank-at-least-15-A_3,3-PGL-54-5-index-3-dimension-1 -> rank-at-least-15-S_3,\
3-PGL-216-157-index-6-dimension-1 (162 -> 648) started; elapsed=1738546 ms
    status=no_embedding; method=abstract SmallGroup IDs; elapsed=1738562 ms
  Pair 3/
6
 : rank-at-least-15-A_3,3-PGL-54-5-index-3-dimension-1 -> rank-at-least-15-A_4,\
3-PGL-432-745-index-6-dimension-1 (162 -> 1296) started; elapsed=1738562 ms
    status=no_embedding; method=abstract SmallGroup IDs; elapsed=1738593 ms
  Pair 4/
6
 : rank-at-least-15-A_3,3-PGL-54-5-index-3-dimension-1 -> rank-at-least-15-3^{1\
+4}:2-PGL-1944-3493-index-4-dimension-1 (162 -> 5832) started; elapsed=
1738593 ms
    status=no_embedding; method=filter; elapsed=1738765 ms
  Pair 5/
6
 : rank-at-least-15-A_3,3-PGL-54-5-index-3-dimension-1 -> rank-at-least-15-3^{1\
+4}:2.2-PGL-1944-0-index-2-dimension-1 (162 -> 5832) started; elapsed=
1738765 ms
    status=no_embedding; method=filter; elapsed=1738765 ms
  Pair 6/
6
 : rank-at-least-15-A_3,3-PGL-54-5-index-3-dimension-1 -> rank-at-least-15-3^{1\
+4}:2-PGL-2916-0-index-6-dimension-1 (162 -> 8748) started; elapsed=1738765 ms
    status=no_embedding; method=filter; elapsed=1738765 ms
Candidate 24/
117: key=rank-at-least-15-D_12-PGL-72-30-index-6-dimension-1; dimension=
1; order=216; possible targets=10; elapsed=1738765 ms
  Pair 1/
10
 : rank-at-least-15-D_12-PGL-72-30-index-6-dimension-1 -> rank-at-least-15-N_7\
2-PGL-144-186-index-2-dimension-1 (216 -> 432) started; elapsed=1738765 ms
    status=no_embedding; method=abstract SmallGroup IDs; elapsed=1738906 ms
  Pair 2/
10
 : rank-at-least-15-D_12-PGL-72-30-index-6-dimension-1 -> rank-at-least-15-A_4\
,3-PGL-144-189-index-2-dimension-1 (216 -> 432) started; elapsed=1738906 ms
    status=no_embedding; method=abstract SmallGroup IDs; elapsed=1739031 ms
  Pair 3/
10
 : rank-at-least-15-D_12-PGL-72-30-index-6-dimension-1 -> rank-at-least-15-S_3\
,3-PGL-216-170-index-6-dimension-1 (216 -> 648) started; elapsed=1739031 ms
    status=no_embedding; method=abstract SmallGroup IDs; elapsed=1739078 ms
  Pair 4/
10
 : rank-at-least-15-D_12-PGL-72-30-index-6-dimension-1 -> rank-at-least-15-S_3\
,3-PGL-216-157-index-6-dimension-1 (216 -> 648) started; elapsed=1739078 ms
    status=no_embedding; method=abstract SmallGroup IDs; elapsed=1739718 ms
  Pair 5/
10
 : rank-at-least-15-D_12-PGL-72-30-index-6-dimension-1 -> rank-at-least-15-A_6\
-PGL-360-0-index-1-dimension-1 (216 -> 1080) started; elapsed=1739718 ms
    status=no_embedding; method=abstract SmallGroup IDs; elapsed=1739765 ms
  Pair 6/
10
 : rank-at-least-15-D_12-PGL-72-30-index-6-dimension-1 -> rank-at-least-15-A_5\
-PGL-360-119-index-6-dimension-1 (216 -> 1080) started; elapsed=1739765 ms
    status=no_embedding; method=abstract SmallGroup IDs; elapsed=1740875 ms
  Pair 7/
10
 : rank-at-least-15-D_12-PGL-72-30-index-6-dimension-1 -> rank-at-least-15-A_4\
,3-PGL-432-745-index-6-dimension-1 (216 -> 1296) started; elapsed=1740875 ms
    status=no_embedding; method=filter; elapsed=1745328 ms
  Pair 8/
10
 : rank-at-least-15-D_12-PGL-72-30-index-6-dimension-1 -> rank-at-least-15-A_6\
-PGL-720-0-index-2-dimension-1 (216 -> 2160) started; elapsed=1745328 ms
    status=no_embedding; method=filter; elapsed=1745328 ms
  Pair 9/
10
 : rank-at-least-15-D_12-PGL-72-30-index-6-dimension-1 -> rank-at-least-15-3^{\
1+4}:2-PGL-1944-3493-index-4-dimension-1 (216 -> 5832) started; elapsed=
1745328 ms
    status=no_embedding; method=filter; elapsed=1745328 ms
  Pair 10/
10
 : rank-at-least-15-D_12-PGL-72-30-index-6-dimension-1 -> rank-at-least-15-3^{\
1+4}:2.2-PGL-1944-0-index-2-dimension-1 (216 -> 5832) started; elapsed=
1745328 ms
    status=no_embedding; method=filter; elapsed=1745328 ms
Candidate 25/
117: key=small-nonabelian-S3-PGL-72-27-index-12-dimension-1; dimension=
1; order=216; possible targets=10; elapsed=1745328 ms
  Pair 1/
10
 : small-nonabelian-S3-PGL-72-27-index-12-dimension-1 -> rank-at-least-15-N_72\
-PGL-144-186-index-2-dimension-1 (216 -> 432) started; elapsed=1745328 ms
    status=no_embedding; method=abstract SmallGroup IDs; elapsed=1745375 ms
  Pair 2/
10
 : small-nonabelian-S3-PGL-72-27-index-12-dimension-1 -> rank-at-least-15-A_4,\
3-PGL-144-189-index-2-dimension-1 (216 -> 432) started; elapsed=1745375 ms
    status=no_embedding; method=abstract SmallGroup IDs; elapsed=1745437 ms
  Pair 3/
10
 : small-nonabelian-S3-PGL-72-27-index-12-dimension-1 -> rank-at-least-15-S_3,\
3-PGL-216-170-index-6-dimension-1 (216 -> 648) started; elapsed=1745437 ms
    status=no_embedding; method=abstract SmallGroup IDs; elapsed=1745468 ms
  Pair 4/
10
 : small-nonabelian-S3-PGL-72-27-index-12-dimension-1 -> rank-at-least-15-S_3,\
3-PGL-216-157-index-6-dimension-1 (216 -> 648) started; elapsed=1745468 ms
    status=no_embedding; method=abstract SmallGroup IDs; elapsed=1745640 ms
  Pair 5/
10
 : small-nonabelian-S3-PGL-72-27-index-12-dimension-1 -> rank-at-least-15-A_6-\
PGL-360-0-index-1-dimension-1 (216 -> 1080) started; elapsed=1745640 ms
    status=no_embedding; method=abstract SmallGroup IDs; elapsed=1745687 ms
  Pair 6/
10
 : small-nonabelian-S3-PGL-72-27-index-12-dimension-1 -> rank-at-least-15-A_5-\
PGL-360-119-index-6-dimension-1 (216 -> 1080) started; elapsed=1745687 ms
    status=no_embedding; method=abstract SmallGroup IDs; elapsed=1746328 ms
  Pair 7/
10
 : small-nonabelian-S3-PGL-72-27-index-12-dimension-1 -> rank-at-least-15-A_4,\
3-PGL-432-745-index-6-dimension-1 (216 -> 1296) started; elapsed=1746328 ms
    status=no_embedding; method=filter; elapsed=1748843 ms
  Pair 8/
10
 : small-nonabelian-S3-PGL-72-27-index-12-dimension-1 -> rank-at-least-15-A_6-\
PGL-720-0-index-2-dimension-1 (216 -> 2160) started; elapsed=1748843 ms
    status=no_embedding; method=filter; elapsed=1748843 ms
  Pair 9/
10
 : small-nonabelian-S3-PGL-72-27-index-12-dimension-1 -> rank-at-least-15-3^{1\
+4}:2-PGL-1944-3493-index-4-dimension-1 (216 -> 5832) started; elapsed=
1748843 ms
    status=no_embedding; method=filter; elapsed=1748843 ms
  Pair 10/
10
 : small-nonabelian-S3-PGL-72-27-index-12-dimension-1 -> rank-at-least-15-3^{1\
+4}:2.2-PGL-1944-0-index-2-dimension-1 (216 -> 5832) started; elapsed=
1748843 ms
    status=no_embedding; method=filter; elapsed=1748843 ms
Progress: sources=25/117; direct removals=13; strict=147; undecided=
0; elapsed=1748843 ms
Candidate 26/
117
 : key=small-nonabelian-S3-PGL-72-27-index-12-dimension-1-representation-2; di\
mension=1; order=216; possible targets=10; elapsed=1748843 ms
  Pair 1/
10
 : small-nonabelian-S3-PGL-72-27-index-12-dimension-1-representation-2 -> rank\
-at-least-15-N_72-PGL-144-186-index-2-dimension-1 (216 -> 
432) started; elapsed=1748843 ms
    status=no_embedding; method=abstract SmallGroup IDs; elapsed=1748843 ms
  Pair 2/
10
 : small-nonabelian-S3-PGL-72-27-index-12-dimension-1-representation-2 -> rank\
-at-least-15-A_4,3-PGL-144-189-index-2-dimension-1 (216 -> 
432) started; elapsed=1748843 ms
    status=no_embedding; method=abstract SmallGroup IDs; elapsed=1748843 ms
  Pair 3/
10
 : small-nonabelian-S3-PGL-72-27-index-12-dimension-1-representation-2 -> rank\
-at-least-15-S_3,3-PGL-216-170-index-6-dimension-1 (216 -> 
648) started; elapsed=1748843 ms
    status=no_embedding; method=abstract SmallGroup IDs; elapsed=1748843 ms
  Pair 4/
10
 : small-nonabelian-S3-PGL-72-27-index-12-dimension-1-representation-2 -> rank\
-at-least-15-S_3,3-PGL-216-157-index-6-dimension-1 (216 -> 
648) started; elapsed=1748843 ms
    status=no_embedding; method=abstract SmallGroup IDs; elapsed=1748843 ms
  Pair 5/
10
 : small-nonabelian-S3-PGL-72-27-index-12-dimension-1-representation-2 -> rank\
-at-least-15-A_6-PGL-360-0-index-1-dimension-1 (216 -> 1080) started; elapsed=
1748843 ms
    status=no_embedding; method=abstract SmallGroup IDs; elapsed=1748843 ms
  Pair 6/
10
 : small-nonabelian-S3-PGL-72-27-index-12-dimension-1-representation-2 -> rank\
-at-least-15-A_5-PGL-360-119-index-6-dimension-1 (216 -> 
1080) started; elapsed=1748843 ms
    status=no_embedding; method=abstract SmallGroup IDs; elapsed=1748843 ms
  Pair 7/
10
 : small-nonabelian-S3-PGL-72-27-index-12-dimension-1-representation-2 -> rank\
-at-least-15-A_4,3-PGL-432-745-index-6-dimension-1 (216 -> 
1296) started; elapsed=1748843 ms
    status=no_embedding; method=filter; elapsed=1748843 ms
  Pair 8/
10
 : small-nonabelian-S3-PGL-72-27-index-12-dimension-1-representation-2 -> rank\
-at-least-15-A_6-PGL-720-0-index-2-dimension-1 (216 -> 2160) started; elapsed=
1748843 ms
    status=no_embedding; method=filter; elapsed=1748843 ms
  Pair 9/
10
 : small-nonabelian-S3-PGL-72-27-index-12-dimension-1-representation-2 -> rank\
-at-least-15-3^{1+4}:2-PGL-1944-3493-index-4-dimension-1 (216 -> 
5832) started; elapsed=1748843 ms
    status=no_embedding; method=filter; elapsed=1748843 ms
  Pair 10/
10
 : small-nonabelian-S3-PGL-72-27-index-12-dimension-1-representation-2 -> rank\
-at-least-15-3^{1+4}:2.2-PGL-1944-0-index-2-dimension-1 (216 -> 
5832) started; elapsed=1748843 ms
    status=no_embedding; method=filter; elapsed=1748843 ms
Candidate 27/
117: key=rank-at-least-15-A_4,3-PGL-144-189-index-2-dimension-1; dimension=
1; order=432; possible targets=2; elapsed=1748843 ms
  Pair 1/
2
 : rank-at-least-15-A_4,3-PGL-144-189-index-2-dimension-1 -> rank-at-least-15-A\
_4,3-PGL-432-745-index-6-dimension-1 (432 -> 1296) started; elapsed=1748843 ms
    status=no_embedding; method=abstract SmallGroup IDs; elapsed=1749265 ms
  Pair 2/
2
 : rank-at-least-15-A_4,3-PGL-144-189-index-2-dimension-1 -> rank-at-least-15-A\
_6-PGL-720-0-index-2-dimension-1 (432 -> 2160) started; elapsed=1749265 ms
    status=no_embedding; method=filter; elapsed=1749484 ms
Candidate 28/
117: key=rank-at-least-15-A_5-PGL-180-19-index-3-dimension-1; dimension=
1; order=540; possible targets=3; elapsed=1749484 ms
  Pair 1/
3
 : rank-at-least-15-A_5-PGL-180-19-index-3-dimension-1 -> rank-at-least-15-A_6-\
PGL-360-0-index-1-dimension-1 (540 -> 1080) started; elapsed=1749484 ms
    status=no_embedding; method=abstract SmallGroup IDs; elapsed=1749593 ms
  Pair 2/
3
 : rank-at-least-15-A_5-PGL-180-19-index-3-dimension-1 -> rank-at-least-15-A_5-\
PGL-360-119-index-6-dimension-1 (540 -> 1080) started; elapsed=1749593 ms
    status=no_embedding; method=filter; elapsed=1750484 ms
  Pair 3/
3
 : rank-at-least-15-A_5-PGL-180-19-index-3-dimension-1 -> rank-at-least-15-A_6-\
PGL-720-0-index-2-dimension-1 (540 -> 2160) started; elapsed=1750484 ms
    status=no_embedding; method=filter; elapsed=1750484 ms
Candidate 29/
117: key=rank-at-least-15-S_3,3-PGL-216-170-index-6-dimension-1; dimension=
1; order=648; possible targets=3; elapsed=1750484 ms
  Pair 1/
3
 : rank-at-least-15-S_3,3-PGL-216-170-index-6-dimension-1 -> rank-at-least-15-A\
_4,3-PGL-432-745-index-6-dimension-1 (648 -> 1296) started; elapsed=1750484 ms
    status=no_embedding; method=abstract SmallGroup IDs; elapsed=1947875 ms
  Pair 2/
3
 : rank-at-least-15-S_3,3-PGL-216-170-index-6-dimension-1 -> rank-at-least-15-3\
^{1+4}:2-PGL-1944-3493-index-4-dimension-1 (648 -> 5832) started; elapsed=
1947875 ms
    status=no_embedding; method=filter; elapsed=1947875 ms
  Pair 3/
3
 : rank-at-least-15-S_3,3-PGL-216-170-index-6-dimension-1 -> rank-at-least-15-3\
^{1+4}:2.2-PGL-1944-0-index-2-dimension-1 (648 -> 5832) started; elapsed=
1947875 ms
    status=no_embedding; method=filter; elapsed=1947875 ms
Candidate 30/
117: key=rank-at-least-15-S_3,3-PGL-216-157-index-6-dimension-1; dimension=
1; order=648; possible targets=3; elapsed=1947875 ms
  Pair 1/
3
 : rank-at-least-15-S_3,3-PGL-216-157-index-6-dimension-1 -> rank-at-least-15-A\
_4,3-PGL-432-745-index-6-dimension-1 (648 -> 1296) started; elapsed=1947875 ms
    status=no_embedding; method=abstract SmallGroup IDs; elapsed=1952375 ms
  Pair 2/
3
 : rank-at-least-15-S_3,3-PGL-216-157-index-6-dimension-1 -> rank-at-least-15-3\
^{1+4}:2-PGL-1944-3493-index-4-dimension-1 (648 -> 5832) started; elapsed=
1952375 ms
    status=no_embedding; method=filter; elapsed=1952375 ms
  Pair 3/
3
 : rank-at-least-15-S_3,3-PGL-216-157-index-6-dimension-1 -> rank-at-least-15-3\
^{1+4}:2.2-PGL-1944-0-index-2-dimension-1 (648 -> 5832) started; elapsed=
1952375 ms
    status=no_embedding; method=filter; elapsed=1952375 ms
Progress: sources=30/117; direct removals=13; strict=158; undecided=
0; elapsed=1952375 ms
Candidate 31/
117: key=rank-at-least-15-A_5-PGL-360-119-index-6-dimension-1; dimension=
1; order=1080; possible targets=1; elapsed=1952375 ms
  Pair 1/
1
 : rank-at-least-15-A_5-PGL-360-119-index-6-dimension-1 -> rank-at-least-15-A_6\
-PGL-720-0-index-2-dimension-1 (1080 -> 2160) started; elapsed=1952375 ms
    status=no_embedding; method=filter; elapsed=1952375 ms
Candidate 32/
117: key=rank-at-least-15-A_4,3-PGL-432-745-index-6-dimension-1; dimension=
1; order=1296; possible targets=0; elapsed=1952375 ms
Candidate 33/
117: key=liftable-abelian-C4-PGL-8-2-index-2-dimension-2; dimension=2; order=
24; possible targets=20; elapsed=1952375 ms
  Pair 1/
20
 : liftable-abelian-C4-PGL-8-2-index-2-dimension-2 -> rank-at-least-15-QD_16-P\
GL-16-0-index-1-dimension-2 (24 -> 48) started; elapsed=1952375 ms
    status=no_embedding; method=abstract SmallGroup IDs; elapsed=1952390 ms
  Pair 2/
20
 : liftable-abelian-C4-PGL-8-2-index-2-dimension-2 -> rank-at-least-15-D_8-PGL\
-16-7-index-2-dimension-2 (24 -> 48) started; elapsed=1952390 ms
    status=no_embedding; method=abstract SmallGroup IDs; elapsed=1952406 ms
  Pair 3/
20
 : liftable-abelian-C4-PGL-8-2-index-2-dimension-2 -> rank-at-least-15-Q_8-PGL\
-16-13-index-2-dimension-2 (24 -> 48) started; elapsed=1952406 ms
    status=embedded; method=A_strict; elapsed=1953109 ms
Candidate 34/
117: key=nonliftable-abelian-C3-PGL-9-2-index-3-dimension-2; dimension=
2; order=27; possible targets=20; elapsed=1953109 ms
  Pair 1/
20
 : nonliftable-abelian-C3-PGL-9-2-index-3-dimension-2 -> liftable-abelian-C3-P\
GL-18-5-index-6-dimension-2 (27 -> 54) started; elapsed=1953109 ms
    status=no_embedding; method=abstract SmallGroup IDs; elapsed=1953109 ms
  Pair 2/
20
 : nonliftable-abelian-C3-PGL-9-2-index-3-dimension-2 -> small-nonabelian-C3-P\
GL-18-3-index-6-dimension-2 (27 -> 54) started; elapsed=1953109 ms
    status=no_embedding; method=abstract SmallGroup IDs; elapsed=1953109 ms
  Pair 3/
20
 : nonliftable-abelian-C3-PGL-9-2-index-3-dimension-2 -> small-nonabelian-S3-P\
GL-18-3-index-3-dimension-2 (27 -> 54) started; elapsed=1953109 ms
    status=no_embedding; method=abstract SmallGroup IDs; elapsed=1953109 ms
  Pair 4/
20
 : nonliftable-abelian-C3-PGL-9-2-index-3-dimension-2 -> small-nonabelian-S3-P\
GL-18-3-index-3-dimension-2-representation-2 (27 -> 54) started; elapsed=
1953109 ms
    status=no_embedding; method=abstract SmallGroup IDs; elapsed=1953109 ms
  Pair 5/
20
 : nonliftable-abelian-C3-PGL-9-2-index-3-dimension-2 -> rank-at-least-15-3^2.\
4-PGL-36-0-index-1-dimension-2 (27 -> 108) started; elapsed=1953109 ms
    status=no_embedding; method=abstract SmallGroup IDs; elapsed=1953109 ms
  Pair 6/
20
 : nonliftable-abelian-C3-PGL-9-2-index-3-dimension-2 -> rank-at-least-15-A_4-\
PGL-36-11-index-3-dimension-2 (27 -> 108) started; elapsed=1953109 ms
    status=no_embedding; method=abstract SmallGroup IDs; elapsed=1953125 ms
  Pair 7/
20
 : nonliftable-abelian-C3-PGL-9-2-index-3-dimension-2 -> rank-at-least-15-D_12\
-PGL-36-12-index-3-dimension-2 (27 -> 108) started; elapsed=1953125 ms
    status=no_embedding; method=abstract SmallGroup IDs; elapsed=1953125 ms
  Pair 8/
20
 : nonliftable-abelian-C3-PGL-9-2-index-3-dimension-2 -> rank-at-least-15-A_3,\
3-PGL-36-13-index-2-dimension-2 (27 -> 108) started; elapsed=1953125 ms
    status=no_embedding; method=abstract SmallGroup IDs; elapsed=1953125 ms
  Pair 9/
20
 : nonliftable-abelian-C3-PGL-9-2-index-3-dimension-2 -> small-nonabelian-S3-P\
GL-36-12-index-6-dimension-2 (27 -> 108) started; elapsed=1953125 ms
    status=no_embedding; method=abstract SmallGroup IDs; elapsed=1953125 ms
  Pair 10/
20
 : nonliftable-abelian-C3-PGL-9-2-index-3-dimension-2 -> small-nonabelian-S3-P\
GL-36-12-index-6-dimension-2-representation-2 (27 -> 108) started; elapsed=
1953125 ms
    status=no_embedding; method=abstract SmallGroup IDs; elapsed=1953125 ms
  Pair 11/
20
 : nonliftable-abelian-C3-PGL-9-2-index-3-dimension-2 -> rank-at-least-15-S_3,\
3-PGL-72-46-index-2-dimension-2 (27 -> 216) started; elapsed=1953125 ms
    status=no_embedding; method=abstract SmallGroup IDs; elapsed=1953125 ms
  Pair 12/
20
 : nonliftable-abelian-C3-PGL-9-2-index-3-dimension-2 -> rank-at-least-15-S_3,\
3-PGL-72-40-index-2-dimension-2 (27 -> 216) started; elapsed=1953125 ms
    status=no_embedding; method=abstract SmallGroup IDs; elapsed=1953125 ms
  Pair 13/
20
 : nonliftable-abelian-C3-PGL-9-2-index-3-dimension-2 -> rank-at-least-15-3^2.\
4-PGL-72-40-index-2-dimension-2 (27 -> 216) started; elapsed=1953125 ms
    status=no_embedding; method=abstract SmallGroup IDs; elapsed=1953125 ms
  Pair 14/
20
 : nonliftable-abelian-C3-PGL-9-2-index-3-dimension-2 -> rank-at-least-15-A_4,\
3-PGL-72-43-index-1-dimension-2 (27 -> 216) started; elapsed=1953125 ms
    status=no_embedding; method=abstract SmallGroup IDs; elapsed=1953125 ms
  Pair 15/
20
 : nonliftable-abelian-C3-PGL-9-2-index-3-dimension-2 -> rank-at-least-15-A_4-\
PGL-72-42-index-6-dimension-2 (27 -> 216) started; elapsed=1953125 ms
    status=no_embedding; method=abstract SmallGroup IDs; elapsed=1953125 ms
  Pair 16/
20
 : nonliftable-abelian-C3-PGL-9-2-index-3-dimension-2 -> rank-at-least-15-D_12\
-PGL-72-48-index-6-dimension-2 (27 -> 216) started; elapsed=1953125 ms
    status=no_embedding; method=abstract SmallGroup IDs; elapsed=1953125 ms
  Pair 17/
20
 : nonliftable-abelian-C3-PGL-9-2-index-3-dimension-2 -> rank-at-least-15-A_3,\
3-PGL-108-38-index-6-dimension-2 (27 -> 324) started; elapsed=1953125 ms
    status=no_embedding; method=abstract SmallGroup IDs; elapsed=1953140 ms
  Pair 18/
20
 : nonliftable-abelian-C3-PGL-9-2-index-3-dimension-2 -> rank-at-least-15-A_3,\
3-PGL-108-38-index-6-dimension-2-representation-2 (27 -> 
324) started; elapsed=1953140 ms
    status=no_embedding; method=abstract SmallGroup IDs; elapsed=1953140 ms
  Pair 19/
20
 : nonliftable-abelian-C3-PGL-9-2-index-3-dimension-2 -> rank-at-least-15-A_4,\
3-PGL-144-0-index-2-dimension-2 (27 -> 432) started; elapsed=1953140 ms
    status=no_embedding; method=abstract SmallGroup IDs; elapsed=1953140 ms
  Pair 20/
20
 : nonliftable-abelian-C3-PGL-9-2-index-3-dimension-2 -> rank-at-least-15-3^{1\
+4}:2-PGL-972-0-index-2-dimension-2 (27 -> 2916) started; elapsed=1953140 ms
    status=no_embedding; method=filter; elapsed=1953953 ms
Candidate 35/
117: key=liftable-abelian-1-PGL-12-2-index-12-dimension-2; dimension=2; order=
36; possible targets=24; elapsed=1953953 ms
  Pair 1/
24
 : liftable-abelian-1-PGL-12-2-index-12-dimension-2 -> rank-at-least-15-D_12-P\
GL-24-14-index-2-dimension-2 (36 -> 72) started; elapsed=1953953 ms
    status=no_embedding; method=abstract SmallGroup IDs; elapsed=1953968 ms
  Pair 2/
24
 : liftable-abelian-1-PGL-12-2-index-12-dimension-2 -> rank-at-least-15-D_12-P\
GL-24-8-index-2-dimension-2 (36 -> 72) started; elapsed=1953968 ms
    status=no_embedding; method=abstract SmallGroup IDs; elapsed=1953984 ms
  Pair 3/
24
 : liftable-abelian-1-PGL-12-2-index-12-dimension-2 -> liftable-abelian-C2-PGL\
-24-9-index-12-dimension-2 (36 -> 72) started; elapsed=1953984 ms
    status=no_embedding; method=filter; elapsed=1954500 ms
  Pair 4/
24
 : liftable-abelian-1-PGL-12-2-index-12-dimension-2 -> small-nonabelian-C2^2-P\
GL-24-13-index-6-dimension-2 (36 -> 72) started; elapsed=1954500 ms
    status=no_embedding; method=abstract SmallGroup IDs; elapsed=1954500 ms
  Pair 5/
24
 : liftable-abelian-1-PGL-12-2-index-12-dimension-2 -> small-nonabelian-C2^2-P\
GL-24-13-index-6-dimension-2-representation-2 (36 -> 72) started; elapsed=
1954500 ms
    status=no_embedding; method=abstract SmallGroup IDs; elapsed=1954515 ms
  Pair 6/
24
 : liftable-abelian-1-PGL-12-2-index-12-dimension-2 -> rank-at-least-15-3^2.4-\
PGL-36-0-index-1-dimension-2 (36 -> 108) started; elapsed=1954515 ms
    status=no_embedding; method=abstract SmallGroup IDs; elapsed=1954531 ms
  Pair 7/
24
 : liftable-abelian-1-PGL-12-2-index-12-dimension-2 -> rank-at-least-15-A_4-PG\
L-36-11-index-3-dimension-2 (36 -> 108) started; elapsed=1954531 ms
    status=no_embedding; method=abstract SmallGroup IDs; elapsed=1954531 ms
  Pair 8/
24
 : liftable-abelian-1-PGL-12-2-index-12-dimension-2 -> rank-at-least-15-D_12-P\
GL-36-12-index-3-dimension-2 (36 -> 108) started; elapsed=1954531 ms
    status=no_embedding; method=abstract SmallGroup IDs; elapsed=1954546 ms
  Pair 9/
24
 : liftable-abelian-1-PGL-12-2-index-12-dimension-2 -> rank-at-least-15-A_3,3-\
PGL-36-13-index-2-dimension-2 (36 -> 108) started; elapsed=1954546 ms
    status=no_embedding; method=abstract SmallGroup IDs; elapsed=1954546 ms
  Pair 10/
24
 : liftable-abelian-1-PGL-12-2-index-12-dimension-2 -> small-nonabelian-S3-PGL\
-36-12-index-6-dimension-2 (36 -> 108) started; elapsed=1954546 ms
    status=no_embedding; method=abstract SmallGroup IDs; elapsed=1954546 ms
  Pair 11/
24
 : liftable-abelian-1-PGL-12-2-index-12-dimension-2 -> small-nonabelian-S3-PGL\
-36-12-index-6-dimension-2-representation-2 (36 -> 108) started; elapsed=
1954546 ms
    status=no_embedding; method=abstract SmallGroup IDs; elapsed=1954546 ms
  Pair 12/
24
 : liftable-abelian-1-PGL-12-2-index-12-dimension-2 -> rank-at-least-15-S_4-PG\
L-48-48-index-2-dimension-2 (36 -> 144) started; elapsed=1954546 ms
    status=no_embedding; method=abstract SmallGroup IDs; elapsed=1954578 ms
  Pair 13/
24
 : liftable-abelian-1-PGL-12-2-index-12-dimension-2 -> rank-at-least-15-A_5-PG\
L-60-0-index-1-dimension-2 (36 -> 180) started; elapsed=1954578 ms
    status=no_embedding; method=abstract SmallGroup IDs; elapsed=1954578 ms
  Pair 14/
24
 : liftable-abelian-1-PGL-12-2-index-12-dimension-2 -> rank-at-least-15-S_3,3-\
PGL-72-46-index-2-dimension-2 (36 -> 216) started; elapsed=1954578 ms
    status=no_embedding; method=abstract SmallGroup IDs; elapsed=1954578 ms
  Pair 15/
24
 : liftable-abelian-1-PGL-12-2-index-12-dimension-2 -> rank-at-least-15-S_3,3-\
PGL-72-40-index-2-dimension-2 (36 -> 216) started; elapsed=1954578 ms
    status=no_embedding; method=abstract SmallGroup IDs; elapsed=1954609 ms
  Pair 16/
24
 : liftable-abelian-1-PGL-12-2-index-12-dimension-2 -> rank-at-least-15-3^2.4-\
PGL-72-40-index-2-dimension-2 (36 -> 216) started; elapsed=1954609 ms
    status=no_embedding; method=abstract SmallGroup IDs; elapsed=1954609 ms
  Pair 17/
24
 : liftable-abelian-1-PGL-12-2-index-12-dimension-2 -> rank-at-least-15-A_4,3-\
PGL-72-43-index-1-dimension-2 (36 -> 216) started; elapsed=1954609 ms
    status=no_embedding; method=abstract SmallGroup IDs; elapsed=1954640 ms
  Pair 18/
24
 : liftable-abelian-1-PGL-12-2-index-12-dimension-2 -> rank-at-least-15-A_4-PG\
L-72-42-index-6-dimension-2 (36 -> 216) started; elapsed=1954640 ms
    status=no_embedding; method=filter; elapsed=1955046 ms
  Pair 19/
24
 : liftable-abelian-1-PGL-12-2-index-12-dimension-2 -> rank-at-least-15-D_12-P\
GL-72-48-index-6-dimension-2 (36 -> 216) started; elapsed=1955046 ms
    status=no_embedding; method=abstract SmallGroup IDs; elapsed=1955046 ms
  Pair 20/
24
 : liftable-abelian-1-PGL-12-2-index-12-dimension-2 -> rank-at-least-15-A_3,3-\
PGL-108-38-index-6-dimension-2 (36 -> 324) started; elapsed=1955046 ms
    status=no_embedding; method=abstract SmallGroup IDs; elapsed=1955062 ms
  Pair 21/
24
 : liftable-abelian-1-PGL-12-2-index-12-dimension-2 -> rank-at-least-15-A_3,3-\
PGL-108-38-index-6-dimension-2-representation-2 (36 -> 324) started; elapsed=
1955062 ms
    status=no_embedding; method=abstract SmallGroup IDs; elapsed=1955062 ms
  Pair 22/
24
 : liftable-abelian-1-PGL-12-2-index-12-dimension-2 -> rank-at-least-15-A_5-PG\
L-120-0-index-2-dimension-2 (36 -> 360) started; elapsed=1955062 ms
    status=no_embedding; method=abstract SmallGroup IDs; elapsed=1955078 ms
  Pair 23/
24
 : liftable-abelian-1-PGL-12-2-index-12-dimension-2 -> rank-at-least-15-A_4,3-\
PGL-144-0-index-2-dimension-2 (36 -> 432) started; elapsed=1955078 ms
    status=no_embedding; method=filter; elapsed=1955546 ms
  Pair 24/
24
 : liftable-abelian-1-PGL-12-2-index-12-dimension-2 -> rank-at-least-15-3^{1+4\
}:2-PGL-972-0-index-2-dimension-2 (36 -> 2916) started; elapsed=1955546 ms
    status=no_embedding; method=filter; elapsed=1955546 ms
Progress: sources=35/117; direct removals=14; strict=165; undecided=
0; elapsed=1955546 ms
Candidate 36/
117
 : key=liftable-abelian-1-PGL-12-2-index-12-dimension-2-representation-2; dime\
nsion=2; order=36; possible targets=24; elapsed=1955546 ms
  Pair 1/
24
 : liftable-abelian-1-PGL-12-2-index-12-dimension-2-representation-2 -> rank-a\
t-least-15-D_12-PGL-24-14-index-2-dimension-2 (36 -> 72) started; elapsed=
1955546 ms
    status=no_embedding; method=abstract SmallGroup IDs; elapsed=1955546 ms
  Pair 2/
24
 : liftable-abelian-1-PGL-12-2-index-12-dimension-2-representation-2 -> rank-a\
t-least-15-D_12-PGL-24-8-index-2-dimension-2 (36 -> 72) started; elapsed=
1955546 ms
    status=no_embedding; method=abstract SmallGroup IDs; elapsed=1955546 ms
  Pair 3/
24
 : liftable-abelian-1-PGL-12-2-index-12-dimension-2-representation-2 -> liftab\
le-abelian-C2-PGL-24-9-index-12-dimension-2 (36 -> 72) started; elapsed=
1955546 ms
    status=no_embedding; method=filter; elapsed=1955546 ms
  Pair 4/
24
 : liftable-abelian-1-PGL-12-2-index-12-dimension-2-representation-2 -> small-\
nonabelian-C2^2-PGL-24-13-index-6-dimension-2 (36 -> 72) started; elapsed=
1955546 ms
    status=no_embedding; method=abstract SmallGroup IDs; elapsed=1955546 ms
  Pair 5/
24
 : liftable-abelian-1-PGL-12-2-index-12-dimension-2-representation-2 -> small-\
nonabelian-C2^2-PGL-24-13-index-6-dimension-2-representation-2 (36 -> 
72) started; elapsed=1955546 ms
    status=no_embedding; method=abstract SmallGroup IDs; elapsed=1955546 ms
  Pair 6/
24
 : liftable-abelian-1-PGL-12-2-index-12-dimension-2-representation-2 -> rank-a\
t-least-15-3^2.4-PGL-36-0-index-1-dimension-2 (36 -> 108) started; elapsed=
1955546 ms
    status=no_embedding; method=abstract SmallGroup IDs; elapsed=1955546 ms
  Pair 7/
24
 : liftable-abelian-1-PGL-12-2-index-12-dimension-2-representation-2 -> rank-a\
t-least-15-A_4-PGL-36-11-index-3-dimension-2 (36 -> 108) started; elapsed=
1955546 ms
    status=no_embedding; method=abstract SmallGroup IDs; elapsed=1955546 ms
  Pair 8/
24
 : liftable-abelian-1-PGL-12-2-index-12-dimension-2-representation-2 -> rank-a\
t-least-15-D_12-PGL-36-12-index-3-dimension-2 (36 -> 108) started; elapsed=
1955546 ms
    status=no_embedding; method=abstract SmallGroup IDs; elapsed=1955546 ms
  Pair 9/
24
 : liftable-abelian-1-PGL-12-2-index-12-dimension-2-representation-2 -> rank-a\
t-least-15-A_3,3-PGL-36-13-index-2-dimension-2 (36 -> 108) started; elapsed=
1955546 ms
    status=no_embedding; method=abstract SmallGroup IDs; elapsed=1955546 ms
  Pair 10/
24
 : liftable-abelian-1-PGL-12-2-index-12-dimension-2-representation-2 -> small-\
nonabelian-S3-PGL-36-12-index-6-dimension-2 (36 -> 108) started; elapsed=
1955546 ms
    status=no_embedding; method=abstract SmallGroup IDs; elapsed=1955562 ms
  Pair 11/
24
 : liftable-abelian-1-PGL-12-2-index-12-dimension-2-representation-2 -> small-\
nonabelian-S3-PGL-36-12-index-6-dimension-2-representation-2 (36 -> 
108) started; elapsed=1955562 ms
    status=no_embedding; method=abstract SmallGroup IDs; elapsed=1955562 ms
  Pair 12/
24
 : liftable-abelian-1-PGL-12-2-index-12-dimension-2-representation-2 -> rank-a\
t-least-15-S_4-PGL-48-48-index-2-dimension-2 (36 -> 144) started; elapsed=
1955562 ms
    status=no_embedding; method=abstract SmallGroup IDs; elapsed=1955562 ms
  Pair 13/
24
 : liftable-abelian-1-PGL-12-2-index-12-dimension-2-representation-2 -> rank-a\
t-least-15-A_5-PGL-60-0-index-1-dimension-2 (36 -> 180) started; elapsed=
1955562 ms
    status=no_embedding; method=abstract SmallGroup IDs; elapsed=1955562 ms
  Pair 14/
24
 : liftable-abelian-1-PGL-12-2-index-12-dimension-2-representation-2 -> rank-a\
t-least-15-S_3,3-PGL-72-46-index-2-dimension-2 (36 -> 216) started; elapsed=
1955562 ms
    status=no_embedding; method=abstract SmallGroup IDs; elapsed=1955562 ms
  Pair 15/
24
 : liftable-abelian-1-PGL-12-2-index-12-dimension-2-representation-2 -> rank-a\
t-least-15-S_3,3-PGL-72-40-index-2-dimension-2 (36 -> 216) started; elapsed=
1955562 ms
    status=no_embedding; method=abstract SmallGroup IDs; elapsed=1955562 ms
  Pair 16/
24
 : liftable-abelian-1-PGL-12-2-index-12-dimension-2-representation-2 -> rank-a\
t-least-15-3^2.4-PGL-72-40-index-2-dimension-2 (36 -> 216) started; elapsed=
1955562 ms
    status=no_embedding; method=abstract SmallGroup IDs; elapsed=1955562 ms
  Pair 17/
24
 : liftable-abelian-1-PGL-12-2-index-12-dimension-2-representation-2 -> rank-a\
t-least-15-A_4,3-PGL-72-43-index-1-dimension-2 (36 -> 216) started; elapsed=
1955562 ms
    status=no_embedding; method=abstract SmallGroup IDs; elapsed=1955562 ms
  Pair 18/
24
 : liftable-abelian-1-PGL-12-2-index-12-dimension-2-representation-2 -> rank-a\
t-least-15-A_4-PGL-72-42-index-6-dimension-2 (36 -> 216) started; elapsed=
1955562 ms
    status=no_embedding; method=filter; elapsed=1955562 ms
  Pair 19/
24
 : liftable-abelian-1-PGL-12-2-index-12-dimension-2-representation-2 -> rank-a\
t-least-15-D_12-PGL-72-48-index-6-dimension-2 (36 -> 216) started; elapsed=
1955562 ms
    status=no_embedding; method=abstract SmallGroup IDs; elapsed=1955562 ms
  Pair 20/
24
 : liftable-abelian-1-PGL-12-2-index-12-dimension-2-representation-2 -> rank-a\
t-least-15-A_3,3-PGL-108-38-index-6-dimension-2 (36 -> 324) started; elapsed=
1955562 ms
    status=no_embedding; method=abstract SmallGroup IDs; elapsed=1955562 ms
  Pair 21/
24
 : liftable-abelian-1-PGL-12-2-index-12-dimension-2-representation-2 -> rank-a\
t-least-15-A_3,3-PGL-108-38-index-6-dimension-2-representation-2 (36 -> 
324) started; elapsed=1955562 ms
    status=no_embedding; method=abstract SmallGroup IDs; elapsed=1955562 ms
  Pair 22/
24
 : liftable-abelian-1-PGL-12-2-index-12-dimension-2-representation-2 -> rank-a\
t-least-15-A_5-PGL-120-0-index-2-dimension-2 (36 -> 360) started; elapsed=
1955562 ms
    status=no_embedding; method=abstract SmallGroup IDs; elapsed=1955562 ms
  Pair 23/
24
 : liftable-abelian-1-PGL-12-2-index-12-dimension-2-representation-2 -> rank-a\
t-least-15-A_4,3-PGL-144-0-index-2-dimension-2 (36 -> 432) started; elapsed=
1955562 ms
    status=no_embedding; method=filter; elapsed=1955562 ms
  Pair 24/
24
 : liftable-abelian-1-PGL-12-2-index-12-dimension-2-representation-2 -> rank-a\
t-least-15-3^{1+4}:2-PGL-972-0-index-2-dimension-2 (36 -> 
2916) started; elapsed=1955562 ms
    status=no_embedding; method=filter; elapsed=1955562 ms
Candidate 37/
117: key=small-nonabelian-C2^2-PGL-12-3-index-3-dimension-2; dimension=
2; order=36; possible targets=24; elapsed=1955562 ms
  Pair 1/
24
 : small-nonabelian-C2^2-PGL-12-3-index-3-dimension-2 -> rank-at-least-15-D_12\
-PGL-24-14-index-2-dimension-2 (36 -> 72) started; elapsed=1955562 ms
    status=no_embedding; method=abstract SmallGroup IDs; elapsed=1955562 ms
  Pair 2/
24
 : small-nonabelian-C2^2-PGL-12-3-index-3-dimension-2 -> rank-at-least-15-D_12\
-PGL-24-8-index-2-dimension-2 (36 -> 72) started; elapsed=1955562 ms
    status=no_embedding; method=abstract SmallGroup IDs; elapsed=1955562 ms
  Pair 3/
24
 : small-nonabelian-C2^2-PGL-12-3-index-3-dimension-2 -> liftable-abelian-C2-P\
GL-24-9-index-12-dimension-2 (36 -> 72) started; elapsed=1955562 ms
    status=no_embedding; method=abstract SmallGroup IDs; elapsed=1955562 ms
  Pair 4/
24
 : small-nonabelian-C2^2-PGL-12-3-index-3-dimension-2 -> small-nonabelian-C2^2\
-PGL-24-13-index-6-dimension-2 (36 -> 72) started; elapsed=1955562 ms
    status=no_embedding; method=abstract SmallGroup IDs; elapsed=1955562 ms
  Pair 5/
24
 : small-nonabelian-C2^2-PGL-12-3-index-3-dimension-2 -> small-nonabelian-C2^2\
-PGL-24-13-index-6-dimension-2-representation-2 (36 -> 72) started; elapsed=
1955562 ms
    status=embedded; method=A_strict; elapsed=1956828 ms
Candidate 38/
117: key=rank-at-least-15-D_8-PGL-16-7-index-2-dimension-2; dimension=
2; order=48; possible targets=2; elapsed=1956828 ms
  Pair 1/
2
 : rank-at-least-15-D_8-PGL-16-7-index-2-dimension-2 -> rank-at-least-15-S_4-PG\
L-48-48-index-2-dimension-2 (48 -> 144) started; elapsed=1956828 ms
    status=no_embedding; method=abstract SmallGroup IDs; elapsed=1956828 ms
  Pair 2/
2
 : rank-at-least-15-D_8-PGL-16-7-index-2-dimension-2 -> rank-at-least-15-A_4,3-\
PGL-144-0-index-2-dimension-2 (48 -> 432) started; elapsed=1956828 ms
    status=no_embedding; method=abstract SmallGroup IDs; elapsed=1956828 ms
Candidate 39/
117: key=rank-at-least-15-Q_8-PGL-16-13-index-2-dimension-2; dimension=
2; order=48; possible targets=2; elapsed=1956828 ms
  Pair 1/
2
 : rank-at-least-15-Q_8-PGL-16-13-index-2-dimension-2 -> rank-at-least-15-S_4-P\
GL-48-48-index-2-dimension-2 (48 -> 144) started; elapsed=1956828 ms
    status=no_embedding; method=abstract SmallGroup IDs; elapsed=1956937 ms
  Pair 2/
2
 : rank-at-least-15-Q_8-PGL-16-13-index-2-dimension-2 -> rank-at-least-15-A_4,3\
-PGL-144-0-index-2-dimension-2 (48 -> 432) started; elapsed=1956937 ms
    status=no_embedding; method=abstract SmallGroup IDs; elapsed=1957281 ms
Candidate 40/
117: key=liftable-abelian-C4-PGL-16-2-index-4-dimension-2; dimension=2; order=
48; possible targets=2; elapsed=1957281 ms
  Pair 1/
2
 : liftable-abelian-C4-PGL-16-2-index-4-dimension-2 -> rank-at-least-15-S_4-PGL\
-48-48-index-2-dimension-2 (48 -> 144) started; elapsed=1957281 ms
    status=no_embedding; method=abstract SmallGroup IDs; elapsed=1957312 ms
  Pair 2/
2
 : liftable-abelian-C4-PGL-16-2-index-4-dimension-2 -> rank-at-least-15-A_4,3-P\
GL-144-0-index-2-dimension-2 (48 -> 432) started; elapsed=1957312 ms
    status=no_embedding; method=abstract SmallGroup IDs; elapsed=1957343 ms
Progress: sources=40/117; direct removals=15; strict=170; undecided=
0; elapsed=1957343 ms
Candidate 41/
117: key=liftable-abelian-C2-PGL-16-5-index-8-dimension-2; dimension=2; order=
48; possible targets=2; elapsed=1957343 ms
  Pair 1/
2
 : liftable-abelian-C2-PGL-16-5-index-8-dimension-2 -> rank-at-least-15-S_4-PGL\
-48-48-index-2-dimension-2 (48 -> 144) started; elapsed=1957343 ms
    status=no_embedding; method=abstract SmallGroup IDs; elapsed=1957343 ms
  Pair 2/
2
 : liftable-abelian-C2-PGL-16-5-index-8-dimension-2 -> rank-at-least-15-A_4,3-P\
GL-144-0-index-2-dimension-2 (48 -> 432) started; elapsed=1957343 ms
    status=no_embedding; method=abstract SmallGroup IDs; elapsed=1957359 ms
Candidate 42/
117: key=small-nonabelian-C4-PGL-16-6-index-4-dimension-2; dimension=2; order=
48; possible targets=2; elapsed=1957359 ms
  Pair 1/
2
 : small-nonabelian-C4-PGL-16-6-index-4-dimension-2 -> rank-at-least-15-S_4-PGL\
-48-48-index-2-dimension-2 (48 -> 144) started; elapsed=1957359 ms
    status=no_embedding; method=abstract SmallGroup IDs; elapsed=1957359 ms
  Pair 2/
2
 : small-nonabelian-C4-PGL-16-6-index-4-dimension-2 -> rank-at-least-15-A_4,3-P\
GL-144-0-index-2-dimension-2 (48 -> 432) started; elapsed=1957359 ms
    status=no_embedding; method=abstract SmallGroup IDs; elapsed=1957359 ms
Candidate 43/
117: key=liftable-abelian-C3-PGL-18-5-index-6-dimension-2; dimension=2; order=
54; possible targets=16; elapsed=1957359 ms
  Pair 1/
16
 : liftable-abelian-C3-PGL-18-5-index-6-dimension-2 -> rank-at-least-15-3^2.4-\
PGL-36-0-index-1-dimension-2 (54 -> 108) started; elapsed=1957359 ms
    status=no_embedding; method=abstract SmallGroup IDs; elapsed=1957421 ms
  Pair 2/
16
 : liftable-abelian-C3-PGL-18-5-index-6-dimension-2 -> rank-at-least-15-A_4-PG\
L-36-11-index-3-dimension-2 (54 -> 108) started; elapsed=1957421 ms
    status=no_embedding; method=abstract SmallGroup IDs; elapsed=1958984 ms
  Pair 3/
16
 : liftable-abelian-C3-PGL-18-5-index-6-dimension-2 -> rank-at-least-15-D_12-P\
GL-36-12-index-3-dimension-2 (54 -> 108) started; elapsed=1958984 ms
    status=no_embedding; method=filter; elapsed=1984234 ms
  Pair 4/
16
 : liftable-abelian-C3-PGL-18-5-index-6-dimension-2 -> rank-at-least-15-A_3,3-\
PGL-36-13-index-2-dimension-2 (54 -> 108) started; elapsed=1984234 ms
    status=no_embedding; method=abstract SmallGroup IDs; elapsed=1985343 ms
  Pair 5/
16
 : liftable-abelian-C3-PGL-18-5-index-6-dimension-2 -> small-nonabelian-S3-PGL\
-36-12-index-6-dimension-2 (54 -> 108) started; elapsed=1985343 ms
    status=no_embedding; method=filter; elapsed=1985343 ms
  Pair 6/
16
 : liftable-abelian-C3-PGL-18-5-index-6-dimension-2 -> small-nonabelian-S3-PGL\
-36-12-index-6-dimension-2-representation-2 (54 -> 108) started; elapsed=
1985343 ms
    status=no_embedding; method=filter; elapsed=1985343 ms
  Pair 7/
16
 : liftable-abelian-C3-PGL-18-5-index-6-dimension-2 -> rank-at-least-15-S_3,3-\
PGL-72-46-index-2-dimension-2 (54 -> 216) started; elapsed=1985343 ms
    status=no_embedding; method=filter; elapsed=2000546 ms
  Pair 8/
16
 : liftable-abelian-C3-PGL-18-5-index-6-dimension-2 -> rank-at-least-15-S_3,3-\
PGL-72-40-index-2-dimension-2 (54 -> 216) started; elapsed=2000546 ms
    status=no_embedding; method=abstract SmallGroup IDs; elapsed=2002546 ms
  Pair 9/
16
 : liftable-abelian-C3-PGL-18-5-index-6-dimension-2 -> rank-at-least-15-3^2.4-\
PGL-72-40-index-2-dimension-2 (54 -> 216) started; elapsed=2002546 ms
    status=no_embedding; method=abstract SmallGroup IDs; elapsed=2002546 ms
  Pair 10/
16
 : liftable-abelian-C3-PGL-18-5-index-6-dimension-2 -> rank-at-least-15-A_4,3-\
PGL-72-43-index-1-dimension-2 (54 -> 216) started; elapsed=2002546 ms
#I  The group tested requires many generators. `IsomorphicSubgroups' often
#I  does not perform well for such groups -- see the documentation.
    status=no_embedding; method=abstract SmallGroup IDs; elapsed=2004234 ms
  Pair 11/
16
 : liftable-abelian-C3-PGL-18-5-index-6-dimension-2 -> rank-at-least-15-A_4-PG\
L-72-42-index-6-dimension-2 (54 -> 216) started; elapsed=2004234 ms
#I  The group tested requires many generators. `IsomorphicSubgroups' often
#I  does not perform well for such groups -- see the documentation.
    status=no_embedding; method=abstract SmallGroup IDs; elapsed=2017468 ms
  Pair 12/
16
 : liftable-abelian-C3-PGL-18-5-index-6-dimension-2 -> rank-at-least-15-D_12-P\
GL-72-48-index-6-dimension-2 (54 -> 216) started; elapsed=2017468 ms
    status=no_embedding; method=filter; elapsed=2104125 ms
  Pair 13/
16
 : liftable-abelian-C3-PGL-18-5-index-6-dimension-2 -> rank-at-least-15-A_3,3-\
PGL-108-38-index-6-dimension-2 (54 -> 324) started; elapsed=2104125 ms
#I  The group tested requires many generators. `IsomorphicSubgroups' often
#I  does not perform well for such groups -- see the documentation.
    status=no_embedding; method=filter; elapsed=2328875 ms
  Pair 14/
16
 : liftable-abelian-C3-PGL-18-5-index-6-dimension-2 -> rank-at-least-15-A_3,3-\
PGL-108-38-index-6-dimension-2-representation-2 (54 -> 324) started; elapsed=
2328875 ms
    status=no_embedding; method=filter; elapsed=2328875 ms
  Pair 15/
16
 : liftable-abelian-C3-PGL-18-5-index-6-dimension-2 -> rank-at-least-15-A_4,3-\
PGL-144-0-index-2-dimension-2 (54 -> 432) started; elapsed=2328875 ms
#I  The group tested requires many generators. `IsomorphicSubgroups' often
#I  does not perform well for such groups -- see the documentation.
    status=no_embedding; method=abstract SmallGroup IDs; elapsed=2337593 ms
  Pair 16/
16
 : liftable-abelian-C3-PGL-18-5-index-6-dimension-2 -> rank-at-least-15-3^{1+4\
}:2-PGL-972-0-index-2-dimension-2 (54 -> 2916) started; elapsed=2337593 ms
    status=no_embedding; method=filter; elapsed=2337640 ms
Candidate 44/
117: key=small-nonabelian-C3-PGL-18-3-index-6-dimension-2; dimension=2; order=
54; possible targets=16; elapsed=2337640 ms
  Pair 1/
16
 : small-nonabelian-C3-PGL-18-3-index-6-dimension-2 -> rank-at-least-15-3^2.4-\
PGL-36-0-index-1-dimension-2 (54 -> 108) started; elapsed=2337640 ms
    status=no_embedding; method=abstract SmallGroup IDs; elapsed=2337656 ms
  Pair 2/
16
 : small-nonabelian-C3-PGL-18-3-index-6-dimension-2 -> rank-at-least-15-A_4-PG\
L-36-11-index-3-dimension-2 (54 -> 108) started; elapsed=2337656 ms
    status=no_embedding; method=abstract SmallGroup IDs; elapsed=2337718 ms
  Pair 3/
16
 : small-nonabelian-C3-PGL-18-3-index-6-dimension-2 -> rank-at-least-15-D_12-P\
GL-36-12-index-3-dimension-2 (54 -> 108) started; elapsed=2337718 ms
    status=no_embedding; method=filter; elapsed=2337718 ms
  Pair 4/
16
 : small-nonabelian-C3-PGL-18-3-index-6-dimension-2 -> rank-at-least-15-A_3,3-\
PGL-36-13-index-2-dimension-2 (54 -> 108) started; elapsed=2337718 ms
    status=no_embedding; method=abstract SmallGroup IDs; elapsed=2337796 ms
  Pair 5/
16
 : small-nonabelian-C3-PGL-18-3-index-6-dimension-2 -> small-nonabelian-S3-PGL\
-36-12-index-6-dimension-2 (54 -> 108) started; elapsed=2337796 ms
    status=embedded; method=A_strict; elapsed=2337984 ms
Candidate 45/
117: key=small-nonabelian-S3-PGL-18-3-index-3-dimension-2; dimension=2; order=
54; possible targets=16; elapsed=2337984 ms
  Pair 1/
16
 : small-nonabelian-S3-PGL-18-3-index-3-dimension-2 -> rank-at-least-15-3^2.4-\
PGL-36-0-index-1-dimension-2 (54 -> 108) started; elapsed=2337984 ms
    status=no_embedding; method=abstract SmallGroup IDs; elapsed=2337984 ms
  Pair 2/
16
 : small-nonabelian-S3-PGL-18-3-index-3-dimension-2 -> rank-at-least-15-A_4-PG\
L-36-11-index-3-dimension-2 (54 -> 108) started; elapsed=2337984 ms
    status=no_embedding; method=abstract SmallGroup IDs; elapsed=2337984 ms
  Pair 3/
16
 : small-nonabelian-S3-PGL-18-3-index-3-dimension-2 -> rank-at-least-15-D_12-P\
GL-36-12-index-3-dimension-2 (54 -> 108) started; elapsed=2337984 ms
    status=no_embedding; method=filter; elapsed=2337984 ms
  Pair 4/
16
 : small-nonabelian-S3-PGL-18-3-index-3-dimension-2 -> rank-at-least-15-A_3,3-\
PGL-36-13-index-2-dimension-2 (54 -> 108) started; elapsed=2337984 ms
    status=no_embedding; method=abstract SmallGroup IDs; elapsed=2337984 ms
  Pair 5/
16
 : small-nonabelian-S3-PGL-18-3-index-3-dimension-2 -> small-nonabelian-S3-PGL\
-36-12-index-6-dimension-2 (54 -> 108) started; elapsed=2337984 ms
    status=no_embedding; method=filter; elapsed=2337984 ms
  Pair 6/
16
 : small-nonabelian-S3-PGL-18-3-index-3-dimension-2 -> small-nonabelian-S3-PGL\
-36-12-index-6-dimension-2-representation-2 (54 -> 108) started; elapsed=
2337984 ms
    status=no_embedding; method=filter; elapsed=2337984 ms
  Pair 7/
16
 : small-nonabelian-S3-PGL-18-3-index-3-dimension-2 -> rank-at-least-15-S_3,3-\
PGL-72-46-index-2-dimension-2 (54 -> 216) started; elapsed=2337984 ms
    status=no_embedding; method=filter; elapsed=2338687 ms
  Pair 8/
16
 : small-nonabelian-S3-PGL-18-3-index-3-dimension-2 -> rank-at-least-15-S_3,3-\
PGL-72-40-index-2-dimension-2 (54 -> 216) started; elapsed=2338687 ms
    status=no_embedding; method=filter; elapsed=2338843 ms
  Pair 9/
16
 : small-nonabelian-S3-PGL-18-3-index-3-dimension-2 -> rank-at-least-15-3^2.4-\
PGL-72-40-index-2-dimension-2 (54 -> 216) started; elapsed=2338843 ms
    status=no_embedding; method=filter; elapsed=2338843 ms
  Pair 10/
16
 : small-nonabelian-S3-PGL-18-3-index-3-dimension-2 -> rank-at-least-15-A_4,3-\
PGL-72-43-index-1-dimension-2 (54 -> 216) started; elapsed=2338843 ms
    status=no_embedding; method=abstract SmallGroup IDs; elapsed=2338906 ms
  Pair 11/
16
 : small-nonabelian-S3-PGL-18-3-index-3-dimension-2 -> rank-at-least-15-A_4-PG\
L-72-42-index-6-dimension-2 (54 -> 216) started; elapsed=2338906 ms
    status=no_embedding; method=filter; elapsed=2339109 ms
  Pair 12/
16
 : small-nonabelian-S3-PGL-18-3-index-3-dimension-2 -> rank-at-least-15-D_12-P\
GL-72-48-index-6-dimension-2 (54 -> 216) started; elapsed=2339109 ms
    status=no_embedding; method=filter; elapsed=2340156 ms
  Pair 13/
16
 : small-nonabelian-S3-PGL-18-3-index-3-dimension-2 -> rank-at-least-15-A_3,3-\
PGL-108-38-index-6-dimension-2 (54 -> 324) started; elapsed=2340156 ms
    status=embedded; method=A_strict; elapsed=2358953 ms
Progress: sources=45/117; direct removals=17; strict=189; undecided=
0; elapsed=2358953 ms
Candidate 46/
117
 : key=small-nonabelian-S3-PGL-18-3-index-3-dimension-2-representation-2; dime\
nsion=2; order=54; possible targets=16; elapsed=2358953 ms
  Pair 1/
16
 : small-nonabelian-S3-PGL-18-3-index-3-dimension-2-representation-2 -> rank-a\
t-least-15-3^2.4-PGL-36-0-index-1-dimension-2 (54 -> 108) started; elapsed=
2358953 ms
    status=no_embedding; method=abstract SmallGroup IDs; elapsed=2358953 ms
  Pair 2/
16
 : small-nonabelian-S3-PGL-18-3-index-3-dimension-2-representation-2 -> rank-a\
t-least-15-A_4-PGL-36-11-index-3-dimension-2 (54 -> 108) started; elapsed=
2358953 ms
    status=no_embedding; method=abstract SmallGroup IDs; elapsed=2358953 ms
  Pair 3/
16
 : small-nonabelian-S3-PGL-18-3-index-3-dimension-2-representation-2 -> rank-a\
t-least-15-D_12-PGL-36-12-index-3-dimension-2 (54 -> 108) started; elapsed=
2358953 ms
    status=no_embedding; method=filter; elapsed=2358953 ms
  Pair 4/
16
 : small-nonabelian-S3-PGL-18-3-index-3-dimension-2-representation-2 -> rank-a\
t-least-15-A_3,3-PGL-36-13-index-2-dimension-2 (54 -> 108) started; elapsed=
2358953 ms
    status=no_embedding; method=abstract SmallGroup IDs; elapsed=2358953 ms
  Pair 5/
16
 : small-nonabelian-S3-PGL-18-3-index-3-dimension-2-representation-2 -> small-\
nonabelian-S3-PGL-36-12-index-6-dimension-2 (54 -> 108) started; elapsed=
2358953 ms
    status=no_embedding; method=filter; elapsed=2358953 ms
  Pair 6/
16
 : small-nonabelian-S3-PGL-18-3-index-3-dimension-2-representation-2 -> small-\
nonabelian-S3-PGL-36-12-index-6-dimension-2-representation-2 (54 -> 
108) started; elapsed=2358953 ms
    status=no_embedding; method=filter; elapsed=2358953 ms
  Pair 7/
16
 : small-nonabelian-S3-PGL-18-3-index-3-dimension-2-representation-2 -> rank-a\
t-least-15-S_3,3-PGL-72-46-index-2-dimension-2 (54 -> 216) started; elapsed=
2358953 ms
    status=no_embedding; method=filter; elapsed=2358953 ms
  Pair 8/
16
 : small-nonabelian-S3-PGL-18-3-index-3-dimension-2-representation-2 -> rank-a\
t-least-15-S_3,3-PGL-72-40-index-2-dimension-2 (54 -> 216) started; elapsed=
2358953 ms
    status=no_embedding; method=filter; elapsed=2358953 ms
  Pair 9/
16
 : small-nonabelian-S3-PGL-18-3-index-3-dimension-2-representation-2 -> rank-a\
t-least-15-3^2.4-PGL-72-40-index-2-dimension-2 (54 -> 216) started; elapsed=
2358953 ms
    status=no_embedding; method=filter; elapsed=2358953 ms
  Pair 10/
16
 : small-nonabelian-S3-PGL-18-3-index-3-dimension-2-representation-2 -> rank-a\
t-least-15-A_4,3-PGL-72-43-index-1-dimension-2 (54 -> 216) started; elapsed=
2358953 ms
    status=no_embedding; method=abstract SmallGroup IDs; elapsed=2358953 ms
  Pair 11/
16
 : small-nonabelian-S3-PGL-18-3-index-3-dimension-2-representation-2 -> rank-a\
t-least-15-A_4-PGL-72-42-index-6-dimension-2 (54 -> 216) started; elapsed=
2358953 ms
    status=no_embedding; method=filter; elapsed=2358953 ms
  Pair 12/
16
 : small-nonabelian-S3-PGL-18-3-index-3-dimension-2-representation-2 -> rank-a\
t-least-15-D_12-PGL-72-48-index-6-dimension-2 (54 -> 216) started; elapsed=
2358953 ms
    status=no_embedding; method=filter; elapsed=2358953 ms
  Pair 13/
16
 : small-nonabelian-S3-PGL-18-3-index-3-dimension-2-representation-2 -> rank-a\
t-least-15-A_3,3-PGL-108-38-index-6-dimension-2 (54 -> 324) started; elapsed=
2358953 ms
    status=no_embedding; method=filter; elapsed=2358953 ms
  Pair 14/
16
 : small-nonabelian-S3-PGL-18-3-index-3-dimension-2-representation-2 -> rank-a\
t-least-15-A_3,3-PGL-108-38-index-6-dimension-2-representation-2 (54 -> 
324) started; elapsed=2358953 ms
    status=no_embedding; method=filter; elapsed=2358968 ms
  Pair 15/
16
 : small-nonabelian-S3-PGL-18-3-index-3-dimension-2-representation-2 -> rank-a\
t-least-15-A_4,3-PGL-144-0-index-2-dimension-2 (54 -> 432) started; elapsed=
2358968 ms
    status=no_embedding; method=filter; elapsed=2359250 ms
  Pair 16/
16
 : small-nonabelian-S3-PGL-18-3-index-3-dimension-2-representation-2 -> rank-a\
t-least-15-3^{1+4}:2-PGL-972-0-index-2-dimension-2 (54 -> 
2916) started; elapsed=2359250 ms
    status=no_embedding; method=filter; elapsed=2359265 ms
Candidate 47/
117: key=rank-at-least-15-D_10-PGL-20-4-index-2-dimension-2; dimension=
2; order=60; possible targets=2; elapsed=2359265 ms
  Pair 1/
2
 : rank-at-least-15-D_10-PGL-20-4-index-2-dimension-2 -> rank-at-least-15-A_5-P\
GL-60-0-index-1-dimension-2 (60 -> 180) started; elapsed=2359265 ms
    status=no_embedding; method=abstract SmallGroup IDs; elapsed=2359265 ms
  Pair 2/
2
 : rank-at-least-15-D_10-PGL-20-4-index-2-dimension-2 -> rank-at-least-15-A_5-P\
GL-120-0-index-2-dimension-2 (60 -> 360) started; elapsed=2359265 ms
    status=no_embedding; method=abstract SmallGroup IDs; elapsed=2359265 ms
Candidate 48/
117: key=rank-at-least-15-D_12-PGL-24-14-index-2-dimension-2; dimension=
2; order=72; possible targets=9; elapsed=2359265 ms
  Pair 1/
9
 : rank-at-least-15-D_12-PGL-24-14-index-2-dimension-2 -> rank-at-least-15-S_4-\
PGL-48-48-index-2-dimension-2 (72 -> 144) started; elapsed=2359265 ms
    status=no_embedding; method=abstract SmallGroup IDs; elapsed=2360218 ms
  Pair 2/
9
 : rank-at-least-15-D_12-PGL-24-14-index-2-dimension-2 -> rank-at-least-15-S_3,\
3-PGL-72-46-index-2-dimension-2 (72 -> 216) started; elapsed=2360218 ms
    status=no_embedding; method=filter; elapsed=2365687 ms
  Pair 3/
9
 : rank-at-least-15-D_12-PGL-24-14-index-2-dimension-2 -> rank-at-least-15-S_3,\
3-PGL-72-40-index-2-dimension-2 (72 -> 216) started; elapsed=2365687 ms
    status=no_embedding; method=abstract SmallGroup IDs; elapsed=2366109 ms
  Pair 4/
9
 : rank-at-least-15-D_12-PGL-24-14-index-2-dimension-2 -> rank-at-least-15-3^2.\
4-PGL-72-40-index-2-dimension-2 (72 -> 216) started; elapsed=2366109 ms
    status=no_embedding; method=abstract SmallGroup IDs; elapsed=2366109 ms
  Pair 5/
9
 : rank-at-least-15-D_12-PGL-24-14-index-2-dimension-2 -> rank-at-least-15-A_4,\
3-PGL-72-43-index-1-dimension-2 (72 -> 216) started; elapsed=2366109 ms
    status=no_embedding; method=abstract SmallGroup IDs; elapsed=2366312 ms
  Pair 6/
9
 : rank-at-least-15-D_12-PGL-24-14-index-2-dimension-2 -> rank-at-least-15-A_4-\
PGL-72-42-index-6-dimension-2 (72 -> 216) started; elapsed=2366312 ms
    status=no_embedding; method=abstract SmallGroup IDs; elapsed=2366593 ms
  Pair 7/
9
 : rank-at-least-15-D_12-PGL-24-14-index-2-dimension-2 -> rank-at-least-15-D_12\
-PGL-72-48-index-6-dimension-2 (72 -> 216) started; elapsed=2366593 ms
    status=no_embedding; method=filter; elapsed=2374906 ms
  Pair 8/
9
 : rank-at-least-15-D_12-PGL-24-14-index-2-dimension-2 -> rank-at-least-15-A_5-\
PGL-120-0-index-2-dimension-2 (72 -> 360) started; elapsed=2374906 ms
    status=no_embedding; method=abstract SmallGroup IDs; elapsed=2375093 ms
  Pair 9/
9
 : rank-at-least-15-D_12-PGL-24-14-index-2-dimension-2 -> rank-at-least-15-A_4,\
3-PGL-144-0-index-2-dimension-2 (72 -> 432) started; elapsed=2375093 ms
    status=no_embedding; method=filter; elapsed=2377484 ms
Candidate 49/
117: key=rank-at-least-15-D_12-PGL-24-8-index-2-dimension-2; dimension=
2; order=72; possible targets=9; elapsed=2377484 ms
  Pair 1/
9
 : rank-at-least-15-D_12-PGL-24-8-index-2-dimension-2 -> rank-at-least-15-S_4-P\
GL-48-48-index-2-dimension-2 (72 -> 144) started; elapsed=2377484 ms
    status=no_embedding; method=abstract SmallGroup IDs; elapsed=2377531 ms
  Pair 2/
9
 : rank-at-least-15-D_12-PGL-24-8-index-2-dimension-2 -> rank-at-least-15-S_3,3\
-PGL-72-46-index-2-dimension-2 (72 -> 216) started; elapsed=2377531 ms
    status=no_embedding; method=abstract SmallGroup IDs; elapsed=2377531 ms
  Pair 3/
9
 : rank-at-least-15-D_12-PGL-24-8-index-2-dimension-2 -> rank-at-least-15-S_3,3\
-PGL-72-40-index-2-dimension-2 (72 -> 216) started; elapsed=2377531 ms
    status=no_embedding; method=abstract SmallGroup IDs; elapsed=2377562 ms
  Pair 4/
9
 : rank-at-least-15-D_12-PGL-24-8-index-2-dimension-2 -> rank-at-least-15-3^2.4\
-PGL-72-40-index-2-dimension-2 (72 -> 216) started; elapsed=2377562 ms
    status=no_embedding; method=abstract SmallGroup IDs; elapsed=2377562 ms
  Pair 5/
9
 : rank-at-least-15-D_12-PGL-24-8-index-2-dimension-2 -> rank-at-least-15-A_4,3\
-PGL-72-43-index-1-dimension-2 (72 -> 216) started; elapsed=2377562 ms
    status=no_embedding; method=filter; elapsed=2377953 ms
  Pair 6/
9
 : rank-at-least-15-D_12-PGL-24-8-index-2-dimension-2 -> rank-at-least-15-A_4-P\
GL-72-42-index-6-dimension-2 (72 -> 216) started; elapsed=2377953 ms
    status=no_embedding; method=abstract SmallGroup IDs; elapsed=2378000 ms
  Pair 7/
9
 : rank-at-least-15-D_12-PGL-24-8-index-2-dimension-2 -> rank-at-least-15-D_12-\
PGL-72-48-index-6-dimension-2 (72 -> 216) started; elapsed=2378000 ms
    status=no_embedding; method=abstract SmallGroup IDs; elapsed=2378000 ms
  Pair 8/
9
 : rank-at-least-15-D_12-PGL-24-8-index-2-dimension-2 -> rank-at-least-15-A_5-P\
GL-120-0-index-2-dimension-2 (72 -> 360) started; elapsed=2378000 ms
    status=no_embedding; method=abstract SmallGroup IDs; elapsed=2378031 ms
  Pair 9/
9
 : rank-at-least-15-D_12-PGL-24-8-index-2-dimension-2 -> rank-at-least-15-A_4,3\
-PGL-144-0-index-2-dimension-2 (72 -> 432) started; elapsed=2378031 ms
    status=no_embedding; method=filter; elapsed=2378109 ms
Candidate 50/
117: key=liftable-abelian-C2-PGL-24-9-index-12-dimension-2; dimension=
2; order=72; possible targets=9; elapsed=2378109 ms
  Pair 1/
9
 : liftable-abelian-C2-PGL-24-9-index-12-dimension-2 -> rank-at-least-15-S_4-PG\
L-48-48-index-2-dimension-2 (72 -> 144) started; elapsed=2378109 ms
    status=no_embedding; method=abstract SmallGroup IDs; elapsed=2378140 ms
  Pair 2/
9
 : liftable-abelian-C2-PGL-24-9-index-12-dimension-2 -> rank-at-least-15-S_3,3-\
PGL-72-46-index-2-dimension-2 (72 -> 216) started; elapsed=2378140 ms
    status=no_embedding; method=abstract SmallGroup IDs; elapsed=2378140 ms
  Pair 3/
9
 : liftable-abelian-C2-PGL-24-9-index-12-dimension-2 -> rank-at-least-15-S_3,3-\
PGL-72-40-index-2-dimension-2 (72 -> 216) started; elapsed=2378140 ms
    status=no_embedding; method=abstract SmallGroup IDs; elapsed=2378156 ms
  Pair 4/
9
 : liftable-abelian-C2-PGL-24-9-index-12-dimension-2 -> rank-at-least-15-3^2.4-\
PGL-72-40-index-2-dimension-2 (72 -> 216) started; elapsed=2378156 ms
    status=no_embedding; method=abstract SmallGroup IDs; elapsed=2378156 ms
  Pair 5/
9
 : liftable-abelian-C2-PGL-24-9-index-12-dimension-2 -> rank-at-least-15-A_4,3-\
PGL-72-43-index-1-dimension-2 (72 -> 216) started; elapsed=2378156 ms
    status=no_embedding; method=abstract SmallGroup IDs; elapsed=2378187 ms
  Pair 6/
9
 : liftable-abelian-C2-PGL-24-9-index-12-dimension-2 -> rank-at-least-15-A_4-PG\
L-72-42-index-6-dimension-2 (72 -> 216) started; elapsed=2378187 ms
    status=no_embedding; method=abstract SmallGroup IDs; elapsed=2378250 ms
  Pair 7/
9
 : liftable-abelian-C2-PGL-24-9-index-12-dimension-2 -> rank-at-least-15-D_12-P\
GL-72-48-index-6-dimension-2 (72 -> 216) started; elapsed=2378250 ms
    status=no_embedding; method=abstract SmallGroup IDs; elapsed=2378250 ms
  Pair 8/
9
 : liftable-abelian-C2-PGL-24-9-index-12-dimension-2 -> rank-at-least-15-A_5-PG\
L-120-0-index-2-dimension-2 (72 -> 360) started; elapsed=2378250 ms
    status=no_embedding; method=abstract SmallGroup IDs; elapsed=2378250 ms
  Pair 9/
9
 : liftable-abelian-C2-PGL-24-9-index-12-dimension-2 -> rank-at-least-15-A_4,3-\
PGL-144-0-index-2-dimension-2 (72 -> 432) started; elapsed=2378250 ms
    status=no_embedding; method=abstract SmallGroup IDs; elapsed=2378328 ms
Progress: sources=50/117; direct removals=17; strict=206; undecided=
0; elapsed=2378328 ms
Candidate 51/
117: key=small-nonabelian-C2^2-PGL-24-13-index-6-dimension-2; dimension=
2; order=72; possible targets=9; elapsed=2378328 ms
  Pair 1/
9
 : small-nonabelian-C2^2-PGL-24-13-index-6-dimension-2 -> rank-at-least-15-S_4-\
PGL-48-48-index-2-dimension-2 (72 -> 144) started; elapsed=2378328 ms
    status=no_embedding; method=filter; elapsed=2378734 ms
  Pair 2/
9
 : small-nonabelian-C2^2-PGL-24-13-index-6-dimension-2 -> rank-at-least-15-S_3,\
3-PGL-72-46-index-2-dimension-2 (72 -> 216) started; elapsed=2378734 ms
    status=no_embedding; method=abstract SmallGroup IDs; elapsed=2379031 ms
  Pair 3/
9
 : small-nonabelian-C2^2-PGL-24-13-index-6-dimension-2 -> rank-at-least-15-S_3,\
3-PGL-72-40-index-2-dimension-2 (72 -> 216) started; elapsed=2379031 ms
    status=no_embedding; method=abstract SmallGroup IDs; elapsed=2379125 ms
  Pair 4/
9
 : small-nonabelian-C2^2-PGL-24-13-index-6-dimension-2 -> rank-at-least-15-3^2.\
4-PGL-72-40-index-2-dimension-2 (72 -> 216) started; elapsed=2379125 ms
    status=no_embedding; method=abstract SmallGroup IDs; elapsed=2379125 ms
  Pair 5/
9
 : small-nonabelian-C2^2-PGL-24-13-index-6-dimension-2 -> rank-at-least-15-A_4,\
3-PGL-72-43-index-1-dimension-2 (72 -> 216) started; elapsed=2379125 ms
    status=no_embedding; method=abstract SmallGroup IDs; elapsed=2379171 ms
  Pair 6/
9
 : small-nonabelian-C2^2-PGL-24-13-index-6-dimension-2 -> rank-at-least-15-A_4-\
PGL-72-42-index-6-dimension-2 (72 -> 216) started; elapsed=2379171 ms
    status=no_embedding; method=abstract SmallGroup IDs; elapsed=2379312 ms
  Pair 7/
9
 : small-nonabelian-C2^2-PGL-24-13-index-6-dimension-2 -> rank-at-least-15-D_12\
-PGL-72-48-index-6-dimension-2 (72 -> 216) started; elapsed=2379312 ms
    status=no_embedding; method=abstract SmallGroup IDs; elapsed=2379875 ms
  Pair 8/
9
 : small-nonabelian-C2^2-PGL-24-13-index-6-dimension-2 -> rank-at-least-15-A_5-\
PGL-120-0-index-2-dimension-2 (72 -> 360) started; elapsed=2379875 ms
    status=no_embedding; method=abstract SmallGroup IDs; elapsed=2379937 ms
  Pair 9/
9
 : small-nonabelian-C2^2-PGL-24-13-index-6-dimension-2 -> rank-at-least-15-A_4,\
3-PGL-144-0-index-2-dimension-2 (72 -> 432) started; elapsed=2379937 ms
    status=no_embedding; method=filter; elapsed=2380140 ms
Candidate 52/
117
 : key=small-nonabelian-C2^2-PGL-24-13-index-6-dimension-2-representation-2; d\
imension=2; order=72; possible targets=9; elapsed=2380140 ms
  Pair 1/
9
 : small-nonabelian-C2^2-PGL-24-13-index-6-dimension-2-representation-2 -> rank\
-at-least-15-S_4-PGL-48-48-index-2-dimension-2 (72 -> 144) started; elapsed=
2380140 ms
    status=no_embedding; method=abstract SmallGroup IDs; elapsed=2380156 ms
  Pair 2/
9
 : small-nonabelian-C2^2-PGL-24-13-index-6-dimension-2-representation-2 -> rank\
-at-least-15-S_3,3-PGL-72-46-index-2-dimension-2 (72 -> 216) started; elapsed=
2380156 ms
    status=no_embedding; method=abstract SmallGroup IDs; elapsed=2380156 ms
  Pair 3/
9
 : small-nonabelian-C2^2-PGL-24-13-index-6-dimension-2-representation-2 -> rank\
-at-least-15-S_3,3-PGL-72-40-index-2-dimension-2 (72 -> 216) started; elapsed=
2380156 ms
    status=no_embedding; method=abstract SmallGroup IDs; elapsed=2380156 ms
  Pair 4/
9
 : small-nonabelian-C2^2-PGL-24-13-index-6-dimension-2-representation-2 -> rank\
-at-least-15-3^2.4-PGL-72-40-index-2-dimension-2 (72 -> 216) started; elapsed=
2380156 ms
    status=no_embedding; method=abstract SmallGroup IDs; elapsed=2380156 ms
  Pair 5/
9
 : small-nonabelian-C2^2-PGL-24-13-index-6-dimension-2-representation-2 -> rank\
-at-least-15-A_4,3-PGL-72-43-index-1-dimension-2 (72 -> 216) started; elapsed=
2380156 ms
    status=no_embedding; method=abstract SmallGroup IDs; elapsed=2380156 ms
  Pair 6/
9
 : small-nonabelian-C2^2-PGL-24-13-index-6-dimension-2-representation-2 -> rank\
-at-least-15-A_4-PGL-72-42-index-6-dimension-2 (72 -> 216) started; elapsed=
2380156 ms
    status=no_embedding; method=abstract SmallGroup IDs; elapsed=2380156 ms
  Pair 7/
9
 : small-nonabelian-C2^2-PGL-24-13-index-6-dimension-2-representation-2 -> rank\
-at-least-15-D_12-PGL-72-48-index-6-dimension-2 (72 -> 216) started; elapsed=
2380156 ms
    status=no_embedding; method=abstract SmallGroup IDs; elapsed=2380171 ms
  Pair 8/
9
 : small-nonabelian-C2^2-PGL-24-13-index-6-dimension-2-representation-2 -> rank\
-at-least-15-A_5-PGL-120-0-index-2-dimension-2 (72 -> 360) started; elapsed=
2380171 ms
    status=no_embedding; method=abstract SmallGroup IDs; elapsed=2380171 ms
  Pair 9/
9
 : small-nonabelian-C2^2-PGL-24-13-index-6-dimension-2-representation-2 -> rank\
-at-least-15-A_4,3-PGL-144-0-index-2-dimension-2 (72 -> 432) started; elapsed=
2380171 ms
    status=no_embedding; method=abstract SmallGroup IDs; elapsed=2380171 ms
Candidate 53/
117: key=rank-at-least-15-D_10-PGL-30-2-index-3-dimension-2; dimension=
2; order=90; possible targets=2; elapsed=2380171 ms
  Pair 1/
2
 : rank-at-least-15-D_10-PGL-30-2-index-3-dimension-2 -> rank-at-least-15-A_5-P\
GL-60-0-index-1-dimension-2 (90 -> 180) started; elapsed=2380171 ms
    status=no_embedding; method=abstract SmallGroup IDs; elapsed=2380187 ms
  Pair 2/
2
 : rank-at-least-15-D_10-PGL-30-2-index-3-dimension-2 -> rank-at-least-15-A_5-P\
GL-120-0-index-2-dimension-2 (90 -> 360) started; elapsed=2380187 ms
    status=no_embedding; method=abstract SmallGroup IDs; elapsed=2380218 ms
Candidate 54/
117: key=rank-at-least-15-A_4-PGL-36-11-index-3-dimension-2; dimension=
2; order=108; possible targets=10; elapsed=2380218 ms
  Pair 1/
10
 : rank-at-least-15-A_4-PGL-36-11-index-3-dimension-2 -> rank-at-least-15-S_3,\
3-PGL-72-46-index-2-dimension-2 (108 -> 216) started; elapsed=2380218 ms
    status=no_embedding; method=abstract SmallGroup IDs; elapsed=2384046 ms
  Pair 2/
10
 : rank-at-least-15-A_4-PGL-36-11-index-3-dimension-2 -> rank-at-least-15-S_3,\
3-PGL-72-40-index-2-dimension-2 (108 -> 216) started; elapsed=2384046 ms
    status=no_embedding; method=abstract SmallGroup IDs; elapsed=2385296 ms
  Pair 3/
10
 : rank-at-least-15-A_4-PGL-36-11-index-3-dimension-2 -> rank-at-least-15-3^2.\
4-PGL-72-40-index-2-dimension-2 (108 -> 216) started; elapsed=2385296 ms
    status=no_embedding; method=abstract SmallGroup IDs; elapsed=2385296 ms
  Pair 4/
10
 : rank-at-least-15-A_4-PGL-36-11-index-3-dimension-2 -> rank-at-least-15-A_4,\
3-PGL-72-43-index-1-dimension-2 (108 -> 216) started; elapsed=2385296 ms
    status=no_embedding; method=abstract SmallGroup IDs; elapsed=2386625 ms
  Pair 5/
10
 : rank-at-least-15-A_4-PGL-36-11-index-3-dimension-2 -> rank-at-least-15-A_4-\
PGL-72-42-index-6-dimension-2 (108 -> 216) started; elapsed=2386625 ms
    status=no_embedding; method=filter; elapsed=2402828 ms
  Pair 6/
10
 : rank-at-least-15-A_4-PGL-36-11-index-3-dimension-2 -> rank-at-least-15-D_12\
-PGL-72-48-index-6-dimension-2 (108 -> 216) started; elapsed=2402828 ms
    status=no_embedding; method=abstract SmallGroup IDs; elapsed=2410515 ms
  Pair 7/
10
 : rank-at-least-15-A_4-PGL-36-11-index-3-dimension-2 -> rank-at-least-15-A_3,\
3-PGL-108-38-index-6-dimension-2 (108 -> 324) started; elapsed=2410515 ms
    status=no_embedding; method=abstract SmallGroup IDs; elapsed=2524171 ms
  Pair 8/
10
 : rank-at-least-15-A_4-PGL-36-11-index-3-dimension-2 -> rank-at-least-15-A_3,\
3-PGL-108-38-index-6-dimension-2-representation-2 (108 -> 
324) started; elapsed=2524171 ms
    status=no_embedding; method=abstract SmallGroup IDs; elapsed=2524171 ms
  Pair 9/
10
 : rank-at-least-15-A_4-PGL-36-11-index-3-dimension-2 -> rank-at-least-15-A_4,\
3-PGL-144-0-index-2-dimension-2 (108 -> 432) started; elapsed=2524171 ms
    status=no_embedding; method=filter; elapsed=2530312 ms
  Pair 10/
10
 : rank-at-least-15-A_4-PGL-36-11-index-3-dimension-2 -> rank-at-least-15-3^{1\
+4}:2-PGL-972-0-index-2-dimension-2 (108 -> 2916) started; elapsed=2530312 ms
    status=no_embedding; method=filter; elapsed=2530312 ms
Candidate 55/
117: key=rank-at-least-15-D_12-PGL-36-12-index-3-dimension-2; dimension=
2; order=108; possible targets=10; elapsed=2530312 ms
  Pair 1/
10
 : rank-at-least-15-D_12-PGL-36-12-index-3-dimension-2 -> rank-at-least-15-S_3\
,3-PGL-72-46-index-2-dimension-2 (108 -> 216) started; elapsed=2530312 ms
    status=no_embedding; method=filter; elapsed=2531093 ms
  Pair 2/
10
 : rank-at-least-15-D_12-PGL-36-12-index-3-dimension-2 -> rank-at-least-15-S_3\
,3-PGL-72-40-index-2-dimension-2 (108 -> 216) started; elapsed=2531093 ms
    status=no_embedding; method=abstract SmallGroup IDs; elapsed=2531203 ms
  Pair 3/
10
 : rank-at-least-15-D_12-PGL-36-12-index-3-dimension-2 -> rank-at-least-15-3^2\
.4-PGL-72-40-index-2-dimension-2 (108 -> 216) started; elapsed=2531203 ms
    status=no_embedding; method=abstract SmallGroup IDs; elapsed=2531203 ms
  Pair 4/
10
 : rank-at-least-15-D_12-PGL-36-12-index-3-dimension-2 -> rank-at-least-15-A_4\
,3-PGL-72-43-index-1-dimension-2 (108 -> 216) started; elapsed=2531203 ms
    status=no_embedding; method=abstract SmallGroup IDs; elapsed=2531281 ms
  Pair 5/
10
 : rank-at-least-15-D_12-PGL-36-12-index-3-dimension-2 -> rank-at-least-15-A_4\
-PGL-72-42-index-6-dimension-2 (108 -> 216) started; elapsed=2531281 ms
    status=no_embedding; method=abstract SmallGroup IDs; elapsed=2531468 ms
  Pair 6/
10
 : rank-at-least-15-D_12-PGL-36-12-index-3-dimension-2 -> rank-at-least-15-D_1\
2-PGL-72-48-index-6-dimension-2 (108 -> 216) started; elapsed=2531468 ms
    status=no_embedding; method=filter; elapsed=2536406 ms
  Pair 7/
10
 : rank-at-least-15-D_12-PGL-36-12-index-3-dimension-2 -> rank-at-least-15-A_3\
,3-PGL-108-38-index-6-dimension-2 (108 -> 324) started; elapsed=2536406 ms
    status=no_embedding; method=filter; elapsed=2537765 ms
  Pair 8/
10
 : rank-at-least-15-D_12-PGL-36-12-index-3-dimension-2 -> rank-at-least-15-A_3\
,3-PGL-108-38-index-6-dimension-2-representation-2 (108 -> 
324) started; elapsed=2537765 ms
    status=no_embedding; method=filter; elapsed=2537765 ms
  Pair 9/
10
 : rank-at-least-15-D_12-PGL-36-12-index-3-dimension-2 -> rank-at-least-15-A_4\
,3-PGL-144-0-index-2-dimension-2 (108 -> 432) started; elapsed=2537765 ms
    status=no_embedding; method=abstract SmallGroup IDs; elapsed=2538015 ms
  Pair 10/
10
 : rank-at-least-15-D_12-PGL-36-12-index-3-dimension-2 -> rank-at-least-15-3^{\
1+4}:2-PGL-972-0-index-2-dimension-2 (108 -> 2916) started; elapsed=2538015 ms
    status=no_embedding; method=filter; elapsed=2538015 ms
Progress: sources=55/117; direct removals=17; strict=216; undecided=
0; elapsed=2538015 ms
Candidate 56/
117: key=rank-at-least-15-A_3,3-PGL-36-13-index-2-dimension-2; dimension=
2; order=108; possible targets=10; elapsed=2538015 ms
  Pair 1/
10
 : rank-at-least-15-A_3,3-PGL-36-13-index-2-dimension-2 -> rank-at-least-15-S_\
3,3-PGL-72-46-index-2-dimension-2 (108 -> 216) started; elapsed=2538015 ms
    status=no_embedding; method=abstract SmallGroup IDs; elapsed=2538531 ms
  Pair 2/
10
 : rank-at-least-15-A_3,3-PGL-36-13-index-2-dimension-2 -> rank-at-least-15-S_\
3,3-PGL-72-40-index-2-dimension-2 (108 -> 216) started; elapsed=2538531 ms
    status=no_embedding; method=abstract SmallGroup IDs; elapsed=2538593 ms
  Pair 3/
10
 : rank-at-least-15-A_3,3-PGL-36-13-index-2-dimension-2 -> rank-at-least-15-3^\
2.4-PGL-72-40-index-2-dimension-2 (108 -> 216) started; elapsed=2538593 ms
    status=no_embedding; method=abstract SmallGroup IDs; elapsed=2538593 ms
  Pair 4/
10
 : rank-at-least-15-A_3,3-PGL-36-13-index-2-dimension-2 -> rank-at-least-15-A_\
4,3-PGL-72-43-index-1-dimension-2 (108 -> 216) started; elapsed=2538593 ms
    status=no_embedding; method=abstract SmallGroup IDs; elapsed=2538718 ms
  Pair 5/
10
 : rank-at-least-15-A_3,3-PGL-36-13-index-2-dimension-2 -> rank-at-least-15-A_\
4-PGL-72-42-index-6-dimension-2 (108 -> 216) started; elapsed=2538718 ms
    status=no_embedding; method=abstract SmallGroup IDs; elapsed=2538796 ms
  Pair 6/
10
 : rank-at-least-15-A_3,3-PGL-36-13-index-2-dimension-2 -> rank-at-least-15-D_\
12-PGL-72-48-index-6-dimension-2 (108 -> 216) started; elapsed=2538796 ms
    status=no_embedding; method=abstract SmallGroup IDs; elapsed=2538921 ms
  Pair 7/
10
 : rank-at-least-15-A_3,3-PGL-36-13-index-2-dimension-2 -> rank-at-least-15-A_\
3,3-PGL-108-38-index-6-dimension-2 (108 -> 324) started; elapsed=2538921 ms
    status=no_embedding; method=abstract SmallGroup IDs; elapsed=2540468 ms
  Pair 8/
10
 : rank-at-least-15-A_3,3-PGL-36-13-index-2-dimension-2 -> rank-at-least-15-A_\
3,3-PGL-108-38-index-6-dimension-2-representation-2 (108 -> 
324) started; elapsed=2540468 ms
    status=no_embedding; method=abstract SmallGroup IDs; elapsed=2540468 ms
  Pair 9/
10
 : rank-at-least-15-A_3,3-PGL-36-13-index-2-dimension-2 -> rank-at-least-15-A_\
4,3-PGL-144-0-index-2-dimension-2 (108 -> 432) started; elapsed=2540468 ms
    status=no_embedding; method=abstract SmallGroup IDs; elapsed=2541265 ms
  Pair 10/
10
 : rank-at-least-15-A_3,3-PGL-36-13-index-2-dimension-2 -> rank-at-least-15-3^\
{1+4}:2-PGL-972-0-index-2-dimension-2 (108 -> 2916) started; elapsed=
2541265 ms
    status=no_embedding; method=filter; elapsed=2541562 ms
Candidate 57/
117: key=small-nonabelian-S3-PGL-36-12-index-6-dimension-2; dimension=
2; order=108; possible targets=10; elapsed=2541562 ms
  Pair 1/
10
 : small-nonabelian-S3-PGL-36-12-index-6-dimension-2 -> rank-at-least-15-S_3,3\
-PGL-72-46-index-2-dimension-2 (108 -> 216) started; elapsed=2541562 ms
    status=no_embedding; method=filter; elapsed=2541562 ms
  Pair 2/
10
 : small-nonabelian-S3-PGL-36-12-index-6-dimension-2 -> rank-at-least-15-S_3,3\
-PGL-72-40-index-2-dimension-2 (108 -> 216) started; elapsed=2541562 ms
    status=no_embedding; method=abstract SmallGroup IDs; elapsed=2541562 ms
  Pair 3/
10
 : small-nonabelian-S3-PGL-36-12-index-6-dimension-2 -> rank-at-least-15-3^2.4\
-PGL-72-40-index-2-dimension-2 (108 -> 216) started; elapsed=2541562 ms
    status=no_embedding; method=abstract SmallGroup IDs; elapsed=2541562 ms
  Pair 4/
10
 : small-nonabelian-S3-PGL-36-12-index-6-dimension-2 -> rank-at-least-15-A_4,3\
-PGL-72-43-index-1-dimension-2 (108 -> 216) started; elapsed=2541562 ms
    status=no_embedding; method=abstract SmallGroup IDs; elapsed=2541562 ms
  Pair 5/
10
 : small-nonabelian-S3-PGL-36-12-index-6-dimension-2 -> rank-at-least-15-A_4-P\
GL-72-42-index-6-dimension-2 (108 -> 216) started; elapsed=2541562 ms
    status=no_embedding; method=abstract SmallGroup IDs; elapsed=2541562 ms
  Pair 6/
10
 : small-nonabelian-S3-PGL-36-12-index-6-dimension-2 -> rank-at-least-15-D_12-\
PGL-72-48-index-6-dimension-2 (108 -> 216) started; elapsed=2541562 ms
    status=no_embedding; method=filter; elapsed=2541562 ms
  Pair 7/
10
 : small-nonabelian-S3-PGL-36-12-index-6-dimension-2 -> rank-at-least-15-A_3,3\
-PGL-108-38-index-6-dimension-2 (108 -> 324) started; elapsed=2541562 ms
    status=embedded; method=A_strict; elapsed=2541671 ms
Candidate 58/
117
 : key=small-nonabelian-S3-PGL-36-12-index-6-dimension-2-representation-2; dim\
ension=2; order=108; possible targets=10; elapsed=2541671 ms
  Pair 1/
10
 : small-nonabelian-S3-PGL-36-12-index-6-dimension-2-representation-2 -> rank-\
at-least-15-S_3,3-PGL-72-46-index-2-dimension-2 (108 -> 216) started; elapsed=
2541671 ms
    status=no_embedding; method=filter; elapsed=2541671 ms
  Pair 2/
10
 : small-nonabelian-S3-PGL-36-12-index-6-dimension-2-representation-2 -> rank-\
at-least-15-S_3,3-PGL-72-40-index-2-dimension-2 (108 -> 216) started; elapsed=
2541671 ms
    status=no_embedding; method=abstract SmallGroup IDs; elapsed=2541671 ms
  Pair 3/
10
 : small-nonabelian-S3-PGL-36-12-index-6-dimension-2-representation-2 -> rank-\
at-least-15-3^2.4-PGL-72-40-index-2-dimension-2 (108 -> 216) started; elapsed=
2541671 ms
    status=no_embedding; method=abstract SmallGroup IDs; elapsed=2541671 ms
  Pair 4/
10
 : small-nonabelian-S3-PGL-36-12-index-6-dimension-2-representation-2 -> rank-\
at-least-15-A_4,3-PGL-72-43-index-1-dimension-2 (108 -> 216) started; elapsed=
2541671 ms
    status=no_embedding; method=abstract SmallGroup IDs; elapsed=2541671 ms
  Pair 5/
10
 : small-nonabelian-S3-PGL-36-12-index-6-dimension-2-representation-2 -> rank-\
at-least-15-A_4-PGL-72-42-index-6-dimension-2 (108 -> 216) started; elapsed=
2541671 ms
    status=no_embedding; method=abstract SmallGroup IDs; elapsed=2541671 ms
  Pair 6/
10
 : small-nonabelian-S3-PGL-36-12-index-6-dimension-2-representation-2 -> rank-\
at-least-15-D_12-PGL-72-48-index-6-dimension-2 (108 -> 216) started; elapsed=
2541671 ms
    status=no_embedding; method=filter; elapsed=2541671 ms
  Pair 7/
10
 : small-nonabelian-S3-PGL-36-12-index-6-dimension-2-representation-2 -> rank-\
at-least-15-A_3,3-PGL-108-38-index-6-dimension-2 (108 -> 
324) started; elapsed=2541671 ms
    status=no_embedding; method=filter; elapsed=2541671 ms
  Pair 8/
10
 : small-nonabelian-S3-PGL-36-12-index-6-dimension-2-representation-2 -> rank-\
at-least-15-A_3,3-PGL-108-38-index-6-dimension-2-representation-2 (108 -> 
324) started; elapsed=2541671 ms
    status=no_embedding; method=filter; elapsed=2541671 ms
  Pair 9/
10
 : small-nonabelian-S3-PGL-36-12-index-6-dimension-2-representation-2 -> rank-\
at-least-15-A_4,3-PGL-144-0-index-2-dimension-2 (108 -> 432) started; elapsed=
2541671 ms
    status=no_embedding; method=abstract SmallGroup IDs; elapsed=2541671 ms
  Pair 10/
10
 : small-nonabelian-S3-PGL-36-12-index-6-dimension-2-representation-2 -> rank-\
at-least-15-3^{1+4}:2-PGL-972-0-index-2-dimension-2 (108 -> 
2916) started; elapsed=2541671 ms
    status=no_embedding; method=filter; elapsed=2541671 ms
Candidate 59/
117: key=rank-at-least-15-S_4-PGL-48-48-index-2-dimension-2; dimension=
2; order=144; possible targets=1; elapsed=2541671 ms
  Pair 1/
1
 : rank-at-least-15-S_4-PGL-48-48-index-2-dimension-2 -> rank-at-least-15-A_4,3\
-PGL-144-0-index-2-dimension-2 (144 -> 432) started; elapsed=2541671 ms
    status=no_embedding; method=filter; elapsed=2541734 ms
Candidate 60/
117: key=rank-at-least-15-A_4-PGL-72-42-index-6-dimension-2; dimension=
2; order=216; possible targets=1; elapsed=2541734 ms
  Pair 1/
1
 : rank-at-least-15-A_4-PGL-72-42-index-6-dimension-2 -> rank-at-least-15-A_4,3\
-PGL-144-0-index-2-dimension-2 (216 -> 432) started; elapsed=2541734 ms
    status=no_embedding; method=filter; elapsed=2541859 ms
Progress: sources=60/117; direct removals=18; strict=227; undecided=
0; elapsed=2541859 ms
Candidate 61/
117: key=rank-at-least-15-D_12-PGL-72-48-index-6-dimension-2; dimension=
2; order=216; possible targets=1; elapsed=2541859 ms
  Pair 1/
1
 : rank-at-least-15-D_12-PGL-72-48-index-6-dimension-2 -> rank-at-least-15-A_4,\
3-PGL-144-0-index-2-dimension-2 (216 -> 432) started; elapsed=2541859 ms
    status=no_embedding; method=abstract SmallGroup IDs; elapsed=2550031 ms
Candidate 62/
117: key=rank-at-least-15-A_3,3-PGL-108-38-index-6-dimension-2; dimension=
2; order=324; possible targets=1; elapsed=2550031 ms
  Pair 1/
1
 : rank-at-least-15-A_3,3-PGL-108-38-index-6-dimension-2 -> rank-at-least-15-3^\
{1+4}:2-PGL-972-0-index-2-dimension-2 (324 -> 2916) started; elapsed=
2550031 ms
    status=no_embedding; method=filter; elapsed=2550031 ms
Candidate 63/
117
 : key=rank-at-least-15-A_3,3-PGL-108-38-index-6-dimension-2-representation-2;\
 dimension=2; order=324; possible targets=1; elapsed=2550031 ms
  Pair 1/
1
 : rank-at-least-15-A_3,3-PGL-108-38-index-6-dimension-2-representation-2 -> ra\
nk-at-least-15-3^{1+4}:2-PGL-972-0-index-2-dimension-2 (324 -> 
2916) started; elapsed=2550031 ms
    status=no_embedding; method=filter; elapsed=2550031 ms
Candidate 64/
117: key=liftable-abelian-1-PGL-6-2-index-6-dimension-3; dimension=3; order=
18; possible targets=15; elapsed=2550031 ms
  Pair 1/
15
 : liftable-abelian-1-PGL-6-2-index-6-dimension-3 -> liftable-abelian-1-PGL-12\
-2-index-12-dimension-3 (18 -> 36) started; elapsed=2550031 ms
    status=no_embedding; method=abstract SmallGroup IDs; elapsed=2550046 ms
  Pair 2/
15
 : liftable-abelian-1-PGL-6-2-index-6-dimension-3 -> liftable-abelian-1-PGL-12\
-2-index-12-dimension-3-representation-2 (18 -> 36) started; elapsed=
2550046 ms
    status=no_embedding; method=abstract SmallGroup IDs; elapsed=2550046 ms
  Pair 3/
15
 : liftable-abelian-1-PGL-6-2-index-6-dimension-3 -> liftable-abelian-C2-PGL-1\
2-5-index-6-dimension-3 (18 -> 36) started; elapsed=2550046 ms
    status=no_embedding; method=abstract SmallGroup IDs; elapsed=2550046 ms
  Pair 4/
15
 : liftable-abelian-1-PGL-6-2-index-6-dimension-3 -> small-nonabelian-C2^2-PGL\
-12-3-index-3-dimension-3 (18 -> 36) started; elapsed=2550046 ms
    status=no_embedding; method=abstract SmallGroup IDs; elapsed=2550046 ms
  Pair 5/
15
 : liftable-abelian-1-PGL-6-2-index-6-dimension-3 -> small-nonabelian-S3-PGL-1\
2-4-index-2-dimension-3 (18 -> 36) started; elapsed=2550046 ms
    status=no_embedding; method=abstract SmallGroup IDs; elapsed=2550062 ms
  Pair 6/
15
 : liftable-abelian-1-PGL-6-2-index-6-dimension-3 -> small-nonabelian-S3-PGL-1\
2-4-index-2-dimension-3-representation-2 (18 -> 36) started; elapsed=
2550062 ms
    status=no_embedding; method=abstract SmallGroup IDs; elapsed=2550062 ms
  Pair 7/
15
 : liftable-abelian-1-PGL-6-2-index-6-dimension-3 -> small-nonabelian-C3-PGL-1\
8-3-index-6-dimension-3 (18 -> 54) started; elapsed=2550062 ms
    status=no_embedding; method=abstract SmallGroup IDs; elapsed=2550078 ms
  Pair 8/
15
 : liftable-abelian-1-PGL-6-2-index-6-dimension-3 -> small-nonabelian-S3-PGL-1\
8-3-index-3-dimension-3 (18 -> 54) started; elapsed=2550078 ms
    status=no_embedding; method=abstract SmallGroup IDs; elapsed=2550078 ms
  Pair 9/
15
 : liftable-abelian-1-PGL-6-2-index-6-dimension-3 -> rank-at-least-15-S_4-PGL-\
24-0-index-1-dimension-3 (18 -> 72) started; elapsed=2550078 ms
    status=no_embedding; method=abstract SmallGroup IDs; elapsed=2550093 ms
  Pair 10/
15
 : liftable-abelian-1-PGL-6-2-index-6-dimension-3 -> rank-at-least-15-A_4-PGL-\
24-13-index-2-dimension-3 (18 -> 72) started; elapsed=2550093 ms
    status=no_embedding; method=abstract SmallGroup IDs; elapsed=2550109 ms
  Pair 11/
15
 : liftable-abelian-1-PGL-6-2-index-6-dimension-3 -> small-nonabelian-C2^2-PGL\
-24-10-index-6-dimension-3 (18 -> 72) started; elapsed=2550109 ms
    status=no_embedding; method=abstract SmallGroup IDs; elapsed=2550125 ms
  Pair 12/
15
 : liftable-abelian-1-PGL-6-2-index-6-dimension-3 -> small-nonabelian-S3-PGL-2\
4-5-index-4-dimension-3 (18 -> 72) started; elapsed=2550125 ms
    status=no_embedding; method=abstract SmallGroup IDs; elapsed=2550140 ms
  Pair 13/
15
 : liftable-abelian-1-PGL-6-2-index-6-dimension-3 -> small-nonabelian-S3-PGL-3\
6-12-index-6-dimension-3 (18 -> 108) started; elapsed=2550140 ms
    status=no_embedding; method=abstract SmallGroup IDs; elapsed=2550156 ms
  Pair 14/
15
 : liftable-abelian-1-PGL-6-2-index-6-dimension-3 -> small-nonabelian-S3-PGL-3\
6-12-index-6-dimension-3-representation-2 (18 -> 108) started; elapsed=
2550156 ms
    status=no_embedding; method=abstract SmallGroup IDs; elapsed=2550156 ms
  Pair 15/
15
 : liftable-abelian-1-PGL-6-2-index-6-dimension-3 -> rank-at-least-15-S_4-PGL-\
48-0-index-2-dimension-3 (18 -> 144) started; elapsed=2550156 ms
    status=no_embedding; method=abstract SmallGroup IDs; elapsed=2550187 ms
Candidate 65/
117: key=liftable-abelian-1-PGL-8-1-index-8-dimension-3; dimension=3; order=
24; possible targets=6; elapsed=2550187 ms
  Pair 1/
6
 : liftable-abelian-1-PGL-8-1-index-8-dimension-3 -> rank-at-least-15-D_8-PGL-1\
6-13-index-2-dimension-3 (24 -> 48) started; elapsed=2550187 ms
    status=no_embedding; method=abstract SmallGroup IDs; elapsed=2550203 ms
  Pair 2/
6
 : liftable-abelian-1-PGL-8-1-index-8-dimension-3 -> rank-at-least-15-S_4-PGL-2\
4-0-index-1-dimension-3 (24 -> 72) started; elapsed=2550203 ms
    status=no_embedding; method=abstract SmallGroup IDs; elapsed=2550203 ms
  Pair 3/
6
 : liftable-abelian-1-PGL-8-1-index-8-dimension-3 -> rank-at-least-15-A_4-PGL-2\
4-13-index-2-dimension-3 (24 -> 72) started; elapsed=2550203 ms
    status=no_embedding; method=abstract SmallGroup IDs; elapsed=2550218 ms
  Pair 4/
6
 : liftable-abelian-1-PGL-8-1-index-8-dimension-3 -> small-nonabelian-C2^2-PGL-\
24-10-index-6-dimension-3 (24 -> 72) started; elapsed=2550218 ms
    status=no_embedding; method=abstract SmallGroup IDs; elapsed=2550234 ms
  Pair 5/
6
 : liftable-abelian-1-PGL-8-1-index-8-dimension-3 -> small-nonabelian-S3-PGL-24\
-5-index-4-dimension-3 (24 -> 72) started; elapsed=2550234 ms
    status=no_embedding; method=abstract SmallGroup IDs; elapsed=2550265 ms
  Pair 6/
6
 : liftable-abelian-1-PGL-8-1-index-8-dimension-3 -> rank-at-least-15-S_4-PGL-4\
8-0-index-2-dimension-3 (24 -> 144) started; elapsed=2550265 ms
    status=no_embedding; method=abstract SmallGroup IDs; elapsed=2550296 ms
Progress: sources=65/117; direct removals=18; strict=229; undecided=
0; elapsed=2550296 ms
Candidate 66/
117
 : key=liftable-abelian-1-PGL-8-1-index-8-dimension-3-representation-2; dimens\
ion=3; order=24; possible targets=6; elapsed=2550296 ms
  Pair 1/
6
 : liftable-abelian-1-PGL-8-1-index-8-dimension-3-representation-2 -> rank-at-l\
east-15-D_8-PGL-16-13-index-2-dimension-3 (24 -> 48) started; elapsed=
2550296 ms
    status=no_embedding; method=abstract SmallGroup IDs; elapsed=2550296 ms
  Pair 2/
6
 : liftable-abelian-1-PGL-8-1-index-8-dimension-3-representation-2 -> rank-at-l\
east-15-S_4-PGL-24-0-index-1-dimension-3 (24 -> 72) started; elapsed=
2550296 ms
    status=no_embedding; method=abstract SmallGroup IDs; elapsed=2550296 ms
  Pair 3/
6
 : liftable-abelian-1-PGL-8-1-index-8-dimension-3-representation-2 -> rank-at-l\
east-15-A_4-PGL-24-13-index-2-dimension-3 (24 -> 72) started; elapsed=
2550296 ms
    status=no_embedding; method=abstract SmallGroup IDs; elapsed=2550296 ms
  Pair 4/
6
 : liftable-abelian-1-PGL-8-1-index-8-dimension-3-representation-2 -> small-non\
abelian-C2^2-PGL-24-10-index-6-dimension-3 (24 -> 72) started; elapsed=
2550296 ms
    status=no_embedding; method=abstract SmallGroup IDs; elapsed=2550296 ms
  Pair 5/
6
 : liftable-abelian-1-PGL-8-1-index-8-dimension-3-representation-2 -> small-non\
abelian-S3-PGL-24-5-index-4-dimension-3 (24 -> 72) started; elapsed=2550296 ms
    status=no_embedding; method=abstract SmallGroup IDs; elapsed=2550296 ms
  Pair 6/
6
 : liftable-abelian-1-PGL-8-1-index-8-dimension-3-representation-2 -> rank-at-l\
east-15-S_4-PGL-48-0-index-2-dimension-3 (24 -> 144) started; elapsed=
2550296 ms
    status=no_embedding; method=abstract SmallGroup IDs; elapsed=2550296 ms
Candidate 67/
117
 : key=liftable-abelian-1-PGL-8-1-index-8-dimension-3-representation-3; dimens\
ion=3; order=24; possible targets=6; elapsed=2550296 ms
  Pair 1/
6
 : liftable-abelian-1-PGL-8-1-index-8-dimension-3-representation-3 -> rank-at-l\
east-15-D_8-PGL-16-13-index-2-dimension-3 (24 -> 48) started; elapsed=
2550296 ms
    status=no_embedding; method=abstract SmallGroup IDs; elapsed=2550296 ms
  Pair 2/
6
 : liftable-abelian-1-PGL-8-1-index-8-dimension-3-representation-3 -> rank-at-l\
east-15-S_4-PGL-24-0-index-1-dimension-3 (24 -> 72) started; elapsed=
2550296 ms
    status=no_embedding; method=abstract SmallGroup IDs; elapsed=2550296 ms
  Pair 3/
6
 : liftable-abelian-1-PGL-8-1-index-8-dimension-3-representation-3 -> rank-at-l\
east-15-A_4-PGL-24-13-index-2-dimension-3 (24 -> 72) started; elapsed=
2550296 ms
    status=no_embedding; method=abstract SmallGroup IDs; elapsed=2550296 ms
  Pair 4/
6
 : liftable-abelian-1-PGL-8-1-index-8-dimension-3-representation-3 -> small-non\
abelian-C2^2-PGL-24-10-index-6-dimension-3 (24 -> 72) started; elapsed=
2550296 ms
    status=no_embedding; method=abstract SmallGroup IDs; elapsed=2550296 ms
  Pair 5/
6
 : liftable-abelian-1-PGL-8-1-index-8-dimension-3-representation-3 -> small-non\
abelian-S3-PGL-24-5-index-4-dimension-3 (24 -> 72) started; elapsed=2550296 ms
    status=no_embedding; method=abstract SmallGroup IDs; elapsed=2550296 ms
  Pair 6/
6
 : liftable-abelian-1-PGL-8-1-index-8-dimension-3-representation-3 -> rank-at-l\
east-15-S_4-PGL-48-0-index-2-dimension-3 (24 -> 144) started; elapsed=
2550296 ms
    status=no_embedding; method=abstract SmallGroup IDs; elapsed=2550296 ms
Candidate 68/
117: key=small-nonabelian-C4-PGL-8-4-index-2-dimension-3; dimension=3; order=
24; possible targets=6; elapsed=2550296 ms
  Pair 1/
6
 : small-nonabelian-C4-PGL-8-4-index-2-dimension-3 -> rank-at-least-15-D_8-PGL-\
16-13-index-2-dimension-3 (24 -> 48) started; elapsed=2550296 ms
    status=embedded; method=A_strict; elapsed=2550703 ms
Candidate 69/
117: key=small-nonabelian-C4-PGL-8-3-index-2-dimension-3; dimension=3; order=
24; possible targets=6; elapsed=2550703 ms
  Pair 1/
6
 : small-nonabelian-C4-PGL-8-3-index-2-dimension-3 -> rank-at-least-15-D_8-PGL-\
16-13-index-2-dimension-3 (24 -> 48) started; elapsed=2550703 ms
    status=no_embedding; method=filter; elapsed=2551000 ms
  Pair 2/
6
 : small-nonabelian-C4-PGL-8-3-index-2-dimension-3 -> rank-at-least-15-S_4-PGL-\
24-0-index-1-dimension-3 (24 -> 72) started; elapsed=2551000 ms
    status=no_embedding; method=filter; elapsed=2551343 ms
  Pair 3/
6
 : small-nonabelian-C4-PGL-8-3-index-2-dimension-3 -> rank-at-least-15-A_4-PGL-\
24-13-index-2-dimension-3 (24 -> 72) started; elapsed=2551343 ms
    status=no_embedding; method=abstract SmallGroup IDs; elapsed=2551343 ms
  Pair 4/
6
 : small-nonabelian-C4-PGL-8-3-index-2-dimension-3 -> small-nonabelian-C2^2-PGL\
-24-10-index-6-dimension-3 (24 -> 72) started; elapsed=2551343 ms
    status=no_embedding; method=filter; elapsed=2551546 ms
  Pair 5/
6
 : small-nonabelian-C4-PGL-8-3-index-2-dimension-3 -> small-nonabelian-S3-PGL-2\
4-5-index-4-dimension-3 (24 -> 72) started; elapsed=2551546 ms
    status=no_embedding; method=abstract SmallGroup IDs; elapsed=2551562 ms
  Pair 6/
6
 : small-nonabelian-C4-PGL-8-3-index-2-dimension-3 -> rank-at-least-15-S_4-PGL-\
48-0-index-2-dimension-3 (24 -> 144) started; elapsed=2551562 ms
    status=no_embedding; method=filter; elapsed=2551812 ms
Candidate 70/
117: key=liftable-abelian-C3-PGL-9-2-index-3-dimension-3; dimension=3; order=
27; possible targets=4; elapsed=2551812 ms
  Pair 1/
4
 : liftable-abelian-C3-PGL-9-2-index-3-dimension-3 -> small-nonabelian-C3-PGL-1\
8-3-index-6-dimension-3 (27 -> 54) started; elapsed=2551812 ms
#I  The group tested requires many generators. `IsomorphicSubgroups' often
#I  does not perform well for such groups -- see the documentation.
    status=no_embedding; method=filter; elapsed=2563500 ms
  Pair 2/
4
 : liftable-abelian-C3-PGL-9-2-index-3-dimension-3 -> small-nonabelian-S3-PGL-1\
8-3-index-3-dimension-3 (27 -> 54) started; elapsed=2563500 ms
    status=no_embedding; method=filter; elapsed=2563500 ms
  Pair 3/
4
 : liftable-abelian-C3-PGL-9-2-index-3-dimension-3 -> small-nonabelian-S3-PGL-3\
6-12-index-6-dimension-3 (27 -> 108) started; elapsed=2563500 ms
    status=no_embedding; method=filter; elapsed=2575796 ms
  Pair 4/
4
 : liftable-abelian-C3-PGL-9-2-index-3-dimension-3 -> small-nonabelian-S3-PGL-3\
6-12-index-6-dimension-3-representation-2 (27 -> 108) started; elapsed=
2575796 ms
    status=no_embedding; method=filter; elapsed=2575796 ms
Progress: sources=70/117; direct removals=19; strict=238; undecided=
0; elapsed=2575796 ms
Candidate 71/
117: key=liftable-abelian-1-PGL-12-2-index-12-dimension-3; dimension=3; order=
36; possible targets=7; elapsed=2575796 ms
  Pair 1/
7
 : liftable-abelian-1-PGL-12-2-index-12-dimension-3 -> rank-at-least-15-S_4-PGL\
-24-0-index-1-dimension-3 (36 -> 72) started; elapsed=2575796 ms
    status=no_embedding; method=abstract SmallGroup IDs; elapsed=2575812 ms
  Pair 2/
7
 : liftable-abelian-1-PGL-12-2-index-12-dimension-3 -> rank-at-least-15-A_4-PGL\
-24-13-index-2-dimension-3 (36 -> 72) started; elapsed=2575812 ms
    status=no_embedding; method=abstract SmallGroup IDs; elapsed=2575812 ms
  Pair 3/
7
 : liftable-abelian-1-PGL-12-2-index-12-dimension-3 -> small-nonabelian-C2^2-PG\
L-24-10-index-6-dimension-3 (36 -> 72) started; elapsed=2575812 ms
    status=no_embedding; method=filter; elapsed=2575890 ms
  Pair 4/
7
 : liftable-abelian-1-PGL-12-2-index-12-dimension-3 -> small-nonabelian-S3-PGL-\
24-5-index-4-dimension-3 (36 -> 72) started; elapsed=2575890 ms
    status=no_embedding; method=filter; elapsed=2576406 ms
  Pair 5/
7
 : liftable-abelian-1-PGL-12-2-index-12-dimension-3 -> small-nonabelian-S3-PGL-\
36-12-index-6-dimension-3 (36 -> 108) started; elapsed=2576406 ms
    status=no_embedding; method=abstract SmallGroup IDs; elapsed=2576406 ms
  Pair 6/
7
 : liftable-abelian-1-PGL-12-2-index-12-dimension-3 -> small-nonabelian-S3-PGL-\
36-12-index-6-dimension-3-representation-2 (36 -> 108) started; elapsed=
2576406 ms
    status=no_embedding; method=abstract SmallGroup IDs; elapsed=2576406 ms
  Pair 7/
7
 : liftable-abelian-1-PGL-12-2-index-12-dimension-3 -> rank-at-least-15-S_4-PGL\
-48-0-index-2-dimension-3 (36 -> 144) started; elapsed=2576406 ms
    status=no_embedding; method=abstract SmallGroup IDs; elapsed=2576406 ms
Candidate 72/
117
 : key=liftable-abelian-1-PGL-12-2-index-12-dimension-3-representation-2; dime\
nsion=3; order=36; possible targets=7; elapsed=2576406 ms
  Pair 1/
7
 : liftable-abelian-1-PGL-12-2-index-12-dimension-3-representation-2 -> rank-at\
-least-15-S_4-PGL-24-0-index-1-dimension-3 (36 -> 72) started; elapsed=
2576406 ms
    status=no_embedding; method=abstract SmallGroup IDs; elapsed=2576406 ms
  Pair 2/
7
 : liftable-abelian-1-PGL-12-2-index-12-dimension-3-representation-2 -> rank-at\
-least-15-A_4-PGL-24-13-index-2-dimension-3 (36 -> 72) started; elapsed=
2576406 ms
    status=no_embedding; method=abstract SmallGroup IDs; elapsed=2576406 ms
  Pair 3/
7
 : liftable-abelian-1-PGL-12-2-index-12-dimension-3-representation-2 -> small-n\
onabelian-C2^2-PGL-24-10-index-6-dimension-3 (36 -> 72) started; elapsed=
2576406 ms
    status=no_embedding; method=filter; elapsed=2576406 ms
  Pair 4/
7
 : liftable-abelian-1-PGL-12-2-index-12-dimension-3-representation-2 -> small-n\
onabelian-S3-PGL-24-5-index-4-dimension-3 (36 -> 72) started; elapsed=
2576406 ms
    status=no_embedding; method=filter; elapsed=2576406 ms
  Pair 5/
7
 : liftable-abelian-1-PGL-12-2-index-12-dimension-3-representation-2 -> small-n\
onabelian-S3-PGL-36-12-index-6-dimension-3 (36 -> 108) started; elapsed=
2576406 ms
    status=no_embedding; method=abstract SmallGroup IDs; elapsed=2576406 ms
  Pair 6/
7
 : liftable-abelian-1-PGL-12-2-index-12-dimension-3-representation-2 -> small-n\
onabelian-S3-PGL-36-12-index-6-dimension-3-representation-2 (36 -> 
108) started; elapsed=2576406 ms
    status=no_embedding; method=abstract SmallGroup IDs; elapsed=2576406 ms
  Pair 7/
7
 : liftable-abelian-1-PGL-12-2-index-12-dimension-3-representation-2 -> rank-at\
-least-15-S_4-PGL-48-0-index-2-dimension-3 (36 -> 144) started; elapsed=
2576406 ms
    status=no_embedding; method=abstract SmallGroup IDs; elapsed=2576406 ms
Candidate 73/
117: key=liftable-abelian-C2-PGL-12-5-index-6-dimension-3; dimension=3; order=
36; possible targets=7; elapsed=2576406 ms
  Pair 1/
7
 : liftable-abelian-C2-PGL-12-5-index-6-dimension-3 -> rank-at-least-15-S_4-PGL\
-24-0-index-1-dimension-3 (36 -> 72) started; elapsed=2576406 ms
    status=no_embedding; method=abstract SmallGroup IDs; elapsed=2576421 ms
  Pair 2/
7
 : liftable-abelian-C2-PGL-12-5-index-6-dimension-3 -> rank-at-least-15-A_4-PGL\
-24-13-index-2-dimension-3 (36 -> 72) started; elapsed=2576421 ms
    status=no_embedding; method=abstract SmallGroup IDs; elapsed=2576500 ms
  Pair 3/
7
 : liftable-abelian-C2-PGL-12-5-index-6-dimension-3 -> small-nonabelian-C2^2-PG\
L-24-10-index-6-dimension-3 (36 -> 72) started; elapsed=2576500 ms
    status=no_embedding; method=filter; elapsed=2577125 ms
  Pair 4/
7
 : liftable-abelian-C2-PGL-12-5-index-6-dimension-3 -> small-nonabelian-S3-PGL-\
24-5-index-4-dimension-3 (36 -> 72) started; elapsed=2577125 ms
    status=no_embedding; method=abstract SmallGroup IDs; elapsed=2577171 ms
  Pair 5/
7
 : liftable-abelian-C2-PGL-12-5-index-6-dimension-3 -> small-nonabelian-S3-PGL-\
36-12-index-6-dimension-3 (36 -> 108) started; elapsed=2577171 ms
    status=no_embedding; method=filter; elapsed=2577812 ms
  Pair 6/
7
 : liftable-abelian-C2-PGL-12-5-index-6-dimension-3 -> small-nonabelian-S3-PGL-\
36-12-index-6-dimension-3-representation-2 (36 -> 108) started; elapsed=
2577812 ms
    status=no_embedding; method=filter; elapsed=2577812 ms
  Pair 7/
7
 : liftable-abelian-C2-PGL-12-5-index-6-dimension-3 -> rank-at-least-15-S_4-PGL\
-48-0-index-2-dimension-3 (36 -> 144) started; elapsed=2577812 ms
    status=no_embedding; method=abstract SmallGroup IDs; elapsed=2577890 ms
Candidate 74/
117: key=small-nonabelian-C2^2-PGL-12-3-index-3-dimension-3; dimension=
3; order=36; possible targets=7; elapsed=2577890 ms
  Pair 1/
7
 : small-nonabelian-C2^2-PGL-12-3-index-3-dimension-3 -> rank-at-least-15-S_4-P\
GL-24-0-index-1-dimension-3 (36 -> 72) started; elapsed=2577890 ms
    status=no_embedding; method=filter; elapsed=2578031 ms
  Pair 2/
7
 : small-nonabelian-C2^2-PGL-12-3-index-3-dimension-3 -> rank-at-least-15-A_4-P\
GL-24-13-index-2-dimension-3 (36 -> 72) started; elapsed=2578031 ms
    status=no_embedding; method=filter; elapsed=2578218 ms
  Pair 3/
7
 : small-nonabelian-C2^2-PGL-12-3-index-3-dimension-3 -> small-nonabelian-C2^2-\
PGL-24-10-index-6-dimension-3 (36 -> 72) started; elapsed=2578218 ms
    status=no_embedding; method=abstract SmallGroup IDs; elapsed=2578234 ms
  Pair 4/
7
 : small-nonabelian-C2^2-PGL-12-3-index-3-dimension-3 -> small-nonabelian-S3-PG\
L-24-5-index-4-dimension-3 (36 -> 72) started; elapsed=2578234 ms
    status=no_embedding; method=abstract SmallGroup IDs; elapsed=2578250 ms
  Pair 5/
7
 : small-nonabelian-C2^2-PGL-12-3-index-3-dimension-3 -> small-nonabelian-S3-PG\
L-36-12-index-6-dimension-3 (36 -> 108) started; elapsed=2578250 ms
    status=no_embedding; method=abstract SmallGroup IDs; elapsed=2578343 ms
  Pair 6/
7
 : small-nonabelian-C2^2-PGL-12-3-index-3-dimension-3 -> small-nonabelian-S3-PG\
L-36-12-index-6-dimension-3-representation-2 (36 -> 108) started; elapsed=
2578343 ms
    status=no_embedding; method=abstract SmallGroup IDs; elapsed=2578343 ms
  Pair 7/
7
 : small-nonabelian-C2^2-PGL-12-3-index-3-dimension-3 -> rank-at-least-15-S_4-P\
GL-48-0-index-2-dimension-3 (36 -> 144) started; elapsed=2578343 ms
    status=no_embedding; method=filter; elapsed=2578375 ms
Candidate 75/
117: key=small-nonabelian-S3-PGL-12-4-index-2-dimension-3; dimension=3; order=
36; possible targets=7; elapsed=2578375 ms
  Pair 1/
7
 : small-nonabelian-S3-PGL-12-4-index-2-dimension-3 -> rank-at-least-15-S_4-PGL\
-24-0-index-1-dimension-3 (36 -> 72) started; elapsed=2578375 ms
    status=no_embedding; method=abstract SmallGroup IDs; elapsed=2578390 ms
  Pair 2/
7
 : small-nonabelian-S3-PGL-12-4-index-2-dimension-3 -> rank-at-least-15-A_4-PGL\
-24-13-index-2-dimension-3 (36 -> 72) started; elapsed=2578390 ms
    status=no_embedding; method=abstract SmallGroup IDs; elapsed=2578421 ms
  Pair 3/
7
 : small-nonabelian-S3-PGL-12-4-index-2-dimension-3 -> small-nonabelian-C2^2-PG\
L-24-10-index-6-dimension-3 (36 -> 72) started; elapsed=2578421 ms
    status=no_embedding; method=abstract SmallGroup IDs; elapsed=2578484 ms
  Pair 4/
7
 : small-nonabelian-S3-PGL-12-4-index-2-dimension-3 -> small-nonabelian-S3-PGL-\
24-5-index-4-dimension-3 (36 -> 72) started; elapsed=2578484 ms
    status=no_embedding; method=filter; elapsed=2578515 ms
  Pair 5/
7
 : small-nonabelian-S3-PGL-12-4-index-2-dimension-3 -> small-nonabelian-S3-PGL-\
36-12-index-6-dimension-3 (36 -> 108) started; elapsed=2578515 ms
    status=no_embedding; method=filter; elapsed=2578609 ms
  Pair 6/
7
 : small-nonabelian-S3-PGL-12-4-index-2-dimension-3 -> small-nonabelian-S3-PGL-\
36-12-index-6-dimension-3-representation-2 (36 -> 108) started; elapsed=
2578609 ms
    status=no_embedding; method=filter; elapsed=2578609 ms
  Pair 7/
7
 : small-nonabelian-S3-PGL-12-4-index-2-dimension-3 -> rank-at-least-15-S_4-PGL\
-48-0-index-2-dimension-3 (36 -> 144) started; elapsed=2578609 ms
    status=no_embedding; method=filter; elapsed=2578671 ms
Progress: sources=75/117; direct removals=19; strict=252; undecided=
0; elapsed=2578671 ms
Candidate 76/
117
 : key=small-nonabelian-S3-PGL-12-4-index-2-dimension-3-representation-2; dime\
nsion=3; order=36; possible targets=7; elapsed=2578671 ms
  Pair 1/
7
 : small-nonabelian-S3-PGL-12-4-index-2-dimension-3-representation-2 -> rank-at\
-least-15-S_4-PGL-24-0-index-1-dimension-3 (36 -> 72) started; elapsed=
2578671 ms
    status=no_embedding; method=abstract SmallGroup IDs; elapsed=2578671 ms
  Pair 2/
7
 : small-nonabelian-S3-PGL-12-4-index-2-dimension-3-representation-2 -> rank-at\
-least-15-A_4-PGL-24-13-index-2-dimension-3 (36 -> 72) started; elapsed=
2578671 ms
    status=no_embedding; method=abstract SmallGroup IDs; elapsed=2578671 ms
  Pair 3/
7
 : small-nonabelian-S3-PGL-12-4-index-2-dimension-3-representation-2 -> small-n\
onabelian-C2^2-PGL-24-10-index-6-dimension-3 (36 -> 72) started; elapsed=
2578671 ms
    status=no_embedding; method=abstract SmallGroup IDs; elapsed=2578671 ms
  Pair 4/
7
 : small-nonabelian-S3-PGL-12-4-index-2-dimension-3-representation-2 -> small-n\
onabelian-S3-PGL-24-5-index-4-dimension-3 (36 -> 72) started; elapsed=
2578671 ms
    status=no_embedding; method=filter; elapsed=2578671 ms
  Pair 5/
7
 : small-nonabelian-S3-PGL-12-4-index-2-dimension-3-representation-2 -> small-n\
onabelian-S3-PGL-36-12-index-6-dimension-3 (36 -> 108) started; elapsed=
2578671 ms
    status=no_embedding; method=filter; elapsed=2578671 ms
  Pair 6/
7
 : small-nonabelian-S3-PGL-12-4-index-2-dimension-3-representation-2 -> small-n\
onabelian-S3-PGL-36-12-index-6-dimension-3-representation-2 (36 -> 
108) started; elapsed=2578671 ms
    status=no_embedding; method=filter; elapsed=2578671 ms
  Pair 7/
7
 : small-nonabelian-S3-PGL-12-4-index-2-dimension-3-representation-2 -> rank-at\
-least-15-S_4-PGL-48-0-index-2-dimension-3 (36 -> 144) started; elapsed=
2578671 ms
    status=no_embedding; method=filter; elapsed=2578671 ms
Candidate 77/
117: key=rank-at-least-15-D_8-PGL-16-13-index-2-dimension-3; dimension=
3; order=48; possible targets=1; elapsed=2578671 ms
  Pair 1/
1
 : rank-at-least-15-D_8-PGL-16-13-index-2-dimension-3 -> rank-at-least-15-S_4-P\
GL-48-0-index-2-dimension-3 (48 -> 144) started; elapsed=2578671 ms
    status=no_embedding; method=abstract SmallGroup IDs; elapsed=2578671 ms
Candidate 78/
117: key=small-nonabelian-C3-PGL-18-3-index-6-dimension-3; dimension=3; order=
54; possible targets=2; elapsed=2578671 ms
  Pair 1/
2
 : small-nonabelian-C3-PGL-18-3-index-6-dimension-3 -> small-nonabelian-S3-PGL-\
36-12-index-6-dimension-3 (54 -> 108) started; elapsed=2578671 ms
    status=no_embedding; method=filter; elapsed=2578671 ms
  Pair 2/
2
 : small-nonabelian-C3-PGL-18-3-index-6-dimension-3 -> small-nonabelian-S3-PGL-\
36-12-index-6-dimension-3-representation-2 (54 -> 108) started; elapsed=
2578671 ms
    status=no_embedding; method=filter; elapsed=2578671 ms
Candidate 79/
117: key=small-nonabelian-S3-PGL-18-3-index-3-dimension-3; dimension=3; order=
54; possible targets=2; elapsed=2578671 ms
  Pair 1/
2
 : small-nonabelian-S3-PGL-18-3-index-3-dimension-3 -> small-nonabelian-S3-PGL-\
36-12-index-6-dimension-3 (54 -> 108) started; elapsed=2578671 ms
    status=no_embedding; method=filter; elapsed=2578671 ms
  Pair 2/
2
 : small-nonabelian-S3-PGL-18-3-index-3-dimension-3 -> small-nonabelian-S3-PGL-\
36-12-index-6-dimension-3-representation-2 (54 -> 108) started; elapsed=
2578671 ms
    status=no_embedding; method=filter; elapsed=2578671 ms
Candidate 80/
117: key=rank-at-least-15-A_4-PGL-24-13-index-2-dimension-3; dimension=
3; order=72; possible targets=1; elapsed=2578671 ms
  Pair 1/
1
 : rank-at-least-15-A_4-PGL-24-13-index-2-dimension-3 -> rank-at-least-15-S_4-P\
GL-48-0-index-2-dimension-3 (72 -> 144) started; elapsed=2578671 ms
    status=no_embedding; method=filter; elapsed=2578671 ms
Progress: sources=80/117; direct removals=19; strict=261; undecided=
0; elapsed=2578671 ms
Candidate 81/
117: key=small-nonabelian-C2^2-PGL-24-10-index-6-dimension-3; dimension=
3; order=72; possible targets=1; elapsed=2578671 ms
  Pair 1/
1
 : small-nonabelian-C2^2-PGL-24-10-index-6-dimension-3 -> rank-at-least-15-S_4-\
PGL-48-0-index-2-dimension-3 (72 -> 144) started; elapsed=2578671 ms
    status=no_embedding; method=abstract SmallGroup IDs; elapsed=2578718 ms
Candidate 82/
117: key=small-nonabelian-S3-PGL-24-5-index-4-dimension-3; dimension=3; order=
72; possible targets=1; elapsed=2578718 ms
  Pair 1/
1
 : small-nonabelian-S3-PGL-24-5-index-4-dimension-3 -> rank-at-least-15-S_4-PGL\
-48-0-index-2-dimension-3 (72 -> 144) started; elapsed=2578718 ms
    status=no_embedding; method=abstract SmallGroup IDs; elapsed=2578765 ms
Candidate 83/
117: key=small-nonabelian-S3-PGL-36-12-index-6-dimension-3; dimension=
3; order=108; possible targets=0; elapsed=2578765 ms
Candidate 84/
117
 : key=small-nonabelian-S3-PGL-36-12-index-6-dimension-3-representation-2; dim\
ension=3; order=108; possible targets=0; elapsed=2578765 ms
Candidate 85/
117: key=liftable-abelian-C2-PGL-4-1-index-2-dimension-4; dimension=4; order=
12; possible targets=10; elapsed=2578765 ms
  Pair 1/
10
 : liftable-abelian-C2-PGL-4-1-index-2-dimension-4 -> liftable-abelian-C2-PGL-\
8-2-index-4-dimension-4 (12 -> 24) started; elapsed=2578765 ms
    status=no_embedding; method=filter; elapsed=2578953 ms
  Pair 2/
10
 : liftable-abelian-C2-PGL-4-1-index-2-dimension-4 -> liftable-abelian-C4-PGL-\
8-2-index-2-dimension-4 (12 -> 24) started; elapsed=2578953 ms
    status=embedded; method=literal_matrix_subgroup; elapsed=2578953 ms
Progress: sources=85/117; direct removals=20; strict=263; undecided=
0; elapsed=2578953 ms
Candidate 86/
117: key=liftable-abelian-1-PGL-6-2-index-6-dimension-4; dimension=4; order=
18; possible targets=9; elapsed=2578953 ms
  Pair 1/
9
 : liftable-abelian-1-PGL-6-2-index-6-dimension-4 -> rank-at-least-15-A_4-PGL-1\
2-0-index-1-dimension-4 (18 -> 36) started; elapsed=2578953 ms
    status=no_embedding; method=abstract SmallGroup IDs; elapsed=2578968 ms
  Pair 2/
9
 : liftable-abelian-1-PGL-6-2-index-6-dimension-4 -> rank-at-least-15-D_12-PGL-\
12-0-index-1-dimension-4 (18 -> 36) started; elapsed=2578968 ms
    status=no_embedding; method=filter; elapsed=2579156 ms
  Pair 3/
9
 : liftable-abelian-1-PGL-6-2-index-6-dimension-4 -> liftable-abelian-C2^2-PGL-\
12-5-index-3-dimension-4 (18 -> 36) started; elapsed=2579156 ms
    status=no_embedding; method=filter; elapsed=2579578 ms
  Pair 4/
9
 : liftable-abelian-1-PGL-6-2-index-6-dimension-4 -> rank-at-least-15-A_3,3-PGL\
-18-0-index-1-dimension-4 (18 -> 54) started; elapsed=2579578 ms
    status=no_embedding; method=abstract SmallGroup IDs; elapsed=2579593 ms
  Pair 5/
9
 : liftable-abelian-1-PGL-6-2-index-6-dimension-4 -> small-nonabelian-C3-PGL-18\
-3-index-6-dimension-4 (18 -> 54) started; elapsed=2579593 ms
    status=no_embedding; method=filter; elapsed=2579687 ms
  Pair 6/
9
 : liftable-abelian-1-PGL-6-2-index-6-dimension-4 -> small-nonabelian-C3-PGL-18\
-3-index-6-dimension-4-representation-2 (18 -> 54) started; elapsed=2579687 ms
    status=no_embedding; method=filter; elapsed=2579687 ms
  Pair 7/
9
 : liftable-abelian-1-PGL-6-2-index-6-dimension-4 -> rank-at-least-15-A_4-PGL-2\
4-0-index-2-dimension-4 (18 -> 72) started; elapsed=2579687 ms
    status=no_embedding; method=abstract SmallGroup IDs; elapsed=2579703 ms
  Pair 8/
9
 : liftable-abelian-1-PGL-6-2-index-6-dimension-4 -> rank-at-least-15-D_12-PGL-\
24-14-index-2-dimension-4 (18 -> 72) started; elapsed=2579703 ms
    status=no_embedding; method=filter; elapsed=2580000 ms
  Pair 9/
9
 : liftable-abelian-1-PGL-6-2-index-6-dimension-4 -> rank-at-least-15-A_3,3-PGL\
-36-0-index-2-dimension-4 (18 -> 108) started; elapsed=2580000 ms
    status=no_embedding; method=filter; elapsed=2580281 ms
Candidate 87/
117: key=liftable-abelian-C3-PGL-6-2-index-2-dimension-4; dimension=4; order=
18; possible targets=9; elapsed=2580281 ms
  Pair 1/
9
 : liftable-abelian-C3-PGL-6-2-index-2-dimension-4 -> rank-at-least-15-A_4-PGL-\
12-0-index-1-dimension-4 (18 -> 36) started; elapsed=2580281 ms
    status=no_embedding; method=abstract SmallGroup IDs; elapsed=2580281 ms
  Pair 2/
9
 : liftable-abelian-C3-PGL-6-2-index-2-dimension-4 -> rank-at-least-15-D_12-PGL\
-12-0-index-1-dimension-4 (18 -> 36) started; elapsed=2580281 ms
    status=no_embedding; method=filter; elapsed=2580281 ms
  Pair 3/
9
 : liftable-abelian-C3-PGL-6-2-index-2-dimension-4 -> liftable-abelian-C2^2-PGL\
-12-5-index-3-dimension-4 (18 -> 36) started; elapsed=2580281 ms
    status=no_embedding; method=filter; elapsed=2580281 ms
  Pair 4/
9
 : liftable-abelian-C3-PGL-6-2-index-2-dimension-4 -> rank-at-least-15-A_3,3-PG\
L-18-0-index-1-dimension-4 (18 -> 54) started; elapsed=2580281 ms
    status=no_embedding; method=abstract SmallGroup IDs; elapsed=2580281 ms
  Pair 5/
9
 : liftable-abelian-C3-PGL-6-2-index-2-dimension-4 -> small-nonabelian-C3-PGL-1\
8-3-index-6-dimension-4 (18 -> 54) started; elapsed=2580281 ms
    status=no_embedding; method=filter; elapsed=2580281 ms
  Pair 6/
9
 : liftable-abelian-C3-PGL-6-2-index-2-dimension-4 -> small-nonabelian-C3-PGL-1\
8-3-index-6-dimension-4-representation-2 (18 -> 54) started; elapsed=
2580281 ms
    status=no_embedding; method=filter; elapsed=2580281 ms
  Pair 7/
9
 : liftable-abelian-C3-PGL-6-2-index-2-dimension-4 -> rank-at-least-15-A_4-PGL-\
24-0-index-2-dimension-4 (18 -> 72) started; elapsed=2580281 ms
    status=no_embedding; method=abstract SmallGroup IDs; elapsed=2580281 ms
  Pair 8/
9
 : liftable-abelian-C3-PGL-6-2-index-2-dimension-4 -> rank-at-least-15-D_12-PGL\
-24-14-index-2-dimension-4 (18 -> 72) started; elapsed=2580281 ms
    status=no_embedding; method=filter; elapsed=2580281 ms
  Pair 9/
9
 : liftable-abelian-C3-PGL-6-2-index-2-dimension-4 -> rank-at-least-15-A_3,3-PG\
L-36-0-index-2-dimension-4 (18 -> 108) started; elapsed=2580281 ms
    status=no_embedding; method=filter; elapsed=2580281 ms
Candidate 88/
117: key=liftable-abelian-C2-PGL-6-2-index-3-dimension-4; dimension=4; order=
18; possible targets=9; elapsed=2580281 ms
  Pair 1/
9
 : liftable-abelian-C2-PGL-6-2-index-3-dimension-4 -> rank-at-least-15-A_4-PGL-\
12-0-index-1-dimension-4 (18 -> 36) started; elapsed=2580281 ms
    status=no_embedding; method=abstract SmallGroup IDs; elapsed=2580281 ms
  Pair 2/
9
 : liftable-abelian-C2-PGL-6-2-index-3-dimension-4 -> rank-at-least-15-D_12-PGL\
-12-0-index-1-dimension-4 (18 -> 36) started; elapsed=2580281 ms
    status=no_embedding; method=filter; elapsed=2580281 ms
  Pair 3/
9
 : liftable-abelian-C2-PGL-6-2-index-3-dimension-4 -> liftable-abelian-C2^2-PGL\
-12-5-index-3-dimension-4 (18 -> 36) started; elapsed=2580281 ms
    status=no_embedding; method=filter; elapsed=2580281 ms
  Pair 4/
9
 : liftable-abelian-C2-PGL-6-2-index-3-dimension-4 -> rank-at-least-15-A_3,3-PG\
L-18-0-index-1-dimension-4 (18 -> 54) started; elapsed=2580281 ms
    status=no_embedding; method=abstract SmallGroup IDs; elapsed=2580281 ms
  Pair 5/
9
 : liftable-abelian-C2-PGL-6-2-index-3-dimension-4 -> small-nonabelian-C3-PGL-1\
8-3-index-6-dimension-4 (18 -> 54) started; elapsed=2580281 ms
    status=no_embedding; method=filter; elapsed=2580281 ms
  Pair 6/
9
 : liftable-abelian-C2-PGL-6-2-index-3-dimension-4 -> small-nonabelian-C3-PGL-1\
8-3-index-6-dimension-4-representation-2 (18 -> 54) started; elapsed=
2580281 ms
    status=no_embedding; method=filter; elapsed=2580281 ms
  Pair 7/
9
 : liftable-abelian-C2-PGL-6-2-index-3-dimension-4 -> rank-at-least-15-A_4-PGL-\
24-0-index-2-dimension-4 (18 -> 72) started; elapsed=2580281 ms
    status=no_embedding; method=abstract SmallGroup IDs; elapsed=2580281 ms
  Pair 8/
9
 : liftable-abelian-C2-PGL-6-2-index-3-dimension-4 -> rank-at-least-15-D_12-PGL\
-24-14-index-2-dimension-4 (18 -> 72) started; elapsed=2580281 ms
    status=no_embedding; method=filter; elapsed=2580281 ms
  Pair 9/
9
 : liftable-abelian-C2-PGL-6-2-index-3-dimension-4 -> rank-at-least-15-A_3,3-PG\
L-36-0-index-2-dimension-4 (18 -> 108) started; elapsed=2580281 ms
    status=no_embedding; method=filter; elapsed=2580281 ms
Candidate 89/
117
 : key=liftable-abelian-C3-PGL-6-2-index-2-dimension-4-representation-2; dimen\
sion=4; order=18; possible targets=9; elapsed=2580281 ms
  Pair 1/
9
 : liftable-abelian-C3-PGL-6-2-index-2-dimension-4-representation-2 -> rank-at-\
least-15-A_4-PGL-12-0-index-1-dimension-4 (18 -> 36) started; elapsed=
2580281 ms
    status=no_embedding; method=abstract SmallGroup IDs; elapsed=2580281 ms
  Pair 2/
9
 : liftable-abelian-C3-PGL-6-2-index-2-dimension-4-representation-2 -> rank-at-\
least-15-D_12-PGL-12-0-index-1-dimension-4 (18 -> 36) started; elapsed=
2580281 ms
    status=no_embedding; method=filter; elapsed=2580281 ms
  Pair 3/
9
 : liftable-abelian-C3-PGL-6-2-index-2-dimension-4-representation-2 -> liftable\
-abelian-C2^2-PGL-12-5-index-3-dimension-4 (18 -> 36) started; elapsed=
2580281 ms
    status=no_embedding; method=filter; elapsed=2580281 ms
  Pair 4/
9
 : liftable-abelian-C3-PGL-6-2-index-2-dimension-4-representation-2 -> rank-at-\
least-15-A_3,3-PGL-18-0-index-1-dimension-4 (18 -> 54) started; elapsed=
2580281 ms
    status=no_embedding; method=abstract SmallGroup IDs; elapsed=2580281 ms
  Pair 5/
9
 : liftable-abelian-C3-PGL-6-2-index-2-dimension-4-representation-2 -> small-no\
nabelian-C3-PGL-18-3-index-6-dimension-4 (18 -> 54) started; elapsed=
2580281 ms
    status=no_embedding; method=filter; elapsed=2580281 ms
  Pair 6/
9
 : liftable-abelian-C3-PGL-6-2-index-2-dimension-4-representation-2 -> small-no\
nabelian-C3-PGL-18-3-index-6-dimension-4-representation-2 (18 -> 
54) started; elapsed=2580281 ms
    status=no_embedding; method=filter; elapsed=2580281 ms
  Pair 7/
9
 : liftable-abelian-C3-PGL-6-2-index-2-dimension-4-representation-2 -> rank-at-\
least-15-A_4-PGL-24-0-index-2-dimension-4 (18 -> 72) started; elapsed=
2580281 ms
    status=no_embedding; method=abstract SmallGroup IDs; elapsed=2580281 ms
  Pair 8/
9
 : liftable-abelian-C3-PGL-6-2-index-2-dimension-4-representation-2 -> rank-at-\
least-15-D_12-PGL-24-14-index-2-dimension-4 (18 -> 72) started; elapsed=
2580281 ms
    status=no_embedding; method=filter; elapsed=2580281 ms
  Pair 9/
9
 : liftable-abelian-C3-PGL-6-2-index-2-dimension-4-representation-2 -> rank-at-\
least-15-A_3,3-PGL-36-0-index-2-dimension-4 (18 -> 108) started; elapsed=
2580281 ms
    status=no_embedding; method=filter; elapsed=2580281 ms
Candidate 90/
117: key=small-nonabelian-C3-PGL-6-1-index-2-dimension-4; dimension=4; order=
18; possible targets=9; elapsed=2580281 ms
  Pair 1/
9
 : small-nonabelian-C3-PGL-6-1-index-2-dimension-4 -> rank-at-least-15-A_4-PGL-\
12-0-index-1-dimension-4 (18 -> 36) started; elapsed=2580281 ms
    status=no_embedding; method=abstract SmallGroup IDs; elapsed=2580296 ms
  Pair 2/
9
 : small-nonabelian-C3-PGL-6-1-index-2-dimension-4 -> rank-at-least-15-D_12-PGL\
-12-0-index-1-dimension-4 (18 -> 36) started; elapsed=2580296 ms
    status=no_embedding; method=filter; elapsed=2580453 ms
  Pair 3/
9
 : small-nonabelian-C3-PGL-6-1-index-2-dimension-4 -> liftable-abelian-C2^2-PGL\
-12-5-index-3-dimension-4 (18 -> 36) started; elapsed=2580453 ms
    status=no_embedding; method=abstract SmallGroup IDs; elapsed=2580453 ms
  Pair 4/
9
 : small-nonabelian-C3-PGL-6-1-index-2-dimension-4 -> rank-at-least-15-A_3,3-PG\
L-18-0-index-1-dimension-4 (18 -> 54) started; elapsed=2580453 ms
    status=no_embedding; method=filter; elapsed=2580609 ms
  Pair 5/
9
 : small-nonabelian-C3-PGL-6-1-index-2-dimension-4 -> small-nonabelian-C3-PGL-1\
8-3-index-6-dimension-4 (18 -> 54) started; elapsed=2580609 ms
    status=no_embedding; method=filter; elapsed=2580640 ms
  Pair 6/
9
 : small-nonabelian-C3-PGL-6-1-index-2-dimension-4 -> small-nonabelian-C3-PGL-1\
8-3-index-6-dimension-4-representation-2 (18 -> 54) started; elapsed=
2580640 ms
    status=no_embedding; method=filter; elapsed=2580640 ms
  Pair 7/
9
 : small-nonabelian-C3-PGL-6-1-index-2-dimension-4 -> rank-at-least-15-A_4-PGL-\
24-0-index-2-dimension-4 (18 -> 72) started; elapsed=2580640 ms
    status=no_embedding; method=filter; elapsed=2580781 ms
  Pair 8/
9
 : small-nonabelian-C3-PGL-6-1-index-2-dimension-4 -> rank-at-least-15-D_12-PGL\
-24-14-index-2-dimension-4 (18 -> 72) started; elapsed=2580781 ms
    status=no_embedding; method=filter; elapsed=2580828 ms
  Pair 9/
9
 : small-nonabelian-C3-PGL-6-1-index-2-dimension-4 -> rank-at-least-15-A_3,3-PG\
L-36-0-index-2-dimension-4 (18 -> 108) started; elapsed=2580828 ms
    status=no_embedding; method=filter; elapsed=2581000 ms
Progress: sources=90/117; direct removals=20; strict=294; undecided=
0; elapsed=2581000 ms
Candidate 91/
117: key=liftable-abelian-C2-PGL-8-2-index-4-dimension-4; dimension=4; order=
24; possible targets=3; elapsed=2581000 ms
  Pair 1/
3
 : liftable-abelian-C2-PGL-8-2-index-4-dimension-4 -> rank-at-least-15-D_8-PGL-\
16-11-index-2-dimension-4 (24 -> 48) started; elapsed=2581000 ms
    status=no_embedding; method=filter; elapsed=2581312 ms
  Pair 2/
3
 : liftable-abelian-C2-PGL-8-2-index-4-dimension-4 -> rank-at-least-15-A_4-PGL-\
24-0-index-2-dimension-4 (24 -> 72) started; elapsed=2581312 ms
    status=no_embedding; method=abstract SmallGroup IDs; elapsed=2581328 ms
  Pair 3/
3
 : liftable-abelian-C2-PGL-8-2-index-4-dimension-4 -> rank-at-least-15-D_12-PGL\
-24-14-index-2-dimension-4 (24 -> 72) started; elapsed=2581328 ms
    status=no_embedding; method=abstract SmallGroup IDs; elapsed=2581328 ms
Candidate 92/
117: key=liftable-abelian-C4-PGL-8-2-index-2-dimension-4; dimension=4; order=
24; possible targets=3; elapsed=2581328 ms
  Pair 1/
3
 : liftable-abelian-C4-PGL-8-2-index-2-dimension-4 -> rank-at-least-15-D_8-PGL-\
16-11-index-2-dimension-4 (24 -> 48) started; elapsed=2581328 ms
    status=no_embedding; method=filter; elapsed=2581328 ms
  Pair 2/
3
 : liftable-abelian-C4-PGL-8-2-index-2-dimension-4 -> rank-at-least-15-A_4-PGL-\
24-0-index-2-dimension-4 (24 -> 72) started; elapsed=2581328 ms
    status=no_embedding; method=abstract SmallGroup IDs; elapsed=2581328 ms
  Pair 3/
3
 : liftable-abelian-C4-PGL-8-2-index-2-dimension-4 -> rank-at-least-15-D_12-PGL\
-24-14-index-2-dimension-4 (24 -> 72) started; elapsed=2581328 ms
    status=no_embedding; method=abstract SmallGroup IDs; elapsed=2581328 ms
Candidate 93/
117: key=small-nonabelian-C2^2-PGL-8-3-index-2-dimension-4; dimension=
4; order=24; possible targets=3; elapsed=2581328 ms
  Pair 1/
3
 : small-nonabelian-C2^2-PGL-8-3-index-2-dimension-4 -> rank-at-least-15-D_8-PG\
L-16-11-index-2-dimension-4 (24 -> 48) started; elapsed=2581328 ms
    status=embedded; method=A_strict; elapsed=2581656 ms
Candidate 94/
117: key=liftable-abelian-C3-PGL-9-2-index-3-dimension-4; dimension=4; order=
27; possible targets=4; elapsed=2581656 ms
  Pair 1/
4
 : liftable-abelian-C3-PGL-9-2-index-3-dimension-4 -> rank-at-least-15-A_3,3-PG\
L-18-0-index-1-dimension-4 (27 -> 54) started; elapsed=2581656 ms
#I  The group tested requires many generators. `IsomorphicSubgroups' often
#I  does not perform well for such groups -- see the documentation.
    status=no_embedding; method=abstract SmallGroup IDs; elapsed=2582187 ms
  Pair 2/
4
 : liftable-abelian-C3-PGL-9-2-index-3-dimension-4 -> small-nonabelian-C3-PGL-1\
8-3-index-6-dimension-4 (27 -> 54) started; elapsed=2582187 ms
    status=no_embedding; method=filter; elapsed=2582312 ms
  Pair 3/
4
 : liftable-abelian-C3-PGL-9-2-index-3-dimension-4 -> small-nonabelian-C3-PGL-1\
8-3-index-6-dimension-4-representation-2 (27 -> 54) started; elapsed=
2582312 ms
    status=no_embedding; method=filter; elapsed=2582312 ms
  Pair 4/
4
 : liftable-abelian-C3-PGL-9-2-index-3-dimension-4 -> rank-at-least-15-A_3,3-PG\
L-36-0-index-2-dimension-4 (27 -> 108) started; elapsed=2582312 ms
    status=no_embedding; method=filter; elapsed=2587734 ms
Candidate 95/
117: key=liftable-abelian-C2^2-PGL-12-5-index-3-dimension-4; dimension=
4; order=36; possible targets=3; elapsed=2587734 ms
  Pair 1/
3
 : liftable-abelian-C2^2-PGL-12-5-index-3-dimension-4 -> rank-at-least-15-A_4-P\
GL-24-0-index-2-dimension-4 (36 -> 72) started; elapsed=2587734 ms
    status=no_embedding; method=abstract SmallGroup IDs; elapsed=2587734 ms
  Pair 2/
3
 : liftable-abelian-C2^2-PGL-12-5-index-3-dimension-4 -> rank-at-least-15-D_12-\
PGL-24-14-index-2-dimension-4 (36 -> 72) started; elapsed=2587734 ms
    status=no_embedding; method=filter; elapsed=2588046 ms
  Pair 3/
3
 : liftable-abelian-C2^2-PGL-12-5-index-3-dimension-4 -> rank-at-least-15-A_3,3\
-PGL-36-0-index-2-dimension-4 (36 -> 108) started; elapsed=2588046 ms
    status=no_embedding; method=abstract SmallGroup IDs; elapsed=2588140 ms
Progress: sources=95/117; direct removals=21; strict=301; undecided=
0; elapsed=2588140 ms
Candidate 96/
117: key=rank-at-least-15-D_8-PGL-16-11-index-2-dimension-4; dimension=
4; order=48; possible targets=0; elapsed=2588140 ms
Candidate 97/
117: key=small-nonabelian-C3-PGL-18-3-index-6-dimension-4; dimension=4; order=
54; possible targets=1; elapsed=2588140 ms
  Pair 1/
1
 : small-nonabelian-C3-PGL-18-3-index-6-dimension-4 -> rank-at-least-15-A_3,3-P\
GL-36-0-index-2-dimension-4 (54 -> 108) started; elapsed=2588140 ms
    status=no_embedding; method=filter; elapsed=2588312 ms
Candidate 98/
117
 : key=small-nonabelian-C3-PGL-18-3-index-6-dimension-4-representation-2; dime\
nsion=4; order=54; possible targets=1; elapsed=2588312 ms
  Pair 1/
1
 : small-nonabelian-C3-PGL-18-3-index-6-dimension-4-representation-2 -> rank-at\
-least-15-A_3,3-PGL-36-0-index-2-dimension-4 (54 -> 108) started; elapsed=
2588312 ms
    status=no_embedding; method=filter; elapsed=2588312 ms
Candidate 99/
117: key=liftable-abelian-1-PGL-6-2-index-6-dimension-5; dimension=5; order=
18; possible targets=1; elapsed=2588312 ms
  Pair 1/
1
 : liftable-abelian-1-PGL-6-2-index-6-dimension-5 -> liftable-abelian-C2-PGL-12\
-5-index-6-dimension-5 (18 -> 36) started; elapsed=2588312 ms
    status=no_embedding; method=filter; elapsed=2588593 ms
Candidate 100/
117: key=liftable-abelian-C2-PGL-8-2-index-4-dimension-5; dimension=5; order=
24; possible targets=0; elapsed=2588593 ms
Progress: sources=100/117; direct removals=21; strict=304; undecided=
0; elapsed=2588593 ms
Candidate 101/
117: key=liftable-abelian-C2^2-PGL-8-5-index-2-dimension-5; dimension=
5; order=24; possible targets=0; elapsed=2588593 ms
Candidate 102/
117: key=small-nonabelian-C4-PGL-8-3-index-2-dimension-5; dimension=5; order=
24; possible targets=0; elapsed=2588593 ms
Candidate 103/
117: key=liftable-abelian-C2-PGL-12-5-index-6-dimension-5; dimension=5; order=
36; possible targets=0; elapsed=2588593 ms
Candidate 104/
117: key=liftable-abelian-1-PGL-3-1-index-3-dimension-6; dimension=6; order=
9; possible targets=3; elapsed=2588593 ms
  Pair 1/
3
 : liftable-abelian-1-PGL-3-1-index-3-dimension-6 -> small-nonabelian-S3-PGL-6-\
1-index-1-dimension-6 (9 -> 18) started; elapsed=2588593 ms
    status=no_embedding; method=abstract SmallGroup IDs; elapsed=2588593 ms
  Pair 2/
3
 : liftable-abelian-1-PGL-3-1-index-3-dimension-6 -> liftable-abelian-C2-PGL-6-\
2-index-3-dimension-6 (9 -> 18) started; elapsed=2588593 ms
    status=no_embedding; method=abstract SmallGroup IDs; elapsed=2588593 ms
  Pair 3/
3
 : liftable-abelian-1-PGL-3-1-index-3-dimension-6 -> small-nonabelian-S3-PGL-12\
-4-index-2-dimension-6 (9 -> 36) started; elapsed=2588593 ms
    status=no_embedding; method=abstract SmallGroup IDs; elapsed=2588609 ms
Candidate 105/
117: key=liftable-abelian-C2-PGL-4-2-index-2-dimension-6; dimension=6; order=
12; possible targets=2; elapsed=2588609 ms
  Pair 1/
2
 : liftable-abelian-C2-PGL-4-2-index-2-dimension-6 -> small-nonabelian-C2^2-PGL\
-8-3-index-2-dimension-6 (12 -> 24) started; elapsed=2588609 ms
    status=no_embedding; method=filter; elapsed=2588859 ms
  Pair 2/
2
 : liftable-abelian-C2-PGL-4-2-index-2-dimension-6 -> small-nonabelian-S3-PGL-1\
2-4-index-2-dimension-6 (12 -> 36) started; elapsed=2588859 ms
    status=no_embedding; method=filter; elapsed=2589171 ms
Progress: sources=105/117; direct removals=21; strict=306; undecided=
0; elapsed=2589171 ms
Candidate 106/
117: key=liftable-abelian-C2-PGL-6-2-index-3-dimension-6; dimension=6; order=
18; possible targets=1; elapsed=2589171 ms
  Pair 1/
1
 : liftable-abelian-C2-PGL-6-2-index-3-dimension-6 -> small-nonabelian-S3-PGL-1\
2-4-index-2-dimension-6 (18 -> 36) started; elapsed=2589171 ms
    status=no_embedding; method=filter; elapsed=2589265 ms
Candidate 107/
117: key=small-nonabelian-C2^2-PGL-8-3-index-2-dimension-6; dimension=
6; order=24; possible targets=0; elapsed=2589265 ms
Candidate 108/
117: key=liftable-abelian-1-PGL-3-1-index-3-dimension-7; dimension=7; order=
9; possible targets=1; elapsed=2589265 ms
  Pair 1/
1
 : liftable-abelian-1-PGL-3-1-index-3-dimension-7 -> liftable-abelian-1-PGL-6-2\
-index-6-dimension-7 (9 -> 18) started; elapsed=2589265 ms
    status=no_embedding; method=filter; elapsed=2589515 ms
Candidate 109/
117: key=liftable-abelian-1-PGL-4-1-index-4-dimension-7; dimension=7; order=
12; possible targets=1; elapsed=2589515 ms
  Pair 1/
1
 : liftable-abelian-1-PGL-4-1-index-4-dimension-7 -> liftable-abelian-C2^2-PGL-\
8-5-index-2-dimension-7 (12 -> 24) started; elapsed=2589515 ms
    status=no_embedding; method=abstract SmallGroup IDs; elapsed=2589515 ms
Candidate 110/
117
 : key=liftable-abelian-1-PGL-4-1-index-4-dimension-7-representation-2; dimens\
ion=7; order=12; possible targets=1; elapsed=2589515 ms
  Pair 1/
1
 : liftable-abelian-1-PGL-4-1-index-4-dimension-7-representation-2 -> liftable-\
abelian-C2^2-PGL-8-5-index-2-dimension-7 (12 -> 24) started; elapsed=
2589515 ms
    status=no_embedding; method=abstract SmallGroup IDs; elapsed=2589515 ms
Progress: sources=110/117; direct removals=21; strict=308; undecided=
0; elapsed=2589515 ms
Candidate 111/
117: key=liftable-abelian-1-PGL-6-2-index-6-dimension-7; dimension=7; order=
18; possible targets=0; elapsed=2589515 ms
Candidate 112/
117: key=liftable-abelian-C2^2-PGL-8-5-index-2-dimension-7; dimension=
7; order=24; possible targets=0; elapsed=2589515 ms
Candidate 113/
117: key=liftable-abelian-C2-PGL-4-2-index-2-dimension-8; dimension=8; order=
12; possible targets=0; elapsed=2589515 ms
Candidate 114/
117: key=liftable-abelian-1-PGL-2-1-index-2-dimension-10; dimension=10; order=
6; possible targets=1; elapsed=2589515 ms
  Pair 1/
1
 : liftable-abelian-1-PGL-2-1-index-2-dimension-10 -> liftable-abelian-C2-PGL-4\
-2-index-2-dimension-10 (6 -> 12) started; elapsed=2589515 ms
    status=no_embedding; method=filter; elapsed=2589656 ms
Candidate 115/
117: key=liftable-abelian-1-PGL-3-1-index-3-dimension-10; dimension=10; order=
9; possible targets=0; elapsed=2589656 ms
Progress: sources=115/117; direct removals=21; strict=309; undecided=
0; elapsed=2589656 ms
Candidate 116/
117: key=liftable-abelian-C2-PGL-4-2-index-2-dimension-10; dimension=
10; order=12; possible targets=0; elapsed=2589656 ms
Candidate 117/
117: key=liftable-abelian-1-PGL-2-1-index-2-dimension-14; dimension=14; order=
6; possible targets=0; elapsed=2589656 ms
Progress: sources=117/117; direct removals=21; strict=309; undecided=
0; elapsed=2589656 ms

============================================================
Equal-dimensional saturation search completed
============================================================
Tested pairs: 867
Strict embedding tests: 309
Equal-order duplicates: 0
Proper-order removals: 21
Surviving families: 156
Unresolved surviving families: 0
Undecided pairs: 0
Complete: true
Runtime: 2589656 ms
Output: gap_classification/gap_saturation/gap_equal_dimension_saturation.out
Log: gap_classification/gap_saturation/gap_equal_dimension_saturation.log
