NonlargeSymplecticAlignmentAudit := rec(
  coordinateChangeSurvivingSmoothCount := 29,
  familyResults := [ rec(
          directSaturationTargetKey := fail,
          extensionGenerator := 
           [ [ E(16), 0, 0, 0, 0, 0 ], [ 0, -E(8)^3, 0, 0, 0, 0 ], 
              [ 0, 0, E(4), 0, 0, 0 ], [ 0, 0, 0, -1, 0, 0 ], 
              [ 0, 0, 0, 0, 1, 0 ], [ 0, 0, 0, 0, 0, E(3) ] ],
          extensionGeneratorPosition := 1,
          extensionGeneratorStatus := "input_generator",
          familyDimension := 0,
          finalSaturationTargetKey := 
           "liftable-abelian-1-PGL-48-2-index-48-dimension-0",
          fullIndex := 48,
          fullLinearOrder := 144,
          inputNumber := 77,
          linearGroupId := [ 144, 30 ],
          literalSymplecticLiftContainment := true,
          ownerGenericIndex := 1,
          ownerKey := "liftable-abelian-1-PGL-1-1-index-1-dimension-20",
          ownerNumber := 1,
          ownerProjectiveGroupId := [ 1, 1 ],
          ownerSymplecticPart := "1",
          ownershipMethod := "literal_matrix_subgroup",
          ownershipTests := [ rec(
                  equivalenceMethod := "literal_matrix_subgroup",
                  equivalenceReason := 
                   "the standard symplectic lift is literally contained",
                  equivalenceStatus := "embedded",
                  literalContainment := true,
                  ownerKey := 
                   "liftable-abelian-1-PGL-1-1-index-1-dimension-20",
                  ownerNumber := 1 ) ],
          projectiveGroupId := [ 48, 2 ],
          smoothnessStatus := "theoretical_smooth",
          sourceCategory := "liftable_abelian",
          sourceKey := "liftable-abelian-1-PGL-48-2-index-48-dimension-0",
          survivesEqualDimensionSaturation := true,
          symplecticLiftOrder := 3 ), rec(
          directSaturationTargetKey := fail,
          extensionGenerator := 
           [ [ E(32), 0, 0, 0, 0, 0 ], [ 0, -E(16)^7, 0, 0, 0, 0 ], 
              [ 0, 0, E(8), 0, 0, 0 ], [ 0, 0, 0, -E(4), 0, 0 ], 
              [ 0, 0, 0, 0, -1, 0 ], [ 0, 0, 0, 0, 0, 1 ] ],
          extensionGeneratorPosition := 1,
          extensionGeneratorStatus := "input_generator",
          familyDimension := 0,
          finalSaturationTargetKey := 
           "liftable-abelian-1-PGL-32-1-index-32-dimension-0",
          fullIndex := 32,
          fullLinearOrder := 96,
          inputNumber := 78,
          linearGroupId := [ 96, 2 ],
          literalSymplecticLiftContainment := true,
          ownerGenericIndex := 1,
          ownerKey := "liftable-abelian-1-PGL-1-1-index-1-dimension-20",
          ownerNumber := 1,
          ownerProjectiveGroupId := [ 1, 1 ],
          ownerSymplecticPart := "1",
          ownershipMethod := "literal_matrix_subgroup",
          ownershipTests := [ rec(
                  equivalenceMethod := "literal_matrix_subgroup",
                  equivalenceReason := 
                   "the standard symplectic lift is literally contained",
                  equivalenceStatus := "embedded",
                  literalContainment := true,
                  ownerKey := 
                   "liftable-abelian-1-PGL-1-1-index-1-dimension-20",
                  ownerNumber := 1 ) ],
          projectiveGroupId := [ 32, 1 ],
          smoothnessStatus := "theoretical_smooth",
          sourceCategory := "liftable_abelian",
          sourceKey := "liftable-abelian-1-PGL-32-1-index-32-dimension-0",
          survivesEqualDimensionSaturation := true,
          symplecticLiftOrder := 3 ), rec(
          directSaturationTargetKey := fail,
          extensionGenerator := fail,
          extensionGeneratorPosition := fail,
          extensionGeneratorStatus := "not_required",
          familyDimension := 20,
          finalSaturationTargetKey := 
           "liftable-abelian-1-PGL-1-1-index-1-dimension-20",
          fullIndex := 1,
          fullLinearOrder := 3,
          inputNumber := 79,
          linearGroupId := [ 3, 1 ],
          literalSymplecticLiftContainment := true,
          ownerGenericIndex := 1,
          ownerKey := "liftable-abelian-1-PGL-1-1-index-1-dimension-20",
          ownerNumber := 1,
          ownerProjectiveGroupId := [ 1, 1 ],
          ownerSymplecticPart := "1",
          ownershipMethod := "literal_matrix_subgroup",
          ownershipTests := [ rec(
                  equivalenceMethod := "literal_matrix_subgroup",
                  equivalenceReason := 
                   "the standard symplectic lift is literally contained",
                  equivalenceStatus := "embedded",
                  literalContainment := true,
                  ownerKey := 
                   "liftable-abelian-1-PGL-1-1-index-1-dimension-20",
                  ownerNumber := 1 ) ],
          projectiveGroupId := [ 1, 1 ],
          smoothnessStatus := "theoretical_smooth",
          sourceCategory := "liftable_abelian",
          sourceKey := "liftable-abelian-1-PGL-1-1-index-1-dimension-20",
          survivesEqualDimensionSaturation := true,
          symplecticLiftOrder := 3 ), rec(
          directSaturationTargetKey := fail,
          extensionGenerator := 
           [ [ 1, 0, 0, 0, 0, 0 ], [ 0, 1, 0, 0, 0, 0 ], [ 0, 0, 1, 0, 0, 0 ],
              [ 0, 0, 0, -1, 0, 0 ], [ 0, 0, 0, 0, 1, 0 ], 
              [ 0, 0, 0, 0, 0, 1 ] ],
          extensionGeneratorPosition := 2,
          extensionGeneratorStatus := "input_generator",
          familyDimension := 14,
          finalSaturationTargetKey := 
           "liftable-abelian-1-PGL-2-1-index-2-dimension-14",
          fullIndex := 2,
          fullLinearOrder := 6,
          inputNumber := 80,
          linearGroupId := [ 6, 2 ],
          literalSymplecticLiftContainment := true,
          ownerGenericIndex := 1,
          ownerKey := "liftable-abelian-1-PGL-1-1-index-1-dimension-20",
          ownerNumber := 1,
          ownerProjectiveGroupId := [ 1, 1 ],
          ownerSymplecticPart := "1",
          ownershipMethod := "literal_matrix_subgroup",
          ownershipTests := [ rec(
                  equivalenceMethod := "literal_matrix_subgroup",
                  equivalenceReason := 
                   "the standard symplectic lift is literally contained",
                  equivalenceStatus := "embedded",
                  literalContainment := true,
                  ownerKey := 
                   "liftable-abelian-1-PGL-1-1-index-1-dimension-20",
                  ownerNumber := 1 ) ],
          projectiveGroupId := [ 2, 1 ],
          smoothnessStatus := "theoretical_smooth",
          sourceCategory := "liftable_abelian",
          sourceKey := "liftable-abelian-1-PGL-2-1-index-2-dimension-14",
          survivesEqualDimensionSaturation := true,
          symplecticLiftOrder := 3 ), rec(
          directSaturationTargetKey := fail,
          extensionGenerator := fail,
          extensionGeneratorPosition := fail,
          extensionGeneratorStatus := "not_required",
          familyDimension := 12,
          finalSaturationTargetKey := 
           "liftable-abelian-C2-PGL-2-1-index-1-dimension-12",
          fullIndex := 1,
          fullLinearOrder := 6,
          inputNumber := 81,
          linearGroupId := [ 6, 2 ],
          literalSymplecticLiftContainment := true,
          ownerGenericIndex := 1,
          ownerKey := "liftable-abelian-C2-PGL-2-1-index-1-dimension-12",
          ownerNumber := 2,
          ownerProjectiveGroupId := [ 2, 1 ],
          ownerSymplecticPart := "C2",
          ownershipMethod := "literal_matrix_subgroup",
          ownershipTests := [ rec(
                  equivalenceMethod := "literal_matrix_subgroup",
                  equivalenceReason := 
                   "the standard symplectic lift is literally contained",
                  equivalenceStatus := "embedded",
                  literalContainment := true,
                  ownerKey := 
                   "liftable-abelian-C2-PGL-2-1-index-1-dimension-12",
                  ownerNumber := 2 ) ],
          projectiveGroupId := [ 2, 1 ],
          smoothnessStatus := "theoretical_smooth",
          sourceCategory := "liftable_abelian",
          sourceKey := "liftable-abelian-C2-PGL-2-1-index-1-dimension-12",
          survivesEqualDimensionSaturation := true,
          symplecticLiftOrder := 6 ), rec(
          directSaturationTargetKey := fail,
          extensionGenerator := 
           [ [ -1, 0, 0, 0, 0, 0 ], [ 0, 1, 0, 0, 0, 0 ], 
              [ 0, 0, 1, 0, 0, 0 ], [ 0, 0, 0, 1, 0, 0 ], 
              [ 0, 0, 0, 0, 1, 0 ], [ 0, 0, 0, 0, 0, 1 ] ],
          extensionGeneratorPosition := 3,
          extensionGeneratorStatus := "input_generator",
          familyDimension := 10,
          finalSaturationTargetKey := 
           "liftable-abelian-C2-PGL-4-2-index-2-dimension-10",
          fullIndex := 2,
          fullLinearOrder := 12,
          inputNumber := 82,
          linearGroupId := [ 12, 5 ],
          literalSymplecticLiftContainment := true,
          ownerGenericIndex := 1,
          ownerKey := "liftable-abelian-C2-PGL-2-1-index-1-dimension-12",
          ownerNumber := 2,
          ownerProjectiveGroupId := [ 2, 1 ],
          ownerSymplecticPart := "C2",
          ownershipMethod := "literal_matrix_subgroup",
          ownershipTests := [ rec(
                  equivalenceMethod := "literal_matrix_subgroup",
                  equivalenceReason := 
                   "the standard symplectic lift is literally contained",
                  equivalenceStatus := "embedded",
                  literalContainment := true,
                  ownerKey := 
                   "liftable-abelian-C2-PGL-2-1-index-1-dimension-12",
                  ownerNumber := 2 ) ],
          projectiveGroupId := [ 4, 2 ],
          smoothnessStatus := "theoretical_smooth",
          sourceCategory := "liftable_abelian",
          sourceKey := "liftable-abelian-C2-PGL-4-2-index-2-dimension-10",
          survivesEqualDimensionSaturation := true,
          symplecticLiftOrder := 6 ), rec(
          directSaturationTargetKey := fail,
          extensionGenerator := 
           [ [ 1, 0, 0, 0, 0, 0 ], [ 0, 1, 0, 0, 0, 0 ], [ 0, 0, 1, 0, 0, 0 ],
              [ 0, 0, 0, E(3), 0, 0 ], [ 0, 0, 0, 0, 1, 0 ], 
              [ 0, 0, 0, 0, 0, 1 ] ],
          extensionGeneratorPosition := 2,
          extensionGeneratorStatus := "input_generator",
          familyDimension := 10,
          finalSaturationTargetKey := 
           "liftable-abelian-1-PGL-3-1-index-3-dimension-10",
          fullIndex := 3,
          fullLinearOrder := 9,
          inputNumber := 83,
          linearGroupId := [ 9, 2 ],
          literalSymplecticLiftContainment := true,
          ownerGenericIndex := 1,
          ownerKey := "liftable-abelian-1-PGL-1-1-index-1-dimension-20",
          ownerNumber := 1,
          ownerProjectiveGroupId := [ 1, 1 ],
          ownerSymplecticPart := "1",
          ownershipMethod := "literal_matrix_subgroup",
          ownershipTests := [ rec(
                  equivalenceMethod := "literal_matrix_subgroup",
                  equivalenceReason := 
                   "the standard symplectic lift is literally contained",
                  equivalenceStatus := "embedded",
                  literalContainment := true,
                  ownerKey := 
                   "liftable-abelian-1-PGL-1-1-index-1-dimension-20",
                  ownerNumber := 1 ) ],
          projectiveGroupId := [ 3, 1 ],
          smoothnessStatus := "theoretical_smooth",
          sourceCategory := "liftable_abelian",
          sourceKey := "liftable-abelian-1-PGL-3-1-index-3-dimension-10",
          survivesEqualDimensionSaturation := true,
          symplecticLiftOrder := 3 ), rec(
          directSaturationTargetKey := fail,
          extensionGenerator := 
           [ [ -1, 0, 0, 0, 0, 0 ], [ 0, 1, 0, 0, 0, 0 ], 
              [ 0, 0, 1, 0, 0, 0 ], [ 0, 0, 0, -1, 0, 0 ], 
              [ 0, 0, 0, 0, -1, 0 ], [ 0, 0, 0, 0, 0, 1 ] ],
          extensionGeneratorPosition := 2,
          extensionGeneratorStatus := "input_generator",
          familyDimension := 10,
          finalSaturationTargetKey := 
           "liftable-abelian-1-PGL-2-1-index-2-dimension-10",
          fullIndex := 2,
          fullLinearOrder := 6,
          inputNumber := 84,
          linearGroupId := [ 6, 2 ],
          literalSymplecticLiftContainment := true,
          ownerGenericIndex := 1,
          ownerKey := "liftable-abelian-1-PGL-1-1-index-1-dimension-20",
          ownerNumber := 1,
          ownerProjectiveGroupId := [ 1, 1 ],
          ownerSymplecticPart := "1",
          ownershipMethod := "literal_matrix_subgroup",
          ownershipTests := [ rec(
                  equivalenceMethod := "literal_matrix_subgroup",
                  equivalenceReason := 
                   "the standard symplectic lift is literally contained",
                  equivalenceStatus := "embedded",
                  literalContainment := true,
                  ownerKey := 
                   "liftable-abelian-1-PGL-1-1-index-1-dimension-20",
                  ownerNumber := 1 ) ],
          projectiveGroupId := [ 2, 1 ],
          smoothnessStatus := "theoretical_smooth",
          sourceCategory := "liftable_abelian",
          sourceKey := "liftable-abelian-1-PGL-2-1-index-2-dimension-10",
          survivesEqualDimensionSaturation := true,
          symplecticLiftOrder := 3 ), rec(
          directSaturationTargetKey := fail,
          extensionGenerator := fail,
          extensionGeneratorPosition := fail,
          extensionGeneratorStatus := "requires_coordinate_change",
          familyDimension := 8,
          finalSaturationTargetKey := 
           "liftable-abelian-C2-PGL-4-2-index-2-dimension-8",
          fullIndex := 2,
          fullLinearOrder := 12,
          inputNumber := 85,
          linearGroupId := [ 12, 5 ],
          literalSymplecticLiftContainment := false,
          ownerGenericIndex := 1,
          ownerKey := "liftable-abelian-C2-PGL-2-1-index-1-dimension-12",
          ownerNumber := 2,
          ownerProjectiveGroupId := [ 2, 1 ],
          ownerSymplecticPart := "C2",
          ownershipMethod := "A_strict",
          ownershipTests := [ rec(
                  equivalenceMethod := "A_strict",
                  equivalenceReason := "character_iso_witness_skipped",
                  equivalenceStatus := "embedded",
                  literalContainment := false,
                  ownerKey := 
                   "liftable-abelian-C2-PGL-2-1-index-1-dimension-12",
                  ownerNumber := 2 ) ],
          projectiveGroupId := [ 4, 2 ],
          smoothnessStatus := "theoretical_smooth",
          sourceCategory := "liftable_abelian",
          sourceKey := "liftable-abelian-C2-PGL-4-2-index-2-dimension-8",
          survivesEqualDimensionSaturation := true,
          symplecticLiftOrder := 6 ), rec(
          directSaturationTargetKey := fail,
          extensionGenerator := fail,
          extensionGeneratorPosition := fail,
          extensionGeneratorStatus := "not_required",
          familyDimension := 8,
          finalSaturationTargetKey := 
           "liftable-abelian-C2^2-PGL-4-2-index-1-dimension-8",
          fullIndex := 1,
          fullLinearOrder := 12,
          inputNumber := 86,
          linearGroupId := [ 12, 5 ],
          literalSymplecticLiftContainment := true,
          ownerGenericIndex := 1,
          ownerKey := "liftable-abelian-C2^2-PGL-4-2-index-1-dimension-8",
          ownerNumber := 3,
          ownerProjectiveGroupId := [ 4, 2 ],
          ownerSymplecticPart := "C2^2",
          ownershipMethod := "literal_matrix_subgroup",
          ownershipTests := [ rec(
                  equivalenceMethod := "literal_matrix_subgroup",
                  equivalenceReason := 
                   "the standard symplectic lift is literally contained",
                  equivalenceStatus := "embedded",
                  literalContainment := true,
                  ownerKey := 
                   "liftable-abelian-C2^2-PGL-4-2-index-1-dimension-8",
                  ownerNumber := 3 ) ],
          projectiveGroupId := [ 4, 2 ],
          smoothnessStatus := "theoretical_smooth",
          sourceCategory := "liftable_abelian",
          sourceKey := "liftable-abelian-C2^2-PGL-4-2-index-1-dimension-8",
          survivesEqualDimensionSaturation := true,
          symplecticLiftOrder := 12 ), rec(
          directSaturationTargetKey := fail,
          extensionGenerator := fail,
          extensionGeneratorPosition := fail,
          extensionGeneratorStatus := "not_required",
          familyDimension := 8,
          finalSaturationTargetKey := 
           "liftable-abelian-C3-PGL-3-1-index-1-dimension-8",
          fullIndex := 1,
          fullLinearOrder := 9,
          inputNumber := 87,
          linearGroupId := [ 9, 2 ],
          literalSymplecticLiftContainment := true,
          ownerGenericIndex := 1,
          ownerKey := "liftable-abelian-C3-PGL-3-1-index-1-dimension-8",
          ownerNumber := 4,
          ownerProjectiveGroupId := [ 3, 1 ],
          ownerSymplecticPart := "C3",
          ownershipMethod := "literal_matrix_subgroup",
          ownershipTests := [ rec(
                  equivalenceMethod := "literal_matrix_subgroup",
                  equivalenceReason := 
                   "the standard symplectic lift is literally contained",
                  equivalenceStatus := "embedded",
                  literalContainment := true,
                  ownerKey := 
                   "liftable-abelian-C3-PGL-3-1-index-1-dimension-8",
                  ownerNumber := 4 ), rec(
                  equivalenceMethod := "filter",
                  equivalenceReason := "weak_fingerprint",
                  equivalenceStatus := "no_embedding",
                  literalContainment := false,
                  ownerKey := 
                   "small-nonabelian-C3-PGL-6-1-index-2-dimension-8",
                  ownerNumber := 6 ) ],
          projectiveGroupId := [ 3, 1 ],
          smoothnessStatus := "theoretical_smooth",
          sourceCategory := "liftable_abelian",
          sourceKey := "liftable-abelian-C3-PGL-3-1-index-1-dimension-8",
          survivesEqualDimensionSaturation := true,
          symplecticLiftOrder := 9 ), rec(
          directSaturationTargetKey := fail,
          extensionGenerator := fail,
          extensionGeneratorPosition := fail,
          extensionGeneratorStatus := "requires_coordinate_change",
          familyDimension := 7,
          finalSaturationTargetKey := 
           "liftable-abelian-C2^2-PGL-8-5-index-2-dimension-7",
          fullIndex := 2,
          fullLinearOrder := 24,
          inputNumber := 88,
          linearGroupId := [ 24, 15 ],
          literalSymplecticLiftContainment := false,
          ownerGenericIndex := 1,
          ownerKey := "liftable-abelian-C2^2-PGL-4-2-index-1-dimension-8",
          ownerNumber := 3,
          ownerProjectiveGroupId := [ 4, 2 ],
          ownerSymplecticPart := "C2^2",
          ownershipMethod := "A_strict",
          ownershipTests := [ rec(
                  equivalenceMethod := "A_strict",
                  equivalenceReason := "character_iso_witness_skipped",
                  equivalenceStatus := "embedded",
                  literalContainment := false,
                  ownerKey := 
                   "liftable-abelian-C2^2-PGL-4-2-index-1-dimension-8",
                  ownerNumber := 3 ) ],
          projectiveGroupId := [ 8, 5 ],
          smoothnessStatus := "theoretical_smooth",
          sourceCategory := "liftable_abelian",
          sourceKey := "liftable-abelian-C2^2-PGL-8-5-index-2-dimension-7",
          survivesEqualDimensionSaturation := true,
          symplecticLiftOrder := 12 ), rec(
          directSaturationTargetKey := fail,
          extensionGenerator := 
           [ [ -1, 0, 0, 0, 0, 0 ], [ 0, 1, 0, 0, 0, 0 ], 
              [ 0, 0, 1, 0, 0, 0 ], [ 0, 0, 0, 1, 0, 0 ], 
              [ 0, 0, 0, 0, E(3)^2, 0 ], [ 0, 0, 0, 0, 0, 1 ] ],
          extensionGeneratorPosition := fail,
          extensionGeneratorStatus := "group_element",
          familyDimension := 7,
          finalSaturationTargetKey := 
           "liftable-abelian-1-PGL-6-2-index-6-dimension-7",
          fullIndex := 6,
          fullLinearOrder := 18,
          inputNumber := 89,
          linearGroupId := [ 18, 5 ],
          literalSymplecticLiftContainment := true,
          ownerGenericIndex := 1,
          ownerKey := "liftable-abelian-1-PGL-1-1-index-1-dimension-20",
          ownerNumber := 1,
          ownerProjectiveGroupId := [ 1, 1 ],
          ownerSymplecticPart := "1",
          ownershipMethod := "literal_matrix_subgroup",
          ownershipTests := [ rec(
                  equivalenceMethod := "literal_matrix_subgroup",
                  equivalenceReason := 
                   "the standard symplectic lift is literally contained",
                  equivalenceStatus := "embedded",
                  literalContainment := true,
                  ownerKey := 
                   "liftable-abelian-1-PGL-1-1-index-1-dimension-20",
                  ownerNumber := 1 ) ],
          projectiveGroupId := [ 6, 2 ],
          smoothnessStatus := "theoretical_smooth",
          sourceCategory := "liftable_abelian",
          sourceKey := "liftable-abelian-1-PGL-6-2-index-6-dimension-7",
          survivesEqualDimensionSaturation := true,
          symplecticLiftOrder := 3 ), rec(
          directSaturationTargetKey := fail,
          extensionGenerator := 
           [ [ -E(4), 0, 0, 0, 0, 0 ], [ 0, -1, 0, 0, 0, 0 ], 
              [ 0, 0, 1, 0, 0, 0 ], [ 0, 0, 0, 1, 0, 0 ], 
              [ 0, 0, 0, 0, 1, 0 ], [ 0, 0, 0, 0, 0, 1 ] ],
          extensionGeneratorPosition := 2,
          extensionGeneratorStatus := "input_generator",
          familyDimension := 7,
          finalSaturationTargetKey := 
           "liftable-abelian-1-PGL-4-1-index-4-dimension-7",
          fullIndex := 4,
          fullLinearOrder := 12,
          inputNumber := 90,
          linearGroupId := [ 12, 2 ],
          literalSymplecticLiftContainment := true,
          ownerGenericIndex := 1,
          ownerKey := "liftable-abelian-1-PGL-1-1-index-1-dimension-20",
          ownerNumber := 1,
          ownerProjectiveGroupId := [ 1, 1 ],
          ownerSymplecticPart := "1",
          ownershipMethod := "literal_matrix_subgroup",
          ownershipTests := [ rec(
                  equivalenceMethod := "literal_matrix_subgroup",
                  equivalenceReason := 
                   "the standard symplectic lift is literally contained",
                  equivalenceStatus := "embedded",
                  literalContainment := true,
                  ownerKey := 
                   "liftable-abelian-1-PGL-1-1-index-1-dimension-20",
                  ownerNumber := 1 ) ],
          projectiveGroupId := [ 4, 1 ],
          smoothnessStatus := "theoretical_smooth",
          sourceCategory := "liftable_abelian",
          sourceKey := "liftable-abelian-1-PGL-4-1-index-4-dimension-7",
          survivesEqualDimensionSaturation := true,
          symplecticLiftOrder := 3 ), rec(
          directSaturationTargetKey := fail,
          extensionGenerator := 
           [ [ E(4), 0, 0, 0, 0, 0 ], [ 0, -1, 0, 0, 0, 0 ], 
              [ 0, 0, 1, 0, 0, 0 ], [ 0, 0, 0, -1, 0, 0 ], 
              [ 0, 0, 0, 0, 1, 0 ], [ 0, 0, 0, 0, 0, 1 ] ],
          extensionGeneratorPosition := 3,
          extensionGeneratorStatus := "input_generator",
          familyDimension := 7,
          finalSaturationTargetKey := 
           "liftable-abelian-1-PGL-4-1-index-4-dimension-7-representation-2",
          fullIndex := 4,
          fullLinearOrder := 12,
          inputNumber := 91,
          linearGroupId := [ 12, 2 ],
          literalSymplecticLiftContainment := true,
          ownerGenericIndex := 1,
          ownerKey := "liftable-abelian-1-PGL-1-1-index-1-dimension-20",
          ownerNumber := 1,
          ownerProjectiveGroupId := [ 1, 1 ],
          ownerSymplecticPart := "1",
          ownershipMethod := "literal_matrix_subgroup",
          ownershipTests := [ rec(
                  equivalenceMethod := "literal_matrix_subgroup",
                  equivalenceReason := 
                   "the standard symplectic lift is literally contained",
                  equivalenceStatus := "embedded",
                  literalContainment := true,
                  ownerKey := 
                   "liftable-abelian-1-PGL-1-1-index-1-dimension-20",
                  ownerNumber := 1 ) ],
          projectiveGroupId := [ 4, 1 ],
          smoothnessStatus := "theoretical_smooth",
          sourceCategory := "liftable_abelian",
          sourceKey := 
           "liftable-abelian-1-PGL-4-1-index-4-dimension-7-representation-2",
          survivesEqualDimensionSaturation := true,
          symplecticLiftOrder := 3 ), rec(
          directSaturationTargetKey := fail,
          extensionGenerator := 
           [ [ 1, 0, 0, 0, 0, 0 ], [ 0, E(3)^2, 0, 0, 0, 0 ], 
              [ 0, 0, 1, 0, 0, 0 ], [ 0, 0, 0, E(3), 0, 0 ], 
              [ 0, 0, 0, 0, 1, 0 ], [ 0, 0, 0, 0, 0, E(3)^2 ] ],
          extensionGeneratorPosition := 2,
          extensionGeneratorStatus := "input_generator",
          familyDimension := 7,
          finalSaturationTargetKey := 
           "liftable-abelian-1-PGL-3-1-index-3-dimension-7",
          fullIndex := 3,
          fullLinearOrder := 9,
          inputNumber := 92,
          linearGroupId := [ 9, 2 ],
          literalSymplecticLiftContainment := true,
          ownerGenericIndex := 1,
          ownerKey := "liftable-abelian-1-PGL-1-1-index-1-dimension-20",
          ownerNumber := 1,
          ownerProjectiveGroupId := [ 1, 1 ],
          ownerSymplecticPart := "1",
          ownershipMethod := "literal_matrix_subgroup",
          ownershipTests := [ rec(
                  equivalenceMethod := "literal_matrix_subgroup",
                  equivalenceReason := 
                   "the standard symplectic lift is literally contained",
                  equivalenceStatus := "embedded",
                  literalContainment := true,
                  ownerKey := 
                   "liftable-abelian-1-PGL-1-1-index-1-dimension-20",
                  ownerNumber := 1 ) ],
          projectiveGroupId := [ 3, 1 ],
          smoothnessStatus := "theoretical_smooth",
          sourceCategory := "liftable_abelian",
          sourceKey := "liftable-abelian-1-PGL-3-1-index-3-dimension-7",
          survivesEqualDimensionSaturation := true,
          symplecticLiftOrder := 3 ), rec(
          directSaturationTargetKey := fail,
          extensionGenerator := 
           [ [ 1, 0, 0, 0, 0, 0 ], [ 0, 1, 0, 0, 0, 0 ], [ 0, 0, 1, 0, 0, 0 ],
              [ 0, 0, 0, 1, 0, 0 ], [ 0, 0, 0, 0, 1, 0 ], 
              [ 0, 0, 0, 0, 0, E(3) ] ],
          extensionGeneratorPosition := 2,
          extensionGeneratorStatus := "input_generator",
          familyDimension := 6,
          finalSaturationTargetKey := 
           "liftable-abelian-C2-PGL-6-2-index-3-dimension-6",
          fullIndex := 3,
          fullLinearOrder := 18,
          inputNumber := 93,
          linearGroupId := [ 18, 5 ],
          literalSymplecticLiftContainment := true,
          ownerGenericIndex := 1,
          ownerKey := "liftable-abelian-C2-PGL-2-1-index-1-dimension-12",
          ownerNumber := 2,
          ownerProjectiveGroupId := [ 2, 1 ],
          ownerSymplecticPart := "C2",
          ownershipMethod := "literal_matrix_subgroup",
          ownershipTests := [ rec(
                  equivalenceMethod := "literal_matrix_subgroup",
                  equivalenceReason := 
                   "the standard symplectic lift is literally contained",
                  equivalenceStatus := "embedded",
                  literalContainment := true,
                  ownerKey := 
                   "liftable-abelian-C2-PGL-2-1-index-1-dimension-12",
                  ownerNumber := 2 ) ],
          projectiveGroupId := [ 6, 2 ],
          smoothnessStatus := "theoretical_smooth",
          sourceCategory := "liftable_abelian",
          sourceKey := "liftable-abelian-C2-PGL-6-2-index-3-dimension-6",
          survivesEqualDimensionSaturation := true,
          symplecticLiftOrder := 6 ), rec(
          directSaturationTargetKey := fail,
          extensionGenerator := fail,
          extensionGeneratorPosition := fail,
          extensionGeneratorStatus := "not_required",
          familyDimension := 6,
          finalSaturationTargetKey := 
           "liftable-abelian-C4-PGL-4-1-index-1-dimension-6",
          fullIndex := 1,
          fullLinearOrder := 12,
          inputNumber := 94,
          linearGroupId := [ 12, 2 ],
          literalSymplecticLiftContainment := true,
          ownerGenericIndex := 1,
          ownerKey := "liftable-abelian-C4-PGL-4-1-index-1-dimension-6",
          ownerNumber := 5,
          ownerProjectiveGroupId := [ 4, 1 ],
          ownerSymplecticPart := "C4",
          ownershipMethod := "literal_matrix_subgroup",
          ownershipTests := [ rec(
                  equivalenceMethod := "literal_matrix_subgroup",
                  equivalenceReason := 
                   "the standard symplectic lift is literally contained",
                  equivalenceStatus := "embedded",
                  literalContainment := true,
                  ownerKey := 
                   "liftable-abelian-C4-PGL-4-1-index-1-dimension-6",
                  ownerNumber := 5 ) ],
          projectiveGroupId := [ 4, 1 ],
          smoothnessStatus := "theoretical_smooth",
          sourceCategory := "liftable_abelian",
          sourceKey := "liftable-abelian-C4-PGL-4-1-index-1-dimension-6",
          survivesEqualDimensionSaturation := true,
          symplecticLiftOrder := 12 ), rec(
          directSaturationTargetKey := fail,
          extensionGenerator := fail,
          extensionGeneratorPosition := fail,
          extensionGeneratorStatus := "requires_coordinate_change",
          familyDimension := 6,
          finalSaturationTargetKey := 
           "liftable-abelian-C2-PGL-4-2-index-2-dimension-6",
          fullIndex := 2,
          fullLinearOrder := 12,
          inputNumber := 95,
          linearGroupId := [ 12, 5 ],
          literalSymplecticLiftContainment := false,
          ownerGenericIndex := 1,
          ownerKey := "liftable-abelian-C2-PGL-2-1-index-1-dimension-12",
          ownerNumber := 2,
          ownerProjectiveGroupId := [ 2, 1 ],
          ownerSymplecticPart := "C2",
          ownershipMethod := "A_strict",
          ownershipTests := [ rec(
                  equivalenceMethod := "A_strict",
                  equivalenceReason := "character_iso_witness_skipped",
                  equivalenceStatus := "embedded",
                  literalContainment := false,
                  ownerKey := 
                   "liftable-abelian-C2-PGL-2-1-index-1-dimension-12",
                  ownerNumber := 2 ) ],
          projectiveGroupId := [ 4, 2 ],
          smoothnessStatus := "theoretical_smooth",
          sourceCategory := "liftable_abelian",
          sourceKey := "liftable-abelian-C2-PGL-4-2-index-2-dimension-6",
          survivesEqualDimensionSaturation := true,
          symplecticLiftOrder := 6 ), rec(
          directSaturationTargetKey := fail,
          extensionGenerator := 
           [ [ E(9)^4, 0, 0, 0, 0, 0 ], [ 0, -E(9)^4-E(9)^7, 0, 0, 0, 0 ], 
              [ 0, 0, E(9)^7, 0, 0, 0 ], [ 0, 0, 0, -E(9)^4-E(9)^7, 0, 0 ], 
              [ 0, 0, 0, 0, E(9)^7, 0 ], [ 0, 0, 0, 0, 0, E(9)^4 ] ],
          extensionGeneratorPosition := 2,
          extensionGeneratorStatus := "input_generator",
          familyDimension := 6,
          finalSaturationTargetKey := 
           "liftable-abelian-1-PGL-3-1-index-3-dimension-6",
          fullIndex := 3,
          fullLinearOrder := 9,
          inputNumber := 96,
          linearGroupId := [ 9, 1 ],
          literalSymplecticLiftContainment := true,
          ownerGenericIndex := 1,
          ownerKey := "liftable-abelian-1-PGL-1-1-index-1-dimension-20",
          ownerNumber := 1,
          ownerProjectiveGroupId := [ 1, 1 ],
          ownerSymplecticPart := "1",
          ownershipMethod := "literal_matrix_subgroup",
          ownershipTests := [ rec(
                  equivalenceMethod := "literal_matrix_subgroup",
                  equivalenceReason := 
                   "the standard symplectic lift is literally contained",
                  equivalenceStatus := "embedded",
                  literalContainment := true,
                  ownerKey := 
                   "liftable-abelian-1-PGL-1-1-index-1-dimension-20",
                  ownerNumber := 1 ) ],
          projectiveGroupId := [ 3, 1 ],
          smoothnessStatus := "theoretical_smooth",
          sourceCategory := "liftable_abelian",
          sourceKey := "liftable-abelian-1-PGL-3-1-index-3-dimension-6",
          survivesEqualDimensionSaturation := true,
          symplecticLiftOrder := 3 ), rec(
          directSaturationTargetKey := fail,
          extensionGenerator := fail,
          extensionGeneratorPosition := fail,
          extensionGeneratorStatus := "requires_coordinate_change",
          familyDimension := 5,
          finalSaturationTargetKey := 
           "liftable-abelian-C2-PGL-12-5-index-6-dimension-5",
          fullIndex := 6,
          fullLinearOrder := 36,
          inputNumber := 97,
          linearGroupId := [ 36, 14 ],
          literalSymplecticLiftContainment := false,
          ownerGenericIndex := 1,
          ownerKey := "liftable-abelian-C2-PGL-2-1-index-1-dimension-12",
          ownerNumber := 2,
          ownerProjectiveGroupId := [ 2, 1 ],
          ownerSymplecticPart := "C2",
          ownershipMethod := "A_strict",
          ownershipTests := [ rec(
                  equivalenceMethod := "A_strict",
                  equivalenceReason := "character_iso_witness_skipped",
                  equivalenceStatus := "embedded",
                  literalContainment := false,
                  ownerKey := 
                   "liftable-abelian-C2-PGL-2-1-index-1-dimension-12",
                  ownerNumber := 2 ) ],
          projectiveGroupId := [ 12, 5 ],
          smoothnessStatus := "theoretical_smooth",
          sourceCategory := "liftable_abelian",
          sourceKey := "liftable-abelian-C2-PGL-12-5-index-6-dimension-5",
          survivesEqualDimensionSaturation := true,
          symplecticLiftOrder := 6 ), rec(
          directSaturationTargetKey := fail,
          extensionGenerator := fail,
          extensionGeneratorPosition := fail,
          extensionGeneratorStatus := "requires_coordinate_change",
          familyDimension := 5,
          finalSaturationTargetKey := 
           "liftable-abelian-C2-PGL-8-2-index-4-dimension-5",
          fullIndex := 4,
          fullLinearOrder := 24,
          inputNumber := 98,
          linearGroupId := [ 24, 9 ],
          literalSymplecticLiftContainment := false,
          ownerGenericIndex := 1,
          ownerKey := "liftable-abelian-C2-PGL-2-1-index-1-dimension-12",
          ownerNumber := 2,
          ownerProjectiveGroupId := [ 2, 1 ],
          ownerSymplecticPart := "C2",
          ownershipMethod := "A_strict",
          ownershipTests := [ rec(
                  equivalenceMethod := "A_strict",
                  equivalenceReason := "character_iso_witness_skipped",
                  equivalenceStatus := "embedded",
                  literalContainment := false,
                  ownerKey := 
                   "liftable-abelian-C2-PGL-2-1-index-1-dimension-12",
                  ownerNumber := 2 ) ],
          projectiveGroupId := [ 8, 2 ],
          smoothnessStatus := "theoretical_smooth",
          sourceCategory := "liftable_abelian",
          sourceKey := "liftable-abelian-C2-PGL-8-2-index-4-dimension-5",
          survivesEqualDimensionSaturation := true,
          symplecticLiftOrder := 6 ), rec(
          directSaturationTargetKey := fail,
          extensionGenerator := fail,
          extensionGeneratorPosition := fail,
          extensionGeneratorStatus := "requires_coordinate_change",
          familyDimension := 5,
          finalSaturationTargetKey := 
           "liftable-abelian-C2^2-PGL-8-5-index-2-dimension-5",
          fullIndex := 2,
          fullLinearOrder := 24,
          inputNumber := 99,
          linearGroupId := [ 24, 15 ],
          literalSymplecticLiftContainment := false,
          ownerGenericIndex := 1,
          ownerKey := "liftable-abelian-C2^2-PGL-4-2-index-1-dimension-8",
          ownerNumber := 3,
          ownerProjectiveGroupId := [ 4, 2 ],
          ownerSymplecticPart := "C2^2",
          ownershipMethod := "A_strict",
          ownershipTests := [ rec(
                  equivalenceMethod := "A_strict",
                  equivalenceReason := "character_iso_witness_skipped",
                  equivalenceStatus := "embedded",
                  literalContainment := false,
                  ownerKey := 
                   "liftable-abelian-C2^2-PGL-4-2-index-1-dimension-8",
                  ownerNumber := 3 ) ],
          projectiveGroupId := [ 8, 5 ],
          smoothnessStatus := "theoretical_smooth",
          sourceCategory := "liftable_abelian",
          sourceKey := "liftable-abelian-C2^2-PGL-8-5-index-2-dimension-5",
          survivesEqualDimensionSaturation := true,
          symplecticLiftOrder := 12 ), rec(
          directSaturationTargetKey := fail,
          extensionGenerator := 
           [ [ -1, 0, 0, 0, 0, 0 ], [ 0, 1, 0, 0, 0, 0 ], 
              [ 0, 0, 1, 0, 0, 0 ], [ 0, 0, 0, E(3)^2, 0, 0 ], 
              [ 0, 0, 0, 0, E(3), 0 ], [ 0, 0, 0, 0, 0, E(3) ] ],
          extensionGeneratorPosition := fail,
          extensionGeneratorStatus := "group_element",
          familyDimension := 5,
          finalSaturationTargetKey := 
           "liftable-abelian-1-PGL-6-2-index-6-dimension-5",
          fullIndex := 6,
          fullLinearOrder := 18,
          inputNumber := 100,
          linearGroupId := [ 18, 5 ],
          literalSymplecticLiftContainment := true,
          ownerGenericIndex := 1,
          ownerKey := "liftable-abelian-1-PGL-1-1-index-1-dimension-20",
          ownerNumber := 1,
          ownerProjectiveGroupId := [ 1, 1 ],
          ownerSymplecticPart := "1",
          ownershipMethod := "literal_matrix_subgroup",
          ownershipTests := [ rec(
                  equivalenceMethod := "literal_matrix_subgroup",
                  equivalenceReason := 
                   "the standard symplectic lift is literally contained",
                  equivalenceStatus := "embedded",
                  literalContainment := true,
                  ownerKey := 
                   "liftable-abelian-1-PGL-1-1-index-1-dimension-20",
                  ownerNumber := 1 ) ],
          projectiveGroupId := [ 6, 2 ],
          smoothnessStatus := "theoretical_smooth",
          sourceCategory := "liftable_abelian",
          sourceKey := "liftable-abelian-1-PGL-6-2-index-6-dimension-5",
          survivesEqualDimensionSaturation := true,
          symplecticLiftOrder := 3 ), rec(
          directSaturationTargetKey := fail,
          extensionGenerator := fail,
          extensionGeneratorPosition := fail,
          extensionGeneratorStatus := "requires_coordinate_change",
          familyDimension := 4,
          finalSaturationTargetKey := 
           "liftable-abelian-C2^2-PGL-12-5-index-3-dimension-4",
          fullIndex := 3,
          fullLinearOrder := 36,
          inputNumber := 101,
          linearGroupId := [ 36, 14 ],
          literalSymplecticLiftContainment := false,
          ownerGenericIndex := 1,
          ownerKey := "liftable-abelian-C2^2-PGL-4-2-index-1-dimension-8",
          ownerNumber := 3,
          ownerProjectiveGroupId := [ 4, 2 ],
          ownerSymplecticPart := "C2^2",
          ownershipMethod := "A_strict",
          ownershipTests := [ rec(
                  equivalenceMethod := "A_strict",
                  equivalenceReason := "character_iso_witness_skipped",
                  equivalenceStatus := "embedded",
                  literalContainment := false,
                  ownerKey := 
                   "liftable-abelian-C2^2-PGL-4-2-index-1-dimension-8",
                  ownerNumber := 3 ) ],
          projectiveGroupId := [ 12, 5 ],
          smoothnessStatus := "theoretical_smooth",
          sourceCategory := "liftable_abelian",
          sourceKey := "liftable-abelian-C2^2-PGL-12-5-index-3-dimension-4",
          survivesEqualDimensionSaturation := true,
          symplecticLiftOrder := 12 ), rec(
          directSaturationTargetKey := fail,
          extensionGenerator := fail,
          extensionGeneratorPosition := fail,
          extensionGeneratorStatus := "requires_coordinate_change",
          familyDimension := 4,
          finalSaturationTargetKey := 
           "liftable-abelian-C3-PGL-9-2-index-3-dimension-4",
          fullIndex := 3,
          fullLinearOrder := 27,
          inputNumber := 102,
          linearGroupId := [ 27, 5 ],
          literalSymplecticLiftContainment := false,
          ownerGenericIndex := 1,
          ownerKey := "liftable-abelian-C3-PGL-3-1-index-1-dimension-8",
          ownerNumber := 4,
          ownerProjectiveGroupId := [ 3, 1 ],
          ownerSymplecticPart := "C3",
          ownershipMethod := "A_strict",
          ownershipTests := [ rec(
                  equivalenceMethod := "A_strict",
                  equivalenceReason := "character_iso_witness_skipped",
                  equivalenceStatus := "embedded",
                  literalContainment := false,
                  ownerKey := 
                   "liftable-abelian-C3-PGL-3-1-index-1-dimension-8",
                  ownerNumber := 4 ), rec(
                  equivalenceMethod := "filter",
                  equivalenceReason := "weak_fingerprint",
                  equivalenceStatus := "no_embedding",
                  literalContainment := false,
                  ownerKey := 
                   "small-nonabelian-C3-PGL-6-1-index-2-dimension-8",
                  ownerNumber := 6 ) ],
          projectiveGroupId := [ 9, 2 ],
          smoothnessStatus := "theoretical_smooth",
          sourceCategory := "liftable_abelian",
          sourceKey := "liftable-abelian-C3-PGL-9-2-index-3-dimension-4",
          survivesEqualDimensionSaturation := true,
          symplecticLiftOrder := 9 ), rec(
          directSaturationTargetKey := fail,
          extensionGenerator := fail,
          extensionGeneratorPosition := fail,
          extensionGeneratorStatus := "requires_coordinate_change",
          familyDimension := 4,
          finalSaturationTargetKey := 
           "liftable-abelian-C2-PGL-8-2-index-4-dimension-4",
          fullIndex := 4,
          fullLinearOrder := 24,
          inputNumber := 103,
          linearGroupId := [ 24, 9 ],
          literalSymplecticLiftContainment := false,
          ownerGenericIndex := 1,
          ownerKey := "liftable-abelian-C2-PGL-2-1-index-1-dimension-12",
          ownerNumber := 2,
          ownerProjectiveGroupId := [ 2, 1 ],
          ownerSymplecticPart := "C2",
          ownershipMethod := "A_strict",
          ownershipTests := [ rec(
                  equivalenceMethod := "A_strict",
                  equivalenceReason := "character_iso_witness_skipped",
                  equivalenceStatus := "embedded",
                  literalContainment := false,
                  ownerKey := 
                   "liftable-abelian-C2-PGL-2-1-index-1-dimension-12",
                  ownerNumber := 2 ) ],
          projectiveGroupId := [ 8, 2 ],
          smoothnessStatus := "theoretical_smooth",
          sourceCategory := "liftable_abelian",
          sourceKey := "liftable-abelian-C2-PGL-8-2-index-4-dimension-4",
          survivesEqualDimensionSaturation := true,
          symplecticLiftOrder := 6 ), rec(
          directSaturationTargetKey := fail,
          extensionGenerator := 
           [ [ -E(4), 0, 0, 0, 0, 0 ], [ 0, -1, 0, 0, 0, 0 ], 
              [ 0, 0, 1, 0, 0, 0 ], [ 0, 0, 0, -E(4), 0, 0 ], 
              [ 0, 0, 0, 0, -1, 0 ], [ 0, 0, 0, 0, 0, 1 ] ],
          extensionGeneratorPosition := 2,
          extensionGeneratorStatus := "input_generator",
          familyDimension := 4,
          finalSaturationTargetKey := 
           "liftable-abelian-C4-PGL-8-2-index-2-dimension-4",
          fullIndex := 2,
          fullLinearOrder := 24,
          inputNumber := 104,
          linearGroupId := [ 24, 9 ],
          literalSymplecticLiftContainment := true,
          ownerGenericIndex := 1,
          ownerKey := "liftable-abelian-C4-PGL-4-1-index-1-dimension-6",
          ownerNumber := 5,
          ownerProjectiveGroupId := [ 4, 1 ],
          ownerSymplecticPart := "C4",
          ownershipMethod := "literal_matrix_subgroup",
          ownershipTests := [ rec(
                  equivalenceMethod := "literal_matrix_subgroup",
                  equivalenceReason := 
                   "the standard symplectic lift is literally contained",
                  equivalenceStatus := "embedded",
                  literalContainment := true,
                  ownerKey := 
                   "liftable-abelian-C4-PGL-4-1-index-1-dimension-6",
                  ownerNumber := 5 ) ],
          projectiveGroupId := [ 8, 2 ],
          smoothnessStatus := "theoretical_smooth",
          sourceCategory := "liftable_abelian",
          sourceKey := "liftable-abelian-C4-PGL-8-2-index-2-dimension-4",
          survivesEqualDimensionSaturation := true,
          symplecticLiftOrder := 12 ), rec(
          directSaturationTargetKey := fail,
          extensionGenerator := 
           [ [ -1, 0, 0, 0, 0, 0 ], [ 0, 1, 0, 0, 0, 0 ], 
              [ 0, 0, E(3)^2, 0, 0, 0 ], [ 0, 0, 0, E(3)^2, 0, 0 ], 
              [ 0, 0, 0, 0, E(3), 0 ], [ 0, 0, 0, 0, 0, E(3)^2 ] ],
          extensionGeneratorPosition := fail,
          extensionGeneratorStatus := "group_element",
          familyDimension := 4,
          finalSaturationTargetKey := 
           "liftable-abelian-1-PGL-6-2-index-6-dimension-4",
          fullIndex := 6,
          fullLinearOrder := 18,
          inputNumber := 105,
          linearGroupId := [ 18, 5 ],
          literalSymplecticLiftContainment := true,
          ownerGenericIndex := 1,
          ownerKey := "liftable-abelian-1-PGL-1-1-index-1-dimension-20",
          ownerNumber := 1,
          ownerProjectiveGroupId := [ 1, 1 ],
          ownerSymplecticPart := "1",
          ownershipMethod := "literal_matrix_subgroup",
          ownershipTests := [ rec(
                  equivalenceMethod := "literal_matrix_subgroup",
                  equivalenceReason := 
                   "the standard symplectic lift is literally contained",
                  equivalenceStatus := "embedded",
                  literalContainment := true,
                  ownerKey := 
                   "liftable-abelian-1-PGL-1-1-index-1-dimension-20",
                  ownerNumber := 1 ) ],
          projectiveGroupId := [ 6, 2 ],
          smoothnessStatus := "theoretical_smooth",
          sourceCategory := "liftable_abelian",
          sourceKey := "liftable-abelian-1-PGL-6-2-index-6-dimension-4",
          survivesEqualDimensionSaturation := true,
          symplecticLiftOrder := 3 ), rec(
          directSaturationTargetKey := fail,
          extensionGenerator := fail,
          extensionGeneratorPosition := fail,
          extensionGeneratorStatus := "requires_coordinate_change",
          familyDimension := 4,
          finalSaturationTargetKey := 
           "liftable-abelian-C3-PGL-6-2-index-2-dimension-4",
          fullIndex := 2,
          fullLinearOrder := 18,
          inputNumber := 106,
          linearGroupId := [ 18, 5 ],
          literalSymplecticLiftContainment := false,
          ownerGenericIndex := 1,
          ownerKey := "liftable-abelian-C3-PGL-3-1-index-1-dimension-8",
          ownerNumber := 4,
          ownerProjectiveGroupId := [ 3, 1 ],
          ownerSymplecticPart := "C3",
          ownershipMethod := "A_strict",
          ownershipTests := [ rec(
                  equivalenceMethod := "A_strict",
                  equivalenceReason := "character_iso_witness_skipped",
                  equivalenceStatus := "embedded",
                  literalContainment := false,
                  ownerKey := 
                   "liftable-abelian-C3-PGL-3-1-index-1-dimension-8",
                  ownerNumber := 4 ), rec(
                  equivalenceMethod := "filter",
                  equivalenceReason := "weak_fingerprint",
                  equivalenceStatus := "no_embedding",
                  literalContainment := false,
                  ownerKey := 
                   "small-nonabelian-C3-PGL-6-1-index-2-dimension-8",
                  ownerNumber := 6 ) ],
          projectiveGroupId := [ 6, 2 ],
          smoothnessStatus := "theoretical_smooth",
          sourceCategory := "liftable_abelian",
          sourceKey := "liftable-abelian-C3-PGL-6-2-index-2-dimension-4",
          survivesEqualDimensionSaturation := true,
          symplecticLiftOrder := 9 ), rec(
          directSaturationTargetKey := fail,
          extensionGenerator := 
           [ [ 1, 0, 0, 0, 0, 0 ], [ 0, 1, 0, 0, 0, 0 ], 
              [ 0, 0, E(3), 0, 0, 0 ], [ 0, 0, 0, E(3), 0, 0 ], 
              [ 0, 0, 0, 0, 1, 0 ], [ 0, 0, 0, 0, 0, E(3)^2 ] ],
          extensionGeneratorPosition := 2,
          extensionGeneratorStatus := "input_generator",
          familyDimension := 4,
          finalSaturationTargetKey := 
           "liftable-abelian-C2-PGL-6-2-index-3-dimension-4",
          fullIndex := 3,
          fullLinearOrder := 18,
          inputNumber := 107,
          linearGroupId := [ 18, 5 ],
          literalSymplecticLiftContainment := true,
          ownerGenericIndex := 1,
          ownerKey := "liftable-abelian-C2-PGL-2-1-index-1-dimension-12",
          ownerNumber := 2,
          ownerProjectiveGroupId := [ 2, 1 ],
          ownerSymplecticPart := "C2",
          ownershipMethod := "literal_matrix_subgroup",
          ownershipTests := [ rec(
                  equivalenceMethod := "literal_matrix_subgroup",
                  equivalenceReason := 
                   "the standard symplectic lift is literally contained",
                  equivalenceStatus := "embedded",
                  literalContainment := true,
                  ownerKey := 
                   "liftable-abelian-C2-PGL-2-1-index-1-dimension-12",
                  ownerNumber := 2 ) ],
          projectiveGroupId := [ 6, 2 ],
          smoothnessStatus := "theoretical_smooth",
          sourceCategory := "liftable_abelian",
          sourceKey := "liftable-abelian-C2-PGL-6-2-index-3-dimension-4",
          survivesEqualDimensionSaturation := true,
          symplecticLiftOrder := 6 ), rec(
          directSaturationTargetKey := fail,
          extensionGenerator := fail,
          extensionGeneratorPosition := fail,
          extensionGeneratorStatus := "requires_coordinate_change",
          familyDimension := 4,
          finalSaturationTargetKey := 
           "liftable-abelian-C3-PGL-6-2-index-2-dimension-4-representation-2",
          fullIndex := 2,
          fullLinearOrder := 18,
          inputNumber := 108,
          linearGroupId := [ 18, 5 ],
          literalSymplecticLiftContainment := false,
          ownerGenericIndex := 1,
          ownerKey := "liftable-abelian-C3-PGL-3-1-index-1-dimension-8",
          ownerNumber := 4,
          ownerProjectiveGroupId := [ 3, 1 ],
          ownerSymplecticPart := "C3",
          ownershipMethod := "A_strict",
          ownershipTests := [ rec(
                  equivalenceMethod := "A_strict",
                  equivalenceReason := "character_iso_witness_skipped",
                  equivalenceStatus := "embedded",
                  literalContainment := false,
                  ownerKey := 
                   "liftable-abelian-C3-PGL-3-1-index-1-dimension-8",
                  ownerNumber := 4 ), rec(
                  equivalenceMethod := "filter",
                  equivalenceReason := "weak_fingerprint",
                  equivalenceStatus := "no_embedding",
                  literalContainment := false,
                  ownerKey := 
                   "small-nonabelian-C3-PGL-6-1-index-2-dimension-8",
                  ownerNumber := 6 ) ],
          projectiveGroupId := [ 6, 2 ],
          smoothnessStatus := "theoretical_smooth",
          sourceCategory := "liftable_abelian",
          sourceKey := 
           "liftable-abelian-C3-PGL-6-2-index-2-dimension-4-representation-2",
          survivesEqualDimensionSaturation := true,
          symplecticLiftOrder := 9 ), rec(
          directSaturationTargetKey := 
           "liftable-abelian-C4-PGL-8-2-index-2-dimension-4",
          extensionGenerator := fail,
          extensionGeneratorPosition := fail,
          extensionGeneratorStatus := "requires_coordinate_change",
          familyDimension := 4,
          finalSaturationTargetKey := 
           "liftable-abelian-C4-PGL-8-2-index-2-dimension-4",
          fullIndex := 2,
          fullLinearOrder := 12,
          inputNumber := 109,
          linearGroupId := [ 12, 2 ],
          literalSymplecticLiftContainment := false,
          ownerGenericIndex := 1,
          ownerKey := "liftable-abelian-C2-PGL-2-1-index-1-dimension-12",
          ownerNumber := 2,
          ownerProjectiveGroupId := [ 2, 1 ],
          ownerSymplecticPart := "C2",
          ownershipMethod := "A_strict",
          ownershipTests := [ rec(
                  equivalenceMethod := "A_strict",
                  equivalenceReason := "character_iso_witness_skipped",
                  equivalenceStatus := "embedded",
                  literalContainment := false,
                  ownerKey := 
                   "liftable-abelian-C2-PGL-2-1-index-1-dimension-12",
                  ownerNumber := 2 ) ],
          projectiveGroupId := [ 4, 1 ],
          smoothnessStatus := "theoretical_smooth",
          sourceCategory := "liftable_abelian",
          sourceKey := "liftable-abelian-C2-PGL-4-1-index-2-dimension-4",
          survivesEqualDimensionSaturation := false,
          symplecticLiftOrder := 6 ), rec(
          directSaturationTargetKey := fail,
          extensionGenerator := 
           [ [ -E(4), 0, 0, 0, 0, 0 ], [ 0, -1, 0, 0, 0, 0 ], 
              [ 0, 0, 1, 0, 0, 0 ], [ 0, 0, 0, 1, 0, 0 ], 
              [ 0, 0, 0, 0, 1, 0 ], [ 0, 0, 0, 0, 0, E(3)^2 ] ],
          extensionGeneratorPosition := fail,
          extensionGeneratorStatus := "group_element",
          familyDimension := 3,
          finalSaturationTargetKey := 
           "liftable-abelian-1-PGL-12-2-index-12-dimension-3",
          fullIndex := 12,
          fullLinearOrder := 36,
          inputNumber := 110,
          linearGroupId := [ 36, 8 ],
          literalSymplecticLiftContainment := true,
          ownerGenericIndex := 1,
          ownerKey := "liftable-abelian-1-PGL-1-1-index-1-dimension-20",
          ownerNumber := 1,
          ownerProjectiveGroupId := [ 1, 1 ],
          ownerSymplecticPart := "1",
          ownershipMethod := "literal_matrix_subgroup",
          ownershipTests := [ rec(
                  equivalenceMethod := "literal_matrix_subgroup",
                  equivalenceReason := 
                   "the standard symplectic lift is literally contained",
                  equivalenceStatus := "embedded",
                  literalContainment := true,
                  ownerKey := 
                   "liftable-abelian-1-PGL-1-1-index-1-dimension-20",
                  ownerNumber := 1 ) ],
          projectiveGroupId := [ 12, 2 ],
          smoothnessStatus := "theoretical_smooth",
          sourceCategory := "liftable_abelian",
          sourceKey := "liftable-abelian-1-PGL-12-2-index-12-dimension-3",
          survivesEqualDimensionSaturation := true,
          symplecticLiftOrder := 3 ), rec(
          directSaturationTargetKey := fail,
          extensionGenerator := 
           [ [ -E(4), 0, 0, 0, 0, 0 ], [ 0, -1, 0, 0, 0, 0 ], 
              [ 0, 0, 1, 0, 0, 0 ], [ 0, 0, 0, -1, 0, 0 ], 
              [ 0, 0, 0, 0, 1, 0 ], [ 0, 0, 0, 0, 0, E(3)^2 ] ],
          extensionGeneratorPosition := fail,
          extensionGeneratorStatus := "group_element",
          familyDimension := 3,
          finalSaturationTargetKey := 
           "liftable-abelian-1-PGL-12-2-index-12-dimension-3-representation-2"
           ,
          fullIndex := 12,
          fullLinearOrder := 36,
          inputNumber := 111,
          linearGroupId := [ 36, 8 ],
          literalSymplecticLiftContainment := true,
          ownerGenericIndex := 1,
          ownerKey := "liftable-abelian-1-PGL-1-1-index-1-dimension-20",
          ownerNumber := 1,
          ownerProjectiveGroupId := [ 1, 1 ],
          ownerSymplecticPart := "1",
          ownershipMethod := "literal_matrix_subgroup",
          ownershipTests := [ rec(
                  equivalenceMethod := "literal_matrix_subgroup",
                  equivalenceReason := 
                   "the standard symplectic lift is literally contained",
                  equivalenceStatus := "embedded",
                  literalContainment := true,
                  ownerKey := 
                   "liftable-abelian-1-PGL-1-1-index-1-dimension-20",
                  ownerNumber := 1 ) ],
          projectiveGroupId := [ 12, 2 ],
          smoothnessStatus := "theoretical_smooth",
          sourceCategory := "liftable_abelian",
          sourceKey := 
           "liftable-abelian-1-PGL-12-2-index-12-dimension-3-representation-2"
           ,
          survivesEqualDimensionSaturation := true,
          symplecticLiftOrder := 3 ), rec(
          directSaturationTargetKey := fail,
          extensionGenerator := fail,
          extensionGeneratorPosition := fail,
          extensionGeneratorStatus := "requires_coordinate_change",
          familyDimension := 3,
          finalSaturationTargetKey := 
           "liftable-abelian-C2-PGL-12-5-index-6-dimension-3",
          fullIndex := 6,
          fullLinearOrder := 36,
          inputNumber := 112,
          linearGroupId := [ 36, 14 ],
          literalSymplecticLiftContainment := false,
          ownerGenericIndex := 1,
          ownerKey := "liftable-abelian-C2-PGL-2-1-index-1-dimension-12",
          ownerNumber := 2,
          ownerProjectiveGroupId := [ 2, 1 ],
          ownerSymplecticPart := "C2",
          ownershipMethod := "A_strict",
          ownershipTests := [ rec(
                  equivalenceMethod := "A_strict",
                  equivalenceReason := "character_iso_witness_skipped",
                  equivalenceStatus := "embedded",
                  literalContainment := false,
                  ownerKey := 
                   "liftable-abelian-C2-PGL-2-1-index-1-dimension-12",
                  ownerNumber := 2 ) ],
          projectiveGroupId := [ 12, 5 ],
          smoothnessStatus := "theoretical_smooth",
          sourceCategory := "liftable_abelian",
          sourceKey := "liftable-abelian-C2-PGL-12-5-index-6-dimension-3",
          survivesEqualDimensionSaturation := true,
          symplecticLiftOrder := 6 ), rec(
          directSaturationTargetKey := fail,
          extensionGenerator := fail,
          extensionGeneratorPosition := fail,
          extensionGeneratorStatus := "requires_coordinate_change",
          familyDimension := 3,
          finalSaturationTargetKey := 
           "liftable-abelian-C3-PGL-9-2-index-3-dimension-3",
          fullIndex := 3,
          fullLinearOrder := 27,
          inputNumber := 113,
          linearGroupId := [ 27, 5 ],
          literalSymplecticLiftContainment := false,
          ownerGenericIndex := 1,
          ownerKey := "liftable-abelian-C3-PGL-3-1-index-1-dimension-8",
          ownerNumber := 4,
          ownerProjectiveGroupId := [ 3, 1 ],
          ownerSymplecticPart := "C3",
          ownershipMethod := "A_strict",
          ownershipTests := [ rec(
                  equivalenceMethod := "A_strict",
                  equivalenceReason := "character_iso_witness_skipped",
                  equivalenceStatus := "embedded",
                  literalContainment := false,
                  ownerKey := 
                   "liftable-abelian-C3-PGL-3-1-index-1-dimension-8",
                  ownerNumber := 4 ), rec(
                  equivalenceMethod := "filter",
                  equivalenceReason := "weak_fingerprint",
                  equivalenceStatus := "no_embedding",
                  literalContainment := false,
                  ownerKey := 
                   "small-nonabelian-C3-PGL-6-1-index-2-dimension-8",
                  ownerNumber := 6 ) ],
          projectiveGroupId := [ 9, 2 ],
          smoothnessStatus := "theoretical_smooth",
          sourceCategory := "liftable_abelian",
          sourceKey := "liftable-abelian-C3-PGL-9-2-index-3-dimension-3",
          survivesEqualDimensionSaturation := true,
          symplecticLiftOrder := 9 ), rec(
          directSaturationTargetKey := fail,
          extensionGenerator := 
           [ [ E(8)^3, 0, 0, 0, 0, 0 ], [ 0, E(4), 0, 0, 0, 0 ], 
              [ 0, 0, -1, 0, 0, 0 ], [ 0, 0, 0, 1, 0, 0 ], 
              [ 0, 0, 0, 0, 1, 0 ], [ 0, 0, 0, 0, 0, 1 ] ],
          extensionGeneratorPosition := 2,
          extensionGeneratorStatus := "input_generator",
          familyDimension := 3,
          finalSaturationTargetKey := 
           "liftable-abelian-1-PGL-8-1-index-8-dimension-3",
          fullIndex := 8,
          fullLinearOrder := 24,
          inputNumber := 114,
          linearGroupId := [ 24, 2 ],
          literalSymplecticLiftContainment := true,
          ownerGenericIndex := 1,
          ownerKey := "liftable-abelian-1-PGL-1-1-index-1-dimension-20",
          ownerNumber := 1,
          ownerProjectiveGroupId := [ 1, 1 ],
          ownerSymplecticPart := "1",
          ownershipMethod := "literal_matrix_subgroup",
          ownershipTests := [ rec(
                  equivalenceMethod := "literal_matrix_subgroup",
                  equivalenceReason := 
                   "the standard symplectic lift is literally contained",
                  equivalenceStatus := "embedded",
                  literalContainment := true,
                  ownerKey := 
                   "liftable-abelian-1-PGL-1-1-index-1-dimension-20",
                  ownerNumber := 1 ) ],
          projectiveGroupId := [ 8, 1 ],
          smoothnessStatus := "theoretical_smooth",
          sourceCategory := "liftable_abelian",
          sourceKey := "liftable-abelian-1-PGL-8-1-index-8-dimension-3",
          survivesEqualDimensionSaturation := true,
          symplecticLiftOrder := 3 ), rec(
          directSaturationTargetKey := fail,
          extensionGenerator := 
           [ [ E(8), 0, 0, 0, 0, 0 ], [ 0, -E(4), 0, 0, 0, 0 ], 
              [ 0, 0, -1, 0, 0, 0 ], [ 0, 0, 0, -1, 0, 0 ], 
              [ 0, 0, 0, 0, 1, 0 ], [ 0, 0, 0, 0, 0, 1 ] ],
          extensionGeneratorPosition := 4,
          extensionGeneratorStatus := "input_generator",
          familyDimension := 3,
          finalSaturationTargetKey := 
           "liftable-abelian-1-PGL-8-1-index-8-dimension-3-representation-2",
          fullIndex := 8,
          fullLinearOrder := 24,
          inputNumber := 115,
          linearGroupId := [ 24, 2 ],
          literalSymplecticLiftContainment := true,
          ownerGenericIndex := 1,
          ownerKey := "liftable-abelian-1-PGL-1-1-index-1-dimension-20",
          ownerNumber := 1,
          ownerProjectiveGroupId := [ 1, 1 ],
          ownerSymplecticPart := "1",
          ownershipMethod := "literal_matrix_subgroup",
          ownershipTests := [ rec(
                  equivalenceMethod := "literal_matrix_subgroup",
                  equivalenceReason := 
                   "the standard symplectic lift is literally contained",
                  equivalenceStatus := "embedded",
                  literalContainment := true,
                  ownerKey := 
                   "liftable-abelian-1-PGL-1-1-index-1-dimension-20",
                  ownerNumber := 1 ) ],
          projectiveGroupId := [ 8, 1 ],
          smoothnessStatus := "theoretical_smooth",
          sourceCategory := "liftable_abelian",
          sourceKey := 
           "liftable-abelian-1-PGL-8-1-index-8-dimension-3-representation-2",
          survivesEqualDimensionSaturation := true,
          symplecticLiftOrder := 3 ), rec(
          directSaturationTargetKey := fail,
          extensionGenerator := 
           [ [ -E(8)^3, 0, 0, 0, 0, 0 ], [ 0, E(4), 0, 0, 0, 0 ], 
              [ 0, 0, -E(4), 0, 0, 0 ], [ 0, 0, 0, -1, 0, 0 ], 
              [ 0, 0, 0, 0, 1, 0 ], [ 0, 0, 0, 0, 0, 1 ] ],
          extensionGeneratorPosition := 2,
          extensionGeneratorStatus := "input_generator",
          familyDimension := 3,
          finalSaturationTargetKey := 
           "liftable-abelian-1-PGL-8-1-index-8-dimension-3-representation-3",
          fullIndex := 8,
          fullLinearOrder := 24,
          inputNumber := 116,
          linearGroupId := [ 24, 2 ],
          literalSymplecticLiftContainment := true,
          ownerGenericIndex := 1,
          ownerKey := "liftable-abelian-1-PGL-1-1-index-1-dimension-20",
          ownerNumber := 1,
          ownerProjectiveGroupId := [ 1, 1 ],
          ownerSymplecticPart := "1",
          ownershipMethod := "literal_matrix_subgroup",
          ownershipTests := [ rec(
                  equivalenceMethod := "literal_matrix_subgroup",
                  equivalenceReason := 
                   "the standard symplectic lift is literally contained",
                  equivalenceStatus := "embedded",
                  literalContainment := true,
                  ownerKey := 
                   "liftable-abelian-1-PGL-1-1-index-1-dimension-20",
                  ownerNumber := 1 ) ],
          projectiveGroupId := [ 8, 1 ],
          smoothnessStatus := "theoretical_smooth",
          sourceCategory := "liftable_abelian",
          sourceKey := 
           "liftable-abelian-1-PGL-8-1-index-8-dimension-3-representation-3",
          survivesEqualDimensionSaturation := true,
          symplecticLiftOrder := 3 ), rec(
          directSaturationTargetKey := fail,
          extensionGenerator := 
           [ [ -E(9)^2-E(9)^5, 0, 0, 0, 0, 0 ], [ 0, E(9)^2, 0, 0, 0, 0 ], 
              [ 0, 0, E(9)^5, 0, 0, 0 ], [ 0, 0, 0, -E(9)^5, 0, 0 ], 
              [ 0, 0, 0, 0, E(9)^2+E(9)^5, 0 ], [ 0, 0, 0, 0, 0, -E(9)^2 ] ],
          extensionGeneratorPosition := fail,
          extensionGeneratorStatus := "group_element",
          familyDimension := 3,
          finalSaturationTargetKey := 
           "liftable-abelian-1-PGL-6-2-index-6-dimension-3",
          fullIndex := 6,
          fullLinearOrder := 18,
          inputNumber := 117,
          linearGroupId := [ 18, 2 ],
          literalSymplecticLiftContainment := true,
          ownerGenericIndex := 1,
          ownerKey := "liftable-abelian-1-PGL-1-1-index-1-dimension-20",
          ownerNumber := 1,
          ownerProjectiveGroupId := [ 1, 1 ],
          ownerSymplecticPart := "1",
          ownershipMethod := "literal_matrix_subgroup",
          ownershipTests := [ rec(
                  equivalenceMethod := "literal_matrix_subgroup",
                  equivalenceReason := 
                   "the standard symplectic lift is literally contained",
                  equivalenceStatus := "embedded",
                  literalContainment := true,
                  ownerKey := 
                   "liftable-abelian-1-PGL-1-1-index-1-dimension-20",
                  ownerNumber := 1 ) ],
          projectiveGroupId := [ 6, 2 ],
          smoothnessStatus := "theoretical_smooth",
          sourceCategory := "liftable_abelian",
          sourceKey := "liftable-abelian-1-PGL-6-2-index-6-dimension-3",
          survivesEqualDimensionSaturation := true,
          symplecticLiftOrder := 3 ), rec(
          directSaturationTargetKey := fail,
          extensionGenerator := fail,
          extensionGeneratorPosition := fail,
          extensionGeneratorStatus := "requires_coordinate_change",
          familyDimension := 2,
          finalSaturationTargetKey := 
           "liftable-abelian-C2-PGL-24-9-index-12-dimension-2",
          fullIndex := 12,
          fullLinearOrder := 72,
          inputNumber := 118,
          linearGroupId := [ 72, 36 ],
          literalSymplecticLiftContainment := false,
          ownerGenericIndex := 1,
          ownerKey := "liftable-abelian-C2-PGL-2-1-index-1-dimension-12",
          ownerNumber := 2,
          ownerProjectiveGroupId := [ 2, 1 ],
          ownerSymplecticPart := "C2",
          ownershipMethod := "A_strict",
          ownershipTests := [ rec(
                  equivalenceMethod := "A_strict",
                  equivalenceReason := "character_iso_witness_skipped",
                  equivalenceStatus := "embedded",
                  literalContainment := false,
                  ownerKey := 
                   "liftable-abelian-C2-PGL-2-1-index-1-dimension-12",
                  ownerNumber := 2 ) ],
          projectiveGroupId := [ 24, 9 ],
          smoothnessStatus := "theoretical_smooth",
          sourceCategory := "liftable_abelian",
          sourceKey := "liftable-abelian-C2-PGL-24-9-index-12-dimension-2",
          survivesEqualDimensionSaturation := true,
          symplecticLiftOrder := 6 ), rec(
          directSaturationTargetKey := fail,
          extensionGenerator := fail,
          extensionGeneratorPosition := fail,
          extensionGeneratorStatus := "requires_coordinate_change",
          familyDimension := 2,
          finalSaturationTargetKey := 
           "liftable-abelian-C3-PGL-18-5-index-6-dimension-2",
          fullIndex := 6,
          fullLinearOrder := 54,
          inputNumber := 119,
          linearGroupId := [ 54, 15 ],
          literalSymplecticLiftContainment := false,
          ownerGenericIndex := 1,
          ownerKey := "liftable-abelian-C3-PGL-3-1-index-1-dimension-8",
          ownerNumber := 4,
          ownerProjectiveGroupId := [ 3, 1 ],
          ownerSymplecticPart := "C3",
          ownershipMethod := "A_strict",
          ownershipTests := [ rec(
                  equivalenceMethod := "A_strict",
                  equivalenceReason := "character_iso_witness_skipped",
                  equivalenceStatus := "embedded",
                  literalContainment := false,
                  ownerKey := 
                   "liftable-abelian-C3-PGL-3-1-index-1-dimension-8",
                  ownerNumber := 4 ), rec(
                  equivalenceMethod := "filter",
                  equivalenceReason := "weak_fingerprint",
                  equivalenceStatus := "no_embedding",
                  literalContainment := false,
                  ownerKey := 
                   "small-nonabelian-C3-PGL-6-1-index-2-dimension-8",
                  ownerNumber := 6 ) ],
          projectiveGroupId := [ 18, 5 ],
          smoothnessStatus := "theoretical_smooth",
          sourceCategory := "liftable_abelian",
          sourceKey := "liftable-abelian-C3-PGL-18-5-index-6-dimension-2",
          survivesEqualDimensionSaturation := true,
          symplecticLiftOrder := 9 ), rec(
          directSaturationTargetKey := fail,
          extensionGenerator := 
           [ [ 1, 0, 0, 0, 0, 0 ], [ 0, 1, 0, 0, 0, 0 ], [ 0, 0, 1, 0, 0, 0 ],
              [ 0, 0, 0, -E(4), 0, 0 ], [ 0, 0, 0, 0, -1, 0 ], 
              [ 0, 0, 0, 0, 0, 1 ] ],
          extensionGeneratorPosition := 2,
          extensionGeneratorStatus := "input_generator",
          familyDimension := 2,
          finalSaturationTargetKey := 
           "liftable-abelian-C4-PGL-16-2-index-4-dimension-2",
          fullIndex := 4,
          fullLinearOrder := 48,
          inputNumber := 120,
          linearGroupId := [ 48, 20 ],
          literalSymplecticLiftContainment := true,
          ownerGenericIndex := 1,
          ownerKey := "liftable-abelian-C4-PGL-4-1-index-1-dimension-6",
          ownerNumber := 5,
          ownerProjectiveGroupId := [ 4, 1 ],
          ownerSymplecticPart := "C4",
          ownershipMethod := "literal_matrix_subgroup",
          ownershipTests := [ rec(
                  equivalenceMethod := "literal_matrix_subgroup",
                  equivalenceReason := 
                   "the standard symplectic lift is literally contained",
                  equivalenceStatus := "embedded",
                  literalContainment := true,
                  ownerKey := 
                   "liftable-abelian-C4-PGL-4-1-index-1-dimension-6",
                  ownerNumber := 5 ) ],
          projectiveGroupId := [ 16, 2 ],
          smoothnessStatus := "theoretical_smooth",
          sourceCategory := "liftable_abelian",
          sourceKey := "liftable-abelian-C4-PGL-16-2-index-4-dimension-2",
          survivesEqualDimensionSaturation := true,
          symplecticLiftOrder := 12 ), rec(
          directSaturationTargetKey := fail,
          extensionGenerator := fail,
          extensionGeneratorPosition := fail,
          extensionGeneratorStatus := "requires_coordinate_change",
          familyDimension := 2,
          finalSaturationTargetKey := 
           "liftable-abelian-C2-PGL-16-5-index-8-dimension-2",
          fullIndex := 8,
          fullLinearOrder := 48,
          inputNumber := 121,
          linearGroupId := [ 48, 23 ],
          literalSymplecticLiftContainment := false,
          ownerGenericIndex := 1,
          ownerKey := "liftable-abelian-C2-PGL-2-1-index-1-dimension-12",
          ownerNumber := 2,
          ownerProjectiveGroupId := [ 2, 1 ],
          ownerSymplecticPart := "C2",
          ownershipMethod := "A_strict",
          ownershipTests := [ rec(
                  equivalenceMethod := "A_strict",
                  equivalenceReason := "character_iso_witness_skipped",
                  equivalenceStatus := "embedded",
                  literalContainment := false,
                  ownerKey := 
                   "liftable-abelian-C2-PGL-2-1-index-1-dimension-12",
                  ownerNumber := 2 ) ],
          projectiveGroupId := [ 16, 5 ],
          smoothnessStatus := "theoretical_smooth",
          sourceCategory := "liftable_abelian",
          sourceKey := "liftable-abelian-C2-PGL-16-5-index-8-dimension-2",
          survivesEqualDimensionSaturation := true,
          symplecticLiftOrder := 6 ), rec(
          directSaturationTargetKey := fail,
          extensionGenerator := 
           [ [ -E(4), 0, 0, 0, 0, 0 ], [ 0, -1, 0, 0, 0, 0 ], 
              [ 0, 0, 1, 0, 0, 0 ], [ 0, 0, 0, E(3)^2, 0, 0 ], 
              [ 0, 0, 0, 0, E(3), 0 ], [ 0, 0, 0, 0, 0, E(3) ] ],
          extensionGeneratorPosition := fail,
          extensionGeneratorStatus := "group_element",
          familyDimension := 2,
          finalSaturationTargetKey := 
           "liftable-abelian-1-PGL-12-2-index-12-dimension-2",
          fullIndex := 12,
          fullLinearOrder := 36,
          inputNumber := 122,
          linearGroupId := [ 36, 8 ],
          literalSymplecticLiftContainment := true,
          ownerGenericIndex := 1,
          ownerKey := "liftable-abelian-1-PGL-1-1-index-1-dimension-20",
          ownerNumber := 1,
          ownerProjectiveGroupId := [ 1, 1 ],
          ownerSymplecticPart := "1",
          ownershipMethod := "literal_matrix_subgroup",
          ownershipTests := [ rec(
                  equivalenceMethod := "literal_matrix_subgroup",
                  equivalenceReason := 
                   "the standard symplectic lift is literally contained",
                  equivalenceStatus := "embedded",
                  literalContainment := true,
                  ownerKey := 
                   "liftable-abelian-1-PGL-1-1-index-1-dimension-20",
                  ownerNumber := 1 ) ],
          projectiveGroupId := [ 12, 2 ],
          smoothnessStatus := "theoretical_smooth",
          sourceCategory := "liftable_abelian",
          sourceKey := "liftable-abelian-1-PGL-12-2-index-12-dimension-2",
          survivesEqualDimensionSaturation := true,
          symplecticLiftOrder := 3 ), rec(
          directSaturationTargetKey := fail,
          extensionGenerator := 
           [ [ -E(4), 0, 0, 0, 0, 0 ], [ 0, -1, 0, 0, 0, 0 ], 
              [ 0, 0, 1, 0, 0, 0 ], [ 0, 0, 0, -E(3), 0, 0 ], 
              [ 0, 0, 0, 0, E(3), 0 ], [ 0, 0, 0, 0, 0, E(3)^2 ] ],
          extensionGeneratorPosition := fail,
          extensionGeneratorStatus := "group_element",
          familyDimension := 2,
          finalSaturationTargetKey := 
           "liftable-abelian-1-PGL-12-2-index-12-dimension-2-representation-2"
           ,
          fullIndex := 12,
          fullLinearOrder := 36,
          inputNumber := 123,
          linearGroupId := [ 36, 8 ],
          literalSymplecticLiftContainment := true,
          ownerGenericIndex := 1,
          ownerKey := "liftable-abelian-1-PGL-1-1-index-1-dimension-20",
          ownerNumber := 1,
          ownerProjectiveGroupId := [ 1, 1 ],
          ownerSymplecticPart := "1",
          ownershipMethod := "literal_matrix_subgroup",
          ownershipTests := [ rec(
                  equivalenceMethod := "literal_matrix_subgroup",
                  equivalenceReason := 
                   "the standard symplectic lift is literally contained",
                  equivalenceStatus := "embedded",
                  literalContainment := true,
                  ownerKey := 
                   "liftable-abelian-1-PGL-1-1-index-1-dimension-20",
                  ownerNumber := 1 ) ],
          projectiveGroupId := [ 12, 2 ],
          smoothnessStatus := "theoretical_smooth",
          sourceCategory := "liftable_abelian",
          sourceKey := 
           "liftable-abelian-1-PGL-12-2-index-12-dimension-2-representation-2"
           ,
          survivesEqualDimensionSaturation := true,
          symplecticLiftOrder := 3 ), rec(
          directSaturationTargetKey := 
           "rank-at-least-15-Q_8-PGL-16-13-index-2-dimension-2",
          extensionGenerator := fail,
          extensionGeneratorPosition := fail,
          extensionGeneratorStatus := "requires_coordinate_change",
          familyDimension := 2,
          finalSaturationTargetKey := 
           "rank-at-least-15-Q_8-PGL-16-13-index-2-dimension-2",
          fullIndex := 2,
          fullLinearOrder := 24,
          inputNumber := 124,
          linearGroupId := [ 24, 9 ],
          literalSymplecticLiftContainment := false,
          ownerGenericIndex := 1,
          ownerKey := "liftable-abelian-C4-PGL-4-1-index-1-dimension-6",
          ownerNumber := 5,
          ownerProjectiveGroupId := [ 4, 1 ],
          ownerSymplecticPart := "C4",
          ownershipMethod := "A_strict",
          ownershipTests := [ rec(
                  equivalenceMethod := "A_strict",
                  equivalenceReason := "character_iso_witness_skipped",
                  equivalenceStatus := "embedded",
                  literalContainment := false,
                  ownerKey := 
                   "liftable-abelian-C4-PGL-4-1-index-1-dimension-6",
                  ownerNumber := 5 ) ],
          projectiveGroupId := [ 8, 2 ],
          smoothnessStatus := "theoretical_smooth",
          sourceCategory := "liftable_abelian",
          sourceKey := "liftable-abelian-C4-PGL-8-2-index-2-dimension-2",
          survivesEqualDimensionSaturation := false,
          symplecticLiftOrder := 12 ), rec(
          directSaturationTargetKey := fail,
          extensionGenerator := fail,
          extensionGeneratorPosition := fail,
          extensionGeneratorStatus := "requires_coordinate_change",
          familyDimension := 1,
          finalSaturationTargetKey := 
           "liftable-abelian-C2-PGL-24-9-index-12-dimension-1",
          fullIndex := 12,
          fullLinearOrder := 72,
          inputNumber := 125,
          linearGroupId := [ 72, 36 ],
          literalSymplecticLiftContainment := false,
          ownerGenericIndex := 1,
          ownerKey := "liftable-abelian-C2-PGL-2-1-index-1-dimension-12",
          ownerNumber := 2,
          ownerProjectiveGroupId := [ 2, 1 ],
          ownerSymplecticPart := "C2",
          ownershipMethod := "A_strict",
          ownershipTests := [ rec(
                  equivalenceMethod := "A_strict",
                  equivalenceReason := "character_iso_witness_skipped",
                  equivalenceStatus := "embedded",
                  literalContainment := false,
                  ownerKey := 
                   "liftable-abelian-C2-PGL-2-1-index-1-dimension-12",
                  ownerNumber := 2 ) ],
          projectiveGroupId := [ 24, 9 ],
          smoothnessStatus := "theoretical_smooth",
          sourceCategory := "liftable_abelian",
          sourceKey := "liftable-abelian-C2-PGL-24-9-index-12-dimension-1",
          survivesEqualDimensionSaturation := true,
          symplecticLiftOrder := 6 ), rec(
          directSaturationTargetKey := fail,
          extensionGenerator := 
           [ [ -E(8), 0, 0, 0, 0, 0 ], [ 0, -E(4), 0, 0, 0, 0 ], 
              [ 0, 0, -1, 0, 0, 0 ], [ 0, 0, 0, 1, 0, 0 ], 
              [ 0, 0, 0, 0, 1, 0 ], [ 0, 0, 0, 0, 0, E(3)^2 ] ],
          extensionGeneratorPosition := fail,
          extensionGeneratorStatus := "group_element",
          familyDimension := 1,
          finalSaturationTargetKey := 
           "liftable-abelian-1-PGL-24-2-index-24-dimension-1",
          fullIndex := 24,
          fullLinearOrder := 72,
          inputNumber := 126,
          linearGroupId := [ 72, 14 ],
          literalSymplecticLiftContainment := true,
          ownerGenericIndex := 1,
          ownerKey := "liftable-abelian-1-PGL-1-1-index-1-dimension-20",
          ownerNumber := 1,
          ownerProjectiveGroupId := [ 1, 1 ],
          ownerSymplecticPart := "1",
          ownershipMethod := "literal_matrix_subgroup",
          ownershipTests := [ rec(
                  equivalenceMethod := "literal_matrix_subgroup",
                  equivalenceReason := 
                   "the standard symplectic lift is literally contained",
                  equivalenceStatus := "embedded",
                  literalContainment := true,
                  ownerKey := 
                   "liftable-abelian-1-PGL-1-1-index-1-dimension-20",
                  ownerNumber := 1 ) ],
          projectiveGroupId := [ 24, 2 ],
          smoothnessStatus := "theoretical_smooth",
          sourceCategory := "liftable_abelian",
          sourceKey := "liftable-abelian-1-PGL-24-2-index-24-dimension-1",
          survivesEqualDimensionSaturation := true,
          symplecticLiftOrder := 3 ), rec(
          directSaturationTargetKey := fail,
          extensionGenerator := 
           [ [ -E(8), 0, 0, 0, 0, 0 ], [ 0, -E(4), 0, 0, 0, 0 ], 
              [ 0, 0, E(4), 0, 0, 0 ], [ 0, 0, 0, -1, 0, 0 ], 
              [ 0, 0, 0, 0, 1, 0 ], [ 0, 0, 0, 0, 0, E(3)^2 ] ],
          extensionGeneratorPosition := fail,
          extensionGeneratorStatus := "group_element",
          familyDimension := 1,
          finalSaturationTargetKey := 
           "liftable-abelian-1-PGL-24-2-index-24-dimension-1-representation-2"
           ,
          fullIndex := 24,
          fullLinearOrder := 72,
          inputNumber := 127,
          linearGroupId := [ 72, 14 ],
          literalSymplecticLiftContainment := true,
          ownerGenericIndex := 1,
          ownerKey := "liftable-abelian-1-PGL-1-1-index-1-dimension-20",
          ownerNumber := 1,
          ownerProjectiveGroupId := [ 1, 1 ],
          ownerSymplecticPart := "1",
          ownershipMethod := "literal_matrix_subgroup",
          ownershipTests := [ rec(
                  equivalenceMethod := "literal_matrix_subgroup",
                  equivalenceReason := 
                   "the standard symplectic lift is literally contained",
                  equivalenceStatus := "embedded",
                  literalContainment := true,
                  ownerKey := 
                   "liftable-abelian-1-PGL-1-1-index-1-dimension-20",
                  ownerNumber := 1 ) ],
          projectiveGroupId := [ 24, 2 ],
          smoothnessStatus := "theoretical_smooth",
          sourceCategory := "liftable_abelian",
          sourceKey := 
           "liftable-abelian-1-PGL-24-2-index-24-dimension-1-representation-2"
           ,
          survivesEqualDimensionSaturation := true,
          symplecticLiftOrder := 3 ), rec(
          directSaturationTargetKey := fail,
          extensionGenerator := 
           [ [ -E(16)^3, 0, 0, 0, 0, 0 ], [ 0, -E(8), 0, 0, 0, 0 ], 
              [ 0, 0, -E(4), 0, 0, 0 ], [ 0, 0, 0, -1, 0, 0 ], 
              [ 0, 0, 0, 0, 1, 0 ], [ 0, 0, 0, 0, 0, 1 ] ],
          extensionGeneratorPosition := 2,
          extensionGeneratorStatus := "input_generator",
          familyDimension := 1,
          finalSaturationTargetKey := 
           "liftable-abelian-1-PGL-16-1-index-16-dimension-1",
          fullIndex := 16,
          fullLinearOrder := 48,
          inputNumber := 128,
          linearGroupId := [ 48, 2 ],
          literalSymplecticLiftContainment := true,
          ownerGenericIndex := 1,
          ownerKey := "liftable-abelian-1-PGL-1-1-index-1-dimension-20",
          ownerNumber := 1,
          ownerProjectiveGroupId := [ 1, 1 ],
          ownerSymplecticPart := "1",
          ownershipMethod := "literal_matrix_subgroup",
          ownershipTests := [ rec(
                  equivalenceMethod := "literal_matrix_subgroup",
                  equivalenceReason := 
                   "the standard symplectic lift is literally contained",
                  equivalenceStatus := "embedded",
                  literalContainment := true,
                  ownerKey := 
                   "liftable-abelian-1-PGL-1-1-index-1-dimension-20",
                  ownerNumber := 1 ) ],
          projectiveGroupId := [ 16, 1 ],
          smoothnessStatus := "theoretical_smooth",
          sourceCategory := "liftable_abelian",
          sourceKey := "liftable-abelian-1-PGL-16-1-index-16-dimension-1",
          survivesEqualDimensionSaturation := true,
          symplecticLiftOrder := 3 ), rec(
          directSaturationTargetKey := fail,
          extensionGenerator := 
           [ [ E(16), 0, 0, 0, 0, 0 ], [ 0, -E(8)^3, 0, 0, 0, 0 ], 
              [ 0, 0, E(4), 0, 0, 0 ], [ 0, 0, 0, -E(4), 0, 0 ], 
              [ 0, 0, 0, 0, -1, 0 ], [ 0, 0, 0, 0, 0, 1 ] ],
          extensionGeneratorPosition := 5,
          extensionGeneratorStatus := "input_generator",
          familyDimension := 1,
          finalSaturationTargetKey := 
           "liftable-abelian-1-PGL-16-1-index-16-dimension-1-representation-2"
           ,
          fullIndex := 16,
          fullLinearOrder := 48,
          inputNumber := 129,
          linearGroupId := [ 48, 2 ],
          literalSymplecticLiftContainment := true,
          ownerGenericIndex := 1,
          ownerKey := "liftable-abelian-1-PGL-1-1-index-1-dimension-20",
          ownerNumber := 1,
          ownerProjectiveGroupId := [ 1, 1 ],
          ownerSymplecticPart := "1",
          ownershipMethod := "literal_matrix_subgroup",
          ownershipTests := [ rec(
                  equivalenceMethod := "literal_matrix_subgroup",
                  equivalenceReason := 
                   "the standard symplectic lift is literally contained",
                  equivalenceStatus := "embedded",
                  literalContainment := true,
                  ownerKey := 
                   "liftable-abelian-1-PGL-1-1-index-1-dimension-20",
                  ownerNumber := 1 ) ],
          projectiveGroupId := [ 16, 1 ],
          smoothnessStatus := "theoretical_smooth",
          sourceCategory := "liftable_abelian",
          sourceKey := 
           "liftable-abelian-1-PGL-16-1-index-16-dimension-1-representation-2"
           ,
          survivesEqualDimensionSaturation := true,
          symplecticLiftOrder := 3 ), rec(
          directSaturationTargetKey := fail,
          extensionGenerator := fail,
          extensionGeneratorPosition := fail,
          extensionGeneratorStatus := "requires_coordinate_change",
          familyDimension := 2,
          finalSaturationTargetKey := 
           "nonliftable-abelian-C3-PGL-9-2-index-3-dimension-2",
          fullIndex := 3,
          fullLinearOrder := 27,
          inputNumber := 130,
          linearGroupId := [ 27, 4 ],
          literalSymplecticLiftContainment := false,
          ownerGenericIndex := 1,
          ownerKey := "liftable-abelian-C3-PGL-3-1-index-1-dimension-8",
          ownerNumber := 4,
          ownerProjectiveGroupId := [ 3, 1 ],
          ownerSymplecticPart := "C3",
          ownershipMethod := "A_strict",
          ownershipTests := [ rec(
                  equivalenceMethod := "A_strict",
                  equivalenceReason := "character_iso_witness_skipped",
                  equivalenceStatus := "embedded",
                  literalContainment := false,
                  ownerKey := 
                   "liftable-abelian-C3-PGL-3-1-index-1-dimension-8",
                  ownerNumber := 4 ), rec(
                  equivalenceMethod := "filter",
                  equivalenceReason := "weak_fingerprint",
                  equivalenceStatus := "no_embedding",
                  literalContainment := false,
                  ownerKey := 
                   "small-nonabelian-C3-PGL-6-1-index-2-dimension-8",
                  ownerNumber := 6 ) ],
          projectiveGroupId := [ 9, 2 ],
          smoothnessStatus := "theoretical_smooth",
          sourceCategory := "nonliftable_abelian",
          sourceKey := "nonliftable-abelian-C3-PGL-9-2-index-3-dimension-2",
          survivesEqualDimensionSaturation := true,
          symplecticLiftOrder := 9 ), rec(
          directSaturationTargetKey := fail,
          extensionGenerator := fail,
          extensionGeneratorPosition := fail,
          extensionGeneratorStatus := "requires_coordinate_change",
          familyDimension := 1,
          finalSaturationTargetKey := 
           "nonliftable-abelian-C3-PGL-18-5-index-6-dimension-1",
          fullIndex := 6,
          fullLinearOrder := 54,
          inputNumber := 131,
          linearGroupId := [ 54, 11 ],
          literalSymplecticLiftContainment := false,
          ownerGenericIndex := 1,
          ownerKey := "liftable-abelian-C3-PGL-3-1-index-1-dimension-8",
          ownerNumber := 4,
          ownerProjectiveGroupId := [ 3, 1 ],
          ownerSymplecticPart := "C3",
          ownershipMethod := "A_strict",
          ownershipTests := [ rec(
                  equivalenceMethod := "A_strict",
                  equivalenceReason := "character_iso_witness_skipped",
                  equivalenceStatus := "embedded",
                  literalContainment := false,
                  ownerKey := 
                   "liftable-abelian-C3-PGL-3-1-index-1-dimension-8",
                  ownerNumber := 4 ), rec(
                  equivalenceMethod := "filter",
                  equivalenceReason := "weak_fingerprint",
                  equivalenceStatus := "no_embedding",
                  literalContainment := false,
                  ownerKey := 
                   "small-nonabelian-C3-PGL-6-1-index-2-dimension-8",
                  ownerNumber := 6 ) ],
          projectiveGroupId := [ 18, 5 ],
          smoothnessStatus := "theoretical_smooth",
          sourceCategory := "nonliftable_abelian",
          sourceKey := "nonliftable-abelian-C3-PGL-18-5-index-6-dimension-1",
          survivesEqualDimensionSaturation := true,
          symplecticLiftOrder := 9 ), rec(
          directSaturationTargetKey := 
           "small-nonabelian-S3-PGL-36-12-index-6-dimension-1",
          extensionGenerator := fail,
          extensionGeneratorPosition := fail,
          extensionGeneratorStatus := "requires_coordinate_change",
          familyDimension := 1,
          finalSaturationTargetKey := 
           "rank-at-least-15-S_3,3-PGL-216-170-index-6-dimension-1",
          fullIndex := 6,
          fullLinearOrder := 54,
          inputNumber := 132,
          linearGroupId := [ 54, 12 ],
          literalSymplecticLiftContainment := false,
          ownerGenericIndex := 1,
          ownerKey := "liftable-abelian-C3-PGL-3-1-index-1-dimension-8",
          ownerNumber := 4,
          ownerProjectiveGroupId := [ 3, 1 ],
          ownerSymplecticPart := "C3",
          ownershipMethod := "A_strict",
          ownershipTests := [ rec(
                  equivalenceMethod := "A_strict",
                  equivalenceReason := "character_iso_witness_skipped",
                  equivalenceStatus := "embedded",
                  literalContainment := false,
                  ownerKey := 
                   "liftable-abelian-C3-PGL-3-1-index-1-dimension-8",
                  ownerNumber := 4 ), rec(
                  equivalenceMethod := "filter",
                  equivalenceReason := "weak_fingerprint",
                  equivalenceStatus := "no_embedding",
                  literalContainment := false,
                  ownerKey := 
                   "small-nonabelian-C3-PGL-6-1-index-2-dimension-8",
                  ownerNumber := 6 ) ],
          projectiveGroupId := [ 18, 3 ],
          smoothnessStatus := "explicit_smooth",
          sourceCategory := "small_nonabelian",
          sourceKey := "small-nonabelian-C3-PGL-18-3-index-6-dimension-1",
          survivesEqualDimensionSaturation := false,
          symplecticLiftOrder := 9 ), rec(
          directSaturationTargetKey := 
           "small-nonabelian-S3-PGL-36-12-index-6-dimension-0",
          extensionGenerator := fail,
          extensionGeneratorPosition := fail,
          extensionGeneratorStatus := "requires_coordinate_change",
          familyDimension := 0,
          finalSaturationTargetKey := 
           "rank-at-least-15-3^4:A_6-PGL-174960-0-index-6-dimension-0",
          fullIndex := 6,
          fullLinearOrder := 54,
          inputNumber := 133,
          linearGroupId := [ 54, 12 ],
          literalSymplecticLiftContainment := false,
          ownerGenericIndex := 1,
          ownerKey := "liftable-abelian-C3-PGL-3-1-index-1-dimension-8",
          ownerNumber := 4,
          ownerProjectiveGroupId := [ 3, 1 ],
          ownerSymplecticPart := "C3",
          ownershipMethod := "A_strict",
          ownershipTests := [ rec(
                  equivalenceMethod := "A_strict",
                  equivalenceReason := "character_iso_witness_skipped",
                  equivalenceStatus := "embedded",
                  literalContainment := false,
                  ownerKey := 
                   "liftable-abelian-C3-PGL-3-1-index-1-dimension-8",
                  ownerNumber := 4 ), rec(
                  equivalenceMethod := "filter",
                  equivalenceReason := "weak_fingerprint",
                  equivalenceStatus := "no_embedding",
                  literalContainment := false,
                  ownerKey := 
                   "small-nonabelian-C3-PGL-6-1-index-2-dimension-8",
                  ownerNumber := 6 ) ],
          projectiveGroupId := [ 18, 3 ],
          smoothnessStatus := "explicit_smooth",
          sourceCategory := "small_nonabelian",
          sourceKey := "small-nonabelian-C3-PGL-18-3-index-6-dimension-0",
          survivesEqualDimensionSaturation := false,
          symplecticLiftOrder := 9 ), rec(
          directSaturationTargetKey := fail,
          extensionGenerator := fail,
          extensionGeneratorPosition := fail,
          extensionGeneratorStatus := "requires_coordinate_change",
          familyDimension := 4,
          finalSaturationTargetKey := 
           "small-nonabelian-C3-PGL-6-1-index-2-dimension-4",
          fullIndex := 2,
          fullLinearOrder := 18,
          inputNumber := 134,
          linearGroupId := [ 18, 3 ],
          literalSymplecticLiftContainment := false,
          ownerGenericIndex := 1,
          ownerKey := "liftable-abelian-C3-PGL-3-1-index-1-dimension-8",
          ownerNumber := 4,
          ownerProjectiveGroupId := [ 3, 1 ],
          ownerSymplecticPart := "C3",
          ownershipMethod := "A_strict",
          ownershipTests := [ rec(
                  equivalenceMethod := "A_strict",
                  equivalenceReason := "character_iso_witness_skipped",
                  equivalenceStatus := "embedded",
                  literalContainment := false,
                  ownerKey := 
                   "liftable-abelian-C3-PGL-3-1-index-1-dimension-8",
                  ownerNumber := 4 ), rec(
                  equivalenceMethod := "filter",
                  equivalenceReason := "weak_fingerprint",
                  equivalenceStatus := "no_embedding",
                  literalContainment := false,
                  ownerKey := 
                   "small-nonabelian-C3-PGL-6-1-index-2-dimension-8",
                  ownerNumber := 6 ) ],
          projectiveGroupId := [ 6, 1 ],
          smoothnessStatus := "explicit_smooth",
          sourceCategory := "small_nonabelian",
          sourceKey := "small-nonabelian-C3-PGL-6-1-index-2-dimension-4",
          survivesEqualDimensionSaturation := true,
          symplecticLiftOrder := 9 ), rec(
          directSaturationTargetKey := fail,
          extensionGenerator := 
           [ [ 1, 0, 0, 0, 0, 0 ], [ 0, 1, 0, 0, 0, 0 ], [ 0, 0, 1, 0, 0, 0 ],
              [ 0, 0, 0, 1, 0, 0 ], [ 0, 0, 0, 0, 0, 1/9 ], 
              [ 0, 0, 0, 0, 9*E(3)^2, 0 ] ],
          extensionGeneratorPosition := fail,
          extensionGeneratorStatus := "group_element",
          familyDimension := 4,
          finalSaturationTargetKey := 
           "small-nonabelian-C3-PGL-18-3-index-6-dimension-4",
          fullIndex := 6,
          fullLinearOrder := 54,
          inputNumber := 135,
          linearGroupId := [ 54, 12 ],
          literalSymplecticLiftContainment := true,
          ownerGenericIndex := 2,
          ownerKey := "small-nonabelian-C3-PGL-6-1-index-2-dimension-8",
          ownerNumber := 6,
          ownerProjectiveGroupId := [ 6, 1 ],
          ownerSymplecticPart := "C3",
          ownershipMethod := "literal_matrix_subgroup",
          ownershipTests := [ rec(
                  equivalenceMethod := "filter",
                  equivalenceReason := "weak_fingerprint",
                  equivalenceStatus := "no_embedding",
                  literalContainment := false,
                  ownerKey := 
                   "liftable-abelian-C3-PGL-3-1-index-1-dimension-8",
                  ownerNumber := 4 ), rec(
                  equivalenceMethod := "literal_matrix_subgroup",
                  equivalenceReason := 
                   "the standard symplectic lift is literally contained",
                  equivalenceStatus := "embedded",
                  literalContainment := true,
                  ownerKey := 
                   "small-nonabelian-C3-PGL-6-1-index-2-dimension-8",
                  ownerNumber := 6 ) ],
          projectiveGroupId := [ 18, 3 ],
          smoothnessStatus := "explicit_smooth",
          sourceCategory := "small_nonabelian",
          sourceKey := "small-nonabelian-C3-PGL-18-3-index-6-dimension-4",
          survivesEqualDimensionSaturation := true,
          symplecticLiftOrder := 9 ), rec(
          directSaturationTargetKey := fail,
          extensionGenerator := 
           [ 
              [ -54115/38589*E(3)-46352/38589*E(3)^2, 
                  44360/38589*E(3)+22180/38589*E(3)^2, 
                  28834/38589*E(3)+14417/38589*E(3)^2, 
                  28834/38589*E(3)+14417/38589*E(3)^2, 0, 0 ], 
              [ -22036/38589*E(3)-11018/38589*E(3)^2, 
                  24371/38589*E(3)-7109/38589*E(3)^2, 
                  40924/38589*E(3)+20462/38589*E(3)^2, 
                  40924/38589*E(3)+20462/38589*E(3)^2, 0, 0 ], 
              [ 12334/38589*E(3)+6167/38589*E(3)^2, 
                  -35240/38589*E(3)-17620/38589*E(3)^2, 
                  -61495/38589*E(3)-50042/38589*E(3)^2, 
                  -22906/38589*E(3)-11453/38589*E(3)^2, 0, 0 ], 
              [ -9450/12863*E(3)-4725/12863*E(3)^2, 
                  27000/12863*E(3)+13500/12863*E(3)^2, 
                  17550/12863*E(3)+8775/12863*E(3)^2, 
                  4687/12863*E(3)-4088/12863*E(3)^2, 0, 0 ], 
              [ 0, 0, 0, 0, 0, 1/9 ], [ 0, 0, 0, 0, 9, 0 ] ],
          extensionGeneratorPosition := fail,
          extensionGeneratorStatus := "group_element",
          familyDimension := 4,
          finalSaturationTargetKey := 
           "small-nonabelian-C3-PGL-18-3-index-6-dimension-4-representation-2"
           ,
          fullIndex := 6,
          fullLinearOrder := 54,
          inputNumber := 136,
          linearGroupId := [ 54, 12 ],
          literalSymplecticLiftContainment := true,
          ownerGenericIndex := 2,
          ownerKey := "small-nonabelian-C3-PGL-6-1-index-2-dimension-8",
          ownerNumber := 6,
          ownerProjectiveGroupId := [ 6, 1 ],
          ownerSymplecticPart := "C3",
          ownershipMethod := "literal_matrix_subgroup",
          ownershipTests := [ rec(
                  equivalenceMethod := "filter",
                  equivalenceReason := "weak_fingerprint",
                  equivalenceStatus := "no_embedding",
                  literalContainment := false,
                  ownerKey := 
                   "liftable-abelian-C3-PGL-3-1-index-1-dimension-8",
                  ownerNumber := 4 ), rec(
                  equivalenceMethod := "literal_matrix_subgroup",
                  equivalenceReason := 
                   "the standard symplectic lift is literally contained",
                  equivalenceStatus := "embedded",
                  literalContainment := true,
                  ownerKey := 
                   "small-nonabelian-C3-PGL-6-1-index-2-dimension-8",
                  ownerNumber := 6 ) ],
          projectiveGroupId := [ 18, 3 ],
          smoothnessStatus := "explicit_smooth",
          sourceCategory := "small_nonabelian",
          sourceKey := 
           "small-nonabelian-C3-PGL-18-3-index-6-dimension-4-representation-2"
           ,
          survivesEqualDimensionSaturation := true,
          symplecticLiftOrder := 9 ), rec(
          directSaturationTargetKey := 
           "small-nonabelian-S3-PGL-36-12-index-6-dimension-1-representation-2\
",
          extensionGenerator := 
           [ 
              [ -54115/38589*E(3)-46352/38589*E(3)^2, 
                  44360/38589*E(3)+22180/38589*E(3)^2, 
                  28834/38589*E(3)+14417/38589*E(3)^2, 
                  28834/38589*E(3)+14417/38589*E(3)^2, 0, 0 ], 
              [ -22036/38589*E(3)-11018/38589*E(3)^2, 
                  24371/38589*E(3)-7109/38589*E(3)^2, 
                  40924/38589*E(3)+20462/38589*E(3)^2, 
                  40924/38589*E(3)+20462/38589*E(3)^2, 0, 0 ], 
              [ 12334/38589*E(3)+6167/38589*E(3)^2, 
                  -35240/38589*E(3)-17620/38589*E(3)^2, 
                  -61495/38589*E(3)-50042/38589*E(3)^2, 
                  -22906/38589*E(3)-11453/38589*E(3)^2, 0, 0 ], 
              [ -9450/12863*E(3)-4725/12863*E(3)^2, 
                  27000/12863*E(3)+13500/12863*E(3)^2, 
                  17550/12863*E(3)+8775/12863*E(3)^2, 
                  4687/12863*E(3)-4088/12863*E(3)^2, 0, 0 ], 
              [ 0, 0, 0, 0, 0, 1/9 ], [ 0, 0, 0, 0, 9*E(3), 0 ] ],
          extensionGeneratorPosition := fail,
          extensionGeneratorStatus := "group_element",
          familyDimension := 1,
          finalSaturationTargetKey := 
           "rank-at-least-15-3^{1+4}:2-PGL-2916-0-index-6-dimension-1",
          fullIndex := 6,
          fullLinearOrder := 54,
          inputNumber := 137,
          linearGroupId := [ 54, 12 ],
          literalSymplecticLiftContainment := true,
          ownerGenericIndex := 2,
          ownerKey := "small-nonabelian-C3-PGL-6-1-index-2-dimension-8",
          ownerNumber := 6,
          ownerProjectiveGroupId := [ 6, 1 ],
          ownerSymplecticPart := "C3",
          ownershipMethod := "literal_matrix_subgroup",
          ownershipTests := [ rec(
                  equivalenceMethod := "filter",
                  equivalenceReason := "weak_fingerprint",
                  equivalenceStatus := "no_embedding",
                  literalContainment := false,
                  ownerKey := 
                   "liftable-abelian-C3-PGL-3-1-index-1-dimension-8",
                  ownerNumber := 4 ), rec(
                  equivalenceMethod := "literal_matrix_subgroup",
                  equivalenceReason := 
                   "the standard symplectic lift is literally contained",
                  equivalenceStatus := "embedded",
                  literalContainment := true,
                  ownerKey := 
                   "small-nonabelian-C3-PGL-6-1-index-2-dimension-8",
                  ownerNumber := 6 ) ],
          projectiveGroupId := [ 18, 3 ],
          smoothnessStatus := "explicit_smooth",
          sourceCategory := "small_nonabelian",
          sourceKey := 
           "small-nonabelian-C3-PGL-18-3-index-6-dimension-1-representation-2"
           ,
          survivesEqualDimensionSaturation := false,
          symplecticLiftOrder := 9 ), rec(
          directSaturationTargetKey := 
           "small-nonabelian-S3-PGL-36-12-index-6-dimension-2",
          extensionGenerator := 
           [ 
              [ -71468/38589*E(3)-110057/77178*E(3)^2, 
                  -262/38589*E(3)-131/38589*E(3)^2, 
                  13743/12863*E(3)+13743/25726*E(3)^2, 
                  26138/12863*E(3)+13069/12863*E(3)^2, 0, 0 ], 
              [ -23282/38589*E(3)-11641/38589*E(3)^2, 
                  21167/38589*E(3)-8711/38589*E(3)^2, 
                  13938/12863*E(3)+6969/12863*E(3)^2, 
                  14828/12863*E(3)+7414/12863*E(3)^2, 0, 0 ], 
              [ 48041/38589*E(3)+48041/77178*E(3)^2, 
                  56578/38589*E(3)+28289/38589*E(3)^2, 
                  -29000/12863*E(3)-41863/25726*E(3)^2, 
                  -41642/12863*E(3)-20821/12863*E(3)^2, 0, 0 ], 
              [ -23828/12863*E(3)-11914/12863*E(3)^2, 
                  -9972/12863*E(3)-4986/12863*E(3)^2, 
                  27820/12863*E(3)+13910/12863*E(3)^2, 
                  45767/12863*E(3)+16452/12863*E(3)^2, 0, 0 ], 
              [ 0, 0, 0, 0, 0, 1/9 ], [ 0, 0, 0, 0, 9, 0 ] ],
          extensionGeneratorPosition := fail,
          extensionGeneratorStatus := "group_element",
          familyDimension := 2,
          finalSaturationTargetKey := 
           "rank-at-least-15-A_3,3-PGL-108-38-index-6-dimension-2",
          fullIndex := 6,
          fullLinearOrder := 54,
          inputNumber := 138,
          linearGroupId := [ 54, 12 ],
          literalSymplecticLiftContainment := true,
          ownerGenericIndex := 2,
          ownerKey := "small-nonabelian-C3-PGL-6-1-index-2-dimension-8",
          ownerNumber := 6,
          ownerProjectiveGroupId := [ 6, 1 ],
          ownerSymplecticPart := "C3",
          ownershipMethod := "literal_matrix_subgroup",
          ownershipTests := [ rec(
                  equivalenceMethod := "filter",
                  equivalenceReason := "weak_fingerprint",
                  equivalenceStatus := "no_embedding",
                  literalContainment := false,
                  ownerKey := 
                   "liftable-abelian-C3-PGL-3-1-index-1-dimension-8",
                  ownerNumber := 4 ), rec(
                  equivalenceMethod := "literal_matrix_subgroup",
                  equivalenceReason := 
                   "the standard symplectic lift is literally contained",
                  equivalenceStatus := "embedded",
                  literalContainment := true,
                  ownerKey := 
                   "small-nonabelian-C3-PGL-6-1-index-2-dimension-8",
                  ownerNumber := 6 ) ],
          projectiveGroupId := [ 18, 3 ],
          smoothnessStatus := "explicit_smooth",
          sourceCategory := "small_nonabelian",
          sourceKey := "small-nonabelian-C3-PGL-18-3-index-6-dimension-2",
          survivesEqualDimensionSaturation := false,
          symplecticLiftOrder := 9 ), rec(
          directSaturationTargetKey := fail,
          extensionGenerator := 
           [ 
              [ -21235/12863*E(3)-41861/25726*E(3)^2, 
                  -22442/38589*E(3)+22049/38589*E(3)^2, 
                  26812/38589*E(3)+70063/77178*E(3)^2, 
                  63997/38589*E(3)+53624/38589*E(3)^2, 0, 0 ], 
              [ -4088/12863*E(3)-7553/12863*E(3)^2, 
                  -10313/38589*E(3)+22769/38589*E(3)^2, 
                  21352/38589*E(3)+41369/38589*E(3)^2, 
                  24022/38589*E(3)+42704/38589*E(3)^2, 0, 0 ], 
              [ 13958/12863*E(3)+20125/25726*E(3)^2, 
                  74198/38589*E(3)+10669/38589*E(3)^2, 
                  -75547/38589*E(3)-148495/77178*E(3)^2, 
                  -113473/38589*E(3)-73916/38589*E(3)^2, 0, 0 ], 
              [ -19103/12863*E(3)-16639/12863*E(3)^2, 
                  -23472/12863*E(3)+8514/12863*E(3)^2, 
                  19045/12863*E(3)+22685/12863*E(3)^2, 
                  36992/12863*E(3)+25227/12863*E(3)^2, 0, 0 ], 
              [ 0, 0, 0, 0, 0, 1/9 ], [ 0, 0, 0, 0, 9*E(3)^2, 0 ] ],
          extensionGeneratorPosition := fail,
          extensionGeneratorStatus := "group_element",
          familyDimension := 3,
          finalSaturationTargetKey := 
           "small-nonabelian-C3-PGL-18-3-index-6-dimension-3",
          fullIndex := 6,
          fullLinearOrder := 54,
          inputNumber := 139,
          linearGroupId := [ 54, 12 ],
          literalSymplecticLiftContainment := true,
          ownerGenericIndex := 2,
          ownerKey := "small-nonabelian-C3-PGL-6-1-index-2-dimension-8",
          ownerNumber := 6,
          ownerProjectiveGroupId := [ 6, 1 ],
          ownerSymplecticPart := "C3",
          ownershipMethod := "literal_matrix_subgroup",
          ownershipTests := [ rec(
                  equivalenceMethod := "filter",
                  equivalenceReason := "weak_fingerprint",
                  equivalenceStatus := "no_embedding",
                  literalContainment := false,
                  ownerKey := 
                   "liftable-abelian-C3-PGL-3-1-index-1-dimension-8",
                  ownerNumber := 4 ), rec(
                  equivalenceMethod := "literal_matrix_subgroup",
                  equivalenceReason := 
                   "the standard symplectic lift is literally contained",
                  equivalenceStatus := "embedded",
                  literalContainment := true,
                  ownerKey := 
                   "small-nonabelian-C3-PGL-6-1-index-2-dimension-8",
                  ownerNumber := 6 ) ],
          projectiveGroupId := [ 18, 3 ],
          smoothnessStatus := "explicit_smooth",
          sourceCategory := "small_nonabelian",
          sourceKey := "small-nonabelian-C3-PGL-18-3-index-6-dimension-3",
          survivesEqualDimensionSaturation := true,
          symplecticLiftOrder := 9 ), rec(
          directSaturationTargetKey := fail,
          extensionGenerator := 
           [ [ 1, 0, 0, 0, 0, 0 ], [ 0, 1, 0, 0, 0, 0 ], [ 0, 0, 1, 0, 0, 0 ],
              [ 0, 0, 0, 1, 0, 0 ], [ 0, 0, 0, 0, 0, 1/9*E(3) ], 
              [ 0, 0, 0, 0, 9*E(3)^2, 0 ] ],
          extensionGeneratorPosition := 1,
          extensionGeneratorStatus := "input_generator",
          familyDimension := 8,
          finalSaturationTargetKey := 
           "small-nonabelian-C3-PGL-6-1-index-2-dimension-8",
          fullIndex := 2,
          fullLinearOrder := 18,
          inputNumber := 140,
          linearGroupId := [ 18, 3 ],
          literalSymplecticLiftContainment := true,
          ownerGenericIndex := 2,
          ownerKey := "small-nonabelian-C3-PGL-6-1-index-2-dimension-8",
          ownerNumber := 6,
          ownerProjectiveGroupId := [ 6, 1 ],
          ownerSymplecticPart := "C3",
          ownershipMethod := "literal_matrix_subgroup",
          ownershipTests := [ rec(
                  equivalenceMethod := "filter",
                  equivalenceReason := "weak_fingerprint",
                  equivalenceStatus := "no_embedding",
                  literalContainment := false,
                  ownerKey := 
                   "liftable-abelian-C3-PGL-3-1-index-1-dimension-8",
                  ownerNumber := 4 ), rec(
                  equivalenceMethod := "literal_matrix_subgroup",
                  equivalenceReason := 
                   "the standard symplectic lift is literally contained",
                  equivalenceStatus := "embedded",
                  literalContainment := true,
                  ownerKey := 
                   "small-nonabelian-C3-PGL-6-1-index-2-dimension-8",
                  ownerNumber := 6 ) ],
          projectiveGroupId := [ 6, 1 ],
          smoothnessStatus := "explicit_smooth",
          sourceCategory := "small_nonabelian",
          sourceKey := "small-nonabelian-C3-PGL-6-1-index-2-dimension-8",
          survivesEqualDimensionSaturation := true,
          symplecticLiftOrder := 9 ), rec(
          directSaturationTargetKey := fail,
          extensionGenerator := fail,
          extensionGeneratorPosition := fail,
          extensionGeneratorStatus := "requires_coordinate_change",
          familyDimension := 3,
          finalSaturationTargetKey := 
           "small-nonabelian-C2^2-PGL-12-3-index-3-dimension-3",
          fullIndex := 3,
          fullLinearOrder := 36,
          inputNumber := 141,
          linearGroupId := [ 36, 11 ],
          literalSymplecticLiftContainment := false,
          ownerGenericIndex := 1,
          ownerKey := "liftable-abelian-C2^2-PGL-4-2-index-1-dimension-8",
          ownerNumber := 3,
          ownerProjectiveGroupId := [ 4, 2 ],
          ownerSymplecticPart := "C2^2",
          ownershipMethod := "A_strict",
          ownershipTests := [ rec(
                  equivalenceMethod := "A_strict",
                  equivalenceReason := "character_iso_witness_skipped",
                  equivalenceStatus := "embedded",
                  literalContainment := false,
                  ownerKey := 
                   "liftable-abelian-C2^2-PGL-4-2-index-1-dimension-8",
                  ownerNumber := 3 ) ],
          projectiveGroupId := [ 12, 3 ],
          smoothnessStatus := "explicit_smooth",
          sourceCategory := "small_nonabelian",
          sourceKey := "small-nonabelian-C2^2-PGL-12-3-index-3-dimension-3",
          survivesEqualDimensionSaturation := true,
          symplecticLiftOrder := 12 ), rec(
          directSaturationTargetKey := 
           "small-nonabelian-C2^2-PGL-24-13-index-6-dimension-2-representation\
-2",
          extensionGenerator := fail,
          extensionGeneratorPosition := fail,
          extensionGeneratorStatus := "requires_coordinate_change",
          familyDimension := 2,
          finalSaturationTargetKey := 
           "small-nonabelian-C2^2-PGL-24-13-index-6-dimension-2-representation\
-2",
          fullIndex := 3,
          fullLinearOrder := 36,
          inputNumber := 142,
          linearGroupId := [ 36, 3 ],
          literalSymplecticLiftContainment := false,
          ownerGenericIndex := 1,
          ownerKey := "liftable-abelian-C2^2-PGL-4-2-index-1-dimension-8",
          ownerNumber := 3,
          ownerProjectiveGroupId := [ 4, 2 ],
          ownerSymplecticPart := "C2^2",
          ownershipMethod := "A_strict",
          ownershipTests := [ rec(
                  equivalenceMethod := "A_strict",
                  equivalenceReason := "character_iso_witness_skipped",
                  equivalenceStatus := "embedded",
                  literalContainment := false,
                  ownerKey := 
                   "liftable-abelian-C2^2-PGL-4-2-index-1-dimension-8",
                  ownerNumber := 3 ) ],
          projectiveGroupId := [ 12, 3 ],
          smoothnessStatus := "explicit_smooth",
          sourceCategory := "small_nonabelian",
          sourceKey := "small-nonabelian-C2^2-PGL-12-3-index-3-dimension-2",
          survivesEqualDimensionSaturation := false,
          symplecticLiftOrder := 12 ), rec(
          directSaturationTargetKey := 
           "rank-at-least-15-D_8-PGL-16-11-index-2-dimension-4",
          extensionGenerator := fail,
          extensionGeneratorPosition := fail,
          extensionGeneratorStatus := "requires_coordinate_change",
          familyDimension := 4,
          finalSaturationTargetKey := 
           "rank-at-least-15-D_8-PGL-16-11-index-2-dimension-4",
          fullIndex := 2,
          fullLinearOrder := 24,
          inputNumber := 143,
          linearGroupId := [ 24, 10 ],
          literalSymplecticLiftContainment := false,
          ownerGenericIndex := 1,
          ownerKey := "liftable-abelian-C2^2-PGL-4-2-index-1-dimension-8",
          ownerNumber := 3,
          ownerProjectiveGroupId := [ 4, 2 ],
          ownerSymplecticPart := "C2^2",
          ownershipMethod := "A_strict",
          ownershipTests := [ rec(
                  equivalenceMethod := "A_strict",
                  equivalenceReason := "character_iso_witness_skipped",
                  equivalenceStatus := "embedded",
                  literalContainment := false,
                  ownerKey := 
                   "liftable-abelian-C2^2-PGL-4-2-index-1-dimension-8",
                  ownerNumber := 3 ) ],
          projectiveGroupId := [ 8, 3 ],
          smoothnessStatus := "explicit_smooth",
          sourceCategory := "small_nonabelian",
          sourceKey := "small-nonabelian-C2^2-PGL-8-3-index-2-dimension-4",
          survivesEqualDimensionSaturation := false,
          symplecticLiftOrder := 12 ), rec(
          directSaturationTargetKey := fail,
          extensionGenerator := fail,
          extensionGeneratorPosition := fail,
          extensionGeneratorStatus := "requires_coordinate_change",
          familyDimension := 6,
          finalSaturationTargetKey := 
           "small-nonabelian-C2^2-PGL-8-3-index-2-dimension-6",
          fullIndex := 2,
          fullLinearOrder := 24,
          inputNumber := 144,
          linearGroupId := [ 24, 10 ],
          literalSymplecticLiftContainment := false,
          ownerGenericIndex := 1,
          ownerKey := "liftable-abelian-C2^2-PGL-4-2-index-1-dimension-8",
          ownerNumber := 3,
          ownerProjectiveGroupId := [ 4, 2 ],
          ownerSymplecticPart := "C2^2",
          ownershipMethod := "A_strict",
          ownershipTests := [ rec(
                  equivalenceMethod := "A_strict",
                  equivalenceReason := "character_iso_witness_skipped",
                  equivalenceStatus := "embedded",
                  literalContainment := false,
                  ownerKey := 
                   "liftable-abelian-C2^2-PGL-4-2-index-1-dimension-8",
                  ownerNumber := 3 ) ],
          projectiveGroupId := [ 8, 3 ],
          smoothnessStatus := "explicit_smooth",
          sourceCategory := "small_nonabelian",
          sourceKey := "small-nonabelian-C2^2-PGL-8-3-index-2-dimension-6",
          survivesEqualDimensionSaturation := true,
          symplecticLiftOrder := 12 ), rec(
          directSaturationTargetKey := fail,
          extensionGenerator := fail,
          extensionGeneratorPosition := fail,
          extensionGeneratorStatus := "requires_coordinate_change",
          familyDimension := 2,
          finalSaturationTargetKey := 
           "small-nonabelian-C2^2-PGL-24-13-index-6-dimension-2",
          fullIndex := 6,
          fullLinearOrder := 72,
          inputNumber := 145,
          linearGroupId := [ 72, 47 ],
          literalSymplecticLiftContainment := false,
          ownerGenericIndex := 1,
          ownerKey := "liftable-abelian-C2^2-PGL-4-2-index-1-dimension-8",
          ownerNumber := 3,
          ownerProjectiveGroupId := [ 4, 2 ],
          ownerSymplecticPart := "C2^2",
          ownershipMethod := "A_strict",
          ownershipTests := [ rec(
                  equivalenceMethod := "A_strict",
                  equivalenceReason := "character_iso_witness_skipped",
                  equivalenceStatus := "embedded",
                  literalContainment := false,
                  ownerKey := 
                   "liftable-abelian-C2^2-PGL-4-2-index-1-dimension-8",
                  ownerNumber := 3 ) ],
          projectiveGroupId := [ 24, 13 ],
          smoothnessStatus := "explicit_smooth",
          sourceCategory := "small_nonabelian",
          sourceKey := "small-nonabelian-C2^2-PGL-24-13-index-6-dimension-2",
          survivesEqualDimensionSaturation := true,
          symplecticLiftOrder := 12 ), rec(
          directSaturationTargetKey := fail,
          extensionGenerator := fail,
          extensionGeneratorPosition := fail,
          extensionGeneratorStatus := "requires_coordinate_change",
          familyDimension := 2,
          finalSaturationTargetKey := 
           "small-nonabelian-C2^2-PGL-24-13-index-6-dimension-2-representation\
-2",
          fullIndex := 6,
          fullLinearOrder := 72,
          inputNumber := 146,
          linearGroupId := [ 72, 16 ],
          literalSymplecticLiftContainment := false,
          ownerGenericIndex := 1,
          ownerKey := "liftable-abelian-C2^2-PGL-4-2-index-1-dimension-8",
          ownerNumber := 3,
          ownerProjectiveGroupId := [ 4, 2 ],
          ownerSymplecticPart := "C2^2",
          ownershipMethod := "A_strict",
          ownershipTests := [ rec(
                  equivalenceMethod := "A_strict",
                  equivalenceReason := "character_iso_witness_skipped",
                  equivalenceStatus := "embedded",
                  literalContainment := false,
                  ownerKey := 
                   "liftable-abelian-C2^2-PGL-4-2-index-1-dimension-8",
                  ownerNumber := 3 ) ],
          projectiveGroupId := [ 24, 13 ],
          smoothnessStatus := "explicit_smooth",
          sourceCategory := "small_nonabelian",
          sourceKey := 
           "small-nonabelian-C2^2-PGL-24-13-index-6-dimension-2-representation\
-2",
          survivesEqualDimensionSaturation := true,
          symplecticLiftOrder := 12 ), rec(
          directSaturationTargetKey := fail,
          extensionGenerator := fail,
          extensionGeneratorPosition := fail,
          extensionGeneratorStatus := "requires_coordinate_change",
          familyDimension := 3,
          finalSaturationTargetKey := 
           "small-nonabelian-C2^2-PGL-24-10-index-6-dimension-3",
          fullIndex := 6,
          fullLinearOrder := 72,
          inputNumber := 147,
          linearGroupId := [ 72, 37 ],
          literalSymplecticLiftContainment := false,
          ownerGenericIndex := 1,
          ownerKey := "liftable-abelian-C2^2-PGL-4-2-index-1-dimension-8",
          ownerNumber := 3,
          ownerProjectiveGroupId := [ 4, 2 ],
          ownerSymplecticPart := "C2^2",
          ownershipMethod := "A_strict",
          ownershipTests := [ rec(
                  equivalenceMethod := "A_strict",
                  equivalenceReason := "character_iso_witness_skipped",
                  equivalenceStatus := "embedded",
                  literalContainment := false,
                  ownerKey := 
                   "liftable-abelian-C2^2-PGL-4-2-index-1-dimension-8",
                  ownerNumber := 3 ) ],
          projectiveGroupId := [ 24, 10 ],
          smoothnessStatus := "explicit_smooth",
          sourceCategory := "small_nonabelian",
          sourceKey := "small-nonabelian-C2^2-PGL-24-10-index-6-dimension-3",
          survivesEqualDimensionSaturation := true,
          symplecticLiftOrder := 12 ), rec(
          directSaturationTargetKey := 
           "rank-at-least-15-A_4,3-PGL-432-745-index-6-dimension-1",
          extensionGenerator := fail,
          extensionGeneratorPosition := fail,
          extensionGeneratorStatus := "requires_coordinate_change",
          familyDimension := 1,
          finalSaturationTargetKey := 
           "rank-at-least-15-A_4,3-PGL-432-745-index-6-dimension-1",
          fullIndex := 6,
          fullLinearOrder := 72,
          inputNumber := 148,
          linearGroupId := [ 72, 37 ],
          literalSymplecticLiftContainment := false,
          ownerGenericIndex := 1,
          ownerKey := "liftable-abelian-C2^2-PGL-4-2-index-1-dimension-8",
          ownerNumber := 3,
          ownerProjectiveGroupId := [ 4, 2 ],
          ownerSymplecticPart := "C2^2",
          ownershipMethod := "A_strict",
          ownershipTests := [ rec(
                  equivalenceMethod := "A_strict",
                  equivalenceReason := "character_iso_witness_skipped",
                  equivalenceStatus := "embedded",
                  literalContainment := false,
                  ownerKey := 
                   "liftable-abelian-C2^2-PGL-4-2-index-1-dimension-8",
                  ownerNumber := 3 ) ],
          projectiveGroupId := [ 24, 10 ],
          smoothnessStatus := "explicit_smooth",
          sourceCategory := "small_nonabelian",
          sourceKey := 
           "small-nonabelian-C2^2-PGL-24-10-index-6-dimension-1-representation\
-2",
          survivesEqualDimensionSaturation := false,
          symplecticLiftOrder := 12 ), rec(
          directSaturationTargetKey := 
           "rank-at-least-15-A_4,3-PGL-432-745-index-6-dimension-1",
          extensionGenerator := fail,
          extensionGeneratorPosition := fail,
          extensionGeneratorStatus := "requires_coordinate_change",
          familyDimension := 1,
          finalSaturationTargetKey := 
           "rank-at-least-15-A_4,3-PGL-432-745-index-6-dimension-1",
          fullIndex := 6,
          fullLinearOrder := 72,
          inputNumber := 149,
          linearGroupId := [ 72, 37 ],
          literalSymplecticLiftContainment := false,
          ownerGenericIndex := 1,
          ownerKey := "liftable-abelian-C2^2-PGL-4-2-index-1-dimension-8",
          ownerNumber := 3,
          ownerProjectiveGroupId := [ 4, 2 ],
          ownerSymplecticPart := "C2^2",
          ownershipMethod := "A_strict",
          ownershipTests := [ rec(
                  equivalenceMethod := "A_strict",
                  equivalenceReason := "character_iso_witness_skipped",
                  equivalenceStatus := "embedded",
                  literalContainment := false,
                  ownerKey := 
                   "liftable-abelian-C2^2-PGL-4-2-index-1-dimension-8",
                  ownerNumber := 3 ) ],
          projectiveGroupId := [ 24, 10 ],
          smoothnessStatus := "explicit_smooth",
          sourceCategory := "small_nonabelian",
          sourceKey := 
           "small-nonabelian-C2^2-PGL-24-10-index-6-dimension-1-representation\
-3",
          survivesEqualDimensionSaturation := false,
          symplecticLiftOrder := 12 ), rec(
          directSaturationTargetKey := 
           "rank-at-least-15-D_8-PGL-16-13-index-2-dimension-3",
          extensionGenerator := fail,
          extensionGeneratorPosition := fail,
          extensionGeneratorStatus := "requires_coordinate_change",
          familyDimension := 3,
          finalSaturationTargetKey := 
           "rank-at-least-15-D_8-PGL-16-13-index-2-dimension-3",
          fullIndex := 2,
          fullLinearOrder := 24,
          inputNumber := 150,
          linearGroupId := [ 24, 11 ],
          literalSymplecticLiftContainment := false,
          ownerGenericIndex := 1,
          ownerKey := "liftable-abelian-C4-PGL-4-1-index-1-dimension-6",
          ownerNumber := 5,
          ownerProjectiveGroupId := [ 4, 1 ],
          ownerSymplecticPart := "C4",
          ownershipMethod := "A_strict",
          ownershipTests := [ rec(
                  equivalenceMethod := "A_strict",
                  equivalenceReason := "character_iso_witness_skipped",
                  equivalenceStatus := "embedded",
                  literalContainment := false,
                  ownerKey := 
                   "liftable-abelian-C4-PGL-4-1-index-1-dimension-6",
                  ownerNumber := 5 ) ],
          projectiveGroupId := [ 8, 4 ],
          smoothnessStatus := "explicit_smooth",
          sourceCategory := "small_nonabelian",
          sourceKey := "small-nonabelian-C4-PGL-8-4-index-2-dimension-3",
          survivesEqualDimensionSaturation := false,
          symplecticLiftOrder := 12 ), rec(
          directSaturationTargetKey := fail,
          extensionGenerator := fail,
          extensionGeneratorPosition := fail,
          extensionGeneratorStatus := "requires_coordinate_change",
          familyDimension := 3,
          finalSaturationTargetKey := 
           "small-nonabelian-C4-PGL-8-3-index-2-dimension-3",
          fullIndex := 2,
          fullLinearOrder := 24,
          inputNumber := 151,
          linearGroupId := [ 24, 10 ],
          literalSymplecticLiftContainment := false,
          ownerGenericIndex := 1,
          ownerKey := "liftable-abelian-C4-PGL-4-1-index-1-dimension-6",
          ownerNumber := 5,
          ownerProjectiveGroupId := [ 4, 1 ],
          ownerSymplecticPart := "C4",
          ownershipMethod := "A_strict",
          ownershipTests := [ rec(
                  equivalenceMethod := "A_strict",
                  equivalenceReason := "character_iso_witness_skipped",
                  equivalenceStatus := "embedded",
                  literalContainment := false,
                  ownerKey := 
                   "liftable-abelian-C4-PGL-4-1-index-1-dimension-6",
                  ownerNumber := 5 ) ],
          projectiveGroupId := [ 8, 3 ],
          smoothnessStatus := "explicit_smooth",
          sourceCategory := "small_nonabelian",
          sourceKey := "small-nonabelian-C4-PGL-8-3-index-2-dimension-3",
          survivesEqualDimensionSaturation := true,
          symplecticLiftOrder := 12 ), rec(
          directSaturationTargetKey := fail,
          extensionGenerator := fail,
          extensionGeneratorPosition := fail,
          extensionGeneratorStatus := "requires_coordinate_change",
          familyDimension := 5,
          finalSaturationTargetKey := 
           "small-nonabelian-C4-PGL-8-3-index-2-dimension-5",
          fullIndex := 2,
          fullLinearOrder := 24,
          inputNumber := 152,
          linearGroupId := [ 24, 10 ],
          literalSymplecticLiftContainment := false,
          ownerGenericIndex := 1,
          ownerKey := "liftable-abelian-C4-PGL-4-1-index-1-dimension-6",
          ownerNumber := 5,
          ownerProjectiveGroupId := [ 4, 1 ],
          ownerSymplecticPart := "C4",
          ownershipMethod := "A_strict",
          ownershipTests := [ rec(
                  equivalenceMethod := "A_strict",
                  equivalenceReason := "character_iso_witness_skipped",
                  equivalenceStatus := "embedded",
                  literalContainment := false,
                  ownerKey := 
                   "liftable-abelian-C4-PGL-4-1-index-1-dimension-6",
                  ownerNumber := 5 ) ],
          projectiveGroupId := [ 8, 3 ],
          smoothnessStatus := "explicit_smooth",
          sourceCategory := "small_nonabelian",
          sourceKey := "small-nonabelian-C4-PGL-8-3-index-2-dimension-5",
          survivesEqualDimensionSaturation := true,
          symplecticLiftOrder := 12 ), rec(
          directSaturationTargetKey := 
           "rank-at-least-15-A_4,3-PGL-432-745-index-6-dimension-1",
          extensionGenerator := fail,
          extensionGeneratorPosition := fail,
          extensionGeneratorStatus := "requires_coordinate_change",
          familyDimension := 1,
          finalSaturationTargetKey := 
           "rank-at-least-15-A_4,3-PGL-432-745-index-6-dimension-1",
          fullIndex := 6,
          fullLinearOrder := 72,
          inputNumber := 153,
          linearGroupId := [ 72, 37 ],
          literalSymplecticLiftContainment := false,
          ownerGenericIndex := 1,
          ownerKey := "liftable-abelian-C4-PGL-4-1-index-1-dimension-6",
          ownerNumber := 5,
          ownerProjectiveGroupId := [ 4, 1 ],
          ownerSymplecticPart := "C4",
          ownershipMethod := "A_strict",
          ownershipTests := [ rec(
                  equivalenceMethod := "A_strict",
                  equivalenceReason := "character_iso_witness_skipped",
                  equivalenceStatus := "embedded",
                  literalContainment := false,
                  ownerKey := 
                   "liftable-abelian-C4-PGL-4-1-index-1-dimension-6",
                  ownerNumber := 5 ) ],
          projectiveGroupId := [ 24, 10 ],
          smoothnessStatus := "explicit_smooth",
          sourceCategory := "small_nonabelian",
          sourceKey := 
           "small-nonabelian-C4-PGL-24-10-index-6-dimension-1-representation-2\
",
          survivesEqualDimensionSaturation := false,
          symplecticLiftOrder := 12 ), rec(
          directSaturationTargetKey := fail,
          extensionGenerator := fail,
          extensionGeneratorPosition := fail,
          extensionGeneratorStatus := "requires_coordinate_change",
          familyDimension := 2,
          finalSaturationTargetKey := 
           "small-nonabelian-C4-PGL-16-6-index-4-dimension-2",
          fullIndex := 4,
          fullLinearOrder := 48,
          inputNumber := 154,
          linearGroupId := [ 48, 24 ],
          literalSymplecticLiftContainment := false,
          ownerGenericIndex := 1,
          ownerKey := "liftable-abelian-C4-PGL-4-1-index-1-dimension-6",
          ownerNumber := 5,
          ownerProjectiveGroupId := [ 4, 1 ],
          ownerSymplecticPart := "C4",
          ownershipMethod := "A_strict",
          ownershipTests := [ rec(
                  equivalenceMethod := "A_strict",
                  equivalenceReason := "character_iso_witness_skipped",
                  equivalenceStatus := "embedded",
                  literalContainment := false,
                  ownerKey := 
                   "liftable-abelian-C4-PGL-4-1-index-1-dimension-6",
                  ownerNumber := 5 ) ],
          projectiveGroupId := [ 16, 6 ],
          smoothnessStatus := "explicit_smooth",
          sourceCategory := "small_nonabelian",
          sourceKey := "small-nonabelian-C4-PGL-16-6-index-4-dimension-2",
          survivesEqualDimensionSaturation := true,
          symplecticLiftOrder := 12 ), rec(
          directSaturationTargetKey := fail,
          extensionGenerator := fail,
          extensionGeneratorPosition := fail,
          extensionGeneratorStatus := "not_required",
          familyDimension := 6,
          finalSaturationTargetKey := 
           "small-nonabelian-S3-PGL-6-1-index-1-dimension-6",
          fullIndex := 1,
          fullLinearOrder := 18,
          inputNumber := 155,
          linearGroupId := [ 18, 3 ],
          literalSymplecticLiftContainment := true,
          ownerGenericIndex := 1,
          ownerKey := "small-nonabelian-S3-PGL-6-1-index-1-dimension-6",
          ownerNumber := 7,
          ownerProjectiveGroupId := [ 6, 1 ],
          ownerSymplecticPart := "S3",
          ownershipMethod := "literal_matrix_subgroup",
          ownershipTests := [ rec(
                  equivalenceMethod := "literal_matrix_subgroup",
                  equivalenceReason := 
                   "the standard symplectic lift is literally contained",
                  equivalenceStatus := "embedded",
                  literalContainment := true,
                  ownerKey := 
                   "small-nonabelian-S3-PGL-6-1-index-1-dimension-6",
                  ownerNumber := 7 ), rec(
                  equivalenceMethod := "filter",
                  equivalenceReason := "weak_fingerprint",
                  equivalenceStatus := "no_embedding",
                  literalContainment := false,
                  ownerKey := 
                   "small-nonabelian-S3-PGL-12-4-index-2-dimension-6",
                  ownerNumber := 8 ) ],
          projectiveGroupId := [ 6, 1 ],
          smoothnessStatus := "explicit_smooth",
          sourceCategory := "small_nonabelian",
          sourceKey := "small-nonabelian-S3-PGL-6-1-index-1-dimension-6",
          survivesEqualDimensionSaturation := true,
          symplecticLiftOrder := 18 ), rec(
          directSaturationTargetKey := fail,
          extensionGenerator := 
           [ [ -1, 0, 0, 0, 0, 0 ], [ 0, -1, 0, 0, 0, 0 ], 
              [ 0, 0, -1, 0, 0, 0 ], [ 2, 0, 0, 1, 0, 0 ], 
              [ 0, 2, 0, 0, 1, 0 ], [ 0, 0, 2, 0, 0, 1 ] ],
          extensionGeneratorPosition := 2,
          extensionGeneratorStatus := "input_generator",
          familyDimension := 3,
          finalSaturationTargetKey := 
           "small-nonabelian-S3-PGL-12-4-index-2-dimension-3",
          fullIndex := 2,
          fullLinearOrder := 36,
          inputNumber := 156,
          linearGroupId := [ 36, 12 ],
          literalSymplecticLiftContainment := true,
          ownerGenericIndex := 1,
          ownerKey := "small-nonabelian-S3-PGL-6-1-index-1-dimension-6",
          ownerNumber := 7,
          ownerProjectiveGroupId := [ 6, 1 ],
          ownerSymplecticPart := "S3",
          ownershipMethod := "literal_matrix_subgroup",
          ownershipTests := [ rec(
                  equivalenceMethod := "literal_matrix_subgroup",
                  equivalenceReason := 
                   "the standard symplectic lift is literally contained",
                  equivalenceStatus := "embedded",
                  literalContainment := true,
                  ownerKey := 
                   "small-nonabelian-S3-PGL-6-1-index-1-dimension-6",
                  ownerNumber := 7 ), rec(
                  equivalenceMethod := "filter",
                  equivalenceReason := "weak_fingerprint",
                  equivalenceStatus := "no_embedding",
                  literalContainment := false,
                  ownerKey := 
                   "small-nonabelian-S3-PGL-12-4-index-2-dimension-6",
                  ownerNumber := 8 ) ],
          projectiveGroupId := [ 12, 4 ],
          smoothnessStatus := "explicit_smooth",
          sourceCategory := "small_nonabelian",
          sourceKey := "small-nonabelian-S3-PGL-12-4-index-2-dimension-3",
          survivesEqualDimensionSaturation := true,
          symplecticLiftOrder := 18 ), rec(
          directSaturationTargetKey := fail,
          extensionGenerator := 
           [ [ 1/3, -2/3, -2/3, 0, 0, 0 ], [ -2/3, 1/3, -2/3, 0, 0, 0 ], 
              [ -2/3, -2/3, 1/3, 0, 0, 0 ], [ 2/3, 2/3, 2/3, 1, 0, 0 ], 
              [ 2/3, 2/3, 2/3, 0, 1, 0 ], [ 2/3, 2/3, 2/3, 0, 0, 1 ] ],
          extensionGeneratorPosition := 2,
          extensionGeneratorStatus := "input_generator",
          familyDimension := 3,
          finalSaturationTargetKey := 
           "small-nonabelian-S3-PGL-12-4-index-2-dimension-3-representation-2"
           ,
          fullIndex := 2,
          fullLinearOrder := 36,
          inputNumber := 157,
          linearGroupId := [ 36, 12 ],
          literalSymplecticLiftContainment := true,
          ownerGenericIndex := 1,
          ownerKey := "small-nonabelian-S3-PGL-6-1-index-1-dimension-6",
          ownerNumber := 7,
          ownerProjectiveGroupId := [ 6, 1 ],
          ownerSymplecticPart := "S3",
          ownershipMethod := "literal_matrix_subgroup",
          ownershipTests := [ rec(
                  equivalenceMethod := "literal_matrix_subgroup",
                  equivalenceReason := 
                   "the standard symplectic lift is literally contained",
                  equivalenceStatus := "embedded",
                  literalContainment := true,
                  ownerKey := 
                   "small-nonabelian-S3-PGL-6-1-index-1-dimension-6",
                  ownerNumber := 7 ), rec(
                  equivalenceMethod := "filter",
                  equivalenceReason := "weak_fingerprint",
                  equivalenceStatus := "no_embedding",
                  literalContainment := false,
                  ownerKey := 
                   "small-nonabelian-S3-PGL-12-4-index-2-dimension-6",
                  ownerNumber := 8 ) ],
          projectiveGroupId := [ 12, 4 ],
          smoothnessStatus := "explicit_smooth",
          sourceCategory := "small_nonabelian",
          sourceKey := 
           "small-nonabelian-S3-PGL-12-4-index-2-dimension-3-representation-2"
           ,
          survivesEqualDimensionSaturation := true,
          symplecticLiftOrder := 18 ), rec(
          directSaturationTargetKey := 
           "rank-at-least-15-A_3,3-PGL-108-38-index-6-dimension-2",
          extensionGenerator := 
           [ [ E(3)^2, 0, 0, 0, 0, 0 ], [ 0, E(3)^2, 0, 0, 0, 0 ], 
              [ 0, 0, E(3)^2, 0, 0, 0 ], 
              [ 2/3*E(3)-2/3*E(3)^2, -1/3*E(3)+1/3*E(3)^2, 
                  -1/3*E(3)+1/3*E(3)^2, 2/3*E(3)+1/3*E(3)^2, 
                  -1/3*E(3)+1/3*E(3)^2, -1/3*E(3)+1/3*E(3)^2 ], 
              [ -1/3*E(3)+1/3*E(3)^2, 2/3*E(3)-2/3*E(3)^2, 
                  -1/3*E(3)+1/3*E(3)^2, -1/3*E(3)+1/3*E(3)^2, 
                  2/3*E(3)+1/3*E(3)^2, -1/3*E(3)+1/3*E(3)^2 ], 
              [ -1/3*E(3)+1/3*E(3)^2, -1/3*E(3)+1/3*E(3)^2, 
                  2/3*E(3)-2/3*E(3)^2, -1/3*E(3)+1/3*E(3)^2, 
                  -1/3*E(3)+1/3*E(3)^2, 2/3*E(3)+1/3*E(3)^2 ] ],
          extensionGeneratorPosition := 2,
          extensionGeneratorStatus := "input_generator",
          familyDimension := 2,
          finalSaturationTargetKey := 
           "rank-at-least-15-A_3,3-PGL-108-38-index-6-dimension-2",
          fullIndex := 3,
          fullLinearOrder := 54,
          inputNumber := 158,
          linearGroupId := [ 54, 12 ],
          literalSymplecticLiftContainment := true,
          ownerGenericIndex := 1,
          ownerKey := "small-nonabelian-S3-PGL-6-1-index-1-dimension-6",
          ownerNumber := 7,
          ownerProjectiveGroupId := [ 6, 1 ],
          ownerSymplecticPart := "S3",
          ownershipMethod := "literal_matrix_subgroup",
          ownershipTests := [ rec(
                  equivalenceMethod := "literal_matrix_subgroup",
                  equivalenceReason := 
                   "the standard symplectic lift is literally contained",
                  equivalenceStatus := "embedded",
                  literalContainment := true,
                  ownerKey := 
                   "small-nonabelian-S3-PGL-6-1-index-1-dimension-6",
                  ownerNumber := 7 ), rec(
                  equivalenceMethod := "filter",
                  equivalenceReason := "weak_fingerprint",
                  equivalenceStatus := "no_embedding",
                  literalContainment := false,
                  ownerKey := 
                   "small-nonabelian-S3-PGL-12-4-index-2-dimension-6",
                  ownerNumber := 8 ) ],
          projectiveGroupId := [ 18, 3 ],
          smoothnessStatus := "explicit_smooth",
          sourceCategory := "small_nonabelian",
          sourceKey := "small-nonabelian-S3-PGL-18-3-index-3-dimension-2",
          survivesEqualDimensionSaturation := false,
          symplecticLiftOrder := 18 ), rec(
          directSaturationTargetKey := 
           "small-nonabelian-S3-PGL-36-12-index-6-dimension-0",
          extensionGenerator := 
           [ 
              [ 2/3*E(3)+1/3*E(3)^2, -1/3*E(3)+1/3*E(3)^2, -1/3*E(3)+1/3*E(3)^2,
                  0, 0, 0 ], 
              [ -1/3*E(3)+1/3*E(3)^2, 2/3*E(3)+1/3*E(3)^2, 
                  -1/3*E(3)+1/3*E(3)^2, 0, 0, 0 ], 
              [ -1/3*E(3)+1/3*E(3)^2, -1/3*E(3)+1/3*E(3)^2, 
                  2/3*E(3)+1/3*E(3)^2, 0, 0, 0 ], 
              [ 0, 0, 0, 2/3*E(3)+1/3*E(3)^2, -1/3*E(3)+1/3*E(3)^2, 
                  -1/3*E(3)+1/3*E(3)^2 ], 
              [ 0, 0, 0, -1/3*E(3)+1/3*E(3)^2, 2/3*E(3)+1/3*E(3)^2, 
                  -1/3*E(3)+1/3*E(3)^2 ], 
              [ 0, 0, 0, -1/3*E(3)+1/3*E(3)^2, -1/3*E(3)+1/3*E(3)^2, 
                  2/3*E(3)+1/3*E(3)^2 ] ],
          extensionGeneratorPosition := 2,
          extensionGeneratorStatus := "input_generator",
          familyDimension := 0,
          finalSaturationTargetKey := 
           "rank-at-least-15-3^4:A_6-PGL-174960-0-index-6-dimension-0",
          fullIndex := 3,
          fullLinearOrder := 54,
          inputNumber := 159,
          linearGroupId := [ 54, 12 ],
          literalSymplecticLiftContainment := true,
          ownerGenericIndex := 1,
          ownerKey := "small-nonabelian-S3-PGL-6-1-index-1-dimension-6",
          ownerNumber := 7,
          ownerProjectiveGroupId := [ 6, 1 ],
          ownerSymplecticPart := "S3",
          ownershipMethod := "literal_matrix_subgroup",
          ownershipTests := [ rec(
                  equivalenceMethod := "literal_matrix_subgroup",
                  equivalenceReason := 
                   "the standard symplectic lift is literally contained",
                  equivalenceStatus := "embedded",
                  literalContainment := true,
                  ownerKey := 
                   "small-nonabelian-S3-PGL-6-1-index-1-dimension-6",
                  ownerNumber := 7 ), rec(
                  equivalenceMethod := "filter",
                  equivalenceReason := "weak_fingerprint",
                  equivalenceStatus := "no_embedding",
                  literalContainment := false,
                  ownerKey := 
                   "small-nonabelian-S3-PGL-12-4-index-2-dimension-6",
                  ownerNumber := 8 ) ],
          projectiveGroupId := [ 18, 3 ],
          smoothnessStatus := "explicit_smooth",
          sourceCategory := "small_nonabelian",
          sourceKey := "small-nonabelian-S3-PGL-18-3-index-3-dimension-0",
          survivesEqualDimensionSaturation := false,
          symplecticLiftOrder := 18 ), rec(
          directSaturationTargetKey := fail,
          extensionGenerator := 
           [ [ E(3)^2, 0, 0, 0, 0, 0 ], [ 0, E(3)^2, 0, 0, 0, 0 ], 
              [ 0, 0, E(3)^2, 0, 0, 0 ], 
              [ 1/3*E(3)-1/3*E(3)^2, 1/3*E(3)-1/3*E(3)^2, 1/3*E(3)-1/3*E(3)^2,
                  1/3*E(3)+2/3*E(3)^2, 1/3*E(3)-1/3*E(3)^2, 
                  1/3*E(3)-1/3*E(3)^2 ], 
              [ 1/3*E(3)-1/3*E(3)^2, 1/3*E(3)-1/3*E(3)^2, 1/3*E(3)-1/3*E(3)^2,
                  1/3*E(3)-1/3*E(3)^2, 1/3*E(3)+2/3*E(3)^2, 
                  1/3*E(3)-1/3*E(3)^2 ], 
              [ 1/3*E(3)-1/3*E(3)^2, 1/3*E(3)-1/3*E(3)^2, 1/3*E(3)-1/3*E(3)^2,
                  1/3*E(3)-1/3*E(3)^2, 1/3*E(3)-1/3*E(3)^2, 
                  1/3*E(3)+2/3*E(3)^2 ] ],
          extensionGeneratorPosition := 2,
          extensionGeneratorStatus := "input_generator",
          familyDimension := 3,
          finalSaturationTargetKey := 
           "small-nonabelian-S3-PGL-18-3-index-3-dimension-3",
          fullIndex := 3,
          fullLinearOrder := 54,
          inputNumber := 160,
          linearGroupId := [ 54, 12 ],
          literalSymplecticLiftContainment := true,
          ownerGenericIndex := 1,
          ownerKey := "small-nonabelian-S3-PGL-6-1-index-1-dimension-6",
          ownerNumber := 7,
          ownerProjectiveGroupId := [ 6, 1 ],
          ownerSymplecticPart := "S3",
          ownershipMethod := "literal_matrix_subgroup",
          ownershipTests := [ rec(
                  equivalenceMethod := "literal_matrix_subgroup",
                  equivalenceReason := 
                   "the standard symplectic lift is literally contained",
                  equivalenceStatus := "embedded",
                  literalContainment := true,
                  ownerKey := 
                   "small-nonabelian-S3-PGL-6-1-index-1-dimension-6",
                  ownerNumber := 7 ), rec(
                  equivalenceMethod := "filter",
                  equivalenceReason := "weak_fingerprint",
                  equivalenceStatus := "no_embedding",
                  literalContainment := false,
                  ownerKey := 
                   "small-nonabelian-S3-PGL-12-4-index-2-dimension-6",
                  ownerNumber := 8 ) ],
          projectiveGroupId := [ 18, 3 ],
          smoothnessStatus := "explicit_smooth",
          sourceCategory := "small_nonabelian",
          sourceKey := "small-nonabelian-S3-PGL-18-3-index-3-dimension-3",
          survivesEqualDimensionSaturation := true,
          symplecticLiftOrder := 18 ), rec(
          directSaturationTargetKey := fail,
          extensionGenerator := 
           [ [ E(3)^2, 0, 0, 0, 0, 0 ], [ 0, E(3)^2, 0, 0, 0, 0 ], 
              [ 0, 0, E(3)^2, 0, 0, 0 ], 
              [ -1/3*E(3)-5/3*E(3)^2, 2/3*E(3)+1/3*E(3)^2, 
                  2/3*E(3)+1/3*E(3)^2, -1/3*E(3)-2/3*E(3)^2, 
                  2/3*E(3)+1/3*E(3)^2, 2/3*E(3)+1/3*E(3)^2 ], 
              [ 2/3*E(3)+1/3*E(3)^2, -1/3*E(3)-5/3*E(3)^2, 
                  2/3*E(3)+1/3*E(3)^2, 2/3*E(3)+1/3*E(3)^2, 
                  -1/3*E(3)-2/3*E(3)^2, 2/3*E(3)+1/3*E(3)^2 ], 
              [ 2/3*E(3)+1/3*E(3)^2, 2/3*E(3)+1/3*E(3)^2, 
                  -1/3*E(3)-5/3*E(3)^2, 2/3*E(3)+1/3*E(3)^2, 
                  2/3*E(3)+1/3*E(3)^2, -1/3*E(3)-2/3*E(3)^2 ] ],
          extensionGeneratorPosition := 2,
          extensionGeneratorStatus := "input_generator",
          familyDimension := 2,
          finalSaturationTargetKey := 
           "small-nonabelian-S3-PGL-18-3-index-3-dimension-2-representation-2"
           ,
          fullIndex := 3,
          fullLinearOrder := 54,
          inputNumber := 161,
          linearGroupId := [ 54, 12 ],
          literalSymplecticLiftContainment := true,
          ownerGenericIndex := 1,
          ownerKey := "small-nonabelian-S3-PGL-6-1-index-1-dimension-6",
          ownerNumber := 7,
          ownerProjectiveGroupId := [ 6, 1 ],
          ownerSymplecticPart := "S3",
          ownershipMethod := "literal_matrix_subgroup",
          ownershipTests := [ rec(
                  equivalenceMethod := "literal_matrix_subgroup",
                  equivalenceReason := 
                   "the standard symplectic lift is literally contained",
                  equivalenceStatus := "embedded",
                  literalContainment := true,
                  ownerKey := 
                   "small-nonabelian-S3-PGL-6-1-index-1-dimension-6",
                  ownerNumber := 7 ), rec(
                  equivalenceMethod := "filter",
                  equivalenceReason := "weak_fingerprint",
                  equivalenceStatus := "no_embedding",
                  literalContainment := false,
                  ownerKey := 
                   "small-nonabelian-S3-PGL-12-4-index-2-dimension-6",
                  ownerNumber := 8 ) ],
          projectiveGroupId := [ 18, 3 ],
          smoothnessStatus := "explicit_smooth",
          sourceCategory := "small_nonabelian",
          sourceKey := 
           "small-nonabelian-S3-PGL-18-3-index-3-dimension-2-representation-2"
           ,
          survivesEqualDimensionSaturation := true,
          symplecticLiftOrder := 18 ), rec(
          directSaturationTargetKey := 
           "rank-at-least-15-S_3,3-PGL-216-170-index-6-dimension-1",
          extensionGenerator := 
           [ [ -2/3, -2/3, 1/3, 0, 0, 0 ], [ -2/3, 1/3, -2/3, 0, 0, 0 ], 
              [ 1/3, -2/3, -2/3, 0, 0, 0 ], 
              [ -4/3*E(3)-E(3)^2, -4/3*E(3)-E(3)^2, 2/3*E(3), 
                  -2/3*E(3)-1/3*E(3)^2, -2/3*E(3)-1/3*E(3)^2, 
                  1/3*E(3)-1/3*E(3)^2 ], 
              [ -4/3*E(3)-E(3)^2, 2/3*E(3), -4/3*E(3)-E(3)^2, 
                  -2/3*E(3)-1/3*E(3)^2, 1/3*E(3)-1/3*E(3)^2, 
                  -2/3*E(3)-1/3*E(3)^2 ], 
              [ 2/3*E(3), -4/3*E(3)-E(3)^2, -4/3*E(3)-E(3)^2, 
                  1/3*E(3)-1/3*E(3)^2, -2/3*E(3)-1/3*E(3)^2, 
                  -2/3*E(3)-1/3*E(3)^2 ] ],
          extensionGeneratorPosition := fail,
          extensionGeneratorStatus := "group_element",
          familyDimension := 1,
          finalSaturationTargetKey := 
           "rank-at-least-15-S_3,3-PGL-216-170-index-6-dimension-1",
          fullIndex := 6,
          fullLinearOrder := 108,
          inputNumber := 162,
          linearGroupId := [ 108, 42 ],
          literalSymplecticLiftContainment := true,
          ownerGenericIndex := 1,
          ownerKey := "small-nonabelian-S3-PGL-6-1-index-1-dimension-6",
          ownerNumber := 7,
          ownerProjectiveGroupId := [ 6, 1 ],
          ownerSymplecticPart := "S3",
          ownershipMethod := "literal_matrix_subgroup",
          ownershipTests := [ rec(
                  equivalenceMethod := "literal_matrix_subgroup",
                  equivalenceReason := 
                   "the standard symplectic lift is literally contained",
                  equivalenceStatus := "embedded",
                  literalContainment := true,
                  ownerKey := 
                   "small-nonabelian-S3-PGL-6-1-index-1-dimension-6",
                  ownerNumber := 7 ), rec(
                  equivalenceMethod := "filter",
                  equivalenceReason := "weak_fingerprint",
                  equivalenceStatus := "no_embedding",
                  literalContainment := false,
                  ownerKey := 
                   "small-nonabelian-S3-PGL-12-4-index-2-dimension-6",
                  ownerNumber := 8 ) ],
          projectiveGroupId := [ 36, 12 ],
          smoothnessStatus := "explicit_smooth",
          sourceCategory := "small_nonabelian",
          sourceKey := "small-nonabelian-S3-PGL-36-12-index-6-dimension-1",
          survivesEqualDimensionSaturation := false,
          symplecticLiftOrder := 18 ), rec(
          directSaturationTargetKey := 
           "rank-at-least-15-3^4:A_6-PGL-174960-0-index-6-dimension-0",
          extensionGenerator := 
           [ 
              [ -2/3*E(3)-1/3*E(3)^2, -2/3*E(3)-1/3*E(3)^2, 1/3*E(3)+2/3*E(3)^2,
                  0, 0, 0 ], 
              [ -2/3*E(3)-1/3*E(3)^2, 1/3*E(3)+2/3*E(3)^2, 
                  -2/3*E(3)-1/3*E(3)^2, 0, 0, 0 ], 
              [ 1/3*E(3)+2/3*E(3)^2, -2/3*E(3)-1/3*E(3)^2, 
                  -2/3*E(3)-1/3*E(3)^2, 0, 0, 0 ], 
              [ 4/3*E(3)+2/3*E(3)^2, 4/3*E(3)+2/3*E(3)^2, 
                  -2/3*E(3)-4/3*E(3)^2, 2/3*E(3)+1/3*E(3)^2, 
                  2/3*E(3)+1/3*E(3)^2, -1/3*E(3)-2/3*E(3)^2 ], 
              [ 4/3*E(3)+2/3*E(3)^2, -2/3*E(3)-4/3*E(3)^2, 
                  4/3*E(3)+2/3*E(3)^2, 2/3*E(3)+1/3*E(3)^2, 
                  -1/3*E(3)-2/3*E(3)^2, 2/3*E(3)+1/3*E(3)^2 ], 
              [ -2/3*E(3)-4/3*E(3)^2, 4/3*E(3)+2/3*E(3)^2, 
                  4/3*E(3)+2/3*E(3)^2, -1/3*E(3)-2/3*E(3)^2, 
                  2/3*E(3)+1/3*E(3)^2, 2/3*E(3)+1/3*E(3)^2 ] ],
          extensionGeneratorPosition := fail,
          extensionGeneratorStatus := "group_element",
          familyDimension := 0,
          finalSaturationTargetKey := 
           "rank-at-least-15-3^4:A_6-PGL-174960-0-index-6-dimension-0",
          fullIndex := 6,
          fullLinearOrder := 108,
          inputNumber := 163,
          linearGroupId := [ 108, 42 ],
          literalSymplecticLiftContainment := true,
          ownerGenericIndex := 1,
          ownerKey := "small-nonabelian-S3-PGL-6-1-index-1-dimension-6",
          ownerNumber := 7,
          ownerProjectiveGroupId := [ 6, 1 ],
          ownerSymplecticPart := "S3",
          ownershipMethod := "literal_matrix_subgroup",
          ownershipTests := [ rec(
                  equivalenceMethod := "literal_matrix_subgroup",
                  equivalenceReason := 
                   "the standard symplectic lift is literally contained",
                  equivalenceStatus := "embedded",
                  literalContainment := true,
                  ownerKey := 
                   "small-nonabelian-S3-PGL-6-1-index-1-dimension-6",
                  ownerNumber := 7 ), rec(
                  equivalenceMethod := "filter",
                  equivalenceReason := "weak_fingerprint",
                  equivalenceStatus := "no_embedding",
                  literalContainment := false,
                  ownerKey := 
                   "small-nonabelian-S3-PGL-12-4-index-2-dimension-6",
                  ownerNumber := 8 ) ],
          projectiveGroupId := [ 36, 12 ],
          smoothnessStatus := "explicit_smooth",
          sourceCategory := "small_nonabelian",
          sourceKey := "small-nonabelian-S3-PGL-36-12-index-6-dimension-0",
          survivesEqualDimensionSaturation := false,
          symplecticLiftOrder := 18 ), rec(
          directSaturationTargetKey := 
           "rank-at-least-15-3^4:A_6-PGL-174960-0-index-6-dimension-0",
          extensionGenerator := 
           [ [ 1/3, 1/3, -1/3*E(3)+2/3*E(3)^2, 0, 0, 0 ], 
              [ 1/3, -1/3*E(3)+2/3*E(3)^2, 1/3, 0, 0, 0 ], 
              [ -1/3*E(3)+2/3*E(3)^2, 1/3, 1/3, 0, 0, 0 ], 
              [ 2/3*E(3), 2/3*E(3), 2/3*E(3), 1/3*E(3)-1/3*E(3)^2, 
                  1/3*E(3)-1/3*E(3)^2, 1/3*E(3)+2/3*E(3)^2 ], 
              [ 2/3*E(3), 2/3*E(3), 2/3*E(3), 1/3*E(3)-1/3*E(3)^2, 
                  1/3*E(3)+2/3*E(3)^2, 1/3*E(3)-1/3*E(3)^2 ], 
              [ 2/3*E(3), 2/3*E(3), 2/3*E(3), 1/3*E(3)+2/3*E(3)^2, 
                  1/3*E(3)-1/3*E(3)^2, 1/3*E(3)-1/3*E(3)^2 ] ],
          extensionGeneratorPosition := fail,
          extensionGeneratorStatus := "group_element",
          familyDimension := 0,
          finalSaturationTargetKey := 
           "rank-at-least-15-3^4:A_6-PGL-174960-0-index-6-dimension-0",
          fullIndex := 6,
          fullLinearOrder := 108,
          inputNumber := 164,
          linearGroupId := [ 108, 42 ],
          literalSymplecticLiftContainment := true,
          ownerGenericIndex := 1,
          ownerKey := "small-nonabelian-S3-PGL-6-1-index-1-dimension-6",
          ownerNumber := 7,
          ownerProjectiveGroupId := [ 6, 1 ],
          ownerSymplecticPart := "S3",
          ownershipMethod := "literal_matrix_subgroup",
          ownershipTests := [ rec(
                  equivalenceMethod := "literal_matrix_subgroup",
                  equivalenceReason := 
                   "the standard symplectic lift is literally contained",
                  equivalenceStatus := "embedded",
                  literalContainment := true,
                  ownerKey := 
                   "small-nonabelian-S3-PGL-6-1-index-1-dimension-6",
                  ownerNumber := 7 ), rec(
                  equivalenceMethod := "filter",
                  equivalenceReason := "weak_fingerprint",
                  equivalenceStatus := "no_embedding",
                  literalContainment := false,
                  ownerKey := 
                   "small-nonabelian-S3-PGL-12-4-index-2-dimension-6",
                  ownerNumber := 8 ) ],
          projectiveGroupId := [ 36, 12 ],
          smoothnessStatus := "explicit_smooth",
          sourceCategory := "small_nonabelian",
          sourceKey := 
           "small-nonabelian-S3-PGL-36-12-index-6-dimension-0-representation-2\
",
          survivesEqualDimensionSaturation := false,
          symplecticLiftOrder := 18 ), rec(
          directSaturationTargetKey := fail,
          extensionGenerator := 
           [ [ 1, 0, 0, 0, 0, 0 ], [ 0, 1, 0, 0, 0, 0 ], [ 0, 0, 1, 0, 0, 0 ],
              [ 0, 0, 0, 1, 0, 0 ], [ 0, 0, 0, 0, 1, 0 ], 
              [ 0, 0, 0, 0, 0, -1 ] ],
          extensionGeneratorPosition := 2,
          extensionGeneratorStatus := "input_generator",
          familyDimension := 6,
          finalSaturationTargetKey := 
           "small-nonabelian-S3-PGL-12-4-index-2-dimension-6",
          fullIndex := 2,
          fullLinearOrder := 36,
          inputNumber := 165,
          linearGroupId := [ 36, 12 ],
          literalSymplecticLiftContainment := true,
          ownerGenericIndex := 2,
          ownerKey := "small-nonabelian-S3-PGL-12-4-index-2-dimension-6",
          ownerNumber := 8,
          ownerProjectiveGroupId := [ 12, 4 ],
          ownerSymplecticPart := "S3",
          ownershipMethod := "literal_matrix_subgroup",
          ownershipTests := [ rec(
                  equivalenceMethod := "filter",
                  equivalenceReason := "weak_fingerprint",
                  equivalenceStatus := "no_embedding",
                  literalContainment := false,
                  ownerKey := 
                   "small-nonabelian-S3-PGL-6-1-index-1-dimension-6",
                  ownerNumber := 7 ), rec(
                  equivalenceMethod := "literal_matrix_subgroup",
                  equivalenceReason := 
                   "the standard symplectic lift is literally contained",
                  equivalenceStatus := "embedded",
                  literalContainment := true,
                  ownerKey := 
                   "small-nonabelian-S3-PGL-12-4-index-2-dimension-6",
                  ownerNumber := 8 ) ],
          projectiveGroupId := [ 12, 4 ],
          smoothnessStatus := "explicit_smooth",
          sourceCategory := "small_nonabelian",
          sourceKey := "small-nonabelian-S3-PGL-12-4-index-2-dimension-6",
          survivesEqualDimensionSaturation := true,
          symplecticLiftOrder := 18 ), rec(
          directSaturationTargetKey := fail,
          extensionGenerator := 
           [ [ 2633/1995, 638/1995, 638/1995, -58/285, 58/105, 0 ], 
              [ 638/1995, 2633/1995, 638/1995, -58/285, 58/105, 0 ], 
              [ 638/1995, 638/1995, 2633/1995, -58/285, 58/105, 0 ], 
              [ -968/665, -968/665, -968/665, 183/95, -88/35, 0 ], 
              [ -1496/665, -1496/665, -1496/665, 136/95, -101/35, 0 ], 
              [ 0, 0, 0, 0, 0, -E(4) ] ],
          extensionGeneratorPosition := 2,
          extensionGeneratorStatus := "input_generator",
          familyDimension := 3,
          finalSaturationTargetKey := 
           "small-nonabelian-S3-PGL-24-5-index-4-dimension-3",
          fullIndex := 4,
          fullLinearOrder := 72,
          inputNumber := 166,
          linearGroupId := [ 72, 27 ],
          literalSymplecticLiftContainment := true,
          ownerGenericIndex := 2,
          ownerKey := "small-nonabelian-S3-PGL-12-4-index-2-dimension-6",
          ownerNumber := 8,
          ownerProjectiveGroupId := [ 12, 4 ],
          ownerSymplecticPart := "S3",
          ownershipMethod := "literal_matrix_subgroup",
          ownershipTests := [ rec(
                  equivalenceMethod := "filter",
                  equivalenceReason := "weak_fingerprint",
                  equivalenceStatus := "no_embedding",
                  literalContainment := false,
                  ownerKey := 
                   "small-nonabelian-S3-PGL-6-1-index-1-dimension-6",
                  ownerNumber := 7 ), rec(
                  equivalenceMethod := "literal_matrix_subgroup",
                  equivalenceReason := 
                   "the standard symplectic lift is literally contained",
                  equivalenceStatus := "embedded",
                  literalContainment := true,
                  ownerKey := 
                   "small-nonabelian-S3-PGL-12-4-index-2-dimension-6",
                  ownerNumber := 8 ) ],
          projectiveGroupId := [ 24, 5 ],
          smoothnessStatus := "explicit_smooth",
          sourceCategory := "small_nonabelian",
          sourceKey := "small-nonabelian-S3-PGL-24-5-index-4-dimension-3",
          survivesEqualDimensionSaturation := true,
          symplecticLiftOrder := 18 ), rec(
          directSaturationTargetKey := fail,
          extensionGenerator := 
           [ 
              [ -2/3*E(3)-1/3*E(3)^2, -2/3*E(3)-1/3*E(3)^2, 1/3*E(3)-1/3*E(3)^2,
                  0, 0, 0 ], 
              [ -2/3*E(3)-1/3*E(3)^2, 1/3*E(3)-1/3*E(3)^2, 
                  -2/3*E(3)-1/3*E(3)^2, 0, 0, 0 ], 
              [ 1/3*E(3)-1/3*E(3)^2, -2/3*E(3)-1/3*E(3)^2, 
                  -2/3*E(3)-1/3*E(3)^2, 0, 0, 0 ], [ 0, 0, 0, 1, 0, 0 ], 
              [ 0, 0, 0, 0, 1, 0 ], [ 0, 0, 0, 0, 0, 1 ] ],
          extensionGeneratorPosition := fail,
          extensionGeneratorStatus := "group_element",
          familyDimension := 3,
          finalSaturationTargetKey := 
           "small-nonabelian-S3-PGL-36-12-index-6-dimension-3",
          fullIndex := 6,
          fullLinearOrder := 108,
          inputNumber := 167,
          linearGroupId := [ 108, 42 ],
          literalSymplecticLiftContainment := true,
          ownerGenericIndex := 2,
          ownerKey := "small-nonabelian-S3-PGL-12-4-index-2-dimension-6",
          ownerNumber := 8,
          ownerProjectiveGroupId := [ 12, 4 ],
          ownerSymplecticPart := "S3",
          ownershipMethod := "literal_matrix_subgroup",
          ownershipTests := [ rec(
                  equivalenceMethod := "filter",
                  equivalenceReason := "weak_fingerprint",
                  equivalenceStatus := "no_embedding",
                  literalContainment := false,
                  ownerKey := 
                   "small-nonabelian-S3-PGL-6-1-index-1-dimension-6",
                  ownerNumber := 7 ), rec(
                  equivalenceMethod := "literal_matrix_subgroup",
                  equivalenceReason := 
                   "the standard symplectic lift is literally contained",
                  equivalenceStatus := "embedded",
                  literalContainment := true,
                  ownerKey := 
                   "small-nonabelian-S3-PGL-12-4-index-2-dimension-6",
                  ownerNumber := 8 ) ],
          projectiveGroupId := [ 36, 12 ],
          smoothnessStatus := "explicit_smooth",
          sourceCategory := "small_nonabelian",
          sourceKey := "small-nonabelian-S3-PGL-36-12-index-6-dimension-3",
          survivesEqualDimensionSaturation := true,
          symplecticLiftOrder := 18 ), rec(
          directSaturationTargetKey := fail,
          extensionGenerator := 
           [ 
              [ -1469/1995*E(3)-943/1995*E(3)^2, 526/1995*E(3)+1052/1995*E(3)^2,
                  526/1995*E(3)+1052/1995*E(3)^2, 263/266*E(3)+263/133*E(3)^2,
                  -1052/1995*E(3)-2104/1995*E(3)^2, 0 ], 
              [ 526/1995*E(3)+1052/1995*E(3)^2, 
                  -1469/1995*E(3)-943/1995*E(3)^2, 
                  526/1995*E(3)+1052/1995*E(3)^2, 263/266*E(3)+263/133*E(3)^2,
                  -1052/1995*E(3)-2104/1995*E(3)^2, 0 ], 
              [ 526/1995*E(3)+1052/1995*E(3)^2, 
                  526/1995*E(3)+1052/1995*E(3)^2, 
                  -1469/1995*E(3)-943/1995*E(3)^2, 
                  263/266*E(3)+263/133*E(3)^2, 
                  -1052/1995*E(3)-2104/1995*E(3)^2, 0 ], 
              [ -156/665*E(3)-312/665*E(3)^2, -156/665*E(3)-312/665*E(3)^2, 
                  -156/665*E(3)-312/665*E(3)^2, -250/133*E(3)-367/133*E(3)^2, 
                  312/665*E(3)+624/665*E(3)^2, 0 ], 
              [ -362/665*E(3)-724/665*E(3)^2, -362/665*E(3)-724/665*E(3)^2, 
                  -362/665*E(3)-724/665*E(3)^2, -543/266*E(3)-543/133*E(3)^2, 
                  59/665*E(3)+783/665*E(3)^2, 0 ], [ 0, 0, 0, 0, 0, -1 ] ],
          extensionGeneratorPosition := fail,
          extensionGeneratorStatus := "group_element",
          familyDimension := 3,
          finalSaturationTargetKey := 
           "small-nonabelian-S3-PGL-36-12-index-6-dimension-3-representation-2\
",
          fullIndex := 6,
          fullLinearOrder := 108,
          inputNumber := 168,
          linearGroupId := [ 108, 42 ],
          literalSymplecticLiftContainment := true,
          ownerGenericIndex := 2,
          ownerKey := "small-nonabelian-S3-PGL-12-4-index-2-dimension-6",
          ownerNumber := 8,
          ownerProjectiveGroupId := [ 12, 4 ],
          ownerSymplecticPart := "S3",
          ownershipMethod := "literal_matrix_subgroup",
          ownershipTests := [ rec(
                  equivalenceMethod := "filter",
                  equivalenceReason := "weak_fingerprint",
                  equivalenceStatus := "no_embedding",
                  literalContainment := false,
                  ownerKey := 
                   "small-nonabelian-S3-PGL-6-1-index-1-dimension-6",
                  ownerNumber := 7 ), rec(
                  equivalenceMethod := "literal_matrix_subgroup",
                  equivalenceReason := 
                   "the standard symplectic lift is literally contained",
                  equivalenceStatus := "embedded",
                  literalContainment := true,
                  ownerKey := 
                   "small-nonabelian-S3-PGL-12-4-index-2-dimension-6",
                  ownerNumber := 8 ) ],
          projectiveGroupId := [ 36, 12 ],
          smoothnessStatus := "explicit_smooth",
          sourceCategory := "small_nonabelian",
          sourceKey := 
           "small-nonabelian-S3-PGL-36-12-index-6-dimension-3-representation-2\
",
          survivesEqualDimensionSaturation := true,
          symplecticLiftOrder := 18 ), rec(
          directSaturationTargetKey := 
           "rank-at-least-15-3^{1+4}:2-PGL-2916-0-index-6-dimension-1",
          extensionGenerator := 
           [ 
              [ -397/665*E(3)-268/665*E(3)^2, 268/665*E(3)+397/665*E(3)^2, 
                  268/665*E(3)+397/665*E(3)^2, -263/266*E(3)+263/266*E(3)^2, 
                  1052/1995*E(3)-1052/1995*E(3)^2, 0 ], 
              [ 268/665*E(3)+397/665*E(3)^2, -397/665*E(3)-268/665*E(3)^2, 
                  268/665*E(3)+397/665*E(3)^2, -263/266*E(3)+263/266*E(3)^2, 
                  1052/1995*E(3)-1052/1995*E(3)^2, 0 ], 
              [ 268/665*E(3)+397/665*E(3)^2, 268/665*E(3)+397/665*E(3)^2, 
                  -397/665*E(3)-268/665*E(3)^2, -263/266*E(3)+263/266*E(3)^2, 
                  1052/1995*E(3)-1052/1995*E(3)^2, 0 ], 
              [ 156/665*E(3)-156/665*E(3)^2, 156/665*E(3)-156/665*E(3)^2, 
                  156/665*E(3)-156/665*E(3)^2, 250/133*E(3)-117/133*E(3)^2, 
                  -312/665*E(3)+312/665*E(3)^2, 0 ], 
              [ 362/665*E(3)-362/665*E(3)^2, 362/665*E(3)-362/665*E(3)^2, 
                  362/665*E(3)-362/665*E(3)^2, 543/266*E(3)-543/266*E(3)^2, 
                  -59/665*E(3)+724/665*E(3)^2, 0 ], [ 0, 0, 0, 0, 0, -E(3) ] ]
           ,
          extensionGeneratorPosition := fail,
          extensionGeneratorStatus := "group_element",
          familyDimension := 1,
          finalSaturationTargetKey := 
           "rank-at-least-15-3^{1+4}:2-PGL-2916-0-index-6-dimension-1",
          fullIndex := 6,
          fullLinearOrder := 108,
          inputNumber := 169,
          linearGroupId := [ 108, 42 ],
          literalSymplecticLiftContainment := true,
          ownerGenericIndex := 2,
          ownerKey := "small-nonabelian-S3-PGL-12-4-index-2-dimension-6",
          ownerNumber := 8,
          ownerProjectiveGroupId := [ 12, 4 ],
          ownerSymplecticPart := "S3",
          ownershipMethod := "literal_matrix_subgroup",
          ownershipTests := [ rec(
                  equivalenceMethod := "filter",
                  equivalenceReason := "weak_fingerprint",
                  equivalenceStatus := "no_embedding",
                  literalContainment := false,
                  ownerKey := 
                   "small-nonabelian-S3-PGL-6-1-index-1-dimension-6",
                  ownerNumber := 7 ), rec(
                  equivalenceMethod := "literal_matrix_subgroup",
                  equivalenceReason := 
                   "the standard symplectic lift is literally contained",
                  equivalenceStatus := "embedded",
                  literalContainment := true,
                  ownerKey := 
                   "small-nonabelian-S3-PGL-12-4-index-2-dimension-6",
                  ownerNumber := 8 ) ],
          projectiveGroupId := [ 36, 12 ],
          smoothnessStatus := "explicit_smooth",
          sourceCategory := "small_nonabelian",
          sourceKey := 
           "small-nonabelian-S3-PGL-36-12-index-6-dimension-1-representation-2\
",
          survivesEqualDimensionSaturation := false,
          symplecticLiftOrder := 18 ), rec(
          directSaturationTargetKey := 
           "rank-at-least-15-A_3,3-PGL-108-38-index-6-dimension-2",
          extensionGenerator := 
           [ 
              [ -6665/7503*E(3)-5827/7503*E(3)^2, 
                  838/7503*E(3)+1676/7503*E(3)^2, 
                  838/7503*E(3)+1676/7503*E(3)^2, 
                  2095/5002*E(3)+2095/2501*E(3)^2, 
                  -1676/7503*E(3)-3352/7503*E(3)^2, 0 ], 
              [ 838/7503*E(3)+1676/7503*E(3)^2, 
                  -6665/7503*E(3)-5827/7503*E(3)^2, 
                  838/7503*E(3)+1676/7503*E(3)^2, 
                  2095/5002*E(3)+2095/2501*E(3)^2, 
                  -1676/7503*E(3)-3352/7503*E(3)^2, 0 ], 
              [ 838/7503*E(3)+1676/7503*E(3)^2, 
                  838/7503*E(3)+1676/7503*E(3)^2, 
                  -6665/7503*E(3)-5827/7503*E(3)^2, 
                  2095/5002*E(3)+2095/2501*E(3)^2, 
                  -1676/7503*E(3)-3352/7503*E(3)^2, 0 ], 
              [ 724/2501*E(3)+1448/2501*E(3)^2, 
                  724/2501*E(3)+1448/2501*E(3)^2, 
                  724/2501*E(3)+1448/2501*E(3)^2, 
                  214/2501*E(3)+2929/2501*E(3)^2, 
                  -1448/2501*E(3)-2896/2501*E(3)^2, 0 ], 
              [ 526/2501*E(3)+1052/2501*E(3)^2, 
                  526/2501*E(3)+1052/2501*E(3)^2, 
                  526/2501*E(3)+1052/2501*E(3)^2, 
                  3945/5002*E(3)+3945/2501*E(3)^2, 
                  -3553/2501*E(3)-4605/2501*E(3)^2, 0 ], 
              [ 0, 0, 0, 0, 0, -E(3)^2 ] ],
          extensionGeneratorPosition := fail,
          extensionGeneratorStatus := "group_element",
          familyDimension := 2,
          finalSaturationTargetKey := 
           "rank-at-least-15-A_3,3-PGL-108-38-index-6-dimension-2",
          fullIndex := 6,
          fullLinearOrder := 108,
          inputNumber := 170,
          linearGroupId := [ 108, 42 ],
          literalSymplecticLiftContainment := true,
          ownerGenericIndex := 2,
          ownerKey := "small-nonabelian-S3-PGL-12-4-index-2-dimension-6",
          ownerNumber := 8,
          ownerProjectiveGroupId := [ 12, 4 ],
          ownerSymplecticPart := "S3",
          ownershipMethod := "literal_matrix_subgroup",
          ownershipTests := [ rec(
                  equivalenceMethod := "filter",
                  equivalenceReason := "weak_fingerprint",
                  equivalenceStatus := "no_embedding",
                  literalContainment := false,
                  ownerKey := 
                   "small-nonabelian-S3-PGL-6-1-index-1-dimension-6",
                  ownerNumber := 7 ), rec(
                  equivalenceMethod := "literal_matrix_subgroup",
                  equivalenceReason := 
                   "the standard symplectic lift is literally contained",
                  equivalenceStatus := "embedded",
                  literalContainment := true,
                  ownerKey := 
                   "small-nonabelian-S3-PGL-12-4-index-2-dimension-6",
                  ownerNumber := 8 ) ],
          projectiveGroupId := [ 36, 12 ],
          smoothnessStatus := "explicit_smooth",
          sourceCategory := "small_nonabelian",
          sourceKey := "small-nonabelian-S3-PGL-36-12-index-6-dimension-2",
          survivesEqualDimensionSaturation := false,
          symplecticLiftOrder := 18 ), rec(
          directSaturationTargetKey := 
           "rank-at-least-15-S_3,3-PGL-216-170-index-6-dimension-1",
          extensionGenerator := 
           [ 
              [ -5840/7503*E(3)-4177/7503*E(3)^2, 
                  1663/7503*E(3)+3326/7503*E(3)^2, 
                  1663/7503*E(3)+3326/7503*E(3)^2, 
                  -2095/5002*E(3)-2095/2501*E(3)^2, 
                  1676/7503*E(3)+3352/7503*E(3)^2, 0 ], 
              [ 1663/7503*E(3)+3326/7503*E(3)^2, 
                  -5840/7503*E(3)-4177/7503*E(3)^2, 
                  1663/7503*E(3)+3326/7503*E(3)^2, 
                  -2095/5002*E(3)-2095/2501*E(3)^2, 
                  1676/7503*E(3)+3352/7503*E(3)^2, 0 ], 
              [ 1663/7503*E(3)+3326/7503*E(3)^2, 
                  1663/7503*E(3)+3326/7503*E(3)^2, 
                  -5840/7503*E(3)-4177/7503*E(3)^2, 
                  -2095/5002*E(3)-2095/2501*E(3)^2, 
                  1676/7503*E(3)+3352/7503*E(3)^2, 0 ], 
              [ -724/2501*E(3)-1448/2501*E(3)^2, 
                  -724/2501*E(3)-1448/2501*E(3)^2, 
                  -724/2501*E(3)-1448/2501*E(3)^2, 
                  -2715/2501*E(3)-2929/2501*E(3)^2, 
                  1448/2501*E(3)+2896/2501*E(3)^2, 0 ], 
              [ -526/2501*E(3)-1052/2501*E(3)^2, 
                  -526/2501*E(3)-1052/2501*E(3)^2, 
                  -526/2501*E(3)-1052/2501*E(3)^2, 
                  -3945/5002*E(3)-3945/2501*E(3)^2, 
                  1052/2501*E(3)+4605/2501*E(3)^2, 0 ], [ 0, 0, 0, 0, 0, -1 ] 
             ],
          extensionGeneratorPosition := fail,
          extensionGeneratorStatus := "group_element",
          familyDimension := 1,
          finalSaturationTargetKey := 
           "rank-at-least-15-S_3,3-PGL-216-170-index-6-dimension-1",
          fullIndex := 6,
          fullLinearOrder := 108,
          inputNumber := 171,
          linearGroupId := [ 108, 42 ],
          literalSymplecticLiftContainment := true,
          ownerGenericIndex := 2,
          ownerKey := "small-nonabelian-S3-PGL-12-4-index-2-dimension-6",
          ownerNumber := 8,
          ownerProjectiveGroupId := [ 12, 4 ],
          ownerSymplecticPart := "S3",
          ownershipMethod := "literal_matrix_subgroup",
          ownershipTests := [ rec(
                  equivalenceMethod := "filter",
                  equivalenceReason := "weak_fingerprint",
                  equivalenceStatus := "no_embedding",
                  literalContainment := false,
                  ownerKey := 
                   "small-nonabelian-S3-PGL-6-1-index-1-dimension-6",
                  ownerNumber := 7 ), rec(
                  equivalenceMethod := "literal_matrix_subgroup",
                  equivalenceReason := 
                   "the standard symplectic lift is literally contained",
                  equivalenceStatus := "embedded",
                  literalContainment := true,
                  ownerKey := 
                   "small-nonabelian-S3-PGL-12-4-index-2-dimension-6",
                  ownerNumber := 8 ) ],
          projectiveGroupId := [ 36, 12 ],
          smoothnessStatus := "explicit_smooth",
          sourceCategory := "small_nonabelian",
          sourceKey := 
           "small-nonabelian-S3-PGL-36-12-index-6-dimension-1-representation-3\
",
          survivesEqualDimensionSaturation := false,
          symplecticLiftOrder := 18 ), rec(
          directSaturationTargetKey := fail,
          extensionGenerator := 
           [ [ -301/285*E(3)-1262/1995*E(3)^2, -16/285*E(3)+733/1995*E(3)^2, 
                  -16/285*E(3)+733/1995*E(3)^2, 
                  4757/3990*E(3)+4148/1995*E(3)^2, 
                  -718/665*E(3)-177/133*E(3)^2, 0 ], 
              [ -16/285*E(3)+733/1995*E(3)^2, -301/285*E(3)-1262/1995*E(3)^2, 
                  -16/285*E(3)+733/1995*E(3)^2, 
                  4757/3990*E(3)+4148/1995*E(3)^2, 
                  -718/665*E(3)-177/133*E(3)^2, 0 ], 
              [ -16/285*E(3)+733/1995*E(3)^2, -16/285*E(3)+733/1995*E(3)^2, 
                  -301/285*E(3)-1262/1995*E(3)^2, 
                  4757/3990*E(3)+4148/1995*E(3)^2, 
                  -718/665*E(3)-177/133*E(3)^2, 0 ], 
              [ 116/95*E(3)+172/665*E(3)^2, 116/95*E(3)+172/665*E(3)^2, 
                  116/95*E(3)+172/665*E(3)^2, -1866/665*E(3)-2143/665*E(3)^2, 
                  1984/665*E(3)+292/133*E(3)^2, 0 ], 
              [ 162/95*E(3)+24/665*E(3)^2, 162/95*E(3)+24/665*E(3)^2, 
                  162/95*E(3)+24/665*E(3)^2, -4619/1330*E(3)-3191/665*E(3)^2, 
                  2643/665*E(3)+415/133*E(3)^2, 0 ], [ 0, 0, 0, 0, 0, -E(3) ] 
             ],
          extensionGeneratorPosition := fail,
          extensionGeneratorStatus := "group_element",
          familyDimension := 2,
          finalSaturationTargetKey := 
           "small-nonabelian-S3-PGL-36-12-index-6-dimension-2-representation-2\
",
          fullIndex := 6,
          fullLinearOrder := 108,
          inputNumber := 172,
          linearGroupId := [ 108, 42 ],
          literalSymplecticLiftContainment := true,
          ownerGenericIndex := 2,
          ownerKey := "small-nonabelian-S3-PGL-12-4-index-2-dimension-6",
          ownerNumber := 8,
          ownerProjectiveGroupId := [ 12, 4 ],
          ownerSymplecticPart := "S3",
          ownershipMethod := "literal_matrix_subgroup",
          ownershipTests := [ rec(
                  equivalenceMethod := "filter",
                  equivalenceReason := "weak_fingerprint",
                  equivalenceStatus := "no_embedding",
                  literalContainment := false,
                  ownerKey := 
                   "small-nonabelian-S3-PGL-6-1-index-1-dimension-6",
                  ownerNumber := 7 ), rec(
                  equivalenceMethod := "literal_matrix_subgroup",
                  equivalenceReason := 
                   "the standard symplectic lift is literally contained",
                  equivalenceStatus := "embedded",
                  literalContainment := true,
                  ownerKey := 
                   "small-nonabelian-S3-PGL-12-4-index-2-dimension-6",
                  ownerNumber := 8 ) ],
          projectiveGroupId := [ 36, 12 ],
          smoothnessStatus := "explicit_smooth",
          sourceCategory := "small_nonabelian",
          sourceKey := 
           "small-nonabelian-S3-PGL-36-12-index-6-dimension-2-representation-2\
",
          survivesEqualDimensionSaturation := true,
          symplecticLiftOrder := 18 ), rec(
          directSaturationTargetKey := fail,
          extensionGenerator := 
           [ 
              [ 466/665+319/1995*E(4), -199/665+319/1995*E(4), 
                  -199/665+319/1995*E(4), 4148/1995-29/285*E(4), 
                  -177/133+29/105*E(4), 0 ], 
              [ -199/665+319/1995*E(4), 466/665+319/1995*E(4), 
                  -199/665+319/1995*E(4), 4148/1995-29/285*E(4), 
                  -177/133+29/105*E(4), 0 ], 
              [ -199/665+319/1995*E(4), -199/665+319/1995*E(4), 
                  466/665+319/1995*E(4), 4148/1995-29/285*E(4), 
                  -177/133+29/105*E(4), 0 ], 
              [ 172/665-484/665*E(4), 172/665-484/665*E(4), 
                  172/665-484/665*E(4), -2143/665+44/95*E(4), 
                  292/133-44/35*E(4), 0 ], 
              [ 24/665-748/665*E(4), 24/665-748/665*E(4), 24/665-748/665*E(4),
                  -3191/665+68/95*E(4), 415/133-68/35*E(4), 0 ], 
              [ 0, 0, 0, 0, 0, -E(8) ] ],
          extensionGeneratorPosition := 2,
          extensionGeneratorStatus := "input_generator",
          familyDimension := 1,
          finalSaturationTargetKey := 
           "small-nonabelian-S3-PGL-48-4-index-8-dimension-1",
          fullIndex := 8,
          fullLinearOrder := 144,
          inputNumber := 173,
          linearGroupId := [ 144, 69 ],
          literalSymplecticLiftContainment := true,
          ownerGenericIndex := 2,
          ownerKey := "small-nonabelian-S3-PGL-12-4-index-2-dimension-6",
          ownerNumber := 8,
          ownerProjectiveGroupId := [ 12, 4 ],
          ownerSymplecticPart := "S3",
          ownershipMethod := "literal_matrix_subgroup",
          ownershipTests := [ rec(
                  equivalenceMethod := "filter",
                  equivalenceReason := "weak_fingerprint",
                  equivalenceStatus := "no_embedding",
                  literalContainment := false,
                  ownerKey := 
                   "small-nonabelian-S3-PGL-6-1-index-1-dimension-6",
                  ownerNumber := 7 ), rec(
                  equivalenceMethod := "literal_matrix_subgroup",
                  equivalenceReason := 
                   "the standard symplectic lift is literally contained",
                  equivalenceStatus := "embedded",
                  literalContainment := true,
                  ownerKey := 
                   "small-nonabelian-S3-PGL-12-4-index-2-dimension-6",
                  ownerNumber := 8 ) ],
          projectiveGroupId := [ 48, 4 ],
          smoothnessStatus := "explicit_smooth",
          sourceCategory := "small_nonabelian",
          sourceKey := "small-nonabelian-S3-PGL-48-4-index-8-dimension-1",
          survivesEqualDimensionSaturation := true,
          symplecticLiftOrder := 18 ), rec(
          directSaturationTargetKey := fail,
          extensionGenerator := 
           [ 
              [ -1/3*E(3)+1/3*E(3)^2, -1/3*E(3)-2/3*E(3)^2, 
                  -1/3*E(3)-2/3*E(3)^2, 0, 0, 0 ], 
              [ -1/3*E(3)-2/3*E(3)^2, -1/3*E(3)+1/3*E(3)^2, 
                  -1/3*E(3)-2/3*E(3)^2, 0, 0, 0 ], 
              [ -1/3*E(3)-2/3*E(3)^2, -1/3*E(3)-2/3*E(3)^2, 
                  -1/3*E(3)+1/3*E(3)^2, 0, 0, 0 ], [ 0, 0, 0, 1, 0, 0 ], 
              [ 0, 0, 0, 0, -1, 0 ], [ 0, 0, 0, 0, 0, E(4) ] ],
          extensionGeneratorPosition := 4,
          extensionGeneratorStatus := "input_generator",
          familyDimension := 1,
          finalSaturationTargetKey := 
           "small-nonabelian-S3-PGL-72-27-index-12-dimension-1",
          fullIndex := 12,
          fullLinearOrder := 216,
          inputNumber := 174,
          linearGroupId := [ 216, 136 ],
          literalSymplecticLiftContainment := true,
          ownerGenericIndex := 2,
          ownerKey := "small-nonabelian-S3-PGL-12-4-index-2-dimension-6",
          ownerNumber := 8,
          ownerProjectiveGroupId := [ 12, 4 ],
          ownerSymplecticPart := "S3",
          ownershipMethod := "literal_matrix_subgroup",
          ownershipTests := [ rec(
                  equivalenceMethod := "filter",
                  equivalenceReason := "weak_fingerprint",
                  equivalenceStatus := "no_embedding",
                  literalContainment := false,
                  ownerKey := 
                   "small-nonabelian-S3-PGL-6-1-index-1-dimension-6",
                  ownerNumber := 7 ), rec(
                  equivalenceMethod := "literal_matrix_subgroup",
                  equivalenceReason := 
                   "the standard symplectic lift is literally contained",
                  equivalenceStatus := "embedded",
                  literalContainment := true,
                  ownerKey := 
                   "small-nonabelian-S3-PGL-12-4-index-2-dimension-6",
                  ownerNumber := 8 ) ],
          projectiveGroupId := [ 72, 27 ],
          smoothnessStatus := "explicit_smooth",
          sourceCategory := "small_nonabelian",
          sourceKey := "small-nonabelian-S3-PGL-72-27-index-12-dimension-1",
          survivesEqualDimensionSaturation := true,
          symplecticLiftOrder := 18 ), rec(
          directSaturationTargetKey := fail,
          extensionGenerator := 
           [ 
              [ -1/3*E(3)+1/3*E(3)^2, -1/3*E(3)-2/3*E(3)^2, 
                  -1/3*E(3)-2/3*E(3)^2, 0, 0, 0 ], 
              [ -1/3*E(3)-2/3*E(3)^2, -1/3*E(3)+1/3*E(3)^2, 
                  -1/3*E(3)-2/3*E(3)^2, 0, 0, 0 ], 
              [ -1/3*E(3)-2/3*E(3)^2, -1/3*E(3)-2/3*E(3)^2, 
                  -1/3*E(3)+1/3*E(3)^2, 0, 0, 0 ], [ 0, 0, 0, -E(3)^2, 0, 0 ],
              [ 0, 0, 0, 0, E(3)^2, 0 ], [ 0, 0, 0, 0, 0, E(12)^11 ] ],
          extensionGeneratorPosition := 4,
          extensionGeneratorStatus := "input_generator",
          familyDimension := 1,
          finalSaturationTargetKey := 
           "small-nonabelian-S3-PGL-72-27-index-12-dimension-1-representation-\
2",
          fullIndex := 12,
          fullLinearOrder := 216,
          inputNumber := 175,
          linearGroupId := [ 216, 136 ],
          literalSymplecticLiftContainment := true,
          ownerGenericIndex := 2,
          ownerKey := "small-nonabelian-S3-PGL-12-4-index-2-dimension-6",
          ownerNumber := 8,
          ownerProjectiveGroupId := [ 12, 4 ],
          ownerSymplecticPart := "S3",
          ownershipMethod := "literal_matrix_subgroup",
          ownershipTests := [ rec(
                  equivalenceMethod := "filter",
                  equivalenceReason := "weak_fingerprint",
                  equivalenceStatus := "no_embedding",
                  literalContainment := false,
                  ownerKey := 
                   "small-nonabelian-S3-PGL-6-1-index-1-dimension-6",
                  ownerNumber := 7 ), rec(
                  equivalenceMethod := "literal_matrix_subgroup",
                  equivalenceReason := 
                   "the standard symplectic lift is literally contained",
                  equivalenceStatus := "embedded",
                  literalContainment := true,
                  ownerKey := 
                   "small-nonabelian-S3-PGL-12-4-index-2-dimension-6",
                  ownerNumber := 8 ) ],
          projectiveGroupId := [ 72, 27 ],
          smoothnessStatus := "explicit_smooth",
          sourceCategory := "small_nonabelian",
          sourceKey := 
           "small-nonabelian-S3-PGL-72-27-index-12-dimension-1-representation-\
2",
          survivesEqualDimensionSaturation := true,
          symplecticLiftOrder := 18 ), rec(
          directSaturationTargetKey := 
           "rank-at-least-15-3^{1+4}:2-PGL-5832-0-index-12-dimension-0",
          extensionGenerator := 
           [ 
              [ -1/3*E(3)+1/3*E(3)^2, -1/3*E(3)-2/3*E(3)^2, 
                  -1/3*E(3)-2/3*E(3)^2, 0, 0, 0 ], 
              [ -1/3*E(3)-2/3*E(3)^2, -1/3*E(3)+1/3*E(3)^2, 
                  -1/3*E(3)-2/3*E(3)^2, 0, 0, 0 ], 
              [ -1/3*E(3)-2/3*E(3)^2, -1/3*E(3)-2/3*E(3)^2, 
                  -1/3*E(3)+1/3*E(3)^2, 0, 0, 0 ], [ 0, 0, 0, E(3), 0, 0 ], 
              [ 0, 0, 0, 0, -E(3), 0 ], [ 0, 0, 0, 0, 0, E(12)^7 ] ],
          extensionGeneratorPosition := 4,
          extensionGeneratorStatus := "input_generator",
          familyDimension := 0,
          finalSaturationTargetKey := 
           "rank-at-least-15-3^{1+4}:2-PGL-5832-0-index-12-dimension-0",
          fullIndex := 12,
          fullLinearOrder := 216,
          inputNumber := 176,
          linearGroupId := [ 216, 136 ],
          literalSymplecticLiftContainment := true,
          ownerGenericIndex := 2,
          ownerKey := "small-nonabelian-S3-PGL-12-4-index-2-dimension-6",
          ownerNumber := 8,
          ownerProjectiveGroupId := [ 12, 4 ],
          ownerSymplecticPart := "S3",
          ownershipMethod := "literal_matrix_subgroup",
          ownershipTests := [ rec(
                  equivalenceMethod := "filter",
                  equivalenceReason := "weak_fingerprint",
                  equivalenceStatus := "no_embedding",
                  literalContainment := false,
                  ownerKey := 
                   "small-nonabelian-S3-PGL-6-1-index-1-dimension-6",
                  ownerNumber := 7 ), rec(
                  equivalenceMethod := "literal_matrix_subgroup",
                  equivalenceReason := 
                   "the standard symplectic lift is literally contained",
                  equivalenceStatus := "embedded",
                  literalContainment := true,
                  ownerKey := 
                   "small-nonabelian-S3-PGL-12-4-index-2-dimension-6",
                  ownerNumber := 8 ) ],
          projectiveGroupId := [ 72, 27 ],
          smoothnessStatus := "explicit_smooth",
          sourceCategory := "small_nonabelian",
          sourceKey := "small-nonabelian-S3-PGL-72-27-index-12-dimension-0",
          survivesEqualDimensionSaturation := false,
          symplecticLiftOrder := 18 ), rec(
          directSaturationTargetKey := fail,
          extensionGenerator := fail,
          extensionGeneratorPosition := fail,
          extensionGeneratorStatus := "requires_coordinate_change",
          familyDimension := 0,
          finalSaturationTargetKey := 
           "small-nonabelian-S3-PGL-144-69-index-24-dimension-0",
          fullIndex := 24,
          fullLinearOrder := 432,
          inputNumber := 177,
          linearGroupId := [ 432, 464 ],
          literalSymplecticLiftContainment := false,
          ownerGenericIndex := 2,
          ownerKey := "small-nonabelian-S3-PGL-12-4-index-2-dimension-6",
          ownerNumber := 8,
          ownerProjectiveGroupId := [ 12, 4 ],
          ownerSymplecticPart := "S3",
          ownershipMethod := "A_strict",
          ownershipTests := [ rec(
                  equivalenceMethod := "filter",
                  equivalenceReason := "weak_fingerprint",
                  equivalenceStatus := "no_embedding",
                  literalContainment := false,
                  ownerKey := 
                   "small-nonabelian-S3-PGL-6-1-index-1-dimension-6",
                  ownerNumber := 7 ), rec(
                  equivalenceMethod := "A_strict",
                  equivalenceReason := "character_iso_witness_skipped",
                  equivalenceStatus := "embedded",
                  literalContainment := false,
                  ownerKey := 
                   "small-nonabelian-S3-PGL-12-4-index-2-dimension-6",
                  ownerNumber := 8 ) ],
          projectiveGroupId := [ 144, 69 ],
          smoothnessStatus := "explicit_smooth",
          sourceCategory := "small_nonabelian",
          sourceKey := "small-nonabelian-S3-PGL-144-69-index-24-dimension-0",
          survivesEqualDimensionSaturation := true,
          symplecticLiftOrder := 18 ), rec(
          directSaturationTargetKey := fail,
          extensionGenerator := fail,
          extensionGeneratorPosition := fail,
          extensionGeneratorStatus := "requires_coordinate_change",
          familyDimension := 2,
          finalSaturationTargetKey := fail,
          fullIndex := 2,
          fullLinearOrder := 24,
          inputNumber := 178,
          linearGroupId := [ 24, 10 ],
          literalSymplecticLiftContainment := false,
          ownerGenericIndex := 1,
          ownerKey := "liftable-abelian-C2^2-PGL-4-2-index-1-dimension-8",
          ownerNumber := 3,
          ownerProjectiveGroupId := [ 4, 2 ],
          ownerSymplecticPart := "C2^2",
          ownershipMethod := "A_strict",
          ownershipTests := [ rec(
                  equivalenceMethod := "A_strict",
                  equivalenceReason := "character_iso_witness_skipped",
                  equivalenceStatus := "embedded",
                  literalContainment := false,
                  ownerKey := 
                   "liftable-abelian-C2^2-PGL-4-2-index-1-dimension-8",
                  ownerNumber := 3 ) ],
          projectiveGroupId := [ 8, 3 ],
          smoothnessStatus := "unresolved",
          sourceCategory := "small_nonabelian",
          sourceKey := "small-nonabelian-C2^2-PGL-8-3-index-2-dimension-2",
          survivesEqualDimensionSaturation := fail,
          symplecticLiftOrder := 12 ), rec(
          directSaturationTargetKey := fail,
          extensionGenerator := fail,
          extensionGeneratorPosition := fail,
          extensionGeneratorStatus := "requires_coordinate_change",
          familyDimension := 1,
          finalSaturationTargetKey := fail,
          fullIndex := 4,
          fullLinearOrder := 48,
          inputNumber := 179,
          linearGroupId := [ 48, 24 ],
          literalSymplecticLiftContainment := false,
          ownerGenericIndex := 1,
          ownerKey := "liftable-abelian-C2^2-PGL-4-2-index-1-dimension-8",
          ownerNumber := 3,
          ownerProjectiveGroupId := [ 4, 2 ],
          ownerSymplecticPart := "C2^2",
          ownershipMethod := "A_strict",
          ownershipTests := [ rec(
                  equivalenceMethod := "A_strict",
                  equivalenceReason := "character_iso_witness_skipped",
                  equivalenceStatus := "embedded",
                  literalContainment := false,
                  ownerKey := 
                   "liftable-abelian-C2^2-PGL-4-2-index-1-dimension-8",
                  ownerNumber := 3 ) ],
          projectiveGroupId := [ 16, 6 ],
          smoothnessStatus := "unresolved",
          sourceCategory := "small_nonabelian",
          sourceKey := "small-nonabelian-C2^2-PGL-16-6-index-4-dimension-1",
          survivesEqualDimensionSaturation := fail,
          symplecticLiftOrder := 12 ), rec(
          directSaturationTargetKey := fail,
          extensionGenerator := fail,
          extensionGeneratorPosition := fail,
          extensionGeneratorStatus := "requires_coordinate_change",
          familyDimension := 1,
          finalSaturationTargetKey := fail,
          fullIndex := 6,
          fullLinearOrder := 72,
          inputNumber := 180,
          linearGroupId := [ 72, 37 ],
          literalSymplecticLiftContainment := false,
          ownerGenericIndex := 1,
          ownerKey := "liftable-abelian-C2^2-PGL-4-2-index-1-dimension-8",
          ownerNumber := 3,
          ownerProjectiveGroupId := [ 4, 2 ],
          ownerSymplecticPart := "C2^2",
          ownershipMethod := "A_strict",
          ownershipTests := [ rec(
                  equivalenceMethod := "A_strict",
                  equivalenceReason := "character_iso_witness_skipped",
                  equivalenceStatus := "embedded",
                  literalContainment := false,
                  ownerKey := 
                   "liftable-abelian-C2^2-PGL-4-2-index-1-dimension-8",
                  ownerNumber := 3 ) ],
          projectiveGroupId := [ 24, 10 ],
          smoothnessStatus := "unresolved",
          sourceCategory := "small_nonabelian",
          sourceKey := "small-nonabelian-C2^2-PGL-24-10-index-6-dimension-1",
          survivesEqualDimensionSaturation := fail,
          symplecticLiftOrder := 12 ), rec(
          directSaturationTargetKey := fail,
          extensionGenerator := fail,
          extensionGeneratorPosition := fail,
          extensionGeneratorStatus := "requires_coordinate_change",
          familyDimension := 1,
          finalSaturationTargetKey := fail,
          fullIndex := 2,
          fullLinearOrder := 24,
          inputNumber := 181,
          linearGroupId := [ 24, 11 ],
          literalSymplecticLiftContainment := false,
          ownerGenericIndex := 1,
          ownerKey := "liftable-abelian-C4-PGL-4-1-index-1-dimension-6",
          ownerNumber := 5,
          ownerProjectiveGroupId := [ 4, 1 ],
          ownerSymplecticPart := "C4",
          ownershipMethod := "A_strict",
          ownershipTests := [ rec(
                  equivalenceMethod := "A_strict",
                  equivalenceReason := "character_iso_witness_skipped",
                  equivalenceStatus := "embedded",
                  literalContainment := false,
                  ownerKey := 
                   "liftable-abelian-C4-PGL-4-1-index-1-dimension-6",
                  ownerNumber := 5 ) ],
          projectiveGroupId := [ 8, 4 ],
          smoothnessStatus := "unresolved",
          sourceCategory := "small_nonabelian",
          sourceKey := "small-nonabelian-C4-PGL-8-4-index-2-dimension-1",
          survivesEqualDimensionSaturation := fail,
          symplecticLiftOrder := 12 ), rec(
          directSaturationTargetKey := fail,
          extensionGenerator := fail,
          extensionGeneratorPosition := fail,
          extensionGeneratorStatus := "requires_coordinate_change",
          familyDimension := 1,
          finalSaturationTargetKey := fail,
          fullIndex := 6,
          fullLinearOrder := 72,
          inputNumber := 182,
          linearGroupId := [ 72, 37 ],
          literalSymplecticLiftContainment := false,
          ownerGenericIndex := 1,
          ownerKey := "liftable-abelian-C4-PGL-4-1-index-1-dimension-6",
          ownerNumber := 5,
          ownerProjectiveGroupId := [ 4, 1 ],
          ownerSymplecticPart := "C4",
          ownershipMethod := "A_strict",
          ownershipTests := [ rec(
                  equivalenceMethod := "A_strict",
                  equivalenceReason := "character_iso_witness_skipped",
                  equivalenceStatus := "embedded",
                  literalContainment := false,
                  ownerKey := 
                   "liftable-abelian-C4-PGL-4-1-index-1-dimension-6",
                  ownerNumber := 5 ) ],
          projectiveGroupId := [ 24, 10 ],
          smoothnessStatus := "unresolved",
          sourceCategory := "small_nonabelian",
          sourceKey := "small-nonabelian-C4-PGL-24-10-index-6-dimension-1",
          survivesEqualDimensionSaturation := fail,
          symplecticLiftOrder := 12 ), rec(
          directSaturationTargetKey := fail,
          extensionGenerator := 
           [ [ 1717/1995, -278/1995, -278/1995, 263/133, -2104/1995, 0 ], 
              [ -278/1995, 1717/1995, -278/1995, 263/133, -2104/1995, 0 ], 
              [ -278/1995, -278/1995, 1717/1995, 263/133, -2104/1995, 0 ], 
              [ -312/665, -312/665, -312/665, -367/133, 624/665, 0 ], 
              [ -724/665, -724/665, -724/665, -543/133, 783/665, 0 ], 
              [ 0, 0, 0, 0, 0, -E(4) ] ],
          extensionGeneratorPosition := 2,
          extensionGeneratorStatus := "input_generator",
          familyDimension := 1,
          finalSaturationTargetKey := fail,
          fullIndex := 4,
          fullLinearOrder := 72,
          inputNumber := 183,
          linearGroupId := [ 72, 27 ],
          literalSymplecticLiftContainment := true,
          ownerGenericIndex := 2,
          ownerKey := "small-nonabelian-S3-PGL-12-4-index-2-dimension-6",
          ownerNumber := 8,
          ownerProjectiveGroupId := [ 12, 4 ],
          ownerSymplecticPart := "S3",
          ownershipMethod := "literal_matrix_subgroup",
          ownershipTests := [ rec(
                  equivalenceMethod := "filter",
                  equivalenceReason := "weak_fingerprint",
                  equivalenceStatus := "no_embedding",
                  literalContainment := false,
                  ownerKey := 
                   "small-nonabelian-S3-PGL-6-1-index-1-dimension-6",
                  ownerNumber := 7 ), rec(
                  equivalenceMethod := "literal_matrix_subgroup",
                  equivalenceReason := 
                   "the standard symplectic lift is literally contained",
                  equivalenceStatus := "embedded",
                  literalContainment := true,
                  ownerKey := 
                   "small-nonabelian-S3-PGL-12-4-index-2-dimension-6",
                  ownerNumber := 8 ) ],
          projectiveGroupId := [ 24, 5 ],
          smoothnessStatus := "unresolved",
          sourceCategory := "small_nonabelian",
          sourceKey := "small-nonabelian-S3-PGL-24-5-index-4-dimension-1",
          survivesEqualDimensionSaturation := fail,
          symplecticLiftOrder := 18 ), rec(
          directSaturationTargetKey := fail,
          extensionGenerator := 
           [ 
              [ -1/3*E(3)+1/3*E(3)^2, -1/3*E(3)-2/3*E(3)^2, 
                  -1/3*E(3)-2/3*E(3)^2, 0, 0, 0 ], 
              [ -1/3*E(3)-2/3*E(3)^2, -1/3*E(3)+1/3*E(3)^2, 
                  -1/3*E(3)-2/3*E(3)^2, 0, 0, 0 ], 
              [ -1/3*E(3)-2/3*E(3)^2, -1/3*E(3)-2/3*E(3)^2, 
                  -1/3*E(3)+1/3*E(3)^2, 0, 0, 0 ], [ 0, 0, 0, -1, 0, 0 ], 
              [ 0, 0, 0, 0, -1, 0 ], [ 0, 0, 0, 0, 0, -E(4) ] ],
          extensionGeneratorPosition := 4,
          extensionGeneratorStatus := "input_generator",
          familyDimension := 0,
          finalSaturationTargetKey := fail,
          fullIndex := 12,
          fullLinearOrder := 216,
          inputNumber := 184,
          linearGroupId := [ 216, 136 ],
          literalSymplecticLiftContainment := true,
          ownerGenericIndex := 2,
          ownerKey := "small-nonabelian-S3-PGL-12-4-index-2-dimension-6",
          ownerNumber := 8,
          ownerProjectiveGroupId := [ 12, 4 ],
          ownerSymplecticPart := "S3",
          ownershipMethod := "literal_matrix_subgroup",
          ownershipTests := [ rec(
                  equivalenceMethod := "filter",
                  equivalenceReason := "weak_fingerprint",
                  equivalenceStatus := "no_embedding",
                  literalContainment := false,
                  ownerKey := 
                   "small-nonabelian-S3-PGL-6-1-index-1-dimension-6",
                  ownerNumber := 7 ), rec(
                  equivalenceMethod := "literal_matrix_subgroup",
                  equivalenceReason := 
                   "the standard symplectic lift is literally contained",
                  equivalenceStatus := "embedded",
                  literalContainment := true,
                  ownerKey := 
                   "small-nonabelian-S3-PGL-12-4-index-2-dimension-6",
                  ownerNumber := 8 ) ],
          projectiveGroupId := [ 72, 27 ],
          smoothnessStatus := "unresolved",
          sourceCategory := "small_nonabelian",
          sourceKey := 
           "small-nonabelian-S3-PGL-72-27-index-12-dimension-0-representation-\
2",
          survivesEqualDimensionSaturation := fail,
          symplecticLiftOrder := 18 ) ],
  literalAllCount := 64,
  literalContainmentCriterion := 
   "exact matrix membership without a coordinate change",
  literalSurvivingSmoothCount := 51,
  nonlargeCandidateCount := 108,
  oneGeneratorFailuresAfterLiteralAlignment := [  ],
  ownershipComplete := true,
  ownershipCriterion := 
   "linear conjugacy class of the determinant-one strict lift",
  removedSmoothCount := 21,
  runtimeMilliseconds := 42688,
  schemaVersion := 1,
  scope := "all non-large candidates; large-family source omitted",
  smoothInputCount := 101,
  status := "completed",
  survivingSmoothCount := 80,
  symplecticFamilies := [ rec(
          allCandidateCount := 25,
          coordinateChangeSourceKeys := [  ],
          coordinateChangeSurvivingSmoothCount := 0,
          generatedExtensionElementCount := 10,
          genericIndex := 1,
          inputExtensionGeneratorCount := 14,
          linearGroupId := [ 3, 1 ],
          literalAllCount := 25,
          literalSourceKeys := 
           [ "liftable-abelian-1-PGL-48-2-index-48-dimension-0", 
              "liftable-abelian-1-PGL-32-1-index-32-dimension-0", 
              "liftable-abelian-1-PGL-1-1-index-1-dimension-20", 
              "liftable-abelian-1-PGL-2-1-index-2-dimension-14", 
              "liftable-abelian-1-PGL-3-1-index-3-dimension-10", 
              "liftable-abelian-1-PGL-2-1-index-2-dimension-10", 
              "liftable-abelian-1-PGL-6-2-index-6-dimension-7", 
              "liftable-abelian-1-PGL-4-1-index-4-dimension-7", 
              "liftable-abelian-1-PGL-4-1-index-4-dimension-7-representation-2\
", "liftable-abelian-1-PGL-3-1-index-3-dimension-7", 
              "liftable-abelian-1-PGL-3-1-index-3-dimension-6", 
              "liftable-abelian-1-PGL-6-2-index-6-dimension-5", 
              "liftable-abelian-1-PGL-6-2-index-6-dimension-4", 
              "liftable-abelian-1-PGL-12-2-index-12-dimension-3", 
              "liftable-abelian-1-PGL-12-2-index-12-dimension-3-representation\
-2", "liftable-abelian-1-PGL-8-1-index-8-dimension-3", 
              "liftable-abelian-1-PGL-8-1-index-8-dimension-3-representation-2\
", "liftable-abelian-1-PGL-8-1-index-8-dimension-3-representation-3", 
              "liftable-abelian-1-PGL-6-2-index-6-dimension-3", 
              "liftable-abelian-1-PGL-12-2-index-12-dimension-2", 
              "liftable-abelian-1-PGL-12-2-index-12-dimension-2-representation\
-2", "liftable-abelian-1-PGL-24-2-index-24-dimension-1", 
              "liftable-abelian-1-PGL-24-2-index-24-dimension-1-representation\
-2", "liftable-abelian-1-PGL-16-1-index-16-dimension-1", 
              "liftable-abelian-1-PGL-16-1-index-16-dimension-1-representation\
-2" ],
          literalSurvivingSmoothCount := 25,
          ownerKey := "liftable-abelian-1-PGL-1-1-index-1-dimension-20",
          ownerNumber := 1,
          projectiveGroupId := [ 1, 1 ],
          removedSmoothCount := 0,
          smoothInputCount := 25,
          sourceKeys := [ "liftable-abelian-1-PGL-48-2-index-48-dimension-0", 
              "liftable-abelian-1-PGL-32-1-index-32-dimension-0", 
              "liftable-abelian-1-PGL-1-1-index-1-dimension-20", 
              "liftable-abelian-1-PGL-2-1-index-2-dimension-14", 
              "liftable-abelian-1-PGL-3-1-index-3-dimension-10", 
              "liftable-abelian-1-PGL-2-1-index-2-dimension-10", 
              "liftable-abelian-1-PGL-6-2-index-6-dimension-7", 
              "liftable-abelian-1-PGL-4-1-index-4-dimension-7", 
              "liftable-abelian-1-PGL-4-1-index-4-dimension-7-representation-2\
", "liftable-abelian-1-PGL-3-1-index-3-dimension-7", 
              "liftable-abelian-1-PGL-3-1-index-3-dimension-6", 
              "liftable-abelian-1-PGL-6-2-index-6-dimension-5", 
              "liftable-abelian-1-PGL-6-2-index-6-dimension-4", 
              "liftable-abelian-1-PGL-12-2-index-12-dimension-3", 
              "liftable-abelian-1-PGL-12-2-index-12-dimension-3-representation\
-2", "liftable-abelian-1-PGL-8-1-index-8-dimension-3", 
              "liftable-abelian-1-PGL-8-1-index-8-dimension-3-representation-2\
", "liftable-abelian-1-PGL-8-1-index-8-dimension-3-representation-3", 
              "liftable-abelian-1-PGL-6-2-index-6-dimension-3", 
              "liftable-abelian-1-PGL-12-2-index-12-dimension-2", 
              "liftable-abelian-1-PGL-12-2-index-12-dimension-2-representation\
-2", "liftable-abelian-1-PGL-24-2-index-24-dimension-1", 
              "liftable-abelian-1-PGL-24-2-index-24-dimension-1-representation\
-2", "liftable-abelian-1-PGL-16-1-index-16-dimension-1", 
              "liftable-abelian-1-PGL-16-1-index-16-dimension-1-representation\
-2" ],
          survivingSmoothCount := 25,
          symplecticFamilyDimension := 20,
          symplecticPart := "1",
          unresolvedInputCount := 0 ), rec(
          allCandidateCount := 14,
          coordinateChangeSourceKeys := 
           [ "liftable-abelian-C2-PGL-4-2-index-2-dimension-8", 
              "liftable-abelian-C2-PGL-4-2-index-2-dimension-6", 
              "liftable-abelian-C2-PGL-12-5-index-6-dimension-5", 
              "liftable-abelian-C2-PGL-8-2-index-4-dimension-5", 
              "liftable-abelian-C2-PGL-8-2-index-4-dimension-4", 
              "liftable-abelian-C2-PGL-4-1-index-2-dimension-4", 
              "liftable-abelian-C2-PGL-12-5-index-6-dimension-3", 
              "liftable-abelian-C2-PGL-24-9-index-12-dimension-2", 
              "liftable-abelian-C2-PGL-16-5-index-8-dimension-2", 
              "liftable-abelian-C2-PGL-24-9-index-12-dimension-1" ],
          coordinateChangeSurvivingSmoothCount := 9,
          generatedExtensionElementCount := 0,
          genericIndex := 1,
          inputExtensionGeneratorCount := 3,
          linearGroupId := [ 6, 2 ],
          literalAllCount := 4,
          literalSourceKeys := 
           [ "liftable-abelian-C2-PGL-2-1-index-1-dimension-12", 
              "liftable-abelian-C2-PGL-4-2-index-2-dimension-10", 
              "liftable-abelian-C2-PGL-6-2-index-3-dimension-6", 
              "liftable-abelian-C2-PGL-6-2-index-3-dimension-4" ],
          literalSurvivingSmoothCount := 4,
          ownerKey := "liftable-abelian-C2-PGL-2-1-index-1-dimension-12",
          ownerNumber := 2,
          projectiveGroupId := [ 2, 1 ],
          removedSmoothCount := 1,
          smoothInputCount := 14,
          sourceKeys := [ "liftable-abelian-C2-PGL-2-1-index-1-dimension-12", 
              "liftable-abelian-C2-PGL-4-2-index-2-dimension-10", 
              "liftable-abelian-C2-PGL-4-2-index-2-dimension-8", 
              "liftable-abelian-C2-PGL-6-2-index-3-dimension-6", 
              "liftable-abelian-C2-PGL-4-2-index-2-dimension-6", 
              "liftable-abelian-C2-PGL-12-5-index-6-dimension-5", 
              "liftable-abelian-C2-PGL-8-2-index-4-dimension-5", 
              "liftable-abelian-C2-PGL-8-2-index-4-dimension-4", 
              "liftable-abelian-C2-PGL-6-2-index-3-dimension-4", 
              "liftable-abelian-C2-PGL-4-1-index-2-dimension-4", 
              "liftable-abelian-C2-PGL-12-5-index-6-dimension-3", 
              "liftable-abelian-C2-PGL-24-9-index-12-dimension-2", 
              "liftable-abelian-C2-PGL-16-5-index-8-dimension-2", 
              "liftable-abelian-C2-PGL-24-9-index-12-dimension-1" ],
          survivingSmoothCount := 13,
          symplecticFamilyDimension := 12,
          symplecticPart := "C2",
          unresolvedInputCount := 0 ), rec(
          allCandidateCount := 16,
          coordinateChangeSourceKeys := 
           [ "liftable-abelian-C2^2-PGL-8-5-index-2-dimension-7", 
              "liftable-abelian-C2^2-PGL-8-5-index-2-dimension-5", 
              "liftable-abelian-C2^2-PGL-12-5-index-3-dimension-4", 
              "small-nonabelian-C2^2-PGL-12-3-index-3-dimension-3", 
              "small-nonabelian-C2^2-PGL-12-3-index-3-dimension-2", 
              "small-nonabelian-C2^2-PGL-8-3-index-2-dimension-4", 
              "small-nonabelian-C2^2-PGL-8-3-index-2-dimension-6", 
              "small-nonabelian-C2^2-PGL-24-13-index-6-dimension-2", 
              "small-nonabelian-C2^2-PGL-24-13-index-6-dimension-2-representat\
ion-2", "small-nonabelian-C2^2-PGL-24-10-index-6-dimension-3", 
              "small-nonabelian-C2^2-PGL-24-10-index-6-dimension-1-representat\
ion-2", "small-nonabelian-C2^2-PGL-24-10-index-6-dimension-1-representation-3"
                , "small-nonabelian-C2^2-PGL-8-3-index-2-dimension-2", 
              "small-nonabelian-C2^2-PGL-16-6-index-4-dimension-1", 
              "small-nonabelian-C2^2-PGL-24-10-index-6-dimension-1" ],
          coordinateChangeSurvivingSmoothCount := 8,
          generatedExtensionElementCount := 0,
          genericIndex := 1,
          inputExtensionGeneratorCount := 0,
          linearGroupId := [ 12, 5 ],
          literalAllCount := 1,
          literalSourceKeys := 
           [ "liftable-abelian-C2^2-PGL-4-2-index-1-dimension-8" ],
          literalSurvivingSmoothCount := 1,
          ownerKey := "liftable-abelian-C2^2-PGL-4-2-index-1-dimension-8",
          ownerNumber := 3,
          projectiveGroupId := [ 4, 2 ],
          removedSmoothCount := 4,
          smoothInputCount := 13,
          sourceKeys := 
           [ "liftable-abelian-C2^2-PGL-4-2-index-1-dimension-8", 
              "liftable-abelian-C2^2-PGL-8-5-index-2-dimension-7", 
              "liftable-abelian-C2^2-PGL-8-5-index-2-dimension-5", 
              "liftable-abelian-C2^2-PGL-12-5-index-3-dimension-4", 
              "small-nonabelian-C2^2-PGL-12-3-index-3-dimension-3", 
              "small-nonabelian-C2^2-PGL-12-3-index-3-dimension-2", 
              "small-nonabelian-C2^2-PGL-8-3-index-2-dimension-4", 
              "small-nonabelian-C2^2-PGL-8-3-index-2-dimension-6", 
              "small-nonabelian-C2^2-PGL-24-13-index-6-dimension-2", 
              "small-nonabelian-C2^2-PGL-24-13-index-6-dimension-2-representat\
ion-2", "small-nonabelian-C2^2-PGL-24-10-index-6-dimension-3", 
              "small-nonabelian-C2^2-PGL-24-10-index-6-dimension-1-representat\
ion-2", "small-nonabelian-C2^2-PGL-24-10-index-6-dimension-1-representation-3"
                , "small-nonabelian-C2^2-PGL-8-3-index-2-dimension-2", 
              "small-nonabelian-C2^2-PGL-16-6-index-4-dimension-1", 
              "small-nonabelian-C2^2-PGL-24-10-index-6-dimension-1" ],
          survivingSmoothCount := 9,
          symplecticFamilyDimension := 8,
          symplecticPart := "C2^2",
          unresolvedInputCount := 3 ), rec(
          allCandidateCount := 11,
          coordinateChangeSourceKeys := 
           [ "liftable-abelian-C3-PGL-9-2-index-3-dimension-4", 
              "liftable-abelian-C3-PGL-6-2-index-2-dimension-4", 
              "liftable-abelian-C3-PGL-6-2-index-2-dimension-4-representation-\
2", "liftable-abelian-C3-PGL-9-2-index-3-dimension-3", 
              "liftable-abelian-C3-PGL-18-5-index-6-dimension-2", 
              "nonliftable-abelian-C3-PGL-9-2-index-3-dimension-2", 
              "nonliftable-abelian-C3-PGL-18-5-index-6-dimension-1", 
              "small-nonabelian-C3-PGL-18-3-index-6-dimension-1", 
              "small-nonabelian-C3-PGL-18-3-index-6-dimension-0", 
              "small-nonabelian-C3-PGL-6-1-index-2-dimension-4" ],
          coordinateChangeSurvivingSmoothCount := 8,
          generatedExtensionElementCount := 0,
          genericIndex := 1,
          inputExtensionGeneratorCount := 0,
          linearGroupId := [ 9, 2 ],
          literalAllCount := 1,
          literalSourceKeys := 
           [ "liftable-abelian-C3-PGL-3-1-index-1-dimension-8" ],
          literalSurvivingSmoothCount := 1,
          ownerKey := "liftable-abelian-C3-PGL-3-1-index-1-dimension-8",
          ownerNumber := 4,
          projectiveGroupId := [ 3, 1 ],
          removedSmoothCount := 2,
          smoothInputCount := 11,
          sourceKeys := [ "liftable-abelian-C3-PGL-3-1-index-1-dimension-8", 
              "liftable-abelian-C3-PGL-9-2-index-3-dimension-4", 
              "liftable-abelian-C3-PGL-6-2-index-2-dimension-4", 
              "liftable-abelian-C3-PGL-6-2-index-2-dimension-4-representation-\
2", "liftable-abelian-C3-PGL-9-2-index-3-dimension-3", 
              "liftable-abelian-C3-PGL-18-5-index-6-dimension-2", 
              "nonliftable-abelian-C3-PGL-9-2-index-3-dimension-2", 
              "nonliftable-abelian-C3-PGL-18-5-index-6-dimension-1", 
              "small-nonabelian-C3-PGL-18-3-index-6-dimension-1", 
              "small-nonabelian-C3-PGL-18-3-index-6-dimension-0", 
              "small-nonabelian-C3-PGL-6-1-index-2-dimension-4" ],
          survivingSmoothCount := 9,
          symplecticFamilyDimension := 8,
          symplecticPart := "C3",
          unresolvedInputCount := 0 ), rec(
          allCandidateCount := 11,
          coordinateChangeSourceKeys := 
           [ "liftable-abelian-C4-PGL-8-2-index-2-dimension-2", 
              "small-nonabelian-C4-PGL-8-4-index-2-dimension-3", 
              "small-nonabelian-C4-PGL-8-3-index-2-dimension-3", 
              "small-nonabelian-C4-PGL-8-3-index-2-dimension-5", 
              "small-nonabelian-C4-PGL-24-10-index-6-dimension-1-representatio\
n-2", "small-nonabelian-C4-PGL-16-6-index-4-dimension-2", 
              "small-nonabelian-C4-PGL-8-4-index-2-dimension-1", 
              "small-nonabelian-C4-PGL-24-10-index-6-dimension-1" ],
          coordinateChangeSurvivingSmoothCount := 3,
          generatedExtensionElementCount := 0,
          genericIndex := 1,
          inputExtensionGeneratorCount := 2,
          linearGroupId := [ 12, 2 ],
          literalAllCount := 3,
          literalSourceKeys := 
           [ "liftable-abelian-C4-PGL-4-1-index-1-dimension-6", 
              "liftable-abelian-C4-PGL-8-2-index-2-dimension-4", 
              "liftable-abelian-C4-PGL-16-2-index-4-dimension-2" ],
          literalSurvivingSmoothCount := 3,
          ownerKey := "liftable-abelian-C4-PGL-4-1-index-1-dimension-6",
          ownerNumber := 5,
          projectiveGroupId := [ 4, 1 ],
          removedSmoothCount := 3,
          smoothInputCount := 9,
          sourceKeys := [ "liftable-abelian-C4-PGL-4-1-index-1-dimension-6", 
              "liftable-abelian-C4-PGL-8-2-index-2-dimension-4", 
              "liftable-abelian-C4-PGL-16-2-index-4-dimension-2", 
              "liftable-abelian-C4-PGL-8-2-index-2-dimension-2", 
              "small-nonabelian-C4-PGL-8-4-index-2-dimension-3", 
              "small-nonabelian-C4-PGL-8-3-index-2-dimension-3", 
              "small-nonabelian-C4-PGL-8-3-index-2-dimension-5", 
              "small-nonabelian-C4-PGL-24-10-index-6-dimension-1-representatio\
n-2", "small-nonabelian-C4-PGL-16-6-index-4-dimension-2", 
              "small-nonabelian-C4-PGL-8-4-index-2-dimension-1", 
              "small-nonabelian-C4-PGL-24-10-index-6-dimension-1" ],
          survivingSmoothCount := 6,
          symplecticFamilyDimension := 6,
          symplecticPart := "C4",
          unresolvedInputCount := 2 ), rec(
          allCandidateCount := 6,
          coordinateChangeSourceKeys := [  ],
          coordinateChangeSurvivingSmoothCount := 0,
          generatedExtensionElementCount := 5,
          genericIndex := 2,
          inputExtensionGeneratorCount := 1,
          linearGroupId := [ 18, 3 ],
          literalAllCount := 6,
          literalSourceKeys := 
           [ "small-nonabelian-C3-PGL-18-3-index-6-dimension-4", 
              "small-nonabelian-C3-PGL-18-3-index-6-dimension-4-representation\
-2", "small-nonabelian-C3-PGL-18-3-index-6-dimension-1-representation-2", 
              "small-nonabelian-C3-PGL-18-3-index-6-dimension-2", 
              "small-nonabelian-C3-PGL-18-3-index-6-dimension-3", 
              "small-nonabelian-C3-PGL-6-1-index-2-dimension-8" ],
          literalSurvivingSmoothCount := 4,
          ownerKey := "small-nonabelian-C3-PGL-6-1-index-2-dimension-8",
          ownerNumber := 6,
          projectiveGroupId := [ 6, 1 ],
          removedSmoothCount := 2,
          smoothInputCount := 6,
          sourceKeys := [ "small-nonabelian-C3-PGL-18-3-index-6-dimension-4", 
              "small-nonabelian-C3-PGL-18-3-index-6-dimension-4-representation\
-2", "small-nonabelian-C3-PGL-18-3-index-6-dimension-1-representation-2", 
              "small-nonabelian-C3-PGL-18-3-index-6-dimension-2", 
              "small-nonabelian-C3-PGL-18-3-index-6-dimension-3", 
              "small-nonabelian-C3-PGL-6-1-index-2-dimension-8" ],
          survivingSmoothCount := 4,
          symplecticFamilyDimension := 8,
          symplecticPart := "C3",
          unresolvedInputCount := 0 ), rec(
          allCandidateCount := 10,
          coordinateChangeSourceKeys := [  ],
          coordinateChangeSurvivingSmoothCount := 0,
          generatedExtensionElementCount := 3,
          genericIndex := 1,
          inputExtensionGeneratorCount := 6,
          linearGroupId := [ 18, 3 ],
          literalAllCount := 10,
          literalSourceKeys := 
           [ "small-nonabelian-S3-PGL-6-1-index-1-dimension-6", 
              "small-nonabelian-S3-PGL-12-4-index-2-dimension-3", 
              "small-nonabelian-S3-PGL-12-4-index-2-dimension-3-representation\
-2", "small-nonabelian-S3-PGL-18-3-index-3-dimension-2", 
              "small-nonabelian-S3-PGL-18-3-index-3-dimension-0", 
              "small-nonabelian-S3-PGL-18-3-index-3-dimension-3", 
              "small-nonabelian-S3-PGL-18-3-index-3-dimension-2-representation\
-2", "small-nonabelian-S3-PGL-36-12-index-6-dimension-1", 
              "small-nonabelian-S3-PGL-36-12-index-6-dimension-0", 
              "small-nonabelian-S3-PGL-36-12-index-6-dimension-0-representatio\
n-2" ],
          literalSurvivingSmoothCount := 5,
          ownerKey := "small-nonabelian-S3-PGL-6-1-index-1-dimension-6",
          ownerNumber := 7,
          projectiveGroupId := [ 6, 1 ],
          removedSmoothCount := 5,
          smoothInputCount := 10,
          sourceKeys := [ "small-nonabelian-S3-PGL-6-1-index-1-dimension-6", 
              "small-nonabelian-S3-PGL-12-4-index-2-dimension-3", 
              "small-nonabelian-S3-PGL-12-4-index-2-dimension-3-representation\
-2", "small-nonabelian-S3-PGL-18-3-index-3-dimension-2", 
              "small-nonabelian-S3-PGL-18-3-index-3-dimension-0", 
              "small-nonabelian-S3-PGL-18-3-index-3-dimension-3", 
              "small-nonabelian-S3-PGL-18-3-index-3-dimension-2-representation\
-2", "small-nonabelian-S3-PGL-36-12-index-6-dimension-1", 
              "small-nonabelian-S3-PGL-36-12-index-6-dimension-0", 
              "small-nonabelian-S3-PGL-36-12-index-6-dimension-0-representatio\
n-2" ],
          survivingSmoothCount := 5,
          symplecticFamilyDimension := 6,
          symplecticPart := "S3",
          unresolvedInputCount := 0 ), rec(
          allCandidateCount := 15,
          coordinateChangeSourceKeys := 
           [ "small-nonabelian-S3-PGL-144-69-index-24-dimension-0" ],
          coordinateChangeSurvivingSmoothCount := 1,
          generatedExtensionElementCount := 6,
          genericIndex := 2,
          inputExtensionGeneratorCount := 8,
          linearGroupId := [ 36, 12 ],
          literalAllCount := 14,
          literalSourceKeys := 
           [ "small-nonabelian-S3-PGL-12-4-index-2-dimension-6", 
              "small-nonabelian-S3-PGL-24-5-index-4-dimension-3", 
              "small-nonabelian-S3-PGL-36-12-index-6-dimension-3", 
              "small-nonabelian-S3-PGL-36-12-index-6-dimension-3-representatio\
n-2", "small-nonabelian-S3-PGL-36-12-index-6-dimension-1-representation-2", 
              "small-nonabelian-S3-PGL-36-12-index-6-dimension-2", 
              "small-nonabelian-S3-PGL-36-12-index-6-dimension-1-representatio\
n-3", "small-nonabelian-S3-PGL-36-12-index-6-dimension-2-representation-2", 
              "small-nonabelian-S3-PGL-48-4-index-8-dimension-1", 
              "small-nonabelian-S3-PGL-72-27-index-12-dimension-1", 
              "small-nonabelian-S3-PGL-72-27-index-12-dimension-1-representati\
on-2", "small-nonabelian-S3-PGL-72-27-index-12-dimension-0", 
              "small-nonabelian-S3-PGL-24-5-index-4-dimension-1", 
              "small-nonabelian-S3-PGL-72-27-index-12-dimension-0-representati\
on-2" ],
          literalSurvivingSmoothCount := 8,
          ownerKey := "small-nonabelian-S3-PGL-12-4-index-2-dimension-6",
          ownerNumber := 8,
          projectiveGroupId := [ 12, 4 ],
          removedSmoothCount := 4,
          smoothInputCount := 13,
          sourceKeys := [ "small-nonabelian-S3-PGL-12-4-index-2-dimension-6", 
              "small-nonabelian-S3-PGL-24-5-index-4-dimension-3", 
              "small-nonabelian-S3-PGL-36-12-index-6-dimension-3", 
              "small-nonabelian-S3-PGL-36-12-index-6-dimension-3-representatio\
n-2", "small-nonabelian-S3-PGL-36-12-index-6-dimension-1-representation-2", 
              "small-nonabelian-S3-PGL-36-12-index-6-dimension-2", 
              "small-nonabelian-S3-PGL-36-12-index-6-dimension-1-representatio\
n-3", "small-nonabelian-S3-PGL-36-12-index-6-dimension-2-representation-2", 
              "small-nonabelian-S3-PGL-48-4-index-8-dimension-1", 
              "small-nonabelian-S3-PGL-72-27-index-12-dimension-1", 
              "small-nonabelian-S3-PGL-72-27-index-12-dimension-1-representati\
on-2", "small-nonabelian-S3-PGL-72-27-index-12-dimension-0", 
              "small-nonabelian-S3-PGL-144-69-index-24-dimension-0", 
              "small-nonabelian-S3-PGL-24-5-index-4-dimension-1", 
              "small-nonabelian-S3-PGL-72-27-index-12-dimension-0-representati\
on-2" ],
          survivingSmoothCount := 9,
          symplecticFamilyDimension := 6,
          symplecticPart := "S3",
          unresolvedInputCount := 2 ) ],
  unresolvedInputCount := 7 );
