EqualDimensionSaturationAudit := rec(
  abstractCacheEntryCount := 408,
  abstractRejectedCount := 423,
  abstractUnknownCount := 79,
  algorithm := rec(
      equalOrderFirst := true,
      parentChainsResolvedToFinalTargets := true,
      sourceOrder := "ascending within each dimension",
      stopAtFirstProperOvergroup := true,
      targetOrder := "ascending group order",
      targetPool := "all equal-dimensional representatives" ),
  cheapRejectedCount := 135,
  computedSaturatedSurvivorCount := 96,
  dimensionSummary := [ rec(
          computedSaturatedSurvivorCount := 0,
          familyDimension := 0,
          inputCount := 21,
          knownSaturatedSurvivorCount := 16,
          removedCount := 5,
          survivorCount := 16,
          unresolvedSurvivorCount := 0 ), rec(
          computedSaturatedSurvivorCount := 19,
          familyDimension := 1,
          inputCount := 40,
          knownSaturatedSurvivorCount := 13,
          removedCount := 8,
          survivorCount := 32,
          unresolvedSurvivorCount := 0 ), rec(
          computedSaturatedSurvivorCount := 26,
          familyDimension := 2,
          inputCount := 43,
          knownSaturatedSurvivorCount := 12,
          removedCount := 5,
          survivorCount := 38,
          unresolvedSurvivorCount := 0 ), rec(
          computedSaturatedSurvivorCount := 20,
          familyDimension := 3,
          inputCount := 24,
          knownSaturatedSurvivorCount := 3,
          removedCount := 1,
          survivorCount := 23,
          unresolvedSurvivorCount := 0 ), rec(
          computedSaturatedSurvivorCount := 12,
          familyDimension := 4,
          inputCount := 21,
          knownSaturatedSurvivorCount := 7,
          removedCount := 2,
          survivorCount := 19,
          unresolvedSurvivorCount := 0 ), rec(
          computedSaturatedSurvivorCount := 5,
          familyDimension := 5,
          inputCount := 6,
          knownSaturatedSurvivorCount := 1,
          removedCount := 0,
          survivorCount := 6,
          unresolvedSurvivorCount := 0 ), rec(
          computedSaturatedSurvivorCount := 4,
          familyDimension := 6,
          inputCount := 7,
          knownSaturatedSurvivorCount := 3,
          removedCount := 0,
          survivorCount := 7,
          unresolvedSurvivorCount := 0 ), rec(
          computedSaturatedSurvivorCount := 5,
          familyDimension := 7,
          inputCount := 5,
          knownSaturatedSurvivorCount := 0,
          removedCount := 0,
          survivorCount := 5,
          unresolvedSurvivorCount := 0 ), rec(
          computedSaturatedSurvivorCount := 1,
          familyDimension := 8,
          inputCount := 4,
          knownSaturatedSurvivorCount := 3,
          removedCount := 0,
          survivorCount := 4,
          unresolvedSurvivorCount := 0 ), rec(
          computedSaturatedSurvivorCount := 3,
          familyDimension := 10,
          inputCount := 3,
          knownSaturatedSurvivorCount := 0,
          removedCount := 0,
          survivorCount := 3,
          unresolvedSurvivorCount := 0 ), rec(
          computedSaturatedSurvivorCount := 0,
          familyDimension := 12,
          inputCount := 1,
          knownSaturatedSurvivorCount := 1,
          removedCount := 0,
          survivorCount := 1,
          unresolvedSurvivorCount := 0 ), rec(
          computedSaturatedSurvivorCount := 1,
          familyDimension := 14,
          inputCount := 1,
          knownSaturatedSurvivorCount := 0,
          removedCount := 0,
          survivorCount := 1,
          unresolvedSurvivorCount := 0 ), rec(
          computedSaturatedSurvivorCount := 0,
          familyDimension := 20,
          inputCount := 1,
          knownSaturatedSurvivorCount := 1,
          removedCount := 0,
          survivorCount := 1,
          unresolvedSurvivorCount := 0 ) ],
  directEdges := [ rec(
          conjugatingMatrix := fail,
          edgeNumber := 1,
          familyDimension := 0,
          images := 
           [ 
              [ [ 0, -1, 0, 0, 0, 0 ], [ -1, 0, 0, 0, 0, 0 ], 
                  [ 0, 0, -1, 0, 0, 0 ], [ 0, 2, 0, 0, 1, 0 ], 
                  [ 2, 0, 0, 1, 0, 0 ], [ 0, 0, 2, 0, 0, 1 ] ], 
              [ 
                  [ 2/3*E(3)+1/3*E(3)^2, -1/3*E(3)+1/3*E(3)^2, 
                      -1/3*E(3)+1/3*E(3)^2, 0, 0, 0 ], 
                  [ -1/3*E(3)+1/3*E(3)^2, 2/3*E(3)+1/3*E(3)^2, 
                      -1/3*E(3)+1/3*E(3)^2, 0, 0, 0 ], 
                  [ -1/3*E(3)+1/3*E(3)^2, -1/3*E(3)+1/3*E(3)^2, 
                      2/3*E(3)+1/3*E(3)^2, 0, 0, 0 ], 
                  [ 0, 0, 0, 2/3*E(3)+1/3*E(3)^2, -1/3*E(3)+1/3*E(3)^2, 
                      -1/3*E(3)+1/3*E(3)^2 ], 
                  [ 0, 0, 0, -1/3*E(3)+1/3*E(3)^2, 2/3*E(3)+1/3*E(3)^2, 
                      -1/3*E(3)+1/3*E(3)^2 ], 
                  [ 0, 0, 0, -1/3*E(3)+1/3*E(3)^2, -1/3*E(3)+1/3*E(3)^2, 
                      2/3*E(3)+1/3*E(3)^2 ] ], 
              [ [ 0, 1, 0, 0, 0, 0 ], [ 0, 0, 1, 0, 0, 0 ], 
                  [ 1, 0, 0, 0, 0, 0 ], [ 0, 0, 0, 0, 1, 0 ], 
                  [ 0, 0, 0, 0, 0, 1 ], [ 0, 0, 0, 1, 0, 0 ] ], 
              [ [ E(3), 0, 0, 0, 0, 0 ], [ 0, E(3), 0, 0, 0, 0 ], 
                  [ 0, 0, E(3), 0, 0, 0 ], [ 0, 0, 0, E(3), 0, 0 ], 
                  [ 0, 0, 0, 0, E(3), 0 ], [ 0, 0, 0, 0, 0, E(3) ] ] ],
          kind := "proper_equal_dimension_overgroup",
          method := "A_strict",
          reason := "character_iso_witness_skipped",
          sourceKey := "small-nonabelian-C3-PGL-18-3-index-6-dimension-0",
          sourceOrder := 54,
          sourcePosition := 133,
          targetKey := "small-nonabelian-S3-PGL-36-12-index-6-dimension-0",
          targetOrder := 108,
          targetPosition := 163 ), rec(
          conjugatingMatrix := fail,
          edgeNumber := 2,
          familyDimension := 0,
          images := 
           [ 
              [ [ 0, 1, 0, 0, 0, 0 ], [ 1, 0, 0, 0, 0, 0 ], 
                  [ 0, 0, 1, 0, 0, 0 ], [ 0, 0, 0, 0, 1, 0 ], 
                  [ 0, 0, 0, 1, 0, 0 ], [ 0, 0, 0, 0, 0, 1 ] ], 
              [ 
                  [ 2/3*E(3)+1/3*E(3)^2, -1/3*E(3)+1/3*E(3)^2, 
                      -1/3*E(3)+1/3*E(3)^2, 0, 0, 0 ], 
                  [ -1/3*E(3)+1/3*E(3)^2, 2/3*E(3)+1/3*E(3)^2, 
                      -1/3*E(3)+1/3*E(3)^2, 0, 0, 0 ], 
                  [ -1/3*E(3)+1/3*E(3)^2, -1/3*E(3)+1/3*E(3)^2, 
                      2/3*E(3)+1/3*E(3)^2, 0, 0, 0 ], 
                  [ 0, 0, 0, 2/3*E(3)+1/3*E(3)^2, -1/3*E(3)+1/3*E(3)^2, 
                      -1/3*E(3)+1/3*E(3)^2 ], 
                  [ 0, 0, 0, -1/3*E(3)+1/3*E(3)^2, 2/3*E(3)+1/3*E(3)^2, 
                      -1/3*E(3)+1/3*E(3)^2 ], 
                  [ 0, 0, 0, -1/3*E(3)+1/3*E(3)^2, -1/3*E(3)+1/3*E(3)^2, 
                      2/3*E(3)+1/3*E(3)^2 ] ], 
              [ [ 0, 1, 0, 0, 0, 0 ], [ 0, 0, 1, 0, 0, 0 ], 
                  [ 1, 0, 0, 0, 0, 0 ], [ 0, 0, 0, 0, 1, 0 ], 
                  [ 0, 0, 0, 0, 0, 1 ], [ 0, 0, 0, 1, 0, 0 ] ], 
              [ [ E(3), 0, 0, 0, 0, 0 ], [ 0, E(3), 0, 0, 0, 0 ], 
                  [ 0, 0, E(3), 0, 0, 0 ], [ 0, 0, 0, E(3), 0, 0 ], 
                  [ 0, 0, 0, 0, E(3), 0 ], [ 0, 0, 0, 0, 0, E(3) ] ] ],
          kind := "proper_equal_dimension_overgroup",
          method := "literal_matrix_subgroup",
          reason := "literal_matrix_subgroup",
          sourceKey := "small-nonabelian-S3-PGL-18-3-index-3-dimension-0",
          sourceOrder := 54,
          sourcePosition := 159,
          targetKey := "small-nonabelian-S3-PGL-36-12-index-6-dimension-0",
          targetOrder := 108,
          targetPosition := 163 ), rec(
          conjugatingMatrix := fail,
          edgeNumber := 3,
          familyDimension := 0,
          images := 
           [ 
              [ [ 0, 0, 0, 0, 0, E(3)^2 ], [ 0, 1, 0, 0, 0, 0 ], 
                  [ 0, 0, 1, 0, 0, 0 ], [ 0, 0, 0, 0, E(3), 0 ], 
                  [ 0, 0, 0, E(3)^2, 0, 0 ], [ E(3), 0, 0, 0, 0, 0 ] ], 
              [ [ 0, 0, 0, 0, 1, 0 ], [ 0, 0, 1, 0, 0, 0 ], 
                  [ 0, 1, 0, 0, 0, 0 ], [ 0, 0, 0, 0, 0, 1 ], 
                  [ 1, 0, 0, 0, 0, 0 ], [ 0, 0, 0, 1, 0, 0 ] ], 
              [ [ E(3), 0, 0, 0, 0, 0 ], [ 0, E(3)^2, 0, 0, 0, 0 ], 
                  [ 0, 0, E(3)^2, 0, 0, 0 ], [ 0, 0, 0, E(3), 0, 0 ], 
                  [ 0, 0, 0, 0, E(3), 0 ], [ 0, 0, 0, 0, 0, E(3) ] ], 
              [ [ E(3)^2, 0, 0, 0, 0, 0 ], [ 0, 1, 0, 0, 0, 0 ], 
                  [ 0, 0, 1, 0, 0, 0 ], [ 0, 0, 0, E(3), 0, 0 ], 
                  [ 0, 0, 0, 0, E(3)^2, 0 ], [ 0, 0, 0, 0, 0, E(3) ] ], 
              [ [ E(3), 0, 0, 0, 0, 0 ], [ 0, E(3), 0, 0, 0, 0 ], 
                  [ 0, 0, E(3), 0, 0, 0 ], [ 0, 0, 0, E(3), 0, 0 ], 
                  [ 0, 0, 0, 0, E(3), 0 ], [ 0, 0, 0, 0, 0, E(3) ] ] ],
          kind := "proper_equal_dimension_overgroup",
          method := "A_strict",
          reason := "character_iso_witness_skipped",
          sourceKey := "small-nonabelian-S3-PGL-36-12-index-6-dimension-0",
          sourceOrder := 108,
          sourcePosition := 163,
          targetKey := 
           "rank-at-least-15-3^4:A_6-PGL-174960-0-index-6-dimension-0",
          targetOrder := 524880,
          targetPosition := 76 ), rec(
          conjugatingMatrix := fail,
          edgeNumber := 4,
          familyDimension := 0,
          images := 
           [ 
              [ [ 0, 0, 0, 0, 0, E(3)^2 ], [ 0, 1, 0, 0, 0, 0 ], 
                  [ 0, 0, 1, 0, 0, 0 ], [ 0, 0, 0, 0, E(3), 0 ], 
                  [ 0, 0, 0, E(3)^2, 0, 0 ], [ E(3), 0, 0, 0, 0, 0 ] ], 
              [ [ 1, 0, 0, 0, 0, 0 ], [ 0, 0, 1, 0, 0, 0 ], 
                  [ 0, 1, 0, 0, 0, 0 ], [ 0, 0, 0, 1, 0, 0 ], 
                  [ 0, 0, 0, 0, 1, 0 ], [ 0, 0, 0, 0, 0, 1 ] ], 
              [ [ E(3), 0, 0, 0, 0, 0 ], [ 0, E(3)^2, 0, 0, 0, 0 ], 
                  [ 0, 0, E(3)^2, 0, 0, 0 ], [ 0, 0, 0, E(3), 0, 0 ], 
                  [ 0, 0, 0, 0, E(3), 0 ], [ 0, 0, 0, 0, 0, E(3) ] ], 
              [ [ E(3), 0, 0, 0, 0, 0 ], [ 0, 1, 0, 0, 0, 0 ], 
                  [ 0, 0, 1, 0, 0, 0 ], [ 0, 0, 0, E(3)^2, 0, 0 ], 
                  [ 0, 0, 0, 0, E(3), 0 ], [ 0, 0, 0, 0, 0, E(3)^2 ] ], 
              [ [ E(3), 0, 0, 0, 0, 0 ], [ 0, E(3), 0, 0, 0, 0 ], 
                  [ 0, 0, E(3), 0, 0, 0 ], [ 0, 0, 0, E(3), 0, 0 ], 
                  [ 0, 0, 0, 0, E(3), 0 ], [ 0, 0, 0, 0, 0, E(3) ] ] ],
          kind := "proper_equal_dimension_overgroup",
          method := "A_strict",
          reason := "character_iso_witness_skipped",
          sourceKey := 
           "small-nonabelian-S3-PGL-36-12-index-6-dimension-0-representation-2\
",
          sourceOrder := 108,
          sourcePosition := 164,
          targetKey := 
           "rank-at-least-15-3^4:A_6-PGL-174960-0-index-6-dimension-0",
          targetOrder := 524880,
          targetPosition := 76 ), rec(
          conjugatingMatrix := fail,
          edgeNumber := 5,
          familyDimension := 0,
          images := 
           [ 
              [ [ 1, 0, 0, 0, 0, 0 ], [ 0, 0, 1, 0, 0, 0 ], 
                  [ 0, 1, 0, 0, 0, 0 ], [ 0, 0, 0, 1, 0, 0 ], 
                  [ 0, 0, 0, 0, 0, E(3) ], [ 0, 0, 0, 0, E(3)^2, 0 ] ], 
              [ [ 1, 0, 0, 0, 0, 0 ], [ 0, 1, 0, 0, 0, 0 ], 
                  [ 0, 0, 1, 0, 0, 0 ], [ 0, 0, 0, 1, 0, 0 ], 
                  [ 0, 0, 0, 0, E(3), 0 ], [ 0, 0, 0, 0, 0, E(3)^2 ] ], 
              [ [ E(3), 0, 0, 0, 0, 0 ], [ 0, E(3), 0, 0, 0, 0 ], 
                  [ 0, 0, E(3), 0, 0, 0 ], [ 0, 0, 0, E(3), 0, 0 ], 
                  [ 0, 0, 0, 0, E(3), 0 ], [ 0, 0, 0, 0, 0, E(3) ] ], 
              [ 
                  [ -1/3*E(12)^7-2/3*E(12)^11, -1/3*E(12)^7-2/3*E(12)^11, 
                      -1/3*E(12)^7-2/3*E(12)^11, 0, 0, 0 ], 
                  [ -1/3*E(12)^7-2/3*E(12)^11, 2/3*E(12)^7+1/3*E(12)^11, 
                      -1/3*E(12)^7+1/3*E(12)^11, 0, 0, 0 ], 
                  [ -1/3*E(12)^7-2/3*E(12)^11, -1/3*E(12)^7+1/3*E(12)^11, 
                      2/3*E(12)^7+1/3*E(12)^11, 0, 0, 0 ], 
                  [ 0, 0, 0, 1, 0, 0 ], [ 0, 0, 0, 0, E(3)^2, 0 ], 
                  [ 0, 0, 0, 0, 0, E(3)^2 ] ] ],
          kind := "proper_equal_dimension_overgroup",
          method := "A_strict",
          reason := "character_iso_witness_skipped",
          sourceKey := "small-nonabelian-S3-PGL-72-27-index-12-dimension-0",
          sourceOrder := 216,
          sourcePosition := 176,
          targetKey := 
           "rank-at-least-15-3^{1+4}:2-PGL-5832-0-index-12-dimension-0",
          targetOrder := 17496,
          targetPosition := 56 ), rec(
          conjugatingMatrix := fail,
          edgeNumber := 6,
          familyDimension := 1,
          images := 
           [ 
              [ [ -2/3, 1/3, -2/3, 0, 0, 0 ], [ 1/3, -2/3, -2/3, 0, 0, 0 ], 
                  [ -2/3, -2/3, 1/3, 0, 0, 0 ], [ 2/3, 2/3, 2/3, 0, 1, 0 ], 
                  [ 2/3, 2/3, 2/3, 1, 0, 0 ], [ 2/3, 2/3, 2/3, 0, 0, 1 ] ], 
              [ [ E(3)^2, 0, 0, 0, 0, 0 ], [ 0, E(3)^2, 0, 0, 0, 0 ], 
                  [ 0, 0, E(3)^2, 0, 0, 0 ], 
                  [ 2/3*E(3)-2/3*E(3)^2, -1/3*E(3)+1/3*E(3)^2, 
                      -1/3*E(3)+1/3*E(3)^2, 2/3*E(3)+1/3*E(3)^2, 
                      -1/3*E(3)+1/3*E(3)^2, -1/3*E(3)+1/3*E(3)^2 ], 
                  [ -1/3*E(3)+1/3*E(3)^2, 2/3*E(3)-2/3*E(3)^2, 
                      -1/3*E(3)+1/3*E(3)^2, -1/3*E(3)+1/3*E(3)^2, 
                      2/3*E(3)+1/3*E(3)^2, -1/3*E(3)+1/3*E(3)^2 ], 
                  [ -1/3*E(3)+1/3*E(3)^2, -1/3*E(3)+1/3*E(3)^2, 
                      2/3*E(3)-2/3*E(3)^2, -1/3*E(3)+1/3*E(3)^2, 
                      -1/3*E(3)+1/3*E(3)^2, 2/3*E(3)+1/3*E(3)^2 ] ], 
              [ [ 0, 1, 0, 0, 0, 0 ], [ 0, 0, 1, 0, 0, 0 ], 
                  [ 1, 0, 0, 0, 0, 0 ], [ 0, 0, 0, 0, 1, 0 ], 
                  [ 0, 0, 0, 0, 0, 1 ], [ 0, 0, 0, 1, 0, 0 ] ], 
              [ [ E(3), 0, 0, 0, 0, 0 ], [ 0, E(3), 0, 0, 0, 0 ], 
                  [ 0, 0, E(3), 0, 0, 0 ], [ 0, 0, 0, E(3), 0, 0 ], 
                  [ 0, 0, 0, 0, E(3), 0 ], [ 0, 0, 0, 0, 0, E(3) ] ] ],
          kind := "proper_equal_dimension_overgroup",
          method := "A_strict",
          reason := "character_iso_witness_skipped",
          sourceKey := "small-nonabelian-C3-PGL-18-3-index-6-dimension-1",
          sourceOrder := 54,
          sourcePosition := 132,
          targetKey := "small-nonabelian-S3-PGL-36-12-index-6-dimension-1",
          targetOrder := 108,
          targetPosition := 162 ), rec(
          conjugatingMatrix := fail,
          edgeNumber := 7,
          familyDimension := 1,
          images := 
           [ 
              [ [ 0, 1, 0, 0, 0, 0 ], [ 1, 0, 0, 0, 0, 0 ], 
                  [ 0, 0, 1, 0, 0, 0 ], [ 0, 0, 0, 1, 0, 0 ], 
                  [ 0, 0, 0, 0, 1, 0 ], [ 0, 0, 0, 0, 0, 1 ] ], 
              [ 
                  [ -268/665*E(3)-397/665*E(3)^2, 397/665*E(3)+268/665*E(3)^2, 
                      397/665*E(3)+268/665*E(3)^2, 
                      263/266*E(3)-263/266*E(3)^2, 
                      -1052/1995*E(3)+1052/1995*E(3)^2, 0 ], 
                  [ 397/665*E(3)+268/665*E(3)^2, -268/665*E(3)-397/665*E(3)^2,
                      397/665*E(3)+268/665*E(3)^2, 
                      263/266*E(3)-263/266*E(3)^2, 
                      -1052/1995*E(3)+1052/1995*E(3)^2, 0 ], 
                  [ 397/665*E(3)+268/665*E(3)^2, 397/665*E(3)+268/665*E(3)^2, 
                      -268/665*E(3)-397/665*E(3)^2, 
                      263/266*E(3)-263/266*E(3)^2, 
                      -1052/1995*E(3)+1052/1995*E(3)^2, 0 ], 
                  [ -156/665*E(3)+156/665*E(3)^2, 
                      -156/665*E(3)+156/665*E(3)^2, 
                      -156/665*E(3)+156/665*E(3)^2, 
                      -117/133*E(3)+250/133*E(3)^2, 
                      312/665*E(3)-312/665*E(3)^2, 0 ], 
                  [ -362/665*E(3)+362/665*E(3)^2, 
                      -362/665*E(3)+362/665*E(3)^2, 
                      -362/665*E(3)+362/665*E(3)^2, 
                      -543/266*E(3)+543/266*E(3)^2, 
                      724/665*E(3)-59/665*E(3)^2, 0 ], 
                  [ 0, 0, 0, 0, 0, E(3)^2 ] ], 
              [ [ 0, 1, 0, 0, 0, 0 ], [ 0, 0, 1, 0, 0, 0 ], 
                  [ 1, 0, 0, 0, 0, 0 ], [ 0, 0, 0, 1, 0, 0 ], 
                  [ 0, 0, 0, 0, 1, 0 ], [ 0, 0, 0, 0, 0, 1 ] ], 
              [ [ E(3), 0, 0, 0, 0, 0 ], [ 0, E(3), 0, 0, 0, 0 ], 
                  [ 0, 0, E(3), 0, 0, 0 ], [ 0, 0, 0, E(3), 0, 0 ], 
                  [ 0, 0, 0, 0, E(3), 0 ], [ 0, 0, 0, 0, 0, E(3) ] ] ],
          kind := "proper_equal_dimension_overgroup",
          method := "A_strict",
          reason := "character_iso_witness_skipped",
          sourceKey := 
           "small-nonabelian-C3-PGL-18-3-index-6-dimension-1-representation-2"
           ,
          sourceOrder := 54,
          sourcePosition := 137,
          targetKey := 
           "small-nonabelian-S3-PGL-36-12-index-6-dimension-1-representation-2\
",
          targetOrder := 108,
          targetPosition := 169 ), rec(
          conjugatingMatrix := fail,
          edgeNumber := 8,
          familyDimension := 1,
          images := 
           [ 
              [ [ 1, 0, 0, 0, 0, -1 ], [ 0, 1, 0, 0, 0, -1 ], 
                  [ 0, 0, 0, 1, 0, -1 ], [ 0, 0, 1, 0, 0, -1 ], 
                  [ 0, 0, 0, 0, 1, -1 ], [ 0, 0, 0, 0, 0, -1 ] ], 
              [ [ 0, 0, 1, 0, 0, -1 ], [ 0, 0, 0, 1, 0, -1 ], 
                  [ 1, 0, 0, 0, 0, -1 ], [ 0, 1, 0, 0, 0, -1 ], 
                  [ 0, 0, 0, 0, 1, -1 ], [ 0, 0, 0, 0, 0, -1 ] ], 
              [ [ E(3)^2, 0, 0, 0, 1/3*E(3)-1/3*E(3)^2, 1/3*E(3)-1/3*E(3)^2 ],
                  [ 0, E(3)^2, 0, 0, 1/3*E(3)-1/3*E(3)^2, 1/3*E(3)-1/3*E(3)^2 
                     ], 
                  [ 0, 0, E(3)^2, 0, 1/3*E(3)-1/3*E(3)^2, 1/3*E(3)-1/3*E(3)^2 
                     ], 
                  [ 0, 0, 0, E(3)^2, 1/3*E(3)-1/3*E(3)^2, 1/3*E(3)-1/3*E(3)^2 
                     ], [ 0, 0, 0, 0, E(3), 0 ], [ 0, 0, 0, 0, 0, E(3) ] ], 
              [ [ 0, 1, 0, 0, 0, 0 ], [ 1, 0, 0, 0, 0, 0 ], 
                  [ 0, 0, 0, 1, 0, 0 ], [ 0, 0, 1, 0, 0, 0 ], 
                  [ 0, 0, 0, 0, 1, 0 ], [ 0, 0, 0, 0, 0, 1 ] ], 
              [ [ E(3), 0, 0, 0, 0, 0 ], [ 0, E(3), 0, 0, 0, 0 ], 
                  [ 0, 0, E(3), 0, 0, 0 ], [ 0, 0, 0, E(3), 0, 0 ], 
                  [ 0, 0, 0, 0, E(3), 0 ], [ 0, 0, 0, 0, 0, E(3) ] ] ],
          kind := "proper_equal_dimension_overgroup",
          method := "A_strict",
          reason := "character_iso_witness_skipped",
          sourceKey := 
           "small-nonabelian-C2^2-PGL-24-10-index-6-dimension-1-representation\
-2",
          sourceOrder := 72,
          sourcePosition := 148,
          targetKey := 
           "rank-at-least-15-A_4,3-PGL-432-745-index-6-dimension-1",
          targetOrder := 1296,
          targetPosition := 52 ), rec(
          conjugatingMatrix := fail,
          edgeNumber := 9,
          familyDimension := 1,
          images := 
           [ 
              [ [ 0, 0, 1, 0, 0, 0 ], [ 0, 0, 0, 1, 0, 0 ], 
                  [ 1, 0, 0, 0, 0, 0 ], [ 0, 1, 0, 0, 0, 0 ], 
                  [ 0, 0, 0, 0, 1, 0 ], [ 0, 0, 0, 0, 0, 1 ] ], 
              [ [ 0, 1, 0, 0, 0, 0 ], [ 1, 0, 0, 0, 0, 0 ], 
                  [ 0, 0, 1, 0, 0, 0 ], [ 0, 0, 0, 1, 0, 0 ], 
                  [ 0, 0, 0, 0, 1, 0 ], [ 0, 0, 0, 0, 0, 1 ] ], 
              [ [ E(3), 0, 0, 0, -1/3*E(3)+1/3*E(3)^2, -1/3*E(3)+1/3*E(3)^2 ],
                  [ 0, E(3), 0, 0, -1/3*E(3)+1/3*E(3)^2, -1/3*E(3)+1/3*E(3)^2 
                     ], 
                  [ 0, 0, E(3), 0, -1/3*E(3)+1/3*E(3)^2, -1/3*E(3)+1/3*E(3)^2 
                     ], 
                  [ 0, 0, 0, E(3), -1/3*E(3)+1/3*E(3)^2, -1/3*E(3)+1/3*E(3)^2 
                     ], [ 0, 0, 0, 0, E(3)^2, 0 ], [ 0, 0, 0, 0, 0, E(3)^2 ] ]
                , 
              [ [ 0, 1, 0, 0, 0, 0 ], [ 1, 0, 0, 0, 0, 0 ], 
                  [ 0, 0, 0, 1, 0, 0 ], [ 0, 0, 1, 0, 0, 0 ], 
                  [ 0, 0, 0, 0, 1, 0 ], [ 0, 0, 0, 0, 0, 1 ] ], 
              [ [ E(3), 0, 0, 0, 0, 0 ], [ 0, E(3), 0, 0, 0, 0 ], 
                  [ 0, 0, E(3), 0, 0, 0 ], [ 0, 0, 0, E(3), 0, 0 ], 
                  [ 0, 0, 0, 0, E(3), 0 ], [ 0, 0, 0, 0, 0, E(3) ] ] ],
          kind := "proper_equal_dimension_overgroup",
          method := "A_strict",
          reason := "character_iso_witness_skipped",
          sourceKey := 
           "small-nonabelian-C2^2-PGL-24-10-index-6-dimension-1-representation\
-3",
          sourceOrder := 72,
          sourcePosition := 149,
          targetKey := 
           "rank-at-least-15-A_4,3-PGL-432-745-index-6-dimension-1",
          targetOrder := 1296,
          targetPosition := 52 ), rec(
          conjugatingMatrix := fail,
          edgeNumber := 10,
          familyDimension := 1,
          images := 
           [ 
              [ [ 0, 0, 1, 0, 0, -1 ], [ 0, 0, 0, 1, 0, -1 ], 
                  [ 1, 0, 0, 0, 0, -1 ], [ 0, 1, 0, 0, 0, -1 ], 
                  [ 0, 0, 0, 0, 1, -1 ], [ 0, 0, 0, 0, 0, -1 ] ], 
              [ [ 0, 1, 0, 0, 0, 0 ], [ 1, 0, 0, 0, 0, 0 ], 
                  [ 0, 0, 1, 0, 0, 0 ], [ 0, 0, 0, 1, 0, 0 ], 
                  [ 0, 0, 0, 0, 1, 0 ], [ 0, 0, 0, 0, 0, 1 ] ], 
              [ [ E(3)^2, 0, 0, 0, 1/3*E(3)-1/3*E(3)^2, 1/3*E(3)-1/3*E(3)^2 ],
                  [ 0, E(3)^2, 0, 0, 1/3*E(3)-1/3*E(3)^2, 1/3*E(3)-1/3*E(3)^2 
                     ], 
                  [ 0, 0, E(3)^2, 0, 1/3*E(3)-1/3*E(3)^2, 1/3*E(3)-1/3*E(3)^2 
                     ], 
                  [ 0, 0, 0, E(3)^2, 1/3*E(3)-1/3*E(3)^2, 1/3*E(3)-1/3*E(3)^2 
                     ], [ 0, 0, 0, 0, E(3), 0 ], [ 0, 0, 0, 0, 0, E(3) ] ], 
              [ [ 0, 1, 0, 0, 0, 0 ], [ 1, 0, 0, 0, 0, 0 ], 
                  [ 0, 0, 0, 1, 0, 0 ], [ 0, 0, 1, 0, 0, 0 ], 
                  [ 0, 0, 0, 0, 1, 0 ], [ 0, 0, 0, 0, 0, 1 ] ], 
              [ [ E(3), 0, 0, 0, 0, 0 ], [ 0, E(3), 0, 0, 0, 0 ], 
                  [ 0, 0, E(3), 0, 0, 0 ], [ 0, 0, 0, E(3), 0, 0 ], 
                  [ 0, 0, 0, 0, E(3), 0 ], [ 0, 0, 0, 0, 0, E(3) ] ] ],
          kind := "proper_equal_dimension_overgroup",
          method := "A_strict",
          reason := "character_iso_witness_skipped",
          sourceKey := 
           "small-nonabelian-C4-PGL-24-10-index-6-dimension-1-representation-2\
",
          sourceOrder := 72,
          sourcePosition := 153,
          targetKey := 
           "rank-at-least-15-A_4,3-PGL-432-745-index-6-dimension-1",
          targetOrder := 1296,
          targetPosition := 52 ), rec(
          conjugatingMatrix := fail,
          edgeNumber := 11,
          familyDimension := 1,
          images := 
           [ 
              [ [ 0, 0, 1, 0, 0, 0 ], [ 0, 1, 0, 0, 0, 0 ], 
                  [ 1, 0, 0, 0, 0, 0 ], [ 0, 0, 0, 0, 0, 1 ], 
                  [ 0, 0, 0, 0, 1, 0 ], [ 0, 0, 0, 1, 0, 0 ] ], 
              [ [ 1/3, -2/3, -2/3, 0, 0, 0 ], [ -2/3, 1/3, -2/3, 0, 0, 0 ], 
                  [ -2/3, -2/3, 1/3, 0, 0, 0 ], [ 0, 0, 0, 1, 0, 0 ], 
                  [ 0, 0, 0, 0, 1, 0 ], [ 0, 0, 0, 0, 0, 1 ] ], 
              [ [ E(3)^2, 0, 0, 0, 0, 0 ], [ 0, E(3)^2, 0, 0, 0, 0 ], 
                  [ 0, 0, E(3)^2, 0, 0, 0 ], 
                  [ 0, 0, 0, 2/3*E(3)+1/3*E(3)^2, -1/3*E(3)+1/3*E(3)^2, 
                      -1/3*E(3)+1/3*E(3)^2 ], 
                  [ 0, 0, 0, -1/3*E(3)+1/3*E(3)^2, 2/3*E(3)+1/3*E(3)^2, 
                      -1/3*E(3)+1/3*E(3)^2 ], 
                  [ 0, 0, 0, -1/3*E(3)+1/3*E(3)^2, -1/3*E(3)+1/3*E(3)^2, 
                      2/3*E(3)+1/3*E(3)^2 ] ], 
              [ [ 0, 1, 0, 0, 0, 0 ], [ 0, 0, 1, 0, 0, 0 ], 
                  [ 1, 0, 0, 0, 0, 0 ], [ 0, 0, 0, 0, 0, 1 ], 
                  [ 0, 0, 0, 1, 0, 0 ], [ 0, 0, 0, 0, 1, 0 ] ], 
              [ [ E(3), 0, 0, 0, 0, 0 ], [ 0, E(3), 0, 0, 0, 0 ], 
                  [ 0, 0, E(3), 0, 0, 0 ], [ 0, 0, 0, E(3), 0, 0 ], 
                  [ 0, 0, 0, 0, E(3), 0 ], [ 0, 0, 0, 0, 0, E(3) ] ] ],
          kind := "proper_equal_dimension_overgroup",
          method := "A_strict",
          reason := "character_iso_witness_skipped",
          sourceKey := "small-nonabelian-S3-PGL-36-12-index-6-dimension-1",
          sourceOrder := 108,
          sourcePosition := 162,
          targetKey := 
           "rank-at-least-15-S_3,3-PGL-216-170-index-6-dimension-1",
          targetOrder := 648,
          targetPosition := 41 ), rec(
          conjugatingMatrix := fail,
          edgeNumber := 12,
          familyDimension := 1,
          images := 
           [ 
              [ [ 1, 0, 0, 0, 0, 0 ], [ 0, 0, 1, 0, 0, 0 ], 
                  [ 0, 1, 0, 0, 0, 0 ], [ 0, 0, 0, 1, 0, 0 ], 
                  [ 0, 0, 0, 0, 0, 1 ], [ 0, 0, 0, 0, 1, 0 ] ], 
              [ [ 1, 0, 0, 0, 0, 0 ], [ 0, 0, 1, 0, 0, 0 ], 
                  [ 0, 1, 0, 0, 0, 0 ], [ 0, 0, 0, 1, 0, 0 ], 
                  [ 0, 0, 0, 0, 1, 0 ], [ 0, 0, 0, 0, 0, 1 ] ], 
              [ [ E(3)^2, 0, 0, 0, 0, 0 ], [ 0, E(3)^2, 0, 0, 0, 0 ], 
                  [ 0, 0, E(3)^2, 0, 0, 0 ], [ 0, 0, 0, E(3), 0, 0 ], 
                  [ 0, 0, 0, 0, 1, 0 ], [ 0, 0, 0, 0, 0, 1 ] ], 
              [ [ 1, 0, 0, 0, 0, 0 ], [ 0, 1, 0, 0, 0, 0 ], 
                  [ 0, 0, 1, 0, 0, 0 ], [ 0, 0, 0, 1, 0, 0 ], 
                  [ 0, 0, 0, 0, E(3), 0 ], [ 0, 0, 0, 0, 0, E(3)^2 ] ], 
              [ [ E(3), 0, 0, 0, 0, 0 ], [ 0, E(3), 0, 0, 0, 0 ], 
                  [ 0, 0, E(3), 0, 0, 0 ], [ 0, 0, 0, E(3), 0, 0 ], 
                  [ 0, 0, 0, 0, E(3), 0 ], [ 0, 0, 0, 0, 0, E(3) ] ] ],
          kind := "proper_equal_dimension_overgroup",
          method := "A_strict",
          reason := "character_iso_witness_skipped",
          sourceKey := 
           "small-nonabelian-S3-PGL-36-12-index-6-dimension-1-representation-2\
",
          sourceOrder := 108,
          sourcePosition := 169,
          targetKey := 
           "rank-at-least-15-3^{1+4}:2-PGL-2916-0-index-6-dimension-1",
          targetOrder := 8748,
          targetPosition := 55 ), rec(
          conjugatingMatrix := fail,
          edgeNumber := 13,
          familyDimension := 1,
          images := 
           [ 
              [ [ -2/3, -2/3, 1/3, 0, 0, 0 ], [ -2/3, 1/3, -2/3, 0, 0, 0 ], 
                  [ 1/3, -2/3, -2/3, 0, 0, 0 ], [ 0, 0, 0, 1, 0, 0 ], 
                  [ 0, 0, 0, 0, 1, 0 ], [ 0, 0, 0, 0, 0, 1 ] ], 
              [ [ 1/3, -2/3, -2/3, 0, 0, 0 ], [ -2/3, 1/3, -2/3, 0, 0, 0 ], 
                  [ -2/3, -2/3, 1/3, 0, 0, 0 ], [ 0, 0, 0, 1, 0, 0 ], 
                  [ 0, 0, 0, 0, 1, 0 ], [ 0, 0, 0, 0, 0, 1 ] ], 
              [ [ E(3), 0, 0, 0, 0, 0 ], [ 0, E(3), 0, 0, 0, 0 ], 
                  [ 0, 0, E(3), 0, 0, 0 ], 
                  [ 0, 0, 0, 1/3*E(3)+2/3*E(3)^2, 1/3*E(3)-1/3*E(3)^2, 
                      1/3*E(3)-1/3*E(3)^2 ], 
                  [ 0, 0, 0, 1/3*E(3)-1/3*E(3)^2, 1/3*E(3)+2/3*E(3)^2, 
                      1/3*E(3)-1/3*E(3)^2 ], 
                  [ 0, 0, 0, 1/3*E(3)-1/3*E(3)^2, 1/3*E(3)-1/3*E(3)^2, 
                      1/3*E(3)+2/3*E(3)^2 ] ], 
              [ [ 0, 0, 1, 0, 0, 0 ], [ 1, 0, 0, 0, 0, 0 ], 
                  [ 0, 1, 0, 0, 0, 0 ], [ 0, 0, 0, 1, 0, 0 ], 
                  [ 0, 0, 0, 0, 1, 0 ], [ 0, 0, 0, 0, 0, 1 ] ], 
              [ [ E(3), 0, 0, 0, 0, 0 ], [ 0, E(3), 0, 0, 0, 0 ], 
                  [ 0, 0, E(3), 0, 0, 0 ], [ 0, 0, 0, E(3), 0, 0 ], 
                  [ 0, 0, 0, 0, E(3), 0 ], [ 0, 0, 0, 0, 0, E(3) ] ] ],
          kind := "proper_equal_dimension_overgroup",
          method := "A_strict",
          reason := "character_iso_witness_skipped",
          sourceKey := 
           "small-nonabelian-S3-PGL-36-12-index-6-dimension-1-representation-3\
",
          sourceOrder := 108,
          sourcePosition := 171,
          targetKey := 
           "rank-at-least-15-S_3,3-PGL-216-170-index-6-dimension-1",
          targetOrder := 648,
          targetPosition := 41 ), rec(
          conjugatingMatrix := fail,
          edgeNumber := 14,
          familyDimension := 2,
          images := 
           [ 
              [ [ E(3), 0, 0, 0, 0, 0 ], [ 0, E(3), 0, 0, 0, 0 ], 
                  [ 0, 0, E(3), 0, 0, 0 ], [ 0, 0, 0, E(3), 0, 0 ], 
                  [ 0, 0, 0, 0, E(3), 0 ], [ 0, 0, 0, 0, 0, E(3) ] ], 
              [ [ 1, 0, 0, 0, 0, 0 ], [ 0, 1, 0, 0, 0, 0 ], 
                  [ 0, 0, 1, 0, 0, 0 ], [ 0, 0, 0, 1, 0, 0 ], 
                  [ 0, 0, 0, 0, -1, 0 ], [ 0, 0, 0, 0, 0, -1 ] ], 
              [ [ 1, 0, 0, 0, 0, 0 ], [ 0, -1, 0, 0, 0, 0 ], 
                  [ 0, 0, -1, 0, 0, 0 ], [ 0, 0, 0, 1, 0, 0 ], 
                  [ 0, 0, 0, 0, 0, E(4) ], [ 0, 0, 0, 0, E(4), 0 ] ], 
              [ [ 1, 0, 0, 0, 0, 0 ], [ 0, -1, 0, 0, 0, 0 ], 
                  [ 0, 0, 1, 0, 0, 0 ], [ 0, 0, 0, -1, 0, 0 ], 
                  [ 0, 0, 0, 0, 0, 1 ], [ 0, 0, 0, 0, 1, 0 ] ] ],
          kind := "proper_equal_dimension_overgroup",
          method := "A_strict",
          reason := "character_iso_witness_skipped",
          sourceKey := "liftable-abelian-C4-PGL-8-2-index-2-dimension-2",
          sourceOrder := 24,
          sourcePosition := 124,
          targetKey := "rank-at-least-15-Q_8-PGL-16-13-index-2-dimension-2",
          targetOrder := 48,
          targetPosition := 25 ), rec(
          conjugatingMatrix := fail,
          edgeNumber := 15,
          familyDimension := 2,
          images := 
           [ 
              [ [ -337/523*E(9)^2+740/523*E(9)^5, 12/523*E(9)^2+123/523*E(9)^5, 
                      453/523*E(9)^2-183/523*E(9)^5, 0, 0, 0 ], 
                  [ 3992/1569*E(9)^2-224/1569*E(9)^5, 
                      -1109/1569*E(9)^2-1561/1569*E(9)^5, 
                      -6170/1569*E(9)^2-2308/1569*E(9)^5, 0, 0, 0 ], 
                  [ -1748/1569*E(9)^2+1796/1569*E(9)^5, 
                      -214/1569*E(9)^2+160/1569*E(9)^5, 
                      2120/1569*E(9)^2-659/1569*E(9)^5, 0, 0, 0 ], 
                  [ 0, 0, 0, 0, -2/7*E(3), 0 ], [ 0, 0, 0, 0, 0, 4*E(3)^2 ], 
                  [ 0, 0, 0, -7/8*E(3)^2, 0, 0 ] ], 
              [ [ 1, 0, 0, 0, 0, 0 ], [ 0, 1, 0, 0, 0, 0 ], 
                  [ 0, 0, 1, 0, 0, 0 ], [ 0, 0, 0, 1, 0, 0 ], 
                  [ 0, 0, 0, 0, -1, 0 ], [ 0, 0, 0, 0, 0, -1 ] ], 
              [ [ 1, 0, 0, 0, 0, 0 ], [ 0, 1, 0, 0, 0, 0 ], 
                  [ 0, 0, 1, 0, 0, 0 ], [ 0, 0, 0, -1, 0, 0 ], 
                  [ 0, 0, 0, 0, 1, 0 ], [ 0, 0, 0, 0, 0, -1 ] ], 
              [ [ E(3), 0, 0, 0, 0, 0 ], [ 0, E(3), 0, 0, 0, 0 ], 
                  [ 0, 0, E(3), 0, 0, 0 ], [ 0, 0, 0, E(3), 0, 0 ], 
                  [ 0, 0, 0, 0, E(3), 0 ], [ 0, 0, 0, 0, 0, E(3) ] ] ],
          kind := "proper_equal_dimension_overgroup",
          method := "A_strict",
          reason := "character_iso_witness_skipped",
          sourceKey := "small-nonabelian-C2^2-PGL-12-3-index-3-dimension-2",
          sourceOrder := 36,
          sourcePosition := 142,
          targetKey := 
           "small-nonabelian-C2^2-PGL-24-13-index-6-dimension-2-representation\
-2",
          targetOrder := 72,
          targetPosition := 146 ), rec(
          conjugatingMatrix := fail,
          edgeNumber := 16,
          familyDimension := 2,
          images := 
           [ 
              [ [ 0, 1, 0, 0, 0, 0 ], [ 1, 0, 0, 0, 0, 0 ], 
                  [ 0, 0, 1, 0, 0, 0 ], [ 0, 0, 0, 1, 0, 0 ], 
                  [ 0, 0, 0, 0, 1, 0 ], [ 0, 0, 0, 0, 0, 1 ] ], 
              [ 
                  [ 838/7503*E(3)+6665/7503*E(3)^2, 
                      838/7503*E(3)-838/7503*E(3)^2, 
                      838/7503*E(3)-838/7503*E(3)^2, 
                      2095/5002*E(3)-2095/5002*E(3)^2, 
                      -1676/7503*E(3)+1676/7503*E(3)^2, 0 ], 
                  [ 838/7503*E(3)-838/7503*E(3)^2, 
                      838/7503*E(3)+6665/7503*E(3)^2, 
                      838/7503*E(3)-838/7503*E(3)^2, 
                      2095/5002*E(3)-2095/5002*E(3)^2, 
                      -1676/7503*E(3)+1676/7503*E(3)^2, 0 ], 
                  [ 838/7503*E(3)-838/7503*E(3)^2, 
                      838/7503*E(3)-838/7503*E(3)^2, 
                      838/7503*E(3)+6665/7503*E(3)^2, 
                      2095/5002*E(3)-2095/5002*E(3)^2, 
                      -1676/7503*E(3)+1676/7503*E(3)^2, 0 ], 
                  [ 724/2501*E(3)-724/2501*E(3)^2, 
                      724/2501*E(3)-724/2501*E(3)^2, 
                      724/2501*E(3)-724/2501*E(3)^2, 
                      2715/2501*E(3)-214/2501*E(3)^2, 
                      -1448/2501*E(3)+1448/2501*E(3)^2, 0 ], 
                  [ 526/2501*E(3)-526/2501*E(3)^2, 
                      526/2501*E(3)-526/2501*E(3)^2, 
                      526/2501*E(3)-526/2501*E(3)^2, 
                      3945/5002*E(3)-3945/5002*E(3)^2, 
                      -1052/2501*E(3)+3553/2501*E(3)^2, 0 ], 
                  [ 0, 0, 0, 0, 0, E(3) ] ], 
              [ [ 0, 1, 0, 0, 0, 0 ], [ 0, 0, 1, 0, 0, 0 ], 
                  [ 1, 0, 0, 0, 0, 0 ], [ 0, 0, 0, 1, 0, 0 ], 
                  [ 0, 0, 0, 0, 1, 0 ], [ 0, 0, 0, 0, 0, 1 ] ], 
              [ [ E(3), 0, 0, 0, 0, 0 ], [ 0, E(3), 0, 0, 0, 0 ], 
                  [ 0, 0, E(3), 0, 0, 0 ], [ 0, 0, 0, E(3), 0, 0 ], 
                  [ 0, 0, 0, 0, E(3), 0 ], [ 0, 0, 0, 0, 0, E(3) ] ] ],
          kind := "proper_equal_dimension_overgroup",
          method := "A_strict",
          reason := "character_iso_witness_skipped",
          sourceKey := "small-nonabelian-C3-PGL-18-3-index-6-dimension-2",
          sourceOrder := 54,
          sourcePosition := 138,
          targetKey := "small-nonabelian-S3-PGL-36-12-index-6-dimension-2",
          targetOrder := 108,
          targetPosition := 170 ), rec(
          conjugatingMatrix := fail,
          edgeNumber := 17,
          familyDimension := 2,
          images := 
           [ 
              [ [ 0, 1, 0, 0, 0, 0 ], [ 1, 0, 0, 0, 0, 0 ], 
                  [ 0, 0, 1, 0, 0, 0 ], [ 0, 0, 0, 0, 1, 0 ], 
                  [ 0, 0, 0, 1, 0, 0 ], [ 0, 0, 0, 0, 0, 1 ] ], 
              [ 
                  [ 2/3*E(3)+1/3*E(3)^2, -1/3*E(3)+1/3*E(3)^2, 
                      -1/3*E(3)+1/3*E(3)^2, 0, 0, 0 ], 
                  [ -1/3*E(3)+1/3*E(3)^2, 2/3*E(3)+1/3*E(3)^2, 
                      -1/3*E(3)+1/3*E(3)^2, 0, 0, 0 ], 
                  [ -1/3*E(3)+1/3*E(3)^2, -1/3*E(3)+1/3*E(3)^2, 
                      2/3*E(3)+1/3*E(3)^2, 0, 0, 0 ], 
                  [ 0, 0, 0, E(3)^2, 0, 0 ], [ 0, 0, 0, 0, E(3)^2, 0 ], 
                  [ 0, 0, 0, 0, 0, E(3)^2 ] ], 
              [ [ 0, 0, 1, 0, 0, 0 ], [ 1, 0, 0, 0, 0, 0 ], 
                  [ 0, 1, 0, 0, 0, 0 ], [ 0, 0, 0, 0, 0, 1 ], 
                  [ 0, 0, 0, 1, 0, 0 ], [ 0, 0, 0, 0, 1, 0 ] ], 
              [ [ E(3), 0, 0, 0, 0, 0 ], [ 0, E(3), 0, 0, 0, 0 ], 
                  [ 0, 0, E(3), 0, 0, 0 ], [ 0, 0, 0, E(3), 0, 0 ], 
                  [ 0, 0, 0, 0, E(3), 0 ], [ 0, 0, 0, 0, 0, E(3) ] ] ],
          kind := "proper_equal_dimension_overgroup",
          method := "A_strict",
          reason := "character_iso_witness_skipped",
          sourceKey := "small-nonabelian-S3-PGL-18-3-index-3-dimension-2",
          sourceOrder := 54,
          sourcePosition := 158,
          targetKey := "rank-at-least-15-A_3,3-PGL-108-38-index-6-dimension-2"
           ,
          targetOrder := 324,
          targetPosition := 37 ), rec(
          conjugatingMatrix := fail,
          edgeNumber := 18,
          familyDimension := 2,
          images := 
           [ 
              [ [ 0, 1, 0, 0, 0, 0 ], [ 1, 0, 0, 0, 0, 0 ], 
                  [ 0, 0, 1, 0, 0, 0 ], [ 0, 0, 0, 0, 1, 0 ], 
                  [ 0, 0, 0, 1, 0, 0 ], [ 0, 0, 0, 0, 0, 1 ] ], 
              [ [ 0, 1, 0, 0, 0, 0 ], [ 1, 0, 0, 0, 0, 0 ], 
                  [ 0, 0, 1, 0, 0, 0 ], [ 0, 0, 0, 1, 0, 0 ], 
                  [ 0, 0, 0, 0, 1, 0 ], [ 0, 0, 0, 0, 0, 1 ] ], 
              [ 
                  [ 2/3*E(3)+1/3*E(3)^2, -1/3*E(3)+1/3*E(3)^2, 
                      -1/3*E(3)+1/3*E(3)^2, 0, 0, 0 ], 
                  [ -1/3*E(3)+1/3*E(3)^2, 2/3*E(3)+1/3*E(3)^2, 
                      -1/3*E(3)+1/3*E(3)^2, 0, 0, 0 ], 
                  [ -1/3*E(3)+1/3*E(3)^2, -1/3*E(3)+1/3*E(3)^2, 
                      2/3*E(3)+1/3*E(3)^2, 0, 0, 0 ], 
                  [ 0, 0, 0, E(3)^2, 0, 0 ], [ 0, 0, 0, 0, E(3)^2, 0 ], 
                  [ 0, 0, 0, 0, 0, E(3)^2 ] ], 
              [ [ 1, 0, 0, 0, 0, 0 ], [ 0, 1, 0, 0, 0, 0 ], 
                  [ 0, 0, 1, 0, 0, 0 ], [ 0, 0, 0, 0, 0, 1 ], 
                  [ 0, 0, 0, 1, 0, 0 ], [ 0, 0, 0, 0, 1, 0 ] ], 
              [ [ E(3), 0, 0, 0, 0, 0 ], [ 0, E(3), 0, 0, 0, 0 ], 
                  [ 0, 0, E(3), 0, 0, 0 ], [ 0, 0, 0, E(3), 0, 0 ], 
                  [ 0, 0, 0, 0, E(3), 0 ], [ 0, 0, 0, 0, 0, E(3) ] ] ],
          kind := "proper_equal_dimension_overgroup",
          method := "A_strict",
          reason := "character_iso_witness_skipped",
          sourceKey := "small-nonabelian-S3-PGL-36-12-index-6-dimension-2",
          sourceOrder := 108,
          sourcePosition := 170,
          targetKey := "rank-at-least-15-A_3,3-PGL-108-38-index-6-dimension-2"
           ,
          targetOrder := 324,
          targetPosition := 37 ), rec(
          conjugatingMatrix := fail,
          edgeNumber := 19,
          familyDimension := 3,
          images := 
           [ 
              [ [ 1, 0, 0, 0, 0, 0 ], [ 0, 1, 0, 0, 0, 0 ], 
                  [ 0, 0, -1, 0, 0, 0 ], [ 0, 0, 0, -1, 0, 0 ], 
                  [ 0, 0, 0, 0, E(4), 0 ], [ 0, 0, 0, 0, 0, -E(4) ] ], 
              [ [ 1, 0, 0, 0, 0, 0 ], [ 0, 1, 0, 0, 0, 0 ], 
                  [ 0, 0, -1, 0, 0, 0 ], [ 0, 0, 0, 1, 0, 0 ], 
                  [ 0, 0, 0, 0, 0, -E(4) ], [ 0, 0, 0, 0, -E(4), 0 ] ], 
              [ [ 1, 0, 0, 0, 0, 0 ], [ 0, 1, 0, 0, 0, 0 ], 
                  [ 0, 0, 1, 0, 0, 0 ], [ 0, 0, 0, 1, 0, 0 ], 
                  [ 0, 0, 0, 0, -1, 0 ], [ 0, 0, 0, 0, 0, -1 ] ], 
              [ [ E(3), 0, 0, 0, 0, 0 ], [ 0, E(3), 0, 0, 0, 0 ], 
                  [ 0, 0, E(3), 0, 0, 0 ], [ 0, 0, 0, E(3), 0, 0 ], 
                  [ 0, 0, 0, 0, E(3), 0 ], [ 0, 0, 0, 0, 0, E(3) ] ] ],
          kind := "proper_equal_dimension_overgroup",
          method := "A_strict",
          reason := "character_iso_witness_skipped",
          sourceKey := "small-nonabelian-C4-PGL-8-4-index-2-dimension-3",
          sourceOrder := 24,
          sourcePosition := 150,
          targetKey := "rank-at-least-15-D_8-PGL-16-13-index-2-dimension-3",
          targetOrder := 48,
          targetPosition := 3 ), rec(
          conjugatingMatrix := fail,
          edgeNumber := 20,
          familyDimension := 4,
          images := 
           [ 
              [ [ E(3), 0, 0, 0, 0, 0 ], [ 0, E(3), 0, 0, 0, 0 ], 
                  [ 0, 0, E(3), 0, 0, 0 ], [ 0, 0, 0, E(3), 0, 0 ], 
                  [ 0, 0, 0, 0, E(3), 0 ], [ 0, 0, 0, 0, 0, E(3) ] ], 
              [ [ -1, 0, 0, 0, 0, 0 ], [ 0, 1, 0, 0, 0, 0 ], 
                  [ 0, 0, 1, 0, 0, 0 ], [ 0, 0, 0, -1, 0, 0 ], 
                  [ 0, 0, 0, 0, 1, 0 ], [ 0, 0, 0, 0, 0, 1 ] ], 
              [ [ E(4), 0, 0, 0, 0, 0 ], [ 0, -1, 0, 0, 0, 0 ], 
                  [ 0, 0, 1, 0, 0, 0 ], [ 0, 0, 0, E(4), 0, 0 ], 
                  [ 0, 0, 0, 0, -1, 0 ], [ 0, 0, 0, 0, 0, 1 ] ] ],
          kind := "proper_equal_dimension_overgroup",
          method := "literal_matrix_subgroup",
          reason := "literal_matrix_subgroup",
          sourceKey := "liftable-abelian-C2-PGL-4-1-index-2-dimension-4",
          sourceOrder := 12,
          sourcePosition := 109,
          targetKey := "liftable-abelian-C4-PGL-8-2-index-2-dimension-4",
          targetOrder := 24,
          targetPosition := 104 ), rec(
          conjugatingMatrix := fail,
          edgeNumber := 21,
          familyDimension := 4,
          images := 
           [ 
              [ [ 1, 0, 0, 0, 0, 0 ], [ 0, 1, 0, 0, 0, 0 ], 
                  [ 0, 0, 1, 0, 0, 0 ], [ 0, 0, 0, -1, 0, 0 ], 
                  [ 0, 0, 0, 0, 0, -1 ], [ 0, 0, 0, 0, -1, 0 ] ], 
              [ [ 1, 0, 0, 0, 0, 0 ], [ 0, 1, 0, 0, 0, 0 ], 
                  [ 0, 0, -1, 0, 0, 0 ], [ 0, 0, 0, -1, 0, 0 ], 
                  [ 0, 0, 0, 0, 0, E(4) ], [ 0, 0, 0, 0, -E(4), 0 ] ], 
              [ [ 1, 0, 0, 0, 0, 0 ], [ 0, 1, 0, 0, 0, 0 ], 
                  [ 0, 0, 1, 0, 0, 0 ], [ 0, 0, 0, 1, 0, 0 ], 
                  [ 0, 0, 0, 0, -1, 0 ], [ 0, 0, 0, 0, 0, -1 ] ], 
              [ [ E(3), 0, 0, 0, 0, 0 ], [ 0, E(3), 0, 0, 0, 0 ], 
                  [ 0, 0, E(3), 0, 0, 0 ], [ 0, 0, 0, E(3), 0, 0 ], 
                  [ 0, 0, 0, 0, E(3), 0 ], [ 0, 0, 0, 0, 0, E(3) ] ] ],
          kind := "proper_equal_dimension_overgroup",
          method := "A_strict",
          reason := "character_iso_witness_skipped",
          sourceKey := "small-nonabelian-C2^2-PGL-8-3-index-2-dimension-4",
          sourceOrder := 24,
          sourcePosition := 143,
          targetKey := "rank-at-least-15-D_8-PGL-16-11-index-2-dimension-4",
          targetOrder := 48,
          targetPosition := 2 ) ],
  equalOrderDuplicateCount := 0,
  familyResults := [ rec(
          containmentPathEdgeNumbers := [  ],
          containmentPathKeys := 
           [ "rank-at-least-15-D_8-PGL-8-0-index-1-dimension-5" ],
          containmentPathPositions := [ 1 ],
          directTargetKey := fail,
          directTargetPosition := fail,
          disposition := "known_saturated",
          familyDimension := 5,
          finalStatus := "known_saturated",
          finalTargetKey := "rank-at-least-15-D_8-PGL-8-0-index-1-dimension-5"
           ,
          finalTargetPosition := 1,
          fullIndex := 1,
          groupOrder := 24,
          inputPosition := 1,
          inputSaturationTag := "known_saturated",
          key := "rank-at-least-15-D_8-PGL-8-0-index-1-dimension-5",
          linearGroupId := [ 24, 10 ],
          pathUndecidedCount := 0,
          projectiveGroupId := [ 8, 0 ],
          sourceCategory := "rank_at_least_15",
          sourceUndecidedCount := 0,
          symplecticPart := "D_8" ), rec(
          containmentPathEdgeNumbers := [  ],
          containmentPathKeys := 
           [ "rank-at-least-15-D_8-PGL-16-11-index-2-dimension-4" ],
          containmentPathPositions := [ 2 ],
          directTargetKey := fail,
          directTargetPosition := fail,
          disposition := "computed_saturated",
          familyDimension := 4,
          finalStatus := "computed_saturated",
          finalTargetKey := 
           "rank-at-least-15-D_8-PGL-16-11-index-2-dimension-4",
          finalTargetPosition := 2,
          fullIndex := 2,
          groupOrder := 48,
          inputPosition := 2,
          inputSaturationTag := "check",
          key := "rank-at-least-15-D_8-PGL-16-11-index-2-dimension-4",
          linearGroupId := [ 48, 45 ],
          pathUndecidedCount := 0,
          projectiveGroupId := [ 16, 11 ],
          sourceCategory := "rank_at_least_15",
          sourceUndecidedCount := 0,
          symplecticPart := "D_8" ), rec(
          containmentPathEdgeNumbers := [  ],
          containmentPathKeys := 
           [ "rank-at-least-15-D_8-PGL-16-13-index-2-dimension-3" ],
          containmentPathPositions := [ 3 ],
          directTargetKey := fail,
          directTargetPosition := fail,
          disposition := "computed_saturated",
          familyDimension := 3,
          finalStatus := "computed_saturated",
          finalTargetKey := 
           "rank-at-least-15-D_8-PGL-16-13-index-2-dimension-3",
          finalTargetPosition := 3,
          fullIndex := 2,
          groupOrder := 48,
          inputPosition := 3,
          inputSaturationTag := "check",
          key := "rank-at-least-15-D_8-PGL-16-13-index-2-dimension-3",
          linearGroupId := [ 48, 47 ],
          pathUndecidedCount := 0,
          projectiveGroupId := [ 16, 13 ],
          sourceCategory := "rank_at_least_15",
          sourceUndecidedCount := 0,
          symplecticPart := "D_8" ), rec(
          containmentPathEdgeNumbers := [  ],
          containmentPathKeys := 
           [ "rank-at-least-15-D_8-PGL-16-7-index-2-dimension-2" ],
          containmentPathPositions := [ 4 ],
          directTargetKey := fail,
          directTargetPosition := fail,
          disposition := "computed_saturated",
          familyDimension := 2,
          finalStatus := "computed_saturated",
          finalTargetKey := 
           "rank-at-least-15-D_8-PGL-16-7-index-2-dimension-2",
          finalTargetPosition := 4,
          fullIndex := 2,
          groupOrder := 48,
          inputPosition := 4,
          inputSaturationTag := "check",
          key := "rank-at-least-15-D_8-PGL-16-7-index-2-dimension-2",
          linearGroupId := [ 48, 25 ],
          pathUndecidedCount := 0,
          projectiveGroupId := [ 16, 7 ],
          sourceCategory := "rank_at_least_15",
          sourceUndecidedCount := 0,
          symplecticPart := "D_8" ), rec(
          containmentPathEdgeNumbers := [  ],
          containmentPathKeys := 
           [ "rank-at-least-15-D_10-PGL-10-0-index-1-dimension-4" ],
          containmentPathPositions := [ 5 ],
          directTargetKey := fail,
          directTargetPosition := fail,
          disposition := "known_saturated",
          familyDimension := 4,
          finalStatus := "known_saturated",
          finalTargetKey := 
           "rank-at-least-15-D_10-PGL-10-0-index-1-dimension-4",
          finalTargetPosition := 5,
          fullIndex := 1,
          groupOrder := 30,
          inputPosition := 5,
          inputSaturationTag := "known_saturated",
          key := "rank-at-least-15-D_10-PGL-10-0-index-1-dimension-4",
          linearGroupId := [ 30, 2 ],
          pathUndecidedCount := 0,
          projectiveGroupId := [ 10, 0 ],
          sourceCategory := "rank_at_least_15",
          sourceUndecidedCount := 0,
          symplecticPart := "D_10" ), rec(
          containmentPathEdgeNumbers := [  ],
          containmentPathKeys := 
           [ "rank-at-least-15-D_10-PGL-20-4-index-2-dimension-2" ],
          containmentPathPositions := [ 6 ],
          directTargetKey := fail,
          directTargetPosition := fail,
          disposition := "computed_saturated",
          familyDimension := 2,
          finalStatus := "computed_saturated",
          finalTargetKey := 
           "rank-at-least-15-D_10-PGL-20-4-index-2-dimension-2",
          finalTargetPosition := 6,
          fullIndex := 2,
          groupOrder := 60,
          inputPosition := 6,
          inputSaturationTag := "check",
          key := "rank-at-least-15-D_10-PGL-20-4-index-2-dimension-2",
          linearGroupId := [ 60, 10 ],
          pathUndecidedCount := 0,
          projectiveGroupId := [ 20, 4 ],
          sourceCategory := "rank_at_least_15",
          sourceUndecidedCount := 0,
          symplecticPart := "D_10" ), rec(
          containmentPathEdgeNumbers := [  ],
          containmentPathKeys := 
           [ "rank-at-least-15-D_10-PGL-30-2-index-3-dimension-2" ],
          containmentPathPositions := [ 7 ],
          directTargetKey := fail,
          directTargetPosition := fail,
          disposition := "computed_saturated",
          familyDimension := 2,
          finalStatus := "computed_saturated",
          finalTargetKey := 
           "rank-at-least-15-D_10-PGL-30-2-index-3-dimension-2",
          finalTargetPosition := 7,
          fullIndex := 3,
          groupOrder := 90,
          inputPosition := 7,
          inputSaturationTag := "check",
          key := "rank-at-least-15-D_10-PGL-30-2-index-3-dimension-2",
          linearGroupId := [ 90, 5 ],
          pathUndecidedCount := 0,
          projectiveGroupId := [ 30, 2 ],
          sourceCategory := "rank_at_least_15",
          sourceUndecidedCount := 0,
          symplecticPart := "D_10" ), rec(
          containmentPathEdgeNumbers := [  ],
          containmentPathKeys := 
           [ "rank-at-least-15-A_4-PGL-24-0-index-2-dimension-4" ],
          containmentPathPositions := [ 8 ],
          directTargetKey := fail,
          directTargetPosition := fail,
          disposition := "known_saturated",
          familyDimension := 4,
          finalStatus := "known_saturated",
          finalTargetKey := 
           "rank-at-least-15-A_4-PGL-24-0-index-2-dimension-4",
          finalTargetPosition := 8,
          fullIndex := 2,
          groupOrder := 72,
          inputPosition := 8,
          inputSaturationTag := "known_saturated",
          key := "rank-at-least-15-A_4-PGL-24-0-index-2-dimension-4",
          linearGroupId := [ 72, 42 ],
          pathUndecidedCount := 0,
          projectiveGroupId := [ 24, 0 ],
          sourceCategory := "rank_at_least_15",
          sourceUndecidedCount := 0,
          symplecticPart := "A_4" ), rec(
          containmentPathEdgeNumbers := [  ],
          containmentPathKeys := 
           [ "rank-at-least-15-A_4-PGL-12-0-index-1-dimension-4" ],
          containmentPathPositions := [ 9 ],
          directTargetKey := fail,
          directTargetPosition := fail,
          disposition := "known_saturated",
          familyDimension := 4,
          finalStatus := "known_saturated",
          finalTargetKey := 
           "rank-at-least-15-A_4-PGL-12-0-index-1-dimension-4",
          finalTargetPosition := 9,
          fullIndex := 1,
          groupOrder := 36,
          inputPosition := 9,
          inputSaturationTag := "known_saturated",
          key := "rank-at-least-15-A_4-PGL-12-0-index-1-dimension-4",
          linearGroupId := [ 36, 11 ],
          pathUndecidedCount := 0,
          projectiveGroupId := [ 12, 0 ],
          sourceCategory := "rank_at_least_15",
          sourceUndecidedCount := 0,
          symplecticPart := "A_4" ), rec(
          containmentPathEdgeNumbers := [  ],
          containmentPathKeys := 
           [ "rank-at-least-15-A_4-PGL-24-13-index-2-dimension-3" ],
          containmentPathPositions := [ 10 ],
          directTargetKey := fail,
          directTargetPosition := fail,
          disposition := "computed_saturated",
          familyDimension := 3,
          finalStatus := "computed_saturated",
          finalTargetKey := 
           "rank-at-least-15-A_4-PGL-24-13-index-2-dimension-3",
          finalTargetPosition := 10,
          fullIndex := 2,
          groupOrder := 72,
          inputPosition := 10,
          inputSaturationTag := "check",
          key := "rank-at-least-15-A_4-PGL-24-13-index-2-dimension-3",
          linearGroupId := [ 72, 47 ],
          pathUndecidedCount := 0,
          projectiveGroupId := [ 24, 13 ],
          sourceCategory := "rank_at_least_15",
          sourceUndecidedCount := 0,
          symplecticPart := "A_4" ), rec(
          containmentPathEdgeNumbers := [  ],
          containmentPathKeys := 
           [ "rank-at-least-15-A_4-PGL-36-11-index-3-dimension-2" ],
          containmentPathPositions := [ 11 ],
          directTargetKey := fail,
          directTargetPosition := fail,
          disposition := "computed_saturated",
          familyDimension := 2,
          finalStatus := "computed_saturated",
          finalTargetKey := 
           "rank-at-least-15-A_4-PGL-36-11-index-3-dimension-2",
          finalTargetPosition := 11,
          fullIndex := 3,
          groupOrder := 108,
          inputPosition := 11,
          inputSaturationTag := "check",
          key := "rank-at-least-15-A_4-PGL-36-11-index-3-dimension-2",
          linearGroupId := [ 108, 41 ],
          pathUndecidedCount := 0,
          projectiveGroupId := [ 36, 11 ],
          sourceCategory := "rank_at_least_15",
          sourceUndecidedCount := 0,
          symplecticPart := "A_4" ), rec(
          containmentPathEdgeNumbers := [  ],
          containmentPathKeys := 
           [ "rank-at-least-15-A_4-PGL-72-42-index-6-dimension-2" ],
          containmentPathPositions := [ 12 ],
          directTargetKey := fail,
          directTargetPosition := fail,
          disposition := "computed_saturated",
          familyDimension := 2,
          finalStatus := "computed_saturated",
          finalTargetKey := 
           "rank-at-least-15-A_4-PGL-72-42-index-6-dimension-2",
          finalTargetPosition := 12,
          fullIndex := 6,
          groupOrder := 216,
          inputPosition := 12,
          inputSaturationTag := "check",
          key := "rank-at-least-15-A_4-PGL-72-42-index-6-dimension-2",
          linearGroupId := [ 216, 163 ],
          pathUndecidedCount := 0,
          projectiveGroupId := [ 72, 42 ],
          sourceCategory := "rank_at_least_15",
          sourceUndecidedCount := 0,
          symplecticPart := "A_4" ), rec(
          containmentPathEdgeNumbers := [  ],
          containmentPathKeys := 
           [ "rank-at-least-15-D_12-PGL-24-14-index-2-dimension-4" ],
          containmentPathPositions := [ 13 ],
          directTargetKey := fail,
          directTargetPosition := fail,
          disposition := "known_saturated",
          familyDimension := 4,
          finalStatus := "known_saturated",
          finalTargetKey := 
           "rank-at-least-15-D_12-PGL-24-14-index-2-dimension-4",
          finalTargetPosition := 13,
          fullIndex := 2,
          groupOrder := 72,
          inputPosition := 13,
          inputSaturationTag := "known_saturated",
          key := "rank-at-least-15-D_12-PGL-24-14-index-2-dimension-4",
          linearGroupId := [ 72, 48 ],
          pathUndecidedCount := 0,
          projectiveGroupId := [ 24, 14 ],
          sourceCategory := "rank_at_least_15",
          sourceUndecidedCount := 0,
          symplecticPart := "D_12" ), rec(
          containmentPathEdgeNumbers := [  ],
          containmentPathKeys := 
           [ "rank-at-least-15-D_12-PGL-12-0-index-1-dimension-4" ],
          containmentPathPositions := [ 14 ],
          directTargetKey := fail,
          directTargetPosition := fail,
          disposition := "known_saturated",
          familyDimension := 4,
          finalStatus := "known_saturated",
          finalTargetKey := 
           "rank-at-least-15-D_12-PGL-12-0-index-1-dimension-4",
          finalTargetPosition := 14,
          fullIndex := 1,
          groupOrder := 36,
          inputPosition := 14,
          inputSaturationTag := "known_saturated",
          key := "rank-at-least-15-D_12-PGL-12-0-index-1-dimension-4",
          linearGroupId := [ 36, 12 ],
          pathUndecidedCount := 0,
          projectiveGroupId := [ 12, 0 ],
          sourceCategory := "rank_at_least_15",
          sourceUndecidedCount := 0,
          symplecticPart := "D_12" ), rec(
          containmentPathEdgeNumbers := [  ],
          containmentPathKeys := 
           [ "rank-at-least-15-D_12-PGL-24-14-index-2-dimension-2" ],
          containmentPathPositions := [ 15 ],
          directTargetKey := fail,
          directTargetPosition := fail,
          disposition := "computed_saturated",
          familyDimension := 2,
          finalStatus := "computed_saturated",
          finalTargetKey := 
           "rank-at-least-15-D_12-PGL-24-14-index-2-dimension-2",
          finalTargetPosition := 15,
          fullIndex := 2,
          groupOrder := 72,
          inputPosition := 15,
          inputSaturationTag := "check",
          key := "rank-at-least-15-D_12-PGL-24-14-index-2-dimension-2",
          linearGroupId := [ 72, 48 ],
          pathUndecidedCount := 0,
          projectiveGroupId := [ 24, 14 ],
          sourceCategory := "rank_at_least_15",
          sourceUndecidedCount := 0,
          symplecticPart := "D_12" ), rec(
          containmentPathEdgeNumbers := [  ],
          containmentPathKeys := 
           [ "rank-at-least-15-D_12-PGL-24-8-index-2-dimension-2" ],
          containmentPathPositions := [ 16 ],
          directTargetKey := fail,
          directTargetPosition := fail,
          disposition := "computed_saturated",
          familyDimension := 2,
          finalStatus := "computed_saturated",
          finalTargetKey := 
           "rank-at-least-15-D_12-PGL-24-8-index-2-dimension-2",
          finalTargetPosition := 16,
          fullIndex := 2,
          groupOrder := 72,
          inputPosition := 16,
          inputSaturationTag := "check",
          key := "rank-at-least-15-D_12-PGL-24-8-index-2-dimension-2",
          linearGroupId := [ 72, 30 ],
          pathUndecidedCount := 0,
          projectiveGroupId := [ 24, 8 ],
          sourceCategory := "rank_at_least_15",
          sourceUndecidedCount := 0,
          symplecticPart := "D_12" ), rec(
          containmentPathEdgeNumbers := [  ],
          containmentPathKeys := 
           [ "rank-at-least-15-D_12-PGL-36-12-index-3-dimension-2" ],
          containmentPathPositions := [ 17 ],
          directTargetKey := fail,
          directTargetPosition := fail,
          disposition := "computed_saturated",
          familyDimension := 2,
          finalStatus := "computed_saturated",
          finalTargetKey := 
           "rank-at-least-15-D_12-PGL-36-12-index-3-dimension-2",
          finalTargetPosition := 17,
          fullIndex := 3,
          groupOrder := 108,
          inputPosition := 17,
          inputSaturationTag := "check",
          key := "rank-at-least-15-D_12-PGL-36-12-index-3-dimension-2",
          linearGroupId := [ 108, 42 ],
          pathUndecidedCount := 0,
          projectiveGroupId := [ 36, 12 ],
          sourceCategory := "rank_at_least_15",
          sourceUndecidedCount := 0,
          symplecticPart := "D_12" ), rec(
          containmentPathEdgeNumbers := [  ],
          containmentPathKeys := 
           [ "rank-at-least-15-D_12-PGL-72-48-index-6-dimension-2" ],
          containmentPathPositions := [ 18 ],
          directTargetKey := fail,
          directTargetPosition := fail,
          disposition := "computed_saturated",
          familyDimension := 2,
          finalStatus := "computed_saturated",
          finalTargetKey := 
           "rank-at-least-15-D_12-PGL-72-48-index-6-dimension-2",
          finalTargetPosition := 18,
          fullIndex := 6,
          groupOrder := 216,
          inputPosition := 18,
          inputSaturationTag := "check",
          key := "rank-at-least-15-D_12-PGL-72-48-index-6-dimension-2",
          linearGroupId := [ 216, 174 ],
          pathUndecidedCount := 0,
          projectiveGroupId := [ 72, 48 ],
          sourceCategory := "rank_at_least_15",
          sourceUndecidedCount := 0,
          symplecticPart := "D_12" ), rec(
          containmentPathEdgeNumbers := [  ],
          containmentPathKeys := 
           [ "rank-at-least-15-D_12-PGL-72-30-index-6-dimension-1" ],
          containmentPathPositions := [ 19 ],
          directTargetKey := fail,
          directTargetPosition := fail,
          disposition := "computed_saturated",
          familyDimension := 1,
          finalStatus := "computed_saturated",
          finalTargetKey := 
           "rank-at-least-15-D_12-PGL-72-30-index-6-dimension-1",
          finalTargetPosition := 19,
          fullIndex := 6,
          groupOrder := 216,
          inputPosition := 19,
          inputSaturationTag := "check",
          key := "rank-at-least-15-D_12-PGL-72-30-index-6-dimension-1",
          linearGroupId := [ 216, 139 ],
          pathUndecidedCount := 0,
          projectiveGroupId := [ 72, 30 ],
          sourceCategory := "rank_at_least_15",
          sourceUndecidedCount := 0,
          symplecticPart := "D_12" ), rec(
          containmentPathEdgeNumbers := [  ],
          containmentPathKeys := 
           [ "rank-at-least-15-A_3,3-PGL-18-0-index-1-dimension-4" ],
          containmentPathPositions := [ 20 ],
          directTargetKey := fail,
          directTargetPosition := fail,
          disposition := "known_saturated",
          familyDimension := 4,
          finalStatus := "known_saturated",
          finalTargetKey := 
           "rank-at-least-15-A_3,3-PGL-18-0-index-1-dimension-4",
          finalTargetPosition := 20,
          fullIndex := 1,
          groupOrder := 54,
          inputPosition := 20,
          inputSaturationTag := "known_saturated",
          key := "rank-at-least-15-A_3,3-PGL-18-0-index-1-dimension-4",
          linearGroupId := [ 54, 8 ],
          pathUndecidedCount := 0,
          projectiveGroupId := [ 18, 0 ],
          sourceCategory := "rank_at_least_15",
          sourceUndecidedCount := 0,
          symplecticPart := "A_3,3" ), rec(
          containmentPathEdgeNumbers := [  ],
          containmentPathKeys := 
           [ "rank-at-least-15-A_3,3-PGL-36-0-index-2-dimension-4" ],
          containmentPathPositions := [ 21 ],
          directTargetKey := fail,
          directTargetPosition := fail,
          disposition := "known_saturated",
          familyDimension := 4,
          finalStatus := "known_saturated",
          finalTargetKey := 
           "rank-at-least-15-A_3,3-PGL-36-0-index-2-dimension-4",
          finalTargetPosition := 21,
          fullIndex := 2,
          groupOrder := 108,
          inputPosition := 21,
          inputSaturationTag := "known_saturated",
          key := "rank-at-least-15-A_3,3-PGL-36-0-index-2-dimension-4",
          linearGroupId := [ 108, 38 ],
          pathUndecidedCount := 0,
          projectiveGroupId := [ 36, 0 ],
          sourceCategory := "rank_at_least_15",
          sourceUndecidedCount := 0,
          symplecticPart := "A_3,3" ), rec(
          containmentPathEdgeNumbers := [  ],
          containmentPathKeys := 
           [ "rank-at-least-15-A_3,3-PGL-36-13-index-2-dimension-2" ],
          containmentPathPositions := [ 22 ],
          directTargetKey := fail,
          directTargetPosition := fail,
          disposition := "computed_saturated",
          familyDimension := 2,
          finalStatus := "computed_saturated",
          finalTargetKey := 
           "rank-at-least-15-A_3,3-PGL-36-13-index-2-dimension-2",
          finalTargetPosition := 22,
          fullIndex := 2,
          groupOrder := 108,
          inputPosition := 22,
          inputSaturationTag := "check",
          key := "rank-at-least-15-A_3,3-PGL-36-13-index-2-dimension-2",
          linearGroupId := [ 108, 28 ],
          pathUndecidedCount := 0,
          projectiveGroupId := [ 36, 13 ],
          sourceCategory := "rank_at_least_15",
          sourceUndecidedCount := 0,
          symplecticPart := "A_3,3" ), rec(
          containmentPathEdgeNumbers := [  ],
          containmentPathKeys := 
           [ "rank-at-least-15-A_3,3-PGL-54-5-index-3-dimension-1" ],
          containmentPathPositions := [ 23 ],
          directTargetKey := fail,
          directTargetPosition := fail,
          disposition := "computed_saturated",
          familyDimension := 1,
          finalStatus := "computed_saturated",
          finalTargetKey := 
           "rank-at-least-15-A_3,3-PGL-54-5-index-3-dimension-1",
          finalTargetPosition := 23,
          fullIndex := 3,
          groupOrder := 162,
          inputPosition := 23,
          inputSaturationTag := "check",
          key := "rank-at-least-15-A_3,3-PGL-54-5-index-3-dimension-1",
          linearGroupId := [ 162, 10 ],
          pathUndecidedCount := 0,
          projectiveGroupId := [ 54, 5 ],
          sourceCategory := "rank_at_least_15",
          sourceUndecidedCount := 0,
          symplecticPart := "A_3,3" ), rec(
          containmentPathEdgeNumbers := [  ],
          containmentPathKeys := 
           [ "rank-at-least-15-Q_8-PGL-8-0-index-1-dimension-3" ],
          containmentPathPositions := [ 24 ],
          directTargetKey := fail,
          directTargetPosition := fail,
          disposition := "known_saturated",
          familyDimension := 3,
          finalStatus := "known_saturated",
          finalTargetKey := "rank-at-least-15-Q_8-PGL-8-0-index-1-dimension-3"
           ,
          finalTargetPosition := 24,
          fullIndex := 1,
          groupOrder := 24,
          inputPosition := 24,
          inputSaturationTag := "known_saturated",
          key := "rank-at-least-15-Q_8-PGL-8-0-index-1-dimension-3",
          linearGroupId := [ 24, 11 ],
          pathUndecidedCount := 0,
          projectiveGroupId := [ 8, 0 ],
          sourceCategory := "rank_at_least_15",
          sourceUndecidedCount := 0,
          symplecticPart := "Q_8" ), rec(
          containmentPathEdgeNumbers := [  ],
          containmentPathKeys := 
           [ "rank-at-least-15-Q_8-PGL-16-13-index-2-dimension-2" ],
          containmentPathPositions := [ 25 ],
          directTargetKey := fail,
          directTargetPosition := fail,
          disposition := "computed_saturated",
          familyDimension := 2,
          finalStatus := "computed_saturated",
          finalTargetKey := 
           "rank-at-least-15-Q_8-PGL-16-13-index-2-dimension-2",
          finalTargetPosition := 25,
          fullIndex := 2,
          groupOrder := 48,
          inputPosition := 25,
          inputSaturationTag := "check",
          key := "rank-at-least-15-Q_8-PGL-16-13-index-2-dimension-2",
          linearGroupId := [ 48, 47 ],
          pathUndecidedCount := 0,
          projectiveGroupId := [ 16, 13 ],
          sourceCategory := "rank_at_least_15",
          sourceUndecidedCount := 0,
          symplecticPart := "Q_8" ), rec(
          containmentPathEdgeNumbers := [  ],
          containmentPathKeys := 
           [ "rank-at-least-15-Q_8-PGL-24-3-index-3-dimension-1" ],
          containmentPathPositions := [ 26 ],
          directTargetKey := fail,
          directTargetPosition := fail,
          disposition := "computed_saturated",
          familyDimension := 1,
          finalStatus := "computed_saturated",
          finalTargetKey := 
           "rank-at-least-15-Q_8-PGL-24-3-index-3-dimension-1",
          finalTargetPosition := 26,
          fullIndex := 3,
          groupOrder := 72,
          inputPosition := 26,
          inputSaturationTag := "check",
          key := "rank-at-least-15-Q_8-PGL-24-3-index-3-dimension-1",
          linearGroupId := [ 72, 25 ],
          pathUndecidedCount := 0,
          projectiveGroupId := [ 24, 3 ],
          sourceCategory := "rank_at_least_15",
          sourceUndecidedCount := 0,
          symplecticPart := "Q_8" ), rec(
          containmentPathEdgeNumbers := [  ],
          containmentPathKeys := 
           [ "rank-at-least-15-Q_8-PGL-32-11-index-4-dimension-1" ],
          containmentPathPositions := [ 27 ],
          directTargetKey := fail,
          directTargetPosition := fail,
          disposition := "computed_saturated",
          familyDimension := 1,
          finalStatus := "computed_saturated",
          finalTargetKey := 
           "rank-at-least-15-Q_8-PGL-32-11-index-4-dimension-1",
          finalTargetPosition := 27,
          fullIndex := 4,
          groupOrder := 96,
          inputPosition := 27,
          inputSaturationTag := "check",
          key := "rank-at-least-15-Q_8-PGL-32-11-index-4-dimension-1",
          linearGroupId := [ 96, 54 ],
          pathUndecidedCount := 0,
          projectiveGroupId := [ 32, 11 ],
          sourceCategory := "rank_at_least_15",
          sourceUndecidedCount := 0,
          symplecticPart := "Q_8" ), rec(
          containmentPathEdgeNumbers := [  ],
          containmentPathKeys := 
           [ "rank-at-least-15-S_4-PGL-48-0-index-2-dimension-3" ],
          containmentPathPositions := [ 28 ],
          directTargetKey := fail,
          directTargetPosition := fail,
          disposition := "known_saturated",
          familyDimension := 3,
          finalStatus := "known_saturated",
          finalTargetKey := 
           "rank-at-least-15-S_4-PGL-48-0-index-2-dimension-3",
          finalTargetPosition := 28,
          fullIndex := 2,
          groupOrder := 144,
          inputPosition := 28,
          inputSaturationTag := "known_saturated",
          key := "rank-at-least-15-S_4-PGL-48-0-index-2-dimension-3",
          linearGroupId := [ 144, 188 ],
          pathUndecidedCount := 0,
          projectiveGroupId := [ 48, 0 ],
          sourceCategory := "rank_at_least_15",
          sourceUndecidedCount := 0,
          symplecticPart := "S_4" ), rec(
          containmentPathEdgeNumbers := [  ],
          containmentPathKeys := 
           [ "rank-at-least-15-S_4-PGL-24-0-index-1-dimension-3" ],
          containmentPathPositions := [ 29 ],
          directTargetKey := fail,
          directTargetPosition := fail,
          disposition := "known_saturated",
          familyDimension := 3,
          finalStatus := "known_saturated",
          finalTargetKey := 
           "rank-at-least-15-S_4-PGL-24-0-index-1-dimension-3",
          finalTargetPosition := 29,
          fullIndex := 1,
          groupOrder := 72,
          inputPosition := 29,
          inputSaturationTag := "known_saturated",
          key := "rank-at-least-15-S_4-PGL-24-0-index-1-dimension-3",
          linearGroupId := [ 72, 42 ],
          pathUndecidedCount := 0,
          projectiveGroupId := [ 24, 0 ],
          sourceCategory := "rank_at_least_15",
          sourceUndecidedCount := 0,
          symplecticPart := "S_4" ), rec(
          containmentPathEdgeNumbers := [  ],
          containmentPathKeys := 
           [ "rank-at-least-15-S_4-PGL-48-48-index-2-dimension-2" ],
          containmentPathPositions := [ 30 ],
          directTargetKey := fail,
          directTargetPosition := fail,
          disposition := "computed_saturated",
          familyDimension := 2,
          finalStatus := "computed_saturated",
          finalTargetKey := 
           "rank-at-least-15-S_4-PGL-48-48-index-2-dimension-2",
          finalTargetPosition := 30,
          fullIndex := 2,
          groupOrder := 144,
          inputPosition := 30,
          inputSaturationTag := "check",
          key := "rank-at-least-15-S_4-PGL-48-48-index-2-dimension-2",
          linearGroupId := [ 144, 188 ],
          pathUndecidedCount := 0,
          projectiveGroupId := [ 48, 48 ],
          sourceCategory := "rank_at_least_15",
          sourceUndecidedCount := 0,
          symplecticPart := "S_4" ), rec(
          containmentPathEdgeNumbers := [  ],
          containmentPathKeys := 
           [ "rank-at-least-15-QD_16-PGL-16-0-index-1-dimension-2" ],
          containmentPathPositions := [ 31 ],
          directTargetKey := fail,
          directTargetPosition := fail,
          disposition := "known_saturated",
          familyDimension := 2,
          finalStatus := "known_saturated",
          finalTargetKey := 
           "rank-at-least-15-QD_16-PGL-16-0-index-1-dimension-2",
          finalTargetPosition := 31,
          fullIndex := 1,
          groupOrder := 48,
          inputPosition := 31,
          inputSaturationTag := "known_saturated",
          key := "rank-at-least-15-QD_16-PGL-16-0-index-1-dimension-2",
          linearGroupId := [ 48, 26 ],
          pathUndecidedCount := 0,
          projectiveGroupId := [ 16, 0 ],
          sourceCategory := "rank_at_least_15",
          sourceUndecidedCount := 0,
          symplecticPart := "QD_16" ), rec(
          containmentPathEdgeNumbers := [  ],
          containmentPathKeys := 
           [ "rank-at-least-15-QD_16-PGL-32-42-index-2-dimension-1" ],
          containmentPathPositions := [ 32 ],
          directTargetKey := fail,
          directTargetPosition := fail,
          disposition := "known_saturated",
          familyDimension := 1,
          finalStatus := "known_saturated",
          finalTargetKey := 
           "rank-at-least-15-QD_16-PGL-32-42-index-2-dimension-1",
          finalTargetPosition := 32,
          fullIndex := 2,
          groupOrder := 96,
          inputPosition := 32,
          inputSaturationTag := "known_saturated",
          key := "rank-at-least-15-QD_16-PGL-32-42-index-2-dimension-1",
          linearGroupId := [ 96, 182 ],
          pathUndecidedCount := 0,
          projectiveGroupId := [ 32, 42 ],
          sourceCategory := "rank_at_least_15",
          sourceUndecidedCount := 0,
          symplecticPart := "QD_16" ), rec(
          containmentPathEdgeNumbers := [  ],
          containmentPathKeys := 
           [ "rank-at-least-15-Hol_5-PGL-20-0-index-1-dimension-2" ],
          containmentPathPositions := [ 33 ],
          directTargetKey := fail,
          directTargetPosition := fail,
          disposition := "known_saturated",
          familyDimension := 2,
          finalStatus := "known_saturated",
          finalTargetKey := 
           "rank-at-least-15-Hol_5-PGL-20-0-index-1-dimension-2",
          finalTargetPosition := 33,
          fullIndex := 1,
          groupOrder := 60,
          inputPosition := 33,
          inputSaturationTag := "known_saturated",
          key := "rank-at-least-15-Hol_5-PGL-20-0-index-1-dimension-2",
          linearGroupId := [ 60, 6 ],
          pathUndecidedCount := 0,
          projectiveGroupId := [ 20, 0 ],
          sourceCategory := "rank_at_least_15",
          sourceUndecidedCount := 0,
          symplecticPart := "Hol_5" ), rec(
          containmentPathEdgeNumbers := [  ],
          containmentPathKeys := 
           [ "rank-at-least-15-F_21-PGL-21-0-index-1-dimension-2" ],
          containmentPathPositions := [ 34 ],
          directTargetKey := fail,
          directTargetPosition := fail,
          disposition := "known_saturated",
          familyDimension := 2,
          finalStatus := "known_saturated",
          finalTargetKey := 
           "rank-at-least-15-F_21-PGL-21-0-index-1-dimension-2",
          finalTargetPosition := 34,
          fullIndex := 1,
          groupOrder := 63,
          inputPosition := 34,
          inputSaturationTag := "known_saturated",
          key := "rank-at-least-15-F_21-PGL-21-0-index-1-dimension-2",
          linearGroupId := [ 63, 3 ],
          pathUndecidedCount := 0,
          projectiveGroupId := [ 21, 0 ],
          sourceCategory := "rank_at_least_15",
          sourceUndecidedCount := 0,
          symplecticPart := "F_21" ), rec(
          containmentPathEdgeNumbers := [  ],
          containmentPathKeys := 
           [ "rank-at-least-15-F_21-PGL-42-0-index-2-dimension-1" ],
          containmentPathPositions := [ 35 ],
          directTargetKey := fail,
          directTargetPosition := fail,
          disposition := "known_saturated",
          familyDimension := 1,
          finalStatus := "known_saturated",
          finalTargetKey := 
           "rank-at-least-15-F_21-PGL-42-0-index-2-dimension-1",
          finalTargetPosition := 35,
          fullIndex := 2,
          groupOrder := 126,
          inputPosition := 35,
          inputSaturationTag := "known_saturated",
          key := "rank-at-least-15-F_21-PGL-42-0-index-2-dimension-1",
          linearGroupId := [ 126, 7 ],
          pathUndecidedCount := 0,
          projectiveGroupId := [ 42, 0 ],
          sourceCategory := "rank_at_least_15",
          sourceUndecidedCount := 0,
          symplecticPart := "F_21" ), rec(
          containmentPathEdgeNumbers := [  ],
          containmentPathKeys := 
           [ "rank-at-least-15-F_21-PGL-126-0-index-6-dimension-0" ],
          containmentPathPositions := [ 36 ],
          directTargetKey := fail,
          directTargetPosition := fail,
          disposition := "known_saturated",
          familyDimension := 0,
          finalStatus := "known_saturated",
          finalTargetKey := 
           "rank-at-least-15-F_21-PGL-126-0-index-6-dimension-0",
          finalTargetPosition := 36,
          fullIndex := 6,
          groupOrder := 378,
          inputPosition := 36,
          inputSaturationTag := "known_saturated",
          key := "rank-at-least-15-F_21-PGL-126-0-index-6-dimension-0",
          linearGroupId := [ 378, 8 ],
          pathUndecidedCount := 0,
          projectiveGroupId := [ 126, 0 ],
          sourceCategory := "rank_at_least_15",
          sourceUndecidedCount := 0,
          symplecticPart := "F_21" ), rec(
          containmentPathEdgeNumbers := [  ],
          containmentPathKeys := 
           [ "rank-at-least-15-A_3,3-PGL-108-38-index-6-dimension-2" ],
          containmentPathPositions := [ 37 ],
          directTargetKey := fail,
          directTargetPosition := fail,
          disposition := "computed_saturated",
          familyDimension := 2,
          finalStatus := "computed_saturated",
          finalTargetKey := 
           "rank-at-least-15-A_3,3-PGL-108-38-index-6-dimension-2",
          finalTargetPosition := 37,
          fullIndex := 6,
          groupOrder := 324,
          inputPosition := 37,
          inputSaturationTag := "check",
          key := "rank-at-least-15-A_3,3-PGL-108-38-index-6-dimension-2",
          linearGroupId := [ 324, 165 ],
          pathUndecidedCount := 0,
          projectiveGroupId := [ 108, 38 ],
          sourceCategory := "rank_at_least_15",
          sourceUndecidedCount := 0,
          symplecticPart := "A_3,3" ), rec(
          containmentPathEdgeNumbers := [  ],
          containmentPathKeys := 
           [ 
              "rank-at-least-15-A_3,3-PGL-108-38-index-6-dimension-2-representat\
ion-2" ],
          containmentPathPositions := [ 38 ],
          directTargetKey := fail,
          directTargetPosition := fail,
          disposition := "computed_saturated",
          familyDimension := 2,
          finalStatus := "computed_saturated",
          finalTargetKey := 
           "rank-at-least-15-A_3,3-PGL-108-38-index-6-dimension-2-representati\
on-2",
          finalTargetPosition := 38,
          fullIndex := 6,
          groupOrder := 324,
          inputPosition := 38,
          inputSaturationTag := "check",
          key := 
           "rank-at-least-15-A_3,3-PGL-108-38-index-6-dimension-2-representati\
on-2",
          linearGroupId := [ 324, 165 ],
          pathUndecidedCount := 0,
          projectiveGroupId := [ 108, 38 ],
          sourceCategory := "rank_at_least_15",
          sourceUndecidedCount := 0,
          symplecticPart := "A_3,3" ), rec(
          containmentPathEdgeNumbers := [  ],
          containmentPathKeys := 
           [ "rank-at-least-15-S_3,3-PGL-72-46-index-2-dimension-2" ],
          containmentPathPositions := [ 39 ],
          directTargetKey := fail,
          directTargetPosition := fail,
          disposition := "known_saturated",
          familyDimension := 2,
          finalStatus := "known_saturated",
          finalTargetKey := 
           "rank-at-least-15-S_3,3-PGL-72-46-index-2-dimension-2",
          finalTargetPosition := 39,
          fullIndex := 2,
          groupOrder := 216,
          inputPosition := 39,
          inputSaturationTag := "known_saturated",
          key := "rank-at-least-15-S_3,3-PGL-72-46-index-2-dimension-2",
          linearGroupId := [ 216, 170 ],
          pathUndecidedCount := 0,
          projectiveGroupId := [ 72, 46 ],
          sourceCategory := "rank_at_least_15",
          sourceUndecidedCount := 0,
          symplecticPart := "S_3,3" ), rec(
          containmentPathEdgeNumbers := [  ],
          containmentPathKeys := 
           [ "rank-at-least-15-S_3,3-PGL-72-40-index-2-dimension-2" ],
          containmentPathPositions := [ 40 ],
          directTargetKey := fail,
          directTargetPosition := fail,
          disposition := "known_saturated",
          familyDimension := 2,
          finalStatus := "known_saturated",
          finalTargetKey := 
           "rank-at-least-15-S_3,3-PGL-72-40-index-2-dimension-2",
          finalTargetPosition := 40,
          fullIndex := 2,
          groupOrder := 216,
          inputPosition := 40,
          inputSaturationTag := "known_saturated",
          key := "rank-at-least-15-S_3,3-PGL-72-40-index-2-dimension-2",
          linearGroupId := [ 216, 157 ],
          pathUndecidedCount := 0,
          projectiveGroupId := [ 72, 40 ],
          sourceCategory := "rank_at_least_15",
          sourceUndecidedCount := 0,
          symplecticPart := "S_3,3" ), rec(
          containmentPathEdgeNumbers := [  ],
          containmentPathKeys := 
           [ "rank-at-least-15-S_3,3-PGL-216-170-index-6-dimension-1" ],
          containmentPathPositions := [ 41 ],
          directTargetKey := fail,
          directTargetPosition := fail,
          disposition := "computed_saturated",
          familyDimension := 1,
          finalStatus := "computed_saturated",
          finalTargetKey := 
           "rank-at-least-15-S_3,3-PGL-216-170-index-6-dimension-1",
          finalTargetPosition := 41,
          fullIndex := 6,
          groupOrder := 648,
          inputPosition := 41,
          inputSaturationTag := "check",
          key := "rank-at-least-15-S_3,3-PGL-216-170-index-6-dimension-1",
          linearGroupId := [ 648, 746 ],
          pathUndecidedCount := 0,
          projectiveGroupId := [ 216, 170 ],
          sourceCategory := "rank_at_least_15",
          sourceUndecidedCount := 0,
          symplecticPart := "S_3,3" ), rec(
          containmentPathEdgeNumbers := [  ],
          containmentPathKeys := 
           [ "rank-at-least-15-3^2.4-PGL-36-0-index-1-dimension-2" ],
          containmentPathPositions := [ 42 ],
          directTargetKey := fail,
          directTargetPosition := fail,
          disposition := "known_saturated",
          familyDimension := 2,
          finalStatus := "known_saturated",
          finalTargetKey := 
           "rank-at-least-15-3^2.4-PGL-36-0-index-1-dimension-2",
          finalTargetPosition := 42,
          fullIndex := 1,
          groupOrder := 108,
          inputPosition := 42,
          inputSaturationTag := "known_saturated",
          key := "rank-at-least-15-3^2.4-PGL-36-0-index-1-dimension-2",
          linearGroupId := [ 108, 15 ],
          pathUndecidedCount := 0,
          projectiveGroupId := [ 36, 0 ],
          sourceCategory := "rank_at_least_15",
          sourceUndecidedCount := 0,
          symplecticPart := "3^2.4" ), rec(
          containmentPathEdgeNumbers := [  ],
          containmentPathKeys := 
           [ "rank-at-least-15-3^2.4-PGL-72-40-index-2-dimension-2" ],
          containmentPathPositions := [ 43 ],
          directTargetKey := fail,
          directTargetPosition := fail,
          disposition := "known_saturated",
          familyDimension := 2,
          finalStatus := "known_saturated",
          finalTargetKey := 
           "rank-at-least-15-3^2.4-PGL-72-40-index-2-dimension-2",
          finalTargetPosition := 43,
          fullIndex := 2,
          groupOrder := 216,
          inputPosition := 43,
          inputSaturationTag := "known_saturated",
          key := "rank-at-least-15-3^2.4-PGL-72-40-index-2-dimension-2",
          linearGroupId := [ 216, 157 ],
          pathUndecidedCount := 0,
          projectiveGroupId := [ 72, 40 ],
          sourceCategory := "rank_at_least_15",
          sourceUndecidedCount := 0,
          symplecticPart := "3^2.4" ), rec(
          containmentPathEdgeNumbers := [  ],
          containmentPathKeys := 
           [ "rank-at-least-15-S_3,3-PGL-216-157-index-6-dimension-1" ],
          containmentPathPositions := [ 44 ],
          directTargetKey := fail,
          directTargetPosition := fail,
          disposition := "computed_saturated",
          familyDimension := 1,
          finalStatus := "computed_saturated",
          finalTargetKey := 
           "rank-at-least-15-S_3,3-PGL-216-157-index-6-dimension-1",
          finalTargetPosition := 44,
          fullIndex := 6,
          groupOrder := 648,
          inputPosition := 44,
          inputSaturationTag := "check",
          key := "rank-at-least-15-S_3,3-PGL-216-157-index-6-dimension-1",
          linearGroupId := [ 648, 718 ],
          pathUndecidedCount := 0,
          projectiveGroupId := [ 216, 157 ],
          sourceCategory := "rank_at_least_15",
          sourceUndecidedCount := 0,
          symplecticPart := "S_3,3" ), rec(
          containmentPathEdgeNumbers := [  ],
          containmentPathKeys := 
           [ "rank-at-least-15-A_5-PGL-120-0-index-2-dimension-2" ],
          containmentPathPositions := [ 45 ],
          directTargetKey := fail,
          directTargetPosition := fail,
          disposition := "known_saturated",
          familyDimension := 2,
          finalStatus := "known_saturated",
          finalTargetKey := 
           "rank-at-least-15-A_5-PGL-120-0-index-2-dimension-2",
          finalTargetPosition := 45,
          fullIndex := 2,
          groupOrder := 360,
          inputPosition := 45,
          inputSaturationTag := "known_saturated",
          key := "rank-at-least-15-A_5-PGL-120-0-index-2-dimension-2",
          linearGroupId := [ 360, 119 ],
          pathUndecidedCount := 0,
          projectiveGroupId := [ 120, 0 ],
          sourceCategory := "rank_at_least_15",
          sourceUndecidedCount := 0,
          symplecticPart := "A_5" ), rec(
          containmentPathEdgeNumbers := [  ],
          containmentPathKeys := 
           [ "rank-at-least-15-A_5-PGL-60-0-index-1-dimension-2" ],
          containmentPathPositions := [ 46 ],
          directTargetKey := fail,
          directTargetPosition := fail,
          disposition := "known_saturated",
          familyDimension := 2,
          finalStatus := "known_saturated",
          finalTargetKey := 
           "rank-at-least-15-A_5-PGL-60-0-index-1-dimension-2",
          finalTargetPosition := 46,
          fullIndex := 1,
          groupOrder := 180,
          inputPosition := 46,
          inputSaturationTag := "known_saturated",
          key := "rank-at-least-15-A_5-PGL-60-0-index-1-dimension-2",
          linearGroupId := [ 180, 19 ],
          pathUndecidedCount := 0,
          projectiveGroupId := [ 60, 0 ],
          sourceCategory := "rank_at_least_15",
          sourceUndecidedCount := 0,
          symplecticPart := "A_5" ), rec(
          containmentPathEdgeNumbers := [  ],
          containmentPathKeys := 
           [ "rank-at-least-15-A_5-PGL-180-19-index-3-dimension-1" ],
          containmentPathPositions := [ 47 ],
          directTargetKey := fail,
          directTargetPosition := fail,
          disposition := "computed_saturated",
          familyDimension := 1,
          finalStatus := "computed_saturated",
          finalTargetKey := 
           "rank-at-least-15-A_5-PGL-180-19-index-3-dimension-1",
          finalTargetPosition := 47,
          fullIndex := 3,
          groupOrder := 540,
          inputPosition := 47,
          inputSaturationTag := "check",
          key := "rank-at-least-15-A_5-PGL-180-19-index-3-dimension-1",
          linearGroupId := [ 540, 88 ],
          pathUndecidedCount := 0,
          projectiveGroupId := [ 180, 19 ],
          sourceCategory := "rank_at_least_15",
          sourceUndecidedCount := 0,
          symplecticPart := "A_5" ), rec(
          containmentPathEdgeNumbers := [  ],
          containmentPathKeys := 
           [ "rank-at-least-15-A_5-PGL-360-119-index-6-dimension-1" ],
          containmentPathPositions := [ 48 ],
          directTargetKey := fail,
          directTargetPosition := fail,
          disposition := "computed_saturated",
          familyDimension := 1,
          finalStatus := "computed_saturated",
          finalTargetKey := 
           "rank-at-least-15-A_5-PGL-360-119-index-6-dimension-1",
          finalTargetPosition := 48,
          fullIndex := 6,
          groupOrder := 1080,
          inputPosition := 48,
          inputSaturationTag := "check",
          key := "rank-at-least-15-A_5-PGL-360-119-index-6-dimension-1",
          linearGroupId := [ 1080, 490 ],
          pathUndecidedCount := 0,
          projectiveGroupId := [ 360, 119 ],
          sourceCategory := "rank_at_least_15",
          sourceUndecidedCount := 0,
          symplecticPart := "A_5" ), rec(
          containmentPathEdgeNumbers := [  ],
          containmentPathKeys := 
           [ "rank-at-least-15-A_4,3-PGL-144-0-index-2-dimension-2" ],
          containmentPathPositions := [ 49 ],
          directTargetKey := fail,
          directTargetPosition := fail,
          disposition := "known_saturated",
          familyDimension := 2,
          finalStatus := "known_saturated",
          finalTargetKey := 
           "rank-at-least-15-A_4,3-PGL-144-0-index-2-dimension-2",
          finalTargetPosition := 49,
          fullIndex := 2,
          groupOrder := 432,
          inputPosition := 49,
          inputSaturationTag := "known_saturated",
          key := "rank-at-least-15-A_4,3-PGL-144-0-index-2-dimension-2",
          linearGroupId := [ 432, 745 ],
          pathUndecidedCount := 0,
          projectiveGroupId := [ 144, 0 ],
          sourceCategory := "rank_at_least_15",
          sourceUndecidedCount := 0,
          symplecticPart := "A_4,3" ), rec(
          containmentPathEdgeNumbers := [  ],
          containmentPathKeys := 
           [ "rank-at-least-15-A_4,3-PGL-72-43-index-1-dimension-2" ],
          containmentPathPositions := [ 50 ],
          directTargetKey := fail,
          directTargetPosition := fail,
          disposition := "known_saturated",
          familyDimension := 2,
          finalStatus := "known_saturated",
          finalTargetKey := 
           "rank-at-least-15-A_4,3-PGL-72-43-index-1-dimension-2",
          finalTargetPosition := 50,
          fullIndex := 1,
          groupOrder := 216,
          inputPosition := 50,
          inputSaturationTag := "known_saturated",
          key := "rank-at-least-15-A_4,3-PGL-72-43-index-1-dimension-2",
          linearGroupId := [ 216, 95 ],
          pathUndecidedCount := 0,
          projectiveGroupId := [ 72, 43 ],
          sourceCategory := "rank_at_least_15",
          sourceUndecidedCount := 0,
          symplecticPart := "A_4,3" ), rec(
          containmentPathEdgeNumbers := [  ],
          containmentPathKeys := 
           [ "rank-at-least-15-A_4,3-PGL-144-189-index-2-dimension-1" ],
          containmentPathPositions := [ 51 ],
          directTargetKey := fail,
          directTargetPosition := fail,
          disposition := "computed_saturated",
          familyDimension := 1,
          finalStatus := "computed_saturated",
          finalTargetKey := 
           "rank-at-least-15-A_4,3-PGL-144-189-index-2-dimension-1",
          finalTargetPosition := 51,
          fullIndex := 2,
          groupOrder := 432,
          inputPosition := 51,
          inputSaturationTag := "check",
          key := "rank-at-least-15-A_4,3-PGL-144-189-index-2-dimension-1",
          linearGroupId := [ 432, 538 ],
          pathUndecidedCount := 0,
          projectiveGroupId := [ 144, 189 ],
          sourceCategory := "rank_at_least_15",
          sourceUndecidedCount := 0,
          symplecticPart := "A_4,3" ), rec(
          containmentPathEdgeNumbers := [  ],
          containmentPathKeys := 
           [ "rank-at-least-15-A_4,3-PGL-432-745-index-6-dimension-1" ],
          containmentPathPositions := [ 52 ],
          directTargetKey := fail,
          directTargetPosition := fail,
          disposition := "computed_saturated",
          familyDimension := 1,
          finalStatus := "computed_saturated",
          finalTargetKey := 
           "rank-at-least-15-A_4,3-PGL-432-745-index-6-dimension-1",
          finalTargetPosition := 52,
          fullIndex := 6,
          groupOrder := 1296,
          inputPosition := 52,
          inputSaturationTag := "check",
          key := "rank-at-least-15-A_4,3-PGL-432-745-index-6-dimension-1",
          linearGroupId := [ 1296, 3545 ],
          pathUndecidedCount := 0,
          projectiveGroupId := [ 432, 745 ],
          sourceCategory := "rank_at_least_15",
          sourceUndecidedCount := 0,
          symplecticPart := "A_4,3" ), rec(
          containmentPathEdgeNumbers := [  ],
          containmentPathKeys := 
           [ "rank-at-least-15-3^{1+4}:2-PGL-972-0-index-2-dimension-2" ],
          containmentPathPositions := [ 53 ],
          directTargetKey := fail,
          directTargetPosition := fail,
          disposition := "known_saturated",
          familyDimension := 2,
          finalStatus := "known_saturated",
          finalTargetKey := 
           "rank-at-least-15-3^{1+4}:2-PGL-972-0-index-2-dimension-2",
          finalTargetPosition := 53,
          fullIndex := 2,
          groupOrder := 2916,
          inputPosition := 53,
          inputSaturationTag := "known_saturated",
          key := "rank-at-least-15-3^{1+4}:2-PGL-972-0-index-2-dimension-2",
          linearGroupId := [ 2916, 0 ],
          pathUndecidedCount := 0,
          projectiveGroupId := [ 972, 0 ],
          sourceCategory := "rank_at_least_15",
          sourceUndecidedCount := 0,
          symplecticPart := "3^{1+4}:2" ), rec(
          containmentPathEdgeNumbers := [  ],
          containmentPathKeys := 
           [ "rank-at-least-15-3^{1+4}:2-PGL-1944-3493-index-4-dimension-1" ],
          containmentPathPositions := [ 54 ],
          directTargetKey := fail,
          directTargetPosition := fail,
          disposition := "known_saturated",
          familyDimension := 1,
          finalStatus := "known_saturated",
          finalTargetKey := 
           "rank-at-least-15-3^{1+4}:2-PGL-1944-3493-index-4-dimension-1",
          finalTargetPosition := 54,
          fullIndex := 4,
          groupOrder := 5832,
          inputPosition := 54,
          inputSaturationTag := "known_saturated",
          key := 
           "rank-at-least-15-3^{1+4}:2-PGL-1944-3493-index-4-dimension-1",
          linearGroupId := [ 5832, 0 ],
          pathUndecidedCount := 0,
          projectiveGroupId := [ 1944, 3493 ],
          sourceCategory := "rank_at_least_15",
          sourceUndecidedCount := 0,
          symplecticPart := "3^{1+4}:2" ), rec(
          containmentPathEdgeNumbers := [  ],
          containmentPathKeys := 
           [ "rank-at-least-15-3^{1+4}:2-PGL-2916-0-index-6-dimension-1" ],
          containmentPathPositions := [ 55 ],
          directTargetKey := fail,
          directTargetPosition := fail,
          disposition := "known_saturated",
          familyDimension := 1,
          finalStatus := "known_saturated",
          finalTargetKey := 
           "rank-at-least-15-3^{1+4}:2-PGL-2916-0-index-6-dimension-1",
          finalTargetPosition := 55,
          fullIndex := 6,
          groupOrder := 8748,
          inputPosition := 55,
          inputSaturationTag := "known_saturated",
          key := "rank-at-least-15-3^{1+4}:2-PGL-2916-0-index-6-dimension-1",
          linearGroupId := [ 8748, 0 ],
          pathUndecidedCount := 0,
          projectiveGroupId := [ 2916, 0 ],
          sourceCategory := "rank_at_least_15",
          sourceUndecidedCount := 0,
          symplecticPart := "3^{1+4}:2" ), rec(
          containmentPathEdgeNumbers := [  ],
          containmentPathKeys := 
           [ "rank-at-least-15-3^{1+4}:2-PGL-5832-0-index-12-dimension-0" ],
          containmentPathPositions := [ 56 ],
          directTargetKey := fail,
          directTargetPosition := fail,
          disposition := "known_saturated",
          familyDimension := 0,
          finalStatus := "known_saturated",
          finalTargetKey := 
           "rank-at-least-15-3^{1+4}:2-PGL-5832-0-index-12-dimension-0",
          finalTargetPosition := 56,
          fullIndex := 12,
          groupOrder := 17496,
          inputPosition := 56,
          inputSaturationTag := "known_saturated",
          key := "rank-at-least-15-3^{1+4}:2-PGL-5832-0-index-12-dimension-0",
          linearGroupId := [ 17496, 0 ],
          pathUndecidedCount := 0,
          projectiveGroupId := [ 5832, 0 ],
          sourceCategory := "rank_at_least_15",
          sourceUndecidedCount := 0,
          symplecticPart := "3^{1+4}:2" ), rec(
          containmentPathEdgeNumbers := [  ],
          containmentPathKeys := 
           [ "rank-at-least-15-T_48-PGL-48-0-index-1-dimension-1" ],
          containmentPathPositions := [ 57 ],
          directTargetKey := fail,
          directTargetPosition := fail,
          disposition := "known_saturated",
          familyDimension := 1,
          finalStatus := "known_saturated",
          finalTargetKey := 
           "rank-at-least-15-T_48-PGL-48-0-index-1-dimension-1",
          finalTargetPosition := 57,
          fullIndex := 1,
          groupOrder := 144,
          inputPosition := 57,
          inputSaturationTag := "known_saturated",
          key := "rank-at-least-15-T_48-PGL-48-0-index-1-dimension-1",
          linearGroupId := [ 144, 122 ],
          pathUndecidedCount := 0,
          projectiveGroupId := [ 48, 0 ],
          sourceCategory := "rank_at_least_15",
          sourceUndecidedCount := 0,
          symplecticPart := "T_48" ), rec(
          containmentPathEdgeNumbers := [  ],
          containmentPathKeys := 
           [ "rank-at-least-15-N_72-PGL-144-186-index-2-dimension-1" ],
          containmentPathPositions := [ 58 ],
          directTargetKey := fail,
          directTargetPosition := fail,
          disposition := "known_saturated",
          familyDimension := 1,
          finalStatus := "known_saturated",
          finalTargetKey := 
           "rank-at-least-15-N_72-PGL-144-186-index-2-dimension-1",
          finalTargetPosition := 58,
          fullIndex := 2,
          groupOrder := 432,
          inputPosition := 58,
          inputSaturationTag := "known_saturated",
          key := "rank-at-least-15-N_72-PGL-144-186-index-2-dimension-1",
          linearGroupId := [ 432, 754 ],
          pathUndecidedCount := 0,
          projectiveGroupId := [ 144, 186 ],
          sourceCategory := "rank_at_least_15",
          sourceUndecidedCount := 0,
          symplecticPart := "N_72" ), rec(
          containmentPathEdgeNumbers := [  ],
          containmentPathKeys := 
           [ "rank-at-least-15-M_9-PGL-72-41-index-1-dimension-1" ],
          containmentPathPositions := [ 59 ],
          directTargetKey := fail,
          directTargetPosition := fail,
          disposition := "known_saturated",
          familyDimension := 1,
          finalStatus := "known_saturated",
          finalTargetKey := 
           "rank-at-least-15-M_9-PGL-72-41-index-1-dimension-1",
          finalTargetPosition := 59,
          fullIndex := 1,
          groupOrder := 216,
          inputPosition := 59,
          inputSaturationTag := "known_saturated",
          key := "rank-at-least-15-M_9-PGL-72-41-index-1-dimension-1",
          linearGroupId := [ 216, 88 ],
          pathUndecidedCount := 0,
          projectiveGroupId := [ 72, 41 ],
          sourceCategory := "rank_at_least_15",
          sourceUndecidedCount := 0,
          symplecticPart := "M_9" ), rec(
          containmentPathEdgeNumbers := [  ],
          containmentPathKeys := 
           [ "rank-at-least-15-M_9-PGL-216-0-index-3-dimension-0" ],
          containmentPathPositions := [ 60 ],
          directTargetKey := fail,
          directTargetPosition := fail,
          disposition := "known_saturated",
          familyDimension := 0,
          finalStatus := "known_saturated",
          finalTargetKey := 
           "rank-at-least-15-M_9-PGL-216-0-index-3-dimension-0",
          finalTargetPosition := 60,
          fullIndex := 3,
          groupOrder := 648,
          inputPosition := 60,
          inputSaturationTag := "known_saturated",
          key := "rank-at-least-15-M_9-PGL-216-0-index-3-dimension-0",
          linearGroupId := [ 648, 533 ],
          pathUndecidedCount := 0,
          projectiveGroupId := [ 216, 0 ],
          sourceCategory := "rank_at_least_15",
          sourceUndecidedCount := 0,
          symplecticPart := "M_9" ), rec(
          containmentPathEdgeNumbers := [  ],
          containmentPathKeys := 
           [ "rank-at-least-15-S_5-PGL-240-0-index-2-dimension-1" ],
          containmentPathPositions := [ 61 ],
          directTargetKey := fail,
          directTargetPosition := fail,
          disposition := "known_saturated",
          familyDimension := 1,
          finalStatus := "known_saturated",
          finalTargetKey := 
           "rank-at-least-15-S_5-PGL-240-0-index-2-dimension-1",
          finalTargetPosition := 61,
          fullIndex := 2,
          groupOrder := 720,
          inputPosition := 61,
          inputSaturationTag := "known_saturated",
          key := "rank-at-least-15-S_5-PGL-240-0-index-2-dimension-1",
          linearGroupId := [ 720, 769 ],
          pathUndecidedCount := 0,
          projectiveGroupId := [ 240, 0 ],
          sourceCategory := "rank_at_least_15",
          sourceUndecidedCount := 0,
          symplecticPart := "S_5" ), rec(
          containmentPathEdgeNumbers := [  ],
          containmentPathKeys := 
           [ "rank-at-least-15-S_5-PGL-120-0-index-1-dimension-1" ],
          containmentPathPositions := [ 62 ],
          directTargetKey := fail,
          directTargetPosition := fail,
          disposition := "known_saturated",
          familyDimension := 1,
          finalStatus := "known_saturated",
          finalTargetKey := 
           "rank-at-least-15-S_5-PGL-120-0-index-1-dimension-1",
          finalTargetPosition := 62,
          fullIndex := 1,
          groupOrder := 360,
          inputPosition := 62,
          inputSaturationTag := "known_saturated",
          key := "rank-at-least-15-S_5-PGL-120-0-index-1-dimension-1",
          linearGroupId := [ 360, 119 ],
          pathUndecidedCount := 0,
          projectiveGroupId := [ 120, 0 ],
          sourceCategory := "rank_at_least_15",
          sourceUndecidedCount := 0,
          symplecticPart := "S_5" ), rec(
          containmentPathEdgeNumbers := [  ],
          containmentPathKeys := 
           [ "rank-at-least-15-PSL(2,7)-PGL-168-0-index-1-dimension-1" ],
          containmentPathPositions := [ 63 ],
          directTargetKey := fail,
          directTargetPosition := fail,
          disposition := "known_saturated",
          familyDimension := 1,
          finalStatus := "known_saturated",
          finalTargetKey := 
           "rank-at-least-15-PSL(2,7)-PGL-168-0-index-1-dimension-1",
          finalTargetPosition := 63,
          fullIndex := 1,
          groupOrder := 504,
          inputPosition := 63,
          inputSaturationTag := "known_saturated",
          key := "rank-at-least-15-PSL(2,7)-PGL-168-0-index-1-dimension-1",
          linearGroupId := [ 504, 157 ],
          pathUndecidedCount := 0,
          projectiveGroupId := [ 168, 0 ],
          sourceCategory := "rank_at_least_15",
          sourceUndecidedCount := 0,
          symplecticPart := "PSL(2,7)" ), rec(
          containmentPathEdgeNumbers := [  ],
          containmentPathKeys := 
           [ "rank-at-least-15-PSL(2,7)-PGL-336-0-index-2-dimension-0" ],
          containmentPathPositions := [ 64 ],
          directTargetKey := fail,
          directTargetPosition := fail,
          disposition := "known_saturated",
          familyDimension := 0,
          finalStatus := "known_saturated",
          finalTargetKey := 
           "rank-at-least-15-PSL(2,7)-PGL-336-0-index-2-dimension-0",
          finalTargetPosition := 64,
          fullIndex := 2,
          groupOrder := 1008,
          inputPosition := 64,
          inputSaturationTag := "known_saturated",
          key := "rank-at-least-15-PSL(2,7)-PGL-336-0-index-2-dimension-0",
          linearGroupId := [ 1008, 882 ],
          pathUndecidedCount := 0,
          projectiveGroupId := [ 336, 0 ],
          sourceCategory := "rank_at_least_15",
          sourceUndecidedCount := 0,
          symplecticPart := "PSL(2,7)" ), rec(
          containmentPathEdgeNumbers := [  ],
          containmentPathKeys := 
           [ 
              "rank-at-least-15-PSL(2,7)-PGL-336-0-index-2-dimension-0-represent\
ation-2" ],
          containmentPathPositions := [ 65 ],
          directTargetKey := fail,
          directTargetPosition := fail,
          disposition := "known_saturated",
          familyDimension := 0,
          finalStatus := "known_saturated",
          finalTargetKey := 
           "rank-at-least-15-PSL(2,7)-PGL-336-0-index-2-dimension-0-representa\
tion-2",
          finalTargetPosition := 65,
          fullIndex := 2,
          groupOrder := 1008,
          inputPosition := 65,
          inputSaturationTag := "known_saturated",
          key := 
           "rank-at-least-15-PSL(2,7)-PGL-336-0-index-2-dimension-0-representa\
tion-2",
          linearGroupId := [ 1008, 882 ],
          pathUndecidedCount := 0,
          projectiveGroupId := [ 336, 0 ],
          sourceCategory := "rank_at_least_15",
          sourceUndecidedCount := 0,
          symplecticPart := "PSL(2,7)" ), rec(
          containmentPathEdgeNumbers := [  ],
          containmentPathKeys := 
           [ "rank-at-least-15-A_6-PGL-720-0-index-2-dimension-1" ],
          containmentPathPositions := [ 66 ],
          directTargetKey := fail,
          directTargetPosition := fail,
          disposition := "known_saturated",
          familyDimension := 1,
          finalStatus := "known_saturated",
          finalTargetKey := 
           "rank-at-least-15-A_6-PGL-720-0-index-2-dimension-1",
          finalTargetPosition := 66,
          fullIndex := 2,
          groupOrder := 2160,
          inputPosition := 66,
          inputSaturationTag := "known_saturated",
          key := "rank-at-least-15-A_6-PGL-720-0-index-2-dimension-1",
          linearGroupId := [ 2160, 0 ],
          pathUndecidedCount := 0,
          projectiveGroupId := [ 720, 0 ],
          sourceCategory := "rank_at_least_15",
          sourceUndecidedCount := 0,
          symplecticPart := "A_6" ), rec(
          containmentPathEdgeNumbers := [  ],
          containmentPathKeys := 
           [ "rank-at-least-15-A_6-PGL-360-0-index-1-dimension-1" ],
          containmentPathPositions := [ 67 ],
          directTargetKey := fail,
          directTargetPosition := fail,
          disposition := "known_saturated",
          familyDimension := 1,
          finalStatus := "known_saturated",
          finalTargetKey := 
           "rank-at-least-15-A_6-PGL-360-0-index-1-dimension-1",
          finalTargetPosition := 67,
          fullIndex := 1,
          groupOrder := 1080,
          inputPosition := 67,
          inputSaturationTag := "known_saturated",
          key := "rank-at-least-15-A_6-PGL-360-0-index-1-dimension-1",
          linearGroupId := [ 1080, 260 ],
          pathUndecidedCount := 0,
          projectiveGroupId := [ 360, 0 ],
          sourceCategory := "rank_at_least_15",
          sourceUndecidedCount := 0,
          symplecticPart := "A_6" ), rec(
          containmentPathEdgeNumbers := [  ],
          containmentPathKeys := 
           [ "rank-at-least-15-3^{1+4}:2.2-PGL-1944-0-index-2-dimension-1" ],
          containmentPathPositions := [ 68 ],
          directTargetKey := fail,
          directTargetPosition := fail,
          disposition := "known_saturated",
          familyDimension := 1,
          finalStatus := "known_saturated",
          finalTargetKey := 
           "rank-at-least-15-3^{1+4}:2.2-PGL-1944-0-index-2-dimension-1",
          finalTargetPosition := 68,
          fullIndex := 2,
          groupOrder := 5832,
          inputPosition := 68,
          inputSaturationTag := "known_saturated",
          key := "rank-at-least-15-3^{1+4}:2.2-PGL-1944-0-index-2-dimension-1"
           ,
          linearGroupId := [ 5832, 0 ],
          pathUndecidedCount := 0,
          projectiveGroupId := [ 1944, 0 ],
          sourceCategory := "rank_at_least_15",
          sourceUndecidedCount := 0,
          symplecticPart := "3^{1+4}:2.2" ), rec(
          containmentPathEdgeNumbers := [  ],
          containmentPathKeys := 
           [ "rank-at-least-15-A_3,5-PGL-2160-0-index-6-dimension-0" ],
          containmentPathPositions := [ 69 ],
          directTargetKey := fail,
          directTargetPosition := fail,
          disposition := "known_saturated",
          familyDimension := 0,
          finalStatus := "known_saturated",
          finalTargetKey := 
           "rank-at-least-15-A_3,5-PGL-2160-0-index-6-dimension-0",
          finalTargetPosition := 69,
          fullIndex := 6,
          groupOrder := 6480,
          inputPosition := 69,
          inputSaturationTag := "known_saturated",
          key := "rank-at-least-15-A_3,5-PGL-2160-0-index-6-dimension-0",
          linearGroupId := [ 6480, 0 ],
          pathUndecidedCount := 0,
          projectiveGroupId := [ 2160, 0 ],
          sourceCategory := "rank_at_least_15",
          sourceUndecidedCount := 0,
          symplecticPart := "A_3,5" ), rec(
          containmentPathEdgeNumbers := [  ],
          containmentPathKeys := 
           [ "rank-at-least-15-L_2(11)-PGL-1980-0-index-3-dimension-0" ],
          containmentPathPositions := [ 70 ],
          directTargetKey := fail,
          directTargetPosition := fail,
          disposition := "known_saturated",
          familyDimension := 0,
          finalStatus := "known_saturated",
          finalTargetKey := 
           "rank-at-least-15-L_2(11)-PGL-1980-0-index-3-dimension-0",
          finalTargetPosition := 70,
          fullIndex := 3,
          groupOrder := 5940,
          inputPosition := 70,
          inputSaturationTag := "known_saturated",
          key := "rank-at-least-15-L_2(11)-PGL-1980-0-index-3-dimension-0",
          linearGroupId := [ 5940, 0 ],
          pathUndecidedCount := 0,
          projectiveGroupId := [ 1980, 0 ],
          sourceCategory := "rank_at_least_15",
          sourceUndecidedCount := 0,
          symplecticPart := "L_2(11)" ), rec(
          containmentPathEdgeNumbers := [  ],
          containmentPathKeys := 
           [ "rank-at-least-15-M_10-PGL-720-0-index-1-dimension-0" ],
          containmentPathPositions := [ 71 ],
          directTargetKey := fail,
          directTargetPosition := fail,
          disposition := "known_saturated",
          familyDimension := 0,
          finalStatus := "known_saturated",
          finalTargetKey := 
           "rank-at-least-15-M_10-PGL-720-0-index-1-dimension-0",
          finalTargetPosition := 71,
          fullIndex := 1,
          groupOrder := 2160,
          inputPosition := 71,
          inputSaturationTag := "known_saturated",
          key := "rank-at-least-15-M_10-PGL-720-0-index-1-dimension-0",
          linearGroupId := [ 2160, 0 ],
          pathUndecidedCount := 0,
          projectiveGroupId := [ 720, 0 ],
          sourceCategory := "rank_at_least_15",
          sourceUndecidedCount := 0,
          symplecticPart := "M_10" ), rec(
          containmentPathEdgeNumbers := [  ],
          containmentPathKeys := 
           [ 
              "rank-at-least-15-M_10-PGL-720-0-index-1-dimension-0-representatio\
n-2" ],
          containmentPathPositions := [ 72 ],
          directTargetKey := fail,
          directTargetPosition := fail,
          disposition := "known_saturated",
          familyDimension := 0,
          finalStatus := "known_saturated",
          finalTargetKey := 
           "rank-at-least-15-M_10-PGL-720-0-index-1-dimension-0-representation\
-2",
          finalTargetPosition := 72,
          fullIndex := 1,
          groupOrder := 2160,
          inputPosition := 72,
          inputSaturationTag := "known_saturated",
          key := 
           "rank-at-least-15-M_10-PGL-720-0-index-1-dimension-0-representation\
-2",
          linearGroupId := [ 2160, 0 ],
          pathUndecidedCount := 0,
          projectiveGroupId := [ 720, 0 ],
          sourceCategory := "rank_at_least_15",
          sourceUndecidedCount := 0,
          symplecticPart := "M_10" ), rec(
          containmentPathEdgeNumbers := [  ],
          containmentPathKeys := 
           [ "rank-at-least-15-3^{1+4}:2.2^2-PGL-7776-0-index-4-dimension-0" ]
           ,
          containmentPathPositions := [ 73 ],
          directTargetKey := fail,
          directTargetPosition := fail,
          disposition := "known_saturated",
          familyDimension := 0,
          finalStatus := "known_saturated",
          finalTargetKey := 
           "rank-at-least-15-3^{1+4}:2.2^2-PGL-7776-0-index-4-dimension-0",
          finalTargetPosition := 73,
          fullIndex := 4,
          groupOrder := 23328,
          inputPosition := 73,
          inputSaturationTag := "known_saturated",
          key := 
           "rank-at-least-15-3^{1+4}:2.2^2-PGL-7776-0-index-4-dimension-0",
          linearGroupId := [ 23328, 0 ],
          pathUndecidedCount := 0,
          projectiveGroupId := [ 7776, 0 ],
          sourceCategory := "rank_at_least_15",
          sourceUndecidedCount := 0,
          symplecticPart := "3^{1+4}:2.2^2" ), rec(
          containmentPathEdgeNumbers := [  ],
          containmentPathKeys := 
           [ "rank-at-least-15-A_7-PGL-2520-0-index-1-dimension-0" ],
          containmentPathPositions := [ 74 ],
          directTargetKey := fail,
          directTargetPosition := fail,
          disposition := "known_saturated",
          familyDimension := 0,
          finalStatus := "known_saturated",
          finalTargetKey := 
           "rank-at-least-15-A_7-PGL-2520-0-index-1-dimension-0",
          finalTargetPosition := 74,
          fullIndex := 1,
          groupOrder := 7560,
          inputPosition := 74,
          inputSaturationTag := "known_saturated",
          key := "rank-at-least-15-A_7-PGL-2520-0-index-1-dimension-0",
          linearGroupId := [ 7560, 0 ],
          pathUndecidedCount := 0,
          projectiveGroupId := [ 2520, 0 ],
          sourceCategory := "rank_at_least_15",
          sourceUndecidedCount := 0,
          symplecticPart := "A_7" ), rec(
          containmentPathEdgeNumbers := [  ],
          containmentPathKeys := 
           [ "rank-at-least-15-A_7-PGL-5040-0-index-2-dimension-0" ],
          containmentPathPositions := [ 75 ],
          directTargetKey := fail,
          directTargetPosition := fail,
          disposition := "known_saturated",
          familyDimension := 0,
          finalStatus := "known_saturated",
          finalTargetKey := 
           "rank-at-least-15-A_7-PGL-5040-0-index-2-dimension-0",
          finalTargetPosition := 75,
          fullIndex := 2,
          groupOrder := 15120,
          inputPosition := 75,
          inputSaturationTag := "known_saturated",
          key := "rank-at-least-15-A_7-PGL-5040-0-index-2-dimension-0",
          linearGroupId := [ 15120, 0 ],
          pathUndecidedCount := 0,
          projectiveGroupId := [ 5040, 0 ],
          sourceCategory := "rank_at_least_15",
          sourceUndecidedCount := 0,
          symplecticPart := "A_7" ), rec(
          containmentPathEdgeNumbers := [  ],
          containmentPathKeys := 
           [ "rank-at-least-15-3^4:A_6-PGL-174960-0-index-6-dimension-0" ],
          containmentPathPositions := [ 76 ],
          directTargetKey := fail,
          directTargetPosition := fail,
          disposition := "known_saturated",
          familyDimension := 0,
          finalStatus := "known_saturated",
          finalTargetKey := 
           "rank-at-least-15-3^4:A_6-PGL-174960-0-index-6-dimension-0",
          finalTargetPosition := 76,
          fullIndex := 6,
          groupOrder := 524880,
          inputPosition := 76,
          inputSaturationTag := "known_saturated",
          key := "rank-at-least-15-3^4:A_6-PGL-174960-0-index-6-dimension-0",
          linearGroupId := [ 524880, 0 ],
          pathUndecidedCount := 0,
          projectiveGroupId := [ 174960, 0 ],
          sourceCategory := "rank_at_least_15",
          sourceUndecidedCount := 0,
          symplecticPart := "3^4:A_6" ), rec(
          containmentPathEdgeNumbers := [  ],
          containmentPathKeys := 
           [ "liftable-abelian-1-PGL-48-2-index-48-dimension-0" ],
          containmentPathPositions := [ 77 ],
          directTargetKey := fail,
          directTargetPosition := fail,
          disposition := "known_saturated",
          familyDimension := 0,
          finalStatus := "known_saturated",
          finalTargetKey := "liftable-abelian-1-PGL-48-2-index-48-dimension-0"
           ,
          finalTargetPosition := 77,
          fullIndex := 48,
          groupOrder := 144,
          inputPosition := 77,
          inputSaturationTag := "known_saturated",
          key := "liftable-abelian-1-PGL-48-2-index-48-dimension-0",
          linearGroupId := [ 144, 30 ],
          pathUndecidedCount := 0,
          projectiveGroupId := [ 48, 2 ],
          sourceCategory := "liftable_abelian",
          sourceUndecidedCount := 0,
          symplecticPart := "1" ), rec(
          containmentPathEdgeNumbers := [  ],
          containmentPathKeys := 
           [ "liftable-abelian-1-PGL-32-1-index-32-dimension-0" ],
          containmentPathPositions := [ 78 ],
          directTargetKey := fail,
          directTargetPosition := fail,
          disposition := "known_saturated",
          familyDimension := 0,
          finalStatus := "known_saturated",
          finalTargetKey := "liftable-abelian-1-PGL-32-1-index-32-dimension-0"
           ,
          finalTargetPosition := 78,
          fullIndex := 32,
          groupOrder := 96,
          inputPosition := 78,
          inputSaturationTag := "known_saturated",
          key := "liftable-abelian-1-PGL-32-1-index-32-dimension-0",
          linearGroupId := [ 96, 2 ],
          pathUndecidedCount := 0,
          projectiveGroupId := [ 32, 1 ],
          sourceCategory := "liftable_abelian",
          sourceUndecidedCount := 0,
          symplecticPart := "1" ), rec(
          containmentPathEdgeNumbers := [  ],
          containmentPathKeys := 
           [ "liftable-abelian-1-PGL-1-1-index-1-dimension-20" ],
          containmentPathPositions := [ 79 ],
          directTargetKey := fail,
          directTargetPosition := fail,
          disposition := "known_saturated",
          familyDimension := 20,
          finalStatus := "known_saturated",
          finalTargetKey := "liftable-abelian-1-PGL-1-1-index-1-dimension-20",
          finalTargetPosition := 79,
          fullIndex := 1,
          groupOrder := 3,
          inputPosition := 79,
          inputSaturationTag := "known_saturated",
          key := "liftable-abelian-1-PGL-1-1-index-1-dimension-20",
          linearGroupId := [ 3, 1 ],
          pathUndecidedCount := 0,
          projectiveGroupId := [ 1, 1 ],
          sourceCategory := "liftable_abelian",
          sourceUndecidedCount := 0,
          symplecticPart := "1" ), rec(
          containmentPathEdgeNumbers := [  ],
          containmentPathKeys := 
           [ "liftable-abelian-1-PGL-2-1-index-2-dimension-14" ],
          containmentPathPositions := [ 80 ],
          directTargetKey := fail,
          directTargetPosition := fail,
          disposition := "computed_saturated",
          familyDimension := 14,
          finalStatus := "computed_saturated",
          finalTargetKey := "liftable-abelian-1-PGL-2-1-index-2-dimension-14",
          finalTargetPosition := 80,
          fullIndex := 2,
          groupOrder := 6,
          inputPosition := 80,
          inputSaturationTag := "check",
          key := "liftable-abelian-1-PGL-2-1-index-2-dimension-14",
          linearGroupId := [ 6, 2 ],
          pathUndecidedCount := 0,
          projectiveGroupId := [ 2, 1 ],
          sourceCategory := "liftable_abelian",
          sourceUndecidedCount := 0,
          symplecticPart := "1" ), rec(
          containmentPathEdgeNumbers := [  ],
          containmentPathKeys := 
           [ "liftable-abelian-C2-PGL-2-1-index-1-dimension-12" ],
          containmentPathPositions := [ 81 ],
          directTargetKey := fail,
          directTargetPosition := fail,
          disposition := "known_saturated",
          familyDimension := 12,
          finalStatus := "known_saturated",
          finalTargetKey := "liftable-abelian-C2-PGL-2-1-index-1-dimension-12"
           ,
          finalTargetPosition := 81,
          fullIndex := 1,
          groupOrder := 6,
          inputPosition := 81,
          inputSaturationTag := "known_saturated",
          key := "liftable-abelian-C2-PGL-2-1-index-1-dimension-12",
          linearGroupId := [ 6, 2 ],
          pathUndecidedCount := 0,
          projectiveGroupId := [ 2, 1 ],
          sourceCategory := "liftable_abelian",
          sourceUndecidedCount := 0,
          symplecticPart := "C2" ), rec(
          containmentPathEdgeNumbers := [  ],
          containmentPathKeys := 
           [ "liftable-abelian-C2-PGL-4-2-index-2-dimension-10" ],
          containmentPathPositions := [ 82 ],
          directTargetKey := fail,
          directTargetPosition := fail,
          disposition := "computed_saturated",
          familyDimension := 10,
          finalStatus := "computed_saturated",
          finalTargetKey := "liftable-abelian-C2-PGL-4-2-index-2-dimension-10"
           ,
          finalTargetPosition := 82,
          fullIndex := 2,
          groupOrder := 12,
          inputPosition := 82,
          inputSaturationTag := "check",
          key := "liftable-abelian-C2-PGL-4-2-index-2-dimension-10",
          linearGroupId := [ 12, 5 ],
          pathUndecidedCount := 0,
          projectiveGroupId := [ 4, 2 ],
          sourceCategory := "liftable_abelian",
          sourceUndecidedCount := 0,
          symplecticPart := "C2" ), rec(
          containmentPathEdgeNumbers := [  ],
          containmentPathKeys := 
           [ "liftable-abelian-1-PGL-3-1-index-3-dimension-10" ],
          containmentPathPositions := [ 83 ],
          directTargetKey := fail,
          directTargetPosition := fail,
          disposition := "computed_saturated",
          familyDimension := 10,
          finalStatus := "computed_saturated",
          finalTargetKey := "liftable-abelian-1-PGL-3-1-index-3-dimension-10",
          finalTargetPosition := 83,
          fullIndex := 3,
          groupOrder := 9,
          inputPosition := 83,
          inputSaturationTag := "check",
          key := "liftable-abelian-1-PGL-3-1-index-3-dimension-10",
          linearGroupId := [ 9, 2 ],
          pathUndecidedCount := 0,
          projectiveGroupId := [ 3, 1 ],
          sourceCategory := "liftable_abelian",
          sourceUndecidedCount := 0,
          symplecticPart := "1" ), rec(
          containmentPathEdgeNumbers := [  ],
          containmentPathKeys := 
           [ "liftable-abelian-1-PGL-2-1-index-2-dimension-10" ],
          containmentPathPositions := [ 84 ],
          directTargetKey := fail,
          directTargetPosition := fail,
          disposition := "computed_saturated",
          familyDimension := 10,
          finalStatus := "computed_saturated",
          finalTargetKey := "liftable-abelian-1-PGL-2-1-index-2-dimension-10",
          finalTargetPosition := 84,
          fullIndex := 2,
          groupOrder := 6,
          inputPosition := 84,
          inputSaturationTag := "check",
          key := "liftable-abelian-1-PGL-2-1-index-2-dimension-10",
          linearGroupId := [ 6, 2 ],
          pathUndecidedCount := 0,
          projectiveGroupId := [ 2, 1 ],
          sourceCategory := "liftable_abelian",
          sourceUndecidedCount := 0,
          symplecticPart := "1" ), rec(
          containmentPathEdgeNumbers := [  ],
          containmentPathKeys := 
           [ "liftable-abelian-C2-PGL-4-2-index-2-dimension-8" ],
          containmentPathPositions := [ 85 ],
          directTargetKey := fail,
          directTargetPosition := fail,
          disposition := "computed_saturated",
          familyDimension := 8,
          finalStatus := "computed_saturated",
          finalTargetKey := "liftable-abelian-C2-PGL-4-2-index-2-dimension-8",
          finalTargetPosition := 85,
          fullIndex := 2,
          groupOrder := 12,
          inputPosition := 85,
          inputSaturationTag := "check",
          key := "liftable-abelian-C2-PGL-4-2-index-2-dimension-8",
          linearGroupId := [ 12, 5 ],
          pathUndecidedCount := 0,
          projectiveGroupId := [ 4, 2 ],
          sourceCategory := "liftable_abelian",
          sourceUndecidedCount := 0,
          symplecticPart := "C2" ), rec(
          containmentPathEdgeNumbers := [  ],
          containmentPathKeys := 
           [ "liftable-abelian-C2^2-PGL-4-2-index-1-dimension-8" ],
          containmentPathPositions := [ 86 ],
          directTargetKey := fail,
          directTargetPosition := fail,
          disposition := "known_saturated",
          familyDimension := 8,
          finalStatus := "known_saturated",
          finalTargetKey := 
           "liftable-abelian-C2^2-PGL-4-2-index-1-dimension-8",
          finalTargetPosition := 86,
          fullIndex := 1,
          groupOrder := 12,
          inputPosition := 86,
          inputSaturationTag := "known_saturated",
          key := "liftable-abelian-C2^2-PGL-4-2-index-1-dimension-8",
          linearGroupId := [ 12, 5 ],
          pathUndecidedCount := 0,
          projectiveGroupId := [ 4, 2 ],
          sourceCategory := "liftable_abelian",
          sourceUndecidedCount := 0,
          symplecticPart := "C2^2" ), rec(
          containmentPathEdgeNumbers := [  ],
          containmentPathKeys := 
           [ "liftable-abelian-C3-PGL-3-1-index-1-dimension-8" ],
          containmentPathPositions := [ 87 ],
          directTargetKey := fail,
          directTargetPosition := fail,
          disposition := "known_saturated",
          familyDimension := 8,
          finalStatus := "known_saturated",
          finalTargetKey := "liftable-abelian-C3-PGL-3-1-index-1-dimension-8",
          finalTargetPosition := 87,
          fullIndex := 1,
          groupOrder := 9,
          inputPosition := 87,
          inputSaturationTag := "known_saturated",
          key := "liftable-abelian-C3-PGL-3-1-index-1-dimension-8",
          linearGroupId := [ 9, 2 ],
          pathUndecidedCount := 0,
          projectiveGroupId := [ 3, 1 ],
          sourceCategory := "liftable_abelian",
          sourceUndecidedCount := 0,
          symplecticPart := "C3" ), rec(
          containmentPathEdgeNumbers := [  ],
          containmentPathKeys := 
           [ "liftable-abelian-C2^2-PGL-8-5-index-2-dimension-7" ],
          containmentPathPositions := [ 88 ],
          directTargetKey := fail,
          directTargetPosition := fail,
          disposition := "computed_saturated",
          familyDimension := 7,
          finalStatus := "computed_saturated",
          finalTargetKey := 
           "liftable-abelian-C2^2-PGL-8-5-index-2-dimension-7",
          finalTargetPosition := 88,
          fullIndex := 2,
          groupOrder := 24,
          inputPosition := 88,
          inputSaturationTag := "check",
          key := "liftable-abelian-C2^2-PGL-8-5-index-2-dimension-7",
          linearGroupId := [ 24, 15 ],
          pathUndecidedCount := 0,
          projectiveGroupId := [ 8, 5 ],
          sourceCategory := "liftable_abelian",
          sourceUndecidedCount := 0,
          symplecticPart := "C2^2" ), rec(
          containmentPathEdgeNumbers := [  ],
          containmentPathKeys := 
           [ "liftable-abelian-1-PGL-6-2-index-6-dimension-7" ],
          containmentPathPositions := [ 89 ],
          directTargetKey := fail,
          directTargetPosition := fail,
          disposition := "computed_saturated",
          familyDimension := 7,
          finalStatus := "computed_saturated",
          finalTargetKey := "liftable-abelian-1-PGL-6-2-index-6-dimension-7",
          finalTargetPosition := 89,
          fullIndex := 6,
          groupOrder := 18,
          inputPosition := 89,
          inputSaturationTag := "check",
          key := "liftable-abelian-1-PGL-6-2-index-6-dimension-7",
          linearGroupId := [ 18, 5 ],
          pathUndecidedCount := 0,
          projectiveGroupId := [ 6, 2 ],
          sourceCategory := "liftable_abelian",
          sourceUndecidedCount := 0,
          symplecticPart := "1" ), rec(
          containmentPathEdgeNumbers := [  ],
          containmentPathKeys := 
           [ "liftable-abelian-1-PGL-4-1-index-4-dimension-7" ],
          containmentPathPositions := [ 90 ],
          directTargetKey := fail,
          directTargetPosition := fail,
          disposition := "computed_saturated",
          familyDimension := 7,
          finalStatus := "computed_saturated",
          finalTargetKey := "liftable-abelian-1-PGL-4-1-index-4-dimension-7",
          finalTargetPosition := 90,
          fullIndex := 4,
          groupOrder := 12,
          inputPosition := 90,
          inputSaturationTag := "check",
          key := "liftable-abelian-1-PGL-4-1-index-4-dimension-7",
          linearGroupId := [ 12, 2 ],
          pathUndecidedCount := 0,
          projectiveGroupId := [ 4, 1 ],
          sourceCategory := "liftable_abelian",
          sourceUndecidedCount := 0,
          symplecticPart := "1" ), rec(
          containmentPathEdgeNumbers := [  ],
          containmentPathKeys := 
           [ 
              "liftable-abelian-1-PGL-4-1-index-4-dimension-7-representation-2" 
             ],
          containmentPathPositions := [ 91 ],
          directTargetKey := fail,
          directTargetPosition := fail,
          disposition := "computed_saturated",
          familyDimension := 7,
          finalStatus := "computed_saturated",
          finalTargetKey := 
           "liftable-abelian-1-PGL-4-1-index-4-dimension-7-representation-2",
          finalTargetPosition := 91,
          fullIndex := 4,
          groupOrder := 12,
          inputPosition := 91,
          inputSaturationTag := "check",
          key := 
           "liftable-abelian-1-PGL-4-1-index-4-dimension-7-representation-2",
          linearGroupId := [ 12, 2 ],
          pathUndecidedCount := 0,
          projectiveGroupId := [ 4, 1 ],
          sourceCategory := "liftable_abelian",
          sourceUndecidedCount := 0,
          symplecticPart := "1" ), rec(
          containmentPathEdgeNumbers := [  ],
          containmentPathKeys := 
           [ "liftable-abelian-1-PGL-3-1-index-3-dimension-7" ],
          containmentPathPositions := [ 92 ],
          directTargetKey := fail,
          directTargetPosition := fail,
          disposition := "computed_saturated",
          familyDimension := 7,
          finalStatus := "computed_saturated",
          finalTargetKey := "liftable-abelian-1-PGL-3-1-index-3-dimension-7",
          finalTargetPosition := 92,
          fullIndex := 3,
          groupOrder := 9,
          inputPosition := 92,
          inputSaturationTag := "check",
          key := "liftable-abelian-1-PGL-3-1-index-3-dimension-7",
          linearGroupId := [ 9, 2 ],
          pathUndecidedCount := 0,
          projectiveGroupId := [ 3, 1 ],
          sourceCategory := "liftable_abelian",
          sourceUndecidedCount := 0,
          symplecticPart := "1" ), rec(
          containmentPathEdgeNumbers := [  ],
          containmentPathKeys := 
           [ "liftable-abelian-C2-PGL-6-2-index-3-dimension-6" ],
          containmentPathPositions := [ 93 ],
          directTargetKey := fail,
          directTargetPosition := fail,
          disposition := "computed_saturated",
          familyDimension := 6,
          finalStatus := "computed_saturated",
          finalTargetKey := "liftable-abelian-C2-PGL-6-2-index-3-dimension-6",
          finalTargetPosition := 93,
          fullIndex := 3,
          groupOrder := 18,
          inputPosition := 93,
          inputSaturationTag := "check",
          key := "liftable-abelian-C2-PGL-6-2-index-3-dimension-6",
          linearGroupId := [ 18, 5 ],
          pathUndecidedCount := 0,
          projectiveGroupId := [ 6, 2 ],
          sourceCategory := "liftable_abelian",
          sourceUndecidedCount := 0,
          symplecticPart := "C2" ), rec(
          containmentPathEdgeNumbers := [  ],
          containmentPathKeys := 
           [ "liftable-abelian-C4-PGL-4-1-index-1-dimension-6" ],
          containmentPathPositions := [ 94 ],
          directTargetKey := fail,
          directTargetPosition := fail,
          disposition := "known_saturated",
          familyDimension := 6,
          finalStatus := "known_saturated",
          finalTargetKey := "liftable-abelian-C4-PGL-4-1-index-1-dimension-6",
          finalTargetPosition := 94,
          fullIndex := 1,
          groupOrder := 12,
          inputPosition := 94,
          inputSaturationTag := "known_saturated",
          key := "liftable-abelian-C4-PGL-4-1-index-1-dimension-6",
          linearGroupId := [ 12, 2 ],
          pathUndecidedCount := 0,
          projectiveGroupId := [ 4, 1 ],
          sourceCategory := "liftable_abelian",
          sourceUndecidedCount := 0,
          symplecticPart := "C4" ), rec(
          containmentPathEdgeNumbers := [  ],
          containmentPathKeys := 
           [ "liftable-abelian-C2-PGL-4-2-index-2-dimension-6" ],
          containmentPathPositions := [ 95 ],
          directTargetKey := fail,
          directTargetPosition := fail,
          disposition := "computed_saturated",
          familyDimension := 6,
          finalStatus := "computed_saturated",
          finalTargetKey := "liftable-abelian-C2-PGL-4-2-index-2-dimension-6",
          finalTargetPosition := 95,
          fullIndex := 2,
          groupOrder := 12,
          inputPosition := 95,
          inputSaturationTag := "check",
          key := "liftable-abelian-C2-PGL-4-2-index-2-dimension-6",
          linearGroupId := [ 12, 5 ],
          pathUndecidedCount := 0,
          projectiveGroupId := [ 4, 2 ],
          sourceCategory := "liftable_abelian",
          sourceUndecidedCount := 0,
          symplecticPart := "C2" ), rec(
          containmentPathEdgeNumbers := [  ],
          containmentPathKeys := 
           [ "liftable-abelian-1-PGL-3-1-index-3-dimension-6" ],
          containmentPathPositions := [ 96 ],
          directTargetKey := fail,
          directTargetPosition := fail,
          disposition := "computed_saturated",
          familyDimension := 6,
          finalStatus := "computed_saturated",
          finalTargetKey := "liftable-abelian-1-PGL-3-1-index-3-dimension-6",
          finalTargetPosition := 96,
          fullIndex := 3,
          groupOrder := 9,
          inputPosition := 96,
          inputSaturationTag := "check",
          key := "liftable-abelian-1-PGL-3-1-index-3-dimension-6",
          linearGroupId := [ 9, 1 ],
          pathUndecidedCount := 0,
          projectiveGroupId := [ 3, 1 ],
          sourceCategory := "liftable_abelian",
          sourceUndecidedCount := 0,
          symplecticPart := "1" ), rec(
          containmentPathEdgeNumbers := [  ],
          containmentPathKeys := 
           [ "liftable-abelian-C2-PGL-12-5-index-6-dimension-5" ],
          containmentPathPositions := [ 97 ],
          directTargetKey := fail,
          directTargetPosition := fail,
          disposition := "computed_saturated",
          familyDimension := 5,
          finalStatus := "computed_saturated",
          finalTargetKey := "liftable-abelian-C2-PGL-12-5-index-6-dimension-5"
           ,
          finalTargetPosition := 97,
          fullIndex := 6,
          groupOrder := 36,
          inputPosition := 97,
          inputSaturationTag := "check",
          key := "liftable-abelian-C2-PGL-12-5-index-6-dimension-5",
          linearGroupId := [ 36, 14 ],
          pathUndecidedCount := 0,
          projectiveGroupId := [ 12, 5 ],
          sourceCategory := "liftable_abelian",
          sourceUndecidedCount := 0,
          symplecticPart := "C2" ), rec(
          containmentPathEdgeNumbers := [  ],
          containmentPathKeys := 
           [ "liftable-abelian-C2-PGL-8-2-index-4-dimension-5" ],
          containmentPathPositions := [ 98 ],
          directTargetKey := fail,
          directTargetPosition := fail,
          disposition := "computed_saturated",
          familyDimension := 5,
          finalStatus := "computed_saturated",
          finalTargetKey := "liftable-abelian-C2-PGL-8-2-index-4-dimension-5",
          finalTargetPosition := 98,
          fullIndex := 4,
          groupOrder := 24,
          inputPosition := 98,
          inputSaturationTag := "check",
          key := "liftable-abelian-C2-PGL-8-2-index-4-dimension-5",
          linearGroupId := [ 24, 9 ],
          pathUndecidedCount := 0,
          projectiveGroupId := [ 8, 2 ],
          sourceCategory := "liftable_abelian",
          sourceUndecidedCount := 0,
          symplecticPart := "C2" ), rec(
          containmentPathEdgeNumbers := [  ],
          containmentPathKeys := 
           [ "liftable-abelian-C2^2-PGL-8-5-index-2-dimension-5" ],
          containmentPathPositions := [ 99 ],
          directTargetKey := fail,
          directTargetPosition := fail,
          disposition := "computed_saturated",
          familyDimension := 5,
          finalStatus := "computed_saturated",
          finalTargetKey := 
           "liftable-abelian-C2^2-PGL-8-5-index-2-dimension-5",
          finalTargetPosition := 99,
          fullIndex := 2,
          groupOrder := 24,
          inputPosition := 99,
          inputSaturationTag := "check",
          key := "liftable-abelian-C2^2-PGL-8-5-index-2-dimension-5",
          linearGroupId := [ 24, 15 ],
          pathUndecidedCount := 0,
          projectiveGroupId := [ 8, 5 ],
          sourceCategory := "liftable_abelian",
          sourceUndecidedCount := 0,
          symplecticPart := "C2^2" ), rec(
          containmentPathEdgeNumbers := [  ],
          containmentPathKeys := 
           [ "liftable-abelian-1-PGL-6-2-index-6-dimension-5" ],
          containmentPathPositions := [ 100 ],
          directTargetKey := fail,
          directTargetPosition := fail,
          disposition := "computed_saturated",
          familyDimension := 5,
          finalStatus := "computed_saturated",
          finalTargetKey := "liftable-abelian-1-PGL-6-2-index-6-dimension-5",
          finalTargetPosition := 100,
          fullIndex := 6,
          groupOrder := 18,
          inputPosition := 100,
          inputSaturationTag := "check",
          key := "liftable-abelian-1-PGL-6-2-index-6-dimension-5",
          linearGroupId := [ 18, 5 ],
          pathUndecidedCount := 0,
          projectiveGroupId := [ 6, 2 ],
          sourceCategory := "liftable_abelian",
          sourceUndecidedCount := 0,
          symplecticPart := "1" ), rec(
          containmentPathEdgeNumbers := [  ],
          containmentPathKeys := 
           [ "liftable-abelian-C2^2-PGL-12-5-index-3-dimension-4" ],
          containmentPathPositions := [ 101 ],
          directTargetKey := fail,
          directTargetPosition := fail,
          disposition := "computed_saturated",
          familyDimension := 4,
          finalStatus := "computed_saturated",
          finalTargetKey := 
           "liftable-abelian-C2^2-PGL-12-5-index-3-dimension-4",
          finalTargetPosition := 101,
          fullIndex := 3,
          groupOrder := 36,
          inputPosition := 101,
          inputSaturationTag := "check",
          key := "liftable-abelian-C2^2-PGL-12-5-index-3-dimension-4",
          linearGroupId := [ 36, 14 ],
          pathUndecidedCount := 0,
          projectiveGroupId := [ 12, 5 ],
          sourceCategory := "liftable_abelian",
          sourceUndecidedCount := 0,
          symplecticPart := "C2^2" ), rec(
          containmentPathEdgeNumbers := [  ],
          containmentPathKeys := 
           [ "liftable-abelian-C3-PGL-9-2-index-3-dimension-4" ],
          containmentPathPositions := [ 102 ],
          directTargetKey := fail,
          directTargetPosition := fail,
          disposition := "computed_saturated",
          familyDimension := 4,
          finalStatus := "computed_saturated",
          finalTargetKey := "liftable-abelian-C3-PGL-9-2-index-3-dimension-4",
          finalTargetPosition := 102,
          fullIndex := 3,
          groupOrder := 27,
          inputPosition := 102,
          inputSaturationTag := "check",
          key := "liftable-abelian-C3-PGL-9-2-index-3-dimension-4",
          linearGroupId := [ 27, 5 ],
          pathUndecidedCount := 0,
          projectiveGroupId := [ 9, 2 ],
          sourceCategory := "liftable_abelian",
          sourceUndecidedCount := 0,
          symplecticPart := "C3" ), rec(
          containmentPathEdgeNumbers := [  ],
          containmentPathKeys := 
           [ "liftable-abelian-C2-PGL-8-2-index-4-dimension-4" ],
          containmentPathPositions := [ 103 ],
          directTargetKey := fail,
          directTargetPosition := fail,
          disposition := "computed_saturated",
          familyDimension := 4,
          finalStatus := "computed_saturated",
          finalTargetKey := "liftable-abelian-C2-PGL-8-2-index-4-dimension-4",
          finalTargetPosition := 103,
          fullIndex := 4,
          groupOrder := 24,
          inputPosition := 103,
          inputSaturationTag := "check",
          key := "liftable-abelian-C2-PGL-8-2-index-4-dimension-4",
          linearGroupId := [ 24, 9 ],
          pathUndecidedCount := 0,
          projectiveGroupId := [ 8, 2 ],
          sourceCategory := "liftable_abelian",
          sourceUndecidedCount := 0,
          symplecticPart := "C2" ), rec(
          containmentPathEdgeNumbers := [  ],
          containmentPathKeys := 
           [ "liftable-abelian-C4-PGL-8-2-index-2-dimension-4" ],
          containmentPathPositions := [ 104 ],
          directTargetKey := fail,
          directTargetPosition := fail,
          disposition := "computed_saturated",
          familyDimension := 4,
          finalStatus := "computed_saturated",
          finalTargetKey := "liftable-abelian-C4-PGL-8-2-index-2-dimension-4",
          finalTargetPosition := 104,
          fullIndex := 2,
          groupOrder := 24,
          inputPosition := 104,
          inputSaturationTag := "check",
          key := "liftable-abelian-C4-PGL-8-2-index-2-dimension-4",
          linearGroupId := [ 24, 9 ],
          pathUndecidedCount := 0,
          projectiveGroupId := [ 8, 2 ],
          sourceCategory := "liftable_abelian",
          sourceUndecidedCount := 0,
          symplecticPart := "C4" ), rec(
          containmentPathEdgeNumbers := [  ],
          containmentPathKeys := 
           [ "liftable-abelian-1-PGL-6-2-index-6-dimension-4" ],
          containmentPathPositions := [ 105 ],
          directTargetKey := fail,
          directTargetPosition := fail,
          disposition := "computed_saturated",
          familyDimension := 4,
          finalStatus := "computed_saturated",
          finalTargetKey := "liftable-abelian-1-PGL-6-2-index-6-dimension-4",
          finalTargetPosition := 105,
          fullIndex := 6,
          groupOrder := 18,
          inputPosition := 105,
          inputSaturationTag := "check",
          key := "liftable-abelian-1-PGL-6-2-index-6-dimension-4",
          linearGroupId := [ 18, 5 ],
          pathUndecidedCount := 0,
          projectiveGroupId := [ 6, 2 ],
          sourceCategory := "liftable_abelian",
          sourceUndecidedCount := 0,
          symplecticPart := "1" ), rec(
          containmentPathEdgeNumbers := [  ],
          containmentPathKeys := 
           [ "liftable-abelian-C3-PGL-6-2-index-2-dimension-4" ],
          containmentPathPositions := [ 106 ],
          directTargetKey := fail,
          directTargetPosition := fail,
          disposition := "computed_saturated",
          familyDimension := 4,
          finalStatus := "computed_saturated",
          finalTargetKey := "liftable-abelian-C3-PGL-6-2-index-2-dimension-4",
          finalTargetPosition := 106,
          fullIndex := 2,
          groupOrder := 18,
          inputPosition := 106,
          inputSaturationTag := "check",
          key := "liftable-abelian-C3-PGL-6-2-index-2-dimension-4",
          linearGroupId := [ 18, 5 ],
          pathUndecidedCount := 0,
          projectiveGroupId := [ 6, 2 ],
          sourceCategory := "liftable_abelian",
          sourceUndecidedCount := 0,
          symplecticPart := "C3" ), rec(
          containmentPathEdgeNumbers := [  ],
          containmentPathKeys := 
           [ "liftable-abelian-C2-PGL-6-2-index-3-dimension-4" ],
          containmentPathPositions := [ 107 ],
          directTargetKey := fail,
          directTargetPosition := fail,
          disposition := "computed_saturated",
          familyDimension := 4,
          finalStatus := "computed_saturated",
          finalTargetKey := "liftable-abelian-C2-PGL-6-2-index-3-dimension-4",
          finalTargetPosition := 107,
          fullIndex := 3,
          groupOrder := 18,
          inputPosition := 107,
          inputSaturationTag := "check",
          key := "liftable-abelian-C2-PGL-6-2-index-3-dimension-4",
          linearGroupId := [ 18, 5 ],
          pathUndecidedCount := 0,
          projectiveGroupId := [ 6, 2 ],
          sourceCategory := "liftable_abelian",
          sourceUndecidedCount := 0,
          symplecticPart := "C2" ), rec(
          containmentPathEdgeNumbers := [  ],
          containmentPathKeys := 
           [ 
              "liftable-abelian-C3-PGL-6-2-index-2-dimension-4-representation-2"\
 ],
          containmentPathPositions := [ 108 ],
          directTargetKey := fail,
          directTargetPosition := fail,
          disposition := "computed_saturated",
          familyDimension := 4,
          finalStatus := "computed_saturated",
          finalTargetKey := 
           "liftable-abelian-C3-PGL-6-2-index-2-dimension-4-representation-2",
          finalTargetPosition := 108,
          fullIndex := 2,
          groupOrder := 18,
          inputPosition := 108,
          inputSaturationTag := "check",
          key := 
           "liftable-abelian-C3-PGL-6-2-index-2-dimension-4-representation-2",
          linearGroupId := [ 18, 5 ],
          pathUndecidedCount := 0,
          projectiveGroupId := [ 6, 2 ],
          sourceCategory := "liftable_abelian",
          sourceUndecidedCount := 0,
          symplecticPart := "C3" ), rec(
          containmentPathEdgeNumbers := [ 20 ],
          containmentPathKeys := 
           [ "liftable-abelian-C2-PGL-4-1-index-2-dimension-4", 
              "liftable-abelian-C4-PGL-8-2-index-2-dimension-4" ],
          containmentPathPositions := [ 109, 104 ],
          directTargetKey := "liftable-abelian-C4-PGL-8-2-index-2-dimension-4"
           ,
          directTargetPosition := 104,
          disposition := "contained_same_dimension",
          familyDimension := 4,
          finalStatus := "computed_saturated",
          finalTargetKey := "liftable-abelian-C4-PGL-8-2-index-2-dimension-4",
          finalTargetPosition := 104,
          fullIndex := 2,
          groupOrder := 12,
          inputPosition := 109,
          inputSaturationTag := "check",
          key := "liftable-abelian-C2-PGL-4-1-index-2-dimension-4",
          linearGroupId := [ 12, 2 ],
          pathUndecidedCount := 0,
          projectiveGroupId := [ 4, 1 ],
          sourceCategory := "liftable_abelian",
          sourceUndecidedCount := 0,
          symplecticPart := "C2" ), rec(
          containmentPathEdgeNumbers := [  ],
          containmentPathKeys := 
           [ "liftable-abelian-1-PGL-12-2-index-12-dimension-3" ],
          containmentPathPositions := [ 110 ],
          directTargetKey := fail,
          directTargetPosition := fail,
          disposition := "computed_saturated",
          familyDimension := 3,
          finalStatus := "computed_saturated",
          finalTargetKey := "liftable-abelian-1-PGL-12-2-index-12-dimension-3"
           ,
          finalTargetPosition := 110,
          fullIndex := 12,
          groupOrder := 36,
          inputPosition := 110,
          inputSaturationTag := "check",
          key := "liftable-abelian-1-PGL-12-2-index-12-dimension-3",
          linearGroupId := [ 36, 8 ],
          pathUndecidedCount := 0,
          projectiveGroupId := [ 12, 2 ],
          sourceCategory := "liftable_abelian",
          sourceUndecidedCount := 0,
          symplecticPart := "1" ), rec(
          containmentPathEdgeNumbers := [  ],
          containmentPathKeys := 
           [ 
              "liftable-abelian-1-PGL-12-2-index-12-dimension-3-representation-2\
" ],
          containmentPathPositions := [ 111 ],
          directTargetKey := fail,
          directTargetPosition := fail,
          disposition := "computed_saturated",
          familyDimension := 3,
          finalStatus := "computed_saturated",
          finalTargetKey := 
           "liftable-abelian-1-PGL-12-2-index-12-dimension-3-representation-2"
           ,
          finalTargetPosition := 111,
          fullIndex := 12,
          groupOrder := 36,
          inputPosition := 111,
          inputSaturationTag := "check",
          key := 
           "liftable-abelian-1-PGL-12-2-index-12-dimension-3-representation-2"
           ,
          linearGroupId := [ 36, 8 ],
          pathUndecidedCount := 0,
          projectiveGroupId := [ 12, 2 ],
          sourceCategory := "liftable_abelian",
          sourceUndecidedCount := 0,
          symplecticPart := "1" ), rec(
          containmentPathEdgeNumbers := [  ],
          containmentPathKeys := 
           [ "liftable-abelian-C2-PGL-12-5-index-6-dimension-3" ],
          containmentPathPositions := [ 112 ],
          directTargetKey := fail,
          directTargetPosition := fail,
          disposition := "computed_saturated",
          familyDimension := 3,
          finalStatus := "computed_saturated",
          finalTargetKey := "liftable-abelian-C2-PGL-12-5-index-6-dimension-3"
           ,
          finalTargetPosition := 112,
          fullIndex := 6,
          groupOrder := 36,
          inputPosition := 112,
          inputSaturationTag := "check",
          key := "liftable-abelian-C2-PGL-12-5-index-6-dimension-3",
          linearGroupId := [ 36, 14 ],
          pathUndecidedCount := 0,
          projectiveGroupId := [ 12, 5 ],
          sourceCategory := "liftable_abelian",
          sourceUndecidedCount := 0,
          symplecticPart := "C2" ), rec(
          containmentPathEdgeNumbers := [  ],
          containmentPathKeys := 
           [ "liftable-abelian-C3-PGL-9-2-index-3-dimension-3" ],
          containmentPathPositions := [ 113 ],
          directTargetKey := fail,
          directTargetPosition := fail,
          disposition := "computed_saturated",
          familyDimension := 3,
          finalStatus := "computed_saturated",
          finalTargetKey := "liftable-abelian-C3-PGL-9-2-index-3-dimension-3",
          finalTargetPosition := 113,
          fullIndex := 3,
          groupOrder := 27,
          inputPosition := 113,
          inputSaturationTag := "check",
          key := "liftable-abelian-C3-PGL-9-2-index-3-dimension-3",
          linearGroupId := [ 27, 5 ],
          pathUndecidedCount := 0,
          projectiveGroupId := [ 9, 2 ],
          sourceCategory := "liftable_abelian",
          sourceUndecidedCount := 0,
          symplecticPart := "C3" ), rec(
          containmentPathEdgeNumbers := [  ],
          containmentPathKeys := 
           [ "liftable-abelian-1-PGL-8-1-index-8-dimension-3" ],
          containmentPathPositions := [ 114 ],
          directTargetKey := fail,
          directTargetPosition := fail,
          disposition := "computed_saturated",
          familyDimension := 3,
          finalStatus := "computed_saturated",
          finalTargetKey := "liftable-abelian-1-PGL-8-1-index-8-dimension-3",
          finalTargetPosition := 114,
          fullIndex := 8,
          groupOrder := 24,
          inputPosition := 114,
          inputSaturationTag := "check",
          key := "liftable-abelian-1-PGL-8-1-index-8-dimension-3",
          linearGroupId := [ 24, 2 ],
          pathUndecidedCount := 0,
          projectiveGroupId := [ 8, 1 ],
          sourceCategory := "liftable_abelian",
          sourceUndecidedCount := 0,
          symplecticPart := "1" ), rec(
          containmentPathEdgeNumbers := [  ],
          containmentPathKeys := 
           [ 
              "liftable-abelian-1-PGL-8-1-index-8-dimension-3-representation-2" 
             ],
          containmentPathPositions := [ 115 ],
          directTargetKey := fail,
          directTargetPosition := fail,
          disposition := "computed_saturated",
          familyDimension := 3,
          finalStatus := "computed_saturated",
          finalTargetKey := 
           "liftable-abelian-1-PGL-8-1-index-8-dimension-3-representation-2",
          finalTargetPosition := 115,
          fullIndex := 8,
          groupOrder := 24,
          inputPosition := 115,
          inputSaturationTag := "check",
          key := 
           "liftable-abelian-1-PGL-8-1-index-8-dimension-3-representation-2",
          linearGroupId := [ 24, 2 ],
          pathUndecidedCount := 0,
          projectiveGroupId := [ 8, 1 ],
          sourceCategory := "liftable_abelian",
          sourceUndecidedCount := 0,
          symplecticPart := "1" ), rec(
          containmentPathEdgeNumbers := [  ],
          containmentPathKeys := 
           [ 
              "liftable-abelian-1-PGL-8-1-index-8-dimension-3-representation-3" 
             ],
          containmentPathPositions := [ 116 ],
          directTargetKey := fail,
          directTargetPosition := fail,
          disposition := "computed_saturated",
          familyDimension := 3,
          finalStatus := "computed_saturated",
          finalTargetKey := 
           "liftable-abelian-1-PGL-8-1-index-8-dimension-3-representation-3",
          finalTargetPosition := 116,
          fullIndex := 8,
          groupOrder := 24,
          inputPosition := 116,
          inputSaturationTag := "check",
          key := 
           "liftable-abelian-1-PGL-8-1-index-8-dimension-3-representation-3",
          linearGroupId := [ 24, 2 ],
          pathUndecidedCount := 0,
          projectiveGroupId := [ 8, 1 ],
          sourceCategory := "liftable_abelian",
          sourceUndecidedCount := 0,
          symplecticPart := "1" ), rec(
          containmentPathEdgeNumbers := [  ],
          containmentPathKeys := 
           [ "liftable-abelian-1-PGL-6-2-index-6-dimension-3" ],
          containmentPathPositions := [ 117 ],
          directTargetKey := fail,
          directTargetPosition := fail,
          disposition := "computed_saturated",
          familyDimension := 3,
          finalStatus := "computed_saturated",
          finalTargetKey := "liftable-abelian-1-PGL-6-2-index-6-dimension-3",
          finalTargetPosition := 117,
          fullIndex := 6,
          groupOrder := 18,
          inputPosition := 117,
          inputSaturationTag := "check",
          key := "liftable-abelian-1-PGL-6-2-index-6-dimension-3",
          linearGroupId := [ 18, 2 ],
          pathUndecidedCount := 0,
          projectiveGroupId := [ 6, 2 ],
          sourceCategory := "liftable_abelian",
          sourceUndecidedCount := 0,
          symplecticPart := "1" ), rec(
          containmentPathEdgeNumbers := [  ],
          containmentPathKeys := 
           [ "liftable-abelian-C2-PGL-24-9-index-12-dimension-2" ],
          containmentPathPositions := [ 118 ],
          directTargetKey := fail,
          directTargetPosition := fail,
          disposition := "computed_saturated",
          familyDimension := 2,
          finalStatus := "computed_saturated",
          finalTargetKey := 
           "liftable-abelian-C2-PGL-24-9-index-12-dimension-2",
          finalTargetPosition := 118,
          fullIndex := 12,
          groupOrder := 72,
          inputPosition := 118,
          inputSaturationTag := "check",
          key := "liftable-abelian-C2-PGL-24-9-index-12-dimension-2",
          linearGroupId := [ 72, 36 ],
          pathUndecidedCount := 0,
          projectiveGroupId := [ 24, 9 ],
          sourceCategory := "liftable_abelian",
          sourceUndecidedCount := 0,
          symplecticPart := "C2" ), rec(
          containmentPathEdgeNumbers := [  ],
          containmentPathKeys := 
           [ "liftable-abelian-C3-PGL-18-5-index-6-dimension-2" ],
          containmentPathPositions := [ 119 ],
          directTargetKey := fail,
          directTargetPosition := fail,
          disposition := "computed_saturated",
          familyDimension := 2,
          finalStatus := "computed_saturated",
          finalTargetKey := "liftable-abelian-C3-PGL-18-5-index-6-dimension-2"
           ,
          finalTargetPosition := 119,
          fullIndex := 6,
          groupOrder := 54,
          inputPosition := 119,
          inputSaturationTag := "check",
          key := "liftable-abelian-C3-PGL-18-5-index-6-dimension-2",
          linearGroupId := [ 54, 15 ],
          pathUndecidedCount := 0,
          projectiveGroupId := [ 18, 5 ],
          sourceCategory := "liftable_abelian",
          sourceUndecidedCount := 0,
          symplecticPart := "C3" ), rec(
          containmentPathEdgeNumbers := [  ],
          containmentPathKeys := 
           [ "liftable-abelian-C4-PGL-16-2-index-4-dimension-2" ],
          containmentPathPositions := [ 120 ],
          directTargetKey := fail,
          directTargetPosition := fail,
          disposition := "computed_saturated",
          familyDimension := 2,
          finalStatus := "computed_saturated",
          finalTargetKey := "liftable-abelian-C4-PGL-16-2-index-4-dimension-2"
           ,
          finalTargetPosition := 120,
          fullIndex := 4,
          groupOrder := 48,
          inputPosition := 120,
          inputSaturationTag := "check",
          key := "liftable-abelian-C4-PGL-16-2-index-4-dimension-2",
          linearGroupId := [ 48, 20 ],
          pathUndecidedCount := 0,
          projectiveGroupId := [ 16, 2 ],
          sourceCategory := "liftable_abelian",
          sourceUndecidedCount := 0,
          symplecticPart := "C4" ), rec(
          containmentPathEdgeNumbers := [  ],
          containmentPathKeys := 
           [ "liftable-abelian-C2-PGL-16-5-index-8-dimension-2" ],
          containmentPathPositions := [ 121 ],
          directTargetKey := fail,
          directTargetPosition := fail,
          disposition := "computed_saturated",
          familyDimension := 2,
          finalStatus := "computed_saturated",
          finalTargetKey := "liftable-abelian-C2-PGL-16-5-index-8-dimension-2"
           ,
          finalTargetPosition := 121,
          fullIndex := 8,
          groupOrder := 48,
          inputPosition := 121,
          inputSaturationTag := "check",
          key := "liftable-abelian-C2-PGL-16-5-index-8-dimension-2",
          linearGroupId := [ 48, 23 ],
          pathUndecidedCount := 0,
          projectiveGroupId := [ 16, 5 ],
          sourceCategory := "liftable_abelian",
          sourceUndecidedCount := 0,
          symplecticPart := "C2" ), rec(
          containmentPathEdgeNumbers := [  ],
          containmentPathKeys := 
           [ "liftable-abelian-1-PGL-12-2-index-12-dimension-2" ],
          containmentPathPositions := [ 122 ],
          directTargetKey := fail,
          directTargetPosition := fail,
          disposition := "computed_saturated",
          familyDimension := 2,
          finalStatus := "computed_saturated",
          finalTargetKey := "liftable-abelian-1-PGL-12-2-index-12-dimension-2"
           ,
          finalTargetPosition := 122,
          fullIndex := 12,
          groupOrder := 36,
          inputPosition := 122,
          inputSaturationTag := "check",
          key := "liftable-abelian-1-PGL-12-2-index-12-dimension-2",
          linearGroupId := [ 36, 8 ],
          pathUndecidedCount := 0,
          projectiveGroupId := [ 12, 2 ],
          sourceCategory := "liftable_abelian",
          sourceUndecidedCount := 0,
          symplecticPart := "1" ), rec(
          containmentPathEdgeNumbers := [  ],
          containmentPathKeys := 
           [ 
              "liftable-abelian-1-PGL-12-2-index-12-dimension-2-representation-2\
" ],
          containmentPathPositions := [ 123 ],
          directTargetKey := fail,
          directTargetPosition := fail,
          disposition := "computed_saturated",
          familyDimension := 2,
          finalStatus := "computed_saturated",
          finalTargetKey := 
           "liftable-abelian-1-PGL-12-2-index-12-dimension-2-representation-2"
           ,
          finalTargetPosition := 123,
          fullIndex := 12,
          groupOrder := 36,
          inputPosition := 123,
          inputSaturationTag := "check",
          key := 
           "liftable-abelian-1-PGL-12-2-index-12-dimension-2-representation-2"
           ,
          linearGroupId := [ 36, 8 ],
          pathUndecidedCount := 0,
          projectiveGroupId := [ 12, 2 ],
          sourceCategory := "liftable_abelian",
          sourceUndecidedCount := 0,
          symplecticPart := "1" ), rec(
          containmentPathEdgeNumbers := [ 14 ],
          containmentPathKeys := 
           [ "liftable-abelian-C4-PGL-8-2-index-2-dimension-2", 
              "rank-at-least-15-Q_8-PGL-16-13-index-2-dimension-2" ],
          containmentPathPositions := [ 124, 25 ],
          directTargetKey := 
           "rank-at-least-15-Q_8-PGL-16-13-index-2-dimension-2",
          directTargetPosition := 25,
          disposition := "contained_same_dimension",
          familyDimension := 2,
          finalStatus := "computed_saturated",
          finalTargetKey := 
           "rank-at-least-15-Q_8-PGL-16-13-index-2-dimension-2",
          finalTargetPosition := 25,
          fullIndex := 2,
          groupOrder := 24,
          inputPosition := 124,
          inputSaturationTag := "check",
          key := "liftable-abelian-C4-PGL-8-2-index-2-dimension-2",
          linearGroupId := [ 24, 9 ],
          pathUndecidedCount := 0,
          projectiveGroupId := [ 8, 2 ],
          sourceCategory := "liftable_abelian",
          sourceUndecidedCount := 0,
          symplecticPart := "C4" ), rec(
          containmentPathEdgeNumbers := [  ],
          containmentPathKeys := 
           [ "liftable-abelian-C2-PGL-24-9-index-12-dimension-1" ],
          containmentPathPositions := [ 125 ],
          directTargetKey := fail,
          directTargetPosition := fail,
          disposition := "computed_saturated",
          familyDimension := 1,
          finalStatus := "computed_saturated",
          finalTargetKey := 
           "liftable-abelian-C2-PGL-24-9-index-12-dimension-1",
          finalTargetPosition := 125,
          fullIndex := 12,
          groupOrder := 72,
          inputPosition := 125,
          inputSaturationTag := "check",
          key := "liftable-abelian-C2-PGL-24-9-index-12-dimension-1",
          linearGroupId := [ 72, 36 ],
          pathUndecidedCount := 0,
          projectiveGroupId := [ 24, 9 ],
          sourceCategory := "liftable_abelian",
          sourceUndecidedCount := 0,
          symplecticPart := "C2" ), rec(
          containmentPathEdgeNumbers := [  ],
          containmentPathKeys := 
           [ "liftable-abelian-1-PGL-24-2-index-24-dimension-1" ],
          containmentPathPositions := [ 126 ],
          directTargetKey := fail,
          directTargetPosition := fail,
          disposition := "computed_saturated",
          familyDimension := 1,
          finalStatus := "computed_saturated",
          finalTargetKey := "liftable-abelian-1-PGL-24-2-index-24-dimension-1"
           ,
          finalTargetPosition := 126,
          fullIndex := 24,
          groupOrder := 72,
          inputPosition := 126,
          inputSaturationTag := "check",
          key := "liftable-abelian-1-PGL-24-2-index-24-dimension-1",
          linearGroupId := [ 72, 14 ],
          pathUndecidedCount := 0,
          projectiveGroupId := [ 24, 2 ],
          sourceCategory := "liftable_abelian",
          sourceUndecidedCount := 0,
          symplecticPart := "1" ), rec(
          containmentPathEdgeNumbers := [  ],
          containmentPathKeys := 
           [ 
              "liftable-abelian-1-PGL-24-2-index-24-dimension-1-representation-2\
" ],
          containmentPathPositions := [ 127 ],
          directTargetKey := fail,
          directTargetPosition := fail,
          disposition := "computed_saturated",
          familyDimension := 1,
          finalStatus := "computed_saturated",
          finalTargetKey := 
           "liftable-abelian-1-PGL-24-2-index-24-dimension-1-representation-2"
           ,
          finalTargetPosition := 127,
          fullIndex := 24,
          groupOrder := 72,
          inputPosition := 127,
          inputSaturationTag := "check",
          key := 
           "liftable-abelian-1-PGL-24-2-index-24-dimension-1-representation-2"
           ,
          linearGroupId := [ 72, 14 ],
          pathUndecidedCount := 0,
          projectiveGroupId := [ 24, 2 ],
          sourceCategory := "liftable_abelian",
          sourceUndecidedCount := 0,
          symplecticPart := "1" ), rec(
          containmentPathEdgeNumbers := [  ],
          containmentPathKeys := 
           [ "liftable-abelian-1-PGL-16-1-index-16-dimension-1" ],
          containmentPathPositions := [ 128 ],
          directTargetKey := fail,
          directTargetPosition := fail,
          disposition := "computed_saturated",
          familyDimension := 1,
          finalStatus := "computed_saturated",
          finalTargetKey := "liftable-abelian-1-PGL-16-1-index-16-dimension-1"
           ,
          finalTargetPosition := 128,
          fullIndex := 16,
          groupOrder := 48,
          inputPosition := 128,
          inputSaturationTag := "check",
          key := "liftable-abelian-1-PGL-16-1-index-16-dimension-1",
          linearGroupId := [ 48, 2 ],
          pathUndecidedCount := 0,
          projectiveGroupId := [ 16, 1 ],
          sourceCategory := "liftable_abelian",
          sourceUndecidedCount := 0,
          symplecticPart := "1" ), rec(
          containmentPathEdgeNumbers := [  ],
          containmentPathKeys := 
           [ 
              "liftable-abelian-1-PGL-16-1-index-16-dimension-1-representation-2\
" ],
          containmentPathPositions := [ 129 ],
          directTargetKey := fail,
          directTargetPosition := fail,
          disposition := "computed_saturated",
          familyDimension := 1,
          finalStatus := "computed_saturated",
          finalTargetKey := 
           "liftable-abelian-1-PGL-16-1-index-16-dimension-1-representation-2"
           ,
          finalTargetPosition := 129,
          fullIndex := 16,
          groupOrder := 48,
          inputPosition := 129,
          inputSaturationTag := "check",
          key := 
           "liftable-abelian-1-PGL-16-1-index-16-dimension-1-representation-2"
           ,
          linearGroupId := [ 48, 2 ],
          pathUndecidedCount := 0,
          projectiveGroupId := [ 16, 1 ],
          sourceCategory := "liftable_abelian",
          sourceUndecidedCount := 0,
          symplecticPart := "1" ), rec(
          containmentPathEdgeNumbers := [  ],
          containmentPathKeys := 
           [ "nonliftable-abelian-C3-PGL-9-2-index-3-dimension-2" ],
          containmentPathPositions := [ 130 ],
          directTargetKey := fail,
          directTargetPosition := fail,
          disposition := "computed_saturated",
          familyDimension := 2,
          finalStatus := "computed_saturated",
          finalTargetKey := 
           "nonliftable-abelian-C3-PGL-9-2-index-3-dimension-2",
          finalTargetPosition := 130,
          fullIndex := 3,
          groupOrder := 27,
          inputPosition := 130,
          inputSaturationTag := "check",
          key := "nonliftable-abelian-C3-PGL-9-2-index-3-dimension-2",
          linearGroupId := [ 27, 4 ],
          pathUndecidedCount := 0,
          projectiveGroupId := [ 9, 2 ],
          sourceCategory := "nonliftable_abelian",
          sourceUndecidedCount := 0,
          symplecticPart := "C3" ), rec(
          containmentPathEdgeNumbers := [  ],
          containmentPathKeys := 
           [ "nonliftable-abelian-C3-PGL-18-5-index-6-dimension-1" ],
          containmentPathPositions := [ 131 ],
          directTargetKey := fail,
          directTargetPosition := fail,
          disposition := "computed_saturated",
          familyDimension := 1,
          finalStatus := "computed_saturated",
          finalTargetKey := 
           "nonliftable-abelian-C3-PGL-18-5-index-6-dimension-1",
          finalTargetPosition := 131,
          fullIndex := 6,
          groupOrder := 54,
          inputPosition := 131,
          inputSaturationTag := "check",
          key := "nonliftable-abelian-C3-PGL-18-5-index-6-dimension-1",
          linearGroupId := [ 54, 11 ],
          pathUndecidedCount := 0,
          projectiveGroupId := [ 18, 5 ],
          sourceCategory := "nonliftable_abelian",
          sourceUndecidedCount := 0,
          symplecticPart := "C3" ), rec(
          containmentPathEdgeNumbers := [ 6, 11 ],
          containmentPathKeys := 
           [ "small-nonabelian-C3-PGL-18-3-index-6-dimension-1", 
              "small-nonabelian-S3-PGL-36-12-index-6-dimension-1", 
              "rank-at-least-15-S_3,3-PGL-216-170-index-6-dimension-1" ],
          containmentPathPositions := [ 132, 162, 41 ],
          directTargetKey := 
           "small-nonabelian-S3-PGL-36-12-index-6-dimension-1",
          directTargetPosition := 162,
          disposition := "contained_same_dimension",
          familyDimension := 1,
          finalStatus := "computed_saturated",
          finalTargetKey := 
           "rank-at-least-15-S_3,3-PGL-216-170-index-6-dimension-1",
          finalTargetPosition := 41,
          fullIndex := 6,
          groupOrder := 54,
          inputPosition := 132,
          inputSaturationTag := "check",
          key := "small-nonabelian-C3-PGL-18-3-index-6-dimension-1",
          linearGroupId := [ 54, 12 ],
          pathUndecidedCount := 0,
          projectiveGroupId := [ 18, 3 ],
          sourceCategory := "small_nonabelian",
          sourceUndecidedCount := 0,
          symplecticPart := "C3" ), rec(
          containmentPathEdgeNumbers := [ 1, 3 ],
          containmentPathKeys := 
           [ "small-nonabelian-C3-PGL-18-3-index-6-dimension-0", 
              "small-nonabelian-S3-PGL-36-12-index-6-dimension-0", 
              "rank-at-least-15-3^4:A_6-PGL-174960-0-index-6-dimension-0" ],
          containmentPathPositions := [ 133, 163, 76 ],
          directTargetKey := 
           "small-nonabelian-S3-PGL-36-12-index-6-dimension-0",
          directTargetPosition := 163,
          disposition := "contained_same_dimension",
          familyDimension := 0,
          finalStatus := "known_saturated",
          finalTargetKey := 
           "rank-at-least-15-3^4:A_6-PGL-174960-0-index-6-dimension-0",
          finalTargetPosition := 76,
          fullIndex := 6,
          groupOrder := 54,
          inputPosition := 133,
          inputSaturationTag := "check",
          key := "small-nonabelian-C3-PGL-18-3-index-6-dimension-0",
          linearGroupId := [ 54, 12 ],
          pathUndecidedCount := 0,
          projectiveGroupId := [ 18, 3 ],
          sourceCategory := "small_nonabelian",
          sourceUndecidedCount := 0,
          symplecticPart := "C3" ), rec(
          containmentPathEdgeNumbers := [  ],
          containmentPathKeys := 
           [ "small-nonabelian-C3-PGL-6-1-index-2-dimension-4" ],
          containmentPathPositions := [ 134 ],
          directTargetKey := fail,
          directTargetPosition := fail,
          disposition := "computed_saturated",
          familyDimension := 4,
          finalStatus := "computed_saturated",
          finalTargetKey := "small-nonabelian-C3-PGL-6-1-index-2-dimension-4",
          finalTargetPosition := 134,
          fullIndex := 2,
          groupOrder := 18,
          inputPosition := 134,
          inputSaturationTag := "check",
          key := "small-nonabelian-C3-PGL-6-1-index-2-dimension-4",
          linearGroupId := [ 18, 3 ],
          pathUndecidedCount := 0,
          projectiveGroupId := [ 6, 1 ],
          sourceCategory := "small_nonabelian",
          sourceUndecidedCount := 0,
          symplecticPart := "C3" ), rec(
          containmentPathEdgeNumbers := [  ],
          containmentPathKeys := 
           [ "small-nonabelian-C3-PGL-18-3-index-6-dimension-4" ],
          containmentPathPositions := [ 135 ],
          directTargetKey := fail,
          directTargetPosition := fail,
          disposition := "computed_saturated",
          familyDimension := 4,
          finalStatus := "computed_saturated",
          finalTargetKey := "small-nonabelian-C3-PGL-18-3-index-6-dimension-4"
           ,
          finalTargetPosition := 135,
          fullIndex := 6,
          groupOrder := 54,
          inputPosition := 135,
          inputSaturationTag := "check",
          key := "small-nonabelian-C3-PGL-18-3-index-6-dimension-4",
          linearGroupId := [ 54, 12 ],
          pathUndecidedCount := 0,
          projectiveGroupId := [ 18, 3 ],
          sourceCategory := "small_nonabelian",
          sourceUndecidedCount := 0,
          symplecticPart := "C3" ), rec(
          containmentPathEdgeNumbers := [  ],
          containmentPathKeys := 
           [ 
              "small-nonabelian-C3-PGL-18-3-index-6-dimension-4-representation-2\
" ],
          containmentPathPositions := [ 136 ],
          directTargetKey := fail,
          directTargetPosition := fail,
          disposition := "computed_saturated",
          familyDimension := 4,
          finalStatus := "computed_saturated",
          finalTargetKey := 
           "small-nonabelian-C3-PGL-18-3-index-6-dimension-4-representation-2"
           ,
          finalTargetPosition := 136,
          fullIndex := 6,
          groupOrder := 54,
          inputPosition := 136,
          inputSaturationTag := "check",
          key := 
           "small-nonabelian-C3-PGL-18-3-index-6-dimension-4-representation-2"
           ,
          linearGroupId := [ 54, 12 ],
          pathUndecidedCount := 0,
          projectiveGroupId := [ 18, 3 ],
          sourceCategory := "small_nonabelian",
          sourceUndecidedCount := 0,
          symplecticPart := "C3" ), rec(
          containmentPathEdgeNumbers := [ 7, 12 ],
          containmentPathKeys := 
           [ 
              "small-nonabelian-C3-PGL-18-3-index-6-dimension-1-representation-2\
", "small-nonabelian-S3-PGL-36-12-index-6-dimension-1-representation-2", 
              "rank-at-least-15-3^{1+4}:2-PGL-2916-0-index-6-dimension-1" ],
          containmentPathPositions := [ 137, 169, 55 ],
          directTargetKey := 
           "small-nonabelian-S3-PGL-36-12-index-6-dimension-1-representation-2\
",
          directTargetPosition := 169,
          disposition := "contained_same_dimension",
          familyDimension := 1,
          finalStatus := "known_saturated",
          finalTargetKey := 
           "rank-at-least-15-3^{1+4}:2-PGL-2916-0-index-6-dimension-1",
          finalTargetPosition := 55,
          fullIndex := 6,
          groupOrder := 54,
          inputPosition := 137,
          inputSaturationTag := "check",
          key := 
           "small-nonabelian-C3-PGL-18-3-index-6-dimension-1-representation-2"
           ,
          linearGroupId := [ 54, 12 ],
          pathUndecidedCount := 0,
          projectiveGroupId := [ 18, 3 ],
          sourceCategory := "small_nonabelian",
          sourceUndecidedCount := 0,
          symplecticPart := "C3" ), rec(
          containmentPathEdgeNumbers := [ 16, 18 ],
          containmentPathKeys := 
           [ "small-nonabelian-C3-PGL-18-3-index-6-dimension-2", 
              "small-nonabelian-S3-PGL-36-12-index-6-dimension-2", 
              "rank-at-least-15-A_3,3-PGL-108-38-index-6-dimension-2" ],
          containmentPathPositions := [ 138, 170, 37 ],
          directTargetKey := 
           "small-nonabelian-S3-PGL-36-12-index-6-dimension-2",
          directTargetPosition := 170,
          disposition := "contained_same_dimension",
          familyDimension := 2,
          finalStatus := "computed_saturated",
          finalTargetKey := 
           "rank-at-least-15-A_3,3-PGL-108-38-index-6-dimension-2",
          finalTargetPosition := 37,
          fullIndex := 6,
          groupOrder := 54,
          inputPosition := 138,
          inputSaturationTag := "check",
          key := "small-nonabelian-C3-PGL-18-3-index-6-dimension-2",
          linearGroupId := [ 54, 12 ],
          pathUndecidedCount := 0,
          projectiveGroupId := [ 18, 3 ],
          sourceCategory := "small_nonabelian",
          sourceUndecidedCount := 0,
          symplecticPart := "C3" ), rec(
          containmentPathEdgeNumbers := [  ],
          containmentPathKeys := 
           [ "small-nonabelian-C3-PGL-18-3-index-6-dimension-3" ],
          containmentPathPositions := [ 139 ],
          directTargetKey := fail,
          directTargetPosition := fail,
          disposition := "computed_saturated",
          familyDimension := 3,
          finalStatus := "computed_saturated",
          finalTargetKey := "small-nonabelian-C3-PGL-18-3-index-6-dimension-3"
           ,
          finalTargetPosition := 139,
          fullIndex := 6,
          groupOrder := 54,
          inputPosition := 139,
          inputSaturationTag := "check",
          key := "small-nonabelian-C3-PGL-18-3-index-6-dimension-3",
          linearGroupId := [ 54, 12 ],
          pathUndecidedCount := 0,
          projectiveGroupId := [ 18, 3 ],
          sourceCategory := "small_nonabelian",
          sourceUndecidedCount := 0,
          symplecticPart := "C3" ), rec(
          containmentPathEdgeNumbers := [  ],
          containmentPathKeys := 
           [ "small-nonabelian-C3-PGL-6-1-index-2-dimension-8" ],
          containmentPathPositions := [ 140 ],
          directTargetKey := fail,
          directTargetPosition := fail,
          disposition := "known_saturated",
          familyDimension := 8,
          finalStatus := "known_saturated",
          finalTargetKey := "small-nonabelian-C3-PGL-6-1-index-2-dimension-8",
          finalTargetPosition := 140,
          fullIndex := 2,
          groupOrder := 18,
          inputPosition := 140,
          inputSaturationTag := "known_saturated",
          key := "small-nonabelian-C3-PGL-6-1-index-2-dimension-8",
          linearGroupId := [ 18, 3 ],
          pathUndecidedCount := 0,
          projectiveGroupId := [ 6, 1 ],
          sourceCategory := "small_nonabelian",
          sourceUndecidedCount := 0,
          symplecticPart := "C3" ), rec(
          containmentPathEdgeNumbers := [  ],
          containmentPathKeys := 
           [ "small-nonabelian-C2^2-PGL-12-3-index-3-dimension-3" ],
          containmentPathPositions := [ 141 ],
          directTargetKey := fail,
          directTargetPosition := fail,
          disposition := "computed_saturated",
          familyDimension := 3,
          finalStatus := "computed_saturated",
          finalTargetKey := 
           "small-nonabelian-C2^2-PGL-12-3-index-3-dimension-3",
          finalTargetPosition := 141,
          fullIndex := 3,
          groupOrder := 36,
          inputPosition := 141,
          inputSaturationTag := "check",
          key := "small-nonabelian-C2^2-PGL-12-3-index-3-dimension-3",
          linearGroupId := [ 36, 11 ],
          pathUndecidedCount := 0,
          projectiveGroupId := [ 12, 3 ],
          sourceCategory := "small_nonabelian",
          sourceUndecidedCount := 0,
          symplecticPart := "C2^2" ), rec(
          containmentPathEdgeNumbers := [ 15 ],
          containmentPathKeys := 
           [ "small-nonabelian-C2^2-PGL-12-3-index-3-dimension-2", 
              "small-nonabelian-C2^2-PGL-24-13-index-6-dimension-2-representat\
ion-2" ],
          containmentPathPositions := [ 142, 146 ],
          directTargetKey := 
           "small-nonabelian-C2^2-PGL-24-13-index-6-dimension-2-representation\
-2",
          directTargetPosition := 146,
          disposition := "contained_same_dimension",
          familyDimension := 2,
          finalStatus := "computed_saturated",
          finalTargetKey := 
           "small-nonabelian-C2^2-PGL-24-13-index-6-dimension-2-representation\
-2",
          finalTargetPosition := 146,
          fullIndex := 3,
          groupOrder := 36,
          inputPosition := 142,
          inputSaturationTag := "check",
          key := "small-nonabelian-C2^2-PGL-12-3-index-3-dimension-2",
          linearGroupId := [ 36, 3 ],
          pathUndecidedCount := 0,
          projectiveGroupId := [ 12, 3 ],
          sourceCategory := "small_nonabelian",
          sourceUndecidedCount := 0,
          symplecticPart := "C2^2" ), rec(
          containmentPathEdgeNumbers := [ 21 ],
          containmentPathKeys := 
           [ "small-nonabelian-C2^2-PGL-8-3-index-2-dimension-4", 
              "rank-at-least-15-D_8-PGL-16-11-index-2-dimension-4" ],
          containmentPathPositions := [ 143, 2 ],
          directTargetKey := 
           "rank-at-least-15-D_8-PGL-16-11-index-2-dimension-4",
          directTargetPosition := 2,
          disposition := "contained_same_dimension",
          familyDimension := 4,
          finalStatus := "computed_saturated",
          finalTargetKey := 
           "rank-at-least-15-D_8-PGL-16-11-index-2-dimension-4",
          finalTargetPosition := 2,
          fullIndex := 2,
          groupOrder := 24,
          inputPosition := 143,
          inputSaturationTag := "check",
          key := "small-nonabelian-C2^2-PGL-8-3-index-2-dimension-4",
          linearGroupId := [ 24, 10 ],
          pathUndecidedCount := 0,
          projectiveGroupId := [ 8, 3 ],
          sourceCategory := "small_nonabelian",
          sourceUndecidedCount := 0,
          symplecticPart := "C2^2" ), rec(
          containmentPathEdgeNumbers := [  ],
          containmentPathKeys := 
           [ "small-nonabelian-C2^2-PGL-8-3-index-2-dimension-6" ],
          containmentPathPositions := [ 144 ],
          directTargetKey := fail,
          directTargetPosition := fail,
          disposition := "computed_saturated",
          familyDimension := 6,
          finalStatus := "computed_saturated",
          finalTargetKey := 
           "small-nonabelian-C2^2-PGL-8-3-index-2-dimension-6",
          finalTargetPosition := 144,
          fullIndex := 2,
          groupOrder := 24,
          inputPosition := 144,
          inputSaturationTag := "check",
          key := "small-nonabelian-C2^2-PGL-8-3-index-2-dimension-6",
          linearGroupId := [ 24, 10 ],
          pathUndecidedCount := 0,
          projectiveGroupId := [ 8, 3 ],
          sourceCategory := "small_nonabelian",
          sourceUndecidedCount := 0,
          symplecticPart := "C2^2" ), rec(
          containmentPathEdgeNumbers := [  ],
          containmentPathKeys := 
           [ "small-nonabelian-C2^2-PGL-24-13-index-6-dimension-2" ],
          containmentPathPositions := [ 145 ],
          directTargetKey := fail,
          directTargetPosition := fail,
          disposition := "computed_saturated",
          familyDimension := 2,
          finalStatus := "computed_saturated",
          finalTargetKey := 
           "small-nonabelian-C2^2-PGL-24-13-index-6-dimension-2",
          finalTargetPosition := 145,
          fullIndex := 6,
          groupOrder := 72,
          inputPosition := 145,
          inputSaturationTag := "check",
          key := "small-nonabelian-C2^2-PGL-24-13-index-6-dimension-2",
          linearGroupId := [ 72, 47 ],
          pathUndecidedCount := 0,
          projectiveGroupId := [ 24, 13 ],
          sourceCategory := "small_nonabelian",
          sourceUndecidedCount := 0,
          symplecticPart := "C2^2" ), rec(
          containmentPathEdgeNumbers := [  ],
          containmentPathKeys := 
           [ 
              "small-nonabelian-C2^2-PGL-24-13-index-6-dimension-2-representatio\
n-2" ],
          containmentPathPositions := [ 146 ],
          directTargetKey := fail,
          directTargetPosition := fail,
          disposition := "computed_saturated",
          familyDimension := 2,
          finalStatus := "computed_saturated",
          finalTargetKey := 
           "small-nonabelian-C2^2-PGL-24-13-index-6-dimension-2-representation\
-2",
          finalTargetPosition := 146,
          fullIndex := 6,
          groupOrder := 72,
          inputPosition := 146,
          inputSaturationTag := "check",
          key := 
           "small-nonabelian-C2^2-PGL-24-13-index-6-dimension-2-representation\
-2",
          linearGroupId := [ 72, 16 ],
          pathUndecidedCount := 0,
          projectiveGroupId := [ 24, 13 ],
          sourceCategory := "small_nonabelian",
          sourceUndecidedCount := 0,
          symplecticPart := "C2^2" ), rec(
          containmentPathEdgeNumbers := [  ],
          containmentPathKeys := 
           [ "small-nonabelian-C2^2-PGL-24-10-index-6-dimension-3" ],
          containmentPathPositions := [ 147 ],
          directTargetKey := fail,
          directTargetPosition := fail,
          disposition := "computed_saturated",
          familyDimension := 3,
          finalStatus := "computed_saturated",
          finalTargetKey := 
           "small-nonabelian-C2^2-PGL-24-10-index-6-dimension-3",
          finalTargetPosition := 147,
          fullIndex := 6,
          groupOrder := 72,
          inputPosition := 147,
          inputSaturationTag := "check",
          key := "small-nonabelian-C2^2-PGL-24-10-index-6-dimension-3",
          linearGroupId := [ 72, 37 ],
          pathUndecidedCount := 0,
          projectiveGroupId := [ 24, 10 ],
          sourceCategory := "small_nonabelian",
          sourceUndecidedCount := 0,
          symplecticPart := "C2^2" ), rec(
          containmentPathEdgeNumbers := [ 8 ],
          containmentPathKeys := 
           [ 
              "small-nonabelian-C2^2-PGL-24-10-index-6-dimension-1-representatio\
n-2", "rank-at-least-15-A_4,3-PGL-432-745-index-6-dimension-1" ],
          containmentPathPositions := [ 148, 52 ],
          directTargetKey := 
           "rank-at-least-15-A_4,3-PGL-432-745-index-6-dimension-1",
          directTargetPosition := 52,
          disposition := "contained_same_dimension",
          familyDimension := 1,
          finalStatus := "computed_saturated",
          finalTargetKey := 
           "rank-at-least-15-A_4,3-PGL-432-745-index-6-dimension-1",
          finalTargetPosition := 52,
          fullIndex := 6,
          groupOrder := 72,
          inputPosition := 148,
          inputSaturationTag := "check",
          key := 
           "small-nonabelian-C2^2-PGL-24-10-index-6-dimension-1-representation\
-2",
          linearGroupId := [ 72, 37 ],
          pathUndecidedCount := 0,
          projectiveGroupId := [ 24, 10 ],
          sourceCategory := "small_nonabelian",
          sourceUndecidedCount := 0,
          symplecticPart := "C2^2" ), rec(
          containmentPathEdgeNumbers := [ 9 ],
          containmentPathKeys := 
           [ 
              "small-nonabelian-C2^2-PGL-24-10-index-6-dimension-1-representatio\
n-3", "rank-at-least-15-A_4,3-PGL-432-745-index-6-dimension-1" ],
          containmentPathPositions := [ 149, 52 ],
          directTargetKey := 
           "rank-at-least-15-A_4,3-PGL-432-745-index-6-dimension-1",
          directTargetPosition := 52,
          disposition := "contained_same_dimension",
          familyDimension := 1,
          finalStatus := "computed_saturated",
          finalTargetKey := 
           "rank-at-least-15-A_4,3-PGL-432-745-index-6-dimension-1",
          finalTargetPosition := 52,
          fullIndex := 6,
          groupOrder := 72,
          inputPosition := 149,
          inputSaturationTag := "check",
          key := 
           "small-nonabelian-C2^2-PGL-24-10-index-6-dimension-1-representation\
-3",
          linearGroupId := [ 72, 37 ],
          pathUndecidedCount := 0,
          projectiveGroupId := [ 24, 10 ],
          sourceCategory := "small_nonabelian",
          sourceUndecidedCount := 0,
          symplecticPart := "C2^2" ), rec(
          containmentPathEdgeNumbers := [ 19 ],
          containmentPathKeys := 
           [ "small-nonabelian-C4-PGL-8-4-index-2-dimension-3", 
              "rank-at-least-15-D_8-PGL-16-13-index-2-dimension-3" ],
          containmentPathPositions := [ 150, 3 ],
          directTargetKey := 
           "rank-at-least-15-D_8-PGL-16-13-index-2-dimension-3",
          directTargetPosition := 3,
          disposition := "contained_same_dimension",
          familyDimension := 3,
          finalStatus := "computed_saturated",
          finalTargetKey := 
           "rank-at-least-15-D_8-PGL-16-13-index-2-dimension-3",
          finalTargetPosition := 3,
          fullIndex := 2,
          groupOrder := 24,
          inputPosition := 150,
          inputSaturationTag := "check",
          key := "small-nonabelian-C4-PGL-8-4-index-2-dimension-3",
          linearGroupId := [ 24, 11 ],
          pathUndecidedCount := 0,
          projectiveGroupId := [ 8, 4 ],
          sourceCategory := "small_nonabelian",
          sourceUndecidedCount := 0,
          symplecticPart := "C4" ), rec(
          containmentPathEdgeNumbers := [  ],
          containmentPathKeys := 
           [ "small-nonabelian-C4-PGL-8-3-index-2-dimension-3" ],
          containmentPathPositions := [ 151 ],
          directTargetKey := fail,
          directTargetPosition := fail,
          disposition := "computed_saturated",
          familyDimension := 3,
          finalStatus := "computed_saturated",
          finalTargetKey := "small-nonabelian-C4-PGL-8-3-index-2-dimension-3",
          finalTargetPosition := 151,
          fullIndex := 2,
          groupOrder := 24,
          inputPosition := 151,
          inputSaturationTag := "check",
          key := "small-nonabelian-C4-PGL-8-3-index-2-dimension-3",
          linearGroupId := [ 24, 10 ],
          pathUndecidedCount := 0,
          projectiveGroupId := [ 8, 3 ],
          sourceCategory := "small_nonabelian",
          sourceUndecidedCount := 0,
          symplecticPart := "C4" ), rec(
          containmentPathEdgeNumbers := [  ],
          containmentPathKeys := 
           [ "small-nonabelian-C4-PGL-8-3-index-2-dimension-5" ],
          containmentPathPositions := [ 152 ],
          directTargetKey := fail,
          directTargetPosition := fail,
          disposition := "computed_saturated",
          familyDimension := 5,
          finalStatus := "computed_saturated",
          finalTargetKey := "small-nonabelian-C4-PGL-8-3-index-2-dimension-5",
          finalTargetPosition := 152,
          fullIndex := 2,
          groupOrder := 24,
          inputPosition := 152,
          inputSaturationTag := "check",
          key := "small-nonabelian-C4-PGL-8-3-index-2-dimension-5",
          linearGroupId := [ 24, 10 ],
          pathUndecidedCount := 0,
          projectiveGroupId := [ 8, 3 ],
          sourceCategory := "small_nonabelian",
          sourceUndecidedCount := 0,
          symplecticPart := "C4" ), rec(
          containmentPathEdgeNumbers := [ 10 ],
          containmentPathKeys := 
           [ 
              "small-nonabelian-C4-PGL-24-10-index-6-dimension-1-representation-\
2", "rank-at-least-15-A_4,3-PGL-432-745-index-6-dimension-1" ],
          containmentPathPositions := [ 153, 52 ],
          directTargetKey := 
           "rank-at-least-15-A_4,3-PGL-432-745-index-6-dimension-1",
          directTargetPosition := 52,
          disposition := "contained_same_dimension",
          familyDimension := 1,
          finalStatus := "computed_saturated",
          finalTargetKey := 
           "rank-at-least-15-A_4,3-PGL-432-745-index-6-dimension-1",
          finalTargetPosition := 52,
          fullIndex := 6,
          groupOrder := 72,
          inputPosition := 153,
          inputSaturationTag := "check",
          key := 
           "small-nonabelian-C4-PGL-24-10-index-6-dimension-1-representation-2\
",
          linearGroupId := [ 72, 37 ],
          pathUndecidedCount := 0,
          projectiveGroupId := [ 24, 10 ],
          sourceCategory := "small_nonabelian",
          sourceUndecidedCount := 0,
          symplecticPart := "C4" ), rec(
          containmentPathEdgeNumbers := [  ],
          containmentPathKeys := 
           [ "small-nonabelian-C4-PGL-16-6-index-4-dimension-2" ],
          containmentPathPositions := [ 154 ],
          directTargetKey := fail,
          directTargetPosition := fail,
          disposition := "computed_saturated",
          familyDimension := 2,
          finalStatus := "computed_saturated",
          finalTargetKey := "small-nonabelian-C4-PGL-16-6-index-4-dimension-2"
           ,
          finalTargetPosition := 154,
          fullIndex := 4,
          groupOrder := 48,
          inputPosition := 154,
          inputSaturationTag := "check",
          key := "small-nonabelian-C4-PGL-16-6-index-4-dimension-2",
          linearGroupId := [ 48, 24 ],
          pathUndecidedCount := 0,
          projectiveGroupId := [ 16, 6 ],
          sourceCategory := "small_nonabelian",
          sourceUndecidedCount := 0,
          symplecticPart := "C4" ), rec(
          containmentPathEdgeNumbers := [  ],
          containmentPathKeys := 
           [ "small-nonabelian-S3-PGL-6-1-index-1-dimension-6" ],
          containmentPathPositions := [ 155 ],
          directTargetKey := fail,
          directTargetPosition := fail,
          disposition := "known_saturated",
          familyDimension := 6,
          finalStatus := "known_saturated",
          finalTargetKey := "small-nonabelian-S3-PGL-6-1-index-1-dimension-6",
          finalTargetPosition := 155,
          fullIndex := 1,
          groupOrder := 18,
          inputPosition := 155,
          inputSaturationTag := "known_saturated",
          key := "small-nonabelian-S3-PGL-6-1-index-1-dimension-6",
          linearGroupId := [ 18, 3 ],
          pathUndecidedCount := 0,
          projectiveGroupId := [ 6, 1 ],
          sourceCategory := "small_nonabelian",
          sourceUndecidedCount := 0,
          symplecticPart := "S3" ), rec(
          containmentPathEdgeNumbers := [  ],
          containmentPathKeys := 
           [ "small-nonabelian-S3-PGL-12-4-index-2-dimension-3" ],
          containmentPathPositions := [ 156 ],
          directTargetKey := fail,
          directTargetPosition := fail,
          disposition := "computed_saturated",
          familyDimension := 3,
          finalStatus := "computed_saturated",
          finalTargetKey := "small-nonabelian-S3-PGL-12-4-index-2-dimension-3"
           ,
          finalTargetPosition := 156,
          fullIndex := 2,
          groupOrder := 36,
          inputPosition := 156,
          inputSaturationTag := "check",
          key := "small-nonabelian-S3-PGL-12-4-index-2-dimension-3",
          linearGroupId := [ 36, 12 ],
          pathUndecidedCount := 0,
          projectiveGroupId := [ 12, 4 ],
          sourceCategory := "small_nonabelian",
          sourceUndecidedCount := 0,
          symplecticPart := "S3" ), rec(
          containmentPathEdgeNumbers := [  ],
          containmentPathKeys := 
           [ 
              "small-nonabelian-S3-PGL-12-4-index-2-dimension-3-representation-2\
" ],
          containmentPathPositions := [ 157 ],
          directTargetKey := fail,
          directTargetPosition := fail,
          disposition := "computed_saturated",
          familyDimension := 3,
          finalStatus := "computed_saturated",
          finalTargetKey := 
           "small-nonabelian-S3-PGL-12-4-index-2-dimension-3-representation-2"
           ,
          finalTargetPosition := 157,
          fullIndex := 2,
          groupOrder := 36,
          inputPosition := 157,
          inputSaturationTag := "check",
          key := 
           "small-nonabelian-S3-PGL-12-4-index-2-dimension-3-representation-2"
           ,
          linearGroupId := [ 36, 12 ],
          pathUndecidedCount := 0,
          projectiveGroupId := [ 12, 4 ],
          sourceCategory := "small_nonabelian",
          sourceUndecidedCount := 0,
          symplecticPart := "S3" ), rec(
          containmentPathEdgeNumbers := [ 17 ],
          containmentPathKeys := 
           [ "small-nonabelian-S3-PGL-18-3-index-3-dimension-2", 
              "rank-at-least-15-A_3,3-PGL-108-38-index-6-dimension-2" ],
          containmentPathPositions := [ 158, 37 ],
          directTargetKey := 
           "rank-at-least-15-A_3,3-PGL-108-38-index-6-dimension-2",
          directTargetPosition := 37,
          disposition := "contained_same_dimension",
          familyDimension := 2,
          finalStatus := "computed_saturated",
          finalTargetKey := 
           "rank-at-least-15-A_3,3-PGL-108-38-index-6-dimension-2",
          finalTargetPosition := 37,
          fullIndex := 3,
          groupOrder := 54,
          inputPosition := 158,
          inputSaturationTag := "check",
          key := "small-nonabelian-S3-PGL-18-3-index-3-dimension-2",
          linearGroupId := [ 54, 12 ],
          pathUndecidedCount := 0,
          projectiveGroupId := [ 18, 3 ],
          sourceCategory := "small_nonabelian",
          sourceUndecidedCount := 0,
          symplecticPart := "S3" ), rec(
          containmentPathEdgeNumbers := [ 2, 3 ],
          containmentPathKeys := 
           [ "small-nonabelian-S3-PGL-18-3-index-3-dimension-0", 
              "small-nonabelian-S3-PGL-36-12-index-6-dimension-0", 
              "rank-at-least-15-3^4:A_6-PGL-174960-0-index-6-dimension-0" ],
          containmentPathPositions := [ 159, 163, 76 ],
          directTargetKey := 
           "small-nonabelian-S3-PGL-36-12-index-6-dimension-0",
          directTargetPosition := 163,
          disposition := "contained_same_dimension",
          familyDimension := 0,
          finalStatus := "known_saturated",
          finalTargetKey := 
           "rank-at-least-15-3^4:A_6-PGL-174960-0-index-6-dimension-0",
          finalTargetPosition := 76,
          fullIndex := 3,
          groupOrder := 54,
          inputPosition := 159,
          inputSaturationTag := "check",
          key := "small-nonabelian-S3-PGL-18-3-index-3-dimension-0",
          linearGroupId := [ 54, 12 ],
          pathUndecidedCount := 0,
          projectiveGroupId := [ 18, 3 ],
          sourceCategory := "small_nonabelian",
          sourceUndecidedCount := 0,
          symplecticPart := "S3" ), rec(
          containmentPathEdgeNumbers := [  ],
          containmentPathKeys := 
           [ "small-nonabelian-S3-PGL-18-3-index-3-dimension-3" ],
          containmentPathPositions := [ 160 ],
          directTargetKey := fail,
          directTargetPosition := fail,
          disposition := "computed_saturated",
          familyDimension := 3,
          finalStatus := "computed_saturated",
          finalTargetKey := "small-nonabelian-S3-PGL-18-3-index-3-dimension-3"
           ,
          finalTargetPosition := 160,
          fullIndex := 3,
          groupOrder := 54,
          inputPosition := 160,
          inputSaturationTag := "check",
          key := "small-nonabelian-S3-PGL-18-3-index-3-dimension-3",
          linearGroupId := [ 54, 12 ],
          pathUndecidedCount := 0,
          projectiveGroupId := [ 18, 3 ],
          sourceCategory := "small_nonabelian",
          sourceUndecidedCount := 0,
          symplecticPart := "S3" ), rec(
          containmentPathEdgeNumbers := [  ],
          containmentPathKeys := 
           [ 
              "small-nonabelian-S3-PGL-18-3-index-3-dimension-2-representation-2\
" ],
          containmentPathPositions := [ 161 ],
          directTargetKey := fail,
          directTargetPosition := fail,
          disposition := "computed_saturated",
          familyDimension := 2,
          finalStatus := "computed_saturated",
          finalTargetKey := 
           "small-nonabelian-S3-PGL-18-3-index-3-dimension-2-representation-2"
           ,
          finalTargetPosition := 161,
          fullIndex := 3,
          groupOrder := 54,
          inputPosition := 161,
          inputSaturationTag := "check",
          key := 
           "small-nonabelian-S3-PGL-18-3-index-3-dimension-2-representation-2"
           ,
          linearGroupId := [ 54, 12 ],
          pathUndecidedCount := 0,
          projectiveGroupId := [ 18, 3 ],
          sourceCategory := "small_nonabelian",
          sourceUndecidedCount := 0,
          symplecticPart := "S3" ), rec(
          containmentPathEdgeNumbers := [ 11 ],
          containmentPathKeys := 
           [ "small-nonabelian-S3-PGL-36-12-index-6-dimension-1", 
              "rank-at-least-15-S_3,3-PGL-216-170-index-6-dimension-1" ],
          containmentPathPositions := [ 162, 41 ],
          directTargetKey := 
           "rank-at-least-15-S_3,3-PGL-216-170-index-6-dimension-1",
          directTargetPosition := 41,
          disposition := "contained_same_dimension",
          familyDimension := 1,
          finalStatus := "computed_saturated",
          finalTargetKey := 
           "rank-at-least-15-S_3,3-PGL-216-170-index-6-dimension-1",
          finalTargetPosition := 41,
          fullIndex := 6,
          groupOrder := 108,
          inputPosition := 162,
          inputSaturationTag := "check",
          key := "small-nonabelian-S3-PGL-36-12-index-6-dimension-1",
          linearGroupId := [ 108, 42 ],
          pathUndecidedCount := 0,
          projectiveGroupId := [ 36, 12 ],
          sourceCategory := "small_nonabelian",
          sourceUndecidedCount := 0,
          symplecticPart := "S3" ), rec(
          containmentPathEdgeNumbers := [ 3 ],
          containmentPathKeys := 
           [ "small-nonabelian-S3-PGL-36-12-index-6-dimension-0", 
              "rank-at-least-15-3^4:A_6-PGL-174960-0-index-6-dimension-0" ],
          containmentPathPositions := [ 163, 76 ],
          directTargetKey := 
           "rank-at-least-15-3^4:A_6-PGL-174960-0-index-6-dimension-0",
          directTargetPosition := 76,
          disposition := "contained_same_dimension",
          familyDimension := 0,
          finalStatus := "known_saturated",
          finalTargetKey := 
           "rank-at-least-15-3^4:A_6-PGL-174960-0-index-6-dimension-0",
          finalTargetPosition := 76,
          fullIndex := 6,
          groupOrder := 108,
          inputPosition := 163,
          inputSaturationTag := "check",
          key := "small-nonabelian-S3-PGL-36-12-index-6-dimension-0",
          linearGroupId := [ 108, 42 ],
          pathUndecidedCount := 0,
          projectiveGroupId := [ 36, 12 ],
          sourceCategory := "small_nonabelian",
          sourceUndecidedCount := 0,
          symplecticPart := "S3" ), rec(
          containmentPathEdgeNumbers := [ 4 ],
          containmentPathKeys := 
           [ 
              "small-nonabelian-S3-PGL-36-12-index-6-dimension-0-representation-\
2", "rank-at-least-15-3^4:A_6-PGL-174960-0-index-6-dimension-0" ],
          containmentPathPositions := [ 164, 76 ],
          directTargetKey := 
           "rank-at-least-15-3^4:A_6-PGL-174960-0-index-6-dimension-0",
          directTargetPosition := 76,
          disposition := "contained_same_dimension",
          familyDimension := 0,
          finalStatus := "known_saturated",
          finalTargetKey := 
           "rank-at-least-15-3^4:A_6-PGL-174960-0-index-6-dimension-0",
          finalTargetPosition := 76,
          fullIndex := 6,
          groupOrder := 108,
          inputPosition := 164,
          inputSaturationTag := "check",
          key := 
           "small-nonabelian-S3-PGL-36-12-index-6-dimension-0-representation-2\
",
          linearGroupId := [ 108, 42 ],
          pathUndecidedCount := 0,
          projectiveGroupId := [ 36, 12 ],
          sourceCategory := "small_nonabelian",
          sourceUndecidedCount := 0,
          symplecticPart := "S3" ), rec(
          containmentPathEdgeNumbers := [  ],
          containmentPathKeys := 
           [ "small-nonabelian-S3-PGL-12-4-index-2-dimension-6" ],
          containmentPathPositions := [ 165 ],
          directTargetKey := fail,
          directTargetPosition := fail,
          disposition := "known_saturated",
          familyDimension := 6,
          finalStatus := "known_saturated",
          finalTargetKey := "small-nonabelian-S3-PGL-12-4-index-2-dimension-6"
           ,
          finalTargetPosition := 165,
          fullIndex := 2,
          groupOrder := 36,
          inputPosition := 165,
          inputSaturationTag := "known_saturated",
          key := "small-nonabelian-S3-PGL-12-4-index-2-dimension-6",
          linearGroupId := [ 36, 12 ],
          pathUndecidedCount := 0,
          projectiveGroupId := [ 12, 4 ],
          sourceCategory := "small_nonabelian",
          sourceUndecidedCount := 0,
          symplecticPart := "S3" ), rec(
          containmentPathEdgeNumbers := [  ],
          containmentPathKeys := 
           [ "small-nonabelian-S3-PGL-24-5-index-4-dimension-3" ],
          containmentPathPositions := [ 166 ],
          directTargetKey := fail,
          directTargetPosition := fail,
          disposition := "computed_saturated",
          familyDimension := 3,
          finalStatus := "computed_saturated",
          finalTargetKey := "small-nonabelian-S3-PGL-24-5-index-4-dimension-3"
           ,
          finalTargetPosition := 166,
          fullIndex := 4,
          groupOrder := 72,
          inputPosition := 166,
          inputSaturationTag := "check",
          key := "small-nonabelian-S3-PGL-24-5-index-4-dimension-3",
          linearGroupId := [ 72, 27 ],
          pathUndecidedCount := 0,
          projectiveGroupId := [ 24, 5 ],
          sourceCategory := "small_nonabelian",
          sourceUndecidedCount := 0,
          symplecticPart := "S3" ), rec(
          containmentPathEdgeNumbers := [  ],
          containmentPathKeys := 
           [ "small-nonabelian-S3-PGL-36-12-index-6-dimension-3" ],
          containmentPathPositions := [ 167 ],
          directTargetKey := fail,
          directTargetPosition := fail,
          disposition := "computed_saturated",
          familyDimension := 3,
          finalStatus := "computed_saturated",
          finalTargetKey := 
           "small-nonabelian-S3-PGL-36-12-index-6-dimension-3",
          finalTargetPosition := 167,
          fullIndex := 6,
          groupOrder := 108,
          inputPosition := 167,
          inputSaturationTag := "check",
          key := "small-nonabelian-S3-PGL-36-12-index-6-dimension-3",
          linearGroupId := [ 108, 42 ],
          pathUndecidedCount := 0,
          projectiveGroupId := [ 36, 12 ],
          sourceCategory := "small_nonabelian",
          sourceUndecidedCount := 0,
          symplecticPart := "S3" ), rec(
          containmentPathEdgeNumbers := [  ],
          containmentPathKeys := 
           [ 
              "small-nonabelian-S3-PGL-36-12-index-6-dimension-3-representation-\
2" ],
          containmentPathPositions := [ 168 ],
          directTargetKey := fail,
          directTargetPosition := fail,
          disposition := "computed_saturated",
          familyDimension := 3,
          finalStatus := "computed_saturated",
          finalTargetKey := 
           "small-nonabelian-S3-PGL-36-12-index-6-dimension-3-representation-2\
",
          finalTargetPosition := 168,
          fullIndex := 6,
          groupOrder := 108,
          inputPosition := 168,
          inputSaturationTag := "check",
          key := 
           "small-nonabelian-S3-PGL-36-12-index-6-dimension-3-representation-2\
",
          linearGroupId := [ 108, 42 ],
          pathUndecidedCount := 0,
          projectiveGroupId := [ 36, 12 ],
          sourceCategory := "small_nonabelian",
          sourceUndecidedCount := 0,
          symplecticPart := "S3" ), rec(
          containmentPathEdgeNumbers := [ 12 ],
          containmentPathKeys := 
           [ 
              "small-nonabelian-S3-PGL-36-12-index-6-dimension-1-representation-\
2", "rank-at-least-15-3^{1+4}:2-PGL-2916-0-index-6-dimension-1" ],
          containmentPathPositions := [ 169, 55 ],
          directTargetKey := 
           "rank-at-least-15-3^{1+4}:2-PGL-2916-0-index-6-dimension-1",
          directTargetPosition := 55,
          disposition := "contained_same_dimension",
          familyDimension := 1,
          finalStatus := "known_saturated",
          finalTargetKey := 
           "rank-at-least-15-3^{1+4}:2-PGL-2916-0-index-6-dimension-1",
          finalTargetPosition := 55,
          fullIndex := 6,
          groupOrder := 108,
          inputPosition := 169,
          inputSaturationTag := "check",
          key := 
           "small-nonabelian-S3-PGL-36-12-index-6-dimension-1-representation-2\
",
          linearGroupId := [ 108, 42 ],
          pathUndecidedCount := 0,
          projectiveGroupId := [ 36, 12 ],
          sourceCategory := "small_nonabelian",
          sourceUndecidedCount := 0,
          symplecticPart := "S3" ), rec(
          containmentPathEdgeNumbers := [ 18 ],
          containmentPathKeys := 
           [ "small-nonabelian-S3-PGL-36-12-index-6-dimension-2", 
              "rank-at-least-15-A_3,3-PGL-108-38-index-6-dimension-2" ],
          containmentPathPositions := [ 170, 37 ],
          directTargetKey := 
           "rank-at-least-15-A_3,3-PGL-108-38-index-6-dimension-2",
          directTargetPosition := 37,
          disposition := "contained_same_dimension",
          familyDimension := 2,
          finalStatus := "computed_saturated",
          finalTargetKey := 
           "rank-at-least-15-A_3,3-PGL-108-38-index-6-dimension-2",
          finalTargetPosition := 37,
          fullIndex := 6,
          groupOrder := 108,
          inputPosition := 170,
          inputSaturationTag := "check",
          key := "small-nonabelian-S3-PGL-36-12-index-6-dimension-2",
          linearGroupId := [ 108, 42 ],
          pathUndecidedCount := 0,
          projectiveGroupId := [ 36, 12 ],
          sourceCategory := "small_nonabelian",
          sourceUndecidedCount := 0,
          symplecticPart := "S3" ), rec(
          containmentPathEdgeNumbers := [ 13 ],
          containmentPathKeys := 
           [ 
              "small-nonabelian-S3-PGL-36-12-index-6-dimension-1-representation-\
3", "rank-at-least-15-S_3,3-PGL-216-170-index-6-dimension-1" ],
          containmentPathPositions := [ 171, 41 ],
          directTargetKey := 
           "rank-at-least-15-S_3,3-PGL-216-170-index-6-dimension-1",
          directTargetPosition := 41,
          disposition := "contained_same_dimension",
          familyDimension := 1,
          finalStatus := "computed_saturated",
          finalTargetKey := 
           "rank-at-least-15-S_3,3-PGL-216-170-index-6-dimension-1",
          finalTargetPosition := 41,
          fullIndex := 6,
          groupOrder := 108,
          inputPosition := 171,
          inputSaturationTag := "check",
          key := 
           "small-nonabelian-S3-PGL-36-12-index-6-dimension-1-representation-3\
",
          linearGroupId := [ 108, 42 ],
          pathUndecidedCount := 0,
          projectiveGroupId := [ 36, 12 ],
          sourceCategory := "small_nonabelian",
          sourceUndecidedCount := 0,
          symplecticPart := "S3" ), rec(
          containmentPathEdgeNumbers := [  ],
          containmentPathKeys := 
           [ 
              "small-nonabelian-S3-PGL-36-12-index-6-dimension-2-representation-\
2" ],
          containmentPathPositions := [ 172 ],
          directTargetKey := fail,
          directTargetPosition := fail,
          disposition := "computed_saturated",
          familyDimension := 2,
          finalStatus := "computed_saturated",
          finalTargetKey := 
           "small-nonabelian-S3-PGL-36-12-index-6-dimension-2-representation-2\
",
          finalTargetPosition := 172,
          fullIndex := 6,
          groupOrder := 108,
          inputPosition := 172,
          inputSaturationTag := "check",
          key := 
           "small-nonabelian-S3-PGL-36-12-index-6-dimension-2-representation-2\
",
          linearGroupId := [ 108, 42 ],
          pathUndecidedCount := 0,
          projectiveGroupId := [ 36, 12 ],
          sourceCategory := "small_nonabelian",
          sourceUndecidedCount := 0,
          symplecticPart := "S3" ), rec(
          containmentPathEdgeNumbers := [  ],
          containmentPathKeys := 
           [ "small-nonabelian-S3-PGL-48-4-index-8-dimension-1" ],
          containmentPathPositions := [ 173 ],
          directTargetKey := fail,
          directTargetPosition := fail,
          disposition := "computed_saturated",
          familyDimension := 1,
          finalStatus := "computed_saturated",
          finalTargetKey := "small-nonabelian-S3-PGL-48-4-index-8-dimension-1"
           ,
          finalTargetPosition := 173,
          fullIndex := 8,
          groupOrder := 144,
          inputPosition := 173,
          inputSaturationTag := "check",
          key := "small-nonabelian-S3-PGL-48-4-index-8-dimension-1",
          linearGroupId := [ 144, 69 ],
          pathUndecidedCount := 0,
          projectiveGroupId := [ 48, 4 ],
          sourceCategory := "small_nonabelian",
          sourceUndecidedCount := 0,
          symplecticPart := "S3" ), rec(
          containmentPathEdgeNumbers := [  ],
          containmentPathKeys := 
           [ "small-nonabelian-S3-PGL-72-27-index-12-dimension-1" ],
          containmentPathPositions := [ 174 ],
          directTargetKey := fail,
          directTargetPosition := fail,
          disposition := "computed_saturated",
          familyDimension := 1,
          finalStatus := "computed_saturated",
          finalTargetKey := 
           "small-nonabelian-S3-PGL-72-27-index-12-dimension-1",
          finalTargetPosition := 174,
          fullIndex := 12,
          groupOrder := 216,
          inputPosition := 174,
          inputSaturationTag := "check",
          key := "small-nonabelian-S3-PGL-72-27-index-12-dimension-1",
          linearGroupId := [ 216, 136 ],
          pathUndecidedCount := 0,
          projectiveGroupId := [ 72, 27 ],
          sourceCategory := "small_nonabelian",
          sourceUndecidedCount := 0,
          symplecticPart := "S3" ), rec(
          containmentPathEdgeNumbers := [  ],
          containmentPathKeys := 
           [ 
              "small-nonabelian-S3-PGL-72-27-index-12-dimension-1-representation\
-2" ],
          containmentPathPositions := [ 175 ],
          directTargetKey := fail,
          directTargetPosition := fail,
          disposition := "computed_saturated",
          familyDimension := 1,
          finalStatus := "computed_saturated",
          finalTargetKey := 
           "small-nonabelian-S3-PGL-72-27-index-12-dimension-1-representation-\
2",
          finalTargetPosition := 175,
          fullIndex := 12,
          groupOrder := 216,
          inputPosition := 175,
          inputSaturationTag := "check",
          key := 
           "small-nonabelian-S3-PGL-72-27-index-12-dimension-1-representation-\
2",
          linearGroupId := [ 216, 136 ],
          pathUndecidedCount := 0,
          projectiveGroupId := [ 72, 27 ],
          sourceCategory := "small_nonabelian",
          sourceUndecidedCount := 0,
          symplecticPart := "S3" ), rec(
          containmentPathEdgeNumbers := [ 5 ],
          containmentPathKeys := 
           [ "small-nonabelian-S3-PGL-72-27-index-12-dimension-0", 
              "rank-at-least-15-3^{1+4}:2-PGL-5832-0-index-12-dimension-0" ],
          containmentPathPositions := [ 176, 56 ],
          directTargetKey := 
           "rank-at-least-15-3^{1+4}:2-PGL-5832-0-index-12-dimension-0",
          directTargetPosition := 56,
          disposition := "contained_same_dimension",
          familyDimension := 0,
          finalStatus := "known_saturated",
          finalTargetKey := 
           "rank-at-least-15-3^{1+4}:2-PGL-5832-0-index-12-dimension-0",
          finalTargetPosition := 56,
          fullIndex := 12,
          groupOrder := 216,
          inputPosition := 176,
          inputSaturationTag := "check",
          key := "small-nonabelian-S3-PGL-72-27-index-12-dimension-0",
          linearGroupId := [ 216, 136 ],
          pathUndecidedCount := 0,
          projectiveGroupId := [ 72, 27 ],
          sourceCategory := "small_nonabelian",
          sourceUndecidedCount := 0,
          symplecticPart := "S3" ), rec(
          containmentPathEdgeNumbers := [  ],
          containmentPathKeys := 
           [ "small-nonabelian-S3-PGL-144-69-index-24-dimension-0" ],
          containmentPathPositions := [ 177 ],
          directTargetKey := fail,
          directTargetPosition := fail,
          disposition := "known_saturated",
          familyDimension := 0,
          finalStatus := "known_saturated",
          finalTargetKey := 
           "small-nonabelian-S3-PGL-144-69-index-24-dimension-0",
          finalTargetPosition := 177,
          fullIndex := 24,
          groupOrder := 432,
          inputPosition := 177,
          inputSaturationTag := "known_saturated",
          key := "small-nonabelian-S3-PGL-144-69-index-24-dimension-0",
          linearGroupId := [ 432, 464 ],
          pathUndecidedCount := 0,
          projectiveGroupId := [ 144, 69 ],
          sourceCategory := "small_nonabelian",
          sourceUndecidedCount := 0,
          symplecticPart := "S3" ) ],
  inputAudit := rec(
      certifiedSmoothCount := 177,
      comparisonSourceCount := 117,
      dimensionZeroCount := 21,
      knownSaturatedCount := 60,
      unresolvedExcludedCount := 7 ),
  knownSaturatedSurvivorCount := 60,
  maximaComplete := true,
  noEmbeddingPairs := [ rec(
          familyDimension := 0,
          method := "filter",
          reason := "weak_fingerprint",
          sourceKey := "small-nonabelian-S3-PGL-18-3-index-3-dimension-0",
          sourceOrder := 54,
          sourcePosition := 159,
          status := "no_embedding",
          targetKey := "small-nonabelian-C3-PGL-18-3-index-6-dimension-0",
          targetOrder := 54,
          targetPosition := 133 ), rec(
          familyDimension := 0,
          method := "filter",
          reason := "weak_fingerprint",
          sourceKey := 
           "small-nonabelian-S3-PGL-36-12-index-6-dimension-0-representation-2\
",
          sourceOrder := 108,
          sourcePosition := 164,
          status := "no_embedding",
          targetKey := "small-nonabelian-S3-PGL-36-12-index-6-dimension-0",
          targetOrder := 108,
          targetPosition := 163 ), rec(
          familyDimension := 0,
          method := "A_strict",
          reason := "exhausted_no_verified_candidate",
          sourceKey := 
           "rank-at-least-15-PSL(2,7)-PGL-336-0-index-2-dimension-0-representa\
tion-2",
          sourceOrder := 1008,
          sourcePosition := 65,
          status := "no_embedding",
          targetKey := 
           "rank-at-least-15-PSL(2,7)-PGL-336-0-index-2-dimension-0",
          targetOrder := 1008,
          targetPosition := 64 ), rec(
          familyDimension := 0,
          method := "A_strict",
          reason := "exhausted_no_verified_candidate",
          sourceKey := 
           "rank-at-least-15-M_10-PGL-720-0-index-1-dimension-0-representation\
-2",
          sourceOrder := 2160,
          sourcePosition := 72,
          status := "no_embedding",
          targetKey := "rank-at-least-15-M_10-PGL-720-0-index-1-dimension-0",
          targetOrder := 2160,
          targetPosition := 71 ), rec(
          familyDimension := 1,
          method := "filter",
          reason := "weak_fingerprint",
          sourceKey := 
           "liftable-abelian-1-PGL-16-1-index-16-dimension-1-representation-2"
           ,
          sourceOrder := 48,
          sourcePosition := 129,
          status := "no_embedding",
          targetKey := "liftable-abelian-1-PGL-16-1-index-16-dimension-1",
          targetOrder := 48,
          targetPosition := 128 ), rec(
          familyDimension := 1,
          method := "documentary group IDs",
          reason := "different documented group IDs at equal order",
          sourceKey := "small-nonabelian-C3-PGL-18-3-index-6-dimension-1",
          sourceOrder := 54,
          sourcePosition := 132,
          status := "no_embedding",
          targetKey := "nonliftable-abelian-C3-PGL-18-5-index-6-dimension-1",
          targetOrder := 54,
          targetPosition := 131 ), rec(
          familyDimension := 1,
          method := "documentary group IDs",
          reason := "different documented group IDs at equal order",
          sourceKey := 
           "small-nonabelian-C3-PGL-18-3-index-6-dimension-1-representation-2"
           ,
          sourceOrder := 54,
          sourcePosition := 137,
          status := "no_embedding",
          targetKey := "nonliftable-abelian-C3-PGL-18-5-index-6-dimension-1",
          targetOrder := 54,
          targetPosition := 131 ), rec(
          familyDimension := 1,
          method := "filter",
          reason := "weak_fingerprint",
          sourceKey := 
           "small-nonabelian-C3-PGL-18-3-index-6-dimension-1-representation-2"
           ,
          sourceOrder := 54,
          sourcePosition := 137,
          status := "no_embedding",
          targetKey := "small-nonabelian-C3-PGL-18-3-index-6-dimension-1",
          targetOrder := 54,
          targetPosition := 132 ), rec(
          familyDimension := 1,
          method := "documentary group IDs",
          reason := "different documented group IDs at equal order",
          sourceKey := "liftable-abelian-C2-PGL-24-9-index-12-dimension-1",
          sourceOrder := 72,
          sourcePosition := 125,
          status := "no_embedding",
          targetKey := "rank-at-least-15-Q_8-PGL-24-3-index-3-dimension-1",
          targetOrder := 72,
          targetPosition := 26 ), rec(
          familyDimension := 1,
          method := "documentary group IDs",
          reason := "different documented group IDs at equal order",
          sourceKey := "liftable-abelian-1-PGL-24-2-index-24-dimension-1",
          sourceOrder := 72,
          sourcePosition := 126,
          status := "no_embedding",
          targetKey := "rank-at-least-15-Q_8-PGL-24-3-index-3-dimension-1",
          targetOrder := 72,
          targetPosition := 26 ), rec(
          familyDimension := 1,
          method := "documentary group IDs",
          reason := "different documented group IDs at equal order",
          sourceKey := "liftable-abelian-1-PGL-24-2-index-24-dimension-1",
          sourceOrder := 72,
          sourcePosition := 126,
          status := "no_embedding",
          targetKey := "liftable-abelian-C2-PGL-24-9-index-12-dimension-1",
          targetOrder := 72,
          targetPosition := 125 ), rec(
          familyDimension := 1,
          method := "documentary group IDs",
          reason := "different documented group IDs at equal order",
          sourceKey := 
           "liftable-abelian-1-PGL-24-2-index-24-dimension-1-representation-2"
           ,
          sourceOrder := 72,
          sourcePosition := 127,
          status := "no_embedding",
          targetKey := "rank-at-least-15-Q_8-PGL-24-3-index-3-dimension-1",
          targetOrder := 72,
          targetPosition := 26 ), rec(
          familyDimension := 1,
          method := "documentary group IDs",
          reason := "different documented group IDs at equal order",
          sourceKey := 
           "liftable-abelian-1-PGL-24-2-index-24-dimension-1-representation-2"
           ,
          sourceOrder := 72,
          sourcePosition := 127,
          status := "no_embedding",
          targetKey := "liftable-abelian-C2-PGL-24-9-index-12-dimension-1",
          targetOrder := 72,
          targetPosition := 125 ), rec(
          familyDimension := 1,
          method := "filter",
          reason := "weak_fingerprint",
          sourceKey := 
           "liftable-abelian-1-PGL-24-2-index-24-dimension-1-representation-2"
           ,
          sourceOrder := 72,
          sourcePosition := 127,
          status := "no_embedding",
          targetKey := "liftable-abelian-1-PGL-24-2-index-24-dimension-1",
          targetOrder := 72,
          targetPosition := 126 ), rec(
          familyDimension := 1,
          method := "documentary group IDs",
          reason := "different documented group IDs at equal order",
          sourceKey := 
           "small-nonabelian-C2^2-PGL-24-10-index-6-dimension-1-representation\
-2",
          sourceOrder := 72,
          sourcePosition := 148,
          status := "no_embedding",
          targetKey := "rank-at-least-15-Q_8-PGL-24-3-index-3-dimension-1",
          targetOrder := 72,
          targetPosition := 26 ), rec(
          familyDimension := 1,
          method := "documentary group IDs",
          reason := "different documented group IDs at equal order",
          sourceKey := 
           "small-nonabelian-C2^2-PGL-24-10-index-6-dimension-1-representation\
-2",
          sourceOrder := 72,
          sourcePosition := 148,
          status := "no_embedding",
          targetKey := "liftable-abelian-C2-PGL-24-9-index-12-dimension-1",
          targetOrder := 72,
          targetPosition := 125 ), rec(
          familyDimension := 1,
          method := "documentary group IDs",
          reason := "different documented group IDs at equal order",
          sourceKey := 
           "small-nonabelian-C2^2-PGL-24-10-index-6-dimension-1-representation\
-2",
          sourceOrder := 72,
          sourcePosition := 148,
          status := "no_embedding",
          targetKey := "liftable-abelian-1-PGL-24-2-index-24-dimension-1",
          targetOrder := 72,
          targetPosition := 126 ), rec(
          familyDimension := 1,
          method := "documentary group IDs",
          reason := "different documented group IDs at equal order",
          sourceKey := 
           "small-nonabelian-C2^2-PGL-24-10-index-6-dimension-1-representation\
-2",
          sourceOrder := 72,
          sourcePosition := 148,
          status := "no_embedding",
          targetKey := 
           "liftable-abelian-1-PGL-24-2-index-24-dimension-1-representation-2"
           ,
          targetOrder := 72,
          targetPosition := 127 ), rec(
          familyDimension := 1,
          method := "documentary group IDs",
          reason := "different documented group IDs at equal order",
          sourceKey := 
           "small-nonabelian-C2^2-PGL-24-10-index-6-dimension-1-representation\
-3",
          sourceOrder := 72,
          sourcePosition := 149,
          status := "no_embedding",
          targetKey := "rank-at-least-15-Q_8-PGL-24-3-index-3-dimension-1",
          targetOrder := 72,
          targetPosition := 26 ), rec(
          familyDimension := 1,
          method := "documentary group IDs",
          reason := "different documented group IDs at equal order",
          sourceKey := 
           "small-nonabelian-C2^2-PGL-24-10-index-6-dimension-1-representation\
-3",
          sourceOrder := 72,
          sourcePosition := 149,
          status := "no_embedding",
          targetKey := "liftable-abelian-C2-PGL-24-9-index-12-dimension-1",
          targetOrder := 72,
          targetPosition := 125 ), rec(
          familyDimension := 1,
          method := "documentary group IDs",
          reason := "different documented group IDs at equal order",
          sourceKey := 
           "small-nonabelian-C2^2-PGL-24-10-index-6-dimension-1-representation\
-3",
          sourceOrder := 72,
          sourcePosition := 149,
          status := "no_embedding",
          targetKey := "liftable-abelian-1-PGL-24-2-index-24-dimension-1",
          targetOrder := 72,
          targetPosition := 126 ), rec(
          familyDimension := 1,
          method := "documentary group IDs",
          reason := "different documented group IDs at equal order",
          sourceKey := 
           "small-nonabelian-C2^2-PGL-24-10-index-6-dimension-1-representation\
-3",
          sourceOrder := 72,
          sourcePosition := 149,
          status := "no_embedding",
          targetKey := 
           "liftable-abelian-1-PGL-24-2-index-24-dimension-1-representation-2"
           ,
          targetOrder := 72,
          targetPosition := 127 ), rec(
          familyDimension := 1,
          method := "filter",
          reason := "weak_fingerprint",
          sourceKey := 
           "small-nonabelian-C2^2-PGL-24-10-index-6-dimension-1-representation\
-3",
          sourceOrder := 72,
          sourcePosition := 149,
          status := "no_embedding",
          targetKey := 
           "small-nonabelian-C2^2-PGL-24-10-index-6-dimension-1-representation\
-2",
          targetOrder := 72,
          targetPosition := 148 ), rec(
          familyDimension := 1,
          method := "documentary group IDs",
          reason := "different documented group IDs at equal order",
          sourceKey := 
           "small-nonabelian-C4-PGL-24-10-index-6-dimension-1-representation-2\
",
          sourceOrder := 72,
          sourcePosition := 153,
          status := "no_embedding",
          targetKey := "rank-at-least-15-Q_8-PGL-24-3-index-3-dimension-1",
          targetOrder := 72,
          targetPosition := 26 ), rec(
          familyDimension := 1,
          method := "documentary group IDs",
          reason := "different documented group IDs at equal order",
          sourceKey := 
           "small-nonabelian-C4-PGL-24-10-index-6-dimension-1-representation-2\
",
          sourceOrder := 72,
          sourcePosition := 153,
          status := "no_embedding",
          targetKey := "liftable-abelian-C2-PGL-24-9-index-12-dimension-1",
          targetOrder := 72,
          targetPosition := 125 ), rec(
          familyDimension := 1,
          method := "documentary group IDs",
          reason := "different documented group IDs at equal order",
          sourceKey := 
           "small-nonabelian-C4-PGL-24-10-index-6-dimension-1-representation-2\
",
          sourceOrder := 72,
          sourcePosition := 153,
          status := "no_embedding",
          targetKey := "liftable-abelian-1-PGL-24-2-index-24-dimension-1",
          targetOrder := 72,
          targetPosition := 126 ), rec(
          familyDimension := 1,
          method := "documentary group IDs",
          reason := "different documented group IDs at equal order",
          sourceKey := 
           "small-nonabelian-C4-PGL-24-10-index-6-dimension-1-representation-2\
",
          sourceOrder := 72,
          sourcePosition := 153,
          status := "no_embedding",
          targetKey := 
           "liftable-abelian-1-PGL-24-2-index-24-dimension-1-representation-2"
           ,
          targetOrder := 72,
          targetPosition := 127 ), rec(
          familyDimension := 1,
          method := "filter",
          reason := "weak_fingerprint",
          sourceKey := 
           "small-nonabelian-C4-PGL-24-10-index-6-dimension-1-representation-2\
",
          sourceOrder := 72,
          sourcePosition := 153,
          status := "no_embedding",
          targetKey := 
           "small-nonabelian-C2^2-PGL-24-10-index-6-dimension-1-representation\
-2",
          targetOrder := 72,
          targetPosition := 148 ), rec(
          familyDimension := 1,
          method := "filter",
          reason := "weak_fingerprint",
          sourceKey := 
           "small-nonabelian-C4-PGL-24-10-index-6-dimension-1-representation-2\
",
          sourceOrder := 72,
          sourcePosition := 153,
          status := "no_embedding",
          targetKey := 
           "small-nonabelian-C2^2-PGL-24-10-index-6-dimension-1-representation\
-3",
          targetOrder := 72,
          targetPosition := 149 ), rec(
          familyDimension := 1,
          method := "documentary group IDs",
          reason := "different documented group IDs at equal order",
          sourceKey := "rank-at-least-15-Q_8-PGL-32-11-index-4-dimension-1",
          sourceOrder := 96,
          sourcePosition := 27,
          status := "no_embedding",
          targetKey := "rank-at-least-15-QD_16-PGL-32-42-index-2-dimension-1",
          targetOrder := 96,
          targetPosition := 32 ), rec(
          familyDimension := 1,
          method := "filter",
          reason := "weak_fingerprint",
          sourceKey := 
           "small-nonabelian-S3-PGL-36-12-index-6-dimension-1-representation-2\
",
          sourceOrder := 108,
          sourcePosition := 169,
          status := "no_embedding",
          targetKey := "small-nonabelian-S3-PGL-36-12-index-6-dimension-1",
          targetOrder := 108,
          targetPosition := 162 ), rec(
          familyDimension := 1,
          method := "filter",
          reason := "weak_fingerprint",
          sourceKey := 
           "small-nonabelian-S3-PGL-36-12-index-6-dimension-1-representation-3\
",
          sourceOrder := 108,
          sourcePosition := 171,
          status := "no_embedding",
          targetKey := "small-nonabelian-S3-PGL-36-12-index-6-dimension-1",
          targetOrder := 108,
          targetPosition := 162 ), rec(
          familyDimension := 1,
          method := "filter",
          reason := "weak_fingerprint",
          sourceKey := 
           "small-nonabelian-S3-PGL-36-12-index-6-dimension-1-representation-3\
",
          sourceOrder := 108,
          sourcePosition := 171,
          status := "no_embedding",
          targetKey := 
           "small-nonabelian-S3-PGL-36-12-index-6-dimension-1-representation-2\
",
          targetOrder := 108,
          targetPosition := 169 ), rec(
          familyDimension := 1,
          method := "documentary group IDs",
          reason := "different documented group IDs at equal order",
          sourceKey := "small-nonabelian-S3-PGL-48-4-index-8-dimension-1",
          sourceOrder := 144,
          sourcePosition := 173,
          status := "no_embedding",
          targetKey := "rank-at-least-15-T_48-PGL-48-0-index-1-dimension-1",
          targetOrder := 144,
          targetPosition := 57 ), rec(
          familyDimension := 1,
          method := "documentary group IDs",
          reason := "different documented group IDs at equal order",
          sourceKey := "rank-at-least-15-D_12-PGL-72-30-index-6-dimension-1",
          sourceOrder := 216,
          sourcePosition := 19,
          status := "no_embedding",
          targetKey := "rank-at-least-15-M_9-PGL-72-41-index-1-dimension-1",
          targetOrder := 216,
          targetPosition := 59 ), rec(
          familyDimension := 1,
          method := "documentary group IDs",
          reason := "different documented group IDs at equal order",
          sourceKey := "small-nonabelian-S3-PGL-72-27-index-12-dimension-1",
          sourceOrder := 216,
          sourcePosition := 174,
          status := "no_embedding",
          targetKey := "rank-at-least-15-M_9-PGL-72-41-index-1-dimension-1",
          targetOrder := 216,
          targetPosition := 59 ), rec(
          familyDimension := 1,
          method := "documentary group IDs",
          reason := "different documented group IDs at equal order",
          sourceKey := "small-nonabelian-S3-PGL-72-27-index-12-dimension-1",
          sourceOrder := 216,
          sourcePosition := 174,
          status := "no_embedding",
          targetKey := "rank-at-least-15-D_12-PGL-72-30-index-6-dimension-1",
          targetOrder := 216,
          targetPosition := 19 ), rec(
          familyDimension := 1,
          method := "documentary group IDs",
          reason := "different documented group IDs at equal order",
          sourceKey := 
           "small-nonabelian-S3-PGL-72-27-index-12-dimension-1-representation-\
2",
          sourceOrder := 216,
          sourcePosition := 175,
          status := "no_embedding",
          targetKey := "rank-at-least-15-M_9-PGL-72-41-index-1-dimension-1",
          targetOrder := 216,
          targetPosition := 59 ), rec(
          familyDimension := 1,
          method := "documentary group IDs",
          reason := "different documented group IDs at equal order",
          sourceKey := 
           "small-nonabelian-S3-PGL-72-27-index-12-dimension-1-representation-\
2",
          sourceOrder := 216,
          sourcePosition := 175,
          status := "no_embedding",
          targetKey := "rank-at-least-15-D_12-PGL-72-30-index-6-dimension-1",
          targetOrder := 216,
          targetPosition := 19 ), rec(
          familyDimension := 1,
          method := "filter",
          reason := "weak_fingerprint",
          sourceKey := 
           "small-nonabelian-S3-PGL-72-27-index-12-dimension-1-representation-\
2",
          sourceOrder := 216,
          sourcePosition := 175,
          status := "no_embedding",
          targetKey := "small-nonabelian-S3-PGL-72-27-index-12-dimension-1",
          targetOrder := 216,
          targetPosition := 174 ), rec(
          familyDimension := 1,
          method := "documentary group IDs",
          reason := "different documented group IDs at equal order",
          sourceKey := 
           "rank-at-least-15-A_4,3-PGL-144-189-index-2-dimension-1",
          sourceOrder := 432,
          sourcePosition := 51,
          status := "no_embedding",
          targetKey := "rank-at-least-15-N_72-PGL-144-186-index-2-dimension-1"
           ,
          targetOrder := 432,
          targetPosition := 58 ), rec(
          familyDimension := 1,
          method := "documentary group IDs",
          reason := "different documented group IDs at equal order",
          sourceKey := 
           "rank-at-least-15-S_3,3-PGL-216-157-index-6-dimension-1",
          sourceOrder := 648,
          sourcePosition := 44,
          status := "no_embedding",
          targetKey := 
           "rank-at-least-15-S_3,3-PGL-216-170-index-6-dimension-1",
          targetOrder := 648,
          targetPosition := 41 ), rec(
          familyDimension := 1,
          method := "documentary group IDs",
          reason := "different documented group IDs at equal order",
          sourceKey := "rank-at-least-15-A_5-PGL-360-119-index-6-dimension-1",
          sourceOrder := 1080,
          sourcePosition := 48,
          status := "no_embedding",
          targetKey := "rank-at-least-15-A_6-PGL-360-0-index-1-dimension-1",
          targetOrder := 1080,
          targetPosition := 67 ), rec(
          familyDimension := 1,
          method := "filter",
          reason := "element_order_multiset",
          sourceKey := 
           "rank-at-least-15-3^{1+4}:2.2-PGL-1944-0-index-2-dimension-1",
          sourceOrder := 5832,
          sourcePosition := 68,
          status := "no_embedding",
          targetKey := 
           "rank-at-least-15-3^{1+4}:2-PGL-1944-3493-index-4-dimension-1",
          targetOrder := 5832,
          targetPosition := 54 ), rec(
          familyDimension := 2,
          method := "filter",
          reason := "weak_fingerprint",
          sourceKey := 
           "liftable-abelian-1-PGL-12-2-index-12-dimension-2-representation-2"
           ,
          sourceOrder := 36,
          sourcePosition := 123,
          status := "no_embedding",
          targetKey := "liftable-abelian-1-PGL-12-2-index-12-dimension-2",
          targetOrder := 36,
          targetPosition := 122 ), rec(
          familyDimension := 2,
          method := "documentary group IDs",
          reason := "different documented group IDs at equal order",
          sourceKey := "small-nonabelian-C2^2-PGL-12-3-index-3-dimension-2",
          sourceOrder := 36,
          sourcePosition := 142,
          status := "no_embedding",
          targetKey := "liftable-abelian-1-PGL-12-2-index-12-dimension-2",
          targetOrder := 36,
          targetPosition := 122 ), rec(
          familyDimension := 2,
          method := "documentary group IDs",
          reason := "different documented group IDs at equal order",
          sourceKey := "small-nonabelian-C2^2-PGL-12-3-index-3-dimension-2",
          sourceOrder := 36,
          sourcePosition := 142,
          status := "no_embedding",
          targetKey := 
           "liftable-abelian-1-PGL-12-2-index-12-dimension-2-representation-2"
           ,
          targetOrder := 36,
          targetPosition := 123 ), rec(
          familyDimension := 2,
          method := "documentary group IDs",
          reason := "different documented group IDs at equal order",
          sourceKey := "rank-at-least-15-D_8-PGL-16-7-index-2-dimension-2",
          sourceOrder := 48,
          sourcePosition := 4,
          status := "no_embedding",
          targetKey := "rank-at-least-15-QD_16-PGL-16-0-index-1-dimension-2",
          targetOrder := 48,
          targetPosition := 31 ), rec(
          familyDimension := 2,
          method := "documentary group IDs",
          reason := "different documented group IDs at equal order",
          sourceKey := "rank-at-least-15-Q_8-PGL-16-13-index-2-dimension-2",
          sourceOrder := 48,
          sourcePosition := 25,
          status := "no_embedding",
          targetKey := "rank-at-least-15-QD_16-PGL-16-0-index-1-dimension-2",
          targetOrder := 48,
          targetPosition := 31 ), rec(
          familyDimension := 2,
          method := "documentary group IDs",
          reason := "different documented group IDs at equal order",
          sourceKey := "rank-at-least-15-Q_8-PGL-16-13-index-2-dimension-2",
          sourceOrder := 48,
          sourcePosition := 25,
          status := "no_embedding",
          targetKey := "rank-at-least-15-D_8-PGL-16-7-index-2-dimension-2",
          targetOrder := 48,
          targetPosition := 4 ), rec(
          familyDimension := 2,
          method := "documentary group IDs",
          reason := "different documented group IDs at equal order",
          sourceKey := "liftable-abelian-C4-PGL-16-2-index-4-dimension-2",
          sourceOrder := 48,
          sourcePosition := 120,
          status := "no_embedding",
          targetKey := "rank-at-least-15-QD_16-PGL-16-0-index-1-dimension-2",
          targetOrder := 48,
          targetPosition := 31 ), rec(
          familyDimension := 2,
          method := "documentary group IDs",
          reason := "different documented group IDs at equal order",
          sourceKey := "liftable-abelian-C4-PGL-16-2-index-4-dimension-2",
          sourceOrder := 48,
          sourcePosition := 120,
          status := "no_embedding",
          targetKey := "rank-at-least-15-D_8-PGL-16-7-index-2-dimension-2",
          targetOrder := 48,
          targetPosition := 4 ), rec(
          familyDimension := 2,
          method := "documentary group IDs",
          reason := "different documented group IDs at equal order",
          sourceKey := "liftable-abelian-C4-PGL-16-2-index-4-dimension-2",
          sourceOrder := 48,
          sourcePosition := 120,
          status := "no_embedding",
          targetKey := "rank-at-least-15-Q_8-PGL-16-13-index-2-dimension-2",
          targetOrder := 48,
          targetPosition := 25 ), rec(
          familyDimension := 2,
          method := "documentary group IDs",
          reason := "different documented group IDs at equal order",
          sourceKey := "liftable-abelian-C2-PGL-16-5-index-8-dimension-2",
          sourceOrder := 48,
          sourcePosition := 121,
          status := "no_embedding",
          targetKey := "rank-at-least-15-QD_16-PGL-16-0-index-1-dimension-2",
          targetOrder := 48,
          targetPosition := 31 ), rec(
          familyDimension := 2,
          method := "documentary group IDs",
          reason := "different documented group IDs at equal order",
          sourceKey := "liftable-abelian-C2-PGL-16-5-index-8-dimension-2",
          sourceOrder := 48,
          sourcePosition := 121,
          status := "no_embedding",
          targetKey := "rank-at-least-15-D_8-PGL-16-7-index-2-dimension-2",
          targetOrder := 48,
          targetPosition := 4 ), rec(
          familyDimension := 2,
          method := "documentary group IDs",
          reason := "different documented group IDs at equal order",
          sourceKey := "liftable-abelian-C2-PGL-16-5-index-8-dimension-2",
          sourceOrder := 48,
          sourcePosition := 121,
          status := "no_embedding",
          targetKey := "rank-at-least-15-Q_8-PGL-16-13-index-2-dimension-2",
          targetOrder := 48,
          targetPosition := 25 ), rec(
          familyDimension := 2,
          method := "documentary group IDs",
          reason := "different documented group IDs at equal order",
          sourceKey := "liftable-abelian-C2-PGL-16-5-index-8-dimension-2",
          sourceOrder := 48,
          sourcePosition := 121,
          status := "no_embedding",
          targetKey := "liftable-abelian-C4-PGL-16-2-index-4-dimension-2",
          targetOrder := 48,
          targetPosition := 120 ), rec(
          familyDimension := 2,
          method := "documentary group IDs",
          reason := "different documented group IDs at equal order",
          sourceKey := "small-nonabelian-C4-PGL-16-6-index-4-dimension-2",
          sourceOrder := 48,
          sourcePosition := 154,
          status := "no_embedding",
          targetKey := "rank-at-least-15-QD_16-PGL-16-0-index-1-dimension-2",
          targetOrder := 48,
          targetPosition := 31 ), rec(
          familyDimension := 2,
          method := "documentary group IDs",
          reason := "different documented group IDs at equal order",
          sourceKey := "small-nonabelian-C4-PGL-16-6-index-4-dimension-2",
          sourceOrder := 48,
          sourcePosition := 154,
          status := "no_embedding",
          targetKey := "rank-at-least-15-D_8-PGL-16-7-index-2-dimension-2",
          targetOrder := 48,
          targetPosition := 4 ), rec(
          familyDimension := 2,
          method := "documentary group IDs",
          reason := "different documented group IDs at equal order",
          sourceKey := "small-nonabelian-C4-PGL-16-6-index-4-dimension-2",
          sourceOrder := 48,
          sourcePosition := 154,
          status := "no_embedding",
          targetKey := "rank-at-least-15-Q_8-PGL-16-13-index-2-dimension-2",
          targetOrder := 48,
          targetPosition := 25 ), rec(
          familyDimension := 2,
          method := "documentary group IDs",
          reason := "different documented group IDs at equal order",
          sourceKey := "small-nonabelian-C4-PGL-16-6-index-4-dimension-2",
          sourceOrder := 48,
          sourcePosition := 154,
          status := "no_embedding",
          targetKey := "liftable-abelian-C4-PGL-16-2-index-4-dimension-2",
          targetOrder := 48,
          targetPosition := 120 ), rec(
          familyDimension := 2,
          method := "documentary group IDs",
          reason := "different documented group IDs at equal order",
          sourceKey := "small-nonabelian-C4-PGL-16-6-index-4-dimension-2",
          sourceOrder := 48,
          sourcePosition := 154,
          status := "no_embedding",
          targetKey := "liftable-abelian-C2-PGL-16-5-index-8-dimension-2",
          targetOrder := 48,
          targetPosition := 121 ), rec(
          familyDimension := 2,
          method := "documentary group IDs",
          reason := "different documented group IDs at equal order",
          sourceKey := "small-nonabelian-C3-PGL-18-3-index-6-dimension-2",
          sourceOrder := 54,
          sourcePosition := 138,
          status := "no_embedding",
          targetKey := "liftable-abelian-C3-PGL-18-5-index-6-dimension-2",
          targetOrder := 54,
          targetPosition := 119 ), rec(
          familyDimension := 2,
          method := "documentary group IDs",
          reason := "different documented group IDs at equal order",
          sourceKey := "small-nonabelian-S3-PGL-18-3-index-3-dimension-2",
          sourceOrder := 54,
          sourcePosition := 158,
          status := "no_embedding",
          targetKey := "liftable-abelian-C3-PGL-18-5-index-6-dimension-2",
          targetOrder := 54,
          targetPosition := 119 ), rec(
          familyDimension := 2,
          method := "filter",
          reason := "weak_fingerprint",
          sourceKey := "small-nonabelian-S3-PGL-18-3-index-3-dimension-2",
          sourceOrder := 54,
          sourcePosition := 158,
          status := "no_embedding",
          targetKey := "small-nonabelian-C3-PGL-18-3-index-6-dimension-2",
          targetOrder := 54,
          targetPosition := 138 ), rec(
          familyDimension := 2,
          method := "documentary group IDs",
          reason := "different documented group IDs at equal order",
          sourceKey := 
           "small-nonabelian-S3-PGL-18-3-index-3-dimension-2-representation-2"
           ,
          sourceOrder := 54,
          sourcePosition := 161,
          status := "no_embedding",
          targetKey := "liftable-abelian-C3-PGL-18-5-index-6-dimension-2",
          targetOrder := 54,
          targetPosition := 119 ), rec(
          familyDimension := 2,
          method := "filter",
          reason := "weak_fingerprint",
          sourceKey := 
           "small-nonabelian-S3-PGL-18-3-index-3-dimension-2-representation-2"
           ,
          sourceOrder := 54,
          sourcePosition := 161,
          status := "no_embedding",
          targetKey := "small-nonabelian-C3-PGL-18-3-index-6-dimension-2",
          targetOrder := 54,
          targetPosition := 138 ), rec(
          familyDimension := 2,
          method := "filter",
          reason := "weak_fingerprint",
          sourceKey := 
           "small-nonabelian-S3-PGL-18-3-index-3-dimension-2-representation-2"
           ,
          sourceOrder := 54,
          sourcePosition := 161,
          status := "no_embedding",
          targetKey := "small-nonabelian-S3-PGL-18-3-index-3-dimension-2",
          targetOrder := 54,
          targetPosition := 158 ), rec(
          familyDimension := 2,
          method := "documentary group IDs",
          reason := "different documented group IDs at equal order",
          sourceKey := "rank-at-least-15-D_10-PGL-20-4-index-2-dimension-2",
          sourceOrder := 60,
          sourcePosition := 6,
          status := "no_embedding",
          targetKey := "rank-at-least-15-Hol_5-PGL-20-0-index-1-dimension-2",
          targetOrder := 60,
          targetPosition := 33 ), rec(
          familyDimension := 2,
          method := "documentary group IDs",
          reason := "different documented group IDs at equal order",
          sourceKey := "rank-at-least-15-D_12-PGL-24-8-index-2-dimension-2",
          sourceOrder := 72,
          sourcePosition := 16,
          status := "no_embedding",
          targetKey := "rank-at-least-15-D_12-PGL-24-14-index-2-dimension-2",
          targetOrder := 72,
          targetPosition := 15 ), rec(
          familyDimension := 2,
          method := "documentary group IDs",
          reason := "different documented group IDs at equal order",
          sourceKey := "liftable-abelian-C2-PGL-24-9-index-12-dimension-2",
          sourceOrder := 72,
          sourcePosition := 118,
          status := "no_embedding",
          targetKey := "rank-at-least-15-D_12-PGL-24-14-index-2-dimension-2",
          targetOrder := 72,
          targetPosition := 15 ), rec(
          familyDimension := 2,
          method := "documentary group IDs",
          reason := "different documented group IDs at equal order",
          sourceKey := "liftable-abelian-C2-PGL-24-9-index-12-dimension-2",
          sourceOrder := 72,
          sourcePosition := 118,
          status := "no_embedding",
          targetKey := "rank-at-least-15-D_12-PGL-24-8-index-2-dimension-2",
          targetOrder := 72,
          targetPosition := 16 ), rec(
          familyDimension := 2,
          method := "documentary group IDs",
          reason := "different documented group IDs at equal order",
          sourceKey := "small-nonabelian-C2^2-PGL-24-13-index-6-dimension-2",
          sourceOrder := 72,
          sourcePosition := 145,
          status := "no_embedding",
          targetKey := "rank-at-least-15-D_12-PGL-24-14-index-2-dimension-2",
          targetOrder := 72,
          targetPosition := 15 ), rec(
          familyDimension := 2,
          method := "documentary group IDs",
          reason := "different documented group IDs at equal order",
          sourceKey := "small-nonabelian-C2^2-PGL-24-13-index-6-dimension-2",
          sourceOrder := 72,
          sourcePosition := 145,
          status := "no_embedding",
          targetKey := "rank-at-least-15-D_12-PGL-24-8-index-2-dimension-2",
          targetOrder := 72,
          targetPosition := 16 ), rec(
          familyDimension := 2,
          method := "documentary group IDs",
          reason := "different documented group IDs at equal order",
          sourceKey := "small-nonabelian-C2^2-PGL-24-13-index-6-dimension-2",
          sourceOrder := 72,
          sourcePosition := 145,
          status := "no_embedding",
          targetKey := "liftable-abelian-C2-PGL-24-9-index-12-dimension-2",
          targetOrder := 72,
          targetPosition := 118 ), rec(
          familyDimension := 2,
          method := "documentary group IDs",
          reason := "different documented group IDs at equal order",
          sourceKey := 
           "small-nonabelian-C2^2-PGL-24-13-index-6-dimension-2-representation\
-2",
          sourceOrder := 72,
          sourcePosition := 146,
          status := "no_embedding",
          targetKey := "rank-at-least-15-D_12-PGL-24-14-index-2-dimension-2",
          targetOrder := 72,
          targetPosition := 15 ), rec(
          familyDimension := 2,
          method := "documentary group IDs",
          reason := "different documented group IDs at equal order",
          sourceKey := 
           "small-nonabelian-C2^2-PGL-24-13-index-6-dimension-2-representation\
-2",
          sourceOrder := 72,
          sourcePosition := 146,
          status := "no_embedding",
          targetKey := "rank-at-least-15-D_12-PGL-24-8-index-2-dimension-2",
          targetOrder := 72,
          targetPosition := 16 ), rec(
          familyDimension := 2,
          method := "documentary group IDs",
          reason := "different documented group IDs at equal order",
          sourceKey := 
           "small-nonabelian-C2^2-PGL-24-13-index-6-dimension-2-representation\
-2",
          sourceOrder := 72,
          sourcePosition := 146,
          status := "no_embedding",
          targetKey := "liftable-abelian-C2-PGL-24-9-index-12-dimension-2",
          targetOrder := 72,
          targetPosition := 118 ), rec(
          familyDimension := 2,
          method := "documentary group IDs",
          reason := "different documented group IDs at equal order",
          sourceKey := 
           "small-nonabelian-C2^2-PGL-24-13-index-6-dimension-2-representation\
-2",
          sourceOrder := 72,
          sourcePosition := 146,
          status := "no_embedding",
          targetKey := "small-nonabelian-C2^2-PGL-24-13-index-6-dimension-2",
          targetOrder := 72,
          targetPosition := 145 ), rec(
          familyDimension := 2,
          method := "documentary group IDs",
          reason := "different documented group IDs at equal order",
          sourceKey := "rank-at-least-15-A_4-PGL-36-11-index-3-dimension-2",
          sourceOrder := 108,
          sourcePosition := 11,
          status := "no_embedding",
          targetKey := "rank-at-least-15-3^2.4-PGL-36-0-index-1-dimension-2",
          targetOrder := 108,
          targetPosition := 42 ), rec(
          familyDimension := 2,
          method := "documentary group IDs",
          reason := "different documented group IDs at equal order",
          sourceKey := "rank-at-least-15-D_12-PGL-36-12-index-3-dimension-2",
          sourceOrder := 108,
          sourcePosition := 17,
          status := "no_embedding",
          targetKey := "rank-at-least-15-3^2.4-PGL-36-0-index-1-dimension-2",
          targetOrder := 108,
          targetPosition := 42 ), rec(
          familyDimension := 2,
          method := "documentary group IDs",
          reason := "different documented group IDs at equal order",
          sourceKey := "rank-at-least-15-D_12-PGL-36-12-index-3-dimension-2",
          sourceOrder := 108,
          sourcePosition := 17,
          status := "no_embedding",
          targetKey := "rank-at-least-15-A_4-PGL-36-11-index-3-dimension-2",
          targetOrder := 108,
          targetPosition := 11 ), rec(
          familyDimension := 2,
          method := "documentary group IDs",
          reason := "different documented group IDs at equal order",
          sourceKey := "rank-at-least-15-A_3,3-PGL-36-13-index-2-dimension-2",
          sourceOrder := 108,
          sourcePosition := 22,
          status := "no_embedding",
          targetKey := "rank-at-least-15-3^2.4-PGL-36-0-index-1-dimension-2",
          targetOrder := 108,
          targetPosition := 42 ), rec(
          familyDimension := 2,
          method := "documentary group IDs",
          reason := "different documented group IDs at equal order",
          sourceKey := "rank-at-least-15-A_3,3-PGL-36-13-index-2-dimension-2",
          sourceOrder := 108,
          sourcePosition := 22,
          status := "no_embedding",
          targetKey := "rank-at-least-15-A_4-PGL-36-11-index-3-dimension-2",
          targetOrder := 108,
          targetPosition := 11 ), rec(
          familyDimension := 2,
          method := "documentary group IDs",
          reason := "different documented group IDs at equal order",
          sourceKey := "rank-at-least-15-A_3,3-PGL-36-13-index-2-dimension-2",
          sourceOrder := 108,
          sourcePosition := 22,
          status := "no_embedding",
          targetKey := "rank-at-least-15-D_12-PGL-36-12-index-3-dimension-2",
          targetOrder := 108,
          targetPosition := 17 ), rec(
          familyDimension := 2,
          method := "documentary group IDs",
          reason := "different documented group IDs at equal order",
          sourceKey := "small-nonabelian-S3-PGL-36-12-index-6-dimension-2",
          sourceOrder := 108,
          sourcePosition := 170,
          status := "no_embedding",
          targetKey := "rank-at-least-15-3^2.4-PGL-36-0-index-1-dimension-2",
          targetOrder := 108,
          targetPosition := 42 ), rec(
          familyDimension := 2,
          method := "documentary group IDs",
          reason := "different documented group IDs at equal order",
          sourceKey := "small-nonabelian-S3-PGL-36-12-index-6-dimension-2",
          sourceOrder := 108,
          sourcePosition := 170,
          status := "no_embedding",
          targetKey := "rank-at-least-15-A_4-PGL-36-11-index-3-dimension-2",
          targetOrder := 108,
          targetPosition := 11 ), rec(
          familyDimension := 2,
          method := "filter",
          reason := "weak_fingerprint",
          sourceKey := "small-nonabelian-S3-PGL-36-12-index-6-dimension-2",
          sourceOrder := 108,
          sourcePosition := 170,
          status := "no_embedding",
          targetKey := "rank-at-least-15-D_12-PGL-36-12-index-3-dimension-2",
          targetOrder := 108,
          targetPosition := 17 ), rec(
          familyDimension := 2,
          method := "documentary group IDs",
          reason := "different documented group IDs at equal order",
          sourceKey := "small-nonabelian-S3-PGL-36-12-index-6-dimension-2",
          sourceOrder := 108,
          sourcePosition := 170,
          status := "no_embedding",
          targetKey := "rank-at-least-15-A_3,3-PGL-36-13-index-2-dimension-2",
          targetOrder := 108,
          targetPosition := 22 ), rec(
          familyDimension := 2,
          method := "documentary group IDs",
          reason := "different documented group IDs at equal order",
          sourceKey := 
           "small-nonabelian-S3-PGL-36-12-index-6-dimension-2-representation-2\
",
          sourceOrder := 108,
          sourcePosition := 172,
          status := "no_embedding",
          targetKey := "rank-at-least-15-3^2.4-PGL-36-0-index-1-dimension-2",
          targetOrder := 108,
          targetPosition := 42 ), rec(
          familyDimension := 2,
          method := "documentary group IDs",
          reason := "different documented group IDs at equal order",
          sourceKey := 
           "small-nonabelian-S3-PGL-36-12-index-6-dimension-2-representation-2\
",
          sourceOrder := 108,
          sourcePosition := 172,
          status := "no_embedding",
          targetKey := "rank-at-least-15-A_4-PGL-36-11-index-3-dimension-2",
          targetOrder := 108,
          targetPosition := 11 ), rec(
          familyDimension := 2,
          method := "filter",
          reason := "weak_fingerprint",
          sourceKey := 
           "small-nonabelian-S3-PGL-36-12-index-6-dimension-2-representation-2\
",
          sourceOrder := 108,
          sourcePosition := 172,
          status := "no_embedding",
          targetKey := "rank-at-least-15-D_12-PGL-36-12-index-3-dimension-2",
          targetOrder := 108,
          targetPosition := 17 ), rec(
          familyDimension := 2,
          method := "documentary group IDs",
          reason := "different documented group IDs at equal order",
          sourceKey := 
           "small-nonabelian-S3-PGL-36-12-index-6-dimension-2-representation-2\
",
          sourceOrder := 108,
          sourcePosition := 172,
          status := "no_embedding",
          targetKey := "rank-at-least-15-A_3,3-PGL-36-13-index-2-dimension-2",
          targetOrder := 108,
          targetPosition := 22 ), rec(
          familyDimension := 2,
          method := "filter",
          reason := "weak_fingerprint",
          sourceKey := 
           "small-nonabelian-S3-PGL-36-12-index-6-dimension-2-representation-2\
",
          sourceOrder := 108,
          sourcePosition := 172,
          status := "no_embedding",
          targetKey := "small-nonabelian-S3-PGL-36-12-index-6-dimension-2",
          targetOrder := 108,
          targetPosition := 170 ), rec(
          familyDimension := 2,
          method := "documentary group IDs",
          reason := "different documented group IDs at equal order",
          sourceKey := "rank-at-least-15-S_3,3-PGL-72-40-index-2-dimension-2",
          sourceOrder := 216,
          sourcePosition := 40,
          status := "no_embedding",
          targetKey := "rank-at-least-15-S_3,3-PGL-72-46-index-2-dimension-2",
          targetOrder := 216,
          targetPosition := 39 ), rec(
          familyDimension := 2,
          method := "documentary group IDs",
          reason := "different documented group IDs at equal order",
          sourceKey := "rank-at-least-15-3^2.4-PGL-72-40-index-2-dimension-2",
          sourceOrder := 216,
          sourcePosition := 43,
          status := "no_embedding",
          targetKey := "rank-at-least-15-S_3,3-PGL-72-46-index-2-dimension-2",
          targetOrder := 216,
          targetPosition := 39 ), rec(
          familyDimension := 2,
          method := "filter",
          reason := "weak_fingerprint",
          sourceKey := "rank-at-least-15-3^2.4-PGL-72-40-index-2-dimension-2",
          sourceOrder := 216,
          sourcePosition := 43,
          status := "no_embedding",
          targetKey := "rank-at-least-15-S_3,3-PGL-72-40-index-2-dimension-2",
          targetOrder := 216,
          targetPosition := 40 ), rec(
          familyDimension := 2,
          method := "documentary group IDs",
          reason := "different documented group IDs at equal order",
          sourceKey := "rank-at-least-15-A_4,3-PGL-72-43-index-1-dimension-2",
          sourceOrder := 216,
          sourcePosition := 50,
          status := "no_embedding",
          targetKey := "rank-at-least-15-S_3,3-PGL-72-46-index-2-dimension-2",
          targetOrder := 216,
          targetPosition := 39 ), rec(
          familyDimension := 2,
          method := "documentary group IDs",
          reason := "different documented group IDs at equal order",
          sourceKey := "rank-at-least-15-A_4,3-PGL-72-43-index-1-dimension-2",
          sourceOrder := 216,
          sourcePosition := 50,
          status := "no_embedding",
          targetKey := "rank-at-least-15-S_3,3-PGL-72-40-index-2-dimension-2",
          targetOrder := 216,
          targetPosition := 40 ), rec(
          familyDimension := 2,
          method := "documentary group IDs",
          reason := "different documented group IDs at equal order",
          sourceKey := "rank-at-least-15-A_4,3-PGL-72-43-index-1-dimension-2",
          sourceOrder := 216,
          sourcePosition := 50,
          status := "no_embedding",
          targetKey := "rank-at-least-15-3^2.4-PGL-72-40-index-2-dimension-2",
          targetOrder := 216,
          targetPosition := 43 ), rec(
          familyDimension := 2,
          method := "documentary group IDs",
          reason := "different documented group IDs at equal order",
          sourceKey := "rank-at-least-15-A_4-PGL-72-42-index-6-dimension-2",
          sourceOrder := 216,
          sourcePosition := 12,
          status := "no_embedding",
          targetKey := "rank-at-least-15-S_3,3-PGL-72-46-index-2-dimension-2",
          targetOrder := 216,
          targetPosition := 39 ), rec(
          familyDimension := 2,
          method := "documentary group IDs",
          reason := "different documented group IDs at equal order",
          sourceKey := "rank-at-least-15-A_4-PGL-72-42-index-6-dimension-2",
          sourceOrder := 216,
          sourcePosition := 12,
          status := "no_embedding",
          targetKey := "rank-at-least-15-S_3,3-PGL-72-40-index-2-dimension-2",
          targetOrder := 216,
          targetPosition := 40 ), rec(
          familyDimension := 2,
          method := "documentary group IDs",
          reason := "different documented group IDs at equal order",
          sourceKey := "rank-at-least-15-A_4-PGL-72-42-index-6-dimension-2",
          sourceOrder := 216,
          sourcePosition := 12,
          status := "no_embedding",
          targetKey := "rank-at-least-15-3^2.4-PGL-72-40-index-2-dimension-2",
          targetOrder := 216,
          targetPosition := 43 ), rec(
          familyDimension := 2,
          method := "documentary group IDs",
          reason := "different documented group IDs at equal order",
          sourceKey := "rank-at-least-15-A_4-PGL-72-42-index-6-dimension-2",
          sourceOrder := 216,
          sourcePosition := 12,
          status := "no_embedding",
          targetKey := "rank-at-least-15-A_4,3-PGL-72-43-index-1-dimension-2",
          targetOrder := 216,
          targetPosition := 50 ), rec(
          familyDimension := 2,
          method := "documentary group IDs",
          reason := "different documented group IDs at equal order",
          sourceKey := "rank-at-least-15-D_12-PGL-72-48-index-6-dimension-2",
          sourceOrder := 216,
          sourcePosition := 18,
          status := "no_embedding",
          targetKey := "rank-at-least-15-S_3,3-PGL-72-46-index-2-dimension-2",
          targetOrder := 216,
          targetPosition := 39 ), rec(
          familyDimension := 2,
          method := "documentary group IDs",
          reason := "different documented group IDs at equal order",
          sourceKey := "rank-at-least-15-D_12-PGL-72-48-index-6-dimension-2",
          sourceOrder := 216,
          sourcePosition := 18,
          status := "no_embedding",
          targetKey := "rank-at-least-15-S_3,3-PGL-72-40-index-2-dimension-2",
          targetOrder := 216,
          targetPosition := 40 ), rec(
          familyDimension := 2,
          method := "documentary group IDs",
          reason := "different documented group IDs at equal order",
          sourceKey := "rank-at-least-15-D_12-PGL-72-48-index-6-dimension-2",
          sourceOrder := 216,
          sourcePosition := 18,
          status := "no_embedding",
          targetKey := "rank-at-least-15-3^2.4-PGL-72-40-index-2-dimension-2",
          targetOrder := 216,
          targetPosition := 43 ), rec(
          familyDimension := 2,
          method := "documentary group IDs",
          reason := "different documented group IDs at equal order",
          sourceKey := "rank-at-least-15-D_12-PGL-72-48-index-6-dimension-2",
          sourceOrder := 216,
          sourcePosition := 18,
          status := "no_embedding",
          targetKey := "rank-at-least-15-A_4,3-PGL-72-43-index-1-dimension-2",
          targetOrder := 216,
          targetPosition := 50 ), rec(
          familyDimension := 2,
          method := "documentary group IDs",
          reason := "different documented group IDs at equal order",
          sourceKey := "rank-at-least-15-D_12-PGL-72-48-index-6-dimension-2",
          sourceOrder := 216,
          sourcePosition := 18,
          status := "no_embedding",
          targetKey := "rank-at-least-15-A_4-PGL-72-42-index-6-dimension-2",
          targetOrder := 216,
          targetPosition := 12 ), rec(
          familyDimension := 2,
          method := "filter",
          reason := "weak_fingerprint",
          sourceKey := 
           "rank-at-least-15-A_3,3-PGL-108-38-index-6-dimension-2-representati\
on-2",
          sourceOrder := 324,
          sourcePosition := 38,
          status := "no_embedding",
          targetKey := "rank-at-least-15-A_3,3-PGL-108-38-index-6-dimension-2"
           ,
          targetOrder := 324,
          targetPosition := 37 ), rec(
          familyDimension := 3,
          method := "documentary group IDs",
          reason := "different documented group IDs at equal order",
          sourceKey := "liftable-abelian-1-PGL-8-1-index-8-dimension-3",
          sourceOrder := 24,
          sourcePosition := 114,
          status := "no_embedding",
          targetKey := "rank-at-least-15-Q_8-PGL-8-0-index-1-dimension-3",
          targetOrder := 24,
          targetPosition := 24 ), rec(
          familyDimension := 3,
          method := "documentary group IDs",
          reason := "different documented group IDs at equal order",
          sourceKey := 
           "liftable-abelian-1-PGL-8-1-index-8-dimension-3-representation-2",
          sourceOrder := 24,
          sourcePosition := 115,
          status := "no_embedding",
          targetKey := "rank-at-least-15-Q_8-PGL-8-0-index-1-dimension-3",
          targetOrder := 24,
          targetPosition := 24 ), rec(
          familyDimension := 3,
          method := "filter",
          reason := "weak_fingerprint",
          sourceKey := 
           "liftable-abelian-1-PGL-8-1-index-8-dimension-3-representation-2",
          sourceOrder := 24,
          sourcePosition := 115,
          status := "no_embedding",
          targetKey := "liftable-abelian-1-PGL-8-1-index-8-dimension-3",
          targetOrder := 24,
          targetPosition := 114 ), rec(
          familyDimension := 3,
          method := "documentary group IDs",
          reason := "different documented group IDs at equal order",
          sourceKey := 
           "liftable-abelian-1-PGL-8-1-index-8-dimension-3-representation-3",
          sourceOrder := 24,
          sourcePosition := 116,
          status := "no_embedding",
          targetKey := "rank-at-least-15-Q_8-PGL-8-0-index-1-dimension-3",
          targetOrder := 24,
          targetPosition := 24 ), rec(
          familyDimension := 3,
          method := "filter",
          reason := "weak_fingerprint",
          sourceKey := 
           "liftable-abelian-1-PGL-8-1-index-8-dimension-3-representation-3",
          sourceOrder := 24,
          sourcePosition := 116,
          status := "no_embedding",
          targetKey := "liftable-abelian-1-PGL-8-1-index-8-dimension-3",
          targetOrder := 24,
          targetPosition := 114 ), rec(
          familyDimension := 3,
          method := "filter",
          reason := "weak_fingerprint",
          sourceKey := 
           "liftable-abelian-1-PGL-8-1-index-8-dimension-3-representation-3",
          sourceOrder := 24,
          sourcePosition := 116,
          status := "no_embedding",
          targetKey := 
           "liftable-abelian-1-PGL-8-1-index-8-dimension-3-representation-2",
          targetOrder := 24,
          targetPosition := 115 ), rec(
          familyDimension := 3,
          method := "filter",
          reason := "weak_fingerprint",
          sourceKey := "small-nonabelian-C4-PGL-8-4-index-2-dimension-3",
          sourceOrder := 24,
          sourcePosition := 150,
          status := "no_embedding",
          targetKey := "rank-at-least-15-Q_8-PGL-8-0-index-1-dimension-3",
          targetOrder := 24,
          targetPosition := 24 ), rec(
          familyDimension := 3,
          method := "documentary group IDs",
          reason := "different documented group IDs at equal order",
          sourceKey := "small-nonabelian-C4-PGL-8-4-index-2-dimension-3",
          sourceOrder := 24,
          sourcePosition := 150,
          status := "no_embedding",
          targetKey := "liftable-abelian-1-PGL-8-1-index-8-dimension-3",
          targetOrder := 24,
          targetPosition := 114 ), rec(
          familyDimension := 3,
          method := "documentary group IDs",
          reason := "different documented group IDs at equal order",
          sourceKey := "small-nonabelian-C4-PGL-8-4-index-2-dimension-3",
          sourceOrder := 24,
          sourcePosition := 150,
          status := "no_embedding",
          targetKey := 
           "liftable-abelian-1-PGL-8-1-index-8-dimension-3-representation-2",
          targetOrder := 24,
          targetPosition := 115 ), rec(
          familyDimension := 3,
          method := "documentary group IDs",
          reason := "different documented group IDs at equal order",
          sourceKey := "small-nonabelian-C4-PGL-8-4-index-2-dimension-3",
          sourceOrder := 24,
          sourcePosition := 150,
          status := "no_embedding",
          targetKey := 
           "liftable-abelian-1-PGL-8-1-index-8-dimension-3-representation-3",
          targetOrder := 24,
          targetPosition := 116 ), rec(
          familyDimension := 3,
          method := "documentary group IDs",
          reason := "different documented group IDs at equal order",
          sourceKey := "small-nonabelian-C4-PGL-8-3-index-2-dimension-3",
          sourceOrder := 24,
          sourcePosition := 151,
          status := "no_embedding",
          targetKey := "rank-at-least-15-Q_8-PGL-8-0-index-1-dimension-3",
          targetOrder := 24,
          targetPosition := 24 ), rec(
          familyDimension := 3,
          method := "documentary group IDs",
          reason := "different documented group IDs at equal order",
          sourceKey := "small-nonabelian-C4-PGL-8-3-index-2-dimension-3",
          sourceOrder := 24,
          sourcePosition := 151,
          status := "no_embedding",
          targetKey := "liftable-abelian-1-PGL-8-1-index-8-dimension-3",
          targetOrder := 24,
          targetPosition := 114 ), rec(
          familyDimension := 3,
          method := "documentary group IDs",
          reason := "different documented group IDs at equal order",
          sourceKey := "small-nonabelian-C4-PGL-8-3-index-2-dimension-3",
          sourceOrder := 24,
          sourcePosition := 151,
          status := "no_embedding",
          targetKey := 
           "liftable-abelian-1-PGL-8-1-index-8-dimension-3-representation-2",
          targetOrder := 24,
          targetPosition := 115 ), rec(
          familyDimension := 3,
          method := "documentary group IDs",
          reason := "different documented group IDs at equal order",
          sourceKey := "small-nonabelian-C4-PGL-8-3-index-2-dimension-3",
          sourceOrder := 24,
          sourcePosition := 151,
          status := "no_embedding",
          targetKey := 
           "liftable-abelian-1-PGL-8-1-index-8-dimension-3-representation-3",
          targetOrder := 24,
          targetPosition := 116 ), rec(
          familyDimension := 3,
          method := "documentary group IDs",
          reason := "different documented group IDs at equal order",
          sourceKey := "small-nonabelian-C4-PGL-8-3-index-2-dimension-3",
          sourceOrder := 24,
          sourcePosition := 151,
          status := "no_embedding",
          targetKey := "small-nonabelian-C4-PGL-8-4-index-2-dimension-3",
          targetOrder := 24,
          targetPosition := 150 ), rec(
          familyDimension := 3,
          method := "filter",
          reason := "weak_fingerprint",
          sourceKey := 
           "liftable-abelian-1-PGL-12-2-index-12-dimension-3-representation-2"
           ,
          sourceOrder := 36,
          sourcePosition := 111,
          status := "no_embedding",
          targetKey := "liftable-abelian-1-PGL-12-2-index-12-dimension-3",
          targetOrder := 36,
          targetPosition := 110 ), rec(
          familyDimension := 3,
          method := "documentary group IDs",
          reason := "different documented group IDs at equal order",
          sourceKey := "liftable-abelian-C2-PGL-12-5-index-6-dimension-3",
          sourceOrder := 36,
          sourcePosition := 112,
          status := "no_embedding",
          targetKey := "liftable-abelian-1-PGL-12-2-index-12-dimension-3",
          targetOrder := 36,
          targetPosition := 110 ), rec(
          familyDimension := 3,
          method := "documentary group IDs",
          reason := "different documented group IDs at equal order",
          sourceKey := "liftable-abelian-C2-PGL-12-5-index-6-dimension-3",
          sourceOrder := 36,
          sourcePosition := 112,
          status := "no_embedding",
          targetKey := 
           "liftable-abelian-1-PGL-12-2-index-12-dimension-3-representation-2"
           ,
          targetOrder := 36,
          targetPosition := 111 ), rec(
          familyDimension := 3,
          method := "documentary group IDs",
          reason := "different documented group IDs at equal order",
          sourceKey := "small-nonabelian-C2^2-PGL-12-3-index-3-dimension-3",
          sourceOrder := 36,
          sourcePosition := 141,
          status := "no_embedding",
          targetKey := "liftable-abelian-1-PGL-12-2-index-12-dimension-3",
          targetOrder := 36,
          targetPosition := 110 ), rec(
          familyDimension := 3,
          method := "documentary group IDs",
          reason := "different documented group IDs at equal order",
          sourceKey := "small-nonabelian-C2^2-PGL-12-3-index-3-dimension-3",
          sourceOrder := 36,
          sourcePosition := 141,
          status := "no_embedding",
          targetKey := 
           "liftable-abelian-1-PGL-12-2-index-12-dimension-3-representation-2"
           ,
          targetOrder := 36,
          targetPosition := 111 ), rec(
          familyDimension := 3,
          method := "documentary group IDs",
          reason := "different documented group IDs at equal order",
          sourceKey := "small-nonabelian-C2^2-PGL-12-3-index-3-dimension-3",
          sourceOrder := 36,
          sourcePosition := 141,
          status := "no_embedding",
          targetKey := "liftable-abelian-C2-PGL-12-5-index-6-dimension-3",
          targetOrder := 36,
          targetPosition := 112 ), rec(
          familyDimension := 3,
          method := "documentary group IDs",
          reason := "different documented group IDs at equal order",
          sourceKey := "small-nonabelian-S3-PGL-12-4-index-2-dimension-3",
          sourceOrder := 36,
          sourcePosition := 156,
          status := "no_embedding",
          targetKey := "liftable-abelian-1-PGL-12-2-index-12-dimension-3",
          targetOrder := 36,
          targetPosition := 110 ), rec(
          familyDimension := 3,
          method := "documentary group IDs",
          reason := "different documented group IDs at equal order",
          sourceKey := "small-nonabelian-S3-PGL-12-4-index-2-dimension-3",
          sourceOrder := 36,
          sourcePosition := 156,
          status := "no_embedding",
          targetKey := 
           "liftable-abelian-1-PGL-12-2-index-12-dimension-3-representation-2"
           ,
          targetOrder := 36,
          targetPosition := 111 ), rec(
          familyDimension := 3,
          method := "documentary group IDs",
          reason := "different documented group IDs at equal order",
          sourceKey := "small-nonabelian-S3-PGL-12-4-index-2-dimension-3",
          sourceOrder := 36,
          sourcePosition := 156,
          status := "no_embedding",
          targetKey := "liftable-abelian-C2-PGL-12-5-index-6-dimension-3",
          targetOrder := 36,
          targetPosition := 112 ), rec(
          familyDimension := 3,
          method := "documentary group IDs",
          reason := "different documented group IDs at equal order",
          sourceKey := "small-nonabelian-S3-PGL-12-4-index-2-dimension-3",
          sourceOrder := 36,
          sourcePosition := 156,
          status := "no_embedding",
          targetKey := "small-nonabelian-C2^2-PGL-12-3-index-3-dimension-3",
          targetOrder := 36,
          targetPosition := 141 ), rec(
          familyDimension := 3,
          method := "documentary group IDs",
          reason := "different documented group IDs at equal order",
          sourceKey := 
           "small-nonabelian-S3-PGL-12-4-index-2-dimension-3-representation-2"
           ,
          sourceOrder := 36,
          sourcePosition := 157,
          status := "no_embedding",
          targetKey := "liftable-abelian-1-PGL-12-2-index-12-dimension-3",
          targetOrder := 36,
          targetPosition := 110 ), rec(
          familyDimension := 3,
          method := "documentary group IDs",
          reason := "different documented group IDs at equal order",
          sourceKey := 
           "small-nonabelian-S3-PGL-12-4-index-2-dimension-3-representation-2"
           ,
          sourceOrder := 36,
          sourcePosition := 157,
          status := "no_embedding",
          targetKey := 
           "liftable-abelian-1-PGL-12-2-index-12-dimension-3-representation-2"
           ,
          targetOrder := 36,
          targetPosition := 111 ), rec(
          familyDimension := 3,
          method := "documentary group IDs",
          reason := "different documented group IDs at equal order",
          sourceKey := 
           "small-nonabelian-S3-PGL-12-4-index-2-dimension-3-representation-2"
           ,
          sourceOrder := 36,
          sourcePosition := 157,
          status := "no_embedding",
          targetKey := "liftable-abelian-C2-PGL-12-5-index-6-dimension-3",
          targetOrder := 36,
          targetPosition := 112 ), rec(
          familyDimension := 3,
          method := "documentary group IDs",
          reason := "different documented group IDs at equal order",
          sourceKey := 
           "small-nonabelian-S3-PGL-12-4-index-2-dimension-3-representation-2"
           ,
          sourceOrder := 36,
          sourcePosition := 157,
          status := "no_embedding",
          targetKey := "small-nonabelian-C2^2-PGL-12-3-index-3-dimension-3",
          targetOrder := 36,
          targetPosition := 141 ), rec(
          familyDimension := 3,
          method := "filter",
          reason := "weak_fingerprint",
          sourceKey := 
           "small-nonabelian-S3-PGL-12-4-index-2-dimension-3-representation-2"
           ,
          sourceOrder := 36,
          sourcePosition := 157,
          status := "no_embedding",
          targetKey := "small-nonabelian-S3-PGL-12-4-index-2-dimension-3",
          targetOrder := 36,
          targetPosition := 156 ), rec(
          familyDimension := 3,
          method := "filter",
          reason := "weak_fingerprint",
          sourceKey := "small-nonabelian-S3-PGL-18-3-index-3-dimension-3",
          sourceOrder := 54,
          sourcePosition := 160,
          status := "no_embedding",
          targetKey := "small-nonabelian-C3-PGL-18-3-index-6-dimension-3",
          targetOrder := 54,
          targetPosition := 139 ), rec(
          familyDimension := 3,
          method := "documentary group IDs",
          reason := "different documented group IDs at equal order",
          sourceKey := "rank-at-least-15-A_4-PGL-24-13-index-2-dimension-3",
          sourceOrder := 72,
          sourcePosition := 10,
          status := "no_embedding",
          targetKey := "rank-at-least-15-S_4-PGL-24-0-index-1-dimension-3",
          targetOrder := 72,
          targetPosition := 29 ), rec(
          familyDimension := 3,
          method := "documentary group IDs",
          reason := "different documented group IDs at equal order",
          sourceKey := "small-nonabelian-C2^2-PGL-24-10-index-6-dimension-3",
          sourceOrder := 72,
          sourcePosition := 147,
          status := "no_embedding",
          targetKey := "rank-at-least-15-S_4-PGL-24-0-index-1-dimension-3",
          targetOrder := 72,
          targetPosition := 29 ), rec(
          familyDimension := 3,
          method := "documentary group IDs",
          reason := "different documented group IDs at equal order",
          sourceKey := "small-nonabelian-C2^2-PGL-24-10-index-6-dimension-3",
          sourceOrder := 72,
          sourcePosition := 147,
          status := "no_embedding",
          targetKey := "rank-at-least-15-A_4-PGL-24-13-index-2-dimension-3",
          targetOrder := 72,
          targetPosition := 10 ), rec(
          familyDimension := 3,
          method := "documentary group IDs",
          reason := "different documented group IDs at equal order",
          sourceKey := "small-nonabelian-S3-PGL-24-5-index-4-dimension-3",
          sourceOrder := 72,
          sourcePosition := 166,
          status := "no_embedding",
          targetKey := "rank-at-least-15-S_4-PGL-24-0-index-1-dimension-3",
          targetOrder := 72,
          targetPosition := 29 ), rec(
          familyDimension := 3,
          method := "documentary group IDs",
          reason := "different documented group IDs at equal order",
          sourceKey := "small-nonabelian-S3-PGL-24-5-index-4-dimension-3",
          sourceOrder := 72,
          sourcePosition := 166,
          status := "no_embedding",
          targetKey := "rank-at-least-15-A_4-PGL-24-13-index-2-dimension-3",
          targetOrder := 72,
          targetPosition := 10 ), rec(
          familyDimension := 3,
          method := "documentary group IDs",
          reason := "different documented group IDs at equal order",
          sourceKey := "small-nonabelian-S3-PGL-24-5-index-4-dimension-3",
          sourceOrder := 72,
          sourcePosition := 166,
          status := "no_embedding",
          targetKey := "small-nonabelian-C2^2-PGL-24-10-index-6-dimension-3",
          targetOrder := 72,
          targetPosition := 147 ), rec(
          familyDimension := 3,
          method := "filter",
          reason := "weak_fingerprint",
          sourceKey := 
           "small-nonabelian-S3-PGL-36-12-index-6-dimension-3-representation-2\
",
          sourceOrder := 108,
          sourcePosition := 168,
          status := "no_embedding",
          targetKey := "small-nonabelian-S3-PGL-36-12-index-6-dimension-3",
          targetOrder := 108,
          targetPosition := 167 ), rec(
          familyDimension := 4,
          method := "filter",
          reason := "weak_fingerprint",
          sourceKey := "liftable-abelian-C3-PGL-6-2-index-2-dimension-4",
          sourceOrder := 18,
          sourcePosition := 106,
          status := "no_embedding",
          targetKey := "liftable-abelian-1-PGL-6-2-index-6-dimension-4",
          targetOrder := 18,
          targetPosition := 105 ), rec(
          familyDimension := 4,
          method := "filter",
          reason := "weak_fingerprint",
          sourceKey := "liftable-abelian-C2-PGL-6-2-index-3-dimension-4",
          sourceOrder := 18,
          sourcePosition := 107,
          status := "no_embedding",
          targetKey := "liftable-abelian-1-PGL-6-2-index-6-dimension-4",
          targetOrder := 18,
          targetPosition := 105 ), rec(
          familyDimension := 4,
          method := "filter",
          reason := "weak_fingerprint",
          sourceKey := "liftable-abelian-C2-PGL-6-2-index-3-dimension-4",
          sourceOrder := 18,
          sourcePosition := 107,
          status := "no_embedding",
          targetKey := "liftable-abelian-C3-PGL-6-2-index-2-dimension-4",
          targetOrder := 18,
          targetPosition := 106 ), rec(
          familyDimension := 4,
          method := "filter",
          reason := "weak_fingerprint",
          sourceKey := 
           "liftable-abelian-C3-PGL-6-2-index-2-dimension-4-representation-2",
          sourceOrder := 18,
          sourcePosition := 108,
          status := "no_embedding",
          targetKey := "liftable-abelian-1-PGL-6-2-index-6-dimension-4",
          targetOrder := 18,
          targetPosition := 105 ), rec(
          familyDimension := 4,
          method := "filter",
          reason := "weak_fingerprint",
          sourceKey := 
           "liftable-abelian-C3-PGL-6-2-index-2-dimension-4-representation-2",
          sourceOrder := 18,
          sourcePosition := 108,
          status := "no_embedding",
          targetKey := "liftable-abelian-C3-PGL-6-2-index-2-dimension-4",
          targetOrder := 18,
          targetPosition := 106 ), rec(
          familyDimension := 4,
          method := "filter",
          reason := "weak_fingerprint",
          sourceKey := 
           "liftable-abelian-C3-PGL-6-2-index-2-dimension-4-representation-2",
          sourceOrder := 18,
          sourcePosition := 108,
          status := "no_embedding",
          targetKey := "liftable-abelian-C2-PGL-6-2-index-3-dimension-4",
          targetOrder := 18,
          targetPosition := 107 ), rec(
          familyDimension := 4,
          method := "documentary group IDs",
          reason := "different documented group IDs at equal order",
          sourceKey := "small-nonabelian-C3-PGL-6-1-index-2-dimension-4",
          sourceOrder := 18,
          sourcePosition := 134,
          status := "no_embedding",
          targetKey := "liftable-abelian-1-PGL-6-2-index-6-dimension-4",
          targetOrder := 18,
          targetPosition := 105 ), rec(
          familyDimension := 4,
          method := "documentary group IDs",
          reason := "different documented group IDs at equal order",
          sourceKey := "small-nonabelian-C3-PGL-6-1-index-2-dimension-4",
          sourceOrder := 18,
          sourcePosition := 134,
          status := "no_embedding",
          targetKey := "liftable-abelian-C3-PGL-6-2-index-2-dimension-4",
          targetOrder := 18,
          targetPosition := 106 ), rec(
          familyDimension := 4,
          method := "documentary group IDs",
          reason := "different documented group IDs at equal order",
          sourceKey := "small-nonabelian-C3-PGL-6-1-index-2-dimension-4",
          sourceOrder := 18,
          sourcePosition := 134,
          status := "no_embedding",
          targetKey := "liftable-abelian-C2-PGL-6-2-index-3-dimension-4",
          targetOrder := 18,
          targetPosition := 107 ), rec(
          familyDimension := 4,
          method := "documentary group IDs",
          reason := "different documented group IDs at equal order",
          sourceKey := "small-nonabelian-C3-PGL-6-1-index-2-dimension-4",
          sourceOrder := 18,
          sourcePosition := 134,
          status := "no_embedding",
          targetKey := 
           "liftable-abelian-C3-PGL-6-2-index-2-dimension-4-representation-2",
          targetOrder := 18,
          targetPosition := 108 ), rec(
          familyDimension := 4,
          method := "filter",
          reason := "weak_fingerprint",
          sourceKey := "liftable-abelian-C4-PGL-8-2-index-2-dimension-4",
          sourceOrder := 24,
          sourcePosition := 104,
          status := "no_embedding",
          targetKey := "liftable-abelian-C2-PGL-8-2-index-4-dimension-4",
          targetOrder := 24,
          targetPosition := 103 ), rec(
          familyDimension := 4,
          method := "documentary group IDs",
          reason := "different documented group IDs at equal order",
          sourceKey := "small-nonabelian-C2^2-PGL-8-3-index-2-dimension-4",
          sourceOrder := 24,
          sourcePosition := 143,
          status := "no_embedding",
          targetKey := "liftable-abelian-C2-PGL-8-2-index-4-dimension-4",
          targetOrder := 24,
          targetPosition := 103 ), rec(
          familyDimension := 4,
          method := "documentary group IDs",
          reason := "different documented group IDs at equal order",
          sourceKey := "small-nonabelian-C2^2-PGL-8-3-index-2-dimension-4",
          sourceOrder := 24,
          sourcePosition := 143,
          status := "no_embedding",
          targetKey := "liftable-abelian-C4-PGL-8-2-index-2-dimension-4",
          targetOrder := 24,
          targetPosition := 104 ), rec(
          familyDimension := 4,
          method := "documentary group IDs",
          reason := "different documented group IDs at equal order",
          sourceKey := "rank-at-least-15-D_12-PGL-12-0-index-1-dimension-4",
          sourceOrder := 36,
          sourcePosition := 14,
          status := "no_embedding",
          targetKey := "rank-at-least-15-A_4-PGL-12-0-index-1-dimension-4",
          targetOrder := 36,
          targetPosition := 9 ), rec(
          familyDimension := 4,
          method := "documentary group IDs",
          reason := "different documented group IDs at equal order",
          sourceKey := "liftable-abelian-C2^2-PGL-12-5-index-3-dimension-4",
          sourceOrder := 36,
          sourcePosition := 101,
          status := "no_embedding",
          targetKey := "rank-at-least-15-A_4-PGL-12-0-index-1-dimension-4",
          targetOrder := 36,
          targetPosition := 9 ), rec(
          familyDimension := 4,
          method := "documentary group IDs",
          reason := "different documented group IDs at equal order",
          sourceKey := "liftable-abelian-C2^2-PGL-12-5-index-3-dimension-4",
          sourceOrder := 36,
          sourcePosition := 101,
          status := "no_embedding",
          targetKey := "rank-at-least-15-D_12-PGL-12-0-index-1-dimension-4",
          targetOrder := 36,
          targetPosition := 14 ), rec(
          familyDimension := 4,
          method := "documentary group IDs",
          reason := "different documented group IDs at equal order",
          sourceKey := "small-nonabelian-C3-PGL-18-3-index-6-dimension-4",
          sourceOrder := 54,
          sourcePosition := 135,
          status := "no_embedding",
          targetKey := "rank-at-least-15-A_3,3-PGL-18-0-index-1-dimension-4",
          targetOrder := 54,
          targetPosition := 20 ), rec(
          familyDimension := 4,
          method := "documentary group IDs",
          reason := "different documented group IDs at equal order",
          sourceKey := 
           "small-nonabelian-C3-PGL-18-3-index-6-dimension-4-representation-2"
           ,
          sourceOrder := 54,
          sourcePosition := 136,
          status := "no_embedding",
          targetKey := "rank-at-least-15-A_3,3-PGL-18-0-index-1-dimension-4",
          targetOrder := 54,
          targetPosition := 20 ), rec(
          familyDimension := 4,
          method := "filter",
          reason := "weak_fingerprint",
          sourceKey := 
           "small-nonabelian-C3-PGL-18-3-index-6-dimension-4-representation-2"
           ,
          sourceOrder := 54,
          sourcePosition := 136,
          status := "no_embedding",
          targetKey := "small-nonabelian-C3-PGL-18-3-index-6-dimension-4",
          targetOrder := 54,
          targetPosition := 135 ), rec(
          familyDimension := 4,
          method := "documentary group IDs",
          reason := "different documented group IDs at equal order",
          sourceKey := "rank-at-least-15-D_12-PGL-24-14-index-2-dimension-4",
          sourceOrder := 72,
          sourcePosition := 13,
          status := "no_embedding",
          targetKey := "rank-at-least-15-A_4-PGL-24-0-index-2-dimension-4",
          targetOrder := 72,
          targetPosition := 8 ), rec(
          familyDimension := 5,
          method := "documentary group IDs",
          reason := "different documented group IDs at equal order",
          sourceKey := "liftable-abelian-C2-PGL-8-2-index-4-dimension-5",
          sourceOrder := 24,
          sourcePosition := 98,
          status := "no_embedding",
          targetKey := "rank-at-least-15-D_8-PGL-8-0-index-1-dimension-5",
          targetOrder := 24,
          targetPosition := 1 ), rec(
          familyDimension := 5,
          method := "documentary group IDs",
          reason := "different documented group IDs at equal order",
          sourceKey := "liftable-abelian-C2^2-PGL-8-5-index-2-dimension-5",
          sourceOrder := 24,
          sourcePosition := 99,
          status := "no_embedding",
          targetKey := "rank-at-least-15-D_8-PGL-8-0-index-1-dimension-5",
          targetOrder := 24,
          targetPosition := 1 ), rec(
          familyDimension := 5,
          method := "documentary group IDs",
          reason := "different documented group IDs at equal order",
          sourceKey := "liftable-abelian-C2^2-PGL-8-5-index-2-dimension-5",
          sourceOrder := 24,
          sourcePosition := 99,
          status := "no_embedding",
          targetKey := "liftable-abelian-C2-PGL-8-2-index-4-dimension-5",
          targetOrder := 24,
          targetPosition := 98 ), rec(
          familyDimension := 5,
          method := "filter",
          reason := "weak_fingerprint",
          sourceKey := "small-nonabelian-C4-PGL-8-3-index-2-dimension-5",
          sourceOrder := 24,
          sourcePosition := 152,
          status := "no_embedding",
          targetKey := "rank-at-least-15-D_8-PGL-8-0-index-1-dimension-5",
          targetOrder := 24,
          targetPosition := 1 ), rec(
          familyDimension := 5,
          method := "documentary group IDs",
          reason := "different documented group IDs at equal order",
          sourceKey := "small-nonabelian-C4-PGL-8-3-index-2-dimension-5",
          sourceOrder := 24,
          sourcePosition := 152,
          status := "no_embedding",
          targetKey := "liftable-abelian-C2-PGL-8-2-index-4-dimension-5",
          targetOrder := 24,
          targetPosition := 98 ), rec(
          familyDimension := 5,
          method := "documentary group IDs",
          reason := "different documented group IDs at equal order",
          sourceKey := "small-nonabelian-C4-PGL-8-3-index-2-dimension-5",
          sourceOrder := 24,
          sourcePosition := 152,
          status := "no_embedding",
          targetKey := "liftable-abelian-C2^2-PGL-8-5-index-2-dimension-5",
          targetOrder := 24,
          targetPosition := 99 ), rec(
          familyDimension := 6,
          method := "documentary group IDs",
          reason := "different documented group IDs at equal order",
          sourceKey := "liftable-abelian-C2-PGL-4-2-index-2-dimension-6",
          sourceOrder := 12,
          sourcePosition := 95,
          status := "no_embedding",
          targetKey := "liftable-abelian-C4-PGL-4-1-index-1-dimension-6",
          targetOrder := 12,
          targetPosition := 94 ), rec(
          familyDimension := 6,
          method := "documentary group IDs",
          reason := "different documented group IDs at equal order",
          sourceKey := "liftable-abelian-C2-PGL-6-2-index-3-dimension-6",
          sourceOrder := 18,
          sourcePosition := 93,
          status := "no_embedding",
          targetKey := "small-nonabelian-S3-PGL-6-1-index-1-dimension-6",
          targetOrder := 18,
          targetPosition := 155 ), rec(
          familyDimension := 7,
          method := "filter",
          reason := "weak_fingerprint",
          sourceKey := 
           "liftable-abelian-1-PGL-4-1-index-4-dimension-7-representation-2",
          sourceOrder := 12,
          sourcePosition := 91,
          status := "no_embedding",
          targetKey := "liftable-abelian-1-PGL-4-1-index-4-dimension-7",
          targetOrder := 12,
          targetPosition := 90 ), rec(
          familyDimension := 8,
          method := "filter",
          reason := "weak_fingerprint",
          sourceKey := "liftable-abelian-C2-PGL-4-2-index-2-dimension-8",
          sourceOrder := 12,
          sourcePosition := 85,
          status := "no_embedding",
          targetKey := "liftable-abelian-C2^2-PGL-4-2-index-1-dimension-8",
          targetOrder := 12,
          targetPosition := 86 ), rec(
          familyDimension := 0,
          method := "filter",
          reason := "weak_fingerprint",
          sourceKey := "small-nonabelian-S3-PGL-36-12-index-6-dimension-0",
          sourceOrder := 108,
          sourcePosition := 163,
          status := "no_embedding",
          targetKey := "small-nonabelian-S3-PGL-72-27-index-12-dimension-0",
          targetOrder := 216,
          targetPosition := 176 ), rec(
          familyDimension := 0,
          method := "filter",
          reason := "weak_fingerprint",
          sourceKey := "small-nonabelian-S3-PGL-36-12-index-6-dimension-0",
          sourceOrder := 108,
          sourcePosition := 163,
          status := "no_embedding",
          targetKey := "small-nonabelian-S3-PGL-144-69-index-24-dimension-0",
          targetOrder := 432,
          targetPosition := 177 ), rec(
          familyDimension := 0,
          method := "abstract SmallGroup IDs",
          reason := 
           "the documented abstract target has no subgroup of the documented s\
ource type",
          sourceKey := "small-nonabelian-S3-PGL-36-12-index-6-dimension-0",
          sourceOrder := 108,
          sourcePosition := 163,
          status := "no_embedding",
          targetKey := "rank-at-least-15-M_9-PGL-216-0-index-3-dimension-0",
          targetOrder := 648,
          targetPosition := 60 ), rec(
          familyDimension := 0,
          method := "filter",
          reason := "weak_fingerprint",
          sourceKey := "small-nonabelian-S3-PGL-36-12-index-6-dimension-0",
          sourceOrder := 108,
          sourcePosition := 163,
          status := "no_embedding",
          targetKey := "rank-at-least-15-M_10-PGL-720-0-index-1-dimension-0",
          targetOrder := 2160,
          targetPosition := 71 ), rec(
          familyDimension := 0,
          method := "filter",
          reason := "weak_fingerprint",
          sourceKey := "small-nonabelian-S3-PGL-36-12-index-6-dimension-0",
          sourceOrder := 108,
          sourcePosition := 163,
          status := "no_embedding",
          targetKey := 
           "rank-at-least-15-M_10-PGL-720-0-index-1-dimension-0-representation\
-2",
          targetOrder := 2160,
          targetPosition := 72 ), rec(
          familyDimension := 0,
          method := "filter",
          reason := "weak_fingerprint",
          sourceKey := "small-nonabelian-S3-PGL-36-12-index-6-dimension-0",
          sourceOrder := 108,
          sourcePosition := 163,
          status := "no_embedding",
          targetKey := 
           "rank-at-least-15-L_2(11)-PGL-1980-0-index-3-dimension-0",
          targetOrder := 5940,
          targetPosition := 70 ), rec(
          familyDimension := 0,
          method := "filter",
          reason := "weak_fingerprint",
          sourceKey := "small-nonabelian-S3-PGL-36-12-index-6-dimension-0",
          sourceOrder := 108,
          sourcePosition := 163,
          status := "no_embedding",
          targetKey := "rank-at-least-15-A_3,5-PGL-2160-0-index-6-dimension-0"
           ,
          targetOrder := 6480,
          targetPosition := 69 ), rec(
          familyDimension := 0,
          method := "filter",
          reason := "weak_fingerprint",
          sourceKey := "small-nonabelian-S3-PGL-36-12-index-6-dimension-0",
          sourceOrder := 108,
          sourcePosition := 163,
          status := "no_embedding",
          targetKey := "rank-at-least-15-A_7-PGL-2520-0-index-1-dimension-0",
          targetOrder := 7560,
          targetPosition := 74 ), rec(
          familyDimension := 0,
          method := "filter",
          reason := "weak_fingerprint",
          sourceKey := "small-nonabelian-S3-PGL-36-12-index-6-dimension-0",
          sourceOrder := 108,
          sourcePosition := 163,
          status := "no_embedding",
          targetKey := "rank-at-least-15-A_7-PGL-5040-0-index-2-dimension-0",
          targetOrder := 15120,
          targetPosition := 75 ), rec(
          familyDimension := 0,
          method := "filter",
          reason := "weak_fingerprint",
          sourceKey := "small-nonabelian-S3-PGL-36-12-index-6-dimension-0",
          sourceOrder := 108,
          sourcePosition := 163,
          status := "no_embedding",
          targetKey := 
           "rank-at-least-15-3^{1+4}:2-PGL-5832-0-index-12-dimension-0",
          targetOrder := 17496,
          targetPosition := 56 ), rec(
          familyDimension := 0,
          method := "filter",
          reason := "weak_fingerprint",
          sourceKey := "small-nonabelian-S3-PGL-36-12-index-6-dimension-0",
          sourceOrder := 108,
          sourcePosition := 163,
          status := "no_embedding",
          targetKey := 
           "rank-at-least-15-3^{1+4}:2.2^2-PGL-7776-0-index-4-dimension-0",
          targetOrder := 23328,
          targetPosition := 73 ), rec(
          familyDimension := 0,
          method := "filter",
          reason := "weak_fingerprint",
          sourceKey := 
           "small-nonabelian-S3-PGL-36-12-index-6-dimension-0-representation-2\
",
          sourceOrder := 108,
          sourcePosition := 164,
          status := "no_embedding",
          targetKey := "small-nonabelian-S3-PGL-72-27-index-12-dimension-0",
          targetOrder := 216,
          targetPosition := 176 ), rec(
          familyDimension := 0,
          method := "filter",
          reason := "weak_fingerprint",
          sourceKey := 
           "small-nonabelian-S3-PGL-36-12-index-6-dimension-0-representation-2\
",
          sourceOrder := 108,
          sourcePosition := 164,
          status := "no_embedding",
          targetKey := "small-nonabelian-S3-PGL-144-69-index-24-dimension-0",
          targetOrder := 432,
          targetPosition := 177 ), rec(
          familyDimension := 0,
          method := "abstract SmallGroup IDs",
          reason := 
           "the documented abstract target has no subgroup of the documented s\
ource type",
          sourceKey := 
           "small-nonabelian-S3-PGL-36-12-index-6-dimension-0-representation-2\
",
          sourceOrder := 108,
          sourcePosition := 164,
          status := "no_embedding",
          targetKey := "rank-at-least-15-M_9-PGL-216-0-index-3-dimension-0",
          targetOrder := 648,
          targetPosition := 60 ), rec(
          familyDimension := 0,
          method := "filter",
          reason := "weak_fingerprint",
          sourceKey := 
           "small-nonabelian-S3-PGL-36-12-index-6-dimension-0-representation-2\
",
          sourceOrder := 108,
          sourcePosition := 164,
          status := "no_embedding",
          targetKey := "rank-at-least-15-M_10-PGL-720-0-index-1-dimension-0",
          targetOrder := 2160,
          targetPosition := 71 ), rec(
          familyDimension := 0,
          method := "filter",
          reason := "weak_fingerprint",
          sourceKey := 
           "small-nonabelian-S3-PGL-36-12-index-6-dimension-0-representation-2\
",
          sourceOrder := 108,
          sourcePosition := 164,
          status := "no_embedding",
          targetKey := 
           "rank-at-least-15-M_10-PGL-720-0-index-1-dimension-0-representation\
-2",
          targetOrder := 2160,
          targetPosition := 72 ), rec(
          familyDimension := 0,
          method := "filter",
          reason := "weak_fingerprint",
          sourceKey := 
           "small-nonabelian-S3-PGL-36-12-index-6-dimension-0-representation-2\
",
          sourceOrder := 108,
          sourcePosition := 164,
          status := "no_embedding",
          targetKey := 
           "rank-at-least-15-L_2(11)-PGL-1980-0-index-3-dimension-0",
          targetOrder := 5940,
          targetPosition := 70 ), rec(
          familyDimension := 0,
          method := "filter",
          reason := "weak_fingerprint",
          sourceKey := 
           "small-nonabelian-S3-PGL-36-12-index-6-dimension-0-representation-2\
",
          sourceOrder := 108,
          sourcePosition := 164,
          status := "no_embedding",
          targetKey := "rank-at-least-15-A_3,5-PGL-2160-0-index-6-dimension-0"
           ,
          targetOrder := 6480,
          targetPosition := 69 ), rec(
          familyDimension := 0,
          method := "filter",
          reason := "weak_fingerprint",
          sourceKey := 
           "small-nonabelian-S3-PGL-36-12-index-6-dimension-0-representation-2\
",
          sourceOrder := 108,
          sourcePosition := 164,
          status := "no_embedding",
          targetKey := "rank-at-least-15-A_7-PGL-2520-0-index-1-dimension-0",
          targetOrder := 7560,
          targetPosition := 74 ), rec(
          familyDimension := 0,
          method := "filter",
          reason := "weak_fingerprint",
          sourceKey := 
           "small-nonabelian-S3-PGL-36-12-index-6-dimension-0-representation-2\
",
          sourceOrder := 108,
          sourcePosition := 164,
          status := "no_embedding",
          targetKey := "rank-at-least-15-A_7-PGL-5040-0-index-2-dimension-0",
          targetOrder := 15120,
          targetPosition := 75 ), rec(
          familyDimension := 0,
          method := "filter",
          reason := "weak_fingerprint",
          sourceKey := 
           "small-nonabelian-S3-PGL-36-12-index-6-dimension-0-representation-2\
",
          sourceOrder := 108,
          sourcePosition := 164,
          status := "no_embedding",
          targetKey := 
           "rank-at-least-15-3^{1+4}:2-PGL-5832-0-index-12-dimension-0",
          targetOrder := 17496,
          targetPosition := 56 ), rec(
          familyDimension := 0,
          method := "filter",
          reason := "weak_fingerprint",
          sourceKey := 
           "small-nonabelian-S3-PGL-36-12-index-6-dimension-0-representation-2\
",
          sourceOrder := 108,
          sourcePosition := 164,
          status := "no_embedding",
          targetKey := 
           "rank-at-least-15-3^{1+4}:2.2^2-PGL-7776-0-index-4-dimension-0",
          targetOrder := 23328,
          targetPosition := 73 ), rec(
          familyDimension := 0,
          method := "filter",
          reason := "weak_fingerprint",
          sourceKey := "small-nonabelian-S3-PGL-72-27-index-12-dimension-0",
          sourceOrder := 216,
          sourcePosition := 176,
          status := "no_embedding",
          targetKey := "small-nonabelian-S3-PGL-144-69-index-24-dimension-0",
          targetOrder := 432,
          targetPosition := 177 ), rec(
          familyDimension := 0,
          method := "abstract SmallGroup IDs",
          reason := 
           "the documented abstract target has no subgroup of the documented s\
ource type",
          sourceKey := "small-nonabelian-S3-PGL-72-27-index-12-dimension-0",
          sourceOrder := 216,
          sourcePosition := 176,
          status := "no_embedding",
          targetKey := "rank-at-least-15-M_9-PGL-216-0-index-3-dimension-0",
          targetOrder := 648,
          targetPosition := 60 ), rec(
          familyDimension := 0,
          method := "filter",
          reason := "weak_fingerprint",
          sourceKey := "small-nonabelian-S3-PGL-72-27-index-12-dimension-0",
          sourceOrder := 216,
          sourcePosition := 176,
          status := "no_embedding",
          targetKey := "rank-at-least-15-M_10-PGL-720-0-index-1-dimension-0",
          targetOrder := 2160,
          targetPosition := 71 ), rec(
          familyDimension := 0,
          method := "filter",
          reason := "weak_fingerprint",
          sourceKey := "small-nonabelian-S3-PGL-72-27-index-12-dimension-0",
          sourceOrder := 216,
          sourcePosition := 176,
          status := "no_embedding",
          targetKey := 
           "rank-at-least-15-M_10-PGL-720-0-index-1-dimension-0-representation\
-2",
          targetOrder := 2160,
          targetPosition := 72 ), rec(
          familyDimension := 0,
          method := "filter",
          reason := "weak_fingerprint",
          sourceKey := "small-nonabelian-S3-PGL-72-27-index-12-dimension-0",
          sourceOrder := 216,
          sourcePosition := 176,
          status := "no_embedding",
          targetKey := "rank-at-least-15-A_3,5-PGL-2160-0-index-6-dimension-0"
           ,
          targetOrder := 6480,
          targetPosition := 69 ), rec(
          familyDimension := 0,
          method := "filter",
          reason := "weak_fingerprint",
          sourceKey := "small-nonabelian-S3-PGL-72-27-index-12-dimension-0",
          sourceOrder := 216,
          sourcePosition := 176,
          status := "no_embedding",
          targetKey := "rank-at-least-15-A_7-PGL-2520-0-index-1-dimension-0",
          targetOrder := 7560,
          targetPosition := 74 ), rec(
          familyDimension := 0,
          method := "filter",
          reason := "weak_fingerprint",
          sourceKey := "small-nonabelian-S3-PGL-72-27-index-12-dimension-0",
          sourceOrder := 216,
          sourcePosition := 176,
          status := "no_embedding",
          targetKey := "rank-at-least-15-A_7-PGL-5040-0-index-2-dimension-0",
          targetOrder := 15120,
          targetPosition := 75 ), rec(
          familyDimension := 1,
          method := "abstract SmallGroup IDs",
          reason := 
           "the documented abstract target has no subgroup of the documented s\
ource type",
          sourceKey := "liftable-abelian-1-PGL-16-1-index-16-dimension-1",
          sourceOrder := 48,
          sourcePosition := 128,
          status := "no_embedding",
          targetKey := "rank-at-least-15-QD_16-PGL-32-42-index-2-dimension-1",
          targetOrder := 96,
          targetPosition := 32 ), rec(
          familyDimension := 1,
          method := "abstract SmallGroup IDs",
          reason := 
           "the documented abstract target has no subgroup of the documented s\
ource type",
          sourceKey := "liftable-abelian-1-PGL-16-1-index-16-dimension-1",
          sourceOrder := 48,
          sourcePosition := 128,
          status := "no_embedding",
          targetKey := "rank-at-least-15-Q_8-PGL-32-11-index-4-dimension-1",
          targetOrder := 96,
          targetPosition := 27 ), rec(
          familyDimension := 1,
          method := "abstract SmallGroup IDs",
          reason := 
           "the documented abstract target has no subgroup of the documented s\
ource type",
          sourceKey := "liftable-abelian-1-PGL-16-1-index-16-dimension-1",
          sourceOrder := 48,
          sourcePosition := 128,
          status := "no_embedding",
          targetKey := "rank-at-least-15-T_48-PGL-48-0-index-1-dimension-1",
          targetOrder := 144,
          targetPosition := 57 ), rec(
          familyDimension := 1,
          method := "abstract SmallGroup IDs",
          reason := 
           "the documented abstract target has no subgroup of the documented s\
ource type",
          sourceKey := "liftable-abelian-1-PGL-16-1-index-16-dimension-1",
          sourceOrder := 48,
          sourcePosition := 128,
          status := "no_embedding",
          targetKey := "small-nonabelian-S3-PGL-48-4-index-8-dimension-1",
          targetOrder := 144,
          targetPosition := 173 ), rec(
          familyDimension := 1,
          method := "abstract SmallGroup IDs",
          reason := 
           "the documented abstract target has no subgroup of the documented s\
ource type",
          sourceKey := "liftable-abelian-1-PGL-16-1-index-16-dimension-1",
          sourceOrder := 48,
          sourcePosition := 128,
          status := "no_embedding",
          targetKey := "rank-at-least-15-N_72-PGL-144-186-index-2-dimension-1"
           ,
          targetOrder := 432,
          targetPosition := 58 ), rec(
          familyDimension := 1,
          method := "abstract SmallGroup IDs",
          reason := 
           "the documented abstract target has no subgroup of the documented s\
ource type",
          sourceKey := "liftable-abelian-1-PGL-16-1-index-16-dimension-1",
          sourceOrder := 48,
          sourcePosition := 128,
          status := "no_embedding",
          targetKey := 
           "rank-at-least-15-A_4,3-PGL-144-189-index-2-dimension-1",
          targetOrder := 432,
          targetPosition := 51 ), rec(
          familyDimension := 1,
          method := "abstract SmallGroup IDs",
          reason := 
           "the documented abstract target has no subgroup of the documented s\
ource type",
          sourceKey := "liftable-abelian-1-PGL-16-1-index-16-dimension-1",
          sourceOrder := 48,
          sourcePosition := 128,
          status := "no_embedding",
          targetKey := "rank-at-least-15-S_5-PGL-240-0-index-2-dimension-1",
          targetOrder := 720,
          targetPosition := 61 ), rec(
          familyDimension := 1,
          method := "abstract SmallGroup IDs",
          reason := 
           "the documented abstract target has no subgroup of the documented s\
ource type",
          sourceKey := "liftable-abelian-1-PGL-16-1-index-16-dimension-1",
          sourceOrder := 48,
          sourcePosition := 128,
          status := "no_embedding",
          targetKey := 
           "rank-at-least-15-A_4,3-PGL-432-745-index-6-dimension-1",
          targetOrder := 1296,
          targetPosition := 52 ), rec(
          familyDimension := 1,
          method := "filter",
          reason := "exponent",
          sourceKey := "liftable-abelian-1-PGL-16-1-index-16-dimension-1",
          sourceOrder := 48,
          sourcePosition := 128,
          status := "no_embedding",
          targetKey := "rank-at-least-15-A_6-PGL-720-0-index-2-dimension-1",
          targetOrder := 2160,
          targetPosition := 66 ), rec(
          familyDimension := 1,
          method := "abstract SmallGroup IDs",
          reason := 
           "the documented abstract target has no subgroup of the documented s\
ource type",
          sourceKey := 
           "liftable-abelian-1-PGL-16-1-index-16-dimension-1-representation-2"
           ,
          sourceOrder := 48,
          sourcePosition := 129,
          status := "no_embedding",
          targetKey := "rank-at-least-15-QD_16-PGL-32-42-index-2-dimension-1",
          targetOrder := 96,
          targetPosition := 32 ), rec(
          familyDimension := 1,
          method := "abstract SmallGroup IDs",
          reason := 
           "the documented abstract target has no subgroup of the documented s\
ource type",
          sourceKey := 
           "liftable-abelian-1-PGL-16-1-index-16-dimension-1-representation-2"
           ,
          sourceOrder := 48,
          sourcePosition := 129,
          status := "no_embedding",
          targetKey := "rank-at-least-15-Q_8-PGL-32-11-index-4-dimension-1",
          targetOrder := 96,
          targetPosition := 27 ), rec(
          familyDimension := 1,
          method := "abstract SmallGroup IDs",
          reason := 
           "the documented abstract target has no subgroup of the documented s\
ource type",
          sourceKey := 
           "liftable-abelian-1-PGL-16-1-index-16-dimension-1-representation-2"
           ,
          sourceOrder := 48,
          sourcePosition := 129,
          status := "no_embedding",
          targetKey := "rank-at-least-15-T_48-PGL-48-0-index-1-dimension-1",
          targetOrder := 144,
          targetPosition := 57 ), rec(
          familyDimension := 1,
          method := "abstract SmallGroup IDs",
          reason := 
           "the documented abstract target has no subgroup of the documented s\
ource type",
          sourceKey := 
           "liftable-abelian-1-PGL-16-1-index-16-dimension-1-representation-2"
           ,
          sourceOrder := 48,
          sourcePosition := 129,
          status := "no_embedding",
          targetKey := "small-nonabelian-S3-PGL-48-4-index-8-dimension-1",
          targetOrder := 144,
          targetPosition := 173 ), rec(
          familyDimension := 1,
          method := "abstract SmallGroup IDs",
          reason := 
           "the documented abstract target has no subgroup of the documented s\
ource type",
          sourceKey := 
           "liftable-abelian-1-PGL-16-1-index-16-dimension-1-representation-2"
           ,
          sourceOrder := 48,
          sourcePosition := 129,
          status := "no_embedding",
          targetKey := "rank-at-least-15-N_72-PGL-144-186-index-2-dimension-1"
           ,
          targetOrder := 432,
          targetPosition := 58 ), rec(
          familyDimension := 1,
          method := "abstract SmallGroup IDs",
          reason := 
           "the documented abstract target has no subgroup of the documented s\
ource type",
          sourceKey := 
           "liftable-abelian-1-PGL-16-1-index-16-dimension-1-representation-2"
           ,
          sourceOrder := 48,
          sourcePosition := 129,
          status := "no_embedding",
          targetKey := 
           "rank-at-least-15-A_4,3-PGL-144-189-index-2-dimension-1",
          targetOrder := 432,
          targetPosition := 51 ), rec(
          familyDimension := 1,
          method := "abstract SmallGroup IDs",
          reason := 
           "the documented abstract target has no subgroup of the documented s\
ource type",
          sourceKey := 
           "liftable-abelian-1-PGL-16-1-index-16-dimension-1-representation-2"
           ,
          sourceOrder := 48,
          sourcePosition := 129,
          status := "no_embedding",
          targetKey := "rank-at-least-15-S_5-PGL-240-0-index-2-dimension-1",
          targetOrder := 720,
          targetPosition := 61 ), rec(
          familyDimension := 1,
          method := "abstract SmallGroup IDs",
          reason := 
           "the documented abstract target has no subgroup of the documented s\
ource type",
          sourceKey := 
           "liftable-abelian-1-PGL-16-1-index-16-dimension-1-representation-2"
           ,
          sourceOrder := 48,
          sourcePosition := 129,
          status := "no_embedding",
          targetKey := 
           "rank-at-least-15-A_4,3-PGL-432-745-index-6-dimension-1",
          targetOrder := 1296,
          targetPosition := 52 ), rec(
          familyDimension := 1,
          method := "filter",
          reason := "exponent",
          sourceKey := 
           "liftable-abelian-1-PGL-16-1-index-16-dimension-1-representation-2"
           ,
          sourceOrder := 48,
          sourcePosition := 129,
          status := "no_embedding",
          targetKey := "rank-at-least-15-A_6-PGL-720-0-index-2-dimension-1",
          targetOrder := 2160,
          targetPosition := 66 ), rec(
          familyDimension := 1,
          method := "abstract SmallGroup IDs",
          reason := 
           "the documented abstract target has no subgroup of the documented s\
ource type",
          sourceKey := "nonliftable-abelian-C3-PGL-18-5-index-6-dimension-1",
          sourceOrder := 54,
          sourcePosition := 131,
          status := "no_embedding",
          targetKey := "small-nonabelian-S3-PGL-36-12-index-6-dimension-1",
          targetOrder := 108,
          targetPosition := 162 ), rec(
          familyDimension := 1,
          method := "abstract SmallGroup IDs",
          reason := 
           "the documented abstract target has no subgroup of the documented s\
ource type",
          sourceKey := "nonliftable-abelian-C3-PGL-18-5-index-6-dimension-1",
          sourceOrder := 54,
          sourcePosition := 131,
          status := "no_embedding",
          targetKey := 
           "small-nonabelian-S3-PGL-36-12-index-6-dimension-1-representation-2\
",
          targetOrder := 108,
          targetPosition := 169 ), rec(
          familyDimension := 1,
          method := "abstract SmallGroup IDs",
          reason := 
           "the documented abstract target has no subgroup of the documented s\
ource type",
          sourceKey := "nonliftable-abelian-C3-PGL-18-5-index-6-dimension-1",
          sourceOrder := 54,
          sourcePosition := 131,
          status := "no_embedding",
          targetKey := 
           "small-nonabelian-S3-PGL-36-12-index-6-dimension-1-representation-3\
",
          targetOrder := 108,
          targetPosition := 171 ), rec(
          familyDimension := 1,
          method := "abstract SmallGroup IDs",
          reason := 
           "the documented abstract target has no subgroup of the documented s\
ource type",
          sourceKey := "nonliftable-abelian-C3-PGL-18-5-index-6-dimension-1",
          sourceOrder := 54,
          sourcePosition := 131,
          status := "no_embedding",
          targetKey := "rank-at-least-15-A_3,3-PGL-54-5-index-3-dimension-1",
          targetOrder := 162,
          targetPosition := 23 ), rec(
          familyDimension := 1,
          method := "abstract SmallGroup IDs",
          reason := 
           "the documented abstract target has no subgroup of the documented s\
ource type",
          sourceKey := "nonliftable-abelian-C3-PGL-18-5-index-6-dimension-1",
          sourceOrder := 54,
          sourcePosition := 131,
          status := "no_embedding",
          targetKey := "rank-at-least-15-M_9-PGL-72-41-index-1-dimension-1",
          targetOrder := 216,
          targetPosition := 59 ), rec(
          familyDimension := 1,
          method := "abstract SmallGroup IDs",
          reason := 
           "the documented abstract target has no subgroup of the documented s\
ource type",
          sourceKey := "nonliftable-abelian-C3-PGL-18-5-index-6-dimension-1",
          sourceOrder := 54,
          sourcePosition := 131,
          status := "no_embedding",
          targetKey := "rank-at-least-15-D_12-PGL-72-30-index-6-dimension-1",
          targetOrder := 216,
          targetPosition := 19 ), rec(
          familyDimension := 1,
          method := "abstract SmallGroup IDs",
          reason := 
           "the documented abstract target has no subgroup of the documented s\
ource type",
          sourceKey := "nonliftable-abelian-C3-PGL-18-5-index-6-dimension-1",
          sourceOrder := 54,
          sourcePosition := 131,
          status := "no_embedding",
          targetKey := "small-nonabelian-S3-PGL-72-27-index-12-dimension-1",
          targetOrder := 216,
          targetPosition := 174 ), rec(
          familyDimension := 1,
          method := "abstract SmallGroup IDs",
          reason := 
           "the documented abstract target has no subgroup of the documented s\
ource type",
          sourceKey := "nonliftable-abelian-C3-PGL-18-5-index-6-dimension-1",
          sourceOrder := 54,
          sourcePosition := 131,
          status := "no_embedding",
          targetKey := 
           "small-nonabelian-S3-PGL-72-27-index-12-dimension-1-representation-\
2",
          targetOrder := 216,
          targetPosition := 175 ), rec(
          familyDimension := 1,
          method := "abstract SmallGroup IDs",
          reason := 
           "the documented abstract target has no subgroup of the documented s\
ource type",
          sourceKey := "nonliftable-abelian-C3-PGL-18-5-index-6-dimension-1",
          sourceOrder := 54,
          sourcePosition := 131,
          status := "no_embedding",
          targetKey := "rank-at-least-15-N_72-PGL-144-186-index-2-dimension-1"
           ,
          targetOrder := 432,
          targetPosition := 58 ), rec(
          familyDimension := 1,
          method := "abstract SmallGroup IDs",
          reason := 
           "the documented abstract target has no subgroup of the documented s\
ource type",
          sourceKey := "nonliftable-abelian-C3-PGL-18-5-index-6-dimension-1",
          sourceOrder := 54,
          sourcePosition := 131,
          status := "no_embedding",
          targetKey := 
           "rank-at-least-15-A_4,3-PGL-144-189-index-2-dimension-1",
          targetOrder := 432,
          targetPosition := 51 ), rec(
          familyDimension := 1,
          method := "abstract SmallGroup IDs",
          reason := 
           "the documented abstract target has no subgroup of the documented s\
ource type",
          sourceKey := "nonliftable-abelian-C3-PGL-18-5-index-6-dimension-1",
          sourceOrder := 54,
          sourcePosition := 131,
          status := "no_embedding",
          targetKey := "rank-at-least-15-A_5-PGL-180-19-index-3-dimension-1",
          targetOrder := 540,
          targetPosition := 47 ), rec(
          familyDimension := 1,
          method := "abstract SmallGroup IDs",
          reason := 
           "the documented abstract target has no subgroup of the documented s\
ource type",
          sourceKey := "nonliftable-abelian-C3-PGL-18-5-index-6-dimension-1",
          sourceOrder := 54,
          sourcePosition := 131,
          status := "no_embedding",
          targetKey := 
           "rank-at-least-15-S_3,3-PGL-216-170-index-6-dimension-1",
          targetOrder := 648,
          targetPosition := 41 ), rec(
          familyDimension := 1,
          method := "abstract SmallGroup IDs",
          reason := 
           "the documented abstract target has no subgroup of the documented s\
ource type",
          sourceKey := "nonliftable-abelian-C3-PGL-18-5-index-6-dimension-1",
          sourceOrder := 54,
          sourcePosition := 131,
          status := "no_embedding",
          targetKey := 
           "rank-at-least-15-S_3,3-PGL-216-157-index-6-dimension-1",
          targetOrder := 648,
          targetPosition := 44 ), rec(
          familyDimension := 1,
          method := "abstract SmallGroup IDs",
          reason := 
           "the documented abstract target has no subgroup of the documented s\
ource type",
          sourceKey := "nonliftable-abelian-C3-PGL-18-5-index-6-dimension-1",
          sourceOrder := 54,
          sourcePosition := 131,
          status := "no_embedding",
          targetKey := "rank-at-least-15-A_6-PGL-360-0-index-1-dimension-1",
          targetOrder := 1080,
          targetPosition := 67 ), rec(
          familyDimension := 1,
          method := "abstract SmallGroup IDs",
          reason := 
           "the documented abstract target has no subgroup of the documented s\
ource type",
          sourceKey := "nonliftable-abelian-C3-PGL-18-5-index-6-dimension-1",
          sourceOrder := 54,
          sourcePosition := 131,
          status := "no_embedding",
          targetKey := "rank-at-least-15-A_5-PGL-360-119-index-6-dimension-1",
          targetOrder := 1080,
          targetPosition := 48 ), rec(
          familyDimension := 1,
          method := "abstract SmallGroup IDs",
          reason := 
           "the documented abstract target has no subgroup of the documented s\
ource type",
          sourceKey := "nonliftable-abelian-C3-PGL-18-5-index-6-dimension-1",
          sourceOrder := 54,
          sourcePosition := 131,
          status := "no_embedding",
          targetKey := 
           "rank-at-least-15-A_4,3-PGL-432-745-index-6-dimension-1",
          targetOrder := 1296,
          targetPosition := 52 ), rec(
          familyDimension := 1,
          method := "filter",
          reason := "exponent",
          sourceKey := "nonliftable-abelian-C3-PGL-18-5-index-6-dimension-1",
          sourceOrder := 54,
          sourcePosition := 131,
          status := "no_embedding",
          targetKey := "rank-at-least-15-A_6-PGL-720-0-index-2-dimension-1",
          targetOrder := 2160,
          targetPosition := 66 ), rec(
          familyDimension := 1,
          method := "filter",
          reason := "exponent",
          sourceKey := "nonliftable-abelian-C3-PGL-18-5-index-6-dimension-1",
          sourceOrder := 54,
          sourcePosition := 131,
          status := "no_embedding",
          targetKey := 
           "rank-at-least-15-3^{1+4}:2-PGL-1944-3493-index-4-dimension-1",
          targetOrder := 5832,
          targetPosition := 54 ), rec(
          familyDimension := 1,
          method := "filter",
          reason := "exponent",
          sourceKey := "nonliftable-abelian-C3-PGL-18-5-index-6-dimension-1",
          sourceOrder := 54,
          sourcePosition := 131,
          status := "no_embedding",
          targetKey := 
           "rank-at-least-15-3^{1+4}:2.2-PGL-1944-0-index-2-dimension-1",
          targetOrder := 5832,
          targetPosition := 68 ), rec(
          familyDimension := 1,
          method := "filter",
          reason := "weak_fingerprint",
          sourceKey := "nonliftable-abelian-C3-PGL-18-5-index-6-dimension-1",
          sourceOrder := 54,
          sourcePosition := 131,
          status := "no_embedding",
          targetKey := 
           "rank-at-least-15-3^{1+4}:2-PGL-2916-0-index-6-dimension-1",
          targetOrder := 8748,
          targetPosition := 55 ), rec(
          familyDimension := 1,
          method := "filter",
          reason := "weak_fingerprint",
          sourceKey := 
           "small-nonabelian-C3-PGL-18-3-index-6-dimension-1-representation-2"
           ,
          sourceOrder := 54,
          sourcePosition := 137,
          status := "no_embedding",
          targetKey := "small-nonabelian-S3-PGL-36-12-index-6-dimension-1",
          targetOrder := 108,
          targetPosition := 162 ), rec(
          familyDimension := 1,
          method := "filter",
          reason := "weak_fingerprint",
          sourceKey := "rank-at-least-15-Q_8-PGL-24-3-index-3-dimension-1",
          sourceOrder := 72,
          sourcePosition := 26,
          status := "no_embedding",
          targetKey := "rank-at-least-15-T_48-PGL-48-0-index-1-dimension-1",
          targetOrder := 144,
          targetPosition := 57 ), rec(
          familyDimension := 1,
          method := "abstract SmallGroup IDs",
          reason := 
           "the documented abstract target has no subgroup of the documented s\
ource type",
          sourceKey := "rank-at-least-15-Q_8-PGL-24-3-index-3-dimension-1",
          sourceOrder := 72,
          sourcePosition := 26,
          status := "no_embedding",
          targetKey := "small-nonabelian-S3-PGL-48-4-index-8-dimension-1",
          targetOrder := 144,
          targetPosition := 173 ), rec(
          familyDimension := 1,
          method := "abstract SmallGroup IDs",
          reason := 
           "the documented abstract target has no subgroup of the documented s\
ource type",
          sourceKey := "rank-at-least-15-Q_8-PGL-24-3-index-3-dimension-1",
          sourceOrder := 72,
          sourcePosition := 26,
          status := "no_embedding",
          targetKey := "rank-at-least-15-M_9-PGL-72-41-index-1-dimension-1",
          targetOrder := 216,
          targetPosition := 59 ), rec(
          familyDimension := 1,
          method := "abstract SmallGroup IDs",
          reason := 
           "the documented abstract target has no subgroup of the documented s\
ource type",
          sourceKey := "rank-at-least-15-Q_8-PGL-24-3-index-3-dimension-1",
          sourceOrder := 72,
          sourcePosition := 26,
          status := "no_embedding",
          targetKey := "rank-at-least-15-D_12-PGL-72-30-index-6-dimension-1",
          targetOrder := 216,
          targetPosition := 19 ), rec(
          familyDimension := 1,
          method := "abstract SmallGroup IDs",
          reason := 
           "the documented abstract target has no subgroup of the documented s\
ource type",
          sourceKey := "rank-at-least-15-Q_8-PGL-24-3-index-3-dimension-1",
          sourceOrder := 72,
          sourcePosition := 26,
          status := "no_embedding",
          targetKey := "small-nonabelian-S3-PGL-72-27-index-12-dimension-1",
          targetOrder := 216,
          targetPosition := 174 ), rec(
          familyDimension := 1,
          method := "abstract SmallGroup IDs",
          reason := 
           "the documented abstract target has no subgroup of the documented s\
ource type",
          sourceKey := "rank-at-least-15-Q_8-PGL-24-3-index-3-dimension-1",
          sourceOrder := 72,
          sourcePosition := 26,
          status := "no_embedding",
          targetKey := 
           "small-nonabelian-S3-PGL-72-27-index-12-dimension-1-representation-\
2",
          targetOrder := 216,
          targetPosition := 175 ), rec(
          familyDimension := 1,
          method := "abstract SmallGroup IDs",
          reason := 
           "the documented abstract target has no subgroup of the documented s\
ource type",
          sourceKey := "rank-at-least-15-Q_8-PGL-24-3-index-3-dimension-1",
          sourceOrder := 72,
          sourcePosition := 26,
          status := "no_embedding",
          targetKey := "rank-at-least-15-S_5-PGL-120-0-index-1-dimension-1",
          targetOrder := 360,
          targetPosition := 62 ), rec(
          familyDimension := 1,
          method := "abstract SmallGroup IDs",
          reason := 
           "the documented abstract target has no subgroup of the documented s\
ource type",
          sourceKey := "rank-at-least-15-Q_8-PGL-24-3-index-3-dimension-1",
          sourceOrder := 72,
          sourcePosition := 26,
          status := "no_embedding",
          targetKey := "rank-at-least-15-N_72-PGL-144-186-index-2-dimension-1"
           ,
          targetOrder := 432,
          targetPosition := 58 ), rec(
          familyDimension := 1,
          method := "abstract SmallGroup IDs",
          reason := 
           "the documented abstract target has no subgroup of the documented s\
ource type",
          sourceKey := "rank-at-least-15-Q_8-PGL-24-3-index-3-dimension-1",
          sourceOrder := 72,
          sourcePosition := 26,
          status := "no_embedding",
          targetKey := 
           "rank-at-least-15-A_4,3-PGL-144-189-index-2-dimension-1",
          targetOrder := 432,
          targetPosition := 51 ), rec(
          familyDimension := 1,
          method := "abstract SmallGroup IDs",
          reason := 
           "the documented abstract target has no subgroup of the documented s\
ource type",
          sourceKey := "rank-at-least-15-Q_8-PGL-24-3-index-3-dimension-1",
          sourceOrder := 72,
          sourcePosition := 26,
          status := "no_embedding",
          targetKey := 
           "rank-at-least-15-PSL(2,7)-PGL-168-0-index-1-dimension-1",
          targetOrder := 504,
          targetPosition := 63 ), rec(
          familyDimension := 1,
          method := "abstract SmallGroup IDs",
          reason := 
           "the documented abstract target has no subgroup of the documented s\
ource type",
          sourceKey := "rank-at-least-15-Q_8-PGL-24-3-index-3-dimension-1",
          sourceOrder := 72,
          sourcePosition := 26,
          status := "no_embedding",
          targetKey := 
           "rank-at-least-15-S_3,3-PGL-216-170-index-6-dimension-1",
          targetOrder := 648,
          targetPosition := 41 ), rec(
          familyDimension := 1,
          method := "abstract SmallGroup IDs",
          reason := 
           "the documented abstract target has no subgroup of the documented s\
ource type",
          sourceKey := "rank-at-least-15-Q_8-PGL-24-3-index-3-dimension-1",
          sourceOrder := 72,
          sourcePosition := 26,
          status := "no_embedding",
          targetKey := 
           "rank-at-least-15-S_3,3-PGL-216-157-index-6-dimension-1",
          targetOrder := 648,
          targetPosition := 44 ), rec(
          familyDimension := 1,
          method := "abstract SmallGroup IDs",
          reason := 
           "the documented abstract target has no subgroup of the documented s\
ource type",
          sourceKey := "rank-at-least-15-Q_8-PGL-24-3-index-3-dimension-1",
          sourceOrder := 72,
          sourcePosition := 26,
          status := "no_embedding",
          targetKey := "rank-at-least-15-S_5-PGL-240-0-index-2-dimension-1",
          targetOrder := 720,
          targetPosition := 61 ), rec(
          familyDimension := 1,
          method := "abstract SmallGroup IDs",
          reason := 
           "the documented abstract target has no subgroup of the documented s\
ource type",
          sourceKey := "rank-at-least-15-Q_8-PGL-24-3-index-3-dimension-1",
          sourceOrder := 72,
          sourcePosition := 26,
          status := "no_embedding",
          targetKey := "rank-at-least-15-A_6-PGL-360-0-index-1-dimension-1",
          targetOrder := 1080,
          targetPosition := 67 ), rec(
          familyDimension := 1,
          method := "abstract SmallGroup IDs",
          reason := 
           "the documented abstract target has no subgroup of the documented s\
ource type",
          sourceKey := "rank-at-least-15-Q_8-PGL-24-3-index-3-dimension-1",
          sourceOrder := 72,
          sourcePosition := 26,
          status := "no_embedding",
          targetKey := "rank-at-least-15-A_5-PGL-360-119-index-6-dimension-1",
          targetOrder := 1080,
          targetPosition := 48 ), rec(
          familyDimension := 1,
          method := "abstract SmallGroup IDs",
          reason := 
           "the documented abstract target has no subgroup of the documented s\
ource type",
          sourceKey := "rank-at-least-15-Q_8-PGL-24-3-index-3-dimension-1",
          sourceOrder := 72,
          sourcePosition := 26,
          status := "no_embedding",
          targetKey := 
           "rank-at-least-15-A_4,3-PGL-432-745-index-6-dimension-1",
          targetOrder := 1296,
          targetPosition := 52 ), rec(
          familyDimension := 1,
          method := "filter",
          reason := "weak_fingerprint",
          sourceKey := "rank-at-least-15-Q_8-PGL-24-3-index-3-dimension-1",
          sourceOrder := 72,
          sourcePosition := 26,
          status := "no_embedding",
          targetKey := "rank-at-least-15-A_6-PGL-720-0-index-2-dimension-1",
          targetOrder := 2160,
          targetPosition := 66 ), rec(
          familyDimension := 1,
          method := "filter",
          reason := "derived_series",
          sourceKey := "rank-at-least-15-Q_8-PGL-24-3-index-3-dimension-1",
          sourceOrder := 72,
          sourcePosition := 26,
          status := "no_embedding",
          targetKey := 
           "rank-at-least-15-3^{1+4}:2-PGL-1944-3493-index-4-dimension-1",
          targetOrder := 5832,
          targetPosition := 54 ), rec(
          familyDimension := 1,
          method := "filter",
          reason := "derived_series",
          sourceKey := "rank-at-least-15-Q_8-PGL-24-3-index-3-dimension-1",
          sourceOrder := 72,
          sourcePosition := 26,
          status := "no_embedding",
          targetKey := 
           "rank-at-least-15-3^{1+4}:2.2-PGL-1944-0-index-2-dimension-1",
          targetOrder := 5832,
          targetPosition := 68 ), rec(
          familyDimension := 1,
          method := "abstract SmallGroup IDs",
          reason := 
           "the documented abstract target has no subgroup of the documented s\
ource type",
          sourceKey := "liftable-abelian-C2-PGL-24-9-index-12-dimension-1",
          sourceOrder := 72,
          sourcePosition := 125,
          status := "no_embedding",
          targetKey := "rank-at-least-15-T_48-PGL-48-0-index-1-dimension-1",
          targetOrder := 144,
          targetPosition := 57 ), rec(
          familyDimension := 1,
          method := "abstract SmallGroup IDs",
          reason := 
           "the documented abstract target has no subgroup of the documented s\
ource type",
          sourceKey := "liftable-abelian-C2-PGL-24-9-index-12-dimension-1",
          sourceOrder := 72,
          sourcePosition := 125,
          status := "no_embedding",
          targetKey := "small-nonabelian-S3-PGL-48-4-index-8-dimension-1",
          targetOrder := 144,
          targetPosition := 173 ), rec(
          familyDimension := 1,
          method := "abstract SmallGroup IDs",
          reason := 
           "the documented abstract target has no subgroup of the documented s\
ource type",
          sourceKey := "liftable-abelian-C2-PGL-24-9-index-12-dimension-1",
          sourceOrder := 72,
          sourcePosition := 125,
          status := "no_embedding",
          targetKey := "rank-at-least-15-M_9-PGL-72-41-index-1-dimension-1",
          targetOrder := 216,
          targetPosition := 59 ), rec(
          familyDimension := 1,
          method := "abstract SmallGroup IDs",
          reason := 
           "the documented abstract target has no subgroup of the documented s\
ource type",
          sourceKey := "liftable-abelian-C2-PGL-24-9-index-12-dimension-1",
          sourceOrder := 72,
          sourcePosition := 125,
          status := "no_embedding",
          targetKey := "rank-at-least-15-D_12-PGL-72-30-index-6-dimension-1",
          targetOrder := 216,
          targetPosition := 19 ), rec(
          familyDimension := 1,
          method := "filter",
          reason := "weak_fingerprint",
          sourceKey := "liftable-abelian-C2-PGL-24-9-index-12-dimension-1",
          sourceOrder := 72,
          sourcePosition := 125,
          status := "no_embedding",
          targetKey := "small-nonabelian-S3-PGL-72-27-index-12-dimension-1",
          targetOrder := 216,
          targetPosition := 174 ), rec(
          familyDimension := 1,
          method := "filter",
          reason := "weak_fingerprint",
          sourceKey := "liftable-abelian-C2-PGL-24-9-index-12-dimension-1",
          sourceOrder := 72,
          sourcePosition := 125,
          status := "no_embedding",
          targetKey := 
           "small-nonabelian-S3-PGL-72-27-index-12-dimension-1-representation-\
2",
          targetOrder := 216,
          targetPosition := 175 ), rec(
          familyDimension := 1,
          method := "abstract SmallGroup IDs",
          reason := 
           "the documented abstract target has no subgroup of the documented s\
ource type",
          sourceKey := "liftable-abelian-C2-PGL-24-9-index-12-dimension-1",
          sourceOrder := 72,
          sourcePosition := 125,
          status := "no_embedding",
          targetKey := "rank-at-least-15-S_5-PGL-120-0-index-1-dimension-1",
          targetOrder := 360,
          targetPosition := 62 ), rec(
          familyDimension := 1,
          method := "abstract SmallGroup IDs",
          reason := 
           "the documented abstract target has no subgroup of the documented s\
ource type",
          sourceKey := "liftable-abelian-C2-PGL-24-9-index-12-dimension-1",
          sourceOrder := 72,
          sourcePosition := 125,
          status := "no_embedding",
          targetKey := "rank-at-least-15-N_72-PGL-144-186-index-2-dimension-1"
           ,
          targetOrder := 432,
          targetPosition := 58 ), rec(
          familyDimension := 1,
          method := "abstract SmallGroup IDs",
          reason := 
           "the documented abstract target has no subgroup of the documented s\
ource type",
          sourceKey := "liftable-abelian-C2-PGL-24-9-index-12-dimension-1",
          sourceOrder := 72,
          sourcePosition := 125,
          status := "no_embedding",
          targetKey := 
           "rank-at-least-15-A_4,3-PGL-144-189-index-2-dimension-1",
          targetOrder := 432,
          targetPosition := 51 ), rec(
          familyDimension := 1,
          method := "abstract SmallGroup IDs",
          reason := 
           "the documented abstract target has no subgroup of the documented s\
ource type",
          sourceKey := "liftable-abelian-C2-PGL-24-9-index-12-dimension-1",
          sourceOrder := 72,
          sourcePosition := 125,
          status := "no_embedding",
          targetKey := 
           "rank-at-least-15-PSL(2,7)-PGL-168-0-index-1-dimension-1",
          targetOrder := 504,
          targetPosition := 63 ), rec(
          familyDimension := 1,
          method := "abstract SmallGroup IDs",
          reason := 
           "the documented abstract target has no subgroup of the documented s\
ource type",
          sourceKey := "liftable-abelian-C2-PGL-24-9-index-12-dimension-1",
          sourceOrder := 72,
          sourcePosition := 125,
          status := "no_embedding",
          targetKey := 
           "rank-at-least-15-S_3,3-PGL-216-170-index-6-dimension-1",
          targetOrder := 648,
          targetPosition := 41 ), rec(
          familyDimension := 1,
          method := "abstract SmallGroup IDs",
          reason := 
           "the documented abstract target has no subgroup of the documented s\
ource type",
          sourceKey := "liftable-abelian-C2-PGL-24-9-index-12-dimension-1",
          sourceOrder := 72,
          sourcePosition := 125,
          status := "no_embedding",
          targetKey := 
           "rank-at-least-15-S_3,3-PGL-216-157-index-6-dimension-1",
          targetOrder := 648,
          targetPosition := 44 ), rec(
          familyDimension := 1,
          method := "abstract SmallGroup IDs",
          reason := 
           "the documented abstract target has no subgroup of the documented s\
ource type",
          sourceKey := "liftable-abelian-C2-PGL-24-9-index-12-dimension-1",
          sourceOrder := 72,
          sourcePosition := 125,
          status := "no_embedding",
          targetKey := "rank-at-least-15-S_5-PGL-240-0-index-2-dimension-1",
          targetOrder := 720,
          targetPosition := 61 ), rec(
          familyDimension := 1,
          method := "abstract SmallGroup IDs",
          reason := 
           "the documented abstract target has no subgroup of the documented s\
ource type",
          sourceKey := "liftable-abelian-C2-PGL-24-9-index-12-dimension-1",
          sourceOrder := 72,
          sourcePosition := 125,
          status := "no_embedding",
          targetKey := "rank-at-least-15-A_6-PGL-360-0-index-1-dimension-1",
          targetOrder := 1080,
          targetPosition := 67 ), rec(
          familyDimension := 1,
          method := "abstract SmallGroup IDs",
          reason := 
           "the documented abstract target has no subgroup of the documented s\
ource type",
          sourceKey := "liftable-abelian-C2-PGL-24-9-index-12-dimension-1",
          sourceOrder := 72,
          sourcePosition := 125,
          status := "no_embedding",
          targetKey := "rank-at-least-15-A_5-PGL-360-119-index-6-dimension-1",
          targetOrder := 1080,
          targetPosition := 48 ), rec(
          familyDimension := 1,
          method := "filter",
          reason := "weak_fingerprint",
          sourceKey := "liftable-abelian-C2-PGL-24-9-index-12-dimension-1",
          sourceOrder := 72,
          sourcePosition := 125,
          status := "no_embedding",
          targetKey := 
           "rank-at-least-15-A_4,3-PGL-432-745-index-6-dimension-1",
          targetOrder := 1296,
          targetPosition := 52 ), rec(
          familyDimension := 1,
          method := "filter",
          reason := "weak_fingerprint",
          sourceKey := "liftable-abelian-C2-PGL-24-9-index-12-dimension-1",
          sourceOrder := 72,
          sourcePosition := 125,
          status := "no_embedding",
          targetKey := "rank-at-least-15-A_6-PGL-720-0-index-2-dimension-1",
          targetOrder := 2160,
          targetPosition := 66 ), rec(
          familyDimension := 1,
          method := "filter",
          reason := "weak_fingerprint",
          sourceKey := "liftable-abelian-C2-PGL-24-9-index-12-dimension-1",
          sourceOrder := 72,
          sourcePosition := 125,
          status := "no_embedding",
          targetKey := 
           "rank-at-least-15-3^{1+4}:2-PGL-1944-3493-index-4-dimension-1",
          targetOrder := 5832,
          targetPosition := 54 ), rec(
          familyDimension := 1,
          method := "filter",
          reason := "weak_fingerprint",
          sourceKey := "liftable-abelian-C2-PGL-24-9-index-12-dimension-1",
          sourceOrder := 72,
          sourcePosition := 125,
          status := "no_embedding",
          targetKey := 
           "rank-at-least-15-3^{1+4}:2.2-PGL-1944-0-index-2-dimension-1",
          targetOrder := 5832,
          targetPosition := 68 ), rec(
          familyDimension := 1,
          method := "abstract SmallGroup IDs",
          reason := 
           "the documented abstract target has no subgroup of the documented s\
ource type",
          sourceKey := "liftable-abelian-1-PGL-24-2-index-24-dimension-1",
          sourceOrder := 72,
          sourcePosition := 126,
          status := "no_embedding",
          targetKey := "rank-at-least-15-T_48-PGL-48-0-index-1-dimension-1",
          targetOrder := 144,
          targetPosition := 57 ), rec(
          familyDimension := 1,
          method := "filter",
          reason := "weak_fingerprint",
          sourceKey := "liftable-abelian-1-PGL-24-2-index-24-dimension-1",
          sourceOrder := 72,
          sourcePosition := 126,
          status := "no_embedding",
          targetKey := "small-nonabelian-S3-PGL-48-4-index-8-dimension-1",
          targetOrder := 144,
          targetPosition := 173 ), rec(
          familyDimension := 1,
          method := "abstract SmallGroup IDs",
          reason := 
           "the documented abstract target has no subgroup of the documented s\
ource type",
          sourceKey := "liftable-abelian-1-PGL-24-2-index-24-dimension-1",
          sourceOrder := 72,
          sourcePosition := 126,
          status := "no_embedding",
          targetKey := "rank-at-least-15-M_9-PGL-72-41-index-1-dimension-1",
          targetOrder := 216,
          targetPosition := 59 ), rec(
          familyDimension := 1,
          method := "abstract SmallGroup IDs",
          reason := 
           "the documented abstract target has no subgroup of the documented s\
ource type",
          sourceKey := "liftable-abelian-1-PGL-24-2-index-24-dimension-1",
          sourceOrder := 72,
          sourcePosition := 126,
          status := "no_embedding",
          targetKey := "rank-at-least-15-D_12-PGL-72-30-index-6-dimension-1",
          targetOrder := 216,
          targetPosition := 19 ), rec(
          familyDimension := 1,
          method := "abstract SmallGroup IDs",
          reason := 
           "the documented abstract target has no subgroup of the documented s\
ource type",
          sourceKey := "liftable-abelian-1-PGL-24-2-index-24-dimension-1",
          sourceOrder := 72,
          sourcePosition := 126,
          status := "no_embedding",
          targetKey := "small-nonabelian-S3-PGL-72-27-index-12-dimension-1",
          targetOrder := 216,
          targetPosition := 174 ), rec(
          familyDimension := 1,
          method := "abstract SmallGroup IDs",
          reason := 
           "the documented abstract target has no subgroup of the documented s\
ource type",
          sourceKey := "liftable-abelian-1-PGL-24-2-index-24-dimension-1",
          sourceOrder := 72,
          sourcePosition := 126,
          status := "no_embedding",
          targetKey := 
           "small-nonabelian-S3-PGL-72-27-index-12-dimension-1-representation-\
2",
          targetOrder := 216,
          targetPosition := 175 ), rec(
          familyDimension := 1,
          method := "abstract SmallGroup IDs",
          reason := 
           "the documented abstract target has no subgroup of the documented s\
ource type",
          sourceKey := "liftable-abelian-1-PGL-24-2-index-24-dimension-1",
          sourceOrder := 72,
          sourcePosition := 126,
          status := "no_embedding",
          targetKey := "rank-at-least-15-S_5-PGL-120-0-index-1-dimension-1",
          targetOrder := 360,
          targetPosition := 62 ), rec(
          familyDimension := 1,
          method := "abstract SmallGroup IDs",
          reason := 
           "the documented abstract target has no subgroup of the documented s\
ource type",
          sourceKey := "liftable-abelian-1-PGL-24-2-index-24-dimension-1",
          sourceOrder := 72,
          sourcePosition := 126,
          status := "no_embedding",
          targetKey := "rank-at-least-15-N_72-PGL-144-186-index-2-dimension-1"
           ,
          targetOrder := 432,
          targetPosition := 58 ), rec(
          familyDimension := 1,
          method := "abstract SmallGroup IDs",
          reason := 
           "the documented abstract target has no subgroup of the documented s\
ource type",
          sourceKey := "liftable-abelian-1-PGL-24-2-index-24-dimension-1",
          sourceOrder := 72,
          sourcePosition := 126,
          status := "no_embedding",
          targetKey := 
           "rank-at-least-15-A_4,3-PGL-144-189-index-2-dimension-1",
          targetOrder := 432,
          targetPosition := 51 ), rec(
          familyDimension := 1,
          method := "abstract SmallGroup IDs",
          reason := 
           "the documented abstract target has no subgroup of the documented s\
ource type",
          sourceKey := "liftable-abelian-1-PGL-24-2-index-24-dimension-1",
          sourceOrder := 72,
          sourcePosition := 126,
          status := "no_embedding",
          targetKey := 
           "rank-at-least-15-PSL(2,7)-PGL-168-0-index-1-dimension-1",
          targetOrder := 504,
          targetPosition := 63 ), rec(
          familyDimension := 1,
          method := "abstract SmallGroup IDs",
          reason := 
           "the documented abstract target has no subgroup of the documented s\
ource type",
          sourceKey := "liftable-abelian-1-PGL-24-2-index-24-dimension-1",
          sourceOrder := 72,
          sourcePosition := 126,
          status := "no_embedding",
          targetKey := 
           "rank-at-least-15-S_3,3-PGL-216-170-index-6-dimension-1",
          targetOrder := 648,
          targetPosition := 41 ), rec(
          familyDimension := 1,
          method := "abstract SmallGroup IDs",
          reason := 
           "the documented abstract target has no subgroup of the documented s\
ource type",
          sourceKey := "liftable-abelian-1-PGL-24-2-index-24-dimension-1",
          sourceOrder := 72,
          sourcePosition := 126,
          status := "no_embedding",
          targetKey := 
           "rank-at-least-15-S_3,3-PGL-216-157-index-6-dimension-1",
          targetOrder := 648,
          targetPosition := 44 ), rec(
          familyDimension := 1,
          method := "abstract SmallGroup IDs",
          reason := 
           "the documented abstract target has no subgroup of the documented s\
ource type",
          sourceKey := "liftable-abelian-1-PGL-24-2-index-24-dimension-1",
          sourceOrder := 72,
          sourcePosition := 126,
          status := "no_embedding",
          targetKey := "rank-at-least-15-S_5-PGL-240-0-index-2-dimension-1",
          targetOrder := 720,
          targetPosition := 61 ), rec(
          familyDimension := 1,
          method := "abstract SmallGroup IDs",
          reason := 
           "the documented abstract target has no subgroup of the documented s\
ource type",
          sourceKey := "liftable-abelian-1-PGL-24-2-index-24-dimension-1",
          sourceOrder := 72,
          sourcePosition := 126,
          status := "no_embedding",
          targetKey := "rank-at-least-15-A_6-PGL-360-0-index-1-dimension-1",
          targetOrder := 1080,
          targetPosition := 67 ), rec(
          familyDimension := 1,
          method := "abstract SmallGroup IDs",
          reason := 
           "the documented abstract target has no subgroup of the documented s\
ource type",
          sourceKey := "liftable-abelian-1-PGL-24-2-index-24-dimension-1",
          sourceOrder := 72,
          sourcePosition := 126,
          status := "no_embedding",
          targetKey := "rank-at-least-15-A_5-PGL-360-119-index-6-dimension-1",
          targetOrder := 1080,
          targetPosition := 48 ), rec(
          familyDimension := 1,
          method := "abstract SmallGroup IDs",
          reason := 
           "the documented abstract target has no subgroup of the documented s\
ource type",
          sourceKey := "liftable-abelian-1-PGL-24-2-index-24-dimension-1",
          sourceOrder := 72,
          sourcePosition := 126,
          status := "no_embedding",
          targetKey := 
           "rank-at-least-15-A_4,3-PGL-432-745-index-6-dimension-1",
          targetOrder := 1296,
          targetPosition := 52 ), rec(
          familyDimension := 1,
          method := "filter",
          reason := "exponent",
          sourceKey := "liftable-abelian-1-PGL-24-2-index-24-dimension-1",
          sourceOrder := 72,
          sourcePosition := 126,
          status := "no_embedding",
          targetKey := "rank-at-least-15-A_6-PGL-720-0-index-2-dimension-1",
          targetOrder := 2160,
          targetPosition := 66 ), rec(
          familyDimension := 1,
          method := "filter",
          reason := "exponent",
          sourceKey := "liftable-abelian-1-PGL-24-2-index-24-dimension-1",
          sourceOrder := 72,
          sourcePosition := 126,
          status := "no_embedding",
          targetKey := 
           "rank-at-least-15-3^{1+4}:2-PGL-1944-3493-index-4-dimension-1",
          targetOrder := 5832,
          targetPosition := 54 ), rec(
          familyDimension := 1,
          method := "filter",
          reason := "exponent",
          sourceKey := "liftable-abelian-1-PGL-24-2-index-24-dimension-1",
          sourceOrder := 72,
          sourcePosition := 126,
          status := "no_embedding",
          targetKey := 
           "rank-at-least-15-3^{1+4}:2.2-PGL-1944-0-index-2-dimension-1",
          targetOrder := 5832,
          targetPosition := 68 ), rec(
          familyDimension := 1,
          method := "abstract SmallGroup IDs",
          reason := 
           "the documented abstract target has no subgroup of the documented s\
ource type",
          sourceKey := 
           "liftable-abelian-1-PGL-24-2-index-24-dimension-1-representation-2"
           ,
          sourceOrder := 72,
          sourcePosition := 127,
          status := "no_embedding",
          targetKey := "rank-at-least-15-T_48-PGL-48-0-index-1-dimension-1",
          targetOrder := 144,
          targetPosition := 57 ), rec(
          familyDimension := 1,
          method := "filter",
          reason := "weak_fingerprint",
          sourceKey := 
           "liftable-abelian-1-PGL-24-2-index-24-dimension-1-representation-2"
           ,
          sourceOrder := 72,
          sourcePosition := 127,
          status := "no_embedding",
          targetKey := "small-nonabelian-S3-PGL-48-4-index-8-dimension-1",
          targetOrder := 144,
          targetPosition := 173 ), rec(
          familyDimension := 1,
          method := "abstract SmallGroup IDs",
          reason := 
           "the documented abstract target has no subgroup of the documented s\
ource type",
          sourceKey := 
           "liftable-abelian-1-PGL-24-2-index-24-dimension-1-representation-2"
           ,
          sourceOrder := 72,
          sourcePosition := 127,
          status := "no_embedding",
          targetKey := "rank-at-least-15-M_9-PGL-72-41-index-1-dimension-1",
          targetOrder := 216,
          targetPosition := 59 ), rec(
          familyDimension := 1,
          method := "abstract SmallGroup IDs",
          reason := 
           "the documented abstract target has no subgroup of the documented s\
ource type",
          sourceKey := 
           "liftable-abelian-1-PGL-24-2-index-24-dimension-1-representation-2"
           ,
          sourceOrder := 72,
          sourcePosition := 127,
          status := "no_embedding",
          targetKey := "rank-at-least-15-D_12-PGL-72-30-index-6-dimension-1",
          targetOrder := 216,
          targetPosition := 19 ), rec(
          familyDimension := 1,
          method := "abstract SmallGroup IDs",
          reason := 
           "the documented abstract target has no subgroup of the documented s\
ource type",
          sourceKey := 
           "liftable-abelian-1-PGL-24-2-index-24-dimension-1-representation-2"
           ,
          sourceOrder := 72,
          sourcePosition := 127,
          status := "no_embedding",
          targetKey := "small-nonabelian-S3-PGL-72-27-index-12-dimension-1",
          targetOrder := 216,
          targetPosition := 174 ), rec(
          familyDimension := 1,
          method := "abstract SmallGroup IDs",
          reason := 
           "the documented abstract target has no subgroup of the documented s\
ource type",
          sourceKey := 
           "liftable-abelian-1-PGL-24-2-index-24-dimension-1-representation-2"
           ,
          sourceOrder := 72,
          sourcePosition := 127,
          status := "no_embedding",
          targetKey := 
           "small-nonabelian-S3-PGL-72-27-index-12-dimension-1-representation-\
2",
          targetOrder := 216,
          targetPosition := 175 ), rec(
          familyDimension := 1,
          method := "abstract SmallGroup IDs",
          reason := 
           "the documented abstract target has no subgroup of the documented s\
ource type",
          sourceKey := 
           "liftable-abelian-1-PGL-24-2-index-24-dimension-1-representation-2"
           ,
          sourceOrder := 72,
          sourcePosition := 127,
          status := "no_embedding",
          targetKey := "rank-at-least-15-S_5-PGL-120-0-index-1-dimension-1",
          targetOrder := 360,
          targetPosition := 62 ), rec(
          familyDimension := 1,
          method := "abstract SmallGroup IDs",
          reason := 
           "the documented abstract target has no subgroup of the documented s\
ource type",
          sourceKey := 
           "liftable-abelian-1-PGL-24-2-index-24-dimension-1-representation-2"
           ,
          sourceOrder := 72,
          sourcePosition := 127,
          status := "no_embedding",
          targetKey := "rank-at-least-15-N_72-PGL-144-186-index-2-dimension-1"
           ,
          targetOrder := 432,
          targetPosition := 58 ), rec(
          familyDimension := 1,
          method := "abstract SmallGroup IDs",
          reason := 
           "the documented abstract target has no subgroup of the documented s\
ource type",
          sourceKey := 
           "liftable-abelian-1-PGL-24-2-index-24-dimension-1-representation-2"
           ,
          sourceOrder := 72,
          sourcePosition := 127,
          status := "no_embedding",
          targetKey := 
           "rank-at-least-15-A_4,3-PGL-144-189-index-2-dimension-1",
          targetOrder := 432,
          targetPosition := 51 ), rec(
          familyDimension := 1,
          method := "abstract SmallGroup IDs",
          reason := 
           "the documented abstract target has no subgroup of the documented s\
ource type",
          sourceKey := 
           "liftable-abelian-1-PGL-24-2-index-24-dimension-1-representation-2"
           ,
          sourceOrder := 72,
          sourcePosition := 127,
          status := "no_embedding",
          targetKey := 
           "rank-at-least-15-PSL(2,7)-PGL-168-0-index-1-dimension-1",
          targetOrder := 504,
          targetPosition := 63 ), rec(
          familyDimension := 1,
          method := "abstract SmallGroup IDs",
          reason := 
           "the documented abstract target has no subgroup of the documented s\
ource type",
          sourceKey := 
           "liftable-abelian-1-PGL-24-2-index-24-dimension-1-representation-2"
           ,
          sourceOrder := 72,
          sourcePosition := 127,
          status := "no_embedding",
          targetKey := 
           "rank-at-least-15-S_3,3-PGL-216-170-index-6-dimension-1",
          targetOrder := 648,
          targetPosition := 41 ), rec(
          familyDimension := 1,
          method := "abstract SmallGroup IDs",
          reason := 
           "the documented abstract target has no subgroup of the documented s\
ource type",
          sourceKey := 
           "liftable-abelian-1-PGL-24-2-index-24-dimension-1-representation-2"
           ,
          sourceOrder := 72,
          sourcePosition := 127,
          status := "no_embedding",
          targetKey := 
           "rank-at-least-15-S_3,3-PGL-216-157-index-6-dimension-1",
          targetOrder := 648,
          targetPosition := 44 ), rec(
          familyDimension := 1,
          method := "abstract SmallGroup IDs",
          reason := 
           "the documented abstract target has no subgroup of the documented s\
ource type",
          sourceKey := 
           "liftable-abelian-1-PGL-24-2-index-24-dimension-1-representation-2"
           ,
          sourceOrder := 72,
          sourcePosition := 127,
          status := "no_embedding",
          targetKey := "rank-at-least-15-S_5-PGL-240-0-index-2-dimension-1",
          targetOrder := 720,
          targetPosition := 61 ), rec(
          familyDimension := 1,
          method := "abstract SmallGroup IDs",
          reason := 
           "the documented abstract target has no subgroup of the documented s\
ource type",
          sourceKey := 
           "liftable-abelian-1-PGL-24-2-index-24-dimension-1-representation-2"
           ,
          sourceOrder := 72,
          sourcePosition := 127,
          status := "no_embedding",
          targetKey := "rank-at-least-15-A_6-PGL-360-0-index-1-dimension-1",
          targetOrder := 1080,
          targetPosition := 67 ), rec(
          familyDimension := 1,
          method := "abstract SmallGroup IDs",
          reason := 
           "the documented abstract target has no subgroup of the documented s\
ource type",
          sourceKey := 
           "liftable-abelian-1-PGL-24-2-index-24-dimension-1-representation-2"
           ,
          sourceOrder := 72,
          sourcePosition := 127,
          status := "no_embedding",
          targetKey := "rank-at-least-15-A_5-PGL-360-119-index-6-dimension-1",
          targetOrder := 1080,
          targetPosition := 48 ), rec(
          familyDimension := 1,
          method := "abstract SmallGroup IDs",
          reason := 
           "the documented abstract target has no subgroup of the documented s\
ource type",
          sourceKey := 
           "liftable-abelian-1-PGL-24-2-index-24-dimension-1-representation-2"
           ,
          sourceOrder := 72,
          sourcePosition := 127,
          status := "no_embedding",
          targetKey := 
           "rank-at-least-15-A_4,3-PGL-432-745-index-6-dimension-1",
          targetOrder := 1296,
          targetPosition := 52 ), rec(
          familyDimension := 1,
          method := "filter",
          reason := "exponent",
          sourceKey := 
           "liftable-abelian-1-PGL-24-2-index-24-dimension-1-representation-2"
           ,
          sourceOrder := 72,
          sourcePosition := 127,
          status := "no_embedding",
          targetKey := "rank-at-least-15-A_6-PGL-720-0-index-2-dimension-1",
          targetOrder := 2160,
          targetPosition := 66 ), rec(
          familyDimension := 1,
          method := "filter",
          reason := "exponent",
          sourceKey := 
           "liftable-abelian-1-PGL-24-2-index-24-dimension-1-representation-2"
           ,
          sourceOrder := 72,
          sourcePosition := 127,
          status := "no_embedding",
          targetKey := 
           "rank-at-least-15-3^{1+4}:2-PGL-1944-3493-index-4-dimension-1",
          targetOrder := 5832,
          targetPosition := 54 ), rec(
          familyDimension := 1,
          method := "filter",
          reason := "exponent",
          sourceKey := 
           "liftable-abelian-1-PGL-24-2-index-24-dimension-1-representation-2"
           ,
          sourceOrder := 72,
          sourcePosition := 127,
          status := "no_embedding",
          targetKey := 
           "rank-at-least-15-3^{1+4}:2.2-PGL-1944-0-index-2-dimension-1",
          targetOrder := 5832,
          targetPosition := 68 ), rec(
          familyDimension := 1,
          method := "abstract SmallGroup IDs",
          reason := 
           "the documented abstract target has no subgroup of the documented s\
ource type",
          sourceKey := 
           "small-nonabelian-C2^2-PGL-24-10-index-6-dimension-1-representation\
-2",
          sourceOrder := 72,
          sourcePosition := 148,
          status := "no_embedding",
          targetKey := "rank-at-least-15-T_48-PGL-48-0-index-1-dimension-1",
          targetOrder := 144,
          targetPosition := 57 ), rec(
          familyDimension := 1,
          method := "abstract SmallGroup IDs",
          reason := 
           "the documented abstract target has no subgroup of the documented s\
ource type",
          sourceKey := 
           "small-nonabelian-C2^2-PGL-24-10-index-6-dimension-1-representation\
-2",
          sourceOrder := 72,
          sourcePosition := 148,
          status := "no_embedding",
          targetKey := "small-nonabelian-S3-PGL-48-4-index-8-dimension-1",
          targetOrder := 144,
          targetPosition := 173 ), rec(
          familyDimension := 1,
          method := "abstract SmallGroup IDs",
          reason := 
           "the documented abstract target has no subgroup of the documented s\
ource type",
          sourceKey := 
           "small-nonabelian-C2^2-PGL-24-10-index-6-dimension-1-representation\
-2",
          sourceOrder := 72,
          sourcePosition := 148,
          status := "no_embedding",
          targetKey := "rank-at-least-15-M_9-PGL-72-41-index-1-dimension-1",
          targetOrder := 216,
          targetPosition := 59 ), rec(
          familyDimension := 1,
          method := "filter",
          reason := "weak_fingerprint",
          sourceKey := 
           "small-nonabelian-C2^2-PGL-24-10-index-6-dimension-1-representation\
-2",
          sourceOrder := 72,
          sourcePosition := 148,
          status := "no_embedding",
          targetKey := "rank-at-least-15-D_12-PGL-72-30-index-6-dimension-1",
          targetOrder := 216,
          targetPosition := 19 ), rec(
          familyDimension := 1,
          method := "abstract SmallGroup IDs",
          reason := 
           "the documented abstract target has no subgroup of the documented s\
ource type",
          sourceKey := 
           "small-nonabelian-C2^2-PGL-24-10-index-6-dimension-1-representation\
-2",
          sourceOrder := 72,
          sourcePosition := 148,
          status := "no_embedding",
          targetKey := "small-nonabelian-S3-PGL-72-27-index-12-dimension-1",
          targetOrder := 216,
          targetPosition := 174 ), rec(
          familyDimension := 1,
          method := "abstract SmallGroup IDs",
          reason := 
           "the documented abstract target has no subgroup of the documented s\
ource type",
          sourceKey := 
           "small-nonabelian-C2^2-PGL-24-10-index-6-dimension-1-representation\
-2",
          sourceOrder := 72,
          sourcePosition := 148,
          status := "no_embedding",
          targetKey := 
           "small-nonabelian-S3-PGL-72-27-index-12-dimension-1-representation-\
2",
          targetOrder := 216,
          targetPosition := 175 ), rec(
          familyDimension := 1,
          method := "abstract SmallGroup IDs",
          reason := 
           "the documented abstract target has no subgroup of the documented s\
ource type",
          sourceKey := 
           "small-nonabelian-C2^2-PGL-24-10-index-6-dimension-1-representation\
-2",
          sourceOrder := 72,
          sourcePosition := 148,
          status := "no_embedding",
          targetKey := "rank-at-least-15-S_5-PGL-120-0-index-1-dimension-1",
          targetOrder := 360,
          targetPosition := 62 ), rec(
          familyDimension := 1,
          method := "abstract SmallGroup IDs",
          reason := 
           "the documented abstract target has no subgroup of the documented s\
ource type",
          sourceKey := 
           "small-nonabelian-C2^2-PGL-24-10-index-6-dimension-1-representation\
-2",
          sourceOrder := 72,
          sourcePosition := 148,
          status := "no_embedding",
          targetKey := "rank-at-least-15-N_72-PGL-144-186-index-2-dimension-1"
           ,
          targetOrder := 432,
          targetPosition := 58 ), rec(
          familyDimension := 1,
          method := "abstract SmallGroup IDs",
          reason := 
           "the documented abstract target has no subgroup of the documented s\
ource type",
          sourceKey := 
           "small-nonabelian-C2^2-PGL-24-10-index-6-dimension-1-representation\
-2",
          sourceOrder := 72,
          sourcePosition := 148,
          status := "no_embedding",
          targetKey := 
           "rank-at-least-15-A_4,3-PGL-144-189-index-2-dimension-1",
          targetOrder := 432,
          targetPosition := 51 ), rec(
          familyDimension := 1,
          method := "abstract SmallGroup IDs",
          reason := 
           "the documented abstract target has no subgroup of the documented s\
ource type",
          sourceKey := 
           "small-nonabelian-C2^2-PGL-24-10-index-6-dimension-1-representation\
-2",
          sourceOrder := 72,
          sourcePosition := 148,
          status := "no_embedding",
          targetKey := 
           "rank-at-least-15-PSL(2,7)-PGL-168-0-index-1-dimension-1",
          targetOrder := 504,
          targetPosition := 63 ), rec(
          familyDimension := 1,
          method := "abstract SmallGroup IDs",
          reason := 
           "the documented abstract target has no subgroup of the documented s\
ource type",
          sourceKey := 
           "small-nonabelian-C2^2-PGL-24-10-index-6-dimension-1-representation\
-2",
          sourceOrder := 72,
          sourcePosition := 148,
          status := "no_embedding",
          targetKey := 
           "rank-at-least-15-S_3,3-PGL-216-170-index-6-dimension-1",
          targetOrder := 648,
          targetPosition := 41 ), rec(
          familyDimension := 1,
          method := "filter",
          reason := "weak_fingerprint",
          sourceKey := 
           "small-nonabelian-C2^2-PGL-24-10-index-6-dimension-1-representation\
-2",
          sourceOrder := 72,
          sourcePosition := 148,
          status := "no_embedding",
          targetKey := 
           "rank-at-least-15-S_3,3-PGL-216-157-index-6-dimension-1",
          targetOrder := 648,
          targetPosition := 44 ), rec(
          familyDimension := 1,
          method := "abstract SmallGroup IDs",
          reason := 
           "the documented abstract target has no subgroup of the documented s\
ource type",
          sourceKey := 
           "small-nonabelian-C2^2-PGL-24-10-index-6-dimension-1-representation\
-2",
          sourceOrder := 72,
          sourcePosition := 148,
          status := "no_embedding",
          targetKey := "rank-at-least-15-S_5-PGL-240-0-index-2-dimension-1",
          targetOrder := 720,
          targetPosition := 61 ), rec(
          familyDimension := 1,
          method := "abstract SmallGroup IDs",
          reason := 
           "the documented abstract target has no subgroup of the documented s\
ource type",
          sourceKey := 
           "small-nonabelian-C2^2-PGL-24-10-index-6-dimension-1-representation\
-2",
          sourceOrder := 72,
          sourcePosition := 148,
          status := "no_embedding",
          targetKey := "rank-at-least-15-A_6-PGL-360-0-index-1-dimension-1",
          targetOrder := 1080,
          targetPosition := 67 ), rec(
          familyDimension := 1,
          method := "filter",
          reason := "weak_fingerprint",
          sourceKey := 
           "small-nonabelian-C2^2-PGL-24-10-index-6-dimension-1-representation\
-2",
          sourceOrder := 72,
          sourcePosition := 148,
          status := "no_embedding",
          targetKey := "rank-at-least-15-A_5-PGL-360-119-index-6-dimension-1",
          targetOrder := 1080,
          targetPosition := 48 ), rec(
          familyDimension := 1,
          method := "abstract SmallGroup IDs",
          reason := 
           "the documented abstract target has no subgroup of the documented s\
ource type",
          sourceKey := 
           "small-nonabelian-C2^2-PGL-24-10-index-6-dimension-1-representation\
-3",
          sourceOrder := 72,
          sourcePosition := 149,
          status := "no_embedding",
          targetKey := "rank-at-least-15-T_48-PGL-48-0-index-1-dimension-1",
          targetOrder := 144,
          targetPosition := 57 ), rec(
          familyDimension := 1,
          method := "abstract SmallGroup IDs",
          reason := 
           "the documented abstract target has no subgroup of the documented s\
ource type",
          sourceKey := 
           "small-nonabelian-C2^2-PGL-24-10-index-6-dimension-1-representation\
-3",
          sourceOrder := 72,
          sourcePosition := 149,
          status := "no_embedding",
          targetKey := "small-nonabelian-S3-PGL-48-4-index-8-dimension-1",
          targetOrder := 144,
          targetPosition := 173 ), rec(
          familyDimension := 1,
          method := "abstract SmallGroup IDs",
          reason := 
           "the documented abstract target has no subgroup of the documented s\
ource type",
          sourceKey := 
           "small-nonabelian-C2^2-PGL-24-10-index-6-dimension-1-representation\
-3",
          sourceOrder := 72,
          sourcePosition := 149,
          status := "no_embedding",
          targetKey := "rank-at-least-15-M_9-PGL-72-41-index-1-dimension-1",
          targetOrder := 216,
          targetPosition := 59 ), rec(
          familyDimension := 1,
          method := "filter",
          reason := "weak_fingerprint",
          sourceKey := 
           "small-nonabelian-C2^2-PGL-24-10-index-6-dimension-1-representation\
-3",
          sourceOrder := 72,
          sourcePosition := 149,
          status := "no_embedding",
          targetKey := "rank-at-least-15-D_12-PGL-72-30-index-6-dimension-1",
          targetOrder := 216,
          targetPosition := 19 ), rec(
          familyDimension := 1,
          method := "abstract SmallGroup IDs",
          reason := 
           "the documented abstract target has no subgroup of the documented s\
ource type",
          sourceKey := 
           "small-nonabelian-C2^2-PGL-24-10-index-6-dimension-1-representation\
-3",
          sourceOrder := 72,
          sourcePosition := 149,
          status := "no_embedding",
          targetKey := "small-nonabelian-S3-PGL-72-27-index-12-dimension-1",
          targetOrder := 216,
          targetPosition := 174 ), rec(
          familyDimension := 1,
          method := "abstract SmallGroup IDs",
          reason := 
           "the documented abstract target has no subgroup of the documented s\
ource type",
          sourceKey := 
           "small-nonabelian-C2^2-PGL-24-10-index-6-dimension-1-representation\
-3",
          sourceOrder := 72,
          sourcePosition := 149,
          status := "no_embedding",
          targetKey := 
           "small-nonabelian-S3-PGL-72-27-index-12-dimension-1-representation-\
2",
          targetOrder := 216,
          targetPosition := 175 ), rec(
          familyDimension := 1,
          method := "abstract SmallGroup IDs",
          reason := 
           "the documented abstract target has no subgroup of the documented s\
ource type",
          sourceKey := 
           "small-nonabelian-C2^2-PGL-24-10-index-6-dimension-1-representation\
-3",
          sourceOrder := 72,
          sourcePosition := 149,
          status := "no_embedding",
          targetKey := "rank-at-least-15-S_5-PGL-120-0-index-1-dimension-1",
          targetOrder := 360,
          targetPosition := 62 ), rec(
          familyDimension := 1,
          method := "abstract SmallGroup IDs",
          reason := 
           "the documented abstract target has no subgroup of the documented s\
ource type",
          sourceKey := 
           "small-nonabelian-C2^2-PGL-24-10-index-6-dimension-1-representation\
-3",
          sourceOrder := 72,
          sourcePosition := 149,
          status := "no_embedding",
          targetKey := "rank-at-least-15-N_72-PGL-144-186-index-2-dimension-1"
           ,
          targetOrder := 432,
          targetPosition := 58 ), rec(
          familyDimension := 1,
          method := "abstract SmallGroup IDs",
          reason := 
           "the documented abstract target has no subgroup of the documented s\
ource type",
          sourceKey := 
           "small-nonabelian-C2^2-PGL-24-10-index-6-dimension-1-representation\
-3",
          sourceOrder := 72,
          sourcePosition := 149,
          status := "no_embedding",
          targetKey := 
           "rank-at-least-15-A_4,3-PGL-144-189-index-2-dimension-1",
          targetOrder := 432,
          targetPosition := 51 ), rec(
          familyDimension := 1,
          method := "abstract SmallGroup IDs",
          reason := 
           "the documented abstract target has no subgroup of the documented s\
ource type",
          sourceKey := 
           "small-nonabelian-C2^2-PGL-24-10-index-6-dimension-1-representation\
-3",
          sourceOrder := 72,
          sourcePosition := 149,
          status := "no_embedding",
          targetKey := 
           "rank-at-least-15-PSL(2,7)-PGL-168-0-index-1-dimension-1",
          targetOrder := 504,
          targetPosition := 63 ), rec(
          familyDimension := 1,
          method := "abstract SmallGroup IDs",
          reason := 
           "the documented abstract target has no subgroup of the documented s\
ource type",
          sourceKey := 
           "small-nonabelian-C2^2-PGL-24-10-index-6-dimension-1-representation\
-3",
          sourceOrder := 72,
          sourcePosition := 149,
          status := "no_embedding",
          targetKey := 
           "rank-at-least-15-S_3,3-PGL-216-170-index-6-dimension-1",
          targetOrder := 648,
          targetPosition := 41 ), rec(
          familyDimension := 1,
          method := "filter",
          reason := "weak_fingerprint",
          sourceKey := 
           "small-nonabelian-C2^2-PGL-24-10-index-6-dimension-1-representation\
-3",
          sourceOrder := 72,
          sourcePosition := 149,
          status := "no_embedding",
          targetKey := 
           "rank-at-least-15-S_3,3-PGL-216-157-index-6-dimension-1",
          targetOrder := 648,
          targetPosition := 44 ), rec(
          familyDimension := 1,
          method := "abstract SmallGroup IDs",
          reason := 
           "the documented abstract target has no subgroup of the documented s\
ource type",
          sourceKey := 
           "small-nonabelian-C2^2-PGL-24-10-index-6-dimension-1-representation\
-3",
          sourceOrder := 72,
          sourcePosition := 149,
          status := "no_embedding",
          targetKey := "rank-at-least-15-S_5-PGL-240-0-index-2-dimension-1",
          targetOrder := 720,
          targetPosition := 61 ), rec(
          familyDimension := 1,
          method := "abstract SmallGroup IDs",
          reason := 
           "the documented abstract target has no subgroup of the documented s\
ource type",
          sourceKey := 
           "small-nonabelian-C2^2-PGL-24-10-index-6-dimension-1-representation\
-3",
          sourceOrder := 72,
          sourcePosition := 149,
          status := "no_embedding",
          targetKey := "rank-at-least-15-A_6-PGL-360-0-index-1-dimension-1",
          targetOrder := 1080,
          targetPosition := 67 ), rec(
          familyDimension := 1,
          method := "filter",
          reason := "weak_fingerprint",
          sourceKey := 
           "small-nonabelian-C2^2-PGL-24-10-index-6-dimension-1-representation\
-3",
          sourceOrder := 72,
          sourcePosition := 149,
          status := "no_embedding",
          targetKey := "rank-at-least-15-A_5-PGL-360-119-index-6-dimension-1",
          targetOrder := 1080,
          targetPosition := 48 ), rec(
          familyDimension := 1,
          method := "abstract SmallGroup IDs",
          reason := 
           "the documented abstract target has no subgroup of the documented s\
ource type",
          sourceKey := 
           "small-nonabelian-C4-PGL-24-10-index-6-dimension-1-representation-2\
",
          sourceOrder := 72,
          sourcePosition := 153,
          status := "no_embedding",
          targetKey := "rank-at-least-15-T_48-PGL-48-0-index-1-dimension-1",
          targetOrder := 144,
          targetPosition := 57 ), rec(
          familyDimension := 1,
          method := "abstract SmallGroup IDs",
          reason := 
           "the documented abstract target has no subgroup of the documented s\
ource type",
          sourceKey := 
           "small-nonabelian-C4-PGL-24-10-index-6-dimension-1-representation-2\
",
          sourceOrder := 72,
          sourcePosition := 153,
          status := "no_embedding",
          targetKey := "small-nonabelian-S3-PGL-48-4-index-8-dimension-1",
          targetOrder := 144,
          targetPosition := 173 ), rec(
          familyDimension := 1,
          method := "abstract SmallGroup IDs",
          reason := 
           "the documented abstract target has no subgroup of the documented s\
ource type",
          sourceKey := 
           "small-nonabelian-C4-PGL-24-10-index-6-dimension-1-representation-2\
",
          sourceOrder := 72,
          sourcePosition := 153,
          status := "no_embedding",
          targetKey := "rank-at-least-15-M_9-PGL-72-41-index-1-dimension-1",
          targetOrder := 216,
          targetPosition := 59 ), rec(
          familyDimension := 1,
          method := "filter",
          reason := "weak_fingerprint",
          sourceKey := 
           "small-nonabelian-C4-PGL-24-10-index-6-dimension-1-representation-2\
",
          sourceOrder := 72,
          sourcePosition := 153,
          status := "no_embedding",
          targetKey := "rank-at-least-15-D_12-PGL-72-30-index-6-dimension-1",
          targetOrder := 216,
          targetPosition := 19 ), rec(
          familyDimension := 1,
          method := "abstract SmallGroup IDs",
          reason := 
           "the documented abstract target has no subgroup of the documented s\
ource type",
          sourceKey := 
           "small-nonabelian-C4-PGL-24-10-index-6-dimension-1-representation-2\
",
          sourceOrder := 72,
          sourcePosition := 153,
          status := "no_embedding",
          targetKey := "small-nonabelian-S3-PGL-72-27-index-12-dimension-1",
          targetOrder := 216,
          targetPosition := 174 ), rec(
          familyDimension := 1,
          method := "abstract SmallGroup IDs",
          reason := 
           "the documented abstract target has no subgroup of the documented s\
ource type",
          sourceKey := 
           "small-nonabelian-C4-PGL-24-10-index-6-dimension-1-representation-2\
",
          sourceOrder := 72,
          sourcePosition := 153,
          status := "no_embedding",
          targetKey := 
           "small-nonabelian-S3-PGL-72-27-index-12-dimension-1-representation-\
2",
          targetOrder := 216,
          targetPosition := 175 ), rec(
          familyDimension := 1,
          method := "abstract SmallGroup IDs",
          reason := 
           "the documented abstract target has no subgroup of the documented s\
ource type",
          sourceKey := 
           "small-nonabelian-C4-PGL-24-10-index-6-dimension-1-representation-2\
",
          sourceOrder := 72,
          sourcePosition := 153,
          status := "no_embedding",
          targetKey := "rank-at-least-15-S_5-PGL-120-0-index-1-dimension-1",
          targetOrder := 360,
          targetPosition := 62 ), rec(
          familyDimension := 1,
          method := "abstract SmallGroup IDs",
          reason := 
           "the documented abstract target has no subgroup of the documented s\
ource type",
          sourceKey := 
           "small-nonabelian-C4-PGL-24-10-index-6-dimension-1-representation-2\
",
          sourceOrder := 72,
          sourcePosition := 153,
          status := "no_embedding",
          targetKey := "rank-at-least-15-N_72-PGL-144-186-index-2-dimension-1"
           ,
          targetOrder := 432,
          targetPosition := 58 ), rec(
          familyDimension := 1,
          method := "abstract SmallGroup IDs",
          reason := 
           "the documented abstract target has no subgroup of the documented s\
ource type",
          sourceKey := 
           "small-nonabelian-C4-PGL-24-10-index-6-dimension-1-representation-2\
",
          sourceOrder := 72,
          sourcePosition := 153,
          status := "no_embedding",
          targetKey := 
           "rank-at-least-15-A_4,3-PGL-144-189-index-2-dimension-1",
          targetOrder := 432,
          targetPosition := 51 ), rec(
          familyDimension := 1,
          method := "abstract SmallGroup IDs",
          reason := 
           "the documented abstract target has no subgroup of the documented s\
ource type",
          sourceKey := 
           "small-nonabelian-C4-PGL-24-10-index-6-dimension-1-representation-2\
",
          sourceOrder := 72,
          sourcePosition := 153,
          status := "no_embedding",
          targetKey := 
           "rank-at-least-15-PSL(2,7)-PGL-168-0-index-1-dimension-1",
          targetOrder := 504,
          targetPosition := 63 ), rec(
          familyDimension := 1,
          method := "abstract SmallGroup IDs",
          reason := 
           "the documented abstract target has no subgroup of the documented s\
ource type",
          sourceKey := 
           "small-nonabelian-C4-PGL-24-10-index-6-dimension-1-representation-2\
",
          sourceOrder := 72,
          sourcePosition := 153,
          status := "no_embedding",
          targetKey := 
           "rank-at-least-15-S_3,3-PGL-216-170-index-6-dimension-1",
          targetOrder := 648,
          targetPosition := 41 ), rec(
          familyDimension := 1,
          method := "filter",
          reason := "weak_fingerprint",
          sourceKey := 
           "small-nonabelian-C4-PGL-24-10-index-6-dimension-1-representation-2\
",
          sourceOrder := 72,
          sourcePosition := 153,
          status := "no_embedding",
          targetKey := 
           "rank-at-least-15-S_3,3-PGL-216-157-index-6-dimension-1",
          targetOrder := 648,
          targetPosition := 44 ), rec(
          familyDimension := 1,
          method := "abstract SmallGroup IDs",
          reason := 
           "the documented abstract target has no subgroup of the documented s\
ource type",
          sourceKey := 
           "small-nonabelian-C4-PGL-24-10-index-6-dimension-1-representation-2\
",
          sourceOrder := 72,
          sourcePosition := 153,
          status := "no_embedding",
          targetKey := "rank-at-least-15-S_5-PGL-240-0-index-2-dimension-1",
          targetOrder := 720,
          targetPosition := 61 ), rec(
          familyDimension := 1,
          method := "abstract SmallGroup IDs",
          reason := 
           "the documented abstract target has no subgroup of the documented s\
ource type",
          sourceKey := 
           "small-nonabelian-C4-PGL-24-10-index-6-dimension-1-representation-2\
",
          sourceOrder := 72,
          sourcePosition := 153,
          status := "no_embedding",
          targetKey := "rank-at-least-15-A_6-PGL-360-0-index-1-dimension-1",
          targetOrder := 1080,
          targetPosition := 67 ), rec(
          familyDimension := 1,
          method := "filter",
          reason := "weak_fingerprint",
          sourceKey := 
           "small-nonabelian-C4-PGL-24-10-index-6-dimension-1-representation-2\
",
          sourceOrder := 72,
          sourcePosition := 153,
          status := "no_embedding",
          targetKey := "rank-at-least-15-A_5-PGL-360-119-index-6-dimension-1",
          targetOrder := 1080,
          targetPosition := 48 ), rec(
          familyDimension := 1,
          method := "abstract SmallGroup IDs",
          reason := 
           "the documented abstract target has no subgroup of the documented s\
ource type",
          sourceKey := "small-nonabelian-S3-PGL-36-12-index-6-dimension-1",
          sourceOrder := 108,
          sourcePosition := 162,
          status := "no_embedding",
          targetKey := "rank-at-least-15-M_9-PGL-72-41-index-1-dimension-1",
          targetOrder := 216,
          targetPosition := 59 ), rec(
          familyDimension := 1,
          method := "filter",
          reason := "weak_fingerprint",
          sourceKey := "small-nonabelian-S3-PGL-36-12-index-6-dimension-1",
          sourceOrder := 108,
          sourcePosition := 162,
          status := "no_embedding",
          targetKey := "rank-at-least-15-D_12-PGL-72-30-index-6-dimension-1",
          targetOrder := 216,
          targetPosition := 19 ), rec(
          familyDimension := 1,
          method := "filter",
          reason := "weak_fingerprint",
          sourceKey := "small-nonabelian-S3-PGL-36-12-index-6-dimension-1",
          sourceOrder := 108,
          sourcePosition := 162,
          status := "no_embedding",
          targetKey := "small-nonabelian-S3-PGL-72-27-index-12-dimension-1",
          targetOrder := 216,
          targetPosition := 174 ), rec(
          familyDimension := 1,
          method := "filter",
          reason := "weak_fingerprint",
          sourceKey := "small-nonabelian-S3-PGL-36-12-index-6-dimension-1",
          sourceOrder := 108,
          sourcePosition := 162,
          status := "no_embedding",
          targetKey := 
           "small-nonabelian-S3-PGL-72-27-index-12-dimension-1-representation-\
2",
          targetOrder := 216,
          targetPosition := 175 ), rec(
          familyDimension := 1,
          method := "filter",
          reason := "weak_fingerprint",
          sourceKey := "small-nonabelian-S3-PGL-36-12-index-6-dimension-1",
          sourceOrder := 108,
          sourcePosition := 162,
          status := "no_embedding",
          targetKey := "rank-at-least-15-N_72-PGL-144-186-index-2-dimension-1"
           ,
          targetOrder := 432,
          targetPosition := 58 ), rec(
          familyDimension := 1,
          method := "abstract SmallGroup IDs",
          reason := 
           "the documented abstract target has no subgroup of the documented s\
ource type",
          sourceKey := "small-nonabelian-S3-PGL-36-12-index-6-dimension-1",
          sourceOrder := 108,
          sourcePosition := 162,
          status := "no_embedding",
          targetKey := 
           "rank-at-least-15-A_4,3-PGL-144-189-index-2-dimension-1",
          targetOrder := 432,
          targetPosition := 51 ), rec(
          familyDimension := 1,
          method := "abstract SmallGroup IDs",
          reason := 
           "the documented abstract target has no subgroup of the documented s\
ource type",
          sourceKey := "small-nonabelian-S3-PGL-36-12-index-6-dimension-1",
          sourceOrder := 108,
          sourcePosition := 162,
          status := "no_embedding",
          targetKey := "rank-at-least-15-A_5-PGL-180-19-index-3-dimension-1",
          targetOrder := 540,
          targetPosition := 47 ), rec(
          familyDimension := 1,
          method := "abstract SmallGroup IDs",
          reason := 
           "the documented abstract target has no subgroup of the documented s\
ource type",
          sourceKey := 
           "small-nonabelian-S3-PGL-36-12-index-6-dimension-1-representation-2\
",
          sourceOrder := 108,
          sourcePosition := 169,
          status := "no_embedding",
          targetKey := "rank-at-least-15-M_9-PGL-72-41-index-1-dimension-1",
          targetOrder := 216,
          targetPosition := 59 ), rec(
          familyDimension := 1,
          method := "filter",
          reason := "weak_fingerprint",
          sourceKey := 
           "small-nonabelian-S3-PGL-36-12-index-6-dimension-1-representation-2\
",
          sourceOrder := 108,
          sourcePosition := 169,
          status := "no_embedding",
          targetKey := "rank-at-least-15-D_12-PGL-72-30-index-6-dimension-1",
          targetOrder := 216,
          targetPosition := 19 ), rec(
          familyDimension := 1,
          method := "filter",
          reason := "weak_fingerprint",
          sourceKey := 
           "small-nonabelian-S3-PGL-36-12-index-6-dimension-1-representation-2\
",
          sourceOrder := 108,
          sourcePosition := 169,
          status := "no_embedding",
          targetKey := "small-nonabelian-S3-PGL-72-27-index-12-dimension-1",
          targetOrder := 216,
          targetPosition := 174 ), rec(
          familyDimension := 1,
          method := "filter",
          reason := "weak_fingerprint",
          sourceKey := 
           "small-nonabelian-S3-PGL-36-12-index-6-dimension-1-representation-2\
",
          sourceOrder := 108,
          sourcePosition := 169,
          status := "no_embedding",
          targetKey := 
           "small-nonabelian-S3-PGL-72-27-index-12-dimension-1-representation-\
2",
          targetOrder := 216,
          targetPosition := 175 ), rec(
          familyDimension := 1,
          method := "filter",
          reason := "weak_fingerprint",
          sourceKey := 
           "small-nonabelian-S3-PGL-36-12-index-6-dimension-1-representation-2\
",
          sourceOrder := 108,
          sourcePosition := 169,
          status := "no_embedding",
          targetKey := "rank-at-least-15-N_72-PGL-144-186-index-2-dimension-1"
           ,
          targetOrder := 432,
          targetPosition := 58 ), rec(
          familyDimension := 1,
          method := "abstract SmallGroup IDs",
          reason := 
           "the documented abstract target has no subgroup of the documented s\
ource type",
          sourceKey := 
           "small-nonabelian-S3-PGL-36-12-index-6-dimension-1-representation-2\
",
          sourceOrder := 108,
          sourcePosition := 169,
          status := "no_embedding",
          targetKey := 
           "rank-at-least-15-A_4,3-PGL-144-189-index-2-dimension-1",
          targetOrder := 432,
          targetPosition := 51 ), rec(
          familyDimension := 1,
          method := "abstract SmallGroup IDs",
          reason := 
           "the documented abstract target has no subgroup of the documented s\
ource type",
          sourceKey := 
           "small-nonabelian-S3-PGL-36-12-index-6-dimension-1-representation-2\
",
          sourceOrder := 108,
          sourcePosition := 169,
          status := "no_embedding",
          targetKey := "rank-at-least-15-A_5-PGL-180-19-index-3-dimension-1",
          targetOrder := 540,
          targetPosition := 47 ), rec(
          familyDimension := 1,
          method := "filter",
          reason := "weak_fingerprint",
          sourceKey := 
           "small-nonabelian-S3-PGL-36-12-index-6-dimension-1-representation-2\
",
          sourceOrder := 108,
          sourcePosition := 169,
          status := "no_embedding",
          targetKey := 
           "rank-at-least-15-S_3,3-PGL-216-170-index-6-dimension-1",
          targetOrder := 648,
          targetPosition := 41 ), rec(
          familyDimension := 1,
          method := "filter",
          reason := "weak_fingerprint",
          sourceKey := 
           "small-nonabelian-S3-PGL-36-12-index-6-dimension-1-representation-2\
",
          sourceOrder := 108,
          sourcePosition := 169,
          status := "no_embedding",
          targetKey := 
           "rank-at-least-15-S_3,3-PGL-216-157-index-6-dimension-1",
          targetOrder := 648,
          targetPosition := 44 ), rec(
          familyDimension := 1,
          method := "abstract SmallGroup IDs",
          reason := 
           "the documented abstract target has no subgroup of the documented s\
ource type",
          sourceKey := 
           "small-nonabelian-S3-PGL-36-12-index-6-dimension-1-representation-2\
",
          sourceOrder := 108,
          sourcePosition := 169,
          status := "no_embedding",
          targetKey := "rank-at-least-15-A_6-PGL-360-0-index-1-dimension-1",
          targetOrder := 1080,
          targetPosition := 67 ), rec(
          familyDimension := 1,
          method := "filter",
          reason := "weak_fingerprint",
          sourceKey := 
           "small-nonabelian-S3-PGL-36-12-index-6-dimension-1-representation-2\
",
          sourceOrder := 108,
          sourcePosition := 169,
          status := "no_embedding",
          targetKey := "rank-at-least-15-A_5-PGL-360-119-index-6-dimension-1",
          targetOrder := 1080,
          targetPosition := 48 ), rec(
          familyDimension := 1,
          method := "filter",
          reason := "weak_fingerprint",
          sourceKey := 
           "small-nonabelian-S3-PGL-36-12-index-6-dimension-1-representation-2\
",
          sourceOrder := 108,
          sourcePosition := 169,
          status := "no_embedding",
          targetKey := 
           "rank-at-least-15-A_4,3-PGL-432-745-index-6-dimension-1",
          targetOrder := 1296,
          targetPosition := 52 ), rec(
          familyDimension := 1,
          method := "filter",
          reason := "weak_fingerprint",
          sourceKey := 
           "small-nonabelian-S3-PGL-36-12-index-6-dimension-1-representation-2\
",
          sourceOrder := 108,
          sourcePosition := 169,
          status := "no_embedding",
          targetKey := "rank-at-least-15-A_6-PGL-720-0-index-2-dimension-1",
          targetOrder := 2160,
          targetPosition := 66 ), rec(
          familyDimension := 1,
          method := "filter",
          reason := "weak_fingerprint",
          sourceKey := 
           "small-nonabelian-S3-PGL-36-12-index-6-dimension-1-representation-2\
",
          sourceOrder := 108,
          sourcePosition := 169,
          status := "no_embedding",
          targetKey := 
           "rank-at-least-15-3^{1+4}:2-PGL-1944-3493-index-4-dimension-1",
          targetOrder := 5832,
          targetPosition := 54 ), rec(
          familyDimension := 1,
          method := "filter",
          reason := "weak_fingerprint",
          sourceKey := 
           "small-nonabelian-S3-PGL-36-12-index-6-dimension-1-representation-2\
",
          sourceOrder := 108,
          sourcePosition := 169,
          status := "no_embedding",
          targetKey := 
           "rank-at-least-15-3^{1+4}:2.2-PGL-1944-0-index-2-dimension-1",
          targetOrder := 5832,
          targetPosition := 68 ), rec(
          familyDimension := 1,
          method := "abstract SmallGroup IDs",
          reason := 
           "the documented abstract target has no subgroup of the documented s\
ource type",
          sourceKey := 
           "small-nonabelian-S3-PGL-36-12-index-6-dimension-1-representation-3\
",
          sourceOrder := 108,
          sourcePosition := 171,
          status := "no_embedding",
          targetKey := "rank-at-least-15-M_9-PGL-72-41-index-1-dimension-1",
          targetOrder := 216,
          targetPosition := 59 ), rec(
          familyDimension := 1,
          method := "filter",
          reason := "weak_fingerprint",
          sourceKey := 
           "small-nonabelian-S3-PGL-36-12-index-6-dimension-1-representation-3\
",
          sourceOrder := 108,
          sourcePosition := 171,
          status := "no_embedding",
          targetKey := "rank-at-least-15-D_12-PGL-72-30-index-6-dimension-1",
          targetOrder := 216,
          targetPosition := 19 ), rec(
          familyDimension := 1,
          method := "filter",
          reason := "weak_fingerprint",
          sourceKey := 
           "small-nonabelian-S3-PGL-36-12-index-6-dimension-1-representation-3\
",
          sourceOrder := 108,
          sourcePosition := 171,
          status := "no_embedding",
          targetKey := "small-nonabelian-S3-PGL-72-27-index-12-dimension-1",
          targetOrder := 216,
          targetPosition := 174 ), rec(
          familyDimension := 1,
          method := "filter",
          reason := "weak_fingerprint",
          sourceKey := 
           "small-nonabelian-S3-PGL-36-12-index-6-dimension-1-representation-3\
",
          sourceOrder := 108,
          sourcePosition := 171,
          status := "no_embedding",
          targetKey := 
           "small-nonabelian-S3-PGL-72-27-index-12-dimension-1-representation-\
2",
          targetOrder := 216,
          targetPosition := 175 ), rec(
          familyDimension := 1,
          method := "filter",
          reason := "weak_fingerprint",
          sourceKey := 
           "small-nonabelian-S3-PGL-36-12-index-6-dimension-1-representation-3\
",
          sourceOrder := 108,
          sourcePosition := 171,
          status := "no_embedding",
          targetKey := "rank-at-least-15-N_72-PGL-144-186-index-2-dimension-1"
           ,
          targetOrder := 432,
          targetPosition := 58 ), rec(
          familyDimension := 1,
          method := "abstract SmallGroup IDs",
          reason := 
           "the documented abstract target has no subgroup of the documented s\
ource type",
          sourceKey := 
           "small-nonabelian-S3-PGL-36-12-index-6-dimension-1-representation-3\
",
          sourceOrder := 108,
          sourcePosition := 171,
          status := "no_embedding",
          targetKey := 
           "rank-at-least-15-A_4,3-PGL-144-189-index-2-dimension-1",
          targetOrder := 432,
          targetPosition := 51 ), rec(
          familyDimension := 1,
          method := "abstract SmallGroup IDs",
          reason := 
           "the documented abstract target has no subgroup of the documented s\
ource type",
          sourceKey := 
           "small-nonabelian-S3-PGL-36-12-index-6-dimension-1-representation-3\
",
          sourceOrder := 108,
          sourcePosition := 171,
          status := "no_embedding",
          targetKey := "rank-at-least-15-A_5-PGL-180-19-index-3-dimension-1",
          targetOrder := 540,
          targetPosition := 47 ), rec(
          familyDimension := 1,
          method := "abstract SmallGroup IDs",
          reason := 
           "the documented abstract target has no subgroup of the documented s\
ource type",
          sourceKey := "small-nonabelian-S3-PGL-48-4-index-8-dimension-1",
          sourceOrder := 144,
          sourcePosition := 173,
          status := "no_embedding",
          targetKey := "rank-at-least-15-N_72-PGL-144-186-index-2-dimension-1"
           ,
          targetOrder := 432,
          targetPosition := 58 ), rec(
          familyDimension := 1,
          method := "abstract SmallGroup IDs",
          reason := 
           "the documented abstract target has no subgroup of the documented s\
ource type",
          sourceKey := "small-nonabelian-S3-PGL-48-4-index-8-dimension-1",
          sourceOrder := 144,
          sourcePosition := 173,
          status := "no_embedding",
          targetKey := 
           "rank-at-least-15-A_4,3-PGL-144-189-index-2-dimension-1",
          targetOrder := 432,
          targetPosition := 51 ), rec(
          familyDimension := 1,
          method := "abstract SmallGroup IDs",
          reason := 
           "the documented abstract target has no subgroup of the documented s\
ource type",
          sourceKey := "small-nonabelian-S3-PGL-48-4-index-8-dimension-1",
          sourceOrder := 144,
          sourcePosition := 173,
          status := "no_embedding",
          targetKey := "rank-at-least-15-S_5-PGL-240-0-index-2-dimension-1",
          targetOrder := 720,
          targetPosition := 61 ), rec(
          familyDimension := 1,
          method := "abstract SmallGroup IDs",
          reason := 
           "the documented abstract target has no subgroup of the documented s\
ource type",
          sourceKey := "small-nonabelian-S3-PGL-48-4-index-8-dimension-1",
          sourceOrder := 144,
          sourcePosition := 173,
          status := "no_embedding",
          targetKey := 
           "rank-at-least-15-A_4,3-PGL-432-745-index-6-dimension-1",
          targetOrder := 1296,
          targetPosition := 52 ), rec(
          familyDimension := 1,
          method := "filter",
          reason := "exponent",
          sourceKey := "small-nonabelian-S3-PGL-48-4-index-8-dimension-1",
          sourceOrder := 144,
          sourcePosition := 173,
          status := "no_embedding",
          targetKey := "rank-at-least-15-A_6-PGL-720-0-index-2-dimension-1",
          targetOrder := 2160,
          targetPosition := 66 ), rec(
          familyDimension := 1,
          method := "abstract SmallGroup IDs",
          reason := 
           "the documented abstract target has no subgroup of the documented s\
ource type",
          sourceKey := "rank-at-least-15-A_3,3-PGL-54-5-index-3-dimension-1",
          sourceOrder := 162,
          sourcePosition := 23,
          status := "no_embedding",
          targetKey := 
           "rank-at-least-15-S_3,3-PGL-216-170-index-6-dimension-1",
          targetOrder := 648,
          targetPosition := 41 ), rec(
          familyDimension := 1,
          method := "abstract SmallGroup IDs",
          reason := 
           "the documented abstract target has no subgroup of the documented s\
ource type",
          sourceKey := "rank-at-least-15-A_3,3-PGL-54-5-index-3-dimension-1",
          sourceOrder := 162,
          sourcePosition := 23,
          status := "no_embedding",
          targetKey := 
           "rank-at-least-15-S_3,3-PGL-216-157-index-6-dimension-1",
          targetOrder := 648,
          targetPosition := 44 ), rec(
          familyDimension := 1,
          method := "abstract SmallGroup IDs",
          reason := 
           "the documented abstract target has no subgroup of the documented s\
ource type",
          sourceKey := "rank-at-least-15-A_3,3-PGL-54-5-index-3-dimension-1",
          sourceOrder := 162,
          sourcePosition := 23,
          status := "no_embedding",
          targetKey := 
           "rank-at-least-15-A_4,3-PGL-432-745-index-6-dimension-1",
          targetOrder := 1296,
          targetPosition := 52 ), rec(
          familyDimension := 1,
          method := "filter",
          reason := "exponent",
          sourceKey := "rank-at-least-15-A_3,3-PGL-54-5-index-3-dimension-1",
          sourceOrder := 162,
          sourcePosition := 23,
          status := "no_embedding",
          targetKey := 
           "rank-at-least-15-3^{1+4}:2-PGL-1944-3493-index-4-dimension-1",
          targetOrder := 5832,
          targetPosition := 54 ), rec(
          familyDimension := 1,
          method := "filter",
          reason := "exponent",
          sourceKey := "rank-at-least-15-A_3,3-PGL-54-5-index-3-dimension-1",
          sourceOrder := 162,
          sourcePosition := 23,
          status := "no_embedding",
          targetKey := 
           "rank-at-least-15-3^{1+4}:2.2-PGL-1944-0-index-2-dimension-1",
          targetOrder := 5832,
          targetPosition := 68 ), rec(
          familyDimension := 1,
          method := "filter",
          reason := "strong_fingerprint",
          sourceKey := "rank-at-least-15-A_3,3-PGL-54-5-index-3-dimension-1",
          sourceOrder := 162,
          sourcePosition := 23,
          status := "no_embedding",
          targetKey := 
           "rank-at-least-15-3^{1+4}:2-PGL-2916-0-index-6-dimension-1",
          targetOrder := 8748,
          targetPosition := 55 ), rec(
          familyDimension := 1,
          method := "abstract SmallGroup IDs",
          reason := 
           "the documented abstract target has no subgroup of the documented s\
ource type",
          sourceKey := "rank-at-least-15-D_12-PGL-72-30-index-6-dimension-1",
          sourceOrder := 216,
          sourcePosition := 19,
          status := "no_embedding",
          targetKey := "rank-at-least-15-N_72-PGL-144-186-index-2-dimension-1"
           ,
          targetOrder := 432,
          targetPosition := 58 ), rec(
          familyDimension := 1,
          method := "abstract SmallGroup IDs",
          reason := 
           "the documented abstract target has no subgroup of the documented s\
ource type",
          sourceKey := "rank-at-least-15-D_12-PGL-72-30-index-6-dimension-1",
          sourceOrder := 216,
          sourcePosition := 19,
          status := "no_embedding",
          targetKey := 
           "rank-at-least-15-A_4,3-PGL-144-189-index-2-dimension-1",
          targetOrder := 432,
          targetPosition := 51 ), rec(
          familyDimension := 1,
          method := "abstract SmallGroup IDs",
          reason := 
           "the documented abstract target has no subgroup of the documented s\
ource type",
          sourceKey := "rank-at-least-15-D_12-PGL-72-30-index-6-dimension-1",
          sourceOrder := 216,
          sourcePosition := 19,
          status := "no_embedding",
          targetKey := 
           "rank-at-least-15-S_3,3-PGL-216-170-index-6-dimension-1",
          targetOrder := 648,
          targetPosition := 41 ), rec(
          familyDimension := 1,
          method := "abstract SmallGroup IDs",
          reason := 
           "the documented abstract target has no subgroup of the documented s\
ource type",
          sourceKey := "rank-at-least-15-D_12-PGL-72-30-index-6-dimension-1",
          sourceOrder := 216,
          sourcePosition := 19,
          status := "no_embedding",
          targetKey := 
           "rank-at-least-15-S_3,3-PGL-216-157-index-6-dimension-1",
          targetOrder := 648,
          targetPosition := 44 ), rec(
          familyDimension := 1,
          method := "abstract SmallGroup IDs",
          reason := 
           "the documented abstract target has no subgroup of the documented s\
ource type",
          sourceKey := "rank-at-least-15-D_12-PGL-72-30-index-6-dimension-1",
          sourceOrder := 216,
          sourcePosition := 19,
          status := "no_embedding",
          targetKey := "rank-at-least-15-A_6-PGL-360-0-index-1-dimension-1",
          targetOrder := 1080,
          targetPosition := 67 ), rec(
          familyDimension := 1,
          method := "abstract SmallGroup IDs",
          reason := 
           "the documented abstract target has no subgroup of the documented s\
ource type",
          sourceKey := "rank-at-least-15-D_12-PGL-72-30-index-6-dimension-1",
          sourceOrder := 216,
          sourcePosition := 19,
          status := "no_embedding",
          targetKey := "rank-at-least-15-A_5-PGL-360-119-index-6-dimension-1",
          targetOrder := 1080,
          targetPosition := 48 ), rec(
          familyDimension := 1,
          method := "filter",
          reason := "weak_fingerprint",
          sourceKey := "rank-at-least-15-D_12-PGL-72-30-index-6-dimension-1",
          sourceOrder := 216,
          sourcePosition := 19,
          status := "no_embedding",
          targetKey := 
           "rank-at-least-15-A_4,3-PGL-432-745-index-6-dimension-1",
          targetOrder := 1296,
          targetPosition := 52 ), rec(
          familyDimension := 1,
          method := "filter",
          reason := "weak_fingerprint",
          sourceKey := "rank-at-least-15-D_12-PGL-72-30-index-6-dimension-1",
          sourceOrder := 216,
          sourcePosition := 19,
          status := "no_embedding",
          targetKey := "rank-at-least-15-A_6-PGL-720-0-index-2-dimension-1",
          targetOrder := 2160,
          targetPosition := 66 ), rec(
          familyDimension := 1,
          method := "filter",
          reason := "derived_series",
          sourceKey := "rank-at-least-15-D_12-PGL-72-30-index-6-dimension-1",
          sourceOrder := 216,
          sourcePosition := 19,
          status := "no_embedding",
          targetKey := 
           "rank-at-least-15-3^{1+4}:2-PGL-1944-3493-index-4-dimension-1",
          targetOrder := 5832,
          targetPosition := 54 ), rec(
          familyDimension := 1,
          method := "filter",
          reason := "weak_fingerprint",
          sourceKey := "rank-at-least-15-D_12-PGL-72-30-index-6-dimension-1",
          sourceOrder := 216,
          sourcePosition := 19,
          status := "no_embedding",
          targetKey := 
           "rank-at-least-15-3^{1+4}:2.2-PGL-1944-0-index-2-dimension-1",
          targetOrder := 5832,
          targetPosition := 68 ), rec(
          familyDimension := 1,
          method := "abstract SmallGroup IDs",
          reason := 
           "the documented abstract target has no subgroup of the documented s\
ource type",
          sourceKey := "small-nonabelian-S3-PGL-72-27-index-12-dimension-1",
          sourceOrder := 216,
          sourcePosition := 174,
          status := "no_embedding",
          targetKey := "rank-at-least-15-N_72-PGL-144-186-index-2-dimension-1"
           ,
          targetOrder := 432,
          targetPosition := 58 ), rec(
          familyDimension := 1,
          method := "abstract SmallGroup IDs",
          reason := 
           "the documented abstract target has no subgroup of the documented s\
ource type",
          sourceKey := "small-nonabelian-S3-PGL-72-27-index-12-dimension-1",
          sourceOrder := 216,
          sourcePosition := 174,
          status := "no_embedding",
          targetKey := 
           "rank-at-least-15-A_4,3-PGL-144-189-index-2-dimension-1",
          targetOrder := 432,
          targetPosition := 51 ), rec(
          familyDimension := 1,
          method := "abstract SmallGroup IDs",
          reason := 
           "the documented abstract target has no subgroup of the documented s\
ource type",
          sourceKey := "small-nonabelian-S3-PGL-72-27-index-12-dimension-1",
          sourceOrder := 216,
          sourcePosition := 174,
          status := "no_embedding",
          targetKey := 
           "rank-at-least-15-S_3,3-PGL-216-170-index-6-dimension-1",
          targetOrder := 648,
          targetPosition := 41 ), rec(
          familyDimension := 1,
          method := "abstract SmallGroup IDs",
          reason := 
           "the documented abstract target has no subgroup of the documented s\
ource type",
          sourceKey := "small-nonabelian-S3-PGL-72-27-index-12-dimension-1",
          sourceOrder := 216,
          sourcePosition := 174,
          status := "no_embedding",
          targetKey := 
           "rank-at-least-15-S_3,3-PGL-216-157-index-6-dimension-1",
          targetOrder := 648,
          targetPosition := 44 ), rec(
          familyDimension := 1,
          method := "abstract SmallGroup IDs",
          reason := 
           "the documented abstract target has no subgroup of the documented s\
ource type",
          sourceKey := "small-nonabelian-S3-PGL-72-27-index-12-dimension-1",
          sourceOrder := 216,
          sourcePosition := 174,
          status := "no_embedding",
          targetKey := "rank-at-least-15-A_6-PGL-360-0-index-1-dimension-1",
          targetOrder := 1080,
          targetPosition := 67 ), rec(
          familyDimension := 1,
          method := "abstract SmallGroup IDs",
          reason := 
           "the documented abstract target has no subgroup of the documented s\
ource type",
          sourceKey := "small-nonabelian-S3-PGL-72-27-index-12-dimension-1",
          sourceOrder := 216,
          sourcePosition := 174,
          status := "no_embedding",
          targetKey := "rank-at-least-15-A_5-PGL-360-119-index-6-dimension-1",
          targetOrder := 1080,
          targetPosition := 48 ), rec(
          familyDimension := 1,
          method := "filter",
          reason := "weak_fingerprint",
          sourceKey := "small-nonabelian-S3-PGL-72-27-index-12-dimension-1",
          sourceOrder := 216,
          sourcePosition := 174,
          status := "no_embedding",
          targetKey := 
           "rank-at-least-15-A_4,3-PGL-432-745-index-6-dimension-1",
          targetOrder := 1296,
          targetPosition := 52 ), rec(
          familyDimension := 1,
          method := "filter",
          reason := "weak_fingerprint",
          sourceKey := "small-nonabelian-S3-PGL-72-27-index-12-dimension-1",
          sourceOrder := 216,
          sourcePosition := 174,
          status := "no_embedding",
          targetKey := "rank-at-least-15-A_6-PGL-720-0-index-2-dimension-1",
          targetOrder := 2160,
          targetPosition := 66 ), rec(
          familyDimension := 1,
          method := "filter",
          reason := "weak_fingerprint",
          sourceKey := "small-nonabelian-S3-PGL-72-27-index-12-dimension-1",
          sourceOrder := 216,
          sourcePosition := 174,
          status := "no_embedding",
          targetKey := 
           "rank-at-least-15-3^{1+4}:2-PGL-1944-3493-index-4-dimension-1",
          targetOrder := 5832,
          targetPosition := 54 ), rec(
          familyDimension := 1,
          method := "filter",
          reason := "weak_fingerprint",
          sourceKey := "small-nonabelian-S3-PGL-72-27-index-12-dimension-1",
          sourceOrder := 216,
          sourcePosition := 174,
          status := "no_embedding",
          targetKey := 
           "rank-at-least-15-3^{1+4}:2.2-PGL-1944-0-index-2-dimension-1",
          targetOrder := 5832,
          targetPosition := 68 ), rec(
          familyDimension := 1,
          method := "abstract SmallGroup IDs",
          reason := 
           "the documented abstract target has no subgroup of the documented s\
ource type",
          sourceKey := 
           "small-nonabelian-S3-PGL-72-27-index-12-dimension-1-representation-\
2",
          sourceOrder := 216,
          sourcePosition := 175,
          status := "no_embedding",
          targetKey := "rank-at-least-15-N_72-PGL-144-186-index-2-dimension-1"
           ,
          targetOrder := 432,
          targetPosition := 58 ), rec(
          familyDimension := 1,
          method := "abstract SmallGroup IDs",
          reason := 
           "the documented abstract target has no subgroup of the documented s\
ource type",
          sourceKey := 
           "small-nonabelian-S3-PGL-72-27-index-12-dimension-1-representation-\
2",
          sourceOrder := 216,
          sourcePosition := 175,
          status := "no_embedding",
          targetKey := 
           "rank-at-least-15-A_4,3-PGL-144-189-index-2-dimension-1",
          targetOrder := 432,
          targetPosition := 51 ), rec(
          familyDimension := 1,
          method := "abstract SmallGroup IDs",
          reason := 
           "the documented abstract target has no subgroup of the documented s\
ource type",
          sourceKey := 
           "small-nonabelian-S3-PGL-72-27-index-12-dimension-1-representation-\
2",
          sourceOrder := 216,
          sourcePosition := 175,
          status := "no_embedding",
          targetKey := 
           "rank-at-least-15-S_3,3-PGL-216-170-index-6-dimension-1",
          targetOrder := 648,
          targetPosition := 41 ), rec(
          familyDimension := 1,
          method := "abstract SmallGroup IDs",
          reason := 
           "the documented abstract target has no subgroup of the documented s\
ource type",
          sourceKey := 
           "small-nonabelian-S3-PGL-72-27-index-12-dimension-1-representation-\
2",
          sourceOrder := 216,
          sourcePosition := 175,
          status := "no_embedding",
          targetKey := 
           "rank-at-least-15-S_3,3-PGL-216-157-index-6-dimension-1",
          targetOrder := 648,
          targetPosition := 44 ), rec(
          familyDimension := 1,
          method := "abstract SmallGroup IDs",
          reason := 
           "the documented abstract target has no subgroup of the documented s\
ource type",
          sourceKey := 
           "small-nonabelian-S3-PGL-72-27-index-12-dimension-1-representation-\
2",
          sourceOrder := 216,
          sourcePosition := 175,
          status := "no_embedding",
          targetKey := "rank-at-least-15-A_6-PGL-360-0-index-1-dimension-1",
          targetOrder := 1080,
          targetPosition := 67 ), rec(
          familyDimension := 1,
          method := "abstract SmallGroup IDs",
          reason := 
           "the documented abstract target has no subgroup of the documented s\
ource type",
          sourceKey := 
           "small-nonabelian-S3-PGL-72-27-index-12-dimension-1-representation-\
2",
          sourceOrder := 216,
          sourcePosition := 175,
          status := "no_embedding",
          targetKey := "rank-at-least-15-A_5-PGL-360-119-index-6-dimension-1",
          targetOrder := 1080,
          targetPosition := 48 ), rec(
          familyDimension := 1,
          method := "filter",
          reason := "weak_fingerprint",
          sourceKey := 
           "small-nonabelian-S3-PGL-72-27-index-12-dimension-1-representation-\
2",
          sourceOrder := 216,
          sourcePosition := 175,
          status := "no_embedding",
          targetKey := 
           "rank-at-least-15-A_4,3-PGL-432-745-index-6-dimension-1",
          targetOrder := 1296,
          targetPosition := 52 ), rec(
          familyDimension := 1,
          method := "filter",
          reason := "weak_fingerprint",
          sourceKey := 
           "small-nonabelian-S3-PGL-72-27-index-12-dimension-1-representation-\
2",
          sourceOrder := 216,
          sourcePosition := 175,
          status := "no_embedding",
          targetKey := "rank-at-least-15-A_6-PGL-720-0-index-2-dimension-1",
          targetOrder := 2160,
          targetPosition := 66 ), rec(
          familyDimension := 1,
          method := "filter",
          reason := "weak_fingerprint",
          sourceKey := 
           "small-nonabelian-S3-PGL-72-27-index-12-dimension-1-representation-\
2",
          sourceOrder := 216,
          sourcePosition := 175,
          status := "no_embedding",
          targetKey := 
           "rank-at-least-15-3^{1+4}:2-PGL-1944-3493-index-4-dimension-1",
          targetOrder := 5832,
          targetPosition := 54 ), rec(
          familyDimension := 1,
          method := "filter",
          reason := "weak_fingerprint",
          sourceKey := 
           "small-nonabelian-S3-PGL-72-27-index-12-dimension-1-representation-\
2",
          sourceOrder := 216,
          sourcePosition := 175,
          status := "no_embedding",
          targetKey := 
           "rank-at-least-15-3^{1+4}:2.2-PGL-1944-0-index-2-dimension-1",
          targetOrder := 5832,
          targetPosition := 68 ), rec(
          familyDimension := 1,
          method := "abstract SmallGroup IDs",
          reason := 
           "the documented abstract target has no subgroup of the documented s\
ource type",
          sourceKey := 
           "rank-at-least-15-A_4,3-PGL-144-189-index-2-dimension-1",
          sourceOrder := 432,
          sourcePosition := 51,
          status := "no_embedding",
          targetKey := 
           "rank-at-least-15-A_4,3-PGL-432-745-index-6-dimension-1",
          targetOrder := 1296,
          targetPosition := 52 ), rec(
          familyDimension := 1,
          method := "filter",
          reason := "weak_fingerprint",
          sourceKey := 
           "rank-at-least-15-A_4,3-PGL-144-189-index-2-dimension-1",
          sourceOrder := 432,
          sourcePosition := 51,
          status := "no_embedding",
          targetKey := "rank-at-least-15-A_6-PGL-720-0-index-2-dimension-1",
          targetOrder := 2160,
          targetPosition := 66 ), rec(
          familyDimension := 1,
          method := "abstract SmallGroup IDs",
          reason := 
           "the documented abstract target has no subgroup of the documented s\
ource type",
          sourceKey := "rank-at-least-15-A_5-PGL-180-19-index-3-dimension-1",
          sourceOrder := 540,
          sourcePosition := 47,
          status := "no_embedding",
          targetKey := "rank-at-least-15-A_6-PGL-360-0-index-1-dimension-1",
          targetOrder := 1080,
          targetPosition := 67 ), rec(
          familyDimension := 1,
          method := "filter",
          reason := "weak_fingerprint",
          sourceKey := "rank-at-least-15-A_5-PGL-180-19-index-3-dimension-1",
          sourceOrder := 540,
          sourcePosition := 47,
          status := "no_embedding",
          targetKey := "rank-at-least-15-A_5-PGL-360-119-index-6-dimension-1",
          targetOrder := 1080,
          targetPosition := 48 ), rec(
          familyDimension := 1,
          method := "filter",
          reason := "weak_fingerprint",
          sourceKey := "rank-at-least-15-A_5-PGL-180-19-index-3-dimension-1",
          sourceOrder := 540,
          sourcePosition := 47,
          status := "no_embedding",
          targetKey := "rank-at-least-15-A_6-PGL-720-0-index-2-dimension-1",
          targetOrder := 2160,
          targetPosition := 66 ), rec(
          familyDimension := 1,
          method := "abstract SmallGroup IDs",
          reason := 
           "the documented abstract target has no subgroup of the documented s\
ource type",
          sourceKey := 
           "rank-at-least-15-S_3,3-PGL-216-170-index-6-dimension-1",
          sourceOrder := 648,
          sourcePosition := 41,
          status := "no_embedding",
          targetKey := 
           "rank-at-least-15-A_4,3-PGL-432-745-index-6-dimension-1",
          targetOrder := 1296,
          targetPosition := 52 ), rec(
          familyDimension := 1,
          method := "filter",
          reason := "weak_fingerprint",
          sourceKey := 
           "rank-at-least-15-S_3,3-PGL-216-170-index-6-dimension-1",
          sourceOrder := 648,
          sourcePosition := 41,
          status := "no_embedding",
          targetKey := 
           "rank-at-least-15-3^{1+4}:2-PGL-1944-3493-index-4-dimension-1",
          targetOrder := 5832,
          targetPosition := 54 ), rec(
          familyDimension := 1,
          method := "filter",
          reason := "weak_fingerprint",
          sourceKey := 
           "rank-at-least-15-S_3,3-PGL-216-170-index-6-dimension-1",
          sourceOrder := 648,
          sourcePosition := 41,
          status := "no_embedding",
          targetKey := 
           "rank-at-least-15-3^{1+4}:2.2-PGL-1944-0-index-2-dimension-1",
          targetOrder := 5832,
          targetPosition := 68 ), rec(
          familyDimension := 1,
          method := "abstract SmallGroup IDs",
          reason := 
           "the documented abstract target has no subgroup of the documented s\
ource type",
          sourceKey := 
           "rank-at-least-15-S_3,3-PGL-216-157-index-6-dimension-1",
          sourceOrder := 648,
          sourcePosition := 44,
          status := "no_embedding",
          targetKey := 
           "rank-at-least-15-A_4,3-PGL-432-745-index-6-dimension-1",
          targetOrder := 1296,
          targetPosition := 52 ), rec(
          familyDimension := 1,
          method := "filter",
          reason := "derived_series",
          sourceKey := 
           "rank-at-least-15-S_3,3-PGL-216-157-index-6-dimension-1",
          sourceOrder := 648,
          sourcePosition := 44,
          status := "no_embedding",
          targetKey := 
           "rank-at-least-15-3^{1+4}:2-PGL-1944-3493-index-4-dimension-1",
          targetOrder := 5832,
          targetPosition := 54 ), rec(
          familyDimension := 1,
          method := "filter",
          reason := "weak_fingerprint",
          sourceKey := 
           "rank-at-least-15-S_3,3-PGL-216-157-index-6-dimension-1",
          sourceOrder := 648,
          sourcePosition := 44,
          status := "no_embedding",
          targetKey := 
           "rank-at-least-15-3^{1+4}:2.2-PGL-1944-0-index-2-dimension-1",
          targetOrder := 5832,
          targetPosition := 68 ), rec(
          familyDimension := 1,
          method := "filter",
          reason := "weak_fingerprint",
          sourceKey := "rank-at-least-15-A_5-PGL-360-119-index-6-dimension-1",
          sourceOrder := 1080,
          sourcePosition := 48,
          status := "no_embedding",
          targetKey := "rank-at-least-15-A_6-PGL-720-0-index-2-dimension-1",
          targetOrder := 2160,
          targetPosition := 66 ), rec(
          familyDimension := 2,
          method := "abstract SmallGroup IDs",
          reason := 
           "the documented abstract target has no subgroup of the documented s\
ource type",
          sourceKey := "liftable-abelian-C4-PGL-8-2-index-2-dimension-2",
          sourceOrder := 24,
          sourcePosition := 124,
          status := "no_embedding",
          targetKey := "rank-at-least-15-QD_16-PGL-16-0-index-1-dimension-2",
          targetOrder := 48,
          targetPosition := 31 ), rec(
          familyDimension := 2,
          method := "abstract SmallGroup IDs",
          reason := 
           "the documented abstract target has no subgroup of the documented s\
ource type",
          sourceKey := "liftable-abelian-C4-PGL-8-2-index-2-dimension-2",
          sourceOrder := 24,
          sourcePosition := 124,
          status := "no_embedding",
          targetKey := "rank-at-least-15-D_8-PGL-16-7-index-2-dimension-2",
          targetOrder := 48,
          targetPosition := 4 ), rec(
          familyDimension := 2,
          method := "abstract SmallGroup IDs",
          reason := 
           "the documented abstract target has no subgroup of the documented s\
ource type",
          sourceKey := "nonliftable-abelian-C3-PGL-9-2-index-3-dimension-2",
          sourceOrder := 27,
          sourcePosition := 130,
          status := "no_embedding",
          targetKey := "liftable-abelian-C3-PGL-18-5-index-6-dimension-2",
          targetOrder := 54,
          targetPosition := 119 ), rec(
          familyDimension := 2,
          method := "abstract SmallGroup IDs",
          reason := 
           "the documented abstract target has no subgroup of the documented s\
ource type",
          sourceKey := "nonliftable-abelian-C3-PGL-9-2-index-3-dimension-2",
          sourceOrder := 27,
          sourcePosition := 130,
          status := "no_embedding",
          targetKey := "small-nonabelian-C3-PGL-18-3-index-6-dimension-2",
          targetOrder := 54,
          targetPosition := 138 ), rec(
          familyDimension := 2,
          method := "abstract SmallGroup IDs",
          reason := 
           "the documented abstract target has no subgroup of the documented s\
ource type",
          sourceKey := "nonliftable-abelian-C3-PGL-9-2-index-3-dimension-2",
          sourceOrder := 27,
          sourcePosition := 130,
          status := "no_embedding",
          targetKey := "small-nonabelian-S3-PGL-18-3-index-3-dimension-2",
          targetOrder := 54,
          targetPosition := 158 ), rec(
          familyDimension := 2,
          method := "abstract SmallGroup IDs",
          reason := 
           "the documented abstract target has no subgroup of the documented s\
ource type",
          sourceKey := "nonliftable-abelian-C3-PGL-9-2-index-3-dimension-2",
          sourceOrder := 27,
          sourcePosition := 130,
          status := "no_embedding",
          targetKey := 
           "small-nonabelian-S3-PGL-18-3-index-3-dimension-2-representation-2"
           ,
          targetOrder := 54,
          targetPosition := 161 ), rec(
          familyDimension := 2,
          method := "abstract SmallGroup IDs",
          reason := 
           "the documented abstract target has no subgroup of the documented s\
ource type",
          sourceKey := "nonliftable-abelian-C3-PGL-9-2-index-3-dimension-2",
          sourceOrder := 27,
          sourcePosition := 130,
          status := "no_embedding",
          targetKey := "rank-at-least-15-3^2.4-PGL-36-0-index-1-dimension-2",
          targetOrder := 108,
          targetPosition := 42 ), rec(
          familyDimension := 2,
          method := "abstract SmallGroup IDs",
          reason := 
           "the documented abstract target has no subgroup of the documented s\
ource type",
          sourceKey := "nonliftable-abelian-C3-PGL-9-2-index-3-dimension-2",
          sourceOrder := 27,
          sourcePosition := 130,
          status := "no_embedding",
          targetKey := "rank-at-least-15-A_4-PGL-36-11-index-3-dimension-2",
          targetOrder := 108,
          targetPosition := 11 ), rec(
          familyDimension := 2,
          method := "abstract SmallGroup IDs",
          reason := 
           "the documented abstract target has no subgroup of the documented s\
ource type",
          sourceKey := "nonliftable-abelian-C3-PGL-9-2-index-3-dimension-2",
          sourceOrder := 27,
          sourcePosition := 130,
          status := "no_embedding",
          targetKey := "rank-at-least-15-D_12-PGL-36-12-index-3-dimension-2",
          targetOrder := 108,
          targetPosition := 17 ), rec(
          familyDimension := 2,
          method := "abstract SmallGroup IDs",
          reason := 
           "the documented abstract target has no subgroup of the documented s\
ource type",
          sourceKey := "nonliftable-abelian-C3-PGL-9-2-index-3-dimension-2",
          sourceOrder := 27,
          sourcePosition := 130,
          status := "no_embedding",
          targetKey := "rank-at-least-15-A_3,3-PGL-36-13-index-2-dimension-2",
          targetOrder := 108,
          targetPosition := 22 ), rec(
          familyDimension := 2,
          method := "abstract SmallGroup IDs",
          reason := 
           "the documented abstract target has no subgroup of the documented s\
ource type",
          sourceKey := "nonliftable-abelian-C3-PGL-9-2-index-3-dimension-2",
          sourceOrder := 27,
          sourcePosition := 130,
          status := "no_embedding",
          targetKey := "small-nonabelian-S3-PGL-36-12-index-6-dimension-2",
          targetOrder := 108,
          targetPosition := 170 ), rec(
          familyDimension := 2,
          method := "abstract SmallGroup IDs",
          reason := 
           "the documented abstract target has no subgroup of the documented s\
ource type",
          sourceKey := "nonliftable-abelian-C3-PGL-9-2-index-3-dimension-2",
          sourceOrder := 27,
          sourcePosition := 130,
          status := "no_embedding",
          targetKey := 
           "small-nonabelian-S3-PGL-36-12-index-6-dimension-2-representation-2\
",
          targetOrder := 108,
          targetPosition := 172 ), rec(
          familyDimension := 2,
          method := "abstract SmallGroup IDs",
          reason := 
           "the documented abstract target has no subgroup of the documented s\
ource type",
          sourceKey := "nonliftable-abelian-C3-PGL-9-2-index-3-dimension-2",
          sourceOrder := 27,
          sourcePosition := 130,
          status := "no_embedding",
          targetKey := "rank-at-least-15-S_3,3-PGL-72-46-index-2-dimension-2",
          targetOrder := 216,
          targetPosition := 39 ), rec(
          familyDimension := 2,
          method := "abstract SmallGroup IDs",
          reason := 
           "the documented abstract target has no subgroup of the documented s\
ource type",
          sourceKey := "nonliftable-abelian-C3-PGL-9-2-index-3-dimension-2",
          sourceOrder := 27,
          sourcePosition := 130,
          status := "no_embedding",
          targetKey := "rank-at-least-15-S_3,3-PGL-72-40-index-2-dimension-2",
          targetOrder := 216,
          targetPosition := 40 ), rec(
          familyDimension := 2,
          method := "abstract SmallGroup IDs",
          reason := 
           "the documented abstract target has no subgroup of the documented s\
ource type",
          sourceKey := "nonliftable-abelian-C3-PGL-9-2-index-3-dimension-2",
          sourceOrder := 27,
          sourcePosition := 130,
          status := "no_embedding",
          targetKey := "rank-at-least-15-3^2.4-PGL-72-40-index-2-dimension-2",
          targetOrder := 216,
          targetPosition := 43 ), rec(
          familyDimension := 2,
          method := "abstract SmallGroup IDs",
          reason := 
           "the documented abstract target has no subgroup of the documented s\
ource type",
          sourceKey := "nonliftable-abelian-C3-PGL-9-2-index-3-dimension-2",
          sourceOrder := 27,
          sourcePosition := 130,
          status := "no_embedding",
          targetKey := "rank-at-least-15-A_4,3-PGL-72-43-index-1-dimension-2",
          targetOrder := 216,
          targetPosition := 50 ), rec(
          familyDimension := 2,
          method := "abstract SmallGroup IDs",
          reason := 
           "the documented abstract target has no subgroup of the documented s\
ource type",
          sourceKey := "nonliftable-abelian-C3-PGL-9-2-index-3-dimension-2",
          sourceOrder := 27,
          sourcePosition := 130,
          status := "no_embedding",
          targetKey := "rank-at-least-15-A_4-PGL-72-42-index-6-dimension-2",
          targetOrder := 216,
          targetPosition := 12 ), rec(
          familyDimension := 2,
          method := "abstract SmallGroup IDs",
          reason := 
           "the documented abstract target has no subgroup of the documented s\
ource type",
          sourceKey := "nonliftable-abelian-C3-PGL-9-2-index-3-dimension-2",
          sourceOrder := 27,
          sourcePosition := 130,
          status := "no_embedding",
          targetKey := "rank-at-least-15-D_12-PGL-72-48-index-6-dimension-2",
          targetOrder := 216,
          targetPosition := 18 ), rec(
          familyDimension := 2,
          method := "abstract SmallGroup IDs",
          reason := 
           "the documented abstract target has no subgroup of the documented s\
ource type",
          sourceKey := "nonliftable-abelian-C3-PGL-9-2-index-3-dimension-2",
          sourceOrder := 27,
          sourcePosition := 130,
          status := "no_embedding",
          targetKey := "rank-at-least-15-A_3,3-PGL-108-38-index-6-dimension-2"
           ,
          targetOrder := 324,
          targetPosition := 37 ), rec(
          familyDimension := 2,
          method := "abstract SmallGroup IDs",
          reason := 
           "the documented abstract target has no subgroup of the documented s\
ource type",
          sourceKey := "nonliftable-abelian-C3-PGL-9-2-index-3-dimension-2",
          sourceOrder := 27,
          sourcePosition := 130,
          status := "no_embedding",
          targetKey := 
           "rank-at-least-15-A_3,3-PGL-108-38-index-6-dimension-2-representati\
on-2",
          targetOrder := 324,
          targetPosition := 38 ), rec(
          familyDimension := 2,
          method := "abstract SmallGroup IDs",
          reason := 
           "the documented abstract target has no subgroup of the documented s\
ource type",
          sourceKey := "nonliftable-abelian-C3-PGL-9-2-index-3-dimension-2",
          sourceOrder := 27,
          sourcePosition := 130,
          status := "no_embedding",
          targetKey := "rank-at-least-15-A_4,3-PGL-144-0-index-2-dimension-2",
          targetOrder := 432,
          targetPosition := 49 ), rec(
          familyDimension := 2,
          method := "filter",
          reason := "exponent",
          sourceKey := "nonliftable-abelian-C3-PGL-9-2-index-3-dimension-2",
          sourceOrder := 27,
          sourcePosition := 130,
          status := "no_embedding",
          targetKey := 
           "rank-at-least-15-3^{1+4}:2-PGL-972-0-index-2-dimension-2",
          targetOrder := 2916,
          targetPosition := 53 ), rec(
          familyDimension := 2,
          method := "abstract SmallGroup IDs",
          reason := 
           "the documented abstract target has no subgroup of the documented s\
ource type",
          sourceKey := "liftable-abelian-1-PGL-12-2-index-12-dimension-2",
          sourceOrder := 36,
          sourcePosition := 122,
          status := "no_embedding",
          targetKey := "rank-at-least-15-D_12-PGL-24-14-index-2-dimension-2",
          targetOrder := 72,
          targetPosition := 15 ), rec(
          familyDimension := 2,
          method := "abstract SmallGroup IDs",
          reason := 
           "the documented abstract target has no subgroup of the documented s\
ource type",
          sourceKey := "liftable-abelian-1-PGL-12-2-index-12-dimension-2",
          sourceOrder := 36,
          sourcePosition := 122,
          status := "no_embedding",
          targetKey := "rank-at-least-15-D_12-PGL-24-8-index-2-dimension-2",
          targetOrder := 72,
          targetPosition := 16 ), rec(
          familyDimension := 2,
          method := "filter",
          reason := "weak_fingerprint",
          sourceKey := "liftable-abelian-1-PGL-12-2-index-12-dimension-2",
          sourceOrder := 36,
          sourcePosition := 122,
          status := "no_embedding",
          targetKey := "liftable-abelian-C2-PGL-24-9-index-12-dimension-2",
          targetOrder := 72,
          targetPosition := 118 ), rec(
          familyDimension := 2,
          method := "abstract SmallGroup IDs",
          reason := 
           "the documented abstract target has no subgroup of the documented s\
ource type",
          sourceKey := "liftable-abelian-1-PGL-12-2-index-12-dimension-2",
          sourceOrder := 36,
          sourcePosition := 122,
          status := "no_embedding",
          targetKey := "small-nonabelian-C2^2-PGL-24-13-index-6-dimension-2",
          targetOrder := 72,
          targetPosition := 145 ), rec(
          familyDimension := 2,
          method := "abstract SmallGroup IDs",
          reason := 
           "the documented abstract target has no subgroup of the documented s\
ource type",
          sourceKey := "liftable-abelian-1-PGL-12-2-index-12-dimension-2",
          sourceOrder := 36,
          sourcePosition := 122,
          status := "no_embedding",
          targetKey := 
           "small-nonabelian-C2^2-PGL-24-13-index-6-dimension-2-representation\
-2",
          targetOrder := 72,
          targetPosition := 146 ), rec(
          familyDimension := 2,
          method := "abstract SmallGroup IDs",
          reason := 
           "the documented abstract target has no subgroup of the documented s\
ource type",
          sourceKey := "liftable-abelian-1-PGL-12-2-index-12-dimension-2",
          sourceOrder := 36,
          sourcePosition := 122,
          status := "no_embedding",
          targetKey := "rank-at-least-15-3^2.4-PGL-36-0-index-1-dimension-2",
          targetOrder := 108,
          targetPosition := 42 ), rec(
          familyDimension := 2,
          method := "abstract SmallGroup IDs",
          reason := 
           "the documented abstract target has no subgroup of the documented s\
ource type",
          sourceKey := "liftable-abelian-1-PGL-12-2-index-12-dimension-2",
          sourceOrder := 36,
          sourcePosition := 122,
          status := "no_embedding",
          targetKey := "rank-at-least-15-A_4-PGL-36-11-index-3-dimension-2",
          targetOrder := 108,
          targetPosition := 11 ), rec(
          familyDimension := 2,
          method := "abstract SmallGroup IDs",
          reason := 
           "the documented abstract target has no subgroup of the documented s\
ource type",
          sourceKey := "liftable-abelian-1-PGL-12-2-index-12-dimension-2",
          sourceOrder := 36,
          sourcePosition := 122,
          status := "no_embedding",
          targetKey := "rank-at-least-15-D_12-PGL-36-12-index-3-dimension-2",
          targetOrder := 108,
          targetPosition := 17 ), rec(
          familyDimension := 2,
          method := "abstract SmallGroup IDs",
          reason := 
           "the documented abstract target has no subgroup of the documented s\
ource type",
          sourceKey := "liftable-abelian-1-PGL-12-2-index-12-dimension-2",
          sourceOrder := 36,
          sourcePosition := 122,
          status := "no_embedding",
          targetKey := "rank-at-least-15-A_3,3-PGL-36-13-index-2-dimension-2",
          targetOrder := 108,
          targetPosition := 22 ), rec(
          familyDimension := 2,
          method := "abstract SmallGroup IDs",
          reason := 
           "the documented abstract target has no subgroup of the documented s\
ource type",
          sourceKey := "liftable-abelian-1-PGL-12-2-index-12-dimension-2",
          sourceOrder := 36,
          sourcePosition := 122,
          status := "no_embedding",
          targetKey := "small-nonabelian-S3-PGL-36-12-index-6-dimension-2",
          targetOrder := 108,
          targetPosition := 170 ), rec(
          familyDimension := 2,
          method := "abstract SmallGroup IDs",
          reason := 
           "the documented abstract target has no subgroup of the documented s\
ource type",
          sourceKey := "liftable-abelian-1-PGL-12-2-index-12-dimension-2",
          sourceOrder := 36,
          sourcePosition := 122,
          status := "no_embedding",
          targetKey := 
           "small-nonabelian-S3-PGL-36-12-index-6-dimension-2-representation-2\
",
          targetOrder := 108,
          targetPosition := 172 ), rec(
          familyDimension := 2,
          method := "abstract SmallGroup IDs",
          reason := 
           "the documented abstract target has no subgroup of the documented s\
ource type",
          sourceKey := "liftable-abelian-1-PGL-12-2-index-12-dimension-2",
          sourceOrder := 36,
          sourcePosition := 122,
          status := "no_embedding",
          targetKey := "rank-at-least-15-S_4-PGL-48-48-index-2-dimension-2",
          targetOrder := 144,
          targetPosition := 30 ), rec(
          familyDimension := 2,
          method := "abstract SmallGroup IDs",
          reason := 
           "the documented abstract target has no subgroup of the documented s\
ource type",
          sourceKey := "liftable-abelian-1-PGL-12-2-index-12-dimension-2",
          sourceOrder := 36,
          sourcePosition := 122,
          status := "no_embedding",
          targetKey := "rank-at-least-15-A_5-PGL-60-0-index-1-dimension-2",
          targetOrder := 180,
          targetPosition := 46 ), rec(
          familyDimension := 2,
          method := "abstract SmallGroup IDs",
          reason := 
           "the documented abstract target has no subgroup of the documented s\
ource type",
          sourceKey := "liftable-abelian-1-PGL-12-2-index-12-dimension-2",
          sourceOrder := 36,
          sourcePosition := 122,
          status := "no_embedding",
          targetKey := "rank-at-least-15-S_3,3-PGL-72-46-index-2-dimension-2",
          targetOrder := 216,
          targetPosition := 39 ), rec(
          familyDimension := 2,
          method := "abstract SmallGroup IDs",
          reason := 
           "the documented abstract target has no subgroup of the documented s\
ource type",
          sourceKey := "liftable-abelian-1-PGL-12-2-index-12-dimension-2",
          sourceOrder := 36,
          sourcePosition := 122,
          status := "no_embedding",
          targetKey := "rank-at-least-15-S_3,3-PGL-72-40-index-2-dimension-2",
          targetOrder := 216,
          targetPosition := 40 ), rec(
          familyDimension := 2,
          method := "abstract SmallGroup IDs",
          reason := 
           "the documented abstract target has no subgroup of the documented s\
ource type",
          sourceKey := "liftable-abelian-1-PGL-12-2-index-12-dimension-2",
          sourceOrder := 36,
          sourcePosition := 122,
          status := "no_embedding",
          targetKey := "rank-at-least-15-3^2.4-PGL-72-40-index-2-dimension-2",
          targetOrder := 216,
          targetPosition := 43 ), rec(
          familyDimension := 2,
          method := "abstract SmallGroup IDs",
          reason := 
           "the documented abstract target has no subgroup of the documented s\
ource type",
          sourceKey := "liftable-abelian-1-PGL-12-2-index-12-dimension-2",
          sourceOrder := 36,
          sourcePosition := 122,
          status := "no_embedding",
          targetKey := "rank-at-least-15-A_4,3-PGL-72-43-index-1-dimension-2",
          targetOrder := 216,
          targetPosition := 50 ), rec(
          familyDimension := 2,
          method := "filter",
          reason := "weak_fingerprint",
          sourceKey := "liftable-abelian-1-PGL-12-2-index-12-dimension-2",
          sourceOrder := 36,
          sourcePosition := 122,
          status := "no_embedding",
          targetKey := "rank-at-least-15-A_4-PGL-72-42-index-6-dimension-2",
          targetOrder := 216,
          targetPosition := 12 ), rec(
          familyDimension := 2,
          method := "abstract SmallGroup IDs",
          reason := 
           "the documented abstract target has no subgroup of the documented s\
ource type",
          sourceKey := "liftable-abelian-1-PGL-12-2-index-12-dimension-2",
          sourceOrder := 36,
          sourcePosition := 122,
          status := "no_embedding",
          targetKey := "rank-at-least-15-D_12-PGL-72-48-index-6-dimension-2",
          targetOrder := 216,
          targetPosition := 18 ), rec(
          familyDimension := 2,
          method := "abstract SmallGroup IDs",
          reason := 
           "the documented abstract target has no subgroup of the documented s\
ource type",
          sourceKey := "liftable-abelian-1-PGL-12-2-index-12-dimension-2",
          sourceOrder := 36,
          sourcePosition := 122,
          status := "no_embedding",
          targetKey := "rank-at-least-15-A_3,3-PGL-108-38-index-6-dimension-2"
           ,
          targetOrder := 324,
          targetPosition := 37 ), rec(
          familyDimension := 2,
          method := "abstract SmallGroup IDs",
          reason := 
           "the documented abstract target has no subgroup of the documented s\
ource type",
          sourceKey := "liftable-abelian-1-PGL-12-2-index-12-dimension-2",
          sourceOrder := 36,
          sourcePosition := 122,
          status := "no_embedding",
          targetKey := 
           "rank-at-least-15-A_3,3-PGL-108-38-index-6-dimension-2-representati\
on-2",
          targetOrder := 324,
          targetPosition := 38 ), rec(
          familyDimension := 2,
          method := "abstract SmallGroup IDs",
          reason := 
           "the documented abstract target has no subgroup of the documented s\
ource type",
          sourceKey := "liftable-abelian-1-PGL-12-2-index-12-dimension-2",
          sourceOrder := 36,
          sourcePosition := 122,
          status := "no_embedding",
          targetKey := "rank-at-least-15-A_5-PGL-120-0-index-2-dimension-2",
          targetOrder := 360,
          targetPosition := 45 ), rec(
          familyDimension := 2,
          method := "filter",
          reason := "weak_fingerprint",
          sourceKey := "liftable-abelian-1-PGL-12-2-index-12-dimension-2",
          sourceOrder := 36,
          sourcePosition := 122,
          status := "no_embedding",
          targetKey := "rank-at-least-15-A_4,3-PGL-144-0-index-2-dimension-2",
          targetOrder := 432,
          targetPosition := 49 ), rec(
          familyDimension := 2,
          method := "filter",
          reason := "exponent",
          sourceKey := "liftable-abelian-1-PGL-12-2-index-12-dimension-2",
          sourceOrder := 36,
          sourcePosition := 122,
          status := "no_embedding",
          targetKey := 
           "rank-at-least-15-3^{1+4}:2-PGL-972-0-index-2-dimension-2",
          targetOrder := 2916,
          targetPosition := 53 ), rec(
          familyDimension := 2,
          method := "abstract SmallGroup IDs",
          reason := 
           "the documented abstract target has no subgroup of the documented s\
ource type",
          sourceKey := 
           "liftable-abelian-1-PGL-12-2-index-12-dimension-2-representation-2"
           ,
          sourceOrder := 36,
          sourcePosition := 123,
          status := "no_embedding",
          targetKey := "rank-at-least-15-D_12-PGL-24-14-index-2-dimension-2",
          targetOrder := 72,
          targetPosition := 15 ), rec(
          familyDimension := 2,
          method := "abstract SmallGroup IDs",
          reason := 
           "the documented abstract target has no subgroup of the documented s\
ource type",
          sourceKey := 
           "liftable-abelian-1-PGL-12-2-index-12-dimension-2-representation-2"
           ,
          sourceOrder := 36,
          sourcePosition := 123,
          status := "no_embedding",
          targetKey := "rank-at-least-15-D_12-PGL-24-8-index-2-dimension-2",
          targetOrder := 72,
          targetPosition := 16 ), rec(
          familyDimension := 2,
          method := "filter",
          reason := "weak_fingerprint",
          sourceKey := 
           "liftable-abelian-1-PGL-12-2-index-12-dimension-2-representation-2"
           ,
          sourceOrder := 36,
          sourcePosition := 123,
          status := "no_embedding",
          targetKey := "liftable-abelian-C2-PGL-24-9-index-12-dimension-2",
          targetOrder := 72,
          targetPosition := 118 ), rec(
          familyDimension := 2,
          method := "abstract SmallGroup IDs",
          reason := 
           "the documented abstract target has no subgroup of the documented s\
ource type",
          sourceKey := 
           "liftable-abelian-1-PGL-12-2-index-12-dimension-2-representation-2"
           ,
          sourceOrder := 36,
          sourcePosition := 123,
          status := "no_embedding",
          targetKey := "small-nonabelian-C2^2-PGL-24-13-index-6-dimension-2",
          targetOrder := 72,
          targetPosition := 145 ), rec(
          familyDimension := 2,
          method := "abstract SmallGroup IDs",
          reason := 
           "the documented abstract target has no subgroup of the documented s\
ource type",
          sourceKey := 
           "liftable-abelian-1-PGL-12-2-index-12-dimension-2-representation-2"
           ,
          sourceOrder := 36,
          sourcePosition := 123,
          status := "no_embedding",
          targetKey := 
           "small-nonabelian-C2^2-PGL-24-13-index-6-dimension-2-representation\
-2",
          targetOrder := 72,
          targetPosition := 146 ), rec(
          familyDimension := 2,
          method := "abstract SmallGroup IDs",
          reason := 
           "the documented abstract target has no subgroup of the documented s\
ource type",
          sourceKey := 
           "liftable-abelian-1-PGL-12-2-index-12-dimension-2-representation-2"
           ,
          sourceOrder := 36,
          sourcePosition := 123,
          status := "no_embedding",
          targetKey := "rank-at-least-15-3^2.4-PGL-36-0-index-1-dimension-2",
          targetOrder := 108,
          targetPosition := 42 ), rec(
          familyDimension := 2,
          method := "abstract SmallGroup IDs",
          reason := 
           "the documented abstract target has no subgroup of the documented s\
ource type",
          sourceKey := 
           "liftable-abelian-1-PGL-12-2-index-12-dimension-2-representation-2"
           ,
          sourceOrder := 36,
          sourcePosition := 123,
          status := "no_embedding",
          targetKey := "rank-at-least-15-A_4-PGL-36-11-index-3-dimension-2",
          targetOrder := 108,
          targetPosition := 11 ), rec(
          familyDimension := 2,
          method := "abstract SmallGroup IDs",
          reason := 
           "the documented abstract target has no subgroup of the documented s\
ource type",
          sourceKey := 
           "liftable-abelian-1-PGL-12-2-index-12-dimension-2-representation-2"
           ,
          sourceOrder := 36,
          sourcePosition := 123,
          status := "no_embedding",
          targetKey := "rank-at-least-15-D_12-PGL-36-12-index-3-dimension-2",
          targetOrder := 108,
          targetPosition := 17 ), rec(
          familyDimension := 2,
          method := "abstract SmallGroup IDs",
          reason := 
           "the documented abstract target has no subgroup of the documented s\
ource type",
          sourceKey := 
           "liftable-abelian-1-PGL-12-2-index-12-dimension-2-representation-2"
           ,
          sourceOrder := 36,
          sourcePosition := 123,
          status := "no_embedding",
          targetKey := "rank-at-least-15-A_3,3-PGL-36-13-index-2-dimension-2",
          targetOrder := 108,
          targetPosition := 22 ), rec(
          familyDimension := 2,
          method := "abstract SmallGroup IDs",
          reason := 
           "the documented abstract target has no subgroup of the documented s\
ource type",
          sourceKey := 
           "liftable-abelian-1-PGL-12-2-index-12-dimension-2-representation-2"
           ,
          sourceOrder := 36,
          sourcePosition := 123,
          status := "no_embedding",
          targetKey := "small-nonabelian-S3-PGL-36-12-index-6-dimension-2",
          targetOrder := 108,
          targetPosition := 170 ), rec(
          familyDimension := 2,
          method := "abstract SmallGroup IDs",
          reason := 
           "the documented abstract target has no subgroup of the documented s\
ource type",
          sourceKey := 
           "liftable-abelian-1-PGL-12-2-index-12-dimension-2-representation-2"
           ,
          sourceOrder := 36,
          sourcePosition := 123,
          status := "no_embedding",
          targetKey := 
           "small-nonabelian-S3-PGL-36-12-index-6-dimension-2-representation-2\
",
          targetOrder := 108,
          targetPosition := 172 ), rec(
          familyDimension := 2,
          method := "abstract SmallGroup IDs",
          reason := 
           "the documented abstract target has no subgroup of the documented s\
ource type",
          sourceKey := 
           "liftable-abelian-1-PGL-12-2-index-12-dimension-2-representation-2"
           ,
          sourceOrder := 36,
          sourcePosition := 123,
          status := "no_embedding",
          targetKey := "rank-at-least-15-S_4-PGL-48-48-index-2-dimension-2",
          targetOrder := 144,
          targetPosition := 30 ), rec(
          familyDimension := 2,
          method := "abstract SmallGroup IDs",
          reason := 
           "the documented abstract target has no subgroup of the documented s\
ource type",
          sourceKey := 
           "liftable-abelian-1-PGL-12-2-index-12-dimension-2-representation-2"
           ,
          sourceOrder := 36,
          sourcePosition := 123,
          status := "no_embedding",
          targetKey := "rank-at-least-15-A_5-PGL-60-0-index-1-dimension-2",
          targetOrder := 180,
          targetPosition := 46 ), rec(
          familyDimension := 2,
          method := "abstract SmallGroup IDs",
          reason := 
           "the documented abstract target has no subgroup of the documented s\
ource type",
          sourceKey := 
           "liftable-abelian-1-PGL-12-2-index-12-dimension-2-representation-2"
           ,
          sourceOrder := 36,
          sourcePosition := 123,
          status := "no_embedding",
          targetKey := "rank-at-least-15-S_3,3-PGL-72-46-index-2-dimension-2",
          targetOrder := 216,
          targetPosition := 39 ), rec(
          familyDimension := 2,
          method := "abstract SmallGroup IDs",
          reason := 
           "the documented abstract target has no subgroup of the documented s\
ource type",
          sourceKey := 
           "liftable-abelian-1-PGL-12-2-index-12-dimension-2-representation-2"
           ,
          sourceOrder := 36,
          sourcePosition := 123,
          status := "no_embedding",
          targetKey := "rank-at-least-15-S_3,3-PGL-72-40-index-2-dimension-2",
          targetOrder := 216,
          targetPosition := 40 ), rec(
          familyDimension := 2,
          method := "abstract SmallGroup IDs",
          reason := 
           "the documented abstract target has no subgroup of the documented s\
ource type",
          sourceKey := 
           "liftable-abelian-1-PGL-12-2-index-12-dimension-2-representation-2"
           ,
          sourceOrder := 36,
          sourcePosition := 123,
          status := "no_embedding",
          targetKey := "rank-at-least-15-3^2.4-PGL-72-40-index-2-dimension-2",
          targetOrder := 216,
          targetPosition := 43 ), rec(
          familyDimension := 2,
          method := "abstract SmallGroup IDs",
          reason := 
           "the documented abstract target has no subgroup of the documented s\
ource type",
          sourceKey := 
           "liftable-abelian-1-PGL-12-2-index-12-dimension-2-representation-2"
           ,
          sourceOrder := 36,
          sourcePosition := 123,
          status := "no_embedding",
          targetKey := "rank-at-least-15-A_4,3-PGL-72-43-index-1-dimension-2",
          targetOrder := 216,
          targetPosition := 50 ), rec(
          familyDimension := 2,
          method := "filter",
          reason := "weak_fingerprint",
          sourceKey := 
           "liftable-abelian-1-PGL-12-2-index-12-dimension-2-representation-2"
           ,
          sourceOrder := 36,
          sourcePosition := 123,
          status := "no_embedding",
          targetKey := "rank-at-least-15-A_4-PGL-72-42-index-6-dimension-2",
          targetOrder := 216,
          targetPosition := 12 ), rec(
          familyDimension := 2,
          method := "abstract SmallGroup IDs",
          reason := 
           "the documented abstract target has no subgroup of the documented s\
ource type",
          sourceKey := 
           "liftable-abelian-1-PGL-12-2-index-12-dimension-2-representation-2"
           ,
          sourceOrder := 36,
          sourcePosition := 123,
          status := "no_embedding",
          targetKey := "rank-at-least-15-D_12-PGL-72-48-index-6-dimension-2",
          targetOrder := 216,
          targetPosition := 18 ), rec(
          familyDimension := 2,
          method := "abstract SmallGroup IDs",
          reason := 
           "the documented abstract target has no subgroup of the documented s\
ource type",
          sourceKey := 
           "liftable-abelian-1-PGL-12-2-index-12-dimension-2-representation-2"
           ,
          sourceOrder := 36,
          sourcePosition := 123,
          status := "no_embedding",
          targetKey := "rank-at-least-15-A_3,3-PGL-108-38-index-6-dimension-2"
           ,
          targetOrder := 324,
          targetPosition := 37 ), rec(
          familyDimension := 2,
          method := "abstract SmallGroup IDs",
          reason := 
           "the documented abstract target has no subgroup of the documented s\
ource type",
          sourceKey := 
           "liftable-abelian-1-PGL-12-2-index-12-dimension-2-representation-2"
           ,
          sourceOrder := 36,
          sourcePosition := 123,
          status := "no_embedding",
          targetKey := 
           "rank-at-least-15-A_3,3-PGL-108-38-index-6-dimension-2-representati\
on-2",
          targetOrder := 324,
          targetPosition := 38 ), rec(
          familyDimension := 2,
          method := "abstract SmallGroup IDs",
          reason := 
           "the documented abstract target has no subgroup of the documented s\
ource type",
          sourceKey := 
           "liftable-abelian-1-PGL-12-2-index-12-dimension-2-representation-2"
           ,
          sourceOrder := 36,
          sourcePosition := 123,
          status := "no_embedding",
          targetKey := "rank-at-least-15-A_5-PGL-120-0-index-2-dimension-2",
          targetOrder := 360,
          targetPosition := 45 ), rec(
          familyDimension := 2,
          method := "filter",
          reason := "weak_fingerprint",
          sourceKey := 
           "liftable-abelian-1-PGL-12-2-index-12-dimension-2-representation-2"
           ,
          sourceOrder := 36,
          sourcePosition := 123,
          status := "no_embedding",
          targetKey := "rank-at-least-15-A_4,3-PGL-144-0-index-2-dimension-2",
          targetOrder := 432,
          targetPosition := 49 ), rec(
          familyDimension := 2,
          method := "filter",
          reason := "exponent",
          sourceKey := 
           "liftable-abelian-1-PGL-12-2-index-12-dimension-2-representation-2"
           ,
          sourceOrder := 36,
          sourcePosition := 123,
          status := "no_embedding",
          targetKey := 
           "rank-at-least-15-3^{1+4}:2-PGL-972-0-index-2-dimension-2",
          targetOrder := 2916,
          targetPosition := 53 ), rec(
          familyDimension := 2,
          method := "abstract SmallGroup IDs",
          reason := 
           "the documented abstract target has no subgroup of the documented s\
ource type",
          sourceKey := "small-nonabelian-C2^2-PGL-12-3-index-3-dimension-2",
          sourceOrder := 36,
          sourcePosition := 142,
          status := "no_embedding",
          targetKey := "rank-at-least-15-D_12-PGL-24-14-index-2-dimension-2",
          targetOrder := 72,
          targetPosition := 15 ), rec(
          familyDimension := 2,
          method := "abstract SmallGroup IDs",
          reason := 
           "the documented abstract target has no subgroup of the documented s\
ource type",
          sourceKey := "small-nonabelian-C2^2-PGL-12-3-index-3-dimension-2",
          sourceOrder := 36,
          sourcePosition := 142,
          status := "no_embedding",
          targetKey := "rank-at-least-15-D_12-PGL-24-8-index-2-dimension-2",
          targetOrder := 72,
          targetPosition := 16 ), rec(
          familyDimension := 2,
          method := "abstract SmallGroup IDs",
          reason := 
           "the documented abstract target has no subgroup of the documented s\
ource type",
          sourceKey := "small-nonabelian-C2^2-PGL-12-3-index-3-dimension-2",
          sourceOrder := 36,
          sourcePosition := 142,
          status := "no_embedding",
          targetKey := "liftable-abelian-C2-PGL-24-9-index-12-dimension-2",
          targetOrder := 72,
          targetPosition := 118 ), rec(
          familyDimension := 2,
          method := "abstract SmallGroup IDs",
          reason := 
           "the documented abstract target has no subgroup of the documented s\
ource type",
          sourceKey := "small-nonabelian-C2^2-PGL-12-3-index-3-dimension-2",
          sourceOrder := 36,
          sourcePosition := 142,
          status := "no_embedding",
          targetKey := "small-nonabelian-C2^2-PGL-24-13-index-6-dimension-2",
          targetOrder := 72,
          targetPosition := 145 ), rec(
          familyDimension := 2,
          method := "abstract SmallGroup IDs",
          reason := 
           "the documented abstract target has no subgroup of the documented s\
ource type",
          sourceKey := "rank-at-least-15-D_8-PGL-16-7-index-2-dimension-2",
          sourceOrder := 48,
          sourcePosition := 4,
          status := "no_embedding",
          targetKey := "rank-at-least-15-S_4-PGL-48-48-index-2-dimension-2",
          targetOrder := 144,
          targetPosition := 30 ), rec(
          familyDimension := 2,
          method := "abstract SmallGroup IDs",
          reason := 
           "the documented abstract target has no subgroup of the documented s\
ource type",
          sourceKey := "rank-at-least-15-D_8-PGL-16-7-index-2-dimension-2",
          sourceOrder := 48,
          sourcePosition := 4,
          status := "no_embedding",
          targetKey := "rank-at-least-15-A_4,3-PGL-144-0-index-2-dimension-2",
          targetOrder := 432,
          targetPosition := 49 ), rec(
          familyDimension := 2,
          method := "abstract SmallGroup IDs",
          reason := 
           "the documented abstract target has no subgroup of the documented s\
ource type",
          sourceKey := "rank-at-least-15-Q_8-PGL-16-13-index-2-dimension-2",
          sourceOrder := 48,
          sourcePosition := 25,
          status := "no_embedding",
          targetKey := "rank-at-least-15-S_4-PGL-48-48-index-2-dimension-2",
          targetOrder := 144,
          targetPosition := 30 ), rec(
          familyDimension := 2,
          method := "abstract SmallGroup IDs",
          reason := 
           "the documented abstract target has no subgroup of the documented s\
ource type",
          sourceKey := "rank-at-least-15-Q_8-PGL-16-13-index-2-dimension-2",
          sourceOrder := 48,
          sourcePosition := 25,
          status := "no_embedding",
          targetKey := "rank-at-least-15-A_4,3-PGL-144-0-index-2-dimension-2",
          targetOrder := 432,
          targetPosition := 49 ), rec(
          familyDimension := 2,
          method := "abstract SmallGroup IDs",
          reason := 
           "the documented abstract target has no subgroup of the documented s\
ource type",
          sourceKey := "liftable-abelian-C4-PGL-16-2-index-4-dimension-2",
          sourceOrder := 48,
          sourcePosition := 120,
          status := "no_embedding",
          targetKey := "rank-at-least-15-S_4-PGL-48-48-index-2-dimension-2",
          targetOrder := 144,
          targetPosition := 30 ), rec(
          familyDimension := 2,
          method := "abstract SmallGroup IDs",
          reason := 
           "the documented abstract target has no subgroup of the documented s\
ource type",
          sourceKey := "liftable-abelian-C4-PGL-16-2-index-4-dimension-2",
          sourceOrder := 48,
          sourcePosition := 120,
          status := "no_embedding",
          targetKey := "rank-at-least-15-A_4,3-PGL-144-0-index-2-dimension-2",
          targetOrder := 432,
          targetPosition := 49 ), rec(
          familyDimension := 2,
          method := "abstract SmallGroup IDs",
          reason := 
           "the documented abstract target has no subgroup of the documented s\
ource type",
          sourceKey := "liftable-abelian-C2-PGL-16-5-index-8-dimension-2",
          sourceOrder := 48,
          sourcePosition := 121,
          status := "no_embedding",
          targetKey := "rank-at-least-15-S_4-PGL-48-48-index-2-dimension-2",
          targetOrder := 144,
          targetPosition := 30 ), rec(
          familyDimension := 2,
          method := "abstract SmallGroup IDs",
          reason := 
           "the documented abstract target has no subgroup of the documented s\
ource type",
          sourceKey := "liftable-abelian-C2-PGL-16-5-index-8-dimension-2",
          sourceOrder := 48,
          sourcePosition := 121,
          status := "no_embedding",
          targetKey := "rank-at-least-15-A_4,3-PGL-144-0-index-2-dimension-2",
          targetOrder := 432,
          targetPosition := 49 ), rec(
          familyDimension := 2,
          method := "abstract SmallGroup IDs",
          reason := 
           "the documented abstract target has no subgroup of the documented s\
ource type",
          sourceKey := "small-nonabelian-C4-PGL-16-6-index-4-dimension-2",
          sourceOrder := 48,
          sourcePosition := 154,
          status := "no_embedding",
          targetKey := "rank-at-least-15-S_4-PGL-48-48-index-2-dimension-2",
          targetOrder := 144,
          targetPosition := 30 ), rec(
          familyDimension := 2,
          method := "abstract SmallGroup IDs",
          reason := 
           "the documented abstract target has no subgroup of the documented s\
ource type",
          sourceKey := "small-nonabelian-C4-PGL-16-6-index-4-dimension-2",
          sourceOrder := 48,
          sourcePosition := 154,
          status := "no_embedding",
          targetKey := "rank-at-least-15-A_4,3-PGL-144-0-index-2-dimension-2",
          targetOrder := 432,
          targetPosition := 49 ), rec(
          familyDimension := 2,
          method := "abstract SmallGroup IDs",
          reason := 
           "the documented abstract target has no subgroup of the documented s\
ource type",
          sourceKey := "liftable-abelian-C3-PGL-18-5-index-6-dimension-2",
          sourceOrder := 54,
          sourcePosition := 119,
          status := "no_embedding",
          targetKey := "rank-at-least-15-3^2.4-PGL-36-0-index-1-dimension-2",
          targetOrder := 108,
          targetPosition := 42 ), rec(
          familyDimension := 2,
          method := "abstract SmallGroup IDs",
          reason := 
           "the documented abstract target has no subgroup of the documented s\
ource type",
          sourceKey := "liftable-abelian-C3-PGL-18-5-index-6-dimension-2",
          sourceOrder := 54,
          sourcePosition := 119,
          status := "no_embedding",
          targetKey := "rank-at-least-15-A_4-PGL-36-11-index-3-dimension-2",
          targetOrder := 108,
          targetPosition := 11 ), rec(
          familyDimension := 2,
          method := "filter",
          reason := "weak_fingerprint",
          sourceKey := "liftable-abelian-C3-PGL-18-5-index-6-dimension-2",
          sourceOrder := 54,
          sourcePosition := 119,
          status := "no_embedding",
          targetKey := "rank-at-least-15-D_12-PGL-36-12-index-3-dimension-2",
          targetOrder := 108,
          targetPosition := 17 ), rec(
          familyDimension := 2,
          method := "abstract SmallGroup IDs",
          reason := 
           "the documented abstract target has no subgroup of the documented s\
ource type",
          sourceKey := "liftable-abelian-C3-PGL-18-5-index-6-dimension-2",
          sourceOrder := 54,
          sourcePosition := 119,
          status := "no_embedding",
          targetKey := "rank-at-least-15-A_3,3-PGL-36-13-index-2-dimension-2",
          targetOrder := 108,
          targetPosition := 22 ), rec(
          familyDimension := 2,
          method := "filter",
          reason := "weak_fingerprint",
          sourceKey := "liftable-abelian-C3-PGL-18-5-index-6-dimension-2",
          sourceOrder := 54,
          sourcePosition := 119,
          status := "no_embedding",
          targetKey := "small-nonabelian-S3-PGL-36-12-index-6-dimension-2",
          targetOrder := 108,
          targetPosition := 170 ), rec(
          familyDimension := 2,
          method := "filter",
          reason := "weak_fingerprint",
          sourceKey := "liftable-abelian-C3-PGL-18-5-index-6-dimension-2",
          sourceOrder := 54,
          sourcePosition := 119,
          status := "no_embedding",
          targetKey := 
           "small-nonabelian-S3-PGL-36-12-index-6-dimension-2-representation-2\
",
          targetOrder := 108,
          targetPosition := 172 ), rec(
          familyDimension := 2,
          method := "filter",
          reason := "weak_fingerprint",
          sourceKey := "liftable-abelian-C3-PGL-18-5-index-6-dimension-2",
          sourceOrder := 54,
          sourcePosition := 119,
          status := "no_embedding",
          targetKey := "rank-at-least-15-S_3,3-PGL-72-46-index-2-dimension-2",
          targetOrder := 216,
          targetPosition := 39 ), rec(
          familyDimension := 2,
          method := "abstract SmallGroup IDs",
          reason := 
           "the documented abstract target has no subgroup of the documented s\
ource type",
          sourceKey := "liftable-abelian-C3-PGL-18-5-index-6-dimension-2",
          sourceOrder := 54,
          sourcePosition := 119,
          status := "no_embedding",
          targetKey := "rank-at-least-15-S_3,3-PGL-72-40-index-2-dimension-2",
          targetOrder := 216,
          targetPosition := 40 ), rec(
          familyDimension := 2,
          method := "abstract SmallGroup IDs",
          reason := 
           "the documented abstract target has no subgroup of the documented s\
ource type",
          sourceKey := "liftable-abelian-C3-PGL-18-5-index-6-dimension-2",
          sourceOrder := 54,
          sourcePosition := 119,
          status := "no_embedding",
          targetKey := "rank-at-least-15-3^2.4-PGL-72-40-index-2-dimension-2",
          targetOrder := 216,
          targetPosition := 43 ), rec(
          familyDimension := 2,
          method := "abstract SmallGroup IDs",
          reason := 
           "the documented abstract target has no subgroup of the documented s\
ource type",
          sourceKey := "liftable-abelian-C3-PGL-18-5-index-6-dimension-2",
          sourceOrder := 54,
          sourcePosition := 119,
          status := "no_embedding",
          targetKey := "rank-at-least-15-A_4,3-PGL-72-43-index-1-dimension-2",
          targetOrder := 216,
          targetPosition := 50 ), rec(
          familyDimension := 2,
          method := "abstract SmallGroup IDs",
          reason := 
           "the documented abstract target has no subgroup of the documented s\
ource type",
          sourceKey := "liftable-abelian-C3-PGL-18-5-index-6-dimension-2",
          sourceOrder := 54,
          sourcePosition := 119,
          status := "no_embedding",
          targetKey := "rank-at-least-15-A_4-PGL-72-42-index-6-dimension-2",
          targetOrder := 216,
          targetPosition := 12 ), rec(
          familyDimension := 2,
          method := "filter",
          reason := "weak_fingerprint",
          sourceKey := "liftable-abelian-C3-PGL-18-5-index-6-dimension-2",
          sourceOrder := 54,
          sourcePosition := 119,
          status := "no_embedding",
          targetKey := "rank-at-least-15-D_12-PGL-72-48-index-6-dimension-2",
          targetOrder := 216,
          targetPosition := 18 ), rec(
          familyDimension := 2,
          method := "filter",
          reason := "weak_fingerprint",
          sourceKey := "liftable-abelian-C3-PGL-18-5-index-6-dimension-2",
          sourceOrder := 54,
          sourcePosition := 119,
          status := "no_embedding",
          targetKey := "rank-at-least-15-A_3,3-PGL-108-38-index-6-dimension-2"
           ,
          targetOrder := 324,
          targetPosition := 37 ), rec(
          familyDimension := 2,
          method := "filter",
          reason := "weak_fingerprint",
          sourceKey := "liftable-abelian-C3-PGL-18-5-index-6-dimension-2",
          sourceOrder := 54,
          sourcePosition := 119,
          status := "no_embedding",
          targetKey := 
           "rank-at-least-15-A_3,3-PGL-108-38-index-6-dimension-2-representati\
on-2",
          targetOrder := 324,
          targetPosition := 38 ), rec(
          familyDimension := 2,
          method := "abstract SmallGroup IDs",
          reason := 
           "the documented abstract target has no subgroup of the documented s\
ource type",
          sourceKey := "liftable-abelian-C3-PGL-18-5-index-6-dimension-2",
          sourceOrder := 54,
          sourcePosition := 119,
          status := "no_embedding",
          targetKey := "rank-at-least-15-A_4,3-PGL-144-0-index-2-dimension-2",
          targetOrder := 432,
          targetPosition := 49 ), rec(
          familyDimension := 2,
          method := "filter",
          reason := "weak_fingerprint",
          sourceKey := "liftable-abelian-C3-PGL-18-5-index-6-dimension-2",
          sourceOrder := 54,
          sourcePosition := 119,
          status := "no_embedding",
          targetKey := 
           "rank-at-least-15-3^{1+4}:2-PGL-972-0-index-2-dimension-2",
          targetOrder := 2916,
          targetPosition := 53 ), rec(
          familyDimension := 2,
          method := "abstract SmallGroup IDs",
          reason := 
           "the documented abstract target has no subgroup of the documented s\
ource type",
          sourceKey := "small-nonabelian-C3-PGL-18-3-index-6-dimension-2",
          sourceOrder := 54,
          sourcePosition := 138,
          status := "no_embedding",
          targetKey := "rank-at-least-15-3^2.4-PGL-36-0-index-1-dimension-2",
          targetOrder := 108,
          targetPosition := 42 ), rec(
          familyDimension := 2,
          method := "abstract SmallGroup IDs",
          reason := 
           "the documented abstract target has no subgroup of the documented s\
ource type",
          sourceKey := "small-nonabelian-C3-PGL-18-3-index-6-dimension-2",
          sourceOrder := 54,
          sourcePosition := 138,
          status := "no_embedding",
          targetKey := "rank-at-least-15-A_4-PGL-36-11-index-3-dimension-2",
          targetOrder := 108,
          targetPosition := 11 ), rec(
          familyDimension := 2,
          method := "filter",
          reason := "weak_fingerprint",
          sourceKey := "small-nonabelian-C3-PGL-18-3-index-6-dimension-2",
          sourceOrder := 54,
          sourcePosition := 138,
          status := "no_embedding",
          targetKey := "rank-at-least-15-D_12-PGL-36-12-index-3-dimension-2",
          targetOrder := 108,
          targetPosition := 17 ), rec(
          familyDimension := 2,
          method := "abstract SmallGroup IDs",
          reason := 
           "the documented abstract target has no subgroup of the documented s\
ource type",
          sourceKey := "small-nonabelian-C3-PGL-18-3-index-6-dimension-2",
          sourceOrder := 54,
          sourcePosition := 138,
          status := "no_embedding",
          targetKey := "rank-at-least-15-A_3,3-PGL-36-13-index-2-dimension-2",
          targetOrder := 108,
          targetPosition := 22 ), rec(
          familyDimension := 2,
          method := "abstract SmallGroup IDs",
          reason := 
           "the documented abstract target has no subgroup of the documented s\
ource type",
          sourceKey := "small-nonabelian-S3-PGL-18-3-index-3-dimension-2",
          sourceOrder := 54,
          sourcePosition := 158,
          status := "no_embedding",
          targetKey := "rank-at-least-15-3^2.4-PGL-36-0-index-1-dimension-2",
          targetOrder := 108,
          targetPosition := 42 ), rec(
          familyDimension := 2,
          method := "abstract SmallGroup IDs",
          reason := 
           "the documented abstract target has no subgroup of the documented s\
ource type",
          sourceKey := "small-nonabelian-S3-PGL-18-3-index-3-dimension-2",
          sourceOrder := 54,
          sourcePosition := 158,
          status := "no_embedding",
          targetKey := "rank-at-least-15-A_4-PGL-36-11-index-3-dimension-2",
          targetOrder := 108,
          targetPosition := 11 ), rec(
          familyDimension := 2,
          method := "filter",
          reason := "weak_fingerprint",
          sourceKey := "small-nonabelian-S3-PGL-18-3-index-3-dimension-2",
          sourceOrder := 54,
          sourcePosition := 158,
          status := "no_embedding",
          targetKey := "rank-at-least-15-D_12-PGL-36-12-index-3-dimension-2",
          targetOrder := 108,
          targetPosition := 17 ), rec(
          familyDimension := 2,
          method := "abstract SmallGroup IDs",
          reason := 
           "the documented abstract target has no subgroup of the documented s\
ource type",
          sourceKey := "small-nonabelian-S3-PGL-18-3-index-3-dimension-2",
          sourceOrder := 54,
          sourcePosition := 158,
          status := "no_embedding",
          targetKey := "rank-at-least-15-A_3,3-PGL-36-13-index-2-dimension-2",
          targetOrder := 108,
          targetPosition := 22 ), rec(
          familyDimension := 2,
          method := "filter",
          reason := "weak_fingerprint",
          sourceKey := "small-nonabelian-S3-PGL-18-3-index-3-dimension-2",
          sourceOrder := 54,
          sourcePosition := 158,
          status := "no_embedding",
          targetKey := "small-nonabelian-S3-PGL-36-12-index-6-dimension-2",
          targetOrder := 108,
          targetPosition := 170 ), rec(
          familyDimension := 2,
          method := "filter",
          reason := "weak_fingerprint",
          sourceKey := "small-nonabelian-S3-PGL-18-3-index-3-dimension-2",
          sourceOrder := 54,
          sourcePosition := 158,
          status := "no_embedding",
          targetKey := 
           "small-nonabelian-S3-PGL-36-12-index-6-dimension-2-representation-2\
",
          targetOrder := 108,
          targetPosition := 172 ), rec(
          familyDimension := 2,
          method := "filter",
          reason := "weak_fingerprint",
          sourceKey := "small-nonabelian-S3-PGL-18-3-index-3-dimension-2",
          sourceOrder := 54,
          sourcePosition := 158,
          status := "no_embedding",
          targetKey := "rank-at-least-15-S_3,3-PGL-72-46-index-2-dimension-2",
          targetOrder := 216,
          targetPosition := 39 ), rec(
          familyDimension := 2,
          method := "filter",
          reason := "weak_fingerprint",
          sourceKey := "small-nonabelian-S3-PGL-18-3-index-3-dimension-2",
          sourceOrder := 54,
          sourcePosition := 158,
          status := "no_embedding",
          targetKey := "rank-at-least-15-S_3,3-PGL-72-40-index-2-dimension-2",
          targetOrder := 216,
          targetPosition := 40 ), rec(
          familyDimension := 2,
          method := "filter",
          reason := "weak_fingerprint",
          sourceKey := "small-nonabelian-S3-PGL-18-3-index-3-dimension-2",
          sourceOrder := 54,
          sourcePosition := 158,
          status := "no_embedding",
          targetKey := "rank-at-least-15-3^2.4-PGL-72-40-index-2-dimension-2",
          targetOrder := 216,
          targetPosition := 43 ), rec(
          familyDimension := 2,
          method := "abstract SmallGroup IDs",
          reason := 
           "the documented abstract target has no subgroup of the documented s\
ource type",
          sourceKey := "small-nonabelian-S3-PGL-18-3-index-3-dimension-2",
          sourceOrder := 54,
          sourcePosition := 158,
          status := "no_embedding",
          targetKey := "rank-at-least-15-A_4,3-PGL-72-43-index-1-dimension-2",
          targetOrder := 216,
          targetPosition := 50 ), rec(
          familyDimension := 2,
          method := "filter",
          reason := "weak_fingerprint",
          sourceKey := "small-nonabelian-S3-PGL-18-3-index-3-dimension-2",
          sourceOrder := 54,
          sourcePosition := 158,
          status := "no_embedding",
          targetKey := "rank-at-least-15-A_4-PGL-72-42-index-6-dimension-2",
          targetOrder := 216,
          targetPosition := 12 ), rec(
          familyDimension := 2,
          method := "filter",
          reason := "weak_fingerprint",
          sourceKey := "small-nonabelian-S3-PGL-18-3-index-3-dimension-2",
          sourceOrder := 54,
          sourcePosition := 158,
          status := "no_embedding",
          targetKey := "rank-at-least-15-D_12-PGL-72-48-index-6-dimension-2",
          targetOrder := 216,
          targetPosition := 18 ), rec(
          familyDimension := 2,
          method := "abstract SmallGroup IDs",
          reason := 
           "the documented abstract target has no subgroup of the documented s\
ource type",
          sourceKey := 
           "small-nonabelian-S3-PGL-18-3-index-3-dimension-2-representation-2"
           ,
          sourceOrder := 54,
          sourcePosition := 161,
          status := "no_embedding",
          targetKey := "rank-at-least-15-3^2.4-PGL-36-0-index-1-dimension-2",
          targetOrder := 108,
          targetPosition := 42 ), rec(
          familyDimension := 2,
          method := "abstract SmallGroup IDs",
          reason := 
           "the documented abstract target has no subgroup of the documented s\
ource type",
          sourceKey := 
           "small-nonabelian-S3-PGL-18-3-index-3-dimension-2-representation-2"
           ,
          sourceOrder := 54,
          sourcePosition := 161,
          status := "no_embedding",
          targetKey := "rank-at-least-15-A_4-PGL-36-11-index-3-dimension-2",
          targetOrder := 108,
          targetPosition := 11 ), rec(
          familyDimension := 2,
          method := "filter",
          reason := "weak_fingerprint",
          sourceKey := 
           "small-nonabelian-S3-PGL-18-3-index-3-dimension-2-representation-2"
           ,
          sourceOrder := 54,
          sourcePosition := 161,
          status := "no_embedding",
          targetKey := "rank-at-least-15-D_12-PGL-36-12-index-3-dimension-2",
          targetOrder := 108,
          targetPosition := 17 ), rec(
          familyDimension := 2,
          method := "abstract SmallGroup IDs",
          reason := 
           "the documented abstract target has no subgroup of the documented s\
ource type",
          sourceKey := 
           "small-nonabelian-S3-PGL-18-3-index-3-dimension-2-representation-2"
           ,
          sourceOrder := 54,
          sourcePosition := 161,
          status := "no_embedding",
          targetKey := "rank-at-least-15-A_3,3-PGL-36-13-index-2-dimension-2",
          targetOrder := 108,
          targetPosition := 22 ), rec(
          familyDimension := 2,
          method := "filter",
          reason := "weak_fingerprint",
          sourceKey := 
           "small-nonabelian-S3-PGL-18-3-index-3-dimension-2-representation-2"
           ,
          sourceOrder := 54,
          sourcePosition := 161,
          status := "no_embedding",
          targetKey := "small-nonabelian-S3-PGL-36-12-index-6-dimension-2",
          targetOrder := 108,
          targetPosition := 170 ), rec(
          familyDimension := 2,
          method := "filter",
          reason := "weak_fingerprint",
          sourceKey := 
           "small-nonabelian-S3-PGL-18-3-index-3-dimension-2-representation-2"
           ,
          sourceOrder := 54,
          sourcePosition := 161,
          status := "no_embedding",
          targetKey := 
           "small-nonabelian-S3-PGL-36-12-index-6-dimension-2-representation-2\
",
          targetOrder := 108,
          targetPosition := 172 ), rec(
          familyDimension := 2,
          method := "filter",
          reason := "weak_fingerprint",
          sourceKey := 
           "small-nonabelian-S3-PGL-18-3-index-3-dimension-2-representation-2"
           ,
          sourceOrder := 54,
          sourcePosition := 161,
          status := "no_embedding",
          targetKey := "rank-at-least-15-S_3,3-PGL-72-46-index-2-dimension-2",
          targetOrder := 216,
          targetPosition := 39 ), rec(
          familyDimension := 2,
          method := "filter",
          reason := "weak_fingerprint",
          sourceKey := 
           "small-nonabelian-S3-PGL-18-3-index-3-dimension-2-representation-2"
           ,
          sourceOrder := 54,
          sourcePosition := 161,
          status := "no_embedding",
          targetKey := "rank-at-least-15-S_3,3-PGL-72-40-index-2-dimension-2",
          targetOrder := 216,
          targetPosition := 40 ), rec(
          familyDimension := 2,
          method := "filter",
          reason := "weak_fingerprint",
          sourceKey := 
           "small-nonabelian-S3-PGL-18-3-index-3-dimension-2-representation-2"
           ,
          sourceOrder := 54,
          sourcePosition := 161,
          status := "no_embedding",
          targetKey := "rank-at-least-15-3^2.4-PGL-72-40-index-2-dimension-2",
          targetOrder := 216,
          targetPosition := 43 ), rec(
          familyDimension := 2,
          method := "abstract SmallGroup IDs",
          reason := 
           "the documented abstract target has no subgroup of the documented s\
ource type",
          sourceKey := 
           "small-nonabelian-S3-PGL-18-3-index-3-dimension-2-representation-2"
           ,
          sourceOrder := 54,
          sourcePosition := 161,
          status := "no_embedding",
          targetKey := "rank-at-least-15-A_4,3-PGL-72-43-index-1-dimension-2",
          targetOrder := 216,
          targetPosition := 50 ), rec(
          familyDimension := 2,
          method := "filter",
          reason := "weak_fingerprint",
          sourceKey := 
           "small-nonabelian-S3-PGL-18-3-index-3-dimension-2-representation-2"
           ,
          sourceOrder := 54,
          sourcePosition := 161,
          status := "no_embedding",
          targetKey := "rank-at-least-15-A_4-PGL-72-42-index-6-dimension-2",
          targetOrder := 216,
          targetPosition := 12 ), rec(
          familyDimension := 2,
          method := "filter",
          reason := "weak_fingerprint",
          sourceKey := 
           "small-nonabelian-S3-PGL-18-3-index-3-dimension-2-representation-2"
           ,
          sourceOrder := 54,
          sourcePosition := 161,
          status := "no_embedding",
          targetKey := "rank-at-least-15-D_12-PGL-72-48-index-6-dimension-2",
          targetOrder := 216,
          targetPosition := 18 ), rec(
          familyDimension := 2,
          method := "filter",
          reason := "weak_fingerprint",
          sourceKey := 
           "small-nonabelian-S3-PGL-18-3-index-3-dimension-2-representation-2"
           ,
          sourceOrder := 54,
          sourcePosition := 161,
          status := "no_embedding",
          targetKey := "rank-at-least-15-A_3,3-PGL-108-38-index-6-dimension-2"
           ,
          targetOrder := 324,
          targetPosition := 37 ), rec(
          familyDimension := 2,
          method := "filter",
          reason := "strong_fingerprint",
          sourceKey := 
           "small-nonabelian-S3-PGL-18-3-index-3-dimension-2-representation-2"
           ,
          sourceOrder := 54,
          sourcePosition := 161,
          status := "no_embedding",
          targetKey := 
           "rank-at-least-15-A_3,3-PGL-108-38-index-6-dimension-2-representati\
on-2",
          targetOrder := 324,
          targetPosition := 38 ), rec(
          familyDimension := 2,
          method := "filter",
          reason := "weak_fingerprint",
          sourceKey := 
           "small-nonabelian-S3-PGL-18-3-index-3-dimension-2-representation-2"
           ,
          sourceOrder := 54,
          sourcePosition := 161,
          status := "no_embedding",
          targetKey := "rank-at-least-15-A_4,3-PGL-144-0-index-2-dimension-2",
          targetOrder := 432,
          targetPosition := 49 ), rec(
          familyDimension := 2,
          method := "filter",
          reason := "weak_fingerprint",
          sourceKey := 
           "small-nonabelian-S3-PGL-18-3-index-3-dimension-2-representation-2"
           ,
          sourceOrder := 54,
          sourcePosition := 161,
          status := "no_embedding",
          targetKey := 
           "rank-at-least-15-3^{1+4}:2-PGL-972-0-index-2-dimension-2",
          targetOrder := 2916,
          targetPosition := 53 ), rec(
          familyDimension := 2,
          method := "abstract SmallGroup IDs",
          reason := 
           "the documented abstract target has no subgroup of the documented s\
ource type",
          sourceKey := "rank-at-least-15-D_10-PGL-20-4-index-2-dimension-2",
          sourceOrder := 60,
          sourcePosition := 6,
          status := "no_embedding",
          targetKey := "rank-at-least-15-A_5-PGL-60-0-index-1-dimension-2",
          targetOrder := 180,
          targetPosition := 46 ), rec(
          familyDimension := 2,
          method := "abstract SmallGroup IDs",
          reason := 
           "the documented abstract target has no subgroup of the documented s\
ource type",
          sourceKey := "rank-at-least-15-D_10-PGL-20-4-index-2-dimension-2",
          sourceOrder := 60,
          sourcePosition := 6,
          status := "no_embedding",
          targetKey := "rank-at-least-15-A_5-PGL-120-0-index-2-dimension-2",
          targetOrder := 360,
          targetPosition := 45 ), rec(
          familyDimension := 2,
          method := "abstract SmallGroup IDs",
          reason := 
           "the documented abstract target has no subgroup of the documented s\
ource type",
          sourceKey := "rank-at-least-15-D_12-PGL-24-14-index-2-dimension-2",
          sourceOrder := 72,
          sourcePosition := 15,
          status := "no_embedding",
          targetKey := "rank-at-least-15-S_4-PGL-48-48-index-2-dimension-2",
          targetOrder := 144,
          targetPosition := 30 ), rec(
          familyDimension := 2,
          method := "filter",
          reason := "weak_fingerprint",
          sourceKey := "rank-at-least-15-D_12-PGL-24-14-index-2-dimension-2",
          sourceOrder := 72,
          sourcePosition := 15,
          status := "no_embedding",
          targetKey := "rank-at-least-15-S_3,3-PGL-72-46-index-2-dimension-2",
          targetOrder := 216,
          targetPosition := 39 ), rec(
          familyDimension := 2,
          method := "abstract SmallGroup IDs",
          reason := 
           "the documented abstract target has no subgroup of the documented s\
ource type",
          sourceKey := "rank-at-least-15-D_12-PGL-24-14-index-2-dimension-2",
          sourceOrder := 72,
          sourcePosition := 15,
          status := "no_embedding",
          targetKey := "rank-at-least-15-S_3,3-PGL-72-40-index-2-dimension-2",
          targetOrder := 216,
          targetPosition := 40 ), rec(
          familyDimension := 2,
          method := "abstract SmallGroup IDs",
          reason := 
           "the documented abstract target has no subgroup of the documented s\
ource type",
          sourceKey := "rank-at-least-15-D_12-PGL-24-14-index-2-dimension-2",
          sourceOrder := 72,
          sourcePosition := 15,
          status := "no_embedding",
          targetKey := "rank-at-least-15-3^2.4-PGL-72-40-index-2-dimension-2",
          targetOrder := 216,
          targetPosition := 43 ), rec(
          familyDimension := 2,
          method := "abstract SmallGroup IDs",
          reason := 
           "the documented abstract target has no subgroup of the documented s\
ource type",
          sourceKey := "rank-at-least-15-D_12-PGL-24-14-index-2-dimension-2",
          sourceOrder := 72,
          sourcePosition := 15,
          status := "no_embedding",
          targetKey := "rank-at-least-15-A_4,3-PGL-72-43-index-1-dimension-2",
          targetOrder := 216,
          targetPosition := 50 ), rec(
          familyDimension := 2,
          method := "abstract SmallGroup IDs",
          reason := 
           "the documented abstract target has no subgroup of the documented s\
ource type",
          sourceKey := "rank-at-least-15-D_12-PGL-24-14-index-2-dimension-2",
          sourceOrder := 72,
          sourcePosition := 15,
          status := "no_embedding",
          targetKey := "rank-at-least-15-A_4-PGL-72-42-index-6-dimension-2",
          targetOrder := 216,
          targetPosition := 12 ), rec(
          familyDimension := 2,
          method := "filter",
          reason := "weak_fingerprint",
          sourceKey := "rank-at-least-15-D_12-PGL-24-14-index-2-dimension-2",
          sourceOrder := 72,
          sourcePosition := 15,
          status := "no_embedding",
          targetKey := "rank-at-least-15-D_12-PGL-72-48-index-6-dimension-2",
          targetOrder := 216,
          targetPosition := 18 ), rec(
          familyDimension := 2,
          method := "abstract SmallGroup IDs",
          reason := 
           "the documented abstract target has no subgroup of the documented s\
ource type",
          sourceKey := "rank-at-least-15-D_12-PGL-24-14-index-2-dimension-2",
          sourceOrder := 72,
          sourcePosition := 15,
          status := "no_embedding",
          targetKey := "rank-at-least-15-A_5-PGL-120-0-index-2-dimension-2",
          targetOrder := 360,
          targetPosition := 45 ), rec(
          familyDimension := 2,
          method := "filter",
          reason := "weak_fingerprint",
          sourceKey := "rank-at-least-15-D_12-PGL-24-14-index-2-dimension-2",
          sourceOrder := 72,
          sourcePosition := 15,
          status := "no_embedding",
          targetKey := "rank-at-least-15-A_4,3-PGL-144-0-index-2-dimension-2",
          targetOrder := 432,
          targetPosition := 49 ), rec(
          familyDimension := 2,
          method := "abstract SmallGroup IDs",
          reason := 
           "the documented abstract target has no subgroup of the documented s\
ource type",
          sourceKey := "rank-at-least-15-D_12-PGL-24-8-index-2-dimension-2",
          sourceOrder := 72,
          sourcePosition := 16,
          status := "no_embedding",
          targetKey := "rank-at-least-15-S_4-PGL-48-48-index-2-dimension-2",
          targetOrder := 144,
          targetPosition := 30 ), rec(
          familyDimension := 2,
          method := "abstract SmallGroup IDs",
          reason := 
           "the documented abstract target has no subgroup of the documented s\
ource type",
          sourceKey := "rank-at-least-15-D_12-PGL-24-8-index-2-dimension-2",
          sourceOrder := 72,
          sourcePosition := 16,
          status := "no_embedding",
          targetKey := "rank-at-least-15-S_3,3-PGL-72-46-index-2-dimension-2",
          targetOrder := 216,
          targetPosition := 39 ), rec(
          familyDimension := 2,
          method := "abstract SmallGroup IDs",
          reason := 
           "the documented abstract target has no subgroup of the documented s\
ource type",
          sourceKey := "rank-at-least-15-D_12-PGL-24-8-index-2-dimension-2",
          sourceOrder := 72,
          sourcePosition := 16,
          status := "no_embedding",
          targetKey := "rank-at-least-15-S_3,3-PGL-72-40-index-2-dimension-2",
          targetOrder := 216,
          targetPosition := 40 ), rec(
          familyDimension := 2,
          method := "abstract SmallGroup IDs",
          reason := 
           "the documented abstract target has no subgroup of the documented s\
ource type",
          sourceKey := "rank-at-least-15-D_12-PGL-24-8-index-2-dimension-2",
          sourceOrder := 72,
          sourcePosition := 16,
          status := "no_embedding",
          targetKey := "rank-at-least-15-3^2.4-PGL-72-40-index-2-dimension-2",
          targetOrder := 216,
          targetPosition := 43 ), rec(
          familyDimension := 2,
          method := "filter",
          reason := "weak_fingerprint",
          sourceKey := "rank-at-least-15-D_12-PGL-24-8-index-2-dimension-2",
          sourceOrder := 72,
          sourcePosition := 16,
          status := "no_embedding",
          targetKey := "rank-at-least-15-A_4,3-PGL-72-43-index-1-dimension-2",
          targetOrder := 216,
          targetPosition := 50 ), rec(
          familyDimension := 2,
          method := "abstract SmallGroup IDs",
          reason := 
           "the documented abstract target has no subgroup of the documented s\
ource type",
          sourceKey := "rank-at-least-15-D_12-PGL-24-8-index-2-dimension-2",
          sourceOrder := 72,
          sourcePosition := 16,
          status := "no_embedding",
          targetKey := "rank-at-least-15-A_4-PGL-72-42-index-6-dimension-2",
          targetOrder := 216,
          targetPosition := 12 ), rec(
          familyDimension := 2,
          method := "abstract SmallGroup IDs",
          reason := 
           "the documented abstract target has no subgroup of the documented s\
ource type",
          sourceKey := "rank-at-least-15-D_12-PGL-24-8-index-2-dimension-2",
          sourceOrder := 72,
          sourcePosition := 16,
          status := "no_embedding",
          targetKey := "rank-at-least-15-D_12-PGL-72-48-index-6-dimension-2",
          targetOrder := 216,
          targetPosition := 18 ), rec(
          familyDimension := 2,
          method := "abstract SmallGroup IDs",
          reason := 
           "the documented abstract target has no subgroup of the documented s\
ource type",
          sourceKey := "rank-at-least-15-D_12-PGL-24-8-index-2-dimension-2",
          sourceOrder := 72,
          sourcePosition := 16,
          status := "no_embedding",
          targetKey := "rank-at-least-15-A_5-PGL-120-0-index-2-dimension-2",
          targetOrder := 360,
          targetPosition := 45 ), rec(
          familyDimension := 2,
          method := "filter",
          reason := "weak_fingerprint",
          sourceKey := "rank-at-least-15-D_12-PGL-24-8-index-2-dimension-2",
          sourceOrder := 72,
          sourcePosition := 16,
          status := "no_embedding",
          targetKey := "rank-at-least-15-A_4,3-PGL-144-0-index-2-dimension-2",
          targetOrder := 432,
          targetPosition := 49 ), rec(
          familyDimension := 2,
          method := "abstract SmallGroup IDs",
          reason := 
           "the documented abstract target has no subgroup of the documented s\
ource type",
          sourceKey := "liftable-abelian-C2-PGL-24-9-index-12-dimension-2",
          sourceOrder := 72,
          sourcePosition := 118,
          status := "no_embedding",
          targetKey := "rank-at-least-15-S_4-PGL-48-48-index-2-dimension-2",
          targetOrder := 144,
          targetPosition := 30 ), rec(
          familyDimension := 2,
          method := "abstract SmallGroup IDs",
          reason := 
           "the documented abstract target has no subgroup of the documented s\
ource type",
          sourceKey := "liftable-abelian-C2-PGL-24-9-index-12-dimension-2",
          sourceOrder := 72,
          sourcePosition := 118,
          status := "no_embedding",
          targetKey := "rank-at-least-15-S_3,3-PGL-72-46-index-2-dimension-2",
          targetOrder := 216,
          targetPosition := 39 ), rec(
          familyDimension := 2,
          method := "abstract SmallGroup IDs",
          reason := 
           "the documented abstract target has no subgroup of the documented s\
ource type",
          sourceKey := "liftable-abelian-C2-PGL-24-9-index-12-dimension-2",
          sourceOrder := 72,
          sourcePosition := 118,
          status := "no_embedding",
          targetKey := "rank-at-least-15-S_3,3-PGL-72-40-index-2-dimension-2",
          targetOrder := 216,
          targetPosition := 40 ), rec(
          familyDimension := 2,
          method := "abstract SmallGroup IDs",
          reason := 
           "the documented abstract target has no subgroup of the documented s\
ource type",
          sourceKey := "liftable-abelian-C2-PGL-24-9-index-12-dimension-2",
          sourceOrder := 72,
          sourcePosition := 118,
          status := "no_embedding",
          targetKey := "rank-at-least-15-3^2.4-PGL-72-40-index-2-dimension-2",
          targetOrder := 216,
          targetPosition := 43 ), rec(
          familyDimension := 2,
          method := "abstract SmallGroup IDs",
          reason := 
           "the documented abstract target has no subgroup of the documented s\
ource type",
          sourceKey := "liftable-abelian-C2-PGL-24-9-index-12-dimension-2",
          sourceOrder := 72,
          sourcePosition := 118,
          status := "no_embedding",
          targetKey := "rank-at-least-15-A_4,3-PGL-72-43-index-1-dimension-2",
          targetOrder := 216,
          targetPosition := 50 ), rec(
          familyDimension := 2,
          method := "abstract SmallGroup IDs",
          reason := 
           "the documented abstract target has no subgroup of the documented s\
ource type",
          sourceKey := "liftable-abelian-C2-PGL-24-9-index-12-dimension-2",
          sourceOrder := 72,
          sourcePosition := 118,
          status := "no_embedding",
          targetKey := "rank-at-least-15-A_4-PGL-72-42-index-6-dimension-2",
          targetOrder := 216,
          targetPosition := 12 ), rec(
          familyDimension := 2,
          method := "abstract SmallGroup IDs",
          reason := 
           "the documented abstract target has no subgroup of the documented s\
ource type",
          sourceKey := "liftable-abelian-C2-PGL-24-9-index-12-dimension-2",
          sourceOrder := 72,
          sourcePosition := 118,
          status := "no_embedding",
          targetKey := "rank-at-least-15-D_12-PGL-72-48-index-6-dimension-2",
          targetOrder := 216,
          targetPosition := 18 ), rec(
          familyDimension := 2,
          method := "abstract SmallGroup IDs",
          reason := 
           "the documented abstract target has no subgroup of the documented s\
ource type",
          sourceKey := "liftable-abelian-C2-PGL-24-9-index-12-dimension-2",
          sourceOrder := 72,
          sourcePosition := 118,
          status := "no_embedding",
          targetKey := "rank-at-least-15-A_5-PGL-120-0-index-2-dimension-2",
          targetOrder := 360,
          targetPosition := 45 ), rec(
          familyDimension := 2,
          method := "abstract SmallGroup IDs",
          reason := 
           "the documented abstract target has no subgroup of the documented s\
ource type",
          sourceKey := "liftable-abelian-C2-PGL-24-9-index-12-dimension-2",
          sourceOrder := 72,
          sourcePosition := 118,
          status := "no_embedding",
          targetKey := "rank-at-least-15-A_4,3-PGL-144-0-index-2-dimension-2",
          targetOrder := 432,
          targetPosition := 49 ), rec(
          familyDimension := 2,
          method := "filter",
          reason := "weak_fingerprint",
          sourceKey := "small-nonabelian-C2^2-PGL-24-13-index-6-dimension-2",
          sourceOrder := 72,
          sourcePosition := 145,
          status := "no_embedding",
          targetKey := "rank-at-least-15-S_4-PGL-48-48-index-2-dimension-2",
          targetOrder := 144,
          targetPosition := 30 ), rec(
          familyDimension := 2,
          method := "abstract SmallGroup IDs",
          reason := 
           "the documented abstract target has no subgroup of the documented s\
ource type",
          sourceKey := "small-nonabelian-C2^2-PGL-24-13-index-6-dimension-2",
          sourceOrder := 72,
          sourcePosition := 145,
          status := "no_embedding",
          targetKey := "rank-at-least-15-S_3,3-PGL-72-46-index-2-dimension-2",
          targetOrder := 216,
          targetPosition := 39 ), rec(
          familyDimension := 2,
          method := "abstract SmallGroup IDs",
          reason := 
           "the documented abstract target has no subgroup of the documented s\
ource type",
          sourceKey := "small-nonabelian-C2^2-PGL-24-13-index-6-dimension-2",
          sourceOrder := 72,
          sourcePosition := 145,
          status := "no_embedding",
          targetKey := "rank-at-least-15-S_3,3-PGL-72-40-index-2-dimension-2",
          targetOrder := 216,
          targetPosition := 40 ), rec(
          familyDimension := 2,
          method := "abstract SmallGroup IDs",
          reason := 
           "the documented abstract target has no subgroup of the documented s\
ource type",
          sourceKey := "small-nonabelian-C2^2-PGL-24-13-index-6-dimension-2",
          sourceOrder := 72,
          sourcePosition := 145,
          status := "no_embedding",
          targetKey := "rank-at-least-15-3^2.4-PGL-72-40-index-2-dimension-2",
          targetOrder := 216,
          targetPosition := 43 ), rec(
          familyDimension := 2,
          method := "abstract SmallGroup IDs",
          reason := 
           "the documented abstract target has no subgroup of the documented s\
ource type",
          sourceKey := "small-nonabelian-C2^2-PGL-24-13-index-6-dimension-2",
          sourceOrder := 72,
          sourcePosition := 145,
          status := "no_embedding",
          targetKey := "rank-at-least-15-A_4,3-PGL-72-43-index-1-dimension-2",
          targetOrder := 216,
          targetPosition := 50 ), rec(
          familyDimension := 2,
          method := "abstract SmallGroup IDs",
          reason := 
           "the documented abstract target has no subgroup of the documented s\
ource type",
          sourceKey := "small-nonabelian-C2^2-PGL-24-13-index-6-dimension-2",
          sourceOrder := 72,
          sourcePosition := 145,
          status := "no_embedding",
          targetKey := "rank-at-least-15-A_4-PGL-72-42-index-6-dimension-2",
          targetOrder := 216,
          targetPosition := 12 ), rec(
          familyDimension := 2,
          method := "abstract SmallGroup IDs",
          reason := 
           "the documented abstract target has no subgroup of the documented s\
ource type",
          sourceKey := "small-nonabelian-C2^2-PGL-24-13-index-6-dimension-2",
          sourceOrder := 72,
          sourcePosition := 145,
          status := "no_embedding",
          targetKey := "rank-at-least-15-D_12-PGL-72-48-index-6-dimension-2",
          targetOrder := 216,
          targetPosition := 18 ), rec(
          familyDimension := 2,
          method := "abstract SmallGroup IDs",
          reason := 
           "the documented abstract target has no subgroup of the documented s\
ource type",
          sourceKey := "small-nonabelian-C2^2-PGL-24-13-index-6-dimension-2",
          sourceOrder := 72,
          sourcePosition := 145,
          status := "no_embedding",
          targetKey := "rank-at-least-15-A_5-PGL-120-0-index-2-dimension-2",
          targetOrder := 360,
          targetPosition := 45 ), rec(
          familyDimension := 2,
          method := "filter",
          reason := "weak_fingerprint",
          sourceKey := "small-nonabelian-C2^2-PGL-24-13-index-6-dimension-2",
          sourceOrder := 72,
          sourcePosition := 145,
          status := "no_embedding",
          targetKey := "rank-at-least-15-A_4,3-PGL-144-0-index-2-dimension-2",
          targetOrder := 432,
          targetPosition := 49 ), rec(
          familyDimension := 2,
          method := "abstract SmallGroup IDs",
          reason := 
           "the documented abstract target has no subgroup of the documented s\
ource type",
          sourceKey := 
           "small-nonabelian-C2^2-PGL-24-13-index-6-dimension-2-representation\
-2",
          sourceOrder := 72,
          sourcePosition := 146,
          status := "no_embedding",
          targetKey := "rank-at-least-15-S_4-PGL-48-48-index-2-dimension-2",
          targetOrder := 144,
          targetPosition := 30 ), rec(
          familyDimension := 2,
          method := "abstract SmallGroup IDs",
          reason := 
           "the documented abstract target has no subgroup of the documented s\
ource type",
          sourceKey := 
           "small-nonabelian-C2^2-PGL-24-13-index-6-dimension-2-representation\
-2",
          sourceOrder := 72,
          sourcePosition := 146,
          status := "no_embedding",
          targetKey := "rank-at-least-15-S_3,3-PGL-72-46-index-2-dimension-2",
          targetOrder := 216,
          targetPosition := 39 ), rec(
          familyDimension := 2,
          method := "abstract SmallGroup IDs",
          reason := 
           "the documented abstract target has no subgroup of the documented s\
ource type",
          sourceKey := 
           "small-nonabelian-C2^2-PGL-24-13-index-6-dimension-2-representation\
-2",
          sourceOrder := 72,
          sourcePosition := 146,
          status := "no_embedding",
          targetKey := "rank-at-least-15-S_3,3-PGL-72-40-index-2-dimension-2",
          targetOrder := 216,
          targetPosition := 40 ), rec(
          familyDimension := 2,
          method := "abstract SmallGroup IDs",
          reason := 
           "the documented abstract target has no subgroup of the documented s\
ource type",
          sourceKey := 
           "small-nonabelian-C2^2-PGL-24-13-index-6-dimension-2-representation\
-2",
          sourceOrder := 72,
          sourcePosition := 146,
          status := "no_embedding",
          targetKey := "rank-at-least-15-3^2.4-PGL-72-40-index-2-dimension-2",
          targetOrder := 216,
          targetPosition := 43 ), rec(
          familyDimension := 2,
          method := "abstract SmallGroup IDs",
          reason := 
           "the documented abstract target has no subgroup of the documented s\
ource type",
          sourceKey := 
           "small-nonabelian-C2^2-PGL-24-13-index-6-dimension-2-representation\
-2",
          sourceOrder := 72,
          sourcePosition := 146,
          status := "no_embedding",
          targetKey := "rank-at-least-15-A_4,3-PGL-72-43-index-1-dimension-2",
          targetOrder := 216,
          targetPosition := 50 ), rec(
          familyDimension := 2,
          method := "abstract SmallGroup IDs",
          reason := 
           "the documented abstract target has no subgroup of the documented s\
ource type",
          sourceKey := 
           "small-nonabelian-C2^2-PGL-24-13-index-6-dimension-2-representation\
-2",
          sourceOrder := 72,
          sourcePosition := 146,
          status := "no_embedding",
          targetKey := "rank-at-least-15-A_4-PGL-72-42-index-6-dimension-2",
          targetOrder := 216,
          targetPosition := 12 ), rec(
          familyDimension := 2,
          method := "abstract SmallGroup IDs",
          reason := 
           "the documented abstract target has no subgroup of the documented s\
ource type",
          sourceKey := 
           "small-nonabelian-C2^2-PGL-24-13-index-6-dimension-2-representation\
-2",
          sourceOrder := 72,
          sourcePosition := 146,
          status := "no_embedding",
          targetKey := "rank-at-least-15-D_12-PGL-72-48-index-6-dimension-2",
          targetOrder := 216,
          targetPosition := 18 ), rec(
          familyDimension := 2,
          method := "abstract SmallGroup IDs",
          reason := 
           "the documented abstract target has no subgroup of the documented s\
ource type",
          sourceKey := 
           "small-nonabelian-C2^2-PGL-24-13-index-6-dimension-2-representation\
-2",
          sourceOrder := 72,
          sourcePosition := 146,
          status := "no_embedding",
          targetKey := "rank-at-least-15-A_5-PGL-120-0-index-2-dimension-2",
          targetOrder := 360,
          targetPosition := 45 ), rec(
          familyDimension := 2,
          method := "abstract SmallGroup IDs",
          reason := 
           "the documented abstract target has no subgroup of the documented s\
ource type",
          sourceKey := 
           "small-nonabelian-C2^2-PGL-24-13-index-6-dimension-2-representation\
-2",
          sourceOrder := 72,
          sourcePosition := 146,
          status := "no_embedding",
          targetKey := "rank-at-least-15-A_4,3-PGL-144-0-index-2-dimension-2",
          targetOrder := 432,
          targetPosition := 49 ), rec(
          familyDimension := 2,
          method := "abstract SmallGroup IDs",
          reason := 
           "the documented abstract target has no subgroup of the documented s\
ource type",
          sourceKey := "rank-at-least-15-D_10-PGL-30-2-index-3-dimension-2",
          sourceOrder := 90,
          sourcePosition := 7,
          status := "no_embedding",
          targetKey := "rank-at-least-15-A_5-PGL-60-0-index-1-dimension-2",
          targetOrder := 180,
          targetPosition := 46 ), rec(
          familyDimension := 2,
          method := "abstract SmallGroup IDs",
          reason := 
           "the documented abstract target has no subgroup of the documented s\
ource type",
          sourceKey := "rank-at-least-15-D_10-PGL-30-2-index-3-dimension-2",
          sourceOrder := 90,
          sourcePosition := 7,
          status := "no_embedding",
          targetKey := "rank-at-least-15-A_5-PGL-120-0-index-2-dimension-2",
          targetOrder := 360,
          targetPosition := 45 ), rec(
          familyDimension := 2,
          method := "abstract SmallGroup IDs",
          reason := 
           "the documented abstract target has no subgroup of the documented s\
ource type",
          sourceKey := "rank-at-least-15-A_4-PGL-36-11-index-3-dimension-2",
          sourceOrder := 108,
          sourcePosition := 11,
          status := "no_embedding",
          targetKey := "rank-at-least-15-S_3,3-PGL-72-46-index-2-dimension-2",
          targetOrder := 216,
          targetPosition := 39 ), rec(
          familyDimension := 2,
          method := "abstract SmallGroup IDs",
          reason := 
           "the documented abstract target has no subgroup of the documented s\
ource type",
          sourceKey := "rank-at-least-15-A_4-PGL-36-11-index-3-dimension-2",
          sourceOrder := 108,
          sourcePosition := 11,
          status := "no_embedding",
          targetKey := "rank-at-least-15-S_3,3-PGL-72-40-index-2-dimension-2",
          targetOrder := 216,
          targetPosition := 40 ), rec(
          familyDimension := 2,
          method := "abstract SmallGroup IDs",
          reason := 
           "the documented abstract target has no subgroup of the documented s\
ource type",
          sourceKey := "rank-at-least-15-A_4-PGL-36-11-index-3-dimension-2",
          sourceOrder := 108,
          sourcePosition := 11,
          status := "no_embedding",
          targetKey := "rank-at-least-15-3^2.4-PGL-72-40-index-2-dimension-2",
          targetOrder := 216,
          targetPosition := 43 ), rec(
          familyDimension := 2,
          method := "abstract SmallGroup IDs",
          reason := 
           "the documented abstract target has no subgroup of the documented s\
ource type",
          sourceKey := "rank-at-least-15-A_4-PGL-36-11-index-3-dimension-2",
          sourceOrder := 108,
          sourcePosition := 11,
          status := "no_embedding",
          targetKey := "rank-at-least-15-A_4,3-PGL-72-43-index-1-dimension-2",
          targetOrder := 216,
          targetPosition := 50 ), rec(
          familyDimension := 2,
          method := "filter",
          reason := "weak_fingerprint",
          sourceKey := "rank-at-least-15-A_4-PGL-36-11-index-3-dimension-2",
          sourceOrder := 108,
          sourcePosition := 11,
          status := "no_embedding",
          targetKey := "rank-at-least-15-A_4-PGL-72-42-index-6-dimension-2",
          targetOrder := 216,
          targetPosition := 12 ), rec(
          familyDimension := 2,
          method := "abstract SmallGroup IDs",
          reason := 
           "the documented abstract target has no subgroup of the documented s\
ource type",
          sourceKey := "rank-at-least-15-A_4-PGL-36-11-index-3-dimension-2",
          sourceOrder := 108,
          sourcePosition := 11,
          status := "no_embedding",
          targetKey := "rank-at-least-15-D_12-PGL-72-48-index-6-dimension-2",
          targetOrder := 216,
          targetPosition := 18 ), rec(
          familyDimension := 2,
          method := "abstract SmallGroup IDs",
          reason := 
           "the documented abstract target has no subgroup of the documented s\
ource type",
          sourceKey := "rank-at-least-15-A_4-PGL-36-11-index-3-dimension-2",
          sourceOrder := 108,
          sourcePosition := 11,
          status := "no_embedding",
          targetKey := "rank-at-least-15-A_3,3-PGL-108-38-index-6-dimension-2"
           ,
          targetOrder := 324,
          targetPosition := 37 ), rec(
          familyDimension := 2,
          method := "abstract SmallGroup IDs",
          reason := 
           "the documented abstract target has no subgroup of the documented s\
ource type",
          sourceKey := "rank-at-least-15-A_4-PGL-36-11-index-3-dimension-2",
          sourceOrder := 108,
          sourcePosition := 11,
          status := "no_embedding",
          targetKey := 
           "rank-at-least-15-A_3,3-PGL-108-38-index-6-dimension-2-representati\
on-2",
          targetOrder := 324,
          targetPosition := 38 ), rec(
          familyDimension := 2,
          method := "filter",
          reason := "weak_fingerprint",
          sourceKey := "rank-at-least-15-A_4-PGL-36-11-index-3-dimension-2",
          sourceOrder := 108,
          sourcePosition := 11,
          status := "no_embedding",
          targetKey := "rank-at-least-15-A_4,3-PGL-144-0-index-2-dimension-2",
          targetOrder := 432,
          targetPosition := 49 ), rec(
          familyDimension := 2,
          method := "filter",
          reason := "derived_series",
          sourceKey := "rank-at-least-15-A_4-PGL-36-11-index-3-dimension-2",
          sourceOrder := 108,
          sourcePosition := 11,
          status := "no_embedding",
          targetKey := 
           "rank-at-least-15-3^{1+4}:2-PGL-972-0-index-2-dimension-2",
          targetOrder := 2916,
          targetPosition := 53 ), rec(
          familyDimension := 2,
          method := "filter",
          reason := "weak_fingerprint",
          sourceKey := "rank-at-least-15-D_12-PGL-36-12-index-3-dimension-2",
          sourceOrder := 108,
          sourcePosition := 17,
          status := "no_embedding",
          targetKey := "rank-at-least-15-S_3,3-PGL-72-46-index-2-dimension-2",
          targetOrder := 216,
          targetPosition := 39 ), rec(
          familyDimension := 2,
          method := "abstract SmallGroup IDs",
          reason := 
           "the documented abstract target has no subgroup of the documented s\
ource type",
          sourceKey := "rank-at-least-15-D_12-PGL-36-12-index-3-dimension-2",
          sourceOrder := 108,
          sourcePosition := 17,
          status := "no_embedding",
          targetKey := "rank-at-least-15-S_3,3-PGL-72-40-index-2-dimension-2",
          targetOrder := 216,
          targetPosition := 40 ), rec(
          familyDimension := 2,
          method := "abstract SmallGroup IDs",
          reason := 
           "the documented abstract target has no subgroup of the documented s\
ource type",
          sourceKey := "rank-at-least-15-D_12-PGL-36-12-index-3-dimension-2",
          sourceOrder := 108,
          sourcePosition := 17,
          status := "no_embedding",
          targetKey := "rank-at-least-15-3^2.4-PGL-72-40-index-2-dimension-2",
          targetOrder := 216,
          targetPosition := 43 ), rec(
          familyDimension := 2,
          method := "abstract SmallGroup IDs",
          reason := 
           "the documented abstract target has no subgroup of the documented s\
ource type",
          sourceKey := "rank-at-least-15-D_12-PGL-36-12-index-3-dimension-2",
          sourceOrder := 108,
          sourcePosition := 17,
          status := "no_embedding",
          targetKey := "rank-at-least-15-A_4,3-PGL-72-43-index-1-dimension-2",
          targetOrder := 216,
          targetPosition := 50 ), rec(
          familyDimension := 2,
          method := "abstract SmallGroup IDs",
          reason := 
           "the documented abstract target has no subgroup of the documented s\
ource type",
          sourceKey := "rank-at-least-15-D_12-PGL-36-12-index-3-dimension-2",
          sourceOrder := 108,
          sourcePosition := 17,
          status := "no_embedding",
          targetKey := "rank-at-least-15-A_4-PGL-72-42-index-6-dimension-2",
          targetOrder := 216,
          targetPosition := 12 ), rec(
          familyDimension := 2,
          method := "filter",
          reason := "weak_fingerprint",
          sourceKey := "rank-at-least-15-D_12-PGL-36-12-index-3-dimension-2",
          sourceOrder := 108,
          sourcePosition := 17,
          status := "no_embedding",
          targetKey := "rank-at-least-15-D_12-PGL-72-48-index-6-dimension-2",
          targetOrder := 216,
          targetPosition := 18 ), rec(
          familyDimension := 2,
          method := "filter",
          reason := "weak_fingerprint",
          sourceKey := "rank-at-least-15-D_12-PGL-36-12-index-3-dimension-2",
          sourceOrder := 108,
          sourcePosition := 17,
          status := "no_embedding",
          targetKey := "rank-at-least-15-A_3,3-PGL-108-38-index-6-dimension-2"
           ,
          targetOrder := 324,
          targetPosition := 37 ), rec(
          familyDimension := 2,
          method := "filter",
          reason := "weak_fingerprint",
          sourceKey := "rank-at-least-15-D_12-PGL-36-12-index-3-dimension-2",
          sourceOrder := 108,
          sourcePosition := 17,
          status := "no_embedding",
          targetKey := 
           "rank-at-least-15-A_3,3-PGL-108-38-index-6-dimension-2-representati\
on-2",
          targetOrder := 324,
          targetPosition := 38 ), rec(
          familyDimension := 2,
          method := "abstract SmallGroup IDs",
          reason := 
           "the documented abstract target has no subgroup of the documented s\
ource type",
          sourceKey := "rank-at-least-15-D_12-PGL-36-12-index-3-dimension-2",
          sourceOrder := 108,
          sourcePosition := 17,
          status := "no_embedding",
          targetKey := "rank-at-least-15-A_4,3-PGL-144-0-index-2-dimension-2",
          targetOrder := 432,
          targetPosition := 49 ), rec(
          familyDimension := 2,
          method := "filter",
          reason := "weak_fingerprint",
          sourceKey := "rank-at-least-15-D_12-PGL-36-12-index-3-dimension-2",
          sourceOrder := 108,
          sourcePosition := 17,
          status := "no_embedding",
          targetKey := 
           "rank-at-least-15-3^{1+4}:2-PGL-972-0-index-2-dimension-2",
          targetOrder := 2916,
          targetPosition := 53 ), rec(
          familyDimension := 2,
          method := "abstract SmallGroup IDs",
          reason := 
           "the documented abstract target has no subgroup of the documented s\
ource type",
          sourceKey := "rank-at-least-15-A_3,3-PGL-36-13-index-2-dimension-2",
          sourceOrder := 108,
          sourcePosition := 22,
          status := "no_embedding",
          targetKey := "rank-at-least-15-S_3,3-PGL-72-46-index-2-dimension-2",
          targetOrder := 216,
          targetPosition := 39 ), rec(
          familyDimension := 2,
          method := "abstract SmallGroup IDs",
          reason := 
           "the documented abstract target has no subgroup of the documented s\
ource type",
          sourceKey := "rank-at-least-15-A_3,3-PGL-36-13-index-2-dimension-2",
          sourceOrder := 108,
          sourcePosition := 22,
          status := "no_embedding",
          targetKey := "rank-at-least-15-S_3,3-PGL-72-40-index-2-dimension-2",
          targetOrder := 216,
          targetPosition := 40 ), rec(
          familyDimension := 2,
          method := "abstract SmallGroup IDs",
          reason := 
           "the documented abstract target has no subgroup of the documented s\
ource type",
          sourceKey := "rank-at-least-15-A_3,3-PGL-36-13-index-2-dimension-2",
          sourceOrder := 108,
          sourcePosition := 22,
          status := "no_embedding",
          targetKey := "rank-at-least-15-3^2.4-PGL-72-40-index-2-dimension-2",
          targetOrder := 216,
          targetPosition := 43 ), rec(
          familyDimension := 2,
          method := "abstract SmallGroup IDs",
          reason := 
           "the documented abstract target has no subgroup of the documented s\
ource type",
          sourceKey := "rank-at-least-15-A_3,3-PGL-36-13-index-2-dimension-2",
          sourceOrder := 108,
          sourcePosition := 22,
          status := "no_embedding",
          targetKey := "rank-at-least-15-A_4,3-PGL-72-43-index-1-dimension-2",
          targetOrder := 216,
          targetPosition := 50 ), rec(
          familyDimension := 2,
          method := "abstract SmallGroup IDs",
          reason := 
           "the documented abstract target has no subgroup of the documented s\
ource type",
          sourceKey := "rank-at-least-15-A_3,3-PGL-36-13-index-2-dimension-2",
          sourceOrder := 108,
          sourcePosition := 22,
          status := "no_embedding",
          targetKey := "rank-at-least-15-A_4-PGL-72-42-index-6-dimension-2",
          targetOrder := 216,
          targetPosition := 12 ), rec(
          familyDimension := 2,
          method := "abstract SmallGroup IDs",
          reason := 
           "the documented abstract target has no subgroup of the documented s\
ource type",
          sourceKey := "rank-at-least-15-A_3,3-PGL-36-13-index-2-dimension-2",
          sourceOrder := 108,
          sourcePosition := 22,
          status := "no_embedding",
          targetKey := "rank-at-least-15-D_12-PGL-72-48-index-6-dimension-2",
          targetOrder := 216,
          targetPosition := 18 ), rec(
          familyDimension := 2,
          method := "abstract SmallGroup IDs",
          reason := 
           "the documented abstract target has no subgroup of the documented s\
ource type",
          sourceKey := "rank-at-least-15-A_3,3-PGL-36-13-index-2-dimension-2",
          sourceOrder := 108,
          sourcePosition := 22,
          status := "no_embedding",
          targetKey := "rank-at-least-15-A_3,3-PGL-108-38-index-6-dimension-2"
           ,
          targetOrder := 324,
          targetPosition := 37 ), rec(
          familyDimension := 2,
          method := "abstract SmallGroup IDs",
          reason := 
           "the documented abstract target has no subgroup of the documented s\
ource type",
          sourceKey := "rank-at-least-15-A_3,3-PGL-36-13-index-2-dimension-2",
          sourceOrder := 108,
          sourcePosition := 22,
          status := "no_embedding",
          targetKey := 
           "rank-at-least-15-A_3,3-PGL-108-38-index-6-dimension-2-representati\
on-2",
          targetOrder := 324,
          targetPosition := 38 ), rec(
          familyDimension := 2,
          method := "abstract SmallGroup IDs",
          reason := 
           "the documented abstract target has no subgroup of the documented s\
ource type",
          sourceKey := "rank-at-least-15-A_3,3-PGL-36-13-index-2-dimension-2",
          sourceOrder := 108,
          sourcePosition := 22,
          status := "no_embedding",
          targetKey := "rank-at-least-15-A_4,3-PGL-144-0-index-2-dimension-2",
          targetOrder := 432,
          targetPosition := 49 ), rec(
          familyDimension := 2,
          method := "filter",
          reason := "weak_fingerprint",
          sourceKey := "rank-at-least-15-A_3,3-PGL-36-13-index-2-dimension-2",
          sourceOrder := 108,
          sourcePosition := 22,
          status := "no_embedding",
          targetKey := 
           "rank-at-least-15-3^{1+4}:2-PGL-972-0-index-2-dimension-2",
          targetOrder := 2916,
          targetPosition := 53 ), rec(
          familyDimension := 2,
          method := "filter",
          reason := "weak_fingerprint",
          sourceKey := "small-nonabelian-S3-PGL-36-12-index-6-dimension-2",
          sourceOrder := 108,
          sourcePosition := 170,
          status := "no_embedding",
          targetKey := "rank-at-least-15-S_3,3-PGL-72-46-index-2-dimension-2",
          targetOrder := 216,
          targetPosition := 39 ), rec(
          familyDimension := 2,
          method := "abstract SmallGroup IDs",
          reason := 
           "the documented abstract target has no subgroup of the documented s\
ource type",
          sourceKey := "small-nonabelian-S3-PGL-36-12-index-6-dimension-2",
          sourceOrder := 108,
          sourcePosition := 170,
          status := "no_embedding",
          targetKey := "rank-at-least-15-S_3,3-PGL-72-40-index-2-dimension-2",
          targetOrder := 216,
          targetPosition := 40 ), rec(
          familyDimension := 2,
          method := "abstract SmallGroup IDs",
          reason := 
           "the documented abstract target has no subgroup of the documented s\
ource type",
          sourceKey := "small-nonabelian-S3-PGL-36-12-index-6-dimension-2",
          sourceOrder := 108,
          sourcePosition := 170,
          status := "no_embedding",
          targetKey := "rank-at-least-15-3^2.4-PGL-72-40-index-2-dimension-2",
          targetOrder := 216,
          targetPosition := 43 ), rec(
          familyDimension := 2,
          method := "abstract SmallGroup IDs",
          reason := 
           "the documented abstract target has no subgroup of the documented s\
ource type",
          sourceKey := "small-nonabelian-S3-PGL-36-12-index-6-dimension-2",
          sourceOrder := 108,
          sourcePosition := 170,
          status := "no_embedding",
          targetKey := "rank-at-least-15-A_4,3-PGL-72-43-index-1-dimension-2",
          targetOrder := 216,
          targetPosition := 50 ), rec(
          familyDimension := 2,
          method := "abstract SmallGroup IDs",
          reason := 
           "the documented abstract target has no subgroup of the documented s\
ource type",
          sourceKey := "small-nonabelian-S3-PGL-36-12-index-6-dimension-2",
          sourceOrder := 108,
          sourcePosition := 170,
          status := "no_embedding",
          targetKey := "rank-at-least-15-A_4-PGL-72-42-index-6-dimension-2",
          targetOrder := 216,
          targetPosition := 12 ), rec(
          familyDimension := 2,
          method := "filter",
          reason := "weak_fingerprint",
          sourceKey := "small-nonabelian-S3-PGL-36-12-index-6-dimension-2",
          sourceOrder := 108,
          sourcePosition := 170,
          status := "no_embedding",
          targetKey := "rank-at-least-15-D_12-PGL-72-48-index-6-dimension-2",
          targetOrder := 216,
          targetPosition := 18 ), rec(
          familyDimension := 2,
          method := "filter",
          reason := "weak_fingerprint",
          sourceKey := 
           "small-nonabelian-S3-PGL-36-12-index-6-dimension-2-representation-2\
",
          sourceOrder := 108,
          sourcePosition := 172,
          status := "no_embedding",
          targetKey := "rank-at-least-15-S_3,3-PGL-72-46-index-2-dimension-2",
          targetOrder := 216,
          targetPosition := 39 ), rec(
          familyDimension := 2,
          method := "abstract SmallGroup IDs",
          reason := 
           "the documented abstract target has no subgroup of the documented s\
ource type",
          sourceKey := 
           "small-nonabelian-S3-PGL-36-12-index-6-dimension-2-representation-2\
",
          sourceOrder := 108,
          sourcePosition := 172,
          status := "no_embedding",
          targetKey := "rank-at-least-15-S_3,3-PGL-72-40-index-2-dimension-2",
          targetOrder := 216,
          targetPosition := 40 ), rec(
          familyDimension := 2,
          method := "abstract SmallGroup IDs",
          reason := 
           "the documented abstract target has no subgroup of the documented s\
ource type",
          sourceKey := 
           "small-nonabelian-S3-PGL-36-12-index-6-dimension-2-representation-2\
",
          sourceOrder := 108,
          sourcePosition := 172,
          status := "no_embedding",
          targetKey := "rank-at-least-15-3^2.4-PGL-72-40-index-2-dimension-2",
          targetOrder := 216,
          targetPosition := 43 ), rec(
          familyDimension := 2,
          method := "abstract SmallGroup IDs",
          reason := 
           "the documented abstract target has no subgroup of the documented s\
ource type",
          sourceKey := 
           "small-nonabelian-S3-PGL-36-12-index-6-dimension-2-representation-2\
",
          sourceOrder := 108,
          sourcePosition := 172,
          status := "no_embedding",
          targetKey := "rank-at-least-15-A_4,3-PGL-72-43-index-1-dimension-2",
          targetOrder := 216,
          targetPosition := 50 ), rec(
          familyDimension := 2,
          method := "abstract SmallGroup IDs",
          reason := 
           "the documented abstract target has no subgroup of the documented s\
ource type",
          sourceKey := 
           "small-nonabelian-S3-PGL-36-12-index-6-dimension-2-representation-2\
",
          sourceOrder := 108,
          sourcePosition := 172,
          status := "no_embedding",
          targetKey := "rank-at-least-15-A_4-PGL-72-42-index-6-dimension-2",
          targetOrder := 216,
          targetPosition := 12 ), rec(
          familyDimension := 2,
          method := "filter",
          reason := "weak_fingerprint",
          sourceKey := 
           "small-nonabelian-S3-PGL-36-12-index-6-dimension-2-representation-2\
",
          sourceOrder := 108,
          sourcePosition := 172,
          status := "no_embedding",
          targetKey := "rank-at-least-15-D_12-PGL-72-48-index-6-dimension-2",
          targetOrder := 216,
          targetPosition := 18 ), rec(
          familyDimension := 2,
          method := "filter",
          reason := "weak_fingerprint",
          sourceKey := 
           "small-nonabelian-S3-PGL-36-12-index-6-dimension-2-representation-2\
",
          sourceOrder := 108,
          sourcePosition := 172,
          status := "no_embedding",
          targetKey := "rank-at-least-15-A_3,3-PGL-108-38-index-6-dimension-2"
           ,
          targetOrder := 324,
          targetPosition := 37 ), rec(
          familyDimension := 2,
          method := "filter",
          reason := "weak_fingerprint",
          sourceKey := 
           "small-nonabelian-S3-PGL-36-12-index-6-dimension-2-representation-2\
",
          sourceOrder := 108,
          sourcePosition := 172,
          status := "no_embedding",
          targetKey := 
           "rank-at-least-15-A_3,3-PGL-108-38-index-6-dimension-2-representati\
on-2",
          targetOrder := 324,
          targetPosition := 38 ), rec(
          familyDimension := 2,
          method := "abstract SmallGroup IDs",
          reason := 
           "the documented abstract target has no subgroup of the documented s\
ource type",
          sourceKey := 
           "small-nonabelian-S3-PGL-36-12-index-6-dimension-2-representation-2\
",
          sourceOrder := 108,
          sourcePosition := 172,
          status := "no_embedding",
          targetKey := "rank-at-least-15-A_4,3-PGL-144-0-index-2-dimension-2",
          targetOrder := 432,
          targetPosition := 49 ), rec(
          familyDimension := 2,
          method := "filter",
          reason := "weak_fingerprint",
          sourceKey := 
           "small-nonabelian-S3-PGL-36-12-index-6-dimension-2-representation-2\
",
          sourceOrder := 108,
          sourcePosition := 172,
          status := "no_embedding",
          targetKey := 
           "rank-at-least-15-3^{1+4}:2-PGL-972-0-index-2-dimension-2",
          targetOrder := 2916,
          targetPosition := 53 ), rec(
          familyDimension := 2,
          method := "filter",
          reason := "weak_fingerprint",
          sourceKey := "rank-at-least-15-S_4-PGL-48-48-index-2-dimension-2",
          sourceOrder := 144,
          sourcePosition := 30,
          status := "no_embedding",
          targetKey := "rank-at-least-15-A_4,3-PGL-144-0-index-2-dimension-2",
          targetOrder := 432,
          targetPosition := 49 ), rec(
          familyDimension := 2,
          method := "filter",
          reason := "weak_fingerprint",
          sourceKey := "rank-at-least-15-A_4-PGL-72-42-index-6-dimension-2",
          sourceOrder := 216,
          sourcePosition := 12,
          status := "no_embedding",
          targetKey := "rank-at-least-15-A_4,3-PGL-144-0-index-2-dimension-2",
          targetOrder := 432,
          targetPosition := 49 ), rec(
          familyDimension := 2,
          method := "abstract SmallGroup IDs",
          reason := 
           "the documented abstract target has no subgroup of the documented s\
ource type",
          sourceKey := "rank-at-least-15-D_12-PGL-72-48-index-6-dimension-2",
          sourceOrder := 216,
          sourcePosition := 18,
          status := "no_embedding",
          targetKey := "rank-at-least-15-A_4,3-PGL-144-0-index-2-dimension-2",
          targetOrder := 432,
          targetPosition := 49 ), rec(
          familyDimension := 2,
          method := "filter",
          reason := "weak_fingerprint",
          sourceKey := "rank-at-least-15-A_3,3-PGL-108-38-index-6-dimension-2"
           ,
          sourceOrder := 324,
          sourcePosition := 37,
          status := "no_embedding",
          targetKey := 
           "rank-at-least-15-3^{1+4}:2-PGL-972-0-index-2-dimension-2",
          targetOrder := 2916,
          targetPosition := 53 ), rec(
          familyDimension := 2,
          method := "filter",
          reason := "weak_fingerprint",
          sourceKey := 
           "rank-at-least-15-A_3,3-PGL-108-38-index-6-dimension-2-representati\
on-2",
          sourceOrder := 324,
          sourcePosition := 38,
          status := "no_embedding",
          targetKey := 
           "rank-at-least-15-3^{1+4}:2-PGL-972-0-index-2-dimension-2",
          targetOrder := 2916,
          targetPosition := 53 ), rec(
          familyDimension := 3,
          method := "abstract SmallGroup IDs",
          reason := 
           "the documented abstract target has no subgroup of the documented s\
ource type",
          sourceKey := "liftable-abelian-1-PGL-6-2-index-6-dimension-3",
          sourceOrder := 18,
          sourcePosition := 117,
          status := "no_embedding",
          targetKey := "liftable-abelian-1-PGL-12-2-index-12-dimension-3",
          targetOrder := 36,
          targetPosition := 110 ), rec(
          familyDimension := 3,
          method := "abstract SmallGroup IDs",
          reason := 
           "the documented abstract target has no subgroup of the documented s\
ource type",
          sourceKey := "liftable-abelian-1-PGL-6-2-index-6-dimension-3",
          sourceOrder := 18,
          sourcePosition := 117,
          status := "no_embedding",
          targetKey := 
           "liftable-abelian-1-PGL-12-2-index-12-dimension-3-representation-2"
           ,
          targetOrder := 36,
          targetPosition := 111 ), rec(
          familyDimension := 3,
          method := "abstract SmallGroup IDs",
          reason := 
           "the documented abstract target has no subgroup of the documented s\
ource type",
          sourceKey := "liftable-abelian-1-PGL-6-2-index-6-dimension-3",
          sourceOrder := 18,
          sourcePosition := 117,
          status := "no_embedding",
          targetKey := "liftable-abelian-C2-PGL-12-5-index-6-dimension-3",
          targetOrder := 36,
          targetPosition := 112 ), rec(
          familyDimension := 3,
          method := "abstract SmallGroup IDs",
          reason := 
           "the documented abstract target has no subgroup of the documented s\
ource type",
          sourceKey := "liftable-abelian-1-PGL-6-2-index-6-dimension-3",
          sourceOrder := 18,
          sourcePosition := 117,
          status := "no_embedding",
          targetKey := "small-nonabelian-C2^2-PGL-12-3-index-3-dimension-3",
          targetOrder := 36,
          targetPosition := 141 ), rec(
          familyDimension := 3,
          method := "abstract SmallGroup IDs",
          reason := 
           "the documented abstract target has no subgroup of the documented s\
ource type",
          sourceKey := "liftable-abelian-1-PGL-6-2-index-6-dimension-3",
          sourceOrder := 18,
          sourcePosition := 117,
          status := "no_embedding",
          targetKey := "small-nonabelian-S3-PGL-12-4-index-2-dimension-3",
          targetOrder := 36,
          targetPosition := 156 ), rec(
          familyDimension := 3,
          method := "abstract SmallGroup IDs",
          reason := 
           "the documented abstract target has no subgroup of the documented s\
ource type",
          sourceKey := "liftable-abelian-1-PGL-6-2-index-6-dimension-3",
          sourceOrder := 18,
          sourcePosition := 117,
          status := "no_embedding",
          targetKey := 
           "small-nonabelian-S3-PGL-12-4-index-2-dimension-3-representation-2"
           ,
          targetOrder := 36,
          targetPosition := 157 ), rec(
          familyDimension := 3,
          method := "abstract SmallGroup IDs",
          reason := 
           "the documented abstract target has no subgroup of the documented s\
ource type",
          sourceKey := "liftable-abelian-1-PGL-6-2-index-6-dimension-3",
          sourceOrder := 18,
          sourcePosition := 117,
          status := "no_embedding",
          targetKey := "small-nonabelian-C3-PGL-18-3-index-6-dimension-3",
          targetOrder := 54,
          targetPosition := 139 ), rec(
          familyDimension := 3,
          method := "abstract SmallGroup IDs",
          reason := 
           "the documented abstract target has no subgroup of the documented s\
ource type",
          sourceKey := "liftable-abelian-1-PGL-6-2-index-6-dimension-3",
          sourceOrder := 18,
          sourcePosition := 117,
          status := "no_embedding",
          targetKey := "small-nonabelian-S3-PGL-18-3-index-3-dimension-3",
          targetOrder := 54,
          targetPosition := 160 ), rec(
          familyDimension := 3,
          method := "abstract SmallGroup IDs",
          reason := 
           "the documented abstract target has no subgroup of the documented s\
ource type",
          sourceKey := "liftable-abelian-1-PGL-6-2-index-6-dimension-3",
          sourceOrder := 18,
          sourcePosition := 117,
          status := "no_embedding",
          targetKey := "rank-at-least-15-S_4-PGL-24-0-index-1-dimension-3",
          targetOrder := 72,
          targetPosition := 29 ), rec(
          familyDimension := 3,
          method := "abstract SmallGroup IDs",
          reason := 
           "the documented abstract target has no subgroup of the documented s\
ource type",
          sourceKey := "liftable-abelian-1-PGL-6-2-index-6-dimension-3",
          sourceOrder := 18,
          sourcePosition := 117,
          status := "no_embedding",
          targetKey := "rank-at-least-15-A_4-PGL-24-13-index-2-dimension-3",
          targetOrder := 72,
          targetPosition := 10 ), rec(
          familyDimension := 3,
          method := "abstract SmallGroup IDs",
          reason := 
           "the documented abstract target has no subgroup of the documented s\
ource type",
          sourceKey := "liftable-abelian-1-PGL-6-2-index-6-dimension-3",
          sourceOrder := 18,
          sourcePosition := 117,
          status := "no_embedding",
          targetKey := "small-nonabelian-C2^2-PGL-24-10-index-6-dimension-3",
          targetOrder := 72,
          targetPosition := 147 ), rec(
          familyDimension := 3,
          method := "abstract SmallGroup IDs",
          reason := 
           "the documented abstract target has no subgroup of the documented s\
ource type",
          sourceKey := "liftable-abelian-1-PGL-6-2-index-6-dimension-3",
          sourceOrder := 18,
          sourcePosition := 117,
          status := "no_embedding",
          targetKey := "small-nonabelian-S3-PGL-24-5-index-4-dimension-3",
          targetOrder := 72,
          targetPosition := 166 ), rec(
          familyDimension := 3,
          method := "abstract SmallGroup IDs",
          reason := 
           "the documented abstract target has no subgroup of the documented s\
ource type",
          sourceKey := "liftable-abelian-1-PGL-6-2-index-6-dimension-3",
          sourceOrder := 18,
          sourcePosition := 117,
          status := "no_embedding",
          targetKey := "small-nonabelian-S3-PGL-36-12-index-6-dimension-3",
          targetOrder := 108,
          targetPosition := 167 ), rec(
          familyDimension := 3,
          method := "abstract SmallGroup IDs",
          reason := 
           "the documented abstract target has no subgroup of the documented s\
ource type",
          sourceKey := "liftable-abelian-1-PGL-6-2-index-6-dimension-3",
          sourceOrder := 18,
          sourcePosition := 117,
          status := "no_embedding",
          targetKey := 
           "small-nonabelian-S3-PGL-36-12-index-6-dimension-3-representation-2\
",
          targetOrder := 108,
          targetPosition := 168 ), rec(
          familyDimension := 3,
          method := "abstract SmallGroup IDs",
          reason := 
           "the documented abstract target has no subgroup of the documented s\
ource type",
          sourceKey := "liftable-abelian-1-PGL-6-2-index-6-dimension-3",
          sourceOrder := 18,
          sourcePosition := 117,
          status := "no_embedding",
          targetKey := "rank-at-least-15-S_4-PGL-48-0-index-2-dimension-3",
          targetOrder := 144,
          targetPosition := 28 ), rec(
          familyDimension := 3,
          method := "abstract SmallGroup IDs",
          reason := 
           "the documented abstract target has no subgroup of the documented s\
ource type",
          sourceKey := "liftable-abelian-1-PGL-8-1-index-8-dimension-3",
          sourceOrder := 24,
          sourcePosition := 114,
          status := "no_embedding",
          targetKey := "rank-at-least-15-D_8-PGL-16-13-index-2-dimension-3",
          targetOrder := 48,
          targetPosition := 3 ), rec(
          familyDimension := 3,
          method := "abstract SmallGroup IDs",
          reason := 
           "the documented abstract target has no subgroup of the documented s\
ource type",
          sourceKey := "liftable-abelian-1-PGL-8-1-index-8-dimension-3",
          sourceOrder := 24,
          sourcePosition := 114,
          status := "no_embedding",
          targetKey := "rank-at-least-15-S_4-PGL-24-0-index-1-dimension-3",
          targetOrder := 72,
          targetPosition := 29 ), rec(
          familyDimension := 3,
          method := "abstract SmallGroup IDs",
          reason := 
           "the documented abstract target has no subgroup of the documented s\
ource type",
          sourceKey := "liftable-abelian-1-PGL-8-1-index-8-dimension-3",
          sourceOrder := 24,
          sourcePosition := 114,
          status := "no_embedding",
          targetKey := "rank-at-least-15-A_4-PGL-24-13-index-2-dimension-3",
          targetOrder := 72,
          targetPosition := 10 ), rec(
          familyDimension := 3,
          method := "abstract SmallGroup IDs",
          reason := 
           "the documented abstract target has no subgroup of the documented s\
ource type",
          sourceKey := "liftable-abelian-1-PGL-8-1-index-8-dimension-3",
          sourceOrder := 24,
          sourcePosition := 114,
          status := "no_embedding",
          targetKey := "small-nonabelian-C2^2-PGL-24-10-index-6-dimension-3",
          targetOrder := 72,
          targetPosition := 147 ), rec(
          familyDimension := 3,
          method := "abstract SmallGroup IDs",
          reason := 
           "the documented abstract target has no subgroup of the documented s\
ource type",
          sourceKey := "liftable-abelian-1-PGL-8-1-index-8-dimension-3",
          sourceOrder := 24,
          sourcePosition := 114,
          status := "no_embedding",
          targetKey := "small-nonabelian-S3-PGL-24-5-index-4-dimension-3",
          targetOrder := 72,
          targetPosition := 166 ), rec(
          familyDimension := 3,
          method := "abstract SmallGroup IDs",
          reason := 
           "the documented abstract target has no subgroup of the documented s\
ource type",
          sourceKey := "liftable-abelian-1-PGL-8-1-index-8-dimension-3",
          sourceOrder := 24,
          sourcePosition := 114,
          status := "no_embedding",
          targetKey := "rank-at-least-15-S_4-PGL-48-0-index-2-dimension-3",
          targetOrder := 144,
          targetPosition := 28 ), rec(
          familyDimension := 3,
          method := "abstract SmallGroup IDs",
          reason := 
           "the documented abstract target has no subgroup of the documented s\
ource type",
          sourceKey := 
           "liftable-abelian-1-PGL-8-1-index-8-dimension-3-representation-2",
          sourceOrder := 24,
          sourcePosition := 115,
          status := "no_embedding",
          targetKey := "rank-at-least-15-D_8-PGL-16-13-index-2-dimension-3",
          targetOrder := 48,
          targetPosition := 3 ), rec(
          familyDimension := 3,
          method := "abstract SmallGroup IDs",
          reason := 
           "the documented abstract target has no subgroup of the documented s\
ource type",
          sourceKey := 
           "liftable-abelian-1-PGL-8-1-index-8-dimension-3-representation-2",
          sourceOrder := 24,
          sourcePosition := 115,
          status := "no_embedding",
          targetKey := "rank-at-least-15-S_4-PGL-24-0-index-1-dimension-3",
          targetOrder := 72,
          targetPosition := 29 ), rec(
          familyDimension := 3,
          method := "abstract SmallGroup IDs",
          reason := 
           "the documented abstract target has no subgroup of the documented s\
ource type",
          sourceKey := 
           "liftable-abelian-1-PGL-8-1-index-8-dimension-3-representation-2",
          sourceOrder := 24,
          sourcePosition := 115,
          status := "no_embedding",
          targetKey := "rank-at-least-15-A_4-PGL-24-13-index-2-dimension-3",
          targetOrder := 72,
          targetPosition := 10 ), rec(
          familyDimension := 3,
          method := "abstract SmallGroup IDs",
          reason := 
           "the documented abstract target has no subgroup of the documented s\
ource type",
          sourceKey := 
           "liftable-abelian-1-PGL-8-1-index-8-dimension-3-representation-2",
          sourceOrder := 24,
          sourcePosition := 115,
          status := "no_embedding",
          targetKey := "small-nonabelian-C2^2-PGL-24-10-index-6-dimension-3",
          targetOrder := 72,
          targetPosition := 147 ), rec(
          familyDimension := 3,
          method := "abstract SmallGroup IDs",
          reason := 
           "the documented abstract target has no subgroup of the documented s\
ource type",
          sourceKey := 
           "liftable-abelian-1-PGL-8-1-index-8-dimension-3-representation-2",
          sourceOrder := 24,
          sourcePosition := 115,
          status := "no_embedding",
          targetKey := "small-nonabelian-S3-PGL-24-5-index-4-dimension-3",
          targetOrder := 72,
          targetPosition := 166 ), rec(
          familyDimension := 3,
          method := "abstract SmallGroup IDs",
          reason := 
           "the documented abstract target has no subgroup of the documented s\
ource type",
          sourceKey := 
           "liftable-abelian-1-PGL-8-1-index-8-dimension-3-representation-2",
          sourceOrder := 24,
          sourcePosition := 115,
          status := "no_embedding",
          targetKey := "rank-at-least-15-S_4-PGL-48-0-index-2-dimension-3",
          targetOrder := 144,
          targetPosition := 28 ), rec(
          familyDimension := 3,
          method := "abstract SmallGroup IDs",
          reason := 
           "the documented abstract target has no subgroup of the documented s\
ource type",
          sourceKey := 
           "liftable-abelian-1-PGL-8-1-index-8-dimension-3-representation-3",
          sourceOrder := 24,
          sourcePosition := 116,
          status := "no_embedding",
          targetKey := "rank-at-least-15-D_8-PGL-16-13-index-2-dimension-3",
          targetOrder := 48,
          targetPosition := 3 ), rec(
          familyDimension := 3,
          method := "abstract SmallGroup IDs",
          reason := 
           "the documented abstract target has no subgroup of the documented s\
ource type",
          sourceKey := 
           "liftable-abelian-1-PGL-8-1-index-8-dimension-3-representation-3",
          sourceOrder := 24,
          sourcePosition := 116,
          status := "no_embedding",
          targetKey := "rank-at-least-15-S_4-PGL-24-0-index-1-dimension-3",
          targetOrder := 72,
          targetPosition := 29 ), rec(
          familyDimension := 3,
          method := "abstract SmallGroup IDs",
          reason := 
           "the documented abstract target has no subgroup of the documented s\
ource type",
          sourceKey := 
           "liftable-abelian-1-PGL-8-1-index-8-dimension-3-representation-3",
          sourceOrder := 24,
          sourcePosition := 116,
          status := "no_embedding",
          targetKey := "rank-at-least-15-A_4-PGL-24-13-index-2-dimension-3",
          targetOrder := 72,
          targetPosition := 10 ), rec(
          familyDimension := 3,
          method := "abstract SmallGroup IDs",
          reason := 
           "the documented abstract target has no subgroup of the documented s\
ource type",
          sourceKey := 
           "liftable-abelian-1-PGL-8-1-index-8-dimension-3-representation-3",
          sourceOrder := 24,
          sourcePosition := 116,
          status := "no_embedding",
          targetKey := "small-nonabelian-C2^2-PGL-24-10-index-6-dimension-3",
          targetOrder := 72,
          targetPosition := 147 ), rec(
          familyDimension := 3,
          method := "abstract SmallGroup IDs",
          reason := 
           "the documented abstract target has no subgroup of the documented s\
ource type",
          sourceKey := 
           "liftable-abelian-1-PGL-8-1-index-8-dimension-3-representation-3",
          sourceOrder := 24,
          sourcePosition := 116,
          status := "no_embedding",
          targetKey := "small-nonabelian-S3-PGL-24-5-index-4-dimension-3",
          targetOrder := 72,
          targetPosition := 166 ), rec(
          familyDimension := 3,
          method := "abstract SmallGroup IDs",
          reason := 
           "the documented abstract target has no subgroup of the documented s\
ource type",
          sourceKey := 
           "liftable-abelian-1-PGL-8-1-index-8-dimension-3-representation-3",
          sourceOrder := 24,
          sourcePosition := 116,
          status := "no_embedding",
          targetKey := "rank-at-least-15-S_4-PGL-48-0-index-2-dimension-3",
          targetOrder := 144,
          targetPosition := 28 ), rec(
          familyDimension := 3,
          method := "filter",
          reason := "weak_fingerprint",
          sourceKey := "small-nonabelian-C4-PGL-8-3-index-2-dimension-3",
          sourceOrder := 24,
          sourcePosition := 151,
          status := "no_embedding",
          targetKey := "rank-at-least-15-D_8-PGL-16-13-index-2-dimension-3",
          targetOrder := 48,
          targetPosition := 3 ), rec(
          familyDimension := 3,
          method := "filter",
          reason := "weak_fingerprint",
          sourceKey := "small-nonabelian-C4-PGL-8-3-index-2-dimension-3",
          sourceOrder := 24,
          sourcePosition := 151,
          status := "no_embedding",
          targetKey := "rank-at-least-15-S_4-PGL-24-0-index-1-dimension-3",
          targetOrder := 72,
          targetPosition := 29 ), rec(
          familyDimension := 3,
          method := "abstract SmallGroup IDs",
          reason := 
           "the documented abstract target has no subgroup of the documented s\
ource type",
          sourceKey := "small-nonabelian-C4-PGL-8-3-index-2-dimension-3",
          sourceOrder := 24,
          sourcePosition := 151,
          status := "no_embedding",
          targetKey := "rank-at-least-15-A_4-PGL-24-13-index-2-dimension-3",
          targetOrder := 72,
          targetPosition := 10 ), rec(
          familyDimension := 3,
          method := "filter",
          reason := "weak_fingerprint",
          sourceKey := "small-nonabelian-C4-PGL-8-3-index-2-dimension-3",
          sourceOrder := 24,
          sourcePosition := 151,
          status := "no_embedding",
          targetKey := "small-nonabelian-C2^2-PGL-24-10-index-6-dimension-3",
          targetOrder := 72,
          targetPosition := 147 ), rec(
          familyDimension := 3,
          method := "abstract SmallGroup IDs",
          reason := 
           "the documented abstract target has no subgroup of the documented s\
ource type",
          sourceKey := "small-nonabelian-C4-PGL-8-3-index-2-dimension-3",
          sourceOrder := 24,
          sourcePosition := 151,
          status := "no_embedding",
          targetKey := "small-nonabelian-S3-PGL-24-5-index-4-dimension-3",
          targetOrder := 72,
          targetPosition := 166 ), rec(
          familyDimension := 3,
          method := "filter",
          reason := "weak_fingerprint",
          sourceKey := "small-nonabelian-C4-PGL-8-3-index-2-dimension-3",
          sourceOrder := 24,
          sourcePosition := 151,
          status := "no_embedding",
          targetKey := "rank-at-least-15-S_4-PGL-48-0-index-2-dimension-3",
          targetOrder := 144,
          targetPosition := 28 ), rec(
          familyDimension := 3,
          method := "filter",
          reason := "weak_fingerprint",
          sourceKey := "liftable-abelian-C3-PGL-9-2-index-3-dimension-3",
          sourceOrder := 27,
          sourcePosition := 113,
          status := "no_embedding",
          targetKey := "small-nonabelian-C3-PGL-18-3-index-6-dimension-3",
          targetOrder := 54,
          targetPosition := 139 ), rec(
          familyDimension := 3,
          method := "filter",
          reason := "weak_fingerprint",
          sourceKey := "liftable-abelian-C3-PGL-9-2-index-3-dimension-3",
          sourceOrder := 27,
          sourcePosition := 113,
          status := "no_embedding",
          targetKey := "small-nonabelian-S3-PGL-18-3-index-3-dimension-3",
          targetOrder := 54,
          targetPosition := 160 ), rec(
          familyDimension := 3,
          method := "filter",
          reason := "weak_fingerprint",
          sourceKey := "liftable-abelian-C3-PGL-9-2-index-3-dimension-3",
          sourceOrder := 27,
          sourcePosition := 113,
          status := "no_embedding",
          targetKey := "small-nonabelian-S3-PGL-36-12-index-6-dimension-3",
          targetOrder := 108,
          targetPosition := 167 ), rec(
          familyDimension := 3,
          method := "filter",
          reason := "weak_fingerprint",
          sourceKey := "liftable-abelian-C3-PGL-9-2-index-3-dimension-3",
          sourceOrder := 27,
          sourcePosition := 113,
          status := "no_embedding",
          targetKey := 
           "small-nonabelian-S3-PGL-36-12-index-6-dimension-3-representation-2\
",
          targetOrder := 108,
          targetPosition := 168 ), rec(
          familyDimension := 3,
          method := "abstract SmallGroup IDs",
          reason := 
           "the documented abstract target has no subgroup of the documented s\
ource type",
          sourceKey := "liftable-abelian-1-PGL-12-2-index-12-dimension-3",
          sourceOrder := 36,
          sourcePosition := 110,
          status := "no_embedding",
          targetKey := "rank-at-least-15-S_4-PGL-24-0-index-1-dimension-3",
          targetOrder := 72,
          targetPosition := 29 ), rec(
          familyDimension := 3,
          method := "abstract SmallGroup IDs",
          reason := 
           "the documented abstract target has no subgroup of the documented s\
ource type",
          sourceKey := "liftable-abelian-1-PGL-12-2-index-12-dimension-3",
          sourceOrder := 36,
          sourcePosition := 110,
          status := "no_embedding",
          targetKey := "rank-at-least-15-A_4-PGL-24-13-index-2-dimension-3",
          targetOrder := 72,
          targetPosition := 10 ), rec(
          familyDimension := 3,
          method := "filter",
          reason := "weak_fingerprint",
          sourceKey := "liftable-abelian-1-PGL-12-2-index-12-dimension-3",
          sourceOrder := 36,
          sourcePosition := 110,
          status := "no_embedding",
          targetKey := "small-nonabelian-C2^2-PGL-24-10-index-6-dimension-3",
          targetOrder := 72,
          targetPosition := 147 ), rec(
          familyDimension := 3,
          method := "filter",
          reason := "weak_fingerprint",
          sourceKey := "liftable-abelian-1-PGL-12-2-index-12-dimension-3",
          sourceOrder := 36,
          sourcePosition := 110,
          status := "no_embedding",
          targetKey := "small-nonabelian-S3-PGL-24-5-index-4-dimension-3",
          targetOrder := 72,
          targetPosition := 166 ), rec(
          familyDimension := 3,
          method := "abstract SmallGroup IDs",
          reason := 
           "the documented abstract target has no subgroup of the documented s\
ource type",
          sourceKey := "liftable-abelian-1-PGL-12-2-index-12-dimension-3",
          sourceOrder := 36,
          sourcePosition := 110,
          status := "no_embedding",
          targetKey := "small-nonabelian-S3-PGL-36-12-index-6-dimension-3",
          targetOrder := 108,
          targetPosition := 167 ), rec(
          familyDimension := 3,
          method := "abstract SmallGroup IDs",
          reason := 
           "the documented abstract target has no subgroup of the documented s\
ource type",
          sourceKey := "liftable-abelian-1-PGL-12-2-index-12-dimension-3",
          sourceOrder := 36,
          sourcePosition := 110,
          status := "no_embedding",
          targetKey := 
           "small-nonabelian-S3-PGL-36-12-index-6-dimension-3-representation-2\
",
          targetOrder := 108,
          targetPosition := 168 ), rec(
          familyDimension := 3,
          method := "abstract SmallGroup IDs",
          reason := 
           "the documented abstract target has no subgroup of the documented s\
ource type",
          sourceKey := "liftable-abelian-1-PGL-12-2-index-12-dimension-3",
          sourceOrder := 36,
          sourcePosition := 110,
          status := "no_embedding",
          targetKey := "rank-at-least-15-S_4-PGL-48-0-index-2-dimension-3",
          targetOrder := 144,
          targetPosition := 28 ), rec(
          familyDimension := 3,
          method := "abstract SmallGroup IDs",
          reason := 
           "the documented abstract target has no subgroup of the documented s\
ource type",
          sourceKey := 
           "liftable-abelian-1-PGL-12-2-index-12-dimension-3-representation-2"
           ,
          sourceOrder := 36,
          sourcePosition := 111,
          status := "no_embedding",
          targetKey := "rank-at-least-15-S_4-PGL-24-0-index-1-dimension-3",
          targetOrder := 72,
          targetPosition := 29 ), rec(
          familyDimension := 3,
          method := "abstract SmallGroup IDs",
          reason := 
           "the documented abstract target has no subgroup of the documented s\
ource type",
          sourceKey := 
           "liftable-abelian-1-PGL-12-2-index-12-dimension-3-representation-2"
           ,
          sourceOrder := 36,
          sourcePosition := 111,
          status := "no_embedding",
          targetKey := "rank-at-least-15-A_4-PGL-24-13-index-2-dimension-3",
          targetOrder := 72,
          targetPosition := 10 ), rec(
          familyDimension := 3,
          method := "filter",
          reason := "weak_fingerprint",
          sourceKey := 
           "liftable-abelian-1-PGL-12-2-index-12-dimension-3-representation-2"
           ,
          sourceOrder := 36,
          sourcePosition := 111,
          status := "no_embedding",
          targetKey := "small-nonabelian-C2^2-PGL-24-10-index-6-dimension-3",
          targetOrder := 72,
          targetPosition := 147 ), rec(
          familyDimension := 3,
          method := "filter",
          reason := "weak_fingerprint",
          sourceKey := 
           "liftable-abelian-1-PGL-12-2-index-12-dimension-3-representation-2"
           ,
          sourceOrder := 36,
          sourcePosition := 111,
          status := "no_embedding",
          targetKey := "small-nonabelian-S3-PGL-24-5-index-4-dimension-3",
          targetOrder := 72,
          targetPosition := 166 ), rec(
          familyDimension := 3,
          method := "abstract SmallGroup IDs",
          reason := 
           "the documented abstract target has no subgroup of the documented s\
ource type",
          sourceKey := 
           "liftable-abelian-1-PGL-12-2-index-12-dimension-3-representation-2"
           ,
          sourceOrder := 36,
          sourcePosition := 111,
          status := "no_embedding",
          targetKey := "small-nonabelian-S3-PGL-36-12-index-6-dimension-3",
          targetOrder := 108,
          targetPosition := 167 ), rec(
          familyDimension := 3,
          method := "abstract SmallGroup IDs",
          reason := 
           "the documented abstract target has no subgroup of the documented s\
ource type",
          sourceKey := 
           "liftable-abelian-1-PGL-12-2-index-12-dimension-3-representation-2"
           ,
          sourceOrder := 36,
          sourcePosition := 111,
          status := "no_embedding",
          targetKey := 
           "small-nonabelian-S3-PGL-36-12-index-6-dimension-3-representation-2\
",
          targetOrder := 108,
          targetPosition := 168 ), rec(
          familyDimension := 3,
          method := "abstract SmallGroup IDs",
          reason := 
           "the documented abstract target has no subgroup of the documented s\
ource type",
          sourceKey := 
           "liftable-abelian-1-PGL-12-2-index-12-dimension-3-representation-2"
           ,
          sourceOrder := 36,
          sourcePosition := 111,
          status := "no_embedding",
          targetKey := "rank-at-least-15-S_4-PGL-48-0-index-2-dimension-3",
          targetOrder := 144,
          targetPosition := 28 ), rec(
          familyDimension := 3,
          method := "abstract SmallGroup IDs",
          reason := 
           "the documented abstract target has no subgroup of the documented s\
ource type",
          sourceKey := "liftable-abelian-C2-PGL-12-5-index-6-dimension-3",
          sourceOrder := 36,
          sourcePosition := 112,
          status := "no_embedding",
          targetKey := "rank-at-least-15-S_4-PGL-24-0-index-1-dimension-3",
          targetOrder := 72,
          targetPosition := 29 ), rec(
          familyDimension := 3,
          method := "abstract SmallGroup IDs",
          reason := 
           "the documented abstract target has no subgroup of the documented s\
ource type",
          sourceKey := "liftable-abelian-C2-PGL-12-5-index-6-dimension-3",
          sourceOrder := 36,
          sourcePosition := 112,
          status := "no_embedding",
          targetKey := "rank-at-least-15-A_4-PGL-24-13-index-2-dimension-3",
          targetOrder := 72,
          targetPosition := 10 ), rec(
          familyDimension := 3,
          method := "filter",
          reason := "weak_fingerprint",
          sourceKey := "liftable-abelian-C2-PGL-12-5-index-6-dimension-3",
          sourceOrder := 36,
          sourcePosition := 112,
          status := "no_embedding",
          targetKey := "small-nonabelian-C2^2-PGL-24-10-index-6-dimension-3",
          targetOrder := 72,
          targetPosition := 147 ), rec(
          familyDimension := 3,
          method := "abstract SmallGroup IDs",
          reason := 
           "the documented abstract target has no subgroup of the documented s\
ource type",
          sourceKey := "liftable-abelian-C2-PGL-12-5-index-6-dimension-3",
          sourceOrder := 36,
          sourcePosition := 112,
          status := "no_embedding",
          targetKey := "small-nonabelian-S3-PGL-24-5-index-4-dimension-3",
          targetOrder := 72,
          targetPosition := 166 ), rec(
          familyDimension := 3,
          method := "filter",
          reason := "weak_fingerprint",
          sourceKey := "liftable-abelian-C2-PGL-12-5-index-6-dimension-3",
          sourceOrder := 36,
          sourcePosition := 112,
          status := "no_embedding",
          targetKey := "small-nonabelian-S3-PGL-36-12-index-6-dimension-3",
          targetOrder := 108,
          targetPosition := 167 ), rec(
          familyDimension := 3,
          method := "filter",
          reason := "weak_fingerprint",
          sourceKey := "liftable-abelian-C2-PGL-12-5-index-6-dimension-3",
          sourceOrder := 36,
          sourcePosition := 112,
          status := "no_embedding",
          targetKey := 
           "small-nonabelian-S3-PGL-36-12-index-6-dimension-3-representation-2\
",
          targetOrder := 108,
          targetPosition := 168 ), rec(
          familyDimension := 3,
          method := "abstract SmallGroup IDs",
          reason := 
           "the documented abstract target has no subgroup of the documented s\
ource type",
          sourceKey := "liftable-abelian-C2-PGL-12-5-index-6-dimension-3",
          sourceOrder := 36,
          sourcePosition := 112,
          status := "no_embedding",
          targetKey := "rank-at-least-15-S_4-PGL-48-0-index-2-dimension-3",
          targetOrder := 144,
          targetPosition := 28 ), rec(
          familyDimension := 3,
          method := "filter",
          reason := "weak_fingerprint",
          sourceKey := "small-nonabelian-C2^2-PGL-12-3-index-3-dimension-3",
          sourceOrder := 36,
          sourcePosition := 141,
          status := "no_embedding",
          targetKey := "rank-at-least-15-S_4-PGL-24-0-index-1-dimension-3",
          targetOrder := 72,
          targetPosition := 29 ), rec(
          familyDimension := 3,
          method := "filter",
          reason := "weak_fingerprint",
          sourceKey := "small-nonabelian-C2^2-PGL-12-3-index-3-dimension-3",
          sourceOrder := 36,
          sourcePosition := 141,
          status := "no_embedding",
          targetKey := "rank-at-least-15-A_4-PGL-24-13-index-2-dimension-3",
          targetOrder := 72,
          targetPosition := 10 ), rec(
          familyDimension := 3,
          method := "abstract SmallGroup IDs",
          reason := 
           "the documented abstract target has no subgroup of the documented s\
ource type",
          sourceKey := "small-nonabelian-C2^2-PGL-12-3-index-3-dimension-3",
          sourceOrder := 36,
          sourcePosition := 141,
          status := "no_embedding",
          targetKey := "small-nonabelian-C2^2-PGL-24-10-index-6-dimension-3",
          targetOrder := 72,
          targetPosition := 147 ), rec(
          familyDimension := 3,
          method := "abstract SmallGroup IDs",
          reason := 
           "the documented abstract target has no subgroup of the documented s\
ource type",
          sourceKey := "small-nonabelian-C2^2-PGL-12-3-index-3-dimension-3",
          sourceOrder := 36,
          sourcePosition := 141,
          status := "no_embedding",
          targetKey := "small-nonabelian-S3-PGL-24-5-index-4-dimension-3",
          targetOrder := 72,
          targetPosition := 166 ), rec(
          familyDimension := 3,
          method := "abstract SmallGroup IDs",
          reason := 
           "the documented abstract target has no subgroup of the documented s\
ource type",
          sourceKey := "small-nonabelian-C2^2-PGL-12-3-index-3-dimension-3",
          sourceOrder := 36,
          sourcePosition := 141,
          status := "no_embedding",
          targetKey := "small-nonabelian-S3-PGL-36-12-index-6-dimension-3",
          targetOrder := 108,
          targetPosition := 167 ), rec(
          familyDimension := 3,
          method := "abstract SmallGroup IDs",
          reason := 
           "the documented abstract target has no subgroup of the documented s\
ource type",
          sourceKey := "small-nonabelian-C2^2-PGL-12-3-index-3-dimension-3",
          sourceOrder := 36,
          sourcePosition := 141,
          status := "no_embedding",
          targetKey := 
           "small-nonabelian-S3-PGL-36-12-index-6-dimension-3-representation-2\
",
          targetOrder := 108,
          targetPosition := 168 ), rec(
          familyDimension := 3,
          method := "filter",
          reason := "weak_fingerprint",
          sourceKey := "small-nonabelian-C2^2-PGL-12-3-index-3-dimension-3",
          sourceOrder := 36,
          sourcePosition := 141,
          status := "no_embedding",
          targetKey := "rank-at-least-15-S_4-PGL-48-0-index-2-dimension-3",
          targetOrder := 144,
          targetPosition := 28 ), rec(
          familyDimension := 3,
          method := "abstract SmallGroup IDs",
          reason := 
           "the documented abstract target has no subgroup of the documented s\
ource type",
          sourceKey := "small-nonabelian-S3-PGL-12-4-index-2-dimension-3",
          sourceOrder := 36,
          sourcePosition := 156,
          status := "no_embedding",
          targetKey := "rank-at-least-15-S_4-PGL-24-0-index-1-dimension-3",
          targetOrder := 72,
          targetPosition := 29 ), rec(
          familyDimension := 3,
          method := "abstract SmallGroup IDs",
          reason := 
           "the documented abstract target has no subgroup of the documented s\
ource type",
          sourceKey := "small-nonabelian-S3-PGL-12-4-index-2-dimension-3",
          sourceOrder := 36,
          sourcePosition := 156,
          status := "no_embedding",
          targetKey := "rank-at-least-15-A_4-PGL-24-13-index-2-dimension-3",
          targetOrder := 72,
          targetPosition := 10 ), rec(
          familyDimension := 3,
          method := "abstract SmallGroup IDs",
          reason := 
           "the documented abstract target has no subgroup of the documented s\
ource type",
          sourceKey := "small-nonabelian-S3-PGL-12-4-index-2-dimension-3",
          sourceOrder := 36,
          sourcePosition := 156,
          status := "no_embedding",
          targetKey := "small-nonabelian-C2^2-PGL-24-10-index-6-dimension-3",
          targetOrder := 72,
          targetPosition := 147 ), rec(
          familyDimension := 3,
          method := "filter",
          reason := "weak_fingerprint",
          sourceKey := "small-nonabelian-S3-PGL-12-4-index-2-dimension-3",
          sourceOrder := 36,
          sourcePosition := 156,
          status := "no_embedding",
          targetKey := "small-nonabelian-S3-PGL-24-5-index-4-dimension-3",
          targetOrder := 72,
          targetPosition := 166 ), rec(
          familyDimension := 3,
          method := "filter",
          reason := "weak_fingerprint",
          sourceKey := "small-nonabelian-S3-PGL-12-4-index-2-dimension-3",
          sourceOrder := 36,
          sourcePosition := 156,
          status := "no_embedding",
          targetKey := "small-nonabelian-S3-PGL-36-12-index-6-dimension-3",
          targetOrder := 108,
          targetPosition := 167 ), rec(
          familyDimension := 3,
          method := "filter",
          reason := "weak_fingerprint",
          sourceKey := "small-nonabelian-S3-PGL-12-4-index-2-dimension-3",
          sourceOrder := 36,
          sourcePosition := 156,
          status := "no_embedding",
          targetKey := 
           "small-nonabelian-S3-PGL-36-12-index-6-dimension-3-representation-2\
",
          targetOrder := 108,
          targetPosition := 168 ), rec(
          familyDimension := 3,
          method := "filter",
          reason := "weak_fingerprint",
          sourceKey := "small-nonabelian-S3-PGL-12-4-index-2-dimension-3",
          sourceOrder := 36,
          sourcePosition := 156,
          status := "no_embedding",
          targetKey := "rank-at-least-15-S_4-PGL-48-0-index-2-dimension-3",
          targetOrder := 144,
          targetPosition := 28 ), rec(
          familyDimension := 3,
          method := "abstract SmallGroup IDs",
          reason := 
           "the documented abstract target has no subgroup of the documented s\
ource type",
          sourceKey := 
           "small-nonabelian-S3-PGL-12-4-index-2-dimension-3-representation-2"
           ,
          sourceOrder := 36,
          sourcePosition := 157,
          status := "no_embedding",
          targetKey := "rank-at-least-15-S_4-PGL-24-0-index-1-dimension-3",
          targetOrder := 72,
          targetPosition := 29 ), rec(
          familyDimension := 3,
          method := "abstract SmallGroup IDs",
          reason := 
           "the documented abstract target has no subgroup of the documented s\
ource type",
          sourceKey := 
           "small-nonabelian-S3-PGL-12-4-index-2-dimension-3-representation-2"
           ,
          sourceOrder := 36,
          sourcePosition := 157,
          status := "no_embedding",
          targetKey := "rank-at-least-15-A_4-PGL-24-13-index-2-dimension-3",
          targetOrder := 72,
          targetPosition := 10 ), rec(
          familyDimension := 3,
          method := "abstract SmallGroup IDs",
          reason := 
           "the documented abstract target has no subgroup of the documented s\
ource type",
          sourceKey := 
           "small-nonabelian-S3-PGL-12-4-index-2-dimension-3-representation-2"
           ,
          sourceOrder := 36,
          sourcePosition := 157,
          status := "no_embedding",
          targetKey := "small-nonabelian-C2^2-PGL-24-10-index-6-dimension-3",
          targetOrder := 72,
          targetPosition := 147 ), rec(
          familyDimension := 3,
          method := "filter",
          reason := "weak_fingerprint",
          sourceKey := 
           "small-nonabelian-S3-PGL-12-4-index-2-dimension-3-representation-2"
           ,
          sourceOrder := 36,
          sourcePosition := 157,
          status := "no_embedding",
          targetKey := "small-nonabelian-S3-PGL-24-5-index-4-dimension-3",
          targetOrder := 72,
          targetPosition := 166 ), rec(
          familyDimension := 3,
          method := "filter",
          reason := "weak_fingerprint",
          sourceKey := 
           "small-nonabelian-S3-PGL-12-4-index-2-dimension-3-representation-2"
           ,
          sourceOrder := 36,
          sourcePosition := 157,
          status := "no_embedding",
          targetKey := "small-nonabelian-S3-PGL-36-12-index-6-dimension-3",
          targetOrder := 108,
          targetPosition := 167 ), rec(
          familyDimension := 3,
          method := "filter",
          reason := "weak_fingerprint",
          sourceKey := 
           "small-nonabelian-S3-PGL-12-4-index-2-dimension-3-representation-2"
           ,
          sourceOrder := 36,
          sourcePosition := 157,
          status := "no_embedding",
          targetKey := 
           "small-nonabelian-S3-PGL-36-12-index-6-dimension-3-representation-2\
",
          targetOrder := 108,
          targetPosition := 168 ), rec(
          familyDimension := 3,
          method := "filter",
          reason := "weak_fingerprint",
          sourceKey := 
           "small-nonabelian-S3-PGL-12-4-index-2-dimension-3-representation-2"
           ,
          sourceOrder := 36,
          sourcePosition := 157,
          status := "no_embedding",
          targetKey := "rank-at-least-15-S_4-PGL-48-0-index-2-dimension-3",
          targetOrder := 144,
          targetPosition := 28 ), rec(
          familyDimension := 3,
          method := "abstract SmallGroup IDs",
          reason := 
           "the documented abstract target has no subgroup of the documented s\
ource type",
          sourceKey := "rank-at-least-15-D_8-PGL-16-13-index-2-dimension-3",
          sourceOrder := 48,
          sourcePosition := 3,
          status := "no_embedding",
          targetKey := "rank-at-least-15-S_4-PGL-48-0-index-2-dimension-3",
          targetOrder := 144,
          targetPosition := 28 ), rec(
          familyDimension := 3,
          method := "filter",
          reason := "weak_fingerprint",
          sourceKey := "small-nonabelian-C3-PGL-18-3-index-6-dimension-3",
          sourceOrder := 54,
          sourcePosition := 139,
          status := "no_embedding",
          targetKey := "small-nonabelian-S3-PGL-36-12-index-6-dimension-3",
          targetOrder := 108,
          targetPosition := 167 ), rec(
          familyDimension := 3,
          method := "filter",
          reason := "weak_fingerprint",
          sourceKey := "small-nonabelian-C3-PGL-18-3-index-6-dimension-3",
          sourceOrder := 54,
          sourcePosition := 139,
          status := "no_embedding",
          targetKey := 
           "small-nonabelian-S3-PGL-36-12-index-6-dimension-3-representation-2\
",
          targetOrder := 108,
          targetPosition := 168 ), rec(
          familyDimension := 3,
          method := "filter",
          reason := "weak_fingerprint",
          sourceKey := "small-nonabelian-S3-PGL-18-3-index-3-dimension-3",
          sourceOrder := 54,
          sourcePosition := 160,
          status := "no_embedding",
          targetKey := "small-nonabelian-S3-PGL-36-12-index-6-dimension-3",
          targetOrder := 108,
          targetPosition := 167 ), rec(
          familyDimension := 3,
          method := "filter",
          reason := "weak_fingerprint",
          sourceKey := "small-nonabelian-S3-PGL-18-3-index-3-dimension-3",
          sourceOrder := 54,
          sourcePosition := 160,
          status := "no_embedding",
          targetKey := 
           "small-nonabelian-S3-PGL-36-12-index-6-dimension-3-representation-2\
",
          targetOrder := 108,
          targetPosition := 168 ), rec(
          familyDimension := 3,
          method := "filter",
          reason := "weak_fingerprint",
          sourceKey := "rank-at-least-15-A_4-PGL-24-13-index-2-dimension-3",
          sourceOrder := 72,
          sourcePosition := 10,
          status := "no_embedding",
          targetKey := "rank-at-least-15-S_4-PGL-48-0-index-2-dimension-3",
          targetOrder := 144,
          targetPosition := 28 ), rec(
          familyDimension := 3,
          method := "abstract SmallGroup IDs",
          reason := 
           "the documented abstract target has no subgroup of the documented s\
ource type",
          sourceKey := "small-nonabelian-C2^2-PGL-24-10-index-6-dimension-3",
          sourceOrder := 72,
          sourcePosition := 147,
          status := "no_embedding",
          targetKey := "rank-at-least-15-S_4-PGL-48-0-index-2-dimension-3",
          targetOrder := 144,
          targetPosition := 28 ), rec(
          familyDimension := 3,
          method := "abstract SmallGroup IDs",
          reason := 
           "the documented abstract target has no subgroup of the documented s\
ource type",
          sourceKey := "small-nonabelian-S3-PGL-24-5-index-4-dimension-3",
          sourceOrder := 72,
          sourcePosition := 166,
          status := "no_embedding",
          targetKey := "rank-at-least-15-S_4-PGL-48-0-index-2-dimension-3",
          targetOrder := 144,
          targetPosition := 28 ), rec(
          familyDimension := 4,
          method := "filter",
          reason := "weak_fingerprint",
          sourceKey := "liftable-abelian-C2-PGL-4-1-index-2-dimension-4",
          sourceOrder := 12,
          sourcePosition := 109,
          status := "no_embedding",
          targetKey := "liftable-abelian-C2-PGL-8-2-index-4-dimension-4",
          targetOrder := 24,
          targetPosition := 103 ), rec(
          familyDimension := 4,
          method := "abstract SmallGroup IDs",
          reason := 
           "the documented abstract target has no subgroup of the documented s\
ource type",
          sourceKey := "liftable-abelian-1-PGL-6-2-index-6-dimension-4",
          sourceOrder := 18,
          sourcePosition := 105,
          status := "no_embedding",
          targetKey := "rank-at-least-15-A_4-PGL-12-0-index-1-dimension-4",
          targetOrder := 36,
          targetPosition := 9 ), rec(
          familyDimension := 4,
          method := "filter",
          reason := "weak_fingerprint",
          sourceKey := "liftable-abelian-1-PGL-6-2-index-6-dimension-4",
          sourceOrder := 18,
          sourcePosition := 105,
          status := "no_embedding",
          targetKey := "rank-at-least-15-D_12-PGL-12-0-index-1-dimension-4",
          targetOrder := 36,
          targetPosition := 14 ), rec(
          familyDimension := 4,
          method := "filter",
          reason := "weak_fingerprint",
          sourceKey := "liftable-abelian-1-PGL-6-2-index-6-dimension-4",
          sourceOrder := 18,
          sourcePosition := 105,
          status := "no_embedding",
          targetKey := "liftable-abelian-C2^2-PGL-12-5-index-3-dimension-4",
          targetOrder := 36,
          targetPosition := 101 ), rec(
          familyDimension := 4,
          method := "abstract SmallGroup IDs",
          reason := 
           "the documented abstract target has no subgroup of the documented s\
ource type",
          sourceKey := "liftable-abelian-1-PGL-6-2-index-6-dimension-4",
          sourceOrder := 18,
          sourcePosition := 105,
          status := "no_embedding",
          targetKey := "rank-at-least-15-A_3,3-PGL-18-0-index-1-dimension-4",
          targetOrder := 54,
          targetPosition := 20 ), rec(
          familyDimension := 4,
          method := "filter",
          reason := "weak_fingerprint",
          sourceKey := "liftable-abelian-1-PGL-6-2-index-6-dimension-4",
          sourceOrder := 18,
          sourcePosition := 105,
          status := "no_embedding",
          targetKey := "small-nonabelian-C3-PGL-18-3-index-6-dimension-4",
          targetOrder := 54,
          targetPosition := 135 ), rec(
          familyDimension := 4,
          method := "filter",
          reason := "weak_fingerprint",
          sourceKey := "liftable-abelian-1-PGL-6-2-index-6-dimension-4",
          sourceOrder := 18,
          sourcePosition := 105,
          status := "no_embedding",
          targetKey := 
           "small-nonabelian-C3-PGL-18-3-index-6-dimension-4-representation-2"
           ,
          targetOrder := 54,
          targetPosition := 136 ), rec(
          familyDimension := 4,
          method := "abstract SmallGroup IDs",
          reason := 
           "the documented abstract target has no subgroup of the documented s\
ource type",
          sourceKey := "liftable-abelian-1-PGL-6-2-index-6-dimension-4",
          sourceOrder := 18,
          sourcePosition := 105,
          status := "no_embedding",
          targetKey := "rank-at-least-15-A_4-PGL-24-0-index-2-dimension-4",
          targetOrder := 72,
          targetPosition := 8 ), rec(
          familyDimension := 4,
          method := "filter",
          reason := "weak_fingerprint",
          sourceKey := "liftable-abelian-1-PGL-6-2-index-6-dimension-4",
          sourceOrder := 18,
          sourcePosition := 105,
          status := "no_embedding",
          targetKey := "rank-at-least-15-D_12-PGL-24-14-index-2-dimension-4",
          targetOrder := 72,
          targetPosition := 13 ), rec(
          familyDimension := 4,
          method := "filter",
          reason := "weak_fingerprint",
          sourceKey := "liftable-abelian-1-PGL-6-2-index-6-dimension-4",
          sourceOrder := 18,
          sourcePosition := 105,
          status := "no_embedding",
          targetKey := "rank-at-least-15-A_3,3-PGL-36-0-index-2-dimension-4",
          targetOrder := 108,
          targetPosition := 21 ), rec(
          familyDimension := 4,
          method := "abstract SmallGroup IDs",
          reason := 
           "the documented abstract target has no subgroup of the documented s\
ource type",
          sourceKey := "liftable-abelian-C3-PGL-6-2-index-2-dimension-4",
          sourceOrder := 18,
          sourcePosition := 106,
          status := "no_embedding",
          targetKey := "rank-at-least-15-A_4-PGL-12-0-index-1-dimension-4",
          targetOrder := 36,
          targetPosition := 9 ), rec(
          familyDimension := 4,
          method := "filter",
          reason := "weak_fingerprint",
          sourceKey := "liftable-abelian-C3-PGL-6-2-index-2-dimension-4",
          sourceOrder := 18,
          sourcePosition := 106,
          status := "no_embedding",
          targetKey := "rank-at-least-15-D_12-PGL-12-0-index-1-dimension-4",
          targetOrder := 36,
          targetPosition := 14 ), rec(
          familyDimension := 4,
          method := "filter",
          reason := "weak_fingerprint",
          sourceKey := "liftable-abelian-C3-PGL-6-2-index-2-dimension-4",
          sourceOrder := 18,
          sourcePosition := 106,
          status := "no_embedding",
          targetKey := "liftable-abelian-C2^2-PGL-12-5-index-3-dimension-4",
          targetOrder := 36,
          targetPosition := 101 ), rec(
          familyDimension := 4,
          method := "abstract SmallGroup IDs",
          reason := 
           "the documented abstract target has no subgroup of the documented s\
ource type",
          sourceKey := "liftable-abelian-C3-PGL-6-2-index-2-dimension-4",
          sourceOrder := 18,
          sourcePosition := 106,
          status := "no_embedding",
          targetKey := "rank-at-least-15-A_3,3-PGL-18-0-index-1-dimension-4",
          targetOrder := 54,
          targetPosition := 20 ), rec(
          familyDimension := 4,
          method := "filter",
          reason := "weak_fingerprint",
          sourceKey := "liftable-abelian-C3-PGL-6-2-index-2-dimension-4",
          sourceOrder := 18,
          sourcePosition := 106,
          status := "no_embedding",
          targetKey := "small-nonabelian-C3-PGL-18-3-index-6-dimension-4",
          targetOrder := 54,
          targetPosition := 135 ), rec(
          familyDimension := 4,
          method := "filter",
          reason := "weak_fingerprint",
          sourceKey := "liftable-abelian-C3-PGL-6-2-index-2-dimension-4",
          sourceOrder := 18,
          sourcePosition := 106,
          status := "no_embedding",
          targetKey := 
           "small-nonabelian-C3-PGL-18-3-index-6-dimension-4-representation-2"
           ,
          targetOrder := 54,
          targetPosition := 136 ), rec(
          familyDimension := 4,
          method := "abstract SmallGroup IDs",
          reason := 
           "the documented abstract target has no subgroup of the documented s\
ource type",
          sourceKey := "liftable-abelian-C3-PGL-6-2-index-2-dimension-4",
          sourceOrder := 18,
          sourcePosition := 106,
          status := "no_embedding",
          targetKey := "rank-at-least-15-A_4-PGL-24-0-index-2-dimension-4",
          targetOrder := 72,
          targetPosition := 8 ), rec(
          familyDimension := 4,
          method := "filter",
          reason := "weak_fingerprint",
          sourceKey := "liftable-abelian-C3-PGL-6-2-index-2-dimension-4",
          sourceOrder := 18,
          sourcePosition := 106,
          status := "no_embedding",
          targetKey := "rank-at-least-15-D_12-PGL-24-14-index-2-dimension-4",
          targetOrder := 72,
          targetPosition := 13 ), rec(
          familyDimension := 4,
          method := "filter",
          reason := "weak_fingerprint",
          sourceKey := "liftable-abelian-C3-PGL-6-2-index-2-dimension-4",
          sourceOrder := 18,
          sourcePosition := 106,
          status := "no_embedding",
          targetKey := "rank-at-least-15-A_3,3-PGL-36-0-index-2-dimension-4",
          targetOrder := 108,
          targetPosition := 21 ), rec(
          familyDimension := 4,
          method := "abstract SmallGroup IDs",
          reason := 
           "the documented abstract target has no subgroup of the documented s\
ource type",
          sourceKey := "liftable-abelian-C2-PGL-6-2-index-3-dimension-4",
          sourceOrder := 18,
          sourcePosition := 107,
          status := "no_embedding",
          targetKey := "rank-at-least-15-A_4-PGL-12-0-index-1-dimension-4",
          targetOrder := 36,
          targetPosition := 9 ), rec(
          familyDimension := 4,
          method := "filter",
          reason := "weak_fingerprint",
          sourceKey := "liftable-abelian-C2-PGL-6-2-index-3-dimension-4",
          sourceOrder := 18,
          sourcePosition := 107,
          status := "no_embedding",
          targetKey := "rank-at-least-15-D_12-PGL-12-0-index-1-dimension-4",
          targetOrder := 36,
          targetPosition := 14 ), rec(
          familyDimension := 4,
          method := "filter",
          reason := "weak_fingerprint",
          sourceKey := "liftable-abelian-C2-PGL-6-2-index-3-dimension-4",
          sourceOrder := 18,
          sourcePosition := 107,
          status := "no_embedding",
          targetKey := "liftable-abelian-C2^2-PGL-12-5-index-3-dimension-4",
          targetOrder := 36,
          targetPosition := 101 ), rec(
          familyDimension := 4,
          method := "abstract SmallGroup IDs",
          reason := 
           "the documented abstract target has no subgroup of the documented s\
ource type",
          sourceKey := "liftable-abelian-C2-PGL-6-2-index-3-dimension-4",
          sourceOrder := 18,
          sourcePosition := 107,
          status := "no_embedding",
          targetKey := "rank-at-least-15-A_3,3-PGL-18-0-index-1-dimension-4",
          targetOrder := 54,
          targetPosition := 20 ), rec(
          familyDimension := 4,
          method := "filter",
          reason := "weak_fingerprint",
          sourceKey := "liftable-abelian-C2-PGL-6-2-index-3-dimension-4",
          sourceOrder := 18,
          sourcePosition := 107,
          status := "no_embedding",
          targetKey := "small-nonabelian-C3-PGL-18-3-index-6-dimension-4",
          targetOrder := 54,
          targetPosition := 135 ), rec(
          familyDimension := 4,
          method := "filter",
          reason := "weak_fingerprint",
          sourceKey := "liftable-abelian-C2-PGL-6-2-index-3-dimension-4",
          sourceOrder := 18,
          sourcePosition := 107,
          status := "no_embedding",
          targetKey := 
           "small-nonabelian-C3-PGL-18-3-index-6-dimension-4-representation-2"
           ,
          targetOrder := 54,
          targetPosition := 136 ), rec(
          familyDimension := 4,
          method := "abstract SmallGroup IDs",
          reason := 
           "the documented abstract target has no subgroup of the documented s\
ource type",
          sourceKey := "liftable-abelian-C2-PGL-6-2-index-3-dimension-4",
          sourceOrder := 18,
          sourcePosition := 107,
          status := "no_embedding",
          targetKey := "rank-at-least-15-A_4-PGL-24-0-index-2-dimension-4",
          targetOrder := 72,
          targetPosition := 8 ), rec(
          familyDimension := 4,
          method := "filter",
          reason := "weak_fingerprint",
          sourceKey := "liftable-abelian-C2-PGL-6-2-index-3-dimension-4",
          sourceOrder := 18,
          sourcePosition := 107,
          status := "no_embedding",
          targetKey := "rank-at-least-15-D_12-PGL-24-14-index-2-dimension-4",
          targetOrder := 72,
          targetPosition := 13 ), rec(
          familyDimension := 4,
          method := "filter",
          reason := "weak_fingerprint",
          sourceKey := "liftable-abelian-C2-PGL-6-2-index-3-dimension-4",
          sourceOrder := 18,
          sourcePosition := 107,
          status := "no_embedding",
          targetKey := "rank-at-least-15-A_3,3-PGL-36-0-index-2-dimension-4",
          targetOrder := 108,
          targetPosition := 21 ), rec(
          familyDimension := 4,
          method := "abstract SmallGroup IDs",
          reason := 
           "the documented abstract target has no subgroup of the documented s\
ource type",
          sourceKey := 
           "liftable-abelian-C3-PGL-6-2-index-2-dimension-4-representation-2",
          sourceOrder := 18,
          sourcePosition := 108,
          status := "no_embedding",
          targetKey := "rank-at-least-15-A_4-PGL-12-0-index-1-dimension-4",
          targetOrder := 36,
          targetPosition := 9 ), rec(
          familyDimension := 4,
          method := "filter",
          reason := "weak_fingerprint",
          sourceKey := 
           "liftable-abelian-C3-PGL-6-2-index-2-dimension-4-representation-2",
          sourceOrder := 18,
          sourcePosition := 108,
          status := "no_embedding",
          targetKey := "rank-at-least-15-D_12-PGL-12-0-index-1-dimension-4",
          targetOrder := 36,
          targetPosition := 14 ), rec(
          familyDimension := 4,
          method := "filter",
          reason := "weak_fingerprint",
          sourceKey := 
           "liftable-abelian-C3-PGL-6-2-index-2-dimension-4-representation-2",
          sourceOrder := 18,
          sourcePosition := 108,
          status := "no_embedding",
          targetKey := "liftable-abelian-C2^2-PGL-12-5-index-3-dimension-4",
          targetOrder := 36,
          targetPosition := 101 ), rec(
          familyDimension := 4,
          method := "abstract SmallGroup IDs",
          reason := 
           "the documented abstract target has no subgroup of the documented s\
ource type",
          sourceKey := 
           "liftable-abelian-C3-PGL-6-2-index-2-dimension-4-representation-2",
          sourceOrder := 18,
          sourcePosition := 108,
          status := "no_embedding",
          targetKey := "rank-at-least-15-A_3,3-PGL-18-0-index-1-dimension-4",
          targetOrder := 54,
          targetPosition := 20 ), rec(
          familyDimension := 4,
          method := "filter",
          reason := "weak_fingerprint",
          sourceKey := 
           "liftable-abelian-C3-PGL-6-2-index-2-dimension-4-representation-2",
          sourceOrder := 18,
          sourcePosition := 108,
          status := "no_embedding",
          targetKey := "small-nonabelian-C3-PGL-18-3-index-6-dimension-4",
          targetOrder := 54,
          targetPosition := 135 ), rec(
          familyDimension := 4,
          method := "filter",
          reason := "weak_fingerprint",
          sourceKey := 
           "liftable-abelian-C3-PGL-6-2-index-2-dimension-4-representation-2",
          sourceOrder := 18,
          sourcePosition := 108,
          status := "no_embedding",
          targetKey := 
           "small-nonabelian-C3-PGL-18-3-index-6-dimension-4-representation-2"
           ,
          targetOrder := 54,
          targetPosition := 136 ), rec(
          familyDimension := 4,
          method := "abstract SmallGroup IDs",
          reason := 
           "the documented abstract target has no subgroup of the documented s\
ource type",
          sourceKey := 
           "liftable-abelian-C3-PGL-6-2-index-2-dimension-4-representation-2",
          sourceOrder := 18,
          sourcePosition := 108,
          status := "no_embedding",
          targetKey := "rank-at-least-15-A_4-PGL-24-0-index-2-dimension-4",
          targetOrder := 72,
          targetPosition := 8 ), rec(
          familyDimension := 4,
          method := "filter",
          reason := "weak_fingerprint",
          sourceKey := 
           "liftable-abelian-C3-PGL-6-2-index-2-dimension-4-representation-2",
          sourceOrder := 18,
          sourcePosition := 108,
          status := "no_embedding",
          targetKey := "rank-at-least-15-D_12-PGL-24-14-index-2-dimension-4",
          targetOrder := 72,
          targetPosition := 13 ), rec(
          familyDimension := 4,
          method := "filter",
          reason := "weak_fingerprint",
          sourceKey := 
           "liftable-abelian-C3-PGL-6-2-index-2-dimension-4-representation-2",
          sourceOrder := 18,
          sourcePosition := 108,
          status := "no_embedding",
          targetKey := "rank-at-least-15-A_3,3-PGL-36-0-index-2-dimension-4",
          targetOrder := 108,
          targetPosition := 21 ), rec(
          familyDimension := 4,
          method := "abstract SmallGroup IDs",
          reason := 
           "the documented abstract target has no subgroup of the documented s\
ource type",
          sourceKey := "small-nonabelian-C3-PGL-6-1-index-2-dimension-4",
          sourceOrder := 18,
          sourcePosition := 134,
          status := "no_embedding",
          targetKey := "rank-at-least-15-A_4-PGL-12-0-index-1-dimension-4",
          targetOrder := 36,
          targetPosition := 9 ), rec(
          familyDimension := 4,
          method := "filter",
          reason := "weak_fingerprint",
          sourceKey := "small-nonabelian-C3-PGL-6-1-index-2-dimension-4",
          sourceOrder := 18,
          sourcePosition := 134,
          status := "no_embedding",
          targetKey := "rank-at-least-15-D_12-PGL-12-0-index-1-dimension-4",
          targetOrder := 36,
          targetPosition := 14 ), rec(
          familyDimension := 4,
          method := "abstract SmallGroup IDs",
          reason := 
           "the documented abstract target has no subgroup of the documented s\
ource type",
          sourceKey := "small-nonabelian-C3-PGL-6-1-index-2-dimension-4",
          sourceOrder := 18,
          sourcePosition := 134,
          status := "no_embedding",
          targetKey := "liftable-abelian-C2^2-PGL-12-5-index-3-dimension-4",
          targetOrder := 36,
          targetPosition := 101 ), rec(
          familyDimension := 4,
          method := "filter",
          reason := "weak_fingerprint",
          sourceKey := "small-nonabelian-C3-PGL-6-1-index-2-dimension-4",
          sourceOrder := 18,
          sourcePosition := 134,
          status := "no_embedding",
          targetKey := "rank-at-least-15-A_3,3-PGL-18-0-index-1-dimension-4",
          targetOrder := 54,
          targetPosition := 20 ), rec(
          familyDimension := 4,
          method := "filter",
          reason := "weak_fingerprint",
          sourceKey := "small-nonabelian-C3-PGL-6-1-index-2-dimension-4",
          sourceOrder := 18,
          sourcePosition := 134,
          status := "no_embedding",
          targetKey := "small-nonabelian-C3-PGL-18-3-index-6-dimension-4",
          targetOrder := 54,
          targetPosition := 135 ), rec(
          familyDimension := 4,
          method := "filter",
          reason := "weak_fingerprint",
          sourceKey := "small-nonabelian-C3-PGL-6-1-index-2-dimension-4",
          sourceOrder := 18,
          sourcePosition := 134,
          status := "no_embedding",
          targetKey := 
           "small-nonabelian-C3-PGL-18-3-index-6-dimension-4-representation-2"
           ,
          targetOrder := 54,
          targetPosition := 136 ), rec(
          familyDimension := 4,
          method := "filter",
          reason := "weak_fingerprint",
          sourceKey := "small-nonabelian-C3-PGL-6-1-index-2-dimension-4",
          sourceOrder := 18,
          sourcePosition := 134,
          status := "no_embedding",
          targetKey := "rank-at-least-15-A_4-PGL-24-0-index-2-dimension-4",
          targetOrder := 72,
          targetPosition := 8 ), rec(
          familyDimension := 4,
          method := "filter",
          reason := "weak_fingerprint",
          sourceKey := "small-nonabelian-C3-PGL-6-1-index-2-dimension-4",
          sourceOrder := 18,
          sourcePosition := 134,
          status := "no_embedding",
          targetKey := "rank-at-least-15-D_12-PGL-24-14-index-2-dimension-4",
          targetOrder := 72,
          targetPosition := 13 ), rec(
          familyDimension := 4,
          method := "filter",
          reason := "weak_fingerprint",
          sourceKey := "small-nonabelian-C3-PGL-6-1-index-2-dimension-4",
          sourceOrder := 18,
          sourcePosition := 134,
          status := "no_embedding",
          targetKey := "rank-at-least-15-A_3,3-PGL-36-0-index-2-dimension-4",
          targetOrder := 108,
          targetPosition := 21 ), rec(
          familyDimension := 4,
          method := "filter",
          reason := "weak_fingerprint",
          sourceKey := "liftable-abelian-C2-PGL-8-2-index-4-dimension-4",
          sourceOrder := 24,
          sourcePosition := 103,
          status := "no_embedding",
          targetKey := "rank-at-least-15-D_8-PGL-16-11-index-2-dimension-4",
          targetOrder := 48,
          targetPosition := 2 ), rec(
          familyDimension := 4,
          method := "abstract SmallGroup IDs",
          reason := 
           "the documented abstract target has no subgroup of the documented s\
ource type",
          sourceKey := "liftable-abelian-C2-PGL-8-2-index-4-dimension-4",
          sourceOrder := 24,
          sourcePosition := 103,
          status := "no_embedding",
          targetKey := "rank-at-least-15-A_4-PGL-24-0-index-2-dimension-4",
          targetOrder := 72,
          targetPosition := 8 ), rec(
          familyDimension := 4,
          method := "abstract SmallGroup IDs",
          reason := 
           "the documented abstract target has no subgroup of the documented s\
ource type",
          sourceKey := "liftable-abelian-C2-PGL-8-2-index-4-dimension-4",
          sourceOrder := 24,
          sourcePosition := 103,
          status := "no_embedding",
          targetKey := "rank-at-least-15-D_12-PGL-24-14-index-2-dimension-4",
          targetOrder := 72,
          targetPosition := 13 ), rec(
          familyDimension := 4,
          method := "filter",
          reason := "weak_fingerprint",
          sourceKey := "liftable-abelian-C4-PGL-8-2-index-2-dimension-4",
          sourceOrder := 24,
          sourcePosition := 104,
          status := "no_embedding",
          targetKey := "rank-at-least-15-D_8-PGL-16-11-index-2-dimension-4",
          targetOrder := 48,
          targetPosition := 2 ), rec(
          familyDimension := 4,
          method := "abstract SmallGroup IDs",
          reason := 
           "the documented abstract target has no subgroup of the documented s\
ource type",
          sourceKey := "liftable-abelian-C4-PGL-8-2-index-2-dimension-4",
          sourceOrder := 24,
          sourcePosition := 104,
          status := "no_embedding",
          targetKey := "rank-at-least-15-A_4-PGL-24-0-index-2-dimension-4",
          targetOrder := 72,
          targetPosition := 8 ), rec(
          familyDimension := 4,
          method := "abstract SmallGroup IDs",
          reason := 
           "the documented abstract target has no subgroup of the documented s\
ource type",
          sourceKey := "liftable-abelian-C4-PGL-8-2-index-2-dimension-4",
          sourceOrder := 24,
          sourcePosition := 104,
          status := "no_embedding",
          targetKey := "rank-at-least-15-D_12-PGL-24-14-index-2-dimension-4",
          targetOrder := 72,
          targetPosition := 13 ), rec(
          familyDimension := 4,
          method := "abstract SmallGroup IDs",
          reason := 
           "the documented abstract target has no subgroup of the documented s\
ource type",
          sourceKey := "liftable-abelian-C3-PGL-9-2-index-3-dimension-4",
          sourceOrder := 27,
          sourcePosition := 102,
          status := "no_embedding",
          targetKey := "rank-at-least-15-A_3,3-PGL-18-0-index-1-dimension-4",
          targetOrder := 54,
          targetPosition := 20 ), rec(
          familyDimension := 4,
          method := "filter",
          reason := "weak_fingerprint",
          sourceKey := "liftable-abelian-C3-PGL-9-2-index-3-dimension-4",
          sourceOrder := 27,
          sourcePosition := 102,
          status := "no_embedding",
          targetKey := "small-nonabelian-C3-PGL-18-3-index-6-dimension-4",
          targetOrder := 54,
          targetPosition := 135 ), rec(
          familyDimension := 4,
          method := "filter",
          reason := "weak_fingerprint",
          sourceKey := "liftable-abelian-C3-PGL-9-2-index-3-dimension-4",
          sourceOrder := 27,
          sourcePosition := 102,
          status := "no_embedding",
          targetKey := 
           "small-nonabelian-C3-PGL-18-3-index-6-dimension-4-representation-2"
           ,
          targetOrder := 54,
          targetPosition := 136 ), rec(
          familyDimension := 4,
          method := "filter",
          reason := "weak_fingerprint",
          sourceKey := "liftable-abelian-C3-PGL-9-2-index-3-dimension-4",
          sourceOrder := 27,
          sourcePosition := 102,
          status := "no_embedding",
          targetKey := "rank-at-least-15-A_3,3-PGL-36-0-index-2-dimension-4",
          targetOrder := 108,
          targetPosition := 21 ), rec(
          familyDimension := 4,
          method := "abstract SmallGroup IDs",
          reason := 
           "the documented abstract target has no subgroup of the documented s\
ource type",
          sourceKey := "liftable-abelian-C2^2-PGL-12-5-index-3-dimension-4",
          sourceOrder := 36,
          sourcePosition := 101,
          status := "no_embedding",
          targetKey := "rank-at-least-15-A_4-PGL-24-0-index-2-dimension-4",
          targetOrder := 72,
          targetPosition := 8 ), rec(
          familyDimension := 4,
          method := "filter",
          reason := "weak_fingerprint",
          sourceKey := "liftable-abelian-C2^2-PGL-12-5-index-3-dimension-4",
          sourceOrder := 36,
          sourcePosition := 101,
          status := "no_embedding",
          targetKey := "rank-at-least-15-D_12-PGL-24-14-index-2-dimension-4",
          targetOrder := 72,
          targetPosition := 13 ), rec(
          familyDimension := 4,
          method := "abstract SmallGroup IDs",
          reason := 
           "the documented abstract target has no subgroup of the documented s\
ource type",
          sourceKey := "liftable-abelian-C2^2-PGL-12-5-index-3-dimension-4",
          sourceOrder := 36,
          sourcePosition := 101,
          status := "no_embedding",
          targetKey := "rank-at-least-15-A_3,3-PGL-36-0-index-2-dimension-4",
          targetOrder := 108,
          targetPosition := 21 ), rec(
          familyDimension := 4,
          method := "filter",
          reason := "weak_fingerprint",
          sourceKey := "small-nonabelian-C3-PGL-18-3-index-6-dimension-4",
          sourceOrder := 54,
          sourcePosition := 135,
          status := "no_embedding",
          targetKey := "rank-at-least-15-A_3,3-PGL-36-0-index-2-dimension-4",
          targetOrder := 108,
          targetPosition := 21 ), rec(
          familyDimension := 4,
          method := "filter",
          reason := "weak_fingerprint",
          sourceKey := 
           "small-nonabelian-C3-PGL-18-3-index-6-dimension-4-representation-2"
           ,
          sourceOrder := 54,
          sourcePosition := 136,
          status := "no_embedding",
          targetKey := "rank-at-least-15-A_3,3-PGL-36-0-index-2-dimension-4",
          targetOrder := 108,
          targetPosition := 21 ), rec(
          familyDimension := 5,
          method := "filter",
          reason := "weak_fingerprint",
          sourceKey := "liftable-abelian-1-PGL-6-2-index-6-dimension-5",
          sourceOrder := 18,
          sourcePosition := 100,
          status := "no_embedding",
          targetKey := "liftable-abelian-C2-PGL-12-5-index-6-dimension-5",
          targetOrder := 36,
          targetPosition := 97 ), rec(
          familyDimension := 6,
          method := "abstract SmallGroup IDs",
          reason := 
           "the documented abstract target has no subgroup of the documented s\
ource type",
          sourceKey := "liftable-abelian-1-PGL-3-1-index-3-dimension-6",
          sourceOrder := 9,
          sourcePosition := 96,
          status := "no_embedding",
          targetKey := "small-nonabelian-S3-PGL-6-1-index-1-dimension-6",
          targetOrder := 18,
          targetPosition := 155 ), rec(
          familyDimension := 6,
          method := "abstract SmallGroup IDs",
          reason := 
           "the documented abstract target has no subgroup of the documented s\
ource type",
          sourceKey := "liftable-abelian-1-PGL-3-1-index-3-dimension-6",
          sourceOrder := 9,
          sourcePosition := 96,
          status := "no_embedding",
          targetKey := "liftable-abelian-C2-PGL-6-2-index-3-dimension-6",
          targetOrder := 18,
          targetPosition := 93 ), rec(
          familyDimension := 6,
          method := "abstract SmallGroup IDs",
          reason := 
           "the documented abstract target has no subgroup of the documented s\
ource type",
          sourceKey := "liftable-abelian-1-PGL-3-1-index-3-dimension-6",
          sourceOrder := 9,
          sourcePosition := 96,
          status := "no_embedding",
          targetKey := "small-nonabelian-S3-PGL-12-4-index-2-dimension-6",
          targetOrder := 36,
          targetPosition := 165 ), rec(
          familyDimension := 6,
          method := "filter",
          reason := "weak_fingerprint",
          sourceKey := "liftable-abelian-C2-PGL-4-2-index-2-dimension-6",
          sourceOrder := 12,
          sourcePosition := 95,
          status := "no_embedding",
          targetKey := "small-nonabelian-C2^2-PGL-8-3-index-2-dimension-6",
          targetOrder := 24,
          targetPosition := 144 ), rec(
          familyDimension := 6,
          method := "filter",
          reason := "weak_fingerprint",
          sourceKey := "liftable-abelian-C2-PGL-4-2-index-2-dimension-6",
          sourceOrder := 12,
          sourcePosition := 95,
          status := "no_embedding",
          targetKey := "small-nonabelian-S3-PGL-12-4-index-2-dimension-6",
          targetOrder := 36,
          targetPosition := 165 ), rec(
          familyDimension := 6,
          method := "filter",
          reason := "weak_fingerprint",
          sourceKey := "liftable-abelian-C2-PGL-6-2-index-3-dimension-6",
          sourceOrder := 18,
          sourcePosition := 93,
          status := "no_embedding",
          targetKey := "small-nonabelian-S3-PGL-12-4-index-2-dimension-6",
          targetOrder := 36,
          targetPosition := 165 ), rec(
          familyDimension := 7,
          method := "filter",
          reason := "weak_fingerprint",
          sourceKey := "liftable-abelian-1-PGL-3-1-index-3-dimension-7",
          sourceOrder := 9,
          sourcePosition := 92,
          status := "no_embedding",
          targetKey := "liftable-abelian-1-PGL-6-2-index-6-dimension-7",
          targetOrder := 18,
          targetPosition := 89 ), rec(
          familyDimension := 7,
          method := "abstract SmallGroup IDs",
          reason := 
           "the documented abstract target has no subgroup of the documented s\
ource type",
          sourceKey := "liftable-abelian-1-PGL-4-1-index-4-dimension-7",
          sourceOrder := 12,
          sourcePosition := 90,
          status := "no_embedding",
          targetKey := "liftable-abelian-C2^2-PGL-8-5-index-2-dimension-7",
          targetOrder := 24,
          targetPosition := 88 ), rec(
          familyDimension := 7,
          method := "abstract SmallGroup IDs",
          reason := 
           "the documented abstract target has no subgroup of the documented s\
ource type",
          sourceKey := 
           "liftable-abelian-1-PGL-4-1-index-4-dimension-7-representation-2",
          sourceOrder := 12,
          sourcePosition := 91,
          status := "no_embedding",
          targetKey := "liftable-abelian-C2^2-PGL-8-5-index-2-dimension-7",
          targetOrder := 24,
          targetPosition := 88 ), rec(
          familyDimension := 10,
          method := "filter",
          reason := "weak_fingerprint",
          sourceKey := "liftable-abelian-1-PGL-2-1-index-2-dimension-10",
          sourceOrder := 6,
          sourcePosition := 84,
          status := "no_embedding",
          targetKey := "liftable-abelian-C2-PGL-4-2-index-2-dimension-10",
          targetOrder := 12,
          targetPosition := 82 ) ],
  preprocessedRecordCount := 138,
  properRemovalCount := 21,
  removedCount := 21,
  removedKeys := [ "liftable-abelian-C2-PGL-4-1-index-2-dimension-4", 
      "liftable-abelian-C4-PGL-8-2-index-2-dimension-2", 
      "small-nonabelian-C3-PGL-18-3-index-6-dimension-1", 
      "small-nonabelian-C3-PGL-18-3-index-6-dimension-0", 
      "small-nonabelian-C3-PGL-18-3-index-6-dimension-1-representation-2", 
      "small-nonabelian-C3-PGL-18-3-index-6-dimension-2", 
      "small-nonabelian-C2^2-PGL-12-3-index-3-dimension-2", 
      "small-nonabelian-C2^2-PGL-8-3-index-2-dimension-4", 
      "small-nonabelian-C2^2-PGL-24-10-index-6-dimension-1-representation-2", 
      "small-nonabelian-C2^2-PGL-24-10-index-6-dimension-1-representation-3", 
      "small-nonabelian-C4-PGL-8-4-index-2-dimension-3", 
      "small-nonabelian-C4-PGL-24-10-index-6-dimension-1-representation-2", 
      "small-nonabelian-S3-PGL-18-3-index-3-dimension-2", 
      "small-nonabelian-S3-PGL-18-3-index-3-dimension-0", 
      "small-nonabelian-S3-PGL-36-12-index-6-dimension-1", 
      "small-nonabelian-S3-PGL-36-12-index-6-dimension-0", 
      "small-nonabelian-S3-PGL-36-12-index-6-dimension-0-representation-2", 
      "small-nonabelian-S3-PGL-36-12-index-6-dimension-1-representation-2", 
      "small-nonabelian-S3-PGL-36-12-index-6-dimension-2", 
      "small-nonabelian-S3-PGL-36-12-index-6-dimension-1-representation-3", 
      "small-nonabelian-S3-PGL-72-27-index-12-dimension-0" ],
  runtimeMilliseconds := 2589656,
  saturationClasses := [ rec(
          classNumber := 1,
          familyDimension := 0,
          finalStatus := "known_saturated",
          finalTargetKey := "liftable-abelian-1-PGL-32-1-index-32-dimension-0"
           ,
          finalTargetPosition := 78,
          groupOrder := 96,
          memberCount := 1,
          memberKeys := [ "liftable-abelian-1-PGL-32-1-index-32-dimension-0" ]
           ,
          memberPositions := [ 78 ] ), rec(
          classNumber := 2,
          familyDimension := 0,
          finalStatus := "known_saturated",
          finalTargetKey := "liftable-abelian-1-PGL-48-2-index-48-dimension-0"
           ,
          finalTargetPosition := 77,
          groupOrder := 144,
          memberCount := 1,
          memberKeys := [ "liftable-abelian-1-PGL-48-2-index-48-dimension-0" ]
           ,
          memberPositions := [ 77 ] ), rec(
          classNumber := 3,
          familyDimension := 0,
          finalStatus := "known_saturated",
          finalTargetKey := 
           "rank-at-least-15-F_21-PGL-126-0-index-6-dimension-0",
          finalTargetPosition := 36,
          groupOrder := 378,
          memberCount := 1,
          memberKeys := 
           [ "rank-at-least-15-F_21-PGL-126-0-index-6-dimension-0" ],
          memberPositions := [ 36 ] ), rec(
          classNumber := 4,
          familyDimension := 0,
          finalStatus := "known_saturated",
          finalTargetKey := 
           "small-nonabelian-S3-PGL-144-69-index-24-dimension-0",
          finalTargetPosition := 177,
          groupOrder := 432,
          memberCount := 1,
          memberKeys := 
           [ "small-nonabelian-S3-PGL-144-69-index-24-dimension-0" ],
          memberPositions := [ 177 ] ), rec(
          classNumber := 5,
          familyDimension := 0,
          finalStatus := "known_saturated",
          finalTargetKey := 
           "rank-at-least-15-M_9-PGL-216-0-index-3-dimension-0",
          finalTargetPosition := 60,
          groupOrder := 648,
          memberCount := 1,
          memberKeys := 
           [ "rank-at-least-15-M_9-PGL-216-0-index-3-dimension-0" ],
          memberPositions := [ 60 ] ), rec(
          classNumber := 6,
          familyDimension := 0,
          finalStatus := "known_saturated",
          finalTargetKey := 
           "rank-at-least-15-PSL(2,7)-PGL-336-0-index-2-dimension-0",
          finalTargetPosition := 64,
          groupOrder := 1008,
          memberCount := 1,
          memberKeys := 
           [ "rank-at-least-15-PSL(2,7)-PGL-336-0-index-2-dimension-0" ],
          memberPositions := [ 64 ] ), rec(
          classNumber := 7,
          familyDimension := 0,
          finalStatus := "known_saturated",
          finalTargetKey := 
           "rank-at-least-15-PSL(2,7)-PGL-336-0-index-2-dimension-0-representa\
tion-2",
          finalTargetPosition := 65,
          groupOrder := 1008,
          memberCount := 1,
          memberKeys := 
           [ 
              "rank-at-least-15-PSL(2,7)-PGL-336-0-index-2-dimension-0-represent\
ation-2" ],
          memberPositions := [ 65 ] ), rec(
          classNumber := 8,
          familyDimension := 0,
          finalStatus := "known_saturated",
          finalTargetKey := 
           "rank-at-least-15-M_10-PGL-720-0-index-1-dimension-0",
          finalTargetPosition := 71,
          groupOrder := 2160,
          memberCount := 1,
          memberKeys := 
           [ "rank-at-least-15-M_10-PGL-720-0-index-1-dimension-0" ],
          memberPositions := [ 71 ] ), rec(
          classNumber := 9,
          familyDimension := 0,
          finalStatus := "known_saturated",
          finalTargetKey := 
           "rank-at-least-15-M_10-PGL-720-0-index-1-dimension-0-representation\
-2",
          finalTargetPosition := 72,
          groupOrder := 2160,
          memberCount := 1,
          memberKeys := 
           [ 
              "rank-at-least-15-M_10-PGL-720-0-index-1-dimension-0-representatio\
n-2" ],
          memberPositions := [ 72 ] ), rec(
          classNumber := 10,
          familyDimension := 0,
          finalStatus := "known_saturated",
          finalTargetKey := 
           "rank-at-least-15-L_2(11)-PGL-1980-0-index-3-dimension-0",
          finalTargetPosition := 70,
          groupOrder := 5940,
          memberCount := 1,
          memberKeys := 
           [ "rank-at-least-15-L_2(11)-PGL-1980-0-index-3-dimension-0" ],
          memberPositions := [ 70 ] ), rec(
          classNumber := 11,
          familyDimension := 0,
          finalStatus := "known_saturated",
          finalTargetKey := 
           "rank-at-least-15-A_3,5-PGL-2160-0-index-6-dimension-0",
          finalTargetPosition := 69,
          groupOrder := 6480,
          memberCount := 1,
          memberKeys := 
           [ "rank-at-least-15-A_3,5-PGL-2160-0-index-6-dimension-0" ],
          memberPositions := [ 69 ] ), rec(
          classNumber := 12,
          familyDimension := 0,
          finalStatus := "known_saturated",
          finalTargetKey := 
           "rank-at-least-15-A_7-PGL-2520-0-index-1-dimension-0",
          finalTargetPosition := 74,
          groupOrder := 7560,
          memberCount := 1,
          memberKeys := 
           [ "rank-at-least-15-A_7-PGL-2520-0-index-1-dimension-0" ],
          memberPositions := [ 74 ] ), rec(
          classNumber := 13,
          familyDimension := 0,
          finalStatus := "known_saturated",
          finalTargetKey := 
           "rank-at-least-15-A_7-PGL-5040-0-index-2-dimension-0",
          finalTargetPosition := 75,
          groupOrder := 15120,
          memberCount := 1,
          memberKeys := 
           [ "rank-at-least-15-A_7-PGL-5040-0-index-2-dimension-0" ],
          memberPositions := [ 75 ] ), rec(
          classNumber := 14,
          familyDimension := 0,
          finalStatus := "known_saturated",
          finalTargetKey := 
           "rank-at-least-15-3^{1+4}:2-PGL-5832-0-index-12-dimension-0",
          finalTargetPosition := 56,
          groupOrder := 17496,
          memberCount := 2,
          memberKeys := 
           [ "rank-at-least-15-3^{1+4}:2-PGL-5832-0-index-12-dimension-0", 
              "small-nonabelian-S3-PGL-72-27-index-12-dimension-0" ],
          memberPositions := [ 56, 176 ] ), rec(
          classNumber := 15,
          familyDimension := 0,
          finalStatus := "known_saturated",
          finalTargetKey := 
           "rank-at-least-15-3^{1+4}:2.2^2-PGL-7776-0-index-4-dimension-0",
          finalTargetPosition := 73,
          groupOrder := 23328,
          memberCount := 1,
          memberKeys := 
           [ "rank-at-least-15-3^{1+4}:2.2^2-PGL-7776-0-index-4-dimension-0" ]
           ,
          memberPositions := [ 73 ] ), rec(
          classNumber := 16,
          familyDimension := 0,
          finalStatus := "known_saturated",
          finalTargetKey := 
           "rank-at-least-15-3^4:A_6-PGL-174960-0-index-6-dimension-0",
          finalTargetPosition := 76,
          groupOrder := 524880,
          memberCount := 5,
          memberKeys := 
           [ "rank-at-least-15-3^4:A_6-PGL-174960-0-index-6-dimension-0", 
              "small-nonabelian-C3-PGL-18-3-index-6-dimension-0", 
              "small-nonabelian-S3-PGL-18-3-index-3-dimension-0", 
              "small-nonabelian-S3-PGL-36-12-index-6-dimension-0", 
              "small-nonabelian-S3-PGL-36-12-index-6-dimension-0-representatio\
n-2" ],
          memberPositions := [ 76, 133, 159, 163, 164 ] ), rec(
          classNumber := 17,
          familyDimension := 1,
          finalStatus := "computed_saturated",
          finalTargetKey := "liftable-abelian-1-PGL-16-1-index-16-dimension-1"
           ,
          finalTargetPosition := 128,
          groupOrder := 48,
          memberCount := 1,
          memberKeys := [ "liftable-abelian-1-PGL-16-1-index-16-dimension-1" ]
           ,
          memberPositions := [ 128 ] ), rec(
          classNumber := 18,
          familyDimension := 1,
          finalStatus := "computed_saturated",
          finalTargetKey := 
           "liftable-abelian-1-PGL-16-1-index-16-dimension-1-representation-2"
           ,
          finalTargetPosition := 129,
          groupOrder := 48,
          memberCount := 1,
          memberKeys := 
           [ 
              "liftable-abelian-1-PGL-16-1-index-16-dimension-1-representation-2\
" ],
          memberPositions := [ 129 ] ), rec(
          classNumber := 19,
          familyDimension := 1,
          finalStatus := "computed_saturated",
          finalTargetKey := 
           "nonliftable-abelian-C3-PGL-18-5-index-6-dimension-1",
          finalTargetPosition := 131,
          groupOrder := 54,
          memberCount := 1,
          memberKeys := 
           [ "nonliftable-abelian-C3-PGL-18-5-index-6-dimension-1" ],
          memberPositions := [ 131 ] ), rec(
          classNumber := 20,
          familyDimension := 1,
          finalStatus := "computed_saturated",
          finalTargetKey := 
           "rank-at-least-15-Q_8-PGL-24-3-index-3-dimension-1",
          finalTargetPosition := 26,
          groupOrder := 72,
          memberCount := 1,
          memberKeys := [ "rank-at-least-15-Q_8-PGL-24-3-index-3-dimension-1" 
             ],
          memberPositions := [ 26 ] ), rec(
          classNumber := 21,
          familyDimension := 1,
          finalStatus := "computed_saturated",
          finalTargetKey := 
           "liftable-abelian-C2-PGL-24-9-index-12-dimension-1",
          finalTargetPosition := 125,
          groupOrder := 72,
          memberCount := 1,
          memberKeys := [ "liftable-abelian-C2-PGL-24-9-index-12-dimension-1" 
             ],
          memberPositions := [ 125 ] ), rec(
          classNumber := 22,
          familyDimension := 1,
          finalStatus := "computed_saturated",
          finalTargetKey := "liftable-abelian-1-PGL-24-2-index-24-dimension-1"
           ,
          finalTargetPosition := 126,
          groupOrder := 72,
          memberCount := 1,
          memberKeys := [ "liftable-abelian-1-PGL-24-2-index-24-dimension-1" ]
           ,
          memberPositions := [ 126 ] ), rec(
          classNumber := 23,
          familyDimension := 1,
          finalStatus := "computed_saturated",
          finalTargetKey := 
           "liftable-abelian-1-PGL-24-2-index-24-dimension-1-representation-2"
           ,
          finalTargetPosition := 127,
          groupOrder := 72,
          memberCount := 1,
          memberKeys := 
           [ 
              "liftable-abelian-1-PGL-24-2-index-24-dimension-1-representation-2\
" ],
          memberPositions := [ 127 ] ), rec(
          classNumber := 24,
          familyDimension := 1,
          finalStatus := "computed_saturated",
          finalTargetKey := 
           "rank-at-least-15-Q_8-PGL-32-11-index-4-dimension-1",
          finalTargetPosition := 27,
          groupOrder := 96,
          memberCount := 1,
          memberKeys := 
           [ "rank-at-least-15-Q_8-PGL-32-11-index-4-dimension-1" ],
          memberPositions := [ 27 ] ), rec(
          classNumber := 25,
          familyDimension := 1,
          finalStatus := "known_saturated",
          finalTargetKey := 
           "rank-at-least-15-QD_16-PGL-32-42-index-2-dimension-1",
          finalTargetPosition := 32,
          groupOrder := 96,
          memberCount := 1,
          memberKeys := 
           [ "rank-at-least-15-QD_16-PGL-32-42-index-2-dimension-1" ],
          memberPositions := [ 32 ] ), rec(
          classNumber := 26,
          familyDimension := 1,
          finalStatus := "known_saturated",
          finalTargetKey := 
           "rank-at-least-15-F_21-PGL-42-0-index-2-dimension-1",
          finalTargetPosition := 35,
          groupOrder := 126,
          memberCount := 1,
          memberKeys := 
           [ "rank-at-least-15-F_21-PGL-42-0-index-2-dimension-1" ],
          memberPositions := [ 35 ] ), rec(
          classNumber := 27,
          familyDimension := 1,
          finalStatus := "known_saturated",
          finalTargetKey := 
           "rank-at-least-15-T_48-PGL-48-0-index-1-dimension-1",
          finalTargetPosition := 57,
          groupOrder := 144,
          memberCount := 1,
          memberKeys := 
           [ "rank-at-least-15-T_48-PGL-48-0-index-1-dimension-1" ],
          memberPositions := [ 57 ] ), rec(
          classNumber := 28,
          familyDimension := 1,
          finalStatus := "computed_saturated",
          finalTargetKey := "small-nonabelian-S3-PGL-48-4-index-8-dimension-1"
           ,
          finalTargetPosition := 173,
          groupOrder := 144,
          memberCount := 1,
          memberKeys := [ "small-nonabelian-S3-PGL-48-4-index-8-dimension-1" ]
           ,
          memberPositions := [ 173 ] ), rec(
          classNumber := 29,
          familyDimension := 1,
          finalStatus := "computed_saturated",
          finalTargetKey := 
           "rank-at-least-15-A_3,3-PGL-54-5-index-3-dimension-1",
          finalTargetPosition := 23,
          groupOrder := 162,
          memberCount := 1,
          memberKeys := 
           [ "rank-at-least-15-A_3,3-PGL-54-5-index-3-dimension-1" ],
          memberPositions := [ 23 ] ), rec(
          classNumber := 30,
          familyDimension := 1,
          finalStatus := "computed_saturated",
          finalTargetKey := 
           "rank-at-least-15-D_12-PGL-72-30-index-6-dimension-1",
          finalTargetPosition := 19,
          groupOrder := 216,
          memberCount := 1,
          memberKeys := 
           [ "rank-at-least-15-D_12-PGL-72-30-index-6-dimension-1" ],
          memberPositions := [ 19 ] ), rec(
          classNumber := 31,
          familyDimension := 1,
          finalStatus := "known_saturated",
          finalTargetKey := 
           "rank-at-least-15-M_9-PGL-72-41-index-1-dimension-1",
          finalTargetPosition := 59,
          groupOrder := 216,
          memberCount := 1,
          memberKeys := 
           [ "rank-at-least-15-M_9-PGL-72-41-index-1-dimension-1" ],
          memberPositions := [ 59 ] ), rec(
          classNumber := 32,
          familyDimension := 1,
          finalStatus := "computed_saturated",
          finalTargetKey := 
           "small-nonabelian-S3-PGL-72-27-index-12-dimension-1",
          finalTargetPosition := 174,
          groupOrder := 216,
          memberCount := 1,
          memberKeys := 
           [ "small-nonabelian-S3-PGL-72-27-index-12-dimension-1" ],
          memberPositions := [ 174 ] ), rec(
          classNumber := 33,
          familyDimension := 1,
          finalStatus := "computed_saturated",
          finalTargetKey := 
           "small-nonabelian-S3-PGL-72-27-index-12-dimension-1-representation-\
2",
          finalTargetPosition := 175,
          groupOrder := 216,
          memberCount := 1,
          memberKeys := 
           [ 
              "small-nonabelian-S3-PGL-72-27-index-12-dimension-1-representation\
-2" ],
          memberPositions := [ 175 ] ), rec(
          classNumber := 34,
          familyDimension := 1,
          finalStatus := "known_saturated",
          finalTargetKey := 
           "rank-at-least-15-S_5-PGL-120-0-index-1-dimension-1",
          finalTargetPosition := 62,
          groupOrder := 360,
          memberCount := 1,
          memberKeys := 
           [ "rank-at-least-15-S_5-PGL-120-0-index-1-dimension-1" ],
          memberPositions := [ 62 ] ), rec(
          classNumber := 35,
          familyDimension := 1,
          finalStatus := "computed_saturated",
          finalTargetKey := 
           "rank-at-least-15-A_4,3-PGL-144-189-index-2-dimension-1",
          finalTargetPosition := 51,
          groupOrder := 432,
          memberCount := 1,
          memberKeys := 
           [ "rank-at-least-15-A_4,3-PGL-144-189-index-2-dimension-1" ],
          memberPositions := [ 51 ] ), rec(
          classNumber := 36,
          familyDimension := 1,
          finalStatus := "known_saturated",
          finalTargetKey := 
           "rank-at-least-15-N_72-PGL-144-186-index-2-dimension-1",
          finalTargetPosition := 58,
          groupOrder := 432,
          memberCount := 1,
          memberKeys := 
           [ "rank-at-least-15-N_72-PGL-144-186-index-2-dimension-1" ],
          memberPositions := [ 58 ] ), rec(
          classNumber := 37,
          familyDimension := 1,
          finalStatus := "known_saturated",
          finalTargetKey := 
           "rank-at-least-15-PSL(2,7)-PGL-168-0-index-1-dimension-1",
          finalTargetPosition := 63,
          groupOrder := 504,
          memberCount := 1,
          memberKeys := 
           [ "rank-at-least-15-PSL(2,7)-PGL-168-0-index-1-dimension-1" ],
          memberPositions := [ 63 ] ), rec(
          classNumber := 38,
          familyDimension := 1,
          finalStatus := "computed_saturated",
          finalTargetKey := 
           "rank-at-least-15-A_5-PGL-180-19-index-3-dimension-1",
          finalTargetPosition := 47,
          groupOrder := 540,
          memberCount := 1,
          memberKeys := 
           [ "rank-at-least-15-A_5-PGL-180-19-index-3-dimension-1" ],
          memberPositions := [ 47 ] ), rec(
          classNumber := 39,
          familyDimension := 1,
          finalStatus := "computed_saturated",
          finalTargetKey := 
           "rank-at-least-15-S_3,3-PGL-216-170-index-6-dimension-1",
          finalTargetPosition := 41,
          groupOrder := 648,
          memberCount := 4,
          memberKeys := 
           [ "rank-at-least-15-S_3,3-PGL-216-170-index-6-dimension-1", 
              "small-nonabelian-C3-PGL-18-3-index-6-dimension-1", 
              "small-nonabelian-S3-PGL-36-12-index-6-dimension-1", 
              "small-nonabelian-S3-PGL-36-12-index-6-dimension-1-representatio\
n-3" ],
          memberPositions := [ 41, 132, 162, 171 ] ), rec(
          classNumber := 40,
          familyDimension := 1,
          finalStatus := "computed_saturated",
          finalTargetKey := 
           "rank-at-least-15-S_3,3-PGL-216-157-index-6-dimension-1",
          finalTargetPosition := 44,
          groupOrder := 648,
          memberCount := 1,
          memberKeys := 
           [ "rank-at-least-15-S_3,3-PGL-216-157-index-6-dimension-1" ],
          memberPositions := [ 44 ] ), rec(
          classNumber := 41,
          familyDimension := 1,
          finalStatus := "known_saturated",
          finalTargetKey := 
           "rank-at-least-15-S_5-PGL-240-0-index-2-dimension-1",
          finalTargetPosition := 61,
          groupOrder := 720,
          memberCount := 1,
          memberKeys := 
           [ "rank-at-least-15-S_5-PGL-240-0-index-2-dimension-1" ],
          memberPositions := [ 61 ] ), rec(
          classNumber := 42,
          familyDimension := 1,
          finalStatus := "computed_saturated",
          finalTargetKey := 
           "rank-at-least-15-A_5-PGL-360-119-index-6-dimension-1",
          finalTargetPosition := 48,
          groupOrder := 1080,
          memberCount := 1,
          memberKeys := 
           [ "rank-at-least-15-A_5-PGL-360-119-index-6-dimension-1" ],
          memberPositions := [ 48 ] ), rec(
          classNumber := 43,
          familyDimension := 1,
          finalStatus := "known_saturated",
          finalTargetKey := 
           "rank-at-least-15-A_6-PGL-360-0-index-1-dimension-1",
          finalTargetPosition := 67,
          groupOrder := 1080,
          memberCount := 1,
          memberKeys := 
           [ "rank-at-least-15-A_6-PGL-360-0-index-1-dimension-1" ],
          memberPositions := [ 67 ] ), rec(
          classNumber := 44,
          familyDimension := 1,
          finalStatus := "computed_saturated",
          finalTargetKey := 
           "rank-at-least-15-A_4,3-PGL-432-745-index-6-dimension-1",
          finalTargetPosition := 52,
          groupOrder := 1296,
          memberCount := 4,
          memberKeys := 
           [ "rank-at-least-15-A_4,3-PGL-432-745-index-6-dimension-1", 
              "small-nonabelian-C2^2-PGL-24-10-index-6-dimension-1-representat\
ion-2", "small-nonabelian-C2^2-PGL-24-10-index-6-dimension-1-representation-3"
                , 
              "small-nonabelian-C4-PGL-24-10-index-6-dimension-1-representatio\
n-2" ],
          memberPositions := [ 52, 148, 149, 153 ] ), rec(
          classNumber := 45,
          familyDimension := 1,
          finalStatus := "known_saturated",
          finalTargetKey := 
           "rank-at-least-15-A_6-PGL-720-0-index-2-dimension-1",
          finalTargetPosition := 66,
          groupOrder := 2160,
          memberCount := 1,
          memberKeys := 
           [ "rank-at-least-15-A_6-PGL-720-0-index-2-dimension-1" ],
          memberPositions := [ 66 ] ), rec(
          classNumber := 46,
          familyDimension := 1,
          finalStatus := "known_saturated",
          finalTargetKey := 
           "rank-at-least-15-3^{1+4}:2-PGL-1944-3493-index-4-dimension-1",
          finalTargetPosition := 54,
          groupOrder := 5832,
          memberCount := 1,
          memberKeys := 
           [ "rank-at-least-15-3^{1+4}:2-PGL-1944-3493-index-4-dimension-1" ],
          memberPositions := [ 54 ] ), rec(
          classNumber := 47,
          familyDimension := 1,
          finalStatus := "known_saturated",
          finalTargetKey := 
           "rank-at-least-15-3^{1+4}:2.2-PGL-1944-0-index-2-dimension-1",
          finalTargetPosition := 68,
          groupOrder := 5832,
          memberCount := 1,
          memberKeys := 
           [ "rank-at-least-15-3^{1+4}:2.2-PGL-1944-0-index-2-dimension-1" ],
          memberPositions := [ 68 ] ), rec(
          classNumber := 48,
          familyDimension := 1,
          finalStatus := "known_saturated",
          finalTargetKey := 
           "rank-at-least-15-3^{1+4}:2-PGL-2916-0-index-6-dimension-1",
          finalTargetPosition := 55,
          groupOrder := 8748,
          memberCount := 3,
          memberKeys := 
           [ "rank-at-least-15-3^{1+4}:2-PGL-2916-0-index-6-dimension-1", 
              "small-nonabelian-C3-PGL-18-3-index-6-dimension-1-representation\
-2", "small-nonabelian-S3-PGL-36-12-index-6-dimension-1-representation-2" ],
          memberPositions := [ 55, 137, 169 ] ), rec(
          classNumber := 49,
          familyDimension := 2,
          finalStatus := "computed_saturated",
          finalTargetKey := 
           "nonliftable-abelian-C3-PGL-9-2-index-3-dimension-2",
          finalTargetPosition := 130,
          groupOrder := 27,
          memberCount := 1,
          memberKeys := 
           [ "nonliftable-abelian-C3-PGL-9-2-index-3-dimension-2" ],
          memberPositions := [ 130 ] ), rec(
          classNumber := 50,
          familyDimension := 2,
          finalStatus := "computed_saturated",
          finalTargetKey := "liftable-abelian-1-PGL-12-2-index-12-dimension-2"
           ,
          finalTargetPosition := 122,
          groupOrder := 36,
          memberCount := 1,
          memberKeys := [ "liftable-abelian-1-PGL-12-2-index-12-dimension-2" ]
           ,
          memberPositions := [ 122 ] ), rec(
          classNumber := 51,
          familyDimension := 2,
          finalStatus := "computed_saturated",
          finalTargetKey := 
           "liftable-abelian-1-PGL-12-2-index-12-dimension-2-representation-2"
           ,
          finalTargetPosition := 123,
          groupOrder := 36,
          memberCount := 1,
          memberKeys := 
           [ 
              "liftable-abelian-1-PGL-12-2-index-12-dimension-2-representation-2\
" ],
          memberPositions := [ 123 ] ), rec(
          classNumber := 52,
          familyDimension := 2,
          finalStatus := "computed_saturated",
          finalTargetKey := 
           "rank-at-least-15-D_8-PGL-16-7-index-2-dimension-2",
          finalTargetPosition := 4,
          groupOrder := 48,
          memberCount := 1,
          memberKeys := [ "rank-at-least-15-D_8-PGL-16-7-index-2-dimension-2" 
             ],
          memberPositions := [ 4 ] ), rec(
          classNumber := 53,
          familyDimension := 2,
          finalStatus := "computed_saturated",
          finalTargetKey := 
           "rank-at-least-15-Q_8-PGL-16-13-index-2-dimension-2",
          finalTargetPosition := 25,
          groupOrder := 48,
          memberCount := 2,
          memberKeys := 
           [ "rank-at-least-15-Q_8-PGL-16-13-index-2-dimension-2", 
              "liftable-abelian-C4-PGL-8-2-index-2-dimension-2" ],
          memberPositions := [ 25, 124 ] ), rec(
          classNumber := 54,
          familyDimension := 2,
          finalStatus := "known_saturated",
          finalTargetKey := 
           "rank-at-least-15-QD_16-PGL-16-0-index-1-dimension-2",
          finalTargetPosition := 31,
          groupOrder := 48,
          memberCount := 1,
          memberKeys := 
           [ "rank-at-least-15-QD_16-PGL-16-0-index-1-dimension-2" ],
          memberPositions := [ 31 ] ), rec(
          classNumber := 55,
          familyDimension := 2,
          finalStatus := "computed_saturated",
          finalTargetKey := "liftable-abelian-C4-PGL-16-2-index-4-dimension-2"
           ,
          finalTargetPosition := 120,
          groupOrder := 48,
          memberCount := 1,
          memberKeys := [ "liftable-abelian-C4-PGL-16-2-index-4-dimension-2" ]
           ,
          memberPositions := [ 120 ] ), rec(
          classNumber := 56,
          familyDimension := 2,
          finalStatus := "computed_saturated",
          finalTargetKey := "liftable-abelian-C2-PGL-16-5-index-8-dimension-2"
           ,
          finalTargetPosition := 121,
          groupOrder := 48,
          memberCount := 1,
          memberKeys := [ "liftable-abelian-C2-PGL-16-5-index-8-dimension-2" ]
           ,
          memberPositions := [ 121 ] ), rec(
          classNumber := 57,
          familyDimension := 2,
          finalStatus := "computed_saturated",
          finalTargetKey := "small-nonabelian-C4-PGL-16-6-index-4-dimension-2"
           ,
          finalTargetPosition := 154,
          groupOrder := 48,
          memberCount := 1,
          memberKeys := [ "small-nonabelian-C4-PGL-16-6-index-4-dimension-2" ]
           ,
          memberPositions := [ 154 ] ), rec(
          classNumber := 58,
          familyDimension := 2,
          finalStatus := "computed_saturated",
          finalTargetKey := "liftable-abelian-C3-PGL-18-5-index-6-dimension-2"
           ,
          finalTargetPosition := 119,
          groupOrder := 54,
          memberCount := 1,
          memberKeys := [ "liftable-abelian-C3-PGL-18-5-index-6-dimension-2" ]
           ,
          memberPositions := [ 119 ] ), rec(
          classNumber := 59,
          familyDimension := 2,
          finalStatus := "computed_saturated",
          finalTargetKey := 
           "small-nonabelian-S3-PGL-18-3-index-3-dimension-2-representation-2"
           ,
          finalTargetPosition := 161,
          groupOrder := 54,
          memberCount := 1,
          memberKeys := 
           [ 
              "small-nonabelian-S3-PGL-18-3-index-3-dimension-2-representation-2\
" ],
          memberPositions := [ 161 ] ), rec(
          classNumber := 60,
          familyDimension := 2,
          finalStatus := "computed_saturated",
          finalTargetKey := 
           "rank-at-least-15-D_10-PGL-20-4-index-2-dimension-2",
          finalTargetPosition := 6,
          groupOrder := 60,
          memberCount := 1,
          memberKeys := 
           [ "rank-at-least-15-D_10-PGL-20-4-index-2-dimension-2" ],
          memberPositions := [ 6 ] ), rec(
          classNumber := 61,
          familyDimension := 2,
          finalStatus := "known_saturated",
          finalTargetKey := 
           "rank-at-least-15-Hol_5-PGL-20-0-index-1-dimension-2",
          finalTargetPosition := 33,
          groupOrder := 60,
          memberCount := 1,
          memberKeys := 
           [ "rank-at-least-15-Hol_5-PGL-20-0-index-1-dimension-2" ],
          memberPositions := [ 33 ] ), rec(
          classNumber := 62,
          familyDimension := 2,
          finalStatus := "known_saturated",
          finalTargetKey := 
           "rank-at-least-15-F_21-PGL-21-0-index-1-dimension-2",
          finalTargetPosition := 34,
          groupOrder := 63,
          memberCount := 1,
          memberKeys := 
           [ "rank-at-least-15-F_21-PGL-21-0-index-1-dimension-2" ],
          memberPositions := [ 34 ] ), rec(
          classNumber := 63,
          familyDimension := 2,
          finalStatus := "computed_saturated",
          finalTargetKey := 
           "rank-at-least-15-D_12-PGL-24-14-index-2-dimension-2",
          finalTargetPosition := 15,
          groupOrder := 72,
          memberCount := 1,
          memberKeys := 
           [ "rank-at-least-15-D_12-PGL-24-14-index-2-dimension-2" ],
          memberPositions := [ 15 ] ), rec(
          classNumber := 64,
          familyDimension := 2,
          finalStatus := "computed_saturated",
          finalTargetKey := 
           "rank-at-least-15-D_12-PGL-24-8-index-2-dimension-2",
          finalTargetPosition := 16,
          groupOrder := 72,
          memberCount := 1,
          memberKeys := 
           [ "rank-at-least-15-D_12-PGL-24-8-index-2-dimension-2" ],
          memberPositions := [ 16 ] ), rec(
          classNumber := 65,
          familyDimension := 2,
          finalStatus := "computed_saturated",
          finalTargetKey := 
           "liftable-abelian-C2-PGL-24-9-index-12-dimension-2",
          finalTargetPosition := 118,
          groupOrder := 72,
          memberCount := 1,
          memberKeys := [ "liftable-abelian-C2-PGL-24-9-index-12-dimension-2" 
             ],
          memberPositions := [ 118 ] ), rec(
          classNumber := 66,
          familyDimension := 2,
          finalStatus := "computed_saturated",
          finalTargetKey := 
           "small-nonabelian-C2^2-PGL-24-13-index-6-dimension-2",
          finalTargetPosition := 145,
          groupOrder := 72,
          memberCount := 1,
          memberKeys := 
           [ "small-nonabelian-C2^2-PGL-24-13-index-6-dimension-2" ],
          memberPositions := [ 145 ] ), rec(
          classNumber := 67,
          familyDimension := 2,
          finalStatus := "computed_saturated",
          finalTargetKey := 
           "small-nonabelian-C2^2-PGL-24-13-index-6-dimension-2-representation\
-2",
          finalTargetPosition := 146,
          groupOrder := 72,
          memberCount := 2,
          memberKeys := 
           [ "small-nonabelian-C2^2-PGL-12-3-index-3-dimension-2", 
              "small-nonabelian-C2^2-PGL-24-13-index-6-dimension-2-representat\
ion-2" ],
          memberPositions := [ 142, 146 ] ), rec(
          classNumber := 68,
          familyDimension := 2,
          finalStatus := "computed_saturated",
          finalTargetKey := 
           "rank-at-least-15-D_10-PGL-30-2-index-3-dimension-2",
          finalTargetPosition := 7,
          groupOrder := 90,
          memberCount := 1,
          memberKeys := 
           [ "rank-at-least-15-D_10-PGL-30-2-index-3-dimension-2" ],
          memberPositions := [ 7 ] ), rec(
          classNumber := 69,
          familyDimension := 2,
          finalStatus := "computed_saturated",
          finalTargetKey := 
           "rank-at-least-15-A_4-PGL-36-11-index-3-dimension-2",
          finalTargetPosition := 11,
          groupOrder := 108,
          memberCount := 1,
          memberKeys := 
           [ "rank-at-least-15-A_4-PGL-36-11-index-3-dimension-2" ],
          memberPositions := [ 11 ] ), rec(
          classNumber := 70,
          familyDimension := 2,
          finalStatus := "computed_saturated",
          finalTargetKey := 
           "rank-at-least-15-D_12-PGL-36-12-index-3-dimension-2",
          finalTargetPosition := 17,
          groupOrder := 108,
          memberCount := 1,
          memberKeys := 
           [ "rank-at-least-15-D_12-PGL-36-12-index-3-dimension-2" ],
          memberPositions := [ 17 ] ), rec(
          classNumber := 71,
          familyDimension := 2,
          finalStatus := "computed_saturated",
          finalTargetKey := 
           "rank-at-least-15-A_3,3-PGL-36-13-index-2-dimension-2",
          finalTargetPosition := 22,
          groupOrder := 108,
          memberCount := 1,
          memberKeys := 
           [ "rank-at-least-15-A_3,3-PGL-36-13-index-2-dimension-2" ],
          memberPositions := [ 22 ] ), rec(
          classNumber := 72,
          familyDimension := 2,
          finalStatus := "known_saturated",
          finalTargetKey := 
           "rank-at-least-15-3^2.4-PGL-36-0-index-1-dimension-2",
          finalTargetPosition := 42,
          groupOrder := 108,
          memberCount := 1,
          memberKeys := 
           [ "rank-at-least-15-3^2.4-PGL-36-0-index-1-dimension-2" ],
          memberPositions := [ 42 ] ), rec(
          classNumber := 73,
          familyDimension := 2,
          finalStatus := "computed_saturated",
          finalTargetKey := 
           "small-nonabelian-S3-PGL-36-12-index-6-dimension-2-representation-2\
",
          finalTargetPosition := 172,
          groupOrder := 108,
          memberCount := 1,
          memberKeys := 
           [ 
              "small-nonabelian-S3-PGL-36-12-index-6-dimension-2-representation-\
2" ],
          memberPositions := [ 172 ] ), rec(
          classNumber := 74,
          familyDimension := 2,
          finalStatus := "computed_saturated",
          finalTargetKey := 
           "rank-at-least-15-S_4-PGL-48-48-index-2-dimension-2",
          finalTargetPosition := 30,
          groupOrder := 144,
          memberCount := 1,
          memberKeys := 
           [ "rank-at-least-15-S_4-PGL-48-48-index-2-dimension-2" ],
          memberPositions := [ 30 ] ), rec(
          classNumber := 75,
          familyDimension := 2,
          finalStatus := "known_saturated",
          finalTargetKey := 
           "rank-at-least-15-A_5-PGL-60-0-index-1-dimension-2",
          finalTargetPosition := 46,
          groupOrder := 180,
          memberCount := 1,
          memberKeys := [ "rank-at-least-15-A_5-PGL-60-0-index-1-dimension-2" 
             ],
          memberPositions := [ 46 ] ), rec(
          classNumber := 76,
          familyDimension := 2,
          finalStatus := "computed_saturated",
          finalTargetKey := 
           "rank-at-least-15-A_4-PGL-72-42-index-6-dimension-2",
          finalTargetPosition := 12,
          groupOrder := 216,
          memberCount := 1,
          memberKeys := 
           [ "rank-at-least-15-A_4-PGL-72-42-index-6-dimension-2" ],
          memberPositions := [ 12 ] ), rec(
          classNumber := 77,
          familyDimension := 2,
          finalStatus := "computed_saturated",
          finalTargetKey := 
           "rank-at-least-15-D_12-PGL-72-48-index-6-dimension-2",
          finalTargetPosition := 18,
          groupOrder := 216,
          memberCount := 1,
          memberKeys := 
           [ "rank-at-least-15-D_12-PGL-72-48-index-6-dimension-2" ],
          memberPositions := [ 18 ] ), rec(
          classNumber := 78,
          familyDimension := 2,
          finalStatus := "known_saturated",
          finalTargetKey := 
           "rank-at-least-15-S_3,3-PGL-72-46-index-2-dimension-2",
          finalTargetPosition := 39,
          groupOrder := 216,
          memberCount := 1,
          memberKeys := 
           [ "rank-at-least-15-S_3,3-PGL-72-46-index-2-dimension-2" ],
          memberPositions := [ 39 ] ), rec(
          classNumber := 79,
          familyDimension := 2,
          finalStatus := "known_saturated",
          finalTargetKey := 
           "rank-at-least-15-S_3,3-PGL-72-40-index-2-dimension-2",
          finalTargetPosition := 40,
          groupOrder := 216,
          memberCount := 1,
          memberKeys := 
           [ "rank-at-least-15-S_3,3-PGL-72-40-index-2-dimension-2" ],
          memberPositions := [ 40 ] ), rec(
          classNumber := 80,
          familyDimension := 2,
          finalStatus := "known_saturated",
          finalTargetKey := 
           "rank-at-least-15-3^2.4-PGL-72-40-index-2-dimension-2",
          finalTargetPosition := 43,
          groupOrder := 216,
          memberCount := 1,
          memberKeys := 
           [ "rank-at-least-15-3^2.4-PGL-72-40-index-2-dimension-2" ],
          memberPositions := [ 43 ] ), rec(
          classNumber := 81,
          familyDimension := 2,
          finalStatus := "known_saturated",
          finalTargetKey := 
           "rank-at-least-15-A_4,3-PGL-72-43-index-1-dimension-2",
          finalTargetPosition := 50,
          groupOrder := 216,
          memberCount := 1,
          memberKeys := 
           [ "rank-at-least-15-A_4,3-PGL-72-43-index-1-dimension-2" ],
          memberPositions := [ 50 ] ), rec(
          classNumber := 82,
          familyDimension := 2,
          finalStatus := "computed_saturated",
          finalTargetKey := 
           "rank-at-least-15-A_3,3-PGL-108-38-index-6-dimension-2",
          finalTargetPosition := 37,
          groupOrder := 324,
          memberCount := 4,
          memberKeys := 
           [ "rank-at-least-15-A_3,3-PGL-108-38-index-6-dimension-2", 
              "small-nonabelian-C3-PGL-18-3-index-6-dimension-2", 
              "small-nonabelian-S3-PGL-18-3-index-3-dimension-2", 
              "small-nonabelian-S3-PGL-36-12-index-6-dimension-2" ],
          memberPositions := [ 37, 138, 158, 170 ] ), rec(
          classNumber := 83,
          familyDimension := 2,
          finalStatus := "computed_saturated",
          finalTargetKey := 
           "rank-at-least-15-A_3,3-PGL-108-38-index-6-dimension-2-representati\
on-2",
          finalTargetPosition := 38,
          groupOrder := 324,
          memberCount := 1,
          memberKeys := 
           [ 
              "rank-at-least-15-A_3,3-PGL-108-38-index-6-dimension-2-representat\
ion-2" ],
          memberPositions := [ 38 ] ), rec(
          classNumber := 84,
          familyDimension := 2,
          finalStatus := "known_saturated",
          finalTargetKey := 
           "rank-at-least-15-A_5-PGL-120-0-index-2-dimension-2",
          finalTargetPosition := 45,
          groupOrder := 360,
          memberCount := 1,
          memberKeys := 
           [ "rank-at-least-15-A_5-PGL-120-0-index-2-dimension-2" ],
          memberPositions := [ 45 ] ), rec(
          classNumber := 85,
          familyDimension := 2,
          finalStatus := "known_saturated",
          finalTargetKey := 
           "rank-at-least-15-A_4,3-PGL-144-0-index-2-dimension-2",
          finalTargetPosition := 49,
          groupOrder := 432,
          memberCount := 1,
          memberKeys := 
           [ "rank-at-least-15-A_4,3-PGL-144-0-index-2-dimension-2" ],
          memberPositions := [ 49 ] ), rec(
          classNumber := 86,
          familyDimension := 2,
          finalStatus := "known_saturated",
          finalTargetKey := 
           "rank-at-least-15-3^{1+4}:2-PGL-972-0-index-2-dimension-2",
          finalTargetPosition := 53,
          groupOrder := 2916,
          memberCount := 1,
          memberKeys := 
           [ "rank-at-least-15-3^{1+4}:2-PGL-972-0-index-2-dimension-2" ],
          memberPositions := [ 53 ] ), rec(
          classNumber := 87,
          familyDimension := 3,
          finalStatus := "computed_saturated",
          finalTargetKey := "liftable-abelian-1-PGL-6-2-index-6-dimension-3",
          finalTargetPosition := 117,
          groupOrder := 18,
          memberCount := 1,
          memberKeys := [ "liftable-abelian-1-PGL-6-2-index-6-dimension-3" ],
          memberPositions := [ 117 ] ), rec(
          classNumber := 88,
          familyDimension := 3,
          finalStatus := "known_saturated",
          finalTargetKey := "rank-at-least-15-Q_8-PGL-8-0-index-1-dimension-3"
           ,
          finalTargetPosition := 24,
          groupOrder := 24,
          memberCount := 1,
          memberKeys := [ "rank-at-least-15-Q_8-PGL-8-0-index-1-dimension-3" ]
           ,
          memberPositions := [ 24 ] ), rec(
          classNumber := 89,
          familyDimension := 3,
          finalStatus := "computed_saturated",
          finalTargetKey := "liftable-abelian-1-PGL-8-1-index-8-dimension-3",
          finalTargetPosition := 114,
          groupOrder := 24,
          memberCount := 1,
          memberKeys := [ "liftable-abelian-1-PGL-8-1-index-8-dimension-3" ],
          memberPositions := [ 114 ] ), rec(
          classNumber := 90,
          familyDimension := 3,
          finalStatus := "computed_saturated",
          finalTargetKey := 
           "liftable-abelian-1-PGL-8-1-index-8-dimension-3-representation-2",
          finalTargetPosition := 115,
          groupOrder := 24,
          memberCount := 1,
          memberKeys := 
           [ 
              "liftable-abelian-1-PGL-8-1-index-8-dimension-3-representation-2" 
             ],
          memberPositions := [ 115 ] ), rec(
          classNumber := 91,
          familyDimension := 3,
          finalStatus := "computed_saturated",
          finalTargetKey := 
           "liftable-abelian-1-PGL-8-1-index-8-dimension-3-representation-3",
          finalTargetPosition := 116,
          groupOrder := 24,
          memberCount := 1,
          memberKeys := 
           [ 
              "liftable-abelian-1-PGL-8-1-index-8-dimension-3-representation-3" 
             ],
          memberPositions := [ 116 ] ), rec(
          classNumber := 92,
          familyDimension := 3,
          finalStatus := "computed_saturated",
          finalTargetKey := "small-nonabelian-C4-PGL-8-3-index-2-dimension-3",
          finalTargetPosition := 151,
          groupOrder := 24,
          memberCount := 1,
          memberKeys := [ "small-nonabelian-C4-PGL-8-3-index-2-dimension-3" ],
          memberPositions := [ 151 ] ), rec(
          classNumber := 93,
          familyDimension := 3,
          finalStatus := "computed_saturated",
          finalTargetKey := "liftable-abelian-C3-PGL-9-2-index-3-dimension-3",
          finalTargetPosition := 113,
          groupOrder := 27,
          memberCount := 1,
          memberKeys := [ "liftable-abelian-C3-PGL-9-2-index-3-dimension-3" ],
          memberPositions := [ 113 ] ), rec(
          classNumber := 94,
          familyDimension := 3,
          finalStatus := "computed_saturated",
          finalTargetKey := "liftable-abelian-1-PGL-12-2-index-12-dimension-3"
           ,
          finalTargetPosition := 110,
          groupOrder := 36,
          memberCount := 1,
          memberKeys := [ "liftable-abelian-1-PGL-12-2-index-12-dimension-3" ]
           ,
          memberPositions := [ 110 ] ), rec(
          classNumber := 95,
          familyDimension := 3,
          finalStatus := "computed_saturated",
          finalTargetKey := 
           "liftable-abelian-1-PGL-12-2-index-12-dimension-3-representation-2"
           ,
          finalTargetPosition := 111,
          groupOrder := 36,
          memberCount := 1,
          memberKeys := 
           [ 
              "liftable-abelian-1-PGL-12-2-index-12-dimension-3-representation-2\
" ],
          memberPositions := [ 111 ] ), rec(
          classNumber := 96,
          familyDimension := 3,
          finalStatus := "computed_saturated",
          finalTargetKey := "liftable-abelian-C2-PGL-12-5-index-6-dimension-3"
           ,
          finalTargetPosition := 112,
          groupOrder := 36,
          memberCount := 1,
          memberKeys := [ "liftable-abelian-C2-PGL-12-5-index-6-dimension-3" ]
           ,
          memberPositions := [ 112 ] ), rec(
          classNumber := 97,
          familyDimension := 3,
          finalStatus := "computed_saturated",
          finalTargetKey := 
           "small-nonabelian-C2^2-PGL-12-3-index-3-dimension-3",
          finalTargetPosition := 141,
          groupOrder := 36,
          memberCount := 1,
          memberKeys := 
           [ "small-nonabelian-C2^2-PGL-12-3-index-3-dimension-3" ],
          memberPositions := [ 141 ] ), rec(
          classNumber := 98,
          familyDimension := 3,
          finalStatus := "computed_saturated",
          finalTargetKey := "small-nonabelian-S3-PGL-12-4-index-2-dimension-3"
           ,
          finalTargetPosition := 156,
          groupOrder := 36,
          memberCount := 1,
          memberKeys := [ "small-nonabelian-S3-PGL-12-4-index-2-dimension-3" ]
           ,
          memberPositions := [ 156 ] ), rec(
          classNumber := 99,
          familyDimension := 3,
          finalStatus := "computed_saturated",
          finalTargetKey := 
           "small-nonabelian-S3-PGL-12-4-index-2-dimension-3-representation-2"
           ,
          finalTargetPosition := 157,
          groupOrder := 36,
          memberCount := 1,
          memberKeys := 
           [ 
              "small-nonabelian-S3-PGL-12-4-index-2-dimension-3-representation-2\
" ],
          memberPositions := [ 157 ] ), rec(
          classNumber := 100,
          familyDimension := 3,
          finalStatus := "computed_saturated",
          finalTargetKey := 
           "rank-at-least-15-D_8-PGL-16-13-index-2-dimension-3",
          finalTargetPosition := 3,
          groupOrder := 48,
          memberCount := 2,
          memberKeys := 
           [ "rank-at-least-15-D_8-PGL-16-13-index-2-dimension-3", 
              "small-nonabelian-C4-PGL-8-4-index-2-dimension-3" ],
          memberPositions := [ 3, 150 ] ), rec(
          classNumber := 101,
          familyDimension := 3,
          finalStatus := "computed_saturated",
          finalTargetKey := "small-nonabelian-C3-PGL-18-3-index-6-dimension-3"
           ,
          finalTargetPosition := 139,
          groupOrder := 54,
          memberCount := 1,
          memberKeys := [ "small-nonabelian-C3-PGL-18-3-index-6-dimension-3" ]
           ,
          memberPositions := [ 139 ] ), rec(
          classNumber := 102,
          familyDimension := 3,
          finalStatus := "computed_saturated",
          finalTargetKey := "small-nonabelian-S3-PGL-18-3-index-3-dimension-3"
           ,
          finalTargetPosition := 160,
          groupOrder := 54,
          memberCount := 1,
          memberKeys := [ "small-nonabelian-S3-PGL-18-3-index-3-dimension-3" ]
           ,
          memberPositions := [ 160 ] ), rec(
          classNumber := 103,
          familyDimension := 3,
          finalStatus := "computed_saturated",
          finalTargetKey := 
           "rank-at-least-15-A_4-PGL-24-13-index-2-dimension-3",
          finalTargetPosition := 10,
          groupOrder := 72,
          memberCount := 1,
          memberKeys := 
           [ "rank-at-least-15-A_4-PGL-24-13-index-2-dimension-3" ],
          memberPositions := [ 10 ] ), rec(
          classNumber := 104,
          familyDimension := 3,
          finalStatus := "known_saturated",
          finalTargetKey := 
           "rank-at-least-15-S_4-PGL-24-0-index-1-dimension-3",
          finalTargetPosition := 29,
          groupOrder := 72,
          memberCount := 1,
          memberKeys := [ "rank-at-least-15-S_4-PGL-24-0-index-1-dimension-3" 
             ],
          memberPositions := [ 29 ] ), rec(
          classNumber := 105,
          familyDimension := 3,
          finalStatus := "computed_saturated",
          finalTargetKey := 
           "small-nonabelian-C2^2-PGL-24-10-index-6-dimension-3",
          finalTargetPosition := 147,
          groupOrder := 72,
          memberCount := 1,
          memberKeys := 
           [ "small-nonabelian-C2^2-PGL-24-10-index-6-dimension-3" ],
          memberPositions := [ 147 ] ), rec(
          classNumber := 106,
          familyDimension := 3,
          finalStatus := "computed_saturated",
          finalTargetKey := "small-nonabelian-S3-PGL-24-5-index-4-dimension-3"
           ,
          finalTargetPosition := 166,
          groupOrder := 72,
          memberCount := 1,
          memberKeys := [ "small-nonabelian-S3-PGL-24-5-index-4-dimension-3" ]
           ,
          memberPositions := [ 166 ] ), rec(
          classNumber := 107,
          familyDimension := 3,
          finalStatus := "computed_saturated",
          finalTargetKey := 
           "small-nonabelian-S3-PGL-36-12-index-6-dimension-3",
          finalTargetPosition := 167,
          groupOrder := 108,
          memberCount := 1,
          memberKeys := [ "small-nonabelian-S3-PGL-36-12-index-6-dimension-3" 
             ],
          memberPositions := [ 167 ] ), rec(
          classNumber := 108,
          familyDimension := 3,
          finalStatus := "computed_saturated",
          finalTargetKey := 
           "small-nonabelian-S3-PGL-36-12-index-6-dimension-3-representation-2\
",
          finalTargetPosition := 168,
          groupOrder := 108,
          memberCount := 1,
          memberKeys := 
           [ 
              "small-nonabelian-S3-PGL-36-12-index-6-dimension-3-representation-\
2" ],
          memberPositions := [ 168 ] ), rec(
          classNumber := 109,
          familyDimension := 3,
          finalStatus := "known_saturated",
          finalTargetKey := 
           "rank-at-least-15-S_4-PGL-48-0-index-2-dimension-3",
          finalTargetPosition := 28,
          groupOrder := 144,
          memberCount := 1,
          memberKeys := [ "rank-at-least-15-S_4-PGL-48-0-index-2-dimension-3" 
             ],
          memberPositions := [ 28 ] ), rec(
          classNumber := 110,
          familyDimension := 4,
          finalStatus := "computed_saturated",
          finalTargetKey := "liftable-abelian-1-PGL-6-2-index-6-dimension-4",
          finalTargetPosition := 105,
          groupOrder := 18,
          memberCount := 1,
          memberKeys := [ "liftable-abelian-1-PGL-6-2-index-6-dimension-4" ],
          memberPositions := [ 105 ] ), rec(
          classNumber := 111,
          familyDimension := 4,
          finalStatus := "computed_saturated",
          finalTargetKey := "liftable-abelian-C3-PGL-6-2-index-2-dimension-4",
          finalTargetPosition := 106,
          groupOrder := 18,
          memberCount := 1,
          memberKeys := [ "liftable-abelian-C3-PGL-6-2-index-2-dimension-4" ],
          memberPositions := [ 106 ] ), rec(
          classNumber := 112,
          familyDimension := 4,
          finalStatus := "computed_saturated",
          finalTargetKey := "liftable-abelian-C2-PGL-6-2-index-3-dimension-4",
          finalTargetPosition := 107,
          groupOrder := 18,
          memberCount := 1,
          memberKeys := [ "liftable-abelian-C2-PGL-6-2-index-3-dimension-4" ],
          memberPositions := [ 107 ] ), rec(
          classNumber := 113,
          familyDimension := 4,
          finalStatus := "computed_saturated",
          finalTargetKey := 
           "liftable-abelian-C3-PGL-6-2-index-2-dimension-4-representation-2",
          finalTargetPosition := 108,
          groupOrder := 18,
          memberCount := 1,
          memberKeys := 
           [ 
              "liftable-abelian-C3-PGL-6-2-index-2-dimension-4-representation-2"\
 ],
          memberPositions := [ 108 ] ), rec(
          classNumber := 114,
          familyDimension := 4,
          finalStatus := "computed_saturated",
          finalTargetKey := "small-nonabelian-C3-PGL-6-1-index-2-dimension-4",
          finalTargetPosition := 134,
          groupOrder := 18,
          memberCount := 1,
          memberKeys := [ "small-nonabelian-C3-PGL-6-1-index-2-dimension-4" ],
          memberPositions := [ 134 ] ), rec(
          classNumber := 115,
          familyDimension := 4,
          finalStatus := "computed_saturated",
          finalTargetKey := "liftable-abelian-C2-PGL-8-2-index-4-dimension-4",
          finalTargetPosition := 103,
          groupOrder := 24,
          memberCount := 1,
          memberKeys := [ "liftable-abelian-C2-PGL-8-2-index-4-dimension-4" ],
          memberPositions := [ 103 ] ), rec(
          classNumber := 116,
          familyDimension := 4,
          finalStatus := "computed_saturated",
          finalTargetKey := "liftable-abelian-C4-PGL-8-2-index-2-dimension-4",
          finalTargetPosition := 104,
          groupOrder := 24,
          memberCount := 2,
          memberKeys := [ "liftable-abelian-C4-PGL-8-2-index-2-dimension-4", 
              "liftable-abelian-C2-PGL-4-1-index-2-dimension-4" ],
          memberPositions := [ 104, 109 ] ), rec(
          classNumber := 117,
          familyDimension := 4,
          finalStatus := "computed_saturated",
          finalTargetKey := "liftable-abelian-C3-PGL-9-2-index-3-dimension-4",
          finalTargetPosition := 102,
          groupOrder := 27,
          memberCount := 1,
          memberKeys := [ "liftable-abelian-C3-PGL-9-2-index-3-dimension-4" ],
          memberPositions := [ 102 ] ), rec(
          classNumber := 118,
          familyDimension := 4,
          finalStatus := "known_saturated",
          finalTargetKey := 
           "rank-at-least-15-D_10-PGL-10-0-index-1-dimension-4",
          finalTargetPosition := 5,
          groupOrder := 30,
          memberCount := 1,
          memberKeys := 
           [ "rank-at-least-15-D_10-PGL-10-0-index-1-dimension-4" ],
          memberPositions := [ 5 ] ), rec(
          classNumber := 119,
          familyDimension := 4,
          finalStatus := "known_saturated",
          finalTargetKey := 
           "rank-at-least-15-A_4-PGL-12-0-index-1-dimension-4",
          finalTargetPosition := 9,
          groupOrder := 36,
          memberCount := 1,
          memberKeys := [ "rank-at-least-15-A_4-PGL-12-0-index-1-dimension-4" 
             ],
          memberPositions := [ 9 ] ), rec(
          classNumber := 120,
          familyDimension := 4,
          finalStatus := "known_saturated",
          finalTargetKey := 
           "rank-at-least-15-D_12-PGL-12-0-index-1-dimension-4",
          finalTargetPosition := 14,
          groupOrder := 36,
          memberCount := 1,
          memberKeys := 
           [ "rank-at-least-15-D_12-PGL-12-0-index-1-dimension-4" ],
          memberPositions := [ 14 ] ), rec(
          classNumber := 121,
          familyDimension := 4,
          finalStatus := "computed_saturated",
          finalTargetKey := 
           "liftable-abelian-C2^2-PGL-12-5-index-3-dimension-4",
          finalTargetPosition := 101,
          groupOrder := 36,
          memberCount := 1,
          memberKeys := 
           [ "liftable-abelian-C2^2-PGL-12-5-index-3-dimension-4" ],
          memberPositions := [ 101 ] ), rec(
          classNumber := 122,
          familyDimension := 4,
          finalStatus := "computed_saturated",
          finalTargetKey := 
           "rank-at-least-15-D_8-PGL-16-11-index-2-dimension-4",
          finalTargetPosition := 2,
          groupOrder := 48,
          memberCount := 2,
          memberKeys := 
           [ "rank-at-least-15-D_8-PGL-16-11-index-2-dimension-4", 
              "small-nonabelian-C2^2-PGL-8-3-index-2-dimension-4" ],
          memberPositions := [ 2, 143 ] ), rec(
          classNumber := 123,
          familyDimension := 4,
          finalStatus := "known_saturated",
          finalTargetKey := 
           "rank-at-least-15-A_3,3-PGL-18-0-index-1-dimension-4",
          finalTargetPosition := 20,
          groupOrder := 54,
          memberCount := 1,
          memberKeys := 
           [ "rank-at-least-15-A_3,3-PGL-18-0-index-1-dimension-4" ],
          memberPositions := [ 20 ] ), rec(
          classNumber := 124,
          familyDimension := 4,
          finalStatus := "computed_saturated",
          finalTargetKey := "small-nonabelian-C3-PGL-18-3-index-6-dimension-4"
           ,
          finalTargetPosition := 135,
          groupOrder := 54,
          memberCount := 1,
          memberKeys := [ "small-nonabelian-C3-PGL-18-3-index-6-dimension-4" ]
           ,
          memberPositions := [ 135 ] ), rec(
          classNumber := 125,
          familyDimension := 4,
          finalStatus := "computed_saturated",
          finalTargetKey := 
           "small-nonabelian-C3-PGL-18-3-index-6-dimension-4-representation-2"
           ,
          finalTargetPosition := 136,
          groupOrder := 54,
          memberCount := 1,
          memberKeys := 
           [ 
              "small-nonabelian-C3-PGL-18-3-index-6-dimension-4-representation-2\
" ],
          memberPositions := [ 136 ] ), rec(
          classNumber := 126,
          familyDimension := 4,
          finalStatus := "known_saturated",
          finalTargetKey := 
           "rank-at-least-15-A_4-PGL-24-0-index-2-dimension-4",
          finalTargetPosition := 8,
          groupOrder := 72,
          memberCount := 1,
          memberKeys := [ "rank-at-least-15-A_4-PGL-24-0-index-2-dimension-4" 
             ],
          memberPositions := [ 8 ] ), rec(
          classNumber := 127,
          familyDimension := 4,
          finalStatus := "known_saturated",
          finalTargetKey := 
           "rank-at-least-15-D_12-PGL-24-14-index-2-dimension-4",
          finalTargetPosition := 13,
          groupOrder := 72,
          memberCount := 1,
          memberKeys := 
           [ "rank-at-least-15-D_12-PGL-24-14-index-2-dimension-4" ],
          memberPositions := [ 13 ] ), rec(
          classNumber := 128,
          familyDimension := 4,
          finalStatus := "known_saturated",
          finalTargetKey := 
           "rank-at-least-15-A_3,3-PGL-36-0-index-2-dimension-4",
          finalTargetPosition := 21,
          groupOrder := 108,
          memberCount := 1,
          memberKeys := 
           [ "rank-at-least-15-A_3,3-PGL-36-0-index-2-dimension-4" ],
          memberPositions := [ 21 ] ), rec(
          classNumber := 129,
          familyDimension := 5,
          finalStatus := "computed_saturated",
          finalTargetKey := "liftable-abelian-1-PGL-6-2-index-6-dimension-5",
          finalTargetPosition := 100,
          groupOrder := 18,
          memberCount := 1,
          memberKeys := [ "liftable-abelian-1-PGL-6-2-index-6-dimension-5" ],
          memberPositions := [ 100 ] ), rec(
          classNumber := 130,
          familyDimension := 5,
          finalStatus := "known_saturated",
          finalTargetKey := "rank-at-least-15-D_8-PGL-8-0-index-1-dimension-5"
           ,
          finalTargetPosition := 1,
          groupOrder := 24,
          memberCount := 1,
          memberKeys := [ "rank-at-least-15-D_8-PGL-8-0-index-1-dimension-5" ]
           ,
          memberPositions := [ 1 ] ), rec(
          classNumber := 131,
          familyDimension := 5,
          finalStatus := "computed_saturated",
          finalTargetKey := "liftable-abelian-C2-PGL-8-2-index-4-dimension-5",
          finalTargetPosition := 98,
          groupOrder := 24,
          memberCount := 1,
          memberKeys := [ "liftable-abelian-C2-PGL-8-2-index-4-dimension-5" ],
          memberPositions := [ 98 ] ), rec(
          classNumber := 132,
          familyDimension := 5,
          finalStatus := "computed_saturated",
          finalTargetKey := 
           "liftable-abelian-C2^2-PGL-8-5-index-2-dimension-5",
          finalTargetPosition := 99,
          groupOrder := 24,
          memberCount := 1,
          memberKeys := [ "liftable-abelian-C2^2-PGL-8-5-index-2-dimension-5" 
             ],
          memberPositions := [ 99 ] ), rec(
          classNumber := 133,
          familyDimension := 5,
          finalStatus := "computed_saturated",
          finalTargetKey := "small-nonabelian-C4-PGL-8-3-index-2-dimension-5",
          finalTargetPosition := 152,
          groupOrder := 24,
          memberCount := 1,
          memberKeys := [ "small-nonabelian-C4-PGL-8-3-index-2-dimension-5" ],
          memberPositions := [ 152 ] ), rec(
          classNumber := 134,
          familyDimension := 5,
          finalStatus := "computed_saturated",
          finalTargetKey := "liftable-abelian-C2-PGL-12-5-index-6-dimension-5"
           ,
          finalTargetPosition := 97,
          groupOrder := 36,
          memberCount := 1,
          memberKeys := [ "liftable-abelian-C2-PGL-12-5-index-6-dimension-5" ]
           ,
          memberPositions := [ 97 ] ), rec(
          classNumber := 135,
          familyDimension := 6,
          finalStatus := "computed_saturated",
          finalTargetKey := "liftable-abelian-1-PGL-3-1-index-3-dimension-6",
          finalTargetPosition := 96,
          groupOrder := 9,
          memberCount := 1,
          memberKeys := [ "liftable-abelian-1-PGL-3-1-index-3-dimension-6" ],
          memberPositions := [ 96 ] ), rec(
          classNumber := 136,
          familyDimension := 6,
          finalStatus := "known_saturated",
          finalTargetKey := "liftable-abelian-C4-PGL-4-1-index-1-dimension-6",
          finalTargetPosition := 94,
          groupOrder := 12,
          memberCount := 1,
          memberKeys := [ "liftable-abelian-C4-PGL-4-1-index-1-dimension-6" ],
          memberPositions := [ 94 ] ), rec(
          classNumber := 137,
          familyDimension := 6,
          finalStatus := "computed_saturated",
          finalTargetKey := "liftable-abelian-C2-PGL-4-2-index-2-dimension-6",
          finalTargetPosition := 95,
          groupOrder := 12,
          memberCount := 1,
          memberKeys := [ "liftable-abelian-C2-PGL-4-2-index-2-dimension-6" ],
          memberPositions := [ 95 ] ), rec(
          classNumber := 138,
          familyDimension := 6,
          finalStatus := "computed_saturated",
          finalTargetKey := "liftable-abelian-C2-PGL-6-2-index-3-dimension-6",
          finalTargetPosition := 93,
          groupOrder := 18,
          memberCount := 1,
          memberKeys := [ "liftable-abelian-C2-PGL-6-2-index-3-dimension-6" ],
          memberPositions := [ 93 ] ), rec(
          classNumber := 139,
          familyDimension := 6,
          finalStatus := "known_saturated",
          finalTargetKey := "small-nonabelian-S3-PGL-6-1-index-1-dimension-6",
          finalTargetPosition := 155,
          groupOrder := 18,
          memberCount := 1,
          memberKeys := [ "small-nonabelian-S3-PGL-6-1-index-1-dimension-6" ],
          memberPositions := [ 155 ] ), rec(
          classNumber := 140,
          familyDimension := 6,
          finalStatus := "computed_saturated",
          finalTargetKey := 
           "small-nonabelian-C2^2-PGL-8-3-index-2-dimension-6",
          finalTargetPosition := 144,
          groupOrder := 24,
          memberCount := 1,
          memberKeys := [ "small-nonabelian-C2^2-PGL-8-3-index-2-dimension-6" 
             ],
          memberPositions := [ 144 ] ), rec(
          classNumber := 141,
          familyDimension := 6,
          finalStatus := "known_saturated",
          finalTargetKey := "small-nonabelian-S3-PGL-12-4-index-2-dimension-6"
           ,
          finalTargetPosition := 165,
          groupOrder := 36,
          memberCount := 1,
          memberKeys := [ "small-nonabelian-S3-PGL-12-4-index-2-dimension-6" ]
           ,
          memberPositions := [ 165 ] ), rec(
          classNumber := 142,
          familyDimension := 7,
          finalStatus := "computed_saturated",
          finalTargetKey := "liftable-abelian-1-PGL-3-1-index-3-dimension-7",
          finalTargetPosition := 92,
          groupOrder := 9,
          memberCount := 1,
          memberKeys := [ "liftable-abelian-1-PGL-3-1-index-3-dimension-7" ],
          memberPositions := [ 92 ] ), rec(
          classNumber := 143,
          familyDimension := 7,
          finalStatus := "computed_saturated",
          finalTargetKey := "liftable-abelian-1-PGL-4-1-index-4-dimension-7",
          finalTargetPosition := 90,
          groupOrder := 12,
          memberCount := 1,
          memberKeys := [ "liftable-abelian-1-PGL-4-1-index-4-dimension-7" ],
          memberPositions := [ 90 ] ), rec(
          classNumber := 144,
          familyDimension := 7,
          finalStatus := "computed_saturated",
          finalTargetKey := 
           "liftable-abelian-1-PGL-4-1-index-4-dimension-7-representation-2",
          finalTargetPosition := 91,
          groupOrder := 12,
          memberCount := 1,
          memberKeys := 
           [ 
              "liftable-abelian-1-PGL-4-1-index-4-dimension-7-representation-2" 
             ],
          memberPositions := [ 91 ] ), rec(
          classNumber := 145,
          familyDimension := 7,
          finalStatus := "computed_saturated",
          finalTargetKey := "liftable-abelian-1-PGL-6-2-index-6-dimension-7",
          finalTargetPosition := 89,
          groupOrder := 18,
          memberCount := 1,
          memberKeys := [ "liftable-abelian-1-PGL-6-2-index-6-dimension-7" ],
          memberPositions := [ 89 ] ), rec(
          classNumber := 146,
          familyDimension := 7,
          finalStatus := "computed_saturated",
          finalTargetKey := 
           "liftable-abelian-C2^2-PGL-8-5-index-2-dimension-7",
          finalTargetPosition := 88,
          groupOrder := 24,
          memberCount := 1,
          memberKeys := [ "liftable-abelian-C2^2-PGL-8-5-index-2-dimension-7" 
             ],
          memberPositions := [ 88 ] ), rec(
          classNumber := 147,
          familyDimension := 8,
          finalStatus := "known_saturated",
          finalTargetKey := "liftable-abelian-C3-PGL-3-1-index-1-dimension-8",
          finalTargetPosition := 87,
          groupOrder := 9,
          memberCount := 1,
          memberKeys := [ "liftable-abelian-C3-PGL-3-1-index-1-dimension-8" ],
          memberPositions := [ 87 ] ), rec(
          classNumber := 148,
          familyDimension := 8,
          finalStatus := "computed_saturated",
          finalTargetKey := "liftable-abelian-C2-PGL-4-2-index-2-dimension-8",
          finalTargetPosition := 85,
          groupOrder := 12,
          memberCount := 1,
          memberKeys := [ "liftable-abelian-C2-PGL-4-2-index-2-dimension-8" ],
          memberPositions := [ 85 ] ), rec(
          classNumber := 149,
          familyDimension := 8,
          finalStatus := "known_saturated",
          finalTargetKey := 
           "liftable-abelian-C2^2-PGL-4-2-index-1-dimension-8",
          finalTargetPosition := 86,
          groupOrder := 12,
          memberCount := 1,
          memberKeys := [ "liftable-abelian-C2^2-PGL-4-2-index-1-dimension-8" 
             ],
          memberPositions := [ 86 ] ), rec(
          classNumber := 150,
          familyDimension := 8,
          finalStatus := "known_saturated",
          finalTargetKey := "small-nonabelian-C3-PGL-6-1-index-2-dimension-8",
          finalTargetPosition := 140,
          groupOrder := 18,
          memberCount := 1,
          memberKeys := [ "small-nonabelian-C3-PGL-6-1-index-2-dimension-8" ],
          memberPositions := [ 140 ] ), rec(
          classNumber := 151,
          familyDimension := 10,
          finalStatus := "computed_saturated",
          finalTargetKey := "liftable-abelian-1-PGL-2-1-index-2-dimension-10",
          finalTargetPosition := 84,
          groupOrder := 6,
          memberCount := 1,
          memberKeys := [ "liftable-abelian-1-PGL-2-1-index-2-dimension-10" ],
          memberPositions := [ 84 ] ), rec(
          classNumber := 152,
          familyDimension := 10,
          finalStatus := "computed_saturated",
          finalTargetKey := "liftable-abelian-1-PGL-3-1-index-3-dimension-10",
          finalTargetPosition := 83,
          groupOrder := 9,
          memberCount := 1,
          memberKeys := [ "liftable-abelian-1-PGL-3-1-index-3-dimension-10" ],
          memberPositions := [ 83 ] ), rec(
          classNumber := 153,
          familyDimension := 10,
          finalStatus := "computed_saturated",
          finalTargetKey := "liftable-abelian-C2-PGL-4-2-index-2-dimension-10"
           ,
          finalTargetPosition := 82,
          groupOrder := 12,
          memberCount := 1,
          memberKeys := [ "liftable-abelian-C2-PGL-4-2-index-2-dimension-10" ]
           ,
          memberPositions := [ 82 ] ), rec(
          classNumber := 154,
          familyDimension := 12,
          finalStatus := "known_saturated",
          finalTargetKey := "liftable-abelian-C2-PGL-2-1-index-1-dimension-12"
           ,
          finalTargetPosition := 81,
          groupOrder := 6,
          memberCount := 1,
          memberKeys := [ "liftable-abelian-C2-PGL-2-1-index-1-dimension-12" ]
           ,
          memberPositions := [ 81 ] ), rec(
          classNumber := 155,
          familyDimension := 14,
          finalStatus := "computed_saturated",
          finalTargetKey := "liftable-abelian-1-PGL-2-1-index-2-dimension-14",
          finalTargetPosition := 80,
          groupOrder := 6,
          memberCount := 1,
          memberKeys := [ "liftable-abelian-1-PGL-2-1-index-2-dimension-14" ],
          memberPositions := [ 80 ] ), rec(
          classNumber := 156,
          familyDimension := 20,
          finalStatus := "known_saturated",
          finalTargetKey := "liftable-abelian-1-PGL-1-1-index-1-dimension-20",
          finalTargetPosition := 79,
          groupOrder := 3,
          memberCount := 1,
          memberKeys := [ "liftable-abelian-1-PGL-1-1-index-1-dimension-20" ],
          memberPositions := [ 79 ] ) ],
  schemaVersion := 2,
  status := "completed",
  strictTestCount := 309,
  survivorCount := 156,
  survivorKeys := [ "liftable-abelian-1-PGL-32-1-index-32-dimension-0", 
      "liftable-abelian-1-PGL-48-2-index-48-dimension-0", 
      "rank-at-least-15-F_21-PGL-126-0-index-6-dimension-0", 
      "small-nonabelian-S3-PGL-144-69-index-24-dimension-0", 
      "rank-at-least-15-M_9-PGL-216-0-index-3-dimension-0", 
      "rank-at-least-15-PSL(2,7)-PGL-336-0-index-2-dimension-0", 
      "rank-at-least-15-PSL(2,7)-PGL-336-0-index-2-dimension-0-representation-\
2", "rank-at-least-15-M_10-PGL-720-0-index-1-dimension-0", 
      "rank-at-least-15-M_10-PGL-720-0-index-1-dimension-0-representation-2", 
      "rank-at-least-15-L_2(11)-PGL-1980-0-index-3-dimension-0", 
      "rank-at-least-15-A_3,5-PGL-2160-0-index-6-dimension-0", 
      "rank-at-least-15-A_7-PGL-2520-0-index-1-dimension-0", 
      "rank-at-least-15-A_7-PGL-5040-0-index-2-dimension-0", 
      "rank-at-least-15-3^{1+4}:2-PGL-5832-0-index-12-dimension-0", 
      "rank-at-least-15-3^{1+4}:2.2^2-PGL-7776-0-index-4-dimension-0", 
      "rank-at-least-15-3^4:A_6-PGL-174960-0-index-6-dimension-0", 
      "liftable-abelian-1-PGL-16-1-index-16-dimension-1", 
      "liftable-abelian-1-PGL-16-1-index-16-dimension-1-representation-2", 
      "nonliftable-abelian-C3-PGL-18-5-index-6-dimension-1", 
      "rank-at-least-15-Q_8-PGL-24-3-index-3-dimension-1", 
      "liftable-abelian-C2-PGL-24-9-index-12-dimension-1", 
      "liftable-abelian-1-PGL-24-2-index-24-dimension-1", 
      "liftable-abelian-1-PGL-24-2-index-24-dimension-1-representation-2", 
      "rank-at-least-15-Q_8-PGL-32-11-index-4-dimension-1", 
      "rank-at-least-15-QD_16-PGL-32-42-index-2-dimension-1", 
      "rank-at-least-15-F_21-PGL-42-0-index-2-dimension-1", 
      "rank-at-least-15-T_48-PGL-48-0-index-1-dimension-1", 
      "small-nonabelian-S3-PGL-48-4-index-8-dimension-1", 
      "rank-at-least-15-A_3,3-PGL-54-5-index-3-dimension-1", 
      "rank-at-least-15-D_12-PGL-72-30-index-6-dimension-1", 
      "rank-at-least-15-M_9-PGL-72-41-index-1-dimension-1", 
      "small-nonabelian-S3-PGL-72-27-index-12-dimension-1", 
      "small-nonabelian-S3-PGL-72-27-index-12-dimension-1-representation-2", 
      "rank-at-least-15-S_5-PGL-120-0-index-1-dimension-1", 
      "rank-at-least-15-A_4,3-PGL-144-189-index-2-dimension-1", 
      "rank-at-least-15-N_72-PGL-144-186-index-2-dimension-1", 
      "rank-at-least-15-PSL(2,7)-PGL-168-0-index-1-dimension-1", 
      "rank-at-least-15-A_5-PGL-180-19-index-3-dimension-1", 
      "rank-at-least-15-S_3,3-PGL-216-170-index-6-dimension-1", 
      "rank-at-least-15-S_3,3-PGL-216-157-index-6-dimension-1", 
      "rank-at-least-15-S_5-PGL-240-0-index-2-dimension-1", 
      "rank-at-least-15-A_5-PGL-360-119-index-6-dimension-1", 
      "rank-at-least-15-A_6-PGL-360-0-index-1-dimension-1", 
      "rank-at-least-15-A_4,3-PGL-432-745-index-6-dimension-1", 
      "rank-at-least-15-A_6-PGL-720-0-index-2-dimension-1", 
      "rank-at-least-15-3^{1+4}:2-PGL-1944-3493-index-4-dimension-1", 
      "rank-at-least-15-3^{1+4}:2.2-PGL-1944-0-index-2-dimension-1", 
      "rank-at-least-15-3^{1+4}:2-PGL-2916-0-index-6-dimension-1", 
      "nonliftable-abelian-C3-PGL-9-2-index-3-dimension-2", 
      "liftable-abelian-1-PGL-12-2-index-12-dimension-2", 
      "liftable-abelian-1-PGL-12-2-index-12-dimension-2-representation-2", 
      "rank-at-least-15-D_8-PGL-16-7-index-2-dimension-2", 
      "rank-at-least-15-Q_8-PGL-16-13-index-2-dimension-2", 
      "rank-at-least-15-QD_16-PGL-16-0-index-1-dimension-2", 
      "liftable-abelian-C4-PGL-16-2-index-4-dimension-2", 
      "liftable-abelian-C2-PGL-16-5-index-8-dimension-2", 
      "small-nonabelian-C4-PGL-16-6-index-4-dimension-2", 
      "liftable-abelian-C3-PGL-18-5-index-6-dimension-2", 
      "small-nonabelian-S3-PGL-18-3-index-3-dimension-2-representation-2", 
      "rank-at-least-15-D_10-PGL-20-4-index-2-dimension-2", 
      "rank-at-least-15-Hol_5-PGL-20-0-index-1-dimension-2", 
      "rank-at-least-15-F_21-PGL-21-0-index-1-dimension-2", 
      "rank-at-least-15-D_12-PGL-24-14-index-2-dimension-2", 
      "rank-at-least-15-D_12-PGL-24-8-index-2-dimension-2", 
      "liftable-abelian-C2-PGL-24-9-index-12-dimension-2", 
      "small-nonabelian-C2^2-PGL-24-13-index-6-dimension-2", 
      "small-nonabelian-C2^2-PGL-24-13-index-6-dimension-2-representation-2", 
      "rank-at-least-15-D_10-PGL-30-2-index-3-dimension-2", 
      "rank-at-least-15-A_4-PGL-36-11-index-3-dimension-2", 
      "rank-at-least-15-D_12-PGL-36-12-index-3-dimension-2", 
      "rank-at-least-15-A_3,3-PGL-36-13-index-2-dimension-2", 
      "rank-at-least-15-3^2.4-PGL-36-0-index-1-dimension-2", 
      "small-nonabelian-S3-PGL-36-12-index-6-dimension-2-representation-2", 
      "rank-at-least-15-S_4-PGL-48-48-index-2-dimension-2", 
      "rank-at-least-15-A_5-PGL-60-0-index-1-dimension-2", 
      "rank-at-least-15-A_4-PGL-72-42-index-6-dimension-2", 
      "rank-at-least-15-D_12-PGL-72-48-index-6-dimension-2", 
      "rank-at-least-15-S_3,3-PGL-72-46-index-2-dimension-2", 
      "rank-at-least-15-S_3,3-PGL-72-40-index-2-dimension-2", 
      "rank-at-least-15-3^2.4-PGL-72-40-index-2-dimension-2", 
      "rank-at-least-15-A_4,3-PGL-72-43-index-1-dimension-2", 
      "rank-at-least-15-A_3,3-PGL-108-38-index-6-dimension-2", 
      "rank-at-least-15-A_3,3-PGL-108-38-index-6-dimension-2-representation-2"
        , "rank-at-least-15-A_5-PGL-120-0-index-2-dimension-2", 
      "rank-at-least-15-A_4,3-PGL-144-0-index-2-dimension-2", 
      "rank-at-least-15-3^{1+4}:2-PGL-972-0-index-2-dimension-2", 
      "liftable-abelian-1-PGL-6-2-index-6-dimension-3", 
      "rank-at-least-15-Q_8-PGL-8-0-index-1-dimension-3", 
      "liftable-abelian-1-PGL-8-1-index-8-dimension-3", 
      "liftable-abelian-1-PGL-8-1-index-8-dimension-3-representation-2", 
      "liftable-abelian-1-PGL-8-1-index-8-dimension-3-representation-3", 
      "small-nonabelian-C4-PGL-8-3-index-2-dimension-3", 
      "liftable-abelian-C3-PGL-9-2-index-3-dimension-3", 
      "liftable-abelian-1-PGL-12-2-index-12-dimension-3", 
      "liftable-abelian-1-PGL-12-2-index-12-dimension-3-representation-2", 
      "liftable-abelian-C2-PGL-12-5-index-6-dimension-3", 
      "small-nonabelian-C2^2-PGL-12-3-index-3-dimension-3", 
      "small-nonabelian-S3-PGL-12-4-index-2-dimension-3", 
      "small-nonabelian-S3-PGL-12-4-index-2-dimension-3-representation-2", 
      "rank-at-least-15-D_8-PGL-16-13-index-2-dimension-3", 
      "small-nonabelian-C3-PGL-18-3-index-6-dimension-3", 
      "small-nonabelian-S3-PGL-18-3-index-3-dimension-3", 
      "rank-at-least-15-A_4-PGL-24-13-index-2-dimension-3", 
      "rank-at-least-15-S_4-PGL-24-0-index-1-dimension-3", 
      "small-nonabelian-C2^2-PGL-24-10-index-6-dimension-3", 
      "small-nonabelian-S3-PGL-24-5-index-4-dimension-3", 
      "small-nonabelian-S3-PGL-36-12-index-6-dimension-3", 
      "small-nonabelian-S3-PGL-36-12-index-6-dimension-3-representation-2", 
      "rank-at-least-15-S_4-PGL-48-0-index-2-dimension-3", 
      "liftable-abelian-1-PGL-6-2-index-6-dimension-4", 
      "liftable-abelian-C3-PGL-6-2-index-2-dimension-4", 
      "liftable-abelian-C2-PGL-6-2-index-3-dimension-4", 
      "liftable-abelian-C3-PGL-6-2-index-2-dimension-4-representation-2", 
      "small-nonabelian-C3-PGL-6-1-index-2-dimension-4", 
      "liftable-abelian-C2-PGL-8-2-index-4-dimension-4", 
      "liftable-abelian-C4-PGL-8-2-index-2-dimension-4", 
      "liftable-abelian-C3-PGL-9-2-index-3-dimension-4", 
      "rank-at-least-15-D_10-PGL-10-0-index-1-dimension-4", 
      "rank-at-least-15-A_4-PGL-12-0-index-1-dimension-4", 
      "rank-at-least-15-D_12-PGL-12-0-index-1-dimension-4", 
      "liftable-abelian-C2^2-PGL-12-5-index-3-dimension-4", 
      "rank-at-least-15-D_8-PGL-16-11-index-2-dimension-4", 
      "rank-at-least-15-A_3,3-PGL-18-0-index-1-dimension-4", 
      "small-nonabelian-C3-PGL-18-3-index-6-dimension-4", 
      "small-nonabelian-C3-PGL-18-3-index-6-dimension-4-representation-2", 
      "rank-at-least-15-A_4-PGL-24-0-index-2-dimension-4", 
      "rank-at-least-15-D_12-PGL-24-14-index-2-dimension-4", 
      "rank-at-least-15-A_3,3-PGL-36-0-index-2-dimension-4", 
      "liftable-abelian-1-PGL-6-2-index-6-dimension-5", 
      "rank-at-least-15-D_8-PGL-8-0-index-1-dimension-5", 
      "liftable-abelian-C2-PGL-8-2-index-4-dimension-5", 
      "liftable-abelian-C2^2-PGL-8-5-index-2-dimension-5", 
      "small-nonabelian-C4-PGL-8-3-index-2-dimension-5", 
      "liftable-abelian-C2-PGL-12-5-index-6-dimension-5", 
      "liftable-abelian-1-PGL-3-1-index-3-dimension-6", 
      "liftable-abelian-C4-PGL-4-1-index-1-dimension-6", 
      "liftable-abelian-C2-PGL-4-2-index-2-dimension-6", 
      "liftable-abelian-C2-PGL-6-2-index-3-dimension-6", 
      "small-nonabelian-S3-PGL-6-1-index-1-dimension-6", 
      "small-nonabelian-C2^2-PGL-8-3-index-2-dimension-6", 
      "small-nonabelian-S3-PGL-12-4-index-2-dimension-6", 
      "liftable-abelian-1-PGL-3-1-index-3-dimension-7", 
      "liftable-abelian-1-PGL-4-1-index-4-dimension-7", 
      "liftable-abelian-1-PGL-4-1-index-4-dimension-7-representation-2", 
      "liftable-abelian-1-PGL-6-2-index-6-dimension-7", 
      "liftable-abelian-C2^2-PGL-8-5-index-2-dimension-7", 
      "liftable-abelian-C3-PGL-3-1-index-1-dimension-8", 
      "liftable-abelian-C2-PGL-4-2-index-2-dimension-8", 
      "liftable-abelian-C2^2-PGL-4-2-index-1-dimension-8", 
      "small-nonabelian-C3-PGL-6-1-index-2-dimension-8", 
      "liftable-abelian-1-PGL-2-1-index-2-dimension-10", 
      "liftable-abelian-1-PGL-3-1-index-3-dimension-10", 
      "liftable-abelian-C2-PGL-4-2-index-2-dimension-10", 
      "liftable-abelian-C2-PGL-2-1-index-1-dimension-12", 
      "liftable-abelian-1-PGL-2-1-index-2-dimension-14", 
      "liftable-abelian-1-PGL-1-1-index-1-dimension-20" ],
  testedPairCount := 867,
  undecidedCount := 0,
  undecidedPairs := [  ],
  unresolvedSurvivorCount := 0 );
