# Generated by gap_large_abelian_smoothness.g.
# GAP-readable exact smoothness certificates.

LargeAbelianSmoothnessRun := rec(
allDimensionsVerified := true,
allFamiliesSmooth := true,
computationalSmoothCount := 131,
dimensionAuditCount := 131,
dimensionFailureCount := 0,
externalTools := rec(
environment := "WSL (Ubuntu)",
gapVersion := "4.12.1",
singular := "/usr/bin/Singular",
timeout := "/usr/bin/timeout" ),
liftableAbelianCount := 53,
maximumMemberTrials := 12,
memberTimeoutSeconds := 120,
nonliftableAbelianCount := 2,
numberOfCandidates := 131,
rankAtLeast15Count := 76,
results := [ rec(
coefficients := [ 2, 5, 10, 17, 26, 37, 50, 65, 82, 101, 122, 145 ],
dimensionAudit := rec(
computedCentralizerDimension := 7,
computedFamilyDimension := 5,
computedInvariantDimension := 12,
storedCentralizerDimension := 7,
storedFamilyDimension := 5,
storedInvariantDimension := 12,
verified := true ),
label := "large-1",
linearGroupId := [ 24, 10 ],
number := 1,
projectiveGroupId := [ 8, 0 ],
proofType := "an explicit member has empty projective Jacobian locus",
rankS := 15,
runtimeMilliseconds := 17,
smoothPolynomial := "(-2)*x4*x6^2 + (2)*x4*x5^2 + (5)*x3*x6^2 + (5)*x3*x5^2 + (10)*x2*x5*x6 + (17)*x2*x4^2 + (26)*x2*x3^2 + (37)*x2^3 + (50)*x1*x5*x6 + (65)*x1*x4^2 + (82)*x1*x3^2 + (101)*x1*x2^2 + (122)*x1^2*x2 + (145)*x1^3",
sourceCategory := "rank_at_least_15",
sourcePosition := 1,
status := "smooth",
symplecticPart := "D_8",
theoreticalSource := "Koike (3.7)",
trials := [ rec(
coefficients := [ 2, 5, 10, 17, 26, 37, 50, 65, 82, 101, 122, 145 ],
exitCode := 0,
singularChart := fail,
status := "exact_smooth" ) ],
verificationMode := "exact_computation" ), rec(
coefficients := [ 2, 5, 10, 17, 26, 37, 50, 65, 82, 101, 122 ],
dimensionAudit := rec(
computedCentralizerDimension := 7,
computedFamilyDimension := 4,
computedInvariantDimension := 11,
storedCentralizerDimension := 7,
storedFamilyDimension := 4,
storedInvariantDimension := 11,
verified := true ),
label := "large-2",
linearGroupId := [ 48, 45 ],
number := 2,
projectiveGroupId := [ 16, 11 ],
proofType := "an explicit member has empty projective Jacobian locus",
rankS := 15,
runtimeMilliseconds := 65,
smoothPolynomial := "(2)*x3*x6^2 + (2)*x3*x5^2 + (5)*x2*x5*x6 + (10)*x2*x4^2 + (17)*x2*x3^2 + (26)*x2^3 + (37)*x1*x5*x6 + (50)*x1*x4^2 + (65)*x1*x3^2 + (82)*x1*x2^2 + (101)*x1^2*x2 + (122)*x1^3",
sourceCategory := "rank_at_least_15",
sourcePosition := 2,
status := "smooth",
symplecticPart := "D_8",
theoreticalSource := "",
trials := [ rec(
coefficients := [ 2, 5, 10, 17, 26, 37, 50, 65, 82, 101, 122 ],
exitCode := 0,
singularChart := fail,
status := "exact_smooth" ) ],
verificationMode := "exact_computation" ), rec(
coefficients := [ 2, 5, 10, 17, 26, 37, 50, 65, 82, 101 ],
dimensionAudit := rec(
computedCentralizerDimension := 7,
computedFamilyDimension := 3,
computedInvariantDimension := 10,
storedCentralizerDimension := 7,
storedFamilyDimension := 3,
storedInvariantDimension := 10,
verified := true ),
label := "large-3",
linearGroupId := [ 48, 47 ],
number := 3,
projectiveGroupId := [ 16, 13 ],
proofType := "an explicit member has empty projective Jacobian locus",
rankS := 15,
runtimeMilliseconds := 31,
smoothPolynomial := "(-2)*x4*x6^2 + (2)*x4*x5^2 + (5)*x3*x6^2 + (5)*x3*x5^2 + (10)*x2*x4^2 + (17)*x2*x3^2 + (26)*x2^3 + (37)*x1*x4^2 + (50)*x1*x3^2 + (65)*x1*x2^2 + (82)*x1^2*x2 + (101)*x1^3",
sourceCategory := "rank_at_least_15",
sourcePosition := 3,
status := "smooth",
symplecticPart := "D_8",
theoreticalSource := "",
trials := [ rec(
coefficients := [ 2, 5, 10, 17, 26, 37, 50, 65, 82, 101 ],
exitCode := 0,
singularChart := fail,
status := "exact_smooth" ) ],
verificationMode := "exact_computation" ), rec(
coefficients := [ 2, 5, 10, 17, 26, 37 ],
dimensionAudit := rec(
computedCentralizerDimension := 4,
computedFamilyDimension := 2,
computedInvariantDimension := 6,
storedCentralizerDimension := 4,
storedFamilyDimension := 2,
storedInvariantDimension := 6,
verified := true ),
label := "large-4",
linearGroupId := [ 48, 25 ],
number := 4,
projectiveGroupId := [ 16, 7 ],
proofType := "an explicit member has empty projective Jacobian locus",
rankS := 15,
runtimeMilliseconds := 27,
smoothPolynomial := "(-2*E(4))*x4*x6^2 + (2*E(4))*x4*x5^2 + (2)*x3*x6^2 + (2)*x3*x5^2 + (5)*x2*x5*x6 + (62)*x2*x4^2 + (10)*x2*x3^2 + (17)*x2^3 + (-26)*x1*x4^2 + (26)*x1*x3^2 + (-74)*x1*x2^2 + (37)*x1^2*x2",
sourceCategory := "rank_at_least_15",
sourcePosition := 4,
status := "smooth",
symplecticPart := "D_8",
theoreticalSource := "",
trials := [ rec(
coefficients := [ 2, 5, 10, 17, 26, 37 ],
exitCode := 0,
singularChart := fail,
status := "exact_smooth" ) ],
verificationMode := "exact_computation" ), rec(
coefficients := [ 2, 5, 10, 17, 26, 37, 50, 65, 82, 101 ],
dimensionAudit := rec(
computedCentralizerDimension := 6,
computedFamilyDimension := 4,
computedInvariantDimension := 10,
storedCentralizerDimension := 6,
storedFamilyDimension := 4,
storedInvariantDimension := 10,
verified := true ),
label := "large-5",
linearGroupId := [ 30, 2 ],
number := 5,
projectiveGroupId := [ 10, 0 ],
proofType := "an explicit member has empty projective Jacobian locus",
rankS := 16,
runtimeMilliseconds := 14,
smoothPolynomial := "(2)*x5^2*x6 + (5)*x4*x6^2 + (2)*x3*x4^2 + (5)*x3^2*x5 + (10)*x2*x4*x5 + (17)*x2*x3*x6 + (26)*x2^3 + (37)*x1*x4*x5 + (50)*x1*x3*x6 + (65)*x1*x2^2 + (82)*x1^2*x2 + (101)*x1^3",
sourceCategory := "rank_at_least_15",
sourcePosition := 5,
status := "smooth",
symplecticPart := "D_10",
theoreticalSource := "Koike (4.1)",
trials := [ rec(
coefficients := [ 2, 5, 10, 17, 26, 37, 50, 65, 82, 101 ],
exitCode := 0,
singularChart := fail,
status := "exact_smooth" ) ],
verificationMode := "exact_computation" ), rec(
coefficients := [ 2, 5, 10, 17, 26, 37 ],
dimensionAudit := rec(
computedCentralizerDimension := 4,
computedFamilyDimension := 2,
computedInvariantDimension := 6,
storedCentralizerDimension := 4,
storedFamilyDimension := 2,
storedInvariantDimension := 6,
verified := true ),
label := "large-6",
linearGroupId := [ 60, 10 ],
number := 6,
projectiveGroupId := [ 20, 4 ],
proofType := "an explicit member has empty projective Jacobian locus",
rankS := 16,
runtimeMilliseconds := 31,
smoothPolynomial := "(2)*x5^2*x6 + (5)*x4*x6^2 + (2)*x3*x4^2 + (5)*x3^2*x5 + (10)*x2*x4*x5 + (17)*x2*x3*x6 + (26)*x2^3 + (-74)*x1*x2^2 + (37)*x1^2*x2",
sourceCategory := "rank_at_least_15",
sourcePosition := 6,
status := "smooth",
symplecticPart := "D_10",
theoreticalSource := "",
trials := [ rec(
coefficients := [ 2, 5, 10, 17, 26, 37 ],
exitCode := 0,
singularChart := fail,
status := "exact_smooth" ) ],
verificationMode := "exact_computation" ), rec(
coefficients := [ 2, 5, 10, 17, 26, 37 ],
dimensionAudit := rec(
computedCentralizerDimension := 4,
computedFamilyDimension := 2,
computedInvariantDimension := 6,
storedCentralizerDimension := 4,
storedFamilyDimension := 2,
storedInvariantDimension := 6,
verified := true ),
label := "large-7",
linearGroupId := [ 90, 5 ],
number := 7,
projectiveGroupId := [ 30, 2 ],
proofType := "an explicit member has empty projective Jacobian locus",
rankS := 16,
runtimeMilliseconds := 49,
smoothPolynomial := "(2)*x5^2*x6 + (5)*x4*x6^2 + (2)*x3*x4^2 + (5)*x3^2*x5 + (-17)*x2*x4*x5 + (-26)*x2*x3*x6 + (10)*x2^3 + (17)*x1*x4*x5 + (26)*x1*x3*x6 + (111)*x1*x2^2 + (-111)*x1^2*x2 + (37)*x1^3",
sourceCategory := "rank_at_least_15",
sourcePosition := 7,
status := "smooth",
symplecticPart := "D_10",
theoreticalSource := "",
trials := [ rec(
coefficients := [ 2, 5, 10, 17, 26, 37 ],
exitCode := 0,
singularChart := fail,
status := "exact_smooth" ) ],
verificationMode := "exact_computation" ), rec(
coefficients := [ 2, 5, 10, 17, 26, 37, 50, 65, 82, 101, 122, 145, 170, 197 ],
dimensionAudit := rec(
computedCentralizerDimension := 10,
computedFamilyDimension := 4,
computedInvariantDimension := 14,
storedCentralizerDimension := 10,
storedFamilyDimension := 4,
storedInvariantDimension := 14,
verified := true ),
label := "large-8",
linearGroupId := [ 72, 42 ],
number := 8,
projectiveGroupId := [ 24, 0 ],
proofType := "an explicit member has empty projective Jacobian locus",
rankS := 16,
runtimeMilliseconds := 28,
smoothPolynomial := "(2)*x6^3 + (5)*x5*x6^2 + (10)*x5^2*x6 + (17)*x5^3 + (26)*x4*x6^2 + (37)*x4*x5*x6 + (50)*x4*x5^2 + (122)*x4^2*x6 + (145)*x4^2*x5 + (197)*x4^3 + (26)*x3*x6^2 + (37)*x3*x5*x6 + (50)*x3*x5^2 + (65)*x3*x4*x6 + (82)*x3*x4*x5 + (170)*x3*x4^2 + (122)*x3^2*x6 + (145)*x3^2*x5 + (170)*x3^2*x4 + (197)*x3^3 + (26)*x2*x6^2 + (37)*x2*x5*x6 + (50)*x2*x5^2 + (65)*x2*x4*x6 + (82)*x2*x4*x5 + (170)*x2*x4^2 + (65)*x2*x3*x6 + (82)*x2*x3*x5 + (101)*x2*x3*x4 + (170)*x2*x3^2 + (122)*x2^2*x6 + (145)*x2^2*x5 + (170)*x2^2*x4 + (170)*x2^2*x3 + (197)*x2^3 + (26)*x1*x6^2 + (37)*x1*x5*x6 + (50)*x1*x5^2 + (65)*x1*x4*x6 + (82)*x1*x4*x5 + (170)*x1*x4^2 + (65)*x1*x3*x6 + (82)*x1*x3*x5 + (101)*x1*x3*x4 + (170)*x1*x3^2 + (65)*x1*x2*x6 + (82)*x1*x2*x5 + (101)*x1*x2*x4 + (101)*x1*x2*x3 + (170)*x1*x2^2 + (122)*x1^2*x6 + (145)*x1^2*x5 + (170)*x1^2*x4 + (170)*x1^2*x3 + (170)*x1^2*x2 + (197)*x1^3",
sourceCategory := "rank_at_least_15",
sourcePosition := 8,
status := "smooth",
symplecticPart := "A_4",
theoreticalSource := "Koike (4.14)+ns(12)",
trials := [ rec(
coefficients := [ 2, 5, 10, 17, 26, 37, 50, 65, 82, 101, 122, 145, 170, 197 ],
exitCode := 0,
singularChart := fail,
status := "exact_smooth" ) ],
verificationMode := "exact_computation" ), rec(
coefficients := [ 2, 5, 10, 17, 26, 37, 50, 65 ],
dimensionAudit := rec(
computedCentralizerDimension := 4,
computedFamilyDimension := 4,
computedInvariantDimension := 8,
storedCentralizerDimension := 4,
storedFamilyDimension := 4,
storedInvariantDimension := 8,
verified := true ),
label := "large-9",
linearGroupId := [ 36, 11 ],
number := 9,
projectiveGroupId := [ 12, 0 ],
proofType := "an explicit member has empty projective Jacobian locus",
rankS := 16,
runtimeMilliseconds := 25,
smoothPolynomial := "(2)*x6^3 + (5)*x5^3 + (10)*x4*x5*x6 + (65)*x4^3 + (10)*x3*x5*x6 + (17)*x3*x4*x6 + (26)*x3*x4*x5 + (50)*x3*x4^2 + (50)*x3^2*x4 + (65)*x3^3 + (10)*x2*x5*x6 + (17*E(3))*x2*x4*x6 + (26*E(3)^2)*x2*x4*x5 + (50)*x2*x4^2 + (17*E(3)^2)*x2*x3*x6 + (26*E(3))*x2*x3*x5 + (37)*x2*x3*x4 + (50)*x2*x3^2 + (50)*x2^2*x4 + (50)*x2^2*x3 + (65)*x2^3 + (10)*x1*x5*x6 + (17*E(3)^2)*x1*x4*x6 + (26*E(3))*x1*x4*x5 + (50)*x1*x4^2 + (17*E(3))*x1*x3*x6 + (26*E(3)^2)*x1*x3*x5 + (37)*x1*x3*x4 + (50)*x1*x3^2 + (17)*x1*x2*x6 + (26)*x1*x2*x5 + (37)*x1*x2*x4 + (37)*x1*x2*x3 + (50)*x1*x2^2 + (50)*x1^2*x4 + (50)*x1^2*x3 + (50)*x1^2*x2 + (65)*x1^3",
sourceCategory := "rank_at_least_15",
sourcePosition := 9,
status := "smooth",
symplecticPart := "A_4",
theoreticalSource := "Koike (4.16)",
trials := [ rec(
coefficients := [ 2, 5, 10, 17, 26, 37, 50, 65 ],
exitCode := 0,
singularChart := fail,
status := "exact_smooth" ) ],
verificationMode := "exact_computation" ), rec(
coefficients := [ 2, 5, 10, 17, 26, 37, 50 ],
dimensionAudit := rec(
computedCentralizerDimension := 4,
computedFamilyDimension := 3,
computedInvariantDimension := 7,
storedCentralizerDimension := 4,
storedFamilyDimension := 3,
storedInvariantDimension := 7,
verified := true ),
label := "large-10",
linearGroupId := [ 72, 47 ],
number := 10,
projectiveGroupId := [ 24, 13 ],
proofType := "an explicit member has empty projective Jacobian locus",
rankS := 16,
runtimeMilliseconds := 39,
smoothPolynomial := "(2)*x6^3 + (5)*x5^3 + (10)*x4*x5*x6 + (50)*x4^3 + (10)*x3*x5*x6 + (17)*x3*x4*x6 + (26)*x3*x4*x5 + (37)*x3*x4^2 + (37)*x3^2*x4 + (50)*x3^3 + (10)*x2*x5*x6 + (17*E(3))*x2*x4*x6 + (26*E(3)^2)*x2*x4*x5 + (37)*x2*x4^2 + (17*E(3)^2)*x2*x3*x6 + (26*E(3))*x2*x3*x5 + (-39)*x2*x3*x4 + (37)*x2*x3^2 + (37)*x2^2*x4 + (37)*x2^2*x3 + (50)*x2^3 + (10)*x1*x5*x6 + (17*E(3)^2)*x1*x4*x6 + (26*E(3))*x1*x4*x5 + (37)*x1*x4^2 + (17*E(3))*x1*x3*x6 + (26*E(3)^2)*x1*x3*x5 + (-39)*x1*x3*x4 + (37)*x1*x3^2 + (17)*x1*x2*x6 + (26)*x1*x2*x5 + (-39)*x1*x2*x4 + (-39)*x1*x2*x3 + (37)*x1*x2^2 + (37)*x1^2*x4 + (37)*x1^2*x3 + (37)*x1^2*x2 + (50)*x1^3",
sourceCategory := "rank_at_least_15",
sourcePosition := 10,
status := "smooth",
symplecticPart := "A_4",
theoreticalSource := "",
trials := [ rec(
coefficients := [ 2, 5, 10, 17, 26, 37, 50 ],
exitCode := 0,
singularChart := fail,
status := "exact_smooth" ) ],
verificationMode := "exact_computation" ), rec(
coefficients := [ 2, 5, 10, 17, 26, 37 ],
dimensionAudit := rec(
computedCentralizerDimension := 4,
computedFamilyDimension := 2,
computedInvariantDimension := 6,
storedCentralizerDimension := 4,
storedFamilyDimension := 2,
storedInvariantDimension := 6,
verified := true ),
label := "large-11",
linearGroupId := [ 108, 41 ],
number := 11,
projectiveGroupId := [ 36, 11 ],
proofType := "an explicit member has empty projective Jacobian locus",
rankS := 16,
runtimeMilliseconds := 31,
smoothPolynomial := "(2)*x6^3 + (5)*x5^3 + (37)*x4^3 + (10)*x3*x4*x6 + (26)*x3*x4^2 + (26)*x3^2*x4 + (37)*x3^3 + (10*E(3))*x2*x4*x6 + (26)*x2*x4^2 + (10*E(3)^2)*x2*x3*x6 + (17)*x2*x3*x4 + (26)*x2*x3^2 + (26)*x2^2*x4 + (26)*x2^2*x3 + (37)*x2^3 + (10*E(3)^2)*x1*x4*x6 + (26)*x1*x4^2 + (10*E(3))*x1*x3*x6 + (17)*x1*x3*x4 + (26)*x1*x3^2 + (10)*x1*x2*x6 + (17)*x1*x2*x4 + (17)*x1*x2*x3 + (26)*x1*x2^2 + (26)*x1^2*x4 + (26)*x1^2*x3 + (26)*x1^2*x2 + (37)*x1^3",
sourceCategory := "rank_at_least_15",
sourcePosition := 11,
status := "smooth",
symplecticPart := "A_4",
theoreticalSource := "",
trials := [ rec(
coefficients := [ 2, 5, 10, 17, 26, 37 ],
exitCode := 0,
singularChart := fail,
status := "exact_smooth" ) ],
verificationMode := "exact_computation" ), rec(
coefficients := [ 2, 5, 10, 17, 26, 37, 50, 65 ],
dimensionAudit := rec(
computedCentralizerDimension := 6,
computedFamilyDimension := 2,
computedInvariantDimension := 8,
storedCentralizerDimension := 6,
storedFamilyDimension := 2,
storedInvariantDimension := 8,
verified := true ),
label := "large-12",
linearGroupId := [ 216, 163 ],
number := 12,
projectiveGroupId := [ 72, 42 ],
proofType := "an explicit member has empty projective Jacobian locus",
rankS := 16,
runtimeMilliseconds := 57,
smoothPolynomial := "(19238/675)*x6^3 + (6938/75)*x5*x6^2 + (2018/25)*x5^2*x6 + (2)*x5^3 + (1747/45)*x4*x6^2 + (1034/15)*x4*x5*x6 + (5)*x4*x5^2 + (26)*x4^2*x6 + (37)*x4^2*x5 + (65)*x4^3 + (1747/45)*x3*x6^2 + (1034/15)*x3*x5*x6 + (5)*x3*x5^2 + (92/3)*x3*x4*x6 + (10)*x3*x4*x5 + (50)*x3*x4^2 + (26)*x3^2*x6 + (37)*x3^2*x5 + (50)*x3^2*x4 + (65)*x3^3 + (1747/45)*x2*x6^2 + (1034/15)*x2*x5*x6 + (5)*x2*x5^2 + (92/3)*x2*x4*x6 + (10)*x2*x4*x5 + (50)*x2*x4^2 + (92/3)*x2*x3*x6 + (10)*x2*x3*x5 + (17)*x2*x3*x4 + (50)*x2*x3^2 + (26)*x2^2*x6 + (37)*x2^2*x5 + (50)*x2^2*x4 + (50)*x2^2*x3 + (65)*x2^3 + (1747/45)*x1*x6^2 + (1034/15)*x1*x5*x6 + (5)*x1*x5^2 + (92/3)*x1*x4*x6 + (10)*x1*x4*x5 + (50)*x1*x4^2 + (92/3)*x1*x3*x6 + (10)*x1*x3*x5 + (17)*x1*x3*x4 + (50)*x1*x3^2 + (92/3)*x1*x2*x6 + (10)*x1*x2*x5 + (17)*x1*x2*x4 + (17)*x1*x2*x3 + (50)*x1*x2^2 + (26)*x1^2*x6 + (37)*x1^2*x5 + (50)*x1^2*x4 + (50)*x1^2*x3 + (50)*x1^2*x2 + (65)*x1^3",
sourceCategory := "rank_at_least_15",
sourcePosition := 12,
status := "smooth",
symplecticPart := "A_4",
theoreticalSource := "",
trials := [ rec(
coefficients := [ 2, 5, 10, 17, 26, 37, 50, 65 ],
exitCode := 0,
singularChart := fail,
status := "exact_smooth" ) ],
verificationMode := "exact_computation" ), rec(
coefficients := [ 2, 5, 10, 17, 26, 37, 50, 65, 82, 101, 122 ],
dimensionAudit := rec(
computedCentralizerDimension := 7,
computedFamilyDimension := 4,
computedInvariantDimension := 11,
storedCentralizerDimension := 7,
storedFamilyDimension := 4,
storedInvariantDimension := 11,
verified := true ),
label := "large-13",
linearGroupId := [ 72, 48 ],
number := 13,
projectiveGroupId := [ 24, 14 ],
proofType := "an explicit member has empty projective Jacobian locus",
rankS := 16,
runtimeMilliseconds := 20,
smoothPolynomial := "(2)*x6^3 + (2)*x5^3 + (5)*x4*x5*x6 + (10)*x4^3 + (17)*x3*x5*x6 + (26)*x3*x4^2 + (37)*x3^2*x4 + (50)*x3^3 + (101)*x2^2*x4 + (122)*x2^2*x3 + (65)*x1*x2*x4 + (82)*x1*x2*x3 + (101)*x1^2*x4 + (122)*x1^2*x3",
sourceCategory := "rank_at_least_15",
sourcePosition := 13,
status := "smooth",
symplecticPart := "D_12",
theoreticalSource := "Koike (4.2)+ns(56)",
trials := [ rec(
coefficients := [ 2, 5, 10, 17, 26, 37, 50, 65, 82, 101, 122 ],
exitCode := 0,
singularChart := fail,
status := "exact_smooth" ) ],
verificationMode := "exact_computation" ), rec(
coefficients := [ 2, 5, 10, 17, 26, 37, 50, 65, 82, 101 ],
dimensionAudit := rec(
computedCentralizerDimension := 6,
computedFamilyDimension := 4,
computedInvariantDimension := 10,
storedCentralizerDimension := 6,
storedFamilyDimension := 4,
storedInvariantDimension := 10,
verified := true ),
label := "large-14",
linearGroupId := [ 36, 12 ],
number := 14,
projectiveGroupId := [ 12, 0 ],
proofType := "an explicit member has empty projective Jacobian locus",
rankS := 16,
runtimeMilliseconds := 17,
smoothPolynomial := "(2)*x6^3 + (5)*x5*x6^2 + (10)*x5^2*x6 + (17)*x5^3 + (82)*x3*x4^2 + (101)*x3^3 + (26)*x2*x4*x6 + (37)*x2*x4*x5 + (50)*x1*x3*x6 + (65)*x1*x3*x5 + (82)*x1*x2^2 + (101)*x1^3",
sourceCategory := "rank_at_least_15",
sourcePosition := 14,
status := "smooth",
symplecticPart := "D_12",
theoreticalSource := "Koike (4.3)",
trials := [ rec(
coefficients := [ 2, 5, 10, 17, 26, 37, 50, 65, 82, 101 ],
exitCode := 0,
singularChart := fail,
status := "exact_smooth" ) ],
verificationMode := "exact_computation" ), rec(
coefficients := [ 2, 5, 10, 17, 26, 37 ],
dimensionAudit := rec(
computedCentralizerDimension := 4,
computedFamilyDimension := 2,
computedInvariantDimension := 6,
storedCentralizerDimension := 4,
storedFamilyDimension := 2,
storedInvariantDimension := 6,
verified := true ),
label := "large-15",
linearGroupId := [ 72, 48 ],
number := 15,
projectiveGroupId := [ 24, 14 ],
proofType := "an explicit member has empty projective Jacobian locus",
rankS := 16,
runtimeMilliseconds := 27,
smoothPolynomial := "(2)*x6^3 + (-10)*x5*x6^2 + (5)*x5^2*x6 + (26)*x3*x4^2 + (37)*x3^3 + (10)*x2*x4*x6 + (17)*x1*x3*x6 + (26)*x1*x2^2 + (37)*x1^3",
sourceCategory := "rank_at_least_15",
sourcePosition := 15,
status := "smooth",
symplecticPart := "D_12",
theoreticalSource := "",
trials := [ rec(
coefficients := [ 2, 5, 10, 17, 26, 37 ],
exitCode := 0,
singularChart := fail,
status := "exact_smooth" ) ],
verificationMode := "exact_computation" ), rec(
coefficients := [ 2, 5, 10, 17, 26, 37, 50, 65 ],
dimensionAudit := rec(
computedCentralizerDimension := 6,
computedFamilyDimension := 2,
computedInvariantDimension := 8,
storedCentralizerDimension := 6,
storedFamilyDimension := 2,
storedInvariantDimension := 8,
verified := true ),
label := "large-16",
linearGroupId := [ 72, 30 ],
number := 16,
projectiveGroupId := [ 24, 8 ],
proofType := "an explicit member has empty projective Jacobian locus",
rankS := 16,
runtimeMilliseconds := 34,
smoothPolynomial := "(2)*x6^3 + (5)*x5*x6^2 + (10)*x5^2*x6 + (17)*x5^3 + (50)*x3*x4^2 + (65)*x3^3 + (26)*x1*x3*x6 + (37)*x1*x3*x5 + (50)*x1*x2^2 + (65)*x1^3",
sourceCategory := "rank_at_least_15",
sourcePosition := 16,
status := "smooth",
symplecticPart := "D_12",
theoreticalSource := "",
trials := [ rec(
coefficients := [ 2, 5, 10, 17, 26, 37, 50, 65 ],
exitCode := 0,
singularChart := fail,
status := "exact_smooth" ) ],
verificationMode := "exact_computation" ), rec(
coefficients := [ 2, 5, 10, 17, 26, 37 ],
dimensionAudit := rec(
computedCentralizerDimension := 4,
computedFamilyDimension := 2,
computedInvariantDimension := 6,
storedCentralizerDimension := 4,
storedFamilyDimension := 2,
storedInvariantDimension := 6,
verified := true ),
label := "large-17",
linearGroupId := [ 108, 42 ],
number := 17,
projectiveGroupId := [ 36, 12 ],
proofType := "an explicit member has empty projective Jacobian locus",
rankS := 16,
runtimeMilliseconds := 37,
smoothPolynomial := "(2)*x6^3 + (15)*x5*x6^2 + (-15)*x5^2*x6 + (5)*x5^3 + (26)*x3*x4^2 + (37)*x3^3 + (-10)*x2*x4*x6 + (10)*x2*x4*x5 + (-17)*x1*x3*x6 + (17)*x1*x3*x5 + (26)*x1*x2^2 + (37)*x1^3",
sourceCategory := "rank_at_least_15",
sourcePosition := 17,
status := "smooth",
symplecticPart := "D_12",
theoreticalSource := "",
trials := [ rec(
coefficients := [ 2, 5, 10, 17, 26, 37 ],
exitCode := 0,
singularChart := fail,
status := "exact_smooth" ) ],
verificationMode := "exact_computation" ), rec(
coefficients := [ 2, 5, 10, 17, 26, 37, 50, 65, 82 ],
dimensionAudit := rec(
computedCentralizerDimension := 7,
computedFamilyDimension := 2,
computedInvariantDimension := 9,
storedCentralizerDimension := 7,
storedFamilyDimension := 2,
storedInvariantDimension := 9,
verified := true ),
label := "large-18",
linearGroupId := [ 216, 174 ],
number := 18,
projectiveGroupId := [ 72, 48 ],
proofType := "an explicit member has empty projective Jacobian locus",
rankS := 16,
runtimeMilliseconds := 38,
smoothPolynomial := "(2)*x6^3 + (2)*x5^3 + (5)*x4^3 + (10)*x3*x4^2 + (17)*x3^2*x4 + (26)*x3^3 + (65)*x2^2*x4 + (82)*x2^2*x3 + (37)*x1*x2*x4 + (50)*x1*x2*x3 + (65)*x1^2*x4 + (82)*x1^2*x3",
sourceCategory := "rank_at_least_15",
sourcePosition := 18,
status := "smooth",
symplecticPart := "D_12",
theoreticalSource := "",
trials := [ rec(
coefficients := [ 2, 5, 10, 17, 26, 37, 50, 65, 82 ],
exitCode := 0,
singularChart := fail,
status := "exact_smooth" ) ],
verificationMode := "exact_computation" ), rec(
coefficients := [ 2, 5, 10, 17, 26 ],
dimensionAudit := rec(
computedCentralizerDimension := 4,
computedFamilyDimension := 1,
computedInvariantDimension := 5,
storedCentralizerDimension := 4,
storedFamilyDimension := 1,
storedInvariantDimension := 5,
verified := true ),
label := "large-19",
linearGroupId := [ 216, 139 ],
number := 19,
projectiveGroupId := [ 72, 30 ],
proofType := "an explicit member has empty projective Jacobian locus",
rankS := 16,
runtimeMilliseconds := 36,
smoothPolynomial := "(2)*x6^3 + (15)*x5*x6^2 + (-15)*x5^2*x6 + (5)*x5^3 + (17)*x3*x4^2 + (26)*x3^3 + (-10)*x1*x3*x6 + (10)*x1*x3*x5 + (17)*x1*x2^2 + (26)*x1^3",
sourceCategory := "rank_at_least_15",
sourcePosition := 19,
status := "smooth",
symplecticPart := "D_12",
theoreticalSource := "",
trials := [ rec(
coefficients := [ 2, 5, 10, 17, 26 ],
exitCode := 0,
singularChart := fail,
status := "exact_smooth" ) ],
verificationMode := "exact_computation" ), rec(
coefficients := [ 2, 5, 10, 17, 26, 37, 50, 65 ],
dimensionAudit := rec(
computedCentralizerDimension := 4,
computedFamilyDimension := 4,
computedInvariantDimension := 8,
storedCentralizerDimension := 4,
storedFamilyDimension := 4,
storedInvariantDimension := 8,
verified := true ),
label := "large-20",
linearGroupId := [ 54, 8 ],
number := 20,
projectiveGroupId := [ 18, 0 ],
proofType := "an explicit member has empty projective Jacobian locus",
rankS := 16,
runtimeMilliseconds := 17,
smoothPolynomial := "(5)*x6^3 + (5)*x5^3 + (2)*x4*x5*x6 + (5)*x4^3 + (17)*x3*x6^2 + (10)*x3*x4*x5 + (50)*x3^2*x6 + (65)*x3^3 + (17)*x2*x5^2 + (10)*x2*x4*x6 + (26)*x2*x3*x4 + (50)*x2^2*x5 + (65)*x2^3 + (10)*x1*x5*x6 + (17)*x1*x4^2 + (26)*x1*x3*x5 + (26)*x1*x2*x6 + (37)*x1*x2*x3 + (50)*x1^2*x4 + (65)*x1^3",
sourceCategory := "rank_at_least_15",
sourcePosition := 20,
status := "smooth",
symplecticPart := "A_3,3",
theoreticalSource := "Koike (4.11)",
trials := [ rec(
coefficients := [ 2, 5, 10, 17, 26, 37, 50, 65 ],
exitCode := 0,
singularChart := fail,
status := "exact_smooth" ) ],
verificationMode := "exact_computation" ), rec(
coefficients := [ 2, 5, 10, 17, 26, 37, 50, 65, 82, 101 ],
dimensionAudit := rec(
computedCentralizerDimension := 6,
computedFamilyDimension := 4,
computedInvariantDimension := 10,
storedCentralizerDimension := 6,
storedFamilyDimension := 4,
storedInvariantDimension := 10,
verified := true ),
label := "large-21",
linearGroupId := [ 108, 38 ],
number := 21,
projectiveGroupId := [ 36, 0 ],
proofType := "an explicit member has empty projective Jacobian locus",
rankS := 16,
runtimeMilliseconds := 44,
smoothPolynomial := "(10)*x6^3 + (5)*x5*x6^2 + (5)*x5^2*x6 + (10)*x5^3 + (5)*x4*x6^2 + (2)*x4*x5*x6 + (5)*x4*x5^2 + (5)*x4^2*x6 + (5)*x4^2*x5 + (10)*x4^3 + (26)*x3*x6^2 + (17)*x3*x5*x6 + (26)*x3*x5^2 + (17)*x3*x4*x6 + (17)*x3*x4*x5 + (26)*x3*x4^2 + (65)*x3^2*x6 + (65)*x3^2*x5 + (65)*x3^2*x4 + (101)*x3^3 + (26)*x2*x6^2 + (17)*x2*x5*x6 + (26)*x2*x5^2 + (17)*x2*x4*x6 + (17)*x2*x4*x5 + (26)*x2*x4^2 + (37)*x2*x3*x6 + (37)*x2*x3*x5 + (37)*x2*x3*x4 + (82)*x2*x3^2 + (65)*x2^2*x6 + (65)*x2^2*x5 + (65)*x2^2*x4 + (82)*x2^2*x3 + (101)*x2^3 + (26)*x1*x6^2 + (17)*x1*x5*x6 + (26)*x1*x5^2 + (17)*x1*x4*x6 + (17)*x1*x4*x5 + (26)*x1*x4^2 + (37)*x1*x3*x6 + (37)*x1*x3*x5 + (37)*x1*x3*x4 + (82)*x1*x3^2 + (37)*x1*x2*x6 + (37)*x1*x2*x5 + (37)*x1*x2*x4 + (50)*x1*x2*x3 + (82)*x1*x2^2 + (65)*x1^2*x6 + (65)*x1^2*x5 + (65)*x1^2*x4 + (82)*x1^2*x3 + (82)*x1^2*x2 + (101)*x1^3",
sourceCategory := "rank_at_least_15",
sourcePosition := 21,
status := "smooth",
symplecticPart := "A_3,3",
theoreticalSource := "Koike (4.6)+ns(12)",
trials := [ rec(
coefficients := [ 2, 5, 10, 17, 26, 37, 50, 65, 82, 101 ],
exitCode := 0,
singularChart := fail,
status := "exact_smooth" ) ],
verificationMode := "exact_computation" ), rec(
coefficients := [ 2, 5, 10, 17 ],
dimensionAudit := rec(
computedCentralizerDimension := 2,
computedFamilyDimension := 2,
computedInvariantDimension := 4,
storedCentralizerDimension := 2,
storedFamilyDimension := 2,
storedInvariantDimension := 4,
verified := true ),
label := "large-22",
linearGroupId := [ 108, 28 ],
number := 22,
projectiveGroupId := [ 36, 13 ],
proofType := "an explicit member has empty projective Jacobian locus",
rankS := 16,
runtimeMilliseconds := 34,
smoothPolynomial := "(5)*x6^3 + (5)*x5^3 + (2)*x4*x5*x6 + (5)*x4^3 + (-34)*x3*x6^2 + (-20)*x3*x4*x5 + (17)*x3^2*x6 + (-34)*x2*x5^2 + (-20)*x2*x4*x6 + (10)*x2*x3*x4 + (17)*x2^2*x5 + (-20)*x1*x5*x6 + (-34)*x1*x4^2 + (10)*x1*x3*x5 + (10)*x1*x2*x6 + (17)*x1^2*x4",
sourceCategory := "rank_at_least_15",
sourcePosition := 22,
status := "smooth",
symplecticPart := "A_3,3",
theoreticalSource := "",
trials := [ rec(
coefficients := [ 2, 5, 10, 17 ],
exitCode := 0,
singularChart := fail,
status := "exact_smooth" ) ],
verificationMode := "exact_computation" ), rec(
coefficients := [ 2, 5, 10 ],
dimensionAudit := rec(
computedCentralizerDimension := 2,
computedFamilyDimension := 1,
computedInvariantDimension := 3,
storedCentralizerDimension := 2,
storedFamilyDimension := 1,
storedInvariantDimension := 3,
verified := true ),
label := "large-23",
linearGroupId := [ 162, 10 ],
number := 23,
projectiveGroupId := [ 54, 5 ],
proofType := "an explicit member has empty projective Jacobian locus",
rankS := 16,
runtimeMilliseconds := 37,
smoothPolynomial := "(2)*x6^3 + (2)*x5^3 + (-15)*x4*x5*x6 + (2)*x4^3 + (30)*x3*x6^2 + (5)*x3*x4*x5 + (-30)*x3^2*x6 + (10)*x3^3 + (30)*x2*x5^2 + (5)*x2*x4*x6 + (-30)*x2^2*x5 + (10)*x2^3 + (5)*x1*x5*x6 + (30)*x1*x4^2 + (-30)*x1^2*x4 + (10)*x1^3",
sourceCategory := "rank_at_least_15",
sourcePosition := 23,
status := "smooth",
symplecticPart := "A_3,3",
theoreticalSource := "",
trials := [ rec(
coefficients := [ 2, 5, 10 ],
exitCode := 0,
singularChart := fail,
status := "exact_smooth" ) ],
verificationMode := "exact_computation" ), rec(
coefficients := [ 2, 5, 10, 17, 26, 37, 50, 65 ],
dimensionAudit := rec(
computedCentralizerDimension := 5,
computedFamilyDimension := 3,
computedInvariantDimension := 8,
storedCentralizerDimension := 5,
storedFamilyDimension := 3,
storedInvariantDimension := 8,
verified := true ),
label := "large-24",
linearGroupId := [ 24, 11 ],
number := 24,
projectiveGroupId := [ 8, 0 ],
proofType := "an explicit member has empty projective Jacobian locus",
rankS := 17,
runtimeMilliseconds := 13,
smoothPolynomial := "(-2)*x4*x6^2 + (2)*x4*x5^2 + (5)*x3*x6^2 + (5)*x3*x5^2 + (10)*x2*x5*x6 + (17)*x2*x3*x4 + (26)*x1*x4^2 + (37)*x1*x3^2 + (50)*x1*x2^2 + (65)*x1^3",
sourceCategory := "rank_at_least_15",
sourcePosition := 24,
status := "smooth",
symplecticPart := "Q_8",
theoreticalSource := "Koike (5.1)",
trials := [ rec(
coefficients := [ 2, 5, 10, 17, 26, 37, 50, 65 ],
exitCode := 0,
singularChart := fail,
status := "exact_smooth" ) ],
verificationMode := "exact_computation" ), rec(
coefficients := [ 2, 5, 10, 17, 26, 37, 50 ],
dimensionAudit := rec(
computedCentralizerDimension := 5,
computedFamilyDimension := 2,
computedInvariantDimension := 7,
storedCentralizerDimension := 5,
storedFamilyDimension := 2,
storedInvariantDimension := 7,
verified := true ),
label := "large-25",
linearGroupId := [ 48, 47 ],
number := 25,
projectiveGroupId := [ 16, 13 ],
proofType := "an explicit member has empty projective Jacobian locus",
rankS := 17,
runtimeMilliseconds := 46,
smoothPolynomial := "(-2)*x4*x6^2 + (2)*x4*x5^2 + (5)*x3*x6^2 + (5)*x3*x5^2 + (10)*x2*x3*x4 + (17)*x1*x4^2 + (26)*x1*x3^2 + (37)*x1*x2^2 + (50)*x1^3",
sourceCategory := "rank_at_least_15",
sourcePosition := 25,
status := "smooth",
symplecticPart := "Q_8",
theoreticalSource := "",
trials := [ rec(
coefficients := [ 2, 5, 10, 17, 26, 37, 50 ],
exitCode := 0,
singularChart := fail,
status := "exact_smooth" ) ],
verificationMode := "exact_computation" ), rec(
coefficients := [ 2, 5, 10, 17 ],
dimensionAudit := rec(
computedCentralizerDimension := 3,
computedFamilyDimension := 1,
computedInvariantDimension := 4,
storedCentralizerDimension := 3,
storedFamilyDimension := 1,
storedInvariantDimension := 4,
verified := true ),
label := "large-26",
linearGroupId := [ 72, 25 ],
number := 26,
projectiveGroupId := [ 24, 3 ],
proofType := "an explicit member has empty projective Jacobian locus",
rankS := 17,
runtimeMilliseconds := 36,
smoothPolynomial := "-x4*x6^2 + x4*x5^2 + (E(4))*x3*x6^2 + (E(4))*x3*x5^2 + (2)*x2*x5*x6 + (5)*x2*x3*x4 + (10*E(3)^2)*x1*x4^2 + (10*E(3))*x1*x3^2 + (10)*x1*x2^2 + (17)*x1^3",
sourceCategory := "rank_at_least_15",
sourcePosition := 26,
status := "smooth",
symplecticPart := "Q_8",
theoreticalSource := "",
trials := [ rec(
coefficients := [ 2, 5, 10, 17 ],
exitCode := 0,
singularChart := fail,
status := "exact_smooth" ) ],
verificationMode := "exact_computation" ), rec(
coefficients := [ 2, 5, 10, 17, 26 ],
dimensionAudit := rec(
computedCentralizerDimension := 4,
computedFamilyDimension := 1,
computedInvariantDimension := 5,
storedCentralizerDimension := 4,
storedFamilyDimension := 1,
storedInvariantDimension := 5,
verified := true ),
label := "large-27",
linearGroupId := [ 96, 54 ],
number := 27,
projectiveGroupId := [ 32, 11 ],
proofType := "an explicit member has empty projective Jacobian locus",
rankS := 17,
runtimeMilliseconds := 24,
smoothPolynomial := "(2*E(4))*x4*x6^2 + (-2*E(4))*x4*x5^2 + (2)*x3*x6^2 + (2)*x3*x5^2 + (5)*x2*x3*x4 + (-10)*x1*x4^2 + (10)*x1*x3^2 + (17)*x1*x2^2 + (26)*x1^3",
sourceCategory := "rank_at_least_15",
sourcePosition := 27,
status := "smooth",
symplecticPart := "Q_8",
theoreticalSource := "",
trials := [ rec(
coefficients := [ 2, 5, 10, 17, 26 ],
exitCode := 0,
singularChart := fail,
status := "exact_smooth" ) ],
verificationMode := "exact_computation" ), rec(
coefficients := [ 2, 5, 10, 17, 26, 37, 50, 65, 82 ],
dimensionAudit := rec(
computedCentralizerDimension := 6,
computedFamilyDimension := 3,
computedInvariantDimension := 9,
storedCentralizerDimension := 6,
storedFamilyDimension := 3,
storedInvariantDimension := 9,
verified := true ),
label := "large-28",
linearGroupId := [ 144, 188 ],
number := 28,
projectiveGroupId := [ 48, 0 ],
proofType := "an explicit member has empty projective Jacobian locus",
rankS := 17,
runtimeMilliseconds := 25,
smoothPolynomial := "(2)*x5*x6^2 + (5)*x5^3 + (10)*x4*x6^2 + (17)*x4*x5^2 + (50)*x4^2*x5 + (82)*x4^3 + (10)*x3*x6^2 + (17)*x3*x5^2 + (26)*x3*x4*x5 + (65)*x3*x4^2 + (50)*x3^2*x5 + (65)*x3^2*x4 + (82)*x3^3 + (10)*x2*x6^2 + (17)*x2*x5^2 + (26)*x2*x4*x5 + (65)*x2*x4^2 + (26)*x2*x3*x5 + (37)*x2*x3*x4 + (65)*x2*x3^2 + (50)*x2^2*x5 + (65)*x2^2*x4 + (65)*x2^2*x3 + (82)*x2^3 + (10)*x1*x6^2 + (17)*x1*x5^2 + (26)*x1*x4*x5 + (65)*x1*x4^2 + (26)*x1*x3*x5 + (37)*x1*x3*x4 + (65)*x1*x3^2 + (26)*x1*x2*x5 + (37)*x1*x2*x4 + (37)*x1*x2*x3 + (65)*x1*x2^2 + (50)*x1^2*x5 + (65)*x1^2*x4 + (65)*x1^2*x3 + (65)*x1^2*x2 + (82)*x1^3",
sourceCategory := "rank_at_least_15",
sourcePosition := 28,
status := "smooth",
symplecticPart := "S_4",
theoreticalSource := "Koike (5.2)+ns(12)",
trials := [ rec(
coefficients := [ 2, 5, 10, 17, 26, 37, 50, 65, 82 ],
exitCode := 0,
singularChart := fail,
status := "exact_smooth" ) ],
verificationMode := "exact_computation" ), rec(
coefficients := [ 2, 5, 10, 17, 26, 37 ],
dimensionAudit := rec(
computedCentralizerDimension := 3,
computedFamilyDimension := 3,
computedInvariantDimension := 6,
storedCentralizerDimension := 3,
storedFamilyDimension := 3,
storedInvariantDimension := 6,
verified := true ),
label := "large-29",
linearGroupId := [ 72, 42 ],
number := 29,
projectiveGroupId := [ 24, 0 ],
proofType := "an explicit member has empty projective Jacobian locus",
rankS := 17,
runtimeMilliseconds := 28,
smoothPolynomial := "(-2)*x6^3 + (2)*x5^3 + (5)*x4*x5*x6 + (37)*x4^3 + (5)*x3*x5*x6 + (-10*E(3)^2)*x3*x4*x6 + (10)*x3*x4*x5 + (26)*x3*x4^2 + (26)*x3^2*x4 + (37)*x3^3 + (5)*x2*x5*x6 + (-10)*x2*x4*x6 + (10*E(3)^2)*x2*x4*x5 + (26)*x2*x4^2 + (-10*E(3))*x2*x3*x6 + (10*E(3))*x2*x3*x5 + (17)*x2*x3*x4 + (26)*x2*x3^2 + (26)*x2^2*x4 + (26)*x2^2*x3 + (37)*x2^3 + (5)*x1*x5*x6 + (-10*E(3))*x1*x4*x6 + (10*E(3))*x1*x4*x5 + (26)*x1*x4^2 + (-10)*x1*x3*x6 + (10*E(3)^2)*x1*x3*x5 + (17)*x1*x3*x4 + (26)*x1*x3^2 + (-10*E(3)^2)*x1*x2*x6 + (10)*x1*x2*x5 + (17)*x1*x2*x4 + (17)*x1*x2*x3 + (26)*x1*x2^2 + (26)*x1^2*x4 + (26)*x1^2*x3 + (26)*x1^2*x2 + (37)*x1^3",
sourceCategory := "rank_at_least_15",
sourcePosition := 29,
status := "smooth",
symplecticPart := "S_4",
theoreticalSource := "Koike (5.3)",
trials := [ rec(
coefficients := [ 2, 5, 10, 17, 26, 37 ],
exitCode := 0,
singularChart := fail,
status := "exact_smooth" ) ],
verificationMode := "exact_computation" ), rec(
coefficients := [ 2, 5, 10, 17, 26 ],
dimensionAudit := rec(
computedCentralizerDimension := 3,
computedFamilyDimension := 2,
computedInvariantDimension := 5,
storedCentralizerDimension := 3,
storedFamilyDimension := 2,
storedInvariantDimension := 5,
verified := true ),
label := "large-30",
linearGroupId := [ 144, 188 ],
number := 30,
projectiveGroupId := [ 48, 48 ],
proofType := "an explicit member has empty projective Jacobian locus",
rankS := 17,
runtimeMilliseconds := 51,
smoothPolynomial := "(-2)*x6^3 + (2)*x5^3 + (5)*x4*x5*x6 + (26)*x4^3 + (5)*x3*x5*x6 + (-10*E(3)^2)*x3*x4*x6 + (10)*x3*x4*x5 + (17)*x3*x4^2 + (17)*x3^2*x4 + (26)*x3^3 + (5)*x2*x5*x6 + (-10)*x2*x4*x6 + (10*E(3)^2)*x2*x4*x5 + (17)*x2*x4^2 + (-10*E(3))*x2*x3*x6 + (10*E(3))*x2*x3*x5 + (-27)*x2*x3*x4 + (17)*x2*x3^2 + (17)*x2^2*x4 + (17)*x2^2*x3 + (26)*x2^3 + (5)*x1*x5*x6 + (-10*E(3))*x1*x4*x6 + (10*E(3))*x1*x4*x5 + (17)*x1*x4^2 + (-10)*x1*x3*x6 + (10*E(3)^2)*x1*x3*x5 + (-27)*x1*x3*x4 + (17)*x1*x3^2 + (-10*E(3)^2)*x1*x2*x6 + (10)*x1*x2*x5 + (-27)*x1*x2*x4 + (-27)*x1*x2*x3 + (17)*x1*x2^2 + (17)*x1^2*x4 + (17)*x1^2*x3 + (17)*x1^2*x2 + (26)*x1^3",
sourceCategory := "rank_at_least_15",
sourcePosition := 30,
status := "smooth",
symplecticPart := "S_4",
theoreticalSource := "",
trials := [ rec(
coefficients := [ 2, 5, 10, 17, 26 ],
exitCode := 0,
singularChart := fail,
status := "exact_smooth" ) ],
verificationMode := "exact_computation" ), rec(
coefficients := [ 2, 5, 10, 17, 26, 37 ],
dimensionAudit := rec(
computedCentralizerDimension := 4,
computedFamilyDimension := 2,
computedInvariantDimension := 6,
storedCentralizerDimension := 4,
storedFamilyDimension := 2,
storedInvariantDimension := 6,
verified := true ),
label := "large-31",
linearGroupId := [ 48, 26 ],
number := 31,
projectiveGroupId := [ 16, 0 ],
proofType := "an explicit member has empty projective Jacobian locus",
rankS := 18,
runtimeMilliseconds := 20,
smoothPolynomial := "(2)*x4*x5^2 + (2)*x3*x6^2 + (5)*x2*x5*x6 + (10)*x2*x4^2 + (10)*x2*x3^2 + (17)*x1*x3*x4 + (26)*x1*x2^2 + (37)*x1^3",
sourceCategory := "rank_at_least_15",
sourcePosition := 31,
status := "smooth",
symplecticPart := "QD_16",
theoreticalSource := "Koike (6.3)",
trials := [ rec(
coefficients := [ 2, 5, 10, 17, 26, 37 ],
exitCode := 0,
singularChart := fail,
status := "exact_smooth" ) ],
verificationMode := "exact_computation" ), rec(
coefficients := [ 2, 5, 10, 17, 26 ],
dimensionAudit := rec(
computedCentralizerDimension := 4,
computedFamilyDimension := 1,
computedInvariantDimension := 5,
storedCentralizerDimension := 4,
storedFamilyDimension := 1,
storedInvariantDimension := 5,
verified := true ),
label := "large-32",
linearGroupId := [ 96, 182 ],
number := 32,
projectiveGroupId := [ 32, 42 ],
proofType := "an explicit member has empty projective Jacobian locus",
rankS := 18,
runtimeMilliseconds := 35,
smoothPolynomial := "(2)*x4*x5^2 + (2)*x3*x6^2 + (5)*x2*x4^2 + (5)*x2*x3^2 + (10)*x1*x3*x4 + (17)*x1*x2^2 + (26)*x1^3",
sourceCategory := "rank_at_least_15",
sourcePosition := 32,
status := "smooth",
symplecticPart := "QD_16",
theoreticalSource := "",
trials := [ rec(
coefficients := [ 2, 5, 10, 17, 26 ],
exitCode := 0,
singularChart := fail,
status := "exact_smooth" ) ],
verificationMode := "exact_computation" ), rec(
coefficients := [ 2, 5, 10, 17, 26 ],
dimensionAudit := rec(
computedCentralizerDimension := 3,
computedFamilyDimension := 2,
computedInvariantDimension := 5,
storedCentralizerDimension := 3,
storedFamilyDimension := 2,
storedInvariantDimension := 5,
verified := true ),
label := "large-33",
linearGroupId := [ 60, 6 ],
number := 33,
projectiveGroupId := [ 20, 0 ],
proofType := "an explicit member has empty projective Jacobian locus",
rankS := 18,
runtimeMilliseconds := 26,
smoothPolynomial := "(2)*x5*x6^2 + (26)*x5^3 + (2)*x4*x6^2 + (5)*x4*x5*x6 + (17)*x4*x5^2 + (17)*x4^2*x5 + (26)*x4^3 + (2)*x3*x6^2 + (5)*x3*x5*x6 + (17)*x3*x5^2 + (-5)*x3*x4*x6 + (10)*x3*x4*x5 + (17)*x3*x4^2 + (17)*x3^2*x5 + (17)*x3^2*x4 + (26)*x3^3 + (2)*x2*x6^2 + (-5)*x2*x5*x6 + (17)*x2*x5^2 + (-5)*x2*x4*x6 + (10)*x2*x4*x5 + (17)*x2*x4^2 + (5)*x2*x3*x6 + (10)*x2*x3*x5 + (10)*x2*x3*x4 + (17)*x2*x3^2 + (17)*x2^2*x5 + (17)*x2^2*x4 + (17)*x2^2*x3 + (26)*x2^3 + (2)*x1*x6^2 + (-5)*x1*x5*x6 + (17)*x1*x5^2 + (5)*x1*x4*x6 + (10)*x1*x4*x5 + (17)*x1*x4^2 + (-5)*x1*x3*x6 + (10)*x1*x3*x5 + (10)*x1*x3*x4 + (17)*x1*x3^2 + (5)*x1*x2*x6 + (10)*x1*x2*x5 + (10)*x1*x2*x4 + (10)*x1*x2*x3 + (17)*x1*x2^2 + (17)*x1^2*x5 + (17)*x1^2*x4 + (17)*x1^2*x3 + (17)*x1^2*x2 + (26)*x1^3",
sourceCategory := "rank_at_least_15",
sourcePosition := 33,
status := "smooth",
symplecticPart := "Hol_5",
theoreticalSource := "Koike (6.15)",
trials := [ rec(
coefficients := [ 2, 5, 10, 17, 26 ],
exitCode := 0,
singularChart := fail,
status := "exact_smooth" ) ],
verificationMode := "exact_computation" ), rec(
coefficients := [ 2, 5, 10, 17 ],
dimensionAudit := rec(
computedCentralizerDimension := 2,
computedFamilyDimension := 2,
computedInvariantDimension := 4,
storedCentralizerDimension := 2,
storedFamilyDimension := 2,
storedInvariantDimension := 4,
verified := true ),
label := "large-34",
linearGroupId := [ 63, 3 ],
number := 34,
projectiveGroupId := [ 21, 0 ],
proofType := "an explicit member has empty projective Jacobian locus",
rankS := 18,
runtimeMilliseconds := 21,
smoothPolynomial := "(17)*x5^2*x6 + (5)*x4^2*x5 + (17)*x3^2*x4 + (2)*x2*x4*x6 + (5)*x2^2*x3 + (5)*x1*x6^2 + (10)*x1*x3*x5 + (17)*x1^2*x2",
sourceCategory := "rank_at_least_15",
sourcePosition := 34,
status := "smooth",
symplecticPart := "F_21",
theoreticalSource := "HLWZ Thm 1.2(1), \302\2473.1",
trials := [ rec(
coefficients := [ 2, 5, 10, 17 ],
exitCode := 0,
singularChart := fail,
status := "exact_smooth" ) ],
verificationMode := "exact_computation" ), rec(
coefficients := [ 2, 5 ],
dimensionAudit := rec(
computedCentralizerDimension := 1,
computedFamilyDimension := 1,
computedInvariantDimension := 2,
storedCentralizerDimension := 1,
storedFamilyDimension := 1,
storedInvariantDimension := 2,
verified := true ),
label := "large-35",
linearGroupId := [ 126, 7 ],
number := 35,
projectiveGroupId := [ 42, 0 ],
proofType := "an explicit member has empty projective Jacobian locus",
rankS := 18,
runtimeMilliseconds := 19,
smoothPolynomial := "(5)*x5^2*x6 + (5)*x4^2*x5 + (5)*x3^2*x4 + (2)*x2*x4*x6 + (5)*x2^2*x3 + (5)*x1*x6^2 + (2)*x1*x3*x5 + (5)*x1^2*x2",
sourceCategory := "rank_at_least_15",
sourcePosition := 35,
status := "smooth",
symplecticPart := "F_21",
theoreticalSource := "HLWZ Thm 1.2(2); gtau^3",
trials := [ rec(
coefficients := [ 2, 5 ],
exitCode := 0,
singularChart := fail,
status := "exact_smooth" ) ],
verificationMode := "exact_computation" ), rec(
coefficients := [ 2 ],
dimensionAudit := rec(
computedCentralizerDimension := 1,
computedFamilyDimension := 0,
computedInvariantDimension := 1,
storedCentralizerDimension := 1,
storedFamilyDimension := 0,
storedInvariantDimension := 1,
verified := true ),
label := "large-36",
linearGroupId := [ 378, 8 ],
number := 36,
projectiveGroupId := [ 126, 0 ],
proofType := "an explicit member has empty projective Jacobian locus",
rankS := 18,
runtimeMilliseconds := 31,
smoothPolynomial := "(2)*x5^2*x6 + (2)*x4^2*x5 + (2)*x3^2*x4 + (2)*x2^2*x3 + (2)*x1*x6^2 + (2)*x1^2*x2",
sourceCategory := "rank_at_least_15",
sourcePosition := 36,
status := "smooth",
symplecticPart := "F_21",
theoreticalSource := "HLWZ Thm 1.2(3) Klein f1+f2; g\317\204 + twisted k",
trials := [ rec(
coefficients := [ 2 ],
exitCode := 0,
singularChart := fail,
status := "exact_smooth" ) ],
verificationMode := "exact_computation" ), rec(
coefficients := [ 2, 5, 10, 17, 26, 37, 50, 65 ],
dimensionAudit := rec(
computedCentralizerDimension := 6,
computedFamilyDimension := 2,
computedInvariantDimension := 8,
storedCentralizerDimension := 6,
storedFamilyDimension := 2,
storedInvariantDimension := 8,
verified := true ),
label := "large-37",
linearGroupId := [ 324, 165 ],
number := 37,
projectiveGroupId := [ 108, 38 ],
proofType := "an explicit member has empty projective Jacobian locus",
rankS := 16,
runtimeMilliseconds := 47,
smoothPolynomial := "(10)*x6^3 + (5)*x5*x6^2 + (5)*x5^2*x6 + (10)*x5^3 + (5)*x4*x6^2 + (2)*x4*x5*x6 + (5)*x4*x5^2 + (5)*x4^2*x6 + (5)*x4^2*x5 + (10)*x4^3 + (26)*x3*x6^2 + (17)*x3*x5*x6 + (26)*x3*x5^2 + (17)*x3*x4*x6 + (17)*x3*x4*x5 + (26)*x3*x4^2 + (37)*x3^2*x6 + (37)*x3^2*x5 + (37)*x3^2*x4 + (65)*x3^3 + (26)*x2*x6^2 + (17)*x2*x5*x6 + (26)*x2*x5^2 + (17)*x2*x4*x6 + (17)*x2*x4*x5 + (26)*x2*x4^2 + (74)*x2*x3*x6 + (74)*x2*x3*x5 + (74)*x2*x3*x4 + (50)*x2*x3^2 + (37)*x2^2*x6 + (37)*x2^2*x5 + (37)*x2^2*x4 + (50)*x2^2*x3 + (65)*x2^3 + (26)*x1*x6^2 + (17)*x1*x5*x6 + (26)*x1*x5^2 + (17)*x1*x4*x6 + (17)*x1*x4*x5 + (26)*x1*x4^2 + (74)*x1*x3*x6 + (74)*x1*x3*x5 + (74)*x1*x3*x4 + (50)*x1*x3^2 + (74)*x1*x2*x6 + (74)*x1*x2*x5 + (74)*x1*x2*x4 + (390)*x1*x2*x3 + (50)*x1*x2^2 + (37)*x1^2*x6 + (37)*x1^2*x5 + (37)*x1^2*x4 + (50)*x1^2*x3 + (50)*x1^2*x2 + (65)*x1^3",
sourceCategory := "rank_at_least_15",
sourcePosition := 37,
status := "smooth",
symplecticPart := "A_3,3",
theoreticalSource := "",
trials := [ rec(
coefficients := [ 2, 5, 10, 17, 26, 37, 50, 65 ],
exitCode := 0,
singularChart := fail,
status := "exact_smooth" ) ],
verificationMode := "exact_computation" ), rec(
coefficients := [ 2, 5, 10, 17, 26, 37 ],
dimensionAudit := rec(
computedCentralizerDimension := 4,
computedFamilyDimension := 2,
computedInvariantDimension := 6,
storedCentralizerDimension := 4,
storedFamilyDimension := 2,
storedInvariantDimension := 6,
verified := true ),
label := "large-38",
linearGroupId := [ 324, 165 ],
number := 38,
projectiveGroupId := [ 108, 38 ],
proofType := "an explicit member has empty projective Jacobian locus",
rankS := 16,
runtimeMilliseconds := 54,
smoothPolynomial := "(5)*x6^3 + (2)*x5*x6^2 + (2)*x5^2*x6 + (5)*x5^3 + (2)*x4*x6^2 + (-164)*x4*x5*x6 + (2)*x4*x5^2 + (2)*x4^2*x6 + (2)*x4^2*x5 + (5)*x4^3 + (10)*x3*x6^2 + (254/3)*x3*x5*x6 + (10)*x3*x5^2 + (254/3)*x3*x4*x6 + (254/3)*x3*x4*x5 + (10)*x3*x4^2 + (-163/3)*x3^2*x6 + (-163/3)*x3^2*x5 + (-163/3)*x3^2*x4 + (37)*x3^3 + (10)*x2*x6^2 + (254/3)*x2*x5*x6 + (10)*x2*x5^2 + (254/3)*x2*x4*x6 + (254/3)*x2*x4*x5 + (10)*x2*x4^2 + (-121/3)*x2*x3*x6 + (-121/3)*x2*x3*x5 + (-121/3)*x2*x3*x4 + (26)*x2*x3^2 + (-163/3)*x2^2*x6 + (-163/3)*x2^2*x5 + (-163/3)*x2^2*x4 + (26)*x2^2*x3 + (37)*x2^3 + (10)*x1*x6^2 + (254/3)*x1*x5*x6 + (10)*x1*x5^2 + (254/3)*x1*x4*x6 + (254/3)*x1*x4*x5 + (10)*x1*x4^2 + (-121/3)*x1*x3*x6 + (-121/3)*x1*x3*x5 + (-121/3)*x1*x3*x4 + (26)*x1*x3^2 + (-121/3)*x1*x2*x6 + (-121/3)*x1*x2*x5 + (-121/3)*x1*x2*x4 + (17)*x1*x2*x3 + (26)*x1*x2^2 + (-163/3)*x1^2*x6 + (-163/3)*x1^2*x5 + (-163/3)*x1^2*x4 + (26)*x1^2*x3 + (26)*x1^2*x2 + (37)*x1^3",
sourceCategory := "rank_at_least_15",
sourcePosition := 38,
status := "smooth",
symplecticPart := "A_3,3",
theoreticalSource := "",
trials := [ rec(
coefficients := [ 2, 5, 10, 17, 26, 37 ],
exitCode := 0,
singularChart := fail,
status := "exact_smooth" ) ],
verificationMode := "exact_computation" ), rec(
coefficients := [ 2, 5, 10, 17, 26, 37 ],
dimensionAudit := rec(
computedCentralizerDimension := 4,
computedFamilyDimension := 2,
computedInvariantDimension := 6,
storedCentralizerDimension := 4,
storedFamilyDimension := 2,
storedInvariantDimension := 6,
verified := true ),
label := "large-39",
linearGroupId := [ 216, 170 ],
number := 39,
projectiveGroupId := [ 72, 46 ],
proofType := "an explicit member has empty projective Jacobian locus",
rankS := 18,
runtimeMilliseconds := 35,
smoothPolynomial := "(10)*x6^3 + (5)*x5*x6^2 + (5)*x5^2*x6 + (10)*x5^3 + (5)*x4*x6^2 + (2)*x4*x5*x6 + (5)*x4*x5^2 + (5)*x4^2*x6 + (5)*x4^2*x5 + (10)*x4^3 + (26)*x3^2*x6 + (26)*x3^2*x5 + (26)*x3^2*x4 + (37)*x3^3 + (17)*x2*x3*x6 + (17)*x2*x3*x5 + (17)*x2*x3*x4 + (-111/2)*x2*x3^2 + (26)*x2^2*x6 + (26)*x2^2*x5 + (26)*x2^2*x4 + (-111/2)*x2^2*x3 + (37)*x2^3 + (17)*x1*x3*x6 + (17)*x1*x3*x5 + (17)*x1*x3*x4 + (-111/2)*x1*x3^2 + (17)*x1*x2*x6 + (17)*x1*x2*x5 + (17)*x1*x2*x4 + (222)*x1*x2*x3 + (-111/2)*x1*x2^2 + (26)*x1^2*x6 + (26)*x1^2*x5 + (26)*x1^2*x4 + (-111/2)*x1^2*x3 + (-111/2)*x1^2*x2 + (37)*x1^3",
sourceCategory := "rank_at_least_15",
sourcePosition := 39,
status := "smooth",
symplecticPart := "S_3,3",
theoreticalSource := "Koike (6.13)+ns(12)",
trials := [ rec(
coefficients := [ 2, 5, 10, 17, 26, 37 ],
exitCode := 0,
singularChart := fail,
status := "exact_smooth" ) ],
verificationMode := "exact_computation" ), rec(
coefficients := [ 2, 5, 10, 17, 26, 37, 50 ],
dimensionAudit := rec(
computedCentralizerDimension := 5,
computedFamilyDimension := 2,
computedInvariantDimension := 7,
storedCentralizerDimension := 5,
storedFamilyDimension := 2,
storedInvariantDimension := 7,
verified := true ),
label := "large-40",
linearGroupId := [ 216, 157 ],
number := 40,
projectiveGroupId := [ 72, 40 ],
proofType := "an explicit member has empty projective Jacobian locus",
rankS := 18,
runtimeMilliseconds := 27,
smoothPolynomial := "(2)*x5*x6^2 + (2)*x5^2*x6 + (2)*x3*x4^2 + (2)*x3^2*x4 + (5)*x2*x6^2 + (5)*x2*x5*x6 + (5)*x2*x5^2 + (5)*x2*x4^2 + (5)*x2*x3*x4 + (5)*x2*x3^2 + (10)*x2^3 + (17)*x1*x6^2 + (17)*x1*x5*x6 + (17)*x1*x5^2 + (17)*x1*x4^2 + (17)*x1*x3*x4 + (17)*x1*x3^2 + (26)*x1*x2^2 + (37)*x1^2*x2 + (50)*x1^3",
sourceCategory := "rank_at_least_15",
sourcePosition := 40,
status := "smooth",
symplecticPart := "S_3,3",
theoreticalSource := "corrigendum (0.2)+ns(34)",
trials := [ rec(
coefficients := [ 2, 5, 10, 17, 26, 37, 50 ],
exitCode := 0,
singularChart := fail,
status := "exact_smooth" ) ],
verificationMode := "exact_computation" ), rec(
coefficients := [ 2, 5, 10, 17, 26 ],
dimensionAudit := rec(
computedCentralizerDimension := 4,
computedFamilyDimension := 1,
computedInvariantDimension := 5,
storedCentralizerDimension := 4,
storedFamilyDimension := 1,
storedInvariantDimension := 5,
verified := true ),
label := "large-41",
linearGroupId := [ 648, 746 ],
number := 41,
projectiveGroupId := [ 216, 170 ],
proofType := "an explicit member has empty projective Jacobian locus",
rankS := 18,
runtimeMilliseconds := 53,
smoothPolynomial := "(5)*x6^3 + (2)*x5*x6^2 + (2)*x5^2*x6 + (5)*x5^3 + (2)*x4*x6^2 + (30)*x4*x5*x6 + (2)*x4*x5^2 + (2)*x4^2*x6 + (2)*x4^2*x5 + (5)*x4^3 + (17)*x3^2*x6 + (17)*x3^2*x5 + (17)*x3^2*x4 + (26)*x3^3 + (10)*x2*x3*x6 + (10)*x2*x3*x5 + (10)*x2*x3*x4 + (-39)*x2*x3^2 + (17)*x2^2*x6 + (17)*x2^2*x5 + (17)*x2^2*x4 + (-39)*x2^2*x3 + (26)*x2^3 + (10)*x1*x3*x6 + (10)*x1*x3*x5 + (10)*x1*x3*x4 + (-39)*x1*x3^2 + (10)*x1*x2*x6 + (10)*x1*x2*x5 + (10)*x1*x2*x4 + (156)*x1*x2*x3 + (-39)*x1*x2^2 + (17)*x1^2*x6 + (17)*x1^2*x5 + (17)*x1^2*x4 + (-39)*x1^2*x3 + (-39)*x1^2*x2 + (26)*x1^3",
sourceCategory := "rank_at_least_15",
sourcePosition := 41,
status := "smooth",
symplecticPart := "S_3,3",
theoreticalSource := "",
trials := [ rec(
coefficients := [ 2, 5, 10, 17, 26 ],
exitCode := 0,
singularChart := fail,
status := "exact_smooth" ) ],
verificationMode := "exact_computation" ), rec(
coefficients := [ 2, 5, 10, 17 ],
dimensionAudit := rec(
computedCentralizerDimension := 2,
computedFamilyDimension := 2,
computedInvariantDimension := 4,
storedCentralizerDimension := 2,
storedFamilyDimension := 2,
storedInvariantDimension := 4,
verified := true ),
label := "large-42",
linearGroupId := [ 108, 15 ],
number := 42,
projectiveGroupId := [ 36, 0 ],
proofType := "an explicit member has empty projective Jacobian locus",
rankS := 18,
runtimeMilliseconds := 39,
smoothPolynomial := "(2)*x6^3 + (2)*x5^3 + (6*E(12)^4+6*E(12)^7+6*E(12)^8-6*E(12)^11)*x4*x5*x6 + (2)*x4^3 + (5)*x3*x6^2 + (5*E(12)^4-5*E(12)^7+5*E(12)^8+5*E(12)^11)*x3*x4*x5 + (10)*x3^2*x6 + (17)*x3^3 + (5)*x2*x5^2 + (5*E(12)^4-5*E(12)^7+5*E(12)^8+5*E(12)^11)*x2*x4*x6 + (10*E(12)^4+10*E(12)^7+10*E(12)^8-10*E(12)^11)*x2*x3*x4 + (10)*x2^2*x5 + (17)*x2^3 + (5*E(12)^4-5*E(12)^7+5*E(12)^8+5*E(12)^11)*x1*x5*x6 + (5)*x1*x4^2 + (10*E(12)^4+10*E(12)^7+10*E(12)^8-10*E(12)^11)*x1*x3*x5 + (10*E(12)^4+10*E(12)^7+10*E(12)^8-10*E(12)^11)*x1*x2*x6 + (51*E(12)^4-51*E(12)^7+51*E(12)^8+51*E(12)^11)*x1*x2*x3 + (10)*x1^2*x4 + (17)*x1^3",
sourceCategory := "rank_at_least_15",
sourcePosition := 42,
status := "smooth",
symplecticPart := "3^2.4",
theoreticalSource := "Koike (6.12)",
trials := [ rec(
coefficients := [ 2, 5, 10, 17 ],
exitCode := 0,
singularChart := fail,
status := "exact_smooth" ) ],
verificationMode := "exact_computation" ), rec(
coefficients := [ 2, 5, 10, 17, 26 ],
dimensionAudit := rec(
computedCentralizerDimension := 3,
computedFamilyDimension := 2,
computedInvariantDimension := 5,
storedCentralizerDimension := 3,
storedFamilyDimension := 2,
storedInvariantDimension := 5,
verified := true ),
label := "large-43",
linearGroupId := [ 216, 157 ],
number := 43,
projectiveGroupId := [ 72, 40 ],
proofType := "an explicit member has empty projective Jacobian locus",
rankS := 18,
runtimeMilliseconds := 31,
smoothPolynomial := "(26)*x6^3 + (17)*x5*x6^2 + (17)*x5^2*x6 + (26)*x5^3 + (17)*x4*x6^2 + (5)*x4*x5*x6 + (17)*x4*x5^2 + (17)*x4^2*x6 + (17)*x4^2*x5 + (26)*x4^3 + (10)*x3*x6^2 + (2)*x3*x5*x6 + (10)*x3*x5^2 + (2)*x3*x4*x6 + (2)*x3*x4*x5 + (10)*x3*x4^2 + (10)*x3^2*x6 + (10)*x3^2*x5 + (10)*x3^2*x4 + (26)*x3^3 + (10)*x2*x6^2 + (2)*x2*x5*x6 + (10)*x2*x5^2 + (2)*x2*x4*x6 + (2)*x2*x4*x5 + (10)*x2*x4^2 + (2)*x2*x3*x6 + (2)*x2*x3*x5 + (2)*x2*x3*x4 + (17)*x2*x3^2 + (10)*x2^2*x6 + (10)*x2^2*x5 + (10)*x2^2*x4 + (17)*x2^2*x3 + (26)*x2^3 + (10)*x1*x6^2 + (2)*x1*x5*x6 + (10)*x1*x5^2 + (2)*x1*x4*x6 + (2)*x1*x4*x5 + (10)*x1*x4^2 + (2)*x1*x3*x6 + (2)*x1*x3*x5 + (2)*x1*x3*x4 + (17)*x1*x3^2 + (2)*x1*x2*x6 + (2)*x1*x2*x5 + (2)*x1*x2*x4 + (5)*x1*x2*x3 + (17)*x1*x2^2 + (10)*x1^2*x6 + (10)*x1^2*x5 + (10)*x1^2*x4 + (17)*x1^2*x3 + (17)*x1^2*x2 + (26)*x1^3",
sourceCategory := "rank_at_least_15",
sourcePosition := 43,
status := "smooth",
symplecticPart := "3^2.4",
theoreticalSource := "Koike (6.11)+C2",
trials := [ rec(
coefficients := [ 2, 5, 10, 17, 26 ],
exitCode := 0,
singularChart := fail,
status := "exact_smooth" ) ],
verificationMode := "exact_computation" ), rec(
coefficients := [ 2, 5, 10, 17 ],
dimensionAudit := rec(
computedCentralizerDimension := 3,
computedFamilyDimension := 1,
computedInvariantDimension := 4,
storedCentralizerDimension := 3,
storedFamilyDimension := 1,
storedInvariantDimension := 4,
verified := true ),
label := "large-44",
linearGroupId := [ 648, 718 ],
number := 44,
projectiveGroupId := [ 216, 157 ],
proofType := "an explicit member has empty projective Jacobian locus",
rankS := 18,
runtimeMilliseconds := 41,
smoothPolynomial := "(2)*x6^3 + (-3)*x5*x6^2 + (-3)*x5^2*x6 + (2)*x5^3 + (2)*x4^3 + (-3)*x3*x4^2 + (-3)*x3^2*x4 + (2)*x3^3 + (5)*x2^3 + (10)*x1*x6^2 + (-10)*x1*x5*x6 + (10)*x1*x5^2 + (10)*x1*x4^2 + (-10)*x1*x3*x4 + (10)*x1*x3^2 + (17)*x1^3",
sourceCategory := "rank_at_least_15",
sourcePosition := 44,
status := "smooth",
symplecticPart := "S_3,3",
theoreticalSource := "",
trials := [ rec(
coefficients := [ 2, 5, 10, 17 ],
exitCode := 0,
singularChart := fail,
status := "exact_smooth" ) ],
verificationMode := "exact_computation" ), rec(
coefficients := [ 2, 5, 10, 17, 26, 37, 50 ],
dimensionAudit := rec(
computedCentralizerDimension := 5,
computedFamilyDimension := 2,
computedInvariantDimension := 7,
storedCentralizerDimension := 5,
storedFamilyDimension := 2,
storedInvariantDimension := 7,
verified := true ),
label := "large-45",
linearGroupId := [ 360, 119 ],
number := 45,
projectiveGroupId := [ 120, 0 ],
proofType := "an explicit member has empty projective Jacobian locus",
rankS := 18,
runtimeMilliseconds := 23,
smoothPolynomial := "(2)*x6^3 + (5)*x5*x6^2 + (26)*x5^2*x6 + (50)*x5^3 + (5)*x4*x6^2 + (10)*x4*x5*x6 + (37)*x4*x5^2 + (26)*x4^2*x6 + (37)*x4^2*x5 + (50)*x4^3 + (5)*x3*x6^2 + (10)*x3*x5*x6 + (37)*x3*x5^2 + (10)*x3*x4*x6 + (17)*x3*x4*x5 + (37)*x3*x4^2 + (26)*x3^2*x6 + (37)*x3^2*x5 + (37)*x3^2*x4 + (50)*x3^3 + (5)*x2*x6^2 + (10)*x2*x5*x6 + (37)*x2*x5^2 + (10)*x2*x4*x6 + (17)*x2*x4*x5 + (37)*x2*x4^2 + (10)*x2*x3*x6 + (17)*x2*x3*x5 + (17)*x2*x3*x4 + (37)*x2*x3^2 + (26)*x2^2*x6 + (37)*x2^2*x5 + (37)*x2^2*x4 + (37)*x2^2*x3 + (50)*x2^3 + (5)*x1*x6^2 + (10)*x1*x5*x6 + (37)*x1*x5^2 + (10)*x1*x4*x6 + (17)*x1*x4*x5 + (37)*x1*x4^2 + (10)*x1*x3*x6 + (17)*x1*x3*x5 + (17)*x1*x3*x4 + (37)*x1*x3^2 + (10)*x1*x2*x6 + (17)*x1*x2*x5 + (17)*x1*x2*x4 + (17)*x1*x2*x3 + (37)*x1*x2^2 + (26)*x1^2*x6 + (37)*x1^2*x5 + (37)*x1^2*x4 + (37)*x1^2*x3 + (37)*x1^2*x2 + (50)*x1^3",
sourceCategory := "rank_at_least_15",
sourcePosition := 45,
status := "smooth",
symplecticPart := "A_5",
theoreticalSource := "Koike (6.9)+ns(12)",
trials := [ rec(
coefficients := [ 2, 5, 10, 17, 26, 37, 50 ],
exitCode := 0,
singularChart := fail,
status := "exact_smooth" ) ],
verificationMode := "exact_computation" ), rec(
coefficients := [ 2, 5, 10, 17 ],
dimensionAudit := rec(
computedCentralizerDimension := 2,
computedFamilyDimension := 2,
computedInvariantDimension := 4,
storedCentralizerDimension := 2,
storedFamilyDimension := 2,
storedInvariantDimension := 4,
verified := true ),
label := "large-46",
linearGroupId := [ 180, 19 ],
number := 46,
projectiveGroupId := [ 60, 0 ],
proofType := "an explicit member has empty projective Jacobian locus",
rankS := 18,
runtimeMilliseconds := 20,
smoothPolynomial := "(17)*x6^3 + (10)*x5*x6^2 + (10)*x5^2*x6 + (17)*x5^3 + (10)*x4*x6^2 + (2)*x4*x5*x6 + (10)*x4*x5^2 + (10)*x4^2*x6 + (10)*x4^2*x5 + (17)*x4^3 + (10)*x3*x6^2 + (5)*x3*x5*x6 + (10)*x3*x5^2 + (2)*x3*x4*x6 + (5)*x3*x4*x5 + (10)*x3*x4^2 + (10)*x3^2*x6 + (10)*x3^2*x5 + (10)*x3^2*x4 + (17)*x3^3 + (10)*x2*x6^2 + (5)*x2*x5*x6 + (10)*x2*x5^2 + (5)*x2*x4*x6 + (2)*x2*x4*x5 + (10)*x2*x4^2 + (2)*x2*x3*x6 + (2)*x2*x3*x5 + (5)*x2*x3*x4 + (10)*x2*x3^2 + (10)*x2^2*x6 + (10)*x2^2*x5 + (10)*x2^2*x4 + (10)*x2^2*x3 + (17)*x2^3 + (10)*x1*x6^2 + (2)*x1*x5*x6 + (10)*x1*x5^2 + (5)*x1*x4*x6 + (5)*x1*x4*x5 + (10)*x1*x4^2 + (5)*x1*x3*x6 + (2)*x1*x3*x5 + (2)*x1*x3*x4 + (10)*x1*x3^2 + (2)*x1*x2*x6 + (5)*x1*x2*x5 + (2)*x1*x2*x4 + (5)*x1*x2*x3 + (10)*x1*x2^2 + (10)*x1^2*x6 + (10)*x1^2*x5 + (10)*x1^2*x4 + (10)*x1^2*x3 + (10)*x1^2*x2 + (17)*x1^3",
sourceCategory := "rank_at_least_15",
sourcePosition := 46,
status := "smooth",
symplecticPart := "A_5",
theoreticalSource := "Koike (6.10)",
trials := [ rec(
coefficients := [ 2, 5, 10, 17 ],
exitCode := 0,
singularChart := fail,
status := "exact_smooth" ) ],
verificationMode := "exact_computation" ), rec(
coefficients := [ 2, 5, 10 ],
dimensionAudit := rec(
computedCentralizerDimension := 2,
computedFamilyDimension := 1,
computedInvariantDimension := 3,
storedCentralizerDimension := 2,
storedFamilyDimension := 1,
storedInvariantDimension := 3,
verified := true ),
label := "large-47",
linearGroupId := [ 540, 88 ],
number := 47,
projectiveGroupId := [ 180, 19 ],
proofType := "an explicit member has empty projective Jacobian locus",
rankS := 18,
runtimeMilliseconds := 293,
smoothPolynomial := "(10)*x6^3 + (5)*x5*x6^2 + (5)*x5^2*x6 + (10)*x5^3 + (5)*x4*x6^2 + (43)*x4*x5*x6 + (5)*x4*x5^2 + (5)*x4^2*x6 + (5)*x4^2*x5 + (10)*x4^3 + (5)*x3*x6^2 + (2)*x3*x5*x6 + (5)*x3*x5^2 + (43)*x3*x4*x6 + (2)*x3*x4*x5 + (5)*x3*x4^2 + (5)*x3^2*x6 + (5)*x3^2*x5 + (5)*x3^2*x4 + (10)*x3^3 + (5)*x2*x6^2 + (2)*x2*x5*x6 + (5)*x2*x5^2 + (2)*x2*x4*x6 + (43)*x2*x4*x5 + (5)*x2*x4^2 + (43)*x2*x3*x6 + (43)*x2*x3*x5 + (2)*x2*x3*x4 + (5)*x2*x3^2 + (5)*x2^2*x6 + (5)*x2^2*x5 + (5)*x2^2*x4 + (5)*x2^2*x3 + (10)*x2^3 + (5)*x1*x6^2 + (43)*x1*x5*x6 + (5)*x1*x5^2 + (2)*x1*x4*x6 + (2)*x1*x4*x5 + (5)*x1*x4^2 + (2)*x1*x3*x6 + (43)*x1*x3*x5 + (43)*x1*x3*x4 + (5)*x1*x3^2 + (43)*x1*x2*x6 + (2)*x1*x2*x5 + (43)*x1*x2*x4 + (2)*x1*x2*x3 + (5)*x1*x2^2 + (5)*x1^2*x6 + (5)*x1^2*x5 + (5)*x1^2*x4 + (5)*x1^2*x3 + (5)*x1^2*x2 + (10)*x1^3",
sourceCategory := "rank_at_least_15",
sourcePosition := 47,
status := "smooth",
symplecticPart := "A_5",
theoreticalSource := "",
trials := [ rec(
coefficients := [ 2, 5, 10 ],
exitCode := 0,
singularChart := fail,
status := "exact_smooth" ) ],
verificationMode := "exact_computation" ), rec(
coefficients := [ 2, 5, 10, 17 ],
dimensionAudit := rec(
computedCentralizerDimension := 3,
computedFamilyDimension := 1,
computedInvariantDimension := 4,
storedCentralizerDimension := 3,
storedFamilyDimension := 1,
storedInvariantDimension := 4,
verified := true ),
label := "large-48",
linearGroupId := [ 1080, 490 ],
number := 48,
projectiveGroupId := [ 360, 119 ],
proofType := "an explicit member has empty projective Jacobian locus",
rankS := 18,
runtimeMilliseconds := 27,
smoothPolynomial := "(2)*x6^3 + (201)*x5*x6^2 + (-91)*x5^2*x6 + (17)*x5^3 + (201)*x4*x6^2 + (-55)*x4*x5*x6 + (10)*x4*x5^2 + (-91)*x4^2*x6 + (10)*x4^2*x5 + (17)*x4^3 + (201)*x3*x6^2 + (-55)*x3*x5*x6 + (10)*x3*x5^2 + (-55)*x3*x4*x6 + (5)*x3*x4*x5 + (10)*x3*x4^2 + (-91)*x3^2*x6 + (10)*x3^2*x5 + (10)*x3^2*x4 + (17)*x3^3 + (201)*x2*x6^2 + (-55)*x2*x5*x6 + (10)*x2*x5^2 + (-55)*x2*x4*x6 + (5)*x2*x4*x5 + (10)*x2*x4^2 + (-55)*x2*x3*x6 + (5)*x2*x3*x5 + (5)*x2*x3*x4 + (10)*x2*x3^2 + (-91)*x2^2*x6 + (10)*x2^2*x5 + (10)*x2^2*x4 + (10)*x2^2*x3 + (17)*x2^3 + (201)*x1*x6^2 + (-55)*x1*x5*x6 + (10)*x1*x5^2 + (-55)*x1*x4*x6 + (5)*x1*x4*x5 + (10)*x1*x4^2 + (-55)*x1*x3*x6 + (5)*x1*x3*x5 + (5)*x1*x3*x4 + (10)*x1*x3^2 + (-55)*x1*x2*x6 + (5)*x1*x2*x5 + (5)*x1*x2*x4 + (5)*x1*x2*x3 + (10)*x1*x2^2 + (-91)*x1^2*x6 + (10)*x1^2*x5 + (10)*x1^2*x4 + (10)*x1^2*x3 + (10)*x1^2*x2 + (17)*x1^3",
sourceCategory := "rank_at_least_15",
sourcePosition := 48,
status := "smooth",
symplecticPart := "A_5",
theoreticalSource := "",
trials := [ rec(
coefficients := [ 2, 5, 10, 17 ],
exitCode := 0,
singularChart := fail,
status := "exact_smooth" ) ],
verificationMode := "exact_computation" ), rec(
coefficients := [ 2, 5, 10, 17, 26 ],
dimensionAudit := rec(
computedCentralizerDimension := 3,
computedFamilyDimension := 2,
computedInvariantDimension := 5,
storedCentralizerDimension := 3,
storedFamilyDimension := 2,
storedInvariantDimension := 5,
verified := true ),
label := "large-49",
linearGroupId := [ 432, 745 ],
number := 49,
projectiveGroupId := [ 144, 0 ],
proofType := "an explicit member has empty projective Jacobian locus",
rankS := 18,
runtimeMilliseconds := 44,
smoothPolynomial := "(-8)*x5*x6^2 + (-8)*x5^2*x6 + (10)*x4*x6^2 + (2)*x4*x5*x6 + (10)*x4*x5^2 + (10)*x4^2*x6 + (10)*x4^2*x5 + (26)*x4^3 + (10)*x3*x6^2 + (2)*x3*x5*x6 + (10)*x3*x5^2 + (20)*x3*x4*x6 + (20)*x3*x4*x5 + (17)*x3*x4^2 + (10)*x3^2*x6 + (10)*x3^2*x5 + (17)*x3^2*x4 + (26)*x3^3 + (10)*x2*x6^2 + (2)*x2*x5*x6 + (10)*x2*x5^2 + (20)*x2*x4*x6 + (20)*x2*x4*x5 + (17)*x2*x4^2 + (20)*x2*x3*x6 + (20)*x2*x3*x5 + (5)*x2*x3*x4 + (17)*x2*x3^2 + (10)*x2^2*x6 + (10)*x2^2*x5 + (17)*x2^2*x4 + (17)*x2^2*x3 + (26)*x2^3 + (10)*x1*x6^2 + (2)*x1*x5*x6 + (10)*x1*x5^2 + (20)*x1*x4*x6 + (20)*x1*x4*x5 + (17)*x1*x4^2 + (20)*x1*x3*x6 + (20)*x1*x3*x5 + (5)*x1*x3*x4 + (17)*x1*x3^2 + (20)*x1*x2*x6 + (20)*x1*x2*x5 + (5)*x1*x2*x4 + (5)*x1*x2*x3 + (17)*x1*x2^2 + (10)*x1^2*x6 + (10)*x1^2*x5 + (17)*x1^2*x4 + (17)*x1^2*x3 + (17)*x1^2*x2 + (26)*x1^3",
sourceCategory := "rank_at_least_15",
sourcePosition := 49,
status := "smooth",
symplecticPart := "A_4,3",
theoreticalSource := "Koike (6.5)+ns(12)",
trials := [ rec(
coefficients := [ 2, 5, 10, 17, 26 ],
exitCode := 0,
singularChart := fail,
status := "exact_smooth" ) ],
verificationMode := "exact_computation" ), rec(
coefficients := [ 2, 5, 10, 17 ],
dimensionAudit := rec(
computedCentralizerDimension := 2,
computedFamilyDimension := 2,
computedInvariantDimension := 4,
storedCentralizerDimension := 2,
storedFamilyDimension := 2,
storedInvariantDimension := 4,
verified := true ),
label := "large-50",
linearGroupId := [ 216, 95 ],
number := 50,
projectiveGroupId := [ 72, 43 ],
proofType := "an explicit member has empty projective Jacobian locus",
rankS := 18,
runtimeMilliseconds := 80,
smoothPolynomial := "(17)*x6^3 + (10)*x5*x6^2 + (10)*x5^2*x6 + (17)*x5^3 + (2)*x4*x6^2 + (121/2)*x4*x5*x6 + (2)*x4*x5^2 + (76/3)*x4^2*x6 + (76/3)*x4^2*x5 + (121/3)*x4^3 + (5)*x3*x6^2 + (-287/2)*x3*x5*x6 + (5)*x3*x5^2 + (-581/6)*x3*x4*x6 + (-581/6)*x3*x4*x5 + (315/2)*x3*x4^2 + (277/3)*x3^2*x6 + (277/3)*x3^2*x5 + (-275/2)*x3^2*x4 + (-80/3)*x3^3 + (146/3)*x2*x6^2 + (-1909/6)*x2*x5*x6 + (539/3)*x2*x5^2 + (5/3)*x2*x4*x6 + (-826/3)*x2*x4*x5 + (76/3)*x2*x4^2 + (1055/3)*x2*x3*x6 + (-875/6)*x2*x3*x5 + (-581/6)*x2*x3*x4 + (277/3)*x2*x3^2 + (146/3)*x2^2*x6 + (539/3)*x2^2*x5 + (2)*x2^2*x4 + (5)*x2^2*x3 + (17)*x2^3 + (539/3)*x1*x6^2 + (-1909/6)*x1*x5*x6 + (146/3)*x1*x5^2 + (-826/3)*x1*x4*x6 + (5/3)*x1*x4*x5 + (76/3)*x1*x4^2 + (-875/6)*x1*x3*x6 + (1055/3)*x1*x3*x5 + (-581/6)*x1*x3*x4 + (277/3)*x1*x3^2 + (-1909/6)*x1*x2*x6 + (-1909/6)*x1*x2*x5 + (121/2)*x1*x2*x4 + (-287/2)*x1*x2*x3 + (10)*x1*x2^2 + (539/3)*x1^2*x6 + (146/3)*x1^2*x5 + (2)*x1^2*x4 + (5)*x1^2*x3 + (10)*x1^2*x2 + (17)*x1^3",
sourceCategory := "rank_at_least_15",
sourcePosition := 50,
status := "smooth",
symplecticPart := "A_4,3",
theoreticalSource := "Koike (6.7)",
trials := [ rec(
coefficients := [ 2, 5, 10, 17 ],
exitCode := 0,
singularChart := fail,
status := "exact_smooth" ) ],
verificationMode := "exact_computation" ), rec(
coefficients := [ 2, 5, 10 ],
dimensionAudit := rec(
computedCentralizerDimension := 2,
computedFamilyDimension := 1,
computedInvariantDimension := 3,
storedCentralizerDimension := 2,
storedFamilyDimension := 1,
storedInvariantDimension := 3,
verified := true ),
label := "large-51",
linearGroupId := [ 432, 538 ],
number := 51,
projectiveGroupId := [ 144, 189 ],
proofType := "an explicit member has empty projective Jacobian locus",
rankS := 18,
runtimeMilliseconds := 64,
smoothPolynomial := "(5)*x5*x6^2 + (15)*x5^2*x6 + (10)*x5^3 + (5)*x3*x4^2 + (15)*x3^2*x4 + (10)*x3^3 + (-29/4)*x2*x4*x6 + (-9/2)*x2*x4*x5 + (-9/2)*x2*x3*x6 + x2*x3*x5 + (-9/2)*x1*x4*x6 + x1*x4*x5 + x1*x3*x6 + (2)*x1*x3*x5 + (5)*x1*x2^2 + (15)*x1^2*x2 + (10)*x1^3",
sourceCategory := "rank_at_least_15",
sourcePosition := 51,
status := "smooth",
symplecticPart := "A_4,3",
theoreticalSource := "",
trials := [ rec(
coefficients := [ 2, 5, 10 ],
exitCode := 0,
singularChart := fail,
status := "exact_smooth" ) ],
verificationMode := "exact_computation" ), rec(
coefficients := [ 2, 5, 10, 17 ],
dimensionAudit := rec(
computedCentralizerDimension := 3,
computedFamilyDimension := 1,
computedInvariantDimension := 4,
storedCentralizerDimension := 3,
storedFamilyDimension := 1,
storedInvariantDimension := 4,
verified := true ),
label := "large-52",
linearGroupId := [ 1296, 3545 ],
number := 52,
projectiveGroupId := [ 432, 745 ],
proofType := "an explicit member has empty projective Jacobian locus",
rankS := 18,
runtimeMilliseconds := 65,
smoothPolynomial := "(15)*x5*x6^2 + (15)*x5^2*x6 + (5)*x4*x6^2 + (20)*x4*x5*x6 + (5)*x4*x5^2 + (5)*x4^2*x6 + (5)*x4^2*x5 + (17)*x4^3 + (5)*x3*x6^2 + (20)*x3*x5*x6 + (5)*x3*x5^2 + (10)*x3*x4*x6 + (10)*x3*x4*x5 + (10)*x3*x4^2 + (5)*x3^2*x6 + (5)*x3^2*x5 + (10)*x3^2*x4 + (17)*x3^3 + (5)*x2*x6^2 + (20)*x2*x5*x6 + (5)*x2*x5^2 + (10)*x2*x4*x6 + (10)*x2*x4*x5 + (10)*x2*x4^2 + (10)*x2*x3*x6 + (10)*x2*x3*x5 + (2)*x2*x3*x4 + (10)*x2*x3^2 + (5)*x2^2*x6 + (5)*x2^2*x5 + (10)*x2^2*x4 + (10)*x2^2*x3 + (17)*x2^3 + (5)*x1*x6^2 + (20)*x1*x5*x6 + (5)*x1*x5^2 + (10)*x1*x4*x6 + (10)*x1*x4*x5 + (10)*x1*x4^2 + (10)*x1*x3*x6 + (10)*x1*x3*x5 + (2)*x1*x3*x4 + (10)*x1*x3^2 + (10)*x1*x2*x6 + (10)*x1*x2*x5 + (2)*x1*x2*x4 + (2)*x1*x2*x3 + (10)*x1*x2^2 + (5)*x1^2*x6 + (5)*x1^2*x5 + (10)*x1^2*x4 + (10)*x1^2*x3 + (10)*x1^2*x2 + (17)*x1^3",
sourceCategory := "rank_at_least_15",
sourcePosition := 52,
status := "smooth",
symplecticPart := "A_4,3",
theoreticalSource := "",
trials := [ rec(
coefficients := [ 2, 5, 10, 17 ],
exitCode := 0,
singularChart := fail,
status := "exact_smooth" ) ],
verificationMode := "exact_computation" ), rec(
coefficients := [ 2, 5, 10, 17 ],
dimensionAudit := rec(
computedCentralizerDimension := 2,
computedFamilyDimension := 2,
computedInvariantDimension := 4,
storedCentralizerDimension := 2,
storedFamilyDimension := 2,
storedInvariantDimension := 4,
verified := true ),
label := "large-53",
linearGroupId := [ 2916, 0 ],
number := 53,
projectiveGroupId := [ 972, 0 ],
proofType := "an explicit member has empty projective Jacobian locus",
rankS := 18,
runtimeMilliseconds := 35,
smoothPolynomial := "(5)*x6^3 + (5)*x5^3 + (2)*x4*x5*x6 + (5)*x4^3 + (17)*x3^3 + (17)*x2^3 + (10)*x1*x2*x3 + (17)*x1^3",
sourceCategory := "rank_at_least_15",
sourcePosition := 53,
status := "smooth",
symplecticPart := "3^{1+4}:2",
theoreticalSource := "Koike (6.1)",
trials := [ rec(
coefficients := [ 2, 5, 10, 17 ],
exitCode := 0,
singularChart := fail,
status := "exact_smooth" ) ],
verificationMode := "exact_computation" ), rec(
coefficients := [ 2, 5, 10 ],
dimensionAudit := rec(
computedCentralizerDimension := 2,
computedFamilyDimension := 1,
computedInvariantDimension := 3,
storedCentralizerDimension := 2,
storedFamilyDimension := 1,
storedInvariantDimension := 3,
verified := true ),
label := "large-54",
linearGroupId := [ 5832, 0 ],
number := 54,
projectiveGroupId := [ 1944, 3493 ],
proofType := "an explicit member has empty projective Jacobian locus",
rankS := 18,
runtimeMilliseconds := 53,
smoothPolynomial := "(5)*x6^3 + (5)*x5^3 + (2)*x4*x5*x6 + (5)*x4^3 + (10)*x3^3 + (10)*x2^3 + (30*E(12)^4+30*E(12)^7+30*E(12)^8-30*E(12)^11)*x1*x2*x3 + (10)*x1^3",
sourceCategory := "rank_at_least_15",
sourcePosition := 54,
status := "smooth",
symplecticPart := "3^{1+4}:2",
theoreticalSource := "",
trials := [ rec(
coefficients := [ 2, 5, 10 ],
exitCode := 0,
singularChart := fail,
status := "exact_smooth" ) ],
verificationMode := "exact_computation" ), rec(
coefficients := [ 2, 5, 10 ],
dimensionAudit := rec(
computedCentralizerDimension := 2,
computedFamilyDimension := 1,
computedInvariantDimension := 3,
storedCentralizerDimension := 2,
storedFamilyDimension := 1,
storedInvariantDimension := 3,
verified := true ),
label := "large-55",
linearGroupId := [ 8748, 0 ],
number := 55,
projectiveGroupId := [ 2916, 0 ],
proofType := "an explicit member has empty projective Jacobian locus",
rankS := 18,
runtimeMilliseconds := 22,
smoothPolynomial := "(2)*x6^3 + (2)*x5^3 + (2)*x4^3 + (10)*x3^3 + (10)*x2^3 + (5)*x1*x2*x3 + (10)*x1^3",
sourceCategory := "rank_at_least_15",
sourcePosition := 55,
status := "smooth",
symplecticPart := "3^{1+4}:2",
theoreticalSource := "",
trials := [ rec(
coefficients := [ 2, 5, 10 ],
exitCode := 0,
singularChart := fail,
status := "exact_smooth" ) ],
verificationMode := "exact_computation" ), rec(
coefficients := [ 2, 5 ],
dimensionAudit := rec(
computedCentralizerDimension := 2,
computedFamilyDimension := 0,
computedInvariantDimension := 2,
storedCentralizerDimension := 2,
storedFamilyDimension := 0,
storedInvariantDimension := 2,
verified := true ),
label := "large-56",
linearGroupId := [ 17496, 0 ],
number := 56,
projectiveGroupId := [ 5832, 0 ],
proofType := "an explicit member has empty projective Jacobian locus",
rankS := 18,
runtimeMilliseconds := 30,
smoothPolynomial := "(2)*x6^3 + (2)*x5^3 + (2)*x4^3 + (5)*x3^3 + (5)*x2^3 + (15*E(12)^4-15*E(12)^7+15*E(12)^8+15*E(12)^11)*x1*x2*x3 + (5)*x1^3",
sourceCategory := "rank_at_least_15",
sourcePosition := 56,
status := "smooth",
symplecticPart := "3^{1+4}:2",
theoreticalSource := "",
trials := [ rec(
coefficients := [ 2, 5 ],
exitCode := 0,
singularChart := fail,
status := "exact_smooth" ) ],
verificationMode := "exact_computation" ), rec(
coefficients := [ 2, 5, 10, 17 ],
dimensionAudit := rec(
computedCentralizerDimension := 3,
computedFamilyDimension := 1,
computedInvariantDimension := 4,
storedCentralizerDimension := 3,
storedFamilyDimension := 1,
storedInvariantDimension := 4,
verified := true ),
label := "large-57",
linearGroupId := [ 144, 122 ],
number := 57,
projectiveGroupId := [ 48, 0 ],
proofType := "an explicit member has empty projective Jacobian locus",
rankS := 19,
runtimeMilliseconds := 17,
smoothPolynomial := "x4*x6^2 + -x4*x5^2 + (-E(4))*x3*x6^2 + (-E(4))*x3*x5^2 + (2)*x2*x5*x6 + (5)*x2*x3*x4 + (10)*x1*x4^2 + (10)*x1*x3^2 + (10)*x1*x2^2 + (17)*x1^3",
sourceCategory := "rank_at_least_15",
sourcePosition := 57,
status := "smooth",
symplecticPart := "T_48",
theoreticalSource := "Koike 5.1 / 7.6",
trials := [ rec(
coefficients := [ 2, 5, 10, 17 ],
exitCode := 0,
singularChart := fail,
status := "exact_smooth" ) ],
verificationMode := "exact_computation" ), rec(
coefficients := [ 2, 5, 10, 17 ],
dimensionAudit := rec(
computedCentralizerDimension := 3,
computedFamilyDimension := 1,
computedInvariantDimension := 4,
storedCentralizerDimension := 3,
storedFamilyDimension := 1,
storedInvariantDimension := 4,
verified := true ),
label := "large-58",
linearGroupId := [ 432, 754 ],
number := 58,
projectiveGroupId := [ 144, 186 ],
proofType := "an explicit member has empty projective Jacobian locus",
rankS := 19,
runtimeMilliseconds := 60,
smoothPolynomial := "(2)*x6^3 + (135/2)*x5*x6^2 + (135/2)*x5^2*x6 + (2)*x5^3 + (135/2)*x4*x6^2 + (-33)*x4*x5*x6 + (135/2)*x4*x5^2 + (135/2)*x4^2*x6 + (135/2)*x4^2*x5 + (2)*x4^3 + (10)*x3^2*x6 + (10)*x3^2*x5 + (10)*x3^2*x4 + (17)*x3^3 + (5)*x2*x3*x6 + (5)*x2*x3*x5 + (5)*x2*x3*x4 + (-51/2)*x2*x3^2 + (10)*x2^2*x6 + (10)*x2^2*x5 + (10)*x2^2*x4 + (-51/2)*x2^2*x3 + (17)*x2^3 + (5)*x1*x3*x6 + (5)*x1*x3*x5 + (5)*x1*x3*x4 + (-51/2)*x1*x3^2 + (5)*x1*x2*x6 + (5)*x1*x2*x5 + (5)*x1*x2*x4 + (102)*x1*x2*x3 + (-51/2)*x1*x2^2 + (10)*x1^2*x6 + (10)*x1^2*x5 + (10)*x1^2*x4 + (-51/2)*x1^2*x3 + (-51/2)*x1^2*x2 + (17)*x1^3",
sourceCategory := "rank_at_least_15",
sourcePosition := 58,
status := "smooth",
symplecticPart := "N_72",
theoreticalSource := "Koike 7.5; FWZ (12); FIXED: Koike A33+b1+c+(12)+mu3 not S6-perm",
trials := [ rec(
coefficients := [ 2, 5, 10, 17 ],
exitCode := 0,
singularChart := fail,
status := "exact_smooth" ) ],
verificationMode := "exact_computation" ), rec(
coefficients := [ 2, 5 ],
dimensionAudit := rec(
computedCentralizerDimension := 1,
computedFamilyDimension := 1,
computedInvariantDimension := 2,
storedCentralizerDimension := 1,
storedFamilyDimension := 1,
storedInvariantDimension := 2,
verified := true ),
label := "large-59",
linearGroupId := [ 216, 88 ],
number := 59,
projectiveGroupId := [ 72, 41 ],
proofType := "an explicit member has empty projective Jacobian locus",
rankS := 19,
runtimeMilliseconds := 43,
smoothPolynomial := "(-5*E(12)^7+5*E(12)^8)*x6^3 + (-5*E(12)^7+5*E(12)^8)*x5^3 + (-15+15*E(4))*x4*x5*x6 + (-5*E(12)^7+5*E(12)^8)*x4^3 + (-2*E(12)^4+2*E(12)^7+2*E(12)^11)*x3*x6^2 + (2*E(12)^8+2*E(12)^11)*x3*x4*x5 + (2)*x3^2*x6 + (5)*x3^3 + (-2*E(12)^4+2*E(12)^7+2*E(12)^11)*x2*x5^2 + (2*E(12)^8+2*E(12)^11)*x2*x4*x6 + (2*E(12)^4+2*E(12)^7+2*E(12)^8-2*E(12)^11)*x2*x3*x4 + (2)*x2^2*x5 + (5)*x2^3 + (2*E(12)^8+2*E(12)^11)*x1*x5*x6 + (-2*E(12)^4+2*E(12)^7+2*E(12)^11)*x1*x4^2 + (2*E(12)^4+2*E(12)^7+2*E(12)^8-2*E(12)^11)*x1*x3*x5 + (2*E(12)^4+2*E(12)^7+2*E(12)^8-2*E(12)^11)*x1*x2*x6 + (15*E(12)^4-15*E(12)^7+15*E(12)^8+15*E(12)^11)*x1*x2*x3 + (2)*x1^2*x4 + (5)*x1^3",
sourceCategory := "rank_at_least_15",
sourcePosition := 59,
status := "smooth",
symplecticPart := "M_9",
theoreticalSource := "Koike 7.4 / 6.4",
trials := [ rec(
coefficients := [ 2, 5 ],
exitCode := 0,
singularChart := fail,
status := "exact_smooth" ) ],
verificationMode := "exact_computation" ), rec(
coefficients := [ 2 ],
dimensionAudit := rec(
computedCentralizerDimension := 1,
computedFamilyDimension := 0,
computedInvariantDimension := 1,
storedCentralizerDimension := 1,
storedFamilyDimension := 0,
storedInvariantDimension := 1,
verified := true ),
label := "large-60",
linearGroupId := [ 648, 533 ],
number := 60,
projectiveGroupId := [ 216, 0 ],
proofType := "an explicit member has empty projective Jacobian locus",
rankS := 19,
runtimeMilliseconds := 76,
smoothPolynomial := "(-2*E(12)^7+2*E(12)^8)*x6^3 + (-2*E(12)^7+2*E(12)^8)*x5^3 + (-6+6*E(4))*x4*x5*x6 + (-2*E(12)^7+2*E(12)^8)*x4^3 + (2*E(3)+4*E(3)^2)*x3*x6^2 + (-2*E(12)^4+6*E(12)^7-4*E(12)^8)*x3*x4*x5 + (2*E(12)^4-2*E(12)^7+4*E(12)^8+2*E(12)^11)*x3^2*x6 + (2)*x3^3 + (2*E(3)+4*E(3)^2)*x2*x5^2 + (-2*E(12)^4+6*E(12)^7-4*E(12)^8)*x2*x4*x6 + (4*E(12)^4-4*E(12)^7+2*E(12)^8-2*E(12)^11)*x2*x3*x4 + (2*E(12)^4-2*E(12)^7+4*E(12)^8+2*E(12)^11)*x2^2*x5 + (2)*x2^3 + (-2*E(12)^4+6*E(12)^7-4*E(12)^8)*x1*x5*x6 + (2*E(3)+4*E(3)^2)*x1*x4^2 + (4*E(12)^4-4*E(12)^7+2*E(12)^8-2*E(12)^11)*x1*x3*x5 + (4*E(12)^4-4*E(12)^7+2*E(12)^8-2*E(12)^11)*x1*x2*x6 + (6*E(12)^4-6*E(12)^7+6*E(12)^8+6*E(12)^11)*x1*x2*x3 + (2*E(12)^4-2*E(12)^7+4*E(12)^8+2*E(12)^11)*x1^2*x4 + (2)*x1^3",
sourceCategory := "rank_at_least_15",
sourcePosition := 60,
status := "smooth",
symplecticPart := "M_9",
theoreticalSource := "Koike 7.4; FWZ \302\2476.3 E (\316\264-normalized)",
trials := [ rec(
coefficients := [ 2 ],
exitCode := 0,
singularChart := fail,
status := "exact_smooth" ) ],
verificationMode := "exact_computation" ), rec(
coefficients := [ 2, 5, 10, 17 ],
dimensionAudit := rec(
computedCentralizerDimension := 3,
computedFamilyDimension := 1,
computedInvariantDimension := 4,
storedCentralizerDimension := 3,
storedFamilyDimension := 1,
storedInvariantDimension := 4,
verified := true ),
label := "large-61",
linearGroupId := [ 720, 769 ],
number := 61,
projectiveGroupId := [ 240, 0 ],
proofType := "an explicit member has empty projective Jacobian locus",
rankS := 19,
runtimeMilliseconds := 27,
smoothPolynomial := "(2)*x5*x6^2 + (17)*x5^3 + (2)*x4*x6^2 + (10)*x4*x5^2 + (10)*x4^2*x5 + (17)*x4^3 + (2)*x3*x6^2 + (10)*x3*x5^2 + (5)*x3*x4*x5 + (10)*x3*x4^2 + (10)*x3^2*x5 + (10)*x3^2*x4 + (17)*x3^3 + (2)*x2*x6^2 + (10)*x2*x5^2 + (5)*x2*x4*x5 + (10)*x2*x4^2 + (5)*x2*x3*x5 + (5)*x2*x3*x4 + (10)*x2*x3^2 + (10)*x2^2*x5 + (10)*x2^2*x4 + (10)*x2^2*x3 + (17)*x2^3 + (2)*x1*x6^2 + (10)*x1*x5^2 + (5)*x1*x4*x5 + (10)*x1*x4^2 + (5)*x1*x3*x5 + (5)*x1*x3*x4 + (10)*x1*x3^2 + (5)*x1*x2*x5 + (5)*x1*x2*x4 + (5)*x1*x2*x3 + (10)*x1*x2^2 + (10)*x1^2*x5 + (10)*x1^2*x4 + (10)*x1^2*x3 + (10)*x1^2*x2 + (17)*x1^3",
sourceCategory := "rank_at_least_15",
sourcePosition := 61,
status := "smooth",
symplecticPart := "S_5",
theoreticalSource := "Koike 7.3; FWZ 1/2(0..0,1)",
trials := [ rec(
coefficients := [ 2, 5, 10, 17 ],
exitCode := 0,
singularChart := fail,
status := "exact_smooth" ) ],
verificationMode := "exact_computation" ), rec(
coefficients := [ 2, 5, 10 ],
dimensionAudit := rec(
computedCentralizerDimension := 2,
computedFamilyDimension := 1,
computedInvariantDimension := 3,
storedCentralizerDimension := 2,
storedFamilyDimension := 1,
storedInvariantDimension := 3,
verified := true ),
label := "large-62",
linearGroupId := [ 360, 119 ],
number := 62,
projectiveGroupId := [ 120, 0 ],
proofType := "an explicit member has empty projective Jacobian locus",
rankS := 19,
runtimeMilliseconds := 38,
smoothPolynomial := "(10)*x6^3 + (5)*x5*x6^2 + (5)*x5^2*x6 + (10)*x5^3 + (5)*x4*x6^2 + (-32)*x4*x5*x6 + (5)*x4*x5^2 + (5)*x4^2*x6 + (5)*x4^2*x5 + (10)*x4^3 + (5)*x3*x6^2 + (2)*x3*x5*x6 + (5)*x3*x5^2 + (-32)*x3*x4*x6 + (2)*x3*x4*x5 + (5)*x3*x4^2 + (5)*x3^2*x6 + (5)*x3^2*x5 + (5)*x3^2*x4 + (10)*x3^3 + (5)*x2*x6^2 + (2)*x2*x5*x6 + (5)*x2*x5^2 + (2)*x2*x4*x6 + (-32)*x2*x4*x5 + (5)*x2*x4^2 + (-32)*x2*x3*x6 + (-32)*x2*x3*x5 + (2)*x2*x3*x4 + (5)*x2*x3^2 + (5)*x2^2*x6 + (5)*x2^2*x5 + (5)*x2^2*x4 + (5)*x2^2*x3 + (10)*x2^3 + (5)*x1*x6^2 + (-32)*x1*x5*x6 + (5)*x1*x5^2 + (2)*x1*x4*x6 + (2)*x1*x4*x5 + (5)*x1*x4^2 + (2)*x1*x3*x6 + (-32)*x1*x3*x5 + (-32)*x1*x3*x4 + (5)*x1*x3^2 + (-32)*x1*x2*x6 + (2)*x1*x2*x5 + (-32)*x1*x2*x4 + (2)*x1*x2*x3 + (5)*x1*x2^2 + (5)*x1^2*x6 + (5)*x1^2*x5 + (5)*x1^2*x4 + (5)*x1^2*x3 + (5)*x1^2*x2 + (10)*x1^3",
sourceCategory := "rank_at_least_15",
sourcePosition := 62,
status := "smooth",
symplecticPart := "S_5",
theoreticalSource := "Koike 7.5-7.6",
trials := [ rec(
coefficients := [ 2, 5, 10 ],
exitCode := 0,
singularChart := fail,
status := "exact_smooth" ) ],
verificationMode := "exact_computation" ), rec(
coefficients := [ 2, 5 ],
dimensionAudit := rec(
computedCentralizerDimension := 1,
computedFamilyDimension := 1,
computedInvariantDimension := 2,
storedCentralizerDimension := 1,
storedFamilyDimension := 1,
storedInvariantDimension := 2,
verified := true ),
label := "large-63",
linearGroupId := [ 504, 157 ],
number := 63,
projectiveGroupId := [ 168, 0 ],
proofType := "an explicit member has empty projective Jacobian locus",
rankS := 19,
runtimeMilliseconds := 27,
smoothPolynomial := "(5)*x6^3 + (-5/2)*x5*x6^2 + (-5/2)*x5^2*x6 + (5)*x5^3 + (-5/2)*x4*x6^2 + (2)*x4*x5*x6 + (-5/2)*x4*x5^2 + (-5/2)*x4^2*x6 + (-5/2)*x4^2*x5 + (5)*x4^3 + (-5/2)*x3*x6^2 + (2)*x3*x5*x6 + (-5/2)*x3*x5^2 + (2)*x3*x4*x6 + (2)*x3*x4*x5 + (-5/2)*x3*x4^2 + (-5/2)*x3^2*x6 + (-5/2)*x3^2*x5 + (-5/2)*x3^2*x4 + (5)*x3^3 + (-5/2)*x2*x6^2 + (2)*x2*x5*x6 + (-5/2)*x2*x5^2 + (2)*x2*x4*x6 + (2)*x2*x4*x5 + (-5/2)*x2*x4^2 + (2)*x2*x3*x6 + (2)*x2*x3*x5 + (2)*x2*x3*x4 + (-5/2)*x2*x3^2 + (-5/2)*x2^2*x6 + (-5/2)*x2^2*x5 + (-5/2)*x2^2*x4 + (-5/2)*x2^2*x3 + (5)*x2^3 + (-5/2)*x1*x6^2 + (2)*x1*x5*x6 + (-5/2)*x1*x5^2 + (2)*x1*x4*x6 + (2)*x1*x4*x5 + (-5/2)*x1*x4^2 + (2)*x1*x3*x6 + (2)*x1*x3*x5 + (2)*x1*x3*x4 + (-5/2)*x1*x3^2 + (2)*x1*x2*x6 + (2)*x1*x2*x5 + (2)*x1*x2*x4 + (2)*x1*x2*x3 + (-5/2)*x1*x2^2 + (-5/2)*x1^2*x6 + (-5/2)*x1^2*x5 + (-5/2)*x1^2*x4 + (-5/2)*x1^2*x3 + (-5/2)*x1^2*x2 + (5)*x1^3",
sourceCategory := "rank_at_least_15",
sourcePosition := 63,
status := "smooth",
symplecticPart := "PSL(2,7)",
theoreticalSource := "HLWZ \302\2473.4; Koike 7.2",
trials := [ rec(
coefficients := [ 2, 5 ],
exitCode := 0,
singularChart := fail,
status := "exact_smooth" ) ],
verificationMode := "exact_computation" ), rec(
coefficients := [ 2 ],
dimensionAudit := rec(
computedCentralizerDimension := 1,
computedFamilyDimension := 0,
computedInvariantDimension := 1,
storedCentralizerDimension := 1,
storedFamilyDimension := 0,
storedInvariantDimension := 1,
verified := true ),
label := "large-64",
linearGroupId := [ 1008, 882 ],
number := 64,
projectiveGroupId := [ 336, 0 ],
proofType := "an explicit member has empty projective Jacobian locus",
rankS := 19,
runtimeMilliseconds := 42,
smoothPolynomial := "(2)*x6^3 + -x5*x6^2 + -x5^2*x6 + (2)*x5^3 + -x4*x6^2 + (1-E(8)+E(8)^3)*x4*x5*x6 + -x4*x5^2 + -x4^2*x6 + -x4^2*x5 + (2)*x4^3 + -x3*x6^2 + (1-E(8)+E(8)^3)*x3*x5*x6 + -x3*x5^2 + (4*E(8)-4*E(8)^3)*x3*x4*x6 + (1-E(8)+E(8)^3)*x3*x4*x5 + -x3*x4^2 + -x3^2*x6 + -x3^2*x5 + -x3^2*x4 + (2)*x3^3 + -x2*x6^2 + (1-E(8)+E(8)^3)*x2*x5*x6 + -x2*x5^2 + (1-E(8)+E(8)^3)*x2*x4*x6 + (1-E(8)+E(8)^3)*x2*x4*x5 + -x2*x4^2 + (1-E(8)+E(8)^3)*x2*x3*x6 + (4*E(8)-4*E(8)^3)*x2*x3*x5 + (1-E(8)+E(8)^3)*x2*x3*x4 + -x2*x3^2 + -x2^2*x6 + -x2^2*x5 + -x2^2*x4 + -x2^2*x3 + (2)*x2^3 + -x1*x6^2 + (4*E(8)-4*E(8)^3)*x1*x5*x6 + -x1*x5^2 + (1-E(8)+E(8)^3)*x1*x4*x6 + (1-E(8)+E(8)^3)*x1*x4*x5 + -x1*x4^2 + (1-E(8)+E(8)^3)*x1*x3*x6 + (1-E(8)+E(8)^3)*x1*x3*x5 + (1-E(8)+E(8)^3)*x1*x3*x4 + -x1*x3^2 + (1-E(8)+E(8)^3)*x1*x2*x6 + (1-E(8)+E(8)^3)*x1*x2*x5 + (4*E(8)-4*E(8)^3)*x1*x2*x4 + (1-E(8)+E(8)^3)*x1*x2*x3 + -x1*x2^2 + -x1^2*x6 + -x1^2*x5 + -x1^2*x4 + -x1^2*x3 + -x1^2*x2 + (2)*x1^3",
sourceCategory := "rank_at_least_15",
sourcePosition := 64,
status := "smooth",
symplecticPart := "PSL(2,7)",
theoreticalSource := "HLWZ Thm 1.2(5)+; Emx a,b with \342\210\2322; GAP verified strict inv (+Emx, eq unchanged, \316\2743)",
trials := [ rec(
coefficients := [ 2 ],
exitCode := 0,
singularChart := fail,
status := "exact_smooth" ) ],
verificationMode := "exact_computation" ), rec(
coefficients := [ 2 ],
dimensionAudit := rec(
computedCentralizerDimension := 1,
computedFamilyDimension := 0,
computedInvariantDimension := 1,
storedCentralizerDimension := 1,
storedFamilyDimension := 0,
storedInvariantDimension := 1,
verified := true ),
label := "large-65",
linearGroupId := [ 1008, 882 ],
number := 65,
projectiveGroupId := [ 336, 0 ],
proofType := "an explicit member has empty projective Jacobian locus",
rankS := 19,
runtimeMilliseconds := 33,
smoothPolynomial := "(2)*x6^3 + -x5*x6^2 + -x5^2*x6 + (2)*x5^3 + -x4*x6^2 + (1+E(8)-E(8)^3)*x4*x5*x6 + -x4*x5^2 + -x4^2*x6 + -x4^2*x5 + (2)*x4^3 + -x3*x6^2 + (1+E(8)-E(8)^3)*x3*x5*x6 + -x3*x5^2 + (-4*E(8)+4*E(8)^3)*x3*x4*x6 + (1+E(8)-E(8)^3)*x3*x4*x5 + -x3*x4^2 + -x3^2*x6 + -x3^2*x5 + -x3^2*x4 + (2)*x3^3 + -x2*x6^2 + (1+E(8)-E(8)^3)*x2*x5*x6 + -x2*x5^2 + (1+E(8)-E(8)^3)*x2*x4*x6 + (1+E(8)-E(8)^3)*x2*x4*x5 + -x2*x4^2 + (1+E(8)-E(8)^3)*x2*x3*x6 + (-4*E(8)+4*E(8)^3)*x2*x3*x5 + (1+E(8)-E(8)^3)*x2*x3*x4 + -x2*x3^2 + -x2^2*x6 + -x2^2*x5 + -x2^2*x4 + -x2^2*x3 + (2)*x2^3 + -x1*x6^2 + (-4*E(8)+4*E(8)^3)*x1*x5*x6 + -x1*x5^2 + (1+E(8)-E(8)^3)*x1*x4*x6 + (1+E(8)-E(8)^3)*x1*x4*x5 + -x1*x4^2 + (1+E(8)-E(8)^3)*x1*x3*x6 + (1+E(8)-E(8)^3)*x1*x3*x5 + (1+E(8)-E(8)^3)*x1*x3*x4 + -x1*x3^2 + (1+E(8)-E(8)^3)*x1*x2*x6 + (1+E(8)-E(8)^3)*x1*x2*x5 + (-4*E(8)+4*E(8)^3)*x1*x2*x4 + (1+E(8)-E(8)^3)*x1*x2*x3 + -x1*x2^2 + -x1^2*x6 + -x1^2*x5 + -x1^2*x4 + -x1^2*x3 + -x1^2*x2 + (2)*x1^3",
sourceCategory := "rank_at_least_15",
sourcePosition := 65,
status := "smooth",
symplecticPart := "PSL(2,7)",
theoreticalSource := "HLWZ Thm 1.2(5)-; -Emx for strict inv",
trials := [ rec(
coefficients := [ 2 ],
exitCode := 0,
singularChart := fail,
status := "exact_smooth" ) ],
verificationMode := "exact_computation" ), rec(
coefficients := [ 2, 5, 10 ],
dimensionAudit := rec(
computedCentralizerDimension := 2,
computedFamilyDimension := 1,
computedInvariantDimension := 3,
storedCentralizerDimension := 2,
storedFamilyDimension := 1,
storedInvariantDimension := 3,
verified := true ),
label := "large-66",
linearGroupId := [ 2160, 0 ],
number := 66,
projectiveGroupId := [ 720, 0 ],
proofType := "an explicit member has empty projective Jacobian locus",
rankS := 19,
runtimeMilliseconds := 29,
smoothPolynomial := "(10)*x6^3 + (5)*x5*x6^2 + (5)*x5^2*x6 + (10)*x5^3 + (5)*x4*x6^2 + (2)*x4*x5*x6 + (5)*x4*x5^2 + (5)*x4^2*x6 + (5)*x4^2*x5 + (10)*x4^3 + (5)*x3*x6^2 + (2)*x3*x5*x6 + (5)*x3*x5^2 + (2)*x3*x4*x6 + (2)*x3*x4*x5 + (5)*x3*x4^2 + (5)*x3^2*x6 + (5)*x3^2*x5 + (5)*x3^2*x4 + (10)*x3^3 + (5)*x2*x6^2 + (2)*x2*x5*x6 + (5)*x2*x5^2 + (2)*x2*x4*x6 + (2)*x2*x4*x5 + (5)*x2*x4^2 + (2)*x2*x3*x6 + (2)*x2*x3*x5 + (2)*x2*x3*x4 + (5)*x2*x3^2 + (5)*x2^2*x6 + (5)*x2^2*x5 + (5)*x2^2*x4 + (5)*x2^2*x3 + (10)*x2^3 + (5)*x1*x6^2 + (2)*x1*x5*x6 + (5)*x1*x5^2 + (2)*x1*x4*x6 + (2)*x1*x4*x5 + (5)*x1*x4^2 + (2)*x1*x3*x6 + (2)*x1*x3*x5 + (2)*x1*x3*x4 + (5)*x1*x3^2 + (2)*x1*x2*x6 + (2)*x1*x2*x5 + (2)*x1*x2*x4 + (2)*x1*x2*x3 + (5)*x1*x2^2 + (5)*x1^2*x6 + (5)*x1^2*x5 + (5)*x1^2*x4 + (5)*x1^2*x3 + (5)*x1^2*x2 + (10)*x1^3",
sourceCategory := "rank_at_least_15",
sourcePosition := 66,
status := "smooth",
symplecticPart := "A_6",
theoreticalSource := "Koike (2.6); FWZ (12)",
trials := [ rec(
coefficients := [ 2, 5, 10 ],
exitCode := 0,
singularChart := fail,
status := "exact_smooth" ) ],
verificationMode := "exact_computation" ), rec(
coefficients := [ 2, 5 ],
dimensionAudit := rec(
computedCentralizerDimension := 1,
computedFamilyDimension := 1,
computedInvariantDimension := 2,
storedCentralizerDimension := 1,
storedFamilyDimension := 1,
storedInvariantDimension := 2,
verified := true ),
label := "large-67",
linearGroupId := [ 1080, 260 ],
number := 67,
projectiveGroupId := [ 360, 0 ],
proofType := "an explicit member has empty projective Jacobian locus",
rankS := 19,
runtimeMilliseconds := 121,
smoothPolynomial := "(5)*x6^3 + (-15/8)*x5*x6^2 + (-15/8)*x5^2*x6 + (5)*x5^3 + (2)*x4*x6^2 + (-5)*x4*x5*x6 + (2)*x4*x5^2 + (2)*x4^2*x6 + (2)*x4^2*x5 + (5)*x4^3 + (2)*x3*x6^2 + (-5)*x3*x5*x6 + (2)*x3*x5^2 + (-5)*x3*x4*x6 + (-5)*x3*x4*x5 + (-15/8)*x3*x4^2 + (2)*x3^2*x6 + (2)*x3^2*x5 + (-15/8)*x3^2*x4 + (5)*x3^3 + (2)*x2*x6^2 + (-5)*x2*x5*x6 + (2)*x2*x5^2 + (-18)*x2*x4*x6 + (99/4)*x2*x4*x5 + (2)*x2*x4^2 + (99/4)*x2*x3*x6 + (-18)*x2*x3*x5 + (-5)*x2*x3*x4 + (2)*x2*x3^2 + (2)*x2^2*x6 + (2)*x2^2*x5 + (2)*x2^2*x4 + (2)*x2^2*x3 + (5)*x2^3 + (2)*x1*x6^2 + (-5)*x1*x5*x6 + (2)*x1*x5^2 + (99/4)*x1*x4*x6 + (-18)*x1*x4*x5 + (2)*x1*x4^2 + (-18)*x1*x3*x6 + (99/4)*x1*x3*x5 + (-5)*x1*x3*x4 + (2)*x1*x3^2 + (-5)*x1*x2*x6 + (-5)*x1*x2*x5 + (-5)*x1*x2*x4 + (-5)*x1*x2*x3 + (-15/8)*x1*x2^2 + (2)*x1^2*x6 + (2)*x1^2*x5 + (2)*x1^2*x4 + (2)*x1^2*x3 + (-15/8)*x1^2*x2 + (5)*x1^3",
sourceCategory := "rank_at_least_15",
sourcePosition := 67,
status := "smooth",
symplecticPart := "A_6",
theoreticalSource := "Koike (2.7)-(2.9); Ex 2.1 a,b",
trials := [ rec(
coefficients := [ 2, 5 ],
exitCode := 0,
singularChart := fail,
status := "exact_smooth" ) ],
verificationMode := "exact_computation" ), rec(
coefficients := [ 2, 5 ],
dimensionAudit := rec(
computedCentralizerDimension := 1,
computedFamilyDimension := 1,
computedInvariantDimension := 2,
storedCentralizerDimension := 1,
storedFamilyDimension := 1,
storedInvariantDimension := 2,
verified := true ),
label := "large-68",
linearGroupId := [ 5832, 0 ],
number := 68,
projectiveGroupId := [ 1944, 0 ],
proofType := "an explicit member has empty projective Jacobian locus",
rankS := 19,
runtimeMilliseconds := 32,
smoothPolynomial := "(-5)*x6^3 + (-5)*x5^3 + (-2)*x4*x5*x6 + (-5)*x4^3 + (5)*x3^3 + (5)*x2^3 + (2)*x1*x2*x3 + (5)*x1^3",
sourceCategory := "rank_at_least_15",
sourcePosition := 68,
status := "smooth",
symplecticPart := "3^{1+4}:2.2",
theoreticalSource := "Koike 7.1; FWZ (12)",
trials := [ rec(
coefficients := [ 2, 5 ],
exitCode := 0,
singularChart := fail,
status := "exact_smooth" ) ],
verificationMode := "exact_computation" ), rec(
coefficients := [ 2, 5 ],
dimensionAudit := rec(
computedCentralizerDimension := 2,
computedFamilyDimension := 0,
computedInvariantDimension := 2,
storedCentralizerDimension := 2,
storedFamilyDimension := 0,
storedInvariantDimension := 2,
verified := true ),
label := "large-69",
linearGroupId := [ 6480, 0 ],
number := 69,
projectiveGroupId := [ 2160, 0 ],
proofType := "an explicit member has empty projective Jacobian locus",
rankS := 20,
runtimeMilliseconds := 39,
smoothPolynomial := "(2)*x6^3 + (-3/2)*x5*x6^2 + (-3/2)*x5^2*x6 + (2)*x5^3 + (-3/2)*x4*x6^2 + (2)*x4*x5*x6 + (-3/2)*x4*x5^2 + (-3/2)*x4^2*x6 + (-3/2)*x4^2*x5 + (2)*x4^3 + (-3/2)*x3*x6^2 + (2)*x3*x5*x6 + (-3/2)*x3*x5^2 + (2)*x3*x4*x6 + (2)*x3*x4*x5 + (-3/2)*x3*x4^2 + (-3/2)*x3^2*x6 + (-3/2)*x3^2*x5 + (-3/2)*x3^2*x4 + (2)*x3^3 + (5)*x1*x2^2 + (5)*x1^2*x2",
sourceCategory := "rank_at_least_15",
sourcePosition := 69,
status := "smooth",
symplecticPart := "A_3,5",
theoreticalSource := "Koike (8.5)",
trials := [ rec(
coefficients := [ 2, 5 ],
exitCode := 0,
singularChart := fail,
status := "exact_smooth" ) ],
verificationMode := "exact_computation" ), rec(
coefficients := [ 2, 5 ],
dimensionAudit := rec(
computedCentralizerDimension := 2,
computedFamilyDimension := 0,
computedInvariantDimension := 2,
storedCentralizerDimension := 2,
storedFamilyDimension := 0,
storedInvariantDimension := 2,
verified := true ),
label := "large-70",
linearGroupId := [ 5940, 0 ],
number := 70,
projectiveGroupId := [ 1980, 0 ],
proofType := "an explicit member has empty projective Jacobian locus",
rankS := 20,
runtimeMilliseconds := 5526,
smoothPolynomial := "(2)*x6^3 + (5*E(11)+5*E(11)^3+5*E(11)^8+5*E(11)^10)*x4*x5^2 + (-5*E(11)-5*E(11)^3-5*E(11)^5-5*E(11)^6-5*E(11)^7-5*E(11)^8-5*E(11)^10)*x4^2*x5 + (5*E(11)^4+5*E(11)^6+5*E(11)^8)*x3*x5^2 + (-10*E(11)-70/11*E(11)^2-100/11*E(11)^3-90/11*E(11)^4-40/11*E(11)^5-60/11*E(11)^6-40/11*E(11)^7-90/11*E(11)^8+10/11*E(11)^9-70/11*E(11)^10)*x3*x4*x5 + (-5*E(11)^2-5*E(11)^4)*x3*x4^2 + (5*E(11)^3+5*E(11)^5+5*E(11)^7)*x3^2*x5 + (5*E(11)+5*E(11)^2+5*E(11)^3+5*E(11)^4+5*E(11)^5+5*E(11)^6+5*E(11)^7+5*E(11)^8+5*E(11)^10)*x3^2*x4 + (5*E(11)+5*E(11)^8+5*E(11)^10)*x2*x5^2 + (-20/11*E(11)-50/11*E(11)^3-60/11*E(11)^4-30/11*E(11)^5-70/11*E(11)^6+40/11*E(11)^7-30/11*E(11)^8+50/11*E(11)^9-50/11*E(11)^10)*x2*x4*x5 + (-5*E(11)^5-5*E(11)^7)*x2*x4^2 + (10/11*E(11)^2+30/11*E(11)^3+60/11*E(11)^4-10/11*E(11)^5+40/11*E(11)^6-10/11*E(11)^7+60/11*E(11)^8+30/11*E(11)^9+10/11*E(11)^10)*x2*x3*x5 + (-30/11*E(11)-30/11*E(11)^2+60/11*E(11)^4+40/11*E(11)^5+50/11*E(11)^6+90/11*E(11)^7+50/11*E(11)^8+40/11*E(11)^9+60/11*E(11)^10)*x2*x3*x4 + (-5*E(11)^7-5*E(11)^9)*x2*x3^2 + (5*E(11)^5+5*E(11)^7+5*E(11)^9)*x2^2*x5 + (-5*E(11)^3-5*E(11)^5)*x2^2*x4 + (-5*E(11)-5*E(11)^10)*x2^2*x3 + (5*E(11)+5*E(11)^3+5*E(11)^4+5*E(11)^5+5*E(11)^6+5*E(11)^7+5*E(11)^8+5*E(11)^9+5*E(11)^10)*x1*x5^2 + (-10/11*E(11)+20/11*E(11)^2-20/11*E(11)^3+90/11*E(11)^4+20/11*E(11)^5+100/11*E(11)^6+50/11*E(11)^8+30/11*E(11)^9+50/11*E(11)^10)*x1*x4*x5 + (-5*E(11)-5*E(11)^2-5*E(11)^3-5*E(11)^4-5*E(11)^5-5*E(11)^6-5*E(11)^8-5*E(11)^10)*x1*x4^2 + (-70/11*E(11)+10/11*E(11)^2-90/11*E(11)^3-40/11*E(11)^4-60/11*E(11)^5-40/11*E(11)^6-90/11*E(11)^7-100/11*E(11)^8-70/11*E(11)^9-10*E(11)^10)*x1*x3*x5 + (50/11*E(11)+30/11*E(11)^2+50/11*E(11)^3+100/11*E(11)^5+20/11*E(11)^6+90/11*E(11)^7-20/11*E(11)^8+20/11*E(11)^9-10/11*E(11)^10)*x1*x3*x4 + (5*E(11)+5*E(11)^3+5*E(11)^8+5*E(11)^10)*x1*x3^2 + (50/11*E(11)+80/11*E(11)^2+90/11*E(11)^3+80/11*E(11)^4+50/11*E(11)^5+10*E(11)^6+40/11*E(11)^7+60/11*E(11)^8+60/11*E(11)^9+40/11*E(11)^10)*x1*x2*x5 + (-40/11*E(11)+10/11*E(11)^2+40/11*E(11)^3+50/11*E(11)^4+40/11*E(11)^5+10/11*E(11)^6+70/11*E(11)^7+20/11*E(11)^9+20/11*E(11)^10)*x1*x2*x4 + (-90/11*E(11)-40/11*E(11)^2-70/11*E(11)^3-70/11*E(11)^4-40/11*E(11)^5-90/11*E(11)^6-10*E(11)^7-100/11*E(11)^8-60/11*E(11)^9-100/11*E(11)^10)*x1*x2*x3 + (5*E(11)^3)*x1*x2^2 + (-5*E(11)^7-5*E(11)^9)*x1^2*x5 + (-5*E(11)-5*E(11)^3-5*E(11)^5-5*E(11)^6-5*E(11)^7-5*E(11)^8-5*E(11)^9-5*E(11)^10)*x1^2*x4 + (-5*E(11)-5*E(11)^3-5*E(11)^4-5*E(11)^5-5*E(11)^6-5*E(11)^8-5*E(11)^10)*x1^2*x3 + (5)*x1^2*x2",
sourceCategory := "rank_at_least_15",
sourcePosition := 70,
status := "smooth",
symplecticPart := "L_2(11)",
theoreticalSource := "Koike (8.4); PSL 5+1",
trials := [ rec(
coefficients := [ 2, 5 ],
exitCode := 0,
singularChart := fail,
status := "exact_smooth" ) ],
verificationMode := "exact_computation" ), rec(
coefficients := [ 2 ],
dimensionAudit := rec(
computedCentralizerDimension := 1,
computedFamilyDimension := 0,
computedInvariantDimension := 1,
storedCentralizerDimension := 1,
storedFamilyDimension := 0,
storedInvariantDimension := 1,
verified := true ),
label := "large-71",
linearGroupId := [ 2160, 0 ],
number := 71,
projectiveGroupId := [ 720, 0 ],
proofType := "an explicit member has empty projective Jacobian locus",
rankS := 20,
runtimeMilliseconds := 66,
smoothPolynomial := "(2)*x6^3 + (2)*x5^3 + (-6/5*E(24)-12/5*E(24)^11+6/5*E(24)^16-12/5*E(24)^17-6/5*E(24)^19)*x4*x5*x6 + (2)*x4^3 + (-6/5*E(24)-12/5*E(24)^11+6/5*E(24)^16-12/5*E(24)^17-6/5*E(24)^19)*x3*x5*x6 + (-6/5*E(24)-6/5*E(24)^8+6/5*E(24)^11-6/5*E(24)^16+6/5*E(24)^17-6/5*E(24)^19)*x3*x4*x6 + (-6/5*E(24)-12/5*E(24)^11+6/5*E(24)^16-12/5*E(24)^17-6/5*E(24)^19)*x3*x4*x5 + (2)*x3^3 + (-6/5*E(24)-6/5*E(24)^8+6/5*E(24)^11-6/5*E(24)^16+6/5*E(24)^17-6/5*E(24)^19)*x2*x5*x6 + (-6/5*E(24)-12/5*E(24)^11+6/5*E(24)^16-12/5*E(24)^17-6/5*E(24)^19)*x2*x4*x6 + (-6/5*E(24)-12/5*E(24)^11+6/5*E(24)^16-12/5*E(24)^17-6/5*E(24)^19)*x2*x4*x5 + (-6/5*E(24)-6/5*E(24)^8+6/5*E(24)^11-6/5*E(24)^16+6/5*E(24)^17-6/5*E(24)^19)*x2*x3*x6 + (12/5*E(24)+6/5*E(24)^8+6/5*E(24)^11+6/5*E(24)^17+12/5*E(24)^19)*x2*x3*x5 + (12/5*E(24)+6/5*E(24)^8+6/5*E(24)^11+6/5*E(24)^17+12/5*E(24)^19)*x2*x3*x4 + (2)*x2^3 + (-6/5*E(24)-6/5*E(24)^8+6/5*E(24)^11-6/5*E(24)^16+6/5*E(24)^17-6/5*E(24)^19)*x1*x5*x6 + (-6/5*E(24)-6/5*E(24)^8+6/5*E(24)^11-6/5*E(24)^16+6/5*E(24)^17-6/5*E(24)^19)*x1*x4*x6 + (12/5*E(24)+6/5*E(24)^8+6/5*E(24)^11+6/5*E(24)^17+12/5*E(24)^19)*x1*x4*x5 + (-6/5*E(24)-12/5*E(24)^11+6/5*E(24)^16-12/5*E(24)^17-6/5*E(24)^19)*x1*x3*x6 + (-6/5*E(24)-12/5*E(24)^11+6/5*E(24)^16-12/5*E(24)^17-6/5*E(24)^19)*x1*x3*x5 + (12/5*E(24)+6/5*E(24)^8+6/5*E(24)^11+6/5*E(24)^17+12/5*E(24)^19)*x1*x3*x4 + (-6/5*E(24)-12/5*E(24)^11+6/5*E(24)^16-12/5*E(24)^17-6/5*E(24)^19)*x1*x2*x6 + (12/5*E(24)+6/5*E(24)^8+6/5*E(24)^11+6/5*E(24)^17+12/5*E(24)^19)*x1*x2*x5 + (-6/5*E(24)-12/5*E(24)^11+6/5*E(24)^16-12/5*E(24)^17-6/5*E(24)^19)*x1*x2*x4 + (-6/5*E(24)-12/5*E(24)^11+6/5*E(24)^16-12/5*E(24)^17-6/5*E(24)^19)*x1*x2*x3 + (2)*x1^3",
sourceCategory := "rank_at_least_15",
sourcePosition := 71,
status := "smooth",
symplecticPart := "M_10",
theoreticalSource := "YYZ X'_10 F+; GAP |H|=2160 +\316\2743; keep +mat3 for F+ (eq unchanged)",
trials := [ rec(
coefficients := [ 2 ],
exitCode := 0,
singularChart := fail,
status := "exact_smooth" ) ],
verificationMode := "exact_computation" ), rec(
coefficients := [ 2 ],
dimensionAudit := rec(
computedCentralizerDimension := 1,
computedFamilyDimension := 0,
computedInvariantDimension := 1,
storedCentralizerDimension := 1,
storedFamilyDimension := 0,
storedInvariantDimension := 1,
verified := true ),
label := "large-72",
linearGroupId := [ 2160, 0 ],
number := 72,
projectiveGroupId := [ 720, 0 ],
proofType := "an explicit member has empty projective Jacobian locus",
rankS := 20,
runtimeMilliseconds := 56,
smoothPolynomial := "(2)*x6^3 + (2)*x5^3 + (6/5*E(24)+12/5*E(24)^11+6/5*E(24)^16+12/5*E(24)^17+6/5*E(24)^19)*x4*x5*x6 + (2)*x4^3 + (6/5*E(24)+12/5*E(24)^11+6/5*E(24)^16+12/5*E(24)^17+6/5*E(24)^19)*x3*x5*x6 + (6/5*E(24)-6/5*E(24)^8-6/5*E(24)^11-6/5*E(24)^16-6/5*E(24)^17+6/5*E(24)^19)*x3*x4*x6 + (6/5*E(24)+12/5*E(24)^11+6/5*E(24)^16+12/5*E(24)^17+6/5*E(24)^19)*x3*x4*x5 + (2)*x3^3 + (6/5*E(24)-6/5*E(24)^8-6/5*E(24)^11-6/5*E(24)^16-6/5*E(24)^17+6/5*E(24)^19)*x2*x5*x6 + (6/5*E(24)+12/5*E(24)^11+6/5*E(24)^16+12/5*E(24)^17+6/5*E(24)^19)*x2*x4*x6 + (6/5*E(24)+12/5*E(24)^11+6/5*E(24)^16+12/5*E(24)^17+6/5*E(24)^19)*x2*x4*x5 + (6/5*E(24)-6/5*E(24)^8-6/5*E(24)^11-6/5*E(24)^16-6/5*E(24)^17+6/5*E(24)^19)*x2*x3*x6 + (-12/5*E(24)+6/5*E(24)^8-6/5*E(24)^11-6/5*E(24)^17-12/5*E(24)^19)*x2*x3*x5 + (-12/5*E(24)+6/5*E(24)^8-6/5*E(24)^11-6/5*E(24)^17-12/5*E(24)^19)*x2*x3*x4 + (2)*x2^3 + (6/5*E(24)-6/5*E(24)^8-6/5*E(24)^11-6/5*E(24)^16-6/5*E(24)^17+6/5*E(24)^19)*x1*x5*x6 + (6/5*E(24)-6/5*E(24)^8-6/5*E(24)^11-6/5*E(24)^16-6/5*E(24)^17+6/5*E(24)^19)*x1*x4*x6 + (-12/5*E(24)+6/5*E(24)^8-6/5*E(24)^11-6/5*E(24)^17-12/5*E(24)^19)*x1*x4*x5 + (6/5*E(24)+12/5*E(24)^11+6/5*E(24)^16+12/5*E(24)^17+6/5*E(24)^19)*x1*x3*x6 + (6/5*E(24)+12/5*E(24)^11+6/5*E(24)^16+12/5*E(24)^17+6/5*E(24)^19)*x1*x3*x5 + (-12/5*E(24)+6/5*E(24)^8-6/5*E(24)^11-6/5*E(24)^17-12/5*E(24)^19)*x1*x3*x4 + (6/5*E(24)+12/5*E(24)^11+6/5*E(24)^16+12/5*E(24)^17+6/5*E(24)^19)*x1*x2*x6 + (-12/5*E(24)+6/5*E(24)^8-6/5*E(24)^11-6/5*E(24)^17-12/5*E(24)^19)*x1*x2*x5 + (6/5*E(24)+12/5*E(24)^11+6/5*E(24)^16+12/5*E(24)^17+6/5*E(24)^19)*x1*x2*x4 + (6/5*E(24)+12/5*E(24)^11+6/5*E(24)^16+12/5*E(24)^17+6/5*E(24)^19)*x1*x2*x3 + (2)*x1^3",
sourceCategory := "rank_at_least_15",
sourcePosition := 72,
status := "smooth",
symplecticPart := "M_10",
theoreticalSource := "YYZ -mat3 F- strict",
trials := [ rec(
coefficients := [ 2 ],
exitCode := 0,
singularChart := fail,
status := "exact_smooth" ) ],
verificationMode := "exact_computation" ), rec(
coefficients := [ 2 ],
dimensionAudit := rec(
computedCentralizerDimension := 1,
computedFamilyDimension := 0,
computedInvariantDimension := 1,
storedCentralizerDimension := 1,
storedFamilyDimension := 0,
storedInvariantDimension := 1,
verified := true ),
label := "large-73",
linearGroupId := [ 23328, 0 ],
number := 73,
projectiveGroupId := [ 7776, 0 ],
proofType := "an explicit member has empty projective Jacobian locus",
rankS := 20,
runtimeMilliseconds := 27,
smoothPolynomial := "(2)*x6^3 + (2)*x5^3 + (6*E(12)^4-6*E(12)^7+6*E(12)^8+6*E(12)^11)*x4*x5*x6 + (2)*x4^3 + (2)*x3^3 + (2)*x2^3 + (6*E(12)^4-6*E(12)^7+6*E(12)^8+6*E(12)^11)*x1*x2*x3 + (2)*x1^3",
sourceCategory := "rank_at_least_15",
sourcePosition := 73,
status := "smooth",
symplecticPart := "3^{1+4}:2.2^2",
theoreticalSource := "YYZ X'_7 (Examples6.1); geometry~Koike (8.2) cubic only",
trials := [ rec(
coefficients := [ 2 ],
exitCode := 0,
singularChart := fail,
status := "exact_smooth" ) ],
verificationMode := "exact_computation" ), rec(
coefficients := [ 2 ],
dimensionAudit := rec(
computedCentralizerDimension := 1,
computedFamilyDimension := 0,
computedInvariantDimension := 1,
storedCentralizerDimension := 1,
storedFamilyDimension := 0,
storedInvariantDimension := 1,
verified := true ),
label := "large-74",
linearGroupId := [ 7560, 0 ],
number := 74,
projectiveGroupId := [ 2520, 0 ],
proofType := "an explicit member has empty projective Jacobian locus",
rankS := 20,
runtimeMilliseconds := 24,
smoothPolynomial := "(2)*x6^3 + (-3/4)*x5*x6^2 + (-3/4)*x5^2*x6 + (2)*x5^3 + (2)*x4^3 + (-3/4)*x3*x4^2 + (-3/4)*x3^2*x4 + (2)*x3^3 + (-6)*x2*x4*x6 + (15/2)*x2*x4*x5 + (15/2)*x2*x3*x6 + (-6)*x2*x3*x5 + (2)*x2^3 + (15/2)*x1*x4*x6 + (-6)*x1*x4*x5 + (-6)*x1*x3*x6 + (15/2)*x1*x3*x5 + (-3/4)*x1*x2^2 + (-3/4)*x1^2*x2 + (2)*x1^3",
sourceCategory := "rank_at_least_15",
sourcePosition := 74,
status := "smooth",
symplecticPart := "A_7",
theoreticalSource := "Koike (2.2)(2.3)",
trials := [ rec(
coefficients := [ 2 ],
exitCode := 0,
singularChart := fail,
status := "exact_smooth" ) ],
verificationMode := "exact_computation" ), rec(
coefficients := [ 2 ],
dimensionAudit := rec(
computedCentralizerDimension := 1,
computedFamilyDimension := 0,
computedInvariantDimension := 1,
storedCentralizerDimension := 1,
storedFamilyDimension := 0,
storedInvariantDimension := 1,
verified := true ),
label := "large-75",
linearGroupId := [ 15120, 0 ],
number := 75,
projectiveGroupId := [ 5040, 0 ],
proofType := "an explicit member has empty projective Jacobian locus",
rankS := 20,
runtimeMilliseconds := 26,
smoothPolynomial := "(2)*x6^3 + -x5*x6^2 + -x5^2*x6 + (2)*x5^3 + -x4*x6^2 + (4/5)*x4*x5*x6 + -x4*x5^2 + -x4^2*x6 + -x4^2*x5 + (2)*x4^3 + -x3*x6^2 + (4/5)*x3*x5*x6 + -x3*x5^2 + (4/5)*x3*x4*x6 + (4/5)*x3*x4*x5 + -x3*x4^2 + -x3^2*x6 + -x3^2*x5 + -x3^2*x4 + (2)*x3^3 + -x2*x6^2 + (4/5)*x2*x5*x6 + -x2*x5^2 + (4/5)*x2*x4*x6 + (4/5)*x2*x4*x5 + -x2*x4^2 + (4/5)*x2*x3*x6 + (4/5)*x2*x3*x5 + (4/5)*x2*x3*x4 + -x2*x3^2 + -x2^2*x6 + -x2^2*x5 + -x2^2*x4 + -x2^2*x3 + (2)*x2^3 + -x1*x6^2 + (4/5)*x1*x5*x6 + -x1*x5^2 + (4/5)*x1*x4*x6 + (4/5)*x1*x4*x5 + -x1*x4^2 + (4/5)*x1*x3*x6 + (4/5)*x1*x3*x5 + (4/5)*x1*x3*x4 + -x1*x3^2 + (4/5)*x1*x2*x6 + (4/5)*x1*x2*x5 + (4/5)*x1*x2*x4 + (4/5)*x1*x2*x3 + -x1*x2^2 + -x1^2*x6 + -x1^2*x5 + -x1^2*x4 + -x1^2*x3 + -x1^2*x2 + (2)*x1^3",
sourceCategory := "rank_at_least_15",
sourcePosition := 75,
status := "smooth",
symplecticPart := "A_7",
theoreticalSource := "Clebsch-Segre S7",
trials := [ rec(
coefficients := [ 2 ],
exitCode := 0,
singularChart := fail,
status := "exact_smooth" ) ],
verificationMode := "exact_computation" ), rec(
coefficients := [ 2 ],
dimensionAudit := rec(
computedCentralizerDimension := 1,
computedFamilyDimension := 0,
computedInvariantDimension := 1,
storedCentralizerDimension := 1,
storedFamilyDimension := 0,
storedInvariantDimension := 1,
verified := true ),
label := "large-76",
linearGroupId := [ 524880, 0 ],
number := 76,
projectiveGroupId := [ 174960, 0 ],
proofType := "an explicit member has empty projective Jacobian locus",
rankS := 20,
runtimeMilliseconds := 42,
smoothPolynomial := "(2)*x6^3 + (2)*x5^3 + (2)*x4^3 + (2)*x3^3 + (2)*x2^3 + (2)*x1^3",
sourceCategory := "rank_at_least_15",
sourcePosition := 76,
status := "smooth",
symplecticPart := "3^4:A_6",
theoreticalSource := "Koike (8.1)",
trials := [ rec(
coefficients := [ 2 ],
exitCode := 0,
singularChart := fail,
status := "exact_smooth" ) ],
verificationMode := "exact_computation" ), rec(
coefficients := [ 2, 5, 10, 17, 26, 37 ],
dimensionAudit := rec(
computedCentralizerDimension := 6,
computedFamilyDimension := 0,
computedInvariantDimension := 6,
storedCentralizerDimension := 6,
storedFamilyDimension := 0,
storedInvariantDimension := 6,
verified := true ),
label := "LA-001",
linearGroupId := [ 144, 30 ],
number := 77,
projectiveGroupId := [ 48, 2 ],
proofType := "an explicit member has empty projective Jacobian locus",
rankS := fail,
runtimeMilliseconds := 11,
smoothPolynomial := "(2)*x6^3 + (5)*x5^3 + (10)*x4^2*x5 + (17)*x3^2*x4 + (26)*x2^2*x3 + (37)*x1^2*x2",
sourceCategory := "liftable_abelian",
sourcePosition := 1,
status := "smooth",
symplecticPart := "abelian",
theoreticalSource := "Peng--Zheng maximal liftable types and their subgroups",
trials := [ rec(
coefficients := [ 2, 5, 10, 17, 26, 37 ],
exitCode := 0,
singularChart := fail,
status := "exact_smooth" ) ],
verificationMode := "exact_computation" ), rec(
coefficients := [ 2, 5, 10, 17, 26, 37 ],
dimensionAudit := rec(
computedCentralizerDimension := 6,
computedFamilyDimension := 0,
computedInvariantDimension := 6,
storedCentralizerDimension := 6,
storedFamilyDimension := 0,
storedInvariantDimension := 6,
verified := true ),
label := "LA-002",
linearGroupId := [ 96, 2 ],
number := 78,
projectiveGroupId := [ 32, 1 ],
proofType := "an explicit member has empty projective Jacobian locus",
rankS := fail,
runtimeMilliseconds := 11,
smoothPolynomial := "(2)*x6^3 + (5)*x5^2*x6 + (10)*x4^2*x5 + (17)*x3^2*x4 + (26)*x2^2*x3 + (37)*x1^2*x2",
sourceCategory := "liftable_abelian",
sourcePosition := 2,
status := "smooth",
symplecticPart := "abelian",
theoreticalSource := "Peng--Zheng maximal liftable types and their subgroups",
trials := [ rec(
coefficients := [ 2, 5, 10, 17, 26, 37 ],
exitCode := 0,
singularChart := fail,
status := "exact_smooth" ) ],
verificationMode := "exact_computation" ), rec(
coefficients := [ 2, 5, 10, 17, 26, 37, 50, 65, 82, 101, 122, 145, 170, 197, 226, 257, 290, 325, 362, 401, 442, 485, 530, 577, 626, 677, 730, 785, 842, 901, 962, 1025, 1090, 1157, 1226, 1297, 1370, 1445, 1522, 1601, 1682, 1765, 1850, 1937, 2026, 2117, 2210, 2305, 2402, 2501, 2602, 2705, 2810, 2917, 3026, 3137 ],
dimensionAudit := rec(
computedCentralizerDimension := 36,
computedFamilyDimension := 20,
computedInvariantDimension := 56,
storedCentralizerDimension := 36,
storedFamilyDimension := 20,
storedInvariantDimension := 56,
verified := true ),
label := "LA-003",
linearGroupId := [ 3, 1 ],
number := 79,
projectiveGroupId := [ 1, 1 ],
proofType := "an explicit member has empty projective Jacobian locus",
rankS := fail,
runtimeMilliseconds := 2,
smoothPolynomial := "(2)*x6^3 + (5)*x5*x6^2 + (10)*x5^2*x6 + (17)*x5^3 + (26)*x4*x6^2 + (37)*x4*x5*x6 + (50)*x4*x5^2 + (65)*x4^2*x6 + (82)*x4^2*x5 + (101)*x4^3 + (122)*x3*x6^2 + (145)*x3*x5*x6 + (170)*x3*x5^2 + (197)*x3*x4*x6 + (226)*x3*x4*x5 + (257)*x3*x4^2 + (290)*x3^2*x6 + (325)*x3^2*x5 + (362)*x3^2*x4 + (401)*x3^3 + (442)*x2*x6^2 + (485)*x2*x5*x6 + (530)*x2*x5^2 + (577)*x2*x4*x6 + (626)*x2*x4*x5 + (677)*x2*x4^2 + (730)*x2*x3*x6 + (785)*x2*x3*x5 + (842)*x2*x3*x4 + (901)*x2*x3^2 + (962)*x2^2*x6 + (1025)*x2^2*x5 + (1090)*x2^2*x4 + (1157)*x2^2*x3 + (1226)*x2^3 + (1297)*x1*x6^2 + (1370)*x1*x5*x6 + (1445)*x1*x5^2 + (1522)*x1*x4*x6 + (1601)*x1*x4*x5 + (1682)*x1*x4^2 + (1765)*x1*x3*x6 + (1850)*x1*x3*x5 + (1937)*x1*x3*x4 + (2026)*x1*x3^2 + (2117)*x1*x2*x6 + (2210)*x1*x2*x5 + (2305)*x1*x2*x4 + (2402)*x1*x2*x3 + (2501)*x1*x2^2 + (2602)*x1^2*x6 + (2705)*x1^2*x5 + (2810)*x1^2*x4 + (2917)*x1^2*x3 + (3026)*x1^2*x2 + (3137)*x1^3",
sourceCategory := "liftable_abelian",
sourcePosition := 3,
status := "smooth",
symplecticPart := "abelian",
theoreticalSource := "Peng--Zheng maximal liftable types and their subgroups",
trials := [ rec(
coefficients := [ 2, 5, 10, 17, 26, 37, 50, 65, 82, 101, 122, 145, 170, 197, 226, 257, 290, 325, 362, 401, 442, 485, 530, 577, 626, 677, 730, 785, 842, 901, 962, 1025, 1090, 1157, 1226, 1297, 1370, 1445, 1522, 1601, 1682, 1765, 1850, 1937, 2026, 2117, 2210, 2305, 2402, 2501, 2602, 2705, 2810, 2917, 3026, 3137 ],
exitCode := 0,
singularChart := fail,
status := "exact_smooth" ) ],
verificationMode := "exact_computation" ), rec(
coefficients := [ 2, 5, 10, 17, 26, 37, 50, 65, 82, 101, 122, 145, 170, 197, 226, 257, 290, 325, 362, 401, 442, 485, 530, 577, 626, 677, 730, 785, 842, 901, 962, 1025, 1090, 1157, 1226, 1297, 1370, 1445, 1522, 1601 ],
dimensionAudit := rec(
computedCentralizerDimension := 26,
computedFamilyDimension := 14,
computedInvariantDimension := 40,
storedCentralizerDimension := 26,
storedFamilyDimension := 14,
storedInvariantDimension := 40,
verified := true ),
label := "LA-004",
linearGroupId := [ 6, 2 ],
number := 80,
projectiveGroupId := [ 2, 1 ],
proofType := "an explicit member has empty projective Jacobian locus",
rankS := fail,
runtimeMilliseconds := 16,
smoothPolynomial := "(2)*x6^3 + (5)*x5*x6^2 + (10)*x5^2*x6 + (17)*x5^3 + (26)*x4^2*x6 + (37)*x4^2*x5 + (50)*x3*x6^2 + (65)*x3*x5*x6 + (82)*x3*x5^2 + (101)*x3*x4^2 + (122)*x3^2*x6 + (145)*x3^2*x5 + (170)*x3^3 + (197)*x2*x6^2 + (226)*x2*x5*x6 + (257)*x2*x5^2 + (290)*x2*x4^2 + (325)*x2*x3*x6 + (362)*x2*x3*x5 + (401)*x2*x3^2 + (442)*x2^2*x6 + (485)*x2^2*x5 + (530)*x2^2*x3 + (577)*x2^3 + (626)*x1*x6^2 + (677)*x1*x5*x6 + (730)*x1*x5^2 + (785)*x1*x4^2 + (842)*x1*x3*x6 + (901)*x1*x3*x5 + (962)*x1*x3^2 + (1025)*x1*x2*x6 + (1090)*x1*x2*x5 + (1157)*x1*x2*x3 + (1226)*x1*x2^2 + (1297)*x1^2*x6 + (1370)*x1^2*x5 + (1445)*x1^2*x3 + (1522)*x1^2*x2 + (1601)*x1^3",
sourceCategory := "liftable_abelian",
sourcePosition := 4,
status := "smooth",
symplecticPart := "abelian",
theoreticalSource := "Peng--Zheng maximal liftable types and their subgroups",
trials := [ rec(
coefficients := [ 2, 5, 10, 17, 26, 37, 50, 65, 82, 101, 122, 145, 170, 197, 226, 257, 290, 325, 362, 401, 442, 485, 530, 577, 626, 677, 730, 785, 842, 901, 962, 1025, 1090, 1157, 1226, 1297, 1370, 1445, 1522, 1601 ],
exitCode := 0,
singularChart := fail,
status := "exact_smooth" ) ],
verificationMode := "exact_computation" ), rec(
coefficients := [ 2, 5, 10, 17, 26, 37, 50, 65, 82, 101, 122, 145, 170, 197, 226, 257, 290, 325, 362, 401, 442, 485, 530, 577, 626, 677, 730, 785, 842, 901, 962, 1025 ],
dimensionAudit := rec(
computedCentralizerDimension := 20,
computedFamilyDimension := 12,
computedInvariantDimension := 32,
storedCentralizerDimension := 20,
storedFamilyDimension := 12,
storedInvariantDimension := 32,
verified := true ),
label := "LA-005",
linearGroupId := [ 6, 2 ],
number := 81,
projectiveGroupId := [ 2, 1 ],
proofType := "an explicit member has empty projective Jacobian locus",
rankS := fail,
runtimeMilliseconds := 18,
smoothPolynomial := "(2)*x6^3 + (5)*x5*x6^2 + (10)*x5^2*x6 + (17)*x5^3 + (26)*x4*x6^2 + (37)*x4*x5*x6 + (50)*x4*x5^2 + (65)*x4^2*x6 + (82)*x4^2*x5 + (101)*x4^3 + (122)*x3^2*x6 + (145)*x3^2*x5 + (170)*x3^2*x4 + (197)*x2*x6^2 + (226)*x2*x5*x6 + (257)*x2*x5^2 + (290)*x2*x4*x6 + (325)*x2*x4*x5 + (362)*x2*x4^2 + (401)*x2*x3^2 + (442)*x2^2*x6 + (485)*x2^2*x5 + (530)*x2^2*x4 + (577)*x2^3 + (626)*x1*x3*x6 + (677)*x1*x3*x5 + (730)*x1*x3*x4 + (785)*x1*x2*x3 + (842)*x1^2*x6 + (901)*x1^2*x5 + (962)*x1^2*x4 + (1025)*x1^2*x2",
sourceCategory := "liftable_abelian",
sourcePosition := 5,
status := "smooth",
symplecticPart := "abelian",
theoreticalSource := "Peng--Zheng maximal liftable types and their subgroups",
trials := [ rec(
coefficients := [ 2, 5, 10, 17, 26, 37, 50, 65, 82, 101, 122, 145, 170, 197, 226, 257, 290, 325, 362, 401, 442, 485, 530, 577, 626, 677, 730, 785, 842, 901, 962, 1025 ],
exitCode := 0,
singularChart := fail,
status := "exact_smooth" ) ],
verificationMode := "exact_computation" ), rec(
coefficients := [ 2, 5, 10, 17, 26, 37, 50, 65, 82, 101, 122, 145, 170, 197, 226, 257, 290, 325, 362, 401, 442, 485, 530, 577, 626, 677, 730, 785 ],
dimensionAudit := rec(
computedCentralizerDimension := 18,
computedFamilyDimension := 10,
computedInvariantDimension := 28,
storedCentralizerDimension := 18,
storedFamilyDimension := 10,
storedInvariantDimension := 28,
verified := true ),
label := "LA-006",
linearGroupId := [ 12, 5 ],
number := 82,
projectiveGroupId := [ 4, 2 ],
proofType := "an explicit member has empty projective Jacobian locus",
rankS := fail,
runtimeMilliseconds := 20,
smoothPolynomial := "(2)*x6^3 + (5)*x5*x6^2 + (10)*x5^2*x6 + (17)*x5^3 + (26)*x4*x6^2 + (37)*x4*x5*x6 + (50)*x4*x5^2 + (65)*x4^2*x6 + (82)*x4^2*x5 + (101)*x4^3 + (122)*x3^2*x6 + (145)*x3^2*x5 + (170)*x3^2*x4 + (197)*x2*x6^2 + (226)*x2*x5*x6 + (257)*x2*x5^2 + (290)*x2*x4*x6 + (325)*x2*x4*x5 + (362)*x2*x4^2 + (401)*x2*x3^2 + (442)*x2^2*x6 + (485)*x2^2*x5 + (530)*x2^2*x4 + (577)*x2^3 + (626)*x1^2*x6 + (677)*x1^2*x5 + (730)*x1^2*x4 + (785)*x1^2*x2",
sourceCategory := "liftable_abelian",
sourcePosition := 6,
status := "smooth",
symplecticPart := "abelian",
theoreticalSource := "Peng--Zheng maximal liftable types and their subgroups",
trials := [ rec(
coefficients := [ 2, 5, 10, 17, 26, 37, 50, 65, 82, 101, 122, 145, 170, 197, 226, 257, 290, 325, 362, 401, 442, 485, 530, 577, 626, 677, 730, 785 ],
exitCode := 0,
singularChart := fail,
status := "exact_smooth" ) ],
verificationMode := "exact_computation" ), rec(
coefficients := [ 2, 5, 10, 17, 26, 37, 50, 65, 82, 101, 122, 145, 170, 197, 226, 257, 290, 325, 362, 401, 442, 485, 530, 577, 626, 677, 730, 785, 842, 901, 962, 1025, 1090, 1157, 1226, 1297 ],
dimensionAudit := rec(
computedCentralizerDimension := 26,
computedFamilyDimension := 10,
computedInvariantDimension := 36,
storedCentralizerDimension := 26,
storedFamilyDimension := 10,
storedInvariantDimension := 36,
verified := true ),
label := "LA-007",
linearGroupId := [ 9, 2 ],
number := 83,
projectiveGroupId := [ 3, 1 ],
proofType := "an explicit member has empty projective Jacobian locus",
rankS := fail,
runtimeMilliseconds := 12,
smoothPolynomial := "(2)*x6^3 + (5)*x5*x6^2 + (10)*x5^2*x6 + (17)*x5^3 + (26)*x4^3 + (37)*x3*x6^2 + (50)*x3*x5*x6 + (65)*x3*x5^2 + (82)*x3^2*x6 + (101)*x3^2*x5 + (122)*x3^3 + (145)*x2*x6^2 + (170)*x2*x5*x6 + (197)*x2*x5^2 + (226)*x2*x3*x6 + (257)*x2*x3*x5 + (290)*x2*x3^2 + (325)*x2^2*x6 + (362)*x2^2*x5 + (401)*x2^2*x3 + (442)*x2^3 + (485)*x1*x6^2 + (530)*x1*x5*x6 + (577)*x1*x5^2 + (626)*x1*x3*x6 + (677)*x1*x3*x5 + (730)*x1*x3^2 + (785)*x1*x2*x6 + (842)*x1*x2*x5 + (901)*x1*x2*x3 + (962)*x1*x2^2 + (1025)*x1^2*x6 + (1090)*x1^2*x5 + (1157)*x1^2*x3 + (1226)*x1^2*x2 + (1297)*x1^3",
sourceCategory := "liftable_abelian",
sourcePosition := 7,
status := "smooth",
symplecticPart := "abelian",
theoreticalSource := "Peng--Zheng maximal liftable types and their subgroups",
trials := [ rec(
coefficients := [ 2, 5, 10, 17, 26, 37, 50, 65, 82, 101, 122, 145, 170, 197, 226, 257, 290, 325, 362, 401, 442, 485, 530, 577, 626, 677, 730, 785, 842, 901, 962, 1025, 1090, 1157, 1226, 1297 ],
exitCode := 0,
singularChart := fail,
status := "exact_smooth" ) ],
verificationMode := "exact_computation" ), rec(
coefficients := [ 2, 5, 10, 17, 26, 37, 50, 65, 82, 101, 122, 145, 170, 197, 226, 257, 290, 325, 362, 401, 442, 485, 530, 577, 626, 677, 730, 785 ],
dimensionAudit := rec(
computedCentralizerDimension := 18,
computedFamilyDimension := 10,
computedInvariantDimension := 28,
storedCentralizerDimension := 18,
storedFamilyDimension := 10,
storedInvariantDimension := 28,
verified := true ),
label := "LA-008",
linearGroupId := [ 6, 2 ],
number := 84,
projectiveGroupId := [ 2, 1 ],
proofType := "an explicit member has empty projective Jacobian locus",
rankS := fail,
runtimeMilliseconds := 14,
smoothPolynomial := "(2)*x6^3 + (5)*x5^2*x6 + (10)*x4*x5*x6 + (17)*x4^2*x6 + (26)*x3*x6^2 + (37)*x3*x5^2 + (50)*x3*x4*x5 + (65)*x3*x4^2 + (82)*x3^2*x6 + (101)*x3^3 + (122)*x2*x6^2 + (145)*x2*x5^2 + (170)*x2*x4*x5 + (197)*x2*x4^2 + (226)*x2*x3*x6 + (257)*x2*x3^2 + (290)*x2^2*x6 + (325)*x2^2*x3 + (362)*x2^3 + (401)*x1*x5*x6 + (442)*x1*x4*x6 + (485)*x1*x3*x5 + (530)*x1*x3*x4 + (577)*x1*x2*x5 + (626)*x1*x2*x4 + (677)*x1^2*x6 + (730)*x1^2*x3 + (785)*x1^2*x2",
sourceCategory := "liftable_abelian",
sourcePosition := 8,
status := "smooth",
symplecticPart := "abelian",
theoreticalSource := "Peng--Zheng maximal liftable types and their subgroups",
trials := [ rec(
coefficients := [ 2, 5, 10, 17, 26, 37, 50, 65, 82, 101, 122, 145, 170, 197, 226, 257, 290, 325, 362, 401, 442, 485, 530, 577, 626, 677, 730, 785 ],
exitCode := 0,
singularChart := fail,
status := "exact_smooth" ) ],
verificationMode := "exact_computation" ), rec(
coefficients := [ 2, 5, 10, 17, 26, 37, 50, 65, 82, 101, 122, 145, 170, 197, 226, 257, 290, 325, 362, 401, 442, 485 ],
dimensionAudit := rec(
computedCentralizerDimension := 14,
computedFamilyDimension := 8,
computedInvariantDimension := 22,
storedCentralizerDimension := 14,
storedFamilyDimension := 8,
storedInvariantDimension := 22,
verified := true ),
label := "LA-009",
linearGroupId := [ 12, 5 ],
number := 85,
projectiveGroupId := [ 4, 2 ],
proofType := "an explicit member has empty projective Jacobian locus",
rankS := fail,
runtimeMilliseconds := 20,
smoothPolynomial := "(2)*x6^3 + (5)*x5^2*x6 + (10)*x4*x5*x6 + (17)*x4^2*x6 + (26)*x3*x6^2 + (37)*x3*x5^2 + (50)*x3*x4*x5 + (65)*x3*x4^2 + (82)*x3^2*x6 + (101)*x3^3 + (122)*x2*x6^2 + (145)*x2*x5^2 + (170)*x2*x4*x5 + (197)*x2*x4^2 + (226)*x2*x3*x6 + (257)*x2*x3^2 + (290)*x2^2*x6 + (325)*x2^2*x3 + (362)*x2^3 + (401)*x1^2*x6 + (442)*x1^2*x3 + (485)*x1^2*x2",
sourceCategory := "liftable_abelian",
sourcePosition := 9,
status := "smooth",
symplecticPart := "abelian",
theoreticalSource := "Peng--Zheng maximal liftable types and their subgroups",
trials := [ rec(
coefficients := [ 2, 5, 10, 17, 26, 37, 50, 65, 82, 101, 122, 145, 170, 197, 226, 257, 290, 325, 362, 401, 442, 485 ],
exitCode := 0,
singularChart := fail,
status := "exact_smooth" ) ],
verificationMode := "exact_computation" ), rec(
coefficients := [ 2, 5, 10, 17, 26, 37, 50, 65, 82, 101, 122, 145, 170, 197, 226, 257, 290, 325, 362, 401 ],
dimensionAudit := rec(
computedCentralizerDimension := 12,
computedFamilyDimension := 8,
computedInvariantDimension := 20,
storedCentralizerDimension := 12,
storedFamilyDimension := 8,
storedInvariantDimension := 20,
verified := true ),
label := "LA-010",
linearGroupId := [ 12, 5 ],
number := 86,
projectiveGroupId := [ 4, 2 ],
proofType := "an explicit member has empty projective Jacobian locus",
rankS := fail,
runtimeMilliseconds := 16,
smoothPolynomial := "(2)*x6^3 + (5)*x5^2*x6 + (10)*x4^2*x6 + (17)*x3*x6^2 + (26)*x3*x5^2 + (37)*x3*x4^2 + (50)*x3^2*x6 + (65)*x3^3 + (82)*x2*x6^2 + (101)*x2*x5^2 + (122)*x2*x4^2 + (145)*x2*x3*x6 + (170)*x2*x3^2 + (197)*x2^2*x6 + (226)*x2^2*x3 + (257)*x2^3 + (290)*x1*x4*x5 + (325)*x1^2*x6 + (362)*x1^2*x3 + (401)*x1^2*x2",
sourceCategory := "liftable_abelian",
sourcePosition := 10,
status := "smooth",
symplecticPart := "abelian",
theoreticalSource := "Peng--Zheng maximal liftable types and their subgroups",
trials := [ rec(
coefficients := [ 2, 5, 10, 17, 26, 37, 50, 65, 82, 101, 122, 145, 170, 197, 226, 257, 290, 325, 362, 401 ],
exitCode := 0,
singularChart := fail,
status := "exact_smooth" ) ],
verificationMode := "exact_computation" ), rec(
coefficients := [ 2, 5, 10, 17, 26, 37, 50, 65, 82, 101, 122, 145, 170, 197, 226, 257, 290, 325, 362, 401 ],
dimensionAudit := rec(
computedCentralizerDimension := 12,
computedFamilyDimension := 8,
computedInvariantDimension := 20,
storedCentralizerDimension := 12,
storedFamilyDimension := 8,
storedInvariantDimension := 20,
verified := true ),
label := "LA-011",
linearGroupId := [ 9, 2 ],
number := 87,
projectiveGroupId := [ 3, 1 ],
proofType := "an explicit member has empty projective Jacobian locus",
rankS := fail,
runtimeMilliseconds := 13,
smoothPolynomial := "(2)*x6^3 + (5)*x5^3 + (10)*x4*x6^2 + (17)*x4^2*x6 + (26)*x4^3 + (37)*x3*x5^2 + (50)*x3^2*x5 + (65)*x3^3 + (82)*x2*x5*x6 + (101)*x2*x4*x5 + (122)*x2*x3*x6 + (145)*x2*x3*x4 + (170)*x2^3 + (197)*x1*x5*x6 + (226)*x1*x4*x5 + (257)*x1*x3*x6 + (290)*x1*x3*x4 + (325)*x1*x2^2 + (362)*x1^2*x2 + (401)*x1^3",
sourceCategory := "liftable_abelian",
sourcePosition := 11,
status := "smooth",
symplecticPart := "abelian",
theoreticalSource := "Peng--Zheng maximal liftable types and their subgroups",
trials := [ rec(
coefficients := [ 2, 5, 10, 17, 26, 37, 50, 65, 82, 101, 122, 145, 170, 197, 226, 257, 290, 325, 362, 401 ],
exitCode := 0,
singularChart := fail,
status := "exact_smooth" ) ],
verificationMode := "exact_computation" ), rec(
coefficients := [ 2, 5, 10, 17, 26, 37, 50, 65, 82, 101, 122, 145, 170, 197, 226, 257, 290, 325, 362 ],
dimensionAudit := rec(
computedCentralizerDimension := 12,
computedFamilyDimension := 7,
computedInvariantDimension := 19,
storedCentralizerDimension := 12,
storedFamilyDimension := 7,
storedInvariantDimension := 19,
verified := true ),
label := "LA-012",
linearGroupId := [ 24, 15 ],
number := 88,
projectiveGroupId := [ 8, 5 ],
proofType := "an explicit member has empty projective Jacobian locus",
rankS := fail,
runtimeMilliseconds := 26,
smoothPolynomial := "(2)*x6^3 + (5)*x5^2*x6 + (10)*x4*x6^2 + (17)*x4*x5^2 + (26)*x4^2*x6 + (37)*x4^3 + (50)*x3^2*x6 + (65)*x3^2*x4 + (82)*x2*x6^2 + (101)*x2*x5^2 + (122)*x2*x4*x6 + (145)*x2*x4^2 + (170)*x2*x3^2 + (197)*x2^2*x6 + (226)*x2^2*x4 + (257)*x2^3 + (290)*x1^2*x6 + (325)*x1^2*x4 + (362)*x1^2*x2",
sourceCategory := "liftable_abelian",
sourcePosition := 12,
status := "smooth",
symplecticPart := "abelian",
theoreticalSource := "Peng--Zheng maximal liftable types and their subgroups",
trials := [ rec(
coefficients := [ 2, 5, 10, 17, 26, 37, 50, 65, 82, 101, 122, 145, 170, 197, 226, 257, 290, 325, 362 ],
exitCode := 0,
singularChart := fail,
status := "exact_smooth" ) ],
verificationMode := "exact_computation" ), rec(
coefficients := [ 2, 5, 10, 17, 26, 37, 50, 65, 82, 101, 122, 145, 170, 197, 226, 257, 290, 325, 362, 401, 442, 485, 530, 577, 626 ],
dimensionAudit := rec(
computedCentralizerDimension := 18,
computedFamilyDimension := 7,
computedInvariantDimension := 25,
storedCentralizerDimension := 18,
storedFamilyDimension := 7,
storedInvariantDimension := 25,
verified := true ),
label := "LA-013",
linearGroupId := [ 18, 5 ],
number := 89,
projectiveGroupId := [ 6, 2 ],
proofType := "an explicit member has empty projective Jacobian locus",
rankS := fail,
runtimeMilliseconds := 19,
smoothPolynomial := "(2)*x6^3 + (5)*x5^3 + (10)*x4*x6^2 + (17)*x4^2*x6 + (26)*x4^3 + (37)*x3*x6^2 + (50)*x3*x4*x6 + (65)*x3*x4^2 + (82)*x3^2*x6 + (101)*x3^2*x4 + (122)*x3^3 + (145)*x2*x6^2 + (170)*x2*x4*x6 + (197)*x2*x4^2 + (226)*x2*x3*x6 + (257)*x2*x3*x4 + (290)*x2*x3^2 + (325)*x2^2*x6 + (362)*x2^2*x4 + (401)*x2^2*x3 + (442)*x2^3 + (485)*x1^2*x6 + (530)*x1^2*x4 + (577)*x1^2*x3 + (626)*x1^2*x2",
sourceCategory := "liftable_abelian",
sourcePosition := 13,
status := "smooth",
symplecticPart := "abelian",
theoreticalSource := "Peng--Zheng maximal liftable types and their subgroups",
trials := [ rec(
coefficients := [ 2, 5, 10, 17, 26, 37, 50, 65, 82, 101, 122, 145, 170, 197, 226, 257, 290, 325, 362, 401, 442, 485, 530, 577, 626 ],
exitCode := 0,
singularChart := fail,
status := "exact_smooth" ) ],
verificationMode := "exact_computation" ), rec(
coefficients := [ 2, 5, 10, 17, 26, 37, 50, 65, 82, 101, 122, 145, 170, 197, 226, 257, 290, 325, 362, 401, 442, 485, 530, 577, 626 ],
dimensionAudit := rec(
computedCentralizerDimension := 18,
computedFamilyDimension := 7,
computedInvariantDimension := 25,
storedCentralizerDimension := 18,
storedFamilyDimension := 7,
storedInvariantDimension := 25,
verified := true ),
label := "LA-014",
linearGroupId := [ 12, 2 ],
number := 90,
projectiveGroupId := [ 4, 1 ],
proofType := "an explicit member has empty projective Jacobian locus",
rankS := fail,
runtimeMilliseconds := 14,
smoothPolynomial := "(2)*x6^3 + (5)*x5*x6^2 + (10)*x5^2*x6 + (17)*x5^3 + (26)*x4*x6^2 + (37)*x4*x5*x6 + (50)*x4*x5^2 + (65)*x4^2*x6 + (82)*x4^2*x5 + (101)*x4^3 + (122)*x3*x6^2 + (145)*x3*x5*x6 + (170)*x3*x5^2 + (197)*x3*x4*x6 + (226)*x3*x4*x5 + (257)*x3*x4^2 + (290)*x3^2*x6 + (325)*x3^2*x5 + (362)*x3^2*x4 + (401)*x3^3 + (442)*x2^2*x6 + (485)*x2^2*x5 + (530)*x2^2*x4 + (577)*x2^2*x3 + (626)*x1^2*x2",
sourceCategory := "liftable_abelian",
sourcePosition := 14,
status := "smooth",
symplecticPart := "abelian",
theoreticalSource := "Peng--Zheng maximal liftable types and their subgroups",
trials := [ rec(
coefficients := [ 2, 5, 10, 17, 26, 37, 50, 65, 82, 101, 122, 145, 170, 197, 226, 257, 290, 325, 362, 401, 442, 485, 530, 577, 626 ],
exitCode := 0,
singularChart := fail,
status := "exact_smooth" ) ],
verificationMode := "exact_computation" ), rec(
coefficients := [ 2, 5, 10, 17, 26, 37, 50, 65, 82, 101, 122, 145, 170, 197, 226, 257, 290, 325, 362, 401, 442 ],
dimensionAudit := rec(
computedCentralizerDimension := 14,
computedFamilyDimension := 7,
computedInvariantDimension := 21,
storedCentralizerDimension := 14,
storedFamilyDimension := 7,
storedInvariantDimension := 21,
verified := true ),
label := "LA-015",
linearGroupId := [ 12, 2 ],
number := 91,
projectiveGroupId := [ 4, 1 ],
proofType := "an explicit member has empty projective Jacobian locus",
rankS := fail,
runtimeMilliseconds := 18,
smoothPolynomial := "(2)*x6^3 + (5)*x5*x6^2 + (10)*x5^2*x6 + (17)*x5^3 + (26)*x4^2*x6 + (37)*x4^2*x5 + (50)*x3*x6^2 + (65)*x3*x5*x6 + (82)*x3*x5^2 + (101)*x3*x4^2 + (122)*x3^2*x6 + (145)*x3^2*x5 + (170)*x3^3 + (197)*x2*x4*x6 + (226)*x2*x4*x5 + (257)*x2*x3*x4 + (290)*x2^2*x6 + (325)*x2^2*x5 + (362)*x2^2*x3 + (401)*x1^2*x4 + (442)*x1^2*x2",
sourceCategory := "liftable_abelian",
sourcePosition := 15,
status := "smooth",
symplecticPart := "abelian",
theoreticalSource := "Peng--Zheng maximal liftable types and their subgroups",
trials := [ rec(
coefficients := [ 2, 5, 10, 17, 26, 37, 50, 65, 82, 101, 122, 145, 170, 197, 226, 257, 290, 325, 362, 401, 442 ],
exitCode := 0,
singularChart := fail,
status := "exact_smooth" ) ],
verificationMode := "exact_computation" ), rec(
coefficients := [ 2, 5, 10, 17, 26, 37, 50, 65, 82, 101, 122, 145, 170, 197, 226, 257, 290, 325, 362, 401, 442 ],
dimensionAudit := rec(
computedCentralizerDimension := 14,
computedFamilyDimension := 7,
computedInvariantDimension := 21,
storedCentralizerDimension := 14,
storedFamilyDimension := 7,
storedInvariantDimension := 21,
verified := true ),
label := "LA-016",
linearGroupId := [ 9, 2 ],
number := 92,
projectiveGroupId := [ 3, 1 ],
proofType := "an explicit member has empty projective Jacobian locus",
rankS := fail,
runtimeMilliseconds := 16,
smoothPolynomial := "(2)*x6^3 + (5)*x5^3 + (10)*x4*x5*x6 + (17)*x4^3 + (26)*x3*x5^2 + (37)*x3*x4*x6 + (50)*x3^2*x5 + (65)*x3^3 + (82)*x2*x6^2 + (101)*x2*x4*x5 + (122)*x2*x3*x4 + (145)*x2^2*x6 + (170)*x2^3 + (197)*x1*x5^2 + (226)*x1*x4*x6 + (257)*x1*x3*x5 + (290)*x1*x3^2 + (325)*x1*x2*x4 + (362)*x1^2*x5 + (401)*x1^2*x3 + (442)*x1^3",
sourceCategory := "liftable_abelian",
sourcePosition := 16,
status := "smooth",
symplecticPart := "abelian",
theoreticalSource := "Peng--Zheng maximal liftable types and their subgroups",
trials := [ rec(
coefficients := [ 2, 5, 10, 17, 26, 37, 50, 65, 82, 101, 122, 145, 170, 197, 226, 257, 290, 325, 362, 401, 442 ],
exitCode := 0,
singularChart := fail,
status := "exact_smooth" ) ],
verificationMode := "exact_computation" ), rec(
coefficients := [ 2, 5, 10, 17, 26, 37, 50, 65, 82, 101, 122, 145, 170, 197, 226, 257, 290, 325, 362, 401 ],
dimensionAudit := rec(
computedCentralizerDimension := 14,
computedFamilyDimension := 6,
computedInvariantDimension := 20,
storedCentralizerDimension := 14,
storedFamilyDimension := 6,
storedInvariantDimension := 20,
verified := true ),
label := "LA-017",
linearGroupId := [ 18, 5 ],
number := 93,
projectiveGroupId := [ 6, 2 ],
proofType := "an explicit member has empty projective Jacobian locus",
rankS := fail,
runtimeMilliseconds := 26,
smoothPolynomial := "(2)*x6^3 + (5)*x5^3 + (10)*x4*x5^2 + (17)*x4^2*x5 + (26)*x4^3 + (37)*x3^2*x5 + (50)*x3^2*x4 + (65)*x2*x5^2 + (82)*x2*x4*x5 + (101)*x2*x4^2 + (122)*x2*x3^2 + (145)*x2^2*x5 + (170)*x2^2*x4 + (197)*x2^3 + (226)*x1*x3*x5 + (257)*x1*x3*x4 + (290)*x1*x2*x3 + (325)*x1^2*x5 + (362)*x1^2*x4 + (401)*x1^2*x2",
sourceCategory := "liftable_abelian",
sourcePosition := 17,
status := "smooth",
symplecticPart := "abelian",
theoreticalSource := "Peng--Zheng maximal liftable types and their subgroups",
trials := [ rec(
coefficients := [ 2, 5, 10, 17, 26, 37, 50, 65, 82, 101, 122, 145, 170, 197, 226, 257, 290, 325, 362, 401 ],
exitCode := 0,
singularChart := fail,
status := "exact_smooth" ) ],
verificationMode := "exact_computation" ), rec(
coefficients := [ 2, 5, 10, 17, 26, 37, 50, 65, 82, 101, 122, 145, 170, 197, 226, 257 ],
dimensionAudit := rec(
computedCentralizerDimension := 10,
computedFamilyDimension := 6,
computedInvariantDimension := 16,
storedCentralizerDimension := 10,
storedFamilyDimension := 6,
storedInvariantDimension := 16,
verified := true ),
label := "LA-018",
linearGroupId := [ 12, 2 ],
number := 94,
projectiveGroupId := [ 4, 1 ],
proofType := "an explicit member has empty projective Jacobian locus",
rankS := fail,
runtimeMilliseconds := 15,
smoothPolynomial := "(2)*x6^3 + (5)*x5^2*x6 + (10)*x4^2*x5 + (17)*x3*x6^2 + (26)*x3*x5^2 + (37)*x3^2*x6 + (50)*x3^3 + (65)*x2*x5*x6 + (82)*x2*x4^2 + (101)*x2*x3*x5 + (122)*x2^2*x6 + (145)*x2^2*x3 + (170)*x1*x4*x6 + (197)*x1*x3*x4 + (226)*x1^2*x5 + (257)*x1^2*x2",
sourceCategory := "liftable_abelian",
sourcePosition := 18,
status := "smooth",
symplecticPart := "abelian",
theoreticalSource := "Peng--Zheng maximal liftable types and their subgroups",
trials := [ rec(
coefficients := [ 2, 5, 10, 17, 26, 37, 50, 65, 82, 101, 122, 145, 170, 197, 226, 257 ],
exitCode := 0,
singularChart := fail,
status := "exact_smooth" ) ],
verificationMode := "exact_computation" ), rec(
coefficients := [ 2, 5, 10, 17, 26, 37, 50, 65, 82, 101, 122, 145, 170, 197, 226, 257 ],
dimensionAudit := rec(
computedCentralizerDimension := 10,
computedFamilyDimension := 6,
computedInvariantDimension := 16,
storedCentralizerDimension := 10,
storedFamilyDimension := 6,
storedInvariantDimension := 16,
verified := true ),
label := "LA-019",
linearGroupId := [ 12, 5 ],
number := 95,
projectiveGroupId := [ 4, 2 ],
proofType := "an explicit member has empty projective Jacobian locus",
rankS := fail,
runtimeMilliseconds := 18,
smoothPolynomial := "(2)*x3*x6^2 + (5)*x3*x5*x6 + (10)*x3*x5^2 + (17)*x3*x4^2 + (26)*x3^3 + (37)*x2*x6^2 + (50)*x2*x5*x6 + (65)*x2*x5^2 + (82)*x2*x4^2 + (101)*x2*x3^2 + (122)*x2^2*x3 + (145)*x2^3 + (170)*x1*x4*x6 + (197)*x1*x4*x5 + (226)*x1^2*x3 + (257)*x1^2*x2",
sourceCategory := "liftable_abelian",
sourcePosition := 19,
status := "smooth",
symplecticPart := "abelian",
theoreticalSource := "Peng--Zheng maximal liftable types and their subgroups",
trials := [ rec(
coefficients := [ 2, 5, 10, 17, 26, 37, 50, 65, 82, 101, 122, 145, 170, 197, 226, 257 ],
exitCode := 0,
singularChart := fail,
status := "exact_smooth" ) ],
verificationMode := "exact_computation" ), rec(
coefficients := [ 2, 5, 10, 17, 26, 37, 50, 65, 82, 101, 122, 145, 170, 197, 226, 257, 290, 325 ],
dimensionAudit := rec(
computedCentralizerDimension := 12,
computedFamilyDimension := 6,
computedInvariantDimension := 18,
storedCentralizerDimension := 12,
storedFamilyDimension := 6,
storedInvariantDimension := 18,
verified := true ),
label := "LA-020",
linearGroupId := [ 9, 1 ],
number := 96,
projectiveGroupId := [ 3, 1 ],
proofType := "an explicit member has empty projective Jacobian locus",
rankS := fail,
runtimeMilliseconds := 13,
smoothPolynomial := "(2)*x5^2*x6 + (5)*x4*x6^2 + (10)*x4^2*x5 + (17)*x3*x5*x6 + (26)*x3*x4^2 + (37)*x3^2*x6 + (50)*x2*x6^2 + (65)*x2*x4*x5 + (82)*x2*x3*x4 + (101)*x2^2*x5 + (122)*x2^2*x3 + (145)*x1*x5^2 + (170)*x1*x4*x6 + (197)*x1*x3*x5 + (226)*x1*x3^2 + (257)*x1*x2*x6 + (290)*x1^2*x4 + (325)*x1^2*x2",
sourceCategory := "liftable_abelian",
sourcePosition := 20,
status := "smooth",
symplecticPart := "abelian",
theoreticalSource := "Peng--Zheng maximal liftable types and their subgroups",
trials := [ rec(
coefficients := [ 2, 5, 10, 17, 26, 37, 50, 65, 82, 101, 122, 145, 170, 197, 226, 257, 290, 325 ],
exitCode := 0,
singularChart := fail,
status := "exact_smooth" ) ],
verificationMode := "exact_computation" ), rec(
coefficients := [ 2, 5, 10, 17, 26, 37, 50, 65, 82, 101, 122, 145, 170, 197, 226, 257, 290 ],
dimensionAudit := rec(
computedCentralizerDimension := 12,
computedFamilyDimension := 5,
computedInvariantDimension := 17,
storedCentralizerDimension := 12,
storedFamilyDimension := 5,
storedInvariantDimension := 17,
verified := true ),
label := "LA-021",
linearGroupId := [ 36, 14 ],
number := 97,
projectiveGroupId := [ 12, 5 ],
proofType := "an explicit member has empty projective Jacobian locus",
rankS := fail,
runtimeMilliseconds := 25,
smoothPolynomial := "(2)*x6^3 + (5)*x5^3 + (10)*x4^2*x5 + (17)*x3*x5^2 + (26)*x3*x4^2 + (37)*x3^2*x5 + (50)*x3^3 + (65)*x2*x5^2 + (82)*x2*x4^2 + (101)*x2*x3*x5 + (122)*x2*x3^2 + (145)*x2^2*x5 + (170)*x2^2*x3 + (197)*x2^3 + (226)*x1^2*x5 + (257)*x1^2*x3 + (290)*x1^2*x2",
sourceCategory := "liftable_abelian",
sourcePosition := 21,
status := "smooth",
symplecticPart := "abelian",
theoreticalSource := "Peng--Zheng maximal liftable types and their subgroups",
trials := [ rec(
coefficients := [ 2, 5, 10, 17, 26, 37, 50, 65, 82, 101, 122, 145, 170, 197, 226, 257, 290 ],
exitCode := 0,
singularChart := fail,
status := "exact_smooth" ) ],
verificationMode := "exact_computation" ), rec(
coefficients := [ 2, 5, 10, 17, 26, 37, 50, 65, 82, 101, 122, 145, 170, 197, 226, 257, 290 ],
dimensionAudit := rec(
computedCentralizerDimension := 12,
computedFamilyDimension := 5,
computedInvariantDimension := 17,
storedCentralizerDimension := 12,
storedFamilyDimension := 5,
storedInvariantDimension := 17,
verified := true ),
label := "LA-022",
linearGroupId := [ 24, 9 ],
number := 98,
projectiveGroupId := [ 8, 2 ],
proofType := "an explicit member has empty projective Jacobian locus",
rankS := fail,
runtimeMilliseconds := 24,
smoothPolynomial := "(2)*x6^3 + (5)*x5*x6^2 + (10)*x5^2*x6 + (17)*x5^3 + (26)*x4^2*x6 + (37)*x4^2*x5 + (50)*x3*x6^2 + (65)*x3*x5*x6 + (82)*x3*x5^2 + (101)*x3*x4^2 + (122)*x3^2*x6 + (145)*x3^2*x5 + (170)*x3^3 + (197)*x2^2*x6 + (226)*x2^2*x5 + (257)*x2^2*x3 + (290)*x1^2*x2",
sourceCategory := "liftable_abelian",
sourcePosition := 22,
status := "smooth",
symplecticPart := "abelian",
theoreticalSource := "Peng--Zheng maximal liftable types and their subgroups",
trials := [ rec(
coefficients := [ 2, 5, 10, 17, 26, 37, 50, 65, 82, 101, 122, 145, 170, 197, 226, 257, 290 ],
exitCode := 0,
singularChart := fail,
status := "exact_smooth" ) ],
verificationMode := "exact_computation" ), rec(
coefficients := [ 2, 5, 10, 17, 26, 37, 50, 65, 82, 101, 122, 145, 170 ],
dimensionAudit := rec(
computedCentralizerDimension := 8,
computedFamilyDimension := 5,
computedInvariantDimension := 13,
storedCentralizerDimension := 8,
storedFamilyDimension := 5,
storedInvariantDimension := 13,
verified := true ),
label := "LA-023",
linearGroupId := [ 24, 15 ],
number := 99,
projectiveGroupId := [ 8, 5 ],
proofType := "an explicit member has empty projective Jacobian locus",
rankS := fail,
runtimeMilliseconds := 23,
smoothPolynomial := "(2)*x6^3 + (5)*x5*x6^2 + (10)*x5^2*x6 + (17)*x5^3 + (26)*x4^2*x6 + (37)*x4^2*x5 + (50)*x3^2*x6 + (65)*x3^2*x5 + (82)*x2^2*x6 + (101)*x2^2*x5 + (122)*x1*x2*x3 + (145)*x1^2*x6 + (170)*x1^2*x5",
sourceCategory := "liftable_abelian",
sourcePosition := 23,
status := "smooth",
symplecticPart := "abelian",
theoreticalSource := "Peng--Zheng maximal liftable types and their subgroups",
trials := [ rec(
coefficients := [ 2, 5, 10, 17, 26, 37, 50, 65, 82, 101, 122, 145, 170 ],
exitCode := 0,
singularChart := fail,
status := "exact_smooth" ) ],
verificationMode := "exact_computation" ), rec(
coefficients := [ 2, 5, 10, 17, 26, 37, 50, 65, 82, 101, 122, 145, 170, 197, 226 ],
dimensionAudit := rec(
computedCentralizerDimension := 10,
computedFamilyDimension := 5,
computedInvariantDimension := 15,
storedCentralizerDimension := 10,
storedFamilyDimension := 5,
storedInvariantDimension := 15,
verified := true ),
label := "LA-024",
linearGroupId := [ 18, 5 ],
number := 100,
projectiveGroupId := [ 6, 2 ],
proofType := "an explicit member has empty projective Jacobian locus",
rankS := fail,
runtimeMilliseconds := 16,
smoothPolynomial := "(2)*x6^3 + (5)*x5*x6^2 + (10)*x5^2*x6 + (17)*x5^3 + (26)*x4^3 + (37)*x3*x4*x6 + (50)*x3*x4*x5 + (65)*x3^3 + (82)*x2*x4*x6 + (101)*x2*x4*x5 + (122)*x2*x3^2 + (145)*x2^2*x3 + (170)*x2^3 + (197)*x1^2*x3 + (226)*x1^2*x2",
sourceCategory := "liftable_abelian",
sourcePosition := 24,
status := "smooth",
symplecticPart := "abelian",
theoreticalSource := "Peng--Zheng maximal liftable types and their subgroups",
trials := [ rec(
coefficients := [ 2, 5, 10, 17, 26, 37, 50, 65, 82, 101, 122, 145, 170, 197, 226 ],
exitCode := 0,
singularChart := fail,
status := "exact_smooth" ) ],
verificationMode := "exact_computation" ), rec(
coefficients := [ 2, 5, 10, 17, 26, 37, 50, 65, 82, 101, 122, 145 ],
dimensionAudit := rec(
computedCentralizerDimension := 8,
computedFamilyDimension := 4,
computedInvariantDimension := 12,
storedCentralizerDimension := 8,
storedFamilyDimension := 4,
storedInvariantDimension := 12,
verified := true ),
label := "LA-025",
linearGroupId := [ 36, 14 ],
number := 101,
projectiveGroupId := [ 12, 5 ],
proofType := "an explicit member has empty projective Jacobian locus",
rankS := fail,
runtimeMilliseconds := 26,
smoothPolynomial := "(2)*x6^3 + (5)*x5^3 + (10)*x4*x5^2 + (17)*x4^2*x5 + (26)*x4^3 + (37)*x3^2*x5 + (50)*x3^2*x4 + (65)*x2^2*x5 + (82)*x2^2*x4 + (101)*x1*x2*x3 + (122)*x1^2*x5 + (145)*x1^2*x4",
sourceCategory := "liftable_abelian",
sourcePosition := 25,
status := "smooth",
symplecticPart := "abelian",
theoreticalSource := "Peng--Zheng maximal liftable types and their subgroups",
trials := [ rec(
coefficients := [ 2, 5, 10, 17, 26, 37, 50, 65, 82, 101, 122, 145 ],
exitCode := 0,
singularChart := fail,
status := "exact_smooth" ) ],
verificationMode := "exact_computation" ), rec(
coefficients := [ 2, 5, 10, 17, 26, 37, 50, 65, 82, 101, 122, 145, 170, 197 ],
dimensionAudit := rec(
computedCentralizerDimension := 10,
computedFamilyDimension := 4,
computedInvariantDimension := 14,
storedCentralizerDimension := 10,
storedFamilyDimension := 4,
storedInvariantDimension := 14,
verified := true ),
label := "LA-026",
linearGroupId := [ 27, 5 ],
number := 102,
projectiveGroupId := [ 9, 2 ],
proofType := "an explicit member has empty projective Jacobian locus",
rankS := fail,
runtimeMilliseconds := 17,
smoothPolynomial := "(2)*x6^3 + (5)*x5^3 + (10)*x4*x6^2 + (17)*x4^2*x6 + (26)*x4^3 + (37)*x3*x5*x6 + (50)*x3*x4*x5 + (65)*x3^3 + (82)*x2*x5^2 + (101)*x2*x3*x6 + (122)*x2*x3*x4 + (145)*x2^2*x5 + (170)*x2^3 + (197)*x1^3",
sourceCategory := "liftable_abelian",
sourcePosition := 26,
status := "smooth",
symplecticPart := "abelian",
theoreticalSource := "Peng--Zheng maximal liftable types and their subgroups",
trials := [ rec(
coefficients := [ 2, 5, 10, 17, 26, 37, 50, 65, 82, 101, 122, 145, 170, 197 ],
exitCode := 0,
singularChart := fail,
status := "exact_smooth" ) ],
verificationMode := "exact_computation" ), rec(
coefficients := [ 2, 5, 10, 17, 26, 37, 50, 65, 82, 101, 122, 145 ],
dimensionAudit := rec(
computedCentralizerDimension := 8,
computedFamilyDimension := 4,
computedInvariantDimension := 12,
storedCentralizerDimension := 8,
storedFamilyDimension := 4,
storedInvariantDimension := 12,
verified := true ),
label := "LA-027",
linearGroupId := [ 24, 9 ],
number := 103,
projectiveGroupId := [ 8, 2 ],
proofType := "an explicit member has empty projective Jacobian locus",
rankS := fail,
runtimeMilliseconds := 27,
smoothPolynomial := "(2)*x6^3 + (5)*x5^2*x6 + (10)*x4^2*x6 + (17)*x3*x6^2 + (26)*x3*x5^2 + (37)*x3*x4^2 + (50)*x3^2*x6 + (65)*x3^3 + (82)*x2*x4*x5 + (101)*x2^2*x6 + (122)*x2^2*x3 + (145)*x1^2*x2",
sourceCategory := "liftable_abelian",
sourcePosition := 27,
status := "smooth",
symplecticPart := "abelian",
theoreticalSource := "Peng--Zheng maximal liftable types and their subgroups",
trials := [ rec(
coefficients := [ 2, 5, 10, 17, 26, 37, 50, 65, 82, 101, 122, 145 ],
exitCode := 0,
singularChart := fail,
status := "exact_smooth" ) ],
verificationMode := "exact_computation" ), rec(
coefficients := [ 2, 5, 10, 17, 26, 37, 50, 65, 82, 101, 122, 145, 170, 197 ],
dimensionAudit := rec(
computedCentralizerDimension := 10,
computedFamilyDimension := 4,
computedInvariantDimension := 14,
storedCentralizerDimension := 10,
storedFamilyDimension := 4,
storedInvariantDimension := 14,
verified := true ),
label := "LA-028",
linearGroupId := [ 24, 9 ],
number := 104,
projectiveGroupId := [ 8, 2 ],
proofType := "an explicit member has empty projective Jacobian locus",
rankS := fail,
runtimeMilliseconds := 15,
smoothPolynomial := "(2)*x6^3 + (5)*x5^2*x6 + (10)*x4^2*x5 + (17)*x3*x6^2 + (26)*x3*x5^2 + (37)*x3^2*x6 + (50)*x3^3 + (65)*x2*x5*x6 + (82)*x2*x4^2 + (101)*x2*x3*x5 + (122)*x2^2*x6 + (145)*x2^2*x3 + (170)*x1^2*x5 + (197)*x1^2*x2",
sourceCategory := "liftable_abelian",
sourcePosition := 28,
status := "smooth",
symplecticPart := "abelian",
theoreticalSource := "Peng--Zheng maximal liftable types and their subgroups",
trials := [ rec(
coefficients := [ 2, 5, 10, 17, 26, 37, 50, 65, 82, 101, 122, 145, 170, 197 ],
exitCode := 0,
singularChart := fail,
status := "exact_smooth" ) ],
verificationMode := "exact_computation" ), rec(
coefficients := [ 2, 5, 10, 17, 26, 37, 50, 65, 82, 101, 122, 145, 170, 197, 226, 257 ],
dimensionAudit := rec(
computedCentralizerDimension := 12,
computedFamilyDimension := 4,
computedInvariantDimension := 16,
storedCentralizerDimension := 12,
storedFamilyDimension := 4,
storedInvariantDimension := 16,
verified := true ),
label := "LA-029",
linearGroupId := [ 18, 5 ],
number := 105,
projectiveGroupId := [ 6, 2 ],
proofType := "an explicit member has empty projective Jacobian locus",
rankS := fail,
runtimeMilliseconds := 27,
smoothPolynomial := "(2)*x6^3 + (5)*x5^3 + (10)*x4*x6^2 + (17)*x4^2*x6 + (26)*x4^3 + (37)*x3*x6^2 + (50)*x3*x4*x6 + (65)*x3*x4^2 + (82)*x3^2*x6 + (101)*x3^2*x4 + (122)*x3^3 + (145)*x2*x5*x6 + (170)*x2*x4*x5 + (197)*x2*x3*x5 + (226)*x2^3 + (257)*x1^2*x2",
sourceCategory := "liftable_abelian",
sourcePosition := 29,
status := "smooth",
symplecticPart := "abelian",
theoreticalSource := "Peng--Zheng maximal liftable types and their subgroups",
trials := [ rec(
coefficients := [ 2, 5, 10, 17, 26, 37, 50, 65, 82, 101, 122, 145, 170, 197, 226, 257 ],
exitCode := 0,
singularChart := fail,
status := "exact_smooth" ) ],
verificationMode := "exact_computation" ), rec(
coefficients := [ 2, 5, 10, 17, 26, 37, 50, 65, 82, 101, 122, 145, 170, 197 ],
dimensionAudit := rec(
computedCentralizerDimension := 10,
computedFamilyDimension := 4,
computedInvariantDimension := 14,
storedCentralizerDimension := 10,
storedFamilyDimension := 4,
storedInvariantDimension := 14,
verified := true ),
label := "LA-030",
linearGroupId := [ 18, 5 ],
number := 106,
projectiveGroupId := [ 6, 2 ],
proofType := "an explicit member has empty projective Jacobian locus",
rankS := fail,
runtimeMilliseconds := 17,
smoothPolynomial := "(2)*x6^3 + (5)*x5^3 + (10)*x4*x5^2 + (17)*x4^2*x5 + (26)*x4^3 + (37)*x3*x6^2 + (50)*x3^2*x6 + (65)*x3^3 + (82)*x2*x5*x6 + (101)*x2*x4*x6 + (122)*x2*x3*x5 + (145)*x2*x3*x4 + (170)*x2^3 + (197)*x1^2*x2",
sourceCategory := "liftable_abelian",
sourcePosition := 30,
status := "smooth",
symplecticPart := "abelian",
theoreticalSource := "Peng--Zheng maximal liftable types and their subgroups",
trials := [ rec(
coefficients := [ 2, 5, 10, 17, 26, 37, 50, 65, 82, 101, 122, 145, 170, 197 ],
exitCode := 0,
singularChart := fail,
status := "exact_smooth" ) ],
verificationMode := "exact_computation" ), rec(
coefficients := [ 2, 5, 10, 17, 26, 37, 50, 65, 82, 101, 122, 145 ],
dimensionAudit := rec(
computedCentralizerDimension := 8,
computedFamilyDimension := 4,
computedInvariantDimension := 12,
storedCentralizerDimension := 8,
storedFamilyDimension := 4,
storedInvariantDimension := 12,
verified := true ),
label := "LA-031",
linearGroupId := [ 18, 5 ],
number := 107,
projectiveGroupId := [ 6, 2 ],
proofType := "an explicit member has empty projective Jacobian locus",
rankS := fail,
runtimeMilliseconds := 18,
smoothPolynomial := "(2)*x6^3 + (5)*x5^3 + (10)*x4*x5*x6 + (17)*x4^3 + (26)*x3^2*x4 + (37)*x2*x5^2 + (50)*x2*x4*x6 + (65)*x2^2*x5 + (82)*x2^3 + (101)*x1*x3*x6 + (122)*x1^2*x5 + (145)*x1^2*x2",
sourceCategory := "liftable_abelian",
sourcePosition := 31,
status := "smooth",
symplecticPart := "abelian",
theoreticalSource := "Peng--Zheng maximal liftable types and their subgroups",
trials := [ rec(
coefficients := [ 2, 5, 10, 17, 26, 37, 50, 65, 82, 101, 122, 145 ],
exitCode := 0,
singularChart := fail,
status := "exact_smooth" ) ],
verificationMode := "exact_computation" ), rec(
coefficients := [ 2, 5, 10, 17, 26, 37, 50, 65, 82, 101 ],
dimensionAudit := rec(
computedCentralizerDimension := 6,
computedFamilyDimension := 4,
computedInvariantDimension := 10,
storedCentralizerDimension := 6,
storedFamilyDimension := 4,
storedInvariantDimension := 10,
verified := true ),
label := "LA-032",
linearGroupId := [ 18, 5 ],
number := 108,
projectiveGroupId := [ 6, 2 ],
proofType := "an explicit member has empty projective Jacobian locus",
rankS := fail,
runtimeMilliseconds := 21,
smoothPolynomial := "(2)*x6^3 + (5)*x5^2*x6 + (10)*x4^3 + (17)*x3^2*x4 + (26)*x2*x4*x6 + (37)*x2*x3*x5 + (50)*x2^3 + (65)*x1*x4*x5 + (82)*x1*x3*x6 + (101)*x1^2*x2",
sourceCategory := "liftable_abelian",
sourcePosition := 32,
status := "smooth",
symplecticPart := "abelian",
theoreticalSource := "Peng--Zheng maximal liftable types and their subgroups",
trials := [ rec(
coefficients := [ 2, 5, 10, 17, 26, 37, 50, 65, 82, 101 ],
exitCode := 0,
singularChart := fail,
status := "exact_smooth" ) ],
verificationMode := "exact_computation" ), rec(
coefficients := [ 2, 5, 10, 17, 26, 37, 50, 65, 82, 101, 122, 145, 170, 197, 226, 257 ],
dimensionAudit := rec(
computedCentralizerDimension := 12,
computedFamilyDimension := 4,
computedInvariantDimension := 16,
storedCentralizerDimension := 12,
storedFamilyDimension := 4,
storedInvariantDimension := 16,
verified := true ),
label := "LA-033",
linearGroupId := [ 12, 2 ],
number := 109,
projectiveGroupId := [ 4, 1 ],
proofType := "an explicit member has empty projective Jacobian locus",
rankS := fail,
runtimeMilliseconds := 19,
smoothPolynomial := "(2)*x6^3 + (5)*x5^2*x6 + (10)*x4^2*x5 + (17)*x3*x6^2 + (26)*x3*x5^2 + (37)*x3^2*x6 + (50)*x3^3 + (65)*x2*x5*x6 + (82)*x2*x4^2 + (101)*x2*x3*x5 + (122)*x2^2*x6 + (145)*x2^2*x3 + (170)*x1*x4*x5 + (197)*x1*x2*x4 + (226)*x1^2*x5 + (257)*x1^2*x2",
sourceCategory := "liftable_abelian",
sourcePosition := 33,
status := "smooth",
symplecticPart := "abelian",
theoreticalSource := "Peng--Zheng maximal liftable types and their subgroups",
trials := [ rec(
coefficients := [ 2, 5, 10, 17, 26, 37, 50, 65, 82, 101, 122, 145, 170, 197, 226, 257 ],
exitCode := 0,
singularChart := fail,
status := "exact_smooth" ) ],
verificationMode := "exact_computation" ), rec(
coefficients := [ 2, 5, 10, 17, 26, 37, 50, 65, 82, 101, 122, 145, 170, 197, 226 ],
dimensionAudit := rec(
computedCentralizerDimension := 12,
computedFamilyDimension := 3,
computedInvariantDimension := 15,
storedCentralizerDimension := 12,
storedFamilyDimension := 3,
storedInvariantDimension := 15,
verified := true ),
label := "LA-034",
linearGroupId := [ 36, 8 ],
number := 110,
projectiveGroupId := [ 12, 2 ],
proofType := "an explicit member has empty projective Jacobian locus",
rankS := fail,
runtimeMilliseconds := 17,
smoothPolynomial := "(2)*x6^3 + (5)*x5^3 + (10)*x4*x5^2 + (17)*x4^2*x5 + (26)*x4^3 + (37)*x3*x5^2 + (50)*x3*x4*x5 + (65)*x3*x4^2 + (82)*x3^2*x5 + (101)*x3^2*x4 + (122)*x3^3 + (145)*x2^2*x5 + (170)*x2^2*x4 + (197)*x2^2*x3 + (226)*x1^2*x2",
sourceCategory := "liftable_abelian",
sourcePosition := 34,
status := "smooth",
symplecticPart := "abelian",
theoreticalSource := "Peng--Zheng maximal liftable types and their subgroups",
trials := [ rec(
coefficients := [ 2, 5, 10, 17, 26, 37, 50, 65, 82, 101, 122, 145, 170, 197, 226 ],
exitCode := 0,
singularChart := fail,
status := "exact_smooth" ) ],
verificationMode := "exact_computation" ), rec(
coefficients := [ 2, 5, 10, 17, 26, 37, 50, 65, 82, 101, 122, 145, 170 ],
dimensionAudit := rec(
computedCentralizerDimension := 10,
computedFamilyDimension := 3,
computedInvariantDimension := 13,
storedCentralizerDimension := 10,
storedFamilyDimension := 3,
storedInvariantDimension := 13,
verified := true ),
label := "LA-035",
linearGroupId := [ 36, 8 ],
number := 111,
projectiveGroupId := [ 12, 2 ],
proofType := "an explicit member has empty projective Jacobian locus",
rankS := fail,
runtimeMilliseconds := 21,
smoothPolynomial := "(2)*x6^3 + (5)*x5^3 + (10)*x4^2*x5 + (17)*x3*x5^2 + (26)*x3*x4^2 + (37)*x3^2*x5 + (50)*x3^3 + (65)*x2*x4*x5 + (82)*x2*x3*x4 + (101)*x2^2*x5 + (122)*x2^2*x3 + (145)*x1^2*x4 + (170)*x1^2*x2",
sourceCategory := "liftable_abelian",
sourcePosition := 35,
status := "smooth",
symplecticPart := "abelian",
theoreticalSource := "Peng--Zheng maximal liftable types and their subgroups",
trials := [ rec(
coefficients := [ 2, 5, 10, 17, 26, 37, 50, 65, 82, 101, 122, 145, 170 ],
exitCode := 0,
singularChart := fail,
status := "exact_smooth" ) ],
verificationMode := "exact_computation" ), rec(
coefficients := [ 2, 5, 10, 17, 26, 37, 50, 65, 82, 101, 122 ],
dimensionAudit := rec(
computedCentralizerDimension := 8,
computedFamilyDimension := 3,
computedInvariantDimension := 11,
storedCentralizerDimension := 8,
storedFamilyDimension := 3,
storedInvariantDimension := 11,
verified := true ),
label := "LA-036",
linearGroupId := [ 36, 14 ],
number := 112,
projectiveGroupId := [ 12, 5 ],
proofType := "an explicit member has empty projective Jacobian locus",
rankS := fail,
runtimeMilliseconds := 22,
smoothPolynomial := "(2)*x6^3 + (5)*x5^3 + (10)*x4^2*x5 + (17)*x3*x5*x6 + (26)*x3^3 + (37)*x2*x5*x6 + (50)*x2*x3^2 + (65)*x2^2*x3 + (82)*x2^3 + (101)*x1^2*x3 + (122)*x1^2*x2",
sourceCategory := "liftable_abelian",
sourcePosition := 36,
status := "smooth",
symplecticPart := "abelian",
theoreticalSource := "Peng--Zheng maximal liftable types and their subgroups",
trials := [ rec(
coefficients := [ 2, 5, 10, 17, 26, 37, 50, 65, 82, 101, 122 ],
exitCode := 0,
singularChart := fail,
status := "exact_smooth" ) ],
verificationMode := "exact_computation" ), rec(
coefficients := [ 2, 5, 10, 17, 26, 37, 50, 65, 82 ],
dimensionAudit := rec(
computedCentralizerDimension := 6,
computedFamilyDimension := 3,
computedInvariantDimension := 9,
storedCentralizerDimension := 6,
storedFamilyDimension := 3,
storedInvariantDimension := 9,
verified := true ),
label := "LA-037",
linearGroupId := [ 27, 5 ],
number := 113,
projectiveGroupId := [ 9, 2 ],
proofType := "an explicit member has empty projective Jacobian locus",
rankS := fail,
runtimeMilliseconds := 17,
smoothPolynomial := "(2)*x6^3 + (5)*x5^3 + (10)*x4^3 + (17)*x3*x5*x6 + (26)*x3^3 + (37)*x2*x3*x4 + (50)*x2^3 + (65)*x1*x2*x5 + (82)*x1^3",
sourceCategory := "liftable_abelian",
sourcePosition := 37,
status := "smooth",
symplecticPart := "abelian",
theoreticalSource := "Peng--Zheng maximal liftable types and their subgroups",
trials := [ rec(
coefficients := [ 2, 5, 10, 17, 26, 37, 50, 65, 82 ],
exitCode := 0,
singularChart := fail,
status := "exact_smooth" ) ],
verificationMode := "exact_computation" ), rec(
coefficients := [ 2, 5, 10, 17, 26, 37, 50, 65, 82, 101, 122, 145, 170, 197, 226 ],
dimensionAudit := rec(
computedCentralizerDimension := 12,
computedFamilyDimension := 3,
computedInvariantDimension := 15,
storedCentralizerDimension := 12,
storedFamilyDimension := 3,
storedInvariantDimension := 15,
verified := true ),
label := "LA-038",
linearGroupId := [ 24, 2 ],
number := 114,
projectiveGroupId := [ 8, 1 ],
proofType := "an explicit member has empty projective Jacobian locus",
rankS := fail,
runtimeMilliseconds := 17,
smoothPolynomial := "(2)*x6^3 + (5)*x5*x6^2 + (10)*x5^2*x6 + (17)*x5^3 + (26)*x4*x6^2 + (37)*x4*x5*x6 + (50)*x4*x5^2 + (65)*x4^2*x6 + (82)*x4^2*x5 + (101)*x4^3 + (122)*x3^2*x6 + (145)*x3^2*x5 + (170)*x3^2*x4 + (197)*x2^2*x3 + (226)*x1^2*x2",
sourceCategory := "liftable_abelian",
sourcePosition := 38,
status := "smooth",
symplecticPart := "abelian",
theoreticalSource := "Peng--Zheng maximal liftable types and their subgroups",
trials := [ rec(
coefficients := [ 2, 5, 10, 17, 26, 37, 50, 65, 82, 101, 122, 145, 170, 197, 226 ],
exitCode := 0,
singularChart := fail,
status := "exact_smooth" ) ],
verificationMode := "exact_computation" ), rec(
coefficients := [ 2, 5, 10, 17, 26, 37, 50, 65, 82, 101, 122, 145, 170 ],
dimensionAudit := rec(
computedCentralizerDimension := 10,
computedFamilyDimension := 3,
computedInvariantDimension := 13,
storedCentralizerDimension := 10,
storedFamilyDimension := 3,
storedInvariantDimension := 13,
verified := true ),
label := "LA-039",
linearGroupId := [ 24, 2 ],
number := 115,
projectiveGroupId := [ 8, 1 ],
proofType := "an explicit member has empty projective Jacobian locus",
rankS := fail,
runtimeMilliseconds := 25,
smoothPolynomial := "(2)*x6^3 + (5)*x5*x6^2 + (10)*x5^2*x6 + (17)*x5^3 + (26)*x4^2*x6 + (37)*x4^2*x5 + (50)*x3*x4*x6 + (65)*x3*x4*x5 + (82)*x3^2*x6 + (101)*x3^2*x5 + (122)*x2^2*x4 + (145)*x2^2*x3 + (170)*x1^2*x2",
sourceCategory := "liftable_abelian",
sourcePosition := 39,
status := "smooth",
symplecticPart := "abelian",
theoreticalSource := "Peng--Zheng maximal liftable types and their subgroups",
trials := [ rec(
coefficients := [ 2, 5, 10, 17, 26, 37, 50, 65, 82, 101, 122, 145, 170 ],
exitCode := 0,
singularChart := fail,
status := "exact_smooth" ) ],
verificationMode := "exact_computation" ), rec(
coefficients := [ 2, 5, 10, 17, 26, 37, 50, 65, 82, 101, 122 ],
dimensionAudit := rec(
computedCentralizerDimension := 8,
computedFamilyDimension := 3,
computedInvariantDimension := 11,
storedCentralizerDimension := 8,
storedFamilyDimension := 3,
storedInvariantDimension := 11,
verified := true ),
label := "LA-040",
linearGroupId := [ 24, 2 ],
number := 116,
projectiveGroupId := [ 8, 1 ],
proofType := "an explicit member has empty projective Jacobian locus",
rankS := fail,
runtimeMilliseconds := 13,
smoothPolynomial := "(2)*x6^3 + (5)*x5*x6^2 + (10)*x5^2*x6 + (17)*x5^3 + (26)*x4^2*x6 + (37)*x4^2*x5 + (50)*x3^2*x4 + (65)*x2*x3*x6 + (82)*x2*x3*x5 + (101)*x2^2*x4 + (122)*x1^2*x2",
sourceCategory := "liftable_abelian",
sourcePosition := 40,
status := "smooth",
symplecticPart := "abelian",
theoreticalSource := "Peng--Zheng maximal liftable types and their subgroups",
trials := [ rec(
coefficients := [ 2, 5, 10, 17, 26, 37, 50, 65, 82, 101, 122 ],
exitCode := 0,
singularChart := fail,
status := "exact_smooth" ) ],
verificationMode := "exact_computation" ), rec(
coefficients := [ 2, 5, 10, 17, 26, 37, 50, 65, 82 ],
dimensionAudit := rec(
computedCentralizerDimension := 6,
computedFamilyDimension := 3,
computedInvariantDimension := 9,
storedCentralizerDimension := 6,
storedFamilyDimension := 3,
storedInvariantDimension := 9,
verified := true ),
label := "LA-041",
linearGroupId := [ 18, 2 ],
number := 117,
projectiveGroupId := [ 6, 2 ],
proofType := "an explicit member has empty projective Jacobian locus",
rankS := fail,
runtimeMilliseconds := 16,
smoothPolynomial := "(2)*x3*x6^2 + (5)*x3*x4*x5 + (10)*x2*x5^2 + (17)*x2*x4*x6 + (26)*x2^2*x3 + (37)*x1*x5*x6 + (50)*x1*x4^2 + (65)*x1*x3^2 + (82)*x1^2*x2",
sourceCategory := "liftable_abelian",
sourcePosition := 41,
status := "smooth",
symplecticPart := "abelian",
theoreticalSource := "Peng--Zheng maximal liftable types and their subgroups",
trials := [ rec(
coefficients := [ 2, 5, 10, 17, 26, 37, 50, 65, 82 ],
exitCode := 0,
singularChart := fail,
status := "exact_smooth" ) ],
verificationMode := "exact_computation" ), rec(
coefficients := [ 2, 5, 10, 17, 26, 37, 50, 65, 82, 101 ],
dimensionAudit := rec(
computedCentralizerDimension := 8,
computedFamilyDimension := 2,
computedInvariantDimension := 10,
storedCentralizerDimension := 8,
storedFamilyDimension := 2,
storedInvariantDimension := 10,
verified := true ),
label := "LA-042",
linearGroupId := [ 72, 36 ],
number := 118,
projectiveGroupId := [ 24, 9 ],
proofType := "an explicit member has empty projective Jacobian locus",
rankS := fail,
runtimeMilliseconds := 39,
smoothPolynomial := "(2)*x6^3 + (5)*x5^3 + (10)*x4^2*x5 + (17)*x3*x5^2 + (26)*x3*x4^2 + (37)*x3^2*x5 + (50)*x3^3 + (65)*x2^2*x5 + (82)*x2^2*x3 + (101)*x1^2*x2",
sourceCategory := "liftable_abelian",
sourcePosition := 42,
status := "smooth",
symplecticPart := "abelian",
theoreticalSource := "Peng--Zheng maximal liftable types and their subgroups",
trials := [ rec(
coefficients := [ 2, 5, 10, 17, 26, 37, 50, 65, 82, 101 ],
exitCode := 0,
singularChart := fail,
status := "exact_smooth" ) ],
verificationMode := "exact_computation" ), rec(
coefficients := [ 2, 5, 10, 17, 26, 37, 50, 65, 82, 101 ],
dimensionAudit := rec(
computedCentralizerDimension := 8,
computedFamilyDimension := 2,
computedInvariantDimension := 10,
storedCentralizerDimension := 8,
storedFamilyDimension := 2,
storedInvariantDimension := 10,
verified := true ),
label := "LA-043",
linearGroupId := [ 54, 15 ],
number := 119,
projectiveGroupId := [ 18, 5 ],
proofType := "an explicit member has empty projective Jacobian locus",
rankS := fail,
runtimeMilliseconds := 23,
smoothPolynomial := "(2)*x6^3 + (5)*x5^3 + (10)*x4^3 + (17)*x3*x4^2 + (26)*x3^2*x4 + (37)*x3^3 + (50)*x2*x4*x5 + (65)*x2*x3*x5 + (82)*x2^3 + (101)*x1^2*x2",
sourceCategory := "liftable_abelian",
sourcePosition := 43,
status := "smooth",
symplecticPart := "abelian",
theoreticalSource := "Peng--Zheng maximal liftable types and their subgroups",
trials := [ rec(
coefficients := [ 2, 5, 10, 17, 26, 37, 50, 65, 82, 101 ],
exitCode := 0,
singularChart := fail,
status := "exact_smooth" ) ],
verificationMode := "exact_computation" ), rec(
coefficients := [ 2, 5, 10, 17, 26, 37, 50, 65, 82, 101 ],
dimensionAudit := rec(
computedCentralizerDimension := 8,
computedFamilyDimension := 2,
computedInvariantDimension := 10,
storedCentralizerDimension := 8,
storedFamilyDimension := 2,
storedInvariantDimension := 10,
verified := true ),
label := "LA-044",
linearGroupId := [ 48, 20 ],
number := 120,
projectiveGroupId := [ 16, 2 ],
proofType := "an explicit member has empty projective Jacobian locus",
rankS := fail,
runtimeMilliseconds := 22,
smoothPolynomial := "(2)*x6^3 + (5)*x5^2*x6 + (10)*x4^2*x5 + (17)*x3*x6^2 + (26)*x3*x5^2 + (37)*x3^2*x6 + (50)*x3^3 + (65)*x2^2*x6 + (82)*x2^2*x3 + (101)*x1^2*x2",
sourceCategory := "liftable_abelian",
sourcePosition := 44,
status := "smooth",
symplecticPart := "abelian",
theoreticalSource := "Peng--Zheng maximal liftable types and their subgroups",
trials := [ rec(
coefficients := [ 2, 5, 10, 17, 26, 37, 50, 65, 82, 101 ],
exitCode := 0,
singularChart := fail,
status := "exact_smooth" ) ],
verificationMode := "exact_computation" ), rec(
coefficients := [ 2, 5, 10, 17, 26, 37, 50, 65, 82, 101 ],
dimensionAudit := rec(
computedCentralizerDimension := 8,
computedFamilyDimension := 2,
computedInvariantDimension := 10,
storedCentralizerDimension := 8,
storedFamilyDimension := 2,
storedInvariantDimension := 10,
verified := true ),
label := "LA-045",
linearGroupId := [ 48, 23 ],
number := 121,
projectiveGroupId := [ 16, 5 ],
proofType := "an explicit member has empty projective Jacobian locus",
rankS := fail,
runtimeMilliseconds := 39,
smoothPolynomial := "(2)*x6^3 + (5)*x5^2*x6 + (10)*x4*x6^2 + (17)*x4*x5^2 + (26)*x4^2*x6 + (37)*x4^3 + (50)*x3^2*x6 + (65)*x3^2*x4 + (82)*x2^2*x3 + (101)*x1^2*x2",
sourceCategory := "liftable_abelian",
sourcePosition := 45,
status := "smooth",
symplecticPart := "abelian",
theoreticalSource := "Peng--Zheng maximal liftable types and their subgroups",
trials := [ rec(
coefficients := [ 2, 5, 10, 17, 26, 37, 50, 65, 82, 101 ],
exitCode := 0,
singularChart := fail,
status := "exact_smooth" ) ],
verificationMode := "exact_computation" ), rec(
coefficients := [ 2, 5, 10, 17, 26, 37, 50, 65, 82, 101 ],
dimensionAudit := rec(
computedCentralizerDimension := 8,
computedFamilyDimension := 2,
computedInvariantDimension := 10,
storedCentralizerDimension := 8,
storedFamilyDimension := 2,
storedInvariantDimension := 10,
verified := true ),
label := "LA-046",
linearGroupId := [ 36, 8 ],
number := 122,
projectiveGroupId := [ 12, 2 ],
proofType := "an explicit member has empty projective Jacobian locus",
rankS := fail,
runtimeMilliseconds := 19,
smoothPolynomial := "(2)*x6^3 + (5)*x5*x6^2 + (10)*x5^2*x6 + (17)*x5^3 + (26)*x4^3 + (37)*x3*x4*x6 + (50)*x3*x4*x5 + (65)*x3^3 + (82)*x2^2*x3 + (101)*x1^2*x2",
sourceCategory := "liftable_abelian",
sourcePosition := 46,
status := "smooth",
symplecticPart := "abelian",
theoreticalSource := "Peng--Zheng maximal liftable types and their subgroups",
trials := [ rec(
coefficients := [ 2, 5, 10, 17, 26, 37, 50, 65, 82, 101 ],
exitCode := 0,
singularChart := fail,
status := "exact_smooth" ) ],
verificationMode := "exact_computation" ), rec(
coefficients := [ 2, 5, 10, 17, 26, 37, 50, 65 ],
dimensionAudit := rec(
computedCentralizerDimension := 6,
computedFamilyDimension := 2,
computedInvariantDimension := 8,
storedCentralizerDimension := 6,
storedFamilyDimension := 2,
storedInvariantDimension := 8,
verified := true ),
label := "LA-047",
linearGroupId := [ 36, 8 ],
number := 123,
projectiveGroupId := [ 12, 2 ],
proofType := "an explicit member has empty projective Jacobian locus",
rankS := fail,
runtimeMilliseconds := 19,
smoothPolynomial := "(2)*x6^3 + (5)*x5^3 + (10)*x4^2*x5 + (17)*x3*x5*x6 + (26)*x3^3 + (37)*x2*x4*x6 + (50)*x2^2*x3 + (65)*x1^2*x2",
sourceCategory := "liftable_abelian",
sourcePosition := 47,
status := "smooth",
symplecticPart := "abelian",
theoreticalSource := "Peng--Zheng maximal liftable types and their subgroups",
trials := [ rec(
coefficients := [ 2, 5, 10, 17, 26, 37, 50, 65 ],
exitCode := 0,
singularChart := fail,
status := "exact_smooth" ) ],
verificationMode := "exact_computation" ), rec(
coefficients := [ 2, 5, 10, 17, 26, 37, 50, 65 ],
dimensionAudit := rec(
computedCentralizerDimension := 6,
computedFamilyDimension := 2,
computedInvariantDimension := 8,
storedCentralizerDimension := 6,
storedFamilyDimension := 2,
storedInvariantDimension := 8,
verified := true ),
label := "LA-048",
linearGroupId := [ 24, 9 ],
number := 124,
projectiveGroupId := [ 8, 2 ],
proofType := "an explicit member has empty projective Jacobian locus",
rankS := fail,
runtimeMilliseconds := 24,
smoothPolynomial := "(2)*x3*x5^2 + (5)*x3*x4^2 + (10)*x3^3 + (17)*x2*x6^2 + (26)*x2*x4*x5 + (37)*x2^2*x3 + (50)*x1*x5*x6 + (65)*x1^2*x2",
sourceCategory := "liftable_abelian",
sourcePosition := 48,
status := "smooth",
symplecticPart := "abelian",
theoreticalSource := "Peng--Zheng maximal liftable types and their subgroups",
trials := [ rec(
coefficients := [ 2, 5, 10, 17, 26, 37, 50, 65 ],
exitCode := 0,
singularChart := fail,
status := "exact_smooth" ) ],
verificationMode := "exact_computation" ), rec(
coefficients := [ 2, 5, 10, 17, 26, 37, 50 ],
dimensionAudit := rec(
computedCentralizerDimension := 6,
computedFamilyDimension := 1,
computedInvariantDimension := 7,
storedCentralizerDimension := 6,
storedFamilyDimension := 1,
storedInvariantDimension := 7,
verified := true ),
label := "LA-049",
linearGroupId := [ 72, 36 ],
number := 125,
projectiveGroupId := [ 24, 9 ],
proofType := "an explicit member has empty projective Jacobian locus",
rankS := fail,
runtimeMilliseconds := 36,
smoothPolynomial := "(2)*x6^3 + (5)*x5^3 + (10)*x4^2*x5 + (17)*x3*x5*x6 + (26)*x3^3 + (37)*x2^2*x3 + (50)*x1^2*x2",
sourceCategory := "liftable_abelian",
sourcePosition := 49,
status := "smooth",
symplecticPart := "abelian",
theoreticalSource := "Peng--Zheng maximal liftable types and their subgroups",
trials := [ rec(
coefficients := [ 2, 5, 10, 17, 26, 37, 50 ],
exitCode := 0,
singularChart := fail,
status := "exact_smooth" ) ],
verificationMode := "exact_computation" ), rec(
coefficients := [ 2, 5, 10, 17, 26, 37, 50, 65, 82 ],
dimensionAudit := rec(
computedCentralizerDimension := 8,
computedFamilyDimension := 1,
computedInvariantDimension := 9,
storedCentralizerDimension := 8,
storedFamilyDimension := 1,
storedInvariantDimension := 9,
verified := true ),
label := "LA-050",
linearGroupId := [ 72, 14 ],
number := 126,
projectiveGroupId := [ 24, 2 ],
proofType := "an explicit member has empty projective Jacobian locus",
rankS := fail,
runtimeMilliseconds := 32,
smoothPolynomial := "(2)*x6^3 + (5)*x5^3 + (10)*x4*x5^2 + (17)*x4^2*x5 + (26)*x4^3 + (37)*x3^2*x5 + (50)*x3^2*x4 + (65)*x2^2*x3 + (82)*x1^2*x2",
sourceCategory := "liftable_abelian",
sourcePosition := 50,
status := "smooth",
symplecticPart := "abelian",
theoreticalSource := "Peng--Zheng maximal liftable types and their subgroups",
trials := [ rec(
coefficients := [ 2, 5, 10, 17, 26, 37, 50, 65, 82 ],
exitCode := 0,
singularChart := fail,
status := "exact_smooth" ) ],
verificationMode := "exact_computation" ), rec(
coefficients := [ 2, 5, 10, 17, 26, 37, 50 ],
dimensionAudit := rec(
computedCentralizerDimension := 6,
computedFamilyDimension := 1,
computedInvariantDimension := 7,
storedCentralizerDimension := 6,
storedFamilyDimension := 1,
storedInvariantDimension := 7,
verified := true ),
label := "LA-051",
linearGroupId := [ 72, 14 ],
number := 127,
projectiveGroupId := [ 24, 2 ],
proofType := "an explicit member has empty projective Jacobian locus",
rankS := fail,
runtimeMilliseconds := 29,
smoothPolynomial := "(2)*x6^3 + (5)*x5^3 + (10)*x4^2*x5 + (17)*x3^2*x4 + (26)*x2*x3*x5 + (37)*x2^2*x4 + (50)*x1^2*x2",
sourceCategory := "liftable_abelian",
sourcePosition := 51,
status := "smooth",
symplecticPart := "abelian",
theoreticalSource := "Peng--Zheng maximal liftable types and their subgroups",
trials := [ rec(
coefficients := [ 2, 5, 10, 17, 26, 37, 50 ],
exitCode := 0,
singularChart := fail,
status := "exact_smooth" ) ],
verificationMode := "exact_computation" ), rec(
coefficients := [ 2, 5, 10, 17, 26, 37, 50, 65, 82 ],
dimensionAudit := rec(
computedCentralizerDimension := 8,
computedFamilyDimension := 1,
computedInvariantDimension := 9,
storedCentralizerDimension := 8,
storedFamilyDimension := 1,
storedInvariantDimension := 9,
verified := true ),
label := "LA-052",
linearGroupId := [ 48, 2 ],
number := 128,
projectiveGroupId := [ 16, 1 ],
proofType := "an explicit member has empty projective Jacobian locus",
rankS := fail,
runtimeMilliseconds := 33,
smoothPolynomial := "(2)*x6^3 + (5)*x5*x6^2 + (10)*x5^2*x6 + (17)*x5^3 + (26)*x4^2*x6 + (37)*x4^2*x5 + (50)*x3^2*x4 + (65)*x2^2*x3 + (82)*x1^2*x2",
sourceCategory := "liftable_abelian",
sourcePosition := 52,
status := "smooth",
symplecticPart := "abelian",
theoreticalSource := "Peng--Zheng maximal liftable types and their subgroups",
trials := [ rec(
coefficients := [ 2, 5, 10, 17, 26, 37, 50, 65, 82 ],
exitCode := 0,
singularChart := fail,
status := "exact_smooth" ) ],
verificationMode := "exact_computation" ), rec(
coefficients := [ 2, 5, 10, 17, 26, 37, 50 ],
dimensionAudit := rec(
computedCentralizerDimension := 6,
computedFamilyDimension := 1,
computedInvariantDimension := 7,
storedCentralizerDimension := 6,
storedFamilyDimension := 1,
storedInvariantDimension := 7,
verified := true ),
label := "LA-053",
linearGroupId := [ 48, 2 ],
number := 129,
projectiveGroupId := [ 16, 1 ],
proofType := "an explicit member has empty projective Jacobian locus",
rankS := fail,
runtimeMilliseconds := 39,
smoothPolynomial := "(2)*x6^3 + (5)*x5^2*x6 + (10)*x4^2*x5 + (17)*x3*x4*x6 + (26)*x3^2*x5 + (37)*x2^2*x3 + (50)*x1^2*x2",
sourceCategory := "liftable_abelian",
sourcePosition := 53,
status := "smooth",
symplecticPart := "abelian",
theoreticalSource := "Peng--Zheng maximal liftable types and their subgroups",
trials := [ rec(
coefficients := [ 2, 5, 10, 17, 26, 37, 50 ],
exitCode := 0,
singularChart := fail,
status := "exact_smooth" ) ],
verificationMode := "exact_computation" ), rec(
coefficients := [ 2, 5, 10, 17, 26, 37 ],
dimensionAudit := rec(
computedCentralizerDimension := 4,
computedFamilyDimension := 2,
computedInvariantDimension := 6,
storedCentralizerDimension := 4,
storedFamilyDimension := 2,
storedInvariantDimension := 6,
verified := true ),
label := "NLA-001",
linearGroupId := [ 27, 4 ],
number := 130,
projectiveGroupId := [ 9, 2 ],
proofType := "an explicit member has empty projective Jacobian locus",
rankS := 12,
runtimeMilliseconds := 25,
smoothPolynomial := "(2)*x5*x6^2 + (2)*x4*x5^2 + (2)*x4^2*x6 + (10)*x3*x5*x6 + (5)*x3*x4^2 + (26)*x3^2*x5 + (5)*x2*x6^2 + (10)*x2*x4*x5 + (17)*x2*x3*x6 + (37)*x2*x3^2 + (26)*x2^2*x4 + (5)*x1*x5^2 + (10)*x1*x4*x6 + (17)*x1*x3*x4 + (17)*x1*x2*x5 + (37)*x1*x2^2 + (26)*x1^2*x6 + (37)*x1^2*x3",
sourceCategory := "nonliftable_abelian",
sourcePosition := 1,
status := "smooth",
symplecticPart := "C3",
theoreticalSource := "retained by the theoretical non-liftable abelian classification",
trials := [ rec(
coefficients := [ 2, 5, 10, 17, 26, 37 ],
exitCode := 0,
singularChart := fail,
status := "exact_smooth" ) ],
verificationMode := "exact_computation" ), rec(
coefficients := [ 2, 5, 10 ],
dimensionAudit := rec(
computedCentralizerDimension := 2,
computedFamilyDimension := 1,
computedInvariantDimension := 3,
storedCentralizerDimension := 2,
storedFamilyDimension := 1,
storedInvariantDimension := 3,
verified := true ),
label := "NLA-002",
linearGroupId := [ 54, 11 ],
number := 131,
projectiveGroupId := [ 18, 5 ],
proofType := "an explicit member has empty projective Jacobian locus",
rankS := 12,
runtimeMilliseconds := 19,
smoothPolynomial := "(5)*x3*x5*x6 + (2)*x3*x4^2 + (2)*x2*x6^2 + (5)*x2*x4*x5 + (10)*x2*x3^2 + (2)*x1*x5^2 + (5)*x1*x4*x6 + (10)*x1*x2^2 + (10)*x1^2*x3",
sourceCategory := "nonliftable_abelian",
sourcePosition := 2,
status := "smooth",
symplecticPart := "C3",
theoreticalSource := "retained by the theoretical non-liftable abelian classification",
trials := [ rec(
coefficients := [ 2, 5, 10 ],
exitCode := 0,
singularChart := fail,
status := "exact_smooth" ) ],
verificationMode := "exact_computation" ) ],
runtimeMilliseconds := 9866,
schemaVersion := 1,
smoothCount := 131,
sourceFiles := [ "gap_saturation/gap_large_koike_families.g", "gap_liftable_abelian/gap_liftable_abelian_data.g", "gap_nonliftable_abelian/gap_nonliftable_abelian_data.g" ],
unknownCount := 0 );
LargeAbelianSmoothnessResults := LargeAbelianSmoothnessRun.results;
