# Generated by gap_small_nonabelian_smoothness.g.
# This is GAP-readable result data.

SmallNonabelianSmoothnessRun := rec(
classificationConvention := rec(
singular := "a singularity certificate valid for every family member",
smooth := "an explicit smooth member, hence a generically smooth family",
unknown := "neither certificate was found" ),
coefficientRule := "deterministic ordered batch beginning with [i^2+1 : i=1..d]",
externalTools := rec(
environment := "WSL (Ubuntu)",
gapVersion := "4.12.1",
singular := "/usr/bin/Singular",
timeout := "/usr/bin/timeout" ),
numberOfCandidates := 182,
options := rec(
commonLocusTimeoutSeconds := 60,
exactMemberTimeoutSeconds := 60,
finiteFieldTimeoutSeconds := 30,
maxCoefficientCandidates := 32,
maxCommonPointChecks := 8000,
maxCommonPointSupport := 4,
maxExactMemberTrials := 6,
maxPrime := 10000,
maxPrimeTrials := 3,
maxSplitPrimes := 8,
printProgress := true,
singularExecutable := fail,
timeoutExecutable := fail,
useExactCharacteristicZeroFallback := true,
useExactCommonSingularLocusTest := true,
useFiniteFieldTest := true ),
proofTypeCounts := [ rec(
count := 46,
proofType := "an explicit member of the invariant cubic family is smooth" ), rec(
count := 48,
proofType := "the invariant basis has a nonempty exact common projective Jacobian locus" ), rec(
count := 7,
proofType := "no smooth member or family-wide singularity certificate was found" ), rec(
count := 53,
proofType := "a variable has exponent at most one throughout the family" ), rec(
count := 28,
proofType := "an exact common singular point was found for the invariant basis" ) ],
results := [ rec(
candidateNumber := 1,
centralizerDimension := 4,
componentIndex := 1,
componentLabel := "Koike (3.4), generic index 1",
cubicInvariantDimension := 5,
determinantImageOrder := 6,
familyDimension := 1,
familyIndexWithinCase := 1,
genericIndex := 1,
guessedCoefficients := [ 1, 1, 1, 1, 1 ],
guessedMemberTest := rec(
coefficientCandidates := [ [ 2, 5, 10, 17, 26 ], [ 1, 1, 1, 1, 1 ], [ 1, 2, 3, 4, 5 ], [ 1, -2, 3, -4, 5 ], [ 1, 0, -1, 0, 3 ], [ 1, 0, 0, 0, 0 ], [ 0, 1, 0, 0, 0 ], [ 0, 0, 1, 0, 0 ], [ 0, 0, 0, 1, 0 ], [ 0, 0, 0, 0, 1 ], [ 1, 1, 0, 0, 0 ], [ 1, -1, 0, 0, 0 ], [ 1, 0, 1, 0, 0 ], [ 1, 0, -1, 0, 0 ], [ 1, 0, 0, 1, 0 ], [ 1, 0, 0, -1, 0 ], [ 1, 0, 0, 0, 1 ], [ 1, 0, 0, 0, -1 ], [ 0, 1, 1, 0, 0 ], [ 0, 1, -1, 0, 0 ], [ 0, 1, 0, 1, 0 ], [ 0, 1, 0, -1, 0 ], [ 0, 1, 0, 0, 1 ], [ 0, 1, 0, 0, -1 ], [ 0, 0, 1, 1, 0 ], [ 0, 0, 1, -1, 0 ], [ 0, 0, 1, 0, 1 ], [ 0, 0, 1, 0, -1 ], [ 0, 0, 0, 1, 1 ], [ 0, 0, 0, 1, -1 ], [ 8, -7, -8, -6, 8 ], [ 5, -1, -5, 4, -3 ] ],
coefficientFieldConductor := 1,
exactTrials := [  ],
finiteFieldTrials := [ rec(
exitCode := 0,
numberOfMembersTested := 32,
prime := 5,
singularOutput := "CF_SINGULAR_MEMBER_1_END\nCF_SMOOTH_MEMBER_2_END\nCF_SCRIPT_COMPLETED_OK\n",
status := "smooth",
witnessIndex := 2,
witnessVerificationPassed := true ) ],
member := rec(
coefficients := [ 1, 1, 1, 1, 1 ],
monomialCoefficients := [ 462083087/50808384, -18869959/8468064, 1548383/4234032, 8993/6351048, 0, 0, 0, 0, 0, 201/968, 0, 0, 0, 0, 0, 8/11, 0, 0, 1, 1, 0, 0, 0, 20/11, -2/11, 0, 20, -2, 0, 0, 0, 0, 0, 0, -2/9, 0, 0, 0, -10/11, 1/11, 0, -10, 1, 0, 0, 0, 0, 0, 0, -53/9, 0, 0, 0, 0, 1, 1 ],
polynomial := "(462083087/50808384)*x6^3 + (-18869959/8468064)*x5*x6^2 + (1548383/4234032)*x5^2*x6 + (8993/6351048)*x5^3 + (201/968)*x4^3 + (8/11)*x3*x4^2 + x3^2*x4 + x3^3 + (20/11)*x2*x4*x6 + (-2/11)*x2*x4*x5 + (20)*x2*x3*x6 + (-2)*x2*x3*x5 + (-2/9)*x2^3 + (-10/11)*x1*x4*x6 + (1/11)*x1*x4*x5 + (-10)*x1*x3*x6 + x1*x3*x5 + (-53/9)*x1*x2^2 + x1^2*x2 + x1^3" ),
method := "smooth reduction at a good split prime",
status := "smooth",
witnessPrime := 5 ),
isDirectKnownCase := false,
linearGId := [ 54, 12 ],
projectiveGId := [ 18, 3 ],
proofType := "an explicit member of the invariant cubic family is smooth",
smoothPolynomial := "(462083087/50808384)*x6^3 + (-18869959/8468064)*x5*x6^2 + (1548383/4234032)*x5^2*x6 + (8993/6351048)*x5^3 + (201/968)*x4^3 + (8/11)*x3*x4^2 + x3^2*x4 + x3^3 + (20/11)*x2*x4*x6 + (-2/11)*x2*x4*x5 + (20)*x2*x3*x6 + (-2)*x2*x3*x5 + (-2/9)*x2^3 + (-10/11)*x1*x4*x6 + (1/11)*x1*x4*x5 + (-10)*x1*x3*x6 + x1*x3*x5 + (-53/9)*x1*x2^2 + x1^2*x2 + x1^3",
status := "smooth",
symplecticPart := "C3",
testedCoefficientCandidates := [ [ 2, 5, 10, 17, 26 ], [ 1, 1, 1, 1, 1 ], [ 1, 2, 3, 4, 5 ], [ 1, -2, 3, -4, 5 ], [ 1, 0, -1, 0, 3 ], [ 1, 0, 0, 0, 0 ], [ 0, 1, 0, 0, 0 ], [ 0, 0, 1, 0, 0 ], [ 0, 0, 0, 1, 0 ], [ 0, 0, 0, 0, 1 ], [ 1, 1, 0, 0, 0 ], [ 1, -1, 0, 0, 0 ], [ 1, 0, 1, 0, 0 ], [ 1, 0, -1, 0, 0 ], [ 1, 0, 0, 1, 0 ], [ 1, 0, 0, -1, 0 ], [ 1, 0, 0, 0, 1 ], [ 1, 0, 0, 0, -1 ], [ 0, 1, 1, 0, 0 ], [ 0, 1, -1, 0, 0 ], [ 0, 1, 0, 1, 0 ], [ 0, 1, 0, -1, 0 ], [ 0, 1, 0, 0, 1 ], [ 0, 1, 0, 0, -1 ], [ 0, 0, 1, 1, 0 ], [ 0, 0, 1, -1, 0 ], [ 0, 0, 1, 0, 1 ], [ 0, 0, 1, 0, -1 ], [ 0, 0, 0, 1, 1 ], [ 0, 0, 0, 1, -1 ], [ 8, -7, -8, -6, 8 ], [ 5, -1, -5, 4, -3 ] ] ), rec(
candidateNumber := 2,
centralizerDimension := 6,
componentIndex := 1,
componentLabel := "Koike (3.4), generic index 1",
cubicInvariantDimension := 6,
determinantImageOrder := 6,
familyDimension := 0,
familyIndexWithinCase := 2,
genericIndex := 1,
guessedCoefficients := [ 2, 5, 10, 17, 26, 37 ],
guessedMemberTest := rec(
coefficientCandidates := [ [ 2, 5, 10, 17, 26, 37 ], [ 1, 1, 1, 1, 1, 1 ], [ 1, 2, 3, 4, 5, 6 ], [ 1, -2, 3, -4, 5, -6 ], [ 1, 0, -1, 0, 0, 3 ], [ 1, 0, 0, 0, 0, 0 ], [ 0, 1, 0, 0, 0, 0 ], [ 0, 0, 1, 0, 0, 0 ], [ 0, 0, 0, 1, 0, 0 ], [ 0, 0, 0, 0, 1, 0 ], [ 0, 0, 0, 0, 0, 1 ], [ 1, 1, 0, 0, 0, 0 ], [ 1, -1, 0, 0, 0, 0 ], [ 1, 0, 1, 0, 0, 0 ], [ 1, 0, -1, 0, 0, 0 ], [ 1, 0, 0, 1, 0, 0 ], [ 1, 0, 0, -1, 0, 0 ], [ 1, 0, 0, 0, 1, 0 ], [ 1, 0, 0, 0, -1, 0 ], [ 1, 0, 0, 0, 0, 1 ], [ 1, 0, 0, 0, 0, -1 ], [ 0, 1, 1, 0, 0, 0 ], [ 0, 1, -1, 0, 0, 0 ], [ 0, 1, 0, 1, 0, 0 ], [ 0, 1, 0, -1, 0, 0 ], [ 0, 1, 0, 0, 1, 0 ], [ 0, 1, 0, 0, -1, 0 ], [ 0, 1, 0, 0, 0, 1 ], [ 0, 1, 0, 0, 0, -1 ], [ 0, 0, 1, 1, 0, 0 ], [ 0, 0, 1, -1, 0, 0 ], [ 0, 0, 1, 0, 1, 0 ] ],
coefficientFieldConductor := 1,
exactTrials := [  ],
finiteFieldTrials := [ rec(
exitCode := 0,
numberOfMembersTested := 32,
prime := 5,
singularOutput := "CF_SMOOTH_MEMBER_1_END\nCF_SCRIPT_COMPLETED_OK\n",
status := "smooth",
witnessIndex := 1,
witnessVerificationPassed := true ) ],
member := rec(
coefficients := [ 2, 5, 10, 17, 26, 37 ],
monomialCoefficients := [ 14375285/78732, -612931/13122, 54373/13122, 2734/19683, 0, 0, 0, 0, 0, 2, 0, 0, 0, 0, 0, 5, 0, 0, 10, 17, 0, 0, 0, 0, 0, 0, 0, 0, 0, 0, 0, 0, 0, 0, -184/9, 0, 0, 0, 0, 0, 0, 0, 0, 0, 0, 0, 0, 0, 0, -1708/9, 0, 0, 0, 0, 26, 37 ],
polynomial := "(14375285/78732)*x6^3 + (-612931/13122)*x5*x6^2 + (54373/13122)*x5^2*x6 + (2734/19683)*x5^3 + (2)*x4^3 + (5)*x3*x4^2 + (10)*x3^2*x4 + (17)*x3^3 + (-184/9)*x2^3 + (-1708/9)*x1*x2^2 + (26)*x1^2*x2 + (37)*x1^3" ),
method := "smooth reduction at a good split prime",
status := "smooth",
witnessPrime := 5 ),
isDirectKnownCase := false,
linearGId := [ 54, 12 ],
projectiveGId := [ 18, 3 ],
proofType := "an explicit member of the invariant cubic family is smooth",
smoothPolynomial := "(14375285/78732)*x6^3 + (-612931/13122)*x5*x6^2 + (54373/13122)*x5^2*x6 + (2734/19683)*x5^3 + (2)*x4^3 + (5)*x3*x4^2 + (10)*x3^2*x4 + (17)*x3^3 + (-184/9)*x2^3 + (-1708/9)*x1*x2^2 + (26)*x1^2*x2 + (37)*x1^3",
status := "smooth",
symplecticPart := "C3",
testedCoefficientCandidates := [ [ 2, 5, 10, 17, 26, 37 ], [ 1, 1, 1, 1, 1, 1 ], [ 1, 2, 3, 4, 5, 6 ], [ 1, -2, 3, -4, 5, -6 ], [ 1, 0, -1, 0, 0, 3 ], [ 1, 0, 0, 0, 0, 0 ], [ 0, 1, 0, 0, 0, 0 ], [ 0, 0, 1, 0, 0, 0 ], [ 0, 0, 0, 1, 0, 0 ], [ 0, 0, 0, 0, 1, 0 ], [ 0, 0, 0, 0, 0, 1 ], [ 1, 1, 0, 0, 0, 0 ], [ 1, -1, 0, 0, 0, 0 ], [ 1, 0, 1, 0, 0, 0 ], [ 1, 0, -1, 0, 0, 0 ], [ 1, 0, 0, 1, 0, 0 ], [ 1, 0, 0, -1, 0, 0 ], [ 1, 0, 0, 0, 1, 0 ], [ 1, 0, 0, 0, -1, 0 ], [ 1, 0, 0, 0, 0, 1 ], [ 1, 0, 0, 0, 0, -1 ], [ 0, 1, 1, 0, 0, 0 ], [ 0, 1, -1, 0, 0, 0 ], [ 0, 1, 0, 1, 0, 0 ], [ 0, 1, 0, -1, 0, 0 ], [ 0, 1, 0, 0, 1, 0 ], [ 0, 1, 0, 0, -1, 0 ], [ 0, 1, 0, 0, 0, 1 ], [ 0, 1, 0, 0, 0, -1 ], [ 0, 0, 1, 1, 0, 0 ], [ 0, 0, 1, -1, 0, 0 ], [ 0, 0, 1, 0, 1, 0 ] ] ), rec(
candidateNumber := 3,
centralizerDimension := 6,
commonSingularChart := 1,
componentIndex := 1,
componentLabel := "Koike (3.4), generic index 1",
cubicInvariantDimension := 8,
determinantImageOrder := 6,
exactCommonLocusTest := rec(
coefficientFieldConductor := 1,
exitCode := 0,
singularChart := 1,
singularOutput := "CF_EXACT_COMMON_SINGULAR_CHART_1\nCF_EXACT_COMMON_SINGULAR_POINT\nCF_SCRIPT_COMPLETED_OK\n",
status := "common_singular_point_exists" ),
familyDimension := 2,
familyIndexWithinCase := 3,
genericIndex := 1,
guessedCoefficients := [ 2, 5, 10, 17, 26, 37, 50, 65 ],
guessedMemberTest := rec(
coefficientCandidates := [ [ 2, 5, 10, 17, 26, 37, 50, 65 ], [ 1, 1, 1, 1, 1, 1, 1, 1 ], [ 1, 2, 3, 4, 5, 6, 7, 8 ], [ 1, -2, 3, -4, 5, -6, 7, -8 ], [ 1, 0, 0, -1, 0, 0, 0, 3 ], [ 1, 0, 0, 0, 0, 0, 0, 0 ], [ 0, 1, 0, 0, 0, 0, 0, 0 ], [ 0, 0, 1, 0, 0, 0, 0, 0 ], [ 0, 0, 0, 1, 0, 0, 0, 0 ], [ 0, 0, 0, 0, 1, 0, 0, 0 ], [ 0, 0, 0, 0, 0, 1, 0, 0 ], [ 0, 0, 0, 0, 0, 0, 1, 0 ], [ 0, 0, 0, 0, 0, 0, 0, 1 ], [ 1, 1, 0, 0, 0, 0, 0, 0 ], [ 1, -1, 0, 0, 0, 0, 0, 0 ], [ 1, 0, 1, 0, 0, 0, 0, 0 ], [ 1, 0, -1, 0, 0, 0, 0, 0 ], [ 1, 0, 0, 1, 0, 0, 0, 0 ], [ 1, 0, 0, -1, 0, 0, 0, 0 ], [ 1, 0, 0, 0, 1, 0, 0, 0 ], [ 1, 0, 0, 0, -1, 0, 0, 0 ], [ 1, 0, 0, 0, 0, 1, 0, 0 ], [ 1, 0, 0, 0, 0, -1, 0, 0 ], [ 1, 0, 0, 0, 0, 0, 1, 0 ], [ 1, 0, 0, 0, 0, 0, -1, 0 ], [ 1, 0, 0, 0, 0, 0, 0, 1 ], [ 1, 0, 0, 0, 0, 0, 0, -1 ], [ 0, 1, 1, 0, 0, 0, 0, 0 ], [ 0, 1, -1, 0, 0, 0, 0, 0 ], [ 0, 1, 0, 1, 0, 0, 0, 0 ], [ 0, 1, 0, -1, 0, 0, 0, 0 ], [ 0, 1, 0, 0, 1, 0, 0, 0 ] ],
coefficientFieldConductor := 1,
exactTrials := [ rec(
coefficients := [ 2, 5, 10, 17, 26, 37, 50, 65 ],
trial := rec(
coefficientFieldConductor := 1,
exitCode := 0,
singularChart := 1,
singularOutput := "CF_EXACT_SINGULAR_CHART_1\nCF_EXACT_SINGULAR\nCF_SCRIPT_COMPLETED_OK\n",
status := "exact_singular" ) ), rec(
coefficients := [ 1, 1, 1, 1, 1, 1, 1, 1 ],
trial := rec(
coefficientFieldConductor := 1,
exitCode := 0,
singularChart := 1,
singularOutput := "CF_EXACT_SINGULAR_CHART_1\nCF_EXACT_SINGULAR\nCF_SCRIPT_COMPLETED_OK\n",
status := "exact_singular" ) ), rec(
coefficients := [ 1, 2, 3, 4, 5, 6, 7, 8 ],
trial := rec(
coefficientFieldConductor := 1,
exitCode := 0,
singularChart := 1,
singularOutput := "CF_EXACT_SINGULAR_CHART_1\nCF_EXACT_SINGULAR\nCF_SCRIPT_COMPLETED_OK\n",
status := "exact_singular" ) ), rec(
coefficients := [ 1, -2, 3, -4, 5, -6, 7, -8 ],
trial := rec(
coefficientFieldConductor := 1,
exitCode := 0,
singularChart := 1,
singularOutput := "CF_EXACT_SINGULAR_CHART_1\nCF_EXACT_SINGULAR\nCF_SCRIPT_COMPLETED_OK\n",
status := "exact_singular" ) ), rec(
coefficients := [ 1, 0, 0, -1, 0, 0, 0, 3 ],
trial := rec(
coefficientFieldConductor := 1,
exitCode := 0,
singularChart := 1,
singularOutput := "CF_EXACT_SINGULAR_CHART_1\nCF_EXACT_SINGULAR\nCF_SCRIPT_COMPLETED_OK\n",
status := "exact_singular" ) ), rec(
coefficients := [ 1, 0, 0, 0, 0, 0, 0, 0 ],
trial := rec(
coefficientFieldConductor := 1,
exitCode := 0,
singularChart := 1,
singularOutput := "CF_EXACT_SINGULAR_CHART_1\nCF_EXACT_SINGULAR\nCF_SCRIPT_COMPLETED_OK\n",
status := "exact_singular" ) ) ],
finiteFieldTrials := [ rec(
exitCode := 0,
numberOfMembersTested := 32,
prime := 5,
singularOutput := "CF_SINGULAR_MEMBER_1_END\nCF_SINGULAR_MEMBER_2_END\nCF_SINGULAR_MEMBER_3_END\nCF_SINGULAR_MEMBER_4_END\nCF_SINGULAR_MEMBER_5_END\nCF_SINGULAR_MEMBER_6_END\nCF_SINGULAR_MEMBER_7_END\nCF_SINGULAR_MEMBER_8_END\nCF_SINGULAR_MEMBER_9_END\nCF_SINGULAR_MEMBER_10_END\nCF_SINGULAR_MEMBER_11_END\nCF_SINGULAR_MEMBER_12_END\nCF_SINGULAR_MEMBER_13_END\nCF_SINGULAR_MEMBER_14_END\nCF_SINGULAR_MEMBER_15_END\nCF_SINGULAR_MEMBER_16_END\nCF_SINGULAR_MEMBER_17_END\nCF_SINGULAR_MEMBER_18_END\nCF_SINGULAR_MEMBER_19_END\nCF_SINGULAR_MEMBER_20_END\nCF_SINGULAR_MEMBER_21_END\nCF_SINGULAR_MEMBER_22_END\nCF_SINGULAR_MEMBER_23_END\nCF_SINGULAR_MEMBER_24_END\nCF_SINGULAR_MEMBER_25_END\nCF_SINGULAR_MEMBER_26_END\nCF_SINGULAR_MEMBER_27_END\nCF_SINGULAR_MEMBER_28_END\nCF_SINGULAR_MEMBER_29_END\nCF_SINGULAR_MEMBER_30_END\nCF_SINGULAR_MEMBER_31_END\nCF_SINGULAR_MEMBER_32_END\nCF_NO_SMOOTH_MEMBER\nCF_SCRIPT_COMPLETED_OK\n",
status := "no_smooth_in_batch",
witnessIndex := fail,
witnessVerificationPassed := false ), rec(
exitCode := 0,
numberOfMembersTested := 32,
prime := 7,
singularOutput := "CF_SINGULAR_MEMBER_1_END\nCF_SINGULAR_MEMBER_2_END\nCF_SINGULAR_MEMBER_3_END\nCF_SINGULAR_MEMBER_4_END\nCF_SINGULAR_MEMBER_5_END\nCF_SINGULAR_MEMBER_6_END\nCF_SINGULAR_MEMBER_7_END\nCF_SINGULAR_MEMBER_8_END\nCF_SINGULAR_MEMBER_9_END\nCF_SINGULAR_MEMBER_10_END\nCF_SINGULAR_MEMBER_11_END\nCF_SINGULAR_MEMBER_12_END\nCF_SINGULAR_MEMBER_13_END\nCF_SINGULAR_MEMBER_14_END\nCF_SINGULAR_MEMBER_15_END\nCF_SINGULAR_MEMBER_16_END\nCF_SINGULAR_MEMBER_17_END\nCF_SINGULAR_MEMBER_18_END\nCF_SINGULAR_MEMBER_19_END\nCF_SINGULAR_MEMBER_20_END\nCF_SINGULAR_MEMBER_21_END\nCF_SINGULAR_MEMBER_22_END\nCF_SINGULAR_MEMBER_23_END\nCF_SINGULAR_MEMBER_24_END\nCF_SINGULAR_MEMBER_25_END\nCF_SINGULAR_MEMBER_26_END\nCF_SINGULAR_MEMBER_27_END\nCF_SINGULAR_MEMBER_28_END\nCF_SINGULAR_MEMBER_29_END\nCF_SINGULAR_MEMBER_30_END\nCF_SINGULAR_MEMBER_31_END\nCF_SINGULAR_MEMBER_32_END\nCF_NO_SMOOTH_MEMBER\nCF_SCRIPT_COMPLETED_OK\n",
status := "no_smooth_in_batch",
witnessIndex := fail,
witnessVerificationPassed := false ), rec(
exitCode := 0,
numberOfMembersTested := 32,
prime := 11,
singularOutput := "CF_SINGULAR_MEMBER_1_END\nCF_SINGULAR_MEMBER_2_END\nCF_SINGULAR_MEMBER_3_END\nCF_SINGULAR_MEMBER_4_END\nCF_SINGULAR_MEMBER_5_END\nCF_SINGULAR_MEMBER_6_END\nCF_SINGULAR_MEMBER_7_END\nCF_SINGULAR_MEMBER_8_END\nCF_SINGULAR_MEMBER_9_END\nCF_SINGULAR_MEMBER_10_END\nCF_SINGULAR_MEMBER_11_END\nCF_SINGULAR_MEMBER_12_END\nCF_SINGULAR_MEMBER_13_END\nCF_SINGULAR_MEMBER_14_END\nCF_SINGULAR_MEMBER_15_END\nCF_SINGULAR_MEMBER_16_END\nCF_SINGULAR_MEMBER_17_END\nCF_SINGULAR_MEMBER_18_END\nCF_SINGULAR_MEMBER_19_END\nCF_SINGULAR_MEMBER_20_END\nCF_SINGULAR_MEMBER_21_END\nCF_SINGULAR_MEMBER_22_END\nCF_SINGULAR_MEMBER_23_END\nCF_SINGULAR_MEMBER_24_END\nCF_SINGULAR_MEMBER_25_END\nCF_SINGULAR_MEMBER_26_END\nCF_SINGULAR_MEMBER_27_END\nCF_SINGULAR_MEMBER_28_END\nCF_SINGULAR_MEMBER_29_END\nCF_SINGULAR_MEMBER_30_END\nCF_SINGULAR_MEMBER_31_END\nCF_SINGULAR_MEMBER_32_END\nCF_NO_SMOOTH_MEMBER\nCF_SCRIPT_COMPLETED_OK\n",
status := "no_smooth_in_batch",
witnessIndex := fail,
witnessVerificationPassed := false ) ],
method := "deterministic coefficient batch",
status := "no_smooth_witness" ),
guessedPolynomial := "(14375285/78732)*x6^3 + (-612931/13122)*x5*x6^2 + (54373/13122)*x5^2*x6 + (2734/19683)*x5^3 + (2)*x4^3 + (5)*x3*x4^2 + (10)*x3^2*x4 + (17)*x3^3 + (20336/171)*x2*x4*x6 + (208/9)*x2*x4*x5 + (296/9)*x2*x3*x6 + (400/9)*x2*x3*x5 + (33280/729)*x2^3 + (2542/19)*x1*x4*x6 + (26)*x1*x4*x5 + (37)*x1*x3*x6 + (50)*x1*x3*x5 + (4160/27)*x1*x2^2 + (520/3)*x1^2*x2 + (65)*x1^3",
isDirectKnownCase := false,
linearGId := [ 54, 12 ],
projectiveGId := [ 18, 3 ],
proofType := "the invariant basis has a nonempty exact common projective Jacobian locus",
status := "singular",
symplecticPart := "C3",
testedCoefficientCandidates := [ [ 2, 5, 10, 17, 26, 37, 50, 65 ], [ 1, 1, 1, 1, 1, 1, 1, 1 ], [ 1, 2, 3, 4, 5, 6, 7, 8 ], [ 1, -2, 3, -4, 5, -6, 7, -8 ], [ 1, 0, 0, -1, 0, 0, 0, 3 ], [ 1, 0, 0, 0, 0, 0, 0, 0 ], [ 0, 1, 0, 0, 0, 0, 0, 0 ], [ 0, 0, 1, 0, 0, 0, 0, 0 ], [ 0, 0, 0, 1, 0, 0, 0, 0 ], [ 0, 0, 0, 0, 1, 0, 0, 0 ], [ 0, 0, 0, 0, 0, 1, 0, 0 ], [ 0, 0, 0, 0, 0, 0, 1, 0 ], [ 0, 0, 0, 0, 0, 0, 0, 1 ], [ 1, 1, 0, 0, 0, 0, 0, 0 ], [ 1, -1, 0, 0, 0, 0, 0, 0 ], [ 1, 0, 1, 0, 0, 0, 0, 0 ], [ 1, 0, -1, 0, 0, 0, 0, 0 ], [ 1, 0, 0, 1, 0, 0, 0, 0 ], [ 1, 0, 0, -1, 0, 0, 0, 0 ], [ 1, 0, 0, 0, 1, 0, 0, 0 ], [ 1, 0, 0, 0, -1, 0, 0, 0 ], [ 1, 0, 0, 0, 0, 1, 0, 0 ], [ 1, 0, 0, 0, 0, -1, 0, 0 ], [ 1, 0, 0, 0, 0, 0, 1, 0 ], [ 1, 0, 0, 0, 0, 0, -1, 0 ], [ 1, 0, 0, 0, 0, 0, 0, 1 ], [ 1, 0, 0, 0, 0, 0, 0, -1 ], [ 0, 1, 1, 0, 0, 0, 0, 0 ], [ 0, 1, -1, 0, 0, 0, 0, 0 ], [ 0, 1, 0, 1, 0, 0, 0, 0 ], [ 0, 1, 0, -1, 0, 0, 0, 0 ], [ 0, 1, 0, 0, 1, 0, 0, 0 ] ] ), rec(
candidateNumber := 4,
centralizerDimension := 6,
commonSingularChart := 1,
componentIndex := 1,
componentLabel := "Koike (3.4), generic index 1",
cubicInvariantDimension := 6,
determinantImageOrder := 6,
exactCommonLocusTest := rec(
coefficientFieldConductor := 1,
exitCode := 0,
singularChart := 1,
singularOutput := "CF_EXACT_COMMON_SINGULAR_CHART_1\nCF_EXACT_COMMON_SINGULAR_POINT\nCF_SCRIPT_COMPLETED_OK\n",
status := "common_singular_point_exists" ),
familyDimension := 0,
familyIndexWithinCase := 4,
genericIndex := 1,
guessedCoefficients := [ 2, 5, 10, 17, 26, 37 ],
guessedMemberTest := rec(
coefficientCandidates := [ [ 2, 5, 10, 17, 26, 37 ], [ 1, 1, 1, 1, 1, 1 ], [ 1, 2, 3, 4, 5, 6 ], [ 1, -2, 3, -4, 5, -6 ], [ 1, 0, -1, 0, 0, 3 ], [ 1, 0, 0, 0, 0, 0 ], [ 0, 1, 0, 0, 0, 0 ], [ 0, 0, 1, 0, 0, 0 ], [ 0, 0, 0, 1, 0, 0 ], [ 0, 0, 0, 0, 1, 0 ], [ 0, 0, 0, 0, 0, 1 ], [ 1, 1, 0, 0, 0, 0 ], [ 1, -1, 0, 0, 0, 0 ], [ 1, 0, 1, 0, 0, 0 ], [ 1, 0, -1, 0, 0, 0 ], [ 1, 0, 0, 1, 0, 0 ], [ 1, 0, 0, -1, 0, 0 ], [ 1, 0, 0, 0, 1, 0 ], [ 1, 0, 0, 0, -1, 0 ], [ 1, 0, 0, 0, 0, 1 ], [ 1, 0, 0, 0, 0, -1 ], [ 0, 1, 1, 0, 0, 0 ], [ 0, 1, -1, 0, 0, 0 ], [ 0, 1, 0, 1, 0, 0 ], [ 0, 1, 0, -1, 0, 0 ], [ 0, 1, 0, 0, 1, 0 ], [ 0, 1, 0, 0, -1, 0 ], [ 0, 1, 0, 0, 0, 1 ], [ 0, 1, 0, 0, 0, -1 ], [ 0, 0, 1, 1, 0, 0 ], [ 0, 0, 1, -1, 0, 0 ], [ 0, 0, 1, 0, 1, 0 ] ],
coefficientFieldConductor := 1,
exactTrials := [ rec(
coefficients := [ 2, 5, 10, 17, 26, 37 ],
trial := rec(
coefficientFieldConductor := 1,
exitCode := 0,
singularChart := 1,
singularOutput := "CF_EXACT_SINGULAR_CHART_1\nCF_EXACT_SINGULAR\nCF_SCRIPT_COMPLETED_OK\n",
status := "exact_singular" ) ), rec(
coefficients := [ 1, 1, 1, 1, 1, 1 ],
trial := rec(
coefficientFieldConductor := 1,
exitCode := 0,
singularChart := 1,
singularOutput := "CF_EXACT_SINGULAR_CHART_1\nCF_EXACT_SINGULAR\nCF_SCRIPT_COMPLETED_OK\n",
status := "exact_singular" ) ), rec(
coefficients := [ 1, 2, 3, 4, 5, 6 ],
trial := rec(
coefficientFieldConductor := 1,
exitCode := 0,
singularChart := 1,
singularOutput := "CF_EXACT_SINGULAR_CHART_1\nCF_EXACT_SINGULAR\nCF_SCRIPT_COMPLETED_OK\n",
status := "exact_singular" ) ), rec(
coefficients := [ 1, -2, 3, -4, 5, -6 ],
trial := rec(
coefficientFieldConductor := 1,
exitCode := 0,
singularChart := 1,
singularOutput := "CF_EXACT_SINGULAR_CHART_1\nCF_EXACT_SINGULAR\nCF_SCRIPT_COMPLETED_OK\n",
status := "exact_singular" ) ), rec(
coefficients := [ 1, 0, -1, 0, 0, 3 ],
trial := rec(
coefficientFieldConductor := 1,
exitCode := 0,
singularChart := 1,
singularOutput := "CF_EXACT_SINGULAR_CHART_1\nCF_EXACT_SINGULAR\nCF_SCRIPT_COMPLETED_OK\n",
status := "exact_singular" ) ), rec(
coefficients := [ 1, 0, 0, 0, 0, 0 ],
trial := rec(
coefficientFieldConductor := 1,
exitCode := 0,
singularChart := 1,
singularOutput := "CF_EXACT_SINGULAR_CHART_1\nCF_EXACT_SINGULAR\nCF_SCRIPT_COMPLETED_OK\n",
status := "exact_singular" ) ) ],
finiteFieldTrials := [ rec(
exitCode := 0,
numberOfMembersTested := 32,
prime := 5,
singularOutput := "CF_SINGULAR_MEMBER_1_END\nCF_SINGULAR_MEMBER_2_END\nCF_SINGULAR_MEMBER_3_END\nCF_SINGULAR_MEMBER_4_END\nCF_SINGULAR_MEMBER_5_END\nCF_SINGULAR_MEMBER_6_END\nCF_SINGULAR_MEMBER_7_END\nCF_SINGULAR_MEMBER_8_END\nCF_SINGULAR_MEMBER_9_END\nCF_SINGULAR_MEMBER_10_END\nCF_SINGULAR_MEMBER_11_END\nCF_SINGULAR_MEMBER_12_END\nCF_SINGULAR_MEMBER_13_END\nCF_SINGULAR_MEMBER_14_END\nCF_SINGULAR_MEMBER_15_END\nCF_SINGULAR_MEMBER_16_END\nCF_SINGULAR_MEMBER_17_END\nCF_SINGULAR_MEMBER_18_END\nCF_SINGULAR_MEMBER_19_END\nCF_SINGULAR_MEMBER_20_END\nCF_SINGULAR_MEMBER_21_END\nCF_SINGULAR_MEMBER_22_END\nCF_SINGULAR_MEMBER_23_END\nCF_SINGULAR_MEMBER_24_END\nCF_SINGULAR_MEMBER_25_END\nCF_SINGULAR_MEMBER_26_END\nCF_SINGULAR_MEMBER_27_END\nCF_SINGULAR_MEMBER_28_END\nCF_SINGULAR_MEMBER_29_END\nCF_SINGULAR_MEMBER_30_END\nCF_SINGULAR_MEMBER_31_END\nCF_SINGULAR_MEMBER_32_END\nCF_NO_SMOOTH_MEMBER\nCF_SCRIPT_COMPLETED_OK\n",
status := "no_smooth_in_batch",
witnessIndex := fail,
witnessVerificationPassed := false ), rec(
exitCode := 0,
numberOfMembersTested := 32,
prime := 7,
singularOutput := "CF_SINGULAR_MEMBER_1_END\nCF_SINGULAR_MEMBER_2_END\nCF_SINGULAR_MEMBER_3_END\nCF_SINGULAR_MEMBER_4_END\nCF_SINGULAR_MEMBER_5_END\nCF_SINGULAR_MEMBER_6_END\nCF_SINGULAR_MEMBER_7_END\nCF_SINGULAR_MEMBER_8_END\nCF_SINGULAR_MEMBER_9_END\nCF_SINGULAR_MEMBER_10_END\nCF_SINGULAR_MEMBER_11_END\nCF_SINGULAR_MEMBER_12_END\nCF_SINGULAR_MEMBER_13_END\nCF_SINGULAR_MEMBER_14_END\nCF_SINGULAR_MEMBER_15_END\nCF_SINGULAR_MEMBER_16_END\nCF_SINGULAR_MEMBER_17_END\nCF_SINGULAR_MEMBER_18_END\nCF_SINGULAR_MEMBER_19_END\nCF_SINGULAR_MEMBER_20_END\nCF_SINGULAR_MEMBER_21_END\nCF_SINGULAR_MEMBER_22_END\nCF_SINGULAR_MEMBER_23_END\nCF_SINGULAR_MEMBER_24_END\nCF_SINGULAR_MEMBER_25_END\nCF_SINGULAR_MEMBER_26_END\nCF_SINGULAR_MEMBER_27_END\nCF_SINGULAR_MEMBER_28_END\nCF_SINGULAR_MEMBER_29_END\nCF_SINGULAR_MEMBER_30_END\nCF_SINGULAR_MEMBER_31_END\nCF_SINGULAR_MEMBER_32_END\nCF_NO_SMOOTH_MEMBER\nCF_SCRIPT_COMPLETED_OK\n",
status := "no_smooth_in_batch",
witnessIndex := fail,
witnessVerificationPassed := false ), rec(
exitCode := 0,
numberOfMembersTested := 32,
prime := 11,
singularOutput := "CF_SINGULAR_MEMBER_1_END\nCF_SINGULAR_MEMBER_2_END\nCF_SINGULAR_MEMBER_3_END\nCF_SINGULAR_MEMBER_4_END\nCF_SINGULAR_MEMBER_5_END\nCF_SINGULAR_MEMBER_6_END\nCF_SINGULAR_MEMBER_7_END\nCF_SINGULAR_MEMBER_8_END\nCF_SINGULAR_MEMBER_9_END\nCF_SINGULAR_MEMBER_10_END\nCF_SINGULAR_MEMBER_11_END\nCF_SINGULAR_MEMBER_12_END\nCF_SINGULAR_MEMBER_13_END\nCF_SINGULAR_MEMBER_14_END\nCF_SINGULAR_MEMBER_15_END\nCF_SINGULAR_MEMBER_16_END\nCF_SINGULAR_MEMBER_17_END\nCF_SINGULAR_MEMBER_18_END\nCF_SINGULAR_MEMBER_19_END\nCF_SINGULAR_MEMBER_20_END\nCF_SINGULAR_MEMBER_21_END\nCF_SINGULAR_MEMBER_22_END\nCF_SINGULAR_MEMBER_23_END\nCF_SINGULAR_MEMBER_24_END\nCF_SINGULAR_MEMBER_25_END\nCF_SINGULAR_MEMBER_26_END\nCF_SINGULAR_MEMBER_27_END\nCF_SINGULAR_MEMBER_28_END\nCF_SINGULAR_MEMBER_29_END\nCF_SINGULAR_MEMBER_30_END\nCF_SINGULAR_MEMBER_31_END\nCF_SINGULAR_MEMBER_32_END\nCF_NO_SMOOTH_MEMBER\nCF_SCRIPT_COMPLETED_OK\n",
status := "no_smooth_in_batch",
witnessIndex := fail,
witnessVerificationPassed := false ) ],
method := "deterministic coefficient batch",
status := "no_smooth_witness" ),
guessedPolynomial := "(14375285/78732)*x6^3 + (-612931/13122)*x5*x6^2 + (54373/13122)*x5^2*x6 + (2734/19683)*x5^3 + (2)*x4^3 + (5)*x3*x4^2 + (10)*x3^2*x4 + (17)*x3^3 + (182)*x2*x4*x6 + (-416/19)*x2*x4*x5 + (2158/19)*x2*x3*x6 + (-52)*x2*x3*x5 + (18944/729)*x2^3 + (-91)*x1*x4*x6 + (208/19)*x1*x4*x5 + (-1079/19)*x1*x3*x6 + (26)*x1*x3*x5 + (2368/27)*x1*x2^2 + (296/3)*x1^2*x2 + (37)*x1^3",
isDirectKnownCase := false,
linearGId := [ 54, 12 ],
projectiveGId := [ 18, 3 ],
proofType := "the invariant basis has a nonempty exact common projective Jacobian locus",
status := "singular",
symplecticPart := "C3",
testedCoefficientCandidates := [ [ 2, 5, 10, 17, 26, 37 ], [ 1, 1, 1, 1, 1, 1 ], [ 1, 2, 3, 4, 5, 6 ], [ 1, -2, 3, -4, 5, -6 ], [ 1, 0, -1, 0, 0, 3 ], [ 1, 0, 0, 0, 0, 0 ], [ 0, 1, 0, 0, 0, 0 ], [ 0, 0, 1, 0, 0, 0 ], [ 0, 0, 0, 1, 0, 0 ], [ 0, 0, 0, 0, 1, 0 ], [ 0, 0, 0, 0, 0, 1 ], [ 1, 1, 0, 0, 0, 0 ], [ 1, -1, 0, 0, 0, 0 ], [ 1, 0, 1, 0, 0, 0 ], [ 1, 0, -1, 0, 0, 0 ], [ 1, 0, 0, 1, 0, 0 ], [ 1, 0, 0, -1, 0, 0 ], [ 1, 0, 0, 0, 1, 0 ], [ 1, 0, 0, 0, -1, 0 ], [ 1, 0, 0, 0, 0, 1 ], [ 1, 0, 0, 0, 0, -1 ], [ 0, 1, 1, 0, 0, 0 ], [ 0, 1, -1, 0, 0, 0 ], [ 0, 1, 0, 1, 0, 0 ], [ 0, 1, 0, -1, 0, 0 ], [ 0, 1, 0, 0, 1, 0 ], [ 0, 1, 0, 0, -1, 0 ], [ 0, 1, 0, 0, 0, 1 ], [ 0, 1, 0, 0, 0, -1 ], [ 0, 0, 1, 1, 0, 0 ], [ 0, 0, 1, -1, 0, 0 ], [ 0, 0, 1, 0, 1, 0 ] ] ), rec(
candidateNumber := 5,
centralizerDimension := 4,
commonSingularChart := 1,
componentIndex := 1,
componentLabel := "Koike (3.4), generic index 1",
cubicInvariantDimension := 5,
determinantImageOrder := 6,
exactCommonLocusTest := rec(
coefficientFieldConductor := 3,
exitCode := 0,
singularChart := 1,
singularOutput := "CF_EXACT_COMMON_SINGULAR_CHART_1\nCF_EXACT_COMMON_SINGULAR_POINT\nCF_SCRIPT_COMPLETED_OK\n",
status := "common_singular_point_exists" ),
familyDimension := 1,
familyIndexWithinCase := 5,
genericIndex := 1,
guessedCoefficients := [ 2, 5, 10, 17, 26 ],
guessedMemberTest := rec(
coefficientCandidates := [ [ 2, 5, 10, 17, 26 ], [ 1, 1, 1, 1, 1 ], [ 1, 2, 3, 4, 5 ], [ 1, -2, 3, -4, 5 ], [ 1, 0, -1, 0, 3 ], [ 1, 0, 0, 0, 0 ], [ 0, 1, 0, 0, 0 ], [ 0, 0, 1, 0, 0 ], [ 0, 0, 0, 1, 0 ], [ 0, 0, 0, 0, 1 ], [ 1, 1, 0, 0, 0 ], [ 1, -1, 0, 0, 0 ], [ 1, 0, 1, 0, 0 ], [ 1, 0, -1, 0, 0 ], [ 1, 0, 0, 1, 0 ], [ 1, 0, 0, -1, 0 ], [ 1, 0, 0, 0, 1 ], [ 1, 0, 0, 0, -1 ], [ 0, 1, 1, 0, 0 ], [ 0, 1, -1, 0, 0 ], [ 0, 1, 0, 1, 0 ], [ 0, 1, 0, -1, 0 ], [ 0, 1, 0, 0, 1 ], [ 0, 1, 0, 0, -1 ], [ 0, 0, 1, 1, 0 ], [ 0, 0, 1, -1, 0 ], [ 0, 0, 1, 0, 1 ], [ 0, 0, 1, 0, -1 ], [ 0, 0, 0, 1, 1 ], [ 0, 0, 0, 1, -1 ], [ 8, -7, -8, -6, 8 ], [ 5, -1, -5, 4, -3 ] ],
coefficientFieldConductor := 3,
exactTrials := [ rec(
coefficients := [ 2, 5, 10, 17, 26 ],
trial := rec(
coefficientFieldConductor := 3,
exitCode := 0,
singularChart := 1,
singularOutput := "CF_EXACT_SINGULAR_CHART_1\nCF_EXACT_SINGULAR\nCF_SCRIPT_COMPLETED_OK\n",
status := "exact_singular" ) ), rec(
coefficients := [ 1, 1, 1, 1, 1 ],
trial := rec(
coefficientFieldConductor := 3,
exitCode := 0,
singularChart := 1,
singularOutput := "CF_EXACT_SINGULAR_CHART_1\nCF_EXACT_SINGULAR\nCF_SCRIPT_COMPLETED_OK\n",
status := "exact_singular" ) ), rec(
coefficients := [ 1, 2, 3, 4, 5 ],
trial := rec(
coefficientFieldConductor := 3,
exitCode := 0,
singularChart := 1,
singularOutput := "CF_EXACT_SINGULAR_CHART_1\nCF_EXACT_SINGULAR\nCF_SCRIPT_COMPLETED_OK\n",
status := "exact_singular" ) ), rec(
coefficients := [ 1, -2, 3, -4, 5 ],
trial := rec(
coefficientFieldConductor := 3,
exitCode := 0,
singularChart := 1,
singularOutput := "CF_EXACT_SINGULAR_CHART_1\nCF_EXACT_SINGULAR\nCF_SCRIPT_COMPLETED_OK\n",
status := "exact_singular" ) ), rec(
coefficients := [ 1, 0, -1, 0, 3 ],
trial := rec(
coefficientFieldConductor := 3,
exitCode := 0,
singularChart := 1,
singularOutput := "CF_EXACT_SINGULAR_CHART_1\nCF_EXACT_SINGULAR\nCF_SCRIPT_COMPLETED_OK\n",
status := "exact_singular" ) ), rec(
coefficients := [ 1, 0, 0, 0, 0 ],
trial := rec(
coefficientFieldConductor := 3,
exitCode := 0,
singularChart := 1,
singularOutput := "CF_EXACT_SINGULAR_CHART_1\nCF_EXACT_SINGULAR\nCF_SCRIPT_COMPLETED_OK\n",
status := "exact_singular" ) ) ],
finiteFieldTrials := [ rec(
exitCode := 0,
numberOfMembersTested := 32,
prime := 7,
singularOutput := "CF_SINGULAR_MEMBER_1_END\nCF_SINGULAR_MEMBER_2_END\nCF_SINGULAR_MEMBER_3_END\nCF_SINGULAR_MEMBER_4_END\nCF_SINGULAR_MEMBER_5_END\nCF_SINGULAR_MEMBER_6_END\nCF_SINGULAR_MEMBER_7_END\nCF_SINGULAR_MEMBER_8_END\nCF_SINGULAR_MEMBER_9_END\nCF_SINGULAR_MEMBER_10_END\nCF_SINGULAR_MEMBER_11_END\nCF_SINGULAR_MEMBER_12_END\nCF_SINGULAR_MEMBER_13_END\nCF_SINGULAR_MEMBER_14_END\nCF_SINGULAR_MEMBER_15_END\nCF_SINGULAR_MEMBER_16_END\nCF_SINGULAR_MEMBER_17_END\nCF_SINGULAR_MEMBER_18_END\nCF_SINGULAR_MEMBER_19_END\nCF_SINGULAR_MEMBER_20_END\nCF_SINGULAR_MEMBER_21_END\nCF_SINGULAR_MEMBER_22_END\nCF_SINGULAR_MEMBER_23_END\nCF_SINGULAR_MEMBER_24_END\nCF_SINGULAR_MEMBER_25_END\nCF_SINGULAR_MEMBER_26_END\nCF_SINGULAR_MEMBER_27_END\nCF_SINGULAR_MEMBER_28_END\nCF_SINGULAR_MEMBER_29_END\nCF_SINGULAR_MEMBER_30_END\nCF_SINGULAR_MEMBER_31_END\nCF_SINGULAR_MEMBER_32_END\nCF_NO_SMOOTH_MEMBER\nCF_SCRIPT_COMPLETED_OK\n",
status := "no_smooth_in_batch",
witnessIndex := fail,
witnessVerificationPassed := false ), rec(
exitCode := 0,
numberOfMembersTested := 32,
prime := 13,
singularOutput := "CF_SINGULAR_MEMBER_1_END\nCF_SINGULAR_MEMBER_2_END\nCF_SINGULAR_MEMBER_3_END\nCF_SINGULAR_MEMBER_4_END\nCF_SINGULAR_MEMBER_5_END\nCF_SINGULAR_MEMBER_6_END\nCF_SINGULAR_MEMBER_7_END\nCF_SINGULAR_MEMBER_8_END\nCF_SINGULAR_MEMBER_9_END\nCF_SINGULAR_MEMBER_10_END\nCF_SINGULAR_MEMBER_11_END\nCF_SINGULAR_MEMBER_12_END\nCF_SINGULAR_MEMBER_13_END\nCF_SINGULAR_MEMBER_14_END\nCF_SINGULAR_MEMBER_15_END\nCF_SINGULAR_MEMBER_16_END\nCF_SINGULAR_MEMBER_17_END\nCF_SINGULAR_MEMBER_18_END\nCF_SINGULAR_MEMBER_19_END\nCF_SINGULAR_MEMBER_20_END\nCF_SINGULAR_MEMBER_21_END\nCF_SINGULAR_MEMBER_22_END\nCF_SINGULAR_MEMBER_23_END\nCF_SINGULAR_MEMBER_24_END\nCF_SINGULAR_MEMBER_25_END\nCF_SINGULAR_MEMBER_26_END\nCF_SINGULAR_MEMBER_27_END\nCF_SINGULAR_MEMBER_28_END\nCF_SINGULAR_MEMBER_29_END\nCF_SINGULAR_MEMBER_30_END\nCF_SINGULAR_MEMBER_31_END\nCF_SINGULAR_MEMBER_32_END\nCF_NO_SMOOTH_MEMBER\nCF_SCRIPT_COMPLETED_OK\n",
status := "no_smooth_in_batch",
witnessIndex := fail,
witnessVerificationPassed := false ), rec(
exitCode := 0,
numberOfMembersTested := 32,
prime := 19,
singularOutput := "CF_SINGULAR_MEMBER_1_END\nCF_SINGULAR_MEMBER_2_END\nCF_SINGULAR_MEMBER_3_END\nCF_SINGULAR_MEMBER_4_END\nCF_SINGULAR_MEMBER_5_END\nCF_SINGULAR_MEMBER_6_END\nCF_SINGULAR_MEMBER_7_END\nCF_SINGULAR_MEMBER_8_END\nCF_SINGULAR_MEMBER_9_END\nCF_SINGULAR_MEMBER_10_END\nCF_SINGULAR_MEMBER_11_END\nCF_SINGULAR_MEMBER_12_END\nCF_SINGULAR_MEMBER_13_END\nCF_SINGULAR_MEMBER_14_END\nCF_SINGULAR_MEMBER_15_END\nCF_SINGULAR_MEMBER_16_END\nCF_SINGULAR_MEMBER_17_END\nCF_SINGULAR_MEMBER_18_END\nCF_SINGULAR_MEMBER_19_END\nCF_SINGULAR_MEMBER_20_END\nCF_SINGULAR_MEMBER_21_END\nCF_SINGULAR_MEMBER_22_END\nCF_SINGULAR_MEMBER_23_END\nCF_SINGULAR_MEMBER_24_END\nCF_SINGULAR_MEMBER_25_END\nCF_SINGULAR_MEMBER_26_END\nCF_SINGULAR_MEMBER_27_END\nCF_SINGULAR_MEMBER_28_END\nCF_SINGULAR_MEMBER_29_END\nCF_SINGULAR_MEMBER_30_END\nCF_SINGULAR_MEMBER_31_END\nCF_SINGULAR_MEMBER_32_END\nCF_NO_SMOOTH_MEMBER\nCF_SCRIPT_COMPLETED_OK\n",
status := "no_smooth_in_batch",
witnessIndex := fail,
witnessVerificationPassed := false ) ],
method := "deterministic coefficient batch",
status := "no_smooth_witness" ),
guessedPolynomial := "(24259157609/406467072)*x6^3 + (-1183318513/67744512)*x5*x6^2 + (63400121/33872256)*x5^2*x6 + (-2565121/50808384)*x5^3 + (1431/7744)*x4^3 + (65/88)*x3*x4^2 + (2)*x3^2*x4 + (5)*x3^3 + (68600/363*E(3)+3400/297*E(3)^2)*x2*x4*x6 + (-5672/363*E(3)+632/297*E(3)^2)*x2*x4*x5 + (13400/33*E(3)+3400/27*E(3)^2)*x2*x3*x6 + (-152/33*E(3)+632/27*E(3)^2)*x2*x3*x5 + (13312/729)*x2^3 + (-9310/121*E(3)-10/11*E(3)^2)*x1*x4*x6 + (733/121*E(3)-17/11*E(3)^2)*x1*x4*x5 + (10)*x1*x3*x6 + (17)*x1*x3*x5 + (1664/27)*x1*x2^2 + (208/3)*x1^2*x2 + (26)*x1^3",
isDirectKnownCase := false,
linearGId := [ 54, 12 ],
projectiveGId := [ 18, 3 ],
proofType := "the invariant basis has a nonempty exact common projective Jacobian locus",
status := "singular",
symplecticPart := "C3",
testedCoefficientCandidates := [ [ 2, 5, 10, 17, 26 ], [ 1, 1, 1, 1, 1 ], [ 1, 2, 3, 4, 5 ], [ 1, -2, 3, -4, 5 ], [ 1, 0, -1, 0, 3 ], [ 1, 0, 0, 0, 0 ], [ 0, 1, 0, 0, 0 ], [ 0, 0, 1, 0, 0 ], [ 0, 0, 0, 1, 0 ], [ 0, 0, 0, 0, 1 ], [ 1, 1, 0, 0, 0 ], [ 1, -1, 0, 0, 0 ], [ 1, 0, 1, 0, 0 ], [ 1, 0, -1, 0, 0 ], [ 1, 0, 0, 1, 0 ], [ 1, 0, 0, -1, 0 ], [ 1, 0, 0, 0, 1 ], [ 1, 0, 0, 0, -1 ], [ 0, 1, 1, 0, 0 ], [ 0, 1, -1, 0, 0 ], [ 0, 1, 0, 1, 0 ], [ 0, 1, 0, -1, 0 ], [ 0, 1, 0, 0, 1 ], [ 0, 1, 0, 0, -1 ], [ 0, 0, 1, 1, 0 ], [ 0, 0, 1, -1, 0 ], [ 0, 0, 1, 0, 1 ], [ 0, 0, 1, 0, -1 ], [ 0, 0, 0, 1, 1 ], [ 0, 0, 0, 1, -1 ], [ 8, -7, -8, -6, 8 ], [ 5, -1, -5, 4, -3 ] ] ), rec(
candidateNumber := 6,
centralizerDimension := 4,
commonSingularChart := 1,
componentIndex := 1,
componentLabel := "Koike (3.4), generic index 1",
cubicInvariantDimension := 4,
determinantImageOrder := 6,
exactCommonLocusTest := rec(
coefficientFieldConductor := 3,
exitCode := 0,
singularChart := 1,
singularOutput := "CF_EXACT_COMMON_SINGULAR_CHART_1\nCF_EXACT_COMMON_SINGULAR_POINT\nCF_SCRIPT_COMPLETED_OK\n",
status := "common_singular_point_exists" ),
familyDimension := 0,
familyIndexWithinCase := 6,
genericIndex := 1,
guessedCoefficients := [ 2, 5, 10, 17 ],
guessedMemberTest := rec(
coefficientCandidates := [ [ 2, 5, 10, 17 ], [ 1, 1, 1, 1 ], [ 1, 2, 3, 4 ], [ 1, -2, 3, -4 ], [ 1, -1, 0, 3 ], [ 1, 0, 0, 0 ], [ 0, 1, 0, 0 ], [ 0, 0, 1, 0 ], [ 0, 0, 0, 1 ], [ 1, 1, 0, 0 ], [ 1, -1, 0, 0 ], [ 1, 0, 1, 0 ], [ 1, 0, -1, 0 ], [ 1, 0, 0, 1 ], [ 1, 0, 0, -1 ], [ 0, 1, 1, 0 ], [ 0, 1, -1, 0 ], [ 0, 1, 0, 1 ], [ 0, 1, 0, -1 ], [ 0, 0, 1, 1 ], [ 0, 0, 1, -1 ], [ -6, 10, 6, -11 ], [ -10, 10, 9, 1 ], [ -5, -2, -3, -10 ], [ -9, -7, 3, 10 ], [ -1, -3, -2, -5 ], [ -1, -5, 11, 6 ], [ 1, -7, 7, 9 ], [ -2, 4, 1, -7 ], [ -9, -7, 3, -5 ], [ 1, -1, -6, -2 ], [ -9, 6, -1, 9 ] ],
coefficientFieldConductor := 3,
exactTrials := [ rec(
coefficients := [ 2, 5, 10, 17 ],
trial := rec(
coefficientFieldConductor := 3,
exitCode := 0,
singularChart := 1,
singularOutput := "CF_EXACT_SINGULAR_CHART_1\nCF_EXACT_SINGULAR\nCF_SCRIPT_COMPLETED_OK\n",
status := "exact_singular" ) ), rec(
coefficients := [ 1, 1, 1, 1 ],
trial := rec(
coefficientFieldConductor := 3,
exitCode := 0,
singularChart := 1,
singularOutput := "CF_EXACT_SINGULAR_CHART_1\nCF_EXACT_SINGULAR\nCF_SCRIPT_COMPLETED_OK\n",
status := "exact_singular" ) ), rec(
coefficients := [ 1, 2, 3, 4 ],
trial := rec(
coefficientFieldConductor := 3,
exitCode := 0,
singularChart := 1,
singularOutput := "CF_EXACT_SINGULAR_CHART_1\nCF_EXACT_SINGULAR\nCF_SCRIPT_COMPLETED_OK\n",
status := "exact_singular" ) ), rec(
coefficients := [ 1, -2, 3, -4 ],
trial := rec(
coefficientFieldConductor := 3,
exitCode := 0,
singularChart := 1,
singularOutput := "CF_EXACT_SINGULAR_CHART_1\nCF_EXACT_SINGULAR\nCF_SCRIPT_COMPLETED_OK\n",
status := "exact_singular" ) ), rec(
coefficients := [ 1, -1, 0, 3 ],
trial := rec(
coefficientFieldConductor := 3,
exitCode := 0,
singularChart := 1,
singularOutput := "CF_EXACT_SINGULAR_CHART_1\nCF_EXACT_SINGULAR\nCF_SCRIPT_COMPLETED_OK\n",
status := "exact_singular" ) ), rec(
coefficients := [ 1, 0, 0, 0 ],
trial := rec(
coefficientFieldConductor := 3,
exitCode := 0,
singularChart := 1,
singularOutput := "CF_EXACT_SINGULAR_CHART_1\nCF_EXACT_SINGULAR\nCF_SCRIPT_COMPLETED_OK\n",
status := "exact_singular" ) ) ],
finiteFieldTrials := [ rec(
exitCode := 0,
numberOfMembersTested := 32,
prime := 19,
singularOutput := "CF_SINGULAR_MEMBER_1_END\nCF_SINGULAR_MEMBER_2_END\nCF_SINGULAR_MEMBER_3_END\nCF_SINGULAR_MEMBER_4_END\nCF_SINGULAR_MEMBER_5_END\nCF_SINGULAR_MEMBER_6_END\nCF_SINGULAR_MEMBER_7_END\nCF_SINGULAR_MEMBER_8_END\nCF_SINGULAR_MEMBER_9_END\nCF_SINGULAR_MEMBER_10_END\nCF_SINGULAR_MEMBER_11_END\nCF_SINGULAR_MEMBER_12_END\nCF_SINGULAR_MEMBER_13_END\nCF_SINGULAR_MEMBER_14_END\nCF_SINGULAR_MEMBER_15_END\nCF_SINGULAR_MEMBER_16_END\nCF_SINGULAR_MEMBER_17_END\nCF_SINGULAR_MEMBER_18_END\nCF_SINGULAR_MEMBER_19_END\nCF_SINGULAR_MEMBER_20_END\nCF_SINGULAR_MEMBER_21_END\nCF_SINGULAR_MEMBER_22_END\nCF_SINGULAR_MEMBER_23_END\nCF_SINGULAR_MEMBER_24_END\nCF_SINGULAR_MEMBER_25_END\nCF_SINGULAR_MEMBER_26_END\nCF_SINGULAR_MEMBER_27_END\nCF_SINGULAR_MEMBER_28_END\nCF_SINGULAR_MEMBER_29_END\nCF_SINGULAR_MEMBER_30_END\nCF_SINGULAR_MEMBER_31_END\nCF_SINGULAR_MEMBER_32_END\nCF_NO_SMOOTH_MEMBER\nCF_SCRIPT_COMPLETED_OK\n",
status := "no_smooth_in_batch",
witnessIndex := fail,
witnessVerificationPassed := false ), rec(
exitCode := 0,
numberOfMembersTested := 32,
prime := 31,
singularOutput := "CF_SINGULAR_MEMBER_1_END\nCF_SINGULAR_MEMBER_2_END\nCF_SINGULAR_MEMBER_3_END\nCF_SINGULAR_MEMBER_4_END\nCF_SINGULAR_MEMBER_5_END\nCF_SINGULAR_MEMBER_6_END\nCF_SINGULAR_MEMBER_7_END\nCF_SINGULAR_MEMBER_8_END\nCF_SINGULAR_MEMBER_9_END\nCF_SINGULAR_MEMBER_10_END\nCF_SINGULAR_MEMBER_11_END\nCF_SINGULAR_MEMBER_12_END\nCF_SINGULAR_MEMBER_13_END\nCF_SINGULAR_MEMBER_14_END\nCF_SINGULAR_MEMBER_15_END\nCF_SINGULAR_MEMBER_16_END\nCF_SINGULAR_MEMBER_17_END\nCF_SINGULAR_MEMBER_18_END\nCF_SINGULAR_MEMBER_19_END\nCF_SINGULAR_MEMBER_20_END\nCF_SINGULAR_MEMBER_21_END\nCF_SINGULAR_MEMBER_22_END\nCF_SINGULAR_MEMBER_23_END\nCF_SINGULAR_MEMBER_24_END\nCF_SINGULAR_MEMBER_25_END\nCF_SINGULAR_MEMBER_26_END\nCF_SINGULAR_MEMBER_27_END\nCF_SINGULAR_MEMBER_28_END\nCF_SINGULAR_MEMBER_29_END\nCF_SINGULAR_MEMBER_30_END\nCF_SINGULAR_MEMBER_31_END\nCF_SINGULAR_MEMBER_32_END\nCF_NO_SMOOTH_MEMBER\nCF_SCRIPT_COMPLETED_OK\n",
status := "no_smooth_in_batch",
witnessIndex := fail,
witnessVerificationPassed := false ), rec(
exitCode := 0,
numberOfMembersTested := 32,
prime := 37,
singularOutput := "CF_SINGULAR_MEMBER_1_END\nCF_SINGULAR_MEMBER_2_END\nCF_SINGULAR_MEMBER_3_END\nCF_SINGULAR_MEMBER_4_END\nCF_SINGULAR_MEMBER_5_END\nCF_SINGULAR_MEMBER_6_END\nCF_SINGULAR_MEMBER_7_END\nCF_SINGULAR_MEMBER_8_END\nCF_SINGULAR_MEMBER_9_END\nCF_SINGULAR_MEMBER_10_END\nCF_SINGULAR_MEMBER_11_END\nCF_SINGULAR_MEMBER_12_END\nCF_SINGULAR_MEMBER_13_END\nCF_SINGULAR_MEMBER_14_END\nCF_SINGULAR_MEMBER_15_END\nCF_SINGULAR_MEMBER_16_END\nCF_SINGULAR_MEMBER_17_END\nCF_SINGULAR_MEMBER_18_END\nCF_SINGULAR_MEMBER_19_END\nCF_SINGULAR_MEMBER_20_END\nCF_SINGULAR_MEMBER_21_END\nCF_SINGULAR_MEMBER_22_END\nCF_SINGULAR_MEMBER_23_END\nCF_SINGULAR_MEMBER_24_END\nCF_SINGULAR_MEMBER_25_END\nCF_SINGULAR_MEMBER_26_END\nCF_SINGULAR_MEMBER_27_END\nCF_SINGULAR_MEMBER_28_END\nCF_SINGULAR_MEMBER_29_END\nCF_SINGULAR_MEMBER_30_END\nCF_SINGULAR_MEMBER_31_END\nCF_SINGULAR_MEMBER_32_END\nCF_NO_SMOOTH_MEMBER\nCF_SCRIPT_COMPLETED_OK\n",
status := "no_smooth_in_batch",
witnessIndex := fail,
witnessVerificationPassed := false ) ],
method := "deterministic coefficient batch",
status := "no_smooth_witness" ),
guessedPolynomial := "(24259157609/406467072)*x6^3 + (-1183318513/67744512)*x5*x6^2 + (63400121/33872256)*x5^2*x6 + (-2565121/50808384)*x5^3 + (1431/7744)*x4^3 + (65/88)*x3*x4^2 + (2)*x3^2*x4 + (5)*x3^3 + (1640/39*E(3)+1880/117*E(3)^2)*x2*x4*x6 + (-1280/273*E(3)-2000/819*E(3)^2)*x2*x4*x5 + (29240/819*E(3)-2440/819*E(3)^2)*x2*x3*x6 + (80/9)*x2*x3*x5 + (8704/729)*x2^3 + (615/13*E(3)+235/13*E(3)^2)*x1*x4*x6 + (-480/91*E(3)-250/91*E(3)^2)*x1*x4*x5 + (3655/91*E(3)-305/91*E(3)^2)*x1*x3*x6 + (10)*x1*x3*x5 + (1088/27)*x1*x2^2 + (136/3)*x1^2*x2 + (17)*x1^3",
isDirectKnownCase := false,
linearGId := [ 54, 12 ],
projectiveGId := [ 18, 3 ],
proofType := "the invariant basis has a nonempty exact common projective Jacobian locus",
status := "singular",
symplecticPart := "C3",
testedCoefficientCandidates := [ [ 2, 5, 10, 17 ], [ 1, 1, 1, 1 ], [ 1, 2, 3, 4 ], [ 1, -2, 3, -4 ], [ 1, -1, 0, 3 ], [ 1, 0, 0, 0 ], [ 0, 1, 0, 0 ], [ 0, 0, 1, 0 ], [ 0, 0, 0, 1 ], [ 1, 1, 0, 0 ], [ 1, -1, 0, 0 ], [ 1, 0, 1, 0 ], [ 1, 0, -1, 0 ], [ 1, 0, 0, 1 ], [ 1, 0, 0, -1 ], [ 0, 1, 1, 0 ], [ 0, 1, -1, 0 ], [ 0, 1, 0, 1 ], [ 0, 1, 0, -1 ], [ 0, 0, 1, 1 ], [ 0, 0, 1, -1 ], [ -6, 10, 6, -11 ], [ -10, 10, 9, 1 ], [ -5, -2, -3, -10 ], [ -9, -7, 3, 10 ], [ -1, -3, -2, -5 ], [ -1, -5, 11, 6 ], [ 1, -7, 7, 9 ], [ -2, 4, 1, -7 ], [ -9, -7, 3, -5 ], [ 1, -1, -6, -2 ], [ -9, 6, -1, 9 ] ] ), rec(
candidateNumber := 8,
centralizerDimension := 6,
componentIndex := 1,
componentLabel := "Koike (3.4), generic index 1",
cubicInvariantDimension := 10,
determinantImageOrder := 2,
familyDimension := 4,
familyIndexWithinCase := 1,
genericIndex := 1,
guessedCoefficients := [ 1, 1, 1, 1, 1, 1, 1, 1, 1, 1 ],
guessedMemberTest := rec(
coefficientCandidates := [ [ 2, 5, 10, 17, 26, 37, 50, 65, 82, 101 ], [ 1, 1, 1, 1, 1, 1, 1, 1, 1, 1 ], [ 1, 2, 3, 4, 5, 6, 7, 8, 9, 10 ], [ 1, -2, 3, -4, 5, -6, 7, -8, 9, -10 ], [ 1, 0, 0, 0, -1, 0, 0, 0, 0, 3 ], [ 1, 0, 0, 0, 0, 0, 0, 0, 0, 0 ], [ 0, 1, 0, 0, 0, 0, 0, 0, 0, 0 ], [ 0, 0, 1, 0, 0, 0, 0, 0, 0, 0 ], [ 0, 0, 0, 1, 0, 0, 0, 0, 0, 0 ], [ 0, 0, 0, 0, 1, 0, 0, 0, 0, 0 ], [ 0, 0, 0, 0, 0, 1, 0, 0, 0, 0 ], [ 0, 0, 0, 0, 0, 0, 1, 0, 0, 0 ], [ 0, 0, 0, 0, 0, 0, 0, 1, 0, 0 ], [ 0, 0, 0, 0, 0, 0, 0, 0, 1, 0 ], [ 0, 0, 0, 0, 0, 0, 0, 0, 0, 1 ], [ 1, 1, 0, 0, 0, 0, 0, 0, 0, 0 ], [ 1, -1, 0, 0, 0, 0, 0, 0, 0, 0 ], [ 1, 0, 1, 0, 0, 0, 0, 0, 0, 0 ], [ 1, 0, -1, 0, 0, 0, 0, 0, 0, 0 ], [ 1, 0, 0, 1, 0, 0, 0, 0, 0, 0 ], [ 1, 0, 0, -1, 0, 0, 0, 0, 0, 0 ], [ 1, 0, 0, 0, 1, 0, 0, 0, 0, 0 ], [ 1, 0, 0, 0, -1, 0, 0, 0, 0, 0 ], [ 1, 0, 0, 0, 0, 1, 0, 0, 0, 0 ], [ 1, 0, 0, 0, 0, -1, 0, 0, 0, 0 ], [ 1, 0, 0, 0, 0, 0, 1, 0, 0, 0 ], [ 1, 0, 0, 0, 0, 0, -1, 0, 0, 0 ], [ 1, 0, 0, 0, 0, 0, 0, 1, 0, 0 ], [ 1, 0, 0, 0, 0, 0, 0, -1, 0, 0 ], [ 1, 0, 0, 0, 0, 0, 0, 0, 1, 0 ], [ 1, 0, 0, 0, 0, 0, 0, 0, -1, 0 ], [ 1, 0, 0, 0, 0, 0, 0, 0, 0, 1 ] ],
coefficientFieldConductor := 1,
exactTrials := [  ],
finiteFieldTrials := [ rec(
exitCode := 0,
numberOfMembersTested := 32,
prime := 5,
singularOutput := "CF_SINGULAR_MEMBER_1_END\nCF_SMOOTH_MEMBER_2_END\nCF_SCRIPT_COMPLETED_OK\n",
status := "smooth",
witnessIndex := 2,
witnessVerificationPassed := true ) ],
member := rec(
coefficients := [ 1, 1, 1, 1, 1, 1, 1, 1, 1, 1 ],
monomialCoefficients := [ 307225/39366, 1043/13122, -6142/6561, 4675/19683, 0, 0, 0, 0, 0, 1, 0, 0, 0, 0, 0, 1, 0, 0, 1, 1, 0, 0, 0, -57740/16767, -30622/16767, 0, -48640/16767, -26618/16767, 0, 0, 0, 0, 0, 0, -2/9, 0, 0, 0, 1, 1, 0, 1, 1, 0, 0, 0, 0, 0, 0, -53/9, 0, 0, 0, 0, 1, 1 ],
polynomial := "(307225/39366)*x6^3 + (1043/13122)*x5*x6^2 + (-6142/6561)*x5^2*x6 + (4675/19683)*x5^3 + x4^3 + x3*x4^2 + x3^2*x4 + x3^3 + (-57740/16767)*x2*x4*x6 + (-30622/16767)*x2*x4*x5 + (-48640/16767)*x2*x3*x6 + (-26618/16767)*x2*x3*x5 + (-2/9)*x2^3 + x1*x4*x6 + x1*x4*x5 + x1*x3*x6 + x1*x3*x5 + (-53/9)*x1*x2^2 + x1^2*x2 + x1^3" ),
method := "smooth reduction at a good split prime",
status := "smooth",
witnessPrime := 5 ),
isDirectKnownCase := false,
linearGId := [ 18, 3 ],
projectiveGId := [ 6, 1 ],
proofType := "an explicit member of the invariant cubic family is smooth",
smoothPolynomial := "(307225/39366)*x6^3 + (1043/13122)*x5*x6^2 + (-6142/6561)*x5^2*x6 + (4675/19683)*x5^3 + x4^3 + x3*x4^2 + x3^2*x4 + x3^3 + (-57740/16767)*x2*x4*x6 + (-30622/16767)*x2*x4*x5 + (-48640/16767)*x2*x3*x6 + (-26618/16767)*x2*x3*x5 + (-2/9)*x2^3 + x1*x4*x6 + x1*x4*x5 + x1*x3*x6 + x1*x3*x5 + (-53/9)*x1*x2^2 + x1^2*x2 + x1^3",
status := "smooth",
symplecticPart := "C3",
testedCoefficientCandidates := [ [ 2, 5, 10, 17, 26, 37, 50, 65, 82, 101 ], [ 1, 1, 1, 1, 1, 1, 1, 1, 1, 1 ], [ 1, 2, 3, 4, 5, 6, 7, 8, 9, 10 ], [ 1, -2, 3, -4, 5, -6, 7, -8, 9, -10 ], [ 1, 0, 0, 0, -1, 0, 0, 0, 0, 3 ], [ 1, 0, 0, 0, 0, 0, 0, 0, 0, 0 ], [ 0, 1, 0, 0, 0, 0, 0, 0, 0, 0 ], [ 0, 0, 1, 0, 0, 0, 0, 0, 0, 0 ], [ 0, 0, 0, 1, 0, 0, 0, 0, 0, 0 ], [ 0, 0, 0, 0, 1, 0, 0, 0, 0, 0 ], [ 0, 0, 0, 0, 0, 1, 0, 0, 0, 0 ], [ 0, 0, 0, 0, 0, 0, 1, 0, 0, 0 ], [ 0, 0, 0, 0, 0, 0, 0, 1, 0, 0 ], [ 0, 0, 0, 0, 0, 0, 0, 0, 1, 0 ], [ 0, 0, 0, 0, 0, 0, 0, 0, 0, 1 ], [ 1, 1, 0, 0, 0, 0, 0, 0, 0, 0 ], [ 1, -1, 0, 0, 0, 0, 0, 0, 0, 0 ], [ 1, 0, 1, 0, 0, 0, 0, 0, 0, 0 ], [ 1, 0, -1, 0, 0, 0, 0, 0, 0, 0 ], [ 1, 0, 0, 1, 0, 0, 0, 0, 0, 0 ], [ 1, 0, 0, -1, 0, 0, 0, 0, 0, 0 ], [ 1, 0, 0, 0, 1, 0, 0, 0, 0, 0 ], [ 1, 0, 0, 0, -1, 0, 0, 0, 0, 0 ], [ 1, 0, 0, 0, 0, 1, 0, 0, 0, 0 ], [ 1, 0, 0, 0, 0, -1, 0, 0, 0, 0 ], [ 1, 0, 0, 0, 0, 0, 1, 0, 0, 0 ], [ 1, 0, 0, 0, 0, 0, -1, 0, 0, 0 ], [ 1, 0, 0, 0, 0, 0, 0, 1, 0, 0 ], [ 1, 0, 0, 0, 0, 0, 0, -1, 0, 0 ], [ 1, 0, 0, 0, 0, 0, 0, 0, 1, 0 ], [ 1, 0, 0, 0, 0, 0, 0, 0, -1, 0 ], [ 1, 0, 0, 0, 0, 0, 0, 0, 0, 1 ] ] ), rec(
candidateNumber := 9,
centralizerDimension := 4,
commonSingularChart := 1,
componentIndex := 1,
componentLabel := "Koike (3.4), generic index 1",
cubicInvariantDimension := 5,
determinantImageOrder := 4,
exactCommonLocusTest := rec(
coefficientFieldConductor := 4,
exitCode := 0,
singularChart := 1,
singularOutput := "CF_EXACT_COMMON_SINGULAR_CHART_1\nCF_EXACT_COMMON_SINGULAR_POINT\nCF_SCRIPT_COMPLETED_OK\n",
status := "common_singular_point_exists" ),
familyDimension := 1,
familyIndexWithinCase := 1,
genericIndex := 1,
guessedCoefficients := [ 2, 5, 10, 17, 26 ],
guessedMemberTest := rec(
coefficientCandidates := [ [ 2, 5, 10, 17, 26 ], [ 1, 1, 1, 1, 1 ], [ 1, 2, 3, 4, 5 ], [ 1, -2, 3, -4, 5 ], [ 1, 0, -1, 0, 3 ], [ 1, 0, 0, 0, 0 ], [ 0, 1, 0, 0, 0 ], [ 0, 0, 1, 0, 0 ], [ 0, 0, 0, 1, 0 ], [ 0, 0, 0, 0, 1 ], [ 1, 1, 0, 0, 0 ], [ 1, -1, 0, 0, 0 ], [ 1, 0, 1, 0, 0 ], [ 1, 0, -1, 0, 0 ], [ 1, 0, 0, 1, 0 ], [ 1, 0, 0, -1, 0 ], [ 1, 0, 0, 0, 1 ], [ 1, 0, 0, 0, -1 ], [ 0, 1, 1, 0, 0 ], [ 0, 1, -1, 0, 0 ], [ 0, 1, 0, 1, 0 ], [ 0, 1, 0, -1, 0 ], [ 0, 1, 0, 0, 1 ], [ 0, 1, 0, 0, -1 ], [ 0, 0, 1, 1, 0 ], [ 0, 0, 1, -1, 0 ], [ 0, 0, 1, 0, 1 ], [ 0, 0, 1, 0, -1 ], [ 0, 0, 0, 1, 1 ], [ 0, 0, 0, 1, -1 ], [ 8, -7, -8, -6, 8 ], [ 5, -1, -5, 4, -3 ] ],
coefficientFieldConductor := 4,
exactTrials := [ rec(
coefficients := [ 2, 5, 10, 17, 26 ],
trial := rec(
coefficientFieldConductor := 4,
exitCode := 0,
singularChart := 1,
singularOutput := "CF_EXACT_SINGULAR_CHART_1\nCF_EXACT_SINGULAR\nCF_SCRIPT_COMPLETED_OK\n",
status := "exact_singular" ) ), rec(
coefficients := [ 1, 1, 1, 1, 1 ],
trial := rec(
coefficientFieldConductor := 4,
exitCode := 0,
singularChart := 1,
singularOutput := "CF_EXACT_SINGULAR_CHART_1\nCF_EXACT_SINGULAR\nCF_SCRIPT_COMPLETED_OK\n",
status := "exact_singular" ) ), rec(
coefficients := [ 1, 2, 3, 4, 5 ],
trial := rec(
coefficientFieldConductor := 4,
exitCode := 0,
singularChart := 1,
singularOutput := "CF_EXACT_SINGULAR_CHART_1\nCF_EXACT_SINGULAR\nCF_SCRIPT_COMPLETED_OK\n",
status := "exact_singular" ) ), rec(
coefficients := [ 1, -2, 3, -4, 5 ],
trial := rec(
coefficientFieldConductor := 4,
exitCode := 0,
singularChart := 1,
singularOutput := "CF_EXACT_SINGULAR_CHART_1\nCF_EXACT_SINGULAR\nCF_SCRIPT_COMPLETED_OK\n",
status := "exact_singular" ) ), rec(
coefficients := [ 1, 0, -1, 0, 3 ],
trial := rec(
coefficientFieldConductor := 4,
exitCode := 0,
singularChart := 1,
singularOutput := "CF_EXACT_SINGULAR_CHART_1\nCF_EXACT_SINGULAR\nCF_SCRIPT_COMPLETED_OK\n",
status := "exact_singular" ) ), rec(
coefficients := [ 1, 0, 0, 0, 0 ],
trial := rec(
coefficientFieldConductor := 4,
exitCode := 0,
singularChart := 1,
singularOutput := "CF_EXACT_SINGULAR_CHART_1\nCF_EXACT_SINGULAR\nCF_SCRIPT_COMPLETED_OK\n",
status := "exact_singular" ) ) ],
finiteFieldTrials := [ rec(
exitCode := 0,
numberOfMembersTested := 32,
prime := 5,
singularOutput := "CF_SINGULAR_MEMBER_1_END\nCF_SINGULAR_MEMBER_2_END\nCF_SINGULAR_MEMBER_3_END\nCF_SINGULAR_MEMBER_4_END\nCF_SINGULAR_MEMBER_5_END\nCF_SINGULAR_MEMBER_6_END\nCF_SINGULAR_MEMBER_7_END\nCF_SINGULAR_MEMBER_8_END\nCF_SINGULAR_MEMBER_9_END\nCF_SINGULAR_MEMBER_10_END\nCF_SINGULAR_MEMBER_11_END\nCF_SINGULAR_MEMBER_12_END\nCF_SINGULAR_MEMBER_13_END\nCF_SINGULAR_MEMBER_14_END\nCF_SINGULAR_MEMBER_15_END\nCF_SINGULAR_MEMBER_16_END\nCF_SINGULAR_MEMBER_17_END\nCF_SINGULAR_MEMBER_18_END\nCF_SINGULAR_MEMBER_19_END\nCF_SINGULAR_MEMBER_20_END\nCF_SINGULAR_MEMBER_21_END\nCF_SINGULAR_MEMBER_22_END\nCF_SINGULAR_MEMBER_23_END\nCF_SINGULAR_MEMBER_24_END\nCF_SINGULAR_MEMBER_25_END\nCF_SINGULAR_MEMBER_26_END\nCF_SINGULAR_MEMBER_27_END\nCF_SINGULAR_MEMBER_28_END\nCF_SINGULAR_MEMBER_29_END\nCF_SINGULAR_MEMBER_30_END\nCF_SINGULAR_MEMBER_31_END\nCF_SINGULAR_MEMBER_32_END\nCF_NO_SMOOTH_MEMBER\nCF_SCRIPT_COMPLETED_OK\n",
status := "no_smooth_in_batch",
witnessIndex := fail,
witnessVerificationPassed := false ), rec(
exitCode := 0,
numberOfMembersTested := 32,
prime := 13,
singularOutput := "CF_SINGULAR_MEMBER_1_END\nCF_SINGULAR_MEMBER_2_END\nCF_SINGULAR_MEMBER_3_END\nCF_SINGULAR_MEMBER_4_END\nCF_SINGULAR_MEMBER_5_END\nCF_SINGULAR_MEMBER_6_END\nCF_SINGULAR_MEMBER_7_END\nCF_SINGULAR_MEMBER_8_END\nCF_SINGULAR_MEMBER_9_END\nCF_SINGULAR_MEMBER_10_END\nCF_SINGULAR_MEMBER_11_END\nCF_SINGULAR_MEMBER_12_END\nCF_SINGULAR_MEMBER_13_END\nCF_SINGULAR_MEMBER_14_END\nCF_SINGULAR_MEMBER_15_END\nCF_SINGULAR_MEMBER_16_END\nCF_SINGULAR_MEMBER_17_END\nCF_SINGULAR_MEMBER_18_END\nCF_SINGULAR_MEMBER_19_END\nCF_SINGULAR_MEMBER_20_END\nCF_SINGULAR_MEMBER_21_END\nCF_SINGULAR_MEMBER_22_END\nCF_SINGULAR_MEMBER_23_END\nCF_SINGULAR_MEMBER_24_END\nCF_SINGULAR_MEMBER_25_END\nCF_SINGULAR_MEMBER_26_END\nCF_SINGULAR_MEMBER_27_END\nCF_SINGULAR_MEMBER_28_END\nCF_SINGULAR_MEMBER_29_END\nCF_SINGULAR_MEMBER_30_END\nCF_SINGULAR_MEMBER_31_END\nCF_SINGULAR_MEMBER_32_END\nCF_NO_SMOOTH_MEMBER\nCF_SCRIPT_COMPLETED_OK\n",
status := "no_smooth_in_batch",
witnessIndex := fail,
witnessVerificationPassed := false ), rec(
exitCode := 0,
numberOfMembersTested := 32,
prime := 17,
singularOutput := "CF_SINGULAR_MEMBER_1_END\nCF_SINGULAR_MEMBER_2_END\nCF_SINGULAR_MEMBER_3_END\nCF_SINGULAR_MEMBER_4_END\nCF_SINGULAR_MEMBER_5_END\nCF_SINGULAR_MEMBER_6_END\nCF_SINGULAR_MEMBER_7_END\nCF_SINGULAR_MEMBER_8_END\nCF_SINGULAR_MEMBER_9_END\nCF_SINGULAR_MEMBER_10_END\nCF_SINGULAR_MEMBER_11_END\nCF_SINGULAR_MEMBER_12_END\nCF_SINGULAR_MEMBER_13_END\nCF_SINGULAR_MEMBER_14_END\nCF_SINGULAR_MEMBER_15_END\nCF_SINGULAR_MEMBER_16_END\nCF_SINGULAR_MEMBER_17_END\nCF_SINGULAR_MEMBER_18_END\nCF_SINGULAR_MEMBER_19_END\nCF_SINGULAR_MEMBER_20_END\nCF_SINGULAR_MEMBER_21_END\nCF_SINGULAR_MEMBER_22_END\nCF_SINGULAR_MEMBER_23_END\nCF_SINGULAR_MEMBER_24_END\nCF_SINGULAR_MEMBER_25_END\nCF_SINGULAR_MEMBER_26_END\nCF_SINGULAR_MEMBER_27_END\nCF_SINGULAR_MEMBER_28_END\nCF_SINGULAR_MEMBER_29_END\nCF_SINGULAR_MEMBER_30_END\nCF_SINGULAR_MEMBER_31_END\nCF_SINGULAR_MEMBER_32_END\nCF_NO_SMOOTH_MEMBER\nCF_SCRIPT_COMPLETED_OK\n",
status := "no_smooth_in_batch",
witnessIndex := fail,
witnessVerificationPassed := false ) ],
method := "deterministic coefficient batch",
status := "no_smooth_witness" ),
guessedPolynomial := "(-2620031729/65691648)*x6^3 + (-12708167/10948608)*x5*x6^2 + (1361117/497664)*x5^2*x6 + (-443831/8211456)*x5^3 + (-15225/11264)*x4^3 + (-5101/1408)*x3*x4^2 + (2)*x3^2*x4 + (5)*x3^3 + (3100/297-304000/3267*E(4))*x2*x4*x6 + (122/297+30400/3267*E(4))*x2*x4*x5 + (3100/27-83200/297*E(4))*x2*x3*x6 + (122/27+8320/297*E(4))*x2*x3*x5 + (-3328/81)*x2^3 + (10/11-9200/121*E(4))*x1*x4*x6 + (17/11+920/121*E(4))*x1*x4*x5 + (10)*x1*x3*x6 + (17)*x1*x3*x5 + (-5824/81)*x1*x2^2 + (-52/9)*x1^2*x2 + (26)*x1^3",
isDirectKnownCase := false,
linearGId := [ 36, 6 ],
projectiveGId := [ 12, 1 ],
proofType := "the invariant basis has a nonempty exact common projective Jacobian locus",
status := "singular",
symplecticPart := "C3",
testedCoefficientCandidates := [ [ 2, 5, 10, 17, 26 ], [ 1, 1, 1, 1, 1 ], [ 1, 2, 3, 4, 5 ], [ 1, -2, 3, -4, 5 ], [ 1, 0, -1, 0, 3 ], [ 1, 0, 0, 0, 0 ], [ 0, 1, 0, 0, 0 ], [ 0, 0, 1, 0, 0 ], [ 0, 0, 0, 1, 0 ], [ 0, 0, 0, 0, 1 ], [ 1, 1, 0, 0, 0 ], [ 1, -1, 0, 0, 0 ], [ 1, 0, 1, 0, 0 ], [ 1, 0, -1, 0, 0 ], [ 1, 0, 0, 1, 0 ], [ 1, 0, 0, -1, 0 ], [ 1, 0, 0, 0, 1 ], [ 1, 0, 0, 0, -1 ], [ 0, 1, 1, 0, 0 ], [ 0, 1, -1, 0, 0 ], [ 0, 1, 0, 1, 0 ], [ 0, 1, 0, -1, 0 ], [ 0, 1, 0, 0, 1 ], [ 0, 1, 0, 0, -1 ], [ 0, 0, 1, 1, 0 ], [ 0, 0, 1, -1, 0 ], [ 0, 0, 1, 0, 1 ], [ 0, 0, 1, 0, -1 ], [ 0, 0, 0, 1, 1 ], [ 0, 0, 0, 1, -1 ], [ 8, -7, -8, -6, 8 ], [ 5, -1, -5, 4, -3 ] ] ), rec(
candidateNumber := 10,
centralizerDimension := 6,
commonSingularChart := 1,
componentIndex := 1,
componentLabel := "Koike (3.4), generic index 1",
cubicInvariantDimension := 6,
determinantImageOrder := 4,
exactCommonLocusTest := rec(
coefficientFieldConductor := 1,
exitCode := 0,
singularChart := 1,
singularOutput := "CF_EXACT_COMMON_SINGULAR_CHART_1\nCF_EXACT_COMMON_SINGULAR_POINT\nCF_SCRIPT_COMPLETED_OK\n",
status := "common_singular_point_exists" ),
familyDimension := 0,
familyIndexWithinCase := 2,
genericIndex := 1,
guessedCoefficients := [ 2, 5, 10, 17, 26, 37 ],
guessedMemberTest := rec(
coefficientCandidates := [ [ 2, 5, 10, 17, 26, 37 ], [ 1, 1, 1, 1, 1, 1 ], [ 1, 2, 3, 4, 5, 6 ], [ 1, -2, 3, -4, 5, -6 ], [ 1, 0, -1, 0, 0, 3 ], [ 1, 0, 0, 0, 0, 0 ], [ 0, 1, 0, 0, 0, 0 ], [ 0, 0, 1, 0, 0, 0 ], [ 0, 0, 0, 1, 0, 0 ], [ 0, 0, 0, 0, 1, 0 ], [ 0, 0, 0, 0, 0, 1 ], [ 1, 1, 0, 0, 0, 0 ], [ 1, -1, 0, 0, 0, 0 ], [ 1, 0, 1, 0, 0, 0 ], [ 1, 0, -1, 0, 0, 0 ], [ 1, 0, 0, 1, 0, 0 ], [ 1, 0, 0, -1, 0, 0 ], [ 1, 0, 0, 0, 1, 0 ], [ 1, 0, 0, 0, -1, 0 ], [ 1, 0, 0, 0, 0, 1 ], [ 1, 0, 0, 0, 0, -1 ], [ 0, 1, 1, 0, 0, 0 ], [ 0, 1, -1, 0, 0, 0 ], [ 0, 1, 0, 1, 0, 0 ], [ 0, 1, 0, -1, 0, 0 ], [ 0, 1, 0, 0, 1, 0 ], [ 0, 1, 0, 0, -1, 0 ], [ 0, 1, 0, 0, 0, 1 ], [ 0, 1, 0, 0, 0, -1 ], [ 0, 0, 1, 1, 0, 0 ], [ 0, 0, 1, -1, 0, 0 ], [ 0, 0, 1, 0, 1, 0 ] ],
coefficientFieldConductor := 1,
exactTrials := [ rec(
coefficients := [ 2, 5, 10, 17, 26, 37 ],
trial := rec(
coefficientFieldConductor := 1,
exitCode := 0,
singularChart := 1,
singularOutput := "CF_EXACT_SINGULAR_CHART_1\nCF_EXACT_SINGULAR\nCF_SCRIPT_COMPLETED_OK\n",
status := "exact_singular" ) ), rec(
coefficients := [ 1, 1, 1, 1, 1, 1 ],
trial := rec(
coefficientFieldConductor := 1,
exitCode := 0,
singularChart := 1,
singularOutput := "CF_EXACT_SINGULAR_CHART_1\nCF_EXACT_SINGULAR\nCF_SCRIPT_COMPLETED_OK\n",
status := "exact_singular" ) ), rec(
coefficients := [ 1, 2, 3, 4, 5, 6 ],
trial := rec(
coefficientFieldConductor := 1,
exitCode := 0,
singularChart := 1,
singularOutput := "CF_EXACT_SINGULAR_CHART_1\nCF_EXACT_SINGULAR\nCF_SCRIPT_COMPLETED_OK\n",
status := "exact_singular" ) ), rec(
coefficients := [ 1, -2, 3, -4, 5, -6 ],
trial := rec(
coefficientFieldConductor := 1,
exitCode := 0,
singularChart := 1,
singularOutput := "CF_EXACT_SINGULAR_CHART_1\nCF_EXACT_SINGULAR\nCF_SCRIPT_COMPLETED_OK\n",
status := "exact_singular" ) ), rec(
coefficients := [ 1, 0, -1, 0, 0, 3 ],
trial := rec(
coefficientFieldConductor := 1,
exitCode := 0,
singularChart := 1,
singularOutput := "CF_EXACT_SINGULAR_CHART_1\nCF_EXACT_SINGULAR\nCF_SCRIPT_COMPLETED_OK\n",
status := "exact_singular" ) ), rec(
coefficients := [ 1, 0, 0, 0, 0, 0 ],
trial := rec(
coefficientFieldConductor := 1,
exitCode := 0,
singularChart := 1,
singularOutput := "CF_EXACT_SINGULAR_CHART_1\nCF_EXACT_SINGULAR\nCF_SCRIPT_COMPLETED_OK\n",
status := "exact_singular" ) ) ],
finiteFieldTrials := [ rec(
exitCode := 0,
numberOfMembersTested := 32,
prime := 5,
singularOutput := "CF_SINGULAR_MEMBER_1_END\nCF_SINGULAR_MEMBER_2_END\nCF_SINGULAR_MEMBER_3_END\nCF_SINGULAR_MEMBER_4_END\nCF_SINGULAR_MEMBER_5_END\nCF_SINGULAR_MEMBER_6_END\nCF_SINGULAR_MEMBER_7_END\nCF_SINGULAR_MEMBER_8_END\nCF_SINGULAR_MEMBER_9_END\nCF_SINGULAR_MEMBER_10_END\nCF_SINGULAR_MEMBER_11_END\nCF_SINGULAR_MEMBER_12_END\nCF_SINGULAR_MEMBER_13_END\nCF_SINGULAR_MEMBER_14_END\nCF_SINGULAR_MEMBER_15_END\nCF_SINGULAR_MEMBER_16_END\nCF_SINGULAR_MEMBER_17_END\nCF_SINGULAR_MEMBER_18_END\nCF_SINGULAR_MEMBER_19_END\nCF_SINGULAR_MEMBER_20_END\nCF_SINGULAR_MEMBER_21_END\nCF_SINGULAR_MEMBER_22_END\nCF_SINGULAR_MEMBER_23_END\nCF_SINGULAR_MEMBER_24_END\nCF_SINGULAR_MEMBER_25_END\nCF_SINGULAR_MEMBER_26_END\nCF_SINGULAR_MEMBER_27_END\nCF_SINGULAR_MEMBER_28_END\nCF_SINGULAR_MEMBER_29_END\nCF_SINGULAR_MEMBER_30_END\nCF_SINGULAR_MEMBER_31_END\nCF_SINGULAR_MEMBER_32_END\nCF_NO_SMOOTH_MEMBER\nCF_SCRIPT_COMPLETED_OK\n",
status := "no_smooth_in_batch",
witnessIndex := fail,
witnessVerificationPassed := false ), rec(
exitCode := 0,
numberOfMembersTested := 32,
prime := 7,
singularOutput := "CF_SINGULAR_MEMBER_1_END\nCF_SINGULAR_MEMBER_2_END\nCF_SINGULAR_MEMBER_3_END\nCF_SINGULAR_MEMBER_4_END\nCF_SINGULAR_MEMBER_5_END\nCF_SINGULAR_MEMBER_6_END\nCF_SINGULAR_MEMBER_7_END\nCF_SINGULAR_MEMBER_8_END\nCF_SINGULAR_MEMBER_9_END\nCF_SINGULAR_MEMBER_10_END\nCF_SINGULAR_MEMBER_11_END\nCF_SINGULAR_MEMBER_12_END\nCF_SINGULAR_MEMBER_13_END\nCF_SINGULAR_MEMBER_14_END\nCF_SINGULAR_MEMBER_15_END\nCF_SINGULAR_MEMBER_16_END\nCF_SINGULAR_MEMBER_17_END\nCF_SINGULAR_MEMBER_18_END\nCF_SINGULAR_MEMBER_19_END\nCF_SINGULAR_MEMBER_20_END\nCF_SINGULAR_MEMBER_21_END\nCF_SINGULAR_MEMBER_22_END\nCF_SINGULAR_MEMBER_23_END\nCF_SINGULAR_MEMBER_24_END\nCF_SINGULAR_MEMBER_25_END\nCF_SINGULAR_MEMBER_26_END\nCF_SINGULAR_MEMBER_27_END\nCF_SINGULAR_MEMBER_28_END\nCF_SINGULAR_MEMBER_29_END\nCF_SINGULAR_MEMBER_30_END\nCF_SINGULAR_MEMBER_31_END\nCF_SINGULAR_MEMBER_32_END\nCF_NO_SMOOTH_MEMBER\nCF_SCRIPT_COMPLETED_OK\n",
status := "no_smooth_in_batch",
witnessIndex := fail,
witnessVerificationPassed := false ), rec(
exitCode := 0,
numberOfMembersTested := 32,
prime := 11,
singularOutput := "CF_SINGULAR_MEMBER_1_END\nCF_SINGULAR_MEMBER_2_END\nCF_SINGULAR_MEMBER_3_END\nCF_SINGULAR_MEMBER_4_END\nCF_SINGULAR_MEMBER_5_END\nCF_SINGULAR_MEMBER_6_END\nCF_SINGULAR_MEMBER_7_END\nCF_SINGULAR_MEMBER_8_END\nCF_SINGULAR_MEMBER_9_END\nCF_SINGULAR_MEMBER_10_END\nCF_SINGULAR_MEMBER_11_END\nCF_SINGULAR_MEMBER_12_END\nCF_SINGULAR_MEMBER_13_END\nCF_SINGULAR_MEMBER_14_END\nCF_SINGULAR_MEMBER_15_END\nCF_SINGULAR_MEMBER_16_END\nCF_SINGULAR_MEMBER_17_END\nCF_SINGULAR_MEMBER_18_END\nCF_SINGULAR_MEMBER_19_END\nCF_SINGULAR_MEMBER_20_END\nCF_SINGULAR_MEMBER_21_END\nCF_SINGULAR_MEMBER_22_END\nCF_SINGULAR_MEMBER_23_END\nCF_SINGULAR_MEMBER_24_END\nCF_SINGULAR_MEMBER_25_END\nCF_SINGULAR_MEMBER_26_END\nCF_SINGULAR_MEMBER_27_END\nCF_SINGULAR_MEMBER_28_END\nCF_SINGULAR_MEMBER_29_END\nCF_SINGULAR_MEMBER_30_END\nCF_SINGULAR_MEMBER_31_END\nCF_SINGULAR_MEMBER_32_END\nCF_NO_SMOOTH_MEMBER\nCF_SCRIPT_COMPLETED_OK\n",
status := "no_smooth_in_batch",
witnessIndex := fail,
witnessVerificationPassed := false ) ],
method := "deterministic coefficient batch",
status := "no_smooth_witness" ),
guessedPolynomial := "(-14375285/78732)*x6^3 + (612931/13122)*x5*x6^2 + (-54373/13122)*x5^2*x6 + (-2734/19683)*x5^3 + (2)*x4^3 + (5)*x3*x4^2 + (10)*x3^2*x4 + (17)*x3^3 + (182)*x2*x4*x6 + (-416/19)*x2*x4*x5 + (2158/19)*x2*x3*x6 + (-52)*x2*x3*x5 + (-4736/81)*x2^3 + (-91)*x1*x4*x6 + (208/19)*x1*x4*x5 + (-1079/19)*x1*x3*x6 + (26)*x1*x3*x5 + (-8288/81)*x1*x2^2 + (-74/9)*x1^2*x2 + (37)*x1^3",
isDirectKnownCase := false,
linearGId := [ 36, 6 ],
projectiveGId := [ 12, 1 ],
proofType := "the invariant basis has a nonempty exact common projective Jacobian locus",
status := "singular",
symplecticPart := "C3",
testedCoefficientCandidates := [ [ 2, 5, 10, 17, 26, 37 ], [ 1, 1, 1, 1, 1, 1 ], [ 1, 2, 3, 4, 5, 6 ], [ 1, -2, 3, -4, 5, -6 ], [ 1, 0, -1, 0, 0, 3 ], [ 1, 0, 0, 0, 0, 0 ], [ 0, 1, 0, 0, 0, 0 ], [ 0, 0, 1, 0, 0, 0 ], [ 0, 0, 0, 1, 0, 0 ], [ 0, 0, 0, 0, 1, 0 ], [ 0, 0, 0, 0, 0, 1 ], [ 1, 1, 0, 0, 0, 0 ], [ 1, -1, 0, 0, 0, 0 ], [ 1, 0, 1, 0, 0, 0 ], [ 1, 0, -1, 0, 0, 0 ], [ 1, 0, 0, 1, 0, 0 ], [ 1, 0, 0, -1, 0, 0 ], [ 1, 0, 0, 0, 1, 0 ], [ 1, 0, 0, 0, -1, 0 ], [ 1, 0, 0, 0, 0, 1 ], [ 1, 0, 0, 0, 0, -1 ], [ 0, 1, 1, 0, 0, 0 ], [ 0, 1, -1, 0, 0, 0 ], [ 0, 1, 0, 1, 0, 0 ], [ 0, 1, 0, -1, 0, 0 ], [ 0, 1, 0, 0, 1, 0 ], [ 0, 1, 0, 0, -1, 0 ], [ 0, 1, 0, 0, 0, 1 ], [ 0, 1, 0, 0, 0, -1 ], [ 0, 0, 1, 1, 0, 0 ], [ 0, 0, 1, -1, 0, 0 ], [ 0, 0, 1, 0, 1, 0 ] ] ), rec(
candidateNumber := 11,
centralizerDimension := 4,
commonSingularChart := 1,
componentIndex := 1,
componentLabel := "Koike (3.4), generic index 1",
cubicInvariantDimension := 5,
determinantImageOrder := 4,
exactCommonLocusTest := rec(
coefficientFieldConductor := 4,
exitCode := 0,
singularChart := 1,
singularOutput := "CF_EXACT_COMMON_SINGULAR_CHART_1\nCF_EXACT_COMMON_SINGULAR_POINT\nCF_SCRIPT_COMPLETED_OK\n",
status := "common_singular_point_exists" ),
familyDimension := 1,
familyIndexWithinCase := 3,
genericIndex := 1,
guessedCoefficients := [ 2, 5, 10, 17, 26 ],
guessedMemberTest := rec(
coefficientCandidates := [ [ 2, 5, 10, 17, 26 ], [ 1, 1, 1, 1, 1 ], [ 1, 2, 3, 4, 5 ], [ 1, -2, 3, -4, 5 ], [ 1, 0, -1, 0, 3 ], [ 1, 0, 0, 0, 0 ], [ 0, 1, 0, 0, 0 ], [ 0, 0, 1, 0, 0 ], [ 0, 0, 0, 1, 0 ], [ 0, 0, 0, 0, 1 ], [ 1, 1, 0, 0, 0 ], [ 1, -1, 0, 0, 0 ], [ 1, 0, 1, 0, 0 ], [ 1, 0, -1, 0, 0 ], [ 1, 0, 0, 1, 0 ], [ 1, 0, 0, -1, 0 ], [ 1, 0, 0, 0, 1 ], [ 1, 0, 0, 0, -1 ], [ 0, 1, 1, 0, 0 ], [ 0, 1, -1, 0, 0 ], [ 0, 1, 0, 1, 0 ], [ 0, 1, 0, -1, 0 ], [ 0, 1, 0, 0, 1 ], [ 0, 1, 0, 0, -1 ], [ 0, 0, 1, 1, 0 ], [ 0, 0, 1, -1, 0 ], [ 0, 0, 1, 0, 1 ], [ 0, 0, 1, 0, -1 ], [ 0, 0, 0, 1, 1 ], [ 0, 0, 0, 1, -1 ], [ 8, -7, -8, -6, 8 ], [ 5, -1, -5, 4, -3 ] ],
coefficientFieldConductor := 4,
exactTrials := [ rec(
coefficients := [ 2, 5, 10, 17, 26 ],
trial := rec(
coefficientFieldConductor := 4,
exitCode := 0,
singularChart := 1,
singularOutput := "CF_EXACT_SINGULAR_CHART_1\nCF_EXACT_SINGULAR\nCF_SCRIPT_COMPLETED_OK\n",
status := "exact_singular" ) ), rec(
coefficients := [ 1, 1, 1, 1, 1 ],
trial := rec(
coefficientFieldConductor := 4,
exitCode := 0,
singularChart := 1,
singularOutput := "CF_EXACT_SINGULAR_CHART_1\nCF_EXACT_SINGULAR\nCF_SCRIPT_COMPLETED_OK\n",
status := "exact_singular" ) ), rec(
coefficients := [ 1, 2, 3, 4, 5 ],
trial := rec(
coefficientFieldConductor := 4,
exitCode := 0,
singularChart := 1,
singularOutput := "CF_EXACT_SINGULAR_CHART_1\nCF_EXACT_SINGULAR\nCF_SCRIPT_COMPLETED_OK\n",
status := "exact_singular" ) ), rec(
coefficients := [ 1, -2, 3, -4, 5 ],
trial := rec(
coefficientFieldConductor := 4,
exitCode := 0,
singularChart := 1,
singularOutput := "CF_EXACT_SINGULAR_CHART_1\nCF_EXACT_SINGULAR\nCF_SCRIPT_COMPLETED_OK\n",
status := "exact_singular" ) ), rec(
coefficients := [ 1, 0, -1, 0, 3 ],
trial := rec(
coefficientFieldConductor := 4,
exitCode := 0,
singularChart := 1,
singularOutput := "CF_EXACT_SINGULAR_CHART_1\nCF_EXACT_SINGULAR\nCF_SCRIPT_COMPLETED_OK\n",
status := "exact_singular" ) ), rec(
coefficients := [ 1, 0, 0, 0, 0 ],
trial := rec(
coefficientFieldConductor := 4,
exitCode := 0,
singularChart := 1,
singularOutput := "CF_EXACT_SINGULAR_CHART_1\nCF_EXACT_SINGULAR\nCF_SCRIPT_COMPLETED_OK\n",
status := "exact_singular" ) ) ],
finiteFieldTrials := [ rec(
exitCode := 0,
numberOfMembersTested := 32,
prime := 5,
singularOutput := "CF_SINGULAR_MEMBER_1_END\nCF_SINGULAR_MEMBER_2_END\nCF_SINGULAR_MEMBER_3_END\nCF_SINGULAR_MEMBER_4_END\nCF_SINGULAR_MEMBER_5_END\nCF_SINGULAR_MEMBER_6_END\nCF_SINGULAR_MEMBER_7_END\nCF_SINGULAR_MEMBER_8_END\nCF_SINGULAR_MEMBER_9_END\nCF_SINGULAR_MEMBER_10_END\nCF_SINGULAR_MEMBER_11_END\nCF_SINGULAR_MEMBER_12_END\nCF_SINGULAR_MEMBER_13_END\nCF_SINGULAR_MEMBER_14_END\nCF_SINGULAR_MEMBER_15_END\nCF_SINGULAR_MEMBER_16_END\nCF_SINGULAR_MEMBER_17_END\nCF_SINGULAR_MEMBER_18_END\nCF_SINGULAR_MEMBER_19_END\nCF_SINGULAR_MEMBER_20_END\nCF_SINGULAR_MEMBER_21_END\nCF_SINGULAR_MEMBER_22_END\nCF_SINGULAR_MEMBER_23_END\nCF_SINGULAR_MEMBER_24_END\nCF_SINGULAR_MEMBER_25_END\nCF_SINGULAR_MEMBER_26_END\nCF_SINGULAR_MEMBER_27_END\nCF_SINGULAR_MEMBER_28_END\nCF_SINGULAR_MEMBER_29_END\nCF_SINGULAR_MEMBER_30_END\nCF_SINGULAR_MEMBER_31_END\nCF_SINGULAR_MEMBER_32_END\nCF_NO_SMOOTH_MEMBER\nCF_SCRIPT_COMPLETED_OK\n",
status := "no_smooth_in_batch",
witnessIndex := fail,
witnessVerificationPassed := false ), rec(
exitCode := 0,
numberOfMembersTested := 32,
prime := 13,
singularOutput := "CF_SINGULAR_MEMBER_1_END\nCF_SINGULAR_MEMBER_2_END\nCF_SINGULAR_MEMBER_3_END\nCF_SINGULAR_MEMBER_4_END\nCF_SINGULAR_MEMBER_5_END\nCF_SINGULAR_MEMBER_6_END\nCF_SINGULAR_MEMBER_7_END\nCF_SINGULAR_MEMBER_8_END\nCF_SINGULAR_MEMBER_9_END\nCF_SINGULAR_MEMBER_10_END\nCF_SINGULAR_MEMBER_11_END\nCF_SINGULAR_MEMBER_12_END\nCF_SINGULAR_MEMBER_13_END\nCF_SINGULAR_MEMBER_14_END\nCF_SINGULAR_MEMBER_15_END\nCF_SINGULAR_MEMBER_16_END\nCF_SINGULAR_MEMBER_17_END\nCF_SINGULAR_MEMBER_18_END\nCF_SINGULAR_MEMBER_19_END\nCF_SINGULAR_MEMBER_20_END\nCF_SINGULAR_MEMBER_21_END\nCF_SINGULAR_MEMBER_22_END\nCF_SINGULAR_MEMBER_23_END\nCF_SINGULAR_MEMBER_24_END\nCF_SINGULAR_MEMBER_25_END\nCF_SINGULAR_MEMBER_26_END\nCF_SINGULAR_MEMBER_27_END\nCF_SINGULAR_MEMBER_28_END\nCF_SINGULAR_MEMBER_29_END\nCF_SINGULAR_MEMBER_30_END\nCF_SINGULAR_MEMBER_31_END\nCF_SINGULAR_MEMBER_32_END\nCF_NO_SMOOTH_MEMBER\nCF_SCRIPT_COMPLETED_OK\n",
status := "no_smooth_in_batch",
witnessIndex := fail,
witnessVerificationPassed := false ), rec(
exitCode := 0,
numberOfMembersTested := 32,
prime := 17,
singularOutput := "CF_SINGULAR_MEMBER_1_END\nCF_SINGULAR_MEMBER_2_END\nCF_SINGULAR_MEMBER_3_END\nCF_SINGULAR_MEMBER_4_END\nCF_SINGULAR_MEMBER_5_END\nCF_SINGULAR_MEMBER_6_END\nCF_SINGULAR_MEMBER_7_END\nCF_SINGULAR_MEMBER_8_END\nCF_SINGULAR_MEMBER_9_END\nCF_SINGULAR_MEMBER_10_END\nCF_SINGULAR_MEMBER_11_END\nCF_SINGULAR_MEMBER_12_END\nCF_SINGULAR_MEMBER_13_END\nCF_SINGULAR_MEMBER_14_END\nCF_SINGULAR_MEMBER_15_END\nCF_SINGULAR_MEMBER_16_END\nCF_SINGULAR_MEMBER_17_END\nCF_SINGULAR_MEMBER_18_END\nCF_SINGULAR_MEMBER_19_END\nCF_SINGULAR_MEMBER_20_END\nCF_SINGULAR_MEMBER_21_END\nCF_SINGULAR_MEMBER_22_END\nCF_SINGULAR_MEMBER_23_END\nCF_SINGULAR_MEMBER_24_END\nCF_SINGULAR_MEMBER_25_END\nCF_SINGULAR_MEMBER_26_END\nCF_SINGULAR_MEMBER_27_END\nCF_SINGULAR_MEMBER_28_END\nCF_SINGULAR_MEMBER_29_END\nCF_SINGULAR_MEMBER_30_END\nCF_SINGULAR_MEMBER_31_END\nCF_SINGULAR_MEMBER_32_END\nCF_NO_SMOOTH_MEMBER\nCF_SCRIPT_COMPLETED_OK\n",
status := "no_smooth_in_batch",
witnessIndex := fail,
witnessVerificationPassed := false ) ],
method := "deterministic coefficient batch",
status := "no_smooth_witness" ),
guessedPolynomial := "(-2620031729/65691648)*x6^3 + (-12708167/10948608)*x5*x6^2 + (1361117/497664)*x5^2*x6 + (-443831/8211456)*x5^3 + (-15225/11264)*x4^3 + (-5101/1408)*x3*x4^2 + (2)*x3^2*x4 + (5)*x3^3 + (-2975/27-55825/1728*E(4))*x2*x4*x6 + (-553/27-7975/864*E(4))*x2*x4*x5 + (-3400/27-11011/216*E(4))*x2*x3*x6 + (-632/27-1573/108*E(4))*x2*x3*x5 + (-208)*x2^3 + (35/4+1771/128*E(4))*x1*x4*x6 + (119/8+253/64*E(4))*x1*x4*x5 + (10)*x1*x3*x6 + (17)*x1*x3*x5 + (312)*x1*x2^2 + (-156)*x1^2*x2 + (26)*x1^3",
isDirectKnownCase := false,
linearGId := [ 36, 6 ],
projectiveGId := [ 12, 1 ],
proofType := "the invariant basis has a nonempty exact common projective Jacobian locus",
status := "singular",
symplecticPart := "C3",
testedCoefficientCandidates := [ [ 2, 5, 10, 17, 26 ], [ 1, 1, 1, 1, 1 ], [ 1, 2, 3, 4, 5 ], [ 1, -2, 3, -4, 5 ], [ 1, 0, -1, 0, 3 ], [ 1, 0, 0, 0, 0 ], [ 0, 1, 0, 0, 0 ], [ 0, 0, 1, 0, 0 ], [ 0, 0, 0, 1, 0 ], [ 0, 0, 0, 0, 1 ], [ 1, 1, 0, 0, 0 ], [ 1, -1, 0, 0, 0 ], [ 1, 0, 1, 0, 0 ], [ 1, 0, -1, 0, 0 ], [ 1, 0, 0, 1, 0 ], [ 1, 0, 0, -1, 0 ], [ 1, 0, 0, 0, 1 ], [ 1, 0, 0, 0, -1 ], [ 0, 1, 1, 0, 0 ], [ 0, 1, -1, 0, 0 ], [ 0, 1, 0, 1, 0 ], [ 0, 1, 0, -1, 0 ], [ 0, 1, 0, 0, 1 ], [ 0, 1, 0, 0, -1 ], [ 0, 0, 1, 1, 0 ], [ 0, 0, 1, -1, 0 ], [ 0, 0, 1, 0, 1 ], [ 0, 0, 1, 0, -1 ], [ 0, 0, 0, 1, 1 ], [ 0, 0, 0, 1, -1 ], [ 8, -7, -8, -6, 8 ], [ 5, -1, -5, 4, -3 ] ] ), rec(
candidateNumber := 12,
centralizerDimension := 6,
commonSingularChart := 1,
componentIndex := 1,
componentLabel := "Koike (3.4), generic index 1",
cubicInvariantDimension := 8,
determinantImageOrder := 4,
exactCommonLocusTest := rec(
coefficientFieldConductor := 1,
exitCode := 0,
singularChart := 1,
singularOutput := "CF_EXACT_COMMON_SINGULAR_CHART_1\nCF_EXACT_COMMON_SINGULAR_POINT\nCF_SCRIPT_COMPLETED_OK\n",
status := "common_singular_point_exists" ),
familyDimension := 2,
familyIndexWithinCase := 4,
genericIndex := 1,
guessedCoefficients := [ 2, 5, 10, 17, 26, 37, 50, 65 ],
guessedMemberTest := rec(
coefficientCandidates := [ [ 2, 5, 10, 17, 26, 37, 50, 65 ], [ 1, 1, 1, 1, 1, 1, 1, 1 ], [ 1, 2, 3, 4, 5, 6, 7, 8 ], [ 1, -2, 3, -4, 5, -6, 7, -8 ], [ 1, 0, 0, -1, 0, 0, 0, 3 ], [ 1, 0, 0, 0, 0, 0, 0, 0 ], [ 0, 1, 0, 0, 0, 0, 0, 0 ], [ 0, 0, 1, 0, 0, 0, 0, 0 ], [ 0, 0, 0, 1, 0, 0, 0, 0 ], [ 0, 0, 0, 0, 1, 0, 0, 0 ], [ 0, 0, 0, 0, 0, 1, 0, 0 ], [ 0, 0, 0, 0, 0, 0, 1, 0 ], [ 0, 0, 0, 0, 0, 0, 0, 1 ], [ 1, 1, 0, 0, 0, 0, 0, 0 ], [ 1, -1, 0, 0, 0, 0, 0, 0 ], [ 1, 0, 1, 0, 0, 0, 0, 0 ], [ 1, 0, -1, 0, 0, 0, 0, 0 ], [ 1, 0, 0, 1, 0, 0, 0, 0 ], [ 1, 0, 0, -1, 0, 0, 0, 0 ], [ 1, 0, 0, 0, 1, 0, 0, 0 ], [ 1, 0, 0, 0, -1, 0, 0, 0 ], [ 1, 0, 0, 0, 0, 1, 0, 0 ], [ 1, 0, 0, 0, 0, -1, 0, 0 ], [ 1, 0, 0, 0, 0, 0, 1, 0 ], [ 1, 0, 0, 0, 0, 0, -1, 0 ], [ 1, 0, 0, 0, 0, 0, 0, 1 ], [ 1, 0, 0, 0, 0, 0, 0, -1 ], [ 0, 1, 1, 0, 0, 0, 0, 0 ], [ 0, 1, -1, 0, 0, 0, 0, 0 ], [ 0, 1, 0, 1, 0, 0, 0, 0 ], [ 0, 1, 0, -1, 0, 0, 0, 0 ], [ 0, 1, 0, 0, 1, 0, 0, 0 ] ],
coefficientFieldConductor := 1,
exactTrials := [ rec(
coefficients := [ 2, 5, 10, 17, 26, 37, 50, 65 ],
trial := rec(
coefficientFieldConductor := 1,
exitCode := 0,
singularChart := 1,
singularOutput := "CF_EXACT_SINGULAR_CHART_1\nCF_EXACT_SINGULAR\nCF_SCRIPT_COMPLETED_OK\n",
status := "exact_singular" ) ), rec(
coefficients := [ 1, 1, 1, 1, 1, 1, 1, 1 ],
trial := rec(
coefficientFieldConductor := 1,
exitCode := 0,
singularChart := 1,
singularOutput := "CF_EXACT_SINGULAR_CHART_1\nCF_EXACT_SINGULAR\nCF_SCRIPT_COMPLETED_OK\n",
status := "exact_singular" ) ), rec(
coefficients := [ 1, 2, 3, 4, 5, 6, 7, 8 ],
trial := rec(
coefficientFieldConductor := 1,
exitCode := 0,
singularChart := 1,
singularOutput := "CF_EXACT_SINGULAR_CHART_1\nCF_EXACT_SINGULAR\nCF_SCRIPT_COMPLETED_OK\n",
status := "exact_singular" ) ), rec(
coefficients := [ 1, -2, 3, -4, 5, -6, 7, -8 ],
trial := rec(
coefficientFieldConductor := 1,
exitCode := 0,
singularChart := 1,
singularOutput := "CF_EXACT_SINGULAR_CHART_1\nCF_EXACT_SINGULAR\nCF_SCRIPT_COMPLETED_OK\n",
status := "exact_singular" ) ), rec(
coefficients := [ 1, 0, 0, -1, 0, 0, 0, 3 ],
trial := rec(
coefficientFieldConductor := 1,
exitCode := 0,
singularChart := 1,
singularOutput := "CF_EXACT_SINGULAR_CHART_1\nCF_EXACT_SINGULAR\nCF_SCRIPT_COMPLETED_OK\n",
status := "exact_singular" ) ), rec(
coefficients := [ 1, 0, 0, 0, 0, 0, 0, 0 ],
trial := rec(
coefficientFieldConductor := 1,
exitCode := 0,
singularChart := 1,
singularOutput := "CF_EXACT_SINGULAR_CHART_1\nCF_EXACT_SINGULAR\nCF_SCRIPT_COMPLETED_OK\n",
status := "exact_singular" ) ) ],
finiteFieldTrials := [ rec(
exitCode := 0,
numberOfMembersTested := 32,
prime := 5,
singularOutput := "CF_SINGULAR_MEMBER_1_END\nCF_SINGULAR_MEMBER_2_END\nCF_SINGULAR_MEMBER_3_END\nCF_SINGULAR_MEMBER_4_END\nCF_SINGULAR_MEMBER_5_END\nCF_SINGULAR_MEMBER_6_END\nCF_SINGULAR_MEMBER_7_END\nCF_SINGULAR_MEMBER_8_END\nCF_SINGULAR_MEMBER_9_END\nCF_SINGULAR_MEMBER_10_END\nCF_SINGULAR_MEMBER_11_END\nCF_SINGULAR_MEMBER_12_END\nCF_SINGULAR_MEMBER_13_END\nCF_SINGULAR_MEMBER_14_END\nCF_SINGULAR_MEMBER_15_END\nCF_SINGULAR_MEMBER_16_END\nCF_SINGULAR_MEMBER_17_END\nCF_SINGULAR_MEMBER_18_END\nCF_SINGULAR_MEMBER_19_END\nCF_SINGULAR_MEMBER_20_END\nCF_SINGULAR_MEMBER_21_END\nCF_SINGULAR_MEMBER_22_END\nCF_SINGULAR_MEMBER_23_END\nCF_SINGULAR_MEMBER_24_END\nCF_SINGULAR_MEMBER_25_END\nCF_SINGULAR_MEMBER_26_END\nCF_SINGULAR_MEMBER_27_END\nCF_SINGULAR_MEMBER_28_END\nCF_SINGULAR_MEMBER_29_END\nCF_SINGULAR_MEMBER_30_END\nCF_SINGULAR_MEMBER_31_END\nCF_SINGULAR_MEMBER_32_END\nCF_NO_SMOOTH_MEMBER\nCF_SCRIPT_COMPLETED_OK\n",
status := "no_smooth_in_batch",
witnessIndex := fail,
witnessVerificationPassed := false ), rec(
exitCode := 0,
numberOfMembersTested := 32,
prime := 7,
singularOutput := "CF_SINGULAR_MEMBER_1_END\nCF_SINGULAR_MEMBER_2_END\nCF_SINGULAR_MEMBER_3_END\nCF_SINGULAR_MEMBER_4_END\nCF_SINGULAR_MEMBER_5_END\nCF_SINGULAR_MEMBER_6_END\nCF_SINGULAR_MEMBER_7_END\nCF_SINGULAR_MEMBER_8_END\nCF_SINGULAR_MEMBER_9_END\nCF_SINGULAR_MEMBER_10_END\nCF_SINGULAR_MEMBER_11_END\nCF_SINGULAR_MEMBER_12_END\nCF_SINGULAR_MEMBER_13_END\nCF_SINGULAR_MEMBER_14_END\nCF_SINGULAR_MEMBER_15_END\nCF_SINGULAR_MEMBER_16_END\nCF_SINGULAR_MEMBER_17_END\nCF_SINGULAR_MEMBER_18_END\nCF_SINGULAR_MEMBER_19_END\nCF_SINGULAR_MEMBER_20_END\nCF_SINGULAR_MEMBER_21_END\nCF_SINGULAR_MEMBER_22_END\nCF_SINGULAR_MEMBER_23_END\nCF_SINGULAR_MEMBER_24_END\nCF_SINGULAR_MEMBER_25_END\nCF_SINGULAR_MEMBER_26_END\nCF_SINGULAR_MEMBER_27_END\nCF_SINGULAR_MEMBER_28_END\nCF_SINGULAR_MEMBER_29_END\nCF_SINGULAR_MEMBER_30_END\nCF_SINGULAR_MEMBER_31_END\nCF_SINGULAR_MEMBER_32_END\nCF_NO_SMOOTH_MEMBER\nCF_SCRIPT_COMPLETED_OK\n",
status := "no_smooth_in_batch",
witnessIndex := fail,
witnessVerificationPassed := false ), rec(
exitCode := 0,
numberOfMembersTested := 32,
prime := 11,
singularOutput := "CF_SINGULAR_MEMBER_1_END\nCF_SINGULAR_MEMBER_2_END\nCF_SINGULAR_MEMBER_3_END\nCF_SINGULAR_MEMBER_4_END\nCF_SINGULAR_MEMBER_5_END\nCF_SINGULAR_MEMBER_6_END\nCF_SINGULAR_MEMBER_7_END\nCF_SINGULAR_MEMBER_8_END\nCF_SINGULAR_MEMBER_9_END\nCF_SINGULAR_MEMBER_10_END\nCF_SINGULAR_MEMBER_11_END\nCF_SINGULAR_MEMBER_12_END\nCF_SINGULAR_MEMBER_13_END\nCF_SINGULAR_MEMBER_14_END\nCF_SINGULAR_MEMBER_15_END\nCF_SINGULAR_MEMBER_16_END\nCF_SINGULAR_MEMBER_17_END\nCF_SINGULAR_MEMBER_18_END\nCF_SINGULAR_MEMBER_19_END\nCF_SINGULAR_MEMBER_20_END\nCF_SINGULAR_MEMBER_21_END\nCF_SINGULAR_MEMBER_22_END\nCF_SINGULAR_MEMBER_23_END\nCF_SINGULAR_MEMBER_24_END\nCF_SINGULAR_MEMBER_25_END\nCF_SINGULAR_MEMBER_26_END\nCF_SINGULAR_MEMBER_27_END\nCF_SINGULAR_MEMBER_28_END\nCF_SINGULAR_MEMBER_29_END\nCF_SINGULAR_MEMBER_30_END\nCF_SINGULAR_MEMBER_31_END\nCF_SINGULAR_MEMBER_32_END\nCF_NO_SMOOTH_MEMBER\nCF_SCRIPT_COMPLETED_OK\n",
status := "no_smooth_in_batch",
witnessIndex := fail,
witnessVerificationPassed := false ) ],
method := "deterministic coefficient batch",
status := "no_smooth_witness" ),
guessedPolynomial := "(-14375285/78732)*x6^3 + (612931/13122)*x5*x6^2 + (-54373/13122)*x5^2*x6 + (-2734/19683)*x5^3 + (2)*x4^3 + (5)*x3*x4^2 + (10)*x3^2*x4 + (17)*x3^3 + (-5084/19)*x2*x4*x6 + (-52)*x2*x4*x5 + (-74)*x2*x3*x6 + (-100)*x2*x3*x5 + (-520)*x2^3 + (2542/19)*x1*x4*x6 + (26)*x1*x4*x5 + (37)*x1*x3*x6 + (50)*x1*x3*x5 + (780)*x1*x2^2 + (-390)*x1^2*x2 + (65)*x1^3",
isDirectKnownCase := false,
linearGId := [ 36, 6 ],
projectiveGId := [ 12, 1 ],
proofType := "the invariant basis has a nonempty exact common projective Jacobian locus",
status := "singular",
symplecticPart := "C3",
testedCoefficientCandidates := [ [ 2, 5, 10, 17, 26, 37, 50, 65 ], [ 1, 1, 1, 1, 1, 1, 1, 1 ], [ 1, 2, 3, 4, 5, 6, 7, 8 ], [ 1, -2, 3, -4, 5, -6, 7, -8 ], [ 1, 0, 0, -1, 0, 0, 0, 3 ], [ 1, 0, 0, 0, 0, 0, 0, 0 ], [ 0, 1, 0, 0, 0, 0, 0, 0 ], [ 0, 0, 1, 0, 0, 0, 0, 0 ], [ 0, 0, 0, 1, 0, 0, 0, 0 ], [ 0, 0, 0, 0, 1, 0, 0, 0 ], [ 0, 0, 0, 0, 0, 1, 0, 0 ], [ 0, 0, 0, 0, 0, 0, 1, 0 ], [ 0, 0, 0, 0, 0, 0, 0, 1 ], [ 1, 1, 0, 0, 0, 0, 0, 0 ], [ 1, -1, 0, 0, 0, 0, 0, 0 ], [ 1, 0, 1, 0, 0, 0, 0, 0 ], [ 1, 0, -1, 0, 0, 0, 0, 0 ], [ 1, 0, 0, 1, 0, 0, 0, 0 ], [ 1, 0, 0, -1, 0, 0, 0, 0 ], [ 1, 0, 0, 0, 1, 0, 0, 0 ], [ 1, 0, 0, 0, -1, 0, 0, 0 ], [ 1, 0, 0, 0, 0, 1, 0, 0 ], [ 1, 0, 0, 0, 0, -1, 0, 0 ], [ 1, 0, 0, 0, 0, 0, 1, 0 ], [ 1, 0, 0, 0, 0, 0, -1, 0 ], [ 1, 0, 0, 0, 0, 0, 0, 1 ], [ 1, 0, 0, 0, 0, 0, 0, -1 ], [ 0, 1, 1, 0, 0, 0, 0, 0 ], [ 0, 1, -1, 0, 0, 0, 0, 0 ], [ 0, 1, 0, 1, 0, 0, 0, 0 ], [ 0, 1, 0, -1, 0, 0, 0, 0 ], [ 0, 1, 0, 0, 1, 0, 0, 0 ] ] ), rec(
candidateNumber := 13,
centralizerDimension := 4,
commonSingularChart := 1,
componentIndex := 1,
componentLabel := "Koike (3.4), generic index 1",
cubicInvariantDimension := 4,
determinantImageOrder := 12,
exactCommonLocusTest := rec(
coefficientFieldConductor := 1,
exitCode := 0,
singularChart := 1,
singularOutput := "CF_EXACT_COMMON_SINGULAR_CHART_1\nCF_EXACT_COMMON_SINGULAR_POINT\nCF_SCRIPT_COMPLETED_OK\n",
status := "common_singular_point_exists" ),
familyDimension := 0,
familyIndexWithinCase := 1,
genericIndex := 1,
guessedCoefficients := [ 2, 5, 10, 17 ],
guessedMemberTest := rec(
coefficientCandidates := [ [ 2, 5, 10, 17 ], [ 1, 1, 1, 1 ], [ 1, 2, 3, 4 ], [ 1, -2, 3, -4 ], [ 1, -1, 0, 3 ], [ 1, 0, 0, 0 ], [ 0, 1, 0, 0 ], [ 0, 0, 1, 0 ], [ 0, 0, 0, 1 ], [ 1, 1, 0, 0 ], [ 1, -1, 0, 0 ], [ 1, 0, 1, 0 ], [ 1, 0, -1, 0 ], [ 1, 0, 0, 1 ], [ 1, 0, 0, -1 ], [ 0, 1, 1, 0 ], [ 0, 1, -1, 0 ], [ 0, 1, 0, 1 ], [ 0, 1, 0, -1 ], [ 0, 0, 1, 1 ], [ 0, 0, 1, -1 ], [ -6, 10, 6, -11 ], [ -10, 10, 9, 1 ], [ -5, -2, -3, -10 ], [ -9, -7, 3, 10 ], [ -1, -3, -2, -5 ], [ -1, -5, 11, 6 ], [ 1, -7, 7, 9 ], [ -2, 4, 1, -7 ], [ -9, -7, 3, -5 ], [ 1, -1, -6, -2 ], [ -9, 6, -1, 9 ] ],
coefficientFieldConductor := 1,
exactTrials := [ rec(
coefficients := [ 2, 5, 10, 17 ],
trial := rec(
coefficientFieldConductor := 1,
exitCode := 0,
singularChart := 1,
singularOutput := "CF_EXACT_SINGULAR_CHART_1\nCF_EXACT_SINGULAR\nCF_SCRIPT_COMPLETED_OK\n",
status := "exact_singular" ) ), rec(
coefficients := [ 1, 1, 1, 1 ],
trial := rec(
coefficientFieldConductor := 1,
exitCode := 0,
singularChart := 1,
singularOutput := "CF_EXACT_SINGULAR_CHART_1\nCF_EXACT_SINGULAR\nCF_SCRIPT_COMPLETED_OK\n",
status := "exact_singular" ) ), rec(
coefficients := [ 1, 2, 3, 4 ],
trial := rec(
coefficientFieldConductor := 1,
exitCode := 0,
singularChart := 1,
singularOutput := "CF_EXACT_SINGULAR_CHART_1\nCF_EXACT_SINGULAR\nCF_SCRIPT_COMPLETED_OK\n",
status := "exact_singular" ) ), rec(
coefficients := [ 1, -2, 3, -4 ],
trial := rec(
coefficientFieldConductor := 1,
exitCode := 0,
singularChart := 1,
singularOutput := "CF_EXACT_SINGULAR_CHART_1\nCF_EXACT_SINGULAR\nCF_SCRIPT_COMPLETED_OK\n",
status := "exact_singular" ) ), rec(
coefficients := [ 1, -1, 0, 3 ],
trial := rec(
coefficientFieldConductor := 1,
exitCode := 0,
singularChart := 1,
singularOutput := "CF_EXACT_SINGULAR_CHART_1\nCF_EXACT_SINGULAR\nCF_SCRIPT_COMPLETED_OK\n",
status := "exact_singular" ) ), rec(
coefficients := [ 1, 0, 0, 0 ],
trial := rec(
coefficientFieldConductor := 1,
exitCode := 0,
singularChart := 1,
singularOutput := "CF_EXACT_SINGULAR_CHART_1\nCF_EXACT_SINGULAR\nCF_SCRIPT_COMPLETED_OK\n",
status := "exact_singular" ) ) ],
finiteFieldTrials := [ rec(
exitCode := 0,
numberOfMembersTested := 31,
prime := 5,
singularOutput := "CF_SINGULAR_MEMBER_1_END\nCF_SINGULAR_MEMBER_2_END\nCF_SINGULAR_MEMBER_3_END\nCF_SINGULAR_MEMBER_4_END\nCF_SINGULAR_MEMBER_5_END\nCF_SINGULAR_MEMBER_6_END\nCF_SINGULAR_MEMBER_7_END\nCF_SINGULAR_MEMBER_8_END\nCF_SINGULAR_MEMBER_9_END\nCF_SINGULAR_MEMBER_10_END\nCF_SINGULAR_MEMBER_11_END\nCF_SINGULAR_MEMBER_12_END\nCF_SINGULAR_MEMBER_13_END\nCF_SINGULAR_MEMBER_14_END\nCF_SINGULAR_MEMBER_15_END\nCF_SINGULAR_MEMBER_16_END\nCF_SINGULAR_MEMBER_17_END\nCF_SINGULAR_MEMBER_18_END\nCF_SINGULAR_MEMBER_19_END\nCF_SINGULAR_MEMBER_20_END\nCF_SINGULAR_MEMBER_21_END\nCF_SINGULAR_MEMBER_22_END\nCF_SINGULAR_MEMBER_23_END\nCF_SINGULAR_MEMBER_24_END\nCF_SINGULAR_MEMBER_25_END\nCF_SINGULAR_MEMBER_26_END\nCF_SINGULAR_MEMBER_27_END\nCF_SINGULAR_MEMBER_28_END\nCF_SINGULAR_MEMBER_29_END\nCF_SINGULAR_MEMBER_30_END\nCF_SINGULAR_MEMBER_31_END\nCF_NO_SMOOTH_MEMBER\nCF_SCRIPT_COMPLETED_OK\n",
status := "no_smooth_in_batch",
witnessIndex := fail,
witnessVerificationPassed := false ), rec(
exitCode := 0,
numberOfMembersTested := 32,
prime := 7,
singularOutput := "CF_SINGULAR_MEMBER_1_END\nCF_SINGULAR_MEMBER_2_END\nCF_SINGULAR_MEMBER_3_END\nCF_SINGULAR_MEMBER_4_END\nCF_SINGULAR_MEMBER_5_END\nCF_SINGULAR_MEMBER_6_END\nCF_SINGULAR_MEMBER_7_END\nCF_SINGULAR_MEMBER_8_END\nCF_SINGULAR_MEMBER_9_END\nCF_SINGULAR_MEMBER_10_END\nCF_SINGULAR_MEMBER_11_END\nCF_SINGULAR_MEMBER_12_END\nCF_SINGULAR_MEMBER_13_END\nCF_SINGULAR_MEMBER_14_END\nCF_SINGULAR_MEMBER_15_END\nCF_SINGULAR_MEMBER_16_END\nCF_SINGULAR_MEMBER_17_END\nCF_SINGULAR_MEMBER_18_END\nCF_SINGULAR_MEMBER_19_END\nCF_SINGULAR_MEMBER_20_END\nCF_SINGULAR_MEMBER_21_END\nCF_SINGULAR_MEMBER_22_END\nCF_SINGULAR_MEMBER_23_END\nCF_SINGULAR_MEMBER_24_END\nCF_SINGULAR_MEMBER_25_END\nCF_SINGULAR_MEMBER_26_END\nCF_SINGULAR_MEMBER_27_END\nCF_SINGULAR_MEMBER_28_END\nCF_SINGULAR_MEMBER_29_END\nCF_SINGULAR_MEMBER_30_END\nCF_SINGULAR_MEMBER_31_END\nCF_SINGULAR_MEMBER_32_END\nCF_NO_SMOOTH_MEMBER\nCF_SCRIPT_COMPLETED_OK\n",
status := "no_smooth_in_batch",
witnessIndex := fail,
witnessVerificationPassed := false ), rec(
exitCode := 0,
numberOfMembersTested := 32,
prime := 13,
singularOutput := "CF_SINGULAR_MEMBER_1_END\nCF_SINGULAR_MEMBER_2_END\nCF_SINGULAR_MEMBER_3_END\nCF_SINGULAR_MEMBER_4_END\nCF_SINGULAR_MEMBER_5_END\nCF_SINGULAR_MEMBER_6_END\nCF_SINGULAR_MEMBER_7_END\nCF_SINGULAR_MEMBER_8_END\nCF_SINGULAR_MEMBER_9_END\nCF_SINGULAR_MEMBER_10_END\nCF_SINGULAR_MEMBER_11_END\nCF_SINGULAR_MEMBER_12_END\nCF_SINGULAR_MEMBER_13_END\nCF_SINGULAR_MEMBER_14_END\nCF_SINGULAR_MEMBER_15_END\nCF_SINGULAR_MEMBER_16_END\nCF_SINGULAR_MEMBER_17_END\nCF_SINGULAR_MEMBER_18_END\nCF_SINGULAR_MEMBER_19_END\nCF_SINGULAR_MEMBER_20_END\nCF_SINGULAR_MEMBER_21_END\nCF_SINGULAR_MEMBER_22_END\nCF_SINGULAR_MEMBER_23_END\nCF_SINGULAR_MEMBER_24_END\nCF_SINGULAR_MEMBER_25_END\nCF_SINGULAR_MEMBER_26_END\nCF_SINGULAR_MEMBER_27_END\nCF_SINGULAR_MEMBER_28_END\nCF_SINGULAR_MEMBER_29_END\nCF_SINGULAR_MEMBER_30_END\nCF_SINGULAR_MEMBER_31_END\nCF_SINGULAR_MEMBER_32_END\nCF_NO_SMOOTH_MEMBER\nCF_SCRIPT_COMPLETED_OK\n",
status := "no_smooth_in_batch",
witnessIndex := fail,
witnessVerificationPassed := false ) ],
method := "deterministic coefficient batch",
status := "no_smooth_witness" ),
guessedPolynomial := "(-2201575625/849907872)*x6^3 + (-689375/35412828)*x5*x6^2 + (-8042500/8853207)*x5^2*x6 + (-8406875/26559621)*x5^3 + (1293/484)*x4^3 + (53/22)*x3*x4^2 + (2)*x3^2*x4 + (5)*x3^3 + (200/11)*x2*x4*x6 + (-20/11)*x2*x4*x5 + (200)*x2*x3*x6 + (-20)*x2*x3*x5 + (-136)*x2^3 + (-100/11)*x1*x4*x6 + (10/11)*x1*x4*x5 + (-100)*x1*x3*x6 + (10)*x1*x3*x5 + (204)*x1*x2^2 + (-102)*x1^2*x2 + (17)*x1^3",
isDirectKnownCase := false,
linearGId := [ 108, 32 ],
projectiveGId := [ 36, 6 ],
proofType := "the invariant basis has a nonempty exact common projective Jacobian locus",
status := "singular",
symplecticPart := "C3",
testedCoefficientCandidates := [ [ 2, 5, 10, 17 ], [ 1, 1, 1, 1 ], [ 1, 2, 3, 4 ], [ 1, -2, 3, -4 ], [ 1, -1, 0, 3 ], [ 1, 0, 0, 0 ], [ 0, 1, 0, 0 ], [ 0, 0, 1, 0 ], [ 0, 0, 0, 1 ], [ 1, 1, 0, 0 ], [ 1, -1, 0, 0 ], [ 1, 0, 1, 0 ], [ 1, 0, -1, 0 ], [ 1, 0, 0, 1 ], [ 1, 0, 0, -1 ], [ 0, 1, 1, 0 ], [ 0, 1, -1, 0 ], [ 0, 1, 0, 1 ], [ 0, 1, 0, -1 ], [ 0, 0, 1, 1 ], [ 0, 0, 1, -1 ], [ -6, 10, 6, -11 ], [ -10, 10, 9, 1 ], [ -5, -2, -3, -10 ], [ -9, -7, 3, 10 ], [ -1, -3, -2, -5 ], [ -1, -5, 11, 6 ], [ 1, -7, 7, 9 ], [ -2, 4, 1, -7 ], [ -9, -7, 3, -5 ], [ 1, -1, -6, -2 ], [ -9, 6, -1, 9 ] ] ), rec(
candidateNumber := 14,
centralizerDimension := 4,
commonSingularChart := 1,
componentIndex := 1,
componentLabel := "Koike (3.4), generic index 1",
cubicInvariantDimension := 4,
determinantImageOrder := 12,
exactCommonLocusTest := rec(
coefficientFieldConductor := 1,
exitCode := 0,
singularChart := 1,
singularOutput := "CF_EXACT_COMMON_SINGULAR_CHART_1\nCF_EXACT_COMMON_SINGULAR_POINT\nCF_SCRIPT_COMPLETED_OK\n",
status := "common_singular_point_exists" ),
familyDimension := 0,
familyIndexWithinCase := 2,
genericIndex := 1,
guessedCoefficients := [ 2, 5, 10, 17 ],
guessedMemberTest := rec(
coefficientCandidates := [ [ 2, 5, 10, 17 ], [ 1, 1, 1, 1 ], [ 1, 2, 3, 4 ], [ 1, -2, 3, -4 ], [ 1, -1, 0, 3 ], [ 1, 0, 0, 0 ], [ 0, 1, 0, 0 ], [ 0, 0, 1, 0 ], [ 0, 0, 0, 1 ], [ 1, 1, 0, 0 ], [ 1, -1, 0, 0 ], [ 1, 0, 1, 0 ], [ 1, 0, -1, 0 ], [ 1, 0, 0, 1 ], [ 1, 0, 0, -1 ], [ 0, 1, 1, 0 ], [ 0, 1, -1, 0 ], [ 0, 1, 0, 1 ], [ 0, 1, 0, -1 ], [ 0, 0, 1, 1 ], [ 0, 0, 1, -1 ], [ -6, 10, 6, -11 ], [ -10, 10, 9, 1 ], [ -5, -2, -3, -10 ], [ -9, -7, 3, 10 ], [ -1, -3, -2, -5 ], [ -1, -5, 11, 6 ], [ 1, -7, 7, 9 ], [ -2, 4, 1, -7 ], [ -9, -7, 3, -5 ], [ 1, -1, -6, -2 ], [ -9, 6, -1, 9 ] ],
coefficientFieldConductor := 1,
exactTrials := [ rec(
coefficients := [ 2, 5, 10, 17 ],
trial := rec(
coefficientFieldConductor := 1,
exitCode := 0,
singularChart := 1,
singularOutput := "CF_EXACT_SINGULAR_CHART_1\nCF_EXACT_SINGULAR\nCF_SCRIPT_COMPLETED_OK\n",
status := "exact_singular" ) ), rec(
coefficients := [ 1, 1, 1, 1 ],
trial := rec(
coefficientFieldConductor := 1,
exitCode := 0,
singularChart := 1,
singularOutput := "CF_EXACT_SINGULAR_CHART_1\nCF_EXACT_SINGULAR\nCF_SCRIPT_COMPLETED_OK\n",
status := "exact_singular" ) ), rec(
coefficients := [ 1, 2, 3, 4 ],
trial := rec(
coefficientFieldConductor := 1,
exitCode := 0,
singularChart := 1,
singularOutput := "CF_EXACT_SINGULAR_CHART_1\nCF_EXACT_SINGULAR\nCF_SCRIPT_COMPLETED_OK\n",
status := "exact_singular" ) ), rec(
coefficients := [ 1, -2, 3, -4 ],
trial := rec(
coefficientFieldConductor := 1,
exitCode := 0,
singularChart := 1,
singularOutput := "CF_EXACT_SINGULAR_CHART_1\nCF_EXACT_SINGULAR\nCF_SCRIPT_COMPLETED_OK\n",
status := "exact_singular" ) ), rec(
coefficients := [ 1, -1, 0, 3 ],
trial := rec(
coefficientFieldConductor := 1,
exitCode := 0,
singularChart := 1,
singularOutput := "CF_EXACT_SINGULAR_CHART_1\nCF_EXACT_SINGULAR\nCF_SCRIPT_COMPLETED_OK\n",
status := "exact_singular" ) ), rec(
coefficients := [ 1, 0, 0, 0 ],
trial := rec(
coefficientFieldConductor := 1,
exitCode := 0,
singularChart := 1,
singularOutput := "CF_EXACT_SINGULAR_CHART_1\nCF_EXACT_SINGULAR\nCF_SCRIPT_COMPLETED_OK\n",
status := "exact_singular" ) ) ],
finiteFieldTrials := [ rec(
exitCode := 0,
numberOfMembersTested := 31,
prime := 5,
singularOutput := "CF_SINGULAR_MEMBER_1_END\nCF_SINGULAR_MEMBER_2_END\nCF_SINGULAR_MEMBER_3_END\nCF_SINGULAR_MEMBER_4_END\nCF_SINGULAR_MEMBER_5_END\nCF_SINGULAR_MEMBER_6_END\nCF_SINGULAR_MEMBER_7_END\nCF_SINGULAR_MEMBER_8_END\nCF_SINGULAR_MEMBER_9_END\nCF_SINGULAR_MEMBER_10_END\nCF_SINGULAR_MEMBER_11_END\nCF_SINGULAR_MEMBER_12_END\nCF_SINGULAR_MEMBER_13_END\nCF_SINGULAR_MEMBER_14_END\nCF_SINGULAR_MEMBER_15_END\nCF_SINGULAR_MEMBER_16_END\nCF_SINGULAR_MEMBER_17_END\nCF_SINGULAR_MEMBER_18_END\nCF_SINGULAR_MEMBER_19_END\nCF_SINGULAR_MEMBER_20_END\nCF_SINGULAR_MEMBER_21_END\nCF_SINGULAR_MEMBER_22_END\nCF_SINGULAR_MEMBER_23_END\nCF_SINGULAR_MEMBER_24_END\nCF_SINGULAR_MEMBER_25_END\nCF_SINGULAR_MEMBER_26_END\nCF_SINGULAR_MEMBER_27_END\nCF_SINGULAR_MEMBER_28_END\nCF_SINGULAR_MEMBER_29_END\nCF_SINGULAR_MEMBER_30_END\nCF_SINGULAR_MEMBER_31_END\nCF_NO_SMOOTH_MEMBER\nCF_SCRIPT_COMPLETED_OK\n",
status := "no_smooth_in_batch",
witnessIndex := fail,
witnessVerificationPassed := false ), rec(
exitCode := 0,
numberOfMembersTested := 32,
prime := 7,
singularOutput := "CF_SINGULAR_MEMBER_1_END\nCF_SINGULAR_MEMBER_2_END\nCF_SINGULAR_MEMBER_3_END\nCF_SINGULAR_MEMBER_4_END\nCF_SINGULAR_MEMBER_5_END\nCF_SINGULAR_MEMBER_6_END\nCF_SINGULAR_MEMBER_7_END\nCF_SINGULAR_MEMBER_8_END\nCF_SINGULAR_MEMBER_9_END\nCF_SINGULAR_MEMBER_10_END\nCF_SINGULAR_MEMBER_11_END\nCF_SINGULAR_MEMBER_12_END\nCF_SINGULAR_MEMBER_13_END\nCF_SINGULAR_MEMBER_14_END\nCF_SINGULAR_MEMBER_15_END\nCF_SINGULAR_MEMBER_16_END\nCF_SINGULAR_MEMBER_17_END\nCF_SINGULAR_MEMBER_18_END\nCF_SINGULAR_MEMBER_19_END\nCF_SINGULAR_MEMBER_20_END\nCF_SINGULAR_MEMBER_21_END\nCF_SINGULAR_MEMBER_22_END\nCF_SINGULAR_MEMBER_23_END\nCF_SINGULAR_MEMBER_24_END\nCF_SINGULAR_MEMBER_25_END\nCF_SINGULAR_MEMBER_26_END\nCF_SINGULAR_MEMBER_27_END\nCF_SINGULAR_MEMBER_28_END\nCF_SINGULAR_MEMBER_29_END\nCF_SINGULAR_MEMBER_30_END\nCF_SINGULAR_MEMBER_31_END\nCF_SINGULAR_MEMBER_32_END\nCF_NO_SMOOTH_MEMBER\nCF_SCRIPT_COMPLETED_OK\n",
status := "no_smooth_in_batch",
witnessIndex := fail,
witnessVerificationPassed := false ), rec(
exitCode := 0,
numberOfMembersTested := 32,
prime := 11,
singularOutput := "CF_SINGULAR_MEMBER_1_END\nCF_SINGULAR_MEMBER_2_END\nCF_SINGULAR_MEMBER_3_END\nCF_SINGULAR_MEMBER_4_END\nCF_SINGULAR_MEMBER_5_END\nCF_SINGULAR_MEMBER_6_END\nCF_SINGULAR_MEMBER_7_END\nCF_SINGULAR_MEMBER_8_END\nCF_SINGULAR_MEMBER_9_END\nCF_SINGULAR_MEMBER_10_END\nCF_SINGULAR_MEMBER_11_END\nCF_SINGULAR_MEMBER_12_END\nCF_SINGULAR_MEMBER_13_END\nCF_SINGULAR_MEMBER_14_END\nCF_SINGULAR_MEMBER_15_END\nCF_SINGULAR_MEMBER_16_END\nCF_SINGULAR_MEMBER_17_END\nCF_SINGULAR_MEMBER_18_END\nCF_SINGULAR_MEMBER_19_END\nCF_SINGULAR_MEMBER_20_END\nCF_SINGULAR_MEMBER_21_END\nCF_SINGULAR_MEMBER_22_END\nCF_SINGULAR_MEMBER_23_END\nCF_SINGULAR_MEMBER_24_END\nCF_SINGULAR_MEMBER_25_END\nCF_SINGULAR_MEMBER_26_END\nCF_SINGULAR_MEMBER_27_END\nCF_SINGULAR_MEMBER_28_END\nCF_SINGULAR_MEMBER_29_END\nCF_SINGULAR_MEMBER_30_END\nCF_SINGULAR_MEMBER_31_END\nCF_SINGULAR_MEMBER_32_END\nCF_NO_SMOOTH_MEMBER\nCF_SCRIPT_COMPLETED_OK\n",
status := "no_smooth_in_batch",
witnessIndex := fail,
witnessVerificationPassed := false ) ],
method := "deterministic coefficient batch",
status := "no_smooth_witness" ),
guessedPolynomial := "(-792099/12167)*x6^3 + (-2903931/12167)*x5*x6^2 + (-8922393/24334)*x5^2*x6 + (-2487996/12167)*x5^3 + (12621/16)*x4^3 + (1369/8)*x3*x4^2 + (2)*x3^2*x4 + (5)*x3^3 + (-245/4)*x2*x4*x6 + (-70)*x2*x4*x5 + (-35/2)*x2*x3*x6 + (-20)*x2*x3*x5 + (-136)*x2^3 + (245/8)*x1*x4*x6 + (35)*x1*x4*x5 + (35/4)*x1*x3*x6 + (10)*x1*x3*x5 + (204)*x1*x2^2 + (-102)*x1^2*x2 + (17)*x1^3",
isDirectKnownCase := false,
linearGId := [ 108, 32 ],
projectiveGId := [ 36, 6 ],
proofType := "the invariant basis has a nonempty exact common projective Jacobian locus",
status := "singular",
symplecticPart := "C3",
testedCoefficientCandidates := [ [ 2, 5, 10, 17 ], [ 1, 1, 1, 1 ], [ 1, 2, 3, 4 ], [ 1, -2, 3, -4 ], [ 1, -1, 0, 3 ], [ 1, 0, 0, 0 ], [ 0, 1, 0, 0 ], [ 0, 0, 1, 0 ], [ 0, 0, 0, 1 ], [ 1, 1, 0, 0 ], [ 1, -1, 0, 0 ], [ 1, 0, 1, 0 ], [ 1, 0, -1, 0 ], [ 1, 0, 0, 1 ], [ 1, 0, 0, -1 ], [ 0, 1, 1, 0 ], [ 0, 1, -1, 0 ], [ 0, 1, 0, 1 ], [ 0, 1, 0, -1 ], [ 0, 0, 1, 1 ], [ 0, 0, 1, -1 ], [ -6, 10, 6, -11 ], [ -10, 10, 9, 1 ], [ -5, -2, -3, -10 ], [ -9, -7, 3, 10 ], [ -1, -3, -2, -5 ], [ -1, -5, 11, 6 ], [ 1, -7, 7, 9 ], [ -2, 4, 1, -7 ], [ -9, -7, 3, -5 ], [ 1, -1, -6, -2 ], [ -9, 6, -1, 9 ] ] ), rec(
candidateNumber := 15,
centralizerDimension := 4,
commonSingularChart := 1,
componentIndex := 1,
componentLabel := "Koike (3.4), generic index 1",
cubicInvariantDimension := 4,
determinantImageOrder := 12,
exactCommonLocusTest := rec(
coefficientFieldConductor := 12,
exitCode := 0,
singularChart := 1,
singularOutput := "CF_EXACT_COMMON_SINGULAR_CHART_1\nCF_EXACT_COMMON_SINGULAR_POINT\nCF_SCRIPT_COMPLETED_OK\n",
status := "common_singular_point_exists" ),
familyDimension := 0,
familyIndexWithinCase := 3,
genericIndex := 1,
guessedCoefficients := [ 2, 5, 10, 17 ],
guessedMemberTest := rec(
coefficientCandidates := [ [ 2, 5, 10, 17 ], [ 1, 1, 1, 1 ], [ 1, 2, 3, 4 ], [ 1, -2, 3, -4 ], [ 1, -1, 0, 3 ], [ 1, 0, 0, 0 ], [ 0, 1, 0, 0 ], [ 0, 0, 1, 0 ], [ 0, 0, 0, 1 ], [ 1, 1, 0, 0 ], [ 1, -1, 0, 0 ], [ 1, 0, 1, 0 ], [ 1, 0, -1, 0 ], [ 1, 0, 0, 1 ], [ 1, 0, 0, -1 ], [ 0, 1, 1, 0 ], [ 0, 1, -1, 0 ], [ 0, 1, 0, 1 ], [ 0, 1, 0, -1 ], [ 0, 0, 1, 1 ], [ 0, 0, 1, -1 ], [ -6, 10, 6, -11 ], [ -10, 10, 9, 1 ], [ -5, -2, -3, -10 ], [ -9, -7, 3, 10 ], [ -1, -3, -2, -5 ], [ -1, -5, 11, 6 ], [ 1, -7, 7, 9 ], [ -2, 4, 1, -7 ], [ -9, -7, 3, -5 ], [ 1, -1, -6, -2 ], [ -9, 6, -1, 9 ] ],
coefficientFieldConductor := 12,
exactTrials := [ rec(
coefficients := [ 2, 5, 10, 17 ],
trial := rec(
coefficientFieldConductor := 12,
exitCode := 0,
singularChart := 1,
singularOutput := "CF_EXACT_SINGULAR_CHART_1\nCF_EXACT_SINGULAR\nCF_SCRIPT_COMPLETED_OK\n",
status := "exact_singular" ) ), rec(
coefficients := [ 1, 1, 1, 1 ],
trial := rec(
coefficientFieldConductor := 12,
exitCode := 0,
singularChart := 1,
singularOutput := "CF_EXACT_SINGULAR_CHART_1\nCF_EXACT_SINGULAR\nCF_SCRIPT_COMPLETED_OK\n",
status := "exact_singular" ) ), rec(
coefficients := [ 1, 2, 3, 4 ],
trial := rec(
coefficientFieldConductor := 12,
exitCode := 0,
singularChart := 1,
singularOutput := "CF_EXACT_SINGULAR_CHART_1\nCF_EXACT_SINGULAR\nCF_SCRIPT_COMPLETED_OK\n",
status := "exact_singular" ) ), rec(
coefficients := [ 1, -2, 3, -4 ],
trial := rec(
coefficientFieldConductor := 12,
exitCode := 0,
singularChart := 1,
singularOutput := "CF_EXACT_SINGULAR_CHART_1\nCF_EXACT_SINGULAR\nCF_SCRIPT_COMPLETED_OK\n",
status := "exact_singular" ) ), rec(
coefficients := [ 1, -1, 0, 3 ],
trial := rec(
coefficientFieldConductor := 12,
exitCode := 0,
singularChart := 1,
singularOutput := "CF_EXACT_SINGULAR_CHART_1\nCF_EXACT_SINGULAR\nCF_SCRIPT_COMPLETED_OK\n",
status := "exact_singular" ) ), rec(
coefficients := [ 1, 0, 0, 0 ],
trial := rec(
coefficientFieldConductor := 12,
exitCode := 0,
singularChart := 1,
singularOutput := "CF_EXACT_SINGULAR_CHART_1\nCF_EXACT_SINGULAR\nCF_SCRIPT_COMPLETED_OK\n",
status := "exact_singular" ) ) ],
finiteFieldTrials := [ rec(
exitCode := 0,
numberOfMembersTested := 32,
prime := 13,
singularOutput := "CF_SINGULAR_MEMBER_1_END\nCF_SINGULAR_MEMBER_2_END\nCF_SINGULAR_MEMBER_3_END\nCF_SINGULAR_MEMBER_4_END\nCF_SINGULAR_MEMBER_5_END\nCF_SINGULAR_MEMBER_6_END\nCF_SINGULAR_MEMBER_7_END\nCF_SINGULAR_MEMBER_8_END\nCF_SINGULAR_MEMBER_9_END\nCF_SINGULAR_MEMBER_10_END\nCF_SINGULAR_MEMBER_11_END\nCF_SINGULAR_MEMBER_12_END\nCF_SINGULAR_MEMBER_13_END\nCF_SINGULAR_MEMBER_14_END\nCF_SINGULAR_MEMBER_15_END\nCF_SINGULAR_MEMBER_16_END\nCF_SINGULAR_MEMBER_17_END\nCF_SINGULAR_MEMBER_18_END\nCF_SINGULAR_MEMBER_19_END\nCF_SINGULAR_MEMBER_20_END\nCF_SINGULAR_MEMBER_21_END\nCF_SINGULAR_MEMBER_22_END\nCF_SINGULAR_MEMBER_23_END\nCF_SINGULAR_MEMBER_24_END\nCF_SINGULAR_MEMBER_25_END\nCF_SINGULAR_MEMBER_26_END\nCF_SINGULAR_MEMBER_27_END\nCF_SINGULAR_MEMBER_28_END\nCF_SINGULAR_MEMBER_29_END\nCF_SINGULAR_MEMBER_30_END\nCF_SINGULAR_MEMBER_31_END\nCF_SINGULAR_MEMBER_32_END\nCF_NO_SMOOTH_MEMBER\nCF_SCRIPT_COMPLETED_OK\n",
status := "no_smooth_in_batch",
witnessIndex := fail,
witnessVerificationPassed := false ), rec(
exitCode := 0,
numberOfMembersTested := 32,
prime := 37,
singularOutput := "CF_SINGULAR_MEMBER_1_END\nCF_SINGULAR_MEMBER_2_END\nCF_SINGULAR_MEMBER_3_END\nCF_SINGULAR_MEMBER_4_END\nCF_SINGULAR_MEMBER_5_END\nCF_SINGULAR_MEMBER_6_END\nCF_SINGULAR_MEMBER_7_END\nCF_SINGULAR_MEMBER_8_END\nCF_SINGULAR_MEMBER_9_END\nCF_SINGULAR_MEMBER_10_END\nCF_SINGULAR_MEMBER_11_END\nCF_SINGULAR_MEMBER_12_END\nCF_SINGULAR_MEMBER_13_END\nCF_SINGULAR_MEMBER_14_END\nCF_SINGULAR_MEMBER_15_END\nCF_SINGULAR_MEMBER_16_END\nCF_SINGULAR_MEMBER_17_END\nCF_SINGULAR_MEMBER_18_END\nCF_SINGULAR_MEMBER_19_END\nCF_SINGULAR_MEMBER_20_END\nCF_SINGULAR_MEMBER_21_END\nCF_SINGULAR_MEMBER_22_END\nCF_SINGULAR_MEMBER_23_END\nCF_SINGULAR_MEMBER_24_END\nCF_SINGULAR_MEMBER_25_END\nCF_SINGULAR_MEMBER_26_END\nCF_SINGULAR_MEMBER_27_END\nCF_SINGULAR_MEMBER_28_END\nCF_SINGULAR_MEMBER_29_END\nCF_SINGULAR_MEMBER_30_END\nCF_SINGULAR_MEMBER_31_END\nCF_SINGULAR_MEMBER_32_END\nCF_NO_SMOOTH_MEMBER\nCF_SCRIPT_COMPLETED_OK\n",
status := "no_smooth_in_batch",
witnessIndex := fail,
witnessVerificationPassed := false ), rec(
exitCode := 0,
numberOfMembersTested := 32,
prime := 61,
singularOutput := "CF_SINGULAR_MEMBER_1_END\nCF_SINGULAR_MEMBER_2_END\nCF_SINGULAR_MEMBER_3_END\nCF_SINGULAR_MEMBER_4_END\nCF_SINGULAR_MEMBER_5_END\nCF_SINGULAR_MEMBER_6_END\nCF_SINGULAR_MEMBER_7_END\nCF_SINGULAR_MEMBER_8_END\nCF_SINGULAR_MEMBER_9_END\nCF_SINGULAR_MEMBER_10_END\nCF_SINGULAR_MEMBER_11_END\nCF_SINGULAR_MEMBER_12_END\nCF_SINGULAR_MEMBER_13_END\nCF_SINGULAR_MEMBER_14_END\nCF_SINGULAR_MEMBER_15_END\nCF_SINGULAR_MEMBER_16_END\nCF_SINGULAR_MEMBER_17_END\nCF_SINGULAR_MEMBER_18_END\nCF_SINGULAR_MEMBER_19_END\nCF_SINGULAR_MEMBER_20_END\nCF_SINGULAR_MEMBER_21_END\nCF_SINGULAR_MEMBER_22_END\nCF_SINGULAR_MEMBER_23_END\nCF_SINGULAR_MEMBER_24_END\nCF_SINGULAR_MEMBER_25_END\nCF_SINGULAR_MEMBER_26_END\nCF_SINGULAR_MEMBER_27_END\nCF_SINGULAR_MEMBER_28_END\nCF_SINGULAR_MEMBER_29_END\nCF_SINGULAR_MEMBER_30_END\nCF_SINGULAR_MEMBER_31_END\nCF_SINGULAR_MEMBER_32_END\nCF_NO_SMOOTH_MEMBER\nCF_SCRIPT_COMPLETED_OK\n",
status := "no_smooth_in_batch",
witnessIndex := fail,
witnessVerificationPassed := false ) ],
method := "deterministic coefficient batch",
status := "no_smooth_witness" ),
guessedPolynomial := "(-500094/12167)*x6^3 + (-1714608/12167)*x5*x6^2 + (-1959552/12167)*x5^2*x6 + (-746496/12167)*x5^3 + (343/4)*x4^3 + (147/2)*x3*x4^2 + (21)*x3^2*x4 + (2)*x3^3 + (6335/207*E(12)^4+6335/207*E(12)^8+1190/207*E(12)^11)*x2*x4*x6 + (4480/207*E(12)^4+4480/207*E(12)^8+1360/207*E(12)^11)*x2*x4*x5 + (1810/207*E(12)^4+1810/207*E(12)^8-1820/207*E(12)^11)*x2*x3*x6 + (1280/207*E(12)^4+1280/207*E(12)^8-2080/207*E(12)^11)*x2*x3*x5 + (-136)*x2^3 + (-35/2*E(12)^4-35/2*E(12)^8+945/23*E(12)^11)*x1*x4*x6 + (-35*E(12)^4-35*E(12)^8+1080/23*E(12)^11)*x1*x4*x5 + (5)*x1*x3*x6 + (10)*x1*x3*x5 + (204)*x1*x2^2 + (-102)*x1^2*x2 + (17)*x1^3",
isDirectKnownCase := false,
linearGId := [ 108, 32 ],
projectiveGId := [ 36, 6 ],
proofType := "the invariant basis has a nonempty exact common projective Jacobian locus",
status := "singular",
symplecticPart := "C3",
testedCoefficientCandidates := [ [ 2, 5, 10, 17 ], [ 1, 1, 1, 1 ], [ 1, 2, 3, 4 ], [ 1, -2, 3, -4 ], [ 1, -1, 0, 3 ], [ 1, 0, 0, 0 ], [ 0, 1, 0, 0 ], [ 0, 0, 1, 0 ], [ 0, 0, 0, 1 ], [ 1, 1, 0, 0 ], [ 1, -1, 0, 0 ], [ 1, 0, 1, 0 ], [ 1, 0, -1, 0 ], [ 1, 0, 0, 1 ], [ 1, 0, 0, -1 ], [ 0, 1, 1, 0 ], [ 0, 1, -1, 0 ], [ 0, 1, 0, 1 ], [ 0, 1, 0, -1 ], [ 0, 0, 1, 1 ], [ 0, 0, 1, -1 ], [ -6, 10, 6, -11 ], [ -10, 10, 9, 1 ], [ -5, -2, -3, -10 ], [ -9, -7, 3, 10 ], [ -1, -3, -2, -5 ], [ -1, -5, 11, 6 ], [ 1, -7, 7, 9 ], [ -2, 4, 1, -7 ], [ -9, -7, 3, -5 ], [ 1, -1, -6, -2 ], [ -9, 6, -1, 9 ] ] ), rec(
candidateNumber := 16,
centralizerDimension := 6,
commonSingularChart := 1,
componentIndex := 1,
componentLabel := "Koike (3.4), generic index 1",
cubicInvariantDimension := 8,
determinantImageOrder := 12,
exactCommonLocusTest := rec(
coefficientFieldConductor := 1,
exitCode := 0,
singularChart := 1,
singularOutput := "CF_EXACT_COMMON_SINGULAR_CHART_1\nCF_EXACT_COMMON_SINGULAR_POINT\nCF_SCRIPT_COMPLETED_OK\n",
status := "common_singular_point_exists" ),
familyDimension := 2,
familyIndexWithinCase := 4,
genericIndex := 1,
guessedCoefficients := [ 2, 5, 10, 17, 26, 37, 50, 65 ],
guessedMemberTest := rec(
coefficientCandidates := [ [ 2, 5, 10, 17, 26, 37, 50, 65 ], [ 1, 1, 1, 1, 1, 1, 1, 1 ], [ 1, 2, 3, 4, 5, 6, 7, 8 ], [ 1, -2, 3, -4, 5, -6, 7, -8 ], [ 1, 0, 0, -1, 0, 0, 0, 3 ], [ 1, 0, 0, 0, 0, 0, 0, 0 ], [ 0, 1, 0, 0, 0, 0, 0, 0 ], [ 0, 0, 1, 0, 0, 0, 0, 0 ], [ 0, 0, 0, 1, 0, 0, 0, 0 ], [ 0, 0, 0, 0, 1, 0, 0, 0 ], [ 0, 0, 0, 0, 0, 1, 0, 0 ], [ 0, 0, 0, 0, 0, 0, 1, 0 ], [ 0, 0, 0, 0, 0, 0, 0, 1 ], [ 1, 1, 0, 0, 0, 0, 0, 0 ], [ 1, -1, 0, 0, 0, 0, 0, 0 ], [ 1, 0, 1, 0, 0, 0, 0, 0 ], [ 1, 0, -1, 0, 0, 0, 0, 0 ], [ 1, 0, 0, 1, 0, 0, 0, 0 ], [ 1, 0, 0, -1, 0, 0, 0, 0 ], [ 1, 0, 0, 0, 1, 0, 0, 0 ], [ 1, 0, 0, 0, -1, 0, 0, 0 ], [ 1, 0, 0, 0, 0, 1, 0, 0 ], [ 1, 0, 0, 0, 0, -1, 0, 0 ], [ 1, 0, 0, 0, 0, 0, 1, 0 ], [ 1, 0, 0, 0, 0, 0, -1, 0 ], [ 1, 0, 0, 0, 0, 0, 0, 1 ], [ 1, 0, 0, 0, 0, 0, 0, -1 ], [ 0, 1, 1, 0, 0, 0, 0, 0 ], [ 0, 1, -1, 0, 0, 0, 0, 0 ], [ 0, 1, 0, 1, 0, 0, 0, 0 ], [ 0, 1, 0, -1, 0, 0, 0, 0 ], [ 0, 1, 0, 0, 1, 0, 0, 0 ] ],
coefficientFieldConductor := 1,
exactTrials := [ rec(
coefficients := [ 2, 5, 10, 17, 26, 37, 50, 65 ],
trial := rec(
coefficientFieldConductor := 1,
exitCode := 0,
singularChart := 1,
singularOutput := "CF_EXACT_SINGULAR_CHART_1\nCF_EXACT_SINGULAR\nCF_SCRIPT_COMPLETED_OK\n",
status := "exact_singular" ) ), rec(
coefficients := [ 1, 1, 1, 1, 1, 1, 1, 1 ],
trial := rec(
coefficientFieldConductor := 1,
exitCode := 0,
singularChart := 1,
singularOutput := "CF_EXACT_SINGULAR_CHART_1\nCF_EXACT_SINGULAR\nCF_SCRIPT_COMPLETED_OK\n",
status := "exact_singular" ) ), rec(
coefficients := [ 1, 2, 3, 4, 5, 6, 7, 8 ],
trial := rec(
coefficientFieldConductor := 1,
exitCode := 0,
singularChart := 1,
singularOutput := "CF_EXACT_SINGULAR_CHART_1\nCF_EXACT_SINGULAR\nCF_SCRIPT_COMPLETED_OK\n",
status := "exact_singular" ) ), rec(
coefficients := [ 1, -2, 3, -4, 5, -6, 7, -8 ],
trial := rec(
coefficientFieldConductor := 1,
exitCode := 0,
singularChart := 1,
singularOutput := "CF_EXACT_SINGULAR_CHART_1\nCF_EXACT_SINGULAR\nCF_SCRIPT_COMPLETED_OK\n",
status := "exact_singular" ) ), rec(
coefficients := [ 1, 0, 0, -1, 0, 0, 0, 3 ],
trial := rec(
coefficientFieldConductor := 1,
exitCode := 0,
singularChart := 1,
singularOutput := "CF_EXACT_SINGULAR_CHART_1\nCF_EXACT_SINGULAR\nCF_SCRIPT_COMPLETED_OK\n",
status := "exact_singular" ) ), rec(
coefficients := [ 1, 0, 0, 0, 0, 0, 0, 0 ],
trial := rec(
coefficientFieldConductor := 1,
exitCode := 0,
singularChart := 1,
singularOutput := "CF_EXACT_SINGULAR_CHART_1\nCF_EXACT_SINGULAR\nCF_SCRIPT_COMPLETED_OK\n",
status := "exact_singular" ) ) ],
finiteFieldTrials := [ rec(
exitCode := 0,
numberOfMembersTested := 32,
prime := 5,
singularOutput := "CF_SINGULAR_MEMBER_1_END\nCF_SINGULAR_MEMBER_2_END\nCF_SINGULAR_MEMBER_3_END\nCF_SINGULAR_MEMBER_4_END\nCF_SINGULAR_MEMBER_5_END\nCF_SINGULAR_MEMBER_6_END\nCF_SINGULAR_MEMBER_7_END\nCF_SINGULAR_MEMBER_8_END\nCF_SINGULAR_MEMBER_9_END\nCF_SINGULAR_MEMBER_10_END\nCF_SINGULAR_MEMBER_11_END\nCF_SINGULAR_MEMBER_12_END\nCF_SINGULAR_MEMBER_13_END\nCF_SINGULAR_MEMBER_14_END\nCF_SINGULAR_MEMBER_15_END\nCF_SINGULAR_MEMBER_16_END\nCF_SINGULAR_MEMBER_17_END\nCF_SINGULAR_MEMBER_18_END\nCF_SINGULAR_MEMBER_19_END\nCF_SINGULAR_MEMBER_20_END\nCF_SINGULAR_MEMBER_21_END\nCF_SINGULAR_MEMBER_22_END\nCF_SINGULAR_MEMBER_23_END\nCF_SINGULAR_MEMBER_24_END\nCF_SINGULAR_MEMBER_25_END\nCF_SINGULAR_MEMBER_26_END\nCF_SINGULAR_MEMBER_27_END\nCF_SINGULAR_MEMBER_28_END\nCF_SINGULAR_MEMBER_29_END\nCF_SINGULAR_MEMBER_30_END\nCF_SINGULAR_MEMBER_31_END\nCF_SINGULAR_MEMBER_32_END\nCF_NO_SMOOTH_MEMBER\nCF_SCRIPT_COMPLETED_OK\n",
status := "no_smooth_in_batch",
witnessIndex := fail,
witnessVerificationPassed := false ), rec(
exitCode := 0,
numberOfMembersTested := 32,
prime := 7,
singularOutput := "CF_SINGULAR_MEMBER_1_END\nCF_SINGULAR_MEMBER_2_END\nCF_SINGULAR_MEMBER_3_END\nCF_SINGULAR_MEMBER_4_END\nCF_SINGULAR_MEMBER_5_END\nCF_SINGULAR_MEMBER_6_END\nCF_SINGULAR_MEMBER_7_END\nCF_SINGULAR_MEMBER_8_END\nCF_SINGULAR_MEMBER_9_END\nCF_SINGULAR_MEMBER_10_END\nCF_SINGULAR_MEMBER_11_END\nCF_SINGULAR_MEMBER_12_END\nCF_SINGULAR_MEMBER_13_END\nCF_SINGULAR_MEMBER_14_END\nCF_SINGULAR_MEMBER_15_END\nCF_SINGULAR_MEMBER_16_END\nCF_SINGULAR_MEMBER_17_END\nCF_SINGULAR_MEMBER_18_END\nCF_SINGULAR_MEMBER_19_END\nCF_SINGULAR_MEMBER_20_END\nCF_SINGULAR_MEMBER_21_END\nCF_SINGULAR_MEMBER_22_END\nCF_SINGULAR_MEMBER_23_END\nCF_SINGULAR_MEMBER_24_END\nCF_SINGULAR_MEMBER_25_END\nCF_SINGULAR_MEMBER_26_END\nCF_SINGULAR_MEMBER_27_END\nCF_SINGULAR_MEMBER_28_END\nCF_SINGULAR_MEMBER_29_END\nCF_SINGULAR_MEMBER_30_END\nCF_SINGULAR_MEMBER_31_END\nCF_SINGULAR_MEMBER_32_END\nCF_NO_SMOOTH_MEMBER\nCF_SCRIPT_COMPLETED_OK\n",
status := "no_smooth_in_batch",
witnessIndex := fail,
witnessVerificationPassed := false ), rec(
exitCode := 0,
numberOfMembersTested := 32,
prime := 11,
singularOutput := "CF_SINGULAR_MEMBER_1_END\nCF_SINGULAR_MEMBER_2_END\nCF_SINGULAR_MEMBER_3_END\nCF_SINGULAR_MEMBER_4_END\nCF_SINGULAR_MEMBER_5_END\nCF_SINGULAR_MEMBER_6_END\nCF_SINGULAR_MEMBER_7_END\nCF_SINGULAR_MEMBER_8_END\nCF_SINGULAR_MEMBER_9_END\nCF_SINGULAR_MEMBER_10_END\nCF_SINGULAR_MEMBER_11_END\nCF_SINGULAR_MEMBER_12_END\nCF_SINGULAR_MEMBER_13_END\nCF_SINGULAR_MEMBER_14_END\nCF_SINGULAR_MEMBER_15_END\nCF_SINGULAR_MEMBER_16_END\nCF_SINGULAR_MEMBER_17_END\nCF_SINGULAR_MEMBER_18_END\nCF_SINGULAR_MEMBER_19_END\nCF_SINGULAR_MEMBER_20_END\nCF_SINGULAR_MEMBER_21_END\nCF_SINGULAR_MEMBER_22_END\nCF_SINGULAR_MEMBER_23_END\nCF_SINGULAR_MEMBER_24_END\nCF_SINGULAR_MEMBER_25_END\nCF_SINGULAR_MEMBER_26_END\nCF_SINGULAR_MEMBER_27_END\nCF_SINGULAR_MEMBER_28_END\nCF_SINGULAR_MEMBER_29_END\nCF_SINGULAR_MEMBER_30_END\nCF_SINGULAR_MEMBER_31_END\nCF_SINGULAR_MEMBER_32_END\nCF_NO_SMOOTH_MEMBER\nCF_SCRIPT_COMPLETED_OK\n",
status := "no_smooth_in_batch",
witnessIndex := fail,
witnessVerificationPassed := false ) ],
method := "deterministic coefficient batch",
status := "no_smooth_witness" ),
guessedPolynomial := "(-43003501/328509)*x6^3 + (-28701695/109503)*x5*x6^2 + (-19274497/109503)*x5^2*x6 + (-13047203/328509)*x5^3 + (2)*x4^3 + (5)*x3*x4^2 + (10)*x3^2*x4 + (17)*x3^3 + (-3995/19)*x2*x4*x6 + (-52)*x2*x4*x5 + (-74)*x2*x3*x6 + (-100)*x2*x3*x5 + (-520)*x2^3 + (3995/38)*x1*x4*x6 + (26)*x1*x4*x5 + (37)*x1*x3*x6 + (50)*x1*x3*x5 + (780)*x1*x2^2 + (-390)*x1^2*x2 + (65)*x1^3",
isDirectKnownCase := false,
linearGId := [ 108, 32 ],
projectiveGId := [ 36, 6 ],
proofType := "the invariant basis has a nonempty exact common projective Jacobian locus",
status := "singular",
symplecticPart := "C3",
testedCoefficientCandidates := [ [ 2, 5, 10, 17, 26, 37, 50, 65 ], [ 1, 1, 1, 1, 1, 1, 1, 1 ], [ 1, 2, 3, 4, 5, 6, 7, 8 ], [ 1, -2, 3, -4, 5, -6, 7, -8 ], [ 1, 0, 0, -1, 0, 0, 0, 3 ], [ 1, 0, 0, 0, 0, 0, 0, 0 ], [ 0, 1, 0, 0, 0, 0, 0, 0 ], [ 0, 0, 1, 0, 0, 0, 0, 0 ], [ 0, 0, 0, 1, 0, 0, 0, 0 ], [ 0, 0, 0, 0, 1, 0, 0, 0 ], [ 0, 0, 0, 0, 0, 1, 0, 0 ], [ 0, 0, 0, 0, 0, 0, 1, 0 ], [ 0, 0, 0, 0, 0, 0, 0, 1 ], [ 1, 1, 0, 0, 0, 0, 0, 0 ], [ 1, -1, 0, 0, 0, 0, 0, 0 ], [ 1, 0, 1, 0, 0, 0, 0, 0 ], [ 1, 0, -1, 0, 0, 0, 0, 0 ], [ 1, 0, 0, 1, 0, 0, 0, 0 ], [ 1, 0, 0, -1, 0, 0, 0, 0 ], [ 1, 0, 0, 0, 1, 0, 0, 0 ], [ 1, 0, 0, 0, -1, 0, 0, 0 ], [ 1, 0, 0, 0, 0, 1, 0, 0 ], [ 1, 0, 0, 0, 0, -1, 0, 0 ], [ 1, 0, 0, 0, 0, 0, 1, 0 ], [ 1, 0, 0, 0, 0, 0, -1, 0 ], [ 1, 0, 0, 0, 0, 0, 0, 1 ], [ 1, 0, 0, 0, 0, 0, 0, -1 ], [ 0, 1, 1, 0, 0, 0, 0, 0 ], [ 0, 1, -1, 0, 0, 0, 0, 0 ], [ 0, 1, 0, 1, 0, 0, 0, 0 ], [ 0, 1, 0, -1, 0, 0, 0, 0 ], [ 0, 1, 0, 0, 1, 0, 0, 0 ] ] ), rec(
candidateNumber := 17,
centralizerDimension := 4,
commonSingularChart := 1,
componentIndex := 1,
componentLabel := "Koike (3.4), generic index 1",
cubicInvariantDimension := 4,
determinantImageOrder := 12,
exactCommonLocusTest := rec(
coefficientFieldConductor := 4,
exitCode := 0,
singularChart := 1,
singularOutput := "CF_EXACT_COMMON_SINGULAR_CHART_1\nCF_EXACT_COMMON_SINGULAR_POINT\nCF_SCRIPT_COMPLETED_OK\n",
status := "common_singular_point_exists" ),
familyDimension := 0,
familyIndexWithinCase := 5,
genericIndex := 1,
guessedCoefficients := [ 2, 5, 10, 17 ],
guessedMemberTest := rec(
coefficientCandidates := [ [ 2, 5, 10, 17 ], [ 1, 1, 1, 1 ], [ 1, 2, 3, 4 ], [ 1, -2, 3, -4 ], [ 1, -1, 0, 3 ], [ 1, 0, 0, 0 ], [ 0, 1, 0, 0 ], [ 0, 0, 1, 0 ], [ 0, 0, 0, 1 ], [ 1, 1, 0, 0 ], [ 1, -1, 0, 0 ], [ 1, 0, 1, 0 ], [ 1, 0, -1, 0 ], [ 1, 0, 0, 1 ], [ 1, 0, 0, -1 ], [ 0, 1, 1, 0 ], [ 0, 1, -1, 0 ], [ 0, 1, 0, 1 ], [ 0, 1, 0, -1 ], [ 0, 0, 1, 1 ], [ 0, 0, 1, -1 ], [ -6, 10, 6, -11 ], [ -10, 10, 9, 1 ], [ -5, -2, -3, -10 ], [ -9, -7, 3, 10 ], [ -1, -3, -2, -5 ], [ -1, -5, 11, 6 ], [ 1, -7, 7, 9 ], [ -2, 4, 1, -7 ], [ -9, -7, 3, -5 ], [ 1, -1, -6, -2 ], [ -9, 6, -1, 9 ] ],
coefficientFieldConductor := 4,
exactTrials := [ rec(
coefficients := [ 2, 5, 10, 17 ],
trial := rec(
coefficientFieldConductor := 4,
exitCode := 0,
singularChart := 1,
singularOutput := "CF_EXACT_SINGULAR_CHART_1\nCF_EXACT_SINGULAR\nCF_SCRIPT_COMPLETED_OK\n",
status := "exact_singular" ) ), rec(
coefficients := [ 1, 1, 1, 1 ],
trial := rec(
coefficientFieldConductor := 4,
exitCode := 0,
singularChart := 1,
singularOutput := "CF_EXACT_SINGULAR_CHART_1\nCF_EXACT_SINGULAR\nCF_SCRIPT_COMPLETED_OK\n",
status := "exact_singular" ) ), rec(
coefficients := [ 1, 2, 3, 4 ],
trial := rec(
coefficientFieldConductor := 4,
exitCode := 0,
singularChart := 1,
singularOutput := "CF_EXACT_SINGULAR_CHART_1\nCF_EXACT_SINGULAR\nCF_SCRIPT_COMPLETED_OK\n",
status := "exact_singular" ) ), rec(
coefficients := [ 1, -2, 3, -4 ],
trial := rec(
coefficientFieldConductor := 4,
exitCode := 0,
singularChart := 1,
singularOutput := "CF_EXACT_SINGULAR_CHART_1\nCF_EXACT_SINGULAR\nCF_SCRIPT_COMPLETED_OK\n",
status := "exact_singular" ) ), rec(
coefficients := [ 1, -1, 0, 3 ],
trial := rec(
coefficientFieldConductor := 4,
exitCode := 0,
singularChart := 1,
singularOutput := "CF_EXACT_SINGULAR_CHART_1\nCF_EXACT_SINGULAR\nCF_SCRIPT_COMPLETED_OK\n",
status := "exact_singular" ) ), rec(
coefficients := [ 1, 0, 0, 0 ],
trial := rec(
coefficientFieldConductor := 4,
exitCode := 0,
singularChart := 1,
singularOutput := "CF_EXACT_SINGULAR_CHART_1\nCF_EXACT_SINGULAR\nCF_SCRIPT_COMPLETED_OK\n",
status := "exact_singular" ) ) ],
finiteFieldTrials := [ rec(
exitCode := 0,
numberOfMembersTested := 32,
prime := 13,
singularOutput := "CF_SINGULAR_MEMBER_1_END\nCF_SINGULAR_MEMBER_2_END\nCF_SINGULAR_MEMBER_3_END\nCF_SINGULAR_MEMBER_4_END\nCF_SINGULAR_MEMBER_5_END\nCF_SINGULAR_MEMBER_6_END\nCF_SINGULAR_MEMBER_7_END\nCF_SINGULAR_MEMBER_8_END\nCF_SINGULAR_MEMBER_9_END\nCF_SINGULAR_MEMBER_10_END\nCF_SINGULAR_MEMBER_11_END\nCF_SINGULAR_MEMBER_12_END\nCF_SINGULAR_MEMBER_13_END\nCF_SINGULAR_MEMBER_14_END\nCF_SINGULAR_MEMBER_15_END\nCF_SINGULAR_MEMBER_16_END\nCF_SINGULAR_MEMBER_17_END\nCF_SINGULAR_MEMBER_18_END\nCF_SINGULAR_MEMBER_19_END\nCF_SINGULAR_MEMBER_20_END\nCF_SINGULAR_MEMBER_21_END\nCF_SINGULAR_MEMBER_22_END\nCF_SINGULAR_MEMBER_23_END\nCF_SINGULAR_MEMBER_24_END\nCF_SINGULAR_MEMBER_25_END\nCF_SINGULAR_MEMBER_26_END\nCF_SINGULAR_MEMBER_27_END\nCF_SINGULAR_MEMBER_28_END\nCF_SINGULAR_MEMBER_29_END\nCF_SINGULAR_MEMBER_30_END\nCF_SINGULAR_MEMBER_31_END\nCF_SINGULAR_MEMBER_32_END\nCF_NO_SMOOTH_MEMBER\nCF_SCRIPT_COMPLETED_OK\n",
status := "no_smooth_in_batch",
witnessIndex := fail,
witnessVerificationPassed := false ), rec(
exitCode := 0,
numberOfMembersTested := 32,
prime := 17,
singularOutput := "CF_SINGULAR_MEMBER_1_END\nCF_SINGULAR_MEMBER_2_END\nCF_SINGULAR_MEMBER_3_END\nCF_SINGULAR_MEMBER_4_END\nCF_SINGULAR_MEMBER_5_END\nCF_SINGULAR_MEMBER_6_END\nCF_SINGULAR_MEMBER_7_END\nCF_SINGULAR_MEMBER_8_END\nCF_SINGULAR_MEMBER_9_END\nCF_SINGULAR_MEMBER_10_END\nCF_SINGULAR_MEMBER_11_END\nCF_SINGULAR_MEMBER_12_END\nCF_SINGULAR_MEMBER_13_END\nCF_SINGULAR_MEMBER_14_END\nCF_SINGULAR_MEMBER_15_END\nCF_SINGULAR_MEMBER_16_END\nCF_SINGULAR_MEMBER_17_END\nCF_SINGULAR_MEMBER_18_END\nCF_SINGULAR_MEMBER_19_END\nCF_SINGULAR_MEMBER_20_END\nCF_SINGULAR_MEMBER_21_END\nCF_SINGULAR_MEMBER_22_END\nCF_SINGULAR_MEMBER_23_END\nCF_SINGULAR_MEMBER_24_END\nCF_SINGULAR_MEMBER_25_END\nCF_SINGULAR_MEMBER_26_END\nCF_SINGULAR_MEMBER_27_END\nCF_SINGULAR_MEMBER_28_END\nCF_SINGULAR_MEMBER_29_END\nCF_SINGULAR_MEMBER_30_END\nCF_SINGULAR_MEMBER_31_END\nCF_SINGULAR_MEMBER_32_END\nCF_NO_SMOOTH_MEMBER\nCF_SCRIPT_COMPLETED_OK\n",
status := "no_smooth_in_batch",
witnessIndex := fail,
witnessVerificationPassed := false ), rec(
exitCode := 0,
numberOfMembersTested := 32,
prime := 29,
singularOutput := "CF_SINGULAR_MEMBER_1_END\nCF_SINGULAR_MEMBER_2_END\nCF_SINGULAR_MEMBER_3_END\nCF_SINGULAR_MEMBER_4_END\nCF_SINGULAR_MEMBER_5_END\nCF_SINGULAR_MEMBER_6_END\nCF_SINGULAR_MEMBER_7_END\nCF_SINGULAR_MEMBER_8_END\nCF_SINGULAR_MEMBER_9_END\nCF_SINGULAR_MEMBER_10_END\nCF_SINGULAR_MEMBER_11_END\nCF_SINGULAR_MEMBER_12_END\nCF_SINGULAR_MEMBER_13_END\nCF_SINGULAR_MEMBER_14_END\nCF_SINGULAR_MEMBER_15_END\nCF_SINGULAR_MEMBER_16_END\nCF_SINGULAR_MEMBER_17_END\nCF_SINGULAR_MEMBER_18_END\nCF_SINGULAR_MEMBER_19_END\nCF_SINGULAR_MEMBER_20_END\nCF_SINGULAR_MEMBER_21_END\nCF_SINGULAR_MEMBER_22_END\nCF_SINGULAR_MEMBER_23_END\nCF_SINGULAR_MEMBER_24_END\nCF_SINGULAR_MEMBER_25_END\nCF_SINGULAR_MEMBER_26_END\nCF_SINGULAR_MEMBER_27_END\nCF_SINGULAR_MEMBER_28_END\nCF_SINGULAR_MEMBER_29_END\nCF_SINGULAR_MEMBER_30_END\nCF_SINGULAR_MEMBER_31_END\nCF_SINGULAR_MEMBER_32_END\nCF_NO_SMOOTH_MEMBER\nCF_SCRIPT_COMPLETED_OK\n",
status := "no_smooth_in_batch",
witnessIndex := fail,
witnessVerificationPassed := false ) ],
method := "deterministic coefficient batch",
status := "no_smooth_witness" ),
guessedPolynomial := "(-2620031729/65691648)*x6^3 + (-12708167/10948608)*x5*x6^2 + (1361117/497664)*x5^2*x6 + (-443831/8211456)*x5^3 + (-15225/11264)*x4^3 + (-5101/1408)*x3*x4^2 + (2)*x3^2*x4 + (5)*x3^3 + (-8344/333+4256/111*E(4))*x2*x4*x6 + (1072/333-368/111*E(4))*x2*x4*x5 + (-3464/333+2112/37*E(4))*x2*x3*x6 + (80/9)*x2*x3*x5 + (-136)*x2^3 + (-1043/37+1596/37*E(4))*x1*x4*x6 + (134/37-138/37*E(4))*x1*x4*x5 + (-433/37+2376/37*E(4))*x1*x3*x6 + (10)*x1*x3*x5 + (204)*x1*x2^2 + (-102)*x1^2*x2 + (17)*x1^3",
isDirectKnownCase := false,
linearGId := [ 108, 32 ],
projectiveGId := [ 36, 6 ],
proofType := "the invariant basis has a nonempty exact common projective Jacobian locus",
status := "singular",
symplecticPart := "C3",
testedCoefficientCandidates := [ [ 2, 5, 10, 17 ], [ 1, 1, 1, 1 ], [ 1, 2, 3, 4 ], [ 1, -2, 3, -4 ], [ 1, -1, 0, 3 ], [ 1, 0, 0, 0 ], [ 0, 1, 0, 0 ], [ 0, 0, 1, 0 ], [ 0, 0, 0, 1 ], [ 1, 1, 0, 0 ], [ 1, -1, 0, 0 ], [ 1, 0, 1, 0 ], [ 1, 0, -1, 0 ], [ 1, 0, 0, 1 ], [ 1, 0, 0, -1 ], [ 0, 1, 1, 0 ], [ 0, 1, -1, 0 ], [ 0, 1, 0, 1 ], [ 0, 1, 0, -1 ], [ 0, 0, 1, 1 ], [ 0, 0, 1, -1 ], [ -6, 10, 6, -11 ], [ -10, 10, 9, 1 ], [ -5, -2, -3, -10 ], [ -9, -7, 3, 10 ], [ -1, -3, -2, -5 ], [ -1, -5, 11, 6 ], [ 1, -7, 7, 9 ], [ -2, 4, 1, -7 ], [ -9, -7, 3, -5 ], [ 1, -1, -6, -2 ], [ -9, 6, -1, 9 ] ] ), rec(
candidateNumber := 18,
centralizerDimension := 4,
commonSingularChart := 1,
componentIndex := 1,
componentLabel := "Koike (3.4), generic index 1",
cubicInvariantDimension := 4,
determinantImageOrder := 12,
exactCommonLocusTest := rec(
coefficientFieldConductor := 1,
exitCode := 0,
singularChart := 1,
singularOutput := "CF_EXACT_COMMON_SINGULAR_CHART_1\nCF_EXACT_COMMON_SINGULAR_POINT\nCF_SCRIPT_COMPLETED_OK\n",
status := "common_singular_point_exists" ),
familyDimension := 0,
familyIndexWithinCase := 6,
genericIndex := 1,
guessedCoefficients := [ 2, 5, 10, 17 ],
guessedMemberTest := rec(
coefficientCandidates := [ [ 2, 5, 10, 17 ], [ 1, 1, 1, 1 ], [ 1, 2, 3, 4 ], [ 1, -2, 3, -4 ], [ 1, -1, 0, 3 ], [ 1, 0, 0, 0 ], [ 0, 1, 0, 0 ], [ 0, 0, 1, 0 ], [ 0, 0, 0, 1 ], [ 1, 1, 0, 0 ], [ 1, -1, 0, 0 ], [ 1, 0, 1, 0 ], [ 1, 0, -1, 0 ], [ 1, 0, 0, 1 ], [ 1, 0, 0, -1 ], [ 0, 1, 1, 0 ], [ 0, 1, -1, 0 ], [ 0, 1, 0, 1 ], [ 0, 1, 0, -1 ], [ 0, 0, 1, 1 ], [ 0, 0, 1, -1 ], [ -6, 10, 6, -11 ], [ -10, 10, 9, 1 ], [ -5, -2, -3, -10 ], [ -9, -7, 3, 10 ], [ -1, -3, -2, -5 ], [ -1, -5, 11, 6 ], [ 1, -7, 7, 9 ], [ -2, 4, 1, -7 ], [ -9, -7, 3, -5 ], [ 1, -1, -6, -2 ], [ -9, 6, -1, 9 ] ],
coefficientFieldConductor := 1,
exactTrials := [ rec(
coefficients := [ 2, 5, 10, 17 ],
trial := rec(
coefficientFieldConductor := 1,
exitCode := 0,
singularChart := 1,
singularOutput := "CF_EXACT_SINGULAR_CHART_1\nCF_EXACT_SINGULAR\nCF_SCRIPT_COMPLETED_OK\n",
status := "exact_singular" ) ), rec(
coefficients := [ 1, 1, 1, 1 ],
trial := rec(
coefficientFieldConductor := 1,
exitCode := 0,
singularChart := 1,
singularOutput := "CF_EXACT_SINGULAR_CHART_1\nCF_EXACT_SINGULAR\nCF_SCRIPT_COMPLETED_OK\n",
status := "exact_singular" ) ), rec(
coefficients := [ 1, 2, 3, 4 ],
trial := rec(
coefficientFieldConductor := 1,
exitCode := 0,
singularChart := 1,
singularOutput := "CF_EXACT_SINGULAR_CHART_1\nCF_EXACT_SINGULAR\nCF_SCRIPT_COMPLETED_OK\n",
status := "exact_singular" ) ), rec(
coefficients := [ 1, -2, 3, -4 ],
trial := rec(
coefficientFieldConductor := 1,
exitCode := 0,
singularChart := 1,
singularOutput := "CF_EXACT_SINGULAR_CHART_1\nCF_EXACT_SINGULAR\nCF_SCRIPT_COMPLETED_OK\n",
status := "exact_singular" ) ), rec(
coefficients := [ 1, -1, 0, 3 ],
trial := rec(
coefficientFieldConductor := 1,
exitCode := 0,
singularChart := 1,
singularOutput := "CF_EXACT_SINGULAR_CHART_1\nCF_EXACT_SINGULAR\nCF_SCRIPT_COMPLETED_OK\n",
status := "exact_singular" ) ), rec(
coefficients := [ 1, 0, 0, 0 ],
trial := rec(
coefficientFieldConductor := 1,
exitCode := 0,
singularChart := 1,
singularOutput := "CF_EXACT_SINGULAR_CHART_1\nCF_EXACT_SINGULAR\nCF_SCRIPT_COMPLETED_OK\n",
status := "exact_singular" ) ) ],
finiteFieldTrials := [ rec(
exitCode := 0,
numberOfMembersTested := 31,
prime := 5,
singularOutput := "CF_SINGULAR_MEMBER_1_END\nCF_SINGULAR_MEMBER_2_END\nCF_SINGULAR_MEMBER_3_END\nCF_SINGULAR_MEMBER_4_END\nCF_SINGULAR_MEMBER_5_END\nCF_SINGULAR_MEMBER_6_END\nCF_SINGULAR_MEMBER_7_END\nCF_SINGULAR_MEMBER_8_END\nCF_SINGULAR_MEMBER_9_END\nCF_SINGULAR_MEMBER_10_END\nCF_SINGULAR_MEMBER_11_END\nCF_SINGULAR_MEMBER_12_END\nCF_SINGULAR_MEMBER_13_END\nCF_SINGULAR_MEMBER_14_END\nCF_SINGULAR_MEMBER_15_END\nCF_SINGULAR_MEMBER_16_END\nCF_SINGULAR_MEMBER_17_END\nCF_SINGULAR_MEMBER_18_END\nCF_SINGULAR_MEMBER_19_END\nCF_SINGULAR_MEMBER_20_END\nCF_SINGULAR_MEMBER_21_END\nCF_SINGULAR_MEMBER_22_END\nCF_SINGULAR_MEMBER_23_END\nCF_SINGULAR_MEMBER_24_END\nCF_SINGULAR_MEMBER_25_END\nCF_SINGULAR_MEMBER_26_END\nCF_SINGULAR_MEMBER_27_END\nCF_SINGULAR_MEMBER_28_END\nCF_SINGULAR_MEMBER_29_END\nCF_SINGULAR_MEMBER_30_END\nCF_SINGULAR_MEMBER_31_END\nCF_NO_SMOOTH_MEMBER\nCF_SCRIPT_COMPLETED_OK\n",
status := "no_smooth_in_batch",
witnessIndex := fail,
witnessVerificationPassed := false ), rec(
exitCode := 0,
numberOfMembersTested := 32,
prime := 7,
singularOutput := "CF_SINGULAR_MEMBER_1_END\nCF_SINGULAR_MEMBER_2_END\nCF_SINGULAR_MEMBER_3_END\nCF_SINGULAR_MEMBER_4_END\nCF_SINGULAR_MEMBER_5_END\nCF_SINGULAR_MEMBER_6_END\nCF_SINGULAR_MEMBER_7_END\nCF_SINGULAR_MEMBER_8_END\nCF_SINGULAR_MEMBER_9_END\nCF_SINGULAR_MEMBER_10_END\nCF_SINGULAR_MEMBER_11_END\nCF_SINGULAR_MEMBER_12_END\nCF_SINGULAR_MEMBER_13_END\nCF_SINGULAR_MEMBER_14_END\nCF_SINGULAR_MEMBER_15_END\nCF_SINGULAR_MEMBER_16_END\nCF_SINGULAR_MEMBER_17_END\nCF_SINGULAR_MEMBER_18_END\nCF_SINGULAR_MEMBER_19_END\nCF_SINGULAR_MEMBER_20_END\nCF_SINGULAR_MEMBER_21_END\nCF_SINGULAR_MEMBER_22_END\nCF_SINGULAR_MEMBER_23_END\nCF_SINGULAR_MEMBER_24_END\nCF_SINGULAR_MEMBER_25_END\nCF_SINGULAR_MEMBER_26_END\nCF_SINGULAR_MEMBER_27_END\nCF_SINGULAR_MEMBER_28_END\nCF_SINGULAR_MEMBER_29_END\nCF_SINGULAR_MEMBER_30_END\nCF_SINGULAR_MEMBER_31_END\nCF_SINGULAR_MEMBER_32_END\nCF_NO_SMOOTH_MEMBER\nCF_SCRIPT_COMPLETED_OK\n",
status := "no_smooth_in_batch",
witnessIndex := fail,
witnessVerificationPassed := false ), rec(
exitCode := 0,
numberOfMembersTested := 32,
prime := 13,
singularOutput := "CF_SINGULAR_MEMBER_1_END\nCF_SINGULAR_MEMBER_2_END\nCF_SINGULAR_MEMBER_3_END\nCF_SINGULAR_MEMBER_4_END\nCF_SINGULAR_MEMBER_5_END\nCF_SINGULAR_MEMBER_6_END\nCF_SINGULAR_MEMBER_7_END\nCF_SINGULAR_MEMBER_8_END\nCF_SINGULAR_MEMBER_9_END\nCF_SINGULAR_MEMBER_10_END\nCF_SINGULAR_MEMBER_11_END\nCF_SINGULAR_MEMBER_12_END\nCF_SINGULAR_MEMBER_13_END\nCF_SINGULAR_MEMBER_14_END\nCF_SINGULAR_MEMBER_15_END\nCF_SINGULAR_MEMBER_16_END\nCF_SINGULAR_MEMBER_17_END\nCF_SINGULAR_MEMBER_18_END\nCF_SINGULAR_MEMBER_19_END\nCF_SINGULAR_MEMBER_20_END\nCF_SINGULAR_MEMBER_21_END\nCF_SINGULAR_MEMBER_22_END\nCF_SINGULAR_MEMBER_23_END\nCF_SINGULAR_MEMBER_24_END\nCF_SINGULAR_MEMBER_25_END\nCF_SINGULAR_MEMBER_26_END\nCF_SINGULAR_MEMBER_27_END\nCF_SINGULAR_MEMBER_28_END\nCF_SINGULAR_MEMBER_29_END\nCF_SINGULAR_MEMBER_30_END\nCF_SINGULAR_MEMBER_31_END\nCF_SINGULAR_MEMBER_32_END\nCF_NO_SMOOTH_MEMBER\nCF_SCRIPT_COMPLETED_OK\n",
status := "no_smooth_in_batch",
witnessIndex := fail,
witnessVerificationPassed := false ) ],
method := "deterministic coefficient batch",
status := "no_smooth_witness" ),
guessedPolynomial := "(-2201575625/849907872)*x6^3 + (-689375/35412828)*x5*x6^2 + (-8042500/8853207)*x5^2*x6 + (-8406875/26559621)*x5^3 + (1293/484)*x4^3 + (53/22)*x3*x4^2 + (2)*x3^2*x4 + (5)*x3^3 + (200/11)*x2*x4*x6 + (-20/11)*x2*x4*x5 + (200)*x2*x3*x6 + (-20)*x2*x3*x5 + (-136)*x2^3 + (-100/11)*x1*x4*x6 + (10/11)*x1*x4*x5 + (-100)*x1*x3*x6 + (10)*x1*x3*x5 + (204)*x1*x2^2 + (-102)*x1^2*x2 + (17)*x1^3",
isDirectKnownCase := false,
linearGId := [ 108, 32 ],
projectiveGId := [ 36, 6 ],
proofType := "the invariant basis has a nonempty exact common projective Jacobian locus",
status := "singular",
symplecticPart := "C3",
testedCoefficientCandidates := [ [ 2, 5, 10, 17 ], [ 1, 1, 1, 1 ], [ 1, 2, 3, 4 ], [ 1, -2, 3, -4 ], [ 1, -1, 0, 3 ], [ 1, 0, 0, 0 ], [ 0, 1, 0, 0 ], [ 0, 0, 1, 0 ], [ 0, 0, 0, 1 ], [ 1, 1, 0, 0 ], [ 1, -1, 0, 0 ], [ 1, 0, 1, 0 ], [ 1, 0, -1, 0 ], [ 1, 0, 0, 1 ], [ 1, 0, 0, -1 ], [ 0, 1, 1, 0 ], [ 0, 1, -1, 0 ], [ 0, 1, 0, 1 ], [ 0, 1, 0, -1 ], [ 0, 0, 1, 1 ], [ 0, 0, 1, -1 ], [ -6, 10, 6, -11 ], [ -10, 10, 9, 1 ], [ -5, -2, -3, -10 ], [ -9, -7, 3, 10 ], [ -1, -3, -2, -5 ], [ -1, -5, 11, 6 ], [ 1, -7, 7, 9 ], [ -2, 4, 1, -7 ], [ -9, -7, 3, -5 ], [ 1, -1, -6, -2 ], [ -9, 6, -1, 9 ] ] ), rec(
candidateNumber := 19,
centralizerDimension := 4,
commonSingularChart := 1,
componentIndex := 1,
componentLabel := "Koike (3.4), generic index 1",
cubicInvariantDimension := 4,
determinantImageOrder := 12,
exactCommonLocusTest := rec(
coefficientFieldConductor := 1,
exitCode := 0,
singularChart := 1,
singularOutput := "CF_EXACT_COMMON_SINGULAR_CHART_1\nCF_EXACT_COMMON_SINGULAR_POINT\nCF_SCRIPT_COMPLETED_OK\n",
status := "common_singular_point_exists" ),
familyDimension := 0,
familyIndexWithinCase := 7,
genericIndex := 1,
guessedCoefficients := [ 2, 5, 10, 17 ],
guessedMemberTest := rec(
coefficientCandidates := [ [ 2, 5, 10, 17 ], [ 1, 1, 1, 1 ], [ 1, 2, 3, 4 ], [ 1, -2, 3, -4 ], [ 1, -1, 0, 3 ], [ 1, 0, 0, 0 ], [ 0, 1, 0, 0 ], [ 0, 0, 1, 0 ], [ 0, 0, 0, 1 ], [ 1, 1, 0, 0 ], [ 1, -1, 0, 0 ], [ 1, 0, 1, 0 ], [ 1, 0, -1, 0 ], [ 1, 0, 0, 1 ], [ 1, 0, 0, -1 ], [ 0, 1, 1, 0 ], [ 0, 1, -1, 0 ], [ 0, 1, 0, 1 ], [ 0, 1, 0, -1 ], [ 0, 0, 1, 1 ], [ 0, 0, 1, -1 ], [ -6, 10, 6, -11 ], [ -10, 10, 9, 1 ], [ -5, -2, -3, -10 ], [ -9, -7, 3, 10 ], [ -1, -3, -2, -5 ], [ -1, -5, 11, 6 ], [ 1, -7, 7, 9 ], [ -2, 4, 1, -7 ], [ -9, -7, 3, -5 ], [ 1, -1, -6, -2 ], [ -9, 6, -1, 9 ] ],
coefficientFieldConductor := 1,
exactTrials := [ rec(
coefficients := [ 2, 5, 10, 17 ],
trial := rec(
coefficientFieldConductor := 1,
exitCode := 0,
singularChart := 1,
singularOutput := "CF_EXACT_SINGULAR_CHART_1\nCF_EXACT_SINGULAR\nCF_SCRIPT_COMPLETED_OK\n",
status := "exact_singular" ) ), rec(
coefficients := [ 1, 1, 1, 1 ],
trial := rec(
coefficientFieldConductor := 1,
exitCode := 0,
singularChart := 1,
singularOutput := "CF_EXACT_SINGULAR_CHART_1\nCF_EXACT_SINGULAR\nCF_SCRIPT_COMPLETED_OK\n",
status := "exact_singular" ) ), rec(
coefficients := [ 1, 2, 3, 4 ],
trial := rec(
coefficientFieldConductor := 1,
exitCode := 0,
singularChart := 1,
singularOutput := "CF_EXACT_SINGULAR_CHART_1\nCF_EXACT_SINGULAR\nCF_SCRIPT_COMPLETED_OK\n",
status := "exact_singular" ) ), rec(
coefficients := [ 1, -2, 3, -4 ],
trial := rec(
coefficientFieldConductor := 1,
exitCode := 0,
singularChart := 1,
singularOutput := "CF_EXACT_SINGULAR_CHART_1\nCF_EXACT_SINGULAR\nCF_SCRIPT_COMPLETED_OK\n",
status := "exact_singular" ) ), rec(
coefficients := [ 1, -1, 0, 3 ],
trial := rec(
coefficientFieldConductor := 1,
exitCode := 0,
singularChart := 1,
singularOutput := "CF_EXACT_SINGULAR_CHART_1\nCF_EXACT_SINGULAR\nCF_SCRIPT_COMPLETED_OK\n",
status := "exact_singular" ) ), rec(
coefficients := [ 1, 0, 0, 0 ],
trial := rec(
coefficientFieldConductor := 1,
exitCode := 0,
singularChart := 1,
singularOutput := "CF_EXACT_SINGULAR_CHART_1\nCF_EXACT_SINGULAR\nCF_SCRIPT_COMPLETED_OK\n",
status := "exact_singular" ) ) ],
finiteFieldTrials := [ rec(
exitCode := 0,
numberOfMembersTested := 31,
prime := 5,
singularOutput := "CF_SINGULAR_MEMBER_1_END\nCF_SINGULAR_MEMBER_2_END\nCF_SINGULAR_MEMBER_3_END\nCF_SINGULAR_MEMBER_4_END\nCF_SINGULAR_MEMBER_5_END\nCF_SINGULAR_MEMBER_6_END\nCF_SINGULAR_MEMBER_7_END\nCF_SINGULAR_MEMBER_8_END\nCF_SINGULAR_MEMBER_9_END\nCF_SINGULAR_MEMBER_10_END\nCF_SINGULAR_MEMBER_11_END\nCF_SINGULAR_MEMBER_12_END\nCF_SINGULAR_MEMBER_13_END\nCF_SINGULAR_MEMBER_14_END\nCF_SINGULAR_MEMBER_15_END\nCF_SINGULAR_MEMBER_16_END\nCF_SINGULAR_MEMBER_17_END\nCF_SINGULAR_MEMBER_18_END\nCF_SINGULAR_MEMBER_19_END\nCF_SINGULAR_MEMBER_20_END\nCF_SINGULAR_MEMBER_21_END\nCF_SINGULAR_MEMBER_22_END\nCF_SINGULAR_MEMBER_23_END\nCF_SINGULAR_MEMBER_24_END\nCF_SINGULAR_MEMBER_25_END\nCF_SINGULAR_MEMBER_26_END\nCF_SINGULAR_MEMBER_27_END\nCF_SINGULAR_MEMBER_28_END\nCF_SINGULAR_MEMBER_29_END\nCF_SINGULAR_MEMBER_30_END\nCF_SINGULAR_MEMBER_31_END\nCF_NO_SMOOTH_MEMBER\nCF_SCRIPT_COMPLETED_OK\n",
status := "no_smooth_in_batch",
witnessIndex := fail,
witnessVerificationPassed := false ), rec(
exitCode := 0,
numberOfMembersTested := 32,
prime := 7,
singularOutput := "CF_SINGULAR_MEMBER_1_END\nCF_SINGULAR_MEMBER_2_END\nCF_SINGULAR_MEMBER_3_END\nCF_SINGULAR_MEMBER_4_END\nCF_SINGULAR_MEMBER_5_END\nCF_SINGULAR_MEMBER_6_END\nCF_SINGULAR_MEMBER_7_END\nCF_SINGULAR_MEMBER_8_END\nCF_SINGULAR_MEMBER_9_END\nCF_SINGULAR_MEMBER_10_END\nCF_SINGULAR_MEMBER_11_END\nCF_SINGULAR_MEMBER_12_END\nCF_SINGULAR_MEMBER_13_END\nCF_SINGULAR_MEMBER_14_END\nCF_SINGULAR_MEMBER_15_END\nCF_SINGULAR_MEMBER_16_END\nCF_SINGULAR_MEMBER_17_END\nCF_SINGULAR_MEMBER_18_END\nCF_SINGULAR_MEMBER_19_END\nCF_SINGULAR_MEMBER_20_END\nCF_SINGULAR_MEMBER_21_END\nCF_SINGULAR_MEMBER_22_END\nCF_SINGULAR_MEMBER_23_END\nCF_SINGULAR_MEMBER_24_END\nCF_SINGULAR_MEMBER_25_END\nCF_SINGULAR_MEMBER_26_END\nCF_SINGULAR_MEMBER_27_END\nCF_SINGULAR_MEMBER_28_END\nCF_SINGULAR_MEMBER_29_END\nCF_SINGULAR_MEMBER_30_END\nCF_SINGULAR_MEMBER_31_END\nCF_SINGULAR_MEMBER_32_END\nCF_NO_SMOOTH_MEMBER\nCF_SCRIPT_COMPLETED_OK\n",
status := "no_smooth_in_batch",
witnessIndex := fail,
witnessVerificationPassed := false ), rec(
exitCode := 0,
numberOfMembersTested := 32,
prime := 13,
singularOutput := "CF_SINGULAR_MEMBER_1_END\nCF_SINGULAR_MEMBER_2_END\nCF_SINGULAR_MEMBER_3_END\nCF_SINGULAR_MEMBER_4_END\nCF_SINGULAR_MEMBER_5_END\nCF_SINGULAR_MEMBER_6_END\nCF_SINGULAR_MEMBER_7_END\nCF_SINGULAR_MEMBER_8_END\nCF_SINGULAR_MEMBER_9_END\nCF_SINGULAR_MEMBER_10_END\nCF_SINGULAR_MEMBER_11_END\nCF_SINGULAR_MEMBER_12_END\nCF_SINGULAR_MEMBER_13_END\nCF_SINGULAR_MEMBER_14_END\nCF_SINGULAR_MEMBER_15_END\nCF_SINGULAR_MEMBER_16_END\nCF_SINGULAR_MEMBER_17_END\nCF_SINGULAR_MEMBER_18_END\nCF_SINGULAR_MEMBER_19_END\nCF_SINGULAR_MEMBER_20_END\nCF_SINGULAR_MEMBER_21_END\nCF_SINGULAR_MEMBER_22_END\nCF_SINGULAR_MEMBER_23_END\nCF_SINGULAR_MEMBER_24_END\nCF_SINGULAR_MEMBER_25_END\nCF_SINGULAR_MEMBER_26_END\nCF_SINGULAR_MEMBER_27_END\nCF_SINGULAR_MEMBER_28_END\nCF_SINGULAR_MEMBER_29_END\nCF_SINGULAR_MEMBER_30_END\nCF_SINGULAR_MEMBER_31_END\nCF_SINGULAR_MEMBER_32_END\nCF_NO_SMOOTH_MEMBER\nCF_SCRIPT_COMPLETED_OK\n",
status := "no_smooth_in_batch",
witnessIndex := fail,
witnessVerificationPassed := false ) ],
method := "deterministic coefficient batch",
status := "no_smooth_witness" ),
guessedPolynomial := "(-24259157609/406467072)*x6^3 + (1183318513/67744512)*x5*x6^2 + (-63400121/33872256)*x5^2*x6 + (2565121/50808384)*x5^3 + (1431/7744)*x4^3 + (65/88)*x3*x4^2 + (2)*x3^2*x4 + (5)*x3^3 + (-490)*x2*x4*x6 + (40)*x2*x4*x5 + (-790)*x2*x3*x6 + (-20)*x2*x3*x5 + (-136)*x2^3 + (245)*x1*x4*x6 + (-20)*x1*x4*x5 + (395)*x1*x3*x6 + (10)*x1*x3*x5 + (204)*x1*x2^2 + (-102)*x1^2*x2 + (17)*x1^3",
isDirectKnownCase := false,
linearGId := [ 108, 32 ],
projectiveGId := [ 36, 6 ],
proofType := "the invariant basis has a nonempty exact common projective Jacobian locus",
status := "singular",
symplecticPart := "C3",
testedCoefficientCandidates := [ [ 2, 5, 10, 17 ], [ 1, 1, 1, 1 ], [ 1, 2, 3, 4 ], [ 1, -2, 3, -4 ], [ 1, -1, 0, 3 ], [ 1, 0, 0, 0 ], [ 0, 1, 0, 0 ], [ 0, 0, 1, 0 ], [ 0, 0, 0, 1 ], [ 1, 1, 0, 0 ], [ 1, -1, 0, 0 ], [ 1, 0, 1, 0 ], [ 1, 0, -1, 0 ], [ 1, 0, 0, 1 ], [ 1, 0, 0, -1 ], [ 0, 1, 1, 0 ], [ 0, 1, -1, 0 ], [ 0, 1, 0, 1 ], [ 0, 1, 0, -1 ], [ 0, 0, 1, 1 ], [ 0, 0, 1, -1 ], [ -6, 10, 6, -11 ], [ -10, 10, 9, 1 ], [ -5, -2, -3, -10 ], [ -9, -7, 3, 10 ], [ -1, -3, -2, -5 ], [ -1, -5, 11, 6 ], [ 1, -7, 7, 9 ], [ -2, 4, 1, -7 ], [ -9, -7, 3, -5 ], [ 1, -1, -6, -2 ], [ -9, 6, -1, 9 ] ] ), rec(
candidateNumber := 21,
centralizerDimension := 4,
commonSingularChart := 1,
componentIndex := 1,
componentLabel := "Koike (3.4), generic index 1",
cubicInvariantDimension := 4,
determinantImageOrder := 8,
exactCommonLocusTest := rec(
coefficientFieldConductor := 24,
exitCode := 0,
singularChart := 1,
singularOutput := "CF_EXACT_COMMON_SINGULAR_CHART_1\nCF_EXACT_COMMON_SINGULAR_POINT\nCF_SCRIPT_COMPLETED_OK\n",
status := "common_singular_point_exists" ),
familyDimension := 0,
familyIndexWithinCase := 1,
genericIndex := 1,
guessedCoefficients := [ 2, 5, 10, 17 ],
guessedMemberTest := rec(
coefficientCandidates := [ [ 2, 5, 10, 17 ], [ 1, 1, 1, 1 ], [ 1, 2, 3, 4 ], [ 1, -2, 3, -4 ], [ 1, -1, 0, 3 ], [ 1, 0, 0, 0 ], [ 0, 1, 0, 0 ], [ 0, 0, 1, 0 ], [ 0, 0, 0, 1 ], [ 1, 1, 0, 0 ], [ 1, -1, 0, 0 ], [ 1, 0, 1, 0 ], [ 1, 0, -1, 0 ], [ 1, 0, 0, 1 ], [ 1, 0, 0, -1 ], [ 0, 1, 1, 0 ], [ 0, 1, -1, 0 ], [ 0, 1, 0, 1 ], [ 0, 1, 0, -1 ], [ 0, 0, 1, 1 ], [ 0, 0, 1, -1 ], [ -6, 10, 6, -11 ], [ -10, 10, 9, 1 ], [ -5, -2, -3, -10 ], [ -9, -7, 3, 10 ], [ -1, -3, -2, -5 ], [ -1, -5, 11, 6 ], [ 1, -7, 7, 9 ], [ -2, 4, 1, -7 ], [ -9, -7, 3, -5 ], [ 1, -1, -6, -2 ], [ -9, 6, -1, 9 ] ],
coefficientFieldConductor := 24,
exactTrials := [ rec(
coefficients := [ 2, 5, 10, 17 ],
trial := rec(
coefficientFieldConductor := 24,
exitCode := 0,
singularChart := 1,
singularOutput := "CF_EXACT_SINGULAR_CHART_1\nCF_EXACT_SINGULAR\nCF_SCRIPT_COMPLETED_OK\n",
status := "exact_singular" ) ), rec(
coefficients := [ 1, 1, 1, 1 ],
trial := rec(
coefficientFieldConductor := 24,
exitCode := 0,
singularChart := 1,
singularOutput := "CF_EXACT_SINGULAR_CHART_1\nCF_EXACT_SINGULAR\nCF_SCRIPT_COMPLETED_OK\n",
status := "exact_singular" ) ), rec(
coefficients := [ 1, 2, 3, 4 ],
trial := rec(
coefficientFieldConductor := 24,
exitCode := 0,
singularChart := 1,
singularOutput := "CF_EXACT_SINGULAR_CHART_1\nCF_EXACT_SINGULAR\nCF_SCRIPT_COMPLETED_OK\n",
status := "exact_singular" ) ), rec(
coefficients := [ 1, -2, 3, -4 ],
trial := rec(
coefficientFieldConductor := 24,
exitCode := 0,
singularChart := 1,
singularOutput := "CF_EXACT_SINGULAR_CHART_1\nCF_EXACT_SINGULAR\nCF_SCRIPT_COMPLETED_OK\n",
status := "exact_singular" ) ), rec(
coefficients := [ 1, -1, 0, 3 ],
trial := rec(
coefficientFieldConductor := 24,
exitCode := 0,
singularChart := 1,
singularOutput := "CF_EXACT_SINGULAR_CHART_1\nCF_EXACT_SINGULAR\nCF_SCRIPT_COMPLETED_OK\n",
status := "exact_singular" ) ), rec(
coefficients := [ 1, 0, 0, 0 ],
trial := rec(
coefficientFieldConductor := 24,
exitCode := 0,
singularChart := 1,
singularOutput := "CF_EXACT_SINGULAR_CHART_1\nCF_EXACT_SINGULAR\nCF_SCRIPT_COMPLETED_OK\n",
status := "exact_singular" ) ) ],
finiteFieldTrials := [ rec(
exitCode := 0,
numberOfMembersTested := 32,
prime := 73,
singularOutput := "CF_SINGULAR_MEMBER_1_END\nCF_SINGULAR_MEMBER_2_END\nCF_SINGULAR_MEMBER_3_END\nCF_SINGULAR_MEMBER_4_END\nCF_SINGULAR_MEMBER_5_END\nCF_SINGULAR_MEMBER_6_END\nCF_SINGULAR_MEMBER_7_END\nCF_SINGULAR_MEMBER_8_END\nCF_SINGULAR_MEMBER_9_END\nCF_SINGULAR_MEMBER_10_END\nCF_SINGULAR_MEMBER_11_END\nCF_SINGULAR_MEMBER_12_END\nCF_SINGULAR_MEMBER_13_END\nCF_SINGULAR_MEMBER_14_END\nCF_SINGULAR_MEMBER_15_END\nCF_SINGULAR_MEMBER_16_END\nCF_SINGULAR_MEMBER_17_END\nCF_SINGULAR_MEMBER_18_END\nCF_SINGULAR_MEMBER_19_END\nCF_SINGULAR_MEMBER_20_END\nCF_SINGULAR_MEMBER_21_END\nCF_SINGULAR_MEMBER_22_END\nCF_SINGULAR_MEMBER_23_END\nCF_SINGULAR_MEMBER_24_END\nCF_SINGULAR_MEMBER_25_END\nCF_SINGULAR_MEMBER_26_END\nCF_SINGULAR_MEMBER_27_END\nCF_SINGULAR_MEMBER_28_END\nCF_SINGULAR_MEMBER_29_END\nCF_SINGULAR_MEMBER_30_END\nCF_SINGULAR_MEMBER_31_END\nCF_SINGULAR_MEMBER_32_END\nCF_NO_SMOOTH_MEMBER\nCF_SCRIPT_COMPLETED_OK\n",
status := "no_smooth_in_batch",
witnessIndex := fail,
witnessVerificationPassed := false ), rec(
exitCode := 0,
numberOfMembersTested := 32,
prime := 97,
singularOutput := "CF_SINGULAR_MEMBER_1_END\nCF_SINGULAR_MEMBER_2_END\nCF_SINGULAR_MEMBER_3_END\nCF_SINGULAR_MEMBER_4_END\nCF_SINGULAR_MEMBER_5_END\nCF_SINGULAR_MEMBER_6_END\nCF_SINGULAR_MEMBER_7_END\nCF_SINGULAR_MEMBER_8_END\nCF_SINGULAR_MEMBER_9_END\nCF_SINGULAR_MEMBER_10_END\nCF_SINGULAR_MEMBER_11_END\nCF_SINGULAR_MEMBER_12_END\nCF_SINGULAR_MEMBER_13_END\nCF_SINGULAR_MEMBER_14_END\nCF_SINGULAR_MEMBER_15_END\nCF_SINGULAR_MEMBER_16_END\nCF_SINGULAR_MEMBER_17_END\nCF_SINGULAR_MEMBER_18_END\nCF_SINGULAR_MEMBER_19_END\nCF_SINGULAR_MEMBER_20_END\nCF_SINGULAR_MEMBER_21_END\nCF_SINGULAR_MEMBER_22_END\nCF_SINGULAR_MEMBER_23_END\nCF_SINGULAR_MEMBER_24_END\nCF_SINGULAR_MEMBER_25_END\nCF_SINGULAR_MEMBER_26_END\nCF_SINGULAR_MEMBER_27_END\nCF_SINGULAR_MEMBER_28_END\nCF_SINGULAR_MEMBER_29_END\nCF_SINGULAR_MEMBER_30_END\nCF_SINGULAR_MEMBER_31_END\nCF_SINGULAR_MEMBER_32_END\nCF_NO_SMOOTH_MEMBER\nCF_SCRIPT_COMPLETED_OK\n",
status := "no_smooth_in_batch",
witnessIndex := fail,
witnessVerificationPassed := false ), rec(
exitCode := 0,
numberOfMembersTested := 32,
prime := 193,
singularOutput := "CF_SINGULAR_MEMBER_1_END\nCF_SINGULAR_MEMBER_2_END\nCF_SINGULAR_MEMBER_3_END\nCF_SINGULAR_MEMBER_4_END\nCF_SINGULAR_MEMBER_5_END\nCF_SINGULAR_MEMBER_6_END\nCF_SINGULAR_MEMBER_7_END\nCF_SINGULAR_MEMBER_8_END\nCF_SINGULAR_MEMBER_9_END\nCF_SINGULAR_MEMBER_10_END\nCF_SINGULAR_MEMBER_11_END\nCF_SINGULAR_MEMBER_12_END\nCF_SINGULAR_MEMBER_13_END\nCF_SINGULAR_MEMBER_14_END\nCF_SINGULAR_MEMBER_15_END\nCF_SINGULAR_MEMBER_16_END\nCF_SINGULAR_MEMBER_17_END\nCF_SINGULAR_MEMBER_18_END\nCF_SINGULAR_MEMBER_19_END\nCF_SINGULAR_MEMBER_20_END\nCF_SINGULAR_MEMBER_21_END\nCF_SINGULAR_MEMBER_22_END\nCF_SINGULAR_MEMBER_23_END\nCF_SINGULAR_MEMBER_24_END\nCF_SINGULAR_MEMBER_25_END\nCF_SINGULAR_MEMBER_26_END\nCF_SINGULAR_MEMBER_27_END\nCF_SINGULAR_MEMBER_28_END\nCF_SINGULAR_MEMBER_29_END\nCF_SINGULAR_MEMBER_30_END\nCF_SINGULAR_MEMBER_31_END\nCF_SINGULAR_MEMBER_32_END\nCF_NO_SMOOTH_MEMBER\nCF_SCRIPT_COMPLETED_OK\n",
status := "no_smooth_in_batch",
witnessIndex := fail,
witnessVerificationPassed := false ) ],
method := "deterministic coefficient batch",
status := "no_smooth_witness" ),
guessedPolynomial := "(2129225/176418*E(3))*x6^3 + (60835/58806*E(3))*x5*x6^2 + (-12167/21384*E(3))*x5^2*x6 + (12167/352836*E(3))*x5^3 + (7/484)*x4^3 + (81/242)*x3*x4^2 + (93/44)*x3^2*x4 + (2)*x3^3 + (-5560/891*E(24)^8-5560/891*E(24)^16+532000/9801*E(24)^19)*x2*x4*x6 + (-200/891*E(24)^8-200/891*E(24)^16-53200/9801*E(24)^19)*x2*x4*x5 + (-5560/81*E(24)^8-5560/81*E(24)^16+145600/891*E(24)^19)*x2*x3*x6 + (-200/81*E(24)^8-200/81*E(24)^16-14560/891*E(24)^19)*x2*x3*x5 + (-2176/81)*x2^3 + (-5/11*E(24)^8-5/11*E(24)^16+16100/363*E(24)^19)*x1*x4*x6 + (-10/11*E(24)^8-10/11*E(24)^16-1610/363*E(24)^19)*x1*x4*x5 + (5)*x1*x3*x6 + (10)*x1*x3*x5 + (-3808/81)*x1*x2^2 + (-34/9)*x1^2*x2 + (17)*x1^3",
isDirectKnownCase := false,
linearGId := [ 72, 12 ],
projectiveGId := [ 24, 1 ],
proofType := "the invariant basis has a nonempty exact common projective Jacobian locus",
status := "singular",
symplecticPart := "C3",
testedCoefficientCandidates := [ [ 2, 5, 10, 17 ], [ 1, 1, 1, 1 ], [ 1, 2, 3, 4 ], [ 1, -2, 3, -4 ], [ 1, -1, 0, 3 ], [ 1, 0, 0, 0 ], [ 0, 1, 0, 0 ], [ 0, 0, 1, 0 ], [ 0, 0, 0, 1 ], [ 1, 1, 0, 0 ], [ 1, -1, 0, 0 ], [ 1, 0, 1, 0 ], [ 1, 0, -1, 0 ], [ 1, 0, 0, 1 ], [ 1, 0, 0, -1 ], [ 0, 1, 1, 0 ], [ 0, 1, -1, 0 ], [ 0, 1, 0, 1 ], [ 0, 1, 0, -1 ], [ 0, 0, 1, 1 ], [ 0, 0, 1, -1 ], [ -6, 10, 6, -11 ], [ -10, 10, 9, 1 ], [ -5, -2, -3, -10 ], [ -9, -7, 3, 10 ], [ -1, -3, -2, -5 ], [ -1, -5, 11, 6 ], [ 1, -7, 7, 9 ], [ -2, 4, 1, -7 ], [ -9, -7, 3, -5 ], [ 1, -1, -6, -2 ], [ -9, 6, -1, 9 ] ] ), rec(
candidateNumber := 22,
centralizerDimension := 4,
commonSingularChart := 1,
componentIndex := 1,
componentLabel := "Koike (3.4), generic index 1",
cubicInvariantDimension := 4,
determinantImageOrder := 8,
exactCommonLocusTest := rec(
coefficientFieldConductor := 4,
exitCode := 0,
singularChart := 1,
singularOutput := "CF_EXACT_COMMON_SINGULAR_CHART_1\nCF_EXACT_COMMON_SINGULAR_POINT\nCF_SCRIPT_COMPLETED_OK\n",
status := "common_singular_point_exists" ),
familyDimension := 0,
familyIndexWithinCase := 2,
genericIndex := 1,
guessedCoefficients := [ 2, 5, 10, 17 ],
guessedMemberTest := rec(
coefficientCandidates := [ [ 2, 5, 10, 17 ], [ 1, 1, 1, 1 ], [ 1, 2, 3, 4 ], [ 1, -2, 3, -4 ], [ 1, -1, 0, 3 ], [ 1, 0, 0, 0 ], [ 0, 1, 0, 0 ], [ 0, 0, 1, 0 ], [ 0, 0, 0, 1 ], [ 1, 1, 0, 0 ], [ 1, -1, 0, 0 ], [ 1, 0, 1, 0 ], [ 1, 0, -1, 0 ], [ 1, 0, 0, 1 ], [ 1, 0, 0, -1 ], [ 0, 1, 1, 0 ], [ 0, 1, -1, 0 ], [ 0, 1, 0, 1 ], [ 0, 1, 0, -1 ], [ 0, 0, 1, 1 ], [ 0, 0, 1, -1 ], [ -6, 10, 6, -11 ], [ -10, 10, 9, 1 ], [ -5, -2, -3, -10 ], [ -9, -7, 3, 10 ], [ -1, -3, -2, -5 ], [ -1, -5, 11, 6 ], [ 1, -7, 7, 9 ], [ -2, 4, 1, -7 ], [ -9, -7, 3, -5 ], [ 1, -1, -6, -2 ], [ -9, 6, -1, 9 ] ],
coefficientFieldConductor := 4,
exactTrials := [ rec(
coefficients := [ 2, 5, 10, 17 ],
trial := rec(
coefficientFieldConductor := 4,
exitCode := 0,
singularChart := 1,
singularOutput := "CF_EXACT_SINGULAR_CHART_1\nCF_EXACT_SINGULAR\nCF_SCRIPT_COMPLETED_OK\n",
status := "exact_singular" ) ), rec(
coefficients := [ 1, 1, 1, 1 ],
trial := rec(
coefficientFieldConductor := 4,
exitCode := 0,
singularChart := 1,
singularOutput := "CF_EXACT_SINGULAR_CHART_1\nCF_EXACT_SINGULAR\nCF_SCRIPT_COMPLETED_OK\n",
status := "exact_singular" ) ), rec(
coefficients := [ 1, 2, 3, 4 ],
trial := rec(
coefficientFieldConductor := 4,
exitCode := 0,
singularChart := 1,
singularOutput := "CF_EXACT_SINGULAR_CHART_1\nCF_EXACT_SINGULAR\nCF_SCRIPT_COMPLETED_OK\n",
status := "exact_singular" ) ), rec(
coefficients := [ 1, -2, 3, -4 ],
trial := rec(
coefficientFieldConductor := 4,
exitCode := 0,
singularChart := 1,
singularOutput := "CF_EXACT_SINGULAR_CHART_1\nCF_EXACT_SINGULAR\nCF_SCRIPT_COMPLETED_OK\n",
status := "exact_singular" ) ), rec(
coefficients := [ 1, -1, 0, 3 ],
trial := rec(
coefficientFieldConductor := 4,
exitCode := 0,
singularChart := 1,
singularOutput := "CF_EXACT_SINGULAR_CHART_1\nCF_EXACT_SINGULAR\nCF_SCRIPT_COMPLETED_OK\n",
status := "exact_singular" ) ), rec(
coefficients := [ 1, 0, 0, 0 ],
trial := rec(
coefficientFieldConductor := 4,
exitCode := 0,
singularChart := 1,
singularOutput := "CF_EXACT_SINGULAR_CHART_1\nCF_EXACT_SINGULAR\nCF_SCRIPT_COMPLETED_OK\n",
status := "exact_singular" ) ) ],
finiteFieldTrials := [ rec(
exitCode := 0,
numberOfMembersTested := 32,
prime := 13,
singularOutput := "CF_SINGULAR_MEMBER_1_END\nCF_SINGULAR_MEMBER_2_END\nCF_SINGULAR_MEMBER_3_END\nCF_SINGULAR_MEMBER_4_END\nCF_SINGULAR_MEMBER_5_END\nCF_SINGULAR_MEMBER_6_END\nCF_SINGULAR_MEMBER_7_END\nCF_SINGULAR_MEMBER_8_END\nCF_SINGULAR_MEMBER_9_END\nCF_SINGULAR_MEMBER_10_END\nCF_SINGULAR_MEMBER_11_END\nCF_SINGULAR_MEMBER_12_END\nCF_SINGULAR_MEMBER_13_END\nCF_SINGULAR_MEMBER_14_END\nCF_SINGULAR_MEMBER_15_END\nCF_SINGULAR_MEMBER_16_END\nCF_SINGULAR_MEMBER_17_END\nCF_SINGULAR_MEMBER_18_END\nCF_SINGULAR_MEMBER_19_END\nCF_SINGULAR_MEMBER_20_END\nCF_SINGULAR_MEMBER_21_END\nCF_SINGULAR_MEMBER_22_END\nCF_SINGULAR_MEMBER_23_END\nCF_SINGULAR_MEMBER_24_END\nCF_SINGULAR_MEMBER_25_END\nCF_SINGULAR_MEMBER_26_END\nCF_SINGULAR_MEMBER_27_END\nCF_SINGULAR_MEMBER_28_END\nCF_SINGULAR_MEMBER_29_END\nCF_SINGULAR_MEMBER_30_END\nCF_SINGULAR_MEMBER_31_END\nCF_SINGULAR_MEMBER_32_END\nCF_NO_SMOOTH_MEMBER\nCF_SCRIPT_COMPLETED_OK\n",
status := "no_smooth_in_batch",
witnessIndex := fail,
witnessVerificationPassed := false ), rec(
exitCode := 0,
numberOfMembersTested := 32,
prime := 17,
singularOutput := "CF_SINGULAR_MEMBER_1_END\nCF_SINGULAR_MEMBER_2_END\nCF_SINGULAR_MEMBER_3_END\nCF_SINGULAR_MEMBER_4_END\nCF_SINGULAR_MEMBER_5_END\nCF_SINGULAR_MEMBER_6_END\nCF_SINGULAR_MEMBER_7_END\nCF_SINGULAR_MEMBER_8_END\nCF_SINGULAR_MEMBER_9_END\nCF_SINGULAR_MEMBER_10_END\nCF_SINGULAR_MEMBER_11_END\nCF_SINGULAR_MEMBER_12_END\nCF_SINGULAR_MEMBER_13_END\nCF_SINGULAR_MEMBER_14_END\nCF_SINGULAR_MEMBER_15_END\nCF_SINGULAR_MEMBER_16_END\nCF_SINGULAR_MEMBER_17_END\nCF_SINGULAR_MEMBER_18_END\nCF_SINGULAR_MEMBER_19_END\nCF_SINGULAR_MEMBER_20_END\nCF_SINGULAR_MEMBER_21_END\nCF_SINGULAR_MEMBER_22_END\nCF_SINGULAR_MEMBER_23_END\nCF_SINGULAR_MEMBER_24_END\nCF_SINGULAR_MEMBER_25_END\nCF_SINGULAR_MEMBER_26_END\nCF_SINGULAR_MEMBER_27_END\nCF_SINGULAR_MEMBER_28_END\nCF_SINGULAR_MEMBER_29_END\nCF_SINGULAR_MEMBER_30_END\nCF_SINGULAR_MEMBER_31_END\nCF_SINGULAR_MEMBER_32_END\nCF_NO_SMOOTH_MEMBER\nCF_SCRIPT_COMPLETED_OK\n",
status := "no_smooth_in_batch",
witnessIndex := fail,
witnessVerificationPassed := false ), rec(
exitCode := 0,
numberOfMembersTested := 32,
prime := 29,
singularOutput := "CF_SINGULAR_MEMBER_1_END\nCF_SINGULAR_MEMBER_2_END\nCF_SINGULAR_MEMBER_3_END\nCF_SINGULAR_MEMBER_4_END\nCF_SINGULAR_MEMBER_5_END\nCF_SINGULAR_MEMBER_6_END\nCF_SINGULAR_MEMBER_7_END\nCF_SINGULAR_MEMBER_8_END\nCF_SINGULAR_MEMBER_9_END\nCF_SINGULAR_MEMBER_10_END\nCF_SINGULAR_MEMBER_11_END\nCF_SINGULAR_MEMBER_12_END\nCF_SINGULAR_MEMBER_13_END\nCF_SINGULAR_MEMBER_14_END\nCF_SINGULAR_MEMBER_15_END\nCF_SINGULAR_MEMBER_16_END\nCF_SINGULAR_MEMBER_17_END\nCF_SINGULAR_MEMBER_18_END\nCF_SINGULAR_MEMBER_19_END\nCF_SINGULAR_MEMBER_20_END\nCF_SINGULAR_MEMBER_21_END\nCF_SINGULAR_MEMBER_22_END\nCF_SINGULAR_MEMBER_23_END\nCF_SINGULAR_MEMBER_24_END\nCF_SINGULAR_MEMBER_25_END\nCF_SINGULAR_MEMBER_26_END\nCF_SINGULAR_MEMBER_27_END\nCF_SINGULAR_MEMBER_28_END\nCF_SINGULAR_MEMBER_29_END\nCF_SINGULAR_MEMBER_30_END\nCF_SINGULAR_MEMBER_31_END\nCF_SINGULAR_MEMBER_32_END\nCF_NO_SMOOTH_MEMBER\nCF_SCRIPT_COMPLETED_OK\n",
status := "no_smooth_in_batch",
witnessIndex := fail,
witnessVerificationPassed := false ) ],
method := "deterministic coefficient batch",
status := "no_smooth_witness" ),
guessedPolynomial := "(-77890897/2000000)*x6^3 + (-63321413/1000000)*x5*x6^2 + (-93518359/500000)*x5^2*x6 + (-12294579/250000)*x5^3 + (48909/1024)*x4^3 + (6721/128)*x3*x4^2 + (2)*x3^2*x4 + (5)*x3^3 + (-14/97+3087/97*E(4))*x2*x4*x6 + (-1654/97+957/97*E(4))*x2*x4*x5 + (-190/97-300/97*E(4))*x2*x3*x6 + (-20)*x2*x3*x5 + (-2176/81)*x2^3 + (7/97-3087/194*E(4))*x1*x4*x6 + (827/97-957/194*E(4))*x1*x4*x5 + (95/97+150/97*E(4))*x1*x3*x6 + (10)*x1*x3*x5 + (-3808/81)*x1*x2^2 + (-34/9)*x1^2*x2 + (17)*x1^3",
isDirectKnownCase := false,
linearGId := [ 72, 12 ],
projectiveGId := [ 24, 1 ],
proofType := "the invariant basis has a nonempty exact common projective Jacobian locus",
status := "singular",
symplecticPart := "C3",
testedCoefficientCandidates := [ [ 2, 5, 10, 17 ], [ 1, 1, 1, 1 ], [ 1, 2, 3, 4 ], [ 1, -2, 3, -4 ], [ 1, -1, 0, 3 ], [ 1, 0, 0, 0 ], [ 0, 1, 0, 0 ], [ 0, 0, 1, 0 ], [ 0, 0, 0, 1 ], [ 1, 1, 0, 0 ], [ 1, -1, 0, 0 ], [ 1, 0, 1, 0 ], [ 1, 0, -1, 0 ], [ 1, 0, 0, 1 ], [ 1, 0, 0, -1 ], [ 0, 1, 1, 0 ], [ 0, 1, -1, 0 ], [ 0, 1, 0, 1 ], [ 0, 1, 0, -1 ], [ 0, 0, 1, 1 ], [ 0, 0, 1, -1 ], [ -6, 10, 6, -11 ], [ -10, 10, 9, 1 ], [ -5, -2, -3, -10 ], [ -9, -7, 3, 10 ], [ -1, -3, -2, -5 ], [ -1, -5, 11, 6 ], [ 1, -7, 7, 9 ], [ -2, 4, 1, -7 ], [ -9, -7, 3, -5 ], [ 1, -1, -6, -2 ], [ -9, 6, -1, 9 ] ] ), rec(
candidateNumber := 23,
centralizerDimension := 4,
commonSingularChart := 1,
componentIndex := 1,
componentLabel := "Koike (3.4), generic index 1",
cubicInvariantDimension := 4,
determinantImageOrder := 8,
exactCommonLocusTest := rec(
coefficientFieldConductor := 24,
exitCode := 0,
singularChart := 1,
singularOutput := "CF_EXACT_COMMON_SINGULAR_CHART_1\nCF_EXACT_COMMON_SINGULAR_POINT\nCF_SCRIPT_COMPLETED_OK\n",
status := "common_singular_point_exists" ),
familyDimension := 0,
familyIndexWithinCase := 3,
genericIndex := 1,
guessedCoefficients := [ 2, 5, 10, 17 ],
guessedMemberTest := rec(
coefficientCandidates := [ [ 2, 5, 10, 17 ], [ 1, 1, 1, 1 ], [ 1, 2, 3, 4 ], [ 1, -2, 3, -4 ], [ 1, -1, 0, 3 ], [ 1, 0, 0, 0 ], [ 0, 1, 0, 0 ], [ 0, 0, 1, 0 ], [ 0, 0, 0, 1 ], [ 1, 1, 0, 0 ], [ 1, -1, 0, 0 ], [ 1, 0, 1, 0 ], [ 1, 0, -1, 0 ], [ 1, 0, 0, 1 ], [ 1, 0, 0, -1 ], [ 0, 1, 1, 0 ], [ 0, 1, -1, 0 ], [ 0, 1, 0, 1 ], [ 0, 1, 0, -1 ], [ 0, 0, 1, 1 ], [ 0, 0, 1, -1 ], [ -6, 10, 6, -11 ], [ -10, 10, 9, 1 ], [ -5, -2, -3, -10 ], [ -9, -7, 3, 10 ], [ -1, -3, -2, -5 ], [ -1, -5, 11, 6 ], [ 1, -7, 7, 9 ], [ -2, 4, 1, -7 ], [ -9, -7, 3, -5 ], [ 1, -1, -6, -2 ], [ -9, 6, -1, 9 ] ],
coefficientFieldConductor := 24,
exactTrials := [ rec(
coefficients := [ 2, 5, 10, 17 ],
trial := rec(
coefficientFieldConductor := 24,
exitCode := 0,
singularChart := 1,
singularOutput := "CF_EXACT_SINGULAR_CHART_1\nCF_EXACT_SINGULAR\nCF_SCRIPT_COMPLETED_OK\n",
status := "exact_singular" ) ), rec(
coefficients := [ 1, 1, 1, 1 ],
trial := rec(
coefficientFieldConductor := 24,
exitCode := 0,
singularChart := 1,
singularOutput := "CF_EXACT_SINGULAR_CHART_1\nCF_EXACT_SINGULAR\nCF_SCRIPT_COMPLETED_OK\n",
status := "exact_singular" ) ), rec(
coefficients := [ 1, 2, 3, 4 ],
trial := rec(
coefficientFieldConductor := 24,
exitCode := 0,
singularChart := 1,
singularOutput := "CF_EXACT_SINGULAR_CHART_1\nCF_EXACT_SINGULAR\nCF_SCRIPT_COMPLETED_OK\n",
status := "exact_singular" ) ), rec(
coefficients := [ 1, -2, 3, -4 ],
trial := rec(
coefficientFieldConductor := 24,
exitCode := 0,
singularChart := 1,
singularOutput := "CF_EXACT_SINGULAR_CHART_1\nCF_EXACT_SINGULAR\nCF_SCRIPT_COMPLETED_OK\n",
status := "exact_singular" ) ), rec(
coefficients := [ 1, -1, 0, 3 ],
trial := rec(
coefficientFieldConductor := 24,
exitCode := 0,
singularChart := 1,
singularOutput := "CF_EXACT_SINGULAR_CHART_1\nCF_EXACT_SINGULAR\nCF_SCRIPT_COMPLETED_OK\n",
status := "exact_singular" ) ), rec(
coefficients := [ 1, 0, 0, 0 ],
trial := rec(
coefficientFieldConductor := 24,
exitCode := 0,
singularChart := 1,
singularOutput := "CF_EXACT_SINGULAR_CHART_1\nCF_EXACT_SINGULAR\nCF_SCRIPT_COMPLETED_OK\n",
status := "exact_singular" ) ) ],
finiteFieldTrials := [ rec(
exitCode := 0,
numberOfMembersTested := 32,
prime := 73,
singularOutput := "CF_SINGULAR_MEMBER_1_END\nCF_SINGULAR_MEMBER_2_END\nCF_SINGULAR_MEMBER_3_END\nCF_SINGULAR_MEMBER_4_END\nCF_SINGULAR_MEMBER_5_END\nCF_SINGULAR_MEMBER_6_END\nCF_SINGULAR_MEMBER_7_END\nCF_SINGULAR_MEMBER_8_END\nCF_SINGULAR_MEMBER_9_END\nCF_SINGULAR_MEMBER_10_END\nCF_SINGULAR_MEMBER_11_END\nCF_SINGULAR_MEMBER_12_END\nCF_SINGULAR_MEMBER_13_END\nCF_SINGULAR_MEMBER_14_END\nCF_SINGULAR_MEMBER_15_END\nCF_SINGULAR_MEMBER_16_END\nCF_SINGULAR_MEMBER_17_END\nCF_SINGULAR_MEMBER_18_END\nCF_SINGULAR_MEMBER_19_END\nCF_SINGULAR_MEMBER_20_END\nCF_SINGULAR_MEMBER_21_END\nCF_SINGULAR_MEMBER_22_END\nCF_SINGULAR_MEMBER_23_END\nCF_SINGULAR_MEMBER_24_END\nCF_SINGULAR_MEMBER_25_END\nCF_SINGULAR_MEMBER_26_END\nCF_SINGULAR_MEMBER_27_END\nCF_SINGULAR_MEMBER_28_END\nCF_SINGULAR_MEMBER_29_END\nCF_SINGULAR_MEMBER_30_END\nCF_SINGULAR_MEMBER_31_END\nCF_SINGULAR_MEMBER_32_END\nCF_NO_SMOOTH_MEMBER\nCF_SCRIPT_COMPLETED_OK\n",
status := "no_smooth_in_batch",
witnessIndex := fail,
witnessVerificationPassed := false ), rec(
exitCode := 0,
numberOfMembersTested := 32,
prime := 97,
singularOutput := "CF_SINGULAR_MEMBER_1_END\nCF_SINGULAR_MEMBER_2_END\nCF_SINGULAR_MEMBER_3_END\nCF_SINGULAR_MEMBER_4_END\nCF_SINGULAR_MEMBER_5_END\nCF_SINGULAR_MEMBER_6_END\nCF_SINGULAR_MEMBER_7_END\nCF_SINGULAR_MEMBER_8_END\nCF_SINGULAR_MEMBER_9_END\nCF_SINGULAR_MEMBER_10_END\nCF_SINGULAR_MEMBER_11_END\nCF_SINGULAR_MEMBER_12_END\nCF_SINGULAR_MEMBER_13_END\nCF_SINGULAR_MEMBER_14_END\nCF_SINGULAR_MEMBER_15_END\nCF_SINGULAR_MEMBER_16_END\nCF_SINGULAR_MEMBER_17_END\nCF_SINGULAR_MEMBER_18_END\nCF_SINGULAR_MEMBER_19_END\nCF_SINGULAR_MEMBER_20_END\nCF_SINGULAR_MEMBER_21_END\nCF_SINGULAR_MEMBER_22_END\nCF_SINGULAR_MEMBER_23_END\nCF_SINGULAR_MEMBER_24_END\nCF_SINGULAR_MEMBER_25_END\nCF_SINGULAR_MEMBER_26_END\nCF_SINGULAR_MEMBER_27_END\nCF_SINGULAR_MEMBER_28_END\nCF_SINGULAR_MEMBER_29_END\nCF_SINGULAR_MEMBER_30_END\nCF_SINGULAR_MEMBER_31_END\nCF_SINGULAR_MEMBER_32_END\nCF_NO_SMOOTH_MEMBER\nCF_SCRIPT_COMPLETED_OK\n",
status := "no_smooth_in_batch",
witnessIndex := fail,
witnessVerificationPassed := false ), rec(
exitCode := 0,
numberOfMembersTested := 32,
prime := 193,
singularOutput := "CF_SINGULAR_MEMBER_1_END\nCF_SINGULAR_MEMBER_2_END\nCF_SINGULAR_MEMBER_3_END\nCF_SINGULAR_MEMBER_4_END\nCF_SINGULAR_MEMBER_5_END\nCF_SINGULAR_MEMBER_6_END\nCF_SINGULAR_MEMBER_7_END\nCF_SINGULAR_MEMBER_8_END\nCF_SINGULAR_MEMBER_9_END\nCF_SINGULAR_MEMBER_10_END\nCF_SINGULAR_MEMBER_11_END\nCF_SINGULAR_MEMBER_12_END\nCF_SINGULAR_MEMBER_13_END\nCF_SINGULAR_MEMBER_14_END\nCF_SINGULAR_MEMBER_15_END\nCF_SINGULAR_MEMBER_16_END\nCF_SINGULAR_MEMBER_17_END\nCF_SINGULAR_MEMBER_18_END\nCF_SINGULAR_MEMBER_19_END\nCF_SINGULAR_MEMBER_20_END\nCF_SINGULAR_MEMBER_21_END\nCF_SINGULAR_MEMBER_22_END\nCF_SINGULAR_MEMBER_23_END\nCF_SINGULAR_MEMBER_24_END\nCF_SINGULAR_MEMBER_25_END\nCF_SINGULAR_MEMBER_26_END\nCF_SINGULAR_MEMBER_27_END\nCF_SINGULAR_MEMBER_28_END\nCF_SINGULAR_MEMBER_29_END\nCF_SINGULAR_MEMBER_30_END\nCF_SINGULAR_MEMBER_31_END\nCF_SINGULAR_MEMBER_32_END\nCF_NO_SMOOTH_MEMBER\nCF_SCRIPT_COMPLETED_OK\n",
status := "no_smooth_in_batch",
witnessIndex := fail,
witnessVerificationPassed := false ) ],
method := "deterministic coefficient batch",
status := "no_smooth_witness" ),
guessedPolynomial := "(-8365427/500000)*x6^3 + (-3585183/250000)*x5*x6^2 + (-512169/125000)*x5^2*x6 + (-24389/62500)*x5^3 + (343/256)*x4^3 + (147/32)*x3*x4^2 + (21/4)*x3^2*x4 + (2)*x3^3 + (1211/180*E(24)^8-1799/180*E(24)^11+1211/180*E(24)^16)*x2*x4*x6 + (-427/90*E(24)^8-257/90*E(24)^11-427/90*E(24)^16)*x2*x4*x5 + (346/45*E(24)^8+182/45*E(24)^11+346/45*E(24)^16)*x2*x3*x6 + (-244/45*E(24)^8+52/45*E(24)^11-244/45*E(24)^16)*x2*x3*x5 + (-136)*x2^3 + (-35/8*E(24)^8-609/40*E(24)^11-35/8*E(24)^16)*x1*x4*x6 + (-35/4*E(24)^8-87/20*E(24)^11-35/4*E(24)^16)*x1*x4*x5 + (5)*x1*x3*x6 + (10)*x1*x3*x5 + (204)*x1*x2^2 + (-102)*x1^2*x2 + (17)*x1^3",
isDirectKnownCase := false,
linearGId := [ 72, 12 ],
projectiveGId := [ 24, 1 ],
proofType := "the invariant basis has a nonempty exact common projective Jacobian locus",
status := "singular",
symplecticPart := "C3",
testedCoefficientCandidates := [ [ 2, 5, 10, 17 ], [ 1, 1, 1, 1 ], [ 1, 2, 3, 4 ], [ 1, -2, 3, -4 ], [ 1, -1, 0, 3 ], [ 1, 0, 0, 0 ], [ 0, 1, 0, 0 ], [ 0, 0, 1, 0 ], [ 0, 0, 0, 1 ], [ 1, 1, 0, 0 ], [ 1, -1, 0, 0 ], [ 1, 0, 1, 0 ], [ 1, 0, -1, 0 ], [ 1, 0, 0, 1 ], [ 1, 0, 0, -1 ], [ 0, 1, 1, 0 ], [ 0, 1, -1, 0 ], [ 0, 1, 0, 1 ], [ 0, 1, 0, -1 ], [ 0, 0, 1, 1 ], [ 0, 0, 1, -1 ], [ -6, 10, 6, -11 ], [ -10, 10, 9, 1 ], [ -5, -2, -3, -10 ], [ -9, -7, 3, 10 ], [ -1, -3, -2, -5 ], [ -1, -5, 11, 6 ], [ 1, -7, 7, 9 ], [ -2, 4, 1, -7 ], [ -9, -7, 3, -5 ], [ 1, -1, -6, -2 ], [ -9, 6, -1, 9 ] ] ), rec(
candidateNumber := 24,
centralizerDimension := 4,
commonSingularChart := 1,
componentIndex := 1,
componentLabel := "Koike (3.4), generic index 1",
cubicInvariantDimension := 4,
determinantImageOrder := 8,
exactCommonLocusTest := rec(
coefficientFieldConductor := 1,
exitCode := 0,
singularChart := 1,
singularOutput := "CF_EXACT_COMMON_SINGULAR_CHART_1\nCF_EXACT_COMMON_SINGULAR_POINT\nCF_SCRIPT_COMPLETED_OK\n",
status := "common_singular_point_exists" ),
familyDimension := 0,
familyIndexWithinCase := 4,
genericIndex := 1,
guessedCoefficients := [ 2, 5, 10, 17 ],
guessedMemberTest := rec(
coefficientCandidates := [ [ 2, 5, 10, 17 ], [ 1, 1, 1, 1 ], [ 1, 2, 3, 4 ], [ 1, -2, 3, -4 ], [ 1, -1, 0, 3 ], [ 1, 0, 0, 0 ], [ 0, 1, 0, 0 ], [ 0, 0, 1, 0 ], [ 0, 0, 0, 1 ], [ 1, 1, 0, 0 ], [ 1, -1, 0, 0 ], [ 1, 0, 1, 0 ], [ 1, 0, -1, 0 ], [ 1, 0, 0, 1 ], [ 1, 0, 0, -1 ], [ 0, 1, 1, 0 ], [ 0, 1, -1, 0 ], [ 0, 1, 0, 1 ], [ 0, 1, 0, -1 ], [ 0, 0, 1, 1 ], [ 0, 0, 1, -1 ], [ -6, 10, 6, -11 ], [ -10, 10, 9, 1 ], [ -5, -2, -3, -10 ], [ -9, -7, 3, 10 ], [ -1, -3, -2, -5 ], [ -1, -5, 11, 6 ], [ 1, -7, 7, 9 ], [ -2, 4, 1, -7 ], [ -9, -7, 3, -5 ], [ 1, -1, -6, -2 ], [ -9, 6, -1, 9 ] ],
coefficientFieldConductor := 1,
exactTrials := [ rec(
coefficients := [ 2, 5, 10, 17 ],
trial := rec(
coefficientFieldConductor := 1,
exitCode := 0,
singularChart := 1,
singularOutput := "CF_EXACT_SINGULAR_CHART_1\nCF_EXACT_SINGULAR\nCF_SCRIPT_COMPLETED_OK\n",
status := "exact_singular" ) ), rec(
coefficients := [ 1, 1, 1, 1 ],
trial := rec(
coefficientFieldConductor := 1,
exitCode := 0,
singularChart := 1,
singularOutput := "CF_EXACT_SINGULAR_CHART_1\nCF_EXACT_SINGULAR\nCF_SCRIPT_COMPLETED_OK\n",
status := "exact_singular" ) ), rec(
coefficients := [ 1, 2, 3, 4 ],
trial := rec(
coefficientFieldConductor := 1,
exitCode := 0,
singularChart := 1,
singularOutput := "CF_EXACT_SINGULAR_CHART_1\nCF_EXACT_SINGULAR\nCF_SCRIPT_COMPLETED_OK\n",
status := "exact_singular" ) ), rec(
coefficients := [ 1, -2, 3, -4 ],
trial := rec(
coefficientFieldConductor := 1,
exitCode := 0,
singularChart := 1,
singularOutput := "CF_EXACT_SINGULAR_CHART_1\nCF_EXACT_SINGULAR\nCF_SCRIPT_COMPLETED_OK\n",
status := "exact_singular" ) ), rec(
coefficients := [ 1, -1, 0, 3 ],
trial := rec(
coefficientFieldConductor := 1,
exitCode := 0,
singularChart := 1,
singularOutput := "CF_EXACT_SINGULAR_CHART_1\nCF_EXACT_SINGULAR\nCF_SCRIPT_COMPLETED_OK\n",
status := "exact_singular" ) ), rec(
coefficients := [ 1, 0, 0, 0 ],
trial := rec(
coefficientFieldConductor := 1,
exitCode := 0,
singularChart := 1,
singularOutput := "CF_EXACT_SINGULAR_CHART_1\nCF_EXACT_SINGULAR\nCF_SCRIPT_COMPLETED_OK\n",
status := "exact_singular" ) ) ],
finiteFieldTrials := [ rec(
exitCode := 0,
numberOfMembersTested := 32,
prime := 7,
singularOutput := "CF_SINGULAR_MEMBER_1_END\nCF_SINGULAR_MEMBER_2_END\nCF_SINGULAR_MEMBER_3_END\nCF_SINGULAR_MEMBER_4_END\nCF_SINGULAR_MEMBER_5_END\nCF_SINGULAR_MEMBER_6_END\nCF_SINGULAR_MEMBER_7_END\nCF_SINGULAR_MEMBER_8_END\nCF_SINGULAR_MEMBER_9_END\nCF_SINGULAR_MEMBER_10_END\nCF_SINGULAR_MEMBER_11_END\nCF_SINGULAR_MEMBER_12_END\nCF_SINGULAR_MEMBER_13_END\nCF_SINGULAR_MEMBER_14_END\nCF_SINGULAR_MEMBER_15_END\nCF_SINGULAR_MEMBER_16_END\nCF_SINGULAR_MEMBER_17_END\nCF_SINGULAR_MEMBER_18_END\nCF_SINGULAR_MEMBER_19_END\nCF_SINGULAR_MEMBER_20_END\nCF_SINGULAR_MEMBER_21_END\nCF_SINGULAR_MEMBER_22_END\nCF_SINGULAR_MEMBER_23_END\nCF_SINGULAR_MEMBER_24_END\nCF_SINGULAR_MEMBER_25_END\nCF_SINGULAR_MEMBER_26_END\nCF_SINGULAR_MEMBER_27_END\nCF_SINGULAR_MEMBER_28_END\nCF_SINGULAR_MEMBER_29_END\nCF_SINGULAR_MEMBER_30_END\nCF_SINGULAR_MEMBER_31_END\nCF_SINGULAR_MEMBER_32_END\nCF_NO_SMOOTH_MEMBER\nCF_SCRIPT_COMPLETED_OK\n",
status := "no_smooth_in_batch",
witnessIndex := fail,
witnessVerificationPassed := false ), rec(
exitCode := 0,
numberOfMembersTested := 32,
prime := 11,
singularOutput := "CF_SINGULAR_MEMBER_1_END\nCF_SINGULAR_MEMBER_2_END\nCF_SINGULAR_MEMBER_3_END\nCF_SINGULAR_MEMBER_4_END\nCF_SINGULAR_MEMBER_5_END\nCF_SINGULAR_MEMBER_6_END\nCF_SINGULAR_MEMBER_7_END\nCF_SINGULAR_MEMBER_8_END\nCF_SINGULAR_MEMBER_9_END\nCF_SINGULAR_MEMBER_10_END\nCF_SINGULAR_MEMBER_11_END\nCF_SINGULAR_MEMBER_12_END\nCF_SINGULAR_MEMBER_13_END\nCF_SINGULAR_MEMBER_14_END\nCF_SINGULAR_MEMBER_15_END\nCF_SINGULAR_MEMBER_16_END\nCF_SINGULAR_MEMBER_17_END\nCF_SINGULAR_MEMBER_18_END\nCF_SINGULAR_MEMBER_19_END\nCF_SINGULAR_MEMBER_20_END\nCF_SINGULAR_MEMBER_21_END\nCF_SINGULAR_MEMBER_22_END\nCF_SINGULAR_MEMBER_23_END\nCF_SINGULAR_MEMBER_24_END\nCF_SINGULAR_MEMBER_25_END\nCF_SINGULAR_MEMBER_26_END\nCF_SINGULAR_MEMBER_27_END\nCF_SINGULAR_MEMBER_28_END\nCF_SINGULAR_MEMBER_29_END\nCF_SINGULAR_MEMBER_30_END\nCF_SINGULAR_MEMBER_31_END\nCF_SINGULAR_MEMBER_32_END\nCF_NO_SMOOTH_MEMBER\nCF_SCRIPT_COMPLETED_OK\n",
status := "no_smooth_in_batch",
witnessIndex := fail,
witnessVerificationPassed := false ), rec(
exitCode := 0,
numberOfMembersTested := 32,
prime := 13,
singularOutput := "CF_SINGULAR_MEMBER_1_END\nCF_SINGULAR_MEMBER_2_END\nCF_SINGULAR_MEMBER_3_END\nCF_SINGULAR_MEMBER_4_END\nCF_SINGULAR_MEMBER_5_END\nCF_SINGULAR_MEMBER_6_END\nCF_SINGULAR_MEMBER_7_END\nCF_SINGULAR_MEMBER_8_END\nCF_SINGULAR_MEMBER_9_END\nCF_SINGULAR_MEMBER_10_END\nCF_SINGULAR_MEMBER_11_END\nCF_SINGULAR_MEMBER_12_END\nCF_SINGULAR_MEMBER_13_END\nCF_SINGULAR_MEMBER_14_END\nCF_SINGULAR_MEMBER_15_END\nCF_SINGULAR_MEMBER_16_END\nCF_SINGULAR_MEMBER_17_END\nCF_SINGULAR_MEMBER_18_END\nCF_SINGULAR_MEMBER_19_END\nCF_SINGULAR_MEMBER_20_END\nCF_SINGULAR_MEMBER_21_END\nCF_SINGULAR_MEMBER_22_END\nCF_SINGULAR_MEMBER_23_END\nCF_SINGULAR_MEMBER_24_END\nCF_SINGULAR_MEMBER_25_END\nCF_SINGULAR_MEMBER_26_END\nCF_SINGULAR_MEMBER_27_END\nCF_SINGULAR_MEMBER_28_END\nCF_SINGULAR_MEMBER_29_END\nCF_SINGULAR_MEMBER_30_END\nCF_SINGULAR_MEMBER_31_END\nCF_SINGULAR_MEMBER_32_END\nCF_NO_SMOOTH_MEMBER\nCF_SCRIPT_COMPLETED_OK\n",
status := "no_smooth_in_batch",
witnessIndex := fail,
witnessVerificationPassed := false ) ],
method := "deterministic coefficient batch",
status := "no_smooth_witness" ),
guessedPolynomial := "(-77890897/2000000)*x6^3 + (-63321413/1000000)*x5*x6^2 + (-93518359/500000)*x5^2*x6 + (-12294579/250000)*x5^3 + (48909/1024)*x4^3 + (6721/128)*x3*x4^2 + (2)*x3^2*x4 + (5)*x3^3 + (-245/4)*x2*x4*x6 + (-35/2)*x2*x4*x5 + (-70)*x2*x3*x6 + (-20)*x2*x3*x5 + (-136)*x2^3 + (245/8)*x1*x4*x6 + (35/4)*x1*x4*x5 + (35)*x1*x3*x6 + (10)*x1*x3*x5 + (204)*x1*x2^2 + (-102)*x1^2*x2 + (17)*x1^3",
isDirectKnownCase := false,
linearGId := [ 72, 12 ],
projectiveGId := [ 24, 1 ],
proofType := "the invariant basis has a nonempty exact common projective Jacobian locus",
status := "singular",
symplecticPart := "C3",
testedCoefficientCandidates := [ [ 2, 5, 10, 17 ], [ 1, 1, 1, 1 ], [ 1, 2, 3, 4 ], [ 1, -2, 3, -4 ], [ 1, -1, 0, 3 ], [ 1, 0, 0, 0 ], [ 0, 1, 0, 0 ], [ 0, 0, 1, 0 ], [ 0, 0, 0, 1 ], [ 1, 1, 0, 0 ], [ 1, -1, 0, 0 ], [ 1, 0, 1, 0 ], [ 1, 0, -1, 0 ], [ 1, 0, 0, 1 ], [ 1, 0, 0, -1 ], [ 0, 1, 1, 0 ], [ 0, 1, -1, 0 ], [ 0, 1, 0, 1 ], [ 0, 1, 0, -1 ], [ 0, 0, 1, 1 ], [ 0, 0, 1, -1 ], [ -6, 10, 6, -11 ], [ -10, 10, 9, 1 ], [ -5, -2, -3, -10 ], [ -9, -7, 3, 10 ], [ -1, -3, -2, -5 ], [ -1, -5, 11, 6 ], [ 1, -7, 7, 9 ], [ -2, 4, 1, -7 ], [ -9, -7, 3, -5 ], [ 1, -1, -6, -2 ], [ -9, 6, -1, 9 ] ] ), rec(
candidateNumber := 25,
centralizerDimension := 6,
commonSingularChart := 1,
componentIndex := 1,
componentLabel := "Koike (3.4), generic index 1",
cubicInvariantDimension := 8,
determinantImageOrder := 8,
exactCommonLocusTest := rec(
coefficientFieldConductor := 1,
exitCode := 0,
singularChart := 1,
singularOutput := "CF_EXACT_COMMON_SINGULAR_CHART_1\nCF_EXACT_COMMON_SINGULAR_POINT\nCF_SCRIPT_COMPLETED_OK\n",
status := "common_singular_point_exists" ),
familyDimension := 2,
familyIndexWithinCase := 5,
genericIndex := 1,
guessedCoefficients := [ 2, 5, 10, 17, 26, 37, 50, 65 ],
guessedMemberTest := rec(
coefficientCandidates := [ [ 2, 5, 10, 17, 26, 37, 50, 65 ], [ 1, 1, 1, 1, 1, 1, 1, 1 ], [ 1, 2, 3, 4, 5, 6, 7, 8 ], [ 1, -2, 3, -4, 5, -6, 7, -8 ], [ 1, 0, 0, -1, 0, 0, 0, 3 ], [ 1, 0, 0, 0, 0, 0, 0, 0 ], [ 0, 1, 0, 0, 0, 0, 0, 0 ], [ 0, 0, 1, 0, 0, 0, 0, 0 ], [ 0, 0, 0, 1, 0, 0, 0, 0 ], [ 0, 0, 0, 0, 1, 0, 0, 0 ], [ 0, 0, 0, 0, 0, 1, 0, 0 ], [ 0, 0, 0, 0, 0, 0, 1, 0 ], [ 0, 0, 0, 0, 0, 0, 0, 1 ], [ 1, 1, 0, 0, 0, 0, 0, 0 ], [ 1, -1, 0, 0, 0, 0, 0, 0 ], [ 1, 0, 1, 0, 0, 0, 0, 0 ], [ 1, 0, -1, 0, 0, 0, 0, 0 ], [ 1, 0, 0, 1, 0, 0, 0, 0 ], [ 1, 0, 0, -1, 0, 0, 0, 0 ], [ 1, 0, 0, 0, 1, 0, 0, 0 ], [ 1, 0, 0, 0, -1, 0, 0, 0 ], [ 1, 0, 0, 0, 0, 1, 0, 0 ], [ 1, 0, 0, 0, 0, -1, 0, 0 ], [ 1, 0, 0, 0, 0, 0, 1, 0 ], [ 1, 0, 0, 0, 0, 0, -1, 0 ], [ 1, 0, 0, 0, 0, 0, 0, 1 ], [ 1, 0, 0, 0, 0, 0, 0, -1 ], [ 0, 1, 1, 0, 0, 0, 0, 0 ], [ 0, 1, -1, 0, 0, 0, 0, 0 ], [ 0, 1, 0, 1, 0, 0, 0, 0 ], [ 0, 1, 0, -1, 0, 0, 0, 0 ], [ 0, 1, 0, 0, 1, 0, 0, 0 ] ],
coefficientFieldConductor := 1,
exactTrials := [ rec(
coefficients := [ 2, 5, 10, 17, 26, 37, 50, 65 ],
trial := rec(
coefficientFieldConductor := 1,
exitCode := 0,
singularChart := 1,
singularOutput := "CF_EXACT_SINGULAR_CHART_1\nCF_EXACT_SINGULAR\nCF_SCRIPT_COMPLETED_OK\n",
status := "exact_singular" ) ), rec(
coefficients := [ 1, 1, 1, 1, 1, 1, 1, 1 ],
trial := rec(
coefficientFieldConductor := 1,
exitCode := 0,
singularChart := 1,
singularOutput := "CF_EXACT_SINGULAR_CHART_1\nCF_EXACT_SINGULAR\nCF_SCRIPT_COMPLETED_OK\n",
status := "exact_singular" ) ), rec(
coefficients := [ 1, 2, 3, 4, 5, 6, 7, 8 ],
trial := rec(
coefficientFieldConductor := 1,
exitCode := 0,
singularChart := 1,
singularOutput := "CF_EXACT_SINGULAR_CHART_1\nCF_EXACT_SINGULAR\nCF_SCRIPT_COMPLETED_OK\n",
status := "exact_singular" ) ), rec(
coefficients := [ 1, -2, 3, -4, 5, -6, 7, -8 ],
trial := rec(
coefficientFieldConductor := 1,
exitCode := 0,
singularChart := 1,
singularOutput := "CF_EXACT_SINGULAR_CHART_1\nCF_EXACT_SINGULAR\nCF_SCRIPT_COMPLETED_OK\n",
status := "exact_singular" ) ), rec(
coefficients := [ 1, 0, 0, -1, 0, 0, 0, 3 ],
trial := rec(
coefficientFieldConductor := 1,
exitCode := 0,
singularChart := 1,
singularOutput := "CF_EXACT_SINGULAR_CHART_1\nCF_EXACT_SINGULAR\nCF_SCRIPT_COMPLETED_OK\n",
status := "exact_singular" ) ), rec(
coefficients := [ 1, 0, 0, 0, 0, 0, 0, 0 ],
trial := rec(
coefficientFieldConductor := 1,
exitCode := 0,
singularChart := 1,
singularOutput := "CF_EXACT_SINGULAR_CHART_1\nCF_EXACT_SINGULAR\nCF_SCRIPT_COMPLETED_OK\n",
status := "exact_singular" ) ) ],
finiteFieldTrials := [ rec(
exitCode := 0,
numberOfMembersTested := 32,
prime := 5,
singularOutput := "CF_SINGULAR_MEMBER_1_END\nCF_SINGULAR_MEMBER_2_END\nCF_SINGULAR_MEMBER_3_END\nCF_SINGULAR_MEMBER_4_END\nCF_SINGULAR_MEMBER_5_END\nCF_SINGULAR_MEMBER_6_END\nCF_SINGULAR_MEMBER_7_END\nCF_SINGULAR_MEMBER_8_END\nCF_SINGULAR_MEMBER_9_END\nCF_SINGULAR_MEMBER_10_END\nCF_SINGULAR_MEMBER_11_END\nCF_SINGULAR_MEMBER_12_END\nCF_SINGULAR_MEMBER_13_END\nCF_SINGULAR_MEMBER_14_END\nCF_SINGULAR_MEMBER_15_END\nCF_SINGULAR_MEMBER_16_END\nCF_SINGULAR_MEMBER_17_END\nCF_SINGULAR_MEMBER_18_END\nCF_SINGULAR_MEMBER_19_END\nCF_SINGULAR_MEMBER_20_END\nCF_SINGULAR_MEMBER_21_END\nCF_SINGULAR_MEMBER_22_END\nCF_SINGULAR_MEMBER_23_END\nCF_SINGULAR_MEMBER_24_END\nCF_SINGULAR_MEMBER_25_END\nCF_SINGULAR_MEMBER_26_END\nCF_SINGULAR_MEMBER_27_END\nCF_SINGULAR_MEMBER_28_END\nCF_SINGULAR_MEMBER_29_END\nCF_SINGULAR_MEMBER_30_END\nCF_SINGULAR_MEMBER_31_END\nCF_SINGULAR_MEMBER_32_END\nCF_NO_SMOOTH_MEMBER\nCF_SCRIPT_COMPLETED_OK\n",
status := "no_smooth_in_batch",
witnessIndex := fail,
witnessVerificationPassed := false ), rec(
exitCode := 0,
numberOfMembersTested := 32,
prime := 7,
singularOutput := "CF_SINGULAR_MEMBER_1_END\nCF_SINGULAR_MEMBER_2_END\nCF_SINGULAR_MEMBER_3_END\nCF_SINGULAR_MEMBER_4_END\nCF_SINGULAR_MEMBER_5_END\nCF_SINGULAR_MEMBER_6_END\nCF_SINGULAR_MEMBER_7_END\nCF_SINGULAR_MEMBER_8_END\nCF_SINGULAR_MEMBER_9_END\nCF_SINGULAR_MEMBER_10_END\nCF_SINGULAR_MEMBER_11_END\nCF_SINGULAR_MEMBER_12_END\nCF_SINGULAR_MEMBER_13_END\nCF_SINGULAR_MEMBER_14_END\nCF_SINGULAR_MEMBER_15_END\nCF_SINGULAR_MEMBER_16_END\nCF_SINGULAR_MEMBER_17_END\nCF_SINGULAR_MEMBER_18_END\nCF_SINGULAR_MEMBER_19_END\nCF_SINGULAR_MEMBER_20_END\nCF_SINGULAR_MEMBER_21_END\nCF_SINGULAR_MEMBER_22_END\nCF_SINGULAR_MEMBER_23_END\nCF_SINGULAR_MEMBER_24_END\nCF_SINGULAR_MEMBER_25_END\nCF_SINGULAR_MEMBER_26_END\nCF_SINGULAR_MEMBER_27_END\nCF_SINGULAR_MEMBER_28_END\nCF_SINGULAR_MEMBER_29_END\nCF_SINGULAR_MEMBER_30_END\nCF_SINGULAR_MEMBER_31_END\nCF_SINGULAR_MEMBER_32_END\nCF_NO_SMOOTH_MEMBER\nCF_SCRIPT_COMPLETED_OK\n",
status := "no_smooth_in_batch",
witnessIndex := fail,
witnessVerificationPassed := false ), rec(
exitCode := 0,
numberOfMembersTested := 32,
prime := 11,
singularOutput := "CF_SINGULAR_MEMBER_1_END\nCF_SINGULAR_MEMBER_2_END\nCF_SINGULAR_MEMBER_3_END\nCF_SINGULAR_MEMBER_4_END\nCF_SINGULAR_MEMBER_5_END\nCF_SINGULAR_MEMBER_6_END\nCF_SINGULAR_MEMBER_7_END\nCF_SINGULAR_MEMBER_8_END\nCF_SINGULAR_MEMBER_9_END\nCF_SINGULAR_MEMBER_10_END\nCF_SINGULAR_MEMBER_11_END\nCF_SINGULAR_MEMBER_12_END\nCF_SINGULAR_MEMBER_13_END\nCF_SINGULAR_MEMBER_14_END\nCF_SINGULAR_MEMBER_15_END\nCF_SINGULAR_MEMBER_16_END\nCF_SINGULAR_MEMBER_17_END\nCF_SINGULAR_MEMBER_18_END\nCF_SINGULAR_MEMBER_19_END\nCF_SINGULAR_MEMBER_20_END\nCF_SINGULAR_MEMBER_21_END\nCF_SINGULAR_MEMBER_22_END\nCF_SINGULAR_MEMBER_23_END\nCF_SINGULAR_MEMBER_24_END\nCF_SINGULAR_MEMBER_25_END\nCF_SINGULAR_MEMBER_26_END\nCF_SINGULAR_MEMBER_27_END\nCF_SINGULAR_MEMBER_28_END\nCF_SINGULAR_MEMBER_29_END\nCF_SINGULAR_MEMBER_30_END\nCF_SINGULAR_MEMBER_31_END\nCF_SINGULAR_MEMBER_32_END\nCF_NO_SMOOTH_MEMBER\nCF_SCRIPT_COMPLETED_OK\n",
status := "no_smooth_in_batch",
witnessIndex := fail,
witnessVerificationPassed := false ) ],
method := "deterministic coefficient batch",
status := "no_smooth_witness" ),
guessedPolynomial := "(-43003501/328509)*x6^3 + (-28701695/109503)*x5*x6^2 + (-19274497/109503)*x5^2*x6 + (-13047203/328509)*x5^3 + (2)*x4^3 + (5)*x3*x4^2 + (10)*x3^2*x4 + (17)*x3^3 + (-3995/19)*x2*x4*x6 + (-52)*x2*x4*x5 + (-74)*x2*x3*x6 + (-100)*x2*x3*x5 + (-520)*x2^3 + (3995/38)*x1*x4*x6 + (26)*x1*x4*x5 + (37)*x1*x3*x6 + (50)*x1*x3*x5 + (780)*x1*x2^2 + (-390)*x1^2*x2 + (65)*x1^3",
isDirectKnownCase := false,
linearGId := [ 72, 12 ],
projectiveGId := [ 24, 1 ],
proofType := "the invariant basis has a nonempty exact common projective Jacobian locus",
status := "singular",
symplecticPart := "C3",
testedCoefficientCandidates := [ [ 2, 5, 10, 17, 26, 37, 50, 65 ], [ 1, 1, 1, 1, 1, 1, 1, 1 ], [ 1, 2, 3, 4, 5, 6, 7, 8 ], [ 1, -2, 3, -4, 5, -6, 7, -8 ], [ 1, 0, 0, -1, 0, 0, 0, 3 ], [ 1, 0, 0, 0, 0, 0, 0, 0 ], [ 0, 1, 0, 0, 0, 0, 0, 0 ], [ 0, 0, 1, 0, 0, 0, 0, 0 ], [ 0, 0, 0, 1, 0, 0, 0, 0 ], [ 0, 0, 0, 0, 1, 0, 0, 0 ], [ 0, 0, 0, 0, 0, 1, 0, 0 ], [ 0, 0, 0, 0, 0, 0, 1, 0 ], [ 0, 0, 0, 0, 0, 0, 0, 1 ], [ 1, 1, 0, 0, 0, 0, 0, 0 ], [ 1, -1, 0, 0, 0, 0, 0, 0 ], [ 1, 0, 1, 0, 0, 0, 0, 0 ], [ 1, 0, -1, 0, 0, 0, 0, 0 ], [ 1, 0, 0, 1, 0, 0, 0, 0 ], [ 1, 0, 0, -1, 0, 0, 0, 0 ], [ 1, 0, 0, 0, 1, 0, 0, 0 ], [ 1, 0, 0, 0, -1, 0, 0, 0 ], [ 1, 0, 0, 0, 0, 1, 0, 0 ], [ 1, 0, 0, 0, 0, -1, 0, 0 ], [ 1, 0, 0, 0, 0, 0, 1, 0 ], [ 1, 0, 0, 0, 0, 0, -1, 0 ], [ 1, 0, 0, 0, 0, 0, 0, 1 ], [ 1, 0, 0, 0, 0, 0, 0, -1 ], [ 0, 1, 1, 0, 0, 0, 0, 0 ], [ 0, 1, -1, 0, 0, 0, 0, 0 ], [ 0, 1, 0, 1, 0, 0, 0, 0 ], [ 0, 1, 0, -1, 0, 0, 0, 0 ], [ 0, 1, 0, 0, 1, 0, 0, 0 ] ] ), rec(
candidateNumber := 26,
centralizerDimension := 17,
componentIndex := 2,
componentLabel := "Koike (3.3), generic index 2",
cubicInvariantDimension := 21,
determinantImageOrder := 6,
familyDimension := 4,
familyIndexWithinCase := 1,
genericIndex := 2,
guessedCoefficients := [ 1, 2, 3, 4, 5, 6, 7, 8, 9, 10, 11, 12, 13, 14, 15, 16, 17, 18, 19, 20, 21 ],
guessedMemberTest := rec(
coefficientCandidates := [ [ 2, 5, 10, 17, 26, 37, 50, 65, 82, 101, 122, 145, 170, 197, 226, 257, 290, 325, 362, 401, 442 ], [ 1, 1, 1, 1, 1, 1, 1, 1, 1, 1, 1, 1, 1, 1, 1, 1, 1, 1, 1, 1, 1 ], [ 1, 2, 3, 4, 5, 6, 7, 8, 9, 10, 11, 12, 13, 14, 15, 16, 17, 18, 19, 20, 21 ], [ 1, -2, 3, -4, 5, -6, 7, -8, 9, -10, 11, -12, 13, -14, 15, -16, 17, -18, 19, -20, 21 ], [ 1, 0, 0, 0, 0, 0, 0, 0, 0, 0, -1, 0, 0, 0, 0, 0, 0, 0, 0, 0, 3 ], [ 1, 0, 0, 0, 0, 0, 0, 0, 0, 0, 0, 0, 0, 0, 0, 0, 0, 0, 0, 0, 0 ], [ 0, 1, 0, 0, 0, 0, 0, 0, 0, 0, 0, 0, 0, 0, 0, 0, 0, 0, 0, 0, 0 ], [ 0, 0, 1, 0, 0, 0, 0, 0, 0, 0, 0, 0, 0, 0, 0, 0, 0, 0, 0, 0, 0 ], [ 0, 0, 0, 1, 0, 0, 0, 0, 0, 0, 0, 0, 0, 0, 0, 0, 0, 0, 0, 0, 0 ], [ 0, 0, 0, 0, 1, 0, 0, 0, 0, 0, 0, 0, 0, 0, 0, 0, 0, 0, 0, 0, 0 ], [ 0, 0, 0, 0, 0, 1, 0, 0, 0, 0, 0, 0, 0, 0, 0, 0, 0, 0, 0, 0, 0 ], [ 0, 0, 0, 0, 0, 0, 1, 0, 0, 0, 0, 0, 0, 0, 0, 0, 0, 0, 0, 0, 0 ], [ 0, 0, 0, 0, 0, 0, 0, 1, 0, 0, 0, 0, 0, 0, 0, 0, 0, 0, 0, 0, 0 ], [ 0, 0, 0, 0, 0, 0, 0, 0, 1, 0, 0, 0, 0, 0, 0, 0, 0, 0, 0, 0, 0 ], [ 0, 0, 0, 0, 0, 0, 0, 0, 0, 1, 0, 0, 0, 0, 0, 0, 0, 0, 0, 0, 0 ], [ 0, 0, 0, 0, 0, 0, 0, 0, 0, 0, 1, 0, 0, 0, 0, 0, 0, 0, 0, 0, 0 ], [ 0, 0, 0, 0, 0, 0, 0, 0, 0, 0, 0, 1, 0, 0, 0, 0, 0, 0, 0, 0, 0 ], [ 0, 0, 0, 0, 0, 0, 0, 0, 0, 0, 0, 0, 1, 0, 0, 0, 0, 0, 0, 0, 0 ], [ 0, 0, 0, 0, 0, 0, 0, 0, 0, 0, 0, 0, 0, 1, 0, 0, 0, 0, 0, 0, 0 ], [ 0, 0, 0, 0, 0, 0, 0, 0, 0, 0, 0, 0, 0, 0, 1, 0, 0, 0, 0, 0, 0 ], [ 0, 0, 0, 0, 0, 0, 0, 0, 0, 0, 0, 0, 0, 0, 0, 1, 0, 0, 0, 0, 0 ], [ 0, 0, 0, 0, 0, 0, 0, 0, 0, 0, 0, 0, 0, 0, 0, 0, 1, 0, 0, 0, 0 ], [ 0, 0, 0, 0, 0, 0, 0, 0, 0, 0, 0, 0, 0, 0, 0, 0, 0, 1, 0, 0, 0 ], [ 0, 0, 0, 0, 0, 0, 0, 0, 0, 0, 0, 0, 0, 0, 0, 0, 0, 0, 1, 0, 0 ], [ 0, 0, 0, 0, 0, 0, 0, 0, 0, 0, 0, 0, 0, 0, 0, 0, 0, 0, 0, 1, 0 ], [ 0, 0, 0, 0, 0, 0, 0, 0, 0, 0, 0, 0, 0, 0, 0, 0, 0, 0, 0, 0, 1 ], [ 1, 1, 0, 0, 0, 0, 0, 0, 0, 0, 0, 0, 0, 0, 0, 0, 0, 0, 0, 0, 0 ], [ 1, -1, 0, 0, 0, 0, 0, 0, 0, 0, 0, 0, 0, 0, 0, 0, 0, 0, 0, 0, 0 ], [ 1, 0, 1, 0, 0, 0, 0, 0, 0, 0, 0, 0, 0, 0, 0, 0, 0, 0, 0, 0, 0 ], [ 1, 0, -1, 0, 0, 0, 0, 0, 0, 0, 0, 0, 0, 0, 0, 0, 0, 0, 0, 0, 0 ], [ 1, 0, 0, 1, 0, 0, 0, 0, 0, 0, 0, 0, 0, 0, 0, 0, 0, 0, 0, 0, 0 ], [ 1, 0, 0, -1, 0, 0, 0, 0, 0, 0, 0, 0, 0, 0, 0, 0, 0, 0, 0, 0, 0 ] ],
coefficientFieldConductor := 1,
exactTrials := [  ],
finiteFieldTrials := [ rec(
exitCode := 0,
numberOfMembersTested := 32,
prime := 5,
singularOutput := "CF_SINGULAR_MEMBER_1_END\nCF_SINGULAR_MEMBER_2_END\nCF_SMOOTH_MEMBER_3_END\nCF_SCRIPT_COMPLETED_OK\n",
status := "smooth",
witnessIndex := 3,
witnessVerificationPassed := true ) ],
member := rec(
coefficients := [ 1, 2, 3, 4, 5, 6, 7, 8, 9, 10, 11, 12, 13, 14, 15, 16, 17, 18, 19, 20, 21 ],
monomialCoefficients := [ 729, 0, 0, 1, 0, 0, 0, 0, 0, 2, 0, 0, 0, 0, 0, 3, 0, 0, 4, 5, 0, 0, 0, 0, 0, 6, 0, 0, 7, 8, 0, 0, 9, 10, 11, 0, 0, 0, 0, 0, 12, 0, 0, 13, 14, 0, 0, 15, 16, 17, 0, 0, 18, 19, 20, 21 ],
polynomial := "(729)*x6^3 + x5^3 + (2)*x4^3 + (3)*x3*x4^2 + (4)*x3^2*x4 + (5)*x3^3 + (6)*x2*x4^2 + (7)*x2*x3*x4 + (8)*x2*x3^2 + (9)*x2^2*x4 + (10)*x2^2*x3 + (11)*x2^3 + (12)*x1*x4^2 + (13)*x1*x3*x4 + (14)*x1*x3^2 + (15)*x1*x2*x4 + (16)*x1*x2*x3 + (17)*x1*x2^2 + (18)*x1^2*x4 + (19)*x1^2*x3 + (20)*x1^2*x2 + (21)*x1^3" ),
method := "smooth reduction at a good split prime",
status := "smooth",
witnessPrime := 5 ),
isDirectKnownCase := false,
linearGId := [ 54, 12 ],
projectiveGId := [ 18, 3 ],
proofType := "an explicit member of the invariant cubic family is smooth",
smoothPolynomial := "(729)*x6^3 + x5^3 + (2)*x4^3 + (3)*x3*x4^2 + (4)*x3^2*x4 + (5)*x3^3 + (6)*x2*x4^2 + (7)*x2*x3*x4 + (8)*x2*x3^2 + (9)*x2^2*x4 + (10)*x2^2*x3 + (11)*x2^3 + (12)*x1*x4^2 + (13)*x1*x3*x4 + (14)*x1*x3^2 + (15)*x1*x2*x4 + (16)*x1*x2*x3 + (17)*x1*x2^2 + (18)*x1^2*x4 + (19)*x1^2*x3 + (20)*x1^2*x2 + (21)*x1^3",
status := "smooth",
symplecticPart := "C3",
testedCoefficientCandidates := [ [ 2, 5, 10, 17, 26, 37, 50, 65, 82, 101, 122, 145, 170, 197, 226, 257, 290, 325, 362, 401, 442 ], [ 1, 1, 1, 1, 1, 1, 1, 1, 1, 1, 1, 1, 1, 1, 1, 1, 1, 1, 1, 1, 1 ], [ 1, 2, 3, 4, 5, 6, 7, 8, 9, 10, 11, 12, 13, 14, 15, 16, 17, 18, 19, 20, 21 ], [ 1, -2, 3, -4, 5, -6, 7, -8, 9, -10, 11, -12, 13, -14, 15, -16, 17, -18, 19, -20, 21 ], [ 1, 0, 0, 0, 0, 0, 0, 0, 0, 0, -1, 0, 0, 0, 0, 0, 0, 0, 0, 0, 3 ], [ 1, 0, 0, 0, 0, 0, 0, 0, 0, 0, 0, 0, 0, 0, 0, 0, 0, 0, 0, 0, 0 ], [ 0, 1, 0, 0, 0, 0, 0, 0, 0, 0, 0, 0, 0, 0, 0, 0, 0, 0, 0, 0, 0 ], [ 0, 0, 1, 0, 0, 0, 0, 0, 0, 0, 0, 0, 0, 0, 0, 0, 0, 0, 0, 0, 0 ], [ 0, 0, 0, 1, 0, 0, 0, 0, 0, 0, 0, 0, 0, 0, 0, 0, 0, 0, 0, 0, 0 ], [ 0, 0, 0, 0, 1, 0, 0, 0, 0, 0, 0, 0, 0, 0, 0, 0, 0, 0, 0, 0, 0 ], [ 0, 0, 0, 0, 0, 1, 0, 0, 0, 0, 0, 0, 0, 0, 0, 0, 0, 0, 0, 0, 0 ], [ 0, 0, 0, 0, 0, 0, 1, 0, 0, 0, 0, 0, 0, 0, 0, 0, 0, 0, 0, 0, 0 ], [ 0, 0, 0, 0, 0, 0, 0, 1, 0, 0, 0, 0, 0, 0, 0, 0, 0, 0, 0, 0, 0 ], [ 0, 0, 0, 0, 0, 0, 0, 0, 1, 0, 0, 0, 0, 0, 0, 0, 0, 0, 0, 0, 0 ], [ 0, 0, 0, 0, 0, 0, 0, 0, 0, 1, 0, 0, 0, 0, 0, 0, 0, 0, 0, 0, 0 ], [ 0, 0, 0, 0, 0, 0, 0, 0, 0, 0, 1, 0, 0, 0, 0, 0, 0, 0, 0, 0, 0 ], [ 0, 0, 0, 0, 0, 0, 0, 0, 0, 0, 0, 1, 0, 0, 0, 0, 0, 0, 0, 0, 0 ], [ 0, 0, 0, 0, 0, 0, 0, 0, 0, 0, 0, 0, 1, 0, 0, 0, 0, 0, 0, 0, 0 ], [ 0, 0, 0, 0, 0, 0, 0, 0, 0, 0, 0, 0, 0, 1, 0, 0, 0, 0, 0, 0, 0 ], [ 0, 0, 0, 0, 0, 0, 0, 0, 0, 0, 0, 0, 0, 0, 1, 0, 0, 0, 0, 0, 0 ], [ 0, 0, 0, 0, 0, 0, 0, 0, 0, 0, 0, 0, 0, 0, 0, 1, 0, 0, 0, 0, 0 ], [ 0, 0, 0, 0, 0, 0, 0, 0, 0, 0, 0, 0, 0, 0, 0, 0, 1, 0, 0, 0, 0 ], [ 0, 0, 0, 0, 0, 0, 0, 0, 0, 0, 0, 0, 0, 0, 0, 0, 0, 1, 0, 0, 0 ], [ 0, 0, 0, 0, 0, 0, 0, 0, 0, 0, 0, 0, 0, 0, 0, 0, 0, 0, 1, 0, 0 ], [ 0, 0, 0, 0, 0, 0, 0, 0, 0, 0, 0, 0, 0, 0, 0, 0, 0, 0, 0, 1, 0 ], [ 0, 0, 0, 0, 0, 0, 0, 0, 0, 0, 0, 0, 0, 0, 0, 0, 0, 0, 0, 0, 1 ], [ 1, 1, 0, 0, 0, 0, 0, 0, 0, 0, 0, 0, 0, 0, 0, 0, 0, 0, 0, 0, 0 ], [ 1, -1, 0, 0, 0, 0, 0, 0, 0, 0, 0, 0, 0, 0, 0, 0, 0, 0, 0, 0, 0 ], [ 1, 0, 1, 0, 0, 0, 0, 0, 0, 0, 0, 0, 0, 0, 0, 0, 0, 0, 0, 0, 0 ], [ 1, 0, -1, 0, 0, 0, 0, 0, 0, 0, 0, 0, 0, 0, 0, 0, 0, 0, 0, 0, 0 ], [ 1, 0, 0, 1, 0, 0, 0, 0, 0, 0, 0, 0, 0, 0, 0, 0, 0, 0, 0, 0, 0 ], [ 1, 0, 0, -1, 0, 0, 0, 0, 0, 0, 0, 0, 0, 0, 0, 0, 0, 0, 0, 0, 0 ] ] ), rec(
candidateNumber := 27,
centralizerDimension := 11,
componentIndex := 2,
componentLabel := "Koike (3.3), generic index 2",
cubicInvariantDimension := 15,
determinantImageOrder := 6,
familyDimension := 4,
familyIndexWithinCase := 2,
genericIndex := 2,
guessedCoefficients := [ 1, -2, 3, -4, 5, -6, 7, -8, 9, -10, 11, -12, 13, -14, 15 ],
guessedMemberTest := rec(
coefficientCandidates := [ [ 2, 5, 10, 17, 26, 37, 50, 65, 82, 101, 122, 145, 170, 197, 226 ], [ 1, 1, 1, 1, 1, 1, 1, 1, 1, 1, 1, 1, 1, 1, 1 ], [ 1, 2, 3, 4, 5, 6, 7, 8, 9, 10, 11, 12, 13, 14, 15 ], [ 1, -2, 3, -4, 5, -6, 7, -8, 9, -10, 11, -12, 13, -14, 15 ], [ 1, 0, 0, 0, 0, 0, 0, -1, 0, 0, 0, 0, 0, 0, 3 ], [ 1, 0, 0, 0, 0, 0, 0, 0, 0, 0, 0, 0, 0, 0, 0 ], [ 0, 1, 0, 0, 0, 0, 0, 0, 0, 0, 0, 0, 0, 0, 0 ], [ 0, 0, 1, 0, 0, 0, 0, 0, 0, 0, 0, 0, 0, 0, 0 ], [ 0, 0, 0, 1, 0, 0, 0, 0, 0, 0, 0, 0, 0, 0, 0 ], [ 0, 0, 0, 0, 1, 0, 0, 0, 0, 0, 0, 0, 0, 0, 0 ], [ 0, 0, 0, 0, 0, 1, 0, 0, 0, 0, 0, 0, 0, 0, 0 ], [ 0, 0, 0, 0, 0, 0, 1, 0, 0, 0, 0, 0, 0, 0, 0 ], [ 0, 0, 0, 0, 0, 0, 0, 1, 0, 0, 0, 0, 0, 0, 0 ], [ 0, 0, 0, 0, 0, 0, 0, 0, 1, 0, 0, 0, 0, 0, 0 ], [ 0, 0, 0, 0, 0, 0, 0, 0, 0, 1, 0, 0, 0, 0, 0 ], [ 0, 0, 0, 0, 0, 0, 0, 0, 0, 0, 1, 0, 0, 0, 0 ], [ 0, 0, 0, 0, 0, 0, 0, 0, 0, 0, 0, 1, 0, 0, 0 ], [ 0, 0, 0, 0, 0, 0, 0, 0, 0, 0, 0, 0, 1, 0, 0 ], [ 0, 0, 0, 0, 0, 0, 0, 0, 0, 0, 0, 0, 0, 1, 0 ], [ 0, 0, 0, 0, 0, 0, 0, 0, 0, 0, 0, 0, 0, 0, 1 ], [ 1, 1, 0, 0, 0, 0, 0, 0, 0, 0, 0, 0, 0, 0, 0 ], [ 1, -1, 0, 0, 0, 0, 0, 0, 0, 0, 0, 0, 0, 0, 0 ], [ 1, 0, 1, 0, 0, 0, 0, 0, 0, 0, 0, 0, 0, 0, 0 ], [ 1, 0, -1, 0, 0, 0, 0, 0, 0, 0, 0, 0, 0, 0, 0 ], [ 1, 0, 0, 1, 0, 0, 0, 0, 0, 0, 0, 0, 0, 0, 0 ], [ 1, 0, 0, -1, 0, 0, 0, 0, 0, 0, 0, 0, 0, 0, 0 ], [ 1, 0, 0, 0, 1, 0, 0, 0, 0, 0, 0, 0, 0, 0, 0 ], [ 1, 0, 0, 0, -1, 0, 0, 0, 0, 0, 0, 0, 0, 0, 0 ], [ 1, 0, 0, 0, 0, 1, 0, 0, 0, 0, 0, 0, 0, 0, 0 ], [ 1, 0, 0, 0, 0, -1, 0, 0, 0, 0, 0, 0, 0, 0, 0 ], [ 1, 0, 0, 0, 0, 0, 1, 0, 0, 0, 0, 0, 0, 0, 0 ], [ 1, 0, 0, 0, 0, 0, -1, 0, 0, 0, 0, 0, 0, 0, 0 ] ],
coefficientFieldConductor := 1,
exactTrials := [  ],
finiteFieldTrials := [ rec(
exitCode := 0,
numberOfMembersTested := 32,
prime := 5,
singularOutput := "CF_SINGULAR_MEMBER_1_END\nCF_SINGULAR_MEMBER_2_END\nCF_SINGULAR_MEMBER_3_END\nCF_SMOOTH_MEMBER_4_END\nCF_SCRIPT_COMPLETED_OK\n",
status := "smooth",
witnessIndex := 4,
witnessVerificationPassed := true ) ],
member := rec(
coefficients := [ 1, -2, 3, -4, 5, -6, 7, -8, 9, -10, 11, -12, 13, -14, 15 ],
monomialCoefficients := [ 729, 0, 0, 1, 0, 50/13, 0, 0, 0, -9136385718/207849889, 0, -2, 0, 0, 0, 9817012982/207849889, 0, 0, -641127376/15988453, 3, 0, -4, 0, 0, 0, -8860351159/207849889, 0, 0, 1663307056/15988453, 5, 0, 0, -1767809497/15988453, -6, 7, 0, -8, 0, 0, 0, -331782/187421, 0, 0, 1189616/14417, 9, 0, 0, -2393290/14417, -10, 11, 0, 0, -12, 13, -14, 15 ],
polynomial := "(729)*x6^3 + x5^3 + (50/13)*x4*x5*x6 + (-9136385718/207849889)*x4^3 + (-2)*x3*x5*x6 + (9817012982/207849889)*x3*x4^2 + (-641127376/15988453)*x3^2*x4 + (3)*x3^3 + (-4)*x2*x5*x6 + (-8860351159/207849889)*x2*x4^2 + (1663307056/15988453)*x2*x3*x4 + (5)*x2*x3^2 + (-1767809497/15988453)*x2^2*x4 + (-6)*x2^2*x3 + (7)*x2^3 + (-8)*x1*x5*x6 + (-331782/187421)*x1*x4^2 + (1189616/14417)*x1*x3*x4 + (9)*x1*x3^2 + (-2393290/14417)*x1*x2*x4 + (-10)*x1*x2*x3 + (11)*x1*x2^2 + (-12)*x1^2*x4 + (13)*x1^2*x3 + (-14)*x1^2*x2 + (15)*x1^3" ),
method := "smooth reduction at a good split prime",
status := "smooth",
witnessPrime := 5 ),
isDirectKnownCase := false,
linearGId := [ 54, 12 ],
projectiveGId := [ 18, 3 ],
proofType := "an explicit member of the invariant cubic family is smooth",
smoothPolynomial := "(729)*x6^3 + x5^3 + (50/13)*x4*x5*x6 + (-9136385718/207849889)*x4^3 + (-2)*x3*x5*x6 + (9817012982/207849889)*x3*x4^2 + (-641127376/15988453)*x3^2*x4 + (3)*x3^3 + (-4)*x2*x5*x6 + (-8860351159/207849889)*x2*x4^2 + (1663307056/15988453)*x2*x3*x4 + (5)*x2*x3^2 + (-1767809497/15988453)*x2^2*x4 + (-6)*x2^2*x3 + (7)*x2^3 + (-8)*x1*x5*x6 + (-331782/187421)*x1*x4^2 + (1189616/14417)*x1*x3*x4 + (9)*x1*x3^2 + (-2393290/14417)*x1*x2*x4 + (-10)*x1*x2*x3 + (11)*x1*x2^2 + (-12)*x1^2*x4 + (13)*x1^2*x3 + (-14)*x1^2*x2 + (15)*x1^3",
status := "smooth",
symplecticPart := "C3",
testedCoefficientCandidates := [ [ 2, 5, 10, 17, 26, 37, 50, 65, 82, 101, 122, 145, 170, 197, 226 ], [ 1, 1, 1, 1, 1, 1, 1, 1, 1, 1, 1, 1, 1, 1, 1 ], [ 1, 2, 3, 4, 5, 6, 7, 8, 9, 10, 11, 12, 13, 14, 15 ], [ 1, -2, 3, -4, 5, -6, 7, -8, 9, -10, 11, -12, 13, -14, 15 ], [ 1, 0, 0, 0, 0, 0, 0, -1, 0, 0, 0, 0, 0, 0, 3 ], [ 1, 0, 0, 0, 0, 0, 0, 0, 0, 0, 0, 0, 0, 0, 0 ], [ 0, 1, 0, 0, 0, 0, 0, 0, 0, 0, 0, 0, 0, 0, 0 ], [ 0, 0, 1, 0, 0, 0, 0, 0, 0, 0, 0, 0, 0, 0, 0 ], [ 0, 0, 0, 1, 0, 0, 0, 0, 0, 0, 0, 0, 0, 0, 0 ], [ 0, 0, 0, 0, 1, 0, 0, 0, 0, 0, 0, 0, 0, 0, 0 ], [ 0, 0, 0, 0, 0, 1, 0, 0, 0, 0, 0, 0, 0, 0, 0 ], [ 0, 0, 0, 0, 0, 0, 1, 0, 0, 0, 0, 0, 0, 0, 0 ], [ 0, 0, 0, 0, 0, 0, 0, 1, 0, 0, 0, 0, 0, 0, 0 ], [ 0, 0, 0, 0, 0, 0, 0, 0, 1, 0, 0, 0, 0, 0, 0 ], [ 0, 0, 0, 0, 0, 0, 0, 0, 0, 1, 0, 0, 0, 0, 0 ], [ 0, 0, 0, 0, 0, 0, 0, 0, 0, 0, 1, 0, 0, 0, 0 ], [ 0, 0, 0, 0, 0, 0, 0, 0, 0, 0, 0, 1, 0, 0, 0 ], [ 0, 0, 0, 0, 0, 0, 0, 0, 0, 0, 0, 0, 1, 0, 0 ], [ 0, 0, 0, 0, 0, 0, 0, 0, 0, 0, 0, 0, 0, 1, 0 ], [ 0, 0, 0, 0, 0, 0, 0, 0, 0, 0, 0, 0, 0, 0, 1 ], [ 1, 1, 0, 0, 0, 0, 0, 0, 0, 0, 0, 0, 0, 0, 0 ], [ 1, -1, 0, 0, 0, 0, 0, 0, 0, 0, 0, 0, 0, 0, 0 ], [ 1, 0, 1, 0, 0, 0, 0, 0, 0, 0, 0, 0, 0, 0, 0 ], [ 1, 0, -1, 0, 0, 0, 0, 0, 0, 0, 0, 0, 0, 0, 0 ], [ 1, 0, 0, 1, 0, 0, 0, 0, 0, 0, 0, 0, 0, 0, 0 ], [ 1, 0, 0, -1, 0, 0, 0, 0, 0, 0, 0, 0, 0, 0, 0 ], [ 1, 0, 0, 0, 1, 0, 0, 0, 0, 0, 0, 0, 0, 0, 0 ], [ 1, 0, 0, 0, -1, 0, 0, 0, 0, 0, 0, 0, 0, 0, 0 ], [ 1, 0, 0, 0, 0, 1, 0, 0, 0, 0, 0, 0, 0, 0, 0 ], [ 1, 0, 0, 0, 0, -1, 0, 0, 0, 0, 0, 0, 0, 0, 0 ], [ 1, 0, 0, 0, 0, 0, 1, 0, 0, 0, 0, 0, 0, 0, 0 ], [ 1, 0, 0, 0, 0, 0, -1, 0, 0, 0, 0, 0, 0, 0, 0 ] ] ), rec(
candidateNumber := 28,
centralizerDimension := 11,
componentIndex := 2,
componentLabel := "Koike (3.3), generic index 2",
cubicInvariantDimension := 12,
determinantImageOrder := 6,
familyDimension := 1,
familyIndexWithinCase := 3,
genericIndex := 2,
guessedCoefficients := [ 2, 5, 10, 17, 26, 37, 50, 65, 82, 101, 122, 145 ],
guessedMemberTest := rec(
coefficientCandidates := [ [ 2, 5, 10, 17, 26, 37, 50, 65, 82, 101, 122, 145 ], [ 1, 1, 1, 1, 1, 1, 1, 1, 1, 1, 1, 1 ], [ 1, 2, 3, 4, 5, 6, 7, 8, 9, 10, 11, 12 ], [ 1, -2, 3, -4, 5, -6, 7, -8, 9, -10, 11, -12 ], [ 1, 0, 0, 0, 0, -1, 0, 0, 0, 0, 0, 3 ], [ 1, 0, 0, 0, 0, 0, 0, 0, 0, 0, 0, 0 ], [ 0, 1, 0, 0, 0, 0, 0, 0, 0, 0, 0, 0 ], [ 0, 0, 1, 0, 0, 0, 0, 0, 0, 0, 0, 0 ], [ 0, 0, 0, 1, 0, 0, 0, 0, 0, 0, 0, 0 ], [ 0, 0, 0, 0, 1, 0, 0, 0, 0, 0, 0, 0 ], [ 0, 0, 0, 0, 0, 1, 0, 0, 0, 0, 0, 0 ], [ 0, 0, 0, 0, 0, 0, 1, 0, 0, 0, 0, 0 ], [ 0, 0, 0, 0, 0, 0, 0, 1, 0, 0, 0, 0 ], [ 0, 0, 0, 0, 0, 0, 0, 0, 1, 0, 0, 0 ], [ 0, 0, 0, 0, 0, 0, 0, 0, 0, 1, 0, 0 ], [ 0, 0, 0, 0, 0, 0, 0, 0, 0, 0, 1, 0 ], [ 0, 0, 0, 0, 0, 0, 0, 0, 0, 0, 0, 1 ], [ 1, 1, 0, 0, 0, 0, 0, 0, 0, 0, 0, 0 ], [ 1, -1, 0, 0, 0, 0, 0, 0, 0, 0, 0, 0 ], [ 1, 0, 1, 0, 0, 0, 0, 0, 0, 0, 0, 0 ], [ 1, 0, -1, 0, 0, 0, 0, 0, 0, 0, 0, 0 ], [ 1, 0, 0, 1, 0, 0, 0, 0, 0, 0, 0, 0 ], [ 1, 0, 0, -1, 0, 0, 0, 0, 0, 0, 0, 0 ], [ 1, 0, 0, 0, 1, 0, 0, 0, 0, 0, 0, 0 ], [ 1, 0, 0, 0, -1, 0, 0, 0, 0, 0, 0, 0 ], [ 1, 0, 0, 0, 0, 1, 0, 0, 0, 0, 0, 0 ], [ 1, 0, 0, 0, 0, -1, 0, 0, 0, 0, 0, 0 ], [ 1, 0, 0, 0, 0, 0, 1, 0, 0, 0, 0, 0 ], [ 1, 0, 0, 0, 0, 0, -1, 0, 0, 0, 0, 0 ], [ 1, 0, 0, 0, 0, 0, 0, 1, 0, 0, 0, 0 ], [ 1, 0, 0, 0, 0, 0, 0, -1, 0, 0, 0, 0 ], [ 1, 0, 0, 0, 0, 0, 0, 0, 1, 0, 0, 0 ] ],
coefficientFieldConductor := 1,
exactTrials := [  ],
finiteFieldTrials := [ rec(
exitCode := 0,
numberOfMembersTested := 32,
prime := 5,
singularOutput := "CF_SMOOTH_MEMBER_1_END\nCF_SCRIPT_COMPLETED_OK\n",
status := "smooth",
witnessIndex := 1,
witnessVerificationPassed := true ) ],
member := rec(
coefficients := [ 2, 5, 10, 17, 26, 37, 50, 65, 82, 101, 122, 145 ],
monomialCoefficients := [ 1458, 0, 0, 2, 0, 0, 0, 0, 0, 112795769962/2702048557, 0, 0, 0, 0, 0, -1146464368/15988453, 0, 0, 1209645798/15988453, 5, 0, 0, 0, 0, 0, 69957562834/207849889, 0, 0, -5645620102/15988453, 10, 0, 0, 2764220218/15988453, 17, 26, 0, 0, 0, 0, 0, 40499048/187421, 0, 0, -3733520/14417, 37, 0, 0, 3874474/14417, 50, 65, 0, 0, 82, 101, 122, 145 ],
polynomial := "(1458)*x6^3 + (2)*x5^3 + (112795769962/2702048557)*x4^3 + (-1146464368/15988453)*x3*x4^2 + (1209645798/15988453)*x3^2*x4 + (5)*x3^3 + (69957562834/207849889)*x2*x4^2 + (-5645620102/15988453)*x2*x3*x4 + (10)*x2*x3^2 + (2764220218/15988453)*x2^2*x4 + (17)*x2^2*x3 + (26)*x2^3 + (40499048/187421)*x1*x4^2 + (-3733520/14417)*x1*x3*x4 + (37)*x1*x3^2 + (3874474/14417)*x1*x2*x4 + (50)*x1*x2*x3 + (65)*x1*x2^2 + (82)*x1^2*x4 + (101)*x1^2*x3 + (122)*x1^2*x2 + (145)*x1^3" ),
method := "smooth reduction at a good split prime",
status := "smooth",
witnessPrime := 5 ),
isDirectKnownCase := false,
linearGId := [ 54, 12 ],
projectiveGId := [ 18, 3 ],
proofType := "an explicit member of the invariant cubic family is smooth",
smoothPolynomial := "(1458)*x6^3 + (2)*x5^3 + (112795769962/2702048557)*x4^3 + (-1146464368/15988453)*x3*x4^2 + (1209645798/15988453)*x3^2*x4 + (5)*x3^3 + (69957562834/207849889)*x2*x4^2 + (-5645620102/15988453)*x2*x3*x4 + (10)*x2*x3^2 + (2764220218/15988453)*x2^2*x4 + (17)*x2^2*x3 + (26)*x2^3 + (40499048/187421)*x1*x4^2 + (-3733520/14417)*x1*x3*x4 + (37)*x1*x3^2 + (3874474/14417)*x1*x2*x4 + (50)*x1*x2*x3 + (65)*x1*x2^2 + (82)*x1^2*x4 + (101)*x1^2*x3 + (122)*x1^2*x2 + (145)*x1^3",
status := "smooth",
symplecticPart := "C3",
testedCoefficientCandidates := [ [ 2, 5, 10, 17, 26, 37, 50, 65, 82, 101, 122, 145 ], [ 1, 1, 1, 1, 1, 1, 1, 1, 1, 1, 1, 1 ], [ 1, 2, 3, 4, 5, 6, 7, 8, 9, 10, 11, 12 ], [ 1, -2, 3, -4, 5, -6, 7, -8, 9, -10, 11, -12 ], [ 1, 0, 0, 0, 0, -1, 0, 0, 0, 0, 0, 3 ], [ 1, 0, 0, 0, 0, 0, 0, 0, 0, 0, 0, 0 ], [ 0, 1, 0, 0, 0, 0, 0, 0, 0, 0, 0, 0 ], [ 0, 0, 1, 0, 0, 0, 0, 0, 0, 0, 0, 0 ], [ 0, 0, 0, 1, 0, 0, 0, 0, 0, 0, 0, 0 ], [ 0, 0, 0, 0, 1, 0, 0, 0, 0, 0, 0, 0 ], [ 0, 0, 0, 0, 0, 1, 0, 0, 0, 0, 0, 0 ], [ 0, 0, 0, 0, 0, 0, 1, 0, 0, 0, 0, 0 ], [ 0, 0, 0, 0, 0, 0, 0, 1, 0, 0, 0, 0 ], [ 0, 0, 0, 0, 0, 0, 0, 0, 1, 0, 0, 0 ], [ 0, 0, 0, 0, 0, 0, 0, 0, 0, 1, 0, 0 ], [ 0, 0, 0, 0, 0, 0, 0, 0, 0, 0, 1, 0 ], [ 0, 0, 0, 0, 0, 0, 0, 0, 0, 0, 0, 1 ], [ 1, 1, 0, 0, 0, 0, 0, 0, 0, 0, 0, 0 ], [ 1, -1, 0, 0, 0, 0, 0, 0, 0, 0, 0, 0 ], [ 1, 0, 1, 0, 0, 0, 0, 0, 0, 0, 0, 0 ], [ 1, 0, -1, 0, 0, 0, 0, 0, 0, 0, 0, 0 ], [ 1, 0, 0, 1, 0, 0, 0, 0, 0, 0, 0, 0 ], [ 1, 0, 0, -1, 0, 0, 0, 0, 0, 0, 0, 0 ], [ 1, 0, 0, 0, 1, 0, 0, 0, 0, 0, 0, 0 ], [ 1, 0, 0, 0, -1, 0, 0, 0, 0, 0, 0, 0 ], [ 1, 0, 0, 0, 0, 1, 0, 0, 0, 0, 0, 0 ], [ 1, 0, 0, 0, 0, -1, 0, 0, 0, 0, 0, 0 ], [ 1, 0, 0, 0, 0, 0, 1, 0, 0, 0, 0, 0 ], [ 1, 0, 0, 0, 0, 0, -1, 0, 0, 0, 0, 0 ], [ 1, 0, 0, 0, 0, 0, 0, 1, 0, 0, 0, 0 ], [ 1, 0, 0, 0, 0, 0, 0, -1, 0, 0, 0, 0 ], [ 1, 0, 0, 0, 0, 0, 0, 0, 1, 0, 0, 0 ] ] ), rec(
candidateNumber := 29,
centralizerDimension := 9,
componentIndex := 2,
componentLabel := "Koike (3.3), generic index 2",
cubicInvariantDimension := 11,
determinantImageOrder := 6,
familyDimension := 2,
familyIndexWithinCase := 4,
genericIndex := 2,
guessedCoefficients := [ 2, 5, 10, 17, 26, 37, 50, 65, 82, 101, 122 ],
guessedMemberTest := rec(
coefficientCandidates := [ [ 2, 5, 10, 17, 26, 37, 50, 65, 82, 101, 122 ], [ 1, 1, 1, 1, 1, 1, 1, 1, 1, 1, 1 ], [ 1, 2, 3, 4, 5, 6, 7, 8, 9, 10, 11 ], [ 1, -2, 3, -4, 5, -6, 7, -8, 9, -10, 11 ], [ 1, 0, 0, 0, 0, -1, 0, 0, 0, 0, 3 ], [ 1, 0, 0, 0, 0, 0, 0, 0, 0, 0, 0 ], [ 0, 1, 0, 0, 0, 0, 0, 0, 0, 0, 0 ], [ 0, 0, 1, 0, 0, 0, 0, 0, 0, 0, 0 ], [ 0, 0, 0, 1, 0, 0, 0, 0, 0, 0, 0 ], [ 0, 0, 0, 0, 1, 0, 0, 0, 0, 0, 0 ], [ 0, 0, 0, 0, 0, 1, 0, 0, 0, 0, 0 ], [ 0, 0, 0, 0, 0, 0, 1, 0, 0, 0, 0 ], [ 0, 0, 0, 0, 0, 0, 0, 1, 0, 0, 0 ], [ 0, 0, 0, 0, 0, 0, 0, 0, 1, 0, 0 ], [ 0, 0, 0, 0, 0, 0, 0, 0, 0, 1, 0 ], [ 0, 0, 0, 0, 0, 0, 0, 0, 0, 0, 1 ], [ 1, 1, 0, 0, 0, 0, 0, 0, 0, 0, 0 ], [ 1, -1, 0, 0, 0, 0, 0, 0, 0, 0, 0 ], [ 1, 0, 1, 0, 0, 0, 0, 0, 0, 0, 0 ], [ 1, 0, -1, 0, 0, 0, 0, 0, 0, 0, 0 ], [ 1, 0, 0, 1, 0, 0, 0, 0, 0, 0, 0 ], [ 1, 0, 0, -1, 0, 0, 0, 0, 0, 0, 0 ], [ 1, 0, 0, 0, 1, 0, 0, 0, 0, 0, 0 ], [ 1, 0, 0, 0, -1, 0, 0, 0, 0, 0, 0 ], [ 1, 0, 0, 0, 0, 1, 0, 0, 0, 0, 0 ], [ 1, 0, 0, 0, 0, -1, 0, 0, 0, 0, 0 ], [ 1, 0, 0, 0, 0, 0, 1, 0, 0, 0, 0 ], [ 1, 0, 0, 0, 0, 0, -1, 0, 0, 0, 0 ], [ 1, 0, 0, 0, 0, 0, 0, 1, 0, 0, 0 ], [ 1, 0, 0, 0, 0, 0, 0, -1, 0, 0, 0 ], [ 1, 0, 0, 0, 0, 0, 0, 0, 1, 0, 0 ], [ 1, 0, 0, 0, 0, 0, 0, 0, -1, 0, 0 ] ],
coefficientFieldConductor := 1,
exactTrials := [  ],
finiteFieldTrials := [ rec(
exitCode := 0,
numberOfMembersTested := 32,
prime := 11,
singularOutput := "CF_SMOOTH_MEMBER_1_END\nCF_SCRIPT_COMPLETED_OK\n",
status := "smooth",
witnessIndex := 1,
witnessVerificationPassed := true ) ],
member := rec(
coefficients := [ 2, 5, 10, 17, 26, 37, 50, 65, 82, 101, 122 ],
monomialCoefficients := [ 1458, 0, 0, 2, 0, 1042/65, 0, 0, 0, -454776059843983463/1108415639385600, 0, -632/65, 0, 0, 0, 2161618336229283391/1662623459078400, 0, 0, -1135463981785615843/831311729539200, 3617124899/7300800, 0, 5, 0, 0, 0, 8684666489203/98380086336, 0, 0, 1185602404981/8198340528, -9871/48, 0, 0, 41093605627/512396283, 10, 17, 0, 26, 0, 0, 0, -354721991051/978606720, 0, 0, 25942903097/27183520, -1186039/2080, 0, 0, 12810989/78414, 37, 50, 0, 0, 65, 82, 101, 122 ],
polynomial := "(1458)*x6^3 + (2)*x5^3 + (1042/65)*x4*x5*x6 + (-454776059843983463/1108415639385600)*x4^3 + (-632/65)*x3*x5*x6 + (2161618336229283391/1662623459078400)*x3*x4^2 + (-1135463981785615843/831311729539200)*x3^2*x4 + (3617124899/7300800)*x3^3 + (5)*x2*x5*x6 + (8684666489203/98380086336)*x2*x4^2 + (1185602404981/8198340528)*x2*x3*x4 + (-9871/48)*x2*x3^2 + (41093605627/512396283)*x2^2*x4 + (10)*x2^2*x3 + (17)*x2^3 + (26)*x1*x5*x6 + (-354721991051/978606720)*x1*x4^2 + (25942903097/27183520)*x1*x3*x4 + (-1186039/2080)*x1*x3^2 + (12810989/78414)*x1*x2*x4 + (37)*x1*x2*x3 + (50)*x1*x2^2 + (65)*x1^2*x4 + (82)*x1^2*x3 + (101)*x1^2*x2 + (122)*x1^3" ),
method := "smooth reduction at a good split prime",
status := "smooth",
witnessPrime := 11 ),
isDirectKnownCase := false,
linearGId := [ 54, 12 ],
projectiveGId := [ 18, 3 ],
proofType := "an explicit member of the invariant cubic family is smooth",
smoothPolynomial := "(1458)*x6^3 + (2)*x5^3 + (1042/65)*x4*x5*x6 + (-454776059843983463/1108415639385600)*x4^3 + (-632/65)*x3*x5*x6 + (2161618336229283391/1662623459078400)*x3*x4^2 + (-1135463981785615843/831311729539200)*x3^2*x4 + (3617124899/7300800)*x3^3 + (5)*x2*x5*x6 + (8684666489203/98380086336)*x2*x4^2 + (1185602404981/8198340528)*x2*x3*x4 + (-9871/48)*x2*x3^2 + (41093605627/512396283)*x2^2*x4 + (10)*x2^2*x3 + (17)*x2^3 + (26)*x1*x5*x6 + (-354721991051/978606720)*x1*x4^2 + (25942903097/27183520)*x1*x3*x4 + (-1186039/2080)*x1*x3^2 + (12810989/78414)*x1*x2*x4 + (37)*x1*x2*x3 + (50)*x1*x2^2 + (65)*x1^2*x4 + (82)*x1^2*x3 + (101)*x1^2*x2 + (122)*x1^3",
status := "smooth",
symplecticPart := "C3",
testedCoefficientCandidates := [ [ 2, 5, 10, 17, 26, 37, 50, 65, 82, 101, 122 ], [ 1, 1, 1, 1, 1, 1, 1, 1, 1, 1, 1 ], [ 1, 2, 3, 4, 5, 6, 7, 8, 9, 10, 11 ], [ 1, -2, 3, -4, 5, -6, 7, -8, 9, -10, 11 ], [ 1, 0, 0, 0, 0, -1, 0, 0, 0, 0, 3 ], [ 1, 0, 0, 0, 0, 0, 0, 0, 0, 0, 0 ], [ 0, 1, 0, 0, 0, 0, 0, 0, 0, 0, 0 ], [ 0, 0, 1, 0, 0, 0, 0, 0, 0, 0, 0 ], [ 0, 0, 0, 1, 0, 0, 0, 0, 0, 0, 0 ], [ 0, 0, 0, 0, 1, 0, 0, 0, 0, 0, 0 ], [ 0, 0, 0, 0, 0, 1, 0, 0, 0, 0, 0 ], [ 0, 0, 0, 0, 0, 0, 1, 0, 0, 0, 0 ], [ 0, 0, 0, 0, 0, 0, 0, 1, 0, 0, 0 ], [ 0, 0, 0, 0, 0, 0, 0, 0, 1, 0, 0 ], [ 0, 0, 0, 0, 0, 0, 0, 0, 0, 1, 0 ], [ 0, 0, 0, 0, 0, 0, 0, 0, 0, 0, 1 ], [ 1, 1, 0, 0, 0, 0, 0, 0, 0, 0, 0 ], [ 1, -1, 0, 0, 0, 0, 0, 0, 0, 0, 0 ], [ 1, 0, 1, 0, 0, 0, 0, 0, 0, 0, 0 ], [ 1, 0, -1, 0, 0, 0, 0, 0, 0, 0, 0 ], [ 1, 0, 0, 1, 0, 0, 0, 0, 0, 0, 0 ], [ 1, 0, 0, -1, 0, 0, 0, 0, 0, 0, 0 ], [ 1, 0, 0, 0, 1, 0, 0, 0, 0, 0, 0 ], [ 1, 0, 0, 0, -1, 0, 0, 0, 0, 0, 0 ], [ 1, 0, 0, 0, 0, 1, 0, 0, 0, 0, 0 ], [ 1, 0, 0, 0, 0, -1, 0, 0, 0, 0, 0 ], [ 1, 0, 0, 0, 0, 0, 1, 0, 0, 0, 0 ], [ 1, 0, 0, 0, 0, 0, -1, 0, 0, 0, 0 ], [ 1, 0, 0, 0, 0, 0, 0, 1, 0, 0, 0 ], [ 1, 0, 0, 0, 0, 0, 0, -1, 0, 0, 0 ], [ 1, 0, 0, 0, 0, 0, 0, 0, 1, 0, 0 ], [ 1, 0, 0, 0, 0, 0, 0, 0, -1, 0, 0 ] ] ), rec(
candidateNumber := 30,
centralizerDimension := 7,
componentIndex := 2,
componentLabel := "Koike (3.3), generic index 2",
cubicInvariantDimension := 10,
determinantImageOrder := 6,
familyDimension := 3,
familyIndexWithinCase := 5,
genericIndex := 2,
guessedCoefficients := [ 2, 5, 10, 17, 26, 37, 50, 65, 82, 101 ],
guessedMemberTest := rec(
coefficientCandidates := [ [ 2, 5, 10, 17, 26, 37, 50, 65, 82, 101 ], [ 1, 1, 1, 1, 1, 1, 1, 1, 1, 1 ], [ 1, 2, 3, 4, 5, 6, 7, 8, 9, 10 ], [ 1, -2, 3, -4, 5, -6, 7, -8, 9, -10 ], [ 1, 0, 0, 0, -1, 0, 0, 0, 0, 3 ], [ 1, 0, 0, 0, 0, 0, 0, 0, 0, 0 ], [ 0, 1, 0, 0, 0, 0, 0, 0, 0, 0 ], [ 0, 0, 1, 0, 0, 0, 0, 0, 0, 0 ], [ 0, 0, 0, 1, 0, 0, 0, 0, 0, 0 ], [ 0, 0, 0, 0, 1, 0, 0, 0, 0, 0 ], [ 0, 0, 0, 0, 0, 1, 0, 0, 0, 0 ], [ 0, 0, 0, 0, 0, 0, 1, 0, 0, 0 ], [ 0, 0, 0, 0, 0, 0, 0, 1, 0, 0 ], [ 0, 0, 0, 0, 0, 0, 0, 0, 1, 0 ], [ 0, 0, 0, 0, 0, 0, 0, 0, 0, 1 ], [ 1, 1, 0, 0, 0, 0, 0, 0, 0, 0 ], [ 1, -1, 0, 0, 0, 0, 0, 0, 0, 0 ], [ 1, 0, 1, 0, 0, 0, 0, 0, 0, 0 ], [ 1, 0, -1, 0, 0, 0, 0, 0, 0, 0 ], [ 1, 0, 0, 1, 0, 0, 0, 0, 0, 0 ], [ 1, 0, 0, -1, 0, 0, 0, 0, 0, 0 ], [ 1, 0, 0, 0, 1, 0, 0, 0, 0, 0 ], [ 1, 0, 0, 0, -1, 0, 0, 0, 0, 0 ], [ 1, 0, 0, 0, 0, 1, 0, 0, 0, 0 ], [ 1, 0, 0, 0, 0, -1, 0, 0, 0, 0 ], [ 1, 0, 0, 0, 0, 0, 1, 0, 0, 0 ], [ 1, 0, 0, 0, 0, 0, -1, 0, 0, 0 ], [ 1, 0, 0, 0, 0, 0, 0, 1, 0, 0 ], [ 1, 0, 0, 0, 0, 0, 0, -1, 0, 0 ], [ 1, 0, 0, 0, 0, 0, 0, 0, 1, 0 ], [ 1, 0, 0, 0, 0, 0, 0, 0, -1, 0 ], [ 1, 0, 0, 0, 0, 0, 0, 0, 0, 1 ] ],
coefficientFieldConductor := 1,
exactTrials := [  ],
finiteFieldTrials := [ rec(
exitCode := 0,
numberOfMembersTested := 32,
prime := 7,
singularOutput := "CF_SMOOTH_MEMBER_1_END\nCF_SCRIPT_COMPLETED_OK\n",
status := "smooth",
witnessIndex := 1,
witnessVerificationPassed := true ) ],
member := rec(
coefficients := [ 2, 5, 10, 17, 26, 37, 50, 65, 82, 101 ],
monomialCoefficients := [ 1458, 0, 0, 2, 0, 61620/2479, 0, 0, 0, -6132938764586394960974753/8070166073282817582000, 0, -51010/2479, 0, 0, 0, 6823989631291920601633603/2690055357760939194000, 0, 0, -1269765718530833558773013/448342559626823199000, 2448213452780592456288107/2017541518320704395500, 0, 1780/2479, 0, 0, 0, -11743331788015236280913/20692733521237993800, 0, 0, 17480170184907492359513/10346366760618996900, -6398626090759496074697/5173183380309498450, 0, 0, -85533649040949652/491280472963865, 153992877258978057/491280472963865, 5, 0, 10, 0, 0, 0, -272626921489661/602143190064, 0, 0, 290224186234481/301071595032, -43607272805153/150535797516, 0, 0, 17, 26, 37, 0, 0, 50, 65, 82, 101 ],
polynomial := "(1458)*x6^3 + (2)*x5^3 + (61620/2479)*x4*x5*x6 + (-6132938764586394960974753/8070166073282817582000)*x4^3 + (-51010/2479)*x3*x5*x6 + (6823989631291920601633603/2690055357760939194000)*x3*x4^2 + (-1269765718530833558773013/448342559626823199000)*x3^2*x4 + (2448213452780592456288107/2017541518320704395500)*x3^3 + (1780/2479)*x2*x5*x6 + (-11743331788015236280913/20692733521237993800)*x2*x4^2 + (17480170184907492359513/10346366760618996900)*x2*x3*x4 + (-6398626090759496074697/5173183380309498450)*x2*x3^2 + (-85533649040949652/491280472963865)*x2^2*x4 + (153992877258978057/491280472963865)*x2^2*x3 + (5)*x2^3 + (10)*x1*x5*x6 + (-272626921489661/602143190064)*x1*x4^2 + (290224186234481/301071595032)*x1*x3*x4 + (-43607272805153/150535797516)*x1*x3^2 + (17)*x1*x2*x4 + (26)*x1*x2*x3 + (37)*x1*x2^2 + (50)*x1^2*x4 + (65)*x1^2*x3 + (82)*x1^2*x2 + (101)*x1^3" ),
method := "smooth reduction at a good split prime",
status := "smooth",
witnessPrime := 7 ),
isDirectKnownCase := false,
linearGId := [ 54, 12 ],
projectiveGId := [ 18, 3 ],
proofType := "an explicit member of the invariant cubic family is smooth",
smoothPolynomial := "(1458)*x6^3 + (2)*x5^3 + (61620/2479)*x4*x5*x6 + (-6132938764586394960974753/8070166073282817582000)*x4^3 + (-51010/2479)*x3*x5*x6 + (6823989631291920601633603/2690055357760939194000)*x3*x4^2 + (-1269765718530833558773013/448342559626823199000)*x3^2*x4 + (2448213452780592456288107/2017541518320704395500)*x3^3 + (1780/2479)*x2*x5*x6 + (-11743331788015236280913/20692733521237993800)*x2*x4^2 + (17480170184907492359513/10346366760618996900)*x2*x3*x4 + (-6398626090759496074697/5173183380309498450)*x2*x3^2 + (-85533649040949652/491280472963865)*x2^2*x4 + (153992877258978057/491280472963865)*x2^2*x3 + (5)*x2^3 + (10)*x1*x5*x6 + (-272626921489661/602143190064)*x1*x4^2 + (290224186234481/301071595032)*x1*x3*x4 + (-43607272805153/150535797516)*x1*x3^2 + (17)*x1*x2*x4 + (26)*x1*x2*x3 + (37)*x1*x2^2 + (50)*x1^2*x4 + (65)*x1^2*x3 + (82)*x1^2*x2 + (101)*x1^3",
status := "smooth",
symplecticPart := "C3",
testedCoefficientCandidates := [ [ 2, 5, 10, 17, 26, 37, 50, 65, 82, 101 ], [ 1, 1, 1, 1, 1, 1, 1, 1, 1, 1 ], [ 1, 2, 3, 4, 5, 6, 7, 8, 9, 10 ], [ 1, -2, 3, -4, 5, -6, 7, -8, 9, -10 ], [ 1, 0, 0, 0, -1, 0, 0, 0, 0, 3 ], [ 1, 0, 0, 0, 0, 0, 0, 0, 0, 0 ], [ 0, 1, 0, 0, 0, 0, 0, 0, 0, 0 ], [ 0, 0, 1, 0, 0, 0, 0, 0, 0, 0 ], [ 0, 0, 0, 1, 0, 0, 0, 0, 0, 0 ], [ 0, 0, 0, 0, 1, 0, 0, 0, 0, 0 ], [ 0, 0, 0, 0, 0, 1, 0, 0, 0, 0 ], [ 0, 0, 0, 0, 0, 0, 1, 0, 0, 0 ], [ 0, 0, 0, 0, 0, 0, 0, 1, 0, 0 ], [ 0, 0, 0, 0, 0, 0, 0, 0, 1, 0 ], [ 0, 0, 0, 0, 0, 0, 0, 0, 0, 1 ], [ 1, 1, 0, 0, 0, 0, 0, 0, 0, 0 ], [ 1, -1, 0, 0, 0, 0, 0, 0, 0, 0 ], [ 1, 0, 1, 0, 0, 0, 0, 0, 0, 0 ], [ 1, 0, -1, 0, 0, 0, 0, 0, 0, 0 ], [ 1, 0, 0, 1, 0, 0, 0, 0, 0, 0 ], [ 1, 0, 0, -1, 0, 0, 0, 0, 0, 0 ], [ 1, 0, 0, 0, 1, 0, 0, 0, 0, 0 ], [ 1, 0, 0, 0, -1, 0, 0, 0, 0, 0 ], [ 1, 0, 0, 0, 0, 1, 0, 0, 0, 0 ], [ 1, 0, 0, 0, 0, -1, 0, 0, 0, 0 ], [ 1, 0, 0, 0, 0, 0, 1, 0, 0, 0 ], [ 1, 0, 0, 0, 0, 0, -1, 0, 0, 0 ], [ 1, 0, 0, 0, 0, 0, 0, 1, 0, 0 ], [ 1, 0, 0, 0, 0, 0, 0, -1, 0, 0 ], [ 1, 0, 0, 0, 0, 0, 0, 0, 1, 0 ], [ 1, 0, 0, 0, 0, 0, 0, 0, -1, 0 ], [ 1, 0, 0, 0, 0, 0, 0, 0, 0, 1 ] ] ), rec(
candidateNumber := 33,
centralizerDimension := 17,
componentIndex := 2,
componentLabel := "Koike (3.3), generic index 2",
cubicInvariantDimension := 25,
determinantImageOrder := 2,
familyDimension := 8,
familyIndexWithinCase := 1,
genericIndex := 2,
guessedCoefficients := [ 1, 2, 3, 4, 5, 6, 7, 8, 9, 10, 11, 12, 13, 14, 15, 16, 17, 18, 19, 20, 21, 22, 23, 24, 25 ],
guessedMemberTest := rec(
coefficientCandidates := [ [ 2, 5, 10, 17, 26, 37, 50, 65, 82, 101, 122, 145, 170, 197, 226, 257, 290, 325, 362, 401, 442, 485, 530, 577, 626 ], [ 1, 1, 1, 1, 1, 1, 1, 1, 1, 1, 1, 1, 1, 1, 1, 1, 1, 1, 1, 1, 1, 1, 1, 1, 1 ], [ 1, 2, 3, 4, 5, 6, 7, 8, 9, 10, 11, 12, 13, 14, 15, 16, 17, 18, 19, 20, 21, 22, 23, 24, 25 ], [ 1, -2, 3, -4, 5, -6, 7, -8, 9, -10, 11, -12, 13, -14, 15, -16, 17, -18, 19, -20, 21, -22, 23, -24, 25 ], [ 1, 0, 0, 0, 0, 0, 0, 0, 0, 0, 0, 0, -1, 0, 0, 0, 0, 0, 0, 0, 0, 0, 0, 0, 3 ], [ 1, 0, 0, 0, 0, 0, 0, 0, 0, 0, 0, 0, 0, 0, 0, 0, 0, 0, 0, 0, 0, 0, 0, 0, 0 ], [ 0, 1, 0, 0, 0, 0, 0, 0, 0, 0, 0, 0, 0, 0, 0, 0, 0, 0, 0, 0, 0, 0, 0, 0, 0 ], [ 0, 0, 1, 0, 0, 0, 0, 0, 0, 0, 0, 0, 0, 0, 0, 0, 0, 0, 0, 0, 0, 0, 0, 0, 0 ], [ 0, 0, 0, 1, 0, 0, 0, 0, 0, 0, 0, 0, 0, 0, 0, 0, 0, 0, 0, 0, 0, 0, 0, 0, 0 ], [ 0, 0, 0, 0, 1, 0, 0, 0, 0, 0, 0, 0, 0, 0, 0, 0, 0, 0, 0, 0, 0, 0, 0, 0, 0 ], [ 0, 0, 0, 0, 0, 1, 0, 0, 0, 0, 0, 0, 0, 0, 0, 0, 0, 0, 0, 0, 0, 0, 0, 0, 0 ], [ 0, 0, 0, 0, 0, 0, 1, 0, 0, 0, 0, 0, 0, 0, 0, 0, 0, 0, 0, 0, 0, 0, 0, 0, 0 ], [ 0, 0, 0, 0, 0, 0, 0, 1, 0, 0, 0, 0, 0, 0, 0, 0, 0, 0, 0, 0, 0, 0, 0, 0, 0 ], [ 0, 0, 0, 0, 0, 0, 0, 0, 1, 0, 0, 0, 0, 0, 0, 0, 0, 0, 0, 0, 0, 0, 0, 0, 0 ], [ 0, 0, 0, 0, 0, 0, 0, 0, 0, 1, 0, 0, 0, 0, 0, 0, 0, 0, 0, 0, 0, 0, 0, 0, 0 ], [ 0, 0, 0, 0, 0, 0, 0, 0, 0, 0, 1, 0, 0, 0, 0, 0, 0, 0, 0, 0, 0, 0, 0, 0, 0 ], [ 0, 0, 0, 0, 0, 0, 0, 0, 0, 0, 0, 1, 0, 0, 0, 0, 0, 0, 0, 0, 0, 0, 0, 0, 0 ], [ 0, 0, 0, 0, 0, 0, 0, 0, 0, 0, 0, 0, 1, 0, 0, 0, 0, 0, 0, 0, 0, 0, 0, 0, 0 ], [ 0, 0, 0, 0, 0, 0, 0, 0, 0, 0, 0, 0, 0, 1, 0, 0, 0, 0, 0, 0, 0, 0, 0, 0, 0 ], [ 0, 0, 0, 0, 0, 0, 0, 0, 0, 0, 0, 0, 0, 0, 1, 0, 0, 0, 0, 0, 0, 0, 0, 0, 0 ], [ 0, 0, 0, 0, 0, 0, 0, 0, 0, 0, 0, 0, 0, 0, 0, 1, 0, 0, 0, 0, 0, 0, 0, 0, 0 ], [ 0, 0, 0, 0, 0, 0, 0, 0, 0, 0, 0, 0, 0, 0, 0, 0, 1, 0, 0, 0, 0, 0, 0, 0, 0 ], [ 0, 0, 0, 0, 0, 0, 0, 0, 0, 0, 0, 0, 0, 0, 0, 0, 0, 1, 0, 0, 0, 0, 0, 0, 0 ], [ 0, 0, 0, 0, 0, 0, 0, 0, 0, 0, 0, 0, 0, 0, 0, 0, 0, 0, 1, 0, 0, 0, 0, 0, 0 ], [ 0, 0, 0, 0, 0, 0, 0, 0, 0, 0, 0, 0, 0, 0, 0, 0, 0, 0, 0, 1, 0, 0, 0, 0, 0 ], [ 0, 0, 0, 0, 0, 0, 0, 0, 0, 0, 0, 0, 0, 0, 0, 0, 0, 0, 0, 0, 1, 0, 0, 0, 0 ], [ 0, 0, 0, 0, 0, 0, 0, 0, 0, 0, 0, 0, 0, 0, 0, 0, 0, 0, 0, 0, 0, 1, 0, 0, 0 ], [ 0, 0, 0, 0, 0, 0, 0, 0, 0, 0, 0, 0, 0, 0, 0, 0, 0, 0, 0, 0, 0, 0, 1, 0, 0 ], [ 0, 0, 0, 0, 0, 0, 0, 0, 0, 0, 0, 0, 0, 0, 0, 0, 0, 0, 0, 0, 0, 0, 0, 1, 0 ], [ 0, 0, 0, 0, 0, 0, 0, 0, 0, 0, 0, 0, 0, 0, 0, 0, 0, 0, 0, 0, 0, 0, 0, 0, 1 ], [ 1, 1, 0, 0, 0, 0, 0, 0, 0, 0, 0, 0, 0, 0, 0, 0, 0, 0, 0, 0, 0, 0, 0, 0, 0 ], [ 1, -1, 0, 0, 0, 0, 0, 0, 0, 0, 0, 0, 0, 0, 0, 0, 0, 0, 0, 0, 0, 0, 0, 0, 0 ] ],
coefficientFieldConductor := 1,
exactTrials := [  ],
finiteFieldTrials := [ rec(
exitCode := 0,
numberOfMembersTested := 32,
prime := 5,
singularOutput := "CF_SINGULAR_MEMBER_1_END\nCF_SINGULAR_MEMBER_2_END\nCF_SMOOTH_MEMBER_3_END\nCF_SCRIPT_COMPLETED_OK\n",
status := "smooth",
witnessIndex := 3,
witnessVerificationPassed := true ) ],
member := rec(
coefficients := [ 1, 2, 3, 4, 5, 6, 7, 8, 9, 10, 11, 12, 13, 14, 15, 16, 17, 18, 19, 20, 21, 22, 23, 24, 25 ],
monomialCoefficients := [ 729, 0, 0, 1, 0, 2, 0, 0, 0, 3, 0, 4, 0, 0, 0, 5, 0, 0, 6, 7, 0, 8, 0, 0, 0, 9, 0, 0, 10, 11, 0, 0, 12, 13, 14, 0, 15, 0, 0, 0, 16, 0, 0, 17, 18, 0, 0, 19, 20, 21, 0, 0, 22, 23, 24, 25 ],
polynomial := "(729)*x6^3 + x5^3 + (2)*x4*x5*x6 + (3)*x4^3 + (4)*x3*x5*x6 + (5)*x3*x4^2 + (6)*x3^2*x4 + (7)*x3^3 + (8)*x2*x5*x6 + (9)*x2*x4^2 + (10)*x2*x3*x4 + (11)*x2*x3^2 + (12)*x2^2*x4 + (13)*x2^2*x3 + (14)*x2^3 + (15)*x1*x5*x6 + (16)*x1*x4^2 + (17)*x1*x3*x4 + (18)*x1*x3^2 + (19)*x1*x2*x4 + (20)*x1*x2*x3 + (21)*x1*x2^2 + (22)*x1^2*x4 + (23)*x1^2*x3 + (24)*x1^2*x2 + (25)*x1^3" ),
method := "smooth reduction at a good split prime",
status := "smooth",
witnessPrime := 5 ),
isDirectKnownCase := false,
linearGId := [ 18, 3 ],
projectiveGId := [ 6, 1 ],
proofType := "an explicit member of the invariant cubic family is smooth",
smoothPolynomial := "(729)*x6^3 + x5^3 + (2)*x4*x5*x6 + (3)*x4^3 + (4)*x3*x5*x6 + (5)*x3*x4^2 + (6)*x3^2*x4 + (7)*x3^3 + (8)*x2*x5*x6 + (9)*x2*x4^2 + (10)*x2*x3*x4 + (11)*x2*x3^2 + (12)*x2^2*x4 + (13)*x2^2*x3 + (14)*x2^3 + (15)*x1*x5*x6 + (16)*x1*x4^2 + (17)*x1*x3*x4 + (18)*x1*x3^2 + (19)*x1*x2*x4 + (20)*x1*x2*x3 + (21)*x1*x2^2 + (22)*x1^2*x4 + (23)*x1^2*x3 + (24)*x1^2*x2 + (25)*x1^3",
status := "smooth",
symplecticPart := "C3",
testedCoefficientCandidates := [ [ 2, 5, 10, 17, 26, 37, 50, 65, 82, 101, 122, 145, 170, 197, 226, 257, 290, 325, 362, 401, 442, 485, 530, 577, 626 ], [ 1, 1, 1, 1, 1, 1, 1, 1, 1, 1, 1, 1, 1, 1, 1, 1, 1, 1, 1, 1, 1, 1, 1, 1, 1 ], [ 1, 2, 3, 4, 5, 6, 7, 8, 9, 10, 11, 12, 13, 14, 15, 16, 17, 18, 19, 20, 21, 22, 23, 24, 25 ], [ 1, -2, 3, -4, 5, -6, 7, -8, 9, -10, 11, -12, 13, -14, 15, -16, 17, -18, 19, -20, 21, -22, 23, -24, 25 ], [ 1, 0, 0, 0, 0, 0, 0, 0, 0, 0, 0, 0, -1, 0, 0, 0, 0, 0, 0, 0, 0, 0, 0, 0, 3 ], [ 1, 0, 0, 0, 0, 0, 0, 0, 0, 0, 0, 0, 0, 0, 0, 0, 0, 0, 0, 0, 0, 0, 0, 0, 0 ], [ 0, 1, 0, 0, 0, 0, 0, 0, 0, 0, 0, 0, 0, 0, 0, 0, 0, 0, 0, 0, 0, 0, 0, 0, 0 ], [ 0, 0, 1, 0, 0, 0, 0, 0, 0, 0, 0, 0, 0, 0, 0, 0, 0, 0, 0, 0, 0, 0, 0, 0, 0 ], [ 0, 0, 0, 1, 0, 0, 0, 0, 0, 0, 0, 0, 0, 0, 0, 0, 0, 0, 0, 0, 0, 0, 0, 0, 0 ], [ 0, 0, 0, 0, 1, 0, 0, 0, 0, 0, 0, 0, 0, 0, 0, 0, 0, 0, 0, 0, 0, 0, 0, 0, 0 ], [ 0, 0, 0, 0, 0, 1, 0, 0, 0, 0, 0, 0, 0, 0, 0, 0, 0, 0, 0, 0, 0, 0, 0, 0, 0 ], [ 0, 0, 0, 0, 0, 0, 1, 0, 0, 0, 0, 0, 0, 0, 0, 0, 0, 0, 0, 0, 0, 0, 0, 0, 0 ], [ 0, 0, 0, 0, 0, 0, 0, 1, 0, 0, 0, 0, 0, 0, 0, 0, 0, 0, 0, 0, 0, 0, 0, 0, 0 ], [ 0, 0, 0, 0, 0, 0, 0, 0, 1, 0, 0, 0, 0, 0, 0, 0, 0, 0, 0, 0, 0, 0, 0, 0, 0 ], [ 0, 0, 0, 0, 0, 0, 0, 0, 0, 1, 0, 0, 0, 0, 0, 0, 0, 0, 0, 0, 0, 0, 0, 0, 0 ], [ 0, 0, 0, 0, 0, 0, 0, 0, 0, 0, 1, 0, 0, 0, 0, 0, 0, 0, 0, 0, 0, 0, 0, 0, 0 ], [ 0, 0, 0, 0, 0, 0, 0, 0, 0, 0, 0, 1, 0, 0, 0, 0, 0, 0, 0, 0, 0, 0, 0, 0, 0 ], [ 0, 0, 0, 0, 0, 0, 0, 0, 0, 0, 0, 0, 1, 0, 0, 0, 0, 0, 0, 0, 0, 0, 0, 0, 0 ], [ 0, 0, 0, 0, 0, 0, 0, 0, 0, 0, 0, 0, 0, 1, 0, 0, 0, 0, 0, 0, 0, 0, 0, 0, 0 ], [ 0, 0, 0, 0, 0, 0, 0, 0, 0, 0, 0, 0, 0, 0, 1, 0, 0, 0, 0, 0, 0, 0, 0, 0, 0 ], [ 0, 0, 0, 0, 0, 0, 0, 0, 0, 0, 0, 0, 0, 0, 0, 1, 0, 0, 0, 0, 0, 0, 0, 0, 0 ], [ 0, 0, 0, 0, 0, 0, 0, 0, 0, 0, 0, 0, 0, 0, 0, 0, 1, 0, 0, 0, 0, 0, 0, 0, 0 ], [ 0, 0, 0, 0, 0, 0, 0, 0, 0, 0, 0, 0, 0, 0, 0, 0, 0, 1, 0, 0, 0, 0, 0, 0, 0 ], [ 0, 0, 0, 0, 0, 0, 0, 0, 0, 0, 0, 0, 0, 0, 0, 0, 0, 0, 1, 0, 0, 0, 0, 0, 0 ], [ 0, 0, 0, 0, 0, 0, 0, 0, 0, 0, 0, 0, 0, 0, 0, 0, 0, 0, 0, 1, 0, 0, 0, 0, 0 ], [ 0, 0, 0, 0, 0, 0, 0, 0, 0, 0, 0, 0, 0, 0, 0, 0, 0, 0, 0, 0, 1, 0, 0, 0, 0 ], [ 0, 0, 0, 0, 0, 0, 0, 0, 0, 0, 0, 0, 0, 0, 0, 0, 0, 0, 0, 0, 0, 1, 0, 0, 0 ], [ 0, 0, 0, 0, 0, 0, 0, 0, 0, 0, 0, 0, 0, 0, 0, 0, 0, 0, 0, 0, 0, 0, 1, 0, 0 ], [ 0, 0, 0, 0, 0, 0, 0, 0, 0, 0, 0, 0, 0, 0, 0, 0, 0, 0, 0, 0, 0, 0, 0, 1, 0 ], [ 0, 0, 0, 0, 0, 0, 0, 0, 0, 0, 0, 0, 0, 0, 0, 0, 0, 0, 0, 0, 0, 0, 0, 0, 1 ], [ 1, 1, 0, 0, 0, 0, 0, 0, 0, 0, 0, 0, 0, 0, 0, 0, 0, 0, 0, 0, 0, 0, 0, 0, 0 ], [ 1, -1, 0, 0, 0, 0, 0, 0, 0, 0, 0, 0, 0, 0, 0, 0, 0, 0, 0, 0, 0, 0, 0, 0, 0 ] ] ), rec(
candidateNumber := 34,
centralizerDimension := 6,
componentIndex := 1,
componentLabel := "unique C2^2 component",
cubicInvariantDimension := 9,
determinantImageOrder := 3,
familyDimension := 3,
familyIndexWithinCase := 1,
genericIndex := 1,
guessedCoefficients := [ 2, 5, 10, 17, 26, 37, 50, 65, 82 ],
guessedMemberTest := rec(
coefficientCandidates := [ [ 2, 5, 10, 17, 26, 37, 50, 65, 82 ], [ 1, 1, 1, 1, 1, 1, 1, 1, 1 ], [ 1, 2, 3, 4, 5, 6, 7, 8, 9 ], [ 1, -2, 3, -4, 5, -6, 7, -8, 9 ], [ 1, 0, 0, 0, -1, 0, 0, 0, 3 ], [ 1, 0, 0, 0, 0, 0, 0, 0, 0 ], [ 0, 1, 0, 0, 0, 0, 0, 0, 0 ], [ 0, 0, 1, 0, 0, 0, 0, 0, 0 ], [ 0, 0, 0, 1, 0, 0, 0, 0, 0 ], [ 0, 0, 0, 0, 1, 0, 0, 0, 0 ], [ 0, 0, 0, 0, 0, 1, 0, 0, 0 ], [ 0, 0, 0, 0, 0, 0, 1, 0, 0 ], [ 0, 0, 0, 0, 0, 0, 0, 1, 0 ], [ 0, 0, 0, 0, 0, 0, 0, 0, 1 ], [ 1, 1, 0, 0, 0, 0, 0, 0, 0 ], [ 1, -1, 0, 0, 0, 0, 0, 0, 0 ], [ 1, 0, 1, 0, 0, 0, 0, 0, 0 ], [ 1, 0, -1, 0, 0, 0, 0, 0, 0 ], [ 1, 0, 0, 1, 0, 0, 0, 0, 0 ], [ 1, 0, 0, -1, 0, 0, 0, 0, 0 ], [ 1, 0, 0, 0, 1, 0, 0, 0, 0 ], [ 1, 0, 0, 0, -1, 0, 0, 0, 0 ], [ 1, 0, 0, 0, 0, 1, 0, 0, 0 ], [ 1, 0, 0, 0, 0, -1, 0, 0, 0 ], [ 1, 0, 0, 0, 0, 0, 1, 0, 0 ], [ 1, 0, 0, 0, 0, 0, -1, 0, 0 ], [ 1, 0, 0, 0, 0, 0, 0, 1, 0 ], [ 1, 0, 0, 0, 0, 0, 0, -1, 0 ], [ 1, 0, 0, 0, 0, 0, 0, 0, 1 ], [ 1, 0, 0, 0, 0, 0, 0, 0, -1 ], [ 0, 1, 1, 0, 0, 0, 0, 0, 0 ], [ 0, 1, -1, 0, 0, 0, 0, 0, 0 ] ],
coefficientFieldConductor := 3,
exactTrials := [  ],
finiteFieldTrials := [ rec(
exitCode := 0,
numberOfMembersTested := 32,
prime := 13,
singularOutput := "CF_SMOOTH_MEMBER_1_END\nCF_SCRIPT_COMPLETED_OK\n",
status := "smooth",
witnessIndex := 1,
witnessVerificationPassed := true ) ],
member := rec(
coefficients := [ 2, 5, 10, 17, 26, 37, 50, 65, 82 ],
monomialCoefficients := [ 0, 0, 0, 0, 0, 2, 0, 0, 0, 0, 30587/20*E(3)-102707/360*E(3)^2, 0, -643277/4410*E(3)-95089/735*E(3)^2, 0, 0, 92711/5760*E(3)+673241/5760*E(3)^2, 0, 0, 0, -13515221/48600, -392029/60*E(3)-125981/60*E(3)^2, 0, 396829/735*E(3)+2669/15*E(3)^2, 0, 0, 5, 0, 0, 0, 12644773/8100, 0, 0, 0, -3966539/1350, 10, -2497/4, 0, 17, 0, 0, 26, 0, 0, 0, -5392/45, 0, 0, 0, 26212/45, 37, 0, 0, 0, 50, 65, 82 ],
polynomial := "(2)*x4*x5*x6 + (30587/20*E(3)-102707/360*E(3)^2)*x3*x6^2 + (-643277/4410*E(3)-95089/735*E(3)^2)*x3*x5^2 + (92711/5760*E(3)+673241/5760*E(3)^2)*x3*x4^2 + (-13515221/48600)*x3^3 + (-392029/60*E(3)-125981/60*E(3)^2)*x2*x6^2 + (396829/735*E(3)+2669/15*E(3)^2)*x2*x5^2 + (5)*x2*x4^2 + (12644773/8100)*x2*x3^2 + (-3966539/1350)*x2^2*x3 + (10)*x2^3 + (-2497/4)*x1*x6^2 + (17)*x1*x5^2 + (26)*x1*x4^2 + (-5392/45)*x1*x3^2 + (26212/45)*x1*x2*x3 + (37)*x1*x2^2 + (50)*x1^2*x3 + (65)*x1^2*x2 + (82)*x1^3" ),
method := "smooth reduction at a good split prime",
status := "smooth",
witnessPrime := 13 ),
isDirectKnownCase := false,
linearGId := [ 36, 11 ],
projectiveGId := [ 12, 3 ],
proofType := "an explicit member of the invariant cubic family is smooth",
smoothPolynomial := "(2)*x4*x5*x6 + (30587/20*E(3)-102707/360*E(3)^2)*x3*x6^2 + (-643277/4410*E(3)-95089/735*E(3)^2)*x3*x5^2 + (92711/5760*E(3)+673241/5760*E(3)^2)*x3*x4^2 + (-13515221/48600)*x3^3 + (-392029/60*E(3)-125981/60*E(3)^2)*x2*x6^2 + (396829/735*E(3)+2669/15*E(3)^2)*x2*x5^2 + (5)*x2*x4^2 + (12644773/8100)*x2*x3^2 + (-3966539/1350)*x2^2*x3 + (10)*x2^3 + (-2497/4)*x1*x6^2 + (17)*x1*x5^2 + (26)*x1*x4^2 + (-5392/45)*x1*x3^2 + (26212/45)*x1*x2*x3 + (37)*x1*x2^2 + (50)*x1^2*x3 + (65)*x1^2*x2 + (82)*x1^3",
status := "smooth",
symplecticPart := "C2^2",
testedCoefficientCandidates := [ [ 2, 5, 10, 17, 26, 37, 50, 65, 82 ], [ 1, 1, 1, 1, 1, 1, 1, 1, 1 ], [ 1, 2, 3, 4, 5, 6, 7, 8, 9 ], [ 1, -2, 3, -4, 5, -6, 7, -8, 9 ], [ 1, 0, 0, 0, -1, 0, 0, 0, 3 ], [ 1, 0, 0, 0, 0, 0, 0, 0, 0 ], [ 0, 1, 0, 0, 0, 0, 0, 0, 0 ], [ 0, 0, 1, 0, 0, 0, 0, 0, 0 ], [ 0, 0, 0, 1, 0, 0, 0, 0, 0 ], [ 0, 0, 0, 0, 1, 0, 0, 0, 0 ], [ 0, 0, 0, 0, 0, 1, 0, 0, 0 ], [ 0, 0, 0, 0, 0, 0, 1, 0, 0 ], [ 0, 0, 0, 0, 0, 0, 0, 1, 0 ], [ 0, 0, 0, 0, 0, 0, 0, 0, 1 ], [ 1, 1, 0, 0, 0, 0, 0, 0, 0 ], [ 1, -1, 0, 0, 0, 0, 0, 0, 0 ], [ 1, 0, 1, 0, 0, 0, 0, 0, 0 ], [ 1, 0, -1, 0, 0, 0, 0, 0, 0 ], [ 1, 0, 0, 1, 0, 0, 0, 0, 0 ], [ 1, 0, 0, -1, 0, 0, 0, 0, 0 ], [ 1, 0, 0, 0, 1, 0, 0, 0, 0 ], [ 1, 0, 0, 0, -1, 0, 0, 0, 0 ], [ 1, 0, 0, 0, 0, 1, 0, 0, 0 ], [ 1, 0, 0, 0, 0, -1, 0, 0, 0 ], [ 1, 0, 0, 0, 0, 0, 1, 0, 0 ], [ 1, 0, 0, 0, 0, 0, -1, 0, 0 ], [ 1, 0, 0, 0, 0, 0, 0, 1, 0 ], [ 1, 0, 0, 0, 0, 0, 0, -1, 0 ], [ 1, 0, 0, 0, 0, 0, 0, 0, 1 ], [ 1, 0, 0, 0, 0, 0, 0, 0, -1 ], [ 0, 1, 1, 0, 0, 0, 0, 0, 0 ], [ 0, 1, -1, 0, 0, 0, 0, 0, 0 ] ] ), rec(
candidateNumber := 36,
centralizerDimension := 4,
componentIndex := 1,
componentLabel := "unique C2^2 component",
cubicInvariantDimension := 6,
determinantImageOrder := 3,
familyDimension := 2,
familyIndexWithinCase := 3,
genericIndex := 1,
guessedCoefficients := [ 1, 1, 1, 1, 1, 1 ],
guessedMemberTest := rec(
coefficientCandidates := [ [ 2, 5, 10, 17, 26, 37 ], [ 1, 1, 1, 1, 1, 1 ], [ 1, 2, 3, 4, 5, 6 ], [ 1, -2, 3, -4, 5, -6 ], [ 1, 0, -1, 0, 0, 3 ], [ 1, 0, 0, 0, 0, 0 ], [ 0, 1, 0, 0, 0, 0 ], [ 0, 0, 1, 0, 0, 0 ], [ 0, 0, 0, 1, 0, 0 ], [ 0, 0, 0, 0, 1, 0 ], [ 0, 0, 0, 0, 0, 1 ], [ 1, 1, 0, 0, 0, 0 ], [ 1, -1, 0, 0, 0, 0 ], [ 1, 0, 1, 0, 0, 0 ], [ 1, 0, -1, 0, 0, 0 ], [ 1, 0, 0, 1, 0, 0 ], [ 1, 0, 0, -1, 0, 0 ], [ 1, 0, 0, 0, 1, 0 ], [ 1, 0, 0, 0, -1, 0 ], [ 1, 0, 0, 0, 0, 1 ], [ 1, 0, 0, 0, 0, -1 ], [ 0, 1, 1, 0, 0, 0 ], [ 0, 1, -1, 0, 0, 0 ], [ 0, 1, 0, 1, 0, 0 ], [ 0, 1, 0, -1, 0, 0 ], [ 0, 1, 0, 0, 1, 0 ], [ 0, 1, 0, 0, -1, 0 ], [ 0, 1, 0, 0, 0, 1 ], [ 0, 1, 0, 0, 0, -1 ], [ 0, 0, 1, 1, 0, 0 ], [ 0, 0, 1, -1, 0, 0 ], [ 0, 0, 1, 0, 1, 0 ] ],
coefficientFieldConductor := 3,
exactTrials := [  ],
finiteFieldTrials := [ rec(
exitCode := 0,
numberOfMembersTested := 32,
prime := 19,
singularOutput := "CF_SINGULAR_MEMBER_1_END\nCF_SMOOTH_MEMBER_2_END\nCF_SCRIPT_COMPLETED_OK\n",
status := "smooth",
witnessIndex := 2,
witnessVerificationPassed := true ) ],
member := rec(
coefficients := [ 1, 1, 1, 1, 1, 1 ],
monomialCoefficients := [ 0, 0, 0, 0, 0, 0, 0, 0, 0, 0, 361687/25740*E(3)+161231/12870*E(3)^2, 0, -133163/315315*E(3)+3391/45045*E(3)^2, 0, 0, -64069/205920*E(3)-245813/411840*E(3)^2, 0, 0, 0, -267445666/1118049075, 2170517/25740*E(3)+2248967/25740*E(3)^2, 0, 2902817/315315*E(3)+2589017/315315*E(3)^2, 0, 0, 2806967/411840*E(3)+3042317/411840*E(3)^2, 0, 0, 0, -734456159/41409225, 0, 0, 0, -73399036616/372683025, 382875303004/1118049075, 1, 0, 1, 0, 0, 1, 0, 0, 0, 149575759/124227675, 0, 0, 0, 664981558/124227675, -19067615951/124227675, 0, 0, 0, 1, 1, 1 ],
polynomial := "(361687/25740*E(3)+161231/12870*E(3)^2)*x3*x6^2 + (-133163/315315*E(3)+3391/45045*E(3)^2)*x3*x5^2 + (-64069/205920*E(3)-245813/411840*E(3)^2)*x3*x4^2 + (-267445666/1118049075)*x3^3 + (2170517/25740*E(3)+2248967/25740*E(3)^2)*x2*x6^2 + (2902817/315315*E(3)+2589017/315315*E(3)^2)*x2*x5^2 + (2806967/411840*E(3)+3042317/411840*E(3)^2)*x2*x4^2 + (-734456159/41409225)*x2*x3^2 + (-73399036616/372683025)*x2^2*x3 + (382875303004/1118049075)*x2^3 + x1*x6^2 + x1*x5^2 + x1*x4^2 + (149575759/124227675)*x1*x3^2 + (664981558/124227675)*x1*x2*x3 + (-19067615951/124227675)*x1*x2^2 + x1^2*x3 + x1^2*x2 + x1^3" ),
method := "smooth reduction at a good split prime",
status := "smooth",
witnessPrime := 19 ),
isDirectKnownCase := false,
linearGId := [ 36, 3 ],
projectiveGId := [ 12, 3 ],
proofType := "an explicit member of the invariant cubic family is smooth",
smoothPolynomial := "(361687/25740*E(3)+161231/12870*E(3)^2)*x3*x6^2 + (-133163/315315*E(3)+3391/45045*E(3)^2)*x3*x5^2 + (-64069/205920*E(3)-245813/411840*E(3)^2)*x3*x4^2 + (-267445666/1118049075)*x3^3 + (2170517/25740*E(3)+2248967/25740*E(3)^2)*x2*x6^2 + (2902817/315315*E(3)+2589017/315315*E(3)^2)*x2*x5^2 + (2806967/411840*E(3)+3042317/411840*E(3)^2)*x2*x4^2 + (-734456159/41409225)*x2*x3^2 + (-73399036616/372683025)*x2^2*x3 + (382875303004/1118049075)*x2^3 + x1*x6^2 + x1*x5^2 + x1*x4^2 + (149575759/124227675)*x1*x3^2 + (664981558/124227675)*x1*x2*x3 + (-19067615951/124227675)*x1*x2^2 + x1^2*x3 + x1^2*x2 + x1^3",
status := "smooth",
symplecticPart := "C2^2",
testedCoefficientCandidates := [ [ 2, 5, 10, 17, 26, 37 ], [ 1, 1, 1, 1, 1, 1 ], [ 1, 2, 3, 4, 5, 6 ], [ 1, -2, 3, -4, 5, -6 ], [ 1, 0, -1, 0, 0, 3 ], [ 1, 0, 0, 0, 0, 0 ], [ 0, 1, 0, 0, 0, 0 ], [ 0, 0, 1, 0, 0, 0 ], [ 0, 0, 0, 1, 0, 0 ], [ 0, 0, 0, 0, 1, 0 ], [ 0, 0, 0, 0, 0, 1 ], [ 1, 1, 0, 0, 0, 0 ], [ 1, -1, 0, 0, 0, 0 ], [ 1, 0, 1, 0, 0, 0 ], [ 1, 0, -1, 0, 0, 0 ], [ 1, 0, 0, 1, 0, 0 ], [ 1, 0, 0, -1, 0, 0 ], [ 1, 0, 0, 0, 1, 0 ], [ 1, 0, 0, 0, -1, 0 ], [ 1, 0, 0, 0, 0, 1 ], [ 1, 0, 0, 0, 0, -1 ], [ 0, 1, 1, 0, 0, 0 ], [ 0, 1, -1, 0, 0, 0 ], [ 0, 1, 0, 1, 0, 0 ], [ 0, 1, 0, -1, 0, 0 ], [ 0, 1, 0, 0, 1, 0 ], [ 0, 1, 0, 0, -1, 0 ], [ 0, 1, 0, 0, 0, 1 ], [ 0, 1, 0, 0, 0, -1 ], [ 0, 0, 1, 1, 0, 0 ], [ 0, 0, 1, -1, 0, 0 ], [ 0, 0, 1, 0, 1, 0 ] ] ), rec(
candidateNumber := 37,
centralizerDimension := 7,
commonPointChecks := 4056,
commonPointLimitReached := false,
componentIndex := 1,
componentLabel := "unique C2^2 component",
cubicInvariantDimension := 9,
determinantImageOrder := 2,
exactCommonLocusTest := rec(
coefficientFieldConductor := 3,
exitCode := 0,
singularChart := fail,
singularOutput := "CF_NO_COMMON_SINGULAR_POINT\nCF_SCRIPT_COMPLETED_OK\n",
status := "no_common_singular_point" ),
familyDimension := 2,
familyIndexWithinCase := 1,
genericIndex := 1,
guessedCoefficients := [ 2, 5, 10, 17, 26, 37, 50, 65, 82 ],
guessedMemberTest := rec(
coefficientCandidates := [ [ 2, 5, 10, 17, 26, 37, 50, 65, 82 ], [ 1, 1, 1, 1, 1, 1, 1, 1, 1 ], [ 1, 2, 3, 4, 5, 6, 7, 8, 9 ], [ 1, -2, 3, -4, 5, -6, 7, -8, 9 ], [ 1, 0, 0, 0, -1, 0, 0, 0, 3 ], [ 1, 0, 0, 0, 0, 0, 0, 0, 0 ], [ 0, 1, 0, 0, 0, 0, 0, 0, 0 ], [ 0, 0, 1, 0, 0, 0, 0, 0, 0 ], [ 0, 0, 0, 1, 0, 0, 0, 0, 0 ], [ 0, 0, 0, 0, 1, 0, 0, 0, 0 ], [ 0, 0, 0, 0, 0, 1, 0, 0, 0 ], [ 0, 0, 0, 0, 0, 0, 1, 0, 0 ], [ 0, 0, 0, 0, 0, 0, 0, 1, 0 ], [ 0, 0, 0, 0, 0, 0, 0, 0, 1 ], [ 1, 1, 0, 0, 0, 0, 0, 0, 0 ], [ 1, -1, 0, 0, 0, 0, 0, 0, 0 ], [ 1, 0, 1, 0, 0, 0, 0, 0, 0 ], [ 1, 0, -1, 0, 0, 0, 0, 0, 0 ], [ 1, 0, 0, 1, 0, 0, 0, 0, 0 ], [ 1, 0, 0, -1, 0, 0, 0, 0, 0 ], [ 1, 0, 0, 0, 1, 0, 0, 0, 0 ], [ 1, 0, 0, 0, -1, 0, 0, 0, 0 ], [ 1, 0, 0, 0, 0, 1, 0, 0, 0 ], [ 1, 0, 0, 0, 0, -1, 0, 0, 0 ], [ 1, 0, 0, 0, 0, 0, 1, 0, 0 ], [ 1, 0, 0, 0, 0, 0, -1, 0, 0 ], [ 1, 0, 0, 0, 0, 0, 0, 1, 0 ], [ 1, 0, 0, 0, 0, 0, 0, -1, 0 ], [ 1, 0, 0, 0, 0, 0, 0, 0, 1 ], [ 1, 0, 0, 0, 0, 0, 0, 0, -1 ], [ 0, 1, 1, 0, 0, 0, 0, 0, 0 ], [ 0, 1, -1, 0, 0, 0, 0, 0, 0 ] ],
coefficientFieldConductor := 3,
exactTrials := [ rec(
coefficients := [ 2, 5, 10, 17, 26, 37, 50, 65, 82 ],
trial := rec(
coefficientFieldConductor := 3,
exitCode := 0,
singularChart := 1,
singularOutput := "CF_EXACT_SINGULAR_CHART_1\nCF_EXACT_SINGULAR\nCF_SCRIPT_COMPLETED_OK\n",
status := "exact_singular" ) ), rec(
coefficients := [ 1, 1, 1, 1, 1, 1, 1, 1, 1 ],
trial := rec(
coefficientFieldConductor := 3,
exitCode := 0,
singularChart := 1,
singularOutput := "CF_EXACT_SINGULAR_CHART_1\nCF_EXACT_SINGULAR\nCF_SCRIPT_COMPLETED_OK\n",
status := "exact_singular" ) ), rec(
coefficients := [ 1, 2, 3, 4, 5, 6, 7, 8, 9 ],
trial := rec(
coefficientFieldConductor := 3,
exitCode := 0,
singularChart := 1,
singularOutput := "CF_EXACT_SINGULAR_CHART_1\nCF_EXACT_SINGULAR\nCF_SCRIPT_COMPLETED_OK\n",
status := "exact_singular" ) ), rec(
coefficients := [ 1, -2, 3, -4, 5, -6, 7, -8, 9 ],
trial := rec(
coefficientFieldConductor := 3,
exitCode := 0,
singularChart := 1,
singularOutput := "CF_EXACT_SINGULAR_CHART_1\nCF_EXACT_SINGULAR\nCF_SCRIPT_COMPLETED_OK\n",
status := "exact_singular" ) ), rec(
coefficients := [ 1, 0, 0, 0, -1, 0, 0, 0, 3 ],
trial := rec(
coefficientFieldConductor := 3,
exitCode := 0,
singularChart := 1,
singularOutput := "CF_EXACT_SINGULAR_CHART_1\nCF_EXACT_SINGULAR\nCF_SCRIPT_COMPLETED_OK\n",
status := "exact_singular" ) ), rec(
coefficients := [ 1, 0, 0, 0, 0, 0, 0, 0, 0 ],
trial := rec(
coefficientFieldConductor := 3,
exitCode := 0,
singularChart := 1,
singularOutput := "CF_EXACT_SINGULAR_CHART_1\nCF_EXACT_SINGULAR\nCF_SCRIPT_COMPLETED_OK\n",
status := "exact_singular" ) ) ],
finiteFieldTrials := [ rec(
exitCode := 0,
numberOfMembersTested := 32,
prime := 13,
singularOutput := "CF_SINGULAR_MEMBER_1_END\nCF_SINGULAR_MEMBER_2_END\nCF_SINGULAR_MEMBER_3_END\nCF_SINGULAR_MEMBER_4_END\nCF_SINGULAR_MEMBER_5_END\nCF_SINGULAR_MEMBER_6_END\nCF_SINGULAR_MEMBER_7_END\nCF_SINGULAR_MEMBER_8_END\nCF_SINGULAR_MEMBER_9_END\nCF_SINGULAR_MEMBER_10_END\nCF_SINGULAR_MEMBER_11_END\nCF_SINGULAR_MEMBER_12_END\nCF_SINGULAR_MEMBER_13_END\nCF_SINGULAR_MEMBER_14_END\nCF_SINGULAR_MEMBER_15_END\nCF_SINGULAR_MEMBER_16_END\nCF_SINGULAR_MEMBER_17_END\nCF_SINGULAR_MEMBER_18_END\nCF_SINGULAR_MEMBER_19_END\nCF_SINGULAR_MEMBER_20_END\nCF_SINGULAR_MEMBER_21_END\nCF_SINGULAR_MEMBER_22_END\nCF_SINGULAR_MEMBER_23_END\nCF_SINGULAR_MEMBER_24_END\nCF_SINGULAR_MEMBER_25_END\nCF_SINGULAR_MEMBER_26_END\nCF_SINGULAR_MEMBER_27_END\nCF_SINGULAR_MEMBER_28_END\nCF_SINGULAR_MEMBER_29_END\nCF_SINGULAR_MEMBER_30_END\nCF_SINGULAR_MEMBER_31_END\nCF_SINGULAR_MEMBER_32_END\nCF_NO_SMOOTH_MEMBER\nCF_SCRIPT_COMPLETED_OK\n",
status := "no_smooth_in_batch",
witnessIndex := fail,
witnessVerificationPassed := false ), rec(
exitCode := 0,
numberOfMembersTested := 32,
prime := 19,
singularOutput := "CF_SINGULAR_MEMBER_1_END\nCF_SINGULAR_MEMBER_2_END\nCF_SINGULAR_MEMBER_3_END\nCF_SINGULAR_MEMBER_4_END\nCF_SINGULAR_MEMBER_5_END\nCF_SINGULAR_MEMBER_6_END\nCF_SINGULAR_MEMBER_7_END\nCF_SINGULAR_MEMBER_8_END\nCF_SINGULAR_MEMBER_9_END\nCF_SINGULAR_MEMBER_10_END\nCF_SINGULAR_MEMBER_11_END\nCF_SINGULAR_MEMBER_12_END\nCF_SINGULAR_MEMBER_13_END\nCF_SINGULAR_MEMBER_14_END\nCF_SINGULAR_MEMBER_15_END\nCF_SINGULAR_MEMBER_16_END\nCF_SINGULAR_MEMBER_17_END\nCF_SINGULAR_MEMBER_18_END\nCF_SINGULAR_MEMBER_19_END\nCF_SINGULAR_MEMBER_20_END\nCF_SINGULAR_MEMBER_21_END\nCF_SINGULAR_MEMBER_22_END\nCF_SINGULAR_MEMBER_23_END\nCF_SINGULAR_MEMBER_24_END\nCF_SINGULAR_MEMBER_25_END\nCF_SINGULAR_MEMBER_26_END\nCF_SINGULAR_MEMBER_27_END\nCF_SINGULAR_MEMBER_28_END\nCF_SINGULAR_MEMBER_29_END\nCF_SINGULAR_MEMBER_30_END\nCF_SINGULAR_MEMBER_31_END\nCF_SINGULAR_MEMBER_32_END\nCF_NO_SMOOTH_MEMBER\nCF_SCRIPT_COMPLETED_OK\n",
status := "no_smooth_in_batch",
witnessIndex := fail,
witnessVerificationPassed := false ), rec(
exitCode := 0,
numberOfMembersTested := 32,
prime := 31,
singularOutput := "CF_SINGULAR_MEMBER_1_END\nCF_SINGULAR_MEMBER_2_END\nCF_SINGULAR_MEMBER_3_END\nCF_SINGULAR_MEMBER_4_END\nCF_SINGULAR_MEMBER_5_END\nCF_SINGULAR_MEMBER_6_END\nCF_SINGULAR_MEMBER_7_END\nCF_SINGULAR_MEMBER_8_END\nCF_SINGULAR_MEMBER_9_END\nCF_SINGULAR_MEMBER_10_END\nCF_SINGULAR_MEMBER_11_END\nCF_SINGULAR_MEMBER_12_END\nCF_SINGULAR_MEMBER_13_END\nCF_SINGULAR_MEMBER_14_END\nCF_SINGULAR_MEMBER_15_END\nCF_SINGULAR_MEMBER_16_END\nCF_SINGULAR_MEMBER_17_END\nCF_SINGULAR_MEMBER_18_END\nCF_SINGULAR_MEMBER_19_END\nCF_SINGULAR_MEMBER_20_END\nCF_SINGULAR_MEMBER_21_END\nCF_SINGULAR_MEMBER_22_END\nCF_SINGULAR_MEMBER_23_END\nCF_SINGULAR_MEMBER_24_END\nCF_SINGULAR_MEMBER_25_END\nCF_SINGULAR_MEMBER_26_END\nCF_SINGULAR_MEMBER_27_END\nCF_SINGULAR_MEMBER_28_END\nCF_SINGULAR_MEMBER_29_END\nCF_SINGULAR_MEMBER_30_END\nCF_SINGULAR_MEMBER_31_END\nCF_SINGULAR_MEMBER_32_END\nCF_NO_SMOOTH_MEMBER\nCF_SCRIPT_COMPLETED_OK\n",
status := "no_smooth_in_batch",
witnessIndex := fail,
witnessVerificationPassed := false ) ],
method := "deterministic coefficient batch",
status := "no_smooth_witness" ),
guessedPolynomial := "(2)*x4*x5*x6 + (-499/18*E(3)+39013/80*E(3)^2)*x3*x6^2 + (123383/2940*E(3)+7981/180*E(3)^2)*x3*x5^2 + (-52/15)*x3*x4^2 + (-696553/1500)*x3^3 + (314/3*E(3)-32044/15*E(3)^2)*x2*x6^2 + (5)*x2*x5^2 + (-4082/15)*x2*x4^2 + (-933840869/27000)*x2*x3^2 + (980144233/6750)*x2^2*x3 + (-342671026/3375)*x2^3 + (10)*x1*x6^2 + (17)*x1*x5^2 + (26)*x1*x4^2 + (6254353/1800)*x1*x3^2 + (-6640957/450)*x1*x2*x3 + (37)*x1*x2^2 + (50)*x1^2*x3 + (65)*x1^2*x2 + (82)*x1^3",
isDirectKnownCase := false,
linearGId := [ 24, 10 ],
projectiveGId := [ 8, 3 ],
proofType := "no smooth member or family-wide singularity certificate was found",
status := "unknown",
symplecticPart := "C2^2",
testedCoefficientCandidates := [ [ 2, 5, 10, 17, 26, 37, 50, 65, 82 ], [ 1, 1, 1, 1, 1, 1, 1, 1, 1 ], [ 1, 2, 3, 4, 5, 6, 7, 8, 9 ], [ 1, -2, 3, -4, 5, -6, 7, -8, 9 ], [ 1, 0, 0, 0, -1, 0, 0, 0, 3 ], [ 1, 0, 0, 0, 0, 0, 0, 0, 0 ], [ 0, 1, 0, 0, 0, 0, 0, 0, 0 ], [ 0, 0, 1, 0, 0, 0, 0, 0, 0 ], [ 0, 0, 0, 1, 0, 0, 0, 0, 0 ], [ 0, 0, 0, 0, 1, 0, 0, 0, 0 ], [ 0, 0, 0, 0, 0, 1, 0, 0, 0 ], [ 0, 0, 0, 0, 0, 0, 1, 0, 0 ], [ 0, 0, 0, 0, 0, 0, 0, 1, 0 ], [ 0, 0, 0, 0, 0, 0, 0, 0, 1 ], [ 1, 1, 0, 0, 0, 0, 0, 0, 0 ], [ 1, -1, 0, 0, 0, 0, 0, 0, 0 ], [ 1, 0, 1, 0, 0, 0, 0, 0, 0 ], [ 1, 0, -1, 0, 0, 0, 0, 0, 0 ], [ 1, 0, 0, 1, 0, 0, 0, 0, 0 ], [ 1, 0, 0, -1, 0, 0, 0, 0, 0 ], [ 1, 0, 0, 0, 1, 0, 0, 0, 0 ], [ 1, 0, 0, 0, -1, 0, 0, 0, 0 ], [ 1, 0, 0, 0, 0, 1, 0, 0, 0 ], [ 1, 0, 0, 0, 0, -1, 0, 0, 0 ], [ 1, 0, 0, 0, 0, 0, 1, 0, 0 ], [ 1, 0, 0, 0, 0, 0, -1, 0, 0 ], [ 1, 0, 0, 0, 0, 0, 0, 1, 0 ], [ 1, 0, 0, 0, 0, 0, 0, -1, 0 ], [ 1, 0, 0, 0, 0, 0, 0, 0, 1 ], [ 1, 0, 0, 0, 0, 0, 0, 0, -1 ], [ 0, 1, 1, 0, 0, 0, 0, 0, 0 ], [ 0, 1, -1, 0, 0, 0, 0, 0, 0 ] ] ), rec(
candidateNumber := 38,
centralizerDimension := 7,
componentIndex := 1,
componentLabel := "unique C2^2 component",
cubicInvariantDimension := 11,
determinantImageOrder := 2,
familyDimension := 4,
familyIndexWithinCase := 2,
genericIndex := 1,
guessedCoefficients := [ 2, 5, 10, 17, 26, 37, 50, 65, 82, 101, 122 ],
guessedMemberTest := rec(
coefficientCandidates := [ [ 2, 5, 10, 17, 26, 37, 50, 65, 82, 101, 122 ], [ 1, 1, 1, 1, 1, 1, 1, 1, 1, 1, 1 ], [ 1, 2, 3, 4, 5, 6, 7, 8, 9, 10, 11 ], [ 1, -2, 3, -4, 5, -6, 7, -8, 9, -10, 11 ], [ 1, 0, 0, 0, 0, -1, 0, 0, 0, 0, 3 ], [ 1, 0, 0, 0, 0, 0, 0, 0, 0, 0, 0 ], [ 0, 1, 0, 0, 0, 0, 0, 0, 0, 0, 0 ], [ 0, 0, 1, 0, 0, 0, 0, 0, 0, 0, 0 ], [ 0, 0, 0, 1, 0, 0, 0, 0, 0, 0, 0 ], [ 0, 0, 0, 0, 1, 0, 0, 0, 0, 0, 0 ], [ 0, 0, 0, 0, 0, 1, 0, 0, 0, 0, 0 ], [ 0, 0, 0, 0, 0, 0, 1, 0, 0, 0, 0 ], [ 0, 0, 0, 0, 0, 0, 0, 1, 0, 0, 0 ], [ 0, 0, 0, 0, 0, 0, 0, 0, 1, 0, 0 ], [ 0, 0, 0, 0, 0, 0, 0, 0, 0, 1, 0 ], [ 0, 0, 0, 0, 0, 0, 0, 0, 0, 0, 1 ], [ 1, 1, 0, 0, 0, 0, 0, 0, 0, 0, 0 ], [ 1, -1, 0, 0, 0, 0, 0, 0, 0, 0, 0 ], [ 1, 0, 1, 0, 0, 0, 0, 0, 0, 0, 0 ], [ 1, 0, -1, 0, 0, 0, 0, 0, 0, 0, 0 ], [ 1, 0, 0, 1, 0, 0, 0, 0, 0, 0, 0 ], [ 1, 0, 0, -1, 0, 0, 0, 0, 0, 0, 0 ], [ 1, 0, 0, 0, 1, 0, 0, 0, 0, 0, 0 ], [ 1, 0, 0, 0, -1, 0, 0, 0, 0, 0, 0 ], [ 1, 0, 0, 0, 0, 1, 0, 0, 0, 0, 0 ], [ 1, 0, 0, 0, 0, -1, 0, 0, 0, 0, 0 ], [ 1, 0, 0, 0, 0, 0, 1, 0, 0, 0, 0 ], [ 1, 0, 0, 0, 0, 0, -1, 0, 0, 0, 0 ], [ 1, 0, 0, 0, 0, 0, 0, 1, 0, 0, 0 ], [ 1, 0, 0, 0, 0, 0, 0, -1, 0, 0, 0 ], [ 1, 0, 0, 0, 0, 0, 0, 0, 1, 0, 0 ], [ 1, 0, 0, 0, 0, 0, 0, 0, -1, 0, 0 ] ],
coefficientFieldConductor := 3,
exactTrials := [  ],
finiteFieldTrials := [ rec(
exitCode := 0,
numberOfMembersTested := 32,
prime := 19,
singularOutput := "CF_SINGULAR_MEMBER_1_END\nCF_SINGULAR_MEMBER_2_END\nCF_SINGULAR_MEMBER_3_END\nCF_SINGULAR_MEMBER_4_END\nCF_SINGULAR_MEMBER_5_END\nCF_SINGULAR_MEMBER_6_END\nCF_SINGULAR_MEMBER_7_END\nCF_SINGULAR_MEMBER_8_END\nCF_SINGULAR_MEMBER_9_END\nCF_SINGULAR_MEMBER_10_END\nCF_SINGULAR_MEMBER_11_END\nCF_SINGULAR_MEMBER_12_END\nCF_SINGULAR_MEMBER_13_END\nCF_SINGULAR_MEMBER_14_END\nCF_SINGULAR_MEMBER_15_END\nCF_SINGULAR_MEMBER_16_END\nCF_SINGULAR_MEMBER_17_END\nCF_SINGULAR_MEMBER_18_END\nCF_SINGULAR_MEMBER_19_END\nCF_SINGULAR_MEMBER_20_END\nCF_SINGULAR_MEMBER_21_END\nCF_SINGULAR_MEMBER_22_END\nCF_SINGULAR_MEMBER_23_END\nCF_SINGULAR_MEMBER_24_END\nCF_SINGULAR_MEMBER_25_END\nCF_SINGULAR_MEMBER_26_END\nCF_SINGULAR_MEMBER_27_END\nCF_SINGULAR_MEMBER_28_END\nCF_SINGULAR_MEMBER_29_END\nCF_SINGULAR_MEMBER_30_END\nCF_SINGULAR_MEMBER_31_END\nCF_SINGULAR_MEMBER_32_END\nCF_NO_SMOOTH_MEMBER\nCF_SCRIPT_COMPLETED_OK\n",
status := "no_smooth_in_batch",
witnessIndex := fail,
witnessVerificationPassed := false ), rec(
exitCode := 0,
numberOfMembersTested := 32,
prime := 31,
singularOutput := "CF_SMOOTH_MEMBER_1_END\nCF_SCRIPT_COMPLETED_OK\n",
status := "smooth",
witnessIndex := 1,
witnessVerificationPassed := true ) ],
member := rec(
coefficients := [ 2, 5, 10, 17, 26, 37, 50, 65, 82, 101, 122 ],
monomialCoefficients := [ 0, 0, 0, 0, 0, 0, 0, 0, 0, 0, -47855/1638*E(3)+1115227/3276*E(3)^2, 0, -650431/13377*E(3)-1049/21*E(3)^2, 0, 0, 750/7, 0, 0, 0, -1232562490/521703, 1258/117*E(3)+55387/234*E(3)^2, 0, 2, 0, 0, 5, 0, 0, 0, 66591599/74529, 0, 0, 0, 1442276/1521, 10, 17, 0, 26, 0, 0, 37, 0, 0, 0, -1098406/637, 0, 0, 0, 50, 65, 0, 0, 0, 82, 101, 122 ],
polynomial := "(-47855/1638*E(3)+1115227/3276*E(3)^2)*x3*x6^2 + (-650431/13377*E(3)-1049/21*E(3)^2)*x3*x5^2 + (750/7)*x3*x4^2 + (-1232562490/521703)*x3^3 + (1258/117*E(3)+55387/234*E(3)^2)*x2*x6^2 + (2)*x2*x5^2 + (5)*x2*x4^2 + (66591599/74529)*x2*x3^2 + (1442276/1521)*x2^2*x3 + (10)*x2^3 + (17)*x1*x6^2 + (26)*x1*x5^2 + (37)*x1*x4^2 + (-1098406/637)*x1*x3^2 + (50)*x1*x2*x3 + (65)*x1*x2^2 + (82)*x1^2*x3 + (101)*x1^2*x2 + (122)*x1^3" ),
method := "smooth reduction at a good split prime",
status := "smooth",
witnessPrime := 31 ),
isDirectKnownCase := false,
linearGId := [ 24, 10 ],
projectiveGId := [ 8, 3 ],
proofType := "an explicit member of the invariant cubic family is smooth",
smoothPolynomial := "(-47855/1638*E(3)+1115227/3276*E(3)^2)*x3*x6^2 + (-650431/13377*E(3)-1049/21*E(3)^2)*x3*x5^2 + (750/7)*x3*x4^2 + (-1232562490/521703)*x3^3 + (1258/117*E(3)+55387/234*E(3)^2)*x2*x6^2 + (2)*x2*x5^2 + (5)*x2*x4^2 + (66591599/74529)*x2*x3^2 + (1442276/1521)*x2^2*x3 + (10)*x2^3 + (17)*x1*x6^2 + (26)*x1*x5^2 + (37)*x1*x4^2 + (-1098406/637)*x1*x3^2 + (50)*x1*x2*x3 + (65)*x1*x2^2 + (82)*x1^2*x3 + (101)*x1^2*x2 + (122)*x1^3",
status := "smooth",
symplecticPart := "C2^2",
testedCoefficientCandidates := [ [ 2, 5, 10, 17, 26, 37, 50, 65, 82, 101, 122 ], [ 1, 1, 1, 1, 1, 1, 1, 1, 1, 1, 1 ], [ 1, 2, 3, 4, 5, 6, 7, 8, 9, 10, 11 ], [ 1, -2, 3, -4, 5, -6, 7, -8, 9, -10, 11 ], [ 1, 0, 0, 0, 0, -1, 0, 0, 0, 0, 3 ], [ 1, 0, 0, 0, 0, 0, 0, 0, 0, 0, 0 ], [ 0, 1, 0, 0, 0, 0, 0, 0, 0, 0, 0 ], [ 0, 0, 1, 0, 0, 0, 0, 0, 0, 0, 0 ], [ 0, 0, 0, 1, 0, 0, 0, 0, 0, 0, 0 ], [ 0, 0, 0, 0, 1, 0, 0, 0, 0, 0, 0 ], [ 0, 0, 0, 0, 0, 1, 0, 0, 0, 0, 0 ], [ 0, 0, 0, 0, 0, 0, 1, 0, 0, 0, 0 ], [ 0, 0, 0, 0, 0, 0, 0, 1, 0, 0, 0 ], [ 0, 0, 0, 0, 0, 0, 0, 0, 1, 0, 0 ], [ 0, 0, 0, 0, 0, 0, 0, 0, 0, 1, 0 ], [ 0, 0, 0, 0, 0, 0, 0, 0, 0, 0, 1 ], [ 1, 1, 0, 0, 0, 0, 0, 0, 0, 0, 0 ], [ 1, -1, 0, 0, 0, 0, 0, 0, 0, 0, 0 ], [ 1, 0, 1, 0, 0, 0, 0, 0, 0, 0, 0 ], [ 1, 0, -1, 0, 0, 0, 0, 0, 0, 0, 0 ], [ 1, 0, 0, 1, 0, 0, 0, 0, 0, 0, 0 ], [ 1, 0, 0, -1, 0, 0, 0, 0, 0, 0, 0 ], [ 1, 0, 0, 0, 1, 0, 0, 0, 0, 0, 0 ], [ 1, 0, 0, 0, -1, 0, 0, 0, 0, 0, 0 ], [ 1, 0, 0, 0, 0, 1, 0, 0, 0, 0, 0 ], [ 1, 0, 0, 0, 0, -1, 0, 0, 0, 0, 0 ], [ 1, 0, 0, 0, 0, 0, 1, 0, 0, 0, 0 ], [ 1, 0, 0, 0, 0, 0, -1, 0, 0, 0, 0 ], [ 1, 0, 0, 0, 0, 0, 0, 1, 0, 0, 0 ], [ 1, 0, 0, 0, 0, 0, 0, -1, 0, 0, 0 ], [ 1, 0, 0, 0, 0, 0, 0, 0, 1, 0, 0 ], [ 1, 0, 0, 0, 0, 0, 0, 0, -1, 0, 0 ] ] ), rec(
candidateNumber := 39,
centralizerDimension := 11,
componentIndex := 1,
componentLabel := "unique C2^2 component",
cubicInvariantDimension := 17,
determinantImageOrder := 2,
familyDimension := 6,
familyIndexWithinCase := 3,
genericIndex := 1,
guessedCoefficients := [ 1, 1, 1, 1, 1, 1, 1, 1, 1, 1, 1, 1, 1, 1, 1, 1, 1 ],
guessedMemberTest := rec(
coefficientCandidates := [ [ 2, 5, 10, 17, 26, 37, 50, 65, 82, 101, 122, 145, 170, 197, 226, 257, 290 ], [ 1, 1, 1, 1, 1, 1, 1, 1, 1, 1, 1, 1, 1, 1, 1, 1, 1 ], [ 1, 2, 3, 4, 5, 6, 7, 8, 9, 10, 11, 12, 13, 14, 15, 16, 17 ], [ 1, -2, 3, -4, 5, -6, 7, -8, 9, -10, 11, -12, 13, -14, 15, -16, 17 ], [ 1, 0, 0, 0, 0, 0, 0, 0, -1, 0, 0, 0, 0, 0, 0, 0, 3 ], [ 1, 0, 0, 0, 0, 0, 0, 0, 0, 0, 0, 0, 0, 0, 0, 0, 0 ], [ 0, 1, 0, 0, 0, 0, 0, 0, 0, 0, 0, 0, 0, 0, 0, 0, 0 ], [ 0, 0, 1, 0, 0, 0, 0, 0, 0, 0, 0, 0, 0, 0, 0, 0, 0 ], [ 0, 0, 0, 1, 0, 0, 0, 0, 0, 0, 0, 0, 0, 0, 0, 0, 0 ], [ 0, 0, 0, 0, 1, 0, 0, 0, 0, 0, 0, 0, 0, 0, 0, 0, 0 ], [ 0, 0, 0, 0, 0, 1, 0, 0, 0, 0, 0, 0, 0, 0, 0, 0, 0 ], [ 0, 0, 0, 0, 0, 0, 1, 0, 0, 0, 0, 0, 0, 0, 0, 0, 0 ], [ 0, 0, 0, 0, 0, 0, 0, 1, 0, 0, 0, 0, 0, 0, 0, 0, 0 ], [ 0, 0, 0, 0, 0, 0, 0, 0, 1, 0, 0, 0, 0, 0, 0, 0, 0 ], [ 0, 0, 0, 0, 0, 0, 0, 0, 0, 1, 0, 0, 0, 0, 0, 0, 0 ], [ 0, 0, 0, 0, 0, 0, 0, 0, 0, 0, 1, 0, 0, 0, 0, 0, 0 ], [ 0, 0, 0, 0, 0, 0, 0, 0, 0, 0, 0, 1, 0, 0, 0, 0, 0 ], [ 0, 0, 0, 0, 0, 0, 0, 0, 0, 0, 0, 0, 1, 0, 0, 0, 0 ], [ 0, 0, 0, 0, 0, 0, 0, 0, 0, 0, 0, 0, 0, 1, 0, 0, 0 ], [ 0, 0, 0, 0, 0, 0, 0, 0, 0, 0, 0, 0, 0, 0, 1, 0, 0 ], [ 0, 0, 0, 0, 0, 0, 0, 0, 0, 0, 0, 0, 0, 0, 0, 1, 0 ], [ 0, 0, 0, 0, 0, 0, 0, 0, 0, 0, 0, 0, 0, 0, 0, 0, 1 ], [ 1, 1, 0, 0, 0, 0, 0, 0, 0, 0, 0, 0, 0, 0, 0, 0, 0 ], [ 1, -1, 0, 0, 0, 0, 0, 0, 0, 0, 0, 0, 0, 0, 0, 0, 0 ], [ 1, 0, 1, 0, 0, 0, 0, 0, 0, 0, 0, 0, 0, 0, 0, 0, 0 ], [ 1, 0, -1, 0, 0, 0, 0, 0, 0, 0, 0, 0, 0, 0, 0, 0, 0 ], [ 1, 0, 0, 1, 0, 0, 0, 0, 0, 0, 0, 0, 0, 0, 0, 0, 0 ], [ 1, 0, 0, -1, 0, 0, 0, 0, 0, 0, 0, 0, 0, 0, 0, 0, 0 ], [ 1, 0, 0, 0, 1, 0, 0, 0, 0, 0, 0, 0, 0, 0, 0, 0, 0 ], [ 1, 0, 0, 0, -1, 0, 0, 0, 0, 0, 0, 0, 0, 0, 0, 0, 0 ], [ 1, 0, 0, 0, 0, 1, 0, 0, 0, 0, 0, 0, 0, 0, 0, 0, 0 ], [ 1, 0, 0, 0, 0, -1, 0, 0, 0, 0, 0, 0, 0, 0, 0, 0, 0 ] ],
coefficientFieldConductor := 3,
exactTrials := [  ],
finiteFieldTrials := [ rec(
exitCode := 0,
numberOfMembersTested := 32,
prime := 7,
singularOutput := "CF_SINGULAR_MEMBER_1_END\nCF_SINGULAR_MEMBER_2_END\nCF_SINGULAR_MEMBER_3_END\nCF_SINGULAR_MEMBER_4_END\nCF_SINGULAR_MEMBER_5_END\nCF_SINGULAR_MEMBER_6_END\nCF_SINGULAR_MEMBER_7_END\nCF_SINGULAR_MEMBER_8_END\nCF_SINGULAR_MEMBER_9_END\nCF_SINGULAR_MEMBER_10_END\nCF_SINGULAR_MEMBER_11_END\nCF_SINGULAR_MEMBER_12_END\nCF_SINGULAR_MEMBER_13_END\nCF_SINGULAR_MEMBER_14_END\nCF_SINGULAR_MEMBER_15_END\nCF_SINGULAR_MEMBER_16_END\nCF_SINGULAR_MEMBER_17_END\nCF_SINGULAR_MEMBER_18_END\nCF_SINGULAR_MEMBER_19_END\nCF_SINGULAR_MEMBER_20_END\nCF_SINGULAR_MEMBER_21_END\nCF_SINGULAR_MEMBER_22_END\nCF_SINGULAR_MEMBER_23_END\nCF_SINGULAR_MEMBER_24_END\nCF_SINGULAR_MEMBER_25_END\nCF_SINGULAR_MEMBER_26_END\nCF_SINGULAR_MEMBER_27_END\nCF_SINGULAR_MEMBER_28_END\nCF_SINGULAR_MEMBER_29_END\nCF_SINGULAR_MEMBER_30_END\nCF_SINGULAR_MEMBER_31_END\nCF_SINGULAR_MEMBER_32_END\nCF_NO_SMOOTH_MEMBER\nCF_SCRIPT_COMPLETED_OK\n",
status := "no_smooth_in_batch",
witnessIndex := fail,
witnessVerificationPassed := false ), rec(
exitCode := 0,
numberOfMembersTested := 32,
prime := 13,
singularOutput := "CF_SINGULAR_MEMBER_1_END\nCF_SMOOTH_MEMBER_2_END\nCF_SCRIPT_COMPLETED_OK\n",
status := "smooth",
witnessIndex := 2,
witnessVerificationPassed := true ) ],
member := rec(
coefficients := [ 1, 1, 1, 1, 1, 1, 1, 1, 1, 1, 1, 1, 1, 1, 1, 1, 1 ],
monomialCoefficients := [ 0, 0, 0, 0, 0, 1, 0, 0, 0, 0, 49/4*E(3)^2, 0, 1, 0, 0, 1, 0, 0, 0, 1, 49/4*E(3)^2, 0, 1, 0, 0, 1, 0, 0, 0, 1, 0, 0, 0, 1, 1, 49/4*E(3)^2, 0, 1, 0, 0, 1, 0, 0, 0, 1, 0, 0, 0, 1, 1, 0, 0, 0, 1, 1, 1 ],
polynomial := "x4*x5*x6 + (49/4*E(3)^2)*x3*x6^2 + x3*x5^2 + x3*x4^2 + x3^3 + (49/4*E(3)^2)*x2*x6^2 + x2*x5^2 + x2*x4^2 + x2*x3^2 + x2^2*x3 + x2^3 + (49/4*E(3)^2)*x1*x6^2 + x1*x5^2 + x1*x4^2 + x1*x3^2 + x1*x2*x3 + x1*x2^2 + x1^2*x3 + x1^2*x2 + x1^3" ),
method := "smooth reduction at a good split prime",
status := "smooth",
witnessPrime := 13 ),
isDirectKnownCase := false,
linearGId := [ 24, 10 ],
projectiveGId := [ 8, 3 ],
proofType := "an explicit member of the invariant cubic family is smooth",
smoothPolynomial := "x4*x5*x6 + (49/4*E(3)^2)*x3*x6^2 + x3*x5^2 + x3*x4^2 + x3^3 + (49/4*E(3)^2)*x2*x6^2 + x2*x5^2 + x2*x4^2 + x2*x3^2 + x2^2*x3 + x2^3 + (49/4*E(3)^2)*x1*x6^2 + x1*x5^2 + x1*x4^2 + x1*x3^2 + x1*x2*x3 + x1*x2^2 + x1^2*x3 + x1^2*x2 + x1^3",
status := "smooth",
symplecticPart := "C2^2",
testedCoefficientCandidates := [ [ 2, 5, 10, 17, 26, 37, 50, 65, 82, 101, 122, 145, 170, 197, 226, 257, 290 ], [ 1, 1, 1, 1, 1, 1, 1, 1, 1, 1, 1, 1, 1, 1, 1, 1, 1 ], [ 1, 2, 3, 4, 5, 6, 7, 8, 9, 10, 11, 12, 13, 14, 15, 16, 17 ], [ 1, -2, 3, -4, 5, -6, 7, -8, 9, -10, 11, -12, 13, -14, 15, -16, 17 ], [ 1, 0, 0, 0, 0, 0, 0, 0, -1, 0, 0, 0, 0, 0, 0, 0, 3 ], [ 1, 0, 0, 0, 0, 0, 0, 0, 0, 0, 0, 0, 0, 0, 0, 0, 0 ], [ 0, 1, 0, 0, 0, 0, 0, 0, 0, 0, 0, 0, 0, 0, 0, 0, 0 ], [ 0, 0, 1, 0, 0, 0, 0, 0, 0, 0, 0, 0, 0, 0, 0, 0, 0 ], [ 0, 0, 0, 1, 0, 0, 0, 0, 0, 0, 0, 0, 0, 0, 0, 0, 0 ], [ 0, 0, 0, 0, 1, 0, 0, 0, 0, 0, 0, 0, 0, 0, 0, 0, 0 ], [ 0, 0, 0, 0, 0, 1, 0, 0, 0, 0, 0, 0, 0, 0, 0, 0, 0 ], [ 0, 0, 0, 0, 0, 0, 1, 0, 0, 0, 0, 0, 0, 0, 0, 0, 0 ], [ 0, 0, 0, 0, 0, 0, 0, 1, 0, 0, 0, 0, 0, 0, 0, 0, 0 ], [ 0, 0, 0, 0, 0, 0, 0, 0, 1, 0, 0, 0, 0, 0, 0, 0, 0 ], [ 0, 0, 0, 0, 0, 0, 0, 0, 0, 1, 0, 0, 0, 0, 0, 0, 0 ], [ 0, 0, 0, 0, 0, 0, 0, 0, 0, 0, 1, 0, 0, 0, 0, 0, 0 ], [ 0, 0, 0, 0, 0, 0, 0, 0, 0, 0, 0, 1, 0, 0, 0, 0, 0 ], [ 0, 0, 0, 0, 0, 0, 0, 0, 0, 0, 0, 0, 1, 0, 0, 0, 0 ], [ 0, 0, 0, 0, 0, 0, 0, 0, 0, 0, 0, 0, 0, 1, 0, 0, 0 ], [ 0, 0, 0, 0, 0, 0, 0, 0, 0, 0, 0, 0, 0, 0, 1, 0, 0 ], [ 0, 0, 0, 0, 0, 0, 0, 0, 0, 0, 0, 0, 0, 0, 0, 1, 0 ], [ 0, 0, 0, 0, 0, 0, 0, 0, 0, 0, 0, 0, 0, 0, 0, 0, 1 ], [ 1, 1, 0, 0, 0, 0, 0, 0, 0, 0, 0, 0, 0, 0, 0, 0, 0 ], [ 1, -1, 0, 0, 0, 0, 0, 0, 0, 0, 0, 0, 0, 0, 0, 0, 0 ], [ 1, 0, 1, 0, 0, 0, 0, 0, 0, 0, 0, 0, 0, 0, 0, 0, 0 ], [ 1, 0, -1, 0, 0, 0, 0, 0, 0, 0, 0, 0, 0, 0, 0, 0, 0 ], [ 1, 0, 0, 1, 0, 0, 0, 0, 0, 0, 0, 0, 0, 0, 0, 0, 0 ], [ 1, 0, 0, -1, 0, 0, 0, 0, 0, 0, 0, 0, 0, 0, 0, 0, 0 ], [ 1, 0, 0, 0, 1, 0, 0, 0, 0, 0, 0, 0, 0, 0, 0, 0, 0 ], [ 1, 0, 0, 0, -1, 0, 0, 0, 0, 0, 0, 0, 0, 0, 0, 0, 0 ], [ 1, 0, 0, 0, 0, 1, 0, 0, 0, 0, 0, 0, 0, 0, 0, 0, 0 ], [ 1, 0, 0, 0, 0, -1, 0, 0, 0, 0, 0, 0, 0, 0, 0, 0, 0 ] ] ), rec(
candidateNumber := 40,
centralizerDimension := 5,
commonSingularChart := 1,
componentIndex := 1,
componentLabel := "unique C2^2 component",
cubicInvariantDimension := 5,
determinantImageOrder := 4,
exactCommonLocusTest := rec(
coefficientFieldConductor := 4,
exitCode := 0,
singularChart := 1,
singularOutput := "CF_EXACT_COMMON_SINGULAR_CHART_1\nCF_EXACT_COMMON_SINGULAR_POINT\nCF_SCRIPT_COMPLETED_OK\n",
status := "common_singular_point_exists" ),
familyDimension := 0,
familyIndexWithinCase := 1,
genericIndex := 1,
guessedCoefficients := [ 2, 5, 10, 17, 26 ],
guessedMemberTest := rec(
coefficientCandidates := [ [ 2, 5, 10, 17, 26 ], [ 1, 1, 1, 1, 1 ], [ 1, 2, 3, 4, 5 ], [ 1, -2, 3, -4, 5 ], [ 1, 0, -1, 0, 3 ], [ 1, 0, 0, 0, 0 ], [ 0, 1, 0, 0, 0 ], [ 0, 0, 1, 0, 0 ], [ 0, 0, 0, 1, 0 ], [ 0, 0, 0, 0, 1 ], [ 1, 1, 0, 0, 0 ], [ 1, -1, 0, 0, 0 ], [ 1, 0, 1, 0, 0 ], [ 1, 0, -1, 0, 0 ], [ 1, 0, 0, 1, 0 ], [ 1, 0, 0, -1, 0 ], [ 1, 0, 0, 0, 1 ], [ 1, 0, 0, 0, -1 ], [ 0, 1, 1, 0, 0 ], [ 0, 1, -1, 0, 0 ], [ 0, 1, 0, 1, 0 ], [ 0, 1, 0, -1, 0 ], [ 0, 1, 0, 0, 1 ], [ 0, 1, 0, 0, -1 ], [ 0, 0, 1, 1, 0 ], [ 0, 0, 1, -1, 0 ], [ 0, 0, 1, 0, 1 ], [ 0, 0, 1, 0, -1 ], [ 0, 0, 0, 1, 1 ], [ 0, 0, 0, 1, -1 ], [ 8, -7, -8, -6, 8 ], [ 5, -1, -5, 4, -3 ] ],
coefficientFieldConductor := 4,
exactTrials := [ rec(
coefficients := [ 2, 5, 10, 17, 26 ],
trial := rec(
coefficientFieldConductor := 4,
exitCode := 0,
singularChart := 1,
singularOutput := "CF_EXACT_SINGULAR_CHART_1\nCF_EXACT_SINGULAR\nCF_SCRIPT_COMPLETED_OK\n",
status := "exact_singular" ) ), rec(
coefficients := [ 1, 1, 1, 1, 1 ],
trial := rec(
coefficientFieldConductor := 4,
exitCode := 0,
singularChart := 1,
singularOutput := "CF_EXACT_SINGULAR_CHART_1\nCF_EXACT_SINGULAR\nCF_SCRIPT_COMPLETED_OK\n",
status := "exact_singular" ) ), rec(
coefficients := [ 1, 2, 3, 4, 5 ],
trial := rec(
coefficientFieldConductor := 4,
exitCode := 0,
singularChart := 1,
singularOutput := "CF_EXACT_SINGULAR_CHART_1\nCF_EXACT_SINGULAR\nCF_SCRIPT_COMPLETED_OK\n",
status := "exact_singular" ) ), rec(
coefficients := [ 1, -2, 3, -4, 5 ],
trial := rec(
coefficientFieldConductor := 4,
exitCode := 0,
singularChart := 1,
singularOutput := "CF_EXACT_SINGULAR_CHART_1\nCF_EXACT_SINGULAR\nCF_SCRIPT_COMPLETED_OK\n",
status := "exact_singular" ) ), rec(
coefficients := [ 1, 0, -1, 0, 3 ],
trial := rec(
coefficientFieldConductor := 4,
exitCode := 0,
singularChart := 1,
singularOutput := "CF_EXACT_SINGULAR_CHART_1\nCF_EXACT_SINGULAR\nCF_SCRIPT_COMPLETED_OK\n",
status := "exact_singular" ) ), rec(
coefficients := [ 1, 0, 0, 0, 0 ],
trial := rec(
coefficientFieldConductor := 4,
exitCode := 0,
singularChart := 1,
singularOutput := "CF_EXACT_SINGULAR_CHART_1\nCF_EXACT_SINGULAR\nCF_SCRIPT_COMPLETED_OK\n",
status := "exact_singular" ) ) ],
finiteFieldTrials := [ rec(
exitCode := 0,
numberOfMembersTested := 32,
prime := 5,
singularOutput := "CF_SINGULAR_MEMBER_1_END\nCF_SINGULAR_MEMBER_2_END\nCF_SINGULAR_MEMBER_3_END\nCF_SINGULAR_MEMBER_4_END\nCF_SINGULAR_MEMBER_5_END\nCF_SINGULAR_MEMBER_6_END\nCF_SINGULAR_MEMBER_7_END\nCF_SINGULAR_MEMBER_8_END\nCF_SINGULAR_MEMBER_9_END\nCF_SINGULAR_MEMBER_10_END\nCF_SINGULAR_MEMBER_11_END\nCF_SINGULAR_MEMBER_12_END\nCF_SINGULAR_MEMBER_13_END\nCF_SINGULAR_MEMBER_14_END\nCF_SINGULAR_MEMBER_15_END\nCF_SINGULAR_MEMBER_16_END\nCF_SINGULAR_MEMBER_17_END\nCF_SINGULAR_MEMBER_18_END\nCF_SINGULAR_MEMBER_19_END\nCF_SINGULAR_MEMBER_20_END\nCF_SINGULAR_MEMBER_21_END\nCF_SINGULAR_MEMBER_22_END\nCF_SINGULAR_MEMBER_23_END\nCF_SINGULAR_MEMBER_24_END\nCF_SINGULAR_MEMBER_25_END\nCF_SINGULAR_MEMBER_26_END\nCF_SINGULAR_MEMBER_27_END\nCF_SINGULAR_MEMBER_28_END\nCF_SINGULAR_MEMBER_29_END\nCF_SINGULAR_MEMBER_30_END\nCF_SINGULAR_MEMBER_31_END\nCF_SINGULAR_MEMBER_32_END\nCF_NO_SMOOTH_MEMBER\nCF_SCRIPT_COMPLETED_OK\n",
status := "no_smooth_in_batch",
witnessIndex := fail,
witnessVerificationPassed := false ), rec(
exitCode := 0,
numberOfMembersTested := 32,
prime := 17,
singularOutput := "CF_SINGULAR_MEMBER_1_END\nCF_SINGULAR_MEMBER_2_END\nCF_SINGULAR_MEMBER_3_END\nCF_SINGULAR_MEMBER_4_END\nCF_SINGULAR_MEMBER_5_END\nCF_SINGULAR_MEMBER_6_END\nCF_SINGULAR_MEMBER_7_END\nCF_SINGULAR_MEMBER_8_END\nCF_SINGULAR_MEMBER_9_END\nCF_SINGULAR_MEMBER_10_END\nCF_SINGULAR_MEMBER_11_END\nCF_SINGULAR_MEMBER_12_END\nCF_SINGULAR_MEMBER_13_END\nCF_SINGULAR_MEMBER_14_END\nCF_SINGULAR_MEMBER_15_END\nCF_SINGULAR_MEMBER_16_END\nCF_SINGULAR_MEMBER_17_END\nCF_SINGULAR_MEMBER_18_END\nCF_SINGULAR_MEMBER_19_END\nCF_SINGULAR_MEMBER_20_END\nCF_SINGULAR_MEMBER_21_END\nCF_SINGULAR_MEMBER_22_END\nCF_SINGULAR_MEMBER_23_END\nCF_SINGULAR_MEMBER_24_END\nCF_SINGULAR_MEMBER_25_END\nCF_SINGULAR_MEMBER_26_END\nCF_SINGULAR_MEMBER_27_END\nCF_SINGULAR_MEMBER_28_END\nCF_SINGULAR_MEMBER_29_END\nCF_SINGULAR_MEMBER_30_END\nCF_SINGULAR_MEMBER_31_END\nCF_SINGULAR_MEMBER_32_END\nCF_NO_SMOOTH_MEMBER\nCF_SCRIPT_COMPLETED_OK\n",
status := "no_smooth_in_batch",
witnessIndex := fail,
witnessVerificationPassed := false ), rec(
exitCode := 0,
numberOfMembersTested := 32,
prime := 29,
singularOutput := "CF_SINGULAR_MEMBER_1_END\nCF_SINGULAR_MEMBER_2_END\nCF_SINGULAR_MEMBER_3_END\nCF_SINGULAR_MEMBER_4_END\nCF_SINGULAR_MEMBER_5_END\nCF_SINGULAR_MEMBER_6_END\nCF_SINGULAR_MEMBER_7_END\nCF_SINGULAR_MEMBER_8_END\nCF_SINGULAR_MEMBER_9_END\nCF_SINGULAR_MEMBER_10_END\nCF_SINGULAR_MEMBER_11_END\nCF_SINGULAR_MEMBER_12_END\nCF_SINGULAR_MEMBER_13_END\nCF_SINGULAR_MEMBER_14_END\nCF_SINGULAR_MEMBER_15_END\nCF_SINGULAR_MEMBER_16_END\nCF_SINGULAR_MEMBER_17_END\nCF_SINGULAR_MEMBER_18_END\nCF_SINGULAR_MEMBER_19_END\nCF_SINGULAR_MEMBER_20_END\nCF_SINGULAR_MEMBER_21_END\nCF_SINGULAR_MEMBER_22_END\nCF_SINGULAR_MEMBER_23_END\nCF_SINGULAR_MEMBER_24_END\nCF_SINGULAR_MEMBER_25_END\nCF_SINGULAR_MEMBER_26_END\nCF_SINGULAR_MEMBER_27_END\nCF_SINGULAR_MEMBER_28_END\nCF_SINGULAR_MEMBER_29_END\nCF_SINGULAR_MEMBER_30_END\nCF_SINGULAR_MEMBER_31_END\nCF_SINGULAR_MEMBER_32_END\nCF_NO_SMOOTH_MEMBER\nCF_SCRIPT_COMPLETED_OK\n",
status := "no_smooth_in_batch",
witnessIndex := fail,
witnessVerificationPassed := false ) ],
method := "deterministic coefficient batch",
status := "no_smooth_witness" ),
guessedPolynomial := "(15/26)*x3*x6^2 + (8335/8316-710/101871*E(4))*x3*x5^2 + (8335/4158+2485/4752*E(4))*x3*x4^2 + (-2796265/3147456)*x3^3 + (16/13)*x2*x6^2 + (10145/4158+1420/101871*E(4))*x2*x5^2 + (10145/2079-2485/2376*E(4))*x2*x4^2 + (-710524/147537)*x2*x3^2 + (-819707/98358)*x2^2*x3 + (-662000/147537)*x2^3 + (2)*x1*x6^2 + (5)*x1*x5^2 + (10)*x1*x4^2 + (-895133/181584)*x1*x3^2 + (-208555/15132)*x1*x2*x3 + (-75766/11349)*x1*x2^2 + (211/194)*x1^2*x3 + (17)*x1^2*x2 + (26)*x1^3",
isDirectKnownCase := false,
linearGId := [ 48, 24 ],
projectiveGId := [ 16, 6 ],
proofType := "the invariant basis has a nonempty exact common projective Jacobian locus",
status := "singular",
symplecticPart := "C2^2",
testedCoefficientCandidates := [ [ 2, 5, 10, 17, 26 ], [ 1, 1, 1, 1, 1 ], [ 1, 2, 3, 4, 5 ], [ 1, -2, 3, -4, 5 ], [ 1, 0, -1, 0, 3 ], [ 1, 0, 0, 0, 0 ], [ 0, 1, 0, 0, 0 ], [ 0, 0, 1, 0, 0 ], [ 0, 0, 0, 1, 0 ], [ 0, 0, 0, 0, 1 ], [ 1, 1, 0, 0, 0 ], [ 1, -1, 0, 0, 0 ], [ 1, 0, 1, 0, 0 ], [ 1, 0, -1, 0, 0 ], [ 1, 0, 0, 1, 0 ], [ 1, 0, 0, -1, 0 ], [ 1, 0, 0, 0, 1 ], [ 1, 0, 0, 0, -1 ], [ 0, 1, 1, 0, 0 ], [ 0, 1, -1, 0, 0 ], [ 0, 1, 0, 1, 0 ], [ 0, 1, 0, -1, 0 ], [ 0, 1, 0, 0, 1 ], [ 0, 1, 0, 0, -1 ], [ 0, 0, 1, 1, 0 ], [ 0, 0, 1, -1, 0 ], [ 0, 0, 1, 0, 1 ], [ 0, 0, 1, 0, -1 ], [ 0, 0, 0, 1, 1 ], [ 0, 0, 0, 1, -1 ], [ 8, -7, -8, -6, 8 ], [ 5, -1, -5, 4, -3 ] ] ), rec(
candidateNumber := 41,
centralizerDimension := 5,
commonSingularChart := 4,
componentIndex := 1,
componentLabel := "unique C2^2 component",
cubicInvariantDimension := 5,
determinantImageOrder := 4,
exactCommonLocusTest := rec(
coefficientFieldConductor := 4,
exitCode := 0,
singularChart := 4,
singularOutput := "CF_EXACT_COMMON_SINGULAR_CHART_4\nCF_EXACT_COMMON_SINGULAR_POINT\nCF_SCRIPT_COMPLETED_OK\n",
status := "common_singular_point_exists" ),
familyDimension := 0,
familyIndexWithinCase := 2,
genericIndex := 1,
guessedCoefficients := [ 2, 5, 10, 17, 26 ],
guessedMemberTest := rec(
coefficientCandidates := [ [ 2, 5, 10, 17, 26 ], [ 1, 1, 1, 1, 1 ], [ 1, 2, 3, 4, 5 ], [ 1, -2, 3, -4, 5 ], [ 1, 0, -1, 0, 3 ], [ 1, 0, 0, 0, 0 ], [ 0, 1, 0, 0, 0 ], [ 0, 0, 1, 0, 0 ], [ 0, 0, 0, 1, 0 ], [ 0, 0, 0, 0, 1 ], [ 1, 1, 0, 0, 0 ], [ 1, -1, 0, 0, 0 ], [ 1, 0, 1, 0, 0 ], [ 1, 0, -1, 0, 0 ], [ 1, 0, 0, 1, 0 ], [ 1, 0, 0, -1, 0 ], [ 1, 0, 0, 0, 1 ], [ 1, 0, 0, 0, -1 ], [ 0, 1, 1, 0, 0 ], [ 0, 1, -1, 0, 0 ], [ 0, 1, 0, 1, 0 ], [ 0, 1, 0, -1, 0 ], [ 0, 1, 0, 0, 1 ], [ 0, 1, 0, 0, -1 ], [ 0, 0, 1, 1, 0 ], [ 0, 0, 1, -1, 0 ], [ 0, 0, 1, 0, 1 ], [ 0, 0, 1, 0, -1 ], [ 0, 0, 0, 1, 1 ], [ 0, 0, 0, 1, -1 ], [ 8, -7, -8, -6, 8 ], [ 5, -1, -5, 4, -3 ] ],
coefficientFieldConductor := 4,
exactTrials := [ rec(
coefficients := [ 2, 5, 10, 17, 26 ],
trial := rec(
coefficientFieldConductor := 4,
exitCode := 0,
singularChart := 1,
singularOutput := "CF_EXACT_SINGULAR_CHART_1\nCF_EXACT_SINGULAR\nCF_SCRIPT_COMPLETED_OK\n",
status := "exact_singular" ) ), rec(
coefficients := [ 1, 1, 1, 1, 1 ],
trial := rec(
coefficientFieldConductor := 4,
exitCode := 0,
singularChart := 1,
singularOutput := "CF_EXACT_SINGULAR_CHART_1\nCF_EXACT_SINGULAR\nCF_SCRIPT_COMPLETED_OK\n",
status := "exact_singular" ) ), rec(
coefficients := [ 1, 2, 3, 4, 5 ],
trial := rec(
coefficientFieldConductor := 4,
exitCode := 0,
singularChart := 1,
singularOutput := "CF_EXACT_SINGULAR_CHART_1\nCF_EXACT_SINGULAR\nCF_SCRIPT_COMPLETED_OK\n",
status := "exact_singular" ) ), rec(
coefficients := [ 1, -2, 3, -4, 5 ],
trial := rec(
coefficientFieldConductor := 4,
exitCode := 0,
singularChart := 1,
singularOutput := "CF_EXACT_SINGULAR_CHART_1\nCF_EXACT_SINGULAR\nCF_SCRIPT_COMPLETED_OK\n",
status := "exact_singular" ) ), rec(
coefficients := [ 1, 0, -1, 0, 3 ],
trial := rec(
coefficientFieldConductor := 4,
exitCode := 0,
singularChart := 1,
singularOutput := "CF_EXACT_SINGULAR_CHART_1\nCF_EXACT_SINGULAR\nCF_SCRIPT_COMPLETED_OK\n",
status := "exact_singular" ) ), rec(
coefficients := [ 1, 0, 0, 0, 0 ],
trial := rec(
coefficientFieldConductor := 4,
exitCode := 0,
singularChart := 1,
singularOutput := "CF_EXACT_SINGULAR_CHART_1\nCF_EXACT_SINGULAR\nCF_SCRIPT_COMPLETED_OK\n",
status := "exact_singular" ) ) ],
finiteFieldTrials := [ rec(
exitCode := 0,
numberOfMembersTested := 32,
prime := 17,
singularOutput := "CF_SINGULAR_MEMBER_1_END\nCF_SINGULAR_MEMBER_2_END\nCF_SINGULAR_MEMBER_3_END\nCF_SINGULAR_MEMBER_4_END\nCF_SINGULAR_MEMBER_5_END\nCF_SINGULAR_MEMBER_6_END\nCF_SINGULAR_MEMBER_7_END\nCF_SINGULAR_MEMBER_8_END\nCF_SINGULAR_MEMBER_9_END\nCF_SINGULAR_MEMBER_10_END\nCF_SINGULAR_MEMBER_11_END\nCF_SINGULAR_MEMBER_12_END\nCF_SINGULAR_MEMBER_13_END\nCF_SINGULAR_MEMBER_14_END\nCF_SINGULAR_MEMBER_15_END\nCF_SINGULAR_MEMBER_16_END\nCF_SINGULAR_MEMBER_17_END\nCF_SINGULAR_MEMBER_18_END\nCF_SINGULAR_MEMBER_19_END\nCF_SINGULAR_MEMBER_20_END\nCF_SINGULAR_MEMBER_21_END\nCF_SINGULAR_MEMBER_22_END\nCF_SINGULAR_MEMBER_23_END\nCF_SINGULAR_MEMBER_24_END\nCF_SINGULAR_MEMBER_25_END\nCF_SINGULAR_MEMBER_26_END\nCF_SINGULAR_MEMBER_27_END\nCF_SINGULAR_MEMBER_28_END\nCF_SINGULAR_MEMBER_29_END\nCF_SINGULAR_MEMBER_30_END\nCF_SINGULAR_MEMBER_31_END\nCF_SINGULAR_MEMBER_32_END\nCF_NO_SMOOTH_MEMBER\nCF_SCRIPT_COMPLETED_OK\n",
status := "no_smooth_in_batch",
witnessIndex := fail,
witnessVerificationPassed := false ), rec(
exitCode := 0,
numberOfMembersTested := 32,
prime := 29,
singularOutput := "CF_SINGULAR_MEMBER_1_END\nCF_SINGULAR_MEMBER_2_END\nCF_SINGULAR_MEMBER_3_END\nCF_SINGULAR_MEMBER_4_END\nCF_SINGULAR_MEMBER_5_END\nCF_SINGULAR_MEMBER_6_END\nCF_SINGULAR_MEMBER_7_END\nCF_SINGULAR_MEMBER_8_END\nCF_SINGULAR_MEMBER_9_END\nCF_SINGULAR_MEMBER_10_END\nCF_SINGULAR_MEMBER_11_END\nCF_SINGULAR_MEMBER_12_END\nCF_SINGULAR_MEMBER_13_END\nCF_SINGULAR_MEMBER_14_END\nCF_SINGULAR_MEMBER_15_END\nCF_SINGULAR_MEMBER_16_END\nCF_SINGULAR_MEMBER_17_END\nCF_SINGULAR_MEMBER_18_END\nCF_SINGULAR_MEMBER_19_END\nCF_SINGULAR_MEMBER_20_END\nCF_SINGULAR_MEMBER_21_END\nCF_SINGULAR_MEMBER_22_END\nCF_SINGULAR_MEMBER_23_END\nCF_SINGULAR_MEMBER_24_END\nCF_SINGULAR_MEMBER_25_END\nCF_SINGULAR_MEMBER_26_END\nCF_SINGULAR_MEMBER_27_END\nCF_SINGULAR_MEMBER_28_END\nCF_SINGULAR_MEMBER_29_END\nCF_SINGULAR_MEMBER_30_END\nCF_SINGULAR_MEMBER_31_END\nCF_SINGULAR_MEMBER_32_END\nCF_NO_SMOOTH_MEMBER\nCF_SCRIPT_COMPLETED_OK\n",
status := "no_smooth_in_batch",
witnessIndex := fail,
witnessVerificationPassed := false ), rec(
exitCode := 0,
numberOfMembersTested := 32,
prime := 37,
singularOutput := "CF_SINGULAR_MEMBER_1_END\nCF_SINGULAR_MEMBER_2_END\nCF_SINGULAR_MEMBER_3_END\nCF_SINGULAR_MEMBER_4_END\nCF_SINGULAR_MEMBER_5_END\nCF_SINGULAR_MEMBER_6_END\nCF_SINGULAR_MEMBER_7_END\nCF_SINGULAR_MEMBER_8_END\nCF_SINGULAR_MEMBER_9_END\nCF_SINGULAR_MEMBER_10_END\nCF_SINGULAR_MEMBER_11_END\nCF_SINGULAR_MEMBER_12_END\nCF_SINGULAR_MEMBER_13_END\nCF_SINGULAR_MEMBER_14_END\nCF_SINGULAR_MEMBER_15_END\nCF_SINGULAR_MEMBER_16_END\nCF_SINGULAR_MEMBER_17_END\nCF_SINGULAR_MEMBER_18_END\nCF_SINGULAR_MEMBER_19_END\nCF_SINGULAR_MEMBER_20_END\nCF_SINGULAR_MEMBER_21_END\nCF_SINGULAR_MEMBER_22_END\nCF_SINGULAR_MEMBER_23_END\nCF_SINGULAR_MEMBER_24_END\nCF_SINGULAR_MEMBER_25_END\nCF_SINGULAR_MEMBER_26_END\nCF_SINGULAR_MEMBER_27_END\nCF_SINGULAR_MEMBER_28_END\nCF_SINGULAR_MEMBER_29_END\nCF_SINGULAR_MEMBER_30_END\nCF_SINGULAR_MEMBER_31_END\nCF_SINGULAR_MEMBER_32_END\nCF_NO_SMOOTH_MEMBER\nCF_SCRIPT_COMPLETED_OK\n",
status := "no_smooth_in_batch",
witnessIndex := fail,
witnessVerificationPassed := false ) ],
method := "deterministic coefficient batch",
status := "no_smooth_witness" ),
guessedPolynomial := "(392/99)*x3*x6^2 + (-1780/5733*E(4))*x3*x5^2 + (445/117)*x3*x4^2 + (57300284/637065)*x3^3 + (-608/99)*x2*x6^2 + (1480/5733*E(4))*x2*x5^2 + (-370/117)*x2*x4^2 + (352083674/212355)*x2*x3^2 + (-51313233/7865)*x2^2*x3 + (-18647538847/1274130)*x2^3 + (2)*x1*x6^2 + (-20/49*E(4))*x1*x5^2 + (5)*x1*x4^2 + (204800/4719)*x1*x3^2 + (10344238/4719)*x1*x2*x3 + (7094723/3146)*x1*x2^2 + (10)*x1^2*x3 + (17)*x1^2*x2 + (26)*x1^3",
isDirectKnownCase := false,
linearGId := [ 48, 24 ],
projectiveGId := [ 16, 6 ],
proofType := "the invariant basis has a nonempty exact common projective Jacobian locus",
status := "singular",
symplecticPart := "C2^2",
testedCoefficientCandidates := [ [ 2, 5, 10, 17, 26 ], [ 1, 1, 1, 1, 1 ], [ 1, 2, 3, 4, 5 ], [ 1, -2, 3, -4, 5 ], [ 1, 0, -1, 0, 3 ], [ 1, 0, 0, 0, 0 ], [ 0, 1, 0, 0, 0 ], [ 0, 0, 1, 0, 0 ], [ 0, 0, 0, 1, 0 ], [ 0, 0, 0, 0, 1 ], [ 1, 1, 0, 0, 0 ], [ 1, -1, 0, 0, 0 ], [ 1, 0, 1, 0, 0 ], [ 1, 0, -1, 0, 0 ], [ 1, 0, 0, 1, 0 ], [ 1, 0, 0, -1, 0 ], [ 1, 0, 0, 0, 1 ], [ 1, 0, 0, 0, -1 ], [ 0, 1, 1, 0, 0 ], [ 0, 1, -1, 0, 0 ], [ 0, 1, 0, 1, 0 ], [ 0, 1, 0, -1, 0 ], [ 0, 1, 0, 0, 1 ], [ 0, 1, 0, 0, -1 ], [ 0, 0, 1, 1, 0 ], [ 0, 0, 1, -1, 0 ], [ 0, 0, 1, 0, 1 ], [ 0, 0, 1, 0, -1 ], [ 0, 0, 0, 1, 1 ], [ 0, 0, 0, 1, -1 ], [ 8, -7, -8, -6, 8 ], [ 5, -1, -5, 4, -3 ] ] ), rec(
candidateNumber := 42,
centralizerDimension := 5,
commonPointChecks := 4056,
commonPointLimitReached := false,
componentIndex := 1,
componentLabel := "unique C2^2 component",
cubicInvariantDimension := 6,
determinantImageOrder := 4,
exactCommonLocusTest := rec(
coefficientFieldConductor := 4,
exitCode := 0,
singularChart := fail,
singularOutput := "CF_NO_COMMON_SINGULAR_POINT\nCF_SCRIPT_COMPLETED_OK\n",
status := "no_common_singular_point" ),
familyDimension := 1,
familyIndexWithinCase := 3,
genericIndex := 1,
guessedCoefficients := [ 2, 5, 10, 17, 26, 37 ],
guessedMemberTest := rec(
coefficientCandidates := [ [ 2, 5, 10, 17, 26, 37 ], [ 1, 1, 1, 1, 1, 1 ], [ 1, 2, 3, 4, 5, 6 ], [ 1, -2, 3, -4, 5, -6 ], [ 1, 0, -1, 0, 0, 3 ], [ 1, 0, 0, 0, 0, 0 ], [ 0, 1, 0, 0, 0, 0 ], [ 0, 0, 1, 0, 0, 0 ], [ 0, 0, 0, 1, 0, 0 ], [ 0, 0, 0, 0, 1, 0 ], [ 0, 0, 0, 0, 0, 1 ], [ 1, 1, 0, 0, 0, 0 ], [ 1, -1, 0, 0, 0, 0 ], [ 1, 0, 1, 0, 0, 0 ], [ 1, 0, -1, 0, 0, 0 ], [ 1, 0, 0, 1, 0, 0 ], [ 1, 0, 0, -1, 0, 0 ], [ 1, 0, 0, 0, 1, 0 ], [ 1, 0, 0, 0, -1, 0 ], [ 1, 0, 0, 0, 0, 1 ], [ 1, 0, 0, 0, 0, -1 ], [ 0, 1, 1, 0, 0, 0 ], [ 0, 1, -1, 0, 0, 0 ], [ 0, 1, 0, 1, 0, 0 ], [ 0, 1, 0, -1, 0, 0 ], [ 0, 1, 0, 0, 1, 0 ], [ 0, 1, 0, 0, -1, 0 ], [ 0, 1, 0, 0, 0, 1 ], [ 0, 1, 0, 0, 0, -1 ], [ 0, 0, 1, 1, 0, 0 ], [ 0, 0, 1, -1, 0, 0 ], [ 0, 0, 1, 0, 1, 0 ] ],
coefficientFieldConductor := 4,
exactTrials := [ rec(
coefficients := [ 2, 5, 10, 17, 26, 37 ],
trial := rec(
coefficientFieldConductor := 4,
exitCode := 0,
singularChart := 1,
singularOutput := "CF_EXACT_SINGULAR_CHART_1\nCF_EXACT_SINGULAR\nCF_SCRIPT_COMPLETED_OK\n",
status := "exact_singular" ) ), rec(
coefficients := [ 1, 1, 1, 1, 1, 1 ],
trial := rec(
coefficientFieldConductor := 4,
exitCode := 0,
singularChart := 1,
singularOutput := "CF_EXACT_SINGULAR_CHART_1\nCF_EXACT_SINGULAR\nCF_SCRIPT_COMPLETED_OK\n",
status := "exact_singular" ) ), rec(
coefficients := [ 1, 2, 3, 4, 5, 6 ],
trial := rec(
coefficientFieldConductor := 4,
exitCode := 0,
singularChart := 1,
singularOutput := "CF_EXACT_SINGULAR_CHART_1\nCF_EXACT_SINGULAR\nCF_SCRIPT_COMPLETED_OK\n",
status := "exact_singular" ) ), rec(
coefficients := [ 1, -2, 3, -4, 5, -6 ],
trial := rec(
coefficientFieldConductor := 4,
exitCode := 0,
singularChart := 1,
singularOutput := "CF_EXACT_SINGULAR_CHART_1\nCF_EXACT_SINGULAR\nCF_SCRIPT_COMPLETED_OK\n",
status := "exact_singular" ) ), rec(
coefficients := [ 1, 0, -1, 0, 0, 3 ],
trial := rec(
coefficientFieldConductor := 4,
exitCode := 0,
singularChart := 6,
singularOutput := "CF_EXACT_SINGULAR_CHART_6\nCF_EXACT_SINGULAR\nCF_SCRIPT_COMPLETED_OK\n",
status := "exact_singular" ) ), rec(
coefficients := [ 1, 0, 0, 0, 0, 0 ],
trial := rec(
coefficientFieldConductor := 4,
exitCode := 0,
singularChart := 1,
singularOutput := "CF_EXACT_SINGULAR_CHART_1\nCF_EXACT_SINGULAR\nCF_SCRIPT_COMPLETED_OK\n",
status := "exact_singular" ) ) ],
finiteFieldTrials := [ rec(
exitCode := 0,
numberOfMembersTested := 32,
prime := 17,
singularOutput := "CF_SINGULAR_MEMBER_1_END\nCF_SINGULAR_MEMBER_2_END\nCF_SINGULAR_MEMBER_3_END\nCF_SINGULAR_MEMBER_4_END\nCF_SINGULAR_MEMBER_5_END\nCF_SINGULAR_MEMBER_6_END\nCF_SINGULAR_MEMBER_7_END\nCF_SINGULAR_MEMBER_8_END\nCF_SINGULAR_MEMBER_9_END\nCF_SINGULAR_MEMBER_10_END\nCF_SINGULAR_MEMBER_11_END\nCF_SINGULAR_MEMBER_12_END\nCF_SINGULAR_MEMBER_13_END\nCF_SINGULAR_MEMBER_14_END\nCF_SINGULAR_MEMBER_15_END\nCF_SINGULAR_MEMBER_16_END\nCF_SINGULAR_MEMBER_17_END\nCF_SINGULAR_MEMBER_18_END\nCF_SINGULAR_MEMBER_19_END\nCF_SINGULAR_MEMBER_20_END\nCF_SINGULAR_MEMBER_21_END\nCF_SINGULAR_MEMBER_22_END\nCF_SINGULAR_MEMBER_23_END\nCF_SINGULAR_MEMBER_24_END\nCF_SINGULAR_MEMBER_25_END\nCF_SINGULAR_MEMBER_26_END\nCF_SINGULAR_MEMBER_27_END\nCF_SINGULAR_MEMBER_28_END\nCF_SINGULAR_MEMBER_29_END\nCF_SINGULAR_MEMBER_30_END\nCF_SINGULAR_MEMBER_31_END\nCF_SINGULAR_MEMBER_32_END\nCF_NO_SMOOTH_MEMBER\nCF_SCRIPT_COMPLETED_OK\n",
status := "no_smooth_in_batch",
witnessIndex := fail,
witnessVerificationPassed := false ), rec(
exitCode := 0,
numberOfMembersTested := 32,
prime := 29,
singularOutput := "CF_SINGULAR_MEMBER_1_END\nCF_SINGULAR_MEMBER_2_END\nCF_SINGULAR_MEMBER_3_END\nCF_SINGULAR_MEMBER_4_END\nCF_SINGULAR_MEMBER_5_END\nCF_SINGULAR_MEMBER_6_END\nCF_SINGULAR_MEMBER_7_END\nCF_SINGULAR_MEMBER_8_END\nCF_SINGULAR_MEMBER_9_END\nCF_SINGULAR_MEMBER_10_END\nCF_SINGULAR_MEMBER_11_END\nCF_SINGULAR_MEMBER_12_END\nCF_SINGULAR_MEMBER_13_END\nCF_SINGULAR_MEMBER_14_END\nCF_SINGULAR_MEMBER_15_END\nCF_SINGULAR_MEMBER_16_END\nCF_SINGULAR_MEMBER_17_END\nCF_SINGULAR_MEMBER_18_END\nCF_SINGULAR_MEMBER_19_END\nCF_SINGULAR_MEMBER_20_END\nCF_SINGULAR_MEMBER_21_END\nCF_SINGULAR_MEMBER_22_END\nCF_SINGULAR_MEMBER_23_END\nCF_SINGULAR_MEMBER_24_END\nCF_SINGULAR_MEMBER_25_END\nCF_SINGULAR_MEMBER_26_END\nCF_SINGULAR_MEMBER_27_END\nCF_SINGULAR_MEMBER_28_END\nCF_SINGULAR_MEMBER_29_END\nCF_SINGULAR_MEMBER_30_END\nCF_SINGULAR_MEMBER_31_END\nCF_SINGULAR_MEMBER_32_END\nCF_NO_SMOOTH_MEMBER\nCF_SCRIPT_COMPLETED_OK\n",
status := "no_smooth_in_batch",
witnessIndex := fail,
witnessVerificationPassed := false ), rec(
exitCode := 0,
numberOfMembersTested := 32,
prime := 37,
singularOutput := "CF_SINGULAR_MEMBER_1_END\nCF_SINGULAR_MEMBER_2_END\nCF_SINGULAR_MEMBER_3_END\nCF_SINGULAR_MEMBER_4_END\nCF_SINGULAR_MEMBER_5_END\nCF_SINGULAR_MEMBER_6_END\nCF_SINGULAR_MEMBER_7_END\nCF_SINGULAR_MEMBER_8_END\nCF_SINGULAR_MEMBER_9_END\nCF_SINGULAR_MEMBER_10_END\nCF_SINGULAR_MEMBER_11_END\nCF_SINGULAR_MEMBER_12_END\nCF_SINGULAR_MEMBER_13_END\nCF_SINGULAR_MEMBER_14_END\nCF_SINGULAR_MEMBER_15_END\nCF_SINGULAR_MEMBER_16_END\nCF_SINGULAR_MEMBER_17_END\nCF_SINGULAR_MEMBER_18_END\nCF_SINGULAR_MEMBER_19_END\nCF_SINGULAR_MEMBER_20_END\nCF_SINGULAR_MEMBER_21_END\nCF_SINGULAR_MEMBER_22_END\nCF_SINGULAR_MEMBER_23_END\nCF_SINGULAR_MEMBER_24_END\nCF_SINGULAR_MEMBER_25_END\nCF_SINGULAR_MEMBER_26_END\nCF_SINGULAR_MEMBER_27_END\nCF_SINGULAR_MEMBER_28_END\nCF_SINGULAR_MEMBER_29_END\nCF_SINGULAR_MEMBER_30_END\nCF_SINGULAR_MEMBER_31_END\nCF_SINGULAR_MEMBER_32_END\nCF_NO_SMOOTH_MEMBER\nCF_SCRIPT_COMPLETED_OK\n",
status := "no_smooth_in_batch",
witnessIndex := fail,
witnessVerificationPassed := false ) ],
method := "deterministic coefficient batch",
status := "no_smooth_witness" ),
guessedPolynomial := "(2)*x4*x5*x6 + (980/99)*x3*x6^2 + (-21805/234*E(4))*x3*x5^2 + (890/117)*x3*x4^2 + (1210735268/9555975)*x3^3 + (-1520/99)*x2*x6^2 + (9065/117*E(4))*x2*x5^2 + (-740/117)*x2*x4^2 + (7373249813/3185325)*x2*x3^2 + (-19343486953/2123550)*x2^2*x3 + (-773861794463/38223900)*x2^3 + (5)*x1*x6^2 + (-245/2*E(4))*x1*x5^2 + (10)*x1*x4^2 + (9015119/141570)*x1*x3^2 + (24034541/7865)*x1*x2*x3 + (876193793/283140)*x1*x2^2 + (17)*x1^2*x3 + (26)*x1^2*x2 + (37)*x1^3",
isDirectKnownCase := false,
linearGId := [ 48, 24 ],
projectiveGId := [ 16, 6 ],
proofType := "no smooth member or family-wide singularity certificate was found",
status := "unknown",
symplecticPart := "C2^2",
testedCoefficientCandidates := [ [ 2, 5, 10, 17, 26, 37 ], [ 1, 1, 1, 1, 1, 1 ], [ 1, 2, 3, 4, 5, 6 ], [ 1, -2, 3, -4, 5, -6 ], [ 1, 0, -1, 0, 0, 3 ], [ 1, 0, 0, 0, 0, 0 ], [ 0, 1, 0, 0, 0, 0 ], [ 0, 0, 1, 0, 0, 0 ], [ 0, 0, 0, 1, 0, 0 ], [ 0, 0, 0, 0, 1, 0 ], [ 0, 0, 0, 0, 0, 1 ], [ 1, 1, 0, 0, 0, 0 ], [ 1, -1, 0, 0, 0, 0 ], [ 1, 0, 1, 0, 0, 0 ], [ 1, 0, -1, 0, 0, 0 ], [ 1, 0, 0, 1, 0, 0 ], [ 1, 0, 0, -1, 0, 0 ], [ 1, 0, 0, 0, 1, 0 ], [ 1, 0, 0, 0, -1, 0 ], [ 1, 0, 0, 0, 0, 1 ], [ 1, 0, 0, 0, 0, -1 ], [ 0, 1, 1, 0, 0, 0 ], [ 0, 1, -1, 0, 0, 0 ], [ 0, 1, 0, 1, 0, 0 ], [ 0, 1, 0, -1, 0, 0 ], [ 0, 1, 0, 0, 1, 0 ], [ 0, 1, 0, 0, -1, 0 ], [ 0, 1, 0, 0, 0, 1 ], [ 0, 1, 0, 0, 0, -1 ], [ 0, 0, 1, 1, 0, 0 ], [ 0, 0, 1, -1, 0, 0 ], [ 0, 0, 1, 0, 1, 0 ] ] ), rec(
candidateNumber := 43,
centralizerDimension := 7,
commonSingularPoint := [ 0, 0, 0, 1, 0, 0 ],
componentIndex := 1,
componentLabel := "unique C2^2 component",
cubicInvariantDimension := 8,
determinantImageOrder := 4,
familyDimension := 1,
familyIndexWithinCase := 4,
genericIndex := 1,
guessedMemberTest := rec(
status := "not_run" ),
isDirectKnownCase := false,
linearGId := [ 48, 24 ],
linearVariables := [ 4, 5 ],
projectiveGId := [ 16, 6 ],
proofType := "a variable has exponent at most one throughout the family",
status := "singular",
symplecticPart := "C2^2" ), rec(
candidateNumber := 44,
centralizerDimension := 11,
commonSingularPoint := [ 0, 0, 0, 1, 0, 0 ],
componentIndex := 1,
componentLabel := "unique C2^2 component",
cubicInvariantDimension := 13,
determinantImageOrder := 4,
familyDimension := 2,
familyIndexWithinCase := 5,
genericIndex := 1,
guessedMemberTest := rec(
status := "not_run" ),
isDirectKnownCase := false,
linearGId := [ 48, 24 ],
linearVariables := [ 4, 5 ],
projectiveGId := [ 16, 6 ],
proofType := "a variable has exponent at most one throughout the family",
status := "singular",
symplecticPart := "C2^2" ), rec(
candidateNumber := 45,
centralizerDimension := 6,
commonSingularChart := 1,
componentIndex := 1,
componentLabel := "unique C2^2 component",
cubicInvariantDimension := 7,
determinantImageOrder := 6,
exactCommonLocusTest := rec(
coefficientFieldConductor := 1,
exitCode := 0,
singularChart := 1,
singularOutput := "CF_EXACT_COMMON_SINGULAR_CHART_1\nCF_EXACT_COMMON_SINGULAR_POINT\nCF_SCRIPT_COMPLETED_OK\n",
status := "common_singular_point_exists" ),
familyDimension := 1,
familyIndexWithinCase := 1,
genericIndex := 1,
guessedCoefficients := [ 2, 5, 10, 17, 26, 37, 50 ],
guessedMemberTest := rec(
coefficientCandidates := [ [ 2, 5, 10, 17, 26, 37, 50 ], [ 1, 1, 1, 1, 1, 1, 1 ], [ 1, 2, 3, 4, 5, 6, 7 ], [ 1, -2, 3, -4, 5, -6, 7 ], [ 1, 0, 0, -1, 0, 0, 3 ], [ 1, 0, 0, 0, 0, 0, 0 ], [ 0, 1, 0, 0, 0, 0, 0 ], [ 0, 0, 1, 0, 0, 0, 0 ], [ 0, 0, 0, 1, 0, 0, 0 ], [ 0, 0, 0, 0, 1, 0, 0 ], [ 0, 0, 0, 0, 0, 1, 0 ], [ 0, 0, 0, 0, 0, 0, 1 ], [ 1, 1, 0, 0, 0, 0, 0 ], [ 1, -1, 0, 0, 0, 0, 0 ], [ 1, 0, 1, 0, 0, 0, 0 ], [ 1, 0, -1, 0, 0, 0, 0 ], [ 1, 0, 0, 1, 0, 0, 0 ], [ 1, 0, 0, -1, 0, 0, 0 ], [ 1, 0, 0, 0, 1, 0, 0 ], [ 1, 0, 0, 0, -1, 0, 0 ], [ 1, 0, 0, 0, 0, 1, 0 ], [ 1, 0, 0, 0, 0, -1, 0 ], [ 1, 0, 0, 0, 0, 0, 1 ], [ 1, 0, 0, 0, 0, 0, -1 ], [ 0, 1, 1, 0, 0, 0, 0 ], [ 0, 1, -1, 0, 0, 0, 0 ], [ 0, 1, 0, 1, 0, 0, 0 ], [ 0, 1, 0, -1, 0, 0, 0 ], [ 0, 1, 0, 0, 1, 0, 0 ], [ 0, 1, 0, 0, -1, 0, 0 ], [ 0, 1, 0, 0, 0, 1, 0 ], [ 0, 1, 0, 0, 0, -1, 0 ] ],
coefficientFieldConductor := 1,
exactTrials := [ rec(
coefficients := [ 2, 5, 10, 17, 26, 37, 50 ],
trial := rec(
coefficientFieldConductor := 1,
exitCode := 0,
singularChart := 1,
singularOutput := "CF_EXACT_SINGULAR_CHART_1\nCF_EXACT_SINGULAR\nCF_SCRIPT_COMPLETED_OK\n",
status := "exact_singular" ) ), rec(
coefficients := [ 1, 1, 1, 1, 1, 1, 1 ],
trial := rec(
coefficientFieldConductor := 1,
exitCode := 0,
singularChart := 1,
singularOutput := "CF_EXACT_SINGULAR_CHART_1\nCF_EXACT_SINGULAR\nCF_SCRIPT_COMPLETED_OK\n",
status := "exact_singular" ) ), rec(
coefficients := [ 1, 2, 3, 4, 5, 6, 7 ],
trial := rec(
coefficientFieldConductor := 1,
exitCode := 0,
singularChart := 1,
singularOutput := "CF_EXACT_SINGULAR_CHART_1\nCF_EXACT_SINGULAR\nCF_SCRIPT_COMPLETED_OK\n",
status := "exact_singular" ) ), rec(
coefficients := [ 1, -2, 3, -4, 5, -6, 7 ],
trial := rec(
coefficientFieldConductor := 1,
exitCode := 0,
singularChart := 1,
singularOutput := "CF_EXACT_SINGULAR_CHART_1\nCF_EXACT_SINGULAR\nCF_SCRIPT_COMPLETED_OK\n",
status := "exact_singular" ) ), rec(
coefficients := [ 1, 0, 0, -1, 0, 0, 3 ],
trial := rec(
coefficientFieldConductor := 1,
exitCode := 0,
singularChart := 1,
singularOutput := "CF_EXACT_SINGULAR_CHART_1\nCF_EXACT_SINGULAR\nCF_SCRIPT_COMPLETED_OK\n",
status := "exact_singular" ) ), rec(
coefficients := [ 1, 0, 0, 0, 0, 0, 0 ],
trial := rec(
coefficientFieldConductor := 1,
exitCode := 0,
singularChart := 1,
singularOutput := "CF_EXACT_SINGULAR_CHART_1\nCF_EXACT_SINGULAR\nCF_SCRIPT_COMPLETED_OK\n",
status := "exact_singular" ) ) ],
finiteFieldTrials := [ rec(
exitCode := 0,
numberOfMembersTested := 32,
prime := 5,
singularOutput := "CF_SINGULAR_MEMBER_1_END\nCF_SINGULAR_MEMBER_2_END\nCF_SINGULAR_MEMBER_3_END\nCF_SINGULAR_MEMBER_4_END\nCF_SINGULAR_MEMBER_5_END\nCF_SINGULAR_MEMBER_6_END\nCF_SINGULAR_MEMBER_7_END\nCF_SINGULAR_MEMBER_8_END\nCF_SINGULAR_MEMBER_9_END\nCF_SINGULAR_MEMBER_10_END\nCF_SINGULAR_MEMBER_11_END\nCF_SINGULAR_MEMBER_12_END\nCF_SINGULAR_MEMBER_13_END\nCF_SINGULAR_MEMBER_14_END\nCF_SINGULAR_MEMBER_15_END\nCF_SINGULAR_MEMBER_16_END\nCF_SINGULAR_MEMBER_17_END\nCF_SINGULAR_MEMBER_18_END\nCF_SINGULAR_MEMBER_19_END\nCF_SINGULAR_MEMBER_20_END\nCF_SINGULAR_MEMBER_21_END\nCF_SINGULAR_MEMBER_22_END\nCF_SINGULAR_MEMBER_23_END\nCF_SINGULAR_MEMBER_24_END\nCF_SINGULAR_MEMBER_25_END\nCF_SINGULAR_MEMBER_26_END\nCF_SINGULAR_MEMBER_27_END\nCF_SINGULAR_MEMBER_28_END\nCF_SINGULAR_MEMBER_29_END\nCF_SINGULAR_MEMBER_30_END\nCF_SINGULAR_MEMBER_31_END\nCF_SINGULAR_MEMBER_32_END\nCF_NO_SMOOTH_MEMBER\nCF_SCRIPT_COMPLETED_OK\n",
status := "no_smooth_in_batch",
witnessIndex := fail,
witnessVerificationPassed := false ), rec(
exitCode := 0,
numberOfMembersTested := 32,
prime := 7,
singularOutput := "CF_SINGULAR_MEMBER_1_END\nCF_SINGULAR_MEMBER_2_END\nCF_SINGULAR_MEMBER_3_END\nCF_SINGULAR_MEMBER_4_END\nCF_SINGULAR_MEMBER_5_END\nCF_SINGULAR_MEMBER_6_END\nCF_SINGULAR_MEMBER_7_END\nCF_SINGULAR_MEMBER_8_END\nCF_SINGULAR_MEMBER_9_END\nCF_SINGULAR_MEMBER_10_END\nCF_SINGULAR_MEMBER_11_END\nCF_SINGULAR_MEMBER_12_END\nCF_SINGULAR_MEMBER_13_END\nCF_SINGULAR_MEMBER_14_END\nCF_SINGULAR_MEMBER_15_END\nCF_SINGULAR_MEMBER_16_END\nCF_SINGULAR_MEMBER_17_END\nCF_SINGULAR_MEMBER_18_END\nCF_SINGULAR_MEMBER_19_END\nCF_SINGULAR_MEMBER_20_END\nCF_SINGULAR_MEMBER_21_END\nCF_SINGULAR_MEMBER_22_END\nCF_SINGULAR_MEMBER_23_END\nCF_SINGULAR_MEMBER_24_END\nCF_SINGULAR_MEMBER_25_END\nCF_SINGULAR_MEMBER_26_END\nCF_SINGULAR_MEMBER_27_END\nCF_SINGULAR_MEMBER_28_END\nCF_SINGULAR_MEMBER_29_END\nCF_SINGULAR_MEMBER_30_END\nCF_SINGULAR_MEMBER_31_END\nCF_SINGULAR_MEMBER_32_END\nCF_NO_SMOOTH_MEMBER\nCF_SCRIPT_COMPLETED_OK\n",
status := "no_smooth_in_batch",
witnessIndex := fail,
witnessVerificationPassed := false ), rec(
exitCode := 0,
numberOfMembersTested := 32,
prime := 11,
singularOutput := "CF_SINGULAR_MEMBER_1_END\nCF_SINGULAR_MEMBER_2_END\nCF_SINGULAR_MEMBER_3_END\nCF_SINGULAR_MEMBER_4_END\nCF_SINGULAR_MEMBER_5_END\nCF_SINGULAR_MEMBER_6_END\nCF_SINGULAR_MEMBER_7_END\nCF_SINGULAR_MEMBER_8_END\nCF_SINGULAR_MEMBER_9_END\nCF_SINGULAR_MEMBER_10_END\nCF_SINGULAR_MEMBER_11_END\nCF_SINGULAR_MEMBER_12_END\nCF_SINGULAR_MEMBER_13_END\nCF_SINGULAR_MEMBER_14_END\nCF_SINGULAR_MEMBER_15_END\nCF_SINGULAR_MEMBER_16_END\nCF_SINGULAR_MEMBER_17_END\nCF_SINGULAR_MEMBER_18_END\nCF_SINGULAR_MEMBER_19_END\nCF_SINGULAR_MEMBER_20_END\nCF_SINGULAR_MEMBER_21_END\nCF_SINGULAR_MEMBER_22_END\nCF_SINGULAR_MEMBER_23_END\nCF_SINGULAR_MEMBER_24_END\nCF_SINGULAR_MEMBER_25_END\nCF_SINGULAR_MEMBER_26_END\nCF_SINGULAR_MEMBER_27_END\nCF_SINGULAR_MEMBER_28_END\nCF_SINGULAR_MEMBER_29_END\nCF_SINGULAR_MEMBER_30_END\nCF_SINGULAR_MEMBER_31_END\nCF_SINGULAR_MEMBER_32_END\nCF_NO_SMOOTH_MEMBER\nCF_SCRIPT_COMPLETED_OK\n",
status := "no_smooth_in_batch",
witnessIndex := fail,
witnessVerificationPassed := false ) ],
method := "deterministic coefficient batch",
status := "no_smooth_witness" ),
guessedPolynomial := "(2)*x4*x5*x6 + (4459/72)*x3*x6^2 + (4459/1152)*x3*x5^2 + (91/18)*x3*x4^2 + (6923/2916)*x3^3 + (245/4)*x2*x6^2 + (245/64)*x2*x5^2 + (5)*x2*x4^2 + (527/162)*x2*x3^2 + (-31/9)*x2^2*x3 + (10)*x2^3 + (833/4)*x1*x6^2 + (833/64)*x1*x5^2 + (17)*x1*x4^2 + (1063/54)*x1*x3^2 + (62/9)*x1*x2*x3 + (26)*x1*x2^2 + (289/6)*x1^2*x3 + (37)*x1^2*x2 + (50)*x1^3",
isDirectKnownCase := false,
linearGId := [ 72, 47 ],
projectiveGId := [ 24, 13 ],
proofType := "the invariant basis has a nonempty exact common projective Jacobian locus",
status := "singular",
symplecticPart := "C2^2",
testedCoefficientCandidates := [ [ 2, 5, 10, 17, 26, 37, 50 ], [ 1, 1, 1, 1, 1, 1, 1 ], [ 1, 2, 3, 4, 5, 6, 7 ], [ 1, -2, 3, -4, 5, -6, 7 ], [ 1, 0, 0, -1, 0, 0, 3 ], [ 1, 0, 0, 0, 0, 0, 0 ], [ 0, 1, 0, 0, 0, 0, 0 ], [ 0, 0, 1, 0, 0, 0, 0 ], [ 0, 0, 0, 1, 0, 0, 0 ], [ 0, 0, 0, 0, 1, 0, 0 ], [ 0, 0, 0, 0, 0, 1, 0 ], [ 0, 0, 0, 0, 0, 0, 1 ], [ 1, 1, 0, 0, 0, 0, 0 ], [ 1, -1, 0, 0, 0, 0, 0 ], [ 1, 0, 1, 0, 0, 0, 0 ], [ 1, 0, -1, 0, 0, 0, 0 ], [ 1, 0, 0, 1, 0, 0, 0 ], [ 1, 0, 0, -1, 0, 0, 0 ], [ 1, 0, 0, 0, 1, 0, 0 ], [ 1, 0, 0, 0, -1, 0, 0 ], [ 1, 0, 0, 0, 0, 1, 0 ], [ 1, 0, 0, 0, 0, -1, 0 ], [ 1, 0, 0, 0, 0, 0, 1 ], [ 1, 0, 0, 0, 0, 0, -1 ], [ 0, 1, 1, 0, 0, 0, 0 ], [ 0, 1, -1, 0, 0, 0, 0 ], [ 0, 1, 0, 1, 0, 0, 0 ], [ 0, 1, 0, -1, 0, 0, 0 ], [ 0, 1, 0, 0, 1, 0, 0 ], [ 0, 1, 0, 0, -1, 0, 0 ], [ 0, 1, 0, 0, 0, 1, 0 ], [ 0, 1, 0, 0, 0, -1, 0 ] ] ), rec(
candidateNumber := 46,
centralizerDimension := 4,
componentIndex := 1,
componentLabel := "unique C2^2 component",
cubicInvariantDimension := 6,
determinantImageOrder := 6,
familyDimension := 2,
familyIndexWithinCase := 2,
genericIndex := 1,
guessedCoefficients := [ 2, 5, 10, 17, 26, 37 ],
guessedMemberTest := rec(
coefficientCandidates := [ [ 2, 5, 10, 17, 26, 37 ], [ 1, 1, 1, 1, 1, 1 ], [ 1, 2, 3, 4, 5, 6 ], [ 1, -2, 3, -4, 5, -6 ], [ 1, 0, -1, 0, 0, 3 ], [ 1, 0, 0, 0, 0, 0 ], [ 0, 1, 0, 0, 0, 0 ], [ 0, 0, 1, 0, 0, 0 ], [ 0, 0, 0, 1, 0, 0 ], [ 0, 0, 0, 0, 1, 0 ], [ 0, 0, 0, 0, 0, 1 ], [ 1, 1, 0, 0, 0, 0 ], [ 1, -1, 0, 0, 0, 0 ], [ 1, 0, 1, 0, 0, 0 ], [ 1, 0, -1, 0, 0, 0 ], [ 1, 0, 0, 1, 0, 0 ], [ 1, 0, 0, -1, 0, 0 ], [ 1, 0, 0, 0, 1, 0 ], [ 1, 0, 0, 0, -1, 0 ], [ 1, 0, 0, 0, 0, 1 ], [ 1, 0, 0, 0, 0, -1 ], [ 0, 1, 1, 0, 0, 0 ], [ 0, 1, -1, 0, 0, 0 ], [ 0, 1, 0, 1, 0, 0 ], [ 0, 1, 0, -1, 0, 0 ], [ 0, 1, 0, 0, 1, 0 ], [ 0, 1, 0, 0, -1, 0 ], [ 0, 1, 0, 0, 0, 1 ], [ 0, 1, 0, 0, 0, -1 ], [ 0, 0, 1, 1, 0, 0 ], [ 0, 0, 1, -1, 0, 0 ], [ 0, 0, 1, 0, 1, 0 ] ],
coefficientFieldConductor := 3,
exactTrials := [  ],
finiteFieldTrials := [ rec(
exitCode := 0,
numberOfMembersTested := 32,
prime := 19,
singularOutput := "CF_SMOOTH_MEMBER_1_END\nCF_SCRIPT_COMPLETED_OK\n",
status := "smooth",
witnessIndex := 1,
witnessVerificationPassed := true ) ],
member := rec(
coefficients := [ 2, 5, 10, 17, 26, 37 ],
monomialCoefficients := [ 0, 0, 0, 0, 0, 2, 0, 0, 0, 0, -63139/297*E(3)-55931/297*E(3)^2, 0, -32411/2376*E(3)-55931/4752*E(3)^2, 0, 0, -252556/14553*E(3)-216992/14553*E(3)^2, 0, 0, 0, -26537174122/105115725, 285677/594*E(3)+83683/594*E(3)^2, 0, 10723/4752*E(3)+83683/9504*E(3)^2, 0, 0, 81622/2079*E(3)+99404/2079*E(3)^2, 0, 0, 0, 15258236816/11679525, 0, 0, 0, -78257836832/35038575, -8946840212/105115725, -245/2*E(3)-80*E(3)^2, 0, 5, 0, 0, 10, 0, 0, 0, -33070691/141570, 0, 0, 0, 69010534/70785, -12909046/23595, 0, 0, 0, 17, 26, 37 ],
polynomial := "(2)*x4*x5*x6 + (-63139/297*E(3)-55931/297*E(3)^2)*x3*x6^2 + (-32411/2376*E(3)-55931/4752*E(3)^2)*x3*x5^2 + (-252556/14553*E(3)-216992/14553*E(3)^2)*x3*x4^2 + (-26537174122/105115725)*x3^3 + (285677/594*E(3)+83683/594*E(3)^2)*x2*x6^2 + (10723/4752*E(3)+83683/9504*E(3)^2)*x2*x5^2 + (81622/2079*E(3)+99404/2079*E(3)^2)*x2*x4^2 + (15258236816/11679525)*x2*x3^2 + (-78257836832/35038575)*x2^2*x3 + (-8946840212/105115725)*x2^3 + (-245/2*E(3)-80*E(3)^2)*x1*x6^2 + (5)*x1*x5^2 + (10)*x1*x4^2 + (-33070691/141570)*x1*x3^2 + (69010534/70785)*x1*x2*x3 + (-12909046/23595)*x1*x2^2 + (17)*x1^2*x3 + (26)*x1^2*x2 + (37)*x1^3" ),
method := "smooth reduction at a good split prime",
status := "smooth",
witnessPrime := 19 ),
isDirectKnownCase := false,
linearGId := [ 72, 47 ],
projectiveGId := [ 24, 13 ],
proofType := "an explicit member of the invariant cubic family is smooth",
smoothPolynomial := "(2)*x4*x5*x6 + (-63139/297*E(3)-55931/297*E(3)^2)*x3*x6^2 + (-32411/2376*E(3)-55931/4752*E(3)^2)*x3*x5^2 + (-252556/14553*E(3)-216992/14553*E(3)^2)*x3*x4^2 + (-26537174122/105115725)*x3^3 + (285677/594*E(3)+83683/594*E(3)^2)*x2*x6^2 + (10723/4752*E(3)+83683/9504*E(3)^2)*x2*x5^2 + (81622/2079*E(3)+99404/2079*E(3)^2)*x2*x4^2 + (15258236816/11679525)*x2*x3^2 + (-78257836832/35038575)*x2^2*x3 + (-8946840212/105115725)*x2^3 + (-245/2*E(3)-80*E(3)^2)*x1*x6^2 + (5)*x1*x5^2 + (10)*x1*x4^2 + (-33070691/141570)*x1*x3^2 + (69010534/70785)*x1*x2*x3 + (-12909046/23595)*x1*x2^2 + (17)*x1^2*x3 + (26)*x1^2*x2 + (37)*x1^3",
status := "smooth",
symplecticPart := "C2^2",
testedCoefficientCandidates := [ [ 2, 5, 10, 17, 26, 37 ], [ 1, 1, 1, 1, 1, 1 ], [ 1, 2, 3, 4, 5, 6 ], [ 1, -2, 3, -4, 5, -6 ], [ 1, 0, -1, 0, 0, 3 ], [ 1, 0, 0, 0, 0, 0 ], [ 0, 1, 0, 0, 0, 0 ], [ 0, 0, 1, 0, 0, 0 ], [ 0, 0, 0, 1, 0, 0 ], [ 0, 0, 0, 0, 1, 0 ], [ 0, 0, 0, 0, 0, 1 ], [ 1, 1, 0, 0, 0, 0 ], [ 1, -1, 0, 0, 0, 0 ], [ 1, 0, 1, 0, 0, 0 ], [ 1, 0, -1, 0, 0, 0 ], [ 1, 0, 0, 1, 0, 0 ], [ 1, 0, 0, -1, 0, 0 ], [ 1, 0, 0, 0, 1, 0 ], [ 1, 0, 0, 0, -1, 0 ], [ 1, 0, 0, 0, 0, 1 ], [ 1, 0, 0, 0, 0, -1 ], [ 0, 1, 1, 0, 0, 0 ], [ 0, 1, -1, 0, 0, 0 ], [ 0, 1, 0, 1, 0, 0 ], [ 0, 1, 0, -1, 0, 0 ], [ 0, 1, 0, 0, 1, 0 ], [ 0, 1, 0, 0, -1, 0 ], [ 0, 1, 0, 0, 0, 1 ], [ 0, 1, 0, 0, 0, -1 ], [ 0, 0, 1, 1, 0, 0 ], [ 0, 0, 1, -1, 0, 0 ], [ 0, 0, 1, 0, 1, 0 ] ] ), rec(
candidateNumber := 47,
centralizerDimension := 6,
commonSingularChart := 4,
componentIndex := 1,
componentLabel := "unique C2^2 component",
cubicInvariantDimension := 8,
determinantImageOrder := 6,
exactCommonLocusTest := rec(
coefficientFieldConductor := 3,
exitCode := 0,
singularChart := 4,
singularOutput := "CF_EXACT_COMMON_SINGULAR_CHART_4\nCF_EXACT_COMMON_SINGULAR_POINT\nCF_SCRIPT_COMPLETED_OK\n",
status := "common_singular_point_exists" ),
familyDimension := 2,
familyIndexWithinCase := 3,
genericIndex := 1,
guessedCoefficients := [ 2, 5, 10, 17, 26, 37, 50, 65 ],
guessedMemberTest := rec(
coefficientCandidates := [ [ 2, 5, 10, 17, 26, 37, 50, 65 ], [ 1, 1, 1, 1, 1, 1, 1, 1 ], [ 1, 2, 3, 4, 5, 6, 7, 8 ], [ 1, -2, 3, -4, 5, -6, 7, -8 ], [ 1, 0, 0, -1, 0, 0, 0, 3 ], [ 1, 0, 0, 0, 0, 0, 0, 0 ], [ 0, 1, 0, 0, 0, 0, 0, 0 ], [ 0, 0, 1, 0, 0, 0, 0, 0 ], [ 0, 0, 0, 1, 0, 0, 0, 0 ], [ 0, 0, 0, 0, 1, 0, 0, 0 ], [ 0, 0, 0, 0, 0, 1, 0, 0 ], [ 0, 0, 0, 0, 0, 0, 1, 0 ], [ 0, 0, 0, 0, 0, 0, 0, 1 ], [ 1, 1, 0, 0, 0, 0, 0, 0 ], [ 1, -1, 0, 0, 0, 0, 0, 0 ], [ 1, 0, 1, 0, 0, 0, 0, 0 ], [ 1, 0, -1, 0, 0, 0, 0, 0 ], [ 1, 0, 0, 1, 0, 0, 0, 0 ], [ 1, 0, 0, -1, 0, 0, 0, 0 ], [ 1, 0, 0, 0, 1, 0, 0, 0 ], [ 1, 0, 0, 0, -1, 0, 0, 0 ], [ 1, 0, 0, 0, 0, 1, 0, 0 ], [ 1, 0, 0, 0, 0, -1, 0, 0 ], [ 1, 0, 0, 0, 0, 0, 1, 0 ], [ 1, 0, 0, 0, 0, 0, -1, 0 ], [ 1, 0, 0, 0, 0, 0, 0, 1 ], [ 1, 0, 0, 0, 0, 0, 0, -1 ], [ 0, 1, 1, 0, 0, 0, 0, 0 ], [ 0, 1, -1, 0, 0, 0, 0, 0 ], [ 0, 1, 0, 1, 0, 0, 0, 0 ], [ 0, 1, 0, -1, 0, 0, 0, 0 ], [ 0, 1, 0, 0, 1, 0, 0, 0 ] ],
coefficientFieldConductor := 3,
exactTrials := [ rec(
coefficients := [ 2, 5, 10, 17, 26, 37, 50, 65 ],
trial := rec(
coefficientFieldConductor := 3,
exitCode := 0,
singularChart := 4,
singularOutput := "CF_EXACT_SINGULAR_CHART_4\nCF_EXACT_SINGULAR\nCF_SCRIPT_COMPLETED_OK\n",
status := "exact_singular" ) ), rec(
coefficients := [ 1, 1, 1, 1, 1, 1, 1, 1 ],
trial := rec(
coefficientFieldConductor := 3,
exitCode := 0,
singularChart := 4,
singularOutput := "CF_EXACT_SINGULAR_CHART_4\nCF_EXACT_SINGULAR\nCF_SCRIPT_COMPLETED_OK\n",
status := "exact_singular" ) ), rec(
coefficients := [ 1, 2, 3, 4, 5, 6, 7, 8 ],
trial := rec(
coefficientFieldConductor := 3,
exitCode := 0,
singularChart := 4,
singularOutput := "CF_EXACT_SINGULAR_CHART_4\nCF_EXACT_SINGULAR\nCF_SCRIPT_COMPLETED_OK\n",
status := "exact_singular" ) ), rec(
coefficients := [ 1, -2, 3, -4, 5, -6, 7, -8 ],
trial := rec(
coefficientFieldConductor := 3,
exitCode := 0,
singularChart := 4,
singularOutput := "CF_EXACT_SINGULAR_CHART_4\nCF_EXACT_SINGULAR\nCF_SCRIPT_COMPLETED_OK\n",
status := "exact_singular" ) ), rec(
coefficients := [ 1, 0, 0, -1, 0, 0, 0, 3 ],
trial := rec(
coefficientFieldConductor := 3,
exitCode := 0,
singularChart := 4,
singularOutput := "CF_EXACT_SINGULAR_CHART_4\nCF_EXACT_SINGULAR\nCF_SCRIPT_COMPLETED_OK\n",
status := "exact_singular" ) ), rec(
coefficients := [ 1, 0, 0, 0, 0, 0, 0, 0 ],
trial := rec(
coefficientFieldConductor := 3,
exitCode := 0,
singularChart := 1,
singularOutput := "CF_EXACT_SINGULAR_CHART_1\nCF_EXACT_SINGULAR\nCF_SCRIPT_COMPLETED_OK\n",
status := "exact_singular" ) ) ],
finiteFieldTrials := [ rec(
exitCode := 0,
numberOfMembersTested := 32,
prime := 13,
singularOutput := "CF_SINGULAR_MEMBER_1_END\nCF_SINGULAR_MEMBER_2_END\nCF_SINGULAR_MEMBER_3_END\nCF_SINGULAR_MEMBER_4_END\nCF_SINGULAR_MEMBER_5_END\nCF_SINGULAR_MEMBER_6_END\nCF_SINGULAR_MEMBER_7_END\nCF_SINGULAR_MEMBER_8_END\nCF_SINGULAR_MEMBER_9_END\nCF_SINGULAR_MEMBER_10_END\nCF_SINGULAR_MEMBER_11_END\nCF_SINGULAR_MEMBER_12_END\nCF_SINGULAR_MEMBER_13_END\nCF_SINGULAR_MEMBER_14_END\nCF_SINGULAR_MEMBER_15_END\nCF_SINGULAR_MEMBER_16_END\nCF_SINGULAR_MEMBER_17_END\nCF_SINGULAR_MEMBER_18_END\nCF_SINGULAR_MEMBER_19_END\nCF_SINGULAR_MEMBER_20_END\nCF_SINGULAR_MEMBER_21_END\nCF_SINGULAR_MEMBER_22_END\nCF_SINGULAR_MEMBER_23_END\nCF_SINGULAR_MEMBER_24_END\nCF_SINGULAR_MEMBER_25_END\nCF_SINGULAR_MEMBER_26_END\nCF_SINGULAR_MEMBER_27_END\nCF_SINGULAR_MEMBER_28_END\nCF_SINGULAR_MEMBER_29_END\nCF_SINGULAR_MEMBER_30_END\nCF_SINGULAR_MEMBER_31_END\nCF_SINGULAR_MEMBER_32_END\nCF_NO_SMOOTH_MEMBER\nCF_SCRIPT_COMPLETED_OK\n",
status := "no_smooth_in_batch",
witnessIndex := fail,
witnessVerificationPassed := false ), rec(
exitCode := 0,
numberOfMembersTested := 32,
prime := 19,
singularOutput := "CF_SINGULAR_MEMBER_1_END\nCF_SINGULAR_MEMBER_2_END\nCF_SINGULAR_MEMBER_3_END\nCF_SINGULAR_MEMBER_4_END\nCF_SINGULAR_MEMBER_5_END\nCF_SINGULAR_MEMBER_6_END\nCF_SINGULAR_MEMBER_7_END\nCF_SINGULAR_MEMBER_8_END\nCF_SINGULAR_MEMBER_9_END\nCF_SINGULAR_MEMBER_10_END\nCF_SINGULAR_MEMBER_11_END\nCF_SINGULAR_MEMBER_12_END\nCF_SINGULAR_MEMBER_13_END\nCF_SINGULAR_MEMBER_14_END\nCF_SINGULAR_MEMBER_15_END\nCF_SINGULAR_MEMBER_16_END\nCF_SINGULAR_MEMBER_17_END\nCF_SINGULAR_MEMBER_18_END\nCF_SINGULAR_MEMBER_19_END\nCF_SINGULAR_MEMBER_20_END\nCF_SINGULAR_MEMBER_21_END\nCF_SINGULAR_MEMBER_22_END\nCF_SINGULAR_MEMBER_23_END\nCF_SINGULAR_MEMBER_24_END\nCF_SINGULAR_MEMBER_25_END\nCF_SINGULAR_MEMBER_26_END\nCF_SINGULAR_MEMBER_27_END\nCF_SINGULAR_MEMBER_28_END\nCF_SINGULAR_MEMBER_29_END\nCF_SINGULAR_MEMBER_30_END\nCF_SINGULAR_MEMBER_31_END\nCF_SINGULAR_MEMBER_32_END\nCF_NO_SMOOTH_MEMBER\nCF_SCRIPT_COMPLETED_OK\n",
status := "no_smooth_in_batch",
witnessIndex := fail,
witnessVerificationPassed := false ), rec(
exitCode := 0,
numberOfMembersTested := 32,
prime := 31,
singularOutput := "CF_SINGULAR_MEMBER_1_END\nCF_SINGULAR_MEMBER_2_END\nCF_SINGULAR_MEMBER_3_END\nCF_SINGULAR_MEMBER_4_END\nCF_SINGULAR_MEMBER_5_END\nCF_SINGULAR_MEMBER_6_END\nCF_SINGULAR_MEMBER_7_END\nCF_SINGULAR_MEMBER_8_END\nCF_SINGULAR_MEMBER_9_END\nCF_SINGULAR_MEMBER_10_END\nCF_SINGULAR_MEMBER_11_END\nCF_SINGULAR_MEMBER_12_END\nCF_SINGULAR_MEMBER_13_END\nCF_SINGULAR_MEMBER_14_END\nCF_SINGULAR_MEMBER_15_END\nCF_SINGULAR_MEMBER_16_END\nCF_SINGULAR_MEMBER_17_END\nCF_SINGULAR_MEMBER_18_END\nCF_SINGULAR_MEMBER_19_END\nCF_SINGULAR_MEMBER_20_END\nCF_SINGULAR_MEMBER_21_END\nCF_SINGULAR_MEMBER_22_END\nCF_SINGULAR_MEMBER_23_END\nCF_SINGULAR_MEMBER_24_END\nCF_SINGULAR_MEMBER_25_END\nCF_SINGULAR_MEMBER_26_END\nCF_SINGULAR_MEMBER_27_END\nCF_SINGULAR_MEMBER_28_END\nCF_SINGULAR_MEMBER_29_END\nCF_SINGULAR_MEMBER_30_END\nCF_SINGULAR_MEMBER_31_END\nCF_SINGULAR_MEMBER_32_END\nCF_NO_SMOOTH_MEMBER\nCF_SCRIPT_COMPLETED_OK\n",
status := "no_smooth_in_batch",
witnessIndex := fail,
witnessVerificationPassed := false ) ],
method := "deterministic coefficient batch",
status := "no_smooth_witness" ),
guessedPolynomial := "(329449/17280*E(3)+4847/108*E(3)^2)*x3*x6^2 + (-19352/27*E(3)-476059/1080*E(3)^2)*x3*x5^2 + (328009/13230*E(3)+402754/6615*E(3)^2)*x3*x4^2 + (-4146401/16200)*x3^3 + (481/96*E(3)-132251/960*E(3)^2)*x2*x6^2 + (46177/20*E(3)+314/3*E(3)^2)*x2*x5^2 + (2)*x2*x4^2 + (430057/300)*x2*x3^2 + (-3642577/1350)*x2^2*x3 + (5)*x2^3 + (-873/64*E(3))*x1*x6^2 + (10)*x1*x5^2 + (17)*x1*x4^2 + (-3419/30)*x1*x3^2 + (2674/5)*x1*x2*x3 + (26)*x1*x2^2 + (37)*x1^2*x3 + (50)*x1^2*x2 + (65)*x1^3",
isDirectKnownCase := false,
linearGId := [ 72, 47 ],
projectiveGId := [ 24, 13 ],
proofType := "the invariant basis has a nonempty exact common projective Jacobian locus",
status := "singular",
symplecticPart := "C2^2",
testedCoefficientCandidates := [ [ 2, 5, 10, 17, 26, 37, 50, 65 ], [ 1, 1, 1, 1, 1, 1, 1, 1 ], [ 1, 2, 3, 4, 5, 6, 7, 8 ], [ 1, -2, 3, -4, 5, -6, 7, -8 ], [ 1, 0, 0, -1, 0, 0, 0, 3 ], [ 1, 0, 0, 0, 0, 0, 0, 0 ], [ 0, 1, 0, 0, 0, 0, 0, 0 ], [ 0, 0, 1, 0, 0, 0, 0, 0 ], [ 0, 0, 0, 1, 0, 0, 0, 0 ], [ 0, 0, 0, 0, 1, 0, 0, 0 ], [ 0, 0, 0, 0, 0, 1, 0, 0 ], [ 0, 0, 0, 0, 0, 0, 1, 0 ], [ 0, 0, 0, 0, 0, 0, 0, 1 ], [ 1, 1, 0, 0, 0, 0, 0, 0 ], [ 1, -1, 0, 0, 0, 0, 0, 0 ], [ 1, 0, 1, 0, 0, 0, 0, 0 ], [ 1, 0, -1, 0, 0, 0, 0, 0 ], [ 1, 0, 0, 1, 0, 0, 0, 0 ], [ 1, 0, 0, -1, 0, 0, 0, 0 ], [ 1, 0, 0, 0, 1, 0, 0, 0 ], [ 1, 0, 0, 0, -1, 0, 0, 0 ], [ 1, 0, 0, 0, 0, 1, 0, 0 ], [ 1, 0, 0, 0, 0, -1, 0, 0 ], [ 1, 0, 0, 0, 0, 0, 1, 0 ], [ 1, 0, 0, 0, 0, 0, -1, 0 ], [ 1, 0, 0, 0, 0, 0, 0, 1 ], [ 1, 0, 0, 0, 0, 0, 0, -1 ], [ 0, 1, 1, 0, 0, 0, 0, 0 ], [ 0, 1, -1, 0, 0, 0, 0, 0 ], [ 0, 1, 0, 1, 0, 0, 0, 0 ], [ 0, 1, 0, -1, 0, 0, 0, 0 ], [ 0, 1, 0, 0, 1, 0, 0, 0 ] ] ), rec(
candidateNumber := 50,
centralizerDimension := 4,
commonSingularChart := 1,
componentIndex := 1,
componentLabel := "unique C2^2 component",
cubicInvariantDimension := 4,
determinantImageOrder := 6,
exactCommonLocusTest := rec(
coefficientFieldConductor := 9,
exitCode := 0,
singularChart := 1,
singularOutput := "CF_EXACT_COMMON_SINGULAR_CHART_1\nCF_EXACT_COMMON_SINGULAR_POINT\nCF_SCRIPT_COMPLETED_OK\n",
status := "common_singular_point_exists" ),
familyDimension := 0,
familyIndexWithinCase := 6,
genericIndex := 1,
guessedCoefficients := [ 2, 5, 10, 17 ],
guessedMemberTest := rec(
coefficientCandidates := [ [ 2, 5, 10, 17 ], [ 1, 1, 1, 1 ], [ 1, 2, 3, 4 ], [ 1, -2, 3, -4 ], [ 1, -1, 0, 3 ], [ 1, 0, 0, 0 ], [ 0, 1, 0, 0 ], [ 0, 0, 1, 0 ], [ 0, 0, 0, 1 ], [ 1, 1, 0, 0 ], [ 1, -1, 0, 0 ], [ 1, 0, 1, 0 ], [ 1, 0, -1, 0 ], [ 1, 0, 0, 1 ], [ 1, 0, 0, -1 ], [ 0, 1, 1, 0 ], [ 0, 1, -1, 0 ], [ 0, 1, 0, 1 ], [ 0, 1, 0, -1 ], [ 0, 0, 1, 1 ], [ 0, 0, 1, -1 ], [ -6, 10, 6, -11 ], [ -10, 10, 9, 1 ], [ -5, -2, -3, -10 ], [ -9, -7, 3, 10 ], [ -1, -3, -2, -5 ], [ -1, -5, 11, 6 ], [ 1, -7, 7, 9 ], [ -2, 4, 1, -7 ], [ -9, -7, 3, -5 ], [ 1, -1, -6, -2 ], [ -9, 6, -1, 9 ] ],
coefficientFieldConductor := 9,
exactTrials := [ rec(
coefficients := [ 2, 5, 10, 17 ],
trial := rec(
coefficientFieldConductor := 9,
exitCode := 0,
singularChart := 1,
singularOutput := "CF_EXACT_SINGULAR_CHART_1\nCF_EXACT_SINGULAR\nCF_SCRIPT_COMPLETED_OK\n",
status := "exact_singular" ) ), rec(
coefficients := [ 1, 1, 1, 1 ],
trial := rec(
coefficientFieldConductor := 9,
exitCode := 0,
singularChart := 1,
singularOutput := "CF_EXACT_SINGULAR_CHART_1\nCF_EXACT_SINGULAR\nCF_SCRIPT_COMPLETED_OK\n",
status := "exact_singular" ) ), rec(
coefficients := [ 1, 2, 3, 4 ],
trial := rec(
coefficientFieldConductor := 9,
exitCode := 0,
singularChart := 1,
singularOutput := "CF_EXACT_SINGULAR_CHART_1\nCF_EXACT_SINGULAR\nCF_SCRIPT_COMPLETED_OK\n",
status := "exact_singular" ) ), rec(
coefficients := [ 1, -2, 3, -4 ],
trial := rec(
coefficientFieldConductor := 9,
exitCode := 0,
singularChart := 1,
singularOutput := "CF_EXACT_SINGULAR_CHART_1\nCF_EXACT_SINGULAR\nCF_SCRIPT_COMPLETED_OK\n",
status := "exact_singular" ) ), rec(
coefficients := [ 1, -1, 0, 3 ],
trial := rec(
coefficientFieldConductor := 9,
exitCode := 0,
singularChart := 1,
singularOutput := "CF_EXACT_SINGULAR_CHART_1\nCF_EXACT_SINGULAR\nCF_SCRIPT_COMPLETED_OK\n",
status := "exact_singular" ) ), rec(
coefficients := [ 1, 0, 0, 0 ],
trial := rec(
coefficientFieldConductor := 9,
exitCode := 0,
singularChart := 1,
singularOutput := "CF_EXACT_SINGULAR_CHART_1\nCF_EXACT_SINGULAR\nCF_SCRIPT_COMPLETED_OK\n",
status := "exact_singular" ) ) ],
finiteFieldTrials := [ rec(
exitCode := 0,
numberOfMembersTested := 32,
prime := 19,
singularOutput := "CF_SINGULAR_MEMBER_1_END\nCF_SINGULAR_MEMBER_2_END\nCF_SINGULAR_MEMBER_3_END\nCF_SINGULAR_MEMBER_4_END\nCF_SINGULAR_MEMBER_5_END\nCF_SINGULAR_MEMBER_6_END\nCF_SINGULAR_MEMBER_7_END\nCF_SINGULAR_MEMBER_8_END\nCF_SINGULAR_MEMBER_9_END\nCF_SINGULAR_MEMBER_10_END\nCF_SINGULAR_MEMBER_11_END\nCF_SINGULAR_MEMBER_12_END\nCF_SINGULAR_MEMBER_13_END\nCF_SINGULAR_MEMBER_14_END\nCF_SINGULAR_MEMBER_15_END\nCF_SINGULAR_MEMBER_16_END\nCF_SINGULAR_MEMBER_17_END\nCF_SINGULAR_MEMBER_18_END\nCF_SINGULAR_MEMBER_19_END\nCF_SINGULAR_MEMBER_20_END\nCF_SINGULAR_MEMBER_21_END\nCF_SINGULAR_MEMBER_22_END\nCF_SINGULAR_MEMBER_23_END\nCF_SINGULAR_MEMBER_24_END\nCF_SINGULAR_MEMBER_25_END\nCF_SINGULAR_MEMBER_26_END\nCF_SINGULAR_MEMBER_27_END\nCF_SINGULAR_MEMBER_28_END\nCF_SINGULAR_MEMBER_29_END\nCF_SINGULAR_MEMBER_30_END\nCF_SINGULAR_MEMBER_31_END\nCF_SINGULAR_MEMBER_32_END\nCF_NO_SMOOTH_MEMBER\nCF_SCRIPT_COMPLETED_OK\n",
status := "no_smooth_in_batch",
witnessIndex := fail,
witnessVerificationPassed := false ), rec(
exitCode := 0,
numberOfMembersTested := 32,
prime := 37,
singularOutput := "CF_SINGULAR_MEMBER_1_END\nCF_SINGULAR_MEMBER_2_END\nCF_SINGULAR_MEMBER_3_END\nCF_SINGULAR_MEMBER_4_END\nCF_SINGULAR_MEMBER_5_END\nCF_SINGULAR_MEMBER_6_END\nCF_SINGULAR_MEMBER_7_END\nCF_SINGULAR_MEMBER_8_END\nCF_SINGULAR_MEMBER_9_END\nCF_SINGULAR_MEMBER_10_END\nCF_SINGULAR_MEMBER_11_END\nCF_SINGULAR_MEMBER_12_END\nCF_SINGULAR_MEMBER_13_END\nCF_SINGULAR_MEMBER_14_END\nCF_SINGULAR_MEMBER_15_END\nCF_SINGULAR_MEMBER_16_END\nCF_SINGULAR_MEMBER_17_END\nCF_SINGULAR_MEMBER_18_END\nCF_SINGULAR_MEMBER_19_END\nCF_SINGULAR_MEMBER_20_END\nCF_SINGULAR_MEMBER_21_END\nCF_SINGULAR_MEMBER_22_END\nCF_SINGULAR_MEMBER_23_END\nCF_SINGULAR_MEMBER_24_END\nCF_SINGULAR_MEMBER_25_END\nCF_SINGULAR_MEMBER_26_END\nCF_SINGULAR_MEMBER_27_END\nCF_SINGULAR_MEMBER_28_END\nCF_SINGULAR_MEMBER_29_END\nCF_SINGULAR_MEMBER_30_END\nCF_SINGULAR_MEMBER_31_END\nCF_SINGULAR_MEMBER_32_END\nCF_NO_SMOOTH_MEMBER\nCF_SCRIPT_COMPLETED_OK\n",
status := "no_smooth_in_batch",
witnessIndex := fail,
witnessVerificationPassed := false ), rec(
exitCode := 0,
numberOfMembersTested := 32,
prime := 73,
singularOutput := "CF_SINGULAR_MEMBER_1_END\nCF_SINGULAR_MEMBER_2_END\nCF_SINGULAR_MEMBER_3_END\nCF_SINGULAR_MEMBER_4_END\nCF_SINGULAR_MEMBER_5_END\nCF_SINGULAR_MEMBER_6_END\nCF_SINGULAR_MEMBER_7_END\nCF_SINGULAR_MEMBER_8_END\nCF_SINGULAR_MEMBER_9_END\nCF_SINGULAR_MEMBER_10_END\nCF_SINGULAR_MEMBER_11_END\nCF_SINGULAR_MEMBER_12_END\nCF_SINGULAR_MEMBER_13_END\nCF_SINGULAR_MEMBER_14_END\nCF_SINGULAR_MEMBER_15_END\nCF_SINGULAR_MEMBER_16_END\nCF_SINGULAR_MEMBER_17_END\nCF_SINGULAR_MEMBER_18_END\nCF_SINGULAR_MEMBER_19_END\nCF_SINGULAR_MEMBER_20_END\nCF_SINGULAR_MEMBER_21_END\nCF_SINGULAR_MEMBER_22_END\nCF_SINGULAR_MEMBER_23_END\nCF_SINGULAR_MEMBER_24_END\nCF_SINGULAR_MEMBER_25_END\nCF_SINGULAR_MEMBER_26_END\nCF_SINGULAR_MEMBER_27_END\nCF_SINGULAR_MEMBER_28_END\nCF_SINGULAR_MEMBER_29_END\nCF_SINGULAR_MEMBER_30_END\nCF_SINGULAR_MEMBER_31_END\nCF_SINGULAR_MEMBER_32_END\nCF_NO_SMOOTH_MEMBER\nCF_SCRIPT_COMPLETED_OK\n",
status := "no_smooth_in_batch",
witnessIndex := fail,
witnessVerificationPassed := false ) ],
method := "deterministic coefficient batch",
status := "no_smooth_witness" ),
guessedPolynomial := "(-41840/1287*E(9)^2+25627/2574*E(9)^4-18000/143*E(9)^5-36799/1287*E(9)^7)*x3*x6^2 + (-450/143*E(9)^3+334720/63063*E(9)^4-3004/1287*E(9)^6+167360/63063*E(9)^7)*x3*x5^2 + (25627/41184*E(9)^2-7510/1287*E(9)^3+25627/20592*E(9)^5-1125/143*E(9)^6)*x3*x4^2 + (1685100592/23375385)*x3^3 + (83680/1287*E(9)^2-25627/1287*E(9)^4+232480/1287*E(9)^5+15190/429*E(9)^7)*x2*x6^2 + (5812/1287*E(9)^3-669440/63063*E(9)^4+1240/429*E(9)^6-334720/63063*E(9)^7)*x2*x5^2 + (-25627/20592*E(9)^2+3100/429*E(9)^3-25627/10296*E(9)^5+14530/1287*E(9)^6)*x2*x4^2 + (-842315216/2597265)*x2*x3^2 + (-8980452988/7791795)*x2^2*x3 + (53736041072/23375385)*x2^3 + (-80*E(9)^5-49/2*E(9)^7)*x1*x6^2 + (2)*x1*x5^2 + (5)*x1*x4^2 + (148816924/865755)*x1*x3^2 + (-168232252/865755)*x1*x2*x3 + (-271164967/288585)*x1*x2^2 + (16232/159)*x1^2*x3 + (10)*x1^2*x2 + (17)*x1^3",
isDirectKnownCase := false,
linearGId := [ 72, 16 ],
projectiveGId := [ 24, 13 ],
proofType := "the invariant basis has a nonempty exact common projective Jacobian locus",
status := "singular",
symplecticPart := "C2^2",
testedCoefficientCandidates := [ [ 2, 5, 10, 17 ], [ 1, 1, 1, 1 ], [ 1, 2, 3, 4 ], [ 1, -2, 3, -4 ], [ 1, -1, 0, 3 ], [ 1, 0, 0, 0 ], [ 0, 1, 0, 0 ], [ 0, 0, 1, 0 ], [ 0, 0, 0, 1 ], [ 1, 1, 0, 0 ], [ 1, -1, 0, 0 ], [ 1, 0, 1, 0 ], [ 1, 0, -1, 0 ], [ 1, 0, 0, 1 ], [ 1, 0, 0, -1 ], [ 0, 1, 1, 0 ], [ 0, 1, -1, 0 ], [ 0, 1, 0, 1 ], [ 0, 1, 0, -1 ], [ 0, 0, 1, 1 ], [ 0, 0, 1, -1 ], [ -6, 10, 6, -11 ], [ -10, 10, 9, 1 ], [ -5, -2, -3, -10 ], [ -9, -7, 3, 10 ], [ -1, -3, -2, -5 ], [ -1, -5, 11, 6 ], [ 1, -7, 7, 9 ], [ -2, 4, 1, -7 ], [ -9, -7, 3, -5 ], [ 1, -1, -6, -2 ], [ -9, 6, -1, 9 ] ] ), rec(
candidateNumber := 51,
centralizerDimension := 4,
componentIndex := 1,
componentLabel := "unique C2^2 component",
cubicInvariantDimension := 6,
determinantImageOrder := 6,
familyDimension := 2,
familyIndexWithinCase := 7,
genericIndex := 1,
guessedCoefficients := [ 2, 5, 10, 17, 26, 37 ],
guessedMemberTest := rec(
coefficientCandidates := [ [ 2, 5, 10, 17, 26, 37 ], [ 1, 1, 1, 1, 1, 1 ], [ 1, 2, 3, 4, 5, 6 ], [ 1, -2, 3, -4, 5, -6 ], [ 1, 0, -1, 0, 0, 3 ], [ 1, 0, 0, 0, 0, 0 ], [ 0, 1, 0, 0, 0, 0 ], [ 0, 0, 1, 0, 0, 0 ], [ 0, 0, 0, 1, 0, 0 ], [ 0, 0, 0, 0, 1, 0 ], [ 0, 0, 0, 0, 0, 1 ], [ 1, 1, 0, 0, 0, 0 ], [ 1, -1, 0, 0, 0, 0 ], [ 1, 0, 1, 0, 0, 0 ], [ 1, 0, -1, 0, 0, 0 ], [ 1, 0, 0, 1, 0, 0 ], [ 1, 0, 0, -1, 0, 0 ], [ 1, 0, 0, 0, 1, 0 ], [ 1, 0, 0, 0, -1, 0 ], [ 1, 0, 0, 0, 0, 1 ], [ 1, 0, 0, 0, 0, -1 ], [ 0, 1, 1, 0, 0, 0 ], [ 0, 1, -1, 0, 0, 0 ], [ 0, 1, 0, 1, 0, 0 ], [ 0, 1, 0, -1, 0, 0 ], [ 0, 1, 0, 0, 1, 0 ], [ 0, 1, 0, 0, -1, 0 ], [ 0, 1, 0, 0, 0, 1 ], [ 0, 1, 0, 0, 0, -1 ], [ 0, 0, 1, 1, 0, 0 ], [ 0, 0, 1, -1, 0, 0 ], [ 0, 0, 1, 0, 1, 0 ] ],
coefficientFieldConductor := 9,
exactTrials := [  ],
finiteFieldTrials := [ rec(
exitCode := 0,
numberOfMembersTested := 32,
prime := 19,
singularOutput := "CF_SMOOTH_MEMBER_1_END\nCF_SCRIPT_COMPLETED_OK\n",
status := "smooth",
witnessIndex := 1,
witnessVerificationPassed := true ) ],
member := rec(
coefficients := [ 2, 5, 10, 17, 26, 37 ],
monomialCoefficients := [ 0, 0, 0, 0, 0, 0, 0, 0, 0, 0, -25627/11232*E(9)^2-33554/19305*E(9)^3+2615/20592*E(9)^4+128135/41184*E(9)^5-33554/19305*E(9)^6-523/5616*E(9)^7, 0, -16736/1755*E(9)^2-16777/3861*E(9)^3-25627/297*E(9)^4+16736/1287*E(9)^5-16777/3861*E(9)^6-128135/2574*E(9)^7, 0, 0, -10460/63063*E(9)^2-33554/3861*E(9)^3+66944/63063*E(9)^4-4184/14553*E(9)^5-33554/3861*E(9)^6-66944/85995*E(9)^7, 0, 0, 0, -248885608/9240075, -281897/11232*E(9)^2+182366/19305*E(9)^3-2615/10296*E(9)^4-128135/20592*E(9)^5+182366/19305*E(9)^6-5753/5616*E(9)^7, 0, -184096/1755*E(9)^2+91183/3861*E(9)^3-179389/594*E(9)^4-33472/1287*E(9)^5+91183/3861*E(9)^6+128135/1287*E(9)^7, 0, 0, 20920/63063*E(9)^2+182366/3861*E(9)^3-133888/63063*E(9)^4-2092/2079*E(9)^5+182366/3861*E(9)^6-736384/85995*E(9)^7, 0, 0, 0, -218693492/342225, 0, 0, 0, -23429808608/3080025, 121687283152/9240075, 2, 0, 5, 0, 0, 10, 0, 0, 0, 7643692/1026675, 0, 0, 0, 250962904/1026675, -6070452788/1026675, 0, 0, 0, 17, 26, 37 ],
polynomial := "(-25627/11232*E(9)^2-33554/19305*E(9)^3+2615/20592*E(9)^4+128135/41184*E(9)^5-33554/19305*E(9)^6-523/5616*E(9)^7)*x3*x6^2 + (-16736/1755*E(9)^2-16777/3861*E(9)^3-25627/297*E(9)^4+16736/1287*E(9)^5-16777/3861*E(9)^6-128135/2574*E(9)^7)*x3*x5^2 + (-10460/63063*E(9)^2-33554/3861*E(9)^3+66944/63063*E(9)^4-4184/14553*E(9)^5-33554/3861*E(9)^6-66944/85995*E(9)^7)*x3*x4^2 + (-248885608/9240075)*x3^3 + (-281897/11232*E(9)^2+182366/19305*E(9)^3-2615/10296*E(9)^4-128135/20592*E(9)^5+182366/19305*E(9)^6-5753/5616*E(9)^7)*x2*x6^2 + (-184096/1755*E(9)^2+91183/3861*E(9)^3-179389/594*E(9)^4-33472/1287*E(9)^5+91183/3861*E(9)^6+128135/1287*E(9)^7)*x2*x5^2 + (20920/63063*E(9)^2+182366/3861*E(9)^3-133888/63063*E(9)^4-2092/2079*E(9)^5+182366/3861*E(9)^6-736384/85995*E(9)^7)*x2*x4^2 + (-218693492/342225)*x2*x3^2 + (-23429808608/3080025)*x2^2*x3 + (121687283152/9240075)*x2^3 + (2)*x1*x6^2 + (5)*x1*x5^2 + (10)*x1*x4^2 + (7643692/1026675)*x1*x3^2 + (250962904/1026675)*x1*x2*x3 + (-6070452788/1026675)*x1*x2^2 + (17)*x1^2*x3 + (26)*x1^2*x2 + (37)*x1^3" ),
method := "smooth reduction at a good split prime",
status := "smooth",
witnessPrime := 19 ),
isDirectKnownCase := false,
linearGId := [ 72, 16 ],
projectiveGId := [ 24, 13 ],
proofType := "an explicit member of the invariant cubic family is smooth",
smoothPolynomial := "(-25627/11232*E(9)^2-33554/19305*E(9)^3+2615/20592*E(9)^4+128135/41184*E(9)^5-33554/19305*E(9)^6-523/5616*E(9)^7)*x3*x6^2 + (-16736/1755*E(9)^2-16777/3861*E(9)^3-25627/297*E(9)^4+16736/1287*E(9)^5-16777/3861*E(9)^6-128135/2574*E(9)^7)*x3*x5^2 + (-10460/63063*E(9)^2-33554/3861*E(9)^3+66944/63063*E(9)^4-4184/14553*E(9)^5-33554/3861*E(9)^6-66944/85995*E(9)^7)*x3*x4^2 + (-248885608/9240075)*x3^3 + (-281897/11232*E(9)^2+182366/19305*E(9)^3-2615/10296*E(9)^4-128135/20592*E(9)^5+182366/19305*E(9)^6-5753/5616*E(9)^7)*x2*x6^2 + (-184096/1755*E(9)^2+91183/3861*E(9)^3-179389/594*E(9)^4-33472/1287*E(9)^5+91183/3861*E(9)^6+128135/1287*E(9)^7)*x2*x5^2 + (20920/63063*E(9)^2+182366/3861*E(9)^3-133888/63063*E(9)^4-2092/2079*E(9)^5+182366/3861*E(9)^6-736384/85995*E(9)^7)*x2*x4^2 + (-218693492/342225)*x2*x3^2 + (-23429808608/3080025)*x2^2*x3 + (121687283152/9240075)*x2^3 + (2)*x1*x6^2 + (5)*x1*x5^2 + (10)*x1*x4^2 + (7643692/1026675)*x1*x3^2 + (250962904/1026675)*x1*x2*x3 + (-6070452788/1026675)*x1*x2^2 + (17)*x1^2*x3 + (26)*x1^2*x2 + (37)*x1^3",
status := "smooth",
symplecticPart := "C2^2",
testedCoefficientCandidates := [ [ 2, 5, 10, 17, 26, 37 ], [ 1, 1, 1, 1, 1, 1 ], [ 1, 2, 3, 4, 5, 6 ], [ 1, -2, 3, -4, 5, -6 ], [ 1, 0, -1, 0, 0, 3 ], [ 1, 0, 0, 0, 0, 0 ], [ 0, 1, 0, 0, 0, 0 ], [ 0, 0, 1, 0, 0, 0 ], [ 0, 0, 0, 1, 0, 0 ], [ 0, 0, 0, 0, 1, 0 ], [ 0, 0, 0, 0, 0, 1 ], [ 1, 1, 0, 0, 0, 0 ], [ 1, -1, 0, 0, 0, 0 ], [ 1, 0, 1, 0, 0, 0 ], [ 1, 0, -1, 0, 0, 0 ], [ 1, 0, 0, 1, 0, 0 ], [ 1, 0, 0, -1, 0, 0 ], [ 1, 0, 0, 0, 1, 0 ], [ 1, 0, 0, 0, -1, 0 ], [ 1, 0, 0, 0, 0, 1 ], [ 1, 0, 0, 0, 0, -1 ], [ 0, 1, 1, 0, 0, 0 ], [ 0, 1, -1, 0, 0, 0 ], [ 0, 1, 0, 1, 0, 0 ], [ 0, 1, 0, -1, 0, 0 ], [ 0, 1, 0, 0, 1, 0 ], [ 0, 1, 0, 0, -1, 0 ], [ 0, 1, 0, 0, 0, 1 ], [ 0, 1, 0, 0, 0, -1 ], [ 0, 0, 1, 1, 0, 0 ], [ 0, 0, 1, -1, 0, 0 ], [ 0, 0, 1, 0, 1, 0 ] ] ), rec(
candidateNumber := 52,
centralizerDimension := 7,
commonSingularPoint := [ 0, 0, 0, 0, 1, 0 ],
componentIndex := 1,
componentLabel := "unique C2^2 component",
cubicInvariantDimension := 8,
determinantImageOrder := 6,
familyDimension := 1,
familyIndexWithinCase := 1,
genericIndex := 1,
guessedMemberTest := rec(
status := "not_run" ),
isDirectKnownCase := false,
linearGId := [ 72, 37 ],
linearVariables := [ 5, 6 ],
projectiveGId := [ 24, 10 ],
proofType := "a variable has exponent at most one throughout the family",
status := "singular",
symplecticPart := "C2^2" ), rec(
candidateNumber := 53,
centralizerDimension := 11,
commonSingularPoint := [ 0, 0, 0, 0, 1, 0 ],
componentIndex := 1,
componentLabel := "unique C2^2 component",
cubicInvariantDimension := 13,
determinantImageOrder := 6,
familyDimension := 2,
familyIndexWithinCase := 2,
genericIndex := 1,
guessedMemberTest := rec(
status := "not_run" ),
isDirectKnownCase := false,
linearGId := [ 72, 37 ],
linearVariables := [ 5, 6 ],
projectiveGId := [ 24, 10 ],
proofType := "a variable has exponent at most one throughout the family",
status := "singular",
symplecticPart := "C2^2" ), rec(
candidateNumber := 54,
centralizerDimension := 7,
commonSingularPoint := [ 0, 0, 0, 1, 0, 0 ],
componentIndex := 1,
componentLabel := "unique C2^2 component",
cubicInvariantDimension := 9,
determinantImageOrder := 6,
familyDimension := 2,
familyIndexWithinCase := 3,
genericIndex := 1,
guessedMemberTest := rec(
status := "not_run" ),
isDirectKnownCase := false,
linearGId := [ 72, 37 ],
linearVariables := [ 4 ],
projectiveGId := [ 24, 10 ],
proofType := "a variable has exponent at most one throughout the family",
status := "singular",
symplecticPart := "C2^2" ), rec(
candidateNumber := 55,
centralizerDimension := 7,
commonSingularPoint := [ 0, 0, 0, 1, 0, 0 ],
componentIndex := 1,
componentLabel := "unique C2^2 component",
cubicInvariantDimension := 7,
determinantImageOrder := 6,
familyDimension := 0,
familyIndexWithinCase := 4,
genericIndex := 1,
guessedMemberTest := rec(
status := "not_run" ),
isDirectKnownCase := false,
linearGId := [ 72, 37 ],
linearVariables := [ 4 ],
projectiveGId := [ 24, 10 ],
proofType := "a variable has exponent at most one throughout the family",
status := "singular",
symplecticPart := "C2^2" ), rec(
candidateNumber := 56,
centralizerDimension := 11,
commonSingularPoint := [ 0, 0, 0, 1, 0, 0 ],
componentIndex := 1,
componentLabel := "unique C2^2 component",
cubicInvariantDimension := 13,
determinantImageOrder := 6,
familyDimension := 2,
familyIndexWithinCase := 5,
genericIndex := 1,
guessedMemberTest := rec(
status := "not_run" ),
isDirectKnownCase := false,
linearGId := [ 72, 37 ],
linearVariables := [ 4 ],
projectiveGId := [ 24, 10 ],
proofType := "a variable has exponent at most one throughout the family",
status := "singular",
symplecticPart := "C2^2" ), rec(
candidateNumber := 57,
centralizerDimension := 5,
commonSingularChart := 1,
componentIndex := 1,
componentLabel := "unique C2^2 component",
cubicInvariantDimension := 6,
determinantImageOrder := 6,
exactCommonLocusTest := rec(
coefficientFieldConductor := 1,
exitCode := 0,
singularChart := 1,
singularOutput := "CF_EXACT_COMMON_SINGULAR_CHART_1\nCF_EXACT_COMMON_SINGULAR_POINT\nCF_SCRIPT_COMPLETED_OK\n",
status := "common_singular_point_exists" ),
familyDimension := 1,
familyIndexWithinCase := 6,
genericIndex := 1,
guessedCoefficients := [ 2, 5, 10, 17, 26, 37 ],
guessedMemberTest := rec(
coefficientCandidates := [ [ 2, 5, 10, 17, 26, 37 ], [ 1, 1, 1, 1, 1, 1 ], [ 1, 2, 3, 4, 5, 6 ], [ 1, -2, 3, -4, 5, -6 ], [ 1, 0, -1, 0, 0, 3 ], [ 1, 0, 0, 0, 0, 0 ], [ 0, 1, 0, 0, 0, 0 ], [ 0, 0, 1, 0, 0, 0 ], [ 0, 0, 0, 1, 0, 0 ], [ 0, 0, 0, 0, 1, 0 ], [ 0, 0, 0, 0, 0, 1 ], [ 1, 1, 0, 0, 0, 0 ], [ 1, -1, 0, 0, 0, 0 ], [ 1, 0, 1, 0, 0, 0 ], [ 1, 0, -1, 0, 0, 0 ], [ 1, 0, 0, 1, 0, 0 ], [ 1, 0, 0, -1, 0, 0 ], [ 1, 0, 0, 0, 1, 0 ], [ 1, 0, 0, 0, -1, 0 ], [ 1, 0, 0, 0, 0, 1 ], [ 1, 0, 0, 0, 0, -1 ], [ 0, 1, 1, 0, 0, 0 ], [ 0, 1, -1, 0, 0, 0 ], [ 0, 1, 0, 1, 0, 0 ], [ 0, 1, 0, -1, 0, 0 ], [ 0, 1, 0, 0, 1, 0 ], [ 0, 1, 0, 0, -1, 0 ], [ 0, 1, 0, 0, 0, 1 ], [ 0, 1, 0, 0, 0, -1 ], [ 0, 0, 1, 1, 0, 0 ], [ 0, 0, 1, -1, 0, 0 ], [ 0, 0, 1, 0, 1, 0 ] ],
coefficientFieldConductor := 1,
exactTrials := [ rec(
coefficients := [ 2, 5, 10, 17, 26, 37 ],
trial := rec(
coefficientFieldConductor := 1,
exitCode := 0,
singularChart := 1,
singularOutput := "CF_EXACT_SINGULAR_CHART_1\nCF_EXACT_SINGULAR\nCF_SCRIPT_COMPLETED_OK\n",
status := "exact_singular" ) ), rec(
coefficients := [ 1, 1, 1, 1, 1, 1 ],
trial := rec(
coefficientFieldConductor := 1,
exitCode := 0,
singularChart := 1,
singularOutput := "CF_EXACT_SINGULAR_CHART_1\nCF_EXACT_SINGULAR\nCF_SCRIPT_COMPLETED_OK\n",
status := "exact_singular" ) ), rec(
coefficients := [ 1, 2, 3, 4, 5, 6 ],
trial := rec(
coefficientFieldConductor := 1,
exitCode := 0,
singularChart := 1,
singularOutput := "CF_EXACT_SINGULAR_CHART_1\nCF_EXACT_SINGULAR\nCF_SCRIPT_COMPLETED_OK\n",
status := "exact_singular" ) ), rec(
coefficients := [ 1, -2, 3, -4, 5, -6 ],
trial := rec(
coefficientFieldConductor := 1,
exitCode := 0,
singularChart := 1,
singularOutput := "CF_EXACT_SINGULAR_CHART_1\nCF_EXACT_SINGULAR\nCF_SCRIPT_COMPLETED_OK\n",
status := "exact_singular" ) ), rec(
coefficients := [ 1, 0, -1, 0, 0, 3 ],
trial := rec(
coefficientFieldConductor := 1,
exitCode := 0,
singularChart := 1,
singularOutput := "CF_EXACT_SINGULAR_CHART_1\nCF_EXACT_SINGULAR\nCF_SCRIPT_COMPLETED_OK\n",
status := "exact_singular" ) ), rec(
coefficients := [ 1, 0, 0, 0, 0, 0 ],
trial := rec(
coefficientFieldConductor := 1,
exitCode := 0,
singularChart := 1,
singularOutput := "CF_EXACT_SINGULAR_CHART_1\nCF_EXACT_SINGULAR\nCF_SCRIPT_COMPLETED_OK\n",
status := "exact_singular" ) ) ],
finiteFieldTrials := [ rec(
exitCode := 0,
numberOfMembersTested := 32,
prime := 5,
singularOutput := "CF_SINGULAR_MEMBER_1_END\nCF_SINGULAR_MEMBER_2_END\nCF_SINGULAR_MEMBER_3_END\nCF_SINGULAR_MEMBER_4_END\nCF_SINGULAR_MEMBER_5_END\nCF_SINGULAR_MEMBER_6_END\nCF_SINGULAR_MEMBER_7_END\nCF_SINGULAR_MEMBER_8_END\nCF_SINGULAR_MEMBER_9_END\nCF_SINGULAR_MEMBER_10_END\nCF_SINGULAR_MEMBER_11_END\nCF_SINGULAR_MEMBER_12_END\nCF_SINGULAR_MEMBER_13_END\nCF_SINGULAR_MEMBER_14_END\nCF_SINGULAR_MEMBER_15_END\nCF_SINGULAR_MEMBER_16_END\nCF_SINGULAR_MEMBER_17_END\nCF_SINGULAR_MEMBER_18_END\nCF_SINGULAR_MEMBER_19_END\nCF_SINGULAR_MEMBER_20_END\nCF_SINGULAR_MEMBER_21_END\nCF_SINGULAR_MEMBER_22_END\nCF_SINGULAR_MEMBER_23_END\nCF_SINGULAR_MEMBER_24_END\nCF_SINGULAR_MEMBER_25_END\nCF_SINGULAR_MEMBER_26_END\nCF_SINGULAR_MEMBER_27_END\nCF_SINGULAR_MEMBER_28_END\nCF_SINGULAR_MEMBER_29_END\nCF_SINGULAR_MEMBER_30_END\nCF_SINGULAR_MEMBER_31_END\nCF_SINGULAR_MEMBER_32_END\nCF_NO_SMOOTH_MEMBER\nCF_SCRIPT_COMPLETED_OK\n",
status := "no_smooth_in_batch",
witnessIndex := fail,
witnessVerificationPassed := false ), rec(
exitCode := 0,
numberOfMembersTested := 32,
prime := 17,
singularOutput := "CF_SINGULAR_MEMBER_1_END\nCF_SINGULAR_MEMBER_2_END\nCF_SINGULAR_MEMBER_3_END\nCF_SINGULAR_MEMBER_4_END\nCF_SINGULAR_MEMBER_5_END\nCF_SINGULAR_MEMBER_6_END\nCF_SINGULAR_MEMBER_7_END\nCF_SINGULAR_MEMBER_8_END\nCF_SINGULAR_MEMBER_9_END\nCF_SINGULAR_MEMBER_10_END\nCF_SINGULAR_MEMBER_11_END\nCF_SINGULAR_MEMBER_12_END\nCF_SINGULAR_MEMBER_13_END\nCF_SINGULAR_MEMBER_14_END\nCF_SINGULAR_MEMBER_15_END\nCF_SINGULAR_MEMBER_16_END\nCF_SINGULAR_MEMBER_17_END\nCF_SINGULAR_MEMBER_18_END\nCF_SINGULAR_MEMBER_19_END\nCF_SINGULAR_MEMBER_20_END\nCF_SINGULAR_MEMBER_21_END\nCF_SINGULAR_MEMBER_22_END\nCF_SINGULAR_MEMBER_23_END\nCF_SINGULAR_MEMBER_24_END\nCF_SINGULAR_MEMBER_25_END\nCF_SINGULAR_MEMBER_26_END\nCF_SINGULAR_MEMBER_27_END\nCF_SINGULAR_MEMBER_28_END\nCF_SINGULAR_MEMBER_29_END\nCF_SINGULAR_MEMBER_30_END\nCF_SINGULAR_MEMBER_31_END\nCF_SINGULAR_MEMBER_32_END\nCF_NO_SMOOTH_MEMBER\nCF_SCRIPT_COMPLETED_OK\n",
status := "no_smooth_in_batch",
witnessIndex := fail,
witnessVerificationPassed := false ), rec(
exitCode := 0,
numberOfMembersTested := 32,
prime := 19,
singularOutput := "CF_SINGULAR_MEMBER_1_END\nCF_SINGULAR_MEMBER_2_END\nCF_SINGULAR_MEMBER_3_END\nCF_SINGULAR_MEMBER_4_END\nCF_SINGULAR_MEMBER_5_END\nCF_SINGULAR_MEMBER_6_END\nCF_SINGULAR_MEMBER_7_END\nCF_SINGULAR_MEMBER_8_END\nCF_SINGULAR_MEMBER_9_END\nCF_SINGULAR_MEMBER_10_END\nCF_SINGULAR_MEMBER_11_END\nCF_SINGULAR_MEMBER_12_END\nCF_SINGULAR_MEMBER_13_END\nCF_SINGULAR_MEMBER_14_END\nCF_SINGULAR_MEMBER_15_END\nCF_SINGULAR_MEMBER_16_END\nCF_SINGULAR_MEMBER_17_END\nCF_SINGULAR_MEMBER_18_END\nCF_SINGULAR_MEMBER_19_END\nCF_SINGULAR_MEMBER_20_END\nCF_SINGULAR_MEMBER_21_END\nCF_SINGULAR_MEMBER_22_END\nCF_SINGULAR_MEMBER_23_END\nCF_SINGULAR_MEMBER_24_END\nCF_SINGULAR_MEMBER_25_END\nCF_SINGULAR_MEMBER_26_END\nCF_SINGULAR_MEMBER_27_END\nCF_SINGULAR_MEMBER_28_END\nCF_SINGULAR_MEMBER_29_END\nCF_SINGULAR_MEMBER_30_END\nCF_SINGULAR_MEMBER_31_END\nCF_SINGULAR_MEMBER_32_END\nCF_NO_SMOOTH_MEMBER\nCF_SCRIPT_COMPLETED_OK\n",
status := "no_smooth_in_batch",
witnessIndex := fail,
witnessVerificationPassed := false ) ],
method := "deterministic coefficient batch",
status := "no_smooth_witness" ),
guessedPolynomial := "(2)*x4*x5*x6 + (926875/126126)*x3*x6^2 + (525485/10296)*x3*x5^2 + (3332/99)*x3*x4^2 + (-2654878898/12613887)*x3^3 + (-646595/63063)*x2*x6^2 + (-479725/5148)*x2*x5^2 + (-5168/99)*x2*x4^2 + (4639249408/4204629)*x2*x3^2 + (-2605592104/1401543)*x2^2*x3 + (12796484192/12613887)*x2^3 + (5)*x1*x6^2 + (10)*x1*x5^2 + (17)*x1*x4^2 + (-564401/3146)*x1*x3^2 + (33220966/42471)*x1*x2*x3 + (-32239414/42471)*x1*x2^2 + (109/3)*x1^2*x3 + (26)*x1^2*x2 + (37)*x1^3",
isDirectKnownCase := false,
linearGId := [ 72, 37 ],
projectiveGId := [ 24, 10 ],
proofType := "the invariant basis has a nonempty exact common projective Jacobian locus",
status := "singular",
symplecticPart := "C2^2",
testedCoefficientCandidates := [ [ 2, 5, 10, 17, 26, 37 ], [ 1, 1, 1, 1, 1, 1 ], [ 1, 2, 3, 4, 5, 6 ], [ 1, -2, 3, -4, 5, -6 ], [ 1, 0, -1, 0, 0, 3 ], [ 1, 0, 0, 0, 0, 0 ], [ 0, 1, 0, 0, 0, 0 ], [ 0, 0, 1, 0, 0, 0 ], [ 0, 0, 0, 1, 0, 0 ], [ 0, 0, 0, 0, 1, 0 ], [ 0, 0, 0, 0, 0, 1 ], [ 1, 1, 0, 0, 0, 0 ], [ 1, -1, 0, 0, 0, 0 ], [ 1, 0, 1, 0, 0, 0 ], [ 1, 0, -1, 0, 0, 0 ], [ 1, 0, 0, 1, 0, 0 ], [ 1, 0, 0, -1, 0, 0 ], [ 1, 0, 0, 0, 1, 0 ], [ 1, 0, 0, 0, -1, 0 ], [ 1, 0, 0, 0, 0, 1 ], [ 1, 0, 0, 0, 0, -1 ], [ 0, 1, 1, 0, 0, 0 ], [ 0, 1, -1, 0, 0, 0 ], [ 0, 1, 0, 1, 0, 0 ], [ 0, 1, 0, -1, 0, 0 ], [ 0, 1, 0, 0, 1, 0 ], [ 0, 1, 0, 0, -1, 0 ], [ 0, 1, 0, 0, 0, 1 ], [ 0, 1, 0, 0, 0, -1 ], [ 0, 0, 1, 1, 0, 0 ], [ 0, 0, 1, -1, 0, 0 ], [ 0, 0, 1, 0, 1, 0 ] ] ), rec(
candidateNumber := 58,
centralizerDimension := 7,
commonSingularChart := 1,
componentIndex := 1,
componentLabel := "unique C2^2 component",
cubicInvariantDimension := 8,
determinantImageOrder := 6,
exactCommonLocusTest := rec(
coefficientFieldConductor := 1,
exitCode := 0,
singularChart := 1,
singularOutput := "CF_EXACT_COMMON_SINGULAR_CHART_1\nCF_EXACT_COMMON_SINGULAR_POINT\nCF_SCRIPT_COMPLETED_OK\n",
status := "common_singular_point_exists" ),
familyDimension := 1,
familyIndexWithinCase := 7,
genericIndex := 1,
guessedCoefficients := [ 2, 5, 10, 17, 26, 37, 50, 65 ],
guessedMemberTest := rec(
coefficientCandidates := [ [ 2, 5, 10, 17, 26, 37, 50, 65 ], [ 1, 1, 1, 1, 1, 1, 1, 1 ], [ 1, 2, 3, 4, 5, 6, 7, 8 ], [ 1, -2, 3, -4, 5, -6, 7, -8 ], [ 1, 0, 0, -1, 0, 0, 0, 3 ], [ 1, 0, 0, 0, 0, 0, 0, 0 ], [ 0, 1, 0, 0, 0, 0, 0, 0 ], [ 0, 0, 1, 0, 0, 0, 0, 0 ], [ 0, 0, 0, 1, 0, 0, 0, 0 ], [ 0, 0, 0, 0, 1, 0, 0, 0 ], [ 0, 0, 0, 0, 0, 1, 0, 0 ], [ 0, 0, 0, 0, 0, 0, 1, 0 ], [ 0, 0, 0, 0, 0, 0, 0, 1 ], [ 1, 1, 0, 0, 0, 0, 0, 0 ], [ 1, -1, 0, 0, 0, 0, 0, 0 ], [ 1, 0, 1, 0, 0, 0, 0, 0 ], [ 1, 0, -1, 0, 0, 0, 0, 0 ], [ 1, 0, 0, 1, 0, 0, 0, 0 ], [ 1, 0, 0, -1, 0, 0, 0, 0 ], [ 1, 0, 0, 0, 1, 0, 0, 0 ], [ 1, 0, 0, 0, -1, 0, 0, 0 ], [ 1, 0, 0, 0, 0, 1, 0, 0 ], [ 1, 0, 0, 0, 0, -1, 0, 0 ], [ 1, 0, 0, 0, 0, 0, 1, 0 ], [ 1, 0, 0, 0, 0, 0, -1, 0 ], [ 1, 0, 0, 0, 0, 0, 0, 1 ], [ 1, 0, 0, 0, 0, 0, 0, -1 ], [ 0, 1, 1, 0, 0, 0, 0, 0 ], [ 0, 1, -1, 0, 0, 0, 0, 0 ], [ 0, 1, 0, 1, 0, 0, 0, 0 ], [ 0, 1, 0, -1, 0, 0, 0, 0 ], [ 0, 1, 0, 0, 1, 0, 0, 0 ] ],
coefficientFieldConductor := 1,
exactTrials := [ rec(
coefficients := [ 2, 5, 10, 17, 26, 37, 50, 65 ],
trial := rec(
coefficientFieldConductor := 1,
exitCode := 0,
singularChart := 1,
singularOutput := "CF_EXACT_SINGULAR_CHART_1\nCF_EXACT_SINGULAR\nCF_SCRIPT_COMPLETED_OK\n",
status := "exact_singular" ) ), rec(
coefficients := [ 1, 1, 1, 1, 1, 1, 1, 1 ],
trial := rec(
coefficientFieldConductor := 1,
exitCode := 0,
singularChart := 1,
singularOutput := "CF_EXACT_SINGULAR_CHART_1\nCF_EXACT_SINGULAR\nCF_SCRIPT_COMPLETED_OK\n",
status := "exact_singular" ) ), rec(
coefficients := [ 1, 2, 3, 4, 5, 6, 7, 8 ],
trial := rec(
coefficientFieldConductor := 1,
exitCode := 0,
singularChart := 1,
singularOutput := "CF_EXACT_SINGULAR_CHART_1\nCF_EXACT_SINGULAR\nCF_SCRIPT_COMPLETED_OK\n",
status := "exact_singular" ) ), rec(
coefficients := [ 1, -2, 3, -4, 5, -6, 7, -8 ],
trial := rec(
coefficientFieldConductor := 1,
exitCode := 0,
singularChart := 1,
singularOutput := "CF_EXACT_SINGULAR_CHART_1\nCF_EXACT_SINGULAR\nCF_SCRIPT_COMPLETED_OK\n",
status := "exact_singular" ) ), rec(
coefficients := [ 1, 0, 0, -1, 0, 0, 0, 3 ],
trial := rec(
coefficientFieldConductor := 1,
exitCode := 0,
singularChart := 1,
singularOutput := "CF_EXACT_SINGULAR_CHART_1\nCF_EXACT_SINGULAR\nCF_SCRIPT_COMPLETED_OK\n",
status := "exact_singular" ) ), rec(
coefficients := [ 1, 0, 0, 0, 0, 0, 0, 0 ],
trial := rec(
coefficientFieldConductor := 1,
exitCode := 0,
singularChart := 1,
singularOutput := "CF_EXACT_SINGULAR_CHART_1\nCF_EXACT_SINGULAR\nCF_SCRIPT_COMPLETED_OK\n",
status := "exact_singular" ) ) ],
finiteFieldTrials := [ rec(
exitCode := 0,
numberOfMembersTested := 32,
prime := 5,
singularOutput := "CF_SINGULAR_MEMBER_1_END\nCF_SINGULAR_MEMBER_2_END\nCF_SINGULAR_MEMBER_3_END\nCF_SINGULAR_MEMBER_4_END\nCF_SINGULAR_MEMBER_5_END\nCF_SINGULAR_MEMBER_6_END\nCF_SINGULAR_MEMBER_7_END\nCF_SINGULAR_MEMBER_8_END\nCF_SINGULAR_MEMBER_9_END\nCF_SINGULAR_MEMBER_10_END\nCF_SINGULAR_MEMBER_11_END\nCF_SINGULAR_MEMBER_12_END\nCF_SINGULAR_MEMBER_13_END\nCF_SINGULAR_MEMBER_14_END\nCF_SINGULAR_MEMBER_15_END\nCF_SINGULAR_MEMBER_16_END\nCF_SINGULAR_MEMBER_17_END\nCF_SINGULAR_MEMBER_18_END\nCF_SINGULAR_MEMBER_19_END\nCF_SINGULAR_MEMBER_20_END\nCF_SINGULAR_MEMBER_21_END\nCF_SINGULAR_MEMBER_22_END\nCF_SINGULAR_MEMBER_23_END\nCF_SINGULAR_MEMBER_24_END\nCF_SINGULAR_MEMBER_25_END\nCF_SINGULAR_MEMBER_26_END\nCF_SINGULAR_MEMBER_27_END\nCF_SINGULAR_MEMBER_28_END\nCF_SINGULAR_MEMBER_29_END\nCF_SINGULAR_MEMBER_30_END\nCF_SINGULAR_MEMBER_31_END\nCF_SINGULAR_MEMBER_32_END\nCF_NO_SMOOTH_MEMBER\nCF_SCRIPT_COMPLETED_OK\n",
status := "no_smooth_in_batch",
witnessIndex := fail,
witnessVerificationPassed := false ), rec(
exitCode := 0,
numberOfMembersTested := 32,
prime := 11,
singularOutput := "CF_SINGULAR_MEMBER_1_END\nCF_SINGULAR_MEMBER_2_END\nCF_SINGULAR_MEMBER_3_END\nCF_SINGULAR_MEMBER_4_END\nCF_SINGULAR_MEMBER_5_END\nCF_SINGULAR_MEMBER_6_END\nCF_SINGULAR_MEMBER_7_END\nCF_SINGULAR_MEMBER_8_END\nCF_SINGULAR_MEMBER_9_END\nCF_SINGULAR_MEMBER_10_END\nCF_SINGULAR_MEMBER_11_END\nCF_SINGULAR_MEMBER_12_END\nCF_SINGULAR_MEMBER_13_END\nCF_SINGULAR_MEMBER_14_END\nCF_SINGULAR_MEMBER_15_END\nCF_SINGULAR_MEMBER_16_END\nCF_SINGULAR_MEMBER_17_END\nCF_SINGULAR_MEMBER_18_END\nCF_SINGULAR_MEMBER_19_END\nCF_SINGULAR_MEMBER_20_END\nCF_SINGULAR_MEMBER_21_END\nCF_SINGULAR_MEMBER_22_END\nCF_SINGULAR_MEMBER_23_END\nCF_SINGULAR_MEMBER_24_END\nCF_SINGULAR_MEMBER_25_END\nCF_SINGULAR_MEMBER_26_END\nCF_SINGULAR_MEMBER_27_END\nCF_SINGULAR_MEMBER_28_END\nCF_SINGULAR_MEMBER_29_END\nCF_SINGULAR_MEMBER_30_END\nCF_SINGULAR_MEMBER_31_END\nCF_SINGULAR_MEMBER_32_END\nCF_NO_SMOOTH_MEMBER\nCF_SCRIPT_COMPLETED_OK\n",
status := "no_smooth_in_batch",
witnessIndex := fail,
witnessVerificationPassed := false ), rec(
exitCode := 0,
numberOfMembersTested := 32,
prime := 13,
singularOutput := "CF_SINGULAR_MEMBER_1_END\nCF_SINGULAR_MEMBER_2_END\nCF_SINGULAR_MEMBER_3_END\nCF_SINGULAR_MEMBER_4_END\nCF_SINGULAR_MEMBER_5_END\nCF_SINGULAR_MEMBER_6_END\nCF_SINGULAR_MEMBER_7_END\nCF_SINGULAR_MEMBER_8_END\nCF_SINGULAR_MEMBER_9_END\nCF_SINGULAR_MEMBER_10_END\nCF_SINGULAR_MEMBER_11_END\nCF_SINGULAR_MEMBER_12_END\nCF_SINGULAR_MEMBER_13_END\nCF_SINGULAR_MEMBER_14_END\nCF_SINGULAR_MEMBER_15_END\nCF_SINGULAR_MEMBER_16_END\nCF_SINGULAR_MEMBER_17_END\nCF_SINGULAR_MEMBER_18_END\nCF_SINGULAR_MEMBER_19_END\nCF_SINGULAR_MEMBER_20_END\nCF_SINGULAR_MEMBER_21_END\nCF_SINGULAR_MEMBER_22_END\nCF_SINGULAR_MEMBER_23_END\nCF_SINGULAR_MEMBER_24_END\nCF_SINGULAR_MEMBER_25_END\nCF_SINGULAR_MEMBER_26_END\nCF_SINGULAR_MEMBER_27_END\nCF_SINGULAR_MEMBER_28_END\nCF_SINGULAR_MEMBER_29_END\nCF_SINGULAR_MEMBER_30_END\nCF_SINGULAR_MEMBER_31_END\nCF_SINGULAR_MEMBER_32_END\nCF_NO_SMOOTH_MEMBER\nCF_SCRIPT_COMPLETED_OK\n",
status := "no_smooth_in_batch",
witnessIndex := fail,
witnessVerificationPassed := false ) ],
method := "deterministic coefficient batch",
status := "no_smooth_witness" ),
guessedPolynomial := "(236/441)*x3*x6^2 + (59/9)*x3*x5^2 + (163/18)*x3*x4^2 + (10583/2916)*x3^3 + (8/49)*x2*x6^2 + (2)*x2*x5^2 + (5)*x2*x4^2 + (151/162)*x2*x3^2 + (13/9)*x2^2*x3 + (10)*x2^3 + (68/49)*x1*x6^2 + (17)*x1*x5^2 + (26)*x1*x4^2 + (2759/108)*x1*x3^2 + (67/9)*x1*x2*x3 + (37)*x1*x2^2 + (185/3)*x1^2*x3 + (50)*x1^2*x2 + (65)*x1^3",
isDirectKnownCase := false,
linearGId := [ 72, 37 ],
projectiveGId := [ 24, 10 ],
proofType := "the invariant basis has a nonempty exact common projective Jacobian locus",
status := "singular",
symplecticPart := "C2^2",
testedCoefficientCandidates := [ [ 2, 5, 10, 17, 26, 37, 50, 65 ], [ 1, 1, 1, 1, 1, 1, 1, 1 ], [ 1, 2, 3, 4, 5, 6, 7, 8 ], [ 1, -2, 3, -4, 5, -6, 7, -8 ], [ 1, 0, 0, -1, 0, 0, 0, 3 ], [ 1, 0, 0, 0, 0, 0, 0, 0 ], [ 0, 1, 0, 0, 0, 0, 0, 0 ], [ 0, 0, 1, 0, 0, 0, 0, 0 ], [ 0, 0, 0, 1, 0, 0, 0, 0 ], [ 0, 0, 0, 0, 1, 0, 0, 0 ], [ 0, 0, 0, 0, 0, 1, 0, 0 ], [ 0, 0, 0, 0, 0, 0, 1, 0 ], [ 0, 0, 0, 0, 0, 0, 0, 1 ], [ 1, 1, 0, 0, 0, 0, 0, 0 ], [ 1, -1, 0, 0, 0, 0, 0, 0 ], [ 1, 0, 1, 0, 0, 0, 0, 0 ], [ 1, 0, -1, 0, 0, 0, 0, 0 ], [ 1, 0, 0, 1, 0, 0, 0, 0 ], [ 1, 0, 0, -1, 0, 0, 0, 0 ], [ 1, 0, 0, 0, 1, 0, 0, 0 ], [ 1, 0, 0, 0, -1, 0, 0, 0 ], [ 1, 0, 0, 0, 0, 1, 0, 0 ], [ 1, 0, 0, 0, 0, -1, 0, 0 ], [ 1, 0, 0, 0, 0, 0, 1, 0 ], [ 1, 0, 0, 0, 0, 0, -1, 0 ], [ 1, 0, 0, 0, 0, 0, 0, 1 ], [ 1, 0, 0, 0, 0, 0, 0, -1 ], [ 0, 1, 1, 0, 0, 0, 0, 0 ], [ 0, 1, -1, 0, 0, 0, 0, 0 ], [ 0, 1, 0, 1, 0, 0, 0, 0 ], [ 0, 1, 0, -1, 0, 0, 0, 0 ], [ 0, 1, 0, 0, 1, 0, 0, 0 ] ] ), rec(
candidateNumber := 59,
centralizerDimension := 5,
commonPointChecks := 4056,
commonPointLimitReached := false,
componentIndex := 1,
componentLabel := "unique C2^2 component",
cubicInvariantDimension := 6,
determinantImageOrder := 6,
exactCommonLocusTest := rec(
coefficientFieldConductor := 1,
exitCode := 0,
singularChart := fail,
singularOutput := "CF_NO_COMMON_SINGULAR_POINT\nCF_SCRIPT_COMPLETED_OK\n",
status := "no_common_singular_point" ),
familyDimension := 1,
familyIndexWithinCase := 8,
genericIndex := 1,
guessedCoefficients := [ 2, 5, 10, 17, 26, 37 ],
guessedMemberTest := rec(
coefficientCandidates := [ [ 2, 5, 10, 17, 26, 37 ], [ 1, 1, 1, 1, 1, 1 ], [ 1, 2, 3, 4, 5, 6 ], [ 1, -2, 3, -4, 5, -6 ], [ 1, 0, -1, 0, 0, 3 ], [ 1, 0, 0, 0, 0, 0 ], [ 0, 1, 0, 0, 0, 0 ], [ 0, 0, 1, 0, 0, 0 ], [ 0, 0, 0, 1, 0, 0 ], [ 0, 0, 0, 0, 1, 0 ], [ 0, 0, 0, 0, 0, 1 ], [ 1, 1, 0, 0, 0, 0 ], [ 1, -1, 0, 0, 0, 0 ], [ 1, 0, 1, 0, 0, 0 ], [ 1, 0, -1, 0, 0, 0 ], [ 1, 0, 0, 1, 0, 0 ], [ 1, 0, 0, -1, 0, 0 ], [ 1, 0, 0, 0, 1, 0 ], [ 1, 0, 0, 0, -1, 0 ], [ 1, 0, 0, 0, 0, 1 ], [ 1, 0, 0, 0, 0, -1 ], [ 0, 1, 1, 0, 0, 0 ], [ 0, 1, -1, 0, 0, 0 ], [ 0, 1, 0, 1, 0, 0 ], [ 0, 1, 0, -1, 0, 0 ], [ 0, 1, 0, 0, 1, 0 ], [ 0, 1, 0, 0, -1, 0 ], [ 0, 1, 0, 0, 0, 1 ], [ 0, 1, 0, 0, 0, -1 ], [ 0, 0, 1, 1, 0, 0 ], [ 0, 0, 1, -1, 0, 0 ], [ 0, 0, 1, 0, 1, 0 ] ],
coefficientFieldConductor := 1,
exactTrials := [ rec(
coefficients := [ 2, 5, 10, 17, 26, 37 ],
trial := rec(
coefficientFieldConductor := 1,
exitCode := 0,
singularChart := 1,
singularOutput := "CF_EXACT_SINGULAR_CHART_1\nCF_EXACT_SINGULAR\nCF_SCRIPT_COMPLETED_OK\n",
status := "exact_singular" ) ), rec(
coefficients := [ 1, 1, 1, 1, 1, 1 ],
trial := rec(
coefficientFieldConductor := 1,
exitCode := 0,
singularChart := 1,
singularOutput := "CF_EXACT_SINGULAR_CHART_1\nCF_EXACT_SINGULAR\nCF_SCRIPT_COMPLETED_OK\n",
status := "exact_singular" ) ), rec(
coefficients := [ 1, 2, 3, 4, 5, 6 ],
trial := rec(
coefficientFieldConductor := 1,
exitCode := 0,
singularChart := 1,
singularOutput := "CF_EXACT_SINGULAR_CHART_1\nCF_EXACT_SINGULAR\nCF_SCRIPT_COMPLETED_OK\n",
status := "exact_singular" ) ), rec(
coefficients := [ 1, -2, 3, -4, 5, -6 ],
trial := rec(
coefficientFieldConductor := 1,
exitCode := 0,
singularChart := 1,
singularOutput := "CF_EXACT_SINGULAR_CHART_1\nCF_EXACT_SINGULAR\nCF_SCRIPT_COMPLETED_OK\n",
status := "exact_singular" ) ), rec(
coefficients := [ 1, 0, -1, 0, 0, 3 ],
trial := rec(
coefficientFieldConductor := 1,
exitCode := 0,
singularChart := 1,
singularOutput := "CF_EXACT_SINGULAR_CHART_1\nCF_EXACT_SINGULAR\nCF_SCRIPT_COMPLETED_OK\n",
status := "exact_singular" ) ), rec(
coefficients := [ 1, 0, 0, 0, 0, 0 ],
trial := rec(
coefficientFieldConductor := 1,
exitCode := 0,
singularChart := 1,
singularOutput := "CF_EXACT_SINGULAR_CHART_1\nCF_EXACT_SINGULAR\nCF_SCRIPT_COMPLETED_OK\n",
status := "exact_singular" ) ) ],
finiteFieldTrials := [ rec(
exitCode := 0,
numberOfMembersTested := 32,
prime := 17,
singularOutput := "CF_SINGULAR_MEMBER_1_END\nCF_SINGULAR_MEMBER_2_END\nCF_SINGULAR_MEMBER_3_END\nCF_SINGULAR_MEMBER_4_END\nCF_SINGULAR_MEMBER_5_END\nCF_SINGULAR_MEMBER_6_END\nCF_SINGULAR_MEMBER_7_END\nCF_SINGULAR_MEMBER_8_END\nCF_SINGULAR_MEMBER_9_END\nCF_SINGULAR_MEMBER_10_END\nCF_SINGULAR_MEMBER_11_END\nCF_SINGULAR_MEMBER_12_END\nCF_SINGULAR_MEMBER_13_END\nCF_SINGULAR_MEMBER_14_END\nCF_SINGULAR_MEMBER_15_END\nCF_SINGULAR_MEMBER_16_END\nCF_SINGULAR_MEMBER_17_END\nCF_SINGULAR_MEMBER_18_END\nCF_SINGULAR_MEMBER_19_END\nCF_SINGULAR_MEMBER_20_END\nCF_SINGULAR_MEMBER_21_END\nCF_SINGULAR_MEMBER_22_END\nCF_SINGULAR_MEMBER_23_END\nCF_SINGULAR_MEMBER_24_END\nCF_SINGULAR_MEMBER_25_END\nCF_SINGULAR_MEMBER_26_END\nCF_SINGULAR_MEMBER_27_END\nCF_SINGULAR_MEMBER_28_END\nCF_SINGULAR_MEMBER_29_END\nCF_SINGULAR_MEMBER_30_END\nCF_SINGULAR_MEMBER_31_END\nCF_SINGULAR_MEMBER_32_END\nCF_NO_SMOOTH_MEMBER\nCF_SCRIPT_COMPLETED_OK\n",
status := "no_smooth_in_batch",
witnessIndex := fail,
witnessVerificationPassed := false ), rec(
exitCode := 0,
numberOfMembersTested := 32,
prime := 19,
singularOutput := "CF_SINGULAR_MEMBER_1_END\nCF_SINGULAR_MEMBER_2_END\nCF_SINGULAR_MEMBER_3_END\nCF_SINGULAR_MEMBER_4_END\nCF_SINGULAR_MEMBER_5_END\nCF_SINGULAR_MEMBER_6_END\nCF_SINGULAR_MEMBER_7_END\nCF_SINGULAR_MEMBER_8_END\nCF_SINGULAR_MEMBER_9_END\nCF_SINGULAR_MEMBER_10_END\nCF_SINGULAR_MEMBER_11_END\nCF_SINGULAR_MEMBER_12_END\nCF_SINGULAR_MEMBER_13_END\nCF_SINGULAR_MEMBER_14_END\nCF_SINGULAR_MEMBER_15_END\nCF_SINGULAR_MEMBER_16_END\nCF_SINGULAR_MEMBER_17_END\nCF_SINGULAR_MEMBER_18_END\nCF_SINGULAR_MEMBER_19_END\nCF_SINGULAR_MEMBER_20_END\nCF_SINGULAR_MEMBER_21_END\nCF_SINGULAR_MEMBER_22_END\nCF_SINGULAR_MEMBER_23_END\nCF_SINGULAR_MEMBER_24_END\nCF_SINGULAR_MEMBER_25_END\nCF_SINGULAR_MEMBER_26_END\nCF_SINGULAR_MEMBER_27_END\nCF_SINGULAR_MEMBER_28_END\nCF_SINGULAR_MEMBER_29_END\nCF_SINGULAR_MEMBER_30_END\nCF_SINGULAR_MEMBER_31_END\nCF_SINGULAR_MEMBER_32_END\nCF_NO_SMOOTH_MEMBER\nCF_SCRIPT_COMPLETED_OK\n",
status := "no_smooth_in_batch",
witnessIndex := fail,
witnessVerificationPassed := false ), rec(
exitCode := 0,
numberOfMembersTested := 32,
prime := 23,
singularOutput := "CF_SINGULAR_MEMBER_1_END\nCF_SINGULAR_MEMBER_2_END\nCF_SINGULAR_MEMBER_3_END\nCF_SINGULAR_MEMBER_4_END\nCF_SINGULAR_MEMBER_5_END\nCF_SINGULAR_MEMBER_6_END\nCF_SINGULAR_MEMBER_7_END\nCF_SINGULAR_MEMBER_8_END\nCF_SINGULAR_MEMBER_9_END\nCF_SINGULAR_MEMBER_10_END\nCF_SINGULAR_MEMBER_11_END\nCF_SINGULAR_MEMBER_12_END\nCF_SINGULAR_MEMBER_13_END\nCF_SINGULAR_MEMBER_14_END\nCF_SINGULAR_MEMBER_15_END\nCF_SINGULAR_MEMBER_16_END\nCF_SINGULAR_MEMBER_17_END\nCF_SINGULAR_MEMBER_18_END\nCF_SINGULAR_MEMBER_19_END\nCF_SINGULAR_MEMBER_20_END\nCF_SINGULAR_MEMBER_21_END\nCF_SINGULAR_MEMBER_22_END\nCF_SINGULAR_MEMBER_23_END\nCF_SINGULAR_MEMBER_24_END\nCF_SINGULAR_MEMBER_25_END\nCF_SINGULAR_MEMBER_26_END\nCF_SINGULAR_MEMBER_27_END\nCF_SINGULAR_MEMBER_28_END\nCF_SINGULAR_MEMBER_29_END\nCF_SINGULAR_MEMBER_30_END\nCF_SINGULAR_MEMBER_31_END\nCF_SINGULAR_MEMBER_32_END\nCF_NO_SMOOTH_MEMBER\nCF_SCRIPT_COMPLETED_OK\n",
status := "no_smooth_in_batch",
witnessIndex := fail,
witnessVerificationPassed := false ) ],
method := "deterministic coefficient batch",
status := "no_smooth_witness" ),
guessedPolynomial := "(14501/4851)*x3*x6^2 + (8627/396)*x3*x5^2 + (1960/99)*x3*x4^2 + (-26537174122/105115725)*x3^3 + (-20378/4851)*x2*x6^2 + (-7747/198)*x2*x5^2 + (-3040/99)*x2*x4^2 + (15258236816/11679525)*x2*x3^2 + (-78257836832/35038575)*x2^2*x3 + (-8946840212/105115725)*x2^3 + (2)*x1*x6^2 + (5)*x1*x5^2 + (10)*x1*x4^2 + (-33070691/141570)*x1*x3^2 + (69010534/70785)*x1*x2*x3 + (-12909046/23595)*x1*x2^2 + (17)*x1^2*x3 + (26)*x1^2*x2 + (37)*x1^3",
isDirectKnownCase := false,
linearGId := [ 72, 37 ],
projectiveGId := [ 24, 10 ],
proofType := "no smooth member or family-wide singularity certificate was found",
status := "unknown",
symplecticPart := "C2^2",
testedCoefficientCandidates := [ [ 2, 5, 10, 17, 26, 37 ], [ 1, 1, 1, 1, 1, 1 ], [ 1, 2, 3, 4, 5, 6 ], [ 1, -2, 3, -4, 5, -6 ], [ 1, 0, -1, 0, 0, 3 ], [ 1, 0, 0, 0, 0, 0 ], [ 0, 1, 0, 0, 0, 0 ], [ 0, 0, 1, 0, 0, 0 ], [ 0, 0, 0, 1, 0, 0 ], [ 0, 0, 0, 0, 1, 0 ], [ 0, 0, 0, 0, 0, 1 ], [ 1, 1, 0, 0, 0, 0 ], [ 1, -1, 0, 0, 0, 0 ], [ 1, 0, 1, 0, 0, 0 ], [ 1, 0, -1, 0, 0, 0 ], [ 1, 0, 0, 1, 0, 0 ], [ 1, 0, 0, -1, 0, 0 ], [ 1, 0, 0, 0, 1, 0 ], [ 1, 0, 0, 0, -1, 0 ], [ 1, 0, 0, 0, 0, 1 ], [ 1, 0, 0, 0, 0, -1 ], [ 0, 1, 1, 0, 0, 0 ], [ 0, 1, -1, 0, 0, 0 ], [ 0, 1, 0, 1, 0, 0 ], [ 0, 1, 0, -1, 0, 0 ], [ 0, 1, 0, 0, 1, 0 ], [ 0, 1, 0, 0, -1, 0 ], [ 0, 1, 0, 0, 0, 1 ], [ 0, 1, 0, 0, 0, -1 ], [ 0, 0, 1, 1, 0, 0 ], [ 0, 0, 1, -1, 0, 0 ], [ 0, 0, 1, 0, 1, 0 ] ] ), rec(
candidateNumber := 60,
centralizerDimension := 7,
componentIndex := 1,
componentLabel := "unique C2^2 component",
cubicInvariantDimension := 10,
determinantImageOrder := 6,
familyDimension := 3,
familyIndexWithinCase := 9,
genericIndex := 1,
guessedCoefficients := [ 2, 5, 10, 17, 26, 37, 50, 65, 82, 101 ],
guessedMemberTest := rec(
coefficientCandidates := [ [ 2, 5, 10, 17, 26, 37, 50, 65, 82, 101 ], [ 1, 1, 1, 1, 1, 1, 1, 1, 1, 1 ], [ 1, 2, 3, 4, 5, 6, 7, 8, 9, 10 ], [ 1, -2, 3, -4, 5, -6, 7, -8, 9, -10 ], [ 1, 0, 0, 0, -1, 0, 0, 0, 0, 3 ], [ 1, 0, 0, 0, 0, 0, 0, 0, 0, 0 ], [ 0, 1, 0, 0, 0, 0, 0, 0, 0, 0 ], [ 0, 0, 1, 0, 0, 0, 0, 0, 0, 0 ], [ 0, 0, 0, 1, 0, 0, 0, 0, 0, 0 ], [ 0, 0, 0, 0, 1, 0, 0, 0, 0, 0 ], [ 0, 0, 0, 0, 0, 1, 0, 0, 0, 0 ], [ 0, 0, 0, 0, 0, 0, 1, 0, 0, 0 ], [ 0, 0, 0, 0, 0, 0, 0, 1, 0, 0 ], [ 0, 0, 0, 0, 0, 0, 0, 0, 1, 0 ], [ 0, 0, 0, 0, 0, 0, 0, 0, 0, 1 ], [ 1, 1, 0, 0, 0, 0, 0, 0, 0, 0 ], [ 1, -1, 0, 0, 0, 0, 0, 0, 0, 0 ], [ 1, 0, 1, 0, 0, 0, 0, 0, 0, 0 ], [ 1, 0, -1, 0, 0, 0, 0, 0, 0, 0 ], [ 1, 0, 0, 1, 0, 0, 0, 0, 0, 0 ], [ 1, 0, 0, -1, 0, 0, 0, 0, 0, 0 ], [ 1, 0, 0, 0, 1, 0, 0, 0, 0, 0 ], [ 1, 0, 0, 0, -1, 0, 0, 0, 0, 0 ], [ 1, 0, 0, 0, 0, 1, 0, 0, 0, 0 ], [ 1, 0, 0, 0, 0, -1, 0, 0, 0, 0 ], [ 1, 0, 0, 0, 0, 0, 1, 0, 0, 0 ], [ 1, 0, 0, 0, 0, 0, -1, 0, 0, 0 ], [ 1, 0, 0, 0, 0, 0, 0, 1, 0, 0 ], [ 1, 0, 0, 0, 0, 0, 0, -1, 0, 0 ], [ 1, 0, 0, 0, 0, 0, 0, 0, 1, 0 ], [ 1, 0, 0, 0, 0, 0, 0, 0, -1, 0 ], [ 1, 0, 0, 0, 0, 0, 0, 0, 0, 1 ] ],
coefficientFieldConductor := 1,
exactTrials := [  ],
finiteFieldTrials := [ rec(
exitCode := 0,
numberOfMembersTested := 32,
prime := 11,
singularOutput := "CF_SMOOTH_MEMBER_1_END\nCF_SCRIPT_COMPLETED_OK\n",
status := "smooth",
witnessIndex := 1,
witnessVerificationPassed := true ) ],
member := rec(
coefficients := [ 2, 5, 10, 17, 26, 37, 50, 65, 82, 101 ],
monomialCoefficients := [ 0, 0, 0, 0, 0, 2, 0, 0, 0, 0, 326/441, 0, 163/18, 0, 0, 103/9, 0, 0, 0, -14423567/48600, 20/49, 0, 5, 0, 0, 10, 0, 0, 0, 13529471/8100, 0, 0, 0, -4244053/1350, 17, 104/49, 0, 26, 0, 0, 37, 0, 0, 0, -3691/30, 0, 0, 0, 28034/45, 50, 0, 0, 0, 65, 82, 101 ],
polynomial := "(2)*x4*x5*x6 + (326/441)*x3*x6^2 + (163/18)*x3*x5^2 + (103/9)*x3*x4^2 + (-14423567/48600)*x3^3 + (20/49)*x2*x6^2 + (5)*x2*x5^2 + (10)*x2*x4^2 + (13529471/8100)*x2*x3^2 + (-4244053/1350)*x2^2*x3 + (17)*x2^3 + (104/49)*x1*x6^2 + (26)*x1*x5^2 + (37)*x1*x4^2 + (-3691/30)*x1*x3^2 + (28034/45)*x1*x2*x3 + (50)*x1*x2^2 + (65)*x1^2*x3 + (82)*x1^2*x2 + (101)*x1^3" ),
method := "smooth reduction at a good split prime",
status := "smooth",
witnessPrime := 11 ),
isDirectKnownCase := false,
linearGId := [ 72, 37 ],
projectiveGId := [ 24, 10 ],
proofType := "an explicit member of the invariant cubic family is smooth",
smoothPolynomial := "(2)*x4*x5*x6 + (326/441)*x3*x6^2 + (163/18)*x3*x5^2 + (103/9)*x3*x4^2 + (-14423567/48600)*x3^3 + (20/49)*x2*x6^2 + (5)*x2*x5^2 + (10)*x2*x4^2 + (13529471/8100)*x2*x3^2 + (-4244053/1350)*x2^2*x3 + (17)*x2^3 + (104/49)*x1*x6^2 + (26)*x1*x5^2 + (37)*x1*x4^2 + (-3691/30)*x1*x3^2 + (28034/45)*x1*x2*x3 + (50)*x1*x2^2 + (65)*x1^2*x3 + (82)*x1^2*x2 + (101)*x1^3",
status := "smooth",
symplecticPart := "C2^2",
testedCoefficientCandidates := [ [ 2, 5, 10, 17, 26, 37, 50, 65, 82, 101 ], [ 1, 1, 1, 1, 1, 1, 1, 1, 1, 1 ], [ 1, 2, 3, 4, 5, 6, 7, 8, 9, 10 ], [ 1, -2, 3, -4, 5, -6, 7, -8, 9, -10 ], [ 1, 0, 0, 0, -1, 0, 0, 0, 0, 3 ], [ 1, 0, 0, 0, 0, 0, 0, 0, 0, 0 ], [ 0, 1, 0, 0, 0, 0, 0, 0, 0, 0 ], [ 0, 0, 1, 0, 0, 0, 0, 0, 0, 0 ], [ 0, 0, 0, 1, 0, 0, 0, 0, 0, 0 ], [ 0, 0, 0, 0, 1, 0, 0, 0, 0, 0 ], [ 0, 0, 0, 0, 0, 1, 0, 0, 0, 0 ], [ 0, 0, 0, 0, 0, 0, 1, 0, 0, 0 ], [ 0, 0, 0, 0, 0, 0, 0, 1, 0, 0 ], [ 0, 0, 0, 0, 0, 0, 0, 0, 1, 0 ], [ 0, 0, 0, 0, 0, 0, 0, 0, 0, 1 ], [ 1, 1, 0, 0, 0, 0, 0, 0, 0, 0 ], [ 1, -1, 0, 0, 0, 0, 0, 0, 0, 0 ], [ 1, 0, 1, 0, 0, 0, 0, 0, 0, 0 ], [ 1, 0, -1, 0, 0, 0, 0, 0, 0, 0 ], [ 1, 0, 0, 1, 0, 0, 0, 0, 0, 0 ], [ 1, 0, 0, -1, 0, 0, 0, 0, 0, 0 ], [ 1, 0, 0, 0, 1, 0, 0, 0, 0, 0 ], [ 1, 0, 0, 0, -1, 0, 0, 0, 0, 0 ], [ 1, 0, 0, 0, 0, 1, 0, 0, 0, 0 ], [ 1, 0, 0, 0, 0, -1, 0, 0, 0, 0 ], [ 1, 0, 0, 0, 0, 0, 1, 0, 0, 0 ], [ 1, 0, 0, 0, 0, 0, -1, 0, 0, 0 ], [ 1, 0, 0, 0, 0, 0, 0, 1, 0, 0 ], [ 1, 0, 0, 0, 0, 0, 0, -1, 0, 0 ], [ 1, 0, 0, 0, 0, 0, 0, 0, 1, 0 ], [ 1, 0, 0, 0, 0, 0, 0, 0, -1, 0 ], [ 1, 0, 0, 0, 0, 0, 0, 0, 0, 1 ] ] ), rec(
candidateNumber := 61,
centralizerDimension := 7,
commonSingularPoint := [ 0, 0, 0, 0, 1, 0 ],
componentIndex := 1,
componentLabel := "unique C2^2 component",
cubicInvariantDimension := 7,
determinantImageOrder := 6,
familyDimension := 0,
familyIndexWithinCase := 10,
genericIndex := 1,
guessedMemberTest := rec(
status := "not_run" ),
isDirectKnownCase := false,
linearGId := [ 72, 37 ],
linearVariables := [ 5, 6 ],
projectiveGId := [ 24, 10 ],
proofType := "a variable has exponent at most one throughout the family",
status := "singular",
symplecticPart := "C2^2" ), rec(
candidateNumber := 62,
centralizerDimension := 5,
componentIndex := 1,
componentLabel := "unique C2^2 component",
cubicInvariantDimension := 6,
determinantImageOrder := 6,
familyDimension := 1,
familyIndexWithinCase := 11,
genericIndex := 1,
guessedCoefficients := [ 1, 2, 3, 4, 5, 6 ],
guessedMemberTest := rec(
coefficientCandidates := [ [ 2, 5, 10, 17, 26, 37 ], [ 1, 1, 1, 1, 1, 1 ], [ 1, 2, 3, 4, 5, 6 ], [ 1, -2, 3, -4, 5, -6 ], [ 1, 0, -1, 0, 0, 3 ], [ 1, 0, 0, 0, 0, 0 ], [ 0, 1, 0, 0, 0, 0 ], [ 0, 0, 1, 0, 0, 0 ], [ 0, 0, 0, 1, 0, 0 ], [ 0, 0, 0, 0, 1, 0 ], [ 0, 0, 0, 0, 0, 1 ], [ 1, 1, 0, 0, 0, 0 ], [ 1, -1, 0, 0, 0, 0 ], [ 1, 0, 1, 0, 0, 0 ], [ 1, 0, -1, 0, 0, 0 ], [ 1, 0, 0, 1, 0, 0 ], [ 1, 0, 0, -1, 0, 0 ], [ 1, 0, 0, 0, 1, 0 ], [ 1, 0, 0, 0, -1, 0 ], [ 1, 0, 0, 0, 0, 1 ], [ 1, 0, 0, 0, 0, -1 ], [ 0, 1, 1, 0, 0, 0 ], [ 0, 1, -1, 0, 0, 0 ], [ 0, 1, 0, 1, 0, 0 ], [ 0, 1, 0, -1, 0, 0 ], [ 0, 1, 0, 0, 1, 0 ], [ 0, 1, 0, 0, -1, 0 ], [ 0, 1, 0, 0, 0, 1 ], [ 0, 1, 0, 0, 0, -1 ], [ 0, 0, 1, 1, 0, 0 ], [ 0, 0, 1, -1, 0, 0 ], [ 0, 0, 1, 0, 1, 0 ] ],
coefficientFieldConductor := 1,
exactTrials := [  ],
finiteFieldTrials := [ rec(
exitCode := 0,
numberOfMembersTested := 32,
prime := 5,
singularOutput := "CF_SINGULAR_MEMBER_1_END\nCF_SINGULAR_MEMBER_2_END\nCF_SMOOTH_MEMBER_3_END\nCF_SCRIPT_COMPLETED_OK\n",
status := "smooth",
witnessIndex := 3,
witnessVerificationPassed := true ) ],
member := rec(
coefficients := [ 1, 2, 3, 4, 5, 6 ],
monomialCoefficients := [ 0, 0, 0, 0, 0, 0, 0, 0, 0, 0, 81115/407484, 0, 9857/33264, 0, 0, 45/52, 0, 0, 0, 49321199/1113079968, 99989/203742, 0, 19711/16632, 0, 0, 24/13, 0, 0, 0, 2928119/15459444, 0, 0, 0, 541897/7729722, -10778791/34783749, 1, 0, 2, 0, 0, 3, 0, 0, 0, 28577/36036, 0, 0, 0, 4421/2002, 7027/18018, 0, 0, 0, 4, 5, 6 ],
polynomial := "(81115/407484)*x3*x6^2 + (9857/33264)*x3*x5^2 + (45/52)*x3*x4^2 + (49321199/1113079968)*x3^3 + (99989/203742)*x2*x6^2 + (19711/16632)*x2*x5^2 + (24/13)*x2*x4^2 + (2928119/15459444)*x2*x3^2 + (541897/7729722)*x2^2*x3 + (-10778791/34783749)*x2^3 + x1*x6^2 + (2)*x1*x5^2 + (3)*x1*x4^2 + (28577/36036)*x1*x3^2 + (4421/2002)*x1*x2*x3 + (7027/18018)*x1*x2^2 + (4)*x1^2*x3 + (5)*x1^2*x2 + (6)*x1^3" ),
method := "smooth reduction at a good split prime",
status := "smooth",
witnessPrime := 5 ),
isDirectKnownCase := false,
linearGId := [ 72, 37 ],
projectiveGId := [ 24, 10 ],
proofType := "an explicit member of the invariant cubic family is smooth",
smoothPolynomial := "(81115/407484)*x3*x6^2 + (9857/33264)*x3*x5^2 + (45/52)*x3*x4^2 + (49321199/1113079968)*x3^3 + (99989/203742)*x2*x6^2 + (19711/16632)*x2*x5^2 + (24/13)*x2*x4^2 + (2928119/15459444)*x2*x3^2 + (541897/7729722)*x2^2*x3 + (-10778791/34783749)*x2^3 + x1*x6^2 + (2)*x1*x5^2 + (3)*x1*x4^2 + (28577/36036)*x1*x3^2 + (4421/2002)*x1*x2*x3 + (7027/18018)*x1*x2^2 + (4)*x1^2*x3 + (5)*x1^2*x2 + (6)*x1^3",
status := "smooth",
symplecticPart := "C2^2",
testedCoefficientCandidates := [ [ 2, 5, 10, 17, 26, 37 ], [ 1, 1, 1, 1, 1, 1 ], [ 1, 2, 3, 4, 5, 6 ], [ 1, -2, 3, -4, 5, -6 ], [ 1, 0, -1, 0, 0, 3 ], [ 1, 0, 0, 0, 0, 0 ], [ 0, 1, 0, 0, 0, 0 ], [ 0, 0, 1, 0, 0, 0 ], [ 0, 0, 0, 1, 0, 0 ], [ 0, 0, 0, 0, 1, 0 ], [ 0, 0, 0, 0, 0, 1 ], [ 1, 1, 0, 0, 0, 0 ], [ 1, -1, 0, 0, 0, 0 ], [ 1, 0, 1, 0, 0, 0 ], [ 1, 0, -1, 0, 0, 0 ], [ 1, 0, 0, 1, 0, 0 ], [ 1, 0, 0, -1, 0, 0 ], [ 1, 0, 0, 0, 1, 0 ], [ 1, 0, 0, 0, -1, 0 ], [ 1, 0, 0, 0, 0, 1 ], [ 1, 0, 0, 0, 0, -1 ], [ 0, 1, 1, 0, 0, 0 ], [ 0, 1, -1, 0, 0, 0 ], [ 0, 1, 0, 1, 0, 0 ], [ 0, 1, 0, -1, 0, 0 ], [ 0, 1, 0, 0, 1, 0 ], [ 0, 1, 0, 0, -1, 0 ], [ 0, 1, 0, 0, 0, 1 ], [ 0, 1, 0, 0, 0, -1 ], [ 0, 0, 1, 1, 0, 0 ], [ 0, 0, 1, -1, 0, 0 ], [ 0, 0, 1, 0, 1, 0 ] ] ), rec(
candidateNumber := 63,
centralizerDimension := 5,
commonSingularChart := 5,
componentIndex := 1,
componentLabel := "unique C2^2 component",
cubicInvariantDimension := 5,
determinantImageOrder := 6,
exactCommonLocusTest := rec(
coefficientFieldConductor := 3,
exitCode := 0,
singularChart := 5,
singularOutput := "CF_EXACT_COMMON_SINGULAR_CHART_5\nCF_EXACT_COMMON_SINGULAR_POINT\nCF_SCRIPT_COMPLETED_OK\n",
status := "common_singular_point_exists" ),
familyDimension := 0,
familyIndexWithinCase := 12,
genericIndex := 1,
guessedCoefficients := [ 2, 5, 10, 17, 26 ],
guessedMemberTest := rec(
coefficientCandidates := [ [ 2, 5, 10, 17, 26 ], [ 1, 1, 1, 1, 1 ], [ 1, 2, 3, 4, 5 ], [ 1, -2, 3, -4, 5 ], [ 1, 0, -1, 0, 3 ], [ 1, 0, 0, 0, 0 ], [ 0, 1, 0, 0, 0 ], [ 0, 0, 1, 0, 0 ], [ 0, 0, 0, 1, 0 ], [ 0, 0, 0, 0, 1 ], [ 1, 1, 0, 0, 0 ], [ 1, -1, 0, 0, 0 ], [ 1, 0, 1, 0, 0 ], [ 1, 0, -1, 0, 0 ], [ 1, 0, 0, 1, 0 ], [ 1, 0, 0, -1, 0 ], [ 1, 0, 0, 0, 1 ], [ 1, 0, 0, 0, -1 ], [ 0, 1, 1, 0, 0 ], [ 0, 1, -1, 0, 0 ], [ 0, 1, 0, 1, 0 ], [ 0, 1, 0, -1, 0 ], [ 0, 1, 0, 0, 1 ], [ 0, 1, 0, 0, -1 ], [ 0, 0, 1, 1, 0 ], [ 0, 0, 1, -1, 0 ], [ 0, 0, 1, 0, 1 ], [ 0, 0, 1, 0, -1 ], [ 0, 0, 0, 1, 1 ], [ 0, 0, 0, 1, -1 ], [ 8, -7, -8, -6, 8 ], [ 5, -1, -5, 4, -3 ] ],
coefficientFieldConductor := 3,
exactTrials := [ rec(
coefficients := [ 2, 5, 10, 17, 26 ],
trial := rec(
coefficientFieldConductor := 3,
exitCode := 0,
singularChart := 4,
singularOutput := "CF_EXACT_SINGULAR_CHART_4\nCF_EXACT_SINGULAR\nCF_SCRIPT_COMPLETED_OK\n",
status := "exact_singular" ) ), rec(
coefficients := [ 1, 1, 1, 1, 1 ],
trial := rec(
coefficientFieldConductor := 3,
exitCode := 0,
singularChart := 4,
singularOutput := "CF_EXACT_SINGULAR_CHART_4\nCF_EXACT_SINGULAR\nCF_SCRIPT_COMPLETED_OK\n",
status := "exact_singular" ) ), rec(
coefficients := [ 1, 2, 3, 4, 5 ],
trial := rec(
coefficientFieldConductor := 3,
exitCode := 0,
singularChart := 4,
singularOutput := "CF_EXACT_SINGULAR_CHART_4\nCF_EXACT_SINGULAR\nCF_SCRIPT_COMPLETED_OK\n",
status := "exact_singular" ) ), rec(
coefficients := [ 1, -2, 3, -4, 5 ],
trial := rec(
coefficientFieldConductor := 3,
exitCode := 0,
singularChart := 4,
singularOutput := "CF_EXACT_SINGULAR_CHART_4\nCF_EXACT_SINGULAR\nCF_SCRIPT_COMPLETED_OK\n",
status := "exact_singular" ) ), rec(
coefficients := [ 1, 0, -1, 0, 3 ],
trial := rec(
coefficientFieldConductor := 3,
exitCode := 0,
singularChart := 4,
singularOutput := "CF_EXACT_SINGULAR_CHART_4\nCF_EXACT_SINGULAR\nCF_SCRIPT_COMPLETED_OK\n",
status := "exact_singular" ) ), rec(
coefficients := [ 1, 0, 0, 0, 0 ],
trial := rec(
coefficientFieldConductor := 3,
exitCode := 0,
singularChart := 1,
singularOutput := "CF_EXACT_SINGULAR_CHART_1\nCF_EXACT_SINGULAR\nCF_SCRIPT_COMPLETED_OK\n",
status := "exact_singular" ) ) ],
finiteFieldTrials := [ rec(
exitCode := 0,
numberOfMembersTested := 32,
prime := 19,
singularOutput := "CF_SINGULAR_MEMBER_1_END\nCF_SINGULAR_MEMBER_2_END\nCF_SINGULAR_MEMBER_3_END\nCF_SINGULAR_MEMBER_4_END\nCF_SINGULAR_MEMBER_5_END\nCF_SINGULAR_MEMBER_6_END\nCF_SINGULAR_MEMBER_7_END\nCF_SINGULAR_MEMBER_8_END\nCF_SINGULAR_MEMBER_9_END\nCF_SINGULAR_MEMBER_10_END\nCF_SINGULAR_MEMBER_11_END\nCF_SINGULAR_MEMBER_12_END\nCF_SINGULAR_MEMBER_13_END\nCF_SINGULAR_MEMBER_14_END\nCF_SINGULAR_MEMBER_15_END\nCF_SINGULAR_MEMBER_16_END\nCF_SINGULAR_MEMBER_17_END\nCF_SINGULAR_MEMBER_18_END\nCF_SINGULAR_MEMBER_19_END\nCF_SINGULAR_MEMBER_20_END\nCF_SINGULAR_MEMBER_21_END\nCF_SINGULAR_MEMBER_22_END\nCF_SINGULAR_MEMBER_23_END\nCF_SINGULAR_MEMBER_24_END\nCF_SINGULAR_MEMBER_25_END\nCF_SINGULAR_MEMBER_26_END\nCF_SINGULAR_MEMBER_27_END\nCF_SINGULAR_MEMBER_28_END\nCF_SINGULAR_MEMBER_29_END\nCF_SINGULAR_MEMBER_30_END\nCF_SINGULAR_MEMBER_31_END\nCF_SINGULAR_MEMBER_32_END\nCF_NO_SMOOTH_MEMBER\nCF_SCRIPT_COMPLETED_OK\n",
status := "no_smooth_in_batch",
witnessIndex := fail,
witnessVerificationPassed := false ), rec(
exitCode := 0,
numberOfMembersTested := 32,
prime := 31,
singularOutput := "CF_SINGULAR_MEMBER_1_END\nCF_SINGULAR_MEMBER_2_END\nCF_SINGULAR_MEMBER_3_END\nCF_SINGULAR_MEMBER_4_END\nCF_SINGULAR_MEMBER_5_END\nCF_SINGULAR_MEMBER_6_END\nCF_SINGULAR_MEMBER_7_END\nCF_SINGULAR_MEMBER_8_END\nCF_SINGULAR_MEMBER_9_END\nCF_SINGULAR_MEMBER_10_END\nCF_SINGULAR_MEMBER_11_END\nCF_SINGULAR_MEMBER_12_END\nCF_SINGULAR_MEMBER_13_END\nCF_SINGULAR_MEMBER_14_END\nCF_SINGULAR_MEMBER_15_END\nCF_SINGULAR_MEMBER_16_END\nCF_SINGULAR_MEMBER_17_END\nCF_SINGULAR_MEMBER_18_END\nCF_SINGULAR_MEMBER_19_END\nCF_SINGULAR_MEMBER_20_END\nCF_SINGULAR_MEMBER_21_END\nCF_SINGULAR_MEMBER_22_END\nCF_SINGULAR_MEMBER_23_END\nCF_SINGULAR_MEMBER_24_END\nCF_SINGULAR_MEMBER_25_END\nCF_SINGULAR_MEMBER_26_END\nCF_SINGULAR_MEMBER_27_END\nCF_SINGULAR_MEMBER_28_END\nCF_SINGULAR_MEMBER_29_END\nCF_SINGULAR_MEMBER_30_END\nCF_SINGULAR_MEMBER_31_END\nCF_SINGULAR_MEMBER_32_END\nCF_NO_SMOOTH_MEMBER\nCF_SCRIPT_COMPLETED_OK\n",
status := "no_smooth_in_batch",
witnessIndex := fail,
witnessVerificationPassed := false ), rec(
exitCode := 0,
numberOfMembersTested := 32,
prime := 37,
singularOutput := "CF_SINGULAR_MEMBER_1_END\nCF_SINGULAR_MEMBER_2_END\nCF_SINGULAR_MEMBER_3_END\nCF_SINGULAR_MEMBER_4_END\nCF_SINGULAR_MEMBER_5_END\nCF_SINGULAR_MEMBER_6_END\nCF_SINGULAR_MEMBER_7_END\nCF_SINGULAR_MEMBER_8_END\nCF_SINGULAR_MEMBER_9_END\nCF_SINGULAR_MEMBER_10_END\nCF_SINGULAR_MEMBER_11_END\nCF_SINGULAR_MEMBER_12_END\nCF_SINGULAR_MEMBER_13_END\nCF_SINGULAR_MEMBER_14_END\nCF_SINGULAR_MEMBER_15_END\nCF_SINGULAR_MEMBER_16_END\nCF_SINGULAR_MEMBER_17_END\nCF_SINGULAR_MEMBER_18_END\nCF_SINGULAR_MEMBER_19_END\nCF_SINGULAR_MEMBER_20_END\nCF_SINGULAR_MEMBER_21_END\nCF_SINGULAR_MEMBER_22_END\nCF_SINGULAR_MEMBER_23_END\nCF_SINGULAR_MEMBER_24_END\nCF_SINGULAR_MEMBER_25_END\nCF_SINGULAR_MEMBER_26_END\nCF_SINGULAR_MEMBER_27_END\nCF_SINGULAR_MEMBER_28_END\nCF_SINGULAR_MEMBER_29_END\nCF_SINGULAR_MEMBER_30_END\nCF_SINGULAR_MEMBER_31_END\nCF_SINGULAR_MEMBER_32_END\nCF_NO_SMOOTH_MEMBER\nCF_SCRIPT_COMPLETED_OK\n",
status := "no_smooth_in_batch",
witnessIndex := fail,
witnessVerificationPassed := false ) ],
method := "deterministic coefficient batch",
status := "no_smooth_witness" ),
guessedPolynomial := "(735/104*E(3))*x3*x6^2 + (15/26)*x3*x5^2 + (75/52)*x3*x4^2 + (-2609432915/12243879648)*x3^3 + (196/13*E(3))*x2*x6^2 + (16/13)*x2*x5^2 + (40/13)*x2*x4^2 + (-712228877/510161652)*x2*x3^2 + (-859145411/255080826)*x2^2*x3 + (-1137854033/382621239)*x2^3 + (49/2*E(3))*x1*x6^2 + (2)*x1*x5^2 + (5)*x1*x4^2 + (6977/396396)*x1*x3^2 + (-187589/198198)*x1*x2*x3 + (-761051/198198)*x1*x2^2 + (10)*x1^2*x3 + (17)*x1^2*x2 + (26)*x1^3",
isDirectKnownCase := false,
linearGId := [ 72, 37 ],
projectiveGId := [ 24, 10 ],
proofType := "the invariant basis has a nonempty exact common projective Jacobian locus",
status := "singular",
symplecticPart := "C2^2",
testedCoefficientCandidates := [ [ 2, 5, 10, 17, 26 ], [ 1, 1, 1, 1, 1 ], [ 1, 2, 3, 4, 5 ], [ 1, -2, 3, -4, 5 ], [ 1, 0, -1, 0, 3 ], [ 1, 0, 0, 0, 0 ], [ 0, 1, 0, 0, 0 ], [ 0, 0, 1, 0, 0 ], [ 0, 0, 0, 1, 0 ], [ 0, 0, 0, 0, 1 ], [ 1, 1, 0, 0, 0 ], [ 1, -1, 0, 0, 0 ], [ 1, 0, 1, 0, 0 ], [ 1, 0, -1, 0, 0 ], [ 1, 0, 0, 1, 0 ], [ 1, 0, 0, -1, 0 ], [ 1, 0, 0, 0, 1 ], [ 1, 0, 0, 0, -1 ], [ 0, 1, 1, 0, 0 ], [ 0, 1, -1, 0, 0 ], [ 0, 1, 0, 1, 0 ], [ 0, 1, 0, -1, 0 ], [ 0, 1, 0, 0, 1 ], [ 0, 1, 0, 0, -1 ], [ 0, 0, 1, 1, 0 ], [ 0, 0, 1, -1, 0 ], [ 0, 0, 1, 0, 1 ], [ 0, 0, 1, 0, -1 ], [ 0, 0, 0, 1, 1 ], [ 0, 0, 0, 1, -1 ], [ 8, -7, -8, -6, 8 ], [ 5, -1, -5, 4, -3 ] ] ), rec(
candidateNumber := 64,
centralizerDimension := 7,
commonSingularChart := 5,
componentIndex := 1,
componentLabel := "unique C2^2 component",
cubicInvariantDimension := 8,
determinantImageOrder := 6,
exactCommonLocusTest := rec(
coefficientFieldConductor := 1,
exitCode := 0,
singularChart := 5,
singularOutput := "CF_EXACT_COMMON_SINGULAR_CHART_5\nCF_EXACT_COMMON_SINGULAR_POINT\nCF_SCRIPT_COMPLETED_OK\n",
status := "common_singular_point_exists" ),
familyDimension := 1,
familyIndexWithinCase := 13,
genericIndex := 1,
guessedCoefficients := [ 2, 5, 10, 17, 26, 37, 50, 65 ],
guessedMemberTest := rec(
coefficientCandidates := [ [ 2, 5, 10, 17, 26, 37, 50, 65 ], [ 1, 1, 1, 1, 1, 1, 1, 1 ], [ 1, 2, 3, 4, 5, 6, 7, 8 ], [ 1, -2, 3, -4, 5, -6, 7, -8 ], [ 1, 0, 0, -1, 0, 0, 0, 3 ], [ 1, 0, 0, 0, 0, 0, 0, 0 ], [ 0, 1, 0, 0, 0, 0, 0, 0 ], [ 0, 0, 1, 0, 0, 0, 0, 0 ], [ 0, 0, 0, 1, 0, 0, 0, 0 ], [ 0, 0, 0, 0, 1, 0, 0, 0 ], [ 0, 0, 0, 0, 0, 1, 0, 0 ], [ 0, 0, 0, 0, 0, 0, 1, 0 ], [ 0, 0, 0, 0, 0, 0, 0, 1 ], [ 1, 1, 0, 0, 0, 0, 0, 0 ], [ 1, -1, 0, 0, 0, 0, 0, 0 ], [ 1, 0, 1, 0, 0, 0, 0, 0 ], [ 1, 0, -1, 0, 0, 0, 0, 0 ], [ 1, 0, 0, 1, 0, 0, 0, 0 ], [ 1, 0, 0, -1, 0, 0, 0, 0 ], [ 1, 0, 0, 0, 1, 0, 0, 0 ], [ 1, 0, 0, 0, -1, 0, 0, 0 ], [ 1, 0, 0, 0, 0, 1, 0, 0 ], [ 1, 0, 0, 0, 0, -1, 0, 0 ], [ 1, 0, 0, 0, 0, 0, 1, 0 ], [ 1, 0, 0, 0, 0, 0, -1, 0 ], [ 1, 0, 0, 0, 0, 0, 0, 1 ], [ 1, 0, 0, 0, 0, 0, 0, -1 ], [ 0, 1, 1, 0, 0, 0, 0, 0 ], [ 0, 1, -1, 0, 0, 0, 0, 0 ], [ 0, 1, 0, 1, 0, 0, 0, 0 ], [ 0, 1, 0, -1, 0, 0, 0, 0 ], [ 0, 1, 0, 0, 1, 0, 0, 0 ] ],
coefficientFieldConductor := 1,
exactTrials := [ rec(
coefficients := [ 2, 5, 10, 17, 26, 37, 50, 65 ],
trial := rec(
coefficientFieldConductor := 1,
exitCode := 0,
singularChart := 5,
singularOutput := "CF_EXACT_SINGULAR_CHART_5\nCF_EXACT_SINGULAR\nCF_SCRIPT_COMPLETED_OK\n",
status := "exact_singular" ) ), rec(
coefficients := [ 1, 1, 1, 1, 1, 1, 1, 1 ],
trial := rec(
coefficientFieldConductor := 1,
exitCode := 0,
singularChart := 5,
singularOutput := "CF_EXACT_SINGULAR_CHART_5\nCF_EXACT_SINGULAR\nCF_SCRIPT_COMPLETED_OK\n",
status := "exact_singular" ) ), rec(
coefficients := [ 1, 2, 3, 4, 5, 6, 7, 8 ],
trial := rec(
coefficientFieldConductor := 1,
exitCode := 0,
singularChart := 5,
singularOutput := "CF_EXACT_SINGULAR_CHART_5\nCF_EXACT_SINGULAR\nCF_SCRIPT_COMPLETED_OK\n",
status := "exact_singular" ) ), rec(
coefficients := [ 1, -2, 3, -4, 5, -6, 7, -8 ],
trial := rec(
coefficientFieldConductor := 1,
exitCode := 0,
singularChart := 5,
singularOutput := "CF_EXACT_SINGULAR_CHART_5\nCF_EXACT_SINGULAR\nCF_SCRIPT_COMPLETED_OK\n",
status := "exact_singular" ) ), rec(
coefficients := [ 1, 0, 0, -1, 0, 0, 0, 3 ],
trial := rec(
coefficientFieldConductor := 1,
exitCode := 0,
singularChart := 5,
singularOutput := "CF_EXACT_SINGULAR_CHART_5\nCF_EXACT_SINGULAR\nCF_SCRIPT_COMPLETED_OK\n",
status := "exact_singular" ) ), rec(
coefficients := [ 1, 0, 0, 0, 0, 0, 0, 0 ],
trial := rec(
coefficientFieldConductor := 1,
exitCode := 0,
singularChart := 1,
singularOutput := "CF_EXACT_SINGULAR_CHART_1\nCF_EXACT_SINGULAR\nCF_SCRIPT_COMPLETED_OK\n",
status := "exact_singular" ) ) ],
finiteFieldTrials := [ rec(
exitCode := 0,
numberOfMembersTested := 32,
prime := 5,
singularOutput := "CF_SINGULAR_MEMBER_1_END\nCF_SINGULAR_MEMBER_2_END\nCF_SINGULAR_MEMBER_3_END\nCF_SINGULAR_MEMBER_4_END\nCF_SINGULAR_MEMBER_5_END\nCF_SINGULAR_MEMBER_6_END\nCF_SINGULAR_MEMBER_7_END\nCF_SINGULAR_MEMBER_8_END\nCF_SINGULAR_MEMBER_9_END\nCF_SINGULAR_MEMBER_10_END\nCF_SINGULAR_MEMBER_11_END\nCF_SINGULAR_MEMBER_12_END\nCF_SINGULAR_MEMBER_13_END\nCF_SINGULAR_MEMBER_14_END\nCF_SINGULAR_MEMBER_15_END\nCF_SINGULAR_MEMBER_16_END\nCF_SINGULAR_MEMBER_17_END\nCF_SINGULAR_MEMBER_18_END\nCF_SINGULAR_MEMBER_19_END\nCF_SINGULAR_MEMBER_20_END\nCF_SINGULAR_MEMBER_21_END\nCF_SINGULAR_MEMBER_22_END\nCF_SINGULAR_MEMBER_23_END\nCF_SINGULAR_MEMBER_24_END\nCF_SINGULAR_MEMBER_25_END\nCF_SINGULAR_MEMBER_26_END\nCF_SINGULAR_MEMBER_27_END\nCF_SINGULAR_MEMBER_28_END\nCF_SINGULAR_MEMBER_29_END\nCF_SINGULAR_MEMBER_30_END\nCF_SINGULAR_MEMBER_31_END\nCF_SINGULAR_MEMBER_32_END\nCF_NO_SMOOTH_MEMBER\nCF_SCRIPT_COMPLETED_OK\n",
status := "no_smooth_in_batch",
witnessIndex := fail,
witnessVerificationPassed := false ), rec(
exitCode := 0,
numberOfMembersTested := 32,
prime := 11,
singularOutput := "CF_SINGULAR_MEMBER_1_END\nCF_SINGULAR_MEMBER_2_END\nCF_SINGULAR_MEMBER_3_END\nCF_SINGULAR_MEMBER_4_END\nCF_SINGULAR_MEMBER_5_END\nCF_SINGULAR_MEMBER_6_END\nCF_SINGULAR_MEMBER_7_END\nCF_SINGULAR_MEMBER_8_END\nCF_SINGULAR_MEMBER_9_END\nCF_SINGULAR_MEMBER_10_END\nCF_SINGULAR_MEMBER_11_END\nCF_SINGULAR_MEMBER_12_END\nCF_SINGULAR_MEMBER_13_END\nCF_SINGULAR_MEMBER_14_END\nCF_SINGULAR_MEMBER_15_END\nCF_SINGULAR_MEMBER_16_END\nCF_SINGULAR_MEMBER_17_END\nCF_SINGULAR_MEMBER_18_END\nCF_SINGULAR_MEMBER_19_END\nCF_SINGULAR_MEMBER_20_END\nCF_SINGULAR_MEMBER_21_END\nCF_SINGULAR_MEMBER_22_END\nCF_SINGULAR_MEMBER_23_END\nCF_SINGULAR_MEMBER_24_END\nCF_SINGULAR_MEMBER_25_END\nCF_SINGULAR_MEMBER_26_END\nCF_SINGULAR_MEMBER_27_END\nCF_SINGULAR_MEMBER_28_END\nCF_SINGULAR_MEMBER_29_END\nCF_SINGULAR_MEMBER_30_END\nCF_SINGULAR_MEMBER_31_END\nCF_SINGULAR_MEMBER_32_END\nCF_NO_SMOOTH_MEMBER\nCF_SCRIPT_COMPLETED_OK\n",
status := "no_smooth_in_batch",
witnessIndex := fail,
witnessVerificationPassed := false ), rec(
exitCode := 0,
numberOfMembersTested := 32,
prime := 17,
singularOutput := "CF_SINGULAR_MEMBER_1_END\nCF_SINGULAR_MEMBER_2_END\nCF_SINGULAR_MEMBER_3_END\nCF_SINGULAR_MEMBER_4_END\nCF_SINGULAR_MEMBER_5_END\nCF_SINGULAR_MEMBER_6_END\nCF_SINGULAR_MEMBER_7_END\nCF_SINGULAR_MEMBER_8_END\nCF_SINGULAR_MEMBER_9_END\nCF_SINGULAR_MEMBER_10_END\nCF_SINGULAR_MEMBER_11_END\nCF_SINGULAR_MEMBER_12_END\nCF_SINGULAR_MEMBER_13_END\nCF_SINGULAR_MEMBER_14_END\nCF_SINGULAR_MEMBER_15_END\nCF_SINGULAR_MEMBER_16_END\nCF_SINGULAR_MEMBER_17_END\nCF_SINGULAR_MEMBER_18_END\nCF_SINGULAR_MEMBER_19_END\nCF_SINGULAR_MEMBER_20_END\nCF_SINGULAR_MEMBER_21_END\nCF_SINGULAR_MEMBER_22_END\nCF_SINGULAR_MEMBER_23_END\nCF_SINGULAR_MEMBER_24_END\nCF_SINGULAR_MEMBER_25_END\nCF_SINGULAR_MEMBER_26_END\nCF_SINGULAR_MEMBER_27_END\nCF_SINGULAR_MEMBER_28_END\nCF_SINGULAR_MEMBER_29_END\nCF_SINGULAR_MEMBER_30_END\nCF_SINGULAR_MEMBER_31_END\nCF_SINGULAR_MEMBER_32_END\nCF_NO_SMOOTH_MEMBER\nCF_SCRIPT_COMPLETED_OK\n",
status := "no_smooth_in_batch",
witnessIndex := fail,
witnessVerificationPassed := false ) ],
method := "deterministic coefficient batch",
status := "no_smooth_witness" ),
guessedPolynomial := "(124/441)*x3*x6^2 + (31/9)*x3*x5^2 + (255/52)*x3*x4^2 + (307145/164268)*x3^3 + (8/49)*x2*x6^2 + (2)*x2*x5^2 + (136/13)*x2*x4^2 + (-240025/54756)*x2*x3^2 + (-16079/3042)*x2^2*x3 + (5)*x2^3 + (40/49)*x1*x6^2 + (10)*x1*x5^2 + (17)*x1*x4^2 + (160/13)*x1*x3^2 + (-1394/117)*x1*x2*x3 + (26)*x1*x2^2 + (37)*x1^2*x3 + (50)*x1^2*x2 + (65)*x1^3",
isDirectKnownCase := false,
linearGId := [ 72, 37 ],
projectiveGId := [ 24, 10 ],
proofType := "the invariant basis has a nonempty exact common projective Jacobian locus",
status := "singular",
symplecticPart := "C2^2",
testedCoefficientCandidates := [ [ 2, 5, 10, 17, 26, 37, 50, 65 ], [ 1, 1, 1, 1, 1, 1, 1, 1 ], [ 1, 2, 3, 4, 5, 6, 7, 8 ], [ 1, -2, 3, -4, 5, -6, 7, -8 ], [ 1, 0, 0, -1, 0, 0, 0, 3 ], [ 1, 0, 0, 0, 0, 0, 0, 0 ], [ 0, 1, 0, 0, 0, 0, 0, 0 ], [ 0, 0, 1, 0, 0, 0, 0, 0 ], [ 0, 0, 0, 1, 0, 0, 0, 0 ], [ 0, 0, 0, 0, 1, 0, 0, 0 ], [ 0, 0, 0, 0, 0, 1, 0, 0 ], [ 0, 0, 0, 0, 0, 0, 1, 0 ], [ 0, 0, 0, 0, 0, 0, 0, 1 ], [ 1, 1, 0, 0, 0, 0, 0, 0 ], [ 1, -1, 0, 0, 0, 0, 0, 0 ], [ 1, 0, 1, 0, 0, 0, 0, 0 ], [ 1, 0, -1, 0, 0, 0, 0, 0 ], [ 1, 0, 0, 1, 0, 0, 0, 0 ], [ 1, 0, 0, -1, 0, 0, 0, 0 ], [ 1, 0, 0, 0, 1, 0, 0, 0 ], [ 1, 0, 0, 0, -1, 0, 0, 0 ], [ 1, 0, 0, 0, 0, 1, 0, 0 ], [ 1, 0, 0, 0, 0, -1, 0, 0 ], [ 1, 0, 0, 0, 0, 0, 1, 0 ], [ 1, 0, 0, 0, 0, 0, -1, 0 ], [ 1, 0, 0, 0, 0, 0, 0, 1 ], [ 1, 0, 0, 0, 0, 0, 0, -1 ], [ 0, 1, 1, 0, 0, 0, 0, 0 ], [ 0, 1, -1, 0, 0, 0, 0, 0 ], [ 0, 1, 0, 1, 0, 0, 0, 0 ], [ 0, 1, 0, -1, 0, 0, 0, 0 ], [ 0, 1, 0, 0, 1, 0, 0, 0 ] ] ), rec(
candidateNumber := 65,
centralizerDimension := 7,
componentIndex := 1,
componentLabel := "unique C2^2 component",
cubicInvariantDimension := 8,
determinantImageOrder := 6,
familyDimension := 1,
familyIndexWithinCase := 14,
genericIndex := 1,
guessedCoefficients := [ 2, 5, 10, 17, 26, 37, 50, 65 ],
guessedMemberTest := rec(
coefficientCandidates := [ [ 2, 5, 10, 17, 26, 37, 50, 65 ], [ 1, 1, 1, 1, 1, 1, 1, 1 ], [ 1, 2, 3, 4, 5, 6, 7, 8 ], [ 1, -2, 3, -4, 5, -6, 7, -8 ], [ 1, 0, 0, -1, 0, 0, 0, 3 ], [ 1, 0, 0, 0, 0, 0, 0, 0 ], [ 0, 1, 0, 0, 0, 0, 0, 0 ], [ 0, 0, 1, 0, 0, 0, 0, 0 ], [ 0, 0, 0, 1, 0, 0, 0, 0 ], [ 0, 0, 0, 0, 1, 0, 0, 0 ], [ 0, 0, 0, 0, 0, 1, 0, 0 ], [ 0, 0, 0, 0, 0, 0, 1, 0 ], [ 0, 0, 0, 0, 0, 0, 0, 1 ], [ 1, 1, 0, 0, 0, 0, 0, 0 ], [ 1, -1, 0, 0, 0, 0, 0, 0 ], [ 1, 0, 1, 0, 0, 0, 0, 0 ], [ 1, 0, -1, 0, 0, 0, 0, 0 ], [ 1, 0, 0, 1, 0, 0, 0, 0 ], [ 1, 0, 0, -1, 0, 0, 0, 0 ], [ 1, 0, 0, 0, 1, 0, 0, 0 ], [ 1, 0, 0, 0, -1, 0, 0, 0 ], [ 1, 0, 0, 0, 0, 1, 0, 0 ], [ 1, 0, 0, 0, 0, -1, 0, 0 ], [ 1, 0, 0, 0, 0, 0, 1, 0 ], [ 1, 0, 0, 0, 0, 0, -1, 0 ], [ 1, 0, 0, 0, 0, 0, 0, 1 ], [ 1, 0, 0, 0, 0, 0, 0, -1 ], [ 0, 1, 1, 0, 0, 0, 0, 0 ], [ 0, 1, -1, 0, 0, 0, 0, 0 ], [ 0, 1, 0, 1, 0, 0, 0, 0 ], [ 0, 1, 0, -1, 0, 0, 0, 0 ], [ 0, 1, 0, 0, 1, 0, 0, 0 ] ],
coefficientFieldConductor := 3,
exactTrials := [  ],
finiteFieldTrials := [ rec(
exitCode := 0,
numberOfMembersTested := 32,
prime := 7,
singularOutput := "CF_SINGULAR_MEMBER_1_END\nCF_SINGULAR_MEMBER_2_END\nCF_SINGULAR_MEMBER_3_END\nCF_SINGULAR_MEMBER_4_END\nCF_SINGULAR_MEMBER_5_END\nCF_SINGULAR_MEMBER_6_END\nCF_SINGULAR_MEMBER_7_END\nCF_SINGULAR_MEMBER_8_END\nCF_SINGULAR_MEMBER_9_END\nCF_SINGULAR_MEMBER_10_END\nCF_SINGULAR_MEMBER_11_END\nCF_SINGULAR_MEMBER_12_END\nCF_SINGULAR_MEMBER_13_END\nCF_SINGULAR_MEMBER_14_END\nCF_SINGULAR_MEMBER_15_END\nCF_SINGULAR_MEMBER_16_END\nCF_SINGULAR_MEMBER_17_END\nCF_SINGULAR_MEMBER_18_END\nCF_SINGULAR_MEMBER_19_END\nCF_SINGULAR_MEMBER_20_END\nCF_SINGULAR_MEMBER_21_END\nCF_SINGULAR_MEMBER_22_END\nCF_SINGULAR_MEMBER_23_END\nCF_SINGULAR_MEMBER_24_END\nCF_SINGULAR_MEMBER_25_END\nCF_SINGULAR_MEMBER_26_END\nCF_SINGULAR_MEMBER_27_END\nCF_SINGULAR_MEMBER_28_END\nCF_SINGULAR_MEMBER_29_END\nCF_SINGULAR_MEMBER_30_END\nCF_SINGULAR_MEMBER_31_END\nCF_SINGULAR_MEMBER_32_END\nCF_NO_SMOOTH_MEMBER\nCF_SCRIPT_COMPLETED_OK\n",
status := "no_smooth_in_batch",
witnessIndex := fail,
witnessVerificationPassed := false ), rec(
exitCode := 0,
numberOfMembersTested := 32,
prime := 19,
singularOutput := "CF_SMOOTH_MEMBER_1_END\nCF_SCRIPT_COMPLETED_OK\n",
status := "smooth",
witnessIndex := 1,
witnessVerificationPassed := true ) ],
member := rec(
coefficients := [ 2, 5, 10, 17, 26, 37, 50, 65 ],
monomialCoefficients := [ 0, 0, 0, 0, 0, 2, 0, 0, 0, 0, 3675/104*E(3), 0, 75/26, 0, 0, 255/52, 0, 0, 0, 307145/164268, 980/13*E(3), 0, 80/13, 0, 0, 136/13, 0, 0, 0, -240025/54756, 0, 0, 0, -16079/3042, 5, 245/2*E(3), 0, 10, 0, 0, 17, 0, 0, 0, 160/13, 0, 0, 0, -1394/117, 26, 0, 0, 0, 37, 50, 65 ],
polynomial := "(2)*x4*x5*x6 + (3675/104*E(3))*x3*x6^2 + (75/26)*x3*x5^2 + (255/52)*x3*x4^2 + (307145/164268)*x3^3 + (980/13*E(3))*x2*x6^2 + (80/13)*x2*x5^2 + (136/13)*x2*x4^2 + (-240025/54756)*x2*x3^2 + (-16079/3042)*x2^2*x3 + (5)*x2^3 + (245/2*E(3))*x1*x6^2 + (10)*x1*x5^2 + (17)*x1*x4^2 + (160/13)*x1*x3^2 + (-1394/117)*x1*x2*x3 + (26)*x1*x2^2 + (37)*x1^2*x3 + (50)*x1^2*x2 + (65)*x1^3" ),
method := "smooth reduction at a good split prime",
status := "smooth",
witnessPrime := 19 ),
isDirectKnownCase := false,
linearGId := [ 72, 37 ],
projectiveGId := [ 24, 10 ],
proofType := "an explicit member of the invariant cubic family is smooth",
smoothPolynomial := "(2)*x4*x5*x6 + (3675/104*E(3))*x3*x6^2 + (75/26)*x3*x5^2 + (255/52)*x3*x4^2 + (307145/164268)*x3^3 + (980/13*E(3))*x2*x6^2 + (80/13)*x2*x5^2 + (136/13)*x2*x4^2 + (-240025/54756)*x2*x3^2 + (-16079/3042)*x2^2*x3 + (5)*x2^3 + (245/2*E(3))*x1*x6^2 + (10)*x1*x5^2 + (17)*x1*x4^2 + (160/13)*x1*x3^2 + (-1394/117)*x1*x2*x3 + (26)*x1*x2^2 + (37)*x1^2*x3 + (50)*x1^2*x2 + (65)*x1^3",
status := "smooth",
symplecticPart := "C2^2",
testedCoefficientCandidates := [ [ 2, 5, 10, 17, 26, 37, 50, 65 ], [ 1, 1, 1, 1, 1, 1, 1, 1 ], [ 1, 2, 3, 4, 5, 6, 7, 8 ], [ 1, -2, 3, -4, 5, -6, 7, -8 ], [ 1, 0, 0, -1, 0, 0, 0, 3 ], [ 1, 0, 0, 0, 0, 0, 0, 0 ], [ 0, 1, 0, 0, 0, 0, 0, 0 ], [ 0, 0, 1, 0, 0, 0, 0, 0 ], [ 0, 0, 0, 1, 0, 0, 0, 0 ], [ 0, 0, 0, 0, 1, 0, 0, 0 ], [ 0, 0, 0, 0, 0, 1, 0, 0 ], [ 0, 0, 0, 0, 0, 0, 1, 0 ], [ 0, 0, 0, 0, 0, 0, 0, 1 ], [ 1, 1, 0, 0, 0, 0, 0, 0 ], [ 1, -1, 0, 0, 0, 0, 0, 0 ], [ 1, 0, 1, 0, 0, 0, 0, 0 ], [ 1, 0, -1, 0, 0, 0, 0, 0 ], [ 1, 0, 0, 1, 0, 0, 0, 0 ], [ 1, 0, 0, -1, 0, 0, 0, 0 ], [ 1, 0, 0, 0, 1, 0, 0, 0 ], [ 1, 0, 0, 0, -1, 0, 0, 0 ], [ 1, 0, 0, 0, 0, 1, 0, 0 ], [ 1, 0, 0, 0, 0, -1, 0, 0 ], [ 1, 0, 0, 0, 0, 0, 1, 0 ], [ 1, 0, 0, 0, 0, 0, -1, 0 ], [ 1, 0, 0, 0, 0, 0, 0, 1 ], [ 1, 0, 0, 0, 0, 0, 0, -1 ], [ 0, 1, 1, 0, 0, 0, 0, 0 ], [ 0, 1, -1, 0, 0, 0, 0, 0 ], [ 0, 1, 0, 1, 0, 0, 0, 0 ], [ 0, 1, 0, -1, 0, 0, 0, 0 ], [ 0, 1, 0, 0, 1, 0, 0, 0 ] ] ), rec(
candidateNumber := 66,
centralizerDimension := 5,
commonSingularChart := 5,
componentIndex := 1,
componentLabel := "unique C2^2 component",
cubicInvariantDimension := 6,
determinantImageOrder := 6,
exactCommonLocusTest := rec(
coefficientFieldConductor := 3,
exitCode := 0,
singularChart := 5,
singularOutput := "CF_EXACT_COMMON_SINGULAR_CHART_5\nCF_EXACT_COMMON_SINGULAR_POINT\nCF_SCRIPT_COMPLETED_OK\n",
status := "common_singular_point_exists" ),
familyDimension := 1,
familyIndexWithinCase := 15,
genericIndex := 1,
guessedCoefficients := [ 2, 5, 10, 17, 26, 37 ],
guessedMemberTest := rec(
coefficientCandidates := [ [ 2, 5, 10, 17, 26, 37 ], [ 1, 1, 1, 1, 1, 1 ], [ 1, 2, 3, 4, 5, 6 ], [ 1, -2, 3, -4, 5, -6 ], [ 1, 0, -1, 0, 0, 3 ], [ 1, 0, 0, 0, 0, 0 ], [ 0, 1, 0, 0, 0, 0 ], [ 0, 0, 1, 0, 0, 0 ], [ 0, 0, 0, 1, 0, 0 ], [ 0, 0, 0, 0, 1, 0 ], [ 0, 0, 0, 0, 0, 1 ], [ 1, 1, 0, 0, 0, 0 ], [ 1, -1, 0, 0, 0, 0 ], [ 1, 0, 1, 0, 0, 0 ], [ 1, 0, -1, 0, 0, 0 ], [ 1, 0, 0, 1, 0, 0 ], [ 1, 0, 0, -1, 0, 0 ], [ 1, 0, 0, 0, 1, 0 ], [ 1, 0, 0, 0, -1, 0 ], [ 1, 0, 0, 0, 0, 1 ], [ 1, 0, 0, 0, 0, -1 ], [ 0, 1, 1, 0, 0, 0 ], [ 0, 1, -1, 0, 0, 0 ], [ 0, 1, 0, 1, 0, 0 ], [ 0, 1, 0, -1, 0, 0 ], [ 0, 1, 0, 0, 1, 0 ], [ 0, 1, 0, 0, -1, 0 ], [ 0, 1, 0, 0, 0, 1 ], [ 0, 1, 0, 0, 0, -1 ], [ 0, 0, 1, 1, 0, 0 ], [ 0, 0, 1, -1, 0, 0 ], [ 0, 0, 1, 0, 1, 0 ] ],
coefficientFieldConductor := 3,
exactTrials := [ rec(
coefficients := [ 2, 5, 10, 17, 26, 37 ],
trial := rec(
coefficientFieldConductor := 3,
exitCode := 0,
singularChart := 5,
singularOutput := "CF_EXACT_SINGULAR_CHART_5\nCF_EXACT_SINGULAR\nCF_SCRIPT_COMPLETED_OK\n",
status := "exact_singular" ) ), rec(
coefficients := [ 1, 1, 1, 1, 1, 1 ],
trial := rec(
coefficientFieldConductor := 3,
exitCode := 0,
singularChart := 5,
singularOutput := "CF_EXACT_SINGULAR_CHART_5\nCF_EXACT_SINGULAR\nCF_SCRIPT_COMPLETED_OK\n",
status := "exact_singular" ) ), rec(
coefficients := [ 1, 2, 3, 4, 5, 6 ],
trial := rec(
coefficientFieldConductor := 3,
exitCode := 0,
singularChart := 5,
singularOutput := "CF_EXACT_SINGULAR_CHART_5\nCF_EXACT_SINGULAR\nCF_SCRIPT_COMPLETED_OK\n",
status := "exact_singular" ) ), rec(
coefficients := [ 1, -2, 3, -4, 5, -6 ],
trial := rec(
coefficientFieldConductor := 3,
exitCode := 0,
singularChart := 5,
singularOutput := "CF_EXACT_SINGULAR_CHART_5\nCF_EXACT_SINGULAR\nCF_SCRIPT_COMPLETED_OK\n",
status := "exact_singular" ) ), rec(
coefficients := [ 1, 0, -1, 0, 0, 3 ],
trial := rec(
coefficientFieldConductor := 3,
exitCode := 0,
singularChart := 4,
singularOutput := "CF_EXACT_SINGULAR_CHART_4\nCF_EXACT_SINGULAR\nCF_SCRIPT_COMPLETED_OK\n",
status := "exact_singular" ) ), rec(
coefficients := [ 1, 0, 0, 0, 0, 0 ],
trial := rec(
coefficientFieldConductor := 3,
exitCode := 0,
singularChart := 1,
singularOutput := "CF_EXACT_SINGULAR_CHART_1\nCF_EXACT_SINGULAR\nCF_SCRIPT_COMPLETED_OK\n",
status := "exact_singular" ) ) ],
finiteFieldTrials := [ rec(
exitCode := 0,
numberOfMembersTested := 32,
prime := 7,
singularOutput := "CF_SINGULAR_MEMBER_1_END\nCF_SINGULAR_MEMBER_2_END\nCF_SINGULAR_MEMBER_3_END\nCF_SINGULAR_MEMBER_4_END\nCF_SINGULAR_MEMBER_5_END\nCF_SINGULAR_MEMBER_6_END\nCF_SINGULAR_MEMBER_7_END\nCF_SINGULAR_MEMBER_8_END\nCF_SINGULAR_MEMBER_9_END\nCF_SINGULAR_MEMBER_10_END\nCF_SINGULAR_MEMBER_11_END\nCF_SINGULAR_MEMBER_12_END\nCF_SINGULAR_MEMBER_13_END\nCF_SINGULAR_MEMBER_14_END\nCF_SINGULAR_MEMBER_15_END\nCF_SINGULAR_MEMBER_16_END\nCF_SINGULAR_MEMBER_17_END\nCF_SINGULAR_MEMBER_18_END\nCF_SINGULAR_MEMBER_19_END\nCF_SINGULAR_MEMBER_20_END\nCF_SINGULAR_MEMBER_21_END\nCF_SINGULAR_MEMBER_22_END\nCF_SINGULAR_MEMBER_23_END\nCF_SINGULAR_MEMBER_24_END\nCF_SINGULAR_MEMBER_25_END\nCF_SINGULAR_MEMBER_26_END\nCF_SINGULAR_MEMBER_27_END\nCF_SINGULAR_MEMBER_28_END\nCF_SINGULAR_MEMBER_29_END\nCF_SINGULAR_MEMBER_30_END\nCF_SINGULAR_MEMBER_31_END\nCF_SINGULAR_MEMBER_32_END\nCF_NO_SMOOTH_MEMBER\nCF_SCRIPT_COMPLETED_OK\n",
status := "no_smooth_in_batch",
witnessIndex := fail,
witnessVerificationPassed := false ), rec(
exitCode := 0,
numberOfMembersTested := 32,
prime := 19,
singularOutput := "CF_SINGULAR_MEMBER_1_END\nCF_SINGULAR_MEMBER_2_END\nCF_SINGULAR_MEMBER_3_END\nCF_SINGULAR_MEMBER_4_END\nCF_SINGULAR_MEMBER_5_END\nCF_SINGULAR_MEMBER_6_END\nCF_SINGULAR_MEMBER_7_END\nCF_SINGULAR_MEMBER_8_END\nCF_SINGULAR_MEMBER_9_END\nCF_SINGULAR_MEMBER_10_END\nCF_SINGULAR_MEMBER_11_END\nCF_SINGULAR_MEMBER_12_END\nCF_SINGULAR_MEMBER_13_END\nCF_SINGULAR_MEMBER_14_END\nCF_SINGULAR_MEMBER_15_END\nCF_SINGULAR_MEMBER_16_END\nCF_SINGULAR_MEMBER_17_END\nCF_SINGULAR_MEMBER_18_END\nCF_SINGULAR_MEMBER_19_END\nCF_SINGULAR_MEMBER_20_END\nCF_SINGULAR_MEMBER_21_END\nCF_SINGULAR_MEMBER_22_END\nCF_SINGULAR_MEMBER_23_END\nCF_SINGULAR_MEMBER_24_END\nCF_SINGULAR_MEMBER_25_END\nCF_SINGULAR_MEMBER_26_END\nCF_SINGULAR_MEMBER_27_END\nCF_SINGULAR_MEMBER_28_END\nCF_SINGULAR_MEMBER_29_END\nCF_SINGULAR_MEMBER_30_END\nCF_SINGULAR_MEMBER_31_END\nCF_SINGULAR_MEMBER_32_END\nCF_NO_SMOOTH_MEMBER\nCF_SCRIPT_COMPLETED_OK\n",
status := "no_smooth_in_batch",
witnessIndex := fail,
witnessVerificationPassed := false ), rec(
exitCode := 0,
numberOfMembersTested := 32,
prime := 31,
singularOutput := "CF_SINGULAR_MEMBER_1_END\nCF_SINGULAR_MEMBER_2_END\nCF_SINGULAR_MEMBER_3_END\nCF_SINGULAR_MEMBER_4_END\nCF_SINGULAR_MEMBER_5_END\nCF_SINGULAR_MEMBER_6_END\nCF_SINGULAR_MEMBER_7_END\nCF_SINGULAR_MEMBER_8_END\nCF_SINGULAR_MEMBER_9_END\nCF_SINGULAR_MEMBER_10_END\nCF_SINGULAR_MEMBER_11_END\nCF_SINGULAR_MEMBER_12_END\nCF_SINGULAR_MEMBER_13_END\nCF_SINGULAR_MEMBER_14_END\nCF_SINGULAR_MEMBER_15_END\nCF_SINGULAR_MEMBER_16_END\nCF_SINGULAR_MEMBER_17_END\nCF_SINGULAR_MEMBER_18_END\nCF_SINGULAR_MEMBER_19_END\nCF_SINGULAR_MEMBER_20_END\nCF_SINGULAR_MEMBER_21_END\nCF_SINGULAR_MEMBER_22_END\nCF_SINGULAR_MEMBER_23_END\nCF_SINGULAR_MEMBER_24_END\nCF_SINGULAR_MEMBER_25_END\nCF_SINGULAR_MEMBER_26_END\nCF_SINGULAR_MEMBER_27_END\nCF_SINGULAR_MEMBER_28_END\nCF_SINGULAR_MEMBER_29_END\nCF_SINGULAR_MEMBER_30_END\nCF_SINGULAR_MEMBER_31_END\nCF_SINGULAR_MEMBER_32_END\nCF_NO_SMOOTH_MEMBER\nCF_SCRIPT_COMPLETED_OK\n",
status := "no_smooth_in_batch",
witnessIndex := fail,
witnessVerificationPassed := false ) ],
method := "deterministic coefficient batch",
status := "no_smooth_witness" ),
guessedPolynomial := "(4802/99*E(3))*x3*x6^2 + (392/99)*x3*x5^2 + (445/117)*x3*x4^2 + (-3509854333/31838103)*x3^3 + (-7448/99*E(3))*x2*x6^2 + (-608/99)*x2*x5^2 + (-370/117)*x2*x4^2 + (2050977094/3537567)*x2*x3^2 + (-10827707600/10612701)*x2^2*x3 + (-3079610/2673)*x2^3 + (49/2*E(3))*x1*x6^2 + (2)*x1*x5^2 + (5)*x1*x4^2 + (-11884679/107199)*x1*x3^2 + (55687730/107199)*x1*x2*x3 + (10)*x1*x2^2 + (17)*x1^2*x3 + (26)*x1^2*x2 + (37)*x1^3",
isDirectKnownCase := false,
linearGId := [ 72, 37 ],
projectiveGId := [ 24, 10 ],
proofType := "the invariant basis has a nonempty exact common projective Jacobian locus",
status := "singular",
symplecticPart := "C2^2",
testedCoefficientCandidates := [ [ 2, 5, 10, 17, 26, 37 ], [ 1, 1, 1, 1, 1, 1 ], [ 1, 2, 3, 4, 5, 6 ], [ 1, -2, 3, -4, 5, -6 ], [ 1, 0, -1, 0, 0, 3 ], [ 1, 0, 0, 0, 0, 0 ], [ 0, 1, 0, 0, 0, 0 ], [ 0, 0, 1, 0, 0, 0 ], [ 0, 0, 0, 1, 0, 0 ], [ 0, 0, 0, 0, 1, 0 ], [ 0, 0, 0, 0, 0, 1 ], [ 1, 1, 0, 0, 0, 0 ], [ 1, -1, 0, 0, 0, 0 ], [ 1, 0, 1, 0, 0, 0 ], [ 1, 0, -1, 0, 0, 0 ], [ 1, 0, 0, 1, 0, 0 ], [ 1, 0, 0, -1, 0, 0 ], [ 1, 0, 0, 0, 1, 0 ], [ 1, 0, 0, 0, -1, 0 ], [ 1, 0, 0, 0, 0, 1 ], [ 1, 0, 0, 0, 0, -1 ], [ 0, 1, 1, 0, 0, 0 ], [ 0, 1, -1, 0, 0, 0 ], [ 0, 1, 0, 1, 0, 0 ], [ 0, 1, 0, -1, 0, 0 ], [ 0, 1, 0, 0, 1, 0 ], [ 0, 1, 0, 0, -1, 0 ], [ 0, 1, 0, 0, 0, 1 ], [ 0, 1, 0, 0, 0, -1 ], [ 0, 0, 1, 1, 0, 0 ], [ 0, 0, 1, -1, 0, 0 ], [ 0, 0, 1, 0, 1, 0 ] ] ), rec(
candidateNumber := 71,
centralizerDimension := 7,
commonPointChecks := 4056,
commonPointLimitReached := false,
componentIndex := 1,
componentLabel := "unique C4 component",
cubicInvariantDimension := 8,
determinantImageOrder := 2,
exactCommonLocusTest := rec(
coefficientFieldConductor := 1,
exitCode := 0,
singularChart := fail,
singularOutput := "CF_NO_COMMON_SINGULAR_POINT\nCF_SCRIPT_COMPLETED_OK\n",
status := "no_common_singular_point" ),
familyDimension := 1,
familyIndexWithinCase := 1,
genericIndex := 1,
guessedCoefficients := [ 2, 5, 10, 17, 26, 37, 50, 65 ],
guessedMemberTest := rec(
coefficientCandidates := [ [ 2, 5, 10, 17, 26, 37, 50, 65 ], [ 1, 1, 1, 1, 1, 1, 1, 1 ], [ 1, 2, 3, 4, 5, 6, 7, 8 ], [ 1, -2, 3, -4, 5, -6, 7, -8 ], [ 1, 0, 0, -1, 0, 0, 0, 3 ], [ 1, 0, 0, 0, 0, 0, 0, 0 ], [ 0, 1, 0, 0, 0, 0, 0, 0 ], [ 0, 0, 1, 0, 0, 0, 0, 0 ], [ 0, 0, 0, 1, 0, 0, 0, 0 ], [ 0, 0, 0, 0, 1, 0, 0, 0 ], [ 0, 0, 0, 0, 0, 1, 0, 0 ], [ 0, 0, 0, 0, 0, 0, 1, 0 ], [ 0, 0, 0, 0, 0, 0, 0, 1 ], [ 1, 1, 0, 0, 0, 0, 0, 0 ], [ 1, -1, 0, 0, 0, 0, 0, 0 ], [ 1, 0, 1, 0, 0, 0, 0, 0 ], [ 1, 0, -1, 0, 0, 0, 0, 0 ], [ 1, 0, 0, 1, 0, 0, 0, 0 ], [ 1, 0, 0, -1, 0, 0, 0, 0 ], [ 1, 0, 0, 0, 1, 0, 0, 0 ], [ 1, 0, 0, 0, -1, 0, 0, 0 ], [ 1, 0, 0, 0, 0, 1, 0, 0 ], [ 1, 0, 0, 0, 0, -1, 0, 0 ], [ 1, 0, 0, 0, 0, 0, 1, 0 ], [ 1, 0, 0, 0, 0, 0, -1, 0 ], [ 1, 0, 0, 0, 0, 0, 0, 1 ], [ 1, 0, 0, 0, 0, 0, 0, -1 ], [ 0, 1, 1, 0, 0, 0, 0, 0 ], [ 0, 1, -1, 0, 0, 0, 0, 0 ], [ 0, 1, 0, 1, 0, 0, 0, 0 ], [ 0, 1, 0, -1, 0, 0, 0, 0 ], [ 0, 1, 0, 0, 1, 0, 0, 0 ] ],
coefficientFieldConductor := 1,
exactTrials := [ rec(
coefficients := [ 2, 5, 10, 17, 26, 37, 50, 65 ],
trial := rec(
coefficientFieldConductor := 1,
exitCode := 0,
singularChart := 1,
singularOutput := "CF_EXACT_SINGULAR_CHART_1\nCF_EXACT_SINGULAR\nCF_SCRIPT_COMPLETED_OK\n",
status := "exact_singular" ) ), rec(
coefficients := [ 1, 1, 1, 1, 1, 1, 1, 1 ],
trial := rec(
coefficientFieldConductor := 1,
exitCode := 0,
singularChart := 1,
singularOutput := "CF_EXACT_SINGULAR_CHART_1\nCF_EXACT_SINGULAR\nCF_SCRIPT_COMPLETED_OK\n",
status := "exact_singular" ) ), rec(
coefficients := [ 1, 2, 3, 4, 5, 6, 7, 8 ],
trial := rec(
coefficientFieldConductor := 1,
exitCode := 0,
singularChart := 1,
singularOutput := "CF_EXACT_SINGULAR_CHART_1\nCF_EXACT_SINGULAR\nCF_SCRIPT_COMPLETED_OK\n",
status := "exact_singular" ) ), rec(
coefficients := [ 1, -2, 3, -4, 5, -6, 7, -8 ],
trial := rec(
coefficientFieldConductor := 1,
exitCode := 0,
singularChart := 1,
singularOutput := "CF_EXACT_SINGULAR_CHART_1\nCF_EXACT_SINGULAR\nCF_SCRIPT_COMPLETED_OK\n",
status := "exact_singular" ) ), rec(
coefficients := [ 1, 0, 0, -1, 0, 0, 0, 3 ],
trial := rec(
coefficientFieldConductor := 1,
exitCode := 0,
singularChart := 1,
singularOutput := "CF_EXACT_SINGULAR_CHART_1\nCF_EXACT_SINGULAR\nCF_SCRIPT_COMPLETED_OK\n",
status := "exact_singular" ) ), rec(
coefficients := [ 1, 0, 0, 0, 0, 0, 0, 0 ],
trial := rec(
coefficientFieldConductor := 1,
exitCode := 0,
singularChart := 1,
singularOutput := "CF_EXACT_SINGULAR_CHART_1\nCF_EXACT_SINGULAR\nCF_SCRIPT_COMPLETED_OK\n",
status := "exact_singular" ) ) ],
finiteFieldTrials := [ rec(
exitCode := 0,
numberOfMembersTested := 32,
prime := 5,
singularOutput := "CF_SINGULAR_MEMBER_1_END\nCF_SINGULAR_MEMBER_2_END\nCF_SINGULAR_MEMBER_3_END\nCF_SINGULAR_MEMBER_4_END\nCF_SINGULAR_MEMBER_5_END\nCF_SINGULAR_MEMBER_6_END\nCF_SINGULAR_MEMBER_7_END\nCF_SINGULAR_MEMBER_8_END\nCF_SINGULAR_MEMBER_9_END\nCF_SINGULAR_MEMBER_10_END\nCF_SINGULAR_MEMBER_11_END\nCF_SINGULAR_MEMBER_12_END\nCF_SINGULAR_MEMBER_13_END\nCF_SINGULAR_MEMBER_14_END\nCF_SINGULAR_MEMBER_15_END\nCF_SINGULAR_MEMBER_16_END\nCF_SINGULAR_MEMBER_17_END\nCF_SINGULAR_MEMBER_18_END\nCF_SINGULAR_MEMBER_19_END\nCF_SINGULAR_MEMBER_20_END\nCF_SINGULAR_MEMBER_21_END\nCF_SINGULAR_MEMBER_22_END\nCF_SINGULAR_MEMBER_23_END\nCF_SINGULAR_MEMBER_24_END\nCF_SINGULAR_MEMBER_25_END\nCF_SINGULAR_MEMBER_26_END\nCF_SINGULAR_MEMBER_27_END\nCF_SINGULAR_MEMBER_28_END\nCF_SINGULAR_MEMBER_29_END\nCF_SINGULAR_MEMBER_30_END\nCF_SINGULAR_MEMBER_31_END\nCF_SINGULAR_MEMBER_32_END\nCF_NO_SMOOTH_MEMBER\nCF_SCRIPT_COMPLETED_OK\n",
status := "no_smooth_in_batch",
witnessIndex := fail,
witnessVerificationPassed := false ), rec(
exitCode := 0,
numberOfMembersTested := 32,
prime := 7,
singularOutput := "CF_SINGULAR_MEMBER_1_END\nCF_SINGULAR_MEMBER_2_END\nCF_SINGULAR_MEMBER_3_END\nCF_SINGULAR_MEMBER_4_END\nCF_SINGULAR_MEMBER_5_END\nCF_SINGULAR_MEMBER_6_END\nCF_SINGULAR_MEMBER_7_END\nCF_SINGULAR_MEMBER_8_END\nCF_SINGULAR_MEMBER_9_END\nCF_SINGULAR_MEMBER_10_END\nCF_SINGULAR_MEMBER_11_END\nCF_SINGULAR_MEMBER_12_END\nCF_SINGULAR_MEMBER_13_END\nCF_SINGULAR_MEMBER_14_END\nCF_SINGULAR_MEMBER_15_END\nCF_SINGULAR_MEMBER_16_END\nCF_SINGULAR_MEMBER_17_END\nCF_SINGULAR_MEMBER_18_END\nCF_SINGULAR_MEMBER_19_END\nCF_SINGULAR_MEMBER_20_END\nCF_SINGULAR_MEMBER_21_END\nCF_SINGULAR_MEMBER_22_END\nCF_SINGULAR_MEMBER_23_END\nCF_SINGULAR_MEMBER_24_END\nCF_SINGULAR_MEMBER_25_END\nCF_SINGULAR_MEMBER_26_END\nCF_SINGULAR_MEMBER_27_END\nCF_SINGULAR_MEMBER_28_END\nCF_SINGULAR_MEMBER_29_END\nCF_SINGULAR_MEMBER_30_END\nCF_SINGULAR_MEMBER_31_END\nCF_SINGULAR_MEMBER_32_END\nCF_NO_SMOOTH_MEMBER\nCF_SCRIPT_COMPLETED_OK\n",
status := "no_smooth_in_batch",
witnessIndex := fail,
witnessVerificationPassed := false ), rec(
exitCode := 0,
numberOfMembersTested := 32,
prime := 11,
singularOutput := "CF_SINGULAR_MEMBER_1_END\nCF_SINGULAR_MEMBER_2_END\nCF_SINGULAR_MEMBER_3_END\nCF_SINGULAR_MEMBER_4_END\nCF_SINGULAR_MEMBER_5_END\nCF_SINGULAR_MEMBER_6_END\nCF_SINGULAR_MEMBER_7_END\nCF_SINGULAR_MEMBER_8_END\nCF_SINGULAR_MEMBER_9_END\nCF_SINGULAR_MEMBER_10_END\nCF_SINGULAR_MEMBER_11_END\nCF_SINGULAR_MEMBER_12_END\nCF_SINGULAR_MEMBER_13_END\nCF_SINGULAR_MEMBER_14_END\nCF_SINGULAR_MEMBER_15_END\nCF_SINGULAR_MEMBER_16_END\nCF_SINGULAR_MEMBER_17_END\nCF_SINGULAR_MEMBER_18_END\nCF_SINGULAR_MEMBER_19_END\nCF_SINGULAR_MEMBER_20_END\nCF_SINGULAR_MEMBER_21_END\nCF_SINGULAR_MEMBER_22_END\nCF_SINGULAR_MEMBER_23_END\nCF_SINGULAR_MEMBER_24_END\nCF_SINGULAR_MEMBER_25_END\nCF_SINGULAR_MEMBER_26_END\nCF_SINGULAR_MEMBER_27_END\nCF_SINGULAR_MEMBER_28_END\nCF_SINGULAR_MEMBER_29_END\nCF_SINGULAR_MEMBER_30_END\nCF_SINGULAR_MEMBER_31_END\nCF_SINGULAR_MEMBER_32_END\nCF_NO_SMOOTH_MEMBER\nCF_SCRIPT_COMPLETED_OK\n",
status := "no_smooth_in_batch",
witnessIndex := fail,
witnessVerificationPassed := false ) ],
method := "deterministic coefficient batch",
status := "no_smooth_witness" ),
guessedPolynomial := "(32/9)*x4*x6^2 + (2)*x4*x5^2 + (80/9)*x3*x6^2 + (5)*x3*x5^2 + (-95/9)*x2*x5*x6 + (119/4)*x2*x4^2 + (91/2)*x2*x3*x4 + (259/4)*x2*x3^2 + (197435/1152)*x2^3 + (10)*x1*x5*x6 + (17)*x1*x4^2 + (26)*x1*x3*x4 + (37)*x1*x3^2 + (-3925/288)*x1*x2^2 + (50)*x1^2*x2 + (65)*x1^3",
isDirectKnownCase := false,
linearGId := [ 24, 11 ],
projectiveGId := [ 8, 4 ],
proofType := "no smooth member or family-wide singularity certificate was found",
status := "unknown",
symplecticPart := "C4",
testedCoefficientCandidates := [ [ 2, 5, 10, 17, 26, 37, 50, 65 ], [ 1, 1, 1, 1, 1, 1, 1, 1 ], [ 1, 2, 3, 4, 5, 6, 7, 8 ], [ 1, -2, 3, -4, 5, -6, 7, -8 ], [ 1, 0, 0, -1, 0, 0, 0, 3 ], [ 1, 0, 0, 0, 0, 0, 0, 0 ], [ 0, 1, 0, 0, 0, 0, 0, 0 ], [ 0, 0, 1, 0, 0, 0, 0, 0 ], [ 0, 0, 0, 1, 0, 0, 0, 0 ], [ 0, 0, 0, 0, 1, 0, 0, 0 ], [ 0, 0, 0, 0, 0, 1, 0, 0 ], [ 0, 0, 0, 0, 0, 0, 1, 0 ], [ 0, 0, 0, 0, 0, 0, 0, 1 ], [ 1, 1, 0, 0, 0, 0, 0, 0 ], [ 1, -1, 0, 0, 0, 0, 0, 0 ], [ 1, 0, 1, 0, 0, 0, 0, 0 ], [ 1, 0, -1, 0, 0, 0, 0, 0 ], [ 1, 0, 0, 1, 0, 0, 0, 0 ], [ 1, 0, 0, -1, 0, 0, 0, 0 ], [ 1, 0, 0, 0, 1, 0, 0, 0 ], [ 1, 0, 0, 0, -1, 0, 0, 0 ], [ 1, 0, 0, 0, 0, 1, 0, 0 ], [ 1, 0, 0, 0, 0, -1, 0, 0 ], [ 1, 0, 0, 0, 0, 0, 1, 0 ], [ 1, 0, 0, 0, 0, 0, -1, 0 ], [ 1, 0, 0, 0, 0, 0, 0, 1 ], [ 1, 0, 0, 0, 0, 0, 0, -1 ], [ 0, 1, 1, 0, 0, 0, 0, 0 ], [ 0, 1, -1, 0, 0, 0, 0, 0 ], [ 0, 1, 0, 1, 0, 0, 0, 0 ], [ 0, 1, 0, -1, 0, 0, 0, 0 ], [ 0, 1, 0, 0, 1, 0, 0, 0 ] ] ), rec(
candidateNumber := 72,
centralizerDimension := 7,
componentIndex := 1,
componentLabel := "unique C4 component",
cubicInvariantDimension := 10,
determinantImageOrder := 2,
familyDimension := 3,
familyIndexWithinCase := 2,
genericIndex := 1,
guessedCoefficients := [ 1, 2, 3, 4, 5, 6, 7, 8, 9, 10 ],
guessedMemberTest := rec(
coefficientCandidates := [ [ 2, 5, 10, 17, 26, 37, 50, 65, 82, 101 ], [ 1, 1, 1, 1, 1, 1, 1, 1, 1, 1 ], [ 1, 2, 3, 4, 5, 6, 7, 8, 9, 10 ], [ 1, -2, 3, -4, 5, -6, 7, -8, 9, -10 ], [ 1, 0, 0, 0, -1, 0, 0, 0, 0, 3 ], [ 1, 0, 0, 0, 0, 0, 0, 0, 0, 0 ], [ 0, 1, 0, 0, 0, 0, 0, 0, 0, 0 ], [ 0, 0, 1, 0, 0, 0, 0, 0, 0, 0 ], [ 0, 0, 0, 1, 0, 0, 0, 0, 0, 0 ], [ 0, 0, 0, 0, 1, 0, 0, 0, 0, 0 ], [ 0, 0, 0, 0, 0, 1, 0, 0, 0, 0 ], [ 0, 0, 0, 0, 0, 0, 1, 0, 0, 0 ], [ 0, 0, 0, 0, 0, 0, 0, 1, 0, 0 ], [ 0, 0, 0, 0, 0, 0, 0, 0, 1, 0 ], [ 0, 0, 0, 0, 0, 0, 0, 0, 0, 1 ], [ 1, 1, 0, 0, 0, 0, 0, 0, 0, 0 ], [ 1, -1, 0, 0, 0, 0, 0, 0, 0, 0 ], [ 1, 0, 1, 0, 0, 0, 0, 0, 0, 0 ], [ 1, 0, -1, 0, 0, 0, 0, 0, 0, 0 ], [ 1, 0, 0, 1, 0, 0, 0, 0, 0, 0 ], [ 1, 0, 0, -1, 0, 0, 0, 0, 0, 0 ], [ 1, 0, 0, 0, 1, 0, 0, 0, 0, 0 ], [ 1, 0, 0, 0, -1, 0, 0, 0, 0, 0 ], [ 1, 0, 0, 0, 0, 1, 0, 0, 0, 0 ], [ 1, 0, 0, 0, 0, -1, 0, 0, 0, 0 ], [ 1, 0, 0, 0, 0, 0, 1, 0, 0, 0 ], [ 1, 0, 0, 0, 0, 0, -1, 0, 0, 0 ], [ 1, 0, 0, 0, 0, 0, 0, 1, 0, 0 ], [ 1, 0, 0, 0, 0, 0, 0, -1, 0, 0 ], [ 1, 0, 0, 0, 0, 0, 0, 0, 1, 0 ], [ 1, 0, 0, 0, 0, 0, 0, 0, -1, 0 ], [ 1, 0, 0, 0, 0, 0, 0, 0, 0, 1 ] ],
coefficientFieldConductor := 1,
exactTrials := [  ],
finiteFieldTrials := [ rec(
exitCode := 0,
numberOfMembersTested := 32,
prime := 7,
singularOutput := "CF_SINGULAR_MEMBER_1_END\nCF_SINGULAR_MEMBER_2_END\nCF_SMOOTH_MEMBER_3_END\nCF_SCRIPT_COMPLETED_OK\n",
status := "smooth",
witnessIndex := 3,
witnessVerificationPassed := true ) ],
member := rec(
coefficients := [ 1, 2, 3, 4, 5, 6, 7, 8, 9, 10 ],
monomialCoefficients := [ 0, 0, 0, 0, 541/720, 0, 771/1280, 0, 0, 0, 1, 0, 2, 0, 0, 0, 0, 0, 0, 0, 0, 0, 0, 0, 0, 47/80, 0, 0, 3, 4, 0, 0, 0, 0, 5, 0, 0, 0, 0, 0, 49/40, 0, 0, 6, 7, 0, 0, 0, 0, 8, 0, 0, 0, 0, 9, 10 ],
polynomial := "(541/720)*x4*x6^2 + (771/1280)*x4*x5^2 + x3*x6^2 + (2)*x3*x5^2 + (47/80)*x2*x4^2 + (3)*x2*x3*x4 + (4)*x2*x3^2 + (5)*x2^3 + (49/40)*x1*x4^2 + (6)*x1*x3*x4 + (7)*x1*x3^2 + (8)*x1*x2^2 + (9)*x1^2*x2 + (10)*x1^3" ),
method := "smooth reduction at a good split prime",
status := "smooth",
witnessPrime := 7 ),
isDirectKnownCase := false,
linearGId := [ 24, 11 ],
projectiveGId := [ 8, 4 ],
proofType := "an explicit member of the invariant cubic family is smooth",
smoothPolynomial := "(541/720)*x4*x6^2 + (771/1280)*x4*x5^2 + x3*x6^2 + (2)*x3*x5^2 + (47/80)*x2*x4^2 + (3)*x2*x3*x4 + (4)*x2*x3^2 + (5)*x2^3 + (49/40)*x1*x4^2 + (6)*x1*x3*x4 + (7)*x1*x3^2 + (8)*x1*x2^2 + (9)*x1^2*x2 + (10)*x1^3",
status := "smooth",
symplecticPart := "C4",
testedCoefficientCandidates := [ [ 2, 5, 10, 17, 26, 37, 50, 65, 82, 101 ], [ 1, 1, 1, 1, 1, 1, 1, 1, 1, 1 ], [ 1, 2, 3, 4, 5, 6, 7, 8, 9, 10 ], [ 1, -2, 3, -4, 5, -6, 7, -8, 9, -10 ], [ 1, 0, 0, 0, -1, 0, 0, 0, 0, 3 ], [ 1, 0, 0, 0, 0, 0, 0, 0, 0, 0 ], [ 0, 1, 0, 0, 0, 0, 0, 0, 0, 0 ], [ 0, 0, 1, 0, 0, 0, 0, 0, 0, 0 ], [ 0, 0, 0, 1, 0, 0, 0, 0, 0, 0 ], [ 0, 0, 0, 0, 1, 0, 0, 0, 0, 0 ], [ 0, 0, 0, 0, 0, 1, 0, 0, 0, 0 ], [ 0, 0, 0, 0, 0, 0, 1, 0, 0, 0 ], [ 0, 0, 0, 0, 0, 0, 0, 1, 0, 0 ], [ 0, 0, 0, 0, 0, 0, 0, 0, 1, 0 ], [ 0, 0, 0, 0, 0, 0, 0, 0, 0, 1 ], [ 1, 1, 0, 0, 0, 0, 0, 0, 0, 0 ], [ 1, -1, 0, 0, 0, 0, 0, 0, 0, 0 ], [ 1, 0, 1, 0, 0, 0, 0, 0, 0, 0 ], [ 1, 0, -1, 0, 0, 0, 0, 0, 0, 0 ], [ 1, 0, 0, 1, 0, 0, 0, 0, 0, 0 ], [ 1, 0, 0, -1, 0, 0, 0, 0, 0, 0 ], [ 1, 0, 0, 0, 1, 0, 0, 0, 0, 0 ], [ 1, 0, 0, 0, -1, 0, 0, 0, 0, 0 ], [ 1, 0, 0, 0, 0, 1, 0, 0, 0, 0 ], [ 1, 0, 0, 0, 0, -1, 0, 0, 0, 0 ], [ 1, 0, 0, 0, 0, 0, 1, 0, 0, 0 ], [ 1, 0, 0, 0, 0, 0, -1, 0, 0, 0 ], [ 1, 0, 0, 0, 0, 0, 0, 1, 0, 0 ], [ 1, 0, 0, 0, 0, 0, 0, -1, 0, 0 ], [ 1, 0, 0, 0, 0, 0, 0, 0, 1, 0 ], [ 1, 0, 0, 0, 0, 0, 0, 0, -1, 0 ], [ 1, 0, 0, 0, 0, 0, 0, 0, 0, 1 ] ] ), rec(
candidateNumber := 73,
centralizerDimension := 5,
componentIndex := 1,
componentLabel := "unique C4 component",
cubicInvariantDimension := 8,
determinantImageOrder := 2,
familyDimension := 3,
familyIndexWithinCase := 1,
genericIndex := 1,
guessedCoefficients := [ 1, 2, 3, 4, 5, 6, 7, 8 ],
guessedMemberTest := rec(
coefficientCandidates := [ [ 2, 5, 10, 17, 26, 37, 50, 65 ], [ 1, 1, 1, 1, 1, 1, 1, 1 ], [ 1, 2, 3, 4, 5, 6, 7, 8 ], [ 1, -2, 3, -4, 5, -6, 7, -8 ], [ 1, 0, 0, -1, 0, 0, 0, 3 ], [ 1, 0, 0, 0, 0, 0, 0, 0 ], [ 0, 1, 0, 0, 0, 0, 0, 0 ], [ 0, 0, 1, 0, 0, 0, 0, 0 ], [ 0, 0, 0, 1, 0, 0, 0, 0 ], [ 0, 0, 0, 0, 1, 0, 0, 0 ], [ 0, 0, 0, 0, 0, 1, 0, 0 ], [ 0, 0, 0, 0, 0, 0, 1, 0 ], [ 0, 0, 0, 0, 0, 0, 0, 1 ], [ 1, 1, 0, 0, 0, 0, 0, 0 ], [ 1, -1, 0, 0, 0, 0, 0, 0 ], [ 1, 0, 1, 0, 0, 0, 0, 0 ], [ 1, 0, -1, 0, 0, 0, 0, 0 ], [ 1, 0, 0, 1, 0, 0, 0, 0 ], [ 1, 0, 0, -1, 0, 0, 0, 0 ], [ 1, 0, 0, 0, 1, 0, 0, 0 ], [ 1, 0, 0, 0, -1, 0, 0, 0 ], [ 1, 0, 0, 0, 0, 1, 0, 0 ], [ 1, 0, 0, 0, 0, -1, 0, 0 ], [ 1, 0, 0, 0, 0, 0, 1, 0 ], [ 1, 0, 0, 0, 0, 0, -1, 0 ], [ 1, 0, 0, 0, 0, 0, 0, 1 ], [ 1, 0, 0, 0, 0, 0, 0, -1 ], [ 0, 1, 1, 0, 0, 0, 0, 0 ], [ 0, 1, -1, 0, 0, 0, 0, 0 ], [ 0, 1, 0, 1, 0, 0, 0, 0 ], [ 0, 1, 0, -1, 0, 0, 0, 0 ], [ 0, 1, 0, 0, 1, 0, 0, 0 ] ],
coefficientFieldConductor := 1,
exactTrials := [  ],
finiteFieldTrials := [ rec(
exitCode := 0,
numberOfMembersTested := 32,
prime := 7,
singularOutput := "CF_SINGULAR_MEMBER_1_END\nCF_SINGULAR_MEMBER_2_END\nCF_SMOOTH_MEMBER_3_END\nCF_SCRIPT_COMPLETED_OK\n",
status := "smooth",
witnessIndex := 3,
witnessVerificationPassed := true ) ],
member := rec(
coefficients := [ 1, 2, 3, 4, 5, 6, 7, 8 ],
monomialCoefficients := [ 0, 0, 0, 0, -53/40, 0, 1133/640, 0, 0, 0, 1, 0, 2, 0, 0, 0, 0, 0, 0, 0, 0, 3/8, 0, 0, 0, 80357/26244, 0, 0, 111455/13122, 115733/26244, 0, 0, 0, 0, -125/576, 0, 3, 0, 0, 0, 4, 0, 0, 5, 6, 0, 0, 0, 0, -71/72, 0, 0, 0, 0, 7, 8 ],
polynomial := "(-53/40)*x4*x6^2 + (1133/640)*x4*x5^2 + x3*x6^2 + (2)*x3*x5^2 + (3/8)*x2*x5*x6 + (80357/26244)*x2*x4^2 + (111455/13122)*x2*x3*x4 + (115733/26244)*x2*x3^2 + (-125/576)*x2^3 + (3)*x1*x5*x6 + (4)*x1*x4^2 + (5)*x1*x3*x4 + (6)*x1*x3^2 + (-71/72)*x1*x2^2 + (7)*x1^2*x2 + (8)*x1^3" ),
method := "smooth reduction at a good split prime",
status := "smooth",
witnessPrime := 7 ),
isDirectKnownCase := false,
linearGId := [ 24, 10 ],
projectiveGId := [ 8, 3 ],
proofType := "an explicit member of the invariant cubic family is smooth",
smoothPolynomial := "(-53/40)*x4*x6^2 + (1133/640)*x4*x5^2 + x3*x6^2 + (2)*x3*x5^2 + (3/8)*x2*x5*x6 + (80357/26244)*x2*x4^2 + (111455/13122)*x2*x3*x4 + (115733/26244)*x2*x3^2 + (-125/576)*x2^3 + (3)*x1*x5*x6 + (4)*x1*x4^2 + (5)*x1*x3*x4 + (6)*x1*x3^2 + (-71/72)*x1*x2^2 + (7)*x1^2*x2 + (8)*x1^3",
status := "smooth",
symplecticPart := "C4",
testedCoefficientCandidates := [ [ 2, 5, 10, 17, 26, 37, 50, 65 ], [ 1, 1, 1, 1, 1, 1, 1, 1 ], [ 1, 2, 3, 4, 5, 6, 7, 8 ], [ 1, -2, 3, -4, 5, -6, 7, -8 ], [ 1, 0, 0, -1, 0, 0, 0, 3 ], [ 1, 0, 0, 0, 0, 0, 0, 0 ], [ 0, 1, 0, 0, 0, 0, 0, 0 ], [ 0, 0, 1, 0, 0, 0, 0, 0 ], [ 0, 0, 0, 1, 0, 0, 0, 0 ], [ 0, 0, 0, 0, 1, 0, 0, 0 ], [ 0, 0, 0, 0, 0, 1, 0, 0 ], [ 0, 0, 0, 0, 0, 0, 1, 0 ], [ 0, 0, 0, 0, 0, 0, 0, 1 ], [ 1, 1, 0, 0, 0, 0, 0, 0 ], [ 1, -1, 0, 0, 0, 0, 0, 0 ], [ 1, 0, 1, 0, 0, 0, 0, 0 ], [ 1, 0, -1, 0, 0, 0, 0, 0 ], [ 1, 0, 0, 1, 0, 0, 0, 0 ], [ 1, 0, 0, -1, 0, 0, 0, 0 ], [ 1, 0, 0, 0, 1, 0, 0, 0 ], [ 1, 0, 0, 0, -1, 0, 0, 0 ], [ 1, 0, 0, 0, 0, 1, 0, 0 ], [ 1, 0, 0, 0, 0, -1, 0, 0 ], [ 1, 0, 0, 0, 0, 0, 1, 0 ], [ 1, 0, 0, 0, 0, 0, -1, 0 ], [ 1, 0, 0, 0, 0, 0, 0, 1 ], [ 1, 0, 0, 0, 0, 0, 0, -1 ], [ 0, 1, 1, 0, 0, 0, 0, 0 ], [ 0, 1, -1, 0, 0, 0, 0, 0 ], [ 0, 1, 0, 1, 0, 0, 0, 0 ], [ 0, 1, 0, -1, 0, 0, 0, 0 ], [ 0, 1, 0, 0, 1, 0, 0, 0 ] ] ), rec(
candidateNumber := 74,
centralizerDimension := 9,
componentIndex := 1,
componentLabel := "unique C4 component",
cubicInvariantDimension := 14,
determinantImageOrder := 2,
familyDimension := 5,
familyIndexWithinCase := 2,
genericIndex := 1,
guessedCoefficients := [ 2, 5, 10, 17, 26, 37, 50, 65, 82, 101, 122, 145, 170, 197 ],
guessedMemberTest := rec(
coefficientCandidates := [ [ 2, 5, 10, 17, 26, 37, 50, 65, 82, 101, 122, 145, 170, 197 ], [ 1, 1, 1, 1, 1, 1, 1, 1, 1, 1, 1, 1, 1, 1 ], [ 1, 2, 3, 4, 5, 6, 7, 8, 9, 10, 11, 12, 13, 14 ], [ 1, -2, 3, -4, 5, -6, 7, -8, 9, -10, 11, -12, 13, -14 ], [ 1, 0, 0, 0, 0, 0, -1, 0, 0, 0, 0, 0, 0, 3 ], [ 1, 0, 0, 0, 0, 0, 0, 0, 0, 0, 0, 0, 0, 0 ], [ 0, 1, 0, 0, 0, 0, 0, 0, 0, 0, 0, 0, 0, 0 ], [ 0, 0, 1, 0, 0, 0, 0, 0, 0, 0, 0, 0, 0, 0 ], [ 0, 0, 0, 1, 0, 0, 0, 0, 0, 0, 0, 0, 0, 0 ], [ 0, 0, 0, 0, 1, 0, 0, 0, 0, 0, 0, 0, 0, 0 ], [ 0, 0, 0, 0, 0, 1, 0, 0, 0, 0, 0, 0, 0, 0 ], [ 0, 0, 0, 0, 0, 0, 1, 0, 0, 0, 0, 0, 0, 0 ], [ 0, 0, 0, 0, 0, 0, 0, 1, 0, 0, 0, 0, 0, 0 ], [ 0, 0, 0, 0, 0, 0, 0, 0, 1, 0, 0, 0, 0, 0 ], [ 0, 0, 0, 0, 0, 0, 0, 0, 0, 1, 0, 0, 0, 0 ], [ 0, 0, 0, 0, 0, 0, 0, 0, 0, 0, 1, 0, 0, 0 ], [ 0, 0, 0, 0, 0, 0, 0, 0, 0, 0, 0, 1, 0, 0 ], [ 0, 0, 0, 0, 0, 0, 0, 0, 0, 0, 0, 0, 1, 0 ], [ 0, 0, 0, 0, 0, 0, 0, 0, 0, 0, 0, 0, 0, 1 ], [ 1, 1, 0, 0, 0, 0, 0, 0, 0, 0, 0, 0, 0, 0 ], [ 1, -1, 0, 0, 0, 0, 0, 0, 0, 0, 0, 0, 0, 0 ], [ 1, 0, 1, 0, 0, 0, 0, 0, 0, 0, 0, 0, 0, 0 ], [ 1, 0, -1, 0, 0, 0, 0, 0, 0, 0, 0, 0, 0, 0 ], [ 1, 0, 0, 1, 0, 0, 0, 0, 0, 0, 0, 0, 0, 0 ], [ 1, 0, 0, -1, 0, 0, 0, 0, 0, 0, 0, 0, 0, 0 ], [ 1, 0, 0, 0, 1, 0, 0, 0, 0, 0, 0, 0, 0, 0 ], [ 1, 0, 0, 0, -1, 0, 0, 0, 0, 0, 0, 0, 0, 0 ], [ 1, 0, 0, 0, 0, 1, 0, 0, 0, 0, 0, 0, 0, 0 ], [ 1, 0, 0, 0, 0, -1, 0, 0, 0, 0, 0, 0, 0, 0 ], [ 1, 0, 0, 0, 0, 0, 1, 0, 0, 0, 0, 0, 0, 0 ], [ 1, 0, 0, 0, 0, 0, -1, 0, 0, 0, 0, 0, 0, 0 ], [ 1, 0, 0, 0, 0, 0, 0, 1, 0, 0, 0, 0, 0, 0 ] ],
coefficientFieldConductor := 1,
exactTrials := [  ],
finiteFieldTrials := [ rec(
exitCode := 0,
numberOfMembersTested := 32,
prime := 5,
singularOutput := "CF_SINGULAR_MEMBER_1_END\nCF_SINGULAR_MEMBER_2_END\nCF_SINGULAR_MEMBER_3_END\nCF_SINGULAR_MEMBER_4_END\nCF_SINGULAR_MEMBER_5_END\nCF_SINGULAR_MEMBER_6_END\nCF_SINGULAR_MEMBER_7_END\nCF_SINGULAR_MEMBER_8_END\nCF_SINGULAR_MEMBER_9_END\nCF_SINGULAR_MEMBER_10_END\nCF_SINGULAR_MEMBER_11_END\nCF_SINGULAR_MEMBER_12_END\nCF_SINGULAR_MEMBER_13_END\nCF_SINGULAR_MEMBER_14_END\nCF_SINGULAR_MEMBER_15_END\nCF_SINGULAR_MEMBER_16_END\nCF_SINGULAR_MEMBER_17_END\nCF_SINGULAR_MEMBER_18_END\nCF_SINGULAR_MEMBER_19_END\nCF_SINGULAR_MEMBER_20_END\nCF_SINGULAR_MEMBER_21_END\nCF_SINGULAR_MEMBER_22_END\nCF_SINGULAR_MEMBER_23_END\nCF_SINGULAR_MEMBER_24_END\nCF_SINGULAR_MEMBER_25_END\nCF_SINGULAR_MEMBER_26_END\nCF_SINGULAR_MEMBER_27_END\nCF_SINGULAR_MEMBER_28_END\nCF_SINGULAR_MEMBER_29_END\nCF_SINGULAR_MEMBER_30_END\nCF_SINGULAR_MEMBER_31_END\nCF_SINGULAR_MEMBER_32_END\nCF_NO_SMOOTH_MEMBER\nCF_SCRIPT_COMPLETED_OK\n",
status := "no_smooth_in_batch",
witnessIndex := fail,
witnessVerificationPassed := false ), rec(
exitCode := 0,
numberOfMembersTested := 32,
prime := 7,
singularOutput := "CF_SMOOTH_MEMBER_1_END\nCF_SCRIPT_COMPLETED_OK\n",
status := "smooth",
witnessIndex := 1,
witnessVerificationPassed := true ) ],
member := rec(
coefficients := [ 2, 5, 10, 17, 26, 37, 50, 65, 82, 101, 122, 145, 170, 197 ],
monomialCoefficients := [ 0, 0, 0, 0, -32/9, 0, 2, 0, 0, 0, -80/9, 0, 5, 0, 0, 0, 0, 0, 0, 0, 0, 10, 0, 0, 0, 17, 0, 0, 26, 37, 0, 0, 0, 0, 50, 0, 65, 0, 0, 0, 82, 0, 0, 101, 122, 0, 0, 0, 0, 145, 0, 0, 0, 0, 170, 197 ],
polynomial := "(-32/9)*x4*x6^2 + (2)*x4*x5^2 + (-80/9)*x3*x6^2 + (5)*x3*x5^2 + (10)*x2*x5*x6 + (17)*x2*x4^2 + (26)*x2*x3*x4 + (37)*x2*x3^2 + (50)*x2^3 + (65)*x1*x5*x6 + (82)*x1*x4^2 + (101)*x1*x3*x4 + (122)*x1*x3^2 + (145)*x1*x2^2 + (170)*x1^2*x2 + (197)*x1^3" ),
method := "smooth reduction at a good split prime",
status := "smooth",
witnessPrime := 7 ),
isDirectKnownCase := false,
linearGId := [ 24, 10 ],
projectiveGId := [ 8, 3 ],
proofType := "an explicit member of the invariant cubic family is smooth",
smoothPolynomial := "(-32/9)*x4*x6^2 + (2)*x4*x5^2 + (-80/9)*x3*x6^2 + (5)*x3*x5^2 + (10)*x2*x5*x6 + (17)*x2*x4^2 + (26)*x2*x3*x4 + (37)*x2*x3^2 + (50)*x2^3 + (65)*x1*x5*x6 + (82)*x1*x4^2 + (101)*x1*x3*x4 + (122)*x1*x3^2 + (145)*x1*x2^2 + (170)*x1^2*x2 + (197)*x1^3",
status := "smooth",
symplecticPart := "C4",
testedCoefficientCandidates := [ [ 2, 5, 10, 17, 26, 37, 50, 65, 82, 101, 122, 145, 170, 197 ], [ 1, 1, 1, 1, 1, 1, 1, 1, 1, 1, 1, 1, 1, 1 ], [ 1, 2, 3, 4, 5, 6, 7, 8, 9, 10, 11, 12, 13, 14 ], [ 1, -2, 3, -4, 5, -6, 7, -8, 9, -10, 11, -12, 13, -14 ], [ 1, 0, 0, 0, 0, 0, -1, 0, 0, 0, 0, 0, 0, 3 ], [ 1, 0, 0, 0, 0, 0, 0, 0, 0, 0, 0, 0, 0, 0 ], [ 0, 1, 0, 0, 0, 0, 0, 0, 0, 0, 0, 0, 0, 0 ], [ 0, 0, 1, 0, 0, 0, 0, 0, 0, 0, 0, 0, 0, 0 ], [ 0, 0, 0, 1, 0, 0, 0, 0, 0, 0, 0, 0, 0, 0 ], [ 0, 0, 0, 0, 1, 0, 0, 0, 0, 0, 0, 0, 0, 0 ], [ 0, 0, 0, 0, 0, 1, 0, 0, 0, 0, 0, 0, 0, 0 ], [ 0, 0, 0, 0, 0, 0, 1, 0, 0, 0, 0, 0, 0, 0 ], [ 0, 0, 0, 0, 0, 0, 0, 1, 0, 0, 0, 0, 0, 0 ], [ 0, 0, 0, 0, 0, 0, 0, 0, 1, 0, 0, 0, 0, 0 ], [ 0, 0, 0, 0, 0, 0, 0, 0, 0, 1, 0, 0, 0, 0 ], [ 0, 0, 0, 0, 0, 0, 0, 0, 0, 0, 1, 0, 0, 0 ], [ 0, 0, 0, 0, 0, 0, 0, 0, 0, 0, 0, 1, 0, 0 ], [ 0, 0, 0, 0, 0, 0, 0, 0, 0, 0, 0, 0, 1, 0 ], [ 0, 0, 0, 0, 0, 0, 0, 0, 0, 0, 0, 0, 0, 1 ], [ 1, 1, 0, 0, 0, 0, 0, 0, 0, 0, 0, 0, 0, 0 ], [ 1, -1, 0, 0, 0, 0, 0, 0, 0, 0, 0, 0, 0, 0 ], [ 1, 0, 1, 0, 0, 0, 0, 0, 0, 0, 0, 0, 0, 0 ], [ 1, 0, -1, 0, 0, 0, 0, 0, 0, 0, 0, 0, 0, 0 ], [ 1, 0, 0, 1, 0, 0, 0, 0, 0, 0, 0, 0, 0, 0 ], [ 1, 0, 0, -1, 0, 0, 0, 0, 0, 0, 0, 0, 0, 0 ], [ 1, 0, 0, 0, 1, 0, 0, 0, 0, 0, 0, 0, 0, 0 ], [ 1, 0, 0, 0, -1, 0, 0, 0, 0, 0, 0, 0, 0, 0 ], [ 1, 0, 0, 0, 0, 1, 0, 0, 0, 0, 0, 0, 0, 0 ], [ 1, 0, 0, 0, 0, -1, 0, 0, 0, 0, 0, 0, 0, 0 ], [ 1, 0, 0, 0, 0, 0, 1, 0, 0, 0, 0, 0, 0, 0 ], [ 1, 0, 0, 0, 0, 0, -1, 0, 0, 0, 0, 0, 0, 0 ], [ 1, 0, 0, 0, 0, 0, 0, 1, 0, 0, 0, 0, 0, 0 ] ] ), rec(
candidateNumber := 75,
centralizerDimension := 5,
commonSingularPoint := [ 0, 0, 0, 0, 1, 0 ],
componentIndex := 1,
componentLabel := "unique C4 component",
cubicInvariantDimension := 5,
determinantImageOrder := 6,
familyDimension := 0,
familyIndexWithinCase := 1,
genericIndex := 1,
guessedMemberTest := rec(
status := "not_run" ),
isDirectKnownCase := false,
linearGId := [ 72, 37 ],
linearVariables := [ 5, 6 ],
projectiveGId := [ 24, 10 ],
proofType := "a variable has exponent at most one throughout the family",
status := "singular",
symplecticPart := "C4" ), rec(
candidateNumber := 76,
centralizerDimension := 9,
commonSingularPoint := [ 0, 0, 0, 0, 1, 0 ],
componentIndex := 1,
componentLabel := "unique C4 component",
cubicInvariantDimension := 10,
determinantImageOrder := 6,
familyDimension := 1,
familyIndexWithinCase := 2,
genericIndex := 1,
guessedMemberTest := rec(
status := "not_run" ),
isDirectKnownCase := false,
linearGId := [ 72, 37 ],
linearVariables := [ 5, 6 ],
projectiveGId := [ 24, 10 ],
proofType := "a variable has exponent at most one throughout the family",
status := "singular",
symplecticPart := "C4" ), rec(
candidateNumber := 77,
centralizerDimension := 5,
commonSingularChart := 1,
componentIndex := 1,
componentLabel := "unique C4 component",
cubicInvariantDimension := 6,
determinantImageOrder := 6,
exactCommonLocusTest := rec(
coefficientFieldConductor := 1,
exitCode := 0,
singularChart := 1,
singularOutput := "CF_EXACT_COMMON_SINGULAR_CHART_1\nCF_EXACT_COMMON_SINGULAR_POINT\nCF_SCRIPT_COMPLETED_OK\n",
status := "common_singular_point_exists" ),
familyDimension := 1,
familyIndexWithinCase := 3,
genericIndex := 1,
guessedCoefficients := [ 2, 5, 10, 17, 26, 37 ],
guessedMemberTest := rec(
coefficientCandidates := [ [ 2, 5, 10, 17, 26, 37 ], [ 1, 1, 1, 1, 1, 1 ], [ 1, 2, 3, 4, 5, 6 ], [ 1, -2, 3, -4, 5, -6 ], [ 1, 0, -1, 0, 0, 3 ], [ 1, 0, 0, 0, 0, 0 ], [ 0, 1, 0, 0, 0, 0 ], [ 0, 0, 1, 0, 0, 0 ], [ 0, 0, 0, 1, 0, 0 ], [ 0, 0, 0, 0, 1, 0 ], [ 0, 0, 0, 0, 0, 1 ], [ 1, 1, 0, 0, 0, 0 ], [ 1, -1, 0, 0, 0, 0 ], [ 1, 0, 1, 0, 0, 0 ], [ 1, 0, -1, 0, 0, 0 ], [ 1, 0, 0, 1, 0, 0 ], [ 1, 0, 0, -1, 0, 0 ], [ 1, 0, 0, 0, 1, 0 ], [ 1, 0, 0, 0, -1, 0 ], [ 1, 0, 0, 0, 0, 1 ], [ 1, 0, 0, 0, 0, -1 ], [ 0, 1, 1, 0, 0, 0 ], [ 0, 1, -1, 0, 0, 0 ], [ 0, 1, 0, 1, 0, 0 ], [ 0, 1, 0, -1, 0, 0 ], [ 0, 1, 0, 0, 1, 0 ], [ 0, 1, 0, 0, -1, 0 ], [ 0, 1, 0, 0, 0, 1 ], [ 0, 1, 0, 0, 0, -1 ], [ 0, 0, 1, 1, 0, 0 ], [ 0, 0, 1, -1, 0, 0 ], [ 0, 0, 1, 0, 1, 0 ] ],
coefficientFieldConductor := 1,
exactTrials := [ rec(
coefficients := [ 2, 5, 10, 17, 26, 37 ],
trial := rec(
coefficientFieldConductor := 1,
exitCode := 0,
singularChart := 1,
singularOutput := "CF_EXACT_SINGULAR_CHART_1\nCF_EXACT_SINGULAR\nCF_SCRIPT_COMPLETED_OK\n",
status := "exact_singular" ) ), rec(
coefficients := [ 1, 1, 1, 1, 1, 1 ],
trial := rec(
coefficientFieldConductor := 1,
exitCode := 0,
singularChart := 1,
singularOutput := "CF_EXACT_SINGULAR_CHART_1\nCF_EXACT_SINGULAR\nCF_SCRIPT_COMPLETED_OK\n",
status := "exact_singular" ) ), rec(
coefficients := [ 1, 2, 3, 4, 5, 6 ],
trial := rec(
coefficientFieldConductor := 1,
exitCode := 0,
singularChart := 1,
singularOutput := "CF_EXACT_SINGULAR_CHART_1\nCF_EXACT_SINGULAR\nCF_SCRIPT_COMPLETED_OK\n",
status := "exact_singular" ) ), rec(
coefficients := [ 1, -2, 3, -4, 5, -6 ],
trial := rec(
coefficientFieldConductor := 1,
exitCode := 0,
singularChart := 1,
singularOutput := "CF_EXACT_SINGULAR_CHART_1\nCF_EXACT_SINGULAR\nCF_SCRIPT_COMPLETED_OK\n",
status := "exact_singular" ) ), rec(
coefficients := [ 1, 0, -1, 0, 0, 3 ],
trial := rec(
coefficientFieldConductor := 1,
exitCode := 0,
singularChart := 1,
singularOutput := "CF_EXACT_SINGULAR_CHART_1\nCF_EXACT_SINGULAR\nCF_SCRIPT_COMPLETED_OK\n",
status := "exact_singular" ) ), rec(
coefficients := [ 1, 0, 0, 0, 0, 0 ],
trial := rec(
coefficientFieldConductor := 1,
exitCode := 0,
singularChart := 1,
singularOutput := "CF_EXACT_SINGULAR_CHART_1\nCF_EXACT_SINGULAR\nCF_SCRIPT_COMPLETED_OK\n",
status := "exact_singular" ) ) ],
finiteFieldTrials := [ rec(
exitCode := 0,
numberOfMembersTested := 32,
prime := 7,
singularOutput := "CF_SINGULAR_MEMBER_1_END\nCF_SINGULAR_MEMBER_2_END\nCF_SINGULAR_MEMBER_3_END\nCF_SINGULAR_MEMBER_4_END\nCF_SINGULAR_MEMBER_5_END\nCF_SINGULAR_MEMBER_6_END\nCF_SINGULAR_MEMBER_7_END\nCF_SINGULAR_MEMBER_8_END\nCF_SINGULAR_MEMBER_9_END\nCF_SINGULAR_MEMBER_10_END\nCF_SINGULAR_MEMBER_11_END\nCF_SINGULAR_MEMBER_12_END\nCF_SINGULAR_MEMBER_13_END\nCF_SINGULAR_MEMBER_14_END\nCF_SINGULAR_MEMBER_15_END\nCF_SINGULAR_MEMBER_16_END\nCF_SINGULAR_MEMBER_17_END\nCF_SINGULAR_MEMBER_18_END\nCF_SINGULAR_MEMBER_19_END\nCF_SINGULAR_MEMBER_20_END\nCF_SINGULAR_MEMBER_21_END\nCF_SINGULAR_MEMBER_22_END\nCF_SINGULAR_MEMBER_23_END\nCF_SINGULAR_MEMBER_24_END\nCF_SINGULAR_MEMBER_25_END\nCF_SINGULAR_MEMBER_26_END\nCF_SINGULAR_MEMBER_27_END\nCF_SINGULAR_MEMBER_28_END\nCF_SINGULAR_MEMBER_29_END\nCF_SINGULAR_MEMBER_30_END\nCF_SINGULAR_MEMBER_31_END\nCF_SINGULAR_MEMBER_32_END\nCF_NO_SMOOTH_MEMBER\nCF_SCRIPT_COMPLETED_OK\n",
status := "no_smooth_in_batch",
witnessIndex := fail,
witnessVerificationPassed := false ), rec(
exitCode := 0,
numberOfMembersTested := 32,
prime := 11,
singularOutput := "CF_SINGULAR_MEMBER_1_END\nCF_SINGULAR_MEMBER_2_END\nCF_SINGULAR_MEMBER_3_END\nCF_SINGULAR_MEMBER_4_END\nCF_SINGULAR_MEMBER_5_END\nCF_SINGULAR_MEMBER_6_END\nCF_SINGULAR_MEMBER_7_END\nCF_SINGULAR_MEMBER_8_END\nCF_SINGULAR_MEMBER_9_END\nCF_SINGULAR_MEMBER_10_END\nCF_SINGULAR_MEMBER_11_END\nCF_SINGULAR_MEMBER_12_END\nCF_SINGULAR_MEMBER_13_END\nCF_SINGULAR_MEMBER_14_END\nCF_SINGULAR_MEMBER_15_END\nCF_SINGULAR_MEMBER_16_END\nCF_SINGULAR_MEMBER_17_END\nCF_SINGULAR_MEMBER_18_END\nCF_SINGULAR_MEMBER_19_END\nCF_SINGULAR_MEMBER_20_END\nCF_SINGULAR_MEMBER_21_END\nCF_SINGULAR_MEMBER_22_END\nCF_SINGULAR_MEMBER_23_END\nCF_SINGULAR_MEMBER_24_END\nCF_SINGULAR_MEMBER_25_END\nCF_SINGULAR_MEMBER_26_END\nCF_SINGULAR_MEMBER_27_END\nCF_SINGULAR_MEMBER_28_END\nCF_SINGULAR_MEMBER_29_END\nCF_SINGULAR_MEMBER_30_END\nCF_SINGULAR_MEMBER_31_END\nCF_SINGULAR_MEMBER_32_END\nCF_NO_SMOOTH_MEMBER\nCF_SCRIPT_COMPLETED_OK\n",
status := "no_smooth_in_batch",
witnessIndex := fail,
witnessVerificationPassed := false ), rec(
exitCode := 0,
numberOfMembersTested := 32,
prime := 13,
singularOutput := "CF_SINGULAR_MEMBER_1_END\nCF_SINGULAR_MEMBER_2_END\nCF_SINGULAR_MEMBER_3_END\nCF_SINGULAR_MEMBER_4_END\nCF_SINGULAR_MEMBER_5_END\nCF_SINGULAR_MEMBER_6_END\nCF_SINGULAR_MEMBER_7_END\nCF_SINGULAR_MEMBER_8_END\nCF_SINGULAR_MEMBER_9_END\nCF_SINGULAR_MEMBER_10_END\nCF_SINGULAR_MEMBER_11_END\nCF_SINGULAR_MEMBER_12_END\nCF_SINGULAR_MEMBER_13_END\nCF_SINGULAR_MEMBER_14_END\nCF_SINGULAR_MEMBER_15_END\nCF_SINGULAR_MEMBER_16_END\nCF_SINGULAR_MEMBER_17_END\nCF_SINGULAR_MEMBER_18_END\nCF_SINGULAR_MEMBER_19_END\nCF_SINGULAR_MEMBER_20_END\nCF_SINGULAR_MEMBER_21_END\nCF_SINGULAR_MEMBER_22_END\nCF_SINGULAR_MEMBER_23_END\nCF_SINGULAR_MEMBER_24_END\nCF_SINGULAR_MEMBER_25_END\nCF_SINGULAR_MEMBER_26_END\nCF_SINGULAR_MEMBER_27_END\nCF_SINGULAR_MEMBER_28_END\nCF_SINGULAR_MEMBER_29_END\nCF_SINGULAR_MEMBER_30_END\nCF_SINGULAR_MEMBER_31_END\nCF_SINGULAR_MEMBER_32_END\nCF_NO_SMOOTH_MEMBER\nCF_SCRIPT_COMPLETED_OK\n",
status := "no_smooth_in_batch",
witnessIndex := fail,
witnessVerificationPassed := false ) ],
method := "deterministic coefficient batch",
status := "no_smooth_witness" ),
guessedPolynomial := "(-251/360)*x4*x6^2 + (741/640)*x4*x5^2 + (2)*x3*x6^2 + (5)*x3*x5^2 + (-95/9)*x2*x5*x6 + (-4807/1440)*x2*x4^2 + (-323/18)*x2*x3*x4 + (-247/9)*x2*x3^2 + (-253783/5832)*x2^3 + (10)*x1*x5*x6 + (253/80)*x1*x4^2 + (17)*x1*x3*x4 + (26)*x1*x3^2 + (13357/108)*x1*x2^2 + (-703/6)*x1^2*x2 + (37)*x1^3",
isDirectKnownCase := false,
linearGId := [ 72, 37 ],
projectiveGId := [ 24, 10 ],
proofType := "the invariant basis has a nonempty exact common projective Jacobian locus",
status := "singular",
symplecticPart := "C4",
testedCoefficientCandidates := [ [ 2, 5, 10, 17, 26, 37 ], [ 1, 1, 1, 1, 1, 1 ], [ 1, 2, 3, 4, 5, 6 ], [ 1, -2, 3, -4, 5, -6 ], [ 1, 0, -1, 0, 0, 3 ], [ 1, 0, 0, 0, 0, 0 ], [ 0, 1, 0, 0, 0, 0 ], [ 0, 0, 1, 0, 0, 0 ], [ 0, 0, 0, 1, 0, 0 ], [ 0, 0, 0, 0, 1, 0 ], [ 0, 0, 0, 0, 0, 1 ], [ 1, 1, 0, 0, 0, 0 ], [ 1, -1, 0, 0, 0, 0 ], [ 1, 0, 1, 0, 0, 0 ], [ 1, 0, -1, 0, 0, 0 ], [ 1, 0, 0, 1, 0, 0 ], [ 1, 0, 0, -1, 0, 0 ], [ 1, 0, 0, 0, 1, 0 ], [ 1, 0, 0, 0, -1, 0 ], [ 1, 0, 0, 0, 0, 1 ], [ 1, 0, 0, 0, 0, -1 ], [ 0, 1, 1, 0, 0, 0 ], [ 0, 1, -1, 0, 0, 0 ], [ 0, 1, 0, 1, 0, 0 ], [ 0, 1, 0, -1, 0, 0 ], [ 0, 1, 0, 0, 1, 0 ], [ 0, 1, 0, 0, -1, 0 ], [ 0, 1, 0, 0, 0, 1 ], [ 0, 1, 0, 0, 0, -1 ], [ 0, 0, 1, 1, 0, 0 ], [ 0, 0, 1, -1, 0, 0 ], [ 0, 0, 1, 0, 1, 0 ] ] ), rec(
candidateNumber := 78,
centralizerDimension := 5,
commonSingularChart := 3,
componentIndex := 1,
componentLabel := "unique C4 component",
cubicInvariantDimension := 5,
determinantImageOrder := 6,
exactCommonLocusTest := rec(
coefficientFieldConductor := 1,
exitCode := 0,
singularChart := 3,
singularOutput := "CF_EXACT_COMMON_SINGULAR_CHART_3\nCF_EXACT_COMMON_SINGULAR_POINT\nCF_SCRIPT_COMPLETED_OK\n",
status := "common_singular_point_exists" ),
familyDimension := 0,
familyIndexWithinCase := 4,
genericIndex := 1,
guessedCoefficients := [ 2, 5, 10, 17, 26 ],
guessedMemberTest := rec(
coefficientCandidates := [ [ 2, 5, 10, 17, 26 ], [ 1, 1, 1, 1, 1 ], [ 1, 2, 3, 4, 5 ], [ 1, -2, 3, -4, 5 ], [ 1, 0, -1, 0, 3 ], [ 1, 0, 0, 0, 0 ], [ 0, 1, 0, 0, 0 ], [ 0, 0, 1, 0, 0 ], [ 0, 0, 0, 1, 0 ], [ 0, 0, 0, 0, 1 ], [ 1, 1, 0, 0, 0 ], [ 1, -1, 0, 0, 0 ], [ 1, 0, 1, 0, 0 ], [ 1, 0, -1, 0, 0 ], [ 1, 0, 0, 1, 0 ], [ 1, 0, 0, -1, 0 ], [ 1, 0, 0, 0, 1 ], [ 1, 0, 0, 0, -1 ], [ 0, 1, 1, 0, 0 ], [ 0, 1, -1, 0, 0 ], [ 0, 1, 0, 1, 0 ], [ 0, 1, 0, -1, 0 ], [ 0, 1, 0, 0, 1 ], [ 0, 1, 0, 0, -1 ], [ 0, 0, 1, 1, 0 ], [ 0, 0, 1, -1, 0 ], [ 0, 0, 1, 0, 1 ], [ 0, 0, 1, 0, -1 ], [ 0, 0, 0, 1, 1 ], [ 0, 0, 0, 1, -1 ], [ 8, -7, -8, -6, 8 ], [ 5, -1, -5, 4, -3 ] ],
coefficientFieldConductor := 1,
exactTrials := [ rec(
coefficients := [ 2, 5, 10, 17, 26 ],
trial := rec(
coefficientFieldConductor := 1,
exitCode := 0,
singularChart := 1,
singularOutput := "CF_EXACT_SINGULAR_CHART_1\nCF_EXACT_SINGULAR\nCF_SCRIPT_COMPLETED_OK\n",
status := "exact_singular" ) ), rec(
coefficients := [ 1, 1, 1, 1, 1 ],
trial := rec(
coefficientFieldConductor := 1,
exitCode := 0,
singularChart := 1,
singularOutput := "CF_EXACT_SINGULAR_CHART_1\nCF_EXACT_SINGULAR\nCF_SCRIPT_COMPLETED_OK\n",
status := "exact_singular" ) ), rec(
coefficients := [ 1, 2, 3, 4, 5 ],
trial := rec(
coefficientFieldConductor := 1,
exitCode := 0,
singularChart := 1,
singularOutput := "CF_EXACT_SINGULAR_CHART_1\nCF_EXACT_SINGULAR\nCF_SCRIPT_COMPLETED_OK\n",
status := "exact_singular" ) ), rec(
coefficients := [ 1, -2, 3, -4, 5 ],
trial := rec(
coefficientFieldConductor := 1,
exitCode := 0,
singularChart := 1,
singularOutput := "CF_EXACT_SINGULAR_CHART_1\nCF_EXACT_SINGULAR\nCF_SCRIPT_COMPLETED_OK\n",
status := "exact_singular" ) ), rec(
coefficients := [ 1, 0, -1, 0, 3 ],
trial := rec(
coefficientFieldConductor := 1,
exitCode := 0,
singularChart := 1,
singularOutput := "CF_EXACT_SINGULAR_CHART_1\nCF_EXACT_SINGULAR\nCF_SCRIPT_COMPLETED_OK\n",
status := "exact_singular" ) ), rec(
coefficients := [ 1, 0, 0, 0, 0 ],
trial := rec(
coefficientFieldConductor := 1,
exitCode := 0,
singularChart := 1,
singularOutput := "CF_EXACT_SINGULAR_CHART_1\nCF_EXACT_SINGULAR\nCF_SCRIPT_COMPLETED_OK\n",
status := "exact_singular" ) ) ],
finiteFieldTrials := [ rec(
exitCode := 0,
numberOfMembersTested := 32,
prime := 5,
singularOutput := "CF_SINGULAR_MEMBER_1_END\nCF_SINGULAR_MEMBER_2_END\nCF_SINGULAR_MEMBER_3_END\nCF_SINGULAR_MEMBER_4_END\nCF_SINGULAR_MEMBER_5_END\nCF_SINGULAR_MEMBER_6_END\nCF_SINGULAR_MEMBER_7_END\nCF_SINGULAR_MEMBER_8_END\nCF_SINGULAR_MEMBER_9_END\nCF_SINGULAR_MEMBER_10_END\nCF_SINGULAR_MEMBER_11_END\nCF_SINGULAR_MEMBER_12_END\nCF_SINGULAR_MEMBER_13_END\nCF_SINGULAR_MEMBER_14_END\nCF_SINGULAR_MEMBER_15_END\nCF_SINGULAR_MEMBER_16_END\nCF_SINGULAR_MEMBER_17_END\nCF_SINGULAR_MEMBER_18_END\nCF_SINGULAR_MEMBER_19_END\nCF_SINGULAR_MEMBER_20_END\nCF_SINGULAR_MEMBER_21_END\nCF_SINGULAR_MEMBER_22_END\nCF_SINGULAR_MEMBER_23_END\nCF_SINGULAR_MEMBER_24_END\nCF_SINGULAR_MEMBER_25_END\nCF_SINGULAR_MEMBER_26_END\nCF_SINGULAR_MEMBER_27_END\nCF_SINGULAR_MEMBER_28_END\nCF_SINGULAR_MEMBER_29_END\nCF_SINGULAR_MEMBER_30_END\nCF_SINGULAR_MEMBER_31_END\nCF_SINGULAR_MEMBER_32_END\nCF_NO_SMOOTH_MEMBER\nCF_SCRIPT_COMPLETED_OK\n",
status := "no_smooth_in_batch",
witnessIndex := fail,
witnessVerificationPassed := false ), rec(
exitCode := 0,
numberOfMembersTested := 32,
prime := 7,
singularOutput := "CF_SINGULAR_MEMBER_1_END\nCF_SINGULAR_MEMBER_2_END\nCF_SINGULAR_MEMBER_3_END\nCF_SINGULAR_MEMBER_4_END\nCF_SINGULAR_MEMBER_5_END\nCF_SINGULAR_MEMBER_6_END\nCF_SINGULAR_MEMBER_7_END\nCF_SINGULAR_MEMBER_8_END\nCF_SINGULAR_MEMBER_9_END\nCF_SINGULAR_MEMBER_10_END\nCF_SINGULAR_MEMBER_11_END\nCF_SINGULAR_MEMBER_12_END\nCF_SINGULAR_MEMBER_13_END\nCF_SINGULAR_MEMBER_14_END\nCF_SINGULAR_MEMBER_15_END\nCF_SINGULAR_MEMBER_16_END\nCF_SINGULAR_MEMBER_17_END\nCF_SINGULAR_MEMBER_18_END\nCF_SINGULAR_MEMBER_19_END\nCF_SINGULAR_MEMBER_20_END\nCF_SINGULAR_MEMBER_21_END\nCF_SINGULAR_MEMBER_22_END\nCF_SINGULAR_MEMBER_23_END\nCF_SINGULAR_MEMBER_24_END\nCF_SINGULAR_MEMBER_25_END\nCF_SINGULAR_MEMBER_26_END\nCF_SINGULAR_MEMBER_27_END\nCF_SINGULAR_MEMBER_28_END\nCF_SINGULAR_MEMBER_29_END\nCF_SINGULAR_MEMBER_30_END\nCF_SINGULAR_MEMBER_31_END\nCF_SINGULAR_MEMBER_32_END\nCF_NO_SMOOTH_MEMBER\nCF_SCRIPT_COMPLETED_OK\n",
status := "no_smooth_in_batch",
witnessIndex := fail,
witnessVerificationPassed := false ), rec(
exitCode := 0,
numberOfMembersTested := 32,
prime := 11,
singularOutput := "CF_SINGULAR_MEMBER_1_END\nCF_SINGULAR_MEMBER_2_END\nCF_SINGULAR_MEMBER_3_END\nCF_SINGULAR_MEMBER_4_END\nCF_SINGULAR_MEMBER_5_END\nCF_SINGULAR_MEMBER_6_END\nCF_SINGULAR_MEMBER_7_END\nCF_SINGULAR_MEMBER_8_END\nCF_SINGULAR_MEMBER_9_END\nCF_SINGULAR_MEMBER_10_END\nCF_SINGULAR_MEMBER_11_END\nCF_SINGULAR_MEMBER_12_END\nCF_SINGULAR_MEMBER_13_END\nCF_SINGULAR_MEMBER_14_END\nCF_SINGULAR_MEMBER_15_END\nCF_SINGULAR_MEMBER_16_END\nCF_SINGULAR_MEMBER_17_END\nCF_SINGULAR_MEMBER_18_END\nCF_SINGULAR_MEMBER_19_END\nCF_SINGULAR_MEMBER_20_END\nCF_SINGULAR_MEMBER_21_END\nCF_SINGULAR_MEMBER_22_END\nCF_SINGULAR_MEMBER_23_END\nCF_SINGULAR_MEMBER_24_END\nCF_SINGULAR_MEMBER_25_END\nCF_SINGULAR_MEMBER_26_END\nCF_SINGULAR_MEMBER_27_END\nCF_SINGULAR_MEMBER_28_END\nCF_SINGULAR_MEMBER_29_END\nCF_SINGULAR_MEMBER_30_END\nCF_SINGULAR_MEMBER_31_END\nCF_SINGULAR_MEMBER_32_END\nCF_NO_SMOOTH_MEMBER\nCF_SCRIPT_COMPLETED_OK\n",
status := "no_smooth_in_batch",
witnessIndex := fail,
witnessVerificationPassed := false ) ],
method := "deterministic coefficient batch",
status := "no_smooth_witness" ),
guessedPolynomial := "(-304/81)*x4*x6^2 + (-19/9)*x4*x5^2 + (32/9)*x3*x6^2 + (2)*x3*x5^2 + (5/8)*x2*x5*x6 + (1805/1296)*x2*x4^2 + (-95/36)*x2*x3*x4 + (5/4)*x2*x3^2 + (461/512)*x2^3 + (5)*x1*x5*x6 + (1805/162)*x1*x4^2 + (-190/9)*x1*x3*x4 + (10)*x1*x3^2 + (571/64)*x1*x2^2 + (17)*x1^2*x2 + (26)*x1^3",
isDirectKnownCase := false,
linearGId := [ 72, 37 ],
projectiveGId := [ 24, 10 ],
proofType := "the invariant basis has a nonempty exact common projective Jacobian locus",
status := "singular",
symplecticPart := "C4",
testedCoefficientCandidates := [ [ 2, 5, 10, 17, 26 ], [ 1, 1, 1, 1, 1 ], [ 1, 2, 3, 4, 5 ], [ 1, -2, 3, -4, 5 ], [ 1, 0, -1, 0, 3 ], [ 1, 0, 0, 0, 0 ], [ 0, 1, 0, 0, 0 ], [ 0, 0, 1, 0, 0 ], [ 0, 0, 0, 1, 0 ], [ 0, 0, 0, 0, 1 ], [ 1, 1, 0, 0, 0 ], [ 1, -1, 0, 0, 0 ], [ 1, 0, 1, 0, 0 ], [ 1, 0, -1, 0, 0 ], [ 1, 0, 0, 1, 0 ], [ 1, 0, 0, -1, 0 ], [ 1, 0, 0, 0, 1 ], [ 1, 0, 0, 0, -1 ], [ 0, 1, 1, 0, 0 ], [ 0, 1, -1, 0, 0 ], [ 0, 1, 0, 1, 0 ], [ 0, 1, 0, -1, 0 ], [ 0, 1, 0, 0, 1 ], [ 0, 1, 0, 0, -1 ], [ 0, 0, 1, 1, 0 ], [ 0, 0, 1, -1, 0 ], [ 0, 0, 1, 0, 1 ], [ 0, 0, 1, 0, -1 ], [ 0, 0, 0, 1, 1 ], [ 0, 0, 0, 1, -1 ], [ 8, -7, -8, -6, 8 ], [ 5, -1, -5, 4, -3 ] ] ), rec(
candidateNumber := 79,
centralizerDimension := 7,
commonSingularChart := 3,
componentIndex := 1,
componentLabel := "unique C4 component",
cubicInvariantDimension := 9,
determinantImageOrder := 6,
exactCommonLocusTest := rec(
coefficientFieldConductor := 1,
exitCode := 0,
singularChart := 3,
singularOutput := "CF_EXACT_COMMON_SINGULAR_CHART_3\nCF_EXACT_COMMON_SINGULAR_POINT\nCF_SCRIPT_COMPLETED_OK\n",
status := "common_singular_point_exists" ),
familyDimension := 2,
familyIndexWithinCase := 5,
genericIndex := 1,
guessedCoefficients := [ 2, 5, 10, 17, 26, 37, 50, 65, 82 ],
guessedMemberTest := rec(
coefficientCandidates := [ [ 2, 5, 10, 17, 26, 37, 50, 65, 82 ], [ 1, 1, 1, 1, 1, 1, 1, 1, 1 ], [ 1, 2, 3, 4, 5, 6, 7, 8, 9 ], [ 1, -2, 3, -4, 5, -6, 7, -8, 9 ], [ 1, 0, 0, 0, -1, 0, 0, 0, 3 ], [ 1, 0, 0, 0, 0, 0, 0, 0, 0 ], [ 0, 1, 0, 0, 0, 0, 0, 0, 0 ], [ 0, 0, 1, 0, 0, 0, 0, 0, 0 ], [ 0, 0, 0, 1, 0, 0, 0, 0, 0 ], [ 0, 0, 0, 0, 1, 0, 0, 0, 0 ], [ 0, 0, 0, 0, 0, 1, 0, 0, 0 ], [ 0, 0, 0, 0, 0, 0, 1, 0, 0 ], [ 0, 0, 0, 0, 0, 0, 0, 1, 0 ], [ 0, 0, 0, 0, 0, 0, 0, 0, 1 ], [ 1, 1, 0, 0, 0, 0, 0, 0, 0 ], [ 1, -1, 0, 0, 0, 0, 0, 0, 0 ], [ 1, 0, 1, 0, 0, 0, 0, 0, 0 ], [ 1, 0, -1, 0, 0, 0, 0, 0, 0 ], [ 1, 0, 0, 1, 0, 0, 0, 0, 0 ], [ 1, 0, 0, -1, 0, 0, 0, 0, 0 ], [ 1, 0, 0, 0, 1, 0, 0, 0, 0 ], [ 1, 0, 0, 0, -1, 0, 0, 0, 0 ], [ 1, 0, 0, 0, 0, 1, 0, 0, 0 ], [ 1, 0, 0, 0, 0, -1, 0, 0, 0 ], [ 1, 0, 0, 0, 0, 0, 1, 0, 0 ], [ 1, 0, 0, 0, 0, 0, -1, 0, 0 ], [ 1, 0, 0, 0, 0, 0, 0, 1, 0 ], [ 1, 0, 0, 0, 0, 0, 0, -1, 0 ], [ 1, 0, 0, 0, 0, 0, 0, 0, 1 ], [ 1, 0, 0, 0, 0, 0, 0, 0, -1 ], [ 0, 1, 1, 0, 0, 0, 0, 0, 0 ], [ 0, 1, -1, 0, 0, 0, 0, 0, 0 ] ],
coefficientFieldConductor := 1,
exactTrials := [ rec(
coefficients := [ 2, 5, 10, 17, 26, 37, 50, 65, 82 ],
trial := rec(
coefficientFieldConductor := 1,
exitCode := 0,
singularChart := 3,
singularOutput := "CF_EXACT_SINGULAR_CHART_3\nCF_EXACT_SINGULAR\nCF_SCRIPT_COMPLETED_OK\n",
status := "exact_singular" ) ), rec(
coefficients := [ 1, 1, 1, 1, 1, 1, 1, 1, 1 ],
trial := rec(
coefficientFieldConductor := 1,
exitCode := 0,
singularChart := 1,
singularOutput := "CF_EXACT_SINGULAR_CHART_1\nCF_EXACT_SINGULAR\nCF_SCRIPT_COMPLETED_OK\n",
status := "exact_singular" ) ), rec(
coefficients := [ 1, 2, 3, 4, 5, 6, 7, 8, 9 ],
trial := rec(
coefficientFieldConductor := 1,
exitCode := 0,
singularChart := 3,
singularOutput := "CF_EXACT_SINGULAR_CHART_3\nCF_EXACT_SINGULAR\nCF_SCRIPT_COMPLETED_OK\n",
status := "exact_singular" ) ), rec(
coefficients := [ 1, -2, 3, -4, 5, -6, 7, -8, 9 ],
trial := rec(
coefficientFieldConductor := 1,
exitCode := 0,
singularChart := 3,
singularOutput := "CF_EXACT_SINGULAR_CHART_3\nCF_EXACT_SINGULAR\nCF_SCRIPT_COMPLETED_OK\n",
status := "exact_singular" ) ), rec(
coefficients := [ 1, 0, 0, 0, -1, 0, 0, 0, 3 ],
trial := rec(
coefficientFieldConductor := 1,
exitCode := 0,
singularChart := 2,
singularOutput := "CF_EXACT_SINGULAR_CHART_2\nCF_EXACT_SINGULAR\nCF_SCRIPT_COMPLETED_OK\n",
status := "exact_singular" ) ), rec(
coefficients := [ 1, 0, 0, 0, 0, 0, 0, 0, 0 ],
trial := rec(
coefficientFieldConductor := 1,
exitCode := 0,
singularChart := 1,
singularOutput := "CF_EXACT_SINGULAR_CHART_1\nCF_EXACT_SINGULAR\nCF_SCRIPT_COMPLETED_OK\n",
status := "exact_singular" ) ) ],
finiteFieldTrials := [ rec(
exitCode := 0,
numberOfMembersTested := 32,
prime := 5,
singularOutput := "CF_SINGULAR_MEMBER_1_END\nCF_SINGULAR_MEMBER_2_END\nCF_SINGULAR_MEMBER_3_END\nCF_SINGULAR_MEMBER_4_END\nCF_SINGULAR_MEMBER_5_END\nCF_SINGULAR_MEMBER_6_END\nCF_SINGULAR_MEMBER_7_END\nCF_SINGULAR_MEMBER_8_END\nCF_SINGULAR_MEMBER_9_END\nCF_SINGULAR_MEMBER_10_END\nCF_SINGULAR_MEMBER_11_END\nCF_SINGULAR_MEMBER_12_END\nCF_SINGULAR_MEMBER_13_END\nCF_SINGULAR_MEMBER_14_END\nCF_SINGULAR_MEMBER_15_END\nCF_SINGULAR_MEMBER_16_END\nCF_SINGULAR_MEMBER_17_END\nCF_SINGULAR_MEMBER_18_END\nCF_SINGULAR_MEMBER_19_END\nCF_SINGULAR_MEMBER_20_END\nCF_SINGULAR_MEMBER_21_END\nCF_SINGULAR_MEMBER_22_END\nCF_SINGULAR_MEMBER_23_END\nCF_SINGULAR_MEMBER_24_END\nCF_SINGULAR_MEMBER_25_END\nCF_SINGULAR_MEMBER_26_END\nCF_SINGULAR_MEMBER_27_END\nCF_SINGULAR_MEMBER_28_END\nCF_SINGULAR_MEMBER_29_END\nCF_SINGULAR_MEMBER_30_END\nCF_SINGULAR_MEMBER_31_END\nCF_SINGULAR_MEMBER_32_END\nCF_NO_SMOOTH_MEMBER\nCF_SCRIPT_COMPLETED_OK\n",
status := "no_smooth_in_batch",
witnessIndex := fail,
witnessVerificationPassed := false ), rec(
exitCode := 0,
numberOfMembersTested := 32,
prime := 7,
singularOutput := "CF_SINGULAR_MEMBER_1_END\nCF_SINGULAR_MEMBER_2_END\nCF_SINGULAR_MEMBER_3_END\nCF_SINGULAR_MEMBER_4_END\nCF_SINGULAR_MEMBER_5_END\nCF_SINGULAR_MEMBER_6_END\nCF_SINGULAR_MEMBER_7_END\nCF_SINGULAR_MEMBER_8_END\nCF_SINGULAR_MEMBER_9_END\nCF_SINGULAR_MEMBER_10_END\nCF_SINGULAR_MEMBER_11_END\nCF_SINGULAR_MEMBER_12_END\nCF_SINGULAR_MEMBER_13_END\nCF_SINGULAR_MEMBER_14_END\nCF_SINGULAR_MEMBER_15_END\nCF_SINGULAR_MEMBER_16_END\nCF_SINGULAR_MEMBER_17_END\nCF_SINGULAR_MEMBER_18_END\nCF_SINGULAR_MEMBER_19_END\nCF_SINGULAR_MEMBER_20_END\nCF_SINGULAR_MEMBER_21_END\nCF_SINGULAR_MEMBER_22_END\nCF_SINGULAR_MEMBER_23_END\nCF_SINGULAR_MEMBER_24_END\nCF_SINGULAR_MEMBER_25_END\nCF_SINGULAR_MEMBER_26_END\nCF_SINGULAR_MEMBER_27_END\nCF_SINGULAR_MEMBER_28_END\nCF_SINGULAR_MEMBER_29_END\nCF_SINGULAR_MEMBER_30_END\nCF_SINGULAR_MEMBER_31_END\nCF_SINGULAR_MEMBER_32_END\nCF_NO_SMOOTH_MEMBER\nCF_SCRIPT_COMPLETED_OK\n",
status := "no_smooth_in_batch",
witnessIndex := fail,
witnessVerificationPassed := false ), rec(
exitCode := 0,
numberOfMembersTested := 32,
prime := 11,
singularOutput := "CF_SINGULAR_MEMBER_1_END\nCF_SINGULAR_MEMBER_2_END\nCF_SINGULAR_MEMBER_3_END\nCF_SINGULAR_MEMBER_4_END\nCF_SINGULAR_MEMBER_5_END\nCF_SINGULAR_MEMBER_6_END\nCF_SINGULAR_MEMBER_7_END\nCF_SINGULAR_MEMBER_8_END\nCF_SINGULAR_MEMBER_9_END\nCF_SINGULAR_MEMBER_10_END\nCF_SINGULAR_MEMBER_11_END\nCF_SINGULAR_MEMBER_12_END\nCF_SINGULAR_MEMBER_13_END\nCF_SINGULAR_MEMBER_14_END\nCF_SINGULAR_MEMBER_15_END\nCF_SINGULAR_MEMBER_16_END\nCF_SINGULAR_MEMBER_17_END\nCF_SINGULAR_MEMBER_18_END\nCF_SINGULAR_MEMBER_19_END\nCF_SINGULAR_MEMBER_20_END\nCF_SINGULAR_MEMBER_21_END\nCF_SINGULAR_MEMBER_22_END\nCF_SINGULAR_MEMBER_23_END\nCF_SINGULAR_MEMBER_24_END\nCF_SINGULAR_MEMBER_25_END\nCF_SINGULAR_MEMBER_26_END\nCF_SINGULAR_MEMBER_27_END\nCF_SINGULAR_MEMBER_28_END\nCF_SINGULAR_MEMBER_29_END\nCF_SINGULAR_MEMBER_30_END\nCF_SINGULAR_MEMBER_31_END\nCF_SINGULAR_MEMBER_32_END\nCF_NO_SMOOTH_MEMBER\nCF_SCRIPT_COMPLETED_OK\n",
status := "no_smooth_in_batch",
witnessIndex := fail,
witnessVerificationPassed := false ) ],
method := "deterministic coefficient batch",
status := "no_smooth_witness" ),
guessedPolynomial := "(304/81)*x4*x6^2 + (-19/9)*x4*x5^2 + (-32/9)*x3*x6^2 + (2)*x3*x5^2 + (5)*x2*x5*x6 + (1805/162)*x2*x4^2 + (-190/9)*x2*x3*x4 + (10)*x2*x3^2 + (17)*x2^3 + (26)*x1*x5*x6 + (13357/324)*x1*x4^2 + (-703/9)*x1*x3*x4 + (37)*x1*x3^2 + (50)*x1*x2^2 + (65)*x1^2*x2 + (82)*x1^3",
isDirectKnownCase := false,
linearGId := [ 72, 37 ],
projectiveGId := [ 24, 10 ],
proofType := "the invariant basis has a nonempty exact common projective Jacobian locus",
status := "singular",
symplecticPart := "C4",
testedCoefficientCandidates := [ [ 2, 5, 10, 17, 26, 37, 50, 65, 82 ], [ 1, 1, 1, 1, 1, 1, 1, 1, 1 ], [ 1, 2, 3, 4, 5, 6, 7, 8, 9 ], [ 1, -2, 3, -4, 5, -6, 7, -8, 9 ], [ 1, 0, 0, 0, -1, 0, 0, 0, 3 ], [ 1, 0, 0, 0, 0, 0, 0, 0, 0 ], [ 0, 1, 0, 0, 0, 0, 0, 0, 0 ], [ 0, 0, 1, 0, 0, 0, 0, 0, 0 ], [ 0, 0, 0, 1, 0, 0, 0, 0, 0 ], [ 0, 0, 0, 0, 1, 0, 0, 0, 0 ], [ 0, 0, 0, 0, 0, 1, 0, 0, 0 ], [ 0, 0, 0, 0, 0, 0, 1, 0, 0 ], [ 0, 0, 0, 0, 0, 0, 0, 1, 0 ], [ 0, 0, 0, 0, 0, 0, 0, 0, 1 ], [ 1, 1, 0, 0, 0, 0, 0, 0, 0 ], [ 1, -1, 0, 0, 0, 0, 0, 0, 0 ], [ 1, 0, 1, 0, 0, 0, 0, 0, 0 ], [ 1, 0, -1, 0, 0, 0, 0, 0, 0 ], [ 1, 0, 0, 1, 0, 0, 0, 0, 0 ], [ 1, 0, 0, -1, 0, 0, 0, 0, 0 ], [ 1, 0, 0, 0, 1, 0, 0, 0, 0 ], [ 1, 0, 0, 0, -1, 0, 0, 0, 0 ], [ 1, 0, 0, 0, 0, 1, 0, 0, 0 ], [ 1, 0, 0, 0, 0, -1, 0, 0, 0 ], [ 1, 0, 0, 0, 0, 0, 1, 0, 0 ], [ 1, 0, 0, 0, 0, 0, -1, 0, 0 ], [ 1, 0, 0, 0, 0, 0, 0, 1, 0 ], [ 1, 0, 0, 0, 0, 0, 0, -1, 0 ], [ 1, 0, 0, 0, 0, 0, 0, 0, 1 ], [ 1, 0, 0, 0, 0, 0, 0, 0, -1 ], [ 0, 1, 1, 0, 0, 0, 0, 0, 0 ], [ 0, 1, -1, 0, 0, 0, 0, 0, 0 ] ] ), rec(
candidateNumber := 80,
centralizerDimension := 7,
commonPointChecks := 4056,
commonPointLimitReached := false,
componentIndex := 1,
componentLabel := "unique C4 component",
cubicInvariantDimension := 8,
determinantImageOrder := 6,
exactCommonLocusTest := rec(
coefficientFieldConductor := 1,
exitCode := 0,
singularChart := fail,
singularOutput := "CF_NO_COMMON_SINGULAR_POINT\nCF_SCRIPT_COMPLETED_OK\n",
status := "no_common_singular_point" ),
familyDimension := 1,
familyIndexWithinCase := 6,
genericIndex := 1,
guessedCoefficients := [ 2, 5, 10, 17, 26, 37, 50, 65 ],
guessedMemberTest := rec(
coefficientCandidates := [ [ 2, 5, 10, 17, 26, 37, 50, 65 ], [ 1, 1, 1, 1, 1, 1, 1, 1 ], [ 1, 2, 3, 4, 5, 6, 7, 8 ], [ 1, -2, 3, -4, 5, -6, 7, -8 ], [ 1, 0, 0, -1, 0, 0, 0, 3 ], [ 1, 0, 0, 0, 0, 0, 0, 0 ], [ 0, 1, 0, 0, 0, 0, 0, 0 ], [ 0, 0, 1, 0, 0, 0, 0, 0 ], [ 0, 0, 0, 1, 0, 0, 0, 0 ], [ 0, 0, 0, 0, 1, 0, 0, 0 ], [ 0, 0, 0, 0, 0, 1, 0, 0 ], [ 0, 0, 0, 0, 0, 0, 1, 0 ], [ 0, 0, 0, 0, 0, 0, 0, 1 ], [ 1, 1, 0, 0, 0, 0, 0, 0 ], [ 1, -1, 0, 0, 0, 0, 0, 0 ], [ 1, 0, 1, 0, 0, 0, 0, 0 ], [ 1, 0, -1, 0, 0, 0, 0, 0 ], [ 1, 0, 0, 1, 0, 0, 0, 0 ], [ 1, 0, 0, -1, 0, 0, 0, 0 ], [ 1, 0, 0, 0, 1, 0, 0, 0 ], [ 1, 0, 0, 0, -1, 0, 0, 0 ], [ 1, 0, 0, 0, 0, 1, 0, 0 ], [ 1, 0, 0, 0, 0, -1, 0, 0 ], [ 1, 0, 0, 0, 0, 0, 1, 0 ], [ 1, 0, 0, 0, 0, 0, -1, 0 ], [ 1, 0, 0, 0, 0, 0, 0, 1 ], [ 1, 0, 0, 0, 0, 0, 0, -1 ], [ 0, 1, 1, 0, 0, 0, 0, 0 ], [ 0, 1, -1, 0, 0, 0, 0, 0 ], [ 0, 1, 0, 1, 0, 0, 0, 0 ], [ 0, 1, 0, -1, 0, 0, 0, 0 ], [ 0, 1, 0, 0, 1, 0, 0, 0 ] ],
coefficientFieldConductor := 1,
exactTrials := [ rec(
coefficients := [ 2, 5, 10, 17, 26, 37, 50, 65 ],
trial := rec(
coefficientFieldConductor := 1,
exitCode := 0,
singularChart := 3,
singularOutput := "CF_EXACT_SINGULAR_CHART_3\nCF_EXACT_SINGULAR\nCF_SCRIPT_COMPLETED_OK\n",
status := "exact_singular" ) ), rec(
coefficients := [ 1, 1, 1, 1, 1, 1, 1, 1 ],
trial := rec(
coefficientFieldConductor := 1,
exitCode := 0,
singularChart := 3,
singularOutput := "CF_EXACT_SINGULAR_CHART_3\nCF_EXACT_SINGULAR\nCF_SCRIPT_COMPLETED_OK\n",
status := "exact_singular" ) ), rec(
coefficients := [ 1, 2, 3, 4, 5, 6, 7, 8 ],
trial := rec(
coefficientFieldConductor := 1,
exitCode := 0,
singularChart := 3,
singularOutput := "CF_EXACT_SINGULAR_CHART_3\nCF_EXACT_SINGULAR\nCF_SCRIPT_COMPLETED_OK\n",
status := "exact_singular" ) ), rec(
coefficients := [ 1, -2, 3, -4, 5, -6, 7, -8 ],
trial := rec(
coefficientFieldConductor := 1,
exitCode := 0,
singularChart := 3,
singularOutput := "CF_EXACT_SINGULAR_CHART_3\nCF_EXACT_SINGULAR\nCF_SCRIPT_COMPLETED_OK\n",
status := "exact_singular" ) ), rec(
coefficients := [ 1, 0, 0, -1, 0, 0, 0, 3 ],
trial := rec(
coefficientFieldConductor := 1,
exitCode := 0,
singularChart := 3,
singularOutput := "CF_EXACT_SINGULAR_CHART_3\nCF_EXACT_SINGULAR\nCF_SCRIPT_COMPLETED_OK\n",
status := "exact_singular" ) ), rec(
coefficients := [ 1, 0, 0, 0, 0, 0, 0, 0 ],
trial := rec(
coefficientFieldConductor := 1,
exitCode := 0,
singularChart := 1,
singularOutput := "CF_EXACT_SINGULAR_CHART_1\nCF_EXACT_SINGULAR\nCF_SCRIPT_COMPLETED_OK\n",
status := "exact_singular" ) ) ],
finiteFieldTrials := [ rec(
exitCode := 0,
numberOfMembersTested := 32,
prime := 5,
singularOutput := "CF_SINGULAR_MEMBER_1_END\nCF_SINGULAR_MEMBER_2_END\nCF_SINGULAR_MEMBER_3_END\nCF_SINGULAR_MEMBER_4_END\nCF_SINGULAR_MEMBER_5_END\nCF_SINGULAR_MEMBER_6_END\nCF_SINGULAR_MEMBER_7_END\nCF_SINGULAR_MEMBER_8_END\nCF_SINGULAR_MEMBER_9_END\nCF_SINGULAR_MEMBER_10_END\nCF_SINGULAR_MEMBER_11_END\nCF_SINGULAR_MEMBER_12_END\nCF_SINGULAR_MEMBER_13_END\nCF_SINGULAR_MEMBER_14_END\nCF_SINGULAR_MEMBER_15_END\nCF_SINGULAR_MEMBER_16_END\nCF_SINGULAR_MEMBER_17_END\nCF_SINGULAR_MEMBER_18_END\nCF_SINGULAR_MEMBER_19_END\nCF_SINGULAR_MEMBER_20_END\nCF_SINGULAR_MEMBER_21_END\nCF_SINGULAR_MEMBER_22_END\nCF_SINGULAR_MEMBER_23_END\nCF_SINGULAR_MEMBER_24_END\nCF_SINGULAR_MEMBER_25_END\nCF_SINGULAR_MEMBER_26_END\nCF_SINGULAR_MEMBER_27_END\nCF_SINGULAR_MEMBER_28_END\nCF_SINGULAR_MEMBER_29_END\nCF_SINGULAR_MEMBER_30_END\nCF_SINGULAR_MEMBER_31_END\nCF_SINGULAR_MEMBER_32_END\nCF_NO_SMOOTH_MEMBER\nCF_SCRIPT_COMPLETED_OK\n",
status := "no_smooth_in_batch",
witnessIndex := fail,
witnessVerificationPassed := false ), rec(
exitCode := 0,
numberOfMembersTested := 32,
prime := 7,
singularOutput := "CF_SINGULAR_MEMBER_1_END\nCF_SINGULAR_MEMBER_2_END\nCF_SINGULAR_MEMBER_3_END\nCF_SINGULAR_MEMBER_4_END\nCF_SINGULAR_MEMBER_5_END\nCF_SINGULAR_MEMBER_6_END\nCF_SINGULAR_MEMBER_7_END\nCF_SINGULAR_MEMBER_8_END\nCF_SINGULAR_MEMBER_9_END\nCF_SINGULAR_MEMBER_10_END\nCF_SINGULAR_MEMBER_11_END\nCF_SINGULAR_MEMBER_12_END\nCF_SINGULAR_MEMBER_13_END\nCF_SINGULAR_MEMBER_14_END\nCF_SINGULAR_MEMBER_15_END\nCF_SINGULAR_MEMBER_16_END\nCF_SINGULAR_MEMBER_17_END\nCF_SINGULAR_MEMBER_18_END\nCF_SINGULAR_MEMBER_19_END\nCF_SINGULAR_MEMBER_20_END\nCF_SINGULAR_MEMBER_21_END\nCF_SINGULAR_MEMBER_22_END\nCF_SINGULAR_MEMBER_23_END\nCF_SINGULAR_MEMBER_24_END\nCF_SINGULAR_MEMBER_25_END\nCF_SINGULAR_MEMBER_26_END\nCF_SINGULAR_MEMBER_27_END\nCF_SINGULAR_MEMBER_28_END\nCF_SINGULAR_MEMBER_29_END\nCF_SINGULAR_MEMBER_30_END\nCF_SINGULAR_MEMBER_31_END\nCF_SINGULAR_MEMBER_32_END\nCF_NO_SMOOTH_MEMBER\nCF_SCRIPT_COMPLETED_OK\n",
status := "no_smooth_in_batch",
witnessIndex := fail,
witnessVerificationPassed := false ), rec(
exitCode := 0,
numberOfMembersTested := 32,
prime := 11,
singularOutput := "CF_SINGULAR_MEMBER_1_END\nCF_SINGULAR_MEMBER_2_END\nCF_SINGULAR_MEMBER_3_END\nCF_SINGULAR_MEMBER_4_END\nCF_SINGULAR_MEMBER_5_END\nCF_SINGULAR_MEMBER_6_END\nCF_SINGULAR_MEMBER_7_END\nCF_SINGULAR_MEMBER_8_END\nCF_SINGULAR_MEMBER_9_END\nCF_SINGULAR_MEMBER_10_END\nCF_SINGULAR_MEMBER_11_END\nCF_SINGULAR_MEMBER_12_END\nCF_SINGULAR_MEMBER_13_END\nCF_SINGULAR_MEMBER_14_END\nCF_SINGULAR_MEMBER_15_END\nCF_SINGULAR_MEMBER_16_END\nCF_SINGULAR_MEMBER_17_END\nCF_SINGULAR_MEMBER_18_END\nCF_SINGULAR_MEMBER_19_END\nCF_SINGULAR_MEMBER_20_END\nCF_SINGULAR_MEMBER_21_END\nCF_SINGULAR_MEMBER_22_END\nCF_SINGULAR_MEMBER_23_END\nCF_SINGULAR_MEMBER_24_END\nCF_SINGULAR_MEMBER_25_END\nCF_SINGULAR_MEMBER_26_END\nCF_SINGULAR_MEMBER_27_END\nCF_SINGULAR_MEMBER_28_END\nCF_SINGULAR_MEMBER_29_END\nCF_SINGULAR_MEMBER_30_END\nCF_SINGULAR_MEMBER_31_END\nCF_SINGULAR_MEMBER_32_END\nCF_NO_SMOOTH_MEMBER\nCF_SCRIPT_COMPLETED_OK\n",
status := "no_smooth_in_batch",
witnessIndex := fail,
witnessVerificationPassed := false ) ],
method := "deterministic coefficient batch",
status := "no_smooth_witness" ),
guessedPolynomial := "(-32/9)*x4*x6^2 + (2)*x4*x5^2 + (-80/9)*x3*x6^2 + (5)*x3*x5^2 + (-95/9)*x2*x5*x6 + (-323/18)*x2*x4^2 + (-247/9)*x2*x3*x4 + (-703/18)*x2*x3^2 + (950275/7776)*x2^3 + (10)*x1*x5*x6 + (17)*x1*x4^2 + (26)*x1*x3*x4 + (37)*x1*x3^2 + (28435/72)*x1*x2^2 + (50)*x1^2*x2 + (65)*x1^3",
isDirectKnownCase := false,
linearGId := [ 72, 37 ],
projectiveGId := [ 24, 10 ],
proofType := "no smooth member or family-wide singularity certificate was found",
status := "unknown",
symplecticPart := "C4",
testedCoefficientCandidates := [ [ 2, 5, 10, 17, 26, 37, 50, 65 ], [ 1, 1, 1, 1, 1, 1, 1, 1 ], [ 1, 2, 3, 4, 5, 6, 7, 8 ], [ 1, -2, 3, -4, 5, -6, 7, -8 ], [ 1, 0, 0, -1, 0, 0, 0, 3 ], [ 1, 0, 0, 0, 0, 0, 0, 0 ], [ 0, 1, 0, 0, 0, 0, 0, 0 ], [ 0, 0, 1, 0, 0, 0, 0, 0 ], [ 0, 0, 0, 1, 0, 0, 0, 0 ], [ 0, 0, 0, 0, 1, 0, 0, 0 ], [ 0, 0, 0, 0, 0, 1, 0, 0 ], [ 0, 0, 0, 0, 0, 0, 1, 0 ], [ 0, 0, 0, 0, 0, 0, 0, 1 ], [ 1, 1, 0, 0, 0, 0, 0, 0 ], [ 1, -1, 0, 0, 0, 0, 0, 0 ], [ 1, 0, 1, 0, 0, 0, 0, 0 ], [ 1, 0, -1, 0, 0, 0, 0, 0 ], [ 1, 0, 0, 1, 0, 0, 0, 0 ], [ 1, 0, 0, -1, 0, 0, 0, 0 ], [ 1, 0, 0, 0, 1, 0, 0, 0 ], [ 1, 0, 0, 0, -1, 0, 0, 0 ], [ 1, 0, 0, 0, 0, 1, 0, 0 ], [ 1, 0, 0, 0, 0, -1, 0, 0 ], [ 1, 0, 0, 0, 0, 0, 1, 0 ], [ 1, 0, 0, 0, 0, 0, -1, 0 ], [ 1, 0, 0, 0, 0, 0, 0, 1 ], [ 1, 0, 0, 0, 0, 0, 0, -1 ], [ 0, 1, 1, 0, 0, 0, 0, 0 ], [ 0, 1, -1, 0, 0, 0, 0, 0 ], [ 0, 1, 0, 1, 0, 0, 0, 0 ], [ 0, 1, 0, -1, 0, 0, 0, 0 ], [ 0, 1, 0, 0, 1, 0, 0, 0 ] ] ), rec(
candidateNumber := 81,
centralizerDimension := 5,
componentIndex := 1,
componentLabel := "unique C4 component",
cubicInvariantDimension := 6,
determinantImageOrder := 6,
familyDimension := 1,
familyIndexWithinCase := 7,
genericIndex := 1,
guessedCoefficients := [ 2, 5, 10, 17, 26, 37 ],
guessedMemberTest := rec(
coefficientCandidates := [ [ 2, 5, 10, 17, 26, 37 ], [ 1, 1, 1, 1, 1, 1 ], [ 1, 2, 3, 4, 5, 6 ], [ 1, -2, 3, -4, 5, -6 ], [ 1, 0, -1, 0, 0, 3 ], [ 1, 0, 0, 0, 0, 0 ], [ 0, 1, 0, 0, 0, 0 ], [ 0, 0, 1, 0, 0, 0 ], [ 0, 0, 0, 1, 0, 0 ], [ 0, 0, 0, 0, 1, 0 ], [ 0, 0, 0, 0, 0, 1 ], [ 1, 1, 0, 0, 0, 0 ], [ 1, -1, 0, 0, 0, 0 ], [ 1, 0, 1, 0, 0, 0 ], [ 1, 0, -1, 0, 0, 0 ], [ 1, 0, 0, 1, 0, 0 ], [ 1, 0, 0, -1, 0, 0 ], [ 1, 0, 0, 0, 1, 0 ], [ 1, 0, 0, 0, -1, 0 ], [ 1, 0, 0, 0, 0, 1 ], [ 1, 0, 0, 0, 0, -1 ], [ 0, 1, 1, 0, 0, 0 ], [ 0, 1, -1, 0, 0, 0 ], [ 0, 1, 0, 1, 0, 0 ], [ 0, 1, 0, -1, 0, 0 ], [ 0, 1, 0, 0, 1, 0 ], [ 0, 1, 0, 0, -1, 0 ], [ 0, 1, 0, 0, 0, 1 ], [ 0, 1, 0, 0, 0, -1 ], [ 0, 0, 1, 1, 0, 0 ], [ 0, 0, 1, -1, 0, 0 ], [ 0, 0, 1, 0, 1, 0 ] ],
coefficientFieldConductor := 1,
exactTrials := [  ],
finiteFieldTrials := [ rec(
exitCode := 0,
numberOfMembersTested := 32,
prime := 7,
singularOutput := "CF_SMOOTH_MEMBER_1_END\nCF_SCRIPT_COMPLETED_OK\n",
status := "smooth",
witnessIndex := 1,
witnessVerificationPassed := true ) ],
member := rec(
coefficients := [ 2, 5, 10, 17, 26, 37 ],
monomialCoefficients := [ 0, 0, 0, 0, -56/9, 0, 7/2, 0, 0, 0, -32/9, 0, 2, 0, 0, 0, 0, 0, 0, 0, 0, -95/18, 0, 0, 0, -105283/18720, 0, 0, -11731/2340, 4943/1170, 0, 0, 0, 0, -17359/6075, 0, 5, 0, 0, 0, 181/32, 0, 0, 10, 17, 0, 0, 0, 0, 1342/45, 0, 0, 0, 0, 26, 37 ],
polynomial := "(-56/9)*x4*x6^2 + (7/2)*x4*x5^2 + (-32/9)*x3*x6^2 + (2)*x3*x5^2 + (-95/18)*x2*x5*x6 + (-105283/18720)*x2*x4^2 + (-11731/2340)*x2*x3*x4 + (4943/1170)*x2*x3^2 + (-17359/6075)*x2^3 + (5)*x1*x5*x6 + (181/32)*x1*x4^2 + (10)*x1*x3*x4 + (17)*x1*x3^2 + (1342/45)*x1*x2^2 + (26)*x1^2*x2 + (37)*x1^3" ),
method := "smooth reduction at a good split prime",
status := "smooth",
witnessPrime := 7 ),
isDirectKnownCase := false,
linearGId := [ 72, 37 ],
projectiveGId := [ 24, 10 ],
proofType := "an explicit member of the invariant cubic family is smooth",
smoothPolynomial := "(-56/9)*x4*x6^2 + (7/2)*x4*x5^2 + (-32/9)*x3*x6^2 + (2)*x3*x5^2 + (-95/18)*x2*x5*x6 + (-105283/18720)*x2*x4^2 + (-11731/2340)*x2*x3*x4 + (4943/1170)*x2*x3^2 + (-17359/6075)*x2^3 + (5)*x1*x5*x6 + (181/32)*x1*x4^2 + (10)*x1*x3*x4 + (17)*x1*x3^2 + (1342/45)*x1*x2^2 + (26)*x1^2*x2 + (37)*x1^3",
status := "smooth",
symplecticPart := "C4",
testedCoefficientCandidates := [ [ 2, 5, 10, 17, 26, 37 ], [ 1, 1, 1, 1, 1, 1 ], [ 1, 2, 3, 4, 5, 6 ], [ 1, -2, 3, -4, 5, -6 ], [ 1, 0, -1, 0, 0, 3 ], [ 1, 0, 0, 0, 0, 0 ], [ 0, 1, 0, 0, 0, 0 ], [ 0, 0, 1, 0, 0, 0 ], [ 0, 0, 0, 1, 0, 0 ], [ 0, 0, 0, 0, 1, 0 ], [ 0, 0, 0, 0, 0, 1 ], [ 1, 1, 0, 0, 0, 0 ], [ 1, -1, 0, 0, 0, 0 ], [ 1, 0, 1, 0, 0, 0 ], [ 1, 0, -1, 0, 0, 0 ], [ 1, 0, 0, 1, 0, 0 ], [ 1, 0, 0, -1, 0, 0 ], [ 1, 0, 0, 0, 1, 0 ], [ 1, 0, 0, 0, -1, 0 ], [ 1, 0, 0, 0, 0, 1 ], [ 1, 0, 0, 0, 0, -1 ], [ 0, 1, 1, 0, 0, 0 ], [ 0, 1, -1, 0, 0, 0 ], [ 0, 1, 0, 1, 0, 0 ], [ 0, 1, 0, -1, 0, 0 ], [ 0, 1, 0, 0, 1, 0 ], [ 0, 1, 0, 0, -1, 0 ], [ 0, 1, 0, 0, 0, 1 ], [ 0, 1, 0, 0, 0, -1 ], [ 0, 0, 1, 1, 0, 0 ], [ 0, 0, 1, -1, 0, 0 ], [ 0, 0, 1, 0, 1, 0 ] ] ), rec(
candidateNumber := 82,
centralizerDimension := 7,
commonSingularChart := 3,
componentIndex := 1,
componentLabel := "unique C4 component",
cubicInvariantDimension := 7,
determinantImageOrder := 6,
exactCommonLocusTest := rec(
coefficientFieldConductor := 1,
exitCode := 0,
singularChart := 3,
singularOutput := "CF_EXACT_COMMON_SINGULAR_CHART_3\nCF_EXACT_COMMON_SINGULAR_POINT\nCF_SCRIPT_COMPLETED_OK\n",
status := "common_singular_point_exists" ),
familyDimension := 0,
familyIndexWithinCase := 8,
genericIndex := 1,
guessedCoefficients := [ 2, 5, 10, 17, 26, 37, 50 ],
guessedMemberTest := rec(
coefficientCandidates := [ [ 2, 5, 10, 17, 26, 37, 50 ], [ 1, 1, 1, 1, 1, 1, 1 ], [ 1, 2, 3, 4, 5, 6, 7 ], [ 1, -2, 3, -4, 5, -6, 7 ], [ 1, 0, 0, -1, 0, 0, 3 ], [ 1, 0, 0, 0, 0, 0, 0 ], [ 0, 1, 0, 0, 0, 0, 0 ], [ 0, 0, 1, 0, 0, 0, 0 ], [ 0, 0, 0, 1, 0, 0, 0 ], [ 0, 0, 0, 0, 1, 0, 0 ], [ 0, 0, 0, 0, 0, 1, 0 ], [ 0, 0, 0, 0, 0, 0, 1 ], [ 1, 1, 0, 0, 0, 0, 0 ], [ 1, -1, 0, 0, 0, 0, 0 ], [ 1, 0, 1, 0, 0, 0, 0 ], [ 1, 0, -1, 0, 0, 0, 0 ], [ 1, 0, 0, 1, 0, 0, 0 ], [ 1, 0, 0, -1, 0, 0, 0 ], [ 1, 0, 0, 0, 1, 0, 0 ], [ 1, 0, 0, 0, -1, 0, 0 ], [ 1, 0, 0, 0, 0, 1, 0 ], [ 1, 0, 0, 0, 0, -1, 0 ], [ 1, 0, 0, 0, 0, 0, 1 ], [ 1, 0, 0, 0, 0, 0, -1 ], [ 0, 1, 1, 0, 0, 0, 0 ], [ 0, 1, -1, 0, 0, 0, 0 ], [ 0, 1, 0, 1, 0, 0, 0 ], [ 0, 1, 0, -1, 0, 0, 0 ], [ 0, 1, 0, 0, 1, 0, 0 ], [ 0, 1, 0, 0, -1, 0, 0 ], [ 0, 1, 0, 0, 0, 1, 0 ], [ 0, 1, 0, 0, 0, -1, 0 ] ],
coefficientFieldConductor := 1,
exactTrials := [ rec(
coefficients := [ 2, 5, 10, 17, 26, 37, 50 ],
trial := rec(
coefficientFieldConductor := 1,
exitCode := 0,
singularChart := 3,
singularOutput := "CF_EXACT_SINGULAR_CHART_3\nCF_EXACT_SINGULAR\nCF_SCRIPT_COMPLETED_OK\n",
status := "exact_singular" ) ), rec(
coefficients := [ 1, 1, 1, 1, 1, 1, 1 ],
trial := rec(
coefficientFieldConductor := 1,
exitCode := 0,
singularChart := 1,
singularOutput := "CF_EXACT_SINGULAR_CHART_1\nCF_EXACT_SINGULAR\nCF_SCRIPT_COMPLETED_OK\n",
status := "exact_singular" ) ), rec(
coefficients := [ 1, 2, 3, 4, 5, 6, 7 ],
trial := rec(
coefficientFieldConductor := 1,
exitCode := 0,
singularChart := 3,
singularOutput := "CF_EXACT_SINGULAR_CHART_3\nCF_EXACT_SINGULAR\nCF_SCRIPT_COMPLETED_OK\n",
status := "exact_singular" ) ), rec(
coefficients := [ 1, -2, 3, -4, 5, -6, 7 ],
trial := rec(
coefficientFieldConductor := 1,
exitCode := 0,
singularChart := 3,
singularOutput := "CF_EXACT_SINGULAR_CHART_3\nCF_EXACT_SINGULAR\nCF_SCRIPT_COMPLETED_OK\n",
status := "exact_singular" ) ), rec(
coefficients := [ 1, 0, 0, -1, 0, 0, 3 ],
trial := rec(
coefficientFieldConductor := 1,
exitCode := 0,
singularChart := 2,
singularOutput := "CF_EXACT_SINGULAR_CHART_2\nCF_EXACT_SINGULAR\nCF_SCRIPT_COMPLETED_OK\n",
status := "exact_singular" ) ), rec(
coefficients := [ 1, 0, 0, 0, 0, 0, 0 ],
trial := rec(
coefficientFieldConductor := 1,
exitCode := 0,
singularChart := 1,
singularOutput := "CF_EXACT_SINGULAR_CHART_1\nCF_EXACT_SINGULAR\nCF_SCRIPT_COMPLETED_OK\n",
status := "exact_singular" ) ) ],
finiteFieldTrials := [ rec(
exitCode := 0,
numberOfMembersTested := 32,
prime := 5,
singularOutput := "CF_SINGULAR_MEMBER_1_END\nCF_SINGULAR_MEMBER_2_END\nCF_SINGULAR_MEMBER_3_END\nCF_SINGULAR_MEMBER_4_END\nCF_SINGULAR_MEMBER_5_END\nCF_SINGULAR_MEMBER_6_END\nCF_SINGULAR_MEMBER_7_END\nCF_SINGULAR_MEMBER_8_END\nCF_SINGULAR_MEMBER_9_END\nCF_SINGULAR_MEMBER_10_END\nCF_SINGULAR_MEMBER_11_END\nCF_SINGULAR_MEMBER_12_END\nCF_SINGULAR_MEMBER_13_END\nCF_SINGULAR_MEMBER_14_END\nCF_SINGULAR_MEMBER_15_END\nCF_SINGULAR_MEMBER_16_END\nCF_SINGULAR_MEMBER_17_END\nCF_SINGULAR_MEMBER_18_END\nCF_SINGULAR_MEMBER_19_END\nCF_SINGULAR_MEMBER_20_END\nCF_SINGULAR_MEMBER_21_END\nCF_SINGULAR_MEMBER_22_END\nCF_SINGULAR_MEMBER_23_END\nCF_SINGULAR_MEMBER_24_END\nCF_SINGULAR_MEMBER_25_END\nCF_SINGULAR_MEMBER_26_END\nCF_SINGULAR_MEMBER_27_END\nCF_SINGULAR_MEMBER_28_END\nCF_SINGULAR_MEMBER_29_END\nCF_SINGULAR_MEMBER_30_END\nCF_SINGULAR_MEMBER_31_END\nCF_SINGULAR_MEMBER_32_END\nCF_NO_SMOOTH_MEMBER\nCF_SCRIPT_COMPLETED_OK\n",
status := "no_smooth_in_batch",
witnessIndex := fail,
witnessVerificationPassed := false ), rec(
exitCode := 0,
numberOfMembersTested := 32,
prime := 7,
singularOutput := "CF_SINGULAR_MEMBER_1_END\nCF_SINGULAR_MEMBER_2_END\nCF_SINGULAR_MEMBER_3_END\nCF_SINGULAR_MEMBER_4_END\nCF_SINGULAR_MEMBER_5_END\nCF_SINGULAR_MEMBER_6_END\nCF_SINGULAR_MEMBER_7_END\nCF_SINGULAR_MEMBER_8_END\nCF_SINGULAR_MEMBER_9_END\nCF_SINGULAR_MEMBER_10_END\nCF_SINGULAR_MEMBER_11_END\nCF_SINGULAR_MEMBER_12_END\nCF_SINGULAR_MEMBER_13_END\nCF_SINGULAR_MEMBER_14_END\nCF_SINGULAR_MEMBER_15_END\nCF_SINGULAR_MEMBER_16_END\nCF_SINGULAR_MEMBER_17_END\nCF_SINGULAR_MEMBER_18_END\nCF_SINGULAR_MEMBER_19_END\nCF_SINGULAR_MEMBER_20_END\nCF_SINGULAR_MEMBER_21_END\nCF_SINGULAR_MEMBER_22_END\nCF_SINGULAR_MEMBER_23_END\nCF_SINGULAR_MEMBER_24_END\nCF_SINGULAR_MEMBER_25_END\nCF_SINGULAR_MEMBER_26_END\nCF_SINGULAR_MEMBER_27_END\nCF_SINGULAR_MEMBER_28_END\nCF_SINGULAR_MEMBER_29_END\nCF_SINGULAR_MEMBER_30_END\nCF_SINGULAR_MEMBER_31_END\nCF_SINGULAR_MEMBER_32_END\nCF_NO_SMOOTH_MEMBER\nCF_SCRIPT_COMPLETED_OK\n",
status := "no_smooth_in_batch",
witnessIndex := fail,
witnessVerificationPassed := false ), rec(
exitCode := 0,
numberOfMembersTested := 32,
prime := 11,
singularOutput := "CF_SINGULAR_MEMBER_1_END\nCF_SINGULAR_MEMBER_2_END\nCF_SINGULAR_MEMBER_3_END\nCF_SINGULAR_MEMBER_4_END\nCF_SINGULAR_MEMBER_5_END\nCF_SINGULAR_MEMBER_6_END\nCF_SINGULAR_MEMBER_7_END\nCF_SINGULAR_MEMBER_8_END\nCF_SINGULAR_MEMBER_9_END\nCF_SINGULAR_MEMBER_10_END\nCF_SINGULAR_MEMBER_11_END\nCF_SINGULAR_MEMBER_12_END\nCF_SINGULAR_MEMBER_13_END\nCF_SINGULAR_MEMBER_14_END\nCF_SINGULAR_MEMBER_15_END\nCF_SINGULAR_MEMBER_16_END\nCF_SINGULAR_MEMBER_17_END\nCF_SINGULAR_MEMBER_18_END\nCF_SINGULAR_MEMBER_19_END\nCF_SINGULAR_MEMBER_20_END\nCF_SINGULAR_MEMBER_21_END\nCF_SINGULAR_MEMBER_22_END\nCF_SINGULAR_MEMBER_23_END\nCF_SINGULAR_MEMBER_24_END\nCF_SINGULAR_MEMBER_25_END\nCF_SINGULAR_MEMBER_26_END\nCF_SINGULAR_MEMBER_27_END\nCF_SINGULAR_MEMBER_28_END\nCF_SINGULAR_MEMBER_29_END\nCF_SINGULAR_MEMBER_30_END\nCF_SINGULAR_MEMBER_31_END\nCF_SINGULAR_MEMBER_32_END\nCF_NO_SMOOTH_MEMBER\nCF_SCRIPT_COMPLETED_OK\n",
status := "no_smooth_in_batch",
witnessIndex := fail,
witnessVerificationPassed := false ) ],
method := "deterministic coefficient batch",
status := "no_smooth_witness" ),
guessedPolynomial := "(304/81)*x4*x6^2 + (-19/9)*x4*x5^2 + (-32/9)*x3*x6^2 + (2)*x3*x5^2 + (-665/72)*x2*x4^2 + (125/36)*x2*x3*x4 + (5)*x2*x3^2 + (10)*x2^3 + (-2261/72)*x1*x4^2 + (425/36)*x1*x3*x4 + (17)*x1*x3^2 + (26)*x1*x2^2 + (37)*x1^2*x2 + (50)*x1^3",
isDirectKnownCase := false,
linearGId := [ 72, 37 ],
projectiveGId := [ 24, 10 ],
proofType := "the invariant basis has a nonempty exact common projective Jacobian locus",
status := "singular",
symplecticPart := "C4",
testedCoefficientCandidates := [ [ 2, 5, 10, 17, 26, 37, 50 ], [ 1, 1, 1, 1, 1, 1, 1 ], [ 1, 2, 3, 4, 5, 6, 7 ], [ 1, -2, 3, -4, 5, -6, 7 ], [ 1, 0, 0, -1, 0, 0, 3 ], [ 1, 0, 0, 0, 0, 0, 0 ], [ 0, 1, 0, 0, 0, 0, 0 ], [ 0, 0, 1, 0, 0, 0, 0 ], [ 0, 0, 0, 1, 0, 0, 0 ], [ 0, 0, 0, 0, 1, 0, 0 ], [ 0, 0, 0, 0, 0, 1, 0 ], [ 0, 0, 0, 0, 0, 0, 1 ], [ 1, 1, 0, 0, 0, 0, 0 ], [ 1, -1, 0, 0, 0, 0, 0 ], [ 1, 0, 1, 0, 0, 0, 0 ], [ 1, 0, -1, 0, 0, 0, 0 ], [ 1, 0, 0, 1, 0, 0, 0 ], [ 1, 0, 0, -1, 0, 0, 0 ], [ 1, 0, 0, 0, 1, 0, 0 ], [ 1, 0, 0, 0, -1, 0, 0 ], [ 1, 0, 0, 0, 0, 1, 0 ], [ 1, 0, 0, 0, 0, -1, 0 ], [ 1, 0, 0, 0, 0, 0, 1 ], [ 1, 0, 0, 0, 0, 0, -1 ], [ 0, 1, 1, 0, 0, 0, 0 ], [ 0, 1, -1, 0, 0, 0, 0 ], [ 0, 1, 0, 1, 0, 0, 0 ], [ 0, 1, 0, -1, 0, 0, 0 ], [ 0, 1, 0, 0, 1, 0, 0 ], [ 0, 1, 0, 0, -1, 0, 0 ], [ 0, 1, 0, 0, 0, 1, 0 ], [ 0, 1, 0, 0, 0, -1, 0 ] ] ), rec(
candidateNumber := 83,
centralizerDimension := 5,
commonSingularPoint := [ 0, 0, 0, 0, 1, 0 ],
componentIndex := 1,
componentLabel := "unique C4 component",
cubicInvariantDimension := 5,
determinantImageOrder := 6,
familyDimension := 0,
familyIndexWithinCase := 9,
genericIndex := 1,
guessedMemberTest := rec(
status := "not_run" ),
isDirectKnownCase := false,
linearGId := [ 72, 37 ],
linearVariables := [ 5, 6 ],
projectiveGId := [ 24, 10 ],
proofType := "a variable has exponent at most one throughout the family",
status := "singular",
symplecticPart := "C4" ), rec(
candidateNumber := 84,
centralizerDimension := 5,
commonSingularChart := 3,
componentIndex := 1,
componentLabel := "unique C4 component",
cubicInvariantDimension := 5,
determinantImageOrder := 6,
exactCommonLocusTest := rec(
coefficientFieldConductor := 1,
exitCode := 0,
singularChart := 3,
singularOutput := "CF_EXACT_COMMON_SINGULAR_CHART_3\nCF_EXACT_COMMON_SINGULAR_POINT\nCF_SCRIPT_COMPLETED_OK\n",
status := "common_singular_point_exists" ),
familyDimension := 0,
familyIndexWithinCase := 10,
genericIndex := 1,
guessedCoefficients := [ 2, 5, 10, 17, 26 ],
guessedMemberTest := rec(
coefficientCandidates := [ [ 2, 5, 10, 17, 26 ], [ 1, 1, 1, 1, 1 ], [ 1, 2, 3, 4, 5 ], [ 1, -2, 3, -4, 5 ], [ 1, 0, -1, 0, 3 ], [ 1, 0, 0, 0, 0 ], [ 0, 1, 0, 0, 0 ], [ 0, 0, 1, 0, 0 ], [ 0, 0, 0, 1, 0 ], [ 0, 0, 0, 0, 1 ], [ 1, 1, 0, 0, 0 ], [ 1, -1, 0, 0, 0 ], [ 1, 0, 1, 0, 0 ], [ 1, 0, -1, 0, 0 ], [ 1, 0, 0, 1, 0 ], [ 1, 0, 0, -1, 0 ], [ 1, 0, 0, 0, 1 ], [ 1, 0, 0, 0, -1 ], [ 0, 1, 1, 0, 0 ], [ 0, 1, -1, 0, 0 ], [ 0, 1, 0, 1, 0 ], [ 0, 1, 0, -1, 0 ], [ 0, 1, 0, 0, 1 ], [ 0, 1, 0, 0, -1 ], [ 0, 0, 1, 1, 0 ], [ 0, 0, 1, -1, 0 ], [ 0, 0, 1, 0, 1 ], [ 0, 0, 1, 0, -1 ], [ 0, 0, 0, 1, 1 ], [ 0, 0, 0, 1, -1 ], [ 8, -7, -8, -6, 8 ], [ 5, -1, -5, 4, -3 ] ],
coefficientFieldConductor := 1,
exactTrials := [ rec(
coefficients := [ 2, 5, 10, 17, 26 ],
trial := rec(
coefficientFieldConductor := 1,
exitCode := 0,
singularChart := 3,
singularOutput := "CF_EXACT_SINGULAR_CHART_3\nCF_EXACT_SINGULAR\nCF_SCRIPT_COMPLETED_OK\n",
status := "exact_singular" ) ), rec(
coefficients := [ 1, 1, 1, 1, 1 ],
trial := rec(
coefficientFieldConductor := 1,
exitCode := 0,
singularChart := 3,
singularOutput := "CF_EXACT_SINGULAR_CHART_3\nCF_EXACT_SINGULAR\nCF_SCRIPT_COMPLETED_OK\n",
status := "exact_singular" ) ), rec(
coefficients := [ 1, 2, 3, 4, 5 ],
trial := rec(
coefficientFieldConductor := 1,
exitCode := 0,
singularChart := 3,
singularOutput := "CF_EXACT_SINGULAR_CHART_3\nCF_EXACT_SINGULAR\nCF_SCRIPT_COMPLETED_OK\n",
status := "exact_singular" ) ), rec(
coefficients := [ 1, -2, 3, -4, 5 ],
trial := rec(
coefficientFieldConductor := 1,
exitCode := 0,
singularChart := 3,
singularOutput := "CF_EXACT_SINGULAR_CHART_3\nCF_EXACT_SINGULAR\nCF_SCRIPT_COMPLETED_OK\n",
status := "exact_singular" ) ), rec(
coefficients := [ 1, 0, -1, 0, 3 ],
trial := rec(
coefficientFieldConductor := 1,
exitCode := 0,
singularChart := 3,
singularOutput := "CF_EXACT_SINGULAR_CHART_3\nCF_EXACT_SINGULAR\nCF_SCRIPT_COMPLETED_OK\n",
status := "exact_singular" ) ), rec(
coefficients := [ 1, 0, 0, 0, 0 ],
trial := rec(
coefficientFieldConductor := 1,
exitCode := 0,
singularChart := 1,
singularOutput := "CF_EXACT_SINGULAR_CHART_1\nCF_EXACT_SINGULAR\nCF_SCRIPT_COMPLETED_OK\n",
status := "exact_singular" ) ) ],
finiteFieldTrials := [ rec(
exitCode := 0,
numberOfMembersTested := 32,
prime := 7,
singularOutput := "CF_SINGULAR_MEMBER_1_END\nCF_SINGULAR_MEMBER_2_END\nCF_SINGULAR_MEMBER_3_END\nCF_SINGULAR_MEMBER_4_END\nCF_SINGULAR_MEMBER_5_END\nCF_SINGULAR_MEMBER_6_END\nCF_SINGULAR_MEMBER_7_END\nCF_SINGULAR_MEMBER_8_END\nCF_SINGULAR_MEMBER_9_END\nCF_SINGULAR_MEMBER_10_END\nCF_SINGULAR_MEMBER_11_END\nCF_SINGULAR_MEMBER_12_END\nCF_SINGULAR_MEMBER_13_END\nCF_SINGULAR_MEMBER_14_END\nCF_SINGULAR_MEMBER_15_END\nCF_SINGULAR_MEMBER_16_END\nCF_SINGULAR_MEMBER_17_END\nCF_SINGULAR_MEMBER_18_END\nCF_SINGULAR_MEMBER_19_END\nCF_SINGULAR_MEMBER_20_END\nCF_SINGULAR_MEMBER_21_END\nCF_SINGULAR_MEMBER_22_END\nCF_SINGULAR_MEMBER_23_END\nCF_SINGULAR_MEMBER_24_END\nCF_SINGULAR_MEMBER_25_END\nCF_SINGULAR_MEMBER_26_END\nCF_SINGULAR_MEMBER_27_END\nCF_SINGULAR_MEMBER_28_END\nCF_SINGULAR_MEMBER_29_END\nCF_SINGULAR_MEMBER_30_END\nCF_SINGULAR_MEMBER_31_END\nCF_SINGULAR_MEMBER_32_END\nCF_NO_SMOOTH_MEMBER\nCF_SCRIPT_COMPLETED_OK\n",
status := "no_smooth_in_batch",
witnessIndex := fail,
witnessVerificationPassed := false ), rec(
exitCode := 0,
numberOfMembersTested := 32,
prime := 11,
singularOutput := "CF_SINGULAR_MEMBER_1_END\nCF_SINGULAR_MEMBER_2_END\nCF_SINGULAR_MEMBER_3_END\nCF_SINGULAR_MEMBER_4_END\nCF_SINGULAR_MEMBER_5_END\nCF_SINGULAR_MEMBER_6_END\nCF_SINGULAR_MEMBER_7_END\nCF_SINGULAR_MEMBER_8_END\nCF_SINGULAR_MEMBER_9_END\nCF_SINGULAR_MEMBER_10_END\nCF_SINGULAR_MEMBER_11_END\nCF_SINGULAR_MEMBER_12_END\nCF_SINGULAR_MEMBER_13_END\nCF_SINGULAR_MEMBER_14_END\nCF_SINGULAR_MEMBER_15_END\nCF_SINGULAR_MEMBER_16_END\nCF_SINGULAR_MEMBER_17_END\nCF_SINGULAR_MEMBER_18_END\nCF_SINGULAR_MEMBER_19_END\nCF_SINGULAR_MEMBER_20_END\nCF_SINGULAR_MEMBER_21_END\nCF_SINGULAR_MEMBER_22_END\nCF_SINGULAR_MEMBER_23_END\nCF_SINGULAR_MEMBER_24_END\nCF_SINGULAR_MEMBER_25_END\nCF_SINGULAR_MEMBER_26_END\nCF_SINGULAR_MEMBER_27_END\nCF_SINGULAR_MEMBER_28_END\nCF_SINGULAR_MEMBER_29_END\nCF_SINGULAR_MEMBER_30_END\nCF_SINGULAR_MEMBER_31_END\nCF_SINGULAR_MEMBER_32_END\nCF_NO_SMOOTH_MEMBER\nCF_SCRIPT_COMPLETED_OK\n",
status := "no_smooth_in_batch",
witnessIndex := fail,
witnessVerificationPassed := false ), rec(
exitCode := 0,
numberOfMembersTested := 32,
prime := 13,
singularOutput := "CF_SINGULAR_MEMBER_1_END\nCF_SINGULAR_MEMBER_2_END\nCF_SINGULAR_MEMBER_3_END\nCF_SINGULAR_MEMBER_4_END\nCF_SINGULAR_MEMBER_5_END\nCF_SINGULAR_MEMBER_6_END\nCF_SINGULAR_MEMBER_7_END\nCF_SINGULAR_MEMBER_8_END\nCF_SINGULAR_MEMBER_9_END\nCF_SINGULAR_MEMBER_10_END\nCF_SINGULAR_MEMBER_11_END\nCF_SINGULAR_MEMBER_12_END\nCF_SINGULAR_MEMBER_13_END\nCF_SINGULAR_MEMBER_14_END\nCF_SINGULAR_MEMBER_15_END\nCF_SINGULAR_MEMBER_16_END\nCF_SINGULAR_MEMBER_17_END\nCF_SINGULAR_MEMBER_18_END\nCF_SINGULAR_MEMBER_19_END\nCF_SINGULAR_MEMBER_20_END\nCF_SINGULAR_MEMBER_21_END\nCF_SINGULAR_MEMBER_22_END\nCF_SINGULAR_MEMBER_23_END\nCF_SINGULAR_MEMBER_24_END\nCF_SINGULAR_MEMBER_25_END\nCF_SINGULAR_MEMBER_26_END\nCF_SINGULAR_MEMBER_27_END\nCF_SINGULAR_MEMBER_28_END\nCF_SINGULAR_MEMBER_29_END\nCF_SINGULAR_MEMBER_30_END\nCF_SINGULAR_MEMBER_31_END\nCF_SINGULAR_MEMBER_32_END\nCF_NO_SMOOTH_MEMBER\nCF_SCRIPT_COMPLETED_OK\n",
status := "no_smooth_in_batch",
witnessIndex := fail,
witnessVerificationPassed := false ) ],
method := "deterministic coefficient batch",
status := "no_smooth_witness" ),
guessedPolynomial := "(-4/9)*x4*x6^2 + (1/4)*x4*x5^2 + (-32/9)*x3*x6^2 + (2)*x3*x5^2 + (-1365701/55080)*x2*x4^2 + (6211/170)*x2*x3*x4 + (-2101/170)*x2*x3^2 + (-6761/400)*x2^3 + (-1330/81)*x1*x4^2 + (5)*x1*x3*x4 + (10)*x1*x3^2 + (-361/20)*x1*x2^2 + (17)*x1^2*x2 + (26)*x1^3",
isDirectKnownCase := false,
linearGId := [ 72, 37 ],
projectiveGId := [ 24, 10 ],
proofType := "the invariant basis has a nonempty exact common projective Jacobian locus",
status := "singular",
symplecticPart := "C4",
testedCoefficientCandidates := [ [ 2, 5, 10, 17, 26 ], [ 1, 1, 1, 1, 1 ], [ 1, 2, 3, 4, 5 ], [ 1, -2, 3, -4, 5 ], [ 1, 0, -1, 0, 3 ], [ 1, 0, 0, 0, 0 ], [ 0, 1, 0, 0, 0 ], [ 0, 0, 1, 0, 0 ], [ 0, 0, 0, 1, 0 ], [ 0, 0, 0, 0, 1 ], [ 1, 1, 0, 0, 0 ], [ 1, -1, 0, 0, 0 ], [ 1, 0, 1, 0, 0 ], [ 1, 0, -1, 0, 0 ], [ 1, 0, 0, 1, 0 ], [ 1, 0, 0, -1, 0 ], [ 1, 0, 0, 0, 1 ], [ 1, 0, 0, 0, -1 ], [ 0, 1, 1, 0, 0 ], [ 0, 1, -1, 0, 0 ], [ 0, 1, 0, 1, 0 ], [ 0, 1, 0, -1, 0 ], [ 0, 1, 0, 0, 1 ], [ 0, 1, 0, 0, -1 ], [ 0, 0, 1, 1, 0 ], [ 0, 0, 1, -1, 0 ], [ 0, 0, 1, 0, 1 ], [ 0, 0, 1, 0, -1 ], [ 0, 0, 0, 1, 1 ], [ 0, 0, 0, 1, -1 ], [ 8, -7, -8, -6, 8 ], [ 5, -1, -5, 4, -3 ] ] ), rec(
candidateNumber := 85,
centralizerDimension := 5,
commonSingularPoint := [ 1, 0, 0, 0, 0, 0 ],
componentIndex := 1,
componentLabel := "unique C4 component",
cubicInvariantDimension := 5,
determinantImageOrder := 6,
familyDimension := 0,
familyIndexWithinCase := 11,
genericIndex := 1,
guessedMemberTest := rec(
status := "not_run" ),
isDirectKnownCase := false,
linearGId := [ 72, 10 ],
linearVariables := [ 1, 2 ],
projectiveGId := [ 24, 10 ],
proofType := "a variable has exponent at most one throughout the family",
status := "singular",
symplecticPart := "C4" ), rec(
candidateNumber := 86,
centralizerDimension := 5,
commonSingularChart := 1,
componentIndex := 1,
componentLabel := "unique C4 component",
cubicInvariantDimension := 5,
determinantImageOrder := 6,
exactCommonLocusTest := rec(
coefficientFieldConductor := 1,
exitCode := 0,
singularChart := 1,
singularOutput := "CF_EXACT_COMMON_SINGULAR_CHART_1\nCF_EXACT_COMMON_SINGULAR_POINT\nCF_SCRIPT_COMPLETED_OK\n",
status := "common_singular_point_exists" ),
familyDimension := 0,
familyIndexWithinCase := 12,
genericIndex := 1,
guessedCoefficients := [ 2, 5, 10, 17, 26 ],
guessedMemberTest := rec(
coefficientCandidates := [ [ 2, 5, 10, 17, 26 ], [ 1, 1, 1, 1, 1 ], [ 1, 2, 3, 4, 5 ], [ 1, -2, 3, -4, 5 ], [ 1, 0, -1, 0, 3 ], [ 1, 0, 0, 0, 0 ], [ 0, 1, 0, 0, 0 ], [ 0, 0, 1, 0, 0 ], [ 0, 0, 0, 1, 0 ], [ 0, 0, 0, 0, 1 ], [ 1, 1, 0, 0, 0 ], [ 1, -1, 0, 0, 0 ], [ 1, 0, 1, 0, 0 ], [ 1, 0, -1, 0, 0 ], [ 1, 0, 0, 1, 0 ], [ 1, 0, 0, -1, 0 ], [ 1, 0, 0, 0, 1 ], [ 1, 0, 0, 0, -1 ], [ 0, 1, 1, 0, 0 ], [ 0, 1, -1, 0, 0 ], [ 0, 1, 0, 1, 0 ], [ 0, 1, 0, -1, 0 ], [ 0, 1, 0, 0, 1 ], [ 0, 1, 0, 0, -1 ], [ 0, 0, 1, 1, 0 ], [ 0, 0, 1, -1, 0 ], [ 0, 0, 1, 0, 1 ], [ 0, 0, 1, 0, -1 ], [ 0, 0, 0, 1, 1 ], [ 0, 0, 0, 1, -1 ], [ 8, -7, -8, -6, 8 ], [ 5, -1, -5, 4, -3 ] ],
coefficientFieldConductor := 1,
exactTrials := [ rec(
coefficients := [ 2, 5, 10, 17, 26 ],
trial := rec(
coefficientFieldConductor := 1,
exitCode := 0,
singularChart := 1,
singularOutput := "CF_EXACT_SINGULAR_CHART_1\nCF_EXACT_SINGULAR\nCF_SCRIPT_COMPLETED_OK\n",
status := "exact_singular" ) ), rec(
coefficients := [ 1, 1, 1, 1, 1 ],
trial := rec(
coefficientFieldConductor := 1,
exitCode := 0,
singularChart := 1,
singularOutput := "CF_EXACT_SINGULAR_CHART_1\nCF_EXACT_SINGULAR\nCF_SCRIPT_COMPLETED_OK\n",
status := "exact_singular" ) ), rec(
coefficients := [ 1, 2, 3, 4, 5 ],
trial := rec(
coefficientFieldConductor := 1,
exitCode := 0,
singularChart := 1,
singularOutput := "CF_EXACT_SINGULAR_CHART_1\nCF_EXACT_SINGULAR\nCF_SCRIPT_COMPLETED_OK\n",
status := "exact_singular" ) ), rec(
coefficients := [ 1, -2, 3, -4, 5 ],
trial := rec(
coefficientFieldConductor := 1,
exitCode := 0,
singularChart := 1,
singularOutput := "CF_EXACT_SINGULAR_CHART_1\nCF_EXACT_SINGULAR\nCF_SCRIPT_COMPLETED_OK\n",
status := "exact_singular" ) ), rec(
coefficients := [ 1, 0, -1, 0, 3 ],
trial := rec(
coefficientFieldConductor := 1,
exitCode := 0,
singularChart := 1,
singularOutput := "CF_EXACT_SINGULAR_CHART_1\nCF_EXACT_SINGULAR\nCF_SCRIPT_COMPLETED_OK\n",
status := "exact_singular" ) ), rec(
coefficients := [ 1, 0, 0, 0, 0 ],
trial := rec(
coefficientFieldConductor := 1,
exitCode := 0,
singularChart := 1,
singularOutput := "CF_EXACT_SINGULAR_CHART_1\nCF_EXACT_SINGULAR\nCF_SCRIPT_COMPLETED_OK\n",
status := "exact_singular" ) ) ],
finiteFieldTrials := [ rec(
exitCode := 0,
numberOfMembersTested := 32,
prime := 7,
singularOutput := "CF_SINGULAR_MEMBER_1_END\nCF_SINGULAR_MEMBER_2_END\nCF_SINGULAR_MEMBER_3_END\nCF_SINGULAR_MEMBER_4_END\nCF_SINGULAR_MEMBER_5_END\nCF_SINGULAR_MEMBER_6_END\nCF_SINGULAR_MEMBER_7_END\nCF_SINGULAR_MEMBER_8_END\nCF_SINGULAR_MEMBER_9_END\nCF_SINGULAR_MEMBER_10_END\nCF_SINGULAR_MEMBER_11_END\nCF_SINGULAR_MEMBER_12_END\nCF_SINGULAR_MEMBER_13_END\nCF_SINGULAR_MEMBER_14_END\nCF_SINGULAR_MEMBER_15_END\nCF_SINGULAR_MEMBER_16_END\nCF_SINGULAR_MEMBER_17_END\nCF_SINGULAR_MEMBER_18_END\nCF_SINGULAR_MEMBER_19_END\nCF_SINGULAR_MEMBER_20_END\nCF_SINGULAR_MEMBER_21_END\nCF_SINGULAR_MEMBER_22_END\nCF_SINGULAR_MEMBER_23_END\nCF_SINGULAR_MEMBER_24_END\nCF_SINGULAR_MEMBER_25_END\nCF_SINGULAR_MEMBER_26_END\nCF_SINGULAR_MEMBER_27_END\nCF_SINGULAR_MEMBER_28_END\nCF_SINGULAR_MEMBER_29_END\nCF_SINGULAR_MEMBER_30_END\nCF_SINGULAR_MEMBER_31_END\nCF_SINGULAR_MEMBER_32_END\nCF_NO_SMOOTH_MEMBER\nCF_SCRIPT_COMPLETED_OK\n",
status := "no_smooth_in_batch",
witnessIndex := fail,
witnessVerificationPassed := false ), rec(
exitCode := 0,
numberOfMembersTested := 32,
prime := 11,
singularOutput := "CF_SINGULAR_MEMBER_1_END\nCF_SINGULAR_MEMBER_2_END\nCF_SINGULAR_MEMBER_3_END\nCF_SINGULAR_MEMBER_4_END\nCF_SINGULAR_MEMBER_5_END\nCF_SINGULAR_MEMBER_6_END\nCF_SINGULAR_MEMBER_7_END\nCF_SINGULAR_MEMBER_8_END\nCF_SINGULAR_MEMBER_9_END\nCF_SINGULAR_MEMBER_10_END\nCF_SINGULAR_MEMBER_11_END\nCF_SINGULAR_MEMBER_12_END\nCF_SINGULAR_MEMBER_13_END\nCF_SINGULAR_MEMBER_14_END\nCF_SINGULAR_MEMBER_15_END\nCF_SINGULAR_MEMBER_16_END\nCF_SINGULAR_MEMBER_17_END\nCF_SINGULAR_MEMBER_18_END\nCF_SINGULAR_MEMBER_19_END\nCF_SINGULAR_MEMBER_20_END\nCF_SINGULAR_MEMBER_21_END\nCF_SINGULAR_MEMBER_22_END\nCF_SINGULAR_MEMBER_23_END\nCF_SINGULAR_MEMBER_24_END\nCF_SINGULAR_MEMBER_25_END\nCF_SINGULAR_MEMBER_26_END\nCF_SINGULAR_MEMBER_27_END\nCF_SINGULAR_MEMBER_28_END\nCF_SINGULAR_MEMBER_29_END\nCF_SINGULAR_MEMBER_30_END\nCF_SINGULAR_MEMBER_31_END\nCF_SINGULAR_MEMBER_32_END\nCF_NO_SMOOTH_MEMBER\nCF_SCRIPT_COMPLETED_OK\n",
status := "no_smooth_in_batch",
witnessIndex := fail,
witnessVerificationPassed := false ), rec(
exitCode := 0,
numberOfMembersTested := 32,
prime := 17,
singularOutput := "CF_SINGULAR_MEMBER_1_END\nCF_SINGULAR_MEMBER_2_END\nCF_SINGULAR_MEMBER_3_END\nCF_SINGULAR_MEMBER_4_END\nCF_SINGULAR_MEMBER_5_END\nCF_SINGULAR_MEMBER_6_END\nCF_SINGULAR_MEMBER_7_END\nCF_SINGULAR_MEMBER_8_END\nCF_SINGULAR_MEMBER_9_END\nCF_SINGULAR_MEMBER_10_END\nCF_SINGULAR_MEMBER_11_END\nCF_SINGULAR_MEMBER_12_END\nCF_SINGULAR_MEMBER_13_END\nCF_SINGULAR_MEMBER_14_END\nCF_SINGULAR_MEMBER_15_END\nCF_SINGULAR_MEMBER_16_END\nCF_SINGULAR_MEMBER_17_END\nCF_SINGULAR_MEMBER_18_END\nCF_SINGULAR_MEMBER_19_END\nCF_SINGULAR_MEMBER_20_END\nCF_SINGULAR_MEMBER_21_END\nCF_SINGULAR_MEMBER_22_END\nCF_SINGULAR_MEMBER_23_END\nCF_SINGULAR_MEMBER_24_END\nCF_SINGULAR_MEMBER_25_END\nCF_SINGULAR_MEMBER_26_END\nCF_SINGULAR_MEMBER_27_END\nCF_SINGULAR_MEMBER_28_END\nCF_SINGULAR_MEMBER_29_END\nCF_SINGULAR_MEMBER_30_END\nCF_SINGULAR_MEMBER_31_END\nCF_SINGULAR_MEMBER_32_END\nCF_NO_SMOOTH_MEMBER\nCF_SCRIPT_COMPLETED_OK\n",
status := "no_smooth_in_batch",
witnessIndex := fail,
witnessVerificationPassed := false ) ],
method := "deterministic coefficient batch",
status := "no_smooth_witness" ),
guessedPolynomial := "(-56/9)*x4*x6^2 + (7/2)*x4*x5^2 + (-32/9)*x3*x6^2 + (2)*x3*x5^2 + (-95/18)*x2*x5*x6 + (-4893/208)*x2*x4^2 + (-4115/52)*x2*x3*x4 + (-488/13)*x2*x3^2 + (4693/405)*x2^3 + (5)*x1*x5*x6 + (-553/16)*x1*x4^2 + (10)*x1*x3*x4 + (17)*x1*x3^2 + (5681/810)*x1*x2^2 + (-2002/45)*x1^2*x2 + (26)*x1^3",
isDirectKnownCase := false,
linearGId := [ 72, 10 ],
projectiveGId := [ 24, 10 ],
proofType := "the invariant basis has a nonempty exact common projective Jacobian locus",
status := "singular",
symplecticPart := "C4",
testedCoefficientCandidates := [ [ 2, 5, 10, 17, 26 ], [ 1, 1, 1, 1, 1 ], [ 1, 2, 3, 4, 5 ], [ 1, -2, 3, -4, 5 ], [ 1, 0, -1, 0, 3 ], [ 1, 0, 0, 0, 0 ], [ 0, 1, 0, 0, 0 ], [ 0, 0, 1, 0, 0 ], [ 0, 0, 0, 1, 0 ], [ 0, 0, 0, 0, 1 ], [ 1, 1, 0, 0, 0 ], [ 1, -1, 0, 0, 0 ], [ 1, 0, 1, 0, 0 ], [ 1, 0, -1, 0, 0 ], [ 1, 0, 0, 1, 0 ], [ 1, 0, 0, -1, 0 ], [ 1, 0, 0, 0, 1 ], [ 1, 0, 0, 0, -1 ], [ 0, 1, 1, 0, 0 ], [ 0, 1, -1, 0, 0 ], [ 0, 1, 0, 1, 0 ], [ 0, 1, 0, -1, 0 ], [ 0, 1, 0, 0, 1 ], [ 0, 1, 0, 0, -1 ], [ 0, 0, 1, 1, 0 ], [ 0, 0, 1, -1, 0 ], [ 0, 0, 1, 0, 1 ], [ 0, 0, 1, 0, -1 ], [ 0, 0, 0, 1, 1 ], [ 0, 0, 0, 1, -1 ], [ 8, -7, -8, -6, 8 ], [ 5, -1, -5, 4, -3 ] ] ), rec(
candidateNumber := 89,
centralizerDimension := 5,
commonSingularChart := 1,
componentIndex := 1,
componentLabel := "unique C4 component",
cubicInvariantDimension := 5,
determinantImageOrder := 4,
exactCommonLocusTest := rec(
coefficientFieldConductor := 12,
exitCode := 0,
singularChart := 1,
singularOutput := "CF_EXACT_COMMON_SINGULAR_CHART_1\nCF_EXACT_COMMON_SINGULAR_POINT\nCF_SCRIPT_COMPLETED_OK\n",
status := "common_singular_point_exists" ),
familyDimension := 0,
familyIndexWithinCase := 1,
genericIndex := 1,
guessedCoefficients := [ 2, 5, 10, 17, 26 ],
guessedMemberTest := rec(
coefficientCandidates := [ [ 2, 5, 10, 17, 26 ], [ 1, 1, 1, 1, 1 ], [ 1, 2, 3, 4, 5 ], [ 1, -2, 3, -4, 5 ], [ 1, 0, -1, 0, 3 ], [ 1, 0, 0, 0, 0 ], [ 0, 1, 0, 0, 0 ], [ 0, 0, 1, 0, 0 ], [ 0, 0, 0, 1, 0 ], [ 0, 0, 0, 0, 1 ], [ 1, 1, 0, 0, 0 ], [ 1, -1, 0, 0, 0 ], [ 1, 0, 1, 0, 0 ], [ 1, 0, -1, 0, 0 ], [ 1, 0, 0, 1, 0 ], [ 1, 0, 0, -1, 0 ], [ 1, 0, 0, 0, 1 ], [ 1, 0, 0, 0, -1 ], [ 0, 1, 1, 0, 0 ], [ 0, 1, -1, 0, 0 ], [ 0, 1, 0, 1, 0 ], [ 0, 1, 0, -1, 0 ], [ 0, 1, 0, 0, 1 ], [ 0, 1, 0, 0, -1 ], [ 0, 0, 1, 1, 0 ], [ 0, 0, 1, -1, 0 ], [ 0, 0, 1, 0, 1 ], [ 0, 0, 1, 0, -1 ], [ 0, 0, 0, 1, 1 ], [ 0, 0, 0, 1, -1 ], [ 8, -7, -8, -6, 8 ], [ 5, -1, -5, 4, -3 ] ],
coefficientFieldConductor := 12,
exactTrials := [ rec(
coefficients := [ 2, 5, 10, 17, 26 ],
trial := rec(
coefficientFieldConductor := 12,
exitCode := 0,
singularChart := 1,
singularOutput := "CF_EXACT_SINGULAR_CHART_1\nCF_EXACT_SINGULAR\nCF_SCRIPT_COMPLETED_OK\n",
status := "exact_singular" ) ), rec(
coefficients := [ 1, 1, 1, 1, 1 ],
trial := rec(
coefficientFieldConductor := 12,
exitCode := 0,
singularChart := 1,
singularOutput := "CF_EXACT_SINGULAR_CHART_1\nCF_EXACT_SINGULAR\nCF_SCRIPT_COMPLETED_OK\n",
status := "exact_singular" ) ), rec(
coefficients := [ 1, 2, 3, 4, 5 ],
trial := rec(
coefficientFieldConductor := 12,
exitCode := 0,
singularChart := 1,
singularOutput := "CF_EXACT_SINGULAR_CHART_1\nCF_EXACT_SINGULAR\nCF_SCRIPT_COMPLETED_OK\n",
status := "exact_singular" ) ), rec(
coefficients := [ 1, -2, 3, -4, 5 ],
trial := rec(
coefficientFieldConductor := 12,
exitCode := 0,
singularChart := 1,
singularOutput := "CF_EXACT_SINGULAR_CHART_1\nCF_EXACT_SINGULAR\nCF_SCRIPT_COMPLETED_OK\n",
status := "exact_singular" ) ), rec(
coefficients := [ 1, 0, -1, 0, 3 ],
trial := rec(
coefficientFieldConductor := 12,
exitCode := 0,
singularChart := 1,
singularOutput := "CF_EXACT_SINGULAR_CHART_1\nCF_EXACT_SINGULAR\nCF_SCRIPT_COMPLETED_OK\n",
status := "exact_singular" ) ), rec(
coefficients := [ 1, 0, 0, 0, 0 ],
trial := rec(
coefficientFieldConductor := 12,
exitCode := 0,
singularChart := 1,
singularOutput := "CF_EXACT_SINGULAR_CHART_1\nCF_EXACT_SINGULAR\nCF_SCRIPT_COMPLETED_OK\n",
status := "exact_singular" ) ) ],
finiteFieldTrials := [ rec(
exitCode := 0,
numberOfMembersTested := 32,
prime := 13,
singularOutput := "CF_SINGULAR_MEMBER_1_END\nCF_SINGULAR_MEMBER_2_END\nCF_SINGULAR_MEMBER_3_END\nCF_SINGULAR_MEMBER_4_END\nCF_SINGULAR_MEMBER_5_END\nCF_SINGULAR_MEMBER_6_END\nCF_SINGULAR_MEMBER_7_END\nCF_SINGULAR_MEMBER_8_END\nCF_SINGULAR_MEMBER_9_END\nCF_SINGULAR_MEMBER_10_END\nCF_SINGULAR_MEMBER_11_END\nCF_SINGULAR_MEMBER_12_END\nCF_SINGULAR_MEMBER_13_END\nCF_SINGULAR_MEMBER_14_END\nCF_SINGULAR_MEMBER_15_END\nCF_SINGULAR_MEMBER_16_END\nCF_SINGULAR_MEMBER_17_END\nCF_SINGULAR_MEMBER_18_END\nCF_SINGULAR_MEMBER_19_END\nCF_SINGULAR_MEMBER_20_END\nCF_SINGULAR_MEMBER_21_END\nCF_SINGULAR_MEMBER_22_END\nCF_SINGULAR_MEMBER_23_END\nCF_SINGULAR_MEMBER_24_END\nCF_SINGULAR_MEMBER_25_END\nCF_SINGULAR_MEMBER_26_END\nCF_SINGULAR_MEMBER_27_END\nCF_SINGULAR_MEMBER_28_END\nCF_SINGULAR_MEMBER_29_END\nCF_SINGULAR_MEMBER_30_END\nCF_SINGULAR_MEMBER_31_END\nCF_SINGULAR_MEMBER_32_END\nCF_NO_SMOOTH_MEMBER\nCF_SCRIPT_COMPLETED_OK\n",
status := "no_smooth_in_batch",
witnessIndex := fail,
witnessVerificationPassed := false ), rec(
exitCode := 0,
numberOfMembersTested := 32,
prime := 37,
singularOutput := "CF_SINGULAR_MEMBER_1_END\nCF_SINGULAR_MEMBER_2_END\nCF_SINGULAR_MEMBER_3_END\nCF_SINGULAR_MEMBER_4_END\nCF_SINGULAR_MEMBER_5_END\nCF_SINGULAR_MEMBER_6_END\nCF_SINGULAR_MEMBER_7_END\nCF_SINGULAR_MEMBER_8_END\nCF_SINGULAR_MEMBER_9_END\nCF_SINGULAR_MEMBER_10_END\nCF_SINGULAR_MEMBER_11_END\nCF_SINGULAR_MEMBER_12_END\nCF_SINGULAR_MEMBER_13_END\nCF_SINGULAR_MEMBER_14_END\nCF_SINGULAR_MEMBER_15_END\nCF_SINGULAR_MEMBER_16_END\nCF_SINGULAR_MEMBER_17_END\nCF_SINGULAR_MEMBER_18_END\nCF_SINGULAR_MEMBER_19_END\nCF_SINGULAR_MEMBER_20_END\nCF_SINGULAR_MEMBER_21_END\nCF_SINGULAR_MEMBER_22_END\nCF_SINGULAR_MEMBER_23_END\nCF_SINGULAR_MEMBER_24_END\nCF_SINGULAR_MEMBER_25_END\nCF_SINGULAR_MEMBER_26_END\nCF_SINGULAR_MEMBER_27_END\nCF_SINGULAR_MEMBER_28_END\nCF_SINGULAR_MEMBER_29_END\nCF_SINGULAR_MEMBER_30_END\nCF_SINGULAR_MEMBER_31_END\nCF_SINGULAR_MEMBER_32_END\nCF_NO_SMOOTH_MEMBER\nCF_SCRIPT_COMPLETED_OK\n",
status := "no_smooth_in_batch",
witnessIndex := fail,
witnessVerificationPassed := false ), rec(
exitCode := 0,
numberOfMembersTested := 32,
prime := 61,
singularOutput := "CF_SINGULAR_MEMBER_1_END\nCF_SINGULAR_MEMBER_2_END\nCF_SINGULAR_MEMBER_3_END\nCF_SINGULAR_MEMBER_4_END\nCF_SINGULAR_MEMBER_5_END\nCF_SINGULAR_MEMBER_6_END\nCF_SINGULAR_MEMBER_7_END\nCF_SINGULAR_MEMBER_8_END\nCF_SINGULAR_MEMBER_9_END\nCF_SINGULAR_MEMBER_10_END\nCF_SINGULAR_MEMBER_11_END\nCF_SINGULAR_MEMBER_12_END\nCF_SINGULAR_MEMBER_13_END\nCF_SINGULAR_MEMBER_14_END\nCF_SINGULAR_MEMBER_15_END\nCF_SINGULAR_MEMBER_16_END\nCF_SINGULAR_MEMBER_17_END\nCF_SINGULAR_MEMBER_18_END\nCF_SINGULAR_MEMBER_19_END\nCF_SINGULAR_MEMBER_20_END\nCF_SINGULAR_MEMBER_21_END\nCF_SINGULAR_MEMBER_22_END\nCF_SINGULAR_MEMBER_23_END\nCF_SINGULAR_MEMBER_24_END\nCF_SINGULAR_MEMBER_25_END\nCF_SINGULAR_MEMBER_26_END\nCF_SINGULAR_MEMBER_27_END\nCF_SINGULAR_MEMBER_28_END\nCF_SINGULAR_MEMBER_29_END\nCF_SINGULAR_MEMBER_30_END\nCF_SINGULAR_MEMBER_31_END\nCF_SINGULAR_MEMBER_32_END\nCF_NO_SMOOTH_MEMBER\nCF_SCRIPT_COMPLETED_OK\n",
status := "no_smooth_in_batch",
witnessIndex := fail,
witnessVerificationPassed := false ) ],
method := "deterministic coefficient batch",
status := "no_smooth_witness" ),
guessedPolynomial := "(63/32*E(12)^7)*x4*x6^2 + (7/2)*x4*x5^2 + (9/8*E(12)^7)*x3*x6^2 + (2)*x3*x5^2 + (-95/18)*x2*x5*x6 + (-119651/3456)*x2*x4^2 + (-39665/432)*x2*x3*x4 + (-8891/216)*x2*x3^2 + (4693/1296)*x2^3 + (5)*x1*x5*x6 + (-553/16)*x1*x4^2 + (10)*x1*x3*x4 + (17)*x1*x3^2 + (7163/324)*x1*x2^2 + (-1859/36)*x1^2*x2 + (26)*x1^3",
isDirectKnownCase := false,
linearGId := [ 48, 24 ],
projectiveGId := [ 16, 6 ],
proofType := "the invariant basis has a nonempty exact common projective Jacobian locus",
status := "singular",
symplecticPart := "C4",
testedCoefficientCandidates := [ [ 2, 5, 10, 17, 26 ], [ 1, 1, 1, 1, 1 ], [ 1, 2, 3, 4, 5 ], [ 1, -2, 3, -4, 5 ], [ 1, 0, -1, 0, 3 ], [ 1, 0, 0, 0, 0 ], [ 0, 1, 0, 0, 0 ], [ 0, 0, 1, 0, 0 ], [ 0, 0, 0, 1, 0 ], [ 0, 0, 0, 0, 1 ], [ 1, 1, 0, 0, 0 ], [ 1, -1, 0, 0, 0 ], [ 1, 0, 1, 0, 0 ], [ 1, 0, -1, 0, 0 ], [ 1, 0, 0, 1, 0 ], [ 1, 0, 0, -1, 0 ], [ 1, 0, 0, 0, 1 ], [ 1, 0, 0, 0, -1 ], [ 0, 1, 1, 0, 0 ], [ 0, 1, -1, 0, 0 ], [ 0, 1, 0, 1, 0 ], [ 0, 1, 0, -1, 0 ], [ 0, 1, 0, 0, 1 ], [ 0, 1, 0, 0, -1 ], [ 0, 0, 1, 1, 0 ], [ 0, 0, 1, -1, 0 ], [ 0, 0, 1, 0, 1 ], [ 0, 0, 1, 0, -1 ], [ 0, 0, 0, 1, 1 ], [ 0, 0, 0, 1, -1 ], [ 8, -7, -8, -6, 8 ], [ 5, -1, -5, 4, -3 ] ] ), rec(
candidateNumber := 90,
centralizerDimension := 5,
commonSingularChart := 1,
componentIndex := 1,
componentLabel := "unique C4 component",
cubicInvariantDimension := 5,
determinantImageOrder := 4,
exactCommonLocusTest := rec(
coefficientFieldConductor := 12,
exitCode := 0,
singularChart := 1,
singularOutput := "CF_EXACT_COMMON_SINGULAR_CHART_1\nCF_EXACT_COMMON_SINGULAR_POINT\nCF_SCRIPT_COMPLETED_OK\n",
status := "common_singular_point_exists" ),
familyDimension := 0,
familyIndexWithinCase := 2,
genericIndex := 1,
guessedCoefficients := [ 2, 5, 10, 17, 26 ],
guessedMemberTest := rec(
coefficientCandidates := [ [ 2, 5, 10, 17, 26 ], [ 1, 1, 1, 1, 1 ], [ 1, 2, 3, 4, 5 ], [ 1, -2, 3, -4, 5 ], [ 1, 0, -1, 0, 3 ], [ 1, 0, 0, 0, 0 ], [ 0, 1, 0, 0, 0 ], [ 0, 0, 1, 0, 0 ], [ 0, 0, 0, 1, 0 ], [ 0, 0, 0, 0, 1 ], [ 1, 1, 0, 0, 0 ], [ 1, -1, 0, 0, 0 ], [ 1, 0, 1, 0, 0 ], [ 1, 0, -1, 0, 0 ], [ 1, 0, 0, 1, 0 ], [ 1, 0, 0, -1, 0 ], [ 1, 0, 0, 0, 1 ], [ 1, 0, 0, 0, -1 ], [ 0, 1, 1, 0, 0 ], [ 0, 1, -1, 0, 0 ], [ 0, 1, 0, 1, 0 ], [ 0, 1, 0, -1, 0 ], [ 0, 1, 0, 0, 1 ], [ 0, 1, 0, 0, -1 ], [ 0, 0, 1, 1, 0 ], [ 0, 0, 1, -1, 0 ], [ 0, 0, 1, 0, 1 ], [ 0, 0, 1, 0, -1 ], [ 0, 0, 0, 1, 1 ], [ 0, 0, 0, 1, -1 ], [ 8, -7, -8, -6, 8 ], [ 5, -1, -5, 4, -3 ] ],
coefficientFieldConductor := 12,
exactTrials := [ rec(
coefficients := [ 2, 5, 10, 17, 26 ],
trial := rec(
coefficientFieldConductor := 12,
exitCode := 0,
singularChart := 1,
singularOutput := "CF_EXACT_SINGULAR_CHART_1\nCF_EXACT_SINGULAR\nCF_SCRIPT_COMPLETED_OK\n",
status := "exact_singular" ) ), rec(
coefficients := [ 1, 1, 1, 1, 1 ],
trial := rec(
coefficientFieldConductor := 12,
exitCode := 0,
singularChart := 1,
singularOutput := "CF_EXACT_SINGULAR_CHART_1\nCF_EXACT_SINGULAR\nCF_SCRIPT_COMPLETED_OK\n",
status := "exact_singular" ) ), rec(
coefficients := [ 1, 2, 3, 4, 5 ],
trial := rec(
coefficientFieldConductor := 12,
exitCode := 0,
singularChart := 1,
singularOutput := "CF_EXACT_SINGULAR_CHART_1\nCF_EXACT_SINGULAR\nCF_SCRIPT_COMPLETED_OK\n",
status := "exact_singular" ) ), rec(
coefficients := [ 1, -2, 3, -4, 5 ],
trial := rec(
coefficientFieldConductor := 12,
exitCode := 0,
singularChart := 1,
singularOutput := "CF_EXACT_SINGULAR_CHART_1\nCF_EXACT_SINGULAR\nCF_SCRIPT_COMPLETED_OK\n",
status := "exact_singular" ) ), rec(
coefficients := [ 1, 0, -1, 0, 3 ],
trial := rec(
coefficientFieldConductor := 12,
exitCode := 0,
singularChart := 1,
singularOutput := "CF_EXACT_SINGULAR_CHART_1\nCF_EXACT_SINGULAR\nCF_SCRIPT_COMPLETED_OK\n",
status := "exact_singular" ) ), rec(
coefficients := [ 1, 0, 0, 0, 0 ],
trial := rec(
coefficientFieldConductor := 12,
exitCode := 0,
singularChart := 1,
singularOutput := "CF_EXACT_SINGULAR_CHART_1\nCF_EXACT_SINGULAR\nCF_SCRIPT_COMPLETED_OK\n",
status := "exact_singular" ) ) ],
finiteFieldTrials := [ rec(
exitCode := 0,
numberOfMembersTested := 32,
prime := 13,
singularOutput := "CF_SINGULAR_MEMBER_1_END\nCF_SINGULAR_MEMBER_2_END\nCF_SINGULAR_MEMBER_3_END\nCF_SINGULAR_MEMBER_4_END\nCF_SINGULAR_MEMBER_5_END\nCF_SINGULAR_MEMBER_6_END\nCF_SINGULAR_MEMBER_7_END\nCF_SINGULAR_MEMBER_8_END\nCF_SINGULAR_MEMBER_9_END\nCF_SINGULAR_MEMBER_10_END\nCF_SINGULAR_MEMBER_11_END\nCF_SINGULAR_MEMBER_12_END\nCF_SINGULAR_MEMBER_13_END\nCF_SINGULAR_MEMBER_14_END\nCF_SINGULAR_MEMBER_15_END\nCF_SINGULAR_MEMBER_16_END\nCF_SINGULAR_MEMBER_17_END\nCF_SINGULAR_MEMBER_18_END\nCF_SINGULAR_MEMBER_19_END\nCF_SINGULAR_MEMBER_20_END\nCF_SINGULAR_MEMBER_21_END\nCF_SINGULAR_MEMBER_22_END\nCF_SINGULAR_MEMBER_23_END\nCF_SINGULAR_MEMBER_24_END\nCF_SINGULAR_MEMBER_25_END\nCF_SINGULAR_MEMBER_26_END\nCF_SINGULAR_MEMBER_27_END\nCF_SINGULAR_MEMBER_28_END\nCF_SINGULAR_MEMBER_29_END\nCF_SINGULAR_MEMBER_30_END\nCF_SINGULAR_MEMBER_31_END\nCF_SINGULAR_MEMBER_32_END\nCF_NO_SMOOTH_MEMBER\nCF_SCRIPT_COMPLETED_OK\n",
status := "no_smooth_in_batch",
witnessIndex := fail,
witnessVerificationPassed := false ), rec(
exitCode := 0,
numberOfMembersTested := 32,
prime := 37,
singularOutput := "CF_SINGULAR_MEMBER_1_END\nCF_SINGULAR_MEMBER_2_END\nCF_SINGULAR_MEMBER_3_END\nCF_SINGULAR_MEMBER_4_END\nCF_SINGULAR_MEMBER_5_END\nCF_SINGULAR_MEMBER_6_END\nCF_SINGULAR_MEMBER_7_END\nCF_SINGULAR_MEMBER_8_END\nCF_SINGULAR_MEMBER_9_END\nCF_SINGULAR_MEMBER_10_END\nCF_SINGULAR_MEMBER_11_END\nCF_SINGULAR_MEMBER_12_END\nCF_SINGULAR_MEMBER_13_END\nCF_SINGULAR_MEMBER_14_END\nCF_SINGULAR_MEMBER_15_END\nCF_SINGULAR_MEMBER_16_END\nCF_SINGULAR_MEMBER_17_END\nCF_SINGULAR_MEMBER_18_END\nCF_SINGULAR_MEMBER_19_END\nCF_SINGULAR_MEMBER_20_END\nCF_SINGULAR_MEMBER_21_END\nCF_SINGULAR_MEMBER_22_END\nCF_SINGULAR_MEMBER_23_END\nCF_SINGULAR_MEMBER_24_END\nCF_SINGULAR_MEMBER_25_END\nCF_SINGULAR_MEMBER_26_END\nCF_SINGULAR_MEMBER_27_END\nCF_SINGULAR_MEMBER_28_END\nCF_SINGULAR_MEMBER_29_END\nCF_SINGULAR_MEMBER_30_END\nCF_SINGULAR_MEMBER_31_END\nCF_SINGULAR_MEMBER_32_END\nCF_NO_SMOOTH_MEMBER\nCF_SCRIPT_COMPLETED_OK\n",
status := "no_smooth_in_batch",
witnessIndex := fail,
witnessVerificationPassed := false ), rec(
exitCode := 0,
numberOfMembersTested := 32,
prime := 61,
singularOutput := "CF_SINGULAR_MEMBER_1_END\nCF_SINGULAR_MEMBER_2_END\nCF_SINGULAR_MEMBER_3_END\nCF_SINGULAR_MEMBER_4_END\nCF_SINGULAR_MEMBER_5_END\nCF_SINGULAR_MEMBER_6_END\nCF_SINGULAR_MEMBER_7_END\nCF_SINGULAR_MEMBER_8_END\nCF_SINGULAR_MEMBER_9_END\nCF_SINGULAR_MEMBER_10_END\nCF_SINGULAR_MEMBER_11_END\nCF_SINGULAR_MEMBER_12_END\nCF_SINGULAR_MEMBER_13_END\nCF_SINGULAR_MEMBER_14_END\nCF_SINGULAR_MEMBER_15_END\nCF_SINGULAR_MEMBER_16_END\nCF_SINGULAR_MEMBER_17_END\nCF_SINGULAR_MEMBER_18_END\nCF_SINGULAR_MEMBER_19_END\nCF_SINGULAR_MEMBER_20_END\nCF_SINGULAR_MEMBER_21_END\nCF_SINGULAR_MEMBER_22_END\nCF_SINGULAR_MEMBER_23_END\nCF_SINGULAR_MEMBER_24_END\nCF_SINGULAR_MEMBER_25_END\nCF_SINGULAR_MEMBER_26_END\nCF_SINGULAR_MEMBER_27_END\nCF_SINGULAR_MEMBER_28_END\nCF_SINGULAR_MEMBER_29_END\nCF_SINGULAR_MEMBER_30_END\nCF_SINGULAR_MEMBER_31_END\nCF_SINGULAR_MEMBER_32_END\nCF_NO_SMOOTH_MEMBER\nCF_SCRIPT_COMPLETED_OK\n",
status := "no_smooth_in_batch",
witnessIndex := fail,
witnessVerificationPassed := false ) ],
method := "deterministic coefficient batch",
status := "no_smooth_witness" ),
guessedPolynomial := "(63/32*E(12)^7)*x4*x6^2 + (7/2)*x4*x5^2 + (9/8*E(12)^7)*x3*x6^2 + (2)*x3*x5^2 + (-95/18)*x2*x5*x6 + (3191/1350)*x2*x4^2 + (433/54)*x2*x3*x4 + (1139/216)*x2*x3^2 + (13/256)*x2^3 + (5)*x1*x5*x6 + (32/25)*x1*x4^2 + (10)*x1*x3*x4 + (17)*x1*x3^2 + (39/32)*x1*x2^2 + (39/4)*x1^2*x2 + (26)*x1^3",
isDirectKnownCase := false,
linearGId := [ 48, 24 ],
projectiveGId := [ 16, 6 ],
proofType := "the invariant basis has a nonempty exact common projective Jacobian locus",
status := "singular",
symplecticPart := "C4",
testedCoefficientCandidates := [ [ 2, 5, 10, 17, 26 ], [ 1, 1, 1, 1, 1 ], [ 1, 2, 3, 4, 5 ], [ 1, -2, 3, -4, 5 ], [ 1, 0, -1, 0, 3 ], [ 1, 0, 0, 0, 0 ], [ 0, 1, 0, 0, 0 ], [ 0, 0, 1, 0, 0 ], [ 0, 0, 0, 1, 0 ], [ 0, 0, 0, 0, 1 ], [ 1, 1, 0, 0, 0 ], [ 1, -1, 0, 0, 0 ], [ 1, 0, 1, 0, 0 ], [ 1, 0, -1, 0, 0 ], [ 1, 0, 0, 1, 0 ], [ 1, 0, 0, -1, 0 ], [ 1, 0, 0, 0, 1 ], [ 1, 0, 0, 0, -1 ], [ 0, 1, 1, 0, 0 ], [ 0, 1, -1, 0, 0 ], [ 0, 1, 0, 1, 0 ], [ 0, 1, 0, -1, 0 ], [ 0, 1, 0, 0, 1 ], [ 0, 1, 0, 0, -1 ], [ 0, 0, 1, 1, 0 ], [ 0, 0, 1, -1, 0 ], [ 0, 0, 1, 0, 1 ], [ 0, 0, 1, 0, -1 ], [ 0, 0, 0, 1, 1 ], [ 0, 0, 0, 1, -1 ], [ 8, -7, -8, -6, 8 ], [ 5, -1, -5, 4, -3 ] ] ), rec(
candidateNumber := 91,
centralizerDimension := 7,
commonSingularChart := 5,
componentIndex := 1,
componentLabel := "unique C4 component",
cubicInvariantDimension := 7,
determinantImageOrder := 4,
exactCommonLocusTest := rec(
coefficientFieldConductor := 12,
exitCode := 0,
singularChart := 5,
singularOutput := "CF_EXACT_COMMON_SINGULAR_CHART_5\nCF_EXACT_COMMON_SINGULAR_POINT\nCF_SCRIPT_COMPLETED_OK\n",
status := "common_singular_point_exists" ),
familyDimension := 0,
familyIndexWithinCase := 3,
genericIndex := 1,
guessedCoefficients := [ 2, 5, 10, 17, 26, 37, 50 ],
guessedMemberTest := rec(
coefficientCandidates := [ [ 2, 5, 10, 17, 26, 37, 50 ], [ 1, 1, 1, 1, 1, 1, 1 ], [ 1, 2, 3, 4, 5, 6, 7 ], [ 1, -2, 3, -4, 5, -6, 7 ], [ 1, 0, 0, -1, 0, 0, 3 ], [ 1, 0, 0, 0, 0, 0, 0 ], [ 0, 1, 0, 0, 0, 0, 0 ], [ 0, 0, 1, 0, 0, 0, 0 ], [ 0, 0, 0, 1, 0, 0, 0 ], [ 0, 0, 0, 0, 1, 0, 0 ], [ 0, 0, 0, 0, 0, 1, 0 ], [ 0, 0, 0, 0, 0, 0, 1 ], [ 1, 1, 0, 0, 0, 0, 0 ], [ 1, -1, 0, 0, 0, 0, 0 ], [ 1, 0, 1, 0, 0, 0, 0 ], [ 1, 0, -1, 0, 0, 0, 0 ], [ 1, 0, 0, 1, 0, 0, 0 ], [ 1, 0, 0, -1, 0, 0, 0 ], [ 1, 0, 0, 0, 1, 0, 0 ], [ 1, 0, 0, 0, -1, 0, 0 ], [ 1, 0, 0, 0, 0, 1, 0 ], [ 1, 0, 0, 0, 0, -1, 0 ], [ 1, 0, 0, 0, 0, 0, 1 ], [ 1, 0, 0, 0, 0, 0, -1 ], [ 0, 1, 1, 0, 0, 0, 0 ], [ 0, 1, -1, 0, 0, 0, 0 ], [ 0, 1, 0, 1, 0, 0, 0 ], [ 0, 1, 0, -1, 0, 0, 0 ], [ 0, 1, 0, 0, 1, 0, 0 ], [ 0, 1, 0, 0, -1, 0, 0 ], [ 0, 1, 0, 0, 0, 1, 0 ], [ 0, 1, 0, 0, 0, -1, 0 ] ],
coefficientFieldConductor := 12,
exactTrials := [ rec(
coefficients := [ 2, 5, 10, 17, 26, 37, 50 ],
trial := rec(
coefficientFieldConductor := 12,
exitCode := 0,
singularChart := 3,
singularOutput := "CF_EXACT_SINGULAR_CHART_3\nCF_EXACT_SINGULAR\nCF_SCRIPT_COMPLETED_OK\n",
status := "exact_singular" ) ), rec(
coefficients := [ 1, 1, 1, 1, 1, 1, 1 ],
trial := rec(
coefficientFieldConductor := 12,
exitCode := 0,
singularChart := 3,
singularOutput := "CF_EXACT_SINGULAR_CHART_3\nCF_EXACT_SINGULAR\nCF_SCRIPT_COMPLETED_OK\n",
status := "exact_singular" ) ), rec(
coefficients := [ 1, 2, 3, 4, 5, 6, 7 ],
trial := rec(
coefficientFieldConductor := 12,
exitCode := 0,
singularChart := 3,
singularOutput := "CF_EXACT_SINGULAR_CHART_3\nCF_EXACT_SINGULAR\nCF_SCRIPT_COMPLETED_OK\n",
status := "exact_singular" ) ), rec(
coefficients := [ 1, -2, 3, -4, 5, -6, 7 ],
trial := rec(
coefficientFieldConductor := 12,
exitCode := 0,
singularChart := 3,
singularOutput := "CF_EXACT_SINGULAR_CHART_3\nCF_EXACT_SINGULAR\nCF_SCRIPT_COMPLETED_OK\n",
status := "exact_singular" ) ), rec(
coefficients := [ 1, 0, 0, -1, 0, 0, 3 ],
trial := rec(
coefficientFieldConductor := 12,
exitCode := 0,
singularChart := 3,
singularOutput := "CF_EXACT_SINGULAR_CHART_3\nCF_EXACT_SINGULAR\nCF_SCRIPT_COMPLETED_OK\n",
status := "exact_singular" ) ), rec(
coefficients := [ 1, 0, 0, 0, 0, 0, 0 ],
trial := rec(
coefficientFieldConductor := 12,
exitCode := 0,
singularChart := 1,
singularOutput := "CF_EXACT_SINGULAR_CHART_1\nCF_EXACT_SINGULAR\nCF_SCRIPT_COMPLETED_OK\n",
status := "exact_singular" ) ) ],
finiteFieldTrials := [ rec(
exitCode := 0,
numberOfMembersTested := 32,
prime := 13,
singularOutput := "CF_SINGULAR_MEMBER_1_END\nCF_SINGULAR_MEMBER_2_END\nCF_SINGULAR_MEMBER_3_END\nCF_SINGULAR_MEMBER_4_END\nCF_SINGULAR_MEMBER_5_END\nCF_SINGULAR_MEMBER_6_END\nCF_SINGULAR_MEMBER_7_END\nCF_SINGULAR_MEMBER_8_END\nCF_SINGULAR_MEMBER_9_END\nCF_SINGULAR_MEMBER_10_END\nCF_SINGULAR_MEMBER_11_END\nCF_SINGULAR_MEMBER_12_END\nCF_SINGULAR_MEMBER_13_END\nCF_SINGULAR_MEMBER_14_END\nCF_SINGULAR_MEMBER_15_END\nCF_SINGULAR_MEMBER_16_END\nCF_SINGULAR_MEMBER_17_END\nCF_SINGULAR_MEMBER_18_END\nCF_SINGULAR_MEMBER_19_END\nCF_SINGULAR_MEMBER_20_END\nCF_SINGULAR_MEMBER_21_END\nCF_SINGULAR_MEMBER_22_END\nCF_SINGULAR_MEMBER_23_END\nCF_SINGULAR_MEMBER_24_END\nCF_SINGULAR_MEMBER_25_END\nCF_SINGULAR_MEMBER_26_END\nCF_SINGULAR_MEMBER_27_END\nCF_SINGULAR_MEMBER_28_END\nCF_SINGULAR_MEMBER_29_END\nCF_SINGULAR_MEMBER_30_END\nCF_SINGULAR_MEMBER_31_END\nCF_SINGULAR_MEMBER_32_END\nCF_NO_SMOOTH_MEMBER\nCF_SCRIPT_COMPLETED_OK\n",
status := "no_smooth_in_batch",
witnessIndex := fail,
witnessVerificationPassed := false ), rec(
exitCode := 0,
numberOfMembersTested := 32,
prime := 37,
singularOutput := "CF_SINGULAR_MEMBER_1_END\nCF_SINGULAR_MEMBER_2_END\nCF_SINGULAR_MEMBER_3_END\nCF_SINGULAR_MEMBER_4_END\nCF_SINGULAR_MEMBER_5_END\nCF_SINGULAR_MEMBER_6_END\nCF_SINGULAR_MEMBER_7_END\nCF_SINGULAR_MEMBER_8_END\nCF_SINGULAR_MEMBER_9_END\nCF_SINGULAR_MEMBER_10_END\nCF_SINGULAR_MEMBER_11_END\nCF_SINGULAR_MEMBER_12_END\nCF_SINGULAR_MEMBER_13_END\nCF_SINGULAR_MEMBER_14_END\nCF_SINGULAR_MEMBER_15_END\nCF_SINGULAR_MEMBER_16_END\nCF_SINGULAR_MEMBER_17_END\nCF_SINGULAR_MEMBER_18_END\nCF_SINGULAR_MEMBER_19_END\nCF_SINGULAR_MEMBER_20_END\nCF_SINGULAR_MEMBER_21_END\nCF_SINGULAR_MEMBER_22_END\nCF_SINGULAR_MEMBER_23_END\nCF_SINGULAR_MEMBER_24_END\nCF_SINGULAR_MEMBER_25_END\nCF_SINGULAR_MEMBER_26_END\nCF_SINGULAR_MEMBER_27_END\nCF_SINGULAR_MEMBER_28_END\nCF_SINGULAR_MEMBER_29_END\nCF_SINGULAR_MEMBER_30_END\nCF_SINGULAR_MEMBER_31_END\nCF_SINGULAR_MEMBER_32_END\nCF_NO_SMOOTH_MEMBER\nCF_SCRIPT_COMPLETED_OK\n",
status := "no_smooth_in_batch",
witnessIndex := fail,
witnessVerificationPassed := false ), rec(
exitCode := 0,
numberOfMembersTested := 32,
prime := 61,
singularOutput := "CF_SINGULAR_MEMBER_1_END\nCF_SINGULAR_MEMBER_2_END\nCF_SINGULAR_MEMBER_3_END\nCF_SINGULAR_MEMBER_4_END\nCF_SINGULAR_MEMBER_5_END\nCF_SINGULAR_MEMBER_6_END\nCF_SINGULAR_MEMBER_7_END\nCF_SINGULAR_MEMBER_8_END\nCF_SINGULAR_MEMBER_9_END\nCF_SINGULAR_MEMBER_10_END\nCF_SINGULAR_MEMBER_11_END\nCF_SINGULAR_MEMBER_12_END\nCF_SINGULAR_MEMBER_13_END\nCF_SINGULAR_MEMBER_14_END\nCF_SINGULAR_MEMBER_15_END\nCF_SINGULAR_MEMBER_16_END\nCF_SINGULAR_MEMBER_17_END\nCF_SINGULAR_MEMBER_18_END\nCF_SINGULAR_MEMBER_19_END\nCF_SINGULAR_MEMBER_20_END\nCF_SINGULAR_MEMBER_21_END\nCF_SINGULAR_MEMBER_22_END\nCF_SINGULAR_MEMBER_23_END\nCF_SINGULAR_MEMBER_24_END\nCF_SINGULAR_MEMBER_25_END\nCF_SINGULAR_MEMBER_26_END\nCF_SINGULAR_MEMBER_27_END\nCF_SINGULAR_MEMBER_28_END\nCF_SINGULAR_MEMBER_29_END\nCF_SINGULAR_MEMBER_30_END\nCF_SINGULAR_MEMBER_31_END\nCF_SINGULAR_MEMBER_32_END\nCF_NO_SMOOTH_MEMBER\nCF_SCRIPT_COMPLETED_OK\n",
status := "no_smooth_in_batch",
witnessIndex := fail,
witnessVerificationPassed := false ) ],
method := "deterministic coefficient batch",
status := "no_smooth_witness" ),
guessedPolynomial := "(-9/8*E(12)^11)*x4*x6^2 + (2)*x4*x5^2 + (-45/16*E(12)^11)*x3*x6^2 + (5)*x3*x5^2 + (-95/9)*x2*x4^2 + (-323/18)*x2*x3*x4 + (-247/9)*x2*x3^2 + (75425/576)*x2^3 + (10)*x1*x4^2 + (17)*x1*x3*x4 + (26)*x1*x3^2 + (-1951/144)*x1*x2^2 + (37)*x1^2*x2 + (50)*x1^3",
isDirectKnownCase := false,
linearGId := [ 48, 24 ],
projectiveGId := [ 16, 6 ],
proofType := "the invariant basis has a nonempty exact common projective Jacobian locus",
status := "singular",
symplecticPart := "C4",
testedCoefficientCandidates := [ [ 2, 5, 10, 17, 26, 37, 50 ], [ 1, 1, 1, 1, 1, 1, 1 ], [ 1, 2, 3, 4, 5, 6, 7 ], [ 1, -2, 3, -4, 5, -6, 7 ], [ 1, 0, 0, -1, 0, 0, 3 ], [ 1, 0, 0, 0, 0, 0, 0 ], [ 0, 1, 0, 0, 0, 0, 0 ], [ 0, 0, 1, 0, 0, 0, 0 ], [ 0, 0, 0, 1, 0, 0, 0 ], [ 0, 0, 0, 0, 1, 0, 0 ], [ 0, 0, 0, 0, 0, 1, 0 ], [ 0, 0, 0, 0, 0, 0, 1 ], [ 1, 1, 0, 0, 0, 0, 0 ], [ 1, -1, 0, 0, 0, 0, 0 ], [ 1, 0, 1, 0, 0, 0, 0 ], [ 1, 0, -1, 0, 0, 0, 0 ], [ 1, 0, 0, 1, 0, 0, 0 ], [ 1, 0, 0, -1, 0, 0, 0 ], [ 1, 0, 0, 0, 1, 0, 0 ], [ 1, 0, 0, 0, -1, 0, 0 ], [ 1, 0, 0, 0, 0, 1, 0 ], [ 1, 0, 0, 0, 0, -1, 0 ], [ 1, 0, 0, 0, 0, 0, 1 ], [ 1, 0, 0, 0, 0, 0, -1 ], [ 0, 1, 1, 0, 0, 0, 0 ], [ 0, 1, -1, 0, 0, 0, 0 ], [ 0, 1, 0, 1, 0, 0, 0 ], [ 0, 1, 0, -1, 0, 0, 0 ], [ 0, 1, 0, 0, 1, 0, 0 ], [ 0, 1, 0, 0, -1, 0, 0 ], [ 0, 1, 0, 0, 0, 1, 0 ], [ 0, 1, 0, 0, 0, -1, 0 ] ] ), rec(
candidateNumber := 92,
centralizerDimension := 5,
componentIndex := 1,
componentLabel := "unique C4 component",
cubicInvariantDimension := 7,
determinantImageOrder := 4,
familyDimension := 2,
familyIndexWithinCase := 4,
genericIndex := 1,
guessedCoefficients := [ 2, 5, 10, 17, 26, 37, 50 ],
guessedMemberTest := rec(
coefficientCandidates := [ [ 2, 5, 10, 17, 26, 37, 50 ], [ 1, 1, 1, 1, 1, 1, 1 ], [ 1, 2, 3, 4, 5, 6, 7 ], [ 1, -2, 3, -4, 5, -6, 7 ], [ 1, 0, 0, -1, 0, 0, 3 ], [ 1, 0, 0, 0, 0, 0, 0 ], [ 0, 1, 0, 0, 0, 0, 0 ], [ 0, 0, 1, 0, 0, 0, 0 ], [ 0, 0, 0, 1, 0, 0, 0 ], [ 0, 0, 0, 0, 1, 0, 0 ], [ 0, 0, 0, 0, 0, 1, 0 ], [ 0, 0, 0, 0, 0, 0, 1 ], [ 1, 1, 0, 0, 0, 0, 0 ], [ 1, -1, 0, 0, 0, 0, 0 ], [ 1, 0, 1, 0, 0, 0, 0 ], [ 1, 0, -1, 0, 0, 0, 0 ], [ 1, 0, 0, 1, 0, 0, 0 ], [ 1, 0, 0, -1, 0, 0, 0 ], [ 1, 0, 0, 0, 1, 0, 0 ], [ 1, 0, 0, 0, -1, 0, 0 ], [ 1, 0, 0, 0, 0, 1, 0 ], [ 1, 0, 0, 0, 0, -1, 0 ], [ 1, 0, 0, 0, 0, 0, 1 ], [ 1, 0, 0, 0, 0, 0, -1 ], [ 0, 1, 1, 0, 0, 0, 0 ], [ 0, 1, -1, 0, 0, 0, 0 ], [ 0, 1, 0, 1, 0, 0, 0 ], [ 0, 1, 0, -1, 0, 0, 0 ], [ 0, 1, 0, 0, 1, 0, 0 ], [ 0, 1, 0, 0, -1, 0, 0 ], [ 0, 1, 0, 0, 0, 1, 0 ], [ 0, 1, 0, 0, 0, -1, 0 ] ],
coefficientFieldConductor := 12,
exactTrials := [  ],
finiteFieldTrials := [ rec(
exitCode := 0,
numberOfMembersTested := 32,
prime := 13,
singularOutput := "CF_SMOOTH_MEMBER_1_END\nCF_SCRIPT_COMPLETED_OK\n",
status := "smooth",
witnessIndex := 1,
witnessVerificationPassed := true ) ],
member := rec(
coefficients := [ 2, 5, 10, 17, 26, 37, 50 ],
monomialCoefficients := [ 0, 0, 0, 0, -21/40*E(12)^4-21/40*E(12)^8-99/256*E(12)^11, 0, -21/16*E(12)^4+22/45*E(12)^7-21/16*E(12)^8, 0, 0, 0, 2, 0, 5, 0, 0, 0, 0, 0, 0, 0, 0, 0, 0, 0, 0, -8693/242, 0, 0, -1238353/4356, -194119/363, 0, 0, 0, 0, 75425/576, 0, 0, 0, 0, 0, 10, 0, 0, 17, 26, 0, 0, 0, 0, -1951/144, 0, 0, 0, 0, 37, 50 ],
polynomial := "(-21/40*E(12)^4-21/40*E(12)^8-99/256*E(12)^11)*x4*x6^2 + (-21/16*E(12)^4+22/45*E(12)^7-21/16*E(12)^8)*x4*x5^2 + (2)*x3*x6^2 + (5)*x3*x5^2 + (-8693/242)*x2*x4^2 + (-1238353/4356)*x2*x3*x4 + (-194119/363)*x2*x3^2 + (75425/576)*x2^3 + (10)*x1*x4^2 + (17)*x1*x3*x4 + (26)*x1*x3^2 + (-1951/144)*x1*x2^2 + (37)*x1^2*x2 + (50)*x1^3" ),
method := "smooth reduction at a good split prime",
status := "smooth",
witnessPrime := 13 ),
isDirectKnownCase := false,
linearGId := [ 48, 24 ],
projectiveGId := [ 16, 6 ],
proofType := "an explicit member of the invariant cubic family is smooth",
smoothPolynomial := "(-21/40*E(12)^4-21/40*E(12)^8-99/256*E(12)^11)*x4*x6^2 + (-21/16*E(12)^4+22/45*E(12)^7-21/16*E(12)^8)*x4*x5^2 + (2)*x3*x6^2 + (5)*x3*x5^2 + (-8693/242)*x2*x4^2 + (-1238353/4356)*x2*x3*x4 + (-194119/363)*x2*x3^2 + (75425/576)*x2^3 + (10)*x1*x4^2 + (17)*x1*x3*x4 + (26)*x1*x3^2 + (-1951/144)*x1*x2^2 + (37)*x1^2*x2 + (50)*x1^3",
status := "smooth",
symplecticPart := "C4",
testedCoefficientCandidates := [ [ 2, 5, 10, 17, 26, 37, 50 ], [ 1, 1, 1, 1, 1, 1, 1 ], [ 1, 2, 3, 4, 5, 6, 7 ], [ 1, -2, 3, -4, 5, -6, 7 ], [ 1, 0, 0, -1, 0, 0, 3 ], [ 1, 0, 0, 0, 0, 0, 0 ], [ 0, 1, 0, 0, 0, 0, 0 ], [ 0, 0, 1, 0, 0, 0, 0 ], [ 0, 0, 0, 1, 0, 0, 0 ], [ 0, 0, 0, 0, 1, 0, 0 ], [ 0, 0, 0, 0, 0, 1, 0 ], [ 0, 0, 0, 0, 0, 0, 1 ], [ 1, 1, 0, 0, 0, 0, 0 ], [ 1, -1, 0, 0, 0, 0, 0 ], [ 1, 0, 1, 0, 0, 0, 0 ], [ 1, 0, -1, 0, 0, 0, 0 ], [ 1, 0, 0, 1, 0, 0, 0 ], [ 1, 0, 0, -1, 0, 0, 0 ], [ 1, 0, 0, 0, 1, 0, 0 ], [ 1, 0, 0, 0, -1, 0, 0 ], [ 1, 0, 0, 0, 0, 1, 0 ], [ 1, 0, 0, 0, 0, -1, 0 ], [ 1, 0, 0, 0, 0, 0, 1 ], [ 1, 0, 0, 0, 0, 0, -1 ], [ 0, 1, 1, 0, 0, 0, 0 ], [ 0, 1, -1, 0, 0, 0, 0 ], [ 0, 1, 0, 1, 0, 0, 0 ], [ 0, 1, 0, -1, 0, 0, 0 ], [ 0, 1, 0, 0, 1, 0, 0 ], [ 0, 1, 0, 0, -1, 0, 0 ], [ 0, 1, 0, 0, 0, 1, 0 ], [ 0, 1, 0, 0, 0, -1, 0 ] ] ), rec(
candidateNumber := 93,
centralizerDimension := 5,
commonSingularPoint := [ 0, 0, 0, 0, 1, 0 ],
componentIndex := 1,
componentLabel := "unique C4 component",
cubicInvariantDimension := 5,
determinantImageOrder := 4,
familyDimension := 0,
familyIndexWithinCase := 5,
genericIndex := 1,
guessedMemberTest := rec(
status := "not_run" ),
isDirectKnownCase := false,
linearGId := [ 48, 24 ],
linearVariables := [ 5, 6 ],
projectiveGId := [ 16, 6 ],
proofType := "a variable has exponent at most one throughout the family",
status := "singular",
symplecticPart := "C4" ), rec(
candidateNumber := 94,
centralizerDimension := 7,
commonSingularChart := 3,
componentIndex := 1,
componentLabel := "unique C4 component",
cubicInvariantDimension := 8,
determinantImageOrder := 4,
exactCommonLocusTest := rec(
coefficientFieldConductor := 12,
exitCode := 0,
singularChart := 3,
singularOutput := "CF_EXACT_COMMON_SINGULAR_CHART_3\nCF_EXACT_COMMON_SINGULAR_POINT\nCF_SCRIPT_COMPLETED_OK\n",
status := "common_singular_point_exists" ),
familyDimension := 1,
familyIndexWithinCase := 6,
genericIndex := 1,
guessedCoefficients := [ 2, 5, 10, 17, 26, 37, 50, 65 ],
guessedMemberTest := rec(
coefficientCandidates := [ [ 2, 5, 10, 17, 26, 37, 50, 65 ], [ 1, 1, 1, 1, 1, 1, 1, 1 ], [ 1, 2, 3, 4, 5, 6, 7, 8 ], [ 1, -2, 3, -4, 5, -6, 7, -8 ], [ 1, 0, 0, -1, 0, 0, 0, 3 ], [ 1, 0, 0, 0, 0, 0, 0, 0 ], [ 0, 1, 0, 0, 0, 0, 0, 0 ], [ 0, 0, 1, 0, 0, 0, 0, 0 ], [ 0, 0, 0, 1, 0, 0, 0, 0 ], [ 0, 0, 0, 0, 1, 0, 0, 0 ], [ 0, 0, 0, 0, 0, 1, 0, 0 ], [ 0, 0, 0, 0, 0, 0, 1, 0 ], [ 0, 0, 0, 0, 0, 0, 0, 1 ], [ 1, 1, 0, 0, 0, 0, 0, 0 ], [ 1, -1, 0, 0, 0, 0, 0, 0 ], [ 1, 0, 1, 0, 0, 0, 0, 0 ], [ 1, 0, -1, 0, 0, 0, 0, 0 ], [ 1, 0, 0, 1, 0, 0, 0, 0 ], [ 1, 0, 0, -1, 0, 0, 0, 0 ], [ 1, 0, 0, 0, 1, 0, 0, 0 ], [ 1, 0, 0, 0, -1, 0, 0, 0 ], [ 1, 0, 0, 0, 0, 1, 0, 0 ], [ 1, 0, 0, 0, 0, -1, 0, 0 ], [ 1, 0, 0, 0, 0, 0, 1, 0 ], [ 1, 0, 0, 0, 0, 0, -1, 0 ], [ 1, 0, 0, 0, 0, 0, 0, 1 ], [ 1, 0, 0, 0, 0, 0, 0, -1 ], [ 0, 1, 1, 0, 0, 0, 0, 0 ], [ 0, 1, -1, 0, 0, 0, 0, 0 ], [ 0, 1, 0, 1, 0, 0, 0, 0 ], [ 0, 1, 0, -1, 0, 0, 0, 0 ], [ 0, 1, 0, 0, 1, 0, 0, 0 ] ],
coefficientFieldConductor := 12,
exactTrials := [ rec(
coefficients := [ 2, 5, 10, 17, 26, 37, 50, 65 ],
trial := rec(
coefficientFieldConductor := 12,
exitCode := 0,
singularChart := 3,
singularOutput := "CF_EXACT_SINGULAR_CHART_3\nCF_EXACT_SINGULAR\nCF_SCRIPT_COMPLETED_OK\n",
status := "exact_singular" ) ), rec(
coefficients := [ 1, 1, 1, 1, 1, 1, 1, 1 ],
trial := rec(
coefficientFieldConductor := 12,
exitCode := 0,
singularChart := 1,
singularOutput := "CF_EXACT_SINGULAR_CHART_1\nCF_EXACT_SINGULAR\nCF_SCRIPT_COMPLETED_OK\n",
status := "exact_singular" ) ), rec(
coefficients := [ 1, 2, 3, 4, 5, 6, 7, 8 ],
trial := rec(
coefficientFieldConductor := 12,
exitCode := 0,
singularChart := 3,
singularOutput := "CF_EXACT_SINGULAR_CHART_3\nCF_EXACT_SINGULAR\nCF_SCRIPT_COMPLETED_OK\n",
status := "exact_singular" ) ), rec(
coefficients := [ 1, -2, 3, -4, 5, -6, 7, -8 ],
trial := rec(
coefficientFieldConductor := 12,
exitCode := 0,
singularChart := 3,
singularOutput := "CF_EXACT_SINGULAR_CHART_3\nCF_EXACT_SINGULAR\nCF_SCRIPT_COMPLETED_OK\n",
status := "exact_singular" ) ), rec(
coefficients := [ 1, 0, 0, -1, 0, 0, 0, 3 ],
trial := rec(
coefficientFieldConductor := 12,
exitCode := 0,
singularChart := 3,
singularOutput := "CF_EXACT_SINGULAR_CHART_3\nCF_EXACT_SINGULAR\nCF_SCRIPT_COMPLETED_OK\n",
status := "exact_singular" ) ), rec(
coefficients := [ 1, 0, 0, 0, 0, 0, 0, 0 ],
trial := rec(
coefficientFieldConductor := 12,
exitCode := 0,
singularChart := 1,
singularOutput := "CF_EXACT_SINGULAR_CHART_1\nCF_EXACT_SINGULAR\nCF_SCRIPT_COMPLETED_OK\n",
status := "exact_singular" ) ) ],
finiteFieldTrials := [ rec(
exitCode := 0,
numberOfMembersTested := 32,
prime := 13,
singularOutput := "CF_SINGULAR_MEMBER_1_END\nCF_SINGULAR_MEMBER_2_END\nCF_SINGULAR_MEMBER_3_END\nCF_SINGULAR_MEMBER_4_END\nCF_SINGULAR_MEMBER_5_END\nCF_SINGULAR_MEMBER_6_END\nCF_SINGULAR_MEMBER_7_END\nCF_SINGULAR_MEMBER_8_END\nCF_SINGULAR_MEMBER_9_END\nCF_SINGULAR_MEMBER_10_END\nCF_SINGULAR_MEMBER_11_END\nCF_SINGULAR_MEMBER_12_END\nCF_SINGULAR_MEMBER_13_END\nCF_SINGULAR_MEMBER_14_END\nCF_SINGULAR_MEMBER_15_END\nCF_SINGULAR_MEMBER_16_END\nCF_SINGULAR_MEMBER_17_END\nCF_SINGULAR_MEMBER_18_END\nCF_SINGULAR_MEMBER_19_END\nCF_SINGULAR_MEMBER_20_END\nCF_SINGULAR_MEMBER_21_END\nCF_SINGULAR_MEMBER_22_END\nCF_SINGULAR_MEMBER_23_END\nCF_SINGULAR_MEMBER_24_END\nCF_SINGULAR_MEMBER_25_END\nCF_SINGULAR_MEMBER_26_END\nCF_SINGULAR_MEMBER_27_END\nCF_SINGULAR_MEMBER_28_END\nCF_SINGULAR_MEMBER_29_END\nCF_SINGULAR_MEMBER_30_END\nCF_SINGULAR_MEMBER_31_END\nCF_SINGULAR_MEMBER_32_END\nCF_NO_SMOOTH_MEMBER\nCF_SCRIPT_COMPLETED_OK\n",
status := "no_smooth_in_batch",
witnessIndex := fail,
witnessVerificationPassed := false ), rec(
exitCode := 0,
numberOfMembersTested := 32,
prime := 37,
singularOutput := "CF_SINGULAR_MEMBER_1_END\nCF_SINGULAR_MEMBER_2_END\nCF_SINGULAR_MEMBER_3_END\nCF_SINGULAR_MEMBER_4_END\nCF_SINGULAR_MEMBER_5_END\nCF_SINGULAR_MEMBER_6_END\nCF_SINGULAR_MEMBER_7_END\nCF_SINGULAR_MEMBER_8_END\nCF_SINGULAR_MEMBER_9_END\nCF_SINGULAR_MEMBER_10_END\nCF_SINGULAR_MEMBER_11_END\nCF_SINGULAR_MEMBER_12_END\nCF_SINGULAR_MEMBER_13_END\nCF_SINGULAR_MEMBER_14_END\nCF_SINGULAR_MEMBER_15_END\nCF_SINGULAR_MEMBER_16_END\nCF_SINGULAR_MEMBER_17_END\nCF_SINGULAR_MEMBER_18_END\nCF_SINGULAR_MEMBER_19_END\nCF_SINGULAR_MEMBER_20_END\nCF_SINGULAR_MEMBER_21_END\nCF_SINGULAR_MEMBER_22_END\nCF_SINGULAR_MEMBER_23_END\nCF_SINGULAR_MEMBER_24_END\nCF_SINGULAR_MEMBER_25_END\nCF_SINGULAR_MEMBER_26_END\nCF_SINGULAR_MEMBER_27_END\nCF_SINGULAR_MEMBER_28_END\nCF_SINGULAR_MEMBER_29_END\nCF_SINGULAR_MEMBER_30_END\nCF_SINGULAR_MEMBER_31_END\nCF_SINGULAR_MEMBER_32_END\nCF_NO_SMOOTH_MEMBER\nCF_SCRIPT_COMPLETED_OK\n",
status := "no_smooth_in_batch",
witnessIndex := fail,
witnessVerificationPassed := false ), rec(
exitCode := 0,
numberOfMembersTested := 32,
prime := 61,
singularOutput := "CF_SINGULAR_MEMBER_1_END\nCF_SINGULAR_MEMBER_2_END\nCF_SINGULAR_MEMBER_3_END\nCF_SINGULAR_MEMBER_4_END\nCF_SINGULAR_MEMBER_5_END\nCF_SINGULAR_MEMBER_6_END\nCF_SINGULAR_MEMBER_7_END\nCF_SINGULAR_MEMBER_8_END\nCF_SINGULAR_MEMBER_9_END\nCF_SINGULAR_MEMBER_10_END\nCF_SINGULAR_MEMBER_11_END\nCF_SINGULAR_MEMBER_12_END\nCF_SINGULAR_MEMBER_13_END\nCF_SINGULAR_MEMBER_14_END\nCF_SINGULAR_MEMBER_15_END\nCF_SINGULAR_MEMBER_16_END\nCF_SINGULAR_MEMBER_17_END\nCF_SINGULAR_MEMBER_18_END\nCF_SINGULAR_MEMBER_19_END\nCF_SINGULAR_MEMBER_20_END\nCF_SINGULAR_MEMBER_21_END\nCF_SINGULAR_MEMBER_22_END\nCF_SINGULAR_MEMBER_23_END\nCF_SINGULAR_MEMBER_24_END\nCF_SINGULAR_MEMBER_25_END\nCF_SINGULAR_MEMBER_26_END\nCF_SINGULAR_MEMBER_27_END\nCF_SINGULAR_MEMBER_28_END\nCF_SINGULAR_MEMBER_29_END\nCF_SINGULAR_MEMBER_30_END\nCF_SINGULAR_MEMBER_31_END\nCF_SINGULAR_MEMBER_32_END\nCF_NO_SMOOTH_MEMBER\nCF_SCRIPT_COMPLETED_OK\n",
status := "no_smooth_in_batch",
witnessIndex := fail,
witnessVerificationPassed := false ) ],
method := "deterministic coefficient batch",
status := "no_smooth_witness" ),
guessedPolynomial := "(-21/40*E(12)^4-21/40*E(12)^8-99/256*E(12)^11)*x4*x6^2 + (-21/16*E(12)^4+22/45*E(12)^7-21/16*E(12)^8)*x4*x5^2 + (2)*x3*x6^2 + (5)*x3*x5^2 + (1/2)*x2*x4^2 + (21/4)*x2*x3*x4 + (10)*x2*x3^2 + (17)*x2^3 + (13/10)*x1*x4^2 + (273/20)*x1*x3*x4 + (26)*x1*x3^2 + (37)*x1*x2^2 + (50)*x1^2*x2 + (65)*x1^3",
isDirectKnownCase := false,
linearGId := [ 48, 24 ],
projectiveGId := [ 16, 6 ],
proofType := "the invariant basis has a nonempty exact common projective Jacobian locus",
status := "singular",
symplecticPart := "C4",
testedCoefficientCandidates := [ [ 2, 5, 10, 17, 26, 37, 50, 65 ], [ 1, 1, 1, 1, 1, 1, 1, 1 ], [ 1, 2, 3, 4, 5, 6, 7, 8 ], [ 1, -2, 3, -4, 5, -6, 7, -8 ], [ 1, 0, 0, -1, 0, 0, 0, 3 ], [ 1, 0, 0, 0, 0, 0, 0, 0 ], [ 0, 1, 0, 0, 0, 0, 0, 0 ], [ 0, 0, 1, 0, 0, 0, 0, 0 ], [ 0, 0, 0, 1, 0, 0, 0, 0 ], [ 0, 0, 0, 0, 1, 0, 0, 0 ], [ 0, 0, 0, 0, 0, 1, 0, 0 ], [ 0, 0, 0, 0, 0, 0, 1, 0 ], [ 0, 0, 0, 0, 0, 0, 0, 1 ], [ 1, 1, 0, 0, 0, 0, 0, 0 ], [ 1, -1, 0, 0, 0, 0, 0, 0 ], [ 1, 0, 1, 0, 0, 0, 0, 0 ], [ 1, 0, -1, 0, 0, 0, 0, 0 ], [ 1, 0, 0, 1, 0, 0, 0, 0 ], [ 1, 0, 0, -1, 0, 0, 0, 0 ], [ 1, 0, 0, 0, 1, 0, 0, 0 ], [ 1, 0, 0, 0, -1, 0, 0, 0 ], [ 1, 0, 0, 0, 0, 1, 0, 0 ], [ 1, 0, 0, 0, 0, -1, 0, 0 ], [ 1, 0, 0, 0, 0, 0, 1, 0 ], [ 1, 0, 0, 0, 0, 0, -1, 0 ], [ 1, 0, 0, 0, 0, 0, 0, 1 ], [ 1, 0, 0, 0, 0, 0, 0, -1 ], [ 0, 1, 1, 0, 0, 0, 0, 0 ], [ 0, 1, -1, 0, 0, 0, 0, 0 ], [ 0, 1, 0, 1, 0, 0, 0, 0 ], [ 0, 1, 0, -1, 0, 0, 0, 0 ], [ 0, 1, 0, 0, 1, 0, 0, 0 ] ] ), rec(
candidateNumber := 95,
centralizerDimension := 9,
commonSingularPoint := [ 0, 0, 0, 0, 1, 0 ],
componentIndex := 1,
componentLabel := "unique C4 component",
cubicInvariantDimension := 10,
determinantImageOrder := 4,
familyDimension := 1,
familyIndexWithinCase := 7,
genericIndex := 1,
guessedMemberTest := rec(
status := "not_run" ),
isDirectKnownCase := false,
linearGId := [ 48, 24 ],
linearVariables := [ 5, 6 ],
projectiveGId := [ 16, 6 ],
proofType := "a variable has exponent at most one throughout the family",
status := "singular",
symplecticPart := "C4" ), rec(
candidateNumber := 96,
centralizerDimension := 7,
commonSingularPoint := [ 0, 0, 0, 0, 1, 0 ],
componentIndex := 1,
componentLabel := "unique C4 component",
cubicInvariantDimension := 8,
determinantImageOrder := 4,
familyDimension := 1,
familyIndexWithinCase := 8,
genericIndex := 1,
guessedMemberTest := rec(
status := "not_run" ),
isDirectKnownCase := false,
linearGId := [ 48, 24 ],
linearVariables := [ 5, 6 ],
projectiveGId := [ 16, 6 ],
proofType := "a variable has exponent at most one throughout the family",
status := "singular",
symplecticPart := "C4" ), rec(
candidateNumber := 97,
centralizerDimension := 8,
componentIndex := 1,
componentLabel := "Koike (3.6), generic index 1",
cubicInvariantDimension := 14,
determinantImageOrder := 1,
familyDimension := 6,
familyIndexWithinCase := 1,
genericIndex := 1,
guessedCoefficients := [ 1, -2, 3, -4, 5, -6, 7, -8, 9, -10, 11, -12, 13, -14 ],
guessedMemberTest := rec(
coefficientCandidates := [ [ 2, 5, 10, 17, 26, 37, 50, 65, 82, 101, 122, 145, 170, 197 ], [ 1, 1, 1, 1, 1, 1, 1, 1, 1, 1, 1, 1, 1, 1 ], [ 1, 2, 3, 4, 5, 6, 7, 8, 9, 10, 11, 12, 13, 14 ], [ 1, -2, 3, -4, 5, -6, 7, -8, 9, -10, 11, -12, 13, -14 ], [ 1, 0, 0, 0, 0, 0, -1, 0, 0, 0, 0, 0, 0, 3 ], [ 1, 0, 0, 0, 0, 0, 0, 0, 0, 0, 0, 0, 0, 0 ], [ 0, 1, 0, 0, 0, 0, 0, 0, 0, 0, 0, 0, 0, 0 ], [ 0, 0, 1, 0, 0, 0, 0, 0, 0, 0, 0, 0, 0, 0 ], [ 0, 0, 0, 1, 0, 0, 0, 0, 0, 0, 0, 0, 0, 0 ], [ 0, 0, 0, 0, 1, 0, 0, 0, 0, 0, 0, 0, 0, 0 ], [ 0, 0, 0, 0, 0, 1, 0, 0, 0, 0, 0, 0, 0, 0 ], [ 0, 0, 0, 0, 0, 0, 1, 0, 0, 0, 0, 0, 0, 0 ], [ 0, 0, 0, 0, 0, 0, 0, 1, 0, 0, 0, 0, 0, 0 ], [ 0, 0, 0, 0, 0, 0, 0, 0, 1, 0, 0, 0, 0, 0 ], [ 0, 0, 0, 0, 0, 0, 0, 0, 0, 1, 0, 0, 0, 0 ], [ 0, 0, 0, 0, 0, 0, 0, 0, 0, 0, 1, 0, 0, 0 ], [ 0, 0, 0, 0, 0, 0, 0, 0, 0, 0, 0, 1, 0, 0 ], [ 0, 0, 0, 0, 0, 0, 0, 0, 0, 0, 0, 0, 1, 0 ], [ 0, 0, 0, 0, 0, 0, 0, 0, 0, 0, 0, 0, 0, 1 ], [ 1, 1, 0, 0, 0, 0, 0, 0, 0, 0, 0, 0, 0, 0 ], [ 1, -1, 0, 0, 0, 0, 0, 0, 0, 0, 0, 0, 0, 0 ], [ 1, 0, 1, 0, 0, 0, 0, 0, 0, 0, 0, 0, 0, 0 ], [ 1, 0, -1, 0, 0, 0, 0, 0, 0, 0, 0, 0, 0, 0 ], [ 1, 0, 0, 1, 0, 0, 0, 0, 0, 0, 0, 0, 0, 0 ], [ 1, 0, 0, -1, 0, 0, 0, 0, 0, 0, 0, 0, 0, 0 ], [ 1, 0, 0, 0, 1, 0, 0, 0, 0, 0, 0, 0, 0, 0 ], [ 1, 0, 0, 0, -1, 0, 0, 0, 0, 0, 0, 0, 0, 0 ], [ 1, 0, 0, 0, 0, 1, 0, 0, 0, 0, 0, 0, 0, 0 ], [ 1, 0, 0, 0, 0, -1, 0, 0, 0, 0, 0, 0, 0, 0 ], [ 1, 0, 0, 0, 0, 0, 1, 0, 0, 0, 0, 0, 0, 0 ], [ 1, 0, 0, 0, 0, 0, -1, 0, 0, 0, 0, 0, 0, 0 ], [ 1, 0, 0, 0, 0, 0, 0, 1, 0, 0, 0, 0, 0, 0 ] ],
coefficientFieldConductor := 1,
exactTrials := [  ],
finiteFieldTrials := [ rec(
exitCode := 0,
numberOfMembersTested := 32,
prime := 5,
singularOutput := "CF_SINGULAR_MEMBER_1_END\nCF_SINGULAR_MEMBER_2_END\nCF_SINGULAR_MEMBER_3_END\nCF_SINGULAR_MEMBER_4_END\nCF_SINGULAR_MEMBER_5_END\nCF_SINGULAR_MEMBER_6_END\nCF_SINGULAR_MEMBER_7_END\nCF_SINGULAR_MEMBER_8_END\nCF_SINGULAR_MEMBER_9_END\nCF_SINGULAR_MEMBER_10_END\nCF_SINGULAR_MEMBER_11_END\nCF_SINGULAR_MEMBER_12_END\nCF_SINGULAR_MEMBER_13_END\nCF_SINGULAR_MEMBER_14_END\nCF_SINGULAR_MEMBER_15_END\nCF_SINGULAR_MEMBER_16_END\nCF_SINGULAR_MEMBER_17_END\nCF_SINGULAR_MEMBER_18_END\nCF_SINGULAR_MEMBER_19_END\nCF_SINGULAR_MEMBER_20_END\nCF_SINGULAR_MEMBER_21_END\nCF_SINGULAR_MEMBER_22_END\nCF_SINGULAR_MEMBER_23_END\nCF_SINGULAR_MEMBER_24_END\nCF_SINGULAR_MEMBER_25_END\nCF_SINGULAR_MEMBER_26_END\nCF_SINGULAR_MEMBER_27_END\nCF_SINGULAR_MEMBER_28_END\nCF_SINGULAR_MEMBER_29_END\nCF_SINGULAR_MEMBER_30_END\nCF_SINGULAR_MEMBER_31_END\nCF_SINGULAR_MEMBER_32_END\nCF_NO_SMOOTH_MEMBER\nCF_SCRIPT_COMPLETED_OK\n",
status := "no_smooth_in_batch",
witnessIndex := fail,
witnessVerificationPassed := false ), rec(
exitCode := 0,
numberOfMembersTested := 32,
prime := 7,
singularOutput := "CF_SINGULAR_MEMBER_1_END\nCF_SINGULAR_MEMBER_2_END\nCF_SINGULAR_MEMBER_3_END\nCF_SMOOTH_MEMBER_4_END\nCF_SCRIPT_COMPLETED_OK\n",
status := "smooth",
witnessIndex := 4,
witnessVerificationPassed := true ) ],
member := rec(
coefficients := [ 1, -2, 3, -4, 5, -6, 7, -8, 9, -10, 11, -12, 13, -14 ],
monomialCoefficients := [ 3, -2, -2, 3, -2, 1, -2, -2, -2, 3, 7, -6, 5, -6, -4, 5, -12, 11, 11, -14, 5, -6, 7, -4, -6, 5, 9, 9, -8, 13, 11, -12, 11, 13, -14, 5, -4, 5, -6, -6, 7, 9, -8, 9, 13, -8, 9, 9, -10, 13, 11, 11, -12, 13, 13, -14 ],
polynomial := "(3)*x6^3 + (-2)*x5*x6^2 + (-2)*x5^2*x6 + (3)*x5^3 + (-2)*x4*x6^2 + x4*x5*x6 + (-2)*x4*x5^2 + (-2)*x4^2*x6 + (-2)*x4^2*x5 + (3)*x4^3 + (7)*x3*x6^2 + (-6)*x3*x5*x6 + (5)*x3*x5^2 + (-6)*x3*x4*x6 + (-4)*x3*x4*x5 + (5)*x3*x4^2 + (-12)*x3^2*x6 + (11)*x3^2*x5 + (11)*x3^2*x4 + (-14)*x3^3 + (5)*x2*x6^2 + (-6)*x2*x5*x6 + (7)*x2*x5^2 + (-4)*x2*x4*x6 + (-6)*x2*x4*x5 + (5)*x2*x4^2 + (9)*x2*x3*x6 + (9)*x2*x3*x5 + (-8)*x2*x3*x4 + (13)*x2*x3^2 + (11)*x2^2*x6 + (-12)*x2^2*x5 + (11)*x2^2*x4 + (13)*x2^2*x3 + (-14)*x2^3 + (5)*x1*x6^2 + (-4)*x1*x5*x6 + (5)*x1*x5^2 + (-6)*x1*x4*x6 + (-6)*x1*x4*x5 + (7)*x1*x4^2 + (9)*x1*x3*x6 + (-8)*x1*x3*x5 + (9)*x1*x3*x4 + (13)*x1*x3^2 + (-8)*x1*x2*x6 + (9)*x1*x2*x5 + (9)*x1*x2*x4 + (-10)*x1*x2*x3 + (13)*x1*x2^2 + (11)*x1^2*x6 + (11)*x1^2*x5 + (-12)*x1^2*x4 + (13)*x1^2*x3 + (13)*x1^2*x2 + (-14)*x1^3" ),
method := "smooth reduction at a good split prime",
status := "smooth",
witnessPrime := 7 ),
isDirectKnownCase := false,
linearGId := [ 18, 3 ],
projectiveGId := [ 6, 1 ],
proofType := "an explicit member of the invariant cubic family is smooth",
smoothPolynomial := "(3)*x6^3 + (-2)*x5*x6^2 + (-2)*x5^2*x6 + (3)*x5^3 + (-2)*x4*x6^2 + x4*x5*x6 + (-2)*x4*x5^2 + (-2)*x4^2*x6 + (-2)*x4^2*x5 + (3)*x4^3 + (7)*x3*x6^2 + (-6)*x3*x5*x6 + (5)*x3*x5^2 + (-6)*x3*x4*x6 + (-4)*x3*x4*x5 + (5)*x3*x4^2 + (-12)*x3^2*x6 + (11)*x3^2*x5 + (11)*x3^2*x4 + (-14)*x3^3 + (5)*x2*x6^2 + (-6)*x2*x5*x6 + (7)*x2*x5^2 + (-4)*x2*x4*x6 + (-6)*x2*x4*x5 + (5)*x2*x4^2 + (9)*x2*x3*x6 + (9)*x2*x3*x5 + (-8)*x2*x3*x4 + (13)*x2*x3^2 + (11)*x2^2*x6 + (-12)*x2^2*x5 + (11)*x2^2*x4 + (13)*x2^2*x3 + (-14)*x2^3 + (5)*x1*x6^2 + (-4)*x1*x5*x6 + (5)*x1*x5^2 + (-6)*x1*x4*x6 + (-6)*x1*x4*x5 + (7)*x1*x4^2 + (9)*x1*x3*x6 + (-8)*x1*x3*x5 + (9)*x1*x3*x4 + (13)*x1*x3^2 + (-8)*x1*x2*x6 + (9)*x1*x2*x5 + (9)*x1*x2*x4 + (-10)*x1*x2*x3 + (13)*x1*x2^2 + (11)*x1^2*x6 + (11)*x1^2*x5 + (-12)*x1^2*x4 + (13)*x1^2*x3 + (13)*x1^2*x2 + (-14)*x1^3",
status := "smooth",
symplecticPart := "S3",
testedCoefficientCandidates := [ [ 2, 5, 10, 17, 26, 37, 50, 65, 82, 101, 122, 145, 170, 197 ], [ 1, 1, 1, 1, 1, 1, 1, 1, 1, 1, 1, 1, 1, 1 ], [ 1, 2, 3, 4, 5, 6, 7, 8, 9, 10, 11, 12, 13, 14 ], [ 1, -2, 3, -4, 5, -6, 7, -8, 9, -10, 11, -12, 13, -14 ], [ 1, 0, 0, 0, 0, 0, -1, 0, 0, 0, 0, 0, 0, 3 ], [ 1, 0, 0, 0, 0, 0, 0, 0, 0, 0, 0, 0, 0, 0 ], [ 0, 1, 0, 0, 0, 0, 0, 0, 0, 0, 0, 0, 0, 0 ], [ 0, 0, 1, 0, 0, 0, 0, 0, 0, 0, 0, 0, 0, 0 ], [ 0, 0, 0, 1, 0, 0, 0, 0, 0, 0, 0, 0, 0, 0 ], [ 0, 0, 0, 0, 1, 0, 0, 0, 0, 0, 0, 0, 0, 0 ], [ 0, 0, 0, 0, 0, 1, 0, 0, 0, 0, 0, 0, 0, 0 ], [ 0, 0, 0, 0, 0, 0, 1, 0, 0, 0, 0, 0, 0, 0 ], [ 0, 0, 0, 0, 0, 0, 0, 1, 0, 0, 0, 0, 0, 0 ], [ 0, 0, 0, 0, 0, 0, 0, 0, 1, 0, 0, 0, 0, 0 ], [ 0, 0, 0, 0, 0, 0, 0, 0, 0, 1, 0, 0, 0, 0 ], [ 0, 0, 0, 0, 0, 0, 0, 0, 0, 0, 1, 0, 0, 0 ], [ 0, 0, 0, 0, 0, 0, 0, 0, 0, 0, 0, 1, 0, 0 ], [ 0, 0, 0, 0, 0, 0, 0, 0, 0, 0, 0, 0, 1, 0 ], [ 0, 0, 0, 0, 0, 0, 0, 0, 0, 0, 0, 0, 0, 1 ], [ 1, 1, 0, 0, 0, 0, 0, 0, 0, 0, 0, 0, 0, 0 ], [ 1, -1, 0, 0, 0, 0, 0, 0, 0, 0, 0, 0, 0, 0 ], [ 1, 0, 1, 0, 0, 0, 0, 0, 0, 0, 0, 0, 0, 0 ], [ 1, 0, -1, 0, 0, 0, 0, 0, 0, 0, 0, 0, 0, 0 ], [ 1, 0, 0, 1, 0, 0, 0, 0, 0, 0, 0, 0, 0, 0 ], [ 1, 0, 0, -1, 0, 0, 0, 0, 0, 0, 0, 0, 0, 0 ], [ 1, 0, 0, 0, 1, 0, 0, 0, 0, 0, 0, 0, 0, 0 ], [ 1, 0, 0, 0, -1, 0, 0, 0, 0, 0, 0, 0, 0, 0 ], [ 1, 0, 0, 0, 0, 1, 0, 0, 0, 0, 0, 0, 0, 0 ], [ 1, 0, 0, 0, 0, -1, 0, 0, 0, 0, 0, 0, 0, 0 ], [ 1, 0, 0, 0, 0, 0, 1, 0, 0, 0, 0, 0, 0, 0 ], [ 1, 0, 0, 0, 0, 0, -1, 0, 0, 0, 0, 0, 0, 0 ], [ 1, 0, 0, 0, 0, 0, 0, 1, 0, 0, 0, 0, 0, 0 ] ] ), rec(
candidateNumber := 98,
centralizerDimension := 4,
componentIndex := 1,
componentLabel := "Koike (3.6), generic index 1",
cubicInvariantDimension := 7,
determinantImageOrder := 2,
familyDimension := 3,
familyIndexWithinCase := 1,
genericIndex := 1,
guessedCoefficients := [ 0, 0, 0, 0, 0, 0, 1 ],
guessedMemberTest := rec(
coefficientCandidates := [ [ 2, 5, 10, 17, 26, 37, 50 ], [ 1, 1, 1, 1, 1, 1, 1 ], [ 1, 2, 3, 4, 5, 6, 7 ], [ 1, -2, 3, -4, 5, -6, 7 ], [ 1, 0, 0, -1, 0, 0, 3 ], [ 1, 0, 0, 0, 0, 0, 0 ], [ 0, 1, 0, 0, 0, 0, 0 ], [ 0, 0, 1, 0, 0, 0, 0 ], [ 0, 0, 0, 1, 0, 0, 0 ], [ 0, 0, 0, 0, 1, 0, 0 ], [ 0, 0, 0, 0, 0, 1, 0 ], [ 0, 0, 0, 0, 0, 0, 1 ], [ 1, 1, 0, 0, 0, 0, 0 ], [ 1, -1, 0, 0, 0, 0, 0 ], [ 1, 0, 1, 0, 0, 0, 0 ], [ 1, 0, -1, 0, 0, 0, 0 ], [ 1, 0, 0, 1, 0, 0, 0 ], [ 1, 0, 0, -1, 0, 0, 0 ], [ 1, 0, 0, 0, 1, 0, 0 ], [ 1, 0, 0, 0, -1, 0, 0 ], [ 1, 0, 0, 0, 0, 1, 0 ], [ 1, 0, 0, 0, 0, -1, 0 ], [ 1, 0, 0, 0, 0, 0, 1 ], [ 1, 0, 0, 0, 0, 0, -1 ], [ 0, 1, 1, 0, 0, 0, 0 ], [ 0, 1, -1, 0, 0, 0, 0 ], [ 0, 1, 0, 1, 0, 0, 0 ], [ 0, 1, 0, -1, 0, 0, 0 ], [ 0, 1, 0, 0, 1, 0, 0 ], [ 0, 1, 0, 0, -1, 0, 0 ], [ 0, 1, 0, 0, 0, 1, 0 ], [ 0, 1, 0, 0, 0, -1, 0 ] ],
coefficientFieldConductor := 1,
exactTrials := [  ],
finiteFieldTrials := [ rec(
exitCode := 0,
numberOfMembersTested := 32,
prime := 5,
singularOutput := "CF_SINGULAR_MEMBER_1_END\nCF_SINGULAR_MEMBER_2_END\nCF_SINGULAR_MEMBER_3_END\nCF_SINGULAR_MEMBER_4_END\nCF_SINGULAR_MEMBER_5_END\nCF_SINGULAR_MEMBER_6_END\nCF_SINGULAR_MEMBER_7_END\nCF_SINGULAR_MEMBER_8_END\nCF_SINGULAR_MEMBER_9_END\nCF_SINGULAR_MEMBER_10_END\nCF_SINGULAR_MEMBER_11_END\nCF_SMOOTH_MEMBER_12_END\nCF_SCRIPT_COMPLETED_OK\n",
status := "smooth",
witnessIndex := 12,
witnessVerificationPassed := true ) ],
member := rec(
coefficients := [ 0, 0, 0, 0, 0, 0, 1 ],
monomialCoefficients := [ 0, 0, 0, 0, 0, 0, 0, 0, 0, 0, -2, 0, 0, 0, 0, 0, 1, 0, 0, 0, 0, 0, -2, 0, 0, 0, 0, 0, 0, 0, 0, 1, 0, 0, 0, 0, 0, 0, 0, 0, -2, 0, 0, 0, 0, 0, 0, 0, 0, 0, 0, 0, 1, 0, 0, 0 ],
polynomial := "(-2)*x3*x6^2 + x3^2*x6 + (-2)*x2*x5^2 + x2^2*x5 + (-2)*x1*x4^2 + x1^2*x4" ),
method := "smooth reduction at a good split prime",
status := "smooth",
witnessPrime := 5 ),
isDirectKnownCase := false,
linearGId := [ 36, 12 ],
projectiveGId := [ 12, 4 ],
proofType := "an explicit member of the invariant cubic family is smooth",
smoothPolynomial := "(-2)*x3*x6^2 + x3^2*x6 + (-2)*x2*x5^2 + x2^2*x5 + (-2)*x1*x4^2 + x1^2*x4",
status := "smooth",
symplecticPart := "S3",
testedCoefficientCandidates := [ [ 2, 5, 10, 17, 26, 37, 50 ], [ 1, 1, 1, 1, 1, 1, 1 ], [ 1, 2, 3, 4, 5, 6, 7 ], [ 1, -2, 3, -4, 5, -6, 7 ], [ 1, 0, 0, -1, 0, 0, 3 ], [ 1, 0, 0, 0, 0, 0, 0 ], [ 0, 1, 0, 0, 0, 0, 0 ], [ 0, 0, 1, 0, 0, 0, 0 ], [ 0, 0, 0, 1, 0, 0, 0 ], [ 0, 0, 0, 0, 1, 0, 0 ], [ 0, 0, 0, 0, 0, 1, 0 ], [ 0, 0, 0, 0, 0, 0, 1 ], [ 1, 1, 0, 0, 0, 0, 0 ], [ 1, -1, 0, 0, 0, 0, 0 ], [ 1, 0, 1, 0, 0, 0, 0 ], [ 1, 0, -1, 0, 0, 0, 0 ], [ 1, 0, 0, 1, 0, 0, 0 ], [ 1, 0, 0, -1, 0, 0, 0 ], [ 1, 0, 0, 0, 1, 0, 0 ], [ 1, 0, 0, 0, -1, 0, 0 ], [ 1, 0, 0, 0, 0, 1, 0 ], [ 1, 0, 0, 0, 0, -1, 0 ], [ 1, 0, 0, 0, 0, 0, 1 ], [ 1, 0, 0, 0, 0, 0, -1 ], [ 0, 1, 1, 0, 0, 0, 0 ], [ 0, 1, -1, 0, 0, 0, 0 ], [ 0, 1, 0, 1, 0, 0, 0 ], [ 0, 1, 0, -1, 0, 0, 0 ], [ 0, 1, 0, 0, 1, 0, 0 ], [ 0, 1, 0, 0, -1, 0, 0 ], [ 0, 1, 0, 0, 0, 1, 0 ], [ 0, 1, 0, 0, 0, -1, 0 ] ] ), rec(
candidateNumber := 99,
centralizerDimension := 6,
componentIndex := 1,
componentLabel := "Koike (3.6), generic index 1",
cubicInvariantDimension := 9,
determinantImageOrder := 2,
familyDimension := 3,
familyIndexWithinCase := 2,
genericIndex := 1,
guessedCoefficients := [ 1, 1, 1, 1, 1, 1, 1, 1, 1 ],
guessedMemberTest := rec(
coefficientCandidates := [ [ 2, 5, 10, 17, 26, 37, 50, 65, 82 ], [ 1, 1, 1, 1, 1, 1, 1, 1, 1 ], [ 1, 2, 3, 4, 5, 6, 7, 8, 9 ], [ 1, -2, 3, -4, 5, -6, 7, -8, 9 ], [ 1, 0, 0, 0, -1, 0, 0, 0, 3 ], [ 1, 0, 0, 0, 0, 0, 0, 0, 0 ], [ 0, 1, 0, 0, 0, 0, 0, 0, 0 ], [ 0, 0, 1, 0, 0, 0, 0, 0, 0 ], [ 0, 0, 0, 1, 0, 0, 0, 0, 0 ], [ 0, 0, 0, 0, 1, 0, 0, 0, 0 ], [ 0, 0, 0, 0, 0, 1, 0, 0, 0 ], [ 0, 0, 0, 0, 0, 0, 1, 0, 0 ], [ 0, 0, 0, 0, 0, 0, 0, 1, 0 ], [ 0, 0, 0, 0, 0, 0, 0, 0, 1 ], [ 1, 1, 0, 0, 0, 0, 0, 0, 0 ], [ 1, -1, 0, 0, 0, 0, 0, 0, 0 ], [ 1, 0, 1, 0, 0, 0, 0, 0, 0 ], [ 1, 0, -1, 0, 0, 0, 0, 0, 0 ], [ 1, 0, 0, 1, 0, 0, 0, 0, 0 ], [ 1, 0, 0, -1, 0, 0, 0, 0, 0 ], [ 1, 0, 0, 0, 1, 0, 0, 0, 0 ], [ 1, 0, 0, 0, -1, 0, 0, 0, 0 ], [ 1, 0, 0, 0, 0, 1, 0, 0, 0 ], [ 1, 0, 0, 0, 0, -1, 0, 0, 0 ], [ 1, 0, 0, 0, 0, 0, 1, 0, 0 ], [ 1, 0, 0, 0, 0, 0, -1, 0, 0 ], [ 1, 0, 0, 0, 0, 0, 0, 1, 0 ], [ 1, 0, 0, 0, 0, 0, 0, -1, 0 ], [ 1, 0, 0, 0, 0, 0, 0, 0, 1 ], [ 1, 0, 0, 0, 0, 0, 0, 0, -1 ], [ 0, 1, 1, 0, 0, 0, 0, 0, 0 ], [ 0, 1, -1, 0, 0, 0, 0, 0, 0 ] ],
coefficientFieldConductor := 1,
exactTrials := [  ],
finiteFieldTrials := [ rec(
exitCode := 0,
numberOfMembersTested := 32,
prime := 5,
singularOutput := "CF_SINGULAR_MEMBER_1_END\nCF_SMOOTH_MEMBER_2_END\nCF_SCRIPT_COMPLETED_OK\n",
status := "smooth",
witnessIndex := 2,
witnessVerificationPassed := true ) ],
member := rec(
coefficients := [ 1, 1, 1, 1, 1, 1, 1, 1, 1 ],
monomialCoefficients := [ 1, 1, 1, 1, 1, 1, 1, 1, 1, 1, 1, 1, -5/2, 1, -10, -5/2, 1, 1, 1, 1, -5/2, 1, 1, -10, 1, -5/2, 1, 1, 1, -3/2, 1, 1, 1, -3/2, 1, -5/2, -10, -5/2, 1, 1, 1, 1, 1, 1, -3/2, 1, 1, 1, 6, -3/2, 1, 1, 1, -3/2, -3/2, 1 ],
polynomial := "x6^3 + x5*x6^2 + x5^2*x6 + x5^3 + x4*x6^2 + x4*x5*x6 + x4*x5^2 + x4^2*x6 + x4^2*x5 + x4^3 + x3*x6^2 + x3*x5*x6 + (-5/2)*x3*x5^2 + x3*x4*x6 + (-10)*x3*x4*x5 + (-5/2)*x3*x4^2 + x3^2*x6 + x3^2*x5 + x3^2*x4 + x3^3 + (-5/2)*x2*x6^2 + x2*x5*x6 + x2*x5^2 + (-10)*x2*x4*x6 + x2*x4*x5 + (-5/2)*x2*x4^2 + x2*x3*x6 + x2*x3*x5 + x2*x3*x4 + (-3/2)*x2*x3^2 + x2^2*x6 + x2^2*x5 + x2^2*x4 + (-3/2)*x2^2*x3 + x2^3 + (-5/2)*x1*x6^2 + (-10)*x1*x5*x6 + (-5/2)*x1*x5^2 + x1*x4*x6 + x1*x4*x5 + x1*x4^2 + x1*x3*x6 + x1*x3*x5 + x1*x3*x4 + (-3/2)*x1*x3^2 + x1*x2*x6 + x1*x2*x5 + x1*x2*x4 + (6)*x1*x2*x3 + (-3/2)*x1*x2^2 + x1^2*x6 + x1^2*x5 + x1^2*x4 + (-3/2)*x1^2*x3 + (-3/2)*x1^2*x2 + x1^3" ),
method := "smooth reduction at a good split prime",
status := "smooth",
witnessPrime := 5 ),
isDirectKnownCase := false,
linearGId := [ 36, 12 ],
projectiveGId := [ 12, 4 ],
proofType := "an explicit member of the invariant cubic family is smooth",
smoothPolynomial := "x6^3 + x5*x6^2 + x5^2*x6 + x5^3 + x4*x6^2 + x4*x5*x6 + x4*x5^2 + x4^2*x6 + x4^2*x5 + x4^3 + x3*x6^2 + x3*x5*x6 + (-5/2)*x3*x5^2 + x3*x4*x6 + (-10)*x3*x4*x5 + (-5/2)*x3*x4^2 + x3^2*x6 + x3^2*x5 + x3^2*x4 + x3^3 + (-5/2)*x2*x6^2 + x2*x5*x6 + x2*x5^2 + (-10)*x2*x4*x6 + x2*x4*x5 + (-5/2)*x2*x4^2 + x2*x3*x6 + x2*x3*x5 + x2*x3*x4 + (-3/2)*x2*x3^2 + x2^2*x6 + x2^2*x5 + x2^2*x4 + (-3/2)*x2^2*x3 + x2^3 + (-5/2)*x1*x6^2 + (-10)*x1*x5*x6 + (-5/2)*x1*x5^2 + x1*x4*x6 + x1*x4*x5 + x1*x4^2 + x1*x3*x6 + x1*x3*x5 + x1*x3*x4 + (-3/2)*x1*x3^2 + x1*x2*x6 + x1*x2*x5 + x1*x2*x4 + (6)*x1*x2*x3 + (-3/2)*x1*x2^2 + x1^2*x6 + x1^2*x5 + x1^2*x4 + (-3/2)*x1^2*x3 + (-3/2)*x1^2*x2 + x1^3",
status := "smooth",
symplecticPart := "S3",
testedCoefficientCandidates := [ [ 2, 5, 10, 17, 26, 37, 50, 65, 82 ], [ 1, 1, 1, 1, 1, 1, 1, 1, 1 ], [ 1, 2, 3, 4, 5, 6, 7, 8, 9 ], [ 1, -2, 3, -4, 5, -6, 7, -8, 9 ], [ 1, 0, 0, 0, -1, 0, 0, 0, 3 ], [ 1, 0, 0, 0, 0, 0, 0, 0, 0 ], [ 0, 1, 0, 0, 0, 0, 0, 0, 0 ], [ 0, 0, 1, 0, 0, 0, 0, 0, 0 ], [ 0, 0, 0, 1, 0, 0, 0, 0, 0 ], [ 0, 0, 0, 0, 1, 0, 0, 0, 0 ], [ 0, 0, 0, 0, 0, 1, 0, 0, 0 ], [ 0, 0, 0, 0, 0, 0, 1, 0, 0 ], [ 0, 0, 0, 0, 0, 0, 0, 1, 0 ], [ 0, 0, 0, 0, 0, 0, 0, 0, 1 ], [ 1, 1, 0, 0, 0, 0, 0, 0, 0 ], [ 1, -1, 0, 0, 0, 0, 0, 0, 0 ], [ 1, 0, 1, 0, 0, 0, 0, 0, 0 ], [ 1, 0, -1, 0, 0, 0, 0, 0, 0 ], [ 1, 0, 0, 1, 0, 0, 0, 0, 0 ], [ 1, 0, 0, -1, 0, 0, 0, 0, 0 ], [ 1, 0, 0, 0, 1, 0, 0, 0, 0 ], [ 1, 0, 0, 0, -1, 0, 0, 0, 0 ], [ 1, 0, 0, 0, 0, 1, 0, 0, 0 ], [ 1, 0, 0, 0, 0, -1, 0, 0, 0 ], [ 1, 0, 0, 0, 0, 0, 1, 0, 0 ], [ 1, 0, 0, 0, 0, 0, -1, 0, 0 ], [ 1, 0, 0, 0, 0, 0, 0, 1, 0 ], [ 1, 0, 0, 0, 0, 0, 0, -1, 0 ], [ 1, 0, 0, 0, 0, 0, 0, 0, 1 ], [ 1, 0, 0, 0, 0, 0, 0, 0, -1 ], [ 0, 1, 1, 0, 0, 0, 0, 0, 0 ], [ 0, 1, -1, 0, 0, 0, 0, 0, 0 ] ] ), rec(
candidateNumber := 100,
centralizerDimension := 6,
componentIndex := 1,
componentLabel := "Koike (3.6), generic index 1",
cubicInvariantDimension := 8,
determinantImageOrder := 3,
familyDimension := 2,
familyIndexWithinCase := 1,
genericIndex := 1,
guessedCoefficients := [ 2, 5, 10, 17, 26, 37, 50, 65 ],
guessedMemberTest := rec(
coefficientCandidates := [ [ 2, 5, 10, 17, 26, 37, 50, 65 ], [ 1, 1, 1, 1, 1, 1, 1, 1 ], [ 1, 2, 3, 4, 5, 6, 7, 8 ], [ 1, -2, 3, -4, 5, -6, 7, -8 ], [ 1, 0, 0, -1, 0, 0, 0, 3 ], [ 1, 0, 0, 0, 0, 0, 0, 0 ], [ 0, 1, 0, 0, 0, 0, 0, 0 ], [ 0, 0, 1, 0, 0, 0, 0, 0 ], [ 0, 0, 0, 1, 0, 0, 0, 0 ], [ 0, 0, 0, 0, 1, 0, 0, 0 ], [ 0, 0, 0, 0, 0, 1, 0, 0 ], [ 0, 0, 0, 0, 0, 0, 1, 0 ], [ 0, 0, 0, 0, 0, 0, 0, 1 ], [ 1, 1, 0, 0, 0, 0, 0, 0 ], [ 1, -1, 0, 0, 0, 0, 0, 0 ], [ 1, 0, 1, 0, 0, 0, 0, 0 ], [ 1, 0, -1, 0, 0, 0, 0, 0 ], [ 1, 0, 0, 1, 0, 0, 0, 0 ], [ 1, 0, 0, -1, 0, 0, 0, 0 ], [ 1, 0, 0, 0, 1, 0, 0, 0 ], [ 1, 0, 0, 0, -1, 0, 0, 0 ], [ 1, 0, 0, 0, 0, 1, 0, 0 ], [ 1, 0, 0, 0, 0, -1, 0, 0 ], [ 1, 0, 0, 0, 0, 0, 1, 0 ], [ 1, 0, 0, 0, 0, 0, -1, 0 ], [ 1, 0, 0, 0, 0, 0, 0, 1 ], [ 1, 0, 0, 0, 0, 0, 0, -1 ], [ 0, 1, 1, 0, 0, 0, 0, 0 ], [ 0, 1, -1, 0, 0, 0, 0, 0 ], [ 0, 1, 0, 1, 0, 0, 0, 0 ], [ 0, 1, 0, -1, 0, 0, 0, 0 ], [ 0, 1, 0, 0, 1, 0, 0, 0 ] ],
coefficientFieldConductor := 1,
exactTrials := [  ],
finiteFieldTrials := [ rec(
exitCode := 0,
numberOfMembersTested := 32,
prime := 5,
singularOutput := "CF_SMOOTH_MEMBER_1_END\nCF_SCRIPT_COMPLETED_OK\n",
status := "smooth",
witnessIndex := 1,
witnessVerificationPassed := true ) ],
member := rec(
coefficients := [ 2, 5, 10, 17, 26, 37, 50, 65 ],
monomialCoefficients := [ 5, 2, 2, 5, 2, -647, 2, 2, 2, 5, 10, 77, 212, 77, 350, 212, 37, 182, 182, 65, 212, 77, 10, 350, 77, 212, 17, 17, 91, 50, 182, 37, 182, 50, 65, 212, 350, 212, 77, 77, 10, 17, 91, 17, 50, 91, 17, 17, 26, 50, 182, 182, 37, 50, 50, 65 ],
polynomial := "(5)*x6^3 + (2)*x5*x6^2 + (2)*x5^2*x6 + (5)*x5^3 + (2)*x4*x6^2 + (-647)*x4*x5*x6 + (2)*x4*x5^2 + (2)*x4^2*x6 + (2)*x4^2*x5 + (5)*x4^3 + (10)*x3*x6^2 + (77)*x3*x5*x6 + (212)*x3*x5^2 + (77)*x3*x4*x6 + (350)*x3*x4*x5 + (212)*x3*x4^2 + (37)*x3^2*x6 + (182)*x3^2*x5 + (182)*x3^2*x4 + (65)*x3^3 + (212)*x2*x6^2 + (77)*x2*x5*x6 + (10)*x2*x5^2 + (350)*x2*x4*x6 + (77)*x2*x4*x5 + (212)*x2*x4^2 + (17)*x2*x3*x6 + (17)*x2*x3*x5 + (91)*x2*x3*x4 + (50)*x2*x3^2 + (182)*x2^2*x6 + (37)*x2^2*x5 + (182)*x2^2*x4 + (50)*x2^2*x3 + (65)*x2^3 + (212)*x1*x6^2 + (350)*x1*x5*x6 + (212)*x1*x5^2 + (77)*x1*x4*x6 + (77)*x1*x4*x5 + (10)*x1*x4^2 + (17)*x1*x3*x6 + (91)*x1*x3*x5 + (17)*x1*x3*x4 + (50)*x1*x3^2 + (91)*x1*x2*x6 + (17)*x1*x2*x5 + (17)*x1*x2*x4 + (26)*x1*x2*x3 + (50)*x1*x2^2 + (182)*x1^2*x6 + (182)*x1^2*x5 + (37)*x1^2*x4 + (50)*x1^2*x3 + (50)*x1^2*x2 + (65)*x1^3" ),
method := "smooth reduction at a good split prime",
status := "smooth",
witnessPrime := 5 ),
isDirectKnownCase := false,
linearGId := [ 54, 12 ],
projectiveGId := [ 18, 3 ],
proofType := "an explicit member of the invariant cubic family is smooth",
smoothPolynomial := "(5)*x6^3 + (2)*x5*x6^2 + (2)*x5^2*x6 + (5)*x5^3 + (2)*x4*x6^2 + (-647)*x4*x5*x6 + (2)*x4*x5^2 + (2)*x4^2*x6 + (2)*x4^2*x5 + (5)*x4^3 + (10)*x3*x6^2 + (77)*x3*x5*x6 + (212)*x3*x5^2 + (77)*x3*x4*x6 + (350)*x3*x4*x5 + (212)*x3*x4^2 + (37)*x3^2*x6 + (182)*x3^2*x5 + (182)*x3^2*x4 + (65)*x3^3 + (212)*x2*x6^2 + (77)*x2*x5*x6 + (10)*x2*x5^2 + (350)*x2*x4*x6 + (77)*x2*x4*x5 + (212)*x2*x4^2 + (17)*x2*x3*x6 + (17)*x2*x3*x5 + (91)*x2*x3*x4 + (50)*x2*x3^2 + (182)*x2^2*x6 + (37)*x2^2*x5 + (182)*x2^2*x4 + (50)*x2^2*x3 + (65)*x2^3 + (212)*x1*x6^2 + (350)*x1*x5*x6 + (212)*x1*x5^2 + (77)*x1*x4*x6 + (77)*x1*x4*x5 + (10)*x1*x4^2 + (17)*x1*x3*x6 + (91)*x1*x3*x5 + (17)*x1*x3*x4 + (50)*x1*x3^2 + (91)*x1*x2*x6 + (17)*x1*x2*x5 + (17)*x1*x2*x4 + (26)*x1*x2*x3 + (50)*x1*x2^2 + (182)*x1^2*x6 + (182)*x1^2*x5 + (37)*x1^2*x4 + (50)*x1^2*x3 + (50)*x1^2*x2 + (65)*x1^3",
status := "smooth",
symplecticPart := "S3",
testedCoefficientCandidates := [ [ 2, 5, 10, 17, 26, 37, 50, 65 ], [ 1, 1, 1, 1, 1, 1, 1, 1 ], [ 1, 2, 3, 4, 5, 6, 7, 8 ], [ 1, -2, 3, -4, 5, -6, 7, -8 ], [ 1, 0, 0, -1, 0, 0, 0, 3 ], [ 1, 0, 0, 0, 0, 0, 0, 0 ], [ 0, 1, 0, 0, 0, 0, 0, 0 ], [ 0, 0, 1, 0, 0, 0, 0, 0 ], [ 0, 0, 0, 1, 0, 0, 0, 0 ], [ 0, 0, 0, 0, 1, 0, 0, 0 ], [ 0, 0, 0, 0, 0, 1, 0, 0 ], [ 0, 0, 0, 0, 0, 0, 1, 0 ], [ 0, 0, 0, 0, 0, 0, 0, 1 ], [ 1, 1, 0, 0, 0, 0, 0, 0 ], [ 1, -1, 0, 0, 0, 0, 0, 0 ], [ 1, 0, 1, 0, 0, 0, 0, 0 ], [ 1, 0, -1, 0, 0, 0, 0, 0 ], [ 1, 0, 0, 1, 0, 0, 0, 0 ], [ 1, 0, 0, -1, 0, 0, 0, 0 ], [ 1, 0, 0, 0, 1, 0, 0, 0 ], [ 1, 0, 0, 0, -1, 0, 0, 0 ], [ 1, 0, 0, 0, 0, 1, 0, 0 ], [ 1, 0, 0, 0, 0, -1, 0, 0 ], [ 1, 0, 0, 0, 0, 0, 1, 0 ], [ 1, 0, 0, 0, 0, 0, -1, 0 ], [ 1, 0, 0, 0, 0, 0, 0, 1 ], [ 1, 0, 0, 0, 0, 0, 0, -1 ], [ 0, 1, 1, 0, 0, 0, 0, 0 ], [ 0, 1, -1, 0, 0, 0, 0, 0 ], [ 0, 1, 0, 1, 0, 0, 0, 0 ], [ 0, 1, 0, -1, 0, 0, 0, 0 ], [ 0, 1, 0, 0, 1, 0, 0, 0 ] ] ), rec(
candidateNumber := 101,
centralizerDimension := 8,
componentIndex := 1,
componentLabel := "Koike (3.6), generic index 1",
cubicInvariantDimension := 8,
determinantImageOrder := 3,
familyDimension := 0,
familyIndexWithinCase := 2,
genericIndex := 1,
guessedCoefficients := [ 1, 1, 1, 1, 1, 1, 1, 1 ],
guessedMemberTest := rec(
coefficientCandidates := [ [ 2, 5, 10, 17, 26, 37, 50, 65 ], [ 1, 1, 1, 1, 1, 1, 1, 1 ], [ 1, 2, 3, 4, 5, 6, 7, 8 ], [ 1, -2, 3, -4, 5, -6, 7, -8 ], [ 1, 0, 0, -1, 0, 0, 0, 3 ], [ 1, 0, 0, 0, 0, 0, 0, 0 ], [ 0, 1, 0, 0, 0, 0, 0, 0 ], [ 0, 0, 1, 0, 0, 0, 0, 0 ], [ 0, 0, 0, 1, 0, 0, 0, 0 ], [ 0, 0, 0, 0, 1, 0, 0, 0 ], [ 0, 0, 0, 0, 0, 1, 0, 0 ], [ 0, 0, 0, 0, 0, 0, 1, 0 ], [ 0, 0, 0, 0, 0, 0, 0, 1 ], [ 1, 1, 0, 0, 0, 0, 0, 0 ], [ 1, -1, 0, 0, 0, 0, 0, 0 ], [ 1, 0, 1, 0, 0, 0, 0, 0 ], [ 1, 0, -1, 0, 0, 0, 0, 0 ], [ 1, 0, 0, 1, 0, 0, 0, 0 ], [ 1, 0, 0, -1, 0, 0, 0, 0 ], [ 1, 0, 0, 0, 1, 0, 0, 0 ], [ 1, 0, 0, 0, -1, 0, 0, 0 ], [ 1, 0, 0, 0, 0, 1, 0, 0 ], [ 1, 0, 0, 0, 0, -1, 0, 0 ], [ 1, 0, 0, 0, 0, 0, 1, 0 ], [ 1, 0, 0, 0, 0, 0, -1, 0 ], [ 1, 0, 0, 0, 0, 0, 0, 1 ], [ 1, 0, 0, 0, 0, 0, 0, -1 ], [ 0, 1, 1, 0, 0, 0, 0, 0 ], [ 0, 1, -1, 0, 0, 0, 0, 0 ], [ 0, 1, 0, 1, 0, 0, 0, 0 ], [ 0, 1, 0, -1, 0, 0, 0, 0 ], [ 0, 1, 0, 0, 1, 0, 0, 0 ] ],
coefficientFieldConductor := 1,
exactTrials := [  ],
finiteFieldTrials := [ rec(
exitCode := 0,
numberOfMembersTested := 32,
prime := 5,
singularOutput := "CF_SINGULAR_MEMBER_1_END\nCF_SMOOTH_MEMBER_2_END\nCF_SCRIPT_COMPLETED_OK\n",
status := "smooth",
witnessIndex := 2,
witnessVerificationPassed := true ) ],
member := rec(
coefficients := [ 1, 1, 1, 1, 1, 1, 1, 1 ],
monomialCoefficients := [ 1, 1, 1, 1, 1, 6, 1, 1, 1, 1, 1, 1, 1/2, 1, 2, 1/2, 1, 1, 1, 1, 1/2, 1, 1, 2, 1, 1/2, 2, 2, 2, 1, 1, 1, 1, 1, 1, 1/2, 2, 1/2, 1, 1, 1, 2, 2, 2, 1, 2, 2, 2, 6, 1, 1, 1, 1, 1, 1, 1 ],
polynomial := "x6^3 + x5*x6^2 + x5^2*x6 + x5^3 + x4*x6^2 + (6)*x4*x5*x6 + x4*x5^2 + x4^2*x6 + x4^2*x5 + x4^3 + x3*x6^2 + x3*x5*x6 + (1/2)*x3*x5^2 + x3*x4*x6 + (2)*x3*x4*x5 + (1/2)*x3*x4^2 + x3^2*x6 + x3^2*x5 + x3^2*x4 + x3^3 + (1/2)*x2*x6^2 + x2*x5*x6 + x2*x5^2 + (2)*x2*x4*x6 + x2*x4*x5 + (1/2)*x2*x4^2 + (2)*x2*x3*x6 + (2)*x2*x3*x5 + (2)*x2*x3*x4 + x2*x3^2 + x2^2*x6 + x2^2*x5 + x2^2*x4 + x2^2*x3 + x2^3 + (1/2)*x1*x6^2 + (2)*x1*x5*x6 + (1/2)*x1*x5^2 + x1*x4*x6 + x1*x4*x5 + x1*x4^2 + (2)*x1*x3*x6 + (2)*x1*x3*x5 + (2)*x1*x3*x4 + x1*x3^2 + (2)*x1*x2*x6 + (2)*x1*x2*x5 + (2)*x1*x2*x4 + (6)*x1*x2*x3 + x1*x2^2 + x1^2*x6 + x1^2*x5 + x1^2*x4 + x1^2*x3 + x1^2*x2 + x1^3" ),
method := "smooth reduction at a good split prime",
status := "smooth",
witnessPrime := 5 ),
isDirectKnownCase := false,
linearGId := [ 54, 12 ],
projectiveGId := [ 18, 3 ],
proofType := "an explicit member of the invariant cubic family is smooth",
smoothPolynomial := "x6^3 + x5*x6^2 + x5^2*x6 + x5^3 + x4*x6^2 + (6)*x4*x5*x6 + x4*x5^2 + x4^2*x6 + x4^2*x5 + x4^3 + x3*x6^2 + x3*x5*x6 + (1/2)*x3*x5^2 + x3*x4*x6 + (2)*x3*x4*x5 + (1/2)*x3*x4^2 + x3^2*x6 + x3^2*x5 + x3^2*x4 + x3^3 + (1/2)*x2*x6^2 + x2*x5*x6 + x2*x5^2 + (2)*x2*x4*x6 + x2*x4*x5 + (1/2)*x2*x4^2 + (2)*x2*x3*x6 + (2)*x2*x3*x5 + (2)*x2*x3*x4 + x2*x3^2 + x2^2*x6 + x2^2*x5 + x2^2*x4 + x2^2*x3 + x2^3 + (1/2)*x1*x6^2 + (2)*x1*x5*x6 + (1/2)*x1*x5^2 + x1*x4*x6 + x1*x4*x5 + x1*x4^2 + (2)*x1*x3*x6 + (2)*x1*x3*x5 + (2)*x1*x3*x4 + x1*x3^2 + (2)*x1*x2*x6 + (2)*x1*x2*x5 + (2)*x1*x2*x4 + (6)*x1*x2*x3 + x1*x2^2 + x1^2*x6 + x1^2*x5 + x1^2*x4 + x1^2*x3 + x1^2*x2 + x1^3",
status := "smooth",
symplecticPart := "S3",
testedCoefficientCandidates := [ [ 2, 5, 10, 17, 26, 37, 50, 65 ], [ 1, 1, 1, 1, 1, 1, 1, 1 ], [ 1, 2, 3, 4, 5, 6, 7, 8 ], [ 1, -2, 3, -4, 5, -6, 7, -8 ], [ 1, 0, 0, -1, 0, 0, 0, 3 ], [ 1, 0, 0, 0, 0, 0, 0, 0 ], [ 0, 1, 0, 0, 0, 0, 0, 0 ], [ 0, 0, 1, 0, 0, 0, 0, 0 ], [ 0, 0, 0, 1, 0, 0, 0, 0 ], [ 0, 0, 0, 0, 1, 0, 0, 0 ], [ 0, 0, 0, 0, 0, 1, 0, 0 ], [ 0, 0, 0, 0, 0, 0, 1, 0 ], [ 0, 0, 0, 0, 0, 0, 0, 1 ], [ 1, 1, 0, 0, 0, 0, 0, 0 ], [ 1, -1, 0, 0, 0, 0, 0, 0 ], [ 1, 0, 1, 0, 0, 0, 0, 0 ], [ 1, 0, -1, 0, 0, 0, 0, 0 ], [ 1, 0, 0, 1, 0, 0, 0, 0 ], [ 1, 0, 0, -1, 0, 0, 0, 0 ], [ 1, 0, 0, 0, 1, 0, 0, 0 ], [ 1, 0, 0, 0, -1, 0, 0, 0 ], [ 1, 0, 0, 0, 0, 1, 0, 0 ], [ 1, 0, 0, 0, 0, -1, 0, 0 ], [ 1, 0, 0, 0, 0, 0, 1, 0 ], [ 1, 0, 0, 0, 0, 0, -1, 0 ], [ 1, 0, 0, 0, 0, 0, 0, 1 ], [ 1, 0, 0, 0, 0, 0, 0, -1 ], [ 0, 1, 1, 0, 0, 0, 0, 0 ], [ 0, 1, -1, 0, 0, 0, 0, 0 ], [ 0, 1, 0, 1, 0, 0, 0, 0 ], [ 0, 1, 0, -1, 0, 0, 0, 0 ], [ 0, 1, 0, 0, 1, 0, 0, 0 ] ] ), rec(
candidateNumber := 102,
centralizerDimension := 6,
componentIndex := 1,
componentLabel := "Koike (3.6), generic index 1",
cubicInvariantDimension := 9,
determinantImageOrder := 3,
familyDimension := 3,
familyIndexWithinCase := 3,
genericIndex := 1,
guessedCoefficients := [ 2, 5, 10, 17, 26, 37, 50, 65, 82 ],
guessedMemberTest := rec(
coefficientCandidates := [ [ 2, 5, 10, 17, 26, 37, 50, 65, 82 ], [ 1, 1, 1, 1, 1, 1, 1, 1, 1 ], [ 1, 2, 3, 4, 5, 6, 7, 8, 9 ], [ 1, -2, 3, -4, 5, -6, 7, -8, 9 ], [ 1, 0, 0, 0, -1, 0, 0, 0, 3 ], [ 1, 0, 0, 0, 0, 0, 0, 0, 0 ], [ 0, 1, 0, 0, 0, 0, 0, 0, 0 ], [ 0, 0, 1, 0, 0, 0, 0, 0, 0 ], [ 0, 0, 0, 1, 0, 0, 0, 0, 0 ], [ 0, 0, 0, 0, 1, 0, 0, 0, 0 ], [ 0, 0, 0, 0, 0, 1, 0, 0, 0 ], [ 0, 0, 0, 0, 0, 0, 1, 0, 0 ], [ 0, 0, 0, 0, 0, 0, 0, 1, 0 ], [ 0, 0, 0, 0, 0, 0, 0, 0, 1 ], [ 1, 1, 0, 0, 0, 0, 0, 0, 0 ], [ 1, -1, 0, 0, 0, 0, 0, 0, 0 ], [ 1, 0, 1, 0, 0, 0, 0, 0, 0 ], [ 1, 0, -1, 0, 0, 0, 0, 0, 0 ], [ 1, 0, 0, 1, 0, 0, 0, 0, 0 ], [ 1, 0, 0, -1, 0, 0, 0, 0, 0 ], [ 1, 0, 0, 0, 1, 0, 0, 0, 0 ], [ 1, 0, 0, 0, -1, 0, 0, 0, 0 ], [ 1, 0, 0, 0, 0, 1, 0, 0, 0 ], [ 1, 0, 0, 0, 0, -1, 0, 0, 0 ], [ 1, 0, 0, 0, 0, 0, 1, 0, 0 ], [ 1, 0, 0, 0, 0, 0, -1, 0, 0 ], [ 1, 0, 0, 0, 0, 0, 0, 1, 0 ], [ 1, 0, 0, 0, 0, 0, 0, -1, 0 ], [ 1, 0, 0, 0, 0, 0, 0, 0, 1 ], [ 1, 0, 0, 0, 0, 0, 0, 0, -1 ], [ 0, 1, 1, 0, 0, 0, 0, 0, 0 ], [ 0, 1, -1, 0, 0, 0, 0, 0, 0 ] ],
coefficientFieldConductor := 1,
exactTrials := [  ],
finiteFieldTrials := [ rec(
exitCode := 0,
numberOfMembersTested := 32,
prime := 5,
singularOutput := "CF_SMOOTH_MEMBER_1_END\nCF_SCRIPT_COMPLETED_OK\n",
status := "smooth",
witnessIndex := 1,
witnessVerificationPassed := true ) ],
member := rec(
coefficients := [ 2, 5, 10, 17, 26, 37, 50, 65, 82 ],
monomialCoefficients := [ 5, 2, 2, 5, 2, -532, 2, 2, 2, 5, 17, -93, 10, -93, 822, 10, 50, -213, -213, 82, 10, -93, 17, 822, -93, 10, 26, 26, -349, 65, -213, 50, -213, 65, 82, 10, 822, 10, -93, -93, 17, 26, -349, 26, 65, -349, 26, 26, 37, 65, -213, -213, 50, 65, 65, 82 ],
polynomial := "(5)*x6^3 + (2)*x5*x6^2 + (2)*x5^2*x6 + (5)*x5^3 + (2)*x4*x6^2 + (-532)*x4*x5*x6 + (2)*x4*x5^2 + (2)*x4^2*x6 + (2)*x4^2*x5 + (5)*x4^3 + (17)*x3*x6^2 + (-93)*x3*x5*x6 + (10)*x3*x5^2 + (-93)*x3*x4*x6 + (822)*x3*x4*x5 + (10)*x3*x4^2 + (50)*x3^2*x6 + (-213)*x3^2*x5 + (-213)*x3^2*x4 + (82)*x3^3 + (10)*x2*x6^2 + (-93)*x2*x5*x6 + (17)*x2*x5^2 + (822)*x2*x4*x6 + (-93)*x2*x4*x5 + (10)*x2*x4^2 + (26)*x2*x3*x6 + (26)*x2*x3*x5 + (-349)*x2*x3*x4 + (65)*x2*x3^2 + (-213)*x2^2*x6 + (50)*x2^2*x5 + (-213)*x2^2*x4 + (65)*x2^2*x3 + (82)*x2^3 + (10)*x1*x6^2 + (822)*x1*x5*x6 + (10)*x1*x5^2 + (-93)*x1*x4*x6 + (-93)*x1*x4*x5 + (17)*x1*x4^2 + (26)*x1*x3*x6 + (-349)*x1*x3*x5 + (26)*x1*x3*x4 + (65)*x1*x3^2 + (-349)*x1*x2*x6 + (26)*x1*x2*x5 + (26)*x1*x2*x4 + (37)*x1*x2*x3 + (65)*x1*x2^2 + (-213)*x1^2*x6 + (-213)*x1^2*x5 + (50)*x1^2*x4 + (65)*x1^2*x3 + (65)*x1^2*x2 + (82)*x1^3" ),
method := "smooth reduction at a good split prime",
status := "smooth",
witnessPrime := 5 ),
isDirectKnownCase := false,
linearGId := [ 54, 12 ],
projectiveGId := [ 18, 3 ],
proofType := "an explicit member of the invariant cubic family is smooth",
smoothPolynomial := "(5)*x6^3 + (2)*x5*x6^2 + (2)*x5^2*x6 + (5)*x5^3 + (2)*x4*x6^2 + (-532)*x4*x5*x6 + (2)*x4*x5^2 + (2)*x4^2*x6 + (2)*x4^2*x5 + (5)*x4^3 + (17)*x3*x6^2 + (-93)*x3*x5*x6 + (10)*x3*x5^2 + (-93)*x3*x4*x6 + (822)*x3*x4*x5 + (10)*x3*x4^2 + (50)*x3^2*x6 + (-213)*x3^2*x5 + (-213)*x3^2*x4 + (82)*x3^3 + (10)*x2*x6^2 + (-93)*x2*x5*x6 + (17)*x2*x5^2 + (822)*x2*x4*x6 + (-93)*x2*x4*x5 + (10)*x2*x4^2 + (26)*x2*x3*x6 + (26)*x2*x3*x5 + (-349)*x2*x3*x4 + (65)*x2*x3^2 + (-213)*x2^2*x6 + (50)*x2^2*x5 + (-213)*x2^2*x4 + (65)*x2^2*x3 + (82)*x2^3 + (10)*x1*x6^2 + (822)*x1*x5*x6 + (10)*x1*x5^2 + (-93)*x1*x4*x6 + (-93)*x1*x4*x5 + (17)*x1*x4^2 + (26)*x1*x3*x6 + (-349)*x1*x3*x5 + (26)*x1*x3*x4 + (65)*x1*x3^2 + (-349)*x1*x2*x6 + (26)*x1*x2*x5 + (26)*x1*x2*x4 + (37)*x1*x2*x3 + (65)*x1*x2^2 + (-213)*x1^2*x6 + (-213)*x1^2*x5 + (50)*x1^2*x4 + (65)*x1^2*x3 + (65)*x1^2*x2 + (82)*x1^3",
status := "smooth",
symplecticPart := "S3",
testedCoefficientCandidates := [ [ 2, 5, 10, 17, 26, 37, 50, 65, 82 ], [ 1, 1, 1, 1, 1, 1, 1, 1, 1 ], [ 1, 2, 3, 4, 5, 6, 7, 8, 9 ], [ 1, -2, 3, -4, 5, -6, 7, -8, 9 ], [ 1, 0, 0, 0, -1, 0, 0, 0, 3 ], [ 1, 0, 0, 0, 0, 0, 0, 0, 0 ], [ 0, 1, 0, 0, 0, 0, 0, 0, 0 ], [ 0, 0, 1, 0, 0, 0, 0, 0, 0 ], [ 0, 0, 0, 1, 0, 0, 0, 0, 0 ], [ 0, 0, 0, 0, 1, 0, 0, 0, 0 ], [ 0, 0, 0, 0, 0, 1, 0, 0, 0 ], [ 0, 0, 0, 0, 0, 0, 1, 0, 0 ], [ 0, 0, 0, 0, 0, 0, 0, 1, 0 ], [ 0, 0, 0, 0, 0, 0, 0, 0, 1 ], [ 1, 1, 0, 0, 0, 0, 0, 0, 0 ], [ 1, -1, 0, 0, 0, 0, 0, 0, 0 ], [ 1, 0, 1, 0, 0, 0, 0, 0, 0 ], [ 1, 0, -1, 0, 0, 0, 0, 0, 0 ], [ 1, 0, 0, 1, 0, 0, 0, 0, 0 ], [ 1, 0, 0, -1, 0, 0, 0, 0, 0 ], [ 1, 0, 0, 0, 1, 0, 0, 0, 0 ], [ 1, 0, 0, 0, -1, 0, 0, 0, 0 ], [ 1, 0, 0, 0, 0, 1, 0, 0, 0 ], [ 1, 0, 0, 0, 0, -1, 0, 0, 0 ], [ 1, 0, 0, 0, 0, 0, 1, 0, 0 ], [ 1, 0, 0, 0, 0, 0, -1, 0, 0 ], [ 1, 0, 0, 0, 0, 0, 0, 1, 0 ], [ 1, 0, 0, 0, 0, 0, 0, -1, 0 ], [ 1, 0, 0, 0, 0, 0, 0, 0, 1 ], [ 1, 0, 0, 0, 0, 0, 0, 0, -1 ], [ 0, 1, 1, 0, 0, 0, 0, 0, 0 ], [ 0, 1, -1, 0, 0, 0, 0, 0, 0 ] ] ), rec(
candidateNumber := 103,
centralizerDimension := 4,
componentIndex := 1,
componentLabel := "Koike (3.6), generic index 1",
cubicInvariantDimension := 6,
determinantImageOrder := 3,
familyDimension := 2,
familyIndexWithinCase := 4,
genericIndex := 1,
guessedCoefficients := [ 1, 2, 3, 4, 5, 6 ],
guessedMemberTest := rec(
coefficientCandidates := [ [ 2, 5, 10, 17, 26, 37 ], [ 1, 1, 1, 1, 1, 1 ], [ 1, 2, 3, 4, 5, 6 ], [ 1, -2, 3, -4, 5, -6 ], [ 1, 0, -1, 0, 0, 3 ], [ 1, 0, 0, 0, 0, 0 ], [ 0, 1, 0, 0, 0, 0 ], [ 0, 0, 1, 0, 0, 0 ], [ 0, 0, 0, 1, 0, 0 ], [ 0, 0, 0, 0, 1, 0 ], [ 0, 0, 0, 0, 0, 1 ], [ 1, 1, 0, 0, 0, 0 ], [ 1, -1, 0, 0, 0, 0 ], [ 1, 0, 1, 0, 0, 0 ], [ 1, 0, -1, 0, 0, 0 ], [ 1, 0, 0, 1, 0, 0 ], [ 1, 0, 0, -1, 0, 0 ], [ 1, 0, 0, 0, 1, 0 ], [ 1, 0, 0, 0, -1, 0 ], [ 1, 0, 0, 0, 0, 1 ], [ 1, 0, 0, 0, 0, -1 ], [ 0, 1, 1, 0, 0, 0 ], [ 0, 1, -1, 0, 0, 0 ], [ 0, 1, 0, 1, 0, 0 ], [ 0, 1, 0, -1, 0, 0 ], [ 0, 1, 0, 0, 1, 0 ], [ 0, 1, 0, 0, -1, 0 ], [ 0, 1, 0, 0, 0, 1 ], [ 0, 1, 0, 0, 0, -1 ], [ 0, 0, 1, 1, 0, 0 ], [ 0, 0, 1, -1, 0, 0 ], [ 0, 0, 1, 0, 1, 0 ] ],
coefficientFieldConductor := 1,
exactTrials := [  ],
finiteFieldTrials := [ rec(
exitCode := 0,
numberOfMembersTested := 32,
prime := 5,
singularOutput := "CF_SINGULAR_MEMBER_1_END\nCF_SINGULAR_MEMBER_2_END\nCF_SMOOTH_MEMBER_3_END\nCF_SCRIPT_COMPLETED_OK\n",
status := "smooth",
witnessIndex := 3,
witnessVerificationPassed := true ) ],
member := rec(
coefficients := [ 1, 2, 3, 4, 5, 6 ],
monomialCoefficients := [ 2, 1, 1, 2, 1, -91, 1, 1, 1, 2, 3, 5/2, 25/2, 5/2, 19, 25/2, -18, -5, -5, 6, 25/2, 5/2, 3, 19, 5/2, 25/2, -10, -10, -4, 5, -5, -18, -5, 5, 6, 25/2, 19, 25/2, 5/2, 5/2, 3, -10, -4, -10, 5, -4, -10, -10, 4, 5, -5, -5, -18, 5, 5, 6 ],
polynomial := "(2)*x6^3 + x5*x6^2 + x5^2*x6 + (2)*x5^3 + x4*x6^2 + (-91)*x4*x5*x6 + x4*x5^2 + x4^2*x6 + x4^2*x5 + (2)*x4^3 + (3)*x3*x6^2 + (5/2)*x3*x5*x6 + (25/2)*x3*x5^2 + (5/2)*x3*x4*x6 + (19)*x3*x4*x5 + (25/2)*x3*x4^2 + (-18)*x3^2*x6 + (-5)*x3^2*x5 + (-5)*x3^2*x4 + (6)*x3^3 + (25/2)*x2*x6^2 + (5/2)*x2*x5*x6 + (3)*x2*x5^2 + (19)*x2*x4*x6 + (5/2)*x2*x4*x5 + (25/2)*x2*x4^2 + (-10)*x2*x3*x6 + (-10)*x2*x3*x5 + (-4)*x2*x3*x4 + (5)*x2*x3^2 + (-5)*x2^2*x6 + (-18)*x2^2*x5 + (-5)*x2^2*x4 + (5)*x2^2*x3 + (6)*x2^3 + (25/2)*x1*x6^2 + (19)*x1*x5*x6 + (25/2)*x1*x5^2 + (5/2)*x1*x4*x6 + (5/2)*x1*x4*x5 + (3)*x1*x4^2 + (-10)*x1*x3*x6 + (-4)*x1*x3*x5 + (-10)*x1*x3*x4 + (5)*x1*x3^2 + (-4)*x1*x2*x6 + (-10)*x1*x2*x5 + (-10)*x1*x2*x4 + (4)*x1*x2*x3 + (5)*x1*x2^2 + (-5)*x1^2*x6 + (-5)*x1^2*x5 + (-18)*x1^2*x4 + (5)*x1^2*x3 + (5)*x1^2*x2 + (6)*x1^3" ),
method := "smooth reduction at a good split prime",
status := "smooth",
witnessPrime := 5 ),
isDirectKnownCase := false,
linearGId := [ 54, 12 ],
projectiveGId := [ 18, 3 ],
proofType := "an explicit member of the invariant cubic family is smooth",
smoothPolynomial := "(2)*x6^3 + x5*x6^2 + x5^2*x6 + (2)*x5^3 + x4*x6^2 + (-91)*x4*x5*x6 + x4*x5^2 + x4^2*x6 + x4^2*x5 + (2)*x4^3 + (3)*x3*x6^2 + (5/2)*x3*x5*x6 + (25/2)*x3*x5^2 + (5/2)*x3*x4*x6 + (19)*x3*x4*x5 + (25/2)*x3*x4^2 + (-18)*x3^2*x6 + (-5)*x3^2*x5 + (-5)*x3^2*x4 + (6)*x3^3 + (25/2)*x2*x6^2 + (5/2)*x2*x5*x6 + (3)*x2*x5^2 + (19)*x2*x4*x6 + (5/2)*x2*x4*x5 + (25/2)*x2*x4^2 + (-10)*x2*x3*x6 + (-10)*x2*x3*x5 + (-4)*x2*x3*x4 + (5)*x2*x3^2 + (-5)*x2^2*x6 + (-18)*x2^2*x5 + (-5)*x2^2*x4 + (5)*x2^2*x3 + (6)*x2^3 + (25/2)*x1*x6^2 + (19)*x1*x5*x6 + (25/2)*x1*x5^2 + (5/2)*x1*x4*x6 + (5/2)*x1*x4*x5 + (3)*x1*x4^2 + (-10)*x1*x3*x6 + (-4)*x1*x3*x5 + (-10)*x1*x3*x4 + (5)*x1*x3^2 + (-4)*x1*x2*x6 + (-10)*x1*x2*x5 + (-10)*x1*x2*x4 + (4)*x1*x2*x3 + (5)*x1*x2^2 + (-5)*x1^2*x6 + (-5)*x1^2*x5 + (-18)*x1^2*x4 + (5)*x1^2*x3 + (5)*x1^2*x2 + (6)*x1^3",
status := "smooth",
symplecticPart := "S3",
testedCoefficientCandidates := [ [ 2, 5, 10, 17, 26, 37 ], [ 1, 1, 1, 1, 1, 1 ], [ 1, 2, 3, 4, 5, 6 ], [ 1, -2, 3, -4, 5, -6 ], [ 1, 0, -1, 0, 0, 3 ], [ 1, 0, 0, 0, 0, 0 ], [ 0, 1, 0, 0, 0, 0 ], [ 0, 0, 1, 0, 0, 0 ], [ 0, 0, 0, 1, 0, 0 ], [ 0, 0, 0, 0, 1, 0 ], [ 0, 0, 0, 0, 0, 1 ], [ 1, 1, 0, 0, 0, 0 ], [ 1, -1, 0, 0, 0, 0 ], [ 1, 0, 1, 0, 0, 0 ], [ 1, 0, -1, 0, 0, 0 ], [ 1, 0, 0, 1, 0, 0 ], [ 1, 0, 0, -1, 0, 0 ], [ 1, 0, 0, 0, 1, 0 ], [ 1, 0, 0, 0, -1, 0 ], [ 1, 0, 0, 0, 0, 1 ], [ 1, 0, 0, 0, 0, -1 ], [ 0, 1, 1, 0, 0, 0 ], [ 0, 1, -1, 0, 0, 0 ], [ 0, 1, 0, 1, 0, 0 ], [ 0, 1, 0, -1, 0, 0 ], [ 0, 1, 0, 0, 1, 0 ], [ 0, 1, 0, 0, -1, 0 ], [ 0, 1, 0, 0, 0, 1 ], [ 0, 1, 0, 0, 0, -1 ], [ 0, 0, 1, 1, 0, 0 ], [ 0, 0, 1, -1, 0, 0 ], [ 0, 0, 1, 0, 1, 0 ] ] ), rec(
candidateNumber := 106,
centralizerDimension := 4,
commonPointChecks := 19,
commonSingularPoint := [ 1, 0, 0, 1, 0, 0 ],
componentIndex := 1,
componentLabel := "Koike (3.6), generic index 1",
cubicInvariantDimension := 4,
determinantImageOrder := 4,
familyDimension := 0,
familyIndexWithinCase := 1,
genericIndex := 1,
guessedCoefficients := [ 2, 5, 10, 17 ],
guessedMemberTest := rec(
coefficientCandidates := [ [ 2, 5, 10, 17 ], [ 1, 1, 1, 1 ], [ 1, 2, 3, 4 ], [ 1, -2, 3, -4 ], [ 1, -1, 0, 3 ], [ 1, 0, 0, 0 ], [ 0, 1, 0, 0 ], [ 0, 0, 1, 0 ], [ 0, 0, 0, 1 ], [ 1, 1, 0, 0 ], [ 1, -1, 0, 0 ], [ 1, 0, 1, 0 ], [ 1, 0, -1, 0 ], [ 1, 0, 0, 1 ], [ 1, 0, 0, -1 ], [ 0, 1, 1, 0 ], [ 0, 1, -1, 0 ], [ 0, 1, 0, 1 ], [ 0, 1, 0, -1 ], [ 0, 0, 1, 1 ], [ 0, 0, 1, -1 ], [ -6, 10, 6, -11 ], [ -10, 10, 9, 1 ], [ -5, -2, -3, -10 ], [ -9, -7, 3, 10 ], [ -1, -3, -2, -5 ], [ -1, -5, 11, 6 ], [ 1, -7, 7, 9 ], [ -2, 4, 1, -7 ], [ -9, -7, 3, -5 ], [ 1, -1, -6, -2 ], [ -9, 6, -1, 9 ] ],
coefficientFieldConductor := 1,
exactTrials := [ rec(
coefficients := [ 2, 5, 10, 17 ],
trial := rec(
coefficientFieldConductor := 1,
exitCode := 0,
singularChart := 1,
singularOutput := "CF_EXACT_SINGULAR_CHART_1\nCF_EXACT_SINGULAR\nCF_SCRIPT_COMPLETED_OK\n",
status := "exact_singular" ) ), rec(
coefficients := [ 1, 1, 1, 1 ],
trial := rec(
coefficientFieldConductor := 1,
exitCode := 0,
singularChart := 1,
singularOutput := "CF_EXACT_SINGULAR_CHART_1\nCF_EXACT_SINGULAR\nCF_SCRIPT_COMPLETED_OK\n",
status := "exact_singular" ) ), rec(
coefficients := [ 1, 2, 3, 4 ],
trial := rec(
coefficientFieldConductor := 1,
exitCode := 0,
singularChart := 1,
singularOutput := "CF_EXACT_SINGULAR_CHART_1\nCF_EXACT_SINGULAR\nCF_SCRIPT_COMPLETED_OK\n",
status := "exact_singular" ) ), rec(
coefficients := [ 1, -2, 3, -4 ],
trial := rec(
coefficientFieldConductor := 1,
exitCode := 0,
singularChart := 1,
singularOutput := "CF_EXACT_SINGULAR_CHART_1\nCF_EXACT_SINGULAR\nCF_SCRIPT_COMPLETED_OK\n",
status := "exact_singular" ) ), rec(
coefficients := [ 1, -1, 0, 3 ],
trial := rec(
coefficientFieldConductor := 1,
exitCode := 0,
singularChart := 1,
singularOutput := "CF_EXACT_SINGULAR_CHART_1\nCF_EXACT_SINGULAR\nCF_SCRIPT_COMPLETED_OK\n",
status := "exact_singular" ) ), rec(
coefficients := [ 1, 0, 0, 0 ],
trial := rec(
coefficientFieldConductor := 1,
exitCode := 0,
singularChart := 1,
singularOutput := "CF_EXACT_SINGULAR_CHART_1\nCF_EXACT_SINGULAR\nCF_SCRIPT_COMPLETED_OK\n",
status := "exact_singular" ) ) ],
finiteFieldTrials := [ rec(
exitCode := 0,
numberOfMembersTested := 31,
prime := 5,
singularOutput := "CF_SINGULAR_MEMBER_1_END\nCF_SINGULAR_MEMBER_2_END\nCF_SINGULAR_MEMBER_3_END\nCF_SINGULAR_MEMBER_4_END\nCF_SINGULAR_MEMBER_5_END\nCF_SINGULAR_MEMBER_6_END\nCF_SINGULAR_MEMBER_7_END\nCF_SINGULAR_MEMBER_8_END\nCF_SINGULAR_MEMBER_9_END\nCF_SINGULAR_MEMBER_10_END\nCF_SINGULAR_MEMBER_11_END\nCF_SINGULAR_MEMBER_12_END\nCF_SINGULAR_MEMBER_13_END\nCF_SINGULAR_MEMBER_14_END\nCF_SINGULAR_MEMBER_15_END\nCF_SINGULAR_MEMBER_16_END\nCF_SINGULAR_MEMBER_17_END\nCF_SINGULAR_MEMBER_18_END\nCF_SINGULAR_MEMBER_19_END\nCF_SINGULAR_MEMBER_20_END\nCF_SINGULAR_MEMBER_21_END\nCF_SINGULAR_MEMBER_22_END\nCF_SINGULAR_MEMBER_23_END\nCF_SINGULAR_MEMBER_24_END\nCF_SINGULAR_MEMBER_25_END\nCF_SINGULAR_MEMBER_26_END\nCF_SINGULAR_MEMBER_27_END\nCF_SINGULAR_MEMBER_28_END\nCF_SINGULAR_MEMBER_29_END\nCF_SINGULAR_MEMBER_30_END\nCF_SINGULAR_MEMBER_31_END\nCF_NO_SMOOTH_MEMBER\nCF_SCRIPT_COMPLETED_OK\n",
status := "no_smooth_in_batch",
witnessIndex := fail,
witnessVerificationPassed := false ), rec(
exitCode := 0,
numberOfMembersTested := 32,
prime := 7,
singularOutput := "CF_SINGULAR_MEMBER_1_END\nCF_SINGULAR_MEMBER_2_END\nCF_SINGULAR_MEMBER_3_END\nCF_SINGULAR_MEMBER_4_END\nCF_SINGULAR_MEMBER_5_END\nCF_SINGULAR_MEMBER_6_END\nCF_SINGULAR_MEMBER_7_END\nCF_SINGULAR_MEMBER_8_END\nCF_SINGULAR_MEMBER_9_END\nCF_SINGULAR_MEMBER_10_END\nCF_SINGULAR_MEMBER_11_END\nCF_SINGULAR_MEMBER_12_END\nCF_SINGULAR_MEMBER_13_END\nCF_SINGULAR_MEMBER_14_END\nCF_SINGULAR_MEMBER_15_END\nCF_SINGULAR_MEMBER_16_END\nCF_SINGULAR_MEMBER_17_END\nCF_SINGULAR_MEMBER_18_END\nCF_SINGULAR_MEMBER_19_END\nCF_SINGULAR_MEMBER_20_END\nCF_SINGULAR_MEMBER_21_END\nCF_SINGULAR_MEMBER_22_END\nCF_SINGULAR_MEMBER_23_END\nCF_SINGULAR_MEMBER_24_END\nCF_SINGULAR_MEMBER_25_END\nCF_SINGULAR_MEMBER_26_END\nCF_SINGULAR_MEMBER_27_END\nCF_SINGULAR_MEMBER_28_END\nCF_SINGULAR_MEMBER_29_END\nCF_SINGULAR_MEMBER_30_END\nCF_SINGULAR_MEMBER_31_END\nCF_SINGULAR_MEMBER_32_END\nCF_NO_SMOOTH_MEMBER\nCF_SCRIPT_COMPLETED_OK\n",
status := "no_smooth_in_batch",
witnessIndex := fail,
witnessVerificationPassed := false ), rec(
exitCode := 0,
numberOfMembersTested := 32,
prime := 11,
singularOutput := "CF_SINGULAR_MEMBER_1_END\nCF_SINGULAR_MEMBER_2_END\nCF_SINGULAR_MEMBER_3_END\nCF_SINGULAR_MEMBER_4_END\nCF_SINGULAR_MEMBER_5_END\nCF_SINGULAR_MEMBER_6_END\nCF_SINGULAR_MEMBER_7_END\nCF_SINGULAR_MEMBER_8_END\nCF_SINGULAR_MEMBER_9_END\nCF_SINGULAR_MEMBER_10_END\nCF_SINGULAR_MEMBER_11_END\nCF_SINGULAR_MEMBER_12_END\nCF_SINGULAR_MEMBER_13_END\nCF_SINGULAR_MEMBER_14_END\nCF_SINGULAR_MEMBER_15_END\nCF_SINGULAR_MEMBER_16_END\nCF_SINGULAR_MEMBER_17_END\nCF_SINGULAR_MEMBER_18_END\nCF_SINGULAR_MEMBER_19_END\nCF_SINGULAR_MEMBER_20_END\nCF_SINGULAR_MEMBER_21_END\nCF_SINGULAR_MEMBER_22_END\nCF_SINGULAR_MEMBER_23_END\nCF_SINGULAR_MEMBER_24_END\nCF_SINGULAR_MEMBER_25_END\nCF_SINGULAR_MEMBER_26_END\nCF_SINGULAR_MEMBER_27_END\nCF_SINGULAR_MEMBER_28_END\nCF_SINGULAR_MEMBER_29_END\nCF_SINGULAR_MEMBER_30_END\nCF_SINGULAR_MEMBER_31_END\nCF_SINGULAR_MEMBER_32_END\nCF_NO_SMOOTH_MEMBER\nCF_SCRIPT_COMPLETED_OK\n",
status := "no_smooth_in_batch",
witnessIndex := fail,
witnessVerificationPassed := false ) ],
method := "deterministic coefficient batch",
status := "no_smooth_witness" ),
guessedPolynomial := "(17)*x6^3 + (15)*x5*x6^2 + (15)*x5^2*x6 + (17)*x5^3 + (15)*x4*x6^2 + (6)*x4*x5*x6 + (15)*x4*x5^2 + (15)*x4^2*x6 + (15)*x4^2*x5 + (17)*x4^3 + (-34)*x3*x6^2 + (-25)*x3*x5*x6 + (-5)*x3*x5^2 + (-25)*x3*x4*x6 + (-4)*x3*x4*x5 + (-5)*x3*x4^2 + (17)*x3^2*x6 + (10)*x3^2*x5 + (10)*x3^2*x4 + (-5)*x2*x6^2 + (-25)*x2*x5*x6 + (-34)*x2*x5^2 + (-4)*x2*x4*x6 + (-25)*x2*x4*x5 + (-5)*x2*x4^2 + (5)*x2*x3*x6 + (5)*x2*x3*x5 + (2)*x2*x3*x4 + (10)*x2^2*x6 + (17)*x2^2*x5 + (10)*x2^2*x4 + (-5)*x1*x6^2 + (-4)*x1*x5*x6 + (-5)*x1*x5^2 + (-25)*x1*x4*x6 + (-25)*x1*x4*x5 + (-34)*x1*x4^2 + (5)*x1*x3*x6 + (2)*x1*x3*x5 + (5)*x1*x3*x4 + (2)*x1*x2*x6 + (5)*x1*x2*x5 + (5)*x1*x2*x4 + (10)*x1^2*x6 + (10)*x1^2*x5 + (17)*x1^2*x4",
isDirectKnownCase := false,
linearGId := [ 72, 27 ],
projectiveGId := [ 24, 5 ],
proofType := "an exact common singular point was found for the invariant basis",
status := "singular",
symplecticPart := "S3",
testedCoefficientCandidates := [ [ 2, 5, 10, 17 ], [ 1, 1, 1, 1 ], [ 1, 2, 3, 4 ], [ 1, -2, 3, -4 ], [ 1, -1, 0, 3 ], [ 1, 0, 0, 0 ], [ 0, 1, 0, 0 ], [ 0, 0, 1, 0 ], [ 0, 0, 0, 1 ], [ 1, 1, 0, 0 ], [ 1, -1, 0, 0 ], [ 1, 0, 1, 0 ], [ 1, 0, -1, 0 ], [ 1, 0, 0, 1 ], [ 1, 0, 0, -1 ], [ 0, 1, 1, 0 ], [ 0, 1, -1, 0 ], [ 0, 1, 0, 1 ], [ 0, 1, 0, -1 ], [ 0, 0, 1, 1 ], [ 0, 0, 1, -1 ], [ -6, 10, 6, -11 ], [ -10, 10, 9, 1 ], [ -5, -2, -3, -10 ], [ -9, -7, 3, 10 ], [ -1, -3, -2, -5 ], [ -1, -5, 11, 6 ], [ 1, -7, 7, 9 ], [ -2, 4, 1, -7 ], [ -9, -7, 3, -5 ], [ 1, -1, -6, -2 ], [ -9, 6, -1, 9 ] ] ), rec(
candidateNumber := 107,
centralizerDimension := 4,
commonPointChecks := 126,
commonSingularPoint := [ 1, E(3), E(3)^2, 0, 0, 0 ],
componentIndex := 1,
componentLabel := "Koike (3.6), generic index 1",
cubicInvariantDimension := 4,
determinantImageOrder := 4,
familyDimension := 0,
familyIndexWithinCase := 2,
genericIndex := 1,
guessedCoefficients := [ 2, 5, 10, 17 ],
guessedMemberTest := rec(
coefficientCandidates := [ [ 2, 5, 10, 17 ], [ 1, 1, 1, 1 ], [ 1, 2, 3, 4 ], [ 1, -2, 3, -4 ], [ 1, -1, 0, 3 ], [ 1, 0, 0, 0 ], [ 0, 1, 0, 0 ], [ 0, 0, 1, 0 ], [ 0, 0, 0, 1 ], [ 1, 1, 0, 0 ], [ 1, -1, 0, 0 ], [ 1, 0, 1, 0 ], [ 1, 0, -1, 0 ], [ 1, 0, 0, 1 ], [ 1, 0, 0, -1 ], [ 0, 1, 1, 0 ], [ 0, 1, -1, 0 ], [ 0, 1, 0, 1 ], [ 0, 1, 0, -1 ], [ 0, 0, 1, 1 ], [ 0, 0, 1, -1 ], [ -6, 10, 6, -11 ], [ -10, 10, 9, 1 ], [ -5, -2, -3, -10 ], [ -9, -7, 3, 10 ], [ -1, -3, -2, -5 ], [ -1, -5, 11, 6 ], [ 1, -7, 7, 9 ], [ -2, 4, 1, -7 ], [ -9, -7, 3, -5 ], [ 1, -1, -6, -2 ], [ -9, 6, -1, 9 ] ],
coefficientFieldConductor := 1,
exactTrials := [ rec(
coefficients := [ 2, 5, 10, 17 ],
trial := rec(
coefficientFieldConductor := 1,
exitCode := 0,
singularChart := 1,
singularOutput := "CF_EXACT_SINGULAR_CHART_1\nCF_EXACT_SINGULAR\nCF_SCRIPT_COMPLETED_OK\n",
status := "exact_singular" ) ), rec(
coefficients := [ 1, 1, 1, 1 ],
trial := rec(
coefficientFieldConductor := 1,
exitCode := 0,
singularChart := 1,
singularOutput := "CF_EXACT_SINGULAR_CHART_1\nCF_EXACT_SINGULAR\nCF_SCRIPT_COMPLETED_OK\n",
status := "exact_singular" ) ), rec(
coefficients := [ 1, 2, 3, 4 ],
trial := rec(
coefficientFieldConductor := 1,
exitCode := 0,
singularChart := 1,
singularOutput := "CF_EXACT_SINGULAR_CHART_1\nCF_EXACT_SINGULAR\nCF_SCRIPT_COMPLETED_OK\n",
status := "exact_singular" ) ), rec(
coefficients := [ 1, -2, 3, -4 ],
trial := rec(
coefficientFieldConductor := 1,
exitCode := 0,
singularChart := 1,
singularOutput := "CF_EXACT_SINGULAR_CHART_1\nCF_EXACT_SINGULAR\nCF_SCRIPT_COMPLETED_OK\n",
status := "exact_singular" ) ), rec(
coefficients := [ 1, -1, 0, 3 ],
trial := rec(
coefficientFieldConductor := 1,
exitCode := 0,
singularChart := 1,
singularOutput := "CF_EXACT_SINGULAR_CHART_1\nCF_EXACT_SINGULAR\nCF_SCRIPT_COMPLETED_OK\n",
status := "exact_singular" ) ), rec(
coefficients := [ 1, 0, 0, 0 ],
trial := rec(
coefficientFieldConductor := 1,
exitCode := 0,
singularChart := 1,
singularOutput := "CF_EXACT_SINGULAR_CHART_1\nCF_EXACT_SINGULAR\nCF_SCRIPT_COMPLETED_OK\n",
status := "exact_singular" ) ) ],
finiteFieldTrials := [ rec(
exitCode := 0,
numberOfMembersTested := 31,
prime := 5,
singularOutput := "CF_SINGULAR_MEMBER_1_END\nCF_SINGULAR_MEMBER_2_END\nCF_SINGULAR_MEMBER_3_END\nCF_SINGULAR_MEMBER_4_END\nCF_SINGULAR_MEMBER_5_END\nCF_SINGULAR_MEMBER_6_END\nCF_SINGULAR_MEMBER_7_END\nCF_SINGULAR_MEMBER_8_END\nCF_SINGULAR_MEMBER_9_END\nCF_SINGULAR_MEMBER_10_END\nCF_SINGULAR_MEMBER_11_END\nCF_SINGULAR_MEMBER_12_END\nCF_SINGULAR_MEMBER_13_END\nCF_SINGULAR_MEMBER_14_END\nCF_SINGULAR_MEMBER_15_END\nCF_SINGULAR_MEMBER_16_END\nCF_SINGULAR_MEMBER_17_END\nCF_SINGULAR_MEMBER_18_END\nCF_SINGULAR_MEMBER_19_END\nCF_SINGULAR_MEMBER_20_END\nCF_SINGULAR_MEMBER_21_END\nCF_SINGULAR_MEMBER_22_END\nCF_SINGULAR_MEMBER_23_END\nCF_SINGULAR_MEMBER_24_END\nCF_SINGULAR_MEMBER_25_END\nCF_SINGULAR_MEMBER_26_END\nCF_SINGULAR_MEMBER_27_END\nCF_SINGULAR_MEMBER_28_END\nCF_SINGULAR_MEMBER_29_END\nCF_SINGULAR_MEMBER_30_END\nCF_SINGULAR_MEMBER_31_END\nCF_NO_SMOOTH_MEMBER\nCF_SCRIPT_COMPLETED_OK\n",
status := "no_smooth_in_batch",
witnessIndex := fail,
witnessVerificationPassed := false ), rec(
exitCode := 0,
numberOfMembersTested := 32,
prime := 7,
singularOutput := "CF_SINGULAR_MEMBER_1_END\nCF_SINGULAR_MEMBER_2_END\nCF_SINGULAR_MEMBER_3_END\nCF_SINGULAR_MEMBER_4_END\nCF_SINGULAR_MEMBER_5_END\nCF_SINGULAR_MEMBER_6_END\nCF_SINGULAR_MEMBER_7_END\nCF_SINGULAR_MEMBER_8_END\nCF_SINGULAR_MEMBER_9_END\nCF_SINGULAR_MEMBER_10_END\nCF_SINGULAR_MEMBER_11_END\nCF_SINGULAR_MEMBER_12_END\nCF_SINGULAR_MEMBER_13_END\nCF_SINGULAR_MEMBER_14_END\nCF_SINGULAR_MEMBER_15_END\nCF_SINGULAR_MEMBER_16_END\nCF_SINGULAR_MEMBER_17_END\nCF_SINGULAR_MEMBER_18_END\nCF_SINGULAR_MEMBER_19_END\nCF_SINGULAR_MEMBER_20_END\nCF_SINGULAR_MEMBER_21_END\nCF_SINGULAR_MEMBER_22_END\nCF_SINGULAR_MEMBER_23_END\nCF_SINGULAR_MEMBER_24_END\nCF_SINGULAR_MEMBER_25_END\nCF_SINGULAR_MEMBER_26_END\nCF_SINGULAR_MEMBER_27_END\nCF_SINGULAR_MEMBER_28_END\nCF_SINGULAR_MEMBER_29_END\nCF_SINGULAR_MEMBER_30_END\nCF_SINGULAR_MEMBER_31_END\nCF_SINGULAR_MEMBER_32_END\nCF_NO_SMOOTH_MEMBER\nCF_SCRIPT_COMPLETED_OK\n",
status := "no_smooth_in_batch",
witnessIndex := fail,
witnessVerificationPassed := false ), rec(
exitCode := 0,
numberOfMembersTested := 32,
prime := 11,
singularOutput := "CF_SINGULAR_MEMBER_1_END\nCF_SINGULAR_MEMBER_2_END\nCF_SINGULAR_MEMBER_3_END\nCF_SINGULAR_MEMBER_4_END\nCF_SINGULAR_MEMBER_5_END\nCF_SINGULAR_MEMBER_6_END\nCF_SINGULAR_MEMBER_7_END\nCF_SINGULAR_MEMBER_8_END\nCF_SINGULAR_MEMBER_9_END\nCF_SINGULAR_MEMBER_10_END\nCF_SINGULAR_MEMBER_11_END\nCF_SINGULAR_MEMBER_12_END\nCF_SINGULAR_MEMBER_13_END\nCF_SINGULAR_MEMBER_14_END\nCF_SINGULAR_MEMBER_15_END\nCF_SINGULAR_MEMBER_16_END\nCF_SINGULAR_MEMBER_17_END\nCF_SINGULAR_MEMBER_18_END\nCF_SINGULAR_MEMBER_19_END\nCF_SINGULAR_MEMBER_20_END\nCF_SINGULAR_MEMBER_21_END\nCF_SINGULAR_MEMBER_22_END\nCF_SINGULAR_MEMBER_23_END\nCF_SINGULAR_MEMBER_24_END\nCF_SINGULAR_MEMBER_25_END\nCF_SINGULAR_MEMBER_26_END\nCF_SINGULAR_MEMBER_27_END\nCF_SINGULAR_MEMBER_28_END\nCF_SINGULAR_MEMBER_29_END\nCF_SINGULAR_MEMBER_30_END\nCF_SINGULAR_MEMBER_31_END\nCF_SINGULAR_MEMBER_32_END\nCF_NO_SMOOTH_MEMBER\nCF_SCRIPT_COMPLETED_OK\n",
status := "no_smooth_in_batch",
witnessIndex := fail,
witnessVerificationPassed := false ) ],
method := "deterministic coefficient batch",
status := "no_smooth_witness" ),
guessedPolynomial := "(2)*x6^3 + (75/2)*x5*x6^2 + (75/2)*x5^2*x6 + (2)*x5^3 + (75/2)*x4*x6^2 + (-96)*x4*x5*x6 + (75/2)*x4*x5^2 + (75/2)*x4^2*x6 + (75/2)*x4^2*x5 + (2)*x4^3 + (-34)*x3*x6^2 + (-25)*x3*x5*x6 + (-5)*x3*x5^2 + (-25)*x3*x4*x6 + (4)*x3*x4*x5 + (-5)*x3*x4^2 + (17)*x3^2*x6 + (10)*x3^2*x5 + (10)*x3^2*x4 + (-5)*x2*x6^2 + (-25)*x2*x5*x6 + (-34)*x2*x5^2 + (4)*x2*x4*x6 + (-25)*x2*x4*x5 + (-5)*x2*x4^2 + (5)*x2*x3*x6 + (5)*x2*x3*x5 + (-2)*x2*x3*x4 + (10)*x2^2*x6 + (17)*x2^2*x5 + (10)*x2^2*x4 + (-5)*x1*x6^2 + (4)*x1*x5*x6 + (-5)*x1*x5^2 + (-25)*x1*x4*x6 + (-25)*x1*x4*x5 + (-34)*x1*x4^2 + (5)*x1*x3*x6 + (-2)*x1*x3*x5 + (5)*x1*x3*x4 + (-2)*x1*x2*x6 + (5)*x1*x2*x5 + (5)*x1*x2*x4 + (10)*x1^2*x6 + (10)*x1^2*x5 + (17)*x1^2*x4",
isDirectKnownCase := false,
linearGId := [ 72, 27 ],
projectiveGId := [ 24, 5 ],
proofType := "an exact common singular point was found for the invariant basis",
status := "singular",
symplecticPart := "S3",
testedCoefficientCandidates := [ [ 2, 5, 10, 17 ], [ 1, 1, 1, 1 ], [ 1, 2, 3, 4 ], [ 1, -2, 3, -4 ], [ 1, -1, 0, 3 ], [ 1, 0, 0, 0 ], [ 0, 1, 0, 0 ], [ 0, 0, 1, 0 ], [ 0, 0, 0, 1 ], [ 1, 1, 0, 0 ], [ 1, -1, 0, 0 ], [ 1, 0, 1, 0 ], [ 1, 0, -1, 0 ], [ 1, 0, 0, 1 ], [ 1, 0, 0, -1 ], [ 0, 1, 1, 0 ], [ 0, 1, -1, 0 ], [ 0, 1, 0, 1 ], [ 0, 1, 0, -1 ], [ 0, 0, 1, 1 ], [ 0, 0, 1, -1 ], [ -6, 10, 6, -11 ], [ -10, 10, 9, 1 ], [ -5, -2, -3, -10 ], [ -9, -7, 3, 10 ], [ -1, -3, -2, -5 ], [ -1, -5, 11, 6 ], [ 1, -7, 7, 9 ], [ -2, 4, 1, -7 ], [ -9, -7, 3, -5 ], [ 1, -1, -6, -2 ], [ -9, 6, -1, 9 ] ] ), rec(
candidateNumber := 108,
centralizerDimension := 4,
commonSingularChart := 1,
componentIndex := 1,
componentLabel := "Koike (3.6), generic index 1",
cubicInvariantDimension := 4,
determinantImageOrder := 4,
exactCommonLocusTest := rec(
coefficientFieldConductor := 1,
exitCode := 0,
singularChart := 1,
singularOutput := "CF_EXACT_COMMON_SINGULAR_CHART_1\nCF_EXACT_COMMON_SINGULAR_POINT\nCF_SCRIPT_COMPLETED_OK\n",
status := "common_singular_point_exists" ),
familyDimension := 0,
familyIndexWithinCase := 3,
genericIndex := 1,
guessedCoefficients := [ 2, 5, 10, 17 ],
guessedMemberTest := rec(
coefficientCandidates := [ [ 2, 5, 10, 17 ], [ 1, 1, 1, 1 ], [ 1, 2, 3, 4 ], [ 1, -2, 3, -4 ], [ 1, -1, 0, 3 ], [ 1, 0, 0, 0 ], [ 0, 1, 0, 0 ], [ 0, 0, 1, 0 ], [ 0, 0, 0, 1 ], [ 1, 1, 0, 0 ], [ 1, -1, 0, 0 ], [ 1, 0, 1, 0 ], [ 1, 0, -1, 0 ], [ 1, 0, 0, 1 ], [ 1, 0, 0, -1 ], [ 0, 1, 1, 0 ], [ 0, 1, -1, 0 ], [ 0, 1, 0, 1 ], [ 0, 1, 0, -1 ], [ 0, 0, 1, 1 ], [ 0, 0, 1, -1 ], [ -6, 10, 6, -11 ], [ -10, 10, 9, 1 ], [ -5, -2, -3, -10 ], [ -9, -7, 3, 10 ], [ -1, -3, -2, -5 ], [ -1, -5, 11, 6 ], [ 1, -7, 7, 9 ], [ -2, 4, 1, -7 ], [ -9, -7, 3, -5 ], [ 1, -1, -6, -2 ], [ -9, 6, -1, 9 ] ],
coefficientFieldConductor := 1,
exactTrials := [ rec(
coefficients := [ 2, 5, 10, 17 ],
trial := rec(
coefficientFieldConductor := 1,
exitCode := 0,
singularChart := 1,
singularOutput := "CF_EXACT_SINGULAR_CHART_1\nCF_EXACT_SINGULAR\nCF_SCRIPT_COMPLETED_OK\n",
status := "exact_singular" ) ), rec(
coefficients := [ 1, 1, 1, 1 ],
trial := rec(
coefficientFieldConductor := 1,
exitCode := 0,
singularChart := 1,
singularOutput := "CF_EXACT_SINGULAR_CHART_1\nCF_EXACT_SINGULAR\nCF_SCRIPT_COMPLETED_OK\n",
status := "exact_singular" ) ), rec(
coefficients := [ 1, 2, 3, 4 ],
trial := rec(
coefficientFieldConductor := 1,
exitCode := 0,
singularChart := 1,
singularOutput := "CF_EXACT_SINGULAR_CHART_1\nCF_EXACT_SINGULAR\nCF_SCRIPT_COMPLETED_OK\n",
status := "exact_singular" ) ), rec(
coefficients := [ 1, -2, 3, -4 ],
trial := rec(
coefficientFieldConductor := 1,
exitCode := 0,
singularChart := 1,
singularOutput := "CF_EXACT_SINGULAR_CHART_1\nCF_EXACT_SINGULAR\nCF_SCRIPT_COMPLETED_OK\n",
status := "exact_singular" ) ), rec(
coefficients := [ 1, -1, 0, 3 ],
trial := rec(
coefficientFieldConductor := 1,
exitCode := 0,
singularChart := 1,
singularOutput := "CF_EXACT_SINGULAR_CHART_1\nCF_EXACT_SINGULAR\nCF_SCRIPT_COMPLETED_OK\n",
status := "exact_singular" ) ), rec(
coefficients := [ 1, 0, 0, 0 ],
trial := rec(
coefficientFieldConductor := 1,
exitCode := 0,
singularChart := 1,
singularOutput := "CF_EXACT_SINGULAR_CHART_1\nCF_EXACT_SINGULAR\nCF_SCRIPT_COMPLETED_OK\n",
status := "exact_singular" ) ) ],
finiteFieldTrials := [ rec(
exitCode := 0,
numberOfMembersTested := 31,
prime := 5,
singularOutput := "CF_SINGULAR_MEMBER_1_END\nCF_SINGULAR_MEMBER_2_END\nCF_SINGULAR_MEMBER_3_END\nCF_SINGULAR_MEMBER_4_END\nCF_SINGULAR_MEMBER_5_END\nCF_SINGULAR_MEMBER_6_END\nCF_SINGULAR_MEMBER_7_END\nCF_SINGULAR_MEMBER_8_END\nCF_SINGULAR_MEMBER_9_END\nCF_SINGULAR_MEMBER_10_END\nCF_SINGULAR_MEMBER_11_END\nCF_SINGULAR_MEMBER_12_END\nCF_SINGULAR_MEMBER_13_END\nCF_SINGULAR_MEMBER_14_END\nCF_SINGULAR_MEMBER_15_END\nCF_SINGULAR_MEMBER_16_END\nCF_SINGULAR_MEMBER_17_END\nCF_SINGULAR_MEMBER_18_END\nCF_SINGULAR_MEMBER_19_END\nCF_SINGULAR_MEMBER_20_END\nCF_SINGULAR_MEMBER_21_END\nCF_SINGULAR_MEMBER_22_END\nCF_SINGULAR_MEMBER_23_END\nCF_SINGULAR_MEMBER_24_END\nCF_SINGULAR_MEMBER_25_END\nCF_SINGULAR_MEMBER_26_END\nCF_SINGULAR_MEMBER_27_END\nCF_SINGULAR_MEMBER_28_END\nCF_SINGULAR_MEMBER_29_END\nCF_SINGULAR_MEMBER_30_END\nCF_SINGULAR_MEMBER_31_END\nCF_NO_SMOOTH_MEMBER\nCF_SCRIPT_COMPLETED_OK\n",
status := "no_smooth_in_batch",
witnessIndex := fail,
witnessVerificationPassed := false ), rec(
exitCode := 0,
numberOfMembersTested := 32,
prime := 7,
singularOutput := "CF_SINGULAR_MEMBER_1_END\nCF_SINGULAR_MEMBER_2_END\nCF_SINGULAR_MEMBER_3_END\nCF_SINGULAR_MEMBER_4_END\nCF_SINGULAR_MEMBER_5_END\nCF_SINGULAR_MEMBER_6_END\nCF_SINGULAR_MEMBER_7_END\nCF_SINGULAR_MEMBER_8_END\nCF_SINGULAR_MEMBER_9_END\nCF_SINGULAR_MEMBER_10_END\nCF_SINGULAR_MEMBER_11_END\nCF_SINGULAR_MEMBER_12_END\nCF_SINGULAR_MEMBER_13_END\nCF_SINGULAR_MEMBER_14_END\nCF_SINGULAR_MEMBER_15_END\nCF_SINGULAR_MEMBER_16_END\nCF_SINGULAR_MEMBER_17_END\nCF_SINGULAR_MEMBER_18_END\nCF_SINGULAR_MEMBER_19_END\nCF_SINGULAR_MEMBER_20_END\nCF_SINGULAR_MEMBER_21_END\nCF_SINGULAR_MEMBER_22_END\nCF_SINGULAR_MEMBER_23_END\nCF_SINGULAR_MEMBER_24_END\nCF_SINGULAR_MEMBER_25_END\nCF_SINGULAR_MEMBER_26_END\nCF_SINGULAR_MEMBER_27_END\nCF_SINGULAR_MEMBER_28_END\nCF_SINGULAR_MEMBER_29_END\nCF_SINGULAR_MEMBER_30_END\nCF_SINGULAR_MEMBER_31_END\nCF_SINGULAR_MEMBER_32_END\nCF_NO_SMOOTH_MEMBER\nCF_SCRIPT_COMPLETED_OK\n",
status := "no_smooth_in_batch",
witnessIndex := fail,
witnessVerificationPassed := false ), rec(
exitCode := 0,
numberOfMembersTested := 32,
prime := 11,
singularOutput := "CF_SINGULAR_MEMBER_1_END\nCF_SINGULAR_MEMBER_2_END\nCF_SINGULAR_MEMBER_3_END\nCF_SINGULAR_MEMBER_4_END\nCF_SINGULAR_MEMBER_5_END\nCF_SINGULAR_MEMBER_6_END\nCF_SINGULAR_MEMBER_7_END\nCF_SINGULAR_MEMBER_8_END\nCF_SINGULAR_MEMBER_9_END\nCF_SINGULAR_MEMBER_10_END\nCF_SINGULAR_MEMBER_11_END\nCF_SINGULAR_MEMBER_12_END\nCF_SINGULAR_MEMBER_13_END\nCF_SINGULAR_MEMBER_14_END\nCF_SINGULAR_MEMBER_15_END\nCF_SINGULAR_MEMBER_16_END\nCF_SINGULAR_MEMBER_17_END\nCF_SINGULAR_MEMBER_18_END\nCF_SINGULAR_MEMBER_19_END\nCF_SINGULAR_MEMBER_20_END\nCF_SINGULAR_MEMBER_21_END\nCF_SINGULAR_MEMBER_22_END\nCF_SINGULAR_MEMBER_23_END\nCF_SINGULAR_MEMBER_24_END\nCF_SINGULAR_MEMBER_25_END\nCF_SINGULAR_MEMBER_26_END\nCF_SINGULAR_MEMBER_27_END\nCF_SINGULAR_MEMBER_28_END\nCF_SINGULAR_MEMBER_29_END\nCF_SINGULAR_MEMBER_30_END\nCF_SINGULAR_MEMBER_31_END\nCF_SINGULAR_MEMBER_32_END\nCF_NO_SMOOTH_MEMBER\nCF_SCRIPT_COMPLETED_OK\n",
status := "no_smooth_in_batch",
witnessIndex := fail,
witnessVerificationPassed := false ) ],
method := "deterministic coefficient batch",
status := "no_smooth_witness" ),
guessedPolynomial := "(2)*x6^3 + (-6)*x5*x6^2 + (-6)*x5^2*x6 + (2)*x5^3 + (-6)*x4*x6^2 + (363)*x4*x5*x6 + (-6)*x4*x5^2 + (-6)*x4^2*x6 + (-6)*x4^2*x5 + (2)*x4^3 + (5)*x3*x6^2 + (-41/2)*x3*x5*x6 + (-79/2)*x3*x5^2 + (-41/2)*x3*x4*x6 + (-107)*x3*x4*x5 + (-79/2)*x3*x4^2 + (17)*x3^2*x6 + (10)*x3^2*x5 + (10)*x3^2*x4 + (-79/2)*x2*x6^2 + (-41/2)*x2*x5*x6 + (5)*x2*x5^2 + (-107)*x2*x4*x6 + (-41/2)*x2*x4*x5 + (-79/2)*x2*x4^2 + (20)*x2*x3*x6 + (20)*x2*x3*x5 + (34)*x2*x3*x4 + (10)*x2^2*x6 + (17)*x2^2*x5 + (10)*x2^2*x4 + (-79/2)*x1*x6^2 + (-107)*x1*x5*x6 + (-79/2)*x1*x5^2 + (-41/2)*x1*x4*x6 + (-41/2)*x1*x4*x5 + (5)*x1*x4^2 + (20)*x1*x3*x6 + (34)*x1*x3*x5 + (20)*x1*x3*x4 + (34)*x1*x2*x6 + (20)*x1*x2*x5 + (20)*x1*x2*x4 + (10)*x1^2*x6 + (10)*x1^2*x5 + (17)*x1^2*x4",
isDirectKnownCase := false,
linearGId := [ 72, 27 ],
projectiveGId := [ 24, 5 ],
proofType := "the invariant basis has a nonempty exact common projective Jacobian locus",
status := "singular",
symplecticPart := "S3",
testedCoefficientCandidates := [ [ 2, 5, 10, 17 ], [ 1, 1, 1, 1 ], [ 1, 2, 3, 4 ], [ 1, -2, 3, -4 ], [ 1, -1, 0, 3 ], [ 1, 0, 0, 0 ], [ 0, 1, 0, 0 ], [ 0, 0, 1, 0 ], [ 0, 0, 0, 1 ], [ 1, 1, 0, 0 ], [ 1, -1, 0, 0 ], [ 1, 0, 1, 0 ], [ 1, 0, -1, 0 ], [ 1, 0, 0, 1 ], [ 1, 0, 0, -1 ], [ 0, 1, 1, 0 ], [ 0, 1, -1, 0 ], [ 0, 1, 0, 1 ], [ 0, 1, 0, -1 ], [ 0, 0, 1, 1 ], [ 0, 0, 1, -1 ], [ -6, 10, 6, -11 ], [ -10, 10, 9, 1 ], [ -5, -2, -3, -10 ], [ -9, -7, 3, 10 ], [ -1, -3, -2, -5 ], [ -1, -5, 11, 6 ], [ 1, -7, 7, 9 ], [ -2, 4, 1, -7 ], [ -9, -7, 3, -5 ], [ 1, -1, -6, -2 ], [ -9, 6, -1, 9 ] ] ), rec(
candidateNumber := 109,
centralizerDimension := 4,
commonPointChecks := 97,
commonSingularPoint := [ 1, 1, 1, 0, 0, 0 ],
componentIndex := 1,
componentLabel := "Koike (3.6), generic index 1",
cubicInvariantDimension := 4,
determinantImageOrder := 4,
familyDimension := 0,
familyIndexWithinCase := 4,
genericIndex := 1,
guessedCoefficients := [ 2, 5, 10, 17 ],
guessedMemberTest := rec(
coefficientCandidates := [ [ 2, 5, 10, 17 ], [ 1, 1, 1, 1 ], [ 1, 2, 3, 4 ], [ 1, -2, 3, -4 ], [ 1, -1, 0, 3 ], [ 1, 0, 0, 0 ], [ 0, 1, 0, 0 ], [ 0, 0, 1, 0 ], [ 0, 0, 0, 1 ], [ 1, 1, 0, 0 ], [ 1, -1, 0, 0 ], [ 1, 0, 1, 0 ], [ 1, 0, -1, 0 ], [ 1, 0, 0, 1 ], [ 1, 0, 0, -1 ], [ 0, 1, 1, 0 ], [ 0, 1, -1, 0 ], [ 0, 1, 0, 1 ], [ 0, 1, 0, -1 ], [ 0, 0, 1, 1 ], [ 0, 0, 1, -1 ], [ -6, 10, 6, -11 ], [ -10, 10, 9, 1 ], [ -5, -2, -3, -10 ], [ -9, -7, 3, 10 ], [ -1, -3, -2, -5 ], [ -1, -5, 11, 6 ], [ 1, -7, 7, 9 ], [ -2, 4, 1, -7 ], [ -9, -7, 3, -5 ], [ 1, -1, -6, -2 ], [ -9, 6, -1, 9 ] ],
coefficientFieldConductor := 1,
exactTrials := [ rec(
coefficients := [ 2, 5, 10, 17 ],
trial := rec(
coefficientFieldConductor := 1,
exitCode := 0,
singularChart := 1,
singularOutput := "CF_EXACT_SINGULAR_CHART_1\nCF_EXACT_SINGULAR\nCF_SCRIPT_COMPLETED_OK\n",
status := "exact_singular" ) ), rec(
coefficients := [ 1, 1, 1, 1 ],
trial := rec(
coefficientFieldConductor := 1,
exitCode := 0,
singularChart := 1,
singularOutput := "CF_EXACT_SINGULAR_CHART_1\nCF_EXACT_SINGULAR\nCF_SCRIPT_COMPLETED_OK\n",
status := "exact_singular" ) ), rec(
coefficients := [ 1, 2, 3, 4 ],
trial := rec(
coefficientFieldConductor := 1,
exitCode := 0,
singularChart := 1,
singularOutput := "CF_EXACT_SINGULAR_CHART_1\nCF_EXACT_SINGULAR\nCF_SCRIPT_COMPLETED_OK\n",
status := "exact_singular" ) ), rec(
coefficients := [ 1, -2, 3, -4 ],
trial := rec(
coefficientFieldConductor := 1,
exitCode := 0,
singularChart := 1,
singularOutput := "CF_EXACT_SINGULAR_CHART_1\nCF_EXACT_SINGULAR\nCF_SCRIPT_COMPLETED_OK\n",
status := "exact_singular" ) ), rec(
coefficients := [ 1, -1, 0, 3 ],
trial := rec(
coefficientFieldConductor := 1,
exitCode := 0,
singularChart := 1,
singularOutput := "CF_EXACT_SINGULAR_CHART_1\nCF_EXACT_SINGULAR\nCF_SCRIPT_COMPLETED_OK\n",
status := "exact_singular" ) ), rec(
coefficients := [ 1, 0, 0, 0 ],
trial := rec(
coefficientFieldConductor := 1,
exitCode := 0,
singularChart := 1,
singularOutput := "CF_EXACT_SINGULAR_CHART_1\nCF_EXACT_SINGULAR\nCF_SCRIPT_COMPLETED_OK\n",
status := "exact_singular" ) ) ],
finiteFieldTrials := [ rec(
exitCode := 0,
numberOfMembersTested := 31,
prime := 5,
singularOutput := "CF_SINGULAR_MEMBER_1_END\nCF_SINGULAR_MEMBER_2_END\nCF_SINGULAR_MEMBER_3_END\nCF_SINGULAR_MEMBER_4_END\nCF_SINGULAR_MEMBER_5_END\nCF_SINGULAR_MEMBER_6_END\nCF_SINGULAR_MEMBER_7_END\nCF_SINGULAR_MEMBER_8_END\nCF_SINGULAR_MEMBER_9_END\nCF_SINGULAR_MEMBER_10_END\nCF_SINGULAR_MEMBER_11_END\nCF_SINGULAR_MEMBER_12_END\nCF_SINGULAR_MEMBER_13_END\nCF_SINGULAR_MEMBER_14_END\nCF_SINGULAR_MEMBER_15_END\nCF_SINGULAR_MEMBER_16_END\nCF_SINGULAR_MEMBER_17_END\nCF_SINGULAR_MEMBER_18_END\nCF_SINGULAR_MEMBER_19_END\nCF_SINGULAR_MEMBER_20_END\nCF_SINGULAR_MEMBER_21_END\nCF_SINGULAR_MEMBER_22_END\nCF_SINGULAR_MEMBER_23_END\nCF_SINGULAR_MEMBER_24_END\nCF_SINGULAR_MEMBER_25_END\nCF_SINGULAR_MEMBER_26_END\nCF_SINGULAR_MEMBER_27_END\nCF_SINGULAR_MEMBER_28_END\nCF_SINGULAR_MEMBER_29_END\nCF_SINGULAR_MEMBER_30_END\nCF_SINGULAR_MEMBER_31_END\nCF_NO_SMOOTH_MEMBER\nCF_SCRIPT_COMPLETED_OK\n",
status := "no_smooth_in_batch",
witnessIndex := fail,
witnessVerificationPassed := false ), rec(
exitCode := 0,
numberOfMembersTested := 32,
prime := 7,
singularOutput := "CF_SINGULAR_MEMBER_1_END\nCF_SINGULAR_MEMBER_2_END\nCF_SINGULAR_MEMBER_3_END\nCF_SINGULAR_MEMBER_4_END\nCF_SINGULAR_MEMBER_5_END\nCF_SINGULAR_MEMBER_6_END\nCF_SINGULAR_MEMBER_7_END\nCF_SINGULAR_MEMBER_8_END\nCF_SINGULAR_MEMBER_9_END\nCF_SINGULAR_MEMBER_10_END\nCF_SINGULAR_MEMBER_11_END\nCF_SINGULAR_MEMBER_12_END\nCF_SINGULAR_MEMBER_13_END\nCF_SINGULAR_MEMBER_14_END\nCF_SINGULAR_MEMBER_15_END\nCF_SINGULAR_MEMBER_16_END\nCF_SINGULAR_MEMBER_17_END\nCF_SINGULAR_MEMBER_18_END\nCF_SINGULAR_MEMBER_19_END\nCF_SINGULAR_MEMBER_20_END\nCF_SINGULAR_MEMBER_21_END\nCF_SINGULAR_MEMBER_22_END\nCF_SINGULAR_MEMBER_23_END\nCF_SINGULAR_MEMBER_24_END\nCF_SINGULAR_MEMBER_25_END\nCF_SINGULAR_MEMBER_26_END\nCF_SINGULAR_MEMBER_27_END\nCF_SINGULAR_MEMBER_28_END\nCF_SINGULAR_MEMBER_29_END\nCF_SINGULAR_MEMBER_30_END\nCF_SINGULAR_MEMBER_31_END\nCF_SINGULAR_MEMBER_32_END\nCF_NO_SMOOTH_MEMBER\nCF_SCRIPT_COMPLETED_OK\n",
status := "no_smooth_in_batch",
witnessIndex := fail,
witnessVerificationPassed := false ), rec(
exitCode := 0,
numberOfMembersTested := 32,
prime := 11,
singularOutput := "CF_SINGULAR_MEMBER_1_END\nCF_SINGULAR_MEMBER_2_END\nCF_SINGULAR_MEMBER_3_END\nCF_SINGULAR_MEMBER_4_END\nCF_SINGULAR_MEMBER_5_END\nCF_SINGULAR_MEMBER_6_END\nCF_SINGULAR_MEMBER_7_END\nCF_SINGULAR_MEMBER_8_END\nCF_SINGULAR_MEMBER_9_END\nCF_SINGULAR_MEMBER_10_END\nCF_SINGULAR_MEMBER_11_END\nCF_SINGULAR_MEMBER_12_END\nCF_SINGULAR_MEMBER_13_END\nCF_SINGULAR_MEMBER_14_END\nCF_SINGULAR_MEMBER_15_END\nCF_SINGULAR_MEMBER_16_END\nCF_SINGULAR_MEMBER_17_END\nCF_SINGULAR_MEMBER_18_END\nCF_SINGULAR_MEMBER_19_END\nCF_SINGULAR_MEMBER_20_END\nCF_SINGULAR_MEMBER_21_END\nCF_SINGULAR_MEMBER_22_END\nCF_SINGULAR_MEMBER_23_END\nCF_SINGULAR_MEMBER_24_END\nCF_SINGULAR_MEMBER_25_END\nCF_SINGULAR_MEMBER_26_END\nCF_SINGULAR_MEMBER_27_END\nCF_SINGULAR_MEMBER_28_END\nCF_SINGULAR_MEMBER_29_END\nCF_SINGULAR_MEMBER_30_END\nCF_SINGULAR_MEMBER_31_END\nCF_SINGULAR_MEMBER_32_END\nCF_NO_SMOOTH_MEMBER\nCF_SCRIPT_COMPLETED_OK\n",
status := "no_smooth_in_batch",
witnessIndex := fail,
witnessVerificationPassed := false ) ],
method := "deterministic coefficient batch",
status := "no_smooth_witness" ),
guessedPolynomial := "(5)*x6^3 + (2)*x5*x6^2 + (2)*x5^2*x6 + (5)*x5^3 + (2)*x4*x6^2 + (-45/2)*x4*x5*x6 + (2)*x4*x5^2 + (2)*x4^2*x6 + (2)*x4^2*x5 + (5)*x4^3 + (-34)*x3*x6^2 + (7)*x3*x5*x6 + (-10)*x3*x5^2 + (7)*x3*x4*x6 + (40)*x3*x4*x5 + (-10)*x3*x4^2 + (17)*x3^2*x6 + (-17/2)*x3^2*x5 + (-17/2)*x3^2*x4 + (-10)*x2*x6^2 + (7)*x2*x5*x6 + (-34)*x2*x5^2 + (40)*x2*x4*x6 + (7)*x2*x4*x5 + (-10)*x2*x4^2 + (10)*x2*x3*x6 + (10)*x2*x3*x5 + (-20)*x2*x3*x4 + (-17/2)*x2^2*x6 + (17)*x2^2*x5 + (-17/2)*x2^2*x4 + (-10)*x1*x6^2 + (40)*x1*x5*x6 + (-10)*x1*x5^2 + (7)*x1*x4*x6 + (7)*x1*x4*x5 + (-34)*x1*x4^2 + (10)*x1*x3*x6 + (-20)*x1*x3*x5 + (10)*x1*x3*x4 + (-20)*x1*x2*x6 + (10)*x1*x2*x5 + (10)*x1*x2*x4 + (-17/2)*x1^2*x6 + (-17/2)*x1^2*x5 + (17)*x1^2*x4",
isDirectKnownCase := false,
linearGId := [ 72, 27 ],
projectiveGId := [ 24, 5 ],
proofType := "an exact common singular point was found for the invariant basis",
status := "singular",
symplecticPart := "S3",
testedCoefficientCandidates := [ [ 2, 5, 10, 17 ], [ 1, 1, 1, 1 ], [ 1, 2, 3, 4 ], [ 1, -2, 3, -4 ], [ 1, -1, 0, 3 ], [ 1, 0, 0, 0 ], [ 0, 1, 0, 0 ], [ 0, 0, 1, 0 ], [ 0, 0, 0, 1 ], [ 1, 1, 0, 0 ], [ 1, -1, 0, 0 ], [ 1, 0, 1, 0 ], [ 1, 0, -1, 0 ], [ 1, 0, 0, 1 ], [ 1, 0, 0, -1 ], [ 0, 1, 1, 0 ], [ 0, 1, -1, 0 ], [ 0, 1, 0, 1 ], [ 0, 1, 0, -1 ], [ 0, 0, 1, 1 ], [ 0, 0, 1, -1 ], [ -6, 10, 6, -11 ], [ -10, 10, 9, 1 ], [ -5, -2, -3, -10 ], [ -9, -7, 3, 10 ], [ -1, -3, -2, -5 ], [ -1, -5, 11, 6 ], [ 1, -7, 7, 9 ], [ -2, 4, 1, -7 ], [ -9, -7, 3, -5 ], [ 1, -1, -6, -2 ], [ -9, 6, -1, 9 ] ] ), rec(
candidateNumber := 110,
centralizerDimension := 4,
commonPointChecks := 8,
commonSingularPoint := [ 1, -1, 0, 0, 0, 0 ],
componentIndex := 1,
componentLabel := "Koike (3.6), generic index 1",
cubicInvariantDimension := 4,
determinantImageOrder := 4,
familyDimension := 0,
familyIndexWithinCase := 5,
genericIndex := 1,
guessedCoefficients := [ 2, 5, 10, 17 ],
guessedMemberTest := rec(
coefficientCandidates := [ [ 2, 5, 10, 17 ], [ 1, 1, 1, 1 ], [ 1, 2, 3, 4 ], [ 1, -2, 3, -4 ], [ 1, -1, 0, 3 ], [ 1, 0, 0, 0 ], [ 0, 1, 0, 0 ], [ 0, 0, 1, 0 ], [ 0, 0, 0, 1 ], [ 1, 1, 0, 0 ], [ 1, -1, 0, 0 ], [ 1, 0, 1, 0 ], [ 1, 0, -1, 0 ], [ 1, 0, 0, 1 ], [ 1, 0, 0, -1 ], [ 0, 1, 1, 0 ], [ 0, 1, -1, 0 ], [ 0, 1, 0, 1 ], [ 0, 1, 0, -1 ], [ 0, 0, 1, 1 ], [ 0, 0, 1, -1 ], [ -6, 10, 6, -11 ], [ -10, 10, 9, 1 ], [ -5, -2, -3, -10 ], [ -9, -7, 3, 10 ], [ -1, -3, -2, -5 ], [ -1, -5, 11, 6 ], [ 1, -7, 7, 9 ], [ -2, 4, 1, -7 ], [ -9, -7, 3, -5 ], [ 1, -1, -6, -2 ], [ -9, 6, -1, 9 ] ],
coefficientFieldConductor := 1,
exactTrials := [ rec(
coefficients := [ 2, 5, 10, 17 ],
trial := rec(
coefficientFieldConductor := 1,
exitCode := 0,
singularChart := 1,
singularOutput := "CF_EXACT_SINGULAR_CHART_1\nCF_EXACT_SINGULAR\nCF_SCRIPT_COMPLETED_OK\n",
status := "exact_singular" ) ), rec(
coefficients := [ 1, 1, 1, 1 ],
trial := rec(
coefficientFieldConductor := 1,
exitCode := 0,
singularChart := 1,
singularOutput := "CF_EXACT_SINGULAR_CHART_1\nCF_EXACT_SINGULAR\nCF_SCRIPT_COMPLETED_OK\n",
status := "exact_singular" ) ), rec(
coefficients := [ 1, 2, 3, 4 ],
trial := rec(
coefficientFieldConductor := 1,
exitCode := 0,
singularChart := 1,
singularOutput := "CF_EXACT_SINGULAR_CHART_1\nCF_EXACT_SINGULAR\nCF_SCRIPT_COMPLETED_OK\n",
status := "exact_singular" ) ), rec(
coefficients := [ 1, -2, 3, -4 ],
trial := rec(
coefficientFieldConductor := 1,
exitCode := 0,
singularChart := 1,
singularOutput := "CF_EXACT_SINGULAR_CHART_1\nCF_EXACT_SINGULAR\nCF_SCRIPT_COMPLETED_OK\n",
status := "exact_singular" ) ), rec(
coefficients := [ 1, -1, 0, 3 ],
trial := rec(
coefficientFieldConductor := 1,
exitCode := 0,
singularChart := 1,
singularOutput := "CF_EXACT_SINGULAR_CHART_1\nCF_EXACT_SINGULAR\nCF_SCRIPT_COMPLETED_OK\n",
status := "exact_singular" ) ), rec(
coefficients := [ 1, 0, 0, 0 ],
trial := rec(
coefficientFieldConductor := 1,
exitCode := 0,
singularChart := 1,
singularOutput := "CF_EXACT_SINGULAR_CHART_1\nCF_EXACT_SINGULAR\nCF_SCRIPT_COMPLETED_OK\n",
status := "exact_singular" ) ) ],
finiteFieldTrials := [ rec(
exitCode := 0,
numberOfMembersTested := 31,
prime := 5,
singularOutput := "CF_SINGULAR_MEMBER_1_END\nCF_SINGULAR_MEMBER_2_END\nCF_SINGULAR_MEMBER_3_END\nCF_SINGULAR_MEMBER_4_END\nCF_SINGULAR_MEMBER_5_END\nCF_SINGULAR_MEMBER_6_END\nCF_SINGULAR_MEMBER_7_END\nCF_SINGULAR_MEMBER_8_END\nCF_SINGULAR_MEMBER_9_END\nCF_SINGULAR_MEMBER_10_END\nCF_SINGULAR_MEMBER_11_END\nCF_SINGULAR_MEMBER_12_END\nCF_SINGULAR_MEMBER_13_END\nCF_SINGULAR_MEMBER_14_END\nCF_SINGULAR_MEMBER_15_END\nCF_SINGULAR_MEMBER_16_END\nCF_SINGULAR_MEMBER_17_END\nCF_SINGULAR_MEMBER_18_END\nCF_SINGULAR_MEMBER_19_END\nCF_SINGULAR_MEMBER_20_END\nCF_SINGULAR_MEMBER_21_END\nCF_SINGULAR_MEMBER_22_END\nCF_SINGULAR_MEMBER_23_END\nCF_SINGULAR_MEMBER_24_END\nCF_SINGULAR_MEMBER_25_END\nCF_SINGULAR_MEMBER_26_END\nCF_SINGULAR_MEMBER_27_END\nCF_SINGULAR_MEMBER_28_END\nCF_SINGULAR_MEMBER_29_END\nCF_SINGULAR_MEMBER_30_END\nCF_SINGULAR_MEMBER_31_END\nCF_NO_SMOOTH_MEMBER\nCF_SCRIPT_COMPLETED_OK\n",
status := "no_smooth_in_batch",
witnessIndex := fail,
witnessVerificationPassed := false ), rec(
exitCode := 0,
numberOfMembersTested := 32,
prime := 7,
singularOutput := "CF_SINGULAR_MEMBER_1_END\nCF_SINGULAR_MEMBER_2_END\nCF_SINGULAR_MEMBER_3_END\nCF_SINGULAR_MEMBER_4_END\nCF_SINGULAR_MEMBER_5_END\nCF_SINGULAR_MEMBER_6_END\nCF_SINGULAR_MEMBER_7_END\nCF_SINGULAR_MEMBER_8_END\nCF_SINGULAR_MEMBER_9_END\nCF_SINGULAR_MEMBER_10_END\nCF_SINGULAR_MEMBER_11_END\nCF_SINGULAR_MEMBER_12_END\nCF_SINGULAR_MEMBER_13_END\nCF_SINGULAR_MEMBER_14_END\nCF_SINGULAR_MEMBER_15_END\nCF_SINGULAR_MEMBER_16_END\nCF_SINGULAR_MEMBER_17_END\nCF_SINGULAR_MEMBER_18_END\nCF_SINGULAR_MEMBER_19_END\nCF_SINGULAR_MEMBER_20_END\nCF_SINGULAR_MEMBER_21_END\nCF_SINGULAR_MEMBER_22_END\nCF_SINGULAR_MEMBER_23_END\nCF_SINGULAR_MEMBER_24_END\nCF_SINGULAR_MEMBER_25_END\nCF_SINGULAR_MEMBER_26_END\nCF_SINGULAR_MEMBER_27_END\nCF_SINGULAR_MEMBER_28_END\nCF_SINGULAR_MEMBER_29_END\nCF_SINGULAR_MEMBER_30_END\nCF_SINGULAR_MEMBER_31_END\nCF_SINGULAR_MEMBER_32_END\nCF_NO_SMOOTH_MEMBER\nCF_SCRIPT_COMPLETED_OK\n",
status := "no_smooth_in_batch",
witnessIndex := fail,
witnessVerificationPassed := false ), rec(
exitCode := 0,
numberOfMembersTested := 32,
prime := 11,
singularOutput := "CF_SINGULAR_MEMBER_1_END\nCF_SINGULAR_MEMBER_2_END\nCF_SINGULAR_MEMBER_3_END\nCF_SINGULAR_MEMBER_4_END\nCF_SINGULAR_MEMBER_5_END\nCF_SINGULAR_MEMBER_6_END\nCF_SINGULAR_MEMBER_7_END\nCF_SINGULAR_MEMBER_8_END\nCF_SINGULAR_MEMBER_9_END\nCF_SINGULAR_MEMBER_10_END\nCF_SINGULAR_MEMBER_11_END\nCF_SINGULAR_MEMBER_12_END\nCF_SINGULAR_MEMBER_13_END\nCF_SINGULAR_MEMBER_14_END\nCF_SINGULAR_MEMBER_15_END\nCF_SINGULAR_MEMBER_16_END\nCF_SINGULAR_MEMBER_17_END\nCF_SINGULAR_MEMBER_18_END\nCF_SINGULAR_MEMBER_19_END\nCF_SINGULAR_MEMBER_20_END\nCF_SINGULAR_MEMBER_21_END\nCF_SINGULAR_MEMBER_22_END\nCF_SINGULAR_MEMBER_23_END\nCF_SINGULAR_MEMBER_24_END\nCF_SINGULAR_MEMBER_25_END\nCF_SINGULAR_MEMBER_26_END\nCF_SINGULAR_MEMBER_27_END\nCF_SINGULAR_MEMBER_28_END\nCF_SINGULAR_MEMBER_29_END\nCF_SINGULAR_MEMBER_30_END\nCF_SINGULAR_MEMBER_31_END\nCF_SINGULAR_MEMBER_32_END\nCF_NO_SMOOTH_MEMBER\nCF_SCRIPT_COMPLETED_OK\n",
status := "no_smooth_in_batch",
witnessIndex := fail,
witnessVerificationPassed := false ) ],
method := "deterministic coefficient batch",
status := "no_smooth_witness" ),
guessedPolynomial := "(10)*x6^3 + (5)*x5*x6^2 + (5)*x5^2*x6 + (10)*x5^3 + (5)*x4*x6^2 + (2)*x4*x5*x6 + (5)*x4*x5^2 + (5)*x4^2*x6 + (5)*x4^2*x5 + (10)*x4^3 + (-34)*x3*x6^2 + (17/2)*x3*x5*x6 + (-17/2)*x3*x5^2 + (17/2)*x3*x4*x6 + (34)*x3*x4*x5 + (-17/2)*x3*x4^2 + (17)*x3^2*x6 + (-17/2)*x3^2*x5 + (-17/2)*x3^2*x4 + (-17/2)*x2*x6^2 + (17/2)*x2*x5*x6 + (-34)*x2*x5^2 + (34)*x2*x4*x6 + (17/2)*x2*x4*x5 + (-17/2)*x2*x4^2 + (17/2)*x2*x3*x6 + (17/2)*x2*x3*x5 + (-17)*x2*x3*x4 + (-17/2)*x2^2*x6 + (17)*x2^2*x5 + (-17/2)*x2^2*x4 + (-17/2)*x1*x6^2 + (34)*x1*x5*x6 + (-17/2)*x1*x5^2 + (17/2)*x1*x4*x6 + (17/2)*x1*x4*x5 + (-34)*x1*x4^2 + (17/2)*x1*x3*x6 + (-17)*x1*x3*x5 + (17/2)*x1*x3*x4 + (-17)*x1*x2*x6 + (17/2)*x1*x2*x5 + (17/2)*x1*x2*x4 + (-17/2)*x1^2*x6 + (-17/2)*x1^2*x5 + (17)*x1^2*x4",
isDirectKnownCase := false,
linearGId := [ 72, 27 ],
projectiveGId := [ 24, 5 ],
proofType := "an exact common singular point was found for the invariant basis",
status := "singular",
symplecticPart := "S3",
testedCoefficientCandidates := [ [ 2, 5, 10, 17 ], [ 1, 1, 1, 1 ], [ 1, 2, 3, 4 ], [ 1, -2, 3, -4 ], [ 1, -1, 0, 3 ], [ 1, 0, 0, 0 ], [ 0, 1, 0, 0 ], [ 0, 0, 1, 0 ], [ 0, 0, 0, 1 ], [ 1, 1, 0, 0 ], [ 1, -1, 0, 0 ], [ 1, 0, 1, 0 ], [ 1, 0, -1, 0 ], [ 1, 0, 0, 1 ], [ 1, 0, 0, -1 ], [ 0, 1, 1, 0 ], [ 0, 1, -1, 0 ], [ 0, 1, 0, 1 ], [ 0, 1, 0, -1 ], [ 0, 0, 1, 1 ], [ 0, 0, 1, -1 ], [ -6, 10, 6, -11 ], [ -10, 10, 9, 1 ], [ -5, -2, -3, -10 ], [ -9, -7, 3, 10 ], [ -1, -3, -2, -5 ], [ -1, -5, 11, 6 ], [ 1, -7, 7, 9 ], [ -2, 4, 1, -7 ], [ -9, -7, 3, -5 ], [ 1, -1, -6, -2 ], [ -9, 6, -1, 9 ] ] ), rec(
candidateNumber := 111,
centralizerDimension := 4,
commonPointChecks := 97,
commonSingularPoint := [ 1, 1, 1, 0, 0, 0 ],
componentIndex := 1,
componentLabel := "Koike (3.6), generic index 1",
cubicInvariantDimension := 5,
determinantImageOrder := 4,
familyDimension := 1,
familyIndexWithinCase := 6,
genericIndex := 1,
guessedCoefficients := [ 2, 5, 10, 17, 26 ],
guessedMemberTest := rec(
coefficientCandidates := [ [ 2, 5, 10, 17, 26 ], [ 1, 1, 1, 1, 1 ], [ 1, 2, 3, 4, 5 ], [ 1, -2, 3, -4, 5 ], [ 1, 0, -1, 0, 3 ], [ 1, 0, 0, 0, 0 ], [ 0, 1, 0, 0, 0 ], [ 0, 0, 1, 0, 0 ], [ 0, 0, 0, 1, 0 ], [ 0, 0, 0, 0, 1 ], [ 1, 1, 0, 0, 0 ], [ 1, -1, 0, 0, 0 ], [ 1, 0, 1, 0, 0 ], [ 1, 0, -1, 0, 0 ], [ 1, 0, 0, 1, 0 ], [ 1, 0, 0, -1, 0 ], [ 1, 0, 0, 0, 1 ], [ 1, 0, 0, 0, -1 ], [ 0, 1, 1, 0, 0 ], [ 0, 1, -1, 0, 0 ], [ 0, 1, 0, 1, 0 ], [ 0, 1, 0, -1, 0 ], [ 0, 1, 0, 0, 1 ], [ 0, 1, 0, 0, -1 ], [ 0, 0, 1, 1, 0 ], [ 0, 0, 1, -1, 0 ], [ 0, 0, 1, 0, 1 ], [ 0, 0, 1, 0, -1 ], [ 0, 0, 0, 1, 1 ], [ 0, 0, 0, 1, -1 ], [ 8, -7, -8, -6, 8 ], [ 5, -1, -5, 4, -3 ] ],
coefficientFieldConductor := 1,
exactTrials := [ rec(
coefficients := [ 2, 5, 10, 17, 26 ],
trial := rec(
coefficientFieldConductor := 1,
exitCode := 0,
singularChart := 1,
singularOutput := "CF_EXACT_SINGULAR_CHART_1\nCF_EXACT_SINGULAR\nCF_SCRIPT_COMPLETED_OK\n",
status := "exact_singular" ) ), rec(
coefficients := [ 1, 1, 1, 1, 1 ],
trial := rec(
coefficientFieldConductor := 1,
exitCode := 0,
singularChart := 1,
singularOutput := "CF_EXACT_SINGULAR_CHART_1\nCF_EXACT_SINGULAR\nCF_SCRIPT_COMPLETED_OK\n",
status := "exact_singular" ) ), rec(
coefficients := [ 1, 2, 3, 4, 5 ],
trial := rec(
coefficientFieldConductor := 1,
exitCode := 0,
singularChart := 1,
singularOutput := "CF_EXACT_SINGULAR_CHART_1\nCF_EXACT_SINGULAR\nCF_SCRIPT_COMPLETED_OK\n",
status := "exact_singular" ) ), rec(
coefficients := [ 1, -2, 3, -4, 5 ],
trial := rec(
coefficientFieldConductor := 1,
exitCode := 0,
singularChart := 1,
singularOutput := "CF_EXACT_SINGULAR_CHART_1\nCF_EXACT_SINGULAR\nCF_SCRIPT_COMPLETED_OK\n",
status := "exact_singular" ) ), rec(
coefficients := [ 1, 0, -1, 0, 3 ],
trial := rec(
coefficientFieldConductor := 1,
exitCode := 0,
singularChart := 1,
singularOutput := "CF_EXACT_SINGULAR_CHART_1\nCF_EXACT_SINGULAR\nCF_SCRIPT_COMPLETED_OK\n",
status := "exact_singular" ) ), rec(
coefficients := [ 1, 0, 0, 0, 0 ],
trial := rec(
coefficientFieldConductor := 1,
exitCode := 0,
singularChart := 1,
singularOutput := "CF_EXACT_SINGULAR_CHART_1\nCF_EXACT_SINGULAR\nCF_SCRIPT_COMPLETED_OK\n",
status := "exact_singular" ) ) ],
finiteFieldTrials := [ rec(
exitCode := 0,
numberOfMembersTested := 32,
prime := 5,
singularOutput := "CF_SINGULAR_MEMBER_1_END\nCF_SINGULAR_MEMBER_2_END\nCF_SINGULAR_MEMBER_3_END\nCF_SINGULAR_MEMBER_4_END\nCF_SINGULAR_MEMBER_5_END\nCF_SINGULAR_MEMBER_6_END\nCF_SINGULAR_MEMBER_7_END\nCF_SINGULAR_MEMBER_8_END\nCF_SINGULAR_MEMBER_9_END\nCF_SINGULAR_MEMBER_10_END\nCF_SINGULAR_MEMBER_11_END\nCF_SINGULAR_MEMBER_12_END\nCF_SINGULAR_MEMBER_13_END\nCF_SINGULAR_MEMBER_14_END\nCF_SINGULAR_MEMBER_15_END\nCF_SINGULAR_MEMBER_16_END\nCF_SINGULAR_MEMBER_17_END\nCF_SINGULAR_MEMBER_18_END\nCF_SINGULAR_MEMBER_19_END\nCF_SINGULAR_MEMBER_20_END\nCF_SINGULAR_MEMBER_21_END\nCF_SINGULAR_MEMBER_22_END\nCF_SINGULAR_MEMBER_23_END\nCF_SINGULAR_MEMBER_24_END\nCF_SINGULAR_MEMBER_25_END\nCF_SINGULAR_MEMBER_26_END\nCF_SINGULAR_MEMBER_27_END\nCF_SINGULAR_MEMBER_28_END\nCF_SINGULAR_MEMBER_29_END\nCF_SINGULAR_MEMBER_30_END\nCF_SINGULAR_MEMBER_31_END\nCF_SINGULAR_MEMBER_32_END\nCF_NO_SMOOTH_MEMBER\nCF_SCRIPT_COMPLETED_OK\n",
status := "no_smooth_in_batch",
witnessIndex := fail,
witnessVerificationPassed := false ), rec(
exitCode := 0,
numberOfMembersTested := 32,
prime := 7,
singularOutput := "CF_SINGULAR_MEMBER_1_END\nCF_SINGULAR_MEMBER_2_END\nCF_SINGULAR_MEMBER_3_END\nCF_SINGULAR_MEMBER_4_END\nCF_SINGULAR_MEMBER_5_END\nCF_SINGULAR_MEMBER_6_END\nCF_SINGULAR_MEMBER_7_END\nCF_SINGULAR_MEMBER_8_END\nCF_SINGULAR_MEMBER_9_END\nCF_SINGULAR_MEMBER_10_END\nCF_SINGULAR_MEMBER_11_END\nCF_SINGULAR_MEMBER_12_END\nCF_SINGULAR_MEMBER_13_END\nCF_SINGULAR_MEMBER_14_END\nCF_SINGULAR_MEMBER_15_END\nCF_SINGULAR_MEMBER_16_END\nCF_SINGULAR_MEMBER_17_END\nCF_SINGULAR_MEMBER_18_END\nCF_SINGULAR_MEMBER_19_END\nCF_SINGULAR_MEMBER_20_END\nCF_SINGULAR_MEMBER_21_END\nCF_SINGULAR_MEMBER_22_END\nCF_SINGULAR_MEMBER_23_END\nCF_SINGULAR_MEMBER_24_END\nCF_SINGULAR_MEMBER_25_END\nCF_SINGULAR_MEMBER_26_END\nCF_SINGULAR_MEMBER_27_END\nCF_SINGULAR_MEMBER_28_END\nCF_SINGULAR_MEMBER_29_END\nCF_SINGULAR_MEMBER_30_END\nCF_SINGULAR_MEMBER_31_END\nCF_SINGULAR_MEMBER_32_END\nCF_NO_SMOOTH_MEMBER\nCF_SCRIPT_COMPLETED_OK\n",
status := "no_smooth_in_batch",
witnessIndex := fail,
witnessVerificationPassed := false ), rec(
exitCode := 0,
numberOfMembersTested := 32,
prime := 11,
singularOutput := "CF_SINGULAR_MEMBER_1_END\nCF_SINGULAR_MEMBER_2_END\nCF_SINGULAR_MEMBER_3_END\nCF_SINGULAR_MEMBER_4_END\nCF_SINGULAR_MEMBER_5_END\nCF_SINGULAR_MEMBER_6_END\nCF_SINGULAR_MEMBER_7_END\nCF_SINGULAR_MEMBER_8_END\nCF_SINGULAR_MEMBER_9_END\nCF_SINGULAR_MEMBER_10_END\nCF_SINGULAR_MEMBER_11_END\nCF_SINGULAR_MEMBER_12_END\nCF_SINGULAR_MEMBER_13_END\nCF_SINGULAR_MEMBER_14_END\nCF_SINGULAR_MEMBER_15_END\nCF_SINGULAR_MEMBER_16_END\nCF_SINGULAR_MEMBER_17_END\nCF_SINGULAR_MEMBER_18_END\nCF_SINGULAR_MEMBER_19_END\nCF_SINGULAR_MEMBER_20_END\nCF_SINGULAR_MEMBER_21_END\nCF_SINGULAR_MEMBER_22_END\nCF_SINGULAR_MEMBER_23_END\nCF_SINGULAR_MEMBER_24_END\nCF_SINGULAR_MEMBER_25_END\nCF_SINGULAR_MEMBER_26_END\nCF_SINGULAR_MEMBER_27_END\nCF_SINGULAR_MEMBER_28_END\nCF_SINGULAR_MEMBER_29_END\nCF_SINGULAR_MEMBER_30_END\nCF_SINGULAR_MEMBER_31_END\nCF_SINGULAR_MEMBER_32_END\nCF_NO_SMOOTH_MEMBER\nCF_SCRIPT_COMPLETED_OK\n",
status := "no_smooth_in_batch",
witnessIndex := fail,
witnessVerificationPassed := false ) ],
method := "deterministic coefficient batch",
status := "no_smooth_witness" ),
guessedPolynomial := "(10)*x6^3 + (5)*x5*x6^2 + (5)*x5^2*x6 + (10)*x5^3 + (5)*x4*x6^2 + (2)*x4*x5*x6 + (5)*x4*x5^2 + (5)*x4^2*x6 + (5)*x4^2*x5 + (10)*x4^3 + (-52)*x3*x6^2 + (-8)*x3*x5*x6 + (26)*x3*x5^2 + (-8)*x3*x4*x6 + (16)*x3*x4*x5 + (26)*x3*x4^2 + (26)*x3^2*x6 + (17)*x3^2*x5 + (17)*x3^2*x4 + (26)*x2*x6^2 + (-8)*x2*x5*x6 + (-52)*x2*x5^2 + (16)*x2*x4*x6 + (-8)*x2*x4*x5 + (26)*x2*x4^2 + (-26)*x2*x3*x6 + (-26)*x2*x3*x5 + (-8)*x2*x3*x4 + (17)*x2^2*x6 + (26)*x2^2*x5 + (17)*x2^2*x4 + (26)*x1*x6^2 + (16)*x1*x5*x6 + (26)*x1*x5^2 + (-8)*x1*x4*x6 + (-8)*x1*x4*x5 + (-52)*x1*x4^2 + (-26)*x1*x3*x6 + (-8)*x1*x3*x5 + (-26)*x1*x3*x4 + (-8)*x1*x2*x6 + (-26)*x1*x2*x5 + (-26)*x1*x2*x4 + (17)*x1^2*x6 + (17)*x1^2*x5 + (26)*x1^2*x4",
isDirectKnownCase := false,
linearGId := [ 72, 27 ],
projectiveGId := [ 24, 5 ],
proofType := "an exact common singular point was found for the invariant basis",
status := "singular",
symplecticPart := "S3",
testedCoefficientCandidates := [ [ 2, 5, 10, 17, 26 ], [ 1, 1, 1, 1, 1 ], [ 1, 2, 3, 4, 5 ], [ 1, -2, 3, -4, 5 ], [ 1, 0, -1, 0, 3 ], [ 1, 0, 0, 0, 0 ], [ 0, 1, 0, 0, 0 ], [ 0, 0, 1, 0, 0 ], [ 0, 0, 0, 1, 0 ], [ 0, 0, 0, 0, 1 ], [ 1, 1, 0, 0, 0 ], [ 1, -1, 0, 0, 0 ], [ 1, 0, 1, 0, 0 ], [ 1, 0, -1, 0, 0 ], [ 1, 0, 0, 1, 0 ], [ 1, 0, 0, -1, 0 ], [ 1, 0, 0, 0, 1 ], [ 1, 0, 0, 0, -1 ], [ 0, 1, 1, 0, 0 ], [ 0, 1, -1, 0, 0 ], [ 0, 1, 0, 1, 0 ], [ 0, 1, 0, -1, 0 ], [ 0, 1, 0, 0, 1 ], [ 0, 1, 0, 0, -1 ], [ 0, 0, 1, 1, 0 ], [ 0, 0, 1, -1, 0 ], [ 0, 0, 1, 0, 1 ], [ 0, 0, 1, 0, -1 ], [ 0, 0, 0, 1, 1 ], [ 0, 0, 0, 1, -1 ], [ 8, -7, -8, -6, 8 ], [ 5, -1, -5, 4, -3 ] ] ), rec(
candidateNumber := 112,
centralizerDimension := 6,
commonPointChecks := 97,
commonSingularPoint := [ 1, 1, 1, 0, 0, 0 ],
componentIndex := 1,
componentLabel := "Koike (3.6), generic index 1",
cubicInvariantDimension := 8,
determinantImageOrder := 4,
familyDimension := 2,
familyIndexWithinCase := 7,
genericIndex := 1,
guessedCoefficients := [ 2, 5, 10, 17, 26, 37, 50, 65 ],
guessedMemberTest := rec(
coefficientCandidates := [ [ 2, 5, 10, 17, 26, 37, 50, 65 ], [ 1, 1, 1, 1, 1, 1, 1, 1 ], [ 1, 2, 3, 4, 5, 6, 7, 8 ], [ 1, -2, 3, -4, 5, -6, 7, -8 ], [ 1, 0, 0, -1, 0, 0, 0, 3 ], [ 1, 0, 0, 0, 0, 0, 0, 0 ], [ 0, 1, 0, 0, 0, 0, 0, 0 ], [ 0, 0, 1, 0, 0, 0, 0, 0 ], [ 0, 0, 0, 1, 0, 0, 0, 0 ], [ 0, 0, 0, 0, 1, 0, 0, 0 ], [ 0, 0, 0, 0, 0, 1, 0, 0 ], [ 0, 0, 0, 0, 0, 0, 1, 0 ], [ 0, 0, 0, 0, 0, 0, 0, 1 ], [ 1, 1, 0, 0, 0, 0, 0, 0 ], [ 1, -1, 0, 0, 0, 0, 0, 0 ], [ 1, 0, 1, 0, 0, 0, 0, 0 ], [ 1, 0, -1, 0, 0, 0, 0, 0 ], [ 1, 0, 0, 1, 0, 0, 0, 0 ], [ 1, 0, 0, -1, 0, 0, 0, 0 ], [ 1, 0, 0, 0, 1, 0, 0, 0 ], [ 1, 0, 0, 0, -1, 0, 0, 0 ], [ 1, 0, 0, 0, 0, 1, 0, 0 ], [ 1, 0, 0, 0, 0, -1, 0, 0 ], [ 1, 0, 0, 0, 0, 0, 1, 0 ], [ 1, 0, 0, 0, 0, 0, -1, 0 ], [ 1, 0, 0, 0, 0, 0, 0, 1 ], [ 1, 0, 0, 0, 0, 0, 0, -1 ], [ 0, 1, 1, 0, 0, 0, 0, 0 ], [ 0, 1, -1, 0, 0, 0, 0, 0 ], [ 0, 1, 0, 1, 0, 0, 0, 0 ], [ 0, 1, 0, -1, 0, 0, 0, 0 ], [ 0, 1, 0, 0, 1, 0, 0, 0 ] ],
coefficientFieldConductor := 1,
exactTrials := [ rec(
coefficients := [ 2, 5, 10, 17, 26, 37, 50, 65 ],
trial := rec(
coefficientFieldConductor := 1,
exitCode := 0,
singularChart := 1,
singularOutput := "CF_EXACT_SINGULAR_CHART_1\nCF_EXACT_SINGULAR\nCF_SCRIPT_COMPLETED_OK\n",
status := "exact_singular" ) ), rec(
coefficients := [ 1, 1, 1, 1, 1, 1, 1, 1 ],
trial := rec(
coefficientFieldConductor := 1,
exitCode := 0,
singularChart := 1,
singularOutput := "CF_EXACT_SINGULAR_CHART_1\nCF_EXACT_SINGULAR\nCF_SCRIPT_COMPLETED_OK\n",
status := "exact_singular" ) ), rec(
coefficients := [ 1, 2, 3, 4, 5, 6, 7, 8 ],
trial := rec(
coefficientFieldConductor := 1,
exitCode := 0,
singularChart := 1,
singularOutput := "CF_EXACT_SINGULAR_CHART_1\nCF_EXACT_SINGULAR\nCF_SCRIPT_COMPLETED_OK\n",
status := "exact_singular" ) ), rec(
coefficients := [ 1, -2, 3, -4, 5, -6, 7, -8 ],
trial := rec(
coefficientFieldConductor := 1,
exitCode := 0,
singularChart := 1,
singularOutput := "CF_EXACT_SINGULAR_CHART_1\nCF_EXACT_SINGULAR\nCF_SCRIPT_COMPLETED_OK\n",
status := "exact_singular" ) ), rec(
coefficients := [ 1, 0, 0, -1, 0, 0, 0, 3 ],
trial := rec(
coefficientFieldConductor := 1,
exitCode := 0,
singularChart := 1,
singularOutput := "CF_EXACT_SINGULAR_CHART_1\nCF_EXACT_SINGULAR\nCF_SCRIPT_COMPLETED_OK\n",
status := "exact_singular" ) ), rec(
coefficients := [ 1, 0, 0, 0, 0, 0, 0, 0 ],
trial := rec(
coefficientFieldConductor := 1,
exitCode := 0,
singularChart := 1,
singularOutput := "CF_EXACT_SINGULAR_CHART_1\nCF_EXACT_SINGULAR\nCF_SCRIPT_COMPLETED_OK\n",
status := "exact_singular" ) ) ],
finiteFieldTrials := [ rec(
exitCode := 0,
numberOfMembersTested := 32,
prime := 5,
singularOutput := "CF_SINGULAR_MEMBER_1_END\nCF_SINGULAR_MEMBER_2_END\nCF_SINGULAR_MEMBER_3_END\nCF_SINGULAR_MEMBER_4_END\nCF_SINGULAR_MEMBER_5_END\nCF_SINGULAR_MEMBER_6_END\nCF_SINGULAR_MEMBER_7_END\nCF_SINGULAR_MEMBER_8_END\nCF_SINGULAR_MEMBER_9_END\nCF_SINGULAR_MEMBER_10_END\nCF_SINGULAR_MEMBER_11_END\nCF_SINGULAR_MEMBER_12_END\nCF_SINGULAR_MEMBER_13_END\nCF_SINGULAR_MEMBER_14_END\nCF_SINGULAR_MEMBER_15_END\nCF_SINGULAR_MEMBER_16_END\nCF_SINGULAR_MEMBER_17_END\nCF_SINGULAR_MEMBER_18_END\nCF_SINGULAR_MEMBER_19_END\nCF_SINGULAR_MEMBER_20_END\nCF_SINGULAR_MEMBER_21_END\nCF_SINGULAR_MEMBER_22_END\nCF_SINGULAR_MEMBER_23_END\nCF_SINGULAR_MEMBER_24_END\nCF_SINGULAR_MEMBER_25_END\nCF_SINGULAR_MEMBER_26_END\nCF_SINGULAR_MEMBER_27_END\nCF_SINGULAR_MEMBER_28_END\nCF_SINGULAR_MEMBER_29_END\nCF_SINGULAR_MEMBER_30_END\nCF_SINGULAR_MEMBER_31_END\nCF_SINGULAR_MEMBER_32_END\nCF_NO_SMOOTH_MEMBER\nCF_SCRIPT_COMPLETED_OK\n",
status := "no_smooth_in_batch",
witnessIndex := fail,
witnessVerificationPassed := false ), rec(
exitCode := 0,
numberOfMembersTested := 32,
prime := 7,
singularOutput := "CF_SINGULAR_MEMBER_1_END\nCF_SINGULAR_MEMBER_2_END\nCF_SINGULAR_MEMBER_3_END\nCF_SINGULAR_MEMBER_4_END\nCF_SINGULAR_MEMBER_5_END\nCF_SINGULAR_MEMBER_6_END\nCF_SINGULAR_MEMBER_7_END\nCF_SINGULAR_MEMBER_8_END\nCF_SINGULAR_MEMBER_9_END\nCF_SINGULAR_MEMBER_10_END\nCF_SINGULAR_MEMBER_11_END\nCF_SINGULAR_MEMBER_12_END\nCF_SINGULAR_MEMBER_13_END\nCF_SINGULAR_MEMBER_14_END\nCF_SINGULAR_MEMBER_15_END\nCF_SINGULAR_MEMBER_16_END\nCF_SINGULAR_MEMBER_17_END\nCF_SINGULAR_MEMBER_18_END\nCF_SINGULAR_MEMBER_19_END\nCF_SINGULAR_MEMBER_20_END\nCF_SINGULAR_MEMBER_21_END\nCF_SINGULAR_MEMBER_22_END\nCF_SINGULAR_MEMBER_23_END\nCF_SINGULAR_MEMBER_24_END\nCF_SINGULAR_MEMBER_25_END\nCF_SINGULAR_MEMBER_26_END\nCF_SINGULAR_MEMBER_27_END\nCF_SINGULAR_MEMBER_28_END\nCF_SINGULAR_MEMBER_29_END\nCF_SINGULAR_MEMBER_30_END\nCF_SINGULAR_MEMBER_31_END\nCF_SINGULAR_MEMBER_32_END\nCF_NO_SMOOTH_MEMBER\nCF_SCRIPT_COMPLETED_OK\n",
status := "no_smooth_in_batch",
witnessIndex := fail,
witnessVerificationPassed := false ), rec(
exitCode := 0,
numberOfMembersTested := 32,
prime := 11,
singularOutput := "CF_SINGULAR_MEMBER_1_END\nCF_SINGULAR_MEMBER_2_END\nCF_SINGULAR_MEMBER_3_END\nCF_SINGULAR_MEMBER_4_END\nCF_SINGULAR_MEMBER_5_END\nCF_SINGULAR_MEMBER_6_END\nCF_SINGULAR_MEMBER_7_END\nCF_SINGULAR_MEMBER_8_END\nCF_SINGULAR_MEMBER_9_END\nCF_SINGULAR_MEMBER_10_END\nCF_SINGULAR_MEMBER_11_END\nCF_SINGULAR_MEMBER_12_END\nCF_SINGULAR_MEMBER_13_END\nCF_SINGULAR_MEMBER_14_END\nCF_SINGULAR_MEMBER_15_END\nCF_SINGULAR_MEMBER_16_END\nCF_SINGULAR_MEMBER_17_END\nCF_SINGULAR_MEMBER_18_END\nCF_SINGULAR_MEMBER_19_END\nCF_SINGULAR_MEMBER_20_END\nCF_SINGULAR_MEMBER_21_END\nCF_SINGULAR_MEMBER_22_END\nCF_SINGULAR_MEMBER_23_END\nCF_SINGULAR_MEMBER_24_END\nCF_SINGULAR_MEMBER_25_END\nCF_SINGULAR_MEMBER_26_END\nCF_SINGULAR_MEMBER_27_END\nCF_SINGULAR_MEMBER_28_END\nCF_SINGULAR_MEMBER_29_END\nCF_SINGULAR_MEMBER_30_END\nCF_SINGULAR_MEMBER_31_END\nCF_SINGULAR_MEMBER_32_END\nCF_NO_SMOOTH_MEMBER\nCF_SCRIPT_COMPLETED_OK\n",
status := "no_smooth_in_batch",
witnessIndex := fail,
witnessVerificationPassed := false ) ],
method := "deterministic coefficient batch",
status := "no_smooth_witness" ),
guessedPolynomial := "(10)*x6^3 + (5)*x5*x6^2 + (5)*x5^2*x6 + (10)*x5^3 + (5)*x4*x6^2 + (2)*x4*x5*x6 + (5)*x4*x5^2 + (5)*x4^2*x6 + (5)*x4^2*x5 + (10)*x4^3 + (26)*x3*x6^2 + (17)*x3*x5*x6 + (-13)*x3*x5^2 + (17)*x3*x4*x6 + (-34)*x3*x4*x5 + (-13)*x3*x4^2 + (50)*x3^2*x6 + (37)*x3^2*x5 + (37)*x3^2*x4 + (65)*x3^3 + (-13)*x2*x6^2 + (17)*x2*x5*x6 + (26)*x2*x5^2 + (-34)*x2*x4*x6 + (17)*x2*x4*x5 + (-13)*x2*x4^2 + (-50)*x2*x3*x6 + (-50)*x2*x3*x5 + (-24)*x2*x3*x4 + (-195/2)*x2*x3^2 + (37)*x2^2*x6 + (50)*x2^2*x5 + (37)*x2^2*x4 + (-195/2)*x2^2*x3 + (65)*x2^3 + (-13)*x1*x6^2 + (-34)*x1*x5*x6 + (-13)*x1*x5^2 + (17)*x1*x4*x6 + (17)*x1*x4*x5 + (26)*x1*x4^2 + (-50)*x1*x3*x6 + (-24)*x1*x3*x5 + (-50)*x1*x3*x4 + (-195/2)*x1*x3^2 + (-24)*x1*x2*x6 + (-50)*x1*x2*x5 + (-50)*x1*x2*x4 + (390)*x1*x2*x3 + (-195/2)*x1*x2^2 + (37)*x1^2*x6 + (37)*x1^2*x5 + (50)*x1^2*x4 + (-195/2)*x1^2*x3 + (-195/2)*x1^2*x2 + (65)*x1^3",
isDirectKnownCase := false,
linearGId := [ 72, 27 ],
projectiveGId := [ 24, 5 ],
proofType := "an exact common singular point was found for the invariant basis",
status := "singular",
symplecticPart := "S3",
testedCoefficientCandidates := [ [ 2, 5, 10, 17, 26, 37, 50, 65 ], [ 1, 1, 1, 1, 1, 1, 1, 1 ], [ 1, 2, 3, 4, 5, 6, 7, 8 ], [ 1, -2, 3, -4, 5, -6, 7, -8 ], [ 1, 0, 0, -1, 0, 0, 0, 3 ], [ 1, 0, 0, 0, 0, 0, 0, 0 ], [ 0, 1, 0, 0, 0, 0, 0, 0 ], [ 0, 0, 1, 0, 0, 0, 0, 0 ], [ 0, 0, 0, 1, 0, 0, 0, 0 ], [ 0, 0, 0, 0, 1, 0, 0, 0 ], [ 0, 0, 0, 0, 0, 1, 0, 0 ], [ 0, 0, 0, 0, 0, 0, 1, 0 ], [ 0, 0, 0, 0, 0, 0, 0, 1 ], [ 1, 1, 0, 0, 0, 0, 0, 0 ], [ 1, -1, 0, 0, 0, 0, 0, 0 ], [ 1, 0, 1, 0, 0, 0, 0, 0 ], [ 1, 0, -1, 0, 0, 0, 0, 0 ], [ 1, 0, 0, 1, 0, 0, 0, 0 ], [ 1, 0, 0, -1, 0, 0, 0, 0 ], [ 1, 0, 0, 0, 1, 0, 0, 0 ], [ 1, 0, 0, 0, -1, 0, 0, 0 ], [ 1, 0, 0, 0, 0, 1, 0, 0 ], [ 1, 0, 0, 0, 0, -1, 0, 0 ], [ 1, 0, 0, 0, 0, 0, 1, 0 ], [ 1, 0, 0, 0, 0, 0, -1, 0 ], [ 1, 0, 0, 0, 0, 0, 0, 1 ], [ 1, 0, 0, 0, 0, 0, 0, -1 ], [ 0, 1, 1, 0, 0, 0, 0, 0 ], [ 0, 1, -1, 0, 0, 0, 0, 0 ], [ 0, 1, 0, 1, 0, 0, 0, 0 ], [ 0, 1, 0, -1, 0, 0, 0, 0 ], [ 0, 1, 0, 0, 1, 0, 0, 0 ] ] ), rec(
candidateNumber := 113,
centralizerDimension := 4,
commonPointChecks := 1502,
commonSingularPoint := [ 1, -1, 0, 1, -1, 0 ],
componentIndex := 1,
componentLabel := "Koike (3.6), generic index 1",
cubicInvariantDimension := 4,
determinantImageOrder := 6,
familyDimension := 0,
familyIndexWithinCase := 1,
genericIndex := 1,
guessedCoefficients := [ 2, 5, 10, 17 ],
guessedMemberTest := rec(
coefficientCandidates := [ [ 2, 5, 10, 17 ], [ 1, 1, 1, 1 ], [ 1, 2, 3, 4 ], [ 1, -2, 3, -4 ], [ 1, -1, 0, 3 ], [ 1, 0, 0, 0 ], [ 0, 1, 0, 0 ], [ 0, 0, 1, 0 ], [ 0, 0, 0, 1 ], [ 1, 1, 0, 0 ], [ 1, -1, 0, 0 ], [ 1, 0, 1, 0 ], [ 1, 0, -1, 0 ], [ 1, 0, 0, 1 ], [ 1, 0, 0, -1 ], [ 0, 1, 1, 0 ], [ 0, 1, -1, 0 ], [ 0, 1, 0, 1 ], [ 0, 1, 0, -1 ], [ 0, 0, 1, 1 ], [ 0, 0, 1, -1 ], [ -6, 10, 6, -11 ], [ -10, 10, 9, 1 ], [ -5, -2, -3, -10 ], [ -9, -7, 3, 10 ], [ -1, -3, -2, -5 ], [ -1, -5, 11, 6 ], [ 1, -7, 7, 9 ], [ -2, 4, 1, -7 ], [ -9, -7, 3, -5 ], [ 1, -1, -6, -2 ], [ -9, 6, -1, 9 ] ],
coefficientFieldConductor := 1,
exactTrials := [ rec(
coefficients := [ 2, 5, 10, 17 ],
trial := rec(
coefficientFieldConductor := 1,
exitCode := 0,
singularChart := 1,
singularOutput := "CF_EXACT_SINGULAR_CHART_1\nCF_EXACT_SINGULAR\nCF_SCRIPT_COMPLETED_OK\n",
status := "exact_singular" ) ), rec(
coefficients := [ 1, 1, 1, 1 ],
trial := rec(
coefficientFieldConductor := 1,
exitCode := 0,
singularChart := 1,
singularOutput := "CF_EXACT_SINGULAR_CHART_1\nCF_EXACT_SINGULAR\nCF_SCRIPT_COMPLETED_OK\n",
status := "exact_singular" ) ), rec(
coefficients := [ 1, 2, 3, 4 ],
trial := rec(
coefficientFieldConductor := 1,
exitCode := 0,
singularChart := 1,
singularOutput := "CF_EXACT_SINGULAR_CHART_1\nCF_EXACT_SINGULAR\nCF_SCRIPT_COMPLETED_OK\n",
status := "exact_singular" ) ), rec(
coefficients := [ 1, -2, 3, -4 ],
trial := rec(
coefficientFieldConductor := 1,
exitCode := 0,
singularChart := 1,
singularOutput := "CF_EXACT_SINGULAR_CHART_1\nCF_EXACT_SINGULAR\nCF_SCRIPT_COMPLETED_OK\n",
status := "exact_singular" ) ), rec(
coefficients := [ 1, -1, 0, 3 ],
trial := rec(
coefficientFieldConductor := 1,
exitCode := 0,
singularChart := 1,
singularOutput := "CF_EXACT_SINGULAR_CHART_1\nCF_EXACT_SINGULAR\nCF_SCRIPT_COMPLETED_OK\n",
status := "exact_singular" ) ), rec(
coefficients := [ 1, 0, 0, 0 ],
trial := rec(
coefficientFieldConductor := 1,
exitCode := 0,
singularChart := 1,
singularOutput := "CF_EXACT_SINGULAR_CHART_1\nCF_EXACT_SINGULAR\nCF_SCRIPT_COMPLETED_OK\n",
status := "exact_singular" ) ) ],
finiteFieldTrials := [ rec(
exitCode := 0,
numberOfMembersTested := 31,
prime := 5,
singularOutput := "CF_SINGULAR_MEMBER_1_END\nCF_SINGULAR_MEMBER_2_END\nCF_SINGULAR_MEMBER_3_END\nCF_SINGULAR_MEMBER_4_END\nCF_SINGULAR_MEMBER_5_END\nCF_SINGULAR_MEMBER_6_END\nCF_SINGULAR_MEMBER_7_END\nCF_SINGULAR_MEMBER_8_END\nCF_SINGULAR_MEMBER_9_END\nCF_SINGULAR_MEMBER_10_END\nCF_SINGULAR_MEMBER_11_END\nCF_SINGULAR_MEMBER_12_END\nCF_SINGULAR_MEMBER_13_END\nCF_SINGULAR_MEMBER_14_END\nCF_SINGULAR_MEMBER_15_END\nCF_SINGULAR_MEMBER_16_END\nCF_SINGULAR_MEMBER_17_END\nCF_SINGULAR_MEMBER_18_END\nCF_SINGULAR_MEMBER_19_END\nCF_SINGULAR_MEMBER_20_END\nCF_SINGULAR_MEMBER_21_END\nCF_SINGULAR_MEMBER_22_END\nCF_SINGULAR_MEMBER_23_END\nCF_SINGULAR_MEMBER_24_END\nCF_SINGULAR_MEMBER_25_END\nCF_SINGULAR_MEMBER_26_END\nCF_SINGULAR_MEMBER_27_END\nCF_SINGULAR_MEMBER_28_END\nCF_SINGULAR_MEMBER_29_END\nCF_SINGULAR_MEMBER_30_END\nCF_SINGULAR_MEMBER_31_END\nCF_NO_SMOOTH_MEMBER\nCF_SCRIPT_COMPLETED_OK\n",
status := "no_smooth_in_batch",
witnessIndex := fail,
witnessVerificationPassed := false ), rec(
exitCode := 0,
numberOfMembersTested := 32,
prime := 7,
singularOutput := "CF_SINGULAR_MEMBER_1_END\nCF_SINGULAR_MEMBER_2_END\nCF_SINGULAR_MEMBER_3_END\nCF_SINGULAR_MEMBER_4_END\nCF_SINGULAR_MEMBER_5_END\nCF_SINGULAR_MEMBER_6_END\nCF_SINGULAR_MEMBER_7_END\nCF_SINGULAR_MEMBER_8_END\nCF_SINGULAR_MEMBER_9_END\nCF_SINGULAR_MEMBER_10_END\nCF_SINGULAR_MEMBER_11_END\nCF_SINGULAR_MEMBER_12_END\nCF_SINGULAR_MEMBER_13_END\nCF_SINGULAR_MEMBER_14_END\nCF_SINGULAR_MEMBER_15_END\nCF_SINGULAR_MEMBER_16_END\nCF_SINGULAR_MEMBER_17_END\nCF_SINGULAR_MEMBER_18_END\nCF_SINGULAR_MEMBER_19_END\nCF_SINGULAR_MEMBER_20_END\nCF_SINGULAR_MEMBER_21_END\nCF_SINGULAR_MEMBER_22_END\nCF_SINGULAR_MEMBER_23_END\nCF_SINGULAR_MEMBER_24_END\nCF_SINGULAR_MEMBER_25_END\nCF_SINGULAR_MEMBER_26_END\nCF_SINGULAR_MEMBER_27_END\nCF_SINGULAR_MEMBER_28_END\nCF_SINGULAR_MEMBER_29_END\nCF_SINGULAR_MEMBER_30_END\nCF_SINGULAR_MEMBER_31_END\nCF_SINGULAR_MEMBER_32_END\nCF_NO_SMOOTH_MEMBER\nCF_SCRIPT_COMPLETED_OK\n",
status := "no_smooth_in_batch",
witnessIndex := fail,
witnessVerificationPassed := false ), rec(
exitCode := 0,
numberOfMembersTested := 32,
prime := 11,
singularOutput := "CF_SINGULAR_MEMBER_1_END\nCF_SINGULAR_MEMBER_2_END\nCF_SINGULAR_MEMBER_3_END\nCF_SINGULAR_MEMBER_4_END\nCF_SINGULAR_MEMBER_5_END\nCF_SINGULAR_MEMBER_6_END\nCF_SINGULAR_MEMBER_7_END\nCF_SINGULAR_MEMBER_8_END\nCF_SINGULAR_MEMBER_9_END\nCF_SINGULAR_MEMBER_10_END\nCF_SINGULAR_MEMBER_11_END\nCF_SINGULAR_MEMBER_12_END\nCF_SINGULAR_MEMBER_13_END\nCF_SINGULAR_MEMBER_14_END\nCF_SINGULAR_MEMBER_15_END\nCF_SINGULAR_MEMBER_16_END\nCF_SINGULAR_MEMBER_17_END\nCF_SINGULAR_MEMBER_18_END\nCF_SINGULAR_MEMBER_19_END\nCF_SINGULAR_MEMBER_20_END\nCF_SINGULAR_MEMBER_21_END\nCF_SINGULAR_MEMBER_22_END\nCF_SINGULAR_MEMBER_23_END\nCF_SINGULAR_MEMBER_24_END\nCF_SINGULAR_MEMBER_25_END\nCF_SINGULAR_MEMBER_26_END\nCF_SINGULAR_MEMBER_27_END\nCF_SINGULAR_MEMBER_28_END\nCF_SINGULAR_MEMBER_29_END\nCF_SINGULAR_MEMBER_30_END\nCF_SINGULAR_MEMBER_31_END\nCF_SINGULAR_MEMBER_32_END\nCF_NO_SMOOTH_MEMBER\nCF_SCRIPT_COMPLETED_OK\n",
status := "no_smooth_in_batch",
witnessIndex := fail,
witnessVerificationPassed := false ) ],
method := "deterministic coefficient batch",
status := "no_smooth_witness" ),
guessedPolynomial := "(2)*x6^3 + (-171/2)*x5*x6^2 + (-171/2)*x5^2*x6 + (2)*x5^3 + (-171/2)*x4*x6^2 + (-492)*x4*x5*x6 + (-171/2)*x4*x5^2 + (-171/2)*x4^2*x6 + (-171/2)*x4^2*x5 + (2)*x4^3 + (-71)*x3*x6^2 + (-127)*x3*x5*x6 + (41/2)*x3*x5^2 + (-127)*x3*x4*x6 + (194)*x3*x4*x5 + (41/2)*x3*x4^2 + (10)*x3^2*x6 + (173/2)*x3^2*x5 + (173/2)*x3^2*x4 + (17)*x3^3 + (41/2)*x2*x6^2 + (-127)*x2*x5*x6 + (-71)*x2*x5^2 + (194)*x2*x4*x6 + (-127)*x2*x4*x5 + (41/2)*x2*x4^2 + (5)*x2*x3*x6 + (5)*x2*x3*x5 + (-148)*x2*x3*x4 + (-51/2)*x2*x3^2 + (173/2)*x2^2*x6 + (10)*x2^2*x5 + (173/2)*x2^2*x4 + (-51/2)*x2^2*x3 + (17)*x2^3 + (41/2)*x1*x6^2 + (194)*x1*x5*x6 + (41/2)*x1*x5^2 + (-127)*x1*x4*x6 + (-127)*x1*x4*x5 + (-71)*x1*x4^2 + (5)*x1*x3*x6 + (-148)*x1*x3*x5 + (5)*x1*x3*x4 + (-51/2)*x1*x3^2 + (-148)*x1*x2*x6 + (5)*x1*x2*x5 + (5)*x1*x2*x4 + (102)*x1*x2*x3 + (-51/2)*x1*x2^2 + (173/2)*x1^2*x6 + (173/2)*x1^2*x5 + (10)*x1^2*x4 + (-51/2)*x1^2*x3 + (-51/2)*x1^2*x2 + (17)*x1^3",
isDirectKnownCase := false,
linearGId := [ 108, 42 ],
projectiveGId := [ 36, 12 ],
proofType := "an exact common singular point was found for the invariant basis",
status := "singular",
symplecticPart := "S3",
testedCoefficientCandidates := [ [ 2, 5, 10, 17 ], [ 1, 1, 1, 1 ], [ 1, 2, 3, 4 ], [ 1, -2, 3, -4 ], [ 1, -1, 0, 3 ], [ 1, 0, 0, 0 ], [ 0, 1, 0, 0 ], [ 0, 0, 1, 0 ], [ 0, 0, 0, 1 ], [ 1, 1, 0, 0 ], [ 1, -1, 0, 0 ], [ 1, 0, 1, 0 ], [ 1, 0, -1, 0 ], [ 1, 0, 0, 1 ], [ 1, 0, 0, -1 ], [ 0, 1, 1, 0 ], [ 0, 1, -1, 0 ], [ 0, 1, 0, 1 ], [ 0, 1, 0, -1 ], [ 0, 0, 1, 1 ], [ 0, 0, 1, -1 ], [ -6, 10, 6, -11 ], [ -10, 10, 9, 1 ], [ -5, -2, -3, -10 ], [ -9, -7, 3, 10 ], [ -1, -3, -2, -5 ], [ -1, -5, 11, 6 ], [ 1, -7, 7, 9 ], [ -2, 4, 1, -7 ], [ -9, -7, 3, -5 ], [ 1, -1, -6, -2 ], [ -9, 6, -1, 9 ] ] ), rec(
candidateNumber := 114,
centralizerDimension := 4,
commonPointChecks := 126,
commonSingularPoint := [ 1, E(3), E(3)^2, 0, 0, 0 ],
componentIndex := 1,
componentLabel := "Koike (3.6), generic index 1",
cubicInvariantDimension := 4,
determinantImageOrder := 6,
familyDimension := 0,
familyIndexWithinCase := 2,
genericIndex := 1,
guessedCoefficients := [ 2, 5, 10, 17 ],
guessedMemberTest := rec(
coefficientCandidates := [ [ 2, 5, 10, 17 ], [ 1, 1, 1, 1 ], [ 1, 2, 3, 4 ], [ 1, -2, 3, -4 ], [ 1, -1, 0, 3 ], [ 1, 0, 0, 0 ], [ 0, 1, 0, 0 ], [ 0, 0, 1, 0 ], [ 0, 0, 0, 1 ], [ 1, 1, 0, 0 ], [ 1, -1, 0, 0 ], [ 1, 0, 1, 0 ], [ 1, 0, -1, 0 ], [ 1, 0, 0, 1 ], [ 1, 0, 0, -1 ], [ 0, 1, 1, 0 ], [ 0, 1, -1, 0 ], [ 0, 1, 0, 1 ], [ 0, 1, 0, -1 ], [ 0, 0, 1, 1 ], [ 0, 0, 1, -1 ], [ -6, 10, 6, -11 ], [ -10, 10, 9, 1 ], [ -5, -2, -3, -10 ], [ -9, -7, 3, 10 ], [ -1, -3, -2, -5 ], [ -1, -5, 11, 6 ], [ 1, -7, 7, 9 ], [ -2, 4, 1, -7 ], [ -9, -7, 3, -5 ], [ 1, -1, -6, -2 ], [ -9, 6, -1, 9 ] ],
coefficientFieldConductor := 1,
exactTrials := [ rec(
coefficients := [ 2, 5, 10, 17 ],
trial := rec(
coefficientFieldConductor := 1,
exitCode := 0,
singularChart := 1,
singularOutput := "CF_EXACT_SINGULAR_CHART_1\nCF_EXACT_SINGULAR\nCF_SCRIPT_COMPLETED_OK\n",
status := "exact_singular" ) ), rec(
coefficients := [ 1, 1, 1, 1 ],
trial := rec(
coefficientFieldConductor := 1,
exitCode := 0,
singularChart := 1,
singularOutput := "CF_EXACT_SINGULAR_CHART_1\nCF_EXACT_SINGULAR\nCF_SCRIPT_COMPLETED_OK\n",
status := "exact_singular" ) ), rec(
coefficients := [ 1, 2, 3, 4 ],
trial := rec(
coefficientFieldConductor := 1,
exitCode := 0,
singularChart := 1,
singularOutput := "CF_EXACT_SINGULAR_CHART_1\nCF_EXACT_SINGULAR\nCF_SCRIPT_COMPLETED_OK\n",
status := "exact_singular" ) ), rec(
coefficients := [ 1, -2, 3, -4 ],
trial := rec(
coefficientFieldConductor := 1,
exitCode := 0,
singularChart := 1,
singularOutput := "CF_EXACT_SINGULAR_CHART_1\nCF_EXACT_SINGULAR\nCF_SCRIPT_COMPLETED_OK\n",
status := "exact_singular" ) ), rec(
coefficients := [ 1, -1, 0, 3 ],
trial := rec(
coefficientFieldConductor := 1,
exitCode := 0,
singularChart := 1,
singularOutput := "CF_EXACT_SINGULAR_CHART_1\nCF_EXACT_SINGULAR\nCF_SCRIPT_COMPLETED_OK\n",
status := "exact_singular" ) ), rec(
coefficients := [ 1, 0, 0, 0 ],
trial := rec(
coefficientFieldConductor := 1,
exitCode := 0,
singularChart := 1,
singularOutput := "CF_EXACT_SINGULAR_CHART_1\nCF_EXACT_SINGULAR\nCF_SCRIPT_COMPLETED_OK\n",
status := "exact_singular" ) ) ],
finiteFieldTrials := [ rec(
exitCode := 0,
numberOfMembersTested := 31,
prime := 5,
singularOutput := "CF_SINGULAR_MEMBER_1_END\nCF_SINGULAR_MEMBER_2_END\nCF_SINGULAR_MEMBER_3_END\nCF_SINGULAR_MEMBER_4_END\nCF_SINGULAR_MEMBER_5_END\nCF_SINGULAR_MEMBER_6_END\nCF_SINGULAR_MEMBER_7_END\nCF_SINGULAR_MEMBER_8_END\nCF_SINGULAR_MEMBER_9_END\nCF_SINGULAR_MEMBER_10_END\nCF_SINGULAR_MEMBER_11_END\nCF_SINGULAR_MEMBER_12_END\nCF_SINGULAR_MEMBER_13_END\nCF_SINGULAR_MEMBER_14_END\nCF_SINGULAR_MEMBER_15_END\nCF_SINGULAR_MEMBER_16_END\nCF_SINGULAR_MEMBER_17_END\nCF_SINGULAR_MEMBER_18_END\nCF_SINGULAR_MEMBER_19_END\nCF_SINGULAR_MEMBER_20_END\nCF_SINGULAR_MEMBER_21_END\nCF_SINGULAR_MEMBER_22_END\nCF_SINGULAR_MEMBER_23_END\nCF_SINGULAR_MEMBER_24_END\nCF_SINGULAR_MEMBER_25_END\nCF_SINGULAR_MEMBER_26_END\nCF_SINGULAR_MEMBER_27_END\nCF_SINGULAR_MEMBER_28_END\nCF_SINGULAR_MEMBER_29_END\nCF_SINGULAR_MEMBER_30_END\nCF_SINGULAR_MEMBER_31_END\nCF_NO_SMOOTH_MEMBER\nCF_SCRIPT_COMPLETED_OK\n",
status := "no_smooth_in_batch",
witnessIndex := fail,
witnessVerificationPassed := false ), rec(
exitCode := 0,
numberOfMembersTested := 32,
prime := 7,
singularOutput := "CF_SINGULAR_MEMBER_1_END\nCF_SINGULAR_MEMBER_2_END\nCF_SINGULAR_MEMBER_3_END\nCF_SINGULAR_MEMBER_4_END\nCF_SINGULAR_MEMBER_5_END\nCF_SINGULAR_MEMBER_6_END\nCF_SINGULAR_MEMBER_7_END\nCF_SINGULAR_MEMBER_8_END\nCF_SINGULAR_MEMBER_9_END\nCF_SINGULAR_MEMBER_10_END\nCF_SINGULAR_MEMBER_11_END\nCF_SINGULAR_MEMBER_12_END\nCF_SINGULAR_MEMBER_13_END\nCF_SINGULAR_MEMBER_14_END\nCF_SINGULAR_MEMBER_15_END\nCF_SINGULAR_MEMBER_16_END\nCF_SINGULAR_MEMBER_17_END\nCF_SINGULAR_MEMBER_18_END\nCF_SINGULAR_MEMBER_19_END\nCF_SINGULAR_MEMBER_20_END\nCF_SINGULAR_MEMBER_21_END\nCF_SINGULAR_MEMBER_22_END\nCF_SINGULAR_MEMBER_23_END\nCF_SINGULAR_MEMBER_24_END\nCF_SINGULAR_MEMBER_25_END\nCF_SINGULAR_MEMBER_26_END\nCF_SINGULAR_MEMBER_27_END\nCF_SINGULAR_MEMBER_28_END\nCF_SINGULAR_MEMBER_29_END\nCF_SINGULAR_MEMBER_30_END\nCF_SINGULAR_MEMBER_31_END\nCF_SINGULAR_MEMBER_32_END\nCF_NO_SMOOTH_MEMBER\nCF_SCRIPT_COMPLETED_OK\n",
status := "no_smooth_in_batch",
witnessIndex := fail,
witnessVerificationPassed := false ), rec(
exitCode := 0,
numberOfMembersTested := 32,
prime := 11,
singularOutput := "CF_SINGULAR_MEMBER_1_END\nCF_SINGULAR_MEMBER_2_END\nCF_SINGULAR_MEMBER_3_END\nCF_SINGULAR_MEMBER_4_END\nCF_SINGULAR_MEMBER_5_END\nCF_SINGULAR_MEMBER_6_END\nCF_SINGULAR_MEMBER_7_END\nCF_SINGULAR_MEMBER_8_END\nCF_SINGULAR_MEMBER_9_END\nCF_SINGULAR_MEMBER_10_END\nCF_SINGULAR_MEMBER_11_END\nCF_SINGULAR_MEMBER_12_END\nCF_SINGULAR_MEMBER_13_END\nCF_SINGULAR_MEMBER_14_END\nCF_SINGULAR_MEMBER_15_END\nCF_SINGULAR_MEMBER_16_END\nCF_SINGULAR_MEMBER_17_END\nCF_SINGULAR_MEMBER_18_END\nCF_SINGULAR_MEMBER_19_END\nCF_SINGULAR_MEMBER_20_END\nCF_SINGULAR_MEMBER_21_END\nCF_SINGULAR_MEMBER_22_END\nCF_SINGULAR_MEMBER_23_END\nCF_SINGULAR_MEMBER_24_END\nCF_SINGULAR_MEMBER_25_END\nCF_SINGULAR_MEMBER_26_END\nCF_SINGULAR_MEMBER_27_END\nCF_SINGULAR_MEMBER_28_END\nCF_SINGULAR_MEMBER_29_END\nCF_SINGULAR_MEMBER_30_END\nCF_SINGULAR_MEMBER_31_END\nCF_SINGULAR_MEMBER_32_END\nCF_NO_SMOOTH_MEMBER\nCF_SCRIPT_COMPLETED_OK\n",
status := "no_smooth_in_batch",
witnessIndex := fail,
witnessVerificationPassed := false ) ],
method := "deterministic coefficient batch",
status := "no_smooth_witness" ),
guessedPolynomial := "(5)*x6^3 + (2)*x5*x6^2 + (2)*x5^2*x6 + (5)*x5^3 + (2)*x4*x6^2 + (-42)*x4*x5*x6 + (2)*x4*x5^2 + (2)*x4^2*x6 + (2)*x4^2*x5 + (5)*x4^3 + (-34)*x3*x6^2 + (-44)*x3*x5*x6 + (-10)*x3*x5^2 + (-44)*x3*x4*x6 + (-20)*x3*x4*x5 + (-10)*x3*x4^2 + (17)*x3^2*x6 + (17)*x3^2*x5 + (17)*x3^2*x4 + (-10)*x2*x6^2 + (-44)*x2*x5*x6 + (-34)*x2*x5^2 + (-20)*x2*x4*x6 + (-44)*x2*x4*x5 + (-10)*x2*x4^2 + (10)*x2*x3*x6 + (10)*x2*x3*x5 + (10)*x2*x3*x4 + (17)*x2^2*x6 + (17)*x2^2*x5 + (17)*x2^2*x4 + (-10)*x1*x6^2 + (-20)*x1*x5*x6 + (-10)*x1*x5^2 + (-44)*x1*x4*x6 + (-44)*x1*x4*x5 + (-34)*x1*x4^2 + (10)*x1*x3*x6 + (10)*x1*x3*x5 + (10)*x1*x3*x4 + (10)*x1*x2*x6 + (10)*x1*x2*x5 + (10)*x1*x2*x4 + (17)*x1^2*x6 + (17)*x1^2*x5 + (17)*x1^2*x4",
isDirectKnownCase := false,
linearGId := [ 108, 42 ],
projectiveGId := [ 36, 12 ],
proofType := "an exact common singular point was found for the invariant basis",
status := "singular",
symplecticPart := "S3",
testedCoefficientCandidates := [ [ 2, 5, 10, 17 ], [ 1, 1, 1, 1 ], [ 1, 2, 3, 4 ], [ 1, -2, 3, -4 ], [ 1, -1, 0, 3 ], [ 1, 0, 0, 0 ], [ 0, 1, 0, 0 ], [ 0, 0, 1, 0 ], [ 0, 0, 0, 1 ], [ 1, 1, 0, 0 ], [ 1, -1, 0, 0 ], [ 1, 0, 1, 0 ], [ 1, 0, -1, 0 ], [ 1, 0, 0, 1 ], [ 1, 0, 0, -1 ], [ 0, 1, 1, 0 ], [ 0, 1, -1, 0 ], [ 0, 1, 0, 1 ], [ 0, 1, 0, -1 ], [ 0, 0, 1, 1 ], [ 0, 0, 1, -1 ], [ -6, 10, 6, -11 ], [ -10, 10, 9, 1 ], [ -5, -2, -3, -10 ], [ -9, -7, 3, 10 ], [ -1, -3, -2, -5 ], [ -1, -5, 11, 6 ], [ 1, -7, 7, 9 ], [ -2, 4, 1, -7 ], [ -9, -7, 3, -5 ], [ 1, -1, -6, -2 ], [ -9, 6, -1, 9 ] ] ), rec(
candidateNumber := 115,
centralizerDimension := 4,
componentIndex := 1,
componentLabel := "Koike (3.6), generic index 1",
cubicInvariantDimension := 5,
determinantImageOrder := 6,
familyDimension := 1,
familyIndexWithinCase := 3,
genericIndex := 1,
guessedCoefficients := [ 1, 1, 1, 1, 1 ],
guessedMemberTest := rec(
coefficientCandidates := [ [ 2, 5, 10, 17, 26 ], [ 1, 1, 1, 1, 1 ], [ 1, 2, 3, 4, 5 ], [ 1, -2, 3, -4, 5 ], [ 1, 0, -1, 0, 3 ], [ 1, 0, 0, 0, 0 ], [ 0, 1, 0, 0, 0 ], [ 0, 0, 1, 0, 0 ], [ 0, 0, 0, 1, 0 ], [ 0, 0, 0, 0, 1 ], [ 1, 1, 0, 0, 0 ], [ 1, -1, 0, 0, 0 ], [ 1, 0, 1, 0, 0 ], [ 1, 0, -1, 0, 0 ], [ 1, 0, 0, 1, 0 ], [ 1, 0, 0, -1, 0 ], [ 1, 0, 0, 0, 1 ], [ 1, 0, 0, 0, -1 ], [ 0, 1, 1, 0, 0 ], [ 0, 1, -1, 0, 0 ], [ 0, 1, 0, 1, 0 ], [ 0, 1, 0, -1, 0 ], [ 0, 1, 0, 0, 1 ], [ 0, 1, 0, 0, -1 ], [ 0, 0, 1, 1, 0 ], [ 0, 0, 1, -1, 0 ], [ 0, 0, 1, 0, 1 ], [ 0, 0, 1, 0, -1 ], [ 0, 0, 0, 1, 1 ], [ 0, 0, 0, 1, -1 ], [ 8, -7, -8, -6, 8 ], [ 5, -1, -5, 4, -3 ] ],
coefficientFieldConductor := 1,
exactTrials := [  ],
finiteFieldTrials := [ rec(
exitCode := 0,
numberOfMembersTested := 32,
prime := 5,
singularOutput := "CF_SINGULAR_MEMBER_1_END\nCF_SMOOTH_MEMBER_2_END\nCF_SCRIPT_COMPLETED_OK\n",
status := "smooth",
witnessIndex := 2,
witnessVerificationPassed := true ) ],
member := rec(
coefficients := [ 1, 1, 1, 1, 1 ],
monomialCoefficients := [ 1, 1, 1, 1, 1, -24, 1, 1, 1, 1, -5, -9, 1/2, -9, 10, 1/2, 1, 11/2, 11/2, 1, 1/2, -9, -5, 10, -9, 1/2, 1, 1, -8, -3/2, 11/2, 1, 11/2, -3/2, 1, 1/2, 10, 1/2, -9, -9, -5, 1, -8, 1, -3/2, -8, 1, 1, 6, -3/2, 11/2, 11/2, 1, -3/2, -3/2, 1 ],
polynomial := "x6^3 + x5*x6^2 + x5^2*x6 + x5^3 + x4*x6^2 + (-24)*x4*x5*x6 + x4*x5^2 + x4^2*x6 + x4^2*x5 + x4^3 + (-5)*x3*x6^2 + (-9)*x3*x5*x6 + (1/2)*x3*x5^2 + (-9)*x3*x4*x6 + (10)*x3*x4*x5 + (1/2)*x3*x4^2 + x3^2*x6 + (11/2)*x3^2*x5 + (11/2)*x3^2*x4 + x3^3 + (1/2)*x2*x6^2 + (-9)*x2*x5*x6 + (-5)*x2*x5^2 + (10)*x2*x4*x6 + (-9)*x2*x4*x5 + (1/2)*x2*x4^2 + x2*x3*x6 + x2*x3*x5 + (-8)*x2*x3*x4 + (-3/2)*x2*x3^2 + (11/2)*x2^2*x6 + x2^2*x5 + (11/2)*x2^2*x4 + (-3/2)*x2^2*x3 + x2^3 + (1/2)*x1*x6^2 + (10)*x1*x5*x6 + (1/2)*x1*x5^2 + (-9)*x1*x4*x6 + (-9)*x1*x4*x5 + (-5)*x1*x4^2 + x1*x3*x6 + (-8)*x1*x3*x5 + x1*x3*x4 + (-3/2)*x1*x3^2 + (-8)*x1*x2*x6 + x1*x2*x5 + x1*x2*x4 + (6)*x1*x2*x3 + (-3/2)*x1*x2^2 + (11/2)*x1^2*x6 + (11/2)*x1^2*x5 + x1^2*x4 + (-3/2)*x1^2*x3 + (-3/2)*x1^2*x2 + x1^3" ),
method := "smooth reduction at a good split prime",
status := "smooth",
witnessPrime := 5 ),
isDirectKnownCase := false,
linearGId := [ 108, 42 ],
projectiveGId := [ 36, 12 ],
proofType := "an explicit member of the invariant cubic family is smooth",
smoothPolynomial := "x6^3 + x5*x6^2 + x5^2*x6 + x5^3 + x4*x6^2 + (-24)*x4*x5*x6 + x4*x5^2 + x4^2*x6 + x4^2*x5 + x4^3 + (-5)*x3*x6^2 + (-9)*x3*x5*x6 + (1/2)*x3*x5^2 + (-9)*x3*x4*x6 + (10)*x3*x4*x5 + (1/2)*x3*x4^2 + x3^2*x6 + (11/2)*x3^2*x5 + (11/2)*x3^2*x4 + x3^3 + (1/2)*x2*x6^2 + (-9)*x2*x5*x6 + (-5)*x2*x5^2 + (10)*x2*x4*x6 + (-9)*x2*x4*x5 + (1/2)*x2*x4^2 + x2*x3*x6 + x2*x3*x5 + (-8)*x2*x3*x4 + (-3/2)*x2*x3^2 + (11/2)*x2^2*x6 + x2^2*x5 + (11/2)*x2^2*x4 + (-3/2)*x2^2*x3 + x2^3 + (1/2)*x1*x6^2 + (10)*x1*x5*x6 + (1/2)*x1*x5^2 + (-9)*x1*x4*x6 + (-9)*x1*x4*x5 + (-5)*x1*x4^2 + x1*x3*x6 + (-8)*x1*x3*x5 + x1*x3*x4 + (-3/2)*x1*x3^2 + (-8)*x1*x2*x6 + x1*x2*x5 + x1*x2*x4 + (6)*x1*x2*x3 + (-3/2)*x1*x2^2 + (11/2)*x1^2*x6 + (11/2)*x1^2*x5 + x1^2*x4 + (-3/2)*x1^2*x3 + (-3/2)*x1^2*x2 + x1^3",
status := "smooth",
symplecticPart := "S3",
testedCoefficientCandidates := [ [ 2, 5, 10, 17, 26 ], [ 1, 1, 1, 1, 1 ], [ 1, 2, 3, 4, 5 ], [ 1, -2, 3, -4, 5 ], [ 1, 0, -1, 0, 3 ], [ 1, 0, 0, 0, 0 ], [ 0, 1, 0, 0, 0 ], [ 0, 0, 1, 0, 0 ], [ 0, 0, 0, 1, 0 ], [ 0, 0, 0, 0, 1 ], [ 1, 1, 0, 0, 0 ], [ 1, -1, 0, 0, 0 ], [ 1, 0, 1, 0, 0 ], [ 1, 0, -1, 0, 0 ], [ 1, 0, 0, 1, 0 ], [ 1, 0, 0, -1, 0 ], [ 1, 0, 0, 0, 1 ], [ 1, 0, 0, 0, -1 ], [ 0, 1, 1, 0, 0 ], [ 0, 1, -1, 0, 0 ], [ 0, 1, 0, 1, 0 ], [ 0, 1, 0, -1, 0 ], [ 0, 1, 0, 0, 1 ], [ 0, 1, 0, 0, -1 ], [ 0, 0, 1, 1, 0 ], [ 0, 0, 1, -1, 0 ], [ 0, 0, 1, 0, 1 ], [ 0, 0, 1, 0, -1 ], [ 0, 0, 0, 1, 1 ], [ 0, 0, 0, 1, -1 ], [ 8, -7, -8, -6, 8 ], [ 5, -1, -5, 4, -3 ] ] ), rec(
candidateNumber := 116,
centralizerDimension := 4,
componentIndex := 1,
componentLabel := "Koike (3.6), generic index 1",
cubicInvariantDimension := 4,
determinantImageOrder := 6,
familyDimension := 0,
familyIndexWithinCase := 4,
genericIndex := 1,
guessedCoefficients := [ 2, 5, 10, 17 ],
guessedMemberTest := rec(
coefficientCandidates := [ [ 2, 5, 10, 17 ], [ 1, 1, 1, 1 ], [ 1, 2, 3, 4 ], [ 1, -2, 3, -4 ], [ 1, -1, 0, 3 ], [ 1, 0, 0, 0 ], [ 0, 1, 0, 0 ], [ 0, 0, 1, 0 ], [ 0, 0, 0, 1 ], [ 1, 1, 0, 0 ], [ 1, -1, 0, 0 ], [ 1, 0, 1, 0 ], [ 1, 0, -1, 0 ], [ 1, 0, 0, 1 ], [ 1, 0, 0, -1 ], [ 0, 1, 1, 0 ], [ 0, 1, -1, 0 ], [ 0, 1, 0, 1 ], [ 0, 1, 0, -1 ], [ 0, 0, 1, 1 ], [ 0, 0, 1, -1 ], [ -6, 10, 6, -11 ], [ -10, 10, 9, 1 ], [ -5, -2, -3, -10 ], [ -9, -7, 3, 10 ], [ -1, -3, -2, -5 ], [ -1, -5, 11, 6 ], [ 1, -7, 7, 9 ], [ -2, 4, 1, -7 ], [ -9, -7, 3, -5 ], [ 1, -1, -6, -2 ], [ -9, 6, -1, 9 ] ],
coefficientFieldConductor := 1,
exactTrials := [  ],
finiteFieldTrials := [ rec(
exitCode := 0,
numberOfMembersTested := 31,
prime := 5,
singularOutput := "CF_SMOOTH_MEMBER_1_END\nCF_SCRIPT_COMPLETED_OK\n",
status := "smooth",
witnessIndex := 1,
witnessVerificationPassed := true ) ],
member := rec(
coefficients := [ 2, 5, 10, 17 ],
monomialCoefficients := [ 5, 2, 2, 5, 2, 30, 2, 2, 2, 5, -34, -40, -20, -40, -68, -20, 17, 10, 10, 0, -20, -40, -34, -68, -40, -20, 20, 20, 34, 0, 10, 17, 10, 0, 0, -20, -68, -20, -40, -40, -34, 20, 34, 20, 0, 34, 20, 20, 0, 0, 10, 10, 17, 0, 0, 0 ],
polynomial := "(5)*x6^3 + (2)*x5*x6^2 + (2)*x5^2*x6 + (5)*x5^3 + (2)*x4*x6^2 + (30)*x4*x5*x6 + (2)*x4*x5^2 + (2)*x4^2*x6 + (2)*x4^2*x5 + (5)*x4^3 + (-34)*x3*x6^2 + (-40)*x3*x5*x6 + (-20)*x3*x5^2 + (-40)*x3*x4*x6 + (-68)*x3*x4*x5 + (-20)*x3*x4^2 + (17)*x3^2*x6 + (10)*x3^2*x5 + (10)*x3^2*x4 + (-20)*x2*x6^2 + (-40)*x2*x5*x6 + (-34)*x2*x5^2 + (-68)*x2*x4*x6 + (-40)*x2*x4*x5 + (-20)*x2*x4^2 + (20)*x2*x3*x6 + (20)*x2*x3*x5 + (34)*x2*x3*x4 + (10)*x2^2*x6 + (17)*x2^2*x5 + (10)*x2^2*x4 + (-20)*x1*x6^2 + (-68)*x1*x5*x6 + (-20)*x1*x5^2 + (-40)*x1*x4*x6 + (-40)*x1*x4*x5 + (-34)*x1*x4^2 + (20)*x1*x3*x6 + (34)*x1*x3*x5 + (20)*x1*x3*x4 + (34)*x1*x2*x6 + (20)*x1*x2*x5 + (20)*x1*x2*x4 + (10)*x1^2*x6 + (10)*x1^2*x5 + (17)*x1^2*x4" ),
method := "smooth reduction at a good split prime",
status := "smooth",
witnessPrime := 5 ),
isDirectKnownCase := false,
linearGId := [ 108, 42 ],
projectiveGId := [ 36, 12 ],
proofType := "an explicit member of the invariant cubic family is smooth",
smoothPolynomial := "(5)*x6^3 + (2)*x5*x6^2 + (2)*x5^2*x6 + (5)*x5^3 + (2)*x4*x6^2 + (30)*x4*x5*x6 + (2)*x4*x5^2 + (2)*x4^2*x6 + (2)*x4^2*x5 + (5)*x4^3 + (-34)*x3*x6^2 + (-40)*x3*x5*x6 + (-20)*x3*x5^2 + (-40)*x3*x4*x6 + (-68)*x3*x4*x5 + (-20)*x3*x4^2 + (17)*x3^2*x6 + (10)*x3^2*x5 + (10)*x3^2*x4 + (-20)*x2*x6^2 + (-40)*x2*x5*x6 + (-34)*x2*x5^2 + (-68)*x2*x4*x6 + (-40)*x2*x4*x5 + (-20)*x2*x4^2 + (20)*x2*x3*x6 + (20)*x2*x3*x5 + (34)*x2*x3*x4 + (10)*x2^2*x6 + (17)*x2^2*x5 + (10)*x2^2*x4 + (-20)*x1*x6^2 + (-68)*x1*x5*x6 + (-20)*x1*x5^2 + (-40)*x1*x4*x6 + (-40)*x1*x4*x5 + (-34)*x1*x4^2 + (20)*x1*x3*x6 + (34)*x1*x3*x5 + (20)*x1*x3*x4 + (34)*x1*x2*x6 + (20)*x1*x2*x5 + (20)*x1*x2*x4 + (10)*x1^2*x6 + (10)*x1^2*x5 + (17)*x1^2*x4",
status := "smooth",
symplecticPart := "S3",
testedCoefficientCandidates := [ [ 2, 5, 10, 17 ], [ 1, 1, 1, 1 ], [ 1, 2, 3, 4 ], [ 1, -2, 3, -4 ], [ 1, -1, 0, 3 ], [ 1, 0, 0, 0 ], [ 0, 1, 0, 0 ], [ 0, 0, 1, 0 ], [ 0, 0, 0, 1 ], [ 1, 1, 0, 0 ], [ 1, -1, 0, 0 ], [ 1, 0, 1, 0 ], [ 1, 0, -1, 0 ], [ 1, 0, 0, 1 ], [ 1, 0, 0, -1 ], [ 0, 1, 1, 0 ], [ 0, 1, -1, 0 ], [ 0, 1, 0, 1 ], [ 0, 1, 0, -1 ], [ 0, 0, 1, 1 ], [ 0, 0, 1, -1 ], [ -6, 10, 6, -11 ], [ -10, 10, 9, 1 ], [ -5, -2, -3, -10 ], [ -9, -7, 3, 10 ], [ -1, -3, -2, -5 ], [ -1, -5, 11, 6 ], [ 1, -7, 7, 9 ], [ -2, 4, 1, -7 ], [ -9, -7, 3, -5 ], [ 1, -1, -6, -2 ], [ -9, 6, -1, 9 ] ] ), rec(
candidateNumber := 117,
centralizerDimension := 6,
componentIndex := 1,
componentLabel := "Koike (3.6), generic index 1",
cubicInvariantDimension := 6,
determinantImageOrder := 6,
familyDimension := 0,
familyIndexWithinCase := 5,
genericIndex := 1,
guessedCoefficients := [ 0, 0, 0, 1, 0, 0 ],
guessedMemberTest := rec(
coefficientCandidates := [ [ 2, 5, 10, 17, 26, 37 ], [ 1, 1, 1, 1, 1, 1 ], [ 1, 2, 3, 4, 5, 6 ], [ 1, -2, 3, -4, 5, -6 ], [ 1, 0, -1, 0, 0, 3 ], [ 1, 0, 0, 0, 0, 0 ], [ 0, 1, 0, 0, 0, 0 ], [ 0, 0, 1, 0, 0, 0 ], [ 0, 0, 0, 1, 0, 0 ], [ 0, 0, 0, 0, 1, 0 ], [ 0, 0, 0, 0, 0, 1 ], [ 1, 1, 0, 0, 0, 0 ], [ 1, -1, 0, 0, 0, 0 ], [ 1, 0, 1, 0, 0, 0 ], [ 1, 0, -1, 0, 0, 0 ], [ 1, 0, 0, 1, 0, 0 ], [ 1, 0, 0, -1, 0, 0 ], [ 1, 0, 0, 0, 1, 0 ], [ 1, 0, 0, 0, -1, 0 ], [ 1, 0, 0, 0, 0, 1 ], [ 1, 0, 0, 0, 0, -1 ], [ 0, 1, 1, 0, 0, 0 ], [ 0, 1, -1, 0, 0, 0 ], [ 0, 1, 0, 1, 0, 0 ], [ 0, 1, 0, -1, 0, 0 ], [ 0, 1, 0, 0, 1, 0 ], [ 0, 1, 0, 0, -1, 0 ], [ 0, 1, 0, 0, 0, 1 ], [ 0, 1, 0, 0, 0, -1 ], [ 0, 0, 1, 1, 0, 0 ], [ 0, 0, 1, -1, 0, 0 ], [ 0, 0, 1, 0, 1, 0 ] ],
coefficientFieldConductor := 1,
exactTrials := [  ],
finiteFieldTrials := [ rec(
exitCode := 0,
numberOfMembersTested := 32,
prime := 5,
singularOutput := "CF_SINGULAR_MEMBER_1_END\nCF_SINGULAR_MEMBER_2_END\nCF_SINGULAR_MEMBER_3_END\nCF_SINGULAR_MEMBER_4_END\nCF_SINGULAR_MEMBER_5_END\nCF_SINGULAR_MEMBER_6_END\nCF_SINGULAR_MEMBER_7_END\nCF_SINGULAR_MEMBER_8_END\nCF_SMOOTH_MEMBER_9_END\nCF_SCRIPT_COMPLETED_OK\n",
status := "smooth",
witnessIndex := 9,
witnessVerificationPassed := true ) ],
member := rec(
coefficients := [ 0, 0, 0, 1, 0, 0 ],
monomialCoefficients := [ 0, 0, 0, 0, 0, 0, 0, 0, 0, 0, 0, -4, -2, -4, 0, -2, 0, 1, 1, 0, -2, -4, 0, 0, -4, -2, 2, 2, 0, 0, 1, 0, 1, 0, 0, -2, 0, -2, -4, -4, 0, 2, 0, 2, 0, 0, 2, 2, 0, 0, 1, 1, 0, 0, 0, 0 ],
polynomial := "(-4)*x3*x5*x6 + (-2)*x3*x5^2 + (-4)*x3*x4*x6 + (-2)*x3*x4^2 + x3^2*x5 + x3^2*x4 + (-2)*x2*x6^2 + (-4)*x2*x5*x6 + (-4)*x2*x4*x5 + (-2)*x2*x4^2 + (2)*x2*x3*x6 + (2)*x2*x3*x5 + x2^2*x6 + x2^2*x4 + (-2)*x1*x6^2 + (-2)*x1*x5^2 + (-4)*x1*x4*x6 + (-4)*x1*x4*x5 + (2)*x1*x3*x6 + (2)*x1*x3*x4 + (2)*x1*x2*x5 + (2)*x1*x2*x4 + x1^2*x6 + x1^2*x5" ),
method := "smooth reduction at a good split prime",
status := "smooth",
witnessPrime := 5 ),
isDirectKnownCase := false,
linearGId := [ 108, 42 ],
projectiveGId := [ 36, 12 ],
proofType := "an explicit member of the invariant cubic family is smooth",
smoothPolynomial := "(-4)*x3*x5*x6 + (-2)*x3*x5^2 + (-4)*x3*x4*x6 + (-2)*x3*x4^2 + x3^2*x5 + x3^2*x4 + (-2)*x2*x6^2 + (-4)*x2*x5*x6 + (-4)*x2*x4*x5 + (-2)*x2*x4^2 + (2)*x2*x3*x6 + (2)*x2*x3*x5 + x2^2*x6 + x2^2*x4 + (-2)*x1*x6^2 + (-2)*x1*x5^2 + (-4)*x1*x4*x6 + (-4)*x1*x4*x5 + (2)*x1*x3*x6 + (2)*x1*x3*x4 + (2)*x1*x2*x5 + (2)*x1*x2*x4 + x1^2*x6 + x1^2*x5",
status := "smooth",
symplecticPart := "S3",
testedCoefficientCandidates := [ [ 2, 5, 10, 17, 26, 37 ], [ 1, 1, 1, 1, 1, 1 ], [ 1, 2, 3, 4, 5, 6 ], [ 1, -2, 3, -4, 5, -6 ], [ 1, 0, -1, 0, 0, 3 ], [ 1, 0, 0, 0, 0, 0 ], [ 0, 1, 0, 0, 0, 0 ], [ 0, 0, 1, 0, 0, 0 ], [ 0, 0, 0, 1, 0, 0 ], [ 0, 0, 0, 0, 1, 0 ], [ 0, 0, 0, 0, 0, 1 ], [ 1, 1, 0, 0, 0, 0 ], [ 1, -1, 0, 0, 0, 0 ], [ 1, 0, 1, 0, 0, 0 ], [ 1, 0, -1, 0, 0, 0 ], [ 1, 0, 0, 1, 0, 0 ], [ 1, 0, 0, -1, 0, 0 ], [ 1, 0, 0, 0, 1, 0 ], [ 1, 0, 0, 0, -1, 0 ], [ 1, 0, 0, 0, 0, 1 ], [ 1, 0, 0, 0, 0, -1 ], [ 0, 1, 1, 0, 0, 0 ], [ 0, 1, -1, 0, 0, 0 ], [ 0, 1, 0, 1, 0, 0 ], [ 0, 1, 0, -1, 0, 0 ], [ 0, 1, 0, 0, 1, 0 ], [ 0, 1, 0, 0, -1, 0 ], [ 0, 1, 0, 0, 0, 1 ], [ 0, 1, 0, 0, 0, -1 ], [ 0, 0, 1, 1, 0, 0 ], [ 0, 0, 1, -1, 0, 0 ], [ 0, 0, 1, 0, 1, 0 ] ] ), rec(
candidateNumber := 118,
centralizerDimension := 4,
commonSingularChart := 1,
componentIndex := 1,
componentLabel := "Koike (3.6), generic index 1",
cubicInvariantDimension := 5,
determinantImageOrder := 6,
exactCommonLocusTest := rec(
coefficientFieldConductor := 1,
exitCode := 0,
singularChart := 1,
singularOutput := "CF_EXACT_COMMON_SINGULAR_CHART_1\nCF_EXACT_COMMON_SINGULAR_POINT\nCF_SCRIPT_COMPLETED_OK\n",
status := "common_singular_point_exists" ),
familyDimension := 1,
familyIndexWithinCase := 6,
genericIndex := 1,
guessedCoefficients := [ 2, 5, 10, 17, 26 ],
guessedMemberTest := rec(
coefficientCandidates := [ [ 2, 5, 10, 17, 26 ], [ 1, 1, 1, 1, 1 ], [ 1, 2, 3, 4, 5 ], [ 1, -2, 3, -4, 5 ], [ 1, 0, -1, 0, 3 ], [ 1, 0, 0, 0, 0 ], [ 0, 1, 0, 0, 0 ], [ 0, 0, 1, 0, 0 ], [ 0, 0, 0, 1, 0 ], [ 0, 0, 0, 0, 1 ], [ 1, 1, 0, 0, 0 ], [ 1, -1, 0, 0, 0 ], [ 1, 0, 1, 0, 0 ], [ 1, 0, -1, 0, 0 ], [ 1, 0, 0, 1, 0 ], [ 1, 0, 0, -1, 0 ], [ 1, 0, 0, 0, 1 ], [ 1, 0, 0, 0, -1 ], [ 0, 1, 1, 0, 0 ], [ 0, 1, -1, 0, 0 ], [ 0, 1, 0, 1, 0 ], [ 0, 1, 0, -1, 0 ], [ 0, 1, 0, 0, 1 ], [ 0, 1, 0, 0, -1 ], [ 0, 0, 1, 1, 0 ], [ 0, 0, 1, -1, 0 ], [ 0, 0, 1, 0, 1 ], [ 0, 0, 1, 0, -1 ], [ 0, 0, 0, 1, 1 ], [ 0, 0, 0, 1, -1 ], [ 8, -7, -8, -6, 8 ], [ 5, -1, -5, 4, -3 ] ],
coefficientFieldConductor := 1,
exactTrials := [ rec(
coefficients := [ 2, 5, 10, 17, 26 ],
trial := rec(
coefficientFieldConductor := 1,
exitCode := 0,
singularChart := 1,
singularOutput := "CF_EXACT_SINGULAR_CHART_1\nCF_EXACT_SINGULAR\nCF_SCRIPT_COMPLETED_OK\n",
status := "exact_singular" ) ), rec(
coefficients := [ 1, 1, 1, 1, 1 ],
trial := rec(
coefficientFieldConductor := 1,
exitCode := 0,
singularChart := 1,
singularOutput := "CF_EXACT_SINGULAR_CHART_1\nCF_EXACT_SINGULAR\nCF_SCRIPT_COMPLETED_OK\n",
status := "exact_singular" ) ), rec(
coefficients := [ 1, 2, 3, 4, 5 ],
trial := rec(
coefficientFieldConductor := 1,
exitCode := 0,
singularChart := 1,
singularOutput := "CF_EXACT_SINGULAR_CHART_1\nCF_EXACT_SINGULAR\nCF_SCRIPT_COMPLETED_OK\n",
status := "exact_singular" ) ), rec(
coefficients := [ 1, -2, 3, -4, 5 ],
trial := rec(
coefficientFieldConductor := 1,
exitCode := 0,
singularChart := 1,
singularOutput := "CF_EXACT_SINGULAR_CHART_1\nCF_EXACT_SINGULAR\nCF_SCRIPT_COMPLETED_OK\n",
status := "exact_singular" ) ), rec(
coefficients := [ 1, 0, -1, 0, 3 ],
trial := rec(
coefficientFieldConductor := 1,
exitCode := 0,
singularChart := 1,
singularOutput := "CF_EXACT_SINGULAR_CHART_1\nCF_EXACT_SINGULAR\nCF_SCRIPT_COMPLETED_OK\n",
status := "exact_singular" ) ), rec(
coefficients := [ 1, 0, 0, 0, 0 ],
trial := rec(
coefficientFieldConductor := 1,
exitCode := 0,
singularChart := 1,
singularOutput := "CF_EXACT_SINGULAR_CHART_1\nCF_EXACT_SINGULAR\nCF_SCRIPT_COMPLETED_OK\n",
status := "exact_singular" ) ) ],
finiteFieldTrials := [ rec(
exitCode := 0,
numberOfMembersTested := 32,
prime := 5,
singularOutput := "CF_SINGULAR_MEMBER_1_END\nCF_SINGULAR_MEMBER_2_END\nCF_SINGULAR_MEMBER_3_END\nCF_SINGULAR_MEMBER_4_END\nCF_SINGULAR_MEMBER_5_END\nCF_SINGULAR_MEMBER_6_END\nCF_SINGULAR_MEMBER_7_END\nCF_SINGULAR_MEMBER_8_END\nCF_SINGULAR_MEMBER_9_END\nCF_SINGULAR_MEMBER_10_END\nCF_SINGULAR_MEMBER_11_END\nCF_SINGULAR_MEMBER_12_END\nCF_SINGULAR_MEMBER_13_END\nCF_SINGULAR_MEMBER_14_END\nCF_SINGULAR_MEMBER_15_END\nCF_SINGULAR_MEMBER_16_END\nCF_SINGULAR_MEMBER_17_END\nCF_SINGULAR_MEMBER_18_END\nCF_SINGULAR_MEMBER_19_END\nCF_SINGULAR_MEMBER_20_END\nCF_SINGULAR_MEMBER_21_END\nCF_SINGULAR_MEMBER_22_END\nCF_SINGULAR_MEMBER_23_END\nCF_SINGULAR_MEMBER_24_END\nCF_SINGULAR_MEMBER_25_END\nCF_SINGULAR_MEMBER_26_END\nCF_SINGULAR_MEMBER_27_END\nCF_SINGULAR_MEMBER_28_END\nCF_SINGULAR_MEMBER_29_END\nCF_SINGULAR_MEMBER_30_END\nCF_SINGULAR_MEMBER_31_END\nCF_SINGULAR_MEMBER_32_END\nCF_NO_SMOOTH_MEMBER\nCF_SCRIPT_COMPLETED_OK\n",
status := "no_smooth_in_batch",
witnessIndex := fail,
witnessVerificationPassed := false ), rec(
exitCode := 0,
numberOfMembersTested := 32,
prime := 7,
singularOutput := "CF_SINGULAR_MEMBER_1_END\nCF_SINGULAR_MEMBER_2_END\nCF_SINGULAR_MEMBER_3_END\nCF_SINGULAR_MEMBER_4_END\nCF_SINGULAR_MEMBER_5_END\nCF_SINGULAR_MEMBER_6_END\nCF_SINGULAR_MEMBER_7_END\nCF_SINGULAR_MEMBER_8_END\nCF_SINGULAR_MEMBER_9_END\nCF_SINGULAR_MEMBER_10_END\nCF_SINGULAR_MEMBER_11_END\nCF_SINGULAR_MEMBER_12_END\nCF_SINGULAR_MEMBER_13_END\nCF_SINGULAR_MEMBER_14_END\nCF_SINGULAR_MEMBER_15_END\nCF_SINGULAR_MEMBER_16_END\nCF_SINGULAR_MEMBER_17_END\nCF_SINGULAR_MEMBER_18_END\nCF_SINGULAR_MEMBER_19_END\nCF_SINGULAR_MEMBER_20_END\nCF_SINGULAR_MEMBER_21_END\nCF_SINGULAR_MEMBER_22_END\nCF_SINGULAR_MEMBER_23_END\nCF_SINGULAR_MEMBER_24_END\nCF_SINGULAR_MEMBER_25_END\nCF_SINGULAR_MEMBER_26_END\nCF_SINGULAR_MEMBER_27_END\nCF_SINGULAR_MEMBER_28_END\nCF_SINGULAR_MEMBER_29_END\nCF_SINGULAR_MEMBER_30_END\nCF_SINGULAR_MEMBER_31_END\nCF_SINGULAR_MEMBER_32_END\nCF_NO_SMOOTH_MEMBER\nCF_SCRIPT_COMPLETED_OK\n",
status := "no_smooth_in_batch",
witnessIndex := fail,
witnessVerificationPassed := false ), rec(
exitCode := 0,
numberOfMembersTested := 32,
prime := 11,
singularOutput := "CF_SINGULAR_MEMBER_1_END\nCF_SINGULAR_MEMBER_2_END\nCF_SINGULAR_MEMBER_3_END\nCF_SINGULAR_MEMBER_4_END\nCF_SINGULAR_MEMBER_5_END\nCF_SINGULAR_MEMBER_6_END\nCF_SINGULAR_MEMBER_7_END\nCF_SINGULAR_MEMBER_8_END\nCF_SINGULAR_MEMBER_9_END\nCF_SINGULAR_MEMBER_10_END\nCF_SINGULAR_MEMBER_11_END\nCF_SINGULAR_MEMBER_12_END\nCF_SINGULAR_MEMBER_13_END\nCF_SINGULAR_MEMBER_14_END\nCF_SINGULAR_MEMBER_15_END\nCF_SINGULAR_MEMBER_16_END\nCF_SINGULAR_MEMBER_17_END\nCF_SINGULAR_MEMBER_18_END\nCF_SINGULAR_MEMBER_19_END\nCF_SINGULAR_MEMBER_20_END\nCF_SINGULAR_MEMBER_21_END\nCF_SINGULAR_MEMBER_22_END\nCF_SINGULAR_MEMBER_23_END\nCF_SINGULAR_MEMBER_24_END\nCF_SINGULAR_MEMBER_25_END\nCF_SINGULAR_MEMBER_26_END\nCF_SINGULAR_MEMBER_27_END\nCF_SINGULAR_MEMBER_28_END\nCF_SINGULAR_MEMBER_29_END\nCF_SINGULAR_MEMBER_30_END\nCF_SINGULAR_MEMBER_31_END\nCF_SINGULAR_MEMBER_32_END\nCF_NO_SMOOTH_MEMBER\nCF_SCRIPT_COMPLETED_OK\n",
status := "no_smooth_in_batch",
witnessIndex := fail,
witnessVerificationPassed := false ) ],
method := "deterministic coefficient batch",
status := "no_smooth_witness" ),
guessedPolynomial := "(2)*x6^3 + (-427/2)*x5*x6^2 + (-427/2)*x5^2*x6 + (2)*x5^3 + (-427/2)*x4*x6^2 + (1122)*x4*x5*x6 + (-427/2)*x4*x5^2 + (-427/2)*x4^2*x6 + (-427/2)*x4^2*x5 + (2)*x4^3 + (5)*x3*x6^2 + (107)*x3*x5*x6 + (208)*x3*x5^2 + (107)*x3*x4*x6 + (-482)*x3*x4*x5 + (208)*x3*x4^2 + (10)*x3^2*x6 + (-61)*x3^2*x5 + (-61)*x3^2*x4 + (26)*x3^3 + (208)*x2*x6^2 + (107)*x2*x5*x6 + (5)*x2*x5^2 + (-482)*x2*x4*x6 + (107)*x2*x4*x5 + (208)*x2*x4^2 + (-122)*x2*x3*x6 + (-122)*x2*x3*x5 + (203)*x2*x3*x4 + (17)*x2*x3^2 + (-61)*x2^2*x6 + (10)*x2^2*x5 + (-61)*x2^2*x4 + (17)*x2^2*x3 + (26)*x2^3 + (208)*x1*x6^2 + (-482)*x1*x5*x6 + (208)*x1*x5^2 + (107)*x1*x4*x6 + (107)*x1*x4*x5 + (5)*x1*x4^2 + (-122)*x1*x3*x6 + (203)*x1*x3*x5 + (-122)*x1*x3*x4 + (17)*x1*x3^2 + (203)*x1*x2*x6 + (-122)*x1*x2*x5 + (-122)*x1*x2*x4 + (-27)*x1*x2*x3 + (17)*x1*x2^2 + (-61)*x1^2*x6 + (-61)*x1^2*x5 + (10)*x1^2*x4 + (17)*x1^2*x3 + (17)*x1^2*x2 + (26)*x1^3",
isDirectKnownCase := false,
linearGId := [ 108, 42 ],
projectiveGId := [ 36, 12 ],
proofType := "the invariant basis has a nonempty exact common projective Jacobian locus",
status := "singular",
symplecticPart := "S3",
testedCoefficientCandidates := [ [ 2, 5, 10, 17, 26 ], [ 1, 1, 1, 1, 1 ], [ 1, 2, 3, 4, 5 ], [ 1, -2, 3, -4, 5 ], [ 1, 0, -1, 0, 3 ], [ 1, 0, 0, 0, 0 ], [ 0, 1, 0, 0, 0 ], [ 0, 0, 1, 0, 0 ], [ 0, 0, 0, 1, 0 ], [ 0, 0, 0, 0, 1 ], [ 1, 1, 0, 0, 0 ], [ 1, -1, 0, 0, 0 ], [ 1, 0, 1, 0, 0 ], [ 1, 0, -1, 0, 0 ], [ 1, 0, 0, 1, 0 ], [ 1, 0, 0, -1, 0 ], [ 1, 0, 0, 0, 1 ], [ 1, 0, 0, 0, -1 ], [ 0, 1, 1, 0, 0 ], [ 0, 1, -1, 0, 0 ], [ 0, 1, 0, 1, 0 ], [ 0, 1, 0, -1, 0 ], [ 0, 1, 0, 0, 1 ], [ 0, 1, 0, 0, -1 ], [ 0, 0, 1, 1, 0 ], [ 0, 0, 1, -1, 0 ], [ 0, 0, 1, 0, 1 ], [ 0, 0, 1, 0, -1 ], [ 0, 0, 0, 1, 1 ], [ 0, 0, 0, 1, -1 ], [ 8, -7, -8, -6, 8 ], [ 5, -1, -5, 4, -3 ] ] ), rec(
candidateNumber := 119,
centralizerDimension := 6,
commonSingularChart := 1,
componentIndex := 1,
componentLabel := "Koike (3.6), generic index 1",
cubicInvariantDimension := 8,
determinantImageOrder := 6,
exactCommonLocusTest := rec(
coefficientFieldConductor := 1,
exitCode := 0,
singularChart := 1,
singularOutput := "CF_EXACT_COMMON_SINGULAR_CHART_1\nCF_EXACT_COMMON_SINGULAR_POINT\nCF_SCRIPT_COMPLETED_OK\n",
status := "common_singular_point_exists" ),
familyDimension := 2,
familyIndexWithinCase := 7,
genericIndex := 1,
guessedCoefficients := [ 2, 5, 10, 17, 26, 37, 50, 65 ],
guessedMemberTest := rec(
coefficientCandidates := [ [ 2, 5, 10, 17, 26, 37, 50, 65 ], [ 1, 1, 1, 1, 1, 1, 1, 1 ], [ 1, 2, 3, 4, 5, 6, 7, 8 ], [ 1, -2, 3, -4, 5, -6, 7, -8 ], [ 1, 0, 0, -1, 0, 0, 0, 3 ], [ 1, 0, 0, 0, 0, 0, 0, 0 ], [ 0, 1, 0, 0, 0, 0, 0, 0 ], [ 0, 0, 1, 0, 0, 0, 0, 0 ], [ 0, 0, 0, 1, 0, 0, 0, 0 ], [ 0, 0, 0, 0, 1, 0, 0, 0 ], [ 0, 0, 0, 0, 0, 1, 0, 0 ], [ 0, 0, 0, 0, 0, 0, 1, 0 ], [ 0, 0, 0, 0, 0, 0, 0, 1 ], [ 1, 1, 0, 0, 0, 0, 0, 0 ], [ 1, -1, 0, 0, 0, 0, 0, 0 ], [ 1, 0, 1, 0, 0, 0, 0, 0 ], [ 1, 0, -1, 0, 0, 0, 0, 0 ], [ 1, 0, 0, 1, 0, 0, 0, 0 ], [ 1, 0, 0, -1, 0, 0, 0, 0 ], [ 1, 0, 0, 0, 1, 0, 0, 0 ], [ 1, 0, 0, 0, -1, 0, 0, 0 ], [ 1, 0, 0, 0, 0, 1, 0, 0 ], [ 1, 0, 0, 0, 0, -1, 0, 0 ], [ 1, 0, 0, 0, 0, 0, 1, 0 ], [ 1, 0, 0, 0, 0, 0, -1, 0 ], [ 1, 0, 0, 0, 0, 0, 0, 1 ], [ 1, 0, 0, 0, 0, 0, 0, -1 ], [ 0, 1, 1, 0, 0, 0, 0, 0 ], [ 0, 1, -1, 0, 0, 0, 0, 0 ], [ 0, 1, 0, 1, 0, 0, 0, 0 ], [ 0, 1, 0, -1, 0, 0, 0, 0 ], [ 0, 1, 0, 0, 1, 0, 0, 0 ] ],
coefficientFieldConductor := 1,
exactTrials := [ rec(
coefficients := [ 2, 5, 10, 17, 26, 37, 50, 65 ],
trial := rec(
coefficientFieldConductor := 1,
exitCode := 0,
singularChart := 1,
singularOutput := "CF_EXACT_SINGULAR_CHART_1\nCF_EXACT_SINGULAR\nCF_SCRIPT_COMPLETED_OK\n",
status := "exact_singular" ) ), rec(
coefficients := [ 1, 1, 1, 1, 1, 1, 1, 1 ],
trial := rec(
coefficientFieldConductor := 1,
exitCode := 0,
singularChart := 1,
singularOutput := "CF_EXACT_SINGULAR_CHART_1\nCF_EXACT_SINGULAR\nCF_SCRIPT_COMPLETED_OK\n",
status := "exact_singular" ) ), rec(
coefficients := [ 1, 2, 3, 4, 5, 6, 7, 8 ],
trial := rec(
coefficientFieldConductor := 1,
exitCode := 0,
singularChart := 1,
singularOutput := "CF_EXACT_SINGULAR_CHART_1\nCF_EXACT_SINGULAR\nCF_SCRIPT_COMPLETED_OK\n",
status := "exact_singular" ) ), rec(
coefficients := [ 1, -2, 3, -4, 5, -6, 7, -8 ],
trial := rec(
coefficientFieldConductor := 1,
exitCode := 0,
singularChart := 1,
singularOutput := "CF_EXACT_SINGULAR_CHART_1\nCF_EXACT_SINGULAR\nCF_SCRIPT_COMPLETED_OK\n",
status := "exact_singular" ) ), rec(
coefficients := [ 1, 0, 0, -1, 0, 0, 0, 3 ],
trial := rec(
coefficientFieldConductor := 1,
exitCode := 0,
singularChart := 1,
singularOutput := "CF_EXACT_SINGULAR_CHART_1\nCF_EXACT_SINGULAR\nCF_SCRIPT_COMPLETED_OK\n",
status := "exact_singular" ) ), rec(
coefficients := [ 1, 0, 0, 0, 0, 0, 0, 0 ],
trial := rec(
coefficientFieldConductor := 1,
exitCode := 0,
singularChart := 1,
singularOutput := "CF_EXACT_SINGULAR_CHART_1\nCF_EXACT_SINGULAR\nCF_SCRIPT_COMPLETED_OK\n",
status := "exact_singular" ) ) ],
finiteFieldTrials := [ rec(
exitCode := 0,
numberOfMembersTested := 32,
prime := 5,
singularOutput := "CF_SINGULAR_MEMBER_1_END\nCF_SINGULAR_MEMBER_2_END\nCF_SINGULAR_MEMBER_3_END\nCF_SINGULAR_MEMBER_4_END\nCF_SINGULAR_MEMBER_5_END\nCF_SINGULAR_MEMBER_6_END\nCF_SINGULAR_MEMBER_7_END\nCF_SINGULAR_MEMBER_8_END\nCF_SINGULAR_MEMBER_9_END\nCF_SINGULAR_MEMBER_10_END\nCF_SINGULAR_MEMBER_11_END\nCF_SINGULAR_MEMBER_12_END\nCF_SINGULAR_MEMBER_13_END\nCF_SINGULAR_MEMBER_14_END\nCF_SINGULAR_MEMBER_15_END\nCF_SINGULAR_MEMBER_16_END\nCF_SINGULAR_MEMBER_17_END\nCF_SINGULAR_MEMBER_18_END\nCF_SINGULAR_MEMBER_19_END\nCF_SINGULAR_MEMBER_20_END\nCF_SINGULAR_MEMBER_21_END\nCF_SINGULAR_MEMBER_22_END\nCF_SINGULAR_MEMBER_23_END\nCF_SINGULAR_MEMBER_24_END\nCF_SINGULAR_MEMBER_25_END\nCF_SINGULAR_MEMBER_26_END\nCF_SINGULAR_MEMBER_27_END\nCF_SINGULAR_MEMBER_28_END\nCF_SINGULAR_MEMBER_29_END\nCF_SINGULAR_MEMBER_30_END\nCF_SINGULAR_MEMBER_31_END\nCF_SINGULAR_MEMBER_32_END\nCF_NO_SMOOTH_MEMBER\nCF_SCRIPT_COMPLETED_OK\n",
status := "no_smooth_in_batch",
witnessIndex := fail,
witnessVerificationPassed := false ), rec(
exitCode := 0,
numberOfMembersTested := 32,
prime := 7,
singularOutput := "CF_SINGULAR_MEMBER_1_END\nCF_SINGULAR_MEMBER_2_END\nCF_SINGULAR_MEMBER_3_END\nCF_SINGULAR_MEMBER_4_END\nCF_SINGULAR_MEMBER_5_END\nCF_SINGULAR_MEMBER_6_END\nCF_SINGULAR_MEMBER_7_END\nCF_SINGULAR_MEMBER_8_END\nCF_SINGULAR_MEMBER_9_END\nCF_SINGULAR_MEMBER_10_END\nCF_SINGULAR_MEMBER_11_END\nCF_SINGULAR_MEMBER_12_END\nCF_SINGULAR_MEMBER_13_END\nCF_SINGULAR_MEMBER_14_END\nCF_SINGULAR_MEMBER_15_END\nCF_SINGULAR_MEMBER_16_END\nCF_SINGULAR_MEMBER_17_END\nCF_SINGULAR_MEMBER_18_END\nCF_SINGULAR_MEMBER_19_END\nCF_SINGULAR_MEMBER_20_END\nCF_SINGULAR_MEMBER_21_END\nCF_SINGULAR_MEMBER_22_END\nCF_SINGULAR_MEMBER_23_END\nCF_SINGULAR_MEMBER_24_END\nCF_SINGULAR_MEMBER_25_END\nCF_SINGULAR_MEMBER_26_END\nCF_SINGULAR_MEMBER_27_END\nCF_SINGULAR_MEMBER_28_END\nCF_SINGULAR_MEMBER_29_END\nCF_SINGULAR_MEMBER_30_END\nCF_SINGULAR_MEMBER_31_END\nCF_SINGULAR_MEMBER_32_END\nCF_NO_SMOOTH_MEMBER\nCF_SCRIPT_COMPLETED_OK\n",
status := "no_smooth_in_batch",
witnessIndex := fail,
witnessVerificationPassed := false ), rec(
exitCode := 0,
numberOfMembersTested := 32,
prime := 11,
singularOutput := "CF_SINGULAR_MEMBER_1_END\nCF_SINGULAR_MEMBER_2_END\nCF_SINGULAR_MEMBER_3_END\nCF_SINGULAR_MEMBER_4_END\nCF_SINGULAR_MEMBER_5_END\nCF_SINGULAR_MEMBER_6_END\nCF_SINGULAR_MEMBER_7_END\nCF_SINGULAR_MEMBER_8_END\nCF_SINGULAR_MEMBER_9_END\nCF_SINGULAR_MEMBER_10_END\nCF_SINGULAR_MEMBER_11_END\nCF_SINGULAR_MEMBER_12_END\nCF_SINGULAR_MEMBER_13_END\nCF_SINGULAR_MEMBER_14_END\nCF_SINGULAR_MEMBER_15_END\nCF_SINGULAR_MEMBER_16_END\nCF_SINGULAR_MEMBER_17_END\nCF_SINGULAR_MEMBER_18_END\nCF_SINGULAR_MEMBER_19_END\nCF_SINGULAR_MEMBER_20_END\nCF_SINGULAR_MEMBER_21_END\nCF_SINGULAR_MEMBER_22_END\nCF_SINGULAR_MEMBER_23_END\nCF_SINGULAR_MEMBER_24_END\nCF_SINGULAR_MEMBER_25_END\nCF_SINGULAR_MEMBER_26_END\nCF_SINGULAR_MEMBER_27_END\nCF_SINGULAR_MEMBER_28_END\nCF_SINGULAR_MEMBER_29_END\nCF_SINGULAR_MEMBER_30_END\nCF_SINGULAR_MEMBER_31_END\nCF_SINGULAR_MEMBER_32_END\nCF_NO_SMOOTH_MEMBER\nCF_SCRIPT_COMPLETED_OK\n",
status := "no_smooth_in_batch",
witnessIndex := fail,
witnessVerificationPassed := false ) ],
method := "deterministic coefficient batch",
status := "no_smooth_witness" ),
guessedPolynomial := "(2)*x6^3 + (-13)*x5*x6^2 + (-13)*x5^2*x6 + (2)*x5^3 + (-13)*x4*x6^2 + (-449)*x4*x5*x6 + (-13)*x4*x5^2 + (-13)*x4^2*x6 + (-13)*x4^2*x5 + (2)*x4^3 + (10)*x3*x6^2 + (-64)*x3*x5*x6 + (5)*x3*x5^2 + (-64)*x3*x4*x6 + (629)*x3*x4*x5 + (5)*x3*x4^2 + (37)*x3^2*x6 + (-166)*x3^2*x5 + (-166)*x3^2*x4 + (65)*x3^3 + (5)*x2*x6^2 + (-64)*x2*x5*x6 + (10)*x2*x5^2 + (629)*x2*x4*x6 + (-64)*x2*x4*x5 + (5)*x2*x4^2 + (17)*x2*x3*x6 + (17)*x2*x3*x5 + (-260)*x2*x3*x4 + (50)*x2*x3^2 + (-166)*x2^2*x6 + (37)*x2^2*x5 + (-166)*x2^2*x4 + (50)*x2^2*x3 + (65)*x2^3 + (5)*x1*x6^2 + (629)*x1*x5*x6 + (5)*x1*x5^2 + (-64)*x1*x4*x6 + (-64)*x1*x4*x5 + (10)*x1*x4^2 + (17)*x1*x3*x6 + (-260)*x1*x3*x5 + (17)*x1*x3*x4 + (50)*x1*x3^2 + (-260)*x1*x2*x6 + (17)*x1*x2*x5 + (17)*x1*x2*x4 + (26)*x1*x2*x3 + (50)*x1*x2^2 + (-166)*x1^2*x6 + (-166)*x1^2*x5 + (37)*x1^2*x4 + (50)*x1^2*x3 + (50)*x1^2*x2 + (65)*x1^3",
isDirectKnownCase := false,
linearGId := [ 108, 42 ],
projectiveGId := [ 36, 12 ],
proofType := "the invariant basis has a nonempty exact common projective Jacobian locus",
status := "singular",
symplecticPart := "S3",
testedCoefficientCandidates := [ [ 2, 5, 10, 17, 26, 37, 50, 65 ], [ 1, 1, 1, 1, 1, 1, 1, 1 ], [ 1, 2, 3, 4, 5, 6, 7, 8 ], [ 1, -2, 3, -4, 5, -6, 7, -8 ], [ 1, 0, 0, -1, 0, 0, 0, 3 ], [ 1, 0, 0, 0, 0, 0, 0, 0 ], [ 0, 1, 0, 0, 0, 0, 0, 0 ], [ 0, 0, 1, 0, 0, 0, 0, 0 ], [ 0, 0, 0, 1, 0, 0, 0, 0 ], [ 0, 0, 0, 0, 1, 0, 0, 0 ], [ 0, 0, 0, 0, 0, 1, 0, 0 ], [ 0, 0, 0, 0, 0, 0, 1, 0 ], [ 0, 0, 0, 0, 0, 0, 0, 1 ], [ 1, 1, 0, 0, 0, 0, 0, 0 ], [ 1, -1, 0, 0, 0, 0, 0, 0 ], [ 1, 0, 1, 0, 0, 0, 0, 0 ], [ 1, 0, -1, 0, 0, 0, 0, 0 ], [ 1, 0, 0, 1, 0, 0, 0, 0 ], [ 1, 0, 0, -1, 0, 0, 0, 0 ], [ 1, 0, 0, 0, 1, 0, 0, 0 ], [ 1, 0, 0, 0, -1, 0, 0, 0 ], [ 1, 0, 0, 0, 0, 1, 0, 0 ], [ 1, 0, 0, 0, 0, -1, 0, 0 ], [ 1, 0, 0, 0, 0, 0, 1, 0 ], [ 1, 0, 0, 0, 0, 0, -1, 0 ], [ 1, 0, 0, 0, 0, 0, 0, 1 ], [ 1, 0, 0, 0, 0, 0, 0, -1 ], [ 0, 1, 1, 0, 0, 0, 0, 0 ], [ 0, 1, -1, 0, 0, 0, 0, 0 ], [ 0, 1, 0, 1, 0, 0, 0, 0 ], [ 0, 1, 0, -1, 0, 0, 0, 0 ], [ 0, 1, 0, 0, 1, 0, 0, 0 ] ] ), rec(
candidateNumber := 120,
centralizerDimension := 4,
commonSingularChart := 1,
componentIndex := 1,
componentLabel := "Koike (3.6), generic index 1",
cubicInvariantDimension := 4,
determinantImageOrder := 6,
exactCommonLocusTest := rec(
coefficientFieldConductor := 1,
exitCode := 0,
singularChart := 1,
singularOutput := "CF_EXACT_COMMON_SINGULAR_CHART_1\nCF_EXACT_COMMON_SINGULAR_POINT\nCF_SCRIPT_COMPLETED_OK\n",
status := "common_singular_point_exists" ),
familyDimension := 0,
familyIndexWithinCase := 8,
genericIndex := 1,
guessedCoefficients := [ 2, 5, 10, 17 ],
guessedMemberTest := rec(
coefficientCandidates := [ [ 2, 5, 10, 17 ], [ 1, 1, 1, 1 ], [ 1, 2, 3, 4 ], [ 1, -2, 3, -4 ], [ 1, -1, 0, 3 ], [ 1, 0, 0, 0 ], [ 0, 1, 0, 0 ], [ 0, 0, 1, 0 ], [ 0, 0, 0, 1 ], [ 1, 1, 0, 0 ], [ 1, -1, 0, 0 ], [ 1, 0, 1, 0 ], [ 1, 0, -1, 0 ], [ 1, 0, 0, 1 ], [ 1, 0, 0, -1 ], [ 0, 1, 1, 0 ], [ 0, 1, -1, 0 ], [ 0, 1, 0, 1 ], [ 0, 1, 0, -1 ], [ 0, 0, 1, 1 ], [ 0, 0, 1, -1 ], [ -6, 10, 6, -11 ], [ -10, 10, 9, 1 ], [ -5, -2, -3, -10 ], [ -9, -7, 3, 10 ], [ -1, -3, -2, -5 ], [ -1, -5, 11, 6 ], [ 1, -7, 7, 9 ], [ -2, 4, 1, -7 ], [ -9, -7, 3, -5 ], [ 1, -1, -6, -2 ], [ -9, 6, -1, 9 ] ],
coefficientFieldConductor := 1,
exactTrials := [ rec(
coefficients := [ 2, 5, 10, 17 ],
trial := rec(
coefficientFieldConductor := 1,
exitCode := 0,
singularChart := 1,
singularOutput := "CF_EXACT_SINGULAR_CHART_1\nCF_EXACT_SINGULAR\nCF_SCRIPT_COMPLETED_OK\n",
status := "exact_singular" ) ), rec(
coefficients := [ 1, 1, 1, 1 ],
trial := rec(
coefficientFieldConductor := 1,
exitCode := 0,
singularChart := 1,
singularOutput := "CF_EXACT_SINGULAR_CHART_1\nCF_EXACT_SINGULAR\nCF_SCRIPT_COMPLETED_OK\n",
status := "exact_singular" ) ), rec(
coefficients := [ 1, 2, 3, 4 ],
trial := rec(
coefficientFieldConductor := 1,
exitCode := 0,
singularChart := 1,
singularOutput := "CF_EXACT_SINGULAR_CHART_1\nCF_EXACT_SINGULAR\nCF_SCRIPT_COMPLETED_OK\n",
status := "exact_singular" ) ), rec(
coefficients := [ 1, -2, 3, -4 ],
trial := rec(
coefficientFieldConductor := 1,
exitCode := 0,
singularChart := 1,
singularOutput := "CF_EXACT_SINGULAR_CHART_1\nCF_EXACT_SINGULAR\nCF_SCRIPT_COMPLETED_OK\n",
status := "exact_singular" ) ), rec(
coefficients := [ 1, -1, 0, 3 ],
trial := rec(
coefficientFieldConductor := 1,
exitCode := 0,
singularChart := 1,
singularOutput := "CF_EXACT_SINGULAR_CHART_1\nCF_EXACT_SINGULAR\nCF_SCRIPT_COMPLETED_OK\n",
status := "exact_singular" ) ), rec(
coefficients := [ 1, 0, 0, 0 ],
trial := rec(
coefficientFieldConductor := 1,
exitCode := 0,
singularChart := 1,
singularOutput := "CF_EXACT_SINGULAR_CHART_1\nCF_EXACT_SINGULAR\nCF_SCRIPT_COMPLETED_OK\n",
status := "exact_singular" ) ) ],
finiteFieldTrials := [ rec(
exitCode := 0,
numberOfMembersTested := 31,
prime := 5,
singularOutput := "CF_SINGULAR_MEMBER_1_END\nCF_SINGULAR_MEMBER_2_END\nCF_SINGULAR_MEMBER_3_END\nCF_SINGULAR_MEMBER_4_END\nCF_SINGULAR_MEMBER_5_END\nCF_SINGULAR_MEMBER_6_END\nCF_SINGULAR_MEMBER_7_END\nCF_SINGULAR_MEMBER_8_END\nCF_SINGULAR_MEMBER_9_END\nCF_SINGULAR_MEMBER_10_END\nCF_SINGULAR_MEMBER_11_END\nCF_SINGULAR_MEMBER_12_END\nCF_SINGULAR_MEMBER_13_END\nCF_SINGULAR_MEMBER_14_END\nCF_SINGULAR_MEMBER_15_END\nCF_SINGULAR_MEMBER_16_END\nCF_SINGULAR_MEMBER_17_END\nCF_SINGULAR_MEMBER_18_END\nCF_SINGULAR_MEMBER_19_END\nCF_SINGULAR_MEMBER_20_END\nCF_SINGULAR_MEMBER_21_END\nCF_SINGULAR_MEMBER_22_END\nCF_SINGULAR_MEMBER_23_END\nCF_SINGULAR_MEMBER_24_END\nCF_SINGULAR_MEMBER_25_END\nCF_SINGULAR_MEMBER_26_END\nCF_SINGULAR_MEMBER_27_END\nCF_SINGULAR_MEMBER_28_END\nCF_SINGULAR_MEMBER_29_END\nCF_SINGULAR_MEMBER_30_END\nCF_SINGULAR_MEMBER_31_END\nCF_NO_SMOOTH_MEMBER\nCF_SCRIPT_COMPLETED_OK\n",
status := "no_smooth_in_batch",
witnessIndex := fail,
witnessVerificationPassed := false ), rec(
exitCode := 0,
numberOfMembersTested := 32,
prime := 7,
singularOutput := "CF_SINGULAR_MEMBER_1_END\nCF_SINGULAR_MEMBER_2_END\nCF_SINGULAR_MEMBER_3_END\nCF_SINGULAR_MEMBER_4_END\nCF_SINGULAR_MEMBER_5_END\nCF_SINGULAR_MEMBER_6_END\nCF_SINGULAR_MEMBER_7_END\nCF_SINGULAR_MEMBER_8_END\nCF_SINGULAR_MEMBER_9_END\nCF_SINGULAR_MEMBER_10_END\nCF_SINGULAR_MEMBER_11_END\nCF_SINGULAR_MEMBER_12_END\nCF_SINGULAR_MEMBER_13_END\nCF_SINGULAR_MEMBER_14_END\nCF_SINGULAR_MEMBER_15_END\nCF_SINGULAR_MEMBER_16_END\nCF_SINGULAR_MEMBER_17_END\nCF_SINGULAR_MEMBER_18_END\nCF_SINGULAR_MEMBER_19_END\nCF_SINGULAR_MEMBER_20_END\nCF_SINGULAR_MEMBER_21_END\nCF_SINGULAR_MEMBER_22_END\nCF_SINGULAR_MEMBER_23_END\nCF_SINGULAR_MEMBER_24_END\nCF_SINGULAR_MEMBER_25_END\nCF_SINGULAR_MEMBER_26_END\nCF_SINGULAR_MEMBER_27_END\nCF_SINGULAR_MEMBER_28_END\nCF_SINGULAR_MEMBER_29_END\nCF_SINGULAR_MEMBER_30_END\nCF_SINGULAR_MEMBER_31_END\nCF_SINGULAR_MEMBER_32_END\nCF_NO_SMOOTH_MEMBER\nCF_SCRIPT_COMPLETED_OK\n",
status := "no_smooth_in_batch",
witnessIndex := fail,
witnessVerificationPassed := false ), rec(
exitCode := 0,
numberOfMembersTested := 32,
prime := 11,
singularOutput := "CF_SINGULAR_MEMBER_1_END\nCF_SINGULAR_MEMBER_2_END\nCF_SINGULAR_MEMBER_3_END\nCF_SINGULAR_MEMBER_4_END\nCF_SINGULAR_MEMBER_5_END\nCF_SINGULAR_MEMBER_6_END\nCF_SINGULAR_MEMBER_7_END\nCF_SINGULAR_MEMBER_8_END\nCF_SINGULAR_MEMBER_9_END\nCF_SINGULAR_MEMBER_10_END\nCF_SINGULAR_MEMBER_11_END\nCF_SINGULAR_MEMBER_12_END\nCF_SINGULAR_MEMBER_13_END\nCF_SINGULAR_MEMBER_14_END\nCF_SINGULAR_MEMBER_15_END\nCF_SINGULAR_MEMBER_16_END\nCF_SINGULAR_MEMBER_17_END\nCF_SINGULAR_MEMBER_18_END\nCF_SINGULAR_MEMBER_19_END\nCF_SINGULAR_MEMBER_20_END\nCF_SINGULAR_MEMBER_21_END\nCF_SINGULAR_MEMBER_22_END\nCF_SINGULAR_MEMBER_23_END\nCF_SINGULAR_MEMBER_24_END\nCF_SINGULAR_MEMBER_25_END\nCF_SINGULAR_MEMBER_26_END\nCF_SINGULAR_MEMBER_27_END\nCF_SINGULAR_MEMBER_28_END\nCF_SINGULAR_MEMBER_29_END\nCF_SINGULAR_MEMBER_30_END\nCF_SINGULAR_MEMBER_31_END\nCF_SINGULAR_MEMBER_32_END\nCF_NO_SMOOTH_MEMBER\nCF_SCRIPT_COMPLETED_OK\n",
status := "no_smooth_in_batch",
witnessIndex := fail,
witnessVerificationPassed := false ) ],
method := "deterministic coefficient batch",
status := "no_smooth_witness" ),
guessedPolynomial := "(2)*x6^3 + (-387/2)*x5*x6^2 + (-387/2)*x5^2*x6 + (2)*x5^3 + (-387/2)*x4*x6^2 + (696)*x4*x5*x6 + (-387/2)*x4*x5^2 + (-387/2)*x4^2*x6 + (-387/2)*x4^2*x5 + (2)*x4^3 + (5)*x3*x6^2 + (262)*x3*x5*x6 + (74)*x3*x5^2 + (262)*x3*x4*x6 + (-218)*x3*x4*x5 + (74)*x3*x4^2 + (10)*x3^2*x6 + (-163/2)*x3^2*x5 + (-163/2)*x3^2*x4 + (17)*x3^3 + (74)*x2*x6^2 + (262)*x2*x5*x6 + (5)*x2*x5^2 + (-218)*x2*x4*x6 + (262)*x2*x4*x5 + (74)*x2*x4^2 + (-163)*x2*x3*x6 + (-163)*x2*x3*x5 + (20)*x2*x3*x4 + (51)*x2*x3^2 + (-163/2)*x2^2*x6 + (10)*x2^2*x5 + (-163/2)*x2^2*x4 + (51)*x2^2*x3 + (17)*x2^3 + (74)*x1*x6^2 + (-218)*x1*x5*x6 + (74)*x1*x5^2 + (262)*x1*x4*x6 + (262)*x1*x4*x5 + (5)*x1*x4^2 + (-163)*x1*x3*x6 + (20)*x1*x3*x5 + (-163)*x1*x3*x4 + (51)*x1*x3^2 + (20)*x1*x2*x6 + (-163)*x1*x2*x5 + (-163)*x1*x2*x4 + (102)*x1*x2*x3 + (51)*x1*x2^2 + (-163/2)*x1^2*x6 + (-163/2)*x1^2*x5 + (10)*x1^2*x4 + (51)*x1^2*x3 + (51)*x1^2*x2 + (17)*x1^3",
isDirectKnownCase := false,
linearGId := [ 108, 42 ],
projectiveGId := [ 36, 12 ],
proofType := "the invariant basis has a nonempty exact common projective Jacobian locus",
status := "singular",
symplecticPart := "S3",
testedCoefficientCandidates := [ [ 2, 5, 10, 17 ], [ 1, 1, 1, 1 ], [ 1, 2, 3, 4 ], [ 1, -2, 3, -4 ], [ 1, -1, 0, 3 ], [ 1, 0, 0, 0 ], [ 0, 1, 0, 0 ], [ 0, 0, 1, 0 ], [ 0, 0, 0, 1 ], [ 1, 1, 0, 0 ], [ 1, -1, 0, 0 ], [ 1, 0, 1, 0 ], [ 1, 0, -1, 0 ], [ 1, 0, 0, 1 ], [ 1, 0, 0, -1 ], [ 0, 1, 1, 0 ], [ 0, 1, -1, 0 ], [ 0, 1, 0, 1 ], [ 0, 1, 0, -1 ], [ 0, 0, 1, 1 ], [ 0, 0, 1, -1 ], [ -6, 10, 6, -11 ], [ -10, 10, 9, 1 ], [ -5, -2, -3, -10 ], [ -9, -7, 3, 10 ], [ -1, -3, -2, -5 ], [ -1, -5, 11, 6 ], [ 1, -7, 7, 9 ], [ -2, 4, 1, -7 ], [ -9, -7, 3, -5 ], [ 1, -1, -6, -2 ], [ -9, 6, -1, 9 ] ] ), rec(
candidateNumber := 121,
centralizerDimension := 4,
commonPointChecks := 1502,
commonSingularPoint := [ 1, -1, 0, 1, -1, 0 ],
componentIndex := 1,
componentLabel := "Koike (3.6), generic index 1",
cubicInvariantDimension := 4,
determinantImageOrder := 6,
familyDimension := 0,
familyIndexWithinCase := 9,
genericIndex := 1,
guessedCoefficients := [ 2, 5, 10, 17 ],
guessedMemberTest := rec(
coefficientCandidates := [ [ 2, 5, 10, 17 ], [ 1, 1, 1, 1 ], [ 1, 2, 3, 4 ], [ 1, -2, 3, -4 ], [ 1, -1, 0, 3 ], [ 1, 0, 0, 0 ], [ 0, 1, 0, 0 ], [ 0, 0, 1, 0 ], [ 0, 0, 0, 1 ], [ 1, 1, 0, 0 ], [ 1, -1, 0, 0 ], [ 1, 0, 1, 0 ], [ 1, 0, -1, 0 ], [ 1, 0, 0, 1 ], [ 1, 0, 0, -1 ], [ 0, 1, 1, 0 ], [ 0, 1, -1, 0 ], [ 0, 1, 0, 1 ], [ 0, 1, 0, -1 ], [ 0, 0, 1, 1 ], [ 0, 0, 1, -1 ], [ -6, 10, 6, -11 ], [ -10, 10, 9, 1 ], [ -5, -2, -3, -10 ], [ -9, -7, 3, 10 ], [ -1, -3, -2, -5 ], [ -1, -5, 11, 6 ], [ 1, -7, 7, 9 ], [ -2, 4, 1, -7 ], [ -9, -7, 3, -5 ], [ 1, -1, -6, -2 ], [ -9, 6, -1, 9 ] ],
coefficientFieldConductor := 1,
exactTrials := [ rec(
coefficients := [ 2, 5, 10, 17 ],
trial := rec(
coefficientFieldConductor := 1,
exitCode := 0,
singularChart := 1,
singularOutput := "CF_EXACT_SINGULAR_CHART_1\nCF_EXACT_SINGULAR\nCF_SCRIPT_COMPLETED_OK\n",
status := "exact_singular" ) ), rec(
coefficients := [ 1, 1, 1, 1 ],
trial := rec(
coefficientFieldConductor := 1,
exitCode := 0,
singularChart := 1,
singularOutput := "CF_EXACT_SINGULAR_CHART_1\nCF_EXACT_SINGULAR\nCF_SCRIPT_COMPLETED_OK\n",
status := "exact_singular" ) ), rec(
coefficients := [ 1, 2, 3, 4 ],
trial := rec(
coefficientFieldConductor := 1,
exitCode := 0,
singularChart := 1,
singularOutput := "CF_EXACT_SINGULAR_CHART_1\nCF_EXACT_SINGULAR\nCF_SCRIPT_COMPLETED_OK\n",
status := "exact_singular" ) ), rec(
coefficients := [ 1, -2, 3, -4 ],
trial := rec(
coefficientFieldConductor := 1,
exitCode := 0,
singularChart := 1,
singularOutput := "CF_EXACT_SINGULAR_CHART_1\nCF_EXACT_SINGULAR\nCF_SCRIPT_COMPLETED_OK\n",
status := "exact_singular" ) ), rec(
coefficients := [ 1, -1, 0, 3 ],
trial := rec(
coefficientFieldConductor := 1,
exitCode := 0,
singularChart := 1,
singularOutput := "CF_EXACT_SINGULAR_CHART_1\nCF_EXACT_SINGULAR\nCF_SCRIPT_COMPLETED_OK\n",
status := "exact_singular" ) ), rec(
coefficients := [ 1, 0, 0, 0 ],
trial := rec(
coefficientFieldConductor := 1,
exitCode := 0,
singularChart := 1,
singularOutput := "CF_EXACT_SINGULAR_CHART_1\nCF_EXACT_SINGULAR\nCF_SCRIPT_COMPLETED_OK\n",
status := "exact_singular" ) ) ],
finiteFieldTrials := [ rec(
exitCode := 0,
numberOfMembersTested := 31,
prime := 5,
singularOutput := "CF_SINGULAR_MEMBER_1_END\nCF_SINGULAR_MEMBER_2_END\nCF_SINGULAR_MEMBER_3_END\nCF_SINGULAR_MEMBER_4_END\nCF_SINGULAR_MEMBER_5_END\nCF_SINGULAR_MEMBER_6_END\nCF_SINGULAR_MEMBER_7_END\nCF_SINGULAR_MEMBER_8_END\nCF_SINGULAR_MEMBER_9_END\nCF_SINGULAR_MEMBER_10_END\nCF_SINGULAR_MEMBER_11_END\nCF_SINGULAR_MEMBER_12_END\nCF_SINGULAR_MEMBER_13_END\nCF_SINGULAR_MEMBER_14_END\nCF_SINGULAR_MEMBER_15_END\nCF_SINGULAR_MEMBER_16_END\nCF_SINGULAR_MEMBER_17_END\nCF_SINGULAR_MEMBER_18_END\nCF_SINGULAR_MEMBER_19_END\nCF_SINGULAR_MEMBER_20_END\nCF_SINGULAR_MEMBER_21_END\nCF_SINGULAR_MEMBER_22_END\nCF_SINGULAR_MEMBER_23_END\nCF_SINGULAR_MEMBER_24_END\nCF_SINGULAR_MEMBER_25_END\nCF_SINGULAR_MEMBER_26_END\nCF_SINGULAR_MEMBER_27_END\nCF_SINGULAR_MEMBER_28_END\nCF_SINGULAR_MEMBER_29_END\nCF_SINGULAR_MEMBER_30_END\nCF_SINGULAR_MEMBER_31_END\nCF_NO_SMOOTH_MEMBER\nCF_SCRIPT_COMPLETED_OK\n",
status := "no_smooth_in_batch",
witnessIndex := fail,
witnessVerificationPassed := false ), rec(
exitCode := 0,
numberOfMembersTested := 32,
prime := 7,
singularOutput := "CF_SINGULAR_MEMBER_1_END\nCF_SINGULAR_MEMBER_2_END\nCF_SINGULAR_MEMBER_3_END\nCF_SINGULAR_MEMBER_4_END\nCF_SINGULAR_MEMBER_5_END\nCF_SINGULAR_MEMBER_6_END\nCF_SINGULAR_MEMBER_7_END\nCF_SINGULAR_MEMBER_8_END\nCF_SINGULAR_MEMBER_9_END\nCF_SINGULAR_MEMBER_10_END\nCF_SINGULAR_MEMBER_11_END\nCF_SINGULAR_MEMBER_12_END\nCF_SINGULAR_MEMBER_13_END\nCF_SINGULAR_MEMBER_14_END\nCF_SINGULAR_MEMBER_15_END\nCF_SINGULAR_MEMBER_16_END\nCF_SINGULAR_MEMBER_17_END\nCF_SINGULAR_MEMBER_18_END\nCF_SINGULAR_MEMBER_19_END\nCF_SINGULAR_MEMBER_20_END\nCF_SINGULAR_MEMBER_21_END\nCF_SINGULAR_MEMBER_22_END\nCF_SINGULAR_MEMBER_23_END\nCF_SINGULAR_MEMBER_24_END\nCF_SINGULAR_MEMBER_25_END\nCF_SINGULAR_MEMBER_26_END\nCF_SINGULAR_MEMBER_27_END\nCF_SINGULAR_MEMBER_28_END\nCF_SINGULAR_MEMBER_29_END\nCF_SINGULAR_MEMBER_30_END\nCF_SINGULAR_MEMBER_31_END\nCF_SINGULAR_MEMBER_32_END\nCF_NO_SMOOTH_MEMBER\nCF_SCRIPT_COMPLETED_OK\n",
status := "no_smooth_in_batch",
witnessIndex := fail,
witnessVerificationPassed := false ), rec(
exitCode := 0,
numberOfMembersTested := 32,
prime := 11,
singularOutput := "CF_SINGULAR_MEMBER_1_END\nCF_SINGULAR_MEMBER_2_END\nCF_SINGULAR_MEMBER_3_END\nCF_SINGULAR_MEMBER_4_END\nCF_SINGULAR_MEMBER_5_END\nCF_SINGULAR_MEMBER_6_END\nCF_SINGULAR_MEMBER_7_END\nCF_SINGULAR_MEMBER_8_END\nCF_SINGULAR_MEMBER_9_END\nCF_SINGULAR_MEMBER_10_END\nCF_SINGULAR_MEMBER_11_END\nCF_SINGULAR_MEMBER_12_END\nCF_SINGULAR_MEMBER_13_END\nCF_SINGULAR_MEMBER_14_END\nCF_SINGULAR_MEMBER_15_END\nCF_SINGULAR_MEMBER_16_END\nCF_SINGULAR_MEMBER_17_END\nCF_SINGULAR_MEMBER_18_END\nCF_SINGULAR_MEMBER_19_END\nCF_SINGULAR_MEMBER_20_END\nCF_SINGULAR_MEMBER_21_END\nCF_SINGULAR_MEMBER_22_END\nCF_SINGULAR_MEMBER_23_END\nCF_SINGULAR_MEMBER_24_END\nCF_SINGULAR_MEMBER_25_END\nCF_SINGULAR_MEMBER_26_END\nCF_SINGULAR_MEMBER_27_END\nCF_SINGULAR_MEMBER_28_END\nCF_SINGULAR_MEMBER_29_END\nCF_SINGULAR_MEMBER_30_END\nCF_SINGULAR_MEMBER_31_END\nCF_SINGULAR_MEMBER_32_END\nCF_NO_SMOOTH_MEMBER\nCF_SCRIPT_COMPLETED_OK\n",
status := "no_smooth_in_batch",
witnessIndex := fail,
witnessVerificationPassed := false ) ],
method := "deterministic coefficient batch",
status := "no_smooth_witness" ),
guessedPolynomial := "(32)*x6^3 + (-10)*x5*x6^2 + (-10)*x5^2*x6 + (32)*x5^3 + (-10)*x4*x6^2 + (-152)*x4*x5*x6 + (-10)*x4*x5^2 + (-10)*x4^2*x6 + (-10)*x4^2*x5 + (32)*x4^3 + (2)*x3*x6^2 + (-9/2)*x3*x5*x6 + (69/2)*x3*x5^2 + (-9/2)*x3*x4*x6 + (54)*x3*x4*x5 + (69/2)*x3*x4^2 + (-51)*x3^2*x6 + (-10)*x3^2*x5 + (-10)*x3^2*x4 + (17)*x3^3 + (69/2)*x2*x6^2 + (-9/2)*x2*x5*x6 + (2)*x2*x5^2 + (54)*x2*x4*x6 + (-9/2)*x2*x4*x5 + (69/2)*x2*x4^2 + (-20)*x2*x3*x6 + (-20)*x2*x3*x5 + (-5)*x2*x3*x4 + (10)*x2*x3^2 + (-10)*x2^2*x6 + (-51)*x2^2*x5 + (-10)*x2^2*x4 + (10)*x2^2*x3 + (17)*x2^3 + (69/2)*x1*x6^2 + (54)*x1*x5*x6 + (69/2)*x1*x5^2 + (-9/2)*x1*x4*x6 + (-9/2)*x1*x4*x5 + (2)*x1*x4^2 + (-20)*x1*x3*x6 + (-5)*x1*x3*x5 + (-20)*x1*x3*x4 + (10)*x1*x3^2 + (-5)*x1*x2*x6 + (-20)*x1*x2*x5 + (-20)*x1*x2*x4 + (5)*x1*x2*x3 + (10)*x1*x2^2 + (-10)*x1^2*x6 + (-10)*x1^2*x5 + (-51)*x1^2*x4 + (10)*x1^2*x3 + (10)*x1^2*x2 + (17)*x1^3",
isDirectKnownCase := false,
linearGId := [ 108, 42 ],
projectiveGId := [ 36, 12 ],
proofType := "an exact common singular point was found for the invariant basis",
status := "singular",
symplecticPart := "S3",
testedCoefficientCandidates := [ [ 2, 5, 10, 17 ], [ 1, 1, 1, 1 ], [ 1, 2, 3, 4 ], [ 1, -2, 3, -4 ], [ 1, -1, 0, 3 ], [ 1, 0, 0, 0 ], [ 0, 1, 0, 0 ], [ 0, 0, 1, 0 ], [ 0, 0, 0, 1 ], [ 1, 1, 0, 0 ], [ 1, -1, 0, 0 ], [ 1, 0, 1, 0 ], [ 1, 0, -1, 0 ], [ 1, 0, 0, 1 ], [ 1, 0, 0, -1 ], [ 0, 1, 1, 0 ], [ 0, 1, -1, 0 ], [ 0, 1, 0, 1 ], [ 0, 1, 0, -1 ], [ 0, 0, 1, 1 ], [ 0, 0, 1, -1 ], [ -6, 10, 6, -11 ], [ -10, 10, 9, 1 ], [ -5, -2, -3, -10 ], [ -9, -7, 3, 10 ], [ -1, -3, -2, -5 ], [ -1, -5, 11, 6 ], [ 1, -7, 7, 9 ], [ -2, 4, 1, -7 ], [ -9, -7, 3, -5 ], [ 1, -1, -6, -2 ], [ -9, 6, -1, 9 ] ] ), rec(
candidateNumber := 122,
centralizerDimension := 4,
commonPointChecks := 126,
commonSingularPoint := [ 1, E(3), E(3)^2, 0, 0, 0 ],
componentIndex := 1,
componentLabel := "Koike (3.6), generic index 1",
cubicInvariantDimension := 4,
determinantImageOrder := 6,
familyDimension := 0,
familyIndexWithinCase := 10,
genericIndex := 1,
guessedCoefficients := [ 2, 5, 10, 17 ],
guessedMemberTest := rec(
coefficientCandidates := [ [ 2, 5, 10, 17 ], [ 1, 1, 1, 1 ], [ 1, 2, 3, 4 ], [ 1, -2, 3, -4 ], [ 1, -1, 0, 3 ], [ 1, 0, 0, 0 ], [ 0, 1, 0, 0 ], [ 0, 0, 1, 0 ], [ 0, 0, 0, 1 ], [ 1, 1, 0, 0 ], [ 1, -1, 0, 0 ], [ 1, 0, 1, 0 ], [ 1, 0, -1, 0 ], [ 1, 0, 0, 1 ], [ 1, 0, 0, -1 ], [ 0, 1, 1, 0 ], [ 0, 1, -1, 0 ], [ 0, 1, 0, 1 ], [ 0, 1, 0, -1 ], [ 0, 0, 1, 1 ], [ 0, 0, 1, -1 ], [ -6, 10, 6, -11 ], [ -10, 10, 9, 1 ], [ -5, -2, -3, -10 ], [ -9, -7, 3, 10 ], [ -1, -3, -2, -5 ], [ -1, -5, 11, 6 ], [ 1, -7, 7, 9 ], [ -2, 4, 1, -7 ], [ -9, -7, 3, -5 ], [ 1, -1, -6, -2 ], [ -9, 6, -1, 9 ] ],
coefficientFieldConductor := 1,
exactTrials := [ rec(
coefficients := [ 2, 5, 10, 17 ],
trial := rec(
coefficientFieldConductor := 1,
exitCode := 0,
singularChart := 1,
singularOutput := "CF_EXACT_SINGULAR_CHART_1\nCF_EXACT_SINGULAR\nCF_SCRIPT_COMPLETED_OK\n",
status := "exact_singular" ) ), rec(
coefficients := [ 1, 1, 1, 1 ],
trial := rec(
coefficientFieldConductor := 1,
exitCode := 0,
singularChart := 1,
singularOutput := "CF_EXACT_SINGULAR_CHART_1\nCF_EXACT_SINGULAR\nCF_SCRIPT_COMPLETED_OK\n",
status := "exact_singular" ) ), rec(
coefficients := [ 1, 2, 3, 4 ],
trial := rec(
coefficientFieldConductor := 1,
exitCode := 0,
singularChart := 1,
singularOutput := "CF_EXACT_SINGULAR_CHART_1\nCF_EXACT_SINGULAR\nCF_SCRIPT_COMPLETED_OK\n",
status := "exact_singular" ) ), rec(
coefficients := [ 1, -2, 3, -4 ],
trial := rec(
coefficientFieldConductor := 1,
exitCode := 0,
singularChart := 1,
singularOutput := "CF_EXACT_SINGULAR_CHART_1\nCF_EXACT_SINGULAR\nCF_SCRIPT_COMPLETED_OK\n",
status := "exact_singular" ) ), rec(
coefficients := [ 1, -1, 0, 3 ],
trial := rec(
coefficientFieldConductor := 1,
exitCode := 0,
singularChart := 1,
singularOutput := "CF_EXACT_SINGULAR_CHART_1\nCF_EXACT_SINGULAR\nCF_SCRIPT_COMPLETED_OK\n",
status := "exact_singular" ) ), rec(
coefficients := [ 1, 0, 0, 0 ],
trial := rec(
coefficientFieldConductor := 1,
exitCode := 0,
singularChart := 1,
singularOutput := "CF_EXACT_SINGULAR_CHART_1\nCF_EXACT_SINGULAR\nCF_SCRIPT_COMPLETED_OK\n",
status := "exact_singular" ) ) ],
finiteFieldTrials := [ rec(
exitCode := 0,
numberOfMembersTested := 31,
prime := 5,
singularOutput := "CF_SINGULAR_MEMBER_1_END\nCF_SINGULAR_MEMBER_2_END\nCF_SINGULAR_MEMBER_3_END\nCF_SINGULAR_MEMBER_4_END\nCF_SINGULAR_MEMBER_5_END\nCF_SINGULAR_MEMBER_6_END\nCF_SINGULAR_MEMBER_7_END\nCF_SINGULAR_MEMBER_8_END\nCF_SINGULAR_MEMBER_9_END\nCF_SINGULAR_MEMBER_10_END\nCF_SINGULAR_MEMBER_11_END\nCF_SINGULAR_MEMBER_12_END\nCF_SINGULAR_MEMBER_13_END\nCF_SINGULAR_MEMBER_14_END\nCF_SINGULAR_MEMBER_15_END\nCF_SINGULAR_MEMBER_16_END\nCF_SINGULAR_MEMBER_17_END\nCF_SINGULAR_MEMBER_18_END\nCF_SINGULAR_MEMBER_19_END\nCF_SINGULAR_MEMBER_20_END\nCF_SINGULAR_MEMBER_21_END\nCF_SINGULAR_MEMBER_22_END\nCF_SINGULAR_MEMBER_23_END\nCF_SINGULAR_MEMBER_24_END\nCF_SINGULAR_MEMBER_25_END\nCF_SINGULAR_MEMBER_26_END\nCF_SINGULAR_MEMBER_27_END\nCF_SINGULAR_MEMBER_28_END\nCF_SINGULAR_MEMBER_29_END\nCF_SINGULAR_MEMBER_30_END\nCF_SINGULAR_MEMBER_31_END\nCF_NO_SMOOTH_MEMBER\nCF_SCRIPT_COMPLETED_OK\n",
status := "no_smooth_in_batch",
witnessIndex := fail,
witnessVerificationPassed := false ), rec(
exitCode := 0,
numberOfMembersTested := 32,
prime := 7,
singularOutput := "CF_SINGULAR_MEMBER_1_END\nCF_SINGULAR_MEMBER_2_END\nCF_SINGULAR_MEMBER_3_END\nCF_SINGULAR_MEMBER_4_END\nCF_SINGULAR_MEMBER_5_END\nCF_SINGULAR_MEMBER_6_END\nCF_SINGULAR_MEMBER_7_END\nCF_SINGULAR_MEMBER_8_END\nCF_SINGULAR_MEMBER_9_END\nCF_SINGULAR_MEMBER_10_END\nCF_SINGULAR_MEMBER_11_END\nCF_SINGULAR_MEMBER_12_END\nCF_SINGULAR_MEMBER_13_END\nCF_SINGULAR_MEMBER_14_END\nCF_SINGULAR_MEMBER_15_END\nCF_SINGULAR_MEMBER_16_END\nCF_SINGULAR_MEMBER_17_END\nCF_SINGULAR_MEMBER_18_END\nCF_SINGULAR_MEMBER_19_END\nCF_SINGULAR_MEMBER_20_END\nCF_SINGULAR_MEMBER_21_END\nCF_SINGULAR_MEMBER_22_END\nCF_SINGULAR_MEMBER_23_END\nCF_SINGULAR_MEMBER_24_END\nCF_SINGULAR_MEMBER_25_END\nCF_SINGULAR_MEMBER_26_END\nCF_SINGULAR_MEMBER_27_END\nCF_SINGULAR_MEMBER_28_END\nCF_SINGULAR_MEMBER_29_END\nCF_SINGULAR_MEMBER_30_END\nCF_SINGULAR_MEMBER_31_END\nCF_SINGULAR_MEMBER_32_END\nCF_NO_SMOOTH_MEMBER\nCF_SCRIPT_COMPLETED_OK\n",
status := "no_smooth_in_batch",
witnessIndex := fail,
witnessVerificationPassed := false ), rec(
exitCode := 0,
numberOfMembersTested := 32,
prime := 11,
singularOutput := "CF_SINGULAR_MEMBER_1_END\nCF_SINGULAR_MEMBER_2_END\nCF_SINGULAR_MEMBER_3_END\nCF_SINGULAR_MEMBER_4_END\nCF_SINGULAR_MEMBER_5_END\nCF_SINGULAR_MEMBER_6_END\nCF_SINGULAR_MEMBER_7_END\nCF_SINGULAR_MEMBER_8_END\nCF_SINGULAR_MEMBER_9_END\nCF_SINGULAR_MEMBER_10_END\nCF_SINGULAR_MEMBER_11_END\nCF_SINGULAR_MEMBER_12_END\nCF_SINGULAR_MEMBER_13_END\nCF_SINGULAR_MEMBER_14_END\nCF_SINGULAR_MEMBER_15_END\nCF_SINGULAR_MEMBER_16_END\nCF_SINGULAR_MEMBER_17_END\nCF_SINGULAR_MEMBER_18_END\nCF_SINGULAR_MEMBER_19_END\nCF_SINGULAR_MEMBER_20_END\nCF_SINGULAR_MEMBER_21_END\nCF_SINGULAR_MEMBER_22_END\nCF_SINGULAR_MEMBER_23_END\nCF_SINGULAR_MEMBER_24_END\nCF_SINGULAR_MEMBER_25_END\nCF_SINGULAR_MEMBER_26_END\nCF_SINGULAR_MEMBER_27_END\nCF_SINGULAR_MEMBER_28_END\nCF_SINGULAR_MEMBER_29_END\nCF_SINGULAR_MEMBER_30_END\nCF_SINGULAR_MEMBER_31_END\nCF_SINGULAR_MEMBER_32_END\nCF_NO_SMOOTH_MEMBER\nCF_SCRIPT_COMPLETED_OK\n",
status := "no_smooth_in_batch",
witnessIndex := fail,
witnessVerificationPassed := false ) ],
method := "deterministic coefficient batch",
status := "no_smooth_witness" ),
guessedPolynomial := "(2)*x6^3 + (61/2)*x5*x6^2 + (61/2)*x5^2*x6 + (2)*x5^3 + (61/2)*x4*x6^2 + (-279)*x4*x5*x6 + (61/2)*x4*x5^2 + (61/2)*x4^2*x6 + (61/2)*x4^2*x5 + (2)*x4^3 + (5)*x3*x6^2 + (-3)*x3*x5*x6 + (33)*x3*x5^2 + (-3)*x3*x4*x6 + (25)*x3*x4*x5 + (33)*x3*x4^2 + (-51)*x3^2*x6 + (-10)*x3^2*x5 + (-10)*x3^2*x4 + (17)*x3^3 + (33)*x2*x6^2 + (-3)*x2*x5*x6 + (5)*x2*x5^2 + (25)*x2*x4*x6 + (-3)*x2*x4*x5 + (33)*x2*x4^2 + (-20)*x2*x3*x6 + (-20)*x2*x3*x5 + (21)*x2*x3*x4 + (10)*x2*x3^2 + (-10)*x2^2*x6 + (-51)*x2^2*x5 + (-10)*x2^2*x4 + (10)*x2^2*x3 + (17)*x2^3 + (33)*x1*x6^2 + (25)*x1*x5*x6 + (33)*x1*x5^2 + (-3)*x1*x4*x6 + (-3)*x1*x4*x5 + (5)*x1*x4^2 + (-20)*x1*x3*x6 + (21)*x1*x3*x5 + (-20)*x1*x3*x4 + (10)*x1*x3^2 + (21)*x1*x2*x6 + (-20)*x1*x2*x5 + (-20)*x1*x2*x4 + (-21)*x1*x2*x3 + (10)*x1*x2^2 + (-10)*x1^2*x6 + (-10)*x1^2*x5 + (-51)*x1^2*x4 + (10)*x1^2*x3 + (10)*x1^2*x2 + (17)*x1^3",
isDirectKnownCase := false,
linearGId := [ 108, 42 ],
projectiveGId := [ 36, 12 ],
proofType := "an exact common singular point was found for the invariant basis",
status := "singular",
symplecticPart := "S3",
testedCoefficientCandidates := [ [ 2, 5, 10, 17 ], [ 1, 1, 1, 1 ], [ 1, 2, 3, 4 ], [ 1, -2, 3, -4 ], [ 1, -1, 0, 3 ], [ 1, 0, 0, 0 ], [ 0, 1, 0, 0 ], [ 0, 0, 1, 0 ], [ 0, 0, 0, 1 ], [ 1, 1, 0, 0 ], [ 1, -1, 0, 0 ], [ 1, 0, 1, 0 ], [ 1, 0, -1, 0 ], [ 1, 0, 0, 1 ], [ 1, 0, 0, -1 ], [ 0, 1, 1, 0 ], [ 0, 1, -1, 0 ], [ 0, 1, 0, 1 ], [ 0, 1, 0, -1 ], [ 0, 0, 1, 1 ], [ 0, 0, 1, -1 ], [ -6, 10, 6, -11 ], [ -10, 10, 9, 1 ], [ -5, -2, -3, -10 ], [ -9, -7, 3, 10 ], [ -1, -3, -2, -5 ], [ -1, -5, 11, 6 ], [ 1, -7, 7, 9 ], [ -2, 4, 1, -7 ], [ -9, -7, 3, -5 ], [ 1, -1, -6, -2 ], [ -9, 6, -1, 9 ] ] ), rec(
candidateNumber := 123,
centralizerDimension := 4,
commonSingularChart := 1,
componentIndex := 1,
componentLabel := "Koike (3.6), generic index 1",
cubicInvariantDimension := 4,
determinantImageOrder := 6,
exactCommonLocusTest := rec(
coefficientFieldConductor := 1,
exitCode := 0,
singularChart := 1,
singularOutput := "CF_EXACT_COMMON_SINGULAR_CHART_1\nCF_EXACT_COMMON_SINGULAR_POINT\nCF_SCRIPT_COMPLETED_OK\n",
status := "common_singular_point_exists" ),
familyDimension := 0,
familyIndexWithinCase := 11,
genericIndex := 1,
guessedCoefficients := [ 2, 5, 10, 17 ],
guessedMemberTest := rec(
coefficientCandidates := [ [ 2, 5, 10, 17 ], [ 1, 1, 1, 1 ], [ 1, 2, 3, 4 ], [ 1, -2, 3, -4 ], [ 1, -1, 0, 3 ], [ 1, 0, 0, 0 ], [ 0, 1, 0, 0 ], [ 0, 0, 1, 0 ], [ 0, 0, 0, 1 ], [ 1, 1, 0, 0 ], [ 1, -1, 0, 0 ], [ 1, 0, 1, 0 ], [ 1, 0, -1, 0 ], [ 1, 0, 0, 1 ], [ 1, 0, 0, -1 ], [ 0, 1, 1, 0 ], [ 0, 1, -1, 0 ], [ 0, 1, 0, 1 ], [ 0, 1, 0, -1 ], [ 0, 0, 1, 1 ], [ 0, 0, 1, -1 ], [ -6, 10, 6, -11 ], [ -10, 10, 9, 1 ], [ -5, -2, -3, -10 ], [ -9, -7, 3, 10 ], [ -1, -3, -2, -5 ], [ -1, -5, 11, 6 ], [ 1, -7, 7, 9 ], [ -2, 4, 1, -7 ], [ -9, -7, 3, -5 ], [ 1, -1, -6, -2 ], [ -9, 6, -1, 9 ] ],
coefficientFieldConductor := 1,
exactTrials := [ rec(
coefficients := [ 2, 5, 10, 17 ],
trial := rec(
coefficientFieldConductor := 1,
exitCode := 0,
singularChart := 1,
singularOutput := "CF_EXACT_SINGULAR_CHART_1\nCF_EXACT_SINGULAR\nCF_SCRIPT_COMPLETED_OK\n",
status := "exact_singular" ) ), rec(
coefficients := [ 1, 1, 1, 1 ],
trial := rec(
coefficientFieldConductor := 1,
exitCode := 0,
singularChart := 1,
singularOutput := "CF_EXACT_SINGULAR_CHART_1\nCF_EXACT_SINGULAR\nCF_SCRIPT_COMPLETED_OK\n",
status := "exact_singular" ) ), rec(
coefficients := [ 1, 2, 3, 4 ],
trial := rec(
coefficientFieldConductor := 1,
exitCode := 0,
singularChart := 1,
singularOutput := "CF_EXACT_SINGULAR_CHART_1\nCF_EXACT_SINGULAR\nCF_SCRIPT_COMPLETED_OK\n",
status := "exact_singular" ) ), rec(
coefficients := [ 1, -2, 3, -4 ],
trial := rec(
coefficientFieldConductor := 1,
exitCode := 0,
singularChart := 1,
singularOutput := "CF_EXACT_SINGULAR_CHART_1\nCF_EXACT_SINGULAR\nCF_SCRIPT_COMPLETED_OK\n",
status := "exact_singular" ) ), rec(
coefficients := [ 1, -1, 0, 3 ],
trial := rec(
coefficientFieldConductor := 1,
exitCode := 0,
singularChart := 1,
singularOutput := "CF_EXACT_SINGULAR_CHART_1\nCF_EXACT_SINGULAR\nCF_SCRIPT_COMPLETED_OK\n",
status := "exact_singular" ) ), rec(
coefficients := [ 1, 0, 0, 0 ],
trial := rec(
coefficientFieldConductor := 1,
exitCode := 0,
singularChart := 1,
singularOutput := "CF_EXACT_SINGULAR_CHART_1\nCF_EXACT_SINGULAR\nCF_SCRIPT_COMPLETED_OK\n",
status := "exact_singular" ) ) ],
finiteFieldTrials := [ rec(
exitCode := 0,
numberOfMembersTested := 31,
prime := 5,
singularOutput := "CF_SINGULAR_MEMBER_1_END\nCF_SINGULAR_MEMBER_2_END\nCF_SINGULAR_MEMBER_3_END\nCF_SINGULAR_MEMBER_4_END\nCF_SINGULAR_MEMBER_5_END\nCF_SINGULAR_MEMBER_6_END\nCF_SINGULAR_MEMBER_7_END\nCF_SINGULAR_MEMBER_8_END\nCF_SINGULAR_MEMBER_9_END\nCF_SINGULAR_MEMBER_10_END\nCF_SINGULAR_MEMBER_11_END\nCF_SINGULAR_MEMBER_12_END\nCF_SINGULAR_MEMBER_13_END\nCF_SINGULAR_MEMBER_14_END\nCF_SINGULAR_MEMBER_15_END\nCF_SINGULAR_MEMBER_16_END\nCF_SINGULAR_MEMBER_17_END\nCF_SINGULAR_MEMBER_18_END\nCF_SINGULAR_MEMBER_19_END\nCF_SINGULAR_MEMBER_20_END\nCF_SINGULAR_MEMBER_21_END\nCF_SINGULAR_MEMBER_22_END\nCF_SINGULAR_MEMBER_23_END\nCF_SINGULAR_MEMBER_24_END\nCF_SINGULAR_MEMBER_25_END\nCF_SINGULAR_MEMBER_26_END\nCF_SINGULAR_MEMBER_27_END\nCF_SINGULAR_MEMBER_28_END\nCF_SINGULAR_MEMBER_29_END\nCF_SINGULAR_MEMBER_30_END\nCF_SINGULAR_MEMBER_31_END\nCF_NO_SMOOTH_MEMBER\nCF_SCRIPT_COMPLETED_OK\n",
status := "no_smooth_in_batch",
witnessIndex := fail,
witnessVerificationPassed := false ), rec(
exitCode := 0,
numberOfMembersTested := 32,
prime := 7,
singularOutput := "CF_SINGULAR_MEMBER_1_END\nCF_SINGULAR_MEMBER_2_END\nCF_SINGULAR_MEMBER_3_END\nCF_SINGULAR_MEMBER_4_END\nCF_SINGULAR_MEMBER_5_END\nCF_SINGULAR_MEMBER_6_END\nCF_SINGULAR_MEMBER_7_END\nCF_SINGULAR_MEMBER_8_END\nCF_SINGULAR_MEMBER_9_END\nCF_SINGULAR_MEMBER_10_END\nCF_SINGULAR_MEMBER_11_END\nCF_SINGULAR_MEMBER_12_END\nCF_SINGULAR_MEMBER_13_END\nCF_SINGULAR_MEMBER_14_END\nCF_SINGULAR_MEMBER_15_END\nCF_SINGULAR_MEMBER_16_END\nCF_SINGULAR_MEMBER_17_END\nCF_SINGULAR_MEMBER_18_END\nCF_SINGULAR_MEMBER_19_END\nCF_SINGULAR_MEMBER_20_END\nCF_SINGULAR_MEMBER_21_END\nCF_SINGULAR_MEMBER_22_END\nCF_SINGULAR_MEMBER_23_END\nCF_SINGULAR_MEMBER_24_END\nCF_SINGULAR_MEMBER_25_END\nCF_SINGULAR_MEMBER_26_END\nCF_SINGULAR_MEMBER_27_END\nCF_SINGULAR_MEMBER_28_END\nCF_SINGULAR_MEMBER_29_END\nCF_SINGULAR_MEMBER_30_END\nCF_SINGULAR_MEMBER_31_END\nCF_SINGULAR_MEMBER_32_END\nCF_NO_SMOOTH_MEMBER\nCF_SCRIPT_COMPLETED_OK\n",
status := "no_smooth_in_batch",
witnessIndex := fail,
witnessVerificationPassed := false ), rec(
exitCode := 0,
numberOfMembersTested := 32,
prime := 11,
singularOutput := "CF_SINGULAR_MEMBER_1_END\nCF_SINGULAR_MEMBER_2_END\nCF_SINGULAR_MEMBER_3_END\nCF_SINGULAR_MEMBER_4_END\nCF_SINGULAR_MEMBER_5_END\nCF_SINGULAR_MEMBER_6_END\nCF_SINGULAR_MEMBER_7_END\nCF_SINGULAR_MEMBER_8_END\nCF_SINGULAR_MEMBER_9_END\nCF_SINGULAR_MEMBER_10_END\nCF_SINGULAR_MEMBER_11_END\nCF_SINGULAR_MEMBER_12_END\nCF_SINGULAR_MEMBER_13_END\nCF_SINGULAR_MEMBER_14_END\nCF_SINGULAR_MEMBER_15_END\nCF_SINGULAR_MEMBER_16_END\nCF_SINGULAR_MEMBER_17_END\nCF_SINGULAR_MEMBER_18_END\nCF_SINGULAR_MEMBER_19_END\nCF_SINGULAR_MEMBER_20_END\nCF_SINGULAR_MEMBER_21_END\nCF_SINGULAR_MEMBER_22_END\nCF_SINGULAR_MEMBER_23_END\nCF_SINGULAR_MEMBER_24_END\nCF_SINGULAR_MEMBER_25_END\nCF_SINGULAR_MEMBER_26_END\nCF_SINGULAR_MEMBER_27_END\nCF_SINGULAR_MEMBER_28_END\nCF_SINGULAR_MEMBER_29_END\nCF_SINGULAR_MEMBER_30_END\nCF_SINGULAR_MEMBER_31_END\nCF_SINGULAR_MEMBER_32_END\nCF_NO_SMOOTH_MEMBER\nCF_SCRIPT_COMPLETED_OK\n",
status := "no_smooth_in_batch",
witnessIndex := fail,
witnessVerificationPassed := false ) ],
method := "deterministic coefficient batch",
status := "no_smooth_witness" ),
guessedPolynomial := "(2)*x6^3 + (-77/2)*x5*x6^2 + (-77/2)*x5^2*x6 + (2)*x5^3 + (-77/2)*x4*x6^2 + (109)*x4*x5*x6 + (-77/2)*x4*x5^2 + (-77/2)*x4^2*x6 + (-77/2)*x4^2*x5 + (2)*x4^3 + (51)*x3*x6^2 + (20)*x3*x5*x6 + (10)*x3*x5^2 + (20)*x3*x4*x6 + (5)*x3*x4*x5 + (10)*x3*x4^2 + (-51)*x3^2*x6 + (-10)*x3^2*x5 + (-10)*x3^2*x4 + (17)*x3^3 + (10)*x2*x6^2 + (20)*x2*x5*x6 + (51)*x2*x5^2 + (5)*x2*x4*x6 + (20)*x2*x4*x5 + (10)*x2*x4^2 + (-20)*x2*x3*x6 + (-20)*x2*x3*x5 + (-5)*x2*x3*x4 + (10)*x2*x3^2 + (-10)*x2^2*x6 + (-51)*x2^2*x5 + (-10)*x2^2*x4 + (10)*x2^2*x3 + (17)*x2^3 + (10)*x1*x6^2 + (5)*x1*x5*x6 + (10)*x1*x5^2 + (20)*x1*x4*x6 + (20)*x1*x4*x5 + (51)*x1*x4^2 + (-20)*x1*x3*x6 + (-5)*x1*x3*x5 + (-20)*x1*x3*x4 + (10)*x1*x3^2 + (-5)*x1*x2*x6 + (-20)*x1*x2*x5 + (-20)*x1*x2*x4 + (5)*x1*x2*x3 + (10)*x1*x2^2 + (-10)*x1^2*x6 + (-10)*x1^2*x5 + (-51)*x1^2*x4 + (10)*x1^2*x3 + (10)*x1^2*x2 + (17)*x1^3",
isDirectKnownCase := false,
linearGId := [ 108, 42 ],
projectiveGId := [ 36, 12 ],
proofType := "the invariant basis has a nonempty exact common projective Jacobian locus",
status := "singular",
symplecticPart := "S3",
testedCoefficientCandidates := [ [ 2, 5, 10, 17 ], [ 1, 1, 1, 1 ], [ 1, 2, 3, 4 ], [ 1, -2, 3, -4 ], [ 1, -1, 0, 3 ], [ 1, 0, 0, 0 ], [ 0, 1, 0, 0 ], [ 0, 0, 1, 0 ], [ 0, 0, 0, 1 ], [ 1, 1, 0, 0 ], [ 1, -1, 0, 0 ], [ 1, 0, 1, 0 ], [ 1, 0, -1, 0 ], [ 1, 0, 0, 1 ], [ 1, 0, 0, -1 ], [ 0, 1, 1, 0 ], [ 0, 1, -1, 0 ], [ 0, 1, 0, 1 ], [ 0, 1, 0, -1 ], [ 0, 0, 1, 1 ], [ 0, 0, 1, -1 ], [ -6, 10, 6, -11 ], [ -10, 10, 9, 1 ], [ -5, -2, -3, -10 ], [ -9, -7, 3, 10 ], [ -1, -3, -2, -5 ], [ -1, -5, 11, 6 ], [ 1, -7, 7, 9 ], [ -2, 4, 1, -7 ], [ -9, -7, 3, -5 ], [ 1, -1, -6, -2 ], [ -9, 6, -1, 9 ] ] ), rec(
candidateNumber := 124,
centralizerDimension := 4,
commonSingularChart := 1,
componentIndex := 1,
componentLabel := "Koike (3.6), generic index 1",
cubicInvariantDimension := 4,
determinantImageOrder := 6,
exactCommonLocusTest := rec(
coefficientFieldConductor := 1,
exitCode := 0,
singularChart := 1,
singularOutput := "CF_EXACT_COMMON_SINGULAR_CHART_1\nCF_EXACT_COMMON_SINGULAR_POINT\nCF_SCRIPT_COMPLETED_OK\n",
status := "common_singular_point_exists" ),
familyDimension := 0,
familyIndexWithinCase := 12,
genericIndex := 1,
guessedCoefficients := [ 2, 5, 10, 17 ],
guessedMemberTest := rec(
coefficientCandidates := [ [ 2, 5, 10, 17 ], [ 1, 1, 1, 1 ], [ 1, 2, 3, 4 ], [ 1, -2, 3, -4 ], [ 1, -1, 0, 3 ], [ 1, 0, 0, 0 ], [ 0, 1, 0, 0 ], [ 0, 0, 1, 0 ], [ 0, 0, 0, 1 ], [ 1, 1, 0, 0 ], [ 1, -1, 0, 0 ], [ 1, 0, 1, 0 ], [ 1, 0, -1, 0 ], [ 1, 0, 0, 1 ], [ 1, 0, 0, -1 ], [ 0, 1, 1, 0 ], [ 0, 1, -1, 0 ], [ 0, 1, 0, 1 ], [ 0, 1, 0, -1 ], [ 0, 0, 1, 1 ], [ 0, 0, 1, -1 ], [ -6, 10, 6, -11 ], [ -10, 10, 9, 1 ], [ -5, -2, -3, -10 ], [ -9, -7, 3, 10 ], [ -1, -3, -2, -5 ], [ -1, -5, 11, 6 ], [ 1, -7, 7, 9 ], [ -2, 4, 1, -7 ], [ -9, -7, 3, -5 ], [ 1, -1, -6, -2 ], [ -9, 6, -1, 9 ] ],
coefficientFieldConductor := 1,
exactTrials := [ rec(
coefficients := [ 2, 5, 10, 17 ],
trial := rec(
coefficientFieldConductor := 1,
exitCode := 0,
singularChart := 1,
singularOutput := "CF_EXACT_SINGULAR_CHART_1\nCF_EXACT_SINGULAR\nCF_SCRIPT_COMPLETED_OK\n",
status := "exact_singular" ) ), rec(
coefficients := [ 1, 1, 1, 1 ],
trial := rec(
coefficientFieldConductor := 1,
exitCode := 0,
singularChart := 1,
singularOutput := "CF_EXACT_SINGULAR_CHART_1\nCF_EXACT_SINGULAR\nCF_SCRIPT_COMPLETED_OK\n",
status := "exact_singular" ) ), rec(
coefficients := [ 1, 2, 3, 4 ],
trial := rec(
coefficientFieldConductor := 1,
exitCode := 0,
singularChart := 1,
singularOutput := "CF_EXACT_SINGULAR_CHART_1\nCF_EXACT_SINGULAR\nCF_SCRIPT_COMPLETED_OK\n",
status := "exact_singular" ) ), rec(
coefficients := [ 1, -2, 3, -4 ],
trial := rec(
coefficientFieldConductor := 1,
exitCode := 0,
singularChart := 1,
singularOutput := "CF_EXACT_SINGULAR_CHART_1\nCF_EXACT_SINGULAR\nCF_SCRIPT_COMPLETED_OK\n",
status := "exact_singular" ) ), rec(
coefficients := [ 1, -1, 0, 3 ],
trial := rec(
coefficientFieldConductor := 1,
exitCode := 0,
singularChart := 1,
singularOutput := "CF_EXACT_SINGULAR_CHART_1\nCF_EXACT_SINGULAR\nCF_SCRIPT_COMPLETED_OK\n",
status := "exact_singular" ) ), rec(
coefficients := [ 1, 0, 0, 0 ],
trial := rec(
coefficientFieldConductor := 1,
exitCode := 0,
singularChart := 1,
singularOutput := "CF_EXACT_SINGULAR_CHART_1\nCF_EXACT_SINGULAR\nCF_SCRIPT_COMPLETED_OK\n",
status := "exact_singular" ) ) ],
finiteFieldTrials := [ rec(
exitCode := 0,
numberOfMembersTested := 31,
prime := 5,
singularOutput := "CF_SINGULAR_MEMBER_1_END\nCF_SINGULAR_MEMBER_2_END\nCF_SINGULAR_MEMBER_3_END\nCF_SINGULAR_MEMBER_4_END\nCF_SINGULAR_MEMBER_5_END\nCF_SINGULAR_MEMBER_6_END\nCF_SINGULAR_MEMBER_7_END\nCF_SINGULAR_MEMBER_8_END\nCF_SINGULAR_MEMBER_9_END\nCF_SINGULAR_MEMBER_10_END\nCF_SINGULAR_MEMBER_11_END\nCF_SINGULAR_MEMBER_12_END\nCF_SINGULAR_MEMBER_13_END\nCF_SINGULAR_MEMBER_14_END\nCF_SINGULAR_MEMBER_15_END\nCF_SINGULAR_MEMBER_16_END\nCF_SINGULAR_MEMBER_17_END\nCF_SINGULAR_MEMBER_18_END\nCF_SINGULAR_MEMBER_19_END\nCF_SINGULAR_MEMBER_20_END\nCF_SINGULAR_MEMBER_21_END\nCF_SINGULAR_MEMBER_22_END\nCF_SINGULAR_MEMBER_23_END\nCF_SINGULAR_MEMBER_24_END\nCF_SINGULAR_MEMBER_25_END\nCF_SINGULAR_MEMBER_26_END\nCF_SINGULAR_MEMBER_27_END\nCF_SINGULAR_MEMBER_28_END\nCF_SINGULAR_MEMBER_29_END\nCF_SINGULAR_MEMBER_30_END\nCF_SINGULAR_MEMBER_31_END\nCF_NO_SMOOTH_MEMBER\nCF_SCRIPT_COMPLETED_OK\n",
status := "no_smooth_in_batch",
witnessIndex := fail,
witnessVerificationPassed := false ), rec(
exitCode := 0,
numberOfMembersTested := 32,
prime := 7,
singularOutput := "CF_SINGULAR_MEMBER_1_END\nCF_SINGULAR_MEMBER_2_END\nCF_SINGULAR_MEMBER_3_END\nCF_SINGULAR_MEMBER_4_END\nCF_SINGULAR_MEMBER_5_END\nCF_SINGULAR_MEMBER_6_END\nCF_SINGULAR_MEMBER_7_END\nCF_SINGULAR_MEMBER_8_END\nCF_SINGULAR_MEMBER_9_END\nCF_SINGULAR_MEMBER_10_END\nCF_SINGULAR_MEMBER_11_END\nCF_SINGULAR_MEMBER_12_END\nCF_SINGULAR_MEMBER_13_END\nCF_SINGULAR_MEMBER_14_END\nCF_SINGULAR_MEMBER_15_END\nCF_SINGULAR_MEMBER_16_END\nCF_SINGULAR_MEMBER_17_END\nCF_SINGULAR_MEMBER_18_END\nCF_SINGULAR_MEMBER_19_END\nCF_SINGULAR_MEMBER_20_END\nCF_SINGULAR_MEMBER_21_END\nCF_SINGULAR_MEMBER_22_END\nCF_SINGULAR_MEMBER_23_END\nCF_SINGULAR_MEMBER_24_END\nCF_SINGULAR_MEMBER_25_END\nCF_SINGULAR_MEMBER_26_END\nCF_SINGULAR_MEMBER_27_END\nCF_SINGULAR_MEMBER_28_END\nCF_SINGULAR_MEMBER_29_END\nCF_SINGULAR_MEMBER_30_END\nCF_SINGULAR_MEMBER_31_END\nCF_SINGULAR_MEMBER_32_END\nCF_NO_SMOOTH_MEMBER\nCF_SCRIPT_COMPLETED_OK\n",
status := "no_smooth_in_batch",
witnessIndex := fail,
witnessVerificationPassed := false ), rec(
exitCode := 0,
numberOfMembersTested := 32,
prime := 11,
singularOutput := "CF_SINGULAR_MEMBER_1_END\nCF_SINGULAR_MEMBER_2_END\nCF_SINGULAR_MEMBER_3_END\nCF_SINGULAR_MEMBER_4_END\nCF_SINGULAR_MEMBER_5_END\nCF_SINGULAR_MEMBER_6_END\nCF_SINGULAR_MEMBER_7_END\nCF_SINGULAR_MEMBER_8_END\nCF_SINGULAR_MEMBER_9_END\nCF_SINGULAR_MEMBER_10_END\nCF_SINGULAR_MEMBER_11_END\nCF_SINGULAR_MEMBER_12_END\nCF_SINGULAR_MEMBER_13_END\nCF_SINGULAR_MEMBER_14_END\nCF_SINGULAR_MEMBER_15_END\nCF_SINGULAR_MEMBER_16_END\nCF_SINGULAR_MEMBER_17_END\nCF_SINGULAR_MEMBER_18_END\nCF_SINGULAR_MEMBER_19_END\nCF_SINGULAR_MEMBER_20_END\nCF_SINGULAR_MEMBER_21_END\nCF_SINGULAR_MEMBER_22_END\nCF_SINGULAR_MEMBER_23_END\nCF_SINGULAR_MEMBER_24_END\nCF_SINGULAR_MEMBER_25_END\nCF_SINGULAR_MEMBER_26_END\nCF_SINGULAR_MEMBER_27_END\nCF_SINGULAR_MEMBER_28_END\nCF_SINGULAR_MEMBER_29_END\nCF_SINGULAR_MEMBER_30_END\nCF_SINGULAR_MEMBER_31_END\nCF_SINGULAR_MEMBER_32_END\nCF_NO_SMOOTH_MEMBER\nCF_SCRIPT_COMPLETED_OK\n",
status := "no_smooth_in_batch",
witnessIndex := fail,
witnessVerificationPassed := false ) ],
method := "deterministic coefficient batch",
status := "no_smooth_witness" ),
guessedPolynomial := "(2)*x6^3 + (91/2)*x5*x6^2 + (91/2)*x5^2*x6 + (2)*x5^3 + (91/2)*x4*x6^2 + (-492)*x4*x5*x6 + (91/2)*x4*x5^2 + (91/2)*x4^2*x6 + (91/2)*x4^2*x5 + (2)*x4^3 + (-61)*x3*x6^2 + (48)*x3*x5*x6 + (-18)*x3*x5^2 + (48)*x3*x4*x6 + (214)*x3*x4*x5 + (-18)*x3*x4^2 + (5)*x3^2*x6 + (-38)*x3^2*x5 + (-38)*x3^2*x4 + (17)*x3^3 + (-18)*x2*x6^2 + (48)*x2*x5*x6 + (-61)*x2*x5^2 + (214)*x2*x4*x6 + (48)*x2*x4*x5 + (-18)*x2*x4^2 + (8)*x2*x3*x6 + (8)*x2*x3*x5 + (-158)*x2*x3*x4 + (10)*x2*x3^2 + (-38)*x2^2*x6 + (5)*x2^2*x5 + (-38)*x2^2*x4 + (10)*x2^2*x3 + (17)*x2^3 + (-18)*x1*x6^2 + (214)*x1*x5*x6 + (-18)*x1*x5^2 + (48)*x1*x4*x6 + (48)*x1*x4*x5 + (-61)*x1*x4^2 + (8)*x1*x3*x6 + (-158)*x1*x3*x5 + (8)*x1*x3*x4 + (10)*x1*x3^2 + (-158)*x1*x2*x6 + (8)*x1*x2*x5 + (8)*x1*x2*x4 + (102)*x1*x2*x3 + (10)*x1*x2^2 + (-38)*x1^2*x6 + (-38)*x1^2*x5 + (5)*x1^2*x4 + (10)*x1^2*x3 + (10)*x1^2*x2 + (17)*x1^3",
isDirectKnownCase := false,
linearGId := [ 108, 42 ],
projectiveGId := [ 36, 12 ],
proofType := "the invariant basis has a nonempty exact common projective Jacobian locus",
status := "singular",
symplecticPart := "S3",
testedCoefficientCandidates := [ [ 2, 5, 10, 17 ], [ 1, 1, 1, 1 ], [ 1, 2, 3, 4 ], [ 1, -2, 3, -4 ], [ 1, -1, 0, 3 ], [ 1, 0, 0, 0 ], [ 0, 1, 0, 0 ], [ 0, 0, 1, 0 ], [ 0, 0, 0, 1 ], [ 1, 1, 0, 0 ], [ 1, -1, 0, 0 ], [ 1, 0, 1, 0 ], [ 1, 0, -1, 0 ], [ 1, 0, 0, 1 ], [ 1, 0, 0, -1 ], [ 0, 1, 1, 0 ], [ 0, 1, -1, 0 ], [ 0, 1, 0, 1 ], [ 0, 1, 0, -1 ], [ 0, 0, 1, 1 ], [ 0, 0, 1, -1 ], [ -6, 10, 6, -11 ], [ -10, 10, 9, 1 ], [ -5, -2, -3, -10 ], [ -9, -7, 3, 10 ], [ -1, -3, -2, -5 ], [ -1, -5, 11, 6 ], [ 1, -7, 7, 9 ], [ -2, 4, 1, -7 ], [ -9, -7, 3, -5 ], [ 1, -1, -6, -2 ], [ -9, 6, -1, 9 ] ] ), rec(
candidateNumber := 126,
centralizerDimension := 4,
commonPointChecks := 19,
commonSingularPoint := [ 1, 0, 0, 1, 0, 0 ],
componentIndex := 1,
componentLabel := "Koike (3.6), generic index 1",
cubicInvariantDimension := 4,
determinantImageOrder := 8,
familyDimension := 0,
familyIndexWithinCase := 1,
genericIndex := 1,
guessedCoefficients := [ 2, 5, 10, 17 ],
guessedMemberTest := rec(
coefficientCandidates := [ [ 2, 5, 10, 17 ], [ 1, 1, 1, 1 ], [ 1, 2, 3, 4 ], [ 1, -2, 3, -4 ], [ 1, -1, 0, 3 ], [ 1, 0, 0, 0 ], [ 0, 1, 0, 0 ], [ 0, 0, 1, 0 ], [ 0, 0, 0, 1 ], [ 1, 1, 0, 0 ], [ 1, -1, 0, 0 ], [ 1, 0, 1, 0 ], [ 1, 0, -1, 0 ], [ 1, 0, 0, 1 ], [ 1, 0, 0, -1 ], [ 0, 1, 1, 0 ], [ 0, 1, -1, 0 ], [ 0, 1, 0, 1 ], [ 0, 1, 0, -1 ], [ 0, 0, 1, 1 ], [ 0, 0, 1, -1 ], [ -6, 10, 6, -11 ], [ -10, 10, 9, 1 ], [ -5, -2, -3, -10 ], [ -9, -7, 3, 10 ], [ -1, -3, -2, -5 ], [ -1, -5, 11, 6 ], [ 1, -7, 7, 9 ], [ -2, 4, 1, -7 ], [ -9, -7, 3, -5 ], [ 1, -1, -6, -2 ], [ -9, 6, -1, 9 ] ],
coefficientFieldConductor := 1,
exactTrials := [ rec(
coefficients := [ 2, 5, 10, 17 ],
trial := rec(
coefficientFieldConductor := 1,
exitCode := 0,
singularChart := 1,
singularOutput := "CF_EXACT_SINGULAR_CHART_1\nCF_EXACT_SINGULAR\nCF_SCRIPT_COMPLETED_OK\n",
status := "exact_singular" ) ), rec(
coefficients := [ 1, 1, 1, 1 ],
trial := rec(
coefficientFieldConductor := 1,
exitCode := 0,
singularChart := 1,
singularOutput := "CF_EXACT_SINGULAR_CHART_1\nCF_EXACT_SINGULAR\nCF_SCRIPT_COMPLETED_OK\n",
status := "exact_singular" ) ), rec(
coefficients := [ 1, 2, 3, 4 ],
trial := rec(
coefficientFieldConductor := 1,
exitCode := 0,
singularChart := 1,
singularOutput := "CF_EXACT_SINGULAR_CHART_1\nCF_EXACT_SINGULAR\nCF_SCRIPT_COMPLETED_OK\n",
status := "exact_singular" ) ), rec(
coefficients := [ 1, -2, 3, -4 ],
trial := rec(
coefficientFieldConductor := 1,
exitCode := 0,
singularChart := 1,
singularOutput := "CF_EXACT_SINGULAR_CHART_1\nCF_EXACT_SINGULAR\nCF_SCRIPT_COMPLETED_OK\n",
status := "exact_singular" ) ), rec(
coefficients := [ 1, -1, 0, 3 ],
trial := rec(
coefficientFieldConductor := 1,
exitCode := 0,
singularChart := 1,
singularOutput := "CF_EXACT_SINGULAR_CHART_1\nCF_EXACT_SINGULAR\nCF_SCRIPT_COMPLETED_OK\n",
status := "exact_singular" ) ), rec(
coefficients := [ 1, 0, 0, 0 ],
trial := rec(
coefficientFieldConductor := 1,
exitCode := 0,
singularChart := 1,
singularOutput := "CF_EXACT_SINGULAR_CHART_1\nCF_EXACT_SINGULAR\nCF_SCRIPT_COMPLETED_OK\n",
status := "exact_singular" ) ) ],
finiteFieldTrials := [ rec(
exitCode := 0,
numberOfMembersTested := 31,
prime := 5,
singularOutput := "CF_SINGULAR_MEMBER_1_END\nCF_SINGULAR_MEMBER_2_END\nCF_SINGULAR_MEMBER_3_END\nCF_SINGULAR_MEMBER_4_END\nCF_SINGULAR_MEMBER_5_END\nCF_SINGULAR_MEMBER_6_END\nCF_SINGULAR_MEMBER_7_END\nCF_SINGULAR_MEMBER_8_END\nCF_SINGULAR_MEMBER_9_END\nCF_SINGULAR_MEMBER_10_END\nCF_SINGULAR_MEMBER_11_END\nCF_SINGULAR_MEMBER_12_END\nCF_SINGULAR_MEMBER_13_END\nCF_SINGULAR_MEMBER_14_END\nCF_SINGULAR_MEMBER_15_END\nCF_SINGULAR_MEMBER_16_END\nCF_SINGULAR_MEMBER_17_END\nCF_SINGULAR_MEMBER_18_END\nCF_SINGULAR_MEMBER_19_END\nCF_SINGULAR_MEMBER_20_END\nCF_SINGULAR_MEMBER_21_END\nCF_SINGULAR_MEMBER_22_END\nCF_SINGULAR_MEMBER_23_END\nCF_SINGULAR_MEMBER_24_END\nCF_SINGULAR_MEMBER_25_END\nCF_SINGULAR_MEMBER_26_END\nCF_SINGULAR_MEMBER_27_END\nCF_SINGULAR_MEMBER_28_END\nCF_SINGULAR_MEMBER_29_END\nCF_SINGULAR_MEMBER_30_END\nCF_SINGULAR_MEMBER_31_END\nCF_NO_SMOOTH_MEMBER\nCF_SCRIPT_COMPLETED_OK\n",
status := "no_smooth_in_batch",
witnessIndex := fail,
witnessVerificationPassed := false ), rec(
exitCode := 0,
numberOfMembersTested := 32,
prime := 7,
singularOutput := "CF_SINGULAR_MEMBER_1_END\nCF_SINGULAR_MEMBER_2_END\nCF_SINGULAR_MEMBER_3_END\nCF_SINGULAR_MEMBER_4_END\nCF_SINGULAR_MEMBER_5_END\nCF_SINGULAR_MEMBER_6_END\nCF_SINGULAR_MEMBER_7_END\nCF_SINGULAR_MEMBER_8_END\nCF_SINGULAR_MEMBER_9_END\nCF_SINGULAR_MEMBER_10_END\nCF_SINGULAR_MEMBER_11_END\nCF_SINGULAR_MEMBER_12_END\nCF_SINGULAR_MEMBER_13_END\nCF_SINGULAR_MEMBER_14_END\nCF_SINGULAR_MEMBER_15_END\nCF_SINGULAR_MEMBER_16_END\nCF_SINGULAR_MEMBER_17_END\nCF_SINGULAR_MEMBER_18_END\nCF_SINGULAR_MEMBER_19_END\nCF_SINGULAR_MEMBER_20_END\nCF_SINGULAR_MEMBER_21_END\nCF_SINGULAR_MEMBER_22_END\nCF_SINGULAR_MEMBER_23_END\nCF_SINGULAR_MEMBER_24_END\nCF_SINGULAR_MEMBER_25_END\nCF_SINGULAR_MEMBER_26_END\nCF_SINGULAR_MEMBER_27_END\nCF_SINGULAR_MEMBER_28_END\nCF_SINGULAR_MEMBER_29_END\nCF_SINGULAR_MEMBER_30_END\nCF_SINGULAR_MEMBER_31_END\nCF_SINGULAR_MEMBER_32_END\nCF_NO_SMOOTH_MEMBER\nCF_SCRIPT_COMPLETED_OK\n",
status := "no_smooth_in_batch",
witnessIndex := fail,
witnessVerificationPassed := false ), rec(
exitCode := 0,
numberOfMembersTested := 32,
prime := 11,
singularOutput := "CF_SINGULAR_MEMBER_1_END\nCF_SINGULAR_MEMBER_2_END\nCF_SINGULAR_MEMBER_3_END\nCF_SINGULAR_MEMBER_4_END\nCF_SINGULAR_MEMBER_5_END\nCF_SINGULAR_MEMBER_6_END\nCF_SINGULAR_MEMBER_7_END\nCF_SINGULAR_MEMBER_8_END\nCF_SINGULAR_MEMBER_9_END\nCF_SINGULAR_MEMBER_10_END\nCF_SINGULAR_MEMBER_11_END\nCF_SINGULAR_MEMBER_12_END\nCF_SINGULAR_MEMBER_13_END\nCF_SINGULAR_MEMBER_14_END\nCF_SINGULAR_MEMBER_15_END\nCF_SINGULAR_MEMBER_16_END\nCF_SINGULAR_MEMBER_17_END\nCF_SINGULAR_MEMBER_18_END\nCF_SINGULAR_MEMBER_19_END\nCF_SINGULAR_MEMBER_20_END\nCF_SINGULAR_MEMBER_21_END\nCF_SINGULAR_MEMBER_22_END\nCF_SINGULAR_MEMBER_23_END\nCF_SINGULAR_MEMBER_24_END\nCF_SINGULAR_MEMBER_25_END\nCF_SINGULAR_MEMBER_26_END\nCF_SINGULAR_MEMBER_27_END\nCF_SINGULAR_MEMBER_28_END\nCF_SINGULAR_MEMBER_29_END\nCF_SINGULAR_MEMBER_30_END\nCF_SINGULAR_MEMBER_31_END\nCF_SINGULAR_MEMBER_32_END\nCF_NO_SMOOTH_MEMBER\nCF_SCRIPT_COMPLETED_OK\n",
status := "no_smooth_in_batch",
witnessIndex := fail,
witnessVerificationPassed := false ) ],
method := "deterministic coefficient batch",
status := "no_smooth_witness" ),
guessedPolynomial := "(17)*x6^3 + (15)*x5*x6^2 + (15)*x5^2*x6 + (17)*x5^3 + (15)*x4*x6^2 + (6)*x4*x5*x6 + (15)*x4*x5^2 + (15)*x4^2*x6 + (15)*x4^2*x5 + (17)*x4^3 + (-34)*x3*x6^2 + (-25)*x3*x5*x6 + (-5)*x3*x5^2 + (-25)*x3*x4*x6 + (-4)*x3*x4*x5 + (-5)*x3*x4^2 + (17)*x3^2*x6 + (10)*x3^2*x5 + (10)*x3^2*x4 + (-5)*x2*x6^2 + (-25)*x2*x5*x6 + (-34)*x2*x5^2 + (-4)*x2*x4*x6 + (-25)*x2*x4*x5 + (-5)*x2*x4^2 + (5)*x2*x3*x6 + (5)*x2*x3*x5 + (2)*x2*x3*x4 + (10)*x2^2*x6 + (17)*x2^2*x5 + (10)*x2^2*x4 + (-5)*x1*x6^2 + (-4)*x1*x5*x6 + (-5)*x1*x5^2 + (-25)*x1*x4*x6 + (-25)*x1*x4*x5 + (-34)*x1*x4^2 + (5)*x1*x3*x6 + (2)*x1*x3*x5 + (5)*x1*x3*x4 + (2)*x1*x2*x6 + (5)*x1*x2*x5 + (5)*x1*x2*x4 + (10)*x1^2*x6 + (10)*x1^2*x5 + (17)*x1^2*x4",
isDirectKnownCase := false,
linearGId := [ 144, 69 ],
projectiveGId := [ 48, 4 ],
proofType := "an exact common singular point was found for the invariant basis",
status := "singular",
symplecticPart := "S3",
testedCoefficientCandidates := [ [ 2, 5, 10, 17 ], [ 1, 1, 1, 1 ], [ 1, 2, 3, 4 ], [ 1, -2, 3, -4 ], [ 1, -1, 0, 3 ], [ 1, 0, 0, 0 ], [ 0, 1, 0, 0 ], [ 0, 0, 1, 0 ], [ 0, 0, 0, 1 ], [ 1, 1, 0, 0 ], [ 1, -1, 0, 0 ], [ 1, 0, 1, 0 ], [ 1, 0, -1, 0 ], [ 1, 0, 0, 1 ], [ 1, 0, 0, -1 ], [ 0, 1, 1, 0 ], [ 0, 1, -1, 0 ], [ 0, 1, 0, 1 ], [ 0, 1, 0, -1 ], [ 0, 0, 1, 1 ], [ 0, 0, 1, -1 ], [ -6, 10, 6, -11 ], [ -10, 10, 9, 1 ], [ -5, -2, -3, -10 ], [ -9, -7, 3, 10 ], [ -1, -3, -2, -5 ], [ -1, -5, 11, 6 ], [ 1, -7, 7, 9 ], [ -2, 4, 1, -7 ], [ -9, -7, 3, -5 ], [ 1, -1, -6, -2 ], [ -9, 6, -1, 9 ] ] ), rec(
candidateNumber := 127,
centralizerDimension := 4,
commonPointChecks := 8,
commonSingularPoint := [ 1, -1, 0, 0, 0, 0 ],
componentIndex := 1,
componentLabel := "Koike (3.6), generic index 1",
cubicInvariantDimension := 4,
determinantImageOrder := 8,
familyDimension := 0,
familyIndexWithinCase := 2,
genericIndex := 1,
guessedCoefficients := [ 2, 5, 10, 17 ],
guessedMemberTest := rec(
coefficientCandidates := [ [ 2, 5, 10, 17 ], [ 1, 1, 1, 1 ], [ 1, 2, 3, 4 ], [ 1, -2, 3, -4 ], [ 1, -1, 0, 3 ], [ 1, 0, 0, 0 ], [ 0, 1, 0, 0 ], [ 0, 0, 1, 0 ], [ 0, 0, 0, 1 ], [ 1, 1, 0, 0 ], [ 1, -1, 0, 0 ], [ 1, 0, 1, 0 ], [ 1, 0, -1, 0 ], [ 1, 0, 0, 1 ], [ 1, 0, 0, -1 ], [ 0, 1, 1, 0 ], [ 0, 1, -1, 0 ], [ 0, 1, 0, 1 ], [ 0, 1, 0, -1 ], [ 0, 0, 1, 1 ], [ 0, 0, 1, -1 ], [ -6, 10, 6, -11 ], [ -10, 10, 9, 1 ], [ -5, -2, -3, -10 ], [ -9, -7, 3, 10 ], [ -1, -3, -2, -5 ], [ -1, -5, 11, 6 ], [ 1, -7, 7, 9 ], [ -2, 4, 1, -7 ], [ -9, -7, 3, -5 ], [ 1, -1, -6, -2 ], [ -9, 6, -1, 9 ] ],
coefficientFieldConductor := 1,
exactTrials := [ rec(
coefficients := [ 2, 5, 10, 17 ],
trial := rec(
coefficientFieldConductor := 1,
exitCode := 0,
singularChart := 1,
singularOutput := "CF_EXACT_SINGULAR_CHART_1\nCF_EXACT_SINGULAR\nCF_SCRIPT_COMPLETED_OK\n",
status := "exact_singular" ) ), rec(
coefficients := [ 1, 1, 1, 1 ],
trial := rec(
coefficientFieldConductor := 1,
exitCode := 0,
singularChart := 1,
singularOutput := "CF_EXACT_SINGULAR_CHART_1\nCF_EXACT_SINGULAR\nCF_SCRIPT_COMPLETED_OK\n",
status := "exact_singular" ) ), rec(
coefficients := [ 1, 2, 3, 4 ],
trial := rec(
coefficientFieldConductor := 1,
exitCode := 0,
singularChart := 1,
singularOutput := "CF_EXACT_SINGULAR_CHART_1\nCF_EXACT_SINGULAR\nCF_SCRIPT_COMPLETED_OK\n",
status := "exact_singular" ) ), rec(
coefficients := [ 1, -2, 3, -4 ],
trial := rec(
coefficientFieldConductor := 1,
exitCode := 0,
singularChart := 1,
singularOutput := "CF_EXACT_SINGULAR_CHART_1\nCF_EXACT_SINGULAR\nCF_SCRIPT_COMPLETED_OK\n",
status := "exact_singular" ) ), rec(
coefficients := [ 1, -1, 0, 3 ],
trial := rec(
coefficientFieldConductor := 1,
exitCode := 0,
singularChart := 1,
singularOutput := "CF_EXACT_SINGULAR_CHART_1\nCF_EXACT_SINGULAR\nCF_SCRIPT_COMPLETED_OK\n",
status := "exact_singular" ) ), rec(
coefficients := [ 1, 0, 0, 0 ],
trial := rec(
coefficientFieldConductor := 1,
exitCode := 0,
singularChart := 1,
singularOutput := "CF_EXACT_SINGULAR_CHART_1\nCF_EXACT_SINGULAR\nCF_SCRIPT_COMPLETED_OK\n",
status := "exact_singular" ) ) ],
finiteFieldTrials := [ rec(
exitCode := 0,
numberOfMembersTested := 31,
prime := 5,
singularOutput := "CF_SINGULAR_MEMBER_1_END\nCF_SINGULAR_MEMBER_2_END\nCF_SINGULAR_MEMBER_3_END\nCF_SINGULAR_MEMBER_4_END\nCF_SINGULAR_MEMBER_5_END\nCF_SINGULAR_MEMBER_6_END\nCF_SINGULAR_MEMBER_7_END\nCF_SINGULAR_MEMBER_8_END\nCF_SINGULAR_MEMBER_9_END\nCF_SINGULAR_MEMBER_10_END\nCF_SINGULAR_MEMBER_11_END\nCF_SINGULAR_MEMBER_12_END\nCF_SINGULAR_MEMBER_13_END\nCF_SINGULAR_MEMBER_14_END\nCF_SINGULAR_MEMBER_15_END\nCF_SINGULAR_MEMBER_16_END\nCF_SINGULAR_MEMBER_17_END\nCF_SINGULAR_MEMBER_18_END\nCF_SINGULAR_MEMBER_19_END\nCF_SINGULAR_MEMBER_20_END\nCF_SINGULAR_MEMBER_21_END\nCF_SINGULAR_MEMBER_22_END\nCF_SINGULAR_MEMBER_23_END\nCF_SINGULAR_MEMBER_24_END\nCF_SINGULAR_MEMBER_25_END\nCF_SINGULAR_MEMBER_26_END\nCF_SINGULAR_MEMBER_27_END\nCF_SINGULAR_MEMBER_28_END\nCF_SINGULAR_MEMBER_29_END\nCF_SINGULAR_MEMBER_30_END\nCF_SINGULAR_MEMBER_31_END\nCF_NO_SMOOTH_MEMBER\nCF_SCRIPT_COMPLETED_OK\n",
status := "no_smooth_in_batch",
witnessIndex := fail,
witnessVerificationPassed := false ), rec(
exitCode := 0,
numberOfMembersTested := 32,
prime := 7,
singularOutput := "CF_SINGULAR_MEMBER_1_END\nCF_SINGULAR_MEMBER_2_END\nCF_SINGULAR_MEMBER_3_END\nCF_SINGULAR_MEMBER_4_END\nCF_SINGULAR_MEMBER_5_END\nCF_SINGULAR_MEMBER_6_END\nCF_SINGULAR_MEMBER_7_END\nCF_SINGULAR_MEMBER_8_END\nCF_SINGULAR_MEMBER_9_END\nCF_SINGULAR_MEMBER_10_END\nCF_SINGULAR_MEMBER_11_END\nCF_SINGULAR_MEMBER_12_END\nCF_SINGULAR_MEMBER_13_END\nCF_SINGULAR_MEMBER_14_END\nCF_SINGULAR_MEMBER_15_END\nCF_SINGULAR_MEMBER_16_END\nCF_SINGULAR_MEMBER_17_END\nCF_SINGULAR_MEMBER_18_END\nCF_SINGULAR_MEMBER_19_END\nCF_SINGULAR_MEMBER_20_END\nCF_SINGULAR_MEMBER_21_END\nCF_SINGULAR_MEMBER_22_END\nCF_SINGULAR_MEMBER_23_END\nCF_SINGULAR_MEMBER_24_END\nCF_SINGULAR_MEMBER_25_END\nCF_SINGULAR_MEMBER_26_END\nCF_SINGULAR_MEMBER_27_END\nCF_SINGULAR_MEMBER_28_END\nCF_SINGULAR_MEMBER_29_END\nCF_SINGULAR_MEMBER_30_END\nCF_SINGULAR_MEMBER_31_END\nCF_SINGULAR_MEMBER_32_END\nCF_NO_SMOOTH_MEMBER\nCF_SCRIPT_COMPLETED_OK\n",
status := "no_smooth_in_batch",
witnessIndex := fail,
witnessVerificationPassed := false ), rec(
exitCode := 0,
numberOfMembersTested := 32,
prime := 11,
singularOutput := "CF_SINGULAR_MEMBER_1_END\nCF_SINGULAR_MEMBER_2_END\nCF_SINGULAR_MEMBER_3_END\nCF_SINGULAR_MEMBER_4_END\nCF_SINGULAR_MEMBER_5_END\nCF_SINGULAR_MEMBER_6_END\nCF_SINGULAR_MEMBER_7_END\nCF_SINGULAR_MEMBER_8_END\nCF_SINGULAR_MEMBER_9_END\nCF_SINGULAR_MEMBER_10_END\nCF_SINGULAR_MEMBER_11_END\nCF_SINGULAR_MEMBER_12_END\nCF_SINGULAR_MEMBER_13_END\nCF_SINGULAR_MEMBER_14_END\nCF_SINGULAR_MEMBER_15_END\nCF_SINGULAR_MEMBER_16_END\nCF_SINGULAR_MEMBER_17_END\nCF_SINGULAR_MEMBER_18_END\nCF_SINGULAR_MEMBER_19_END\nCF_SINGULAR_MEMBER_20_END\nCF_SINGULAR_MEMBER_21_END\nCF_SINGULAR_MEMBER_22_END\nCF_SINGULAR_MEMBER_23_END\nCF_SINGULAR_MEMBER_24_END\nCF_SINGULAR_MEMBER_25_END\nCF_SINGULAR_MEMBER_26_END\nCF_SINGULAR_MEMBER_27_END\nCF_SINGULAR_MEMBER_28_END\nCF_SINGULAR_MEMBER_29_END\nCF_SINGULAR_MEMBER_30_END\nCF_SINGULAR_MEMBER_31_END\nCF_SINGULAR_MEMBER_32_END\nCF_NO_SMOOTH_MEMBER\nCF_SCRIPT_COMPLETED_OK\n",
status := "no_smooth_in_batch",
witnessIndex := fail,
witnessVerificationPassed := false ) ],
method := "deterministic coefficient batch",
status := "no_smooth_witness" ),
guessedPolynomial := "(10)*x6^3 + (5)*x5*x6^2 + (5)*x5^2*x6 + (10)*x5^3 + (5)*x4*x6^2 + (2)*x4*x5*x6 + (5)*x4*x5^2 + (5)*x4^2*x6 + (5)*x4^2*x5 + (10)*x4^3 + (-34)*x3*x6^2 + (17/2)*x3*x5*x6 + (-17/2)*x3*x5^2 + (17/2)*x3*x4*x6 + (34)*x3*x4*x5 + (-17/2)*x3*x4^2 + (17)*x3^2*x6 + (-17/2)*x3^2*x5 + (-17/2)*x3^2*x4 + (-17/2)*x2*x6^2 + (17/2)*x2*x5*x6 + (-34)*x2*x5^2 + (34)*x2*x4*x6 + (17/2)*x2*x4*x5 + (-17/2)*x2*x4^2 + (17/2)*x2*x3*x6 + (17/2)*x2*x3*x5 + (-17)*x2*x3*x4 + (-17/2)*x2^2*x6 + (17)*x2^2*x5 + (-17/2)*x2^2*x4 + (-17/2)*x1*x6^2 + (34)*x1*x5*x6 + (-17/2)*x1*x5^2 + (17/2)*x1*x4*x6 + (17/2)*x1*x4*x5 + (-34)*x1*x4^2 + (17/2)*x1*x3*x6 + (-17)*x1*x3*x5 + (17/2)*x1*x3*x4 + (-17)*x1*x2*x6 + (17/2)*x1*x2*x5 + (17/2)*x1*x2*x4 + (-17/2)*x1^2*x6 + (-17/2)*x1^2*x5 + (17)*x1^2*x4",
isDirectKnownCase := false,
linearGId := [ 144, 69 ],
projectiveGId := [ 48, 4 ],
proofType := "an exact common singular point was found for the invariant basis",
status := "singular",
symplecticPart := "S3",
testedCoefficientCandidates := [ [ 2, 5, 10, 17 ], [ 1, 1, 1, 1 ], [ 1, 2, 3, 4 ], [ 1, -2, 3, -4 ], [ 1, -1, 0, 3 ], [ 1, 0, 0, 0 ], [ 0, 1, 0, 0 ], [ 0, 0, 1, 0 ], [ 0, 0, 0, 1 ], [ 1, 1, 0, 0 ], [ 1, -1, 0, 0 ], [ 1, 0, 1, 0 ], [ 1, 0, -1, 0 ], [ 1, 0, 0, 1 ], [ 1, 0, 0, -1 ], [ 0, 1, 1, 0 ], [ 0, 1, -1, 0 ], [ 0, 1, 0, 1 ], [ 0, 1, 0, -1 ], [ 0, 0, 1, 1 ], [ 0, 0, 1, -1 ], [ -6, 10, 6, -11 ], [ -10, 10, 9, 1 ], [ -5, -2, -3, -10 ], [ -9, -7, 3, 10 ], [ -1, -3, -2, -5 ], [ -1, -5, 11, 6 ], [ 1, -7, 7, 9 ], [ -2, 4, 1, -7 ], [ -9, -7, 3, -5 ], [ 1, -1, -6, -2 ], [ -9, 6, -1, 9 ] ] ), rec(
candidateNumber := 128,
centralizerDimension := 4,
commonPointChecks := 97,
commonSingularPoint := [ 1, 1, 1, 0, 0, 0 ],
componentIndex := 1,
componentLabel := "Koike (3.6), generic index 1",
cubicInvariantDimension := 5,
determinantImageOrder := 8,
familyDimension := 1,
familyIndexWithinCase := 3,
genericIndex := 1,
guessedCoefficients := [ 2, 5, 10, 17, 26 ],
guessedMemberTest := rec(
coefficientCandidates := [ [ 2, 5, 10, 17, 26 ], [ 1, 1, 1, 1, 1 ], [ 1, 2, 3, 4, 5 ], [ 1, -2, 3, -4, 5 ], [ 1, 0, -1, 0, 3 ], [ 1, 0, 0, 0, 0 ], [ 0, 1, 0, 0, 0 ], [ 0, 0, 1, 0, 0 ], [ 0, 0, 0, 1, 0 ], [ 0, 0, 0, 0, 1 ], [ 1, 1, 0, 0, 0 ], [ 1, -1, 0, 0, 0 ], [ 1, 0, 1, 0, 0 ], [ 1, 0, -1, 0, 0 ], [ 1, 0, 0, 1, 0 ], [ 1, 0, 0, -1, 0 ], [ 1, 0, 0, 0, 1 ], [ 1, 0, 0, 0, -1 ], [ 0, 1, 1, 0, 0 ], [ 0, 1, -1, 0, 0 ], [ 0, 1, 0, 1, 0 ], [ 0, 1, 0, -1, 0 ], [ 0, 1, 0, 0, 1 ], [ 0, 1, 0, 0, -1 ], [ 0, 0, 1, 1, 0 ], [ 0, 0, 1, -1, 0 ], [ 0, 0, 1, 0, 1 ], [ 0, 0, 1, 0, -1 ], [ 0, 0, 0, 1, 1 ], [ 0, 0, 0, 1, -1 ], [ 8, -7, -8, -6, 8 ], [ 5, -1, -5, 4, -3 ] ],
coefficientFieldConductor := 1,
exactTrials := [ rec(
coefficients := [ 2, 5, 10, 17, 26 ],
trial := rec(
coefficientFieldConductor := 1,
exitCode := 0,
singularChart := 1,
singularOutput := "CF_EXACT_SINGULAR_CHART_1\nCF_EXACT_SINGULAR\nCF_SCRIPT_COMPLETED_OK\n",
status := "exact_singular" ) ), rec(
coefficients := [ 1, 1, 1, 1, 1 ],
trial := rec(
coefficientFieldConductor := 1,
exitCode := 0,
singularChart := 1,
singularOutput := "CF_EXACT_SINGULAR_CHART_1\nCF_EXACT_SINGULAR\nCF_SCRIPT_COMPLETED_OK\n",
status := "exact_singular" ) ), rec(
coefficients := [ 1, 2, 3, 4, 5 ],
trial := rec(
coefficientFieldConductor := 1,
exitCode := 0,
singularChart := 1,
singularOutput := "CF_EXACT_SINGULAR_CHART_1\nCF_EXACT_SINGULAR\nCF_SCRIPT_COMPLETED_OK\n",
status := "exact_singular" ) ), rec(
coefficients := [ 1, -2, 3, -4, 5 ],
trial := rec(
coefficientFieldConductor := 1,
exitCode := 0,
singularChart := 1,
singularOutput := "CF_EXACT_SINGULAR_CHART_1\nCF_EXACT_SINGULAR\nCF_SCRIPT_COMPLETED_OK\n",
status := "exact_singular" ) ), rec(
coefficients := [ 1, 0, -1, 0, 3 ],
trial := rec(
coefficientFieldConductor := 1,
exitCode := 0,
singularChart := 1,
singularOutput := "CF_EXACT_SINGULAR_CHART_1\nCF_EXACT_SINGULAR\nCF_SCRIPT_COMPLETED_OK\n",
status := "exact_singular" ) ), rec(
coefficients := [ 1, 0, 0, 0, 0 ],
trial := rec(
coefficientFieldConductor := 1,
exitCode := 0,
singularChart := 1,
singularOutput := "CF_EXACT_SINGULAR_CHART_1\nCF_EXACT_SINGULAR\nCF_SCRIPT_COMPLETED_OK\n",
status := "exact_singular" ) ) ],
finiteFieldTrials := [ rec(
exitCode := 0,
numberOfMembersTested := 32,
prime := 5,
singularOutput := "CF_SINGULAR_MEMBER_1_END\nCF_SINGULAR_MEMBER_2_END\nCF_SINGULAR_MEMBER_3_END\nCF_SINGULAR_MEMBER_4_END\nCF_SINGULAR_MEMBER_5_END\nCF_SINGULAR_MEMBER_6_END\nCF_SINGULAR_MEMBER_7_END\nCF_SINGULAR_MEMBER_8_END\nCF_SINGULAR_MEMBER_9_END\nCF_SINGULAR_MEMBER_10_END\nCF_SINGULAR_MEMBER_11_END\nCF_SINGULAR_MEMBER_12_END\nCF_SINGULAR_MEMBER_13_END\nCF_SINGULAR_MEMBER_14_END\nCF_SINGULAR_MEMBER_15_END\nCF_SINGULAR_MEMBER_16_END\nCF_SINGULAR_MEMBER_17_END\nCF_SINGULAR_MEMBER_18_END\nCF_SINGULAR_MEMBER_19_END\nCF_SINGULAR_MEMBER_20_END\nCF_SINGULAR_MEMBER_21_END\nCF_SINGULAR_MEMBER_22_END\nCF_SINGULAR_MEMBER_23_END\nCF_SINGULAR_MEMBER_24_END\nCF_SINGULAR_MEMBER_25_END\nCF_SINGULAR_MEMBER_26_END\nCF_SINGULAR_MEMBER_27_END\nCF_SINGULAR_MEMBER_28_END\nCF_SINGULAR_MEMBER_29_END\nCF_SINGULAR_MEMBER_30_END\nCF_SINGULAR_MEMBER_31_END\nCF_SINGULAR_MEMBER_32_END\nCF_NO_SMOOTH_MEMBER\nCF_SCRIPT_COMPLETED_OK\n",
status := "no_smooth_in_batch",
witnessIndex := fail,
witnessVerificationPassed := false ), rec(
exitCode := 0,
numberOfMembersTested := 32,
prime := 7,
singularOutput := "CF_SINGULAR_MEMBER_1_END\nCF_SINGULAR_MEMBER_2_END\nCF_SINGULAR_MEMBER_3_END\nCF_SINGULAR_MEMBER_4_END\nCF_SINGULAR_MEMBER_5_END\nCF_SINGULAR_MEMBER_6_END\nCF_SINGULAR_MEMBER_7_END\nCF_SINGULAR_MEMBER_8_END\nCF_SINGULAR_MEMBER_9_END\nCF_SINGULAR_MEMBER_10_END\nCF_SINGULAR_MEMBER_11_END\nCF_SINGULAR_MEMBER_12_END\nCF_SINGULAR_MEMBER_13_END\nCF_SINGULAR_MEMBER_14_END\nCF_SINGULAR_MEMBER_15_END\nCF_SINGULAR_MEMBER_16_END\nCF_SINGULAR_MEMBER_17_END\nCF_SINGULAR_MEMBER_18_END\nCF_SINGULAR_MEMBER_19_END\nCF_SINGULAR_MEMBER_20_END\nCF_SINGULAR_MEMBER_21_END\nCF_SINGULAR_MEMBER_22_END\nCF_SINGULAR_MEMBER_23_END\nCF_SINGULAR_MEMBER_24_END\nCF_SINGULAR_MEMBER_25_END\nCF_SINGULAR_MEMBER_26_END\nCF_SINGULAR_MEMBER_27_END\nCF_SINGULAR_MEMBER_28_END\nCF_SINGULAR_MEMBER_29_END\nCF_SINGULAR_MEMBER_30_END\nCF_SINGULAR_MEMBER_31_END\nCF_SINGULAR_MEMBER_32_END\nCF_NO_SMOOTH_MEMBER\nCF_SCRIPT_COMPLETED_OK\n",
status := "no_smooth_in_batch",
witnessIndex := fail,
witnessVerificationPassed := false ), rec(
exitCode := 0,
numberOfMembersTested := 32,
prime := 11,
singularOutput := "CF_SINGULAR_MEMBER_1_END\nCF_SINGULAR_MEMBER_2_END\nCF_SINGULAR_MEMBER_3_END\nCF_SINGULAR_MEMBER_4_END\nCF_SINGULAR_MEMBER_5_END\nCF_SINGULAR_MEMBER_6_END\nCF_SINGULAR_MEMBER_7_END\nCF_SINGULAR_MEMBER_8_END\nCF_SINGULAR_MEMBER_9_END\nCF_SINGULAR_MEMBER_10_END\nCF_SINGULAR_MEMBER_11_END\nCF_SINGULAR_MEMBER_12_END\nCF_SINGULAR_MEMBER_13_END\nCF_SINGULAR_MEMBER_14_END\nCF_SINGULAR_MEMBER_15_END\nCF_SINGULAR_MEMBER_16_END\nCF_SINGULAR_MEMBER_17_END\nCF_SINGULAR_MEMBER_18_END\nCF_SINGULAR_MEMBER_19_END\nCF_SINGULAR_MEMBER_20_END\nCF_SINGULAR_MEMBER_21_END\nCF_SINGULAR_MEMBER_22_END\nCF_SINGULAR_MEMBER_23_END\nCF_SINGULAR_MEMBER_24_END\nCF_SINGULAR_MEMBER_25_END\nCF_SINGULAR_MEMBER_26_END\nCF_SINGULAR_MEMBER_27_END\nCF_SINGULAR_MEMBER_28_END\nCF_SINGULAR_MEMBER_29_END\nCF_SINGULAR_MEMBER_30_END\nCF_SINGULAR_MEMBER_31_END\nCF_SINGULAR_MEMBER_32_END\nCF_NO_SMOOTH_MEMBER\nCF_SCRIPT_COMPLETED_OK\n",
status := "no_smooth_in_batch",
witnessIndex := fail,
witnessVerificationPassed := false ) ],
method := "deterministic coefficient batch",
status := "no_smooth_witness" ),
guessedPolynomial := "(10)*x6^3 + (5)*x5*x6^2 + (5)*x5^2*x6 + (10)*x5^3 + (5)*x4*x6^2 + (2)*x4*x5*x6 + (5)*x4*x5^2 + (5)*x4^2*x6 + (5)*x4^2*x5 + (10)*x4^3 + (-52)*x3*x6^2 + (-8)*x3*x5*x6 + (26)*x3*x5^2 + (-8)*x3*x4*x6 + (16)*x3*x4*x5 + (26)*x3*x4^2 + (26)*x3^2*x6 + (17)*x3^2*x5 + (17)*x3^2*x4 + (26)*x2*x6^2 + (-8)*x2*x5*x6 + (-52)*x2*x5^2 + (16)*x2*x4*x6 + (-8)*x2*x4*x5 + (26)*x2*x4^2 + (-26)*x2*x3*x6 + (-26)*x2*x3*x5 + (-8)*x2*x3*x4 + (17)*x2^2*x6 + (26)*x2^2*x5 + (17)*x2^2*x4 + (26)*x1*x6^2 + (16)*x1*x5*x6 + (26)*x1*x5^2 + (-8)*x1*x4*x6 + (-8)*x1*x4*x5 + (-52)*x1*x4^2 + (-26)*x1*x3*x6 + (-8)*x1*x3*x5 + (-26)*x1*x3*x4 + (-8)*x1*x2*x6 + (-26)*x1*x2*x5 + (-26)*x1*x2*x4 + (17)*x1^2*x6 + (17)*x1^2*x5 + (26)*x1^2*x4",
isDirectKnownCase := false,
linearGId := [ 144, 69 ],
projectiveGId := [ 48, 4 ],
proofType := "an exact common singular point was found for the invariant basis",
status := "singular",
symplecticPart := "S3",
testedCoefficientCandidates := [ [ 2, 5, 10, 17, 26 ], [ 1, 1, 1, 1, 1 ], [ 1, 2, 3, 4, 5 ], [ 1, -2, 3, -4, 5 ], [ 1, 0, -1, 0, 3 ], [ 1, 0, 0, 0, 0 ], [ 0, 1, 0, 0, 0 ], [ 0, 0, 1, 0, 0 ], [ 0, 0, 0, 1, 0 ], [ 0, 0, 0, 0, 1 ], [ 1, 1, 0, 0, 0 ], [ 1, -1, 0, 0, 0 ], [ 1, 0, 1, 0, 0 ], [ 1, 0, -1, 0, 0 ], [ 1, 0, 0, 1, 0 ], [ 1, 0, 0, -1, 0 ], [ 1, 0, 0, 0, 1 ], [ 1, 0, 0, 0, -1 ], [ 0, 1, 1, 0, 0 ], [ 0, 1, -1, 0, 0 ], [ 0, 1, 0, 1, 0 ], [ 0, 1, 0, -1, 0 ], [ 0, 1, 0, 0, 1 ], [ 0, 1, 0, 0, -1 ], [ 0, 0, 1, 1, 0 ], [ 0, 0, 1, -1, 0 ], [ 0, 0, 1, 0, 1 ], [ 0, 0, 1, 0, -1 ], [ 0, 0, 0, 1, 1 ], [ 0, 0, 0, 1, -1 ], [ 8, -7, -8, -6, 8 ], [ 5, -1, -5, 4, -3 ] ] ), rec(
candidateNumber := 129,
centralizerDimension := 6,
commonPointChecks := 97,
commonSingularPoint := [ 1, 1, 1, 0, 0, 0 ],
componentIndex := 1,
componentLabel := "Koike (3.6), generic index 1",
cubicInvariantDimension := 8,
determinantImageOrder := 8,
familyDimension := 2,
familyIndexWithinCase := 4,
genericIndex := 1,
guessedCoefficients := [ 2, 5, 10, 17, 26, 37, 50, 65 ],
guessedMemberTest := rec(
coefficientCandidates := [ [ 2, 5, 10, 17, 26, 37, 50, 65 ], [ 1, 1, 1, 1, 1, 1, 1, 1 ], [ 1, 2, 3, 4, 5, 6, 7, 8 ], [ 1, -2, 3, -4, 5, -6, 7, -8 ], [ 1, 0, 0, -1, 0, 0, 0, 3 ], [ 1, 0, 0, 0, 0, 0, 0, 0 ], [ 0, 1, 0, 0, 0, 0, 0, 0 ], [ 0, 0, 1, 0, 0, 0, 0, 0 ], [ 0, 0, 0, 1, 0, 0, 0, 0 ], [ 0, 0, 0, 0, 1, 0, 0, 0 ], [ 0, 0, 0, 0, 0, 1, 0, 0 ], [ 0, 0, 0, 0, 0, 0, 1, 0 ], [ 0, 0, 0, 0, 0, 0, 0, 1 ], [ 1, 1, 0, 0, 0, 0, 0, 0 ], [ 1, -1, 0, 0, 0, 0, 0, 0 ], [ 1, 0, 1, 0, 0, 0, 0, 0 ], [ 1, 0, -1, 0, 0, 0, 0, 0 ], [ 1, 0, 0, 1, 0, 0, 0, 0 ], [ 1, 0, 0, -1, 0, 0, 0, 0 ], [ 1, 0, 0, 0, 1, 0, 0, 0 ], [ 1, 0, 0, 0, -1, 0, 0, 0 ], [ 1, 0, 0, 0, 0, 1, 0, 0 ], [ 1, 0, 0, 0, 0, -1, 0, 0 ], [ 1, 0, 0, 0, 0, 0, 1, 0 ], [ 1, 0, 0, 0, 0, 0, -1, 0 ], [ 1, 0, 0, 0, 0, 0, 0, 1 ], [ 1, 0, 0, 0, 0, 0, 0, -1 ], [ 0, 1, 1, 0, 0, 0, 0, 0 ], [ 0, 1, -1, 0, 0, 0, 0, 0 ], [ 0, 1, 0, 1, 0, 0, 0, 0 ], [ 0, 1, 0, -1, 0, 0, 0, 0 ], [ 0, 1, 0, 0, 1, 0, 0, 0 ] ],
coefficientFieldConductor := 1,
exactTrials := [ rec(
coefficients := [ 2, 5, 10, 17, 26, 37, 50, 65 ],
trial := rec(
coefficientFieldConductor := 1,
exitCode := 0,
singularChart := 1,
singularOutput := "CF_EXACT_SINGULAR_CHART_1\nCF_EXACT_SINGULAR\nCF_SCRIPT_COMPLETED_OK\n",
status := "exact_singular" ) ), rec(
coefficients := [ 1, 1, 1, 1, 1, 1, 1, 1 ],
trial := rec(
coefficientFieldConductor := 1,
exitCode := 0,
singularChart := 1,
singularOutput := "CF_EXACT_SINGULAR_CHART_1\nCF_EXACT_SINGULAR\nCF_SCRIPT_COMPLETED_OK\n",
status := "exact_singular" ) ), rec(
coefficients := [ 1, 2, 3, 4, 5, 6, 7, 8 ],
trial := rec(
coefficientFieldConductor := 1,
exitCode := 0,
singularChart := 1,
singularOutput := "CF_EXACT_SINGULAR_CHART_1\nCF_EXACT_SINGULAR\nCF_SCRIPT_COMPLETED_OK\n",
status := "exact_singular" ) ), rec(
coefficients := [ 1, -2, 3, -4, 5, -6, 7, -8 ],
trial := rec(
coefficientFieldConductor := 1,
exitCode := 0,
singularChart := 1,
singularOutput := "CF_EXACT_SINGULAR_CHART_1\nCF_EXACT_SINGULAR\nCF_SCRIPT_COMPLETED_OK\n",
status := "exact_singular" ) ), rec(
coefficients := [ 1, 0, 0, -1, 0, 0, 0, 3 ],
trial := rec(
coefficientFieldConductor := 1,
exitCode := 0,
singularChart := 1,
singularOutput := "CF_EXACT_SINGULAR_CHART_1\nCF_EXACT_SINGULAR\nCF_SCRIPT_COMPLETED_OK\n",
status := "exact_singular" ) ), rec(
coefficients := [ 1, 0, 0, 0, 0, 0, 0, 0 ],
trial := rec(
coefficientFieldConductor := 1,
exitCode := 0,
singularChart := 1,
singularOutput := "CF_EXACT_SINGULAR_CHART_1\nCF_EXACT_SINGULAR\nCF_SCRIPT_COMPLETED_OK\n",
status := "exact_singular" ) ) ],
finiteFieldTrials := [ rec(
exitCode := 0,
numberOfMembersTested := 32,
prime := 5,
singularOutput := "CF_SINGULAR_MEMBER_1_END\nCF_SINGULAR_MEMBER_2_END\nCF_SINGULAR_MEMBER_3_END\nCF_SINGULAR_MEMBER_4_END\nCF_SINGULAR_MEMBER_5_END\nCF_SINGULAR_MEMBER_6_END\nCF_SINGULAR_MEMBER_7_END\nCF_SINGULAR_MEMBER_8_END\nCF_SINGULAR_MEMBER_9_END\nCF_SINGULAR_MEMBER_10_END\nCF_SINGULAR_MEMBER_11_END\nCF_SINGULAR_MEMBER_12_END\nCF_SINGULAR_MEMBER_13_END\nCF_SINGULAR_MEMBER_14_END\nCF_SINGULAR_MEMBER_15_END\nCF_SINGULAR_MEMBER_16_END\nCF_SINGULAR_MEMBER_17_END\nCF_SINGULAR_MEMBER_18_END\nCF_SINGULAR_MEMBER_19_END\nCF_SINGULAR_MEMBER_20_END\nCF_SINGULAR_MEMBER_21_END\nCF_SINGULAR_MEMBER_22_END\nCF_SINGULAR_MEMBER_23_END\nCF_SINGULAR_MEMBER_24_END\nCF_SINGULAR_MEMBER_25_END\nCF_SINGULAR_MEMBER_26_END\nCF_SINGULAR_MEMBER_27_END\nCF_SINGULAR_MEMBER_28_END\nCF_SINGULAR_MEMBER_29_END\nCF_SINGULAR_MEMBER_30_END\nCF_SINGULAR_MEMBER_31_END\nCF_SINGULAR_MEMBER_32_END\nCF_NO_SMOOTH_MEMBER\nCF_SCRIPT_COMPLETED_OK\n",
status := "no_smooth_in_batch",
witnessIndex := fail,
witnessVerificationPassed := false ), rec(
exitCode := 0,
numberOfMembersTested := 32,
prime := 7,
singularOutput := "CF_SINGULAR_MEMBER_1_END\nCF_SINGULAR_MEMBER_2_END\nCF_SINGULAR_MEMBER_3_END\nCF_SINGULAR_MEMBER_4_END\nCF_SINGULAR_MEMBER_5_END\nCF_SINGULAR_MEMBER_6_END\nCF_SINGULAR_MEMBER_7_END\nCF_SINGULAR_MEMBER_8_END\nCF_SINGULAR_MEMBER_9_END\nCF_SINGULAR_MEMBER_10_END\nCF_SINGULAR_MEMBER_11_END\nCF_SINGULAR_MEMBER_12_END\nCF_SINGULAR_MEMBER_13_END\nCF_SINGULAR_MEMBER_14_END\nCF_SINGULAR_MEMBER_15_END\nCF_SINGULAR_MEMBER_16_END\nCF_SINGULAR_MEMBER_17_END\nCF_SINGULAR_MEMBER_18_END\nCF_SINGULAR_MEMBER_19_END\nCF_SINGULAR_MEMBER_20_END\nCF_SINGULAR_MEMBER_21_END\nCF_SINGULAR_MEMBER_22_END\nCF_SINGULAR_MEMBER_23_END\nCF_SINGULAR_MEMBER_24_END\nCF_SINGULAR_MEMBER_25_END\nCF_SINGULAR_MEMBER_26_END\nCF_SINGULAR_MEMBER_27_END\nCF_SINGULAR_MEMBER_28_END\nCF_SINGULAR_MEMBER_29_END\nCF_SINGULAR_MEMBER_30_END\nCF_SINGULAR_MEMBER_31_END\nCF_SINGULAR_MEMBER_32_END\nCF_NO_SMOOTH_MEMBER\nCF_SCRIPT_COMPLETED_OK\n",
status := "no_smooth_in_batch",
witnessIndex := fail,
witnessVerificationPassed := false ), rec(
exitCode := 0,
numberOfMembersTested := 32,
prime := 11,
singularOutput := "CF_SINGULAR_MEMBER_1_END\nCF_SINGULAR_MEMBER_2_END\nCF_SINGULAR_MEMBER_3_END\nCF_SINGULAR_MEMBER_4_END\nCF_SINGULAR_MEMBER_5_END\nCF_SINGULAR_MEMBER_6_END\nCF_SINGULAR_MEMBER_7_END\nCF_SINGULAR_MEMBER_8_END\nCF_SINGULAR_MEMBER_9_END\nCF_SINGULAR_MEMBER_10_END\nCF_SINGULAR_MEMBER_11_END\nCF_SINGULAR_MEMBER_12_END\nCF_SINGULAR_MEMBER_13_END\nCF_SINGULAR_MEMBER_14_END\nCF_SINGULAR_MEMBER_15_END\nCF_SINGULAR_MEMBER_16_END\nCF_SINGULAR_MEMBER_17_END\nCF_SINGULAR_MEMBER_18_END\nCF_SINGULAR_MEMBER_19_END\nCF_SINGULAR_MEMBER_20_END\nCF_SINGULAR_MEMBER_21_END\nCF_SINGULAR_MEMBER_22_END\nCF_SINGULAR_MEMBER_23_END\nCF_SINGULAR_MEMBER_24_END\nCF_SINGULAR_MEMBER_25_END\nCF_SINGULAR_MEMBER_26_END\nCF_SINGULAR_MEMBER_27_END\nCF_SINGULAR_MEMBER_28_END\nCF_SINGULAR_MEMBER_29_END\nCF_SINGULAR_MEMBER_30_END\nCF_SINGULAR_MEMBER_31_END\nCF_SINGULAR_MEMBER_32_END\nCF_NO_SMOOTH_MEMBER\nCF_SCRIPT_COMPLETED_OK\n",
status := "no_smooth_in_batch",
witnessIndex := fail,
witnessVerificationPassed := false ) ],
method := "deterministic coefficient batch",
status := "no_smooth_witness" ),
guessedPolynomial := "(10)*x6^3 + (5)*x5*x6^2 + (5)*x5^2*x6 + (10)*x5^3 + (5)*x4*x6^2 + (2)*x4*x5*x6 + (5)*x4*x5^2 + (5)*x4^2*x6 + (5)*x4^2*x5 + (10)*x4^3 + (26)*x3*x6^2 + (17)*x3*x5*x6 + (-13)*x3*x5^2 + (17)*x3*x4*x6 + (-34)*x3*x4*x5 + (-13)*x3*x4^2 + (50)*x3^2*x6 + (37)*x3^2*x5 + (37)*x3^2*x4 + (65)*x3^3 + (-13)*x2*x6^2 + (17)*x2*x5*x6 + (26)*x2*x5^2 + (-34)*x2*x4*x6 + (17)*x2*x4*x5 + (-13)*x2*x4^2 + (-50)*x2*x3*x6 + (-50)*x2*x3*x5 + (-24)*x2*x3*x4 + (-195/2)*x2*x3^2 + (37)*x2^2*x6 + (50)*x2^2*x5 + (37)*x2^2*x4 + (-195/2)*x2^2*x3 + (65)*x2^3 + (-13)*x1*x6^2 + (-34)*x1*x5*x6 + (-13)*x1*x5^2 + (17)*x1*x4*x6 + (17)*x1*x4*x5 + (26)*x1*x4^2 + (-50)*x1*x3*x6 + (-24)*x1*x3*x5 + (-50)*x1*x3*x4 + (-195/2)*x1*x3^2 + (-24)*x1*x2*x6 + (-50)*x1*x2*x5 + (-50)*x1*x2*x4 + (390)*x1*x2*x3 + (-195/2)*x1*x2^2 + (37)*x1^2*x6 + (37)*x1^2*x5 + (50)*x1^2*x4 + (-195/2)*x1^2*x3 + (-195/2)*x1^2*x2 + (65)*x1^3",
isDirectKnownCase := false,
linearGId := [ 144, 69 ],
projectiveGId := [ 48, 4 ],
proofType := "an exact common singular point was found for the invariant basis",
status := "singular",
symplecticPart := "S3",
testedCoefficientCandidates := [ [ 2, 5, 10, 17, 26, 37, 50, 65 ], [ 1, 1, 1, 1, 1, 1, 1, 1 ], [ 1, 2, 3, 4, 5, 6, 7, 8 ], [ 1, -2, 3, -4, 5, -6, 7, -8 ], [ 1, 0, 0, -1, 0, 0, 0, 3 ], [ 1, 0, 0, 0, 0, 0, 0, 0 ], [ 0, 1, 0, 0, 0, 0, 0, 0 ], [ 0, 0, 1, 0, 0, 0, 0, 0 ], [ 0, 0, 0, 1, 0, 0, 0, 0 ], [ 0, 0, 0, 0, 1, 0, 0, 0 ], [ 0, 0, 0, 0, 0, 1, 0, 0 ], [ 0, 0, 0, 0, 0, 0, 1, 0 ], [ 0, 0, 0, 0, 0, 0, 0, 1 ], [ 1, 1, 0, 0, 0, 0, 0, 0 ], [ 1, -1, 0, 0, 0, 0, 0, 0 ], [ 1, 0, 1, 0, 0, 0, 0, 0 ], [ 1, 0, -1, 0, 0, 0, 0, 0 ], [ 1, 0, 0, 1, 0, 0, 0, 0 ], [ 1, 0, 0, -1, 0, 0, 0, 0 ], [ 1, 0, 0, 0, 1, 0, 0, 0 ], [ 1, 0, 0, 0, -1, 0, 0, 0 ], [ 1, 0, 0, 0, 0, 1, 0, 0 ], [ 1, 0, 0, 0, 0, -1, 0, 0 ], [ 1, 0, 0, 0, 0, 0, 1, 0 ], [ 1, 0, 0, 0, 0, 0, -1, 0 ], [ 1, 0, 0, 0, 0, 0, 0, 1 ], [ 1, 0, 0, 0, 0, 0, 0, -1 ], [ 0, 1, 1, 0, 0, 0, 0, 0 ], [ 0, 1, -1, 0, 0, 0, 0, 0 ], [ 0, 1, 0, 1, 0, 0, 0, 0 ], [ 0, 1, 0, -1, 0, 0, 0, 0 ], [ 0, 1, 0, 0, 1, 0, 0, 0 ] ] ), rec(
candidateNumber := 130,
centralizerDimension := 4,
commonPointChecks := 97,
commonSingularPoint := [ 1, 1, 1, 0, 0, 0 ],
componentIndex := 1,
componentLabel := "Koike (3.6), generic index 1",
cubicInvariantDimension := 4,
determinantImageOrder := 12,
familyDimension := 0,
familyIndexWithinCase := 1,
genericIndex := 1,
guessedCoefficients := [ 2, 5, 10, 17 ],
guessedMemberTest := rec(
coefficientCandidates := [ [ 2, 5, 10, 17 ], [ 1, 1, 1, 1 ], [ 1, 2, 3, 4 ], [ 1, -2, 3, -4 ], [ 1, -1, 0, 3 ], [ 1, 0, 0, 0 ], [ 0, 1, 0, 0 ], [ 0, 0, 1, 0 ], [ 0, 0, 0, 1 ], [ 1, 1, 0, 0 ], [ 1, -1, 0, 0 ], [ 1, 0, 1, 0 ], [ 1, 0, -1, 0 ], [ 1, 0, 0, 1 ], [ 1, 0, 0, -1 ], [ 0, 1, 1, 0 ], [ 0, 1, -1, 0 ], [ 0, 1, 0, 1 ], [ 0, 1, 0, -1 ], [ 0, 0, 1, 1 ], [ 0, 0, 1, -1 ], [ -6, 10, 6, -11 ], [ -10, 10, 9, 1 ], [ -5, -2, -3, -10 ], [ -9, -7, 3, 10 ], [ -1, -3, -2, -5 ], [ -1, -5, 11, 6 ], [ 1, -7, 7, 9 ], [ -2, 4, 1, -7 ], [ -9, -7, 3, -5 ], [ 1, -1, -6, -2 ], [ -9, 6, -1, 9 ] ],
coefficientFieldConductor := 1,
exactTrials := [ rec(
coefficients := [ 2, 5, 10, 17 ],
trial := rec(
coefficientFieldConductor := 1,
exitCode := 0,
singularChart := 1,
singularOutput := "CF_EXACT_SINGULAR_CHART_1\nCF_EXACT_SINGULAR\nCF_SCRIPT_COMPLETED_OK\n",
status := "exact_singular" ) ), rec(
coefficients := [ 1, 1, 1, 1 ],
trial := rec(
coefficientFieldConductor := 1,
exitCode := 0,
singularChart := 1,
singularOutput := "CF_EXACT_SINGULAR_CHART_1\nCF_EXACT_SINGULAR\nCF_SCRIPT_COMPLETED_OK\n",
status := "exact_singular" ) ), rec(
coefficients := [ 1, 2, 3, 4 ],
trial := rec(
coefficientFieldConductor := 1,
exitCode := 0,
singularChart := 1,
singularOutput := "CF_EXACT_SINGULAR_CHART_1\nCF_EXACT_SINGULAR\nCF_SCRIPT_COMPLETED_OK\n",
status := "exact_singular" ) ), rec(
coefficients := [ 1, -2, 3, -4 ],
trial := rec(
coefficientFieldConductor := 1,
exitCode := 0,
singularChart := 1,
singularOutput := "CF_EXACT_SINGULAR_CHART_1\nCF_EXACT_SINGULAR\nCF_SCRIPT_COMPLETED_OK\n",
status := "exact_singular" ) ), rec(
coefficients := [ 1, -1, 0, 3 ],
trial := rec(
coefficientFieldConductor := 1,
exitCode := 0,
singularChart := 1,
singularOutput := "CF_EXACT_SINGULAR_CHART_1\nCF_EXACT_SINGULAR\nCF_SCRIPT_COMPLETED_OK\n",
status := "exact_singular" ) ), rec(
coefficients := [ 1, 0, 0, 0 ],
trial := rec(
coefficientFieldConductor := 1,
exitCode := 0,
singularChart := 1,
singularOutput := "CF_EXACT_SINGULAR_CHART_1\nCF_EXACT_SINGULAR\nCF_SCRIPT_COMPLETED_OK\n",
status := "exact_singular" ) ) ],
finiteFieldTrials := [ rec(
exitCode := 0,
numberOfMembersTested := 31,
prime := 5,
singularOutput := "CF_SINGULAR_MEMBER_1_END\nCF_SINGULAR_MEMBER_2_END\nCF_SINGULAR_MEMBER_3_END\nCF_SINGULAR_MEMBER_4_END\nCF_SINGULAR_MEMBER_5_END\nCF_SINGULAR_MEMBER_6_END\nCF_SINGULAR_MEMBER_7_END\nCF_SINGULAR_MEMBER_8_END\nCF_SINGULAR_MEMBER_9_END\nCF_SINGULAR_MEMBER_10_END\nCF_SINGULAR_MEMBER_11_END\nCF_SINGULAR_MEMBER_12_END\nCF_SINGULAR_MEMBER_13_END\nCF_SINGULAR_MEMBER_14_END\nCF_SINGULAR_MEMBER_15_END\nCF_SINGULAR_MEMBER_16_END\nCF_SINGULAR_MEMBER_17_END\nCF_SINGULAR_MEMBER_18_END\nCF_SINGULAR_MEMBER_19_END\nCF_SINGULAR_MEMBER_20_END\nCF_SINGULAR_MEMBER_21_END\nCF_SINGULAR_MEMBER_22_END\nCF_SINGULAR_MEMBER_23_END\nCF_SINGULAR_MEMBER_24_END\nCF_SINGULAR_MEMBER_25_END\nCF_SINGULAR_MEMBER_26_END\nCF_SINGULAR_MEMBER_27_END\nCF_SINGULAR_MEMBER_28_END\nCF_SINGULAR_MEMBER_29_END\nCF_SINGULAR_MEMBER_30_END\nCF_SINGULAR_MEMBER_31_END\nCF_NO_SMOOTH_MEMBER\nCF_SCRIPT_COMPLETED_OK\n",
status := "no_smooth_in_batch",
witnessIndex := fail,
witnessVerificationPassed := false ), rec(
exitCode := 0,
numberOfMembersTested := 32,
prime := 7,
singularOutput := "CF_SINGULAR_MEMBER_1_END\nCF_SINGULAR_MEMBER_2_END\nCF_SINGULAR_MEMBER_3_END\nCF_SINGULAR_MEMBER_4_END\nCF_SINGULAR_MEMBER_5_END\nCF_SINGULAR_MEMBER_6_END\nCF_SINGULAR_MEMBER_7_END\nCF_SINGULAR_MEMBER_8_END\nCF_SINGULAR_MEMBER_9_END\nCF_SINGULAR_MEMBER_10_END\nCF_SINGULAR_MEMBER_11_END\nCF_SINGULAR_MEMBER_12_END\nCF_SINGULAR_MEMBER_13_END\nCF_SINGULAR_MEMBER_14_END\nCF_SINGULAR_MEMBER_15_END\nCF_SINGULAR_MEMBER_16_END\nCF_SINGULAR_MEMBER_17_END\nCF_SINGULAR_MEMBER_18_END\nCF_SINGULAR_MEMBER_19_END\nCF_SINGULAR_MEMBER_20_END\nCF_SINGULAR_MEMBER_21_END\nCF_SINGULAR_MEMBER_22_END\nCF_SINGULAR_MEMBER_23_END\nCF_SINGULAR_MEMBER_24_END\nCF_SINGULAR_MEMBER_25_END\nCF_SINGULAR_MEMBER_26_END\nCF_SINGULAR_MEMBER_27_END\nCF_SINGULAR_MEMBER_28_END\nCF_SINGULAR_MEMBER_29_END\nCF_SINGULAR_MEMBER_30_END\nCF_SINGULAR_MEMBER_31_END\nCF_SINGULAR_MEMBER_32_END\nCF_NO_SMOOTH_MEMBER\nCF_SCRIPT_COMPLETED_OK\n",
status := "no_smooth_in_batch",
witnessIndex := fail,
witnessVerificationPassed := false ), rec(
exitCode := 0,
numberOfMembersTested := 32,
prime := 11,
singularOutput := "CF_SINGULAR_MEMBER_1_END\nCF_SINGULAR_MEMBER_2_END\nCF_SINGULAR_MEMBER_3_END\nCF_SINGULAR_MEMBER_4_END\nCF_SINGULAR_MEMBER_5_END\nCF_SINGULAR_MEMBER_6_END\nCF_SINGULAR_MEMBER_7_END\nCF_SINGULAR_MEMBER_8_END\nCF_SINGULAR_MEMBER_9_END\nCF_SINGULAR_MEMBER_10_END\nCF_SINGULAR_MEMBER_11_END\nCF_SINGULAR_MEMBER_12_END\nCF_SINGULAR_MEMBER_13_END\nCF_SINGULAR_MEMBER_14_END\nCF_SINGULAR_MEMBER_15_END\nCF_SINGULAR_MEMBER_16_END\nCF_SINGULAR_MEMBER_17_END\nCF_SINGULAR_MEMBER_18_END\nCF_SINGULAR_MEMBER_19_END\nCF_SINGULAR_MEMBER_20_END\nCF_SINGULAR_MEMBER_21_END\nCF_SINGULAR_MEMBER_22_END\nCF_SINGULAR_MEMBER_23_END\nCF_SINGULAR_MEMBER_24_END\nCF_SINGULAR_MEMBER_25_END\nCF_SINGULAR_MEMBER_26_END\nCF_SINGULAR_MEMBER_27_END\nCF_SINGULAR_MEMBER_28_END\nCF_SINGULAR_MEMBER_29_END\nCF_SINGULAR_MEMBER_30_END\nCF_SINGULAR_MEMBER_31_END\nCF_SINGULAR_MEMBER_32_END\nCF_NO_SMOOTH_MEMBER\nCF_SCRIPT_COMPLETED_OK\n",
status := "no_smooth_in_batch",
witnessIndex := fail,
witnessVerificationPassed := false ) ],
method := "deterministic coefficient batch",
status := "no_smooth_witness" ),
guessedPolynomial := "(5)*x6^3 + (2)*x5*x6^2 + (2)*x5^2*x6 + (5)*x5^3 + (2)*x4*x6^2 + (-519)*x4*x5*x6 + (2)*x4*x5^2 + (2)*x4^2*x6 + (2)*x4^2*x5 + (5)*x4^3 + (-71)*x3*x6^2 + (-112)*x3*x5*x6 + (71/2)*x3*x5^2 + (-112)*x3*x4*x6 + (224)*x3*x4*x5 + (71/2)*x3*x4^2 + (10)*x3^2*x6 + (173/2)*x3^2*x5 + (173/2)*x3^2*x4 + (17)*x3^3 + (71/2)*x2*x6^2 + (-112)*x2*x5*x6 + (-71)*x2*x5^2 + (224)*x2*x4*x6 + (-112)*x2*x4*x5 + (71/2)*x2*x4^2 + (-10)*x2*x3*x6 + (-10)*x2*x3*x5 + (-163)*x2*x3*x4 + (-51/2)*x2*x3^2 + (173/2)*x2^2*x6 + (10)*x2^2*x5 + (173/2)*x2^2*x4 + (-51/2)*x2^2*x3 + (17)*x2^3 + (71/2)*x1*x6^2 + (224)*x1*x5*x6 + (71/2)*x1*x5^2 + (-112)*x1*x4*x6 + (-112)*x1*x4*x5 + (-71)*x1*x4^2 + (-10)*x1*x3*x6 + (-163)*x1*x3*x5 + (-10)*x1*x3*x4 + (-51/2)*x1*x3^2 + (-163)*x1*x2*x6 + (-10)*x1*x2*x5 + (-10)*x1*x2*x4 + (102)*x1*x2*x3 + (-51/2)*x1*x2^2 + (173/2)*x1^2*x6 + (173/2)*x1^2*x5 + (10)*x1^2*x4 + (-51/2)*x1^2*x3 + (-51/2)*x1^2*x2 + (17)*x1^3",
isDirectKnownCase := false,
linearGId := [ 216, 136 ],
projectiveGId := [ 72, 27 ],
proofType := "an exact common singular point was found for the invariant basis",
status := "singular",
symplecticPart := "S3",
testedCoefficientCandidates := [ [ 2, 5, 10, 17 ], [ 1, 1, 1, 1 ], [ 1, 2, 3, 4 ], [ 1, -2, 3, -4 ], [ 1, -1, 0, 3 ], [ 1, 0, 0, 0 ], [ 0, 1, 0, 0 ], [ 0, 0, 1, 0 ], [ 0, 0, 0, 1 ], [ 1, 1, 0, 0 ], [ 1, -1, 0, 0 ], [ 1, 0, 1, 0 ], [ 1, 0, -1, 0 ], [ 1, 0, 0, 1 ], [ 1, 0, 0, -1 ], [ 0, 1, 1, 0 ], [ 0, 1, -1, 0 ], [ 0, 1, 0, 1 ], [ 0, 1, 0, -1 ], [ 0, 0, 1, 1 ], [ 0, 0, 1, -1 ], [ -6, 10, 6, -11 ], [ -10, 10, 9, 1 ], [ -5, -2, -3, -10 ], [ -9, -7, 3, 10 ], [ -1, -3, -2, -5 ], [ -1, -5, 11, 6 ], [ 1, -7, 7, 9 ], [ -2, 4, 1, -7 ], [ -9, -7, 3, -5 ], [ 1, -1, -6, -2 ], [ -9, 6, -1, 9 ] ] ), rec(
candidateNumber := 131,
centralizerDimension := 4,
commonPointChecks := 8,
commonSingularPoint := [ 1, -1, 0, 0, 0, 0 ],
componentIndex := 1,
componentLabel := "Koike (3.6), generic index 1",
cubicInvariantDimension := 4,
determinantImageOrder := 12,
familyDimension := 0,
familyIndexWithinCase := 2,
genericIndex := 1,
guessedCoefficients := [ 2, 5, 10, 17 ],
guessedMemberTest := rec(
coefficientCandidates := [ [ 2, 5, 10, 17 ], [ 1, 1, 1, 1 ], [ 1, 2, 3, 4 ], [ 1, -2, 3, -4 ], [ 1, -1, 0, 3 ], [ 1, 0, 0, 0 ], [ 0, 1, 0, 0 ], [ 0, 0, 1, 0 ], [ 0, 0, 0, 1 ], [ 1, 1, 0, 0 ], [ 1, -1, 0, 0 ], [ 1, 0, 1, 0 ], [ 1, 0, -1, 0 ], [ 1, 0, 0, 1 ], [ 1, 0, 0, -1 ], [ 0, 1, 1, 0 ], [ 0, 1, -1, 0 ], [ 0, 1, 0, 1 ], [ 0, 1, 0, -1 ], [ 0, 0, 1, 1 ], [ 0, 0, 1, -1 ], [ -6, 10, 6, -11 ], [ -10, 10, 9, 1 ], [ -5, -2, -3, -10 ], [ -9, -7, 3, 10 ], [ -1, -3, -2, -5 ], [ -1, -5, 11, 6 ], [ 1, -7, 7, 9 ], [ -2, 4, 1, -7 ], [ -9, -7, 3, -5 ], [ 1, -1, -6, -2 ], [ -9, 6, -1, 9 ] ],
coefficientFieldConductor := 1,
exactTrials := [ rec(
coefficients := [ 2, 5, 10, 17 ],
trial := rec(
coefficientFieldConductor := 1,
exitCode := 0,
singularChart := 1,
singularOutput := "CF_EXACT_SINGULAR_CHART_1\nCF_EXACT_SINGULAR\nCF_SCRIPT_COMPLETED_OK\n",
status := "exact_singular" ) ), rec(
coefficients := [ 1, 1, 1, 1 ],
trial := rec(
coefficientFieldConductor := 1,
exitCode := 0,
singularChart := 1,
singularOutput := "CF_EXACT_SINGULAR_CHART_1\nCF_EXACT_SINGULAR\nCF_SCRIPT_COMPLETED_OK\n",
status := "exact_singular" ) ), rec(
coefficients := [ 1, 2, 3, 4 ],
trial := rec(
coefficientFieldConductor := 1,
exitCode := 0,
singularChart := 1,
singularOutput := "CF_EXACT_SINGULAR_CHART_1\nCF_EXACT_SINGULAR\nCF_SCRIPT_COMPLETED_OK\n",
status := "exact_singular" ) ), rec(
coefficients := [ 1, -2, 3, -4 ],
trial := rec(
coefficientFieldConductor := 1,
exitCode := 0,
singularChart := 1,
singularOutput := "CF_EXACT_SINGULAR_CHART_1\nCF_EXACT_SINGULAR\nCF_SCRIPT_COMPLETED_OK\n",
status := "exact_singular" ) ), rec(
coefficients := [ 1, -1, 0, 3 ],
trial := rec(
coefficientFieldConductor := 1,
exitCode := 0,
singularChart := 1,
singularOutput := "CF_EXACT_SINGULAR_CHART_1\nCF_EXACT_SINGULAR\nCF_SCRIPT_COMPLETED_OK\n",
status := "exact_singular" ) ), rec(
coefficients := [ 1, 0, 0, 0 ],
trial := rec(
coefficientFieldConductor := 1,
exitCode := 0,
singularChart := 1,
singularOutput := "CF_EXACT_SINGULAR_CHART_1\nCF_EXACT_SINGULAR\nCF_SCRIPT_COMPLETED_OK\n",
status := "exact_singular" ) ) ],
finiteFieldTrials := [ rec(
exitCode := 0,
numberOfMembersTested := 31,
prime := 5,
singularOutput := "CF_SINGULAR_MEMBER_1_END\nCF_SINGULAR_MEMBER_2_END\nCF_SINGULAR_MEMBER_3_END\nCF_SINGULAR_MEMBER_4_END\nCF_SINGULAR_MEMBER_5_END\nCF_SINGULAR_MEMBER_6_END\nCF_SINGULAR_MEMBER_7_END\nCF_SINGULAR_MEMBER_8_END\nCF_SINGULAR_MEMBER_9_END\nCF_SINGULAR_MEMBER_10_END\nCF_SINGULAR_MEMBER_11_END\nCF_SINGULAR_MEMBER_12_END\nCF_SINGULAR_MEMBER_13_END\nCF_SINGULAR_MEMBER_14_END\nCF_SINGULAR_MEMBER_15_END\nCF_SINGULAR_MEMBER_16_END\nCF_SINGULAR_MEMBER_17_END\nCF_SINGULAR_MEMBER_18_END\nCF_SINGULAR_MEMBER_19_END\nCF_SINGULAR_MEMBER_20_END\nCF_SINGULAR_MEMBER_21_END\nCF_SINGULAR_MEMBER_22_END\nCF_SINGULAR_MEMBER_23_END\nCF_SINGULAR_MEMBER_24_END\nCF_SINGULAR_MEMBER_25_END\nCF_SINGULAR_MEMBER_26_END\nCF_SINGULAR_MEMBER_27_END\nCF_SINGULAR_MEMBER_28_END\nCF_SINGULAR_MEMBER_29_END\nCF_SINGULAR_MEMBER_30_END\nCF_SINGULAR_MEMBER_31_END\nCF_NO_SMOOTH_MEMBER\nCF_SCRIPT_COMPLETED_OK\n",
status := "no_smooth_in_batch",
witnessIndex := fail,
witnessVerificationPassed := false ), rec(
exitCode := 0,
numberOfMembersTested := 32,
prime := 7,
singularOutput := "CF_SINGULAR_MEMBER_1_END\nCF_SINGULAR_MEMBER_2_END\nCF_SINGULAR_MEMBER_3_END\nCF_SINGULAR_MEMBER_4_END\nCF_SINGULAR_MEMBER_5_END\nCF_SINGULAR_MEMBER_6_END\nCF_SINGULAR_MEMBER_7_END\nCF_SINGULAR_MEMBER_8_END\nCF_SINGULAR_MEMBER_9_END\nCF_SINGULAR_MEMBER_10_END\nCF_SINGULAR_MEMBER_11_END\nCF_SINGULAR_MEMBER_12_END\nCF_SINGULAR_MEMBER_13_END\nCF_SINGULAR_MEMBER_14_END\nCF_SINGULAR_MEMBER_15_END\nCF_SINGULAR_MEMBER_16_END\nCF_SINGULAR_MEMBER_17_END\nCF_SINGULAR_MEMBER_18_END\nCF_SINGULAR_MEMBER_19_END\nCF_SINGULAR_MEMBER_20_END\nCF_SINGULAR_MEMBER_21_END\nCF_SINGULAR_MEMBER_22_END\nCF_SINGULAR_MEMBER_23_END\nCF_SINGULAR_MEMBER_24_END\nCF_SINGULAR_MEMBER_25_END\nCF_SINGULAR_MEMBER_26_END\nCF_SINGULAR_MEMBER_27_END\nCF_SINGULAR_MEMBER_28_END\nCF_SINGULAR_MEMBER_29_END\nCF_SINGULAR_MEMBER_30_END\nCF_SINGULAR_MEMBER_31_END\nCF_SINGULAR_MEMBER_32_END\nCF_NO_SMOOTH_MEMBER\nCF_SCRIPT_COMPLETED_OK\n",
status := "no_smooth_in_batch",
witnessIndex := fail,
witnessVerificationPassed := false ), rec(
exitCode := 0,
numberOfMembersTested := 32,
prime := 11,
singularOutput := "CF_SINGULAR_MEMBER_1_END\nCF_SINGULAR_MEMBER_2_END\nCF_SINGULAR_MEMBER_3_END\nCF_SINGULAR_MEMBER_4_END\nCF_SINGULAR_MEMBER_5_END\nCF_SINGULAR_MEMBER_6_END\nCF_SINGULAR_MEMBER_7_END\nCF_SINGULAR_MEMBER_8_END\nCF_SINGULAR_MEMBER_9_END\nCF_SINGULAR_MEMBER_10_END\nCF_SINGULAR_MEMBER_11_END\nCF_SINGULAR_MEMBER_12_END\nCF_SINGULAR_MEMBER_13_END\nCF_SINGULAR_MEMBER_14_END\nCF_SINGULAR_MEMBER_15_END\nCF_SINGULAR_MEMBER_16_END\nCF_SINGULAR_MEMBER_17_END\nCF_SINGULAR_MEMBER_18_END\nCF_SINGULAR_MEMBER_19_END\nCF_SINGULAR_MEMBER_20_END\nCF_SINGULAR_MEMBER_21_END\nCF_SINGULAR_MEMBER_22_END\nCF_SINGULAR_MEMBER_23_END\nCF_SINGULAR_MEMBER_24_END\nCF_SINGULAR_MEMBER_25_END\nCF_SINGULAR_MEMBER_26_END\nCF_SINGULAR_MEMBER_27_END\nCF_SINGULAR_MEMBER_28_END\nCF_SINGULAR_MEMBER_29_END\nCF_SINGULAR_MEMBER_30_END\nCF_SINGULAR_MEMBER_31_END\nCF_SINGULAR_MEMBER_32_END\nCF_NO_SMOOTH_MEMBER\nCF_SCRIPT_COMPLETED_OK\n",
status := "no_smooth_in_batch",
witnessIndex := fail,
witnessVerificationPassed := false ) ],
method := "deterministic coefficient batch",
status := "no_smooth_witness" ),
guessedPolynomial := "(10)*x6^3 + (5)*x5*x6^2 + (5)*x5^2*x6 + (10)*x5^3 + (5)*x4*x6^2 + (2)*x4*x5*x6 + (5)*x4*x5^2 + (5)*x4^2*x6 + (5)*x4^2*x5 + (10)*x4^3 + (-34)*x3*x6^2 + (17/2)*x3*x5*x6 + (-17/2)*x3*x5^2 + (17/2)*x3*x4*x6 + (34)*x3*x4*x5 + (-17/2)*x3*x4^2 + (17)*x3^2*x6 + (-17/2)*x3^2*x5 + (-17/2)*x3^2*x4 + (-17/2)*x2*x6^2 + (17/2)*x2*x5*x6 + (-34)*x2*x5^2 + (34)*x2*x4*x6 + (17/2)*x2*x4*x5 + (-17/2)*x2*x4^2 + (17/2)*x2*x3*x6 + (17/2)*x2*x3*x5 + (-17)*x2*x3*x4 + (-17/2)*x2^2*x6 + (17)*x2^2*x5 + (-17/2)*x2^2*x4 + (-17/2)*x1*x6^2 + (34)*x1*x5*x6 + (-17/2)*x1*x5^2 + (17/2)*x1*x4*x6 + (17/2)*x1*x4*x5 + (-34)*x1*x4^2 + (17/2)*x1*x3*x6 + (-17)*x1*x3*x5 + (17/2)*x1*x3*x4 + (-17)*x1*x2*x6 + (17/2)*x1*x2*x5 + (17/2)*x1*x2*x4 + (-17/2)*x1^2*x6 + (-17/2)*x1^2*x5 + (17)*x1^2*x4",
isDirectKnownCase := false,
linearGId := [ 216, 136 ],
projectiveGId := [ 72, 27 ],
proofType := "an exact common singular point was found for the invariant basis",
status := "singular",
symplecticPart := "S3",
testedCoefficientCandidates := [ [ 2, 5, 10, 17 ], [ 1, 1, 1, 1 ], [ 1, 2, 3, 4 ], [ 1, -2, 3, -4 ], [ 1, -1, 0, 3 ], [ 1, 0, 0, 0 ], [ 0, 1, 0, 0 ], [ 0, 0, 1, 0 ], [ 0, 0, 0, 1 ], [ 1, 1, 0, 0 ], [ 1, -1, 0, 0 ], [ 1, 0, 1, 0 ], [ 1, 0, -1, 0 ], [ 1, 0, 0, 1 ], [ 1, 0, 0, -1 ], [ 0, 1, 1, 0 ], [ 0, 1, -1, 0 ], [ 0, 1, 0, 1 ], [ 0, 1, 0, -1 ], [ 0, 0, 1, 1 ], [ 0, 0, 1, -1 ], [ -6, 10, 6, -11 ], [ -10, 10, 9, 1 ], [ -5, -2, -3, -10 ], [ -9, -7, 3, 10 ], [ -1, -3, -2, -5 ], [ -1, -5, 11, 6 ], [ 1, -7, 7, 9 ], [ -2, 4, 1, -7 ], [ -9, -7, 3, -5 ], [ 1, -1, -6, -2 ], [ -9, 6, -1, 9 ] ] ), rec(
candidateNumber := 132,
centralizerDimension := 4,
commonPointChecks := 97,
commonSingularPoint := [ 1, 1, 1, 0, 0, 0 ],
componentIndex := 1,
componentLabel := "Koike (3.6), generic index 1",
cubicInvariantDimension := 5,
determinantImageOrder := 12,
familyDimension := 1,
familyIndexWithinCase := 3,
genericIndex := 1,
guessedCoefficients := [ 2, 5, 10, 17, 26 ],
guessedMemberTest := rec(
coefficientCandidates := [ [ 2, 5, 10, 17, 26 ], [ 1, 1, 1, 1, 1 ], [ 1, 2, 3, 4, 5 ], [ 1, -2, 3, -4, 5 ], [ 1, 0, -1, 0, 3 ], [ 1, 0, 0, 0, 0 ], [ 0, 1, 0, 0, 0 ], [ 0, 0, 1, 0, 0 ], [ 0, 0, 0, 1, 0 ], [ 0, 0, 0, 0, 1 ], [ 1, 1, 0, 0, 0 ], [ 1, -1, 0, 0, 0 ], [ 1, 0, 1, 0, 0 ], [ 1, 0, -1, 0, 0 ], [ 1, 0, 0, 1, 0 ], [ 1, 0, 0, -1, 0 ], [ 1, 0, 0, 0, 1 ], [ 1, 0, 0, 0, -1 ], [ 0, 1, 1, 0, 0 ], [ 0, 1, -1, 0, 0 ], [ 0, 1, 0, 1, 0 ], [ 0, 1, 0, -1, 0 ], [ 0, 1, 0, 0, 1 ], [ 0, 1, 0, 0, -1 ], [ 0, 0, 1, 1, 0 ], [ 0, 0, 1, -1, 0 ], [ 0, 0, 1, 0, 1 ], [ 0, 0, 1, 0, -1 ], [ 0, 0, 0, 1, 1 ], [ 0, 0, 0, 1, -1 ], [ 8, -7, -8, -6, 8 ], [ 5, -1, -5, 4, -3 ] ],
coefficientFieldConductor := 1,
exactTrials := [ rec(
coefficients := [ 2, 5, 10, 17, 26 ],
trial := rec(
coefficientFieldConductor := 1,
exitCode := 0,
singularChart := 1,
singularOutput := "CF_EXACT_SINGULAR_CHART_1\nCF_EXACT_SINGULAR\nCF_SCRIPT_COMPLETED_OK\n",
status := "exact_singular" ) ), rec(
coefficients := [ 1, 1, 1, 1, 1 ],
trial := rec(
coefficientFieldConductor := 1,
exitCode := 0,
singularChart := 1,
singularOutput := "CF_EXACT_SINGULAR_CHART_1\nCF_EXACT_SINGULAR\nCF_SCRIPT_COMPLETED_OK\n",
status := "exact_singular" ) ), rec(
coefficients := [ 1, 2, 3, 4, 5 ],
trial := rec(
coefficientFieldConductor := 1,
exitCode := 0,
singularChart := 1,
singularOutput := "CF_EXACT_SINGULAR_CHART_1\nCF_EXACT_SINGULAR\nCF_SCRIPT_COMPLETED_OK\n",
status := "exact_singular" ) ), rec(
coefficients := [ 1, -2, 3, -4, 5 ],
trial := rec(
coefficientFieldConductor := 1,
exitCode := 0,
singularChart := 1,
singularOutput := "CF_EXACT_SINGULAR_CHART_1\nCF_EXACT_SINGULAR\nCF_SCRIPT_COMPLETED_OK\n",
status := "exact_singular" ) ), rec(
coefficients := [ 1, 0, -1, 0, 3 ],
trial := rec(
coefficientFieldConductor := 1,
exitCode := 0,
singularChart := 1,
singularOutput := "CF_EXACT_SINGULAR_CHART_1\nCF_EXACT_SINGULAR\nCF_SCRIPT_COMPLETED_OK\n",
status := "exact_singular" ) ), rec(
coefficients := [ 1, 0, 0, 0, 0 ],
trial := rec(
coefficientFieldConductor := 1,
exitCode := 0,
singularChart := 1,
singularOutput := "CF_EXACT_SINGULAR_CHART_1\nCF_EXACT_SINGULAR\nCF_SCRIPT_COMPLETED_OK\n",
status := "exact_singular" ) ) ],
finiteFieldTrials := [ rec(
exitCode := 0,
numberOfMembersTested := 32,
prime := 5,
singularOutput := "CF_SINGULAR_MEMBER_1_END\nCF_SINGULAR_MEMBER_2_END\nCF_SINGULAR_MEMBER_3_END\nCF_SINGULAR_MEMBER_4_END\nCF_SINGULAR_MEMBER_5_END\nCF_SINGULAR_MEMBER_6_END\nCF_SINGULAR_MEMBER_7_END\nCF_SINGULAR_MEMBER_8_END\nCF_SINGULAR_MEMBER_9_END\nCF_SINGULAR_MEMBER_10_END\nCF_SINGULAR_MEMBER_11_END\nCF_SINGULAR_MEMBER_12_END\nCF_SINGULAR_MEMBER_13_END\nCF_SINGULAR_MEMBER_14_END\nCF_SINGULAR_MEMBER_15_END\nCF_SINGULAR_MEMBER_16_END\nCF_SINGULAR_MEMBER_17_END\nCF_SINGULAR_MEMBER_18_END\nCF_SINGULAR_MEMBER_19_END\nCF_SINGULAR_MEMBER_20_END\nCF_SINGULAR_MEMBER_21_END\nCF_SINGULAR_MEMBER_22_END\nCF_SINGULAR_MEMBER_23_END\nCF_SINGULAR_MEMBER_24_END\nCF_SINGULAR_MEMBER_25_END\nCF_SINGULAR_MEMBER_26_END\nCF_SINGULAR_MEMBER_27_END\nCF_SINGULAR_MEMBER_28_END\nCF_SINGULAR_MEMBER_29_END\nCF_SINGULAR_MEMBER_30_END\nCF_SINGULAR_MEMBER_31_END\nCF_SINGULAR_MEMBER_32_END\nCF_NO_SMOOTH_MEMBER\nCF_SCRIPT_COMPLETED_OK\n",
status := "no_smooth_in_batch",
witnessIndex := fail,
witnessVerificationPassed := false ), rec(
exitCode := 0,
numberOfMembersTested := 32,
prime := 7,
singularOutput := "CF_SINGULAR_MEMBER_1_END\nCF_SINGULAR_MEMBER_2_END\nCF_SINGULAR_MEMBER_3_END\nCF_SINGULAR_MEMBER_4_END\nCF_SINGULAR_MEMBER_5_END\nCF_SINGULAR_MEMBER_6_END\nCF_SINGULAR_MEMBER_7_END\nCF_SINGULAR_MEMBER_8_END\nCF_SINGULAR_MEMBER_9_END\nCF_SINGULAR_MEMBER_10_END\nCF_SINGULAR_MEMBER_11_END\nCF_SINGULAR_MEMBER_12_END\nCF_SINGULAR_MEMBER_13_END\nCF_SINGULAR_MEMBER_14_END\nCF_SINGULAR_MEMBER_15_END\nCF_SINGULAR_MEMBER_16_END\nCF_SINGULAR_MEMBER_17_END\nCF_SINGULAR_MEMBER_18_END\nCF_SINGULAR_MEMBER_19_END\nCF_SINGULAR_MEMBER_20_END\nCF_SINGULAR_MEMBER_21_END\nCF_SINGULAR_MEMBER_22_END\nCF_SINGULAR_MEMBER_23_END\nCF_SINGULAR_MEMBER_24_END\nCF_SINGULAR_MEMBER_25_END\nCF_SINGULAR_MEMBER_26_END\nCF_SINGULAR_MEMBER_27_END\nCF_SINGULAR_MEMBER_28_END\nCF_SINGULAR_MEMBER_29_END\nCF_SINGULAR_MEMBER_30_END\nCF_SINGULAR_MEMBER_31_END\nCF_SINGULAR_MEMBER_32_END\nCF_NO_SMOOTH_MEMBER\nCF_SCRIPT_COMPLETED_OK\n",
status := "no_smooth_in_batch",
witnessIndex := fail,
witnessVerificationPassed := false ), rec(
exitCode := 0,
numberOfMembersTested := 32,
prime := 11,
singularOutput := "CF_SINGULAR_MEMBER_1_END\nCF_SINGULAR_MEMBER_2_END\nCF_SINGULAR_MEMBER_3_END\nCF_SINGULAR_MEMBER_4_END\nCF_SINGULAR_MEMBER_5_END\nCF_SINGULAR_MEMBER_6_END\nCF_SINGULAR_MEMBER_7_END\nCF_SINGULAR_MEMBER_8_END\nCF_SINGULAR_MEMBER_9_END\nCF_SINGULAR_MEMBER_10_END\nCF_SINGULAR_MEMBER_11_END\nCF_SINGULAR_MEMBER_12_END\nCF_SINGULAR_MEMBER_13_END\nCF_SINGULAR_MEMBER_14_END\nCF_SINGULAR_MEMBER_15_END\nCF_SINGULAR_MEMBER_16_END\nCF_SINGULAR_MEMBER_17_END\nCF_SINGULAR_MEMBER_18_END\nCF_SINGULAR_MEMBER_19_END\nCF_SINGULAR_MEMBER_20_END\nCF_SINGULAR_MEMBER_21_END\nCF_SINGULAR_MEMBER_22_END\nCF_SINGULAR_MEMBER_23_END\nCF_SINGULAR_MEMBER_24_END\nCF_SINGULAR_MEMBER_25_END\nCF_SINGULAR_MEMBER_26_END\nCF_SINGULAR_MEMBER_27_END\nCF_SINGULAR_MEMBER_28_END\nCF_SINGULAR_MEMBER_29_END\nCF_SINGULAR_MEMBER_30_END\nCF_SINGULAR_MEMBER_31_END\nCF_SINGULAR_MEMBER_32_END\nCF_NO_SMOOTH_MEMBER\nCF_SCRIPT_COMPLETED_OK\n",
status := "no_smooth_in_batch",
witnessIndex := fail,
witnessVerificationPassed := false ) ],
method := "deterministic coefficient batch",
status := "no_smooth_witness" ),
guessedPolynomial := "(10)*x6^3 + (5)*x5*x6^2 + (5)*x5^2*x6 + (10)*x5^3 + (5)*x4*x6^2 + (2)*x4*x5*x6 + (5)*x4*x5^2 + (5)*x4^2*x6 + (5)*x4^2*x5 + (10)*x4^3 + (-52)*x3*x6^2 + (-8)*x3*x5*x6 + (26)*x3*x5^2 + (-8)*x3*x4*x6 + (16)*x3*x4*x5 + (26)*x3*x4^2 + (26)*x3^2*x6 + (17)*x3^2*x5 + (17)*x3^2*x4 + (26)*x2*x6^2 + (-8)*x2*x5*x6 + (-52)*x2*x5^2 + (16)*x2*x4*x6 + (-8)*x2*x4*x5 + (26)*x2*x4^2 + (-26)*x2*x3*x6 + (-26)*x2*x3*x5 + (-8)*x2*x3*x4 + (17)*x2^2*x6 + (26)*x2^2*x5 + (17)*x2^2*x4 + (26)*x1*x6^2 + (16)*x1*x5*x6 + (26)*x1*x5^2 + (-8)*x1*x4*x6 + (-8)*x1*x4*x5 + (-52)*x1*x4^2 + (-26)*x1*x3*x6 + (-8)*x1*x3*x5 + (-26)*x1*x3*x4 + (-8)*x1*x2*x6 + (-26)*x1*x2*x5 + (-26)*x1*x2*x4 + (17)*x1^2*x6 + (17)*x1^2*x5 + (26)*x1^2*x4",
isDirectKnownCase := false,
linearGId := [ 216, 136 ],
projectiveGId := [ 72, 27 ],
proofType := "an exact common singular point was found for the invariant basis",
status := "singular",
symplecticPart := "S3",
testedCoefficientCandidates := [ [ 2, 5, 10, 17, 26 ], [ 1, 1, 1, 1, 1 ], [ 1, 2, 3, 4, 5 ], [ 1, -2, 3, -4, 5 ], [ 1, 0, -1, 0, 3 ], [ 1, 0, 0, 0, 0 ], [ 0, 1, 0, 0, 0 ], [ 0, 0, 1, 0, 0 ], [ 0, 0, 0, 1, 0 ], [ 0, 0, 0, 0, 1 ], [ 1, 1, 0, 0, 0 ], [ 1, -1, 0, 0, 0 ], [ 1, 0, 1, 0, 0 ], [ 1, 0, -1, 0, 0 ], [ 1, 0, 0, 1, 0 ], [ 1, 0, 0, -1, 0 ], [ 1, 0, 0, 0, 1 ], [ 1, 0, 0, 0, -1 ], [ 0, 1, 1, 0, 0 ], [ 0, 1, -1, 0, 0 ], [ 0, 1, 0, 1, 0 ], [ 0, 1, 0, -1, 0 ], [ 0, 1, 0, 0, 1 ], [ 0, 1, 0, 0, -1 ], [ 0, 0, 1, 1, 0 ], [ 0, 0, 1, -1, 0 ], [ 0, 0, 1, 0, 1 ], [ 0, 0, 1, 0, -1 ], [ 0, 0, 0, 1, 1 ], [ 0, 0, 0, 1, -1 ], [ 8, -7, -8, -6, 8 ], [ 5, -1, -5, 4, -3 ] ] ), rec(
candidateNumber := 133,
centralizerDimension := 6,
commonPointChecks := 97,
commonSingularPoint := [ 1, 1, 1, 0, 0, 0 ],
componentIndex := 1,
componentLabel := "Koike (3.6), generic index 1",
cubicInvariantDimension := 8,
determinantImageOrder := 12,
familyDimension := 2,
familyIndexWithinCase := 4,
genericIndex := 1,
guessedCoefficients := [ 2, 5, 10, 17, 26, 37, 50, 65 ],
guessedMemberTest := rec(
coefficientCandidates := [ [ 2, 5, 10, 17, 26, 37, 50, 65 ], [ 1, 1, 1, 1, 1, 1, 1, 1 ], [ 1, 2, 3, 4, 5, 6, 7, 8 ], [ 1, -2, 3, -4, 5, -6, 7, -8 ], [ 1, 0, 0, -1, 0, 0, 0, 3 ], [ 1, 0, 0, 0, 0, 0, 0, 0 ], [ 0, 1, 0, 0, 0, 0, 0, 0 ], [ 0, 0, 1, 0, 0, 0, 0, 0 ], [ 0, 0, 0, 1, 0, 0, 0, 0 ], [ 0, 0, 0, 0, 1, 0, 0, 0 ], [ 0, 0, 0, 0, 0, 1, 0, 0 ], [ 0, 0, 0, 0, 0, 0, 1, 0 ], [ 0, 0, 0, 0, 0, 0, 0, 1 ], [ 1, 1, 0, 0, 0, 0, 0, 0 ], [ 1, -1, 0, 0, 0, 0, 0, 0 ], [ 1, 0, 1, 0, 0, 0, 0, 0 ], [ 1, 0, -1, 0, 0, 0, 0, 0 ], [ 1, 0, 0, 1, 0, 0, 0, 0 ], [ 1, 0, 0, -1, 0, 0, 0, 0 ], [ 1, 0, 0, 0, 1, 0, 0, 0 ], [ 1, 0, 0, 0, -1, 0, 0, 0 ], [ 1, 0, 0, 0, 0, 1, 0, 0 ], [ 1, 0, 0, 0, 0, -1, 0, 0 ], [ 1, 0, 0, 0, 0, 0, 1, 0 ], [ 1, 0, 0, 0, 0, 0, -1, 0 ], [ 1, 0, 0, 0, 0, 0, 0, 1 ], [ 1, 0, 0, 0, 0, 0, 0, -1 ], [ 0, 1, 1, 0, 0, 0, 0, 0 ], [ 0, 1, -1, 0, 0, 0, 0, 0 ], [ 0, 1, 0, 1, 0, 0, 0, 0 ], [ 0, 1, 0, -1, 0, 0, 0, 0 ], [ 0, 1, 0, 0, 1, 0, 0, 0 ] ],
coefficientFieldConductor := 1,
exactTrials := [ rec(
coefficients := [ 2, 5, 10, 17, 26, 37, 50, 65 ],
trial := rec(
coefficientFieldConductor := 1,
exitCode := 0,
singularChart := 1,
singularOutput := "CF_EXACT_SINGULAR_CHART_1\nCF_EXACT_SINGULAR\nCF_SCRIPT_COMPLETED_OK\n",
status := "exact_singular" ) ), rec(
coefficients := [ 1, 1, 1, 1, 1, 1, 1, 1 ],
trial := rec(
coefficientFieldConductor := 1,
exitCode := 0,
singularChart := 1,
singularOutput := "CF_EXACT_SINGULAR_CHART_1\nCF_EXACT_SINGULAR\nCF_SCRIPT_COMPLETED_OK\n",
status := "exact_singular" ) ), rec(
coefficients := [ 1, 2, 3, 4, 5, 6, 7, 8 ],
trial := rec(
coefficientFieldConductor := 1,
exitCode := 0,
singularChart := 1,
singularOutput := "CF_EXACT_SINGULAR_CHART_1\nCF_EXACT_SINGULAR\nCF_SCRIPT_COMPLETED_OK\n",
status := "exact_singular" ) ), rec(
coefficients := [ 1, -2, 3, -4, 5, -6, 7, -8 ],
trial := rec(
coefficientFieldConductor := 1,
exitCode := 0,
singularChart := 1,
singularOutput := "CF_EXACT_SINGULAR_CHART_1\nCF_EXACT_SINGULAR\nCF_SCRIPT_COMPLETED_OK\n",
status := "exact_singular" ) ), rec(
coefficients := [ 1, 0, 0, -1, 0, 0, 0, 3 ],
trial := rec(
coefficientFieldConductor := 1,
exitCode := 0,
singularChart := 1,
singularOutput := "CF_EXACT_SINGULAR_CHART_1\nCF_EXACT_SINGULAR\nCF_SCRIPT_COMPLETED_OK\n",
status := "exact_singular" ) ), rec(
coefficients := [ 1, 0, 0, 0, 0, 0, 0, 0 ],
trial := rec(
coefficientFieldConductor := 1,
exitCode := 0,
singularChart := 1,
singularOutput := "CF_EXACT_SINGULAR_CHART_1\nCF_EXACT_SINGULAR\nCF_SCRIPT_COMPLETED_OK\n",
status := "exact_singular" ) ) ],
finiteFieldTrials := [ rec(
exitCode := 0,
numberOfMembersTested := 32,
prime := 5,
singularOutput := "CF_SINGULAR_MEMBER_1_END\nCF_SINGULAR_MEMBER_2_END\nCF_SINGULAR_MEMBER_3_END\nCF_SINGULAR_MEMBER_4_END\nCF_SINGULAR_MEMBER_5_END\nCF_SINGULAR_MEMBER_6_END\nCF_SINGULAR_MEMBER_7_END\nCF_SINGULAR_MEMBER_8_END\nCF_SINGULAR_MEMBER_9_END\nCF_SINGULAR_MEMBER_10_END\nCF_SINGULAR_MEMBER_11_END\nCF_SINGULAR_MEMBER_12_END\nCF_SINGULAR_MEMBER_13_END\nCF_SINGULAR_MEMBER_14_END\nCF_SINGULAR_MEMBER_15_END\nCF_SINGULAR_MEMBER_16_END\nCF_SINGULAR_MEMBER_17_END\nCF_SINGULAR_MEMBER_18_END\nCF_SINGULAR_MEMBER_19_END\nCF_SINGULAR_MEMBER_20_END\nCF_SINGULAR_MEMBER_21_END\nCF_SINGULAR_MEMBER_22_END\nCF_SINGULAR_MEMBER_23_END\nCF_SINGULAR_MEMBER_24_END\nCF_SINGULAR_MEMBER_25_END\nCF_SINGULAR_MEMBER_26_END\nCF_SINGULAR_MEMBER_27_END\nCF_SINGULAR_MEMBER_28_END\nCF_SINGULAR_MEMBER_29_END\nCF_SINGULAR_MEMBER_30_END\nCF_SINGULAR_MEMBER_31_END\nCF_SINGULAR_MEMBER_32_END\nCF_NO_SMOOTH_MEMBER\nCF_SCRIPT_COMPLETED_OK\n",
status := "no_smooth_in_batch",
witnessIndex := fail,
witnessVerificationPassed := false ), rec(
exitCode := 0,
numberOfMembersTested := 32,
prime := 7,
singularOutput := "CF_SINGULAR_MEMBER_1_END\nCF_SINGULAR_MEMBER_2_END\nCF_SINGULAR_MEMBER_3_END\nCF_SINGULAR_MEMBER_4_END\nCF_SINGULAR_MEMBER_5_END\nCF_SINGULAR_MEMBER_6_END\nCF_SINGULAR_MEMBER_7_END\nCF_SINGULAR_MEMBER_8_END\nCF_SINGULAR_MEMBER_9_END\nCF_SINGULAR_MEMBER_10_END\nCF_SINGULAR_MEMBER_11_END\nCF_SINGULAR_MEMBER_12_END\nCF_SINGULAR_MEMBER_13_END\nCF_SINGULAR_MEMBER_14_END\nCF_SINGULAR_MEMBER_15_END\nCF_SINGULAR_MEMBER_16_END\nCF_SINGULAR_MEMBER_17_END\nCF_SINGULAR_MEMBER_18_END\nCF_SINGULAR_MEMBER_19_END\nCF_SINGULAR_MEMBER_20_END\nCF_SINGULAR_MEMBER_21_END\nCF_SINGULAR_MEMBER_22_END\nCF_SINGULAR_MEMBER_23_END\nCF_SINGULAR_MEMBER_24_END\nCF_SINGULAR_MEMBER_25_END\nCF_SINGULAR_MEMBER_26_END\nCF_SINGULAR_MEMBER_27_END\nCF_SINGULAR_MEMBER_28_END\nCF_SINGULAR_MEMBER_29_END\nCF_SINGULAR_MEMBER_30_END\nCF_SINGULAR_MEMBER_31_END\nCF_SINGULAR_MEMBER_32_END\nCF_NO_SMOOTH_MEMBER\nCF_SCRIPT_COMPLETED_OK\n",
status := "no_smooth_in_batch",
witnessIndex := fail,
witnessVerificationPassed := false ), rec(
exitCode := 0,
numberOfMembersTested := 32,
prime := 11,
singularOutput := "CF_SINGULAR_MEMBER_1_END\nCF_SINGULAR_MEMBER_2_END\nCF_SINGULAR_MEMBER_3_END\nCF_SINGULAR_MEMBER_4_END\nCF_SINGULAR_MEMBER_5_END\nCF_SINGULAR_MEMBER_6_END\nCF_SINGULAR_MEMBER_7_END\nCF_SINGULAR_MEMBER_8_END\nCF_SINGULAR_MEMBER_9_END\nCF_SINGULAR_MEMBER_10_END\nCF_SINGULAR_MEMBER_11_END\nCF_SINGULAR_MEMBER_12_END\nCF_SINGULAR_MEMBER_13_END\nCF_SINGULAR_MEMBER_14_END\nCF_SINGULAR_MEMBER_15_END\nCF_SINGULAR_MEMBER_16_END\nCF_SINGULAR_MEMBER_17_END\nCF_SINGULAR_MEMBER_18_END\nCF_SINGULAR_MEMBER_19_END\nCF_SINGULAR_MEMBER_20_END\nCF_SINGULAR_MEMBER_21_END\nCF_SINGULAR_MEMBER_22_END\nCF_SINGULAR_MEMBER_23_END\nCF_SINGULAR_MEMBER_24_END\nCF_SINGULAR_MEMBER_25_END\nCF_SINGULAR_MEMBER_26_END\nCF_SINGULAR_MEMBER_27_END\nCF_SINGULAR_MEMBER_28_END\nCF_SINGULAR_MEMBER_29_END\nCF_SINGULAR_MEMBER_30_END\nCF_SINGULAR_MEMBER_31_END\nCF_SINGULAR_MEMBER_32_END\nCF_NO_SMOOTH_MEMBER\nCF_SCRIPT_COMPLETED_OK\n",
status := "no_smooth_in_batch",
witnessIndex := fail,
witnessVerificationPassed := false ) ],
method := "deterministic coefficient batch",
status := "no_smooth_witness" ),
guessedPolynomial := "(10)*x6^3 + (5)*x5*x6^2 + (5)*x5^2*x6 + (10)*x5^3 + (5)*x4*x6^2 + (2)*x4*x5*x6 + (5)*x4*x5^2 + (5)*x4^2*x6 + (5)*x4^2*x5 + (10)*x4^3 + (26)*x3*x6^2 + (17)*x3*x5*x6 + (-13)*x3*x5^2 + (17)*x3*x4*x6 + (-34)*x3*x4*x5 + (-13)*x3*x4^2 + (50)*x3^2*x6 + (37)*x3^2*x5 + (37)*x3^2*x4 + (65)*x3^3 + (-13)*x2*x6^2 + (17)*x2*x5*x6 + (26)*x2*x5^2 + (-34)*x2*x4*x6 + (17)*x2*x4*x5 + (-13)*x2*x4^2 + (-50)*x2*x3*x6 + (-50)*x2*x3*x5 + (-24)*x2*x3*x4 + (-195/2)*x2*x3^2 + (37)*x2^2*x6 + (50)*x2^2*x5 + (37)*x2^2*x4 + (-195/2)*x2^2*x3 + (65)*x2^3 + (-13)*x1*x6^2 + (-34)*x1*x5*x6 + (-13)*x1*x5^2 + (17)*x1*x4*x6 + (17)*x1*x4*x5 + (26)*x1*x4^2 + (-50)*x1*x3*x6 + (-24)*x1*x3*x5 + (-50)*x1*x3*x4 + (-195/2)*x1*x3^2 + (-24)*x1*x2*x6 + (-50)*x1*x2*x5 + (-50)*x1*x2*x4 + (390)*x1*x2*x3 + (-195/2)*x1*x2^2 + (37)*x1^2*x6 + (37)*x1^2*x5 + (50)*x1^2*x4 + (-195/2)*x1^2*x3 + (-195/2)*x1^2*x2 + (65)*x1^3",
isDirectKnownCase := false,
linearGId := [ 216, 136 ],
projectiveGId := [ 72, 27 ],
proofType := "an exact common singular point was found for the invariant basis",
status := "singular",
symplecticPart := "S3",
testedCoefficientCandidates := [ [ 2, 5, 10, 17, 26, 37, 50, 65 ], [ 1, 1, 1, 1, 1, 1, 1, 1 ], [ 1, 2, 3, 4, 5, 6, 7, 8 ], [ 1, -2, 3, -4, 5, -6, 7, -8 ], [ 1, 0, 0, -1, 0, 0, 0, 3 ], [ 1, 0, 0, 0, 0, 0, 0, 0 ], [ 0, 1, 0, 0, 0, 0, 0, 0 ], [ 0, 0, 1, 0, 0, 0, 0, 0 ], [ 0, 0, 0, 1, 0, 0, 0, 0 ], [ 0, 0, 0, 0, 1, 0, 0, 0 ], [ 0, 0, 0, 0, 0, 1, 0, 0 ], [ 0, 0, 0, 0, 0, 0, 1, 0 ], [ 0, 0, 0, 0, 0, 0, 0, 1 ], [ 1, 1, 0, 0, 0, 0, 0, 0 ], [ 1, -1, 0, 0, 0, 0, 0, 0 ], [ 1, 0, 1, 0, 0, 0, 0, 0 ], [ 1, 0, -1, 0, 0, 0, 0, 0 ], [ 1, 0, 0, 1, 0, 0, 0, 0 ], [ 1, 0, 0, -1, 0, 0, 0, 0 ], [ 1, 0, 0, 0, 1, 0, 0, 0 ], [ 1, 0, 0, 0, -1, 0, 0, 0 ], [ 1, 0, 0, 0, 0, 1, 0, 0 ], [ 1, 0, 0, 0, 0, -1, 0, 0 ], [ 1, 0, 0, 0, 0, 0, 1, 0 ], [ 1, 0, 0, 0, 0, 0, -1, 0 ], [ 1, 0, 0, 0, 0, 0, 0, 1 ], [ 1, 0, 0, 0, 0, 0, 0, -1 ], [ 0, 1, 1, 0, 0, 0, 0, 0 ], [ 0, 1, -1, 0, 0, 0, 0, 0 ], [ 0, 1, 0, 1, 0, 0, 0, 0 ], [ 0, 1, 0, -1, 0, 0, 0, 0 ], [ 0, 1, 0, 0, 1, 0, 0, 0 ] ] ), rec(
candidateNumber := 134,
centralizerDimension := 4,
commonPointChecks := 97,
commonSingularPoint := [ 1, 1, 1, 0, 0, 0 ],
componentIndex := 1,
componentLabel := "Koike (3.6), generic index 1",
cubicInvariantDimension := 4,
determinantImageOrder := 12,
familyDimension := 0,
familyIndexWithinCase := 5,
genericIndex := 1,
guessedCoefficients := [ 2, 5, 10, 17 ],
guessedMemberTest := rec(
coefficientCandidates := [ [ 2, 5, 10, 17 ], [ 1, 1, 1, 1 ], [ 1, 2, 3, 4 ], [ 1, -2, 3, -4 ], [ 1, -1, 0, 3 ], [ 1, 0, 0, 0 ], [ 0, 1, 0, 0 ], [ 0, 0, 1, 0 ], [ 0, 0, 0, 1 ], [ 1, 1, 0, 0 ], [ 1, -1, 0, 0 ], [ 1, 0, 1, 0 ], [ 1, 0, -1, 0 ], [ 1, 0, 0, 1 ], [ 1, 0, 0, -1 ], [ 0, 1, 1, 0 ], [ 0, 1, -1, 0 ], [ 0, 1, 0, 1 ], [ 0, 1, 0, -1 ], [ 0, 0, 1, 1 ], [ 0, 0, 1, -1 ], [ -6, 10, 6, -11 ], [ -10, 10, 9, 1 ], [ -5, -2, -3, -10 ], [ -9, -7, 3, 10 ], [ -1, -3, -2, -5 ], [ -1, -5, 11, 6 ], [ 1, -7, 7, 9 ], [ -2, 4, 1, -7 ], [ -9, -7, 3, -5 ], [ 1, -1, -6, -2 ], [ -9, 6, -1, 9 ] ],
coefficientFieldConductor := 1,
exactTrials := [ rec(
coefficients := [ 2, 5, 10, 17 ],
trial := rec(
coefficientFieldConductor := 1,
exitCode := 0,
singularChart := 1,
singularOutput := "CF_EXACT_SINGULAR_CHART_1\nCF_EXACT_SINGULAR\nCF_SCRIPT_COMPLETED_OK\n",
status := "exact_singular" ) ), rec(
coefficients := [ 1, 1, 1, 1 ],
trial := rec(
coefficientFieldConductor := 1,
exitCode := 0,
singularChart := 1,
singularOutput := "CF_EXACT_SINGULAR_CHART_1\nCF_EXACT_SINGULAR\nCF_SCRIPT_COMPLETED_OK\n",
status := "exact_singular" ) ), rec(
coefficients := [ 1, 2, 3, 4 ],
trial := rec(
coefficientFieldConductor := 1,
exitCode := 0,
singularChart := 1,
singularOutput := "CF_EXACT_SINGULAR_CHART_1\nCF_EXACT_SINGULAR\nCF_SCRIPT_COMPLETED_OK\n",
status := "exact_singular" ) ), rec(
coefficients := [ 1, -2, 3, -4 ],
trial := rec(
coefficientFieldConductor := 1,
exitCode := 0,
singularChart := 1,
singularOutput := "CF_EXACT_SINGULAR_CHART_1\nCF_EXACT_SINGULAR\nCF_SCRIPT_COMPLETED_OK\n",
status := "exact_singular" ) ), rec(
coefficients := [ 1, -1, 0, 3 ],
trial := rec(
coefficientFieldConductor := 1,
exitCode := 0,
singularChart := 1,
singularOutput := "CF_EXACT_SINGULAR_CHART_1\nCF_EXACT_SINGULAR\nCF_SCRIPT_COMPLETED_OK\n",
status := "exact_singular" ) ), rec(
coefficients := [ 1, 0, 0, 0 ],
trial := rec(
coefficientFieldConductor := 1,
exitCode := 0,
singularChart := 1,
singularOutput := "CF_EXACT_SINGULAR_CHART_1\nCF_EXACT_SINGULAR\nCF_SCRIPT_COMPLETED_OK\n",
status := "exact_singular" ) ) ],
finiteFieldTrials := [ rec(
exitCode := 0,
numberOfMembersTested := 31,
prime := 5,
singularOutput := "CF_SINGULAR_MEMBER_1_END\nCF_SINGULAR_MEMBER_2_END\nCF_SINGULAR_MEMBER_3_END\nCF_SINGULAR_MEMBER_4_END\nCF_SINGULAR_MEMBER_5_END\nCF_SINGULAR_MEMBER_6_END\nCF_SINGULAR_MEMBER_7_END\nCF_SINGULAR_MEMBER_8_END\nCF_SINGULAR_MEMBER_9_END\nCF_SINGULAR_MEMBER_10_END\nCF_SINGULAR_MEMBER_11_END\nCF_SINGULAR_MEMBER_12_END\nCF_SINGULAR_MEMBER_13_END\nCF_SINGULAR_MEMBER_14_END\nCF_SINGULAR_MEMBER_15_END\nCF_SINGULAR_MEMBER_16_END\nCF_SINGULAR_MEMBER_17_END\nCF_SINGULAR_MEMBER_18_END\nCF_SINGULAR_MEMBER_19_END\nCF_SINGULAR_MEMBER_20_END\nCF_SINGULAR_MEMBER_21_END\nCF_SINGULAR_MEMBER_22_END\nCF_SINGULAR_MEMBER_23_END\nCF_SINGULAR_MEMBER_24_END\nCF_SINGULAR_MEMBER_25_END\nCF_SINGULAR_MEMBER_26_END\nCF_SINGULAR_MEMBER_27_END\nCF_SINGULAR_MEMBER_28_END\nCF_SINGULAR_MEMBER_29_END\nCF_SINGULAR_MEMBER_30_END\nCF_SINGULAR_MEMBER_31_END\nCF_NO_SMOOTH_MEMBER\nCF_SCRIPT_COMPLETED_OK\n",
status := "no_smooth_in_batch",
witnessIndex := fail,
witnessVerificationPassed := false ), rec(
exitCode := 0,
numberOfMembersTested := 32,
prime := 7,
singularOutput := "CF_SINGULAR_MEMBER_1_END\nCF_SINGULAR_MEMBER_2_END\nCF_SINGULAR_MEMBER_3_END\nCF_SINGULAR_MEMBER_4_END\nCF_SINGULAR_MEMBER_5_END\nCF_SINGULAR_MEMBER_6_END\nCF_SINGULAR_MEMBER_7_END\nCF_SINGULAR_MEMBER_8_END\nCF_SINGULAR_MEMBER_9_END\nCF_SINGULAR_MEMBER_10_END\nCF_SINGULAR_MEMBER_11_END\nCF_SINGULAR_MEMBER_12_END\nCF_SINGULAR_MEMBER_13_END\nCF_SINGULAR_MEMBER_14_END\nCF_SINGULAR_MEMBER_15_END\nCF_SINGULAR_MEMBER_16_END\nCF_SINGULAR_MEMBER_17_END\nCF_SINGULAR_MEMBER_18_END\nCF_SINGULAR_MEMBER_19_END\nCF_SINGULAR_MEMBER_20_END\nCF_SINGULAR_MEMBER_21_END\nCF_SINGULAR_MEMBER_22_END\nCF_SINGULAR_MEMBER_23_END\nCF_SINGULAR_MEMBER_24_END\nCF_SINGULAR_MEMBER_25_END\nCF_SINGULAR_MEMBER_26_END\nCF_SINGULAR_MEMBER_27_END\nCF_SINGULAR_MEMBER_28_END\nCF_SINGULAR_MEMBER_29_END\nCF_SINGULAR_MEMBER_30_END\nCF_SINGULAR_MEMBER_31_END\nCF_SINGULAR_MEMBER_32_END\nCF_NO_SMOOTH_MEMBER\nCF_SCRIPT_COMPLETED_OK\n",
status := "no_smooth_in_batch",
witnessIndex := fail,
witnessVerificationPassed := false ), rec(
exitCode := 0,
numberOfMembersTested := 32,
prime := 11,
singularOutput := "CF_SINGULAR_MEMBER_1_END\nCF_SINGULAR_MEMBER_2_END\nCF_SINGULAR_MEMBER_3_END\nCF_SINGULAR_MEMBER_4_END\nCF_SINGULAR_MEMBER_5_END\nCF_SINGULAR_MEMBER_6_END\nCF_SINGULAR_MEMBER_7_END\nCF_SINGULAR_MEMBER_8_END\nCF_SINGULAR_MEMBER_9_END\nCF_SINGULAR_MEMBER_10_END\nCF_SINGULAR_MEMBER_11_END\nCF_SINGULAR_MEMBER_12_END\nCF_SINGULAR_MEMBER_13_END\nCF_SINGULAR_MEMBER_14_END\nCF_SINGULAR_MEMBER_15_END\nCF_SINGULAR_MEMBER_16_END\nCF_SINGULAR_MEMBER_17_END\nCF_SINGULAR_MEMBER_18_END\nCF_SINGULAR_MEMBER_19_END\nCF_SINGULAR_MEMBER_20_END\nCF_SINGULAR_MEMBER_21_END\nCF_SINGULAR_MEMBER_22_END\nCF_SINGULAR_MEMBER_23_END\nCF_SINGULAR_MEMBER_24_END\nCF_SINGULAR_MEMBER_25_END\nCF_SINGULAR_MEMBER_26_END\nCF_SINGULAR_MEMBER_27_END\nCF_SINGULAR_MEMBER_28_END\nCF_SINGULAR_MEMBER_29_END\nCF_SINGULAR_MEMBER_30_END\nCF_SINGULAR_MEMBER_31_END\nCF_SINGULAR_MEMBER_32_END\nCF_NO_SMOOTH_MEMBER\nCF_SCRIPT_COMPLETED_OK\n",
status := "no_smooth_in_batch",
witnessIndex := fail,
witnessVerificationPassed := false ) ],
method := "deterministic coefficient batch",
status := "no_smooth_witness" ),
guessedPolynomial := "(5)*x6^3 + (2)*x5*x6^2 + (2)*x5^2*x6 + (5)*x5^3 + (2)*x4*x6^2 + (-519)*x4*x5*x6 + (2)*x4*x5^2 + (2)*x4^2*x6 + (2)*x4^2*x5 + (5)*x4^3 + (-71)*x3*x6^2 + (-112)*x3*x5*x6 + (71/2)*x3*x5^2 + (-112)*x3*x4*x6 + (224)*x3*x4*x5 + (71/2)*x3*x4^2 + (10)*x3^2*x6 + (173/2)*x3^2*x5 + (173/2)*x3^2*x4 + (17)*x3^3 + (71/2)*x2*x6^2 + (-112)*x2*x5*x6 + (-71)*x2*x5^2 + (224)*x2*x4*x6 + (-112)*x2*x4*x5 + (71/2)*x2*x4^2 + (-10)*x2*x3*x6 + (-10)*x2*x3*x5 + (-163)*x2*x3*x4 + (-51/2)*x2*x3^2 + (173/2)*x2^2*x6 + (10)*x2^2*x5 + (173/2)*x2^2*x4 + (-51/2)*x2^2*x3 + (17)*x2^3 + (71/2)*x1*x6^2 + (224)*x1*x5*x6 + (71/2)*x1*x5^2 + (-112)*x1*x4*x6 + (-112)*x1*x4*x5 + (-71)*x1*x4^2 + (-10)*x1*x3*x6 + (-163)*x1*x3*x5 + (-10)*x1*x3*x4 + (-51/2)*x1*x3^2 + (-163)*x1*x2*x6 + (-10)*x1*x2*x5 + (-10)*x1*x2*x4 + (102)*x1*x2*x3 + (-51/2)*x1*x2^2 + (173/2)*x1^2*x6 + (173/2)*x1^2*x5 + (10)*x1^2*x4 + (-51/2)*x1^2*x3 + (-51/2)*x1^2*x2 + (17)*x1^3",
isDirectKnownCase := false,
linearGId := [ 216, 136 ],
projectiveGId := [ 72, 27 ],
proofType := "an exact common singular point was found for the invariant basis",
status := "singular",
symplecticPart := "S3",
testedCoefficientCandidates := [ [ 2, 5, 10, 17 ], [ 1, 1, 1, 1 ], [ 1, 2, 3, 4 ], [ 1, -2, 3, -4 ], [ 1, -1, 0, 3 ], [ 1, 0, 0, 0 ], [ 0, 1, 0, 0 ], [ 0, 0, 1, 0 ], [ 0, 0, 0, 1 ], [ 1, 1, 0, 0 ], [ 1, -1, 0, 0 ], [ 1, 0, 1, 0 ], [ 1, 0, -1, 0 ], [ 1, 0, 0, 1 ], [ 1, 0, 0, -1 ], [ 0, 1, 1, 0 ], [ 0, 1, -1, 0 ], [ 0, 1, 0, 1 ], [ 0, 1, 0, -1 ], [ 0, 0, 1, 1 ], [ 0, 0, 1, -1 ], [ -6, 10, 6, -11 ], [ -10, 10, 9, 1 ], [ -5, -2, -3, -10 ], [ -9, -7, 3, 10 ], [ -1, -3, -2, -5 ], [ -1, -5, 11, 6 ], [ 1, -7, 7, 9 ], [ -2, 4, 1, -7 ], [ -9, -7, 3, -5 ], [ 1, -1, -6, -2 ], [ -9, 6, -1, 9 ] ] ), rec(
candidateNumber := 135,
centralizerDimension := 4,
commonPointChecks := 97,
commonSingularPoint := [ 1, 1, 1, 0, 0, 0 ],
componentIndex := 1,
componentLabel := "Koike (3.6), generic index 1",
cubicInvariantDimension := 4,
determinantImageOrder := 12,
familyDimension := 0,
familyIndexWithinCase := 6,
genericIndex := 1,
guessedCoefficients := [ 2, 5, 10, 17 ],
guessedMemberTest := rec(
coefficientCandidates := [ [ 2, 5, 10, 17 ], [ 1, 1, 1, 1 ], [ 1, 2, 3, 4 ], [ 1, -2, 3, -4 ], [ 1, -1, 0, 3 ], [ 1, 0, 0, 0 ], [ 0, 1, 0, 0 ], [ 0, 0, 1, 0 ], [ 0, 0, 0, 1 ], [ 1, 1, 0, 0 ], [ 1, -1, 0, 0 ], [ 1, 0, 1, 0 ], [ 1, 0, -1, 0 ], [ 1, 0, 0, 1 ], [ 1, 0, 0, -1 ], [ 0, 1, 1, 0 ], [ 0, 1, -1, 0 ], [ 0, 1, 0, 1 ], [ 0, 1, 0, -1 ], [ 0, 0, 1, 1 ], [ 0, 0, 1, -1 ], [ -6, 10, 6, -11 ], [ -10, 10, 9, 1 ], [ -5, -2, -3, -10 ], [ -9, -7, 3, 10 ], [ -1, -3, -2, -5 ], [ -1, -5, 11, 6 ], [ 1, -7, 7, 9 ], [ -2, 4, 1, -7 ], [ -9, -7, 3, -5 ], [ 1, -1, -6, -2 ], [ -9, 6, -1, 9 ] ],
coefficientFieldConductor := 1,
exactTrials := [ rec(
coefficients := [ 2, 5, 10, 17 ],
trial := rec(
coefficientFieldConductor := 1,
exitCode := 0,
singularChart := 1,
singularOutput := "CF_EXACT_SINGULAR_CHART_1\nCF_EXACT_SINGULAR\nCF_SCRIPT_COMPLETED_OK\n",
status := "exact_singular" ) ), rec(
coefficients := [ 1, 1, 1, 1 ],
trial := rec(
coefficientFieldConductor := 1,
exitCode := 0,
singularChart := 1,
singularOutput := "CF_EXACT_SINGULAR_CHART_1\nCF_EXACT_SINGULAR\nCF_SCRIPT_COMPLETED_OK\n",
status := "exact_singular" ) ), rec(
coefficients := [ 1, 2, 3, 4 ],
trial := rec(
coefficientFieldConductor := 1,
exitCode := 0,
singularChart := 1,
singularOutput := "CF_EXACT_SINGULAR_CHART_1\nCF_EXACT_SINGULAR\nCF_SCRIPT_COMPLETED_OK\n",
status := "exact_singular" ) ), rec(
coefficients := [ 1, -2, 3, -4 ],
trial := rec(
coefficientFieldConductor := 1,
exitCode := 0,
singularChart := 1,
singularOutput := "CF_EXACT_SINGULAR_CHART_1\nCF_EXACT_SINGULAR\nCF_SCRIPT_COMPLETED_OK\n",
status := "exact_singular" ) ), rec(
coefficients := [ 1, -1, 0, 3 ],
trial := rec(
coefficientFieldConductor := 1,
exitCode := 0,
singularChart := 1,
singularOutput := "CF_EXACT_SINGULAR_CHART_1\nCF_EXACT_SINGULAR\nCF_SCRIPT_COMPLETED_OK\n",
status := "exact_singular" ) ), rec(
coefficients := [ 1, 0, 0, 0 ],
trial := rec(
coefficientFieldConductor := 1,
exitCode := 0,
singularChart := 1,
singularOutput := "CF_EXACT_SINGULAR_CHART_1\nCF_EXACT_SINGULAR\nCF_SCRIPT_COMPLETED_OK\n",
status := "exact_singular" ) ) ],
finiteFieldTrials := [ rec(
exitCode := 0,
numberOfMembersTested := 31,
prime := 5,
singularOutput := "CF_SINGULAR_MEMBER_1_END\nCF_SINGULAR_MEMBER_2_END\nCF_SINGULAR_MEMBER_3_END\nCF_SINGULAR_MEMBER_4_END\nCF_SINGULAR_MEMBER_5_END\nCF_SINGULAR_MEMBER_6_END\nCF_SINGULAR_MEMBER_7_END\nCF_SINGULAR_MEMBER_8_END\nCF_SINGULAR_MEMBER_9_END\nCF_SINGULAR_MEMBER_10_END\nCF_SINGULAR_MEMBER_11_END\nCF_SINGULAR_MEMBER_12_END\nCF_SINGULAR_MEMBER_13_END\nCF_SINGULAR_MEMBER_14_END\nCF_SINGULAR_MEMBER_15_END\nCF_SINGULAR_MEMBER_16_END\nCF_SINGULAR_MEMBER_17_END\nCF_SINGULAR_MEMBER_18_END\nCF_SINGULAR_MEMBER_19_END\nCF_SINGULAR_MEMBER_20_END\nCF_SINGULAR_MEMBER_21_END\nCF_SINGULAR_MEMBER_22_END\nCF_SINGULAR_MEMBER_23_END\nCF_SINGULAR_MEMBER_24_END\nCF_SINGULAR_MEMBER_25_END\nCF_SINGULAR_MEMBER_26_END\nCF_SINGULAR_MEMBER_27_END\nCF_SINGULAR_MEMBER_28_END\nCF_SINGULAR_MEMBER_29_END\nCF_SINGULAR_MEMBER_30_END\nCF_SINGULAR_MEMBER_31_END\nCF_NO_SMOOTH_MEMBER\nCF_SCRIPT_COMPLETED_OK\n",
status := "no_smooth_in_batch",
witnessIndex := fail,
witnessVerificationPassed := false ), rec(
exitCode := 0,
numberOfMembersTested := 32,
prime := 7,
singularOutput := "CF_SINGULAR_MEMBER_1_END\nCF_SINGULAR_MEMBER_2_END\nCF_SINGULAR_MEMBER_3_END\nCF_SINGULAR_MEMBER_4_END\nCF_SINGULAR_MEMBER_5_END\nCF_SINGULAR_MEMBER_6_END\nCF_SINGULAR_MEMBER_7_END\nCF_SINGULAR_MEMBER_8_END\nCF_SINGULAR_MEMBER_9_END\nCF_SINGULAR_MEMBER_10_END\nCF_SINGULAR_MEMBER_11_END\nCF_SINGULAR_MEMBER_12_END\nCF_SINGULAR_MEMBER_13_END\nCF_SINGULAR_MEMBER_14_END\nCF_SINGULAR_MEMBER_15_END\nCF_SINGULAR_MEMBER_16_END\nCF_SINGULAR_MEMBER_17_END\nCF_SINGULAR_MEMBER_18_END\nCF_SINGULAR_MEMBER_19_END\nCF_SINGULAR_MEMBER_20_END\nCF_SINGULAR_MEMBER_21_END\nCF_SINGULAR_MEMBER_22_END\nCF_SINGULAR_MEMBER_23_END\nCF_SINGULAR_MEMBER_24_END\nCF_SINGULAR_MEMBER_25_END\nCF_SINGULAR_MEMBER_26_END\nCF_SINGULAR_MEMBER_27_END\nCF_SINGULAR_MEMBER_28_END\nCF_SINGULAR_MEMBER_29_END\nCF_SINGULAR_MEMBER_30_END\nCF_SINGULAR_MEMBER_31_END\nCF_SINGULAR_MEMBER_32_END\nCF_NO_SMOOTH_MEMBER\nCF_SCRIPT_COMPLETED_OK\n",
status := "no_smooth_in_batch",
witnessIndex := fail,
witnessVerificationPassed := false ), rec(
exitCode := 0,
numberOfMembersTested := 32,
prime := 11,
singularOutput := "CF_SINGULAR_MEMBER_1_END\nCF_SINGULAR_MEMBER_2_END\nCF_SINGULAR_MEMBER_3_END\nCF_SINGULAR_MEMBER_4_END\nCF_SINGULAR_MEMBER_5_END\nCF_SINGULAR_MEMBER_6_END\nCF_SINGULAR_MEMBER_7_END\nCF_SINGULAR_MEMBER_8_END\nCF_SINGULAR_MEMBER_9_END\nCF_SINGULAR_MEMBER_10_END\nCF_SINGULAR_MEMBER_11_END\nCF_SINGULAR_MEMBER_12_END\nCF_SINGULAR_MEMBER_13_END\nCF_SINGULAR_MEMBER_14_END\nCF_SINGULAR_MEMBER_15_END\nCF_SINGULAR_MEMBER_16_END\nCF_SINGULAR_MEMBER_17_END\nCF_SINGULAR_MEMBER_18_END\nCF_SINGULAR_MEMBER_19_END\nCF_SINGULAR_MEMBER_20_END\nCF_SINGULAR_MEMBER_21_END\nCF_SINGULAR_MEMBER_22_END\nCF_SINGULAR_MEMBER_23_END\nCF_SINGULAR_MEMBER_24_END\nCF_SINGULAR_MEMBER_25_END\nCF_SINGULAR_MEMBER_26_END\nCF_SINGULAR_MEMBER_27_END\nCF_SINGULAR_MEMBER_28_END\nCF_SINGULAR_MEMBER_29_END\nCF_SINGULAR_MEMBER_30_END\nCF_SINGULAR_MEMBER_31_END\nCF_SINGULAR_MEMBER_32_END\nCF_NO_SMOOTH_MEMBER\nCF_SCRIPT_COMPLETED_OK\n",
status := "no_smooth_in_batch",
witnessIndex := fail,
witnessVerificationPassed := false ) ],
method := "deterministic coefficient batch",
status := "no_smooth_witness" ),
guessedPolynomial := "(5)*x6^3 + (2)*x5*x6^2 + (2)*x5^2*x6 + (5)*x5^3 + (2)*x4*x6^2 + (-339)*x4*x5*x6 + (2)*x4*x5^2 + (2)*x4^2*x6 + (2)*x4^2*x5 + (5)*x4^3 + (10)*x3*x6^2 + (-143/2)*x3*x5*x6 + (-5)*x3*x5^2 + (-143/2)*x3*x4*x6 + (143)*x3*x4*x5 + (-5)*x3*x4^2 + (-51)*x3^2*x6 + (51/2)*x3^2*x5 + (51/2)*x3^2*x4 + (17)*x3^3 + (-5)*x2*x6^2 + (-143/2)*x2*x5*x6 + (10)*x2*x5^2 + (143)*x2*x4*x6 + (-143/2)*x2*x4*x5 + (-5)*x2*x4^2 + (51)*x2*x3*x6 + (51)*x2*x3*x5 + (-102)*x2*x3*x4 + (-51/2)*x2*x3^2 + (51/2)*x2^2*x6 + (-51)*x2^2*x5 + (51/2)*x2^2*x4 + (-51/2)*x2^2*x3 + (17)*x2^3 + (-5)*x1*x6^2 + (143)*x1*x5*x6 + (-5)*x1*x5^2 + (-143/2)*x1*x4*x6 + (-143/2)*x1*x4*x5 + (10)*x1*x4^2 + (51)*x1*x3*x6 + (-102)*x1*x3*x5 + (51)*x1*x3*x4 + (-51/2)*x1*x3^2 + (-102)*x1*x2*x6 + (51)*x1*x2*x5 + (51)*x1*x2*x4 + (102)*x1*x2*x3 + (-51/2)*x1*x2^2 + (51/2)*x1^2*x6 + (51/2)*x1^2*x5 + (-51)*x1^2*x4 + (-51/2)*x1^2*x3 + (-51/2)*x1^2*x2 + (17)*x1^3",
isDirectKnownCase := false,
linearGId := [ 216, 136 ],
projectiveGId := [ 72, 27 ],
proofType := "an exact common singular point was found for the invariant basis",
status := "singular",
symplecticPart := "S3",
testedCoefficientCandidates := [ [ 2, 5, 10, 17 ], [ 1, 1, 1, 1 ], [ 1, 2, 3, 4 ], [ 1, -2, 3, -4 ], [ 1, -1, 0, 3 ], [ 1, 0, 0, 0 ], [ 0, 1, 0, 0 ], [ 0, 0, 1, 0 ], [ 0, 0, 0, 1 ], [ 1, 1, 0, 0 ], [ 1, -1, 0, 0 ], [ 1, 0, 1, 0 ], [ 1, 0, -1, 0 ], [ 1, 0, 0, 1 ], [ 1, 0, 0, -1 ], [ 0, 1, 1, 0 ], [ 0, 1, -1, 0 ], [ 0, 1, 0, 1 ], [ 0, 1, 0, -1 ], [ 0, 0, 1, 1 ], [ 0, 0, 1, -1 ], [ -6, 10, 6, -11 ], [ -10, 10, 9, 1 ], [ -5, -2, -3, -10 ], [ -9, -7, 3, 10 ], [ -1, -3, -2, -5 ], [ -1, -5, 11, 6 ], [ 1, -7, 7, 9 ], [ -2, 4, 1, -7 ], [ -9, -7, 3, -5 ], [ 1, -1, -6, -2 ], [ -9, 6, -1, 9 ] ] ), rec(
candidateNumber := 137,
centralizerDimension := 11,
componentIndex := 2,
componentLabel := "corrigendum component, generic index 2",
cubicInvariantDimension := 17,
determinantImageOrder := 2,
familyDimension := 6,
familyIndexWithinCase := 1,
genericIndex := 2,
guessedCoefficients := [ 2, 5, 10, 17, 26, 37, 50, 65, 82, 101, 122, 145, 170, 197, 226, 257, 290 ],
guessedMemberTest := rec(
coefficientCandidates := [ [ 2, 5, 10, 17, 26, 37, 50, 65, 82, 101, 122, 145, 170, 197, 226, 257, 290 ], [ 1, 1, 1, 1, 1, 1, 1, 1, 1, 1, 1, 1, 1, 1, 1, 1, 1 ], [ 1, 2, 3, 4, 5, 6, 7, 8, 9, 10, 11, 12, 13, 14, 15, 16, 17 ], [ 1, -2, 3, -4, 5, -6, 7, -8, 9, -10, 11, -12, 13, -14, 15, -16, 17 ], [ 1, 0, 0, 0, 0, 0, 0, 0, -1, 0, 0, 0, 0, 0, 0, 0, 3 ], [ 1, 0, 0, 0, 0, 0, 0, 0, 0, 0, 0, 0, 0, 0, 0, 0, 0 ], [ 0, 1, 0, 0, 0, 0, 0, 0, 0, 0, 0, 0, 0, 0, 0, 0, 0 ], [ 0, 0, 1, 0, 0, 0, 0, 0, 0, 0, 0, 0, 0, 0, 0, 0, 0 ], [ 0, 0, 0, 1, 0, 0, 0, 0, 0, 0, 0, 0, 0, 0, 0, 0, 0 ], [ 0, 0, 0, 0, 1, 0, 0, 0, 0, 0, 0, 0, 0, 0, 0, 0, 0 ], [ 0, 0, 0, 0, 0, 1, 0, 0, 0, 0, 0, 0, 0, 0, 0, 0, 0 ], [ 0, 0, 0, 0, 0, 0, 1, 0, 0, 0, 0, 0, 0, 0, 0, 0, 0 ], [ 0, 0, 0, 0, 0, 0, 0, 1, 0, 0, 0, 0, 0, 0, 0, 0, 0 ], [ 0, 0, 0, 0, 0, 0, 0, 0, 1, 0, 0, 0, 0, 0, 0, 0, 0 ], [ 0, 0, 0, 0, 0, 0, 0, 0, 0, 1, 0, 0, 0, 0, 0, 0, 0 ], [ 0, 0, 0, 0, 0, 0, 0, 0, 0, 0, 1, 0, 0, 0, 0, 0, 0 ], [ 0, 0, 0, 0, 0, 0, 0, 0, 0, 0, 0, 1, 0, 0, 0, 0, 0 ], [ 0, 0, 0, 0, 0, 0, 0, 0, 0, 0, 0, 0, 1, 0, 0, 0, 0 ], [ 0, 0, 0, 0, 0, 0, 0, 0, 0, 0, 0, 0, 0, 1, 0, 0, 0 ], [ 0, 0, 0, 0, 0, 0, 0, 0, 0, 0, 0, 0, 0, 0, 1, 0, 0 ], [ 0, 0, 0, 0, 0, 0, 0, 0, 0, 0, 0, 0, 0, 0, 0, 1, 0 ], [ 0, 0, 0, 0, 0, 0, 0, 0, 0, 0, 0, 0, 0, 0, 0, 0, 1 ], [ 1, 1, 0, 0, 0, 0, 0, 0, 0, 0, 0, 0, 0, 0, 0, 0, 0 ], [ 1, -1, 0, 0, 0, 0, 0, 0, 0, 0, 0, 0, 0, 0, 0, 0, 0 ], [ 1, 0, 1, 0, 0, 0, 0, 0, 0, 0, 0, 0, 0, 0, 0, 0, 0 ], [ 1, 0, -1, 0, 0, 0, 0, 0, 0, 0, 0, 0, 0, 0, 0, 0, 0 ], [ 1, 0, 0, 1, 0, 0, 0, 0, 0, 0, 0, 0, 0, 0, 0, 0, 0 ], [ 1, 0, 0, -1, 0, 0, 0, 0, 0, 0, 0, 0, 0, 0, 0, 0, 0 ], [ 1, 0, 0, 0, 1, 0, 0, 0, 0, 0, 0, 0, 0, 0, 0, 0, 0 ], [ 1, 0, 0, 0, -1, 0, 0, 0, 0, 0, 0, 0, 0, 0, 0, 0, 0 ], [ 1, 0, 0, 0, 0, 1, 0, 0, 0, 0, 0, 0, 0, 0, 0, 0, 0 ], [ 1, 0, 0, 0, 0, -1, 0, 0, 0, 0, 0, 0, 0, 0, 0, 0, 0 ] ],
coefficientFieldConductor := 1,
exactTrials := [  ],
finiteFieldTrials := [ rec(
exitCode := 0,
numberOfMembersTested := 32,
prime := 5,
singularOutput := "CF_SINGULAR_MEMBER_1_END\nCF_SINGULAR_MEMBER_2_END\nCF_SINGULAR_MEMBER_3_END\nCF_SINGULAR_MEMBER_4_END\nCF_SINGULAR_MEMBER_5_END\nCF_SINGULAR_MEMBER_6_END\nCF_SINGULAR_MEMBER_7_END\nCF_SINGULAR_MEMBER_8_END\nCF_SINGULAR_MEMBER_9_END\nCF_SINGULAR_MEMBER_10_END\nCF_SINGULAR_MEMBER_11_END\nCF_SINGULAR_MEMBER_12_END\nCF_SINGULAR_MEMBER_13_END\nCF_SINGULAR_MEMBER_14_END\nCF_SINGULAR_MEMBER_15_END\nCF_SINGULAR_MEMBER_16_END\nCF_SINGULAR_MEMBER_17_END\nCF_SINGULAR_MEMBER_18_END\nCF_SINGULAR_MEMBER_19_END\nCF_SINGULAR_MEMBER_20_END\nCF_SINGULAR_MEMBER_21_END\nCF_SINGULAR_MEMBER_22_END\nCF_SINGULAR_MEMBER_23_END\nCF_SINGULAR_MEMBER_24_END\nCF_SINGULAR_MEMBER_25_END\nCF_SINGULAR_MEMBER_26_END\nCF_SINGULAR_MEMBER_27_END\nCF_SINGULAR_MEMBER_28_END\nCF_SINGULAR_MEMBER_29_END\nCF_SINGULAR_MEMBER_30_END\nCF_SINGULAR_MEMBER_31_END\nCF_SINGULAR_MEMBER_32_END\nCF_NO_SMOOTH_MEMBER\nCF_SCRIPT_COMPLETED_OK\n",
status := "no_smooth_in_batch",
witnessIndex := fail,
witnessVerificationPassed := false ), rec(
exitCode := 0,
numberOfMembersTested := 32,
prime := 7,
singularOutput := "CF_SINGULAR_MEMBER_1_END\nCF_SINGULAR_MEMBER_2_END\nCF_SINGULAR_MEMBER_3_END\nCF_SINGULAR_MEMBER_4_END\nCF_SINGULAR_MEMBER_5_END\nCF_SINGULAR_MEMBER_6_END\nCF_SINGULAR_MEMBER_7_END\nCF_SINGULAR_MEMBER_8_END\nCF_SINGULAR_MEMBER_9_END\nCF_SINGULAR_MEMBER_10_END\nCF_SINGULAR_MEMBER_11_END\nCF_SINGULAR_MEMBER_12_END\nCF_SINGULAR_MEMBER_13_END\nCF_SINGULAR_MEMBER_14_END\nCF_SINGULAR_MEMBER_15_END\nCF_SINGULAR_MEMBER_16_END\nCF_SINGULAR_MEMBER_17_END\nCF_SINGULAR_MEMBER_18_END\nCF_SINGULAR_MEMBER_19_END\nCF_SINGULAR_MEMBER_20_END\nCF_SINGULAR_MEMBER_21_END\nCF_SINGULAR_MEMBER_22_END\nCF_SINGULAR_MEMBER_23_END\nCF_SINGULAR_MEMBER_24_END\nCF_SINGULAR_MEMBER_25_END\nCF_SINGULAR_MEMBER_26_END\nCF_SINGULAR_MEMBER_27_END\nCF_SINGULAR_MEMBER_28_END\nCF_SINGULAR_MEMBER_29_END\nCF_SINGULAR_MEMBER_30_END\nCF_SINGULAR_MEMBER_31_END\nCF_SINGULAR_MEMBER_32_END\nCF_NO_SMOOTH_MEMBER\nCF_SCRIPT_COMPLETED_OK\n",
status := "no_smooth_in_batch",
witnessIndex := fail,
witnessVerificationPassed := false ), rec(
exitCode := 0,
numberOfMembersTested := 32,
prime := 11,
singularOutput := "CF_SMOOTH_MEMBER_1_END\nCF_SCRIPT_COMPLETED_OK\n",
status := "smooth",
witnessIndex := 1,
witnessVerificationPassed := true ) ],
member := rec(
coefficients := [ 2, 5, 10, 17, 26, 37, 50, 65, 82, 101, 122, 145, 170, 197, 226, 257, 290 ],
monomialCoefficients := [ 0, 2, 0, 5, 10, 0, 17, 0, 26, 37, 50, 0, 65, 0, 82, 101, 0, 197, 226, 290, 50, 0, 65, 0, 82, 101, 0, 122, 145, 257, 0, 197, 226, 257, 290, 50, 0, 65, 0, 82, 101, 0, 122, 145, 257, 0, 122, 145, 170, 257, 0, 197, 226, 257, 257, 290 ],
polynomial := "(2)*x5*x6^2 + (5)*x5^3 + (10)*x4*x6^2 + (17)*x4*x5^2 + (26)*x4^2*x5 + (37)*x4^3 + (50)*x3*x6^2 + (65)*x3*x5^2 + (82)*x3*x4*x5 + (101)*x3*x4^2 + (197)*x3^2*x5 + (226)*x3^2*x4 + (290)*x3^3 + (50)*x2*x6^2 + (65)*x2*x5^2 + (82)*x2*x4*x5 + (101)*x2*x4^2 + (122)*x2*x3*x5 + (145)*x2*x3*x4 + (257)*x2*x3^2 + (197)*x2^2*x5 + (226)*x2^2*x4 + (257)*x2^2*x3 + (290)*x2^3 + (50)*x1*x6^2 + (65)*x1*x5^2 + (82)*x1*x4*x5 + (101)*x1*x4^2 + (122)*x1*x3*x5 + (145)*x1*x3*x4 + (257)*x1*x3^2 + (122)*x1*x2*x5 + (145)*x1*x2*x4 + (170)*x1*x2*x3 + (257)*x1*x2^2 + (197)*x1^2*x5 + (226)*x1^2*x4 + (257)*x1^2*x3 + (257)*x1^2*x2 + (290)*x1^3" ),
method := "smooth reduction at a good split prime",
status := "smooth",
witnessPrime := 11 ),
isDirectKnownCase := false,
linearGId := [ 36, 12 ],
projectiveGId := [ 12, 4 ],
proofType := "an explicit member of the invariant cubic family is smooth",
smoothPolynomial := "(2)*x5*x6^2 + (5)*x5^3 + (10)*x4*x6^2 + (17)*x4*x5^2 + (26)*x4^2*x5 + (37)*x4^3 + (50)*x3*x6^2 + (65)*x3*x5^2 + (82)*x3*x4*x5 + (101)*x3*x4^2 + (197)*x3^2*x5 + (226)*x3^2*x4 + (290)*x3^3 + (50)*x2*x6^2 + (65)*x2*x5^2 + (82)*x2*x4*x5 + (101)*x2*x4^2 + (122)*x2*x3*x5 + (145)*x2*x3*x4 + (257)*x2*x3^2 + (197)*x2^2*x5 + (226)*x2^2*x4 + (257)*x2^2*x3 + (290)*x2^3 + (50)*x1*x6^2 + (65)*x1*x5^2 + (82)*x1*x4*x5 + (101)*x1*x4^2 + (122)*x1*x3*x5 + (145)*x1*x3*x4 + (257)*x1*x3^2 + (122)*x1*x2*x5 + (145)*x1*x2*x4 + (170)*x1*x2*x3 + (257)*x1*x2^2 + (197)*x1^2*x5 + (226)*x1^2*x4 + (257)*x1^2*x3 + (257)*x1^2*x2 + (290)*x1^3",
status := "smooth",
symplecticPart := "S3",
testedCoefficientCandidates := [ [ 2, 5, 10, 17, 26, 37, 50, 65, 82, 101, 122, 145, 170, 197, 226, 257, 290 ], [ 1, 1, 1, 1, 1, 1, 1, 1, 1, 1, 1, 1, 1, 1, 1, 1, 1 ], [ 1, 2, 3, 4, 5, 6, 7, 8, 9, 10, 11, 12, 13, 14, 15, 16, 17 ], [ 1, -2, 3, -4, 5, -6, 7, -8, 9, -10, 11, -12, 13, -14, 15, -16, 17 ], [ 1, 0, 0, 0, 0, 0, 0, 0, -1, 0, 0, 0, 0, 0, 0, 0, 3 ], [ 1, 0, 0, 0, 0, 0, 0, 0, 0, 0, 0, 0, 0, 0, 0, 0, 0 ], [ 0, 1, 0, 0, 0, 0, 0, 0, 0, 0, 0, 0, 0, 0, 0, 0, 0 ], [ 0, 0, 1, 0, 0, 0, 0, 0, 0, 0, 0, 0, 0, 0, 0, 0, 0 ], [ 0, 0, 0, 1, 0, 0, 0, 0, 0, 0, 0, 0, 0, 0, 0, 0, 0 ], [ 0, 0, 0, 0, 1, 0, 0, 0, 0, 0, 0, 0, 0, 0, 0, 0, 0 ], [ 0, 0, 0, 0, 0, 1, 0, 0, 0, 0, 0, 0, 0, 0, 0, 0, 0 ], [ 0, 0, 0, 0, 0, 0, 1, 0, 0, 0, 0, 0, 0, 0, 0, 0, 0 ], [ 0, 0, 0, 0, 0, 0, 0, 1, 0, 0, 0, 0, 0, 0, 0, 0, 0 ], [ 0, 0, 0, 0, 0, 0, 0, 0, 1, 0, 0, 0, 0, 0, 0, 0, 0 ], [ 0, 0, 0, 0, 0, 0, 0, 0, 0, 1, 0, 0, 0, 0, 0, 0, 0 ], [ 0, 0, 0, 0, 0, 0, 0, 0, 0, 0, 1, 0, 0, 0, 0, 0, 0 ], [ 0, 0, 0, 0, 0, 0, 0, 0, 0, 0, 0, 1, 0, 0, 0, 0, 0 ], [ 0, 0, 0, 0, 0, 0, 0, 0, 0, 0, 0, 0, 1, 0, 0, 0, 0 ], [ 0, 0, 0, 0, 0, 0, 0, 0, 0, 0, 0, 0, 0, 1, 0, 0, 0 ], [ 0, 0, 0, 0, 0, 0, 0, 0, 0, 0, 0, 0, 0, 0, 1, 0, 0 ], [ 0, 0, 0, 0, 0, 0, 0, 0, 0, 0, 0, 0, 0, 0, 0, 1, 0 ], [ 0, 0, 0, 0, 0, 0, 0, 0, 0, 0, 0, 0, 0, 0, 0, 0, 1 ], [ 1, 1, 0, 0, 0, 0, 0, 0, 0, 0, 0, 0, 0, 0, 0, 0, 0 ], [ 1, -1, 0, 0, 0, 0, 0, 0, 0, 0, 0, 0, 0, 0, 0, 0, 0 ], [ 1, 0, 1, 0, 0, 0, 0, 0, 0, 0, 0, 0, 0, 0, 0, 0, 0 ], [ 1, 0, -1, 0, 0, 0, 0, 0, 0, 0, 0, 0, 0, 0, 0, 0, 0 ], [ 1, 0, 0, 1, 0, 0, 0, 0, 0, 0, 0, 0, 0, 0, 0, 0, 0 ], [ 1, 0, 0, -1, 0, 0, 0, 0, 0, 0, 0, 0, 0, 0, 0, 0, 0 ], [ 1, 0, 0, 0, 1, 0, 0, 0, 0, 0, 0, 0, 0, 0, 0, 0, 0 ], [ 1, 0, 0, 0, -1, 0, 0, 0, 0, 0, 0, 0, 0, 0, 0, 0, 0 ], [ 1, 0, 0, 0, 0, 1, 0, 0, 0, 0, 0, 0, 0, 0, 0, 0, 0 ], [ 1, 0, 0, 0, 0, -1, 0, 0, 0, 0, 0, 0, 0, 0, 0, 0, 0 ] ] ), rec(
candidateNumber := 138,
centralizerDimension := 7,
commonPointChecks := 126,
commonSingularPoint := [ 1, E(3), E(3)^2, 0, 0, 0 ],
componentIndex := 2,
componentLabel := "corrigendum component, generic index 2",
cubicInvariantDimension := 7,
determinantImageOrder := 4,
familyDimension := 0,
familyIndexWithinCase := 1,
genericIndex := 2,
guessedCoefficients := [ 2, 5, 10, 17, 26, 37, 50 ],
guessedMemberTest := rec(
coefficientCandidates := [ [ 2, 5, 10, 17, 26, 37, 50 ], [ 1, 1, 1, 1, 1, 1, 1 ], [ 1, 2, 3, 4, 5, 6, 7 ], [ 1, -2, 3, -4, 5, -6, 7 ], [ 1, 0, 0, -1, 0, 0, 3 ], [ 1, 0, 0, 0, 0, 0, 0 ], [ 0, 1, 0, 0, 0, 0, 0 ], [ 0, 0, 1, 0, 0, 0, 0 ], [ 0, 0, 0, 1, 0, 0, 0 ], [ 0, 0, 0, 0, 1, 0, 0 ], [ 0, 0, 0, 0, 0, 1, 0 ], [ 0, 0, 0, 0, 0, 0, 1 ], [ 1, 1, 0, 0, 0, 0, 0 ], [ 1, -1, 0, 0, 0, 0, 0 ], [ 1, 0, 1, 0, 0, 0, 0 ], [ 1, 0, -1, 0, 0, 0, 0 ], [ 1, 0, 0, 1, 0, 0, 0 ], [ 1, 0, 0, -1, 0, 0, 0 ], [ 1, 0, 0, 0, 1, 0, 0 ], [ 1, 0, 0, 0, -1, 0, 0 ], [ 1, 0, 0, 0, 0, 1, 0 ], [ 1, 0, 0, 0, 0, -1, 0 ], [ 1, 0, 0, 0, 0, 0, 1 ], [ 1, 0, 0, 0, 0, 0, -1 ], [ 0, 1, 1, 0, 0, 0, 0 ], [ 0, 1, -1, 0, 0, 0, 0 ], [ 0, 1, 0, 1, 0, 0, 0 ], [ 0, 1, 0, -1, 0, 0, 0 ], [ 0, 1, 0, 0, 1, 0, 0 ], [ 0, 1, 0, 0, -1, 0, 0 ], [ 0, 1, 0, 0, 0, 1, 0 ], [ 0, 1, 0, 0, 0, -1, 0 ] ],
coefficientFieldConductor := 1,
exactTrials := [ rec(
coefficients := [ 2, 5, 10, 17, 26, 37, 50 ],
trial := rec(
coefficientFieldConductor := 1,
exitCode := 0,
singularChart := 1,
singularOutput := "CF_EXACT_SINGULAR_CHART_1\nCF_EXACT_SINGULAR\nCF_SCRIPT_COMPLETED_OK\n",
status := "exact_singular" ) ), rec(
coefficients := [ 1, 1, 1, 1, 1, 1, 1 ],
trial := rec(
coefficientFieldConductor := 1,
exitCode := 0,
singularChart := 1,
singularOutput := "CF_EXACT_SINGULAR_CHART_1\nCF_EXACT_SINGULAR\nCF_SCRIPT_COMPLETED_OK\n",
status := "exact_singular" ) ), rec(
coefficients := [ 1, 2, 3, 4, 5, 6, 7 ],
trial := rec(
coefficientFieldConductor := 1,
exitCode := 0,
singularChart := 1,
singularOutput := "CF_EXACT_SINGULAR_CHART_1\nCF_EXACT_SINGULAR\nCF_SCRIPT_COMPLETED_OK\n",
status := "exact_singular" ) ), rec(
coefficients := [ 1, -2, 3, -4, 5, -6, 7 ],
trial := rec(
coefficientFieldConductor := 1,
exitCode := 0,
singularChart := 1,
singularOutput := "CF_EXACT_SINGULAR_CHART_1\nCF_EXACT_SINGULAR\nCF_SCRIPT_COMPLETED_OK\n",
status := "exact_singular" ) ), rec(
coefficients := [ 1, 0, 0, -1, 0, 0, 3 ],
trial := rec(
coefficientFieldConductor := 1,
exitCode := 0,
singularChart := 1,
singularOutput := "CF_EXACT_SINGULAR_CHART_1\nCF_EXACT_SINGULAR\nCF_SCRIPT_COMPLETED_OK\n",
status := "exact_singular" ) ), rec(
coefficients := [ 1, 0, 0, 0, 0, 0, 0 ],
trial := rec(
coefficientFieldConductor := 1,
exitCode := 0,
singularChart := 1,
singularOutput := "CF_EXACT_SINGULAR_CHART_1\nCF_EXACT_SINGULAR\nCF_SCRIPT_COMPLETED_OK\n",
status := "exact_singular" ) ) ],
finiteFieldTrials := [ rec(
exitCode := 0,
numberOfMembersTested := 32,
prime := 5,
singularOutput := "CF_SINGULAR_MEMBER_1_END\nCF_SINGULAR_MEMBER_2_END\nCF_SINGULAR_MEMBER_3_END\nCF_SINGULAR_MEMBER_4_END\nCF_SINGULAR_MEMBER_5_END\nCF_SINGULAR_MEMBER_6_END\nCF_SINGULAR_MEMBER_7_END\nCF_SINGULAR_MEMBER_8_END\nCF_SINGULAR_MEMBER_9_END\nCF_SINGULAR_MEMBER_10_END\nCF_SINGULAR_MEMBER_11_END\nCF_SINGULAR_MEMBER_12_END\nCF_SINGULAR_MEMBER_13_END\nCF_SINGULAR_MEMBER_14_END\nCF_SINGULAR_MEMBER_15_END\nCF_SINGULAR_MEMBER_16_END\nCF_SINGULAR_MEMBER_17_END\nCF_SINGULAR_MEMBER_18_END\nCF_SINGULAR_MEMBER_19_END\nCF_SINGULAR_MEMBER_20_END\nCF_SINGULAR_MEMBER_21_END\nCF_SINGULAR_MEMBER_22_END\nCF_SINGULAR_MEMBER_23_END\nCF_SINGULAR_MEMBER_24_END\nCF_SINGULAR_MEMBER_25_END\nCF_SINGULAR_MEMBER_26_END\nCF_SINGULAR_MEMBER_27_END\nCF_SINGULAR_MEMBER_28_END\nCF_SINGULAR_MEMBER_29_END\nCF_SINGULAR_MEMBER_30_END\nCF_SINGULAR_MEMBER_31_END\nCF_SINGULAR_MEMBER_32_END\nCF_NO_SMOOTH_MEMBER\nCF_SCRIPT_COMPLETED_OK\n",
status := "no_smooth_in_batch",
witnessIndex := fail,
witnessVerificationPassed := false ), rec(
exitCode := 0,
numberOfMembersTested := 32,
prime := 7,
singularOutput := "CF_SINGULAR_MEMBER_1_END\nCF_SINGULAR_MEMBER_2_END\nCF_SINGULAR_MEMBER_3_END\nCF_SINGULAR_MEMBER_4_END\nCF_SINGULAR_MEMBER_5_END\nCF_SINGULAR_MEMBER_6_END\nCF_SINGULAR_MEMBER_7_END\nCF_SINGULAR_MEMBER_8_END\nCF_SINGULAR_MEMBER_9_END\nCF_SINGULAR_MEMBER_10_END\nCF_SINGULAR_MEMBER_11_END\nCF_SINGULAR_MEMBER_12_END\nCF_SINGULAR_MEMBER_13_END\nCF_SINGULAR_MEMBER_14_END\nCF_SINGULAR_MEMBER_15_END\nCF_SINGULAR_MEMBER_16_END\nCF_SINGULAR_MEMBER_17_END\nCF_SINGULAR_MEMBER_18_END\nCF_SINGULAR_MEMBER_19_END\nCF_SINGULAR_MEMBER_20_END\nCF_SINGULAR_MEMBER_21_END\nCF_SINGULAR_MEMBER_22_END\nCF_SINGULAR_MEMBER_23_END\nCF_SINGULAR_MEMBER_24_END\nCF_SINGULAR_MEMBER_25_END\nCF_SINGULAR_MEMBER_26_END\nCF_SINGULAR_MEMBER_27_END\nCF_SINGULAR_MEMBER_28_END\nCF_SINGULAR_MEMBER_29_END\nCF_SINGULAR_MEMBER_30_END\nCF_SINGULAR_MEMBER_31_END\nCF_SINGULAR_MEMBER_32_END\nCF_NO_SMOOTH_MEMBER\nCF_SCRIPT_COMPLETED_OK\n",
status := "no_smooth_in_batch",
witnessIndex := fail,
witnessVerificationPassed := false ), rec(
exitCode := 0,
numberOfMembersTested := 32,
prime := 11,
singularOutput := "CF_SINGULAR_MEMBER_1_END\nCF_SINGULAR_MEMBER_2_END\nCF_SINGULAR_MEMBER_3_END\nCF_SINGULAR_MEMBER_4_END\nCF_SINGULAR_MEMBER_5_END\nCF_SINGULAR_MEMBER_6_END\nCF_SINGULAR_MEMBER_7_END\nCF_SINGULAR_MEMBER_8_END\nCF_SINGULAR_MEMBER_9_END\nCF_SINGULAR_MEMBER_10_END\nCF_SINGULAR_MEMBER_11_END\nCF_SINGULAR_MEMBER_12_END\nCF_SINGULAR_MEMBER_13_END\nCF_SINGULAR_MEMBER_14_END\nCF_SINGULAR_MEMBER_15_END\nCF_SINGULAR_MEMBER_16_END\nCF_SINGULAR_MEMBER_17_END\nCF_SINGULAR_MEMBER_18_END\nCF_SINGULAR_MEMBER_19_END\nCF_SINGULAR_MEMBER_20_END\nCF_SINGULAR_MEMBER_21_END\nCF_SINGULAR_MEMBER_22_END\nCF_SINGULAR_MEMBER_23_END\nCF_SINGULAR_MEMBER_24_END\nCF_SINGULAR_MEMBER_25_END\nCF_SINGULAR_MEMBER_26_END\nCF_SINGULAR_MEMBER_27_END\nCF_SINGULAR_MEMBER_28_END\nCF_SINGULAR_MEMBER_29_END\nCF_SINGULAR_MEMBER_30_END\nCF_SINGULAR_MEMBER_31_END\nCF_SINGULAR_MEMBER_32_END\nCF_NO_SMOOTH_MEMBER\nCF_SCRIPT_COMPLETED_OK\n",
status := "no_smooth_in_batch",
witnessIndex := fail,
witnessVerificationPassed := false ) ],
method := "deterministic coefficient batch",
status := "no_smooth_witness" ),
guessedPolynomial := "(45/4)*x5*x6^2 + (-322259445063/291063152)*x5^3 + (2)*x4*x6^2 + (-196218760581/145531576)*x4*x5^2 + (-9560460900/18191447)*x4^2*x5 + (-1176922188/18191447)*x4^3 + (5)*x3*x6^2 + (318756393/1106704)*x3*x5^2 + (11720013/69169)*x3*x4*x5 + (10)*x3*x4^2 + (17)*x3^2*x5 + (26)*x3^2*x4 + (50)*x3^3 + (5)*x2*x6^2 + (318756393/1106704)*x2*x5^2 + (11720013/69169)*x2*x4*x5 + (10)*x2*x4^2 + (70301/263)*x2*x3*x5 + (40118/263)*x2*x3*x4 + (37)*x2*x3^2 + (17)*x2^2*x5 + (26)*x2^2*x4 + (37)*x2^2*x3 + (50)*x2^3 + (5)*x1*x6^2 + (318756393/1106704)*x1*x5^2 + (11720013/69169)*x1*x4*x5 + (10)*x1*x4^2 + (70301/263)*x1*x3*x5 + (40118/263)*x1*x3*x4 + (37)*x1*x3^2 + (70301/263)*x1*x2*x5 + (40118/263)*x1*x2*x4 + (-39)*x1*x2*x3 + (37)*x1*x2^2 + (17)*x1^2*x5 + (26)*x1^2*x4 + (37)*x1^2*x3 + (37)*x1^2*x2 + (50)*x1^3",
isDirectKnownCase := false,
linearGId := [ 72, 27 ],
projectiveGId := [ 24, 5 ],
proofType := "an exact common singular point was found for the invariant basis",
status := "singular",
symplecticPart := "S3",
testedCoefficientCandidates := [ [ 2, 5, 10, 17, 26, 37, 50 ], [ 1, 1, 1, 1, 1, 1, 1 ], [ 1, 2, 3, 4, 5, 6, 7 ], [ 1, -2, 3, -4, 5, -6, 7 ], [ 1, 0, 0, -1, 0, 0, 3 ], [ 1, 0, 0, 0, 0, 0, 0 ], [ 0, 1, 0, 0, 0, 0, 0 ], [ 0, 0, 1, 0, 0, 0, 0 ], [ 0, 0, 0, 1, 0, 0, 0 ], [ 0, 0, 0, 0, 1, 0, 0 ], [ 0, 0, 0, 0, 0, 1, 0 ], [ 0, 0, 0, 0, 0, 0, 1 ], [ 1, 1, 0, 0, 0, 0, 0 ], [ 1, -1, 0, 0, 0, 0, 0 ], [ 1, 0, 1, 0, 0, 0, 0 ], [ 1, 0, -1, 0, 0, 0, 0 ], [ 1, 0, 0, 1, 0, 0, 0 ], [ 1, 0, 0, -1, 0, 0, 0 ], [ 1, 0, 0, 0, 1, 0, 0 ], [ 1, 0, 0, 0, -1, 0, 0 ], [ 1, 0, 0, 0, 0, 1, 0 ], [ 1, 0, 0, 0, 0, -1, 0 ], [ 1, 0, 0, 0, 0, 0, 1 ], [ 1, 0, 0, 0, 0, 0, -1 ], [ 0, 1, 1, 0, 0, 0, 0 ], [ 0, 1, -1, 0, 0, 0, 0 ], [ 0, 1, 0, 1, 0, 0, 0 ], [ 0, 1, 0, -1, 0, 0, 0 ], [ 0, 1, 0, 0, 1, 0, 0 ], [ 0, 1, 0, 0, -1, 0, 0 ], [ 0, 1, 0, 0, 0, 1, 0 ], [ 0, 1, 0, 0, 0, -1, 0 ] ] ), rec(
candidateNumber := 139,
centralizerDimension := 7,
commonPointChecks := 4056,
commonPointLimitReached := false,
componentIndex := 2,
componentLabel := "corrigendum component, generic index 2",
cubicInvariantDimension := 8,
determinantImageOrder := 4,
exactCommonLocusTest := rec(
coefficientFieldConductor := 1,
exitCode := 0,
singularChart := fail,
singularOutput := "CF_NO_COMMON_SINGULAR_POINT\nCF_SCRIPT_COMPLETED_OK\n",
status := "no_common_singular_point" ),
familyDimension := 1,
familyIndexWithinCase := 2,
genericIndex := 2,
guessedCoefficients := [ 2, 5, 10, 17, 26, 37, 50, 65 ],
guessedMemberTest := rec(
coefficientCandidates := [ [ 2, 5, 10, 17, 26, 37, 50, 65 ], [ 1, 1, 1, 1, 1, 1, 1, 1 ], [ 1, 2, 3, 4, 5, 6, 7, 8 ], [ 1, -2, 3, -4, 5, -6, 7, -8 ], [ 1, 0, 0, -1, 0, 0, 0, 3 ], [ 1, 0, 0, 0, 0, 0, 0, 0 ], [ 0, 1, 0, 0, 0, 0, 0, 0 ], [ 0, 0, 1, 0, 0, 0, 0, 0 ], [ 0, 0, 0, 1, 0, 0, 0, 0 ], [ 0, 0, 0, 0, 1, 0, 0, 0 ], [ 0, 0, 0, 0, 0, 1, 0, 0 ], [ 0, 0, 0, 0, 0, 0, 1, 0 ], [ 0, 0, 0, 0, 0, 0, 0, 1 ], [ 1, 1, 0, 0, 0, 0, 0, 0 ], [ 1, -1, 0, 0, 0, 0, 0, 0 ], [ 1, 0, 1, 0, 0, 0, 0, 0 ], [ 1, 0, -1, 0, 0, 0, 0, 0 ], [ 1, 0, 0, 1, 0, 0, 0, 0 ], [ 1, 0, 0, -1, 0, 0, 0, 0 ], [ 1, 0, 0, 0, 1, 0, 0, 0 ], [ 1, 0, 0, 0, -1, 0, 0, 0 ], [ 1, 0, 0, 0, 0, 1, 0, 0 ], [ 1, 0, 0, 0, 0, -1, 0, 0 ], [ 1, 0, 0, 0, 0, 0, 1, 0 ], [ 1, 0, 0, 0, 0, 0, -1, 0 ], [ 1, 0, 0, 0, 0, 0, 0, 1 ], [ 1, 0, 0, 0, 0, 0, 0, -1 ], [ 0, 1, 1, 0, 0, 0, 0, 0 ], [ 0, 1, -1, 0, 0, 0, 0, 0 ], [ 0, 1, 0, 1, 0, 0, 0, 0 ], [ 0, 1, 0, -1, 0, 0, 0, 0 ], [ 0, 1, 0, 0, 1, 0, 0, 0 ] ],
coefficientFieldConductor := 1,
exactTrials := [ rec(
coefficients := [ 2, 5, 10, 17, 26, 37, 50, 65 ],
trial := rec(
coefficientFieldConductor := 1,
exitCode := 0,
singularChart := 1,
singularOutput := "CF_EXACT_SINGULAR_CHART_1\nCF_EXACT_SINGULAR\nCF_SCRIPT_COMPLETED_OK\n",
status := "exact_singular" ) ), rec(
coefficients := [ 1, 1, 1, 1, 1, 1, 1, 1 ],
trial := rec(
coefficientFieldConductor := 1,
exitCode := 0,
singularChart := 1,
singularOutput := "CF_EXACT_SINGULAR_CHART_1\nCF_EXACT_SINGULAR\nCF_SCRIPT_COMPLETED_OK\n",
status := "exact_singular" ) ), rec(
coefficients := [ 1, 2, 3, 4, 5, 6, 7, 8 ],
trial := rec(
coefficientFieldConductor := 1,
exitCode := 0,
singularChart := 1,
singularOutput := "CF_EXACT_SINGULAR_CHART_1\nCF_EXACT_SINGULAR\nCF_SCRIPT_COMPLETED_OK\n",
status := "exact_singular" ) ), rec(
coefficients := [ 1, -2, 3, -4, 5, -6, 7, -8 ],
trial := rec(
coefficientFieldConductor := 1,
exitCode := 0,
singularChart := 1,
singularOutput := "CF_EXACT_SINGULAR_CHART_1\nCF_EXACT_SINGULAR\nCF_SCRIPT_COMPLETED_OK\n",
status := "exact_singular" ) ), rec(
coefficients := [ 1, 0, 0, -1, 0, 0, 0, 3 ],
trial := rec(
coefficientFieldConductor := 1,
exitCode := 0,
singularChart := 1,
singularOutput := "CF_EXACT_SINGULAR_CHART_1\nCF_EXACT_SINGULAR\nCF_SCRIPT_COMPLETED_OK\n",
status := "exact_singular" ) ), rec(
coefficients := [ 1, 0, 0, 0, 0, 0, 0, 0 ],
trial := rec(
coefficientFieldConductor := 1,
exitCode := 0,
singularChart := 1,
singularOutput := "CF_EXACT_SINGULAR_CHART_1\nCF_EXACT_SINGULAR\nCF_SCRIPT_COMPLETED_OK\n",
status := "exact_singular" ) ) ],
finiteFieldTrials := [ rec(
exitCode := 0,
numberOfMembersTested := 32,
prime := 5,
singularOutput := "CF_SINGULAR_MEMBER_1_END\nCF_SINGULAR_MEMBER_2_END\nCF_SINGULAR_MEMBER_3_END\nCF_SINGULAR_MEMBER_4_END\nCF_SINGULAR_MEMBER_5_END\nCF_SINGULAR_MEMBER_6_END\nCF_SINGULAR_MEMBER_7_END\nCF_SINGULAR_MEMBER_8_END\nCF_SINGULAR_MEMBER_9_END\nCF_SINGULAR_MEMBER_10_END\nCF_SINGULAR_MEMBER_11_END\nCF_SINGULAR_MEMBER_12_END\nCF_SINGULAR_MEMBER_13_END\nCF_SINGULAR_MEMBER_14_END\nCF_SINGULAR_MEMBER_15_END\nCF_SINGULAR_MEMBER_16_END\nCF_SINGULAR_MEMBER_17_END\nCF_SINGULAR_MEMBER_18_END\nCF_SINGULAR_MEMBER_19_END\nCF_SINGULAR_MEMBER_20_END\nCF_SINGULAR_MEMBER_21_END\nCF_SINGULAR_MEMBER_22_END\nCF_SINGULAR_MEMBER_23_END\nCF_SINGULAR_MEMBER_24_END\nCF_SINGULAR_MEMBER_25_END\nCF_SINGULAR_MEMBER_26_END\nCF_SINGULAR_MEMBER_27_END\nCF_SINGULAR_MEMBER_28_END\nCF_SINGULAR_MEMBER_29_END\nCF_SINGULAR_MEMBER_30_END\nCF_SINGULAR_MEMBER_31_END\nCF_SINGULAR_MEMBER_32_END\nCF_NO_SMOOTH_MEMBER\nCF_SCRIPT_COMPLETED_OK\n",
status := "no_smooth_in_batch",
witnessIndex := fail,
witnessVerificationPassed := false ), rec(
exitCode := 0,
numberOfMembersTested := 32,
prime := 7,
singularOutput := "CF_SINGULAR_MEMBER_1_END\nCF_SINGULAR_MEMBER_2_END\nCF_SINGULAR_MEMBER_3_END\nCF_SINGULAR_MEMBER_4_END\nCF_SINGULAR_MEMBER_5_END\nCF_SINGULAR_MEMBER_6_END\nCF_SINGULAR_MEMBER_7_END\nCF_SINGULAR_MEMBER_8_END\nCF_SINGULAR_MEMBER_9_END\nCF_SINGULAR_MEMBER_10_END\nCF_SINGULAR_MEMBER_11_END\nCF_SINGULAR_MEMBER_12_END\nCF_SINGULAR_MEMBER_13_END\nCF_SINGULAR_MEMBER_14_END\nCF_SINGULAR_MEMBER_15_END\nCF_SINGULAR_MEMBER_16_END\nCF_SINGULAR_MEMBER_17_END\nCF_SINGULAR_MEMBER_18_END\nCF_SINGULAR_MEMBER_19_END\nCF_SINGULAR_MEMBER_20_END\nCF_SINGULAR_MEMBER_21_END\nCF_SINGULAR_MEMBER_22_END\nCF_SINGULAR_MEMBER_23_END\nCF_SINGULAR_MEMBER_24_END\nCF_SINGULAR_MEMBER_25_END\nCF_SINGULAR_MEMBER_26_END\nCF_SINGULAR_MEMBER_27_END\nCF_SINGULAR_MEMBER_28_END\nCF_SINGULAR_MEMBER_29_END\nCF_SINGULAR_MEMBER_30_END\nCF_SINGULAR_MEMBER_31_END\nCF_SINGULAR_MEMBER_32_END\nCF_NO_SMOOTH_MEMBER\nCF_SCRIPT_COMPLETED_OK\n",
status := "no_smooth_in_batch",
witnessIndex := fail,
witnessVerificationPassed := false ), rec(
exitCode := 0,
numberOfMembersTested := 32,
prime := 11,
singularOutput := "CF_SINGULAR_MEMBER_1_END\nCF_SINGULAR_MEMBER_2_END\nCF_SINGULAR_MEMBER_3_END\nCF_SINGULAR_MEMBER_4_END\nCF_SINGULAR_MEMBER_5_END\nCF_SINGULAR_MEMBER_6_END\nCF_SINGULAR_MEMBER_7_END\nCF_SINGULAR_MEMBER_8_END\nCF_SINGULAR_MEMBER_9_END\nCF_SINGULAR_MEMBER_10_END\nCF_SINGULAR_MEMBER_11_END\nCF_SINGULAR_MEMBER_12_END\nCF_SINGULAR_MEMBER_13_END\nCF_SINGULAR_MEMBER_14_END\nCF_SINGULAR_MEMBER_15_END\nCF_SINGULAR_MEMBER_16_END\nCF_SINGULAR_MEMBER_17_END\nCF_SINGULAR_MEMBER_18_END\nCF_SINGULAR_MEMBER_19_END\nCF_SINGULAR_MEMBER_20_END\nCF_SINGULAR_MEMBER_21_END\nCF_SINGULAR_MEMBER_22_END\nCF_SINGULAR_MEMBER_23_END\nCF_SINGULAR_MEMBER_24_END\nCF_SINGULAR_MEMBER_25_END\nCF_SINGULAR_MEMBER_26_END\nCF_SINGULAR_MEMBER_27_END\nCF_SINGULAR_MEMBER_28_END\nCF_SINGULAR_MEMBER_29_END\nCF_SINGULAR_MEMBER_30_END\nCF_SINGULAR_MEMBER_31_END\nCF_SINGULAR_MEMBER_32_END\nCF_NO_SMOOTH_MEMBER\nCF_SCRIPT_COMPLETED_OK\n",
status := "no_smooth_in_batch",
witnessIndex := fail,
witnessVerificationPassed := false ) ],
method := "deterministic coefficient batch",
status := "no_smooth_witness" ),
guessedPolynomial := "(45/4)*x5*x6^2 + (-1687695108065/1164252608)*x5^3 + (2)*x4*x6^2 + (-1017829872099/582126304)*x4*x5^2 + (-24435749409/36382894)*x4^2*x5 + (-1468680408/18191447)*x4^3 + (5)*x3*x6^2 + (1730551871/4426816)*x3*x5^2 + (61654593/276676)*x3*x4*x5 + (10)*x3*x4^2 + (26)*x3^2*x5 + (37)*x3^2*x4 + (65)*x3^3 + (5)*x2*x6^2 + (1730551871/4426816)*x2*x5^2 + (61654593/276676)*x2*x4*x5 + (10)*x2*x4^2 + (81189/263)*x2*x3*x5 + (48556/263)*x2*x3*x4 + (50)*x2*x3^2 + (26)*x2^2*x5 + (37)*x2^2*x4 + (50)*x2^2*x3 + (65)*x2^3 + (5)*x1*x6^2 + (1730551871/4426816)*x1*x5^2 + (61654593/276676)*x1*x4*x5 + (10)*x1*x4^2 + (81189/263)*x1*x3*x5 + (48556/263)*x1*x3*x4 + (50)*x1*x3^2 + (81189/263)*x1*x2*x5 + (48556/263)*x1*x2*x4 + (17)*x1*x2*x3 + (50)*x1*x2^2 + (26)*x1^2*x5 + (37)*x1^2*x4 + (50)*x1^2*x3 + (50)*x1^2*x2 + (65)*x1^3",
isDirectKnownCase := false,
linearGId := [ 72, 27 ],
projectiveGId := [ 24, 5 ],
proofType := "no smooth member or family-wide singularity certificate was found",
status := "unknown",
symplecticPart := "S3",
testedCoefficientCandidates := [ [ 2, 5, 10, 17, 26, 37, 50, 65 ], [ 1, 1, 1, 1, 1, 1, 1, 1 ], [ 1, 2, 3, 4, 5, 6, 7, 8 ], [ 1, -2, 3, -4, 5, -6, 7, -8 ], [ 1, 0, 0, -1, 0, 0, 0, 3 ], [ 1, 0, 0, 0, 0, 0, 0, 0 ], [ 0, 1, 0, 0, 0, 0, 0, 0 ], [ 0, 0, 1, 0, 0, 0, 0, 0 ], [ 0, 0, 0, 1, 0, 0, 0, 0 ], [ 0, 0, 0, 0, 1, 0, 0, 0 ], [ 0, 0, 0, 0, 0, 1, 0, 0 ], [ 0, 0, 0, 0, 0, 0, 1, 0 ], [ 0, 0, 0, 0, 0, 0, 0, 1 ], [ 1, 1, 0, 0, 0, 0, 0, 0 ], [ 1, -1, 0, 0, 0, 0, 0, 0 ], [ 1, 0, 1, 0, 0, 0, 0, 0 ], [ 1, 0, -1, 0, 0, 0, 0, 0 ], [ 1, 0, 0, 1, 0, 0, 0, 0 ], [ 1, 0, 0, -1, 0, 0, 0, 0 ], [ 1, 0, 0, 0, 1, 0, 0, 0 ], [ 1, 0, 0, 0, -1, 0, 0, 0 ], [ 1, 0, 0, 0, 0, 1, 0, 0 ], [ 1, 0, 0, 0, 0, -1, 0, 0 ], [ 1, 0, 0, 0, 0, 0, 1, 0 ], [ 1, 0, 0, 0, 0, 0, -1, 0 ], [ 1, 0, 0, 0, 0, 0, 0, 1 ], [ 1, 0, 0, 0, 0, 0, 0, -1 ], [ 0, 1, 1, 0, 0, 0, 0, 0 ], [ 0, 1, -1, 0, 0, 0, 0, 0 ], [ 0, 1, 0, 1, 0, 0, 0, 0 ], [ 0, 1, 0, -1, 0, 0, 0, 0 ], [ 0, 1, 0, 0, 1, 0, 0, 0 ] ] ), rec(
candidateNumber := 140,
centralizerDimension := 7,
commonPointChecks := 126,
commonSingularPoint := [ 1, E(3), E(3)^2, 0, 0, 0 ],
componentIndex := 2,
componentLabel := "corrigendum component, generic index 2",
cubicInvariantDimension := 9,
determinantImageOrder := 4,
familyDimension := 2,
familyIndexWithinCase := 3,
genericIndex := 2,
guessedCoefficients := [ 2, 5, 10, 17, 26, 37, 50, 65, 82 ],
guessedMemberTest := rec(
coefficientCandidates := [ [ 2, 5, 10, 17, 26, 37, 50, 65, 82 ], [ 1, 1, 1, 1, 1, 1, 1, 1, 1 ], [ 1, 2, 3, 4, 5, 6, 7, 8, 9 ], [ 1, -2, 3, -4, 5, -6, 7, -8, 9 ], [ 1, 0, 0, 0, -1, 0, 0, 0, 3 ], [ 1, 0, 0, 0, 0, 0, 0, 0, 0 ], [ 0, 1, 0, 0, 0, 0, 0, 0, 0 ], [ 0, 0, 1, 0, 0, 0, 0, 0, 0 ], [ 0, 0, 0, 1, 0, 0, 0, 0, 0 ], [ 0, 0, 0, 0, 1, 0, 0, 0, 0 ], [ 0, 0, 0, 0, 0, 1, 0, 0, 0 ], [ 0, 0, 0, 0, 0, 0, 1, 0, 0 ], [ 0, 0, 0, 0, 0, 0, 0, 1, 0 ], [ 0, 0, 0, 0, 0, 0, 0, 0, 1 ], [ 1, 1, 0, 0, 0, 0, 0, 0, 0 ], [ 1, -1, 0, 0, 0, 0, 0, 0, 0 ], [ 1, 0, 1, 0, 0, 0, 0, 0, 0 ], [ 1, 0, -1, 0, 0, 0, 0, 0, 0 ], [ 1, 0, 0, 1, 0, 0, 0, 0, 0 ], [ 1, 0, 0, -1, 0, 0, 0, 0, 0 ], [ 1, 0, 0, 0, 1, 0, 0, 0, 0 ], [ 1, 0, 0, 0, -1, 0, 0, 0, 0 ], [ 1, 0, 0, 0, 0, 1, 0, 0, 0 ], [ 1, 0, 0, 0, 0, -1, 0, 0, 0 ], [ 1, 0, 0, 0, 0, 0, 1, 0, 0 ], [ 1, 0, 0, 0, 0, 0, -1, 0, 0 ], [ 1, 0, 0, 0, 0, 0, 0, 1, 0 ], [ 1, 0, 0, 0, 0, 0, 0, -1, 0 ], [ 1, 0, 0, 0, 0, 0, 0, 0, 1 ], [ 1, 0, 0, 0, 0, 0, 0, 0, -1 ], [ 0, 1, 1, 0, 0, 0, 0, 0, 0 ], [ 0, 1, -1, 0, 0, 0, 0, 0, 0 ] ],
coefficientFieldConductor := 1,
exactTrials := [ rec(
coefficients := [ 2, 5, 10, 17, 26, 37, 50, 65, 82 ],
trial := rec(
coefficientFieldConductor := 1,
exitCode := 0,
singularChart := 1,
singularOutput := "CF_EXACT_SINGULAR_CHART_1\nCF_EXACT_SINGULAR\nCF_SCRIPT_COMPLETED_OK\n",
status := "exact_singular" ) ), rec(
coefficients := [ 1, 1, 1, 1, 1, 1, 1, 1, 1 ],
trial := rec(
coefficientFieldConductor := 1,
exitCode := 0,
singularChart := 1,
singularOutput := "CF_EXACT_SINGULAR_CHART_1\nCF_EXACT_SINGULAR\nCF_SCRIPT_COMPLETED_OK\n",
status := "exact_singular" ) ), rec(
coefficients := [ 1, 2, 3, 4, 5, 6, 7, 8, 9 ],
trial := rec(
coefficientFieldConductor := 1,
exitCode := 0,
singularChart := 1,
singularOutput := "CF_EXACT_SINGULAR_CHART_1\nCF_EXACT_SINGULAR\nCF_SCRIPT_COMPLETED_OK\n",
status := "exact_singular" ) ), rec(
coefficients := [ 1, -2, 3, -4, 5, -6, 7, -8, 9 ],
trial := rec(
coefficientFieldConductor := 1,
exitCode := 0,
singularChart := 1,
singularOutput := "CF_EXACT_SINGULAR_CHART_1\nCF_EXACT_SINGULAR\nCF_SCRIPT_COMPLETED_OK\n",
status := "exact_singular" ) ), rec(
coefficients := [ 1, 0, 0, 0, -1, 0, 0, 0, 3 ],
trial := rec(
coefficientFieldConductor := 1,
exitCode := 0,
singularChart := 1,
singularOutput := "CF_EXACT_SINGULAR_CHART_1\nCF_EXACT_SINGULAR\nCF_SCRIPT_COMPLETED_OK\n",
status := "exact_singular" ) ), rec(
coefficients := [ 1, 0, 0, 0, 0, 0, 0, 0, 0 ],
trial := rec(
coefficientFieldConductor := 1,
exitCode := 0,
singularChart := 1,
singularOutput := "CF_EXACT_SINGULAR_CHART_1\nCF_EXACT_SINGULAR\nCF_SCRIPT_COMPLETED_OK\n",
status := "exact_singular" ) ) ],
finiteFieldTrials := [ rec(
exitCode := 0,
numberOfMembersTested := 32,
prime := 5,
singularOutput := "CF_SINGULAR_MEMBER_1_END\nCF_SINGULAR_MEMBER_2_END\nCF_SINGULAR_MEMBER_3_END\nCF_SINGULAR_MEMBER_4_END\nCF_SINGULAR_MEMBER_5_END\nCF_SINGULAR_MEMBER_6_END\nCF_SINGULAR_MEMBER_7_END\nCF_SINGULAR_MEMBER_8_END\nCF_SINGULAR_MEMBER_9_END\nCF_SINGULAR_MEMBER_10_END\nCF_SINGULAR_MEMBER_11_END\nCF_SINGULAR_MEMBER_12_END\nCF_SINGULAR_MEMBER_13_END\nCF_SINGULAR_MEMBER_14_END\nCF_SINGULAR_MEMBER_15_END\nCF_SINGULAR_MEMBER_16_END\nCF_SINGULAR_MEMBER_17_END\nCF_SINGULAR_MEMBER_18_END\nCF_SINGULAR_MEMBER_19_END\nCF_SINGULAR_MEMBER_20_END\nCF_SINGULAR_MEMBER_21_END\nCF_SINGULAR_MEMBER_22_END\nCF_SINGULAR_MEMBER_23_END\nCF_SINGULAR_MEMBER_24_END\nCF_SINGULAR_MEMBER_25_END\nCF_SINGULAR_MEMBER_26_END\nCF_SINGULAR_MEMBER_27_END\nCF_SINGULAR_MEMBER_28_END\nCF_SINGULAR_MEMBER_29_END\nCF_SINGULAR_MEMBER_30_END\nCF_SINGULAR_MEMBER_31_END\nCF_SINGULAR_MEMBER_32_END\nCF_NO_SMOOTH_MEMBER\nCF_SCRIPT_COMPLETED_OK\n",
status := "no_smooth_in_batch",
witnessIndex := fail,
witnessVerificationPassed := false ), rec(
exitCode := 0,
numberOfMembersTested := 32,
prime := 7,
singularOutput := "CF_SINGULAR_MEMBER_1_END\nCF_SINGULAR_MEMBER_2_END\nCF_SINGULAR_MEMBER_3_END\nCF_SINGULAR_MEMBER_4_END\nCF_SINGULAR_MEMBER_5_END\nCF_SINGULAR_MEMBER_6_END\nCF_SINGULAR_MEMBER_7_END\nCF_SINGULAR_MEMBER_8_END\nCF_SINGULAR_MEMBER_9_END\nCF_SINGULAR_MEMBER_10_END\nCF_SINGULAR_MEMBER_11_END\nCF_SINGULAR_MEMBER_12_END\nCF_SINGULAR_MEMBER_13_END\nCF_SINGULAR_MEMBER_14_END\nCF_SINGULAR_MEMBER_15_END\nCF_SINGULAR_MEMBER_16_END\nCF_SINGULAR_MEMBER_17_END\nCF_SINGULAR_MEMBER_18_END\nCF_SINGULAR_MEMBER_19_END\nCF_SINGULAR_MEMBER_20_END\nCF_SINGULAR_MEMBER_21_END\nCF_SINGULAR_MEMBER_22_END\nCF_SINGULAR_MEMBER_23_END\nCF_SINGULAR_MEMBER_24_END\nCF_SINGULAR_MEMBER_25_END\nCF_SINGULAR_MEMBER_26_END\nCF_SINGULAR_MEMBER_27_END\nCF_SINGULAR_MEMBER_28_END\nCF_SINGULAR_MEMBER_29_END\nCF_SINGULAR_MEMBER_30_END\nCF_SINGULAR_MEMBER_31_END\nCF_SINGULAR_MEMBER_32_END\nCF_NO_SMOOTH_MEMBER\nCF_SCRIPT_COMPLETED_OK\n",
status := "no_smooth_in_batch",
witnessIndex := fail,
witnessVerificationPassed := false ), rec(
exitCode := 0,
numberOfMembersTested := 32,
prime := 11,
singularOutput := "CF_SINGULAR_MEMBER_1_END\nCF_SINGULAR_MEMBER_2_END\nCF_SINGULAR_MEMBER_3_END\nCF_SINGULAR_MEMBER_4_END\nCF_SINGULAR_MEMBER_5_END\nCF_SINGULAR_MEMBER_6_END\nCF_SINGULAR_MEMBER_7_END\nCF_SINGULAR_MEMBER_8_END\nCF_SINGULAR_MEMBER_9_END\nCF_SINGULAR_MEMBER_10_END\nCF_SINGULAR_MEMBER_11_END\nCF_SINGULAR_MEMBER_12_END\nCF_SINGULAR_MEMBER_13_END\nCF_SINGULAR_MEMBER_14_END\nCF_SINGULAR_MEMBER_15_END\nCF_SINGULAR_MEMBER_16_END\nCF_SINGULAR_MEMBER_17_END\nCF_SINGULAR_MEMBER_18_END\nCF_SINGULAR_MEMBER_19_END\nCF_SINGULAR_MEMBER_20_END\nCF_SINGULAR_MEMBER_21_END\nCF_SINGULAR_MEMBER_22_END\nCF_SINGULAR_MEMBER_23_END\nCF_SINGULAR_MEMBER_24_END\nCF_SINGULAR_MEMBER_25_END\nCF_SINGULAR_MEMBER_26_END\nCF_SINGULAR_MEMBER_27_END\nCF_SINGULAR_MEMBER_28_END\nCF_SINGULAR_MEMBER_29_END\nCF_SINGULAR_MEMBER_30_END\nCF_SINGULAR_MEMBER_31_END\nCF_SINGULAR_MEMBER_32_END\nCF_NO_SMOOTH_MEMBER\nCF_SCRIPT_COMPLETED_OK\n",
status := "no_smooth_in_batch",
witnessIndex := fail,
witnessVerificationPassed := false ) ],
method := "deterministic coefficient batch",
status := "no_smooth_witness" ),
guessedPolynomial := "(-1020/29)*x5*x6^2 + (-2075022599/11536838)*x5^3 + (-660/29)*x4*x6^2 + (-97280754/15979)*x4*x5^2 + (-84869487/15979)*x4^2*x5 + (2)*x4^3 + (5)*x3*x6^2 + (-22005091/20938)*x3*x5^2 + (10)*x3*x4*x5 + (17)*x3*x4^2 + (37)*x3^2*x5 + (50)*x3^2*x4 + (82)*x3^3 + (5)*x2*x6^2 + (-22005091/20938)*x2*x5^2 + (10)*x2*x4*x5 + (17)*x2*x4^2 + (6861/19)*x2*x3*x5 + (26)*x2*x3*x4 + (65)*x2*x3^2 + (37)*x2^2*x5 + (50)*x2^2*x4 + (65)*x2^2*x3 + (82)*x2^3 + (5)*x1*x6^2 + (-22005091/20938)*x1*x5^2 + (10)*x1*x4*x5 + (17)*x1*x4^2 + (6861/19)*x1*x3*x5 + (26)*x1*x3*x4 + (65)*x1*x3^2 + (6861/19)*x1*x2*x5 + (26)*x1*x2*x4 + (-51)*x1*x2*x3 + (65)*x1*x2^2 + (37)*x1^2*x5 + (50)*x1^2*x4 + (65)*x1^2*x3 + (65)*x1^2*x2 + (82)*x1^3",
isDirectKnownCase := false,
linearGId := [ 72, 27 ],
projectiveGId := [ 24, 5 ],
proofType := "an exact common singular point was found for the invariant basis",
status := "singular",
symplecticPart := "S3",
testedCoefficientCandidates := [ [ 2, 5, 10, 17, 26, 37, 50, 65, 82 ], [ 1, 1, 1, 1, 1, 1, 1, 1, 1 ], [ 1, 2, 3, 4, 5, 6, 7, 8, 9 ], [ 1, -2, 3, -4, 5, -6, 7, -8, 9 ], [ 1, 0, 0, 0, -1, 0, 0, 0, 3 ], [ 1, 0, 0, 0, 0, 0, 0, 0, 0 ], [ 0, 1, 0, 0, 0, 0, 0, 0, 0 ], [ 0, 0, 1, 0, 0, 0, 0, 0, 0 ], [ 0, 0, 0, 1, 0, 0, 0, 0, 0 ], [ 0, 0, 0, 0, 1, 0, 0, 0, 0 ], [ 0, 0, 0, 0, 0, 1, 0, 0, 0 ], [ 0, 0, 0, 0, 0, 0, 1, 0, 0 ], [ 0, 0, 0, 0, 0, 0, 0, 1, 0 ], [ 0, 0, 0, 0, 0, 0, 0, 0, 1 ], [ 1, 1, 0, 0, 0, 0, 0, 0, 0 ], [ 1, -1, 0, 0, 0, 0, 0, 0, 0 ], [ 1, 0, 1, 0, 0, 0, 0, 0, 0 ], [ 1, 0, -1, 0, 0, 0, 0, 0, 0 ], [ 1, 0, 0, 1, 0, 0, 0, 0, 0 ], [ 1, 0, 0, -1, 0, 0, 0, 0, 0 ], [ 1, 0, 0, 0, 1, 0, 0, 0, 0 ], [ 1, 0, 0, 0, -1, 0, 0, 0, 0 ], [ 1, 0, 0, 0, 0, 1, 0, 0, 0 ], [ 1, 0, 0, 0, 0, -1, 0, 0, 0 ], [ 1, 0, 0, 0, 0, 0, 1, 0, 0 ], [ 1, 0, 0, 0, 0, 0, -1, 0, 0 ], [ 1, 0, 0, 0, 0, 0, 0, 1, 0 ], [ 1, 0, 0, 0, 0, 0, 0, -1, 0 ], [ 1, 0, 0, 0, 0, 0, 0, 0, 1 ], [ 1, 0, 0, 0, 0, 0, 0, 0, -1 ], [ 0, 1, 1, 0, 0, 0, 0, 0, 0 ], [ 0, 1, -1, 0, 0, 0, 0, 0, 0 ] ] ), rec(
candidateNumber := 141,
centralizerDimension := 7,
componentIndex := 2,
componentLabel := "corrigendum component, generic index 2",
cubicInvariantDimension := 10,
determinantImageOrder := 4,
familyDimension := 3,
familyIndexWithinCase := 4,
genericIndex := 2,
guessedCoefficients := [ 2, 5, 10, 17, 26, 37, 50, 65, 82, 101 ],
guessedMemberTest := rec(
coefficientCandidates := [ [ 2, 5, 10, 17, 26, 37, 50, 65, 82, 101 ], [ 1, 1, 1, 1, 1, 1, 1, 1, 1, 1 ], [ 1, 2, 3, 4, 5, 6, 7, 8, 9, 10 ], [ 1, -2, 3, -4, 5, -6, 7, -8, 9, -10 ], [ 1, 0, 0, 0, -1, 0, 0, 0, 0, 3 ], [ 1, 0, 0, 0, 0, 0, 0, 0, 0, 0 ], [ 0, 1, 0, 0, 0, 0, 0, 0, 0, 0 ], [ 0, 0, 1, 0, 0, 0, 0, 0, 0, 0 ], [ 0, 0, 0, 1, 0, 0, 0, 0, 0, 0 ], [ 0, 0, 0, 0, 1, 0, 0, 0, 0, 0 ], [ 0, 0, 0, 0, 0, 1, 0, 0, 0, 0 ], [ 0, 0, 0, 0, 0, 0, 1, 0, 0, 0 ], [ 0, 0, 0, 0, 0, 0, 0, 1, 0, 0 ], [ 0, 0, 0, 0, 0, 0, 0, 0, 1, 0 ], [ 0, 0, 0, 0, 0, 0, 0, 0, 0, 1 ], [ 1, 1, 0, 0, 0, 0, 0, 0, 0, 0 ], [ 1, -1, 0, 0, 0, 0, 0, 0, 0, 0 ], [ 1, 0, 1, 0, 0, 0, 0, 0, 0, 0 ], [ 1, 0, -1, 0, 0, 0, 0, 0, 0, 0 ], [ 1, 0, 0, 1, 0, 0, 0, 0, 0, 0 ], [ 1, 0, 0, -1, 0, 0, 0, 0, 0, 0 ], [ 1, 0, 0, 0, 1, 0, 0, 0, 0, 0 ], [ 1, 0, 0, 0, -1, 0, 0, 0, 0, 0 ], [ 1, 0, 0, 0, 0, 1, 0, 0, 0, 0 ], [ 1, 0, 0, 0, 0, -1, 0, 0, 0, 0 ], [ 1, 0, 0, 0, 0, 0, 1, 0, 0, 0 ], [ 1, 0, 0, 0, 0, 0, -1, 0, 0, 0 ], [ 1, 0, 0, 0, 0, 0, 0, 1, 0, 0 ], [ 1, 0, 0, 0, 0, 0, 0, -1, 0, 0 ], [ 1, 0, 0, 0, 0, 0, 0, 0, 1, 0 ], [ 1, 0, 0, 0, 0, 0, 0, 0, -1, 0 ], [ 1, 0, 0, 0, 0, 0, 0, 0, 0, 1 ] ],
coefficientFieldConductor := 1,
exactTrials := [  ],
finiteFieldTrials := [ rec(
exitCode := 0,
numberOfMembersTested := 32,
prime := 5,
singularOutput := "CF_SINGULAR_MEMBER_1_END\nCF_SINGULAR_MEMBER_2_END\nCF_SINGULAR_MEMBER_3_END\nCF_SINGULAR_MEMBER_4_END\nCF_SINGULAR_MEMBER_5_END\nCF_SINGULAR_MEMBER_6_END\nCF_SINGULAR_MEMBER_7_END\nCF_SINGULAR_MEMBER_8_END\nCF_SINGULAR_MEMBER_9_END\nCF_SINGULAR_MEMBER_10_END\nCF_SINGULAR_MEMBER_11_END\nCF_SINGULAR_MEMBER_12_END\nCF_SINGULAR_MEMBER_13_END\nCF_SINGULAR_MEMBER_14_END\nCF_SINGULAR_MEMBER_15_END\nCF_SINGULAR_MEMBER_16_END\nCF_SINGULAR_MEMBER_17_END\nCF_SINGULAR_MEMBER_18_END\nCF_SINGULAR_MEMBER_19_END\nCF_SINGULAR_MEMBER_20_END\nCF_SINGULAR_MEMBER_21_END\nCF_SINGULAR_MEMBER_22_END\nCF_SINGULAR_MEMBER_23_END\nCF_SINGULAR_MEMBER_24_END\nCF_SINGULAR_MEMBER_25_END\nCF_SINGULAR_MEMBER_26_END\nCF_SINGULAR_MEMBER_27_END\nCF_SINGULAR_MEMBER_28_END\nCF_SINGULAR_MEMBER_29_END\nCF_SINGULAR_MEMBER_30_END\nCF_SINGULAR_MEMBER_31_END\nCF_SINGULAR_MEMBER_32_END\nCF_NO_SMOOTH_MEMBER\nCF_SCRIPT_COMPLETED_OK\n",
status := "no_smooth_in_batch",
witnessIndex := fail,
witnessVerificationPassed := false ), rec(
exitCode := 0,
numberOfMembersTested := 32,
prime := 7,
singularOutput := "CF_SINGULAR_MEMBER_1_END\nCF_SINGULAR_MEMBER_2_END\nCF_SINGULAR_MEMBER_3_END\nCF_SINGULAR_MEMBER_4_END\nCF_SINGULAR_MEMBER_5_END\nCF_SINGULAR_MEMBER_6_END\nCF_SINGULAR_MEMBER_7_END\nCF_SINGULAR_MEMBER_8_END\nCF_SINGULAR_MEMBER_9_END\nCF_SINGULAR_MEMBER_10_END\nCF_SINGULAR_MEMBER_11_END\nCF_SINGULAR_MEMBER_12_END\nCF_SINGULAR_MEMBER_13_END\nCF_SINGULAR_MEMBER_14_END\nCF_SINGULAR_MEMBER_15_END\nCF_SINGULAR_MEMBER_16_END\nCF_SINGULAR_MEMBER_17_END\nCF_SINGULAR_MEMBER_18_END\nCF_SINGULAR_MEMBER_19_END\nCF_SINGULAR_MEMBER_20_END\nCF_SINGULAR_MEMBER_21_END\nCF_SINGULAR_MEMBER_22_END\nCF_SINGULAR_MEMBER_23_END\nCF_SINGULAR_MEMBER_24_END\nCF_SINGULAR_MEMBER_25_END\nCF_SINGULAR_MEMBER_26_END\nCF_SINGULAR_MEMBER_27_END\nCF_SINGULAR_MEMBER_28_END\nCF_SINGULAR_MEMBER_29_END\nCF_SINGULAR_MEMBER_30_END\nCF_SINGULAR_MEMBER_31_END\nCF_SINGULAR_MEMBER_32_END\nCF_NO_SMOOTH_MEMBER\nCF_SCRIPT_COMPLETED_OK\n",
status := "no_smooth_in_batch",
witnessIndex := fail,
witnessVerificationPassed := false ), rec(
exitCode := 0,
numberOfMembersTested := 32,
prime := 11,
singularOutput := "CF_SMOOTH_MEMBER_1_END\nCF_SCRIPT_COMPLETED_OK\n",
status := "smooth",
witnessIndex := 1,
witnessVerificationPassed := true ) ],
member := rec(
coefficients := [ 2, 5, 10, 17, 26, 37, 50, 65, 82, 101 ],
monomialCoefficients := [ 0, -1020/29, 0, -1366197795/5768419, -660/29, 0, -2309462664/303601, 0, -106048359/15979, 2, 5, 0, -13463667/10469, 0, 10, 17, 0, 50, 65, 101, 5, 0, -13463667/10469, 0, 10, 17, 0, 7431/19, 26, 82, 0, 50, 65, 82, 101, 5, 0, -13463667/10469, 0, 10, 17, 0, 7431/19, 26, 82, 0, 7431/19, 26, 37, 82, 0, 50, 65, 82, 82, 101 ],
polynomial := "(-1020/29)*x5*x6^2 + (-1366197795/5768419)*x5^3 + (-660/29)*x4*x6^2 + (-2309462664/303601)*x4*x5^2 + (-106048359/15979)*x4^2*x5 + (2)*x4^3 + (5)*x3*x6^2 + (-13463667/10469)*x3*x5^2 + (10)*x3*x4*x5 + (17)*x3*x4^2 + (50)*x3^2*x5 + (65)*x3^2*x4 + (101)*x3^3 + (5)*x2*x6^2 + (-13463667/10469)*x2*x5^2 + (10)*x2*x4*x5 + (17)*x2*x4^2 + (7431/19)*x2*x3*x5 + (26)*x2*x3*x4 + (82)*x2*x3^2 + (50)*x2^2*x5 + (65)*x2^2*x4 + (82)*x2^2*x3 + (101)*x2^3 + (5)*x1*x6^2 + (-13463667/10469)*x1*x5^2 + (10)*x1*x4*x5 + (17)*x1*x4^2 + (7431/19)*x1*x3*x5 + (26)*x1*x3*x4 + (82)*x1*x3^2 + (7431/19)*x1*x2*x5 + (26)*x1*x2*x4 + (37)*x1*x2*x3 + (82)*x1*x2^2 + (50)*x1^2*x5 + (65)*x1^2*x4 + (82)*x1^2*x3 + (82)*x1^2*x2 + (101)*x1^3" ),
method := "smooth reduction at a good split prime",
status := "smooth",
witnessPrime := 11 ),
isDirectKnownCase := false,
linearGId := [ 72, 27 ],
projectiveGId := [ 24, 5 ],
proofType := "an explicit member of the invariant cubic family is smooth",
smoothPolynomial := "(-1020/29)*x5*x6^2 + (-1366197795/5768419)*x5^3 + (-660/29)*x4*x6^2 + (-2309462664/303601)*x4*x5^2 + (-106048359/15979)*x4^2*x5 + (2)*x4^3 + (5)*x3*x6^2 + (-13463667/10469)*x3*x5^2 + (10)*x3*x4*x5 + (17)*x3*x4^2 + (50)*x3^2*x5 + (65)*x3^2*x4 + (101)*x3^3 + (5)*x2*x6^2 + (-13463667/10469)*x2*x5^2 + (10)*x2*x4*x5 + (17)*x2*x4^2 + (7431/19)*x2*x3*x5 + (26)*x2*x3*x4 + (82)*x2*x3^2 + (50)*x2^2*x5 + (65)*x2^2*x4 + (82)*x2^2*x3 + (101)*x2^3 + (5)*x1*x6^2 + (-13463667/10469)*x1*x5^2 + (10)*x1*x4*x5 + (17)*x1*x4^2 + (7431/19)*x1*x3*x5 + (26)*x1*x3*x4 + (82)*x1*x3^2 + (7431/19)*x1*x2*x5 + (26)*x1*x2*x4 + (37)*x1*x2*x3 + (82)*x1*x2^2 + (50)*x1^2*x5 + (65)*x1^2*x4 + (82)*x1^2*x3 + (82)*x1^2*x2 + (101)*x1^3",
status := "smooth",
symplecticPart := "S3",
testedCoefficientCandidates := [ [ 2, 5, 10, 17, 26, 37, 50, 65, 82, 101 ], [ 1, 1, 1, 1, 1, 1, 1, 1, 1, 1 ], [ 1, 2, 3, 4, 5, 6, 7, 8, 9, 10 ], [ 1, -2, 3, -4, 5, -6, 7, -8, 9, -10 ], [ 1, 0, 0, 0, -1, 0, 0, 0, 0, 3 ], [ 1, 0, 0, 0, 0, 0, 0, 0, 0, 0 ], [ 0, 1, 0, 0, 0, 0, 0, 0, 0, 0 ], [ 0, 0, 1, 0, 0, 0, 0, 0, 0, 0 ], [ 0, 0, 0, 1, 0, 0, 0, 0, 0, 0 ], [ 0, 0, 0, 0, 1, 0, 0, 0, 0, 0 ], [ 0, 0, 0, 0, 0, 1, 0, 0, 0, 0 ], [ 0, 0, 0, 0, 0, 0, 1, 0, 0, 0 ], [ 0, 0, 0, 0, 0, 0, 0, 1, 0, 0 ], [ 0, 0, 0, 0, 0, 0, 0, 0, 1, 0 ], [ 0, 0, 0, 0, 0, 0, 0, 0, 0, 1 ], [ 1, 1, 0, 0, 0, 0, 0, 0, 0, 0 ], [ 1, -1, 0, 0, 0, 0, 0, 0, 0, 0 ], [ 1, 0, 1, 0, 0, 0, 0, 0, 0, 0 ], [ 1, 0, -1, 0, 0, 0, 0, 0, 0, 0 ], [ 1, 0, 0, 1, 0, 0, 0, 0, 0, 0 ], [ 1, 0, 0, -1, 0, 0, 0, 0, 0, 0 ], [ 1, 0, 0, 0, 1, 0, 0, 0, 0, 0 ], [ 1, 0, 0, 0, -1, 0, 0, 0, 0, 0 ], [ 1, 0, 0, 0, 0, 1, 0, 0, 0, 0 ], [ 1, 0, 0, 0, 0, -1, 0, 0, 0, 0 ], [ 1, 0, 0, 0, 0, 0, 1, 0, 0, 0 ], [ 1, 0, 0, 0, 0, 0, -1, 0, 0, 0 ], [ 1, 0, 0, 0, 0, 0, 0, 1, 0, 0 ], [ 1, 0, 0, 0, 0, 0, 0, -1, 0, 0 ], [ 1, 0, 0, 0, 0, 0, 0, 0, 1, 0 ], [ 1, 0, 0, 0, 0, 0, 0, 0, -1, 0 ], [ 1, 0, 0, 0, 0, 0, 0, 0, 0, 1 ] ] ), rec(
candidateNumber := 142,
centralizerDimension := 11,
commonSingularPoint := [ 0, 0, 0, 0, 0, 1 ],
componentIndex := 2,
componentLabel := "corrigendum component, generic index 2",
cubicInvariantDimension := 13,
determinantImageOrder := 4,
familyDimension := 2,
familyIndexWithinCase := 5,
genericIndex := 2,
guessedMemberTest := rec(
status := "not_run" ),
isDirectKnownCase := false,
linearGId := [ 72, 27 ],
linearVariables := [ 6 ],
projectiveGId := [ 24, 5 ],
proofType := "a variable has exponent at most one throughout the family",
status := "singular",
symplecticPart := "S3" ), rec(
candidateNumber := 143,
centralizerDimension := 11,
commonSingularPoint := [ 0, 0, 0, 0, 0, 1 ],
componentIndex := 2,
componentLabel := "corrigendum component, generic index 2",
cubicInvariantDimension := 14,
determinantImageOrder := 4,
familyDimension := 3,
familyIndexWithinCase := 6,
genericIndex := 2,
guessedMemberTest := rec(
status := "not_run" ),
isDirectKnownCase := false,
linearGId := [ 72, 27 ],
linearVariables := [ 6 ],
projectiveGId := [ 24, 5 ],
proofType := "a variable has exponent at most one throughout the family",
status := "singular",
symplecticPart := "S3" ), rec(
candidateNumber := 144,
centralizerDimension := 11,
componentIndex := 2,
componentLabel := "corrigendum component, generic index 2",
cubicInvariantDimension := 14,
determinantImageOrder := 6,
familyDimension := 3,
familyIndexWithinCase := 1,
genericIndex := 2,
guessedCoefficients := [ 2, 5, 10, 17, 26, 37, 50, 65, 82, 101, 122, 145, 170, 197 ],
guessedMemberTest := rec(
coefficientCandidates := [ [ 2, 5, 10, 17, 26, 37, 50, 65, 82, 101, 122, 145, 170, 197 ], [ 1, 1, 1, 1, 1, 1, 1, 1, 1, 1, 1, 1, 1, 1 ], [ 1, 2, 3, 4, 5, 6, 7, 8, 9, 10, 11, 12, 13, 14 ], [ 1, -2, 3, -4, 5, -6, 7, -8, 9, -10, 11, -12, 13, -14 ], [ 1, 0, 0, 0, 0, 0, -1, 0, 0, 0, 0, 0, 0, 3 ], [ 1, 0, 0, 0, 0, 0, 0, 0, 0, 0, 0, 0, 0, 0 ], [ 0, 1, 0, 0, 0, 0, 0, 0, 0, 0, 0, 0, 0, 0 ], [ 0, 0, 1, 0, 0, 0, 0, 0, 0, 0, 0, 0, 0, 0 ], [ 0, 0, 0, 1, 0, 0, 0, 0, 0, 0, 0, 0, 0, 0 ], [ 0, 0, 0, 0, 1, 0, 0, 0, 0, 0, 0, 0, 0, 0 ], [ 0, 0, 0, 0, 0, 1, 0, 0, 0, 0, 0, 0, 0, 0 ], [ 0, 0, 0, 0, 0, 0, 1, 0, 0, 0, 0, 0, 0, 0 ], [ 0, 0, 0, 0, 0, 0, 0, 1, 0, 0, 0, 0, 0, 0 ], [ 0, 0, 0, 0, 0, 0, 0, 0, 1, 0, 0, 0, 0, 0 ], [ 0, 0, 0, 0, 0, 0, 0, 0, 0, 1, 0, 0, 0, 0 ], [ 0, 0, 0, 0, 0, 0, 0, 0, 0, 0, 1, 0, 0, 0 ], [ 0, 0, 0, 0, 0, 0, 0, 0, 0, 0, 0, 1, 0, 0 ], [ 0, 0, 0, 0, 0, 0, 0, 0, 0, 0, 0, 0, 1, 0 ], [ 0, 0, 0, 0, 0, 0, 0, 0, 0, 0, 0, 0, 0, 1 ], [ 1, 1, 0, 0, 0, 0, 0, 0, 0, 0, 0, 0, 0, 0 ], [ 1, -1, 0, 0, 0, 0, 0, 0, 0, 0, 0, 0, 0, 0 ], [ 1, 0, 1, 0, 0, 0, 0, 0, 0, 0, 0, 0, 0, 0 ], [ 1, 0, -1, 0, 0, 0, 0, 0, 0, 0, 0, 0, 0, 0 ], [ 1, 0, 0, 1, 0, 0, 0, 0, 0, 0, 0, 0, 0, 0 ], [ 1, 0, 0, -1, 0, 0, 0, 0, 0, 0, 0, 0, 0, 0 ], [ 1, 0, 0, 0, 1, 0, 0, 0, 0, 0, 0, 0, 0, 0 ], [ 1, 0, 0, 0, -1, 0, 0, 0, 0, 0, 0, 0, 0, 0 ], [ 1, 0, 0, 0, 0, 1, 0, 0, 0, 0, 0, 0, 0, 0 ], [ 1, 0, 0, 0, 0, -1, 0, 0, 0, 0, 0, 0, 0, 0 ], [ 1, 0, 0, 0, 0, 0, 1, 0, 0, 0, 0, 0, 0, 0 ], [ 1, 0, 0, 0, 0, 0, -1, 0, 0, 0, 0, 0, 0, 0 ], [ 1, 0, 0, 0, 0, 0, 0, 1, 0, 0, 0, 0, 0, 0 ] ],
coefficientFieldConductor := 1,
exactTrials := [  ],
finiteFieldTrials := [ rec(
exitCode := 0,
numberOfMembersTested := 32,
prime := 5,
singularOutput := "CF_SMOOTH_MEMBER_1_END\nCF_SCRIPT_COMPLETED_OK\n",
status := "smooth",
witnessIndex := 1,
witnessVerificationPassed := true ) ],
member := rec(
coefficients := [ 2, 5, 10, 17, 26, 37, 50, 65, 82, 101, 122, 145, 170, 197 ],
monomialCoefficients := [ 0, 2, 0, 5, 10, 0, 17, 0, 26, 37, 50, 0, 65, 0, 82, 101, 0, 122, 145, 197, 50, 0, 65, 0, 82, 101, 0, 244, 290, 170, 0, 122, 145, 170, 197, 50, 0, 65, 0, 82, 101, 0, 244, 290, 170, 0, 244, 290, 1182, 170, 0, 122, 145, 170, 170, 197 ],
polynomial := "(2)*x5*x6^2 + (5)*x5^3 + (10)*x4*x6^2 + (17)*x4*x5^2 + (26)*x4^2*x5 + (37)*x4^3 + (50)*x3*x6^2 + (65)*x3*x5^2 + (82)*x3*x4*x5 + (101)*x3*x4^2 + (122)*x3^2*x5 + (145)*x3^2*x4 + (197)*x3^3 + (50)*x2*x6^2 + (65)*x2*x5^2 + (82)*x2*x4*x5 + (101)*x2*x4^2 + (244)*x2*x3*x5 + (290)*x2*x3*x4 + (170)*x2*x3^2 + (122)*x2^2*x5 + (145)*x2^2*x4 + (170)*x2^2*x3 + (197)*x2^3 + (50)*x1*x6^2 + (65)*x1*x5^2 + (82)*x1*x4*x5 + (101)*x1*x4^2 + (244)*x1*x3*x5 + (290)*x1*x3*x4 + (170)*x1*x3^2 + (244)*x1*x2*x5 + (290)*x1*x2*x4 + (1182)*x1*x2*x3 + (170)*x1*x2^2 + (122)*x1^2*x5 + (145)*x1^2*x4 + (170)*x1^2*x3 + (170)*x1^2*x2 + (197)*x1^3" ),
method := "smooth reduction at a good split prime",
status := "smooth",
witnessPrime := 5 ),
isDirectKnownCase := false,
linearGId := [ 108, 42 ],
projectiveGId := [ 36, 12 ],
proofType := "an explicit member of the invariant cubic family is smooth",
smoothPolynomial := "(2)*x5*x6^2 + (5)*x5^3 + (10)*x4*x6^2 + (17)*x4*x5^2 + (26)*x4^2*x5 + (37)*x4^3 + (50)*x3*x6^2 + (65)*x3*x5^2 + (82)*x3*x4*x5 + (101)*x3*x4^2 + (122)*x3^2*x5 + (145)*x3^2*x4 + (197)*x3^3 + (50)*x2*x6^2 + (65)*x2*x5^2 + (82)*x2*x4*x5 + (101)*x2*x4^2 + (244)*x2*x3*x5 + (290)*x2*x3*x4 + (170)*x2*x3^2 + (122)*x2^2*x5 + (145)*x2^2*x4 + (170)*x2^2*x3 + (197)*x2^3 + (50)*x1*x6^2 + (65)*x1*x5^2 + (82)*x1*x4*x5 + (101)*x1*x4^2 + (244)*x1*x3*x5 + (290)*x1*x3*x4 + (170)*x1*x3^2 + (244)*x1*x2*x5 + (290)*x1*x2*x4 + (1182)*x1*x2*x3 + (170)*x1*x2^2 + (122)*x1^2*x5 + (145)*x1^2*x4 + (170)*x1^2*x3 + (170)*x1^2*x2 + (197)*x1^3",
status := "smooth",
symplecticPart := "S3",
testedCoefficientCandidates := [ [ 2, 5, 10, 17, 26, 37, 50, 65, 82, 101, 122, 145, 170, 197 ], [ 1, 1, 1, 1, 1, 1, 1, 1, 1, 1, 1, 1, 1, 1 ], [ 1, 2, 3, 4, 5, 6, 7, 8, 9, 10, 11, 12, 13, 14 ], [ 1, -2, 3, -4, 5, -6, 7, -8, 9, -10, 11, -12, 13, -14 ], [ 1, 0, 0, 0, 0, 0, -1, 0, 0, 0, 0, 0, 0, 3 ], [ 1, 0, 0, 0, 0, 0, 0, 0, 0, 0, 0, 0, 0, 0 ], [ 0, 1, 0, 0, 0, 0, 0, 0, 0, 0, 0, 0, 0, 0 ], [ 0, 0, 1, 0, 0, 0, 0, 0, 0, 0, 0, 0, 0, 0 ], [ 0, 0, 0, 1, 0, 0, 0, 0, 0, 0, 0, 0, 0, 0 ], [ 0, 0, 0, 0, 1, 0, 0, 0, 0, 0, 0, 0, 0, 0 ], [ 0, 0, 0, 0, 0, 1, 0, 0, 0, 0, 0, 0, 0, 0 ], [ 0, 0, 0, 0, 0, 0, 1, 0, 0, 0, 0, 0, 0, 0 ], [ 0, 0, 0, 0, 0, 0, 0, 1, 0, 0, 0, 0, 0, 0 ], [ 0, 0, 0, 0, 0, 0, 0, 0, 1, 0, 0, 0, 0, 0 ], [ 0, 0, 0, 0, 0, 0, 0, 0, 0, 1, 0, 0, 0, 0 ], [ 0, 0, 0, 0, 0, 0, 0, 0, 0, 0, 1, 0, 0, 0 ], [ 0, 0, 0, 0, 0, 0, 0, 0, 0, 0, 0, 1, 0, 0 ], [ 0, 0, 0, 0, 0, 0, 0, 0, 0, 0, 0, 0, 1, 0 ], [ 0, 0, 0, 0, 0, 0, 0, 0, 0, 0, 0, 0, 0, 1 ], [ 1, 1, 0, 0, 0, 0, 0, 0, 0, 0, 0, 0, 0, 0 ], [ 1, -1, 0, 0, 0, 0, 0, 0, 0, 0, 0, 0, 0, 0 ], [ 1, 0, 1, 0, 0, 0, 0, 0, 0, 0, 0, 0, 0, 0 ], [ 1, 0, -1, 0, 0, 0, 0, 0, 0, 0, 0, 0, 0, 0 ], [ 1, 0, 0, 1, 0, 0, 0, 0, 0, 0, 0, 0, 0, 0 ], [ 1, 0, 0, -1, 0, 0, 0, 0, 0, 0, 0, 0, 0, 0 ], [ 1, 0, 0, 0, 1, 0, 0, 0, 0, 0, 0, 0, 0, 0 ], [ 1, 0, 0, 0, -1, 0, 0, 0, 0, 0, 0, 0, 0, 0 ], [ 1, 0, 0, 0, 0, 1, 0, 0, 0, 0, 0, 0, 0, 0 ], [ 1, 0, 0, 0, 0, -1, 0, 0, 0, 0, 0, 0, 0, 0 ], [ 1, 0, 0, 0, 0, 0, 1, 0, 0, 0, 0, 0, 0, 0 ], [ 1, 0, 0, 0, 0, 0, -1, 0, 0, 0, 0, 0, 0, 0 ], [ 1, 0, 0, 0, 0, 0, 0, 1, 0, 0, 0, 0, 0, 0 ] ] ), rec(
candidateNumber := 145,
centralizerDimension := 11,
commonSingularPoint := [ 0, 0, 0, 0, 0, 1 ],
componentIndex := 2,
componentLabel := "corrigendum component, generic index 2",
cubicInvariantDimension := 14,
determinantImageOrder := 6,
familyDimension := 3,
familyIndexWithinCase := 2,
genericIndex := 2,
guessedMemberTest := rec(
status := "not_run" ),
isDirectKnownCase := false,
linearGId := [ 108, 42 ],
linearVariables := [ 6 ],
projectiveGId := [ 36, 12 ],
proofType := "a variable has exponent at most one throughout the family",
status := "singular",
symplecticPart := "S3" ), rec(
candidateNumber := 146,
centralizerDimension := 11,
commonSingularPoint := [ 0, 0, 0, 0, 0, 1 ],
componentIndex := 2,
componentLabel := "corrigendum component, generic index 2",
cubicInvariantDimension := 11,
determinantImageOrder := 6,
familyDimension := 0,
familyIndexWithinCase := 3,
genericIndex := 2,
guessedMemberTest := rec(
status := "not_run" ),
isDirectKnownCase := false,
linearGId := [ 108, 42 ],
linearVariables := [ 6 ],
projectiveGId := [ 36, 12 ],
proofType := "a variable has exponent at most one throughout the family",
status := "singular",
symplecticPart := "S3" ), rec(
candidateNumber := 147,
centralizerDimension := 7,
componentIndex := 2,
componentLabel := "corrigendum component, generic index 2",
cubicInvariantDimension := 10,
determinantImageOrder := 6,
familyDimension := 3,
familyIndexWithinCase := 4,
genericIndex := 2,
guessedCoefficients := [ 2, 5, 10, 17, 26, 37, 50, 65, 82, 101 ],
guessedMemberTest := rec(
coefficientCandidates := [ [ 2, 5, 10, 17, 26, 37, 50, 65, 82, 101 ], [ 1, 1, 1, 1, 1, 1, 1, 1, 1, 1 ], [ 1, 2, 3, 4, 5, 6, 7, 8, 9, 10 ], [ 1, -2, 3, -4, 5, -6, 7, -8, 9, -10 ], [ 1, 0, 0, 0, -1, 0, 0, 0, 0, 3 ], [ 1, 0, 0, 0, 0, 0, 0, 0, 0, 0 ], [ 0, 1, 0, 0, 0, 0, 0, 0, 0, 0 ], [ 0, 0, 1, 0, 0, 0, 0, 0, 0, 0 ], [ 0, 0, 0, 1, 0, 0, 0, 0, 0, 0 ], [ 0, 0, 0, 0, 1, 0, 0, 0, 0, 0 ], [ 0, 0, 0, 0, 0, 1, 0, 0, 0, 0 ], [ 0, 0, 0, 0, 0, 0, 1, 0, 0, 0 ], [ 0, 0, 0, 0, 0, 0, 0, 1, 0, 0 ], [ 0, 0, 0, 0, 0, 0, 0, 0, 1, 0 ], [ 0, 0, 0, 0, 0, 0, 0, 0, 0, 1 ], [ 1, 1, 0, 0, 0, 0, 0, 0, 0, 0 ], [ 1, -1, 0, 0, 0, 0, 0, 0, 0, 0 ], [ 1, 0, 1, 0, 0, 0, 0, 0, 0, 0 ], [ 1, 0, -1, 0, 0, 0, 0, 0, 0, 0 ], [ 1, 0, 0, 1, 0, 0, 0, 0, 0, 0 ], [ 1, 0, 0, -1, 0, 0, 0, 0, 0, 0 ], [ 1, 0, 0, 0, 1, 0, 0, 0, 0, 0 ], [ 1, 0, 0, 0, -1, 0, 0, 0, 0, 0 ], [ 1, 0, 0, 0, 0, 1, 0, 0, 0, 0 ], [ 1, 0, 0, 0, 0, -1, 0, 0, 0, 0 ], [ 1, 0, 0, 0, 0, 0, 1, 0, 0, 0 ], [ 1, 0, 0, 0, 0, 0, -1, 0, 0, 0 ], [ 1, 0, 0, 0, 0, 0, 0, 1, 0, 0 ], [ 1, 0, 0, 0, 0, 0, 0, -1, 0, 0 ], [ 1, 0, 0, 0, 0, 0, 0, 0, 1, 0 ], [ 1, 0, 0, 0, 0, 0, 0, 0, -1, 0 ], [ 1, 0, 0, 0, 0, 0, 0, 0, 0, 1 ] ],
coefficientFieldConductor := 1,
exactTrials := [  ],
finiteFieldTrials := [ rec(
exitCode := 0,
numberOfMembersTested := 32,
prime := 5,
singularOutput := "CF_SINGULAR_MEMBER_1_END\nCF_SINGULAR_MEMBER_2_END\nCF_SINGULAR_MEMBER_3_END\nCF_SINGULAR_MEMBER_4_END\nCF_SINGULAR_MEMBER_5_END\nCF_SINGULAR_MEMBER_6_END\nCF_SINGULAR_MEMBER_7_END\nCF_SINGULAR_MEMBER_8_END\nCF_SINGULAR_MEMBER_9_END\nCF_SINGULAR_MEMBER_10_END\nCF_SINGULAR_MEMBER_11_END\nCF_SINGULAR_MEMBER_12_END\nCF_SINGULAR_MEMBER_13_END\nCF_SINGULAR_MEMBER_14_END\nCF_SINGULAR_MEMBER_15_END\nCF_SINGULAR_MEMBER_16_END\nCF_SINGULAR_MEMBER_17_END\nCF_SINGULAR_MEMBER_18_END\nCF_SINGULAR_MEMBER_19_END\nCF_SINGULAR_MEMBER_20_END\nCF_SINGULAR_MEMBER_21_END\nCF_SINGULAR_MEMBER_22_END\nCF_SINGULAR_MEMBER_23_END\nCF_SINGULAR_MEMBER_24_END\nCF_SINGULAR_MEMBER_25_END\nCF_SINGULAR_MEMBER_26_END\nCF_SINGULAR_MEMBER_27_END\nCF_SINGULAR_MEMBER_28_END\nCF_SINGULAR_MEMBER_29_END\nCF_SINGULAR_MEMBER_30_END\nCF_SINGULAR_MEMBER_31_END\nCF_SINGULAR_MEMBER_32_END\nCF_NO_SMOOTH_MEMBER\nCF_SCRIPT_COMPLETED_OK\n",
status := "no_smooth_in_batch",
witnessIndex := fail,
witnessVerificationPassed := false ), rec(
exitCode := 0,
numberOfMembersTested := 32,
prime := 7,
singularOutput := "CF_SINGULAR_MEMBER_1_END\nCF_SINGULAR_MEMBER_2_END\nCF_SINGULAR_MEMBER_3_END\nCF_SINGULAR_MEMBER_4_END\nCF_SINGULAR_MEMBER_5_END\nCF_SINGULAR_MEMBER_6_END\nCF_SINGULAR_MEMBER_7_END\nCF_SINGULAR_MEMBER_8_END\nCF_SINGULAR_MEMBER_9_END\nCF_SINGULAR_MEMBER_10_END\nCF_SINGULAR_MEMBER_11_END\nCF_SINGULAR_MEMBER_12_END\nCF_SINGULAR_MEMBER_13_END\nCF_SINGULAR_MEMBER_14_END\nCF_SINGULAR_MEMBER_15_END\nCF_SINGULAR_MEMBER_16_END\nCF_SINGULAR_MEMBER_17_END\nCF_SINGULAR_MEMBER_18_END\nCF_SINGULAR_MEMBER_19_END\nCF_SINGULAR_MEMBER_20_END\nCF_SINGULAR_MEMBER_21_END\nCF_SINGULAR_MEMBER_22_END\nCF_SINGULAR_MEMBER_23_END\nCF_SINGULAR_MEMBER_24_END\nCF_SINGULAR_MEMBER_25_END\nCF_SINGULAR_MEMBER_26_END\nCF_SINGULAR_MEMBER_27_END\nCF_SINGULAR_MEMBER_28_END\nCF_SINGULAR_MEMBER_29_END\nCF_SINGULAR_MEMBER_30_END\nCF_SINGULAR_MEMBER_31_END\nCF_SINGULAR_MEMBER_32_END\nCF_NO_SMOOTH_MEMBER\nCF_SCRIPT_COMPLETED_OK\n",
status := "no_smooth_in_batch",
witnessIndex := fail,
witnessVerificationPassed := false ), rec(
exitCode := 0,
numberOfMembersTested := 32,
prime := 11,
singularOutput := "CF_SMOOTH_MEMBER_1_END\nCF_SCRIPT_COMPLETED_OK\n",
status := "smooth",
witnessIndex := 1,
witnessVerificationPassed := true ) ],
member := rec(
coefficients := [ 2, 5, 10, 17, 26, 37, 50, 65, 82, 101 ],
monomialCoefficients := [ 0, 75/4, 0, -4163907101/35414528, 2, 0, -1726778229/4426816, 0, -104095407/553352, 5, 10, 0, 18856205/16832, 0, 734459/1052, 17, 0, 50, 65, 101, 10, 0, 18856205/16832, 0, 734459/1052, 17, 0, -759/2, 26, 82, 0, 50, 65, 82, 101, 10, 0, 18856205/16832, 0, 734459/1052, 17, 0, -759/2, 26, 82, 0, -759/2, 26, 37, 82, 0, 50, 65, 82, 82, 101 ],
polynomial := "(75/4)*x5*x6^2 + (-4163907101/35414528)*x5^3 + (2)*x4*x6^2 + (-1726778229/4426816)*x4*x5^2 + (-104095407/553352)*x4^2*x5 + (5)*x4^3 + (10)*x3*x6^2 + (18856205/16832)*x3*x5^2 + (734459/1052)*x3*x4*x5 + (17)*x3*x4^2 + (50)*x3^2*x5 + (65)*x3^2*x4 + (101)*x3^3 + (10)*x2*x6^2 + (18856205/16832)*x2*x5^2 + (734459/1052)*x2*x4*x5 + (17)*x2*x4^2 + (-759/2)*x2*x3*x5 + (26)*x2*x3*x4 + (82)*x2*x3^2 + (50)*x2^2*x5 + (65)*x2^2*x4 + (82)*x2^2*x3 + (101)*x2^3 + (10)*x1*x6^2 + (18856205/16832)*x1*x5^2 + (734459/1052)*x1*x4*x5 + (17)*x1*x4^2 + (-759/2)*x1*x3*x5 + (26)*x1*x3*x4 + (82)*x1*x3^2 + (-759/2)*x1*x2*x5 + (26)*x1*x2*x4 + (37)*x1*x2*x3 + (82)*x1*x2^2 + (50)*x1^2*x5 + (65)*x1^2*x4 + (82)*x1^2*x3 + (82)*x1^2*x2 + (101)*x1^3" ),
method := "smooth reduction at a good split prime",
status := "smooth",
witnessPrime := 11 ),
isDirectKnownCase := false,
linearGId := [ 108, 42 ],
projectiveGId := [ 36, 12 ],
proofType := "an explicit member of the invariant cubic family is smooth",
smoothPolynomial := "(75/4)*x5*x6^2 + (-4163907101/35414528)*x5^3 + (2)*x4*x6^2 + (-1726778229/4426816)*x4*x5^2 + (-104095407/553352)*x4^2*x5 + (5)*x4^3 + (10)*x3*x6^2 + (18856205/16832)*x3*x5^2 + (734459/1052)*x3*x4*x5 + (17)*x3*x4^2 + (50)*x3^2*x5 + (65)*x3^2*x4 + (101)*x3^3 + (10)*x2*x6^2 + (18856205/16832)*x2*x5^2 + (734459/1052)*x2*x4*x5 + (17)*x2*x4^2 + (-759/2)*x2*x3*x5 + (26)*x2*x3*x4 + (82)*x2*x3^2 + (50)*x2^2*x5 + (65)*x2^2*x4 + (82)*x2^2*x3 + (101)*x2^3 + (10)*x1*x6^2 + (18856205/16832)*x1*x5^2 + (734459/1052)*x1*x4*x5 + (17)*x1*x4^2 + (-759/2)*x1*x3*x5 + (26)*x1*x3*x4 + (82)*x1*x3^2 + (-759/2)*x1*x2*x5 + (26)*x1*x2*x4 + (37)*x1*x2*x3 + (82)*x1*x2^2 + (50)*x1^2*x5 + (65)*x1^2*x4 + (82)*x1^2*x3 + (82)*x1^2*x2 + (101)*x1^3",
status := "smooth",
symplecticPart := "S3",
testedCoefficientCandidates := [ [ 2, 5, 10, 17, 26, 37, 50, 65, 82, 101 ], [ 1, 1, 1, 1, 1, 1, 1, 1, 1, 1 ], [ 1, 2, 3, 4, 5, 6, 7, 8, 9, 10 ], [ 1, -2, 3, -4, 5, -6, 7, -8, 9, -10 ], [ 1, 0, 0, 0, -1, 0, 0, 0, 0, 3 ], [ 1, 0, 0, 0, 0, 0, 0, 0, 0, 0 ], [ 0, 1, 0, 0, 0, 0, 0, 0, 0, 0 ], [ 0, 0, 1, 0, 0, 0, 0, 0, 0, 0 ], [ 0, 0, 0, 1, 0, 0, 0, 0, 0, 0 ], [ 0, 0, 0, 0, 1, 0, 0, 0, 0, 0 ], [ 0, 0, 0, 0, 0, 1, 0, 0, 0, 0 ], [ 0, 0, 0, 0, 0, 0, 1, 0, 0, 0 ], [ 0, 0, 0, 0, 0, 0, 0, 1, 0, 0 ], [ 0, 0, 0, 0, 0, 0, 0, 0, 1, 0 ], [ 0, 0, 0, 0, 0, 0, 0, 0, 0, 1 ], [ 1, 1, 0, 0, 0, 0, 0, 0, 0, 0 ], [ 1, -1, 0, 0, 0, 0, 0, 0, 0, 0 ], [ 1, 0, 1, 0, 0, 0, 0, 0, 0, 0 ], [ 1, 0, -1, 0, 0, 0, 0, 0, 0, 0 ], [ 1, 0, 0, 1, 0, 0, 0, 0, 0, 0 ], [ 1, 0, 0, -1, 0, 0, 0, 0, 0, 0 ], [ 1, 0, 0, 0, 1, 0, 0, 0, 0, 0 ], [ 1, 0, 0, 0, -1, 0, 0, 0, 0, 0 ], [ 1, 0, 0, 0, 0, 1, 0, 0, 0, 0 ], [ 1, 0, 0, 0, 0, -1, 0, 0, 0, 0 ], [ 1, 0, 0, 0, 0, 0, 1, 0, 0, 0 ], [ 1, 0, 0, 0, 0, 0, -1, 0, 0, 0 ], [ 1, 0, 0, 0, 0, 0, 0, 1, 0, 0 ], [ 1, 0, 0, 0, 0, 0, 0, -1, 0, 0 ], [ 1, 0, 0, 0, 0, 0, 0, 0, 1, 0 ], [ 1, 0, 0, 0, 0, 0, 0, 0, -1, 0 ], [ 1, 0, 0, 0, 0, 0, 0, 0, 0, 1 ] ] ), rec(
candidateNumber := 148,
centralizerDimension := 7,
componentIndex := 2,
componentLabel := "corrigendum component, generic index 2",
cubicInvariantDimension := 8,
determinantImageOrder := 6,
familyDimension := 1,
familyIndexWithinCase := 5,
genericIndex := 2,
guessedCoefficients := [ 2, 5, 10, 17, 26, 37, 50, 65 ],
guessedMemberTest := rec(
coefficientCandidates := [ [ 2, 5, 10, 17, 26, 37, 50, 65 ], [ 1, 1, 1, 1, 1, 1, 1, 1 ], [ 1, 2, 3, 4, 5, 6, 7, 8 ], [ 1, -2, 3, -4, 5, -6, 7, -8 ], [ 1, 0, 0, -1, 0, 0, 0, 3 ], [ 1, 0, 0, 0, 0, 0, 0, 0 ], [ 0, 1, 0, 0, 0, 0, 0, 0 ], [ 0, 0, 1, 0, 0, 0, 0, 0 ], [ 0, 0, 0, 1, 0, 0, 0, 0 ], [ 0, 0, 0, 0, 1, 0, 0, 0 ], [ 0, 0, 0, 0, 0, 1, 0, 0 ], [ 0, 0, 0, 0, 0, 0, 1, 0 ], [ 0, 0, 0, 0, 0, 0, 0, 1 ], [ 1, 1, 0, 0, 0, 0, 0, 0 ], [ 1, -1, 0, 0, 0, 0, 0, 0 ], [ 1, 0, 1, 0, 0, 0, 0, 0 ], [ 1, 0, -1, 0, 0, 0, 0, 0 ], [ 1, 0, 0, 1, 0, 0, 0, 0 ], [ 1, 0, 0, -1, 0, 0, 0, 0 ], [ 1, 0, 0, 0, 1, 0, 0, 0 ], [ 1, 0, 0, 0, -1, 0, 0, 0 ], [ 1, 0, 0, 0, 0, 1, 0, 0 ], [ 1, 0, 0, 0, 0, -1, 0, 0 ], [ 1, 0, 0, 0, 0, 0, 1, 0 ], [ 1, 0, 0, 0, 0, 0, -1, 0 ], [ 1, 0, 0, 0, 0, 0, 0, 1 ], [ 1, 0, 0, 0, 0, 0, 0, -1 ], [ 0, 1, 1, 0, 0, 0, 0, 0 ], [ 0, 1, -1, 0, 0, 0, 0, 0 ], [ 0, 1, 0, 1, 0, 0, 0, 0 ], [ 0, 1, 0, -1, 0, 0, 0, 0 ], [ 0, 1, 0, 0, 1, 0, 0, 0 ] ],
coefficientFieldConductor := 1,
exactTrials := [  ],
finiteFieldTrials := [ rec(
exitCode := 0,
numberOfMembersTested := 32,
prime := 5,
singularOutput := "CF_SINGULAR_MEMBER_1_END\nCF_SINGULAR_MEMBER_2_END\nCF_SINGULAR_MEMBER_3_END\nCF_SINGULAR_MEMBER_4_END\nCF_SINGULAR_MEMBER_5_END\nCF_SINGULAR_MEMBER_6_END\nCF_SINGULAR_MEMBER_7_END\nCF_SINGULAR_MEMBER_8_END\nCF_SINGULAR_MEMBER_9_END\nCF_SINGULAR_MEMBER_10_END\nCF_SINGULAR_MEMBER_11_END\nCF_SINGULAR_MEMBER_12_END\nCF_SINGULAR_MEMBER_13_END\nCF_SINGULAR_MEMBER_14_END\nCF_SINGULAR_MEMBER_15_END\nCF_SINGULAR_MEMBER_16_END\nCF_SINGULAR_MEMBER_17_END\nCF_SINGULAR_MEMBER_18_END\nCF_SINGULAR_MEMBER_19_END\nCF_SINGULAR_MEMBER_20_END\nCF_SINGULAR_MEMBER_21_END\nCF_SINGULAR_MEMBER_22_END\nCF_SINGULAR_MEMBER_23_END\nCF_SINGULAR_MEMBER_24_END\nCF_SINGULAR_MEMBER_25_END\nCF_SINGULAR_MEMBER_26_END\nCF_SINGULAR_MEMBER_27_END\nCF_SINGULAR_MEMBER_28_END\nCF_SINGULAR_MEMBER_29_END\nCF_SINGULAR_MEMBER_30_END\nCF_SINGULAR_MEMBER_31_END\nCF_SINGULAR_MEMBER_32_END\nCF_NO_SMOOTH_MEMBER\nCF_SCRIPT_COMPLETED_OK\n",
status := "no_smooth_in_batch",
witnessIndex := fail,
witnessVerificationPassed := false ), rec(
exitCode := 0,
numberOfMembersTested := 32,
prime := 7,
singularOutput := "CF_SINGULAR_MEMBER_1_END\nCF_SINGULAR_MEMBER_2_END\nCF_SINGULAR_MEMBER_3_END\nCF_SINGULAR_MEMBER_4_END\nCF_SINGULAR_MEMBER_5_END\nCF_SINGULAR_MEMBER_6_END\nCF_SINGULAR_MEMBER_7_END\nCF_SINGULAR_MEMBER_8_END\nCF_SINGULAR_MEMBER_9_END\nCF_SINGULAR_MEMBER_10_END\nCF_SINGULAR_MEMBER_11_END\nCF_SINGULAR_MEMBER_12_END\nCF_SINGULAR_MEMBER_13_END\nCF_SINGULAR_MEMBER_14_END\nCF_SINGULAR_MEMBER_15_END\nCF_SINGULAR_MEMBER_16_END\nCF_SINGULAR_MEMBER_17_END\nCF_SINGULAR_MEMBER_18_END\nCF_SINGULAR_MEMBER_19_END\nCF_SINGULAR_MEMBER_20_END\nCF_SINGULAR_MEMBER_21_END\nCF_SINGULAR_MEMBER_22_END\nCF_SINGULAR_MEMBER_23_END\nCF_SINGULAR_MEMBER_24_END\nCF_SINGULAR_MEMBER_25_END\nCF_SINGULAR_MEMBER_26_END\nCF_SINGULAR_MEMBER_27_END\nCF_SINGULAR_MEMBER_28_END\nCF_SINGULAR_MEMBER_29_END\nCF_SINGULAR_MEMBER_30_END\nCF_SINGULAR_MEMBER_31_END\nCF_SINGULAR_MEMBER_32_END\nCF_NO_SMOOTH_MEMBER\nCF_SCRIPT_COMPLETED_OK\n",
status := "no_smooth_in_batch",
witnessIndex := fail,
witnessVerificationPassed := false ), rec(
exitCode := 0,
numberOfMembersTested := 32,
prime := 11,
singularOutput := "CF_SMOOTH_MEMBER_1_END\nCF_SCRIPT_COMPLETED_OK\n",
status := "smooth",
witnessIndex := 1,
witnessVerificationPassed := true ) ],
member := rec(
coefficients := [ 2, 5, 10, 17, 26, 37, 50, 65 ],
monomialCoefficients := [ 0, 75/4, 0, 3336287763/35414528, 2, 0, -653387877/4426816, 0, -53938911/553352, 5, 10, 0, 15407061/16832, 0, 541155/1052, 17, 0, 26, 37, 65, 10, 0, 15407061/16832, 0, 541155/1052, 17, 0, 52, 74, 50, 0, 26, 37, 50, 65, 10, 0, 15407061/16832, 0, 541155/1052, 17, 0, 52, 74, 50, 0, 52, 74, 390, 50, 0, 26, 37, 50, 50, 65 ],
polynomial := "(75/4)*x5*x6^2 + (3336287763/35414528)*x5^3 + (2)*x4*x6^2 + (-653387877/4426816)*x4*x5^2 + (-53938911/553352)*x4^2*x5 + (5)*x4^3 + (10)*x3*x6^2 + (15407061/16832)*x3*x5^2 + (541155/1052)*x3*x4*x5 + (17)*x3*x4^2 + (26)*x3^2*x5 + (37)*x3^2*x4 + (65)*x3^3 + (10)*x2*x6^2 + (15407061/16832)*x2*x5^2 + (541155/1052)*x2*x4*x5 + (17)*x2*x4^2 + (52)*x2*x3*x5 + (74)*x2*x3*x4 + (50)*x2*x3^2 + (26)*x2^2*x5 + (37)*x2^2*x4 + (50)*x2^2*x3 + (65)*x2^3 + (10)*x1*x6^2 + (15407061/16832)*x1*x5^2 + (541155/1052)*x1*x4*x5 + (17)*x1*x4^2 + (52)*x1*x3*x5 + (74)*x1*x3*x4 + (50)*x1*x3^2 + (52)*x1*x2*x5 + (74)*x1*x2*x4 + (390)*x1*x2*x3 + (50)*x1*x2^2 + (26)*x1^2*x5 + (37)*x1^2*x4 + (50)*x1^2*x3 + (50)*x1^2*x2 + (65)*x1^3" ),
method := "smooth reduction at a good split prime",
status := "smooth",
witnessPrime := 11 ),
isDirectKnownCase := false,
linearGId := [ 108, 42 ],
projectiveGId := [ 36, 12 ],
proofType := "an explicit member of the invariant cubic family is smooth",
smoothPolynomial := "(75/4)*x5*x6^2 + (3336287763/35414528)*x5^3 + (2)*x4*x6^2 + (-653387877/4426816)*x4*x5^2 + (-53938911/553352)*x4^2*x5 + (5)*x4^3 + (10)*x3*x6^2 + (15407061/16832)*x3*x5^2 + (541155/1052)*x3*x4*x5 + (17)*x3*x4^2 + (26)*x3^2*x5 + (37)*x3^2*x4 + (65)*x3^3 + (10)*x2*x6^2 + (15407061/16832)*x2*x5^2 + (541155/1052)*x2*x4*x5 + (17)*x2*x4^2 + (52)*x2*x3*x5 + (74)*x2*x3*x4 + (50)*x2*x3^2 + (26)*x2^2*x5 + (37)*x2^2*x4 + (50)*x2^2*x3 + (65)*x2^3 + (10)*x1*x6^2 + (15407061/16832)*x1*x5^2 + (541155/1052)*x1*x4*x5 + (17)*x1*x4^2 + (52)*x1*x3*x5 + (74)*x1*x3*x4 + (50)*x1*x3^2 + (52)*x1*x2*x5 + (74)*x1*x2*x4 + (390)*x1*x2*x3 + (50)*x1*x2^2 + (26)*x1^2*x5 + (37)*x1^2*x4 + (50)*x1^2*x3 + (50)*x1^2*x2 + (65)*x1^3",
status := "smooth",
symplecticPart := "S3",
testedCoefficientCandidates := [ [ 2, 5, 10, 17, 26, 37, 50, 65 ], [ 1, 1, 1, 1, 1, 1, 1, 1 ], [ 1, 2, 3, 4, 5, 6, 7, 8 ], [ 1, -2, 3, -4, 5, -6, 7, -8 ], [ 1, 0, 0, -1, 0, 0, 0, 3 ], [ 1, 0, 0, 0, 0, 0, 0, 0 ], [ 0, 1, 0, 0, 0, 0, 0, 0 ], [ 0, 0, 1, 0, 0, 0, 0, 0 ], [ 0, 0, 0, 1, 0, 0, 0, 0 ], [ 0, 0, 0, 0, 1, 0, 0, 0 ], [ 0, 0, 0, 0, 0, 1, 0, 0 ], [ 0, 0, 0, 0, 0, 0, 1, 0 ], [ 0, 0, 0, 0, 0, 0, 0, 1 ], [ 1, 1, 0, 0, 0, 0, 0, 0 ], [ 1, -1, 0, 0, 0, 0, 0, 0 ], [ 1, 0, 1, 0, 0, 0, 0, 0 ], [ 1, 0, -1, 0, 0, 0, 0, 0 ], [ 1, 0, 0, 1, 0, 0, 0, 0 ], [ 1, 0, 0, -1, 0, 0, 0, 0 ], [ 1, 0, 0, 0, 1, 0, 0, 0 ], [ 1, 0, 0, 0, -1, 0, 0, 0 ], [ 1, 0, 0, 0, 0, 1, 0, 0 ], [ 1, 0, 0, 0, 0, -1, 0, 0 ], [ 1, 0, 0, 0, 0, 0, 1, 0 ], [ 1, 0, 0, 0, 0, 0, -1, 0 ], [ 1, 0, 0, 0, 0, 0, 0, 1 ], [ 1, 0, 0, 0, 0, 0, 0, -1 ], [ 0, 1, 1, 0, 0, 0, 0, 0 ], [ 0, 1, -1, 0, 0, 0, 0, 0 ], [ 0, 1, 0, 1, 0, 0, 0, 0 ], [ 0, 1, 0, -1, 0, 0, 0, 0 ], [ 0, 1, 0, 0, 1, 0, 0, 0 ] ] ), rec(
candidateNumber := 149,
centralizerDimension := 7,
componentIndex := 2,
componentLabel := "corrigendum component, generic index 2",
cubicInvariantDimension := 9,
determinantImageOrder := 6,
familyDimension := 2,
familyIndexWithinCase := 6,
genericIndex := 2,
guessedCoefficients := [ 1, 1, 1, 1, 1, 1, 1, 1, 1 ],
guessedMemberTest := rec(
coefficientCandidates := [ [ 2, 5, 10, 17, 26, 37, 50, 65, 82 ], [ 1, 1, 1, 1, 1, 1, 1, 1, 1 ], [ 1, 2, 3, 4, 5, 6, 7, 8, 9 ], [ 1, -2, 3, -4, 5, -6, 7, -8, 9 ], [ 1, 0, 0, 0, -1, 0, 0, 0, 3 ], [ 1, 0, 0, 0, 0, 0, 0, 0, 0 ], [ 0, 1, 0, 0, 0, 0, 0, 0, 0 ], [ 0, 0, 1, 0, 0, 0, 0, 0, 0 ], [ 0, 0, 0, 1, 0, 0, 0, 0, 0 ], [ 0, 0, 0, 0, 1, 0, 0, 0, 0 ], [ 0, 0, 0, 0, 0, 1, 0, 0, 0 ], [ 0, 0, 0, 0, 0, 0, 1, 0, 0 ], [ 0, 0, 0, 0, 0, 0, 0, 1, 0 ], [ 0, 0, 0, 0, 0, 0, 0, 0, 1 ], [ 1, 1, 0, 0, 0, 0, 0, 0, 0 ], [ 1, -1, 0, 0, 0, 0, 0, 0, 0 ], [ 1, 0, 1, 0, 0, 0, 0, 0, 0 ], [ 1, 0, -1, 0, 0, 0, 0, 0, 0 ], [ 1, 0, 0, 1, 0, 0, 0, 0, 0 ], [ 1, 0, 0, -1, 0, 0, 0, 0, 0 ], [ 1, 0, 0, 0, 1, 0, 0, 0, 0 ], [ 1, 0, 0, 0, -1, 0, 0, 0, 0 ], [ 1, 0, 0, 0, 0, 1, 0, 0, 0 ], [ 1, 0, 0, 0, 0, -1, 0, 0, 0 ], [ 1, 0, 0, 0, 0, 0, 1, 0, 0 ], [ 1, 0, 0, 0, 0, 0, -1, 0, 0 ], [ 1, 0, 0, 0, 0, 0, 0, 1, 0 ], [ 1, 0, 0, 0, 0, 0, 0, -1, 0 ], [ 1, 0, 0, 0, 0, 0, 0, 0, 1 ], [ 1, 0, 0, 0, 0, 0, 0, 0, -1 ], [ 0, 1, 1, 0, 0, 0, 0, 0, 0 ], [ 0, 1, -1, 0, 0, 0, 0, 0, 0 ] ],
coefficientFieldConductor := 1,
exactTrials := [  ],
finiteFieldTrials := [ rec(
exitCode := 0,
numberOfMembersTested := 32,
prime := 5,
singularOutput := "CF_SINGULAR_MEMBER_1_END\nCF_SMOOTH_MEMBER_2_END\nCF_SCRIPT_COMPLETED_OK\n",
status := "smooth",
witnessIndex := 2,
witnessVerificationPassed := true ) ],
member := rec(
coefficients := [ 1, 1, 1, 1, 1, 1, 1, 1, 1 ],
monomialCoefficients := [ 0, 789/419, 0, -4228019201/89887232, 1086/419, 0, -611607369/11235904, 0, -21836715/1404488, 1, 1, 0, -484135/26816, 0, -19685/1676, 1, 0, 1, 1, 1, 1, 0, -484135/26816, 0, -19685/1676, 1, 0, -19/8, 1, 1, 0, 1, 1, 1, 1, 1, 0, -484135/26816, 0, -19685/1676, 1, 0, -19/8, 1, 1, 0, -19/8, 1, 1, 1, 0, 1, 1, 1, 1, 1 ],
polynomial := "(789/419)*x5*x6^2 + (-4228019201/89887232)*x5^3 + (1086/419)*x4*x6^2 + (-611607369/11235904)*x4*x5^2 + (-21836715/1404488)*x4^2*x5 + x4^3 + x3*x6^2 + (-484135/26816)*x3*x5^2 + (-19685/1676)*x3*x4*x5 + x3*x4^2 + x3^2*x5 + x3^2*x4 + x3^3 + x2*x6^2 + (-484135/26816)*x2*x5^2 + (-19685/1676)*x2*x4*x5 + x2*x4^2 + (-19/8)*x2*x3*x5 + x2*x3*x4 + x2*x3^2 + x2^2*x5 + x2^2*x4 + x2^2*x3 + x2^3 + x1*x6^2 + (-484135/26816)*x1*x5^2 + (-19685/1676)*x1*x4*x5 + x1*x4^2 + (-19/8)*x1*x3*x5 + x1*x3*x4 + x1*x3^2 + (-19/8)*x1*x2*x5 + x1*x2*x4 + x1*x2*x3 + x1*x2^2 + x1^2*x5 + x1^2*x4 + x1^2*x3 + x1^2*x2 + x1^3" ),
method := "smooth reduction at a good split prime",
status := "smooth",
witnessPrime := 5 ),
isDirectKnownCase := false,
linearGId := [ 108, 42 ],
projectiveGId := [ 36, 12 ],
proofType := "an explicit member of the invariant cubic family is smooth",
smoothPolynomial := "(789/419)*x5*x6^2 + (-4228019201/89887232)*x5^3 + (1086/419)*x4*x6^2 + (-611607369/11235904)*x4*x5^2 + (-21836715/1404488)*x4^2*x5 + x4^3 + x3*x6^2 + (-484135/26816)*x3*x5^2 + (-19685/1676)*x3*x4*x5 + x3*x4^2 + x3^2*x5 + x3^2*x4 + x3^3 + x2*x6^2 + (-484135/26816)*x2*x5^2 + (-19685/1676)*x2*x4*x5 + x2*x4^2 + (-19/8)*x2*x3*x5 + x2*x3*x4 + x2*x3^2 + x2^2*x5 + x2^2*x4 + x2^2*x3 + x2^3 + x1*x6^2 + (-484135/26816)*x1*x5^2 + (-19685/1676)*x1*x4*x5 + x1*x4^2 + (-19/8)*x1*x3*x5 + x1*x3*x4 + x1*x3^2 + (-19/8)*x1*x2*x5 + x1*x2*x4 + x1*x2*x3 + x1*x2^2 + x1^2*x5 + x1^2*x4 + x1^2*x3 + x1^2*x2 + x1^3",
status := "smooth",
symplecticPart := "S3",
testedCoefficientCandidates := [ [ 2, 5, 10, 17, 26, 37, 50, 65, 82 ], [ 1, 1, 1, 1, 1, 1, 1, 1, 1 ], [ 1, 2, 3, 4, 5, 6, 7, 8, 9 ], [ 1, -2, 3, -4, 5, -6, 7, -8, 9 ], [ 1, 0, 0, 0, -1, 0, 0, 0, 3 ], [ 1, 0, 0, 0, 0, 0, 0, 0, 0 ], [ 0, 1, 0, 0, 0, 0, 0, 0, 0 ], [ 0, 0, 1, 0, 0, 0, 0, 0, 0 ], [ 0, 0, 0, 1, 0, 0, 0, 0, 0 ], [ 0, 0, 0, 0, 1, 0, 0, 0, 0 ], [ 0, 0, 0, 0, 0, 1, 0, 0, 0 ], [ 0, 0, 0, 0, 0, 0, 1, 0, 0 ], [ 0, 0, 0, 0, 0, 0, 0, 1, 0 ], [ 0, 0, 0, 0, 0, 0, 0, 0, 1 ], [ 1, 1, 0, 0, 0, 0, 0, 0, 0 ], [ 1, -1, 0, 0, 0, 0, 0, 0, 0 ], [ 1, 0, 1, 0, 0, 0, 0, 0, 0 ], [ 1, 0, -1, 0, 0, 0, 0, 0, 0 ], [ 1, 0, 0, 1, 0, 0, 0, 0, 0 ], [ 1, 0, 0, -1, 0, 0, 0, 0, 0 ], [ 1, 0, 0, 0, 1, 0, 0, 0, 0 ], [ 1, 0, 0, 0, -1, 0, 0, 0, 0 ], [ 1, 0, 0, 0, 0, 1, 0, 0, 0 ], [ 1, 0, 0, 0, 0, -1, 0, 0, 0 ], [ 1, 0, 0, 0, 0, 0, 1, 0, 0 ], [ 1, 0, 0, 0, 0, 0, -1, 0, 0 ], [ 1, 0, 0, 0, 0, 0, 0, 1, 0 ], [ 1, 0, 0, 0, 0, 0, 0, -1, 0 ], [ 1, 0, 0, 0, 0, 0, 0, 0, 1 ], [ 1, 0, 0, 0, 0, 0, 0, 0, -1 ], [ 0, 1, 1, 0, 0, 0, 0, 0, 0 ], [ 0, 1, -1, 0, 0, 0, 0, 0, 0 ] ] ), rec(
candidateNumber := 150,
centralizerDimension := 7,
componentIndex := 2,
componentLabel := "corrigendum component, generic index 2",
cubicInvariantDimension := 8,
determinantImageOrder := 6,
familyDimension := 1,
familyIndexWithinCase := 7,
genericIndex := 2,
guessedCoefficients := [ 1, 2, 3, 4, 5, 6, 7, 8 ],
guessedMemberTest := rec(
coefficientCandidates := [ [ 2, 5, 10, 17, 26, 37, 50, 65 ], [ 1, 1, 1, 1, 1, 1, 1, 1 ], [ 1, 2, 3, 4, 5, 6, 7, 8 ], [ 1, -2, 3, -4, 5, -6, 7, -8 ], [ 1, 0, 0, -1, 0, 0, 0, 3 ], [ 1, 0, 0, 0, 0, 0, 0, 0 ], [ 0, 1, 0, 0, 0, 0, 0, 0 ], [ 0, 0, 1, 0, 0, 0, 0, 0 ], [ 0, 0, 0, 1, 0, 0, 0, 0 ], [ 0, 0, 0, 0, 1, 0, 0, 0 ], [ 0, 0, 0, 0, 0, 1, 0, 0 ], [ 0, 0, 0, 0, 0, 0, 1, 0 ], [ 0, 0, 0, 0, 0, 0, 0, 1 ], [ 1, 1, 0, 0, 0, 0, 0, 0 ], [ 1, -1, 0, 0, 0, 0, 0, 0 ], [ 1, 0, 1, 0, 0, 0, 0, 0 ], [ 1, 0, -1, 0, 0, 0, 0, 0 ], [ 1, 0, 0, 1, 0, 0, 0, 0 ], [ 1, 0, 0, -1, 0, 0, 0, 0 ], [ 1, 0, 0, 0, 1, 0, 0, 0 ], [ 1, 0, 0, 0, -1, 0, 0, 0 ], [ 1, 0, 0, 0, 0, 1, 0, 0 ], [ 1, 0, 0, 0, 0, -1, 0, 0 ], [ 1, 0, 0, 0, 0, 0, 1, 0 ], [ 1, 0, 0, 0, 0, 0, -1, 0 ], [ 1, 0, 0, 0, 0, 0, 0, 1 ], [ 1, 0, 0, 0, 0, 0, 0, -1 ], [ 0, 1, 1, 0, 0, 0, 0, 0 ], [ 0, 1, -1, 0, 0, 0, 0, 0 ], [ 0, 1, 0, 1, 0, 0, 0, 0 ], [ 0, 1, 0, -1, 0, 0, 0, 0 ], [ 0, 1, 0, 0, 1, 0, 0, 0 ] ],
coefficientFieldConductor := 1,
exactTrials := [  ],
finiteFieldTrials := [ rec(
exitCode := 0,
numberOfMembersTested := 32,
prime := 5,
singularOutput := "CF_SINGULAR_MEMBER_1_END\nCF_SINGULAR_MEMBER_2_END\nCF_SMOOTH_MEMBER_3_END\nCF_SCRIPT_COMPLETED_OK\n",
status := "smooth",
witnessIndex := 3,
witnessVerificationPassed := true ) ],
member := rec(
coefficients := [ 1, 2, 3, 4, 5, 6, 7, 8 ],
monomialCoefficients := [ 0, 1578/419, 0, -2249899200551/37662750208, 2172/419, 0, -279899996223/4707843776, 0, -7339718253/588480472, 1, 2, 0, -418053545/11235904, 0, -18399703/702244, 3, 0, 5, 6, 8, 2, 0, -418053545/11235904, 0, -18399703/702244, 3, 0, -7382/419, -10900/419, 7, 0, 5, 6, 7, 8, 2, 0, -418053545/11235904, 0, -18399703/702244, 3, 0, -7382/419, -10900/419, 7, 0, -7382/419, -10900/419, 4, 7, 0, 5, 6, 7, 7, 8 ],
polynomial := "(1578/419)*x5*x6^2 + (-2249899200551/37662750208)*x5^3 + (2172/419)*x4*x6^2 + (-279899996223/4707843776)*x4*x5^2 + (-7339718253/588480472)*x4^2*x5 + x4^3 + (2)*x3*x6^2 + (-418053545/11235904)*x3*x5^2 + (-18399703/702244)*x3*x4*x5 + (3)*x3*x4^2 + (5)*x3^2*x5 + (6)*x3^2*x4 + (8)*x3^3 + (2)*x2*x6^2 + (-418053545/11235904)*x2*x5^2 + (-18399703/702244)*x2*x4*x5 + (3)*x2*x4^2 + (-7382/419)*x2*x3*x5 + (-10900/419)*x2*x3*x4 + (7)*x2*x3^2 + (5)*x2^2*x5 + (6)*x2^2*x4 + (7)*x2^2*x3 + (8)*x2^3 + (2)*x1*x6^2 + (-418053545/11235904)*x1*x5^2 + (-18399703/702244)*x1*x4*x5 + (3)*x1*x4^2 + (-7382/419)*x1*x3*x5 + (-10900/419)*x1*x3*x4 + (7)*x1*x3^2 + (-7382/419)*x1*x2*x5 + (-10900/419)*x1*x2*x4 + (4)*x1*x2*x3 + (7)*x1*x2^2 + (5)*x1^2*x5 + (6)*x1^2*x4 + (7)*x1^2*x3 + (7)*x1^2*x2 + (8)*x1^3" ),
method := "smooth reduction at a good split prime",
status := "smooth",
witnessPrime := 5 ),
isDirectKnownCase := false,
linearGId := [ 108, 42 ],
projectiveGId := [ 36, 12 ],
proofType := "an explicit member of the invariant cubic family is smooth",
smoothPolynomial := "(1578/419)*x5*x6^2 + (-2249899200551/37662750208)*x5^3 + (2172/419)*x4*x6^2 + (-279899996223/4707843776)*x4*x5^2 + (-7339718253/588480472)*x4^2*x5 + x4^3 + (2)*x3*x6^2 + (-418053545/11235904)*x3*x5^2 + (-18399703/702244)*x3*x4*x5 + (3)*x3*x4^2 + (5)*x3^2*x5 + (6)*x3^2*x4 + (8)*x3^3 + (2)*x2*x6^2 + (-418053545/11235904)*x2*x5^2 + (-18399703/702244)*x2*x4*x5 + (3)*x2*x4^2 + (-7382/419)*x2*x3*x5 + (-10900/419)*x2*x3*x4 + (7)*x2*x3^2 + (5)*x2^2*x5 + (6)*x2^2*x4 + (7)*x2^2*x3 + (8)*x2^3 + (2)*x1*x6^2 + (-418053545/11235904)*x1*x5^2 + (-18399703/702244)*x1*x4*x5 + (3)*x1*x4^2 + (-7382/419)*x1*x3*x5 + (-10900/419)*x1*x3*x4 + (7)*x1*x3^2 + (-7382/419)*x1*x2*x5 + (-10900/419)*x1*x2*x4 + (4)*x1*x2*x3 + (7)*x1*x2^2 + (5)*x1^2*x5 + (6)*x1^2*x4 + (7)*x1^2*x3 + (7)*x1^2*x2 + (8)*x1^3",
status := "smooth",
symplecticPart := "S3",
testedCoefficientCandidates := [ [ 2, 5, 10, 17, 26, 37, 50, 65 ], [ 1, 1, 1, 1, 1, 1, 1, 1 ], [ 1, 2, 3, 4, 5, 6, 7, 8 ], [ 1, -2, 3, -4, 5, -6, 7, -8 ], [ 1, 0, 0, -1, 0, 0, 0, 3 ], [ 1, 0, 0, 0, 0, 0, 0, 0 ], [ 0, 1, 0, 0, 0, 0, 0, 0 ], [ 0, 0, 1, 0, 0, 0, 0, 0 ], [ 0, 0, 0, 1, 0, 0, 0, 0 ], [ 0, 0, 0, 0, 1, 0, 0, 0 ], [ 0, 0, 0, 0, 0, 1, 0, 0 ], [ 0, 0, 0, 0, 0, 0, 1, 0 ], [ 0, 0, 0, 0, 0, 0, 0, 1 ], [ 1, 1, 0, 0, 0, 0, 0, 0 ], [ 1, -1, 0, 0, 0, 0, 0, 0 ], [ 1, 0, 1, 0, 0, 0, 0, 0 ], [ 1, 0, -1, 0, 0, 0, 0, 0 ], [ 1, 0, 0, 1, 0, 0, 0, 0 ], [ 1, 0, 0, -1, 0, 0, 0, 0 ], [ 1, 0, 0, 0, 1, 0, 0, 0 ], [ 1, 0, 0, 0, -1, 0, 0, 0 ], [ 1, 0, 0, 0, 0, 1, 0, 0 ], [ 1, 0, 0, 0, 0, -1, 0, 0 ], [ 1, 0, 0, 0, 0, 0, 1, 0 ], [ 1, 0, 0, 0, 0, 0, -1, 0 ], [ 1, 0, 0, 0, 0, 0, 0, 1 ], [ 1, 0, 0, 0, 0, 0, 0, -1 ], [ 0, 1, 1, 0, 0, 0, 0, 0 ], [ 0, 1, -1, 0, 0, 0, 0, 0 ], [ 0, 1, 0, 1, 0, 0, 0, 0 ], [ 0, 1, 0, -1, 0, 0, 0, 0 ], [ 0, 1, 0, 0, 1, 0, 0, 0 ] ] ), rec(
candidateNumber := 151,
centralizerDimension := 7,
commonSingularPoint := [ 0, 0, 0, 0, 0, 1 ],
componentIndex := 2,
componentLabel := "corrigendum component, generic index 2",
cubicInvariantDimension := 7,
determinantImageOrder := 6,
familyDimension := 0,
familyIndexWithinCase := 8,
genericIndex := 2,
guessedMemberTest := rec(
status := "not_run" ),
isDirectKnownCase := false,
linearGId := [ 108, 42 ],
linearVariables := [ 6 ],
projectiveGId := [ 36, 12 ],
proofType := "a variable has exponent at most one throughout the family",
status := "singular",
symplecticPart := "S3" ), rec(
candidateNumber := 152,
centralizerDimension := 5,
componentIndex := 2,
componentLabel := "corrigendum component, generic index 2",
cubicInvariantDimension := 7,
determinantImageOrder := 6,
familyDimension := 2,
familyIndexWithinCase := 9,
genericIndex := 2,
guessedCoefficients := [ 1, 1, 1, 1, 1, 1, 1 ],
guessedMemberTest := rec(
coefficientCandidates := [ [ 2, 5, 10, 17, 26, 37, 50 ], [ 1, 1, 1, 1, 1, 1, 1 ], [ 1, 2, 3, 4, 5, 6, 7 ], [ 1, -2, 3, -4, 5, -6, 7 ], [ 1, 0, 0, -1, 0, 0, 3 ], [ 1, 0, 0, 0, 0, 0, 0 ], [ 0, 1, 0, 0, 0, 0, 0 ], [ 0, 0, 1, 0, 0, 0, 0 ], [ 0, 0, 0, 1, 0, 0, 0 ], [ 0, 0, 0, 0, 1, 0, 0 ], [ 0, 0, 0, 0, 0, 1, 0 ], [ 0, 0, 0, 0, 0, 0, 1 ], [ 1, 1, 0, 0, 0, 0, 0 ], [ 1, -1, 0, 0, 0, 0, 0 ], [ 1, 0, 1, 0, 0, 0, 0 ], [ 1, 0, -1, 0, 0, 0, 0 ], [ 1, 0, 0, 1, 0, 0, 0 ], [ 1, 0, 0, -1, 0, 0, 0 ], [ 1, 0, 0, 0, 1, 0, 0 ], [ 1, 0, 0, 0, -1, 0, 0 ], [ 1, 0, 0, 0, 0, 1, 0 ], [ 1, 0, 0, 0, 0, -1, 0 ], [ 1, 0, 0, 0, 0, 0, 1 ], [ 1, 0, 0, 0, 0, 0, -1 ], [ 0, 1, 1, 0, 0, 0, 0 ], [ 0, 1, -1, 0, 0, 0, 0 ], [ 0, 1, 0, 1, 0, 0, 0 ], [ 0, 1, 0, -1, 0, 0, 0 ], [ 0, 1, 0, 0, 1, 0, 0 ], [ 0, 1, 0, 0, -1, 0, 0 ], [ 0, 1, 0, 0, 0, 1, 0 ], [ 0, 1, 0, 0, 0, -1, 0 ] ],
coefficientFieldConductor := 1,
exactTrials := [  ],
finiteFieldTrials := [ rec(
exitCode := 0,
numberOfMembersTested := 32,
prime := 5,
singularOutput := "CF_SINGULAR_MEMBER_1_END\nCF_SINGULAR_MEMBER_2_END\nCF_SINGULAR_MEMBER_3_END\nCF_SINGULAR_MEMBER_4_END\nCF_SINGULAR_MEMBER_5_END\nCF_SINGULAR_MEMBER_6_END\nCF_SINGULAR_MEMBER_7_END\nCF_SINGULAR_MEMBER_8_END\nCF_SINGULAR_MEMBER_9_END\nCF_SINGULAR_MEMBER_10_END\nCF_SINGULAR_MEMBER_11_END\nCF_SINGULAR_MEMBER_12_END\nCF_SINGULAR_MEMBER_13_END\nCF_SINGULAR_MEMBER_14_END\nCF_SINGULAR_MEMBER_15_END\nCF_SINGULAR_MEMBER_16_END\nCF_SINGULAR_MEMBER_17_END\nCF_SINGULAR_MEMBER_18_END\nCF_SINGULAR_MEMBER_19_END\nCF_SINGULAR_MEMBER_20_END\nCF_SINGULAR_MEMBER_21_END\nCF_SINGULAR_MEMBER_22_END\nCF_SINGULAR_MEMBER_23_END\nCF_SINGULAR_MEMBER_24_END\nCF_SINGULAR_MEMBER_25_END\nCF_SINGULAR_MEMBER_26_END\nCF_SINGULAR_MEMBER_27_END\nCF_SINGULAR_MEMBER_28_END\nCF_SINGULAR_MEMBER_29_END\nCF_SINGULAR_MEMBER_30_END\nCF_SINGULAR_MEMBER_31_END\nCF_SINGULAR_MEMBER_32_END\nCF_NO_SMOOTH_MEMBER\nCF_SCRIPT_COMPLETED_OK\n",
status := "no_smooth_in_batch",
witnessIndex := fail,
witnessVerificationPassed := false ), rec(
exitCode := 0,
numberOfMembersTested := 32,
prime := 7,
singularOutput := "CF_SINGULAR_MEMBER_1_END\nCF_SINGULAR_MEMBER_2_END\nCF_SINGULAR_MEMBER_3_END\nCF_SINGULAR_MEMBER_4_END\nCF_SINGULAR_MEMBER_5_END\nCF_SINGULAR_MEMBER_6_END\nCF_SINGULAR_MEMBER_7_END\nCF_SINGULAR_MEMBER_8_END\nCF_SINGULAR_MEMBER_9_END\nCF_SINGULAR_MEMBER_10_END\nCF_SINGULAR_MEMBER_11_END\nCF_SINGULAR_MEMBER_12_END\nCF_SINGULAR_MEMBER_13_END\nCF_SINGULAR_MEMBER_14_END\nCF_SINGULAR_MEMBER_15_END\nCF_SINGULAR_MEMBER_16_END\nCF_SINGULAR_MEMBER_17_END\nCF_SINGULAR_MEMBER_18_END\nCF_SINGULAR_MEMBER_19_END\nCF_SINGULAR_MEMBER_20_END\nCF_SINGULAR_MEMBER_21_END\nCF_SINGULAR_MEMBER_22_END\nCF_SINGULAR_MEMBER_23_END\nCF_SINGULAR_MEMBER_24_END\nCF_SINGULAR_MEMBER_25_END\nCF_SINGULAR_MEMBER_26_END\nCF_SINGULAR_MEMBER_27_END\nCF_SINGULAR_MEMBER_28_END\nCF_SINGULAR_MEMBER_29_END\nCF_SINGULAR_MEMBER_30_END\nCF_SINGULAR_MEMBER_31_END\nCF_SINGULAR_MEMBER_32_END\nCF_NO_SMOOTH_MEMBER\nCF_SCRIPT_COMPLETED_OK\n",
status := "no_smooth_in_batch",
witnessIndex := fail,
witnessVerificationPassed := false ), rec(
exitCode := 0,
numberOfMembersTested := 32,
prime := 11,
singularOutput := "CF_SINGULAR_MEMBER_1_END\nCF_SMOOTH_MEMBER_2_END\nCF_SCRIPT_COMPLETED_OK\n",
status := "smooth",
witnessIndex := 2,
witnessVerificationPassed := true ) ],
member := rec(
coefficients := [ 1, 1, 1, 1, 1, 1, 1 ],
monomialCoefficients := [ 0, -204/29, 0, -12942386917744289/265306046775733, -132/29, 0, -50733246522959787/530612093551466, 0, -18077623638620019/265306046775733, -6904269254/399967507, 1, 0, 799550483/607600204, 0, -48875557/303800102, 1, 0, 1, 1, 1, 1, 0, 799550483/607600204, 0, -48875557/303800102, 1, 0, 1423/229, 1278/229, 1, 0, 1, 1, 1, 1, 1, 0, 799550483/607600204, 0, -48875557/303800102, 1, 0, 1423/229, 1278/229, 1, 0, 1423/229, 1278/229, 1, 1, 0, 1, 1, 1, 1, 1 ],
polynomial := "(-204/29)*x5*x6^2 + (-12942386917744289/265306046775733)*x5^3 + (-132/29)*x4*x6^2 + (-50733246522959787/530612093551466)*x4*x5^2 + (-18077623638620019/265306046775733)*x4^2*x5 + (-6904269254/399967507)*x4^3 + x3*x6^2 + (799550483/607600204)*x3*x5^2 + (-48875557/303800102)*x3*x4*x5 + x3*x4^2 + x3^2*x5 + x3^2*x4 + x3^3 + x2*x6^2 + (799550483/607600204)*x2*x5^2 + (-48875557/303800102)*x2*x4*x5 + x2*x4^2 + (1423/229)*x2*x3*x5 + (1278/229)*x2*x3*x4 + x2*x3^2 + x2^2*x5 + x2^2*x4 + x2^2*x3 + x2^3 + x1*x6^2 + (799550483/607600204)*x1*x5^2 + (-48875557/303800102)*x1*x4*x5 + x1*x4^2 + (1423/229)*x1*x3*x5 + (1278/229)*x1*x3*x4 + x1*x3^2 + (1423/229)*x1*x2*x5 + (1278/229)*x1*x2*x4 + x1*x2*x3 + x1*x2^2 + x1^2*x5 + x1^2*x4 + x1^2*x3 + x1^2*x2 + x1^3" ),
method := "smooth reduction at a good split prime",
status := "smooth",
witnessPrime := 11 ),
isDirectKnownCase := false,
linearGId := [ 108, 42 ],
projectiveGId := [ 36, 12 ],
proofType := "an explicit member of the invariant cubic family is smooth",
smoothPolynomial := "(-204/29)*x5*x6^2 + (-12942386917744289/265306046775733)*x5^3 + (-132/29)*x4*x6^2 + (-50733246522959787/530612093551466)*x4*x5^2 + (-18077623638620019/265306046775733)*x4^2*x5 + (-6904269254/399967507)*x4^3 + x3*x6^2 + (799550483/607600204)*x3*x5^2 + (-48875557/303800102)*x3*x4*x5 + x3*x4^2 + x3^2*x5 + x3^2*x4 + x3^3 + x2*x6^2 + (799550483/607600204)*x2*x5^2 + (-48875557/303800102)*x2*x4*x5 + x2*x4^2 + (1423/229)*x2*x3*x5 + (1278/229)*x2*x3*x4 + x2*x3^2 + x2^2*x5 + x2^2*x4 + x2^2*x3 + x2^3 + x1*x6^2 + (799550483/607600204)*x1*x5^2 + (-48875557/303800102)*x1*x4*x5 + x1*x4^2 + (1423/229)*x1*x3*x5 + (1278/229)*x1*x3*x4 + x1*x3^2 + (1423/229)*x1*x2*x5 + (1278/229)*x1*x2*x4 + x1*x2*x3 + x1*x2^2 + x1^2*x5 + x1^2*x4 + x1^2*x3 + x1^2*x2 + x1^3",
status := "smooth",
symplecticPart := "S3",
testedCoefficientCandidates := [ [ 2, 5, 10, 17, 26, 37, 50 ], [ 1, 1, 1, 1, 1, 1, 1 ], [ 1, 2, 3, 4, 5, 6, 7 ], [ 1, -2, 3, -4, 5, -6, 7 ], [ 1, 0, 0, -1, 0, 0, 3 ], [ 1, 0, 0, 0, 0, 0, 0 ], [ 0, 1, 0, 0, 0, 0, 0 ], [ 0, 0, 1, 0, 0, 0, 0 ], [ 0, 0, 0, 1, 0, 0, 0 ], [ 0, 0, 0, 0, 1, 0, 0 ], [ 0, 0, 0, 0, 0, 1, 0 ], [ 0, 0, 0, 0, 0, 0, 1 ], [ 1, 1, 0, 0, 0, 0, 0 ], [ 1, -1, 0, 0, 0, 0, 0 ], [ 1, 0, 1, 0, 0, 0, 0 ], [ 1, 0, -1, 0, 0, 0, 0 ], [ 1, 0, 0, 1, 0, 0, 0 ], [ 1, 0, 0, -1, 0, 0, 0 ], [ 1, 0, 0, 0, 1, 0, 0 ], [ 1, 0, 0, 0, -1, 0, 0 ], [ 1, 0, 0, 0, 0, 1, 0 ], [ 1, 0, 0, 0, 0, -1, 0 ], [ 1, 0, 0, 0, 0, 0, 1 ], [ 1, 0, 0, 0, 0, 0, -1 ], [ 0, 1, 1, 0, 0, 0, 0 ], [ 0, 1, -1, 0, 0, 0, 0 ], [ 0, 1, 0, 1, 0, 0, 0 ], [ 0, 1, 0, -1, 0, 0, 0 ], [ 0, 1, 0, 0, 1, 0, 0 ], [ 0, 1, 0, 0, -1, 0, 0 ], [ 0, 1, 0, 0, 0, 1, 0 ], [ 0, 1, 0, 0, 0, -1, 0 ] ] ), rec(
candidateNumber := 156,
centralizerDimension := 5,
commonSingularChart := 1,
componentIndex := 2,
componentLabel := "corrigendum component, generic index 2",
cubicInvariantDimension := 5,
determinantImageOrder := 8,
exactCommonLocusTest := rec(
coefficientFieldConductor := 1,
exitCode := 0,
singularChart := 1,
singularOutput := "CF_EXACT_COMMON_SINGULAR_CHART_1\nCF_EXACT_COMMON_SINGULAR_POINT\nCF_SCRIPT_COMPLETED_OK\n",
status := "common_singular_point_exists" ),
familyDimension := 0,
familyIndexWithinCase := 1,
genericIndex := 2,
guessedCoefficients := [ 2, 5, 10, 17, 26 ],
guessedMemberTest := rec(
coefficientCandidates := [ [ 2, 5, 10, 17, 26 ], [ 1, 1, 1, 1, 1 ], [ 1, 2, 3, 4, 5 ], [ 1, -2, 3, -4, 5 ], [ 1, 0, -1, 0, 3 ], [ 1, 0, 0, 0, 0 ], [ 0, 1, 0, 0, 0 ], [ 0, 0, 1, 0, 0 ], [ 0, 0, 0, 1, 0 ], [ 0, 0, 0, 0, 1 ], [ 1, 1, 0, 0, 0 ], [ 1, -1, 0, 0, 0 ], [ 1, 0, 1, 0, 0 ], [ 1, 0, -1, 0, 0 ], [ 1, 0, 0, 1, 0 ], [ 1, 0, 0, -1, 0 ], [ 1, 0, 0, 0, 1 ], [ 1, 0, 0, 0, -1 ], [ 0, 1, 1, 0, 0 ], [ 0, 1, -1, 0, 0 ], [ 0, 1, 0, 1, 0 ], [ 0, 1, 0, -1, 0 ], [ 0, 1, 0, 0, 1 ], [ 0, 1, 0, 0, -1 ], [ 0, 0, 1, 1, 0 ], [ 0, 0, 1, -1, 0 ], [ 0, 0, 1, 0, 1 ], [ 0, 0, 1, 0, -1 ], [ 0, 0, 0, 1, 1 ], [ 0, 0, 0, 1, -1 ], [ 8, -7, -8, -6, 8 ], [ 5, -1, -5, 4, -3 ] ],
coefficientFieldConductor := 1,
exactTrials := [ rec(
coefficients := [ 2, 5, 10, 17, 26 ],
trial := rec(
coefficientFieldConductor := 1,
exitCode := 0,
singularChart := 1,
singularOutput := "CF_EXACT_SINGULAR_CHART_1\nCF_EXACT_SINGULAR\nCF_SCRIPT_COMPLETED_OK\n",
status := "exact_singular" ) ), rec(
coefficients := [ 1, 1, 1, 1, 1 ],
trial := rec(
coefficientFieldConductor := 1,
exitCode := 0,
singularChart := 1,
singularOutput := "CF_EXACT_SINGULAR_CHART_1\nCF_EXACT_SINGULAR\nCF_SCRIPT_COMPLETED_OK\n",
status := "exact_singular" ) ), rec(
coefficients := [ 1, 2, 3, 4, 5 ],
trial := rec(
coefficientFieldConductor := 1,
exitCode := 0,
singularChart := 1,
singularOutput := "CF_EXACT_SINGULAR_CHART_1\nCF_EXACT_SINGULAR\nCF_SCRIPT_COMPLETED_OK\n",
status := "exact_singular" ) ), rec(
coefficients := [ 1, -2, 3, -4, 5 ],
trial := rec(
coefficientFieldConductor := 1,
exitCode := 0,
singularChart := 1,
singularOutput := "CF_EXACT_SINGULAR_CHART_1\nCF_EXACT_SINGULAR\nCF_SCRIPT_COMPLETED_OK\n",
status := "exact_singular" ) ), rec(
coefficients := [ 1, 0, -1, 0, 3 ],
trial := rec(
coefficientFieldConductor := 1,
exitCode := 0,
singularChart := 1,
singularOutput := "CF_EXACT_SINGULAR_CHART_1\nCF_EXACT_SINGULAR\nCF_SCRIPT_COMPLETED_OK\n",
status := "exact_singular" ) ), rec(
coefficients := [ 1, 0, 0, 0, 0 ],
trial := rec(
coefficientFieldConductor := 1,
exitCode := 0,
singularChart := 1,
singularOutput := "CF_EXACT_SINGULAR_CHART_1\nCF_EXACT_SINGULAR\nCF_SCRIPT_COMPLETED_OK\n",
status := "exact_singular" ) ) ],
finiteFieldTrials := [ rec(
exitCode := 0,
numberOfMembersTested := 32,
prime := 5,
singularOutput := "CF_SINGULAR_MEMBER_1_END\nCF_SINGULAR_MEMBER_2_END\nCF_SINGULAR_MEMBER_3_END\nCF_SINGULAR_MEMBER_4_END\nCF_SINGULAR_MEMBER_5_END\nCF_SINGULAR_MEMBER_6_END\nCF_SINGULAR_MEMBER_7_END\nCF_SINGULAR_MEMBER_8_END\nCF_SINGULAR_MEMBER_9_END\nCF_SINGULAR_MEMBER_10_END\nCF_SINGULAR_MEMBER_11_END\nCF_SINGULAR_MEMBER_12_END\nCF_SINGULAR_MEMBER_13_END\nCF_SINGULAR_MEMBER_14_END\nCF_SINGULAR_MEMBER_15_END\nCF_SINGULAR_MEMBER_16_END\nCF_SINGULAR_MEMBER_17_END\nCF_SINGULAR_MEMBER_18_END\nCF_SINGULAR_MEMBER_19_END\nCF_SINGULAR_MEMBER_20_END\nCF_SINGULAR_MEMBER_21_END\nCF_SINGULAR_MEMBER_22_END\nCF_SINGULAR_MEMBER_23_END\nCF_SINGULAR_MEMBER_24_END\nCF_SINGULAR_MEMBER_25_END\nCF_SINGULAR_MEMBER_26_END\nCF_SINGULAR_MEMBER_27_END\nCF_SINGULAR_MEMBER_28_END\nCF_SINGULAR_MEMBER_29_END\nCF_SINGULAR_MEMBER_30_END\nCF_SINGULAR_MEMBER_31_END\nCF_SINGULAR_MEMBER_32_END\nCF_NO_SMOOTH_MEMBER\nCF_SCRIPT_COMPLETED_OK\n",
status := "no_smooth_in_batch",
witnessIndex := fail,
witnessVerificationPassed := false ), rec(
exitCode := 0,
numberOfMembersTested := 32,
prime := 7,
singularOutput := "CF_SINGULAR_MEMBER_1_END\nCF_SINGULAR_MEMBER_2_END\nCF_SINGULAR_MEMBER_3_END\nCF_SINGULAR_MEMBER_4_END\nCF_SINGULAR_MEMBER_5_END\nCF_SINGULAR_MEMBER_6_END\nCF_SINGULAR_MEMBER_7_END\nCF_SINGULAR_MEMBER_8_END\nCF_SINGULAR_MEMBER_9_END\nCF_SINGULAR_MEMBER_10_END\nCF_SINGULAR_MEMBER_11_END\nCF_SINGULAR_MEMBER_12_END\nCF_SINGULAR_MEMBER_13_END\nCF_SINGULAR_MEMBER_14_END\nCF_SINGULAR_MEMBER_15_END\nCF_SINGULAR_MEMBER_16_END\nCF_SINGULAR_MEMBER_17_END\nCF_SINGULAR_MEMBER_18_END\nCF_SINGULAR_MEMBER_19_END\nCF_SINGULAR_MEMBER_20_END\nCF_SINGULAR_MEMBER_21_END\nCF_SINGULAR_MEMBER_22_END\nCF_SINGULAR_MEMBER_23_END\nCF_SINGULAR_MEMBER_24_END\nCF_SINGULAR_MEMBER_25_END\nCF_SINGULAR_MEMBER_26_END\nCF_SINGULAR_MEMBER_27_END\nCF_SINGULAR_MEMBER_28_END\nCF_SINGULAR_MEMBER_29_END\nCF_SINGULAR_MEMBER_30_END\nCF_SINGULAR_MEMBER_31_END\nCF_SINGULAR_MEMBER_32_END\nCF_NO_SMOOTH_MEMBER\nCF_SCRIPT_COMPLETED_OK\n",
status := "no_smooth_in_batch",
witnessIndex := fail,
witnessVerificationPassed := false ), rec(
exitCode := 0,
numberOfMembersTested := 32,
prime := 11,
singularOutput := "CF_SINGULAR_MEMBER_1_END\nCF_SINGULAR_MEMBER_2_END\nCF_SINGULAR_MEMBER_3_END\nCF_SINGULAR_MEMBER_4_END\nCF_SINGULAR_MEMBER_5_END\nCF_SINGULAR_MEMBER_6_END\nCF_SINGULAR_MEMBER_7_END\nCF_SINGULAR_MEMBER_8_END\nCF_SINGULAR_MEMBER_9_END\nCF_SINGULAR_MEMBER_10_END\nCF_SINGULAR_MEMBER_11_END\nCF_SINGULAR_MEMBER_12_END\nCF_SINGULAR_MEMBER_13_END\nCF_SINGULAR_MEMBER_14_END\nCF_SINGULAR_MEMBER_15_END\nCF_SINGULAR_MEMBER_16_END\nCF_SINGULAR_MEMBER_17_END\nCF_SINGULAR_MEMBER_18_END\nCF_SINGULAR_MEMBER_19_END\nCF_SINGULAR_MEMBER_20_END\nCF_SINGULAR_MEMBER_21_END\nCF_SINGULAR_MEMBER_22_END\nCF_SINGULAR_MEMBER_23_END\nCF_SINGULAR_MEMBER_24_END\nCF_SINGULAR_MEMBER_25_END\nCF_SINGULAR_MEMBER_26_END\nCF_SINGULAR_MEMBER_27_END\nCF_SINGULAR_MEMBER_28_END\nCF_SINGULAR_MEMBER_29_END\nCF_SINGULAR_MEMBER_30_END\nCF_SINGULAR_MEMBER_31_END\nCF_SINGULAR_MEMBER_32_END\nCF_NO_SMOOTH_MEMBER\nCF_SCRIPT_COMPLETED_OK\n",
status := "no_smooth_in_batch",
witnessIndex := fail,
witnessVerificationPassed := false ) ],
method := "deterministic coefficient batch",
status := "no_smooth_witness" ),
guessedPolynomial := "(-1158/229)*x5*x6^2 + (2415197539153/13061458946)*x5^3 + (-984/229)*x4*x6^2 + (2898488465775/6530729473)*x4*x5^2 + (2015996806362/6530729473)*x4^2*x5 + (427140896364/6530729473)*x4^3 + (2)*x3*x6^2 + (-3219970731/24831671)*x3*x5^2 + (-6399318867/24831671)*x3*x4*x5 + (-2510821402/24831671)*x3*x4^2 + (-63239/2154)*x3^2*x5 + (10)*x3^2*x4 + (26)*x3^3 + (2)*x2*x6^2 + (-3219970731/24831671)*x2*x5^2 + (-6399318867/24831671)*x2*x4*x5 + (-2510821402/24831671)*x2*x4^2 + (12803630/283251)*x2*x3*x5 + (17038/263)*x2*x3*x4 + (17)*x2*x3^2 + (-63239/2154)*x2^2*x5 + (10)*x2^2*x4 + (17)*x2^2*x3 + (26)*x2^3 + (2)*x1*x6^2 + (-3219970731/24831671)*x1*x5^2 + (-6399318867/24831671)*x1*x4*x5 + (-2510821402/24831671)*x1*x4^2 + (12803630/283251)*x1*x3*x5 + (17038/263)*x1*x3*x4 + (17)*x1*x3^2 + (12803630/283251)*x1*x2*x5 + (17038/263)*x1*x2*x4 + (5)*x1*x2*x3 + (17)*x1*x2^2 + (-63239/2154)*x1^2*x5 + (10)*x1^2*x4 + (17)*x1^2*x3 + (17)*x1^2*x2 + (26)*x1^3",
isDirectKnownCase := false,
linearGId := [ 144, 69 ],
projectiveGId := [ 48, 4 ],
proofType := "the invariant basis has a nonempty exact common projective Jacobian locus",
status := "singular",
symplecticPart := "S3",
testedCoefficientCandidates := [ [ 2, 5, 10, 17, 26 ], [ 1, 1, 1, 1, 1 ], [ 1, 2, 3, 4, 5 ], [ 1, -2, 3, -4, 5 ], [ 1, 0, -1, 0, 3 ], [ 1, 0, 0, 0, 0 ], [ 0, 1, 0, 0, 0 ], [ 0, 0, 1, 0, 0 ], [ 0, 0, 0, 1, 0 ], [ 0, 0, 0, 0, 1 ], [ 1, 1, 0, 0, 0 ], [ 1, -1, 0, 0, 0 ], [ 1, 0, 1, 0, 0 ], [ 1, 0, -1, 0, 0 ], [ 1, 0, 0, 1, 0 ], [ 1, 0, 0, -1, 0 ], [ 1, 0, 0, 0, 1 ], [ 1, 0, 0, 0, -1 ], [ 0, 1, 1, 0, 0 ], [ 0, 1, -1, 0, 0 ], [ 0, 1, 0, 1, 0 ], [ 0, 1, 0, -1, 0 ], [ 0, 1, 0, 0, 1 ], [ 0, 1, 0, 0, -1 ], [ 0, 0, 1, 1, 0 ], [ 0, 0, 1, -1, 0 ], [ 0, 0, 1, 0, 1 ], [ 0, 0, 1, 0, -1 ], [ 0, 0, 0, 1, 1 ], [ 0, 0, 0, 1, -1 ], [ 8, -7, -8, -6, 8 ], [ 5, -1, -5, 4, -3 ] ] ), rec(
candidateNumber := 157,
centralizerDimension := 5,
commonSingularPoint := [ 0, 0, 0, 0, 0, 1 ],
componentIndex := 2,
componentLabel := "corrigendum component, generic index 2",
cubicInvariantDimension := 5,
determinantImageOrder := 8,
familyDimension := 0,
familyIndexWithinCase := 2,
genericIndex := 2,
guessedMemberTest := rec(
status := "not_run" ),
isDirectKnownCase := false,
linearGId := [ 144, 69 ],
linearVariables := [ 6 ],
projectiveGId := [ 48, 4 ],
proofType := "a variable has exponent at most one throughout the family",
status := "singular",
symplecticPart := "S3" ), rec(
candidateNumber := 158,
centralizerDimension := 5,
commonPointChecks := 126,
commonSingularPoint := [ 1, E(3), E(3)^2, 0, 0, 0 ],
componentIndex := 2,
componentLabel := "corrigendum component, generic index 2",
cubicInvariantDimension := 5,
determinantImageOrder := 8,
familyDimension := 0,
familyIndexWithinCase := 3,
genericIndex := 2,
guessedCoefficients := [ 2, 5, 10, 17, 26 ],
guessedMemberTest := rec(
coefficientCandidates := [ [ 2, 5, 10, 17, 26 ], [ 1, 1, 1, 1, 1 ], [ 1, 2, 3, 4, 5 ], [ 1, -2, 3, -4, 5 ], [ 1, 0, -1, 0, 3 ], [ 1, 0, 0, 0, 0 ], [ 0, 1, 0, 0, 0 ], [ 0, 0, 1, 0, 0 ], [ 0, 0, 0, 1, 0 ], [ 0, 0, 0, 0, 1 ], [ 1, 1, 0, 0, 0 ], [ 1, -1, 0, 0, 0 ], [ 1, 0, 1, 0, 0 ], [ 1, 0, -1, 0, 0 ], [ 1, 0, 0, 1, 0 ], [ 1, 0, 0, -1, 0 ], [ 1, 0, 0, 0, 1 ], [ 1, 0, 0, 0, -1 ], [ 0, 1, 1, 0, 0 ], [ 0, 1, -1, 0, 0 ], [ 0, 1, 0, 1, 0 ], [ 0, 1, 0, -1, 0 ], [ 0, 1, 0, 0, 1 ], [ 0, 1, 0, 0, -1 ], [ 0, 0, 1, 1, 0 ], [ 0, 0, 1, -1, 0 ], [ 0, 0, 1, 0, 1 ], [ 0, 0, 1, 0, -1 ], [ 0, 0, 0, 1, 1 ], [ 0, 0, 0, 1, -1 ], [ 8, -7, -8, -6, 8 ], [ 5, -1, -5, 4, -3 ] ],
coefficientFieldConductor := 1,
exactTrials := [ rec(
coefficients := [ 2, 5, 10, 17, 26 ],
trial := rec(
coefficientFieldConductor := 1,
exitCode := 0,
singularChart := 1,
singularOutput := "CF_EXACT_SINGULAR_CHART_1\nCF_EXACT_SINGULAR\nCF_SCRIPT_COMPLETED_OK\n",
status := "exact_singular" ) ), rec(
coefficients := [ 1, 1, 1, 1, 1 ],
trial := rec(
coefficientFieldConductor := 1,
exitCode := 0,
singularChart := 1,
singularOutput := "CF_EXACT_SINGULAR_CHART_1\nCF_EXACT_SINGULAR\nCF_SCRIPT_COMPLETED_OK\n",
status := "exact_singular" ) ), rec(
coefficients := [ 1, 2, 3, 4, 5 ],
trial := rec(
coefficientFieldConductor := 1,
exitCode := 0,
singularChart := 1,
singularOutput := "CF_EXACT_SINGULAR_CHART_1\nCF_EXACT_SINGULAR\nCF_SCRIPT_COMPLETED_OK\n",
status := "exact_singular" ) ), rec(
coefficients := [ 1, -2, 3, -4, 5 ],
trial := rec(
coefficientFieldConductor := 1,
exitCode := 0,
singularChart := 1,
singularOutput := "CF_EXACT_SINGULAR_CHART_1\nCF_EXACT_SINGULAR\nCF_SCRIPT_COMPLETED_OK\n",
status := "exact_singular" ) ), rec(
coefficients := [ 1, 0, -1, 0, 3 ],
trial := rec(
coefficientFieldConductor := 1,
exitCode := 0,
singularChart := 1,
singularOutput := "CF_EXACT_SINGULAR_CHART_1\nCF_EXACT_SINGULAR\nCF_SCRIPT_COMPLETED_OK\n",
status := "exact_singular" ) ), rec(
coefficients := [ 1, 0, 0, 0, 0 ],
trial := rec(
coefficientFieldConductor := 1,
exitCode := 0,
singularChart := 1,
singularOutput := "CF_EXACT_SINGULAR_CHART_1\nCF_EXACT_SINGULAR\nCF_SCRIPT_COMPLETED_OK\n",
status := "exact_singular" ) ) ],
finiteFieldTrials := [ rec(
exitCode := 0,
numberOfMembersTested := 32,
prime := 5,
singularOutput := "CF_SINGULAR_MEMBER_1_END\nCF_SINGULAR_MEMBER_2_END\nCF_SINGULAR_MEMBER_3_END\nCF_SINGULAR_MEMBER_4_END\nCF_SINGULAR_MEMBER_5_END\nCF_SINGULAR_MEMBER_6_END\nCF_SINGULAR_MEMBER_7_END\nCF_SINGULAR_MEMBER_8_END\nCF_SINGULAR_MEMBER_9_END\nCF_SINGULAR_MEMBER_10_END\nCF_SINGULAR_MEMBER_11_END\nCF_SINGULAR_MEMBER_12_END\nCF_SINGULAR_MEMBER_13_END\nCF_SINGULAR_MEMBER_14_END\nCF_SINGULAR_MEMBER_15_END\nCF_SINGULAR_MEMBER_16_END\nCF_SINGULAR_MEMBER_17_END\nCF_SINGULAR_MEMBER_18_END\nCF_SINGULAR_MEMBER_19_END\nCF_SINGULAR_MEMBER_20_END\nCF_SINGULAR_MEMBER_21_END\nCF_SINGULAR_MEMBER_22_END\nCF_SINGULAR_MEMBER_23_END\nCF_SINGULAR_MEMBER_24_END\nCF_SINGULAR_MEMBER_25_END\nCF_SINGULAR_MEMBER_26_END\nCF_SINGULAR_MEMBER_27_END\nCF_SINGULAR_MEMBER_28_END\nCF_SINGULAR_MEMBER_29_END\nCF_SINGULAR_MEMBER_30_END\nCF_SINGULAR_MEMBER_31_END\nCF_SINGULAR_MEMBER_32_END\nCF_NO_SMOOTH_MEMBER\nCF_SCRIPT_COMPLETED_OK\n",
status := "no_smooth_in_batch",
witnessIndex := fail,
witnessVerificationPassed := false ), rec(
exitCode := 0,
numberOfMembersTested := 32,
prime := 7,
singularOutput := "CF_SINGULAR_MEMBER_1_END\nCF_SINGULAR_MEMBER_2_END\nCF_SINGULAR_MEMBER_3_END\nCF_SINGULAR_MEMBER_4_END\nCF_SINGULAR_MEMBER_5_END\nCF_SINGULAR_MEMBER_6_END\nCF_SINGULAR_MEMBER_7_END\nCF_SINGULAR_MEMBER_8_END\nCF_SINGULAR_MEMBER_9_END\nCF_SINGULAR_MEMBER_10_END\nCF_SINGULAR_MEMBER_11_END\nCF_SINGULAR_MEMBER_12_END\nCF_SINGULAR_MEMBER_13_END\nCF_SINGULAR_MEMBER_14_END\nCF_SINGULAR_MEMBER_15_END\nCF_SINGULAR_MEMBER_16_END\nCF_SINGULAR_MEMBER_17_END\nCF_SINGULAR_MEMBER_18_END\nCF_SINGULAR_MEMBER_19_END\nCF_SINGULAR_MEMBER_20_END\nCF_SINGULAR_MEMBER_21_END\nCF_SINGULAR_MEMBER_22_END\nCF_SINGULAR_MEMBER_23_END\nCF_SINGULAR_MEMBER_24_END\nCF_SINGULAR_MEMBER_25_END\nCF_SINGULAR_MEMBER_26_END\nCF_SINGULAR_MEMBER_27_END\nCF_SINGULAR_MEMBER_28_END\nCF_SINGULAR_MEMBER_29_END\nCF_SINGULAR_MEMBER_30_END\nCF_SINGULAR_MEMBER_31_END\nCF_SINGULAR_MEMBER_32_END\nCF_NO_SMOOTH_MEMBER\nCF_SCRIPT_COMPLETED_OK\n",
status := "no_smooth_in_batch",
witnessIndex := fail,
witnessVerificationPassed := false ), rec(
exitCode := 0,
numberOfMembersTested := 32,
prime := 11,
singularOutput := "CF_SINGULAR_MEMBER_1_END\nCF_SINGULAR_MEMBER_2_END\nCF_SINGULAR_MEMBER_3_END\nCF_SINGULAR_MEMBER_4_END\nCF_SINGULAR_MEMBER_5_END\nCF_SINGULAR_MEMBER_6_END\nCF_SINGULAR_MEMBER_7_END\nCF_SINGULAR_MEMBER_8_END\nCF_SINGULAR_MEMBER_9_END\nCF_SINGULAR_MEMBER_10_END\nCF_SINGULAR_MEMBER_11_END\nCF_SINGULAR_MEMBER_12_END\nCF_SINGULAR_MEMBER_13_END\nCF_SINGULAR_MEMBER_14_END\nCF_SINGULAR_MEMBER_15_END\nCF_SINGULAR_MEMBER_16_END\nCF_SINGULAR_MEMBER_17_END\nCF_SINGULAR_MEMBER_18_END\nCF_SINGULAR_MEMBER_19_END\nCF_SINGULAR_MEMBER_20_END\nCF_SINGULAR_MEMBER_21_END\nCF_SINGULAR_MEMBER_22_END\nCF_SINGULAR_MEMBER_23_END\nCF_SINGULAR_MEMBER_24_END\nCF_SINGULAR_MEMBER_25_END\nCF_SINGULAR_MEMBER_26_END\nCF_SINGULAR_MEMBER_27_END\nCF_SINGULAR_MEMBER_28_END\nCF_SINGULAR_MEMBER_29_END\nCF_SINGULAR_MEMBER_30_END\nCF_SINGULAR_MEMBER_31_END\nCF_SINGULAR_MEMBER_32_END\nCF_NO_SMOOTH_MEMBER\nCF_SCRIPT_COMPLETED_OK\n",
status := "no_smooth_in_batch",
witnessIndex := fail,
witnessVerificationPassed := false ) ],
method := "deterministic coefficient batch",
status := "no_smooth_witness" ),
guessedPolynomial := "(-408/29)*x5*x6^2 + (55109677206629385/55330704983366)*x5^3 + (-264/29)*x4*x6^2 + (61369432511355540/27665352491683)*x4*x5^2 + (44498745326277135/27665352491683)*x4^2*x5 + (10603199098728630/27665352491683)*x4^3 + (2)*x3*x6^2 + (-120412433953287/210382908682)*x3*x5^2 + (-90248918103486/105191454341)*x3*x4*x5 + (-32576581802889/105191454341)*x3*x4^2 + (5)*x3^2*x5 + (10)*x3^2*x4 + (26)*x3^3 + (2)*x2*x6^2 + (-120412433953287/210382908682)*x2*x5^2 + (-90248918103486/105191454341)*x2*x4*x5 + (-32576581802889/105191454341)*x2*x4^2 + (37609/229)*x2*x3*x5 + (34592/229)*x2*x3*x4 + (17)*x2*x3^2 + (5)*x2^2*x5 + (10)*x2^2*x4 + (17)*x2^2*x3 + (26)*x2^3 + (2)*x1*x6^2 + (-120412433953287/210382908682)*x1*x5^2 + (-90248918103486/105191454341)*x1*x4*x5 + (-32576581802889/105191454341)*x1*x4^2 + (37609/229)*x1*x3*x5 + (34592/229)*x1*x3*x4 + (17)*x1*x3^2 + (37609/229)*x1*x2*x5 + (34592/229)*x1*x2*x4 + (-27)*x1*x2*x3 + (17)*x1*x2^2 + (5)*x1^2*x5 + (10)*x1^2*x4 + (17)*x1^2*x3 + (17)*x1^2*x2 + (26)*x1^3",
isDirectKnownCase := false,
linearGId := [ 144, 69 ],
projectiveGId := [ 48, 4 ],
proofType := "an exact common singular point was found for the invariant basis",
status := "singular",
symplecticPart := "S3",
testedCoefficientCandidates := [ [ 2, 5, 10, 17, 26 ], [ 1, 1, 1, 1, 1 ], [ 1, 2, 3, 4, 5 ], [ 1, -2, 3, -4, 5 ], [ 1, 0, -1, 0, 3 ], [ 1, 0, 0, 0, 0 ], [ 0, 1, 0, 0, 0 ], [ 0, 0, 1, 0, 0 ], [ 0, 0, 0, 1, 0 ], [ 0, 0, 0, 0, 1 ], [ 1, 1, 0, 0, 0 ], [ 1, -1, 0, 0, 0 ], [ 1, 0, 1, 0, 0 ], [ 1, 0, -1, 0, 0 ], [ 1, 0, 0, 1, 0 ], [ 1, 0, 0, -1, 0 ], [ 1, 0, 0, 0, 1 ], [ 1, 0, 0, 0, -1 ], [ 0, 1, 1, 0, 0 ], [ 0, 1, -1, 0, 0 ], [ 0, 1, 0, 1, 0 ], [ 0, 1, 0, -1, 0 ], [ 0, 1, 0, 0, 1 ], [ 0, 1, 0, 0, -1 ], [ 0, 0, 1, 1, 0 ], [ 0, 0, 1, -1, 0 ], [ 0, 0, 1, 0, 1 ], [ 0, 0, 1, 0, -1 ], [ 0, 0, 0, 1, 1 ], [ 0, 0, 0, 1, -1 ], [ 8, -7, -8, -6, 8 ], [ 5, -1, -5, 4, -3 ] ] ), rec(
candidateNumber := 159,
centralizerDimension := 5,
commonPointChecks := 126,
commonSingularPoint := [ 1, E(3), E(3)^2, 0, 0, 0 ],
componentIndex := 2,
componentLabel := "corrigendum component, generic index 2",
cubicInvariantDimension := 5,
determinantImageOrder := 8,
familyDimension := 0,
familyIndexWithinCase := 4,
genericIndex := 2,
guessedCoefficients := [ 2, 5, 10, 17, 26 ],
guessedMemberTest := rec(
coefficientCandidates := [ [ 2, 5, 10, 17, 26 ], [ 1, 1, 1, 1, 1 ], [ 1, 2, 3, 4, 5 ], [ 1, -2, 3, -4, 5 ], [ 1, 0, -1, 0, 3 ], [ 1, 0, 0, 0, 0 ], [ 0, 1, 0, 0, 0 ], [ 0, 0, 1, 0, 0 ], [ 0, 0, 0, 1, 0 ], [ 0, 0, 0, 0, 1 ], [ 1, 1, 0, 0, 0 ], [ 1, -1, 0, 0, 0 ], [ 1, 0, 1, 0, 0 ], [ 1, 0, -1, 0, 0 ], [ 1, 0, 0, 1, 0 ], [ 1, 0, 0, -1, 0 ], [ 1, 0, 0, 0, 1 ], [ 1, 0, 0, 0, -1 ], [ 0, 1, 1, 0, 0 ], [ 0, 1, -1, 0, 0 ], [ 0, 1, 0, 1, 0 ], [ 0, 1, 0, -1, 0 ], [ 0, 1, 0, 0, 1 ], [ 0, 1, 0, 0, -1 ], [ 0, 0, 1, 1, 0 ], [ 0, 0, 1, -1, 0 ], [ 0, 0, 1, 0, 1 ], [ 0, 0, 1, 0, -1 ], [ 0, 0, 0, 1, 1 ], [ 0, 0, 0, 1, -1 ], [ 8, -7, -8, -6, 8 ], [ 5, -1, -5, 4, -3 ] ],
coefficientFieldConductor := 1,
exactTrials := [ rec(
coefficients := [ 2, 5, 10, 17, 26 ],
trial := rec(
coefficientFieldConductor := 1,
exitCode := 0,
singularChart := 1,
singularOutput := "CF_EXACT_SINGULAR_CHART_1\nCF_EXACT_SINGULAR\nCF_SCRIPT_COMPLETED_OK\n",
status := "exact_singular" ) ), rec(
coefficients := [ 1, 1, 1, 1, 1 ],
trial := rec(
coefficientFieldConductor := 1,
exitCode := 0,
singularChart := 1,
singularOutput := "CF_EXACT_SINGULAR_CHART_1\nCF_EXACT_SINGULAR\nCF_SCRIPT_COMPLETED_OK\n",
status := "exact_singular" ) ), rec(
coefficients := [ 1, 2, 3, 4, 5 ],
trial := rec(
coefficientFieldConductor := 1,
exitCode := 0,
singularChart := 1,
singularOutput := "CF_EXACT_SINGULAR_CHART_1\nCF_EXACT_SINGULAR\nCF_SCRIPT_COMPLETED_OK\n",
status := "exact_singular" ) ), rec(
coefficients := [ 1, -2, 3, -4, 5 ],
trial := rec(
coefficientFieldConductor := 1,
exitCode := 0,
singularChart := 1,
singularOutput := "CF_EXACT_SINGULAR_CHART_1\nCF_EXACT_SINGULAR\nCF_SCRIPT_COMPLETED_OK\n",
status := "exact_singular" ) ), rec(
coefficients := [ 1, 0, -1, 0, 3 ],
trial := rec(
coefficientFieldConductor := 1,
exitCode := 0,
singularChart := 1,
singularOutput := "CF_EXACT_SINGULAR_CHART_1\nCF_EXACT_SINGULAR\nCF_SCRIPT_COMPLETED_OK\n",
status := "exact_singular" ) ), rec(
coefficients := [ 1, 0, 0, 0, 0 ],
trial := rec(
coefficientFieldConductor := 1,
exitCode := 0,
singularChart := 1,
singularOutput := "CF_EXACT_SINGULAR_CHART_1\nCF_EXACT_SINGULAR\nCF_SCRIPT_COMPLETED_OK\n",
status := "exact_singular" ) ) ],
finiteFieldTrials := [ rec(
exitCode := 0,
numberOfMembersTested := 32,
prime := 5,
singularOutput := "CF_SINGULAR_MEMBER_1_END\nCF_SINGULAR_MEMBER_2_END\nCF_SINGULAR_MEMBER_3_END\nCF_SINGULAR_MEMBER_4_END\nCF_SINGULAR_MEMBER_5_END\nCF_SINGULAR_MEMBER_6_END\nCF_SINGULAR_MEMBER_7_END\nCF_SINGULAR_MEMBER_8_END\nCF_SINGULAR_MEMBER_9_END\nCF_SINGULAR_MEMBER_10_END\nCF_SINGULAR_MEMBER_11_END\nCF_SINGULAR_MEMBER_12_END\nCF_SINGULAR_MEMBER_13_END\nCF_SINGULAR_MEMBER_14_END\nCF_SINGULAR_MEMBER_15_END\nCF_SINGULAR_MEMBER_16_END\nCF_SINGULAR_MEMBER_17_END\nCF_SINGULAR_MEMBER_18_END\nCF_SINGULAR_MEMBER_19_END\nCF_SINGULAR_MEMBER_20_END\nCF_SINGULAR_MEMBER_21_END\nCF_SINGULAR_MEMBER_22_END\nCF_SINGULAR_MEMBER_23_END\nCF_SINGULAR_MEMBER_24_END\nCF_SINGULAR_MEMBER_25_END\nCF_SINGULAR_MEMBER_26_END\nCF_SINGULAR_MEMBER_27_END\nCF_SINGULAR_MEMBER_28_END\nCF_SINGULAR_MEMBER_29_END\nCF_SINGULAR_MEMBER_30_END\nCF_SINGULAR_MEMBER_31_END\nCF_SINGULAR_MEMBER_32_END\nCF_NO_SMOOTH_MEMBER\nCF_SCRIPT_COMPLETED_OK\n",
status := "no_smooth_in_batch",
witnessIndex := fail,
witnessVerificationPassed := false ), rec(
exitCode := 0,
numberOfMembersTested := 32,
prime := 7,
singularOutput := "CF_SINGULAR_MEMBER_1_END\nCF_SINGULAR_MEMBER_2_END\nCF_SINGULAR_MEMBER_3_END\nCF_SINGULAR_MEMBER_4_END\nCF_SINGULAR_MEMBER_5_END\nCF_SINGULAR_MEMBER_6_END\nCF_SINGULAR_MEMBER_7_END\nCF_SINGULAR_MEMBER_8_END\nCF_SINGULAR_MEMBER_9_END\nCF_SINGULAR_MEMBER_10_END\nCF_SINGULAR_MEMBER_11_END\nCF_SINGULAR_MEMBER_12_END\nCF_SINGULAR_MEMBER_13_END\nCF_SINGULAR_MEMBER_14_END\nCF_SINGULAR_MEMBER_15_END\nCF_SINGULAR_MEMBER_16_END\nCF_SINGULAR_MEMBER_17_END\nCF_SINGULAR_MEMBER_18_END\nCF_SINGULAR_MEMBER_19_END\nCF_SINGULAR_MEMBER_20_END\nCF_SINGULAR_MEMBER_21_END\nCF_SINGULAR_MEMBER_22_END\nCF_SINGULAR_MEMBER_23_END\nCF_SINGULAR_MEMBER_24_END\nCF_SINGULAR_MEMBER_25_END\nCF_SINGULAR_MEMBER_26_END\nCF_SINGULAR_MEMBER_27_END\nCF_SINGULAR_MEMBER_28_END\nCF_SINGULAR_MEMBER_29_END\nCF_SINGULAR_MEMBER_30_END\nCF_SINGULAR_MEMBER_31_END\nCF_SINGULAR_MEMBER_32_END\nCF_NO_SMOOTH_MEMBER\nCF_SCRIPT_COMPLETED_OK\n",
status := "no_smooth_in_batch",
witnessIndex := fail,
witnessVerificationPassed := false ), rec(
exitCode := 0,
numberOfMembersTested := 32,
prime := 11,
singularOutput := "CF_SINGULAR_MEMBER_1_END\nCF_SINGULAR_MEMBER_2_END\nCF_SINGULAR_MEMBER_3_END\nCF_SINGULAR_MEMBER_4_END\nCF_SINGULAR_MEMBER_5_END\nCF_SINGULAR_MEMBER_6_END\nCF_SINGULAR_MEMBER_7_END\nCF_SINGULAR_MEMBER_8_END\nCF_SINGULAR_MEMBER_9_END\nCF_SINGULAR_MEMBER_10_END\nCF_SINGULAR_MEMBER_11_END\nCF_SINGULAR_MEMBER_12_END\nCF_SINGULAR_MEMBER_13_END\nCF_SINGULAR_MEMBER_14_END\nCF_SINGULAR_MEMBER_15_END\nCF_SINGULAR_MEMBER_16_END\nCF_SINGULAR_MEMBER_17_END\nCF_SINGULAR_MEMBER_18_END\nCF_SINGULAR_MEMBER_19_END\nCF_SINGULAR_MEMBER_20_END\nCF_SINGULAR_MEMBER_21_END\nCF_SINGULAR_MEMBER_22_END\nCF_SINGULAR_MEMBER_23_END\nCF_SINGULAR_MEMBER_24_END\nCF_SINGULAR_MEMBER_25_END\nCF_SINGULAR_MEMBER_26_END\nCF_SINGULAR_MEMBER_27_END\nCF_SINGULAR_MEMBER_28_END\nCF_SINGULAR_MEMBER_29_END\nCF_SINGULAR_MEMBER_30_END\nCF_SINGULAR_MEMBER_31_END\nCF_SINGULAR_MEMBER_32_END\nCF_NO_SMOOTH_MEMBER\nCF_SCRIPT_COMPLETED_OK\n",
status := "no_smooth_in_batch",
witnessIndex := fail,
witnessVerificationPassed := false ) ],
method := "deterministic coefficient batch",
status := "no_smooth_witness" ),
guessedPolynomial := "(-408/29)*x5*x6^2 + (55109677206629385/55330704983366)*x5^3 + (-264/29)*x4*x6^2 + (61369432511355540/27665352491683)*x4*x5^2 + (44498745326277135/27665352491683)*x4^2*x5 + (10603199098728630/27665352491683)*x4^3 + (2)*x3*x6^2 + (-120412433953287/210382908682)*x3*x5^2 + (-90248918103486/105191454341)*x3*x4*x5 + (-32576581802889/105191454341)*x3*x4^2 + (5)*x3^2*x5 + (10)*x3^2*x4 + (26)*x3^3 + (2)*x2*x6^2 + (-120412433953287/210382908682)*x2*x5^2 + (-90248918103486/105191454341)*x2*x4*x5 + (-32576581802889/105191454341)*x2*x4^2 + (37609/229)*x2*x3*x5 + (34592/229)*x2*x3*x4 + (17)*x2*x3^2 + (5)*x2^2*x5 + (10)*x2^2*x4 + (17)*x2^2*x3 + (26)*x2^3 + (2)*x1*x6^2 + (-120412433953287/210382908682)*x1*x5^2 + (-90248918103486/105191454341)*x1*x4*x5 + (-32576581802889/105191454341)*x1*x4^2 + (37609/229)*x1*x3*x5 + (34592/229)*x1*x3*x4 + (17)*x1*x3^2 + (37609/229)*x1*x2*x5 + (34592/229)*x1*x2*x4 + (-27)*x1*x2*x3 + (17)*x1*x2^2 + (5)*x1^2*x5 + (10)*x1^2*x4 + (17)*x1^2*x3 + (17)*x1^2*x2 + (26)*x1^3",
isDirectKnownCase := false,
linearGId := [ 144, 69 ],
projectiveGId := [ 48, 4 ],
proofType := "an exact common singular point was found for the invariant basis",
status := "singular",
symplecticPart := "S3",
testedCoefficientCandidates := [ [ 2, 5, 10, 17, 26 ], [ 1, 1, 1, 1, 1 ], [ 1, 2, 3, 4, 5 ], [ 1, -2, 3, -4, 5 ], [ 1, 0, -1, 0, 3 ], [ 1, 0, 0, 0, 0 ], [ 0, 1, 0, 0, 0 ], [ 0, 0, 1, 0, 0 ], [ 0, 0, 0, 1, 0 ], [ 0, 0, 0, 0, 1 ], [ 1, 1, 0, 0, 0 ], [ 1, -1, 0, 0, 0 ], [ 1, 0, 1, 0, 0 ], [ 1, 0, -1, 0, 0 ], [ 1, 0, 0, 1, 0 ], [ 1, 0, 0, -1, 0 ], [ 1, 0, 0, 0, 1 ], [ 1, 0, 0, 0, -1 ], [ 0, 1, 1, 0, 0 ], [ 0, 1, -1, 0, 0 ], [ 0, 1, 0, 1, 0 ], [ 0, 1, 0, -1, 0 ], [ 0, 1, 0, 0, 1 ], [ 0, 1, 0, 0, -1 ], [ 0, 0, 1, 1, 0 ], [ 0, 0, 1, -1, 0 ], [ 0, 0, 1, 0, 1 ], [ 0, 0, 1, 0, -1 ], [ 0, 0, 0, 1, 1 ], [ 0, 0, 0, 1, -1 ], [ 8, -7, -8, -6, 8 ], [ 5, -1, -5, 4, -3 ] ] ), rec(
candidateNumber := 160,
centralizerDimension := 5,
commonPointChecks := 126,
commonSingularPoint := [ 1, E(3), E(3)^2, 0, 0, 0 ],
componentIndex := 2,
componentLabel := "corrigendum component, generic index 2",
cubicInvariantDimension := 5,
determinantImageOrder := 8,
familyDimension := 0,
familyIndexWithinCase := 5,
genericIndex := 2,
guessedCoefficients := [ 2, 5, 10, 17, 26 ],
guessedMemberTest := rec(
coefficientCandidates := [ [ 2, 5, 10, 17, 26 ], [ 1, 1, 1, 1, 1 ], [ 1, 2, 3, 4, 5 ], [ 1, -2, 3, -4, 5 ], [ 1, 0, -1, 0, 3 ], [ 1, 0, 0, 0, 0 ], [ 0, 1, 0, 0, 0 ], [ 0, 0, 1, 0, 0 ], [ 0, 0, 0, 1, 0 ], [ 0, 0, 0, 0, 1 ], [ 1, 1, 0, 0, 0 ], [ 1, -1, 0, 0, 0 ], [ 1, 0, 1, 0, 0 ], [ 1, 0, -1, 0, 0 ], [ 1, 0, 0, 1, 0 ], [ 1, 0, 0, -1, 0 ], [ 1, 0, 0, 0, 1 ], [ 1, 0, 0, 0, -1 ], [ 0, 1, 1, 0, 0 ], [ 0, 1, -1, 0, 0 ], [ 0, 1, 0, 1, 0 ], [ 0, 1, 0, -1, 0 ], [ 0, 1, 0, 0, 1 ], [ 0, 1, 0, 0, -1 ], [ 0, 0, 1, 1, 0 ], [ 0, 0, 1, -1, 0 ], [ 0, 0, 1, 0, 1 ], [ 0, 0, 1, 0, -1 ], [ 0, 0, 0, 1, 1 ], [ 0, 0, 0, 1, -1 ], [ 8, -7, -8, -6, 8 ], [ 5, -1, -5, 4, -3 ] ],
coefficientFieldConductor := 1,
exactTrials := [ rec(
coefficients := [ 2, 5, 10, 17, 26 ],
trial := rec(
coefficientFieldConductor := 1,
exitCode := 0,
singularChart := 1,
singularOutput := "CF_EXACT_SINGULAR_CHART_1\nCF_EXACT_SINGULAR\nCF_SCRIPT_COMPLETED_OK\n",
status := "exact_singular" ) ), rec(
coefficients := [ 1, 1, 1, 1, 1 ],
trial := rec(
coefficientFieldConductor := 1,
exitCode := 0,
singularChart := 1,
singularOutput := "CF_EXACT_SINGULAR_CHART_1\nCF_EXACT_SINGULAR\nCF_SCRIPT_COMPLETED_OK\n",
status := "exact_singular" ) ), rec(
coefficients := [ 1, 2, 3, 4, 5 ],
trial := rec(
coefficientFieldConductor := 1,
exitCode := 0,
singularChart := 1,
singularOutput := "CF_EXACT_SINGULAR_CHART_1\nCF_EXACT_SINGULAR\nCF_SCRIPT_COMPLETED_OK\n",
status := "exact_singular" ) ), rec(
coefficients := [ 1, -2, 3, -4, 5 ],
trial := rec(
coefficientFieldConductor := 1,
exitCode := 0,
singularChart := 1,
singularOutput := "CF_EXACT_SINGULAR_CHART_1\nCF_EXACT_SINGULAR\nCF_SCRIPT_COMPLETED_OK\n",
status := "exact_singular" ) ), rec(
coefficients := [ 1, 0, -1, 0, 3 ],
trial := rec(
coefficientFieldConductor := 1,
exitCode := 0,
singularChart := 1,
singularOutput := "CF_EXACT_SINGULAR_CHART_1\nCF_EXACT_SINGULAR\nCF_SCRIPT_COMPLETED_OK\n",
status := "exact_singular" ) ), rec(
coefficients := [ 1, 0, 0, 0, 0 ],
trial := rec(
coefficientFieldConductor := 1,
exitCode := 0,
singularChart := 1,
singularOutput := "CF_EXACT_SINGULAR_CHART_1\nCF_EXACT_SINGULAR\nCF_SCRIPT_COMPLETED_OK\n",
status := "exact_singular" ) ) ],
finiteFieldTrials := [ rec(
exitCode := 0,
numberOfMembersTested := 32,
prime := 5,
singularOutput := "CF_SINGULAR_MEMBER_1_END\nCF_SINGULAR_MEMBER_2_END\nCF_SINGULAR_MEMBER_3_END\nCF_SINGULAR_MEMBER_4_END\nCF_SINGULAR_MEMBER_5_END\nCF_SINGULAR_MEMBER_6_END\nCF_SINGULAR_MEMBER_7_END\nCF_SINGULAR_MEMBER_8_END\nCF_SINGULAR_MEMBER_9_END\nCF_SINGULAR_MEMBER_10_END\nCF_SINGULAR_MEMBER_11_END\nCF_SINGULAR_MEMBER_12_END\nCF_SINGULAR_MEMBER_13_END\nCF_SINGULAR_MEMBER_14_END\nCF_SINGULAR_MEMBER_15_END\nCF_SINGULAR_MEMBER_16_END\nCF_SINGULAR_MEMBER_17_END\nCF_SINGULAR_MEMBER_18_END\nCF_SINGULAR_MEMBER_19_END\nCF_SINGULAR_MEMBER_20_END\nCF_SINGULAR_MEMBER_21_END\nCF_SINGULAR_MEMBER_22_END\nCF_SINGULAR_MEMBER_23_END\nCF_SINGULAR_MEMBER_24_END\nCF_SINGULAR_MEMBER_25_END\nCF_SINGULAR_MEMBER_26_END\nCF_SINGULAR_MEMBER_27_END\nCF_SINGULAR_MEMBER_28_END\nCF_SINGULAR_MEMBER_29_END\nCF_SINGULAR_MEMBER_30_END\nCF_SINGULAR_MEMBER_31_END\nCF_SINGULAR_MEMBER_32_END\nCF_NO_SMOOTH_MEMBER\nCF_SCRIPT_COMPLETED_OK\n",
status := "no_smooth_in_batch",
witnessIndex := fail,
witnessVerificationPassed := false ), rec(
exitCode := 0,
numberOfMembersTested := 32,
prime := 7,
singularOutput := "CF_SINGULAR_MEMBER_1_END\nCF_SINGULAR_MEMBER_2_END\nCF_SINGULAR_MEMBER_3_END\nCF_SINGULAR_MEMBER_4_END\nCF_SINGULAR_MEMBER_5_END\nCF_SINGULAR_MEMBER_6_END\nCF_SINGULAR_MEMBER_7_END\nCF_SINGULAR_MEMBER_8_END\nCF_SINGULAR_MEMBER_9_END\nCF_SINGULAR_MEMBER_10_END\nCF_SINGULAR_MEMBER_11_END\nCF_SINGULAR_MEMBER_12_END\nCF_SINGULAR_MEMBER_13_END\nCF_SINGULAR_MEMBER_14_END\nCF_SINGULAR_MEMBER_15_END\nCF_SINGULAR_MEMBER_16_END\nCF_SINGULAR_MEMBER_17_END\nCF_SINGULAR_MEMBER_18_END\nCF_SINGULAR_MEMBER_19_END\nCF_SINGULAR_MEMBER_20_END\nCF_SINGULAR_MEMBER_21_END\nCF_SINGULAR_MEMBER_22_END\nCF_SINGULAR_MEMBER_23_END\nCF_SINGULAR_MEMBER_24_END\nCF_SINGULAR_MEMBER_25_END\nCF_SINGULAR_MEMBER_26_END\nCF_SINGULAR_MEMBER_27_END\nCF_SINGULAR_MEMBER_28_END\nCF_SINGULAR_MEMBER_29_END\nCF_SINGULAR_MEMBER_30_END\nCF_SINGULAR_MEMBER_31_END\nCF_SINGULAR_MEMBER_32_END\nCF_NO_SMOOTH_MEMBER\nCF_SCRIPT_COMPLETED_OK\n",
status := "no_smooth_in_batch",
witnessIndex := fail,
witnessVerificationPassed := false ), rec(
exitCode := 0,
numberOfMembersTested := 32,
prime := 11,
singularOutput := "CF_SINGULAR_MEMBER_1_END\nCF_SINGULAR_MEMBER_2_END\nCF_SINGULAR_MEMBER_3_END\nCF_SINGULAR_MEMBER_4_END\nCF_SINGULAR_MEMBER_5_END\nCF_SINGULAR_MEMBER_6_END\nCF_SINGULAR_MEMBER_7_END\nCF_SINGULAR_MEMBER_8_END\nCF_SINGULAR_MEMBER_9_END\nCF_SINGULAR_MEMBER_10_END\nCF_SINGULAR_MEMBER_11_END\nCF_SINGULAR_MEMBER_12_END\nCF_SINGULAR_MEMBER_13_END\nCF_SINGULAR_MEMBER_14_END\nCF_SINGULAR_MEMBER_15_END\nCF_SINGULAR_MEMBER_16_END\nCF_SINGULAR_MEMBER_17_END\nCF_SINGULAR_MEMBER_18_END\nCF_SINGULAR_MEMBER_19_END\nCF_SINGULAR_MEMBER_20_END\nCF_SINGULAR_MEMBER_21_END\nCF_SINGULAR_MEMBER_22_END\nCF_SINGULAR_MEMBER_23_END\nCF_SINGULAR_MEMBER_24_END\nCF_SINGULAR_MEMBER_25_END\nCF_SINGULAR_MEMBER_26_END\nCF_SINGULAR_MEMBER_27_END\nCF_SINGULAR_MEMBER_28_END\nCF_SINGULAR_MEMBER_29_END\nCF_SINGULAR_MEMBER_30_END\nCF_SINGULAR_MEMBER_31_END\nCF_SINGULAR_MEMBER_32_END\nCF_NO_SMOOTH_MEMBER\nCF_SCRIPT_COMPLETED_OK\n",
status := "no_smooth_in_batch",
witnessIndex := fail,
witnessVerificationPassed := false ) ],
method := "deterministic coefficient batch",
status := "no_smooth_witness" ),
guessedPolynomial := "(-408/29)*x5*x6^2 + (52635862309756905/55330704983366)*x5^3 + (-264/29)*x4*x6^2 + (56660887433520270/27665352491683)*x4*x5^2 + (40478543565469245/27665352491683)*x4^2*x5 + (9646165231537410/27665352491683)*x4^3 + (2)*x3*x6^2 + (-111760766937267/210382908682)*x3*x5^2 + (-76118040317286/105191454341)*x3*x4*x5 + (-26091258350379/105191454341)*x3*x4^2 + (5)*x3^2*x5 + (10)*x3^2*x4 + (26)*x3^3 + (2)*x2*x6^2 + (-111760766937267/210382908682)*x2*x5^2 + (-76118040317286/105191454341)*x2*x4*x5 + (-26091258350379/105191454341)*x2*x4^2 + (35753/263)*x2*x3*x5 + (19534/263)*x2*x3*x4 + (17)*x2*x3^2 + (5)*x2^2*x5 + (10)*x2^2*x4 + (17)*x2^2*x3 + (26)*x2^3 + (2)*x1*x6^2 + (-111760766937267/210382908682)*x1*x5^2 + (-76118040317286/105191454341)*x1*x4*x5 + (-26091258350379/105191454341)*x1*x4^2 + (35753/263)*x1*x3*x5 + (19534/263)*x1*x3*x4 + (17)*x1*x3^2 + (35753/263)*x1*x2*x5 + (19534/263)*x1*x2*x4 + (-27)*x1*x2*x3 + (17)*x1*x2^2 + (5)*x1^2*x5 + (10)*x1^2*x4 + (17)*x1^2*x3 + (17)*x1^2*x2 + (26)*x1^3",
isDirectKnownCase := false,
linearGId := [ 144, 69 ],
projectiveGId := [ 48, 4 ],
proofType := "an exact common singular point was found for the invariant basis",
status := "singular",
symplecticPart := "S3",
testedCoefficientCandidates := [ [ 2, 5, 10, 17, 26 ], [ 1, 1, 1, 1, 1 ], [ 1, 2, 3, 4, 5 ], [ 1, -2, 3, -4, 5 ], [ 1, 0, -1, 0, 3 ], [ 1, 0, 0, 0, 0 ], [ 0, 1, 0, 0, 0 ], [ 0, 0, 1, 0, 0 ], [ 0, 0, 0, 1, 0 ], [ 0, 0, 0, 0, 1 ], [ 1, 1, 0, 0, 0 ], [ 1, -1, 0, 0, 0 ], [ 1, 0, 1, 0, 0 ], [ 1, 0, -1, 0, 0 ], [ 1, 0, 0, 1, 0 ], [ 1, 0, 0, -1, 0 ], [ 1, 0, 0, 0, 1 ], [ 1, 0, 0, 0, -1 ], [ 0, 1, 1, 0, 0 ], [ 0, 1, -1, 0, 0 ], [ 0, 1, 0, 1, 0 ], [ 0, 1, 0, -1, 0 ], [ 0, 1, 0, 0, 1 ], [ 0, 1, 0, 0, -1 ], [ 0, 0, 1, 1, 0 ], [ 0, 0, 1, -1, 0 ], [ 0, 0, 1, 0, 1 ], [ 0, 0, 1, 0, -1 ], [ 0, 0, 0, 1, 1 ], [ 0, 0, 0, 1, -1 ], [ 8, -7, -8, -6, 8 ], [ 5, -1, -5, 4, -3 ] ] ), rec(
candidateNumber := 161,
centralizerDimension := 5,
componentIndex := 2,
componentLabel := "corrigendum component, generic index 2",
cubicInvariantDimension := 6,
determinantImageOrder := 8,
familyDimension := 1,
familyIndexWithinCase := 6,
genericIndex := 2,
guessedCoefficients := [ 2, 5, 10, 17, 26, 37 ],
guessedMemberTest := rec(
coefficientCandidates := [ [ 2, 5, 10, 17, 26, 37 ], [ 1, 1, 1, 1, 1, 1 ], [ 1, 2, 3, 4, 5, 6 ], [ 1, -2, 3, -4, 5, -6 ], [ 1, 0, -1, 0, 0, 3 ], [ 1, 0, 0, 0, 0, 0 ], [ 0, 1, 0, 0, 0, 0 ], [ 0, 0, 1, 0, 0, 0 ], [ 0, 0, 0, 1, 0, 0 ], [ 0, 0, 0, 0, 1, 0 ], [ 0, 0, 0, 0, 0, 1 ], [ 1, 1, 0, 0, 0, 0 ], [ 1, -1, 0, 0, 0, 0 ], [ 1, 0, 1, 0, 0, 0 ], [ 1, 0, -1, 0, 0, 0 ], [ 1, 0, 0, 1, 0, 0 ], [ 1, 0, 0, -1, 0, 0 ], [ 1, 0, 0, 0, 1, 0 ], [ 1, 0, 0, 0, -1, 0 ], [ 1, 0, 0, 0, 0, 1 ], [ 1, 0, 0, 0, 0, -1 ], [ 0, 1, 1, 0, 0, 0 ], [ 0, 1, -1, 0, 0, 0 ], [ 0, 1, 0, 1, 0, 0 ], [ 0, 1, 0, -1, 0, 0 ], [ 0, 1, 0, 0, 1, 0 ], [ 0, 1, 0, 0, -1, 0 ], [ 0, 1, 0, 0, 0, 1 ], [ 0, 1, 0, 0, 0, -1 ], [ 0, 0, 1, 1, 0, 0 ], [ 0, 0, 1, -1, 0, 0 ], [ 0, 0, 1, 0, 1, 0 ] ],
coefficientFieldConductor := 1,
exactTrials := [  ],
finiteFieldTrials := [ rec(
exitCode := 0,
numberOfMembersTested := 32,
prime := 5,
singularOutput := "CF_SINGULAR_MEMBER_1_END\nCF_SINGULAR_MEMBER_2_END\nCF_SINGULAR_MEMBER_3_END\nCF_SINGULAR_MEMBER_4_END\nCF_SINGULAR_MEMBER_5_END\nCF_SINGULAR_MEMBER_6_END\nCF_SINGULAR_MEMBER_7_END\nCF_SINGULAR_MEMBER_8_END\nCF_SINGULAR_MEMBER_9_END\nCF_SINGULAR_MEMBER_10_END\nCF_SINGULAR_MEMBER_11_END\nCF_SINGULAR_MEMBER_12_END\nCF_SINGULAR_MEMBER_13_END\nCF_SINGULAR_MEMBER_14_END\nCF_SINGULAR_MEMBER_15_END\nCF_SINGULAR_MEMBER_16_END\nCF_SINGULAR_MEMBER_17_END\nCF_SINGULAR_MEMBER_18_END\nCF_SINGULAR_MEMBER_19_END\nCF_SINGULAR_MEMBER_20_END\nCF_SINGULAR_MEMBER_21_END\nCF_SINGULAR_MEMBER_22_END\nCF_SINGULAR_MEMBER_23_END\nCF_SINGULAR_MEMBER_24_END\nCF_SINGULAR_MEMBER_25_END\nCF_SINGULAR_MEMBER_26_END\nCF_SINGULAR_MEMBER_27_END\nCF_SINGULAR_MEMBER_28_END\nCF_SINGULAR_MEMBER_29_END\nCF_SINGULAR_MEMBER_30_END\nCF_SINGULAR_MEMBER_31_END\nCF_SINGULAR_MEMBER_32_END\nCF_NO_SMOOTH_MEMBER\nCF_SCRIPT_COMPLETED_OK\n",
status := "no_smooth_in_batch",
witnessIndex := fail,
witnessVerificationPassed := false ), rec(
exitCode := 0,
numberOfMembersTested := 32,
prime := 7,
singularOutput := "CF_SINGULAR_MEMBER_1_END\nCF_SINGULAR_MEMBER_2_END\nCF_SINGULAR_MEMBER_3_END\nCF_SINGULAR_MEMBER_4_END\nCF_SINGULAR_MEMBER_5_END\nCF_SINGULAR_MEMBER_6_END\nCF_SINGULAR_MEMBER_7_END\nCF_SINGULAR_MEMBER_8_END\nCF_SINGULAR_MEMBER_9_END\nCF_SINGULAR_MEMBER_10_END\nCF_SINGULAR_MEMBER_11_END\nCF_SINGULAR_MEMBER_12_END\nCF_SINGULAR_MEMBER_13_END\nCF_SINGULAR_MEMBER_14_END\nCF_SINGULAR_MEMBER_15_END\nCF_SINGULAR_MEMBER_16_END\nCF_SINGULAR_MEMBER_17_END\nCF_SINGULAR_MEMBER_18_END\nCF_SINGULAR_MEMBER_19_END\nCF_SINGULAR_MEMBER_20_END\nCF_SINGULAR_MEMBER_21_END\nCF_SINGULAR_MEMBER_22_END\nCF_SINGULAR_MEMBER_23_END\nCF_SINGULAR_MEMBER_24_END\nCF_SINGULAR_MEMBER_25_END\nCF_SINGULAR_MEMBER_26_END\nCF_SINGULAR_MEMBER_27_END\nCF_SINGULAR_MEMBER_28_END\nCF_SINGULAR_MEMBER_29_END\nCF_SINGULAR_MEMBER_30_END\nCF_SINGULAR_MEMBER_31_END\nCF_SINGULAR_MEMBER_32_END\nCF_NO_SMOOTH_MEMBER\nCF_SCRIPT_COMPLETED_OK\n",
status := "no_smooth_in_batch",
witnessIndex := fail,
witnessVerificationPassed := false ), rec(
exitCode := 0,
numberOfMembersTested := 32,
prime := 11,
singularOutput := "CF_SMOOTH_MEMBER_1_END\nCF_SCRIPT_COMPLETED_OK\n",
status := "smooth",
witnessIndex := 1,
witnessVerificationPassed := true ) ],
member := rec(
coefficients := [ 2, 5, 10, 17, 26, 37 ],
monomialCoefficients := [ 0, -408/29, 0, 38680603358923700/27665352491683, -264/29, 0, 83727315077040081/27665352491683, 0, 59996121385842171/27665352491683, 14318673177118734/27665352491683, 2, 0, -80829276594299/105191454341, 0, -111631368877428/105191454341, -38591505617613/105191454341, 0, 10, 17, 37, 2, 0, -80829276594299/105191454341, 0, -111631368877428/105191454341, -38591505617613/105191454341, 0, 44537/263, 25868/263, 26, 0, 10, 17, 26, 37, 2, 0, -80829276594299/105191454341, 0, -111631368877428/105191454341, -38591505617613/105191454341, 0, 44537/263, 25868/263, 26, 0, 44537/263, 25868/263, 5, 26, 0, 10, 17, 26, 26, 37 ],
polynomial := "(-408/29)*x5*x6^2 + (38680603358923700/27665352491683)*x5^3 + (-264/29)*x4*x6^2 + (83727315077040081/27665352491683)*x4*x5^2 + (59996121385842171/27665352491683)*x4^2*x5 + (14318673177118734/27665352491683)*x4^3 + (2)*x3*x6^2 + (-80829276594299/105191454341)*x3*x5^2 + (-111631368877428/105191454341)*x3*x4*x5 + (-38591505617613/105191454341)*x3*x4^2 + (10)*x3^2*x5 + (17)*x3^2*x4 + (37)*x3^3 + (2)*x2*x6^2 + (-80829276594299/105191454341)*x2*x5^2 + (-111631368877428/105191454341)*x2*x4*x5 + (-38591505617613/105191454341)*x2*x4^2 + (44537/263)*x2*x3*x5 + (25868/263)*x2*x3*x4 + (26)*x2*x3^2 + (10)*x2^2*x5 + (17)*x2^2*x4 + (26)*x2^2*x3 + (37)*x2^3 + (2)*x1*x6^2 + (-80829276594299/105191454341)*x1*x5^2 + (-111631368877428/105191454341)*x1*x4*x5 + (-38591505617613/105191454341)*x1*x4^2 + (44537/263)*x1*x3*x5 + (25868/263)*x1*x3*x4 + (26)*x1*x3^2 + (44537/263)*x1*x2*x5 + (25868/263)*x1*x2*x4 + (5)*x1*x2*x3 + (26)*x1*x2^2 + (10)*x1^2*x5 + (17)*x1^2*x4 + (26)*x1^2*x3 + (26)*x1^2*x2 + (37)*x1^3" ),
method := "smooth reduction at a good split prime",
status := "smooth",
witnessPrime := 11 ),
isDirectKnownCase := false,
linearGId := [ 144, 69 ],
projectiveGId := [ 48, 4 ],
proofType := "an explicit member of the invariant cubic family is smooth",
smoothPolynomial := "(-408/29)*x5*x6^2 + (38680603358923700/27665352491683)*x5^3 + (-264/29)*x4*x6^2 + (83727315077040081/27665352491683)*x4*x5^2 + (59996121385842171/27665352491683)*x4^2*x5 + (14318673177118734/27665352491683)*x4^3 + (2)*x3*x6^2 + (-80829276594299/105191454341)*x3*x5^2 + (-111631368877428/105191454341)*x3*x4*x5 + (-38591505617613/105191454341)*x3*x4^2 + (10)*x3^2*x5 + (17)*x3^2*x4 + (37)*x3^3 + (2)*x2*x6^2 + (-80829276594299/105191454341)*x2*x5^2 + (-111631368877428/105191454341)*x2*x4*x5 + (-38591505617613/105191454341)*x2*x4^2 + (44537/263)*x2*x3*x5 + (25868/263)*x2*x3*x4 + (26)*x2*x3^2 + (10)*x2^2*x5 + (17)*x2^2*x4 + (26)*x2^2*x3 + (37)*x2^3 + (2)*x1*x6^2 + (-80829276594299/105191454341)*x1*x5^2 + (-111631368877428/105191454341)*x1*x4*x5 + (-38591505617613/105191454341)*x1*x4^2 + (44537/263)*x1*x3*x5 + (25868/263)*x1*x3*x4 + (26)*x1*x3^2 + (44537/263)*x1*x2*x5 + (25868/263)*x1*x2*x4 + (5)*x1*x2*x3 + (26)*x1*x2^2 + (10)*x1^2*x5 + (17)*x1^2*x4 + (26)*x1^2*x3 + (26)*x1^2*x2 + (37)*x1^3",
status := "smooth",
symplecticPart := "S3",
testedCoefficientCandidates := [ [ 2, 5, 10, 17, 26, 37 ], [ 1, 1, 1, 1, 1, 1 ], [ 1, 2, 3, 4, 5, 6 ], [ 1, -2, 3, -4, 5, -6 ], [ 1, 0, -1, 0, 0, 3 ], [ 1, 0, 0, 0, 0, 0 ], [ 0, 1, 0, 0, 0, 0 ], [ 0, 0, 1, 0, 0, 0 ], [ 0, 0, 0, 1, 0, 0 ], [ 0, 0, 0, 0, 1, 0 ], [ 0, 0, 0, 0, 0, 1 ], [ 1, 1, 0, 0, 0, 0 ], [ 1, -1, 0, 0, 0, 0 ], [ 1, 0, 1, 0, 0, 0 ], [ 1, 0, -1, 0, 0, 0 ], [ 1, 0, 0, 1, 0, 0 ], [ 1, 0, 0, -1, 0, 0 ], [ 1, 0, 0, 0, 1, 0 ], [ 1, 0, 0, 0, -1, 0 ], [ 1, 0, 0, 0, 0, 1 ], [ 1, 0, 0, 0, 0, -1 ], [ 0, 1, 1, 0, 0, 0 ], [ 0, 1, -1, 0, 0, 0 ], [ 0, 1, 0, 1, 0, 0 ], [ 0, 1, 0, -1, 0, 0 ], [ 0, 1, 0, 0, 1, 0 ], [ 0, 1, 0, 0, -1, 0 ], [ 0, 1, 0, 0, 0, 1 ], [ 0, 1, 0, 0, 0, -1 ], [ 0, 0, 1, 1, 0, 0 ], [ 0, 0, 1, -1, 0, 0 ], [ 0, 0, 1, 0, 1, 0 ] ] ), rec(
candidateNumber := 162,
centralizerDimension := 7,
commonSingularPoint := [ 0, 0, 0, 0, 0, 1 ],
componentIndex := 2,
componentLabel := "corrigendum component, generic index 2",
cubicInvariantDimension := 7,
determinantImageOrder := 8,
familyDimension := 0,
familyIndexWithinCase := 7,
genericIndex := 2,
guessedMemberTest := rec(
status := "not_run" ),
isDirectKnownCase := false,
linearGId := [ 144, 69 ],
linearVariables := [ 6 ],
projectiveGId := [ 48, 4 ],
proofType := "a variable has exponent at most one throughout the family",
status := "singular",
symplecticPart := "S3" ), rec(
candidateNumber := 163,
centralizerDimension := 7,
commonPointChecks := 126,
commonSingularPoint := [ 1, E(3), E(3)^2, 0, 0, 0 ],
componentIndex := 2,
componentLabel := "corrigendum component, generic index 2",
cubicInvariantDimension := 7,
determinantImageOrder := 8,
familyDimension := 0,
familyIndexWithinCase := 8,
genericIndex := 2,
guessedCoefficients := [ 2, 5, 10, 17, 26, 37, 50 ],
guessedMemberTest := rec(
coefficientCandidates := [ [ 2, 5, 10, 17, 26, 37, 50 ], [ 1, 1, 1, 1, 1, 1, 1 ], [ 1, 2, 3, 4, 5, 6, 7 ], [ 1, -2, 3, -4, 5, -6, 7 ], [ 1, 0, 0, -1, 0, 0, 3 ], [ 1, 0, 0, 0, 0, 0, 0 ], [ 0, 1, 0, 0, 0, 0, 0 ], [ 0, 0, 1, 0, 0, 0, 0 ], [ 0, 0, 0, 1, 0, 0, 0 ], [ 0, 0, 0, 0, 1, 0, 0 ], [ 0, 0, 0, 0, 0, 1, 0 ], [ 0, 0, 0, 0, 0, 0, 1 ], [ 1, 1, 0, 0, 0, 0, 0 ], [ 1, -1, 0, 0, 0, 0, 0 ], [ 1, 0, 1, 0, 0, 0, 0 ], [ 1, 0, -1, 0, 0, 0, 0 ], [ 1, 0, 0, 1, 0, 0, 0 ], [ 1, 0, 0, -1, 0, 0, 0 ], [ 1, 0, 0, 0, 1, 0, 0 ], [ 1, 0, 0, 0, -1, 0, 0 ], [ 1, 0, 0, 0, 0, 1, 0 ], [ 1, 0, 0, 0, 0, -1, 0 ], [ 1, 0, 0, 0, 0, 0, 1 ], [ 1, 0, 0, 0, 0, 0, -1 ], [ 0, 1, 1, 0, 0, 0, 0 ], [ 0, 1, -1, 0, 0, 0, 0 ], [ 0, 1, 0, 1, 0, 0, 0 ], [ 0, 1, 0, -1, 0, 0, 0 ], [ 0, 1, 0, 0, 1, 0, 0 ], [ 0, 1, 0, 0, -1, 0, 0 ], [ 0, 1, 0, 0, 0, 1, 0 ], [ 0, 1, 0, 0, 0, -1, 0 ] ],
coefficientFieldConductor := 1,
exactTrials := [ rec(
coefficients := [ 2, 5, 10, 17, 26, 37, 50 ],
trial := rec(
coefficientFieldConductor := 1,
exitCode := 0,
singularChart := 1,
singularOutput := "CF_EXACT_SINGULAR_CHART_1\nCF_EXACT_SINGULAR\nCF_SCRIPT_COMPLETED_OK\n",
status := "exact_singular" ) ), rec(
coefficients := [ 1, 1, 1, 1, 1, 1, 1 ],
trial := rec(
coefficientFieldConductor := 1,
exitCode := 0,
singularChart := 1,
singularOutput := "CF_EXACT_SINGULAR_CHART_1\nCF_EXACT_SINGULAR\nCF_SCRIPT_COMPLETED_OK\n",
status := "exact_singular" ) ), rec(
coefficients := [ 1, 2, 3, 4, 5, 6, 7 ],
trial := rec(
coefficientFieldConductor := 1,
exitCode := 0,
singularChart := 1,
singularOutput := "CF_EXACT_SINGULAR_CHART_1\nCF_EXACT_SINGULAR\nCF_SCRIPT_COMPLETED_OK\n",
status := "exact_singular" ) ), rec(
coefficients := [ 1, -2, 3, -4, 5, -6, 7 ],
trial := rec(
coefficientFieldConductor := 1,
exitCode := 0,
singularChart := 1,
singularOutput := "CF_EXACT_SINGULAR_CHART_1\nCF_EXACT_SINGULAR\nCF_SCRIPT_COMPLETED_OK\n",
status := "exact_singular" ) ), rec(
coefficients := [ 1, 0, 0, -1, 0, 0, 3 ],
trial := rec(
coefficientFieldConductor := 1,
exitCode := 0,
singularChart := 1,
singularOutput := "CF_EXACT_SINGULAR_CHART_1\nCF_EXACT_SINGULAR\nCF_SCRIPT_COMPLETED_OK\n",
status := "exact_singular" ) ), rec(
coefficients := [ 1, 0, 0, 0, 0, 0, 0 ],
trial := rec(
coefficientFieldConductor := 1,
exitCode := 0,
singularChart := 1,
singularOutput := "CF_EXACT_SINGULAR_CHART_1\nCF_EXACT_SINGULAR\nCF_SCRIPT_COMPLETED_OK\n",
status := "exact_singular" ) ) ],
finiteFieldTrials := [ rec(
exitCode := 0,
numberOfMembersTested := 32,
prime := 5,
singularOutput := "CF_SINGULAR_MEMBER_1_END\nCF_SINGULAR_MEMBER_2_END\nCF_SINGULAR_MEMBER_3_END\nCF_SINGULAR_MEMBER_4_END\nCF_SINGULAR_MEMBER_5_END\nCF_SINGULAR_MEMBER_6_END\nCF_SINGULAR_MEMBER_7_END\nCF_SINGULAR_MEMBER_8_END\nCF_SINGULAR_MEMBER_9_END\nCF_SINGULAR_MEMBER_10_END\nCF_SINGULAR_MEMBER_11_END\nCF_SINGULAR_MEMBER_12_END\nCF_SINGULAR_MEMBER_13_END\nCF_SINGULAR_MEMBER_14_END\nCF_SINGULAR_MEMBER_15_END\nCF_SINGULAR_MEMBER_16_END\nCF_SINGULAR_MEMBER_17_END\nCF_SINGULAR_MEMBER_18_END\nCF_SINGULAR_MEMBER_19_END\nCF_SINGULAR_MEMBER_20_END\nCF_SINGULAR_MEMBER_21_END\nCF_SINGULAR_MEMBER_22_END\nCF_SINGULAR_MEMBER_23_END\nCF_SINGULAR_MEMBER_24_END\nCF_SINGULAR_MEMBER_25_END\nCF_SINGULAR_MEMBER_26_END\nCF_SINGULAR_MEMBER_27_END\nCF_SINGULAR_MEMBER_28_END\nCF_SINGULAR_MEMBER_29_END\nCF_SINGULAR_MEMBER_30_END\nCF_SINGULAR_MEMBER_31_END\nCF_SINGULAR_MEMBER_32_END\nCF_NO_SMOOTH_MEMBER\nCF_SCRIPT_COMPLETED_OK\n",
status := "no_smooth_in_batch",
witnessIndex := fail,
witnessVerificationPassed := false ), rec(
exitCode := 0,
numberOfMembersTested := 32,
prime := 7,
singularOutput := "CF_SINGULAR_MEMBER_1_END\nCF_SINGULAR_MEMBER_2_END\nCF_SINGULAR_MEMBER_3_END\nCF_SINGULAR_MEMBER_4_END\nCF_SINGULAR_MEMBER_5_END\nCF_SINGULAR_MEMBER_6_END\nCF_SINGULAR_MEMBER_7_END\nCF_SINGULAR_MEMBER_8_END\nCF_SINGULAR_MEMBER_9_END\nCF_SINGULAR_MEMBER_10_END\nCF_SINGULAR_MEMBER_11_END\nCF_SINGULAR_MEMBER_12_END\nCF_SINGULAR_MEMBER_13_END\nCF_SINGULAR_MEMBER_14_END\nCF_SINGULAR_MEMBER_15_END\nCF_SINGULAR_MEMBER_16_END\nCF_SINGULAR_MEMBER_17_END\nCF_SINGULAR_MEMBER_18_END\nCF_SINGULAR_MEMBER_19_END\nCF_SINGULAR_MEMBER_20_END\nCF_SINGULAR_MEMBER_21_END\nCF_SINGULAR_MEMBER_22_END\nCF_SINGULAR_MEMBER_23_END\nCF_SINGULAR_MEMBER_24_END\nCF_SINGULAR_MEMBER_25_END\nCF_SINGULAR_MEMBER_26_END\nCF_SINGULAR_MEMBER_27_END\nCF_SINGULAR_MEMBER_28_END\nCF_SINGULAR_MEMBER_29_END\nCF_SINGULAR_MEMBER_30_END\nCF_SINGULAR_MEMBER_31_END\nCF_SINGULAR_MEMBER_32_END\nCF_NO_SMOOTH_MEMBER\nCF_SCRIPT_COMPLETED_OK\n",
status := "no_smooth_in_batch",
witnessIndex := fail,
witnessVerificationPassed := false ), rec(
exitCode := 0,
numberOfMembersTested := 32,
prime := 11,
singularOutput := "CF_SINGULAR_MEMBER_1_END\nCF_SINGULAR_MEMBER_2_END\nCF_SINGULAR_MEMBER_3_END\nCF_SINGULAR_MEMBER_4_END\nCF_SINGULAR_MEMBER_5_END\nCF_SINGULAR_MEMBER_6_END\nCF_SINGULAR_MEMBER_7_END\nCF_SINGULAR_MEMBER_8_END\nCF_SINGULAR_MEMBER_9_END\nCF_SINGULAR_MEMBER_10_END\nCF_SINGULAR_MEMBER_11_END\nCF_SINGULAR_MEMBER_12_END\nCF_SINGULAR_MEMBER_13_END\nCF_SINGULAR_MEMBER_14_END\nCF_SINGULAR_MEMBER_15_END\nCF_SINGULAR_MEMBER_16_END\nCF_SINGULAR_MEMBER_17_END\nCF_SINGULAR_MEMBER_18_END\nCF_SINGULAR_MEMBER_19_END\nCF_SINGULAR_MEMBER_20_END\nCF_SINGULAR_MEMBER_21_END\nCF_SINGULAR_MEMBER_22_END\nCF_SINGULAR_MEMBER_23_END\nCF_SINGULAR_MEMBER_24_END\nCF_SINGULAR_MEMBER_25_END\nCF_SINGULAR_MEMBER_26_END\nCF_SINGULAR_MEMBER_27_END\nCF_SINGULAR_MEMBER_28_END\nCF_SINGULAR_MEMBER_29_END\nCF_SINGULAR_MEMBER_30_END\nCF_SINGULAR_MEMBER_31_END\nCF_SINGULAR_MEMBER_32_END\nCF_NO_SMOOTH_MEMBER\nCF_SCRIPT_COMPLETED_OK\n",
status := "no_smooth_in_batch",
witnessIndex := fail,
witnessVerificationPassed := false ) ],
method := "deterministic coefficient batch",
status := "no_smooth_witness" ),
guessedPolynomial := "(-1020/29)*x5*x6^2 + (-349444/6859)*x5^3 + (-660/29)*x4*x6^2 + (11283/361)*x4*x5^2 + (-288/19)*x4^2*x5 + (2)*x4^3 + (5)*x3*x6^2 + (34161/361)*x3*x5^2 + (-806/19)*x3*x4*x5 + (10)*x3*x4^2 + (-2282/19)*x3^2*x5 + (26)*x3^2*x4 + (50)*x3^3 + (5)*x2*x6^2 + (34161/361)*x2*x5^2 + (-806/19)*x2*x4*x5 + (10)*x2*x4^2 + (-1080/19)*x2*x3*x5 + (17)*x2*x3*x4 + (37)*x2*x3^2 + (-2282/19)*x2^2*x5 + (26)*x2^2*x4 + (37)*x2^2*x3 + (50)*x2^3 + (5)*x1*x6^2 + (34161/361)*x1*x5^2 + (-806/19)*x1*x4*x5 + (10)*x1*x4^2 + (-1080/19)*x1*x3*x5 + (17)*x1*x3*x4 + (37)*x1*x3^2 + (-1080/19)*x1*x2*x5 + (17)*x1*x2*x4 + (-39)*x1*x2*x3 + (37)*x1*x2^2 + (-2282/19)*x1^2*x5 + (26)*x1^2*x4 + (37)*x1^2*x3 + (37)*x1^2*x2 + (50)*x1^3",
isDirectKnownCase := false,
linearGId := [ 144, 69 ],
projectiveGId := [ 48, 4 ],
proofType := "an exact common singular point was found for the invariant basis",
status := "singular",
symplecticPart := "S3",
testedCoefficientCandidates := [ [ 2, 5, 10, 17, 26, 37, 50 ], [ 1, 1, 1, 1, 1, 1, 1 ], [ 1, 2, 3, 4, 5, 6, 7 ], [ 1, -2, 3, -4, 5, -6, 7 ], [ 1, 0, 0, -1, 0, 0, 3 ], [ 1, 0, 0, 0, 0, 0, 0 ], [ 0, 1, 0, 0, 0, 0, 0 ], [ 0, 0, 1, 0, 0, 0, 0 ], [ 0, 0, 0, 1, 0, 0, 0 ], [ 0, 0, 0, 0, 1, 0, 0 ], [ 0, 0, 0, 0, 0, 1, 0 ], [ 0, 0, 0, 0, 0, 0, 1 ], [ 1, 1, 0, 0, 0, 0, 0 ], [ 1, -1, 0, 0, 0, 0, 0 ], [ 1, 0, 1, 0, 0, 0, 0 ], [ 1, 0, -1, 0, 0, 0, 0 ], [ 1, 0, 0, 1, 0, 0, 0 ], [ 1, 0, 0, -1, 0, 0, 0 ], [ 1, 0, 0, 0, 1, 0, 0 ], [ 1, 0, 0, 0, -1, 0, 0 ], [ 1, 0, 0, 0, 0, 1, 0 ], [ 1, 0, 0, 0, 0, -1, 0 ], [ 1, 0, 0, 0, 0, 0, 1 ], [ 1, 0, 0, 0, 0, 0, -1 ], [ 0, 1, 1, 0, 0, 0, 0 ], [ 0, 1, -1, 0, 0, 0, 0 ], [ 0, 1, 0, 1, 0, 0, 0 ], [ 0, 1, 0, -1, 0, 0, 0 ], [ 0, 1, 0, 0, 1, 0, 0 ], [ 0, 1, 0, 0, -1, 0, 0 ], [ 0, 1, 0, 0, 0, 1, 0 ], [ 0, 1, 0, 0, 0, -1, 0 ] ] ), rec(
candidateNumber := 164,
centralizerDimension := 7,
commonSingularChart := 1,
componentIndex := 2,
componentLabel := "corrigendum component, generic index 2",
cubicInvariantDimension := 8,
determinantImageOrder := 8,
exactCommonLocusTest := rec(
coefficientFieldConductor := 1,
exitCode := 0,
singularChart := 1,
singularOutput := "CF_EXACT_COMMON_SINGULAR_CHART_1\nCF_EXACT_COMMON_SINGULAR_POINT\nCF_SCRIPT_COMPLETED_OK\n",
status := "common_singular_point_exists" ),
familyDimension := 1,
familyIndexWithinCase := 9,
genericIndex := 2,
guessedCoefficients := [ 2, 5, 10, 17, 26, 37, 50, 65 ],
guessedMemberTest := rec(
coefficientCandidates := [ [ 2, 5, 10, 17, 26, 37, 50, 65 ], [ 1, 1, 1, 1, 1, 1, 1, 1 ], [ 1, 2, 3, 4, 5, 6, 7, 8 ], [ 1, -2, 3, -4, 5, -6, 7, -8 ], [ 1, 0, 0, -1, 0, 0, 0, 3 ], [ 1, 0, 0, 0, 0, 0, 0, 0 ], [ 0, 1, 0, 0, 0, 0, 0, 0 ], [ 0, 0, 1, 0, 0, 0, 0, 0 ], [ 0, 0, 0, 1, 0, 0, 0, 0 ], [ 0, 0, 0, 0, 1, 0, 0, 0 ], [ 0, 0, 0, 0, 0, 1, 0, 0 ], [ 0, 0, 0, 0, 0, 0, 1, 0 ], [ 0, 0, 0, 0, 0, 0, 0, 1 ], [ 1, 1, 0, 0, 0, 0, 0, 0 ], [ 1, -1, 0, 0, 0, 0, 0, 0 ], [ 1, 0, 1, 0, 0, 0, 0, 0 ], [ 1, 0, -1, 0, 0, 0, 0, 0 ], [ 1, 0, 0, 1, 0, 0, 0, 0 ], [ 1, 0, 0, -1, 0, 0, 0, 0 ], [ 1, 0, 0, 0, 1, 0, 0, 0 ], [ 1, 0, 0, 0, -1, 0, 0, 0 ], [ 1, 0, 0, 0, 0, 1, 0, 0 ], [ 1, 0, 0, 0, 0, -1, 0, 0 ], [ 1, 0, 0, 0, 0, 0, 1, 0 ], [ 1, 0, 0, 0, 0, 0, -1, 0 ], [ 1, 0, 0, 0, 0, 0, 0, 1 ], [ 1, 0, 0, 0, 0, 0, 0, -1 ], [ 0, 1, 1, 0, 0, 0, 0, 0 ], [ 0, 1, -1, 0, 0, 0, 0, 0 ], [ 0, 1, 0, 1, 0, 0, 0, 0 ], [ 0, 1, 0, -1, 0, 0, 0, 0 ], [ 0, 1, 0, 0, 1, 0, 0, 0 ] ],
coefficientFieldConductor := 1,
exactTrials := [ rec(
coefficients := [ 2, 5, 10, 17, 26, 37, 50, 65 ],
trial := rec(
coefficientFieldConductor := 1,
exitCode := 0,
singularChart := 1,
singularOutput := "CF_EXACT_SINGULAR_CHART_1\nCF_EXACT_SINGULAR\nCF_SCRIPT_COMPLETED_OK\n",
status := "exact_singular" ) ), rec(
coefficients := [ 1, 1, 1, 1, 1, 1, 1, 1 ],
trial := rec(
coefficientFieldConductor := 1,
exitCode := 0,
singularChart := 1,
singularOutput := "CF_EXACT_SINGULAR_CHART_1\nCF_EXACT_SINGULAR\nCF_SCRIPT_COMPLETED_OK\n",
status := "exact_singular" ) ), rec(
coefficients := [ 1, 2, 3, 4, 5, 6, 7, 8 ],
trial := rec(
coefficientFieldConductor := 1,
exitCode := 0,
singularChart := 1,
singularOutput := "CF_EXACT_SINGULAR_CHART_1\nCF_EXACT_SINGULAR\nCF_SCRIPT_COMPLETED_OK\n",
status := "exact_singular" ) ), rec(
coefficients := [ 1, -2, 3, -4, 5, -6, 7, -8 ],
trial := rec(
coefficientFieldConductor := 1,
exitCode := 0,
singularChart := 1,
singularOutput := "CF_EXACT_SINGULAR_CHART_1\nCF_EXACT_SINGULAR\nCF_SCRIPT_COMPLETED_OK\n",
status := "exact_singular" ) ), rec(
coefficients := [ 1, 0, 0, -1, 0, 0, 0, 3 ],
trial := rec(
coefficientFieldConductor := 1,
exitCode := 0,
singularChart := 1,
singularOutput := "CF_EXACT_SINGULAR_CHART_1\nCF_EXACT_SINGULAR\nCF_SCRIPT_COMPLETED_OK\n",
status := "exact_singular" ) ), rec(
coefficients := [ 1, 0, 0, 0, 0, 0, 0, 0 ],
trial := rec(
coefficientFieldConductor := 1,
exitCode := 0,
singularChart := 1,
singularOutput := "CF_EXACT_SINGULAR_CHART_1\nCF_EXACT_SINGULAR\nCF_SCRIPT_COMPLETED_OK\n",
status := "exact_singular" ) ) ],
finiteFieldTrials := [ rec(
exitCode := 0,
numberOfMembersTested := 32,
prime := 5,
singularOutput := "CF_SINGULAR_MEMBER_1_END\nCF_SINGULAR_MEMBER_2_END\nCF_SINGULAR_MEMBER_3_END\nCF_SINGULAR_MEMBER_4_END\nCF_SINGULAR_MEMBER_5_END\nCF_SINGULAR_MEMBER_6_END\nCF_SINGULAR_MEMBER_7_END\nCF_SINGULAR_MEMBER_8_END\nCF_SINGULAR_MEMBER_9_END\nCF_SINGULAR_MEMBER_10_END\nCF_SINGULAR_MEMBER_11_END\nCF_SINGULAR_MEMBER_12_END\nCF_SINGULAR_MEMBER_13_END\nCF_SINGULAR_MEMBER_14_END\nCF_SINGULAR_MEMBER_15_END\nCF_SINGULAR_MEMBER_16_END\nCF_SINGULAR_MEMBER_17_END\nCF_SINGULAR_MEMBER_18_END\nCF_SINGULAR_MEMBER_19_END\nCF_SINGULAR_MEMBER_20_END\nCF_SINGULAR_MEMBER_21_END\nCF_SINGULAR_MEMBER_22_END\nCF_SINGULAR_MEMBER_23_END\nCF_SINGULAR_MEMBER_24_END\nCF_SINGULAR_MEMBER_25_END\nCF_SINGULAR_MEMBER_26_END\nCF_SINGULAR_MEMBER_27_END\nCF_SINGULAR_MEMBER_28_END\nCF_SINGULAR_MEMBER_29_END\nCF_SINGULAR_MEMBER_30_END\nCF_SINGULAR_MEMBER_31_END\nCF_SINGULAR_MEMBER_32_END\nCF_NO_SMOOTH_MEMBER\nCF_SCRIPT_COMPLETED_OK\n",
status := "no_smooth_in_batch",
witnessIndex := fail,
witnessVerificationPassed := false ), rec(
exitCode := 0,
numberOfMembersTested := 32,
prime := 7,
singularOutput := "CF_SINGULAR_MEMBER_1_END\nCF_SINGULAR_MEMBER_2_END\nCF_SINGULAR_MEMBER_3_END\nCF_SINGULAR_MEMBER_4_END\nCF_SINGULAR_MEMBER_5_END\nCF_SINGULAR_MEMBER_6_END\nCF_SINGULAR_MEMBER_7_END\nCF_SINGULAR_MEMBER_8_END\nCF_SINGULAR_MEMBER_9_END\nCF_SINGULAR_MEMBER_10_END\nCF_SINGULAR_MEMBER_11_END\nCF_SINGULAR_MEMBER_12_END\nCF_SINGULAR_MEMBER_13_END\nCF_SINGULAR_MEMBER_14_END\nCF_SINGULAR_MEMBER_15_END\nCF_SINGULAR_MEMBER_16_END\nCF_SINGULAR_MEMBER_17_END\nCF_SINGULAR_MEMBER_18_END\nCF_SINGULAR_MEMBER_19_END\nCF_SINGULAR_MEMBER_20_END\nCF_SINGULAR_MEMBER_21_END\nCF_SINGULAR_MEMBER_22_END\nCF_SINGULAR_MEMBER_23_END\nCF_SINGULAR_MEMBER_24_END\nCF_SINGULAR_MEMBER_25_END\nCF_SINGULAR_MEMBER_26_END\nCF_SINGULAR_MEMBER_27_END\nCF_SINGULAR_MEMBER_28_END\nCF_SINGULAR_MEMBER_29_END\nCF_SINGULAR_MEMBER_30_END\nCF_SINGULAR_MEMBER_31_END\nCF_SINGULAR_MEMBER_32_END\nCF_NO_SMOOTH_MEMBER\nCF_SCRIPT_COMPLETED_OK\n",
status := "no_smooth_in_batch",
witnessIndex := fail,
witnessVerificationPassed := false ), rec(
exitCode := 0,
numberOfMembersTested := 32,
prime := 11,
singularOutput := "CF_SINGULAR_MEMBER_1_END\nCF_SINGULAR_MEMBER_2_END\nCF_SINGULAR_MEMBER_3_END\nCF_SINGULAR_MEMBER_4_END\nCF_SINGULAR_MEMBER_5_END\nCF_SINGULAR_MEMBER_6_END\nCF_SINGULAR_MEMBER_7_END\nCF_SINGULAR_MEMBER_8_END\nCF_SINGULAR_MEMBER_9_END\nCF_SINGULAR_MEMBER_10_END\nCF_SINGULAR_MEMBER_11_END\nCF_SINGULAR_MEMBER_12_END\nCF_SINGULAR_MEMBER_13_END\nCF_SINGULAR_MEMBER_14_END\nCF_SINGULAR_MEMBER_15_END\nCF_SINGULAR_MEMBER_16_END\nCF_SINGULAR_MEMBER_17_END\nCF_SINGULAR_MEMBER_18_END\nCF_SINGULAR_MEMBER_19_END\nCF_SINGULAR_MEMBER_20_END\nCF_SINGULAR_MEMBER_21_END\nCF_SINGULAR_MEMBER_22_END\nCF_SINGULAR_MEMBER_23_END\nCF_SINGULAR_MEMBER_24_END\nCF_SINGULAR_MEMBER_25_END\nCF_SINGULAR_MEMBER_26_END\nCF_SINGULAR_MEMBER_27_END\nCF_SINGULAR_MEMBER_28_END\nCF_SINGULAR_MEMBER_29_END\nCF_SINGULAR_MEMBER_30_END\nCF_SINGULAR_MEMBER_31_END\nCF_SINGULAR_MEMBER_32_END\nCF_NO_SMOOTH_MEMBER\nCF_SCRIPT_COMPLETED_OK\n",
status := "no_smooth_in_batch",
witnessIndex := fail,
witnessVerificationPassed := false ) ],
method := "deterministic coefficient batch",
status := "no_smooth_witness" ),
guessedPolynomial := "(-1020/29)*x5*x6^2 + (-571721/6859)*x5^3 + (-660/29)*x4*x6^2 + (804/19)*x4*x5^2 + (-288/19)*x4^2*x5 + (2)*x4^3 + (5)*x3*x6^2 + (55215/361)*x3*x5^2 + (-1048/19)*x3*x4*x5 + (10)*x3*x4^2 + (-2986/19)*x3^2*x5 + (37)*x3^2*x4 + (65)*x3^3 + (5)*x2*x6^2 + (55215/361)*x2*x5^2 + (-1048/19)*x2*x4*x5 + (10)*x2*x4^2 + (-2367/19)*x2*x3*x5 + (17)*x2*x3*x4 + (50)*x2*x3^2 + (-2986/19)*x2^2*x5 + (37)*x2^2*x4 + (50)*x2^2*x3 + (65)*x2^3 + (5)*x1*x6^2 + (55215/361)*x1*x5^2 + (-1048/19)*x1*x4*x5 + (10)*x1*x4^2 + (-2367/19)*x1*x3*x5 + (17)*x1*x3*x4 + (50)*x1*x3^2 + (-2367/19)*x1*x2*x5 + (17)*x1*x2*x4 + (26)*x1*x2*x3 + (50)*x1*x2^2 + (-2986/19)*x1^2*x5 + (37)*x1^2*x4 + (50)*x1^2*x3 + (50)*x1^2*x2 + (65)*x1^3",
isDirectKnownCase := false,
linearGId := [ 144, 69 ],
projectiveGId := [ 48, 4 ],
proofType := "the invariant basis has a nonempty exact common projective Jacobian locus",
status := "singular",
symplecticPart := "S3",
testedCoefficientCandidates := [ [ 2, 5, 10, 17, 26, 37, 50, 65 ], [ 1, 1, 1, 1, 1, 1, 1, 1 ], [ 1, 2, 3, 4, 5, 6, 7, 8 ], [ 1, -2, 3, -4, 5, -6, 7, -8 ], [ 1, 0, 0, -1, 0, 0, 0, 3 ], [ 1, 0, 0, 0, 0, 0, 0, 0 ], [ 0, 1, 0, 0, 0, 0, 0, 0 ], [ 0, 0, 1, 0, 0, 0, 0, 0 ], [ 0, 0, 0, 1, 0, 0, 0, 0 ], [ 0, 0, 0, 0, 1, 0, 0, 0 ], [ 0, 0, 0, 0, 0, 1, 0, 0 ], [ 0, 0, 0, 0, 0, 0, 1, 0 ], [ 0, 0, 0, 0, 0, 0, 0, 1 ], [ 1, 1, 0, 0, 0, 0, 0, 0 ], [ 1, -1, 0, 0, 0, 0, 0, 0 ], [ 1, 0, 1, 0, 0, 0, 0, 0 ], [ 1, 0, -1, 0, 0, 0, 0, 0 ], [ 1, 0, 0, 1, 0, 0, 0, 0 ], [ 1, 0, 0, -1, 0, 0, 0, 0 ], [ 1, 0, 0, 0, 1, 0, 0, 0 ], [ 1, 0, 0, 0, -1, 0, 0, 0 ], [ 1, 0, 0, 0, 0, 1, 0, 0 ], [ 1, 0, 0, 0, 0, -1, 0, 0 ], [ 1, 0, 0, 0, 0, 0, 1, 0 ], [ 1, 0, 0, 0, 0, 0, -1, 0 ], [ 1, 0, 0, 0, 0, 0, 0, 1 ], [ 1, 0, 0, 0, 0, 0, 0, -1 ], [ 0, 1, 1, 0, 0, 0, 0, 0 ], [ 0, 1, -1, 0, 0, 0, 0, 0 ], [ 0, 1, 0, 1, 0, 0, 0, 0 ], [ 0, 1, 0, -1, 0, 0, 0, 0 ], [ 0, 1, 0, 0, 1, 0, 0, 0 ] ] ), rec(
candidateNumber := 165,
centralizerDimension := 7,
commonSingularPoint := [ 0, 0, 0, 0, 0, 1 ],
componentIndex := 2,
componentLabel := "corrigendum component, generic index 2",
cubicInvariantDimension := 7,
determinantImageOrder := 8,
familyDimension := 0,
familyIndexWithinCase := 10,
genericIndex := 2,
guessedMemberTest := rec(
status := "not_run" ),
isDirectKnownCase := false,
linearGId := [ 144, 69 ],
linearVariables := [ 6 ],
projectiveGId := [ 48, 4 ],
proofType := "a variable has exponent at most one throughout the family",
status := "singular",
symplecticPart := "S3" ), rec(
candidateNumber := 166,
centralizerDimension := 7,
commonSingularPoint := [ 0, 0, 0, 0, 0, 1 ],
componentIndex := 2,
componentLabel := "corrigendum component, generic index 2",
cubicInvariantDimension := 7,
determinantImageOrder := 8,
familyDimension := 0,
familyIndexWithinCase := 11,
genericIndex := 2,
guessedMemberTest := rec(
status := "not_run" ),
isDirectKnownCase := false,
linearGId := [ 144, 69 ],
linearVariables := [ 6 ],
projectiveGId := [ 48, 4 ],
proofType := "a variable has exponent at most one throughout the family",
status := "singular",
symplecticPart := "S3" ), rec(
candidateNumber := 167,
centralizerDimension := 7,
commonSingularPoint := [ 0, 0, 0, 0, 0, 1 ],
componentIndex := 2,
componentLabel := "corrigendum component, generic index 2",
cubicInvariantDimension := 8,
determinantImageOrder := 8,
familyDimension := 1,
familyIndexWithinCase := 12,
genericIndex := 2,
guessedMemberTest := rec(
status := "not_run" ),
isDirectKnownCase := false,
linearGId := [ 144, 69 ],
linearVariables := [ 6 ],
projectiveGId := [ 48, 4 ],
proofType := "a variable has exponent at most one throughout the family",
status := "singular",
symplecticPart := "S3" ), rec(
candidateNumber := 168,
centralizerDimension := 7,
commonSingularPoint := [ 0, 0, 0, 0, 0, 1 ],
componentIndex := 2,
componentLabel := "corrigendum component, generic index 2",
cubicInvariantDimension := 9,
determinantImageOrder := 8,
familyDimension := 2,
familyIndexWithinCase := 13,
genericIndex := 2,
guessedMemberTest := rec(
status := "not_run" ),
isDirectKnownCase := false,
linearGId := [ 144, 69 ],
linearVariables := [ 6 ],
projectiveGId := [ 48, 4 ],
proofType := "a variable has exponent at most one throughout the family",
status := "singular",
symplecticPart := "S3" ), rec(
candidateNumber := 169,
centralizerDimension := 11,
commonSingularPoint := [ 0, 0, 0, 0, 0, 1 ],
componentIndex := 2,
componentLabel := "corrigendum component, generic index 2",
cubicInvariantDimension := 13,
determinantImageOrder := 8,
familyDimension := 2,
familyIndexWithinCase := 14,
genericIndex := 2,
guessedMemberTest := rec(
status := "not_run" ),
isDirectKnownCase := false,
linearGId := [ 144, 69 ],
linearVariables := [ 6 ],
projectiveGId := [ 48, 4 ],
proofType := "a variable has exponent at most one throughout the family",
status := "singular",
symplecticPart := "S3" ), rec(
candidateNumber := 170,
centralizerDimension := 11,
commonSingularPoint := [ 0, 0, 0, 0, 0, 1 ],
componentIndex := 2,
componentLabel := "corrigendum component, generic index 2",
cubicInvariantDimension := 14,
determinantImageOrder := 8,
familyDimension := 3,
familyIndexWithinCase := 15,
genericIndex := 2,
guessedMemberTest := rec(
status := "not_run" ),
isDirectKnownCase := false,
linearGId := [ 144, 69 ],
linearVariables := [ 6 ],
projectiveGId := [ 48, 4 ],
proofType := "a variable has exponent at most one throughout the family",
status := "singular",
symplecticPart := "S3" ), rec(
candidateNumber := 171,
centralizerDimension := 11,
commonSingularPoint := [ 0, 0, 0, 0, 0, 1 ],
componentIndex := 2,
componentLabel := "corrigendum component, generic index 2",
cubicInvariantDimension := 14,
determinantImageOrder := 12,
familyDimension := 3,
familyIndexWithinCase := 1,
genericIndex := 2,
guessedMemberTest := rec(
status := "not_run" ),
isDirectKnownCase := false,
linearGId := [ 216, 136 ],
linearVariables := [ 6 ],
projectiveGId := [ 72, 27 ],
proofType := "a variable has exponent at most one throughout the family",
status := "singular",
symplecticPart := "S3" ), rec(
candidateNumber := 172,
centralizerDimension := 11,
commonSingularPoint := [ 0, 0, 0, 0, 0, 1 ],
componentIndex := 2,
componentLabel := "corrigendum component, generic index 2",
cubicInvariantDimension := 11,
determinantImageOrder := 12,
familyDimension := 0,
familyIndexWithinCase := 2,
genericIndex := 2,
guessedMemberTest := rec(
status := "not_run" ),
isDirectKnownCase := false,
linearGId := [ 216, 136 ],
linearVariables := [ 6 ],
projectiveGId := [ 72, 27 ],
proofType := "a variable has exponent at most one throughout the family",
status := "singular",
symplecticPart := "S3" ), rec(
candidateNumber := 173,
centralizerDimension := 11,
commonSingularPoint := [ 0, 0, 0, 0, 0, 1 ],
componentIndex := 2,
componentLabel := "corrigendum component, generic index 2",
cubicInvariantDimension := 13,
determinantImageOrder := 12,
familyDimension := 2,
familyIndexWithinCase := 3,
genericIndex := 2,
guessedMemberTest := rec(
status := "not_run" ),
isDirectKnownCase := false,
linearGId := [ 216, 136 ],
linearVariables := [ 6 ],
projectiveGId := [ 72, 27 ],
proofType := "a variable has exponent at most one throughout the family",
status := "singular",
symplecticPart := "S3" ), rec(
candidateNumber := 174,
centralizerDimension := 11,
commonSingularPoint := [ 0, 0, 0, 0, 0, 1 ],
componentIndex := 2,
componentLabel := "corrigendum component, generic index 2",
cubicInvariantDimension := 11,
determinantImageOrder := 12,
familyDimension := 0,
familyIndexWithinCase := 4,
genericIndex := 2,
guessedMemberTest := rec(
status := "not_run" ),
isDirectKnownCase := false,
linearGId := [ 216, 136 ],
linearVariables := [ 6 ],
projectiveGId := [ 72, 27 ],
proofType := "a variable has exponent at most one throughout the family",
status := "singular",
symplecticPart := "S3" ), rec(
candidateNumber := 175,
centralizerDimension := 7,
commonSingularPoint := [ 0, 0, 0, 0, 1, 0 ],
componentIndex := 2,
componentLabel := "corrigendum component, generic index 2",
cubicInvariantDimension := 8,
determinantImageOrder := 12,
familyDimension := 1,
familyIndexWithinCase := 5,
genericIndex := 2,
guessedMemberTest := rec(
status := "not_run" ),
isDirectKnownCase := false,
linearGId := [ 216, 136 ],
linearVariables := [ 5 ],
projectiveGId := [ 72, 27 ],
proofType := "a variable has exponent at most one throughout the family",
status := "singular",
symplecticPart := "S3" ), rec(
candidateNumber := 176,
centralizerDimension := 7,
commonSingularPoint := [ 0, 0, 0, 0, 1, 0 ],
componentIndex := 2,
componentLabel := "corrigendum component, generic index 2",
cubicInvariantDimension := 7,
determinantImageOrder := 12,
familyDimension := 0,
familyIndexWithinCase := 6,
genericIndex := 2,
guessedMemberTest := rec(
status := "not_run" ),
isDirectKnownCase := false,
linearGId := [ 216, 136 ],
linearVariables := [ 5 ],
projectiveGId := [ 72, 27 ],
proofType := "a variable has exponent at most one throughout the family",
status := "singular",
symplecticPart := "S3" ), rec(
candidateNumber := 177,
centralizerDimension := 7,
commonSingularPoint := [ 0, 0, 0, 0, 0, 1 ],
componentIndex := 2,
componentLabel := "corrigendum component, generic index 2",
cubicInvariantDimension := 8,
determinantImageOrder := 12,
familyDimension := 1,
familyIndexWithinCase := 7,
genericIndex := 2,
guessedMemberTest := rec(
status := "not_run" ),
isDirectKnownCase := false,
linearGId := [ 216, 136 ],
linearVariables := [ 6 ],
projectiveGId := [ 72, 27 ],
proofType := "a variable has exponent at most one throughout the family",
status := "singular",
symplecticPart := "S3" ), rec(
candidateNumber := 178,
centralizerDimension := 7,
commonSingularPoint := [ 0, 0, 0, 0, 0, 1 ],
componentIndex := 2,
componentLabel := "corrigendum component, generic index 2",
cubicInvariantDimension := 7,
determinantImageOrder := 12,
familyDimension := 0,
familyIndexWithinCase := 8,
genericIndex := 2,
guessedMemberTest := rec(
status := "not_run" ),
isDirectKnownCase := false,
linearGId := [ 216, 136 ],
linearVariables := [ 6 ],
projectiveGId := [ 72, 27 ],
proofType := "a variable has exponent at most one throughout the family",
status := "singular",
symplecticPart := "S3" ), rec(
candidateNumber := 179,
centralizerDimension := 7,
commonSingularPoint := [ 0, 0, 0, 0, 0, 1 ],
componentIndex := 2,
componentLabel := "corrigendum component, generic index 2",
cubicInvariantDimension := 7,
determinantImageOrder := 12,
familyDimension := 0,
familyIndexWithinCase := 9,
genericIndex := 2,
guessedMemberTest := rec(
status := "not_run" ),
isDirectKnownCase := false,
linearGId := [ 216, 136 ],
linearVariables := [ 6 ],
projectiveGId := [ 72, 27 ],
proofType := "a variable has exponent at most one throughout the family",
status := "singular",
symplecticPart := "S3" ), rec(
candidateNumber := 180,
centralizerDimension := 7,
commonSingularPoint := [ 0, 0, 0, 0, 0, 1 ],
componentIndex := 2,
componentLabel := "corrigendum component, generic index 2",
cubicInvariantDimension := 9,
determinantImageOrder := 12,
familyDimension := 2,
familyIndexWithinCase := 10,
genericIndex := 2,
guessedMemberTest := rec(
status := "not_run" ),
isDirectKnownCase := false,
linearGId := [ 216, 136 ],
linearVariables := [ 6 ],
projectiveGId := [ 72, 27 ],
proofType := "a variable has exponent at most one throughout the family",
status := "singular",
symplecticPart := "S3" ), rec(
candidateNumber := 181,
centralizerDimension := 7,
commonPointChecks := 8,
commonSingularPoint := [ 1, -1, 0, 0, 0, 0 ],
componentIndex := 2,
componentLabel := "corrigendum component, generic index 2",
cubicInvariantDimension := 7,
determinantImageOrder := 12,
familyDimension := 0,
familyIndexWithinCase := 11,
genericIndex := 2,
guessedCoefficients := [ 2, 5, 10, 17, 26, 37, 50 ],
guessedMemberTest := rec(
coefficientCandidates := [ [ 2, 5, 10, 17, 26, 37, 50 ], [ 1, 1, 1, 1, 1, 1, 1 ], [ 1, 2, 3, 4, 5, 6, 7 ], [ 1, -2, 3, -4, 5, -6, 7 ], [ 1, 0, 0, -1, 0, 0, 3 ], [ 1, 0, 0, 0, 0, 0, 0 ], [ 0, 1, 0, 0, 0, 0, 0 ], [ 0, 0, 1, 0, 0, 0, 0 ], [ 0, 0, 0, 1, 0, 0, 0 ], [ 0, 0, 0, 0, 1, 0, 0 ], [ 0, 0, 0, 0, 0, 1, 0 ], [ 0, 0, 0, 0, 0, 0, 1 ], [ 1, 1, 0, 0, 0, 0, 0 ], [ 1, -1, 0, 0, 0, 0, 0 ], [ 1, 0, 1, 0, 0, 0, 0 ], [ 1, 0, -1, 0, 0, 0, 0 ], [ 1, 0, 0, 1, 0, 0, 0 ], [ 1, 0, 0, -1, 0, 0, 0 ], [ 1, 0, 0, 0, 1, 0, 0 ], [ 1, 0, 0, 0, -1, 0, 0 ], [ 1, 0, 0, 0, 0, 1, 0 ], [ 1, 0, 0, 0, 0, -1, 0 ], [ 1, 0, 0, 0, 0, 0, 1 ], [ 1, 0, 0, 0, 0, 0, -1 ], [ 0, 1, 1, 0, 0, 0, 0 ], [ 0, 1, -1, 0, 0, 0, 0 ], [ 0, 1, 0, 1, 0, 0, 0 ], [ 0, 1, 0, -1, 0, 0, 0 ], [ 0, 1, 0, 0, 1, 0, 0 ], [ 0, 1, 0, 0, -1, 0, 0 ], [ 0, 1, 0, 0, 0, 1, 0 ], [ 0, 1, 0, 0, 0, -1, 0 ] ],
coefficientFieldConductor := 1,
exactTrials := [ rec(
coefficients := [ 2, 5, 10, 17, 26, 37, 50 ],
trial := rec(
coefficientFieldConductor := 1,
exitCode := 0,
singularChart := 1,
singularOutput := "CF_EXACT_SINGULAR_CHART_1\nCF_EXACT_SINGULAR\nCF_SCRIPT_COMPLETED_OK\n",
status := "exact_singular" ) ), rec(
coefficients := [ 1, 1, 1, 1, 1, 1, 1 ],
trial := rec(
coefficientFieldConductor := 1,
exitCode := 0,
singularChart := 1,
singularOutput := "CF_EXACT_SINGULAR_CHART_1\nCF_EXACT_SINGULAR\nCF_SCRIPT_COMPLETED_OK\n",
status := "exact_singular" ) ), rec(
coefficients := [ 1, 2, 3, 4, 5, 6, 7 ],
trial := rec(
coefficientFieldConductor := 1,
exitCode := 0,
singularChart := 1,
singularOutput := "CF_EXACT_SINGULAR_CHART_1\nCF_EXACT_SINGULAR\nCF_SCRIPT_COMPLETED_OK\n",
status := "exact_singular" ) ), rec(
coefficients := [ 1, -2, 3, -4, 5, -6, 7 ],
trial := rec(
coefficientFieldConductor := 1,
exitCode := 0,
singularChart := 1,
singularOutput := "CF_EXACT_SINGULAR_CHART_1\nCF_EXACT_SINGULAR\nCF_SCRIPT_COMPLETED_OK\n",
status := "exact_singular" ) ), rec(
coefficients := [ 1, 0, 0, -1, 0, 0, 3 ],
trial := rec(
coefficientFieldConductor := 1,
exitCode := 0,
singularChart := 1,
singularOutput := "CF_EXACT_SINGULAR_CHART_1\nCF_EXACT_SINGULAR\nCF_SCRIPT_COMPLETED_OK\n",
status := "exact_singular" ) ), rec(
coefficients := [ 1, 0, 0, 0, 0, 0, 0 ],
trial := rec(
coefficientFieldConductor := 1,
exitCode := 0,
singularChart := 1,
singularOutput := "CF_EXACT_SINGULAR_CHART_1\nCF_EXACT_SINGULAR\nCF_SCRIPT_COMPLETED_OK\n",
status := "exact_singular" ) ) ],
finiteFieldTrials := [ rec(
exitCode := 0,
numberOfMembersTested := 32,
prime := 5,
singularOutput := "CF_SINGULAR_MEMBER_1_END\nCF_SINGULAR_MEMBER_2_END\nCF_SINGULAR_MEMBER_3_END\nCF_SINGULAR_MEMBER_4_END\nCF_SINGULAR_MEMBER_5_END\nCF_SINGULAR_MEMBER_6_END\nCF_SINGULAR_MEMBER_7_END\nCF_SINGULAR_MEMBER_8_END\nCF_SINGULAR_MEMBER_9_END\nCF_SINGULAR_MEMBER_10_END\nCF_SINGULAR_MEMBER_11_END\nCF_SINGULAR_MEMBER_12_END\nCF_SINGULAR_MEMBER_13_END\nCF_SINGULAR_MEMBER_14_END\nCF_SINGULAR_MEMBER_15_END\nCF_SINGULAR_MEMBER_16_END\nCF_SINGULAR_MEMBER_17_END\nCF_SINGULAR_MEMBER_18_END\nCF_SINGULAR_MEMBER_19_END\nCF_SINGULAR_MEMBER_20_END\nCF_SINGULAR_MEMBER_21_END\nCF_SINGULAR_MEMBER_22_END\nCF_SINGULAR_MEMBER_23_END\nCF_SINGULAR_MEMBER_24_END\nCF_SINGULAR_MEMBER_25_END\nCF_SINGULAR_MEMBER_26_END\nCF_SINGULAR_MEMBER_27_END\nCF_SINGULAR_MEMBER_28_END\nCF_SINGULAR_MEMBER_29_END\nCF_SINGULAR_MEMBER_30_END\nCF_SINGULAR_MEMBER_31_END\nCF_SINGULAR_MEMBER_32_END\nCF_NO_SMOOTH_MEMBER\nCF_SCRIPT_COMPLETED_OK\n",
status := "no_smooth_in_batch",
witnessIndex := fail,
witnessVerificationPassed := false ), rec(
exitCode := 0,
numberOfMembersTested := 32,
prime := 7,
singularOutput := "CF_SINGULAR_MEMBER_1_END\nCF_SINGULAR_MEMBER_2_END\nCF_SINGULAR_MEMBER_3_END\nCF_SINGULAR_MEMBER_4_END\nCF_SINGULAR_MEMBER_5_END\nCF_SINGULAR_MEMBER_6_END\nCF_SINGULAR_MEMBER_7_END\nCF_SINGULAR_MEMBER_8_END\nCF_SINGULAR_MEMBER_9_END\nCF_SINGULAR_MEMBER_10_END\nCF_SINGULAR_MEMBER_11_END\nCF_SINGULAR_MEMBER_12_END\nCF_SINGULAR_MEMBER_13_END\nCF_SINGULAR_MEMBER_14_END\nCF_SINGULAR_MEMBER_15_END\nCF_SINGULAR_MEMBER_16_END\nCF_SINGULAR_MEMBER_17_END\nCF_SINGULAR_MEMBER_18_END\nCF_SINGULAR_MEMBER_19_END\nCF_SINGULAR_MEMBER_20_END\nCF_SINGULAR_MEMBER_21_END\nCF_SINGULAR_MEMBER_22_END\nCF_SINGULAR_MEMBER_23_END\nCF_SINGULAR_MEMBER_24_END\nCF_SINGULAR_MEMBER_25_END\nCF_SINGULAR_MEMBER_26_END\nCF_SINGULAR_MEMBER_27_END\nCF_SINGULAR_MEMBER_28_END\nCF_SINGULAR_MEMBER_29_END\nCF_SINGULAR_MEMBER_30_END\nCF_SINGULAR_MEMBER_31_END\nCF_SINGULAR_MEMBER_32_END\nCF_NO_SMOOTH_MEMBER\nCF_SCRIPT_COMPLETED_OK\n",
status := "no_smooth_in_batch",
witnessIndex := fail,
witnessVerificationPassed := false ), rec(
exitCode := 0,
numberOfMembersTested := 32,
prime := 11,
singularOutput := "CF_SINGULAR_MEMBER_1_END\nCF_SINGULAR_MEMBER_2_END\nCF_SINGULAR_MEMBER_3_END\nCF_SINGULAR_MEMBER_4_END\nCF_SINGULAR_MEMBER_5_END\nCF_SINGULAR_MEMBER_6_END\nCF_SINGULAR_MEMBER_7_END\nCF_SINGULAR_MEMBER_8_END\nCF_SINGULAR_MEMBER_9_END\nCF_SINGULAR_MEMBER_10_END\nCF_SINGULAR_MEMBER_11_END\nCF_SINGULAR_MEMBER_12_END\nCF_SINGULAR_MEMBER_13_END\nCF_SINGULAR_MEMBER_14_END\nCF_SINGULAR_MEMBER_15_END\nCF_SINGULAR_MEMBER_16_END\nCF_SINGULAR_MEMBER_17_END\nCF_SINGULAR_MEMBER_18_END\nCF_SINGULAR_MEMBER_19_END\nCF_SINGULAR_MEMBER_20_END\nCF_SINGULAR_MEMBER_21_END\nCF_SINGULAR_MEMBER_22_END\nCF_SINGULAR_MEMBER_23_END\nCF_SINGULAR_MEMBER_24_END\nCF_SINGULAR_MEMBER_25_END\nCF_SINGULAR_MEMBER_26_END\nCF_SINGULAR_MEMBER_27_END\nCF_SINGULAR_MEMBER_28_END\nCF_SINGULAR_MEMBER_29_END\nCF_SINGULAR_MEMBER_30_END\nCF_SINGULAR_MEMBER_31_END\nCF_SINGULAR_MEMBER_32_END\nCF_NO_SMOOTH_MEMBER\nCF_SCRIPT_COMPLETED_OK\n",
status := "no_smooth_in_batch",
witnessIndex := fail,
witnessVerificationPassed := false ) ],
method := "deterministic coefficient batch",
status := "no_smooth_witness" ),
guessedPolynomial := "(2)*x5*x6^2 + (5)*x4*x5^2 + (10)*x4^3 + (17)*x3*x5^2 + (26)*x3*x4^2 + (37)*x3^2*x4 + (50)*x3^3 + (17)*x2*x5^2 + (26)*x2*x4^2 + (74)*x2*x3*x4 + (150)*x2*x3^2 + (37)*x2^2*x4 + (150)*x2^2*x3 + (50)*x2^3 + (17)*x1*x5^2 + (26)*x1*x4^2 + (74)*x1*x3*x4 + (150)*x1*x3^2 + (74)*x1*x2*x4 + (300)*x1*x2*x3 + (150)*x1*x2^2 + (37)*x1^2*x4 + (150)*x1^2*x3 + (150)*x1^2*x2 + (50)*x1^3",
isDirectKnownCase := false,
linearGId := [ 216, 136 ],
projectiveGId := [ 72, 27 ],
proofType := "an exact common singular point was found for the invariant basis",
status := "singular",
symplecticPart := "S3",
testedCoefficientCandidates := [ [ 2, 5, 10, 17, 26, 37, 50 ], [ 1, 1, 1, 1, 1, 1, 1 ], [ 1, 2, 3, 4, 5, 6, 7 ], [ 1, -2, 3, -4, 5, -6, 7 ], [ 1, 0, 0, -1, 0, 0, 3 ], [ 1, 0, 0, 0, 0, 0, 0 ], [ 0, 1, 0, 0, 0, 0, 0 ], [ 0, 0, 1, 0, 0, 0, 0 ], [ 0, 0, 0, 1, 0, 0, 0 ], [ 0, 0, 0, 0, 1, 0, 0 ], [ 0, 0, 0, 0, 0, 1, 0 ], [ 0, 0, 0, 0, 0, 0, 1 ], [ 1, 1, 0, 0, 0, 0, 0 ], [ 1, -1, 0, 0, 0, 0, 0 ], [ 1, 0, 1, 0, 0, 0, 0 ], [ 1, 0, -1, 0, 0, 0, 0 ], [ 1, 0, 0, 1, 0, 0, 0 ], [ 1, 0, 0, -1, 0, 0, 0 ], [ 1, 0, 0, 0, 1, 0, 0 ], [ 1, 0, 0, 0, -1, 0, 0 ], [ 1, 0, 0, 0, 0, 1, 0 ], [ 1, 0, 0, 0, 0, -1, 0 ], [ 1, 0, 0, 0, 0, 0, 1 ], [ 1, 0, 0, 0, 0, 0, -1 ], [ 0, 1, 1, 0, 0, 0, 0 ], [ 0, 1, -1, 0, 0, 0, 0 ], [ 0, 1, 0, 1, 0, 0, 0 ], [ 0, 1, 0, -1, 0, 0, 0 ], [ 0, 1, 0, 0, 1, 0, 0 ], [ 0, 1, 0, 0, -1, 0, 0 ], [ 0, 1, 0, 0, 0, 1, 0 ], [ 0, 1, 0, 0, 0, -1, 0 ] ] ), rec(
candidateNumber := 182,
centralizerDimension := 7,
commonSingularPoint := [ 0, 0, 0, 0, 0, 1 ],
componentIndex := 2,
componentLabel := "corrigendum component, generic index 2",
cubicInvariantDimension := 7,
determinantImageOrder := 12,
familyDimension := 0,
familyIndexWithinCase := 12,
genericIndex := 2,
guessedMemberTest := rec(
status := "not_run" ),
isDirectKnownCase := false,
linearGId := [ 216, 136 ],
linearVariables := [ 6 ],
projectiveGId := [ 72, 27 ],
proofType := "a variable has exponent at most one throughout the family",
status := "singular",
symplecticPart := "S3" ), rec(
candidateNumber := 183,
centralizerDimension := 7,
commonSingularPoint := [ 0, 0, 0, 0, 0, 1 ],
componentIndex := 2,
componentLabel := "corrigendum component, generic index 2",
cubicInvariantDimension := 8,
determinantImageOrder := 12,
familyDimension := 1,
familyIndexWithinCase := 13,
genericIndex := 2,
guessedMemberTest := rec(
status := "not_run" ),
isDirectKnownCase := false,
linearGId := [ 216, 136 ],
linearVariables := [ 6 ],
projectiveGId := [ 72, 27 ],
proofType := "a variable has exponent at most one throughout the family",
status := "singular",
symplecticPart := "S3" ), rec(
candidateNumber := 184,
centralizerDimension := 7,
componentIndex := 2,
componentLabel := "corrigendum component, generic index 2",
cubicInvariantDimension := 8,
determinantImageOrder := 12,
familyDimension := 1,
familyIndexWithinCase := 14,
genericIndex := 2,
guessedCoefficients := [ 1, 1, 1, 1, 1, 1, 1, 1 ],
guessedMemberTest := rec(
coefficientCandidates := [ [ 2, 5, 10, 17, 26, 37, 50, 65 ], [ 1, 1, 1, 1, 1, 1, 1, 1 ], [ 1, 2, 3, 4, 5, 6, 7, 8 ], [ 1, -2, 3, -4, 5, -6, 7, -8 ], [ 1, 0, 0, -1, 0, 0, 0, 3 ], [ 1, 0, 0, 0, 0, 0, 0, 0 ], [ 0, 1, 0, 0, 0, 0, 0, 0 ], [ 0, 0, 1, 0, 0, 0, 0, 0 ], [ 0, 0, 0, 1, 0, 0, 0, 0 ], [ 0, 0, 0, 0, 1, 0, 0, 0 ], [ 0, 0, 0, 0, 0, 1, 0, 0 ], [ 0, 0, 0, 0, 0, 0, 1, 0 ], [ 0, 0, 0, 0, 0, 0, 0, 1 ], [ 1, 1, 0, 0, 0, 0, 0, 0 ], [ 1, -1, 0, 0, 0, 0, 0, 0 ], [ 1, 0, 1, 0, 0, 0, 0, 0 ], [ 1, 0, -1, 0, 0, 0, 0, 0 ], [ 1, 0, 0, 1, 0, 0, 0, 0 ], [ 1, 0, 0, -1, 0, 0, 0, 0 ], [ 1, 0, 0, 0, 1, 0, 0, 0 ], [ 1, 0, 0, 0, -1, 0, 0, 0 ], [ 1, 0, 0, 0, 0, 1, 0, 0 ], [ 1, 0, 0, 0, 0, -1, 0, 0 ], [ 1, 0, 0, 0, 0, 0, 1, 0 ], [ 1, 0, 0, 0, 0, 0, -1, 0 ], [ 1, 0, 0, 0, 0, 0, 0, 1 ], [ 1, 0, 0, 0, 0, 0, 0, -1 ], [ 0, 1, 1, 0, 0, 0, 0, 0 ], [ 0, 1, -1, 0, 0, 0, 0, 0 ], [ 0, 1, 0, 1, 0, 0, 0, 0 ], [ 0, 1, 0, -1, 0, 0, 0, 0 ], [ 0, 1, 0, 0, 1, 0, 0, 0 ] ],
coefficientFieldConductor := 1,
exactTrials := [  ],
finiteFieldTrials := [ rec(
exitCode := 0,
numberOfMembersTested := 32,
prime := 5,
singularOutput := "CF_SINGULAR_MEMBER_1_END\nCF_SMOOTH_MEMBER_2_END\nCF_SCRIPT_COMPLETED_OK\n",
status := "smooth",
witnessIndex := 2,
witnessVerificationPassed := true ) ],
member := rec(
coefficients := [ 1, 1, 1, 1, 1, 1, 1, 1 ],
monomialCoefficients := [ 0, 1, 0, 0, 0, 0, 1, 0, 0, 1, 0, 0, 1, 0, 0, 1, 0, 0, 1, 1, 0, 0, 1, 0, 0, 1, 0, 0, 2, 1, 0, 0, 1, 1, 1, 0, 0, 1, 0, 0, 1, 0, 0, 2, 1, 0, 0, 2, 6, 1, 0, 0, 1, 1, 1, 1 ],
polynomial := "x5*x6^2 + x4*x5^2 + x4^3 + x3*x5^2 + x3*x4^2 + x3^2*x4 + x3^3 + x2*x5^2 + x2*x4^2 + (2)*x2*x3*x4 + x2*x3^2 + x2^2*x4 + x2^2*x3 + x2^3 + x1*x5^2 + x1*x4^2 + (2)*x1*x3*x4 + x1*x3^2 + (2)*x1*x2*x4 + (6)*x1*x2*x3 + x1*x2^2 + x1^2*x4 + x1^2*x3 + x1^2*x2 + x1^3" ),
method := "smooth reduction at a good split prime",
status := "smooth",
witnessPrime := 5 ),
isDirectKnownCase := false,
linearGId := [ 216, 136 ],
projectiveGId := [ 72, 27 ],
proofType := "an explicit member of the invariant cubic family is smooth",
smoothPolynomial := "x5*x6^2 + x4*x5^2 + x4^3 + x3*x5^2 + x3*x4^2 + x3^2*x4 + x3^3 + x2*x5^2 + x2*x4^2 + (2)*x2*x3*x4 + x2*x3^2 + x2^2*x4 + x2^2*x3 + x2^3 + x1*x5^2 + x1*x4^2 + (2)*x1*x3*x4 + x1*x3^2 + (2)*x1*x2*x4 + (6)*x1*x2*x3 + x1*x2^2 + x1^2*x4 + x1^2*x3 + x1^2*x2 + x1^3",
status := "smooth",
symplecticPart := "S3",
testedCoefficientCandidates := [ [ 2, 5, 10, 17, 26, 37, 50, 65 ], [ 1, 1, 1, 1, 1, 1, 1, 1 ], [ 1, 2, 3, 4, 5, 6, 7, 8 ], [ 1, -2, 3, -4, 5, -6, 7, -8 ], [ 1, 0, 0, -1, 0, 0, 0, 3 ], [ 1, 0, 0, 0, 0, 0, 0, 0 ], [ 0, 1, 0, 0, 0, 0, 0, 0 ], [ 0, 0, 1, 0, 0, 0, 0, 0 ], [ 0, 0, 0, 1, 0, 0, 0, 0 ], [ 0, 0, 0, 0, 1, 0, 0, 0 ], [ 0, 0, 0, 0, 0, 1, 0, 0 ], [ 0, 0, 0, 0, 0, 0, 1, 0 ], [ 0, 0, 0, 0, 0, 0, 0, 1 ], [ 1, 1, 0, 0, 0, 0, 0, 0 ], [ 1, -1, 0, 0, 0, 0, 0, 0 ], [ 1, 0, 1, 0, 0, 0, 0, 0 ], [ 1, 0, -1, 0, 0, 0, 0, 0 ], [ 1, 0, 0, 1, 0, 0, 0, 0 ], [ 1, 0, 0, -1, 0, 0, 0, 0 ], [ 1, 0, 0, 0, 1, 0, 0, 0 ], [ 1, 0, 0, 0, -1, 0, 0, 0 ], [ 1, 0, 0, 0, 0, 1, 0, 0 ], [ 1, 0, 0, 0, 0, -1, 0, 0 ], [ 1, 0, 0, 0, 0, 0, 1, 0 ], [ 1, 0, 0, 0, 0, 0, -1, 0 ], [ 1, 0, 0, 0, 0, 0, 0, 1 ], [ 1, 0, 0, 0, 0, 0, 0, -1 ], [ 0, 1, 1, 0, 0, 0, 0, 0 ], [ 0, 1, -1, 0, 0, 0, 0, 0 ], [ 0, 1, 0, 1, 0, 0, 0, 0 ], [ 0, 1, 0, -1, 0, 0, 0, 0 ], [ 0, 1, 0, 0, 1, 0, 0, 0 ] ] ), rec(
candidateNumber := 185,
centralizerDimension := 7,
commonSingularPoint := [ 0, 0, 0, 0, 0, 1 ],
componentIndex := 2,
componentLabel := "corrigendum component, generic index 2",
cubicInvariantDimension := 8,
determinantImageOrder := 12,
familyDimension := 1,
familyIndexWithinCase := 15,
genericIndex := 2,
guessedMemberTest := rec(
status := "not_run" ),
isDirectKnownCase := false,
linearGId := [ 216, 136 ],
linearVariables := [ 6 ],
projectiveGId := [ 72, 27 ],
proofType := "a variable has exponent at most one throughout the family",
status := "singular",
symplecticPart := "S3" ), rec(
candidateNumber := 186,
centralizerDimension := 7,
commonSingularPoint := [ 0, 0, 0, 0, 0, 1 ],
componentIndex := 2,
componentLabel := "corrigendum component, generic index 2",
cubicInvariantDimension := 7,
determinantImageOrder := 12,
familyDimension := 0,
familyIndexWithinCase := 16,
genericIndex := 2,
guessedMemberTest := rec(
status := "not_run" ),
isDirectKnownCase := false,
linearGId := [ 216, 136 ],
linearVariables := [ 6 ],
projectiveGId := [ 72, 27 ],
proofType := "a variable has exponent at most one throughout the family",
status := "singular",
symplecticPart := "S3" ), rec(
candidateNumber := 187,
centralizerDimension := 7,
commonSingularPoint := [ 0, 0, 0, 0, 0, 1 ],
componentIndex := 2,
componentLabel := "corrigendum component, generic index 2",
cubicInvariantDimension := 7,
determinantImageOrder := 12,
familyDimension := 0,
familyIndexWithinCase := 17,
genericIndex := 2,
guessedMemberTest := rec(
status := "not_run" ),
isDirectKnownCase := false,
linearGId := [ 216, 136 ],
linearVariables := [ 6 ],
projectiveGId := [ 72, 27 ],
proofType := "a variable has exponent at most one throughout the family",
status := "singular",
symplecticPart := "S3" ), rec(
candidateNumber := 188,
centralizerDimension := 7,
commonSingularPoint := [ 0, 0, 0, 0, 1, 0 ],
componentIndex := 2,
componentLabel := "corrigendum component, generic index 2",
cubicInvariantDimension := 7,
determinantImageOrder := 12,
familyDimension := 0,
familyIndexWithinCase := 18,
genericIndex := 2,
guessedMemberTest := rec(
status := "not_run" ),
isDirectKnownCase := false,
linearGId := [ 216, 136 ],
linearVariables := [ 5, 6 ],
projectiveGId := [ 72, 27 ],
proofType := "a variable has exponent at most one throughout the family",
status := "singular",
symplecticPart := "S3" ), rec(
candidateNumber := 189,
centralizerDimension := 5,
commonSingularPoint := [ 0, 0, 0, 1, 0, 0 ],
componentIndex := 2,
componentLabel := "corrigendum component, generic index 2",
cubicInvariantDimension := 5,
determinantImageOrder := 12,
familyDimension := 0,
familyIndexWithinCase := 19,
genericIndex := 2,
guessedMemberTest := rec(
status := "not_run" ),
isDirectKnownCase := false,
linearGId := [ 216, 136 ],
linearVariables := [ 4 ],
projectiveGId := [ 72, 27 ],
proofType := "a variable has exponent at most one throughout the family",
status := "singular",
symplecticPart := "S3" ), rec(
candidateNumber := 190,
centralizerDimension := 5,
commonSingularPoint := [ 0, 0, 0, 1, 0, 0 ],
componentIndex := 2,
componentLabel := "corrigendum component, generic index 2",
cubicInvariantDimension := 5,
determinantImageOrder := 12,
familyDimension := 0,
familyIndexWithinCase := 20,
genericIndex := 2,
guessedMemberTest := rec(
status := "not_run" ),
isDirectKnownCase := false,
linearGId := [ 216, 136 ],
linearVariables := [ 4 ],
projectiveGId := [ 72, 27 ],
proofType := "a variable has exponent at most one throughout the family",
status := "singular",
symplecticPart := "S3" ), rec(
candidateNumber := 191,
centralizerDimension := 5,
commonSingularPoint := [ 0, 0, 0, 0, 0, 1 ],
componentIndex := 2,
componentLabel := "corrigendum component, generic index 2",
cubicInvariantDimension := 5,
determinantImageOrder := 12,
familyDimension := 0,
familyIndexWithinCase := 21,
genericIndex := 2,
guessedMemberTest := rec(
status := "not_run" ),
isDirectKnownCase := false,
linearGId := [ 216, 136 ],
linearVariables := [ 6 ],
projectiveGId := [ 72, 27 ],
proofType := "a variable has exponent at most one throughout the family",
status := "singular",
symplecticPart := "S3" ), rec(
candidateNumber := 192,
centralizerDimension := 5,
commonPointChecks := 126,
commonSingularPoint := [ 1, E(3), E(3)^2, 0, 0, 0 ],
componentIndex := 2,
componentLabel := "corrigendum component, generic index 2",
cubicInvariantDimension := 5,
determinantImageOrder := 12,
familyDimension := 0,
familyIndexWithinCase := 22,
genericIndex := 2,
guessedCoefficients := [ 2, 5, 10, 17, 26 ],
guessedMemberTest := rec(
coefficientCandidates := [ [ 2, 5, 10, 17, 26 ], [ 1, 1, 1, 1, 1 ], [ 1, 2, 3, 4, 5 ], [ 1, -2, 3, -4, 5 ], [ 1, 0, -1, 0, 3 ], [ 1, 0, 0, 0, 0 ], [ 0, 1, 0, 0, 0 ], [ 0, 0, 1, 0, 0 ], [ 0, 0, 0, 1, 0 ], [ 0, 0, 0, 0, 1 ], [ 1, 1, 0, 0, 0 ], [ 1, -1, 0, 0, 0 ], [ 1, 0, 1, 0, 0 ], [ 1, 0, -1, 0, 0 ], [ 1, 0, 0, 1, 0 ], [ 1, 0, 0, -1, 0 ], [ 1, 0, 0, 0, 1 ], [ 1, 0, 0, 0, -1 ], [ 0, 1, 1, 0, 0 ], [ 0, 1, -1, 0, 0 ], [ 0, 1, 0, 1, 0 ], [ 0, 1, 0, -1, 0 ], [ 0, 1, 0, 0, 1 ], [ 0, 1, 0, 0, -1 ], [ 0, 0, 1, 1, 0 ], [ 0, 0, 1, -1, 0 ], [ 0, 0, 1, 0, 1 ], [ 0, 0, 1, 0, -1 ], [ 0, 0, 0, 1, 1 ], [ 0, 0, 0, 1, -1 ], [ 8, -7, -8, -6, 8 ], [ 5, -1, -5, 4, -3 ] ],
coefficientFieldConductor := 1,
exactTrials := [ rec(
coefficients := [ 2, 5, 10, 17, 26 ],
trial := rec(
coefficientFieldConductor := 1,
exitCode := 0,
singularChart := 1,
singularOutput := "CF_EXACT_SINGULAR_CHART_1\nCF_EXACT_SINGULAR\nCF_SCRIPT_COMPLETED_OK\n",
status := "exact_singular" ) ), rec(
coefficients := [ 1, 1, 1, 1, 1 ],
trial := rec(
coefficientFieldConductor := 1,
exitCode := 0,
singularChart := 1,
singularOutput := "CF_EXACT_SINGULAR_CHART_1\nCF_EXACT_SINGULAR\nCF_SCRIPT_COMPLETED_OK\n",
status := "exact_singular" ) ), rec(
coefficients := [ 1, 2, 3, 4, 5 ],
trial := rec(
coefficientFieldConductor := 1,
exitCode := 0,
singularChart := 1,
singularOutput := "CF_EXACT_SINGULAR_CHART_1\nCF_EXACT_SINGULAR\nCF_SCRIPT_COMPLETED_OK\n",
status := "exact_singular" ) ), rec(
coefficients := [ 1, -2, 3, -4, 5 ],
trial := rec(
coefficientFieldConductor := 1,
exitCode := 0,
singularChart := 1,
singularOutput := "CF_EXACT_SINGULAR_CHART_1\nCF_EXACT_SINGULAR\nCF_SCRIPT_COMPLETED_OK\n",
status := "exact_singular" ) ), rec(
coefficients := [ 1, 0, -1, 0, 3 ],
trial := rec(
coefficientFieldConductor := 1,
exitCode := 0,
singularChart := 1,
singularOutput := "CF_EXACT_SINGULAR_CHART_1\nCF_EXACT_SINGULAR\nCF_SCRIPT_COMPLETED_OK\n",
status := "exact_singular" ) ), rec(
coefficients := [ 1, 0, 0, 0, 0 ],
trial := rec(
coefficientFieldConductor := 1,
exitCode := 0,
singularChart := 1,
singularOutput := "CF_EXACT_SINGULAR_CHART_1\nCF_EXACT_SINGULAR\nCF_SCRIPT_COMPLETED_OK\n",
status := "exact_singular" ) ) ],
finiteFieldTrials := [ rec(
exitCode := 0,
numberOfMembersTested := 32,
prime := 5,
singularOutput := "CF_SINGULAR_MEMBER_1_END\nCF_SINGULAR_MEMBER_2_END\nCF_SINGULAR_MEMBER_3_END\nCF_SINGULAR_MEMBER_4_END\nCF_SINGULAR_MEMBER_5_END\nCF_SINGULAR_MEMBER_6_END\nCF_SINGULAR_MEMBER_7_END\nCF_SINGULAR_MEMBER_8_END\nCF_SINGULAR_MEMBER_9_END\nCF_SINGULAR_MEMBER_10_END\nCF_SINGULAR_MEMBER_11_END\nCF_SINGULAR_MEMBER_12_END\nCF_SINGULAR_MEMBER_13_END\nCF_SINGULAR_MEMBER_14_END\nCF_SINGULAR_MEMBER_15_END\nCF_SINGULAR_MEMBER_16_END\nCF_SINGULAR_MEMBER_17_END\nCF_SINGULAR_MEMBER_18_END\nCF_SINGULAR_MEMBER_19_END\nCF_SINGULAR_MEMBER_20_END\nCF_SINGULAR_MEMBER_21_END\nCF_SINGULAR_MEMBER_22_END\nCF_SINGULAR_MEMBER_23_END\nCF_SINGULAR_MEMBER_24_END\nCF_SINGULAR_MEMBER_25_END\nCF_SINGULAR_MEMBER_26_END\nCF_SINGULAR_MEMBER_27_END\nCF_SINGULAR_MEMBER_28_END\nCF_SINGULAR_MEMBER_29_END\nCF_SINGULAR_MEMBER_30_END\nCF_SINGULAR_MEMBER_31_END\nCF_SINGULAR_MEMBER_32_END\nCF_NO_SMOOTH_MEMBER\nCF_SCRIPT_COMPLETED_OK\n",
status := "no_smooth_in_batch",
witnessIndex := fail,
witnessVerificationPassed := false ), rec(
exitCode := 0,
numberOfMembersTested := 32,
prime := 7,
singularOutput := "CF_SINGULAR_MEMBER_1_END\nCF_SINGULAR_MEMBER_2_END\nCF_SINGULAR_MEMBER_3_END\nCF_SINGULAR_MEMBER_4_END\nCF_SINGULAR_MEMBER_5_END\nCF_SINGULAR_MEMBER_6_END\nCF_SINGULAR_MEMBER_7_END\nCF_SINGULAR_MEMBER_8_END\nCF_SINGULAR_MEMBER_9_END\nCF_SINGULAR_MEMBER_10_END\nCF_SINGULAR_MEMBER_11_END\nCF_SINGULAR_MEMBER_12_END\nCF_SINGULAR_MEMBER_13_END\nCF_SINGULAR_MEMBER_14_END\nCF_SINGULAR_MEMBER_15_END\nCF_SINGULAR_MEMBER_16_END\nCF_SINGULAR_MEMBER_17_END\nCF_SINGULAR_MEMBER_18_END\nCF_SINGULAR_MEMBER_19_END\nCF_SINGULAR_MEMBER_20_END\nCF_SINGULAR_MEMBER_21_END\nCF_SINGULAR_MEMBER_22_END\nCF_SINGULAR_MEMBER_23_END\nCF_SINGULAR_MEMBER_24_END\nCF_SINGULAR_MEMBER_25_END\nCF_SINGULAR_MEMBER_26_END\nCF_SINGULAR_MEMBER_27_END\nCF_SINGULAR_MEMBER_28_END\nCF_SINGULAR_MEMBER_29_END\nCF_SINGULAR_MEMBER_30_END\nCF_SINGULAR_MEMBER_31_END\nCF_SINGULAR_MEMBER_32_END\nCF_NO_SMOOTH_MEMBER\nCF_SCRIPT_COMPLETED_OK\n",
status := "no_smooth_in_batch",
witnessIndex := fail,
witnessVerificationPassed := false ), rec(
exitCode := 0,
numberOfMembersTested := 32,
prime := 11,
singularOutput := "CF_SINGULAR_MEMBER_1_END\nCF_SINGULAR_MEMBER_2_END\nCF_SINGULAR_MEMBER_3_END\nCF_SINGULAR_MEMBER_4_END\nCF_SINGULAR_MEMBER_5_END\nCF_SINGULAR_MEMBER_6_END\nCF_SINGULAR_MEMBER_7_END\nCF_SINGULAR_MEMBER_8_END\nCF_SINGULAR_MEMBER_9_END\nCF_SINGULAR_MEMBER_10_END\nCF_SINGULAR_MEMBER_11_END\nCF_SINGULAR_MEMBER_12_END\nCF_SINGULAR_MEMBER_13_END\nCF_SINGULAR_MEMBER_14_END\nCF_SINGULAR_MEMBER_15_END\nCF_SINGULAR_MEMBER_16_END\nCF_SINGULAR_MEMBER_17_END\nCF_SINGULAR_MEMBER_18_END\nCF_SINGULAR_MEMBER_19_END\nCF_SINGULAR_MEMBER_20_END\nCF_SINGULAR_MEMBER_21_END\nCF_SINGULAR_MEMBER_22_END\nCF_SINGULAR_MEMBER_23_END\nCF_SINGULAR_MEMBER_24_END\nCF_SINGULAR_MEMBER_25_END\nCF_SINGULAR_MEMBER_26_END\nCF_SINGULAR_MEMBER_27_END\nCF_SINGULAR_MEMBER_28_END\nCF_SINGULAR_MEMBER_29_END\nCF_SINGULAR_MEMBER_30_END\nCF_SINGULAR_MEMBER_31_END\nCF_SINGULAR_MEMBER_32_END\nCF_NO_SMOOTH_MEMBER\nCF_SCRIPT_COMPLETED_OK\n",
status := "no_smooth_in_batch",
witnessIndex := fail,
witnessVerificationPassed := false ) ],
method := "deterministic coefficient batch",
status := "no_smooth_witness" ),
guessedPolynomial := "(2)*x5^3 + (5)*x4*x6^2 + (10)*x4^2*x5 + (17)*x3^2*x5 + (26)*x3^3 + (-17)*x2*x3*x5 + (78)*x2*x3^2 + (17)*x2^2*x5 + (78)*x2^2*x3 + (26)*x2^3 + (-17)*x1*x3*x5 + (78)*x1*x3^2 + (-17)*x1*x2*x5 + (156)*x1*x2*x3 + (78)*x1*x2^2 + (17)*x1^2*x5 + (78)*x1^2*x3 + (78)*x1^2*x2 + (26)*x1^3",
isDirectKnownCase := false,
linearGId := [ 216, 136 ],
projectiveGId := [ 72, 27 ],
proofType := "an exact common singular point was found for the invariant basis",
status := "singular",
symplecticPart := "S3",
testedCoefficientCandidates := [ [ 2, 5, 10, 17, 26 ], [ 1, 1, 1, 1, 1 ], [ 1, 2, 3, 4, 5 ], [ 1, -2, 3, -4, 5 ], [ 1, 0, -1, 0, 3 ], [ 1, 0, 0, 0, 0 ], [ 0, 1, 0, 0, 0 ], [ 0, 0, 1, 0, 0 ], [ 0, 0, 0, 1, 0 ], [ 0, 0, 0, 0, 1 ], [ 1, 1, 0, 0, 0 ], [ 1, -1, 0, 0, 0 ], [ 1, 0, 1, 0, 0 ], [ 1, 0, -1, 0, 0 ], [ 1, 0, 0, 1, 0 ], [ 1, 0, 0, -1, 0 ], [ 1, 0, 0, 0, 1 ], [ 1, 0, 0, 0, -1 ], [ 0, 1, 1, 0, 0 ], [ 0, 1, -1, 0, 0 ], [ 0, 1, 0, 1, 0 ], [ 0, 1, 0, -1, 0 ], [ 0, 1, 0, 0, 1 ], [ 0, 1, 0, 0, -1 ], [ 0, 0, 1, 1, 0 ], [ 0, 0, 1, -1, 0 ], [ 0, 0, 1, 0, 1 ], [ 0, 0, 1, 0, -1 ], [ 0, 0, 0, 1, 1 ], [ 0, 0, 0, 1, -1 ], [ 8, -7, -8, -6, 8 ], [ 5, -1, -5, 4, -3 ] ] ), rec(
candidateNumber := 193,
centralizerDimension := 5,
componentIndex := 2,
componentLabel := "corrigendum component, generic index 2",
cubicInvariantDimension := 6,
determinantImageOrder := 12,
familyDimension := 1,
familyIndexWithinCase := 23,
genericIndex := 2,
guessedCoefficients := [ 1, 2, 3, 4, 5, 6 ],
guessedMemberTest := rec(
coefficientCandidates := [ [ 2, 5, 10, 17, 26, 37 ], [ 1, 1, 1, 1, 1, 1 ], [ 1, 2, 3, 4, 5, 6 ], [ 1, -2, 3, -4, 5, -6 ], [ 1, 0, -1, 0, 0, 3 ], [ 1, 0, 0, 0, 0, 0 ], [ 0, 1, 0, 0, 0, 0 ], [ 0, 0, 1, 0, 0, 0 ], [ 0, 0, 0, 1, 0, 0 ], [ 0, 0, 0, 0, 1, 0 ], [ 0, 0, 0, 0, 0, 1 ], [ 1, 1, 0, 0, 0, 0 ], [ 1, -1, 0, 0, 0, 0 ], [ 1, 0, 1, 0, 0, 0 ], [ 1, 0, -1, 0, 0, 0 ], [ 1, 0, 0, 1, 0, 0 ], [ 1, 0, 0, -1, 0, 0 ], [ 1, 0, 0, 0, 1, 0 ], [ 1, 0, 0, 0, -1, 0 ], [ 1, 0, 0, 0, 0, 1 ], [ 1, 0, 0, 0, 0, -1 ], [ 0, 1, 1, 0, 0, 0 ], [ 0, 1, -1, 0, 0, 0 ], [ 0, 1, 0, 1, 0, 0 ], [ 0, 1, 0, -1, 0, 0 ], [ 0, 1, 0, 0, 1, 0 ], [ 0, 1, 0, 0, -1, 0 ], [ 0, 1, 0, 0, 0, 1 ], [ 0, 1, 0, 0, 0, -1 ], [ 0, 0, 1, 1, 0, 0 ], [ 0, 0, 1, -1, 0, 0 ], [ 0, 0, 1, 0, 1, 0 ] ],
coefficientFieldConductor := 1,
exactTrials := [  ],
finiteFieldTrials := [ rec(
exitCode := 0,
numberOfMembersTested := 32,
prime := 5,
singularOutput := "CF_SINGULAR_MEMBER_1_END\nCF_SINGULAR_MEMBER_2_END\nCF_SMOOTH_MEMBER_3_END\nCF_SCRIPT_COMPLETED_OK\n",
status := "smooth",
witnessIndex := 3,
witnessVerificationPassed := true ) ],
member := rec(
coefficients := [ 1, 2, 3, 4, 5, 6 ],
monomialCoefficients := [ 0, 0, 0, 1, 2, 0, 0, 0, 3, 0, 0, 0, 0, 0, 0, 0, 0, 4, 0, 6, 0, 0, 0, 0, 0, 0, 0, -4, 0, 5, 0, 4, 0, 5, 6, 0, 0, 0, 0, 0, 0, 0, -4, 0, 5, 0, -4, 0, 36, 5, 0, 4, 0, 5, 5, 6 ],
polynomial := "x5^3 + (2)*x4*x6^2 + (3)*x4^2*x5 + (4)*x3^2*x5 + (6)*x3^3 + (-4)*x2*x3*x5 + (5)*x2*x3^2 + (4)*x2^2*x5 + (5)*x2^2*x3 + (6)*x2^3 + (-4)*x1*x3*x5 + (5)*x1*x3^2 + (-4)*x1*x2*x5 + (36)*x1*x2*x3 + (5)*x1*x2^2 + (4)*x1^2*x5 + (5)*x1^2*x3 + (5)*x1^2*x2 + (6)*x1^3" ),
method := "smooth reduction at a good split prime",
status := "smooth",
witnessPrime := 5 ),
isDirectKnownCase := false,
linearGId := [ 216, 136 ],
projectiveGId := [ 72, 27 ],
proofType := "an explicit member of the invariant cubic family is smooth",
smoothPolynomial := "x5^3 + (2)*x4*x6^2 + (3)*x4^2*x5 + (4)*x3^2*x5 + (6)*x3^3 + (-4)*x2*x3*x5 + (5)*x2*x3^2 + (4)*x2^2*x5 + (5)*x2^2*x3 + (6)*x2^3 + (-4)*x1*x3*x5 + (5)*x1*x3^2 + (-4)*x1*x2*x5 + (36)*x1*x2*x3 + (5)*x1*x2^2 + (4)*x1^2*x5 + (5)*x1^2*x3 + (5)*x1^2*x2 + (6)*x1^3",
status := "smooth",
symplecticPart := "S3",
testedCoefficientCandidates := [ [ 2, 5, 10, 17, 26, 37 ], [ 1, 1, 1, 1, 1, 1 ], [ 1, 2, 3, 4, 5, 6 ], [ 1, -2, 3, -4, 5, -6 ], [ 1, 0, -1, 0, 0, 3 ], [ 1, 0, 0, 0, 0, 0 ], [ 0, 1, 0, 0, 0, 0 ], [ 0, 0, 1, 0, 0, 0 ], [ 0, 0, 0, 1, 0, 0 ], [ 0, 0, 0, 0, 1, 0 ], [ 0, 0, 0, 0, 0, 1 ], [ 1, 1, 0, 0, 0, 0 ], [ 1, -1, 0, 0, 0, 0 ], [ 1, 0, 1, 0, 0, 0 ], [ 1, 0, -1, 0, 0, 0 ], [ 1, 0, 0, 1, 0, 0 ], [ 1, 0, 0, -1, 0, 0 ], [ 1, 0, 0, 0, 1, 0 ], [ 1, 0, 0, 0, -1, 0 ], [ 1, 0, 0, 0, 0, 1 ], [ 1, 0, 0, 0, 0, -1 ], [ 0, 1, 1, 0, 0, 0 ], [ 0, 1, -1, 0, 0, 0 ], [ 0, 1, 0, 1, 0, 0 ], [ 0, 1, 0, -1, 0, 0 ], [ 0, 1, 0, 0, 1, 0 ], [ 0, 1, 0, 0, -1, 0 ], [ 0, 1, 0, 0, 0, 1 ], [ 0, 1, 0, 0, 0, -1 ], [ 0, 0, 1, 1, 0, 0 ], [ 0, 0, 1, -1, 0, 0 ], [ 0, 0, 1, 0, 1, 0 ] ] ), rec(
candidateNumber := 194,
centralizerDimension := 5,
commonSingularPoint := [ 0, 0, 0, 1, 0, 0 ],
componentIndex := 2,
componentLabel := "corrigendum component, generic index 2",
cubicInvariantDimension := 5,
determinantImageOrder := 12,
familyDimension := 0,
familyIndexWithinCase := 24,
genericIndex := 2,
guessedMemberTest := rec(
status := "not_run" ),
isDirectKnownCase := false,
linearGId := [ 216, 136 ],
linearVariables := [ 4, 5 ],
projectiveGId := [ 72, 27 ],
proofType := "a variable has exponent at most one throughout the family",
status := "singular",
symplecticPart := "S3" ), rec(
candidateNumber := 195,
centralizerDimension := 5,
commonSingularPoint := [ 0, 0, 0, 0, 0, 1 ],
componentIndex := 2,
componentLabel := "corrigendum component, generic index 2",
cubicInvariantDimension := 6,
determinantImageOrder := 12,
familyDimension := 1,
familyIndexWithinCase := 25,
genericIndex := 2,
guessedMemberTest := rec(
status := "not_run" ),
isDirectKnownCase := false,
linearGId := [ 216, 136 ],
linearVariables := [ 6 ],
projectiveGId := [ 72, 27 ],
proofType := "a variable has exponent at most one throughout the family",
status := "singular",
symplecticPart := "S3" ), rec(
candidateNumber := 196,
centralizerDimension := 5,
commonSingularPoint := [ 0, 0, 0, 0, 0, 1 ],
componentIndex := 2,
componentLabel := "corrigendum component, generic index 2",
cubicInvariantDimension := 5,
determinantImageOrder := 12,
familyDimension := 0,
familyIndexWithinCase := 26,
genericIndex := 2,
guessedMemberTest := rec(
status := "not_run" ),
isDirectKnownCase := false,
linearGId := [ 216, 136 ],
linearVariables := [ 6 ],
projectiveGId := [ 72, 27 ],
proofType := "a variable has exponent at most one throughout the family",
status := "singular",
symplecticPart := "S3" ), rec(
candidateNumber := 197,
centralizerDimension := 5,
commonSingularPoint := [ 0, 0, 0, 0, 0, 1 ],
componentIndex := 2,
componentLabel := "corrigendum component, generic index 2",
cubicInvariantDimension := 5,
determinantImageOrder := 12,
familyDimension := 0,
familyIndexWithinCase := 27,
genericIndex := 2,
guessedMemberTest := rec(
status := "not_run" ),
isDirectKnownCase := false,
linearGId := [ 216, 136 ],
linearVariables := [ 6 ],
projectiveGId := [ 72, 27 ],
proofType := "a variable has exponent at most one throughout the family",
status := "singular",
symplecticPart := "S3" ), rec(
candidateNumber := 198,
centralizerDimension := 5,
commonSingularPoint := [ 0, 0, 0, 0, 0, 1 ],
componentIndex := 2,
componentLabel := "corrigendum component, generic index 2",
cubicInvariantDimension := 5,
determinantImageOrder := 12,
familyDimension := 0,
familyIndexWithinCase := 28,
genericIndex := 2,
guessedMemberTest := rec(
status := "not_run" ),
isDirectKnownCase := false,
linearGId := [ 216, 136 ],
linearVariables := [ 6 ],
projectiveGId := [ 72, 27 ],
proofType := "a variable has exponent at most one throughout the family",
status := "singular",
symplecticPart := "S3" ), rec(
candidateNumber := 199,
centralizerDimension := 5,
componentIndex := 2,
componentLabel := "corrigendum component, generic index 2",
cubicInvariantDimension := 5,
determinantImageOrder := 12,
familyDimension := 0,
familyIndexWithinCase := 29,
genericIndex := 2,
guessedCoefficients := [ 1, 2, 3, 4, 5 ],
guessedMemberTest := rec(
coefficientCandidates := [ [ 2, 5, 10, 17, 26 ], [ 1, 1, 1, 1, 1 ], [ 1, 2, 3, 4, 5 ], [ 1, -2, 3, -4, 5 ], [ 1, 0, -1, 0, 3 ], [ 1, 0, 0, 0, 0 ], [ 0, 1, 0, 0, 0 ], [ 0, 0, 1, 0, 0 ], [ 0, 0, 0, 1, 0 ], [ 0, 0, 0, 0, 1 ], [ 1, 1, 0, 0, 0 ], [ 1, -1, 0, 0, 0 ], [ 1, 0, 1, 0, 0 ], [ 1, 0, -1, 0, 0 ], [ 1, 0, 0, 1, 0 ], [ 1, 0, 0, -1, 0 ], [ 1, 0, 0, 0, 1 ], [ 1, 0, 0, 0, -1 ], [ 0, 1, 1, 0, 0 ], [ 0, 1, -1, 0, 0 ], [ 0, 1, 0, 1, 0 ], [ 0, 1, 0, -1, 0 ], [ 0, 1, 0, 0, 1 ], [ 0, 1, 0, 0, -1 ], [ 0, 0, 1, 1, 0 ], [ 0, 0, 1, -1, 0 ], [ 0, 0, 1, 0, 1 ], [ 0, 0, 1, 0, -1 ], [ 0, 0, 0, 1, 1 ], [ 0, 0, 0, 1, -1 ], [ 8, -7, -8, -6, 8 ], [ 5, -1, -5, 4, -3 ] ],
coefficientFieldConductor := 1,
exactTrials := [  ],
finiteFieldTrials := [ rec(
exitCode := 0,
numberOfMembersTested := 32,
prime := 5,
singularOutput := "CF_SINGULAR_MEMBER_1_END\nCF_SINGULAR_MEMBER_2_END\nCF_SMOOTH_MEMBER_3_END\nCF_SCRIPT_COMPLETED_OK\n",
status := "smooth",
witnessIndex := 3,
witnessVerificationPassed := true ) ],
member := rec(
coefficients := [ 1, 2, 3, 4, 5 ],
monomialCoefficients := [ 0, 1, 0, 0, 0, 0, 2, 0, 0, 3, 0, 0, 0, 0, 0, 0, 0, 0, 0, 5, 0, 0, 0, 0, 0, 0, 0, 0, 0, 4, 0, 0, 0, 4, 5, 0, 0, 0, 0, 0, 0, 0, 0, 0, 4, 0, 0, 0, 30, 4, 0, 0, 0, 4, 4, 5 ],
polynomial := "x5*x6^2 + (2)*x4*x5^2 + (3)*x4^3 + (5)*x3^3 + (4)*x2*x3^2 + (4)*x2^2*x3 + (5)*x2^3 + (4)*x1*x3^2 + (30)*x1*x2*x3 + (4)*x1*x2^2 + (4)*x1^2*x3 + (4)*x1^2*x2 + (5)*x1^3" ),
method := "smooth reduction at a good split prime",
status := "smooth",
witnessPrime := 5 ),
isDirectKnownCase := false,
linearGId := [ 216, 136 ],
projectiveGId := [ 72, 27 ],
proofType := "an explicit member of the invariant cubic family is smooth",
smoothPolynomial := "x5*x6^2 + (2)*x4*x5^2 + (3)*x4^3 + (5)*x3^3 + (4)*x2*x3^2 + (4)*x2^2*x3 + (5)*x2^3 + (4)*x1*x3^2 + (30)*x1*x2*x3 + (4)*x1*x2^2 + (4)*x1^2*x3 + (4)*x1^2*x2 + (5)*x1^3",
status := "smooth",
symplecticPart := "S3",
testedCoefficientCandidates := [ [ 2, 5, 10, 17, 26 ], [ 1, 1, 1, 1, 1 ], [ 1, 2, 3, 4, 5 ], [ 1, -2, 3, -4, 5 ], [ 1, 0, -1, 0, 3 ], [ 1, 0, 0, 0, 0 ], [ 0, 1, 0, 0, 0 ], [ 0, 0, 1, 0, 0 ], [ 0, 0, 0, 1, 0 ], [ 0, 0, 0, 0, 1 ], [ 1, 1, 0, 0, 0 ], [ 1, -1, 0, 0, 0 ], [ 1, 0, 1, 0, 0 ], [ 1, 0, -1, 0, 0 ], [ 1, 0, 0, 1, 0 ], [ 1, 0, 0, -1, 0 ], [ 1, 0, 0, 0, 1 ], [ 1, 0, 0, 0, -1 ], [ 0, 1, 1, 0, 0 ], [ 0, 1, -1, 0, 0 ], [ 0, 1, 0, 1, 0 ], [ 0, 1, 0, -1, 0 ], [ 0, 1, 0, 0, 1 ], [ 0, 1, 0, 0, -1 ], [ 0, 0, 1, 1, 0 ], [ 0, 0, 1, -1, 0 ], [ 0, 0, 1, 0, 1 ], [ 0, 0, 1, 0, -1 ], [ 0, 0, 0, 1, 1 ], [ 0, 0, 0, 1, -1 ], [ 8, -7, -8, -6, 8 ], [ 5, -1, -5, 4, -3 ] ] ), rec(
candidateNumber := 200,
centralizerDimension := 7,
commonPointChecks := 4056,
commonPointLimitReached := false,
componentIndex := 2,
componentLabel := "corrigendum component, generic index 2",
cubicInvariantDimension := 7,
determinantImageOrder := 12,
exactCommonLocusTest := rec(
coefficientFieldConductor := 1,
exitCode := 0,
singularChart := fail,
singularOutput := "CF_NO_COMMON_SINGULAR_POINT\nCF_SCRIPT_COMPLETED_OK\n",
status := "no_common_singular_point" ),
familyDimension := 0,
familyIndexWithinCase := 30,
genericIndex := 2,
guessedCoefficients := [ 2, 5, 10, 17, 26, 37, 50 ],
guessedMemberTest := rec(
coefficientCandidates := [ [ 2, 5, 10, 17, 26, 37, 50 ], [ 1, 1, 1, 1, 1, 1, 1 ], [ 1, 2, 3, 4, 5, 6, 7 ], [ 1, -2, 3, -4, 5, -6, 7 ], [ 1, 0, 0, -1, 0, 0, 3 ], [ 1, 0, 0, 0, 0, 0, 0 ], [ 0, 1, 0, 0, 0, 0, 0 ], [ 0, 0, 1, 0, 0, 0, 0 ], [ 0, 0, 0, 1, 0, 0, 0 ], [ 0, 0, 0, 0, 1, 0, 0 ], [ 0, 0, 0, 0, 0, 1, 0 ], [ 0, 0, 0, 0, 0, 0, 1 ], [ 1, 1, 0, 0, 0, 0, 0 ], [ 1, -1, 0, 0, 0, 0, 0 ], [ 1, 0, 1, 0, 0, 0, 0 ], [ 1, 0, -1, 0, 0, 0, 0 ], [ 1, 0, 0, 1, 0, 0, 0 ], [ 1, 0, 0, -1, 0, 0, 0 ], [ 1, 0, 0, 0, 1, 0, 0 ], [ 1, 0, 0, 0, -1, 0, 0 ], [ 1, 0, 0, 0, 0, 1, 0 ], [ 1, 0, 0, 0, 0, -1, 0 ], [ 1, 0, 0, 0, 0, 0, 1 ], [ 1, 0, 0, 0, 0, 0, -1 ], [ 0, 1, 1, 0, 0, 0, 0 ], [ 0, 1, -1, 0, 0, 0, 0 ], [ 0, 1, 0, 1, 0, 0, 0 ], [ 0, 1, 0, -1, 0, 0, 0 ], [ 0, 1, 0, 0, 1, 0, 0 ], [ 0, 1, 0, 0, -1, 0, 0 ], [ 0, 1, 0, 0, 0, 1, 0 ], [ 0, 1, 0, 0, 0, -1, 0 ] ],
coefficientFieldConductor := 1,
exactTrials := [ rec(
coefficients := [ 2, 5, 10, 17, 26, 37, 50 ],
trial := rec(
coefficientFieldConductor := 1,
exitCode := 0,
singularChart := 4,
singularOutput := "CF_EXACT_SINGULAR_CHART_4\nCF_EXACT_SINGULAR\nCF_SCRIPT_COMPLETED_OK\n",
status := "exact_singular" ) ), rec(
coefficients := [ 1, 1, 1, 1, 1, 1, 1 ],
trial := rec(
coefficientFieldConductor := 1,
exitCode := 0,
singularChart := 4,
singularOutput := "CF_EXACT_SINGULAR_CHART_4\nCF_EXACT_SINGULAR\nCF_SCRIPT_COMPLETED_OK\n",
status := "exact_singular" ) ), rec(
coefficients := [ 1, 2, 3, 4, 5, 6, 7 ],
trial := rec(
coefficientFieldConductor := 1,
exitCode := 0,
singularChart := 4,
singularOutput := "CF_EXACT_SINGULAR_CHART_4\nCF_EXACT_SINGULAR\nCF_SCRIPT_COMPLETED_OK\n",
status := "exact_singular" ) ), rec(
coefficients := [ 1, -2, 3, -4, 5, -6, 7 ],
trial := rec(
coefficientFieldConductor := 1,
exitCode := 0,
singularChart := 4,
singularOutput := "CF_EXACT_SINGULAR_CHART_4\nCF_EXACT_SINGULAR\nCF_SCRIPT_COMPLETED_OK\n",
status := "exact_singular" ) ), rec(
coefficients := [ 1, 0, 0, -1, 0, 0, 3 ],
trial := rec(
coefficientFieldConductor := 1,
exitCode := 0,
singularChart := 4,
singularOutput := "CF_EXACT_SINGULAR_CHART_4\nCF_EXACT_SINGULAR\nCF_SCRIPT_COMPLETED_OK\n",
status := "exact_singular" ) ), rec(
coefficients := [ 1, 0, 0, 0, 0, 0, 0 ],
trial := rec(
coefficientFieldConductor := 1,
exitCode := 0,
singularChart := 1,
singularOutput := "CF_EXACT_SINGULAR_CHART_1\nCF_EXACT_SINGULAR\nCF_SCRIPT_COMPLETED_OK\n",
status := "exact_singular" ) ) ],
finiteFieldTrials := [ rec(
exitCode := 0,
numberOfMembersTested := 32,
prime := 5,
singularOutput := "CF_SINGULAR_MEMBER_1_END\nCF_SINGULAR_MEMBER_2_END\nCF_SINGULAR_MEMBER_3_END\nCF_SINGULAR_MEMBER_4_END\nCF_SINGULAR_MEMBER_5_END\nCF_SINGULAR_MEMBER_6_END\nCF_SINGULAR_MEMBER_7_END\nCF_SINGULAR_MEMBER_8_END\nCF_SINGULAR_MEMBER_9_END\nCF_SINGULAR_MEMBER_10_END\nCF_SINGULAR_MEMBER_11_END\nCF_SINGULAR_MEMBER_12_END\nCF_SINGULAR_MEMBER_13_END\nCF_SINGULAR_MEMBER_14_END\nCF_SINGULAR_MEMBER_15_END\nCF_SINGULAR_MEMBER_16_END\nCF_SINGULAR_MEMBER_17_END\nCF_SINGULAR_MEMBER_18_END\nCF_SINGULAR_MEMBER_19_END\nCF_SINGULAR_MEMBER_20_END\nCF_SINGULAR_MEMBER_21_END\nCF_SINGULAR_MEMBER_22_END\nCF_SINGULAR_MEMBER_23_END\nCF_SINGULAR_MEMBER_24_END\nCF_SINGULAR_MEMBER_25_END\nCF_SINGULAR_MEMBER_26_END\nCF_SINGULAR_MEMBER_27_END\nCF_SINGULAR_MEMBER_28_END\nCF_SINGULAR_MEMBER_29_END\nCF_SINGULAR_MEMBER_30_END\nCF_SINGULAR_MEMBER_31_END\nCF_SINGULAR_MEMBER_32_END\nCF_NO_SMOOTH_MEMBER\nCF_SCRIPT_COMPLETED_OK\n",
status := "no_smooth_in_batch",
witnessIndex := fail,
witnessVerificationPassed := false ), rec(
exitCode := 0,
numberOfMembersTested := 32,
prime := 7,
singularOutput := "CF_SINGULAR_MEMBER_1_END\nCF_SINGULAR_MEMBER_2_END\nCF_SINGULAR_MEMBER_3_END\nCF_SINGULAR_MEMBER_4_END\nCF_SINGULAR_MEMBER_5_END\nCF_SINGULAR_MEMBER_6_END\nCF_SINGULAR_MEMBER_7_END\nCF_SINGULAR_MEMBER_8_END\nCF_SINGULAR_MEMBER_9_END\nCF_SINGULAR_MEMBER_10_END\nCF_SINGULAR_MEMBER_11_END\nCF_SINGULAR_MEMBER_12_END\nCF_SINGULAR_MEMBER_13_END\nCF_SINGULAR_MEMBER_14_END\nCF_SINGULAR_MEMBER_15_END\nCF_SINGULAR_MEMBER_16_END\nCF_SINGULAR_MEMBER_17_END\nCF_SINGULAR_MEMBER_18_END\nCF_SINGULAR_MEMBER_19_END\nCF_SINGULAR_MEMBER_20_END\nCF_SINGULAR_MEMBER_21_END\nCF_SINGULAR_MEMBER_22_END\nCF_SINGULAR_MEMBER_23_END\nCF_SINGULAR_MEMBER_24_END\nCF_SINGULAR_MEMBER_25_END\nCF_SINGULAR_MEMBER_26_END\nCF_SINGULAR_MEMBER_27_END\nCF_SINGULAR_MEMBER_28_END\nCF_SINGULAR_MEMBER_29_END\nCF_SINGULAR_MEMBER_30_END\nCF_SINGULAR_MEMBER_31_END\nCF_SINGULAR_MEMBER_32_END\nCF_NO_SMOOTH_MEMBER\nCF_SCRIPT_COMPLETED_OK\n",
status := "no_smooth_in_batch",
witnessIndex := fail,
witnessVerificationPassed := false ), rec(
exitCode := 0,
numberOfMembersTested := 32,
prime := 11,
singularOutput := "CF_SINGULAR_MEMBER_1_END\nCF_SINGULAR_MEMBER_2_END\nCF_SINGULAR_MEMBER_3_END\nCF_SINGULAR_MEMBER_4_END\nCF_SINGULAR_MEMBER_5_END\nCF_SINGULAR_MEMBER_6_END\nCF_SINGULAR_MEMBER_7_END\nCF_SINGULAR_MEMBER_8_END\nCF_SINGULAR_MEMBER_9_END\nCF_SINGULAR_MEMBER_10_END\nCF_SINGULAR_MEMBER_11_END\nCF_SINGULAR_MEMBER_12_END\nCF_SINGULAR_MEMBER_13_END\nCF_SINGULAR_MEMBER_14_END\nCF_SINGULAR_MEMBER_15_END\nCF_SINGULAR_MEMBER_16_END\nCF_SINGULAR_MEMBER_17_END\nCF_SINGULAR_MEMBER_18_END\nCF_SINGULAR_MEMBER_19_END\nCF_SINGULAR_MEMBER_20_END\nCF_SINGULAR_MEMBER_21_END\nCF_SINGULAR_MEMBER_22_END\nCF_SINGULAR_MEMBER_23_END\nCF_SINGULAR_MEMBER_24_END\nCF_SINGULAR_MEMBER_25_END\nCF_SINGULAR_MEMBER_26_END\nCF_SINGULAR_MEMBER_27_END\nCF_SINGULAR_MEMBER_28_END\nCF_SINGULAR_MEMBER_29_END\nCF_SINGULAR_MEMBER_30_END\nCF_SINGULAR_MEMBER_31_END\nCF_SINGULAR_MEMBER_32_END\nCF_NO_SMOOTH_MEMBER\nCF_SCRIPT_COMPLETED_OK\n",
status := "no_smooth_in_batch",
witnessIndex := fail,
witnessVerificationPassed := false ) ],
method := "deterministic coefficient batch",
status := "no_smooth_witness" ),
guessedPolynomial := "(2)*x5*x6^2 + (5)*x4*x6^2 + (10)*x3*x5^2 + (17)*x3*x4*x5 + (26)*x3*x4^2 + (50)*x3^3 + (10)*x2*x5^2 + (17)*x2*x4*x5 + (26)*x2*x4^2 + (37)*x2*x3^2 + (37)*x2^2*x3 + (50)*x2^3 + (10)*x1*x5^2 + (17)*x1*x4*x5 + (26)*x1*x4^2 + (37)*x1*x3^2 + (300)*x1*x2*x3 + (37)*x1*x2^2 + (37)*x1^2*x3 + (37)*x1^2*x2 + (50)*x1^3",
isDirectKnownCase := false,
linearGId := [ 216, 136 ],
projectiveGId := [ 72, 27 ],
proofType := "no smooth member or family-wide singularity certificate was found",
status := "unknown",
symplecticPart := "S3",
testedCoefficientCandidates := [ [ 2, 5, 10, 17, 26, 37, 50 ], [ 1, 1, 1, 1, 1, 1, 1 ], [ 1, 2, 3, 4, 5, 6, 7 ], [ 1, -2, 3, -4, 5, -6, 7 ], [ 1, 0, 0, -1, 0, 0, 3 ], [ 1, 0, 0, 0, 0, 0, 0 ], [ 0, 1, 0, 0, 0, 0, 0 ], [ 0, 0, 1, 0, 0, 0, 0 ], [ 0, 0, 0, 1, 0, 0, 0 ], [ 0, 0, 0, 0, 1, 0, 0 ], [ 0, 0, 0, 0, 0, 1, 0 ], [ 0, 0, 0, 0, 0, 0, 1 ], [ 1, 1, 0, 0, 0, 0, 0 ], [ 1, -1, 0, 0, 0, 0, 0 ], [ 1, 0, 1, 0, 0, 0, 0 ], [ 1, 0, -1, 0, 0, 0, 0 ], [ 1, 0, 0, 1, 0, 0, 0 ], [ 1, 0, 0, -1, 0, 0, 0 ], [ 1, 0, 0, 0, 1, 0, 0 ], [ 1, 0, 0, 0, -1, 0, 0 ], [ 1, 0, 0, 0, 0, 1, 0 ], [ 1, 0, 0, 0, 0, -1, 0 ], [ 1, 0, 0, 0, 0, 0, 1 ], [ 1, 0, 0, 0, 0, 0, -1 ], [ 0, 1, 1, 0, 0, 0, 0 ], [ 0, 1, -1, 0, 0, 0, 0 ], [ 0, 1, 0, 1, 0, 0, 0 ], [ 0, 1, 0, -1, 0, 0, 0 ], [ 0, 1, 0, 0, 1, 0, 0 ], [ 0, 1, 0, 0, -1, 0, 0 ], [ 0, 1, 0, 0, 0, 1, 0 ], [ 0, 1, 0, 0, 0, -1, 0 ] ] ), rec(
candidateNumber := 201,
centralizerDimension := 5,
commonSingularPoint := [ 0, 0, 0, 0, 1, 0 ],
componentIndex := 2,
componentLabel := "corrigendum component, generic index 2",
cubicInvariantDimension := 5,
determinantImageOrder := 12,
familyDimension := 0,
familyIndexWithinCase := 31,
genericIndex := 2,
guessedMemberTest := rec(
status := "not_run" ),
isDirectKnownCase := false,
linearGId := [ 216, 136 ],
linearVariables := [ 5 ],
projectiveGId := [ 72, 27 ],
proofType := "a variable has exponent at most one throughout the family",
status := "singular",
symplecticPart := "S3" ), rec(
candidateNumber := 202,
centralizerDimension := 5,
componentIndex := 2,
componentLabel := "corrigendum component",
cubicInvariantDimension := 5,
determinantImageOrder := 24,
familyDimension := 0,
familyIndexWithinCase := 1,
genericIndex := 2,
guessedCoefficients := [ 1, 1, 1, 1, 1 ],
guessedMemberTest := rec(
coefficientCandidates := [ [ 2, 5, 10, 17, 26 ], [ 1, 1, 1, 1, 1 ], [ 1, 2, 3, 4, 5 ], [ 1, -2, 3, -4, 5 ], [ 1, 0, -1, 0, 3 ], [ 1, 0, 0, 0, 0 ], [ 0, 1, 0, 0, 0 ], [ 0, 0, 1, 0, 0 ], [ 0, 0, 0, 1, 0 ], [ 0, 0, 0, 0, 1 ], [ 1, 1, 0, 0, 0 ], [ 1, -1, 0, 0, 0 ], [ 1, 0, 1, 0, 0 ], [ 1, 0, -1, 0, 0 ], [ 1, 0, 0, 1, 0 ], [ 1, 0, 0, -1, 0 ], [ 1, 0, 0, 0, 1 ], [ 1, 0, 0, 0, -1 ], [ 0, 1, 1, 0, 0 ], [ 0, 1, -1, 0, 0 ], [ 0, 1, 0, 1, 0 ], [ 0, 1, 0, -1, 0 ], [ 0, 1, 0, 0, 1 ], [ 0, 1, 0, 0, -1 ], [ 0, 0, 1, 1, 0 ], [ 0, 0, 1, -1, 0 ], [ 0, 0, 1, 0, 1 ], [ 0, 0, 1, 0, -1 ], [ 0, 0, 0, 1, 1 ], [ 0, 0, 0, 1, -1 ], [ 8, -7, -8, -6, 8 ], [ 5, -1, -5, 4, -3 ] ],
coefficientFieldConductor := 1,
exactTrials := [  ],
finiteFieldTrials := [ rec(
exitCode := 0,
numberOfMembersTested := 32,
prime := 5,
singularOutput := "CF_SINGULAR_MEMBER_1_END\nCF_SMOOTH_MEMBER_2_END\nCF_SCRIPT_COMPLETED_OK\n",
status := "smooth",
witnessIndex := 2,
witnessVerificationPassed := true ) ],
member := rec(
coefficients := [ 1, 1, 1, 1, 1 ],
monomialCoefficients := [ 1, 0, 0, 1, 0, 0, 0, 0, 0, 1, 0, 0, 0, 0, 0, 0, 0, 0, 1, 0, 0, 0, 0, 0, 0, 0, 0, 0, 0, 0, 0, 0, 0, 1, 0, 0, 0, 0, 0, 0, 0, 0, 0, 0, 0, 0, 0, 0, 0, 0, 0, 0, 0, 0, 1, 0 ],
polynomial := "x6^3 + x5^3 + x4^3 + x3^2*x4 + x2^2*x3 + x1^2*x2" ),
method := "smooth reduction at a good split prime",
status := "smooth",
witnessPrime := 5 ),
isDirectKnownCase := true,
linearGId := [ 432, 464 ],
projectiveGId := [ 144, 69 ],
proofType := "an explicit member of the invariant cubic family is smooth",
smoothPolynomial := "x6^3 + x5^3 + x4^3 + x3^2*x4 + x2^2*x3 + x1^2*x2",
status := "smooth",
symplecticPart := "S3",
testedCoefficientCandidates := [ [ 2, 5, 10, 17, 26 ], [ 1, 1, 1, 1, 1 ], [ 1, 2, 3, 4, 5 ], [ 1, -2, 3, -4, 5 ], [ 1, 0, -1, 0, 3 ], [ 1, 0, 0, 0, 0 ], [ 0, 1, 0, 0, 0 ], [ 0, 0, 1, 0, 0 ], [ 0, 0, 0, 1, 0 ], [ 0, 0, 0, 0, 1 ], [ 1, 1, 0, 0, 0 ], [ 1, -1, 0, 0, 0 ], [ 1, 0, 1, 0, 0 ], [ 1, 0, -1, 0, 0 ], [ 1, 0, 0, 1, 0 ], [ 1, 0, 0, -1, 0 ], [ 1, 0, 0, 0, 1 ], [ 1, 0, 0, 0, -1 ], [ 0, 1, 1, 0, 0 ], [ 0, 1, -1, 0, 0 ], [ 0, 1, 0, 1, 0 ], [ 0, 1, 0, -1, 0 ], [ 0, 1, 0, 0, 1 ], [ 0, 1, 0, 0, -1 ], [ 0, 0, 1, 1, 0 ], [ 0, 0, 1, -1, 0 ], [ 0, 0, 1, 0, 1 ], [ 0, 0, 1, 0, -1 ], [ 0, 0, 0, 1, 1 ], [ 0, 0, 0, 1, -1 ], [ 8, -7, -8, -6, 8 ], [ 5, -1, -5, 4, -3 ] ] ) ],
runtimeMilliseconds := 5094,
schemaVersion := 3,
singularCandidateNumbers := [ 3, 4, 5, 6, 9, 10, 11, 12, 13, 14, 15, 16, 17, 18, 19, 21, 22, 23, 24, 25, 40, 41, 43, 44, 45, 47, 50, 52, 53, 54, 55, 56, 57, 58, 61, 63, 64, 66, 75, 76, 77, 78, 79, 82, 83, 84, 85, 86, 89, 90, 91, 93, 94, 95, 96, 106, 107, 108, 109, 110, 111, 112, 113, 114, 118, 119, 120, 121, 122, 123, 124, 126, 127, 128, 129, 130, 131, 132, 133, 134, 135, 138, 140, 142, 143, 145, 146, 151, 156, 157, 158, 159, 160, 162, 163, 164, 165, 166, 167, 168, 169, 170, 171, 172, 173, 174, 175, 176, 177, 178, 179, 180, 181, 182, 183, 185, 186, 187, 188, 189, 190, 191, 192, 194, 195, 196, 197, 198, 201 ],
singularCount := 129,
smoothCandidateNumbers := [ 1, 2, 8, 26, 27, 28, 29, 30, 33, 34, 36, 38, 39, 46, 51, 60, 62, 65, 72, 73, 74, 81, 92, 97, 98, 99, 100, 101, 102, 103, 115, 116, 117, 137, 141, 144, 147, 148, 149, 150, 152, 161, 184, 193, 199, 202 ],
smoothCount := 46,
sourceDataFile := "../gap_small_nonabelian/gap_small_nonabelian_data.g",
sourceEnumerationRecord := rec(
caseFiles := [ "gap_small_nonabelian_c3.g", "gap_small_nonabelian_c2_2.g", "gap_small_nonabelian_c4.g", "gap_small_nonabelian_s3.g" ],
caseOrder := [ "C3", "C2^2", "C4", "S3" ],
engineFile := "gap_small_nonabelian_liftable_engine.g",
excludedProjectiveCandidate := [ 72, 12 ],
genericFullLinearContainmentFilter := true,
genericIndexDivisibilityFilter := true,
laterStages := "generic-index and generic-full-group filters, then Gonzalez; smoothness is not tested in this file",
projectiveCandidateSource := "../../gap_yyz_bounds/gap_yyz_bounds.md",
sharedFunctionsFile := "gap_small_nonabelian_functions.g" ),
sourceEnumerationSummary := rec(
GonzalezApplied := true,
rawCount := 202,
rejectedCount := 20,
retainedCount := 182,
smoothnessTested := false ),
unknownCandidateNumbers := [ 37, 42, 59, 71, 80, 139, 200 ],
unknownCount := 7,
unknownFollowUp := "the retained unknown families will be verified separately by hand to be singular" );
SmallNonabelianSmoothnessResults := SmallNonabelianSmoothnessRun.results;
SmallNonabelianSmoothnessSummary := rec(
  candidateCount := 182,
  smoothCount := 46,
  singularCount := 129,
  unknownCount := 7,
  smoothCandidateNumbers := [ 1, 2, 8, 26, 27, 28, 29, 30, 33, 34, 36, 38, 39, 46, 51, 60, 62, 65, 72, 73, 74, 81, 92, 97, 98, 99, 100, 101, 102, 103, 115, 116, 117, 137, 141, 144, 147, 148, 149, 150, 152, 161, 184, 193, 199, 202 ],
  singularCandidateNumbers := [ 3, 4, 5, 6, 9, 10, 11, 12, 13, 14, 15, 16, 17, 18, 19, 21, 22, 23, 24, 25, 40, 41, 43, 44, 45, 47, 50, 52, 53, 54, 55, 56, 57, 58, 61, 63, 64, 66, 75, 76, 77, 78, 79, 82, 83, 84, 85, 86, 89, 90, 91, 93, 94, 95, 96, 106, 107, 108, 109, 110, 111, 112, 113, 114, 118, 119, 120, 121, 122, 123, 124, 126, 127, 128, 129, 130, 131, 132, 133, 134, 135, 138, 140, 142, 143, 145, 146, 151, 156, 157, 158, 159, 160, 162, 163, 164, 165, 166, 167, 168, 169, 170, 171, 172, 173, 174, 175, 176, 177, 178, 179, 180, 181, 182, 183, 185, 186, 187, 188, 189, 190, 191, 192, 194, 195, 196, 197, 198, 201 ],
  unknownCandidateNumbers := [ 37, 42, 59, 71, 80, 139, 200 ],
  proofTypeCounts := [ rec(
count := 46,
proofType := "an explicit member of the invariant cubic family is smooth" ), rec(
count := 48,
proofType := "the invariant basis has a nonempty exact common projective Jacobian locus" ), rec(
count := 7,
proofType := "no smooth member or family-wide singularity certificate was found" ), rec(
count := 53,
proofType := "a variable has exponent at most one throughout the family" ), rec(
count := 28,
proofType := "an exact common singular point was found for the invariant basis" ) ]
);
