Small non-abelian candidates for cubic fourfolds

1. Run information
   GAP version: 4.15.1
   Computational engine: gap_small_nonabelian_liftable_engine.g
   Projective candidate source: ../../gap_yyz_bounds/gap_yyz_bounds.md
   Excluded projective candidate: [ 72, 12 ]
   Case order: [ "C3", "C2^2", "C4", "S3" ]
   Generic-index divisibility filter: true
   Generic full linear containment filter: true
   Gonzalez restriction applied: true
   Smoothness tested: false

2. Totals
   Enumerated families: 201
   Direct known cases: 1
   Candidates before Gonzalez: 202
   Candidates retained: 182
   Candidates rejected: 20

3. Cases
   1. C3: components 2; enumerated inputs 10; enumerated families 
33; rejected by generic containment 883; direct cases 0
   2. C2^2: components 1; enumerated inputs 5; enumerated families 
37; rejected by generic containment 0; direct cases 0
   3. C4: components 1; enumerated inputs 4; enumerated families 
26; rejected by generic containment 0; direct cases 0
   4. S3: components 2; enumerated inputs 12; enumerated families 
105; rejected by generic containment 1294; direct cases 1

4. Candidates

1. Candidate
   Symplectic group: C3
   Component: 1; Koike (3.4), generic index 1
   Projective group ID: [ 18, 3 ]
   Strict linear group ID: [ 54, 12 ]
   Generic index: 1
   Generic full linear containment required: false
   Generic full linear containment verified: true
   Direct known case: false
   Source records: [ "C_3_generic=1_family_liftable_nonabelian.docx" ]
   Family number within this input: 1
   Strict cubic invariant dimension: 5
   Centralizer dimension: 4
   Expected moduli dimension: 1
   Determinant image order: 6
   Gonzalez status: passed
   Retained: true
   Gonzalez failure statuses: [  ]
   Matrix generators: 
[ 
  [ [ -5/13, -9/13, 0, 0, 0, 0 ], [ -16/13, 5/13, 0, 0, 0, 0 ], 
      [ 0, 0, 0, 0, 83/69*E(3)^2, 38/69*E(3)^2 ], 
      [ 0, 0, 0, 0, 133/69*E(3)^2, 16/69*E(3)^2 ], 
      [ 0, 0, -8/27*E(3), 19/27*E(3), 0, 0 ], 
      [ 0, 0, 133/54*E(3), -83/54*E(3), 0, 0 ] ], 
  [ [ E(3)^2, 0, 0, 0, 0, 0 ], [ 0, E(3)^2, 0, 0, 0, 0 ], 
      [ 0, 0, -8/69*E(3)+77/69*E(3)^2, 88/69*E(3)-88/69*E(3)^2, 0, 0 ], 
      [ 0, 0, -7/69*E(3)+7/69*E(3)^2, 77/69*E(3)-8/69*E(3)^2, 0, 0 ], 
      [ 0, 0, 0, 0, 20/27*E(3)+7/27*E(3)^2, 2/27*E(3)-2/27*E(3)^2 ], 
      [ 0, 0, 0, 0, 70/27*E(3)-70/27*E(3)^2, 7/27*E(3)+20/27*E(3)^2 ] ], 
  [ [ 1, 0, 0, 0, 0, 0 ], [ 0, 1, 0, 0, 0, 0 ], [ 0, 0, E(3), 0, 0, 0 ], 
      [ 0, 0, 0, E(3), 0, 0 ], [ 0, 0, 0, 0, E(3)^2, 0 ], 
      [ 0, 0, 0, 0, 0, E(3)^2 ] ], 
  [ [ E(3), 0, 0, 0, 0, 0 ], [ 0, E(3), 0, 0, 0, 0 ], [ 0, 0, E(3), 0, 0, 0 ],
      [ 0, 0, 0, E(3), 0, 0 ], [ 0, 0, 0, 0, E(3), 0 ], 
      [ 0, 0, 0, 0, 0, E(3) ] ] ]
   Cubic invariant basis strings: 
[ 
  "(-1925278043/406467072)*x6^3 + (142840051/67744512)*x5*x6^2 + (-488267/33872\
256)*x5^2*x6 + (974947/50808384)*x5^3 + (2203/7744)*x4^3 + (85/88)*x3*x4^2 + x\
3^2*x4", 
  "(1873980913/135489024)*x6^3 + (-97933241/22581504)*x5*x6^2 + (4291777/11290\
752)*x5^2*x6 + (-301001/16936128)*x5^3 + (-595/7744)*x4^3 + (-21/88)*x3*x4^2 +\
 x3^3", 
  "(20/11)*x2*x4*x6 + (-2/11)*x2*x4*x5 + (20)*x2*x3*x6 + (-2)*x2*x3*x5 + (-10/\
11)*x1*x4*x6 + (1/11)*x1*x4*x5 + (-10)*x1*x3*x6 + x1*x3*x5", 
  "(10/9)*x2^3 + (-23/9)*x1*x2^2 + x1^2*x2", 
  "(-4/3)*x2^3 + (-10/3)*x1*x2^2 + x1^3" ]
   Cubic invariant basis vectors: 
[ 
  [ -1925278043/406467072, 142840051/67744512, -488267/33872256, 
      974947/50808384, 0, 0, 0, 0, 0, 2203/7744, 0, 0, 0, 0, 0, 85/88, 0, 0, 
      1, 0, 0, 0, 0, 0, 0, 0, 0, 0, 0, 0, 0, 0, 0, 0, 0, 0, 0, 0, 0, 0, 0, 0, 
      0, 0, 0, 0, 0, 0, 0, 0, 0, 0, 0, 0, 0, 0 ], 
  [ 1873980913/135489024, -97933241/22581504, 4291777/11290752, 
      -301001/16936128, 0, 0, 0, 0, 0, -595/7744, 0, 0, 0, 0, 0, -21/88, 0, 
      0, 0, 1, 0, 0, 0, 0, 0, 0, 0, 0, 0, 0, 0, 0, 0, 0, 0, 0, 0, 0, 0, 0, 0, 
      0, 0, 0, 0, 0, 0, 0, 0, 0, 0, 0, 0, 0, 0, 0 ], 
  [ 0, 0, 0, 0, 0, 0, 0, 0, 0, 0, 0, 0, 0, 0, 0, 0, 0, 0, 0, 0, 0, 0, 0, 
      20/11, -2/11, 0, 20, -2, 0, 0, 0, 0, 0, 0, 0, 0, 0, 0, -10/11, 1/11, 0, 
      -10, 1, 0, 0, 0, 0, 0, 0, 0, 0, 0, 0, 0, 0, 0 ], 
  [ 0, 0, 0, 0, 0, 0, 0, 0, 0, 0, 0, 0, 0, 0, 0, 0, 0, 0, 0, 0, 0, 0, 0, 0, 
      0, 0, 0, 0, 0, 0, 0, 0, 0, 0, 10/9, 0, 0, 0, 0, 0, 0, 0, 0, 0, 0, 0, 0, 
      0, 0, -23/9, 0, 0, 0, 0, 1, 0 ], 
  [ 0, 0, 0, 0, 0, 0, 0, 0, 0, 0, 0, 0, 0, 0, 0, 0, 0, 0, 0, 0, 0, 0, 0, 0, 
      0, 0, 0, 0, 0, 0, 0, 0, 0, 0, -4/3, 0, 0, 0, 0, 0, 0, 0, 0, 0, 0, 0, 0, 
      0, 0, -10/3, 0, 0, 0, 0, 0, 1 ] ]

2. Candidate
   Symplectic group: C3
   Component: 1; Koike (3.4), generic index 1
   Projective group ID: [ 18, 3 ]
   Strict linear group ID: [ 54, 12 ]
   Generic index: 1
   Generic full linear containment required: false
   Generic full linear containment verified: true
   Direct known case: false
   Source records: [ "C_3_generic=1_family_liftable_nonabelian.docx" ]
   Family number within this input: 2
   Strict cubic invariant dimension: 6
   Centralizer dimension: 6
   Expected moduli dimension: 0
   Determinant image order: 6
   Gonzalez status: passed
   Retained: true
   Gonzalez failure statuses: [  ]
   Matrix generators: 
[ 
  [ [ -5/13, -9/13, 0, 0, 0, 0 ], [ -16/13, 5/13, 0, 0, 0, 0 ], 
      [ 0, 0, 0, 0, 83/69*E(3)^2, 38/69*E(3)^2 ], 
      [ 0, 0, 0, 0, 133/69*E(3)^2, 16/69*E(3)^2 ], 
      [ 0, 0, -8/27*E(3), 19/27*E(3), 0, 0 ], 
      [ 0, 0, 133/54*E(3), -83/54*E(3), 0, 0 ] ], 
  [ [ E(3)^2, 0, 0, 0, 0, 0 ], [ 0, E(3)^2, 0, 0, 0, 0 ], 
      [ 0, 0, E(3), 0, 0, 0 ], [ 0, 0, 0, E(3), 0, 0 ], 
      [ 0, 0, 0, 0, E(3), 0 ], [ 0, 0, 0, 0, 0, E(3) ] ], 
  [ [ 1, 0, 0, 0, 0, 0 ], [ 0, 1, 0, 0, 0, 0 ], [ 0, 0, E(3), 0, 0, 0 ], 
      [ 0, 0, 0, E(3), 0, 0 ], [ 0, 0, 0, 0, E(3)^2, 0 ], 
      [ 0, 0, 0, 0, 0, E(3)^2 ] ], 
  [ [ E(3), 0, 0, 0, 0, 0 ], [ 0, E(3), 0, 0, 0, 0 ], [ 0, 0, E(3), 0, 0, 0 ],
      [ 0, 0, 0, E(3), 0, 0 ], [ 0, 0, 0, 0, E(3), 0 ], 
      [ 0, 0, 0, 0, 0, E(3) ] ] ]
   Cubic invariant basis strings: 
[ 
  "(-571787/157464)*x6^3 + (130891/26244)*x5*x6^2 + (-29963/13122)*x5^2*x6 + (6\
859/19683)*x5^3 + x4^3", 
  "(916237/157464)*x6^3 + (-79099/13122)*x5*x6^2 + (24415/13122)*x5^2*x6 + (-2\
888/19683)*x5^3 + x3*x4^2", 
  "(-1468187/157464)*x6^3 + (170905/26244)*x5*x6^2 + (-7624/6561)*x5^2*x6 + (1\
216/19683)*x5^3 + x3^2*x4", 
  "(2352637/157464)*x6^3 + (-35378/6561)*x5*x6^2 + (4256/6561)*x5^2*x6 + (-512\
/19683)*x5^3 + x3^3", "(10/9)*x2^3 + (-23/9)*x1*x2^2 + x1^2*x2", 
  "(-4/3)*x2^3 + (-10/3)*x1*x2^2 + x1^3" ]
   Cubic invariant basis vectors: 
[ [ -571787/157464, 130891/26244, -29963/13122, 6859/19683, 0, 0, 0, 0, 0, 1, 
      0, 0, 0, 0, 0, 0, 0, 0, 0, 0, 0, 0, 0, 0, 0, 0, 0, 0, 0, 0, 0, 0, 0, 0, 
      0, 0, 0, 0, 0, 0, 0, 0, 0, 0, 0, 0, 0, 0, 0, 0, 0, 0, 0, 0, 0, 0 ], 
  [ 916237/157464, -79099/13122, 24415/13122, -2888/19683, 0, 0, 0, 0, 0, 0, 
      0, 0, 0, 0, 0, 1, 0, 0, 0, 0, 0, 0, 0, 0, 0, 0, 0, 0, 0, 0, 0, 0, 0, 0, 
      0, 0, 0, 0, 0, 0, 0, 0, 0, 0, 0, 0, 0, 0, 0, 0, 0, 0, 0, 0, 0, 0 ], 
  [ -1468187/157464, 170905/26244, -7624/6561, 1216/19683, 0, 0, 0, 0, 0, 0, 
      0, 0, 0, 0, 0, 0, 0, 0, 1, 0, 0, 0, 0, 0, 0, 0, 0, 0, 0, 0, 0, 0, 0, 0, 
      0, 0, 0, 0, 0, 0, 0, 0, 0, 0, 0, 0, 0, 0, 0, 0, 0, 0, 0, 0, 0, 0 ], 
  [ 2352637/157464, -35378/6561, 4256/6561, -512/19683, 0, 0, 0, 0, 0, 0, 0, 
      0, 0, 0, 0, 0, 0, 0, 0, 1, 0, 0, 0, 0, 0, 0, 0, 0, 0, 0, 0, 0, 0, 0, 0, 
      0, 0, 0, 0, 0, 0, 0, 0, 0, 0, 0, 0, 0, 0, 0, 0, 0, 0, 0, 0, 0 ], 
  [ 0, 0, 0, 0, 0, 0, 0, 0, 0, 0, 0, 0, 0, 0, 0, 0, 0, 0, 0, 0, 0, 0, 0, 0, 
      0, 0, 0, 0, 0, 0, 0, 0, 0, 0, 10/9, 0, 0, 0, 0, 0, 0, 0, 0, 0, 0, 0, 0, 
      0, 0, -23/9, 0, 0, 0, 0, 1, 0 ], 
  [ 0, 0, 0, 0, 0, 0, 0, 0, 0, 0, 0, 0, 0, 0, 0, 0, 0, 0, 0, 0, 0, 0, 0, 0, 
      0, 0, 0, 0, 0, 0, 0, 0, 0, 0, -4/3, 0, 0, 0, 0, 0, 0, 0, 0, 0, 0, 0, 0, 
      0, 0, -10/3, 0, 0, 0, 0, 0, 1 ] ]

3. Candidate
   Symplectic group: C3
   Component: 1; Koike (3.4), generic index 1
   Projective group ID: [ 18, 3 ]
   Strict linear group ID: [ 54, 12 ]
   Generic index: 1
   Generic full linear containment required: false
   Generic full linear containment verified: true
   Direct known case: false
   Source records: [ "C_3_generic=1_family_liftable_nonabelian.docx" ]
   Family number within this input: 3
   Strict cubic invariant dimension: 8
   Centralizer dimension: 6
   Expected moduli dimension: 2
   Determinant image order: 6
   Gonzalez status: passed
   Retained: true
   Gonzalez failure statuses: [  ]
   Matrix generators: 
[ 
  [ [ 5/13, 9/13, 0, 0, 0, 0 ], [ 16/13, -5/13, 0, 0, 0, 0 ], 
      [ 0, 0, 0, 0, 83/69*E(3)^2, 38/69*E(3)^2 ], 
      [ 0, 0, 0, 0, 133/69*E(3)^2, 16/69*E(3)^2 ], 
      [ 0, 0, -8/27*E(3), 19/27*E(3), 0, 0 ], 
      [ 0, 0, 133/54*E(3), -83/54*E(3), 0, 0 ] ], 
  [ [ 4/13*E(3)+9/13*E(3)^2, -9/26*E(3)+9/26*E(3)^2, 0, 0, 0, 0 ], 
      [ -8/13*E(3)+8/13*E(3)^2, 9/13*E(3)+4/13*E(3)^2, 0, 0, 0, 0 ], 
      [ 0, 0, E(3)^2, 0, 0, 0 ], [ 0, 0, 0, E(3)^2, 0, 0 ], 
      [ 0, 0, 0, 0, E(3)^2, 0 ], [ 0, 0, 0, 0, 0, E(3)^2 ] ], 
  [ [ 1, 0, 0, 0, 0, 0 ], [ 0, 1, 0, 0, 0, 0 ], [ 0, 0, E(3), 0, 0, 0 ], 
      [ 0, 0, 0, E(3), 0, 0 ], [ 0, 0, 0, 0, E(3)^2, 0 ], 
      [ 0, 0, 0, 0, 0, E(3)^2 ] ], 
  [ [ E(3), 0, 0, 0, 0, 0 ], [ 0, E(3), 0, 0, 0, 0 ], [ 0, 0, E(3), 0, 0, 0 ],
      [ 0, 0, 0, E(3), 0, 0 ], [ 0, 0, 0, 0, E(3), 0 ], 
      [ 0, 0, 0, 0, 0, E(3) ] ] ]
   Cubic invariant basis strings: 
[ 
  "(-571787/157464)*x6^3 + (130891/26244)*x5*x6^2 + (-29963/13122)*x5^2*x6 + (6\
859/19683)*x5^3 + x4^3", 
  "(916237/157464)*x6^3 + (-79099/13122)*x5*x6^2 + (24415/13122)*x5^2*x6 + (-2\
888/19683)*x5^3 + x3*x4^2", 
  "(-1468187/157464)*x6^3 + (170905/26244)*x5*x6^2 + (-7624/6561)*x5^2*x6 + (1\
216/19683)*x5^3 + x3^2*x4", 
  "(2352637/157464)*x6^3 + (-35378/6561)*x5*x6^2 + (4256/6561)*x5^2*x6 + (-512\
/19683)*x5^3 + x3^3", 
  "(-332/171)*x2*x4*x6 + (8/9)*x2*x4*x5 + (-83/38)*x1*x4*x6 + x1*x4*x5", 
  "(64/171)*x2*x4*x6 + (8/9)*x2*x3*x6 + (8/19)*x1*x4*x6 + x1*x3*x6", 
  "(28/9)*x2*x4*x6 + (8/9)*x2*x3*x5 + (7/2)*x1*x4*x6 + x1*x3*x5", 
  "(512/729)*x2^3 + (64/27)*x1*x2^2 + (8/3)*x1^2*x2 + x1^3" ]
   Cubic invariant basis vectors: 
[ [ -571787/157464, 130891/26244, -29963/13122, 6859/19683, 0, 0, 0, 0, 0, 1, 
      0, 0, 0, 0, 0, 0, 0, 0, 0, 0, 0, 0, 0, 0, 0, 0, 0, 0, 0, 0, 0, 0, 0, 0, 
      0, 0, 0, 0, 0, 0, 0, 0, 0, 0, 0, 0, 0, 0, 0, 0, 0, 0, 0, 0, 0, 0 ], 
  [ 916237/157464, -79099/13122, 24415/13122, -2888/19683, 0, 0, 0, 0, 0, 0, 
      0, 0, 0, 0, 0, 1, 0, 0, 0, 0, 0, 0, 0, 0, 0, 0, 0, 0, 0, 0, 0, 0, 0, 0, 
      0, 0, 0, 0, 0, 0, 0, 0, 0, 0, 0, 0, 0, 0, 0, 0, 0, 0, 0, 0, 0, 0 ], 
  [ -1468187/157464, 170905/26244, -7624/6561, 1216/19683, 0, 0, 0, 0, 0, 0, 
      0, 0, 0, 0, 0, 0, 0, 0, 1, 0, 0, 0, 0, 0, 0, 0, 0, 0, 0, 0, 0, 0, 0, 0, 
      0, 0, 0, 0, 0, 0, 0, 0, 0, 0, 0, 0, 0, 0, 0, 0, 0, 0, 0, 0, 0, 0 ], 
  [ 2352637/157464, -35378/6561, 4256/6561, -512/19683, 0, 0, 0, 0, 0, 0, 0, 
      0, 0, 0, 0, 0, 0, 0, 0, 1, 0, 0, 0, 0, 0, 0, 0, 0, 0, 0, 0, 0, 0, 0, 0, 
      0, 0, 0, 0, 0, 0, 0, 0, 0, 0, 0, 0, 0, 0, 0, 0, 0, 0, 0, 0, 0 ], 
  [ 0, 0, 0, 0, 0, 0, 0, 0, 0, 0, 0, 0, 0, 0, 0, 0, 0, 0, 0, 0, 0, 0, 0, 
      -332/171, 8/9, 0, 0, 0, 0, 0, 0, 0, 0, 0, 0, 0, 0, 0, -83/38, 1, 0, 0, 
      0, 0, 0, 0, 0, 0, 0, 0, 0, 0, 0, 0, 0, 0 ], 
  [ 0, 0, 0, 0, 0, 0, 0, 0, 0, 0, 0, 0, 0, 0, 0, 0, 0, 0, 0, 0, 0, 0, 0, 
      64/171, 0, 0, 8/9, 0, 0, 0, 0, 0, 0, 0, 0, 0, 0, 0, 8/19, 0, 0, 1, 0, 
      0, 0, 0, 0, 0, 0, 0, 0, 0, 0, 0, 0, 0 ], 
  [ 0, 0, 0, 0, 0, 0, 0, 0, 0, 0, 0, 0, 0, 0, 0, 0, 0, 0, 0, 0, 0, 0, 0, 
      28/9, 0, 0, 0, 8/9, 0, 0, 0, 0, 0, 0, 0, 0, 0, 0, 7/2, 0, 0, 0, 1, 0, 
      0, 0, 0, 0, 0, 0, 0, 0, 0, 0, 0, 0 ], 
  [ 0, 0, 0, 0, 0, 0, 0, 0, 0, 0, 0, 0, 0, 0, 0, 0, 0, 0, 0, 0, 0, 0, 0, 0, 
      0, 0, 0, 0, 0, 0, 0, 0, 0, 0, 512/729, 0, 0, 0, 0, 0, 0, 0, 0, 0, 0, 0, 
      0, 0, 0, 64/27, 0, 0, 0, 0, 8/3, 1 ] ]

4. Candidate
   Symplectic group: C3
   Component: 1; Koike (3.4), generic index 1
   Projective group ID: [ 18, 3 ]
   Strict linear group ID: [ 54, 12 ]
   Generic index: 1
   Generic full linear containment required: false
   Generic full linear containment verified: true
   Direct known case: false
   Source records: [ "C_3_generic=1_family_liftable_nonabelian.docx" ]
   Family number within this input: 4
   Strict cubic invariant dimension: 6
   Centralizer dimension: 6
   Expected moduli dimension: 0
   Determinant image order: 6
   Gonzalez status: passed
   Retained: true
   Gonzalez failure statuses: [  ]
   Matrix generators: 
[ 
  [ [ 5/13, 9/13, 0, 0, 0, 0 ], [ 16/13, -5/13, 0, 0, 0, 0 ], 
      [ 0, 0, 0, 0, 83/69*E(3)^2, 38/69*E(3)^2 ], 
      [ 0, 0, 0, 0, 133/69*E(3)^2, 16/69*E(3)^2 ], 
      [ 0, 0, -8/27*E(3), 19/27*E(3), 0, 0 ], 
      [ 0, 0, 133/54*E(3), -83/54*E(3), 0, 0 ] ], 
  [ [ 4/13*E(3)+9/13*E(3)^2, -9/26*E(3)+9/26*E(3)^2, 0, 0, 0, 0 ], 
      [ -8/13*E(3)+8/13*E(3)^2, 9/13*E(3)+4/13*E(3)^2, 0, 0, 0, 0 ], 
      [ 0, 0, E(3), 0, 0, 0 ], [ 0, 0, 0, E(3), 0, 0 ], 
      [ 0, 0, 0, 0, E(3), 0 ], [ 0, 0, 0, 0, 0, E(3) ] ], 
  [ [ 1, 0, 0, 0, 0, 0 ], [ 0, 1, 0, 0, 0, 0 ], [ 0, 0, E(3), 0, 0, 0 ], 
      [ 0, 0, 0, E(3), 0, 0 ], [ 0, 0, 0, 0, E(3)^2, 0 ], 
      [ 0, 0, 0, 0, 0, E(3)^2 ] ], 
  [ [ E(3), 0, 0, 0, 0, 0 ], [ 0, E(3), 0, 0, 0, 0 ], [ 0, 0, E(3), 0, 0, 0 ],
      [ 0, 0, 0, E(3), 0, 0 ], [ 0, 0, 0, 0, E(3), 0 ], 
      [ 0, 0, 0, 0, 0, E(3) ] ] ]
   Cubic invariant basis strings: 
[ 
  "(-571787/157464)*x6^3 + (130891/26244)*x5*x6^2 + (-29963/13122)*x5^2*x6 + (6\
859/19683)*x5^3 + x4^3", 
  "(916237/157464)*x6^3 + (-79099/13122)*x5*x6^2 + (24415/13122)*x5^2*x6 + (-2\
888/19683)*x5^3 + x3*x4^2", 
  "(-1468187/157464)*x6^3 + (170905/26244)*x5*x6^2 + (-7624/6561)*x5^2*x6 + (1\
216/19683)*x5^3 + x3^2*x4", 
  "(2352637/157464)*x6^3 + (-35378/6561)*x5*x6^2 + (4256/6561)*x5^2*x6 + (-512\
/19683)*x5^3 + x3^3", 
  "(7)*x2*x4*x6 + (-16/19)*x2*x4*x5 + (83/19)*x2*x3*x6 + (-2)*x2*x3*x5 + (-7/2\
)*x1*x4*x6 + (8/19)*x1*x4*x5 + (-83/38)*x1*x3*x6 + x1*x3*x5", 
  "(512/729)*x2^3 + (64/27)*x1*x2^2 + (8/3)*x1^2*x2 + x1^3" ]
   Cubic invariant basis vectors: 
[ [ -571787/157464, 130891/26244, -29963/13122, 6859/19683, 0, 0, 0, 0, 0, 1, 
      0, 0, 0, 0, 0, 0, 0, 0, 0, 0, 0, 0, 0, 0, 0, 0, 0, 0, 0, 0, 0, 0, 0, 0, 
      0, 0, 0, 0, 0, 0, 0, 0, 0, 0, 0, 0, 0, 0, 0, 0, 0, 0, 0, 0, 0, 0 ], 
  [ 916237/157464, -79099/13122, 24415/13122, -2888/19683, 0, 0, 0, 0, 0, 0, 
      0, 0, 0, 0, 0, 1, 0, 0, 0, 0, 0, 0, 0, 0, 0, 0, 0, 0, 0, 0, 0, 0, 0, 0, 
      0, 0, 0, 0, 0, 0, 0, 0, 0, 0, 0, 0, 0, 0, 0, 0, 0, 0, 0, 0, 0, 0 ], 
  [ -1468187/157464, 170905/26244, -7624/6561, 1216/19683, 0, 0, 0, 0, 0, 0, 
      0, 0, 0, 0, 0, 0, 0, 0, 1, 0, 0, 0, 0, 0, 0, 0, 0, 0, 0, 0, 0, 0, 0, 0, 
      0, 0, 0, 0, 0, 0, 0, 0, 0, 0, 0, 0, 0, 0, 0, 0, 0, 0, 0, 0, 0, 0 ], 
  [ 2352637/157464, -35378/6561, 4256/6561, -512/19683, 0, 0, 0, 0, 0, 0, 0, 
      0, 0, 0, 0, 0, 0, 0, 0, 1, 0, 0, 0, 0, 0, 0, 0, 0, 0, 0, 0, 0, 0, 0, 0, 
      0, 0, 0, 0, 0, 0, 0, 0, 0, 0, 0, 0, 0, 0, 0, 0, 0, 0, 0, 0, 0 ], 
  [ 0, 0, 0, 0, 0, 0, 0, 0, 0, 0, 0, 0, 0, 0, 0, 0, 0, 0, 0, 0, 0, 0, 0, 7, 
      -16/19, 0, 83/19, -2, 0, 0, 0, 0, 0, 0, 0, 0, 0, 0, -7/2, 8/19, 0, 
      -83/38, 1, 0, 0, 0, 0, 0, 0, 0, 0, 0, 0, 0, 0, 0 ], 
  [ 0, 0, 0, 0, 0, 0, 0, 0, 0, 0, 0, 0, 0, 0, 0, 0, 0, 0, 0, 0, 0, 0, 0, 0, 
      0, 0, 0, 0, 0, 0, 0, 0, 0, 0, 512/729, 0, 0, 0, 0, 0, 0, 0, 0, 0, 0, 0, 
      0, 0, 0, 64/27, 0, 0, 0, 0, 8/3, 1 ] ]

5. Candidate
   Symplectic group: C3
   Component: 1; Koike (3.4), generic index 1
   Projective group ID: [ 18, 3 ]
   Strict linear group ID: [ 54, 12 ]
   Generic index: 1
   Generic full linear containment required: false
   Generic full linear containment verified: true
   Direct known case: false
   Source records: [ "C_3_generic=1_family_liftable_nonabelian.docx" ]
   Family number within this input: 5
   Strict cubic invariant dimension: 5
   Centralizer dimension: 4
   Expected moduli dimension: 1
   Determinant image order: 6
   Gonzalez status: passed
   Retained: true
   Gonzalez failure statuses: [  ]
   Matrix generators: 
[ 
  [ [ 5/13, 9/13, 0, 0, 0, 0 ], [ 16/13, -5/13, 0, 0, 0, 0 ], 
      [ 0, 0, 0, 0, -160/69*E(3)-79/23*E(3)^2, -16/69*E(3)+2/23*E(3)^2 ], 
      [ 0, 0, 0, 0, -140/69*E(3)-49/23*E(3)^2, -14/69*E(3)-4/23*E(3)^2 ], 
      [ 0, 0, -2/9*E(3)+1/27*E(3)^2, -1/9*E(3)-11/27*E(3)^2, 0, 0 ], 
      [ 0, 0, 49/18*E(3)+7/54*E(3)^2, -79/18*E(3)-77/54*E(3)^2, 0, 0 ] ], 
  [ [ 4/13*E(3)+9/13*E(3)^2, -9/26*E(3)+9/26*E(3)^2, 0, 0, 0, 0 ], 
      [ -8/13*E(3)+8/13*E(3)^2, 9/13*E(3)+4/13*E(3)^2, 0, 0, 0, 0 ], 
      [ 0, 0, 8/69*E(3)+85/69*E(3)^2, -88/69*E(3)-176/69*E(3)^2, 0, 0 ], 
      [ 0, 0, 7/69*E(3)+14/69*E(3)^2, -77/69*E(3)-85/69*E(3)^2, 0, 0 ], 
      [ 0, 0, 0, 0, -20/27*E(3)-13/27*E(3)^2, -2/27*E(3)-4/27*E(3)^2 ], 
      [ 0, 0, 0, 0, -70/27*E(3)-140/27*E(3)^2, -7/27*E(3)+13/27*E(3)^2 ] ], 
  [ [ 1, 0, 0, 0, 0, 0 ], [ 0, 1, 0, 0, 0, 0 ], [ 0, 0, E(3), 0, 0, 0 ], 
      [ 0, 0, 0, E(3), 0, 0 ], [ 0, 0, 0, 0, E(3)^2, 0 ], 
      [ 0, 0, 0, 0, 0, E(3)^2 ] ], 
  [ [ E(3), 0, 0, 0, 0, 0 ], [ 0, E(3), 0, 0, 0, 0 ], [ 0, 0, E(3), 0, 0, 0 ],
      [ 0, 0, 0, E(3), 0, 0 ], [ 0, 0, 0, 0, E(3), 0 ], 
      [ 0, 0, 0, 0, 0, E(3) ] ] ]
   Cubic invariant basis strings: 
[ 
  "(-1925278043/406467072)*x6^3 + (142840051/67744512)*x5*x6^2 + (-488267/33872\
256)*x5^2*x6 + (974947/50808384)*x5^3 + (2203/7744)*x4^3 + (85/88)*x3*x4^2 + x\
3^2*x4", 
  "(1873980913/135489024)*x6^3 + (-97933241/22581504)*x5*x6^2 + (4291777/11290\
752)*x5^2*x6 + (-301001/16936128)*x5^3 + (-595/7744)*x4^3 + (-21/88)*x3*x4^2 +\
 x3^3", 
  "(9542/9801*E(3)-34/2673*E(3)^2)*x2*x4*x6 + (-776/9801*E(3)+52/2673*E(3)^2)*\
x2*x4*x5 + (1262/891*E(3)-34/243*E(3)^2)*x2*x3*x6 + (52/891*E(3)+52/243*E(3)^2\
)*x2*x3*x5 + (-559/1089*E(3)-1/11*E(3)^2)*x1*x4*x6 + (46/1089*E(3))*x1*x4*x5 +\
 x1*x3*x6", 
  "(103340/9801*E(3)+1820/2673*E(3)^2)*x2*x4*x6 + (-8552/9801*E(3)+304/2673*E(\
3)^2)*x2*x4*x5 + (20540/891*E(3)+1820/243*E(3)^2)*x2*x3*x6 + (-272/891*E(3)+30\
4/243*E(3)^2)*x2*x3*x5 + (-4600/1089*E(3))*x1*x4*x6 + (361/1089*E(3)-1/11*E(3)\
^2)*x1*x4*x5 + x1*x3*x5", 
  "(512/729)*x2^3 + (64/27)*x1*x2^2 + (8/3)*x1^2*x2 + x1^3" ]
   Cubic invariant basis vectors: 
[ 
  [ -1925278043/406467072, 142840051/67744512, -488267/33872256, 
      974947/50808384, 0, 0, 0, 0, 0, 2203/7744, 0, 0, 0, 0, 0, 85/88, 0, 0, 
      1, 0, 0, 0, 0, 0, 0, 0, 0, 0, 0, 0, 0, 0, 0, 0, 0, 0, 0, 0, 0, 0, 0, 0, 
      0, 0, 0, 0, 0, 0, 0, 0, 0, 0, 0, 0, 0, 0 ], 
  [ 1873980913/135489024, -97933241/22581504, 4291777/11290752, 
      -301001/16936128, 0, 0, 0, 0, 0, -595/7744, 0, 0, 0, 0, 0, -21/88, 0, 
      0, 0, 1, 0, 0, 0, 0, 0, 0, 0, 0, 0, 0, 0, 0, 0, 0, 0, 0, 0, 0, 0, 0, 0, 
      0, 0, 0, 0, 0, 0, 0, 0, 0, 0, 0, 0, 0, 0, 0 ], 
  [ 0, 0, 0, 0, 0, 0, 0, 0, 0, 0, 0, 0, 0, 0, 0, 0, 0, 0, 0, 0, 0, 0, 0, 
      9542/9801*E(3)-34/2673*E(3)^2, -776/9801*E(3)+52/2673*E(3)^2, 0, 
      1262/891*E(3)-34/243*E(3)^2, 52/891*E(3)+52/243*E(3)^2, 0, 0, 0, 0, 0, 
      0, 0, 0, 0, 0, -559/1089*E(3)-1/11*E(3)^2, 46/1089*E(3), 0, 1, 0, 0, 0, 
      0, 0, 0, 0, 0, 0, 0, 0, 0, 0, 0 ], 
  [ 0, 0, 0, 0, 0, 0, 0, 0, 0, 0, 0, 0, 0, 0, 0, 0, 0, 0, 0, 0, 0, 0, 0, 
      103340/9801*E(3)+1820/2673*E(3)^2, -8552/9801*E(3)+304/2673*E(3)^2, 0, 
      20540/891*E(3)+1820/243*E(3)^2, -272/891*E(3)+304/243*E(3)^2, 0, 0, 0, 
      0, 0, 0, 0, 0, 0, 0, -4600/1089*E(3), 361/1089*E(3)-1/11*E(3)^2, 0, 0, 
      1, 0, 0, 0, 0, 0, 0, 0, 0, 0, 0, 0, 0, 0 ], 
  [ 0, 0, 0, 0, 0, 0, 0, 0, 0, 0, 0, 0, 0, 0, 0, 0, 0, 0, 0, 0, 0, 0, 0, 0, 
      0, 0, 0, 0, 0, 0, 0, 0, 0, 0, 512/729, 0, 0, 0, 0, 0, 0, 0, 0, 0, 0, 0, 
      0, 0, 0, 64/27, 0, 0, 0, 0, 8/3, 1 ] ]

6. Candidate
   Symplectic group: C3
   Component: 1; Koike (3.4), generic index 1
   Projective group ID: [ 18, 3 ]
   Strict linear group ID: [ 54, 12 ]
   Generic index: 1
   Generic full linear containment required: false
   Generic full linear containment verified: true
   Direct known case: false
   Source records: [ "C_3_generic=1_family_liftable_nonabelian.docx" ]
   Family number within this input: 6
   Strict cubic invariant dimension: 4
   Centralizer dimension: 4
   Expected moduli dimension: 0
   Determinant image order: 6
   Gonzalez status: passed
   Retained: true
   Gonzalez failure statuses: [  ]
   Matrix generators: 
[ 
  [ [ 5/13, 9/13, 0, 0, 0, 0 ], [ 16/13, -5/13, 0, 0, 0, 0 ], 
      [ 0, 0, 0, 0, -160/69*E(3)-79/23*E(3)^2, -16/69*E(3)+2/23*E(3)^2 ], 
      [ 0, 0, 0, 0, -140/69*E(3)-49/23*E(3)^2, -14/69*E(3)-4/23*E(3)^2 ], 
      [ 0, 0, -2/9*E(3)+1/27*E(3)^2, -1/9*E(3)-11/27*E(3)^2, 0, 0 ], 
      [ 0, 0, 49/18*E(3)+7/54*E(3)^2, -79/18*E(3)-77/54*E(3)^2, 0, 0 ] ], 
  [ [ 4/13*E(3)+9/13*E(3)^2, -9/26*E(3)+9/26*E(3)^2, 0, 0, 0, 0 ], 
      [ -8/13*E(3)+8/13*E(3)^2, 9/13*E(3)+4/13*E(3)^2, 0, 0, 0, 0 ], 
      [ 0, 0, 85/69*E(3)+8/69*E(3)^2, -176/69*E(3)-88/69*E(3)^2, 0, 0 ], 
      [ 0, 0, 14/69*E(3)+7/69*E(3)^2, -85/69*E(3)-77/69*E(3)^2, 0, 0 ], 
      [ 0, 0, 0, 0, -13/27*E(3)-20/27*E(3)^2, -4/27*E(3)-2/27*E(3)^2 ], 
      [ 0, 0, 0, 0, -140/27*E(3)-70/27*E(3)^2, 13/27*E(3)-7/27*E(3)^2 ] ], 
  [ [ 1, 0, 0, 0, 0, 0 ], [ 0, 1, 0, 0, 0, 0 ], [ 0, 0, E(3), 0, 0, 0 ], 
      [ 0, 0, 0, E(3), 0, 0 ], [ 0, 0, 0, 0, E(3)^2, 0 ], 
      [ 0, 0, 0, 0, 0, E(3)^2 ] ], 
  [ [ E(3), 0, 0, 0, 0, 0 ], [ 0, E(3), 0, 0, 0, 0 ], [ 0, 0, E(3), 0, 0, 0 ],
      [ 0, 0, 0, E(3), 0, 0 ], [ 0, 0, 0, 0, E(3), 0 ], 
      [ 0, 0, 0, 0, 0, E(3) ] ] ]
   Cubic invariant basis strings: 
[ 
  "(-1925278043/406467072)*x6^3 + (142840051/67744512)*x5*x6^2 + (-488267/33872\
256)*x5^2*x6 + (974947/50808384)*x5^3 + (2203/7744)*x4^3 + (85/88)*x3*x4^2 + x\
3^2*x4", 
  "(1873980913/135489024)*x6^3 + (-97933241/22581504)*x5*x6^2 + (4291777/11290\
752)*x5^2*x6 + (-301001/16936128)*x5^3 + (-595/7744)*x4^3 + (-21/88)*x3*x4^2 +\
 x3^3", 
  "(164/39*E(3)+188/117*E(3)^2)*x2*x4*x6 + (-128/273*E(3)-200/819*E(3)^2)*x2*x\
4*x5 + (2924/819*E(3)-244/819*E(3)^2)*x2*x3*x6 + (8/9)*x2*x3*x5 + (123/26*E(3)\
+47/26*E(3)^2)*x1*x4*x6 + (-48/91*E(3)-25/91*E(3)^2)*x1*x4*x5 + (731/182*E(3)-\
61/182*E(3)^2)*x1*x3*x6 + x1*x3*x5", 
  "(512/729)*x2^3 + (64/27)*x1*x2^2 + (8/3)*x1^2*x2 + x1^3" ]
   Cubic invariant basis vectors: 
[ 
  [ -1925278043/406467072, 142840051/67744512, -488267/33872256, 
      974947/50808384, 0, 0, 0, 0, 0, 2203/7744, 0, 0, 0, 0, 0, 85/88, 0, 0, 
      1, 0, 0, 0, 0, 0, 0, 0, 0, 0, 0, 0, 0, 0, 0, 0, 0, 0, 0, 0, 0, 0, 0, 0, 
      0, 0, 0, 0, 0, 0, 0, 0, 0, 0, 0, 0, 0, 0 ], 
  [ 1873980913/135489024, -97933241/22581504, 4291777/11290752, 
      -301001/16936128, 0, 0, 0, 0, 0, -595/7744, 0, 0, 0, 0, 0, -21/88, 0, 
      0, 0, 1, 0, 0, 0, 0, 0, 0, 0, 0, 0, 0, 0, 0, 0, 0, 0, 0, 0, 0, 0, 0, 0, 
      0, 0, 0, 0, 0, 0, 0, 0, 0, 0, 0, 0, 0, 0, 0 ], 
  [ 0, 0, 0, 0, 0, 0, 0, 0, 0, 0, 0, 0, 0, 0, 0, 0, 0, 0, 0, 0, 0, 0, 0, 
      164/39*E(3)+188/117*E(3)^2, -128/273*E(3)-200/819*E(3)^2, 0, 
      2924/819*E(3)-244/819*E(3)^2, 8/9, 0, 0, 0, 0, 0, 0, 0, 0, 0, 0, 
      123/26*E(3)+47/26*E(3)^2, -48/91*E(3)-25/91*E(3)^2, 0, 
      731/182*E(3)-61/182*E(3)^2, 1, 0, 0, 0, 0, 0, 0, 0, 0, 0, 0, 0, 0, 0 ], 
  [ 0, 0, 0, 0, 0, 0, 0, 0, 0, 0, 0, 0, 0, 0, 0, 0, 0, 0, 0, 0, 0, 0, 0, 0, 
      0, 0, 0, 0, 0, 0, 0, 0, 0, 0, 512/729, 0, 0, 0, 0, 0, 0, 0, 0, 0, 0, 0, 
      0, 0, 0, 64/27, 0, 0, 0, 0, 8/3, 1 ] ]

7. Candidate
   Symplectic group: C3
   Component: 1; Koike (3.4), generic index 1
   Projective group ID: [ 18, 3 ]
   Strict linear group ID: [ 54, 4 ]
   Generic index: 1
   Generic full linear containment required: false
   Generic full linear containment verified: true
   Direct known case: false
   Source records: [ "C_3_generic=1_family_liftable_nonabelian.docx" ]
   Family number within this input: 7
   Strict cubic invariant dimension: 4
   Centralizer dimension: 4
   Expected moduli dimension: 0
   Determinant image order: 6
   Gonzalez status: rejected
   Retained: false
   Gonzalez failure statuses: [ "forbidden_strict_invariant_spectrum", 
  "forbidden_strict_invariant_spectrum", "forbidden_strict_invariant_spectrum"
    , "forbidden_strict_invariant_spectrum", 
  "forbidden_strict_invariant_spectrum", 
  "forbidden_strict_invariant_spectrum" ]
   Matrix generators: 
[ 
  [ [ 5/13, 9/13, 0, 0, 0, 0 ], [ 16/13, -5/13, 0, 0, 0, 0 ], 
      [ 0, 0, 0, 0, 160/69*E(3)-77/69*E(3)^2, 16/69*E(3)+22/69*E(3)^2 ], 
      [ 0, 0, 0, 0, 140/69*E(3)-7/69*E(3)^2, 14/69*E(3)+2/69*E(3)^2 ], 
      [ 0, 0, -7/27*E(3)-1/27*E(3)^2, 8/27*E(3)+11/27*E(3)^2, 0, 0 ], 
      [ 0, 0, 70/27*E(3)-7/54*E(3)^2, -80/27*E(3)+77/54*E(3)^2, 0, 0 ] ], 
  [ [ -9/13*E(9)^2-5/13*E(9)^5, -9/26*E(9)^2-9/13*E(9)^5, 0, 0, 0, 0 ], 
      [ -8/13*E(9)^2-16/13*E(9)^5, -4/13*E(9)^2+5/13*E(9)^5, 0, 0, 0, 0 ], 
      [ 0, 0, -77/69*E(9)^2-85/69*E(9)^5, 88/69*E(9)^2+176/69*E(9)^5, 0, 0 ], 
      [ 0, 0, -7/69*E(9)^2-14/69*E(9)^5, 8/69*E(9)^2+85/69*E(9)^5, 0, 0 ], 
      [ 0, 0, 0, 0, -7/27*E(9)^2+13/27*E(9)^5, 2/27*E(9)^2+4/27*E(9)^5 ], 
      [ 0, 0, 0, 0, 70/27*E(9)^2+140/27*E(9)^5, -20/27*E(9)^2-13/27*E(9)^5 ] ]
    , [ [ 1, 0, 0, 0, 0, 0 ], [ 0, 1, 0, 0, 0, 0 ], [ 0, 0, E(3), 0, 0, 0 ], 
      [ 0, 0, 0, E(3), 0, 0 ], [ 0, 0, 0, 0, E(3)^2, 0 ], 
      [ 0, 0, 0, 0, 0, E(3)^2 ] ], 
  [ [ E(3), 0, 0, 0, 0, 0 ], [ 0, E(3), 0, 0, 0, 0 ], [ 0, 0, E(3), 0, 0, 0 ],
      [ 0, 0, 0, E(3), 0, 0 ], [ 0, 0, 0, 0, E(3), 0 ], 
      [ 0, 0, 0, 0, 0, E(3) ] ] ]
   Cubic invariant basis strings: 
[ 
  "(2980915/1026432*E(3)^2)*x6^3 + (85169/62208*E(3)^2)*x5*x6^2 + (12167/171072\
*E(3)^2)*x5^2*x6 + (-12167/513216*E(3)^2)*x5^3 + (49/704)*x4^3 + (651/704)*x3*\
x4^2 + (81/44)*x3^2*x4 + x3^3", 
  "(931/648*E(3)+266/243*E(3)^2)*x2*x4*x6 + (-29/324*E(3)-91/486*E(3)^2)*x2*x4\
*x5 + (739/324*E(3)+304/243*E(3)^2)*x2*x3*x6 + (13/162*E(3)-52/243*E(3)^2)*x2*\
x3*x5 + (-343/576*E(3)-7/8*E(3)^2)*x1*x4*x6 + (23/288*E(3))*x1*x4*x5 + x1*x3*x\
6", 
  "(-10045/1296*E(3)-3185/486*E(3)^2)*x2*x4*x6 + (-301/648*E(3)-119/972*E(3)^2\
)*x2*x4*x5 + (-7189/648*E(3)-1820/243*E(3)^2)*x2*x3*x6 + (-379/324*E(3)-34/243\
*E(3)^2)*x2*x3*x5 + (-1127/1152*E(3))*x1*x4*x6 + (-665/576*E(3)-7/8*E(3)^2)*x1\
*x4*x5 + x1*x3*x5", "(32/9)*x2^3 + (4/9)*x1*x2^2 + (-28/9)*x1^2*x2 + x1^3" ]
   Cubic invariant basis vectors: 
[ [ 2980915/1026432*E(3)^2, 85169/62208*E(3)^2, 12167/171072*E(3)^2, 
      -12167/513216*E(3)^2, 0, 0, 0, 0, 0, 49/704, 0, 0, 0, 0, 0, 651/704, 0, 
      0, 81/44, 1, 0, 0, 0, 0, 0, 0, 0, 0, 0, 0, 0, 0, 0, 0, 0, 0, 0, 0, 0, 
      0, 0, 0, 0, 0, 0, 0, 0, 0, 0, 0, 0, 0, 0, 0, 0, 0 ], 
  [ 0, 0, 0, 0, 0, 0, 0, 0, 0, 0, 0, 0, 0, 0, 0, 0, 0, 0, 0, 0, 0, 0, 0, 
      931/648*E(3)+266/243*E(3)^2, -29/324*E(3)-91/486*E(3)^2, 0, 
      739/324*E(3)+304/243*E(3)^2, 13/162*E(3)-52/243*E(3)^2, 0, 0, 0, 0, 0, 
      0, 0, 0, 0, 0, -343/576*E(3)-7/8*E(3)^2, 23/288*E(3), 0, 1, 0, 0, 0, 0, 
      0, 0, 0, 0, 0, 0, 0, 0, 0, 0 ], 
  [ 0, 0, 0, 0, 0, 0, 0, 0, 0, 0, 0, 0, 0, 0, 0, 0, 0, 0, 0, 0, 0, 0, 0, 
      -10045/1296*E(3)-3185/486*E(3)^2, -301/648*E(3)-119/972*E(3)^2, 0, 
      -7189/648*E(3)-1820/243*E(3)^2, -379/324*E(3)-34/243*E(3)^2, 0, 0, 0, 
      0, 0, 0, 0, 0, 0, 0, -1127/1152*E(3), -665/576*E(3)-7/8*E(3)^2, 0, 0, 
      1, 0, 0, 0, 0, 0, 0, 0, 0, 0, 0, 0, 0, 0 ], 
  [ 0, 0, 0, 0, 0, 0, 0, 0, 0, 0, 0, 0, 0, 0, 0, 0, 0, 0, 0, 0, 0, 0, 0, 0, 
      0, 0, 0, 0, 0, 0, 0, 0, 0, 0, 32/9, 0, 0, 0, 0, 0, 0, 0, 0, 0, 0, 0, 0, 
      0, 0, 4/9, 0, 0, 0, 0, -28/9, 1 ] ]
   Gonzalez failures: [ rec(
      applicable := true,
      classIndex := 11,
      classSize := 1,
      linearOrder := 9,
      normalizingScalar := 1,
      ok := false,
      projectiveOrder := 3,
      projectivePowerScalar := E(3)^2,
      projectivePowerScalarExponent := 2,
      reason := "no_Gonzalez_strict_invariant_pattern_matches",
      status := "forbidden_strict_invariant_spectrum",
      testedCharacteristicPolynomial := 
       x1^6+3*E(9)^2*x1^5+6*E(9)^4*x1^4+7*E(3)^2*x1^3+(-6*E(9)^2-6*E(9)^5)*x1^\
2+(-3*E(9)^4-3*E(9)^7)*x1+E(3) ), rec(
      applicable := true,
      classIndex := 15,
      classSize := 1,
      linearOrder := 9,
      normalizingScalar := 1,
      ok := false,
      projectiveOrder := 3,
      projectivePowerScalar := E(3),
      projectivePowerScalarExponent := 1,
      reason := "no_Gonzalez_strict_invariant_pattern_matches",
      status := "forbidden_strict_invariant_spectrum",
      testedCharacteristicPolynomial := 
       x1^6+3*E(9)^7*x1^5+6*E(9)^5*x1^4+7*E(3)*x1^3+(-6*E(9)^4-6*E(9)^7)*x1^2+\
(-3*E(9)^2-3*E(9)^5)*x1+E(3)^2 ), rec(
      applicable := true,
      classIndex := 18,
      classSize := 1,
      linearOrder := 9,
      normalizingScalar := 1,
      ok := false,
      projectiveOrder := 3,
      projectivePowerScalar := E(3),
      projectivePowerScalarExponent := 1,
      reason := "no_Gonzalez_strict_invariant_pattern_matches",
      status := "forbidden_strict_invariant_spectrum",
      testedCharacteristicPolynomial := 
       x1^6+3*E(9)^4*x1^5+(-6*E(9)^2-6*E(9)^5)*x1^4+7*E(3)*x1^3+6*E(9)^7*x1^2+\
3*E(9)^2*x1+E(3)^2 ), rec(
      applicable := true,
      classIndex := 22,
      classSize := 1,
      linearOrder := 9,
      normalizingScalar := 1,
      ok := false,
      projectiveOrder := 3,
      projectivePowerScalar := E(3),
      projectivePowerScalarExponent := 1,
      reason := "no_Gonzalez_strict_invariant_pattern_matches",
      status := "forbidden_strict_invariant_spectrum",
      testedCharacteristicPolynomial := 
       x1^6+(-3*E(9)^4-3*E(9)^7)*x1^5+6*E(9)^2*x1^4+7*E(3)*x1^3+6*E(9)^4*x1^2+\
3*E(9)^5*x1+E(3)^2 ), rec(
      applicable := true,
      classIndex := 24,
      classSize := 1,
      linearOrder := 9,
      normalizingScalar := 1,
      ok := false,
      projectiveOrder := 3,
      projectivePowerScalar := E(3)^2,
      projectivePowerScalarExponent := 2,
      reason := "no_Gonzalez_strict_invariant_pattern_matches",
      status := "forbidden_strict_invariant_spectrum",
      testedCharacteristicPolynomial := 
       x1^6+(-3*E(9)^2-3*E(9)^5)*x1^5+6*E(9)^7*x1^4+7*E(3)^2*x1^3+6*E(9)^5*x1^\
2+3*E(9)^4*x1+E(3) ), rec(
      applicable := true,
      classIndex := 26,
      classSize := 1,
      linearOrder := 9,
      normalizingScalar := 1,
      ok := false,
      projectiveOrder := 3,
      projectivePowerScalar := E(3)^2,
      projectivePowerScalarExponent := 2,
      reason := "no_Gonzalez_strict_invariant_pattern_matches",
      status := "forbidden_strict_invariant_spectrum",
      testedCharacteristicPolynomial := 
       x1^6+3*E(9)^5*x1^5+(-6*E(9)^4-6*E(9)^7)*x1^4+7*E(3)^2*x1^3+6*E(9)^2*x1^\
2+3*E(9)^7*x1+E(3) ) ]

8. Candidate
   Symplectic group: C3
   Component: 1; Koike (3.4), generic index 1
   Projective group ID: [ 6, 1 ]
   Strict linear group ID: [ 18, 3 ]
   Generic index: 1
   Generic full linear containment required: false
   Generic full linear containment verified: true
   Direct known case: false
   Source records: [ "C_3_generic=1_family_liftable_nonabelian.docx" ]
   Family number within this input: 1
   Strict cubic invariant dimension: 10
   Centralizer dimension: 6
   Expected moduli dimension: 4
   Determinant image order: 2
   Gonzalez status: passed
   Retained: true
   Gonzalez failure statuses: [  ]
   Matrix generators: 
[ 
  [ [ -5/13, -9/13, 0, 0, 0, 0 ], [ -16/13, 5/13, 0, 0, 0, 0 ], 
      [ 0, 0, 0, 0, 83/69*E(3), 38/69*E(3) ], 
      [ 0, 0, 0, 0, 133/69*E(3), 16/69*E(3) ], 
      [ 0, 0, -8/27*E(3)^2, 19/27*E(3)^2, 0, 0 ], 
      [ 0, 0, 133/54*E(3)^2, -83/54*E(3)^2, 0, 0 ] ], 
  [ [ 1, 0, 0, 0, 0, 0 ], [ 0, 1, 0, 0, 0, 0 ], [ 0, 0, E(3), 0, 0, 0 ], 
      [ 0, 0, 0, E(3), 0, 0 ], [ 0, 0, 0, 0, E(3)^2, 0 ], 
      [ 0, 0, 0, 0, 0, E(3)^2 ] ], 
  [ [ E(3), 0, 0, 0, 0, 0 ], [ 0, E(3), 0, 0, 0, 0 ], [ 0, 0, E(3), 0, 0, 0 ],
      [ 0, 0, 0, E(3), 0, 0 ], [ 0, 0, 0, 0, E(3), 0 ], 
      [ 0, 0, 0, 0, 0, E(3) ] ] ]
   Cubic invariant basis strings: 
[ 
  "(-571787/157464)*x6^3 + (130891/26244)*x5*x6^2 + (-29963/13122)*x5^2*x6 + (6\
859/19683)*x5^3 + x4^3", 
  "(916237/157464)*x6^3 + (-79099/13122)*x5*x6^2 + (24415/13122)*x5^2*x6 + (-2\
888/19683)*x5^3 + x3*x4^2", 
  "(-1468187/157464)*x6^3 + (170905/26244)*x5*x6^2 + (-7624/6561)*x5^2*x6 + (1\
216/19683)*x5^3 + x3^2*x4", 
  "(2352637/157464)*x6^3 + (-35378/6561)*x5*x6^2 + (4256/6561)*x5^2*x6 + (-512\
/19683)*x5^3 + x3^3", 
  "(-683/16767)*x2*x4*x6 + (-3952/16767)*x2*x4*x5 + (20501/16767)*x2*x3*x6 + (\
-9386/16767)*x2*x3*x5 + x1*x4*x6", 
  "(143507/33534)*x2*x4*x6 + (-42166/16767)*x2*x4*x5 + (89557/33534)*x2*x3*x6 \
+ (-20501/16767)*x2*x3*x5 + x1*x4*x5", 
  "(-13832/16767)*x2*x4*x6 + (1664/16767)*x2*x4*x5 + (-42166/16767)*x2*x3*x6 +\
 (3952/16767)*x2*x3*x5 + x1*x3*x6", 
  "(-229957/33534)*x2*x4*x6 + (13832/16767)*x2*x4*x5 + (-143507/33534)*x2*x3*x\
6 + (-683/16767)*x2*x3*x5 + x1*x3*x5", 
  "(10/9)*x2^3 + (-23/9)*x1*x2^2 + x1^2*x2", 
  "(-4/3)*x2^3 + (-10/3)*x1*x2^2 + x1^3" ]
   Cubic invariant basis vectors: 
[ [ -571787/157464, 130891/26244, -29963/13122, 6859/19683, 0, 0, 0, 0, 0, 1, 
      0, 0, 0, 0, 0, 0, 0, 0, 0, 0, 0, 0, 0, 0, 0, 0, 0, 0, 0, 0, 0, 0, 0, 0, 
      0, 0, 0, 0, 0, 0, 0, 0, 0, 0, 0, 0, 0, 0, 0, 0, 0, 0, 0, 0, 0, 0 ], 
  [ 916237/157464, -79099/13122, 24415/13122, -2888/19683, 0, 0, 0, 0, 0, 0, 
      0, 0, 0, 0, 0, 1, 0, 0, 0, 0, 0, 0, 0, 0, 0, 0, 0, 0, 0, 0, 0, 0, 0, 0, 
      0, 0, 0, 0, 0, 0, 0, 0, 0, 0, 0, 0, 0, 0, 0, 0, 0, 0, 0, 0, 0, 0 ], 
  [ -1468187/157464, 170905/26244, -7624/6561, 1216/19683, 0, 0, 0, 0, 0, 0, 
      0, 0, 0, 0, 0, 0, 0, 0, 1, 0, 0, 0, 0, 0, 0, 0, 0, 0, 0, 0, 0, 0, 0, 0, 
      0, 0, 0, 0, 0, 0, 0, 0, 0, 0, 0, 0, 0, 0, 0, 0, 0, 0, 0, 0, 0, 0 ], 
  [ 2352637/157464, -35378/6561, 4256/6561, -512/19683, 0, 0, 0, 0, 0, 0, 0, 
      0, 0, 0, 0, 0, 0, 0, 0, 1, 0, 0, 0, 0, 0, 0, 0, 0, 0, 0, 0, 0, 0, 0, 0, 
      0, 0, 0, 0, 0, 0, 0, 0, 0, 0, 0, 0, 0, 0, 0, 0, 0, 0, 0, 0, 0 ], 
  [ 0, 0, 0, 0, 0, 0, 0, 0, 0, 0, 0, 0, 0, 0, 0, 0, 0, 0, 0, 0, 0, 0, 0, 
      -683/16767, -3952/16767, 0, 20501/16767, -9386/16767, 0, 0, 0, 0, 0, 0, 
      0, 0, 0, 0, 1, 0, 0, 0, 0, 0, 0, 0, 0, 0, 0, 0, 0, 0, 0, 0, 0, 0 ], 
  [ 0, 0, 0, 0, 0, 0, 0, 0, 0, 0, 0, 0, 0, 0, 0, 0, 0, 0, 0, 0, 0, 0, 0, 
      143507/33534, -42166/16767, 0, 89557/33534, -20501/16767, 0, 0, 0, 0, 
      0, 0, 0, 0, 0, 0, 0, 1, 0, 0, 0, 0, 0, 0, 0, 0, 0, 0, 0, 0, 0, 0, 0, 0 ]
    , [ 0, 0, 0, 0, 0, 0, 0, 0, 0, 0, 0, 0, 0, 0, 0, 0, 0, 0, 0, 0, 0, 0, 0, 
      -13832/16767, 1664/16767, 0, -42166/16767, 3952/16767, 0, 0, 0, 0, 0, 
      0, 0, 0, 0, 0, 0, 0, 0, 1, 0, 0, 0, 0, 0, 0, 0, 0, 0, 0, 0, 0, 0, 0 ], 
  [ 0, 0, 0, 0, 0, 0, 0, 0, 0, 0, 0, 0, 0, 0, 0, 0, 0, 0, 0, 0, 0, 0, 0, 
      -229957/33534, 13832/16767, 0, -143507/33534, -683/16767, 0, 0, 0, 0, 
      0, 0, 0, 0, 0, 0, 0, 0, 0, 0, 1, 0, 0, 0, 0, 0, 0, 0, 0, 0, 0, 0, 0, 0 ]
    , [ 0, 0, 0, 0, 0, 0, 0, 0, 0, 0, 0, 0, 0, 0, 0, 0, 0, 0, 0, 0, 0, 0, 0, 
      0, 0, 0, 0, 0, 0, 0, 0, 0, 0, 0, 10/9, 0, 0, 0, 0, 0, 0, 0, 0, 0, 0, 0, 
      0, 0, 0, -23/9, 0, 0, 0, 0, 1, 0 ], 
  [ 0, 0, 0, 0, 0, 0, 0, 0, 0, 0, 0, 0, 0, 0, 0, 0, 0, 0, 0, 0, 0, 0, 0, 0, 
      0, 0, 0, 0, 0, 0, 0, 0, 0, 0, -4/3, 0, 0, 0, 0, 0, 0, 0, 0, 0, 0, 0, 0, 
      0, 0, -10/3, 0, 0, 0, 0, 0, 1 ] ]

9. Candidate
   Symplectic group: C3
   Component: 1; Koike (3.4), generic index 1
   Projective group ID: [ 12, 1 ]
   Strict linear group ID: [ 36, 6 ]
   Generic index: 1
   Generic full linear containment required: false
   Generic full linear containment verified: true
   Direct known case: false
   Source records: [ "C_3_generic=1_family_liftable_nonabelian.docx" ]
   Family number within this input: 1
   Strict cubic invariant dimension: 5
   Centralizer dimension: 4
   Expected moduli dimension: 1
   Determinant image order: 4
   Gonzalez status: passed
   Retained: true
   Gonzalez failure statuses: [  ]
   Matrix generators: 
[ 
  [ [ -4/13-9/13*E(4), 9/26-9/26*E(4), 0, 0, 0, 0 ], 
      [ 8/13-8/13*E(4), -9/13-4/13*E(4), 0, 0, 0, 0 ], 
      [ 0, 0, 0, 0, -79/23, 2/23 ], [ 0, 0, 0, 0, -49/23, -4/23 ], 
      [ 0, 0, 8/27, -19/27, 0, 0 ], [ 0, 0, -133/54, 83/54, 0, 0 ] ], 
  [ [ -5/13, -9/13, 0, 0, 0, 0 ], [ -16/13, 5/13, 0, 0, 0, 0 ], 
      [ 0, 0, -85/69, 176/69, 0, 0 ], [ 0, 0, -14/69, 85/69, 0, 0 ], 
      [ 0, 0, 0, 0, 13/27, 4/27 ], [ 0, 0, 0, 0, 140/27, -13/27 ] ], 
  [ [ 1, 0, 0, 0, 0, 0 ], [ 0, 1, 0, 0, 0, 0 ], [ 0, 0, E(3)^2, 0, 0, 0 ], 
      [ 0, 0, 0, E(3)^2, 0, 0 ], [ 0, 0, 0, 0, E(3), 0 ], 
      [ 0, 0, 0, 0, 0, E(3) ] ], 
  [ [ E(3), 0, 0, 0, 0, 0 ], [ 0, E(3), 0, 0, 0, 0 ], [ 0, 0, E(3), 0, 0, 0 ],
      [ 0, 0, 0, E(3), 0, 0 ], [ 0, 0, 0, 0, E(3), 0 ], 
      [ 0, 0, 0, 0, 0, E(3) ] ] ]
   Cubic invariant basis strings: 
[ 
  "(24280571/8211456)*x6^3 + (-594067/1368576)*x5*x6^2 + (-24863/62208)*x5^2*x6\
 + (-10051/1026432)*x5^3 + (595/1408)*x4^3 + (239/176)*x3*x4^2 + x3^2*x4", 
  "(-601704173/65691648)*x6^3 + (-640619/10948608)*x5*x6^2 + (351785/497664)*x\
5^2*x6 + (-56603/8211456)*x5^3 + (-4949/11264)*x4^3 + (-1785/1408)*x3*x4^2 + x\
3^3", 
  "(-304/2673-15200/29403*E(4))*x2*x4*x6 + (52/2673+1520/29403*E(4))*x2*x4*x5 \
+ (-304/243-4160/2673*E(4))*x2*x3*x6 + (52/243+416/2673*E(4))*x2*x3*x5 + (1/11\
-460/1089*E(4))*x1*x4*x6 + (46/1089*E(4))*x1*x4*x5 + x1*x3*x6", 
  "(1820/2673-152000/29403*E(4))*x2*x4*x6 + (34/2673+15200/29403*E(4))*x2*x4*x\
5 + (1820/243-41600/2673*E(4))*x2*x3*x6 + (34/243+4160/2673*E(4))*x2*x3*x5 + (\
-4600/1089*E(4))*x1*x4*x6 + (1/11+460/1089*E(4))*x1*x4*x5 + x1*x3*x5", 
  "(-128/81)*x2^3 + (-224/81)*x1*x2^2 + (-2/9)*x1^2*x2 + x1^3" ]
   Cubic invariant basis vectors: 
[ [ 24280571/8211456, -594067/1368576, -24863/62208, -10051/1026432, 0, 0, 0, 
      0, 0, 595/1408, 0, 0, 0, 0, 0, 239/176, 0, 0, 1, 0, 0, 0, 0, 0, 0, 0, 
      0, 0, 0, 0, 0, 0, 0, 0, 0, 0, 0, 0, 0, 0, 0, 0, 0, 0, 0, 0, 0, 0, 0, 0, 
      0, 0, 0, 0, 0, 0 ], 
  [ -601704173/65691648, -640619/10948608, 351785/497664, -56603/8211456, 0, 
      0, 0, 0, 0, -4949/11264, 0, 0, 0, 0, 0, -1785/1408, 0, 0, 0, 1, 0, 0, 
      0, 0, 0, 0, 0, 0, 0, 0, 0, 0, 0, 0, 0, 0, 0, 0, 0, 0, 0, 0, 0, 0, 0, 0, 
      0, 0, 0, 0, 0, 0, 0, 0, 0, 0 ], 
  [ 0, 0, 0, 0, 0, 0, 0, 0, 0, 0, 0, 0, 0, 0, 0, 0, 0, 0, 0, 0, 0, 0, 0, 
      -304/2673-15200/29403*E(4), 52/2673+1520/29403*E(4), 0, 
      -304/243-4160/2673*E(4), 52/243+416/2673*E(4), 0, 0, 0, 0, 0, 0, 0, 0, 
      0, 0, 1/11-460/1089*E(4), 46/1089*E(4), 0, 1, 0, 0, 0, 0, 0, 0, 0, 0, 
      0, 0, 0, 0, 0, 0 ], 
  [ 0, 0, 0, 0, 0, 0, 0, 0, 0, 0, 0, 0, 0, 0, 0, 0, 0, 0, 0, 0, 0, 0, 0, 
      1820/2673-152000/29403*E(4), 34/2673+15200/29403*E(4), 0, 
      1820/243-41600/2673*E(4), 34/243+4160/2673*E(4), 0, 0, 0, 0, 0, 0, 0, 
      0, 0, 0, -4600/1089*E(4), 1/11+460/1089*E(4), 0, 0, 1, 0, 0, 0, 0, 0, 
      0, 0, 0, 0, 0, 0, 0, 0 ], 
  [ 0, 0, 0, 0, 0, 0, 0, 0, 0, 0, 0, 0, 0, 0, 0, 0, 0, 0, 0, 0, 0, 0, 0, 0, 
      0, 0, 0, 0, 0, 0, 0, 0, 0, 0, -128/81, 0, 0, 0, 0, 0, 0, 0, 0, 0, 0, 0, 
      0, 0, 0, -224/81, 0, 0, 0, 0, -2/9, 1 ] ]

10. Candidate
   Symplectic group: C3
   Component: 1; Koike (3.4), generic index 1
   Projective group ID: [ 12, 1 ]
   Strict linear group ID: [ 36, 6 ]
   Generic index: 1
   Generic full linear containment required: false
   Generic full linear containment verified: true
   Direct known case: false
   Source records: [ "C_3_generic=1_family_liftable_nonabelian.docx" ]
   Family number within this input: 2
   Strict cubic invariant dimension: 6
   Centralizer dimension: 6
   Expected moduli dimension: 0
   Determinant image order: 4
   Gonzalez status: passed
   Retained: true
   Gonzalez failure statuses: [  ]
   Matrix generators: 
[ 
  [ [ -4/13-9/13*E(4), 9/26-9/26*E(4), 0, 0, 0, 0 ], 
      [ 8/13-8/13*E(4), -9/13-4/13*E(4), 0, 0, 0, 0 ], 
      [ 0, 0, 0, 0, -83/69, -38/69 ], [ 0, 0, 0, 0, -133/69, -16/69 ], 
      [ 0, 0, 8/27, -19/27, 0, 0 ], [ 0, 0, -133/54, 83/54, 0, 0 ] ], 
  [ [ -5/13, -9/13, 0, 0, 0, 0 ], [ -16/13, 5/13, 0, 0, 0, 0 ], 
      [ 0, 0, 1, 0, 0, 0 ], [ 0, 0, 0, 1, 0, 0 ], [ 0, 0, 0, 0, 1, 0 ], 
      [ 0, 0, 0, 0, 0, 1 ] ], 
  [ [ 1, 0, 0, 0, 0, 0 ], [ 0, 1, 0, 0, 0, 0 ], [ 0, 0, E(3)^2, 0, 0, 0 ], 
      [ 0, 0, 0, E(3)^2, 0, 0 ], [ 0, 0, 0, 0, E(3), 0 ], 
      [ 0, 0, 0, 0, 0, E(3) ] ], 
  [ [ E(3), 0, 0, 0, 0, 0 ], [ 0, E(3), 0, 0, 0, 0 ], [ 0, 0, E(3), 0, 0, 0 ],
      [ 0, 0, 0, E(3), 0, 0 ], [ 0, 0, 0, 0, E(3), 0 ], 
      [ 0, 0, 0, 0, 0, E(3) ] ] ]
   Cubic invariant basis strings: 
[ 
  "(571787/157464)*x6^3 + (-130891/26244)*x5*x6^2 + (29963/13122)*x5^2*x6 + (-6\
859/19683)*x5^3 + x4^3", 
  "(-916237/157464)*x6^3 + (79099/13122)*x5*x6^2 + (-24415/13122)*x5^2*x6 + (2\
888/19683)*x5^3 + x3*x4^2", 
  "(1468187/157464)*x6^3 + (-170905/26244)*x5*x6^2 + (7624/6561)*x5^2*x6 + (-1\
216/19683)*x5^3 + x3^2*x4", 
  "(-2352637/157464)*x6^3 + (35378/6561)*x5*x6^2 + (-4256/6561)*x5^2*x6 + (512\
/19683)*x5^3 + x3^3", 
  "(7)*x2*x4*x6 + (-16/19)*x2*x4*x5 + (83/19)*x2*x3*x6 + (-2)*x2*x3*x5 + (-7/2\
)*x1*x4*x6 + (8/19)*x1*x4*x5 + (-83/38)*x1*x3*x6 + x1*x3*x5", 
  "(-128/81)*x2^3 + (-224/81)*x1*x2^2 + (-2/9)*x1^2*x2 + x1^3" ]
   Cubic invariant basis vectors: 
[ [ 571787/157464, -130891/26244, 29963/13122, -6859/19683, 0, 0, 0, 0, 0, 1, 
      0, 0, 0, 0, 0, 0, 0, 0, 0, 0, 0, 0, 0, 0, 0, 0, 0, 0, 0, 0, 0, 0, 0, 0, 
      0, 0, 0, 0, 0, 0, 0, 0, 0, 0, 0, 0, 0, 0, 0, 0, 0, 0, 0, 0, 0, 0 ], 
  [ -916237/157464, 79099/13122, -24415/13122, 2888/19683, 0, 0, 0, 0, 0, 0, 
      0, 0, 0, 0, 0, 1, 0, 0, 0, 0, 0, 0, 0, 0, 0, 0, 0, 0, 0, 0, 0, 0, 0, 0, 
      0, 0, 0, 0, 0, 0, 0, 0, 0, 0, 0, 0, 0, 0, 0, 0, 0, 0, 0, 0, 0, 0 ], 
  [ 1468187/157464, -170905/26244, 7624/6561, -1216/19683, 0, 0, 0, 0, 0, 0, 
      0, 0, 0, 0, 0, 0, 0, 0, 1, 0, 0, 0, 0, 0, 0, 0, 0, 0, 0, 0, 0, 0, 0, 0, 
      0, 0, 0, 0, 0, 0, 0, 0, 0, 0, 0, 0, 0, 0, 0, 0, 0, 0, 0, 0, 0, 0 ], 
  [ -2352637/157464, 35378/6561, -4256/6561, 512/19683, 0, 0, 0, 0, 0, 0, 0, 
      0, 0, 0, 0, 0, 0, 0, 0, 1, 0, 0, 0, 0, 0, 0, 0, 0, 0, 0, 0, 0, 0, 0, 0, 
      0, 0, 0, 0, 0, 0, 0, 0, 0, 0, 0, 0, 0, 0, 0, 0, 0, 0, 0, 0, 0 ], 
  [ 0, 0, 0, 0, 0, 0, 0, 0, 0, 0, 0, 0, 0, 0, 0, 0, 0, 0, 0, 0, 0, 0, 0, 7, 
      -16/19, 0, 83/19, -2, 0, 0, 0, 0, 0, 0, 0, 0, 0, 0, -7/2, 8/19, 0, 
      -83/38, 1, 0, 0, 0, 0, 0, 0, 0, 0, 0, 0, 0, 0, 0 ], 
  [ 0, 0, 0, 0, 0, 0, 0, 0, 0, 0, 0, 0, 0, 0, 0, 0, 0, 0, 0, 0, 0, 0, 0, 0, 
      0, 0, 0, 0, 0, 0, 0, 0, 0, 0, -128/81, 0, 0, 0, 0, 0, 0, 0, 0, 0, 0, 0, 
      0, 0, 0, -224/81, 0, 0, 0, 0, -2/9, 1 ] ]

11. Candidate
   Symplectic group: C3
   Component: 1; Koike (3.4), generic index 1
   Projective group ID: [ 12, 1 ]
   Strict linear group ID: [ 36, 6 ]
   Generic index: 1
   Generic full linear containment required: false
   Generic full linear containment verified: true
   Direct known case: false
   Source records: [ "C_3_generic=1_family_liftable_nonabelian.docx" ]
   Family number within this input: 3
   Strict cubic invariant dimension: 5
   Centralizer dimension: 4
   Expected moduli dimension: 1
   Determinant image order: 4
   Gonzalez status: passed
   Retained: true
   Gonzalez failure statuses: [  ]
   Matrix generators: 
[ 
  [ [ 4/13-9/13*E(4), -9/26-9/26*E(4), 0, 0, 0, 0 ], 
      [ -8/13-8/13*E(4), 9/13-4/13*E(4), 0, 0, 0, 0 ], 
      [ 0, 0, 0, 0, -79/23, 2/23 ], [ 0, 0, 0, 0, -49/23, -4/23 ], 
      [ 0, 0, 8/27, -19/27, 0, 0 ], [ 0, 0, -133/54, 83/54, 0, 0 ] ], 
  [ [ -5/13, -9/13, 0, 0, 0, 0 ], [ -16/13, 5/13, 0, 0, 0, 0 ], 
      [ 0, 0, -85/69, 176/69, 0, 0 ], [ 0, 0, -14/69, 85/69, 0, 0 ], 
      [ 0, 0, 0, 0, 13/27, 4/27 ], [ 0, 0, 0, 0, 140/27, -13/27 ] ], 
  [ [ 1, 0, 0, 0, 0, 0 ], [ 0, 1, 0, 0, 0, 0 ], [ 0, 0, E(3)^2, 0, 0, 0 ], 
      [ 0, 0, 0, E(3)^2, 0, 0 ], [ 0, 0, 0, 0, E(3), 0 ], 
      [ 0, 0, 0, 0, 0, E(3) ] ], 
  [ [ E(3), 0, 0, 0, 0, 0 ], [ 0, E(3), 0, 0, 0, 0 ], [ 0, 0, E(3), 0, 0, 0 ],
      [ 0, 0, 0, E(3), 0, 0 ], [ 0, 0, 0, 0, E(3), 0 ], 
      [ 0, 0, 0, 0, 0, E(3) ] ] ]
   Cubic invariant basis strings: 
[ 
  "(24280571/8211456)*x6^3 + (-594067/1368576)*x5*x6^2 + (-24863/62208)*x5^2*x6\
 + (-10051/1026432)*x5^3 + (595/1408)*x4^3 + (239/176)*x3*x4^2 + x3^2*x4", 
  "(-601704173/65691648)*x6^3 + (-640619/10948608)*x5*x6^2 + (351785/497664)*x\
5^2*x6 + (-56603/8211456)*x5^3 + (-4949/11264)*x4^3 + (-1785/1408)*x3*x4^2 + x\
3^3", 
  "(119/972+5075/7776*E(4))*x2*x4*x6 + (-91/486+725/3888*E(4))*x2*x4*x5 + (34/\
243+1001/972*E(4))*x2*x3*x6 + (-52/243+143/486*E(4))*x2*x3*x5 + (7/8-161/576*E\
(4))*x1*x4*x6 + (-23/288*E(4))*x1*x4*x5 + x1*x3*x6", 
  "(-3185/486-35525/15552*E(4))*x2*x4*x6 + (-266/243-5075/7776*E(4))*x2*x4*x5 \
+ (-1820/243-7007/1944*E(4))*x2*x3*x6 + (-304/243-1001/972*E(4))*x2*x3*x5 + (1\
127/1152*E(4))*x1*x4*x6 + (7/8+161/576*E(4))*x1*x4*x5 + x1*x3*x5", 
  "(-8)*x2^3 + (12)*x1*x2^2 + (-6)*x1^2*x2 + x1^3" ]
   Cubic invariant basis vectors: 
[ [ 24280571/8211456, -594067/1368576, -24863/62208, -10051/1026432, 0, 0, 0, 
      0, 0, 595/1408, 0, 0, 0, 0, 0, 239/176, 0, 0, 1, 0, 0, 0, 0, 0, 0, 0, 
      0, 0, 0, 0, 0, 0, 0, 0, 0, 0, 0, 0, 0, 0, 0, 0, 0, 0, 0, 0, 0, 0, 0, 0, 
      0, 0, 0, 0, 0, 0 ], 
  [ -601704173/65691648, -640619/10948608, 351785/497664, -56603/8211456, 0, 
      0, 0, 0, 0, -4949/11264, 0, 0, 0, 0, 0, -1785/1408, 0, 0, 0, 1, 0, 0, 
      0, 0, 0, 0, 0, 0, 0, 0, 0, 0, 0, 0, 0, 0, 0, 0, 0, 0, 0, 0, 0, 0, 0, 0, 
      0, 0, 0, 0, 0, 0, 0, 0, 0, 0 ], 
  [ 0, 0, 0, 0, 0, 0, 0, 0, 0, 0, 0, 0, 0, 0, 0, 0, 0, 0, 0, 0, 0, 0, 0, 
      119/972+5075/7776*E(4), -91/486+725/3888*E(4), 0, 34/243+1001/972*E(4), 
      -52/243+143/486*E(4), 0, 0, 0, 0, 0, 0, 0, 0, 0, 0, 7/8-161/576*E(4), 
      -23/288*E(4), 0, 1, 0, 0, 0, 0, 0, 0, 0, 0, 0, 0, 0, 0, 0, 0 ], 
  [ 0, 0, 0, 0, 0, 0, 0, 0, 0, 0, 0, 0, 0, 0, 0, 0, 0, 0, 0, 0, 0, 0, 0, 
      -3185/486-35525/15552*E(4), -266/243-5075/7776*E(4), 0, 
      -1820/243-7007/1944*E(4), -304/243-1001/972*E(4), 0, 0, 0, 0, 0, 0, 0, 
      0, 0, 0, 1127/1152*E(4), 7/8+161/576*E(4), 0, 0, 1, 0, 0, 0, 0, 0, 0, 
      0, 0, 0, 0, 0, 0, 0 ], 
  [ 0, 0, 0, 0, 0, 0, 0, 0, 0, 0, 0, 0, 0, 0, 0, 0, 0, 0, 0, 0, 0, 0, 0, 0, 
      0, 0, 0, 0, 0, 0, 0, 0, 0, 0, -8, 0, 0, 0, 0, 0, 0, 0, 0, 0, 0, 0, 0, 
      0, 0, 12, 0, 0, 0, 0, -6, 1 ] ]

12. Candidate
   Symplectic group: C3
   Component: 1; Koike (3.4), generic index 1
   Projective group ID: [ 12, 1 ]
   Strict linear group ID: [ 36, 6 ]
   Generic index: 1
   Generic full linear containment required: false
   Generic full linear containment verified: true
   Direct known case: false
   Source records: [ "C_3_generic=1_family_liftable_nonabelian.docx" ]
   Family number within this input: 4
   Strict cubic invariant dimension: 8
   Centralizer dimension: 6
   Expected moduli dimension: 2
   Determinant image order: 4
   Gonzalez status: passed
   Retained: true
   Gonzalez failure statuses: [  ]
   Matrix generators: 
[ 
  [ [ 4/13-9/13*E(4), -9/26-9/26*E(4), 0, 0, 0, 0 ], 
      [ -8/13-8/13*E(4), 9/13-4/13*E(4), 0, 0, 0, 0 ], 
      [ 0, 0, 0, 0, -83/69, -38/69 ], [ 0, 0, 0, 0, -133/69, -16/69 ], 
      [ 0, 0, 8/27, -19/27, 0, 0 ], [ 0, 0, -133/54, 83/54, 0, 0 ] ], 
  [ [ -5/13, -9/13, 0, 0, 0, 0 ], [ -16/13, 5/13, 0, 0, 0, 0 ], 
      [ 0, 0, 1, 0, 0, 0 ], [ 0, 0, 0, 1, 0, 0 ], [ 0, 0, 0, 0, 1, 0 ], 
      [ 0, 0, 0, 0, 0, 1 ] ], 
  [ [ 1, 0, 0, 0, 0, 0 ], [ 0, 1, 0, 0, 0, 0 ], [ 0, 0, E(3)^2, 0, 0, 0 ], 
      [ 0, 0, 0, E(3)^2, 0, 0 ], [ 0, 0, 0, 0, E(3), 0 ], 
      [ 0, 0, 0, 0, 0, E(3) ] ], 
  [ [ E(3), 0, 0, 0, 0, 0 ], [ 0, E(3), 0, 0, 0, 0 ], [ 0, 0, E(3), 0, 0, 0 ],
      [ 0, 0, 0, E(3), 0, 0 ], [ 0, 0, 0, 0, E(3), 0 ], 
      [ 0, 0, 0, 0, 0, E(3) ] ] ]
   Cubic invariant basis strings: 
[ 
  "(571787/157464)*x6^3 + (-130891/26244)*x5*x6^2 + (29963/13122)*x5^2*x6 + (-6\
859/19683)*x5^3 + x4^3", 
  "(-916237/157464)*x6^3 + (79099/13122)*x5*x6^2 + (-24415/13122)*x5^2*x6 + (2\
888/19683)*x5^3 + x3*x4^2", 
  "(1468187/157464)*x6^3 + (-170905/26244)*x5*x6^2 + (7624/6561)*x5^2*x6 + (-1\
216/19683)*x5^3 + x3^2*x4", 
  "(-2352637/157464)*x6^3 + (35378/6561)*x5*x6^2 + (-4256/6561)*x5^2*x6 + (512\
/19683)*x5^3 + x3^3", 
  "(83/19)*x2*x4*x6 + (-2)*x2*x4*x5 + (-83/38)*x1*x4*x6 + x1*x4*x5", 
  "(-16/19)*x2*x4*x6 + (-2)*x2*x3*x6 + (8/19)*x1*x4*x6 + x1*x3*x6", 
  "(-7)*x2*x4*x6 + (-2)*x2*x3*x5 + (7/2)*x1*x4*x6 + x1*x3*x5", 
  "(-8)*x2^3 + (12)*x1*x2^2 + (-6)*x1^2*x2 + x1^3" ]
   Cubic invariant basis vectors: 
[ [ 571787/157464, -130891/26244, 29963/13122, -6859/19683, 0, 0, 0, 0, 0, 1, 
      0, 0, 0, 0, 0, 0, 0, 0, 0, 0, 0, 0, 0, 0, 0, 0, 0, 0, 0, 0, 0, 0, 0, 0, 
      0, 0, 0, 0, 0, 0, 0, 0, 0, 0, 0, 0, 0, 0, 0, 0, 0, 0, 0, 0, 0, 0 ], 
  [ -916237/157464, 79099/13122, -24415/13122, 2888/19683, 0, 0, 0, 0, 0, 0, 
      0, 0, 0, 0, 0, 1, 0, 0, 0, 0, 0, 0, 0, 0, 0, 0, 0, 0, 0, 0, 0, 0, 0, 0, 
      0, 0, 0, 0, 0, 0, 0, 0, 0, 0, 0, 0, 0, 0, 0, 0, 0, 0, 0, 0, 0, 0 ], 
  [ 1468187/157464, -170905/26244, 7624/6561, -1216/19683, 0, 0, 0, 0, 0, 0, 
      0, 0, 0, 0, 0, 0, 0, 0, 1, 0, 0, 0, 0, 0, 0, 0, 0, 0, 0, 0, 0, 0, 0, 0, 
      0, 0, 0, 0, 0, 0, 0, 0, 0, 0, 0, 0, 0, 0, 0, 0, 0, 0, 0, 0, 0, 0 ], 
  [ -2352637/157464, 35378/6561, -4256/6561, 512/19683, 0, 0, 0, 0, 0, 0, 0, 
      0, 0, 0, 0, 0, 0, 0, 0, 1, 0, 0, 0, 0, 0, 0, 0, 0, 0, 0, 0, 0, 0, 0, 0, 
      0, 0, 0, 0, 0, 0, 0, 0, 0, 0, 0, 0, 0, 0, 0, 0, 0, 0, 0, 0, 0 ], 
  [ 0, 0, 0, 0, 0, 0, 0, 0, 0, 0, 0, 0, 0, 0, 0, 0, 0, 0, 0, 0, 0, 0, 0, 
      83/19, -2, 0, 0, 0, 0, 0, 0, 0, 0, 0, 0, 0, 0, 0, -83/38, 1, 0, 0, 0, 
      0, 0, 0, 0, 0, 0, 0, 0, 0, 0, 0, 0, 0 ], 
  [ 0, 0, 0, 0, 0, 0, 0, 0, 0, 0, 0, 0, 0, 0, 0, 0, 0, 0, 0, 0, 0, 0, 0, 
      -16/19, 0, 0, -2, 0, 0, 0, 0, 0, 0, 0, 0, 0, 0, 0, 8/19, 0, 0, 1, 0, 0, 
      0, 0, 0, 0, 0, 0, 0, 0, 0, 0, 0, 0 ], 
  [ 0, 0, 0, 0, 0, 0, 0, 0, 0, 0, 0, 0, 0, 0, 0, 0, 0, 0, 0, 0, 0, 0, 0, -7, 
      0, 0, 0, -2, 0, 0, 0, 0, 0, 0, 0, 0, 0, 0, 7/2, 0, 0, 0, 1, 0, 0, 0, 0, 
      0, 0, 0, 0, 0, 0, 0, 0, 0 ], 
  [ 0, 0, 0, 0, 0, 0, 0, 0, 0, 0, 0, 0, 0, 0, 0, 0, 0, 0, 0, 0, 0, 0, 0, 0, 
      0, 0, 0, 0, 0, 0, 0, 0, 0, 0, -8, 0, 0, 0, 0, 0, 0, 0, 0, 0, 0, 0, 0, 
      0, 0, 12, 0, 0, 0, 0, -6, 1 ] ]

13. Candidate
   Symplectic group: C3
   Component: 1; Koike (3.4), generic index 1
   Projective group ID: [ 36, 6 ]
   Strict linear group ID: [ 108, 32 ]
   Generic index: 1
   Generic full linear containment required: false
   Generic full linear containment verified: true
   Direct known case: false
   Source records: [ "C_3_generic=1_family_liftable_nonabelian.docx" ]
   Family number within this input: 1
   Strict cubic invariant dimension: 4
   Centralizer dimension: 4
   Expected moduli dimension: 0
   Determinant image order: 12
   Gonzalez status: passed
   Retained: true
   Gonzalez failure statuses: [  ]
   Matrix generators: 
[ 
  [ [ 4/13-9/13*E(4), -9/26-9/26*E(4), 0, 0, 0, 0 ], 
      [ -8/13-8/13*E(4), 9/13-4/13*E(4), 0, 0, 0, 0 ], 
      [ 0, 0, 0, 0, 39/25*E(3)+8/15*E(3)^2, -28/25*E(3)+4/75*E(3)^2 ], 
      [ 0, 0, 0, 0, 49/25*E(3)+28/15*E(3)^2, 2/25*E(3)+14/75*E(3)^2 ], 
      [ 0, 0, -4/87*E(3)+1/29*E(3)^2, 44/87*E(3)+14/29*E(3)^2, 0, 0 ], 
      [ 0, 0, -7/174*E(3)-49/58*E(3)^2, 77/174*E(3)+39/58*E(3)^2, 0, 0 ] ], 
  [ [ E(3)^2, 0, 0, 0, 0, 0 ], [ 0, E(3)^2, 0, 0, 0, 0 ], 
      [ 0, 0, -2/75*E(3)+77/75*E(3)^2, 22/75*E(3)-22/75*E(3)^2, 0, 0 ], 
      [ 0, 0, -7/75*E(3)+7/75*E(3)^2, 77/75*E(3)-2/75*E(3)^2, 0, 0 ], 
      [ 0, 0, 0, 0, 80/87*E(3)+7/87*E(3)^2, 8/87*E(3)-8/87*E(3)^2 ], 
      [ 0, 0, 0, 0, 70/87*E(3)-70/87*E(3)^2, 7/87*E(3)+80/87*E(3)^2 ] ], 
  [ [ -5/13, -9/13, 0, 0, 0, 0 ], [ -16/13, 5/13, 0, 0, 0, 0 ], 
      [ 0, 0, 1, 0, 0, 0 ], [ 0, 0, 0, 1, 0, 0 ], [ 0, 0, 0, 0, 1, 0 ], 
      [ 0, 0, 0, 0, 0, 1 ] ], 
  [ [ 1, 0, 0, 0, 0, 0 ], [ 0, 1, 0, 0, 0, 0 ], [ 0, 0, E(3)^2, 0, 0, 0 ], 
      [ 0, 0, 0, E(3)^2, 0, 0 ], [ 0, 0, 0, 0, E(3), 0 ], 
      [ 0, 0, 0, 0, 0, E(3) ] ], 
  [ [ E(3), 0, 0, 0, 0, 0 ], [ 0, E(3), 0, 0, 0, 0 ], [ 0, 0, E(3), 0, 0, 0 ],
      [ 0, 0, 0, E(3), 0, 0 ], [ 0, 0, 0, 0, E(3), 0 ], 
      [ 0, 0, 0, 0, 0, E(3) ] ] ]
   Cubic invariant basis strings: 
[ 
  "(-245333125/849907872)*x6^3 + (-41261875/35412828)*x5*x6^2 + (-11633750/8853\
207)*x5^2*x6 + (-13311250/26559621)*x5^3 + (2029/484)*x4^3 + (79/22)*x3*x4^2 +\
 x3^2*x4", 
  "(-135625/336864)*x6^3 + (188125/407044)*x5*x6^2 + (35000/101761)*x5^2*x6 + \
(41875/305283)*x5^3 + (-553/484)*x4^3 + (-21/22)*x3*x4^2 + x3^3", 
  "(20/11)*x2*x4*x6 + (-2/11)*x2*x4*x5 + (20)*x2*x3*x6 + (-2)*x2*x3*x5 + (-10/\
11)*x1*x4*x6 + (1/11)*x1*x4*x5 + (-10)*x1*x3*x6 + x1*x3*x5", 
  "(-8)*x2^3 + (12)*x1*x2^2 + (-6)*x1^2*x2 + x1^3" ]
   Cubic invariant basis vectors: 
[ 
  [ -245333125/849907872, -41261875/35412828, -11633750/8853207, 
      -13311250/26559621, 0, 0, 0, 0, 0, 2029/484, 0, 0, 0, 0, 0, 79/22, 0, 
      0, 1, 0, 0, 0, 0, 0, 0, 0, 0, 0, 0, 0, 0, 0, 0, 0, 0, 0, 0, 0, 0, 0, 0, 
      0, 0, 0, 0, 0, 0, 0, 0, 0, 0, 0, 0, 0, 0, 0 ], 
  [ -135625/336864, 188125/407044, 35000/101761, 41875/305283, 0, 0, 0, 0, 0, 
      -553/484, 0, 0, 0, 0, 0, -21/22, 0, 0, 0, 1, 0, 0, 0, 0, 0, 0, 0, 0, 0, 
      0, 0, 0, 0, 0, 0, 0, 0, 0, 0, 0, 0, 0, 0, 0, 0, 0, 0, 0, 0, 0, 0, 0, 0, 
      0, 0, 0 ], 
  [ 0, 0, 0, 0, 0, 0, 0, 0, 0, 0, 0, 0, 0, 0, 0, 0, 0, 0, 0, 0, 0, 0, 0, 
      20/11, -2/11, 0, 20, -2, 0, 0, 0, 0, 0, 0, 0, 0, 0, 0, -10/11, 1/11, 0, 
      -10, 1, 0, 0, 0, 0, 0, 0, 0, 0, 0, 0, 0, 0, 0 ], 
  [ 0, 0, 0, 0, 0, 0, 0, 0, 0, 0, 0, 0, 0, 0, 0, 0, 0, 0, 0, 0, 0, 0, 0, 0, 
      0, 0, 0, 0, 0, 0, 0, 0, 0, 0, -8, 0, 0, 0, 0, 0, 0, 0, 0, 0, 0, 0, 0, 
      0, 0, 12, 0, 0, 0, 0, -6, 1 ] ]

14. Candidate
   Symplectic group: C3
   Component: 1; Koike (3.4), generic index 1
   Projective group ID: [ 36, 6 ]
   Strict linear group ID: [ 108, 32 ]
   Generic index: 1
   Generic full linear containment required: false
   Generic full linear containment verified: true
   Direct known case: false
   Source records: [ "C_3_generic=1_family_liftable_nonabelian.docx" ]
   Family number within this input: 2
   Strict cubic invariant dimension: 4
   Centralizer dimension: 4
   Expected moduli dimension: 0
   Determinant image order: 12
   Gonzalez status: passed
   Retained: true
   Gonzalez failure statuses: [  ]
   Matrix generators: 
[ 
  [ [ 4/13-9/13*E(4), -9/26-9/26*E(4), 0, 0, 0, 0 ], 
      [ -8/13-8/13*E(4), 9/13-4/13*E(4), 0, 0, 0, 0 ], 
      [ 0, 0, 0, 0, -2/9*E(3), -1/9*E(3) ], 
      [ 0, 0, 0, 0, 49/18*E(3), -79/18*E(3) ], 
      [ 0, 0, -83/69*E(3)^2, -38/69*E(3)^2, 0, 0 ], 
      [ 0, 0, -133/69*E(3)^2, -16/69*E(3)^2, 0, 0 ] ], 
  [ [ 9/13*E(3)+4/13*E(3)^2, 9/26*E(3)-9/26*E(3)^2, 0, 0, 0, 0 ], 
      [ 8/13*E(3)-8/13*E(3)^2, 4/13*E(3)+9/13*E(3)^2, 0, 0, 0, 0 ], 
      [ 0, 0, E(3)^2, 0, 0, 0 ], [ 0, 0, 0, E(3)^2, 0, 0 ], 
      [ 0, 0, 0, 0, E(3)^2, 0 ], [ 0, 0, 0, 0, 0, E(3)^2 ] ], 
  [ [ -5/13, -9/13, 0, 0, 0, 0 ], [ -16/13, 5/13, 0, 0, 0, 0 ], 
      [ 0, 0, 13/27, 4/27, 0, 0 ], [ 0, 0, 140/27, -13/27, 0, 0 ], 
      [ 0, 0, 0, 0, -85/69, 176/69 ], [ 0, 0, 0, 0, -14/69, 85/69 ] ], 
  [ [ 1, 0, 0, 0, 0, 0 ], [ 0, 1, 0, 0, 0, 0 ], [ 0, 0, E(3)^2, 0, 0, 0 ], 
      [ 0, 0, 0, E(3)^2, 0, 0 ], [ 0, 0, 0, 0, E(3), 0 ], 
      [ 0, 0, 0, 0, 0, E(3) ] ], 
  [ [ E(3), 0, 0, 0, 0, 0 ], [ 0, E(3), 0, 0, 0, 0 ], [ 0, 0, E(3), 0, 0, 0 ],
      [ 0, 0, 0, E(3), 0, 0 ], [ 0, 0, 0, 0, E(3), 0 ], 
      [ 0, 0, 0, 0, 0, E(3) ] ] ]
   Cubic invariant basis strings: 
[ 
  "(-9072/12167)*x6^3 + (-27378/12167)*x5*x6^2 + (-8667/12167)*x5^2*x6 + (12312\
/12167)*x5^3 + (-91/8)*x4^3 + (1/4)*x3*x4^2 + x3^2*x4", 
  "(-154791/12167)*x6^3 + (-569835/12167)*x5*x6^2 + (-1777545/24334)*x5^2*x6 +\
 (-502524/12167)*x5^3 + (2597/16)*x4^3 + (273/8)*x3*x4^2 + x3^3", 
  "(-49/8)*x2*x4*x6 + (-7)*x2*x4*x5 + (-7/4)*x2*x3*x6 + (-2)*x2*x3*x5 + (49/16\
)*x1*x4*x6 + (7/2)*x1*x4*x5 + (7/8)*x1*x3*x6 + x1*x3*x5", 
  "(-8)*x2^3 + (12)*x1*x2^2 + (-6)*x1^2*x2 + x1^3" ]
   Cubic invariant basis vectors: 
[ [ -9072/12167, -27378/12167, -8667/12167, 12312/12167, 0, 0, 0, 0, 0, 
      -91/8, 0, 0, 0, 0, 0, 1/4, 0, 0, 1, 0, 0, 0, 0, 0, 0, 0, 0, 0, 0, 0, 0, 
      0, 0, 0, 0, 0, 0, 0, 0, 0, 0, 0, 0, 0, 0, 0, 0, 0, 0, 0, 0, 0, 0, 0, 0, 
      0 ], [ -154791/12167, -569835/12167, -1777545/24334, -502524/12167, 0, 
      0, 0, 0, 0, 2597/16, 0, 0, 0, 0, 0, 273/8, 0, 0, 0, 1, 0, 0, 0, 0, 0, 
      0, 0, 0, 0, 0, 0, 0, 0, 0, 0, 0, 0, 0, 0, 0, 0, 0, 0, 0, 0, 0, 0, 0, 0, 
      0, 0, 0, 0, 0, 0, 0 ], 
  [ 0, 0, 0, 0, 0, 0, 0, 0, 0, 0, 0, 0, 0, 0, 0, 0, 0, 0, 0, 0, 0, 0, 0, 
      -49/8, -7, 0, -7/4, -2, 0, 0, 0, 0, 0, 0, 0, 0, 0, 0, 49/16, 7/2, 0, 
      7/8, 1, 0, 0, 0, 0, 0, 0, 0, 0, 0, 0, 0, 0, 0 ], 
  [ 0, 0, 0, 0, 0, 0, 0, 0, 0, 0, 0, 0, 0, 0, 0, 0, 0, 0, 0, 0, 0, 0, 0, 0, 
      0, 0, 0, 0, 0, 0, 0, 0, 0, 0, -8, 0, 0, 0, 0, 0, 0, 0, 0, 0, 0, 0, 0, 
      0, 0, 12, 0, 0, 0, 0, -6, 1 ] ]

15. Candidate
   Symplectic group: C3
   Component: 1; Koike (3.4), generic index 1
   Projective group ID: [ 36, 6 ]
   Strict linear group ID: [ 108, 32 ]
   Generic index: 1
   Generic full linear containment required: false
   Generic full linear containment verified: true
   Direct known case: false
   Source records: [ "C_3_generic=1_family_liftable_nonabelian.docx" ]
   Family number within this input: 3
   Strict cubic invariant dimension: 4
   Centralizer dimension: 4
   Expected moduli dimension: 0
   Determinant image order: 12
   Gonzalez status: passed
   Retained: true
   Gonzalez failure statuses: [  ]
   Matrix generators: 
[ 
  [ [ 4/13-9/13*E(4), -9/26-9/26*E(4), 0, 0, 0, 0 ], 
      [ -8/13-8/13*E(4), 9/13-4/13*E(4), 0, 0, 0, 0 ], 
      [ 0, 0, 0, 0, 8/27*E(3)+7/27*E(3)^2, -19/27*E(3)-8/27*E(3)^2 ], 
      [ 0, 0, 0, 0, -133/54*E(3)-70/27*E(3)^2, 83/54*E(3)+80/27*E(3)^2 ], 
      [ 0, 0, -77/69*E(3)-79/23*E(3)^2, 22/69*E(3)+2/23*E(3)^2, 0, 0 ], 
      [ 0, 0, -7/69*E(3)-49/23*E(3)^2, 2/69*E(3)-4/23*E(3)^2, 0, 0 ] ], 
  [ [ 9/13*E(3)+4/13*E(3)^2, 9/26*E(3)-9/26*E(3)^2, 0, 0, 0, 0 ], 
      [ 8/13*E(3)-8/13*E(3)^2, 4/13*E(3)+9/13*E(3)^2, 0, 0, 0, 0 ], 
      [ 0, 0, -7/27*E(3)+13/27*E(3)^2, 2/27*E(3)+4/27*E(3)^2, 0, 0 ], 
      [ 0, 0, 70/27*E(3)+140/27*E(3)^2, -20/27*E(3)-13/27*E(3)^2, 0, 0 ], 
      [ 0, 0, 0, 0, -77/69*E(3)-85/69*E(3)^2, 88/69*E(3)+176/69*E(3)^2 ], 
      [ 0, 0, 0, 0, -7/69*E(3)-14/69*E(3)^2, 8/69*E(3)+85/69*E(3)^2 ] ], 
  [ [ -5/13, -9/13, 0, 0, 0, 0 ], [ -16/13, 5/13, 0, 0, 0, 0 ], 
      [ 0, 0, 13/27, 4/27, 0, 0 ], [ 0, 0, 140/27, -13/27, 0, 0 ], 
      [ 0, 0, 0, 0, -85/69, 176/69 ], [ 0, 0, 0, 0, -14/69, 85/69 ] ], 
  [ [ 1, 0, 0, 0, 0, 0 ], [ 0, 1, 0, 0, 0, 0 ], [ 0, 0, E(3)^2, 0, 0, 0 ], 
      [ 0, 0, 0, E(3)^2, 0, 0 ], [ 0, 0, 0, 0, E(3), 0 ], 
      [ 0, 0, 0, 0, 0, E(3) ] ], 
  [ [ E(3), 0, 0, 0, 0, 0 ], [ 0, E(3), 0, 0, 0, 0 ], [ 0, 0, E(3), 0, 0, 0 ],
      [ 0, 0, 0, E(3), 0, 0 ], [ 0, 0, 0, 0, E(3), 0 ], 
      [ 0, 0, 0, 0, 0, E(3) ] ] ]
   Cubic invariant basis strings: 
[ 
  "(-250047/12167)*x6^3 + (-857304/12167)*x5*x6^2 + (-979776/12167)*x5^2*x6 + (\
-373248/12167)*x5^3 + (343/8)*x4^3 + (147/4)*x3*x4^2 + (21/2)*x3^2*x4 + x3^3",
  "(5075/621*E(12)^4+5075/621*E(12)^8-952/621*E(12)^11)*x2*x4*x6 + (8008/621*E\
(12)^4+8008/621*E(12)^8-1088/621*E(12)^11)*x2*x4*x5 + (1450/621*E(12)^4+1450/6\
21*E(12)^8+1456/621*E(12)^11)*x2*x3*x6 + (2288/621*E(12)^4+2288/621*E(12)^8+16\
64/621*E(12)^11)*x2*x3*x5 + (-7/2*E(12)^4-7/2*E(12)^8-252/23*E(12)^11)*x1*x4*x\
6 + (-288/23*E(12)^11)*x1*x4*x5 + x1*x3*x6", 
  "(-637/621*E(12)^4-637/621*E(12)^8+833/621*E(12)^11)*x2*x4*x6 + (-2660/621*E\
(12)^4-2660/621*E(12)^8+952/621*E(12)^11)*x2*x4*x5 + (-182/621*E(12)^4-182/621\
*E(12)^8-1274/621*E(12)^11)*x2*x3*x6 + (-760/621*E(12)^4-760/621*E(12)^8-1456/\
621*E(12)^11)*x2*x3*x5 + (441/46*E(12)^11)*x1*x4*x6 + (-7/2*E(12)^4-7/2*E(12)^\
8+252/23*E(12)^11)*x1*x4*x5 + x1*x3*x5", 
  "(-8)*x2^3 + (12)*x1*x2^2 + (-6)*x1^2*x2 + x1^3" ]
   Cubic invariant basis vectors: 
[ [ -250047/12167, -857304/12167, -979776/12167, -373248/12167, 0, 0, 0, 0, 
      0, 343/8, 0, 0, 0, 0, 0, 147/4, 0, 0, 21/2, 1, 0, 0, 0, 0, 0, 0, 0, 0, 
      0, 0, 0, 0, 0, 0, 0, 0, 0, 0, 0, 0, 0, 0, 0, 0, 0, 0, 0, 0, 0, 0, 0, 0, 
      0, 0, 0, 0 ], 
  [ 0, 0, 0, 0, 0, 0, 0, 0, 0, 0, 0, 0, 0, 0, 0, 0, 0, 0, 0, 0, 0, 0, 0, 
      5075/621*E(12)^4+5075/621*E(12)^8-952/621*E(12)^11, 
      8008/621*E(12)^4+8008/621*E(12)^8-1088/621*E(12)^11, 0, 
      1450/621*E(12)^4+1450/621*E(12)^8+1456/621*E(12)^11, 
      2288/621*E(12)^4+2288/621*E(12)^8+1664/621*E(12)^11, 0, 0, 0, 0, 0, 0, 
      0, 0, 0, 0, -7/2*E(12)^4-7/2*E(12)^8-252/23*E(12)^11, -288/23*E(12)^11, 
      0, 1, 0, 0, 0, 0, 0, 0, 0, 0, 0, 0, 0, 0, 0, 0 ], 
  [ 0, 0, 0, 0, 0, 0, 0, 0, 0, 0, 0, 0, 0, 0, 0, 0, 0, 0, 0, 0, 0, 0, 0, 
      -637/621*E(12)^4-637/621*E(12)^8+833/621*E(12)^11, 
      -2660/621*E(12)^4-2660/621*E(12)^8+952/621*E(12)^11, 0, 
      -182/621*E(12)^4-182/621*E(12)^8-1274/621*E(12)^11, 
      -760/621*E(12)^4-760/621*E(12)^8-1456/621*E(12)^11, 0, 0, 0, 0, 0, 0, 
      0, 0, 0, 0, 441/46*E(12)^11, -7/2*E(12)^4-7/2*E(12)^8+252/23*E(12)^11, 
      0, 0, 1, 0, 0, 0, 0, 0, 0, 0, 0, 0, 0, 0, 0, 0 ], 
  [ 0, 0, 0, 0, 0, 0, 0, 0, 0, 0, 0, 0, 0, 0, 0, 0, 0, 0, 0, 0, 0, 0, 0, 0, 
      0, 0, 0, 0, 0, 0, 0, 0, 0, 0, -8, 0, 0, 0, 0, 0, 0, 0, 0, 0, 0, 0, 0, 
      0, 0, 12, 0, 0, 0, 0, -6, 1 ] ]

16. Candidate
   Symplectic group: C3
   Component: 1; Koike (3.4), generic index 1
   Projective group ID: [ 36, 6 ]
   Strict linear group ID: [ 108, 32 ]
   Generic index: 1
   Generic full linear containment required: false
   Generic full linear containment verified: true
   Direct known case: false
   Source records: [ "C_3_generic=1_family_liftable_nonabelian.docx" ]
   Family number within this input: 4
   Strict cubic invariant dimension: 8
   Centralizer dimension: 6
   Expected moduli dimension: 2
   Determinant image order: 12
   Gonzalez status: passed
   Retained: true
   Gonzalez failure statuses: [  ]
   Matrix generators: 
[ 
  [ [ 4/13-9/13*E(4), -9/26-9/26*E(4), 0, 0, 0, 0 ], 
      [ -8/13-8/13*E(4), 9/13-4/13*E(4), 0, 0, 0, 0 ], 
      [ 0, 0, 0, 0, 8/27*E(3), -19/27*E(3) ], 
      [ 0, 0, 0, 0, -133/54*E(3), 83/54*E(3) ], 
      [ 0, 0, -83/69*E(3)^2, -38/69*E(3)^2, 0, 0 ], 
      [ 0, 0, -133/69*E(3)^2, -16/69*E(3)^2, 0, 0 ] ], 
  [ [ 9/13*E(3)+4/13*E(3)^2, 9/26*E(3)-9/26*E(3)^2, 0, 0, 0, 0 ], 
      [ 8/13*E(3)-8/13*E(3)^2, 4/13*E(3)+9/13*E(3)^2, 0, 0, 0, 0 ], 
      [ 0, 0, E(3)^2, 0, 0, 0 ], [ 0, 0, 0, E(3)^2, 0, 0 ], 
      [ 0, 0, 0, 0, E(3)^2, 0 ], [ 0, 0, 0, 0, 0, E(3)^2 ] ], 
  [ [ -5/13, -9/13, 0, 0, 0, 0 ], [ -16/13, 5/13, 0, 0, 0, 0 ], 
      [ 0, 0, 1, 0, 0, 0 ], [ 0, 0, 0, 1, 0, 0 ], [ 0, 0, 0, 0, 1, 0 ], 
      [ 0, 0, 0, 0, 0, 1 ] ], 
  [ [ 1, 0, 0, 0, 0, 0 ], [ 0, 1, 0, 0, 0, 0 ], [ 0, 0, E(3)^2, 0, 0, 0 ], 
      [ 0, 0, 0, E(3)^2, 0, 0 ], [ 0, 0, 0, 0, E(3), 0 ], 
      [ 0, 0, 0, 0, 0, E(3) ] ], 
  [ [ E(3), 0, 0, 0, 0, 0 ], [ 0, E(3), 0, 0, 0, 0 ], [ 0, 0, E(3), 0, 0, 0 ],
      [ 0, 0, 0, E(3), 0, 0 ], [ 0, 0, 0, 0, E(3), 0 ], 
      [ 0, 0, 0, 0, 0, E(3) ] ] ]
   Cubic invariant basis strings: 
[ 
  "(-4096/328509)*x6^3 + (-9728/109503)*x5*x6^2 + (-23104/109503)*x5^2*x6 + (-5\
4872/328509)*x5^3 + x4^3", 
  "(-34048/328509)*x6^3 + (-60992/109503)*x5*x6^2 + (-97660/109503)*x5^2*x6 + \
(-119852/328509)*x5^3 + x3*x4^2", 
  "(-283024/328509)*x6^3 + (-341810/109503)*x5*x6^2 + (-316396/109503)*x5^2*x6\
 + (-261782/328509)*x5^3 + x3^2*x4", 
  "(-2352637/328509)*x6^3 + (-1468187/109503)*x5*x6^2 + (-916237/109503)*x5^2*\
x6 + (-571787/328509)*x5^3 + x3^3", 
  "(-16/19)*x2*x4*x6 + (-2)*x2*x4*x5 + (8/19)*x1*x4*x6 + x1*x4*x5", 
  "(83/19)*x2*x4*x6 + (-2)*x2*x3*x6 + (-83/38)*x1*x4*x6 + x1*x3*x6", 
  "(-7)*x2*x4*x6 + (-2)*x2*x3*x5 + (7/2)*x1*x4*x6 + x1*x3*x5", 
  "(-8)*x2^3 + (12)*x1*x2^2 + (-6)*x1^2*x2 + x1^3" ]
   Cubic invariant basis vectors: 
[ [ -4096/328509, -9728/109503, -23104/109503, -54872/328509, 0, 0, 0, 0, 0, 
      1, 0, 0, 0, 0, 0, 0, 0, 0, 0, 0, 0, 0, 0, 0, 0, 0, 0, 0, 0, 0, 0, 0, 0, 
      0, 0, 0, 0, 0, 0, 0, 0, 0, 0, 0, 0, 0, 0, 0, 0, 0, 0, 0, 0, 0, 0, 0 ], 
  [ -34048/328509, -60992/109503, -97660/109503, -119852/328509, 0, 0, 0, 0, 
      0, 0, 0, 0, 0, 0, 0, 1, 0, 0, 0, 0, 0, 0, 0, 0, 0, 0, 0, 0, 0, 0, 0, 0, 
      0, 0, 0, 0, 0, 0, 0, 0, 0, 0, 0, 0, 0, 0, 0, 0, 0, 0, 0, 0, 0, 0, 0, 0 ]
    , [ -283024/328509, -341810/109503, -316396/109503, -261782/328509, 0, 0, 
      0, 0, 0, 0, 0, 0, 0, 0, 0, 0, 0, 0, 1, 0, 0, 0, 0, 0, 0, 0, 0, 0, 0, 0, 
      0, 0, 0, 0, 0, 0, 0, 0, 0, 0, 0, 0, 0, 0, 0, 0, 0, 0, 0, 0, 0, 0, 0, 0, 
      0, 0 ], 
  [ -2352637/328509, -1468187/109503, -916237/109503, -571787/328509, 0, 0, 
      0, 0, 0, 0, 0, 0, 0, 0, 0, 0, 0, 0, 0, 1, 0, 0, 0, 0, 0, 0, 0, 0, 0, 0, 
      0, 0, 0, 0, 0, 0, 0, 0, 0, 0, 0, 0, 0, 0, 0, 0, 0, 0, 0, 0, 0, 0, 0, 0, 
      0, 0 ], 
  [ 0, 0, 0, 0, 0, 0, 0, 0, 0, 0, 0, 0, 0, 0, 0, 0, 0, 0, 0, 0, 0, 0, 0, 
      -16/19, -2, 0, 0, 0, 0, 0, 0, 0, 0, 0, 0, 0, 0, 0, 8/19, 1, 0, 0, 0, 0, 
      0, 0, 0, 0, 0, 0, 0, 0, 0, 0, 0, 0 ], 
  [ 0, 0, 0, 0, 0, 0, 0, 0, 0, 0, 0, 0, 0, 0, 0, 0, 0, 0, 0, 0, 0, 0, 0, 
      83/19, 0, 0, -2, 0, 0, 0, 0, 0, 0, 0, 0, 0, 0, 0, -83/38, 0, 0, 1, 0, 
      0, 0, 0, 0, 0, 0, 0, 0, 0, 0, 0, 0, 0 ], 
  [ 0, 0, 0, 0, 0, 0, 0, 0, 0, 0, 0, 0, 0, 0, 0, 0, 0, 0, 0, 0, 0, 0, 0, -7, 
      0, 0, 0, -2, 0, 0, 0, 0, 0, 0, 0, 0, 0, 0, 7/2, 0, 0, 0, 1, 0, 0, 0, 0, 
      0, 0, 0, 0, 0, 0, 0, 0, 0 ], 
  [ 0, 0, 0, 0, 0, 0, 0, 0, 0, 0, 0, 0, 0, 0, 0, 0, 0, 0, 0, 0, 0, 0, 0, 0, 
      0, 0, 0, 0, 0, 0, 0, 0, 0, 0, -8, 0, 0, 0, 0, 0, 0, 0, 0, 0, 0, 0, 0, 
      0, 0, 12, 0, 0, 0, 0, -6, 1 ] ]

17. Candidate
   Symplectic group: C3
   Component: 1; Koike (3.4), generic index 1
   Projective group ID: [ 36, 6 ]
   Strict linear group ID: [ 108, 32 ]
   Generic index: 1
   Generic full linear containment required: false
   Generic full linear containment verified: true
   Direct known case: false
   Source records: [ "C_3_generic=1_family_liftable_nonabelian.docx" ]
   Family number within this input: 5
   Strict cubic invariant dimension: 4
   Centralizer dimension: 4
   Expected moduli dimension: 0
   Determinant image order: 12
   Gonzalez status: passed
   Retained: true
   Gonzalez failure statuses: [  ]
   Matrix generators: 
[ 
  [ [ 4/13-9/13*E(4), -9/26-9/26*E(4), 0, 0, 0, 0 ], 
      [ -8/13-8/13*E(4), 9/13-4/13*E(4), 0, 0, 0, 0 ], 
      [ 0, 0, 0, 0, -83/69, -38/69 ], [ 0, 0, 0, 0, -133/69, -16/69 ], 
      [ 0, 0, -2/9, -1/9, 0, 0 ], [ 0, 0, 49/18, -79/18, 0, 0 ] ], 
  [ [ 9/13*E(3)+4/13*E(3)^2, 9/26*E(3)-9/26*E(3)^2, 0, 0, 0, 0 ], 
      [ 8/13*E(3)-8/13*E(3)^2, 4/13*E(3)+9/13*E(3)^2, 0, 0, 0, 0 ], 
      [ 0, 0, E(3), 0, 0, 0 ], [ 0, 0, 0, E(3), 0, 0 ], 
      [ 0, 0, 0, 0, E(3), 0 ], [ 0, 0, 0, 0, 0, E(3) ] ], 
  [ [ -5/13, -9/13, 0, 0, 0, 0 ], [ -16/13, 5/13, 0, 0, 0, 0 ], 
      [ 0, 0, -85/69, 176/69, 0, 0 ], [ 0, 0, -14/69, 85/69, 0, 0 ], 
      [ 0, 0, 0, 0, 13/27, 4/27 ], [ 0, 0, 0, 0, 140/27, -13/27 ] ], 
  [ [ 1, 0, 0, 0, 0, 0 ], [ 0, 1, 0, 0, 0, 0 ], [ 0, 0, E(3)^2, 0, 0, 0 ], 
      [ 0, 0, 0, E(3)^2, 0, 0 ], [ 0, 0, 0, 0, E(3), 0 ], 
      [ 0, 0, 0, 0, 0, E(3) ] ], 
  [ [ E(3), 0, 0, 0, 0, 0 ], [ 0, E(3), 0, 0, 0, 0 ], [ 0, 0, E(3), 0, 0, 0 ],
      [ 0, 0, 0, E(3), 0, 0 ], [ 0, 0, 0, 0, E(3), 0 ], 
      [ 0, 0, 0, 0, 0, E(3) ] ] ]
   Cubic invariant basis strings: 
[ 
  "(24280571/8211456)*x6^3 + (-594067/1368576)*x5*x6^2 + (-24863/62208)*x5^2*x6\
 + (-10051/1026432)*x5^3 + (595/1408)*x4^3 + (239/176)*x3*x4^2 + x3^2*x4", 
  "(-601704173/65691648)*x6^3 + (-640619/10948608)*x5*x6^2 + (351785/497664)*x\
5^2*x6 + (-56603/8211456)*x5^3 + (-4949/11264)*x4^3 + (-1785/1408)*x3*x4^2 + x\
3^3", 
  "(-4172/1665+2128/555*E(4))*x2*x4*x6 + (536/1665-184/555*E(4))*x2*x4*x5 + (-\
1732/1665+1056/185*E(4))*x2*x3*x6 + (8/9)*x2*x3*x5 + (-1043/370+798/185*E(4))*\
x1*x4*x6 + (67/185-69/185*E(4))*x1*x4*x5 + (-433/370+1188/185*E(4))*x1*x3*x6 +\
 x1*x3*x5", "(-8)*x2^3 + (12)*x1*x2^2 + (-6)*x1^2*x2 + x1^3" ]
   Cubic invariant basis vectors: 
[ [ 24280571/8211456, -594067/1368576, -24863/62208, -10051/1026432, 0, 0, 0, 
      0, 0, 595/1408, 0, 0, 0, 0, 0, 239/176, 0, 0, 1, 0, 0, 0, 0, 0, 0, 0, 
      0, 0, 0, 0, 0, 0, 0, 0, 0, 0, 0, 0, 0, 0, 0, 0, 0, 0, 0, 0, 0, 0, 0, 0, 
      0, 0, 0, 0, 0, 0 ], 
  [ -601704173/65691648, -640619/10948608, 351785/497664, -56603/8211456, 0, 
      0, 0, 0, 0, -4949/11264, 0, 0, 0, 0, 0, -1785/1408, 0, 0, 0, 1, 0, 0, 
      0, 0, 0, 0, 0, 0, 0, 0, 0, 0, 0, 0, 0, 0, 0, 0, 0, 0, 0, 0, 0, 0, 0, 0, 
      0, 0, 0, 0, 0, 0, 0, 0, 0, 0 ], 
  [ 0, 0, 0, 0, 0, 0, 0, 0, 0, 0, 0, 0, 0, 0, 0, 0, 0, 0, 0, 0, 0, 0, 0, 
      -4172/1665+2128/555*E(4), 536/1665-184/555*E(4), 0, 
      -1732/1665+1056/185*E(4), 8/9, 0, 0, 0, 0, 0, 0, 0, 0, 0, 0, 
      -1043/370+798/185*E(4), 67/185-69/185*E(4), 0, -433/370+1188/185*E(4), 
      1, 0, 0, 0, 0, 0, 0, 0, 0, 0, 0, 0, 0, 0 ], 
  [ 0, 0, 0, 0, 0, 0, 0, 0, 0, 0, 0, 0, 0, 0, 0, 0, 0, 0, 0, 0, 0, 0, 0, 0, 
      0, 0, 0, 0, 0, 0, 0, 0, 0, 0, -8, 0, 0, 0, 0, 0, 0, 0, 0, 0, 0, 0, 0, 
      0, 0, 12, 0, 0, 0, 0, -6, 1 ] ]

18. Candidate
   Symplectic group: C3
   Component: 1; Koike (3.4), generic index 1
   Projective group ID: [ 36, 6 ]
   Strict linear group ID: [ 108, 32 ]
   Generic index: 1
   Generic full linear containment required: false
   Generic full linear containment verified: true
   Direct known case: false
   Source records: [ "C_3_generic=1_family_liftable_nonabelian.docx" ]
   Family number within this input: 6
   Strict cubic invariant dimension: 4
   Centralizer dimension: 4
   Expected moduli dimension: 0
   Determinant image order: 12
   Gonzalez status: passed
   Retained: true
   Gonzalez failure statuses: [  ]
   Matrix generators: 
[ 
  [ [ 4/13-9/13*E(4), -9/26-9/26*E(4), 0, 0, 0, 0 ], 
      [ -8/13-8/13*E(4), 9/13-4/13*E(4), 0, 0, 0, 0 ], 
      [ 0, 0, 0, 0, 39/25*E(3)+8/15*E(3)^2, -28/25*E(3)+4/75*E(3)^2 ], 
      [ 0, 0, 0, 0, 49/25*E(3)+28/15*E(3)^2, 2/25*E(3)+14/75*E(3)^2 ], 
      [ 0, 0, -4/87*E(3)+1/29*E(3)^2, 44/87*E(3)+14/29*E(3)^2, 0, 0 ], 
      [ 0, 0, -7/174*E(3)-49/58*E(3)^2, 77/174*E(3)+39/58*E(3)^2, 0, 0 ] ], 
  [ [ 9/13*E(3)+4/13*E(3)^2, 9/26*E(3)-9/26*E(3)^2, 0, 0, 0, 0 ], 
      [ 8/13*E(3)-8/13*E(3)^2, 4/13*E(3)+9/13*E(3)^2, 0, 0, 0, 0 ], 
      [ 0, 0, 2/75*E(3)+79/75*E(3)^2, -22/75*E(3)-44/75*E(3)^2, 0, 0 ], 
      [ 0, 0, 7/75*E(3)+14/75*E(3)^2, -77/75*E(3)-79/75*E(3)^2, 0, 0 ], 
      [ 0, 0, 0, 0, -80/87*E(3)-73/87*E(3)^2, -8/87*E(3)-16/87*E(3)^2 ], 
      [ 0, 0, 0, 0, -70/87*E(3)-140/87*E(3)^2, -7/87*E(3)+73/87*E(3)^2 ] ], 
  [ [ -5/13, -9/13, 0, 0, 0, 0 ], [ -16/13, 5/13, 0, 0, 0, 0 ], 
      [ 0, 0, 1, 0, 0, 0 ], [ 0, 0, 0, 1, 0, 0 ], [ 0, 0, 0, 0, 1, 0 ], 
      [ 0, 0, 0, 0, 0, 1 ] ], 
  [ [ 1, 0, 0, 0, 0, 0 ], [ 0, 1, 0, 0, 0, 0 ], [ 0, 0, E(3)^2, 0, 0, 0 ], 
      [ 0, 0, 0, E(3)^2, 0, 0 ], [ 0, 0, 0, 0, E(3), 0 ], 
      [ 0, 0, 0, 0, 0, E(3) ] ], 
  [ [ E(3), 0, 0, 0, 0, 0 ], [ 0, E(3), 0, 0, 0, 0 ], [ 0, 0, E(3), 0, 0, 0 ],
      [ 0, 0, 0, E(3), 0, 0 ], [ 0, 0, 0, 0, E(3), 0 ], 
      [ 0, 0, 0, 0, 0, E(3) ] ] ]
   Cubic invariant basis strings: 
[ 
  "(-245333125/849907872)*x6^3 + (-41261875/35412828)*x5*x6^2 + (-11633750/8853\
207)*x5^2*x6 + (-13311250/26559621)*x5^3 + (2029/484)*x4^3 + (79/22)*x3*x4^2 +\
 x3^2*x4", 
  "(-135625/336864)*x6^3 + (188125/407044)*x5*x6^2 + (35000/101761)*x5^2*x6 + \
(41875/305283)*x5^3 + (-553/484)*x4^3 + (-21/22)*x3*x4^2 + x3^3", 
  "(20/11)*x2*x4*x6 + (-2/11)*x2*x4*x5 + (20)*x2*x3*x6 + (-2)*x2*x3*x5 + (-10/\
11)*x1*x4*x6 + (1/11)*x1*x4*x5 + (-10)*x1*x3*x6 + x1*x3*x5", 
  "(-8)*x2^3 + (12)*x1*x2^2 + (-6)*x1^2*x2 + x1^3" ]
   Cubic invariant basis vectors: 
[ 
  [ -245333125/849907872, -41261875/35412828, -11633750/8853207, 
      -13311250/26559621, 0, 0, 0, 0, 0, 2029/484, 0, 0, 0, 0, 0, 79/22, 0, 
      0, 1, 0, 0, 0, 0, 0, 0, 0, 0, 0, 0, 0, 0, 0, 0, 0, 0, 0, 0, 0, 0, 0, 0, 
      0, 0, 0, 0, 0, 0, 0, 0, 0, 0, 0, 0, 0, 0, 0 ], 
  [ -135625/336864, 188125/407044, 35000/101761, 41875/305283, 0, 0, 0, 0, 0, 
      -553/484, 0, 0, 0, 0, 0, -21/22, 0, 0, 0, 1, 0, 0, 0, 0, 0, 0, 0, 0, 0, 
      0, 0, 0, 0, 0, 0, 0, 0, 0, 0, 0, 0, 0, 0, 0, 0, 0, 0, 0, 0, 0, 0, 0, 0, 
      0, 0, 0 ], 
  [ 0, 0, 0, 0, 0, 0, 0, 0, 0, 0, 0, 0, 0, 0, 0, 0, 0, 0, 0, 0, 0, 0, 0, 
      20/11, -2/11, 0, 20, -2, 0, 0, 0, 0, 0, 0, 0, 0, 0, 0, -10/11, 1/11, 0, 
      -10, 1, 0, 0, 0, 0, 0, 0, 0, 0, 0, 0, 0, 0, 0 ], 
  [ 0, 0, 0, 0, 0, 0, 0, 0, 0, 0, 0, 0, 0, 0, 0, 0, 0, 0, 0, 0, 0, 0, 0, 0, 
      0, 0, 0, 0, 0, 0, 0, 0, 0, 0, -8, 0, 0, 0, 0, 0, 0, 0, 0, 0, 0, 0, 0, 
      0, 0, 12, 0, 0, 0, 0, -6, 1 ] ]

19. Candidate
   Symplectic group: C3
   Component: 1; Koike (3.4), generic index 1
   Projective group ID: [ 36, 6 ]
   Strict linear group ID: [ 108, 32 ]
   Generic index: 1
   Generic full linear containment required: false
   Generic full linear containment verified: true
   Direct known case: false
   Source records: [ "C_3_generic=1_family_liftable_nonabelian.docx" ]
   Family number within this input: 7
   Strict cubic invariant dimension: 4
   Centralizer dimension: 4
   Expected moduli dimension: 0
   Determinant image order: 12
   Gonzalez status: passed
   Retained: true
   Gonzalez failure statuses: [  ]
   Matrix generators: 
[ 
  [ [ 4/13-9/13*E(4), -9/26-9/26*E(4), 0, 0, 0, 0 ], 
      [ -8/13-8/13*E(4), 9/13-4/13*E(4), 0, 0, 0, 0 ], 
      [ 0, 0, 0, 0, -83/69, -38/69 ], [ 0, 0, 0, 0, -133/69, -16/69 ], 
      [ 0, 0, 8/27, -19/27, 0, 0 ], [ 0, 0, -133/54, 83/54, 0, 0 ] ], 
  [ [ 9/13*E(3)+4/13*E(3)^2, 9/26*E(3)-9/26*E(3)^2, 0, 0, 0, 0 ], 
      [ 8/13*E(3)-8/13*E(3)^2, 4/13*E(3)+9/13*E(3)^2, 0, 0, 0, 0 ], 
      [ 0, 0, 85/69*E(3)+8/69*E(3)^2, -176/69*E(3)-88/69*E(3)^2, 0, 0 ], 
      [ 0, 0, 14/69*E(3)+7/69*E(3)^2, -85/69*E(3)-77/69*E(3)^2, 0, 0 ], 
      [ 0, 0, 0, 0, -13/27*E(3)-20/27*E(3)^2, -4/27*E(3)-2/27*E(3)^2 ], 
      [ 0, 0, 0, 0, -140/27*E(3)-70/27*E(3)^2, 13/27*E(3)-7/27*E(3)^2 ] ], 
  [ [ -5/13, -9/13, 0, 0, 0, 0 ], [ -16/13, 5/13, 0, 0, 0, 0 ], 
      [ 0, 0, 1, 0, 0, 0 ], [ 0, 0, 0, 1, 0, 0 ], [ 0, 0, 0, 0, 1, 0 ], 
      [ 0, 0, 0, 0, 0, 1 ] ], 
  [ [ 1, 0, 0, 0, 0, 0 ], [ 0, 1, 0, 0, 0, 0 ], [ 0, 0, E(3)^2, 0, 0, 0 ], 
      [ 0, 0, 0, E(3)^2, 0, 0 ], [ 0, 0, 0, 0, E(3), 0 ], 
      [ 0, 0, 0, 0, 0, E(3) ] ], 
  [ [ E(3), 0, 0, 0, 0, 0 ], [ 0, E(3), 0, 0, 0, 0 ], [ 0, 0, E(3), 0, 0, 0 ],
      [ 0, 0, 0, E(3), 0, 0 ], [ 0, 0, 0, 0, E(3), 0 ], 
      [ 0, 0, 0, 0, 0, E(3) ] ] ]
   Cubic invariant basis strings: 
[ 
  "(1925278043/406467072)*x6^3 + (-142840051/67744512)*x5*x6^2 + (488267/338722\
56)*x5^2*x6 + (-974947/50808384)*x5^3 + (2203/7744)*x4^3 + (85/88)*x3*x4^2 + x\
3^2*x4", 
  "(-1873980913/135489024)*x6^3 + (97933241/22581504)*x5*x6^2 + (-4291777/1129\
0752)*x5^2*x6 + (301001/16936128)*x5^3 + (-595/7744)*x4^3 + (-21/88)*x3*x4^2 +\
 x3^3", 
  "(-49)*x2*x4*x6 + (4)*x2*x4*x5 + (-79)*x2*x3*x6 + (-2)*x2*x3*x5 + (49/2)*x1*\
x4*x6 + (-2)*x1*x4*x5 + (79/2)*x1*x3*x6 + x1*x3*x5", 
  "(-8)*x2^3 + (12)*x1*x2^2 + (-6)*x1^2*x2 + x1^3" ]
   Cubic invariant basis vectors: 
[ 
  [ 1925278043/406467072, -142840051/67744512, 488267/33872256, 
      -974947/50808384, 0, 0, 0, 0, 0, 2203/7744, 0, 0, 0, 0, 0, 85/88, 0, 0, 
      1, 0, 0, 0, 0, 0, 0, 0, 0, 0, 0, 0, 0, 0, 0, 0, 0, 0, 0, 0, 0, 0, 0, 0, 
      0, 0, 0, 0, 0, 0, 0, 0, 0, 0, 0, 0, 0, 0 ], 
  [ -1873980913/135489024, 97933241/22581504, -4291777/11290752, 
      301001/16936128, 0, 0, 0, 0, 0, -595/7744, 0, 0, 0, 0, 0, -21/88, 0, 0, 
      0, 1, 0, 0, 0, 0, 0, 0, 0, 0, 0, 0, 0, 0, 0, 0, 0, 0, 0, 0, 0, 0, 0, 0, 
      0, 0, 0, 0, 0, 0, 0, 0, 0, 0, 0, 0, 0, 0 ], 
  [ 0, 0, 0, 0, 0, 0, 0, 0, 0, 0, 0, 0, 0, 0, 0, 0, 0, 0, 0, 0, 0, 0, 0, -49, 
      4, 0, -79, -2, 0, 0, 0, 0, 0, 0, 0, 0, 0, 0, 49/2, -2, 0, 79/2, 1, 0, 
      0, 0, 0, 0, 0, 0, 0, 0, 0, 0, 0, 0 ], 
  [ 0, 0, 0, 0, 0, 0, 0, 0, 0, 0, 0, 0, 0, 0, 0, 0, 0, 0, 0, 0, 0, 0, 0, 0, 
      0, 0, 0, 0, 0, 0, 0, 0, 0, 0, -8, 0, 0, 0, 0, 0, 0, 0, 0, 0, 0, 0, 0, 
      0, 0, 12, 0, 0, 0, 0, -6, 1 ] ]

20. Candidate
   Symplectic group: C3
   Component: 1; Koike (3.4), generic index 1
   Projective group ID: [ 36, 6 ]
   Strict linear group ID: [ 108, 7 ]
   Generic index: 1
   Generic full linear containment required: false
   Generic full linear containment verified: true
   Direct known case: false
   Source records: [ "C_3_generic=1_family_liftable_nonabelian.docx" ]
   Family number within this input: 8
   Strict cubic invariant dimension: 4
   Centralizer dimension: 4
   Expected moduli dimension: 0
   Determinant image order: 12
   Gonzalez status: rejected
   Retained: false
   Gonzalez failure statuses: [ "forbidden_strict_invariant_spectrum", 
  "forbidden_strict_invariant_spectrum", "forbidden_strict_invariant_spectrum"
    , "forbidden_strict_invariant_spectrum", 
  "forbidden_strict_invariant_spectrum", 
  "forbidden_strict_invariant_spectrum" ]
   Matrix generators: 
[ 
  [ [ -4/13-9/13*E(4), 9/26-9/26*E(4), 0, 0, 0, 0 ], 
      [ 8/13-8/13*E(4), -9/13-4/13*E(4), 0, 0, 0, 0 ], 
      [ 0, 0, 0, 0, 4/87*E(3)+7/87*E(3)^2, -44/87*E(3)-2/87*E(3)^2 ], 
      [ 0, 0, 0, 0, 7/174*E(3)-70/87*E(3)^2, -77/174*E(3)+20/87*E(3)^2 ], 
      [ 0, 0, -77/75*E(3)-8/15*E(3)^2, 88/75*E(3)-4/75*E(3)^2, 0, 0 ], 
      [ 0, 0, -7/75*E(3)-28/15*E(3)^2, 8/75*E(3)-14/75*E(3)^2, 0, 0 ] ], 
  [ [ -4/13*E(9)^2+5/13*E(9)^5, 9/26*E(9)^2+9/13*E(9)^5, 0, 0, 0, 0 ], 
      [ 8/13*E(9)^2+16/13*E(9)^5, -9/13*E(9)^2-5/13*E(9)^5, 0, 0, 0, 0 ], 
      [ 0, 0, -80/87*E(9)^2-73/87*E(9)^5, -8/87*E(9)^2-16/87*E(9)^5, 0, 0 ], 
      [ 0, 0, -70/87*E(9)^2-140/87*E(9)^5, -7/87*E(9)^2+73/87*E(9)^5, 0, 0 ], 
      [ 0, 0, 0, 0, 2/75*E(9)^2+79/75*E(9)^5, -22/75*E(9)^2-44/75*E(9)^5 ], 
      [ 0, 0, 0, 0, 7/75*E(9)^2+14/75*E(9)^5, -77/75*E(9)^2-79/75*E(9)^5 ] ], 
  [ [ -5/13, -9/13, 0, 0, 0, 0 ], [ -16/13, 5/13, 0, 0, 0, 0 ], 
      [ 0, 0, 73/87, 16/87, 0, 0 ], [ 0, 0, 140/87, -73/87, 0, 0 ], 
      [ 0, 0, 0, 0, -79/75, 44/75 ], [ 0, 0, 0, 0, -14/75, 79/75 ] ], 
  [ [ 1, 0, 0, 0, 0, 0 ], [ 0, 1, 0, 0, 0, 0 ], [ 0, 0, E(3)^2, 0, 0, 0 ], 
      [ 0, 0, 0, E(3)^2, 0, 0 ], [ 0, 0, 0, 0, E(3), 0 ], 
      [ 0, 0, 0, 0, 0, E(3) ] ], 
  [ [ E(3), 0, 0, 0, 0, 0 ], [ 0, E(3), 0, 0, 0, 0 ], [ 0, 0, E(3), 0, 0, 0 ],
      [ 0, 0, 0, E(3), 0, 0 ], [ 0, 0, 0, 0, E(3), 0 ], 
      [ 0, 0, 0, 0, 0, E(3) ] ] ]
   Cubic invariant basis strings: 
[ 
  "(-170723/62500*E(3))*x6^3 + (-951171/15625*E(3))*x5*x6^2 + (-21730599/62500*\
E(3))*x5^2*x6 + (-2951069/31250*E(3))*x5^3 + (175/2)*x4^3 + (165/2)*x3*x4^2 + \
(-153/8)*x3^2*x4 + x3^3", 
  "(1304/135*E(12)^4+1304/135*E(12)^8+7612/675*E(12)^11)*x2*x4*x6 + (1144/135*\
E(12)^4+1144/135*E(12)^8+83732/675*E(12)^11)*x2*x4*x5 + (-652/675*E(12)^4-652/\
675*E(12)^8-1144/675*E(12)^11)*x2*x3*x6 + (-572/675*E(12)^4-572/675*E(12)^8-12\
584/675*E(12)^11)*x2*x3*x5 + (10*E(12)^4+10*E(12)^8-319/50*E(12)^11)*x1*x4*x6 \
+ (-3509/50*E(12)^11)*x1*x4*x5 + x1*x3*x6", 
  "(-364/135*E(12)^4-364/135*E(12)^8-692/675*E(12)^11)*x2*x4*x6 + (-2804/135*E\
(12)^4-2804/135*E(12)^8-7612/675*E(12)^11)*x2*x4*x5 + (182/675*E(12)^4+182/675\
*E(12)^8+104/675*E(12)^11)*x2*x3*x6 + (1402/675*E(12)^4+1402/675*E(12)^8+1144/\
675*E(12)^11)*x2*x3*x5 + (29/50*E(12)^11)*x1*x4*x6 + (10*E(12)^4+10*E(12)^8+31\
9/50*E(12)^11)*x1*x4*x5 + x1*x3*x5", 
  "(-128/81)*x2^3 + (-224/81)*x1*x2^2 + (-2/9)*x1^2*x2 + x1^3" ]
   Cubic invariant basis vectors: 
[ [ -170723/62500*E(3), -951171/15625*E(3), -21730599/62500*E(3), 
      -2951069/31250*E(3), 0, 0, 0, 0, 0, 175/2, 0, 0, 0, 0, 0, 165/2, 0, 0, 
      -153/8, 1, 0, 0, 0, 0, 0, 0, 0, 0, 0, 0, 0, 0, 0, 0, 0, 0, 0, 0, 0, 0, 
      0, 0, 0, 0, 0, 0, 0, 0, 0, 0, 0, 0, 0, 0, 0, 0 ], 
  [ 0, 0, 0, 0, 0, 0, 0, 0, 0, 0, 0, 0, 0, 0, 0, 0, 0, 0, 0, 0, 0, 0, 0, 
      1304/135*E(12)^4+1304/135*E(12)^8+7612/675*E(12)^11, 
      1144/135*E(12)^4+1144/135*E(12)^8+83732/675*E(12)^11, 0, 
      -652/675*E(12)^4-652/675*E(12)^8-1144/675*E(12)^11, 
      -572/675*E(12)^4-572/675*E(12)^8-12584/675*E(12)^11, 0, 0, 0, 0, 0, 0, 
      0, 0, 0, 0, 10*E(12)^4+10*E(12)^8-319/50*E(12)^11, -3509/50*E(12)^11, 
      0, 1, 0, 0, 0, 0, 0, 0, 0, 0, 0, 0, 0, 0, 0, 0 ], 
  [ 0, 0, 0, 0, 0, 0, 0, 0, 0, 0, 0, 0, 0, 0, 0, 0, 0, 0, 0, 0, 0, 0, 0, 
      -364/135*E(12)^4-364/135*E(12)^8-692/675*E(12)^11, 
      -2804/135*E(12)^4-2804/135*E(12)^8-7612/675*E(12)^11, 0, 
      182/675*E(12)^4+182/675*E(12)^8+104/675*E(12)^11, 
      1402/675*E(12)^4+1402/675*E(12)^8+1144/675*E(12)^11, 0, 0, 0, 0, 0, 0, 
      0, 0, 0, 0, 29/50*E(12)^11, 10*E(12)^4+10*E(12)^8+319/50*E(12)^11, 0, 
      0, 1, 0, 0, 0, 0, 0, 0, 0, 0, 0, 0, 0, 0, 0 ], 
  [ 0, 0, 0, 0, 0, 0, 0, 0, 0, 0, 0, 0, 0, 0, 0, 0, 0, 0, 0, 0, 0, 0, 0, 0, 
      0, 0, 0, 0, 0, 0, 0, 0, 0, 0, -128/81, 0, 0, 0, 0, 0, 0, 0, 0, 0, 0, 0, 
      0, 0, 0, -224/81, 0, 0, 0, 0, -2/9, 1 ] ]
   Gonzalez failures: [ rec(
      applicable := true,
      classIndex := 18,
      classSize := 1,
      linearOrder := 9,
      normalizingScalar := 1,
      ok := false,
      projectiveOrder := 3,
      projectivePowerScalar := E(3)^2,
      projectivePowerScalarExponent := 2,
      reason := "no_Gonzalez_strict_invariant_pattern_matches",
      status := "forbidden_strict_invariant_spectrum",
      testedCharacteristicPolynomial := 
       x1^6+3*E(9)^5*x1^5+(-6*E(9)^4-6*E(9)^7)*x1^4+7*E(3)^2*x1^3+6*E(9)^2*x1^\
2+3*E(9)^7*x1+E(3) ), rec(
      applicable := true,
      classIndex := 21,
      classSize := 1,
      linearOrder := 9,
      normalizingScalar := 1,
      ok := false,
      projectiveOrder := 3,
      projectivePowerScalar := E(3)^2,
      projectivePowerScalarExponent := 2,
      reason := "no_Gonzalez_strict_invariant_pattern_matches",
      status := "forbidden_strict_invariant_spectrum",
      testedCharacteristicPolynomial := 
       x1^6+3*E(9)^2*x1^5+6*E(9)^4*x1^4+7*E(3)^2*x1^3+(-6*E(9)^2-6*E(9)^5)*x1^\
2+(-3*E(9)^4-3*E(9)^7)*x1+E(3) ), rec(
      applicable := true,
      classIndex := 26,
      classSize := 1,
      linearOrder := 9,
      normalizingScalar := 1,
      ok := false,
      projectiveOrder := 3,
      projectivePowerScalar := E(3),
      projectivePowerScalarExponent := 1,
      reason := "no_Gonzalez_strict_invariant_pattern_matches",
      status := "forbidden_strict_invariant_spectrum",
      testedCharacteristicPolynomial := 
       x1^6+3*E(9)^4*x1^5+(-6*E(9)^2-6*E(9)^5)*x1^4+7*E(3)*x1^3+6*E(9)^7*x1^2+\
3*E(9)^2*x1+E(3)^2 ), rec(
      applicable := true,
      classIndex := 30,
      classSize := 1,
      linearOrder := 9,
      normalizingScalar := 1,
      ok := false,
      projectiveOrder := 3,
      projectivePowerScalar := E(3),
      projectivePowerScalarExponent := 1,
      reason := "no_Gonzalez_strict_invariant_pattern_matches",
      status := "forbidden_strict_invariant_spectrum",
      testedCharacteristicPolynomial := 
       x1^6+(-3*E(9)^4-3*E(9)^7)*x1^5+6*E(9)^2*x1^4+7*E(3)*x1^3+6*E(9)^4*x1^2+\
3*E(9)^5*x1+E(3)^2 ), rec(
      applicable := true,
      classIndex := 31,
      classSize := 1,
      linearOrder := 9,
      normalizingScalar := 1,
      ok := false,
      projectiveOrder := 3,
      projectivePowerScalar := E(3),
      projectivePowerScalarExponent := 1,
      reason := "no_Gonzalez_strict_invariant_pattern_matches",
      status := "forbidden_strict_invariant_spectrum",
      testedCharacteristicPolynomial := 
       x1^6+3*E(9)^7*x1^5+6*E(9)^5*x1^4+7*E(3)*x1^3+(-6*E(9)^4-6*E(9)^7)*x1^2+\
(-3*E(9)^2-3*E(9)^5)*x1+E(3)^2 ), rec(
      applicable := true,
      classIndex := 36,
      classSize := 1,
      linearOrder := 9,
      normalizingScalar := 1,
      ok := false,
      projectiveOrder := 3,
      projectivePowerScalar := E(3)^2,
      projectivePowerScalarExponent := 2,
      reason := "no_Gonzalez_strict_invariant_pattern_matches",
      status := "forbidden_strict_invariant_spectrum",
      testedCharacteristicPolynomial := 
       x1^6+(-3*E(9)^2-3*E(9)^5)*x1^5+6*E(9)^7*x1^4+7*E(3)^2*x1^3+6*E(9)^5*x1^\
2+3*E(9)^4*x1+E(3) ) ]

21. Candidate
   Symplectic group: C3
   Component: 1; Koike (3.4), generic index 1
   Projective group ID: [ 24, 1 ]
   Strict linear group ID: [ 72, 12 ]
   Generic index: 1
   Generic full linear containment required: false
   Generic full linear containment verified: true
   Direct known case: false
   Source records: [ "C_3_generic=1_family_liftable_nonabelian.docx" ]
   Family number within this input: 1
   Strict cubic invariant dimension: 4
   Centralizer dimension: 4
   Expected moduli dimension: 0
   Determinant image order: 8
   Gonzalez status: passed
   Retained: true
   Gonzalez failure statuses: [  ]
   Matrix generators: 
[ [ [ -9/13*E(8)-4/13*E(8)^2, -9/26*E(8)+9/26*E(8)^2, 0, 0, 0, 0 ], 
      [ -8/13*E(8)+8/13*E(8)^2, -4/13*E(8)-9/13*E(8)^2, 0, 0, 0, 0 ], 
      [ 0, 0, 0, 0, -160/69*E(12)^4-77/69*E(12)^11, 
          -16/69*E(12)^4+22/69*E(12)^11 ], 
      [ 0, 0, 0, 0, -140/69*E(12)^4-7/69*E(12)^11, 
          -14/69*E(12)^4+2/69*E(12)^11 ], 
      [ 0, 0, -7/27*E(3)-1/27*E(3)^2, 8/27*E(3)+11/27*E(3)^2, 0, 0 ], 
      [ 0, 0, 70/27*E(3)-7/54*E(3)^2, -80/27*E(3)+77/54*E(3)^2, 0, 0 ] ], 
  [ [ -4/13+9/13*E(4), 9/26+9/26*E(4), 0, 0, 0, 0 ], 
      [ 8/13+8/13*E(4), -9/13+4/13*E(4), 0, 0, 0, 0 ], 
      [ 0, 0, 8/69+77/69*E(4), -88/69-88/69*E(4), 0, 0 ], 
      [ 0, 0, 7/69+7/69*E(4), -77/69-8/69*E(4), 0, 0 ], 
      [ 0, 0, 0, 0, -20/27+7/27*E(4), -2/27-2/27*E(4) ], 
      [ 0, 0, 0, 0, -70/27-70/27*E(4), -7/27+20/27*E(4) ] ], 
  [ [ -5/13, -9/13, 0, 0, 0, 0 ], [ -16/13, 5/13, 0, 0, 0, 0 ], 
      [ 0, 0, -85/69, 176/69, 0, 0 ], [ 0, 0, -14/69, 85/69, 0, 0 ], 
      [ 0, 0, 0, 0, 13/27, 4/27 ], [ 0, 0, 0, 0, 140/27, -13/27 ] ], 
  [ [ 1, 0, 0, 0, 0, 0 ], [ 0, 1, 0, 0, 0, 0 ], [ 0, 0, E(3)^2, 0, 0, 0 ], 
      [ 0, 0, 0, E(3)^2, 0, 0 ], [ 0, 0, 0, 0, E(3), 0 ], 
      [ 0, 0, 0, 0, 0, E(3) ] ], 
  [ [ E(3), 0, 0, 0, 0, 0 ], [ 0, E(3), 0, 0, 0, 0 ], [ 0, 0, E(3), 0, 0, 0 ],
      [ 0, 0, 0, E(3), 0, 0 ], [ 0, 0, 0, 0, E(3), 0 ], 
      [ 0, 0, 0, 0, 0, E(3) ] ] ]
   Cubic invariant basis strings: 
[ 
  "(2129225/352836*E(3))*x6^3 + (60835/117612*E(3))*x5*x6^2 + (-12167/42768*E(3\
))*x5^2*x6 + (12167/705672*E(3))*x5^3 + (7/968)*x4^3 + (81/484)*x3*x4^2 + (93/\
88)*x3^2*x4 + x3^3", 
  "(304/2673*E(24)^8+304/2673*E(24)^16+15200/29403*E(24)^19)*x2*x4*x6 + (-52/2\
673*E(24)^8-52/2673*E(24)^16-1520/29403*E(24)^19)*x2*x4*x5 + (304/243*E(24)^8+\
304/243*E(24)^16+4160/2673*E(24)^19)*x2*x3*x6 + (-52/243*E(24)^8-52/243*E(24)^\
16-416/2673*E(24)^19)*x2*x3*x5 + (-1/11*E(24)^8-1/11*E(24)^16+460/1089*E(24)^1\
9)*x1*x4*x6 + (-46/1089*E(24)^19)*x1*x4*x5 + x1*x3*x6", 
  "(-1820/2673*E(24)^8-1820/2673*E(24)^16+152000/29403*E(24)^19)*x2*x4*x6 + (-\
34/2673*E(24)^8-34/2673*E(24)^16-15200/29403*E(24)^19)*x2*x4*x5 + (-1820/243*E\
(24)^8-1820/243*E(24)^16+41600/2673*E(24)^19)*x2*x3*x6 + (-34/243*E(24)^8-34/2\
43*E(24)^16-4160/2673*E(24)^19)*x2*x3*x5 + (4600/1089*E(24)^19)*x1*x4*x6 + (-1\
/11*E(24)^8-1/11*E(24)^16-460/1089*E(24)^19)*x1*x4*x5 + x1*x3*x5", 
  "(-128/81)*x2^3 + (-224/81)*x1*x2^2 + (-2/9)*x1^2*x2 + x1^3" ]
   Cubic invariant basis vectors: 
[ 
  [ 2129225/352836*E(3), 60835/117612*E(3), -12167/42768*E(3), 
      12167/705672*E(3), 0, 0, 0, 0, 0, 7/968, 0, 0, 0, 0, 0, 81/484, 0, 0, 
      93/88, 1, 0, 0, 0, 0, 0, 0, 0, 0, 0, 0, 0, 0, 0, 0, 0, 0, 0, 0, 0, 0, 
      0, 0, 0, 0, 0, 0, 0, 0, 0, 0, 0, 0, 0, 0, 0, 0 ], 
  [ 0, 0, 0, 0, 0, 0, 0, 0, 0, 0, 0, 0, 0, 0, 0, 0, 0, 0, 0, 0, 0, 0, 0, 
      304/2673*E(24)^8+304/2673*E(24)^16+15200/29403*E(24)^19, 
      -52/2673*E(24)^8-52/2673*E(24)^16-1520/29403*E(24)^19, 0, 
      304/243*E(24)^8+304/243*E(24)^16+4160/2673*E(24)^19, 
      -52/243*E(24)^8-52/243*E(24)^16-416/2673*E(24)^19, 0, 0, 0, 0, 0, 0, 0, 
      0, 0, 0, -1/11*E(24)^8-1/11*E(24)^16+460/1089*E(24)^19, 
      -46/1089*E(24)^19, 0, 1, 0, 0, 0, 0, 0, 0, 0, 0, 0, 0, 0, 0, 0, 0 ], 
  [ 0, 0, 0, 0, 0, 0, 0, 0, 0, 0, 0, 0, 0, 0, 0, 0, 0, 0, 0, 0, 0, 0, 0, 
      -1820/2673*E(24)^8-1820/2673*E(24)^16+152000/29403*E(24)^19, 
      -34/2673*E(24)^8-34/2673*E(24)^16-15200/29403*E(24)^19, 0, 
      -1820/243*E(24)^8-1820/243*E(24)^16+41600/2673*E(24)^19, 
      -34/243*E(24)^8-34/243*E(24)^16-4160/2673*E(24)^19, 0, 0, 0, 0, 0, 0, 
      0, 0, 0, 0, 4600/1089*E(24)^19, 
      -1/11*E(24)^8-1/11*E(24)^16-460/1089*E(24)^19, 0, 0, 1, 0, 0, 0, 0, 0, 
      0, 0, 0, 0, 0, 0, 0, 0 ], 
  [ 0, 0, 0, 0, 0, 0, 0, 0, 0, 0, 0, 0, 0, 0, 0, 0, 0, 0, 0, 0, 0, 0, 0, 0, 
      0, 0, 0, 0, 0, 0, 0, 0, 0, 0, -128/81, 0, 0, 0, 0, 0, 0, 0, 0, 0, 0, 0, 
      0, 0, 0, -224/81, 0, 0, 0, 0, -2/9, 1 ] ]

22. Candidate
   Symplectic group: C3
   Component: 1; Koike (3.4), generic index 1
   Projective group ID: [ 24, 1 ]
   Strict linear group ID: [ 72, 12 ]
   Generic index: 1
   Generic full linear containment required: false
   Generic full linear containment verified: true
   Direct known case: false
   Source records: [ "C_3_generic=1_family_liftable_nonabelian.docx" ]
   Family number within this input: 2
   Strict cubic invariant dimension: 4
   Centralizer dimension: 4
   Expected moduli dimension: 0
   Determinant image order: 8
   Gonzalez status: passed
   Retained: true
   Gonzalez failure statuses: [  ]
   Matrix generators: 
[ [ [ -9/13*E(8)-4/13*E(8)^2, -9/26*E(8)+9/26*E(8)^2, 0, 0, 0, 0 ], 
      [ -8/13*E(8)+8/13*E(8)^2, -4/13*E(8)-9/13*E(8)^2, 0, 0, 0, 0 ], 
      [ 0, 0, 0, 0, 11/87*E(3), -46/87*E(3) ], 
      [ 0, 0, 0, 0, -133/174*E(3), -37/174*E(3) ], 
      [ 0, 0, -39/25*E(3)^2, 28/25*E(3)^2, 0, 0 ], 
      [ 0, 0, -49/25*E(3)^2, -2/25*E(3)^2, 0, 0 ] ], 
  [ [ -4/13+9/13*E(4), 9/26+9/26*E(4), 0, 0, 0, 0 ], 
      [ 8/13+8/13*E(4), -9/13+4/13*E(4), 0, 0, 0, 0 ], 
      [ 0, 0, 73/87, 16/87, 0, 0 ], [ 0, 0, 140/87, -73/87, 0, 0 ], 
      [ 0, 0, 0, 0, -79/75, 44/75 ], [ 0, 0, 0, 0, -14/75, 79/75 ] ], 
  [ [ -5/13, -9/13, 0, 0, 0, 0 ], [ -16/13, 5/13, 0, 0, 0, 0 ], 
      [ 0, 0, 1, 0, 0, 0 ], [ 0, 0, 0, 1, 0, 0 ], [ 0, 0, 0, 0, 1, 0 ], 
      [ 0, 0, 0, 0, 0, 1 ] ], 
  [ [ 1, 0, 0, 0, 0, 0 ], [ 0, 1, 0, 0, 0, 0 ], [ 0, 0, E(3)^2, 0, 0, 0 ], 
      [ 0, 0, 0, E(3)^2, 0, 0 ], [ 0, 0, 0, 0, E(3), 0 ], 
      [ 0, 0, 0, 0, 0, E(3) ] ], 
  [ [ E(3), 0, 0, 0, 0, 0 ], [ 0, E(3), 0, 0, 0, 0 ], [ 0, 0, E(3), 0, 0, 0 ],
      [ 0, 0, 0, E(3), 0, 0 ], [ 0, 0, 0, 0, E(3), 0 ], 
      [ 0, 0, 0, 0, 0, E(3) ] ] ]
   Cubic invariant basis strings: 
[ 
  "(-64757/250000)*x6^3 + (308647/125000)*x5*x6^2 + (993221/62500)*x5^2*x6 + (1\
35401/31250)*x5^3 + (-511/128)*x4^3 + (-59/16)*x3*x4^2 + x3^2*x4", 
  "(-15370957/2000000)*x6^3 + (-13651953/1000000)*x5*x6^2 + (-21881979/500000)\
*x5^2*x6 + (-2892199/250000)*x5^3 + (11417/1024)*x4^3 + (1533/128)*x3*x4^2 + x\
3^3", 
  "(-7/485+3087/970*E(4))*x2*x4*x6 + (-827/485+957/970*E(4))*x2*x4*x5 + (-19/9\
7-30/97*E(4))*x2*x3*x6 + (-2)*x2*x3*x5 + (7/970-3087/1940*E(4))*x1*x4*x6 + (82\
7/970-957/1940*E(4))*x1*x4*x5 + (19/194+15/97*E(4))*x1*x3*x6 + x1*x3*x5", 
  "(-128/81)*x2^3 + (-224/81)*x1*x2^2 + (-2/9)*x1^2*x2 + x1^3" ]
   Cubic invariant basis vectors: 
[ [ -64757/250000, 308647/125000, 993221/62500, 135401/31250, 0, 0, 0, 0, 0, 
      -511/128, 0, 0, 0, 0, 0, -59/16, 0, 0, 1, 0, 0, 0, 0, 0, 0, 0, 0, 0, 0, 
      0, 0, 0, 0, 0, 0, 0, 0, 0, 0, 0, 0, 0, 0, 0, 0, 0, 0, 0, 0, 0, 0, 0, 0, 
      0, 0, 0 ], 
  [ -15370957/2000000, -13651953/1000000, -21881979/500000, -2892199/250000, 
      0, 0, 0, 0, 0, 11417/1024, 0, 0, 0, 0, 0, 1533/128, 0, 0, 0, 1, 0, 0, 
      0, 0, 0, 0, 0, 0, 0, 0, 0, 0, 0, 0, 0, 0, 0, 0, 0, 0, 0, 0, 0, 0, 0, 0, 
      0, 0, 0, 0, 0, 0, 0, 0, 0, 0 ], 
  [ 0, 0, 0, 0, 0, 0, 0, 0, 0, 0, 0, 0, 0, 0, 0, 0, 0, 0, 0, 0, 0, 0, 0, 
      -7/485+3087/970*E(4), -827/485+957/970*E(4), 0, -19/97-30/97*E(4), -2, 
      0, 0, 0, 0, 0, 0, 0, 0, 0, 0, 7/970-3087/1940*E(4), 
      827/970-957/1940*E(4), 0, 19/194+15/97*E(4), 1, 0, 0, 0, 0, 0, 0, 0, 0, 
      0, 0, 0, 0, 0 ], 
  [ 0, 0, 0, 0, 0, 0, 0, 0, 0, 0, 0, 0, 0, 0, 0, 0, 0, 0, 0, 0, 0, 0, 0, 0, 
      0, 0, 0, 0, 0, 0, 0, 0, 0, 0, -128/81, 0, 0, 0, 0, 0, 0, 0, 0, 0, 0, 0, 
      0, 0, 0, -224/81, 0, 0, 0, 0, -2/9, 1 ] ]

23. Candidate
   Symplectic group: C3
   Component: 1; Koike (3.4), generic index 1
   Projective group ID: [ 24, 1 ]
   Strict linear group ID: [ 72, 12 ]
   Generic index: 1
   Generic full linear containment required: false
   Generic full linear containment verified: true
   Direct known case: false
   Source records: [ "C_3_generic=1_family_liftable_nonabelian.docx" ]
   Family number within this input: 3
   Strict cubic invariant dimension: 4
   Centralizer dimension: 4
   Expected moduli dimension: 0
   Determinant image order: 8
   Gonzalez status: passed
   Retained: true
   Gonzalez failure statuses: [  ]
   Matrix generators: 
[ 
  [ [ 4/13-9/13*E(8)^3, -9/26-9/26*E(8)^3, 0, 0, 0, 0 ], 
      [ -8/13-8/13*E(8)^3, 9/13-4/13*E(8)^3, 0, 0, 0, 0 ], 
      [ 0, 0, 0, 0, 4/87*E(12)^4-7/87*E(12)^11, -44/87*E(12)^4+2/87*E(12)^11 ]
        , 
      [ 0, 0, 0, 0, 7/174*E(12)^4+70/87*E(12)^11, 
          -77/174*E(12)^4-20/87*E(12)^11 ], 
      [ 0, 0, -77/75*E(3)-8/15*E(3)^2, 88/75*E(3)-4/75*E(3)^2, 0, 0 ], 
      [ 0, 0, -7/75*E(3)-28/15*E(3)^2, 8/75*E(3)-14/75*E(3)^2, 0, 0 ] ], 
  [ [ 4/13-9/13*E(4), -9/26-9/26*E(4), 0, 0, 0, 0 ], 
      [ -8/13-8/13*E(4), 9/13-4/13*E(4), 0, 0, 0, 0 ], 
      [ 0, 0, 80/87+7/87*E(4), 8/87-8/87*E(4), 0, 0 ], 
      [ 0, 0, 70/87-70/87*E(4), 7/87+80/87*E(4), 0, 0 ], 
      [ 0, 0, 0, 0, -2/75+77/75*E(4), 22/75-22/75*E(4) ], 
      [ 0, 0, 0, 0, -7/75+7/75*E(4), 77/75-2/75*E(4) ] ], 
  [ [ -5/13, -9/13, 0, 0, 0, 0 ], [ -16/13, 5/13, 0, 0, 0, 0 ], 
      [ 0, 0, 73/87, 16/87, 0, 0 ], [ 0, 0, 140/87, -73/87, 0, 0 ], 
      [ 0, 0, 0, 0, -79/75, 44/75 ], [ 0, 0, 0, 0, -14/75, 79/75 ] ], 
  [ [ 1, 0, 0, 0, 0, 0 ], [ 0, 1, 0, 0, 0, 0 ], [ 0, 0, E(3)^2, 0, 0, 0 ], 
      [ 0, 0, 0, E(3)^2, 0, 0 ], [ 0, 0, 0, 0, E(3), 0 ], 
      [ 0, 0, 0, 0, 0, E(3) ] ], 
  [ [ E(3), 0, 0, 0, 0, 0 ], [ 0, E(3), 0, 0, 0, 0 ], [ 0, 0, E(3), 0, 0, 0 ],
      [ 0, 0, 0, E(3), 0, 0 ], [ 0, 0, 0, 0, E(3), 0 ], 
      [ 0, 0, 0, 0, 0, E(3) ] ] ]
   Cubic invariant basis strings: 
[ 
  "(-8365427/1000000)*x6^3 + (-3585183/500000)*x5*x6^2 + (-512169/250000)*x5^2*\
x6 + (-24389/125000)*x5^3 + (343/512)*x4^3 + (147/64)*x3*x4^2 + (21/8)*x3^2*x4\
 + x3^3", 
  "(4907/2700*E(24)^8+1799/5400*E(24)^11+4907/2700*E(24)^16)*x2*x4*x6 + (1001/\
1350*E(24)^8+257/2700*E(24)^11+1001/1350*E(24)^16)*x2*x4*x5 + (1402/675*E(24)^\
8-91/675*E(24)^11+1402/675*E(24)^16)*x2*x3*x6 + (572/675*E(24)^8-26/675*E(24)^\
11+572/675*E(24)^16)*x2*x3*x5 + (-7/8*E(24)^8+203/400*E(24)^11-7/8*E(24)^16)*x\
1*x4*x6 + (29/200*E(24)^11)*x1*x4*x5 + x1*x3*x6", 
  "(-637/2700*E(24)^8-12593/10800*E(24)^11-637/2700*E(24)^16)*x2*x4*x6 + (-114\
1/1350*E(24)^8-1799/5400*E(24)^11-1141/1350*E(24)^16)*x2*x4*x5 + (-182/675*E(2\
4)^8+637/1350*E(24)^11-182/675*E(24)^16)*x2*x3*x6 + (-652/675*E(24)^8+91/675*E\
(24)^11-652/675*E(24)^16)*x2*x3*x5 + (-1421/800*E(24)^11)*x1*x4*x6 + (-7/8*E(2\
4)^8-203/400*E(24)^11-7/8*E(24)^16)*x1*x4*x5 + x1*x3*x5", 
  "(-8)*x2^3 + (12)*x1*x2^2 + (-6)*x1^2*x2 + x1^3" ]
   Cubic invariant basis vectors: 
[ [ -8365427/1000000, -3585183/500000, -512169/250000, -24389/125000, 0, 0, 
      0, 0, 0, 343/512, 0, 0, 0, 0, 0, 147/64, 0, 0, 21/8, 1, 0, 0, 0, 0, 0, 
      0, 0, 0, 0, 0, 0, 0, 0, 0, 0, 0, 0, 0, 0, 0, 0, 0, 0, 0, 0, 0, 0, 0, 0, 
      0, 0, 0, 0, 0, 0, 0 ], 
  [ 0, 0, 0, 0, 0, 0, 0, 0, 0, 0, 0, 0, 0, 0, 0, 0, 0, 0, 0, 0, 0, 0, 0, 
      4907/2700*E(24)^8+1799/5400*E(24)^11+4907/2700*E(24)^16, 
      1001/1350*E(24)^8+257/2700*E(24)^11+1001/1350*E(24)^16, 0, 
      1402/675*E(24)^8-91/675*E(24)^11+1402/675*E(24)^16, 
      572/675*E(24)^8-26/675*E(24)^11+572/675*E(24)^16, 0, 0, 0, 0, 0, 0, 0, 
      0, 0, 0, -7/8*E(24)^8+203/400*E(24)^11-7/8*E(24)^16, 29/200*E(24)^11, 
      0, 1, 0, 0, 0, 0, 0, 0, 0, 0, 0, 0, 0, 0, 0, 0 ], 
  [ 0, 0, 0, 0, 0, 0, 0, 0, 0, 0, 0, 0, 0, 0, 0, 0, 0, 0, 0, 0, 0, 0, 0, 
      -637/2700*E(24)^8-12593/10800*E(24)^11-637/2700*E(24)^16, 
      -1141/1350*E(24)^8-1799/5400*E(24)^11-1141/1350*E(24)^16, 0, 
      -182/675*E(24)^8+637/1350*E(24)^11-182/675*E(24)^16, 
      -652/675*E(24)^8+91/675*E(24)^11-652/675*E(24)^16, 0, 0, 0, 0, 0, 0, 0, 
      0, 0, 0, -1421/800*E(24)^11, -7/8*E(24)^8-203/400*E(24)^11-7/8*E(24)^16,
      0, 0, 1, 0, 0, 0, 0, 0, 0, 0, 0, 0, 0, 0, 0, 0 ], 
  [ 0, 0, 0, 0, 0, 0, 0, 0, 0, 0, 0, 0, 0, 0, 0, 0, 0, 0, 0, 0, 0, 0, 0, 0, 
      0, 0, 0, 0, 0, 0, 0, 0, 0, 0, -8, 0, 0, 0, 0, 0, 0, 0, 0, 0, 0, 0, 0, 
      0, 0, 12, 0, 0, 0, 0, -6, 1 ] ]

24. Candidate
   Symplectic group: C3
   Component: 1; Koike (3.4), generic index 1
   Projective group ID: [ 24, 1 ]
   Strict linear group ID: [ 72, 12 ]
   Generic index: 1
   Generic full linear containment required: false
   Generic full linear containment verified: true
   Direct known case: false
   Source records: [ "C_3_generic=1_family_liftable_nonabelian.docx" ]
   Family number within this input: 4
   Strict cubic invariant dimension: 4
   Centralizer dimension: 4
   Expected moduli dimension: 0
   Determinant image order: 8
   Gonzalez status: passed
   Retained: true
   Gonzalez failure statuses: [  ]
   Matrix generators: 
[ 
  [ [ 4/13-9/13*E(8)^3, -9/26-9/26*E(8)^3, 0, 0, 0, 0 ], 
      [ -8/13-8/13*E(8)^3, 9/13-4/13*E(8)^3, 0, 0, 0, 0 ], 
      [ 0, 0, 0, 0, 11/87*E(3), -46/87*E(3) ], 
      [ 0, 0, 0, 0, -133/174*E(3), -37/174*E(3) ], 
      [ 0, 0, -39/25*E(3)^2, 28/25*E(3)^2, 0, 0 ], 
      [ 0, 0, -49/25*E(3)^2, -2/25*E(3)^2, 0, 0 ] ], 
  [ [ 4/13-9/13*E(4), -9/26-9/26*E(4), 0, 0, 0, 0 ], 
      [ -8/13-8/13*E(4), 9/13-4/13*E(4), 0, 0, 0, 0 ], 
      [ 0, 0, 73/87, 16/87, 0, 0 ], [ 0, 0, 140/87, -73/87, 0, 0 ], 
      [ 0, 0, 0, 0, -79/75, 44/75 ], [ 0, 0, 0, 0, -14/75, 79/75 ] ], 
  [ [ -5/13, -9/13, 0, 0, 0, 0 ], [ -16/13, 5/13, 0, 0, 0, 0 ], 
      [ 0, 0, 1, 0, 0, 0 ], [ 0, 0, 0, 1, 0, 0 ], [ 0, 0, 0, 0, 1, 0 ], 
      [ 0, 0, 0, 0, 0, 1 ] ], 
  [ [ 1, 0, 0, 0, 0, 0 ], [ 0, 1, 0, 0, 0, 0 ], [ 0, 0, E(3)^2, 0, 0, 0 ], 
      [ 0, 0, 0, E(3)^2, 0, 0 ], [ 0, 0, 0, 0, E(3), 0 ], 
      [ 0, 0, 0, 0, 0, E(3) ] ], 
  [ [ E(3), 0, 0, 0, 0, 0 ], [ 0, E(3), 0, 0, 0, 0 ], [ 0, 0, E(3), 0, 0, 0 ],
      [ 0, 0, 0, E(3), 0, 0 ], [ 0, 0, 0, 0, E(3), 0 ], 
      [ 0, 0, 0, 0, 0, E(3) ] ] ]
   Cubic invariant basis strings: 
[ 
  "(-64757/250000)*x6^3 + (308647/125000)*x5*x6^2 + (993221/62500)*x5^2*x6 + (1\
35401/31250)*x5^3 + (-511/128)*x4^3 + (-59/16)*x3*x4^2 + x3^2*x4", 
  "(-15370957/2000000)*x6^3 + (-13651953/1000000)*x5*x6^2 + (-21881979/500000)\
*x5^2*x6 + (-2892199/250000)*x5^3 + (11417/1024)*x4^3 + (1533/128)*x3*x4^2 + x\
3^3", 
  "(-49/8)*x2*x4*x6 + (-7/4)*x2*x4*x5 + (-7)*x2*x3*x6 + (-2)*x2*x3*x5 + (49/16\
)*x1*x4*x6 + (7/8)*x1*x4*x5 + (7/2)*x1*x3*x6 + x1*x3*x5", 
  "(-8)*x2^3 + (12)*x1*x2^2 + (-6)*x1^2*x2 + x1^3" ]
   Cubic invariant basis vectors: 
[ [ -64757/250000, 308647/125000, 993221/62500, 135401/31250, 0, 0, 0, 0, 0, 
      -511/128, 0, 0, 0, 0, 0, -59/16, 0, 0, 1, 0, 0, 0, 0, 0, 0, 0, 0, 0, 0, 
      0, 0, 0, 0, 0, 0, 0, 0, 0, 0, 0, 0, 0, 0, 0, 0, 0, 0, 0, 0, 0, 0, 0, 0, 
      0, 0, 0 ], 
  [ -15370957/2000000, -13651953/1000000, -21881979/500000, -2892199/250000, 
      0, 0, 0, 0, 0, 11417/1024, 0, 0, 0, 0, 0, 1533/128, 0, 0, 0, 1, 0, 0, 
      0, 0, 0, 0, 0, 0, 0, 0, 0, 0, 0, 0, 0, 0, 0, 0, 0, 0, 0, 0, 0, 0, 0, 0, 
      0, 0, 0, 0, 0, 0, 0, 0, 0, 0 ], 
  [ 0, 0, 0, 0, 0, 0, 0, 0, 0, 0, 0, 0, 0, 0, 0, 0, 0, 0, 0, 0, 0, 0, 0, 
      -49/8, -7/4, 0, -7, -2, 0, 0, 0, 0, 0, 0, 0, 0, 0, 0, 49/16, 7/8, 0, 
      7/2, 1, 0, 0, 0, 0, 0, 0, 0, 0, 0, 0, 0, 0, 0 ], 
  [ 0, 0, 0, 0, 0, 0, 0, 0, 0, 0, 0, 0, 0, 0, 0, 0, 0, 0, 0, 0, 0, 0, 0, 0, 
      0, 0, 0, 0, 0, 0, 0, 0, 0, 0, -8, 0, 0, 0, 0, 0, 0, 0, 0, 0, 0, 0, 0, 
      0, 0, 12, 0, 0, 0, 0, -6, 1 ] ]

25. Candidate
   Symplectic group: C3
   Component: 1; Koike (3.4), generic index 1
   Projective group ID: [ 24, 1 ]
   Strict linear group ID: [ 72, 12 ]
   Generic index: 1
   Generic full linear containment required: false
   Generic full linear containment verified: true
   Direct known case: false
   Source records: [ "C_3_generic=1_family_liftable_nonabelian.docx" ]
   Family number within this input: 5
   Strict cubic invariant dimension: 8
   Centralizer dimension: 6
   Expected moduli dimension: 2
   Determinant image order: 8
   Gonzalez status: passed
   Retained: true
   Gonzalez failure statuses: [  ]
   Matrix generators: 
[ 
  [ [ 4/13-9/13*E(8)^3, -9/26-9/26*E(8)^3, 0, 0, 0, 0 ], 
      [ -8/13-8/13*E(8)^3, 9/13-4/13*E(8)^3, 0, 0, 0, 0 ], 
      [ 0, 0, 0, 0, 8/27*E(3), -19/27*E(3) ], 
      [ 0, 0, 0, 0, -133/54*E(3), 83/54*E(3) ], 
      [ 0, 0, -83/69*E(3)^2, -38/69*E(3)^2, 0, 0 ], 
      [ 0, 0, -133/69*E(3)^2, -16/69*E(3)^2, 0, 0 ] ], 
  [ [ 4/13-9/13*E(4), -9/26-9/26*E(4), 0, 0, 0, 0 ], 
      [ -8/13-8/13*E(4), 9/13-4/13*E(4), 0, 0, 0, 0 ], [ 0, 0, 1, 0, 0, 0 ], 
      [ 0, 0, 0, 1, 0, 0 ], [ 0, 0, 0, 0, 1, 0 ], [ 0, 0, 0, 0, 0, 1 ] ], 
  [ [ -5/13, -9/13, 0, 0, 0, 0 ], [ -16/13, 5/13, 0, 0, 0, 0 ], 
      [ 0, 0, 1, 0, 0, 0 ], [ 0, 0, 0, 1, 0, 0 ], [ 0, 0, 0, 0, 1, 0 ], 
      [ 0, 0, 0, 0, 0, 1 ] ], 
  [ [ 1, 0, 0, 0, 0, 0 ], [ 0, 1, 0, 0, 0, 0 ], [ 0, 0, E(3)^2, 0, 0, 0 ], 
      [ 0, 0, 0, E(3)^2, 0, 0 ], [ 0, 0, 0, 0, E(3), 0 ], 
      [ 0, 0, 0, 0, 0, E(3) ] ], 
  [ [ E(3), 0, 0, 0, 0, 0 ], [ 0, E(3), 0, 0, 0, 0 ], [ 0, 0, E(3), 0, 0, 0 ],
      [ 0, 0, 0, E(3), 0, 0 ], [ 0, 0, 0, 0, E(3), 0 ], 
      [ 0, 0, 0, 0, 0, E(3) ] ] ]
   Cubic invariant basis strings: 
[ 
  "(-4096/328509)*x6^3 + (-9728/109503)*x5*x6^2 + (-23104/109503)*x5^2*x6 + (-5\
4872/328509)*x5^3 + x4^3", 
  "(-34048/328509)*x6^3 + (-60992/109503)*x5*x6^2 + (-97660/109503)*x5^2*x6 + \
(-119852/328509)*x5^3 + x3*x4^2", 
  "(-283024/328509)*x6^3 + (-341810/109503)*x5*x6^2 + (-316396/109503)*x5^2*x6\
 + (-261782/328509)*x5^3 + x3^2*x4", 
  "(-2352637/328509)*x6^3 + (-1468187/109503)*x5*x6^2 + (-916237/109503)*x5^2*\
x6 + (-571787/328509)*x5^3 + x3^3", 
  "(-16/19)*x2*x4*x6 + (-2)*x2*x4*x5 + (8/19)*x1*x4*x6 + x1*x4*x5", 
  "(83/19)*x2*x4*x6 + (-2)*x2*x3*x6 + (-83/38)*x1*x4*x6 + x1*x3*x6", 
  "(-7)*x2*x4*x6 + (-2)*x2*x3*x5 + (7/2)*x1*x4*x6 + x1*x3*x5", 
  "(-8)*x2^3 + (12)*x1*x2^2 + (-6)*x1^2*x2 + x1^3" ]
   Cubic invariant basis vectors: 
[ [ -4096/328509, -9728/109503, -23104/109503, -54872/328509, 0, 0, 0, 0, 0, 
      1, 0, 0, 0, 0, 0, 0, 0, 0, 0, 0, 0, 0, 0, 0, 0, 0, 0, 0, 0, 0, 0, 0, 0, 
      0, 0, 0, 0, 0, 0, 0, 0, 0, 0, 0, 0, 0, 0, 0, 0, 0, 0, 0, 0, 0, 0, 0 ], 
  [ -34048/328509, -60992/109503, -97660/109503, -119852/328509, 0, 0, 0, 0, 
      0, 0, 0, 0, 0, 0, 0, 1, 0, 0, 0, 0, 0, 0, 0, 0, 0, 0, 0, 0, 0, 0, 0, 0, 
      0, 0, 0, 0, 0, 0, 0, 0, 0, 0, 0, 0, 0, 0, 0, 0, 0, 0, 0, 0, 0, 0, 0, 0 ]
    , [ -283024/328509, -341810/109503, -316396/109503, -261782/328509, 0, 0, 
      0, 0, 0, 0, 0, 0, 0, 0, 0, 0, 0, 0, 1, 0, 0, 0, 0, 0, 0, 0, 0, 0, 0, 0, 
      0, 0, 0, 0, 0, 0, 0, 0, 0, 0, 0, 0, 0, 0, 0, 0, 0, 0, 0, 0, 0, 0, 0, 0, 
      0, 0 ], 
  [ -2352637/328509, -1468187/109503, -916237/109503, -571787/328509, 0, 0, 
      0, 0, 0, 0, 0, 0, 0, 0, 0, 0, 0, 0, 0, 1, 0, 0, 0, 0, 0, 0, 0, 0, 0, 0, 
      0, 0, 0, 0, 0, 0, 0, 0, 0, 0, 0, 0, 0, 0, 0, 0, 0, 0, 0, 0, 0, 0, 0, 0, 
      0, 0 ], 
  [ 0, 0, 0, 0, 0, 0, 0, 0, 0, 0, 0, 0, 0, 0, 0, 0, 0, 0, 0, 0, 0, 0, 0, 
      -16/19, -2, 0, 0, 0, 0, 0, 0, 0, 0, 0, 0, 0, 0, 0, 8/19, 1, 0, 0, 0, 0, 
      0, 0, 0, 0, 0, 0, 0, 0, 0, 0, 0, 0 ], 
  [ 0, 0, 0, 0, 0, 0, 0, 0, 0, 0, 0, 0, 0, 0, 0, 0, 0, 0, 0, 0, 0, 0, 0, 
      83/19, 0, 0, -2, 0, 0, 0, 0, 0, 0, 0, 0, 0, 0, 0, -83/38, 0, 0, 1, 0, 
      0, 0, 0, 0, 0, 0, 0, 0, 0, 0, 0, 0, 0 ], 
  [ 0, 0, 0, 0, 0, 0, 0, 0, 0, 0, 0, 0, 0, 0, 0, 0, 0, 0, 0, 0, 0, 0, 0, -7, 
      0, 0, 0, -2, 0, 0, 0, 0, 0, 0, 0, 0, 0, 0, 7/2, 0, 0, 0, 1, 0, 0, 0, 0, 
      0, 0, 0, 0, 0, 0, 0, 0, 0 ], 
  [ 0, 0, 0, 0, 0, 0, 0, 0, 0, 0, 0, 0, 0, 0, 0, 0, 0, 0, 0, 0, 0, 0, 0, 0, 
      0, 0, 0, 0, 0, 0, 0, 0, 0, 0, -8, 0, 0, 0, 0, 0, 0, 0, 0, 0, 0, 0, 0, 
      0, 0, 12, 0, 0, 0, 0, -6, 1 ] ]

26. Candidate
   Symplectic group: C3
   Component: 2; Koike (3.3), generic index 2
   Projective group ID: [ 18, 3 ]
   Strict linear group ID: [ 54, 12 ]
   Generic index: 2
   Generic full linear containment required: true
   Generic full linear containment verified: true
   Direct known case: false
   Source records: [ "G_s=C_3_generic_index=2_family_non-abelian.docx" ]
   Family number within this input: 1
   Strict cubic invariant dimension: 21
   Centralizer dimension: 17
   Expected moduli dimension: 4
   Determinant image order: 6
   Gonzalez status: passed
   Retained: true
   Gonzalez failure statuses: [  ]
   Matrix generators: 
[ [ [ 1, 0, 0, 0, 0, 0 ], [ 0, 1, 0, 0, 0, 0 ], [ 0, 0, 1, 0, 0, 0 ], 
      [ 0, 0, 0, 1, 0, 0 ], [ 0, 0, 0, 0, 0, 1/9*E(3) ], 
      [ 0, 0, 0, 0, 9*E(3)^2, 0 ] ], 
  [ [ E(3)^2, 0, 0, 0, 0, 0 ], [ 0, E(3)^2, 0, 0, 0, 0 ], 
      [ 0, 0, E(3)^2, 0, 0, 0 ], [ 0, 0, 0, E(3)^2, 0, 0 ], 
      [ 0, 0, 0, 0, E(3), 0 ], [ 0, 0, 0, 0, 0, E(3) ] ], 
  [ [ 1, 0, 0, 0, 0, 0 ], [ 0, 1, 0, 0, 0, 0 ], [ 0, 0, 1, 0, 0, 0 ], 
      [ 0, 0, 0, 1, 0, 0 ], [ 0, 0, 0, 0, E(3), 0 ], 
      [ 0, 0, 0, 0, 0, E(3)^2 ] ], 
  [ [ E(3), 0, 0, 0, 0, 0 ], [ 0, E(3), 0, 0, 0, 0 ], [ 0, 0, E(3), 0, 0, 0 ],
      [ 0, 0, 0, E(3), 0, 0 ], [ 0, 0, 0, 0, E(3), 0 ], 
      [ 0, 0, 0, 0, 0, E(3) ] ] ]
   Cubic invariant basis strings: [ "(729)*x6^3 + x5^3", "x4^3", "x3*x4^2", 
  "x3^2*x4", "x3^3", "x2*x4^2", "x2*x3*x4", "x2*x3^2", "x2^2*x4", "x2^2*x3", 
  "x2^3", "x1*x4^2", "x1*x3*x4", "x1*x3^2", "x1*x2*x4", "x1*x2*x3", 
  "x1*x2^2", "x1^2*x4", "x1^2*x3", "x1^2*x2", "x1^3" ]
   Cubic invariant basis vectors: 
[ [ 729, 0, 0, 1, 0, 0, 0, 0, 0, 0, 0, 0, 0, 0, 0, 0, 0, 0, 0, 0, 0, 0, 0, 0, 
      0, 0, 0, 0, 0, 0, 0, 0, 0, 0, 0, 0, 0, 0, 0, 0, 0, 0, 0, 0, 0, 0, 0, 0, 
      0, 0, 0, 0, 0, 0, 0, 0 ], 
  [ 0, 0, 0, 0, 0, 0, 0, 0, 0, 1, 0, 0, 0, 0, 0, 0, 0, 0, 0, 0, 0, 0, 0, 0, 
      0, 0, 0, 0, 0, 0, 0, 0, 0, 0, 0, 0, 0, 0, 0, 0, 0, 0, 0, 0, 0, 0, 0, 0, 
      0, 0, 0, 0, 0, 0, 0, 0 ], 
  [ 0, 0, 0, 0, 0, 0, 0, 0, 0, 0, 0, 0, 0, 0, 0, 1, 0, 0, 0, 0, 0, 0, 0, 0, 
      0, 0, 0, 0, 0, 0, 0, 0, 0, 0, 0, 0, 0, 0, 0, 0, 0, 0, 0, 0, 0, 0, 0, 0, 
      0, 0, 0, 0, 0, 0, 0, 0 ], 
  [ 0, 0, 0, 0, 0, 0, 0, 0, 0, 0, 0, 0, 0, 0, 0, 0, 0, 0, 1, 0, 0, 0, 0, 0, 
      0, 0, 0, 0, 0, 0, 0, 0, 0, 0, 0, 0, 0, 0, 0, 0, 0, 0, 0, 0, 0, 0, 0, 0, 
      0, 0, 0, 0, 0, 0, 0, 0 ], 
  [ 0, 0, 0, 0, 0, 0, 0, 0, 0, 0, 0, 0, 0, 0, 0, 0, 0, 0, 0, 1, 0, 0, 0, 0, 
      0, 0, 0, 0, 0, 0, 0, 0, 0, 0, 0, 0, 0, 0, 0, 0, 0, 0, 0, 0, 0, 0, 0, 0, 
      0, 0, 0, 0, 0, 0, 0, 0 ], 
  [ 0, 0, 0, 0, 0, 0, 0, 0, 0, 0, 0, 0, 0, 0, 0, 0, 0, 0, 0, 0, 0, 0, 0, 0, 
      0, 1, 0, 0, 0, 0, 0, 0, 0, 0, 0, 0, 0, 0, 0, 0, 0, 0, 0, 0, 0, 0, 0, 0, 
      0, 0, 0, 0, 0, 0, 0, 0 ], 
  [ 0, 0, 0, 0, 0, 0, 0, 0, 0, 0, 0, 0, 0, 0, 0, 0, 0, 0, 0, 0, 0, 0, 0, 0, 
      0, 0, 0, 0, 1, 0, 0, 0, 0, 0, 0, 0, 0, 0, 0, 0, 0, 0, 0, 0, 0, 0, 0, 0, 
      0, 0, 0, 0, 0, 0, 0, 0 ], 
  [ 0, 0, 0, 0, 0, 0, 0, 0, 0, 0, 0, 0, 0, 0, 0, 0, 0, 0, 0, 0, 0, 0, 0, 0, 
      0, 0, 0, 0, 0, 1, 0, 0, 0, 0, 0, 0, 0, 0, 0, 0, 0, 0, 0, 0, 0, 0, 0, 0, 
      0, 0, 0, 0, 0, 0, 0, 0 ], 
  [ 0, 0, 0, 0, 0, 0, 0, 0, 0, 0, 0, 0, 0, 0, 0, 0, 0, 0, 0, 0, 0, 0, 0, 0, 
      0, 0, 0, 0, 0, 0, 0, 0, 1, 0, 0, 0, 0, 0, 0, 0, 0, 0, 0, 0, 0, 0, 0, 0, 
      0, 0, 0, 0, 0, 0, 0, 0 ], 
  [ 0, 0, 0, 0, 0, 0, 0, 0, 0, 0, 0, 0, 0, 0, 0, 0, 0, 0, 0, 0, 0, 0, 0, 0, 
      0, 0, 0, 0, 0, 0, 0, 0, 0, 1, 0, 0, 0, 0, 0, 0, 0, 0, 0, 0, 0, 0, 0, 0, 
      0, 0, 0, 0, 0, 0, 0, 0 ], 
  [ 0, 0, 0, 0, 0, 0, 0, 0, 0, 0, 0, 0, 0, 0, 0, 0, 0, 0, 0, 0, 0, 0, 0, 0, 
      0, 0, 0, 0, 0, 0, 0, 0, 0, 0, 1, 0, 0, 0, 0, 0, 0, 0, 0, 0, 0, 0, 0, 0, 
      0, 0, 0, 0, 0, 0, 0, 0 ], 
  [ 0, 0, 0, 0, 0, 0, 0, 0, 0, 0, 0, 0, 0, 0, 0, 0, 0, 0, 0, 0, 0, 0, 0, 0, 
      0, 0, 0, 0, 0, 0, 0, 0, 0, 0, 0, 0, 0, 0, 0, 0, 1, 0, 0, 0, 0, 0, 0, 0, 
      0, 0, 0, 0, 0, 0, 0, 0 ], 
  [ 0, 0, 0, 0, 0, 0, 0, 0, 0, 0, 0, 0, 0, 0, 0, 0, 0, 0, 0, 0, 0, 0, 0, 0, 
      0, 0, 0, 0, 0, 0, 0, 0, 0, 0, 0, 0, 0, 0, 0, 0, 0, 0, 0, 1, 0, 0, 0, 0, 
      0, 0, 0, 0, 0, 0, 0, 0 ], 
  [ 0, 0, 0, 0, 0, 0, 0, 0, 0, 0, 0, 0, 0, 0, 0, 0, 0, 0, 0, 0, 0, 0, 0, 0, 
      0, 0, 0, 0, 0, 0, 0, 0, 0, 0, 0, 0, 0, 0, 0, 0, 0, 0, 0, 0, 1, 0, 0, 0, 
      0, 0, 0, 0, 0, 0, 0, 0 ], 
  [ 0, 0, 0, 0, 0, 0, 0, 0, 0, 0, 0, 0, 0, 0, 0, 0, 0, 0, 0, 0, 0, 0, 0, 0, 
      0, 0, 0, 0, 0, 0, 0, 0, 0, 0, 0, 0, 0, 0, 0, 0, 0, 0, 0, 0, 0, 0, 0, 1, 
      0, 0, 0, 0, 0, 0, 0, 0 ], 
  [ 0, 0, 0, 0, 0, 0, 0, 0, 0, 0, 0, 0, 0, 0, 0, 0, 0, 0, 0, 0, 0, 0, 0, 0, 
      0, 0, 0, 0, 0, 0, 0, 0, 0, 0, 0, 0, 0, 0, 0, 0, 0, 0, 0, 0, 0, 0, 0, 0, 
      1, 0, 0, 0, 0, 0, 0, 0 ], 
  [ 0, 0, 0, 0, 0, 0, 0, 0, 0, 0, 0, 0, 0, 0, 0, 0, 0, 0, 0, 0, 0, 0, 0, 0, 
      0, 0, 0, 0, 0, 0, 0, 0, 0, 0, 0, 0, 0, 0, 0, 0, 0, 0, 0, 0, 0, 0, 0, 0, 
      0, 1, 0, 0, 0, 0, 0, 0 ], 
  [ 0, 0, 0, 0, 0, 0, 0, 0, 0, 0, 0, 0, 0, 0, 0, 0, 0, 0, 0, 0, 0, 0, 0, 0, 
      0, 0, 0, 0, 0, 0, 0, 0, 0, 0, 0, 0, 0, 0, 0, 0, 0, 0, 0, 0, 0, 0, 0, 0, 
      0, 0, 0, 0, 1, 0, 0, 0 ], 
  [ 0, 0, 0, 0, 0, 0, 0, 0, 0, 0, 0, 0, 0, 0, 0, 0, 0, 0, 0, 0, 0, 0, 0, 0, 
      0, 0, 0, 0, 0, 0, 0, 0, 0, 0, 0, 0, 0, 0, 0, 0, 0, 0, 0, 0, 0, 0, 0, 0, 
      0, 0, 0, 0, 0, 1, 0, 0 ], 
  [ 0, 0, 0, 0, 0, 0, 0, 0, 0, 0, 0, 0, 0, 0, 0, 0, 0, 0, 0, 0, 0, 0, 0, 0, 
      0, 0, 0, 0, 0, 0, 0, 0, 0, 0, 0, 0, 0, 0, 0, 0, 0, 0, 0, 0, 0, 0, 0, 0, 
      0, 0, 0, 0, 0, 0, 1, 0 ], 
  [ 0, 0, 0, 0, 0, 0, 0, 0, 0, 0, 0, 0, 0, 0, 0, 0, 0, 0, 0, 0, 0, 0, 0, 0, 
      0, 0, 0, 0, 0, 0, 0, 0, 0, 0, 0, 0, 0, 0, 0, 0, 0, 0, 0, 0, 0, 0, 0, 0, 
      0, 0, 0, 0, 0, 0, 0, 1 ] ]

27. Candidate
   Symplectic group: C3
   Component: 2; Koike (3.3), generic index 2
   Projective group ID: [ 18, 3 ]
   Strict linear group ID: [ 54, 12 ]
   Generic index: 2
   Generic full linear containment required: true
   Generic full linear containment verified: true
   Direct known case: false
   Source records: [ "G_s=C_3_generic_index=2_family_non-abelian.docx" ]
   Family number within this input: 2
   Strict cubic invariant dimension: 15
   Centralizer dimension: 11
   Expected moduli dimension: 4
   Determinant image order: 6
   Gonzalez status: passed
   Retained: true
   Gonzalez failure statuses: [  ]
   Matrix generators: 
[ [ [ 1, 0, 0, 0, 0, 0 ], [ 0, 1, 0, 0, 0, 0 ], [ 0, 0, 1, 0, 0, 0 ], 
      [ 0, 0, 0, 1, 0, 0 ], [ 0, 0, 0, 0, 0, 1/9*E(3) ], 
      [ 0, 0, 0, 0, 9*E(3)^2, 0 ] ], 
  [ 
      [ -7763/38589*E(3)+46352/38589*E(3)^2, 22180/38589*E(3)-22180/38589*E(3)^2,
          14417/38589*E(3)-14417/38589*E(3)^2, 
          14417/38589*E(3)-14417/38589*E(3)^2, 0, 0 ], 
      [ -11018/38589*E(3)+11018/38589*E(3)^2, 
          31480/38589*E(3)+7109/38589*E(3)^2, 
          20462/38589*E(3)-20462/38589*E(3)^2, 
          20462/38589*E(3)-20462/38589*E(3)^2, 0, 0 ], 
      [ 6167/38589*E(3)-6167/38589*E(3)^2, 
          -17620/38589*E(3)+17620/38589*E(3)^2, 
          -11453/38589*E(3)+50042/38589*E(3)^2, 
          -11453/38589*E(3)+11453/38589*E(3)^2, 0, 0 ], 
      [ -4725/12863*E(3)+4725/12863*E(3)^2, 
          13500/12863*E(3)-13500/12863*E(3)^2, 
          8775/12863*E(3)-8775/12863*E(3)^2, 8775/12863*E(3)+4088/12863*E(3)^2
            , 0, 0 ], [ 0, 0, 0, 0, E(3)^2, 0 ], [ 0, 0, 0, 0, 0, E(3)^2 ] ], 
  [ [ 1, 0, 0, 0, 0, 0 ], [ 0, 1, 0, 0, 0, 0 ], [ 0, 0, 1, 0, 0, 0 ], 
      [ 0, 0, 0, 1, 0, 0 ], [ 0, 0, 0, 0, E(3), 0 ], 
      [ 0, 0, 0, 0, 0, E(3)^2 ] ], 
  [ [ E(3), 0, 0, 0, 0, 0 ], [ 0, E(3), 0, 0, 0, 0 ], [ 0, 0, E(3), 0, 0, 0 ],
      [ 0, 0, 0, E(3), 0, 0 ], [ 0, 0, 0, 0, E(3), 0 ], 
      [ 0, 0, 0, 0, 0, E(3) ] ] ]
   Cubic invariant basis strings: 
[ "(729)*x6^3 + x5^3", "-x4*x5*x6 + x3*x5*x6", 
  "-x4^3 + (3)*x3*x4^2 + (-3)*x3^2*x4 + x3^3", "(-20/13)*x4*x5*x6 + x2*x5*x6",
  "(-20/13)*x4^3 + (40/13)*x3*x4^2 + (-20/13)*x3^2*x4 + x2*x4^2 + (-2)*x2*x3*x\
4 + x2*x3^2", 
  "(-400/169)*x4^3 + (400/169)*x3*x4^2 + (40/13)*x2*x4^2 + (-40/13)*x2*x3*x4 +\
 -x2^2*x4 + x2^2*x3", 
  "(-8000/2197)*x4^3 + (1200/169)*x2*x4^2 + (-60/13)*x2^2*x4 + x2^3", 
  "(7/13)*x4*x5*x6 + x1*x5*x6", 
  "(7/13)*x4^3 + (-14/13)*x3*x4^2 + (7/13)*x3^2*x4 + x1*x4^2 + (-2)*x1*x3*x4 +\
 x1*x3^2", 
  "(140/169)*x4^3 + (-140/169)*x3*x4^2 + (-7/13)*x2*x4^2 + (7/13)*x2*x3*x4 + (\
20/13)*x1*x4^2 + (-20/13)*x1*x3*x4 + -x1*x2*x4 + x1*x2*x3", 
  "(2800/2197)*x4^3 + (-280/169)*x2*x4^2 + (7/13)*x2^2*x4 + (400/169)*x1*x4^2 \
+ (-40/13)*x1*x2*x4 + x1*x2^2", 
  "(173520507/207849889)*x4^3 + (-12387741/15988453)*x3*x4^2 + (776161/1229881\
)*x3^2*x4 + (22132014/15988453)*x2*x4^2 + (-2773388/1229881)*x2*x3*x4 + (24774\
76/1229881)*x2^2*x4 + (14061/14417)*x1*x4^2 + (-1762/1109)*x1*x3*x4 + (3148/11\
09)*x1*x2*x4 + x1^2*x4", 
  "(8712026/15988453)*x4^3 + (-100776464/207849889)*x3*x4^2 + (776161/1229881)\
*x3^2*x4 + (22132014/15988453)*x2*x4^2 + (-2773388/1229881)*x2*x3*x4 + (247747\
6/1229881)*x2^2*x4 + (-1465/14417)*x1*x4^2 + (-7380/14417)*x1*x3*x4 + (3148/11\
09)*x1*x2*x4 + x1^2*x3", 
  "(174240520/207849889)*x4^3 + (-247754820/207849889)*x3*x4^2 + (15523220/159\
88453)*x3^2*x4 + (502904449/207849889)*x2*x4^2 + (-55467760/15988453)*x2*x3*x4\
 + (49549520/15988453)*x2^2*x4 + (-29300/187421)*x1*x4^2 + (-35240/14417)*x1*x\
3*x4 + (78486/14417)*x1*x2*x4 + x1^2*x2", 
  "(-3222081464/2702048557)*x4^3 + (260142561/207849889)*x3*x4^2 + (-16299381/\
15988453)*x3^2*x4 + (-464772294/207849889)*x2*x4^2 + (58241148/15988453)*x2*x3\
*x4 + (-52026996/15988453)*x2^2*x4 + (-132258/187421)*x1*x4^2 + (37002/14417)*\
x1*x3*x4 + (-66108/14417)*x1*x2*x4 + x1^3" ]
   Cubic invariant basis vectors: 
[ [ 729, 0, 0, 1, 0, 0, 0, 0, 0, 0, 0, 0, 0, 0, 0, 0, 0, 0, 0, 0, 0, 0, 0, 0, 
      0, 0, 0, 0, 0, 0, 0, 0, 0, 0, 0, 0, 0, 0, 0, 0, 0, 0, 0, 0, 0, 0, 0, 0, 
      0, 0, 0, 0, 0, 0, 0, 0 ], 
  [ 0, 0, 0, 0, 0, -1, 0, 0, 0, 0, 0, 1, 0, 0, 0, 0, 0, 0, 0, 0, 0, 0, 0, 0, 
      0, 0, 0, 0, 0, 0, 0, 0, 0, 0, 0, 0, 0, 0, 0, 0, 0, 0, 0, 0, 0, 0, 0, 0, 
      0, 0, 0, 0, 0, 0, 0, 0 ], 
  [ 0, 0, 0, 0, 0, 0, 0, 0, 0, -1, 0, 0, 0, 0, 0, 3, 0, 0, -3, 1, 0, 0, 0, 0, 
      0, 0, 0, 0, 0, 0, 0, 0, 0, 0, 0, 0, 0, 0, 0, 0, 0, 0, 0, 0, 0, 0, 0, 0, 
      0, 0, 0, 0, 0, 0, 0, 0 ], 
  [ 0, 0, 0, 0, 0, -20/13, 0, 0, 0, 0, 0, 0, 0, 0, 0, 0, 0, 0, 0, 0, 0, 1, 0, 
      0, 0, 0, 0, 0, 0, 0, 0, 0, 0, 0, 0, 0, 0, 0, 0, 0, 0, 0, 0, 0, 0, 0, 0, 
      0, 0, 0, 0, 0, 0, 0, 0, 0 ], 
  [ 0, 0, 0, 0, 0, 0, 0, 0, 0, -20/13, 0, 0, 0, 0, 0, 40/13, 0, 0, -20/13, 0, 
      0, 0, 0, 0, 0, 1, 0, 0, -2, 1, 0, 0, 0, 0, 0, 0, 0, 0, 0, 0, 0, 0, 0, 
      0, 0, 0, 0, 0, 0, 0, 0, 0, 0, 0, 0, 0 ], 
  [ 0, 0, 0, 0, 0, 0, 0, 0, 0, -400/169, 0, 0, 0, 0, 0, 400/169, 0, 0, 0, 0, 
      0, 0, 0, 0, 0, 40/13, 0, 0, -40/13, 0, 0, 0, -1, 1, 0, 0, 0, 0, 0, 0, 
      0, 0, 0, 0, 0, 0, 0, 0, 0, 0, 0, 0, 0, 0, 0, 0 ], 
  [ 0, 0, 0, 0, 0, 0, 0, 0, 0, -8000/2197, 0, 0, 0, 0, 0, 0, 0, 0, 0, 0, 0, 
      0, 0, 0, 0, 1200/169, 0, 0, 0, 0, 0, 0, -60/13, 0, 1, 0, 0, 0, 0, 0, 0, 
      0, 0, 0, 0, 0, 0, 0, 0, 0, 0, 0, 0, 0, 0, 0 ], 
  [ 0, 0, 0, 0, 0, 7/13, 0, 0, 0, 0, 0, 0, 0, 0, 0, 0, 0, 0, 0, 0, 0, 0, 0, 
      0, 0, 0, 0, 0, 0, 0, 0, 0, 0, 0, 0, 0, 1, 0, 0, 0, 0, 0, 0, 0, 0, 0, 0, 
      0, 0, 0, 0, 0, 0, 0, 0, 0 ], 
  [ 0, 0, 0, 0, 0, 0, 0, 0, 0, 7/13, 0, 0, 0, 0, 0, -14/13, 0, 0, 7/13, 0, 0, 
      0, 0, 0, 0, 0, 0, 0, 0, 0, 0, 0, 0, 0, 0, 0, 0, 0, 0, 0, 1, 0, 0, -2, 
      1, 0, 0, 0, 0, 0, 0, 0, 0, 0, 0, 0 ], 
  [ 0, 0, 0, 0, 0, 0, 0, 0, 0, 140/169, 0, 0, 0, 0, 0, -140/169, 0, 0, 0, 0, 
      0, 0, 0, 0, 0, -7/13, 0, 0, 7/13, 0, 0, 0, 0, 0, 0, 0, 0, 0, 0, 0, 
      20/13, 0, 0, -20/13, 0, 0, 0, -1, 1, 0, 0, 0, 0, 0, 0, 0 ], 
  [ 0, 0, 0, 0, 0, 0, 0, 0, 0, 2800/2197, 0, 0, 0, 0, 0, 0, 0, 0, 0, 0, 0, 0, 
      0, 0, 0, -280/169, 0, 0, 0, 0, 0, 0, 7/13, 0, 0, 0, 0, 0, 0, 0, 
      400/169, 0, 0, 0, 0, 0, 0, -40/13, 0, 1, 0, 0, 0, 0, 0, 0 ], 
  [ 0, 0, 0, 0, 0, 0, 0, 0, 0, 173520507/207849889, 0, 0, 0, 0, 0, 
      -12387741/15988453, 0, 0, 776161/1229881, 0, 0, 0, 0, 0, 0, 
      22132014/15988453, 0, 0, -2773388/1229881, 0, 0, 0, 2477476/1229881, 0, 
      0, 0, 0, 0, 0, 0, 14061/14417, 0, 0, -1762/1109, 0, 0, 0, 3148/1109, 0, 
      0, 0, 0, 1, 0, 0, 0 ], 
  [ 0, 0, 0, 0, 0, 0, 0, 0, 0, 8712026/15988453, 0, 0, 0, 0, 0, 
      -100776464/207849889, 0, 0, 776161/1229881, 0, 0, 0, 0, 0, 0, 
      22132014/15988453, 0, 0, -2773388/1229881, 0, 0, 0, 2477476/1229881, 0, 
      0, 0, 0, 0, 0, 0, -1465/14417, 0, 0, -7380/14417, 0, 0, 0, 3148/1109, 
      0, 0, 0, 0, 0, 1, 0, 0 ], 
  [ 0, 0, 0, 0, 0, 0, 0, 0, 0, 174240520/207849889, 0, 0, 0, 0, 0, 
      -247754820/207849889, 0, 0, 15523220/15988453, 0, 0, 0, 0, 0, 0, 
      502904449/207849889, 0, 0, -55467760/15988453, 0, 0, 0, 
      49549520/15988453, 0, 0, 0, 0, 0, 0, 0, -29300/187421, 0, 0, 
      -35240/14417, 0, 0, 0, 78486/14417, 0, 0, 0, 0, 0, 0, 1, 0 ], 
  [ 0, 0, 0, 0, 0, 0, 0, 0, 0, -3222081464/2702048557, 0, 0, 0, 0, 0, 
      260142561/207849889, 0, 0, -16299381/15988453, 0, 0, 0, 0, 0, 0, 
      -464772294/207849889, 0, 0, 58241148/15988453, 0, 0, 0, 
      -52026996/15988453, 0, 0, 0, 0, 0, 0, 0, -132258/187421, 0, 0, 
      37002/14417, 0, 0, 0, -66108/14417, 0, 0, 0, 0, 0, 0, 0, 1 ] ]

28. Candidate
   Symplectic group: C3
   Component: 2; Koike (3.3), generic index 2
   Projective group ID: [ 18, 3 ]
   Strict linear group ID: [ 54, 12 ]
   Generic index: 2
   Generic full linear containment required: true
   Generic full linear containment verified: true
   Direct known case: false
   Source records: [ "G_s=C_3_generic_index=2_family_non-abelian.docx" ]
   Family number within this input: 3
   Strict cubic invariant dimension: 12
   Centralizer dimension: 11
   Expected moduli dimension: 1
   Determinant image order: 6
   Gonzalez status: passed
   Retained: true
   Gonzalez failure statuses: [  ]
   Matrix generators: 
[ [ [ 1, 0, 0, 0, 0, 0 ], [ 0, 1, 0, 0, 0, 0 ], [ 0, 0, 1, 0, 0, 0 ], 
      [ 0, 0, 0, 1, 0, 0 ], [ 0, 0, 0, 0, 0, 1/9 ], [ 0, 0, 0, 0, 9, 0 ] ], 
  [ 
      [ -7763/38589*E(3)+46352/38589*E(3)^2, 22180/38589*E(3)-22180/38589*E(3)^2,
          14417/38589*E(3)-14417/38589*E(3)^2, 
          14417/38589*E(3)-14417/38589*E(3)^2, 0, 0 ], 
      [ -11018/38589*E(3)+11018/38589*E(3)^2, 
          31480/38589*E(3)+7109/38589*E(3)^2, 
          20462/38589*E(3)-20462/38589*E(3)^2, 
          20462/38589*E(3)-20462/38589*E(3)^2, 0, 0 ], 
      [ 6167/38589*E(3)-6167/38589*E(3)^2, 
          -17620/38589*E(3)+17620/38589*E(3)^2, 
          -11453/38589*E(3)+50042/38589*E(3)^2, 
          -11453/38589*E(3)+11453/38589*E(3)^2, 0, 0 ], 
      [ -4725/12863*E(3)+4725/12863*E(3)^2, 
          13500/12863*E(3)-13500/12863*E(3)^2, 
          8775/12863*E(3)-8775/12863*E(3)^2, 8775/12863*E(3)+4088/12863*E(3)^2
            , 0, 0 ], [ 0, 0, 0, 0, 1, 0 ], [ 0, 0, 0, 0, 0, 1 ] ], 
  [ [ 1, 0, 0, 0, 0, 0 ], [ 0, 1, 0, 0, 0, 0 ], [ 0, 0, 1, 0, 0, 0 ], 
      [ 0, 0, 0, 1, 0, 0 ], [ 0, 0, 0, 0, E(3), 0 ], 
      [ 0, 0, 0, 0, 0, E(3)^2 ] ], 
  [ [ E(3), 0, 0, 0, 0, 0 ], [ 0, E(3), 0, 0, 0, 0 ], [ 0, 0, E(3), 0, 0, 0 ],
      [ 0, 0, 0, E(3), 0, 0 ], [ 0, 0, 0, 0, E(3), 0 ], 
      [ 0, 0, 0, 0, 0, E(3) ] ] ]
   Cubic invariant basis strings: 
[ "(729)*x6^3 + x5^3", "-x4^3 + (3)*x3*x4^2 + (-3)*x3^2*x4 + x3^3", 
  "(-20/13)*x4^3 + (40/13)*x3*x4^2 + (-20/13)*x3^2*x4 + x2*x4^2 + (-2)*x2*x3*x\
4 + x2*x3^2", 
  "(-400/169)*x4^3 + (400/169)*x3*x4^2 + (40/13)*x2*x4^2 + (-40/13)*x2*x3*x4 +\
 -x2^2*x4 + x2^2*x3", 
  "(-8000/2197)*x4^3 + (1200/169)*x2*x4^2 + (-60/13)*x2^2*x4 + x2^3", 
  "(7/13)*x4^3 + (-14/13)*x3*x4^2 + (7/13)*x3^2*x4 + x1*x4^2 + (-2)*x1*x3*x4 +\
 x1*x3^2", 
  "(140/169)*x4^3 + (-140/169)*x3*x4^2 + (-7/13)*x2*x4^2 + (7/13)*x2*x3*x4 + (\
20/13)*x1*x4^2 + (-20/13)*x1*x3*x4 + -x1*x2*x4 + x1*x2*x3", 
  "(2800/2197)*x4^3 + (-280/169)*x2*x4^2 + (7/13)*x2^2*x4 + (400/169)*x1*x4^2 \
+ (-40/13)*x1*x2*x4 + x1*x2^2", 
  "(173520507/207849889)*x4^3 + (-12387741/15988453)*x3*x4^2 + (776161/1229881\
)*x3^2*x4 + (22132014/15988453)*x2*x4^2 + (-2773388/1229881)*x2*x3*x4 + (24774\
76/1229881)*x2^2*x4 + (14061/14417)*x1*x4^2 + (-1762/1109)*x1*x3*x4 + (3148/11\
09)*x1*x2*x4 + x1^2*x4", 
  "(8712026/15988453)*x4^3 + (-100776464/207849889)*x3*x4^2 + (776161/1229881)\
*x3^2*x4 + (22132014/15988453)*x2*x4^2 + (-2773388/1229881)*x2*x3*x4 + (247747\
6/1229881)*x2^2*x4 + (-1465/14417)*x1*x4^2 + (-7380/14417)*x1*x3*x4 + (3148/11\
09)*x1*x2*x4 + x1^2*x3", 
  "(174240520/207849889)*x4^3 + (-247754820/207849889)*x3*x4^2 + (15523220/159\
88453)*x3^2*x4 + (502904449/207849889)*x2*x4^2 + (-55467760/15988453)*x2*x3*x4\
 + (49549520/15988453)*x2^2*x4 + (-29300/187421)*x1*x4^2 + (-35240/14417)*x1*x\
3*x4 + (78486/14417)*x1*x2*x4 + x1^2*x2", 
  "(-3222081464/2702048557)*x4^3 + (260142561/207849889)*x3*x4^2 + (-16299381/\
15988453)*x3^2*x4 + (-464772294/207849889)*x2*x4^2 + (58241148/15988453)*x2*x3\
*x4 + (-52026996/15988453)*x2^2*x4 + (-132258/187421)*x1*x4^2 + (37002/14417)*\
x1*x3*x4 + (-66108/14417)*x1*x2*x4 + x1^3" ]
   Cubic invariant basis vectors: 
[ [ 729, 0, 0, 1, 0, 0, 0, 0, 0, 0, 0, 0, 0, 0, 0, 0, 0, 0, 0, 0, 0, 0, 0, 0, 
      0, 0, 0, 0, 0, 0, 0, 0, 0, 0, 0, 0, 0, 0, 0, 0, 0, 0, 0, 0, 0, 0, 0, 0, 
      0, 0, 0, 0, 0, 0, 0, 0 ], 
  [ 0, 0, 0, 0, 0, 0, 0, 0, 0, -1, 0, 0, 0, 0, 0, 3, 0, 0, -3, 1, 0, 0, 0, 0, 
      0, 0, 0, 0, 0, 0, 0, 0, 0, 0, 0, 0, 0, 0, 0, 0, 0, 0, 0, 0, 0, 0, 0, 0, 
      0, 0, 0, 0, 0, 0, 0, 0 ], 
  [ 0, 0, 0, 0, 0, 0, 0, 0, 0, -20/13, 0, 0, 0, 0, 0, 40/13, 0, 0, -20/13, 0, 
      0, 0, 0, 0, 0, 1, 0, 0, -2, 1, 0, 0, 0, 0, 0, 0, 0, 0, 0, 0, 0, 0, 0, 
      0, 0, 0, 0, 0, 0, 0, 0, 0, 0, 0, 0, 0 ], 
  [ 0, 0, 0, 0, 0, 0, 0, 0, 0, -400/169, 0, 0, 0, 0, 0, 400/169, 0, 0, 0, 0, 
      0, 0, 0, 0, 0, 40/13, 0, 0, -40/13, 0, 0, 0, -1, 1, 0, 0, 0, 0, 0, 0, 
      0, 0, 0, 0, 0, 0, 0, 0, 0, 0, 0, 0, 0, 0, 0, 0 ], 
  [ 0, 0, 0, 0, 0, 0, 0, 0, 0, -8000/2197, 0, 0, 0, 0, 0, 0, 0, 0, 0, 0, 0, 
      0, 0, 0, 0, 1200/169, 0, 0, 0, 0, 0, 0, -60/13, 0, 1, 0, 0, 0, 0, 0, 0, 
      0, 0, 0, 0, 0, 0, 0, 0, 0, 0, 0, 0, 0, 0, 0 ], 
  [ 0, 0, 0, 0, 0, 0, 0, 0, 0, 7/13, 0, 0, 0, 0, 0, -14/13, 0, 0, 7/13, 0, 0, 
      0, 0, 0, 0, 0, 0, 0, 0, 0, 0, 0, 0, 0, 0, 0, 0, 0, 0, 0, 1, 0, 0, -2, 
      1, 0, 0, 0, 0, 0, 0, 0, 0, 0, 0, 0 ], 
  [ 0, 0, 0, 0, 0, 0, 0, 0, 0, 140/169, 0, 0, 0, 0, 0, -140/169, 0, 0, 0, 0, 
      0, 0, 0, 0, 0, -7/13, 0, 0, 7/13, 0, 0, 0, 0, 0, 0, 0, 0, 0, 0, 0, 
      20/13, 0, 0, -20/13, 0, 0, 0, -1, 1, 0, 0, 0, 0, 0, 0, 0 ], 
  [ 0, 0, 0, 0, 0, 0, 0, 0, 0, 2800/2197, 0, 0, 0, 0, 0, 0, 0, 0, 0, 0, 0, 0, 
      0, 0, 0, -280/169, 0, 0, 0, 0, 0, 0, 7/13, 0, 0, 0, 0, 0, 0, 0, 
      400/169, 0, 0, 0, 0, 0, 0, -40/13, 0, 1, 0, 0, 0, 0, 0, 0 ], 
  [ 0, 0, 0, 0, 0, 0, 0, 0, 0, 173520507/207849889, 0, 0, 0, 0, 0, 
      -12387741/15988453, 0, 0, 776161/1229881, 0, 0, 0, 0, 0, 0, 
      22132014/15988453, 0, 0, -2773388/1229881, 0, 0, 0, 2477476/1229881, 0, 
      0, 0, 0, 0, 0, 0, 14061/14417, 0, 0, -1762/1109, 0, 0, 0, 3148/1109, 0, 
      0, 0, 0, 1, 0, 0, 0 ], 
  [ 0, 0, 0, 0, 0, 0, 0, 0, 0, 8712026/15988453, 0, 0, 0, 0, 0, 
      -100776464/207849889, 0, 0, 776161/1229881, 0, 0, 0, 0, 0, 0, 
      22132014/15988453, 0, 0, -2773388/1229881, 0, 0, 0, 2477476/1229881, 0, 
      0, 0, 0, 0, 0, 0, -1465/14417, 0, 0, -7380/14417, 0, 0, 0, 3148/1109, 
      0, 0, 0, 0, 0, 1, 0, 0 ], 
  [ 0, 0, 0, 0, 0, 0, 0, 0, 0, 174240520/207849889, 0, 0, 0, 0, 0, 
      -247754820/207849889, 0, 0, 15523220/15988453, 0, 0, 0, 0, 0, 0, 
      502904449/207849889, 0, 0, -55467760/15988453, 0, 0, 0, 
      49549520/15988453, 0, 0, 0, 0, 0, 0, 0, -29300/187421, 0, 0, 
      -35240/14417, 0, 0, 0, 78486/14417, 0, 0, 0, 0, 0, 0, 1, 0 ], 
  [ 0, 0, 0, 0, 0, 0, 0, 0, 0, -3222081464/2702048557, 0, 0, 0, 0, 0, 
      260142561/207849889, 0, 0, -16299381/15988453, 0, 0, 0, 0, 0, 0, 
      -464772294/207849889, 0, 0, 58241148/15988453, 0, 0, 0, 
      -52026996/15988453, 0, 0, 0, 0, 0, 0, 0, -132258/187421, 0, 0, 
      37002/14417, 0, 0, 0, -66108/14417, 0, 0, 0, 0, 0, 0, 0, 1 ] ]

29. Candidate
   Symplectic group: C3
   Component: 2; Koike (3.3), generic index 2
   Projective group ID: [ 18, 3 ]
   Strict linear group ID: [ 54, 12 ]
   Generic index: 2
   Generic full linear containment required: true
   Generic full linear containment verified: true
   Direct known case: false
   Source records: [ "G_s=C_3_generic_index=2_family_non-abelian.docx" ]
   Family number within this input: 4
   Strict cubic invariant dimension: 11
   Centralizer dimension: 9
   Expected moduli dimension: 2
   Determinant image order: 6
   Gonzalez status: passed
   Retained: true
   Gonzalez failure statuses: [  ]
   Matrix generators: 
[ [ [ 1, 0, 0, 0, 0, 0 ], [ 0, 1, 0, 0, 0, 0 ], [ 0, 0, 1, 0, 0, 0 ], 
      [ 0, 0, 0, 1, 0, 0 ], [ 0, 0, 0, 0, 0, 1/9*E(3) ], 
      [ 0, 0, 0, 0, 9*E(3)^2, 0 ] ], 
  [ 
      [ -32879/77178*E(3)+110057/77178*E(3)^2, -131/38589*E(3)+131/38589*E(3)^2, 
          13743/25726*E(3)-13743/25726*E(3)^2, 
          13069/12863*E(3)-13069/12863*E(3)^2, 0, 0 ], 
      [ -11641/38589*E(3)+11641/38589*E(3)^2, 
          29878/38589*E(3)+8711/38589*E(3)^2, 
          6969/12863*E(3)-6969/12863*E(3)^2, 7414/12863*E(3)-7414/12863*E(3)^2
            , 0, 0 ], 
      [ 48041/77178*E(3)-48041/77178*E(3)^2, 
          28289/38589*E(3)-28289/38589*E(3)^2, 
          -16137/25726*E(3)+41863/25726*E(3)^2, 
          -20821/12863*E(3)+20821/12863*E(3)^2, 0, 0 ], 
      [ -11914/12863*E(3)+11914/12863*E(3)^2, 
          -4986/12863*E(3)+4986/12863*E(3)^2, 
          13910/12863*E(3)-13910/12863*E(3)^2, 
          29315/12863*E(3)-16452/12863*E(3)^2, 0, 0 ], 
      [ 0, 0, 0, 0, E(3)^2, 0 ], [ 0, 0, 0, 0, 0, E(3)^2 ] ], 
  [ [ 1, 0, 0, 0, 0, 0 ], [ 0, 1, 0, 0, 0, 0 ], [ 0, 0, 1, 0, 0, 0 ], 
      [ 0, 0, 0, 1, 0, 0 ], [ 0, 0, 0, 0, E(3), 0 ], 
      [ 0, 0, 0, 0, 0, E(3)^2 ] ], 
  [ [ E(3), 0, 0, 0, 0, 0 ], [ 0, E(3), 0, 0, 0, 0 ], [ 0, 0, E(3), 0, 0, 0 ],
      [ 0, 0, 0, E(3), 0, 0 ], [ 0, 0, 0, 0, E(3), 0 ], 
      [ 0, 0, 0, 0, 0, E(3) ] ] ]
   Cubic invariant basis strings: 
[ "(729)*x6^3 + x5^3", "(334/195)*x4*x5*x6 + (-634/195)*x3*x5*x6 + x2*x5*x6", 
  "(-46275495261/113083443200)*x4^3 + (1186082139661/508875494400)*x3*x4^2 + (\
-1125940500743/254437747200)*x3^2*x4 + (81785161/29203200)*x3^3 + (-34966773/5\
4367040)*x2*x4^2 + (99483197/40775280)*x2*x3*x4 + (-7219/3120)*x2*x3^2 + (-137\
43/26138)*x2^2*x4 + x2^2*x3", 
  "(315574884169/305325296640)*x4^3 + (-33253401123/5654172160)*x3*x4^2 + (315\
36173449/2827086080)*x3^2*x4 + (-2288423/324480)*x3^3 + (41231417/16310112)*x2\
*x4^2 + (-13069593/1359176)*x2*x3*x4 + (951/104)*x2*x3^2 + (131/13069)*x2^2*x4\
 + x2^3", "(56/195)*x4*x5*x6 + (49/195)*x3*x5*x6 + x1*x5*x6", 
  "(-320370277961179/2216831278771200)*x4^3 + (2054691389345173/33252469181568\
00)*x3*x4^2 + (-1307127437938739/1662623459078400)*x3^2*x4 + (3714157/14601600\
)*x3^3 + (-422402478569/710522845760)*x2*x4^2 + (865821517961/532892134320)*x2\
*x3*x4 + (-2923/3120)*x2*x3^2 + (20066280/170798761)*x2^2*x4 + (-34966773/1087\
34080)*x1*x4^2 + (99483197/81550560)*x1*x3*x4 + (-7219/6240)*x1*x3^2 + (-13743\
/26138)*x1*x2*x4 + x1*x2*x3", 
  "(223858186118153/39902963017881600)*x4^3 + (717487632375229/738943759590400\
)*x3*x4^2 + (-12513627020791343/3325246918156800)*x3^2*x4 + (105323269/2920320\
0)*x3^3 + (-17395869138457/6394705611840)*x2*x4^2 + (1588982293299/17763071144\
0)*x2*x3*x4 + (-22291/3120)*x2*x3^2 + (1212589283/1024792566)*x2^2*x4 + (41231\
417/48930336)*x1*x4^2 + (-4356531/1359176)*x1*x3*x4 + (317/104)*x1*x3^2 + (262\
/39207)*x1*x2*x4 + x1*x2^2", 
  "(1612327909/512396283)*x4^3 + (-952914707/170798761)*x3*x4^2 + (433514041/1\
70798761)*x3^2*x4 + (339316538/170798761)*x2*x4^2 + (-308733788/170798761)*x2*\
x3*x4 + (54967396/170798761)*x2^2*x4 + (45767/13069)*x1*x4^2 + (-41642/13069)*\
x1*x3*x4 + (14828/13069)*x1*x2*x4 + x1^2*x4", 
  "(791459934577717/1108415639385600)*x4^3 + (743280620570881/1662623459078400\
)*x3*x4^2 + (-1992546783989963/831311729539200)*x3^2*x4 + (9843409/7300800)*x3\
^3 + (318950223/170798761)*x2*x4^2 + (-290203098/170798761)*x2*x3*x4 + (516681\
66/170798761)*x2^2*x4 + (17731459/27183520)*x1*x4^2 + (32094149/20387640)*x1*x\
3*x4 + (-2923/1560)*x1*x3^2 + (13938/13069)*x1*x2*x4 + x1^2*x3", 
  "(-28472552867831609/9975740754470400)*x4^3 + (5917904740177229/554207819692\
800)*x3*x4^2 + (-10064105108846441/831311729539200)*x3^2*x4 + (29571583/730080\
0)*x3^3 + (9751712615371/3197352805920)*x2*x4^2 + (-826083716531/266446067160)\
*x2*x3*x4 + (833/1560)*x2*x3^2 + (191261716/512396283)*x2^2*x4 + (-1336804093/\
489303360)*x1*x4^2 + (365186333/40775280)*x1*x3*x4 + (-22291/3120)*x1*x3^2 + (\
92635/39207)*x1*x2*x4 + x1^2*x2", 
  "(-4596750353638987/1425105822067200)*x4^3 + (119598801527089/26390848556800\
)*x3*x4^2 + (-12883276420241/39586272835200)*x3^2*x4 + (-2434859/2433600)*x3^3\
 + (-76110521/24399823)*x2*x4^2 + (69250646/24399823)*x2*x3*x4 + (-12329482/24\
399823)*x2^2*x4 + (-37995263/11650080)*x1*x4^2 + (1933343/970840)*x1*x3*x4 + (\
833/520)*x1*x3^2 + (-3326/1867)*x1*x2*x4 + x1^3" ]
   Cubic invariant basis vectors: 
[ [ 729, 0, 0, 1, 0, 0, 0, 0, 0, 0, 0, 0, 0, 0, 0, 0, 0, 0, 0, 0, 0, 0, 0, 0, 
      0, 0, 0, 0, 0, 0, 0, 0, 0, 0, 0, 0, 0, 0, 0, 0, 0, 0, 0, 0, 0, 0, 0, 0, 
      0, 0, 0, 0, 0, 0, 0, 0 ], 
  [ 0, 0, 0, 0, 0, 334/195, 0, 0, 0, 0, 0, -634/195, 0, 0, 0, 0, 0, 0, 0, 0, 
      0, 1, 0, 0, 0, 0, 0, 0, 0, 0, 0, 0, 0, 0, 0, 0, 0, 0, 0, 0, 0, 0, 0, 0, 
      0, 0, 0, 0, 0, 0, 0, 0, 0, 0, 0, 0 ], 
  [ 0, 0, 0, 0, 0, 0, 0, 0, 0, -46275495261/113083443200, 0, 0, 0, 0, 0, 
      1186082139661/508875494400, 0, 0, -1125940500743/254437747200, 
      81785161/29203200, 0, 0, 0, 0, 0, -34966773/54367040, 0, 0, 
      99483197/40775280, -7219/3120, 0, 0, -13743/26138, 1, 0, 0, 0, 0, 0, 0, 
      0, 0, 0, 0, 0, 0, 0, 0, 0, 0, 0, 0, 0, 0, 0, 0 ], 
  [ 0, 0, 0, 0, 0, 0, 0, 0, 0, 315574884169/305325296640, 0, 0, 0, 0, 0, 
      -33253401123/5654172160, 0, 0, 31536173449/2827086080, -2288423/324480, 
      0, 0, 0, 0, 0, 41231417/16310112, 0, 0, -13069593/1359176, 951/104, 0, 
      0, 131/13069, 0, 1, 0, 0, 0, 0, 0, 0, 0, 0, 0, 0, 0, 0, 0, 0, 0, 0, 0, 
      0, 0, 0, 0 ], 
  [ 0, 0, 0, 0, 0, 56/195, 0, 0, 0, 0, 0, 49/195, 0, 0, 0, 0, 0, 0, 0, 0, 0, 
      0, 0, 0, 0, 0, 0, 0, 0, 0, 0, 0, 0, 0, 0, 0, 1, 0, 0, 0, 0, 0, 0, 0, 0, 
      0, 0, 0, 0, 0, 0, 0, 0, 0, 0, 0 ], 
  [ 0, 0, 0, 0, 0, 0, 0, 0, 0, -320370277961179/2216831278771200, 0, 0, 0, 0, 
      0, 2054691389345173/3325246918156800, 0, 0, 
      -1307127437938739/1662623459078400, 3714157/14601600, 0, 0, 0, 0, 0, 
      -422402478569/710522845760, 0, 0, 865821517961/532892134320, 
      -2923/3120, 0, 0, 20066280/170798761, 0, 0, 0, 0, 0, 0, 0, 
      -34966773/108734080, 0, 0, 99483197/81550560, -7219/6240, 0, 0, 
      -13743/26138, 1, 0, 0, 0, 0, 0, 0, 0 ], 
  [ 0, 0, 0, 0, 0, 0, 0, 0, 0, 223858186118153/39902963017881600, 0, 0, 0, 0, 
      0, 717487632375229/738943759590400, 0, 0, 
      -12513627020791343/3325246918156800, 105323269/29203200, 0, 0, 0, 0, 0, 
      -17395869138457/6394705611840, 0, 0, 1588982293299/177630711440, 
      -22291/3120, 0, 0, 1212589283/1024792566, 0, 0, 0, 0, 0, 0, 0, 
      41231417/48930336, 0, 0, -4356531/1359176, 317/104, 0, 0, 262/39207, 0, 
      1, 0, 0, 0, 0, 0, 0 ], 
  [ 0, 0, 0, 0, 0, 0, 0, 0, 0, 1612327909/512396283, 0, 0, 0, 0, 0, 
      -952914707/170798761, 0, 0, 433514041/170798761, 0, 0, 0, 0, 0, 0, 
      339316538/170798761, 0, 0, -308733788/170798761, 0, 0, 0, 
      54967396/170798761, 0, 0, 0, 0, 0, 0, 0, 45767/13069, 0, 0, 
      -41642/13069, 0, 0, 0, 14828/13069, 0, 0, 0, 0, 1, 0, 0, 0 ], 
  [ 0, 0, 0, 0, 0, 0, 0, 0, 0, 791459934577717/1108415639385600, 0, 0, 0, 0, 
      0, 743280620570881/1662623459078400, 0, 0, 
      -1992546783989963/831311729539200, 9843409/7300800, 0, 0, 0, 0, 0, 
      318950223/170798761, 0, 0, -290203098/170798761, 0, 0, 0, 
      51668166/170798761, 0, 0, 0, 0, 0, 0, 0, 17731459/27183520, 0, 0, 
      32094149/20387640, -2923/1560, 0, 0, 13938/13069, 0, 0, 0, 0, 0, 1, 0, 
      0 ], [ 0, 0, 0, 0, 0, 0, 0, 0, 0, -28472552867831609/9975740754470400, 
      0, 0, 0, 0, 0, 5917904740177229/554207819692800, 0, 0, 
      -10064105108846441/831311729539200, 29571583/7300800, 0, 0, 0, 0, 0, 
      9751712615371/3197352805920, 0, 0, -826083716531/266446067160, 
      833/1560, 0, 0, 191261716/512396283, 0, 0, 0, 0, 0, 0, 0, 
      -1336804093/489303360, 0, 0, 365186333/40775280, -22291/3120, 0, 0, 
      92635/39207, 0, 0, 0, 0, 0, 0, 1, 0 ], 
  [ 0, 0, 0, 0, 0, 0, 0, 0, 0, -4596750353638987/1425105822067200, 0, 0, 0, 
      0, 0, 119598801527089/26390848556800, 0, 0, 
      -12883276420241/39586272835200, -2434859/2433600, 0, 0, 0, 0, 0, 
      -76110521/24399823, 0, 0, 69250646/24399823, 0, 0, 0, 
      -12329482/24399823, 0, 0, 0, 0, 0, 0, 0, -37995263/11650080, 0, 0, 
      1933343/970840, 833/520, 0, 0, -3326/1867, 0, 0, 0, 0, 0, 0, 0, 1 ] ]

30. Candidate
   Symplectic group: C3
   Component: 2; Koike (3.3), generic index 2
   Projective group ID: [ 18, 3 ]
   Strict linear group ID: [ 54, 12 ]
   Generic index: 2
   Generic full linear containment required: true
   Generic full linear containment verified: true
   Direct known case: false
   Source records: [ "G_s=C_3_generic_index=2_family_non-abelian.docx" ]
   Family number within this input: 5
   Strict cubic invariant dimension: 10
   Centralizer dimension: 7
   Expected moduli dimension: 3
   Determinant image order: 6
   Gonzalez status: passed
   Retained: true
   Gonzalez failure statuses: [  ]
   Matrix generators: 
[ [ [ 1, 0, 0, 0, 0, 0 ], [ 0, 1, 0, 0, 0, 0 ], [ 0, 0, 1, 0, 0, 0 ], 
      [ 0, 0, 0, 1, 0, 0 ], [ 0, 0, 0, 0, 0, 1/9*E(3) ], 
      [ 0, 0, 0, 0, 9*E(3)^2, 0 ] ], 
  [ 
      [ -609/25726*E(3)+41861/25726*E(3)^2, -44491/38589*E(3)-22049/38589*E(3)^2,
          -16439/77178*E(3)-70063/77178*E(3)^2, 
          10373/38589*E(3)-53624/38589*E(3)^2, 0, 0 ], 
      [ 3465/12863*E(3)+7553/12863*E(3)^2, 
          -33082/38589*E(3)-22769/38589*E(3)^2, 
          -20017/38589*E(3)-41369/38589*E(3)^2, 
          -18682/38589*E(3)-42704/38589*E(3)^2, 0, 0 ], 
      [ 7791/25726*E(3)-20125/25726*E(3)^2, 
          63529/38589*E(3)-10669/38589*E(3)^2, 
          -2599/77178*E(3)+148495/77178*E(3)^2, 
          -39557/38589*E(3)+73916/38589*E(3)^2, 0, 0 ], 
      [ -2464/12863*E(3)+16639/12863*E(3)^2, 
          -31986/12863*E(3)-8514/12863*E(3)^2, 
          -3640/12863*E(3)-22685/12863*E(3)^2, 
          11765/12863*E(3)-25227/12863*E(3)^2, 0, 0 ], 
      [ 0, 0, 0, 0, E(3), 0 ], [ 0, 0, 0, 0, 0, E(3) ] ], 
  [ [ 1, 0, 0, 0, 0, 0 ], [ 0, 1, 0, 0, 0, 0 ], [ 0, 0, 1, 0, 0, 0 ], 
      [ 0, 0, 0, 1, 0, 0 ], [ 0, 0, 0, 0, E(3), 0 ], 
      [ 0, 0, 0, 0, 0, E(3)^2 ] ], 
  [ [ E(3), 0, 0, 0, 0, 0 ], [ 0, E(3), 0, 0, 0, 0 ], [ 0, 0, E(3), 0, 0, 0 ],
      [ 0, 0, 0, E(3), 0, 0 ], [ 0, 0, 0, 0, E(3), 0 ], 
      [ 0, 0, 0, 0, 0, E(3) ] ] ]
   Cubic invariant basis strings: 
[ "(729)*x6^3 + x5^3", 
  "(37259704/7414875)*x4^3 + (-70726504/2471625)*x3*x4^2 + (134253304/2471625)\
*x3^2*x4 + (-254840104/7414875)*x3^3 + (111556/12675)*x2*x4^2 + (-423512/12675\
)*x2*x3*x4 + (401956/12675)*x2*x3^2 + (334/65)*x2^2*x4 + (-634/65)*x2^2*x3 + x\
2^3", 
  "(6162/2479)*x4*x5*x6 + (-5101/2479)*x3*x5*x6 + (178/2479)*x2*x5*x6 + x1*x5*\
x6", 
  "(53370257145916414414429/16140332146565635164000)*x4^3 + (-6003802560957897\
5886359/5380110715521878388000)*x3*x4^2 + (10312506486259834023169/89668511925\
3646398000)*x3^2*x4 + (-19016471323093142830411/4035083036641408791000)*x3^3 +\
 (41966583146199900953/8277093408495197520)*x2*x4^2 + (-49401950881761106517/4\
138546704247598760)*x2*x3*x4 + (15524883459755325089/2069273352123799380)*x2*x\
3^2 + (847749007606558/491280472963865)*x2^2*x4 + (-971242049446208/4912804729\
63865)*x2^2*x3 + (37643102756737/30107159503200)*x1*x4^2 + (-24676451256757/15\
053579751600)*x1*x3*x4 + (-12237976389287/7526789875800)*x1*x3^2 + x1*x2*x4", 
  "(42189512629616488125953/32280664293131270328000)*x4^3 + (-3431693046216940\
8093763/10760221431043756776000)*x3*x4^2 + (2761226732316926059733/17933702385\
07292796000)*x3^2*x4 + (48796815018653024473/8070166073282817582000)*x3^3 + (2\
6162981177575251853/16554186816990395040)*x2*x4^2 + (-21292324515194899201/827\
7093408495197520)*x2*x3*x4 + (4375942188369089581/4138546704247598760)*x2*x3^2\
 + (276283453127888/491280472963865)*x2^2*x4 + (-115200787668738/4912804729638\
65)*x2^2*x3 + (22068256267829/60214319006400)*x1*x4^2 + (13110151739431/301071\
59503200)*x1*x3*x4 + (-29548842516979/15053579751600)*x1*x3^2 + x1*x2*x3", 
  "(-16029440727835044997619/8070166073282817582000)*x4^3 + (40426247361766813\
596889/2690055357760939194000)*x3*x4^2 + (-13068444589921709928239/44834255962\
6823199000)*x3^2*x4 + (38010245314329297452501/2017541518320704395500)*x3^3 + \
(-9722390367750884351/1591748732402922600)*x2*x4^2 + (18430794661370936411/795\
874366201461300)*x2*x3*x4 + (-8141615731724138999/397937183100730650)*x2*x3^2 \
+ (-966447241174576/491280472963865)*x2^2*x4 + (2701476068929931/4912804729638\
65)*x2^2*x3 + (15562685638897/15053579751600)*x1*x4^2 + (-20252584714117/75267\
89875800)*x1*x3*x4 + (12707873180953/3763394937900)*x1*x3^2 + x1*x2^2", 
  "(-2702142377801326002467/4035083036641408791000)*x4^3 + (796680176631698133\
2857/1345027678880469597000)*x3*x4^2 + (-2016355674942123812987/22417127981341\
1599500)*x3^2*x4 + (4880557528250442781853/1008770759160352197750)*x3^3 + (-77\
08101552750861079/2069273352123799380)*x2*x4^2 + (11175444224153597371/1034636\
676061899690)*x2*x3*x4 + (-3984445145335994647/517318338030949845)*x2*x3^2 + (\
-679460098037796/491280472963865)*x2^2*x4 + (997073035399936/491280472963865)*\
x2^2*x3 + (14851186653649/7526789875800)*x1*x4^2 + (-6039225317989/37633949379\
00)*x1*x3*x4 + (3140863874401/1881697468950)*x1*x3^2 + x1^2*x4", 
  "(-22902769676083781797639/8070166073282817582000)*x4^3 + (29336608330560362\
171669/2690055357760939194000)*x3*x4^2 + (-5664803457401987111779/448342559626\
823199000)*x3^2*x4 + (11216929061320148030101/2017541518320704395500)*x3^3 + (\
-14202693859257509339/4138546704247598760)*x2*x4^2 + (20301448836564779063/206\
9273352123799380)*x2*x3*x4 + (-7162799175012145403/1034636676061899690)*x2*x3^\
2 + (-599926938986176/491280472963865)*x2^2*x4 + (876673013985116/491280472963\
865)*x2^2*x3 + (-11979853735027/15053579751600)*x1*x4^2 + (22829003327647/7526\
789875800)*x1*x3*x4 + (-1212926682523/3763394937900)*x1*x3^2 + x1^2*x3", 
  "(-13029904706869929164627/1241564011274279628000)*x4^3 + (13782641845586197\
231417/413854670424759876000)*x3*x4^2 + (-2304756928825071189647/6897577840412\
6646000)*x3^2*x4 + (3814027876502497874693/310391002818569907000)*x3^3 + (-695\
39091735780509131/8277093408495197520)*x2*x4^2 + (89767485137824398007/4138546\
704247598760)*x2*x3*x4 + (-29163795708166823287/2069273352123799380)*x2*x3^2 +\
 (-108653914726264/37790805612605)*x2^2*x4 + (135249342711044/37790805612605)*\
x2^2*x3 + (-177196810300643/30107159503200)*x1*x4^2 + (185549341739423/1505357\
9751600)*x1*x3*x4 + (-27250598870507/7526789875800)*x1*x3^2 + x1^2*x2", 
  "(491384446804655386339/179337023850729279600)*x4^3 + (-79278794542595448516\
1/59779007950243093200)*x3*x4^2 + (517941066236680145549/29889503975121546600)\
*x3^2*x4 + (-14963025169772891869/1793370238507292796)*x3^3 + (444227741598779\
0309/766397537823629400)*x2*x4^2 + (-6400059105689108489/383198768911814700)*x\
2*x3*x4 + (2271324831490673861/191599384455907350)*x2*x3^2 + (207526724616736/\
98256094592773)*x2^2*x4 + (-303978669746668/98256094592773)*x2^2*x3 + (-475343\
379287/557539990800)*x1*x4^2 + (-131280365293/278769995400)*x1*x3*x4 + (-14017\
3982963/139384997700)*x1*x3^2 + x1^3" ]
   Cubic invariant basis vectors: 
[ [ 729, 0, 0, 1, 0, 0, 0, 0, 0, 0, 0, 0, 0, 0, 0, 0, 0, 0, 0, 0, 0, 0, 0, 0, 
      0, 0, 0, 0, 0, 0, 0, 0, 0, 0, 0, 0, 0, 0, 0, 0, 0, 0, 0, 0, 0, 0, 0, 0, 
      0, 0, 0, 0, 0, 0, 0, 0 ], 
  [ 0, 0, 0, 0, 0, 0, 0, 0, 0, 37259704/7414875, 0, 0, 0, 0, 0, 
      -70726504/2471625, 0, 0, 134253304/2471625, -254840104/7414875, 0, 0, 
      0, 0, 0, 111556/12675, 0, 0, -423512/12675, 401956/12675, 0, 0, 334/65, 
      -634/65, 1, 0, 0, 0, 0, 0, 0, 0, 0, 0, 0, 0, 0, 0, 0, 0, 0, 0, 0, 0, 0, 
      0 ], [ 0, 0, 0, 0, 0, 6162/2479, 0, 0, 0, 0, 0, -5101/2479, 0, 0, 0, 0, 
      0, 0, 0, 0, 0, 178/2479, 0, 0, 0, 0, 0, 0, 0, 0, 0, 0, 0, 0, 0, 0, 1, 
      0, 0, 0, 0, 0, 0, 0, 0, 0, 0, 0, 0, 0, 0, 0, 0, 0, 0, 0 ], 
  [ 0, 0, 0, 0, 0, 0, 0, 0, 0, 53370257145916414414429/16140332146565635164000
        , 0, 0, 0, 0, 0, -60038025609578975886359/5380110715521878388000, 0, 
      0, 10312506486259834023169/896685119253646398000, 
      -19016471323093142830411/4035083036641408791000, 0, 0, 0, 0, 0, 
      41966583146199900953/8277093408495197520, 0, 0, 
      -49401950881761106517/4138546704247598760, 
      15524883459755325089/2069273352123799380, 0, 0, 
      847749007606558/491280472963865, -971242049446208/491280472963865, 0, 
      0, 0, 0, 0, 0, 37643102756737/30107159503200, 0, 0, 
      -24676451256757/15053579751600, -12237976389287/7526789875800, 0, 0, 1, 
      0, 0, 0, 0, 0, 0, 0, 0 ], 
  [ 0, 0, 0, 0, 0, 0, 0, 0, 0, 42189512629616488125953/32280664293131270328000
        , 0, 0, 0, 0, 0, -34316930462169408093763/10760221431043756776000, 0, 
      0, 2761226732316926059733/1793370238507292796000, 
      48796815018653024473/8070166073282817582000, 0, 0, 0, 0, 0, 
      26162981177575251853/16554186816990395040, 0, 0, 
      -21292324515194899201/8277093408495197520, 
      4375942188369089581/4138546704247598760, 0, 0, 
      276283453127888/491280472963865, -115200787668738/491280472963865, 0, 
      0, 0, 0, 0, 0, 22068256267829/60214319006400, 0, 0, 
      13110151739431/30107159503200, -29548842516979/15053579751600, 0, 0, 0, 
      1, 0, 0, 0, 0, 0, 0, 0 ], 
  [ 0, 0, 0, 0, 0, 0, 0, 0, 0, -16029440727835044997619/8070166073282817582000
        , 0, 0, 0, 0, 0, 40426247361766813596889/2690055357760939194000, 0, 
      0, -13068444589921709928239/448342559626823199000, 
      38010245314329297452501/2017541518320704395500, 0, 0, 0, 0, 0, 
      -9722390367750884351/1591748732402922600, 0, 0, 
      18430794661370936411/795874366201461300, 
      -8141615731724138999/397937183100730650, 0, 0, 
      -966447241174576/491280472963865, 2701476068929931/491280472963865, 0, 
      0, 0, 0, 0, 0, 15562685638897/15053579751600, 0, 0, 
      -20252584714117/7526789875800, 12707873180953/3763394937900, 0, 0, 0, 
      0, 1, 0, 0, 0, 0, 0, 0 ], 
  [ 0, 0, 0, 0, 0, 0, 0, 0, 0, -2702142377801326002467/4035083036641408791000,
      0, 0, 0, 0, 0, 7966801766316981332857/1345027678880469597000, 0, 0, 
      -2016355674942123812987/224171279813411599500, 
      4880557528250442781853/1008770759160352197750, 0, 0, 0, 0, 0, 
      -7708101552750861079/2069273352123799380, 0, 0, 
      11175444224153597371/1034636676061899690, 
      -3984445145335994647/517318338030949845, 0, 0, 
      -679460098037796/491280472963865, 997073035399936/491280472963865, 0, 
      0, 0, 0, 0, 0, 14851186653649/7526789875800, 0, 0, 
      -6039225317989/3763394937900, 3140863874401/1881697468950, 0, 0, 0, 0, 
      0, 0, 0, 1, 0, 0, 0 ], 
  [ 0, 0, 0, 0, 0, 0, 0, 0, 0, -22902769676083781797639/8070166073282817582000
        , 0, 0, 0, 0, 0, 29336608330560362171669/2690055357760939194000, 0, 
      0, -5664803457401987111779/448342559626823199000, 
      11216929061320148030101/2017541518320704395500, 0, 0, 0, 0, 0, 
      -14202693859257509339/4138546704247598760, 0, 0, 
      20301448836564779063/2069273352123799380, 
      -7162799175012145403/1034636676061899690, 0, 0, 
      -599926938986176/491280472963865, 876673013985116/491280472963865, 0, 
      0, 0, 0, 0, 0, -11979853735027/15053579751600, 0, 0, 
      22829003327647/7526789875800, -1212926682523/3763394937900, 0, 0, 0, 0, 
      0, 0, 0, 0, 1, 0, 0 ], 
  [ 0, 0, 0, 0, 0, 0, 0, 0, 0, -13029904706869929164627/1241564011274279628000
        , 0, 0, 0, 0, 0, 13782641845586197231417/413854670424759876000, 0, 0, 
      -2304756928825071189647/68975778404126646000, 
      3814027876502497874693/310391002818569907000, 0, 0, 0, 0, 0, 
      -69539091735780509131/8277093408495197520, 0, 0, 
      89767485137824398007/4138546704247598760, 
      -29163795708166823287/2069273352123799380, 0, 0, 
      -108653914726264/37790805612605, 135249342711044/37790805612605, 0, 0, 
      0, 0, 0, 0, -177196810300643/30107159503200, 0, 0, 
      185549341739423/15053579751600, -27250598870507/7526789875800, 0, 0, 0, 
      0, 0, 0, 0, 0, 0, 1, 0 ], 
  [ 0, 0, 0, 0, 0, 0, 0, 0, 0, 491384446804655386339/179337023850729279600, 
      0, 0, 0, 0, 0, -792787945425954485161/59779007950243093200, 0, 0, 
      517941066236680145549/29889503975121546600, 
      -14963025169772891869/1793370238507292796, 0, 0, 0, 0, 0, 
      4442277415987790309/766397537823629400, 0, 0, 
      -6400059105689108489/383198768911814700, 
      2271324831490673861/191599384455907350, 0, 0, 
      207526724616736/98256094592773, -303978669746668/98256094592773, 0, 0, 
      0, 0, 0, 0, -475343379287/557539990800, 0, 0, 
      -131280365293/278769995400, -140173982963/139384997700, 0, 0, 0, 0, 0, 
      0, 0, 0, 0, 0, 1 ] ]

31. Candidate
   Symplectic group: C3
   Component: 2; Koike (3.3), generic index 2
   Projective group ID: [ 18, 3 ]
   Strict linear group ID: [ 54, 4 ]
   Generic index: 2
   Generic full linear containment required: true
   Generic full linear containment verified: true
   Direct known case: false
   Source records: [ "G_s=C_3_generic_index=2_family_non-abelian.docx" ]
   Family number within this input: 6
   Strict cubic invariant dimension: 7
   Centralizer dimension: 7
   Expected moduli dimension: 0
   Determinant image order: 6
   Gonzalez status: rejected
   Retained: false
   Gonzalez failure statuses: [ "forbidden_strict_invariant_spectrum", 
  "forbidden_strict_invariant_spectrum", "forbidden_strict_invariant_spectrum"
    , "forbidden_strict_invariant_spectrum", 
  "forbidden_strict_invariant_spectrum", 
  "forbidden_strict_invariant_spectrum" ]
   Matrix generators: 
[ [ [ 1, 0, 0, 0, 0, 0 ], [ 0, 1, 0, 0, 0, 0 ], [ 0, 0, 1, 0, 0, 0 ], 
      [ 0, 0, 0, 1, 0, 0 ], [ 0, 0, 0, 0, 0, 1/9 ], [ 0, 0, 0, 0, 9, 0 ] ], 
  [ 
      [ -41861/25726*E(9)^2-21235/12863*E(9)^5, 
          22049/38589*E(9)^2-22442/38589*E(9)^5, 
          70063/77178*E(9)^2+26812/38589*E(9)^5, 
          53624/38589*E(9)^2+63997/38589*E(9)^5, 0, 0 ], 
      [ -7553/12863*E(9)^2-4088/12863*E(9)^5, 
          22769/38589*E(9)^2-10313/38589*E(9)^5, 
          41369/38589*E(9)^2+21352/38589*E(9)^5, 
          42704/38589*E(9)^2+24022/38589*E(9)^5, 0, 0 ], 
      [ 20125/25726*E(9)^2+13958/12863*E(9)^5, 
          10669/38589*E(9)^2+74198/38589*E(9)^5, 
          -148495/77178*E(9)^2-75547/38589*E(9)^5, 
          -73916/38589*E(9)^2-113473/38589*E(9)^5, 0, 0 ], 
      [ -16639/12863*E(9)^2-19103/12863*E(9)^5, 
          8514/12863*E(9)^2-23472/12863*E(9)^5, 
          22685/12863*E(9)^2+19045/12863*E(9)^5, 
          25227/12863*E(9)^2+36992/12863*E(9)^5, 0, 0 ], 
      [ 0, 0, 0, 0, -E(9)^2-E(9)^5, 0 ], [ 0, 0, 0, 0, 0, -E(9)^2-E(9)^5 ] ], 
  [ [ 1, 0, 0, 0, 0, 0 ], [ 0, 1, 0, 0, 0, 0 ], [ 0, 0, 1, 0, 0, 0 ], 
      [ 0, 0, 0, 1, 0, 0 ], [ 0, 0, 0, 0, E(3), 0 ], 
      [ 0, 0, 0, 0, 0, E(3)^2 ] ], 
  [ [ E(3), 0, 0, 0, 0, 0 ], [ 0, E(3), 0, 0, 0, 0 ], [ 0, 0, E(3), 0, 0, 0 ],
      [ 0, 0, 0, E(3), 0, 0 ], [ 0, 0, 0, 0, E(3), 0 ], 
      [ 0, 0, 0, 0, 0, E(3) ] ] ]
   Cubic invariant basis strings: 
[ 
  "(2025/1109)*x4*x5*x6 + (-881/1109)*x3*x5*x6 + (1574/1109)*x2*x5*x6 + x1*x5*x\
6", 
  "(-512602204092/239563497329)*x4^3 + (242857833823219/28747619679480)*x3*x4^\
2 + (-288649245461813/28747619679480)*x3^2*x4 + (23393082382471/7186904919870)\
*x3^3 + (-35113816729613/14373809839740)*x2*x4^2 + (10104073233247/15539253880\
80)*x2*x3*x4 + (-60108822467753/14373809839740)*x2*x3^2 + (-162130124947/14742\
3690664)*x2^2*x4 + (32119986014/18427961333)*x2^2*x3 + (-4334316480/1842796133\
3)*x2^3 + (-11700521/10456680)*x1*x4^2 + (40120387/10456680)*x1*x3*x4 + (-634/\
195)*x1*x3^2 + (-70063/107248)*x1*x2*x4 + x1*x2*x3", 
  "(-133243512854812/15571627326385)*x4^3 + (45218300256662959/140144645937465\
0)*x3*x4^2 + (-52051185593381993/1401446459374650)*x3^2*x4 + (8946841552285682\
/700723229687325)*x3^3 + (-3830256550103693/700723229687325)*x2*x4^2 + (899878\
326678307/75753862668900)*x2*x3*x4 + (-4921715909603153/700723229687325)*x2*x3\
^2 + (-1109814509227/2395634973290)*x2^2*x4 + (1569751497551/1197817486645)*x2\
^2*x3 + (-2029426714/18427961333)*x2^3 + (-2213545421/509763150)*x1*x4^2 + (70\
40560807/509763150)*x1*x3*x4 + (-401956/38025)*x1*x3^2 + (-22049/26812)*x1*x2*\
x4 + x1*x2^2", 
  "(296970477566018414132513008/117692868272668729641016585)*x4^3 + (-11804444\
278995088990287331148/5296179072270092833845746325)*x3*x4^2 + (-38799982736338\
17566505265379/5296179072270092833845746325)*x3^2*x4 + (2800038416407559323503\
525892/5296179072270092833845746325)*x3^3 + (18101740177591956208708123592/529\
6179072270092833845746325)*x2*x4^2 + (-264469747030180784306421652/14313997492\
6218725239074225)*x2*x3*x4 + (-4479958111556815192981577368/529617907227009283\
3845746325)*x2*x3^2 + (8890441539639482248654564/9053297559436056126232045)*x2\
^2*x4 + (-2722907966466885550193664/9053297559436056126232045)*x2^2*x3 + (-283\
22890659777042358272/139281500914400863480493)*x2^3 + (6231083405314515452212/\
1926436011011920450575)*x1*x4^2 + (-2918447894449451399654/1926436011011920450\
575)*x1*x3*x4 + (-165666171212543636/287399076683861025)*x1*x3^2 + (3895738536\
4/18427961333)*x1*x2*x4 + x1^2*x4", 
  "(161278504907870804149390663/117692868272668729641016585)*x4^3 + (-90572593\
77487336598570332463/5296179072270092833845746325)*x3*x4^2 + (1021660975487173\
0749796780277/10592358144540185667691492650)*x3^2*x4 + (-462894428699046136021\
729223/5296179072270092833845746325)*x3^3 + (16613672463535250641386896852/529\
6179072270092833845746325)*x2*x4^2 + (-2672908606453283063704964323/5725598997\
04874900956296900)*x2*x3*x4 + (11292823921367196775150675517/52961790722700928\
33845746325)*x2*x3^2 + (27900502493097035793167773/18106595118872112252464090)\
*x2^2*x4 + (-14960688218718491313067924/9053297559436056126232045)*x2^2*x3 + (\
9937767573342713495808/139281500914400863480493)*x2^3 + (144391314221466743762\
2/1926436011011920450575)*x1*x4^2 + (4581675663506320512077/385287202202384090\
1150)*x1*x3*x4 + (-124161331900006316/287399076683861025)*x1*x3^2 + (832826104\
51/73711845332)*x1*x2*x4 + x1^2*x3", 
  "(251891267517452548295079618/117692868272668729641016585)*x4^3 + (-37249830\
498369845554762432819/7061572096360123778460995100)*x3*x4^2 + (298414040450842\
43687148307313/7061572096360123778460995100)*x3^2*x4 + (-330889976108500823702\
6796031/1765393024090030944615248775)*x3^3 + (2562327771248560424905607213/353\
0786048180061889230497550)*x2*x4^2 + (1595427853797559698158050013/38170659980\
3249933970864600)*x2*x3*x4 + (-16161815843265526509607704877/35307860481800618\
89230497550)*x2*x3^2 + (-46322683476418858484032489/36213190237744224504928180\
)*x2^2*x4 + (23799574495914356475560396/9053297559436056126232045)*x2^2*x3 + (\
-66369476678595537381620/139281500914400863480493)*x2^3 + (2332433310148410714\
161/2568581348015893934100)*x1*x4^2 + (-2961866318031679788487/256858134801589\
3934100)*x1*x3*x4 + (-39975697845494752/95799692227953675)*x1*x3^2 + (35298860\
7881/147423690664)*x1*x2*x4 + x1^2*x2", 
  "(-165182986271694147935327775/23538573654533745928203317)*x4^3 + (766170161\
464141588445641492/117692868272668729641016585)*x3*x4^2 + (7543684024301361743\
19798797/235385736545337459282033170)*x3^2*x4 + (-118424246889755931568187298/\
117692868272668729641016585)*x3^3 + (-760179399430425624334414978/117692868272\
668729641016585)*x2*x4^2 + (-92792158517764740384429043/1272355332677499779902\
8820)*x2*x3*x4 + (1438423780813490792435611637/117692868272668729641016585)*x2\
*x3^2 + (2507813895635296489133325/3621319023774422450492818)*x2^2*x4 + (-8572\
922333088457535392092/1810659511887211225246409)*x2^2*x3 + (188449420520646455\
952728/139281500914400863480493)*x2^3 + (-295583404040768343893/42809689133598\
232235)*x1*x4^2 + (298725295791736716197/85619378267196464470)*x1*x3*x4 + (244\
78706941045039/6386646148530245)*x1*x3^2 + (-505797353145/73711845332)*x1*x2*x\
4 + x1^3" ]
   Cubic invariant basis vectors: 
[ [ 0, 0, 0, 0, 0, 2025/1109, 0, 0, 0, 0, 0, -881/1109, 0, 0, 0, 0, 0, 0, 0, 
      0, 0, 1574/1109, 0, 0, 0, 0, 0, 0, 0, 0, 0, 0, 0, 0, 0, 0, 1, 0, 0, 0, 
      0, 0, 0, 0, 0, 0, 0, 0, 0, 0, 0, 0, 0, 0, 0, 0 ], 
  [ 0, 0, 0, 0, 0, 0, 0, 0, 0, -512602204092/239563497329, 0, 0, 0, 0, 0, 
      242857833823219/28747619679480, 0, 0, -288649245461813/28747619679480, 
      23393082382471/7186904919870, 0, 0, 0, 0, 0, 
      -35113816729613/14373809839740, 0, 0, 10104073233247/1553925388080, 
      -60108822467753/14373809839740, 0, 0, -162130124947/147423690664, 
      32119986014/18427961333, -4334316480/18427961333, 0, 0, 0, 0, 0, 
      -11700521/10456680, 0, 0, 40120387/10456680, -634/195, 0, 0, 
      -70063/107248, 1, 0, 0, 0, 0, 0, 0, 0 ], 
  [ 0, 0, 0, 0, 0, 0, 0, 0, 0, -133243512854812/15571627326385, 0, 0, 0, 0, 
      0, 45218300256662959/1401446459374650, 0, 0, 
      -52051185593381993/1401446459374650, 8946841552285682/700723229687325, 
      0, 0, 0, 0, 0, -3830256550103693/700723229687325, 0, 0, 
      899878326678307/75753862668900, -4921715909603153/700723229687325, 0, 
      0, -1109814509227/2395634973290, 1569751497551/1197817486645, 
      -2029426714/18427961333, 0, 0, 0, 0, 0, -2213545421/509763150, 0, 0, 
      7040560807/509763150, -401956/38025, 0, 0, -22049/26812, 0, 1, 0, 0, 0, 
      0, 0, 0 ], 
  [ 0, 0, 0, 0, 0, 0, 0, 0, 0, 
      296970477566018414132513008/117692868272668729641016585, 0, 0, 0, 0, 0, 
      -11804444278995088990287331148/5296179072270092833845746325, 0, 0, 
      -3879998273633817566505265379/5296179072270092833845746325, 
      2800038416407559323503525892/5296179072270092833845746325, 0, 0, 0, 0, 
      0, 18101740177591956208708123592/5296179072270092833845746325, 0, 0, 
      -264469747030180784306421652/143139974926218725239074225, 
      -4479958111556815192981577368/5296179072270092833845746325, 0, 0, 
      8890441539639482248654564/9053297559436056126232045, 
      -2722907966466885550193664/9053297559436056126232045, 
      -28322890659777042358272/139281500914400863480493, 0, 0, 0, 0, 0, 
      6231083405314515452212/1926436011011920450575, 0, 0, 
      -2918447894449451399654/1926436011011920450575, 
      -165666171212543636/287399076683861025, 0, 0, 38957385364/18427961333, 
      0, 0, 0, 0, 1, 0, 0, 0 ], 
  [ 0, 0, 0, 0, 0, 0, 0, 0, 0, 
      161278504907870804149390663/117692868272668729641016585, 0, 0, 0, 0, 0, 
      -9057259377487336598570332463/5296179072270092833845746325, 0, 0, 
      10216609754871730749796780277/10592358144540185667691492650, 
      -462894428699046136021729223/5296179072270092833845746325, 0, 0, 0, 0, 
      0, 16613672463535250641386896852/5296179072270092833845746325, 0, 0, 
      -2672908606453283063704964323/572559899704874900956296900, 
      11292823921367196775150675517/5296179072270092833845746325, 0, 0, 
      27900502493097035793167773/18106595118872112252464090, 
      -14960688218718491313067924/9053297559436056126232045, 
      9937767573342713495808/139281500914400863480493, 0, 0, 0, 0, 0, 
      1443913142214667437622/1926436011011920450575, 0, 0, 
      4581675663506320512077/3852872022023840901150, 
      -124161331900006316/287399076683861025, 0, 0, 83282610451/73711845332, 
      0, 0, 0, 0, 0, 1, 0, 0 ], 
  [ 0, 0, 0, 0, 0, 0, 0, 0, 0, 
      251891267517452548295079618/117692868272668729641016585, 0, 0, 0, 0, 0, 
      -37249830498369845554762432819/7061572096360123778460995100, 0, 0, 
      29841404045084243687148307313/7061572096360123778460995100, 
      -3308899761085008237026796031/1765393024090030944615248775, 0, 0, 0, 0, 
      0, 2562327771248560424905607213/3530786048180061889230497550, 0, 0, 
      1595427853797559698158050013/381706599803249933970864600, 
      -16161815843265526509607704877/3530786048180061889230497550, 0, 0, 
      -46322683476418858484032489/36213190237744224504928180, 
      23799574495914356475560396/9053297559436056126232045, 
      -66369476678595537381620/139281500914400863480493, 0, 0, 0, 0, 0, 
      2332433310148410714161/2568581348015893934100, 0, 0, 
      -2961866318031679788487/2568581348015893934100, 
      -39975697845494752/95799692227953675, 0, 0, 352988607881/147423690664, 
      0, 0, 0, 0, 0, 0, 1, 0 ], 
  [ 0, 0, 0, 0, 0, 0, 0, 0, 0, 
      -165182986271694147935327775/23538573654533745928203317, 0, 0, 0, 0, 0, 
      766170161464141588445641492/117692868272668729641016585, 0, 0, 
      754368402430136174319798797/235385736545337459282033170, 
      -118424246889755931568187298/117692868272668729641016585, 0, 0, 0, 0, 
      0, -760179399430425624334414978/117692868272668729641016585, 0, 0, 
      -92792158517764740384429043/12723553326774997799028820, 
      1438423780813490792435611637/117692868272668729641016585, 0, 0, 
      2507813895635296489133325/3621319023774422450492818, 
      -8572922333088457535392092/1810659511887211225246409, 
      188449420520646455952728/139281500914400863480493, 0, 0, 0, 0, 0, 
      -295583404040768343893/42809689133598232235, 0, 0, 
      298725295791736716197/85619378267196464470, 
      24478706941045039/6386646148530245, 0, 0, -505797353145/73711845332, 0, 
      0, 0, 0, 0, 0, 0, 1 ] ]
   Gonzalez failures: [ rec(
      applicable := true,
      classIndex := 11,
      classSize := 1,
      linearOrder := 9,
      normalizingScalar := 1,
      ok := false,
      projectiveOrder := 3,
      projectivePowerScalar := E(3)^2,
      projectivePowerScalarExponent := 2,
      reason := "no_Gonzalez_strict_invariant_pattern_matches",
      status := "forbidden_strict_invariant_spectrum",
      testedCharacteristicPolynomial := 
       x1^6+(3*E(9)^2+3*E(9)^5)*x1^5+3*E(9)^7*x1^4+(-2*E(3)^2)*x1^3+3*E(9)^5*x\
1^2+(-3*E(9)^4)*x1+E(3) ), rec(
      applicable := true,
      classIndex := 15,
      classSize := 1,
      linearOrder := 9,
      normalizingScalar := 1,
      ok := false,
      projectiveOrder := 3,
      projectivePowerScalar := E(3)^2,
      projectivePowerScalarExponent := 2,
      reason := "no_Gonzalez_strict_invariant_pattern_matches",
      status := "forbidden_strict_invariant_spectrum",
      testedCharacteristicPolynomial := 
       x1^6+(-3*E(9)^5)*x1^5+(-3*E(9)^4-3*E(9)^7)*x1^4+(-2*E(3)^2)*x1^3+3*E(9)\
^2*x1^2+(-3*E(9)^7)*x1+E(3) ), rec(
      applicable := true,
      classIndex := 17,
      classSize := 1,
      linearOrder := 9,
      normalizingScalar := 1,
      ok := false,
      projectiveOrder := 3,
      projectivePowerScalar := E(3),
      projectivePowerScalarExponent := 1,
      reason := "no_Gonzalez_strict_invariant_pattern_matches",
      status := "forbidden_strict_invariant_spectrum",
      testedCharacteristicPolynomial := 
       x1^6+(3*E(9)^4+3*E(9)^7)*x1^5+3*E(9)^2*x1^4+(-2*E(3))*x1^3+3*E(9)^4*x1^\
2+(-3*E(9)^5)*x1+E(3)^2 ), rec(
      applicable := true,
      classIndex := 21,
      classSize := 1,
      linearOrder := 9,
      normalizingScalar := 1,
      ok := false,
      projectiveOrder := 3,
      projectivePowerScalar := E(3),
      projectivePowerScalarExponent := 1,
      reason := "no_Gonzalez_strict_invariant_pattern_matches",
      status := "forbidden_strict_invariant_spectrum",
      testedCharacteristicPolynomial := 
       x1^6+(-3*E(9)^7)*x1^5+3*E(9)^5*x1^4+(-2*E(3))*x1^3+(-3*E(9)^4-3*E(9)^7)\
*x1^2+(3*E(9)^2+3*E(9)^5)*x1+E(3)^2 ), rec(
      applicable := true,
      classIndex := 24,
      classSize := 1,
      linearOrder := 9,
      normalizingScalar := 1,
      ok := false,
      projectiveOrder := 3,
      projectivePowerScalar := E(3),
      projectivePowerScalarExponent := 1,
      reason := "no_Gonzalez_strict_invariant_pattern_matches",
      status := "forbidden_strict_invariant_spectrum",
      testedCharacteristicPolynomial := 
       x1^6+(-3*E(9)^4)*x1^5+(-3*E(9)^2-3*E(9)^5)*x1^4+(-2*E(3))*x1^3+3*E(9)^7\
*x1^2+(-3*E(9)^2)*x1+E(3)^2 ), rec(
      applicable := true,
      classIndex := 27,
      classSize := 1,
      linearOrder := 9,
      normalizingScalar := 1,
      ok := false,
      projectiveOrder := 3,
      projectivePowerScalar := E(3)^2,
      projectivePowerScalarExponent := 2,
      reason := "no_Gonzalez_strict_invariant_pattern_matches",
      status := "forbidden_strict_invariant_spectrum",
      testedCharacteristicPolynomial := 
       x1^6+(-3*E(9)^2)*x1^5+3*E(9)^4*x1^4+(-2*E(3)^2)*x1^3+(-3*E(9)^2-3*E(9)^\
5)*x1^2+(3*E(9)^4+3*E(9)^7)*x1+E(3) ) ]

32. Candidate
   Symplectic group: C3
   Component: 2; Koike (3.3), generic index 2
   Projective group ID: [ 18, 3 ]
   Strict linear group ID: [ 54, 4 ]
   Generic index: 2
   Generic full linear containment required: true
   Generic full linear containment verified: true
   Direct known case: false
   Source records: [ "G_s=C_3_generic_index=2_family_non-abelian.docx" ]
   Family number within this input: 7
   Strict cubic invariant dimension: 8
   Centralizer dimension: 7
   Expected moduli dimension: 1
   Determinant image order: 6
   Gonzalez status: rejected
   Retained: false
   Gonzalez failure statuses: [ "forbidden_strict_invariant_spectrum", 
  "forbidden_strict_invariant_spectrum", "forbidden_strict_invariant_spectrum"
    , "forbidden_strict_invariant_spectrum", 
  "forbidden_strict_invariant_spectrum", "forbidden_strict_invariant_spectrum"
    , "forbidden_strict_invariant_spectrum", 
  "forbidden_strict_invariant_spectrum", "forbidden_strict_invariant_spectrum"
    , "forbidden_strict_invariant_spectrum", 
  "forbidden_strict_invariant_spectrum", 
  "forbidden_strict_invariant_spectrum" ]
   Matrix generators: 
[ [ [ 1, 0, 0, 0, 0, 0 ], [ 0, 1, 0, 0, 0, 0 ], [ 0, 0, 1, 0, 0, 0 ], 
      [ 0, 0, 0, 1, 0, 0 ], [ 0, 0, 0, 0, 0, 1/9*E(3)^2 ], 
      [ 0, 0, 0, 0, 9*E(3), 0 ] ], 
  [ 
      [ -41861/25726*E(9)^2-21235/12863*E(9)^5, 
          22049/38589*E(9)^2-22442/38589*E(9)^5, 
          70063/77178*E(9)^2+26812/38589*E(9)^5, 
          53624/38589*E(9)^2+63997/38589*E(9)^5, 0, 0 ], 
      [ -7553/12863*E(9)^2-4088/12863*E(9)^5, 
          22769/38589*E(9)^2-10313/38589*E(9)^5, 
          41369/38589*E(9)^2+21352/38589*E(9)^5, 
          42704/38589*E(9)^2+24022/38589*E(9)^5, 0, 0 ], 
      [ 20125/25726*E(9)^2+13958/12863*E(9)^5, 
          10669/38589*E(9)^2+74198/38589*E(9)^5, 
          -148495/77178*E(9)^2-75547/38589*E(9)^5, 
          -73916/38589*E(9)^2-113473/38589*E(9)^5, 0, 0 ], 
      [ -16639/12863*E(9)^2-19103/12863*E(9)^5, 
          8514/12863*E(9)^2-23472/12863*E(9)^5, 
          22685/12863*E(9)^2+19045/12863*E(9)^5, 
          25227/12863*E(9)^2+36992/12863*E(9)^5, 0, 0 ], 
      [ 0, 0, 0, 0, E(9)^5, 0 ], [ 0, 0, 0, 0, 0, E(9)^5 ] ], 
  [ [ 1, 0, 0, 0, 0, 0 ], [ 0, 1, 0, 0, 0, 0 ], [ 0, 0, 1, 0, 0, 0 ], 
      [ 0, 0, 0, 1, 0, 0 ], [ 0, 0, 0, 0, E(3), 0 ], 
      [ 0, 0, 0, 0, 0, E(3)^2 ] ], 
  [ [ E(3), 0, 0, 0, 0, 0 ], [ 0, E(3), 0, 0, 0, 0 ], [ 0, 0, E(3), 0, 0, 0 ],
      [ 0, 0, 0, E(3), 0, 0 ], [ 0, 0, 0, 0, E(3), 0 ], 
      [ 0, 0, 0, 0, 0, E(3) ] ] ]
   Cubic invariant basis strings: 
[ "(334/195)*x4*x5*x6 + (-634/195)*x3*x5*x6 + x2*x5*x6", 
  "(56/195)*x4*x5*x6 + (49/195)*x3*x5*x6 + x1*x5*x6", 
  "(-512602204092/239563497329)*x4^3 + (242857833823219/28747619679480)*x3*x4^\
2 + (-288649245461813/28747619679480)*x3^2*x4 + (23393082382471/7186904919870)\
*x3^3 + (-35113816729613/14373809839740)*x2*x4^2 + (10104073233247/15539253880\
80)*x2*x3*x4 + (-60108822467753/14373809839740)*x2*x3^2 + (-162130124947/14742\
3690664)*x2^2*x4 + (32119986014/18427961333)*x2^2*x3 + (-4334316480/1842796133\
3)*x2^3 + (-11700521/10456680)*x1*x4^2 + (40120387/10456680)*x1*x3*x4 + (-634/\
195)*x1*x3^2 + (-70063/107248)*x1*x2*x4 + x1*x2*x3", 
  "(-133243512854812/15571627326385)*x4^3 + (45218300256662959/140144645937465\
0)*x3*x4^2 + (-52051185593381993/1401446459374650)*x3^2*x4 + (8946841552285682\
/700723229687325)*x3^3 + (-3830256550103693/700723229687325)*x2*x4^2 + (899878\
326678307/75753862668900)*x2*x3*x4 + (-4921715909603153/700723229687325)*x2*x3\
^2 + (-1109814509227/2395634973290)*x2^2*x4 + (1569751497551/1197817486645)*x2\
^2*x3 + (-2029426714/18427961333)*x2^3 + (-2213545421/509763150)*x1*x4^2 + (70\
40560807/509763150)*x1*x3*x4 + (-401956/38025)*x1*x3^2 + (-22049/26812)*x1*x2*\
x4 + x1*x2^2", 
  "(296970477566018414132513008/117692868272668729641016585)*x4^3 + (-11804444\
278995088990287331148/5296179072270092833845746325)*x3*x4^2 + (-38799982736338\
17566505265379/5296179072270092833845746325)*x3^2*x4 + (2800038416407559323503\
525892/5296179072270092833845746325)*x3^3 + (18101740177591956208708123592/529\
6179072270092833845746325)*x2*x4^2 + (-264469747030180784306421652/14313997492\
6218725239074225)*x2*x3*x4 + (-4479958111556815192981577368/529617907227009283\
3845746325)*x2*x3^2 + (8890441539639482248654564/9053297559436056126232045)*x2\
^2*x4 + (-2722907966466885550193664/9053297559436056126232045)*x2^2*x3 + (-283\
22890659777042358272/139281500914400863480493)*x2^3 + (6231083405314515452212/\
1926436011011920450575)*x1*x4^2 + (-2918447894449451399654/1926436011011920450\
575)*x1*x3*x4 + (-165666171212543636/287399076683861025)*x1*x3^2 + (3895738536\
4/18427961333)*x1*x2*x4 + x1^2*x4", 
  "(161278504907870804149390663/117692868272668729641016585)*x4^3 + (-90572593\
77487336598570332463/5296179072270092833845746325)*x3*x4^2 + (1021660975487173\
0749796780277/10592358144540185667691492650)*x3^2*x4 + (-462894428699046136021\
729223/5296179072270092833845746325)*x3^3 + (16613672463535250641386896852/529\
6179072270092833845746325)*x2*x4^2 + (-2672908606453283063704964323/5725598997\
04874900956296900)*x2*x3*x4 + (11292823921367196775150675517/52961790722700928\
33845746325)*x2*x3^2 + (27900502493097035793167773/18106595118872112252464090)\
*x2^2*x4 + (-14960688218718491313067924/9053297559436056126232045)*x2^2*x3 + (\
9937767573342713495808/139281500914400863480493)*x2^3 + (144391314221466743762\
2/1926436011011920450575)*x1*x4^2 + (4581675663506320512077/385287202202384090\
1150)*x1*x3*x4 + (-124161331900006316/287399076683861025)*x1*x3^2 + (832826104\
51/73711845332)*x1*x2*x4 + x1^2*x3", 
  "(251891267517452548295079618/117692868272668729641016585)*x4^3 + (-37249830\
498369845554762432819/7061572096360123778460995100)*x3*x4^2 + (298414040450842\
43687148307313/7061572096360123778460995100)*x3^2*x4 + (-330889976108500823702\
6796031/1765393024090030944615248775)*x3^3 + (2562327771248560424905607213/353\
0786048180061889230497550)*x2*x4^2 + (1595427853797559698158050013/38170659980\
3249933970864600)*x2*x3*x4 + (-16161815843265526509607704877/35307860481800618\
89230497550)*x2*x3^2 + (-46322683476418858484032489/36213190237744224504928180\
)*x2^2*x4 + (23799574495914356475560396/9053297559436056126232045)*x2^2*x3 + (\
-66369476678595537381620/139281500914400863480493)*x2^3 + (2332433310148410714\
161/2568581348015893934100)*x1*x4^2 + (-2961866318031679788487/256858134801589\
3934100)*x1*x3*x4 + (-39975697845494752/95799692227953675)*x1*x3^2 + (35298860\
7881/147423690664)*x1*x2*x4 + x1^2*x2", 
  "(-165182986271694147935327775/23538573654533745928203317)*x4^3 + (766170161\
464141588445641492/117692868272668729641016585)*x3*x4^2 + (7543684024301361743\
19798797/235385736545337459282033170)*x3^2*x4 + (-118424246889755931568187298/\
117692868272668729641016585)*x3^3 + (-760179399430425624334414978/117692868272\
668729641016585)*x2*x4^2 + (-92792158517764740384429043/1272355332677499779902\
8820)*x2*x3*x4 + (1438423780813490792435611637/117692868272668729641016585)*x2\
*x3^2 + (2507813895635296489133325/3621319023774422450492818)*x2^2*x4 + (-8572\
922333088457535392092/1810659511887211225246409)*x2^2*x3 + (188449420520646455\
952728/139281500914400863480493)*x2^3 + (-295583404040768343893/42809689133598\
232235)*x1*x4^2 + (298725295791736716197/85619378267196464470)*x1*x3*x4 + (244\
78706941045039/6386646148530245)*x1*x3^2 + (-505797353145/73711845332)*x1*x2*x\
4 + x1^3" ]
   Cubic invariant basis vectors: 
[ [ 0, 0, 0, 0, 0, 334/195, 0, 0, 0, 0, 0, -634/195, 0, 0, 0, 0, 0, 0, 0, 0, 
      0, 1, 0, 0, 0, 0, 0, 0, 0, 0, 0, 0, 0, 0, 0, 0, 0, 0, 0, 0, 0, 0, 0, 0, 
      0, 0, 0, 0, 0, 0, 0, 0, 0, 0, 0, 0 ], 
  [ 0, 0, 0, 0, 0, 56/195, 0, 0, 0, 0, 0, 49/195, 0, 0, 0, 0, 0, 0, 0, 0, 0, 
      0, 0, 0, 0, 0, 0, 0, 0, 0, 0, 0, 0, 0, 0, 0, 1, 0, 0, 0, 0, 0, 0, 0, 0, 
      0, 0, 0, 0, 0, 0, 0, 0, 0, 0, 0 ], 
  [ 0, 0, 0, 0, 0, 0, 0, 0, 0, -512602204092/239563497329, 0, 0, 0, 0, 0, 
      242857833823219/28747619679480, 0, 0, -288649245461813/28747619679480, 
      23393082382471/7186904919870, 0, 0, 0, 0, 0, 
      -35113816729613/14373809839740, 0, 0, 10104073233247/1553925388080, 
      -60108822467753/14373809839740, 0, 0, -162130124947/147423690664, 
      32119986014/18427961333, -4334316480/18427961333, 0, 0, 0, 0, 0, 
      -11700521/10456680, 0, 0, 40120387/10456680, -634/195, 0, 0, 
      -70063/107248, 1, 0, 0, 0, 0, 0, 0, 0 ], 
  [ 0, 0, 0, 0, 0, 0, 0, 0, 0, -133243512854812/15571627326385, 0, 0, 0, 0, 
      0, 45218300256662959/1401446459374650, 0, 0, 
      -52051185593381993/1401446459374650, 8946841552285682/700723229687325, 
      0, 0, 0, 0, 0, -3830256550103693/700723229687325, 0, 0, 
      899878326678307/75753862668900, -4921715909603153/700723229687325, 0, 
      0, -1109814509227/2395634973290, 1569751497551/1197817486645, 
      -2029426714/18427961333, 0, 0, 0, 0, 0, -2213545421/509763150, 0, 0, 
      7040560807/509763150, -401956/38025, 0, 0, -22049/26812, 0, 1, 0, 0, 0, 
      0, 0, 0 ], 
  [ 0, 0, 0, 0, 0, 0, 0, 0, 0, 
      296970477566018414132513008/117692868272668729641016585, 0, 0, 0, 0, 0, 
      -11804444278995088990287331148/5296179072270092833845746325, 0, 0, 
      -3879998273633817566505265379/5296179072270092833845746325, 
      2800038416407559323503525892/5296179072270092833845746325, 0, 0, 0, 0, 
      0, 18101740177591956208708123592/5296179072270092833845746325, 0, 0, 
      -264469747030180784306421652/143139974926218725239074225, 
      -4479958111556815192981577368/5296179072270092833845746325, 0, 0, 
      8890441539639482248654564/9053297559436056126232045, 
      -2722907966466885550193664/9053297559436056126232045, 
      -28322890659777042358272/139281500914400863480493, 0, 0, 0, 0, 0, 
      6231083405314515452212/1926436011011920450575, 0, 0, 
      -2918447894449451399654/1926436011011920450575, 
      -165666171212543636/287399076683861025, 0, 0, 38957385364/18427961333, 
      0, 0, 0, 0, 1, 0, 0, 0 ], 
  [ 0, 0, 0, 0, 0, 0, 0, 0, 0, 
      161278504907870804149390663/117692868272668729641016585, 0, 0, 0, 0, 0, 
      -9057259377487336598570332463/5296179072270092833845746325, 0, 0, 
      10216609754871730749796780277/10592358144540185667691492650, 
      -462894428699046136021729223/5296179072270092833845746325, 0, 0, 0, 0, 
      0, 16613672463535250641386896852/5296179072270092833845746325, 0, 0, 
      -2672908606453283063704964323/572559899704874900956296900, 
      11292823921367196775150675517/5296179072270092833845746325, 0, 0, 
      27900502493097035793167773/18106595118872112252464090, 
      -14960688218718491313067924/9053297559436056126232045, 
      9937767573342713495808/139281500914400863480493, 0, 0, 0, 0, 0, 
      1443913142214667437622/1926436011011920450575, 0, 0, 
      4581675663506320512077/3852872022023840901150, 
      -124161331900006316/287399076683861025, 0, 0, 83282610451/73711845332, 
      0, 0, 0, 0, 0, 1, 0, 0 ], 
  [ 0, 0, 0, 0, 0, 0, 0, 0, 0, 
      251891267517452548295079618/117692868272668729641016585, 0, 0, 0, 0, 0, 
      -37249830498369845554762432819/7061572096360123778460995100, 0, 0, 
      29841404045084243687148307313/7061572096360123778460995100, 
      -3308899761085008237026796031/1765393024090030944615248775, 0, 0, 0, 0, 
      0, 2562327771248560424905607213/3530786048180061889230497550, 0, 0, 
      1595427853797559698158050013/381706599803249933970864600, 
      -16161815843265526509607704877/3530786048180061889230497550, 0, 0, 
      -46322683476418858484032489/36213190237744224504928180, 
      23799574495914356475560396/9053297559436056126232045, 
      -66369476678595537381620/139281500914400863480493, 0, 0, 0, 0, 0, 
      2332433310148410714161/2568581348015893934100, 0, 0, 
      -2961866318031679788487/2568581348015893934100, 
      -39975697845494752/95799692227953675, 0, 0, 352988607881/147423690664, 
      0, 0, 0, 0, 0, 0, 1, 0 ], 
  [ 0, 0, 0, 0, 0, 0, 0, 0, 0, 
      -165182986271694147935327775/23538573654533745928203317, 0, 0, 0, 0, 0, 
      766170161464141588445641492/117692868272668729641016585, 0, 0, 
      754368402430136174319798797/235385736545337459282033170, 
      -118424246889755931568187298/117692868272668729641016585, 0, 0, 0, 0, 
      0, -760179399430425624334414978/117692868272668729641016585, 0, 0, 
      -92792158517764740384429043/12723553326774997799028820, 
      1438423780813490792435611637/117692868272668729641016585, 0, 0, 
      2507813895635296489133325/3621319023774422450492818, 
      -8572922333088457535392092/1810659511887211225246409, 
      188449420520646455952728/139281500914400863480493, 0, 0, 0, 0, 0, 
      -295583404040768343893/42809689133598232235, 0, 0, 
      298725295791736716197/85619378267196464470, 
      24478706941045039/6386646148530245, 0, 0, -505797353145/73711845332, 0, 
      0, 0, 0, 0, 0, 0, 1 ] ]
   Gonzalez failures: [ rec(
      applicable := true,
      classIndex := 11,
      classSize := 2,
      linearOrder := 9,
      normalizingScalar := 1,
      ok := false,
      projectiveOrder := 3,
      projectivePowerScalar := E(3)^2,
      projectivePowerScalarExponent := 2,
      reason := "no_Gonzalez_strict_invariant_pattern_matches",
      status := "forbidden_strict_invariant_spectrum",
      testedCharacteristicPolynomial := 
       x1^6+(E(9)^2+2*E(9)^5)*x1^5+(-2*E(9)^4-E(9)^7)*x1^4+E(3)*x1^3+(-E(9)^2+\
E(9)^5)*x1^2+(-E(9)^4-2*E(9)^7)*x1+E(3)^2 ), rec(
      applicable := true,
      classIndex := 12,
      classSize := 1,
      linearOrder := 9,
      normalizingScalar := 1,
      ok := false,
      projectiveOrder := 3,
      projectivePowerScalar := E(3)^2,
      projectivePowerScalarExponent := 2,
      reason := "no_Gonzalez_strict_invariant_pattern_matches",
      status := "forbidden_strict_invariant_spectrum",
      testedCharacteristicPolynomial := 
       x1^6+(E(9)^2-E(9)^5)*x1^5+(E(9)^4-E(9)^7)*x1^4+E(3)*x1^3+(2*E(9)^2+E(9)\
^5)*x1^2+(2*E(9)^4+E(9)^7)*x1+E(3)^2 ), rec(
      applicable := true,
      classIndex := 14,
      classSize := 2,
      linearOrder := 9,
      normalizingScalar := 1,
      ok := false,
      projectiveOrder := 3,
      projectivePowerScalar := E(3)^2,
      projectivePowerScalarExponent := 2,
      reason := "no_Gonzalez_strict_invariant_pattern_matches",
      status := "forbidden_strict_invariant_spectrum",
      testedCharacteristicPolynomial := 
       x1^6+(E(9)^2-E(9)^5)*x1^5+(E(9)^4-E(9)^7)*x1^4+E(3)*x1^3+(2*E(9)^2+E(9)\
^5)*x1^2+(2*E(9)^4+E(9)^7)*x1+E(3)^2 ), rec(
      applicable := true,
      classIndex := 15,
      classSize := 1,
      linearOrder := 9,
      normalizingScalar := 1,
      ok := false,
      projectiveOrder := 3,
      projectivePowerScalar := E(3)^2,
      projectivePowerScalarExponent := 2,
      reason := "no_Gonzalez_strict_invariant_pattern_matches",
      status := "forbidden_strict_invariant_spectrum",
      testedCharacteristicPolynomial := 
       x1^6+(-2*E(9)^2-E(9)^5)*x1^5+(E(9)^4+2*E(9)^7)*x1^4+E(3)*x1^3+(-E(9)^2-\
2*E(9)^5)*x1^2+(-E(9)^4+E(9)^7)*x1+E(3)^2 ), rec(
      applicable := true,
      classIndex := 17,
      classSize := 2,
      linearOrder := 9,
      normalizingScalar := 1,
      ok := false,
      projectiveOrder := 3,
      projectivePowerScalar := E(3),
      projectivePowerScalarExponent := 1,
      reason := "no_Gonzalez_strict_invariant_pattern_matches",
      status := "forbidden_strict_invariant_spectrum",
      testedCharacteristicPolynomial := 
       x1^6+(2*E(9)^4+E(9)^7)*x1^5+(-E(9)^2-2*E(9)^5)*x1^4+E(3)^2*x1^3+(E(9)^4\
-E(9)^7)*x1^2+(-2*E(9)^2-E(9)^5)*x1+E(3) ), rec(
      applicable := true,
      classIndex := 18,
      classSize := 1,
      linearOrder := 9,
      normalizingScalar := 1,
      ok := false,
      projectiveOrder := 3,
      projectivePowerScalar := E(3),
      projectivePowerScalarExponent := 1,
      reason := "no_Gonzalez_strict_invariant_pattern_matches",
      status := "forbidden_strict_invariant_spectrum",
      testedCharacteristicPolynomial := 
       x1^6+(-E(9)^4+E(9)^7)*x1^5+(-E(9)^2+E(9)^5)*x1^4+E(3)^2*x1^3+(E(9)^4+2*\
E(9)^7)*x1^2+(E(9)^2+2*E(9)^5)*x1+E(3) ), rec(
      applicable := true,
      classIndex := 20,
      classSize := 1,
      linearOrder := 9,
      normalizingScalar := 1,
      ok := false,
      projectiveOrder := 3,
      projectivePowerScalar := E(3),
      projectivePowerScalarExponent := 1,
      reason := "no_Gonzalez_strict_invariant_pattern_matches",
      status := "forbidden_strict_invariant_spectrum",
      testedCharacteristicPolynomial := 
       x1^6+(2*E(9)^4+E(9)^7)*x1^5+(-E(9)^2-2*E(9)^5)*x1^4+E(3)^2*x1^3+(E(9)^4\
-E(9)^7)*x1^2+(-2*E(9)^2-E(9)^5)*x1+E(3) ), rec(
      applicable := true,
      classIndex := 21,
      classSize := 2,
      linearOrder := 9,
      normalizingScalar := 1,
      ok := false,
      projectiveOrder := 3,
      projectivePowerScalar := E(3),
      projectivePowerScalarExponent := 1,
      reason := "no_Gonzalez_strict_invariant_pattern_matches",
      status := "forbidden_strict_invariant_spectrum",
      testedCharacteristicPolynomial := 
       x1^6+(-E(9)^4-2*E(9)^7)*x1^5+(2*E(9)^2+E(9)^5)*x1^4+E(3)^2*x1^3+(-2*E(9\
)^4-E(9)^7)*x1^2+(E(9)^2-E(9)^5)*x1+E(3) ), rec(
      applicable := true,
      classIndex := 23,
      classSize := 2,
      linearOrder := 9,
      normalizingScalar := 1,
      ok := false,
      projectiveOrder := 3,
      projectivePowerScalar := E(3),
      projectivePowerScalarExponent := 1,
      reason := "no_Gonzalez_strict_invariant_pattern_matches",
      status := "forbidden_strict_invariant_spectrum",
      testedCharacteristicPolynomial := 
       x1^6+(-E(9)^4+E(9)^7)*x1^5+(-E(9)^2+E(9)^5)*x1^4+E(3)^2*x1^3+(E(9)^4+2*\
E(9)^7)*x1^2+(E(9)^2+2*E(9)^5)*x1+E(3) ), rec(
      applicable := true,
      classIndex := 24,
      classSize := 1,
      linearOrder := 9,
      normalizingScalar := 1,
      ok := false,
      projectiveOrder := 3,
      projectivePowerScalar := E(3),
      projectivePowerScalarExponent := 1,
      reason := "no_Gonzalez_strict_invariant_pattern_matches",
      status := "forbidden_strict_invariant_spectrum",
      testedCharacteristicPolynomial := 
       x1^6+(-E(9)^4-2*E(9)^7)*x1^5+(2*E(9)^2+E(9)^5)*x1^4+E(3)^2*x1^3+(-2*E(9\
)^4-E(9)^7)*x1^2+(E(9)^2-E(9)^5)*x1+E(3) ), rec(
      applicable := true,
      classIndex := 26,
      classSize := 1,
      linearOrder := 9,
      normalizingScalar := 1,
      ok := false,
      projectiveOrder := 3,
      projectivePowerScalar := E(3)^2,
      projectivePowerScalarExponent := 2,
      reason := "no_Gonzalez_strict_invariant_pattern_matches",
      status := "forbidden_strict_invariant_spectrum",
      testedCharacteristicPolynomial := 
       x1^6+(E(9)^2+2*E(9)^5)*x1^5+(-2*E(9)^4-E(9)^7)*x1^4+E(3)*x1^3+(-E(9)^2+\
E(9)^5)*x1^2+(-E(9)^4-2*E(9)^7)*x1+E(3)^2 ), rec(
      applicable := true,
      classIndex := 27,
      classSize := 2,
      linearOrder := 9,
      normalizingScalar := 1,
      ok := false,
      projectiveOrder := 3,
      projectivePowerScalar := E(3)^2,
      projectivePowerScalarExponent := 2,
      reason := "no_Gonzalez_strict_invariant_pattern_matches",
      status := "forbidden_strict_invariant_spectrum",
      testedCharacteristicPolynomial := 
       x1^6+(-2*E(9)^2-E(9)^5)*x1^5+(E(9)^4+2*E(9)^7)*x1^4+E(3)*x1^3+(-E(9)^2-\
2*E(9)^5)*x1^2+(-E(9)^4+E(9)^7)*x1+E(3)^2 ) ]

33. Candidate
   Symplectic group: C3
   Component: 2; Koike (3.3), generic index 2
   Projective group ID: [ 6, 1 ]
   Strict linear group ID: [ 18, 3 ]
   Generic index: 2
   Generic full linear containment required: true
   Generic full linear containment verified: true
   Direct known case: false
   Source records: [ "G_s=C_3_generic_index=2_family_non-abelian.docx" ]
   Family number within this input: 1
   Strict cubic invariant dimension: 25
   Centralizer dimension: 17
   Expected moduli dimension: 8
   Determinant image order: 2
   Gonzalez status: passed
   Retained: true
   Gonzalez failure statuses: [  ]
   Matrix generators: 
[ [ [ 1, 0, 0, 0, 0, 0 ], [ 0, 1, 0, 0, 0, 0 ], [ 0, 0, 1, 0, 0, 0 ], 
      [ 0, 0, 0, 1, 0, 0 ], [ 0, 0, 0, 0, 0, 1/9*E(3) ], 
      [ 0, 0, 0, 0, 9*E(3)^2, 0 ] ], 
  [ [ 1, 0, 0, 0, 0, 0 ], [ 0, 1, 0, 0, 0, 0 ], [ 0, 0, 1, 0, 0, 0 ], 
      [ 0, 0, 0, 1, 0, 0 ], [ 0, 0, 0, 0, E(3), 0 ], 
      [ 0, 0, 0, 0, 0, E(3)^2 ] ], 
  [ [ E(3), 0, 0, 0, 0, 0 ], [ 0, E(3), 0, 0, 0, 0 ], [ 0, 0, E(3), 0, 0, 0 ],
      [ 0, 0, 0, E(3), 0, 0 ], [ 0, 0, 0, 0, E(3), 0 ], 
      [ 0, 0, 0, 0, 0, E(3) ] ] ]
   Cubic invariant basis strings: [ "(729)*x6^3 + x5^3", "x4*x5*x6", "x4^3", 
  "x3*x5*x6", "x3*x4^2", "x3^2*x4", "x3^3", "x2*x5*x6", "x2*x4^2", 
  "x2*x3*x4", "x2*x3^2", "x2^2*x4", "x2^2*x3", "x2^3", "x1*x5*x6", "x1*x4^2", 
  "x1*x3*x4", "x1*x3^2", "x1*x2*x4", "x1*x2*x3", "x1*x2^2", "x1^2*x4", 
  "x1^2*x3", "x1^2*x2", "x1^3" ]
   Cubic invariant basis vectors: 
[ [ 729, 0, 0, 1, 0, 0, 0, 0, 0, 0, 0, 0, 0, 0, 0, 0, 0, 0, 0, 0, 0, 0, 0, 0, 
      0, 0, 0, 0, 0, 0, 0, 0, 0, 0, 0, 0, 0, 0, 0, 0, 0, 0, 0, 0, 0, 0, 0, 0, 
      0, 0, 0, 0, 0, 0, 0, 0 ], 
  [ 0, 0, 0, 0, 0, 1, 0, 0, 0, 0, 0, 0, 0, 0, 0, 0, 0, 0, 0, 0, 0, 0, 0, 0, 
      0, 0, 0, 0, 0, 0, 0, 0, 0, 0, 0, 0, 0, 0, 0, 0, 0, 0, 0, 0, 0, 0, 0, 0, 
      0, 0, 0, 0, 0, 0, 0, 0 ], 
  [ 0, 0, 0, 0, 0, 0, 0, 0, 0, 1, 0, 0, 0, 0, 0, 0, 0, 0, 0, 0, 0, 0, 0, 0, 
      0, 0, 0, 0, 0, 0, 0, 0, 0, 0, 0, 0, 0, 0, 0, 0, 0, 0, 0, 0, 0, 0, 0, 0, 
      0, 0, 0, 0, 0, 0, 0, 0 ], 
  [ 0, 0, 0, 0, 0, 0, 0, 0, 0, 0, 0, 1, 0, 0, 0, 0, 0, 0, 0, 0, 0, 0, 0, 0, 
      0, 0, 0, 0, 0, 0, 0, 0, 0, 0, 0, 0, 0, 0, 0, 0, 0, 0, 0, 0, 0, 0, 0, 0, 
      0, 0, 0, 0, 0, 0, 0, 0 ], 
  [ 0, 0, 0, 0, 0, 0, 0, 0, 0, 0, 0, 0, 0, 0, 0, 1, 0, 0, 0, 0, 0, 0, 0, 0, 
      0, 0, 0, 0, 0, 0, 0, 0, 0, 0, 0, 0, 0, 0, 0, 0, 0, 0, 0, 0, 0, 0, 0, 0, 
      0, 0, 0, 0, 0, 0, 0, 0 ], 
  [ 0, 0, 0, 0, 0, 0, 0, 0, 0, 0, 0, 0, 0, 0, 0, 0, 0, 0, 1, 0, 0, 0, 0, 0, 
      0, 0, 0, 0, 0, 0, 0, 0, 0, 0, 0, 0, 0, 0, 0, 0, 0, 0, 0, 0, 0, 0, 0, 0, 
      0, 0, 0, 0, 0, 0, 0, 0 ], 
  [ 0, 0, 0, 0, 0, 0, 0, 0, 0, 0, 0, 0, 0, 0, 0, 0, 0, 0, 0, 1, 0, 0, 0, 0, 
      0, 0, 0, 0, 0, 0, 0, 0, 0, 0, 0, 0, 0, 0, 0, 0, 0, 0, 0, 0, 0, 0, 0, 0, 
      0, 0, 0, 0, 0, 0, 0, 0 ], 
  [ 0, 0, 0, 0, 0, 0, 0, 0, 0, 0, 0, 0, 0, 0, 0, 0, 0, 0, 0, 0, 0, 1, 0, 0, 
      0, 0, 0, 0, 0, 0, 0, 0, 0, 0, 0, 0, 0, 0, 0, 0, 0, 0, 0, 0, 0, 0, 0, 0, 
      0, 0, 0, 0, 0, 0, 0, 0 ], 
  [ 0, 0, 0, 0, 0, 0, 0, 0, 0, 0, 0, 0, 0, 0, 0, 0, 0, 0, 0, 0, 0, 0, 0, 0, 
      0, 1, 0, 0, 0, 0, 0, 0, 0, 0, 0, 0, 0, 0, 0, 0, 0, 0, 0, 0, 0, 0, 0, 0, 
      0, 0, 0, 0, 0, 0, 0, 0 ], 
  [ 0, 0, 0, 0, 0, 0, 0, 0, 0, 0, 0, 0, 0, 0, 0, 0, 0, 0, 0, 0, 0, 0, 0, 0, 
      0, 0, 0, 0, 1, 0, 0, 0, 0, 0, 0, 0, 0, 0, 0, 0, 0, 0, 0, 0, 0, 0, 0, 0, 
      0, 0, 0, 0, 0, 0, 0, 0 ], 
  [ 0, 0, 0, 0, 0, 0, 0, 0, 0, 0, 0, 0, 0, 0, 0, 0, 0, 0, 0, 0, 0, 0, 0, 0, 
      0, 0, 0, 0, 0, 1, 0, 0, 0, 0, 0, 0, 0, 0, 0, 0, 0, 0, 0, 0, 0, 0, 0, 0, 
      0, 0, 0, 0, 0, 0, 0, 0 ], 
  [ 0, 0, 0, 0, 0, 0, 0, 0, 0, 0, 0, 0, 0, 0, 0, 0, 0, 0, 0, 0, 0, 0, 0, 0, 
      0, 0, 0, 0, 0, 0, 0, 0, 1, 0, 0, 0, 0, 0, 0, 0, 0, 0, 0, 0, 0, 0, 0, 0, 
      0, 0, 0, 0, 0, 0, 0, 0 ], 
  [ 0, 0, 0, 0, 0, 0, 0, 0, 0, 0, 0, 0, 0, 0, 0, 0, 0, 0, 0, 0, 0, 0, 0, 0, 
      0, 0, 0, 0, 0, 0, 0, 0, 0, 1, 0, 0, 0, 0, 0, 0, 0, 0, 0, 0, 0, 0, 0, 0, 
      0, 0, 0, 0, 0, 0, 0, 0 ], 
  [ 0, 0, 0, 0, 0, 0, 0, 0, 0, 0, 0, 0, 0, 0, 0, 0, 0, 0, 0, 0, 0, 0, 0, 0, 
      0, 0, 0, 0, 0, 0, 0, 0, 0, 0, 1, 0, 0, 0, 0, 0, 0, 0, 0, 0, 0, 0, 0, 0, 
      0, 0, 0, 0, 0, 0, 0, 0 ], 
  [ 0, 0, 0, 0, 0, 0, 0, 0, 0, 0, 0, 0, 0, 0, 0, 0, 0, 0, 0, 0, 0, 0, 0, 0, 
      0, 0, 0, 0, 0, 0, 0, 0, 0, 0, 0, 0, 1, 0, 0, 0, 0, 0, 0, 0, 0, 0, 0, 0, 
      0, 0, 0, 0, 0, 0, 0, 0 ], 
  [ 0, 0, 0, 0, 0, 0, 0, 0, 0, 0, 0, 0, 0, 0, 0, 0, 0, 0, 0, 0, 0, 0, 0, 0, 
      0, 0, 0, 0, 0, 0, 0, 0, 0, 0, 0, 0, 0, 0, 0, 0, 1, 0, 0, 0, 0, 0, 0, 0, 
      0, 0, 0, 0, 0, 0, 0, 0 ], 
  [ 0, 0, 0, 0, 0, 0, 0, 0, 0, 0, 0, 0, 0, 0, 0, 0, 0, 0, 0, 0, 0, 0, 0, 0, 
      0, 0, 0, 0, 0, 0, 0, 0, 0, 0, 0, 0, 0, 0, 0, 0, 0, 0, 0, 1, 0, 0, 0, 0, 
      0, 0, 0, 0, 0, 0, 0, 0 ], 
  [ 0, 0, 0, 0, 0, 0, 0, 0, 0, 0, 0, 0, 0, 0, 0, 0, 0, 0, 0, 0, 0, 0, 0, 0, 
      0, 0, 0, 0, 0, 0, 0, 0, 0, 0, 0, 0, 0, 0, 0, 0, 0, 0, 0, 0, 1, 0, 0, 0, 
      0, 0, 0, 0, 0, 0, 0, 0 ], 
  [ 0, 0, 0, 0, 0, 0, 0, 0, 0, 0, 0, 0, 0, 0, 0, 0, 0, 0, 0, 0, 0, 0, 0, 0, 
      0, 0, 0, 0, 0, 0, 0, 0, 0, 0, 0, 0, 0, 0, 0, 0, 0, 0, 0, 0, 0, 0, 0, 1, 
      0, 0, 0, 0, 0, 0, 0, 0 ], 
  [ 0, 0, 0, 0, 0, 0, 0, 0, 0, 0, 0, 0, 0, 0, 0, 0, 0, 0, 0, 0, 0, 0, 0, 0, 
      0, 0, 0, 0, 0, 0, 0, 0, 0, 0, 0, 0, 0, 0, 0, 0, 0, 0, 0, 0, 0, 0, 0, 0, 
      1, 0, 0, 0, 0, 0, 0, 0 ], 
  [ 0, 0, 0, 0, 0, 0, 0, 0, 0, 0, 0, 0, 0, 0, 0, 0, 0, 0, 0, 0, 0, 0, 0, 0, 
      0, 0, 0, 0, 0, 0, 0, 0, 0, 0, 0, 0, 0, 0, 0, 0, 0, 0, 0, 0, 0, 0, 0, 0, 
      0, 1, 0, 0, 0, 0, 0, 0 ], 
  [ 0, 0, 0, 0, 0, 0, 0, 0, 0, 0, 0, 0, 0, 0, 0, 0, 0, 0, 0, 0, 0, 0, 0, 0, 
      0, 0, 0, 0, 0, 0, 0, 0, 0, 0, 0, 0, 0, 0, 0, 0, 0, 0, 0, 0, 0, 0, 0, 0, 
      0, 0, 0, 0, 1, 0, 0, 0 ], 
  [ 0, 0, 0, 0, 0, 0, 0, 0, 0, 0, 0, 0, 0, 0, 0, 0, 0, 0, 0, 0, 0, 0, 0, 0, 
      0, 0, 0, 0, 0, 0, 0, 0, 0, 0, 0, 0, 0, 0, 0, 0, 0, 0, 0, 0, 0, 0, 0, 0, 
      0, 0, 0, 0, 0, 1, 0, 0 ], 
  [ 0, 0, 0, 0, 0, 0, 0, 0, 0, 0, 0, 0, 0, 0, 0, 0, 0, 0, 0, 0, 0, 0, 0, 0, 
      0, 0, 0, 0, 0, 0, 0, 0, 0, 0, 0, 0, 0, 0, 0, 0, 0, 0, 0, 0, 0, 0, 0, 0, 
      0, 0, 0, 0, 0, 0, 1, 0 ], 
  [ 0, 0, 0, 0, 0, 0, 0, 0, 0, 0, 0, 0, 0, 0, 0, 0, 0, 0, 0, 0, 0, 0, 0, 0, 
      0, 0, 0, 0, 0, 0, 0, 0, 0, 0, 0, 0, 0, 0, 0, 0, 0, 0, 0, 0, 0, 0, 0, 0, 
      0, 0, 0, 0, 0, 0, 0, 1 ] ]

34. Candidate
   Symplectic group: C2^2
   Component: 1; unique C2^2 component
   Projective group ID: [ 12, 3 ]
   Strict linear group ID: [ 36, 11 ]
   Generic index: 1
   Generic full linear containment required: false
   Generic full linear containment verified: true
   Direct known case: false
   Source records: [ "G_s=C_2x_C_2_all_liftable_non-abelian.docx" ]
   Family number within this input: 1
   Strict cubic invariant dimension: 9
   Centralizer dimension: 6
   Expected moduli dimension: 3
   Determinant image order: 3
   Gonzalez status: passed
   Retained: true
   Gonzalez failure statuses: [  ]
   Matrix generators: 
[ 
  [ 
      [ 40/523*E(3)+483/523*E(3)^2, -45/523*E(3)+45/523*E(3)^2, 
          -90/523*E(3)+90/523*E(3)^2, 0, 0, 0 ], 
      [ -1256/1569*E(3)+1256/1569*E(3)^2, 471/523*E(3)+52/523*E(3)^2, 
          942/523*E(3)-942/523*E(3)^2, 0, 0, 0 ], 
      [ -16/1569*E(3)+16/1569*E(3)^2, 6/523*E(3)-6/523*E(3)^2, 
          12/523*E(3)+511/523*E(3)^2, 0, 0, 0 ], [ 0, 0, 0, 0, -7/8, 0 ], 
      [ 0, 0, 0, 0, 0, -2/7 ], [ 0, 0, 0, 4, 0, 0 ] ], 
  [ [ 1, 0, 0, 0, 0, 0 ], [ 0, 1, 0, 0, 0, 0 ], [ 0, 0, 1, 0, 0, 0 ], 
      [ 0, 0, 0, 1, 0, 0 ], [ 0, 0, 0, 0, -1, 0 ], [ 0, 0, 0, 0, 0, -1 ] ], 
  [ [ 1, 0, 0, 0, 0, 0 ], [ 0, 1, 0, 0, 0, 0 ], [ 0, 0, 1, 0, 0, 0 ], 
      [ 0, 0, 0, -1, 0, 0 ], [ 0, 0, 0, 0, 1, 0 ], [ 0, 0, 0, 0, 0, -1 ] ], 
  [ [ E(3), 0, 0, 0, 0, 0 ], [ 0, E(3), 0, 0, 0, 0 ], [ 0, 0, E(3), 0, 0, 0 ],
      [ 0, 0, 0, E(3), 0, 0 ], [ 0, 0, 0, 0, E(3), 0 ], 
      [ 0, 0, 0, 0, 0, E(3) ] ] ]
   Cubic invariant basis strings: 
[ "x4*x5*x6", 
  "(-8*E(3)^2)*x3*x6^2 + (-32/49*E(3))*x3*x5^2 + (-1/2)*x3*x4^2 + (16*E(3)^2)*\
x2*x6^2 + (64/49*E(3))*x2*x5^2 + x2*x4^2", 
  "(-1/8)*x3^3 + (3/4)*x2*x3^2 + (-3/2)*x2^2*x3 + x2^3", 
  "(4949/108*E(3)+23863/1080*E(3)^2)*x3*x6^2 + (-487/270*E(3)-101/27*E(3)^2)*x\
3*x5^2 + (-25627/17280*E(3)+25627/17280*E(3)^2)*x3*x4^2 + (7693/60)*x2*x6^2 + \
(-157/15)*x2*x5^2 + (-49/4)*x1*x6^2 + x1*x5^2", 
  "(3896/135*E(3)-3224/135*E(3)^2)*x3*x6^2 + (-5696/1323*E(3)-16736/6615*E(3)^\
2)*x3*x5^2 + (403/270*E(3)+463/135*E(3)^2)*x3*x4^2 + (-2512/15*E(3))*x2*x6^2 +\
 (10048/735*E(3))*x2*x5^2 + (-16)*x1*x6^2 + x1*x4^2", 
  "(1/9)*x3^3 + (-4/9)*x2*x3^2 + (4/9)*x2^2*x3 + (1/4)*x1*x3^2 + -x1*x2*x3 + x\
1*x2^2", 
  "(255133/24300)*x3^3 + (-78343/1350)*x2*x3^2 + (24649/225)*x2^2*x3 + (499/90\
)*x1*x3^2 + (-314/15)*x1*x2*x3 + x1^2*x3", 
  "(250333/48600)*x3^3 + (-233429/8100)*x2*x3^2 + (24649/450)*x2^2*x3 + (419/1\
80)*x1*x3^2 + (-431/45)*x1*x2*x3 + x1^2*x2", 
  "(-84511/6075)*x3^3 + (156686/2025)*x2*x3^2 + (-98596/675)*x2^2*x3 + (-34/5)\
*x1*x3^2 + (1256/45)*x1*x2*x3 + x1^3" ]
   Cubic invariant basis vectors: 
[ [ 0, 0, 0, 0, 0, 1, 0, 0, 0, 0, 0, 0, 0, 0, 0, 0, 0, 0, 0, 0, 0, 0, 0, 0, 
      0, 0, 0, 0, 0, 0, 0, 0, 0, 0, 0, 0, 0, 0, 0, 0, 0, 0, 0, 0, 0, 0, 0, 0, 
      0, 0, 0, 0, 0, 0, 0, 0 ], 
  [ 0, 0, 0, 0, 0, 0, 0, 0, 0, 0, -8*E(3)^2, 0, -32/49*E(3), 0, 0, -1/2, 0, 
      0, 0, 0, 16*E(3)^2, 0, 64/49*E(3), 0, 0, 1, 0, 0, 0, 0, 0, 0, 0, 0, 0, 
      0, 0, 0, 0, 0, 0, 0, 0, 0, 0, 0, 0, 0, 0, 0, 0, 0, 0, 0, 0, 0 ], 
  [ 0, 0, 0, 0, 0, 0, 0, 0, 0, 0, 0, 0, 0, 0, 0, 0, 0, 0, 0, -1/8, 0, 0, 0, 
      0, 0, 0, 0, 0, 0, 3/4, 0, 0, 0, -3/2, 1, 0, 0, 0, 0, 0, 0, 0, 0, 0, 0, 
      0, 0, 0, 0, 0, 0, 0, 0, 0, 0, 0 ], 
  [ 0, 0, 0, 0, 0, 0, 0, 0, 0, 0, 4949/108*E(3)+23863/1080*E(3)^2, 0, 
      -487/270*E(3)-101/27*E(3)^2, 0, 0, -25627/17280*E(3)+25627/17280*E(3)^2,
      0, 0, 0, 0, 7693/60, 0, -157/15, 0, 0, 0, 0, 0, 0, 0, 0, 0, 0, 0, 0, 
      -49/4, 0, 1, 0, 0, 0, 0, 0, 0, 0, 0, 0, 0, 0, 0, 0, 0, 0, 0, 0, 0 ], 
  [ 0, 0, 0, 0, 0, 0, 0, 0, 0, 0, 3896/135*E(3)-3224/135*E(3)^2, 0, 
      -5696/1323*E(3)-16736/6615*E(3)^2, 0, 0, 403/270*E(3)+463/135*E(3)^2, 
      0, 0, 0, 0, -2512/15*E(3), 0, 10048/735*E(3), 0, 0, 0, 0, 0, 0, 0, 0, 
      0, 0, 0, 0, -16, 0, 0, 0, 0, 1, 0, 0, 0, 0, 0, 0, 0, 0, 0, 0, 0, 0, 0, 
      0, 0 ], [ 0, 0, 0, 0, 0, 0, 0, 0, 0, 0, 0, 0, 0, 0, 0, 0, 0, 0, 0, 1/9, 
      0, 0, 0, 0, 0, 0, 0, 0, 0, -4/9, 0, 0, 0, 4/9, 0, 0, 0, 0, 0, 0, 0, 0, 
      0, 0, 1/4, 0, 0, 0, -1, 1, 0, 0, 0, 0, 0, 0 ], 
  [ 0, 0, 0, 0, 0, 0, 0, 0, 0, 0, 0, 0, 0, 0, 0, 0, 0, 0, 0, 255133/24300, 0, 
      0, 0, 0, 0, 0, 0, 0, 0, -78343/1350, 0, 0, 0, 24649/225, 0, 0, 0, 0, 0, 
      0, 0, 0, 0, 0, 499/90, 0, 0, 0, -314/15, 0, 0, 0, 0, 1, 0, 0 ], 
  [ 0, 0, 0, 0, 0, 0, 0, 0, 0, 0, 0, 0, 0, 0, 0, 0, 0, 0, 0, 250333/48600, 0, 
      0, 0, 0, 0, 0, 0, 0, 0, -233429/8100, 0, 0, 0, 24649/450, 0, 0, 0, 0, 
      0, 0, 0, 0, 0, 0, 419/180, 0, 0, 0, -431/45, 0, 0, 0, 0, 0, 1, 0 ], 
  [ 0, 0, 0, 0, 0, 0, 0, 0, 0, 0, 0, 0, 0, 0, 0, 0, 0, 0, 0, -84511/6075, 0, 
      0, 0, 0, 0, 0, 0, 0, 0, 156686/2025, 0, 0, 0, -98596/675, 0, 0, 0, 0, 
      0, 0, 0, 0, 0, 0, -34/5, 0, 0, 0, 1256/45, 0, 0, 0, 0, 0, 0, 1 ] ]

35. Candidate
   Symplectic group: C2^2
   Component: 1; unique C2^2 component
   Projective group ID: [ 12, 3 ]
   Strict linear group ID: [ 36, 3 ]
   Generic index: 1
   Generic full linear containment required: false
   Generic full linear containment verified: true
   Direct known case: false
   Source records: [ "G_s=C_2x_C_2_all_liftable_non-abelian.docx" ]
   Family number within this input: 2
   Strict cubic invariant dimension: 6
   Centralizer dimension: 6
   Expected moduli dimension: 0
   Determinant image order: 3
   Gonzalez status: rejected
   Retained: false
   Gonzalez failure statuses: [ "forbidden_strict_invariant_spectrum", 
  "forbidden_strict_invariant_spectrum", "forbidden_strict_invariant_spectrum"
    , "forbidden_strict_invariant_spectrum", 
  "forbidden_strict_invariant_spectrum", 
  "forbidden_strict_invariant_spectrum" ]
   Matrix generators: 
[ 
  [ [ -780/523*E(9)^2-1037/523*E(9)^5, -78/523*E(9)^2-156/523*E(9)^5, 
          273/523*E(9)^2+546/523*E(9)^5, 0, 0, 0 ], 
      [ 1480/1569*E(9)^2+2960/1569*E(9)^5, 148/1569*E(9)^2+1865/1569*E(9)^5, 
          -518/1569*E(9)^2-1036/1569*E(9)^5, 0, 0, 0 ], 
      [ -1780/1569*E(9)^2-3560/1569*E(9)^5, -178/1569*E(9)^2-356/1569*E(9)^5, 
          623/1569*E(9)^2+2815/1569*E(9)^5, 0, 0, 0 ], 
      [ 0, 0, 0, 0, -7/8*E(9)^2-7/8*E(9)^5, 0 ], 
      [ 0, 0, 0, 0, 0, 2/7*E(9)^2+2/7*E(9)^5 ], 
      [ 0, 0, 0, 4*E(9)^2+4*E(9)^5, 0, 0 ] ], 
  [ [ 1, 0, 0, 0, 0, 0 ], [ 0, 1, 0, 0, 0, 0 ], [ 0, 0, 1, 0, 0, 0 ], 
      [ 0, 0, 0, 1, 0, 0 ], [ 0, 0, 0, 0, -1, 0 ], [ 0, 0, 0, 0, 0, -1 ] ], 
  [ [ 1, 0, 0, 0, 0, 0 ], [ 0, 1, 0, 0, 0, 0 ], [ 0, 0, 1, 0, 0, 0 ], 
      [ 0, 0, 0, -1, 0, 0 ], [ 0, 0, 0, 0, 1, 0 ], [ 0, 0, 0, 0, 0, -1 ] ], 
  [ [ E(3), 0, 0, 0, 0, 0 ], [ 0, E(3), 0, 0, 0, 0 ], [ 0, 0, E(3), 0, 0, 0 ],
      [ 0, 0, 0, E(3), 0, 0 ], [ 0, 0, 0, 0, E(3), 0 ], 
      [ 0, 0, 0, 0, 0, E(3) ] ] ]
   Cubic invariant basis strings: 
[ 
  "(32/7*E(3))*x3*x6^2 + (128/343*E(3)^2)*x3*x5^2 + (2/7)*x3*x4^2 + (16*E(3))*x\
2*x6^2 + (64/49*E(3)^2)*x2*x5^2 + x2*x4^2", 
  "(1337/78*E(3)+11683/468*E(3)^2)*x3*x6^2 + (-1669/819*E(3)-382/273*E(3)^2)*x\
3*x5^2 + (3661/7488*E(3)-3661/7488*E(3)^2)*x3*x4^2 + (1813/234)*x2*x6^2 + (-74\
/117)*x2*x5^2 + (-49/4)*x1*x6^2 + x1*x5^2", 
  "(29072/819*E(3)+6112/273*E(3)^2)*x3*x6^2 + (-33472/40131*E(3)+42944/40131*E\
(3)^2)*x3*x5^2 + (-1294/819*E(3)-1817/819*E(3)^2)*x3*x4^2 + (-1184/117*E(3)^2)\
*x2*x6^2 + (4736/5733*E(3)^2)*x2*x5^2 + (-16)*x1*x6^2 + x1*x4^2", 
  "(356/5733)*x3^3 + (244/637)*x2*x3^2 + (109/273)*x2^2*x3 + (-74/117)*x2^3 + \
(4/49)*x1*x3^2 + (4/7)*x1*x2*x3 + x1*x2^2", 
  "(442864/670761)*x3^3 + (141556/74529)*x2*x3^2 + (-49654/31941)*x2^2*x3 + (-\
5476/13689)*x2^3 + (2074/1911)*x1*x3^2 + (1037/273)*x1*x2*x3 + (2/7)*x1^2*x3 +\
 x1^2*x2", 
  "(74300048/11211291)*x3^3 + (-4935208/1245699)*x2*x3^2 + (-3674396/3737097)*\
x2^2*x3 + (-405224/1601613)*x2^3 + (421508/31941)*x1*x3^2 + (-38702/31941)*x1*\
x2*x3 + (1817/273)*x1^2*x3 + x1^3" ]
   Cubic invariant basis vectors: 
[ [ 0, 0, 0, 0, 0, 0, 0, 0, 0, 0, 32/7*E(3), 0, 128/343*E(3)^2, 0, 0, 2/7, 0, 
      0, 0, 0, 16*E(3), 0, 64/49*E(3)^2, 0, 0, 1, 0, 0, 0, 0, 0, 0, 0, 0, 0, 
      0, 0, 0, 0, 0, 0, 0, 0, 0, 0, 0, 0, 0, 0, 0, 0, 0, 0, 0, 0, 0 ], 
  [ 0, 0, 0, 0, 0, 0, 0, 0, 0, 0, 1337/78*E(3)+11683/468*E(3)^2, 0, 
      -1669/819*E(3)-382/273*E(3)^2, 0, 0, 3661/7488*E(3)-3661/7488*E(3)^2, 
      0, 0, 0, 0, 1813/234, 0, -74/117, 0, 0, 0, 0, 0, 0, 0, 0, 0, 0, 0, 0, 
      -49/4, 0, 1, 0, 0, 0, 0, 0, 0, 0, 0, 0, 0, 0, 0, 0, 0, 0, 0, 0, 0 ], 
  [ 0, 0, 0, 0, 0, 0, 0, 0, 0, 0, 29072/819*E(3)+6112/273*E(3)^2, 0, 
      -33472/40131*E(3)+42944/40131*E(3)^2, 0, 0, 
      -1294/819*E(3)-1817/819*E(3)^2, 0, 0, 0, 0, -1184/117*E(3)^2, 0, 
      4736/5733*E(3)^2, 0, 0, 0, 0, 0, 0, 0, 0, 0, 0, 0, 0, -16, 0, 0, 0, 0, 
      1, 0, 0, 0, 0, 0, 0, 0, 0, 0, 0, 0, 0, 0, 0, 0 ], 
  [ 0, 0, 0, 0, 0, 0, 0, 0, 0, 0, 0, 0, 0, 0, 0, 0, 0, 0, 0, 356/5733, 0, 0, 
      0, 0, 0, 0, 0, 0, 0, 244/637, 0, 0, 0, 109/273, -74/117, 0, 0, 0, 0, 0, 
      0, 0, 0, 0, 4/49, 0, 0, 0, 4/7, 1, 0, 0, 0, 0, 0, 0 ], 
  [ 0, 0, 0, 0, 0, 0, 0, 0, 0, 0, 0, 0, 0, 0, 0, 0, 0, 0, 0, 442864/670761, 
      0, 0, 0, 0, 0, 0, 0, 0, 0, 141556/74529, 0, 0, 0, -49654/31941, 
      -5476/13689, 0, 0, 0, 0, 0, 0, 0, 0, 0, 2074/1911, 0, 0, 0, 1037/273, 
      0, 0, 0, 0, 2/7, 1, 0 ], 
  [ 0, 0, 0, 0, 0, 0, 0, 0, 0, 0, 0, 0, 0, 0, 0, 0, 0, 0, 0, 
      74300048/11211291, 0, 0, 0, 0, 0, 0, 0, 0, 0, -4935208/1245699, 0, 0, 
      0, -3674396/3737097, -405224/1601613, 0, 0, 0, 0, 0, 0, 0, 0, 0, 
      421508/31941, 0, 0, 0, -38702/31941, 0, 0, 0, 0, 1817/273, 0, 1 ] ]
   Gonzalez failures: [ rec(
      applicable := true,
      classIndex := 7,
      classSize := 4,
      linearOrder := 9,
      normalizingScalar := 1,
      ok := false,
      projectiveOrder := 3,
      projectivePowerScalar := E(3)^2,
      projectivePowerScalarExponent := 2,
      reason := "no_Gonzalez_strict_invariant_pattern_matches",
      status := "forbidden_strict_invariant_spectrum",
      testedCharacteristicPolynomial := 
       x1^6+(E(9)^2-E(9)^5)*x1^5+(E(9)^4-E(9)^7)*x1^4+E(3)*x1^3+(2*E(9)^2+E(9)\
^5)*x1^2+(2*E(9)^4+E(9)^7)*x1+E(3)^2 ), rec(
      applicable := true,
      classIndex := 8,
      classSize := 4,
      linearOrder := 9,
      normalizingScalar := 1,
      ok := false,
      projectiveOrder := 3,
      projectivePowerScalar := E(3)^2,
      projectivePowerScalarExponent := 2,
      reason := "no_Gonzalez_strict_invariant_pattern_matches",
      status := "forbidden_strict_invariant_spectrum",
      testedCharacteristicPolynomial := 
       x1^6+(-2*E(9)^2-E(9)^5)*x1^5+(E(9)^4+2*E(9)^7)*x1^4+E(3)*x1^3+(-E(9)^2-\
2*E(9)^5)*x1^2+(-E(9)^4+E(9)^7)*x1+E(3)^2 ), rec(
      applicable := true,
      classIndex := 9,
      classSize := 4,
      linearOrder := 9,
      normalizingScalar := 1,
      ok := false,
      projectiveOrder := 3,
      projectivePowerScalar := E(3),
      projectivePowerScalarExponent := 1,
      reason := "no_Gonzalez_strict_invariant_pattern_matches",
      status := "forbidden_strict_invariant_spectrum",
      testedCharacteristicPolynomial := 
       x1^6+(-E(9)^4+E(9)^7)*x1^5+(-E(9)^2+E(9)^5)*x1^4+E(3)^2*x1^3+(E(9)^4+2*\
E(9)^7)*x1^2+(E(9)^2+2*E(9)^5)*x1+E(3) ), rec(
      applicable := true,
      classIndex := 10,
      classSize := 4,
      linearOrder := 9,
      normalizingScalar := 1,
      ok := false,
      projectiveOrder := 3,
      projectivePowerScalar := E(3),
      projectivePowerScalarExponent := 1,
      reason := "no_Gonzalez_strict_invariant_pattern_matches",
      status := "forbidden_strict_invariant_spectrum",
      testedCharacteristicPolynomial := 
       x1^6+(2*E(9)^4+E(9)^7)*x1^5+(-E(9)^2-2*E(9)^5)*x1^4+E(3)^2*x1^3+(E(9)^4\
-E(9)^7)*x1^2+(-2*E(9)^2-E(9)^5)*x1+E(3) ), rec(
      applicable := true,
      classIndex := 11,
      classSize := 4,
      linearOrder := 9,
      normalizingScalar := 1,
      ok := false,
      projectiveOrder := 3,
      projectivePowerScalar := E(3),
      projectivePowerScalarExponent := 1,
      reason := "no_Gonzalez_strict_invariant_pattern_matches",
      status := "forbidden_strict_invariant_spectrum",
      testedCharacteristicPolynomial := 
       x1^6+(-E(9)^4-2*E(9)^7)*x1^5+(2*E(9)^2+E(9)^5)*x1^4+E(3)^2*x1^3+(-2*E(9\
)^4-E(9)^7)*x1^2+(E(9)^2-E(9)^5)*x1+E(3) ), rec(
      applicable := true,
      classIndex := 12,
      classSize := 4,
      linearOrder := 9,
      normalizingScalar := 1,
      ok := false,
      projectiveOrder := 3,
      projectivePowerScalar := E(3)^2,
      projectivePowerScalarExponent := 2,
      reason := "no_Gonzalez_strict_invariant_pattern_matches",
      status := "forbidden_strict_invariant_spectrum",
      testedCharacteristicPolynomial := 
       x1^6+(E(9)^2+2*E(9)^5)*x1^5+(-2*E(9)^4-E(9)^7)*x1^4+E(3)*x1^3+(-E(9)^2+\
E(9)^5)*x1^2+(-E(9)^4-2*E(9)^7)*x1+E(3)^2 ) ]

36. Candidate
   Symplectic group: C2^2
   Component: 1; unique C2^2 component
   Projective group ID: [ 12, 3 ]
   Strict linear group ID: [ 36, 3 ]
   Generic index: 1
   Generic full linear containment required: false
   Generic full linear containment verified: true
   Direct known case: false
   Source records: [ "G_s=C_2x_C_2_all_liftable_non-abelian.docx" ]
   Family number within this input: 3
   Strict cubic invariant dimension: 6
   Centralizer dimension: 4
   Expected moduli dimension: 2
   Determinant image order: 3
   Gonzalez status: passed
   Retained: true
   Gonzalez failure statuses: [  ]
   Matrix generators: 
[ 
  [ [ -740/523*E(9)^2-1077/523*E(9)^5, -123/523*E(9)^2-111/523*E(9)^5, 
          183/523*E(9)^2+636/523*E(9)^5, 0, 0, 0 ], 
      [ 224/1569*E(9)^2+4216/1569*E(9)^5, 1561/1569*E(9)^2+452/1569*E(9)^5, 
          2308/1569*E(9)^2-3862/1569*E(9)^5, 0, 0, 0 ], 
      [ -1796/1569*E(9)^2-3544/1569*E(9)^5, -160/1569*E(9)^2-374/1569*E(9)^5, 
          659/1569*E(9)^2+2779/1569*E(9)^5, 0, 0, 0 ], 
      [ 0, 0, 0, 0, -7/8*E(9)^2-7/8*E(9)^5, 0 ], 
      [ 0, 0, 0, 0, 0, 2/7*E(9)^2+2/7*E(9)^5 ], 
      [ 0, 0, 0, 4*E(9)^2+4*E(9)^5, 0, 0 ] ], 
  [ [ 1, 0, 0, 0, 0, 0 ], [ 0, 1, 0, 0, 0, 0 ], [ 0, 0, 1, 0, 0, 0 ], 
      [ 0, 0, 0, 1, 0, 0 ], [ 0, 0, 0, 0, -1, 0 ], [ 0, 0, 0, 0, 0, -1 ] ], 
  [ [ 1, 0, 0, 0, 0, 0 ], [ 0, 1, 0, 0, 0, 0 ], [ 0, 0, 1, 0, 0, 0 ], 
      [ 0, 0, 0, -1, 0, 0 ], [ 0, 0, 0, 0, 1, 0 ], [ 0, 0, 0, 0, 0, -1 ] ], 
  [ [ E(3), 0, 0, 0, 0, 0 ], [ 0, E(3), 0, 0, 0, 0 ], [ 0, 0, E(3), 0, 0, 0 ],
      [ 0, 0, 0, E(3), 0, 0 ], [ 0, 0, 0, 0, E(3), 0 ], 
      [ 0, 0, 0, 0, 0, E(3) ] ] ]
   Cubic invariant basis strings: 
[ 
  "(16777/19305)*x3*x6^2 + (4184/72765*E(3)+2092/85995*E(3)^2)*x3*x5^2 + (523/2\
8080*E(3)+523/11880*E(3)^2)*x3*x4^2 + (-91183/19305)*x2*x6^2 + (2092/10395*E(3\
)+23012/85995*E(3)^2)*x2*x5^2 + (5753/28080*E(3)+3661/23760*E(3)^2)*x2*x4^2 + \
x1*x6^2", 
  "(25627/7020*E(3)+25627/2970*E(3)^2)*x3*x6^2 + (16777/19305)*x3*x5^2 + (2562\
7/47520*E(3)+25627/112320*E(3)^2)*x3*x4^2 + (281897/7020*E(3)+179389/5940*E(3)\
^2)*x2*x6^2 + (-91183/19305)*x2*x5^2 + (179389/95040*E(3)+281897/112320*E(3)^2\
)*x2*x4^2 + x1*x5^2", 
  "(16736/1485*E(3)+8368/1755*E(3)^2)*x3*x6^2 + (33472/85995*E(3)+66944/72765*\
E(3)^2)*x3*x5^2 + (16777/19305)*x3*x4^2 + (58576/1485*E(3)+92048/1755*E(3)^2)*\
x2*x6^2 + (368192/85995*E(3)+33472/10395*E(3)^2)*x2*x5^2 + (-91183/19305)*x2*x\
4^2 + x1*x4^2", 
  "(334004648/372683025)*x3^3 + (-4761748/13803075)*x2*x3^2 + (3046995148/1242\
27675)*x2^2*x3 + (-14631732512/372683025)*x2^3 + (74099848/41409225)*x1*x3^2 +\
 (-133282724/41409225)*x1*x2*x3 + (769783303/41409225)*x1*x2^2 + x1^2*x3", 
  "(5436062/372683025)*x3^3 + (-12947287/13803075)*x2*x3^2 + (-1926582488/1242\
27675)*x2^2*x3 + (9700875772/372683025)*x2^3 + (4952287/41409225)*x1*x3^2 + (6\
7720294/41409225)*x1*x2*x3 + (-520121243/41409225)*x1*x2^2 + x1^2*x2", 
  "(-1285767796/1118049075)*x3^3 + (-681329054/41409225)*x2*x3^2 + (-767602745\
96/372683025)*x2^2*x3 + (397667873224/1118049075)*x2^3 + (-87580646/124227675)\
*x1*x3^2 + (861668848/124227675)*x1*x2*x3 + (-19816602131/124227675)*x1*x2^2 +\
 x1^3" ]
   Cubic invariant basis vectors: 
[ 
  [ 0, 0, 0, 0, 0, 0, 0, 0, 0, 0, 16777/19305, 0, 
      4184/72765*E(3)+2092/85995*E(3)^2, 0, 0, 
      523/28080*E(3)+523/11880*E(3)^2, 0, 0, 0, 0, -91183/19305, 0, 
      2092/10395*E(3)+23012/85995*E(3)^2, 0, 0, 
      5753/28080*E(3)+3661/23760*E(3)^2, 0, 0, 0, 0, 0, 0, 0, 0, 0, 1, 0, 0, 
      0, 0, 0, 0, 0, 0, 0, 0, 0, 0, 0, 0, 0, 0, 0, 0, 0, 0 ], 
  [ 0, 0, 0, 0, 0, 0, 0, 0, 0, 0, 25627/7020*E(3)+25627/2970*E(3)^2, 0, 
      16777/19305, 0, 0, 25627/47520*E(3)+25627/112320*E(3)^2, 0, 0, 0, 0, 
      281897/7020*E(3)+179389/5940*E(3)^2, 0, -91183/19305, 0, 0, 
      179389/95040*E(3)+281897/112320*E(3)^2, 0, 0, 0, 0, 0, 0, 0, 0, 0, 0, 
      0, 1, 0, 0, 0, 0, 0, 0, 0, 0, 0, 0, 0, 0, 0, 0, 0, 0, 0, 0 ], 
  [ 0, 0, 0, 0, 0, 0, 0, 0, 0, 0, 16736/1485*E(3)+8368/1755*E(3)^2, 0, 
      33472/85995*E(3)+66944/72765*E(3)^2, 0, 0, 16777/19305, 0, 0, 0, 0, 
      58576/1485*E(3)+92048/1755*E(3)^2, 0, 
      368192/85995*E(3)+33472/10395*E(3)^2, 0, 0, -91183/19305, 0, 0, 0, 0, 
      0, 0, 0, 0, 0, 0, 0, 0, 0, 0, 1, 0, 0, 0, 0, 0, 0, 0, 0, 0, 0, 0, 0, 0, 
      0, 0 ], 
  [ 0, 0, 0, 0, 0, 0, 0, 0, 0, 0, 0, 0, 0, 0, 0, 0, 0, 0, 0, 
      334004648/372683025, 0, 0, 0, 0, 0, 0, 0, 0, 0, -4761748/13803075, 0, 
      0, 0, 3046995148/124227675, -14631732512/372683025, 0, 0, 0, 0, 0, 0, 
      0, 0, 0, 74099848/41409225, 0, 0, 0, -133282724/41409225, 
      769783303/41409225, 0, 0, 0, 1, 0, 0 ], 
  [ 0, 0, 0, 0, 0, 0, 0, 0, 0, 0, 0, 0, 0, 0, 0, 0, 0, 0, 0, 
      5436062/372683025, 0, 0, 0, 0, 0, 0, 0, 0, 0, -12947287/13803075, 0, 0, 
      0, -1926582488/124227675, 9700875772/372683025, 0, 0, 0, 0, 0, 0, 0, 0, 
      0, 4952287/41409225, 0, 0, 0, 67720294/41409225, -520121243/41409225, 
      0, 0, 0, 0, 1, 0 ], 
  [ 0, 0, 0, 0, 0, 0, 0, 0, 0, 0, 0, 0, 0, 0, 0, 0, 0, 0, 0, 
      -1285767796/1118049075, 0, 0, 0, 0, 0, 0, 0, 0, 0, -681329054/41409225, 
      0, 0, 0, -76760274596/372683025, 397667873224/1118049075, 0, 0, 0, 0, 
      0, 0, 0, 0, 0, -87580646/124227675, 0, 0, 0, 861668848/124227675, 
      -19816602131/124227675, 0, 0, 0, 0, 0, 1 ] ]

37. Candidate
   Symplectic group: C2^2
   Component: 1; unique C2^2 component
   Projective group ID: [ 8, 3 ]
   Strict linear group ID: [ 24, 10 ]
   Generic index: 1
   Generic full linear containment required: false
   Generic full linear containment verified: true
   Direct known case: false
   Source records: [ "G_s=C_2x_C_2_all_liftable_non-abelian.docx" ]
   Family number within this input: 1
   Strict cubic invariant dimension: 9
   Centralizer dimension: 7
   Expected moduli dimension: 2
   Determinant image order: 2
   Gonzalez status: passed
   Retained: true
   Gonzalez failure statuses: [  ]
   Matrix generators: 
[ [ [ 1, 0, 0, 0, 0, 0 ], [ 0, 1, 0, 0, 0, 0 ], [ 0, 0, 1, 0, 0, 0 ], 
      [ 0, 0, 0, -1, 0, 0 ], [ 0, 0, 0, 0, -1, 0 ], [ 0, 0, 0, 0, 0, 1 ] ], 
  [ [ -443/523, -90/523, -180/523, 0, 0, 0 ], 
      [ -2512/1569, 419/523, 1884/523, 0, 0, 0 ], 
      [ -32/1569, 12/523, -499/523, 0, 0, 0 ], [ 0, 0, 0, 1, 0, 0 ], 
      [ 0, 0, 0, 0, 0, 2/7*E(3)^2 ], [ 0, 0, 0, 0, 7/2*E(3), 0 ] ], 
  [ [ 1, 0, 0, 0, 0, 0 ], [ 0, 1, 0, 0, 0, 0 ], [ 0, 0, 1, 0, 0, 0 ], 
      [ 0, 0, 0, 1, 0, 0 ], [ 0, 0, 0, 0, -1, 0 ], [ 0, 0, 0, 0, 0, -1 ] ], 
  [ [ E(3), 0, 0, 0, 0, 0 ], [ 0, E(3), 0, 0, 0, 0 ], [ 0, 0, E(3), 0, 0, 0 ],
      [ 0, 0, 0, E(3), 0, 0 ], [ 0, 0, 0, 0, E(3), 0 ], 
      [ 0, 0, 0, 0, 0, E(3) ] ] ]
   Cubic invariant basis strings: 
[ "x4*x5*x6", 
  "(49/8*E(3)^2)*x3*x6^2 + (-1/2)*x3*x5^2 + (-49/4*E(3)^2)*x2*x6^2 + x2*x5^2",
  "(499/180)*x3*x6^2 + (-523/2205*E(3))*x3*x5^2 + (-157/15)*x2*x6^2 + x1*x6^2"
    , 
  "(20531/720*E(3)^2)*x3*x6^2 + (-443/180)*x3*x5^2 + (-7693/60*E(3)^2)*x2*x6^2\
 + x1*x5^2", "(-2/15)*x3*x4^2 + (-157/15)*x2*x4^2 + x1*x4^2", 
  "(-1/30)*x3^3 + (-149/60)*x2*x3^2 + (31/3)*x2^2*x3 + (-157/15)*x2^3 + (1/4)*\
x1*x3^2 + -x1*x2*x3 + x1*x2^2", 
  "(-499/1350)*x3^3 + (-2983/108)*x2*x3^2 + (24649/225)*x2^2*x3 + (95/36)*x1*x\
3^2 + (-314/15)*x1*x2*x3 + x1^2*x3", 
  "(-1361/2700)*x3^3 + (-202693/5400)*x2*x3^2 + (213677/1350)*x2^2*x3 + (-2464\
9/225)*x2^3 + (1361/360)*x1*x3^2 + (-277/18)*x1*x2*x3 + x1^2*x2", 
  "(-67811/13500)*x3^3 + (-10099967/27000)*x2*x3^2 + (10623719/6750)*x2^2*x3 +\
 (-3869893/3375)*x2^3 + (7531/200)*x1*x3^2 + (-69551/450)*x1*x2*x3 + x1^3" ]
   Cubic invariant basis vectors: 
[ [ 0, 0, 0, 0, 0, 1, 0, 0, 0, 0, 0, 0, 0, 0, 0, 0, 0, 0, 0, 0, 0, 0, 0, 0, 
      0, 0, 0, 0, 0, 0, 0, 0, 0, 0, 0, 0, 0, 0, 0, 0, 0, 0, 0, 0, 0, 0, 0, 0, 
      0, 0, 0, 0, 0, 0, 0, 0 ], 
  [ 0, 0, 0, 0, 0, 0, 0, 0, 0, 0, 49/8*E(3)^2, 0, -1/2, 0, 0, 0, 0, 0, 0, 0, 
      -49/4*E(3)^2, 0, 1, 0, 0, 0, 0, 0, 0, 0, 0, 0, 0, 0, 0, 0, 0, 0, 0, 0, 
      0, 0, 0, 0, 0, 0, 0, 0, 0, 0, 0, 0, 0, 0, 0, 0 ], 
  [ 0, 0, 0, 0, 0, 0, 0, 0, 0, 0, 499/180, 0, -523/2205*E(3), 0, 0, 0, 0, 0, 
      0, 0, -157/15, 0, 0, 0, 0, 0, 0, 0, 0, 0, 0, 0, 0, 0, 0, 1, 0, 0, 0, 0, 
      0, 0, 0, 0, 0, 0, 0, 0, 0, 0, 0, 0, 0, 0, 0, 0 ], 
  [ 0, 0, 0, 0, 0, 0, 0, 0, 0, 0, 20531/720*E(3)^2, 0, -443/180, 0, 0, 0, 0, 
      0, 0, 0, -7693/60*E(3)^2, 0, 0, 0, 0, 0, 0, 0, 0, 0, 0, 0, 0, 0, 0, 0, 
      0, 1, 0, 0, 0, 0, 0, 0, 0, 0, 0, 0, 0, 0, 0, 0, 0, 0, 0, 0 ], 
  [ 0, 0, 0, 0, 0, 0, 0, 0, 0, 0, 0, 0, 0, 0, 0, -2/15, 0, 0, 0, 0, 0, 0, 0, 
      0, 0, -157/15, 0, 0, 0, 0, 0, 0, 0, 0, 0, 0, 0, 0, 0, 0, 1, 0, 0, 0, 0, 
      0, 0, 0, 0, 0, 0, 0, 0, 0, 0, 0 ], 
  [ 0, 0, 0, 0, 0, 0, 0, 0, 0, 0, 0, 0, 0, 0, 0, 0, 0, 0, 0, -1/30, 0, 0, 0, 
      0, 0, 0, 0, 0, 0, -149/60, 0, 0, 0, 31/3, -157/15, 0, 0, 0, 0, 0, 0, 0, 
      0, 0, 1/4, 0, 0, 0, -1, 1, 0, 0, 0, 0, 0, 0 ], 
  [ 0, 0, 0, 0, 0, 0, 0, 0, 0, 0, 0, 0, 0, 0, 0, 0, 0, 0, 0, -499/1350, 0, 0, 
      0, 0, 0, 0, 0, 0, 0, -2983/108, 0, 0, 0, 24649/225, 0, 0, 0, 0, 0, 0, 
      0, 0, 0, 0, 95/36, 0, 0, 0, -314/15, 0, 0, 0, 0, 1, 0, 0 ], 
  [ 0, 0, 0, 0, 0, 0, 0, 0, 0, 0, 0, 0, 0, 0, 0, 0, 0, 0, 0, -1361/2700, 0, 
      0, 0, 0, 0, 0, 0, 0, 0, -202693/5400, 0, 0, 0, 213677/1350, -24649/225, 
      0, 0, 0, 0, 0, 0, 0, 0, 0, 1361/360, 0, 0, 0, -277/18, 0, 0, 0, 0, 0, 
      1, 0 ], 
  [ 0, 0, 0, 0, 0, 0, 0, 0, 0, 0, 0, 0, 0, 0, 0, 0, 0, 0, 0, -67811/13500, 0, 
      0, 0, 0, 0, 0, 0, 0, 0, -10099967/27000, 0, 0, 0, 10623719/6750, 
      -3869893/3375, 0, 0, 0, 0, 0, 0, 0, 0, 0, 7531/200, 0, 0, 0, 
      -69551/450, 0, 0, 0, 0, 0, 0, 1 ] ]

38. Candidate
   Symplectic group: C2^2
   Component: 1; unique C2^2 component
   Projective group ID: [ 8, 3 ]
   Strict linear group ID: [ 24, 10 ]
   Generic index: 1
   Generic full linear containment required: false
   Generic full linear containment verified: true
   Direct known case: false
   Source records: [ "G_s=C_2x_C_2_all_liftable_non-abelian.docx" ]
   Family number within this input: 2
   Strict cubic invariant dimension: 11
   Centralizer dimension: 7
   Expected moduli dimension: 4
   Determinant image order: 2
   Gonzalez status: passed
   Retained: true
   Gonzalez failure statuses: [  ]
   Matrix generators: 
[ [ [ 1, 0, 0, 0, 0, 0 ], [ 0, 1, 0, 0, 0, 0 ], [ 0, 0, 1, 0, 0, 0 ], 
      [ 0, 0, 0, -1, 0, 0 ], [ 0, 0, 0, 0, -1, 0 ], [ 0, 0, 0, 0, 0, 1 ] ], 
  [ [ -1037/523, -156/523, 546/523, 0, 0, 0 ], 
      [ 2960/1569, 1865/1569, -1036/1569, 0, 0, 0 ], 
      [ -3560/1569, -356/1569, 2815/1569, 0, 0, 0 ], [ 0, 0, 0, -1, 0, 0 ], 
      [ 0, 0, 0, 0, 0, 2/7*E(3)^2 ], [ 0, 0, 0, 0, 7/2*E(3), 0 ] ], 
  [ [ 1, 0, 0, 0, 0, 0 ], [ 0, 1, 0, 0, 0, 0 ], [ 0, 0, 1, 0, 0, 0 ], 
      [ 0, 0, 0, 1, 0, 0 ], [ 0, 0, 0, 0, -1, 0 ], [ 0, 0, 0, 0, 0, -1 ] ], 
  [ [ E(3), 0, 0, 0, 0, 0 ], [ 0, E(3), 0, 0, 0, 0 ], [ 0, 0, E(3), 0, 0, 0 ],
      [ 0, 0, 0, E(3), 0, 0 ], [ 0, 0, 0, 0, E(3), 0 ], 
      [ 0, 0, 0, 0, 0, E(3) ] ] ]
   Cubic invariant basis strings: 
[ "(7/2*E(3)^2)*x3*x6^2 + (2/7)*x3*x5^2 + (49/4*E(3)^2)*x2*x6^2 + x2*x5^2", 
  "(2/7)*x3*x4^2 + x2*x4^2", 
  "(8/343)*x3^3 + (12/49)*x2*x3^2 + (6/7)*x2^2*x3 + x2^3", 
  "(2815/1638)*x3*x6^2 + (1046/13377*E(3))*x3*x5^2 + (-74/117)*x2*x6^2 + x1*x6\
^2", 
  "(13055/936*E(3)^2)*x3*x6^2 + (1037/546)*x3*x5^2 + (1813/234*E(3)^2)*x2*x6^2\
 + x1*x5^2", "(20/7)*x3*x4^2 + x1*x4^2", 
  "(2815/5733)*x3^3 + (2519/1638)*x2*x3^2 + (-74/117)*x2^2*x3 + (2/7)*x1*x3^2 \
+ x1*x2*x3", 
  "(-1900/40131)*x3^3 + (4322/5733)*x2*x3^2 + (2636/819)*x2^2*x3 + (-4/49)*x1*\
x3^2 + x1*x2^2", 
  "(3501860/670761)*x3^3 + (-79957/95823)*x2*x3^2 + (-5476/13689)*x2^2*x3 + (3\
71/78)*x1*x3^2 + x1^2*x3", 
  "(-9226720/4695327)*x3^3 + (-258946/670761)*x2*x3^2 + (357272/95823)*x2^2*x3\
 + (-53/39)*x1*x3^2 + x1^2*x2", 
  "(-33533200/1565109)*x3^3 + (1599140/223587)*x2*x3^2 + (109520/31941)*x2^2*x\
3 + (-10370/637)*x1*x3^2 + x1^3" ]
   Cubic invariant basis vectors: 
[ [ 0, 0, 0, 0, 0, 0, 0, 0, 0, 0, 7/2*E(3)^2, 0, 2/7, 0, 0, 0, 0, 0, 0, 0, 
      49/4*E(3)^2, 0, 1, 0, 0, 0, 0, 0, 0, 0, 0, 0, 0, 0, 0, 0, 0, 0, 0, 0, 
      0, 0, 0, 0, 0, 0, 0, 0, 0, 0, 0, 0, 0, 0, 0, 0 ], 
  [ 0, 0, 0, 0, 0, 0, 0, 0, 0, 0, 0, 0, 0, 0, 0, 2/7, 0, 0, 0, 0, 0, 0, 0, 0, 
      0, 1, 0, 0, 0, 0, 0, 0, 0, 0, 0, 0, 0, 0, 0, 0, 0, 0, 0, 0, 0, 0, 0, 0, 
      0, 0, 0, 0, 0, 0, 0, 0 ], 
  [ 0, 0, 0, 0, 0, 0, 0, 0, 0, 0, 0, 0, 0, 0, 0, 0, 0, 0, 0, 8/343, 0, 0, 0, 
      0, 0, 0, 0, 0, 0, 12/49, 0, 0, 0, 6/7, 1, 0, 0, 0, 0, 0, 0, 0, 0, 0, 0, 
      0, 0, 0, 0, 0, 0, 0, 0, 0, 0, 0 ], 
  [ 0, 0, 0, 0, 0, 0, 0, 0, 0, 0, 2815/1638, 0, 1046/13377*E(3), 0, 0, 0, 0, 
      0, 0, 0, -74/117, 0, 0, 0, 0, 0, 0, 0, 0, 0, 0, 0, 0, 0, 0, 1, 0, 0, 0, 
      0, 0, 0, 0, 0, 0, 0, 0, 0, 0, 0, 0, 0, 0, 0, 0, 0 ], 
  [ 0, 0, 0, 0, 0, 0, 0, 0, 0, 0, 13055/936*E(3)^2, 0, 1037/546, 0, 0, 0, 0, 
      0, 0, 0, 1813/234*E(3)^2, 0, 0, 0, 0, 0, 0, 0, 0, 0, 0, 0, 0, 0, 0, 0, 
      0, 1, 0, 0, 0, 0, 0, 0, 0, 0, 0, 0, 0, 0, 0, 0, 0, 0, 0, 0 ], 
  [ 0, 0, 0, 0, 0, 0, 0, 0, 0, 0, 0, 0, 0, 0, 0, 20/7, 0, 0, 0, 0, 0, 0, 0, 
      0, 0, 0, 0, 0, 0, 0, 0, 0, 0, 0, 0, 0, 0, 0, 0, 0, 1, 0, 0, 0, 0, 0, 0, 
      0, 0, 0, 0, 0, 0, 0, 0, 0 ], 
  [ 0, 0, 0, 0, 0, 0, 0, 0, 0, 0, 0, 0, 0, 0, 0, 0, 0, 0, 0, 2815/5733, 0, 0, 
      0, 0, 0, 0, 0, 0, 0, 2519/1638, 0, 0, 0, -74/117, 0, 0, 0, 0, 0, 0, 0, 
      0, 0, 0, 2/7, 0, 0, 0, 1, 0, 0, 0, 0, 0, 0, 0 ], 
  [ 0, 0, 0, 0, 0, 0, 0, 0, 0, 0, 0, 0, 0, 0, 0, 0, 0, 0, 0, -1900/40131, 0, 
      0, 0, 0, 0, 0, 0, 0, 0, 4322/5733, 0, 0, 0, 2636/819, 0, 0, 0, 0, 0, 0, 
      0, 0, 0, 0, -4/49, 0, 0, 0, 0, 1, 0, 0, 0, 0, 0, 0 ], 
  [ 0, 0, 0, 0, 0, 0, 0, 0, 0, 0, 0, 0, 0, 0, 0, 0, 0, 0, 0, 3501860/670761, 
      0, 0, 0, 0, 0, 0, 0, 0, 0, -79957/95823, 0, 0, 0, -5476/13689, 0, 0, 0, 
      0, 0, 0, 0, 0, 0, 0, 371/78, 0, 0, 0, 0, 0, 0, 0, 0, 1, 0, 0 ], 
  [ 0, 0, 0, 0, 0, 0, 0, 0, 0, 0, 0, 0, 0, 0, 0, 0, 0, 0, 0, -9226720/4695327,
      0, 0, 0, 0, 0, 0, 0, 0, 0, -258946/670761, 0, 0, 0, 357272/95823, 0, 0, 
      0, 0, 0, 0, 0, 0, 0, 0, -53/39, 0, 0, 0, 0, 0, 0, 0, 0, 0, 1, 0 ], 
  [ 0, 0, 0, 0, 0, 0, 0, 0, 0, 0, 0, 0, 0, 0, 0, 0, 0, 0, 0, 
      -33533200/1565109, 0, 0, 0, 0, 0, 0, 0, 0, 0, 1599140/223587, 0, 0, 0, 
      109520/31941, 0, 0, 0, 0, 0, 0, 0, 0, 0, 0, -10370/637, 0, 0, 0, 0, 0, 
      0, 0, 0, 0, 0, 1 ] ]

39. Candidate
   Symplectic group: C2^2
   Component: 1; unique C2^2 component
   Projective group ID: [ 8, 3 ]
   Strict linear group ID: [ 24, 10 ]
   Generic index: 1
   Generic full linear containment required: false
   Generic full linear containment verified: true
   Direct known case: false
   Source records: [ "G_s=C_2x_C_2_all_liftable_non-abelian.docx" ]
   Family number within this input: 3
   Strict cubic invariant dimension: 17
   Centralizer dimension: 11
   Expected moduli dimension: 6
   Determinant image order: 2
   Gonzalez status: passed
   Retained: true
   Gonzalez failure statuses: [  ]
   Matrix generators: 
[ [ [ 1, 0, 0, 0, 0, 0 ], [ 0, 1, 0, 0, 0, 0 ], [ 0, 0, 1, 0, 0, 0 ], 
      [ 0, 0, 0, -1, 0, 0 ], [ 0, 0, 0, 0, -1, 0 ], [ 0, 0, 0, 0, 0, 1 ] ], 
  [ [ 1, 0, 0, 0, 0, 0 ], [ 0, 1, 0, 0, 0, 0 ], [ 0, 0, 1, 0, 0, 0 ], 
      [ 0, 0, 0, 1, 0, 0 ], [ 0, 0, 0, 0, 0, 2/7*E(3)^2 ], 
      [ 0, 0, 0, 0, 7/2*E(3), 0 ] ], 
  [ [ 1, 0, 0, 0, 0, 0 ], [ 0, 1, 0, 0, 0, 0 ], [ 0, 0, 1, 0, 0, 0 ], 
      [ 0, 0, 0, 1, 0, 0 ], [ 0, 0, 0, 0, -1, 0 ], [ 0, 0, 0, 0, 0, -1 ] ], 
  [ [ E(3), 0, 0, 0, 0, 0 ], [ 0, E(3), 0, 0, 0, 0 ], [ 0, 0, E(3), 0, 0, 0 ],
      [ 0, 0, 0, E(3), 0, 0 ], [ 0, 0, 0, 0, E(3), 0 ], 
      [ 0, 0, 0, 0, 0, E(3) ] ] ]
   Cubic invariant basis strings: 
[ "x4*x5*x6", "(49/4*E(3)^2)*x3*x6^2 + x3*x5^2", "x3*x4^2", "x3^3", 
  "(49/4*E(3)^2)*x2*x6^2 + x2*x5^2", "x2*x4^2", "x2*x3^2", "x2^2*x3", "x2^3", 
  "(49/4*E(3)^2)*x1*x6^2 + x1*x5^2", "x1*x4^2", "x1*x3^2", "x1*x2*x3", 
  "x1*x2^2", "x1^2*x3", "x1^2*x2", "x1^3" ]
   Cubic invariant basis vectors: 
[ [ 0, 0, 0, 0, 0, 1, 0, 0, 0, 0, 0, 0, 0, 0, 0, 0, 0, 0, 0, 0, 0, 0, 0, 0, 
      0, 0, 0, 0, 0, 0, 0, 0, 0, 0, 0, 0, 0, 0, 0, 0, 0, 0, 0, 0, 0, 0, 0, 0, 
      0, 0, 0, 0, 0, 0, 0, 0 ], 
  [ 0, 0, 0, 0, 0, 0, 0, 0, 0, 0, 49/4*E(3)^2, 0, 1, 0, 0, 0, 0, 0, 0, 0, 0, 
      0, 0, 0, 0, 0, 0, 0, 0, 0, 0, 0, 0, 0, 0, 0, 0, 0, 0, 0, 0, 0, 0, 0, 0, 
      0, 0, 0, 0, 0, 0, 0, 0, 0, 0, 0 ], 
  [ 0, 0, 0, 0, 0, 0, 0, 0, 0, 0, 0, 0, 0, 0, 0, 1, 0, 0, 0, 0, 0, 0, 0, 0, 
      0, 0, 0, 0, 0, 0, 0, 0, 0, 0, 0, 0, 0, 0, 0, 0, 0, 0, 0, 0, 0, 0, 0, 0, 
      0, 0, 0, 0, 0, 0, 0, 0 ], 
  [ 0, 0, 0, 0, 0, 0, 0, 0, 0, 0, 0, 0, 0, 0, 0, 0, 0, 0, 0, 1, 0, 0, 0, 0, 
      0, 0, 0, 0, 0, 0, 0, 0, 0, 0, 0, 0, 0, 0, 0, 0, 0, 0, 0, 0, 0, 0, 0, 0, 
      0, 0, 0, 0, 0, 0, 0, 0 ], 
  [ 0, 0, 0, 0, 0, 0, 0, 0, 0, 0, 0, 0, 0, 0, 0, 0, 0, 0, 0, 0, 49/4*E(3)^2, 
      0, 1, 0, 0, 0, 0, 0, 0, 0, 0, 0, 0, 0, 0, 0, 0, 0, 0, 0, 0, 0, 0, 0, 0, 
      0, 0, 0, 0, 0, 0, 0, 0, 0, 0, 0 ], 
  [ 0, 0, 0, 0, 0, 0, 0, 0, 0, 0, 0, 0, 0, 0, 0, 0, 0, 0, 0, 0, 0, 0, 0, 0, 
      0, 1, 0, 0, 0, 0, 0, 0, 0, 0, 0, 0, 0, 0, 0, 0, 0, 0, 0, 0, 0, 0, 0, 0, 
      0, 0, 0, 0, 0, 0, 0, 0 ], 
  [ 0, 0, 0, 0, 0, 0, 0, 0, 0, 0, 0, 0, 0, 0, 0, 0, 0, 0, 0, 0, 0, 0, 0, 0, 
      0, 0, 0, 0, 0, 1, 0, 0, 0, 0, 0, 0, 0, 0, 0, 0, 0, 0, 0, 0, 0, 0, 0, 0, 
      0, 0, 0, 0, 0, 0, 0, 0 ], 
  [ 0, 0, 0, 0, 0, 0, 0, 0, 0, 0, 0, 0, 0, 0, 0, 0, 0, 0, 0, 0, 0, 0, 0, 0, 
      0, 0, 0, 0, 0, 0, 0, 0, 0, 1, 0, 0, 0, 0, 0, 0, 0, 0, 0, 0, 0, 0, 0, 0, 
      0, 0, 0, 0, 0, 0, 0, 0 ], 
  [ 0, 0, 0, 0, 0, 0, 0, 0, 0, 0, 0, 0, 0, 0, 0, 0, 0, 0, 0, 0, 0, 0, 0, 0, 
      0, 0, 0, 0, 0, 0, 0, 0, 0, 0, 1, 0, 0, 0, 0, 0, 0, 0, 0, 0, 0, 0, 0, 0, 
      0, 0, 0, 0, 0, 0, 0, 0 ], 
  [ 0, 0, 0, 0, 0, 0, 0, 0, 0, 0, 0, 0, 0, 0, 0, 0, 0, 0, 0, 0, 0, 0, 0, 0, 
      0, 0, 0, 0, 0, 0, 0, 0, 0, 0, 0, 49/4*E(3)^2, 0, 1, 0, 0, 0, 0, 0, 0, 
      0, 0, 0, 0, 0, 0, 0, 0, 0, 0, 0, 0 ], 
  [ 0, 0, 0, 0, 0, 0, 0, 0, 0, 0, 0, 0, 0, 0, 0, 0, 0, 0, 0, 0, 0, 0, 0, 0, 
      0, 0, 0, 0, 0, 0, 0, 0, 0, 0, 0, 0, 0, 0, 0, 0, 1, 0, 0, 0, 0, 0, 0, 0, 
      0, 0, 0, 0, 0, 0, 0, 0 ], 
  [ 0, 0, 0, 0, 0, 0, 0, 0, 0, 0, 0, 0, 0, 0, 0, 0, 0, 0, 0, 0, 0, 0, 0, 0, 
      0, 0, 0, 0, 0, 0, 0, 0, 0, 0, 0, 0, 0, 0, 0, 0, 0, 0, 0, 0, 1, 0, 0, 0, 
      0, 0, 0, 0, 0, 0, 0, 0 ], 
  [ 0, 0, 0, 0, 0, 0, 0, 0, 0, 0, 0, 0, 0, 0, 0, 0, 0, 0, 0, 0, 0, 0, 0, 0, 
      0, 0, 0, 0, 0, 0, 0, 0, 0, 0, 0, 0, 0, 0, 0, 0, 0, 0, 0, 0, 0, 0, 0, 0, 
      1, 0, 0, 0, 0, 0, 0, 0 ], 
  [ 0, 0, 0, 0, 0, 0, 0, 0, 0, 0, 0, 0, 0, 0, 0, 0, 0, 0, 0, 0, 0, 0, 0, 0, 
      0, 0, 0, 0, 0, 0, 0, 0, 0, 0, 0, 0, 0, 0, 0, 0, 0, 0, 0, 0, 0, 0, 0, 0, 
      0, 1, 0, 0, 0, 0, 0, 0 ], 
  [ 0, 0, 0, 0, 0, 0, 0, 0, 0, 0, 0, 0, 0, 0, 0, 0, 0, 0, 0, 0, 0, 0, 0, 0, 
      0, 0, 0, 0, 0, 0, 0, 0, 0, 0, 0, 0, 0, 0, 0, 0, 0, 0, 0, 0, 0, 0, 0, 0, 
      0, 0, 0, 0, 0, 1, 0, 0 ], 
  [ 0, 0, 0, 0, 0, 0, 0, 0, 0, 0, 0, 0, 0, 0, 0, 0, 0, 0, 0, 0, 0, 0, 0, 0, 
      0, 0, 0, 0, 0, 0, 0, 0, 0, 0, 0, 0, 0, 0, 0, 0, 0, 0, 0, 0, 0, 0, 0, 0, 
      0, 0, 0, 0, 0, 0, 1, 0 ], 
  [ 0, 0, 0, 0, 0, 0, 0, 0, 0, 0, 0, 0, 0, 0, 0, 0, 0, 0, 0, 0, 0, 0, 0, 0, 
      0, 0, 0, 0, 0, 0, 0, 0, 0, 0, 0, 0, 0, 0, 0, 0, 0, 0, 0, 0, 0, 0, 0, 0, 
      0, 0, 0, 0, 0, 0, 0, 1 ] ]

40. Candidate
   Symplectic group: C2^2
   Component: 1; unique C2^2 component
   Projective group ID: [ 16, 6 ]
   Strict linear group ID: [ 48, 24 ]
   Generic index: 1
   Generic full linear containment required: false
   Generic full linear containment verified: true
   Direct known case: false
   Source records: [ "G_s=C_2x_C_2_all_liftable_non-abelian.docx" ]
   Family number within this input: 1
   Strict cubic invariant dimension: 5
   Centralizer dimension: 5
   Expected moduli dimension: 0
   Determinant image order: 4
   Gonzalez status: passed
   Retained: true
   Gonzalez failure statuses: [  ]
   Matrix generators: 
[ 
  [ [ -208/71-477/71*E(4), 234/71+2412/71*E(4), 468/71-3492/71*E(4), 0, 0, 0 ],
      [ -128/71-228/71*E(4), 144/71+1173/71*E(4), 288/71-1712/71*E(4), 0, 0, 
          0 ], 
      [ -60/71-98/71*E(4), 135/142+971/142*E(4), 135/71-696/71*E(4), 0, 0, 0 ]
        , [ 0, 0, 0, 0, 7/2*E(4), 0 ], [ 0, 0, 0, -2/7, 0, 0 ], 
      [ 0, 0, 0, 0, 0, -1 ] ], 
  [ [ 1, 0, 0, 0, 0, 0 ], [ 0, 1, 0, 0, 0, 0 ], [ 0, 0, 1, 0, 0, 0 ], 
      [ 0, 0, 0, 1, 0, 0 ], [ 0, 0, 0, 0, -1, 0 ], [ 0, 0, 0, 0, 0, -1 ] ], 
  [ [ -487/71, 468/71, 936/71, 0, 0, 0 ], [ -256/71, 217/71, 576/71, 0, 0, 0 ]
        , [ -120/71, 135/71, 199/71, 0, 0, 0 ], [ 0, 0, 0, -E(4), 0, 0 ], 
      [ 0, 0, 0, 0, -E(4), 0 ], [ 0, 0, 0, 0, 0, 1 ] ], 
  [ [ 1, 0, 0, 0, 0, 0 ], [ 0, 1, 0, 0, 0, 0 ], [ 0, 0, 1, 0, 0, 0 ], 
      [ 0, 0, 0, -1, 0, 0 ], [ 0, 0, 0, 0, -1, 0 ], [ 0, 0, 0, 0, 0, 1 ] ], 
  [ [ E(3), 0, 0, 0, 0, 0 ], [ 0, E(3), 0, 0, 0, 0 ], [ 0, 0, E(3), 0, 0, 0 ],
      [ 0, 0, 0, E(3), 0, 0 ], [ 0, 0, 0, 0, E(3), 0 ], 
      [ 0, 0, 0, 0, 0, E(3) ] ] ]
   Cubic invariant basis strings: 
[ "(15/52)*x3*x6^2 + (8/13)*x2*x6^2 + x1*x6^2", 
  "(1667/8316)*x3*x5^2 + (497/4752*E(4))*x3*x4^2 + (2029/4158)*x2*x5^2 + (-497\
/2376*E(4))*x2*x4^2 + x1*x5^2", 
  "(-71/101871*E(4))*x3*x5^2 + (1667/8316)*x3*x4^2 + (142/101871*E(4))*x2*x5^2\
 + (2029/4158)*x2*x4^2 + x1*x4^2", 
  "(153565/3147456)*x3^3 + (41929/147537)*x2*x3^2 + (53477/98358)*x2^2*x3 + (5\
0192/147537)*x2^3 + (66893/181584)*x1*x3^2 + (20245/15132)*x1*x2*x3 + (13258/1\
1349)*x1*x2^2 + (67/97)*x1^2*x3 + x1^2*x2", 
  "(-901145/13638976)*x3^3 + (-474439/1278654)*x2*x3^2 + (-144068/213109)*x2^2\
*x3 + (-252544/639327)*x2^3 + (-338719/786864)*x1*x3^2 + (-23030/16393)*x1*x2*\
x3 + (-50192/49179)*x1*x2^2 + (-159/388)*x1^2*x3 + x1^3" ]
   Cubic invariant basis vectors: 
[ [ 0, 0, 0, 0, 0, 0, 0, 0, 0, 0, 15/52, 0, 0, 0, 0, 0, 0, 0, 0, 0, 8/13, 0, 
      0, 0, 0, 0, 0, 0, 0, 0, 0, 0, 0, 0, 0, 1, 0, 0, 0, 0, 0, 0, 0, 0, 0, 0, 
      0, 0, 0, 0, 0, 0, 0, 0, 0, 0 ], 
  [ 0, 0, 0, 0, 0, 0, 0, 0, 0, 0, 0, 0, 1667/8316, 0, 0, 497/4752*E(4), 0, 0, 
      0, 0, 0, 0, 2029/4158, 0, 0, -497/2376*E(4), 0, 0, 0, 0, 0, 0, 0, 0, 0, 
      0, 0, 1, 0, 0, 0, 0, 0, 0, 0, 0, 0, 0, 0, 0, 0, 0, 0, 0, 0, 0 ], 
  [ 0, 0, 0, 0, 0, 0, 0, 0, 0, 0, 0, 0, -71/101871*E(4), 0, 0, 1667/8316, 0, 
      0, 0, 0, 0, 0, 142/101871*E(4), 0, 0, 2029/4158, 0, 0, 0, 0, 0, 0, 0, 
      0, 0, 0, 0, 0, 0, 0, 1, 0, 0, 0, 0, 0, 0, 0, 0, 0, 0, 0, 0, 0, 0, 0 ], 
  [ 0, 0, 0, 0, 0, 0, 0, 0, 0, 0, 0, 0, 0, 0, 0, 0, 0, 0, 0, 153565/3147456, 
      0, 0, 0, 0, 0, 0, 0, 0, 0, 41929/147537, 0, 0, 0, 53477/98358, 
      50192/147537, 0, 0, 0, 0, 0, 0, 0, 0, 0, 66893/181584, 0, 0, 0, 
      20245/15132, 13258/11349, 0, 0, 0, 67/97, 1, 0 ], 
  [ 0, 0, 0, 0, 0, 0, 0, 0, 0, 0, 0, 0, 0, 0, 0, 0, 0, 0, 0, -901145/13638976,
      0, 0, 0, 0, 0, 0, 0, 0, 0, -474439/1278654, 0, 0, 0, -144068/213109, 
      -252544/639327, 0, 0, 0, 0, 0, 0, 0, 0, 0, -338719/786864, 0, 0, 0, 
      -23030/16393, -50192/49179, 0, 0, 0, -159/388, 0, 1 ] ]

41. Candidate
   Symplectic group: C2^2
   Component: 1; unique C2^2 component
   Projective group ID: [ 16, 6 ]
   Strict linear group ID: [ 48, 24 ]
   Generic index: 1
   Generic full linear containment required: false
   Generic full linear containment verified: true
   Direct known case: false
   Source records: [ "G_s=C_2x_C_2_all_liftable_non-abelian.docx" ]
   Family number within this input: 2
   Strict cubic invariant dimension: 5
   Centralizer dimension: 5
   Expected moduli dimension: 0
   Determinant image order: 4
   Gonzalez status: passed
   Retained: true
   Gonzalez failure statuses: [  ]
   Matrix generators: 
[ 
  [ [ 337/523-780/523*E(4), -12/523-78/523*E(4), -453/523+273/523*E(4), 0, 0, 
          0 ], 
      [ -3992/1569+1480/1569*E(4), 1109/1569+148/1569*E(4), 
          6170/1569-518/1569*E(4), 0, 0, 0 ], 
      [ 1748/1569-1780/1569*E(4), 214/1569-178/1569*E(4), 
          -2120/1569+623/1569*E(4), 0, 0, 0 ], [ 0, 0, 0, 0, 7/2*E(4), 0 ], 
      [ 0, 0, 0, -2/7, 0, 0 ], [ 0, 0, 0, 0, 0, -E(4) ] ], 
  [ [ 1, 0, 0, 0, 0, 0 ], [ 0, 1, 0, 0, 0, 0 ], [ 0, 0, 1, 0, 0, 0 ], 
      [ 0, 0, 0, 1, 0, 0 ], [ 0, 0, 0, 0, -1, 0 ], [ 0, 0, 0, 0, 0, -1 ] ], 
  [ [ -1037/523, -156/523, 546/523, 0, 0, 0 ], 
      [ 2960/1569, 1865/1569, -1036/1569, 0, 0, 0 ], 
      [ -3560/1569, -356/1569, 2815/1569, 0, 0, 0 ], [ 0, 0, 0, -E(4), 0, 0 ],
      [ 0, 0, 0, 0, -E(4), 0 ], [ 0, 0, 0, 0, 0, -1 ] ], 
  [ [ 1, 0, 0, 0, 0, 0 ], [ 0, 1, 0, 0, 0, 0 ], [ 0, 0, 1, 0, 0, 0 ], 
      [ 0, 0, 0, -1, 0, 0 ], [ 0, 0, 0, 0, -1, 0 ], [ 0, 0, 0, 0, 0, 1 ] ], 
  [ [ E(3), 0, 0, 0, 0, 0 ], [ 0, E(3), 0, 0, 0, 0 ], [ 0, 0, E(3), 0, 0, 0 ],
      [ 0, 0, 0, E(3), 0, 0 ], [ 0, 0, 0, 0, E(3), 0 ], 
      [ 0, 0, 0, 0, 0, E(3) ] ] ]
   Cubic invariant basis strings: 
[ "(196/99)*x3*x6^2 + (-304/99)*x2*x6^2 + x1*x6^2", 
  "(-356/5733*E(4))*x3*x5^2 + (89/117)*x3*x4^2 + (296/5733*E(4))*x2*x5^2 + (-7\
4/117)*x2*x4^2 + (-4/49*E(4))*x1*x5^2 + x1*x4^2", 
  "(-26185496/47779875)*x3^3 + (-282457061/15926625)*x2*x3^2 + (729251641/1061\
7750)*x2^2*x3 + (38507316911/191119500)*x2^3 + (158309/235950)*x1*x3^2 + (-881\
0993/353925)*x1*x2*x3 + (-52502401/1415700)*x1*x2^2 + x1^2*x3", 
  "(5801116/47779875)*x3^3 + (38876356/15926625)*x2*x3^2 + (-43228018/5308875)\
*x2^2*x3 + (634470761/47779875)*x2^3 + (12029/353925)*x1*x3^2 + (351376/117975\
)*x1*x2*x3 + (-2349851/353925)*x1*x2^2 + x1^2*x2", 
  "(57189196/15926625)*x3^3 + (366281386/5308875)*x2*x3^2 + (-481382233/176962\
5)*x2^2*x3 + (-20675307743/31853250)*x2^3 + (491572/353925)*x1*x3^2 + (3253875\
4/353925)*x1*x2*x3 + (74566139/707850)*x1*x2^2 + x1^3" ]
   Cubic invariant basis vectors: 
[ [ 0, 0, 0, 0, 0, 0, 0, 0, 0, 0, 196/99, 0, 0, 0, 0, 0, 0, 0, 0, 0, -304/99, 
      0, 0, 0, 0, 0, 0, 0, 0, 0, 0, 0, 0, 0, 0, 1, 0, 0, 0, 0, 0, 0, 0, 0, 0, 
      0, 0, 0, 0, 0, 0, 0, 0, 0, 0, 0 ], 
  [ 0, 0, 0, 0, 0, 0, 0, 0, 0, 0, 0, 0, -356/5733*E(4), 0, 0, 89/117, 0, 0, 
      0, 0, 0, 0, 296/5733*E(4), 0, 0, -74/117, 0, 0, 0, 0, 0, 0, 0, 0, 0, 0, 
      0, -4/49*E(4), 0, 0, 1, 0, 0, 0, 0, 0, 0, 0, 0, 0, 0, 0, 0, 0, 0, 0 ], 
  [ 0, 0, 0, 0, 0, 0, 0, 0, 0, 0, 0, 0, 0, 0, 0, 0, 0, 0, 0, 
      -26185496/47779875, 0, 0, 0, 0, 0, 0, 0, 0, 0, -282457061/15926625, 0, 
      0, 0, 729251641/10617750, 38507316911/191119500, 0, 0, 0, 0, 0, 0, 0, 
      0, 0, 158309/235950, 0, 0, 0, -8810993/353925, -52502401/1415700, 0, 0, 
      0, 1, 0, 0 ], 
  [ 0, 0, 0, 0, 0, 0, 0, 0, 0, 0, 0, 0, 0, 0, 0, 0, 0, 0, 0, 5801116/47779875,
      0, 0, 0, 0, 0, 0, 0, 0, 0, 38876356/15926625, 0, 0, 0, 
      -43228018/5308875, 634470761/47779875, 0, 0, 0, 0, 0, 0, 0, 0, 0, 
      12029/353925, 0, 0, 0, 351376/117975, -2349851/353925, 0, 0, 0, 0, 1, 0 
     ], 
  [ 0, 0, 0, 0, 0, 0, 0, 0, 0, 0, 0, 0, 0, 0, 0, 0, 0, 0, 0, 
      57189196/15926625, 0, 0, 0, 0, 0, 0, 0, 0, 0, 366281386/5308875, 0, 0, 
      0, -481382233/1769625, -20675307743/31853250, 0, 0, 0, 0, 0, 0, 0, 0, 
      0, 491572/353925, 0, 0, 0, 32538754/353925, 74566139/707850, 0, 0, 0, 
      0, 0, 1 ] ]

42. Candidate
   Symplectic group: C2^2
   Component: 1; unique C2^2 component
   Projective group ID: [ 16, 6 ]
   Strict linear group ID: [ 48, 24 ]
   Generic index: 1
   Generic full linear containment required: false
   Generic full linear containment verified: true
   Direct known case: false
   Source records: [ "G_s=C_2x_C_2_all_liftable_non-abelian.docx" ]
   Family number within this input: 3
   Strict cubic invariant dimension: 6
   Centralizer dimension: 5
   Expected moduli dimension: 1
   Determinant image order: 4
   Gonzalez status: passed
   Retained: true
   Gonzalez failure statuses: [  ]
   Matrix generators: 
[ 
  [ [ 337/523-780/523*E(4), -12/523-78/523*E(4), -453/523+273/523*E(4), 0, 0, 
          0 ], 
      [ -3992/1569+1480/1569*E(4), 1109/1569+148/1569*E(4), 
          6170/1569-518/1569*E(4), 0, 0, 0 ], 
      [ 1748/1569-1780/1569*E(4), 214/1569-178/1569*E(4), 
          -2120/1569+623/1569*E(4), 0, 0, 0 ], [ 0, 0, 0, 0, 2/7*E(4), 0 ], 
      [ 0, 0, 0, 7/2, 0, 0 ], [ 0, 0, 0, 0, 0, -E(4) ] ], 
  [ [ 1, 0, 0, 0, 0, 0 ], [ 0, 1, 0, 0, 0, 0 ], [ 0, 0, 1, 0, 0, 0 ], 
      [ 0, 0, 0, 1, 0, 0 ], [ 0, 0, 0, 0, -1, 0 ], [ 0, 0, 0, 0, 0, -1 ] ], 
  [ [ -1037/523, -156/523, 546/523, 0, 0, 0 ], 
      [ 2960/1569, 1865/1569, -1036/1569, 0, 0, 0 ], 
      [ -3560/1569, -356/1569, 2815/1569, 0, 0, 0 ], [ 0, 0, 0, E(4), 0, 0 ], 
      [ 0, 0, 0, 0, E(4), 0 ], [ 0, 0, 0, 0, 0, -1 ] ], 
  [ [ 1, 0, 0, 0, 0, 0 ], [ 0, 1, 0, 0, 0, 0 ], [ 0, 0, 1, 0, 0, 0 ], 
      [ 0, 0, 0, -1, 0, 0 ], [ 0, 0, 0, 0, -1, 0 ], [ 0, 0, 0, 0, 0, 1 ] ], 
  [ [ E(3), 0, 0, 0, 0, 0 ], [ 0, E(3), 0, 0, 0, 0 ], [ 0, 0, E(3), 0, 0, 0 ],
      [ 0, 0, 0, E(3), 0, 0 ], [ 0, 0, 0, 0, E(3), 0 ], 
      [ 0, 0, 0, 0, 0, E(3) ] ] ]
   Cubic invariant basis strings: 
[ "x4*x5*x6", "(196/99)*x3*x6^2 + (-304/99)*x2*x6^2 + x1*x6^2", 
  "(-4361/468*E(4))*x3*x5^2 + (89/117)*x3*x4^2 + (1813/234*E(4))*x2*x5^2 + (-7\
4/117)*x2*x4^2 + (-49/4*E(4))*x1*x5^2 + x1*x4^2", 
  "(-26185496/47779875)*x3^3 + (-282457061/15926625)*x2*x3^2 + (729251641/1061\
7750)*x2^2*x3 + (38507316911/191119500)*x2^3 + (158309/235950)*x1*x3^2 + (-881\
0993/353925)*x1*x2*x3 + (-52502401/1415700)*x1*x2^2 + x1^2*x3", 
  "(5801116/47779875)*x3^3 + (38876356/15926625)*x2*x3^2 + (-43228018/5308875)\
*x2^2*x3 + (634470761/47779875)*x2^3 + (12029/353925)*x1*x3^2 + (351376/117975\
)*x1*x2*x3 + (-2349851/353925)*x1*x2^2 + x1^2*x2", 
  "(57189196/15926625)*x3^3 + (366281386/5308875)*x2*x3^2 + (-481382233/176962\
5)*x2^2*x3 + (-20675307743/31853250)*x2^3 + (491572/353925)*x1*x3^2 + (3253875\
4/353925)*x1*x2*x3 + (74566139/707850)*x1*x2^2 + x1^3" ]
   Cubic invariant basis vectors: 
[ [ 0, 0, 0, 0, 0, 1, 0, 0, 0, 0, 0, 0, 0, 0, 0, 0, 0, 0, 0, 0, 0, 0, 0, 0, 
      0, 0, 0, 0, 0, 0, 0, 0, 0, 0, 0, 0, 0, 0, 0, 0, 0, 0, 0, 0, 0, 0, 0, 0, 
      0, 0, 0, 0, 0, 0, 0, 0 ], 
  [ 0, 0, 0, 0, 0, 0, 0, 0, 0, 0, 196/99, 0, 0, 0, 0, 0, 0, 0, 0, 0, -304/99, 
      0, 0, 0, 0, 0, 0, 0, 0, 0, 0, 0, 0, 0, 0, 1, 0, 0, 0, 0, 0, 0, 0, 0, 0, 
      0, 0, 0, 0, 0, 0, 0, 0, 0, 0, 0 ], 
  [ 0, 0, 0, 0, 0, 0, 0, 0, 0, 0, 0, 0, -4361/468*E(4), 0, 0, 89/117, 0, 0, 
      0, 0, 0, 0, 1813/234*E(4), 0, 0, -74/117, 0, 0, 0, 0, 0, 0, 0, 0, 0, 0, 
      0, -49/4*E(4), 0, 0, 1, 0, 0, 0, 0, 0, 0, 0, 0, 0, 0, 0, 0, 0, 0, 0 ], 
  [ 0, 0, 0, 0, 0, 0, 0, 0, 0, 0, 0, 0, 0, 0, 0, 0, 0, 0, 0, 
      -26185496/47779875, 0, 0, 0, 0, 0, 0, 0, 0, 0, -282457061/15926625, 0, 
      0, 0, 729251641/10617750, 38507316911/191119500, 0, 0, 0, 0, 0, 0, 0, 
      0, 0, 158309/235950, 0, 0, 0, -8810993/353925, -52502401/1415700, 0, 0, 
      0, 1, 0, 0 ], 
  [ 0, 0, 0, 0, 0, 0, 0, 0, 0, 0, 0, 0, 0, 0, 0, 0, 0, 0, 0, 5801116/47779875,
      0, 0, 0, 0, 0, 0, 0, 0, 0, 38876356/15926625, 0, 0, 0, 
      -43228018/5308875, 634470761/47779875, 0, 0, 0, 0, 0, 0, 0, 0, 0, 
      12029/353925, 0, 0, 0, 351376/117975, -2349851/353925, 0, 0, 0, 0, 1, 0 
     ], 
  [ 0, 0, 0, 0, 0, 0, 0, 0, 0, 0, 0, 0, 0, 0, 0, 0, 0, 0, 0, 
      57189196/15926625, 0, 0, 0, 0, 0, 0, 0, 0, 0, 366281386/5308875, 0, 0, 
      0, -481382233/1769625, -20675307743/31853250, 0, 0, 0, 0, 0, 0, 0, 0, 
      0, 491572/353925, 0, 0, 0, 32538754/353925, 74566139/707850, 0, 0, 0, 
      0, 0, 1 ] ]

43. Candidate
   Symplectic group: C2^2
   Component: 1; unique C2^2 component
   Projective group ID: [ 16, 6 ]
   Strict linear group ID: [ 48, 24 ]
   Generic index: 1
   Generic full linear containment required: false
   Generic full linear containment verified: true
   Direct known case: false
   Source records: [ "G_s=C_2x_C_2_all_liftable_non-abelian.docx" ]
   Family number within this input: 4
   Strict cubic invariant dimension: 8
   Centralizer dimension: 7
   Expected moduli dimension: 1
   Determinant image order: 4
   Gonzalez status: passed
   Retained: true
   Gonzalez failure statuses: [  ]
   Matrix generators: 
[ 
  [ [ -1037/523, -156/523, 546/523, 0, 0, 0 ], 
      [ 2960/1569, 1865/1569, -1036/1569, 0, 0, 0 ], 
      [ -3560/1569, -356/1569, 2815/1569, 0, 0, 0 ], 
      [ 0, 0, 0, 0, 7/2*E(4), 0 ], [ 0, 0, 0, -2/7, 0, 0 ], 
      [ 0, 0, 0, 0, 0, -1 ] ], 
  [ [ 1, 0, 0, 0, 0, 0 ], [ 0, 1, 0, 0, 0, 0 ], [ 0, 0, 1, 0, 0, 0 ], 
      [ 0, 0, 0, 1, 0, 0 ], [ 0, 0, 0, 0, -1, 0 ], [ 0, 0, 0, 0, 0, -1 ] ], 
  [ [ 1, 0, 0, 0, 0, 0 ], [ 0, 1, 0, 0, 0, 0 ], [ 0, 0, 1, 0, 0, 0 ], 
      [ 0, 0, 0, -E(4), 0, 0 ], [ 0, 0, 0, 0, -E(4), 0 ], 
      [ 0, 0, 0, 0, 0, 1 ] ], 
  [ [ 1, 0, 0, 0, 0, 0 ], [ 0, 1, 0, 0, 0, 0 ], [ 0, 0, 1, 0, 0, 0 ], 
      [ 0, 0, 0, -1, 0, 0 ], [ 0, 0, 0, 0, -1, 0 ], [ 0, 0, 0, 0, 0, 1 ] ], 
  [ [ E(3), 0, 0, 0, 0, 0 ], [ 0, E(3), 0, 0, 0, 0 ], [ 0, 0, E(3), 0, 0, 0 ],
      [ 0, 0, 0, E(3), 0, 0 ], [ 0, 0, 0, 0, E(3), 0 ], 
      [ 0, 0, 0, 0, 0, E(3) ] ] ]
   Cubic invariant basis strings: 
[ "(2/7)*x3*x6^2 + x2*x6^2", 
  "(8/343)*x3^3 + (12/49)*x2*x3^2 + (6/7)*x2^2*x3 + x2^3", 
  "(20/7)*x3*x6^2 + x1*x6^2", 
  "(2815/5733)*x3^3 + (2519/1638)*x2*x3^2 + (-74/117)*x2^2*x3 + (2/7)*x1*x3^2 \
+ x1*x2*x3", 
  "(-1900/40131)*x3^3 + (4322/5733)*x2*x3^2 + (2636/819)*x2^2*x3 + (-4/49)*x1*\
x3^2 + x1*x2^2", 
  "(3501860/670761)*x3^3 + (-79957/95823)*x2*x3^2 + (-5476/13689)*x2^2*x3 + (3\
71/78)*x1*x3^2 + x1^2*x3", 
  "(-9226720/4695327)*x3^3 + (-258946/670761)*x2*x3^2 + (357272/95823)*x2^2*x3\
 + (-53/39)*x1*x3^2 + x1^2*x2", 
  "(-33533200/1565109)*x3^3 + (1599140/223587)*x2*x3^2 + (109520/31941)*x2^2*x\
3 + (-10370/637)*x1*x3^2 + x1^3" ]
   Cubic invariant basis vectors: 
[ [ 0, 0, 0, 0, 0, 0, 0, 0, 0, 0, 2/7, 0, 0, 0, 0, 0, 0, 0, 0, 0, 1, 0, 0, 0, 
      0, 0, 0, 0, 0, 0, 0, 0, 0, 0, 0, 0, 0, 0, 0, 0, 0, 0, 0, 0, 0, 0, 0, 0, 
      0, 0, 0, 0, 0, 0, 0, 0 ], 
  [ 0, 0, 0, 0, 0, 0, 0, 0, 0, 0, 0, 0, 0, 0, 0, 0, 0, 0, 0, 8/343, 0, 0, 0, 
      0, 0, 0, 0, 0, 0, 12/49, 0, 0, 0, 6/7, 1, 0, 0, 0, 0, 0, 0, 0, 0, 0, 0, 
      0, 0, 0, 0, 0, 0, 0, 0, 0, 0, 0 ], 
  [ 0, 0, 0, 0, 0, 0, 0, 0, 0, 0, 20/7, 0, 0, 0, 0, 0, 0, 0, 0, 0, 0, 0, 0, 
      0, 0, 0, 0, 0, 0, 0, 0, 0, 0, 0, 0, 1, 0, 0, 0, 0, 0, 0, 0, 0, 0, 0, 0, 
      0, 0, 0, 0, 0, 0, 0, 0, 0 ], 
  [ 0, 0, 0, 0, 0, 0, 0, 0, 0, 0, 0, 0, 0, 0, 0, 0, 0, 0, 0, 2815/5733, 0, 0, 
      0, 0, 0, 0, 0, 0, 0, 2519/1638, 0, 0, 0, -74/117, 0, 0, 0, 0, 0, 0, 0, 
      0, 0, 0, 2/7, 0, 0, 0, 1, 0, 0, 0, 0, 0, 0, 0 ], 
  [ 0, 0, 0, 0, 0, 0, 0, 0, 0, 0, 0, 0, 0, 0, 0, 0, 0, 0, 0, -1900/40131, 0, 
      0, 0, 0, 0, 0, 0, 0, 0, 4322/5733, 0, 0, 0, 2636/819, 0, 0, 0, 0, 0, 0, 
      0, 0, 0, 0, -4/49, 0, 0, 0, 0, 1, 0, 0, 0, 0, 0, 0 ], 
  [ 0, 0, 0, 0, 0, 0, 0, 0, 0, 0, 0, 0, 0, 0, 0, 0, 0, 0, 0, 3501860/670761, 
      0, 0, 0, 0, 0, 0, 0, 0, 0, -79957/95823, 0, 0, 0, -5476/13689, 0, 0, 0, 
      0, 0, 0, 0, 0, 0, 0, 371/78, 0, 0, 0, 0, 0, 0, 0, 0, 1, 0, 0 ], 
  [ 0, 0, 0, 0, 0, 0, 0, 0, 0, 0, 0, 0, 0, 0, 0, 0, 0, 0, 0, -9226720/4695327,
      0, 0, 0, 0, 0, 0, 0, 0, 0, -258946/670761, 0, 0, 0, 357272/95823, 0, 0, 
      0, 0, 0, 0, 0, 0, 0, 0, -53/39, 0, 0, 0, 0, 0, 0, 0, 0, 0, 1, 0 ], 
  [ 0, 0, 0, 0, 0, 0, 0, 0, 0, 0, 0, 0, 0, 0, 0, 0, 0, 0, 0, 
      -33533200/1565109, 0, 0, 0, 0, 0, 0, 0, 0, 0, 1599140/223587, 0, 0, 0, 
      109520/31941, 0, 0, 0, 0, 0, 0, 0, 0, 0, 0, -10370/637, 0, 0, 0, 0, 0, 
      0, 0, 0, 0, 0, 1 ] ]

44. Candidate
   Symplectic group: C2^2
   Component: 1; unique C2^2 component
   Projective group ID: [ 16, 6 ]
   Strict linear group ID: [ 48, 24 ]
   Generic index: 1
   Generic full linear containment required: false
   Generic full linear containment verified: true
   Direct known case: false
   Source records: [ "G_s=C_2x_C_2_all_liftable_non-abelian.docx" ]
   Family number within this input: 5
   Strict cubic invariant dimension: 13
   Centralizer dimension: 11
   Expected moduli dimension: 2
   Determinant image order: 4
   Gonzalez status: passed
   Retained: true
   Gonzalez failure statuses: [  ]
   Matrix generators: 
[ [ [ 1, 0, 0, 0, 0, 0 ], [ 0, 1, 0, 0, 0, 0 ], [ 0, 0, 1, 0, 0, 0 ], 
      [ 0, 0, 0, 0, 7/2*E(4), 0 ], [ 0, 0, 0, -2/7, 0, 0 ], 
      [ 0, 0, 0, 0, 0, -1 ] ], 
  [ [ 1, 0, 0, 0, 0, 0 ], [ 0, 1, 0, 0, 0, 0 ], [ 0, 0, 1, 0, 0, 0 ], 
      [ 0, 0, 0, 1, 0, 0 ], [ 0, 0, 0, 0, -1, 0 ], [ 0, 0, 0, 0, 0, -1 ] ], 
  [ [ 1, 0, 0, 0, 0, 0 ], [ 0, 1, 0, 0, 0, 0 ], [ 0, 0, 1, 0, 0, 0 ], 
      [ 0, 0, 0, -E(4), 0, 0 ], [ 0, 0, 0, 0, -E(4), 0 ], 
      [ 0, 0, 0, 0, 0, 1 ] ], 
  [ [ 1, 0, 0, 0, 0, 0 ], [ 0, 1, 0, 0, 0, 0 ], [ 0, 0, 1, 0, 0, 0 ], 
      [ 0, 0, 0, -1, 0, 0 ], [ 0, 0, 0, 0, -1, 0 ], [ 0, 0, 0, 0, 0, 1 ] ], 
  [ [ E(3), 0, 0, 0, 0, 0 ], [ 0, E(3), 0, 0, 0, 0 ], [ 0, 0, E(3), 0, 0, 0 ],
      [ 0, 0, 0, E(3), 0, 0 ], [ 0, 0, 0, 0, E(3), 0 ], 
      [ 0, 0, 0, 0, 0, E(3) ] ] ]
   Cubic invariant basis strings: [ "x3*x6^2", "x3^3", "x2*x6^2", "x2*x3^2", 
  "x2^2*x3", "x2^3", "x1*x6^2", "x1*x3^2", "x1*x2*x3", "x1*x2^2", "x1^2*x3", 
  "x1^2*x2", "x1^3" ]
   Cubic invariant basis vectors: 
[ [ 0, 0, 0, 0, 0, 0, 0, 0, 0, 0, 1, 0, 0, 0, 0, 0, 0, 0, 0, 0, 0, 0, 0, 0, 
      0, 0, 0, 0, 0, 0, 0, 0, 0, 0, 0, 0, 0, 0, 0, 0, 0, 0, 0, 0, 0, 0, 0, 0, 
      0, 0, 0, 0, 0, 0, 0, 0 ], 
  [ 0, 0, 0, 0, 0, 0, 0, 0, 0, 0, 0, 0, 0, 0, 0, 0, 0, 0, 0, 1, 0, 0, 0, 0, 
      0, 0, 0, 0, 0, 0, 0, 0, 0, 0, 0, 0, 0, 0, 0, 0, 0, 0, 0, 0, 0, 0, 0, 0, 
      0, 0, 0, 0, 0, 0, 0, 0 ], 
  [ 0, 0, 0, 0, 0, 0, 0, 0, 0, 0, 0, 0, 0, 0, 0, 0, 0, 0, 0, 0, 1, 0, 0, 0, 
      0, 0, 0, 0, 0, 0, 0, 0, 0, 0, 0, 0, 0, 0, 0, 0, 0, 0, 0, 0, 0, 0, 0, 0, 
      0, 0, 0, 0, 0, 0, 0, 0 ], 
  [ 0, 0, 0, 0, 0, 0, 0, 0, 0, 0, 0, 0, 0, 0, 0, 0, 0, 0, 0, 0, 0, 0, 0, 0, 
      0, 0, 0, 0, 0, 1, 0, 0, 0, 0, 0, 0, 0, 0, 0, 0, 0, 0, 0, 0, 0, 0, 0, 0, 
      0, 0, 0, 0, 0, 0, 0, 0 ], 
  [ 0, 0, 0, 0, 0, 0, 0, 0, 0, 0, 0, 0, 0, 0, 0, 0, 0, 0, 0, 0, 0, 0, 0, 0, 
      0, 0, 0, 0, 0, 0, 0, 0, 0, 1, 0, 0, 0, 0, 0, 0, 0, 0, 0, 0, 0, 0, 0, 0, 
      0, 0, 0, 0, 0, 0, 0, 0 ], 
  [ 0, 0, 0, 0, 0, 0, 0, 0, 0, 0, 0, 0, 0, 0, 0, 0, 0, 0, 0, 0, 0, 0, 0, 0, 
      0, 0, 0, 0, 0, 0, 0, 0, 0, 0, 1, 0, 0, 0, 0, 0, 0, 0, 0, 0, 0, 0, 0, 0, 
      0, 0, 0, 0, 0, 0, 0, 0 ], 
  [ 0, 0, 0, 0, 0, 0, 0, 0, 0, 0, 0, 0, 0, 0, 0, 0, 0, 0, 0, 0, 0, 0, 0, 0, 
      0, 0, 0, 0, 0, 0, 0, 0, 0, 0, 0, 1, 0, 0, 0, 0, 0, 0, 0, 0, 0, 0, 0, 0, 
      0, 0, 0, 0, 0, 0, 0, 0 ], 
  [ 0, 0, 0, 0, 0, 0, 0, 0, 0, 0, 0, 0, 0, 0, 0, 0, 0, 0, 0, 0, 0, 0, 0, 0, 
      0, 0, 0, 0, 0, 0, 0, 0, 0, 0, 0, 0, 0, 0, 0, 0, 0, 0, 0, 0, 1, 0, 0, 0, 
      0, 0, 0, 0, 0, 0, 0, 0 ], 
  [ 0, 0, 0, 0, 0, 0, 0, 0, 0, 0, 0, 0, 0, 0, 0, 0, 0, 0, 0, 0, 0, 0, 0, 0, 
      0, 0, 0, 0, 0, 0, 0, 0, 0, 0, 0, 0, 0, 0, 0, 0, 0, 0, 0, 0, 0, 0, 0, 0, 
      1, 0, 0, 0, 0, 0, 0, 0 ], 
  [ 0, 0, 0, 0, 0, 0, 0, 0, 0, 0, 0, 0, 0, 0, 0, 0, 0, 0, 0, 0, 0, 0, 0, 0, 
      0, 0, 0, 0, 0, 0, 0, 0, 0, 0, 0, 0, 0, 0, 0, 0, 0, 0, 0, 0, 0, 0, 0, 0, 
      0, 1, 0, 0, 0, 0, 0, 0 ], 
  [ 0, 0, 0, 0, 0, 0, 0, 0, 0, 0, 0, 0, 0, 0, 0, 0, 0, 0, 0, 0, 0, 0, 0, 0, 
      0, 0, 0, 0, 0, 0, 0, 0, 0, 0, 0, 0, 0, 0, 0, 0, 0, 0, 0, 0, 0, 0, 0, 0, 
      0, 0, 0, 0, 0, 1, 0, 0 ], 
  [ 0, 0, 0, 0, 0, 0, 0, 0, 0, 0, 0, 0, 0, 0, 0, 0, 0, 0, 0, 0, 0, 0, 0, 0, 
      0, 0, 0, 0, 0, 0, 0, 0, 0, 0, 0, 0, 0, 0, 0, 0, 0, 0, 0, 0, 0, 0, 0, 0, 
      0, 0, 0, 0, 0, 0, 1, 0 ], 
  [ 0, 0, 0, 0, 0, 0, 0, 0, 0, 0, 0, 0, 0, 0, 0, 0, 0, 0, 0, 0, 0, 0, 0, 0, 
      0, 0, 0, 0, 0, 0, 0, 0, 0, 0, 0, 0, 0, 0, 0, 0, 0, 0, 0, 0, 0, 0, 0, 0, 
      0, 0, 0, 0, 0, 0, 0, 1 ] ]

45. Candidate
   Symplectic group: C2^2
   Component: 1; unique C2^2 component
   Projective group ID: [ 24, 13 ]
   Strict linear group ID: [ 72, 47 ]
   Generic index: 1
   Generic full linear containment required: false
   Generic full linear containment verified: true
   Direct known case: false
   Source records: [ "G_s=C_2x_C_2_all_liftable_non-abelian.docx" ]
   Family number within this input: 1
   Strict cubic invariant dimension: 7
   Centralizer dimension: 6
   Expected moduli dimension: 1
   Determinant image order: 6
   Gonzalez status: passed
   Retained: true
   Gonzalez failure statuses: [  ]
   Matrix generators: 
[ 
  [ [ 443/523, 90/523, 180/523, 0, 0, 0 ], 
      [ 2512/1569, -419/523, -1884/523, 0, 0, 0 ], 
      [ 32/1569, -12/523, 499/523, 0, 0, 0 ], [ 0, 0, 0, 1, 0, 0 ], 
      [ 0, 0, 0, 0, 1, 0 ], [ 0, 0, 0, 0, 0, 1 ] ], 
  [ 
      [ 40/523*E(3)+483/523*E(3)^2, -45/523*E(3)+45/523*E(3)^2, 
          -90/523*E(3)+90/523*E(3)^2, 0, 0, 0 ], 
      [ -1256/1569*E(3)+1256/1569*E(3)^2, 471/523*E(3)+52/523*E(3)^2, 
          942/523*E(3)-942/523*E(3)^2, 0, 0, 0 ], 
      [ -16/1569*E(3)+16/1569*E(3)^2, 6/523*E(3)-6/523*E(3)^2, 
          12/523*E(3)+511/523*E(3)^2, 0, 0, 0 ], 
      [ 0, 0, 0, 0, 8/7*E(3)^2, 0 ], [ 0, 0, 0, 0, 0, 1/4*E(3)^2 ], 
      [ 0, 0, 0, 7/2*E(3)^2, 0, 0 ] ], 
  [ [ 1, 0, 0, 0, 0, 0 ], [ 0, 1, 0, 0, 0, 0 ], [ 0, 0, 1, 0, 0, 0 ], 
      [ 0, 0, 0, -1, 0, 0 ], [ 0, 0, 0, 0, 1, 0 ], [ 0, 0, 0, 0, 0, -1 ] ], 
  [ [ 1, 0, 0, 0, 0, 0 ], [ 0, 1, 0, 0, 0, 0 ], [ 0, 0, 1, 0, 0, 0 ], 
      [ 0, 0, 0, -1, 0, 0 ], [ 0, 0, 0, 0, -1, 0 ], [ 0, 0, 0, 0, 0, 1 ] ], 
  [ [ E(3), 0, 0, 0, 0, 0 ], [ 0, E(3), 0, 0, 0, 0 ], [ 0, 0, E(3), 0, 0, 0 ],
      [ 0, 0, 0, E(3), 0, 0 ], [ 0, 0, 0, 0, E(3), 0 ], 
      [ 0, 0, 0, 0, 0, E(3) ] ] ]
   Cubic invariant basis strings: 
[ "x4*x5*x6", 
  "(-49/8)*x3*x6^2 + (-49/128)*x3*x5^2 + (-1/2)*x3*x4^2 + (49/4)*x2*x6^2 + (49\
/64)*x2*x5^2 + x2*x4^2", "(-1/8)*x3^3 + (3/4)*x2*x3^2 + (-3/2)*x2^2*x3 + x2^3"
    , 
  "(49/9)*x3*x6^2 + (49/144)*x3*x5^2 + (4/9)*x3*x4^2 + (49/4)*x1*x6^2 + (49/64\
)*x1*x5^2 + x1*x4^2", 
  "(1/9)*x3^3 + (-4/9)*x2*x3^2 + (4/9)*x2^2*x3 + (1/4)*x1*x3^2 + -x1*x2*x3 + x\
1*x2^2", 
  "(-8/81)*x3^3 + (16/81)*x2*x3^2 + (-4/9)*x1*x3^2 + (8/9)*x1*x2*x3 + (-1/2)*x\
1^2*x3 + x1^2*x2", "(64/729)*x3^3 + (16/27)*x1*x3^2 + (4/3)*x1^2*x3 + x1^3" ]
   Cubic invariant basis vectors: 
[ [ 0, 0, 0, 0, 0, 1, 0, 0, 0, 0, 0, 0, 0, 0, 0, 0, 0, 0, 0, 0, 0, 0, 0, 0, 
      0, 0, 0, 0, 0, 0, 0, 0, 0, 0, 0, 0, 0, 0, 0, 0, 0, 0, 0, 0, 0, 0, 0, 0, 
      0, 0, 0, 0, 0, 0, 0, 0 ], 
  [ 0, 0, 0, 0, 0, 0, 0, 0, 0, 0, -49/8, 0, -49/128, 0, 0, -1/2, 0, 0, 0, 0, 
      49/4, 0, 49/64, 0, 0, 1, 0, 0, 0, 0, 0, 0, 0, 0, 0, 0, 0, 0, 0, 0, 0, 
      0, 0, 0, 0, 0, 0, 0, 0, 0, 0, 0, 0, 0, 0, 0 ], 
  [ 0, 0, 0, 0, 0, 0, 0, 0, 0, 0, 0, 0, 0, 0, 0, 0, 0, 0, 0, -1/8, 0, 0, 0, 
      0, 0, 0, 0, 0, 0, 3/4, 0, 0, 0, -3/2, 1, 0, 0, 0, 0, 0, 0, 0, 0, 0, 0, 
      0, 0, 0, 0, 0, 0, 0, 0, 0, 0, 0 ], 
  [ 0, 0, 0, 0, 0, 0, 0, 0, 0, 0, 49/9, 0, 49/144, 0, 0, 4/9, 0, 0, 0, 0, 0, 
      0, 0, 0, 0, 0, 0, 0, 0, 0, 0, 0, 0, 0, 0, 49/4, 0, 49/64, 0, 0, 1, 0, 
      0, 0, 0, 0, 0, 0, 0, 0, 0, 0, 0, 0, 0, 0 ], 
  [ 0, 0, 0, 0, 0, 0, 0, 0, 0, 0, 0, 0, 0, 0, 0, 0, 0, 0, 0, 1/9, 0, 0, 0, 0, 
      0, 0, 0, 0, 0, -4/9, 0, 0, 0, 4/9, 0, 0, 0, 0, 0, 0, 0, 0, 0, 0, 1/4, 
      0, 0, 0, -1, 1, 0, 0, 0, 0, 0, 0 ], 
  [ 0, 0, 0, 0, 0, 0, 0, 0, 0, 0, 0, 0, 0, 0, 0, 0, 0, 0, 0, -8/81, 0, 0, 0, 
      0, 0, 0, 0, 0, 0, 16/81, 0, 0, 0, 0, 0, 0, 0, 0, 0, 0, 0, 0, 0, 0, 
      -4/9, 0, 0, 0, 8/9, 0, 0, 0, 0, -1/2, 1, 0 ], 
  [ 0, 0, 0, 0, 0, 0, 0, 0, 0, 0, 0, 0, 0, 0, 0, 0, 0, 0, 0, 64/729, 0, 0, 0, 
      0, 0, 0, 0, 0, 0, 0, 0, 0, 0, 0, 0, 0, 0, 0, 0, 0, 0, 0, 0, 0, 16/27, 
      0, 0, 0, 0, 0, 0, 0, 0, 4/3, 0, 1 ] ]

46. Candidate
   Symplectic group: C2^2
   Component: 1; unique C2^2 component
   Projective group ID: [ 24, 13 ]
   Strict linear group ID: [ 72, 47 ]
   Generic index: 1
   Generic full linear containment required: false
   Generic full linear containment verified: true
   Direct known case: false
   Source records: [ "G_s=C_2x_C_2_all_liftable_non-abelian.docx" ]
   Family number within this input: 2
   Strict cubic invariant dimension: 6
   Centralizer dimension: 4
   Expected moduli dimension: 2
   Determinant image order: 6
   Gonzalez status: passed
   Retained: true
   Gonzalez failure statuses: [  ]
   Matrix generators: 
[ 
  [ [ -1037/523, -156/523, 546/523, 0, 0, 0 ], 
      [ 2960/1569, 1865/1569, -1036/1569, 0, 0, 0 ], 
      [ -3560/1569, -356/1569, 2815/1569, 0, 0, 0 ], [ 0, 0, 0, 1, 0, 0 ], 
      [ 0, 0, 0, 0, 1, 0 ], [ 0, 0, 0, 0, 0, 1 ] ], 
  [ 
      [ 40/523*E(3)+483/523*E(3)^2, -45/523*E(3)+45/523*E(3)^2, 
          -90/523*E(3)+90/523*E(3)^2, 0, 0, 0 ], 
      [ -1256/1569*E(3)+1256/1569*E(3)^2, 471/523*E(3)+52/523*E(3)^2, 
          942/523*E(3)-942/523*E(3)^2, 0, 0, 0 ], 
      [ -16/1569*E(3)+16/1569*E(3)^2, 6/523*E(3)-6/523*E(3)^2, 
          12/523*E(3)+511/523*E(3)^2, 0, 0, 0 ], 
      [ 0, 0, 0, 0, 8/7*E(3)^2, 0 ], [ 0, 0, 0, 0, 0, 1/4*E(3)^2 ], 
      [ 0, 0, 0, 7/2*E(3)^2, 0, 0 ] ], 
  [ [ 1, 0, 0, 0, 0, 0 ], [ 0, 1, 0, 0, 0, 0 ], [ 0, 0, 1, 0, 0, 0 ], 
      [ 0, 0, 0, -1, 0, 0 ], [ 0, 0, 0, 0, 1, 0 ], [ 0, 0, 0, 0, 0, -1 ] ], 
  [ [ 1, 0, 0, 0, 0, 0 ], [ 0, 1, 0, 0, 0, 0 ], [ 0, 0, 1, 0, 0, 0 ], 
      [ 0, 0, 0, -1, 0, 0 ], [ 0, 0, 0, 0, -1, 0 ], [ 0, 0, 0, 0, 0, 1 ] ], 
  [ [ E(3), 0, 0, 0, 0, 0 ], [ 0, E(3), 0, 0, 0, 0 ], [ 0, 0, E(3), 0, 0, 0 ],
      [ 0, 0, 0, E(3), 0, 0 ], [ 0, 0, 0, 0, E(3), 0 ], 
      [ 0, 0, 0, 0, 0, E(3) ] ] ]
   Cubic invariant basis strings: 
[ "x4*x5*x6", 
  "(-16736/1485*E(3)-30304/1485*E(3)^2)*x3*x6^2 + (-848/1485*E(3)-1894/1485*E(\
3)^2)*x3*x5^2 + (-66944/72765*E(3)-133888/72765*E(3)^2)*x3*x4^2 + (-58576/1485\
*E(3)+131536/1485*E(3)^2)*x2*x6^2 + (11882/1485*E(3)+8221/1485*E(3)^2)*x2*x5^2\
 + (-33472/10395*E(3)-66944/10395*E(3)^2)*x2*x4^2 + (-16*E(3)^2)*x1*x6^2 + x1*\
x5^2", 
  "(-46403/2970*E(3)-25627/2970*E(3)^2)*x3*x6^2 + (-25627/23760*E(3)-25627/475\
20*E(3)^2)*x3*x5^2 + (-1894/1485*E(3)-848/1485*E(3)^2)*x3*x4^2 + (402829/5940*\
E(3)-179389/5940*E(3)^2)*x2*x6^2 + (-179389/47520*E(3)-179389/95040*E(3)^2)*x2\
*x5^2 + (8221/1485*E(3)+11882/1485*E(3)^2)*x2*x4^2 + (-49/4*E(3))*x1*x6^2 + x1\
*x4^2", 
  "(228268102/105115725)*x3^3 + (-367980968/35038575)*x2*x3^2 + (226173004/116\
79525)*x2^2*x3 + (5978493542/105115725)*x2^3 + (132287/47190)*x1*x3^2 + (-7056\
34/70785)*x1*x2*x3 + (-776132/70785)*x1*x2^2 + x1^2*x3", 
  "(-28444924/105115725)*x3^3 + (16332772/11679525)*x2*x3^2 + (-36222194/35038\
575)*x2^2*x3 + (3586903171/105115725)*x2^3 + (-19351/70785)*x1*x3^2 + (58528/7\
0785)*x1*x2*x3 + (-245497/23595)*x1*x2^2 + x1^2*x2", 
  "(-802112536/105115725)*x3^3 + (1371795424/35038575)*x2*x3^2 + (-2401375216/\
35038575)*x2^2*x3 + (-5509208456/105115725)*x2^3 + (-524474/70785)*x1*x3^2 + (\
2148232/70785)*x1*x2*x3 + (-172544/70785)*x1*x2^2 + x1^3" ]
   Cubic invariant basis vectors: 
[ [ 0, 0, 0, 0, 0, 1, 0, 0, 0, 0, 0, 0, 0, 0, 0, 0, 0, 0, 0, 0, 0, 0, 0, 0, 
      0, 0, 0, 0, 0, 0, 0, 0, 0, 0, 0, 0, 0, 0, 0, 0, 0, 0, 0, 0, 0, 0, 0, 0, 
      0, 0, 0, 0, 0, 0, 0, 0 ], 
  [ 0, 0, 0, 0, 0, 0, 0, 0, 0, 0, -16736/1485*E(3)-30304/1485*E(3)^2, 0, 
      -848/1485*E(3)-1894/1485*E(3)^2, 0, 0, 
      -66944/72765*E(3)-133888/72765*E(3)^2, 0, 0, 0, 0, 
      -58576/1485*E(3)+131536/1485*E(3)^2, 0, 11882/1485*E(3)+8221/1485*E(3)^2
        , 0, 0, -33472/10395*E(3)-66944/10395*E(3)^2, 0, 0, 0, 0, 0, 0, 0, 0, 
      0, -16*E(3)^2, 0, 1, 0, 0, 0, 0, 0, 0, 0, 0, 0, 0, 0, 0, 0, 0, 0, 0, 0, 
      0 ], 
  [ 0, 0, 0, 0, 0, 0, 0, 0, 0, 0, -46403/2970*E(3)-25627/2970*E(3)^2, 0, 
      -25627/23760*E(3)-25627/47520*E(3)^2, 0, 0, 
      -1894/1485*E(3)-848/1485*E(3)^2, 0, 0, 0, 0, 
      402829/5940*E(3)-179389/5940*E(3)^2, 0, 
      -179389/47520*E(3)-179389/95040*E(3)^2, 0, 0, 
      8221/1485*E(3)+11882/1485*E(3)^2, 0, 0, 0, 0, 0, 0, 0, 0, 0, 
      -49/4*E(3), 0, 0, 0, 0, 1, 0, 0, 0, 0, 0, 0, 0, 0, 0, 0, 0, 0, 0, 0, 0 ]
    , 
  [ 0, 0, 0, 0, 0, 0, 0, 0, 0, 0, 0, 0, 0, 0, 0, 0, 0, 0, 0, 
      228268102/105115725, 0, 0, 0, 0, 0, 0, 0, 0, 0, -367980968/35038575, 0, 
      0, 0, 226173004/11679525, 5978493542/105115725, 0, 0, 0, 0, 0, 0, 0, 0, 
      0, 132287/47190, 0, 0, 0, -705634/70785, -776132/70785, 0, 0, 0, 1, 0, 
      0 ], 
  [ 0, 0, 0, 0, 0, 0, 0, 0, 0, 0, 0, 0, 0, 0, 0, 0, 0, 0, 0, 
      -28444924/105115725, 0, 0, 0, 0, 0, 0, 0, 0, 0, 16332772/11679525, 0, 
      0, 0, -36222194/35038575, 3586903171/105115725, 0, 0, 0, 0, 0, 0, 0, 0, 
      0, -19351/70785, 0, 0, 0, 58528/70785, -245497/23595, 0, 0, 0, 0, 1, 0 ]
    , 
  [ 0, 0, 0, 0, 0, 0, 0, 0, 0, 0, 0, 0, 0, 0, 0, 0, 0, 0, 0, 
      -802112536/105115725, 0, 0, 0, 0, 0, 0, 0, 0, 0, 1371795424/35038575, 
      0, 0, 0, -2401375216/35038575, -5509208456/105115725, 0, 0, 0, 0, 0, 0, 
      0, 0, 0, -524474/70785, 0, 0, 0, 2148232/70785, -172544/70785, 0, 0, 0, 
      0, 0, 1 ] ]

47. Candidate
   Symplectic group: C2^2
   Component: 1; unique C2^2 component
   Projective group ID: [ 24, 13 ]
   Strict linear group ID: [ 72, 47 ]
   Generic index: 1
   Generic full linear containment required: false
   Generic full linear containment verified: true
   Direct known case: false
   Source records: [ "G_s=C_2x_C_2_all_liftable_non-abelian.docx" ]
   Family number within this input: 3
   Strict cubic invariant dimension: 8
   Centralizer dimension: 6
   Expected moduli dimension: 2
   Determinant image order: 6
   Gonzalez status: passed
   Retained: true
   Gonzalez failure statuses: [  ]
   Matrix generators: 
[ [ [ 1, 0, 0, 0, 0, 0 ], [ 0, 1, 0, 0, 0, 0 ], [ 0, 0, 1, 0, 0, 0 ], 
      [ 0, 0, 0, -1, 0, 0 ], [ 0, 0, 0, 0, -1, 0 ], [ 0, 0, 0, 0, 0, -1 ] ], 
  [ [ 40/523*E(3)+483/523*E(3)^2, -45/523*E(3)+45/523*E(3)^2, 
          -90/523*E(3)+90/523*E(3)^2, 0, 0, 0 ], 
      [ -1256/1569*E(3)+1256/1569*E(3)^2, 471/523*E(3)+52/523*E(3)^2, 
          942/523*E(3)-942/523*E(3)^2, 0, 0, 0 ], 
      [ -16/1569*E(3)+16/1569*E(3)^2, 6/523*E(3)-6/523*E(3)^2, 
          12/523*E(3)+511/523*E(3)^2, 0, 0, 0 ], [ 0, 0, 0, 0, -2/7, 0 ], 
      [ 0, 0, 0, 0, 0, -4*E(3) ], [ 0, 0, 0, 7/8*E(3)^2, 0, 0 ] ], 
  [ [ 1, 0, 0, 0, 0, 0 ], [ 0, 1, 0, 0, 0, 0 ], [ 0, 0, 1, 0, 0, 0 ], 
      [ 0, 0, 0, -1, 0, 0 ], [ 0, 0, 0, 0, 1, 0 ], [ 0, 0, 0, 0, 0, -1 ] ], 
  [ [ 1, 0, 0, 0, 0, 0 ], [ 0, 1, 0, 0, 0, 0 ], [ 0, 0, 1, 0, 0, 0 ], 
      [ 0, 0, 0, -1, 0, 0 ], [ 0, 0, 0, 0, -1, 0 ], [ 0, 0, 0, 0, 0, 1 ] ], 
  [ [ E(3), 0, 0, 0, 0, 0 ], [ 0, E(3), 0, 0, 0, 0 ], [ 0, 0, E(3), 0, 0, 0 ],
      [ 0, 0, 0, E(3), 0, 0 ], [ 0, 0, 0, 0, E(3), 0 ], 
      [ 0, 0, 0, 0, 0, E(3) ] ] ]
   Cubic invariant basis strings: 
[ 
  "(-49/128)*x3*x6^2 + (-49/8*E(3))*x3*x5^2 + (-1/2)*x3*x4^2 + (49/64)*x2*x6^2 \
+ (49/4*E(3))*x2*x5^2 + x2*x4^2", 
  "(-1/8)*x3^3 + (3/4)*x2*x3^2 + (-3/2)*x2^2*x3 + x2^3", 
  "(-487/4320*E(3)+523/4320*E(3)^2)*x3*x6^2 + (-487/270*E(3)-101/27*E(3)^2)*x3\
*x5^2 + (-1046/6615*E(3)+1046/6615*E(3)^2)*x3*x4^2 + (157/240*E(3))*x2*x6^2 + \
(-157/15)*x2*x5^2 + (-1/16*E(3))*x1*x6^2 + x1*x5^2", 
  "(19747/17280*E(3)+4361/1728*E(3)^2)*x3*x6^2 + (-4361/108*E(3)-25627/1080*E(\
3)^2)*x3*x5^2 + (403/270*E(3)+463/135*E(3)^2)*x3*x4^2 + (-7693/960*E(3)^2)*x2*\
x6^2 + (7693/60*E(3))*x2*x5^2 + (-49/64*E(3))*x1*x6^2 + x1*x4^2", 
  "(1/9)*x3^3 + (-4/9)*x2*x3^2 + (4/9)*x2^2*x3 + (1/4)*x1*x3^2 + -x1*x2*x3 + x\
1*x2^2", 
  "(255133/24300)*x3^3 + (-78343/1350)*x2*x3^2 + (24649/225)*x2^2*x3 + (499/90\
)*x1*x3^2 + (-314/15)*x1*x2*x3 + x1^2*x3", 
  "(250333/48600)*x3^3 + (-233429/8100)*x2*x3^2 + (24649/450)*x2^2*x3 + (419/1\
80)*x1*x3^2 + (-431/45)*x1*x2*x3 + x1^2*x2", 
  "(-84511/6075)*x3^3 + (156686/2025)*x2*x3^2 + (-98596/675)*x2^2*x3 + (-34/5)\
*x1*x3^2 + (1256/45)*x1*x2*x3 + x1^3" ]
   Cubic invariant basis vectors: 
[ [ 0, 0, 0, 0, 0, 0, 0, 0, 0, 0, -49/128, 0, -49/8*E(3), 0, 0, -1/2, 0, 0, 
      0, 0, 49/64, 0, 49/4*E(3), 0, 0, 1, 0, 0, 0, 0, 0, 0, 0, 0, 0, 0, 0, 0, 
      0, 0, 0, 0, 0, 0, 0, 0, 0, 0, 0, 0, 0, 0, 0, 0, 0, 0 ], 
  [ 0, 0, 0, 0, 0, 0, 0, 0, 0, 0, 0, 0, 0, 0, 0, 0, 0, 0, 0, -1/8, 0, 0, 0, 
      0, 0, 0, 0, 0, 0, 3/4, 0, 0, 0, -3/2, 1, 0, 0, 0, 0, 0, 0, 0, 0, 0, 0, 
      0, 0, 0, 0, 0, 0, 0, 0, 0, 0, 0 ], 
  [ 0, 0, 0, 0, 0, 0, 0, 0, 0, 0, -487/4320*E(3)+523/4320*E(3)^2, 0, 
      -487/270*E(3)-101/27*E(3)^2, 0, 0, -1046/6615*E(3)+1046/6615*E(3)^2, 0, 
      0, 0, 0, 157/240*E(3), 0, -157/15, 0, 0, 0, 0, 0, 0, 0, 0, 0, 0, 0, 0, 
      -1/16*E(3), 0, 1, 0, 0, 0, 0, 0, 0, 0, 0, 0, 0, 0, 0, 0, 0, 0, 0, 0, 0 ]
    , [ 0, 0, 0, 0, 0, 0, 0, 0, 0, 0, 19747/17280*E(3)+4361/1728*E(3)^2, 0, 
      -4361/108*E(3)-25627/1080*E(3)^2, 0, 0, 403/270*E(3)+463/135*E(3)^2, 0, 
      0, 0, 0, -7693/960*E(3)^2, 0, 7693/60*E(3), 0, 0, 0, 0, 0, 0, 0, 0, 0, 
      0, 0, 0, -49/64*E(3), 0, 0, 0, 0, 1, 0, 0, 0, 0, 0, 0, 0, 0, 0, 0, 0, 
      0, 0, 0, 0 ], 
  [ 0, 0, 0, 0, 0, 0, 0, 0, 0, 0, 0, 0, 0, 0, 0, 0, 0, 0, 0, 1/9, 0, 0, 0, 0, 
      0, 0, 0, 0, 0, -4/9, 0, 0, 0, 4/9, 0, 0, 0, 0, 0, 0, 0, 0, 0, 0, 1/4, 
      0, 0, 0, -1, 1, 0, 0, 0, 0, 0, 0 ], 
  [ 0, 0, 0, 0, 0, 0, 0, 0, 0, 0, 0, 0, 0, 0, 0, 0, 0, 0, 0, 255133/24300, 0, 
      0, 0, 0, 0, 0, 0, 0, 0, -78343/1350, 0, 0, 0, 24649/225, 0, 0, 0, 0, 0, 
      0, 0, 0, 0, 0, 499/90, 0, 0, 0, -314/15, 0, 0, 0, 0, 1, 0, 0 ], 
  [ 0, 0, 0, 0, 0, 0, 0, 0, 0, 0, 0, 0, 0, 0, 0, 0, 0, 0, 0, 250333/48600, 0, 
      0, 0, 0, 0, 0, 0, 0, 0, -233429/8100, 0, 0, 0, 24649/450, 0, 0, 0, 0, 
      0, 0, 0, 0, 0, 0, 419/180, 0, 0, 0, -431/45, 0, 0, 0, 0, 0, 1, 0 ], 
  [ 0, 0, 0, 0, 0, 0, 0, 0, 0, 0, 0, 0, 0, 0, 0, 0, 0, 0, 0, -84511/6075, 0, 
      0, 0, 0, 0, 0, 0, 0, 0, 156686/2025, 0, 0, 0, -98596/675, 0, 0, 0, 0, 
      0, 0, 0, 0, 0, 0, -34/5, 0, 0, 0, 1256/45, 0, 0, 0, 0, 0, 0, 1 ] ]

48. Candidate
   Symplectic group: C2^2
   Component: 1; unique C2^2 component
   Projective group ID: [ 24, 13 ]
   Strict linear group ID: [ 72, 16 ]
   Generic index: 1
   Generic full linear containment required: false
   Generic full linear containment verified: true
   Direct known case: false
   Source records: [ "G_s=C_2x_C_2_all_liftable_non-abelian.docx" ]
   Family number within this input: 4
   Strict cubic invariant dimension: 4
   Centralizer dimension: 4
   Expected moduli dimension: 0
   Determinant image order: 6
   Gonzalez status: rejected
   Retained: false
   Gonzalez failure statuses: [ "forbidden_strict_invariant_spectrum", 
  "forbidden_strict_invariant_spectrum", "forbidden_strict_invariant_spectrum"
    , "forbidden_strict_invariant_spectrum", 
  "forbidden_strict_invariant_spectrum", 
  "forbidden_strict_invariant_spectrum" ]
   Matrix generators: 
[ 
  [ [ 1117/523, 66/523, -726/523, 0, 0, 0 ], 
      [ -1824/523, 961/1569, 6688/1569, 0, 0, 0 ], 
      [ 1176/523, 392/1569, -2743/1569, 0, 0, 0 ], [ 0, 0, 0, 1, 0, 0 ], 
      [ 0, 0, 0, 0, 1, 0 ], [ 0, 0, 0, 0, 0, 1 ] ], 
  [ [ -780/523*E(9)^2-1037/523*E(9)^5, -78/523*E(9)^2-156/523*E(9)^5, 
          273/523*E(9)^2+546/523*E(9)^5, 0, 0, 0 ], 
      [ 1480/1569*E(9)^2+2960/1569*E(9)^5, 148/1569*E(9)^2+1865/1569*E(9)^5, 
          -518/1569*E(9)^2-1036/1569*E(9)^5, 0, 0, 0 ], 
      [ -1780/1569*E(9)^2-3560/1569*E(9)^5, -178/1569*E(9)^2-356/1569*E(9)^5, 
          623/1569*E(9)^2+2815/1569*E(9)^5, 0, 0, 0 ], 
      [ 0, 0, 0, 0, -7/8, 0 ], [ 0, 0, 0, 0, 0, 2/7 ], 
      [ 0, 0, 0, -4*E(3)^2, 0, 0 ] ], 
  [ [ 1, 0, 0, 0, 0, 0 ], [ 0, 1, 0, 0, 0, 0 ], [ 0, 0, 1, 0, 0, 0 ], 
      [ 0, 0, 0, -1, 0, 0 ], [ 0, 0, 0, 0, 1, 0 ], [ 0, 0, 0, 0, 0, -1 ] ], 
  [ [ 1, 0, 0, 0, 0, 0 ], [ 0, 1, 0, 0, 0, 0 ], [ 0, 0, 1, 0, 0, 0 ], 
      [ 0, 0, 0, -1, 0, 0 ], [ 0, 0, 0, 0, -1, 0 ], [ 0, 0, 0, 0, 0, 1 ] ], 
  [ [ E(3), 0, 0, 0, 0, 0 ], [ 0, E(3), 0, 0, 0, 0 ], [ 0, 0, E(3), 0, 0, 0 ],
      [ 0, 0, 0, E(3), 0, 0 ], [ 0, 0, 0, 0, E(3), 0 ], 
      [ 0, 0, 0, 0, 0, E(3) ] ] ]
   Cubic invariant basis strings: 
[ 
  "(-25627/7020*E(9)^4-9947/1755*E(9)^7)*x3*x6^2 + (-289/1755*E(3)-812/1755*E(3\
)^2)*x3*x5^2 + (-25627/112320*E(9)^2-25627/56160*E(9)^5)*x3*x4^2 + (-281897/70\
20*E(9)^4+336287/7020*E(9)^7)*x2*x6^2 + (12616/1755*E(3)+6863/1755*E(3)^2)*x2*\
x5^2 + (-281897/112320*E(9)^2-281897/56160*E(9)^5)*x2*x4^2 + (-49/4*E(9)^7)*x1\
*x6^2 + x1*x5^2", 
  "(8368/1755*E(9)^2-4624/1755*E(9)^5)*x3*x6^2 + (-66944/85995*E(9)^4-33472/85\
995*E(9)^7)*x3*x5^2 + (-812/1755*E(3)-289/1755*E(3)^2)*x3*x4^2 + (92048/1755*E\
(9)^2+201856/1755*E(9)^5)*x2*x6^2 + (-736384/85995*E(9)^4-368192/85995*E(9)^7)\
*x2*x5^2 + (6863/1755*E(3)+12616/1755*E(3)^2)*x2*x4^2 + (-16*E(9)^5)*x1*x6^2 +\
 x1*x4^2", 
  "(81346/405405)*x3^3 + (-3242/3465)*x2*x3^2 + (-1218809/270270)*x2^2*x3 + (2\
47937/57915)*x2^3 + (344/715)*x1*x3^2 + (-6467/15015)*x1*x2*x3 + (-31751/4290)\
*x1*x2^2 + (2/7)*x1^2*x3 + x1^2*x2", 
  "(205893668/47432385)*x3^3 + (-7324036/405405)*x2*x3^2 + (-247987661/1581079\
5)*x2^2*x3 + (156090346/6776055)*x2^3 + (2557496/250965)*x1*x3^2 + (-39091886/\
1756755)*x1*x2*x3 + (-3080273/83655)*x1*x2^2 + (1817/273)*x1^2*x3 + x1^3" ]
   Cubic invariant basis vectors: 
[ [ 0, 0, 0, 0, 0, 0, 0, 0, 0, 0, -25627/7020*E(9)^4-9947/1755*E(9)^7, 0, 
      -289/1755*E(3)-812/1755*E(3)^2, 0, 0, 
      -25627/112320*E(9)^2-25627/56160*E(9)^5, 0, 0, 0, 0, 
      -281897/7020*E(9)^4+336287/7020*E(9)^7, 0, 
      12616/1755*E(3)+6863/1755*E(3)^2, 0, 0, 
      -281897/112320*E(9)^2-281897/56160*E(9)^5, 0, 0, 0, 0, 0, 0, 0, 0, 0, 
      -49/4*E(9)^7, 0, 1, 0, 0, 0, 0, 0, 0, 0, 0, 0, 0, 0, 0, 0, 0, 0, 0, 0, 
      0 ], [ 0, 0, 0, 0, 0, 0, 0, 0, 0, 0, 8368/1755*E(9)^2-4624/1755*E(9)^5, 
      0, -66944/85995*E(9)^4-33472/85995*E(9)^7, 0, 0, 
      -812/1755*E(3)-289/1755*E(3)^2, 0, 0, 0, 0, 
      92048/1755*E(9)^2+201856/1755*E(9)^5, 0, 
      -736384/85995*E(9)^4-368192/85995*E(9)^7, 0, 0, 
      6863/1755*E(3)+12616/1755*E(3)^2, 0, 0, 0, 0, 0, 0, 0, 0, 0, 
      -16*E(9)^5, 0, 0, 0, 0, 1, 0, 0, 0, 0, 0, 0, 0, 0, 0, 0, 0, 0, 0, 0, 0 ]
    , 
  [ 0, 0, 0, 0, 0, 0, 0, 0, 0, 0, 0, 0, 0, 0, 0, 0, 0, 0, 0, 81346/405405, 0, 
      0, 0, 0, 0, 0, 0, 0, 0, -3242/3465, 0, 0, 0, -1218809/270270, 
      247937/57915, 0, 0, 0, 0, 0, 0, 0, 0, 0, 344/715, 0, 0, 0, -6467/15015, 
      -31751/4290, 0, 0, 0, 2/7, 1, 0 ], 
  [ 0, 0, 0, 0, 0, 0, 0, 0, 0, 0, 0, 0, 0, 0, 0, 0, 0, 0, 0, 
      205893668/47432385, 0, 0, 0, 0, 0, 0, 0, 0, 0, -7324036/405405, 0, 0, 
      0, -247987661/15810795, 156090346/6776055, 0, 0, 0, 0, 0, 0, 0, 0, 0, 
      2557496/250965, 0, 0, 0, -39091886/1756755, -3080273/83655, 0, 0, 0, 
      1817/273, 0, 1 ] ]
   Gonzalez failures: [ rec(
      applicable := true,
      classIndex := 13,
      classSize := 4,
      linearOrder := 9,
      normalizingScalar := 1,
      ok := false,
      projectiveOrder := 3,
      projectivePowerScalar := E(3)^2,
      projectivePowerScalarExponent := 2,
      reason := "no_Gonzalez_strict_invariant_pattern_matches",
      status := "forbidden_strict_invariant_spectrum",
      testedCharacteristicPolynomial := 
       x1^6+(E(9)^2-E(9)^5)*x1^5+(E(9)^4-E(9)^7)*x1^4+E(3)*x1^3+(2*E(9)^2+E(9)\
^5)*x1^2+(2*E(9)^4+E(9)^7)*x1+E(3)^2 ), rec(
      applicable := true,
      classIndex := 15,
      classSize := 4,
      linearOrder := 9,
      normalizingScalar := 1,
      ok := false,
      projectiveOrder := 3,
      projectivePowerScalar := E(3)^2,
      projectivePowerScalarExponent := 2,
      reason := "no_Gonzalez_strict_invariant_pattern_matches",
      status := "forbidden_strict_invariant_spectrum",
      testedCharacteristicPolynomial := 
       x1^6+(-2*E(9)^2-E(9)^5)*x1^5+(E(9)^4+2*E(9)^7)*x1^4+E(3)*x1^3+(-E(9)^2-\
2*E(9)^5)*x1^2+(-E(9)^4+E(9)^7)*x1+E(3)^2 ), rec(
      applicable := true,
      classIndex := 16,
      classSize := 4,
      linearOrder := 9,
      normalizingScalar := 1,
      ok := false,
      projectiveOrder := 3,
      projectivePowerScalar := E(3),
      projectivePowerScalarExponent := 1,
      reason := "no_Gonzalez_strict_invariant_pattern_matches",
      status := "forbidden_strict_invariant_spectrum",
      testedCharacteristicPolynomial := 
       x1^6+(-E(9)^4+E(9)^7)*x1^5+(-E(9)^2+E(9)^5)*x1^4+E(3)^2*x1^3+(E(9)^4+2*\
E(9)^7)*x1^2+(E(9)^2+2*E(9)^5)*x1+E(3) ), rec(
      applicable := true,
      classIndex := 19,
      classSize := 4,
      linearOrder := 9,
      normalizingScalar := 1,
      ok := false,
      projectiveOrder := 3,
      projectivePowerScalar := E(3),
      projectivePowerScalarExponent := 1,
      reason := "no_Gonzalez_strict_invariant_pattern_matches",
      status := "forbidden_strict_invariant_spectrum",
      testedCharacteristicPolynomial := 
       x1^6+(2*E(9)^4+E(9)^7)*x1^5+(-E(9)^2-2*E(9)^5)*x1^4+E(3)^2*x1^3+(E(9)^4\
-E(9)^7)*x1^2+(-2*E(9)^2-E(9)^5)*x1+E(3) ), rec(
      applicable := true,
      classIndex := 20,
      classSize := 4,
      linearOrder := 9,
      normalizingScalar := 1,
      ok := false,
      projectiveOrder := 3,
      projectivePowerScalar := E(3),
      projectivePowerScalarExponent := 1,
      reason := "no_Gonzalez_strict_invariant_pattern_matches",
      status := "forbidden_strict_invariant_spectrum",
      testedCharacteristicPolynomial := 
       x1^6+(-E(9)^4-2*E(9)^7)*x1^5+(2*E(9)^2+E(9)^5)*x1^4+E(3)^2*x1^3+(-2*E(9\
)^4-E(9)^7)*x1^2+(E(9)^2-E(9)^5)*x1+E(3) ), rec(
      applicable := true,
      classIndex := 24,
      classSize := 4,
      linearOrder := 9,
      normalizingScalar := 1,
      ok := false,
      projectiveOrder := 3,
      projectivePowerScalar := E(3)^2,
      projectivePowerScalarExponent := 2,
      reason := "no_Gonzalez_strict_invariant_pattern_matches",
      status := "forbidden_strict_invariant_spectrum",
      testedCharacteristicPolynomial := 
       x1^6+(E(9)^2+2*E(9)^5)*x1^5+(-2*E(9)^4-E(9)^7)*x1^4+E(3)*x1^3+(-E(9)^2+\
E(9)^5)*x1^2+(-E(9)^4-2*E(9)^7)*x1+E(3)^2 ) ]

49. Candidate
   Symplectic group: C2^2
   Component: 1; unique C2^2 component
   Projective group ID: [ 24, 13 ]
   Strict linear group ID: [ 72, 16 ]
   Generic index: 1
   Generic full linear containment required: false
   Generic full linear containment verified: true
   Direct known case: false
   Source records: [ "G_s=C_2x_C_2_all_liftable_non-abelian.docx" ]
   Family number within this input: 5
   Strict cubic invariant dimension: 6
   Centralizer dimension: 6
   Expected moduli dimension: 0
   Determinant image order: 6
   Gonzalez status: rejected
   Retained: false
   Gonzalez failure statuses: [ "forbidden_strict_invariant_spectrum", 
  "forbidden_strict_invariant_spectrum", "forbidden_strict_invariant_spectrum"
    , "forbidden_strict_invariant_spectrum", 
  "forbidden_strict_invariant_spectrum", 
  "forbidden_strict_invariant_spectrum" ]
   Matrix generators: 
[ [ [ 1, 0, 0, 0, 0, 0 ], [ 0, 1, 0, 0, 0, 0 ], [ 0, 0, 1, 0, 0, 0 ], 
      [ 0, 0, 0, -1, 0, 0 ], [ 0, 0, 0, 0, -1, 0 ], [ 0, 0, 0, 0, 0, -1 ] ], 
  [ [ -780/523*E(9)^2-1037/523*E(9)^5, -78/523*E(9)^2-156/523*E(9)^5, 
          273/523*E(9)^2+546/523*E(9)^5, 0, 0, 0 ], 
      [ 1480/1569*E(9)^2+2960/1569*E(9)^5, 148/1569*E(9)^2+1865/1569*E(9)^5, 
          -518/1569*E(9)^2-1036/1569*E(9)^5, 0, 0, 0 ], 
      [ -1780/1569*E(9)^2-3560/1569*E(9)^5, -178/1569*E(9)^2-356/1569*E(9)^5, 
          623/1569*E(9)^2+2815/1569*E(9)^5, 0, 0, 0 ], 
      [ 0, 0, 0, 0, 2/7*E(3)^2, 0 ], [ 0, 0, 0, 0, 0, -4 ], 
      [ 0, 0, 0, -7/8, 0, 0 ] ], 
  [ [ 1, 0, 0, 0, 0, 0 ], [ 0, 1, 0, 0, 0, 0 ], [ 0, 0, 1, 0, 0, 0 ], 
      [ 0, 0, 0, -1, 0, 0 ], [ 0, 0, 0, 0, 1, 0 ], [ 0, 0, 0, 0, 0, -1 ] ], 
  [ [ 1, 0, 0, 0, 0, 0 ], [ 0, 1, 0, 0, 0, 0 ], [ 0, 0, 1, 0, 0, 0 ], 
      [ 0, 0, 0, -1, 0, 0 ], [ 0, 0, 0, 0, -1, 0 ], [ 0, 0, 0, 0, 0, 1 ] ], 
  [ [ E(3), 0, 0, 0, 0, 0 ], [ 0, E(3), 0, 0, 0, 0 ], [ 0, 0, E(3), 0, 0, 0 ],
      [ 0, 0, 0, E(3), 0, 0 ], [ 0, 0, 0, 0, E(3), 0 ], 
      [ 0, 0, 0, 0, 0, E(3) ] ] ]
   Cubic invariant basis strings: 
[ 
  "(7/32*E(9)^5)*x3*x6^2 + (-7/2*E(9)^4-7/2*E(9)^7)*x3*x5^2 + (2/7)*x3*x4^2 + (\
49/64*E(9)^5)*x2*x6^2 + (-49/4*E(9)^4-49/4*E(9)^7)*x2*x5^2 + x2*x4^2", 
  "(523/13104*E(9)^4-191/2184*E(9)^7)*x3*x6^2 + (-1669/819*E(3)-382/273*E(3)^2\
)*x3*x5^2 + (-4184/40131*E(9)^2-2092/40131*E(9)^5)*x3*x4^2 + (37/936*E(9)^7)*x\
2*x6^2 + (-74/117)*x2*x5^2 + (-1/16*E(9)^7)*x1*x6^2 + x1*x5^2", 
  "(-1337/1248*E(9)^2+4697/7488*E(9)^5)*x3*x6^2 + (-4697/468*E(9)^4-1393/78*E(\
9)^7)*x3*x5^2 + (-1294/819*E(3)-1817/819*E(3)^2)*x3*x4^2 + (1813/3744*E(9)^2+1\
813/3744*E(9)^5)*x2*x6^2 + (-1813/234*E(9)^4-1813/234*E(9)^7)*x2*x5^2 + (-49/6\
4*E(9)^2)*x1*x6^2 + x1*x4^2", 
  "(356/5733)*x3^3 + (244/637)*x2*x3^2 + (109/273)*x2^2*x3 + (-74/117)*x2^3 + \
(4/49)*x1*x3^2 + (4/7)*x1*x2*x3 + x1*x2^2", 
  "(442864/670761)*x3^3 + (141556/74529)*x2*x3^2 + (-49654/31941)*x2^2*x3 + (-\
5476/13689)*x2^3 + (2074/1911)*x1*x3^2 + (1037/273)*x1*x2*x3 + (2/7)*x1^2*x3 +\
 x1^2*x2", 
  "(74300048/11211291)*x3^3 + (-4935208/1245699)*x2*x3^2 + (-3674396/3737097)*\
x2^2*x3 + (-405224/1601613)*x2^3 + (421508/31941)*x1*x3^2 + (-38702/31941)*x1*\
x2*x3 + (1817/273)*x1^2*x3 + x1^3" ]
   Cubic invariant basis vectors: 
[ [ 0, 0, 0, 0, 0, 0, 0, 0, 0, 0, 7/32*E(9)^5, 0, -7/2*E(9)^4-7/2*E(9)^7, 0, 
      0, 2/7, 0, 0, 0, 0, 49/64*E(9)^5, 0, -49/4*E(9)^4-49/4*E(9)^7, 0, 0, 1, 
      0, 0, 0, 0, 0, 0, 0, 0, 0, 0, 0, 0, 0, 0, 0, 0, 0, 0, 0, 0, 0, 0, 0, 0, 
      0, 0, 0, 0, 0, 0 ], 
  [ 0, 0, 0, 0, 0, 0, 0, 0, 0, 0, 523/13104*E(9)^4-191/2184*E(9)^7, 0, 
      -1669/819*E(3)-382/273*E(3)^2, 0, 0, 
      -4184/40131*E(9)^2-2092/40131*E(9)^5, 0, 0, 0, 0, 37/936*E(9)^7, 0, 
      -74/117, 0, 0, 0, 0, 0, 0, 0, 0, 0, 0, 0, 0, -1/16*E(9)^7, 0, 1, 0, 0, 
      0, 0, 0, 0, 0, 0, 0, 0, 0, 0, 0, 0, 0, 0, 0, 0 ], 
  [ 0, 0, 0, 0, 0, 0, 0, 0, 0, 0, -1337/1248*E(9)^2+4697/7488*E(9)^5, 0, 
      -4697/468*E(9)^4-1393/78*E(9)^7, 0, 0, -1294/819*E(3)-1817/819*E(3)^2, 
      0, 0, 0, 0, 1813/3744*E(9)^2+1813/3744*E(9)^5, 0, 
      -1813/234*E(9)^4-1813/234*E(9)^7, 0, 0, 0, 0, 0, 0, 0, 0, 0, 0, 0, 0, 
      -49/64*E(9)^2, 0, 0, 0, 0, 1, 0, 0, 0, 0, 0, 0, 0, 0, 0, 0, 0, 0, 0, 0, 
      0 ], 
  [ 0, 0, 0, 0, 0, 0, 0, 0, 0, 0, 0, 0, 0, 0, 0, 0, 0, 0, 0, 356/5733, 0, 0, 
      0, 0, 0, 0, 0, 0, 0, 244/637, 0, 0, 0, 109/273, -74/117, 0, 0, 0, 0, 0, 
      0, 0, 0, 0, 4/49, 0, 0, 0, 4/7, 1, 0, 0, 0, 0, 0, 0 ], 
  [ 0, 0, 0, 0, 0, 0, 0, 0, 0, 0, 0, 0, 0, 0, 0, 0, 0, 0, 0, 442864/670761, 
      0, 0, 0, 0, 0, 0, 0, 0, 0, 141556/74529, 0, 0, 0, -49654/31941, 
      -5476/13689, 0, 0, 0, 0, 0, 0, 0, 0, 0, 2074/1911, 0, 0, 0, 1037/273, 
      0, 0, 0, 0, 2/7, 1, 0 ], 
  [ 0, 0, 0, 0, 0, 0, 0, 0, 0, 0, 0, 0, 0, 0, 0, 0, 0, 0, 0, 
      74300048/11211291, 0, 0, 0, 0, 0, 0, 0, 0, 0, -4935208/1245699, 0, 0, 
      0, -3674396/3737097, -405224/1601613, 0, 0, 0, 0, 0, 0, 0, 0, 0, 
      421508/31941, 0, 0, 0, -38702/31941, 0, 0, 0, 0, 1817/273, 0, 1 ] ]
   Gonzalez failures: [ rec(
      applicable := true,
      classIndex := 14,
      classSize := 4,
      linearOrder := 9,
      normalizingScalar := 1,
      ok := false,
      projectiveOrder := 3,
      projectivePowerScalar := E(3)^2,
      projectivePowerScalarExponent := 2,
      reason := "no_Gonzalez_strict_invariant_pattern_matches",
      status := "forbidden_strict_invariant_spectrum",
      testedCharacteristicPolynomial := 
       x1^6+(E(9)^2-E(9)^5)*x1^5+(E(9)^4-E(9)^7)*x1^4+E(3)*x1^3+(2*E(9)^2+E(9)\
^5)*x1^2+(2*E(9)^4+E(9)^7)*x1+E(3)^2 ), rec(
      applicable := true,
      classIndex := 16,
      classSize := 4,
      linearOrder := 9,
      normalizingScalar := 1,
      ok := false,
      projectiveOrder := 3,
      projectivePowerScalar := E(3)^2,
      projectivePowerScalarExponent := 2,
      reason := "no_Gonzalez_strict_invariant_pattern_matches",
      status := "forbidden_strict_invariant_spectrum",
      testedCharacteristicPolynomial := 
       x1^6+(-2*E(9)^2-E(9)^5)*x1^5+(E(9)^4+2*E(9)^7)*x1^4+E(3)*x1^3+(-E(9)^2-\
2*E(9)^5)*x1^2+(-E(9)^4+E(9)^7)*x1+E(3)^2 ), rec(
      applicable := true,
      classIndex := 18,
      classSize := 4,
      linearOrder := 9,
      normalizingScalar := 1,
      ok := false,
      projectiveOrder := 3,
      projectivePowerScalar := E(3),
      projectivePowerScalarExponent := 1,
      reason := "no_Gonzalez_strict_invariant_pattern_matches",
      status := "forbidden_strict_invariant_spectrum",
      testedCharacteristicPolynomial := 
       x1^6+(-E(9)^4+E(9)^7)*x1^5+(-E(9)^2+E(9)^5)*x1^4+E(3)^2*x1^3+(E(9)^4+2*\
E(9)^7)*x1^2+(E(9)^2+2*E(9)^5)*x1+E(3) ), rec(
      applicable := true,
      classIndex := 20,
      classSize := 4,
      linearOrder := 9,
      normalizingScalar := 1,
      ok := false,
      projectiveOrder := 3,
      projectivePowerScalar := E(3),
      projectivePowerScalarExponent := 1,
      reason := "no_Gonzalez_strict_invariant_pattern_matches",
      status := "forbidden_strict_invariant_spectrum",
      testedCharacteristicPolynomial := 
       x1^6+(2*E(9)^4+E(9)^7)*x1^5+(-E(9)^2-2*E(9)^5)*x1^4+E(3)^2*x1^3+(E(9)^4\
-E(9)^7)*x1^2+(-2*E(9)^2-E(9)^5)*x1+E(3) ), rec(
      applicable := true,
      classIndex := 22,
      classSize := 4,
      linearOrder := 9,
      normalizingScalar := 1,
      ok := false,
      projectiveOrder := 3,
      projectivePowerScalar := E(3),
      projectivePowerScalarExponent := 1,
      reason := "no_Gonzalez_strict_invariant_pattern_matches",
      status := "forbidden_strict_invariant_spectrum",
      testedCharacteristicPolynomial := 
       x1^6+(-E(9)^4-2*E(9)^7)*x1^5+(2*E(9)^2+E(9)^5)*x1^4+E(3)^2*x1^3+(-2*E(9\
)^4-E(9)^7)*x1^2+(E(9)^2-E(9)^5)*x1+E(3) ), rec(
      applicable := true,
      classIndex := 24,
      classSize := 4,
      linearOrder := 9,
      normalizingScalar := 1,
      ok := false,
      projectiveOrder := 3,
      projectivePowerScalar := E(3)^2,
      projectivePowerScalarExponent := 2,
      reason := "no_Gonzalez_strict_invariant_pattern_matches",
      status := "forbidden_strict_invariant_spectrum",
      testedCharacteristicPolynomial := 
       x1^6+(E(9)^2+2*E(9)^5)*x1^5+(-2*E(9)^4-E(9)^7)*x1^4+E(3)*x1^3+(-E(9)^2+\
E(9)^5)*x1^2+(-E(9)^4-2*E(9)^7)*x1+E(3)^2 ) ]

50. Candidate
   Symplectic group: C2^2
   Component: 1; unique C2^2 component
   Projective group ID: [ 24, 13 ]
   Strict linear group ID: [ 72, 16 ]
   Generic index: 1
   Generic full linear containment required: false
   Generic full linear containment verified: true
   Direct known case: false
   Source records: [ "G_s=C_2x_C_2_all_liftable_non-abelian.docx" ]
   Family number within this input: 6
   Strict cubic invariant dimension: 4
   Centralizer dimension: 4
   Expected moduli dimension: 0
   Determinant image order: 6
   Gonzalez status: passed
   Retained: true
   Gonzalez failure statuses: [  ]
   Matrix generators: 
[ 
  [ [ 443/523, 90/523, 180/523, 0, 0, 0 ], 
      [ 2512/1569, -419/523, -1884/523, 0, 0, 0 ], 
      [ 32/1569, -12/523, 499/523, 0, 0, 0 ], [ 0, 0, 0, 1, 0, 0 ], 
      [ 0, 0, 0, 0, 1, 0 ], [ 0, 0, 0, 0, 0, 1 ] ], 
  [ [ -740/523*E(9)^2-1077/523*E(9)^5, -123/523*E(9)^2-111/523*E(9)^5, 
          183/523*E(9)^2+636/523*E(9)^5, 0, 0, 0 ], 
      [ 224/1569*E(9)^2+4216/1569*E(9)^5, 1561/1569*E(9)^2+452/1569*E(9)^5, 
          2308/1569*E(9)^2-3862/1569*E(9)^5, 0, 0, 0 ], 
      [ -1796/1569*E(9)^2-3544/1569*E(9)^5, -160/1569*E(9)^2-374/1569*E(9)^5, 
          659/1569*E(9)^2+2779/1569*E(9)^5, 0, 0, 0 ], 
      [ 0, 0, 0, 0, -7/8, 0 ], [ 0, 0, 0, 0, 0, 2/7 ], 
      [ 0, 0, 0, -4*E(3)^2, 0, 0 ] ], 
  [ [ 1, 0, 0, 0, 0, 0 ], [ 0, 1, 0, 0, 0, 0 ], [ 0, 0, 1, 0, 0, 0 ], 
      [ 0, 0, 0, -1, 0, 0 ], [ 0, 0, 0, 0, 1, 0 ], [ 0, 0, 0, 0, 0, -1 ] ], 
  [ [ 1, 0, 0, 0, 0, 0 ], [ 0, 1, 0, 0, 0, 0 ], [ 0, 0, 1, 0, 0, 0 ], 
      [ 0, 0, 0, -1, 0, 0 ], [ 0, 0, 0, 0, -1, 0 ], [ 0, 0, 0, 0, 0, 1 ] ], 
  [ [ E(3), 0, 0, 0, 0, 0 ], [ 0, E(3), 0, 0, 0, 0 ], [ 0, 0, E(3), 0, 0, 0 ],
      [ 0, 0, 0, E(3), 0, 0 ], [ 0, 0, 0, 0, E(3), 0 ], 
      [ 0, 0, 0, 0, 0, E(3) ] ] ]
   Cubic invariant basis strings: 
[ 
  "(25627/5148*E(9)^4-36799/2574*E(9)^7)*x3*x6^2 + (-225/143*E(3)-1502/1287*E(3\
)^2)*x3*x5^2 + (25627/82368*E(9)^2+25627/41184*E(9)^5)*x3*x4^2 + (-25627/2574*\
E(9)^4+7595/429*E(9)^7)*x2*x6^2 + (2906/1287*E(3)+620/429*E(3)^2)*x2*x5^2 + (-\
25627/41184*E(9)^2-25627/20592*E(9)^5)*x2*x4^2 + (-49/4*E(9)^7)*x1*x6^2 + x1*x\
5^2", 
  "(-8368/1287*E(9)^2-3600/143*E(9)^5)*x3*x6^2 + (66944/63063*E(9)^4+33472/630\
63*E(9)^7)*x3*x5^2 + (-1502/1287*E(3)-225/143*E(3)^2)*x3*x4^2 + (16736/1287*E(\
9)^2+46496/1287*E(9)^5)*x2*x6^2 + (-133888/63063*E(9)^4-66944/63063*E(9)^7)*x2\
*x5^2 + (620/429*E(3)+2906/1287*E(3)^2)*x2*x4^2 + (-16*E(9)^5)*x1*x6^2 + x1*x4\
^2", 
  "(40376/236115)*x3^3 + (-26188/26235)*x2*x3^2 + (-883679/78705)*x2^2*x3 + (4\
528156/236115)*x2^3 + (1259/2915)*x1*x3^2 + (9389/8745)*x1*x2*x3 + (-325877/34\
980)*x1*x2^2 + (37/212)*x1^2*x3 + x1^2*x2", 
  "(96772256/23375385)*x3^3 + (-48022888/2597265)*x2*x3^2 + (-476800634/779179\
5)*x2^2*x3 + (2897245096/23375385)*x2^3 + (8533982/865755)*x1*x3^2 + (-1044278\
6/865755)*x1*x2*x3 + (-28738837/577170)*x1*x2^2 + (1877/318)*x1^2*x3 + x1^3" ]
   Cubic invariant basis vectors: 
[ [ 0, 0, 0, 0, 0, 0, 0, 0, 0, 0, 25627/5148*E(9)^4-36799/2574*E(9)^7, 0, 
      -225/143*E(3)-1502/1287*E(3)^2, 0, 0, 
      25627/82368*E(9)^2+25627/41184*E(9)^5, 0, 0, 0, 0, 
      -25627/2574*E(9)^4+7595/429*E(9)^7, 0, 2906/1287*E(3)+620/429*E(3)^2, 
      0, 0, -25627/41184*E(9)^2-25627/20592*E(9)^5, 0, 0, 0, 0, 0, 0, 0, 0, 
      0, -49/4*E(9)^7, 0, 1, 0, 0, 0, 0, 0, 0, 0, 0, 0, 0, 0, 0, 0, 0, 0, 0, 
      0, 0 ], 
  [ 0, 0, 0, 0, 0, 0, 0, 0, 0, 0, -8368/1287*E(9)^2-3600/143*E(9)^5, 0, 
      66944/63063*E(9)^4+33472/63063*E(9)^7, 0, 0, 
      -1502/1287*E(3)-225/143*E(3)^2, 0, 0, 0, 0, 
      16736/1287*E(9)^2+46496/1287*E(9)^5, 0, 
      -133888/63063*E(9)^4-66944/63063*E(9)^7, 0, 0, 
      620/429*E(3)+2906/1287*E(3)^2, 0, 0, 0, 0, 0, 0, 0, 0, 0, -16*E(9)^5, 
      0, 0, 0, 0, 1, 0, 0, 0, 0, 0, 0, 0, 0, 0, 0, 0, 0, 0, 0, 0 ], 
  [ 0, 0, 0, 0, 0, 0, 0, 0, 0, 0, 0, 0, 0, 0, 0, 0, 0, 0, 0, 40376/236115, 0, 
      0, 0, 0, 0, 0, 0, 0, 0, -26188/26235, 0, 0, 0, -883679/78705, 
      4528156/236115, 0, 0, 0, 0, 0, 0, 0, 0, 0, 1259/2915, 0, 0, 0, 
      9389/8745, -325877/34980, 0, 0, 0, 37/212, 1, 0 ], 
  [ 0, 0, 0, 0, 0, 0, 0, 0, 0, 0, 0, 0, 0, 0, 0, 0, 0, 0, 0, 
      96772256/23375385, 0, 0, 0, 0, 0, 0, 0, 0, 0, -48022888/2597265, 0, 0, 
      0, -476800634/7791795, 2897245096/23375385, 0, 0, 0, 0, 0, 0, 0, 0, 0, 
      8533982/865755, 0, 0, 0, -10442786/865755, -28738837/577170, 0, 0, 0, 
      1877/318, 0, 1 ] ]

51. Candidate
   Symplectic group: C2^2
   Component: 1; unique C2^2 component
   Projective group ID: [ 24, 13 ]
   Strict linear group ID: [ 72, 16 ]
   Generic index: 1
   Generic full linear containment required: false
   Generic full linear containment verified: true
   Direct known case: false
   Source records: [ "G_s=C_2x_C_2_all_liftable_non-abelian.docx" ]
   Family number within this input: 7
   Strict cubic invariant dimension: 6
   Centralizer dimension: 4
   Expected moduli dimension: 2
   Determinant image order: 6
   Gonzalez status: passed
   Retained: true
   Gonzalez failure statuses: [  ]
   Matrix generators: 
[ [ [ 1, 0, 0, 0, 0, 0 ], [ 0, 1, 0, 0, 0, 0 ], [ 0, 0, 1, 0, 0, 0 ], 
      [ 0, 0, 0, -1, 0, 0 ], [ 0, 0, 0, 0, -1, 0 ], [ 0, 0, 0, 0, 0, -1 ] ], 
  [ [ -740/523*E(9)^2-1077/523*E(9)^5, -123/523*E(9)^2-111/523*E(9)^5, 
          183/523*E(9)^2+636/523*E(9)^5, 0, 0, 0 ], 
      [ 224/1569*E(9)^2+4216/1569*E(9)^5, 1561/1569*E(9)^2+452/1569*E(9)^5, 
          2308/1569*E(9)^2-3862/1569*E(9)^5, 0, 0, 0 ], 
      [ -1796/1569*E(9)^2-3544/1569*E(9)^5, -160/1569*E(9)^2-374/1569*E(9)^5, 
          659/1569*E(9)^2+2779/1569*E(9)^5, 0, 0, 0 ], 
      [ 0, 0, 0, 0, 2/7*E(3)^2, 0 ], [ 0, 0, 0, 0, 0, -4 ], 
      [ 0, 0, 0, -7/8, 0, 0 ] ], 
  [ [ 1, 0, 0, 0, 0, 0 ], [ 0, 1, 0, 0, 0, 0 ], [ 0, 0, 1, 0, 0, 0 ], 
      [ 0, 0, 0, -1, 0, 0 ], [ 0, 0, 0, 0, 1, 0 ], [ 0, 0, 0, 0, 0, -1 ] ], 
  [ [ 1, 0, 0, 0, 0, 0 ], [ 0, 1, 0, 0, 0, 0 ], [ 0, 0, 1, 0, 0, 0 ], 
      [ 0, 0, 0, -1, 0, 0 ], [ 0, 0, 0, 0, -1, 0 ], [ 0, 0, 0, 0, 0, 1 ] ], 
  [ [ E(3), 0, 0, 0, 0, 0 ], [ 0, E(3), 0, 0, 0, 0 ], [ 0, 0, E(3), 0, 0, 0 ],
      [ 0, 0, 0, E(3), 0, 0 ], [ 0, 0, 0, 0, E(3), 0 ], 
      [ 0, 0, 0, 0, 0, E(3) ] ] ]
   Cubic invariant basis strings: 
[ 
  "(16777/19305)*x3*x6^2 + (-8368/1755*E(9)^2+8368/1287*E(9)^5)*x3*x5^2 + (3347\
2/63063*E(9)^4-33472/85995*E(9)^7)*x3*x4^2 + (-91183/19305)*x2*x6^2 + (-92048/\
1755*E(9)^2-16736/1287*E(9)^5)*x2*x5^2 + (-66944/63063*E(9)^4-368192/85995*E(9\
)^7)*x2*x4^2 + x1*x6^2", 
  "(523/20592*E(9)^4-523/28080*E(9)^7)*x3*x6^2 + (16777/19305)*x3*x5^2 + (-209\
2/63063*E(9)^2-4184/72765*E(9)^5)*x3*x4^2 + (-523/10296*E(9)^4-5753/28080*E(9)\
^7)*x2*x6^2 + (-91183/19305)*x2*x5^2 + (4184/63063*E(9)^2-2092/10395*E(9)^5)*x\
2*x4^2 + x1*x5^2", 
  "(-25627/112320*E(9)^2+25627/82368*E(9)^5)*x3*x6^2 + (-25627/2970*E(9)^4-256\
27/5148*E(9)^7)*x3*x5^2 + (16777/19305)*x3*x4^2 + (-281897/112320*E(9)^2-25627\
/41184*E(9)^5)*x2*x6^2 + (-179389/5940*E(9)^4+25627/2574*E(9)^7)*x2*x5^2 + (-9\
1183/19305)*x2*x4^2 + x1*x4^2", 
  "(334004648/372683025)*x3^3 + (-4761748/13803075)*x2*x3^2 + (3046995148/1242\
27675)*x2^2*x3 + (-14631732512/372683025)*x2^3 + (74099848/41409225)*x1*x3^2 +\
 (-133282724/41409225)*x1*x2*x3 + (769783303/41409225)*x1*x2^2 + x1^2*x3", 
  "(5436062/372683025)*x3^3 + (-12947287/13803075)*x2*x3^2 + (-1926582488/1242\
27675)*x2^2*x3 + (9700875772/372683025)*x2^3 + (4952287/41409225)*x1*x3^2 + (6\
7720294/41409225)*x1*x2*x3 + (-520121243/41409225)*x1*x2^2 + x1^2*x2", 
  "(-1285767796/1118049075)*x3^3 + (-681329054/41409225)*x2*x3^2 + (-767602745\
96/372683025)*x2^2*x3 + (397667873224/1118049075)*x2^3 + (-87580646/124227675)\
*x1*x3^2 + (861668848/124227675)*x1*x2*x3 + (-19816602131/124227675)*x1*x2^2 +\
 x1^3" ]
   Cubic invariant basis vectors: 
[ 
  [ 0, 0, 0, 0, 0, 0, 0, 0, 0, 0, 16777/19305, 0, 
      -8368/1755*E(9)^2+8368/1287*E(9)^5, 0, 0, 
      33472/63063*E(9)^4-33472/85995*E(9)^7, 0, 0, 0, 0, -91183/19305, 0, 
      -92048/1755*E(9)^2-16736/1287*E(9)^5, 0, 0, 
      -66944/63063*E(9)^4-368192/85995*E(9)^7, 0, 0, 0, 0, 0, 0, 0, 0, 0, 1, 
      0, 0, 0, 0, 0, 0, 0, 0, 0, 0, 0, 0, 0, 0, 0, 0, 0, 0, 0, 0 ], 
  [ 0, 0, 0, 0, 0, 0, 0, 0, 0, 0, 523/20592*E(9)^4-523/28080*E(9)^7, 0, 
      16777/19305, 0, 0, -2092/63063*E(9)^2-4184/72765*E(9)^5, 0, 0, 0, 0, 
      -523/10296*E(9)^4-5753/28080*E(9)^7, 0, -91183/19305, 0, 0, 
      4184/63063*E(9)^2-2092/10395*E(9)^5, 0, 0, 0, 0, 0, 0, 0, 0, 0, 0, 0, 
      1, 0, 0, 0, 0, 0, 0, 0, 0, 0, 0, 0, 0, 0, 0, 0, 0, 0, 0 ], 
  [ 0, 0, 0, 0, 0, 0, 0, 0, 0, 0, -25627/112320*E(9)^2+25627/82368*E(9)^5, 0, 
      -25627/2970*E(9)^4-25627/5148*E(9)^7, 0, 0, 16777/19305, 0, 0, 0, 0, 
      -281897/112320*E(9)^2-25627/41184*E(9)^5, 0, 
      -179389/5940*E(9)^4+25627/2574*E(9)^7, 0, 0, -91183/19305, 0, 0, 0, 0, 
      0, 0, 0, 0, 0, 0, 0, 0, 0, 0, 1, 0, 0, 0, 0, 0, 0, 0, 0, 0, 0, 0, 0, 0, 
      0, 0 ], 
  [ 0, 0, 0, 0, 0, 0, 0, 0, 0, 0, 0, 0, 0, 0, 0, 0, 0, 0, 0, 
      334004648/372683025, 0, 0, 0, 0, 0, 0, 0, 0, 0, -4761748/13803075, 0, 
      0, 0, 3046995148/124227675, -14631732512/372683025, 0, 0, 0, 0, 0, 0, 
      0, 0, 0, 74099848/41409225, 0, 0, 0, -133282724/41409225, 
      769783303/41409225, 0, 0, 0, 1, 0, 0 ], 
  [ 0, 0, 0, 0, 0, 0, 0, 0, 0, 0, 0, 0, 0, 0, 0, 0, 0, 0, 0, 
      5436062/372683025, 0, 0, 0, 0, 0, 0, 0, 0, 0, -12947287/13803075, 0, 0, 
      0, -1926582488/124227675, 9700875772/372683025, 0, 0, 0, 0, 0, 0, 0, 0, 
      0, 4952287/41409225, 0, 0, 0, 67720294/41409225, -520121243/41409225, 
      0, 0, 0, 0, 1, 0 ], 
  [ 0, 0, 0, 0, 0, 0, 0, 0, 0, 0, 0, 0, 0, 0, 0, 0, 0, 0, 0, 
      -1285767796/1118049075, 0, 0, 0, 0, 0, 0, 0, 0, 0, -681329054/41409225, 
      0, 0, 0, -76760274596/372683025, 397667873224/1118049075, 0, 0, 0, 0, 
      0, 0, 0, 0, 0, -87580646/124227675, 0, 0, 0, 861668848/124227675, 
      -19816602131/124227675, 0, 0, 0, 0, 0, 1 ] ]

52. Candidate
   Symplectic group: C2^2
   Component: 1; unique C2^2 component
   Projective group ID: [ 24, 10 ]
   Strict linear group ID: [ 72, 37 ]
   Generic index: 1
   Generic full linear containment required: false
   Generic full linear containment verified: true
   Direct known case: false
   Source records: [ "G_s=C_2x_C_2_all_liftable_non-abelian.docx" ]
   Family number within this input: 1
   Strict cubic invariant dimension: 8
   Centralizer dimension: 7
   Expected moduli dimension: 1
   Determinant image order: 6
   Gonzalez status: passed
   Retained: true
   Gonzalez failure statuses: [  ]
   Matrix generators: 
[ [ [ 1, 0, 0, 0, 0, 0 ], [ 0, 1, 0, 0, 0, 0 ], [ 0, 0, 1, 0, 0, 0 ], 
      [ 0, 0, 0, -1, 0, 0 ], [ 0, 0, 0, 0, -1, 0 ], [ 0, 0, 0, 0, 0, 1 ] ], 
  [ [ -1037/523, -156/523, 546/523, 0, 0, 0 ], 
      [ 2960/1569, 1865/1569, -1036/1569, 0, 0, 0 ], 
      [ -3560/1569, -356/1569, 2815/1569, 0, 0, 0 ], [ 0, 0, 0, -1, 0, 0 ], 
      [ 0, 0, 0, 0, 0, -2/7*E(3) ], [ 0, 0, 0, 0, -7/2*E(3)^2, 0 ] ], 
  [ [ E(3)^2, 0, 0, 0, 0, 0 ], [ 0, E(3)^2, 0, 0, 0, 0 ], 
      [ 0, 0, E(3)^2, 0, 0, 0 ], [ 0, 0, 0, E(3)^2, 0, 0 ], 
      [ 0, 0, 0, 0, E(3), 0 ], [ 0, 0, 0, 0, 0, E(3) ] ], 
  [ [ 1, 0, 0, 0, 0, 0 ], [ 0, 1, 0, 0, 0, 0 ], [ 0, 0, 1, 0, 0, 0 ], 
      [ 0, 0, 0, 1, 0, 0 ], [ 0, 0, 0, 0, -1, 0 ], [ 0, 0, 0, 0, 0, -1 ] ], 
  [ [ E(3), 0, 0, 0, 0, 0 ], [ 0, E(3), 0, 0, 0, 0 ], [ 0, 0, E(3), 0, 0, 0 ],
      [ 0, 0, 0, E(3), 0, 0 ], [ 0, 0, 0, 0, E(3), 0 ], 
      [ 0, 0, 0, 0, 0, E(3) ] ] ]
   Cubic invariant basis strings: 
[ "(2/7)*x3*x4^2 + x2*x4^2", 
  "(8/343)*x3^3 + (12/49)*x2*x3^2 + (6/7)*x2^2*x3 + x2^3", 
  "(20/7)*x3*x4^2 + x1*x4^2", 
  "(2815/5733)*x3^3 + (2519/1638)*x2*x3^2 + (-74/117)*x2^2*x3 + (2/7)*x1*x3^2 \
+ x1*x2*x3", 
  "(-1900/40131)*x3^3 + (4322/5733)*x2*x3^2 + (2636/819)*x2^2*x3 + (-4/49)*x1*\
x3^2 + x1*x2^2", 
  "(3501860/670761)*x3^3 + (-79957/95823)*x2*x3^2 + (-5476/13689)*x2^2*x3 + (3\
71/78)*x1*x3^2 + x1^2*x3", 
  "(-9226720/4695327)*x3^3 + (-258946/670761)*x2*x3^2 + (357272/95823)*x2^2*x3\
 + (-53/39)*x1*x3^2 + x1^2*x2", 
  "(-33533200/1565109)*x3^3 + (1599140/223587)*x2*x3^2 + (109520/31941)*x2^2*x\
3 + (-10370/637)*x1*x3^2 + x1^3" ]
   Cubic invariant basis vectors: 
[ [ 0, 0, 0, 0, 0, 0, 0, 0, 0, 0, 0, 0, 0, 0, 0, 2/7, 0, 0, 0, 0, 0, 0, 0, 0, 
      0, 1, 0, 0, 0, 0, 0, 0, 0, 0, 0, 0, 0, 0, 0, 0, 0, 0, 0, 0, 0, 0, 0, 0, 
      0, 0, 0, 0, 0, 0, 0, 0 ], 
  [ 0, 0, 0, 0, 0, 0, 0, 0, 0, 0, 0, 0, 0, 0, 0, 0, 0, 0, 0, 8/343, 0, 0, 0, 
      0, 0, 0, 0, 0, 0, 12/49, 0, 0, 0, 6/7, 1, 0, 0, 0, 0, 0, 0, 0, 0, 0, 0, 
      0, 0, 0, 0, 0, 0, 0, 0, 0, 0, 0 ], 
  [ 0, 0, 0, 0, 0, 0, 0, 0, 0, 0, 0, 0, 0, 0, 0, 20/7, 0, 0, 0, 0, 0, 0, 0, 
      0, 0, 0, 0, 0, 0, 0, 0, 0, 0, 0, 0, 0, 0, 0, 0, 0, 1, 0, 0, 0, 0, 0, 0, 
      0, 0, 0, 0, 0, 0, 0, 0, 0 ], 
  [ 0, 0, 0, 0, 0, 0, 0, 0, 0, 0, 0, 0, 0, 0, 0, 0, 0, 0, 0, 2815/5733, 0, 0, 
      0, 0, 0, 0, 0, 0, 0, 2519/1638, 0, 0, 0, -74/117, 0, 0, 0, 0, 0, 0, 0, 
      0, 0, 0, 2/7, 0, 0, 0, 1, 0, 0, 0, 0, 0, 0, 0 ], 
  [ 0, 0, 0, 0, 0, 0, 0, 0, 0, 0, 0, 0, 0, 0, 0, 0, 0, 0, 0, -1900/40131, 0, 
      0, 0, 0, 0, 0, 0, 0, 0, 4322/5733, 0, 0, 0, 2636/819, 0, 0, 0, 0, 0, 0, 
      0, 0, 0, 0, -4/49, 0, 0, 0, 0, 1, 0, 0, 0, 0, 0, 0 ], 
  [ 0, 0, 0, 0, 0, 0, 0, 0, 0, 0, 0, 0, 0, 0, 0, 0, 0, 0, 0, 3501860/670761, 
      0, 0, 0, 0, 0, 0, 0, 0, 0, -79957/95823, 0, 0, 0, -5476/13689, 0, 0, 0, 
      0, 0, 0, 0, 0, 0, 0, 371/78, 0, 0, 0, 0, 0, 0, 0, 0, 1, 0, 0 ], 
  [ 0, 0, 0, 0, 0, 0, 0, 0, 0, 0, 0, 0, 0, 0, 0, 0, 0, 0, 0, -9226720/4695327,
      0, 0, 0, 0, 0, 0, 0, 0, 0, -258946/670761, 0, 0, 0, 357272/95823, 0, 0, 
      0, 0, 0, 0, 0, 0, 0, 0, -53/39, 0, 0, 0, 0, 0, 0, 0, 0, 0, 1, 0 ], 
  [ 0, 0, 0, 0, 0, 0, 0, 0, 0, 0, 0, 0, 0, 0, 0, 0, 0, 0, 0, 
      -33533200/1565109, 0, 0, 0, 0, 0, 0, 0, 0, 0, 1599140/223587, 0, 0, 0, 
      109520/31941, 0, 0, 0, 0, 0, 0, 0, 0, 0, 0, -10370/637, 0, 0, 0, 0, 0, 
      0, 0, 0, 0, 0, 1 ] ]

53. Candidate
   Symplectic group: C2^2
   Component: 1; unique C2^2 component
   Projective group ID: [ 24, 10 ]
   Strict linear group ID: [ 72, 37 ]
   Generic index: 1
   Generic full linear containment required: false
   Generic full linear containment verified: true
   Direct known case: false
   Source records: [ "G_s=C_2x_C_2_all_liftable_non-abelian.docx" ]
   Family number within this input: 2
   Strict cubic invariant dimension: 13
   Centralizer dimension: 11
   Expected moduli dimension: 2
   Determinant image order: 6
   Gonzalez status: passed
   Retained: true
   Gonzalez failure statuses: [  ]
   Matrix generators: 
[ [ [ 1, 0, 0, 0, 0, 0 ], [ 0, 1, 0, 0, 0, 0 ], [ 0, 0, 1, 0, 0, 0 ], 
      [ 0, 0, 0, -1, 0, 0 ], [ 0, 0, 0, 0, -1, 0 ], [ 0, 0, 0, 0, 0, 1 ] ], 
  [ [ 1, 0, 0, 0, 0, 0 ], [ 0, 1, 0, 0, 0, 0 ], [ 0, 0, 1, 0, 0, 0 ], 
      [ 0, 0, 0, 1, 0, 0 ], [ 0, 0, 0, 0, 0, -2/7*E(3) ], 
      [ 0, 0, 0, 0, -7/2*E(3)^2, 0 ] ], 
  [ [ E(3)^2, 0, 0, 0, 0, 0 ], [ 0, E(3)^2, 0, 0, 0, 0 ], 
      [ 0, 0, E(3)^2, 0, 0, 0 ], [ 0, 0, 0, E(3)^2, 0, 0 ], 
      [ 0, 0, 0, 0, E(3), 0 ], [ 0, 0, 0, 0, 0, E(3) ] ], 
  [ [ 1, 0, 0, 0, 0, 0 ], [ 0, 1, 0, 0, 0, 0 ], [ 0, 0, 1, 0, 0, 0 ], 
      [ 0, 0, 0, 1, 0, 0 ], [ 0, 0, 0, 0, -1, 0 ], [ 0, 0, 0, 0, 0, -1 ] ], 
  [ [ E(3), 0, 0, 0, 0, 0 ], [ 0, E(3), 0, 0, 0, 0 ], [ 0, 0, E(3), 0, 0, 0 ],
      [ 0, 0, 0, E(3), 0, 0 ], [ 0, 0, 0, 0, E(3), 0 ], 
      [ 0, 0, 0, 0, 0, E(3) ] ] ]
   Cubic invariant basis strings: [ "x3*x4^2", "x3^3", "x2*x4^2", "x2*x3^2", 
  "x2^2*x3", "x2^3", "x1*x4^2", "x1*x3^2", "x1*x2*x3", "x1*x2^2", "x1^2*x3", 
  "x1^2*x2", "x1^3" ]
   Cubic invariant basis vectors: 
[ [ 0, 0, 0, 0, 0, 0, 0, 0, 0, 0, 0, 0, 0, 0, 0, 1, 0, 0, 0, 0, 0, 0, 0, 0, 
      0, 0, 0, 0, 0, 0, 0, 0, 0, 0, 0, 0, 0, 0, 0, 0, 0, 0, 0, 0, 0, 0, 0, 0, 
      0, 0, 0, 0, 0, 0, 0, 0 ], 
  [ 0, 0, 0, 0, 0, 0, 0, 0, 0, 0, 0, 0, 0, 0, 0, 0, 0, 0, 0, 1, 0, 0, 0, 0, 
      0, 0, 0, 0, 0, 0, 0, 0, 0, 0, 0, 0, 0, 0, 0, 0, 0, 0, 0, 0, 0, 0, 0, 0, 
      0, 0, 0, 0, 0, 0, 0, 0 ], 
  [ 0, 0, 0, 0, 0, 0, 0, 0, 0, 0, 0, 0, 0, 0, 0, 0, 0, 0, 0, 0, 0, 0, 0, 0, 
      0, 1, 0, 0, 0, 0, 0, 0, 0, 0, 0, 0, 0, 0, 0, 0, 0, 0, 0, 0, 0, 0, 0, 0, 
      0, 0, 0, 0, 0, 0, 0, 0 ], 
  [ 0, 0, 0, 0, 0, 0, 0, 0, 0, 0, 0, 0, 0, 0, 0, 0, 0, 0, 0, 0, 0, 0, 0, 0, 
      0, 0, 0, 0, 0, 1, 0, 0, 0, 0, 0, 0, 0, 0, 0, 0, 0, 0, 0, 0, 0, 0, 0, 0, 
      0, 0, 0, 0, 0, 0, 0, 0 ], 
  [ 0, 0, 0, 0, 0, 0, 0, 0, 0, 0, 0, 0, 0, 0, 0, 0, 0, 0, 0, 0, 0, 0, 0, 0, 
      0, 0, 0, 0, 0, 0, 0, 0, 0, 1, 0, 0, 0, 0, 0, 0, 0, 0, 0, 0, 0, 0, 0, 0, 
      0, 0, 0, 0, 0, 0, 0, 0 ], 
  [ 0, 0, 0, 0, 0, 0, 0, 0, 0, 0, 0, 0, 0, 0, 0, 0, 0, 0, 0, 0, 0, 0, 0, 0, 
      0, 0, 0, 0, 0, 0, 0, 0, 0, 0, 1, 0, 0, 0, 0, 0, 0, 0, 0, 0, 0, 0, 0, 0, 
      0, 0, 0, 0, 0, 0, 0, 0 ], 
  [ 0, 0, 0, 0, 0, 0, 0, 0, 0, 0, 0, 0, 0, 0, 0, 0, 0, 0, 0, 0, 0, 0, 0, 0, 
      0, 0, 0, 0, 0, 0, 0, 0, 0, 0, 0, 0, 0, 0, 0, 0, 1, 0, 0, 0, 0, 0, 0, 0, 
      0, 0, 0, 0, 0, 0, 0, 0 ], 
  [ 0, 0, 0, 0, 0, 0, 0, 0, 0, 0, 0, 0, 0, 0, 0, 0, 0, 0, 0, 0, 0, 0, 0, 0, 
      0, 0, 0, 0, 0, 0, 0, 0, 0, 0, 0, 0, 0, 0, 0, 0, 0, 0, 0, 0, 1, 0, 0, 0, 
      0, 0, 0, 0, 0, 0, 0, 0 ], 
  [ 0, 0, 0, 0, 0, 0, 0, 0, 0, 0, 0, 0, 0, 0, 0, 0, 0, 0, 0, 0, 0, 0, 0, 0, 
      0, 0, 0, 0, 0, 0, 0, 0, 0, 0, 0, 0, 0, 0, 0, 0, 0, 0, 0, 0, 0, 0, 0, 0, 
      1, 0, 0, 0, 0, 0, 0, 0 ], 
  [ 0, 0, 0, 0, 0, 0, 0, 0, 0, 0, 0, 0, 0, 0, 0, 0, 0, 0, 0, 0, 0, 0, 0, 0, 
      0, 0, 0, 0, 0, 0, 0, 0, 0, 0, 0, 0, 0, 0, 0, 0, 0, 0, 0, 0, 0, 0, 0, 0, 
      0, 1, 0, 0, 0, 0, 0, 0 ], 
  [ 0, 0, 0, 0, 0, 0, 0, 0, 0, 0, 0, 0, 0, 0, 0, 0, 0, 0, 0, 0, 0, 0, 0, 0, 
      0, 0, 0, 0, 0, 0, 0, 0, 0, 0, 0, 0, 0, 0, 0, 0, 0, 0, 0, 0, 0, 0, 0, 0, 
      0, 0, 0, 0, 0, 1, 0, 0 ], 
  [ 0, 0, 0, 0, 0, 0, 0, 0, 0, 0, 0, 0, 0, 0, 0, 0, 0, 0, 0, 0, 0, 0, 0, 0, 
      0, 0, 0, 0, 0, 0, 0, 0, 0, 0, 0, 0, 0, 0, 0, 0, 0, 0, 0, 0, 0, 0, 0, 0, 
      0, 0, 0, 0, 0, 0, 1, 0 ], 
  [ 0, 0, 0, 0, 0, 0, 0, 0, 0, 0, 0, 0, 0, 0, 0, 0, 0, 0, 0, 0, 0, 0, 0, 0, 
      0, 0, 0, 0, 0, 0, 0, 0, 0, 0, 0, 0, 0, 0, 0, 0, 0, 0, 0, 0, 0, 0, 0, 0, 
      0, 0, 0, 0, 0, 0, 0, 1 ] ]

54. Candidate
   Symplectic group: C2^2
   Component: 1; unique C2^2 component
   Projective group ID: [ 24, 10 ]
   Strict linear group ID: [ 72, 37 ]
   Generic index: 1
   Generic full linear containment required: false
   Generic full linear containment verified: true
   Direct known case: false
   Source records: [ "G_s=C_2x_C_2_all_liftable_non-abelian.docx" ]
   Family number within this input: 3
   Strict cubic invariant dimension: 9
   Centralizer dimension: 7
   Expected moduli dimension: 2
   Determinant image order: 6
   Gonzalez status: passed
   Retained: true
   Gonzalez failure statuses: [  ]
   Matrix generators: 
[ [ [ 1, 0, 0, 0, 0, 0 ], [ 0, 1, 0, 0, 0, 0 ], [ 0, 0, 1, 0, 0, 0 ], 
      [ 0, 0, 0, -1, 0, 0 ], [ 0, 0, 0, 0, -1, 0 ], [ 0, 0, 0, 0, 0, 1 ] ], 
  [ [ -73/131, 714/131, -816/131, 0, 0, 0 ], 
      [ 76/131, -135/131, 304/131, 0, 0, 0 ], 
      [ 52/131, -182/131, 339/131, 0, 0, 0 ], [ 0, 0, 0, -1, 0, 0 ], 
      [ 0, 0, 0, 0, 0, -7/2 ], [ 0, 0, 0, 0, -2/7, 0 ] ], 
  [ [ E(3)^2, 0, 0, 0, 0, 0 ], [ 0, E(3)^2, 0, 0, 0, 0 ], 
      [ 0, 0, E(3)^2, 0, 0, 0 ], [ 0, 0, 0, E(3), 0, 0 ], 
      [ 0, 0, 0, 0, E(3)^2, 0 ], [ 0, 0, 0, 0, 0, E(3)^2 ] ], 
  [ [ 1, 0, 0, 0, 0, 0 ], [ 0, 1, 0, 0, 0, 0 ], [ 0, 0, 1, 0, 0, 0 ], 
      [ 0, 0, 0, 1, 0, 0 ], [ 0, 0, 0, 0, -1, 0 ], [ 0, 0, 0, 0, 0, -1 ] ], 
  [ [ E(3), 0, 0, 0, 0, 0 ], [ 0, E(3), 0, 0, 0, 0 ], [ 0, 0, E(3), 0, 0, 0 ],
      [ 0, 0, 0, E(3), 0, 0 ], [ 0, 0, 0, 0, E(3), 0 ], 
      [ 0, 0, 0, 0, 0, E(3) ] ] ]
   Cubic invariant basis strings: 
[ "(1/14)*x3*x6^2 + (7/8)*x3*x5^2 + (4/49)*x2*x6^2 + x2*x5^2", 
  "(343/512)*x3^3 + (147/64)*x2*x3^2 + (21/8)*x2^2*x3 + x2^3", 
  "(-113/272)*x3*x6^2 + (-6419/3264)*x3*x5^2 + (-19/51)*x2*x6^2 + x1*x6^2", 
  "(45/3332)*x3*x6^2 + (-73/816)*x3*x5^2 + (76/2499)*x2*x6^2 + x1*x5^2", 
  "(-791/2176)*x3^3 + (-605/816)*x2*x3^2 + (-19/51)*x2^2*x3 + (7/8)*x1*x3^2 + \
x1*x2*x3", 
  "(3871/8704)*x3^3 + (2807/3264)*x2*x3^2 + (41/102)*x2^2*x3 + (-49/64)*x1*x3^\
2 + x1*x2^2", 
  "(-3503/110976)*x3^3 + (-7619/41616)*x2*x3^2 + (-361/2601)*x2^2*x3 + (-277/8\
16)*x1*x3^2 + x1^2*x3", 
  "(-88291/887808)*x3^3 + (-49279/332928)*x2*x3^2 + (-1349/20808)*x2^2*x3 + (1\
939/6528)*x1*x3^2 + x1^2*x2", 
  "(-5815/147968)*x3^3 + (-7619/55488)*x2*x3^2 + (-361/3468)*x2^2*x3 + (-73/10\
88)*x1*x3^2 + x1^3" ]
   Cubic invariant basis vectors: 
[ [ 0, 0, 0, 0, 0, 0, 0, 0, 0, 0, 1/14, 0, 7/8, 0, 0, 0, 0, 0, 0, 0, 4/49, 0, 
      1, 0, 0, 0, 0, 0, 0, 0, 0, 0, 0, 0, 0, 0, 0, 0, 0, 0, 0, 0, 0, 0, 0, 0, 
      0, 0, 0, 0, 0, 0, 0, 0, 0, 0 ], 
  [ 0, 0, 0, 0, 0, 0, 0, 0, 0, 0, 0, 0, 0, 0, 0, 0, 0, 0, 0, 343/512, 0, 0, 
      0, 0, 0, 0, 0, 0, 0, 147/64, 0, 0, 0, 21/8, 1, 0, 0, 0, 0, 0, 0, 0, 0, 
      0, 0, 0, 0, 0, 0, 0, 0, 0, 0, 0, 0, 0 ], 
  [ 0, 0, 0, 0, 0, 0, 0, 0, 0, 0, -113/272, 0, -6419/3264, 0, 0, 0, 0, 0, 0, 
      0, -19/51, 0, 0, 0, 0, 0, 0, 0, 0, 0, 0, 0, 0, 0, 0, 1, 0, 0, 0, 0, 0, 
      0, 0, 0, 0, 0, 0, 0, 0, 0, 0, 0, 0, 0, 0, 0 ], 
  [ 0, 0, 0, 0, 0, 0, 0, 0, 0, 0, 45/3332, 0, -73/816, 0, 0, 0, 0, 0, 0, 0, 
      76/2499, 0, 0, 0, 0, 0, 0, 0, 0, 0, 0, 0, 0, 0, 0, 0, 0, 1, 0, 0, 0, 0, 
      0, 0, 0, 0, 0, 0, 0, 0, 0, 0, 0, 0, 0, 0 ], 
  [ 0, 0, 0, 0, 0, 0, 0, 0, 0, 0, 0, 0, 0, 0, 0, 0, 0, 0, 0, -791/2176, 0, 0, 
      0, 0, 0, 0, 0, 0, 0, -605/816, 0, 0, 0, -19/51, 0, 0, 0, 0, 0, 0, 0, 0, 
      0, 0, 7/8, 0, 0, 0, 1, 0, 0, 0, 0, 0, 0, 0 ], 
  [ 0, 0, 0, 0, 0, 0, 0, 0, 0, 0, 0, 0, 0, 0, 0, 0, 0, 0, 0, 3871/8704, 0, 0, 
      0, 0, 0, 0, 0, 0, 0, 2807/3264, 0, 0, 0, 41/102, 0, 0, 0, 0, 0, 0, 0, 
      0, 0, 0, -49/64, 0, 0, 0, 0, 1, 0, 0, 0, 0, 0, 0 ], 
  [ 0, 0, 0, 0, 0, 0, 0, 0, 0, 0, 0, 0, 0, 0, 0, 0, 0, 0, 0, -3503/110976, 0, 
      0, 0, 0, 0, 0, 0, 0, 0, -7619/41616, 0, 0, 0, -361/2601, 0, 0, 0, 0, 0, 
      0, 0, 0, 0, 0, -277/816, 0, 0, 0, 0, 0, 0, 0, 0, 1, 0, 0 ], 
  [ 0, 0, 0, 0, 0, 0, 0, 0, 0, 0, 0, 0, 0, 0, 0, 0, 0, 0, 0, -88291/887808, 
      0, 0, 0, 0, 0, 0, 0, 0, 0, -49279/332928, 0, 0, 0, -1349/20808, 0, 0, 
      0, 0, 0, 0, 0, 0, 0, 0, 1939/6528, 0, 0, 0, 0, 0, 0, 0, 0, 0, 1, 0 ], 
  [ 0, 0, 0, 0, 0, 0, 0, 0, 0, 0, 0, 0, 0, 0, 0, 0, 0, 0, 0, -5815/147968, 0, 
      0, 0, 0, 0, 0, 0, 0, 0, -7619/55488, 0, 0, 0, -361/3468, 0, 0, 0, 0, 0, 
      0, 0, 0, 0, 0, -73/1088, 0, 0, 0, 0, 0, 0, 0, 0, 0, 0, 1 ] ]

55. Candidate
   Symplectic group: C2^2
   Component: 1; unique C2^2 component
   Projective group ID: [ 24, 10 ]
   Strict linear group ID: [ 72, 37 ]
   Generic index: 1
   Generic full linear containment required: false
   Generic full linear containment verified: true
   Direct known case: false
   Source records: [ "G_s=C_2x_C_2_all_liftable_non-abelian.docx" ]
   Family number within this input: 4
   Strict cubic invariant dimension: 7
   Centralizer dimension: 7
   Expected moduli dimension: 0
   Determinant image order: 6
   Gonzalez status: passed
   Retained: true
   Gonzalez failure statuses: [  ]
   Matrix generators: 
[ [ [ 1, 0, 0, 0, 0, 0 ], [ 0, 1, 0, 0, 0, 0 ], [ 0, 0, 1, 0, 0, 0 ], 
      [ 0, 0, 0, -1, 0, 0 ], [ 0, 0, 0, 0, -1, 0 ], [ 0, 0, 0, 0, 0, 1 ] ], 
  [ [ -27/131, 208/131, 104/131, 0, 0, 0 ], 
      [ 64/131, -3/131, 64/131, 0, 0, 0 ], 
      [ 30/131, 60/131, -101/131, 0, 0, 0 ], [ 0, 0, 0, 1, 0, 0 ], 
      [ 0, 0, 0, 0, 0, -7/2 ], [ 0, 0, 0, 0, -2/7, 0 ] ], 
  [ [ E(3)^2, 0, 0, 0, 0, 0 ], [ 0, E(3)^2, 0, 0, 0, 0 ], 
      [ 0, 0, E(3)^2, 0, 0, 0 ], [ 0, 0, 0, E(3), 0, 0 ], 
      [ 0, 0, 0, 0, E(3)^2, 0 ], [ 0, 0, 0, 0, 0, E(3)^2 ] ], 
  [ [ 1, 0, 0, 0, 0, 0 ], [ 0, 1, 0, 0, 0, 0 ], [ 0, 0, 1, 0, 0, 0 ], 
      [ 0, 0, 0, 1, 0, 0 ], [ 0, 0, 0, 0, -1, 0 ], [ 0, 0, 0, 0, 0, -1 ] ], 
  [ [ E(3), 0, 0, 0, 0, 0 ], [ 0, E(3), 0, 0, 0, 0 ], [ 0, 0, E(3), 0, 0, 0 ],
      [ 0, 0, 0, E(3), 0, 0 ], [ 0, 0, 0, 0, E(3), 0 ], 
      [ 0, 0, 0, 0, 0, E(3) ] ] ]
   Cubic invariant basis strings: 
[ "(8/49)*x3*x6^2 + (-2)*x3*x5^2 + (-4/49)*x2*x6^2 + x2*x5^2", 
  "(-101/104)*x3*x6^2 + (6419/416)*x3*x5^2 + (8/13)*x2*x6^2 + x1*x6^2", 
  "(3/1274)*x3*x6^2 + (27/104)*x3*x5^2 + (32/637)*x2*x6^2 + x1*x5^2", 
  "(15/13)*x3^3 + (17/13)*x2*x3^2 + (-113/52)*x2^2*x3 + (8/13)*x2^3 + (4)*x1*x\
3^2 + (-4)*x1*x2*x3 + x1*x2^2", 
  "(-1515/5408)*x3^3 + (-71/169)*x2*x3^2 + (64/169)*x2^2*x3 + (-71/104)*x1*x3^\
2 + (16/13)*x1*x2*x3 + x1^2*x3", 
  "(-1875/2704)*x3^3 + (-475/676)*x2*x3^2 + (250/169)*x2^2*x3 + (-64/169)*x2^3\
 + (-125/52)*x1*x3^2 + (155/52)*x1*x2*x3 + x1^2*x2", 
  "(66285/281216)*x3^3 + (2889/8788)*x2*x3^2 + (-576/2197)*x2^2*x3 + (512/2197\
)*x2^3 + (3969/5408)*x1*x3^2 + (-162/169)*x1*x2*x3 + x1^3" ]
   Cubic invariant basis vectors: 
[ [ 0, 0, 0, 0, 0, 0, 0, 0, 0, 0, 8/49, 0, -2, 0, 0, 0, 0, 0, 0, 0, -4/49, 0, 
      1, 0, 0, 0, 0, 0, 0, 0, 0, 0, 0, 0, 0, 0, 0, 0, 0, 0, 0, 0, 0, 0, 0, 0, 
      0, 0, 0, 0, 0, 0, 0, 0, 0, 0 ], 
  [ 0, 0, 0, 0, 0, 0, 0, 0, 0, 0, -101/104, 0, 6419/416, 0, 0, 0, 0, 0, 0, 0, 
      8/13, 0, 0, 0, 0, 0, 0, 0, 0, 0, 0, 0, 0, 0, 0, 1, 0, 0, 0, 0, 0, 0, 0, 
      0, 0, 0, 0, 0, 0, 0, 0, 0, 0, 0, 0, 0 ], 
  [ 0, 0, 0, 0, 0, 0, 0, 0, 0, 0, 3/1274, 0, 27/104, 0, 0, 0, 0, 0, 0, 0, 
      32/637, 0, 0, 0, 0, 0, 0, 0, 0, 0, 0, 0, 0, 0, 0, 0, 0, 1, 0, 0, 0, 0, 
      0, 0, 0, 0, 0, 0, 0, 0, 0, 0, 0, 0, 0, 0 ], 
  [ 0, 0, 0, 0, 0, 0, 0, 0, 0, 0, 0, 0, 0, 0, 0, 0, 0, 0, 0, 15/13, 0, 0, 0, 
      0, 0, 0, 0, 0, 0, 17/13, 0, 0, 0, -113/52, 8/13, 0, 0, 0, 0, 0, 0, 0, 
      0, 0, 4, 0, 0, 0, -4, 1, 0, 0, 0, 0, 0, 0 ], 
  [ 0, 0, 0, 0, 0, 0, 0, 0, 0, 0, 0, 0, 0, 0, 0, 0, 0, 0, 0, -1515/5408, 0, 
      0, 0, 0, 0, 0, 0, 0, 0, -71/169, 0, 0, 0, 64/169, 0, 0, 0, 0, 0, 0, 0, 
      0, 0, 0, -71/104, 0, 0, 0, 16/13, 0, 0, 0, 0, 1, 0, 0 ], 
  [ 0, 0, 0, 0, 0, 0, 0, 0, 0, 0, 0, 0, 0, 0, 0, 0, 0, 0, 0, -1875/2704, 0, 
      0, 0, 0, 0, 0, 0, 0, 0, -475/676, 0, 0, 0, 250/169, -64/169, 0, 0, 0, 
      0, 0, 0, 0, 0, 0, -125/52, 0, 0, 0, 155/52, 0, 0, 0, 0, 0, 1, 0 ], 
  [ 0, 0, 0, 0, 0, 0, 0, 0, 0, 0, 0, 0, 0, 0, 0, 0, 0, 0, 0, 66285/281216, 0, 
      0, 0, 0, 0, 0, 0, 0, 0, 2889/8788, 0, 0, 0, -576/2197, 512/2197, 0, 0, 
      0, 0, 0, 0, 0, 0, 0, 3969/5408, 0, 0, 0, -162/169, 0, 0, 0, 0, 0, 0, 1 
     ] ]

56. Candidate
   Symplectic group: C2^2
   Component: 1; unique C2^2 component
   Projective group ID: [ 24, 10 ]
   Strict linear group ID: [ 72, 37 ]
   Generic index: 1
   Generic full linear containment required: false
   Generic full linear containment verified: true
   Direct known case: false
   Source records: [ "G_s=C_2x_C_2_all_liftable_non-abelian.docx" ]
   Family number within this input: 5
   Strict cubic invariant dimension: 13
   Centralizer dimension: 11
   Expected moduli dimension: 2
   Determinant image order: 6
   Gonzalez status: passed
   Retained: true
   Gonzalez failure statuses: [  ]
   Matrix generators: 
[ [ [ 1, 0, 0, 0, 0, 0 ], [ 0, 1, 0, 0, 0, 0 ], [ 0, 0, 1, 0, 0, 0 ], 
      [ 0, 0, 0, -1, 0, 0 ], [ 0, 0, 0, 0, -1, 0 ], [ 0, 0, 0, 0, 0, 1 ] ], 
  [ [ 1, 0, 0, 0, 0, 0 ], [ 0, 1, 0, 0, 0, 0 ], [ 0, 0, 1, 0, 0, 0 ], 
      [ 0, 0, 0, 1, 0, 0 ], [ 0, 0, 0, 0, 0, -7/2 ], [ 0, 0, 0, 0, -2/7, 0 ] ]
    , 
  [ [ E(3)^2, 0, 0, 0, 0, 0 ], [ 0, E(3)^2, 0, 0, 0, 0 ], 
      [ 0, 0, E(3)^2, 0, 0, 0 ], [ 0, 0, 0, E(3), 0, 0 ], 
      [ 0, 0, 0, 0, E(3)^2, 0 ], [ 0, 0, 0, 0, 0, E(3)^2 ] ], 
  [ [ 1, 0, 0, 0, 0, 0 ], [ 0, 1, 0, 0, 0, 0 ], [ 0, 0, 1, 0, 0, 0 ], 
      [ 0, 0, 0, 1, 0, 0 ], [ 0, 0, 0, 0, -1, 0 ], [ 0, 0, 0, 0, 0, -1 ] ], 
  [ [ E(3), 0, 0, 0, 0, 0 ], [ 0, E(3), 0, 0, 0, 0 ], [ 0, 0, E(3), 0, 0, 0 ],
      [ 0, 0, 0, E(3), 0, 0 ], [ 0, 0, 0, 0, E(3), 0 ], 
      [ 0, 0, 0, 0, 0, E(3) ] ] ]
   Cubic invariant basis strings: [ "(4/49)*x3*x6^2 + x3*x5^2", "x3^3", 
  "(4/49)*x2*x6^2 + x2*x5^2", "x2*x3^2", "x2^2*x3", "x2^3", 
  "(4/49)*x1*x6^2 + x1*x5^2", "x1*x3^2", "x1*x2*x3", "x1*x2^2", "x1^2*x3", 
  "x1^2*x2", "x1^3" ]
   Cubic invariant basis vectors: 
[ [ 0, 0, 0, 0, 0, 0, 0, 0, 0, 0, 4/49, 0, 1, 0, 0, 0, 0, 0, 0, 0, 0, 0, 0, 
      0, 0, 0, 0, 0, 0, 0, 0, 0, 0, 0, 0, 0, 0, 0, 0, 0, 0, 0, 0, 0, 0, 0, 0, 
      0, 0, 0, 0, 0, 0, 0, 0, 0 ], 
  [ 0, 0, 0, 0, 0, 0, 0, 0, 0, 0, 0, 0, 0, 0, 0, 0, 0, 0, 0, 1, 0, 0, 0, 0, 
      0, 0, 0, 0, 0, 0, 0, 0, 0, 0, 0, 0, 0, 0, 0, 0, 0, 0, 0, 0, 0, 0, 0, 0, 
      0, 0, 0, 0, 0, 0, 0, 0 ], 
  [ 0, 0, 0, 0, 0, 0, 0, 0, 0, 0, 0, 0, 0, 0, 0, 0, 0, 0, 0, 0, 4/49, 0, 1, 
      0, 0, 0, 0, 0, 0, 0, 0, 0, 0, 0, 0, 0, 0, 0, 0, 0, 0, 0, 0, 0, 0, 0, 0, 
      0, 0, 0, 0, 0, 0, 0, 0, 0 ], 
  [ 0, 0, 0, 0, 0, 0, 0, 0, 0, 0, 0, 0, 0, 0, 0, 0, 0, 0, 0, 0, 0, 0, 0, 0, 
      0, 0, 0, 0, 0, 1, 0, 0, 0, 0, 0, 0, 0, 0, 0, 0, 0, 0, 0, 0, 0, 0, 0, 0, 
      0, 0, 0, 0, 0, 0, 0, 0 ], 
  [ 0, 0, 0, 0, 0, 0, 0, 0, 0, 0, 0, 0, 0, 0, 0, 0, 0, 0, 0, 0, 0, 0, 0, 0, 
      0, 0, 0, 0, 0, 0, 0, 0, 0, 1, 0, 0, 0, 0, 0, 0, 0, 0, 0, 0, 0, 0, 0, 0, 
      0, 0, 0, 0, 0, 0, 0, 0 ], 
  [ 0, 0, 0, 0, 0, 0, 0, 0, 0, 0, 0, 0, 0, 0, 0, 0, 0, 0, 0, 0, 0, 0, 0, 0, 
      0, 0, 0, 0, 0, 0, 0, 0, 0, 0, 1, 0, 0, 0, 0, 0, 0, 0, 0, 0, 0, 0, 0, 0, 
      0, 0, 0, 0, 0, 0, 0, 0 ], 
  [ 0, 0, 0, 0, 0, 0, 0, 0, 0, 0, 0, 0, 0, 0, 0, 0, 0, 0, 0, 0, 0, 0, 0, 0, 
      0, 0, 0, 0, 0, 0, 0, 0, 0, 0, 0, 4/49, 0, 1, 0, 0, 0, 0, 0, 0, 0, 0, 0, 
      0, 0, 0, 0, 0, 0, 0, 0, 0 ], 
  [ 0, 0, 0, 0, 0, 0, 0, 0, 0, 0, 0, 0, 0, 0, 0, 0, 0, 0, 0, 0, 0, 0, 0, 0, 
      0, 0, 0, 0, 0, 0, 0, 0, 0, 0, 0, 0, 0, 0, 0, 0, 0, 0, 0, 0, 1, 0, 0, 0, 
      0, 0, 0, 0, 0, 0, 0, 0 ], 
  [ 0, 0, 0, 0, 0, 0, 0, 0, 0, 0, 0, 0, 0, 0, 0, 0, 0, 0, 0, 0, 0, 0, 0, 0, 
      0, 0, 0, 0, 0, 0, 0, 0, 0, 0, 0, 0, 0, 0, 0, 0, 0, 0, 0, 0, 0, 0, 0, 0, 
      1, 0, 0, 0, 0, 0, 0, 0 ], 
  [ 0, 0, 0, 0, 0, 0, 0, 0, 0, 0, 0, 0, 0, 0, 0, 0, 0, 0, 0, 0, 0, 0, 0, 0, 
      0, 0, 0, 0, 0, 0, 0, 0, 0, 0, 0, 0, 0, 0, 0, 0, 0, 0, 0, 0, 0, 0, 0, 0, 
      0, 1, 0, 0, 0, 0, 0, 0 ], 
  [ 0, 0, 0, 0, 0, 0, 0, 0, 0, 0, 0, 0, 0, 0, 0, 0, 0, 0, 0, 0, 0, 0, 0, 0, 
      0, 0, 0, 0, 0, 0, 0, 0, 0, 0, 0, 0, 0, 0, 0, 0, 0, 0, 0, 0, 0, 0, 0, 0, 
      0, 0, 0, 0, 0, 1, 0, 0 ], 
  [ 0, 0, 0, 0, 0, 0, 0, 0, 0, 0, 0, 0, 0, 0, 0, 0, 0, 0, 0, 0, 0, 0, 0, 0, 
      0, 0, 0, 0, 0, 0, 0, 0, 0, 0, 0, 0, 0, 0, 0, 0, 0, 0, 0, 0, 0, 0, 0, 0, 
      0, 0, 0, 0, 0, 0, 1, 0 ], 
  [ 0, 0, 0, 0, 0, 0, 0, 0, 0, 0, 0, 0, 0, 0, 0, 0, 0, 0, 0, 0, 0, 0, 0, 0, 
      0, 0, 0, 0, 0, 0, 0, 0, 0, 0, 0, 0, 0, 0, 0, 0, 0, 0, 0, 0, 0, 0, 0, 0, 
      0, 0, 0, 0, 0, 0, 0, 1 ] ]

57. Candidate
   Symplectic group: C2^2
   Component: 1; unique C2^2 component
   Projective group ID: [ 24, 10 ]
   Strict linear group ID: [ 72, 37 ]
   Generic index: 1
   Generic full linear containment required: false
   Generic full linear containment verified: true
   Direct known case: false
   Source records: [ "G_s=C_2x_C_2_all_liftable_non-abelian.docx" ]
   Family number within this input: 6
   Strict cubic invariant dimension: 6
   Centralizer dimension: 5
   Expected moduli dimension: 1
   Determinant image order: 6
   Gonzalez status: passed
   Retained: true
   Gonzalez failure statuses: [  ]
   Matrix generators: 
[ [ [ 1, 0, 0, 0, 0, 0 ], [ 0, 1, 0, 0, 0, 0 ], [ 0, 0, 1, 0, 0, 0 ], 
      [ 0, 0, 0, -1, 0, 0 ], [ 0, 0, 0, 0, -1, 0 ], [ 0, 0, 0, 0, 0, 1 ] ], 
  [ [ -1117/523, -66/523, 726/523, 0, 0, 0 ], 
      [ 1824/523, -961/1569, -6688/1569, 0, 0, 0 ], 
      [ -1176/523, -392/1569, 2743/1569, 0, 0, 0 ], [ 0, 0, 0, 1, 0, 0 ], 
      [ 0, 0, 0, 0, 0, -7/2 ], [ 0, 0, 0, 0, -2/7, 0 ] ], 
  [ 
      [ 40/523*E(3)+483/523*E(3)^2, -45/523*E(3)+45/523*E(3)^2, 
          -90/523*E(3)+90/523*E(3)^2, 0, 0, 0 ], 
      [ -1256/1569*E(3)+1256/1569*E(3)^2, 471/523*E(3)+52/523*E(3)^2, 
          942/523*E(3)-942/523*E(3)^2, 0, 0, 0 ], 
      [ -16/1569*E(3)+16/1569*E(3)^2, 6/523*E(3)-6/523*E(3)^2, 
          12/523*E(3)+511/523*E(3)^2, 0, 0, 0 ], [ 0, 0, 0, E(3)^2, 0, 0 ], 
      [ 0, 0, 0, 0, E(3)^2, 0 ], [ 0, 0, 0, 0, 0, E(3)^2 ] ], 
  [ [ 1, 0, 0, 0, 0, 0 ], [ 0, 1, 0, 0, 0, 0 ], [ 0, 0, 1, 0, 0, 0 ], 
      [ 0, 0, 0, 1, 0, 0 ], [ 0, 0, 0, 0, -1, 0 ], [ 0, 0, 0, 0, 0, -1 ] ], 
  [ [ E(3), 0, 0, 0, 0, 0 ], [ 0, E(3), 0, 0, 0, 0 ], [ 0, 0, E(3), 0, 0, 0 ],
      [ 0, 0, 0, E(3), 0, 0 ], [ 0, 0, 0, 0, E(3), 0 ], 
      [ 0, 0, 0, 0, 0, E(3) ] ] ]
   Cubic invariant basis strings: 
[ "x4*x5*x6", 
  "(3527/2574)*x3*x6^2 + (25627/3432)*x3*x5^2 + (-2383/1287)*x2*x6^2 + (-25627\
/1716)*x2*x5^2 + x1*x6^2", 
  "(1046/21021)*x3*x6^2 + (3527/2574)*x3*x5^2 + (-2092/21021)*x2*x6^2 + (-2383\
/1287)*x2*x5^2 + x1*x5^2", "(196/99)*x3*x4^2 + (-304/99)*x2*x4^2 + x1*x4^2", 
  "(-172823/127413)*x3^3 + (847232/127413)*x2*x3^2 + (-1365388/127413)*x2^2*x3\
 + (724432/127413)*x2^3 + (-8623/5148)*x1*x3^2 + (831/143)*x1*x2*x3 + (-6335/1\
287)*x1*x2^2 + (-1/2)*x1^2*x3 + x1^2*x2", 
  "(-59730608/12613887)*x3^3 + (105738496/4204629)*x2*x3^2 + (-19955776/467181\
)*x2^2*x3 + (295453952/12613887)*x2^3 + (-51980/14157)*x1*x3^2 + (724432/42471\
)*x1*x2*x3 + (-724432/42471)*x1*x2^2 + (4/3)*x1^2*x3 + x1^3" ]
   Cubic invariant basis vectors: 
[ [ 0, 0, 0, 0, 0, 1, 0, 0, 0, 0, 0, 0, 0, 0, 0, 0, 0, 0, 0, 0, 0, 0, 0, 0, 
      0, 0, 0, 0, 0, 0, 0, 0, 0, 0, 0, 0, 0, 0, 0, 0, 0, 0, 0, 0, 0, 0, 0, 0, 
      0, 0, 0, 0, 0, 0, 0, 0 ], 
  [ 0, 0, 0, 0, 0, 0, 0, 0, 0, 0, 3527/2574, 0, 25627/3432, 0, 0, 0, 0, 0, 0, 
      0, -2383/1287, 0, -25627/1716, 0, 0, 0, 0, 0, 0, 0, 0, 0, 0, 0, 0, 1, 
      0, 0, 0, 0, 0, 0, 0, 0, 0, 0, 0, 0, 0, 0, 0, 0, 0, 0, 0, 0 ], 
  [ 0, 0, 0, 0, 0, 0, 0, 0, 0, 0, 1046/21021, 0, 3527/2574, 0, 0, 0, 0, 0, 0, 
      0, -2092/21021, 0, -2383/1287, 0, 0, 0, 0, 0, 0, 0, 0, 0, 0, 0, 0, 0, 
      0, 1, 0, 0, 0, 0, 0, 0, 0, 0, 0, 0, 0, 0, 0, 0, 0, 0, 0, 0 ], 
  [ 0, 0, 0, 0, 0, 0, 0, 0, 0, 0, 0, 0, 0, 0, 0, 196/99, 0, 0, 0, 0, 0, 0, 0, 
      0, 0, -304/99, 0, 0, 0, 0, 0, 0, 0, 0, 0, 0, 0, 0, 0, 0, 1, 0, 0, 0, 0, 
      0, 0, 0, 0, 0, 0, 0, 0, 0, 0, 0 ], 
  [ 0, 0, 0, 0, 0, 0, 0, 0, 0, 0, 0, 0, 0, 0, 0, 0, 0, 0, 0, -172823/127413, 
      0, 0, 0, 0, 0, 0, 0, 0, 0, 847232/127413, 0, 0, 0, -1365388/127413, 
      724432/127413, 0, 0, 0, 0, 0, 0, 0, 0, 0, -8623/5148, 0, 0, 0, 831/143, 
      -6335/1287, 0, 0, 0, -1/2, 1, 0 ], 
  [ 0, 0, 0, 0, 0, 0, 0, 0, 0, 0, 0, 0, 0, 0, 0, 0, 0, 0, 0, 
      -59730608/12613887, 0, 0, 0, 0, 0, 0, 0, 0, 0, 105738496/4204629, 0, 0, 
      0, -19955776/467181, 295453952/12613887, 0, 0, 0, 0, 0, 0, 0, 0, 0, 
      -51980/14157, 0, 0, 0, 724432/42471, -724432/42471, 0, 0, 0, 4/3, 0, 1 
     ] ]

58. Candidate
   Symplectic group: C2^2
   Component: 1; unique C2^2 component
   Projective group ID: [ 24, 10 ]
   Strict linear group ID: [ 72, 37 ]
   Generic index: 1
   Generic full linear containment required: false
   Generic full linear containment verified: true
   Direct known case: false
   Source records: [ "G_s=C_2x_C_2_all_liftable_non-abelian.docx" ]
   Family number within this input: 7
   Strict cubic invariant dimension: 8
   Centralizer dimension: 7
   Expected moduli dimension: 1
   Determinant image order: 6
   Gonzalez status: passed
   Retained: true
   Gonzalez failure statuses: [  ]
   Matrix generators: 
[ [ [ 1, 0, 0, 0, 0, 0 ], [ 0, 1, 0, 0, 0, 0 ], [ 0, 0, 1, 0, 0, 0 ], 
      [ 0, 0, 0, -1, 0, 0 ], [ 0, 0, 0, 0, -1, 0 ], [ 0, 0, 0, 0, 0, 1 ] ], 
  [ [ 443/523, 90/523, 180/523, 0, 0, 0 ], 
      [ 2512/1569, -419/523, -1884/523, 0, 0, 0 ], 
      [ 32/1569, -12/523, 499/523, 0, 0, 0 ], [ 0, 0, 0, -1, 0, 0 ], 
      [ 0, 0, 0, 0, 0, -7/2 ], [ 0, 0, 0, 0, -2/7, 0 ] ], 
  [ 
      [ 40/523*E(3)+483/523*E(3)^2, -45/523*E(3)+45/523*E(3)^2, 
          -90/523*E(3)+90/523*E(3)^2, 0, 0, 0 ], 
      [ -1256/1569*E(3)+1256/1569*E(3)^2, 471/523*E(3)+52/523*E(3)^2, 
          942/523*E(3)-942/523*E(3)^2, 0, 0, 0 ], 
      [ -16/1569*E(3)+16/1569*E(3)^2, 6/523*E(3)-6/523*E(3)^2, 
          12/523*E(3)+511/523*E(3)^2, 0, 0, 0 ], [ 0, 0, 0, E(3)^2, 0, 0 ], 
      [ 0, 0, 0, 0, E(3)^2, 0 ], [ 0, 0, 0, 0, 0, E(3)^2 ] ], 
  [ [ 1, 0, 0, 0, 0, 0 ], [ 0, 1, 0, 0, 0, 0 ], [ 0, 0, 1, 0, 0, 0 ], 
      [ 0, 0, 0, 1, 0, 0 ], [ 0, 0, 0, 0, -1, 0 ], [ 0, 0, 0, 0, 0, -1 ] ], 
  [ [ E(3), 0, 0, 0, 0, 0 ], [ 0, E(3), 0, 0, 0, 0 ], [ 0, 0, E(3), 0, 0, 0 ],
      [ 0, 0, 0, E(3), 0, 0 ], [ 0, 0, 0, 0, E(3), 0 ], 
      [ 0, 0, 0, 0, 0, E(3) ] ] ]
   Cubic invariant basis strings: 
[ "(-2/49)*x3*x6^2 + (-1/2)*x3*x5^2 + (4/49)*x2*x6^2 + x2*x5^2", 
  "(-1/2)*x3*x4^2 + x2*x4^2", 
  "(-1/8)*x3^3 + (3/4)*x2*x3^2 + (-3/2)*x2^2*x3 + x2^3", 
  "(16/441)*x3*x6^2 + (4/9)*x3*x5^2 + (4/49)*x1*x6^2 + x1*x5^2", 
  "(4/9)*x3*x4^2 + x1*x4^2", 
  "(1/9)*x3^3 + (-4/9)*x2*x3^2 + (4/9)*x2^2*x3 + (1/4)*x1*x3^2 + -x1*x2*x3 + x\
1*x2^2", 
  "(-8/81)*x3^3 + (16/81)*x2*x3^2 + (-4/9)*x1*x3^2 + (8/9)*x1*x2*x3 + (-1/2)*x\
1^2*x3 + x1^2*x2", "(64/729)*x3^3 + (16/27)*x1*x3^2 + (4/3)*x1^2*x3 + x1^3" ]
   Cubic invariant basis vectors: 
[ [ 0, 0, 0, 0, 0, 0, 0, 0, 0, 0, -2/49, 0, -1/2, 0, 0, 0, 0, 0, 0, 0, 4/49, 
      0, 1, 0, 0, 0, 0, 0, 0, 0, 0, 0, 0, 0, 0, 0, 0, 0, 0, 0, 0, 0, 0, 0, 0, 
      0, 0, 0, 0, 0, 0, 0, 0, 0, 0, 0 ], 
  [ 0, 0, 0, 0, 0, 0, 0, 0, 0, 0, 0, 0, 0, 0, 0, -1/2, 0, 0, 0, 0, 0, 0, 0, 
      0, 0, 1, 0, 0, 0, 0, 0, 0, 0, 0, 0, 0, 0, 0, 0, 0, 0, 0, 0, 0, 0, 0, 0, 
      0, 0, 0, 0, 0, 0, 0, 0, 0 ], 
  [ 0, 0, 0, 0, 0, 0, 0, 0, 0, 0, 0, 0, 0, 0, 0, 0, 0, 0, 0, -1/8, 0, 0, 0, 
      0, 0, 0, 0, 0, 0, 3/4, 0, 0, 0, -3/2, 1, 0, 0, 0, 0, 0, 0, 0, 0, 0, 0, 
      0, 0, 0, 0, 0, 0, 0, 0, 0, 0, 0 ], 
  [ 0, 0, 0, 0, 0, 0, 0, 0, 0, 0, 16/441, 0, 4/9, 0, 0, 0, 0, 0, 0, 0, 0, 0, 
      0, 0, 0, 0, 0, 0, 0, 0, 0, 0, 0, 0, 0, 4/49, 0, 1, 0, 0, 0, 0, 0, 0, 0, 
      0, 0, 0, 0, 0, 0, 0, 0, 0, 0, 0 ], 
  [ 0, 0, 0, 0, 0, 0, 0, 0, 0, 0, 0, 0, 0, 0, 0, 4/9, 0, 0, 0, 0, 0, 0, 0, 0, 
      0, 0, 0, 0, 0, 0, 0, 0, 0, 0, 0, 0, 0, 0, 0, 0, 1, 0, 0, 0, 0, 0, 0, 0, 
      0, 0, 0, 0, 0, 0, 0, 0 ], 
  [ 0, 0, 0, 0, 0, 0, 0, 0, 0, 0, 0, 0, 0, 0, 0, 0, 0, 0, 0, 1/9, 0, 0, 0, 0, 
      0, 0, 0, 0, 0, -4/9, 0, 0, 0, 4/9, 0, 0, 0, 0, 0, 0, 0, 0, 0, 0, 1/4, 
      0, 0, 0, -1, 1, 0, 0, 0, 0, 0, 0 ], 
  [ 0, 0, 0, 0, 0, 0, 0, 0, 0, 0, 0, 0, 0, 0, 0, 0, 0, 0, 0, -8/81, 0, 0, 0, 
      0, 0, 0, 0, 0, 0, 16/81, 0, 0, 0, 0, 0, 0, 0, 0, 0, 0, 0, 0, 0, 0, 
      -4/9, 0, 0, 0, 8/9, 0, 0, 0, 0, -1/2, 1, 0 ], 
  [ 0, 0, 0, 0, 0, 0, 0, 0, 0, 0, 0, 0, 0, 0, 0, 0, 0, 0, 0, 64/729, 0, 0, 0, 
      0, 0, 0, 0, 0, 0, 0, 0, 0, 0, 0, 0, 0, 0, 0, 0, 0, 0, 0, 0, 0, 16/27, 
      0, 0, 0, 0, 0, 0, 0, 0, 4/3, 0, 1 ] ]

59. Candidate
   Symplectic group: C2^2
   Component: 1; unique C2^2 component
   Projective group ID: [ 24, 10 ]
   Strict linear group ID: [ 72, 37 ]
   Generic index: 1
   Generic full linear containment required: false
   Generic full linear containment verified: true
   Direct known case: false
   Source records: [ "G_s=C_2x_C_2_all_liftable_non-abelian.docx" ]
   Family number within this input: 8
   Strict cubic invariant dimension: 6
   Centralizer dimension: 5
   Expected moduli dimension: 1
   Determinant image order: 6
   Gonzalez status: passed
   Retained: true
   Gonzalez failure statuses: [  ]
   Matrix generators: 
[ [ [ 1, 0, 0, 0, 0, 0 ], [ 0, 1, 0, 0, 0, 0 ], [ 0, 0, 1, 0, 0, 0 ], 
      [ 0, 0, 0, -1, 0, 0 ], [ 0, 0, 0, 0, -1, 0 ], [ 0, 0, 0, 0, 0, 1 ] ], 
  [ [ -1037/523, -156/523, 546/523, 0, 0, 0 ], 
      [ 2960/1569, 1865/1569, -1036/1569, 0, 0, 0 ], 
      [ -3560/1569, -356/1569, 2815/1569, 0, 0, 0 ], [ 0, 0, 0, -1, 0, 0 ], 
      [ 0, 0, 0, 0, 0, -7/2 ], [ 0, 0, 0, 0, -2/7, 0 ] ], 
  [ 
      [ 40/523*E(3)+483/523*E(3)^2, -45/523*E(3)+45/523*E(3)^2, 
          -90/523*E(3)+90/523*E(3)^2, 0, 0, 0 ], 
      [ -1256/1569*E(3)+1256/1569*E(3)^2, 471/523*E(3)+52/523*E(3)^2, 
          942/523*E(3)-942/523*E(3)^2, 0, 0, 0 ], 
      [ -16/1569*E(3)+16/1569*E(3)^2, 6/523*E(3)-6/523*E(3)^2, 
          12/523*E(3)+511/523*E(3)^2, 0, 0, 0 ], [ 0, 0, 0, E(3)^2, 0, 0 ], 
      [ 0, 0, 0, 0, E(3)^2, 0 ], [ 0, 0, 0, 0, 0, E(3)^2 ] ], 
  [ [ 1, 0, 0, 0, 0, 0 ], [ 0, 1, 0, 0, 0, 0 ], [ 0, 0, 1, 0, 0, 0 ], 
      [ 0, 0, 0, 1, 0, 0 ], [ 0, 0, 0, 0, -1, 0 ], [ 0, 0, 0, 0, 0, -1 ] ], 
  [ [ E(3), 0, 0, 0, 0, 0 ], [ 0, E(3), 0, 0, 0, 0 ], [ 0, 0, E(3), 0, 0, 0 ],
      [ 0, 0, 0, E(3), 0, 0 ], [ 0, 0, 0, 0, E(3), 0 ], 
      [ 0, 0, 0, 0, 0, E(3) ] ] ]
   Cubic invariant basis strings: 
[ 
  "(3527/2574)*x3*x6^2 + (25627/3432)*x3*x5^2 + (-2383/1287)*x2*x6^2 + (-25627/\
1716)*x2*x5^2 + x1*x6^2", 
  "(1046/21021)*x3*x6^2 + (3527/2574)*x3*x5^2 + (-2092/21021)*x2*x6^2 + (-2383\
/1287)*x2*x5^2 + x1*x5^2", "(196/99)*x3*x4^2 + (-304/99)*x2*x4^2 + x1*x4^2", 
  "(228268102/105115725)*x3^3 + (-367980968/35038575)*x2*x3^2 + (226173004/116\
79525)*x2^2*x3 + (5978493542/105115725)*x2^3 + (132287/47190)*x1*x3^2 + (-7056\
34/70785)*x1*x2*x3 + (-776132/70785)*x1*x2^2 + x1^2*x3", 
  "(-28444924/105115725)*x3^3 + (16332772/11679525)*x2*x3^2 + (-36222194/35038\
575)*x2^2*x3 + (3586903171/105115725)*x2^3 + (-19351/70785)*x1*x3^2 + (58528/7\
0785)*x1*x2*x3 + (-245497/23595)*x1*x2^2 + x1^2*x2", 
  "(-802112536/105115725)*x3^3 + (1371795424/35038575)*x2*x3^2 + (-2401375216/\
35038575)*x2^2*x3 + (-5509208456/105115725)*x2^3 + (-524474/70785)*x1*x3^2 + (\
2148232/70785)*x1*x2*x3 + (-172544/70785)*x1*x2^2 + x1^3" ]
   Cubic invariant basis vectors: 
[ [ 0, 0, 0, 0, 0, 0, 0, 0, 0, 0, 3527/2574, 0, 25627/3432, 0, 0, 0, 0, 0, 0, 
      0, -2383/1287, 0, -25627/1716, 0, 0, 0, 0, 0, 0, 0, 0, 0, 0, 0, 0, 1, 
      0, 0, 0, 0, 0, 0, 0, 0, 0, 0, 0, 0, 0, 0, 0, 0, 0, 0, 0, 0 ], 
  [ 0, 0, 0, 0, 0, 0, 0, 0, 0, 0, 1046/21021, 0, 3527/2574, 0, 0, 0, 0, 0, 0, 
      0, -2092/21021, 0, -2383/1287, 0, 0, 0, 0, 0, 0, 0, 0, 0, 0, 0, 0, 0, 
      0, 1, 0, 0, 0, 0, 0, 0, 0, 0, 0, 0, 0, 0, 0, 0, 0, 0, 0, 0 ], 
  [ 0, 0, 0, 0, 0, 0, 0, 0, 0, 0, 0, 0, 0, 0, 0, 196/99, 0, 0, 0, 0, 0, 0, 0, 
      0, 0, -304/99, 0, 0, 0, 0, 0, 0, 0, 0, 0, 0, 0, 0, 0, 0, 1, 0, 0, 0, 0, 
      0, 0, 0, 0, 0, 0, 0, 0, 0, 0, 0 ], 
  [ 0, 0, 0, 0, 0, 0, 0, 0, 0, 0, 0, 0, 0, 0, 0, 0, 0, 0, 0, 
      228268102/105115725, 0, 0, 0, 0, 0, 0, 0, 0, 0, -367980968/35038575, 0, 
      0, 0, 226173004/11679525, 5978493542/105115725, 0, 0, 0, 0, 0, 0, 0, 0, 
      0, 132287/47190, 0, 0, 0, -705634/70785, -776132/70785, 0, 0, 0, 1, 0, 
      0 ], 
  [ 0, 0, 0, 0, 0, 0, 0, 0, 0, 0, 0, 0, 0, 0, 0, 0, 0, 0, 0, 
      -28444924/105115725, 0, 0, 0, 0, 0, 0, 0, 0, 0, 16332772/11679525, 0, 
      0, 0, -36222194/35038575, 3586903171/105115725, 0, 0, 0, 0, 0, 0, 0, 0, 
      0, -19351/70785, 0, 0, 0, 58528/70785, -245497/23595, 0, 0, 0, 0, 1, 0 ]
    , 
  [ 0, 0, 0, 0, 0, 0, 0, 0, 0, 0, 0, 0, 0, 0, 0, 0, 0, 0, 0, 
      -802112536/105115725, 0, 0, 0, 0, 0, 0, 0, 0, 0, 1371795424/35038575, 
      0, 0, 0, -2401375216/35038575, -5509208456/105115725, 0, 0, 0, 0, 0, 0, 
      0, 0, 0, -524474/70785, 0, 0, 0, 2148232/70785, -172544/70785, 0, 0, 0, 
      0, 0, 1 ] ]

60. Candidate
   Symplectic group: C2^2
   Component: 1; unique C2^2 component
   Projective group ID: [ 24, 10 ]
   Strict linear group ID: [ 72, 37 ]
   Generic index: 1
   Generic full linear containment required: false
   Generic full linear containment verified: true
   Direct known case: false
   Source records: [ "G_s=C_2x_C_2_all_liftable_non-abelian.docx" ]
   Family number within this input: 9
   Strict cubic invariant dimension: 10
   Centralizer dimension: 7
   Expected moduli dimension: 3
   Determinant image order: 6
   Gonzalez status: passed
   Retained: true
   Gonzalez failure statuses: [  ]
   Matrix generators: 
[ [ [ 1, 0, 0, 0, 0, 0 ], [ 0, 1, 0, 0, 0, 0 ], [ 0, 0, 1, 0, 0, 0 ], 
      [ 0, 0, 0, -1, 0, 0 ], [ 0, 0, 0, 0, -1, 0 ], [ 0, 0, 0, 0, 0, 1 ] ], 
  [ [ 1, 0, 0, 0, 0, 0 ], [ 0, 1, 0, 0, 0, 0 ], [ 0, 0, 1, 0, 0, 0 ], 
      [ 0, 0, 0, 1, 0, 0 ], [ 0, 0, 0, 0, 0, -7/2 ], [ 0, 0, 0, 0, -2/7, 0 ] ]
    , 
  [ 
      [ 40/523*E(3)+483/523*E(3)^2, -45/523*E(3)+45/523*E(3)^2, 
          -90/523*E(3)+90/523*E(3)^2, 0, 0, 0 ], 
      [ -1256/1569*E(3)+1256/1569*E(3)^2, 471/523*E(3)+52/523*E(3)^2, 
          942/523*E(3)-942/523*E(3)^2, 0, 0, 0 ], 
      [ -16/1569*E(3)+16/1569*E(3)^2, 6/523*E(3)-6/523*E(3)^2, 
          12/523*E(3)+511/523*E(3)^2, 0, 0, 0 ], [ 0, 0, 0, E(3)^2, 0, 0 ], 
      [ 0, 0, 0, 0, E(3)^2, 0 ], [ 0, 0, 0, 0, 0, E(3)^2 ] ], 
  [ [ 1, 0, 0, 0, 0, 0 ], [ 0, 1, 0, 0, 0, 0 ], [ 0, 0, 1, 0, 0, 0 ], 
      [ 0, 0, 0, 1, 0, 0 ], [ 0, 0, 0, 0, -1, 0 ], [ 0, 0, 0, 0, 0, -1 ] ], 
  [ [ E(3), 0, 0, 0, 0, 0 ], [ 0, E(3), 0, 0, 0, 0 ], [ 0, 0, E(3), 0, 0, 0 ],
      [ 0, 0, 0, E(3), 0, 0 ], [ 0, 0, 0, 0, E(3), 0 ], 
      [ 0, 0, 0, 0, 0, E(3) ] ] ]
   Cubic invariant basis strings: 
[ "x4*x5*x6", "(-2/49)*x3*x6^2 + (-1/2)*x3*x5^2 + (4/49)*x2*x6^2 + x2*x5^2", 
  "(-1/2)*x3*x4^2 + x2*x4^2", 
  "(-1/8)*x3^3 + (3/4)*x2*x3^2 + (-3/2)*x2^2*x3 + x2^3", 
  "(16/441)*x3*x6^2 + (4/9)*x3*x5^2 + (4/49)*x1*x6^2 + x1*x5^2", 
  "(4/9)*x3*x4^2 + x1*x4^2", 
  "(1/9)*x3^3 + (-4/9)*x2*x3^2 + (4/9)*x2^2*x3 + (1/4)*x1*x3^2 + -x1*x2*x3 + x\
1*x2^2", 
  "(255133/24300)*x3^3 + (-78343/1350)*x2*x3^2 + (24649/225)*x2^2*x3 + (499/90\
)*x1*x3^2 + (-314/15)*x1*x2*x3 + x1^2*x3", 
  "(250333/48600)*x3^3 + (-233429/8100)*x2*x3^2 + (24649/450)*x2^2*x3 + (419/1\
80)*x1*x3^2 + (-431/45)*x1*x2*x3 + x1^2*x2", 
  "(-84511/6075)*x3^3 + (156686/2025)*x2*x3^2 + (-98596/675)*x2^2*x3 + (-34/5)\
*x1*x3^2 + (1256/45)*x1*x2*x3 + x1^3" ]
   Cubic invariant basis vectors: 
[ [ 0, 0, 0, 0, 0, 1, 0, 0, 0, 0, 0, 0, 0, 0, 0, 0, 0, 0, 0, 0, 0, 0, 0, 0, 
      0, 0, 0, 0, 0, 0, 0, 0, 0, 0, 0, 0, 0, 0, 0, 0, 0, 0, 0, 0, 0, 0, 0, 0, 
      0, 0, 0, 0, 0, 0, 0, 0 ], 
  [ 0, 0, 0, 0, 0, 0, 0, 0, 0, 0, -2/49, 0, -1/2, 0, 0, 0, 0, 0, 0, 0, 4/49, 
      0, 1, 0, 0, 0, 0, 0, 0, 0, 0, 0, 0, 0, 0, 0, 0, 0, 0, 0, 0, 0, 0, 0, 0, 
      0, 0, 0, 0, 0, 0, 0, 0, 0, 0, 0 ], 
  [ 0, 0, 0, 0, 0, 0, 0, 0, 0, 0, 0, 0, 0, 0, 0, -1/2, 0, 0, 0, 0, 0, 0, 0, 
      0, 0, 1, 0, 0, 0, 0, 0, 0, 0, 0, 0, 0, 0, 0, 0, 0, 0, 0, 0, 0, 0, 0, 0, 
      0, 0, 0, 0, 0, 0, 0, 0, 0 ], 
  [ 0, 0, 0, 0, 0, 0, 0, 0, 0, 0, 0, 0, 0, 0, 0, 0, 0, 0, 0, -1/8, 0, 0, 0, 
      0, 0, 0, 0, 0, 0, 3/4, 0, 0, 0, -3/2, 1, 0, 0, 0, 0, 0, 0, 0, 0, 0, 0, 
      0, 0, 0, 0, 0, 0, 0, 0, 0, 0, 0 ], 
  [ 0, 0, 0, 0, 0, 0, 0, 0, 0, 0, 16/441, 0, 4/9, 0, 0, 0, 0, 0, 0, 0, 0, 0, 
      0, 0, 0, 0, 0, 0, 0, 0, 0, 0, 0, 0, 0, 4/49, 0, 1, 0, 0, 0, 0, 0, 0, 0, 
      0, 0, 0, 0, 0, 0, 0, 0, 0, 0, 0 ], 
  [ 0, 0, 0, 0, 0, 0, 0, 0, 0, 0, 0, 0, 0, 0, 0, 4/9, 0, 0, 0, 0, 0, 0, 0, 0, 
      0, 0, 0, 0, 0, 0, 0, 0, 0, 0, 0, 0, 0, 0, 0, 0, 1, 0, 0, 0, 0, 0, 0, 0, 
      0, 0, 0, 0, 0, 0, 0, 0 ], 
  [ 0, 0, 0, 0, 0, 0, 0, 0, 0, 0, 0, 0, 0, 0, 0, 0, 0, 0, 0, 1/9, 0, 0, 0, 0, 
      0, 0, 0, 0, 0, -4/9, 0, 0, 0, 4/9, 0, 0, 0, 0, 0, 0, 0, 0, 0, 0, 1/4, 
      0, 0, 0, -1, 1, 0, 0, 0, 0, 0, 0 ], 
  [ 0, 0, 0, 0, 0, 0, 0, 0, 0, 0, 0, 0, 0, 0, 0, 0, 0, 0, 0, 255133/24300, 0, 
      0, 0, 0, 0, 0, 0, 0, 0, -78343/1350, 0, 0, 0, 24649/225, 0, 0, 0, 0, 0, 
      0, 0, 0, 0, 0, 499/90, 0, 0, 0, -314/15, 0, 0, 0, 0, 1, 0, 0 ], 
  [ 0, 0, 0, 0, 0, 0, 0, 0, 0, 0, 0, 0, 0, 0, 0, 0, 0, 0, 0, 250333/48600, 0, 
      0, 0, 0, 0, 0, 0, 0, 0, -233429/8100, 0, 0, 0, 24649/450, 0, 0, 0, 0, 
      0, 0, 0, 0, 0, 0, 419/180, 0, 0, 0, -431/45, 0, 0, 0, 0, 0, 1, 0 ], 
  [ 0, 0, 0, 0, 0, 0, 0, 0, 0, 0, 0, 0, 0, 0, 0, 0, 0, 0, 0, -84511/6075, 0, 
      0, 0, 0, 0, 0, 0, 0, 0, 156686/2025, 0, 0, 0, -98596/675, 0, 0, 0, 0, 
      0, 0, 0, 0, 0, 0, -34/5, 0, 0, 0, 1256/45, 0, 0, 0, 0, 0, 0, 1 ] ]

61. Candidate
   Symplectic group: C2^2
   Component: 1; unique C2^2 component
   Projective group ID: [ 24, 10 ]
   Strict linear group ID: [ 72, 37 ]
   Generic index: 1
   Generic full linear containment required: false
   Generic full linear containment verified: true
   Direct known case: false
   Source records: [ "G_s=C_2x_C_2_all_liftable_non-abelian.docx" ]
   Family number within this input: 10
   Strict cubic invariant dimension: 7
   Centralizer dimension: 7
   Expected moduli dimension: 0
   Determinant image order: 6
   Gonzalez status: passed
   Retained: true
   Gonzalez failure statuses: [  ]
   Matrix generators: 
[ [ [ 1, 0, 0, 0, 0, 0 ], [ 0, 1, 0, 0, 0, 0 ], [ 0, 0, 1, 0, 0, 0 ], 
      [ 0, 0, 0, -1, 0, 0 ], [ 0, 0, 0, 0, -1, 0 ], [ 0, 0, 0, 0, 0, 1 ] ], 
  [ [ 1, 0, 0, 0, 0, 0 ], [ 0, 1, 0, 0, 0, 0 ], [ 0, 0, 1, 0, 0, 0 ], 
      [ 0, 0, 0, 1, 0, 0 ], [ 0, 0, 0, 0, 0, 2/7*E(3) ], 
      [ 0, 0, 0, 0, 7/2*E(3)^2, 0 ] ], 
  [ 
      [ 40/523*E(3)+483/523*E(3)^2, -45/523*E(3)+45/523*E(3)^2, 
          -90/523*E(3)+90/523*E(3)^2, 0, 0, 0 ], 
      [ -1256/1569*E(3)+1256/1569*E(3)^2, 471/523*E(3)+52/523*E(3)^2, 
          942/523*E(3)-942/523*E(3)^2, 0, 0, 0 ], 
      [ -16/1569*E(3)+16/1569*E(3)^2, 6/523*E(3)-6/523*E(3)^2, 
          12/523*E(3)+511/523*E(3)^2, 0, 0, 0 ], [ 0, 0, 0, E(3)^2, 0, 0 ], 
      [ 0, 0, 0, 0, 1, 0 ], [ 0, 0, 0, 0, 0, 1 ] ], 
  [ [ 1, 0, 0, 0, 0, 0 ], [ 0, 1, 0, 0, 0, 0 ], [ 0, 0, 1, 0, 0, 0 ], 
      [ 0, 0, 0, 1, 0, 0 ], [ 0, 0, 0, 0, -1, 0 ], [ 0, 0, 0, 0, 0, -1 ] ], 
  [ [ E(3), 0, 0, 0, 0, 0 ], [ 0, E(3), 0, 0, 0, 0 ], [ 0, 0, E(3), 0, 0, 0 ],
      [ 0, 0, 0, E(3), 0, 0 ], [ 0, 0, 0, 0, E(3), 0 ], 
      [ 0, 0, 0, 0, 0, E(3) ] ] ]
   Cubic invariant basis strings: 
[ "(-1/2)*x3*x4^2 + x2*x4^2", 
  "(-1/8)*x3^3 + (3/4)*x2*x3^2 + (-3/2)*x2^2*x3 + x2^3", 
  "(4/9)*x3*x4^2 + x1*x4^2", 
  "(1/9)*x3^3 + (-4/9)*x2*x3^2 + (4/9)*x2^2*x3 + (1/4)*x1*x3^2 + -x1*x2*x3 + x\
1*x2^2", 
  "(255133/24300)*x3^3 + (-78343/1350)*x2*x3^2 + (24649/225)*x2^2*x3 + (499/90\
)*x1*x3^2 + (-314/15)*x1*x2*x3 + x1^2*x3", 
  "(250333/48600)*x3^3 + (-233429/8100)*x2*x3^2 + (24649/450)*x2^2*x3 + (419/1\
80)*x1*x3^2 + (-431/45)*x1*x2*x3 + x1^2*x2", 
  "(-84511/6075)*x3^3 + (156686/2025)*x2*x3^2 + (-98596/675)*x2^2*x3 + (-34/5)\
*x1*x3^2 + (1256/45)*x1*x2*x3 + x1^3" ]
   Cubic invariant basis vectors: 
[ [ 0, 0, 0, 0, 0, 0, 0, 0, 0, 0, 0, 0, 0, 0, 0, -1/2, 0, 0, 0, 0, 0, 0, 0, 
      0, 0, 1, 0, 0, 0, 0, 0, 0, 0, 0, 0, 0, 0, 0, 0, 0, 0, 0, 0, 0, 0, 0, 0, 
      0, 0, 0, 0, 0, 0, 0, 0, 0 ], 
  [ 0, 0, 0, 0, 0, 0, 0, 0, 0, 0, 0, 0, 0, 0, 0, 0, 0, 0, 0, -1/8, 0, 0, 0, 
      0, 0, 0, 0, 0, 0, 3/4, 0, 0, 0, -3/2, 1, 0, 0, 0, 0, 0, 0, 0, 0, 0, 0, 
      0, 0, 0, 0, 0, 0, 0, 0, 0, 0, 0 ], 
  [ 0, 0, 0, 0, 0, 0, 0, 0, 0, 0, 0, 0, 0, 0, 0, 4/9, 0, 0, 0, 0, 0, 0, 0, 0, 
      0, 0, 0, 0, 0, 0, 0, 0, 0, 0, 0, 0, 0, 0, 0, 0, 1, 0, 0, 0, 0, 0, 0, 0, 
      0, 0, 0, 0, 0, 0, 0, 0 ], 
  [ 0, 0, 0, 0, 0, 0, 0, 0, 0, 0, 0, 0, 0, 0, 0, 0, 0, 0, 0, 1/9, 0, 0, 0, 0, 
      0, 0, 0, 0, 0, -4/9, 0, 0, 0, 4/9, 0, 0, 0, 0, 0, 0, 0, 0, 0, 0, 1/4, 
      0, 0, 0, -1, 1, 0, 0, 0, 0, 0, 0 ], 
  [ 0, 0, 0, 0, 0, 0, 0, 0, 0, 0, 0, 0, 0, 0, 0, 0, 0, 0, 0, 255133/24300, 0, 
      0, 0, 0, 0, 0, 0, 0, 0, -78343/1350, 0, 0, 0, 24649/225, 0, 0, 0, 0, 0, 
      0, 0, 0, 0, 0, 499/90, 0, 0, 0, -314/15, 0, 0, 0, 0, 1, 0, 0 ], 
  [ 0, 0, 0, 0, 0, 0, 0, 0, 0, 0, 0, 0, 0, 0, 0, 0, 0, 0, 0, 250333/48600, 0, 
      0, 0, 0, 0, 0, 0, 0, 0, -233429/8100, 0, 0, 0, 24649/450, 0, 0, 0, 0, 
      0, 0, 0, 0, 0, 0, 419/180, 0, 0, 0, -431/45, 0, 0, 0, 0, 0, 1, 0 ], 
  [ 0, 0, 0, 0, 0, 0, 0, 0, 0, 0, 0, 0, 0, 0, 0, 0, 0, 0, 0, -84511/6075, 0, 
      0, 0, 0, 0, 0, 0, 0, 0, 156686/2025, 0, 0, 0, -98596/675, 0, 0, 0, 0, 
      0, 0, 0, 0, 0, 0, -34/5, 0, 0, 0, 1256/45, 0, 0, 0, 0, 0, 0, 1 ] ]

62. Candidate
   Symplectic group: C2^2
   Component: 1; unique C2^2 component
   Projective group ID: [ 24, 10 ]
   Strict linear group ID: [ 72, 37 ]
   Generic index: 1
   Generic full linear containment required: false
   Generic full linear containment verified: true
   Direct known case: false
   Source records: [ "G_s=C_2x_C_2_all_liftable_non-abelian.docx" ]
   Family number within this input: 11
   Strict cubic invariant dimension: 6
   Centralizer dimension: 5
   Expected moduli dimension: 1
   Determinant image order: 6
   Gonzalez status: passed
   Retained: true
   Gonzalez failure statuses: [  ]
   Matrix generators: 
[ [ [ 1, 0, 0, 0, 0, 0 ], [ 0, 1, 0, 0, 0, 0 ], [ 0, 0, 1, 0, 0, 0 ], 
      [ 0, 0, 0, -1, 0, 0 ], [ 0, 0, 0, 0, -1, 0 ], [ 0, 0, 0, 0, 0, 1 ] ], 
  [ [ -685/71, 2646/71, -3024/71, 0, 0, 0 ], 
      [ -356/71, 1317/71, -1424/71, 0, 0, 0 ], 
      [ -158/71, 553/71, -561/71, 0, 0, 0 ], [ 0, 0, 0, -1, 0, 0 ], 
      [ 0, 0, 0, 0, 0, -7/2 ], [ 0, 0, 0, 0, -2/7, 0 ] ], 
  [ 
      [ -208/71*E(3)+279/71*E(3)^2, 234/71*E(3)-234/71*E(3)^2, 
          468/71*E(3)-468/71*E(3)^2, 0, 0, 0 ], 
      [ -128/71*E(3)+128/71*E(3)^2, 144/71*E(3)-73/71*E(3)^2, 
          288/71*E(3)-288/71*E(3)^2, 0, 0, 0 ], 
      [ -60/71*E(3)+60/71*E(3)^2, 135/142*E(3)-135/142*E(3)^2, 
          135/71*E(3)-64/71*E(3)^2, 0, 0, 0 ], [ 0, 0, 0, E(3), 0, 0 ], 
      [ 0, 0, 0, 0, E(3)^2, 0 ], [ 0, 0, 0, 0, 0, E(3)^2 ] ], 
  [ [ 1, 0, 0, 0, 0, 0 ], [ 0, 1, 0, 0, 0, 0 ], [ 0, 0, 1, 0, 0, 0 ], 
      [ 0, 0, 0, 1, 0, 0 ], [ 0, 0, 0, 0, -1, 0 ], [ 0, 0, 0, 0, 0, -1 ] ], 
  [ [ E(3), 0, 0, 0, 0, 0 ], [ 0, E(3), 0, 0, 0, 0 ], [ 0, 0, E(3), 0, 0, 0 ],
      [ 0, 0, 0, E(3), 0, 0 ], [ 0, 0, 0, 0, E(3), 0 ], 
      [ 0, 0, 0, 0, 0, E(3) ] ] ]
   Cubic invariant basis strings: 
[ 
  "(1667/8316)*x3*x6^2 + (-497/4752)*x3*x5^2 + (2029/4158)*x2*x6^2 + (497/2376)\
*x2*x5^2 + x1*x6^2", 
  "(-71/101871)*x3*x6^2 + (1667/8316)*x3*x5^2 + (142/101871)*x2*x6^2 + (2029/4\
158)*x2*x5^2 + x1*x5^2", "(15/52)*x3*x4^2 + (8/13)*x2*x4^2 + x1*x4^2", 
  "(104474231/2040646608)*x3^3 + (98639564/382621239)*x2*x3^2 + (132102364/382\
621239)*x2^2*x3 + (6345128/127540413)*x2^3 + (533207/1189188)*x1*x3^2 + (33835\
6/297297)*x1*x2*x3 + (27548/297297)*x1*x2^2 + x1^2*x3", 
  "(11128895/1749125664)*x3^3 + (15288443/218640708)*x2*x3^2 + (26706389/10932\
0354)*x2^2*x3 + (14830781/54660177)*x2^3 + (4757/169884)*x1*x3^2 + (39491/8494\
2)*x1*x2*x3 + (88285/84942)*x1*x2^2 + x1^2*x2", 
  "(-4087430/127540413)*x3^3 + (-50651243/255080826)*x2*x3^2 + (-53830409/1275\
40413)*x2^2*x3 + (-39654754/127540413)*x2^3 + (-75349/396396)*x1*x3^2 + (-7711\
1/99099)*x1*x2*x3 + (-85513/99099)*x1*x2^2 + x1^3" ]
   Cubic invariant basis vectors: 
[ [ 0, 0, 0, 0, 0, 0, 0, 0, 0, 0, 1667/8316, 0, -497/4752, 0, 0, 0, 0, 0, 0, 
      0, 2029/4158, 0, 497/2376, 0, 0, 0, 0, 0, 0, 0, 0, 0, 0, 0, 0, 1, 0, 0, 
      0, 0, 0, 0, 0, 0, 0, 0, 0, 0, 0, 0, 0, 0, 0, 0, 0, 0 ], 
  [ 0, 0, 0, 0, 0, 0, 0, 0, 0, 0, -71/101871, 0, 1667/8316, 0, 0, 0, 0, 0, 0, 
      0, 142/101871, 0, 2029/4158, 0, 0, 0, 0, 0, 0, 0, 0, 0, 0, 0, 0, 0, 0, 
      1, 0, 0, 0, 0, 0, 0, 0, 0, 0, 0, 0, 0, 0, 0, 0, 0, 0, 0 ], 
  [ 0, 0, 0, 0, 0, 0, 0, 0, 0, 0, 0, 0, 0, 0, 0, 15/52, 0, 0, 0, 0, 0, 0, 0, 
      0, 0, 8/13, 0, 0, 0, 0, 0, 0, 0, 0, 0, 0, 0, 0, 0, 0, 1, 0, 0, 0, 0, 0, 
      0, 0, 0, 0, 0, 0, 0, 0, 0, 0 ], 
  [ 0, 0, 0, 0, 0, 0, 0, 0, 0, 0, 0, 0, 0, 0, 0, 0, 0, 0, 0, 
      104474231/2040646608, 0, 0, 0, 0, 0, 0, 0, 0, 0, 98639564/382621239, 0, 
      0, 0, 132102364/382621239, 6345128/127540413, 0, 0, 0, 0, 0, 0, 0, 0, 
      0, 533207/1189188, 0, 0, 0, 338356/297297, 27548/297297, 0, 0, 0, 1, 0, 
      0 ], 
  [ 0, 0, 0, 0, 0, 0, 0, 0, 0, 0, 0, 0, 0, 0, 0, 0, 0, 0, 0, 
      11128895/1749125664, 0, 0, 0, 0, 0, 0, 0, 0, 0, 15288443/218640708, 0, 
      0, 0, 26706389/109320354, 14830781/54660177, 0, 0, 0, 0, 0, 0, 0, 0, 0, 
      4757/169884, 0, 0, 0, 39491/84942, 88285/84942, 0, 0, 0, 0, 1, 0 ], 
  [ 0, 0, 0, 0, 0, 0, 0, 0, 0, 0, 0, 0, 0, 0, 0, 0, 0, 0, 0, 
      -4087430/127540413, 0, 0, 0, 0, 0, 0, 0, 0, 0, -50651243/255080826, 0, 
      0, 0, -53830409/127540413, -39654754/127540413, 0, 0, 0, 0, 0, 0, 0, 0, 
      0, -75349/396396, 0, 0, 0, -77111/99099, -85513/99099, 0, 0, 0, 0, 0, 1 
     ] ]

63. Candidate
   Symplectic group: C2^2
   Component: 1; unique C2^2 component
   Projective group ID: [ 24, 10 ]
   Strict linear group ID: [ 72, 37 ]
   Generic index: 1
   Generic full linear containment required: false
   Generic full linear containment verified: true
   Direct known case: false
   Source records: [ "G_s=C_2x_C_2_all_liftable_non-abelian.docx" ]
   Family number within this input: 12
   Strict cubic invariant dimension: 5
   Centralizer dimension: 5
   Expected moduli dimension: 0
   Determinant image order: 6
   Gonzalez status: passed
   Retained: true
   Gonzalez failure statuses: [  ]
   Matrix generators: 
[ [ [ 1, 0, 0, 0, 0, 0 ], [ 0, 1, 0, 0, 0, 0 ], [ 0, 0, 1, 0, 0, 0 ], 
      [ 0, 0, 0, -1, 0, 0 ], [ 0, 0, 0, 0, -1, 0 ], [ 0, 0, 0, 0, 0, 1 ] ], 
  [ [ -685/71, 2646/71, -3024/71, 0, 0, 0 ], 
      [ -356/71, 1317/71, -1424/71, 0, 0, 0 ], 
      [ -158/71, 553/71, -561/71, 0, 0, 0 ], [ 0, 0, 0, -1, 0, 0 ], 
      [ 0, 0, 0, 0, 0, -2/7*E(3) ], [ 0, 0, 0, 0, -7/2*E(3)^2, 0 ] ], 
  [ 
      [ -208/71*E(3)+279/71*E(3)^2, 234/71*E(3)-234/71*E(3)^2, 
          468/71*E(3)-468/71*E(3)^2, 0, 0, 0 ], 
      [ -128/71*E(3)+128/71*E(3)^2, 144/71*E(3)-73/71*E(3)^2, 
          288/71*E(3)-288/71*E(3)^2, 0, 0, 0 ], 
      [ -60/71*E(3)+60/71*E(3)^2, 135/142*E(3)-135/142*E(3)^2, 
          135/71*E(3)-64/71*E(3)^2, 0, 0, 0 ], [ 0, 0, 0, E(3), 0, 0 ], 
      [ 0, 0, 0, 0, E(3), 0 ], [ 0, 0, 0, 0, 0, E(3) ] ], 
  [ [ 1, 0, 0, 0, 0, 0 ], [ 0, 1, 0, 0, 0, 0 ], [ 0, 0, 1, 0, 0, 0 ], 
      [ 0, 0, 0, 1, 0, 0 ], [ 0, 0, 0, 0, -1, 0 ], [ 0, 0, 0, 0, 0, -1 ] ], 
  [ [ E(3), 0, 0, 0, 0, 0 ], [ 0, E(3), 0, 0, 0, 0 ], [ 0, 0, E(3), 0, 0, 0 ],
      [ 0, 0, 0, E(3), 0, 0 ], [ 0, 0, 0, 0, E(3), 0 ], 
      [ 0, 0, 0, 0, 0, E(3) ] ] ]
   Cubic invariant basis strings: 
[ 
  "(735/208*E(3))*x3*x6^2 + (15/52)*x3*x5^2 + (98/13*E(3))*x2*x6^2 + (8/13)*x2*\
x5^2 + (49/4*E(3))*x1*x6^2 + x1*x5^2", 
  "(15/52)*x3*x4^2 + (8/13)*x2*x4^2 + x1*x4^2", 
  "(104474231/2040646608)*x3^3 + (98639564/382621239)*x2*x3^2 + (132102364/382\
621239)*x2^2*x3 + (6345128/127540413)*x2^3 + (533207/1189188)*x1*x3^2 + (33835\
6/297297)*x1*x2*x3 + (27548/297297)*x1*x2^2 + x1^2*x3", 
  "(11128895/1749125664)*x3^3 + (15288443/218640708)*x2*x3^2 + (26706389/10932\
0354)*x2^2*x3 + (14830781/54660177)*x2^3 + (4757/169884)*x1*x3^2 + (39491/8494\
2)*x1*x2*x3 + (88285/84942)*x1*x2^2 + x1^2*x2", 
  "(-4087430/127540413)*x3^3 + (-50651243/255080826)*x2*x3^2 + (-53830409/1275\
40413)*x2^2*x3 + (-39654754/127540413)*x2^3 + (-75349/396396)*x1*x3^2 + (-7711\
1/99099)*x1*x2*x3 + (-85513/99099)*x1*x2^2 + x1^3" ]
   Cubic invariant basis vectors: 
[ [ 0, 0, 0, 0, 0, 0, 0, 0, 0, 0, 735/208*E(3), 0, 15/52, 0, 0, 0, 0, 0, 0, 
      0, 98/13*E(3), 0, 8/13, 0, 0, 0, 0, 0, 0, 0, 0, 0, 0, 0, 0, 49/4*E(3), 
      0, 1, 0, 0, 0, 0, 0, 0, 0, 0, 0, 0, 0, 0, 0, 0, 0, 0, 0, 0 ], 
  [ 0, 0, 0, 0, 0, 0, 0, 0, 0, 0, 0, 0, 0, 0, 0, 15/52, 0, 0, 0, 0, 0, 0, 0, 
      0, 0, 8/13, 0, 0, 0, 0, 0, 0, 0, 0, 0, 0, 0, 0, 0, 0, 1, 0, 0, 0, 0, 0, 
      0, 0, 0, 0, 0, 0, 0, 0, 0, 0 ], 
  [ 0, 0, 0, 0, 0, 0, 0, 0, 0, 0, 0, 0, 0, 0, 0, 0, 0, 0, 0, 
      104474231/2040646608, 0, 0, 0, 0, 0, 0, 0, 0, 0, 98639564/382621239, 0, 
      0, 0, 132102364/382621239, 6345128/127540413, 0, 0, 0, 0, 0, 0, 0, 0, 
      0, 533207/1189188, 0, 0, 0, 338356/297297, 27548/297297, 0, 0, 0, 1, 0, 
      0 ], 
  [ 0, 0, 0, 0, 0, 0, 0, 0, 0, 0, 0, 0, 0, 0, 0, 0, 0, 0, 0, 
      11128895/1749125664, 0, 0, 0, 0, 0, 0, 0, 0, 0, 15288443/218640708, 0, 
      0, 0, 26706389/109320354, 14830781/54660177, 0, 0, 0, 0, 0, 0, 0, 0, 0, 
      4757/169884, 0, 0, 0, 39491/84942, 88285/84942, 0, 0, 0, 0, 1, 0 ], 
  [ 0, 0, 0, 0, 0, 0, 0, 0, 0, 0, 0, 0, 0, 0, 0, 0, 0, 0, 0, 
      -4087430/127540413, 0, 0, 0, 0, 0, 0, 0, 0, 0, -50651243/255080826, 0, 
      0, 0, -53830409/127540413, -39654754/127540413, 0, 0, 0, 0, 0, 0, 0, 0, 
      0, -75349/396396, 0, 0, 0, -77111/99099, -85513/99099, 0, 0, 0, 0, 0, 1 
     ] ]

64. Candidate
   Symplectic group: C2^2
   Component: 1; unique C2^2 component
   Projective group ID: [ 24, 10 ]
   Strict linear group ID: [ 72, 37 ]
   Generic index: 1
   Generic full linear containment required: false
   Generic full linear containment verified: true
   Direct known case: false
   Source records: [ "G_s=C_2x_C_2_all_liftable_non-abelian.docx" ]
   Family number within this input: 13
   Strict cubic invariant dimension: 8
   Centralizer dimension: 7
   Expected moduli dimension: 1
   Determinant image order: 6
   Gonzalez status: passed
   Retained: true
   Gonzalez failure statuses: [  ]
   Matrix generators: 
[ [ [ 1, 0, 0, 0, 0, 0 ], [ 0, 1, 0, 0, 0, 0 ], [ 0, 0, 1, 0, 0, 0 ], 
      [ 0, 0, 0, -1, 0, 0 ], [ 0, 0, 0, 0, -1, 0 ], [ 0, 0, 0, 0, 0, 1 ] ], 
  [ [ 1, 0, 0, 0, 0, 0 ], [ 0, 1, 0, 0, 0, 0 ], [ 0, 0, 1, 0, 0, 0 ], 
      [ 0, 0, 0, 1, 0, 0 ], [ 0, 0, 0, 0, 0, -7/2 ], [ 0, 0, 0, 0, -2/7, 0 ] ]
    , 
  [ 
      [ -208/71*E(3)+279/71*E(3)^2, 234/71*E(3)-234/71*E(3)^2, 
          468/71*E(3)-468/71*E(3)^2, 0, 0, 0 ], 
      [ -128/71*E(3)+128/71*E(3)^2, 144/71*E(3)-73/71*E(3)^2, 
          288/71*E(3)-288/71*E(3)^2, 0, 0, 0 ], 
      [ -60/71*E(3)+60/71*E(3)^2, 135/142*E(3)-135/142*E(3)^2, 
          135/71*E(3)-64/71*E(3)^2, 0, 0, 0 ], [ 0, 0, 0, E(3), 0, 0 ], 
      [ 0, 0, 0, 0, E(3)^2, 0 ], [ 0, 0, 0, 0, 0, E(3)^2 ] ], 
  [ [ 1, 0, 0, 0, 0, 0 ], [ 0, 1, 0, 0, 0, 0 ], [ 0, 0, 1, 0, 0, 0 ], 
      [ 0, 0, 0, 1, 0, 0 ], [ 0, 0, 0, 0, -1, 0 ], [ 0, 0, 0, 0, 0, -1 ] ], 
  [ [ E(3), 0, 0, 0, 0, 0 ], [ 0, E(3), 0, 0, 0, 0 ], [ 0, 0, E(3), 0, 0, 0 ],
      [ 0, 0, 0, E(3), 0, 0 ], [ 0, 0, 0, 0, E(3), 0 ], 
      [ 0, 0, 0, 0, 0, E(3) ] ] ]
   Cubic invariant basis strings: 
[ "(-2/49)*x3*x6^2 + (-1/2)*x3*x5^2 + (4/49)*x2*x6^2 + x2*x5^2", 
  "(-1/8)*x3^3 + (3/4)*x2*x3^2 + (-3/2)*x2^2*x3 + x2^3", 
  "(16/441)*x3*x6^2 + (4/9)*x3*x5^2 + (4/49)*x1*x6^2 + x1*x5^2", 
  "(15/52)*x3*x4^2 + (8/13)*x2*x4^2 + x1*x4^2", 
  "(1/9)*x3^3 + (-4/9)*x2*x3^2 + (4/9)*x2^2*x3 + (1/4)*x1*x3^2 + -x1*x2*x3 + x\
1*x2^2", 
  "(30961/657072)*x3^3 + (398/1521)*x2*x3^2 + (64/169)*x2^2*x3 + (199/468)*x1*\
x3^2 + (16/13)*x1*x2*x3 + x1^2*x3", 
  "(-98831/1314144)*x3^3 + (4495/13689)*x2*x3^2 + (32/169)*x2^2*x3 + (-217/936\
)*x1*x3^2 + (176/117)*x1*x2*x3 + x1^2*x2", 
  "(1367/54756)*x3^3 + (-1592/4563)*x2*x3^2 + (-256/507)*x2^2*x3 + (1/39)*x1*x\
3^2 + (-64/39)*x1*x2*x3 + x1^3" ]
   Cubic invariant basis vectors: 
[ [ 0, 0, 0, 0, 0, 0, 0, 0, 0, 0, -2/49, 0, -1/2, 0, 0, 0, 0, 0, 0, 0, 4/49, 
      0, 1, 0, 0, 0, 0, 0, 0, 0, 0, 0, 0, 0, 0, 0, 0, 0, 0, 0, 0, 0, 0, 0, 0, 
      0, 0, 0, 0, 0, 0, 0, 0, 0, 0, 0 ], 
  [ 0, 0, 0, 0, 0, 0, 0, 0, 0, 0, 0, 0, 0, 0, 0, 0, 0, 0, 0, -1/8, 0, 0, 0, 
      0, 0, 0, 0, 0, 0, 3/4, 0, 0, 0, -3/2, 1, 0, 0, 0, 0, 0, 0, 0, 0, 0, 0, 
      0, 0, 0, 0, 0, 0, 0, 0, 0, 0, 0 ], 
  [ 0, 0, 0, 0, 0, 0, 0, 0, 0, 0, 16/441, 0, 4/9, 0, 0, 0, 0, 0, 0, 0, 0, 0, 
      0, 0, 0, 0, 0, 0, 0, 0, 0, 0, 0, 0, 0, 4/49, 0, 1, 0, 0, 0, 0, 0, 0, 0, 
      0, 0, 0, 0, 0, 0, 0, 0, 0, 0, 0 ], 
  [ 0, 0, 0, 0, 0, 0, 0, 0, 0, 0, 0, 0, 0, 0, 0, 15/52, 0, 0, 0, 0, 0, 0, 0, 
      0, 0, 8/13, 0, 0, 0, 0, 0, 0, 0, 0, 0, 0, 0, 0, 0, 0, 1, 0, 0, 0, 0, 0, 
      0, 0, 0, 0, 0, 0, 0, 0, 0, 0 ], 
  [ 0, 0, 0, 0, 0, 0, 0, 0, 0, 0, 0, 0, 0, 0, 0, 0, 0, 0, 0, 1/9, 0, 0, 0, 0, 
      0, 0, 0, 0, 0, -4/9, 0, 0, 0, 4/9, 0, 0, 0, 0, 0, 0, 0, 0, 0, 0, 1/4, 
      0, 0, 0, -1, 1, 0, 0, 0, 0, 0, 0 ], 
  [ 0, 0, 0, 0, 0, 0, 0, 0, 0, 0, 0, 0, 0, 0, 0, 0, 0, 0, 0, 30961/657072, 0, 
      0, 0, 0, 0, 0, 0, 0, 0, 398/1521, 0, 0, 0, 64/169, 0, 0, 0, 0, 0, 0, 0, 
      0, 0, 0, 199/468, 0, 0, 0, 16/13, 0, 0, 0, 0, 1, 0, 0 ], 
  [ 0, 0, 0, 0, 0, 0, 0, 0, 0, 0, 0, 0, 0, 0, 0, 0, 0, 0, 0, -98831/1314144, 
      0, 0, 0, 0, 0, 0, 0, 0, 0, 4495/13689, 0, 0, 0, 32/169, 0, 0, 0, 0, 0, 
      0, 0, 0, 0, 0, -217/936, 0, 0, 0, 176/117, 0, 0, 0, 0, 0, 1, 0 ], 
  [ 0, 0, 0, 0, 0, 0, 0, 0, 0, 0, 0, 0, 0, 0, 0, 0, 0, 0, 0, 1367/54756, 0, 
      0, 0, 0, 0, 0, 0, 0, 0, -1592/4563, 0, 0, 0, -256/507, 0, 0, 0, 0, 0, 
      0, 0, 0, 0, 0, 1/39, 0, 0, 0, -64/39, 0, 0, 0, 0, 0, 0, 1 ] ]

65. Candidate
   Symplectic group: C2^2
   Component: 1; unique C2^2 component
   Projective group ID: [ 24, 10 ]
   Strict linear group ID: [ 72, 37 ]
   Generic index: 1
   Generic full linear containment required: false
   Generic full linear containment verified: true
   Direct known case: false
   Source records: [ "G_s=C_2x_C_2_all_liftable_non-abelian.docx" ]
   Family number within this input: 14
   Strict cubic invariant dimension: 8
   Centralizer dimension: 7
   Expected moduli dimension: 1
   Determinant image order: 6
   Gonzalez status: passed
   Retained: true
   Gonzalez failure statuses: [  ]
   Matrix generators: 
[ [ [ 1, 0, 0, 0, 0, 0 ], [ 0, 1, 0, 0, 0, 0 ], [ 0, 0, 1, 0, 0, 0 ], 
      [ 0, 0, 0, -1, 0, 0 ], [ 0, 0, 0, 0, -1, 0 ], [ 0, 0, 0, 0, 0, 1 ] ], 
  [ [ 1, 0, 0, 0, 0, 0 ], [ 0, 1, 0, 0, 0, 0 ], [ 0, 0, 1, 0, 0, 0 ], 
      [ 0, 0, 0, 1, 0, 0 ], [ 0, 0, 0, 0, 0, -2/7*E(3) ], 
      [ 0, 0, 0, 0, -7/2*E(3)^2, 0 ] ], 
  [ 
      [ -208/71*E(3)+279/71*E(3)^2, 234/71*E(3)-234/71*E(3)^2, 
          468/71*E(3)-468/71*E(3)^2, 0, 0, 0 ], 
      [ -128/71*E(3)+128/71*E(3)^2, 144/71*E(3)-73/71*E(3)^2, 
          288/71*E(3)-288/71*E(3)^2, 0, 0, 0 ], 
      [ -60/71*E(3)+60/71*E(3)^2, 135/142*E(3)-135/142*E(3)^2, 
          135/71*E(3)-64/71*E(3)^2, 0, 0, 0 ], [ 0, 0, 0, E(3), 0, 0 ], 
      [ 0, 0, 0, 0, E(3), 0 ], [ 0, 0, 0, 0, 0, E(3) ] ], 
  [ [ 1, 0, 0, 0, 0, 0 ], [ 0, 1, 0, 0, 0, 0 ], [ 0, 0, 1, 0, 0, 0 ], 
      [ 0, 0, 0, 1, 0, 0 ], [ 0, 0, 0, 0, -1, 0 ], [ 0, 0, 0, 0, 0, -1 ] ], 
  [ [ E(3), 0, 0, 0, 0, 0 ], [ 0, E(3), 0, 0, 0, 0 ], [ 0, 0, E(3), 0, 0, 0 ],
      [ 0, 0, 0, E(3), 0, 0 ], [ 0, 0, 0, 0, E(3), 0 ], 
      [ 0, 0, 0, 0, 0, E(3) ] ] ]
   Cubic invariant basis strings: 
[ "x4*x5*x6", "(-1/8)*x3^3 + (3/4)*x2*x3^2 + (-3/2)*x2^2*x3 + x2^3", 
  "(735/208*E(3))*x3*x6^2 + (15/52)*x3*x5^2 + (98/13*E(3))*x2*x6^2 + (8/13)*x2\
*x5^2 + (49/4*E(3))*x1*x6^2 + x1*x5^2", 
  "(15/52)*x3*x4^2 + (8/13)*x2*x4^2 + x1*x4^2", 
  "(1/9)*x3^3 + (-4/9)*x2*x3^2 + (4/9)*x2^2*x3 + (1/4)*x1*x3^2 + -x1*x2*x3 + x\
1*x2^2", 
  "(30961/657072)*x3^3 + (398/1521)*x2*x3^2 + (64/169)*x2^2*x3 + (199/468)*x1*\
x3^2 + (16/13)*x1*x2*x3 + x1^2*x3", 
  "(-98831/1314144)*x3^3 + (4495/13689)*x2*x3^2 + (32/169)*x2^2*x3 + (-217/936\
)*x1*x3^2 + (176/117)*x1*x2*x3 + x1^2*x2", 
  "(1367/54756)*x3^3 + (-1592/4563)*x2*x3^2 + (-256/507)*x2^2*x3 + (1/39)*x1*x\
3^2 + (-64/39)*x1*x2*x3 + x1^3" ]
   Cubic invariant basis vectors: 
[ [ 0, 0, 0, 0, 0, 1, 0, 0, 0, 0, 0, 0, 0, 0, 0, 0, 0, 0, 0, 0, 0, 0, 0, 0, 
      0, 0, 0, 0, 0, 0, 0, 0, 0, 0, 0, 0, 0, 0, 0, 0, 0, 0, 0, 0, 0, 0, 0, 0, 
      0, 0, 0, 0, 0, 0, 0, 0 ], 
  [ 0, 0, 0, 0, 0, 0, 0, 0, 0, 0, 0, 0, 0, 0, 0, 0, 0, 0, 0, -1/8, 0, 0, 0, 
      0, 0, 0, 0, 0, 0, 3/4, 0, 0, 0, -3/2, 1, 0, 0, 0, 0, 0, 0, 0, 0, 0, 0, 
      0, 0, 0, 0, 0, 0, 0, 0, 0, 0, 0 ], 
  [ 0, 0, 0, 0, 0, 0, 0, 0, 0, 0, 735/208*E(3), 0, 15/52, 0, 0, 0, 0, 0, 0, 
      0, 98/13*E(3), 0, 8/13, 0, 0, 0, 0, 0, 0, 0, 0, 0, 0, 0, 0, 49/4*E(3), 
      0, 1, 0, 0, 0, 0, 0, 0, 0, 0, 0, 0, 0, 0, 0, 0, 0, 0, 0, 0 ], 
  [ 0, 0, 0, 0, 0, 0, 0, 0, 0, 0, 0, 0, 0, 0, 0, 15/52, 0, 0, 0, 0, 0, 0, 0, 
      0, 0, 8/13, 0, 0, 0, 0, 0, 0, 0, 0, 0, 0, 0, 0, 0, 0, 1, 0, 0, 0, 0, 0, 
      0, 0, 0, 0, 0, 0, 0, 0, 0, 0 ], 
  [ 0, 0, 0, 0, 0, 0, 0, 0, 0, 0, 0, 0, 0, 0, 0, 0, 0, 0, 0, 1/9, 0, 0, 0, 0, 
      0, 0, 0, 0, 0, -4/9, 0, 0, 0, 4/9, 0, 0, 0, 0, 0, 0, 0, 0, 0, 0, 1/4, 
      0, 0, 0, -1, 1, 0, 0, 0, 0, 0, 0 ], 
  [ 0, 0, 0, 0, 0, 0, 0, 0, 0, 0, 0, 0, 0, 0, 0, 0, 0, 0, 0, 30961/657072, 0, 
      0, 0, 0, 0, 0, 0, 0, 0, 398/1521, 0, 0, 0, 64/169, 0, 0, 0, 0, 0, 0, 0, 
      0, 0, 0, 199/468, 0, 0, 0, 16/13, 0, 0, 0, 0, 1, 0, 0 ], 
  [ 0, 0, 0, 0, 0, 0, 0, 0, 0, 0, 0, 0, 0, 0, 0, 0, 0, 0, 0, -98831/1314144, 
      0, 0, 0, 0, 0, 0, 0, 0, 0, 4495/13689, 0, 0, 0, 32/169, 0, 0, 0, 0, 0, 
      0, 0, 0, 0, 0, -217/936, 0, 0, 0, 176/117, 0, 0, 0, 0, 0, 1, 0 ], 
  [ 0, 0, 0, 0, 0, 0, 0, 0, 0, 0, 0, 0, 0, 0, 0, 0, 0, 0, 0, 1367/54756, 0, 
      0, 0, 0, 0, 0, 0, 0, 0, -1592/4563, 0, 0, 0, -256/507, 0, 0, 0, 0, 0, 
      0, 0, 0, 0, 0, 1/39, 0, 0, 0, -64/39, 0, 0, 0, 0, 0, 0, 1 ] ]

66. Candidate
   Symplectic group: C2^2
   Component: 1; unique C2^2 component
   Projective group ID: [ 24, 10 ]
   Strict linear group ID: [ 72, 37 ]
   Generic index: 1
   Generic full linear containment required: false
   Generic full linear containment verified: true
   Direct known case: false
   Source records: [ "G_s=C_2x_C_2_all_liftable_non-abelian.docx" ]
   Family number within this input: 15
   Strict cubic invariant dimension: 6
   Centralizer dimension: 5
   Expected moduli dimension: 1
   Determinant image order: 6
   Gonzalez status: passed
   Retained: true
   Gonzalez failure statuses: [  ]
   Matrix generators: 
[ [ [ 1, 0, 0, 0, 0, 0 ], [ 0, 1, 0, 0, 0, 0 ], [ 0, 0, 1, 0, 0, 0 ], 
      [ 0, 0, 0, -1, 0, 0 ], [ 0, 0, 0, 0, -1, 0 ], [ 0, 0, 0, 0, 0, 1 ] ], 
  [ [ 1, 0, 0, 0, 0, 0 ], [ 0, 1, 0, 0, 0, 0 ], [ 0, 0, 1, 0, 0, 0 ], 
      [ 0, 0, 0, 1, 0, 0 ], [ 0, 0, 0, 0, 0, -2/7*E(3) ], 
      [ 0, 0, 0, 0, -7/2*E(3)^2, 0 ] ], 
  [ 
      [ -337/523*E(3)+740/523*E(3)^2, 12/523*E(3)+123/523*E(3)^2, 
          453/523*E(3)-183/523*E(3)^2, 0, 0, 0 ], 
      [ 3992/1569*E(3)-224/1569*E(3)^2, -1109/1569*E(3)-1561/1569*E(3)^2, 
          -6170/1569*E(3)-2308/1569*E(3)^2, 0, 0, 0 ], 
      [ -1748/1569*E(3)+1796/1569*E(3)^2, -214/1569*E(3)+160/1569*E(3)^2, 
          2120/1569*E(3)-659/1569*E(3)^2, 0, 0, 0 ], 
      [ 0, 0, 0, E(3)^2, 0, 0 ], [ 0, 0, 0, 0, E(3), 0 ], 
      [ 0, 0, 0, 0, 0, E(3) ] ], 
  [ [ 1, 0, 0, 0, 0, 0 ], [ 0, 1, 0, 0, 0, 0 ], [ 0, 0, 1, 0, 0, 0 ], 
      [ 0, 0, 0, 1, 0, 0 ], [ 0, 0, 0, 0, -1, 0 ], [ 0, 0, 0, 0, 0, -1 ] ], 
  [ [ E(3), 0, 0, 0, 0, 0 ], [ 0, E(3), 0, 0, 0, 0 ], [ 0, 0, E(3), 0, 0, 0 ],
      [ 0, 0, 0, E(3), 0, 0 ], [ 0, 0, 0, 0, E(3), 0 ], 
      [ 0, 0, 0, 0, 0, E(3) ] ] ]
   Cubic invariant basis strings: 
[ 
  "(2401/99*E(3))*x3*x6^2 + (196/99)*x3*x5^2 + (-3724/99*E(3))*x2*x6^2 + (-304/\
99)*x2*x5^2 + (49/4*E(3))*x1*x6^2 + x1*x5^2", 
  "(89/117)*x3*x4^2 + (-74/117)*x2*x4^2 + x1*x4^2", 
  "(8573047/229941855)*x3^3 + (2626802/76647285)*x2*x3^2 + (-32080118/76647285\
)*x2^2*x3 + (-91183/19305)*x2^3 + (511/11911)*x1*x3^2 + (3247/11911)*x1*x2*x3 \
+ x1*x2^2", 
  "(2108587/964791)*x3^3 + (-7430642/964791)*x2*x3^2 + (9718468/964791)*x2^2*x\
3 + (316489/107199)*x1*x3^2 + (-536542/107199)*x1*x2*x3 + x1^2*x3", 
  "(476248699/2069476695)*x3^3 + (81418846/76647285)*x2*x3^2 + (-2790307816/68\
9825565)*x2^2*x3 + (-2357266/173745)*x2^3 + (28387/107199)*x1*x3^2 + (332213/1\
07199)*x1*x2*x3 + x1^2*x2", 
  "(-8599572892/2069476695)*x3^3 + (12728961208/689825565)*x2*x3^2 + (-2017550\
6992/689825565)*x2^2*x3 + (-3531872/173745)*x2^3 + (-162604/35733)*x1*x3^2 + (\
503416/35733)*x1*x2*x3 + x1^3" ]
   Cubic invariant basis vectors: 
[ [ 0, 0, 0, 0, 0, 0, 0, 0, 0, 0, 2401/99*E(3), 0, 196/99, 0, 0, 0, 0, 0, 0, 
      0, -3724/99*E(3), 0, -304/99, 0, 0, 0, 0, 0, 0, 0, 0, 0, 0, 0, 0, 
      49/4*E(3), 0, 1, 0, 0, 0, 0, 0, 0, 0, 0, 0, 0, 0, 0, 0, 0, 0, 0, 0, 0 ],
  [ 0, 0, 0, 0, 0, 0, 0, 0, 0, 0, 0, 0, 0, 0, 0, 89/117, 0, 0, 0, 0, 0, 0, 0, 
      0, 0, -74/117, 0, 0, 0, 0, 0, 0, 0, 0, 0, 0, 0, 0, 0, 0, 1, 0, 0, 0, 0, 
      0, 0, 0, 0, 0, 0, 0, 0, 0, 0, 0 ], 
  [ 0, 0, 0, 0, 0, 0, 0, 0, 0, 0, 0, 0, 0, 0, 0, 0, 0, 0, 0, 
      8573047/229941855, 0, 0, 0, 0, 0, 0, 0, 0, 0, 2626802/76647285, 0, 0, 
      0, -32080118/76647285, -91183/19305, 0, 0, 0, 0, 0, 0, 0, 0, 0, 
      511/11911, 0, 0, 0, 3247/11911, 1, 0, 0, 0, 0, 0, 0 ], 
  [ 0, 0, 0, 0, 0, 0, 0, 0, 0, 0, 0, 0, 0, 0, 0, 0, 0, 0, 0, 2108587/964791, 
      0, 0, 0, 0, 0, 0, 0, 0, 0, -7430642/964791, 0, 0, 0, 9718468/964791, 0, 
      0, 0, 0, 0, 0, 0, 0, 0, 0, 316489/107199, 0, 0, 0, -536542/107199, 0, 
      0, 0, 0, 1, 0, 0 ], 
  [ 0, 0, 0, 0, 0, 0, 0, 0, 0, 0, 0, 0, 0, 0, 0, 0, 0, 0, 0, 
      476248699/2069476695, 0, 0, 0, 0, 0, 0, 0, 0, 0, 81418846/76647285, 0, 
      0, 0, -2790307816/689825565, -2357266/173745, 0, 0, 0, 0, 0, 0, 0, 0, 
      0, 28387/107199, 0, 0, 0, 332213/107199, 0, 0, 0, 0, 0, 1, 0 ], 
  [ 0, 0, 0, 0, 0, 0, 0, 0, 0, 0, 0, 0, 0, 0, 0, 0, 0, 0, 0, 
      -8599572892/2069476695, 0, 0, 0, 0, 0, 0, 0, 0, 0, 
      12728961208/689825565, 0, 0, 0, -20175506992/689825565, -3531872/173745,
      0, 0, 0, 0, 0, 0, 0, 0, 0, -162604/35733, 0, 0, 0, 503416/35733, 0, 0, 
      0, 0, 0, 0, 1 ] ]

67. Candidate
   Symplectic group: C2^2
   Component: 1; unique C2^2 component
   Projective group ID: [ 24, 10 ]
   Strict linear group ID: [ 72, 10 ]
   Generic index: 1
   Generic full linear containment required: false
   Generic full linear containment verified: true
   Direct known case: false
   Source records: [ "G_s=C_2x_C_2_all_liftable_non-abelian.docx" ]
   Family number within this input: 16
   Strict cubic invariant dimension: 5
   Centralizer dimension: 5
   Expected moduli dimension: 0
   Determinant image order: 6
   Gonzalez status: rejected
   Retained: false
   Gonzalez failure statuses: [ "forbidden_strict_invariant_spectrum", 
  "forbidden_strict_invariant_spectrum", "forbidden_strict_invariant_spectrum"
    , "forbidden_strict_invariant_spectrum", 
  "forbidden_strict_invariant_spectrum", 
  "forbidden_strict_invariant_spectrum" ]
   Matrix generators: 
[ [ [ 1, 0, 0, 0, 0, 0 ], [ 0, 1, 0, 0, 0, 0 ], [ 0, 0, 1, 0, 0, 0 ], 
      [ 0, 0, 0, -1, 0, 0 ], [ 0, 0, 0, 0, -1, 0 ], [ 0, 0, 0, 0, 0, 1 ] ], 
  [ [ -73/131, 714/131, -816/131, 0, 0, 0 ], 
      [ 76/131, -135/131, 304/131, 0, 0, 0 ], 
      [ 52/131, -182/131, 339/131, 0, 0, 0 ], [ 0, 0, 0, -1, 0, 0 ], 
      [ 0, 0, 0, 0, 0, 2/7*E(9)^4+2/7*E(9)^7 ], 
      [ 0, 0, 0, 0, 7/2*E(9)^2+7/2*E(9)^5, 0 ] ], 
  [ 
      [ 52/131*E(9)^4+79/131*E(9)^7, 104/131*E(9)^4-104/131*E(9)^7, 
          52/131*E(9)^4-52/131*E(9)^7, 0, 0, 0 ], 
      [ 32/131*E(9)^4-32/131*E(9)^7, 64/131*E(9)^4+67/131*E(9)^7, 
          32/131*E(9)^4-32/131*E(9)^7, 0, 0, 0 ], 
      [ 15/131*E(9)^4-15/131*E(9)^7, 30/131*E(9)^4-30/131*E(9)^7, 
          15/131*E(9)^4+116/131*E(9)^7, 0, 0, 0 ], 
      [ 0, 0, 0, -E(9)^4-E(9)^7, 0, 0 ], [ 0, 0, 0, 0, -E(9)^4-E(9)^7, 0 ], 
      [ 0, 0, 0, 0, 0, -E(9)^4-E(9)^7 ] ], 
  [ [ 1, 0, 0, 0, 0, 0 ], [ 0, 1, 0, 0, 0, 0 ], [ 0, 0, 1, 0, 0, 0 ], 
      [ 0, 0, 0, 1, 0, 0 ], [ 0, 0, 0, 0, -1, 0 ], [ 0, 0, 0, 0, 0, -1 ] ], 
  [ [ E(3), 0, 0, 0, 0, 0 ], [ 0, E(3), 0, 0, 0, 0 ], [ 0, 0, E(3), 0, 0, 0 ],
      [ 0, 0, 0, E(3), 0, 0 ], [ 0, 0, 0, 0, E(3), 0 ], 
      [ 0, 0, 0, 0, 0, E(3) ] ] ]
   Cubic invariant basis strings: 
[ 
  "(-430/1173)*x3*x6^2 + (-524/57477*E(9)^2)*x3*x5^2 + (-743/2346)*x2*x6^2 + (2\
62/57477*E(9)^2)*x2*x5^2 + x1*x6^2", 
  "(-6419/4692*E(9)^7)*x3*x6^2 + (-430/1173)*x3*x5^2 + (6419/9384*E(9)^7)*x2*x\
6^2 + (-743/2346)*x2*x5^2 + x1*x5^2", 
  "(-11/23)*x3*x4^2 + (-6/23)*x2*x4^2 + x1*x4^2", 
  "(1075/5083)*x3^3 + (1895/3588)*x2*x3^2 + (8887/121992)*x2^2*x3 + (-2972/152\
49)*x2^3 + (4765/30498)*x1*x3^2 + (-41201/60996)*x1*x2*x3 + (9109/30498)*x1*x2\
^2 + (-2)*x1^2*x3 + x1^2*x2", 
  "(12205/264316)*x3^3 + (1904/11661)*x2*x3^2 + (65959/396474)*x2^2*x3 + (1192\
0/198237)*x2^3 + (-24509/396474)*x1*x3^2 + (-84518/198237)*x1*x2*x3 + (-55702/\
198237)*x1*x2^2 + (-25/52)*x1^2*x3 + x1^3" ]
   Cubic invariant basis vectors: 
[ [ 0, 0, 0, 0, 0, 0, 0, 0, 0, 0, -430/1173, 0, -524/57477*E(9)^2, 0, 0, 0, 
      0, 0, 0, 0, -743/2346, 0, 262/57477*E(9)^2, 0, 0, 0, 0, 0, 0, 0, 0, 0, 
      0, 0, 0, 1, 0, 0, 0, 0, 0, 0, 0, 0, 0, 0, 0, 0, 0, 0, 0, 0, 0, 0, 0, 0 ]
    , [ 0, 0, 0, 0, 0, 0, 0, 0, 0, 0, -6419/4692*E(9)^7, 0, -430/1173, 0, 0, 
      0, 0, 0, 0, 0, 6419/9384*E(9)^7, 0, -743/2346, 0, 0, 0, 0, 0, 0, 0, 0, 
      0, 0, 0, 0, 0, 0, 1, 0, 0, 0, 0, 0, 0, 0, 0, 0, 0, 0, 0, 0, 0, 0, 0, 0, 
      0 ], [ 0, 0, 0, 0, 0, 0, 0, 0, 0, 0, 0, 0, 0, 0, 0, -11/23, 0, 0, 0, 0, 
      0, 0, 0, 0, 0, -6/23, 0, 0, 0, 0, 0, 0, 0, 0, 0, 0, 0, 0, 0, 0, 1, 0, 
      0, 0, 0, 0, 0, 0, 0, 0, 0, 0, 0, 0, 0, 0 ], 
  [ 0, 0, 0, 0, 0, 0, 0, 0, 0, 0, 0, 0, 0, 0, 0, 0, 0, 0, 0, 1075/5083, 0, 0, 
      0, 0, 0, 0, 0, 0, 0, 1895/3588, 0, 0, 0, 8887/121992, -2972/15249, 0, 
      0, 0, 0, 0, 0, 0, 0, 0, 4765/30498, 0, 0, 0, -41201/60996, 9109/30498, 
      0, 0, 0, -2, 1, 0 ], 
  [ 0, 0, 0, 0, 0, 0, 0, 0, 0, 0, 0, 0, 0, 0, 0, 0, 0, 0, 0, 12205/264316, 0, 
      0, 0, 0, 0, 0, 0, 0, 0, 1904/11661, 0, 0, 0, 65959/396474, 
      11920/198237, 0, 0, 0, 0, 0, 0, 0, 0, 0, -24509/396474, 0, 0, 0, 
      -84518/198237, -55702/198237, 0, 0, 0, -25/52, 0, 1 ] ]
   Gonzalez failures: [ rec(
      applicable := true,
      classIndex := 22,
      classSize := 1,
      linearOrder := 9,
      normalizingScalar := 1,
      ok := false,
      projectiveOrder := 3,
      projectivePowerScalar := E(3)^2,
      projectivePowerScalarExponent := 2,
      reason := "no_Gonzalez_strict_invariant_pattern_matches",
      status := "forbidden_strict_invariant_spectrum",
      testedCharacteristicPolynomial := 
       x1^6+(-2*E(9)^2-E(9)^5)*x1^5+(E(9)^4+2*E(9)^7)*x1^4+E(3)*x1^3+(-E(9)^2-\
2*E(9)^5)*x1^2+(-E(9)^4+E(9)^7)*x1+E(3)^2 ), rec(
      applicable := true,
      classIndex := 25,
      classSize := 1,
      linearOrder := 9,
      normalizingScalar := 1,
      ok := false,
      projectiveOrder := 3,
      projectivePowerScalar := E(3)^2,
      projectivePowerScalarExponent := 2,
      reason := "no_Gonzalez_strict_invariant_pattern_matches",
      status := "forbidden_strict_invariant_spectrum",
      testedCharacteristicPolynomial := 
       x1^6+(E(9)^2-E(9)^5)*x1^5+(E(9)^4-E(9)^7)*x1^4+E(3)*x1^3+(2*E(9)^2+E(9)\
^5)*x1^2+(2*E(9)^4+E(9)^7)*x1+E(3)^2 ), rec(
      applicable := true,
      classIndex := 30,
      classSize := 1,
      linearOrder := 9,
      normalizingScalar := 1,
      ok := false,
      projectiveOrder := 3,
      projectivePowerScalar := E(3),
      projectivePowerScalarExponent := 1,
      reason := "no_Gonzalez_strict_invariant_pattern_matches",
      status := "forbidden_strict_invariant_spectrum",
      testedCharacteristicPolynomial := 
       x1^6+(-E(9)^4+E(9)^7)*x1^5+(-E(9)^2+E(9)^5)*x1^4+E(3)^2*x1^3+(E(9)^4+2*\
E(9)^7)*x1^2+(E(9)^2+2*E(9)^5)*x1+E(3) ), rec(
      applicable := true,
      classIndex := 33,
      classSize := 1,
      linearOrder := 9,
      normalizingScalar := 1,
      ok := false,
      projectiveOrder := 3,
      projectivePowerScalar := E(3),
      projectivePowerScalarExponent := 1,
      reason := "no_Gonzalez_strict_invariant_pattern_matches",
      status := "forbidden_strict_invariant_spectrum",
      testedCharacteristicPolynomial := 
       x1^6+(-E(9)^4-2*E(9)^7)*x1^5+(2*E(9)^2+E(9)^5)*x1^4+E(3)^2*x1^3+(-2*E(9\
)^4-E(9)^7)*x1^2+(E(9)^2-E(9)^5)*x1+E(3) ), rec(
      applicable := true,
      classIndex := 36,
      classSize := 1,
      linearOrder := 9,
      normalizingScalar := 1,
      ok := false,
      projectiveOrder := 3,
      projectivePowerScalar := E(3),
      projectivePowerScalarExponent := 1,
      reason := "no_Gonzalez_strict_invariant_pattern_matches",
      status := "forbidden_strict_invariant_spectrum",
      testedCharacteristicPolynomial := 
       x1^6+(2*E(9)^4+E(9)^7)*x1^5+(-E(9)^2-2*E(9)^5)*x1^4+E(3)^2*x1^3+(E(9)^4\
-E(9)^7)*x1^2+(-2*E(9)^2-E(9)^5)*x1+E(3) ), rec(
      applicable := true,
      classIndex := 41,
      classSize := 1,
      linearOrder := 9,
      normalizingScalar := 1,
      ok := false,
      projectiveOrder := 3,
      projectivePowerScalar := E(3)^2,
      projectivePowerScalarExponent := 2,
      reason := "no_Gonzalez_strict_invariant_pattern_matches",
      status := "forbidden_strict_invariant_spectrum",
      testedCharacteristicPolynomial := 
       x1^6+(E(9)^2+2*E(9)^5)*x1^5+(-2*E(9)^4-E(9)^7)*x1^4+E(3)*x1^3+(-E(9)^2+\
E(9)^5)*x1^2+(-E(9)^4-2*E(9)^7)*x1+E(3)^2 ) ]

68. Candidate
   Symplectic group: C2^2
   Component: 1; unique C2^2 component
   Projective group ID: [ 24, 10 ]
   Strict linear group ID: [ 72, 10 ]
   Generic index: 1
   Generic full linear containment required: false
   Generic full linear containment verified: true
   Direct known case: false
   Source records: [ "G_s=C_2x_C_2_all_liftable_non-abelian.docx" ]
   Family number within this input: 17
   Strict cubic invariant dimension: 7
   Centralizer dimension: 7
   Expected moduli dimension: 0
   Determinant image order: 6
   Gonzalez status: rejected
   Retained: false
   Gonzalez failure statuses: [ "forbidden_strict_invariant_spectrum", 
  "forbidden_strict_invariant_spectrum", "forbidden_strict_invariant_spectrum"
    , "forbidden_strict_invariant_spectrum", 
  "forbidden_strict_invariant_spectrum", 
  "forbidden_strict_invariant_spectrum" ]
   Matrix generators: 
[ [ [ 1, 0, 0, 0, 0, 0 ], [ 0, 1, 0, 0, 0, 0 ], [ 0, 0, 1, 0, 0, 0 ], 
      [ 0, 0, 0, -1, 0, 0 ], [ 0, 0, 0, 0, -1, 0 ], [ 0, 0, 0, 0, 0, 1 ] ], 
  [ [ 1, 0, 0, 0, 0, 0 ], [ 0, 1, 0, 0, 0, 0 ], [ 0, 0, 1, 0, 0, 0 ], 
      [ 0, 0, 0, 1, 0, 0 ], [ 0, 0, 0, 0, 0, 2/7*E(9)^4+2/7*E(9)^7 ], 
      [ 0, 0, 0, 0, 7/2*E(9)^2+7/2*E(9)^5, 0 ] ], 
  [ 
      [ 52/131*E(9)^4+79/131*E(9)^7, 104/131*E(9)^4-104/131*E(9)^7, 
          52/131*E(9)^4-52/131*E(9)^7, 0, 0, 0 ], 
      [ 32/131*E(9)^4-32/131*E(9)^7, 64/131*E(9)^4+67/131*E(9)^7, 
          32/131*E(9)^4-32/131*E(9)^7, 0, 0, 0 ], 
      [ 15/131*E(9)^4-15/131*E(9)^7, 30/131*E(9)^4-30/131*E(9)^7, 
          15/131*E(9)^4+116/131*E(9)^7, 0, 0, 0 ], 
      [ 0, 0, 0, -E(9)^4-E(9)^7, 0, 0 ], [ 0, 0, 0, 0, -E(9)^4-E(9)^7, 0 ], 
      [ 0, 0, 0, 0, 0, -E(9)^4-E(9)^7 ] ], 
  [ [ 1, 0, 0, 0, 0, 0 ], [ 0, 1, 0, 0, 0, 0 ], [ 0, 0, 1, 0, 0, 0 ], 
      [ 0, 0, 0, 1, 0, 0 ], [ 0, 0, 0, 0, -1, 0 ], [ 0, 0, 0, 0, 0, -1 ] ], 
  [ [ E(3), 0, 0, 0, 0, 0 ], [ 0, E(3), 0, 0, 0, 0 ], [ 0, 0, E(3), 0, 0, 0 ],
      [ 0, 0, 0, E(3), 0, 0 ], [ 0, 0, 0, 0, E(3), 0 ], 
      [ 0, 0, 0, 0, 0, E(3) ] ] ]
   Cubic invariant basis strings: 
[ "(-49/2*E(9)^7)*x3*x6^2 + (-2)*x3*x5^2 + (49/4*E(9)^7)*x2*x6^2 + x2*x5^2", 
  "(-2)*x3*x4^2 + x2*x4^2", 
  "(-49/4*E(9)^7)*x3*x6^2 + -x3*x5^2 + (49/4*E(9)^7)*x1*x6^2 + x1*x5^2", 
  "-x3*x4^2 + x1*x4^2", 
  "(15/13)*x3^3 + (17/13)*x2*x3^2 + (-113/52)*x2^2*x3 + (8/13)*x2^3 + (4)*x1*x\
3^2 + (-4)*x1*x2*x3 + x1*x2^2", 
  "(-45/338)*x3^3 + (93/676)*x2*x3^2 + (122/169)*x2^2*x3 + (-64/169)*x2^3 + (-\
27/26)*x1*x3^2 + (27/52)*x1*x2*x3 + (-2)*x1^2*x3 + x1^2*x2", 
  "(3255/8788)*x3^3 + (1166/2197)*x2*x3^2 + (-976/2197)*x2^2*x3 + (512/2197)*x\
2^3 + (359/338)*x1*x3^2 + (-262/169)*x1*x2*x3 + (-25/52)*x1^2*x3 + x1^3" ]
   Cubic invariant basis vectors: 
[ [ 0, 0, 0, 0, 0, 0, 0, 0, 0, 0, -49/2*E(9)^7, 0, -2, 0, 0, 0, 0, 0, 0, 0, 
      49/4*E(9)^7, 0, 1, 0, 0, 0, 0, 0, 0, 0, 0, 0, 0, 0, 0, 0, 0, 0, 0, 0, 
      0, 0, 0, 0, 0, 0, 0, 0, 0, 0, 0, 0, 0, 0, 0, 0 ], 
  [ 0, 0, 0, 0, 0, 0, 0, 0, 0, 0, 0, 0, 0, 0, 0, -2, 0, 0, 0, 0, 0, 0, 0, 0, 
      0, 1, 0, 0, 0, 0, 0, 0, 0, 0, 0, 0, 0, 0, 0, 0, 0, 0, 0, 0, 0, 0, 0, 0, 
      0, 0, 0, 0, 0, 0, 0, 0 ], 
  [ 0, 0, 0, 0, 0, 0, 0, 0, 0, 0, -49/4*E(9)^7, 0, -1, 0, 0, 0, 0, 0, 0, 0, 
      0, 0, 0, 0, 0, 0, 0, 0, 0, 0, 0, 0, 0, 0, 0, 49/4*E(9)^7, 0, 1, 0, 0, 
      0, 0, 0, 0, 0, 0, 0, 0, 0, 0, 0, 0, 0, 0, 0, 0 ], 
  [ 0, 0, 0, 0, 0, 0, 0, 0, 0, 0, 0, 0, 0, 0, 0, -1, 0, 0, 0, 0, 0, 0, 0, 0, 
      0, 0, 0, 0, 0, 0, 0, 0, 0, 0, 0, 0, 0, 0, 0, 0, 1, 0, 0, 0, 0, 0, 0, 0, 
      0, 0, 0, 0, 0, 0, 0, 0 ], 
  [ 0, 0, 0, 0, 0, 0, 0, 0, 0, 0, 0, 0, 0, 0, 0, 0, 0, 0, 0, 15/13, 0, 0, 0, 
      0, 0, 0, 0, 0, 0, 17/13, 0, 0, 0, -113/52, 8/13, 0, 0, 0, 0, 0, 0, 0, 
      0, 0, 4, 0, 0, 0, -4, 1, 0, 0, 0, 0, 0, 0 ], 
  [ 0, 0, 0, 0, 0, 0, 0, 0, 0, 0, 0, 0, 0, 0, 0, 0, 0, 0, 0, -45/338, 0, 0, 
      0, 0, 0, 0, 0, 0, 0, 93/676, 0, 0, 0, 122/169, -64/169, 0, 0, 0, 0, 0, 
      0, 0, 0, 0, -27/26, 0, 0, 0, 27/52, 0, 0, 0, 0, -2, 1, 0 ], 
  [ 0, 0, 0, 0, 0, 0, 0, 0, 0, 0, 0, 0, 0, 0, 0, 0, 0, 0, 0, 3255/8788, 0, 0, 
      0, 0, 0, 0, 0, 0, 0, 1166/2197, 0, 0, 0, -976/2197, 512/2197, 0, 0, 0, 
      0, 0, 0, 0, 0, 0, 359/338, 0, 0, 0, -262/169, 0, 0, 0, 0, -25/52, 0, 1 
     ] ]
   Gonzalez failures: [ rec(
      applicable := true,
      classIndex := 20,
      classSize := 1,
      linearOrder := 9,
      normalizingScalar := 1,
      ok := false,
      projectiveOrder := 3,
      projectivePowerScalar := E(3)^2,
      projectivePowerScalarExponent := 2,
      reason := "no_Gonzalez_strict_invariant_pattern_matches",
      status := "forbidden_strict_invariant_spectrum",
      testedCharacteristicPolynomial := 
       x1^6+(-2*E(9)^2-E(9)^5)*x1^5+(E(9)^4+2*E(9)^7)*x1^4+E(3)*x1^3+(-E(9)^2-\
2*E(9)^5)*x1^2+(-E(9)^4+E(9)^7)*x1+E(3)^2 ), rec(
      applicable := true,
      classIndex := 25,
      classSize := 1,
      linearOrder := 9,
      normalizingScalar := 1,
      ok := false,
      projectiveOrder := 3,
      projectivePowerScalar := E(3)^2,
      projectivePowerScalarExponent := 2,
      reason := "no_Gonzalez_strict_invariant_pattern_matches",
      status := "forbidden_strict_invariant_spectrum",
      testedCharacteristicPolynomial := 
       x1^6+(E(9)^2-E(9)^5)*x1^5+(E(9)^4-E(9)^7)*x1^4+E(3)*x1^3+(2*E(9)^2+E(9)\
^5)*x1^2+(2*E(9)^4+E(9)^7)*x1+E(3)^2 ), rec(
      applicable := true,
      classIndex := 30,
      classSize := 1,
      linearOrder := 9,
      normalizingScalar := 1,
      ok := false,
      projectiveOrder := 3,
      projectivePowerScalar := E(3),
      projectivePowerScalarExponent := 1,
      reason := "no_Gonzalez_strict_invariant_pattern_matches",
      status := "forbidden_strict_invariant_spectrum",
      testedCharacteristicPolynomial := 
       x1^6+(-E(9)^4+E(9)^7)*x1^5+(-E(9)^2+E(9)^5)*x1^4+E(3)^2*x1^3+(E(9)^4+2*\
E(9)^7)*x1^2+(E(9)^2+2*E(9)^5)*x1+E(3) ), rec(
      applicable := true,
      classIndex := 35,
      classSize := 1,
      linearOrder := 9,
      normalizingScalar := 1,
      ok := false,
      projectiveOrder := 3,
      projectivePowerScalar := E(3),
      projectivePowerScalarExponent := 1,
      reason := "no_Gonzalez_strict_invariant_pattern_matches",
      status := "forbidden_strict_invariant_spectrum",
      testedCharacteristicPolynomial := 
       x1^6+(-E(9)^4-2*E(9)^7)*x1^5+(2*E(9)^2+E(9)^5)*x1^4+E(3)^2*x1^3+(-2*E(9\
)^4-E(9)^7)*x1^2+(E(9)^2-E(9)^5)*x1+E(3) ), rec(
      applicable := true,
      classIndex := 37,
      classSize := 1,
      linearOrder := 9,
      normalizingScalar := 1,
      ok := false,
      projectiveOrder := 3,
      projectivePowerScalar := E(3),
      projectivePowerScalarExponent := 1,
      reason := "no_Gonzalez_strict_invariant_pattern_matches",
      status := "forbidden_strict_invariant_spectrum",
      testedCharacteristicPolynomial := 
       x1^6+(2*E(9)^4+E(9)^7)*x1^5+(-E(9)^2-2*E(9)^5)*x1^4+E(3)^2*x1^3+(E(9)^4\
-E(9)^7)*x1^2+(-2*E(9)^2-E(9)^5)*x1+E(3) ), rec(
      applicable := true,
      classIndex := 42,
      classSize := 1,
      linearOrder := 9,
      normalizingScalar := 1,
      ok := false,
      projectiveOrder := 3,
      projectivePowerScalar := E(3)^2,
      projectivePowerScalarExponent := 2,
      reason := "no_Gonzalez_strict_invariant_pattern_matches",
      status := "forbidden_strict_invariant_spectrum",
      testedCharacteristicPolynomial := 
       x1^6+(E(9)^2+2*E(9)^5)*x1^5+(-2*E(9)^4-E(9)^7)*x1^4+E(3)*x1^3+(-E(9)^2+\
E(9)^5)*x1^2+(-E(9)^4-2*E(9)^7)*x1+E(3)^2 ) ]

69. Candidate
   Symplectic group: C2^2
   Component: 1; unique C2^2 component
   Projective group ID: [ 24, 10 ]
   Strict linear group ID: [ 72, 10 ]
   Generic index: 1
   Generic full linear containment required: false
   Generic full linear containment verified: true
   Direct known case: false
   Source records: [ "G_s=C_2x_C_2_all_liftable_non-abelian.docx" ]
   Family number within this input: 18
   Strict cubic invariant dimension: 5
   Centralizer dimension: 5
   Expected moduli dimension: 0
   Determinant image order: 6
   Gonzalez status: rejected
   Retained: false
   Gonzalez failure statuses: [ "forbidden_strict_invariant_spectrum", 
  "forbidden_strict_invariant_spectrum", "forbidden_strict_invariant_spectrum"
    , "forbidden_strict_invariant_spectrum", 
  "forbidden_strict_invariant_spectrum", 
  "forbidden_strict_invariant_spectrum" ]
   Matrix generators: 
[ [ [ 1, 0, 0, 0, 0, 0 ], [ 0, 1, 0, 0, 0, 0 ], [ 0, 0, 1, 0, 0, 0 ], 
      [ 0, 0, 0, -1, 0, 0 ], [ 0, 0, 0, 0, -1, 0 ], [ 0, 0, 0, 0, 0, 1 ] ], 
  [ [ 1, 0, 0, 0, 0, 0 ], [ 0, 1, 0, 0, 0, 0 ], [ 0, 0, 1, 0, 0, 0 ], 
      [ 0, 0, 0, 1, 0, 0 ], [ 0, 0, 0, 0, 0, 7/2*E(9)^2 ], 
      [ 0, 0, 0, 0, 2/7*E(9)^7, 0 ] ], 
  [ [ -337/523*E(9)^4+740/523*E(9)^7, 12/523*E(9)^4+123/523*E(9)^7, 
          453/523*E(9)^4-183/523*E(9)^7, 0, 0, 0 ], 
      [ 3992/1569*E(9)^4-224/1569*E(9)^7, -1109/1569*E(9)^4-1561/1569*E(9)^7, 
          -6170/1569*E(9)^4-2308/1569*E(9)^7, 0, 0, 0 ], 
      [ -1748/1569*E(9)^4+1796/1569*E(9)^7, -214/1569*E(9)^4+160/1569*E(9)^7, 
          2120/1569*E(9)^4-659/1569*E(9)^7, 0, 0, 0 ], 
      [ 0, 0, 0, E(9)^7, 0, 0 ], [ 0, 0, 0, 0, E(9)^7, 0 ], 
      [ 0, 0, 0, 0, 0, E(9)^7 ] ], 
  [ [ 1, 0, 0, 0, 0, 0 ], [ 0, 1, 0, 0, 0, 0 ], [ 0, 0, 1, 0, 0, 0 ], 
      [ 0, 0, 0, 1, 0, 0 ], [ 0, 0, 0, 0, -1, 0 ], [ 0, 0, 0, 0, 0, -1 ] ], 
  [ [ E(3), 0, 0, 0, 0, 0 ], [ 0, E(3), 0, 0, 0, 0 ], [ 0, 0, E(3), 0, 0, 0 ],
      [ 0, 0, 0, E(3), 0, 0 ], [ 0, 0, 0, 0, E(3), 0 ], 
      [ 0, 0, 0, 0, 0, E(3) ] ] ]
   Cubic invariant basis strings: 
[ 
  "(16/99*E(9)^5)*x3*x6^2 + (196/99)*x3*x5^2 + (-1216/4851*E(9)^5)*x2*x6^2 + (-\
304/99)*x2*x5^2 + (4/49*E(9)^5)*x1*x6^2 + x1*x5^2", 
  "(196/99)*x3*x4^2 + (-304/99)*x2*x4^2 + x1*x4^2", 
  "(-130201784/372683025)*x3^3 + (-2006632868/124227675)*x2*x3^2 + (1121735551\
/41409225)*x2^2*x3 + (-7400451046/372683025)*x2^3 + (41800937/41409225)*x1*x3^\
2 + (-691697146/41409225)*x1*x2*x3 + (-251495533/41409225)*x1*x2^2 + x1^2*x3",
  "(47210164/372683025)*x3^3 + (308441728/124227675)*x2*x3^2 + (-382803596/414\
09225)*x2^2*x3 + (2763713816/372683025)*x2^3 + (1778723/41409225)*x1*x3^2 + (1\
32318116/41409225)*x1*x2*x3 + (-240914032/41409225)*x1*x2^2 + x1^2*x2", 
  "(250958612/86003775)*x3^3 + (1824338024/28667925)*x2*x3^2 + (-1253524918/95\
55975)*x2^2*x3 + (8638833628/86003775)*x2^3 + (2318209/9555975)*x1*x3^2 + (613\
484728/9555975)*x1*x2*x3 + (3096094/9555975)*x1*x2^2 + x1^3" ]
   Cubic invariant basis vectors: 
[ [ 0, 0, 0, 0, 0, 0, 0, 0, 0, 0, 16/99*E(9)^5, 0, 196/99, 0, 0, 0, 0, 0, 0, 
      0, -1216/4851*E(9)^5, 0, -304/99, 0, 0, 0, 0, 0, 0, 0, 0, 0, 0, 0, 0, 
      4/49*E(9)^5, 0, 1, 0, 0, 0, 0, 0, 0, 0, 0, 0, 0, 0, 0, 0, 0, 0, 0, 0, 0 
     ], [ 0, 0, 0, 0, 0, 0, 0, 0, 0, 0, 0, 0, 0, 0, 0, 196/99, 0, 0, 0, 0, 0, 
      0, 0, 0, 0, -304/99, 0, 0, 0, 0, 0, 0, 0, 0, 0, 0, 0, 0, 0, 0, 1, 0, 0, 
      0, 0, 0, 0, 0, 0, 0, 0, 0, 0, 0, 0, 0 ], 
  [ 0, 0, 0, 0, 0, 0, 0, 0, 0, 0, 0, 0, 0, 0, 0, 0, 0, 0, 0, 
      -130201784/372683025, 0, 0, 0, 0, 0, 0, 0, 0, 0, -2006632868/124227675, 
      0, 0, 0, 1121735551/41409225, -7400451046/372683025, 0, 0, 0, 0, 0, 0, 
      0, 0, 0, 41800937/41409225, 0, 0, 0, -691697146/41409225, 
      -251495533/41409225, 0, 0, 0, 1, 0, 0 ], 
  [ 0, 0, 0, 0, 0, 0, 0, 0, 0, 0, 0, 0, 0, 0, 0, 0, 0, 0, 0, 
      47210164/372683025, 0, 0, 0, 0, 0, 0, 0, 0, 0, 308441728/124227675, 0, 
      0, 0, -382803596/41409225, 2763713816/372683025, 0, 0, 0, 0, 0, 0, 0, 
      0, 0, 1778723/41409225, 0, 0, 0, 132318116/41409225, 
      -240914032/41409225, 0, 0, 0, 0, 1, 0 ], 
  [ 0, 0, 0, 0, 0, 0, 0, 0, 0, 0, 0, 0, 0, 0, 0, 0, 0, 0, 0, 
      250958612/86003775, 0, 0, 0, 0, 0, 0, 0, 0, 0, 1824338024/28667925, 0, 
      0, 0, -1253524918/9555975, 8638833628/86003775, 0, 0, 0, 0, 0, 0, 0, 0, 
      0, 2318209/9555975, 0, 0, 0, 613484728/9555975, 3096094/9555975, 0, 0, 
      0, 0, 0, 1 ] ]
   Gonzalez failures: [ rec(
      applicable := true,
      classIndex := 17,
      classSize := 1,
      linearOrder := 9,
      normalizingScalar := 1,
      ok := false,
      projectiveOrder := 3,
      projectivePowerScalar := E(3)^2,
      projectivePowerScalarExponent := 2,
      reason := "no_Gonzalez_strict_invariant_pattern_matches",
      status := "forbidden_strict_invariant_spectrum",
      testedCharacteristicPolynomial := 
       x1^6+(3*E(9)^2+3*E(9)^5)*x1^5+3*E(9)^7*x1^4+(-2*E(3)^2)*x1^3+3*E(9)^5*x\
1^2+(-3*E(9)^4)*x1+E(3) ), rec(
      applicable := true,
      classIndex := 22,
      classSize := 1,
      linearOrder := 9,
      normalizingScalar := 1,
      ok := false,
      projectiveOrder := 3,
      projectivePowerScalar := E(3),
      projectivePowerScalarExponent := 1,
      reason := "no_Gonzalez_strict_invariant_pattern_matches",
      status := "forbidden_strict_invariant_spectrum",
      testedCharacteristicPolynomial := 
       x1^6+(3*E(9)^4+3*E(9)^7)*x1^5+3*E(9)^2*x1^4+(-2*E(3))*x1^3+3*E(9)^4*x1^\
2+(-3*E(9)^5)*x1+E(3)^2 ), rec(
      applicable := true,
      classIndex := 30,
      classSize := 1,
      linearOrder := 9,
      normalizingScalar := 1,
      ok := false,
      projectiveOrder := 3,
      projectivePowerScalar := E(3),
      projectivePowerScalarExponent := 1,
      reason := "no_Gonzalez_strict_invariant_pattern_matches",
      status := "forbidden_strict_invariant_spectrum",
      testedCharacteristicPolynomial := 
       x1^6+(-3*E(9)^7)*x1^5+3*E(9)^5*x1^4+(-2*E(3))*x1^3+(-3*E(9)^4-3*E(9)^7)\
*x1^2+(3*E(9)^2+3*E(9)^5)*x1+E(3)^2 ), rec(
      applicable := true,
      classIndex := 35,
      classSize := 1,
      linearOrder := 9,
      normalizingScalar := 1,
      ok := false,
      projectiveOrder := 3,
      projectivePowerScalar := E(3),
      projectivePowerScalarExponent := 1,
      reason := "no_Gonzalez_strict_invariant_pattern_matches",
      status := "forbidden_strict_invariant_spectrum",
      testedCharacteristicPolynomial := 
       x1^6+(-3*E(9)^4)*x1^5+(-3*E(9)^2-3*E(9)^5)*x1^4+(-2*E(3))*x1^3+3*E(9)^7\
*x1^2+(-3*E(9)^2)*x1+E(3)^2 ), rec(
      applicable := true,
      classIndex := 40,
      classSize := 1,
      linearOrder := 9,
      normalizingScalar := 1,
      ok := false,
      projectiveOrder := 3,
      projectivePowerScalar := E(3)^2,
      projectivePowerScalarExponent := 2,
      reason := "no_Gonzalez_strict_invariant_pattern_matches",
      status := "forbidden_strict_invariant_spectrum",
      testedCharacteristicPolynomial := 
       x1^6+(-3*E(9)^5)*x1^5+(-3*E(9)^4-3*E(9)^7)*x1^4+(-2*E(3)^2)*x1^3+3*E(9)\
^2*x1^2+(-3*E(9)^7)*x1+E(3) ), rec(
      applicable := true,
      classIndex := 45,
      classSize := 1,
      linearOrder := 9,
      normalizingScalar := 1,
      ok := false,
      projectiveOrder := 3,
      projectivePowerScalar := E(3)^2,
      projectivePowerScalarExponent := 2,
      reason := "no_Gonzalez_strict_invariant_pattern_matches",
      status := "forbidden_strict_invariant_spectrum",
      testedCharacteristicPolynomial := 
       x1^6+(-3*E(9)^2)*x1^5+3*E(9)^4*x1^4+(-2*E(3)^2)*x1^3+(-3*E(9)^2-3*E(9)^\
5)*x1^2+(3*E(9)^4+3*E(9)^7)*x1+E(3) ) ]

70. Candidate
   Symplectic group: C2^2
   Component: 1; unique C2^2 component
   Projective group ID: [ 24, 10 ]
   Strict linear group ID: [ 72, 10 ]
   Generic index: 1
   Generic full linear containment required: false
   Generic full linear containment verified: true
   Direct known case: false
   Source records: [ "G_s=C_2x_C_2_all_liftable_non-abelian.docx" ]
   Family number within this input: 19
   Strict cubic invariant dimension: 6
   Centralizer dimension: 5
   Expected moduli dimension: 1
   Determinant image order: 6
   Gonzalez status: rejected
   Retained: false
   Gonzalez failure statuses: [ "forbidden_strict_invariant_spectrum", 
  "forbidden_strict_invariant_spectrum", "forbidden_strict_invariant_spectrum"
    , "forbidden_strict_invariant_spectrum", 
  "forbidden_strict_invariant_spectrum", 
  "forbidden_strict_invariant_spectrum" ]
   Matrix generators: 
[ [ [ 1, 0, 0, 0, 0, 0 ], [ 0, 1, 0, 0, 0, 0 ], [ 0, 0, 1, 0, 0, 0 ], 
      [ 0, 0, 0, -1, 0, 0 ], [ 0, 0, 0, 0, -1, 0 ], [ 0, 0, 0, 0, 0, 1 ] ], 
  [ [ 1, 0, 0, 0, 0, 0 ], [ 0, 1, 0, 0, 0, 0 ], [ 0, 0, 1, 0, 0, 0 ], 
      [ 0, 0, 0, 1, 0, 0 ], [ 0, 0, 0, 0, 0, 2/7*E(9)^4+2/7*E(9)^7 ], 
      [ 0, 0, 0, 0, 7/2*E(9)^2+7/2*E(9)^5, 0 ] ], 
  [ [ -337/523*E(9)^4+740/523*E(9)^7, 12/523*E(9)^4+123/523*E(9)^7, 
          453/523*E(9)^4-183/523*E(9)^7, 0, 0, 0 ], 
      [ 3992/1569*E(9)^4-224/1569*E(9)^7, -1109/1569*E(9)^4-1561/1569*E(9)^7, 
          -6170/1569*E(9)^4-2308/1569*E(9)^7, 0, 0, 0 ], 
      [ -1748/1569*E(9)^4+1796/1569*E(9)^7, -214/1569*E(9)^4+160/1569*E(9)^7, 
          2120/1569*E(9)^4-659/1569*E(9)^7, 0, 0, 0 ], 
      [ 0, 0, 0, E(9)^7, 0, 0 ], [ 0, 0, 0, 0, -E(9)^4-E(9)^7, 0 ], 
      [ 0, 0, 0, 0, 0, -E(9)^4-E(9)^7 ] ], 
  [ [ 1, 0, 0, 0, 0, 0 ], [ 0, 1, 0, 0, 0, 0 ], [ 0, 0, 1, 0, 0, 0 ], 
      [ 0, 0, 0, 1, 0, 0 ], [ 0, 0, 0, 0, -1, 0 ], [ 0, 0, 0, 0, 0, -1 ] ], 
  [ [ E(3), 0, 0, 0, 0, 0 ], [ 0, E(3), 0, 0, 0, 0 ], [ 0, 0, E(3), 0, 0, 0 ],
      [ 0, 0, 0, E(3), 0, 0 ], [ 0, 0, 0, 0, E(3), 0 ], 
      [ 0, 0, 0, 0, 0, E(3) ] ] ]
   Cubic invariant basis strings: 
[ "x4*x5*x6", 
  "(4361/468*E(9)^7)*x3*x6^2 + (89/117)*x3*x5^2 + (-1813/234*E(9)^7)*x2*x6^2 +\
 (-74/117)*x2*x5^2 + (49/4*E(9)^7)*x1*x6^2 + x1*x5^2", 
  "(196/99)*x3*x4^2 + (-304/99)*x2*x4^2 + x1*x4^2", 
  "(-130201784/372683025)*x3^3 + (-2006632868/124227675)*x2*x3^2 + (1121735551\
/41409225)*x2^2*x3 + (-7400451046/372683025)*x2^3 + (41800937/41409225)*x1*x3^\
2 + (-691697146/41409225)*x1*x2*x3 + (-251495533/41409225)*x1*x2^2 + x1^2*x3",
  "(47210164/372683025)*x3^3 + (308441728/124227675)*x2*x3^2 + (-382803596/414\
09225)*x2^2*x3 + (2763713816/372683025)*x2^3 + (1778723/41409225)*x1*x3^2 + (1\
32318116/41409225)*x1*x2*x3 + (-240914032/41409225)*x1*x2^2 + x1^2*x2", 
  "(250958612/86003775)*x3^3 + (1824338024/28667925)*x2*x3^2 + (-1253524918/95\
55975)*x2^2*x3 + (8638833628/86003775)*x2^3 + (2318209/9555975)*x1*x3^2 + (613\
484728/9555975)*x1*x2*x3 + (3096094/9555975)*x1*x2^2 + x1^3" ]
   Cubic invariant basis vectors: 
[ [ 0, 0, 0, 0, 0, 1, 0, 0, 0, 0, 0, 0, 0, 0, 0, 0, 0, 0, 0, 0, 0, 0, 0, 0, 
      0, 0, 0, 0, 0, 0, 0, 0, 0, 0, 0, 0, 0, 0, 0, 0, 0, 0, 0, 0, 0, 0, 0, 0, 
      0, 0, 0, 0, 0, 0, 0, 0 ], 
  [ 0, 0, 0, 0, 0, 0, 0, 0, 0, 0, 4361/468*E(9)^7, 0, 89/117, 0, 0, 0, 0, 0, 
      0, 0, -1813/234*E(9)^7, 0, -74/117, 0, 0, 0, 0, 0, 0, 0, 0, 0, 0, 0, 0, 
      49/4*E(9)^7, 0, 1, 0, 0, 0, 0, 0, 0, 0, 0, 0, 0, 0, 0, 0, 0, 0, 0, 0, 0 
     ], [ 0, 0, 0, 0, 0, 0, 0, 0, 0, 0, 0, 0, 0, 0, 0, 196/99, 0, 0, 0, 0, 0, 
      0, 0, 0, 0, -304/99, 0, 0, 0, 0, 0, 0, 0, 0, 0, 0, 0, 0, 0, 0, 1, 0, 0, 
      0, 0, 0, 0, 0, 0, 0, 0, 0, 0, 0, 0, 0 ], 
  [ 0, 0, 0, 0, 0, 0, 0, 0, 0, 0, 0, 0, 0, 0, 0, 0, 0, 0, 0, 
      -130201784/372683025, 0, 0, 0, 0, 0, 0, 0, 0, 0, -2006632868/124227675, 
      0, 0, 0, 1121735551/41409225, -7400451046/372683025, 0, 0, 0, 0, 0, 0, 
      0, 0, 0, 41800937/41409225, 0, 0, 0, -691697146/41409225, 
      -251495533/41409225, 0, 0, 0, 1, 0, 0 ], 
  [ 0, 0, 0, 0, 0, 0, 0, 0, 0, 0, 0, 0, 0, 0, 0, 0, 0, 0, 0, 
      47210164/372683025, 0, 0, 0, 0, 0, 0, 0, 0, 0, 308441728/124227675, 0, 
      0, 0, -382803596/41409225, 2763713816/372683025, 0, 0, 0, 0, 0, 0, 0, 
      0, 0, 1778723/41409225, 0, 0, 0, 132318116/41409225, 
      -240914032/41409225, 0, 0, 0, 0, 1, 0 ], 
  [ 0, 0, 0, 0, 0, 0, 0, 0, 0, 0, 0, 0, 0, 0, 0, 0, 0, 0, 0, 
      250958612/86003775, 0, 0, 0, 0, 0, 0, 0, 0, 0, 1824338024/28667925, 0, 
      0, 0, -1253524918/9555975, 8638833628/86003775, 0, 0, 0, 0, 0, 0, 0, 0, 
      0, 2318209/9555975, 0, 0, 0, 613484728/9555975, 3096094/9555975, 0, 0, 
      0, 0, 0, 1 ] ]
   Gonzalez failures: [ rec(
      applicable := true,
      classIndex := 18,
      classSize := 1,
      linearOrder := 9,
      normalizingScalar := 1,
      ok := false,
      projectiveOrder := 3,
      projectivePowerScalar := E(3)^2,
      projectivePowerScalarExponent := 2,
      reason := "no_Gonzalez_strict_invariant_pattern_matches",
      status := "forbidden_strict_invariant_spectrum",
      testedCharacteristicPolynomial := 
       x1^6+(E(9)^2-E(9)^5)*x1^5+(E(9)^4-E(9)^7)*x1^4+E(3)*x1^3+(2*E(9)^2+E(9)\
^5)*x1^2+(2*E(9)^4+E(9)^7)*x1+E(3)^2 ), rec(
      applicable := true,
      classIndex := 23,
      classSize := 1,
      linearOrder := 9,
      normalizingScalar := 1,
      ok := false,
      projectiveOrder := 3,
      projectivePowerScalar := E(3),
      projectivePowerScalarExponent := 1,
      reason := "no_Gonzalez_strict_invariant_pattern_matches",
      status := "forbidden_strict_invariant_spectrum",
      testedCharacteristicPolynomial := 
       x1^6+(-E(9)^4+E(9)^7)*x1^5+(-E(9)^2+E(9)^5)*x1^4+E(3)^2*x1^3+(E(9)^4+2*\
E(9)^7)*x1^2+(E(9)^2+2*E(9)^5)*x1+E(3) ), rec(
      applicable := true,
      classIndex := 29,
      classSize := 1,
      linearOrder := 9,
      normalizingScalar := 1,
      ok := false,
      projectiveOrder := 3,
      projectivePowerScalar := E(3),
      projectivePowerScalarExponent := 1,
      reason := "no_Gonzalez_strict_invariant_pattern_matches",
      status := "forbidden_strict_invariant_spectrum",
      testedCharacteristicPolynomial := 
       x1^6+(2*E(9)^4+E(9)^7)*x1^5+(-E(9)^2-2*E(9)^5)*x1^4+E(3)^2*x1^3+(E(9)^4\
-E(9)^7)*x1^2+(-2*E(9)^2-E(9)^5)*x1+E(3) ), rec(
      applicable := true,
      classIndex := 35,
      classSize := 1,
      linearOrder := 9,
      normalizingScalar := 1,
      ok := false,
      projectiveOrder := 3,
      projectivePowerScalar := E(3),
      projectivePowerScalarExponent := 1,
      reason := "no_Gonzalez_strict_invariant_pattern_matches",
      status := "forbidden_strict_invariant_spectrum",
      testedCharacteristicPolynomial := 
       x1^6+(-E(9)^4-2*E(9)^7)*x1^5+(2*E(9)^2+E(9)^5)*x1^4+E(3)^2*x1^3+(-2*E(9\
)^4-E(9)^7)*x1^2+(E(9)^2-E(9)^5)*x1+E(3) ), rec(
      applicable := true,
      classIndex := 40,
      classSize := 1,
      linearOrder := 9,
      normalizingScalar := 1,
      ok := false,
      projectiveOrder := 3,
      projectivePowerScalar := E(3)^2,
      projectivePowerScalarExponent := 2,
      reason := "no_Gonzalez_strict_invariant_pattern_matches",
      status := "forbidden_strict_invariant_spectrum",
      testedCharacteristicPolynomial := 
       x1^6+(-2*E(9)^2-E(9)^5)*x1^5+(E(9)^4+2*E(9)^7)*x1^4+E(3)*x1^3+(-E(9)^2-\
2*E(9)^5)*x1^2+(-E(9)^4+E(9)^7)*x1+E(3)^2 ), rec(
      applicable := true,
      classIndex := 44,
      classSize := 1,
      linearOrder := 9,
      normalizingScalar := 1,
      ok := false,
      projectiveOrder := 3,
      projectivePowerScalar := E(3)^2,
      projectivePowerScalarExponent := 2,
      reason := "no_Gonzalez_strict_invariant_pattern_matches",
      status := "forbidden_strict_invariant_spectrum",
      testedCharacteristicPolynomial := 
       x1^6+(E(9)^2+2*E(9)^5)*x1^5+(-2*E(9)^4-E(9)^7)*x1^4+E(3)*x1^3+(-E(9)^2+\
E(9)^5)*x1^2+(-E(9)^4-2*E(9)^7)*x1+E(3)^2 ) ]

71. Candidate
   Symplectic group: C4
   Component: 1; unique C4 component
   Projective group ID: [ 8, 4 ]
   Strict linear group ID: [ 24, 11 ]
   Generic index: 1
   Generic full linear containment required: false
   Generic full linear containment verified: true
   Direct known case: false
   Source records: [ "G_s=C_4,_liftable,_non-abelian.docx" ]
   Family number within this input: 1
   Strict cubic invariant dimension: 8
   Centralizer dimension: 7
   Expected moduli dimension: 1
   Determinant image order: 2
   Gonzalez status: passed
   Retained: true
   Gonzalez failure statuses: [  ]
   Matrix generators: 
[ [ [ 1, 0, 0, 0, 0, 0 ], [ 0, 1, 0, 0, 0, 0 ], [ 0, 0, -1, 0, 0, 0 ], 
      [ 0, 0, 0, -1, 0, 0 ], [ 0, 0, 0, 0, E(4), 0 ], 
      [ 0, 0, 0, 0, 0, -E(4) ] ], 
  [ [ -25/101, 72/101, 0, 0, 0, 0 ], [ 133/101, 25/101, 0, 0, 0, 0 ], 
      [ 0, 0, -1, 0, 0, 0 ], [ 0, 0, 0, -1, 0, 0 ], 
      [ 0, 0, 0, 0, 0, 3/4*E(4) ], [ 0, 0, 0, 0, 4/3*E(4), 0 ] ], 
  [ [ 1, 0, 0, 0, 0, 0 ], [ 0, 1, 0, 0, 0, 0 ], [ 0, 0, 1, 0, 0, 0 ], 
      [ 0, 0, 0, 1, 0, 0 ], [ 0, 0, 0, 0, -1, 0 ], [ 0, 0, 0, 0, 0, -1 ] ], 
  [ [ E(3), 0, 0, 0, 0, 0 ], [ 0, E(3), 0, 0, 0, 0 ], [ 0, 0, E(3), 0, 0, 0 ],
      [ 0, 0, 0, E(3), 0, 0 ], [ 0, 0, 0, 0, E(3), 0 ], 
      [ 0, 0, 0, 0, 0, E(3) ] ] ]
   Cubic invariant basis strings: 
[ "(16/9)*x4*x6^2 + x4*x5^2", "(16/9)*x3*x6^2 + x3*x5^2", 
  "(-19/18)*x2*x5*x6 + x1*x5*x6", "(7/4)*x2*x4^2 + x1*x4^2", 
  "(7/4)*x2*x3*x4 + x1*x3*x4", "(7/4)*x2*x3^2 + x1*x3^2", 
  "(175/288)*x2^3 + (151/72)*x1*x2^2 + x1^2*x2", 
  "(833/384)*x2^3 + (-175/96)*x1*x2^2 + x1^3" ]
   Cubic invariant basis vectors: 
[ [ 0, 0, 0, 0, 16/9, 0, 1, 0, 0, 0, 0, 0, 0, 0, 0, 0, 0, 0, 0, 0, 0, 0, 0, 
      0, 0, 0, 0, 0, 0, 0, 0, 0, 0, 0, 0, 0, 0, 0, 0, 0, 0, 0, 0, 0, 0, 0, 0, 
      0, 0, 0, 0, 0, 0, 0, 0, 0 ], 
  [ 0, 0, 0, 0, 0, 0, 0, 0, 0, 0, 16/9, 0, 1, 0, 0, 0, 0, 0, 0, 0, 0, 0, 0, 
      0, 0, 0, 0, 0, 0, 0, 0, 0, 0, 0, 0, 0, 0, 0, 0, 0, 0, 0, 0, 0, 0, 0, 0, 
      0, 0, 0, 0, 0, 0, 0, 0, 0 ], 
  [ 0, 0, 0, 0, 0, 0, 0, 0, 0, 0, 0, 0, 0, 0, 0, 0, 0, 0, 0, 0, 0, -19/18, 0, 
      0, 0, 0, 0, 0, 0, 0, 0, 0, 0, 0, 0, 0, 1, 0, 0, 0, 0, 0, 0, 0, 0, 0, 0, 
      0, 0, 0, 0, 0, 0, 0, 0, 0 ], 
  [ 0, 0, 0, 0, 0, 0, 0, 0, 0, 0, 0, 0, 0, 0, 0, 0, 0, 0, 0, 0, 0, 0, 0, 0, 
      0, 7/4, 0, 0, 0, 0, 0, 0, 0, 0, 0, 0, 0, 0, 0, 0, 1, 0, 0, 0, 0, 0, 0, 
      0, 0, 0, 0, 0, 0, 0, 0, 0 ], 
  [ 0, 0, 0, 0, 0, 0, 0, 0, 0, 0, 0, 0, 0, 0, 0, 0, 0, 0, 0, 0, 0, 0, 0, 0, 
      0, 0, 0, 0, 7/4, 0, 0, 0, 0, 0, 0, 0, 0, 0, 0, 0, 0, 0, 0, 1, 0, 0, 0, 
      0, 0, 0, 0, 0, 0, 0, 0, 0 ], 
  [ 0, 0, 0, 0, 0, 0, 0, 0, 0, 0, 0, 0, 0, 0, 0, 0, 0, 0, 0, 0, 0, 0, 0, 0, 
      0, 0, 0, 0, 0, 7/4, 0, 0, 0, 0, 0, 0, 0, 0, 0, 0, 0, 0, 0, 0, 1, 0, 0, 
      0, 0, 0, 0, 0, 0, 0, 0, 0 ], 
  [ 0, 0, 0, 0, 0, 0, 0, 0, 0, 0, 0, 0, 0, 0, 0, 0, 0, 0, 0, 0, 0, 0, 0, 0, 
      0, 0, 0, 0, 0, 0, 0, 0, 0, 0, 175/288, 0, 0, 0, 0, 0, 0, 0, 0, 0, 0, 0, 
      0, 0, 0, 151/72, 0, 0, 0, 0, 1, 0 ], 
  [ 0, 0, 0, 0, 0, 0, 0, 0, 0, 0, 0, 0, 0, 0, 0, 0, 0, 0, 0, 0, 0, 0, 0, 0, 
      0, 0, 0, 0, 0, 0, 0, 0, 0, 0, 833/384, 0, 0, 0, 0, 0, 0, 0, 0, 0, 0, 0, 
      0, 0, 0, -175/96, 0, 0, 0, 0, 0, 1 ] ]

72. Candidate
   Symplectic group: C4
   Component: 1; unique C4 component
   Projective group ID: [ 8, 4 ]
   Strict linear group ID: [ 24, 11 ]
   Generic index: 1
   Generic full linear containment required: false
   Generic full linear containment verified: true
   Direct known case: false
   Source records: [ "G_s=C_4,_liftable,_non-abelian.docx" ]
   Family number within this input: 2
   Strict cubic invariant dimension: 10
   Centralizer dimension: 7
   Expected moduli dimension: 3
   Determinant image order: 2
   Gonzalez status: passed
   Retained: true
   Gonzalez failure statuses: [  ]
   Matrix generators: 
[ [ [ 1, 0, 0, 0, 0, 0 ], [ 0, 1, 0, 0, 0, 0 ], [ 0, 0, -1, 0, 0, 0 ], 
      [ 0, 0, 0, -1, 0, 0 ], [ 0, 0, 0, 0, E(4), 0 ], 
      [ 0, 0, 0, 0, 0, -E(4) ] ], 
  [ [ 1, 0, 0, 0, 0, 0 ], [ 0, 1, 0, 0, 0, 0 ], [ 0, 0, 21/11, -80/11, 0, 0 ],
      [ 0, 0, 4/11, -21/11, 0, 0 ], [ 0, 0, 0, 0, 0, 3/4*E(4) ], 
      [ 0, 0, 0, 0, 4/3*E(4), 0 ] ], 
  [ [ 1, 0, 0, 0, 0, 0 ], [ 0, 1, 0, 0, 0, 0 ], [ 0, 0, 1, 0, 0, 0 ], 
      [ 0, 0, 0, 1, 0, 0 ], [ 0, 0, 0, 0, -1, 0 ], [ 0, 0, 0, 0, 0, -1 ] ], 
  [ [ E(3), 0, 0, 0, 0, 0 ], [ 0, E(3), 0, 0, 0, 0 ], [ 0, 0, E(3), 0, 0, 0 ],
      [ 0, 0, 0, E(3), 0, 0 ], [ 0, 0, 0, 0, E(3), 0 ], 
      [ 0, 0, 0, 0, 0, E(3) ] ] ]
   Cubic invariant basis strings: 
[ "(21/80)*x4*x6^2 + (99/1280)*x4*x5^2 + x3*x6^2", 
  "(11/45)*x4*x6^2 + (21/80)*x4*x5^2 + x3*x5^2", "(21/80)*x2*x4^2 + x2*x3*x4",
  "(-1/20)*x2*x4^2 + x2*x3^2", "x2^3", "(21/80)*x1*x4^2 + x1*x3*x4", 
  "(-1/20)*x1*x4^2 + x1*x3^2", "x1*x2^2", "x1^2*x2", "x1^3" ]
   Cubic invariant basis vectors: 
[ [ 0, 0, 0, 0, 21/80, 0, 99/1280, 0, 0, 0, 1, 0, 0, 0, 0, 0, 0, 0, 0, 0, 0, 
      0, 0, 0, 0, 0, 0, 0, 0, 0, 0, 0, 0, 0, 0, 0, 0, 0, 0, 0, 0, 0, 0, 0, 0, 
      0, 0, 0, 0, 0, 0, 0, 0, 0, 0, 0 ], 
  [ 0, 0, 0, 0, 11/45, 0, 21/80, 0, 0, 0, 0, 0, 1, 0, 0, 0, 0, 0, 0, 0, 0, 0, 
      0, 0, 0, 0, 0, 0, 0, 0, 0, 0, 0, 0, 0, 0, 0, 0, 0, 0, 0, 0, 0, 0, 0, 0, 
      0, 0, 0, 0, 0, 0, 0, 0, 0, 0 ], 
  [ 0, 0, 0, 0, 0, 0, 0, 0, 0, 0, 0, 0, 0, 0, 0, 0, 0, 0, 0, 0, 0, 0, 0, 0, 
      0, 21/80, 0, 0, 1, 0, 0, 0, 0, 0, 0, 0, 0, 0, 0, 0, 0, 0, 0, 0, 0, 0, 
      0, 0, 0, 0, 0, 0, 0, 0, 0, 0 ], 
  [ 0, 0, 0, 0, 0, 0, 0, 0, 0, 0, 0, 0, 0, 0, 0, 0, 0, 0, 0, 0, 0, 0, 0, 0, 
      0, -1/20, 0, 0, 0, 1, 0, 0, 0, 0, 0, 0, 0, 0, 0, 0, 0, 0, 0, 0, 0, 0, 
      0, 0, 0, 0, 0, 0, 0, 0, 0, 0 ], 
  [ 0, 0, 0, 0, 0, 0, 0, 0, 0, 0, 0, 0, 0, 0, 0, 0, 0, 0, 0, 0, 0, 0, 0, 0, 
      0, 0, 0, 0, 0, 0, 0, 0, 0, 0, 1, 0, 0, 0, 0, 0, 0, 0, 0, 0, 0, 0, 0, 0, 
      0, 0, 0, 0, 0, 0, 0, 0 ], 
  [ 0, 0, 0, 0, 0, 0, 0, 0, 0, 0, 0, 0, 0, 0, 0, 0, 0, 0, 0, 0, 0, 0, 0, 0, 
      0, 0, 0, 0, 0, 0, 0, 0, 0, 0, 0, 0, 0, 0, 0, 0, 21/80, 0, 0, 1, 0, 0, 
      0, 0, 0, 0, 0, 0, 0, 0, 0, 0 ], 
  [ 0, 0, 0, 0, 0, 0, 0, 0, 0, 0, 0, 0, 0, 0, 0, 0, 0, 0, 0, 0, 0, 0, 0, 0, 
      0, 0, 0, 0, 0, 0, 0, 0, 0, 0, 0, 0, 0, 0, 0, 0, -1/20, 0, 0, 0, 1, 0, 
      0, 0, 0, 0, 0, 0, 0, 0, 0, 0 ], 
  [ 0, 0, 0, 0, 0, 0, 0, 0, 0, 0, 0, 0, 0, 0, 0, 0, 0, 0, 0, 0, 0, 0, 0, 0, 
      0, 0, 0, 0, 0, 0, 0, 0, 0, 0, 0, 0, 0, 0, 0, 0, 0, 0, 0, 0, 0, 0, 0, 0, 
      0, 1, 0, 0, 0, 0, 0, 0 ], 
  [ 0, 0, 0, 0, 0, 0, 0, 0, 0, 0, 0, 0, 0, 0, 0, 0, 0, 0, 0, 0, 0, 0, 0, 0, 
      0, 0, 0, 0, 0, 0, 0, 0, 0, 0, 0, 0, 0, 0, 0, 0, 0, 0, 0, 0, 0, 0, 0, 0, 
      0, 0, 0, 0, 0, 0, 1, 0 ], 
  [ 0, 0, 0, 0, 0, 0, 0, 0, 0, 0, 0, 0, 0, 0, 0, 0, 0, 0, 0, 0, 0, 0, 0, 0, 
      0, 0, 0, 0, 0, 0, 0, 0, 0, 0, 0, 0, 0, 0, 0, 0, 0, 0, 0, 0, 0, 0, 0, 0, 
      0, 0, 0, 0, 0, 0, 0, 1 ] ]

73. Candidate
   Symplectic group: C4
   Component: 1; unique C4 component
   Projective group ID: [ 8, 3 ]
   Strict linear group ID: [ 24, 10 ]
   Generic index: 1
   Generic full linear containment required: false
   Generic full linear containment verified: true
   Direct known case: false
   Source records: [ "G_s=C_4,_liftable,_non-abelian.docx" ]
   Family number within this input: 1
   Strict cubic invariant dimension: 8
   Centralizer dimension: 5
   Expected moduli dimension: 3
   Determinant image order: 2
   Gonzalez status: passed
   Retained: true
   Gonzalez failure statuses: [  ]
   Matrix generators: 
[ [ [ 67/85, 144/85, 0, 0, 0, 0 ], [ 19/85, -67/85, 0, 0, 0, 0 ], 
      [ 0, 0, 43/27, -40/27, 0, 0 ], [ 0, 0, 28/27, -43/27, 0, 0 ], 
      [ 0, 0, 0, 0, 0, -3/4 ], [ 0, 0, 0, 0, -4/3, 0 ] ], 
  [ [ 67/85, 144/85, 0, 0, 0, 0 ], [ 19/85, -67/85, 0, 0, 0, 0 ], 
      [ 0, 0, -43/27, 40/27, 0, 0 ], [ 0, 0, -28/27, 43/27, 0, 0 ], 
      [ 0, 0, 0, 0, 0, 3/4*E(4) ], [ 0, 0, 0, 0, -4/3*E(4), 0 ] ], 
  [ [ 1, 0, 0, 0, 0, 0 ], [ 0, 1, 0, 0, 0, 0 ], [ 0, 0, 1, 0, 0, 0 ], 
      [ 0, 0, 0, 1, 0, 0 ], [ 0, 0, 0, 0, -1, 0 ], [ 0, 0, 0, 0, 0, -1 ] ], 
  [ [ E(3), 0, 0, 0, 0, 0 ], [ 0, E(3), 0, 0, 0, 0 ], [ 0, 0, E(3), 0, 0, 0 ],
      [ 0, 0, 0, E(3), 0, 0 ], [ 0, 0, 0, 0, E(3), 0 ], 
      [ 0, 0, 0, 0, 0, E(3) ] ] ]
   Cubic invariant basis strings: 
[ "(43/40)*x4*x6^2 + (-243/640)*x4*x5^2 + x3*x6^2", 
  "(-6/5)*x4*x6^2 + (43/40)*x4*x5^2 + x3*x5^2", "(1/8)*x2*x5*x6 + x1*x5*x6", 
  "(54161/52488)*x2*x4^2 + (18275/6561)*x2*x3*x4 + (8500/6561)*x2*x3^2 + x1*x4\
^2", 
  "(-25585/26244)*x2*x4^2 + (-37651/13122)*x2*x3*x4 + (-18275/13122)*x2*x3^2 +\
 x1*x3*x4", 
  "(4165/6561)*x2*x4^2 + (25585/13122)*x2*x3*x4 + (54161/52488)*x2*x3^2 + x1*x\
3^2", "(-67/1152)*x2^3 + (-49/144)*x1*x2^2 + x1^2*x2", 
  "(73/3072)*x2^3 + (67/384)*x1*x2^2 + x1^3" ]
   Cubic invariant basis vectors: 
[ [ 0, 0, 0, 0, 43/40, 0, -243/640, 0, 0, 0, 1, 0, 0, 0, 0, 0, 0, 0, 0, 0, 0, 
      0, 0, 0, 0, 0, 0, 0, 0, 0, 0, 0, 0, 0, 0, 0, 0, 0, 0, 0, 0, 0, 0, 0, 0, 
      0, 0, 0, 0, 0, 0, 0, 0, 0, 0, 0 ], 
  [ 0, 0, 0, 0, -6/5, 0, 43/40, 0, 0, 0, 0, 0, 1, 0, 0, 0, 0, 0, 0, 0, 0, 0, 
      0, 0, 0, 0, 0, 0, 0, 0, 0, 0, 0, 0, 0, 0, 0, 0, 0, 0, 0, 0, 0, 0, 0, 0, 
      0, 0, 0, 0, 0, 0, 0, 0, 0, 0 ], 
  [ 0, 0, 0, 0, 0, 0, 0, 0, 0, 0, 0, 0, 0, 0, 0, 0, 0, 0, 0, 0, 0, 1/8, 0, 0, 
      0, 0, 0, 0, 0, 0, 0, 0, 0, 0, 0, 0, 1, 0, 0, 0, 0, 0, 0, 0, 0, 0, 0, 0, 
      0, 0, 0, 0, 0, 0, 0, 0 ], 
  [ 0, 0, 0, 0, 0, 0, 0, 0, 0, 0, 0, 0, 0, 0, 0, 0, 0, 0, 0, 0, 0, 0, 0, 0, 
      0, 54161/52488, 0, 0, 18275/6561, 8500/6561, 0, 0, 0, 0, 0, 0, 0, 0, 0, 
      0, 1, 0, 0, 0, 0, 0, 0, 0, 0, 0, 0, 0, 0, 0, 0, 0 ], 
  [ 0, 0, 0, 0, 0, 0, 0, 0, 0, 0, 0, 0, 0, 0, 0, 0, 0, 0, 0, 0, 0, 0, 0, 0, 
      0, -25585/26244, 0, 0, -37651/13122, -18275/13122, 0, 0, 0, 0, 0, 0, 0, 
      0, 0, 0, 0, 0, 0, 1, 0, 0, 0, 0, 0, 0, 0, 0, 0, 0, 0, 0 ], 
  [ 0, 0, 0, 0, 0, 0, 0, 0, 0, 0, 0, 0, 0, 0, 0, 0, 0, 0, 0, 0, 0, 0, 0, 0, 
      0, 4165/6561, 0, 0, 25585/13122, 54161/52488, 0, 0, 0, 0, 0, 0, 0, 0, 
      0, 0, 0, 0, 0, 0, 1, 0, 0, 0, 0, 0, 0, 0, 0, 0, 0, 0 ], 
  [ 0, 0, 0, 0, 0, 0, 0, 0, 0, 0, 0, 0, 0, 0, 0, 0, 0, 0, 0, 0, 0, 0, 0, 0, 
      0, 0, 0, 0, 0, 0, 0, 0, 0, 0, -67/1152, 0, 0, 0, 0, 0, 0, 0, 0, 0, 0, 
      0, 0, 0, 0, -49/144, 0, 0, 0, 0, 1, 0 ], 
  [ 0, 0, 0, 0, 0, 0, 0, 0, 0, 0, 0, 0, 0, 0, 0, 0, 0, 0, 0, 0, 0, 0, 0, 0, 
      0, 0, 0, 0, 0, 0, 0, 0, 0, 0, 73/3072, 0, 0, 0, 0, 0, 0, 0, 0, 0, 0, 0, 
      0, 0, 0, 67/384, 0, 0, 0, 0, 0, 1 ] ]

74. Candidate
   Symplectic group: C4
   Component: 1; unique C4 component
   Projective group ID: [ 8, 3 ]
   Strict linear group ID: [ 24, 10 ]
   Generic index: 1
   Generic full linear containment required: false
   Generic full linear containment verified: true
   Direct known case: false
   Source records: [ "G_s=C_4,_liftable,_non-abelian.docx" ]
   Family number within this input: 2
   Strict cubic invariant dimension: 14
   Centralizer dimension: 9
   Expected moduli dimension: 5
   Determinant image order: 2
   Gonzalez status: passed
   Retained: true
   Gonzalez failure statuses: [  ]
   Matrix generators: 
[ [ [ 1, 0, 0, 0, 0, 0 ], [ 0, 1, 0, 0, 0, 0 ], [ 0, 0, -1, 0, 0, 0 ], 
      [ 0, 0, 0, -1, 0, 0 ], [ 0, 0, 0, 0, 0, -3/4 ], [ 0, 0, 0, 0, -4/3, 0 ] 
     ], [ [ 1, 0, 0, 0, 0, 0 ], [ 0, 1, 0, 0, 0, 0 ], [ 0, 0, 1, 0, 0, 0 ], 
      [ 0, 0, 0, 1, 0, 0 ], [ 0, 0, 0, 0, 0, 3/4*E(4) ], 
      [ 0, 0, 0, 0, -4/3*E(4), 0 ] ], 
  [ [ 1, 0, 0, 0, 0, 0 ], [ 0, 1, 0, 0, 0, 0 ], [ 0, 0, 1, 0, 0, 0 ], 
      [ 0, 0, 0, 1, 0, 0 ], [ 0, 0, 0, 0, -1, 0 ], [ 0, 0, 0, 0, 0, -1 ] ], 
  [ [ E(3), 0, 0, 0, 0, 0 ], [ 0, E(3), 0, 0, 0, 0 ], [ 0, 0, E(3), 0, 0, 0 ],
      [ 0, 0, 0, E(3), 0, 0 ], [ 0, 0, 0, 0, E(3), 0 ], 
      [ 0, 0, 0, 0, 0, E(3) ] ] ]
   Cubic invariant basis strings: 
[ "(-16/9)*x4*x6^2 + x4*x5^2", "(-16/9)*x3*x6^2 + x3*x5^2", "x2*x5*x6", 
  "x2*x4^2", "x2*x3*x4", "x2*x3^2", "x2^3", "x1*x5*x6", "x1*x4^2", 
  "x1*x3*x4", "x1*x3^2", "x1*x2^2", "x1^2*x2", "x1^3" ]
   Cubic invariant basis vectors: 
[ [ 0, 0, 0, 0, -16/9, 0, 1, 0, 0, 0, 0, 0, 0, 0, 0, 0, 0, 0, 0, 0, 0, 0, 0, 
      0, 0, 0, 0, 0, 0, 0, 0, 0, 0, 0, 0, 0, 0, 0, 0, 0, 0, 0, 0, 0, 0, 0, 0, 
      0, 0, 0, 0, 0, 0, 0, 0, 0 ], 
  [ 0, 0, 0, 0, 0, 0, 0, 0, 0, 0, -16/9, 0, 1, 0, 0, 0, 0, 0, 0, 0, 0, 0, 0, 
      0, 0, 0, 0, 0, 0, 0, 0, 0, 0, 0, 0, 0, 0, 0, 0, 0, 0, 0, 0, 0, 0, 0, 0, 
      0, 0, 0, 0, 0, 0, 0, 0, 0 ], 
  [ 0, 0, 0, 0, 0, 0, 0, 0, 0, 0, 0, 0, 0, 0, 0, 0, 0, 0, 0, 0, 0, 1, 0, 0, 
      0, 0, 0, 0, 0, 0, 0, 0, 0, 0, 0, 0, 0, 0, 0, 0, 0, 0, 0, 0, 0, 0, 0, 0, 
      0, 0, 0, 0, 0, 0, 0, 0 ], 
  [ 0, 0, 0, 0, 0, 0, 0, 0, 0, 0, 0, 0, 0, 0, 0, 0, 0, 0, 0, 0, 0, 0, 0, 0, 
      0, 1, 0, 0, 0, 0, 0, 0, 0, 0, 0, 0, 0, 0, 0, 0, 0, 0, 0, 0, 0, 0, 0, 0, 
      0, 0, 0, 0, 0, 0, 0, 0 ], 
  [ 0, 0, 0, 0, 0, 0, 0, 0, 0, 0, 0, 0, 0, 0, 0, 0, 0, 0, 0, 0, 0, 0, 0, 0, 
      0, 0, 0, 0, 1, 0, 0, 0, 0, 0, 0, 0, 0, 0, 0, 0, 0, 0, 0, 0, 0, 0, 0, 0, 
      0, 0, 0, 0, 0, 0, 0, 0 ], 
  [ 0, 0, 0, 0, 0, 0, 0, 0, 0, 0, 0, 0, 0, 0, 0, 0, 0, 0, 0, 0, 0, 0, 0, 0, 
      0, 0, 0, 0, 0, 1, 0, 0, 0, 0, 0, 0, 0, 0, 0, 0, 0, 0, 0, 0, 0, 0, 0, 0, 
      0, 0, 0, 0, 0, 0, 0, 0 ], 
  [ 0, 0, 0, 0, 0, 0, 0, 0, 0, 0, 0, 0, 0, 0, 0, 0, 0, 0, 0, 0, 0, 0, 0, 0, 
      0, 0, 0, 0, 0, 0, 0, 0, 0, 0, 1, 0, 0, 0, 0, 0, 0, 0, 0, 0, 0, 0, 0, 0, 
      0, 0, 0, 0, 0, 0, 0, 0 ], 
  [ 0, 0, 0, 0, 0, 0, 0, 0, 0, 0, 0, 0, 0, 0, 0, 0, 0, 0, 0, 0, 0, 0, 0, 0, 
      0, 0, 0, 0, 0, 0, 0, 0, 0, 0, 0, 0, 1, 0, 0, 0, 0, 0, 0, 0, 0, 0, 0, 0, 
      0, 0, 0, 0, 0, 0, 0, 0 ], 
  [ 0, 0, 0, 0, 0, 0, 0, 0, 0, 0, 0, 0, 0, 0, 0, 0, 0, 0, 0, 0, 0, 0, 0, 0, 
      0, 0, 0, 0, 0, 0, 0, 0, 0, 0, 0, 0, 0, 0, 0, 0, 1, 0, 0, 0, 0, 0, 0, 0, 
      0, 0, 0, 0, 0, 0, 0, 0 ], 
  [ 0, 0, 0, 0, 0, 0, 0, 0, 0, 0, 0, 0, 0, 0, 0, 0, 0, 0, 0, 0, 0, 0, 0, 0, 
      0, 0, 0, 0, 0, 0, 0, 0, 0, 0, 0, 0, 0, 0, 0, 0, 0, 0, 0, 1, 0, 0, 0, 0, 
      0, 0, 0, 0, 0, 0, 0, 0 ], 
  [ 0, 0, 0, 0, 0, 0, 0, 0, 0, 0, 0, 0, 0, 0, 0, 0, 0, 0, 0, 0, 0, 0, 0, 0, 
      0, 0, 0, 0, 0, 0, 0, 0, 0, 0, 0, 0, 0, 0, 0, 0, 0, 0, 0, 0, 1, 0, 0, 0, 
      0, 0, 0, 0, 0, 0, 0, 0 ], 
  [ 0, 0, 0, 0, 0, 0, 0, 0, 0, 0, 0, 0, 0, 0, 0, 0, 0, 0, 0, 0, 0, 0, 0, 0, 
      0, 0, 0, 0, 0, 0, 0, 0, 0, 0, 0, 0, 0, 0, 0, 0, 0, 0, 0, 0, 0, 0, 0, 0, 
      0, 1, 0, 0, 0, 0, 0, 0 ], 
  [ 0, 0, 0, 0, 0, 0, 0, 0, 0, 0, 0, 0, 0, 0, 0, 0, 0, 0, 0, 0, 0, 0, 0, 0, 
      0, 0, 0, 0, 0, 0, 0, 0, 0, 0, 0, 0, 0, 0, 0, 0, 0, 0, 0, 0, 0, 0, 0, 0, 
      0, 0, 0, 0, 0, 0, 1, 0 ], 
  [ 0, 0, 0, 0, 0, 0, 0, 0, 0, 0, 0, 0, 0, 0, 0, 0, 0, 0, 0, 0, 0, 0, 0, 0, 
      0, 0, 0, 0, 0, 0, 0, 0, 0, 0, 0, 0, 0, 0, 0, 0, 0, 0, 0, 0, 0, 0, 0, 0, 
      0, 0, 0, 0, 0, 0, 0, 1 ] ]

75. Candidate
   Symplectic group: C4
   Component: 1; unique C4 component
   Projective group ID: [ 24, 10 ]
   Strict linear group ID: [ 72, 37 ]
   Generic index: 1
   Generic full linear containment required: false
   Generic full linear containment verified: true
   Direct known case: false
   Source records: [ "G_s=C_4,_liftable,_non-abelian.docx" ]
   Family number within this input: 1
   Strict cubic invariant dimension: 5
   Centralizer dimension: 5
   Expected moduli dimension: 0
   Determinant image order: 6
   Gonzalez status: passed
   Retained: true
   Gonzalez failure statuses: [  ]
   Matrix generators: 
[ [ [ 67/85, 144/85, 0, 0, 0, 0 ], [ 19/85, -67/85, 0, 0, 0, 0 ], 
      [ 0, 0, 43/27, -40/27, 0, 0 ], [ 0, 0, 28/27, -43/27, 0, 0 ], 
      [ 0, 0, 0, 0, 0, -3/4 ], [ 0, 0, 0, 0, -4/3, 0 ] ], 
  [ [ 67/85, 144/85, 0, 0, 0, 0 ], [ 19/85, -67/85, 0, 0, 0, 0 ], 
      [ 0, 0, -43/27, 40/27, 0, 0 ], [ 0, 0, -28/27, 43/27, 0, 0 ], 
      [ 0, 0, 0, 0, 0, 3/4*E(4) ], [ 0, 0, 0, 0, -4/3*E(4), 0 ] ], 
  [ [ E(3)^2, 0, 0, 0, 0, 0 ], [ 0, E(3)^2, 0, 0, 0, 0 ], 
      [ 0, 0, E(3)^2, 0, 0, 0 ], [ 0, 0, 0, E(3)^2, 0, 0 ], 
      [ 0, 0, 0, 0, E(3), 0 ], [ 0, 0, 0, 0, 0, E(3) ] ], 
  [ [ 1, 0, 0, 0, 0, 0 ], [ 0, 1, 0, 0, 0, 0 ], [ 0, 0, 1, 0, 0, 0 ], 
      [ 0, 0, 0, 1, 0, 0 ], [ 0, 0, 0, 0, -1, 0 ], [ 0, 0, 0, 0, 0, -1 ] ], 
  [ [ E(3), 0, 0, 0, 0, 0 ], [ 0, E(3), 0, 0, 0, 0 ], [ 0, 0, E(3), 0, 0, 0 ],
      [ 0, 0, 0, E(3), 0, 0 ], [ 0, 0, 0, 0, E(3), 0 ], 
      [ 0, 0, 0, 0, 0, E(3) ] ] ]
   Cubic invariant basis strings: 
[ 
  "(54161/52488)*x2*x4^2 + (18275/6561)*x2*x3*x4 + (8500/6561)*x2*x3^2 + x1*x4^\
2", 
  "(-25585/26244)*x2*x4^2 + (-37651/13122)*x2*x3*x4 + (-18275/13122)*x2*x3^2 +\
 x1*x3*x4", 
  "(4165/6561)*x2*x4^2 + (25585/13122)*x2*x3*x4 + (54161/52488)*x2*x3^2 + x1*x\
3^2", "(-67/1152)*x2^3 + (-49/144)*x1*x2^2 + x1^2*x2", 
  "(73/3072)*x2^3 + (67/384)*x1*x2^2 + x1^3" ]
   Cubic invariant basis vectors: 
[ [ 0, 0, 0, 0, 0, 0, 0, 0, 0, 0, 0, 0, 0, 0, 0, 0, 0, 0, 0, 0, 0, 0, 0, 0, 
      0, 54161/52488, 0, 0, 18275/6561, 8500/6561, 0, 0, 0, 0, 0, 0, 0, 0, 0, 
      0, 1, 0, 0, 0, 0, 0, 0, 0, 0, 0, 0, 0, 0, 0, 0, 0 ], 
  [ 0, 0, 0, 0, 0, 0, 0, 0, 0, 0, 0, 0, 0, 0, 0, 0, 0, 0, 0, 0, 0, 0, 0, 0, 
      0, -25585/26244, 0, 0, -37651/13122, -18275/13122, 0, 0, 0, 0, 0, 0, 0, 
      0, 0, 0, 0, 0, 0, 1, 0, 0, 0, 0, 0, 0, 0, 0, 0, 0, 0, 0 ], 
  [ 0, 0, 0, 0, 0, 0, 0, 0, 0, 0, 0, 0, 0, 0, 0, 0, 0, 0, 0, 0, 0, 0, 0, 0, 
      0, 4165/6561, 0, 0, 25585/13122, 54161/52488, 0, 0, 0, 0, 0, 0, 0, 0, 
      0, 0, 0, 0, 0, 0, 1, 0, 0, 0, 0, 0, 0, 0, 0, 0, 0, 0 ], 
  [ 0, 0, 0, 0, 0, 0, 0, 0, 0, 0, 0, 0, 0, 0, 0, 0, 0, 0, 0, 0, 0, 0, 0, 0, 
      0, 0, 0, 0, 0, 0, 0, 0, 0, 0, -67/1152, 0, 0, 0, 0, 0, 0, 0, 0, 0, 0, 
      0, 0, 0, 0, -49/144, 0, 0, 0, 0, 1, 0 ], 
  [ 0, 0, 0, 0, 0, 0, 0, 0, 0, 0, 0, 0, 0, 0, 0, 0, 0, 0, 0, 0, 0, 0, 0, 0, 
      0, 0, 0, 0, 0, 0, 0, 0, 0, 0, 73/3072, 0, 0, 0, 0, 0, 0, 0, 0, 0, 0, 0, 
      0, 0, 0, 67/384, 0, 0, 0, 0, 0, 1 ] ]

76. Candidate
   Symplectic group: C4
   Component: 1; unique C4 component
   Projective group ID: [ 24, 10 ]
   Strict linear group ID: [ 72, 37 ]
   Generic index: 1
   Generic full linear containment required: false
   Generic full linear containment verified: true
   Direct known case: false
   Source records: [ "G_s=C_4,_liftable,_non-abelian.docx" ]
   Family number within this input: 2
   Strict cubic invariant dimension: 10
   Centralizer dimension: 9
   Expected moduli dimension: 1
   Determinant image order: 6
   Gonzalez status: passed
   Retained: true
   Gonzalez failure statuses: [  ]
   Matrix generators: 
[ [ [ 1, 0, 0, 0, 0, 0 ], [ 0, 1, 0, 0, 0, 0 ], [ 0, 0, -1, 0, 0, 0 ], 
      [ 0, 0, 0, -1, 0, 0 ], [ 0, 0, 0, 0, 0, -3/4 ], [ 0, 0, 0, 0, -4/3, 0 ] 
     ], [ [ 1, 0, 0, 0, 0, 0 ], [ 0, 1, 0, 0, 0, 0 ], [ 0, 0, 1, 0, 0, 0 ], 
      [ 0, 0, 0, 1, 0, 0 ], [ 0, 0, 0, 0, 0, 3/4*E(4) ], 
      [ 0, 0, 0, 0, -4/3*E(4), 0 ] ], 
  [ [ E(3)^2, 0, 0, 0, 0, 0 ], [ 0, E(3)^2, 0, 0, 0, 0 ], 
      [ 0, 0, E(3)^2, 0, 0, 0 ], [ 0, 0, 0, E(3)^2, 0, 0 ], 
      [ 0, 0, 0, 0, E(3), 0 ], [ 0, 0, 0, 0, 0, E(3) ] ], 
  [ [ 1, 0, 0, 0, 0, 0 ], [ 0, 1, 0, 0, 0, 0 ], [ 0, 0, 1, 0, 0, 0 ], 
      [ 0, 0, 0, 1, 0, 0 ], [ 0, 0, 0, 0, -1, 0 ], [ 0, 0, 0, 0, 0, -1 ] ], 
  [ [ E(3), 0, 0, 0, 0, 0 ], [ 0, E(3), 0, 0, 0, 0 ], [ 0, 0, E(3), 0, 0, 0 ],
      [ 0, 0, 0, E(3), 0, 0 ], [ 0, 0, 0, 0, E(3), 0 ], 
      [ 0, 0, 0, 0, 0, E(3) ] ] ]
   Cubic invariant basis strings: [ "x2*x4^2", "x2*x3*x4", "x2*x3^2", "x2^3", 
  "x1*x4^2", "x1*x3*x4", "x1*x3^2", "x1*x2^2", "x1^2*x2", "x1^3" ]
   Cubic invariant basis vectors: 
[ [ 0, 0, 0, 0, 0, 0, 0, 0, 0, 0, 0, 0, 0, 0, 0, 0, 0, 0, 0, 0, 0, 0, 0, 0, 
      0, 1, 0, 0, 0, 0, 0, 0, 0, 0, 0, 0, 0, 0, 0, 0, 0, 0, 0, 0, 0, 0, 0, 0, 
      0, 0, 0, 0, 0, 0, 0, 0 ], 
  [ 0, 0, 0, 0, 0, 0, 0, 0, 0, 0, 0, 0, 0, 0, 0, 0, 0, 0, 0, 0, 0, 0, 0, 0, 
      0, 0, 0, 0, 1, 0, 0, 0, 0, 0, 0, 0, 0, 0, 0, 0, 0, 0, 0, 0, 0, 0, 0, 0, 
      0, 0, 0, 0, 0, 0, 0, 0 ], 
  [ 0, 0, 0, 0, 0, 0, 0, 0, 0, 0, 0, 0, 0, 0, 0, 0, 0, 0, 0, 0, 0, 0, 0, 0, 
      0, 0, 0, 0, 0, 1, 0, 0, 0, 0, 0, 0, 0, 0, 0, 0, 0, 0, 0, 0, 0, 0, 0, 0, 
      0, 0, 0, 0, 0, 0, 0, 0 ], 
  [ 0, 0, 0, 0, 0, 0, 0, 0, 0, 0, 0, 0, 0, 0, 0, 0, 0, 0, 0, 0, 0, 0, 0, 0, 
      0, 0, 0, 0, 0, 0, 0, 0, 0, 0, 1, 0, 0, 0, 0, 0, 0, 0, 0, 0, 0, 0, 0, 0, 
      0, 0, 0, 0, 0, 0, 0, 0 ], 
  [ 0, 0, 0, 0, 0, 0, 0, 0, 0, 0, 0, 0, 0, 0, 0, 0, 0, 0, 0, 0, 0, 0, 0, 0, 
      0, 0, 0, 0, 0, 0, 0, 0, 0, 0, 0, 0, 0, 0, 0, 0, 1, 0, 0, 0, 0, 0, 0, 0, 
      0, 0, 0, 0, 0, 0, 0, 0 ], 
  [ 0, 0, 0, 0, 0, 0, 0, 0, 0, 0, 0, 0, 0, 0, 0, 0, 0, 0, 0, 0, 0, 0, 0, 0, 
      0, 0, 0, 0, 0, 0, 0, 0, 0, 0, 0, 0, 0, 0, 0, 0, 0, 0, 0, 1, 0, 0, 0, 0, 
      0, 0, 0, 0, 0, 0, 0, 0 ], 
  [ 0, 0, 0, 0, 0, 0, 0, 0, 0, 0, 0, 0, 0, 0, 0, 0, 0, 0, 0, 0, 0, 0, 0, 0, 
      0, 0, 0, 0, 0, 0, 0, 0, 0, 0, 0, 0, 0, 0, 0, 0, 0, 0, 0, 0, 1, 0, 0, 0, 
      0, 0, 0, 0, 0, 0, 0, 0 ], 
  [ 0, 0, 0, 0, 0, 0, 0, 0, 0, 0, 0, 0, 0, 0, 0, 0, 0, 0, 0, 0, 0, 0, 0, 0, 
      0, 0, 0, 0, 0, 0, 0, 0, 0, 0, 0, 0, 0, 0, 0, 0, 0, 0, 0, 0, 0, 0, 0, 0, 
      0, 1, 0, 0, 0, 0, 0, 0 ], 
  [ 0, 0, 0, 0, 0, 0, 0, 0, 0, 0, 0, 0, 0, 0, 0, 0, 0, 0, 0, 0, 0, 0, 0, 0, 
      0, 0, 0, 0, 0, 0, 0, 0, 0, 0, 0, 0, 0, 0, 0, 0, 0, 0, 0, 0, 0, 0, 0, 0, 
      0, 0, 0, 0, 0, 0, 1, 0 ], 
  [ 0, 0, 0, 0, 0, 0, 0, 0, 0, 0, 0, 0, 0, 0, 0, 0, 0, 0, 0, 0, 0, 0, 0, 0, 
      0, 0, 0, 0, 0, 0, 0, 0, 0, 0, 0, 0, 0, 0, 0, 0, 0, 0, 0, 0, 0, 0, 0, 0, 
      0, 0, 0, 0, 0, 0, 0, 1 ] ]

77. Candidate
   Symplectic group: C4
   Component: 1; unique C4 component
   Projective group ID: [ 24, 10 ]
   Strict linear group ID: [ 72, 37 ]
   Generic index: 1
   Generic full linear containment required: false
   Generic full linear containment verified: true
   Direct known case: false
   Source records: [ "G_s=C_4,_liftable,_non-abelian.docx" ]
   Family number within this input: 3
   Strict cubic invariant dimension: 6
   Centralizer dimension: 5
   Expected moduli dimension: 1
   Determinant image order: 6
   Gonzalez status: passed
   Retained: true
   Gonzalez failure statuses: [  ]
   Matrix generators: 
[ [ [ 25/101, -72/101, 0, 0, 0, 0 ], [ -133/101, -25/101, 0, 0, 0, 0 ], 
      [ 0, 0, 21/11, -80/11, 0, 0 ], [ 0, 0, 4/11, -21/11, 0, 0 ], 
      [ 0, 0, 0, 0, 0, 3/4 ], [ 0, 0, 0, 0, 4/3, 0 ] ], 
  [ [ 25/101, -72/101, 0, 0, 0, 0 ], [ -133/101, -25/101, 0, 0, 0, 0 ], 
      [ 0, 0, -21/11, 80/11, 0, 0 ], [ 0, 0, -4/11, 21/11, 0, 0 ], 
      [ 0, 0, 0, 0, 0, -3/4*E(4) ], [ 0, 0, 0, 0, 4/3*E(4), 0 ] ], 
  [ [ 38/101*E(3)+63/101*E(3)^2, 36/101*E(3)-36/101*E(3)^2, 0, 0, 0, 0 ], 
      [ 133/202*E(3)-133/202*E(3)^2, 63/101*E(3)+38/101*E(3)^2, 0, 0, 0, 0 ], 
      [ 0, 0, E(3)^2, 0, 0, 0 ], [ 0, 0, 0, E(3)^2, 0, 0 ], 
      [ 0, 0, 0, 0, E(3)^2, 0 ], [ 0, 0, 0, 0, 0, E(3)^2 ] ], 
  [ [ 1, 0, 0, 0, 0, 0 ], [ 0, 1, 0, 0, 0, 0 ], [ 0, 0, 1, 0, 0, 0 ], 
      [ 0, 0, 0, 1, 0, 0 ], [ 0, 0, 0, 0, -1, 0 ], [ 0, 0, 0, 0, 0, -1 ] ], 
  [ [ E(3), 0, 0, 0, 0, 0 ], [ 0, E(3), 0, 0, 0, 0 ], [ 0, 0, E(3), 0, 0, 0 ],
      [ 0, 0, 0, E(3), 0, 0 ], [ 0, 0, 0, 0, E(3), 0 ], 
      [ 0, 0, 0, 0, 0, E(3) ] ] ]
   Cubic invariant basis strings: 
[ "(21/80)*x4*x6^2 + (-99/1280)*x4*x5^2 + x3*x6^2", 
  "(-11/45)*x4*x6^2 + (21/80)*x4*x5^2 + x3*x5^2", 
  "(-19/18)*x2*x5*x6 + x1*x5*x6", 
  "(-133/480)*x2*x4^2 + (-19/18)*x2*x3*x4 + (21/80)*x1*x4^2 + x1*x3*x4", 
  "(19/360)*x2*x4^2 + (-19/18)*x2*x3^2 + (-1/20)*x1*x4^2 + x1*x3^2", 
  "(-6859/5832)*x2^3 + (361/108)*x1*x2^2 + (-19/6)*x1^2*x2 + x1^3" ]
   Cubic invariant basis vectors: 
[ [ 0, 0, 0, 0, 21/80, 0, -99/1280, 0, 0, 0, 1, 0, 0, 0, 0, 0, 0, 0, 0, 0, 0, 
      0, 0, 0, 0, 0, 0, 0, 0, 0, 0, 0, 0, 0, 0, 0, 0, 0, 0, 0, 0, 0, 0, 0, 0, 
      0, 0, 0, 0, 0, 0, 0, 0, 0, 0, 0 ], 
  [ 0, 0, 0, 0, -11/45, 0, 21/80, 0, 0, 0, 0, 0, 1, 0, 0, 0, 0, 0, 0, 0, 0, 
      0, 0, 0, 0, 0, 0, 0, 0, 0, 0, 0, 0, 0, 0, 0, 0, 0, 0, 0, 0, 0, 0, 0, 0, 
      0, 0, 0, 0, 0, 0, 0, 0, 0, 0, 0 ], 
  [ 0, 0, 0, 0, 0, 0, 0, 0, 0, 0, 0, 0, 0, 0, 0, 0, 0, 0, 0, 0, 0, -19/18, 0, 
      0, 0, 0, 0, 0, 0, 0, 0, 0, 0, 0, 0, 0, 1, 0, 0, 0, 0, 0, 0, 0, 0, 0, 0, 
      0, 0, 0, 0, 0, 0, 0, 0, 0 ], 
  [ 0, 0, 0, 0, 0, 0, 0, 0, 0, 0, 0, 0, 0, 0, 0, 0, 0, 0, 0, 0, 0, 0, 0, 0, 
      0, -133/480, 0, 0, -19/18, 0, 0, 0, 0, 0, 0, 0, 0, 0, 0, 0, 21/80, 0, 
      0, 1, 0, 0, 0, 0, 0, 0, 0, 0, 0, 0, 0, 0 ], 
  [ 0, 0, 0, 0, 0, 0, 0, 0, 0, 0, 0, 0, 0, 0, 0, 0, 0, 0, 0, 0, 0, 0, 0, 0, 
      0, 19/360, 0, 0, 0, -19/18, 0, 0, 0, 0, 0, 0, 0, 0, 0, 0, -1/20, 0, 0, 
      0, 1, 0, 0, 0, 0, 0, 0, 0, 0, 0, 0, 0 ], 
  [ 0, 0, 0, 0, 0, 0, 0, 0, 0, 0, 0, 0, 0, 0, 0, 0, 0, 0, 0, 0, 0, 0, 0, 0, 
      0, 0, 0, 0, 0, 0, 0, 0, 0, 0, -6859/5832, 0, 0, 0, 0, 0, 0, 0, 0, 0, 0, 
      0, 0, 0, 0, 361/108, 0, 0, 0, 0, -19/6, 1 ] ]

78. Candidate
   Symplectic group: C4
   Component: 1; unique C4 component
   Projective group ID: [ 24, 10 ]
   Strict linear group ID: [ 72, 37 ]
   Generic index: 1
   Generic full linear containment required: false
   Generic full linear containment verified: true
   Direct known case: false
   Source records: [ "G_s=C_4,_liftable,_non-abelian.docx" ]
   Family number within this input: 4
   Strict cubic invariant dimension: 5
   Centralizer dimension: 5
   Expected moduli dimension: 0
   Determinant image order: 6
   Gonzalez status: passed
   Retained: true
   Gonzalez failure statuses: [  ]
   Matrix generators: 
[ 
  [ [ 15/13, -16/13, 0, 0, 0, 0 ], [ 7/26, -15/13, 0, 0, 0, 0 ], 
      [ 0, 0, -59/131, -180/131, 0, 0 ], [ 0, 0, -76/131, 59/131, 0, 0 ], 
      [ 0, 0, 0, 0, 0, 3/4 ], [ 0, 0, 0, 0, 4/3, 0 ] ], 
  [ [ 15/13, -16/13, 0, 0, 0, 0 ], [ 7/26, -15/13, 0, 0, 0, 0 ], 
      [ 0, 0, 59/131, 180/131, 0, 0 ], [ 0, 0, 76/131, -59/131, 0, 0 ], 
      [ 0, 0, 0, 0, 0, -3/4*E(4) ], [ 0, 0, 0, 0, 4/3*E(4), 0 ] ], 
  [ [ E(3)^2, 0, 0, 0, 0, 0 ], [ 0, E(3)^2, 0, 0, 0, 0 ], 
      [ 0, 0, 95/131*E(3)+36/131*E(3)^2, 90/131*E(3)-90/131*E(3)^2, 0, 0 ], 
      [ 0, 0, 38/131*E(3)-38/131*E(3)^2, 36/131*E(3)+95/131*E(3)^2, 0, 0 ], 
      [ 0, 0, 0, 0, E(3)^2, 0 ], [ 0, 0, 0, 0, 0, E(3)^2 ] ], 
  [ [ 1, 0, 0, 0, 0, 0 ], [ 0, 1, 0, 0, 0, 0 ], [ 0, 0, 1, 0, 0, 0 ], 
      [ 0, 0, 0, 1, 0, 0 ], [ 0, 0, 0, 0, -1, 0 ], [ 0, 0, 0, 0, 0, -1 ] ], 
  [ [ E(3), 0, 0, 0, 0, 0 ], [ 0, E(3), 0, 0, 0, 0 ], [ 0, 0, E(3), 0, 0, 0 ],
      [ 0, 0, 0, E(3), 0, 0 ], [ 0, 0, 0, 0, E(3), 0 ], 
      [ 0, 0, 0, 0, 0, E(3) ] ] ]
   Cubic invariant basis strings: 
[ "(-152/81)*x4*x6^2 + (-19/18)*x4*x5^2 + (16/9)*x3*x6^2 + x3*x5^2", 
  "(1/8)*x2*x5*x6 + x1*x5*x6", 
  "(361/2592)*x2*x4^2 + (-19/72)*x2*x3*x4 + (1/8)*x2*x3^2 + (361/324)*x1*x4^2 \
+ (-19/9)*x1*x3*x4 + x1*x3^2", "(15/128)*x2^3 + (17/16)*x1*x2^2 + x1^2*x2", 
  "(-43/1024)*x2^3 + (-45/128)*x1*x2^2 + x1^3" ]
   Cubic invariant basis vectors: 
[ [ 0, 0, 0, 0, -152/81, 0, -19/18, 0, 0, 0, 16/9, 0, 1, 0, 0, 0, 0, 0, 0, 0, 
      0, 0, 0, 0, 0, 0, 0, 0, 0, 0, 0, 0, 0, 0, 0, 0, 0, 0, 0, 0, 0, 0, 0, 0, 
      0, 0, 0, 0, 0, 0, 0, 0, 0, 0, 0, 0 ], 
  [ 0, 0, 0, 0, 0, 0, 0, 0, 0, 0, 0, 0, 0, 0, 0, 0, 0, 0, 0, 0, 0, 1/8, 0, 0, 
      0, 0, 0, 0, 0, 0, 0, 0, 0, 0, 0, 0, 1, 0, 0, 0, 0, 0, 0, 0, 0, 0, 0, 0, 
      0, 0, 0, 0, 0, 0, 0, 0 ], 
  [ 0, 0, 0, 0, 0, 0, 0, 0, 0, 0, 0, 0, 0, 0, 0, 0, 0, 0, 0, 0, 0, 0, 0, 0, 
      0, 361/2592, 0, 0, -19/72, 1/8, 0, 0, 0, 0, 0, 0, 0, 0, 0, 0, 361/324, 
      0, 0, -19/9, 1, 0, 0, 0, 0, 0, 0, 0, 0, 0, 0, 0 ], 
  [ 0, 0, 0, 0, 0, 0, 0, 0, 0, 0, 0, 0, 0, 0, 0, 0, 0, 0, 0, 0, 0, 0, 0, 0, 
      0, 0, 0, 0, 0, 0, 0, 0, 0, 0, 15/128, 0, 0, 0, 0, 0, 0, 0, 0, 0, 0, 0, 
      0, 0, 0, 17/16, 0, 0, 0, 0, 1, 0 ], 
  [ 0, 0, 0, 0, 0, 0, 0, 0, 0, 0, 0, 0, 0, 0, 0, 0, 0, 0, 0, 0, 0, 0, 0, 0, 
      0, 0, 0, 0, 0, 0, 0, 0, 0, 0, -43/1024, 0, 0, 0, 0, 0, 0, 0, 0, 0, 0, 
      0, 0, 0, 0, -45/128, 0, 0, 0, 0, 0, 1 ] ]

79. Candidate
   Symplectic group: C4
   Component: 1; unique C4 component
   Projective group ID: [ 24, 10 ]
   Strict linear group ID: [ 72, 37 ]
   Generic index: 1
   Generic full linear containment required: false
   Generic full linear containment verified: true
   Direct known case: false
   Source records: [ "G_s=C_4,_liftable,_non-abelian.docx" ]
   Family number within this input: 5
   Strict cubic invariant dimension: 9
   Centralizer dimension: 7
   Expected moduli dimension: 2
   Determinant image order: 6
   Gonzalez status: passed
   Retained: true
   Gonzalez failure statuses: [  ]
   Matrix generators: 
[ [ [ 1, 0, 0, 0, 0, 0 ], [ 0, 1, 0, 0, 0, 0 ], [ 0, 0, -1, 0, 0, 0 ], 
      [ 0, 0, 0, -1, 0, 0 ], [ 0, 0, 0, 0, 0, 3/4 ], [ 0, 0, 0, 0, 4/3, 0 ] ],
  [ [ 1, 0, 0, 0, 0, 0 ], [ 0, 1, 0, 0, 0, 0 ], [ 0, 0, 1, 0, 0, 0 ], 
      [ 0, 0, 0, 1, 0, 0 ], [ 0, 0, 0, 0, 0, -3/4*E(4) ], 
      [ 0, 0, 0, 0, 4/3*E(4), 0 ] ], 
  [ [ E(3)^2, 0, 0, 0, 0, 0 ], [ 0, E(3)^2, 0, 0, 0, 0 ], 
      [ 0, 0, 76/85*E(3)+9/85*E(3)^2, 72/85*E(3)-72/85*E(3)^2, 0, 0 ], 
      [ 0, 0, 19/170*E(3)-19/170*E(3)^2, 9/85*E(3)+76/85*E(3)^2, 0, 0 ], 
      [ 0, 0, 0, 0, E(3)^2, 0 ], [ 0, 0, 0, 0, 0, E(3)^2 ] ], 
  [ [ 1, 0, 0, 0, 0, 0 ], [ 0, 1, 0, 0, 0, 0 ], [ 0, 0, 1, 0, 0, 0 ], 
      [ 0, 0, 0, 1, 0, 0 ], [ 0, 0, 0, 0, -1, 0 ], [ 0, 0, 0, 0, 0, -1 ] ], 
  [ [ E(3), 0, 0, 0, 0, 0 ], [ 0, E(3), 0, 0, 0, 0 ], [ 0, 0, E(3), 0, 0, 0 ],
      [ 0, 0, 0, E(3), 0, 0 ], [ 0, 0, 0, 0, E(3), 0 ], 
      [ 0, 0, 0, 0, 0, E(3) ] ] ]
   Cubic invariant basis strings: 
[ "(152/81)*x4*x6^2 + (-19/18)*x4*x5^2 + (-16/9)*x3*x6^2 + x3*x5^2", 
  "x2*x5*x6", "(361/324)*x2*x4^2 + (-19/9)*x2*x3*x4 + x2*x3^2", "x2^3", 
  "x1*x5*x6", "(361/324)*x1*x4^2 + (-19/9)*x1*x3*x4 + x1*x3^2", "x1*x2^2", 
  "x1^2*x2", "x1^3" ]
   Cubic invariant basis vectors: 
[ [ 0, 0, 0, 0, 152/81, 0, -19/18, 0, 0, 0, -16/9, 0, 1, 0, 0, 0, 0, 0, 0, 0, 
      0, 0, 0, 0, 0, 0, 0, 0, 0, 0, 0, 0, 0, 0, 0, 0, 0, 0, 0, 0, 0, 0, 0, 0, 
      0, 0, 0, 0, 0, 0, 0, 0, 0, 0, 0, 0 ], 
  [ 0, 0, 0, 0, 0, 0, 0, 0, 0, 0, 0, 0, 0, 0, 0, 0, 0, 0, 0, 0, 0, 1, 0, 0, 
      0, 0, 0, 0, 0, 0, 0, 0, 0, 0, 0, 0, 0, 0, 0, 0, 0, 0, 0, 0, 0, 0, 0, 0, 
      0, 0, 0, 0, 0, 0, 0, 0 ], 
  [ 0, 0, 0, 0, 0, 0, 0, 0, 0, 0, 0, 0, 0, 0, 0, 0, 0, 0, 0, 0, 0, 0, 0, 0, 
      0, 361/324, 0, 0, -19/9, 1, 0, 0, 0, 0, 0, 0, 0, 0, 0, 0, 0, 0, 0, 0, 
      0, 0, 0, 0, 0, 0, 0, 0, 0, 0, 0, 0 ], 
  [ 0, 0, 0, 0, 0, 0, 0, 0, 0, 0, 0, 0, 0, 0, 0, 0, 0, 0, 0, 0, 0, 0, 0, 0, 
      0, 0, 0, 0, 0, 0, 0, 0, 0, 0, 1, 0, 0, 0, 0, 0, 0, 0, 0, 0, 0, 0, 0, 0, 
      0, 0, 0, 0, 0, 0, 0, 0 ], 
  [ 0, 0, 0, 0, 0, 0, 0, 0, 0, 0, 0, 0, 0, 0, 0, 0, 0, 0, 0, 0, 0, 0, 0, 0, 
      0, 0, 0, 0, 0, 0, 0, 0, 0, 0, 0, 0, 1, 0, 0, 0, 0, 0, 0, 0, 0, 0, 0, 0, 
      0, 0, 0, 0, 0, 0, 0, 0 ], 
  [ 0, 0, 0, 0, 0, 0, 0, 0, 0, 0, 0, 0, 0, 0, 0, 0, 0, 0, 0, 0, 0, 0, 0, 0, 
      0, 0, 0, 0, 0, 0, 0, 0, 0, 0, 0, 0, 0, 0, 0, 0, 361/324, 0, 0, -19/9, 
      1, 0, 0, 0, 0, 0, 0, 0, 0, 0, 0, 0 ], 
  [ 0, 0, 0, 0, 0, 0, 0, 0, 0, 0, 0, 0, 0, 0, 0, 0, 0, 0, 0, 0, 0, 0, 0, 0, 
      0, 0, 0, 0, 0, 0, 0, 0, 0, 0, 0, 0, 0, 0, 0, 0, 0, 0, 0, 0, 0, 0, 0, 0, 
      0, 1, 0, 0, 0, 0, 0, 0 ], 
  [ 0, 0, 0, 0, 0, 0, 0, 0, 0, 0, 0, 0, 0, 0, 0, 0, 0, 0, 0, 0, 0, 0, 0, 0, 
      0, 0, 0, 0, 0, 0, 0, 0, 0, 0, 0, 0, 0, 0, 0, 0, 0, 0, 0, 0, 0, 0, 0, 0, 
      0, 0, 0, 0, 0, 0, 1, 0 ], 
  [ 0, 0, 0, 0, 0, 0, 0, 0, 0, 0, 0, 0, 0, 0, 0, 0, 0, 0, 0, 0, 0, 0, 0, 0, 
      0, 0, 0, 0, 0, 0, 0, 0, 0, 0, 0, 0, 0, 0, 0, 0, 0, 0, 0, 0, 0, 0, 0, 0, 
      0, 0, 0, 0, 0, 0, 0, 1 ] ]

80. Candidate
   Symplectic group: C4
   Component: 1; unique C4 component
   Projective group ID: [ 24, 10 ]
   Strict linear group ID: [ 72, 37 ]
   Generic index: 1
   Generic full linear containment required: false
   Generic full linear containment verified: true
   Direct known case: false
   Source records: [ "G_s=C_4,_liftable,_non-abelian.docx" ]
   Family number within this input: 6
   Strict cubic invariant dimension: 8
   Centralizer dimension: 7
   Expected moduli dimension: 1
   Determinant image order: 6
   Gonzalez status: passed
   Retained: true
   Gonzalez failure statuses: [  ]
   Matrix generators: 
[ [ [ 1, 0, 0, 0, 0, 0 ], [ 0, 1, 0, 0, 0, 0 ], [ 0, 0, -1, 0, 0, 0 ], 
      [ 0, 0, 0, -1, 0, 0 ], [ 0, 0, 0, 0, 0, 3/4 ], [ 0, 0, 0, 0, 4/3, 0 ] ],
  [ [ 1, 0, 0, 0, 0, 0 ], [ 0, 1, 0, 0, 0, 0 ], [ 0, 0, 1, 0, 0, 0 ], 
      [ 0, 0, 0, 1, 0, 0 ], [ 0, 0, 0, 0, 0, -3/4*E(4) ], 
      [ 0, 0, 0, 0, 4/3*E(4), 0 ] ], 
  [ [ 38/101*E(3)+63/101*E(3)^2, 36/101*E(3)-36/101*E(3)^2, 0, 0, 0, 0 ], 
      [ 133/202*E(3)-133/202*E(3)^2, 63/101*E(3)+38/101*E(3)^2, 0, 0, 0, 0 ], 
      [ 0, 0, E(3)^2, 0, 0, 0 ], [ 0, 0, 0, E(3)^2, 0, 0 ], 
      [ 0, 0, 0, 0, E(3)^2, 0 ], [ 0, 0, 0, 0, 0, E(3)^2 ] ], 
  [ [ 1, 0, 0, 0, 0, 0 ], [ 0, 1, 0, 0, 0, 0 ], [ 0, 0, 1, 0, 0, 0 ], 
      [ 0, 0, 0, 1, 0, 0 ], [ 0, 0, 0, 0, -1, 0 ], [ 0, 0, 0, 0, 0, -1 ] ], 
  [ [ E(3), 0, 0, 0, 0, 0 ], [ 0, E(3), 0, 0, 0, 0 ], [ 0, 0, E(3), 0, 0, 0 ],
      [ 0, 0, 0, E(3), 0, 0 ], [ 0, 0, 0, 0, E(3), 0 ], 
      [ 0, 0, 0, 0, 0, E(3) ] ] ]
   Cubic invariant basis strings: 
[ "(-16/9)*x4*x6^2 + x4*x5^2", "(-16/9)*x3*x6^2 + x3*x5^2", 
  "(-19/18)*x2*x5*x6 + x1*x5*x6", "(-19/18)*x2*x4^2 + x1*x4^2", 
  "(-19/18)*x2*x3*x4 + x1*x3*x4", "(-19/18)*x2*x3^2 + x1*x3^2", 
  "(3019/3888)*x2^3 + (25/36)*x1*x2^2 + x1^2*x2", 
  "(3325/2592)*x2^3 + (133/24)*x1*x2^2 + x1^3" ]
   Cubic invariant basis vectors: 
[ [ 0, 0, 0, 0, -16/9, 0, 1, 0, 0, 0, 0, 0, 0, 0, 0, 0, 0, 0, 0, 0, 0, 0, 0, 
      0, 0, 0, 0, 0, 0, 0, 0, 0, 0, 0, 0, 0, 0, 0, 0, 0, 0, 0, 0, 0, 0, 0, 0, 
      0, 0, 0, 0, 0, 0, 0, 0, 0 ], 
  [ 0, 0, 0, 0, 0, 0, 0, 0, 0, 0, -16/9, 0, 1, 0, 0, 0, 0, 0, 0, 0, 0, 0, 0, 
      0, 0, 0, 0, 0, 0, 0, 0, 0, 0, 0, 0, 0, 0, 0, 0, 0, 0, 0, 0, 0, 0, 0, 0, 
      0, 0, 0, 0, 0, 0, 0, 0, 0 ], 
  [ 0, 0, 0, 0, 0, 0, 0, 0, 0, 0, 0, 0, 0, 0, 0, 0, 0, 0, 0, 0, 0, -19/18, 0, 
      0, 0, 0, 0, 0, 0, 0, 0, 0, 0, 0, 0, 0, 1, 0, 0, 0, 0, 0, 0, 0, 0, 0, 0, 
      0, 0, 0, 0, 0, 0, 0, 0, 0 ], 
  [ 0, 0, 0, 0, 0, 0, 0, 0, 0, 0, 0, 0, 0, 0, 0, 0, 0, 0, 0, 0, 0, 0, 0, 0, 
      0, -19/18, 0, 0, 0, 0, 0, 0, 0, 0, 0, 0, 0, 0, 0, 0, 1, 0, 0, 0, 0, 0, 
      0, 0, 0, 0, 0, 0, 0, 0, 0, 0 ], 
  [ 0, 0, 0, 0, 0, 0, 0, 0, 0, 0, 0, 0, 0, 0, 0, 0, 0, 0, 0, 0, 0, 0, 0, 0, 
      0, 0, 0, 0, -19/18, 0, 0, 0, 0, 0, 0, 0, 0, 0, 0, 0, 0, 0, 0, 1, 0, 0, 
      0, 0, 0, 0, 0, 0, 0, 0, 0, 0 ], 
  [ 0, 0, 0, 0, 0, 0, 0, 0, 0, 0, 0, 0, 0, 0, 0, 0, 0, 0, 0, 0, 0, 0, 0, 0, 
      0, 0, 0, 0, 0, -19/18, 0, 0, 0, 0, 0, 0, 0, 0, 0, 0, 0, 0, 0, 0, 1, 0, 
      0, 0, 0, 0, 0, 0, 0, 0, 0, 0 ], 
  [ 0, 0, 0, 0, 0, 0, 0, 0, 0, 0, 0, 0, 0, 0, 0, 0, 0, 0, 0, 0, 0, 0, 0, 0, 
      0, 0, 0, 0, 0, 0, 0, 0, 0, 0, 3019/3888, 0, 0, 0, 0, 0, 0, 0, 0, 0, 0, 
      0, 0, 0, 0, 25/36, 0, 0, 0, 0, 1, 0 ], 
  [ 0, 0, 0, 0, 0, 0, 0, 0, 0, 0, 0, 0, 0, 0, 0, 0, 0, 0, 0, 0, 0, 0, 0, 0, 
      0, 0, 0, 0, 0, 0, 0, 0, 0, 0, 3325/2592, 0, 0, 0, 0, 0, 0, 0, 0, 0, 0, 
      0, 0, 0, 0, 133/24, 0, 0, 0, 0, 0, 1 ] ]

81. Candidate
   Symplectic group: C4
   Component: 1; unique C4 component
   Projective group ID: [ 24, 10 ]
   Strict linear group ID: [ 72, 37 ]
   Generic index: 1
   Generic full linear containment required: false
   Generic full linear containment verified: true
   Direct known case: false
   Source records: [ "G_s=C_4,_liftable,_non-abelian.docx" ]
   Family number within this input: 7
   Strict cubic invariant dimension: 6
   Centralizer dimension: 5
   Expected moduli dimension: 1
   Determinant image order: 6
   Gonzalez status: passed
   Retained: true
   Gonzalez failure statuses: [  ]
   Matrix generators: 
[ [ [ 1, 0, 0, 0, 0, 0 ], [ 0, 1, 0, 0, 0, 0 ], [ 0, 0, -1, 0, 0, 0 ], 
      [ 0, 0, 0, -1, 0, 0 ], [ 0, 0, 0, 0, 0, 3/4 ], [ 0, 0, 0, 0, 4/3, 0 ] ],
  [ [ 1, 0, 0, 0, 0, 0 ], [ 0, 1, 0, 0, 0, 0 ], [ 0, 0, 1, 0, 0, 0 ], 
      [ 0, 0, 0, 1, 0, 0 ], [ 0, 0, 0, 0, 0, -3/4*E(4) ], 
      [ 0, 0, 0, 0, 4/3*E(4), 0 ] ], 
  [ [ 95/131*E(3)+36/131*E(3)^2, 90/131*E(3)-90/131*E(3)^2, 0, 0, 0, 0 ], 
      [ 38/131*E(3)-38/131*E(3)^2, 36/131*E(3)+95/131*E(3)^2, 0, 0, 0, 0 ], 
      [ 0, 0, 14/13*E(3)-1/13*E(3)^2, -8/13*E(3)+8/13*E(3)^2, 0, 0 ], 
      [ 0, 0, 7/52*E(3)-7/52*E(3)^2, -1/13*E(3)+14/13*E(3)^2, 0, 0 ], 
      [ 0, 0, 0, 0, E(3)^2, 0 ], [ 0, 0, 0, 0, 0, E(3)^2 ] ], 
  [ [ 1, 0, 0, 0, 0, 0 ], [ 0, 1, 0, 0, 0, 0 ], [ 0, 0, 1, 0, 0, 0 ], 
      [ 0, 0, 0, 1, 0, 0 ], [ 0, 0, 0, 0, -1, 0 ], [ 0, 0, 0, 0, 0, -1 ] ], 
  [ [ E(3), 0, 0, 0, 0, 0 ], [ 0, E(3), 0, 0, 0, 0 ], [ 0, 0, E(3), 0, 0, 0 ],
      [ 0, 0, 0, E(3), 0, 0 ], [ 0, 0, 0, 0, E(3), 0 ], 
      [ 0, 0, 0, 0, 0, E(3) ] ] ]
   Cubic invariant basis strings: 
[ "(-28/9)*x4*x6^2 + (7/4)*x4*x5^2 + (-16/9)*x3*x6^2 + x3*x5^2", 
  "(-19/18)*x2*x5*x6 + x1*x5*x6", 
  "(-583/585)*x2*x4^2 + (-683/585)*x2*x3*x4 + (-262/585)*x2*x3^2 + (15/16)*x1*\
x4^2 + x1*x3*x4", 
  "(4781/18720)*x2*x4^2 + (917/2340)*x2*x3*x4 + (599/1170)*x2*x3^2 + (-7/32)*x\
1*x4^2 + x1*x3^2", "(6901/24300)*x2^3 + (-59/90)*x1*x2^2 + x1^2*x2", 
  "(-1121/4050)*x2^3 + (19/15)*x1*x2^2 + x1^3" ]
   Cubic invariant basis vectors: 
[ [ 0, 0, 0, 0, -28/9, 0, 7/4, 0, 0, 0, -16/9, 0, 1, 0, 0, 0, 0, 0, 0, 0, 0, 
      0, 0, 0, 0, 0, 0, 0, 0, 0, 0, 0, 0, 0, 0, 0, 0, 0, 0, 0, 0, 0, 0, 0, 0, 
      0, 0, 0, 0, 0, 0, 0, 0, 0, 0, 0 ], 
  [ 0, 0, 0, 0, 0, 0, 0, 0, 0, 0, 0, 0, 0, 0, 0, 0, 0, 0, 0, 0, 0, -19/18, 0, 
      0, 0, 0, 0, 0, 0, 0, 0, 0, 0, 0, 0, 0, 1, 0, 0, 0, 0, 0, 0, 0, 0, 0, 0, 
      0, 0, 0, 0, 0, 0, 0, 0, 0 ], 
  [ 0, 0, 0, 0, 0, 0, 0, 0, 0, 0, 0, 0, 0, 0, 0, 0, 0, 0, 0, 0, 0, 0, 0, 0, 
      0, -583/585, 0, 0, -683/585, -262/585, 0, 0, 0, 0, 0, 0, 0, 0, 0, 0, 
      15/16, 0, 0, 1, 0, 0, 0, 0, 0, 0, 0, 0, 0, 0, 0, 0 ], 
  [ 0, 0, 0, 0, 0, 0, 0, 0, 0, 0, 0, 0, 0, 0, 0, 0, 0, 0, 0, 0, 0, 0, 0, 0, 
      0, 4781/18720, 0, 0, 917/2340, 599/1170, 0, 0, 0, 0, 0, 0, 0, 0, 0, 0, 
      -7/32, 0, 0, 0, 1, 0, 0, 0, 0, 0, 0, 0, 0, 0, 0, 0 ], 
  [ 0, 0, 0, 0, 0, 0, 0, 0, 0, 0, 0, 0, 0, 0, 0, 0, 0, 0, 0, 0, 0, 0, 0, 0, 
      0, 0, 0, 0, 0, 0, 0, 0, 0, 0, 6901/24300, 0, 0, 0, 0, 0, 0, 0, 0, 0, 0, 
      0, 0, 0, 0, -59/90, 0, 0, 0, 0, 1, 0 ], 
  [ 0, 0, 0, 0, 0, 0, 0, 0, 0, 0, 0, 0, 0, 0, 0, 0, 0, 0, 0, 0, 0, 0, 0, 0, 
      0, 0, 0, 0, 0, 0, 0, 0, 0, 0, -1121/4050, 0, 0, 0, 0, 0, 0, 0, 0, 0, 0, 
      0, 0, 0, 0, 19/15, 0, 0, 0, 0, 0, 1 ] ]

82. Candidate
   Symplectic group: C4
   Component: 1; unique C4 component
   Projective group ID: [ 24, 10 ]
   Strict linear group ID: [ 72, 37 ]
   Generic index: 1
   Generic full linear containment required: false
   Generic full linear containment verified: true
   Direct known case: false
   Source records: [ "G_s=C_4,_liftable,_non-abelian.docx" ]
   Family number within this input: 8
   Strict cubic invariant dimension: 7
   Centralizer dimension: 7
   Expected moduli dimension: 0
   Determinant image order: 6
   Gonzalez status: passed
   Retained: true
   Gonzalez failure statuses: [  ]
   Matrix generators: 
[ [ [ 1, 0, 0, 0, 0, 0 ], [ 0, 1, 0, 0, 0, 0 ], [ 0, 0, -1, 0, 0, 0 ], 
      [ 0, 0, 0, -1, 0, 0 ], [ 0, 0, 0, 0, 0, -3/4 ], [ 0, 0, 0, 0, -4/3, 0 ] 
     ], [ [ 1, 0, 0, 0, 0, 0 ], [ 0, 1, 0, 0, 0, 0 ], [ 0, 0, 1, 0, 0, 0 ], 
      [ 0, 0, 0, 1, 0, 0 ], [ 0, 0, 0, 0, 0, 3/4*E(4) ], 
      [ 0, 0, 0, 0, -4/3*E(4), 0 ] ], 
  [ [ E(3)^2, 0, 0, 0, 0, 0 ], [ 0, E(3)^2, 0, 0, 0, 0 ], 
      [ 0, 0, 25/101*E(3)-38/101*E(3)^2, -72/101*E(3)-36/101*E(3)^2, 0, 0 ], 
      [ 0, 0, -133/101*E(3)-133/202*E(3)^2, -25/101*E(3)-63/101*E(3)^2, 0, 0 ]
        , [ 0, 0, 0, 0, E(3), 0 ], [ 0, 0, 0, 0, 0, E(3) ] ], 
  [ [ 1, 0, 0, 0, 0, 0 ], [ 0, 1, 0, 0, 0, 0 ], [ 0, 0, 1, 0, 0, 0 ], 
      [ 0, 0, 0, 1, 0, 0 ], [ 0, 0, 0, 0, -1, 0 ], [ 0, 0, 0, 0, 0, -1 ] ], 
  [ [ E(3), 0, 0, 0, 0, 0 ], [ 0, E(3), 0, 0, 0, 0 ], [ 0, 0, E(3), 0, 0, 0 ],
      [ 0, 0, 0, E(3), 0, 0 ], [ 0, 0, 0, 0, E(3), 0 ], 
      [ 0, 0, 0, 0, 0, E(3) ] ] ]
   Cubic invariant basis strings: 
[ "(152/81)*x4*x6^2 + (-19/18)*x4*x5^2 + (-16/9)*x3*x6^2 + x3*x5^2", 
  "(-133/72)*x2*x4^2 + (25/36)*x2*x3*x4 + x2*x3^2", "x2^3", 
  "(-133/72)*x1*x4^2 + (25/36)*x1*x3*x4 + x1*x3^2", "x1*x2^2", "x1^2*x2", 
  "x1^3" ]
   Cubic invariant basis vectors: 
[ [ 0, 0, 0, 0, 152/81, 0, -19/18, 0, 0, 0, -16/9, 0, 1, 0, 0, 0, 0, 0, 0, 0, 
      0, 0, 0, 0, 0, 0, 0, 0, 0, 0, 0, 0, 0, 0, 0, 0, 0, 0, 0, 0, 0, 0, 0, 0, 
      0, 0, 0, 0, 0, 0, 0, 0, 0, 0, 0, 0 ], 
  [ 0, 0, 0, 0, 0, 0, 0, 0, 0, 0, 0, 0, 0, 0, 0, 0, 0, 0, 0, 0, 0, 0, 0, 0, 
      0, -133/72, 0, 0, 25/36, 1, 0, 0, 0, 0, 0, 0, 0, 0, 0, 0, 0, 0, 0, 0, 
      0, 0, 0, 0, 0, 0, 0, 0, 0, 0, 0, 0 ], 
  [ 0, 0, 0, 0, 0, 0, 0, 0, 0, 0, 0, 0, 0, 0, 0, 0, 0, 0, 0, 0, 0, 0, 0, 0, 
      0, 0, 0, 0, 0, 0, 0, 0, 0, 0, 1, 0, 0, 0, 0, 0, 0, 0, 0, 0, 0, 0, 0, 0, 
      0, 0, 0, 0, 0, 0, 0, 0 ], 
  [ 0, 0, 0, 0, 0, 0, 0, 0, 0, 0, 0, 0, 0, 0, 0, 0, 0, 0, 0, 0, 0, 0, 0, 0, 
      0, 0, 0, 0, 0, 0, 0, 0, 0, 0, 0, 0, 0, 0, 0, 0, -133/72, 0, 0, 25/36, 
      1, 0, 0, 0, 0, 0, 0, 0, 0, 0, 0, 0 ], 
  [ 0, 0, 0, 0, 0, 0, 0, 0, 0, 0, 0, 0, 0, 0, 0, 0, 0, 0, 0, 0, 0, 0, 0, 0, 
      0, 0, 0, 0, 0, 0, 0, 0, 0, 0, 0, 0, 0, 0, 0, 0, 0, 0, 0, 0, 0, 0, 0, 0, 
      0, 1, 0, 0, 0, 0, 0, 0 ], 
  [ 0, 0, 0, 0, 0, 0, 0, 0, 0, 0, 0, 0, 0, 0, 0, 0, 0, 0, 0, 0, 0, 0, 0, 0, 
      0, 0, 0, 0, 0, 0, 0, 0, 0, 0, 0, 0, 0, 0, 0, 0, 0, 0, 0, 0, 0, 0, 0, 0, 
      0, 0, 0, 0, 0, 0, 1, 0 ], 
  [ 0, 0, 0, 0, 0, 0, 0, 0, 0, 0, 0, 0, 0, 0, 0, 0, 0, 0, 0, 0, 0, 0, 0, 0, 
      0, 0, 0, 0, 0, 0, 0, 0, 0, 0, 0, 0, 0, 0, 0, 0, 0, 0, 0, 0, 0, 0, 0, 0, 
      0, 0, 0, 0, 0, 0, 0, 1 ] ]

83. Candidate
   Symplectic group: C4
   Component: 1; unique C4 component
   Projective group ID: [ 24, 10 ]
   Strict linear group ID: [ 72, 37 ]
   Generic index: 1
   Generic full linear containment required: false
   Generic full linear containment verified: true
   Direct known case: false
   Source records: [ "G_s=C_4,_liftable,_non-abelian.docx" ]
   Family number within this input: 9
   Strict cubic invariant dimension: 5
   Centralizer dimension: 5
   Expected moduli dimension: 0
   Determinant image order: 6
   Gonzalez status: passed
   Retained: true
   Gonzalez failure statuses: [  ]
   Matrix generators: 
[ [ [ 1, 0, 0, 0, 0, 0 ], [ 0, 1, 0, 0, 0, 0 ], [ 0, 0, -1, 0, 0, 0 ], 
      [ 0, 0, 0, -1, 0, 0 ], [ 0, 0, 0, 0, 0, -3/4 ], [ 0, 0, 0, 0, -4/3, 0 ] 
     ], [ [ 1, 0, 0, 0, 0, 0 ], [ 0, 1, 0, 0, 0, 0 ], [ 0, 0, 1, 0, 0, 0 ], 
      [ 0, 0, 0, 1, 0, 0 ], [ 0, 0, 0, 0, 0, 3/4*E(4) ], 
      [ 0, 0, 0, 0, -4/3*E(4), 0 ] ], 
  [ [ 35/27*E(3)-8/27*E(3)^2, -20/27*E(3)+20/27*E(3)^2, 0, 0, 0, 0 ], 
      [ 14/27*E(3)-14/27*E(3)^2, -8/27*E(3)+35/27*E(3)^2, 0, 0, 0, 0 ], 
      [ 0, 0, -76/85*E(3)-67/85*E(3)^2, -72/85*E(3)-144/85*E(3)^2, 0, 0 ], 
      [ 0, 0, -19/170*E(3)-19/85*E(3)^2, -9/85*E(3)+67/85*E(3)^2, 0, 0 ], 
      [ 0, 0, 0, 0, E(3), 0 ], [ 0, 0, 0, 0, 0, E(3) ] ], 
  [ [ 1, 0, 0, 0, 0, 0 ], [ 0, 1, 0, 0, 0, 0 ], [ 0, 0, 1, 0, 0, 0 ], 
      [ 0, 0, 0, 1, 0, 0 ], [ 0, 0, 0, 0, -1, 0 ], [ 0, 0, 0, 0, 0, -1 ] ], 
  [ [ E(3), 0, 0, 0, 0, 0 ], [ 0, E(3), 0, 0, 0, 0 ], [ 0, 0, E(3), 0, 0, 0 ],
      [ 0, 0, 0, E(3), 0, 0 ], [ 0, 0, 0, 0, E(3), 0 ], 
      [ 0, 0, 0, 0, 0, E(3) ] ] ]
   Cubic invariant basis strings: 
[ "(2/5)*x2*x5*x6 + x1*x5*x6", 
  "(-12977/7650)*x2*x4^2 + (1196/425)*x2*x3*x4 + (-486/425)*x2*x3^2 + (-19/18)\
*x1*x4^2 + x1*x3*x4", 
  "(-898529/550800)*x2*x4^2 + (3819/1700)*x2*x3*x4 + (-1129/1700)*x2*x3^2 + (-\
361/324)*x1*x4^2 + x1*x3^2", "(523/400)*x2^3 + (43/20)*x1*x2^2 + x1^2*x2", 
  "(-301/200)*x2^3 + (-21/10)*x1*x2^2 + x1^3" ]
   Cubic invariant basis vectors: 
[ [ 0, 0, 0, 0, 0, 0, 0, 0, 0, 0, 0, 0, 0, 0, 0, 0, 0, 0, 0, 0, 0, 2/5, 0, 0, 
      0, 0, 0, 0, 0, 0, 0, 0, 0, 0, 0, 0, 1, 0, 0, 0, 0, 0, 0, 0, 0, 0, 0, 0, 
      0, 0, 0, 0, 0, 0, 0, 0 ], 
  [ 0, 0, 0, 0, 0, 0, 0, 0, 0, 0, 0, 0, 0, 0, 0, 0, 0, 0, 0, 0, 0, 0, 0, 0, 
      0, -12977/7650, 0, 0, 1196/425, -486/425, 0, 0, 0, 0, 0, 0, 0, 0, 0, 0, 
      -19/18, 0, 0, 1, 0, 0, 0, 0, 0, 0, 0, 0, 0, 0, 0, 0 ], 
  [ 0, 0, 0, 0, 0, 0, 0, 0, 0, 0, 0, 0, 0, 0, 0, 0, 0, 0, 0, 0, 0, 0, 0, 0, 
      0, -898529/550800, 0, 0, 3819/1700, -1129/1700, 0, 0, 0, 0, 0, 0, 0, 0, 
      0, 0, -361/324, 0, 0, 0, 1, 0, 0, 0, 0, 0, 0, 0, 0, 0, 0, 0 ], 
  [ 0, 0, 0, 0, 0, 0, 0, 0, 0, 0, 0, 0, 0, 0, 0, 0, 0, 0, 0, 0, 0, 0, 0, 0, 
      0, 0, 0, 0, 0, 0, 0, 0, 0, 0, 523/400, 0, 0, 0, 0, 0, 0, 0, 0, 0, 0, 0, 
      0, 0, 0, 43/20, 0, 0, 0, 0, 1, 0 ], 
  [ 0, 0, 0, 0, 0, 0, 0, 0, 0, 0, 0, 0, 0, 0, 0, 0, 0, 0, 0, 0, 0, 0, 0, 0, 
      0, 0, 0, 0, 0, 0, 0, 0, 0, 0, -301/200, 0, 0, 0, 0, 0, 0, 0, 0, 0, 0, 
      0, 0, 0, 0, -21/10, 0, 0, 0, 0, 0, 1 ] ]

84. Candidate
   Symplectic group: C4
   Component: 1; unique C4 component
   Projective group ID: [ 24, 10 ]
   Strict linear group ID: [ 72, 37 ]
   Generic index: 1
   Generic full linear containment required: false
   Generic full linear containment verified: true
   Direct known case: false
   Source records: [ "G_s=C_4,_liftable,_non-abelian.docx" ]
   Family number within this input: 10
   Strict cubic invariant dimension: 5
   Centralizer dimension: 5
   Expected moduli dimension: 0
   Determinant image order: 6
   Gonzalez status: passed
   Retained: true
   Gonzalez failure statuses: [  ]
   Matrix generators: 
[ [ [ 1, 0, 0, 0, 0, 0 ], [ 0, 1, 0, 0, 0, 0 ], [ 0, 0, -1, 0, 0, 0 ], 
      [ 0, 0, 0, -1, 0, 0 ], [ 0, 0, 0, 0, 0, -3/4 ], [ 0, 0, 0, 0, -4/3, 0 ] 
     ], [ [ 1, 0, 0, 0, 0, 0 ], [ 0, 1, 0, 0, 0, 0 ], [ 0, 0, 1, 0, 0, 0 ], 
      [ 0, 0, 0, 1, 0, 0 ], [ 0, 0, 0, 0, 0, 3/4*E(4) ], 
      [ 0, 0, 0, 0, -4/3*E(4), 0 ] ], 
  [ [ 35/27*E(3)-8/27*E(3)^2, -20/27*E(3)+20/27*E(3)^2, 0, 0, 0, 0 ], 
      [ 14/27*E(3)-14/27*E(3)^2, -8/27*E(3)+35/27*E(3)^2, 0, 0, 0, 0 ], 
      [ 0, 0, -76/85*E(3)-67/85*E(3)^2, -72/85*E(3)-144/85*E(3)^2, 0, 0 ], 
      [ 0, 0, -19/170*E(3)-19/85*E(3)^2, -9/85*E(3)+67/85*E(3)^2, 0, 0 ], 
      [ 0, 0, 0, 0, 1, 0 ], [ 0, 0, 0, 0, 0, 1 ] ], 
  [ [ 1, 0, 0, 0, 0, 0 ], [ 0, 1, 0, 0, 0, 0 ], [ 0, 0, 1, 0, 0, 0 ], 
      [ 0, 0, 0, 1, 0, 0 ], [ 0, 0, 0, 0, -1, 0 ], [ 0, 0, 0, 0, 0, -1 ] ], 
  [ [ E(3), 0, 0, 0, 0, 0 ], [ 0, E(3), 0, 0, 0, 0 ], [ 0, 0, E(3), 0, 0, 0 ],
      [ 0, 0, 0, E(3), 0, 0 ], [ 0, 0, 0, 0, E(3), 0 ], 
      [ 0, 0, 0, 0, 0, E(3) ] ] ]
   Cubic invariant basis strings: 
[ "(-2/9)*x4*x6^2 + (1/8)*x4*x5^2 + (-16/9)*x3*x6^2 + x3*x5^2", 
  "(-12977/7650)*x2*x4^2 + (1196/425)*x2*x3*x4 + (-486/425)*x2*x3^2 + (-19/18)\
*x1*x4^2 + x1*x3*x4", 
  "(-898529/550800)*x2*x4^2 + (3819/1700)*x2*x3*x4 + (-1129/1700)*x2*x3^2 + (-\
361/324)*x1*x4^2 + x1*x3^2", "(523/400)*x2^3 + (43/20)*x1*x2^2 + x1^2*x2", 
  "(-301/200)*x2^3 + (-21/10)*x1*x2^2 + x1^3" ]
   Cubic invariant basis vectors: 
[ [ 0, 0, 0, 0, -2/9, 0, 1/8, 0, 0, 0, -16/9, 0, 1, 0, 0, 0, 0, 0, 0, 0, 0, 
      0, 0, 0, 0, 0, 0, 0, 0, 0, 0, 0, 0, 0, 0, 0, 0, 0, 0, 0, 0, 0, 0, 0, 0, 
      0, 0, 0, 0, 0, 0, 0, 0, 0, 0, 0 ], 
  [ 0, 0, 0, 0, 0, 0, 0, 0, 0, 0, 0, 0, 0, 0, 0, 0, 0, 0, 0, 0, 0, 0, 0, 0, 
      0, -12977/7650, 0, 0, 1196/425, -486/425, 0, 0, 0, 0, 0, 0, 0, 0, 0, 0, 
      -19/18, 0, 0, 1, 0, 0, 0, 0, 0, 0, 0, 0, 0, 0, 0, 0 ], 
  [ 0, 0, 0, 0, 0, 0, 0, 0, 0, 0, 0, 0, 0, 0, 0, 0, 0, 0, 0, 0, 0, 0, 0, 0, 
      0, -898529/550800, 0, 0, 3819/1700, -1129/1700, 0, 0, 0, 0, 0, 0, 0, 0, 
      0, 0, -361/324, 0, 0, 0, 1, 0, 0, 0, 0, 0, 0, 0, 0, 0, 0, 0 ], 
  [ 0, 0, 0, 0, 0, 0, 0, 0, 0, 0, 0, 0, 0, 0, 0, 0, 0, 0, 0, 0, 0, 0, 0, 0, 
      0, 0, 0, 0, 0, 0, 0, 0, 0, 0, 523/400, 0, 0, 0, 0, 0, 0, 0, 0, 0, 0, 0, 
      0, 0, 0, 43/20, 0, 0, 0, 0, 1, 0 ], 
  [ 0, 0, 0, 0, 0, 0, 0, 0, 0, 0, 0, 0, 0, 0, 0, 0, 0, 0, 0, 0, 0, 0, 0, 0, 
      0, 0, 0, 0, 0, 0, 0, 0, 0, 0, -301/200, 0, 0, 0, 0, 0, 0, 0, 0, 0, 0, 
      0, 0, 0, 0, -21/10, 0, 0, 0, 0, 0, 1 ] ]

85. Candidate
   Symplectic group: C4
   Component: 1; unique C4 component
   Projective group ID: [ 24, 10 ]
   Strict linear group ID: [ 72, 10 ]
   Generic index: 1
   Generic full linear containment required: false
   Generic full linear containment verified: true
   Direct known case: false
   Source records: [ "G_s=C_4,_liftable,_non-abelian.docx" ]
   Family number within this input: 11
   Strict cubic invariant dimension: 5
   Centralizer dimension: 5
   Expected moduli dimension: 0
   Determinant image order: 6
   Gonzalez status: passed
   Retained: true
   Gonzalez failure statuses: [  ]
   Matrix generators: 
[ [ [ -25/101, 72/101, 0, 0, 0, 0 ], [ 133/101, 25/101, 0, 0, 0, 0 ], 
      [ 0, 0, 21/11, -80/11, 0, 0 ], [ 0, 0, 4/11, -21/11, 0, 0 ], 
      [ 0, 0, 0, 0, 0, -3/4 ], [ 0, 0, 0, 0, -4/3, 0 ] ], 
  [ [ -25/101, 72/101, 0, 0, 0, 0 ], [ 133/101, 25/101, 0, 0, 0, 0 ], 
      [ 0, 0, -21/11, 80/11, 0, 0 ], [ 0, 0, -4/11, 21/11, 0, 0 ], 
      [ 0, 0, 0, 0, 0, 3/4*E(4) ], [ 0, 0, 0, 0, -4/3*E(4), 0 ] ], 
  [ [ E(9)^4, 0, 0, 0, 0, 0 ], [ 0, E(9)^4, 0, 0, 0, 0 ], 
      [ 0, 0, E(9)^7, 0, 0, 0 ], [ 0, 0, 0, E(9)^7, 0, 0 ], 
      [ 0, 0, 0, 0, -E(9)^4-E(9)^7, 0 ], [ 0, 0, 0, 0, 0, -E(9)^4-E(9)^7 ] ], 
  [ [ 1, 0, 0, 0, 0, 0 ], [ 0, 1, 0, 0, 0, 0 ], [ 0, 0, 1, 0, 0, 0 ], 
      [ 0, 0, 0, 1, 0, 0 ], [ 0, 0, 0, 0, -1, 0 ], [ 0, 0, 0, 0, 0, -1 ] ], 
  [ [ E(3), 0, 0, 0, 0, 0 ], [ 0, E(3), 0, 0, 0, 0 ], [ 0, 0, E(3), 0, 0, 0 ],
      [ 0, 0, 0, E(3), 0, 0 ], [ 0, 0, 0, 0, E(3), 0 ], 
      [ 0, 0, 0, 0, 0, E(3) ] ] ]
   Cubic invariant basis strings: 
[ "(21/80)*x4*x6^2 + (-99/1280)*x4*x5^2 + x3*x6^2", 
  "(-11/45)*x4*x6^2 + (21/80)*x4*x5^2 + x3*x5^2", 
  "(23783/4356)*x2*x4^2 + (14140/363)*x2*x3*x4 + (80800/1089)*x2*x3^2 + x1*x4^\
2", 
  "(-707/726)*x2*x4^2 + (-2051/242)*x2*x3*x4 + (-7070/363)*x2*x3^2 + x1*x3*x4"
    , 
  "(202/1089)*x2*x4^2 + (707/363)*x2*x3*x4 + (23783/4356)*x2*x3^2 + x1*x3^2" ]
   Cubic invariant basis vectors: 
[ [ 0, 0, 0, 0, 21/80, 0, -99/1280, 0, 0, 0, 1, 0, 0, 0, 0, 0, 0, 0, 0, 0, 0, 
      0, 0, 0, 0, 0, 0, 0, 0, 0, 0, 0, 0, 0, 0, 0, 0, 0, 0, 0, 0, 0, 0, 0, 0, 
      0, 0, 0, 0, 0, 0, 0, 0, 0, 0, 0 ], 
  [ 0, 0, 0, 0, -11/45, 0, 21/80, 0, 0, 0, 0, 0, 1, 0, 0, 0, 0, 0, 0, 0, 0, 
      0, 0, 0, 0, 0, 0, 0, 0, 0, 0, 0, 0, 0, 0, 0, 0, 0, 0, 0, 0, 0, 0, 0, 0, 
      0, 0, 0, 0, 0, 0, 0, 0, 0, 0, 0 ], 
  [ 0, 0, 0, 0, 0, 0, 0, 0, 0, 0, 0, 0, 0, 0, 0, 0, 0, 0, 0, 0, 0, 0, 0, 0, 
      0, 23783/4356, 0, 0, 14140/363, 80800/1089, 0, 0, 0, 0, 0, 0, 0, 0, 0, 
      0, 1, 0, 0, 0, 0, 0, 0, 0, 0, 0, 0, 0, 0, 0, 0, 0 ], 
  [ 0, 0, 0, 0, 0, 0, 0, 0, 0, 0, 0, 0, 0, 0, 0, 0, 0, 0, 0, 0, 0, 0, 0, 0, 
      0, -707/726, 0, 0, -2051/242, -7070/363, 0, 0, 0, 0, 0, 0, 0, 0, 0, 0, 
      0, 0, 0, 1, 0, 0, 0, 0, 0, 0, 0, 0, 0, 0, 0, 0 ], 
  [ 0, 0, 0, 0, 0, 0, 0, 0, 0, 0, 0, 0, 0, 0, 0, 0, 0, 0, 0, 0, 0, 0, 0, 0, 
      0, 202/1089, 0, 0, 707/363, 23783/4356, 0, 0, 0, 0, 0, 0, 0, 0, 0, 0, 
      0, 0, 0, 0, 1, 0, 0, 0, 0, 0, 0, 0, 0, 0, 0, 0 ] ]

86. Candidate
   Symplectic group: C4
   Component: 1; unique C4 component
   Projective group ID: [ 24, 10 ]
   Strict linear group ID: [ 72, 10 ]
   Generic index: 1
   Generic full linear containment required: false
   Generic full linear containment verified: true
   Direct known case: false
   Source records: [ "G_s=C_4,_liftable,_non-abelian.docx" ]
   Family number within this input: 12
   Strict cubic invariant dimension: 5
   Centralizer dimension: 5
   Expected moduli dimension: 0
   Determinant image order: 6
   Gonzalez status: passed
   Retained: true
   Gonzalez failure statuses: [  ]
   Matrix generators: 
[ [ [ 1, 0, 0, 0, 0, 0 ], [ 0, 1, 0, 0, 0, 0 ], [ 0, 0, -1, 0, 0, 0 ], 
      [ 0, 0, 0, -1, 0, 0 ], [ 0, 0, 0, 0, 0, -3/4 ], [ 0, 0, 0, 0, -4/3, 0 ] 
     ], [ [ 1, 0, 0, 0, 0, 0 ], [ 0, 1, 0, 0, 0, 0 ], [ 0, 0, 1, 0, 0, 0 ], 
      [ 0, 0, 0, 1, 0, 0 ], [ 0, 0, 0, 0, 0, 3/4*E(4) ], 
      [ 0, 0, 0, 0, -4/3*E(4), 0 ] ], 
  [ [ 95/131*E(9)^4+36/131*E(9)^7, 90/131*E(9)^4-90/131*E(9)^7, 0, 0, 0, 0 ], 
      [ 38/131*E(9)^4-38/131*E(9)^7, 36/131*E(9)^4+95/131*E(9)^7, 0, 0, 0, 0 ]
        , [ 0, 0, 14/13*E(9)^4-1/13*E(9)^7, -8/13*E(9)^4+8/13*E(9)^7, 0, 0 ], 
      [ 0, 0, 7/52*E(9)^4-7/52*E(9)^7, -1/13*E(9)^4+14/13*E(9)^7, 0, 0 ], 
      [ 0, 0, 0, 0, -E(9)^4-E(9)^7, 0 ], [ 0, 0, 0, 0, 0, -E(9)^4-E(9)^7 ] ], 
  [ [ 1, 0, 0, 0, 0, 0 ], [ 0, 1, 0, 0, 0, 0 ], [ 0, 0, 1, 0, 0, 0 ], 
      [ 0, 0, 0, 1, 0, 0 ], [ 0, 0, 0, 0, -1, 0 ], [ 0, 0, 0, 0, 0, -1 ] ], 
  [ [ E(3), 0, 0, 0, 0, 0 ], [ 0, E(3), 0, 0, 0, 0 ], [ 0, 0, E(3), 0, 0, 0 ],
      [ 0, 0, 0, E(3), 0, 0 ], [ 0, 0, 0, 0, E(3), 0 ], 
      [ 0, 0, 0, 0, 0, E(3) ] ] ]
   Cubic invariant basis strings: 
[ "(-28/9)*x4*x6^2 + (7/4)*x4*x5^2 + (-16/9)*x3*x6^2 + x3*x5^2", 
  "(-19/18)*x2*x5*x6 + x1*x5*x6", 
  "(4193/4680)*x2*x4^2 + (811/390)*x2*x3*x4 + (524/585)*x2*x3^2 + (7/4)*x1*x4^\
2 + x1*x3*x4", 
  "(-3577/1872)*x2*x4^2 + (-917/156)*x2*x3*x4 + (-320/117)*x2*x3^2 + (-49/16)*\
x1*x4^2 + x1*x3^2", 
  "(361/810)*x2^3 + (437/1620)*x1*x2^2 + (-77/45)*x1^2*x2 + x1^3" ]
   Cubic invariant basis vectors: 
[ [ 0, 0, 0, 0, -28/9, 0, 7/4, 0, 0, 0, -16/9, 0, 1, 0, 0, 0, 0, 0, 0, 0, 0, 
      0, 0, 0, 0, 0, 0, 0, 0, 0, 0, 0, 0, 0, 0, 0, 0, 0, 0, 0, 0, 0, 0, 0, 0, 
      0, 0, 0, 0, 0, 0, 0, 0, 0, 0, 0 ], 
  [ 0, 0, 0, 0, 0, 0, 0, 0, 0, 0, 0, 0, 0, 0, 0, 0, 0, 0, 0, 0, 0, -19/18, 0, 
      0, 0, 0, 0, 0, 0, 0, 0, 0, 0, 0, 0, 0, 1, 0, 0, 0, 0, 0, 0, 0, 0, 0, 0, 
      0, 0, 0, 0, 0, 0, 0, 0, 0 ], 
  [ 0, 0, 0, 0, 0, 0, 0, 0, 0, 0, 0, 0, 0, 0, 0, 0, 0, 0, 0, 0, 0, 0, 0, 0, 
      0, 4193/4680, 0, 0, 811/390, 524/585, 0, 0, 0, 0, 0, 0, 0, 0, 0, 0, 
      7/4, 0, 0, 1, 0, 0, 0, 0, 0, 0, 0, 0, 0, 0, 0, 0 ], 
  [ 0, 0, 0, 0, 0, 0, 0, 0, 0, 0, 0, 0, 0, 0, 0, 0, 0, 0, 0, 0, 0, 0, 0, 0, 
      0, -3577/1872, 0, 0, -917/156, -320/117, 0, 0, 0, 0, 0, 0, 0, 0, 0, 0, 
      -49/16, 0, 0, 0, 1, 0, 0, 0, 0, 0, 0, 0, 0, 0, 0, 0 ], 
  [ 0, 0, 0, 0, 0, 0, 0, 0, 0, 0, 0, 0, 0, 0, 0, 0, 0, 0, 0, 0, 0, 0, 0, 0, 
      0, 0, 0, 0, 0, 0, 0, 0, 0, 0, 361/810, 0, 0, 0, 0, 0, 0, 0, 0, 0, 0, 0, 
      0, 0, 0, 437/1620, 0, 0, 0, 0, -77/45, 1 ] ]

87. Candidate
   Symplectic group: C4
   Component: 1; unique C4 component
   Projective group ID: [ 24, 10 ]
   Strict linear group ID: [ 72, 10 ]
   Generic index: 1
   Generic full linear containment required: false
   Generic full linear containment verified: true
   Direct known case: false
   Source records: [ "G_s=C_4,_liftable,_non-abelian.docx" ]
   Family number within this input: 13
   Strict cubic invariant dimension: 5
   Centralizer dimension: 5
   Expected moduli dimension: 0
   Determinant image order: 6
   Gonzalez status: rejected
   Retained: false
   Gonzalez failure statuses: [ "forbidden_strict_invariant_spectrum", 
  "forbidden_strict_invariant_spectrum", "forbidden_strict_invariant_spectrum"
    , "forbidden_strict_invariant_spectrum", 
  "forbidden_strict_invariant_spectrum", 
  "forbidden_strict_invariant_spectrum" ]
   Matrix generators: 
[ [ [ 1, 0, 0, 0, 0, 0 ], [ 0, 1, 0, 0, 0, 0 ], [ 0, 0, -1, 0, 0, 0 ], 
      [ 0, 0, 0, -1, 0, 0 ], [ 0, 0, 0, 0, 0, -3/4 ], [ 0, 0, 0, 0, -4/3, 0 ] 
     ], [ [ 1, 0, 0, 0, 0, 0 ], [ 0, 1, 0, 0, 0, 0 ], [ 0, 0, 1, 0, 0, 0 ], 
      [ 0, 0, 0, 1, 0, 0 ], [ 0, 0, 0, 0, 0, 3/4*E(4) ], 
      [ 0, 0, 0, 0, -4/3*E(4), 0 ] ], 
  [ [ 35/27*E(9)^4-8/27*E(9)^7, -20/27*E(9)^4+20/27*E(9)^7, 0, 0, 0, 0 ], 
      [ 14/27*E(9)^4-14/27*E(9)^7, -8/27*E(9)^4+35/27*E(9)^7, 0, 0, 0, 0 ], 
      [ 0, 0, -76/85*E(9)^4-67/85*E(9)^7, -72/85*E(9)^4-144/85*E(9)^7, 0, 0 ],
      [ 0, 0, -19/170*E(9)^4-19/85*E(9)^7, -9/85*E(9)^4+67/85*E(9)^7, 0, 0 ], 
      [ 0, 0, 0, 0, -E(9)^4-E(9)^7, 0 ], [ 0, 0, 0, 0, 0, -E(9)^4-E(9)^7 ] ], 
  [ [ 1, 0, 0, 0, 0, 0 ], [ 0, 1, 0, 0, 0, 0 ], [ 0, 0, 1, 0, 0, 0 ], 
      [ 0, 0, 0, 1, 0, 0 ], [ 0, 0, 0, 0, -1, 0 ], [ 0, 0, 0, 0, 0, -1 ] ], 
  [ [ E(3), 0, 0, 0, 0, 0 ], [ 0, E(3), 0, 0, 0, 0 ], [ 0, 0, E(3), 0, 0, 0 ],
      [ 0, 0, 0, E(3), 0, 0 ], [ 0, 0, 0, 0, E(3), 0 ], 
      [ 0, 0, 0, 0, 0, E(3) ] ] ]
   Cubic invariant basis strings: 
[ "(152/81)*x4*x6^2 + (-19/18)*x4*x5^2 + (-16/9)*x3*x6^2 + x3*x5^2", 
  "(7/4)*x2*x5*x6 + x1*x5*x6", 
  "(-43373/244800)*x2*x4^2 + (923/1700)*x2*x3*x4 + (243/425)*x2*x3^2 + (-67/14\
4)*x1*x4^2 + x1*x3*x4", 
  "(17537/244800)*x2*x4^2 + (513/1700)*x2*x3*x4 + (683/425)*x2*x3^2 + (19/144)\
*x1*x4^2 + x1*x3^2", 
  "(49/40)*x2^3 + (357/80)*x1*x2^2 + (39/10)*x1^2*x2 + x1^3" ]
   Cubic invariant basis vectors: 
[ [ 0, 0, 0, 0, 152/81, 0, -19/18, 0, 0, 0, -16/9, 0, 1, 0, 0, 0, 0, 0, 0, 0, 
      0, 0, 0, 0, 0, 0, 0, 0, 0, 0, 0, 0, 0, 0, 0, 0, 0, 0, 0, 0, 0, 0, 0, 0, 
      0, 0, 0, 0, 0, 0, 0, 0, 0, 0, 0, 0 ], 
  [ 0, 0, 0, 0, 0, 0, 0, 0, 0, 0, 0, 0, 0, 0, 0, 0, 0, 0, 0, 0, 0, 7/4, 0, 0, 
      0, 0, 0, 0, 0, 0, 0, 0, 0, 0, 0, 0, 1, 0, 0, 0, 0, 0, 0, 0, 0, 0, 0, 0, 
      0, 0, 0, 0, 0, 0, 0, 0 ], 
  [ 0, 0, 0, 0, 0, 0, 0, 0, 0, 0, 0, 0, 0, 0, 0, 0, 0, 0, 0, 0, 0, 0, 0, 0, 
      0, -43373/244800, 0, 0, 923/1700, 243/425, 0, 0, 0, 0, 0, 0, 0, 0, 0, 
      0, -67/144, 0, 0, 1, 0, 0, 0, 0, 0, 0, 0, 0, 0, 0, 0, 0 ], 
  [ 0, 0, 0, 0, 0, 0, 0, 0, 0, 0, 0, 0, 0, 0, 0, 0, 0, 0, 0, 0, 0, 0, 0, 0, 
      0, 17537/244800, 0, 0, 513/1700, 683/425, 0, 0, 0, 0, 0, 0, 0, 0, 0, 0, 
      19/144, 0, 0, 0, 1, 0, 0, 0, 0, 0, 0, 0, 0, 0, 0, 0 ], 
  [ 0, 0, 0, 0, 0, 0, 0, 0, 0, 0, 0, 0, 0, 0, 0, 0, 0, 0, 0, 0, 0, 0, 0, 0, 
      0, 0, 0, 0, 0, 0, 0, 0, 0, 0, 49/40, 0, 0, 0, 0, 0, 0, 0, 0, 0, 0, 0, 
      0, 0, 0, 357/80, 0, 0, 0, 0, 39/10, 1 ] ]
   Gonzalez failures: [ rec(
      applicable := true,
      classIndex := 20,
      classSize := 1,
      linearOrder := 9,
      normalizingScalar := 1,
      ok := false,
      projectiveOrder := 3,
      projectivePowerScalar := E(3)^2,
      projectivePowerScalarExponent := 2,
      reason := "no_Gonzalez_strict_invariant_pattern_matches",
      status := "forbidden_strict_invariant_spectrum",
      testedCharacteristicPolynomial := 
       x1^6+(-2*E(9)^2-E(9)^5)*x1^5+(E(9)^4+2*E(9)^7)*x1^4+E(3)*x1^3+(-E(9)^2-\
2*E(9)^5)*x1^2+(-E(9)^4+E(9)^7)*x1+E(3)^2 ), rec(
      applicable := true,
      classIndex := 22,
      classSize := 1,
      linearOrder := 9,
      normalizingScalar := 1,
      ok := false,
      projectiveOrder := 3,
      projectivePowerScalar := E(3)^2,
      projectivePowerScalarExponent := 2,
      reason := "no_Gonzalez_strict_invariant_pattern_matches",
      status := "forbidden_strict_invariant_spectrum",
      testedCharacteristicPolynomial := 
       x1^6+(E(9)^2+2*E(9)^5)*x1^5+(-2*E(9)^4-E(9)^7)*x1^4+E(3)*x1^3+(-E(9)^2+\
E(9)^5)*x1^2+(-E(9)^4-2*E(9)^7)*x1+E(3)^2 ), rec(
      applicable := true,
      classIndex := 30,
      classSize := 1,
      linearOrder := 9,
      normalizingScalar := 1,
      ok := false,
      projectiveOrder := 3,
      projectivePowerScalar := E(3),
      projectivePowerScalarExponent := 1,
      reason := "no_Gonzalez_strict_invariant_pattern_matches",
      status := "forbidden_strict_invariant_spectrum",
      testedCharacteristicPolynomial := 
       x1^6+(-E(9)^4-2*E(9)^7)*x1^5+(2*E(9)^2+E(9)^5)*x1^4+E(3)^2*x1^3+(-2*E(9\
)^4-E(9)^7)*x1^2+(E(9)^2-E(9)^5)*x1+E(3) ), rec(
      applicable := true,
      classIndex := 35,
      classSize := 1,
      linearOrder := 9,
      normalizingScalar := 1,
      ok := false,
      projectiveOrder := 3,
      projectivePowerScalar := E(3),
      projectivePowerScalarExponent := 1,
      reason := "no_Gonzalez_strict_invariant_pattern_matches",
      status := "forbidden_strict_invariant_spectrum",
      testedCharacteristicPolynomial := 
       x1^6+(-E(9)^4+E(9)^7)*x1^5+(-E(9)^2+E(9)^5)*x1^4+E(3)^2*x1^3+(E(9)^4+2*\
E(9)^7)*x1^2+(E(9)^2+2*E(9)^5)*x1+E(3) ), rec(
      applicable := true,
      classIndex := 37,
      classSize := 1,
      linearOrder := 9,
      normalizingScalar := 1,
      ok := false,
      projectiveOrder := 3,
      projectivePowerScalar := E(3),
      projectivePowerScalarExponent := 1,
      reason := "no_Gonzalez_strict_invariant_pattern_matches",
      status := "forbidden_strict_invariant_spectrum",
      testedCharacteristicPolynomial := 
       x1^6+(2*E(9)^4+E(9)^7)*x1^5+(-E(9)^2-2*E(9)^5)*x1^4+E(3)^2*x1^3+(E(9)^4\
-E(9)^7)*x1^2+(-2*E(9)^2-E(9)^5)*x1+E(3) ), rec(
      applicable := true,
      classIndex := 43,
      classSize := 1,
      linearOrder := 9,
      normalizingScalar := 1,
      ok := false,
      projectiveOrder := 3,
      projectivePowerScalar := E(3)^2,
      projectivePowerScalarExponent := 2,
      reason := "no_Gonzalez_strict_invariant_pattern_matches",
      status := "forbidden_strict_invariant_spectrum",
      testedCharacteristicPolynomial := 
       x1^6+(E(9)^2-E(9)^5)*x1^5+(E(9)^4-E(9)^7)*x1^4+E(3)*x1^3+(2*E(9)^2+E(9)\
^5)*x1^2+(2*E(9)^4+E(9)^7)*x1+E(3)^2 ) ]

88. Candidate
   Symplectic group: C4
   Component: 1; unique C4 component
   Projective group ID: [ 24, 10 ]
   Strict linear group ID: [ 72, 10 ]
   Generic index: 1
   Generic full linear containment required: false
   Generic full linear containment verified: true
   Direct known case: false
   Source records: [ "G_s=C_4,_liftable,_non-abelian.docx" ]
   Family number within this input: 14
   Strict cubic invariant dimension: 5
   Centralizer dimension: 5
   Expected moduli dimension: 0
   Determinant image order: 6
   Gonzalez status: rejected
   Retained: false
   Gonzalez failure statuses: [ "forbidden_strict_invariant_spectrum", 
  "forbidden_strict_invariant_spectrum", "forbidden_strict_invariant_spectrum"
    , "forbidden_strict_invariant_spectrum", 
  "forbidden_strict_invariant_spectrum", 
  "forbidden_strict_invariant_spectrum" ]
   Matrix generators: 
[ [ [ 1, 0, 0, 0, 0, 0 ], [ 0, 1, 0, 0, 0, 0 ], [ 0, 0, -1, 0, 0, 0 ], 
      [ 0, 0, 0, -1, 0, 0 ], [ 0, 0, 0, 0, 0, 3/4 ], [ 0, 0, 0, 0, 4/3, 0 ] ],
  [ [ 1, 0, 0, 0, 0, 0 ], [ 0, 1, 0, 0, 0, 0 ], [ 0, 0, 1, 0, 0, 0 ], 
      [ 0, 0, 0, 1, 0, 0 ], [ 0, 0, 0, 0, 0, -3/4*E(4) ], 
      [ 0, 0, 0, 0, 4/3*E(4), 0 ] ], 
  [ [ 14/13*E(9)^4-1/13*E(9)^7, -8/13*E(9)^4+8/13*E(9)^7, 0, 0, 0, 0 ], 
      [ 7/52*E(9)^4-7/52*E(9)^7, -1/13*E(9)^4+14/13*E(9)^7, 0, 0, 0, 0 ], 
      [ 0, 0, -59/131*E(9)^4-95/131*E(9)^7, -180/131*E(9)^4-90/131*E(9)^7, 0, 
          0 ], 
      [ 0, 0, -76/131*E(9)^4-38/131*E(9)^7, 59/131*E(9)^4-36/131*E(9)^7, 0, 0 
         ], [ 0, 0, 0, 0, E(9)^7, 0 ], [ 0, 0, 0, 0, 0, E(9)^7 ] ], 
  [ [ 1, 0, 0, 0, 0, 0 ], [ 0, 1, 0, 0, 0, 0 ], [ 0, 0, 1, 0, 0, 0 ], 
      [ 0, 0, 0, 1, 0, 0 ], [ 0, 0, 0, 0, -1, 0 ], [ 0, 0, 0, 0, 0, -1 ] ], 
  [ [ E(3), 0, 0, 0, 0, 0 ], [ 0, E(3), 0, 0, 0, 0 ], [ 0, 0, E(3), 0, 0, 0 ],
      [ 0, 0, 0, E(3), 0, 0 ], [ 0, 0, 0, 0, E(3), 0 ], 
      [ 0, 0, 0, 0, 0, E(3) ] ] ]
   Cubic invariant basis strings: 
[ "(152/81)*x4*x6^2 + (-19/18)*x4*x5^2 + (-16/9)*x3*x6^2 + x3*x5^2", 
  "(1/8)*x2*x5*x6 + x1*x5*x6", 
  "(599/2620)*x2*x4^2 + (1067/1048)*x2*x3*x4 + (585/524)*x2*x3^2 + (2/5)*x1*x4\
^2 + x1*x3*x4", 
  "(318/3275)*x2*x4^2 + (767/1310)*x2*x3*x4 + (449/524)*x2*x3^2 + (-4/25)*x1*x\
4^2 + x1*x3^2", "(49/128)*x2^3 + (7/2)*x1*x2^2 + (29/8)*x1^2*x2 + x1^3" ]
   Cubic invariant basis vectors: 
[ [ 0, 0, 0, 0, 152/81, 0, -19/18, 0, 0, 0, -16/9, 0, 1, 0, 0, 0, 0, 0, 0, 0, 
      0, 0, 0, 0, 0, 0, 0, 0, 0, 0, 0, 0, 0, 0, 0, 0, 0, 0, 0, 0, 0, 0, 0, 0, 
      0, 0, 0, 0, 0, 0, 0, 0, 0, 0, 0, 0 ], 
  [ 0, 0, 0, 0, 0, 0, 0, 0, 0, 0, 0, 0, 0, 0, 0, 0, 0, 0, 0, 0, 0, 1/8, 0, 0, 
      0, 0, 0, 0, 0, 0, 0, 0, 0, 0, 0, 0, 1, 0, 0, 0, 0, 0, 0, 0, 0, 0, 0, 0, 
      0, 0, 0, 0, 0, 0, 0, 0 ], 
  [ 0, 0, 0, 0, 0, 0, 0, 0, 0, 0, 0, 0, 0, 0, 0, 0, 0, 0, 0, 0, 0, 0, 0, 0, 
      0, 599/2620, 0, 0, 1067/1048, 585/524, 0, 0, 0, 0, 0, 0, 0, 0, 0, 0, 
      2/5, 0, 0, 1, 0, 0, 0, 0, 0, 0, 0, 0, 0, 0, 0, 0 ], 
  [ 0, 0, 0, 0, 0, 0, 0, 0, 0, 0, 0, 0, 0, 0, 0, 0, 0, 0, 0, 0, 0, 0, 0, 0, 
      0, 318/3275, 0, 0, 767/1310, 449/524, 0, 0, 0, 0, 0, 0, 0, 0, 0, 0, 
      -4/25, 0, 0, 0, 1, 0, 0, 0, 0, 0, 0, 0, 0, 0, 0, 0 ], 
  [ 0, 0, 0, 0, 0, 0, 0, 0, 0, 0, 0, 0, 0, 0, 0, 0, 0, 0, 0, 0, 0, 0, 0, 0, 
      0, 0, 0, 0, 0, 0, 0, 0, 0, 0, 49/128, 0, 0, 0, 0, 0, 0, 0, 0, 0, 0, 0, 
      0, 0, 0, 7/2, 0, 0, 0, 0, 29/8, 1 ] ]
   Gonzalez failures: [ rec(
      applicable := true,
      classIndex := 20,
      classSize := 1,
      linearOrder := 9,
      normalizingScalar := 1,
      ok := false,
      projectiveOrder := 3,
      projectivePowerScalar := E(3)^2,
      projectivePowerScalarExponent := 2,
      reason := "no_Gonzalez_strict_invariant_pattern_matches",
      status := "forbidden_strict_invariant_spectrum",
      testedCharacteristicPolynomial := 
       x1^6+(E(9)^2-E(9)^5)*x1^5+(E(9)^4-E(9)^7)*x1^4+E(3)*x1^3+(2*E(9)^2+E(9)\
^5)*x1^2+(2*E(9)^4+E(9)^7)*x1+E(3)^2 ), rec(
      applicable := true,
      classIndex := 23,
      classSize := 1,
      linearOrder := 9,
      normalizingScalar := 1,
      ok := false,
      projectiveOrder := 3,
      projectivePowerScalar := E(3)^2,
      projectivePowerScalarExponent := 2,
      reason := "no_Gonzalez_strict_invariant_pattern_matches",
      status := "forbidden_strict_invariant_spectrum",
      testedCharacteristicPolynomial := 
       x1^6+(-2*E(9)^2-E(9)^5)*x1^5+(E(9)^4+2*E(9)^7)*x1^4+E(3)*x1^3+(-E(9)^2-\
2*E(9)^5)*x1^2+(-E(9)^4+E(9)^7)*x1+E(3)^2 ), rec(
      applicable := true,
      classIndex := 28,
      classSize := 1,
      linearOrder := 9,
      normalizingScalar := 1,
      ok := false,
      projectiveOrder := 3,
      projectivePowerScalar := E(3),
      projectivePowerScalarExponent := 1,
      reason := "no_Gonzalez_strict_invariant_pattern_matches",
      status := "forbidden_strict_invariant_spectrum",
      testedCharacteristicPolynomial := 
       x1^6+(-E(9)^4+E(9)^7)*x1^5+(-E(9)^2+E(9)^5)*x1^4+E(3)^2*x1^3+(E(9)^4+2*\
E(9)^7)*x1^2+(E(9)^2+2*E(9)^5)*x1+E(3) ), rec(
      applicable := true,
      classIndex := 34,
      classSize := 1,
      linearOrder := 9,
      normalizingScalar := 1,
      ok := false,
      projectiveOrder := 3,
      projectivePowerScalar := E(3),
      projectivePowerScalarExponent := 1,
      reason := "no_Gonzalez_strict_invariant_pattern_matches",
      status := "forbidden_strict_invariant_spectrum",
      testedCharacteristicPolynomial := 
       x1^6+(2*E(9)^4+E(9)^7)*x1^5+(-E(9)^2-2*E(9)^5)*x1^4+E(3)^2*x1^3+(E(9)^4\
-E(9)^7)*x1^2+(-2*E(9)^2-E(9)^5)*x1+E(3) ), rec(
      applicable := true,
      classIndex := 38,
      classSize := 1,
      linearOrder := 9,
      normalizingScalar := 1,
      ok := false,
      projectiveOrder := 3,
      projectivePowerScalar := E(3),
      projectivePowerScalarExponent := 1,
      reason := "no_Gonzalez_strict_invariant_pattern_matches",
      status := "forbidden_strict_invariant_spectrum",
      testedCharacteristicPolynomial := 
       x1^6+(-E(9)^4-2*E(9)^7)*x1^5+(2*E(9)^2+E(9)^5)*x1^4+E(3)^2*x1^3+(-2*E(9\
)^4-E(9)^7)*x1^2+(E(9)^2-E(9)^5)*x1+E(3) ), rec(
      applicable := true,
      classIndex := 44,
      classSize := 1,
      linearOrder := 9,
      normalizingScalar := 1,
      ok := false,
      projectiveOrder := 3,
      projectivePowerScalar := E(3)^2,
      projectivePowerScalarExponent := 2,
      reason := "no_Gonzalez_strict_invariant_pattern_matches",
      status := "forbidden_strict_invariant_spectrum",
      testedCharacteristicPolynomial := 
       x1^6+(E(9)^2+2*E(9)^5)*x1^5+(-2*E(9)^4-E(9)^7)*x1^4+E(3)*x1^3+(-E(9)^2+\
E(9)^5)*x1^2+(-E(9)^4-2*E(9)^7)*x1+E(3)^2 ) ]

89. Candidate
   Symplectic group: C4
   Component: 1; unique C4 component
   Projective group ID: [ 16, 6 ]
   Strict linear group ID: [ 48, 24 ]
   Generic index: 1
   Generic full linear containment required: false
   Generic full linear containment verified: true
   Direct known case: false
   Source records: [ "G_s=C_4,_liftable,_non-abelian.docx" ]
   Family number within this input: 1
   Strict cubic invariant dimension: 5
   Centralizer dimension: 5
   Expected moduli dimension: 0
   Determinant image order: 4
   Gonzalez status: passed
   Retained: true
   Gonzalez failure statuses: [  ]
   Matrix generators: 
[ 
  [ [ -76/85-9/85*E(4), -72/85+72/85*E(4), 0, 0, 0, 0 ], 
      [ -19/170+19/170*E(4), -9/85-76/85*E(4), 0, 0, 0, 0 ], 
      [ 0, 0, -35/27+8/27*E(4), 20/27-20/27*E(4), 0, 0 ], 
      [ 0, 0, -14/27+14/27*E(4), 8/27-35/27*E(4), 0, 0 ], 
      [ 0, 0, 0, 0, 0, 4/3*E(3) ], [ 0, 0, 0, 0, 3/4*E(12)^11, 0 ] ], 
  [ [ 67/85, 144/85, 0, 0, 0, 0 ], [ 19/85, -67/85, 0, 0, 0, 0 ], 
      [ 0, 0, -43/27, 40/27, 0, 0 ], [ 0, 0, -28/27, 43/27, 0, 0 ], 
      [ 0, 0, 0, 0, 1, 0 ], [ 0, 0, 0, 0, 0, -1 ] ], 
  [ [ 67/85, 144/85, 0, 0, 0, 0 ], [ 19/85, -67/85, 0, 0, 0, 0 ], 
      [ 0, 0, 43/27, -40/27, 0, 0 ], [ 0, 0, 28/27, -43/27, 0, 0 ], 
      [ 0, 0, 0, 0, E(4), 0 ], [ 0, 0, 0, 0, 0, E(4) ] ], 
  [ [ 1, 0, 0, 0, 0, 0 ], [ 0, 1, 0, 0, 0, 0 ], [ 0, 0, 1, 0, 0, 0 ], 
      [ 0, 0, 0, 1, 0, 0 ], [ 0, 0, 0, 0, -1, 0 ], [ 0, 0, 0, 0, 0, -1 ] ], 
  [ [ E(3), 0, 0, 0, 0, 0 ], [ 0, E(3), 0, 0, 0, 0 ], [ 0, 0, E(3), 0, 0, 0 ],
      [ 0, 0, 0, E(3), 0, 0 ], [ 0, 0, 0, 0, E(3), 0 ], 
      [ 0, 0, 0, 0, 0, E(3) ] ] ]
   Cubic invariant basis strings: 
[ "(63/64*E(12)^7)*x4*x6^2 + (7/4)*x4*x5^2 + (9/16*E(12)^7)*x3*x6^2 + x3*x5^2"
    , "(-19/18)*x2*x5*x6 + x1*x5*x6", 
  "(6461/7776)*x2*x4^2 + (1949/972)*x2*x3*x4 + (425/486)*x2*x3^2 + (7/4)*x1*x4\
^2 + x1*x3*x4", 
  "(-78547/31104)*x2*x4^2 + (-25585/3888)*x2*x3*x4 + (-5707/1944)*x2*x3^2 + (-\
49/16)*x1*x4^2 + x1*x3^2", 
  "(361/2592)*x2^3 + (551/648)*x1*x2^2 + (-143/72)*x1^2*x2 + x1^3" ]
   Cubic invariant basis vectors: 
[ [ 0, 0, 0, 0, 63/64*E(12)^7, 0, 7/4, 0, 0, 0, 9/16*E(12)^7, 0, 1, 0, 0, 0, 
      0, 0, 0, 0, 0, 0, 0, 0, 0, 0, 0, 0, 0, 0, 0, 0, 0, 0, 0, 0, 0, 0, 0, 0, 
      0, 0, 0, 0, 0, 0, 0, 0, 0, 0, 0, 0, 0, 0, 0, 0 ], 
  [ 0, 0, 0, 0, 0, 0, 0, 0, 0, 0, 0, 0, 0, 0, 0, 0, 0, 0, 0, 0, 0, -19/18, 0, 
      0, 0, 0, 0, 0, 0, 0, 0, 0, 0, 0, 0, 0, 1, 0, 0, 0, 0, 0, 0, 0, 0, 0, 0, 
      0, 0, 0, 0, 0, 0, 0, 0, 0 ], 
  [ 0, 0, 0, 0, 0, 0, 0, 0, 0, 0, 0, 0, 0, 0, 0, 0, 0, 0, 0, 0, 0, 0, 0, 0, 
      0, 6461/7776, 0, 0, 1949/972, 425/486, 0, 0, 0, 0, 0, 0, 0, 0, 0, 0, 
      7/4, 0, 0, 1, 0, 0, 0, 0, 0, 0, 0, 0, 0, 0, 0, 0 ], 
  [ 0, 0, 0, 0, 0, 0, 0, 0, 0, 0, 0, 0, 0, 0, 0, 0, 0, 0, 0, 0, 0, 0, 0, 0, 
      0, -78547/31104, 0, 0, -25585/3888, -5707/1944, 0, 0, 0, 0, 0, 0, 0, 0, 
      0, 0, -49/16, 0, 0, 0, 1, 0, 0, 0, 0, 0, 0, 0, 0, 0, 0, 0 ], 
  [ 0, 0, 0, 0, 0, 0, 0, 0, 0, 0, 0, 0, 0, 0, 0, 0, 0, 0, 0, 0, 0, 0, 0, 0, 
      0, 0, 0, 0, 0, 0, 0, 0, 0, 0, 361/2592, 0, 0, 0, 0, 0, 0, 0, 0, 0, 0, 
      0, 0, 0, 0, 551/648, 0, 0, 0, 0, -143/72, 1 ] ]

90. Candidate
   Symplectic group: C4
   Component: 1; unique C4 component
   Projective group ID: [ 16, 6 ]
   Strict linear group ID: [ 48, 24 ]
   Generic index: 1
   Generic full linear containment required: false
   Generic full linear containment verified: true
   Direct known case: false
   Source records: [ "G_s=C_4,_liftable,_non-abelian.docx" ]
   Family number within this input: 2
   Strict cubic invariant dimension: 5
   Centralizer dimension: 5
   Expected moduli dimension: 0
   Determinant image order: 4
   Gonzalez status: passed
   Retained: true
   Gonzalez failure statuses: [  ]
   Matrix generators: 
[ 
  [ [ 76/85-9/85*E(4), 72/85+72/85*E(4), 0, 0, 0, 0 ], 
      [ 19/170+19/170*E(4), 9/85-76/85*E(4), 0, 0, 0, 0 ], 
      [ 0, 0, -35/27+8/27*E(4), 20/27-20/27*E(4), 0, 0 ], 
      [ 0, 0, -14/27+14/27*E(4), 8/27-35/27*E(4), 0, 0 ], 
      [ 0, 0, 0, 0, 0, 4/3*E(3) ], [ 0, 0, 0, 0, 3/4*E(12)^11, 0 ] ], 
  [ [ 67/85, 144/85, 0, 0, 0, 0 ], [ 19/85, -67/85, 0, 0, 0, 0 ], 
      [ 0, 0, -43/27, 40/27, 0, 0 ], [ 0, 0, -28/27, 43/27, 0, 0 ], 
      [ 0, 0, 0, 0, 1, 0 ], [ 0, 0, 0, 0, 0, -1 ] ], 
  [ [ 67/85, 144/85, 0, 0, 0, 0 ], [ 19/85, -67/85, 0, 0, 0, 0 ], 
      [ 0, 0, 43/27, -40/27, 0, 0 ], [ 0, 0, 28/27, -43/27, 0, 0 ], 
      [ 0, 0, 0, 0, E(4), 0 ], [ 0, 0, 0, 0, 0, E(4) ] ], 
  [ [ 1, 0, 0, 0, 0, 0 ], [ 0, 1, 0, 0, 0, 0 ], [ 0, 0, 1, 0, 0, 0 ], 
      [ 0, 0, 0, 1, 0, 0 ], [ 0, 0, 0, 0, -1, 0 ], [ 0, 0, 0, 0, 0, -1 ] ], 
  [ [ E(3), 0, 0, 0, 0, 0 ], [ 0, E(3), 0, 0, 0, 0 ], [ 0, 0, E(3), 0, 0, 0 ],
      [ 0, 0, 0, E(3), 0, 0 ], [ 0, 0, 0, 0, E(3), 0 ], 
      [ 0, 0, 0, 0, 0, E(3) ] ] ]
   Cubic invariant basis strings: 
[ "(63/64*E(12)^7)*x4*x6^2 + (7/4)*x4*x5^2 + (9/16*E(12)^7)*x3*x6^2 + x3*x5^2"
    , "(-19/18)*x2*x5*x6 + x1*x5*x6", 
  "(-683/1215)*x2*x4^2 + (-853/486)*x2*x3*x4 + (-425/486)*x2*x3^2 + (2/5)*x1*x\
4^2 + x1*x3*x4", 
  "(5707/12150)*x2*x4^2 + (731/486)*x2*x3*x4 + (1603/1944)*x2*x3^2 + (-4/25)*x\
1*x4^2 + x1*x3^2", "(1/512)*x2^3 + (3/64)*x1*x2^2 + (3/8)*x1^2*x2 + x1^3" ]
   Cubic invariant basis vectors: 
[ [ 0, 0, 0, 0, 63/64*E(12)^7, 0, 7/4, 0, 0, 0, 9/16*E(12)^7, 0, 1, 0, 0, 0, 
      0, 0, 0, 0, 0, 0, 0, 0, 0, 0, 0, 0, 0, 0, 0, 0, 0, 0, 0, 0, 0, 0, 0, 0, 
      0, 0, 0, 0, 0, 0, 0, 0, 0, 0, 0, 0, 0, 0, 0, 0 ], 
  [ 0, 0, 0, 0, 0, 0, 0, 0, 0, 0, 0, 0, 0, 0, 0, 0, 0, 0, 0, 0, 0, -19/18, 0, 
      0, 0, 0, 0, 0, 0, 0, 0, 0, 0, 0, 0, 0, 1, 0, 0, 0, 0, 0, 0, 0, 0, 0, 0, 
      0, 0, 0, 0, 0, 0, 0, 0, 0 ], 
  [ 0, 0, 0, 0, 0, 0, 0, 0, 0, 0, 0, 0, 0, 0, 0, 0, 0, 0, 0, 0, 0, 0, 0, 0, 
      0, -683/1215, 0, 0, -853/486, -425/486, 0, 0, 0, 0, 0, 0, 0, 0, 0, 0, 
      2/5, 0, 0, 1, 0, 0, 0, 0, 0, 0, 0, 0, 0, 0, 0, 0 ], 
  [ 0, 0, 0, 0, 0, 0, 0, 0, 0, 0, 0, 0, 0, 0, 0, 0, 0, 0, 0, 0, 0, 0, 0, 0, 
      0, 5707/12150, 0, 0, 731/486, 1603/1944, 0, 0, 0, 0, 0, 0, 0, 0, 0, 0, 
      -4/25, 0, 0, 0, 1, 0, 0, 0, 0, 0, 0, 0, 0, 0, 0, 0 ], 
  [ 0, 0, 0, 0, 0, 0, 0, 0, 0, 0, 0, 0, 0, 0, 0, 0, 0, 0, 0, 0, 0, 0, 0, 0, 
      0, 0, 0, 0, 0, 0, 0, 0, 0, 0, 1/512, 0, 0, 0, 0, 0, 0, 0, 0, 0, 0, 0, 
      0, 0, 0, 3/64, 0, 0, 0, 0, 3/8, 1 ] ]

91. Candidate
   Symplectic group: C4
   Component: 1; unique C4 component
   Projective group ID: [ 16, 6 ]
   Strict linear group ID: [ 48, 24 ]
   Generic index: 1
   Generic full linear containment required: false
   Generic full linear containment verified: true
   Direct known case: false
   Source records: [ "G_s=C_4,_liftable,_non-abelian.docx" ]
   Family number within this input: 3
   Strict cubic invariant dimension: 7
   Centralizer dimension: 7
   Expected moduli dimension: 0
   Determinant image order: 4
   Gonzalez status: passed
   Retained: true
   Gonzalez failure statuses: [  ]
   Matrix generators: 
[ [ [ -25/101, 72/101, 0, 0, 0, 0 ], [ 133/101, 25/101, 0, 0, 0, 0 ], 
      [ 0, 0, -E(4), 0, 0, 0 ], [ 0, 0, 0, -E(4), 0, 0 ], 
      [ 0, 0, 0, 0, 0, 4/3*E(12)^11 ], [ 0, 0, 0, 0, -3/4*E(3), 0 ] ], 
  [ [ 1, 0, 0, 0, 0, 0 ], [ 0, 1, 0, 0, 0, 0 ], [ 0, 0, 1, 0, 0, 0 ], 
      [ 0, 0, 0, 1, 0, 0 ], [ 0, 0, 0, 0, -1, 0 ], [ 0, 0, 0, 0, 0, 1 ] ], 
  [ [ 1, 0, 0, 0, 0, 0 ], [ 0, 1, 0, 0, 0, 0 ], [ 0, 0, -1, 0, 0, 0 ], 
      [ 0, 0, 0, -1, 0, 0 ], [ 0, 0, 0, 0, -E(4), 0 ], 
      [ 0, 0, 0, 0, 0, -E(4) ] ], 
  [ [ 1, 0, 0, 0, 0, 0 ], [ 0, 1, 0, 0, 0, 0 ], [ 0, 0, 1, 0, 0, 0 ], 
      [ 0, 0, 0, 1, 0, 0 ], [ 0, 0, 0, 0, -1, 0 ], [ 0, 0, 0, 0, 0, -1 ] ], 
  [ [ E(3), 0, 0, 0, 0, 0 ], [ 0, E(3), 0, 0, 0, 0 ], [ 0, 0, E(3), 0, 0, 0 ],
      [ 0, 0, 0, E(3), 0, 0 ], [ 0, 0, 0, 0, E(3), 0 ], 
      [ 0, 0, 0, 0, 0, E(3) ] ] ]
   Cubic invariant basis strings: [ "(-9/16*E(12)^11)*x4*x6^2 + x4*x5^2", 
  "(-9/16*E(12)^11)*x3*x6^2 + x3*x5^2", "(-19/18)*x2*x4^2 + x1*x4^2", 
  "(-19/18)*x2*x3*x4 + x1*x3*x4", "(-19/18)*x2*x3^2 + x1*x3^2", 
  "(175/288)*x2^3 + (151/72)*x1*x2^2 + x1^2*x2", 
  "(833/384)*x2^3 + (-175/96)*x1*x2^2 + x1^3" ]
   Cubic invariant basis vectors: 
[ [ 0, 0, 0, 0, -9/16*E(12)^11, 0, 1, 0, 0, 0, 0, 0, 0, 0, 0, 0, 0, 0, 0, 0, 
      0, 0, 0, 0, 0, 0, 0, 0, 0, 0, 0, 0, 0, 0, 0, 0, 0, 0, 0, 0, 0, 0, 0, 0, 
      0, 0, 0, 0, 0, 0, 0, 0, 0, 0, 0, 0 ], 
  [ 0, 0, 0, 0, 0, 0, 0, 0, 0, 0, -9/16*E(12)^11, 0, 1, 0, 0, 0, 0, 0, 0, 0, 
      0, 0, 0, 0, 0, 0, 0, 0, 0, 0, 0, 0, 0, 0, 0, 0, 0, 0, 0, 0, 0, 0, 0, 0, 
      0, 0, 0, 0, 0, 0, 0, 0, 0, 0, 0, 0 ], 
  [ 0, 0, 0, 0, 0, 0, 0, 0, 0, 0, 0, 0, 0, 0, 0, 0, 0, 0, 0, 0, 0, 0, 0, 0, 
      0, -19/18, 0, 0, 0, 0, 0, 0, 0, 0, 0, 0, 0, 0, 0, 0, 1, 0, 0, 0, 0, 0, 
      0, 0, 0, 0, 0, 0, 0, 0, 0, 0 ], 
  [ 0, 0, 0, 0, 0, 0, 0, 0, 0, 0, 0, 0, 0, 0, 0, 0, 0, 0, 0, 0, 0, 0, 0, 0, 
      0, 0, 0, 0, -19/18, 0, 0, 0, 0, 0, 0, 0, 0, 0, 0, 0, 0, 0, 0, 1, 0, 0, 
      0, 0, 0, 0, 0, 0, 0, 0, 0, 0 ], 
  [ 0, 0, 0, 0, 0, 0, 0, 0, 0, 0, 0, 0, 0, 0, 0, 0, 0, 0, 0, 0, 0, 0, 0, 0, 
      0, 0, 0, 0, 0, -19/18, 0, 0, 0, 0, 0, 0, 0, 0, 0, 0, 0, 0, 0, 0, 1, 0, 
      0, 0, 0, 0, 0, 0, 0, 0, 0, 0 ], 
  [ 0, 0, 0, 0, 0, 0, 0, 0, 0, 0, 0, 0, 0, 0, 0, 0, 0, 0, 0, 0, 0, 0, 0, 0, 
      0, 0, 0, 0, 0, 0, 0, 0, 0, 0, 175/288, 0, 0, 0, 0, 0, 0, 0, 0, 0, 0, 0, 
      0, 0, 0, 151/72, 0, 0, 0, 0, 1, 0 ], 
  [ 0, 0, 0, 0, 0, 0, 0, 0, 0, 0, 0, 0, 0, 0, 0, 0, 0, 0, 0, 0, 0, 0, 0, 0, 
      0, 0, 0, 0, 0, 0, 0, 0, 0, 0, 833/384, 0, 0, 0, 0, 0, 0, 0, 0, 0, 0, 0, 
      0, 0, 0, -175/96, 0, 0, 0, 0, 0, 1 ] ]

92. Candidate
   Symplectic group: C4
   Component: 1; unique C4 component
   Projective group ID: [ 16, 6 ]
   Strict linear group ID: [ 48, 24 ]
   Generic index: 1
   Generic full linear containment required: false
   Generic full linear containment verified: true
   Direct known case: false
   Source records: [ "G_s=C_4,_liftable,_non-abelian.docx" ]
   Family number within this input: 4
   Strict cubic invariant dimension: 7
   Centralizer dimension: 5
   Expected moduli dimension: 2
   Determinant image order: 4
   Gonzalez status: passed
   Retained: true
   Gonzalez failure statuses: [  ]
   Matrix generators: 
[ [ [ -25/101, 72/101, 0, 0, 0, 0 ], [ 133/101, 25/101, 0, 0, 0, 0 ], 
      [ 0, 0, 21/11*E(4), -80/11*E(4), 0, 0 ], 
      [ 0, 0, 4/11*E(4), -21/11*E(4), 0, 0 ], [ 0, 0, 0, 0, 0, 4/3*E(12)^11 ],
      [ 0, 0, 0, 0, -3/4*E(3), 0 ] ], 
  [ [ 1, 0, 0, 0, 0, 0 ], [ 0, 1, 0, 0, 0, 0 ], [ 0, 0, 1, 0, 0, 0 ], 
      [ 0, 0, 0, 1, 0, 0 ], [ 0, 0, 0, 0, -1, 0 ], [ 0, 0, 0, 0, 0, 1 ] ], 
  [ [ 1, 0, 0, 0, 0, 0 ], [ 0, 1, 0, 0, 0, 0 ], [ 0, 0, -1, 0, 0, 0 ], 
      [ 0, 0, 0, -1, 0, 0 ], [ 0, 0, 0, 0, -E(4), 0 ], 
      [ 0, 0, 0, 0, 0, -E(4) ] ], 
  [ [ 1, 0, 0, 0, 0, 0 ], [ 0, 1, 0, 0, 0, 0 ], [ 0, 0, 1, 0, 0, 0 ], 
      [ 0, 0, 0, 1, 0, 0 ], [ 0, 0, 0, 0, -1, 0 ], [ 0, 0, 0, 0, 0, -1 ] ], 
  [ [ E(3), 0, 0, 0, 0, 0 ], [ 0, E(3), 0, 0, 0, 0 ], [ 0, 0, E(3), 0, 0, 0 ],
      [ 0, 0, 0, E(3), 0, 0 ], [ 0, 0, 0, 0, E(3), 0 ], 
      [ 0, 0, 0, 0, 0, E(3) ] ] ]
   Cubic invariant basis strings: 
[ "(21/80)*x4*x6^2 + (11/45*E(12)^7)*x4*x5^2 + x3*x6^2", 
  "(-99/1280*E(12)^11)*x4*x6^2 + (21/80)*x4*x5^2 + x3*x5^2", 
  "(-10379/2178)*x2*x4^2 + (-14140/363)*x2*x3*x4 + (-80800/1089)*x2*x3^2 + x1*\
x4^2", 
  "(707/726)*x2*x4^2 + (39943/4356)*x2*x3*x4 + (7070/363)*x2*x3^2 + x1*x3*x4",
  "(-202/1089)*x2*x4^2 + (-707/363)*x2*x3*x4 + (-10379/2178)*x2*x3^2 + x1*x3^2\
", "(175/288)*x2^3 + (151/72)*x1*x2^2 + x1^2*x2", 
  "(833/384)*x2^3 + (-175/96)*x1*x2^2 + x1^3" ]
   Cubic invariant basis vectors: 
[ [ 0, 0, 0, 0, 21/80, 0, 11/45*E(12)^7, 0, 0, 0, 1, 0, 0, 0, 0, 0, 0, 0, 0, 
      0, 0, 0, 0, 0, 0, 0, 0, 0, 0, 0, 0, 0, 0, 0, 0, 0, 0, 0, 0, 0, 0, 0, 0, 
      0, 0, 0, 0, 0, 0, 0, 0, 0, 0, 0, 0, 0 ], 
  [ 0, 0, 0, 0, -99/1280*E(12)^11, 0, 21/80, 0, 0, 0, 0, 0, 1, 0, 0, 0, 0, 0, 
      0, 0, 0, 0, 0, 0, 0, 0, 0, 0, 0, 0, 0, 0, 0, 0, 0, 0, 0, 0, 0, 0, 0, 0, 
      0, 0, 0, 0, 0, 0, 0, 0, 0, 0, 0, 0, 0, 0 ], 
  [ 0, 0, 0, 0, 0, 0, 0, 0, 0, 0, 0, 0, 0, 0, 0, 0, 0, 0, 0, 0, 0, 0, 0, 0, 
      0, -10379/2178, 0, 0, -14140/363, -80800/1089, 0, 0, 0, 0, 0, 0, 0, 0, 
      0, 0, 1, 0, 0, 0, 0, 0, 0, 0, 0, 0, 0, 0, 0, 0, 0, 0 ], 
  [ 0, 0, 0, 0, 0, 0, 0, 0, 0, 0, 0, 0, 0, 0, 0, 0, 0, 0, 0, 0, 0, 0, 0, 0, 
      0, 707/726, 0, 0, 39943/4356, 7070/363, 0, 0, 0, 0, 0, 0, 0, 0, 0, 0, 
      0, 0, 0, 1, 0, 0, 0, 0, 0, 0, 0, 0, 0, 0, 0, 0 ], 
  [ 0, 0, 0, 0, 0, 0, 0, 0, 0, 0, 0, 0, 0, 0, 0, 0, 0, 0, 0, 0, 0, 0, 0, 0, 
      0, -202/1089, 0, 0, -707/363, -10379/2178, 0, 0, 0, 0, 0, 0, 0, 0, 0, 
      0, 0, 0, 0, 0, 1, 0, 0, 0, 0, 0, 0, 0, 0, 0, 0, 0 ], 
  [ 0, 0, 0, 0, 0, 0, 0, 0, 0, 0, 0, 0, 0, 0, 0, 0, 0, 0, 0, 0, 0, 0, 0, 0, 
      0, 0, 0, 0, 0, 0, 0, 0, 0, 0, 175/288, 0, 0, 0, 0, 0, 0, 0, 0, 0, 0, 0, 
      0, 0, 0, 151/72, 0, 0, 0, 0, 1, 0 ], 
  [ 0, 0, 0, 0, 0, 0, 0, 0, 0, 0, 0, 0, 0, 0, 0, 0, 0, 0, 0, 0, 0, 0, 0, 0, 
      0, 0, 0, 0, 0, 0, 0, 0, 0, 0, 833/384, 0, 0, 0, 0, 0, 0, 0, 0, 0, 0, 0, 
      0, 0, 0, -175/96, 0, 0, 0, 0, 0, 1 ] ]

93. Candidate
   Symplectic group: C4
   Component: 1; unique C4 component
   Projective group ID: [ 16, 6 ]
   Strict linear group ID: [ 48, 24 ]
   Generic index: 1
   Generic full linear containment required: false
   Generic full linear containment verified: true
   Direct known case: false
   Source records: [ "G_s=C_4,_liftable,_non-abelian.docx" ]
   Family number within this input: 5
   Strict cubic invariant dimension: 5
   Centralizer dimension: 5
   Expected moduli dimension: 0
   Determinant image order: 4
   Gonzalez status: passed
   Retained: true
   Gonzalez failure statuses: [  ]
   Matrix generators: 
[ [ [ 59/131, 180/131, 0, 0, 0, 0 ], [ 76/131, -59/131, 0, 0, 0, 0 ], 
      [ 0, 0, 15/13, -16/13, 0, 0 ], [ 0, 0, 7/26, -15/13, 0, 0 ], 
      [ 0, 0, 0, 0, 0, 4/3*E(12)^11 ], [ 0, 0, 0, 0, -3/4*E(3), 0 ] ], 
  [ [ 1, 0, 0, 0, 0, 0 ], [ 0, 1, 0, 0, 0, 0 ], [ 0, 0, -1, 0, 0, 0 ], 
      [ 0, 0, 0, -1, 0, 0 ], [ 0, 0, 0, 0, -1, 0 ], [ 0, 0, 0, 0, 0, 1 ] ], 
  [ [ 1, 0, 0, 0, 0, 0 ], [ 0, 1, 0, 0, 0, 0 ], [ 0, 0, 1, 0, 0, 0 ], 
      [ 0, 0, 0, 1, 0, 0 ], [ 0, 0, 0, 0, -E(4), 0 ], 
      [ 0, 0, 0, 0, 0, -E(4) ] ], 
  [ [ 1, 0, 0, 0, 0, 0 ], [ 0, 1, 0, 0, 0, 0 ], [ 0, 0, 1, 0, 0, 0 ], 
      [ 0, 0, 0, 1, 0, 0 ], [ 0, 0, 0, 0, -1, 0 ], [ 0, 0, 0, 0, 0, -1 ] ], 
  [ [ E(3), 0, 0, 0, 0, 0 ], [ 0, E(3), 0, 0, 0, 0 ], [ 0, 0, E(3), 0, 0, 0 ],
      [ 0, 0, 0, E(3), 0, 0 ], [ 0, 0, 0, 0, E(3), 0 ], 
      [ 0, 0, 0, 0, 0, E(3) ] ] ]
   Cubic invariant basis strings: 
[ "(4876/7605)*x2*x4^2 + (1048/507)*x2*x3*x4 + (8384/7605)*x2*x3^2 + x1*x4^2",
  "(-917/4056)*x2*x4^2 + (-2599/1690)*x2*x3*x4 + (-524/507)*x2*x3^2 + x1*x3*x4\
", 
  "(6419/121680)*x2*x4^2 + (917/2028)*x2*x3*x4 + (4876/7605)*x2*x3^2 + x1*x3^2\
", "(-59/450)*x2^3 + (13/180)*x1*x2^2 + x1^2*x2", 
  "(83/375)*x2^3 + (59/150)*x1*x2^2 + x1^3" ]
   Cubic invariant basis vectors: 
[ [ 0, 0, 0, 0, 0, 0, 0, 0, 0, 0, 0, 0, 0, 0, 0, 0, 0, 0, 0, 0, 0, 0, 0, 0, 
      0, 4876/7605, 0, 0, 1048/507, 8384/7605, 0, 0, 0, 0, 0, 0, 0, 0, 0, 0, 
      1, 0, 0, 0, 0, 0, 0, 0, 0, 0, 0, 0, 0, 0, 0, 0 ], 
  [ 0, 0, 0, 0, 0, 0, 0, 0, 0, 0, 0, 0, 0, 0, 0, 0, 0, 0, 0, 0, 0, 0, 0, 0, 
      0, -917/4056, 0, 0, -2599/1690, -524/507, 0, 0, 0, 0, 0, 0, 0, 0, 0, 0, 
      0, 0, 0, 1, 0, 0, 0, 0, 0, 0, 0, 0, 0, 0, 0, 0 ], 
  [ 0, 0, 0, 0, 0, 0, 0, 0, 0, 0, 0, 0, 0, 0, 0, 0, 0, 0, 0, 0, 0, 0, 0, 0, 
      0, 6419/121680, 0, 0, 917/2028, 4876/7605, 0, 0, 0, 0, 0, 0, 0, 0, 0, 
      0, 0, 0, 0, 0, 1, 0, 0, 0, 0, 0, 0, 0, 0, 0, 0, 0 ], 
  [ 0, 0, 0, 0, 0, 0, 0, 0, 0, 0, 0, 0, 0, 0, 0, 0, 0, 0, 0, 0, 0, 0, 0, 0, 
      0, 0, 0, 0, 0, 0, 0, 0, 0, 0, -59/450, 0, 0, 0, 0, 0, 0, 0, 0, 0, 0, 0, 
      0, 0, 0, 13/180, 0, 0, 0, 0, 1, 0 ], 
  [ 0, 0, 0, 0, 0, 0, 0, 0, 0, 0, 0, 0, 0, 0, 0, 0, 0, 0, 0, 0, 0, 0, 0, 0, 
      0, 0, 0, 0, 0, 0, 0, 0, 0, 0, 83/375, 0, 0, 0, 0, 0, 0, 0, 0, 0, 0, 0, 
      0, 0, 0, 59/150, 0, 0, 0, 0, 0, 1 ] ]

94. Candidate
   Symplectic group: C4
   Component: 1; unique C4 component
   Projective group ID: [ 16, 6 ]
   Strict linear group ID: [ 48, 24 ]
   Generic index: 1
   Generic full linear containment required: false
   Generic full linear containment verified: true
   Direct known case: false
   Source records: [ "G_s=C_4,_liftable,_non-abelian.docx" ]
   Family number within this input: 6
   Strict cubic invariant dimension: 8
   Centralizer dimension: 7
   Expected moduli dimension: 1
   Determinant image order: 4
   Gonzalez status: passed
   Retained: true
   Gonzalez failure statuses: [  ]
   Matrix generators: 
[ 
  [ [ 1, 0, 0, 0, 0, 0 ], [ 0, 1, 0, 0, 0, 0 ], 
      [ 0, 0, 21/11*E(4), -80/11*E(4), 0, 0 ], 
      [ 0, 0, 4/11*E(4), -21/11*E(4), 0, 0 ], [ 0, 0, 0, 0, 0, 4/3*E(12)^11 ],
      [ 0, 0, 0, 0, -3/4*E(3), 0 ] ], 
  [ [ 1, 0, 0, 0, 0, 0 ], [ 0, 1, 0, 0, 0, 0 ], [ 0, 0, 1, 0, 0, 0 ], 
      [ 0, 0, 0, 1, 0, 0 ], [ 0, 0, 0, 0, -1, 0 ], [ 0, 0, 0, 0, 0, 1 ] ], 
  [ [ 1, 0, 0, 0, 0, 0 ], [ 0, 1, 0, 0, 0, 0 ], [ 0, 0, -1, 0, 0, 0 ], 
      [ 0, 0, 0, -1, 0, 0 ], [ 0, 0, 0, 0, -E(4), 0 ], 
      [ 0, 0, 0, 0, 0, -E(4) ] ], 
  [ [ 1, 0, 0, 0, 0, 0 ], [ 0, 1, 0, 0, 0, 0 ], [ 0, 0, 1, 0, 0, 0 ], 
      [ 0, 0, 0, 1, 0, 0 ], [ 0, 0, 0, 0, -1, 0 ], [ 0, 0, 0, 0, 0, -1 ] ], 
  [ [ E(3), 0, 0, 0, 0, 0 ], [ 0, E(3), 0, 0, 0, 0 ], [ 0, 0, E(3), 0, 0, 0 ],
      [ 0, 0, 0, E(3), 0, 0 ], [ 0, 0, 0, 0, E(3), 0 ], 
      [ 0, 0, 0, 0, 0, E(3) ] ] ]
   Cubic invariant basis strings: 
[ "(21/80)*x4*x6^2 + (11/45*E(12)^7)*x4*x5^2 + x3*x6^2", 
  "(-99/1280*E(12)^11)*x4*x6^2 + (21/80)*x4*x5^2 + x3*x5^2", 
  "(1/20)*x2*x4^2 + (21/40)*x2*x3*x4 + x2*x3^2", "x2^3", 
  "(1/20)*x1*x4^2 + (21/40)*x1*x3*x4 + x1*x3^2", "x1*x2^2", "x1^2*x2", "x1^3" 
 ]
   Cubic invariant basis vectors: 
[ [ 0, 0, 0, 0, 21/80, 0, 11/45*E(12)^7, 0, 0, 0, 1, 0, 0, 0, 0, 0, 0, 0, 0, 
      0, 0, 0, 0, 0, 0, 0, 0, 0, 0, 0, 0, 0, 0, 0, 0, 0, 0, 0, 0, 0, 0, 0, 0, 
      0, 0, 0, 0, 0, 0, 0, 0, 0, 0, 0, 0, 0 ], 
  [ 0, 0, 0, 0, -99/1280*E(12)^11, 0, 21/80, 0, 0, 0, 0, 0, 1, 0, 0, 0, 0, 0, 
      0, 0, 0, 0, 0, 0, 0, 0, 0, 0, 0, 0, 0, 0, 0, 0, 0, 0, 0, 0, 0, 0, 0, 0, 
      0, 0, 0, 0, 0, 0, 0, 0, 0, 0, 0, 0, 0, 0 ], 
  [ 0, 0, 0, 0, 0, 0, 0, 0, 0, 0, 0, 0, 0, 0, 0, 0, 0, 0, 0, 0, 0, 0, 0, 0, 
      0, 1/20, 0, 0, 21/40, 1, 0, 0, 0, 0, 0, 0, 0, 0, 0, 0, 0, 0, 0, 0, 0, 
      0, 0, 0, 0, 0, 0, 0, 0, 0, 0, 0 ], 
  [ 0, 0, 0, 0, 0, 0, 0, 0, 0, 0, 0, 0, 0, 0, 0, 0, 0, 0, 0, 0, 0, 0, 0, 0, 
      0, 0, 0, 0, 0, 0, 0, 0, 0, 0, 1, 0, 0, 0, 0, 0, 0, 0, 0, 0, 0, 0, 0, 0, 
      0, 0, 0, 0, 0, 0, 0, 0 ], 
  [ 0, 0, 0, 0, 0, 0, 0, 0, 0, 0, 0, 0, 0, 0, 0, 0, 0, 0, 0, 0, 0, 0, 0, 0, 
      0, 0, 0, 0, 0, 0, 0, 0, 0, 0, 0, 0, 0, 0, 0, 0, 1/20, 0, 0, 21/40, 1, 
      0, 0, 0, 0, 0, 0, 0, 0, 0, 0, 0 ], 
  [ 0, 0, 0, 0, 0, 0, 0, 0, 0, 0, 0, 0, 0, 0, 0, 0, 0, 0, 0, 0, 0, 0, 0, 0, 
      0, 0, 0, 0, 0, 0, 0, 0, 0, 0, 0, 0, 0, 0, 0, 0, 0, 0, 0, 0, 0, 0, 0, 0, 
      0, 1, 0, 0, 0, 0, 0, 0 ], 
  [ 0, 0, 0, 0, 0, 0, 0, 0, 0, 0, 0, 0, 0, 0, 0, 0, 0, 0, 0, 0, 0, 0, 0, 0, 
      0, 0, 0, 0, 0, 0, 0, 0, 0, 0, 0, 0, 0, 0, 0, 0, 0, 0, 0, 0, 0, 0, 0, 0, 
      0, 0, 0, 0, 0, 0, 1, 0 ], 
  [ 0, 0, 0, 0, 0, 0, 0, 0, 0, 0, 0, 0, 0, 0, 0, 0, 0, 0, 0, 0, 0, 0, 0, 0, 
      0, 0, 0, 0, 0, 0, 0, 0, 0, 0, 0, 0, 0, 0, 0, 0, 0, 0, 0, 0, 0, 0, 0, 0, 
      0, 0, 0, 0, 0, 0, 0, 1 ] ]

95. Candidate
   Symplectic group: C4
   Component: 1; unique C4 component
   Projective group ID: [ 16, 6 ]
   Strict linear group ID: [ 48, 24 ]
   Generic index: 1
   Generic full linear containment required: false
   Generic full linear containment verified: true
   Direct known case: false
   Source records: [ "G_s=C_4,_liftable,_non-abelian.docx" ]
   Family number within this input: 7
   Strict cubic invariant dimension: 10
   Centralizer dimension: 9
   Expected moduli dimension: 1
   Determinant image order: 4
   Gonzalez status: passed
   Retained: true
   Gonzalez failure statuses: [  ]
   Matrix generators: 
[ [ [ 1, 0, 0, 0, 0, 0 ], [ 0, 1, 0, 0, 0, 0 ], [ 0, 0, -1, 0, 0, 0 ], 
      [ 0, 0, 0, -1, 0, 0 ], [ 0, 0, 0, 0, 0, 4/3*E(12)^11 ], 
      [ 0, 0, 0, 0, -3/4*E(3), 0 ] ], 
  [ [ 1, 0, 0, 0, 0, 0 ], [ 0, 1, 0, 0, 0, 0 ], [ 0, 0, -1, 0, 0, 0 ], 
      [ 0, 0, 0, -1, 0, 0 ], [ 0, 0, 0, 0, -1, 0 ], [ 0, 0, 0, 0, 0, 1 ] ], 
  [ [ 1, 0, 0, 0, 0, 0 ], [ 0, 1, 0, 0, 0, 0 ], [ 0, 0, 1, 0, 0, 0 ], 
      [ 0, 0, 0, 1, 0, 0 ], [ 0, 0, 0, 0, -E(4), 0 ], 
      [ 0, 0, 0, 0, 0, -E(4) ] ], 
  [ [ 1, 0, 0, 0, 0, 0 ], [ 0, 1, 0, 0, 0, 0 ], [ 0, 0, 1, 0, 0, 0 ], 
      [ 0, 0, 0, 1, 0, 0 ], [ 0, 0, 0, 0, -1, 0 ], [ 0, 0, 0, 0, 0, -1 ] ], 
  [ [ E(3), 0, 0, 0, 0, 0 ], [ 0, E(3), 0, 0, 0, 0 ], [ 0, 0, E(3), 0, 0, 0 ],
      [ 0, 0, 0, E(3), 0, 0 ], [ 0, 0, 0, 0, E(3), 0 ], 
      [ 0, 0, 0, 0, 0, E(3) ] ] ]
   Cubic invariant basis strings: [ "x2*x4^2", "x2*x3*x4", "x2*x3^2", "x2^3", 
  "x1*x4^2", "x1*x3*x4", "x1*x3^2", "x1*x2^2", "x1^2*x2", "x1^3" ]
   Cubic invariant basis vectors: 
[ [ 0, 0, 0, 0, 0, 0, 0, 0, 0, 0, 0, 0, 0, 0, 0, 0, 0, 0, 0, 0, 0, 0, 0, 0, 
      0, 1, 0, 0, 0, 0, 0, 0, 0, 0, 0, 0, 0, 0, 0, 0, 0, 0, 0, 0, 0, 0, 0, 0, 
      0, 0, 0, 0, 0, 0, 0, 0 ], 
  [ 0, 0, 0, 0, 0, 0, 0, 0, 0, 0, 0, 0, 0, 0, 0, 0, 0, 0, 0, 0, 0, 0, 0, 0, 
      0, 0, 0, 0, 1, 0, 0, 0, 0, 0, 0, 0, 0, 0, 0, 0, 0, 0, 0, 0, 0, 0, 0, 0, 
      0, 0, 0, 0, 0, 0, 0, 0 ], 
  [ 0, 0, 0, 0, 0, 0, 0, 0, 0, 0, 0, 0, 0, 0, 0, 0, 0, 0, 0, 0, 0, 0, 0, 0, 
      0, 0, 0, 0, 0, 1, 0, 0, 0, 0, 0, 0, 0, 0, 0, 0, 0, 0, 0, 0, 0, 0, 0, 0, 
      0, 0, 0, 0, 0, 0, 0, 0 ], 
  [ 0, 0, 0, 0, 0, 0, 0, 0, 0, 0, 0, 0, 0, 0, 0, 0, 0, 0, 0, 0, 0, 0, 0, 0, 
      0, 0, 0, 0, 0, 0, 0, 0, 0, 0, 1, 0, 0, 0, 0, 0, 0, 0, 0, 0, 0, 0, 0, 0, 
      0, 0, 0, 0, 0, 0, 0, 0 ], 
  [ 0, 0, 0, 0, 0, 0, 0, 0, 0, 0, 0, 0, 0, 0, 0, 0, 0, 0, 0, 0, 0, 0, 0, 0, 
      0, 0, 0, 0, 0, 0, 0, 0, 0, 0, 0, 0, 0, 0, 0, 0, 1, 0, 0, 0, 0, 0, 0, 0, 
      0, 0, 0, 0, 0, 0, 0, 0 ], 
  [ 0, 0, 0, 0, 0, 0, 0, 0, 0, 0, 0, 0, 0, 0, 0, 0, 0, 0, 0, 0, 0, 0, 0, 0, 
      0, 0, 0, 0, 0, 0, 0, 0, 0, 0, 0, 0, 0, 0, 0, 0, 0, 0, 0, 1, 0, 0, 0, 0, 
      0, 0, 0, 0, 0, 0, 0, 0 ], 
  [ 0, 0, 0, 0, 0, 0, 0, 0, 0, 0, 0, 0, 0, 0, 0, 0, 0, 0, 0, 0, 0, 0, 0, 0, 
      0, 0, 0, 0, 0, 0, 0, 0, 0, 0, 0, 0, 0, 0, 0, 0, 0, 0, 0, 0, 1, 0, 0, 0, 
      0, 0, 0, 0, 0, 0, 0, 0 ], 
  [ 0, 0, 0, 0, 0, 0, 0, 0, 0, 0, 0, 0, 0, 0, 0, 0, 0, 0, 0, 0, 0, 0, 0, 0, 
      0, 0, 0, 0, 0, 0, 0, 0, 0, 0, 0, 0, 0, 0, 0, 0, 0, 0, 0, 0, 0, 0, 0, 0, 
      0, 1, 0, 0, 0, 0, 0, 0 ], 
  [ 0, 0, 0, 0, 0, 0, 0, 0, 0, 0, 0, 0, 0, 0, 0, 0, 0, 0, 0, 0, 0, 0, 0, 0, 
      0, 0, 0, 0, 0, 0, 0, 0, 0, 0, 0, 0, 0, 0, 0, 0, 0, 0, 0, 0, 0, 0, 0, 0, 
      0, 0, 0, 0, 0, 0, 1, 0 ], 
  [ 0, 0, 0, 0, 0, 0, 0, 0, 0, 0, 0, 0, 0, 0, 0, 0, 0, 0, 0, 0, 0, 0, 0, 0, 
      0, 0, 0, 0, 0, 0, 0, 0, 0, 0, 0, 0, 0, 0, 0, 0, 0, 0, 0, 0, 0, 0, 0, 0, 
      0, 0, 0, 0, 0, 0, 0, 1 ] ]

96. Candidate
   Symplectic group: C4
   Component: 1; unique C4 component
   Projective group ID: [ 16, 6 ]
   Strict linear group ID: [ 48, 24 ]
   Generic index: 1
   Generic full linear containment required: false
   Generic full linear containment verified: true
   Direct known case: false
   Source records: [ "G_s=C_4,_liftable,_non-abelian.docx" ]
   Family number within this input: 8
   Strict cubic invariant dimension: 8
   Centralizer dimension: 7
   Expected moduli dimension: 1
   Determinant image order: 4
   Gonzalez status: passed
   Retained: true
   Gonzalez failure statuses: [  ]
   Matrix generators: 
[ 
  [ [ 1, 0, 0, 0, 0, 0 ], [ 0, 1, 0, 0, 0, 0 ], [ 0, 0, 21/11, -80/11, 0, 0 ], 
      [ 0, 0, 4/11, -21/11, 0, 0 ], [ 0, 0, 0, 0, 0, 4/3*E(12)^11 ], 
      [ 0, 0, 0, 0, -3/4*E(3), 0 ] ], 
  [ [ 1, 0, 0, 0, 0, 0 ], [ 0, 1, 0, 0, 0, 0 ], [ 0, 0, -1, 0, 0, 0 ], 
      [ 0, 0, 0, -1, 0, 0 ], [ 0, 0, 0, 0, -1, 0 ], [ 0, 0, 0, 0, 0, 1 ] ], 
  [ [ 1, 0, 0, 0, 0, 0 ], [ 0, 1, 0, 0, 0, 0 ], [ 0, 0, 1, 0, 0, 0 ], 
      [ 0, 0, 0, 1, 0, 0 ], [ 0, 0, 0, 0, -E(4), 0 ], 
      [ 0, 0, 0, 0, 0, -E(4) ] ], 
  [ [ 1, 0, 0, 0, 0, 0 ], [ 0, 1, 0, 0, 0, 0 ], [ 0, 0, 1, 0, 0, 0 ], 
      [ 0, 0, 0, 1, 0, 0 ], [ 0, 0, 0, 0, -1, 0 ], [ 0, 0, 0, 0, 0, -1 ] ], 
  [ [ E(3), 0, 0, 0, 0, 0 ], [ 0, E(3), 0, 0, 0, 0 ], [ 0, 0, E(3), 0, 0, 0 ],
      [ 0, 0, 0, E(3), 0, 0 ], [ 0, 0, 0, 0, E(3), 0 ], 
      [ 0, 0, 0, 0, 0, E(3) ] ] ]
   Cubic invariant basis strings: [ "(21/80)*x2*x4^2 + x2*x3*x4", 
  "(-1/20)*x2*x4^2 + x2*x3^2", "x2^3", "(21/80)*x1*x4^2 + x1*x3*x4", 
  "(-1/20)*x1*x4^2 + x1*x3^2", "x1*x2^2", "x1^2*x2", "x1^3" ]
   Cubic invariant basis vectors: 
[ [ 0, 0, 0, 0, 0, 0, 0, 0, 0, 0, 0, 0, 0, 0, 0, 0, 0, 0, 0, 0, 0, 0, 0, 0, 
      0, 21/80, 0, 0, 1, 0, 0, 0, 0, 0, 0, 0, 0, 0, 0, 0, 0, 0, 0, 0, 0, 0, 
      0, 0, 0, 0, 0, 0, 0, 0, 0, 0 ], 
  [ 0, 0, 0, 0, 0, 0, 0, 0, 0, 0, 0, 0, 0, 0, 0, 0, 0, 0, 0, 0, 0, 0, 0, 0, 
      0, -1/20, 0, 0, 0, 1, 0, 0, 0, 0, 0, 0, 0, 0, 0, 0, 0, 0, 0, 0, 0, 0, 
      0, 0, 0, 0, 0, 0, 0, 0, 0, 0 ], 
  [ 0, 0, 0, 0, 0, 0, 0, 0, 0, 0, 0, 0, 0, 0, 0, 0, 0, 0, 0, 0, 0, 0, 0, 0, 
      0, 0, 0, 0, 0, 0, 0, 0, 0, 0, 1, 0, 0, 0, 0, 0, 0, 0, 0, 0, 0, 0, 0, 0, 
      0, 0, 0, 0, 0, 0, 0, 0 ], 
  [ 0, 0, 0, 0, 0, 0, 0, 0, 0, 0, 0, 0, 0, 0, 0, 0, 0, 0, 0, 0, 0, 0, 0, 0, 
      0, 0, 0, 0, 0, 0, 0, 0, 0, 0, 0, 0, 0, 0, 0, 0, 21/80, 0, 0, 1, 0, 0, 
      0, 0, 0, 0, 0, 0, 0, 0, 0, 0 ], 
  [ 0, 0, 0, 0, 0, 0, 0, 0, 0, 0, 0, 0, 0, 0, 0, 0, 0, 0, 0, 0, 0, 0, 0, 0, 
      0, 0, 0, 0, 0, 0, 0, 0, 0, 0, 0, 0, 0, 0, 0, 0, -1/20, 0, 0, 0, 1, 0, 
      0, 0, 0, 0, 0, 0, 0, 0, 0, 0 ], 
  [ 0, 0, 0, 0, 0, 0, 0, 0, 0, 0, 0, 0, 0, 0, 0, 0, 0, 0, 0, 0, 0, 0, 0, 0, 
      0, 0, 0, 0, 0, 0, 0, 0, 0, 0, 0, 0, 0, 0, 0, 0, 0, 0, 0, 0, 0, 0, 0, 0, 
      0, 1, 0, 0, 0, 0, 0, 0 ], 
  [ 0, 0, 0, 0, 0, 0, 0, 0, 0, 0, 0, 0, 0, 0, 0, 0, 0, 0, 0, 0, 0, 0, 0, 0, 
      0, 0, 0, 0, 0, 0, 0, 0, 0, 0, 0, 0, 0, 0, 0, 0, 0, 0, 0, 0, 0, 0, 0, 0, 
      0, 0, 0, 0, 0, 0, 1, 0 ], 
  [ 0, 0, 0, 0, 0, 0, 0, 0, 0, 0, 0, 0, 0, 0, 0, 0, 0, 0, 0, 0, 0, 0, 0, 0, 
      0, 0, 0, 0, 0, 0, 0, 0, 0, 0, 0, 0, 0, 0, 0, 0, 0, 0, 0, 0, 0, 0, 0, 0, 
      0, 0, 0, 0, 0, 0, 0, 1 ] ]

97. Candidate
   Symplectic group: S3
   Component: 1; Koike (3.6), generic index 1
   Projective group ID: [ 6, 1 ]
   Strict linear group ID: [ 18, 3 ]
   Generic index: 1
   Generic full linear containment required: false
   Generic full linear containment verified: true
   Direct known case: false
   Source records: [ "S_3_initial_generic_index=1_liftable.docx" ]
   Family number within this input: 1
   Strict cubic invariant dimension: 14
   Centralizer dimension: 8
   Expected moduli dimension: 6
   Determinant image order: 1
   Gonzalez status: passed
   Retained: true
   Gonzalez failure statuses: [  ]
   Matrix generators: 
[ [ [ 0, 1, 0, 0, 0, 0 ], [ 1, 0, 0, 0, 0, 0 ], [ 0, 0, 1, 0, 0, 0 ], 
      [ 0, 0, 0, 0, 1, 0 ], [ 0, 0, 0, 1, 0, 0 ], [ 0, 0, 0, 0, 0, 1 ] ], 
  [ [ 0, 0, 1, 0, 0, 0 ], [ 1, 0, 0, 0, 0, 0 ], [ 0, 1, 0, 0, 0, 0 ], 
      [ 0, 0, 0, 0, 0, 1 ], [ 0, 0, 0, 1, 0, 0 ], [ 0, 0, 0, 0, 1, 0 ] ], 
  [ [ E(3), 0, 0, 0, 0, 0 ], [ 0, E(3), 0, 0, 0, 0 ], [ 0, 0, E(3), 0, 0, 0 ],
      [ 0, 0, 0, E(3), 0, 0 ], [ 0, 0, 0, 0, E(3), 0 ], 
      [ 0, 0, 0, 0, 0, E(3) ] ] ]
   Cubic invariant basis strings: 
[ "x4*x5*x6", "x5*x6^2 + x5^2*x6 + x4*x6^2 + x4*x5^2 + x4^2*x6 + x4^2*x5", 
  "x6^3 + x5^3 + x4^3", "x3*x4*x5 + x2*x4*x6 + x1*x5*x6", 
  "x3*x5^2 + x3*x4^2 + x2*x6^2 + x2*x4^2 + x1*x6^2 + x1*x5^2", 
  "x3*x5*x6 + x3*x4*x6 + x2*x5*x6 + x2*x4*x5 + x1*x4*x6 + x1*x4*x5", 
  "x3*x6^2 + x2*x5^2 + x1*x4^2", "x2*x3*x4 + x1*x3*x5 + x1*x2*x6", 
  "x2*x3*x6 + x2*x3*x5 + x1*x3*x6 + x1*x3*x4 + x1*x2*x5 + x1*x2*x4", 
  "x1*x2*x3", "x3^2*x5 + x3^2*x4 + x2^2*x6 + x2^2*x4 + x1^2*x6 + x1^2*x5", 
  "x3^2*x6 + x2^2*x5 + x1^2*x4", 
  "x2*x3^2 + x2^2*x3 + x1*x3^2 + x1*x2^2 + x1^2*x3 + x1^2*x2", 
  "x3^3 + x2^3 + x1^3" ]
   Cubic invariant basis vectors: 
[ [ 0, 0, 0, 0, 0, 1, 0, 0, 0, 0, 0, 0, 0, 0, 0, 0, 0, 0, 0, 0, 0, 0, 0, 0, 
      0, 0, 0, 0, 0, 0, 0, 0, 0, 0, 0, 0, 0, 0, 0, 0, 0, 0, 0, 0, 0, 0, 0, 0, 
      0, 0, 0, 0, 0, 0, 0, 0 ], 
  [ 0, 1, 1, 0, 1, 0, 1, 1, 1, 0, 0, 0, 0, 0, 0, 0, 0, 0, 0, 0, 0, 0, 0, 0, 
      0, 0, 0, 0, 0, 0, 0, 0, 0, 0, 0, 0, 0, 0, 0, 0, 0, 0, 0, 0, 0, 0, 0, 0, 
      0, 0, 0, 0, 0, 0, 0, 0 ], 
  [ 1, 0, 0, 1, 0, 0, 0, 0, 0, 1, 0, 0, 0, 0, 0, 0, 0, 0, 0, 0, 0, 0, 0, 0, 
      0, 0, 0, 0, 0, 0, 0, 0, 0, 0, 0, 0, 0, 0, 0, 0, 0, 0, 0, 0, 0, 0, 0, 0, 
      0, 0, 0, 0, 0, 0, 0, 0 ], 
  [ 0, 0, 0, 0, 0, 0, 0, 0, 0, 0, 0, 0, 0, 0, 1, 0, 0, 0, 0, 0, 0, 0, 0, 1, 
      0, 0, 0, 0, 0, 0, 0, 0, 0, 0, 0, 0, 1, 0, 0, 0, 0, 0, 0, 0, 0, 0, 0, 0, 
      0, 0, 0, 0, 0, 0, 0, 0 ], 
  [ 0, 0, 0, 0, 0, 0, 0, 0, 0, 0, 0, 0, 1, 0, 0, 1, 0, 0, 0, 0, 1, 0, 0, 0, 
      0, 1, 0, 0, 0, 0, 0, 0, 0, 0, 0, 1, 0, 1, 0, 0, 0, 0, 0, 0, 0, 0, 0, 0, 
      0, 0, 0, 0, 0, 0, 0, 0 ], 
  [ 0, 0, 0, 0, 0, 0, 0, 0, 0, 0, 0, 1, 0, 1, 0, 0, 0, 0, 0, 0, 0, 1, 0, 0, 
      1, 0, 0, 0, 0, 0, 0, 0, 0, 0, 0, 0, 0, 0, 1, 1, 0, 0, 0, 0, 0, 0, 0, 0, 
      0, 0, 0, 0, 0, 0, 0, 0 ], 
  [ 0, 0, 0, 0, 0, 0, 0, 0, 0, 0, 1, 0, 0, 0, 0, 0, 0, 0, 0, 0, 0, 0, 1, 0, 
      0, 0, 0, 0, 0, 0, 0, 0, 0, 0, 0, 0, 0, 0, 0, 0, 1, 0, 0, 0, 0, 0, 0, 0, 
      0, 0, 0, 0, 0, 0, 0, 0 ], 
  [ 0, 0, 0, 0, 0, 0, 0, 0, 0, 0, 0, 0, 0, 0, 0, 0, 0, 0, 0, 0, 0, 0, 0, 0, 
      0, 0, 0, 0, 1, 0, 0, 0, 0, 0, 0, 0, 0, 0, 0, 0, 0, 0, 1, 0, 0, 1, 0, 0, 
      0, 0, 0, 0, 0, 0, 0, 0 ], 
  [ 0, 0, 0, 0, 0, 0, 0, 0, 0, 0, 0, 0, 0, 0, 0, 0, 0, 0, 0, 0, 0, 0, 0, 0, 
      0, 0, 1, 1, 0, 0, 0, 0, 0, 0, 0, 0, 0, 0, 0, 0, 0, 1, 0, 1, 0, 0, 1, 1, 
      0, 0, 0, 0, 0, 0, 0, 0 ], 
  [ 0, 0, 0, 0, 0, 0, 0, 0, 0, 0, 0, 0, 0, 0, 0, 0, 0, 0, 0, 0, 0, 0, 0, 0, 
      0, 0, 0, 0, 0, 0, 0, 0, 0, 0, 0, 0, 0, 0, 0, 0, 0, 0, 0, 0, 0, 0, 0, 0, 
      1, 0, 0, 0, 0, 0, 0, 0 ], 
  [ 0, 0, 0, 0, 0, 0, 0, 0, 0, 0, 0, 0, 0, 0, 0, 0, 0, 1, 1, 0, 0, 0, 0, 0, 
      0, 0, 0, 0, 0, 0, 1, 0, 1, 0, 0, 0, 0, 0, 0, 0, 0, 0, 0, 0, 0, 0, 0, 0, 
      0, 0, 1, 1, 0, 0, 0, 0 ], 
  [ 0, 0, 0, 0, 0, 0, 0, 0, 0, 0, 0, 0, 0, 0, 0, 0, 1, 0, 0, 0, 0, 0, 0, 0, 
      0, 0, 0, 0, 0, 0, 0, 1, 0, 0, 0, 0, 0, 0, 0, 0, 0, 0, 0, 0, 0, 0, 0, 0, 
      0, 0, 0, 0, 1, 0, 0, 0 ], 
  [ 0, 0, 0, 0, 0, 0, 0, 0, 0, 0, 0, 0, 0, 0, 0, 0, 0, 0, 0, 0, 0, 0, 0, 0, 
      0, 0, 0, 0, 0, 1, 0, 0, 0, 1, 0, 0, 0, 0, 0, 0, 0, 0, 0, 0, 1, 0, 0, 0, 
      0, 1, 0, 0, 0, 1, 1, 0 ], 
  [ 0, 0, 0, 0, 0, 0, 0, 0, 0, 0, 0, 0, 0, 0, 0, 0, 0, 0, 0, 1, 0, 0, 0, 0, 
      0, 0, 0, 0, 0, 0, 0, 0, 0, 0, 1, 0, 0, 0, 0, 0, 0, 0, 0, 0, 0, 0, 0, 0, 
      0, 0, 0, 0, 0, 0, 0, 1 ] ]

98. Candidate
   Symplectic group: S3
   Component: 1; Koike (3.6), generic index 1
   Projective group ID: [ 12, 4 ]
   Strict linear group ID: [ 36, 12 ]
   Generic index: 1
   Generic full linear containment required: false
   Generic full linear containment verified: true
   Direct known case: false
   Source records: [ "S_3_initial_generic_index=1_liftable.docx" ]
   Family number within this input: 1
   Strict cubic invariant dimension: 7
   Centralizer dimension: 4
   Expected moduli dimension: 3
   Determinant image order: 2
   Gonzalez status: passed
   Retained: true
   Gonzalez failure statuses: [  ]
   Matrix generators: 
[ [ [ 0, 1, 0, 0, 0, 0 ], [ 1, 0, 0, 0, 0, 0 ], [ 0, 0, 1, 0, 0, 0 ], 
      [ 0, 0, 0, 0, 1, 0 ], [ 0, 0, 0, 1, 0, 0 ], [ 0, 0, 0, 0, 0, 1 ] ], 
  [ [ -1, 0, 0, 0, 0, 0 ], [ 0, -1, 0, 0, 0, 0 ], [ 0, 0, -1, 0, 0, 0 ], 
      [ 2, 0, 0, 1, 0, 0 ], [ 0, 2, 0, 0, 1, 0 ], [ 0, 0, 2, 0, 0, 1 ] ], 
  [ [ 0, 1, 0, 0, 0, 0 ], [ 0, 0, 1, 0, 0, 0 ], [ 1, 0, 0, 0, 0, 0 ], 
      [ 0, 0, 0, 0, 1, 0 ], [ 0, 0, 0, 0, 0, 1 ], [ 0, 0, 0, 1, 0, 0 ] ], 
  [ [ E(3), 0, 0, 0, 0, 0 ], [ 0, E(3), 0, 0, 0, 0 ], [ 0, 0, E(3), 0, 0, 0 ],
      [ 0, 0, 0, E(3), 0, 0 ], [ 0, 0, 0, 0, E(3), 0 ], 
      [ 0, 0, 0, 0, 0, E(3) ] ] ]
   Cubic invariant basis strings: 
[ "x4*x5*x6", "x5*x6^2 + x5^2*x6 + x4*x6^2 + x4*x5^2 + x4^2*x6 + x4^2*x5", 
  "x6^3 + x5^3 + x4^3", 
  "(-2)*x3*x4*x5 + (-2)*x2*x4*x6 + x2*x3*x4 + (-2)*x1*x5*x6 + x1*x3*x5 + x1*x2\
*x6", 
  "-x3*x5*x6 + -x3*x5^2 + -x3*x4*x6 + -x3*x4^2 + -x2*x6^2 + -x2*x5*x6 + -x2*x4\
*x5 + -x2*x4^2 + x2*x3*x6 + x2*x3*x5 + -x1*x6^2 + -x1*x5^2 + -x1*x4*x6 + -x1*x\
4*x5 + x1*x3*x6 + x1*x3*x4 + x1*x2*x5 + x1*x2*x4", 
  "(-2)*x3*x5*x6 + (-2)*x3*x4*x6 + x3^2*x5 + x3^2*x4 + (-2)*x2*x5*x6 + (-2)*x2\
*x4*x5 + x2^2*x6 + x2^2*x4 + (-2)*x1*x4*x6 + (-2)*x1*x4*x5 + x1^2*x6 + x1^2*x5\
", "(-2)*x3*x6^2 + x3^2*x6 + (-2)*x2*x5^2 + x2^2*x5 + (-2)*x1*x4^2 + x1^2*x4" 
 ]
   Cubic invariant basis vectors: 
[ [ 0, 0, 0, 0, 0, 1, 0, 0, 0, 0, 0, 0, 0, 0, 0, 0, 0, 0, 0, 0, 0, 0, 0, 0, 
      0, 0, 0, 0, 0, 0, 0, 0, 0, 0, 0, 0, 0, 0, 0, 0, 0, 0, 0, 0, 0, 0, 0, 0, 
      0, 0, 0, 0, 0, 0, 0, 0 ], 
  [ 0, 1, 1, 0, 1, 0, 1, 1, 1, 0, 0, 0, 0, 0, 0, 0, 0, 0, 0, 0, 0, 0, 0, 0, 
      0, 0, 0, 0, 0, 0, 0, 0, 0, 0, 0, 0, 0, 0, 0, 0, 0, 0, 0, 0, 0, 0, 0, 0, 
      0, 0, 0, 0, 0, 0, 0, 0 ], 
  [ 1, 0, 0, 1, 0, 0, 0, 0, 0, 1, 0, 0, 0, 0, 0, 0, 0, 0, 0, 0, 0, 0, 0, 0, 
      0, 0, 0, 0, 0, 0, 0, 0, 0, 0, 0, 0, 0, 0, 0, 0, 0, 0, 0, 0, 0, 0, 0, 0, 
      0, 0, 0, 0, 0, 0, 0, 0 ], 
  [ 0, 0, 0, 0, 0, 0, 0, 0, 0, 0, 0, 0, 0, 0, -2, 0, 0, 0, 0, 0, 0, 0, 0, -2, 
      0, 0, 0, 0, 1, 0, 0, 0, 0, 0, 0, 0, -2, 0, 0, 0, 0, 0, 1, 0, 0, 1, 0, 
      0, 0, 0, 0, 0, 0, 0, 0, 0 ], 
  [ 0, 0, 0, 0, 0, 0, 0, 0, 0, 0, 0, -1, -1, -1, 0, -1, 0, 0, 0, 0, -1, -1, 
      0, 0, -1, -1, 1, 1, 0, 0, 0, 0, 0, 0, 0, -1, 0, -1, -1, -1, 0, 1, 0, 1, 
      0, 0, 1, 1, 0, 0, 0, 0, 0, 0, 0, 0 ], 
  [ 0, 0, 0, 0, 0, 0, 0, 0, 0, 0, 0, -2, 0, -2, 0, 0, 0, 1, 1, 0, 0, -2, 0, 
      0, -2, 0, 0, 0, 0, 0, 1, 0, 1, 0, 0, 0, 0, 0, -2, -2, 0, 0, 0, 0, 0, 0, 
      0, 0, 0, 0, 1, 1, 0, 0, 0, 0 ], 
  [ 0, 0, 0, 0, 0, 0, 0, 0, 0, 0, -2, 0, 0, 0, 0, 0, 1, 0, 0, 0, 0, 0, -2, 0, 
      0, 0, 0, 0, 0, 0, 0, 1, 0, 0, 0, 0, 0, 0, 0, 0, -2, 0, 0, 0, 0, 0, 0, 
      0, 0, 0, 0, 0, 1, 0, 0, 0 ] ]

99. Candidate
   Symplectic group: S3
   Component: 1; Koike (3.6), generic index 1
   Projective group ID: [ 12, 4 ]
   Strict linear group ID: [ 36, 12 ]
   Generic index: 1
   Generic full linear containment required: false
   Generic full linear containment verified: true
   Direct known case: false
   Source records: [ "S_3_initial_generic_index=1_liftable.docx" ]
   Family number within this input: 2
   Strict cubic invariant dimension: 9
   Centralizer dimension: 6
   Expected moduli dimension: 3
   Determinant image order: 2
   Gonzalez status: passed
   Retained: true
   Gonzalez failure statuses: [  ]
   Matrix generators: 
[ [ [ 0, 1, 0, 0, 0, 0 ], [ 1, 0, 0, 0, 0, 0 ], [ 0, 0, 1, 0, 0, 0 ], 
      [ 0, 0, 0, 0, 1, 0 ], [ 0, 0, 0, 1, 0, 0 ], [ 0, 0, 0, 0, 0, 1 ] ], 
  [ [ 1/3, -2/3, -2/3, 0, 0, 0 ], [ -2/3, 1/3, -2/3, 0, 0, 0 ], 
      [ -2/3, -2/3, 1/3, 0, 0, 0 ], [ 2/3, 2/3, 2/3, 1, 0, 0 ], 
      [ 2/3, 2/3, 2/3, 0, 1, 0 ], [ 2/3, 2/3, 2/3, 0, 0, 1 ] ], 
  [ [ 0, 1, 0, 0, 0, 0 ], [ 0, 0, 1, 0, 0, 0 ], [ 1, 0, 0, 0, 0, 0 ], 
      [ 0, 0, 0, 0, 1, 0 ], [ 0, 0, 0, 0, 0, 1 ], [ 0, 0, 0, 1, 0, 0 ] ], 
  [ [ E(3), 0, 0, 0, 0, 0 ], [ 0, E(3), 0, 0, 0, 0 ], [ 0, 0, E(3), 0, 0, 0 ],
      [ 0, 0, 0, E(3), 0, 0 ], [ 0, 0, 0, 0, E(3), 0 ], 
      [ 0, 0, 0, 0, 0, E(3) ] ] ]
   Cubic invariant basis strings: 
[ "x4*x5*x6", "x5*x6^2 + x5^2*x6 + x4*x6^2 + x4*x5^2 + x4^2*x6 + x4^2*x5", 
  "x6^3 + x5^3 + x4^3", 
  "x3*x5*x6 + x3*x4*x6 + (-2)*x3*x4*x5 + x2*x5*x6 + (-2)*x2*x4*x6 + x2*x4*x5 +\
 (-2)*x1*x5*x6 + x1*x4*x6 + x1*x4*x5", 
  "x3*x6^2 + (-1/2)*x3*x5^2 + (-1/2)*x3*x4^2 + (-1/2)*x2*x6^2 + x2*x5^2 + (-1/\
2)*x2*x4^2 + (-1/2)*x1*x6^2 + (-1/2)*x1*x5^2 + x1*x4^2", 
  "-x3*x5^2 + (-4)*x3*x4*x5 + -x3*x4^2 + -x2*x6^2 + (-4)*x2*x4*x6 + -x2*x4^2 +\
 x2*x3*x6 + x2*x3*x5 + x2*x3*x4 + -x1*x6^2 + (-4)*x1*x5*x6 + -x1*x5^2 + x1*x3*\
x6 + x1*x3*x5 + x1*x3*x4 + x1*x2*x6 + x1*x2*x5 + x1*x2*x4", 
  "x3^2*x5 + x3^2*x4 + (-2)*x2*x3*x4 + x2^2*x6 + x2^2*x4 + (-2)*x1*x3*x5 + (-2\
)*x1*x2*x6 + x1^2*x6 + x1^2*x5", 
  "-x3*x5^2 + (-4)*x3*x4*x5 + -x3*x4^2 + x3^2*x6 + -x2*x6^2 + (-4)*x2*x4*x6 + \
-x2*x4^2 + (2)*x2*x3*x4 + x2^2*x5 + -x1*x6^2 + (-4)*x1*x5*x6 + -x1*x5^2 + (2)*\
x1*x3*x5 + (2)*x1*x2*x6 + x1^2*x4", 
  "x3^3 + (-3/2)*x2*x3^2 + (-3/2)*x2^2*x3 + x2^3 + (-3/2)*x1*x3^2 + (6)*x1*x2*\
x3 + (-3/2)*x1*x2^2 + (-3/2)*x1^2*x3 + (-3/2)*x1^2*x2 + x1^3" ]
   Cubic invariant basis vectors: 
[ [ 0, 0, 0, 0, 0, 1, 0, 0, 0, 0, 0, 0, 0, 0, 0, 0, 0, 0, 0, 0, 0, 0, 0, 0, 
      0, 0, 0, 0, 0, 0, 0, 0, 0, 0, 0, 0, 0, 0, 0, 0, 0, 0, 0, 0, 0, 0, 0, 0, 
      0, 0, 0, 0, 0, 0, 0, 0 ], 
  [ 0, 1, 1, 0, 1, 0, 1, 1, 1, 0, 0, 0, 0, 0, 0, 0, 0, 0, 0, 0, 0, 0, 0, 0, 
      0, 0, 0, 0, 0, 0, 0, 0, 0, 0, 0, 0, 0, 0, 0, 0, 0, 0, 0, 0, 0, 0, 0, 0, 
      0, 0, 0, 0, 0, 0, 0, 0 ], 
  [ 1, 0, 0, 1, 0, 0, 0, 0, 0, 1, 0, 0, 0, 0, 0, 0, 0, 0, 0, 0, 0, 0, 0, 0, 
      0, 0, 0, 0, 0, 0, 0, 0, 0, 0, 0, 0, 0, 0, 0, 0, 0, 0, 0, 0, 0, 0, 0, 0, 
      0, 0, 0, 0, 0, 0, 0, 0 ], 
  [ 0, 0, 0, 0, 0, 0, 0, 0, 0, 0, 0, 1, 0, 1, -2, 0, 0, 0, 0, 0, 0, 1, 0, -2, 
      1, 0, 0, 0, 0, 0, 0, 0, 0, 0, 0, 0, -2, 0, 1, 1, 0, 0, 0, 0, 0, 0, 0, 
      0, 0, 0, 0, 0, 0, 0, 0, 0 ], 
  [ 0, 0, 0, 0, 0, 0, 0, 0, 0, 0, 1, 0, -1/2, 0, 0, -1/2, 0, 0, 0, 0, -1/2, 
      0, 1, 0, 0, -1/2, 0, 0, 0, 0, 0, 0, 0, 0, 0, -1/2, 0, -1/2, 0, 0, 1, 0, 
      0, 0, 0, 0, 0, 0, 0, 0, 0, 0, 0, 0, 0, 0 ], 
  [ 0, 0, 0, 0, 0, 0, 0, 0, 0, 0, 0, 0, -1, 0, -4, -1, 0, 0, 0, 0, -1, 0, 0, 
      -4, 0, -1, 1, 1, 1, 0, 0, 0, 0, 0, 0, -1, -4, -1, 0, 0, 0, 1, 1, 1, 0, 
      1, 1, 1, 0, 0, 0, 0, 0, 0, 0, 0 ], 
  [ 0, 0, 0, 0, 0, 0, 0, 0, 0, 0, 0, 0, 0, 0, 0, 0, 0, 1, 1, 0, 0, 0, 0, 0, 
      0, 0, 0, 0, -2, 0, 1, 0, 1, 0, 0, 0, 0, 0, 0, 0, 0, 0, -2, 0, 0, -2, 0, 
      0, 0, 0, 1, 1, 0, 0, 0, 0 ], 
  [ 0, 0, 0, 0, 0, 0, 0, 0, 0, 0, 0, 0, -1, 0, -4, -1, 1, 0, 0, 0, -1, 0, 0, 
      -4, 0, -1, 0, 0, 2, 0, 0, 1, 0, 0, 0, -1, -4, -1, 0, 0, 0, 0, 2, 0, 0, 
      2, 0, 0, 0, 0, 0, 0, 1, 0, 0, 0 ], 
  [ 0, 0, 0, 0, 0, 0, 0, 0, 0, 0, 0, 0, 0, 0, 0, 0, 0, 0, 0, 1, 0, 0, 0, 0, 
      0, 0, 0, 0, 0, -3/2, 0, 0, 0, -3/2, 1, 0, 0, 0, 0, 0, 0, 0, 0, 0, -3/2, 
      0, 0, 0, 6, -3/2, 0, 0, 0, -3/2, -3/2, 1 ] ]

100. Candidate
   Symplectic group: S3
   Component: 1; Koike (3.6), generic index 1
   Projective group ID: [ 18, 3 ]
   Strict linear group ID: [ 54, 12 ]
   Generic index: 1
   Generic full linear containment required: false
   Generic full linear containment verified: true
   Direct known case: false
   Source records: [ "S_3_initial_generic_index=1_liftable.docx" ]
   Family number within this input: 1
   Strict cubic invariant dimension: 8
   Centralizer dimension: 6
   Expected moduli dimension: 2
   Determinant image order: 3
   Gonzalez status: passed
   Retained: true
   Gonzalez failure statuses: [  ]
   Matrix generators: 
[ [ [ 0, 1, 0, 0, 0, 0 ], [ 1, 0, 0, 0, 0, 0 ], [ 0, 0, 1, 0, 0, 0 ], 
      [ 0, 0, 0, 0, 1, 0 ], [ 0, 0, 0, 1, 0, 0 ], [ 0, 0, 0, 0, 0, 1 ] ], 
  [ [ E(3)^2, 0, 0, 0, 0, 0 ], [ 0, E(3)^2, 0, 0, 0, 0 ], 
      [ 0, 0, E(3)^2, 0, 0, 0 ], 
      [ 2/3*E(3)-2/3*E(3)^2, -1/3*E(3)+1/3*E(3)^2, -1/3*E(3)+1/3*E(3)^2, 
          2/3*E(3)+1/3*E(3)^2, -1/3*E(3)+1/3*E(3)^2, -1/3*E(3)+1/3*E(3)^2 ], 
      [ -1/3*E(3)+1/3*E(3)^2, 2/3*E(3)-2/3*E(3)^2, -1/3*E(3)+1/3*E(3)^2, 
          -1/3*E(3)+1/3*E(3)^2, 2/3*E(3)+1/3*E(3)^2, -1/3*E(3)+1/3*E(3)^2 ], 
      [ -1/3*E(3)+1/3*E(3)^2, -1/3*E(3)+1/3*E(3)^2, 2/3*E(3)-2/3*E(3)^2, 
          -1/3*E(3)+1/3*E(3)^2, -1/3*E(3)+1/3*E(3)^2, 2/3*E(3)+1/3*E(3)^2 ] ],
  [ [ 0, 1, 0, 0, 0, 0 ], [ 0, 0, 1, 0, 0, 0 ], [ 1, 0, 0, 0, 0, 0 ], 
      [ 0, 0, 0, 0, 1, 0 ], [ 0, 0, 0, 0, 0, 1 ], [ 0, 0, 0, 1, 0, 0 ] ], 
  [ [ E(3), 0, 0, 0, 0, 0 ], [ 0, E(3), 0, 0, 0, 0 ], [ 0, 0, E(3), 0, 0, 0 ],
      [ 0, 0, 0, E(3), 0, 0 ], [ 0, 0, 0, 0, E(3), 0 ], 
      [ 0, 0, 0, 0, 0, E(3) ] ] ]
   Cubic invariant basis strings: 
[ "x5*x6^2 + x5^2*x6 + x4*x6^2 + x4*x5^2 + x4^2*x6 + x4^2*x5", 
  "x6^3 + x5^3 + (6)*x4*x5*x6 + x4^3", 
  "x3*x6^2 + (2)*x3*x5*x6 + x3*x5^2 + (2)*x3*x4*x6 + (2)*x3*x4*x5 + x3*x4^2 + \
x2*x6^2 + (2)*x2*x5*x6 + x2*x5^2 + (2)*x2*x4*x6 + (2)*x2*x4*x5 + x2*x4^2 + x1*\
x6^2 + (2)*x1*x5*x6 + x1*x5^2 + (2)*x1*x4*x6 + (2)*x1*x4*x5 + x1*x4^2", 
  "(3)*x4*x5*x6 + -x3*x5*x6 + -x3*x5^2 + -x3*x4*x6 + (-2)*x3*x4*x5 + -x3*x4^2 \
+ -x2*x6^2 + -x2*x5*x6 + (-2)*x2*x4*x6 + -x2*x4*x5 + -x2*x4^2 + x2*x3*x6 + x2*\
x3*x5 + x2*x3*x4 + -x1*x6^2 + (-2)*x1*x5*x6 + -x1*x5^2 + -x1*x4*x6 + -x1*x4*x5\
 + x1*x3*x6 + x1*x3*x5 + x1*x3*x4 + x1*x2*x6 + x1*x2*x5 + x1*x2*x4", 
  "-x4*x5*x6 + x3*x4*x5 + x2*x4*x6 + -x2*x3*x4 + x1*x5*x6 + -x1*x3*x5 + -x1*x2\
*x6 + x1*x2*x3", 
  "(-6)*x4*x5*x6 + (2)*x3*x5*x6 + (2)*x3*x5^2 + (2)*x3*x4*x6 + (4)*x3*x4*x5 + \
(2)*x3*x4^2 + x3^2*x6 + x3^2*x5 + x3^2*x4 + (2)*x2*x6^2 + (2)*x2*x5*x6 + (4)*x\
2*x4*x6 + (2)*x2*x4*x5 + (2)*x2*x4^2 + x2^2*x6 + x2^2*x5 + x2^2*x4 + (2)*x1*x6\
^2 + (4)*x1*x5*x6 + (2)*x1*x5^2 + (2)*x1*x4*x6 + (2)*x1*x4*x5 + x1^2*x6 + x1^2\
*x5 + x1^2*x4", 
  "(6)*x4*x5*x6 + -x3*x5^2 + (-4)*x3*x4*x5 + -x3*x4^2 + -x3^2*x5 + -x3^2*x4 + \
-x2*x6^2 + (-4)*x2*x4*x6 + -x2*x4^2 + (2)*x2*x3*x4 + x2*x3^2 + -x2^2*x6 + -x2^\
2*x4 + x2^2*x3 + -x1*x6^2 + (-4)*x1*x5*x6 + -x1*x5^2 + (2)*x1*x3*x5 + x1*x3^2 \
+ (2)*x1*x2*x6 + x1*x2^2 + -x1^2*x6 + -x1^2*x5 + x1^2*x3 + x1^2*x2", 
  "(-12)*x4*x5*x6 + (3)*x3*x5^2 + (6)*x3*x4*x5 + (3)*x3*x4^2 + (3)*x3^2*x5 + (\
3)*x3^2*x4 + x3^3 + (3)*x2*x6^2 + (6)*x2*x4*x6 + (3)*x2*x4^2 + (3)*x2^2*x6 + (\
3)*x2^2*x4 + x2^3 + (3)*x1*x6^2 + (6)*x1*x5*x6 + (3)*x1*x5^2 + (3)*x1^2*x6 + (\
3)*x1^2*x5 + x1^3" ]
   Cubic invariant basis vectors: 
[ [ 0, 1, 1, 0, 1, 0, 1, 1, 1, 0, 0, 0, 0, 0, 0, 0, 0, 0, 0, 0, 0, 0, 0, 0, 
      0, 0, 0, 0, 0, 0, 0, 0, 0, 0, 0, 0, 0, 0, 0, 0, 0, 0, 0, 0, 0, 0, 0, 0, 
      0, 0, 0, 0, 0, 0, 0, 0 ], 
  [ 1, 0, 0, 1, 0, 6, 0, 0, 0, 1, 0, 0, 0, 0, 0, 0, 0, 0, 0, 0, 0, 0, 0, 0, 
      0, 0, 0, 0, 0, 0, 0, 0, 0, 0, 0, 0, 0, 0, 0, 0, 0, 0, 0, 0, 0, 0, 0, 0, 
      0, 0, 0, 0, 0, 0, 0, 0 ], 
  [ 0, 0, 0, 0, 0, 0, 0, 0, 0, 0, 1, 2, 1, 2, 2, 1, 0, 0, 0, 0, 1, 2, 1, 2, 
      2, 1, 0, 0, 0, 0, 0, 0, 0, 0, 0, 1, 2, 1, 2, 2, 1, 0, 0, 0, 0, 0, 0, 0, 
      0, 0, 0, 0, 0, 0, 0, 0 ], 
  [ 0, 0, 0, 0, 0, 3, 0, 0, 0, 0, 0, -1, -1, -1, -2, -1, 0, 0, 0, 0, -1, -1, 
      0, -2, -1, -1, 1, 1, 1, 0, 0, 0, 0, 0, 0, -1, -2, -1, -1, -1, 0, 1, 1, 
      1, 0, 1, 1, 1, 0, 0, 0, 0, 0, 0, 0, 0 ], 
  [ 0, 0, 0, 0, 0, -1, 0, 0, 0, 0, 0, 0, 0, 0, 1, 0, 0, 0, 0, 0, 0, 0, 0, 1, 
      0, 0, 0, 0, -1, 0, 0, 0, 0, 0, 0, 0, 1, 0, 0, 0, 0, 0, -1, 0, 0, -1, 0, 
      0, 1, 0, 0, 0, 0, 0, 0, 0 ], 
  [ 0, 0, 0, 0, 0, -6, 0, 0, 0, 0, 0, 2, 2, 2, 4, 2, 1, 1, 1, 0, 2, 2, 0, 4, 
      2, 2, 0, 0, 0, 0, 1, 1, 1, 0, 0, 2, 4, 2, 2, 2, 0, 0, 0, 0, 0, 0, 0, 0, 
      0, 0, 1, 1, 1, 0, 0, 0 ], 
  [ 0, 0, 0, 0, 0, 6, 0, 0, 0, 0, 0, 0, -1, 0, -4, -1, 0, -1, -1, 0, -1, 0, 
      0, -4, 0, -1, 0, 0, 2, 1, -1, 0, -1, 1, 0, -1, -4, -1, 0, 0, 0, 0, 2, 
      0, 1, 2, 0, 0, 0, 1, -1, -1, 0, 1, 1, 0 ], 
  [ 0, 0, 0, 0, 0, -12, 0, 0, 0, 0, 0, 0, 3, 0, 6, 3, 0, 3, 3, 1, 3, 0, 0, 6, 
      0, 3, 0, 0, 0, 0, 3, 0, 3, 0, 1, 3, 6, 3, 0, 0, 0, 0, 0, 0, 0, 0, 0, 0, 
      0, 0, 3, 3, 0, 0, 0, 1 ] ]

101. Candidate
   Symplectic group: S3
   Component: 1; Koike (3.6), generic index 1
   Projective group ID: [ 18, 3 ]
   Strict linear group ID: [ 54, 12 ]
   Generic index: 1
   Generic full linear containment required: false
   Generic full linear containment verified: true
   Direct known case: false
   Source records: [ "S_3_initial_generic_index=1_liftable.docx" ]
   Family number within this input: 2
   Strict cubic invariant dimension: 8
   Centralizer dimension: 8
   Expected moduli dimension: 0
   Determinant image order: 3
   Gonzalez status: passed
   Retained: true
   Gonzalez failure statuses: [  ]
   Matrix generators: 
[ [ [ 0, 1, 0, 0, 0, 0 ], [ 1, 0, 0, 0, 0, 0 ], [ 0, 0, 1, 0, 0, 0 ], 
      [ 0, 0, 0, 0, 1, 0 ], [ 0, 0, 0, 1, 0, 0 ], [ 0, 0, 0, 0, 0, 1 ] ], 
  [ [ 2/3*E(3)+1/3*E(3)^2, -1/3*E(3)+1/3*E(3)^2, -1/3*E(3)+1/3*E(3)^2, 0, 0, 
          0 ], 
      [ -1/3*E(3)+1/3*E(3)^2, 2/3*E(3)+1/3*E(3)^2, -1/3*E(3)+1/3*E(3)^2, 0, 
          0, 0 ], 
      [ -1/3*E(3)+1/3*E(3)^2, -1/3*E(3)+1/3*E(3)^2, 2/3*E(3)+1/3*E(3)^2, 0, 
          0, 0 ], 
      [ 0, 0, 0, 2/3*E(3)+1/3*E(3)^2, -1/3*E(3)+1/3*E(3)^2, 
          -1/3*E(3)+1/3*E(3)^2 ], 
      [ 0, 0, 0, -1/3*E(3)+1/3*E(3)^2, 2/3*E(3)+1/3*E(3)^2, 
          -1/3*E(3)+1/3*E(3)^2 ], 
      [ 0, 0, 0, -1/3*E(3)+1/3*E(3)^2, -1/3*E(3)+1/3*E(3)^2, 
          2/3*E(3)+1/3*E(3)^2 ] ], 
  [ [ 0, 1, 0, 0, 0, 0 ], [ 0, 0, 1, 0, 0, 0 ], [ 1, 0, 0, 0, 0, 0 ], 
      [ 0, 0, 0, 0, 1, 0 ], [ 0, 0, 0, 0, 0, 1 ], [ 0, 0, 0, 1, 0, 0 ] ], 
  [ [ E(3), 0, 0, 0, 0, 0 ], [ 0, E(3), 0, 0, 0, 0 ], [ 0, 0, E(3), 0, 0, 0 ],
      [ 0, 0, 0, E(3), 0, 0 ], [ 0, 0, 0, 0, E(3), 0 ], 
      [ 0, 0, 0, 0, 0, E(3) ] ] ]
   Cubic invariant basis strings: 
[ "x5*x6^2 + x5^2*x6 + x4*x6^2 + x4*x5^2 + x4^2*x6 + x4^2*x5", 
  "x6^3 + x5^3 + (6)*x4*x5*x6 + x4^3", 
  "x3*x5*x6 + (1/2)*x3*x5^2 + x3*x4*x6 + (1/2)*x3*x4^2 + (1/2)*x2*x6^2 + x2*x5\
*x6 + x2*x4*x5 + (1/2)*x2*x4^2 + (1/2)*x1*x6^2 + (1/2)*x1*x5^2 + x1*x4*x6 + x1\
*x4*x5", 
  "x3*x6^2 + (2)*x3*x4*x5 + x2*x5^2 + (2)*x2*x4*x6 + (2)*x1*x5*x6 + x1*x4^2", 
  "x3^2*x5 + x3^2*x4 + (2)*x2*x3*x6 + (2)*x2*x3*x5 + x2^2*x6 + x2^2*x4 + (2)*x\
1*x3*x6 + (2)*x1*x3*x4 + (2)*x1*x2*x5 + (2)*x1*x2*x4 + x1^2*x6 + x1^2*x5", 
  "x3^2*x6 + (2)*x2*x3*x4 + x2^2*x5 + (2)*x1*x3*x5 + (2)*x1*x2*x6 + x1^2*x4", 
  "x2*x3^2 + x2^2*x3 + x1*x3^2 + x1*x2^2 + x1^2*x3 + x1^2*x2", 
  "x3^3 + x2^3 + (6)*x1*x2*x3 + x1^3" ]
   Cubic invariant basis vectors: 
[ [ 0, 1, 1, 0, 1, 0, 1, 1, 1, 0, 0, 0, 0, 0, 0, 0, 0, 0, 0, 0, 0, 0, 0, 0, 
      0, 0, 0, 0, 0, 0, 0, 0, 0, 0, 0, 0, 0, 0, 0, 0, 0, 0, 0, 0, 0, 0, 0, 0, 
      0, 0, 0, 0, 0, 0, 0, 0 ], 
  [ 1, 0, 0, 1, 0, 6, 0, 0, 0, 1, 0, 0, 0, 0, 0, 0, 0, 0, 0, 0, 0, 0, 0, 0, 
      0, 0, 0, 0, 0, 0, 0, 0, 0, 0, 0, 0, 0, 0, 0, 0, 0, 0, 0, 0, 0, 0, 0, 0, 
      0, 0, 0, 0, 0, 0, 0, 0 ], 
  [ 0, 0, 0, 0, 0, 0, 0, 0, 0, 0, 0, 1, 1/2, 1, 0, 1/2, 0, 0, 0, 0, 1/2, 1, 
      0, 0, 1, 1/2, 0, 0, 0, 0, 0, 0, 0, 0, 0, 1/2, 0, 1/2, 1, 1, 0, 0, 0, 0, 
      0, 0, 0, 0, 0, 0, 0, 0, 0, 0, 0, 0 ], 
  [ 0, 0, 0, 0, 0, 0, 0, 0, 0, 0, 1, 0, 0, 0, 2, 0, 0, 0, 0, 0, 0, 0, 1, 2, 
      0, 0, 0, 0, 0, 0, 0, 0, 0, 0, 0, 0, 2, 0, 0, 0, 1, 0, 0, 0, 0, 0, 0, 0, 
      0, 0, 0, 0, 0, 0, 0, 0 ], 
  [ 0, 0, 0, 0, 0, 0, 0, 0, 0, 0, 0, 0, 0, 0, 0, 0, 0, 1, 1, 0, 0, 0, 0, 0, 
      0, 0, 2, 2, 0, 0, 1, 0, 1, 0, 0, 0, 0, 0, 0, 0, 0, 2, 0, 2, 0, 0, 2, 2, 
      0, 0, 1, 1, 0, 0, 0, 0 ], 
  [ 0, 0, 0, 0, 0, 0, 0, 0, 0, 0, 0, 0, 0, 0, 0, 0, 1, 0, 0, 0, 0, 0, 0, 0, 
      0, 0, 0, 0, 2, 0, 0, 1, 0, 0, 0, 0, 0, 0, 0, 0, 0, 0, 2, 0, 0, 2, 0, 0, 
      0, 0, 0, 0, 1, 0, 0, 0 ], 
  [ 0, 0, 0, 0, 0, 0, 0, 0, 0, 0, 0, 0, 0, 0, 0, 0, 0, 0, 0, 0, 0, 0, 0, 0, 
      0, 0, 0, 0, 0, 1, 0, 0, 0, 1, 0, 0, 0, 0, 0, 0, 0, 0, 0, 0, 1, 0, 0, 0, 
      0, 1, 0, 0, 0, 1, 1, 0 ], 
  [ 0, 0, 0, 0, 0, 0, 0, 0, 0, 0, 0, 0, 0, 0, 0, 0, 0, 0, 0, 1, 0, 0, 0, 0, 
      0, 0, 0, 0, 0, 0, 0, 0, 0, 0, 1, 0, 0, 0, 0, 0, 0, 0, 0, 0, 0, 0, 0, 0, 
      6, 0, 0, 0, 0, 0, 0, 1 ] ]

102. Candidate
   Symplectic group: S3
   Component: 1; Koike (3.6), generic index 1
   Projective group ID: [ 18, 3 ]
   Strict linear group ID: [ 54, 12 ]
   Generic index: 1
   Generic full linear containment required: false
   Generic full linear containment verified: true
   Direct known case: false
   Source records: [ "S_3_initial_generic_index=1_liftable.docx" ]
   Family number within this input: 3
   Strict cubic invariant dimension: 9
   Centralizer dimension: 6
   Expected moduli dimension: 3
   Determinant image order: 3
   Gonzalez status: passed
   Retained: true
   Gonzalez failure statuses: [  ]
   Matrix generators: 
[ [ [ 0, 1, 0, 0, 0, 0 ], [ 1, 0, 0, 0, 0, 0 ], [ 0, 0, 1, 0, 0, 0 ], 
      [ 0, 0, 0, 0, 1, 0 ], [ 0, 0, 0, 1, 0, 0 ], [ 0, 0, 0, 0, 0, 1 ] ], 
  [ [ E(3)^2, 0, 0, 0, 0, 0 ], [ 0, E(3)^2, 0, 0, 0, 0 ], 
      [ 0, 0, E(3)^2, 0, 0, 0 ], 
      [ 1/3*E(3)-1/3*E(3)^2, 1/3*E(3)-1/3*E(3)^2, 1/3*E(3)-1/3*E(3)^2, 
          1/3*E(3)+2/3*E(3)^2, 1/3*E(3)-1/3*E(3)^2, 1/3*E(3)-1/3*E(3)^2 ], 
      [ 1/3*E(3)-1/3*E(3)^2, 1/3*E(3)-1/3*E(3)^2, 1/3*E(3)-1/3*E(3)^2, 
          1/3*E(3)-1/3*E(3)^2, 1/3*E(3)+2/3*E(3)^2, 1/3*E(3)-1/3*E(3)^2 ], 
      [ 1/3*E(3)-1/3*E(3)^2, 1/3*E(3)-1/3*E(3)^2, 1/3*E(3)-1/3*E(3)^2, 
          1/3*E(3)-1/3*E(3)^2, 1/3*E(3)-1/3*E(3)^2, 1/3*E(3)+2/3*E(3)^2 ] ], 
  [ [ 0, 1, 0, 0, 0, 0 ], [ 0, 0, 1, 0, 0, 0 ], [ 1, 0, 0, 0, 0, 0 ], 
      [ 0, 0, 0, 0, 1, 0 ], [ 0, 0, 0, 0, 0, 1 ], [ 0, 0, 0, 1, 0, 0 ] ], 
  [ [ E(3), 0, 0, 0, 0, 0 ], [ 0, E(3), 0, 0, 0, 0 ], [ 0, 0, E(3), 0, 0, 0 ],
      [ 0, 0, 0, E(3), 0, 0 ], [ 0, 0, 0, 0, E(3), 0 ], 
      [ 0, 0, 0, 0, 0, E(3) ] ] ]
   Cubic invariant basis strings: 
[ "x5*x6^2 + x5^2*x6 + x4*x6^2 + x4*x5^2 + x4^2*x6 + x4^2*x5", 
  "x6^3 + x5^3 + (6)*x4*x5*x6 + x4^3", 
  "(6)*x4*x5*x6 + x3*x5^2 + (-2)*x3*x4*x5 + x3*x4^2 + x2*x6^2 + (-2)*x2*x4*x6 \
+ x2*x4^2 + x1*x6^2 + (-2)*x1*x5*x6 + x1*x5^2", 
  "(3)*x4*x5*x6 + x3*x6^2 + -x3*x5*x6 + -x3*x4*x6 + x3*x4*x5 + -x2*x5*x6 + x2*\
x5^2 + x2*x4*x6 + -x2*x4*x5 + x1*x5*x6 + -x1*x4*x6 + -x1*x4*x5 + x1*x4^2", 
  "-x3*x5*x6 + -x3*x4*x6 + (2)*x3*x4*x5 + -x2*x5*x6 + (2)*x2*x4*x6 + -x2*x4*x5\
 + x2*x3*x6 + x2*x3*x5 + (-2)*x2*x3*x4 + (2)*x1*x5*x6 + -x1*x4*x6 + -x1*x4*x5 \
+ x1*x3*x6 + (-2)*x1*x3*x5 + x1*x3*x4 + (-2)*x1*x2*x6 + x1*x2*x5 + x1*x2*x4", 
  "-x4*x5*x6 + x3*x4*x5 + x2*x4*x6 + -x2*x3*x4 + x1*x5*x6 + -x1*x3*x5 + -x1*x2\
*x6 + x1*x2*x3", 
  "-x3*x5*x6 + -x3*x4*x6 + (2)*x3*x4*x5 + x3^2*x6 + (-1/2)*x3^2*x5 + (-1/2)*x3\
^2*x4 + -x2*x5*x6 + (2)*x2*x4*x6 + -x2*x4*x5 + (-1/2)*x2^2*x6 + x2^2*x5 + (-1/\
2)*x2^2*x4 + (2)*x1*x5*x6 + -x1*x4*x6 + -x1*x4*x5 + (-1/2)*x1^2*x6 + (-1/2)*x1\
^2*x5 + x1^2*x4", 
  "(-6)*x4*x5*x6 + (6)*x3*x4*x5 + -x3^2*x5 + -x3^2*x4 + (6)*x2*x4*x6 + (-4)*x2\
*x3*x4 + x2*x3^2 + -x2^2*x6 + -x2^2*x4 + x2^2*x3 + (6)*x1*x5*x6 + (-4)*x1*x3*x\
5 + x1*x3^2 + (-4)*x1*x2*x6 + x1*x2^2 + -x1^2*x6 + -x1^2*x5 + x1^2*x3 + x1^2*x\
2", 
  "(-3)*x4*x5*x6 + (3)*x3*x4*x5 + (-3/2)*x3^2*x5 + (-3/2)*x3^2*x4 + x3^3 + (3)\
*x2*x4*x6 + (-3/2)*x2^2*x6 + (-3/2)*x2^2*x4 + x2^3 + (3)*x1*x5*x6 + (-3/2)*x1^\
2*x6 + (-3/2)*x1^2*x5 + x1^3" ]
   Cubic invariant basis vectors: 
[ [ 0, 1, 1, 0, 1, 0, 1, 1, 1, 0, 0, 0, 0, 0, 0, 0, 0, 0, 0, 0, 0, 0, 0, 0, 
      0, 0, 0, 0, 0, 0, 0, 0, 0, 0, 0, 0, 0, 0, 0, 0, 0, 0, 0, 0, 0, 0, 0, 0, 
      0, 0, 0, 0, 0, 0, 0, 0 ], 
  [ 1, 0, 0, 1, 0, 6, 0, 0, 0, 1, 0, 0, 0, 0, 0, 0, 0, 0, 0, 0, 0, 0, 0, 0, 
      0, 0, 0, 0, 0, 0, 0, 0, 0, 0, 0, 0, 0, 0, 0, 0, 0, 0, 0, 0, 0, 0, 0, 0, 
      0, 0, 0, 0, 0, 0, 0, 0 ], 
  [ 0, 0, 0, 0, 0, 6, 0, 0, 0, 0, 0, 0, 1, 0, -2, 1, 0, 0, 0, 0, 1, 0, 0, -2, 
      0, 1, 0, 0, 0, 0, 0, 0, 0, 0, 0, 1, -2, 1, 0, 0, 0, 0, 0, 0, 0, 0, 0, 
      0, 0, 0, 0, 0, 0, 0, 0, 0 ], 
  [ 0, 0, 0, 0, 0, 3, 0, 0, 0, 0, 1, -1, 0, -1, 1, 0, 0, 0, 0, 0, 0, -1, 1, 
      1, -1, 0, 0, 0, 0, 0, 0, 0, 0, 0, 0, 0, 1, 0, -1, -1, 1, 0, 0, 0, 0, 0, 
      0, 0, 0, 0, 0, 0, 0, 0, 0, 0 ], 
  [ 0, 0, 0, 0, 0, 0, 0, 0, 0, 0, 0, -1, 0, -1, 2, 0, 0, 0, 0, 0, 0, -1, 0, 
      2, -1, 0, 1, 1, -2, 0, 0, 0, 0, 0, 0, 0, 2, 0, -1, -1, 0, 1, -2, 1, 0, 
      -2, 1, 1, 0, 0, 0, 0, 0, 0, 0, 0 ], 
  [ 0, 0, 0, 0, 0, -1, 0, 0, 0, 0, 0, 0, 0, 0, 1, 0, 0, 0, 0, 0, 0, 0, 0, 1, 
      0, 0, 0, 0, -1, 0, 0, 0, 0, 0, 0, 0, 1, 0, 0, 0, 0, 0, -1, 0, 0, -1, 0, 
      0, 1, 0, 0, 0, 0, 0, 0, 0 ], 
  [ 0, 0, 0, 0, 0, 0, 0, 0, 0, 0, 0, -1, 0, -1, 2, 0, 1, -1/2, -1/2, 0, 0, 
      -1, 0, 2, -1, 0, 0, 0, 0, 0, -1/2, 1, -1/2, 0, 0, 0, 2, 0, -1, -1, 0, 
      0, 0, 0, 0, 0, 0, 0, 0, 0, -1/2, -1/2, 1, 0, 0, 0 ], 
  [ 0, 0, 0, 0, 0, -6, 0, 0, 0, 0, 0, 0, 0, 0, 6, 0, 0, -1, -1, 0, 0, 0, 0, 
      6, 0, 0, 0, 0, -4, 1, -1, 0, -1, 1, 0, 0, 6, 0, 0, 0, 0, 0, -4, 0, 1, 
      -4, 0, 0, 0, 1, -1, -1, 0, 1, 1, 0 ], 
  [ 0, 0, 0, 0, 0, -3, 0, 0, 0, 0, 0, 0, 0, 0, 3, 0, 0, -3/2, -3/2, 1, 0, 0, 
      0, 3, 0, 0, 0, 0, 0, 0, -3/2, 0, -3/2, 0, 1, 0, 3, 0, 0, 0, 0, 0, 0, 0, 
      0, 0, 0, 0, 0, 0, -3/2, -3/2, 0, 0, 0, 1 ] ]

103. Candidate
   Symplectic group: S3
   Component: 1; Koike (3.6), generic index 1
   Projective group ID: [ 18, 3 ]
   Strict linear group ID: [ 54, 12 ]
   Generic index: 1
   Generic full linear containment required: false
   Generic full linear containment verified: true
   Direct known case: false
   Source records: [ "S_3_initial_generic_index=1_liftable.docx" ]
   Family number within this input: 4
   Strict cubic invariant dimension: 6
   Centralizer dimension: 4
   Expected moduli dimension: 2
   Determinant image order: 3
   Gonzalez status: passed
   Retained: true
   Gonzalez failure statuses: [  ]
   Matrix generators: 
[ [ [ 0, 1, 0, 0, 0, 0 ], [ 1, 0, 0, 0, 0, 0 ], [ 0, 0, 1, 0, 0, 0 ], 
      [ 0, 0, 0, 0, 1, 0 ], [ 0, 0, 0, 1, 0, 0 ], [ 0, 0, 0, 0, 0, 1 ] ], 
  [ [ E(3)^2, 0, 0, 0, 0, 0 ], [ 0, E(3)^2, 0, 0, 0, 0 ], 
      [ 0, 0, E(3)^2, 0, 0, 0 ], 
      [ -1/3*E(3)-5/3*E(3)^2, 2/3*E(3)+1/3*E(3)^2, 2/3*E(3)+1/3*E(3)^2, 
          -1/3*E(3)-2/3*E(3)^2, 2/3*E(3)+1/3*E(3)^2, 2/3*E(3)+1/3*E(3)^2 ], 
      [ 2/3*E(3)+1/3*E(3)^2, -1/3*E(3)-5/3*E(3)^2, 2/3*E(3)+1/3*E(3)^2, 
          2/3*E(3)+1/3*E(3)^2, -1/3*E(3)-2/3*E(3)^2, 2/3*E(3)+1/3*E(3)^2 ], 
      [ 2/3*E(3)+1/3*E(3)^2, 2/3*E(3)+1/3*E(3)^2, -1/3*E(3)-5/3*E(3)^2, 
          2/3*E(3)+1/3*E(3)^2, 2/3*E(3)+1/3*E(3)^2, -1/3*E(3)-2/3*E(3)^2 ] ], 
  [ [ 0, 1, 0, 0, 0, 0 ], [ 0, 0, 1, 0, 0, 0 ], [ 1, 0, 0, 0, 0, 0 ], 
      [ 0, 0, 0, 0, 1, 0 ], [ 0, 0, 0, 0, 0, 1 ], [ 0, 0, 0, 1, 0, 0 ] ], 
  [ [ E(3), 0, 0, 0, 0, 0 ], [ 0, E(3), 0, 0, 0, 0 ], [ 0, 0, E(3), 0, 0, 0 ],
      [ 0, 0, 0, E(3), 0, 0 ], [ 0, 0, 0, 0, E(3), 0 ], 
      [ 0, 0, 0, 0, 0, E(3) ] ] ]
   Cubic invariant basis strings: 
[ "x5*x6^2 + x5^2*x6 + x4*x6^2 + x4*x5^2 + x4^2*x6 + x4^2*x5", 
  "x6^3 + x5^3 + (6)*x4*x5*x6 + x4^3", 
  "(9)*x4*x5*x6 + x3*x6^2 + (1/2)*x3*x5*x6 + (-1/2)*x3*x5^2 + (1/2)*x3*x4*x6 +\
 -x3*x4*x5 + (-1/2)*x3*x4^2 + (-1/2)*x2*x6^2 + (1/2)*x2*x5*x6 + x2*x5^2 + -x2*\
x4*x6 + (1/2)*x2*x4*x5 + (-1/2)*x2*x4^2 + (-1/2)*x1*x6^2 + -x1*x5*x6 + (-1/2)*\
x1*x5^2 + (1/2)*x1*x4*x6 + (1/2)*x1*x4*x5 + x1*x4^2", 
  "-x4*x5*x6 + x3*x4*x5 + x2*x4*x6 + -x2*x3*x4 + x1*x5*x6 + -x1*x3*x5 + -x1*x2\
*x6 + x1*x2*x3", 
  "(2)*x3*x5*x6 + x3*x5^2 + (2)*x3*x4*x6 + x3*x4^2 + -x3^2*x5 + -x3^2*x4 + x2*\
x6^2 + (2)*x2*x5*x6 + (2)*x2*x4*x5 + x2*x4^2 + (-2)*x2*x3*x6 + (-2)*x2*x3*x5 +\
 x2*x3^2 + -x2^2*x6 + -x2^2*x4 + x2^2*x3 + x1*x6^2 + x1*x5^2 + (2)*x1*x4*x6 + \
(2)*x1*x4*x5 + (-2)*x1*x3*x6 + (-2)*x1*x3*x4 + x1*x3^2 + (-2)*x1*x2*x5 + (-2)*\
x1*x2*x4 + x1*x2^2 + -x1^2*x6 + -x1^2*x5 + x1^2*x3 + x1^2*x2", 
  "(-21)*x4*x5*x6 + (-3/2)*x3*x5*x6 + (3/2)*x3*x5^2 + (-3/2)*x3*x4*x6 + (3)*x3\
*x4*x5 + (3/2)*x3*x4^2 + (-3)*x3^2*x6 + x3^3 + (3/2)*x2*x6^2 + (-3/2)*x2*x5*x6\
 + (3)*x2*x4*x6 + (-3/2)*x2*x4*x5 + (3/2)*x2*x4^2 + (-3)*x2^2*x5 + x2^3 + (3/2\
)*x1*x6^2 + (3)*x1*x5*x6 + (3/2)*x1*x5^2 + (-3/2)*x1*x4*x6 + (-3/2)*x1*x4*x5 +\
 (-3)*x1^2*x4 + x1^3" ]
   Cubic invariant basis vectors: 
[ [ 0, 1, 1, 0, 1, 0, 1, 1, 1, 0, 0, 0, 0, 0, 0, 0, 0, 0, 0, 0, 0, 0, 0, 0, 
      0, 0, 0, 0, 0, 0, 0, 0, 0, 0, 0, 0, 0, 0, 0, 0, 0, 0, 0, 0, 0, 0, 0, 0, 
      0, 0, 0, 0, 0, 0, 0, 0 ], 
  [ 1, 0, 0, 1, 0, 6, 0, 0, 0, 1, 0, 0, 0, 0, 0, 0, 0, 0, 0, 0, 0, 0, 0, 0, 
      0, 0, 0, 0, 0, 0, 0, 0, 0, 0, 0, 0, 0, 0, 0, 0, 0, 0, 0, 0, 0, 0, 0, 0, 
      0, 0, 0, 0, 0, 0, 0, 0 ], 
  [ 0, 0, 0, 0, 0, 9, 0, 0, 0, 0, 1, 1/2, -1/2, 1/2, -1, -1/2, 0, 0, 0, 0, 
      -1/2, 1/2, 1, -1, 1/2, -1/2, 0, 0, 0, 0, 0, 0, 0, 0, 0, -1/2, -1, -1/2, 
      1/2, 1/2, 1, 0, 0, 0, 0, 0, 0, 0, 0, 0, 0, 0, 0, 0, 0, 0 ], 
  [ 0, 0, 0, 0, 0, -1, 0, 0, 0, 0, 0, 0, 0, 0, 1, 0, 0, 0, 0, 0, 0, 0, 0, 1, 
      0, 0, 0, 0, -1, 0, 0, 0, 0, 0, 0, 0, 1, 0, 0, 0, 0, 0, -1, 0, 0, -1, 0, 
      0, 1, 0, 0, 0, 0, 0, 0, 0 ], 
  [ 0, 0, 0, 0, 0, 0, 0, 0, 0, 0, 0, 2, 1, 2, 0, 1, 0, -1, -1, 0, 1, 2, 0, 0, 
      2, 1, -2, -2, 0, 1, -1, 0, -1, 1, 0, 1, 0, 1, 2, 2, 0, -2, 0, -2, 1, 0, 
      -2, -2, 0, 1, -1, -1, 0, 1, 1, 0 ], 
  [ 0, 0, 0, 0, 0, -21, 0, 0, 0, 0, 0, -3/2, 3/2, -3/2, 3, 3/2, -3, 0, 0, 1, 
      3/2, -3/2, 0, 3, -3/2, 3/2, 0, 0, 0, 0, 0, -3, 0, 0, 1, 3/2, 3, 3/2, 
      -3/2, -3/2, 0, 0, 0, 0, 0, 0, 0, 0, 0, 0, 0, 0, -3, 0, 0, 1 ] ]

104. Candidate
   Symplectic group: S3
   Component: 1; Koike (3.6), generic index 1
   Projective group ID: [ 18, 3 ]
   Strict linear group ID: [ 54, 4 ]
   Generic index: 1
   Generic full linear containment required: false
   Generic full linear containment verified: true
   Direct known case: false
   Source records: [ "S_3_initial_generic_index=1_liftable.docx" ]
   Family number within this input: 5
   Strict cubic invariant dimension: 4
   Centralizer dimension: 4
   Expected moduli dimension: 0
   Determinant image order: 3
   Gonzalez status: rejected
   Retained: false
   Gonzalez failure statuses: [ "forbidden_strict_invariant_spectrum", 
  "forbidden_strict_invariant_spectrum", "forbidden_strict_invariant_spectrum"
    , "forbidden_strict_invariant_spectrum", 
  "forbidden_strict_invariant_spectrum", 
  "forbidden_strict_invariant_spectrum" ]
   Matrix generators: 
[ [ [ 0, 1, 0, 0, 0, 0 ], [ 1, 0, 0, 0, 0, 0 ], [ 0, 0, 1, 0, 0, 0 ], 
      [ 0, 0, 0, 0, 1, 0 ], [ 0, 0, 0, 1, 0, 0 ], [ 0, 0, 0, 0, 0, 1 ] ], 
  [ [ -E(9)^2-E(9)^5, 0, 0, 0, 0, 0 ], [ 0, -E(9)^2-E(9)^5, 0, 0, 0, 0 ], 
      [ 0, 0, -E(9)^2-E(9)^5, 0, 0, 0 ], 
      [ E(9)^2+2*E(9)^5, 0, 0, E(9)^5, 0, 0 ], 
      [ 0, E(9)^2+2*E(9)^5, 0, 0, E(9)^5, 0 ], 
      [ 0, 0, E(9)^2+2*E(9)^5, 0, 0, E(9)^5 ] ], 
  [ [ 0, 1, 0, 0, 0, 0 ], [ 0, 0, 1, 0, 0, 0 ], [ 1, 0, 0, 0, 0, 0 ], 
      [ 0, 0, 0, 0, 1, 0 ], [ 0, 0, 0, 0, 0, 1 ], [ 0, 0, 0, 1, 0, 0 ] ], 
  [ [ E(3), 0, 0, 0, 0, 0 ], [ 0, E(3), 0, 0, 0, 0 ], [ 0, 0, E(3), 0, 0, 0 ],
      [ 0, 0, 0, E(3), 0, 0 ], [ 0, 0, 0, 0, E(3), 0 ], 
      [ 0, 0, 0, 0, 0, E(3) ] ] ]
   Cubic invariant basis strings: 
[ "(-3)*x4*x5*x6 + x3*x4*x5 + x2*x4*x6 + x1*x5*x6", 
  "-x5*x6^2 + -x5^2*x6 + -x4*x6^2 + -x4*x5^2 + -x4^2*x6 + -x4^2*x5 + x3*x5^2 +\
 x3*x4^2 + x2*x6^2 + x2*x4^2 + x1*x6^2 + x1*x5^2", 
  "-x5*x6^2 + -x5^2*x6 + -x4*x6^2 + -x4*x5^2 + -x4^2*x6 + -x4^2*x5 + x3*x5*x6 \
+ x3*x4*x6 + x2*x5*x6 + x2*x4*x5 + x1*x4*x6 + x1*x4*x5", 
  "-x6^3 + -x5^3 + -x4^3 + x3*x6^2 + x2*x5^2 + x1*x4^2" ]
   Cubic invariant basis vectors: 
[ [ 0, 0, 0, 0, 0, -3, 0, 0, 0, 0, 0, 0, 0, 0, 1, 0, 0, 0, 0, 0, 0, 0, 0, 1, 
      0, 0, 0, 0, 0, 0, 0, 0, 0, 0, 0, 0, 1, 0, 0, 0, 0, 0, 0, 0, 0, 0, 0, 0, 
      0, 0, 0, 0, 0, 0, 0, 0 ], 
  [ 0, -1, -1, 0, -1, 0, -1, -1, -1, 0, 0, 0, 1, 0, 0, 1, 0, 0, 0, 0, 1, 0, 
      0, 0, 0, 1, 0, 0, 0, 0, 0, 0, 0, 0, 0, 1, 0, 1, 0, 0, 0, 0, 0, 0, 0, 0, 
      0, 0, 0, 0, 0, 0, 0, 0, 0, 0 ], 
  [ 0, -1, -1, 0, -1, 0, -1, -1, -1, 0, 0, 1, 0, 1, 0, 0, 0, 0, 0, 0, 0, 1, 
      0, 0, 1, 0, 0, 0, 0, 0, 0, 0, 0, 0, 0, 0, 0, 0, 1, 1, 0, 0, 0, 0, 0, 0, 
      0, 0, 0, 0, 0, 0, 0, 0, 0, 0 ], 
  [ -1, 0, 0, -1, 0, 0, 0, 0, 0, -1, 1, 0, 0, 0, 0, 0, 0, 0, 0, 0, 0, 0, 1, 
      0, 0, 0, 0, 0, 0, 0, 0, 0, 0, 0, 0, 0, 0, 0, 0, 0, 1, 0, 0, 0, 0, 0, 0, 
      0, 0, 0, 0, 0, 0, 0, 0, 0 ] ]
   Gonzalez failures: [ rec(
      applicable := true,
      classIndex := 22,
      classSize := 1,
      linearOrder := 9,
      normalizingScalar := 1,
      ok := false,
      projectiveOrder := 3,
      projectivePowerScalar := E(3)^2,
      projectivePowerScalarExponent := 2,
      reason := "no_Gonzalez_strict_invariant_pattern_matches",
      status := "forbidden_strict_invariant_spectrum",
      testedCharacteristicPolynomial := 
       x1^6+3*E(9)^2*x1^5+6*E(9)^4*x1^4+7*E(3)^2*x1^3+(-6*E(9)^2-6*E(9)^5)*x1^\
2+(-3*E(9)^4-3*E(9)^7)*x1+E(3) ), rec(
      applicable := true,
      classIndex := 23,
      classSize := 1,
      linearOrder := 9,
      normalizingScalar := 1,
      ok := false,
      projectiveOrder := 3,
      projectivePowerScalar := E(3),
      projectivePowerScalarExponent := 1,
      reason := "no_Gonzalez_strict_invariant_pattern_matches",
      status := "forbidden_strict_invariant_spectrum",
      testedCharacteristicPolynomial := 
       x1^6+3*E(9)^7*x1^5+6*E(9)^5*x1^4+7*E(3)*x1^3+(-6*E(9)^4-6*E(9)^7)*x1^2+\
(-3*E(9)^2-3*E(9)^5)*x1+E(3)^2 ), rec(
      applicable := true,
      classIndex := 24,
      classSize := 1,
      linearOrder := 9,
      normalizingScalar := 1,
      ok := false,
      projectiveOrder := 3,
      projectivePowerScalar := E(3),
      projectivePowerScalarExponent := 1,
      reason := "no_Gonzalez_strict_invariant_pattern_matches",
      status := "forbidden_strict_invariant_spectrum",
      testedCharacteristicPolynomial := 
       x1^6+3*E(9)^4*x1^5+(-6*E(9)^2-6*E(9)^5)*x1^4+7*E(3)*x1^3+6*E(9)^7*x1^2+\
3*E(9)^2*x1+E(3)^2 ), rec(
      applicable := true,
      classIndex := 25,
      classSize := 1,
      linearOrder := 9,
      normalizingScalar := 1,
      ok := false,
      projectiveOrder := 3,
      projectivePowerScalar := E(3)^2,
      projectivePowerScalarExponent := 2,
      reason := "no_Gonzalez_strict_invariant_pattern_matches",
      status := "forbidden_strict_invariant_spectrum",
      testedCharacteristicPolynomial := 
       x1^6+(-3*E(9)^2-3*E(9)^5)*x1^5+6*E(9)^7*x1^4+7*E(3)^2*x1^3+6*E(9)^5*x1^\
2+3*E(9)^4*x1+E(3) ), rec(
      applicable := true,
      classIndex := 26,
      classSize := 1,
      linearOrder := 9,
      normalizingScalar := 1,
      ok := false,
      projectiveOrder := 3,
      projectivePowerScalar := E(3),
      projectivePowerScalarExponent := 1,
      reason := "no_Gonzalez_strict_invariant_pattern_matches",
      status := "forbidden_strict_invariant_spectrum",
      testedCharacteristicPolynomial := 
       x1^6+(-3*E(9)^4-3*E(9)^7)*x1^5+6*E(9)^2*x1^4+7*E(3)*x1^3+6*E(9)^4*x1^2+\
3*E(9)^5*x1+E(3)^2 ), rec(
      applicable := true,
      classIndex := 27,
      classSize := 1,
      linearOrder := 9,
      normalizingScalar := 1,
      ok := false,
      projectiveOrder := 3,
      projectivePowerScalar := E(3)^2,
      projectivePowerScalarExponent := 2,
      reason := "no_Gonzalez_strict_invariant_pattern_matches",
      status := "forbidden_strict_invariant_spectrum",
      testedCharacteristicPolynomial := 
       x1^6+3*E(9)^5*x1^5+(-6*E(9)^4-6*E(9)^7)*x1^4+7*E(3)^2*x1^3+6*E(9)^2*x1^\
2+3*E(9)^7*x1+E(3) ) ]

105. Candidate
   Symplectic group: S3
   Component: 1; Koike (3.6), generic index 1
   Projective group ID: [ 18, 3 ]
   Strict linear group ID: [ 54, 4 ]
   Generic index: 1
   Generic full linear containment required: false
   Generic full linear containment verified: true
   Direct known case: false
   Source records: [ "S_3_initial_generic_index=1_liftable.docx" ]
   Family number within this input: 6
   Strict cubic invariant dimension: 4
   Centralizer dimension: 4
   Expected moduli dimension: 0
   Determinant image order: 3
   Gonzalez status: rejected
   Retained: false
   Gonzalez failure statuses: [ "forbidden_strict_invariant_spectrum", 
  "forbidden_strict_invariant_spectrum", "forbidden_strict_invariant_spectrum"
    , "forbidden_strict_invariant_spectrum", 
  "forbidden_strict_invariant_spectrum", "forbidden_strict_invariant_spectrum"
    , "forbidden_strict_invariant_spectrum", 
  "forbidden_strict_invariant_spectrum", "forbidden_strict_invariant_spectrum"
    , "forbidden_strict_invariant_spectrum", 
  "forbidden_strict_invariant_spectrum", 
  "forbidden_strict_invariant_spectrum" ]
   Matrix generators: 
[ [ [ 0, 1, 0, 0, 0, 0 ], [ 1, 0, 0, 0, 0, 0 ], [ 0, 0, 1, 0, 0, 0 ], 
      [ 0, 0, 0, 0, 1, 0 ], [ 0, 0, 0, 1, 0, 0 ], [ 0, 0, 0, 0, 0, 1 ] ], 
  [ [ -E(9)^2-E(9)^5, 0, 0, 0, 0, 0 ], [ 0, -E(9)^2-E(9)^5, 0, 0, 0, 0 ], 
      [ 0, 0, -E(9)^2-E(9)^5, 0, 0, 0 ], 
      [ 5/3*E(9)^2+4/3*E(9)^5, -1/3*E(9)^2+1/3*E(9)^5, -1/3*E(9)^2+1/3*E(9)^5,
          2/3*E(9)^2+1/3*E(9)^5, -1/3*E(9)^2+1/3*E(9)^5, 
          -1/3*E(9)^2+1/3*E(9)^5 ], 
      [ -1/3*E(9)^2+1/3*E(9)^5, 5/3*E(9)^2+4/3*E(9)^5, -1/3*E(9)^2+1/3*E(9)^5,
          -1/3*E(9)^2+1/3*E(9)^5, 2/3*E(9)^2+1/3*E(9)^5, 
          -1/3*E(9)^2+1/3*E(9)^5 ], 
      [ -1/3*E(9)^2+1/3*E(9)^5, -1/3*E(9)^2+1/3*E(9)^5, 5/3*E(9)^2+4/3*E(9)^5,
          -1/3*E(9)^2+1/3*E(9)^5, -1/3*E(9)^2+1/3*E(9)^5, 
          2/3*E(9)^2+1/3*E(9)^5 ] ], 
  [ [ 0, 1, 0, 0, 0, 0 ], [ 0, 0, 1, 0, 0, 0 ], [ 1, 0, 0, 0, 0, 0 ], 
      [ 0, 0, 0, 0, 1, 0 ], [ 0, 0, 0, 0, 0, 1 ], [ 0, 0, 0, 1, 0, 0 ] ], 
  [ [ E(3), 0, 0, 0, 0, 0 ], [ 0, E(3), 0, 0, 0, 0 ], [ 0, 0, E(3), 0, 0, 0 ],
      [ 0, 0, 0, E(3), 0, 0 ], [ 0, 0, 0, 0, E(3), 0 ], 
      [ 0, 0, 0, 0, 0, E(3) ] ] ]
   Cubic invariant basis strings: [ "x6^3 + x5^3 + (-3)*x4*x5*x6 + x4^3", 
  "(-3)*x5*x6^2 + (-3)*x5^2*x6 + (-3)*x4*x6^2 + (-9)*x4*x5*x6 + (-3)*x4*x5^2 +\
 (-3)*x4^2*x6 + (-3)*x4^2*x5 + x3*x6^2 + (2)*x3*x5*x6 + x3*x5^2 + (2)*x3*x4*x6\
 + (2)*x3*x4*x5 + x3*x4^2 + x2*x6^2 + (2)*x2*x5*x6 + x2*x5^2 + (2)*x2*x4*x6 + \
(2)*x2*x4*x5 + x2*x4^2 + x1*x6^2 + (2)*x1*x5*x6 + x1*x5^2 + (2)*x1*x4*x6 + (2)\
*x1*x4*x5 + x1*x4^2", 
  "x5*x6^2 + x5^2*x6 + x4*x6^2 + (-6)*x4*x5*x6 + x4*x5^2 + x4^2*x6 + x4^2*x5 +\
 -x3*x5*x6 + -x3*x5^2 + -x3*x4*x6 + (4)*x3*x4*x5 + -x3*x4^2 + -x2*x6^2 + -x2*x\
5*x6 + (4)*x2*x4*x6 + -x2*x4*x5 + -x2*x4^2 + x2*x3*x6 + x2*x3*x5 + (-2)*x2*x3*\
x4 + -x1*x6^2 + (4)*x1*x5*x6 + -x1*x5^2 + -x1*x4*x6 + -x1*x4*x5 + x1*x3*x6 + (\
-2)*x1*x3*x5 + x1*x3*x4 + (-2)*x1*x2*x6 + x1*x2*x5 + x1*x2*x4", 
  "(-13/2)*x5*x6^2 + (-13/2)*x5^2*x6 + (-13/2)*x4*x6^2 + (-15)*x4*x5*x6 + (-13\
/2)*x4*x5^2 + (-13/2)*x4^2*x6 + (-13/2)*x4^2*x5 + (5)*x3*x5*x6 + (2)*x3*x5^2 +\
 (5)*x3*x4*x6 + (4)*x3*x4*x5 + (2)*x3*x4^2 + x3^2*x6 + (-1/2)*x3^2*x5 + (-1/2)\
*x3^2*x4 + (2)*x2*x6^2 + (5)*x2*x5*x6 + (4)*x2*x4*x6 + (5)*x2*x4*x5 + (2)*x2*x\
4^2 + (-1/2)*x2^2*x6 + x2^2*x5 + (-1/2)*x2^2*x4 + (2)*x1*x6^2 + (4)*x1*x5*x6 +\
 (2)*x1*x5^2 + (5)*x1*x4*x6 + (5)*x1*x4*x5 + (-1/2)*x1^2*x6 + (-1/2)*x1^2*x5 +\
 x1^2*x4" ]
   Cubic invariant basis vectors: 
[ [ 1, 0, 0, 1, 0, -3, 0, 0, 0, 1, 0, 0, 0, 0, 0, 0, 0, 0, 0, 0, 0, 0, 0, 0, 
      0, 0, 0, 0, 0, 0, 0, 0, 0, 0, 0, 0, 0, 0, 0, 0, 0, 0, 0, 0, 0, 0, 0, 0, 
      0, 0, 0, 0, 0, 0, 0, 0 ], 
  [ 0, -3, -3, 0, -3, -9, -3, -3, -3, 0, 1, 2, 1, 2, 2, 1, 0, 0, 0, 0, 1, 2, 
      1, 2, 2, 1, 0, 0, 0, 0, 0, 0, 0, 0, 0, 1, 2, 1, 2, 2, 1, 0, 0, 0, 0, 0, 
      0, 0, 0, 0, 0, 0, 0, 0, 0, 0 ], 
  [ 0, 1, 1, 0, 1, -6, 1, 1, 1, 0, 0, -1, -1, -1, 4, -1, 0, 0, 0, 0, -1, -1, 
      0, 4, -1, -1, 1, 1, -2, 0, 0, 0, 0, 0, 0, -1, 4, -1, -1, -1, 0, 1, -2, 
      1, 0, -2, 1, 1, 0, 0, 0, 0, 0, 0, 0, 0 ], 
  [ 0, -13/2, -13/2, 0, -13/2, -15, -13/2, -13/2, -13/2, 0, 0, 5, 2, 5, 4, 2, 
      1, -1/2, -1/2, 0, 2, 5, 0, 4, 5, 2, 0, 0, 0, 0, -1/2, 1, -1/2, 0, 0, 2, 
      4, 2, 5, 5, 0, 0, 0, 0, 0, 0, 0, 0, 0, 0, -1/2, -1/2, 1, 0, 0, 0 ] ]
   Gonzalez failures: [ rec(
      applicable := true,
      classIndex := 8,
      classSize := 2,
      linearOrder := 9,
      normalizingScalar := 1,
      ok := false,
      projectiveOrder := 3,
      projectivePowerScalar := E(3)^2,
      projectivePowerScalarExponent := 2,
      reason := "no_Gonzalez_strict_invariant_pattern_matches",
      status := "forbidden_strict_invariant_spectrum",
      testedCharacteristicPolynomial := 
       x1^6+(E(9)^2-E(9)^5)*x1^5+(E(9)^4-E(9)^7)*x1^4+E(3)*x1^3+(2*E(9)^2+E(9)\
^5)*x1^2+(2*E(9)^4+E(9)^7)*x1+E(3)^2 ), rec(
      applicable := true,
      classIndex := 10,
      classSize := 2,
      linearOrder := 9,
      normalizingScalar := 1,
      ok := false,
      projectiveOrder := 3,
      projectivePowerScalar := E(3),
      projectivePowerScalarExponent := 1,
      reason := "no_Gonzalez_strict_invariant_pattern_matches",
      status := "forbidden_strict_invariant_spectrum",
      testedCharacteristicPolynomial := 
       x1^6+(-E(9)^4+E(9)^7)*x1^5+(-E(9)^2+E(9)^5)*x1^4+E(3)^2*x1^3+(E(9)^4+2*\
E(9)^7)*x1^2+(E(9)^2+2*E(9)^5)*x1+E(3) ), rec(
      applicable := true,
      classIndex := 12,
      classSize := 2,
      linearOrder := 9,
      normalizingScalar := 1,
      ok := false,
      projectiveOrder := 3,
      projectivePowerScalar := E(3),
      projectivePowerScalarExponent := 1,
      reason := "no_Gonzalez_strict_invariant_pattern_matches",
      status := "forbidden_strict_invariant_spectrum",
      testedCharacteristicPolynomial := 
       x1^6+(2*E(9)^4+E(9)^7)*x1^5+(-E(9)^2-2*E(9)^5)*x1^4+E(3)^2*x1^3+(E(9)^4\
-E(9)^7)*x1^2+(-2*E(9)^2-E(9)^5)*x1+E(3) ), rec(
      applicable := true,
      classIndex := 14,
      classSize := 2,
      linearOrder := 9,
      normalizingScalar := 1,
      ok := false,
      projectiveOrder := 3,
      projectivePowerScalar := E(3)^2,
      projectivePowerScalarExponent := 2,
      reason := "no_Gonzalez_strict_invariant_pattern_matches",
      status := "forbidden_strict_invariant_spectrum",
      testedCharacteristicPolynomial := 
       x1^6+(-2*E(9)^2-E(9)^5)*x1^5+(E(9)^4+2*E(9)^7)*x1^4+E(3)*x1^3+(-E(9)^2-\
2*E(9)^5)*x1^2+(-E(9)^4+E(9)^7)*x1+E(3)^2 ), rec(
      applicable := true,
      classIndex := 16,
      classSize := 2,
      linearOrder := 9,
      normalizingScalar := 1,
      ok := false,
      projectiveOrder := 3,
      projectivePowerScalar := E(3),
      projectivePowerScalarExponent := 1,
      reason := "no_Gonzalez_strict_invariant_pattern_matches",
      status := "forbidden_strict_invariant_spectrum",
      testedCharacteristicPolynomial := 
       x1^6+(-E(9)^4-2*E(9)^7)*x1^5+(2*E(9)^2+E(9)^5)*x1^4+E(3)^2*x1^3+(-2*E(9\
)^4-E(9)^7)*x1^2+(E(9)^2-E(9)^5)*x1+E(3) ), rec(
      applicable := true,
      classIndex := 18,
      classSize := 2,
      linearOrder := 9,
      normalizingScalar := 1,
      ok := false,
      projectiveOrder := 3,
      projectivePowerScalar := E(3)^2,
      projectivePowerScalarExponent := 2,
      reason := "no_Gonzalez_strict_invariant_pattern_matches",
      status := "forbidden_strict_invariant_spectrum",
      testedCharacteristicPolynomial := 
       x1^6+(E(9)^2+2*E(9)^5)*x1^5+(-2*E(9)^4-E(9)^7)*x1^4+E(3)*x1^3+(-E(9)^2+\
E(9)^5)*x1^2+(-E(9)^4-2*E(9)^7)*x1+E(3)^2 ), rec(
      applicable := true,
      classIndex := 22,
      classSize := 1,
      linearOrder := 9,
      normalizingScalar := 1,
      ok := false,
      projectiveOrder := 3,
      projectivePowerScalar := E(3)^2,
      projectivePowerScalarExponent := 2,
      reason := "no_Gonzalez_strict_invariant_pattern_matches",
      status := "forbidden_strict_invariant_spectrum",
      testedCharacteristicPolynomial := 
       x1^6+(E(9)^2+2*E(9)^5)*x1^5+(-2*E(9)^4-E(9)^7)*x1^4+E(3)*x1^3+(-E(9)^2+\
E(9)^5)*x1^2+(-E(9)^4-2*E(9)^7)*x1+E(3)^2 ), rec(
      applicable := true,
      classIndex := 23,
      classSize := 1,
      linearOrder := 9,
      normalizingScalar := 1,
      ok := false,
      projectiveOrder := 3,
      projectivePowerScalar := E(3),
      projectivePowerScalarExponent := 1,
      reason := "no_Gonzalez_strict_invariant_pattern_matches",
      status := "forbidden_strict_invariant_spectrum",
      testedCharacteristicPolynomial := 
       x1^6+(2*E(9)^4+E(9)^7)*x1^5+(-E(9)^2-2*E(9)^5)*x1^4+E(3)^2*x1^3+(E(9)^4\
-E(9)^7)*x1^2+(-2*E(9)^2-E(9)^5)*x1+E(3) ), rec(
      applicable := true,
      classIndex := 24,
      classSize := 1,
      linearOrder := 9,
      normalizingScalar := 1,
      ok := false,
      projectiveOrder := 3,
      projectivePowerScalar := E(3),
      projectivePowerScalarExponent := 1,
      reason := "no_Gonzalez_strict_invariant_pattern_matches",
      status := "forbidden_strict_invariant_spectrum",
      testedCharacteristicPolynomial := 
       x1^6+(-E(9)^4-2*E(9)^7)*x1^5+(2*E(9)^2+E(9)^5)*x1^4+E(3)^2*x1^3+(-2*E(9\
)^4-E(9)^7)*x1^2+(E(9)^2-E(9)^5)*x1+E(3) ), rec(
      applicable := true,
      classIndex := 25,
      classSize := 1,
      linearOrder := 9,
      normalizingScalar := 1,
      ok := false,
      projectiveOrder := 3,
      projectivePowerScalar := E(3)^2,
      projectivePowerScalarExponent := 2,
      reason := "no_Gonzalez_strict_invariant_pattern_matches",
      status := "forbidden_strict_invariant_spectrum",
      testedCharacteristicPolynomial := 
       x1^6+(E(9)^2-E(9)^5)*x1^5+(E(9)^4-E(9)^7)*x1^4+E(3)*x1^3+(2*E(9)^2+E(9)\
^5)*x1^2+(2*E(9)^4+E(9)^7)*x1+E(3)^2 ), rec(
      applicable := true,
      classIndex := 26,
      classSize := 1,
      linearOrder := 9,
      normalizingScalar := 1,
      ok := false,
      projectiveOrder := 3,
      projectivePowerScalar := E(3),
      projectivePowerScalarExponent := 1,
      reason := "no_Gonzalez_strict_invariant_pattern_matches",
      status := "forbidden_strict_invariant_spectrum",
      testedCharacteristicPolynomial := 
       x1^6+(-E(9)^4+E(9)^7)*x1^5+(-E(9)^2+E(9)^5)*x1^4+E(3)^2*x1^3+(E(9)^4+2*\
E(9)^7)*x1^2+(E(9)^2+2*E(9)^5)*x1+E(3) ), rec(
      applicable := true,
      classIndex := 27,
      classSize := 1,
      linearOrder := 9,
      normalizingScalar := 1,
      ok := false,
      projectiveOrder := 3,
      projectivePowerScalar := E(3)^2,
      projectivePowerScalarExponent := 2,
      reason := "no_Gonzalez_strict_invariant_pattern_matches",
      status := "forbidden_strict_invariant_spectrum",
      testedCharacteristicPolynomial := 
       x1^6+(-2*E(9)^2-E(9)^5)*x1^5+(E(9)^4+2*E(9)^7)*x1^4+E(3)*x1^3+(-E(9)^2-\
2*E(9)^5)*x1^2+(-E(9)^4+E(9)^7)*x1+E(3)^2 ) ]

106. Candidate
   Symplectic group: S3
   Component: 1; Koike (3.6), generic index 1
   Projective group ID: [ 24, 5 ]
   Strict linear group ID: [ 72, 27 ]
   Generic index: 1
   Generic full linear containment required: false
   Generic full linear containment verified: true
   Direct known case: false
   Source records: [ "S_3_initial_generic_index=1_liftable.docx" ]
   Family number within this input: 1
   Strict cubic invariant dimension: 4
   Centralizer dimension: 4
   Expected moduli dimension: 0
   Determinant image order: 4
   Gonzalez status: passed
   Retained: true
   Gonzalez failure statuses: [  ]
   Matrix generators: 
[ [ [ 0, 1, 0, 0, 0, 0 ], [ 1, 0, 0, 0, 0, 0 ], [ 0, 0, 1, 0, 0, 0 ], 
      [ 0, 0, 0, 0, 1, 0 ], [ 0, 0, 0, 1, 0, 0 ], [ 0, 0, 0, 0, 0, 1 ] ], 
  [ [ -E(4), 0, 0, 0, 0, 0 ], [ 0, -E(4), 0, 0, 0, 0 ], 
      [ 0, 0, -E(4), 0, 0, 0 ], [ -1+E(4), 0, 0, -1, 0, 0 ], 
      [ 0, -1+E(4), 0, 0, -1, 0 ], [ 0, 0, -1+E(4), 0, 0, -1 ] ], 
  [ [ -1, 0, 0, 0, 0, 0 ], [ 0, -1, 0, 0, 0, 0 ], [ 0, 0, -1, 0, 0, 0 ], 
      [ 2, 0, 0, 1, 0, 0 ], [ 0, 2, 0, 0, 1, 0 ], [ 0, 0, 2, 0, 0, 1 ] ], 
  [ [ 0, 1, 0, 0, 0, 0 ], [ 0, 0, 1, 0, 0, 0 ], [ 1, 0, 0, 0, 0, 0 ], 
      [ 0, 0, 0, 0, 1, 0 ], [ 0, 0, 0, 0, 0, 1 ], [ 0, 0, 0, 1, 0, 0 ] ], 
  [ [ E(3), 0, 0, 0, 0, 0 ], [ 0, E(3), 0, 0, 0, 0 ], [ 0, 0, E(3), 0, 0, 0 ],
      [ 0, 0, 0, E(3), 0, 0 ], [ 0, 0, 0, 0, E(3), 0 ], 
      [ 0, 0, 0, 0, 0, E(3) ] ] ]
   Cubic invariant basis strings: 
[ 
  "(3)*x4*x5*x6 + (-2)*x3*x4*x5 + (-2)*x2*x4*x6 + x2*x3*x4 + (-2)*x1*x5*x6 + x1\
*x3*x5 + x1*x2*x6", 
  "x5*x6^2 + x5^2*x6 + x4*x6^2 + x4*x5^2 + x4^2*x6 + x4^2*x5 + -x3*x5*x6 + -x3\
*x5^2 + -x3*x4*x6 + -x3*x4^2 + -x2*x6^2 + -x2*x5*x6 + -x2*x4*x5 + -x2*x4^2 + x\
2*x3*x6 + x2*x3*x5 + -x1*x6^2 + -x1*x5^2 + -x1*x4*x6 + -x1*x4*x5 + x1*x3*x6 + \
x1*x3*x4 + x1*x2*x5 + x1*x2*x4", 
  "x5*x6^2 + x5^2*x6 + x4*x6^2 + x4*x5^2 + x4^2*x6 + x4^2*x5 + (-2)*x3*x5*x6 +\
 (-2)*x3*x4*x6 + x3^2*x5 + x3^2*x4 + (-2)*x2*x5*x6 + (-2)*x2*x4*x5 + x2^2*x6 +\
 x2^2*x4 + (-2)*x1*x4*x6 + (-2)*x1*x4*x5 + x1^2*x6 + x1^2*x5", 
  "x6^3 + x5^3 + x4^3 + (-2)*x3*x6^2 + x3^2*x6 + (-2)*x2*x5^2 + x2^2*x5 + (-2)\
*x1*x4^2 + x1^2*x4" ]
   Cubic invariant basis vectors: 
[ [ 0, 0, 0, 0, 0, 3, 0, 0, 0, 0, 0, 0, 0, 0, -2, 0, 0, 0, 0, 0, 0, 0, 0, -2, 
      0, 0, 0, 0, 1, 0, 0, 0, 0, 0, 0, 0, -2, 0, 0, 0, 0, 0, 1, 0, 0, 1, 0, 
      0, 0, 0, 0, 0, 0, 0, 0, 0 ], 
  [ 0, 1, 1, 0, 1, 0, 1, 1, 1, 0, 0, -1, -1, -1, 0, -1, 0, 0, 0, 0, -1, -1, 
      0, 0, -1, -1, 1, 1, 0, 0, 0, 0, 0, 0, 0, -1, 0, -1, -1, -1, 0, 1, 0, 1, 
      0, 0, 1, 1, 0, 0, 0, 0, 0, 0, 0, 0 ], 
  [ 0, 1, 1, 0, 1, 0, 1, 1, 1, 0, 0, -2, 0, -2, 0, 0, 0, 1, 1, 0, 0, -2, 0, 
      0, -2, 0, 0, 0, 0, 0, 1, 0, 1, 0, 0, 0, 0, 0, -2, -2, 0, 0, 0, 0, 0, 0, 
      0, 0, 0, 0, 1, 1, 0, 0, 0, 0 ], 
  [ 1, 0, 0, 1, 0, 0, 0, 0, 0, 1, -2, 0, 0, 0, 0, 0, 1, 0, 0, 0, 0, 0, -2, 0, 
      0, 0, 0, 0, 0, 0, 0, 1, 0, 0, 0, 0, 0, 0, 0, 0, -2, 0, 0, 0, 0, 0, 0, 
      0, 0, 0, 0, 0, 1, 0, 0, 0 ] ]

107. Candidate
   Symplectic group: S3
   Component: 1; Koike (3.6), generic index 1
   Projective group ID: [ 24, 5 ]
   Strict linear group ID: [ 72, 27 ]
   Generic index: 1
   Generic full linear containment required: false
   Generic full linear containment verified: true
   Direct known case: false
   Source records: [ "S_3_initial_generic_index=1_liftable.docx" ]
   Family number within this input: 2
   Strict cubic invariant dimension: 4
   Centralizer dimension: 4
   Expected moduli dimension: 0
   Determinant image order: 4
   Gonzalez status: passed
   Retained: true
   Gonzalez failure statuses: [  ]
   Matrix generators: 
[ [ [ 0, 1, 0, 0, 0, 0 ], [ 1, 0, 0, 0, 0, 0 ], [ 0, 0, 1, 0, 0, 0 ], 
      [ 0, 0, 0, 0, 1, 0 ], [ 0, 0, 0, 1, 0, 0 ], [ 0, 0, 0, 0, 0, 1 ] ], 
  [ [ 1/3*E(4), -2/3*E(4), -2/3*E(4), 0, 0, 0 ], 
      [ -2/3*E(4), 1/3*E(4), -2/3*E(4), 0, 0, 0 ], 
      [ -2/3*E(4), -2/3*E(4), 1/3*E(4), 0, 0, 0 ], 
      [ 1/3-1/3*E(4), -2/3+2/3*E(4), -2/3+2/3*E(4), 1/3, -2/3, -2/3 ], 
      [ -2/3+2/3*E(4), 1/3-1/3*E(4), -2/3+2/3*E(4), -2/3, 1/3, -2/3 ], 
      [ -2/3+2/3*E(4), -2/3+2/3*E(4), 1/3-1/3*E(4), -2/3, -2/3, 1/3 ] ], 
  [ [ -1, 0, 0, 0, 0, 0 ], [ 0, -1, 0, 0, 0, 0 ], [ 0, 0, -1, 0, 0, 0 ], 
      [ 2, 0, 0, 1, 0, 0 ], [ 0, 2, 0, 0, 1, 0 ], [ 0, 0, 2, 0, 0, 1 ] ], 
  [ [ 0, 1, 0, 0, 0, 0 ], [ 0, 0, 1, 0, 0, 0 ], [ 1, 0, 0, 0, 0, 0 ], 
      [ 0, 0, 0, 0, 1, 0 ], [ 0, 0, 0, 0, 0, 1 ], [ 0, 0, 0, 1, 0, 0 ] ], 
  [ [ E(3), 0, 0, 0, 0, 0 ], [ 0, E(3), 0, 0, 0, 0 ], [ 0, 0, E(3), 0, 0, 0 ],
      [ 0, 0, 0, E(3), 0, 0 ], [ 0, 0, 0, 0, E(3), 0 ], 
      [ 0, 0, 0, 0, 0, E(3) ] ] ]
   Cubic invariant basis strings: 
[ 
  "x6^3 + (-3/2)*x5*x6^2 + (-3/2)*x5^2*x6 + x5^3 + (-3/2)*x4*x6^2 + (6)*x4*x5*x\
6 + (-3/2)*x4*x5^2 + (-3/2)*x4^2*x6 + (-3/2)*x4^2*x5 + x4^3", 
  "x5*x6^2 + x5^2*x6 + x4*x6^2 + (3)*x4*x5*x6 + x4*x5^2 + x4^2*x6 + x4^2*x5 + \
-x3*x5*x6 + -x3*x5^2 + -x3*x4*x6 + (-2)*x3*x4*x5 + -x3*x4^2 + -x2*x6^2 + -x2*x\
5*x6 + (-2)*x2*x4*x6 + -x2*x4*x5 + -x2*x4^2 + x2*x3*x6 + x2*x3*x5 + x2*x3*x4 +\
 -x1*x6^2 + (-2)*x1*x5*x6 + -x1*x5^2 + -x1*x4*x6 + -x1*x4*x5 + x1*x3*x6 + x1*x\
3*x5 + x1*x3*x4 + x1*x2*x6 + x1*x2*x5 + x1*x2*x4", 
  "x5*x6^2 + x5^2*x6 + x4*x6^2 + (3)*x4*x5*x6 + x4*x5^2 + x4^2*x6 + x4^2*x5 + \
(-2)*x3*x5*x6 + (-2)*x3*x4*x6 + (-2)*x3*x4*x5 + x3^2*x5 + x3^2*x4 + (-2)*x2*x5\
*x6 + (-2)*x2*x4*x6 + (-2)*x2*x4*x5 + x2*x3*x4 + x2^2*x6 + x2^2*x4 + (-2)*x1*x\
5*x6 + (-2)*x1*x4*x6 + (-2)*x1*x4*x5 + x1*x3*x5 + x1*x2*x6 + x1^2*x6 + x1^2*x5\
", 
  "(3/2)*x5*x6^2 + (3/2)*x5^2*x6 + (3/2)*x4*x6^2 + (-9)*x4*x5*x6 + (3/2)*x4*x5\
^2 + (3/2)*x4^2*x6 + (3/2)*x4^2*x5 + (-2)*x3*x6^2 + (2)*x3*x4*x5 + x3^2*x6 + (\
-2)*x2*x5^2 + (2)*x2*x4*x6 + -x2*x3*x4 + x2^2*x5 + (2)*x1*x5*x6 + (-2)*x1*x4^2\
 + -x1*x3*x5 + -x1*x2*x6 + x1^2*x4" ]
   Cubic invariant basis vectors: 
[ [ 1, -3/2, -3/2, 1, -3/2, 6, -3/2, -3/2, -3/2, 1, 0, 0, 0, 0, 0, 0, 0, 0, 
      0, 0, 0, 0, 0, 0, 0, 0, 0, 0, 0, 0, 0, 0, 0, 0, 0, 0, 0, 0, 0, 0, 0, 0, 
      0, 0, 0, 0, 0, 0, 0, 0, 0, 0, 0, 0, 0, 0 ], 
  [ 0, 1, 1, 0, 1, 3, 1, 1, 1, 0, 0, -1, -1, -1, -2, -1, 0, 0, 0, 0, -1, -1, 
      0, -2, -1, -1, 1, 1, 1, 0, 0, 0, 0, 0, 0, -1, -2, -1, -1, -1, 0, 1, 1, 
      1, 0, 1, 1, 1, 0, 0, 0, 0, 0, 0, 0, 0 ], 
  [ 0, 1, 1, 0, 1, 3, 1, 1, 1, 0, 0, -2, 0, -2, -2, 0, 0, 1, 1, 0, 0, -2, 0, 
      -2, -2, 0, 0, 0, 1, 0, 1, 0, 1, 0, 0, 0, -2, 0, -2, -2, 0, 0, 1, 0, 0, 
      1, 0, 0, 0, 0, 1, 1, 0, 0, 0, 0 ], 
  [ 0, 3/2, 3/2, 0, 3/2, -9, 3/2, 3/2, 3/2, 0, -2, 0, 0, 0, 2, 0, 1, 0, 0, 0, 
      0, 0, -2, 2, 0, 0, 0, 0, -1, 0, 0, 1, 0, 0, 0, 0, 2, 0, 0, 0, -2, 0, 
      -1, 0, 0, -1, 0, 0, 0, 0, 0, 0, 1, 0, 0, 0 ] ]

108. Candidate
   Symplectic group: S3
   Component: 1; Koike (3.6), generic index 1
   Projective group ID: [ 24, 5 ]
   Strict linear group ID: [ 72, 27 ]
   Generic index: 1
   Generic full linear containment required: false
   Generic full linear containment verified: true
   Direct known case: false
   Source records: [ "S_3_initial_generic_index=1_liftable.docx" ]
   Family number within this input: 3
   Strict cubic invariant dimension: 4
   Centralizer dimension: 4
   Expected moduli dimension: 0
   Determinant image order: 4
   Gonzalez status: passed
   Retained: true
   Gonzalez failure statuses: [  ]
   Matrix generators: 
[ [ [ 0, 1, 0, 0, 0, 0 ], [ 1, 0, 0, 0, 0, 0 ], [ 0, 0, 1, 0, 0, 0 ], 
      [ 0, 0, 0, 0, 1, 0 ], [ 0, 0, 0, 1, 0, 0 ], [ 0, 0, 0, 0, 0, 1 ] ], 
  [ [ -2/3-1/3*E(4), 1/3-1/3*E(4), 1/3-1/3*E(4), 0, 0, 0 ], 
      [ 1/3-1/3*E(4), -2/3-1/3*E(4), 1/3-1/3*E(4), 0, 0, 0 ], 
      [ 1/3-1/3*E(4), 1/3-1/3*E(4), -2/3-1/3*E(4), 0, 0, 0 ], 
      [ 1+1/3*E(4), -1+1/3*E(4), -1+1/3*E(4), 1/3, -2/3, -2/3 ], 
      [ -1+1/3*E(4), 1+1/3*E(4), -1+1/3*E(4), -2/3, 1/3, -2/3 ], 
      [ -1+1/3*E(4), -1+1/3*E(4), 1+1/3*E(4), -2/3, -2/3, 1/3 ] ], 
  [ [ 1/3, -2/3, -2/3, 0, 0, 0 ], [ -2/3, 1/3, -2/3, 0, 0, 0 ], 
      [ -2/3, -2/3, 1/3, 0, 0, 0 ], [ 2/3, 2/3, 2/3, 1, 0, 0 ], 
      [ 2/3, 2/3, 2/3, 0, 1, 0 ], [ 2/3, 2/3, 2/3, 0, 0, 1 ] ], 
  [ [ 0, 1, 0, 0, 0, 0 ], [ 0, 0, 1, 0, 0, 0 ], [ 1, 0, 0, 0, 0, 0 ], 
      [ 0, 0, 0, 0, 1, 0 ], [ 0, 0, 0, 0, 0, 1 ], [ 0, 0, 0, 1, 0, 0 ] ], 
  [ [ E(3), 0, 0, 0, 0, 0 ], [ 0, E(3), 0, 0, 0, 0 ], [ 0, 0, E(3), 0, 0, 0 ],
      [ 0, 0, 0, E(3), 0, 0 ], [ 0, 0, 0, 0, E(3), 0 ], 
      [ 0, 0, 0, 0, 0, E(3) ] ] ]
   Cubic invariant basis strings: 
[ 
  "x6^3 + (-3/2)*x5*x6^2 + (-3/2)*x5^2*x6 + x5^3 + (-3/2)*x4*x6^2 + (6)*x4*x5*x\
6 + (-3/2)*x4*x5^2 + (-3/2)*x4^2*x6 + (-3/2)*x4^2*x5 + x4^3", 
  "(-3/2)*x5*x6^2 + (-3/2)*x5^2*x6 + (-3/2)*x4*x6^2 + (9)*x4*x5*x6 + (-3/2)*x4\
*x5^2 + (-3/2)*x4^2*x6 + (-3/2)*x4^2*x5 + x3*x6^2 + (1/2)*x3*x5*x6 + (-1/2)*x3\
*x5^2 + (1/2)*x3*x4*x6 + -x3*x4*x5 + (-1/2)*x3*x4^2 + (-1/2)*x2*x6^2 + (1/2)*x\
2*x5*x6 + x2*x5^2 + -x2*x4*x6 + (1/2)*x2*x4*x5 + (-1/2)*x2*x4^2 + (-1/2)*x1*x6\
^2 + -x1*x5*x6 + (-1/2)*x1*x5^2 + (1/2)*x1*x4*x6 + (1/2)*x1*x4*x5 + x1*x4^2", 
  "(3)*x5*x6^2 + (3)*x5^2*x6 + (3)*x4*x6^2 + (3)*x4*x5^2 + (3)*x4^2*x6 + (3)*x\
4^2*x5 + (-4)*x3*x5*x6 + (-2)*x3*x5^2 + (-4)*x3*x4*x6 + (-2)*x3*x4^2 + x3^2*x5\
 + x3^2*x4 + (-2)*x2*x6^2 + (-4)*x2*x5*x6 + (-4)*x2*x4*x5 + (-2)*x2*x4^2 + (2)\
*x2*x3*x6 + (2)*x2*x3*x5 + x2^2*x6 + x2^2*x4 + (-2)*x1*x6^2 + (-2)*x1*x5^2 + (\
-4)*x1*x4*x6 + (-4)*x1*x4*x5 + (2)*x1*x3*x6 + (2)*x1*x3*x4 + (2)*x1*x2*x5 + (2\
)*x1*x2*x4 + x1^2*x6 + x1^2*x5", 
  "(-3/2)*x5*x6^2 + (-3/2)*x5^2*x6 + (-3/2)*x4*x6^2 + (18)*x4*x5*x6 + (-3/2)*x\
4*x5^2 + (-3/2)*x4^2*x6 + (-3/2)*x4^2*x5 + x3*x5*x6 + -x3*x5^2 + x3*x4*x6 + (-\
6)*x3*x4*x5 + -x3*x4^2 + x3^2*x6 + -x2*x6^2 + x2*x5*x6 + (-6)*x2*x4*x6 + x2*x4\
*x5 + -x2*x4^2 + (2)*x2*x3*x4 + x2^2*x5 + -x1*x6^2 + (-6)*x1*x5*x6 + -x1*x5^2 \
+ x1*x4*x6 + x1*x4*x5 + (2)*x1*x3*x5 + (2)*x1*x2*x6 + x1^2*x4" ]
   Cubic invariant basis vectors: 
[ [ 1, -3/2, -3/2, 1, -3/2, 6, -3/2, -3/2, -3/2, 1, 0, 0, 0, 0, 0, 0, 0, 0, 
      0, 0, 0, 0, 0, 0, 0, 0, 0, 0, 0, 0, 0, 0, 0, 0, 0, 0, 0, 0, 0, 0, 0, 0, 
      0, 0, 0, 0, 0, 0, 0, 0, 0, 0, 0, 0, 0, 0 ], 
  [ 0, -3/2, -3/2, 0, -3/2, 9, -3/2, -3/2, -3/2, 0, 1, 1/2, -1/2, 1/2, -1, 
      -1/2, 0, 0, 0, 0, -1/2, 1/2, 1, -1, 1/2, -1/2, 0, 0, 0, 0, 0, 0, 0, 0, 
      0, -1/2, -1, -1/2, 1/2, 1/2, 1, 0, 0, 0, 0, 0, 0, 0, 0, 0, 0, 0, 0, 0, 
      0, 0 ], 
  [ 0, 3, 3, 0, 3, 0, 3, 3, 3, 0, 0, -4, -2, -4, 0, -2, 0, 1, 1, 0, -2, -4, 
      0, 0, -4, -2, 2, 2, 0, 0, 1, 0, 1, 0, 0, -2, 0, -2, -4, -4, 0, 2, 0, 2, 
      0, 0, 2, 2, 0, 0, 1, 1, 0, 0, 0, 0 ], 
  [ 0, -3/2, -3/2, 0, -3/2, 18, -3/2, -3/2, -3/2, 0, 0, 1, -1, 1, -6, -1, 1, 
      0, 0, 0, -1, 1, 0, -6, 1, -1, 0, 0, 2, 0, 0, 1, 0, 0, 0, -1, -6, -1, 1, 
      1, 0, 0, 2, 0, 0, 2, 0, 0, 0, 0, 0, 0, 1, 0, 0, 0 ] ]

109. Candidate
   Symplectic group: S3
   Component: 1; Koike (3.6), generic index 1
   Projective group ID: [ 24, 5 ]
   Strict linear group ID: [ 72, 27 ]
   Generic index: 1
   Generic full linear containment required: false
   Generic full linear containment verified: true
   Direct known case: false
   Source records: [ "S_3_initial_generic_index=1_liftable.docx" ]
   Family number within this input: 4
   Strict cubic invariant dimension: 4
   Centralizer dimension: 4
   Expected moduli dimension: 0
   Determinant image order: 4
   Gonzalez status: passed
   Retained: true
   Gonzalez failure statuses: [  ]
   Matrix generators: 
[ [ [ 0, 1, 0, 0, 0, 0 ], [ 1, 0, 0, 0, 0, 0 ], [ 0, 0, 1, 0, 0, 0 ], 
      [ 0, 0, 0, 0, 1, 0 ], [ 0, 0, 0, 1, 0, 0 ], [ 0, 0, 0, 0, 0, 1 ] ], 
  [ [ -E(4), 0, 0, 0, 0, 0 ], [ 0, -E(4), 0, 0, 0, 0 ], 
      [ 0, 0, -E(4), 0, 0, 0 ], [ -1/3+E(4), 2/3, 2/3, -1/3, 2/3, 2/3 ], 
      [ 2/3, -1/3+E(4), 2/3, 2/3, -1/3, 2/3 ], 
      [ 2/3, 2/3, -1/3+E(4), 2/3, 2/3, -1/3 ] ], 
  [ [ -1, 0, 0, 0, 0, 0 ], [ 0, -1, 0, 0, 0, 0 ], [ 0, 0, -1, 0, 0, 0 ], 
      [ 2, 0, 0, 1, 0, 0 ], [ 0, 2, 0, 0, 1, 0 ], [ 0, 0, 2, 0, 0, 1 ] ], 
  [ [ 0, 1, 0, 0, 0, 0 ], [ 0, 0, 1, 0, 0, 0 ], [ 1, 0, 0, 0, 0, 0 ], 
      [ 0, 0, 0, 0, 1, 0 ], [ 0, 0, 0, 0, 0, 1 ], [ 0, 0, 0, 1, 0, 0 ] ], 
  [ [ E(3), 0, 0, 0, 0, 0 ], [ 0, E(3), 0, 0, 0, 0 ], [ 0, 0, E(3), 0, 0, 0 ],
      [ 0, 0, 0, E(3), 0, 0 ], [ 0, 0, 0, 0, E(3), 0 ], 
      [ 0, 0, 0, 0, 0, E(3) ] ] ]
   Cubic invariant basis strings: 
[ "x5*x6^2 + x5^2*x6 + x4*x6^2 + (3)*x4*x5*x6 + x4*x5^2 + x4^2*x6 + x4^2*x5", 
  "x6^3 + x5^3 + (-3)*x4*x5*x6 + x4^3", 
  "(-9)*x4*x5*x6 + -x3*x5*x6 + -x3*x5^2 + -x3*x4*x6 + (4)*x3*x4*x5 + -x3*x4^2 \
+ -x2*x6^2 + -x2*x5*x6 + (4)*x2*x4*x6 + -x2*x4*x5 + -x2*x4^2 + x2*x3*x6 + x2*x\
3*x5 + (-2)*x2*x3*x4 + -x1*x6^2 + (4)*x1*x5*x6 + -x1*x5^2 + -x1*x4*x6 + -x1*x4\
*x5 + x1*x3*x6 + (-2)*x1*x3*x5 + x1*x3*x4 + (-2)*x1*x2*x6 + x1*x2*x5 + x1*x2*x\
4", 
  "(9/2)*x4*x5*x6 + (-2)*x3*x6^2 + x3*x5*x6 + x3*x4*x6 + x3^2*x6 + (-1/2)*x3^2\
*x5 + (-1/2)*x3^2*x4 + x2*x5*x6 + (-2)*x2*x5^2 + x2*x4*x5 + (-1/2)*x2^2*x6 + x\
2^2*x5 + (-1/2)*x2^2*x4 + x1*x4*x6 + x1*x4*x5 + (-2)*x1*x4^2 + (-1/2)*x1^2*x6 \
+ (-1/2)*x1^2*x5 + x1^2*x4" ]
   Cubic invariant basis vectors: 
[ [ 0, 1, 1, 0, 1, 3, 1, 1, 1, 0, 0, 0, 0, 0, 0, 0, 0, 0, 0, 0, 0, 0, 0, 0, 
      0, 0, 0, 0, 0, 0, 0, 0, 0, 0, 0, 0, 0, 0, 0, 0, 0, 0, 0, 0, 0, 0, 0, 0, 
      0, 0, 0, 0, 0, 0, 0, 0 ], 
  [ 1, 0, 0, 1, 0, -3, 0, 0, 0, 1, 0, 0, 0, 0, 0, 0, 0, 0, 0, 0, 0, 0, 0, 0, 
      0, 0, 0, 0, 0, 0, 0, 0, 0, 0, 0, 0, 0, 0, 0, 0, 0, 0, 0, 0, 0, 0, 0, 0, 
      0, 0, 0, 0, 0, 0, 0, 0 ], 
  [ 0, 0, 0, 0, 0, -9, 0, 0, 0, 0, 0, -1, -1, -1, 4, -1, 0, 0, 0, 0, -1, -1, 
      0, 4, -1, -1, 1, 1, -2, 0, 0, 0, 0, 0, 0, -1, 4, -1, -1, -1, 0, 1, -2, 
      1, 0, -2, 1, 1, 0, 0, 0, 0, 0, 0, 0, 0 ], 
  [ 0, 0, 0, 0, 0, 9/2, 0, 0, 0, 0, -2, 1, 0, 1, 0, 0, 1, -1/2, -1/2, 0, 0, 
      1, -2, 0, 1, 0, 0, 0, 0, 0, -1/2, 1, -1/2, 0, 0, 0, 0, 0, 1, 1, -2, 0, 
      0, 0, 0, 0, 0, 0, 0, 0, -1/2, -1/2, 1, 0, 0, 0 ] ]

110. Candidate
   Symplectic group: S3
   Component: 1; Koike (3.6), generic index 1
   Projective group ID: [ 24, 5 ]
   Strict linear group ID: [ 72, 27 ]
   Generic index: 1
   Generic full linear containment required: false
   Generic full linear containment verified: true
   Direct known case: false
   Source records: [ "S_3_initial_generic_index=1_liftable.docx" ]
   Family number within this input: 5
   Strict cubic invariant dimension: 4
   Centralizer dimension: 4
   Expected moduli dimension: 0
   Determinant image order: 4
   Gonzalez status: passed
   Retained: true
   Gonzalez failure statuses: [  ]
   Matrix generators: 
[ [ [ 0, 1, 0, 0, 0, 0 ], [ 1, 0, 0, 0, 0, 0 ], [ 0, 0, 1, 0, 0, 0 ], 
      [ 0, 0, 0, 0, 1, 0 ], [ 0, 0, 0, 1, 0, 0 ], [ 0, 0, 0, 0, 0, 1 ] ], 
  [ [ 1/3*E(4), -2/3*E(4), -2/3*E(4), 0, 0, 0 ], 
      [ -2/3*E(4), 1/3*E(4), -2/3*E(4), 0, 0, 0 ], 
      [ -2/3*E(4), -2/3*E(4), 1/3*E(4), 0, 0, 0 ], 
      [ 1-1/3*E(4), 2/3*E(4), 2/3*E(4), 1, 0, 0 ], 
      [ 2/3*E(4), 1-1/3*E(4), 2/3*E(4), 0, 1, 0 ], 
      [ 2/3*E(4), 2/3*E(4), 1-1/3*E(4), 0, 0, 1 ] ], 
  [ [ -1, 0, 0, 0, 0, 0 ], [ 0, -1, 0, 0, 0, 0 ], [ 0, 0, -1, 0, 0, 0 ], 
      [ 2, 0, 0, 1, 0, 0 ], [ 0, 2, 0, 0, 1, 0 ], [ 0, 0, 2, 0, 0, 1 ] ], 
  [ [ 0, 1, 0, 0, 0, 0 ], [ 0, 0, 1, 0, 0, 0 ], [ 1, 0, 0, 0, 0, 0 ], 
      [ 0, 0, 0, 0, 1, 0 ], [ 0, 0, 0, 0, 0, 1 ], [ 0, 0, 0, 1, 0, 0 ] ], 
  [ [ E(3), 0, 0, 0, 0, 0 ], [ 0, E(3), 0, 0, 0, 0 ], [ 0, 0, E(3), 0, 0, 0 ],
      [ 0, 0, 0, E(3), 0, 0 ], [ 0, 0, 0, 0, E(3), 0 ], 
      [ 0, 0, 0, 0, 0, E(3) ] ] ]
   Cubic invariant basis strings: 
[ "x4*x5*x6", "x5*x6^2 + x5^2*x6 + x4*x6^2 + x4*x5^2 + x4^2*x6 + x4^2*x5", 
  "x6^3 + x5^3 + x4^3", 
  "(-2)*x3*x6^2 + (1/2)*x3*x5*x6 + (-1/2)*x3*x5^2 + (1/2)*x3*x4*x6 + (2)*x3*x4\
*x5 + (-1/2)*x3*x4^2 + x3^2*x6 + (-1/2)*x3^2*x5 + (-1/2)*x3^2*x4 + (-1/2)*x2*x\
6^2 + (1/2)*x2*x5*x6 + (-2)*x2*x5^2 + (2)*x2*x4*x6 + (1/2)*x2*x4*x5 + (-1/2)*x\
2*x4^2 + (1/2)*x2*x3*x6 + (1/2)*x2*x3*x5 + -x2*x3*x4 + (-1/2)*x2^2*x6 + x2^2*x\
5 + (-1/2)*x2^2*x4 + (-1/2)*x1*x6^2 + (2)*x1*x5*x6 + (-1/2)*x1*x5^2 + (1/2)*x1\
*x4*x6 + (1/2)*x1*x4*x5 + (-2)*x1*x4^2 + (1/2)*x1*x3*x6 + -x1*x3*x5 + (1/2)*x1\
*x3*x4 + -x1*x2*x6 + (1/2)*x1*x2*x5 + (1/2)*x1*x2*x4 + (-1/2)*x1^2*x6 + (-1/2)\
*x1^2*x5 + x1^2*x4" ]
   Cubic invariant basis vectors: 
[ [ 0, 0, 0, 0, 0, 1, 0, 0, 0, 0, 0, 0, 0, 0, 0, 0, 0, 0, 0, 0, 0, 0, 0, 0, 
      0, 0, 0, 0, 0, 0, 0, 0, 0, 0, 0, 0, 0, 0, 0, 0, 0, 0, 0, 0, 0, 0, 0, 0, 
      0, 0, 0, 0, 0, 0, 0, 0 ], 
  [ 0, 1, 1, 0, 1, 0, 1, 1, 1, 0, 0, 0, 0, 0, 0, 0, 0, 0, 0, 0, 0, 0, 0, 0, 
      0, 0, 0, 0, 0, 0, 0, 0, 0, 0, 0, 0, 0, 0, 0, 0, 0, 0, 0, 0, 0, 0, 0, 0, 
      0, 0, 0, 0, 0, 0, 0, 0 ], 
  [ 1, 0, 0, 1, 0, 0, 0, 0, 0, 1, 0, 0, 0, 0, 0, 0, 0, 0, 0, 0, 0, 0, 0, 0, 
      0, 0, 0, 0, 0, 0, 0, 0, 0, 0, 0, 0, 0, 0, 0, 0, 0, 0, 0, 0, 0, 0, 0, 0, 
      0, 0, 0, 0, 0, 0, 0, 0 ], 
  [ 0, 0, 0, 0, 0, 0, 0, 0, 0, 0, -2, 1/2, -1/2, 1/2, 2, -1/2, 1, -1/2, -1/2, 
      0, -1/2, 1/2, -2, 2, 1/2, -1/2, 1/2, 1/2, -1, 0, -1/2, 1, -1/2, 0, 0, 
      -1/2, 2, -1/2, 1/2, 1/2, -2, 1/2, -1, 1/2, 0, -1, 1/2, 1/2, 0, 0, -1/2, 
      -1/2, 1, 0, 0, 0 ] ]

111. Candidate
   Symplectic group: S3
   Component: 1; Koike (3.6), generic index 1
   Projective group ID: [ 24, 5 ]
   Strict linear group ID: [ 72, 27 ]
   Generic index: 1
   Generic full linear containment required: false
   Generic full linear containment verified: true
   Direct known case: false
   Source records: [ "S_3_initial_generic_index=1_liftable.docx" ]
   Family number within this input: 6
   Strict cubic invariant dimension: 5
   Centralizer dimension: 4
   Expected moduli dimension: 1
   Determinant image order: 4
   Gonzalez status: passed
   Retained: true
   Gonzalez failure statuses: [  ]
   Matrix generators: 
[ [ [ 0, 1, 0, 0, 0, 0 ], [ 1, 0, 0, 0, 0, 0 ], [ 0, 0, 1, 0, 0, 0 ], 
      [ 0, 0, 0, 0, 1, 0 ], [ 0, 0, 0, 1, 0, 0 ], [ 0, 0, 0, 0, 0, 1 ] ], 
  [ [ -2/3-1/3*E(4), 1/3-1/3*E(4), 1/3-1/3*E(4), 0, 0, 0 ], 
      [ 1/3-1/3*E(4), -2/3-1/3*E(4), 1/3-1/3*E(4), 0, 0, 0 ], 
      [ 1/3-1/3*E(4), 1/3-1/3*E(4), -2/3-1/3*E(4), 0, 0, 0 ], 
      [ 5/3+1/3*E(4), -1/3+1/3*E(4), -1/3+1/3*E(4), 1, 0, 0 ], 
      [ -1/3+1/3*E(4), 5/3+1/3*E(4), -1/3+1/3*E(4), 0, 1, 0 ], 
      [ -1/3+1/3*E(4), -1/3+1/3*E(4), 5/3+1/3*E(4), 0, 0, 1 ] ], 
  [ [ 1/3, -2/3, -2/3, 0, 0, 0 ], [ -2/3, 1/3, -2/3, 0, 0, 0 ], 
      [ -2/3, -2/3, 1/3, 0, 0, 0 ], [ 2/3, 2/3, 2/3, 1, 0, 0 ], 
      [ 2/3, 2/3, 2/3, 0, 1, 0 ], [ 2/3, 2/3, 2/3, 0, 0, 1 ] ], 
  [ [ 0, 1, 0, 0, 0, 0 ], [ 0, 0, 1, 0, 0, 0 ], [ 1, 0, 0, 0, 0, 0 ], 
      [ 0, 0, 0, 0, 1, 0 ], [ 0, 0, 0, 0, 0, 1 ], [ 0, 0, 0, 1, 0, 0 ] ], 
  [ [ E(3), 0, 0, 0, 0, 0 ], [ 0, E(3), 0, 0, 0, 0 ], [ 0, 0, E(3), 0, 0, 0 ],
      [ 0, 0, 0, E(3), 0, 0 ], [ 0, 0, 0, 0, E(3), 0 ], 
      [ 0, 0, 0, 0, 0, E(3) ] ] ]
   Cubic invariant basis strings: 
[ "x4*x5*x6", "x5*x6^2 + x5^2*x6 + x4*x6^2 + x4*x5^2 + x4^2*x6 + x4^2*x5", 
  "x6^3 + x5^3 + x4^3", 
  "(-2)*x3*x5*x6 + (-2)*x3*x4*x6 + (4)*x3*x4*x5 + x3^2*x5 + x3^2*x4 + (-2)*x2*\
x5*x6 + (4)*x2*x4*x6 + (-2)*x2*x4*x5 + (-2)*x2*x3*x4 + x2^2*x6 + x2^2*x4 + (4)\
*x1*x5*x6 + (-2)*x1*x4*x6 + (-2)*x1*x4*x5 + (-2)*x1*x3*x5 + (-2)*x1*x2*x6 + x1\
^2*x6 + x1^2*x5", 
  "(-2)*x3*x6^2 + x3*x5*x6 + x3*x5^2 + x3*x4*x6 + (-2)*x3*x4*x5 + x3*x4^2 + x3\
^2*x6 + x2*x6^2 + x2*x5*x6 + (-2)*x2*x5^2 + (-2)*x2*x4*x6 + x2*x4*x5 + x2*x4^2\
 + -x2*x3*x6 + -x2*x3*x5 + x2*x3*x4 + x2^2*x5 + x1*x6^2 + (-2)*x1*x5*x6 + x1*x\
5^2 + x1*x4*x6 + x1*x4*x5 + (-2)*x1*x4^2 + -x1*x3*x6 + x1*x3*x5 + -x1*x3*x4 + \
x1*x2*x6 + -x1*x2*x5 + -x1*x2*x4 + x1^2*x4" ]
   Cubic invariant basis vectors: 
[ [ 0, 0, 0, 0, 0, 1, 0, 0, 0, 0, 0, 0, 0, 0, 0, 0, 0, 0, 0, 0, 0, 0, 0, 0, 
      0, 0, 0, 0, 0, 0, 0, 0, 0, 0, 0, 0, 0, 0, 0, 0, 0, 0, 0, 0, 0, 0, 0, 0, 
      0, 0, 0, 0, 0, 0, 0, 0 ], 
  [ 0, 1, 1, 0, 1, 0, 1, 1, 1, 0, 0, 0, 0, 0, 0, 0, 0, 0, 0, 0, 0, 0, 0, 0, 
      0, 0, 0, 0, 0, 0, 0, 0, 0, 0, 0, 0, 0, 0, 0, 0, 0, 0, 0, 0, 0, 0, 0, 0, 
      0, 0, 0, 0, 0, 0, 0, 0 ], 
  [ 1, 0, 0, 1, 0, 0, 0, 0, 0, 1, 0, 0, 0, 0, 0, 0, 0, 0, 0, 0, 0, 0, 0, 0, 
      0, 0, 0, 0, 0, 0, 0, 0, 0, 0, 0, 0, 0, 0, 0, 0, 0, 0, 0, 0, 0, 0, 0, 0, 
      0, 0, 0, 0, 0, 0, 0, 0 ], 
  [ 0, 0, 0, 0, 0, 0, 0, 0, 0, 0, 0, -2, 0, -2, 4, 0, 0, 1, 1, 0, 0, -2, 0, 
      4, -2, 0, 0, 0, -2, 0, 1, 0, 1, 0, 0, 0, 4, 0, -2, -2, 0, 0, -2, 0, 0, 
      -2, 0, 0, 0, 0, 1, 1, 0, 0, 0, 0 ], 
  [ 0, 0, 0, 0, 0, 0, 0, 0, 0, 0, -2, 1, 1, 1, -2, 1, 1, 0, 0, 0, 1, 1, -2, 
      -2, 1, 1, -1, -1, 1, 0, 0, 1, 0, 0, 0, 1, -2, 1, 1, 1, -2, -1, 1, -1, 
      0, 1, -1, -1, 0, 0, 0, 0, 1, 0, 0, 0 ] ]

112. Candidate
   Symplectic group: S3
   Component: 1; Koike (3.6), generic index 1
   Projective group ID: [ 24, 5 ]
   Strict linear group ID: [ 72, 27 ]
   Generic index: 1
   Generic full linear containment required: false
   Generic full linear containment verified: true
   Direct known case: false
   Source records: [ "S_3_initial_generic_index=1_liftable.docx" ]
   Family number within this input: 7
   Strict cubic invariant dimension: 8
   Centralizer dimension: 6
   Expected moduli dimension: 2
   Determinant image order: 4
   Gonzalez status: passed
   Retained: true
   Gonzalez failure statuses: [  ]
   Matrix generators: 
[ [ [ 0, 1, 0, 0, 0, 0 ], [ 1, 0, 0, 0, 0, 0 ], [ 0, 0, 1, 0, 0, 0 ], 
      [ 0, 0, 0, 0, 1, 0 ], [ 0, 0, 0, 1, 0, 0 ], [ 0, 0, 0, 0, 0, 1 ] ], 
  [ [ 2/3-1/3*E(4), -1/3-1/3*E(4), -1/3-1/3*E(4), 0, 0, 0 ], 
      [ -1/3-1/3*E(4), 2/3-1/3*E(4), -1/3-1/3*E(4), 0, 0, 0 ], 
      [ -1/3-1/3*E(4), -1/3-1/3*E(4), 2/3-1/3*E(4), 0, 0, 0 ], 
      [ 1/3+1/3*E(4), 1/3+1/3*E(4), 1/3+1/3*E(4), 1, 0, 0 ], 
      [ 1/3+1/3*E(4), 1/3+1/3*E(4), 1/3+1/3*E(4), 0, 1, 0 ], 
      [ 1/3+1/3*E(4), 1/3+1/3*E(4), 1/3+1/3*E(4), 0, 0, 1 ] ], 
  [ [ 1/3, -2/3, -2/3, 0, 0, 0 ], [ -2/3, 1/3, -2/3, 0, 0, 0 ], 
      [ -2/3, -2/3, 1/3, 0, 0, 0 ], [ 2/3, 2/3, 2/3, 1, 0, 0 ], 
      [ 2/3, 2/3, 2/3, 0, 1, 0 ], [ 2/3, 2/3, 2/3, 0, 0, 1 ] ], 
  [ [ 0, 1, 0, 0, 0, 0 ], [ 0, 0, 1, 0, 0, 0 ], [ 1, 0, 0, 0, 0, 0 ], 
      [ 0, 0, 0, 0, 1, 0 ], [ 0, 0, 0, 0, 0, 1 ], [ 0, 0, 0, 1, 0, 0 ] ], 
  [ [ E(3), 0, 0, 0, 0, 0 ], [ 0, E(3), 0, 0, 0, 0 ], [ 0, 0, E(3), 0, 0, 0 ],
      [ 0, 0, 0, E(3), 0, 0 ], [ 0, 0, 0, 0, E(3), 0 ], 
      [ 0, 0, 0, 0, 0, E(3) ] ] ]
   Cubic invariant basis strings: 
[ "x4*x5*x6", "x5*x6^2 + x5^2*x6 + x4*x6^2 + x4*x5^2 + x4^2*x6 + x4^2*x5", 
  "x6^3 + x5^3 + x4^3", 
  "x3*x5*x6 + x3*x4*x6 + (-2)*x3*x4*x5 + x2*x5*x6 + (-2)*x2*x4*x6 + x2*x4*x5 +\
 (-2)*x1*x5*x6 + x1*x4*x6 + x1*x4*x5", 
  "x3*x6^2 + (-1/2)*x3*x5^2 + (-1/2)*x3*x4^2 + (-1/2)*x2*x6^2 + x2*x5^2 + (-1/\
2)*x2*x4^2 + (-1/2)*x1*x6^2 + (-1/2)*x1*x5^2 + x1*x4^2", 
  "x3^2*x5 + x3^2*x4 + (-2)*x2*x3*x4 + x2^2*x6 + x2^2*x4 + (-2)*x1*x3*x5 + (-2\
)*x1*x2*x6 + x1^2*x6 + x1^2*x5", 
  "x3^2*x6 + -x2*x3*x6 + -x2*x3*x5 + x2*x3*x4 + x2^2*x5 + -x1*x3*x6 + x1*x3*x5\
 + -x1*x3*x4 + x1*x2*x6 + -x1*x2*x5 + -x1*x2*x4 + x1^2*x4", 
  "x3^3 + (-3/2)*x2*x3^2 + (-3/2)*x2^2*x3 + x2^3 + (-3/2)*x1*x3^2 + (6)*x1*x2*\
x3 + (-3/2)*x1*x2^2 + (-3/2)*x1^2*x3 + (-3/2)*x1^2*x2 + x1^3" ]
   Cubic invariant basis vectors: 
[ [ 0, 0, 0, 0, 0, 1, 0, 0, 0, 0, 0, 0, 0, 0, 0, 0, 0, 0, 0, 0, 0, 0, 0, 0, 
      0, 0, 0, 0, 0, 0, 0, 0, 0, 0, 0, 0, 0, 0, 0, 0, 0, 0, 0, 0, 0, 0, 0, 0, 
      0, 0, 0, 0, 0, 0, 0, 0 ], 
  [ 0, 1, 1, 0, 1, 0, 1, 1, 1, 0, 0, 0, 0, 0, 0, 0, 0, 0, 0, 0, 0, 0, 0, 0, 
      0, 0, 0, 0, 0, 0, 0, 0, 0, 0, 0, 0, 0, 0, 0, 0, 0, 0, 0, 0, 0, 0, 0, 0, 
      0, 0, 0, 0, 0, 0, 0, 0 ], 
  [ 1, 0, 0, 1, 0, 0, 0, 0, 0, 1, 0, 0, 0, 0, 0, 0, 0, 0, 0, 0, 0, 0, 0, 0, 
      0, 0, 0, 0, 0, 0, 0, 0, 0, 0, 0, 0, 0, 0, 0, 0, 0, 0, 0, 0, 0, 0, 0, 0, 
      0, 0, 0, 0, 0, 0, 0, 0 ], 
  [ 0, 0, 0, 0, 0, 0, 0, 0, 0, 0, 0, 1, 0, 1, -2, 0, 0, 0, 0, 0, 0, 1, 0, -2, 
      1, 0, 0, 0, 0, 0, 0, 0, 0, 0, 0, 0, -2, 0, 1, 1, 0, 0, 0, 0, 0, 0, 0, 
      0, 0, 0, 0, 0, 0, 0, 0, 0 ], 
  [ 0, 0, 0, 0, 0, 0, 0, 0, 0, 0, 1, 0, -1/2, 0, 0, -1/2, 0, 0, 0, 0, -1/2, 
      0, 1, 0, 0, -1/2, 0, 0, 0, 0, 0, 0, 0, 0, 0, -1/2, 0, -1/2, 0, 0, 1, 0, 
      0, 0, 0, 0, 0, 0, 0, 0, 0, 0, 0, 0, 0, 0 ], 
  [ 0, 0, 0, 0, 0, 0, 0, 0, 0, 0, 0, 0, 0, 0, 0, 0, 0, 1, 1, 0, 0, 0, 0, 0, 
      0, 0, 0, 0, -2, 0, 1, 0, 1, 0, 0, 0, 0, 0, 0, 0, 0, 0, -2, 0, 0, -2, 0, 
      0, 0, 0, 1, 1, 0, 0, 0, 0 ], 
  [ 0, 0, 0, 0, 0, 0, 0, 0, 0, 0, 0, 0, 0, 0, 0, 0, 1, 0, 0, 0, 0, 0, 0, 0, 
      0, 0, -1, -1, 1, 0, 0, 1, 0, 0, 0, 0, 0, 0, 0, 0, 0, -1, 1, -1, 0, 1, 
      -1, -1, 0, 0, 0, 0, 1, 0, 0, 0 ], 
  [ 0, 0, 0, 0, 0, 0, 0, 0, 0, 0, 0, 0, 0, 0, 0, 0, 0, 0, 0, 1, 0, 0, 0, 0, 
      0, 0, 0, 0, 0, -3/2, 0, 0, 0, -3/2, 1, 0, 0, 0, 0, 0, 0, 0, 0, 0, -3/2, 
      0, 0, 0, 6, -3/2, 0, 0, 0, -3/2, -3/2, 1 ] ]

113. Candidate
   Symplectic group: S3
   Component: 1; Koike (3.6), generic index 1
   Projective group ID: [ 36, 12 ]
   Strict linear group ID: [ 108, 42 ]
   Generic index: 1
   Generic full linear containment required: false
   Generic full linear containment verified: true
   Direct known case: false
   Source records: [ "S_3_initial_generic_index=1_liftable.docx" ]
   Family number within this input: 1
   Strict cubic invariant dimension: 4
   Centralizer dimension: 4
   Expected moduli dimension: 0
   Determinant image order: 6
   Gonzalez status: passed
   Retained: true
   Gonzalez failure statuses: [  ]
   Matrix generators: 
[ [ [ 0, 1, 0, 0, 0, 0 ], [ 1, 0, 0, 0, 0, 0 ], [ 0, 0, 1, 0, 0, 0 ], 
      [ 0, 0, 0, 0, 1, 0 ], [ 0, 0, 0, 1, 0, 0 ], [ 0, 0, 0, 0, 0, 1 ] ], 
  [ [ 1/3, -2/3, -2/3, 0, 0, 0 ], [ -2/3, 1/3, -2/3, 0, 0, 0 ], 
      [ -2/3, -2/3, 1/3, 0, 0, 0 ], [ -2/3, 4/3, 4/3, -1/3, 2/3, 2/3 ], 
      [ 4/3, -2/3, 4/3, 2/3, -1/3, 2/3 ], [ 4/3, 4/3, -2/3, 2/3, 2/3, -1/3 ] ]
    , 
  [ [ E(3)^2, 0, 0, 0, 0, 0 ], [ 0, E(3)^2, 0, 0, 0, 0 ], 
      [ 0, 0, E(3)^2, 0, 0, 0 ], 
      [ 2/3*E(3)-2/3*E(3)^2, -1/3*E(3)+1/3*E(3)^2, -1/3*E(3)+1/3*E(3)^2, 
          2/3*E(3)+1/3*E(3)^2, -1/3*E(3)+1/3*E(3)^2, -1/3*E(3)+1/3*E(3)^2 ], 
      [ -1/3*E(3)+1/3*E(3)^2, 2/3*E(3)-2/3*E(3)^2, -1/3*E(3)+1/3*E(3)^2, 
          -1/3*E(3)+1/3*E(3)^2, 2/3*E(3)+1/3*E(3)^2, -1/3*E(3)+1/3*E(3)^2 ], 
      [ -1/3*E(3)+1/3*E(3)^2, -1/3*E(3)+1/3*E(3)^2, 2/3*E(3)-2/3*E(3)^2, 
          -1/3*E(3)+1/3*E(3)^2, -1/3*E(3)+1/3*E(3)^2, 2/3*E(3)+1/3*E(3)^2 ] ],
  [ [ 0, 1, 0, 0, 0, 0 ], [ 0, 0, 1, 0, 0, 0 ], [ 1, 0, 0, 0, 0, 0 ], 
      [ 0, 0, 0, 0, 1, 0 ], [ 0, 0, 0, 0, 0, 1 ], [ 0, 0, 0, 1, 0, 0 ] ], 
  [ [ E(3), 0, 0, 0, 0, 0 ], [ 0, E(3), 0, 0, 0, 0 ], [ 0, 0, E(3), 0, 0, 0 ],
      [ 0, 0, 0, E(3), 0, 0 ], [ 0, 0, 0, 0, E(3), 0 ], 
      [ 0, 0, 0, 0, 0, E(3) ] ] ]
   Cubic invariant basis strings: 
[ 
  "x6^3 + (3)*x5*x6^2 + (3)*x5^2*x6 + x5^3 + (3)*x4*x6^2 + (6)*x4*x5*x6 + (3)*x\
4*x5^2 + (3)*x4^2*x6 + (3)*x4^2*x5 + x4^3", 
  "x5*x6^2 + x5^2*x6 + x4*x6^2 + (3)*x4*x5*x6 + x4*x5^2 + x4^2*x6 + x4^2*x5 + \
-x3*x5*x6 + -x3*x5^2 + -x3*x4*x6 + (-2)*x3*x4*x5 + -x3*x4^2 + -x2*x6^2 + -x2*x\
5*x6 + (-2)*x2*x4*x6 + -x2*x4*x5 + -x2*x4^2 + x2*x3*x6 + x2*x3*x5 + x2*x3*x4 +\
 -x1*x6^2 + (-2)*x1*x5*x6 + -x1*x5^2 + -x1*x4*x6 + -x1*x4*x5 + x1*x3*x6 + x1*x\
3*x5 + x1*x3*x4 + x1*x2*x6 + x1*x2*x5 + x1*x2*x4", 
  "(-2)*x5*x6^2 + (-2)*x5^2*x6 + (-2)*x4*x6^2 + (-6)*x4*x5*x6 + (-2)*x4*x5^2 +\
 (-2)*x4^2*x6 + (-2)*x4^2*x5 + (-2)*x3*x6^2 + (-2)*x3*x5*x6 + (-2)*x3*x4*x6 + \
x3^2*x6 + x3^2*x5 + x3^2*x4 + (-2)*x2*x5*x6 + (-2)*x2*x5^2 + (-2)*x2*x4*x5 + x\
2^2*x6 + x2^2*x5 + x2^2*x4 + (-2)*x1*x4*x6 + (-2)*x1*x4*x5 + (-2)*x1*x4^2 + x1\
^2*x6 + x1^2*x5 + x1^2*x4", 
  "(-9/2)*x5*x6^2 + (-9/2)*x5^2*x6 + (-9/2)*x4*x6^2 + (-27)*x4*x5*x6 + (-9/2)*\
x4*x5^2 + (-9/2)*x4^2*x6 + (-9/2)*x4^2*x5 + (-3)*x3*x6^2 + (-6)*x3*x5*x6 + (3/\
2)*x3*x5^2 + (-6)*x3*x4*x6 + (12)*x3*x4*x5 + (3/2)*x3*x4^2 + (9/2)*x3^2*x5 + (\
9/2)*x3^2*x4 + x3^3 + (3/2)*x2*x6^2 + (-6)*x2*x5*x6 + (-3)*x2*x5^2 + (12)*x2*x\
4*x6 + (-6)*x2*x4*x5 + (3/2)*x2*x4^2 + (-9)*x2*x3*x4 + (-3/2)*x2*x3^2 + (9/2)*\
x2^2*x6 + (9/2)*x2^2*x4 + (-3/2)*x2^2*x3 + x2^3 + (3/2)*x1*x6^2 + (12)*x1*x5*x\
6 + (3/2)*x1*x5^2 + (-6)*x1*x4*x6 + (-6)*x1*x4*x5 + (-3)*x1*x4^2 + (-9)*x1*x3*\
x5 + (-3/2)*x1*x3^2 + (-9)*x1*x2*x6 + (6)*x1*x2*x3 + (-3/2)*x1*x2^2 + (9/2)*x1\
^2*x6 + (9/2)*x1^2*x5 + (-3/2)*x1^2*x3 + (-3/2)*x1^2*x2 + x1^3" ]
   Cubic invariant basis vectors: 
[ [ 1, 3, 3, 1, 3, 6, 3, 3, 3, 1, 0, 0, 0, 0, 0, 0, 0, 0, 0, 0, 0, 0, 0, 0, 
      0, 0, 0, 0, 0, 0, 0, 0, 0, 0, 0, 0, 0, 0, 0, 0, 0, 0, 0, 0, 0, 0, 0, 0, 
      0, 0, 0, 0, 0, 0, 0, 0 ], 
  [ 0, 1, 1, 0, 1, 3, 1, 1, 1, 0, 0, -1, -1, -1, -2, -1, 0, 0, 0, 0, -1, -1, 
      0, -2, -1, -1, 1, 1, 1, 0, 0, 0, 0, 0, 0, -1, -2, -1, -1, -1, 0, 1, 1, 
      1, 0, 1, 1, 1, 0, 0, 0, 0, 0, 0, 0, 0 ], 
  [ 0, -2, -2, 0, -2, -6, -2, -2, -2, 0, -2, -2, 0, -2, 0, 0, 1, 1, 1, 0, 0, 
      -2, -2, 0, -2, 0, 0, 0, 0, 0, 1, 1, 1, 0, 0, 0, 0, 0, -2, -2, -2, 0, 0, 
      0, 0, 0, 0, 0, 0, 0, 1, 1, 1, 0, 0, 0 ], 
  [ 0, -9/2, -9/2, 0, -9/2, -27, -9/2, -9/2, -9/2, 0, -3, -6, 3/2, -6, 12, 
      3/2, 0, 9/2, 9/2, 1, 3/2, -6, -3, 12, -6, 3/2, 0, 0, -9, -3/2, 9/2, 0, 
      9/2, -3/2, 1, 3/2, 12, 3/2, -6, -6, -3, 0, -9, 0, -3/2, -9, 0, 0, 6, 
      -3/2, 9/2, 9/2, 0, -3/2, -3/2, 1 ] ]

114. Candidate
   Symplectic group: S3
   Component: 1; Koike (3.6), generic index 1
   Projective group ID: [ 36, 12 ]
   Strict linear group ID: [ 108, 42 ]
   Generic index: 1
   Generic full linear containment required: false
   Generic full linear containment verified: true
   Direct known case: false
   Source records: [ "S_3_initial_generic_index=1_liftable.docx" ]
   Family number within this input: 2
   Strict cubic invariant dimension: 4
   Centralizer dimension: 4
   Expected moduli dimension: 0
   Determinant image order: 6
   Gonzalez status: passed
   Retained: true
   Gonzalez failure statuses: [  ]
   Matrix generators: 
[ [ [ 0, 1, 0, 0, 0, 0 ], [ 1, 0, 0, 0, 0, 0 ], [ 0, 0, 1, 0, 0, 0 ], 
      [ 0, 0, 0, 0, 1, 0 ], [ 0, 0, 0, 1, 0, 0 ], [ 0, 0, 0, 0, 0, 1 ] ], 
  [ [ -1, 0, 0, 0, 0, 0 ], [ 0, -1, 0, 0, 0, 0 ], [ 0, 0, -1, 0, 0, 0 ], 
      [ 2, 0, 0, 1, 0, 0 ], [ 0, 2, 0, 0, 1, 0 ], [ 0, 0, 2, 0, 0, 1 ] ], 
  [ [ E(3)^2, 0, 0, 0, 0, 0 ], [ 0, E(3)^2, 0, 0, 0, 0 ], 
      [ 0, 0, E(3)^2, 0, 0, 0 ], 
      [ 2/3*E(3)-2/3*E(3)^2, -1/3*E(3)+1/3*E(3)^2, -1/3*E(3)+1/3*E(3)^2, 
          2/3*E(3)+1/3*E(3)^2, -1/3*E(3)+1/3*E(3)^2, -1/3*E(3)+1/3*E(3)^2 ], 
      [ -1/3*E(3)+1/3*E(3)^2, 2/3*E(3)-2/3*E(3)^2, -1/3*E(3)+1/3*E(3)^2, 
          -1/3*E(3)+1/3*E(3)^2, 2/3*E(3)+1/3*E(3)^2, -1/3*E(3)+1/3*E(3)^2 ], 
      [ -1/3*E(3)+1/3*E(3)^2, -1/3*E(3)+1/3*E(3)^2, 2/3*E(3)-2/3*E(3)^2, 
          -1/3*E(3)+1/3*E(3)^2, -1/3*E(3)+1/3*E(3)^2, 2/3*E(3)+1/3*E(3)^2 ] ],
  [ [ 0, 1, 0, 0, 0, 0 ], [ 0, 0, 1, 0, 0, 0 ], [ 1, 0, 0, 0, 0, 0 ], 
      [ 0, 0, 0, 0, 1, 0 ], [ 0, 0, 0, 0, 0, 1 ], [ 0, 0, 0, 1, 0, 0 ] ], 
  [ [ E(3), 0, 0, 0, 0, 0 ], [ 0, E(3), 0, 0, 0, 0 ], [ 0, 0, E(3), 0, 0, 0 ],
      [ 0, 0, 0, E(3), 0, 0 ], [ 0, 0, 0, 0, E(3), 0 ], 
      [ 0, 0, 0, 0, 0, E(3) ] ] ]
   Cubic invariant basis strings: 
[ "x5*x6^2 + x5^2*x6 + x4*x6^2 + x4*x5^2 + x4^2*x6 + x4^2*x5", 
  "x6^3 + x5^3 + (6)*x4*x5*x6 + x4^3", 
  "(3)*x4*x5*x6 + -x3*x5*x6 + -x3*x5^2 + -x3*x4*x6 + (-2)*x3*x4*x5 + -x3*x4^2 \
+ -x2*x6^2 + -x2*x5*x6 + (-2)*x2*x4*x6 + -x2*x4*x5 + -x2*x4^2 + x2*x3*x6 + x2*\
x3*x5 + x2*x3*x4 + -x1*x6^2 + (-2)*x1*x5*x6 + -x1*x5^2 + -x1*x4*x6 + -x1*x4*x5\
 + x1*x3*x6 + x1*x3*x5 + x1*x3*x4 + x1*x2*x6 + x1*x2*x5 + x1*x2*x4", 
  "(-6)*x4*x5*x6 + (-2)*x3*x6^2 + (-2)*x3*x5*x6 + (-2)*x3*x4*x6 + x3^2*x6 + x3\
^2*x5 + x3^2*x4 + (-2)*x2*x5*x6 + (-2)*x2*x5^2 + (-2)*x2*x4*x5 + x2^2*x6 + x2^\
2*x5 + x2^2*x4 + (-2)*x1*x4*x6 + (-2)*x1*x4*x5 + (-2)*x1*x4^2 + x1^2*x6 + x1^2\
*x5 + x1^2*x4" ]
   Cubic invariant basis vectors: 
[ [ 0, 1, 1, 0, 1, 0, 1, 1, 1, 0, 0, 0, 0, 0, 0, 0, 0, 0, 0, 0, 0, 0, 0, 0, 
      0, 0, 0, 0, 0, 0, 0, 0, 0, 0, 0, 0, 0, 0, 0, 0, 0, 0, 0, 0, 0, 0, 0, 0, 
      0, 0, 0, 0, 0, 0, 0, 0 ], 
  [ 1, 0, 0, 1, 0, 6, 0, 0, 0, 1, 0, 0, 0, 0, 0, 0, 0, 0, 0, 0, 0, 0, 0, 0, 
      0, 0, 0, 0, 0, 0, 0, 0, 0, 0, 0, 0, 0, 0, 0, 0, 0, 0, 0, 0, 0, 0, 0, 0, 
      0, 0, 0, 0, 0, 0, 0, 0 ], 
  [ 0, 0, 0, 0, 0, 3, 0, 0, 0, 0, 0, -1, -1, -1, -2, -1, 0, 0, 0, 0, -1, -1, 
      0, -2, -1, -1, 1, 1, 1, 0, 0, 0, 0, 0, 0, -1, -2, -1, -1, -1, 0, 1, 1, 
      1, 0, 1, 1, 1, 0, 0, 0, 0, 0, 0, 0, 0 ], 
  [ 0, 0, 0, 0, 0, -6, 0, 0, 0, 0, -2, -2, 0, -2, 0, 0, 1, 1, 1, 0, 0, -2, 
      -2, 0, -2, 0, 0, 0, 0, 0, 1, 1, 1, 0, 0, 0, 0, 0, -2, -2, -2, 0, 0, 0, 
      0, 0, 0, 0, 0, 0, 1, 1, 1, 0, 0, 0 ] ]

115. Candidate
   Symplectic group: S3
   Component: 1; Koike (3.6), generic index 1
   Projective group ID: [ 36, 12 ]
   Strict linear group ID: [ 108, 42 ]
   Generic index: 1
   Generic full linear containment required: false
   Generic full linear containment verified: true
   Direct known case: false
   Source records: [ "S_3_initial_generic_index=1_liftable.docx" ]
   Family number within this input: 3
   Strict cubic invariant dimension: 5
   Centralizer dimension: 4
   Expected moduli dimension: 1
   Determinant image order: 6
   Gonzalez status: passed
   Retained: true
   Gonzalez failure statuses: [  ]
   Matrix generators: 
[ [ [ 0, 1, 0, 0, 0, 0 ], [ 1, 0, 0, 0, 0, 0 ], [ 0, 0, 1, 0, 0, 0 ], 
      [ 0, 0, 0, 0, 1, 0 ], [ 0, 0, 0, 1, 0, 0 ], [ 0, 0, 0, 0, 0, 1 ] ], 
  [ [ 1/3, -2/3, -2/3, 0, 0, 0 ], [ -2/3, 1/3, -2/3, 0, 0, 0 ], 
      [ -2/3, -2/3, 1/3, 0, 0, 0 ], [ 2/3, 2/3, 2/3, 1, 0, 0 ], 
      [ 2/3, 2/3, 2/3, 0, 1, 0 ], [ 2/3, 2/3, 2/3, 0, 0, 1 ] ], 
  [ [ E(3)^2, 0, 0, 0, 0, 0 ], [ 0, E(3)^2, 0, 0, 0, 0 ], 
      [ 0, 0, E(3)^2, 0, 0, 0 ], 
      [ 2/3*E(3)-2/3*E(3)^2, -1/3*E(3)+1/3*E(3)^2, -1/3*E(3)+1/3*E(3)^2, 
          2/3*E(3)+1/3*E(3)^2, -1/3*E(3)+1/3*E(3)^2, -1/3*E(3)+1/3*E(3)^2 ], 
      [ -1/3*E(3)+1/3*E(3)^2, 2/3*E(3)-2/3*E(3)^2, -1/3*E(3)+1/3*E(3)^2, 
          -1/3*E(3)+1/3*E(3)^2, 2/3*E(3)+1/3*E(3)^2, -1/3*E(3)+1/3*E(3)^2 ], 
      [ -1/3*E(3)+1/3*E(3)^2, -1/3*E(3)+1/3*E(3)^2, 2/3*E(3)-2/3*E(3)^2, 
          -1/3*E(3)+1/3*E(3)^2, -1/3*E(3)+1/3*E(3)^2, 2/3*E(3)+1/3*E(3)^2 ] ],
  [ [ 0, 1, 0, 0, 0, 0 ], [ 0, 0, 1, 0, 0, 0 ], [ 1, 0, 0, 0, 0, 0 ], 
      [ 0, 0, 0, 0, 1, 0 ], [ 0, 0, 0, 0, 0, 1 ], [ 0, 0, 0, 1, 0, 0 ] ], 
  [ [ E(3), 0, 0, 0, 0, 0 ], [ 0, E(3), 0, 0, 0, 0 ], [ 0, 0, E(3), 0, 0, 0 ],
      [ 0, 0, 0, E(3), 0, 0 ], [ 0, 0, 0, 0, E(3), 0 ], 
      [ 0, 0, 0, 0, 0, E(3) ] ] ]
   Cubic invariant basis strings: 
[ "x5*x6^2 + x5^2*x6 + x4*x6^2 + x4*x5^2 + x4^2*x6 + x4^2*x5", 
  "x6^3 + x5^3 + (6)*x4*x5*x6 + x4^3", 
  "(3)*x4*x5*x6 + -x3*x5*x6 + -x3*x5^2 + -x3*x4*x6 + (-2)*x3*x4*x5 + -x3*x4^2 \
+ -x2*x6^2 + -x2*x5*x6 + (-2)*x2*x4*x6 + -x2*x4*x5 + -x2*x4^2 + x2*x3*x6 + x2*\
x3*x5 + x2*x3*x4 + -x1*x6^2 + (-2)*x1*x5*x6 + -x1*x5^2 + -x1*x4*x6 + -x1*x4*x5\
 + x1*x3*x6 + x1*x3*x5 + x1*x3*x4 + x1*x2*x6 + x1*x2*x5 + x1*x2*x4", 
  "(-6)*x4*x5*x6 + (-2)*x3*x6^2 + (-2)*x3*x5*x6 + (-2)*x3*x4*x6 + x3^2*x6 + x3\
^2*x5 + x3^2*x4 + (-2)*x2*x5*x6 + (-2)*x2*x5^2 + (-2)*x2*x4*x5 + x2^2*x6 + x2^\
2*x5 + x2^2*x4 + (-2)*x1*x4*x6 + (-2)*x1*x4*x5 + (-2)*x1*x4^2 + x1^2*x6 + x1^2\
*x5 + x1^2*x4", 
  "(-27)*x4*x5*x6 + (-3)*x3*x6^2 + (-6)*x3*x5*x6 + (3/2)*x3*x5^2 + (-6)*x3*x4*\
x6 + (12)*x3*x4*x5 + (3/2)*x3*x4^2 + (9/2)*x3^2*x5 + (9/2)*x3^2*x4 + x3^3 + (3\
/2)*x2*x6^2 + (-6)*x2*x5*x6 + (-3)*x2*x5^2 + (12)*x2*x4*x6 + (-6)*x2*x4*x5 + (\
3/2)*x2*x4^2 + (-9)*x2*x3*x4 + (-3/2)*x2*x3^2 + (9/2)*x2^2*x6 + (9/2)*x2^2*x4 \
+ (-3/2)*x2^2*x3 + x2^3 + (3/2)*x1*x6^2 + (12)*x1*x5*x6 + (3/2)*x1*x5^2 + (-6)\
*x1*x4*x6 + (-6)*x1*x4*x5 + (-3)*x1*x4^2 + (-9)*x1*x3*x5 + (-3/2)*x1*x3^2 + (-\
9)*x1*x2*x6 + (6)*x1*x2*x3 + (-3/2)*x1*x2^2 + (9/2)*x1^2*x6 + (9/2)*x1^2*x5 + \
(-3/2)*x1^2*x3 + (-3/2)*x1^2*x2 + x1^3" ]
   Cubic invariant basis vectors: 
[ [ 0, 1, 1, 0, 1, 0, 1, 1, 1, 0, 0, 0, 0, 0, 0, 0, 0, 0, 0, 0, 0, 0, 0, 0, 
      0, 0, 0, 0, 0, 0, 0, 0, 0, 0, 0, 0, 0, 0, 0, 0, 0, 0, 0, 0, 0, 0, 0, 0, 
      0, 0, 0, 0, 0, 0, 0, 0 ], 
  [ 1, 0, 0, 1, 0, 6, 0, 0, 0, 1, 0, 0, 0, 0, 0, 0, 0, 0, 0, 0, 0, 0, 0, 0, 
      0, 0, 0, 0, 0, 0, 0, 0, 0, 0, 0, 0, 0, 0, 0, 0, 0, 0, 0, 0, 0, 0, 0, 0, 
      0, 0, 0, 0, 0, 0, 0, 0 ], 
  [ 0, 0, 0, 0, 0, 3, 0, 0, 0, 0, 0, -1, -1, -1, -2, -1, 0, 0, 0, 0, -1, -1, 
      0, -2, -1, -1, 1, 1, 1, 0, 0, 0, 0, 0, 0, -1, -2, -1, -1, -1, 0, 1, 1, 
      1, 0, 1, 1, 1, 0, 0, 0, 0, 0, 0, 0, 0 ], 
  [ 0, 0, 0, 0, 0, -6, 0, 0, 0, 0, -2, -2, 0, -2, 0, 0, 1, 1, 1, 0, 0, -2, 
      -2, 0, -2, 0, 0, 0, 0, 0, 1, 1, 1, 0, 0, 0, 0, 0, -2, -2, -2, 0, 0, 0, 
      0, 0, 0, 0, 0, 0, 1, 1, 1, 0, 0, 0 ], 
  [ 0, 0, 0, 0, 0, -27, 0, 0, 0, 0, -3, -6, 3/2, -6, 12, 3/2, 0, 9/2, 9/2, 1, 
      3/2, -6, -3, 12, -6, 3/2, 0, 0, -9, -3/2, 9/2, 0, 9/2, -3/2, 1, 3/2, 
      12, 3/2, -6, -6, -3, 0, -9, 0, -3/2, -9, 0, 0, 6, -3/2, 9/2, 9/2, 0, 
      -3/2, -3/2, 1 ] ]

116. Candidate
   Symplectic group: S3
   Component: 1; Koike (3.6), generic index 1
   Projective group ID: [ 36, 12 ]
   Strict linear group ID: [ 108, 42 ]
   Generic index: 1
   Generic full linear containment required: false
   Generic full linear containment verified: true
   Direct known case: false
   Source records: [ "S_3_initial_generic_index=1_liftable.docx" ]
   Family number within this input: 4
   Strict cubic invariant dimension: 4
   Centralizer dimension: 4
   Expected moduli dimension: 0
   Determinant image order: 6
   Gonzalez status: passed
   Retained: true
   Gonzalez failure statuses: [  ]
   Matrix generators: 
[ [ [ 0, 1, 0, 0, 0, 0 ], [ 1, 0, 0, 0, 0, 0 ], [ 0, 0, 1, 0, 0, 0 ], 
      [ 0, 0, 0, 0, 1, 0 ], [ 0, 0, 0, 1, 0, 0 ], [ 0, 0, 0, 0, 0, 1 ] ], 
  [ [ -1, 0, 0, 0, 0, 0 ], [ 0, -1, 0, 0, 0, 0 ], [ 0, 0, -1, 0, 0, 0 ], 
      [ 2, 0, 0, 1, 0, 0 ], [ 0, 2, 0, 0, 1, 0 ], [ 0, 0, 2, 0, 0, 1 ] ], 
  [ [ 2/3*E(3)+1/3*E(3)^2, -1/3*E(3)+1/3*E(3)^2, -1/3*E(3)+1/3*E(3)^2, 0, 0, 
          0 ], 
      [ -1/3*E(3)+1/3*E(3)^2, 2/3*E(3)+1/3*E(3)^2, -1/3*E(3)+1/3*E(3)^2, 0, 
          0, 0 ], 
      [ -1/3*E(3)+1/3*E(3)^2, -1/3*E(3)+1/3*E(3)^2, 2/3*E(3)+1/3*E(3)^2, 0, 
          0, 0 ], 
      [ 0, 0, 0, 2/3*E(3)+1/3*E(3)^2, -1/3*E(3)+1/3*E(3)^2, 
          -1/3*E(3)+1/3*E(3)^2 ], 
      [ 0, 0, 0, -1/3*E(3)+1/3*E(3)^2, 2/3*E(3)+1/3*E(3)^2, 
          -1/3*E(3)+1/3*E(3)^2 ], 
      [ 0, 0, 0, -1/3*E(3)+1/3*E(3)^2, -1/3*E(3)+1/3*E(3)^2, 
          2/3*E(3)+1/3*E(3)^2 ] ], 
  [ [ 0, 1, 0, 0, 0, 0 ], [ 0, 0, 1, 0, 0, 0 ], [ 1, 0, 0, 0, 0, 0 ], 
      [ 0, 0, 0, 0, 1, 0 ], [ 0, 0, 0, 0, 0, 1 ], [ 0, 0, 0, 1, 0, 0 ] ], 
  [ [ E(3), 0, 0, 0, 0, 0 ], [ 0, E(3), 0, 0, 0, 0 ], [ 0, 0, E(3), 0, 0, 0 ],
      [ 0, 0, 0, E(3), 0, 0 ], [ 0, 0, 0, 0, E(3), 0 ], 
      [ 0, 0, 0, 0, 0, E(3) ] ] ]
   Cubic invariant basis strings: 
[ "x5*x6^2 + x5^2*x6 + x4*x6^2 + x4*x5^2 + x4^2*x6 + x4^2*x5", 
  "x6^3 + x5^3 + (6)*x4*x5*x6 + x4^3", 
  "(-4)*x3*x5*x6 + (-2)*x3*x5^2 + (-4)*x3*x4*x6 + (-2)*x3*x4^2 + x3^2*x5 + x3^\
2*x4 + (-2)*x2*x6^2 + (-4)*x2*x5*x6 + (-4)*x2*x4*x5 + (-2)*x2*x4^2 + (2)*x2*x3\
*x6 + (2)*x2*x3*x5 + x2^2*x6 + x2^2*x4 + (-2)*x1*x6^2 + (-2)*x1*x5^2 + (-4)*x1\
*x4*x6 + (-4)*x1*x4*x5 + (2)*x1*x3*x6 + (2)*x1*x3*x4 + (2)*x1*x2*x5 + (2)*x1*x\
2*x4 + x1^2*x6 + x1^2*x5", 
  "(-2)*x3*x6^2 + (-4)*x3*x4*x5 + x3^2*x6 + (-2)*x2*x5^2 + (-4)*x2*x4*x6 + (2)\
*x2*x3*x4 + x2^2*x5 + (-4)*x1*x5*x6 + (-2)*x1*x4^2 + (2)*x1*x3*x5 + (2)*x1*x2*\
x6 + x1^2*x4" ]
   Cubic invariant basis vectors: 
[ [ 0, 1, 1, 0, 1, 0, 1, 1, 1, 0, 0, 0, 0, 0, 0, 0, 0, 0, 0, 0, 0, 0, 0, 0, 
      0, 0, 0, 0, 0, 0, 0, 0, 0, 0, 0, 0, 0, 0, 0, 0, 0, 0, 0, 0, 0, 0, 0, 0, 
      0, 0, 0, 0, 0, 0, 0, 0 ], 
  [ 1, 0, 0, 1, 0, 6, 0, 0, 0, 1, 0, 0, 0, 0, 0, 0, 0, 0, 0, 0, 0, 0, 0, 0, 
      0, 0, 0, 0, 0, 0, 0, 0, 0, 0, 0, 0, 0, 0, 0, 0, 0, 0, 0, 0, 0, 0, 0, 0, 
      0, 0, 0, 0, 0, 0, 0, 0 ], 
  [ 0, 0, 0, 0, 0, 0, 0, 0, 0, 0, 0, -4, -2, -4, 0, -2, 0, 1, 1, 0, -2, -4, 
      0, 0, -4, -2, 2, 2, 0, 0, 1, 0, 1, 0, 0, -2, 0, -2, -4, -4, 0, 2, 0, 2, 
      0, 0, 2, 2, 0, 0, 1, 1, 0, 0, 0, 0 ], 
  [ 0, 0, 0, 0, 0, 0, 0, 0, 0, 0, -2, 0, 0, 0, -4, 0, 1, 0, 0, 0, 0, 0, -2, 
      -4, 0, 0, 0, 0, 2, 0, 0, 1, 0, 0, 0, 0, -4, 0, 0, 0, -2, 0, 2, 0, 0, 2, 
      0, 0, 0, 0, 0, 0, 1, 0, 0, 0 ] ]

117. Candidate
   Symplectic group: S3
   Component: 1; Koike (3.6), generic index 1
   Projective group ID: [ 36, 12 ]
   Strict linear group ID: [ 108, 42 ]
   Generic index: 1
   Generic full linear containment required: false
   Generic full linear containment verified: true
   Direct known case: false
   Source records: [ "S_3_initial_generic_index=1_liftable.docx" ]
   Family number within this input: 5
   Strict cubic invariant dimension: 6
   Centralizer dimension: 6
   Expected moduli dimension: 0
   Determinant image order: 6
   Gonzalez status: passed
   Retained: true
   Gonzalez failure statuses: [  ]
   Matrix generators: 
[ [ [ 0, 1, 0, 0, 0, 0 ], [ 1, 0, 0, 0, 0, 0 ], [ 0, 0, 1, 0, 0, 0 ], 
      [ 0, 0, 0, 0, 1, 0 ], [ 0, 0, 0, 1, 0, 0 ], [ 0, 0, 0, 0, 0, 1 ] ], 
  [ [ 1/3, -2/3, -2/3, 0, 0, 0 ], [ -2/3, 1/3, -2/3, 0, 0, 0 ], 
      [ -2/3, -2/3, 1/3, 0, 0, 0 ], [ 2/3, 2/3, 2/3, 1, 0, 0 ], 
      [ 2/3, 2/3, 2/3, 0, 1, 0 ], [ 2/3, 2/3, 2/3, 0, 0, 1 ] ], 
  [ [ 2/3*E(3)+1/3*E(3)^2, -1/3*E(3)+1/3*E(3)^2, -1/3*E(3)+1/3*E(3)^2, 0, 0, 
          0 ], 
      [ -1/3*E(3)+1/3*E(3)^2, 2/3*E(3)+1/3*E(3)^2, -1/3*E(3)+1/3*E(3)^2, 0, 
          0, 0 ], 
      [ -1/3*E(3)+1/3*E(3)^2, -1/3*E(3)+1/3*E(3)^2, 2/3*E(3)+1/3*E(3)^2, 0, 
          0, 0 ], 
      [ 0, 0, 0, 2/3*E(3)+1/3*E(3)^2, -1/3*E(3)+1/3*E(3)^2, 
          -1/3*E(3)+1/3*E(3)^2 ], 
      [ 0, 0, 0, -1/3*E(3)+1/3*E(3)^2, 2/3*E(3)+1/3*E(3)^2, 
          -1/3*E(3)+1/3*E(3)^2 ], 
      [ 0, 0, 0, -1/3*E(3)+1/3*E(3)^2, -1/3*E(3)+1/3*E(3)^2, 
          2/3*E(3)+1/3*E(3)^2 ] ], 
  [ [ 0, 1, 0, 0, 0, 0 ], [ 0, 0, 1, 0, 0, 0 ], [ 1, 0, 0, 0, 0, 0 ], 
      [ 0, 0, 0, 0, 1, 0 ], [ 0, 0, 0, 0, 0, 1 ], [ 0, 0, 0, 1, 0, 0 ] ], 
  [ [ E(3), 0, 0, 0, 0, 0 ], [ 0, E(3), 0, 0, 0, 0 ], [ 0, 0, E(3), 0, 0, 0 ],
      [ 0, 0, 0, E(3), 0, 0 ], [ 0, 0, 0, 0, E(3), 0 ], 
      [ 0, 0, 0, 0, 0, E(3) ] ] ]
   Cubic invariant basis strings: 
[ "x5*x6^2 + x5^2*x6 + x4*x6^2 + x4*x5^2 + x4^2*x6 + x4^2*x5", 
  "x6^3 + x5^3 + (6)*x4*x5*x6 + x4^3", 
  "x3*x6^2 + -x3*x5*x6 + (-1/2)*x3*x5^2 + -x3*x4*x6 + (2)*x3*x4*x5 + (-1/2)*x3\
*x4^2 + (-1/2)*x2*x6^2 + -x2*x5*x6 + x2*x5^2 + (2)*x2*x4*x6 + -x2*x4*x5 + (-1/\
2)*x2*x4^2 + (-1/2)*x1*x6^2 + (2)*x1*x5*x6 + (-1/2)*x1*x5^2 + -x1*x4*x6 + -x1*\
x4*x5 + x1*x4^2", 
  "(-4)*x3*x5*x6 + (-2)*x3*x5^2 + (-4)*x3*x4*x6 + (-2)*x3*x4^2 + x3^2*x5 + x3^\
2*x4 + (-2)*x2*x6^2 + (-4)*x2*x5*x6 + (-4)*x2*x4*x5 + (-2)*x2*x4^2 + (2)*x2*x3\
*x6 + (2)*x2*x3*x5 + x2^2*x6 + x2^2*x4 + (-2)*x1*x6^2 + (-2)*x1*x5^2 + (-4)*x1\
*x4*x6 + (-4)*x1*x4*x5 + (2)*x1*x3*x6 + (2)*x1*x3*x4 + (2)*x1*x2*x5 + (2)*x1*x\
2*x4 + x1^2*x6 + x1^2*x5", 
  "(-2)*x3*x5*x6 + -x3*x5^2 + (-2)*x3*x4*x6 + -x3*x4^2 + x3^2*x6 + -x2*x6^2 + \
(-2)*x2*x5*x6 + (-2)*x2*x4*x5 + -x2*x4^2 + (2)*x2*x3*x4 + x2^2*x5 + -x1*x6^2 +\
 -x1*x5^2 + (-2)*x1*x4*x6 + (-2)*x1*x4*x5 + (2)*x1*x3*x5 + (2)*x1*x2*x6 + x1^2\
*x4", 
  "x3^3 + (-3/2)*x2*x3^2 + (-3/2)*x2^2*x3 + x2^3 + (-3/2)*x1*x3^2 + (6)*x1*x2*\
x3 + (-3/2)*x1*x2^2 + (-3/2)*x1^2*x3 + (-3/2)*x1^2*x2 + x1^3" ]
   Cubic invariant basis vectors: 
[ [ 0, 1, 1, 0, 1, 0, 1, 1, 1, 0, 0, 0, 0, 0, 0, 0, 0, 0, 0, 0, 0, 0, 0, 0, 
      0, 0, 0, 0, 0, 0, 0, 0, 0, 0, 0, 0, 0, 0, 0, 0, 0, 0, 0, 0, 0, 0, 0, 0, 
      0, 0, 0, 0, 0, 0, 0, 0 ], 
  [ 1, 0, 0, 1, 0, 6, 0, 0, 0, 1, 0, 0, 0, 0, 0, 0, 0, 0, 0, 0, 0, 0, 0, 0, 
      0, 0, 0, 0, 0, 0, 0, 0, 0, 0, 0, 0, 0, 0, 0, 0, 0, 0, 0, 0, 0, 0, 0, 0, 
      0, 0, 0, 0, 0, 0, 0, 0 ], 
  [ 0, 0, 0, 0, 0, 0, 0, 0, 0, 0, 1, -1, -1/2, -1, 2, -1/2, 0, 0, 0, 0, -1/2, 
      -1, 1, 2, -1, -1/2, 0, 0, 0, 0, 0, 0, 0, 0, 0, -1/2, 2, -1/2, -1, -1, 
      1, 0, 0, 0, 0, 0, 0, 0, 0, 0, 0, 0, 0, 0, 0, 0 ], 
  [ 0, 0, 0, 0, 0, 0, 0, 0, 0, 0, 0, -4, -2, -4, 0, -2, 0, 1, 1, 0, -2, -4, 
      0, 0, -4, -2, 2, 2, 0, 0, 1, 0, 1, 0, 0, -2, 0, -2, -4, -4, 0, 2, 0, 2, 
      0, 0, 2, 2, 0, 0, 1, 1, 0, 0, 0, 0 ], 
  [ 0, 0, 0, 0, 0, 0, 0, 0, 0, 0, 0, -2, -1, -2, 0, -1, 1, 0, 0, 0, -1, -2, 
      0, 0, -2, -1, 0, 0, 2, 0, 0, 1, 0, 0, 0, -1, 0, -1, -2, -2, 0, 0, 2, 0, 
      0, 2, 0, 0, 0, 0, 0, 0, 1, 0, 0, 0 ], 
  [ 0, 0, 0, 0, 0, 0, 0, 0, 0, 0, 0, 0, 0, 0, 0, 0, 0, 0, 0, 1, 0, 0, 0, 0, 
      0, 0, 0, 0, 0, -3/2, 0, 0, 0, -3/2, 1, 0, 0, 0, 0, 0, 0, 0, 0, 0, -3/2, 
      0, 0, 0, 6, -3/2, 0, 0, 0, -3/2, -3/2, 1 ] ]

118. Candidate
   Symplectic group: S3
   Component: 1; Koike (3.6), generic index 1
   Projective group ID: [ 36, 12 ]
   Strict linear group ID: [ 108, 42 ]
   Generic index: 1
   Generic full linear containment required: false
   Generic full linear containment verified: true
   Direct known case: false
   Source records: [ "S_3_initial_generic_index=1_liftable.docx" ]
   Family number within this input: 6
   Strict cubic invariant dimension: 5
   Centralizer dimension: 4
   Expected moduli dimension: 1
   Determinant image order: 6
   Gonzalez status: passed
   Retained: true
   Gonzalez failure statuses: [  ]
   Matrix generators: 
[ [ [ 0, 1, 0, 0, 0, 0 ], [ 1, 0, 0, 0, 0, 0 ], [ 0, 0, 1, 0, 0, 0 ], 
      [ 0, 0, 0, 0, 1, 0 ], [ 0, 0, 0, 1, 0, 0 ], [ 0, 0, 0, 0, 0, 1 ] ], 
  [ [ -1/3, 2/3, 2/3, 0, 0, 0 ], [ 2/3, -1/3, 2/3, 0, 0, 0 ], 
      [ 2/3, 2/3, -1/3, 0, 0, 0 ], [ 2/3, -4/3, -4/3, 1/3, -2/3, -2/3 ], 
      [ -4/3, 2/3, -4/3, -2/3, 1/3, -2/3 ], 
      [ -4/3, -4/3, 2/3, -2/3, -2/3, 1/3 ] ], 
  [ [ E(3)^2, 0, 0, 0, 0, 0 ], [ 0, E(3)^2, 0, 0, 0, 0 ], 
      [ 0, 0, E(3)^2, 0, 0, 0 ], 
      [ 1/3*E(3)-1/3*E(3)^2, 1/3*E(3)-1/3*E(3)^2, 1/3*E(3)-1/3*E(3)^2, 
          1/3*E(3)+2/3*E(3)^2, 1/3*E(3)-1/3*E(3)^2, 1/3*E(3)-1/3*E(3)^2 ], 
      [ 1/3*E(3)-1/3*E(3)^2, 1/3*E(3)-1/3*E(3)^2, 1/3*E(3)-1/3*E(3)^2, 
          1/3*E(3)-1/3*E(3)^2, 1/3*E(3)+2/3*E(3)^2, 1/3*E(3)-1/3*E(3)^2 ], 
      [ 1/3*E(3)-1/3*E(3)^2, 1/3*E(3)-1/3*E(3)^2, 1/3*E(3)-1/3*E(3)^2, 
          1/3*E(3)-1/3*E(3)^2, 1/3*E(3)-1/3*E(3)^2, 1/3*E(3)+2/3*E(3)^2 ] ], 
  [ [ 0, 1, 0, 0, 0, 0 ], [ 0, 0, 1, 0, 0, 0 ], [ 1, 0, 0, 0, 0, 0 ], 
      [ 0, 0, 0, 0, 1, 0 ], [ 0, 0, 0, 0, 0, 1 ], [ 0, 0, 0, 1, 0, 0 ] ], 
  [ [ E(3), 0, 0, 0, 0, 0 ], [ 0, E(3), 0, 0, 0, 0 ], [ 0, 0, E(3), 0, 0, 0 ],
      [ 0, 0, 0, E(3), 0, 0 ], [ 0, 0, 0, 0, E(3), 0 ], 
      [ 0, 0, 0, 0, 0, E(3) ] ] ]
   Cubic invariant basis strings: 
[ 
  "x6^3 + (-3/2)*x5*x6^2 + (-3/2)*x5^2*x6 + x5^3 + (-3/2)*x4*x6^2 + (6)*x4*x5*x\
6 + (-3/2)*x4*x5^2 + (-3/2)*x4^2*x6 + (-3/2)*x4^2*x5 + x4^3", 
  "(-3/2)*x5*x6^2 + (-3/2)*x5^2*x6 + (-3/2)*x4*x6^2 + (9)*x4*x5*x6 + (-3/2)*x4\
*x5^2 + (-3/2)*x4^2*x6 + (-3/2)*x4^2*x5 + x3*x6^2 + -x3*x5*x6 + x3*x5^2 + -x3*\
x4*x6 + -x3*x4*x5 + x3*x4^2 + x2*x6^2 + -x2*x5*x6 + x2*x5^2 + -x2*x4*x6 + -x2*\
x4*x5 + x2*x4^2 + x1*x6^2 + -x1*x5*x6 + x1*x5^2 + -x1*x4*x6 + -x1*x4*x5 + x1*x\
4^2", 
  "(-3)*x5*x6^2 + (-3)*x5^2*x6 + (-3)*x4*x6^2 + (18)*x4*x5*x6 + (-3)*x4*x5^2 +\
 (-3)*x4^2*x6 + (-3)*x4^2*x5 + (3)*x3*x5^2 + (-6)*x3*x4*x5 + (3)*x3*x4^2 + x3^\
2*x6 + (-1/2)*x3^2*x5 + (-1/2)*x3^2*x4 + (3)*x2*x6^2 + (-6)*x2*x4*x6 + (3)*x2*\
x4^2 + -x2*x3*x6 + -x2*x3*x5 + (2)*x2*x3*x4 + (-1/2)*x2^2*x6 + x2^2*x5 + (-1/2\
)*x2^2*x4 + (3)*x1*x6^2 + (-6)*x1*x5*x6 + (3)*x1*x5^2 + -x1*x3*x6 + (2)*x1*x3*\
x5 + -x1*x3*x4 + (2)*x1*x2*x6 + -x1*x2*x5 + -x1*x2*x4 + (-1/2)*x1^2*x6 + (-1/2\
)*x1^2*x5 + x1^2*x4", 
  "-x5*x6^2 + -x5^2*x6 + -x4*x6^2 + (-3)*x4*x5*x6 + -x4*x5^2 + -x4^2*x6 + -x4^\
2*x5 + (2)*x3*x5*x6 + x3*x5^2 + (2)*x3*x4*x6 + (3)*x3*x4*x5 + x3*x4^2 + -x3^2*\
x5 + -x3^2*x4 + x2*x6^2 + (2)*x2*x5*x6 + (3)*x2*x4*x6 + (2)*x2*x4*x5 + x2*x4^2\
 + (-2)*x2*x3*x6 + (-2)*x2*x3*x5 + (-3)*x2*x3*x4 + x2*x3^2 + -x2^2*x6 + -x2^2*\
x4 + x2^2*x3 + x1*x6^2 + (3)*x1*x5*x6 + x1*x5^2 + (2)*x1*x4*x6 + (2)*x1*x4*x5 \
+ (-2)*x1*x3*x6 + (-3)*x1*x3*x5 + (-2)*x1*x3*x4 + x1*x3^2 + (-3)*x1*x2*x6 + (-\
2)*x1*x2*x5 + (-2)*x1*x2*x4 + (3)*x1*x2*x3 + x1*x2^2 + -x1^2*x6 + -x1^2*x5 + x\
1^2*x3 + x1^2*x2", 
  "(-6)*x5*x6^2 + (-6)*x5^2*x6 + (-6)*x4*x6^2 + (36)*x4*x5*x6 + (-6)*x4*x5^2 +\
 (-6)*x4^2*x6 + (-6)*x4^2*x5 + (3)*x3*x5*x6 + (6)*x3*x5^2 + (3)*x3*x4*x6 + (-1\
8)*x3*x4*x5 + (6)*x3*x4^2 + (-3/2)*x3^2*x5 + (-3/2)*x3^2*x4 + x3^3 + (6)*x2*x6\
^2 + (3)*x2*x5*x6 + (-18)*x2*x4*x6 + (3)*x2*x4*x5 + (6)*x2*x4^2 + (-3)*x2*x3*x\
6 + (-3)*x2*x3*x5 + (9)*x2*x3*x4 + (-3/2)*x2^2*x6 + (-3/2)*x2^2*x4 + x2^3 + (6\
)*x1*x6^2 + (-18)*x1*x5*x6 + (6)*x1*x5^2 + (3)*x1*x4*x6 + (3)*x1*x4*x5 + (-3)*\
x1*x3*x6 + (9)*x1*x3*x5 + (-3)*x1*x3*x4 + (9)*x1*x2*x6 + (-3)*x1*x2*x5 + (-3)*\
x1*x2*x4 + (-3)*x1*x2*x3 + (-3/2)*x1^2*x6 + (-3/2)*x1^2*x5 + x1^3" ]
   Cubic invariant basis vectors: 
[ [ 1, -3/2, -3/2, 1, -3/2, 6, -3/2, -3/2, -3/2, 1, 0, 0, 0, 0, 0, 0, 0, 0, 
      0, 0, 0, 0, 0, 0, 0, 0, 0, 0, 0, 0, 0, 0, 0, 0, 0, 0, 0, 0, 0, 0, 0, 0, 
      0, 0, 0, 0, 0, 0, 0, 0, 0, 0, 0, 0, 0, 0 ], 
  [ 0, -3/2, -3/2, 0, -3/2, 9, -3/2, -3/2, -3/2, 0, 1, -1, 1, -1, -1, 1, 0, 
      0, 0, 0, 1, -1, 1, -1, -1, 1, 0, 0, 0, 0, 0, 0, 0, 0, 0, 1, -1, 1, -1, 
      -1, 1, 0, 0, 0, 0, 0, 0, 0, 0, 0, 0, 0, 0, 0, 0, 0 ], 
  [ 0, -3, -3, 0, -3, 18, -3, -3, -3, 0, 0, 0, 3, 0, -6, 3, 1, -1/2, -1/2, 0, 
      3, 0, 0, -6, 0, 3, -1, -1, 2, 0, -1/2, 1, -1/2, 0, 0, 3, -6, 3, 0, 0, 
      0, -1, 2, -1, 0, 2, -1, -1, 0, 0, -1/2, -1/2, 1, 0, 0, 0 ], 
  [ 0, -1, -1, 0, -1, -3, -1, -1, -1, 0, 0, 2, 1, 2, 3, 1, 0, -1, -1, 0, 1, 
      2, 0, 3, 2, 1, -2, -2, -3, 1, -1, 0, -1, 1, 0, 1, 3, 1, 2, 2, 0, -2, 
      -3, -2, 1, -3, -2, -2, 3, 1, -1, -1, 0, 1, 1, 0 ], 
  [ 0, -6, -6, 0, -6, 36, -6, -6, -6, 0, 0, 3, 6, 3, -18, 6, 0, -3/2, -3/2, 
      1, 6, 3, 0, -18, 3, 6, -3, -3, 9, 0, -3/2, 0, -3/2, 0, 1, 6, -18, 6, 3, 
      3, 0, -3, 9, -3, 0, 9, -3, -3, -3, 0, -3/2, -3/2, 0, 0, 0, 1 ] ]

119. Candidate
   Symplectic group: S3
   Component: 1; Koike (3.6), generic index 1
   Projective group ID: [ 36, 12 ]
   Strict linear group ID: [ 108, 42 ]
   Generic index: 1
   Generic full linear containment required: false
   Generic full linear containment verified: true
   Direct known case: false
   Source records: [ "S_3_initial_generic_index=1_liftable.docx" ]
   Family number within this input: 7
   Strict cubic invariant dimension: 8
   Centralizer dimension: 6
   Expected moduli dimension: 2
   Determinant image order: 6
   Gonzalez status: passed
   Retained: true
   Gonzalez failure statuses: [  ]
   Matrix generators: 
[ [ [ 0, 1, 0, 0, 0, 0 ], [ 1, 0, 0, 0, 0, 0 ], [ 0, 0, 1, 0, 0, 0 ], 
      [ 0, 0, 0, 0, 1, 0 ], [ 0, 0, 0, 1, 0, 0 ], [ 0, 0, 0, 0, 0, 1 ] ], 
  [ [ 1, 0, 0, 0, 0, 0 ], [ 0, 1, 0, 0, 0, 0 ], [ 0, 0, 1, 0, 0, 0 ], 
      [ -2/3, -2/3, -2/3, 1/3, -2/3, -2/3 ], 
      [ -2/3, -2/3, -2/3, -2/3, 1/3, -2/3 ], 
      [ -2/3, -2/3, -2/3, -2/3, -2/3, 1/3 ] ], 
  [ [ E(3)^2, 0, 0, 0, 0, 0 ], [ 0, E(3)^2, 0, 0, 0, 0 ], 
      [ 0, 0, E(3)^2, 0, 0, 0 ], 
      [ 1/3*E(3)-1/3*E(3)^2, 1/3*E(3)-1/3*E(3)^2, 1/3*E(3)-1/3*E(3)^2, 
          1/3*E(3)+2/3*E(3)^2, 1/3*E(3)-1/3*E(3)^2, 1/3*E(3)-1/3*E(3)^2 ], 
      [ 1/3*E(3)-1/3*E(3)^2, 1/3*E(3)-1/3*E(3)^2, 1/3*E(3)-1/3*E(3)^2, 
          1/3*E(3)-1/3*E(3)^2, 1/3*E(3)+2/3*E(3)^2, 1/3*E(3)-1/3*E(3)^2 ], 
      [ 1/3*E(3)-1/3*E(3)^2, 1/3*E(3)-1/3*E(3)^2, 1/3*E(3)-1/3*E(3)^2, 
          1/3*E(3)-1/3*E(3)^2, 1/3*E(3)-1/3*E(3)^2, 1/3*E(3)+2/3*E(3)^2 ] ], 
  [ [ 0, 1, 0, 0, 0, 0 ], [ 0, 0, 1, 0, 0, 0 ], [ 1, 0, 0, 0, 0, 0 ], 
      [ 0, 0, 0, 0, 1, 0 ], [ 0, 0, 0, 0, 0, 1 ], [ 0, 0, 0, 1, 0, 0 ] ], 
  [ [ E(3), 0, 0, 0, 0, 0 ], [ 0, E(3), 0, 0, 0, 0 ], [ 0, 0, E(3), 0, 0, 0 ],
      [ 0, 0, 0, E(3), 0, 0 ], [ 0, 0, 0, 0, E(3), 0 ], 
      [ 0, 0, 0, 0, 0, E(3) ] ] ]
   Cubic invariant basis strings: 
[ 
  "x6^3 + (-3/2)*x5*x6^2 + (-3/2)*x5^2*x6 + x5^3 + (-3/2)*x4*x6^2 + (6)*x4*x5*x\
6 + (-3/2)*x4*x5^2 + (-3/2)*x4^2*x6 + (-3/2)*x4^2*x5 + x4^3", 
  "-x5*x6^2 + -x5^2*x6 + -x4*x6^2 + (6)*x4*x5*x6 + -x4*x5^2 + -x4^2*x6 + -x4^2\
*x5 + x3*x5^2 + (-2)*x3*x4*x5 + x3*x4^2 + x2*x6^2 + (-2)*x2*x4*x6 + x2*x4^2 + \
x1*x6^2 + (-2)*x1*x5*x6 + x1*x5^2", 
  "(-1/2)*x5*x6^2 + (-1/2)*x5^2*x6 + (-1/2)*x4*x6^2 + (3)*x4*x5*x6 + (-1/2)*x4\
*x5^2 + (-1/2)*x4^2*x6 + (-1/2)*x4^2*x5 + x3*x6^2 + -x3*x5*x6 + -x3*x4*x6 + x3\
*x4*x5 + -x2*x5*x6 + x2*x5^2 + x2*x4*x6 + -x2*x4*x5 + x1*x5*x6 + -x1*x4*x6 + -\
x1*x4*x5 + x1*x4^2", 
  "-x3*x5*x6 + -x3*x4*x6 + (2)*x3*x4*x5 + -x2*x5*x6 + (2)*x2*x4*x6 + -x2*x4*x5\
 + x2*x3*x6 + x2*x3*x5 + (-2)*x2*x3*x4 + (2)*x1*x5*x6 + -x1*x4*x6 + -x1*x4*x5 \
+ x1*x3*x6 + (-2)*x1*x3*x5 + x1*x3*x4 + (-2)*x1*x2*x6 + x1*x2*x5 + x1*x2*x4", 
  "-x4*x5*x6 + x3*x4*x5 + x2*x4*x6 + -x2*x3*x4 + x1*x5*x6 + -x1*x3*x5 + -x1*x2\
*x6 + x1*x2*x3", 
  "-x3*x5*x6 + -x3*x4*x6 + (2)*x3*x4*x5 + x3^2*x6 + (-1/2)*x3^2*x5 + (-1/2)*x3\
^2*x4 + -x2*x5*x6 + (2)*x2*x4*x6 + -x2*x4*x5 + (-1/2)*x2^2*x6 + x2^2*x5 + (-1/\
2)*x2^2*x4 + (2)*x1*x5*x6 + -x1*x4*x6 + -x1*x4*x5 + (-1/2)*x1^2*x6 + (-1/2)*x1\
^2*x5 + x1^2*x4", 
  "(-6)*x4*x5*x6 + (6)*x3*x4*x5 + -x3^2*x5 + -x3^2*x4 + (6)*x2*x4*x6 + (-4)*x2\
*x3*x4 + x2*x3^2 + -x2^2*x6 + -x2^2*x4 + x2^2*x3 + (6)*x1*x5*x6 + (-4)*x1*x3*x\
5 + x1*x3^2 + (-4)*x1*x2*x6 + x1*x2^2 + -x1^2*x6 + -x1^2*x5 + x1^2*x3 + x1^2*x\
2", 
  "(-3)*x4*x5*x6 + (3)*x3*x4*x5 + (-3/2)*x3^2*x5 + (-3/2)*x3^2*x4 + x3^3 + (3)\
*x2*x4*x6 + (-3/2)*x2^2*x6 + (-3/2)*x2^2*x4 + x2^3 + (3)*x1*x5*x6 + (-3/2)*x1^\
2*x6 + (-3/2)*x1^2*x5 + x1^3" ]
   Cubic invariant basis vectors: 
[ [ 1, -3/2, -3/2, 1, -3/2, 6, -3/2, -3/2, -3/2, 1, 0, 0, 0, 0, 0, 0, 0, 0, 
      0, 0, 0, 0, 0, 0, 0, 0, 0, 0, 0, 0, 0, 0, 0, 0, 0, 0, 0, 0, 0, 0, 0, 0, 
      0, 0, 0, 0, 0, 0, 0, 0, 0, 0, 0, 0, 0, 0 ], 
  [ 0, -1, -1, 0, -1, 6, -1, -1, -1, 0, 0, 0, 1, 0, -2, 1, 0, 0, 0, 0, 1, 0, 
      0, -2, 0, 1, 0, 0, 0, 0, 0, 0, 0, 0, 0, 1, -2, 1, 0, 0, 0, 0, 0, 0, 0, 
      0, 0, 0, 0, 0, 0, 0, 0, 0, 0, 0 ], 
  [ 0, -1/2, -1/2, 0, -1/2, 3, -1/2, -1/2, -1/2, 0, 1, -1, 0, -1, 1, 0, 0, 0, 
      0, 0, 0, -1, 1, 1, -1, 0, 0, 0, 0, 0, 0, 0, 0, 0, 0, 0, 1, 0, -1, -1, 
      1, 0, 0, 0, 0, 0, 0, 0, 0, 0, 0, 0, 0, 0, 0, 0 ], 
  [ 0, 0, 0, 0, 0, 0, 0, 0, 0, 0, 0, -1, 0, -1, 2, 0, 0, 0, 0, 0, 0, -1, 0, 
      2, -1, 0, 1, 1, -2, 0, 0, 0, 0, 0, 0, 0, 2, 0, -1, -1, 0, 1, -2, 1, 0, 
      -2, 1, 1, 0, 0, 0, 0, 0, 0, 0, 0 ], 
  [ 0, 0, 0, 0, 0, -1, 0, 0, 0, 0, 0, 0, 0, 0, 1, 0, 0, 0, 0, 0, 0, 0, 0, 1, 
      0, 0, 0, 0, -1, 0, 0, 0, 0, 0, 0, 0, 1, 0, 0, 0, 0, 0, -1, 0, 0, -1, 0, 
      0, 1, 0, 0, 0, 0, 0, 0, 0 ], 
  [ 0, 0, 0, 0, 0, 0, 0, 0, 0, 0, 0, -1, 0, -1, 2, 0, 1, -1/2, -1/2, 0, 0, 
      -1, 0, 2, -1, 0, 0, 0, 0, 0, -1/2, 1, -1/2, 0, 0, 0, 2, 0, -1, -1, 0, 
      0, 0, 0, 0, 0, 0, 0, 0, 0, -1/2, -1/2, 1, 0, 0, 0 ], 
  [ 0, 0, 0, 0, 0, -6, 0, 0, 0, 0, 0, 0, 0, 0, 6, 0, 0, -1, -1, 0, 0, 0, 0, 
      6, 0, 0, 0, 0, -4, 1, -1, 0, -1, 1, 0, 0, 6, 0, 0, 0, 0, 0, -4, 0, 1, 
      -4, 0, 0, 0, 1, -1, -1, 0, 1, 1, 0 ], 
  [ 0, 0, 0, 0, 0, -3, 0, 0, 0, 0, 0, 0, 0, 0, 3, 0, 0, -3/2, -3/2, 1, 0, 0, 
      0, 3, 0, 0, 0, 0, 0, 0, -3/2, 0, -3/2, 0, 1, 0, 3, 0, 0, 0, 0, 0, 0, 0, 
      0, 0, 0, 0, 0, 0, -3/2, -3/2, 0, 0, 0, 1 ] ]

120. Candidate
   Symplectic group: S3
   Component: 1; Koike (3.6), generic index 1
   Projective group ID: [ 36, 12 ]
   Strict linear group ID: [ 108, 42 ]
   Generic index: 1
   Generic full linear containment required: false
   Generic full linear containment verified: true
   Direct known case: false
   Source records: [ "S_3_initial_generic_index=1_liftable.docx" ]
   Family number within this input: 8
   Strict cubic invariant dimension: 4
   Centralizer dimension: 4
   Expected moduli dimension: 0
   Determinant image order: 6
   Gonzalez status: passed
   Retained: true
   Gonzalez failure statuses: [  ]
   Matrix generators: 
[ [ [ 0, 1, 0, 0, 0, 0 ], [ 1, 0, 0, 0, 0, 0 ], [ 0, 0, 1, 0, 0, 0 ], 
      [ 0, 0, 0, 0, 1, 0 ], [ 0, 0, 0, 1, 0, 0 ], [ 0, 0, 0, 0, 0, 1 ] ], 
  [ [ -1/3, 2/3, 2/3, 0, 0, 0 ], [ 2/3, -1/3, 2/3, 0, 0, 0 ], 
      [ 2/3, 2/3, -1/3, 0, 0, 0 ], [ 2/3, -4/3, -4/3, 1/3, -2/3, -2/3 ], 
      [ -4/3, 2/3, -4/3, -2/3, 1/3, -2/3 ], 
      [ -4/3, -4/3, 2/3, -2/3, -2/3, 1/3 ] ], 
  [ [ 2/3*E(3)+1/3*E(3)^2, -1/3*E(3)+1/3*E(3)^2, -1/3*E(3)+1/3*E(3)^2, 0, 0, 
          0 ], 
      [ -1/3*E(3)+1/3*E(3)^2, 2/3*E(3)+1/3*E(3)^2, -1/3*E(3)+1/3*E(3)^2, 0, 
          0, 0 ], 
      [ -1/3*E(3)+1/3*E(3)^2, -1/3*E(3)+1/3*E(3)^2, 2/3*E(3)+1/3*E(3)^2, 0, 
          0, 0 ], 
      [ 1/3*E(3)-1/3*E(3)^2, 1/3*E(3)-1/3*E(3)^2, 1/3*E(3)-1/3*E(3)^2, E(3), 
          0, 0 ], 
      [ 1/3*E(3)-1/3*E(3)^2, 1/3*E(3)-1/3*E(3)^2, 1/3*E(3)-1/3*E(3)^2, 0, 
          E(3), 0 ], 
      [ 1/3*E(3)-1/3*E(3)^2, 1/3*E(3)-1/3*E(3)^2, 1/3*E(3)-1/3*E(3)^2, 0, 0, 
          E(3) ] ], 
  [ [ 0, 1, 0, 0, 0, 0 ], [ 0, 0, 1, 0, 0, 0 ], [ 1, 0, 0, 0, 0, 0 ], 
      [ 0, 0, 0, 0, 1, 0 ], [ 0, 0, 0, 0, 0, 1 ], [ 0, 0, 0, 1, 0, 0 ] ], 
  [ [ E(3), 0, 0, 0, 0, 0 ], [ 0, E(3), 0, 0, 0, 0 ], [ 0, 0, E(3), 0, 0, 0 ],
      [ 0, 0, 0, E(3), 0, 0 ], [ 0, 0, 0, 0, E(3), 0 ], 
      [ 0, 0, 0, 0, 0, E(3) ] ] ]
   Cubic invariant basis strings: 
[ 
  "x6^3 + (-3/2)*x5*x6^2 + (-3/2)*x5^2*x6 + x5^3 + (-3/2)*x4*x6^2 + (6)*x4*x5*x\
6 + (-3/2)*x4*x5^2 + (-3/2)*x4^2*x6 + (-3/2)*x4^2*x5 + x4^3", 
  "(-3/2)*x5*x6^2 + (-3/2)*x5^2*x6 + (-3/2)*x4*x6^2 + (9)*x4*x5*x6 + (-3/2)*x4\
*x5^2 + (-3/2)*x4^2*x6 + (-3/2)*x4^2*x5 + x3*x6^2 + (1/2)*x3*x5*x6 + (-1/2)*x3\
*x5^2 + (1/2)*x3*x4*x6 + -x3*x4*x5 + (-1/2)*x3*x4^2 + (-1/2)*x2*x6^2 + (1/2)*x\
2*x5*x6 + x2*x5^2 + -x2*x4*x6 + (1/2)*x2*x4*x5 + (-1/2)*x2*x4^2 + (-1/2)*x1*x6\
^2 + -x1*x5*x6 + (-1/2)*x1*x5^2 + (1/2)*x1*x4*x6 + (1/2)*x1*x4*x5 + x1*x4^2", 
  "(-3)*x5*x6^2 + (-3)*x5^2*x6 + (-3)*x4*x6^2 + (18)*x4*x5*x6 + (-3)*x4*x5^2 +\
 (-3)*x4^2*x6 + (-3)*x4^2*x5 + (3)*x3*x5*x6 + (3)*x3*x4*x6 + (-6)*x3*x4*x5 + x\
3^2*x6 + (-1/2)*x3^2*x5 + (-1/2)*x3^2*x4 + (3)*x2*x5*x6 + (-6)*x2*x4*x6 + (3)*\
x2*x4*x5 + -x2*x3*x6 + -x2*x3*x5 + (2)*x2*x3*x4 + (-1/2)*x2^2*x6 + x2^2*x5 + (\
-1/2)*x2^2*x4 + (-6)*x1*x5*x6 + (3)*x1*x4*x6 + (3)*x1*x4*x5 + -x1*x3*x6 + (2)*\
x1*x3*x5 + -x1*x3*x4 + (2)*x1*x2*x6 + -x1*x2*x5 + -x1*x2*x4 + (-1/2)*x1^2*x6 +\
 (-1/2)*x1^2*x5 + x1^2*x4", 
  "(-9)*x5*x6^2 + (-9)*x5^2*x6 + (-9)*x4*x6^2 + (27)*x4*x5*x6 + (-9)*x4*x5^2 +\
 (-9)*x4^2*x6 + (-9)*x4^2*x5 + (27/2)*x3*x5*x6 + (9/2)*x3*x5^2 + (27/2)*x3*x4*\
x6 + (-9)*x3*x4*x5 + (9/2)*x3*x4^2 + (-9/2)*x3^2*x5 + (-9/2)*x3^2*x4 + x3^3 + \
(9/2)*x2*x6^2 + (27/2)*x2*x5*x6 + (-9)*x2*x4*x6 + (27/2)*x2*x4*x5 + (9/2)*x2*x\
4^2 + (-9)*x2*x3*x6 + (-9)*x2*x3*x5 + (3)*x2*x3^2 + (-9/2)*x2^2*x6 + (-9/2)*x2\
^2*x4 + (3)*x2^2*x3 + x2^3 + (9/2)*x1*x6^2 + (-9)*x1*x5*x6 + (9/2)*x1*x5^2 + (\
27/2)*x1*x4*x6 + (27/2)*x1*x4*x5 + (-9)*x1*x3*x6 + (-9)*x1*x3*x4 + (3)*x1*x3^2\
 + (-9)*x1*x2*x5 + (-9)*x1*x2*x4 + (6)*x1*x2*x3 + (3)*x1*x2^2 + (-9/2)*x1^2*x6\
 + (-9/2)*x1^2*x5 + (3)*x1^2*x3 + (3)*x1^2*x2 + x1^3" ]
   Cubic invariant basis vectors: 
[ [ 1, -3/2, -3/2, 1, -3/2, 6, -3/2, -3/2, -3/2, 1, 0, 0, 0, 0, 0, 0, 0, 0, 
      0, 0, 0, 0, 0, 0, 0, 0, 0, 0, 0, 0, 0, 0, 0, 0, 0, 0, 0, 0, 0, 0, 0, 0, 
      0, 0, 0, 0, 0, 0, 0, 0, 0, 0, 0, 0, 0, 0 ], 
  [ 0, -3/2, -3/2, 0, -3/2, 9, -3/2, -3/2, -3/2, 0, 1, 1/2, -1/2, 1/2, -1, 
      -1/2, 0, 0, 0, 0, -1/2, 1/2, 1, -1, 1/2, -1/2, 0, 0, 0, 0, 0, 0, 0, 0, 
      0, -1/2, -1, -1/2, 1/2, 1/2, 1, 0, 0, 0, 0, 0, 0, 0, 0, 0, 0, 0, 0, 0, 
      0, 0 ], 
  [ 0, -3, -3, 0, -3, 18, -3, -3, -3, 0, 0, 3, 0, 3, -6, 0, 1, -1/2, -1/2, 0, 
      0, 3, 0, -6, 3, 0, -1, -1, 2, 0, -1/2, 1, -1/2, 0, 0, 0, -6, 0, 3, 3, 
      0, -1, 2, -1, 0, 2, -1, -1, 0, 0, -1/2, -1/2, 1, 0, 0, 0 ], 
  [ 0, -9, -9, 0, -9, 27, -9, -9, -9, 0, 0, 27/2, 9/2, 27/2, -9, 9/2, 0, 
      -9/2, -9/2, 1, 9/2, 27/2, 0, -9, 27/2, 9/2, -9, -9, 0, 3, -9/2, 0, 
      -9/2, 3, 1, 9/2, -9, 9/2, 27/2, 27/2, 0, -9, 0, -9, 3, 0, -9, -9, 6, 3, 
      -9/2, -9/2, 0, 3, 3, 1 ] ]

121. Candidate
   Symplectic group: S3
   Component: 1; Koike (3.6), generic index 1
   Projective group ID: [ 36, 12 ]
   Strict linear group ID: [ 108, 42 ]
   Generic index: 1
   Generic full linear containment required: false
   Generic full linear containment verified: true
   Direct known case: false
   Source records: [ "S_3_initial_generic_index=1_liftable.docx" ]
   Family number within this input: 9
   Strict cubic invariant dimension: 4
   Centralizer dimension: 4
   Expected moduli dimension: 0
   Determinant image order: 6
   Gonzalez status: passed
   Retained: true
   Gonzalez failure statuses: [  ]
   Matrix generators: 
[ [ [ 0, 1, 0, 0, 0, 0 ], [ 1, 0, 0, 0, 0, 0 ], [ 0, 0, 1, 0, 0, 0 ], 
      [ 0, 0, 0, 0, 1, 0 ], [ 0, 0, 0, 1, 0, 0 ], [ 0, 0, 0, 0, 0, 1 ] ], 
  [ [ 1, 0, 0, 0, 0, 0 ], [ 0, 1, 0, 0, 0, 0 ], [ 0, 0, 1, 0, 0, 0 ], 
      [ -2, 0, 0, -1, 0, 0 ], [ 0, -2, 0, 0, -1, 0 ], [ 0, 0, -2, 0, 0, -1 ] ]
    , 
  [ [ E(3)^2, 0, 0, 0, 0, 0 ], [ 0, E(3)^2, 0, 0, 0, 0 ], 
      [ 0, 0, E(3)^2, 0, 0, 0 ], 
      [ -1/3*E(3)-5/3*E(3)^2, 2/3*E(3)+1/3*E(3)^2, 2/3*E(3)+1/3*E(3)^2, 
          -1/3*E(3)-2/3*E(3)^2, 2/3*E(3)+1/3*E(3)^2, 2/3*E(3)+1/3*E(3)^2 ], 
      [ 2/3*E(3)+1/3*E(3)^2, -1/3*E(3)-5/3*E(3)^2, 2/3*E(3)+1/3*E(3)^2, 
          2/3*E(3)+1/3*E(3)^2, -1/3*E(3)-2/3*E(3)^2, 2/3*E(3)+1/3*E(3)^2 ], 
      [ 2/3*E(3)+1/3*E(3)^2, 2/3*E(3)+1/3*E(3)^2, -1/3*E(3)-5/3*E(3)^2, 
          2/3*E(3)+1/3*E(3)^2, 2/3*E(3)+1/3*E(3)^2, -1/3*E(3)-2/3*E(3)^2 ] ], 
  [ [ 0, 1, 0, 0, 0, 0 ], [ 0, 0, 1, 0, 0, 0 ], [ 1, 0, 0, 0, 0, 0 ], 
      [ 0, 0, 0, 0, 1, 0 ], [ 0, 0, 0, 0, 0, 1 ], [ 0, 0, 0, 1, 0, 0 ] ], 
  [ [ E(3), 0, 0, 0, 0, 0 ], [ 0, E(3), 0, 0, 0, 0 ], [ 0, 0, E(3), 0, 0, 0 ],
      [ 0, 0, 0, E(3), 0, 0 ], [ 0, 0, 0, 0, E(3), 0 ], 
      [ 0, 0, 0, 0, 0, E(3) ] ] ]
   Cubic invariant basis strings: 
[ 
  "-x6^3 + -x5^3 + (3)*x4*x5*x6 + -x4^3 + x3*x6^2 + (1/2)*x3*x5*x6 + (-1/2)*x3*\
x5^2 + (1/2)*x3*x4*x6 + -x3*x4*x5 + (-1/2)*x3*x4^2 + (-1/2)*x2*x6^2 + (1/2)*x2\
*x5*x6 + x2*x5^2 + -x2*x4*x6 + (1/2)*x2*x4*x5 + (-1/2)*x2*x4^2 + (-1/2)*x1*x6^\
2 + -x1*x5*x6 + (-1/2)*x1*x5^2 + (1/2)*x1*x4*x6 + (1/2)*x1*x4*x5 + x1*x4^2", 
  "-x4*x5*x6 + x3*x4*x5 + x2*x4*x6 + -x2*x3*x4 + x1*x5*x6 + -x1*x3*x5 + -x1*x2\
*x6 + x1*x2*x3", 
  "-x5*x6^2 + -x5^2*x6 + -x4*x6^2 + -x4*x5^2 + -x4^2*x6 + -x4^2*x5 + (2)*x3*x5\
*x6 + x3*x5^2 + (2)*x3*x4*x6 + x3*x4^2 + -x3^2*x5 + -x3^2*x4 + x2*x6^2 + (2)*x\
2*x5*x6 + (2)*x2*x4*x5 + x2*x4^2 + (-2)*x2*x3*x6 + (-2)*x2*x3*x5 + x2*x3^2 + -\
x2^2*x6 + -x2^2*x4 + x2^2*x3 + x1*x6^2 + x1*x5^2 + (2)*x1*x4*x6 + (2)*x1*x4*x5\
 + (-2)*x1*x3*x6 + (-2)*x1*x3*x4 + x1*x3^2 + (-2)*x1*x2*x5 + (-2)*x1*x2*x4 + x\
1*x2^2 + -x1^2*x6 + -x1^2*x5 + x1^2*x3 + x1^2*x2", 
  "(2)*x6^3 + (2)*x5^3 + (-9)*x4*x5*x6 + (2)*x4^3 + (-3/2)*x3*x5*x6 + (3/2)*x3\
*x5^2 + (-3/2)*x3*x4*x6 + (3)*x3*x4*x5 + (3/2)*x3*x4^2 + (-3)*x3^2*x6 + x3^3 +\
 (3/2)*x2*x6^2 + (-3/2)*x2*x5*x6 + (3)*x2*x4*x6 + (-3/2)*x2*x4*x5 + (3/2)*x2*x\
4^2 + (-3)*x2^2*x5 + x2^3 + (3/2)*x1*x6^2 + (3)*x1*x5*x6 + (3/2)*x1*x5^2 + (-3\
/2)*x1*x4*x6 + (-3/2)*x1*x4*x5 + (-3)*x1^2*x4 + x1^3" ]
   Cubic invariant basis vectors: 
[ [ -1, 0, 0, -1, 0, 3, 0, 0, 0, -1, 1, 1/2, -1/2, 1/2, -1, -1/2, 0, 0, 0, 0, 
      -1/2, 1/2, 1, -1, 1/2, -1/2, 0, 0, 0, 0, 0, 0, 0, 0, 0, -1/2, -1, -1/2, 
      1/2, 1/2, 1, 0, 0, 0, 0, 0, 0, 0, 0, 0, 0, 0, 0, 0, 0, 0 ], 
  [ 0, 0, 0, 0, 0, -1, 0, 0, 0, 0, 0, 0, 0, 0, 1, 0, 0, 0, 0, 0, 0, 0, 0, 1, 
      0, 0, 0, 0, -1, 0, 0, 0, 0, 0, 0, 0, 1, 0, 0, 0, 0, 0, -1, 0, 0, -1, 0, 
      0, 1, 0, 0, 0, 0, 0, 0, 0 ], 
  [ 0, -1, -1, 0, -1, 0, -1, -1, -1, 0, 0, 2, 1, 2, 0, 1, 0, -1, -1, 0, 1, 2, 
      0, 0, 2, 1, -2, -2, 0, 1, -1, 0, -1, 1, 0, 1, 0, 1, 2, 2, 0, -2, 0, -2, 
      1, 0, -2, -2, 0, 1, -1, -1, 0, 1, 1, 0 ], 
  [ 2, 0, 0, 2, 0, -9, 0, 0, 0, 2, 0, -3/2, 3/2, -3/2, 3, 3/2, -3, 0, 0, 1, 
      3/2, -3/2, 0, 3, -3/2, 3/2, 0, 0, 0, 0, 0, -3, 0, 0, 1, 3/2, 3, 3/2, 
      -3/2, -3/2, 0, 0, 0, 0, 0, 0, 0, 0, 0, 0, 0, 0, -3, 0, 0, 1 ] ]

122. Candidate
   Symplectic group: S3
   Component: 1; Koike (3.6), generic index 1
   Projective group ID: [ 36, 12 ]
   Strict linear group ID: [ 108, 42 ]
   Generic index: 1
   Generic full linear containment required: false
   Generic full linear containment verified: true
   Direct known case: false
   Source records: [ "S_3_initial_generic_index=1_liftable.docx" ]
   Family number within this input: 10
   Strict cubic invariant dimension: 4
   Centralizer dimension: 4
   Expected moduli dimension: 0
   Determinant image order: 6
   Gonzalez status: passed
   Retained: true
   Gonzalez failure statuses: [  ]
   Matrix generators: 
[ [ [ 0, 1, 0, 0, 0, 0 ], [ 1, 0, 0, 0, 0, 0 ], [ 0, 0, 1, 0, 0, 0 ], 
      [ 0, 0, 0, 0, 1, 0 ], [ 0, 0, 0, 1, 0, 0 ], [ 0, 0, 0, 0, 0, 1 ] ], 
  [ [ -1/3, 2/3, 2/3, 0, 0, 0 ], [ 2/3, -1/3, 2/3, 0, 0, 0 ], 
      [ 2/3, 2/3, -1/3, 0, 0, 0 ], [ 2/3, -4/3, -4/3, 1/3, -2/3, -2/3 ], 
      [ -4/3, 2/3, -4/3, -2/3, 1/3, -2/3 ], 
      [ -4/3, -4/3, 2/3, -2/3, -2/3, 1/3 ] ], 
  [ [ E(3)^2, 0, 0, 0, 0, 0 ], [ 0, E(3)^2, 0, 0, 0, 0 ], 
      [ 0, 0, E(3)^2, 0, 0, 0 ], 
      [ -1/3*E(3)-5/3*E(3)^2, 2/3*E(3)+1/3*E(3)^2, 2/3*E(3)+1/3*E(3)^2, 
          -1/3*E(3)-2/3*E(3)^2, 2/3*E(3)+1/3*E(3)^2, 2/3*E(3)+1/3*E(3)^2 ], 
      [ 2/3*E(3)+1/3*E(3)^2, -1/3*E(3)-5/3*E(3)^2, 2/3*E(3)+1/3*E(3)^2, 
          2/3*E(3)+1/3*E(3)^2, -1/3*E(3)-2/3*E(3)^2, 2/3*E(3)+1/3*E(3)^2 ], 
      [ 2/3*E(3)+1/3*E(3)^2, 2/3*E(3)+1/3*E(3)^2, -1/3*E(3)-5/3*E(3)^2, 
          2/3*E(3)+1/3*E(3)^2, 2/3*E(3)+1/3*E(3)^2, -1/3*E(3)-2/3*E(3)^2 ] ], 
  [ [ 0, 1, 0, 0, 0, 0 ], [ 0, 0, 1, 0, 0, 0 ], [ 1, 0, 0, 0, 0, 0 ], 
      [ 0, 0, 0, 0, 1, 0 ], [ 0, 0, 0, 0, 0, 1 ], [ 0, 0, 0, 1, 0, 0 ] ], 
  [ [ E(3), 0, 0, 0, 0, 0 ], [ 0, E(3), 0, 0, 0, 0 ], [ 0, 0, E(3), 0, 0, 0 ],
      [ 0, 0, 0, E(3), 0, 0 ], [ 0, 0, 0, 0, E(3), 0 ], 
      [ 0, 0, 0, 0, 0, E(3) ] ] ]
   Cubic invariant basis strings: 
[ 
  "x6^3 + (-3/2)*x5*x6^2 + (-3/2)*x5^2*x6 + x5^3 + (-3/2)*x4*x6^2 + (6)*x4*x5*x\
6 + (-3/2)*x4*x5^2 + (-3/2)*x4^2*x6 + (-3/2)*x4^2*x5 + x4^3", 
  "(-3/2)*x5*x6^2 + (-3/2)*x5^2*x6 + (-3/2)*x4*x6^2 + (9)*x4*x5*x6 + (-3/2)*x4\
*x5^2 + (-3/2)*x4^2*x6 + (-3/2)*x4^2*x5 + x3*x6^2 + (1/2)*x3*x5*x6 + (-1/2)*x3\
*x5^2 + (1/2)*x3*x4*x6 + -x3*x4*x5 + (-1/2)*x3*x4^2 + (-1/2)*x2*x6^2 + (1/2)*x\
2*x5*x6 + x2*x5^2 + -x2*x4*x6 + (1/2)*x2*x4*x5 + (-1/2)*x2*x4^2 + (-1/2)*x1*x6\
^2 + -x1*x5*x6 + (-1/2)*x1*x5^2 + (1/2)*x1*x4*x6 + (1/2)*x1*x4*x5 + x1*x4^2", 
  "-x5*x6^2 + -x5^2*x6 + -x4*x6^2 + (-3)*x4*x5*x6 + -x4*x5^2 + -x4^2*x6 + -x4^\
2*x5 + (2)*x3*x5*x6 + x3*x5^2 + (2)*x3*x4*x6 + (3)*x3*x4*x5 + x3*x4^2 + -x3^2*\
x5 + -x3^2*x4 + x2*x6^2 + (2)*x2*x5*x6 + (3)*x2*x4*x6 + (2)*x2*x4*x5 + x2*x4^2\
 + (-2)*x2*x3*x6 + (-2)*x2*x3*x5 + (-3)*x2*x3*x4 + x2*x3^2 + -x2^2*x6 + -x2^2*\
x4 + x2^2*x3 + x1*x6^2 + (3)*x1*x5*x6 + x1*x5^2 + (2)*x1*x4*x6 + (2)*x1*x4*x5 \
+ (-2)*x1*x3*x6 + (-3)*x1*x3*x5 + (-2)*x1*x3*x4 + x1*x3^2 + (-3)*x1*x2*x6 + (-\
2)*x1*x2*x5 + (-2)*x1*x2*x4 + (3)*x1*x2*x3 + x1*x2^2 + -x1^2*x6 + -x1^2*x5 + x\
1^2*x3 + x1^2*x2", 
  "(3)*x5*x6^2 + (3)*x5^2*x6 + (3)*x4*x6^2 + (-18)*x4*x5*x6 + (3)*x4*x5^2 + (3\
)*x4^2*x6 + (3)*x4^2*x5 + (-3/2)*x3*x5*x6 + (3/2)*x3*x5^2 + (-3/2)*x3*x4*x6 + \
(3/2)*x3*x4^2 + (-3)*x3^2*x6 + x3^3 + (3/2)*x2*x6^2 + (-3/2)*x2*x5*x6 + (-3/2)\
*x2*x4*x5 + (3/2)*x2*x4^2 + (3)*x2*x3*x4 + (-3)*x2^2*x5 + x2^3 + (3/2)*x1*x6^2\
 + (3/2)*x1*x5^2 + (-3/2)*x1*x4*x6 + (-3/2)*x1*x4*x5 + (3)*x1*x3*x5 + (3)*x1*x\
2*x6 + (-3)*x1*x2*x3 + (-3)*x1^2*x4 + x1^3" ]
   Cubic invariant basis vectors: 
[ [ 1, -3/2, -3/2, 1, -3/2, 6, -3/2, -3/2, -3/2, 1, 0, 0, 0, 0, 0, 0, 0, 0, 
      0, 0, 0, 0, 0, 0, 0, 0, 0, 0, 0, 0, 0, 0, 0, 0, 0, 0, 0, 0, 0, 0, 0, 0, 
      0, 0, 0, 0, 0, 0, 0, 0, 0, 0, 0, 0, 0, 0 ], 
  [ 0, -3/2, -3/2, 0, -3/2, 9, -3/2, -3/2, -3/2, 0, 1, 1/2, -1/2, 1/2, -1, 
      -1/2, 0, 0, 0, 0, -1/2, 1/2, 1, -1, 1/2, -1/2, 0, 0, 0, 0, 0, 0, 0, 0, 
      0, -1/2, -1, -1/2, 1/2, 1/2, 1, 0, 0, 0, 0, 0, 0, 0, 0, 0, 0, 0, 0, 0, 
      0, 0 ], [ 0, -1, -1, 0, -1, -3, -1, -1, -1, 0, 0, 2, 1, 2, 3, 1, 0, -1, 
      -1, 0, 1, 2, 0, 3, 2, 1, -2, -2, -3, 1, -1, 0, -1, 1, 0, 1, 3, 1, 2, 2, 
      0, -2, -3, -2, 1, -3, -2, -2, 3, 1, -1, -1, 0, 1, 1, 0 ], 
  [ 0, 3, 3, 0, 3, -18, 3, 3, 3, 0, 0, -3/2, 3/2, -3/2, 0, 3/2, -3, 0, 0, 1, 
      3/2, -3/2, 0, 0, -3/2, 3/2, 0, 0, 3, 0, 0, -3, 0, 0, 1, 3/2, 0, 3/2, 
      -3/2, -3/2, 0, 0, 3, 0, 0, 3, 0, 0, -3, 0, 0, 0, -3, 0, 0, 1 ] ]

123. Candidate
   Symplectic group: S3
   Component: 1; Koike (3.6), generic index 1
   Projective group ID: [ 36, 12 ]
   Strict linear group ID: [ 108, 42 ]
   Generic index: 1
   Generic full linear containment required: false
   Generic full linear containment verified: true
   Direct known case: false
   Source records: [ "S_3_initial_generic_index=1_liftable.docx" ]
   Family number within this input: 11
   Strict cubic invariant dimension: 4
   Centralizer dimension: 4
   Expected moduli dimension: 0
   Determinant image order: 6
   Gonzalez status: passed
   Retained: true
   Gonzalez failure statuses: [  ]
   Matrix generators: 
[ [ [ 0, 1, 0, 0, 0, 0 ], [ 1, 0, 0, 0, 0, 0 ], [ 0, 0, 1, 0, 0, 0 ], 
      [ 0, 0, 0, 0, 1, 0 ], [ 0, 0, 0, 1, 0, 0 ], [ 0, 0, 0, 0, 0, 1 ] ], 
  [ [ 1, 0, 0, 0, 0, 0 ], [ 0, 1, 0, 0, 0, 0 ], [ 0, 0, 1, 0, 0, 0 ], 
      [ -2/3, -2/3, -2/3, 1/3, -2/3, -2/3 ], 
      [ -2/3, -2/3, -2/3, -2/3, 1/3, -2/3 ], 
      [ -2/3, -2/3, -2/3, -2/3, -2/3, 1/3 ] ], 
  [ [ E(3)^2, 0, 0, 0, 0, 0 ], [ 0, E(3)^2, 0, 0, 0, 0 ], 
      [ 0, 0, E(3)^2, 0, 0, 0 ], 
      [ -1/3*E(3)-5/3*E(3)^2, 2/3*E(3)+1/3*E(3)^2, 2/3*E(3)+1/3*E(3)^2, 
          -1/3*E(3)-2/3*E(3)^2, 2/3*E(3)+1/3*E(3)^2, 2/3*E(3)+1/3*E(3)^2 ], 
      [ 2/3*E(3)+1/3*E(3)^2, -1/3*E(3)-5/3*E(3)^2, 2/3*E(3)+1/3*E(3)^2, 
          2/3*E(3)+1/3*E(3)^2, -1/3*E(3)-2/3*E(3)^2, 2/3*E(3)+1/3*E(3)^2 ], 
      [ 2/3*E(3)+1/3*E(3)^2, 2/3*E(3)+1/3*E(3)^2, -1/3*E(3)-5/3*E(3)^2, 
          2/3*E(3)+1/3*E(3)^2, 2/3*E(3)+1/3*E(3)^2, -1/3*E(3)-2/3*E(3)^2 ] ], 
  [ [ 0, 1, 0, 0, 0, 0 ], [ 0, 0, 1, 0, 0, 0 ], [ 1, 0, 0, 0, 0, 0 ], 
      [ 0, 0, 0, 0, 1, 0 ], [ 0, 0, 0, 0, 0, 1 ], [ 0, 0, 0, 1, 0, 0 ] ], 
  [ [ E(3), 0, 0, 0, 0, 0 ], [ 0, E(3), 0, 0, 0, 0 ], [ 0, 0, E(3), 0, 0, 0 ],
      [ 0, 0, 0, E(3), 0, 0 ], [ 0, 0, 0, 0, E(3), 0 ], 
      [ 0, 0, 0, 0, 0, E(3) ] ] ]
   Cubic invariant basis strings: 
[ 
  "x6^3 + (-3/2)*x5*x6^2 + (-3/2)*x5^2*x6 + x5^3 + (-3/2)*x4*x6^2 + (6)*x4*x5*x\
6 + (-3/2)*x4*x5^2 + (-3/2)*x4^2*x6 + (-3/2)*x4^2*x5 + x4^3", 
  "-x4*x5*x6 + x3*x4*x5 + x2*x4*x6 + -x2*x3*x4 + x1*x5*x6 + -x1*x3*x5 + -x1*x2\
*x6 + x1*x2*x3", 
  "-x5*x6^2 + -x5^2*x6 + -x4*x6^2 + -x4*x5^2 + -x4^2*x6 + -x4^2*x5 + (2)*x3*x5\
*x6 + x3*x5^2 + (2)*x3*x4*x6 + x3*x4^2 + -x3^2*x5 + -x3^2*x4 + x2*x6^2 + (2)*x\
2*x5*x6 + (2)*x2*x4*x5 + x2*x4^2 + (-2)*x2*x3*x6 + (-2)*x2*x3*x5 + x2*x3^2 + -\
x2^2*x6 + -x2^2*x4 + x2^2*x3 + x1*x6^2 + x1*x5^2 + (2)*x1*x4*x6 + (2)*x1*x4*x5\
 + (-2)*x1*x3*x6 + (-2)*x1*x3*x4 + x1*x3^2 + (-2)*x1*x2*x5 + (-2)*x1*x2*x4 + x\
1*x2^2 + -x1^2*x6 + -x1^2*x5 + x1^2*x3 + x1^2*x2", 
  "(-3/2)*x5*x6^2 + (-3/2)*x5^2*x6 + (-3/2)*x4*x6^2 + (6)*x4*x5*x6 + (-3/2)*x4\
*x5^2 + (-3/2)*x4^2*x6 + (-3/2)*x4^2*x5 + (3)*x3*x6^2 + (-3)*x3^2*x6 + x3^3 + \
(3)*x2*x5^2 + (-3)*x2^2*x5 + x2^3 + (3)*x1*x4^2 + (-3)*x1^2*x4 + x1^3" ]
   Cubic invariant basis vectors: 
[ [ 1, -3/2, -3/2, 1, -3/2, 6, -3/2, -3/2, -3/2, 1, 0, 0, 0, 0, 0, 0, 0, 0, 
      0, 0, 0, 0, 0, 0, 0, 0, 0, 0, 0, 0, 0, 0, 0, 0, 0, 0, 0, 0, 0, 0, 0, 0, 
      0, 0, 0, 0, 0, 0, 0, 0, 0, 0, 0, 0, 0, 0 ], 
  [ 0, 0, 0, 0, 0, -1, 0, 0, 0, 0, 0, 0, 0, 0, 1, 0, 0, 0, 0, 0, 0, 0, 0, 1, 
      0, 0, 0, 0, -1, 0, 0, 0, 0, 0, 0, 0, 1, 0, 0, 0, 0, 0, -1, 0, 0, -1, 0, 
      0, 1, 0, 0, 0, 0, 0, 0, 0 ], 
  [ 0, -1, -1, 0, -1, 0, -1, -1, -1, 0, 0, 2, 1, 2, 0, 1, 0, -1, -1, 0, 1, 2, 
      0, 0, 2, 1, -2, -2, 0, 1, -1, 0, -1, 1, 0, 1, 0, 1, 2, 2, 0, -2, 0, -2, 
      1, 0, -2, -2, 0, 1, -1, -1, 0, 1, 1, 0 ], 
  [ 0, -3/2, -3/2, 0, -3/2, 6, -3/2, -3/2, -3/2, 0, 3, 0, 0, 0, 0, 0, -3, 0, 
      0, 1, 0, 0, 3, 0, 0, 0, 0, 0, 0, 0, 0, -3, 0, 0, 1, 0, 0, 0, 0, 0, 3, 
      0, 0, 0, 0, 0, 0, 0, 0, 0, 0, 0, -3, 0, 0, 1 ] ]

124. Candidate
   Symplectic group: S3
   Component: 1; Koike (3.6), generic index 1
   Projective group ID: [ 36, 12 ]
   Strict linear group ID: [ 108, 42 ]
   Generic index: 1
   Generic full linear containment required: false
   Generic full linear containment verified: true
   Direct known case: false
   Source records: [ "S_3_initial_generic_index=1_liftable.docx" ]
   Family number within this input: 12
   Strict cubic invariant dimension: 4
   Centralizer dimension: 4
   Expected moduli dimension: 0
   Determinant image order: 6
   Gonzalez status: passed
   Retained: true
   Gonzalez failure statuses: [  ]
   Matrix generators: 
[ [ [ 0, 1, 0, 0, 0, 0 ], [ 1, 0, 0, 0, 0, 0 ], [ 0, 0, 1, 0, 0, 0 ], 
      [ 0, 0, 0, 0, 1, 0 ], [ 0, 0, 0, 1, 0, 0 ], [ 0, 0, 0, 0, 0, 1 ] ], 
  [ [ 1, 0, 0, 0, 0, 0 ], [ 0, 1, 0, 0, 0, 0 ], [ 0, 0, 1, 0, 0, 0 ], 
      [ -2/3, -2/3, -2/3, 1/3, -2/3, -2/3 ], 
      [ -2/3, -2/3, -2/3, -2/3, 1/3, -2/3 ], 
      [ -2/3, -2/3, -2/3, -2/3, -2/3, 1/3 ] ], 
  [ [ 2/3*E(3)+1/3*E(3)^2, -1/3*E(3)+1/3*E(3)^2, -1/3*E(3)+1/3*E(3)^2, 0, 0, 
          0 ], 
      [ -1/3*E(3)+1/3*E(3)^2, 2/3*E(3)+1/3*E(3)^2, -1/3*E(3)+1/3*E(3)^2, 0, 
          0, 0 ], 
      [ -1/3*E(3)+1/3*E(3)^2, -1/3*E(3)+1/3*E(3)^2, 2/3*E(3)+1/3*E(3)^2, 0, 
          0, 0 ], 
      [ 1, E(3), E(3), -1/3*E(3)-2/3*E(3)^2, 2/3*E(3)+1/3*E(3)^2, 
          2/3*E(3)+1/3*E(3)^2 ], 
      [ E(3), 1, E(3), 2/3*E(3)+1/3*E(3)^2, -1/3*E(3)-2/3*E(3)^2, 
          2/3*E(3)+1/3*E(3)^2 ], 
      [ E(3), E(3), 1, 2/3*E(3)+1/3*E(3)^2, 2/3*E(3)+1/3*E(3)^2, 
          -1/3*E(3)-2/3*E(3)^2 ] ], 
  [ [ 0, 1, 0, 0, 0, 0 ], [ 0, 0, 1, 0, 0, 0 ], [ 1, 0, 0, 0, 0, 0 ], 
      [ 0, 0, 0, 0, 1, 0 ], [ 0, 0, 0, 0, 0, 1 ], [ 0, 0, 0, 1, 0, 0 ] ], 
  [ [ E(3), 0, 0, 0, 0, 0 ], [ 0, E(3), 0, 0, 0, 0 ], [ 0, 0, E(3), 0, 0, 0 ],
      [ 0, 0, 0, E(3), 0, 0 ], [ 0, 0, 0, 0, E(3), 0 ], 
      [ 0, 0, 0, 0, 0, E(3) ] ] ]
   Cubic invariant basis strings: 
[ 
  "x6^3 + (-3/2)*x5*x6^2 + (-3/2)*x5^2*x6 + x5^3 + (-3/2)*x4*x6^2 + (6)*x4*x5*x\
6 + (-3/2)*x4*x5^2 + (-3/2)*x4^2*x6 + (-3/2)*x4^2*x5 + x4^3", 
  "(3/2)*x5*x6^2 + (3/2)*x5^2*x6 + (3/2)*x4*x6^2 + (-9)*x4*x5*x6 + (3/2)*x4*x5\
^2 + (3/2)*x4^2*x6 + (3/2)*x4^2*x5 + (-2)*x3*x6^2 + (1/2)*x3*x5*x6 + (-1/2)*x3\
*x5^2 + (1/2)*x3*x4*x6 + (2)*x3*x4*x5 + (-1/2)*x3*x4^2 + x3^2*x6 + (-1/2)*x3^2\
*x5 + (-1/2)*x3^2*x4 + (-1/2)*x2*x6^2 + (1/2)*x2*x5*x6 + (-2)*x2*x5^2 + (2)*x2\
*x4*x6 + (1/2)*x2*x4*x5 + (-1/2)*x2*x4^2 + (1/2)*x2*x3*x6 + (1/2)*x2*x3*x5 + -\
x2*x3*x4 + (-1/2)*x2^2*x6 + x2^2*x5 + (-1/2)*x2^2*x4 + (-1/2)*x1*x6^2 + (2)*x1\
*x5*x6 + (-1/2)*x1*x5^2 + (1/2)*x1*x4*x6 + (1/2)*x1*x4*x5 + (-2)*x1*x4^2 + (1/\
2)*x1*x3*x6 + -x1*x3*x5 + (1/2)*x1*x3*x4 + -x1*x2*x6 + (1/2)*x1*x2*x5 + (1/2)*\
x1*x2*x4 + (-1/2)*x1^2*x6 + (-1/2)*x1^2*x5 + x1^2*x4", 
  "-x5*x6^2 + -x5^2*x6 + -x4*x6^2 + -x4*x5^2 + -x4^2*x6 + -x4^2*x5 + (2)*x3*x5\
*x6 + x3*x5^2 + (2)*x3*x4*x6 + x3*x4^2 + -x3^2*x5 + -x3^2*x4 + x2*x6^2 + (2)*x\
2*x5*x6 + (2)*x2*x4*x5 + x2*x4^2 + (-2)*x2*x3*x6 + (-2)*x2*x3*x5 + x2*x3^2 + -\
x2^2*x6 + -x2^2*x4 + x2^2*x3 + x1*x6^2 + x1*x5^2 + (2)*x1*x4*x6 + (2)*x1*x4*x5\
 + (-2)*x1*x3*x6 + (-2)*x1*x3*x4 + x1*x3^2 + (-2)*x1*x2*x5 + (-2)*x1*x2*x4 + x\
1*x2^2 + -x1^2*x6 + -x1^2*x5 + x1^2*x3 + x1^2*x2", 
  "(3)*x5*x6^2 + (3)*x5^2*x6 + (3)*x4*x6^2 + (-27)*x4*x5*x6 + (3)*x4*x5^2 + (3\
)*x4^2*x6 + (3)*x4^2*x5 + (-3)*x3*x6^2 + (3/2)*x3*x5*x6 + (-3/2)*x3*x5^2 + (3/\
2)*x3*x4*x6 + (12)*x3*x4*x5 + (-3/2)*x3*x4^2 + (-3/2)*x3^2*x5 + (-3/2)*x3^2*x4\
 + x3^3 + (-3/2)*x2*x6^2 + (3/2)*x2*x5*x6 + (-3)*x2*x5^2 + (12)*x2*x4*x6 + (3/\
2)*x2*x4*x5 + (-3/2)*x2*x4^2 + (3/2)*x2*x3*x6 + (3/2)*x2*x3*x5 + (-9)*x2*x3*x4\
 + (-3/2)*x2^2*x6 + (-3/2)*x2^2*x4 + x2^3 + (-3/2)*x1*x6^2 + (12)*x1*x5*x6 + (\
-3/2)*x1*x5^2 + (3/2)*x1*x4*x6 + (3/2)*x1*x4*x5 + (-3)*x1*x4^2 + (3/2)*x1*x3*x\
6 + (-9)*x1*x3*x5 + (3/2)*x1*x3*x4 + (-9)*x1*x2*x6 + (3/2)*x1*x2*x5 + (3/2)*x1\
*x2*x4 + (6)*x1*x2*x3 + (-3/2)*x1^2*x6 + (-3/2)*x1^2*x5 + x1^3" ]
   Cubic invariant basis vectors: 
[ [ 1, -3/2, -3/2, 1, -3/2, 6, -3/2, -3/2, -3/2, 1, 0, 0, 0, 0, 0, 0, 0, 0, 
      0, 0, 0, 0, 0, 0, 0, 0, 0, 0, 0, 0, 0, 0, 0, 0, 0, 0, 0, 0, 0, 0, 0, 0, 
      0, 0, 0, 0, 0, 0, 0, 0, 0, 0, 0, 0, 0, 0 ], 
  [ 0, 3/2, 3/2, 0, 3/2, -9, 3/2, 3/2, 3/2, 0, -2, 1/2, -1/2, 1/2, 2, -1/2, 
      1, -1/2, -1/2, 0, -1/2, 1/2, -2, 2, 1/2, -1/2, 1/2, 1/2, -1, 0, -1/2, 
      1, -1/2, 0, 0, -1/2, 2, -1/2, 1/2, 1/2, -2, 1/2, -1, 1/2, 0, -1, 1/2, 
      1/2, 0, 0, -1/2, -1/2, 1, 0, 0, 0 ], 
  [ 0, -1, -1, 0, -1, 0, -1, -1, -1, 0, 0, 2, 1, 2, 0, 1, 0, -1, -1, 0, 1, 2, 
      0, 0, 2, 1, -2, -2, 0, 1, -1, 0, -1, 1, 0, 1, 0, 1, 2, 2, 0, -2, 0, -2, 
      1, 0, -2, -2, 0, 1, -1, -1, 0, 1, 1, 0 ], 
  [ 0, 3, 3, 0, 3, -27, 3, 3, 3, 0, -3, 3/2, -3/2, 3/2, 12, -3/2, 0, -3/2, 
      -3/2, 1, -3/2, 3/2, -3, 12, 3/2, -3/2, 3/2, 3/2, -9, 0, -3/2, 0, -3/2, 
      0, 1, -3/2, 12, -3/2, 3/2, 3/2, -3, 3/2, -9, 3/2, 0, -9, 3/2, 3/2, 6, 
      0, -3/2, -3/2, 0, 0, 0, 1 ] ]

125. Candidate
   Symplectic group: S3
   Component: 1; Koike (3.6), generic index 1
   Projective group ID: [ 36, 12 ]
   Strict linear group ID: [ 108, 24 ]
   Generic index: 1
   Generic full linear containment required: false
   Generic full linear containment verified: true
   Direct known case: false
   Source records: [ "S_3_initial_generic_index=1_liftable.docx" ]
   Family number within this input: 13
   Strict cubic invariant dimension: 4
   Centralizer dimension: 4
   Expected moduli dimension: 0
   Determinant image order: 6
   Gonzalez status: rejected
   Retained: false
   Gonzalez failure statuses: [ "forbidden_strict_invariant_spectrum", 
  "forbidden_strict_invariant_spectrum", "forbidden_strict_invariant_spectrum"
    , "forbidden_strict_invariant_spectrum", 
  "forbidden_strict_invariant_spectrum", 
  "forbidden_strict_invariant_spectrum" ]
   Matrix generators: 
[ [ [ 0, 1, 0, 0, 0, 0 ], [ 1, 0, 0, 0, 0, 0 ], [ 0, 0, 1, 0, 0, 0 ], 
      [ 0, 0, 0, 0, 1, 0 ], [ 0, 0, 0, 1, 0, 0 ], [ 0, 0, 0, 0, 0, 1 ] ], 
  [ [ -1, 0, 0, 0, 0, 0 ], [ 0, -1, 0, 0, 0, 0 ], [ 0, 0, -1, 0, 0, 0 ], 
      [ 2, 0, 0, 1, 0, 0 ], [ 0, 2, 0, 0, 1, 0 ], [ 0, 0, 2, 0, 0, 1 ] ], 
  [ [ E(9)^7, 0, 0, 0, 0, 0 ], [ 0, E(9)^7, 0, 0, 0, 0 ], 
      [ 0, 0, E(9)^7, 0, 0, 0 ], [ E(9)^4-E(9)^7, 0, 0, E(9)^4, 0, 0 ], 
      [ 0, E(9)^4-E(9)^7, 0, 0, E(9)^4, 0 ], 
      [ 0, 0, E(9)^4-E(9)^7, 0, 0, E(9)^4 ] ], 
  [ [ 0, 1, 0, 0, 0, 0 ], [ 0, 0, 1, 0, 0, 0 ], [ 1, 0, 0, 0, 0, 0 ], 
      [ 0, 0, 0, 0, 1, 0 ], [ 0, 0, 0, 0, 0, 1 ], [ 0, 0, 0, 1, 0, 0 ] ], 
  [ [ E(3), 0, 0, 0, 0, 0 ], [ 0, E(3), 0, 0, 0, 0 ], [ 0, 0, E(3), 0, 0, 0 ],
      [ 0, 0, 0, E(3), 0, 0 ], [ 0, 0, 0, 0, E(3), 0 ], 
      [ 0, 0, 0, 0, 0, E(3) ] ] ]
   Cubic invariant basis strings: 
[ 
  "(3)*x4*x5*x6 + (-2)*x3*x4*x5 + (-2)*x2*x4*x6 + x2*x3*x4 + (-2)*x1*x5*x6 + x1\
*x3*x5 + x1*x2*x6", 
  "x5*x6^2 + x5^2*x6 + x4*x6^2 + x4*x5^2 + x4^2*x6 + x4^2*x5 + -x3*x5*x6 + -x3\
*x5^2 + -x3*x4*x6 + -x3*x4^2 + -x2*x6^2 + -x2*x5*x6 + -x2*x4*x5 + -x2*x4^2 + x\
2*x3*x6 + x2*x3*x5 + -x1*x6^2 + -x1*x5^2 + -x1*x4*x6 + -x1*x4*x5 + x1*x3*x6 + \
x1*x3*x4 + x1*x2*x5 + x1*x2*x4", 
  "x5*x6^2 + x5^2*x6 + x4*x6^2 + x4*x5^2 + x4^2*x6 + x4^2*x5 + (-2)*x3*x5*x6 +\
 (-2)*x3*x4*x6 + x3^2*x5 + x3^2*x4 + (-2)*x2*x5*x6 + (-2)*x2*x4*x5 + x2^2*x6 +\
 x2^2*x4 + (-2)*x1*x4*x6 + (-2)*x1*x4*x5 + x1^2*x6 + x1^2*x5", 
  "x6^3 + x5^3 + x4^3 + (-2)*x3*x6^2 + x3^2*x6 + (-2)*x2*x5^2 + x2^2*x5 + (-2)\
*x1*x4^2 + x1^2*x4" ]
   Cubic invariant basis vectors: 
[ [ 0, 0, 0, 0, 0, 3, 0, 0, 0, 0, 0, 0, 0, 0, -2, 0, 0, 0, 0, 0, 0, 0, 0, -2, 
      0, 0, 0, 0, 1, 0, 0, 0, 0, 0, 0, 0, -2, 0, 0, 0, 0, 0, 1, 0, 0, 1, 0, 
      0, 0, 0, 0, 0, 0, 0, 0, 0 ], 
  [ 0, 1, 1, 0, 1, 0, 1, 1, 1, 0, 0, -1, -1, -1, 0, -1, 0, 0, 0, 0, -1, -1, 
      0, 0, -1, -1, 1, 1, 0, 0, 0, 0, 0, 0, 0, -1, 0, -1, -1, -1, 0, 1, 0, 1, 
      0, 0, 1, 1, 0, 0, 0, 0, 0, 0, 0, 0 ], 
  [ 0, 1, 1, 0, 1, 0, 1, 1, 1, 0, 0, -2, 0, -2, 0, 0, 0, 1, 1, 0, 0, -2, 0, 
      0, -2, 0, 0, 0, 0, 0, 1, 0, 1, 0, 0, 0, 0, 0, -2, -2, 0, 0, 0, 0, 0, 0, 
      0, 0, 0, 0, 1, 1, 0, 0, 0, 0 ], 
  [ 1, 0, 0, 1, 0, 0, 0, 0, 0, 1, -2, 0, 0, 0, 0, 0, 1, 0, 0, 0, 0, 0, -2, 0, 
      0, 0, 0, 0, 0, 0, 0, 1, 0, 0, 0, 0, 0, 0, 0, 0, -2, 0, 0, 0, 0, 0, 0, 
      0, 0, 0, 0, 0, 1, 0, 0, 0 ] ]
   Gonzalez failures: [ rec(
      applicable := true,
      classIndex := 43,
      classSize := 1,
      linearOrder := 9,
      normalizingScalar := 1,
      ok := false,
      projectiveOrder := 3,
      projectivePowerScalar := E(3)^2,
      projectivePowerScalarExponent := 2,
      reason := "no_Gonzalez_strict_invariant_pattern_matches",
      status := "forbidden_strict_invariant_spectrum",
      testedCharacteristicPolynomial := 
       x1^6+3*E(9)^5*x1^5+(-6*E(9)^4-6*E(9)^7)*x1^4+7*E(3)^2*x1^3+6*E(9)^2*x1^\
2+3*E(9)^7*x1+E(3) ), rec(
      applicable := true,
      classIndex := 45,
      classSize := 1,
      linearOrder := 9,
      normalizingScalar := 1,
      ok := false,
      projectiveOrder := 3,
      projectivePowerScalar := E(3),
      projectivePowerScalarExponent := 1,
      reason := "no_Gonzalez_strict_invariant_pattern_matches",
      status := "forbidden_strict_invariant_spectrum",
      testedCharacteristicPolynomial := 
       x1^6+3*E(9)^4*x1^5+(-6*E(9)^2-6*E(9)^5)*x1^4+7*E(3)*x1^3+6*E(9)^7*x1^2+\
3*E(9)^2*x1+E(3)^2 ), rec(
      applicable := true,
      classIndex := 49,
      classSize := 1,
      linearOrder := 9,
      normalizingScalar := 1,
      ok := false,
      projectiveOrder := 3,
      projectivePowerScalar := E(3),
      projectivePowerScalarExponent := 1,
      reason := "no_Gonzalez_strict_invariant_pattern_matches",
      status := "forbidden_strict_invariant_spectrum",
      testedCharacteristicPolynomial := 
       x1^6+(-3*E(9)^4-3*E(9)^7)*x1^5+6*E(9)^2*x1^4+7*E(3)*x1^3+6*E(9)^4*x1^2+\
3*E(9)^5*x1+E(3)^2 ), rec(
      applicable := true,
      classIndex := 50,
      classSize := 1,
      linearOrder := 9,
      normalizingScalar := 1,
      ok := false,
      projectiveOrder := 3,
      projectivePowerScalar := E(3)^2,
      projectivePowerScalarExponent := 2,
      reason := "no_Gonzalez_strict_invariant_pattern_matches",
      status := "forbidden_strict_invariant_spectrum",
      testedCharacteristicPolynomial := 
       x1^6+3*E(9)^2*x1^5+6*E(9)^4*x1^4+7*E(3)^2*x1^3+(-6*E(9)^2-6*E(9)^5)*x1^\
2+(-3*E(9)^4-3*E(9)^7)*x1+E(3) ), rec(
      applicable := true,
      classIndex := 51,
      classSize := 1,
      linearOrder := 9,
      normalizingScalar := 1,
      ok := false,
      projectiveOrder := 3,
      projectivePowerScalar := E(3),
      projectivePowerScalarExponent := 1,
      reason := "no_Gonzalez_strict_invariant_pattern_matches",
      status := "forbidden_strict_invariant_spectrum",
      testedCharacteristicPolynomial := 
       x1^6+3*E(9)^7*x1^5+6*E(9)^5*x1^4+7*E(3)*x1^3+(-6*E(9)^4-6*E(9)^7)*x1^2+\
(-3*E(9)^2-3*E(9)^5)*x1+E(3)^2 ), rec(
      applicable := true,
      classIndex := 53,
      classSize := 1,
      linearOrder := 9,
      normalizingScalar := 1,
      ok := false,
      projectiveOrder := 3,
      projectivePowerScalar := E(3)^2,
      projectivePowerScalarExponent := 2,
      reason := "no_Gonzalez_strict_invariant_pattern_matches",
      status := "forbidden_strict_invariant_spectrum",
      testedCharacteristicPolynomial := 
       x1^6+(-3*E(9)^2-3*E(9)^5)*x1^5+6*E(9)^7*x1^4+7*E(3)^2*x1^3+6*E(9)^5*x1^\
2+3*E(9)^4*x1+E(3) ) ]

126. Candidate
   Symplectic group: S3
   Component: 1; Koike (3.6), generic index 1
   Projective group ID: [ 48, 4 ]
   Strict linear group ID: [ 144, 69 ]
   Generic index: 1
   Generic full linear containment required: false
   Generic full linear containment verified: true
   Direct known case: false
   Source records: [ "S_3_initial_generic_index=1_liftable.docx" ]
   Family number within this input: 1
   Strict cubic invariant dimension: 4
   Centralizer dimension: 4
   Expected moduli dimension: 0
   Determinant image order: 8
   Gonzalez status: passed
   Retained: true
   Gonzalez failure statuses: [  ]
   Matrix generators: 
[ [ [ 0, 1, 0, 0, 0, 0 ], [ 1, 0, 0, 0, 0, 0 ], [ 0, 0, 1, 0, 0, 0 ], 
      [ 0, 0, 0, 0, 1, 0 ], [ 0, 0, 0, 1, 0, 0 ], [ 0, 0, 0, 0, 0, 1 ] ], 
  [ [ -E(8), 0, 0, 0, 0, 0 ], [ 0, -E(8), 0, 0, 0, 0 ], 
      [ 0, 0, -E(8), 0, 0, 0 ], [ E(8)-E(8)^2, 0, 0, -E(4), 0, 0 ], 
      [ 0, E(8)-E(8)^2, 0, 0, -E(4), 0 ], [ 0, 0, E(8)-E(8)^2, 0, 0, -E(4) ] ]
    , 
  [ [ E(4), 0, 0, 0, 0, 0 ], [ 0, E(4), 0, 0, 0, 0 ], [ 0, 0, E(4), 0, 0, 0 ],
      [ -1-E(4), 0, 0, -1, 0, 0 ], [ 0, -1-E(4), 0, 0, -1, 0 ], 
      [ 0, 0, -1-E(4), 0, 0, -1 ] ], 
  [ [ -1, 0, 0, 0, 0, 0 ], [ 0, -1, 0, 0, 0, 0 ], [ 0, 0, -1, 0, 0, 0 ], 
      [ 2, 0, 0, 1, 0, 0 ], [ 0, 2, 0, 0, 1, 0 ], [ 0, 0, 2, 0, 0, 1 ] ], 
  [ [ 0, 1, 0, 0, 0, 0 ], [ 0, 0, 1, 0, 0, 0 ], [ 1, 0, 0, 0, 0, 0 ], 
      [ 0, 0, 0, 0, 1, 0 ], [ 0, 0, 0, 0, 0, 1 ], [ 0, 0, 0, 1, 0, 0 ] ], 
  [ [ E(3), 0, 0, 0, 0, 0 ], [ 0, E(3), 0, 0, 0, 0 ], [ 0, 0, E(3), 0, 0, 0 ],
      [ 0, 0, 0, E(3), 0, 0 ], [ 0, 0, 0, 0, E(3), 0 ], 
      [ 0, 0, 0, 0, 0, E(3) ] ] ]
   Cubic invariant basis strings: 
[ 
  "(3)*x4*x5*x6 + (-2)*x3*x4*x5 + (-2)*x2*x4*x6 + x2*x3*x4 + (-2)*x1*x5*x6 + x1\
*x3*x5 + x1*x2*x6", 
  "x5*x6^2 + x5^2*x6 + x4*x6^2 + x4*x5^2 + x4^2*x6 + x4^2*x5 + -x3*x5*x6 + -x3\
*x5^2 + -x3*x4*x6 + -x3*x4^2 + -x2*x6^2 + -x2*x5*x6 + -x2*x4*x5 + -x2*x4^2 + x\
2*x3*x6 + x2*x3*x5 + -x1*x6^2 + -x1*x5^2 + -x1*x4*x6 + -x1*x4*x5 + x1*x3*x6 + \
x1*x3*x4 + x1*x2*x5 + x1*x2*x4", 
  "x5*x6^2 + x5^2*x6 + x4*x6^2 + x4*x5^2 + x4^2*x6 + x4^2*x5 + (-2)*x3*x5*x6 +\
 (-2)*x3*x4*x6 + x3^2*x5 + x3^2*x4 + (-2)*x2*x5*x6 + (-2)*x2*x4*x5 + x2^2*x6 +\
 x2^2*x4 + (-2)*x1*x4*x6 + (-2)*x1*x4*x5 + x1^2*x6 + x1^2*x5", 
  "x6^3 + x5^3 + x4^3 + (-2)*x3*x6^2 + x3^2*x6 + (-2)*x2*x5^2 + x2^2*x5 + (-2)\
*x1*x4^2 + x1^2*x4" ]
   Cubic invariant basis vectors: 
[ [ 0, 0, 0, 0, 0, 3, 0, 0, 0, 0, 0, 0, 0, 0, -2, 0, 0, 0, 0, 0, 0, 0, 0, -2, 
      0, 0, 0, 0, 1, 0, 0, 0, 0, 0, 0, 0, -2, 0, 0, 0, 0, 0, 1, 0, 0, 1, 0, 
      0, 0, 0, 0, 0, 0, 0, 0, 0 ], 
  [ 0, 1, 1, 0, 1, 0, 1, 1, 1, 0, 0, -1, -1, -1, 0, -1, 0, 0, 0, 0, -1, -1, 
      0, 0, -1, -1, 1, 1, 0, 0, 0, 0, 0, 0, 0, -1, 0, -1, -1, -1, 0, 1, 0, 1, 
      0, 0, 1, 1, 0, 0, 0, 0, 0, 0, 0, 0 ], 
  [ 0, 1, 1, 0, 1, 0, 1, 1, 1, 0, 0, -2, 0, -2, 0, 0, 0, 1, 1, 0, 0, -2, 0, 
      0, -2, 0, 0, 0, 0, 0, 1, 0, 1, 0, 0, 0, 0, 0, -2, -2, 0, 0, 0, 0, 0, 0, 
      0, 0, 0, 0, 1, 1, 0, 0, 0, 0 ], 
  [ 1, 0, 0, 1, 0, 0, 0, 0, 0, 1, -2, 0, 0, 0, 0, 0, 1, 0, 0, 0, 0, 0, -2, 0, 
      0, 0, 0, 0, 0, 0, 0, 1, 0, 0, 0, 0, 0, 0, 0, 0, -2, 0, 0, 0, 0, 0, 0, 
      0, 0, 0, 0, 0, 1, 0, 0, 0 ] ]

127. Candidate
   Symplectic group: S3
   Component: 1; Koike (3.6), generic index 1
   Projective group ID: [ 48, 4 ]
   Strict linear group ID: [ 144, 69 ]
   Generic index: 1
   Generic full linear containment required: false
   Generic full linear containment verified: true
   Direct known case: false
   Source records: [ "S_3_initial_generic_index=1_liftable.docx" ]
   Family number within this input: 2
   Strict cubic invariant dimension: 4
   Centralizer dimension: 4
   Expected moduli dimension: 0
   Determinant image order: 8
   Gonzalez status: passed
   Retained: true
   Gonzalez failure statuses: [  ]
   Matrix generators: 
[ [ [ 0, 1, 0, 0, 0, 0 ], [ 1, 0, 0, 0, 0, 0 ], [ 0, 0, 1, 0, 0, 0 ], 
      [ 0, 0, 0, 0, 1, 0 ], [ 0, 0, 0, 1, 0, 0 ], [ 0, 0, 0, 0, 0, 1 ] ], 
  [ [ 2/3*E(8)-1/3*E(8)^3, -1/3*E(8)-1/3*E(8)^3, -1/3*E(8)-1/3*E(8)^3, 0, 0, 
          0 ], 
      [ -1/3*E(8)-1/3*E(8)^3, 2/3*E(8)-1/3*E(8)^3, -1/3*E(8)-1/3*E(8)^3, 0, 
          0, 0 ], 
      [ -1/3*E(8)-1/3*E(8)^3, -1/3*E(8)-1/3*E(8)^3, 2/3*E(8)-1/3*E(8)^3, 0, 
          0, 0 ], 
      [ 1-2/3*E(8)+1/3*E(8)^3, 1/3*E(8)+1/3*E(8)^3, 1/3*E(8)+1/3*E(8)^3, 1, 
          0, 0 ], 
      [ 1/3*E(8)+1/3*E(8)^3, 1-2/3*E(8)+1/3*E(8)^3, 1/3*E(8)+1/3*E(8)^3, 0, 
          1, 0 ], 
      [ 1/3*E(8)+1/3*E(8)^3, 1/3*E(8)+1/3*E(8)^3, 1-2/3*E(8)+1/3*E(8)^3, 0, 
          0, 1 ] ], 
  [ [ 1/3*E(4), -2/3*E(4), -2/3*E(4), 0, 0, 0 ], 
      [ -2/3*E(4), 1/3*E(4), -2/3*E(4), 0, 0, 0 ], 
      [ -2/3*E(4), -2/3*E(4), 1/3*E(4), 0, 0, 0 ], 
      [ 1-1/3*E(4), 2/3*E(4), 2/3*E(4), 1, 0, 0 ], 
      [ 2/3*E(4), 1-1/3*E(4), 2/3*E(4), 0, 1, 0 ], 
      [ 2/3*E(4), 2/3*E(4), 1-1/3*E(4), 0, 0, 1 ] ], 
  [ [ -1, 0, 0, 0, 0, 0 ], [ 0, -1, 0, 0, 0, 0 ], [ 0, 0, -1, 0, 0, 0 ], 
      [ 2, 0, 0, 1, 0, 0 ], [ 0, 2, 0, 0, 1, 0 ], [ 0, 0, 2, 0, 0, 1 ] ], 
  [ [ 0, 1, 0, 0, 0, 0 ], [ 0, 0, 1, 0, 0, 0 ], [ 1, 0, 0, 0, 0, 0 ], 
      [ 0, 0, 0, 0, 1, 0 ], [ 0, 0, 0, 0, 0, 1 ], [ 0, 0, 0, 1, 0, 0 ] ], 
  [ [ E(3), 0, 0, 0, 0, 0 ], [ 0, E(3), 0, 0, 0, 0 ], [ 0, 0, E(3), 0, 0, 0 ],
      [ 0, 0, 0, E(3), 0, 0 ], [ 0, 0, 0, 0, E(3), 0 ], 
      [ 0, 0, 0, 0, 0, E(3) ] ] ]
   Cubic invariant basis strings: 
[ "x4*x5*x6", "x5*x6^2 + x5^2*x6 + x4*x6^2 + x4*x5^2 + x4^2*x6 + x4^2*x5", 
  "x6^3 + x5^3 + x4^3", 
  "(-2)*x3*x6^2 + (1/2)*x3*x5*x6 + (-1/2)*x3*x5^2 + (1/2)*x3*x4*x6 + (2)*x3*x4\
*x5 + (-1/2)*x3*x4^2 + x3^2*x6 + (-1/2)*x3^2*x5 + (-1/2)*x3^2*x4 + (-1/2)*x2*x\
6^2 + (1/2)*x2*x5*x6 + (-2)*x2*x5^2 + (2)*x2*x4*x6 + (1/2)*x2*x4*x5 + (-1/2)*x\
2*x4^2 + (1/2)*x2*x3*x6 + (1/2)*x2*x3*x5 + -x2*x3*x4 + (-1/2)*x2^2*x6 + x2^2*x\
5 + (-1/2)*x2^2*x4 + (-1/2)*x1*x6^2 + (2)*x1*x5*x6 + (-1/2)*x1*x5^2 + (1/2)*x1\
*x4*x6 + (1/2)*x1*x4*x5 + (-2)*x1*x4^2 + (1/2)*x1*x3*x6 + -x1*x3*x5 + (1/2)*x1\
*x3*x4 + -x1*x2*x6 + (1/2)*x1*x2*x5 + (1/2)*x1*x2*x4 + (-1/2)*x1^2*x6 + (-1/2)\
*x1^2*x5 + x1^2*x4" ]
   Cubic invariant basis vectors: 
[ [ 0, 0, 0, 0, 0, 1, 0, 0, 0, 0, 0, 0, 0, 0, 0, 0, 0, 0, 0, 0, 0, 0, 0, 0, 
      0, 0, 0, 0, 0, 0, 0, 0, 0, 0, 0, 0, 0, 0, 0, 0, 0, 0, 0, 0, 0, 0, 0, 0, 
      0, 0, 0, 0, 0, 0, 0, 0 ], 
  [ 0, 1, 1, 0, 1, 0, 1, 1, 1, 0, 0, 0, 0, 0, 0, 0, 0, 0, 0, 0, 0, 0, 0, 0, 
      0, 0, 0, 0, 0, 0, 0, 0, 0, 0, 0, 0, 0, 0, 0, 0, 0, 0, 0, 0, 0, 0, 0, 0, 
      0, 0, 0, 0, 0, 0, 0, 0 ], 
  [ 1, 0, 0, 1, 0, 0, 0, 0, 0, 1, 0, 0, 0, 0, 0, 0, 0, 0, 0, 0, 0, 0, 0, 0, 
      0, 0, 0, 0, 0, 0, 0, 0, 0, 0, 0, 0, 0, 0, 0, 0, 0, 0, 0, 0, 0, 0, 0, 0, 
      0, 0, 0, 0, 0, 0, 0, 0 ], 
  [ 0, 0, 0, 0, 0, 0, 0, 0, 0, 0, -2, 1/2, -1/2, 1/2, 2, -1/2, 1, -1/2, -1/2, 
      0, -1/2, 1/2, -2, 2, 1/2, -1/2, 1/2, 1/2, -1, 0, -1/2, 1, -1/2, 0, 0, 
      -1/2, 2, -1/2, 1/2, 1/2, -2, 1/2, -1, 1/2, 0, -1, 1/2, 1/2, 0, 0, -1/2, 
      -1/2, 1, 0, 0, 0 ] ]

128. Candidate
   Symplectic group: S3
   Component: 1; Koike (3.6), generic index 1
   Projective group ID: [ 48, 4 ]
   Strict linear group ID: [ 144, 69 ]
   Generic index: 1
   Generic full linear containment required: false
   Generic full linear containment verified: true
   Direct known case: false
   Source records: [ "S_3_initial_generic_index=1_liftable.docx" ]
   Family number within this input: 3
   Strict cubic invariant dimension: 5
   Centralizer dimension: 4
   Expected moduli dimension: 1
   Determinant image order: 8
   Gonzalez status: passed
   Retained: true
   Gonzalez failure statuses: [  ]
   Matrix generators: 
[ [ [ 0, 1, 0, 0, 0, 0 ], [ 1, 0, 0, 0, 0, 0 ], [ 0, 0, 1, 0, 0, 0 ], 
      [ 0, 0, 0, 0, 1, 0 ], [ 0, 0, 0, 1, 0, 0 ], [ 0, 0, 0, 0, 0, 1 ] ], 
  [ [ -2/3-1/3*E(8)^3, 1/3-1/3*E(8)^3, 1/3-1/3*E(8)^3, 0, 0, 0 ], 
      [ 1/3-1/3*E(8)^3, -2/3-1/3*E(8)^3, 1/3-1/3*E(8)^3, 0, 0, 0 ], 
      [ 1/3-1/3*E(8)^3, 1/3-1/3*E(8)^3, -2/3-1/3*E(8)^3, 0, 0, 0 ], 
      [ 5/3+1/3*E(8)^3, -1/3+1/3*E(8)^3, -1/3+1/3*E(8)^3, 1, 0, 0 ], 
      [ -1/3+1/3*E(8)^3, 5/3+1/3*E(8)^3, -1/3+1/3*E(8)^3, 0, 1, 0 ], 
      [ -1/3+1/3*E(8)^3, -1/3+1/3*E(8)^3, 5/3+1/3*E(8)^3, 0, 0, 1 ] ], 
  [ [ 2/3-1/3*E(4), -1/3-1/3*E(4), -1/3-1/3*E(4), 0, 0, 0 ], 
      [ -1/3-1/3*E(4), 2/3-1/3*E(4), -1/3-1/3*E(4), 0, 0, 0 ], 
      [ -1/3-1/3*E(4), -1/3-1/3*E(4), 2/3-1/3*E(4), 0, 0, 0 ], 
      [ 1/3+1/3*E(4), 1/3+1/3*E(4), 1/3+1/3*E(4), 1, 0, 0 ], 
      [ 1/3+1/3*E(4), 1/3+1/3*E(4), 1/3+1/3*E(4), 0, 1, 0 ], 
      [ 1/3+1/3*E(4), 1/3+1/3*E(4), 1/3+1/3*E(4), 0, 0, 1 ] ], 
  [ [ 1/3, -2/3, -2/3, 0, 0, 0 ], [ -2/3, 1/3, -2/3, 0, 0, 0 ], 
      [ -2/3, -2/3, 1/3, 0, 0, 0 ], [ 2/3, 2/3, 2/3, 1, 0, 0 ], 
      [ 2/3, 2/3, 2/3, 0, 1, 0 ], [ 2/3, 2/3, 2/3, 0, 0, 1 ] ], 
  [ [ 0, 1, 0, 0, 0, 0 ], [ 0, 0, 1, 0, 0, 0 ], [ 1, 0, 0, 0, 0, 0 ], 
      [ 0, 0, 0, 0, 1, 0 ], [ 0, 0, 0, 0, 0, 1 ], [ 0, 0, 0, 1, 0, 0 ] ], 
  [ [ E(3), 0, 0, 0, 0, 0 ], [ 0, E(3), 0, 0, 0, 0 ], [ 0, 0, E(3), 0, 0, 0 ],
      [ 0, 0, 0, E(3), 0, 0 ], [ 0, 0, 0, 0, E(3), 0 ], 
      [ 0, 0, 0, 0, 0, E(3) ] ] ]
   Cubic invariant basis strings: 
[ "x4*x5*x6", "x5*x6^2 + x5^2*x6 + x4*x6^2 + x4*x5^2 + x4^2*x6 + x4^2*x5", 
  "x6^3 + x5^3 + x4^3", 
  "(-2)*x3*x5*x6 + (-2)*x3*x4*x6 + (4)*x3*x4*x5 + x3^2*x5 + x3^2*x4 + (-2)*x2*\
x5*x6 + (4)*x2*x4*x6 + (-2)*x2*x4*x5 + (-2)*x2*x3*x4 + x2^2*x6 + x2^2*x4 + (4)\
*x1*x5*x6 + (-2)*x1*x4*x6 + (-2)*x1*x4*x5 + (-2)*x1*x3*x5 + (-2)*x1*x2*x6 + x1\
^2*x6 + x1^2*x5", 
  "(-2)*x3*x6^2 + x3*x5*x6 + x3*x5^2 + x3*x4*x6 + (-2)*x3*x4*x5 + x3*x4^2 + x3\
^2*x6 + x2*x6^2 + x2*x5*x6 + (-2)*x2*x5^2 + (-2)*x2*x4*x6 + x2*x4*x5 + x2*x4^2\
 + -x2*x3*x6 + -x2*x3*x5 + x2*x3*x4 + x2^2*x5 + x1*x6^2 + (-2)*x1*x5*x6 + x1*x\
5^2 + x1*x4*x6 + x1*x4*x5 + (-2)*x1*x4^2 + -x1*x3*x6 + x1*x3*x5 + -x1*x3*x4 + \
x1*x2*x6 + -x1*x2*x5 + -x1*x2*x4 + x1^2*x4" ]
   Cubic invariant basis vectors: 
[ [ 0, 0, 0, 0, 0, 1, 0, 0, 0, 0, 0, 0, 0, 0, 0, 0, 0, 0, 0, 0, 0, 0, 0, 0, 
      0, 0, 0, 0, 0, 0, 0, 0, 0, 0, 0, 0, 0, 0, 0, 0, 0, 0, 0, 0, 0, 0, 0, 0, 
      0, 0, 0, 0, 0, 0, 0, 0 ], 
  [ 0, 1, 1, 0, 1, 0, 1, 1, 1, 0, 0, 0, 0, 0, 0, 0, 0, 0, 0, 0, 0, 0, 0, 0, 
      0, 0, 0, 0, 0, 0, 0, 0, 0, 0, 0, 0, 0, 0, 0, 0, 0, 0, 0, 0, 0, 0, 0, 0, 
      0, 0, 0, 0, 0, 0, 0, 0 ], 
  [ 1, 0, 0, 1, 0, 0, 0, 0, 0, 1, 0, 0, 0, 0, 0, 0, 0, 0, 0, 0, 0, 0, 0, 0, 
      0, 0, 0, 0, 0, 0, 0, 0, 0, 0, 0, 0, 0, 0, 0, 0, 0, 0, 0, 0, 0, 0, 0, 0, 
      0, 0, 0, 0, 0, 0, 0, 0 ], 
  [ 0, 0, 0, 0, 0, 0, 0, 0, 0, 0, 0, -2, 0, -2, 4, 0, 0, 1, 1, 0, 0, -2, 0, 
      4, -2, 0, 0, 0, -2, 0, 1, 0, 1, 0, 0, 0, 4, 0, -2, -2, 0, 0, -2, 0, 0, 
      -2, 0, 0, 0, 0, 1, 1, 0, 0, 0, 0 ], 
  [ 0, 0, 0, 0, 0, 0, 0, 0, 0, 0, -2, 1, 1, 1, -2, 1, 1, 0, 0, 0, 1, 1, -2, 
      -2, 1, 1, -1, -1, 1, 0, 0, 1, 0, 0, 0, 1, -2, 1, 1, 1, -2, -1, 1, -1, 
      0, 1, -1, -1, 0, 0, 0, 0, 1, 0, 0, 0 ] ]

129. Candidate
   Symplectic group: S3
   Component: 1; Koike (3.6), generic index 1
   Projective group ID: [ 48, 4 ]
   Strict linear group ID: [ 144, 69 ]
   Generic index: 1
   Generic full linear containment required: false
   Generic full linear containment verified: true
   Direct known case: false
   Source records: [ "S_3_initial_generic_index=1_liftable.docx" ]
   Family number within this input: 4
   Strict cubic invariant dimension: 8
   Centralizer dimension: 6
   Expected moduli dimension: 2
   Determinant image order: 8
   Gonzalez status: passed
   Retained: true
   Gonzalez failure statuses: [  ]
   Matrix generators: 
[ [ [ 0, 1, 0, 0, 0, 0 ], [ 1, 0, 0, 0, 0, 0 ], [ 0, 0, 1, 0, 0, 0 ], 
      [ 0, 0, 0, 0, 1, 0 ], [ 0, 0, 0, 1, 0, 0 ], [ 0, 0, 0, 0, 0, 1 ] ], 
  [ [ 2/3-1/3*E(8)^3, -1/3-1/3*E(8)^3, -1/3-1/3*E(8)^3, 0, 0, 0 ], 
      [ -1/3-1/3*E(8)^3, 2/3-1/3*E(8)^3, -1/3-1/3*E(8)^3, 0, 0, 0 ], 
      [ -1/3-1/3*E(8)^3, -1/3-1/3*E(8)^3, 2/3-1/3*E(8)^3, 0, 0, 0 ], 
      [ 1/3+1/3*E(8)^3, 1/3+1/3*E(8)^3, 1/3+1/3*E(8)^3, 1, 0, 0 ], 
      [ 1/3+1/3*E(8)^3, 1/3+1/3*E(8)^3, 1/3+1/3*E(8)^3, 0, 1, 0 ], 
      [ 1/3+1/3*E(8)^3, 1/3+1/3*E(8)^3, 1/3+1/3*E(8)^3, 0, 0, 1 ] ], 
  [ [ 2/3-1/3*E(4), -1/3-1/3*E(4), -1/3-1/3*E(4), 0, 0, 0 ], 
      [ -1/3-1/3*E(4), 2/3-1/3*E(4), -1/3-1/3*E(4), 0, 0, 0 ], 
      [ -1/3-1/3*E(4), -1/3-1/3*E(4), 2/3-1/3*E(4), 0, 0, 0 ], 
      [ 1/3+1/3*E(4), 1/3+1/3*E(4), 1/3+1/3*E(4), 1, 0, 0 ], 
      [ 1/3+1/3*E(4), 1/3+1/3*E(4), 1/3+1/3*E(4), 0, 1, 0 ], 
      [ 1/3+1/3*E(4), 1/3+1/3*E(4), 1/3+1/3*E(4), 0, 0, 1 ] ], 
  [ [ 1/3, -2/3, -2/3, 0, 0, 0 ], [ -2/3, 1/3, -2/3, 0, 0, 0 ], 
      [ -2/3, -2/3, 1/3, 0, 0, 0 ], [ 2/3, 2/3, 2/3, 1, 0, 0 ], 
      [ 2/3, 2/3, 2/3, 0, 1, 0 ], [ 2/3, 2/3, 2/3, 0, 0, 1 ] ], 
  [ [ 0, 1, 0, 0, 0, 0 ], [ 0, 0, 1, 0, 0, 0 ], [ 1, 0, 0, 0, 0, 0 ], 
      [ 0, 0, 0, 0, 1, 0 ], [ 0, 0, 0, 0, 0, 1 ], [ 0, 0, 0, 1, 0, 0 ] ], 
  [ [ E(3), 0, 0, 0, 0, 0 ], [ 0, E(3), 0, 0, 0, 0 ], [ 0, 0, E(3), 0, 0, 0 ],
      [ 0, 0, 0, E(3), 0, 0 ], [ 0, 0, 0, 0, E(3), 0 ], 
      [ 0, 0, 0, 0, 0, E(3) ] ] ]
   Cubic invariant basis strings: 
[ "x4*x5*x6", "x5*x6^2 + x5^2*x6 + x4*x6^2 + x4*x5^2 + x4^2*x6 + x4^2*x5", 
  "x6^3 + x5^3 + x4^3", 
  "x3*x5*x6 + x3*x4*x6 + (-2)*x3*x4*x5 + x2*x5*x6 + (-2)*x2*x4*x6 + x2*x4*x5 +\
 (-2)*x1*x5*x6 + x1*x4*x6 + x1*x4*x5", 
  "x3*x6^2 + (-1/2)*x3*x5^2 + (-1/2)*x3*x4^2 + (-1/2)*x2*x6^2 + x2*x5^2 + (-1/\
2)*x2*x4^2 + (-1/2)*x1*x6^2 + (-1/2)*x1*x5^2 + x1*x4^2", 
  "x3^2*x5 + x3^2*x4 + (-2)*x2*x3*x4 + x2^2*x6 + x2^2*x4 + (-2)*x1*x3*x5 + (-2\
)*x1*x2*x6 + x1^2*x6 + x1^2*x5", 
  "x3^2*x6 + -x2*x3*x6 + -x2*x3*x5 + x2*x3*x4 + x2^2*x5 + -x1*x3*x6 + x1*x3*x5\
 + -x1*x3*x4 + x1*x2*x6 + -x1*x2*x5 + -x1*x2*x4 + x1^2*x4", 
  "x3^3 + (-3/2)*x2*x3^2 + (-3/2)*x2^2*x3 + x2^3 + (-3/2)*x1*x3^2 + (6)*x1*x2*\
x3 + (-3/2)*x1*x2^2 + (-3/2)*x1^2*x3 + (-3/2)*x1^2*x2 + x1^3" ]
   Cubic invariant basis vectors: 
[ [ 0, 0, 0, 0, 0, 1, 0, 0, 0, 0, 0, 0, 0, 0, 0, 0, 0, 0, 0, 0, 0, 0, 0, 0, 
      0, 0, 0, 0, 0, 0, 0, 0, 0, 0, 0, 0, 0, 0, 0, 0, 0, 0, 0, 0, 0, 0, 0, 0, 
      0, 0, 0, 0, 0, 0, 0, 0 ], 
  [ 0, 1, 1, 0, 1, 0, 1, 1, 1, 0, 0, 0, 0, 0, 0, 0, 0, 0, 0, 0, 0, 0, 0, 0, 
      0, 0, 0, 0, 0, 0, 0, 0, 0, 0, 0, 0, 0, 0, 0, 0, 0, 0, 0, 0, 0, 0, 0, 0, 
      0, 0, 0, 0, 0, 0, 0, 0 ], 
  [ 1, 0, 0, 1, 0, 0, 0, 0, 0, 1, 0, 0, 0, 0, 0, 0, 0, 0, 0, 0, 0, 0, 0, 0, 
      0, 0, 0, 0, 0, 0, 0, 0, 0, 0, 0, 0, 0, 0, 0, 0, 0, 0, 0, 0, 0, 0, 0, 0, 
      0, 0, 0, 0, 0, 0, 0, 0 ], 
  [ 0, 0, 0, 0, 0, 0, 0, 0, 0, 0, 0, 1, 0, 1, -2, 0, 0, 0, 0, 0, 0, 1, 0, -2, 
      1, 0, 0, 0, 0, 0, 0, 0, 0, 0, 0, 0, -2, 0, 1, 1, 0, 0, 0, 0, 0, 0, 0, 
      0, 0, 0, 0, 0, 0, 0, 0, 0 ], 
  [ 0, 0, 0, 0, 0, 0, 0, 0, 0, 0, 1, 0, -1/2, 0, 0, -1/2, 0, 0, 0, 0, -1/2, 
      0, 1, 0, 0, -1/2, 0, 0, 0, 0, 0, 0, 0, 0, 0, -1/2, 0, -1/2, 0, 0, 1, 0, 
      0, 0, 0, 0, 0, 0, 0, 0, 0, 0, 0, 0, 0, 0 ], 
  [ 0, 0, 0, 0, 0, 0, 0, 0, 0, 0, 0, 0, 0, 0, 0, 0, 0, 1, 1, 0, 0, 0, 0, 0, 
      0, 0, 0, 0, -2, 0, 1, 0, 1, 0, 0, 0, 0, 0, 0, 0, 0, 0, -2, 0, 0, -2, 0, 
      0, 0, 0, 1, 1, 0, 0, 0, 0 ], 
  [ 0, 0, 0, 0, 0, 0, 0, 0, 0, 0, 0, 0, 0, 0, 0, 0, 1, 0, 0, 0, 0, 0, 0, 0, 
      0, 0, -1, -1, 1, 0, 0, 1, 0, 0, 0, 0, 0, 0, 0, 0, 0, -1, 1, -1, 0, 1, 
      -1, -1, 0, 0, 0, 0, 1, 0, 0, 0 ], 
  [ 0, 0, 0, 0, 0, 0, 0, 0, 0, 0, 0, 0, 0, 0, 0, 0, 0, 0, 0, 1, 0, 0, 0, 0, 
      0, 0, 0, 0, 0, -3/2, 0, 0, 0, -3/2, 1, 0, 0, 0, 0, 0, 0, 0, 0, 0, -3/2, 
      0, 0, 0, 6, -3/2, 0, 0, 0, -3/2, -3/2, 1 ] ]

130. Candidate
   Symplectic group: S3
   Component: 1; Koike (3.6), generic index 1
   Projective group ID: [ 72, 27 ]
   Strict linear group ID: [ 216, 136 ]
   Generic index: 1
   Generic full linear containment required: false
   Generic full linear containment verified: true
   Direct known case: false
   Source records: [ "S_3_initial_generic_index=1_liftable.docx" ]
   Family number within this input: 1
   Strict cubic invariant dimension: 4
   Centralizer dimension: 4
   Expected moduli dimension: 0
   Determinant image order: 12
   Gonzalez status: passed
   Retained: true
   Gonzalez failure statuses: [  ]
   Matrix generators: 
[ [ [ 0, 1, 0, 0, 0, 0 ], [ 1, 0, 0, 0, 0, 0 ], [ 0, 0, 1, 0, 0, 0 ], 
      [ 0, 0, 0, 0, 1, 0 ], [ 0, 0, 0, 1, 0, 0 ], [ 0, 0, 0, 0, 0, 1 ] ], 
  [ [ 2/3-1/3*E(4), -1/3-1/3*E(4), -1/3-1/3*E(4), 0, 0, 0 ], 
      [ -1/3-1/3*E(4), 2/3-1/3*E(4), -1/3-1/3*E(4), 0, 0, 0 ], 
      [ -1/3-1/3*E(4), -1/3-1/3*E(4), 2/3-1/3*E(4), 0, 0, 0 ], 
      [ 1/3+1/3*E(4), 1/3+1/3*E(4), 1/3+1/3*E(4), 1, 0, 0 ], 
      [ 1/3+1/3*E(4), 1/3+1/3*E(4), 1/3+1/3*E(4), 0, 1, 0 ], 
      [ 1/3+1/3*E(4), 1/3+1/3*E(4), 1/3+1/3*E(4), 0, 0, 1 ] ], 
  [ [ E(3)^2, 0, 0, 0, 0, 0 ], [ 0, E(3)^2, 0, 0, 0, 0 ], 
      [ 0, 0, E(3)^2, 0, 0, 0 ], 
      [ 2/3*E(3)-2/3*E(3)^2, -1/3*E(3)+1/3*E(3)^2, -1/3*E(3)+1/3*E(3)^2, 
          2/3*E(3)+1/3*E(3)^2, -1/3*E(3)+1/3*E(3)^2, -1/3*E(3)+1/3*E(3)^2 ], 
      [ -1/3*E(3)+1/3*E(3)^2, 2/3*E(3)-2/3*E(3)^2, -1/3*E(3)+1/3*E(3)^2, 
          -1/3*E(3)+1/3*E(3)^2, 2/3*E(3)+1/3*E(3)^2, -1/3*E(3)+1/3*E(3)^2 ], 
      [ -1/3*E(3)+1/3*E(3)^2, -1/3*E(3)+1/3*E(3)^2, 2/3*E(3)-2/3*E(3)^2, 
          -1/3*E(3)+1/3*E(3)^2, -1/3*E(3)+1/3*E(3)^2, 2/3*E(3)+1/3*E(3)^2 ] ],
  [ [ 1/3, -2/3, -2/3, 0, 0, 0 ], [ -2/3, 1/3, -2/3, 0, 0, 0 ], 
      [ -2/3, -2/3, 1/3, 0, 0, 0 ], [ 2/3, 2/3, 2/3, 1, 0, 0 ], 
      [ 2/3, 2/3, 2/3, 0, 1, 0 ], [ 2/3, 2/3, 2/3, 0, 0, 1 ] ], 
  [ [ 0, 1, 0, 0, 0, 0 ], [ 0, 0, 1, 0, 0, 0 ], [ 1, 0, 0, 0, 0, 0 ], 
      [ 0, 0, 0, 0, 1, 0 ], [ 0, 0, 0, 0, 0, 1 ], [ 0, 0, 0, 1, 0, 0 ] ], 
  [ [ E(3), 0, 0, 0, 0, 0 ], [ 0, E(3), 0, 0, 0, 0 ], [ 0, 0, E(3), 0, 0, 0 ],
      [ 0, 0, 0, E(3), 0, 0 ], [ 0, 0, 0, 0, E(3), 0 ], 
      [ 0, 0, 0, 0, 0, E(3) ] ] ]
   Cubic invariant basis strings: 
[ "x5*x6^2 + x5^2*x6 + x4*x6^2 + x4*x5^2 + x4^2*x6 + x4^2*x5", 
  "x6^3 + x5^3 + (6)*x4*x5*x6 + x4^3", 
  "(-9)*x4*x5*x6 + (-2)*x3*x6^2 + -x3*x5*x6 + x3*x5^2 + -x3*x4*x6 + (2)*x3*x4*\
x5 + x3*x4^2 + x3^2*x6 + x3^2*x5 + x3^2*x4 + x2*x6^2 + -x2*x5*x6 + (-2)*x2*x5^\
2 + (2)*x2*x4*x6 + -x2*x4*x5 + x2*x4^2 + -x2*x3*x6 + -x2*x3*x5 + -x2*x3*x4 + x\
2^2*x6 + x2^2*x5 + x2^2*x4 + x1*x6^2 + (2)*x1*x5*x6 + x1*x5^2 + -x1*x4*x6 + -x\
1*x4*x5 + (-2)*x1*x4^2 + -x1*x3*x6 + -x1*x3*x5 + -x1*x3*x4 + -x1*x2*x6 + -x1*x\
2*x5 + -x1*x2*x4 + x1^2*x6 + x1^2*x5 + x1^2*x4", 
  "(-27)*x4*x5*x6 + (-3)*x3*x6^2 + (-6)*x3*x5*x6 + (3/2)*x3*x5^2 + (-6)*x3*x4*\
x6 + (12)*x3*x4*x5 + (3/2)*x3*x4^2 + (9/2)*x3^2*x5 + (9/2)*x3^2*x4 + x3^3 + (3\
/2)*x2*x6^2 + (-6)*x2*x5*x6 + (-3)*x2*x5^2 + (12)*x2*x4*x6 + (-6)*x2*x4*x5 + (\
3/2)*x2*x4^2 + (-9)*x2*x3*x4 + (-3/2)*x2*x3^2 + (9/2)*x2^2*x6 + (9/2)*x2^2*x4 \
+ (-3/2)*x2^2*x3 + x2^3 + (3/2)*x1*x6^2 + (12)*x1*x5*x6 + (3/2)*x1*x5^2 + (-6)\
*x1*x4*x6 + (-6)*x1*x4*x5 + (-3)*x1*x4^2 + (-9)*x1*x3*x5 + (-3/2)*x1*x3^2 + (-\
9)*x1*x2*x6 + (6)*x1*x2*x3 + (-3/2)*x1*x2^2 + (9/2)*x1^2*x6 + (9/2)*x1^2*x5 + \
(-3/2)*x1^2*x3 + (-3/2)*x1^2*x2 + x1^3" ]
   Cubic invariant basis vectors: 
[ [ 0, 1, 1, 0, 1, 0, 1, 1, 1, 0, 0, 0, 0, 0, 0, 0, 0, 0, 0, 0, 0, 0, 0, 0, 
      0, 0, 0, 0, 0, 0, 0, 0, 0, 0, 0, 0, 0, 0, 0, 0, 0, 0, 0, 0, 0, 0, 0, 0, 
      0, 0, 0, 0, 0, 0, 0, 0 ], 
  [ 1, 0, 0, 1, 0, 6, 0, 0, 0, 1, 0, 0, 0, 0, 0, 0, 0, 0, 0, 0, 0, 0, 0, 0, 
      0, 0, 0, 0, 0, 0, 0, 0, 0, 0, 0, 0, 0, 0, 0, 0, 0, 0, 0, 0, 0, 0, 0, 0, 
      0, 0, 0, 0, 0, 0, 0, 0 ], 
  [ 0, 0, 0, 0, 0, -9, 0, 0, 0, 0, -2, -1, 1, -1, 2, 1, 1, 1, 1, 0, 1, -1, 
      -2, 2, -1, 1, -1, -1, -1, 0, 1, 1, 1, 0, 0, 1, 2, 1, -1, -1, -2, -1, 
      -1, -1, 0, -1, -1, -1, 0, 0, 1, 1, 1, 0, 0, 0 ], 
  [ 0, 0, 0, 0, 0, -27, 0, 0, 0, 0, -3, -6, 3/2, -6, 12, 3/2, 0, 9/2, 9/2, 1, 
      3/2, -6, -3, 12, -6, 3/2, 0, 0, -9, -3/2, 9/2, 0, 9/2, -3/2, 1, 3/2, 
      12, 3/2, -6, -6, -3, 0, -9, 0, -3/2, -9, 0, 0, 6, -3/2, 9/2, 9/2, 0, 
      -3/2, -3/2, 1 ] ]

131. Candidate
   Symplectic group: S3
   Component: 1; Koike (3.6), generic index 1
   Projective group ID: [ 72, 27 ]
   Strict linear group ID: [ 216, 136 ]
   Generic index: 1
   Generic full linear containment required: false
   Generic full linear containment verified: true
   Direct known case: false
   Source records: [ "S_3_initial_generic_index=1_liftable.docx" ]
   Family number within this input: 2
   Strict cubic invariant dimension: 4
   Centralizer dimension: 4
   Expected moduli dimension: 0
   Determinant image order: 12
   Gonzalez status: passed
   Retained: true
   Gonzalez failure statuses: [  ]
   Matrix generators: 
[ [ [ 0, 1, 0, 0, 0, 0 ], [ 1, 0, 0, 0, 0, 0 ], [ 0, 0, 1, 0, 0, 0 ], 
      [ 0, 0, 0, 0, 1, 0 ], [ 0, 0, 0, 1, 0, 0 ], [ 0, 0, 0, 0, 0, 1 ] ], 
  [ [ 1/3*E(4), -2/3*E(4), -2/3*E(4), 0, 0, 0 ], 
      [ -2/3*E(4), 1/3*E(4), -2/3*E(4), 0, 0, 0 ], 
      [ -2/3*E(4), -2/3*E(4), 1/3*E(4), 0, 0, 0 ], 
      [ 1-1/3*E(4), 2/3*E(4), 2/3*E(4), 1, 0, 0 ], 
      [ 2/3*E(4), 1-1/3*E(4), 2/3*E(4), 0, 1, 0 ], 
      [ 2/3*E(4), 2/3*E(4), 1-1/3*E(4), 0, 0, 1 ] ], 
  [ [ -1/3*E(3)-2/3*E(3)^2, 2/3*E(3)+1/3*E(3)^2, 2/3*E(3)+1/3*E(3)^2, 0, 0, 0 
         ], [ 2/3*E(3)+1/3*E(3)^2, -1/3*E(3)-2/3*E(3)^2, 2/3*E(3)+1/3*E(3)^2, 
          0, 0, 0 ], 
      [ 2/3*E(3)+1/3*E(3)^2, 2/3*E(3)+1/3*E(3)^2, -1/3*E(3)-2/3*E(3)^2, 0, 0, 
          0 ], 
      [ 1/3*E(3)+5/3*E(3)^2, -2/3*E(3)-1/3*E(3)^2, -2/3*E(3)-1/3*E(3)^2, 
          E(3)^2, 0, 0 ], 
      [ -2/3*E(3)-1/3*E(3)^2, 1/3*E(3)+5/3*E(3)^2, -2/3*E(3)-1/3*E(3)^2, 0, 
          E(3)^2, 0 ], 
      [ -2/3*E(3)-1/3*E(3)^2, -2/3*E(3)-1/3*E(3)^2, 1/3*E(3)+5/3*E(3)^2, 0, 
          0, E(3)^2 ] ], 
  [ [ -1, 0, 0, 0, 0, 0 ], [ 0, -1, 0, 0, 0, 0 ], [ 0, 0, -1, 0, 0, 0 ], 
      [ 2, 0, 0, 1, 0, 0 ], [ 0, 2, 0, 0, 1, 0 ], [ 0, 0, 2, 0, 0, 1 ] ], 
  [ [ 0, 1, 0, 0, 0, 0 ], [ 0, 0, 1, 0, 0, 0 ], [ 1, 0, 0, 0, 0, 0 ], 
      [ 0, 0, 0, 0, 1, 0 ], [ 0, 0, 0, 0, 0, 1 ], [ 0, 0, 0, 1, 0, 0 ] ], 
  [ [ E(3), 0, 0, 0, 0, 0 ], [ 0, E(3), 0, 0, 0, 0 ], [ 0, 0, E(3), 0, 0, 0 ],
      [ 0, 0, 0, E(3), 0, 0 ], [ 0, 0, 0, 0, E(3), 0 ], 
      [ 0, 0, 0, 0, 0, E(3) ] ] ]
   Cubic invariant basis strings: 
[ "x4*x5*x6", "x5*x6^2 + x5^2*x6 + x4*x6^2 + x4*x5^2 + x4^2*x6 + x4^2*x5", 
  "x6^3 + x5^3 + x4^3", 
  "(-2)*x3*x6^2 + (1/2)*x3*x5*x6 + (-1/2)*x3*x5^2 + (1/2)*x3*x4*x6 + (2)*x3*x4\
*x5 + (-1/2)*x3*x4^2 + x3^2*x6 + (-1/2)*x3^2*x5 + (-1/2)*x3^2*x4 + (-1/2)*x2*x\
6^2 + (1/2)*x2*x5*x6 + (-2)*x2*x5^2 + (2)*x2*x4*x6 + (1/2)*x2*x4*x5 + (-1/2)*x\
2*x4^2 + (1/2)*x2*x3*x6 + (1/2)*x2*x3*x5 + -x2*x3*x4 + (-1/2)*x2^2*x6 + x2^2*x\
5 + (-1/2)*x2^2*x4 + (-1/2)*x1*x6^2 + (2)*x1*x5*x6 + (-1/2)*x1*x5^2 + (1/2)*x1\
*x4*x6 + (1/2)*x1*x4*x5 + (-2)*x1*x4^2 + (1/2)*x1*x3*x6 + -x1*x3*x5 + (1/2)*x1\
*x3*x4 + -x1*x2*x6 + (1/2)*x1*x2*x5 + (1/2)*x1*x2*x4 + (-1/2)*x1^2*x6 + (-1/2)\
*x1^2*x5 + x1^2*x4" ]
   Cubic invariant basis vectors: 
[ [ 0, 0, 0, 0, 0, 1, 0, 0, 0, 0, 0, 0, 0, 0, 0, 0, 0, 0, 0, 0, 0, 0, 0, 0, 
      0, 0, 0, 0, 0, 0, 0, 0, 0, 0, 0, 0, 0, 0, 0, 0, 0, 0, 0, 0, 0, 0, 0, 0, 
      0, 0, 0, 0, 0, 0, 0, 0 ], 
  [ 0, 1, 1, 0, 1, 0, 1, 1, 1, 0, 0, 0, 0, 0, 0, 0, 0, 0, 0, 0, 0, 0, 0, 0, 
      0, 0, 0, 0, 0, 0, 0, 0, 0, 0, 0, 0, 0, 0, 0, 0, 0, 0, 0, 0, 0, 0, 0, 0, 
      0, 0, 0, 0, 0, 0, 0, 0 ], 
  [ 1, 0, 0, 1, 0, 0, 0, 0, 0, 1, 0, 0, 0, 0, 0, 0, 0, 0, 0, 0, 0, 0, 0, 0, 
      0, 0, 0, 0, 0, 0, 0, 0, 0, 0, 0, 0, 0, 0, 0, 0, 0, 0, 0, 0, 0, 0, 0, 0, 
      0, 0, 0, 0, 0, 0, 0, 0 ], 
  [ 0, 0, 0, 0, 0, 0, 0, 0, 0, 0, -2, 1/2, -1/2, 1/2, 2, -1/2, 1, -1/2, -1/2, 
      0, -1/2, 1/2, -2, 2, 1/2, -1/2, 1/2, 1/2, -1, 0, -1/2, 1, -1/2, 0, 0, 
      -1/2, 2, -1/2, 1/2, 1/2, -2, 1/2, -1, 1/2, 0, -1, 1/2, 1/2, 0, 0, -1/2, 
      -1/2, 1, 0, 0, 0 ] ]

132. Candidate
   Symplectic group: S3
   Component: 1; Koike (3.6), generic index 1
   Projective group ID: [ 72, 27 ]
   Strict linear group ID: [ 216, 136 ]
   Generic index: 1
   Generic full linear containment required: false
   Generic full linear containment verified: true
   Direct known case: false
   Source records: [ "S_3_initial_generic_index=1_liftable.docx" ]
   Family number within this input: 3
   Strict cubic invariant dimension: 5
   Centralizer dimension: 4
   Expected moduli dimension: 1
   Determinant image order: 12
   Gonzalez status: passed
   Retained: true
   Gonzalez failure statuses: [  ]
   Matrix generators: 
[ [ [ 0, 1, 0, 0, 0, 0 ], [ 1, 0, 0, 0, 0, 0 ], [ 0, 0, 1, 0, 0, 0 ], 
      [ 0, 0, 0, 0, 1, 0 ], [ 0, 0, 0, 1, 0, 0 ], [ 0, 0, 0, 0, 0, 1 ] ], 
  [ [ -2/3-1/3*E(4), 1/3-1/3*E(4), 1/3-1/3*E(4), 0, 0, 0 ], 
      [ 1/3-1/3*E(4), -2/3-1/3*E(4), 1/3-1/3*E(4), 0, 0, 0 ], 
      [ 1/3-1/3*E(4), 1/3-1/3*E(4), -2/3-1/3*E(4), 0, 0, 0 ], 
      [ 5/3+1/3*E(4), -1/3+1/3*E(4), -1/3+1/3*E(4), 1, 0, 0 ], 
      [ -1/3+1/3*E(4), 5/3+1/3*E(4), -1/3+1/3*E(4), 0, 1, 0 ], 
      [ -1/3+1/3*E(4), -1/3+1/3*E(4), 5/3+1/3*E(4), 0, 0, 1 ] ], 
  [ [ 1/3*E(3)+2/3*E(3)^2, 1/3*E(3)-1/3*E(3)^2, 1/3*E(3)-1/3*E(3)^2, 0, 0, 0 ]
        , [ 1/3*E(3)-1/3*E(3)^2, 1/3*E(3)+2/3*E(3)^2, 1/3*E(3)-1/3*E(3)^2, 0, 
          0, 0 ], 
      [ 1/3*E(3)-1/3*E(3)^2, 1/3*E(3)-1/3*E(3)^2, 1/3*E(3)+2/3*E(3)^2, 0, 0, 
          0 ], 
      [ -1/3*E(3)+1/3*E(3)^2, -1/3*E(3)+1/3*E(3)^2, -1/3*E(3)+1/3*E(3)^2, 
          E(3)^2, 0, 0 ], 
      [ -1/3*E(3)+1/3*E(3)^2, -1/3*E(3)+1/3*E(3)^2, -1/3*E(3)+1/3*E(3)^2, 0, 
          E(3)^2, 0 ], 
      [ -1/3*E(3)+1/3*E(3)^2, -1/3*E(3)+1/3*E(3)^2, -1/3*E(3)+1/3*E(3)^2, 0, 
          0, E(3)^2 ] ], 
  [ [ 1/3, -2/3, -2/3, 0, 0, 0 ], [ -2/3, 1/3, -2/3, 0, 0, 0 ], 
      [ -2/3, -2/3, 1/3, 0, 0, 0 ], [ 2/3, 2/3, 2/3, 1, 0, 0 ], 
      [ 2/3, 2/3, 2/3, 0, 1, 0 ], [ 2/3, 2/3, 2/3, 0, 0, 1 ] ], 
  [ [ 0, 1, 0, 0, 0, 0 ], [ 0, 0, 1, 0, 0, 0 ], [ 1, 0, 0, 0, 0, 0 ], 
      [ 0, 0, 0, 0, 1, 0 ], [ 0, 0, 0, 0, 0, 1 ], [ 0, 0, 0, 1, 0, 0 ] ], 
  [ [ E(3), 0, 0, 0, 0, 0 ], [ 0, E(3), 0, 0, 0, 0 ], [ 0, 0, E(3), 0, 0, 0 ],
      [ 0, 0, 0, E(3), 0, 0 ], [ 0, 0, 0, 0, E(3), 0 ], 
      [ 0, 0, 0, 0, 0, E(3) ] ] ]
   Cubic invariant basis strings: 
[ "x4*x5*x6", "x5*x6^2 + x5^2*x6 + x4*x6^2 + x4*x5^2 + x4^2*x6 + x4^2*x5", 
  "x6^3 + x5^3 + x4^3", 
  "(-2)*x3*x5*x6 + (-2)*x3*x4*x6 + (4)*x3*x4*x5 + x3^2*x5 + x3^2*x4 + (-2)*x2*\
x5*x6 + (4)*x2*x4*x6 + (-2)*x2*x4*x5 + (-2)*x2*x3*x4 + x2^2*x6 + x2^2*x4 + (4)\
*x1*x5*x6 + (-2)*x1*x4*x6 + (-2)*x1*x4*x5 + (-2)*x1*x3*x5 + (-2)*x1*x2*x6 + x1\
^2*x6 + x1^2*x5", 
  "(-2)*x3*x6^2 + x3*x5*x6 + x3*x5^2 + x3*x4*x6 + (-2)*x3*x4*x5 + x3*x4^2 + x3\
^2*x6 + x2*x6^2 + x2*x5*x6 + (-2)*x2*x5^2 + (-2)*x2*x4*x6 + x2*x4*x5 + x2*x4^2\
 + -x2*x3*x6 + -x2*x3*x5 + x2*x3*x4 + x2^2*x5 + x1*x6^2 + (-2)*x1*x5*x6 + x1*x\
5^2 + x1*x4*x6 + x1*x4*x5 + (-2)*x1*x4^2 + -x1*x3*x6 + x1*x3*x5 + -x1*x3*x4 + \
x1*x2*x6 + -x1*x2*x5 + -x1*x2*x4 + x1^2*x4" ]
   Cubic invariant basis vectors: 
[ [ 0, 0, 0, 0, 0, 1, 0, 0, 0, 0, 0, 0, 0, 0, 0, 0, 0, 0, 0, 0, 0, 0, 0, 0, 
      0, 0, 0, 0, 0, 0, 0, 0, 0, 0, 0, 0, 0, 0, 0, 0, 0, 0, 0, 0, 0, 0, 0, 0, 
      0, 0, 0, 0, 0, 0, 0, 0 ], 
  [ 0, 1, 1, 0, 1, 0, 1, 1, 1, 0, 0, 0, 0, 0, 0, 0, 0, 0, 0, 0, 0, 0, 0, 0, 
      0, 0, 0, 0, 0, 0, 0, 0, 0, 0, 0, 0, 0, 0, 0, 0, 0, 0, 0, 0, 0, 0, 0, 0, 
      0, 0, 0, 0, 0, 0, 0, 0 ], 
  [ 1, 0, 0, 1, 0, 0, 0, 0, 0, 1, 0, 0, 0, 0, 0, 0, 0, 0, 0, 0, 0, 0, 0, 0, 
      0, 0, 0, 0, 0, 0, 0, 0, 0, 0, 0, 0, 0, 0, 0, 0, 0, 0, 0, 0, 0, 0, 0, 0, 
      0, 0, 0, 0, 0, 0, 0, 0 ], 
  [ 0, 0, 0, 0, 0, 0, 0, 0, 0, 0, 0, -2, 0, -2, 4, 0, 0, 1, 1, 0, 0, -2, 0, 
      4, -2, 0, 0, 0, -2, 0, 1, 0, 1, 0, 0, 0, 4, 0, -2, -2, 0, 0, -2, 0, 0, 
      -2, 0, 0, 0, 0, 1, 1, 0, 0, 0, 0 ], 
  [ 0, 0, 0, 0, 0, 0, 0, 0, 0, 0, -2, 1, 1, 1, -2, 1, 1, 0, 0, 0, 1, 1, -2, 
      -2, 1, 1, -1, -1, 1, 0, 0, 1, 0, 0, 0, 1, -2, 1, 1, 1, -2, -1, 1, -1, 
      0, 1, -1, -1, 0, 0, 0, 0, 1, 0, 0, 0 ] ]

133. Candidate
   Symplectic group: S3
   Component: 1; Koike (3.6), generic index 1
   Projective group ID: [ 72, 27 ]
   Strict linear group ID: [ 216, 136 ]
   Generic index: 1
   Generic full linear containment required: false
   Generic full linear containment verified: true
   Direct known case: false
   Source records: [ "S_3_initial_generic_index=1_liftable.docx" ]
   Family number within this input: 4
   Strict cubic invariant dimension: 8
   Centralizer dimension: 6
   Expected moduli dimension: 2
   Determinant image order: 12
   Gonzalez status: passed
   Retained: true
   Gonzalez failure statuses: [  ]
   Matrix generators: 
[ [ [ 0, 1, 0, 0, 0, 0 ], [ 1, 0, 0, 0, 0, 0 ], [ 0, 0, 1, 0, 0, 0 ], 
      [ 0, 0, 0, 0, 1, 0 ], [ 0, 0, 0, 1, 0, 0 ], [ 0, 0, 0, 0, 0, 1 ] ], 
  [ [ 2/3-1/3*E(4), -1/3-1/3*E(4), -1/3-1/3*E(4), 0, 0, 0 ], 
      [ -1/3-1/3*E(4), 2/3-1/3*E(4), -1/3-1/3*E(4), 0, 0, 0 ], 
      [ -1/3-1/3*E(4), -1/3-1/3*E(4), 2/3-1/3*E(4), 0, 0, 0 ], 
      [ 1/3+1/3*E(4), 1/3+1/3*E(4), 1/3+1/3*E(4), 1, 0, 0 ], 
      [ 1/3+1/3*E(4), 1/3+1/3*E(4), 1/3+1/3*E(4), 0, 1, 0 ], 
      [ 1/3+1/3*E(4), 1/3+1/3*E(4), 1/3+1/3*E(4), 0, 0, 1 ] ], 
  [ [ 1/3*E(3)+2/3*E(3)^2, 1/3*E(3)-1/3*E(3)^2, 1/3*E(3)-1/3*E(3)^2, 0, 0, 0 ]
        , [ 1/3*E(3)-1/3*E(3)^2, 1/3*E(3)+2/3*E(3)^2, 1/3*E(3)-1/3*E(3)^2, 0, 
          0, 0 ], 
      [ 1/3*E(3)-1/3*E(3)^2, 1/3*E(3)-1/3*E(3)^2, 1/3*E(3)+2/3*E(3)^2, 0, 0, 
          0 ], 
      [ -1/3*E(3)+1/3*E(3)^2, -1/3*E(3)+1/3*E(3)^2, -1/3*E(3)+1/3*E(3)^2, 
          E(3)^2, 0, 0 ], 
      [ -1/3*E(3)+1/3*E(3)^2, -1/3*E(3)+1/3*E(3)^2, -1/3*E(3)+1/3*E(3)^2, 0, 
          E(3)^2, 0 ], 
      [ -1/3*E(3)+1/3*E(3)^2, -1/3*E(3)+1/3*E(3)^2, -1/3*E(3)+1/3*E(3)^2, 0, 
          0, E(3)^2 ] ], 
  [ [ 1/3, -2/3, -2/3, 0, 0, 0 ], [ -2/3, 1/3, -2/3, 0, 0, 0 ], 
      [ -2/3, -2/3, 1/3, 0, 0, 0 ], [ 2/3, 2/3, 2/3, 1, 0, 0 ], 
      [ 2/3, 2/3, 2/3, 0, 1, 0 ], [ 2/3, 2/3, 2/3, 0, 0, 1 ] ], 
  [ [ 0, 1, 0, 0, 0, 0 ], [ 0, 0, 1, 0, 0, 0 ], [ 1, 0, 0, 0, 0, 0 ], 
      [ 0, 0, 0, 0, 1, 0 ], [ 0, 0, 0, 0, 0, 1 ], [ 0, 0, 0, 1, 0, 0 ] ], 
  [ [ E(3), 0, 0, 0, 0, 0 ], [ 0, E(3), 0, 0, 0, 0 ], [ 0, 0, E(3), 0, 0, 0 ],
      [ 0, 0, 0, E(3), 0, 0 ], [ 0, 0, 0, 0, E(3), 0 ], 
      [ 0, 0, 0, 0, 0, E(3) ] ] ]
   Cubic invariant basis strings: 
[ "x4*x5*x6", "x5*x6^2 + x5^2*x6 + x4*x6^2 + x4*x5^2 + x4^2*x6 + x4^2*x5", 
  "x6^3 + x5^3 + x4^3", 
  "x3*x5*x6 + x3*x4*x6 + (-2)*x3*x4*x5 + x2*x5*x6 + (-2)*x2*x4*x6 + x2*x4*x5 +\
 (-2)*x1*x5*x6 + x1*x4*x6 + x1*x4*x5", 
  "x3*x6^2 + (-1/2)*x3*x5^2 + (-1/2)*x3*x4^2 + (-1/2)*x2*x6^2 + x2*x5^2 + (-1/\
2)*x2*x4^2 + (-1/2)*x1*x6^2 + (-1/2)*x1*x5^2 + x1*x4^2", 
  "x3^2*x5 + x3^2*x4 + (-2)*x2*x3*x4 + x2^2*x6 + x2^2*x4 + (-2)*x1*x3*x5 + (-2\
)*x1*x2*x6 + x1^2*x6 + x1^2*x5", 
  "x3^2*x6 + -x2*x3*x6 + -x2*x3*x5 + x2*x3*x4 + x2^2*x5 + -x1*x3*x6 + x1*x3*x5\
 + -x1*x3*x4 + x1*x2*x6 + -x1*x2*x5 + -x1*x2*x4 + x1^2*x4", 
  "x3^3 + (-3/2)*x2*x3^2 + (-3/2)*x2^2*x3 + x2^3 + (-3/2)*x1*x3^2 + (6)*x1*x2*\
x3 + (-3/2)*x1*x2^2 + (-3/2)*x1^2*x3 + (-3/2)*x1^2*x2 + x1^3" ]
   Cubic invariant basis vectors: 
[ [ 0, 0, 0, 0, 0, 1, 0, 0, 0, 0, 0, 0, 0, 0, 0, 0, 0, 0, 0, 0, 0, 0, 0, 0, 
      0, 0, 0, 0, 0, 0, 0, 0, 0, 0, 0, 0, 0, 0, 0, 0, 0, 0, 0, 0, 0, 0, 0, 0, 
      0, 0, 0, 0, 0, 0, 0, 0 ], 
  [ 0, 1, 1, 0, 1, 0, 1, 1, 1, 0, 0, 0, 0, 0, 0, 0, 0, 0, 0, 0, 0, 0, 0, 0, 
      0, 0, 0, 0, 0, 0, 0, 0, 0, 0, 0, 0, 0, 0, 0, 0, 0, 0, 0, 0, 0, 0, 0, 0, 
      0, 0, 0, 0, 0, 0, 0, 0 ], 
  [ 1, 0, 0, 1, 0, 0, 0, 0, 0, 1, 0, 0, 0, 0, 0, 0, 0, 0, 0, 0, 0, 0, 0, 0, 
      0, 0, 0, 0, 0, 0, 0, 0, 0, 0, 0, 0, 0, 0, 0, 0, 0, 0, 0, 0, 0, 0, 0, 0, 
      0, 0, 0, 0, 0, 0, 0, 0 ], 
  [ 0, 0, 0, 0, 0, 0, 0, 0, 0, 0, 0, 1, 0, 1, -2, 0, 0, 0, 0, 0, 0, 1, 0, -2, 
      1, 0, 0, 0, 0, 0, 0, 0, 0, 0, 0, 0, -2, 0, 1, 1, 0, 0, 0, 0, 0, 0, 0, 
      0, 0, 0, 0, 0, 0, 0, 0, 0 ], 
  [ 0, 0, 0, 0, 0, 0, 0, 0, 0, 0, 1, 0, -1/2, 0, 0, -1/2, 0, 0, 0, 0, -1/2, 
      0, 1, 0, 0, -1/2, 0, 0, 0, 0, 0, 0, 0, 0, 0, -1/2, 0, -1/2, 0, 0, 1, 0, 
      0, 0, 0, 0, 0, 0, 0, 0, 0, 0, 0, 0, 0, 0 ], 
  [ 0, 0, 0, 0, 0, 0, 0, 0, 0, 0, 0, 0, 0, 0, 0, 0, 0, 1, 1, 0, 0, 0, 0, 0, 
      0, 0, 0, 0, -2, 0, 1, 0, 1, 0, 0, 0, 0, 0, 0, 0, 0, 0, -2, 0, 0, -2, 0, 
      0, 0, 0, 1, 1, 0, 0, 0, 0 ], 
  [ 0, 0, 0, 0, 0, 0, 0, 0, 0, 0, 0, 0, 0, 0, 0, 0, 1, 0, 0, 0, 0, 0, 0, 0, 
      0, 0, -1, -1, 1, 0, 0, 1, 0, 0, 0, 0, 0, 0, 0, 0, 0, -1, 1, -1, 0, 1, 
      -1, -1, 0, 0, 0, 0, 1, 0, 0, 0 ], 
  [ 0, 0, 0, 0, 0, 0, 0, 0, 0, 0, 0, 0, 0, 0, 0, 0, 0, 0, 0, 1, 0, 0, 0, 0, 
      0, 0, 0, 0, 0, -3/2, 0, 0, 0, -3/2, 1, 0, 0, 0, 0, 0, 0, 0, 0, 0, -3/2, 
      0, 0, 0, 6, -3/2, 0, 0, 0, -3/2, -3/2, 1 ] ]

134. Candidate
   Symplectic group: S3
   Component: 1; Koike (3.6), generic index 1
   Projective group ID: [ 72, 27 ]
   Strict linear group ID: [ 216, 136 ]
   Generic index: 1
   Generic full linear containment required: false
   Generic full linear containment verified: true
   Direct known case: false
   Source records: [ "S_3_initial_generic_index=1_liftable.docx" ]
   Family number within this input: 5
   Strict cubic invariant dimension: 4
   Centralizer dimension: 4
   Expected moduli dimension: 0
   Determinant image order: 12
   Gonzalez status: passed
   Retained: true
   Gonzalez failure statuses: [  ]
   Matrix generators: 
[ [ [ 0, 1, 0, 0, 0, 0 ], [ 1, 0, 0, 0, 0, 0 ], [ 0, 0, 1, 0, 0, 0 ], 
      [ 0, 0, 0, 0, 1, 0 ], [ 0, 0, 0, 1, 0, 0 ], [ 0, 0, 0, 0, 0, 1 ] ], 
  [ [ 2/3-1/3*E(4), -1/3-1/3*E(4), -1/3-1/3*E(4), 0, 0, 0 ], 
      [ -1/3-1/3*E(4), 2/3-1/3*E(4), -1/3-1/3*E(4), 0, 0, 0 ], 
      [ -1/3-1/3*E(4), -1/3-1/3*E(4), 2/3-1/3*E(4), 0, 0, 0 ], 
      [ 1/3+1/3*E(4), 1/3+1/3*E(4), 1/3+1/3*E(4), 1, 0, 0 ], 
      [ 1/3+1/3*E(4), 1/3+1/3*E(4), 1/3+1/3*E(4), 0, 1, 0 ], 
      [ 1/3+1/3*E(4), 1/3+1/3*E(4), 1/3+1/3*E(4), 0, 0, 1 ] ], 
  [ [ 1/3*E(3)+2/3*E(3)^2, 1/3*E(3)-1/3*E(3)^2, 1/3*E(3)-1/3*E(3)^2, 0, 0, 0 ]
        , [ 1/3*E(3)-1/3*E(3)^2, 1/3*E(3)+2/3*E(3)^2, 1/3*E(3)-1/3*E(3)^2, 0, 
          0, 0 ], 
      [ 1/3*E(3)-1/3*E(3)^2, 1/3*E(3)-1/3*E(3)^2, 1/3*E(3)+2/3*E(3)^2, 0, 0, 
          0 ], 
      [ 1, E(3)^2, E(3)^2, -2/3*E(3)-1/3*E(3)^2, 1/3*E(3)+2/3*E(3)^2, 
          1/3*E(3)+2/3*E(3)^2 ], 
      [ E(3)^2, 1, E(3)^2, 1/3*E(3)+2/3*E(3)^2, -2/3*E(3)-1/3*E(3)^2, 
          1/3*E(3)+2/3*E(3)^2 ], 
      [ E(3)^2, E(3)^2, 1, 1/3*E(3)+2/3*E(3)^2, 1/3*E(3)+2/3*E(3)^2, 
          -2/3*E(3)-1/3*E(3)^2 ] ], 
  [ [ 1/3, -2/3, -2/3, 0, 0, 0 ], [ -2/3, 1/3, -2/3, 0, 0, 0 ], 
      [ -2/3, -2/3, 1/3, 0, 0, 0 ], [ 2/3, 2/3, 2/3, 1, 0, 0 ], 
      [ 2/3, 2/3, 2/3, 0, 1, 0 ], [ 2/3, 2/3, 2/3, 0, 0, 1 ] ], 
  [ [ 0, 1, 0, 0, 0, 0 ], [ 0, 0, 1, 0, 0, 0 ], [ 1, 0, 0, 0, 0, 0 ], 
      [ 0, 0, 0, 0, 1, 0 ], [ 0, 0, 0, 0, 0, 1 ], [ 0, 0, 0, 1, 0, 0 ] ], 
  [ [ E(3), 0, 0, 0, 0, 0 ], [ 0, E(3), 0, 0, 0, 0 ], [ 0, 0, E(3), 0, 0, 0 ],
      [ 0, 0, 0, E(3), 0, 0 ], [ 0, 0, 0, 0, E(3), 0 ], 
      [ 0, 0, 0, 0, 0, E(3) ] ] ]
   Cubic invariant basis strings: 
[ "x5*x6^2 + x5^2*x6 + x4*x6^2 + x4*x5^2 + x4^2*x6 + x4^2*x5", 
  "x6^3 + x5^3 + (6)*x4*x5*x6 + x4^3", 
  "(-9)*x4*x5*x6 + (-2)*x3*x6^2 + -x3*x5*x6 + x3*x5^2 + -x3*x4*x6 + (2)*x3*x4*\
x5 + x3*x4^2 + x3^2*x6 + x3^2*x5 + x3^2*x4 + x2*x6^2 + -x2*x5*x6 + (-2)*x2*x5^\
2 + (2)*x2*x4*x6 + -x2*x4*x5 + x2*x4^2 + -x2*x3*x6 + -x2*x3*x5 + -x2*x3*x4 + x\
2^2*x6 + x2^2*x5 + x2^2*x4 + x1*x6^2 + (2)*x1*x5*x6 + x1*x5^2 + -x1*x4*x6 + -x\
1*x4*x5 + (-2)*x1*x4^2 + -x1*x3*x6 + -x1*x3*x5 + -x1*x3*x4 + -x1*x2*x6 + -x1*x\
2*x5 + -x1*x2*x4 + x1^2*x6 + x1^2*x5 + x1^2*x4", 
  "(-27)*x4*x5*x6 + (-3)*x3*x6^2 + (-6)*x3*x5*x6 + (3/2)*x3*x5^2 + (-6)*x3*x4*\
x6 + (12)*x3*x4*x5 + (3/2)*x3*x4^2 + (9/2)*x3^2*x5 + (9/2)*x3^2*x4 + x3^3 + (3\
/2)*x2*x6^2 + (-6)*x2*x5*x6 + (-3)*x2*x5^2 + (12)*x2*x4*x6 + (-6)*x2*x4*x5 + (\
3/2)*x2*x4^2 + (-9)*x2*x3*x4 + (-3/2)*x2*x3^2 + (9/2)*x2^2*x6 + (9/2)*x2^2*x4 \
+ (-3/2)*x2^2*x3 + x2^3 + (3/2)*x1*x6^2 + (12)*x1*x5*x6 + (3/2)*x1*x5^2 + (-6)\
*x1*x4*x6 + (-6)*x1*x4*x5 + (-3)*x1*x4^2 + (-9)*x1*x3*x5 + (-3/2)*x1*x3^2 + (-\
9)*x1*x2*x6 + (6)*x1*x2*x3 + (-3/2)*x1*x2^2 + (9/2)*x1^2*x6 + (9/2)*x1^2*x5 + \
(-3/2)*x1^2*x3 + (-3/2)*x1^2*x2 + x1^3" ]
   Cubic invariant basis vectors: 
[ [ 0, 1, 1, 0, 1, 0, 1, 1, 1, 0, 0, 0, 0, 0, 0, 0, 0, 0, 0, 0, 0, 0, 0, 0, 
      0, 0, 0, 0, 0, 0, 0, 0, 0, 0, 0, 0, 0, 0, 0, 0, 0, 0, 0, 0, 0, 0, 0, 0, 
      0, 0, 0, 0, 0, 0, 0, 0 ], 
  [ 1, 0, 0, 1, 0, 6, 0, 0, 0, 1, 0, 0, 0, 0, 0, 0, 0, 0, 0, 0, 0, 0, 0, 0, 
      0, 0, 0, 0, 0, 0, 0, 0, 0, 0, 0, 0, 0, 0, 0, 0, 0, 0, 0, 0, 0, 0, 0, 0, 
      0, 0, 0, 0, 0, 0, 0, 0 ], 
  [ 0, 0, 0, 0, 0, -9, 0, 0, 0, 0, -2, -1, 1, -1, 2, 1, 1, 1, 1, 0, 1, -1, 
      -2, 2, -1, 1, -1, -1, -1, 0, 1, 1, 1, 0, 0, 1, 2, 1, -1, -1, -2, -1, 
      -1, -1, 0, -1, -1, -1, 0, 0, 1, 1, 1, 0, 0, 0 ], 
  [ 0, 0, 0, 0, 0, -27, 0, 0, 0, 0, -3, -6, 3/2, -6, 12, 3/2, 0, 9/2, 9/2, 1, 
      3/2, -6, -3, 12, -6, 3/2, 0, 0, -9, -3/2, 9/2, 0, 9/2, -3/2, 1, 3/2, 
      12, 3/2, -6, -6, -3, 0, -9, 0, -3/2, -9, 0, 0, 6, -3/2, 9/2, 9/2, 0, 
      -3/2, -3/2, 1 ] ]

135. Candidate
   Symplectic group: S3
   Component: 1; Koike (3.6), generic index 1
   Projective group ID: [ 72, 27 ]
   Strict linear group ID: [ 216, 136 ]
   Generic index: 1
   Generic full linear containment required: false
   Generic full linear containment verified: true
   Direct known case: false
   Source records: [ "S_3_initial_generic_index=1_liftable.docx" ]
   Family number within this input: 6
   Strict cubic invariant dimension: 4
   Centralizer dimension: 4
   Expected moduli dimension: 0
   Determinant image order: 12
   Gonzalez status: passed
   Retained: true
   Gonzalez failure statuses: [  ]
   Matrix generators: 
[ [ [ 0, 1, 0, 0, 0, 0 ], [ 1, 0, 0, 0, 0, 0 ], [ 0, 0, 1, 0, 0, 0 ], 
      [ 0, 0, 0, 0, 1, 0 ], [ 0, 0, 0, 1, 0, 0 ], [ 0, 0, 0, 0, 0, 1 ] ], 
  [ [ 2/3-1/3*E(4), -1/3-1/3*E(4), -1/3-1/3*E(4), 0, 0, 0 ], 
      [ -1/3-1/3*E(4), 2/3-1/3*E(4), -1/3-1/3*E(4), 0, 0, 0 ], 
      [ -1/3-1/3*E(4), -1/3-1/3*E(4), 2/3-1/3*E(4), 0, 0, 0 ], 
      [ 1/3+1/3*E(4), 1/3+1/3*E(4), 1/3+1/3*E(4), 1, 0, 0 ], 
      [ 1/3+1/3*E(4), 1/3+1/3*E(4), 1/3+1/3*E(4), 0, 1, 0 ], 
      [ 1/3+1/3*E(4), 1/3+1/3*E(4), 1/3+1/3*E(4), 0, 0, 1 ] ], 
  [ [ E(3), 0, 0, 0, 0, 0 ], [ 0, E(3), 0, 0, 0, 0 ], [ 0, 0, E(3), 0, 0, 0 ],
      [ -5/3*E(3)-1/3*E(3)^2, 1/3*E(3)+2/3*E(3)^2, 1/3*E(3)+2/3*E(3)^2, 
          -2/3*E(3)-1/3*E(3)^2, 1/3*E(3)+2/3*E(3)^2, 1/3*E(3)+2/3*E(3)^2 ], 
      [ 1/3*E(3)+2/3*E(3)^2, -5/3*E(3)-1/3*E(3)^2, 1/3*E(3)+2/3*E(3)^2, 
          1/3*E(3)+2/3*E(3)^2, -2/3*E(3)-1/3*E(3)^2, 1/3*E(3)+2/3*E(3)^2 ], 
      [ 1/3*E(3)+2/3*E(3)^2, 1/3*E(3)+2/3*E(3)^2, -5/3*E(3)-1/3*E(3)^2, 
          1/3*E(3)+2/3*E(3)^2, 1/3*E(3)+2/3*E(3)^2, -2/3*E(3)-1/3*E(3)^2 ] ], 
  [ [ 1/3, -2/3, -2/3, 0, 0, 0 ], [ -2/3, 1/3, -2/3, 0, 0, 0 ], 
      [ -2/3, -2/3, 1/3, 0, 0, 0 ], [ 2/3, 2/3, 2/3, 1, 0, 0 ], 
      [ 2/3, 2/3, 2/3, 0, 1, 0 ], [ 2/3, 2/3, 2/3, 0, 0, 1 ] ], 
  [ [ 0, 1, 0, 0, 0, 0 ], [ 0, 0, 1, 0, 0, 0 ], [ 1, 0, 0, 0, 0, 0 ], 
      [ 0, 0, 0, 0, 1, 0 ], [ 0, 0, 0, 0, 0, 1 ], [ 0, 0, 0, 1, 0, 0 ] ], 
  [ [ E(3), 0, 0, 0, 0, 0 ], [ 0, E(3), 0, 0, 0, 0 ], [ 0, 0, E(3), 0, 0, 0 ],
      [ 0, 0, 0, E(3), 0, 0 ], [ 0, 0, 0, 0, E(3), 0 ], 
      [ 0, 0, 0, 0, 0, E(3) ] ] ]
   Cubic invariant basis strings: 
[ "x5*x6^2 + x5^2*x6 + x4*x6^2 + x4*x5^2 + x4^2*x6 + x4^2*x5", 
  "x6^3 + x5^3 + (6)*x4*x5*x6 + x4^3", 
  "(9)*x4*x5*x6 + x3*x6^2 + (1/2)*x3*x5*x6 + (-1/2)*x3*x5^2 + (1/2)*x3*x4*x6 +\
 -x3*x4*x5 + (-1/2)*x3*x4^2 + (-1/2)*x2*x6^2 + (1/2)*x2*x5*x6 + x2*x5^2 + -x2*\
x4*x6 + (1/2)*x2*x4*x5 + (-1/2)*x2*x4^2 + (-1/2)*x1*x6^2 + -x1*x5*x6 + (-1/2)*\
x1*x5^2 + (1/2)*x1*x4*x6 + (1/2)*x1*x4*x5 + x1*x4^2", 
  "(-27)*x4*x5*x6 + (-9/2)*x3*x5*x6 + (-9/2)*x3*x4*x6 + (9)*x3*x4*x5 + (-3)*x3\
^2*x6 + (3/2)*x3^2*x5 + (3/2)*x3^2*x4 + x3^3 + (-9/2)*x2*x5*x6 + (9)*x2*x4*x6 \
+ (-9/2)*x2*x4*x5 + (3)*x2*x3*x6 + (3)*x2*x3*x5 + (-6)*x2*x3*x4 + (-3/2)*x2*x3\
^2 + (3/2)*x2^2*x6 + (-3)*x2^2*x5 + (3/2)*x2^2*x4 + (-3/2)*x2^2*x3 + x2^3 + (9\
)*x1*x5*x6 + (-9/2)*x1*x4*x6 + (-9/2)*x1*x4*x5 + (3)*x1*x3*x6 + (-6)*x1*x3*x5 \
+ (3)*x1*x3*x4 + (-3/2)*x1*x3^2 + (-6)*x1*x2*x6 + (3)*x1*x2*x5 + (3)*x1*x2*x4 \
+ (6)*x1*x2*x3 + (-3/2)*x1*x2^2 + (3/2)*x1^2*x6 + (3/2)*x1^2*x5 + (-3)*x1^2*x4\
 + (-3/2)*x1^2*x3 + (-3/2)*x1^2*x2 + x1^3" ]
   Cubic invariant basis vectors: 
[ [ 0, 1, 1, 0, 1, 0, 1, 1, 1, 0, 0, 0, 0, 0, 0, 0, 0, 0, 0, 0, 0, 0, 0, 0, 
      0, 0, 0, 0, 0, 0, 0, 0, 0, 0, 0, 0, 0, 0, 0, 0, 0, 0, 0, 0, 0, 0, 0, 0, 
      0, 0, 0, 0, 0, 0, 0, 0 ], 
  [ 1, 0, 0, 1, 0, 6, 0, 0, 0, 1, 0, 0, 0, 0, 0, 0, 0, 0, 0, 0, 0, 0, 0, 0, 
      0, 0, 0, 0, 0, 0, 0, 0, 0, 0, 0, 0, 0, 0, 0, 0, 0, 0, 0, 0, 0, 0, 0, 0, 
      0, 0, 0, 0, 0, 0, 0, 0 ], 
  [ 0, 0, 0, 0, 0, 9, 0, 0, 0, 0, 1, 1/2, -1/2, 1/2, -1, -1/2, 0, 0, 0, 0, 
      -1/2, 1/2, 1, -1, 1/2, -1/2, 0, 0, 0, 0, 0, 0, 0, 0, 0, -1/2, -1, -1/2, 
      1/2, 1/2, 1, 0, 0, 0, 0, 0, 0, 0, 0, 0, 0, 0, 0, 0, 0, 0 ], 
  [ 0, 0, 0, 0, 0, -27, 0, 0, 0, 0, 0, -9/2, 0, -9/2, 9, 0, -3, 3/2, 3/2, 1, 
      0, -9/2, 0, 9, -9/2, 0, 3, 3, -6, -3/2, 3/2, -3, 3/2, -3/2, 1, 0, 9, 0, 
      -9/2, -9/2, 0, 3, -6, 3, -3/2, -6, 3, 3, 6, -3/2, 3/2, 3/2, -3, -3/2, 
      -3/2, 1 ] ]

136. Candidate
   Symplectic group: S3
   Component: 1; Koike (3.6), generic index 1
   Projective group ID: [ 72, 27 ]
   Strict linear group ID: [ 216, 47 ]
   Generic index: 1
   Generic full linear containment required: false
   Generic full linear containment verified: true
   Direct known case: false
   Source records: [ "S_3_initial_generic_index=1_liftable.docx" ]
   Family number within this input: 7
   Strict cubic invariant dimension: 4
   Centralizer dimension: 4
   Expected moduli dimension: 0
   Determinant image order: 12
   Gonzalez status: rejected
   Retained: false
   Gonzalez failure statuses: [ "forbidden_strict_invariant_spectrum", 
  "forbidden_strict_invariant_spectrum", "forbidden_strict_invariant_spectrum"
    , "forbidden_strict_invariant_spectrum", 
  "forbidden_strict_invariant_spectrum", 
  "forbidden_strict_invariant_spectrum" ]
   Matrix generators: 
[ [ [ 0, 1, 0, 0, 0, 0 ], [ 1, 0, 0, 0, 0, 0 ], [ 0, 0, 1, 0, 0, 0 ], 
      [ 0, 0, 0, 0, 1, 0 ], [ 0, 0, 0, 1, 0, 0 ], [ 0, 0, 0, 0, 0, 1 ] ], 
  [ [ -E(4), 0, 0, 0, 0, 0 ], [ 0, -E(4), 0, 0, 0, 0 ], 
      [ 0, 0, -E(4), 0, 0, 0 ], [ -1+E(4), 0, 0, -1, 0, 0 ], 
      [ 0, -1+E(4), 0, 0, -1, 0 ], [ 0, 0, -1+E(4), 0, 0, -1 ] ], 
  [ [ -E(9)^4-E(9)^7, 0, 0, 0, 0, 0 ], [ 0, -E(9)^4-E(9)^7, 0, 0, 0, 0 ], 
      [ 0, 0, -E(9)^4-E(9)^7, 0, 0, 0 ], 
      [ E(9)^4+2*E(9)^7, 0, 0, E(9)^7, 0, 0 ], 
      [ 0, E(9)^4+2*E(9)^7, 0, 0, E(9)^7, 0 ], 
      [ 0, 0, E(9)^4+2*E(9)^7, 0, 0, E(9)^7 ] ], 
  [ [ -1, 0, 0, 0, 0, 0 ], [ 0, -1, 0, 0, 0, 0 ], [ 0, 0, -1, 0, 0, 0 ], 
      [ 2, 0, 0, 1, 0, 0 ], [ 0, 2, 0, 0, 1, 0 ], [ 0, 0, 2, 0, 0, 1 ] ], 
  [ [ 0, 1, 0, 0, 0, 0 ], [ 0, 0, 1, 0, 0, 0 ], [ 1, 0, 0, 0, 0, 0 ], 
      [ 0, 0, 0, 0, 1, 0 ], [ 0, 0, 0, 0, 0, 1 ], [ 0, 0, 0, 1, 0, 0 ] ], 
  [ [ E(3), 0, 0, 0, 0, 0 ], [ 0, E(3), 0, 0, 0, 0 ], [ 0, 0, E(3), 0, 0, 0 ],
      [ 0, 0, 0, E(3), 0, 0 ], [ 0, 0, 0, 0, E(3), 0 ], 
      [ 0, 0, 0, 0, 0, E(3) ] ] ]
   Cubic invariant basis strings: 
[ 
  "(3)*x4*x5*x6 + (-2)*x3*x4*x5 + (-2)*x2*x4*x6 + x2*x3*x4 + (-2)*x1*x5*x6 + x1\
*x3*x5 + x1*x2*x6", 
  "x5*x6^2 + x5^2*x6 + x4*x6^2 + x4*x5^2 + x4^2*x6 + x4^2*x5 + -x3*x5*x6 + -x3\
*x5^2 + -x3*x4*x6 + -x3*x4^2 + -x2*x6^2 + -x2*x5*x6 + -x2*x4*x5 + -x2*x4^2 + x\
2*x3*x6 + x2*x3*x5 + -x1*x6^2 + -x1*x5^2 + -x1*x4*x6 + -x1*x4*x5 + x1*x3*x6 + \
x1*x3*x4 + x1*x2*x5 + x1*x2*x4", 
  "x5*x6^2 + x5^2*x6 + x4*x6^2 + x4*x5^2 + x4^2*x6 + x4^2*x5 + (-2)*x3*x5*x6 +\
 (-2)*x3*x4*x6 + x3^2*x5 + x3^2*x4 + (-2)*x2*x5*x6 + (-2)*x2*x4*x5 + x2^2*x6 +\
 x2^2*x4 + (-2)*x1*x4*x6 + (-2)*x1*x4*x5 + x1^2*x6 + x1^2*x5", 
  "x6^3 + x5^3 + x4^3 + (-2)*x3*x6^2 + x3^2*x6 + (-2)*x2*x5^2 + x2^2*x5 + (-2)\
*x1*x4^2 + x1^2*x4" ]
   Cubic invariant basis vectors: 
[ [ 0, 0, 0, 0, 0, 3, 0, 0, 0, 0, 0, 0, 0, 0, -2, 0, 0, 0, 0, 0, 0, 0, 0, -2, 
      0, 0, 0, 0, 1, 0, 0, 0, 0, 0, 0, 0, -2, 0, 0, 0, 0, 0, 1, 0, 0, 1, 0, 
      0, 0, 0, 0, 0, 0, 0, 0, 0 ], 
  [ 0, 1, 1, 0, 1, 0, 1, 1, 1, 0, 0, -1, -1, -1, 0, -1, 0, 0, 0, 0, -1, -1, 
      0, 0, -1, -1, 1, 1, 0, 0, 0, 0, 0, 0, 0, -1, 0, -1, -1, -1, 0, 1, 0, 1, 
      0, 0, 1, 1, 0, 0, 0, 0, 0, 0, 0, 0 ], 
  [ 0, 1, 1, 0, 1, 0, 1, 1, 1, 0, 0, -2, 0, -2, 0, 0, 0, 1, 1, 0, 0, -2, 0, 
      0, -2, 0, 0, 0, 0, 0, 1, 0, 1, 0, 0, 0, 0, 0, -2, -2, 0, 0, 0, 0, 0, 0, 
      0, 0, 0, 0, 1, 1, 0, 0, 0, 0 ], 
  [ 1, 0, 0, 1, 0, 0, 0, 0, 0, 1, -2, 0, 0, 0, 0, 0, 1, 0, 0, 0, 0, 0, -2, 0, 
      0, 0, 0, 0, 0, 0, 0, 1, 0, 0, 0, 0, 0, 0, 0, 0, -2, 0, 0, 0, 0, 0, 0, 
      0, 0, 0, 0, 0, 1, 0, 0, 0 ] ]
   Gonzalez failures: [ rec(
      applicable := true,
      classIndex := 81,
      classSize := 1,
      linearOrder := 9,
      normalizingScalar := 1,
      ok := false,
      projectiveOrder := 3,
      projectivePowerScalar := E(3)^2,
      projectivePowerScalarExponent := 2,
      reason := "no_Gonzalez_strict_invariant_pattern_matches",
      status := "forbidden_strict_invariant_spectrum",
      testedCharacteristicPolynomial := 
       x1^6+3*E(9)^5*x1^5+(-6*E(9)^4-6*E(9)^7)*x1^4+7*E(3)^2*x1^3+6*E(9)^2*x1^\
2+3*E(9)^7*x1+E(3) ), rec(
      applicable := true,
      classIndex := 83,
      classSize := 1,
      linearOrder := 9,
      normalizingScalar := 1,
      ok := false,
      projectiveOrder := 3,
      projectivePowerScalar := E(3),
      projectivePowerScalarExponent := 1,
      reason := "no_Gonzalez_strict_invariant_pattern_matches",
      status := "forbidden_strict_invariant_spectrum",
      testedCharacteristicPolynomial := 
       x1^6+3*E(9)^4*x1^5+(-6*E(9)^2-6*E(9)^5)*x1^4+7*E(3)*x1^3+6*E(9)^7*x1^2+\
3*E(9)^2*x1+E(3)^2 ), rec(
      applicable := true,
      classIndex := 87,
      classSize := 1,
      linearOrder := 9,
      normalizingScalar := 1,
      ok := false,
      projectiveOrder := 3,
      projectivePowerScalar := E(3),
      projectivePowerScalarExponent := 1,
      reason := "no_Gonzalez_strict_invariant_pattern_matches",
      status := "forbidden_strict_invariant_spectrum",
      testedCharacteristicPolynomial := 
       x1^6+(-3*E(9)^4-3*E(9)^7)*x1^5+6*E(9)^2*x1^4+7*E(3)*x1^3+6*E(9)^4*x1^2+\
3*E(9)^5*x1+E(3)^2 ), rec(
      applicable := true,
      classIndex := 88,
      classSize := 1,
      linearOrder := 9,
      normalizingScalar := 1,
      ok := false,
      projectiveOrder := 3,
      projectivePowerScalar := E(3)^2,
      projectivePowerScalarExponent := 2,
      reason := "no_Gonzalez_strict_invariant_pattern_matches",
      status := "forbidden_strict_invariant_spectrum",
      testedCharacteristicPolynomial := 
       x1^6+3*E(9)^2*x1^5+6*E(9)^4*x1^4+7*E(3)^2*x1^3+(-6*E(9)^2-6*E(9)^5)*x1^\
2+(-3*E(9)^4-3*E(9)^7)*x1+E(3) ), rec(
      applicable := true,
      classIndex := 89,
      classSize := 1,
      linearOrder := 9,
      normalizingScalar := 1,
      ok := false,
      projectiveOrder := 3,
      projectivePowerScalar := E(3),
      projectivePowerScalarExponent := 1,
      reason := "no_Gonzalez_strict_invariant_pattern_matches",
      status := "forbidden_strict_invariant_spectrum",
      testedCharacteristicPolynomial := 
       x1^6+3*E(9)^7*x1^5+6*E(9)^5*x1^4+7*E(3)*x1^3+(-6*E(9)^4-6*E(9)^7)*x1^2+\
(-3*E(9)^2-3*E(9)^5)*x1+E(3)^2 ), rec(
      applicable := true,
      classIndex := 91,
      classSize := 1,
      linearOrder := 9,
      normalizingScalar := 1,
      ok := false,
      projectiveOrder := 3,
      projectivePowerScalar := E(3)^2,
      projectivePowerScalarExponent := 2,
      reason := "no_Gonzalez_strict_invariant_pattern_matches",
      status := "forbidden_strict_invariant_spectrum",
      testedCharacteristicPolynomial := 
       x1^6+(-3*E(9)^2-3*E(9)^5)*x1^5+6*E(9)^7*x1^4+7*E(3)^2*x1^3+6*E(9)^5*x1^\
2+3*E(9)^4*x1+E(3) ) ]

137. Candidate
   Symplectic group: S3
   Component: 2; corrigendum component, generic index 2
   Projective group ID: [ 12, 4 ]
   Strict linear group ID: [ 36, 12 ]
   Generic index: 2
   Generic full linear containment required: true
   Generic full linear containment verified: true
   Direct known case: false
   Source records: [ "S_3_corrigendum_generic_index=2_liftable.docx" ]
   Family number within this input: 1
   Strict cubic invariant dimension: 17
   Centralizer dimension: 11
   Expected moduli dimension: 6
   Determinant image order: 2
   Gonzalez status: passed
   Retained: true
   Gonzalez failure statuses: [  ]
   Matrix generators: 
[ [ [ 0, 1, 0, 0, 0, 0 ], [ 1, 0, 0, 0, 0, 0 ], [ 0, 0, 1, 0, 0, 0 ], 
      [ 0, 0, 0, 1, 0, 0 ], [ 0, 0, 0, 0, 1, 0 ], [ 0, 0, 0, 0, 0, -1 ] ], 
  [ [ 1, 0, 0, 0, 0, 0 ], [ 0, 1, 0, 0, 0, 0 ], [ 0, 0, 1, 0, 0, 0 ], 
      [ 0, 0, 0, 1, 0, 0 ], [ 0, 0, 0, 0, 1, 0 ], [ 0, 0, 0, 0, 0, -1 ] ], 
  [ [ 0, 1, 0, 0, 0, 0 ], [ 0, 0, 1, 0, 0, 0 ], [ 1, 0, 0, 0, 0, 0 ], 
      [ 0, 0, 0, 1, 0, 0 ], [ 0, 0, 0, 0, 1, 0 ], [ 0, 0, 0, 0, 0, 1 ] ], 
  [ [ E(3), 0, 0, 0, 0, 0 ], [ 0, E(3), 0, 0, 0, 0 ], [ 0, 0, E(3), 0, 0, 0 ],
      [ 0, 0, 0, E(3), 0, 0 ], [ 0, 0, 0, 0, E(3), 0 ], 
      [ 0, 0, 0, 0, 0, E(3) ] ] ]
   Cubic invariant basis strings: [ "x5*x6^2", "x5^3", "x4*x6^2", "x4*x5^2", 
  "x4^2*x5", "x4^3", "x3*x6^2 + x2*x6^2 + x1*x6^2", 
  "x3*x5^2 + x2*x5^2 + x1*x5^2", "x3*x4*x5 + x2*x4*x5 + x1*x4*x5", 
  "x3*x4^2 + x2*x4^2 + x1*x4^2", "x2*x3*x5 + x1*x3*x5 + x1*x2*x5", 
  "x2*x3*x4 + x1*x3*x4 + x1*x2*x4", "x1*x2*x3", "x3^2*x5 + x2^2*x5 + x1^2*x5",
  "x3^2*x4 + x2^2*x4 + x1^2*x4", 
  "x2*x3^2 + x2^2*x3 + x1*x3^2 + x1*x2^2 + x1^2*x3 + x1^2*x2", 
  "x3^3 + x2^3 + x1^3" ]
   Cubic invariant basis vectors: 
[ [ 0, 1, 0, 0, 0, 0, 0, 0, 0, 0, 0, 0, 0, 0, 0, 0, 0, 0, 0, 0, 0, 0, 0, 0, 
      0, 0, 0, 0, 0, 0, 0, 0, 0, 0, 0, 0, 0, 0, 0, 0, 0, 0, 0, 0, 0, 0, 0, 0, 
      0, 0, 0, 0, 0, 0, 0, 0 ], 
  [ 0, 0, 0, 1, 0, 0, 0, 0, 0, 0, 0, 0, 0, 0, 0, 0, 0, 0, 0, 0, 0, 0, 0, 0, 
      0, 0, 0, 0, 0, 0, 0, 0, 0, 0, 0, 0, 0, 0, 0, 0, 0, 0, 0, 0, 0, 0, 0, 0, 
      0, 0, 0, 0, 0, 0, 0, 0 ], 
  [ 0, 0, 0, 0, 1, 0, 0, 0, 0, 0, 0, 0, 0, 0, 0, 0, 0, 0, 0, 0, 0, 0, 0, 0, 
      0, 0, 0, 0, 0, 0, 0, 0, 0, 0, 0, 0, 0, 0, 0, 0, 0, 0, 0, 0, 0, 0, 0, 0, 
      0, 0, 0, 0, 0, 0, 0, 0 ], 
  [ 0, 0, 0, 0, 0, 0, 1, 0, 0, 0, 0, 0, 0, 0, 0, 0, 0, 0, 0, 0, 0, 0, 0, 0, 
      0, 0, 0, 0, 0, 0, 0, 0, 0, 0, 0, 0, 0, 0, 0, 0, 0, 0, 0, 0, 0, 0, 0, 0, 
      0, 0, 0, 0, 0, 0, 0, 0 ], 
  [ 0, 0, 0, 0, 0, 0, 0, 0, 1, 0, 0, 0, 0, 0, 0, 0, 0, 0, 0, 0, 0, 0, 0, 0, 
      0, 0, 0, 0, 0, 0, 0, 0, 0, 0, 0, 0, 0, 0, 0, 0, 0, 0, 0, 0, 0, 0, 0, 0, 
      0, 0, 0, 0, 0, 0, 0, 0 ], 
  [ 0, 0, 0, 0, 0, 0, 0, 0, 0, 1, 0, 0, 0, 0, 0, 0, 0, 0, 0, 0, 0, 0, 0, 0, 
      0, 0, 0, 0, 0, 0, 0, 0, 0, 0, 0, 0, 0, 0, 0, 0, 0, 0, 0, 0, 0, 0, 0, 0, 
      0, 0, 0, 0, 0, 0, 0, 0 ], 
  [ 0, 0, 0, 0, 0, 0, 0, 0, 0, 0, 1, 0, 0, 0, 0, 0, 0, 0, 0, 0, 1, 0, 0, 0, 
      0, 0, 0, 0, 0, 0, 0, 0, 0, 0, 0, 1, 0, 0, 0, 0, 0, 0, 0, 0, 0, 0, 0, 0, 
      0, 0, 0, 0, 0, 0, 0, 0 ], 
  [ 0, 0, 0, 0, 0, 0, 0, 0, 0, 0, 0, 0, 1, 0, 0, 0, 0, 0, 0, 0, 0, 0, 1, 0, 
      0, 0, 0, 0, 0, 0, 0, 0, 0, 0, 0, 0, 0, 1, 0, 0, 0, 0, 0, 0, 0, 0, 0, 0, 
      0, 0, 0, 0, 0, 0, 0, 0 ], 
  [ 0, 0, 0, 0, 0, 0, 0, 0, 0, 0, 0, 0, 0, 0, 1, 0, 0, 0, 0, 0, 0, 0, 0, 0, 
      1, 0, 0, 0, 0, 0, 0, 0, 0, 0, 0, 0, 0, 0, 0, 1, 0, 0, 0, 0, 0, 0, 0, 0, 
      0, 0, 0, 0, 0, 0, 0, 0 ], 
  [ 0, 0, 0, 0, 0, 0, 0, 0, 0, 0, 0, 0, 0, 0, 0, 1, 0, 0, 0, 0, 0, 0, 0, 0, 
      0, 1, 0, 0, 0, 0, 0, 0, 0, 0, 0, 0, 0, 0, 0, 0, 1, 0, 0, 0, 0, 0, 0, 0, 
      0, 0, 0, 0, 0, 0, 0, 0 ], 
  [ 0, 0, 0, 0, 0, 0, 0, 0, 0, 0, 0, 0, 0, 0, 0, 0, 0, 0, 0, 0, 0, 0, 0, 0, 
      0, 0, 0, 1, 0, 0, 0, 0, 0, 0, 0, 0, 0, 0, 0, 0, 0, 0, 1, 0, 0, 0, 1, 0, 
      0, 0, 0, 0, 0, 0, 0, 0 ], 
  [ 0, 0, 0, 0, 0, 0, 0, 0, 0, 0, 0, 0, 0, 0, 0, 0, 0, 0, 0, 0, 0, 0, 0, 0, 
      0, 0, 0, 0, 1, 0, 0, 0, 0, 0, 0, 0, 0, 0, 0, 0, 0, 0, 0, 1, 0, 0, 0, 1, 
      0, 0, 0, 0, 0, 0, 0, 0 ], 
  [ 0, 0, 0, 0, 0, 0, 0, 0, 0, 0, 0, 0, 0, 0, 0, 0, 0, 0, 0, 0, 0, 0, 0, 0, 
      0, 0, 0, 0, 0, 0, 0, 0, 0, 0, 0, 0, 0, 0, 0, 0, 0, 0, 0, 0, 0, 0, 0, 0, 
      1, 0, 0, 0, 0, 0, 0, 0 ], 
  [ 0, 0, 0, 0, 0, 0, 0, 0, 0, 0, 0, 0, 0, 0, 0, 0, 0, 1, 0, 0, 0, 0, 0, 0, 
      0, 0, 0, 0, 0, 0, 0, 1, 0, 0, 0, 0, 0, 0, 0, 0, 0, 0, 0, 0, 0, 0, 0, 0, 
      0, 0, 0, 1, 0, 0, 0, 0 ], 
  [ 0, 0, 0, 0, 0, 0, 0, 0, 0, 0, 0, 0, 0, 0, 0, 0, 0, 0, 1, 0, 0, 0, 0, 0, 
      0, 0, 0, 0, 0, 0, 0, 0, 1, 0, 0, 0, 0, 0, 0, 0, 0, 0, 0, 0, 0, 0, 0, 0, 
      0, 0, 0, 0, 1, 0, 0, 0 ], 
  [ 0, 0, 0, 0, 0, 0, 0, 0, 0, 0, 0, 0, 0, 0, 0, 0, 0, 0, 0, 0, 0, 0, 0, 0, 
      0, 0, 0, 0, 0, 1, 0, 0, 0, 1, 0, 0, 0, 0, 0, 0, 0, 0, 0, 0, 1, 0, 0, 0, 
      0, 1, 0, 0, 0, 1, 1, 0 ], 
  [ 0, 0, 0, 0, 0, 0, 0, 0, 0, 0, 0, 0, 0, 0, 0, 0, 0, 0, 0, 1, 0, 0, 0, 0, 
      0, 0, 0, 0, 0, 0, 0, 0, 0, 0, 1, 0, 0, 0, 0, 0, 0, 0, 0, 0, 0, 0, 0, 0, 
      0, 0, 0, 0, 0, 0, 0, 1 ] ]

138. Candidate
   Symplectic group: S3
   Component: 2; corrigendum component, generic index 2
   Projective group ID: [ 24, 5 ]
   Strict linear group ID: [ 72, 27 ]
   Generic index: 2
   Generic full linear containment required: true
   Generic full linear containment verified: true
   Direct known case: false
   Source records: [ "S_3_corrigendum_generic_index=2_liftable.docx" ]
   Family number within this input: 1
   Strict cubic invariant dimension: 7
   Centralizer dimension: 7
   Expected moduli dimension: 0
   Determinant image order: 4
   Gonzalez status: passed
   Retained: true
   Gonzalez failure statuses: [  ]
   Matrix generators: 
[ [ [ 0, 1, 0, 0, 0, 0 ], [ 1, 0, 0, 0, 0, 0 ], [ 0, 0, 1, 0, 0, 0 ], 
      [ 0, 0, 0, 1, 0, 0 ], [ 0, 0, 0, 0, 1, 0 ], [ 0, 0, 0, 0, 0, -1 ] ], 
  [ [ -943/1995, 1052/1995, 1052/1995, 263/133, -2104/1995, 0 ], 
      [ 1052/1995, -943/1995, 1052/1995, 263/133, -2104/1995, 0 ], 
      [ 1052/1995, 1052/1995, -943/1995, 263/133, -2104/1995, 0 ], 
      [ -312/665, -312/665, -312/665, -367/133, 624/665, 0 ], 
      [ -724/665, -724/665, -724/665, -543/133, 783/665, 0 ], 
      [ 0, 0, 0, 0, 0, -E(4) ] ], 
  [ [ 1, 0, 0, 0, 0, 0 ], [ 0, 1, 0, 0, 0, 0 ], [ 0, 0, 1, 0, 0, 0 ], 
      [ 0, 0, 0, 1, 0, 0 ], [ 0, 0, 0, 0, 1, 0 ], [ 0, 0, 0, 0, 0, -1 ] ], 
  [ [ 0, 1, 0, 0, 0, 0 ], [ 0, 0, 1, 0, 0, 0 ], [ 1, 0, 0, 0, 0, 0 ], 
      [ 0, 0, 0, 1, 0, 0 ], [ 0, 0, 0, 0, 1, 0 ], [ 0, 0, 0, 0, 0, 1 ] ], 
  [ [ E(3), 0, 0, 0, 0, 0 ], [ 0, E(3), 0, 0, 0, 0 ], [ 0, 0, E(3), 0, 0, 0 ],
      [ 0, 0, 0, E(3), 0, 0 ], [ 0, 0, 0, 0, E(3), 0 ], 
      [ 0, 0, 0, 0, 0, E(3) ] ] ]
   Cubic invariant basis strings: 
[ "(15/8)*x5*x6^2 + x4*x6^2", "(3/2)*x5*x6^2 + x3*x6^2 + x2*x6^2 + x1*x6^2", 
  "(-122175/16832)*x5^3 + (-91485/8416)*x4*x5^2 + (-2841/526)*x4^2*x5 + (-234/\
263)*x4^3 + (225/64)*x3*x5^2 + (15/4)*x3*x4*x5 + x3*x4^2 + (225/64)*x2*x5^2 + \
(15/4)*x2*x4*x5 + x2*x4^2 + (225/64)*x1*x5^2 + (15/4)*x1*x4*x5 + x1*x4^2", 
  "(1275507/553352)*x5^3 + (783081/276676)*x4*x5^2 + (54756/69169)*x4^2*x5 + (\
-6693/2104)*x3*x5^2 + (-468/263)*x3*x4*x5 + x3^2*x5 + (-6693/2104)*x2*x5^2 + (\
-468/263)*x2*x4*x5 + (2)*x2*x3*x5 + x2^2*x5 + (-6693/2104)*x1*x5^2 + (-468/263\
)*x1*x4*x5 + (2)*x1*x3*x5 + (2)*x1*x2*x5 + x1^2*x5", 
  "(-73427175/4426816)*x5^3 + (-45547317/2213408)*x4*x5^2 + (-1054755/138338)*\
x4^2*x5 + (-54756/69169)*x4^3 + (135225/16832)*x3*x5^2 + (4671/1052)*x3*x4*x5 \
+ x3^2*x4 + (135225/16832)*x2*x5^2 + (4671/1052)*x2*x4*x5 + (2)*x2*x3*x4 + x2^\
2*x4 + (135225/16832)*x1*x5^2 + (4671/1052)*x1*x4*x5 + (2)*x1*x3*x4 + (2)*x1*x\
2*x4 + x1^2*x4", 
  "(-2132361/553352)*x5^3 + (-967707/276676)*x4*x5^2 + (-54756/69169)*x4^2*x5 \
+ (3927/2104)*x3*x5^2 + (234/263)*x3*x4*x5 + (3927/2104)*x2*x5^2 + (234/263)*x\
2*x4*x5 + (-543/263)*x2*x3*x5 + (-234/263)*x2*x3*x4 + x2*x3^2 + x2^2*x3 + (392\
7/2104)*x1*x5^2 + (234/263)*x1*x4*x5 + (-543/263)*x1*x3*x5 + (-234/263)*x1*x3*\
x4 + x1*x3^2 + (-543/263)*x1*x2*x5 + (-234/263)*x1*x2*x4 + (3)*x1*x2*x3 + x1*x\
2^2 + x1^2*x3 + x1^2*x2", 
  "(-5820578271/582126304)*x5^3 + (-3628184157/291063152)*x4*x5^2 + (-93673827\
/18191447)*x4^2*x5 + (-12812904/18191447)*x4^3 + (1284129/2213408)*x3*x5^2 + (\
38259/138338)*x3*x4*x5 + x3^3 + (1284129/2213408)*x2*x5^2 + (38259/138338)*x2*\
x4*x5 + (1629/263)*x2*x3*x5 + (702/263)*x2*x3*x4 + x2^3 + (1284129/2213408)*x1\
*x5^2 + (38259/138338)*x1*x4*x5 + (1629/263)*x1*x3*x5 + (702/263)*x1*x3*x4 + (\
1629/263)*x1*x2*x5 + (702/263)*x1*x2*x4 + (-3)*x1*x2*x3 + x1^3" ]
   Cubic invariant basis vectors: 
[ [ 0, 15/8, 0, 0, 1, 0, 0, 0, 0, 0, 0, 0, 0, 0, 0, 0, 0, 0, 0, 0, 0, 0, 0, 
      0, 0, 0, 0, 0, 0, 0, 0, 0, 0, 0, 0, 0, 0, 0, 0, 0, 0, 0, 0, 0, 0, 0, 0, 
      0, 0, 0, 0, 0, 0, 0, 0, 0 ], 
  [ 0, 3/2, 0, 0, 0, 0, 0, 0, 0, 0, 1, 0, 0, 0, 0, 0, 0, 0, 0, 0, 1, 0, 0, 0, 
      0, 0, 0, 0, 0, 0, 0, 0, 0, 0, 0, 1, 0, 0, 0, 0, 0, 0, 0, 0, 0, 0, 0, 0, 
      0, 0, 0, 0, 0, 0, 0, 0 ], 
  [ 0, 0, 0, -122175/16832, 0, 0, -91485/8416, 0, -2841/526, -234/263, 0, 0, 
      225/64, 0, 15/4, 1, 0, 0, 0, 0, 0, 0, 225/64, 0, 15/4, 1, 0, 0, 0, 0, 
      0, 0, 0, 0, 0, 0, 0, 225/64, 0, 15/4, 1, 0, 0, 0, 0, 0, 0, 0, 0, 0, 0, 
      0, 0, 0, 0, 0 ], 
  [ 0, 0, 0, 1275507/553352, 0, 0, 783081/276676, 0, 54756/69169, 0, 0, 0, 
      -6693/2104, 0, -468/263, 0, 0, 1, 0, 0, 0, 0, -6693/2104, 0, -468/263, 
      0, 0, 2, 0, 0, 0, 1, 0, 0, 0, 0, 0, -6693/2104, 0, -468/263, 0, 0, 2, 
      0, 0, 0, 2, 0, 0, 0, 0, 1, 0, 0, 0, 0 ], 
  [ 0, 0, 0, -73427175/4426816, 0, 0, -45547317/2213408, 0, -1054755/138338, 
      -54756/69169, 0, 0, 135225/16832, 0, 4671/1052, 0, 0, 0, 1, 0, 0, 0, 
      135225/16832, 0, 4671/1052, 0, 0, 0, 2, 0, 0, 0, 1, 0, 0, 0, 0, 
      135225/16832, 0, 4671/1052, 0, 0, 0, 2, 0, 0, 0, 2, 0, 0, 0, 0, 1, 0, 
      0, 0 ], 
  [ 0, 0, 0, -2132361/553352, 0, 0, -967707/276676, 0, -54756/69169, 0, 0, 0, 
      3927/2104, 0, 234/263, 0, 0, 0, 0, 0, 0, 0, 3927/2104, 0, 234/263, 0, 
      0, -543/263, -234/263, 1, 0, 0, 0, 1, 0, 0, 0, 3927/2104, 0, 234/263, 
      0, 0, -543/263, -234/263, 1, 0, -543/263, -234/263, 3, 1, 0, 0, 0, 1, 
      1, 0 ], 
  [ 0, 0, 0, -5820578271/582126304, 0, 0, -3628184157/291063152, 0, 
      -93673827/18191447, -12812904/18191447, 0, 0, 1284129/2213408, 0, 
      38259/138338, 0, 0, 0, 0, 1, 0, 0, 1284129/2213408, 0, 38259/138338, 0, 
      0, 1629/263, 702/263, 0, 0, 0, 0, 0, 1, 0, 0, 1284129/2213408, 0, 
      38259/138338, 0, 0, 1629/263, 702/263, 0, 0, 1629/263, 702/263, -3, 0, 
      0, 0, 0, 0, 0, 1 ] ]

139. Candidate
   Symplectic group: S3
   Component: 2; corrigendum component, generic index 2
   Projective group ID: [ 24, 5 ]
   Strict linear group ID: [ 72, 27 ]
   Generic index: 2
   Generic full linear containment required: true
   Generic full linear containment verified: true
   Direct known case: false
   Source records: [ "S_3_corrigendum_generic_index=2_liftable.docx" ]
   Family number within this input: 2
   Strict cubic invariant dimension: 8
   Centralizer dimension: 7
   Expected moduli dimension: 1
   Determinant image order: 4
   Gonzalez status: passed
   Retained: true
   Gonzalez failure statuses: [  ]
   Matrix generators: 
[ [ [ 0, 1, 0, 0, 0, 0 ], [ 1, 0, 0, 0, 0, 0 ], [ 0, 0, 1, 0, 0, 0 ], 
      [ 0, 0, 0, 1, 0, 0 ], [ 0, 0, 0, 0, 1, 0 ], [ 0, 0, 0, 0, 0, -1 ] ], 
  [ [ 1717/1995, -278/1995, -278/1995, 263/133, -2104/1995, 0 ], 
      [ -278/1995, 1717/1995, -278/1995, 263/133, -2104/1995, 0 ], 
      [ -278/1995, -278/1995, 1717/1995, 263/133, -2104/1995, 0 ], 
      [ -312/665, -312/665, -312/665, -367/133, 624/665, 0 ], 
      [ -724/665, -724/665, -724/665, -543/133, 783/665, 0 ], 
      [ 0, 0, 0, 0, 0, -E(4) ] ], 
  [ [ 1, 0, 0, 0, 0, 0 ], [ 0, 1, 0, 0, 0, 0 ], [ 0, 0, 1, 0, 0, 0 ], 
      [ 0, 0, 0, 1, 0, 0 ], [ 0, 0, 0, 0, 1, 0 ], [ 0, 0, 0, 0, 0, -1 ] ], 
  [ [ 0, 1, 0, 0, 0, 0 ], [ 0, 0, 1, 0, 0, 0 ], [ 1, 0, 0, 0, 0, 0 ], 
      [ 0, 0, 0, 1, 0, 0 ], [ 0, 0, 0, 0, 1, 0 ], [ 0, 0, 0, 0, 0, 1 ] ], 
  [ [ E(3), 0, 0, 0, 0, 0 ], [ 0, E(3), 0, 0, 0, 0 ], [ 0, 0, E(3), 0, 0, 0 ],
      [ 0, 0, 0, E(3), 0, 0 ], [ 0, 0, 0, 0, E(3), 0 ], 
      [ 0, 0, 0, 0, 0, E(3) ] ] ]
   Cubic invariant basis strings: 
[ "(15/8)*x5*x6^2 + x4*x6^2", "(3/2)*x5*x6^2 + x3*x6^2 + x2*x6^2 + x1*x6^2", 
  "(-122175/16832)*x5^3 + (-91485/8416)*x4*x5^2 + (-2841/526)*x4^2*x5 + (-234/\
263)*x4^3 + (225/64)*x3*x5^2 + (15/4)*x3*x4*x5 + x3*x4^2 + (225/64)*x2*x5^2 + \
(15/4)*x2*x4*x5 + x2*x4^2 + (225/64)*x1*x5^2 + (15/4)*x1*x4*x5 + x1*x4^2", 
  "(90952319/291063152)*x5^3 + (77820093/145531576)*x4*x5^2 + (5338710/1819144\
7)*x4^2*x5 + (949104/18191447)*x4^3 + (181951/1106704)*x3*x5^2 + (5421/69169)*\
x3*x4*x5 + (181951/1106704)*x2*x5^2 + (5421/69169)*x2*x4*x5 + (-181/263)*x2*x3\
*x5 + (-78/263)*x2*x3*x4 + (181951/1106704)*x1*x5^2 + (5421/69169)*x1*x4*x5 + \
(-181/263)*x1*x3*x5 + (-78/263)*x1*x3*x4 + (-181/263)*x1*x2*x5 + (-78/263)*x1*\
x2*x4 + x1*x2*x3", 
  "(1275507/553352)*x5^3 + (783081/276676)*x4*x5^2 + (54756/69169)*x4^2*x5 + (\
-6693/2104)*x3*x5^2 + (-468/263)*x3*x4*x5 + x3^2*x5 + (-6693/2104)*x2*x5^2 + (\
-468/263)*x2*x4*x5 + (2)*x2*x3*x5 + x2^2*x5 + (-6693/2104)*x1*x5^2 + (-468/263\
)*x1*x4*x5 + (2)*x1*x3*x5 + (2)*x1*x2*x5 + x1^2*x5", 
  "(-73427175/4426816)*x5^3 + (-45547317/2213408)*x4*x5^2 + (-1054755/138338)*\
x4^2*x5 + (-54756/69169)*x4^3 + (135225/16832)*x3*x5^2 + (4671/1052)*x3*x4*x5 \
+ x3^2*x4 + (135225/16832)*x2*x5^2 + (4671/1052)*x2*x4*x5 + (2)*x2*x3*x4 + x2^\
2*x4 + (135225/16832)*x1*x5^2 + (4671/1052)*x1*x4*x5 + (2)*x1*x3*x4 + (2)*x1*x\
2*x4 + x1^2*x4", 
  "(-1394478843/291063152)*x5^3 + (-742474161/145531576)*x4*x5^2 + (-30416958/\
18191447)*x4^2*x5 + (-2847312/18191447)*x4^3 + (1519749/1106704)*x3*x5^2 + (45\
279/69169)*x3*x4*x5 + (1519749/1106704)*x2*x5^2 + (45279/69169)*x2*x4*x5 + x2*\
x3^2 + x2^2*x3 + (1519749/1106704)*x1*x5^2 + (45279/69169)*x1*x4*x5 + x1*x3^2 \
+ x1*x2^2 + x1^2*x3 + x1^2*x2", 
  "(-5274864357/582126304)*x5^3 + (-3161263599/291063152)*x4*x5^2 + (-77657697\
/18191447)*x4^2*x5 + (-9965592/18191447)*x4^3 + (2375835/2213408)*x3*x5^2 + (7\
0785/138338)*x3*x4*x5 + x3^3 + (2375835/2213408)*x2*x5^2 + (70785/138338)*x2*x\
4*x5 + (1086/263)*x2*x3*x5 + (468/263)*x2*x3*x4 + x2^3 + (2375835/2213408)*x1*\
x5^2 + (70785/138338)*x1*x4*x5 + (1086/263)*x1*x3*x5 + (468/263)*x1*x3*x4 + (1\
086/263)*x1*x2*x5 + (468/263)*x1*x2*x4 + x1^3" ]
   Cubic invariant basis vectors: 
[ [ 0, 15/8, 0, 0, 1, 0, 0, 0, 0, 0, 0, 0, 0, 0, 0, 0, 0, 0, 0, 0, 0, 0, 0, 
      0, 0, 0, 0, 0, 0, 0, 0, 0, 0, 0, 0, 0, 0, 0, 0, 0, 0, 0, 0, 0, 0, 0, 0, 
      0, 0, 0, 0, 0, 0, 0, 0, 0 ], 
  [ 0, 3/2, 0, 0, 0, 0, 0, 0, 0, 0, 1, 0, 0, 0, 0, 0, 0, 0, 0, 0, 1, 0, 0, 0, 
      0, 0, 0, 0, 0, 0, 0, 0, 0, 0, 0, 1, 0, 0, 0, 0, 0, 0, 0, 0, 0, 0, 0, 0, 
      0, 0, 0, 0, 0, 0, 0, 0 ], 
  [ 0, 0, 0, -122175/16832, 0, 0, -91485/8416, 0, -2841/526, -234/263, 0, 0, 
      225/64, 0, 15/4, 1, 0, 0, 0, 0, 0, 0, 225/64, 0, 15/4, 1, 0, 0, 0, 0, 
      0, 0, 0, 0, 0, 0, 0, 225/64, 0, 15/4, 1, 0, 0, 0, 0, 0, 0, 0, 0, 0, 0, 
      0, 0, 0, 0, 0 ], 
  [ 0, 0, 0, 90952319/291063152, 0, 0, 77820093/145531576, 0, 
      5338710/18191447, 949104/18191447, 0, 0, 181951/1106704, 0, 5421/69169, 
      0, 0, 0, 0, 0, 0, 0, 181951/1106704, 0, 5421/69169, 0, 0, -181/263, 
      -78/263, 0, 0, 0, 0, 0, 0, 0, 0, 181951/1106704, 0, 5421/69169, 0, 0, 
      -181/263, -78/263, 0, 0, -181/263, -78/263, 1, 0, 0, 0, 0, 0, 0, 0 ], 
  [ 0, 0, 0, 1275507/553352, 0, 0, 783081/276676, 0, 54756/69169, 0, 0, 0, 
      -6693/2104, 0, -468/263, 0, 0, 1, 0, 0, 0, 0, -6693/2104, 0, -468/263, 
      0, 0, 2, 0, 0, 0, 1, 0, 0, 0, 0, 0, -6693/2104, 0, -468/263, 0, 0, 2, 
      0, 0, 0, 2, 0, 0, 0, 0, 1, 0, 0, 0, 0 ], 
  [ 0, 0, 0, -73427175/4426816, 0, 0, -45547317/2213408, 0, -1054755/138338, 
      -54756/69169, 0, 0, 135225/16832, 0, 4671/1052, 0, 0, 0, 1, 0, 0, 0, 
      135225/16832, 0, 4671/1052, 0, 0, 0, 2, 0, 0, 0, 1, 0, 0, 0, 0, 
      135225/16832, 0, 4671/1052, 0, 0, 0, 2, 0, 0, 0, 2, 0, 0, 0, 0, 1, 0, 
      0, 0 ], 
  [ 0, 0, 0, -1394478843/291063152, 0, 0, -742474161/145531576, 0, 
      -30416958/18191447, -2847312/18191447, 0, 0, 1519749/1106704, 0, 
      45279/69169, 0, 0, 0, 0, 0, 0, 0, 1519749/1106704, 0, 45279/69169, 0, 
      0, 0, 0, 1, 0, 0, 0, 1, 0, 0, 0, 1519749/1106704, 0, 45279/69169, 0, 0, 
      0, 0, 1, 0, 0, 0, 0, 1, 0, 0, 0, 1, 1, 0 ], 
  [ 0, 0, 0, -5274864357/582126304, 0, 0, -3161263599/291063152, 0, 
      -77657697/18191447, -9965592/18191447, 0, 0, 2375835/2213408, 0, 
      70785/138338, 0, 0, 0, 0, 1, 0, 0, 2375835/2213408, 0, 70785/138338, 0, 
      0, 1086/263, 468/263, 0, 0, 0, 0, 0, 1, 0, 0, 2375835/2213408, 0, 
      70785/138338, 0, 0, 1086/263, 468/263, 0, 0, 1086/263, 468/263, 0, 0, 
      0, 0, 0, 0, 0, 1 ] ]

140. Candidate
   Symplectic group: S3
   Component: 2; corrigendum component, generic index 2
   Projective group ID: [ 24, 5 ]
   Strict linear group ID: [ 72, 27 ]
   Generic index: 2
   Generic full linear containment required: true
   Generic full linear containment verified: true
   Direct known case: false
   Source records: [ "S_3_corrigendum_generic_index=2_liftable.docx" ]
   Family number within this input: 3
   Strict cubic invariant dimension: 9
   Centralizer dimension: 7
   Expected moduli dimension: 2
   Determinant image order: 4
   Gonzalez status: passed
   Retained: true
   Gonzalez failure statuses: [  ]
   Matrix generators: 
[ [ [ 0, 1, 0, 0, 0, 0 ], [ 1, 0, 0, 0, 0, 0 ], [ 0, 0, 1, 0, 0, 0 ], 
      [ 0, 0, 0, 1, 0, 0 ], [ 0, 0, 0, 0, 1, 0 ], [ 0, 0, 0, 0, 0, -1 ] ], 
  [ [ -9/665, 656/665, 656/665, -58/285, 58/105, 0 ], 
      [ 656/665, -9/665, 656/665, -58/285, 58/105, 0 ], 
      [ 656/665, 656/665, -9/665, -58/285, 58/105, 0 ], 
      [ -968/665, -968/665, -968/665, 183/95, -88/35, 0 ], 
      [ -1496/665, -1496/665, -1496/665, 136/95, -101/35, 0 ], 
      [ 0, 0, 0, 0, 0, -E(4) ] ], 
  [ [ 1, 0, 0, 0, 0, 0 ], [ 0, 1, 0, 0, 0, 0 ], [ 0, 0, 1, 0, 0, 0 ], 
      [ 0, 0, 0, 1, 0, 0 ], [ 0, 0, 0, 0, 1, 0 ], [ 0, 0, 0, 0, 0, -1 ] ], 
  [ [ 0, 1, 0, 0, 0, 0 ], [ 0, 0, 1, 0, 0, 0 ], [ 1, 0, 0, 0, 0, 0 ], 
      [ 0, 0, 0, 1, 0, 0 ], [ 0, 0, 0, 0, 1, 0 ], [ 0, 0, 0, 0, 0, 1 ] ], 
  [ [ E(3), 0, 0, 0, 0, 0 ], [ 0, E(3), 0, 0, 0, 0 ], [ 0, 0, E(3), 0, 0, 0 ],
      [ 0, 0, 0, E(3), 0, 0 ], [ 0, 0, 0, 0, E(3), 0 ], 
      [ 0, 0, 0, 0, 0, E(3) ] ] ]
   Cubic invariant basis strings: 
[ "(343/6859)*x5^3 + (147/361)*x4*x5^2 + (21/19)*x4^2*x5 + x4^3", 
  "(-204/29)*x5*x6^2 + (-132/29)*x4*x6^2 + x3*x6^2 + x2*x6^2 + x1*x6^2", 
  "(-2121/1102)*x5^3 + (-7605/1102)*x4*x5^2 + (-132/29)*x4^2*x5 + (7/19)*x3*x5\
^2 + x3*x4*x5 + (7/19)*x2*x5^2 + x2*x4*x5 + (7/19)*x1*x5^2 + x1*x4*x5", 
  "(235200/198911)*x5^3 + (39837/10469)*x4*x5^2 + (891/551)*x4^2*x5 + (-49/361\
)*x3*x5^2 + x3*x4^2 + (-49/361)*x2*x5^2 + x2*x4^2 + (-49/361)*x1*x5^2 + x1*x4^\
2", 
  "(-369600/198911)*x5^3 + (-73128/10469)*x4*x5^2 + (-2904/551)*x4^2*x5 + (7/1\
9)*x2*x3*x5 + x2*x3*x4 + (7/19)*x1*x3*x5 + x1*x3*x4 + (7/19)*x1*x2*x5 + x1*x2*\
x4", 
  "(9999/31958)*x5^3 + (-375606/15979)*x4*x5^2 + (-17424/841)*x4^2*x5 + (-5823\
/1102)*x3*x5^2 + x3^2*x5 + (-5823/1102)*x2*x5^2 + (2)*x2*x3*x5 + x2^2*x5 + (-5\
823/1102)*x1*x5^2 + (2)*x1*x3*x5 + (2)*x1*x2*x5 + x1^2*x5", 
  "(-22766667/11536838)*x5^3 + (508530/303601)*x4*x5^2 + (37752/15979)*x4^2*x5\
 + (40761/20938)*x3*x5^2 + x3^2*x4 + (40761/20938)*x2*x5^2 + (-14/19)*x2*x3*x5\
 + x2^2*x4 + (40761/20938)*x1*x5^2 + (-14/19)*x1*x3*x5 + (-14/19)*x1*x2*x5 + x\
1^2*x4", 
  "(-7984548/5768419)*x5^3 + (-8263332/303601)*x4*x5^2 + (-383328/15979)*x4^2*\
x5 + (-32472/10469)*x3*x5^2 + (-32472/10469)*x2*x5^2 + (-33/19)*x2*x3*x5 + x2*\
x3^2 + x2^2*x3 + (-32472/10469)*x1*x5^2 + (-33/19)*x1*x3*x5 + x1*x3^2 + (-33/1\
9)*x1*x2*x5 + (3)*x1*x2*x3 + x1*x2^2 + x1^2*x3 + x1^2*x2", 
  "(329967/607202)*x5^3 + (-12394998/303601)*x4*x5^2 + (-574992/15979)*x4^2*x5\
 + (-192159/20938)*x3*x5^2 + x3^3 + (-192159/20938)*x2*x5^2 + (99/19)*x2*x3*x5\
 + x2^3 + (-192159/20938)*x1*x5^2 + (99/19)*x1*x3*x5 + (99/19)*x1*x2*x5 + (-3)\
*x1*x2*x3 + x1^3" ]
   Cubic invariant basis vectors: 
[ [ 0, 0, 0, 343/6859, 0, 0, 147/361, 0, 21/19, 1, 0, 0, 0, 0, 0, 0, 0, 0, 0, 
      0, 0, 0, 0, 0, 0, 0, 0, 0, 0, 0, 0, 0, 0, 0, 0, 0, 0, 0, 0, 0, 0, 0, 0, 
      0, 0, 0, 0, 0, 0, 0, 0, 0, 0, 0, 0, 0 ], 
  [ 0, -204/29, 0, 0, -132/29, 0, 0, 0, 0, 0, 1, 0, 0, 0, 0, 0, 0, 0, 0, 0, 
      1, 0, 0, 0, 0, 0, 0, 0, 0, 0, 0, 0, 0, 0, 0, 1, 0, 0, 0, 0, 0, 0, 0, 0, 
      0, 0, 0, 0, 0, 0, 0, 0, 0, 0, 0, 0 ], 
  [ 0, 0, 0, -2121/1102, 0, 0, -7605/1102, 0, -132/29, 0, 0, 0, 7/19, 0, 1, 
      0, 0, 0, 0, 0, 0, 0, 7/19, 0, 1, 0, 0, 0, 0, 0, 0, 0, 0, 0, 0, 0, 0, 
      7/19, 0, 1, 0, 0, 0, 0, 0, 0, 0, 0, 0, 0, 0, 0, 0, 0, 0, 0 ], 
  [ 0, 0, 0, 235200/198911, 0, 0, 39837/10469, 0, 891/551, 0, 0, 0, -49/361, 
      0, 0, 1, 0, 0, 0, 0, 0, 0, -49/361, 0, 0, 1, 0, 0, 0, 0, 0, 0, 0, 0, 0, 
      0, 0, -49/361, 0, 0, 1, 0, 0, 0, 0, 0, 0, 0, 0, 0, 0, 0, 0, 0, 0, 0 ], 
  [ 0, 0, 0, -369600/198911, 0, 0, -73128/10469, 0, -2904/551, 0, 0, 0, 0, 0, 
      0, 0, 0, 0, 0, 0, 0, 0, 0, 0, 0, 0, 0, 7/19, 1, 0, 0, 0, 0, 0, 0, 0, 0, 
      0, 0, 0, 0, 0, 7/19, 1, 0, 0, 7/19, 1, 0, 0, 0, 0, 0, 0, 0, 0 ], 
  [ 0, 0, 0, 9999/31958, 0, 0, -375606/15979, 0, -17424/841, 0, 0, 0, 
      -5823/1102, 0, 0, 0, 0, 1, 0, 0, 0, 0, -5823/1102, 0, 0, 0, 0, 2, 0, 0, 
      0, 1, 0, 0, 0, 0, 0, -5823/1102, 0, 0, 0, 0, 2, 0, 0, 0, 2, 0, 0, 0, 0, 
      1, 0, 0, 0, 0 ], 
  [ 0, 0, 0, -22766667/11536838, 0, 0, 508530/303601, 0, 37752/15979, 0, 0, 
      0, 40761/20938, 0, 0, 0, 0, 0, 1, 0, 0, 0, 40761/20938, 0, 0, 0, 0, 
      -14/19, 0, 0, 0, 0, 1, 0, 0, 0, 0, 40761/20938, 0, 0, 0, 0, -14/19, 0, 
      0, 0, -14/19, 0, 0, 0, 0, 0, 1, 0, 0, 0 ], 
  [ 0, 0, 0, -7984548/5768419, 0, 0, -8263332/303601, 0, -383328/15979, 0, 0, 
      0, -32472/10469, 0, 0, 0, 0, 0, 0, 0, 0, 0, -32472/10469, 0, 0, 0, 0, 
      -33/19, 0, 1, 0, 0, 0, 1, 0, 0, 0, -32472/10469, 0, 0, 0, 0, -33/19, 0, 
      1, 0, -33/19, 0, 3, 1, 0, 0, 0, 1, 1, 0 ], 
  [ 0, 0, 0, 329967/607202, 0, 0, -12394998/303601, 0, -574992/15979, 0, 0, 
      0, -192159/20938, 0, 0, 0, 0, 0, 0, 1, 0, 0, -192159/20938, 0, 0, 0, 0, 
      99/19, 0, 0, 0, 0, 0, 0, 1, 0, 0, -192159/20938, 0, 0, 0, 0, 99/19, 0, 
      0, 0, 99/19, 0, -3, 0, 0, 0, 0, 0, 0, 1 ] ]

141. Candidate
   Symplectic group: S3
   Component: 2; corrigendum component, generic index 2
   Projective group ID: [ 24, 5 ]
   Strict linear group ID: [ 72, 27 ]
   Generic index: 2
   Generic full linear containment required: true
   Generic full linear containment verified: true
   Direct known case: false
   Source records: [ "S_3_corrigendum_generic_index=2_liftable.docx" ]
   Family number within this input: 4
   Strict cubic invariant dimension: 10
   Centralizer dimension: 7
   Expected moduli dimension: 3
   Determinant image order: 4
   Gonzalez status: passed
   Retained: true
   Gonzalez failure statuses: [  ]
   Matrix generators: 
[ [ [ 0, 1, 0, 0, 0, 0 ], [ 1, 0, 0, 0, 0, 0 ], [ 0, 0, 1, 0, 0, 0 ], 
      [ 0, 0, 0, 1, 0, 0 ], [ 0, 0, 0, 0, 1, 0 ], [ 0, 0, 0, 0, 0, -1 ] ], 
  [ [ 2633/1995, 638/1995, 638/1995, -58/285, 58/105, 0 ], 
      [ 638/1995, 2633/1995, 638/1995, -58/285, 58/105, 0 ], 
      [ 638/1995, 638/1995, 2633/1995, -58/285, 58/105, 0 ], 
      [ -968/665, -968/665, -968/665, 183/95, -88/35, 0 ], 
      [ -1496/665, -1496/665, -1496/665, 136/95, -101/35, 0 ], 
      [ 0, 0, 0, 0, 0, -E(4) ] ], 
  [ [ 1, 0, 0, 0, 0, 0 ], [ 0, 1, 0, 0, 0, 0 ], [ 0, 0, 1, 0, 0, 0 ], 
      [ 0, 0, 0, 1, 0, 0 ], [ 0, 0, 0, 0, 1, 0 ], [ 0, 0, 0, 0, 0, -1 ] ], 
  [ [ 0, 1, 0, 0, 0, 0 ], [ 0, 0, 1, 0, 0, 0 ], [ 1, 0, 0, 0, 0, 0 ], 
      [ 0, 0, 0, 1, 0, 0 ], [ 0, 0, 0, 0, 1, 0 ], [ 0, 0, 0, 0, 0, 1 ] ], 
  [ [ E(3), 0, 0, 0, 0, 0 ], [ 0, E(3), 0, 0, 0, 0 ], [ 0, 0, E(3), 0, 0, 0 ],
      [ 0, 0, 0, E(3), 0, 0 ], [ 0, 0, 0, 0, E(3), 0 ], 
      [ 0, 0, 0, 0, 0, E(3) ] ] ]
   Cubic invariant basis strings: 
[ "(343/6859)*x5^3 + (147/361)*x4*x5^2 + (21/19)*x4^2*x5 + x4^3", 
  "(-204/29)*x5*x6^2 + (-132/29)*x4*x6^2 + x3*x6^2 + x2*x6^2 + x1*x6^2", 
  "(-2121/1102)*x5^3 + (-7605/1102)*x4*x5^2 + (-132/29)*x4^2*x5 + (7/19)*x3*x5\
^2 + x3*x4*x5 + (7/19)*x2*x5^2 + x2*x4*x5 + (7/19)*x1*x5^2 + x1*x4*x5", 
  "(235200/198911)*x5^3 + (39837/10469)*x4*x5^2 + (891/551)*x4^2*x5 + (-49/361\
)*x3*x5^2 + x3*x4^2 + (-49/361)*x2*x5^2 + x2*x4^2 + (-49/361)*x1*x5^2 + x1*x4^\
2", 
  "(-369600/198911)*x5^3 + (-73128/10469)*x4*x5^2 + (-2904/551)*x4^2*x5 + (7/1\
9)*x2*x3*x5 + x2*x3*x4 + (7/19)*x1*x3*x5 + x1*x3*x4 + (7/19)*x1*x2*x5 + x1*x2*\
x4", 
  "(-1331/6859)*x5^3 + (121/361)*x3*x5^2 + (121/361)*x2*x5^2 + (-11/19)*x2*x3*\
x5 + (121/361)*x1*x5^2 + (-11/19)*x1*x3*x5 + (-11/19)*x1*x2*x5 + x1*x2*x3", 
  "(9999/31958)*x5^3 + (-375606/15979)*x4*x5^2 + (-17424/841)*x4^2*x5 + (-5823\
/1102)*x3*x5^2 + x3^2*x5 + (-5823/1102)*x2*x5^2 + (2)*x2*x3*x5 + x2^2*x5 + (-5\
823/1102)*x1*x5^2 + (2)*x1*x3*x5 + (2)*x1*x2*x5 + x1^2*x5", 
  "(-22766667/11536838)*x5^3 + (508530/303601)*x4*x5^2 + (37752/15979)*x4^2*x5\
 + (40761/20938)*x3*x5^2 + x3^2*x4 + (40761/20938)*x2*x5^2 + (-14/19)*x2*x3*x5\
 + x2^2*x4 + (40761/20938)*x1*x5^2 + (-14/19)*x1*x3*x5 + (-14/19)*x1*x2*x5 + x\
1^2*x4", 
  "(-4626435/5768419)*x5^3 + (-8263332/303601)*x4*x5^2 + (-383328/15979)*x4^2*\
x5 + (-42999/10469)*x3*x5^2 + (-42999/10469)*x2*x5^2 + x2*x3^2 + x2^2*x3 + (-4\
2999/10469)*x1*x5^2 + x1*x3^2 + x1*x2^2 + x1^2*x3 + x1^2*x2", 
  "(-446853/11536838)*x5^3 + (-12394998/303601)*x4*x5^2 + (-574992/15979)*x4^2\
*x5 + (-171105/20938)*x3*x5^2 + x3^3 + (-171105/20938)*x2*x5^2 + (66/19)*x2*x3\
*x5 + x2^3 + (-171105/20938)*x1*x5^2 + (66/19)*x1*x3*x5 + (66/19)*x1*x2*x5 + x\
1^3" ]
   Cubic invariant basis vectors: 
[ [ 0, 0, 0, 343/6859, 0, 0, 147/361, 0, 21/19, 1, 0, 0, 0, 0, 0, 0, 0, 0, 0, 
      0, 0, 0, 0, 0, 0, 0, 0, 0, 0, 0, 0, 0, 0, 0, 0, 0, 0, 0, 0, 0, 0, 0, 0, 
      0, 0, 0, 0, 0, 0, 0, 0, 0, 0, 0, 0, 0 ], 
  [ 0, -204/29, 0, 0, -132/29, 0, 0, 0, 0, 0, 1, 0, 0, 0, 0, 0, 0, 0, 0, 0, 
      1, 0, 0, 0, 0, 0, 0, 0, 0, 0, 0, 0, 0, 0, 0, 1, 0, 0, 0, 0, 0, 0, 0, 0, 
      0, 0, 0, 0, 0, 0, 0, 0, 0, 0, 0, 0 ], 
  [ 0, 0, 0, -2121/1102, 0, 0, -7605/1102, 0, -132/29, 0, 0, 0, 7/19, 0, 1, 
      0, 0, 0, 0, 0, 0, 0, 7/19, 0, 1, 0, 0, 0, 0, 0, 0, 0, 0, 0, 0, 0, 0, 
      7/19, 0, 1, 0, 0, 0, 0, 0, 0, 0, 0, 0, 0, 0, 0, 0, 0, 0, 0 ], 
  [ 0, 0, 0, 235200/198911, 0, 0, 39837/10469, 0, 891/551, 0, 0, 0, -49/361, 
      0, 0, 1, 0, 0, 0, 0, 0, 0, -49/361, 0, 0, 1, 0, 0, 0, 0, 0, 0, 0, 0, 0, 
      0, 0, -49/361, 0, 0, 1, 0, 0, 0, 0, 0, 0, 0, 0, 0, 0, 0, 0, 0, 0, 0 ], 
  [ 0, 0, 0, -369600/198911, 0, 0, -73128/10469, 0, -2904/551, 0, 0, 0, 0, 0, 
      0, 0, 0, 0, 0, 0, 0, 0, 0, 0, 0, 0, 0, 7/19, 1, 0, 0, 0, 0, 0, 0, 0, 0, 
      0, 0, 0, 0, 0, 7/19, 1, 0, 0, 7/19, 1, 0, 0, 0, 0, 0, 0, 0, 0 ], 
  [ 0, 0, 0, -1331/6859, 0, 0, 0, 0, 0, 0, 0, 0, 121/361, 0, 0, 0, 0, 0, 0, 
      0, 0, 0, 121/361, 0, 0, 0, 0, -11/19, 0, 0, 0, 0, 0, 0, 0, 0, 0, 
      121/361, 0, 0, 0, 0, -11/19, 0, 0, 0, -11/19, 0, 1, 0, 0, 0, 0, 0, 0, 0 
     ], [ 0, 0, 0, 9999/31958, 0, 0, -375606/15979, 0, -17424/841, 0, 0, 0, 
      -5823/1102, 0, 0, 0, 0, 1, 0, 0, 0, 0, -5823/1102, 0, 0, 0, 0, 2, 0, 0, 
      0, 1, 0, 0, 0, 0, 0, -5823/1102, 0, 0, 0, 0, 2, 0, 0, 0, 2, 0, 0, 0, 0, 
      1, 0, 0, 0, 0 ], 
  [ 0, 0, 0, -22766667/11536838, 0, 0, 508530/303601, 0, 37752/15979, 0, 0, 
      0, 40761/20938, 0, 0, 0, 0, 0, 1, 0, 0, 0, 40761/20938, 0, 0, 0, 0, 
      -14/19, 0, 0, 0, 0, 1, 0, 0, 0, 0, 40761/20938, 0, 0, 0, 0, -14/19, 0, 
      0, 0, -14/19, 0, 0, 0, 0, 0, 1, 0, 0, 0 ], 
  [ 0, 0, 0, -4626435/5768419, 0, 0, -8263332/303601, 0, -383328/15979, 0, 0, 
      0, -42999/10469, 0, 0, 0, 0, 0, 0, 0, 0, 0, -42999/10469, 0, 0, 0, 0, 
      0, 0, 1, 0, 0, 0, 1, 0, 0, 0, -42999/10469, 0, 0, 0, 0, 0, 0, 1, 0, 0, 
      0, 0, 1, 0, 0, 0, 1, 1, 0 ], 
  [ 0, 0, 0, -446853/11536838, 0, 0, -12394998/303601, 0, -574992/15979, 0, 
      0, 0, -171105/20938, 0, 0, 0, 0, 0, 0, 1, 0, 0, -171105/20938, 0, 0, 0, 
      0, 66/19, 0, 0, 0, 0, 0, 0, 1, 0, 0, -171105/20938, 0, 0, 0, 0, 66/19, 
      0, 0, 0, 66/19, 0, 0, 0, 0, 0, 0, 0, 0, 1 ] ]

142. Candidate
   Symplectic group: S3
   Component: 2; corrigendum component, generic index 2
   Projective group ID: [ 24, 5 ]
   Strict linear group ID: [ 72, 27 ]
   Generic index: 2
   Generic full linear containment required: true
   Generic full linear containment verified: true
   Direct known case: false
   Source records: [ "S_3_corrigendum_generic_index=2_liftable.docx" ]
   Family number within this input: 5
   Strict cubic invariant dimension: 13
   Centralizer dimension: 11
   Expected moduli dimension: 2
   Determinant image order: 4
   Gonzalez status: passed
   Retained: true
   Gonzalez failure statuses: [  ]
   Matrix generators: 
[ [ [ 0, 1, 0, 0, 0, 0 ], [ 1, 0, 0, 0, 0, 0 ], [ 0, 0, 1, 0, 0, 0 ], 
      [ 0, 0, 0, 1, 0, 0 ], [ 0, 0, 0, 0, 1, 0 ], [ 0, 0, 0, 0, 0, -1 ] ], 
  [ [ -1/3, 2/3, 2/3, 0, 0, 0 ], [ 2/3, -1/3, 2/3, 0, 0, 0 ], 
      [ 2/3, 2/3, -1/3, 0, 0, 0 ], [ 0, 0, 0, 1, 0, 0 ], [ 0, 0, 0, 0, 1, 0 ],
      [ 0, 0, 0, 0, 0, -E(4) ] ], 
  [ [ 1, 0, 0, 0, 0, 0 ], [ 0, 1, 0, 0, 0, 0 ], [ 0, 0, 1, 0, 0, 0 ], 
      [ 0, 0, 0, 1, 0, 0 ], [ 0, 0, 0, 0, 1, 0 ], [ 0, 0, 0, 0, 0, -1 ] ], 
  [ [ 0, 1, 0, 0, 0, 0 ], [ 0, 0, 1, 0, 0, 0 ], [ 1, 0, 0, 0, 0, 0 ], 
      [ 0, 0, 0, 1, 0, 0 ], [ 0, 0, 0, 0, 1, 0 ], [ 0, 0, 0, 0, 0, 1 ] ], 
  [ [ E(3), 0, 0, 0, 0, 0 ], [ 0, E(3), 0, 0, 0, 0 ], [ 0, 0, E(3), 0, 0, 0 ],
      [ 0, 0, 0, E(3), 0, 0 ], [ 0, 0, 0, 0, E(3), 0 ], 
      [ 0, 0, 0, 0, 0, E(3) ] ] ]
   Cubic invariant basis strings: [ "x5^3", "x4*x5^2", "x4^2*x5", "x4^3", 
  "x3*x5^2 + x2*x5^2 + x1*x5^2", "x3*x4*x5 + x2*x4*x5 + x1*x4*x5", 
  "x3*x4^2 + x2*x4^2 + x1*x4^2", "x2*x3*x5 + x1*x3*x5 + x1*x2*x5", 
  "x2*x3*x4 + x1*x3*x4 + x1*x2*x4", "x3^2*x5 + x2^2*x5 + x1^2*x5", 
  "x3^2*x4 + x2^2*x4 + x1^2*x4", 
  "x2*x3^2 + x2^2*x3 + x1*x3^2 + (3)*x1*x2*x3 + x1*x2^2 + x1^2*x3 + x1^2*x2", 
  "x3^3 + x2^3 + (-3)*x1*x2*x3 + x1^3" ]
   Cubic invariant basis vectors: 
[ [ 0, 0, 0, 1, 0, 0, 0, 0, 0, 0, 0, 0, 0, 0, 0, 0, 0, 0, 0, 0, 0, 0, 0, 0, 
      0, 0, 0, 0, 0, 0, 0, 0, 0, 0, 0, 0, 0, 0, 0, 0, 0, 0, 0, 0, 0, 0, 0, 0, 
      0, 0, 0, 0, 0, 0, 0, 0 ], 
  [ 0, 0, 0, 0, 0, 0, 1, 0, 0, 0, 0, 0, 0, 0, 0, 0, 0, 0, 0, 0, 0, 0, 0, 0, 
      0, 0, 0, 0, 0, 0, 0, 0, 0, 0, 0, 0, 0, 0, 0, 0, 0, 0, 0, 0, 0, 0, 0, 0, 
      0, 0, 0, 0, 0, 0, 0, 0 ], 
  [ 0, 0, 0, 0, 0, 0, 0, 0, 1, 0, 0, 0, 0, 0, 0, 0, 0, 0, 0, 0, 0, 0, 0, 0, 
      0, 0, 0, 0, 0, 0, 0, 0, 0, 0, 0, 0, 0, 0, 0, 0, 0, 0, 0, 0, 0, 0, 0, 0, 
      0, 0, 0, 0, 0, 0, 0, 0 ], 
  [ 0, 0, 0, 0, 0, 0, 0, 0, 0, 1, 0, 0, 0, 0, 0, 0, 0, 0, 0, 0, 0, 0, 0, 0, 
      0, 0, 0, 0, 0, 0, 0, 0, 0, 0, 0, 0, 0, 0, 0, 0, 0, 0, 0, 0, 0, 0, 0, 0, 
      0, 0, 0, 0, 0, 0, 0, 0 ], 
  [ 0, 0, 0, 0, 0, 0, 0, 0, 0, 0, 0, 0, 1, 0, 0, 0, 0, 0, 0, 0, 0, 0, 1, 0, 
      0, 0, 0, 0, 0, 0, 0, 0, 0, 0, 0, 0, 0, 1, 0, 0, 0, 0, 0, 0, 0, 0, 0, 0, 
      0, 0, 0, 0, 0, 0, 0, 0 ], 
  [ 0, 0, 0, 0, 0, 0, 0, 0, 0, 0, 0, 0, 0, 0, 1, 0, 0, 0, 0, 0, 0, 0, 0, 0, 
      1, 0, 0, 0, 0, 0, 0, 0, 0, 0, 0, 0, 0, 0, 0, 1, 0, 0, 0, 0, 0, 0, 0, 0, 
      0, 0, 0, 0, 0, 0, 0, 0 ], 
  [ 0, 0, 0, 0, 0, 0, 0, 0, 0, 0, 0, 0, 0, 0, 0, 1, 0, 0, 0, 0, 0, 0, 0, 0, 
      0, 1, 0, 0, 0, 0, 0, 0, 0, 0, 0, 0, 0, 0, 0, 0, 1, 0, 0, 0, 0, 0, 0, 0, 
      0, 0, 0, 0, 0, 0, 0, 0 ], 
  [ 0, 0, 0, 0, 0, 0, 0, 0, 0, 0, 0, 0, 0, 0, 0, 0, 0, 0, 0, 0, 0, 0, 0, 0, 
      0, 0, 0, 1, 0, 0, 0, 0, 0, 0, 0, 0, 0, 0, 0, 0, 0, 0, 1, 0, 0, 0, 1, 0, 
      0, 0, 0, 0, 0, 0, 0, 0 ], 
  [ 0, 0, 0, 0, 0, 0, 0, 0, 0, 0, 0, 0, 0, 0, 0, 0, 0, 0, 0, 0, 0, 0, 0, 0, 
      0, 0, 0, 0, 1, 0, 0, 0, 0, 0, 0, 0, 0, 0, 0, 0, 0, 0, 0, 1, 0, 0, 0, 1, 
      0, 0, 0, 0, 0, 0, 0, 0 ], 
  [ 0, 0, 0, 0, 0, 0, 0, 0, 0, 0, 0, 0, 0, 0, 0, 0, 0, 1, 0, 0, 0, 0, 0, 0, 
      0, 0, 0, 0, 0, 0, 0, 1, 0, 0, 0, 0, 0, 0, 0, 0, 0, 0, 0, 0, 0, 0, 0, 0, 
      0, 0, 0, 1, 0, 0, 0, 0 ], 
  [ 0, 0, 0, 0, 0, 0, 0, 0, 0, 0, 0, 0, 0, 0, 0, 0, 0, 0, 1, 0, 0, 0, 0, 0, 
      0, 0, 0, 0, 0, 0, 0, 0, 1, 0, 0, 0, 0, 0, 0, 0, 0, 0, 0, 0, 0, 0, 0, 0, 
      0, 0, 0, 0, 1, 0, 0, 0 ], 
  [ 0, 0, 0, 0, 0, 0, 0, 0, 0, 0, 0, 0, 0, 0, 0, 0, 0, 0, 0, 0, 0, 0, 0, 0, 
      0, 0, 0, 0, 0, 1, 0, 0, 0, 1, 0, 0, 0, 0, 0, 0, 0, 0, 0, 0, 1, 0, 0, 0, 
      3, 1, 0, 0, 0, 1, 1, 0 ], 
  [ 0, 0, 0, 0, 0, 0, 0, 0, 0, 0, 0, 0, 0, 0, 0, 0, 0, 0, 0, 1, 0, 0, 0, 0, 
      0, 0, 0, 0, 0, 0, 0, 0, 0, 0, 1, 0, 0, 0, 0, 0, 0, 0, 0, 0, 0, 0, 0, 0, 
      -3, 0, 0, 0, 0, 0, 0, 1 ] ]

143. Candidate
   Symplectic group: S3
   Component: 2; corrigendum component, generic index 2
   Projective group ID: [ 24, 5 ]
   Strict linear group ID: [ 72, 27 ]
   Generic index: 2
   Generic full linear containment required: true
   Generic full linear containment verified: true
   Direct known case: false
   Source records: [ "S_3_corrigendum_generic_index=2_liftable.docx" ]
   Family number within this input: 6
   Strict cubic invariant dimension: 14
   Centralizer dimension: 11
   Expected moduli dimension: 3
   Determinant image order: 4
   Gonzalez status: passed
   Retained: true
   Gonzalez failure statuses: [  ]
   Matrix generators: 
[ [ [ 0, 1, 0, 0, 0, 0 ], [ 1, 0, 0, 0, 0, 0 ], [ 0, 0, 1, 0, 0, 0 ], 
      [ 0, 0, 0, 1, 0, 0 ], [ 0, 0, 0, 0, 1, 0 ], [ 0, 0, 0, 0, 0, -1 ] ], 
  [ [ 1, 0, 0, 0, 0, 0 ], [ 0, 1, 0, 0, 0, 0 ], [ 0, 0, 1, 0, 0, 0 ], 
      [ 0, 0, 0, 1, 0, 0 ], [ 0, 0, 0, 0, 1, 0 ], [ 0, 0, 0, 0, 0, -E(4) ] ], 
  [ [ 1, 0, 0, 0, 0, 0 ], [ 0, 1, 0, 0, 0, 0 ], [ 0, 0, 1, 0, 0, 0 ], 
      [ 0, 0, 0, 1, 0, 0 ], [ 0, 0, 0, 0, 1, 0 ], [ 0, 0, 0, 0, 0, -1 ] ], 
  [ [ 0, 1, 0, 0, 0, 0 ], [ 0, 0, 1, 0, 0, 0 ], [ 1, 0, 0, 0, 0, 0 ], 
      [ 0, 0, 0, 1, 0, 0 ], [ 0, 0, 0, 0, 1, 0 ], [ 0, 0, 0, 0, 0, 1 ] ], 
  [ [ E(3), 0, 0, 0, 0, 0 ], [ 0, E(3), 0, 0, 0, 0 ], [ 0, 0, E(3), 0, 0, 0 ],
      [ 0, 0, 0, E(3), 0, 0 ], [ 0, 0, 0, 0, E(3), 0 ], 
      [ 0, 0, 0, 0, 0, E(3) ] ] ]
   Cubic invariant basis strings: [ "x5^3", "x4*x5^2", "x4^2*x5", "x4^3", 
  "x3*x5^2 + x2*x5^2 + x1*x5^2", "x3*x4*x5 + x2*x4*x5 + x1*x4*x5", 
  "x3*x4^2 + x2*x4^2 + x1*x4^2", "x2*x3*x5 + x1*x3*x5 + x1*x2*x5", 
  "x2*x3*x4 + x1*x3*x4 + x1*x2*x4", "x1*x2*x3", "x3^2*x5 + x2^2*x5 + x1^2*x5",
  "x3^2*x4 + x2^2*x4 + x1^2*x4", 
  "x2*x3^2 + x2^2*x3 + x1*x3^2 + x1*x2^2 + x1^2*x3 + x1^2*x2", 
  "x3^3 + x2^3 + x1^3" ]
   Cubic invariant basis vectors: 
[ [ 0, 0, 0, 1, 0, 0, 0, 0, 0, 0, 0, 0, 0, 0, 0, 0, 0, 0, 0, 0, 0, 0, 0, 0, 
      0, 0, 0, 0, 0, 0, 0, 0, 0, 0, 0, 0, 0, 0, 0, 0, 0, 0, 0, 0, 0, 0, 0, 0, 
      0, 0, 0, 0, 0, 0, 0, 0 ], 
  [ 0, 0, 0, 0, 0, 0, 1, 0, 0, 0, 0, 0, 0, 0, 0, 0, 0, 0, 0, 0, 0, 0, 0, 0, 
      0, 0, 0, 0, 0, 0, 0, 0, 0, 0, 0, 0, 0, 0, 0, 0, 0, 0, 0, 0, 0, 0, 0, 0, 
      0, 0, 0, 0, 0, 0, 0, 0 ], 
  [ 0, 0, 0, 0, 0, 0, 0, 0, 1, 0, 0, 0, 0, 0, 0, 0, 0, 0, 0, 0, 0, 0, 0, 0, 
      0, 0, 0, 0, 0, 0, 0, 0, 0, 0, 0, 0, 0, 0, 0, 0, 0, 0, 0, 0, 0, 0, 0, 0, 
      0, 0, 0, 0, 0, 0, 0, 0 ], 
  [ 0, 0, 0, 0, 0, 0, 0, 0, 0, 1, 0, 0, 0, 0, 0, 0, 0, 0, 0, 0, 0, 0, 0, 0, 
      0, 0, 0, 0, 0, 0, 0, 0, 0, 0, 0, 0, 0, 0, 0, 0, 0, 0, 0, 0, 0, 0, 0, 0, 
      0, 0, 0, 0, 0, 0, 0, 0 ], 
  [ 0, 0, 0, 0, 0, 0, 0, 0, 0, 0, 0, 0, 1, 0, 0, 0, 0, 0, 0, 0, 0, 0, 1, 0, 
      0, 0, 0, 0, 0, 0, 0, 0, 0, 0, 0, 0, 0, 1, 0, 0, 0, 0, 0, 0, 0, 0, 0, 0, 
      0, 0, 0, 0, 0, 0, 0, 0 ], 
  [ 0, 0, 0, 0, 0, 0, 0, 0, 0, 0, 0, 0, 0, 0, 1, 0, 0, 0, 0, 0, 0, 0, 0, 0, 
      1, 0, 0, 0, 0, 0, 0, 0, 0, 0, 0, 0, 0, 0, 0, 1, 0, 0, 0, 0, 0, 0, 0, 0, 
      0, 0, 0, 0, 0, 0, 0, 0 ], 
  [ 0, 0, 0, 0, 0, 0, 0, 0, 0, 0, 0, 0, 0, 0, 0, 1, 0, 0, 0, 0, 0, 0, 0, 0, 
      0, 1, 0, 0, 0, 0, 0, 0, 0, 0, 0, 0, 0, 0, 0, 0, 1, 0, 0, 0, 0, 0, 0, 0, 
      0, 0, 0, 0, 0, 0, 0, 0 ], 
  [ 0, 0, 0, 0, 0, 0, 0, 0, 0, 0, 0, 0, 0, 0, 0, 0, 0, 0, 0, 0, 0, 0, 0, 0, 
      0, 0, 0, 1, 0, 0, 0, 0, 0, 0, 0, 0, 0, 0, 0, 0, 0, 0, 1, 0, 0, 0, 1, 0, 
      0, 0, 0, 0, 0, 0, 0, 0 ], 
  [ 0, 0, 0, 0, 0, 0, 0, 0, 0, 0, 0, 0, 0, 0, 0, 0, 0, 0, 0, 0, 0, 0, 0, 0, 
      0, 0, 0, 0, 1, 0, 0, 0, 0, 0, 0, 0, 0, 0, 0, 0, 0, 0, 0, 1, 0, 0, 0, 1, 
      0, 0, 0, 0, 0, 0, 0, 0 ], 
  [ 0, 0, 0, 0, 0, 0, 0, 0, 0, 0, 0, 0, 0, 0, 0, 0, 0, 0, 0, 0, 0, 0, 0, 0, 
      0, 0, 0, 0, 0, 0, 0, 0, 0, 0, 0, 0, 0, 0, 0, 0, 0, 0, 0, 0, 0, 0, 0, 0, 
      1, 0, 0, 0, 0, 0, 0, 0 ], 
  [ 0, 0, 0, 0, 0, 0, 0, 0, 0, 0, 0, 0, 0, 0, 0, 0, 0, 1, 0, 0, 0, 0, 0, 0, 
      0, 0, 0, 0, 0, 0, 0, 1, 0, 0, 0, 0, 0, 0, 0, 0, 0, 0, 0, 0, 0, 0, 0, 0, 
      0, 0, 0, 1, 0, 0, 0, 0 ], 
  [ 0, 0, 0, 0, 0, 0, 0, 0, 0, 0, 0, 0, 0, 0, 0, 0, 0, 0, 1, 0, 0, 0, 0, 0, 
      0, 0, 0, 0, 0, 0, 0, 0, 1, 0, 0, 0, 0, 0, 0, 0, 0, 0, 0, 0, 0, 0, 0, 0, 
      0, 0, 0, 0, 1, 0, 0, 0 ], 
  [ 0, 0, 0, 0, 0, 0, 0, 0, 0, 0, 0, 0, 0, 0, 0, 0, 0, 0, 0, 0, 0, 0, 0, 0, 
      0, 0, 0, 0, 0, 1, 0, 0, 0, 1, 0, 0, 0, 0, 0, 0, 0, 0, 0, 0, 1, 0, 0, 0, 
      0, 1, 0, 0, 0, 1, 1, 0 ], 
  [ 0, 0, 0, 0, 0, 0, 0, 0, 0, 0, 0, 0, 0, 0, 0, 0, 0, 0, 0, 1, 0, 0, 0, 0, 
      0, 0, 0, 0, 0, 0, 0, 0, 0, 0, 1, 0, 0, 0, 0, 0, 0, 0, 0, 0, 0, 0, 0, 0, 
      0, 0, 0, 0, 0, 0, 0, 1 ] ]

144. Candidate
   Symplectic group: S3
   Component: 2; corrigendum component, generic index 2
   Projective group ID: [ 36, 12 ]
   Strict linear group ID: [ 108, 42 ]
   Generic index: 2
   Generic full linear containment required: true
   Generic full linear containment verified: true
   Direct known case: false
   Source records: [ "S_3_corrigendum_generic_index=2_liftable.docx" ]
   Family number within this input: 1
   Strict cubic invariant dimension: 14
   Centralizer dimension: 11
   Expected moduli dimension: 3
   Determinant image order: 6
   Gonzalez status: passed
   Retained: true
   Gonzalez failure statuses: [  ]
   Matrix generators: 
[ [ [ 0, 1, 0, 0, 0, 0 ], [ 1, 0, 0, 0, 0, 0 ], [ 0, 0, 1, 0, 0, 0 ], 
      [ 0, 0, 0, 1, 0, 0 ], [ 0, 0, 0, 0, 1, 0 ], [ 0, 0, 0, 0, 0, -1 ] ], 
  [ [ 1, 0, 0, 0, 0, 0 ], [ 0, 1, 0, 0, 0, 0 ], [ 0, 0, 1, 0, 0, 0 ], 
      [ 0, 0, 0, 1, 0, 0 ], [ 0, 0, 0, 0, 1, 0 ], [ 0, 0, 0, 0, 0, -1 ] ], 
  [ [ 2/3*E(3)+1/3*E(3)^2, -1/3*E(3)+1/3*E(3)^2, -1/3*E(3)+1/3*E(3)^2, 0, 0, 
          0 ], 
      [ -1/3*E(3)+1/3*E(3)^2, 2/3*E(3)+1/3*E(3)^2, -1/3*E(3)+1/3*E(3)^2, 0, 
          0, 0 ], 
      [ -1/3*E(3)+1/3*E(3)^2, -1/3*E(3)+1/3*E(3)^2, 2/3*E(3)+1/3*E(3)^2, 0, 
          0, 0 ], [ 0, 0, 0, E(3)^2, 0, 0 ], [ 0, 0, 0, 0, E(3)^2, 0 ], 
      [ 0, 0, 0, 0, 0, E(3)^2 ] ], 
  [ [ 0, 1, 0, 0, 0, 0 ], [ 0, 0, 1, 0, 0, 0 ], [ 1, 0, 0, 0, 0, 0 ], 
      [ 0, 0, 0, 1, 0, 0 ], [ 0, 0, 0, 0, 1, 0 ], [ 0, 0, 0, 0, 0, 1 ] ], 
  [ [ E(3), 0, 0, 0, 0, 0 ], [ 0, E(3), 0, 0, 0, 0 ], [ 0, 0, E(3), 0, 0, 0 ],
      [ 0, 0, 0, E(3), 0, 0 ], [ 0, 0, 0, 0, E(3), 0 ], 
      [ 0, 0, 0, 0, 0, E(3) ] ] ]
   Cubic invariant basis strings: [ "x5*x6^2", "x5^3", "x4*x6^2", "x4*x5^2", 
  "x4^2*x5", "x4^3", "x3*x6^2 + x2*x6^2 + x1*x6^2", 
  "x3*x5^2 + x2*x5^2 + x1*x5^2", "x3*x4*x5 + x2*x4*x5 + x1*x4*x5", 
  "x3*x4^2 + x2*x4^2 + x1*x4^2", 
  "x3^2*x5 + (2)*x2*x3*x5 + x2^2*x5 + (2)*x1*x3*x5 + (2)*x1*x2*x5 + x1^2*x5", 
  "x3^2*x4 + (2)*x2*x3*x4 + x2^2*x4 + (2)*x1*x3*x4 + (2)*x1*x2*x4 + x1^2*x4", 
  "x2*x3^2 + x2^2*x3 + x1*x3^2 + x1*x2^2 + x1^2*x3 + x1^2*x2", 
  "x3^3 + x2^3 + (6)*x1*x2*x3 + x1^3" ]
   Cubic invariant basis vectors: 
[ [ 0, 1, 0, 0, 0, 0, 0, 0, 0, 0, 0, 0, 0, 0, 0, 0, 0, 0, 0, 0, 0, 0, 0, 0, 
      0, 0, 0, 0, 0, 0, 0, 0, 0, 0, 0, 0, 0, 0, 0, 0, 0, 0, 0, 0, 0, 0, 0, 0, 
      0, 0, 0, 0, 0, 0, 0, 0 ], 
  [ 0, 0, 0, 1, 0, 0, 0, 0, 0, 0, 0, 0, 0, 0, 0, 0, 0, 0, 0, 0, 0, 0, 0, 0, 
      0, 0, 0, 0, 0, 0, 0, 0, 0, 0, 0, 0, 0, 0, 0, 0, 0, 0, 0, 0, 0, 0, 0, 0, 
      0, 0, 0, 0, 0, 0, 0, 0 ], 
  [ 0, 0, 0, 0, 1, 0, 0, 0, 0, 0, 0, 0, 0, 0, 0, 0, 0, 0, 0, 0, 0, 0, 0, 0, 
      0, 0, 0, 0, 0, 0, 0, 0, 0, 0, 0, 0, 0, 0, 0, 0, 0, 0, 0, 0, 0, 0, 0, 0, 
      0, 0, 0, 0, 0, 0, 0, 0 ], 
  [ 0, 0, 0, 0, 0, 0, 1, 0, 0, 0, 0, 0, 0, 0, 0, 0, 0, 0, 0, 0, 0, 0, 0, 0, 
      0, 0, 0, 0, 0, 0, 0, 0, 0, 0, 0, 0, 0, 0, 0, 0, 0, 0, 0, 0, 0, 0, 0, 0, 
      0, 0, 0, 0, 0, 0, 0, 0 ], 
  [ 0, 0, 0, 0, 0, 0, 0, 0, 1, 0, 0, 0, 0, 0, 0, 0, 0, 0, 0, 0, 0, 0, 0, 0, 
      0, 0, 0, 0, 0, 0, 0, 0, 0, 0, 0, 0, 0, 0, 0, 0, 0, 0, 0, 0, 0, 0, 0, 0, 
      0, 0, 0, 0, 0, 0, 0, 0 ], 
  [ 0, 0, 0, 0, 0, 0, 0, 0, 0, 1, 0, 0, 0, 0, 0, 0, 0, 0, 0, 0, 0, 0, 0, 0, 
      0, 0, 0, 0, 0, 0, 0, 0, 0, 0, 0, 0, 0, 0, 0, 0, 0, 0, 0, 0, 0, 0, 0, 0, 
      0, 0, 0, 0, 0, 0, 0, 0 ], 
  [ 0, 0, 0, 0, 0, 0, 0, 0, 0, 0, 1, 0, 0, 0, 0, 0, 0, 0, 0, 0, 1, 0, 0, 0, 
      0, 0, 0, 0, 0, 0, 0, 0, 0, 0, 0, 1, 0, 0, 0, 0, 0, 0, 0, 0, 0, 0, 0, 0, 
      0, 0, 0, 0, 0, 0, 0, 0 ], 
  [ 0, 0, 0, 0, 0, 0, 0, 0, 0, 0, 0, 0, 1, 0, 0, 0, 0, 0, 0, 0, 0, 0, 1, 0, 
      0, 0, 0, 0, 0, 0, 0, 0, 0, 0, 0, 0, 0, 1, 0, 0, 0, 0, 0, 0, 0, 0, 0, 0, 
      0, 0, 0, 0, 0, 0, 0, 0 ], 
  [ 0, 0, 0, 0, 0, 0, 0, 0, 0, 0, 0, 0, 0, 0, 1, 0, 0, 0, 0, 0, 0, 0, 0, 0, 
      1, 0, 0, 0, 0, 0, 0, 0, 0, 0, 0, 0, 0, 0, 0, 1, 0, 0, 0, 0, 0, 0, 0, 0, 
      0, 0, 0, 0, 0, 0, 0, 0 ], 
  [ 0, 0, 0, 0, 0, 0, 0, 0, 0, 0, 0, 0, 0, 0, 0, 1, 0, 0, 0, 0, 0, 0, 0, 0, 
      0, 1, 0, 0, 0, 0, 0, 0, 0, 0, 0, 0, 0, 0, 0, 0, 1, 0, 0, 0, 0, 0, 0, 0, 
      0, 0, 0, 0, 0, 0, 0, 0 ], 
  [ 0, 0, 0, 0, 0, 0, 0, 0, 0, 0, 0, 0, 0, 0, 0, 0, 0, 1, 0, 0, 0, 0, 0, 0, 
      0, 0, 0, 2, 0, 0, 0, 1, 0, 0, 0, 0, 0, 0, 0, 0, 0, 0, 2, 0, 0, 0, 2, 0, 
      0, 0, 0, 1, 0, 0, 0, 0 ], 
  [ 0, 0, 0, 0, 0, 0, 0, 0, 0, 0, 0, 0, 0, 0, 0, 0, 0, 0, 1, 0, 0, 0, 0, 0, 
      0, 0, 0, 0, 2, 0, 0, 0, 1, 0, 0, 0, 0, 0, 0, 0, 0, 0, 0, 2, 0, 0, 0, 2, 
      0, 0, 0, 0, 1, 0, 0, 0 ], 
  [ 0, 0, 0, 0, 0, 0, 0, 0, 0, 0, 0, 0, 0, 0, 0, 0, 0, 0, 0, 0, 0, 0, 0, 0, 
      0, 0, 0, 0, 0, 1, 0, 0, 0, 1, 0, 0, 0, 0, 0, 0, 0, 0, 0, 0, 1, 0, 0, 0, 
      0, 1, 0, 0, 0, 1, 1, 0 ], 
  [ 0, 0, 0, 0, 0, 0, 0, 0, 0, 0, 0, 0, 0, 0, 0, 0, 0, 0, 0, 1, 0, 0, 0, 0, 
      0, 0, 0, 0, 0, 0, 0, 0, 0, 0, 1, 0, 0, 0, 0, 0, 0, 0, 0, 0, 0, 0, 0, 0, 
      6, 0, 0, 0, 0, 0, 0, 1 ] ]

145. Candidate
   Symplectic group: S3
   Component: 2; corrigendum component, generic index 2
   Projective group ID: [ 36, 12 ]
   Strict linear group ID: [ 108, 42 ]
   Generic index: 2
   Generic full linear containment required: true
   Generic full linear containment verified: true
   Direct known case: false
   Source records: [ "S_3_corrigendum_generic_index=2_liftable.docx" ]
   Family number within this input: 2
   Strict cubic invariant dimension: 14
   Centralizer dimension: 11
   Expected moduli dimension: 3
   Determinant image order: 6
   Gonzalez status: passed
   Retained: true
   Gonzalez failure statuses: [  ]
   Matrix generators: 
[ [ [ 0, 1, 0, 0, 0, 0 ], [ 1, 0, 0, 0, 0, 0 ], [ 0, 0, 1, 0, 0, 0 ], 
      [ 0, 0, 0, 1, 0, 0 ], [ 0, 0, 0, 0, 1, 0 ], [ 0, 0, 0, 0, 0, -1 ] ], 
  [ [ 1, 0, 0, 0, 0, 0 ], [ 0, 1, 0, 0, 0, 0 ], [ 0, 0, 1, 0, 0, 0 ], 
      [ 0, 0, 0, 1, 0, 0 ], [ 0, 0, 0, 0, 1, 0 ], [ 0, 0, 0, 0, 0, -1 ] ], 
  [ [ E(3)^2, 0, 0, 0, 0, 0 ], [ 0, E(3)^2, 0, 0, 0, 0 ], 
      [ 0, 0, E(3)^2, 0, 0, 0 ], [ 0, 0, 0, E(3)^2, 0, 0 ], 
      [ 0, 0, 0, 0, E(3)^2, 0 ], [ 0, 0, 0, 0, 0, E(3) ] ], 
  [ [ 0, 1, 0, 0, 0, 0 ], [ 0, 0, 1, 0, 0, 0 ], [ 1, 0, 0, 0, 0, 0 ], 
      [ 0, 0, 0, 1, 0, 0 ], [ 0, 0, 0, 0, 1, 0 ], [ 0, 0, 0, 0, 0, 1 ] ], 
  [ [ E(3), 0, 0, 0, 0, 0 ], [ 0, E(3), 0, 0, 0, 0 ], [ 0, 0, E(3), 0, 0, 0 ],
      [ 0, 0, 0, E(3), 0, 0 ], [ 0, 0, 0, 0, E(3), 0 ], 
      [ 0, 0, 0, 0, 0, E(3) ] ] ]
   Cubic invariant basis strings: [ "x5^3", "x4*x5^2", "x4^2*x5", "x4^3", 
  "x3*x5^2 + x2*x5^2 + x1*x5^2", "x3*x4*x5 + x2*x4*x5 + x1*x4*x5", 
  "x3*x4^2 + x2*x4^2 + x1*x4^2", "x2*x3*x5 + x1*x3*x5 + x1*x2*x5", 
  "x2*x3*x4 + x1*x3*x4 + x1*x2*x4", "x1*x2*x3", "x3^2*x5 + x2^2*x5 + x1^2*x5",
  "x3^2*x4 + x2^2*x4 + x1^2*x4", 
  "x2*x3^2 + x2^2*x3 + x1*x3^2 + x1*x2^2 + x1^2*x3 + x1^2*x2", 
  "x3^3 + x2^3 + x1^3" ]
   Cubic invariant basis vectors: 
[ [ 0, 0, 0, 1, 0, 0, 0, 0, 0, 0, 0, 0, 0, 0, 0, 0, 0, 0, 0, 0, 0, 0, 0, 0, 
      0, 0, 0, 0, 0, 0, 0, 0, 0, 0, 0, 0, 0, 0, 0, 0, 0, 0, 0, 0, 0, 0, 0, 0, 
      0, 0, 0, 0, 0, 0, 0, 0 ], 
  [ 0, 0, 0, 0, 0, 0, 1, 0, 0, 0, 0, 0, 0, 0, 0, 0, 0, 0, 0, 0, 0, 0, 0, 0, 
      0, 0, 0, 0, 0, 0, 0, 0, 0, 0, 0, 0, 0, 0, 0, 0, 0, 0, 0, 0, 0, 0, 0, 0, 
      0, 0, 0, 0, 0, 0, 0, 0 ], 
  [ 0, 0, 0, 0, 0, 0, 0, 0, 1, 0, 0, 0, 0, 0, 0, 0, 0, 0, 0, 0, 0, 0, 0, 0, 
      0, 0, 0, 0, 0, 0, 0, 0, 0, 0, 0, 0, 0, 0, 0, 0, 0, 0, 0, 0, 0, 0, 0, 0, 
      0, 0, 0, 0, 0, 0, 0, 0 ], 
  [ 0, 0, 0, 0, 0, 0, 0, 0, 0, 1, 0, 0, 0, 0, 0, 0, 0, 0, 0, 0, 0, 0, 0, 0, 
      0, 0, 0, 0, 0, 0, 0, 0, 0, 0, 0, 0, 0, 0, 0, 0, 0, 0, 0, 0, 0, 0, 0, 0, 
      0, 0, 0, 0, 0, 0, 0, 0 ], 
  [ 0, 0, 0, 0, 0, 0, 0, 0, 0, 0, 0, 0, 1, 0, 0, 0, 0, 0, 0, 0, 0, 0, 1, 0, 
      0, 0, 0, 0, 0, 0, 0, 0, 0, 0, 0, 0, 0, 1, 0, 0, 0, 0, 0, 0, 0, 0, 0, 0, 
      0, 0, 0, 0, 0, 0, 0, 0 ], 
  [ 0, 0, 0, 0, 0, 0, 0, 0, 0, 0, 0, 0, 0, 0, 1, 0, 0, 0, 0, 0, 0, 0, 0, 0, 
      1, 0, 0, 0, 0, 0, 0, 0, 0, 0, 0, 0, 0, 0, 0, 1, 0, 0, 0, 0, 0, 0, 0, 0, 
      0, 0, 0, 0, 0, 0, 0, 0 ], 
  [ 0, 0, 0, 0, 0, 0, 0, 0, 0, 0, 0, 0, 0, 0, 0, 1, 0, 0, 0, 0, 0, 0, 0, 0, 
      0, 1, 0, 0, 0, 0, 0, 0, 0, 0, 0, 0, 0, 0, 0, 0, 1, 0, 0, 0, 0, 0, 0, 0, 
      0, 0, 0, 0, 0, 0, 0, 0 ], 
  [ 0, 0, 0, 0, 0, 0, 0, 0, 0, 0, 0, 0, 0, 0, 0, 0, 0, 0, 0, 0, 0, 0, 0, 0, 
      0, 0, 0, 1, 0, 0, 0, 0, 0, 0, 0, 0, 0, 0, 0, 0, 0, 0, 1, 0, 0, 0, 1, 0, 
      0, 0, 0, 0, 0, 0, 0, 0 ], 
  [ 0, 0, 0, 0, 0, 0, 0, 0, 0, 0, 0, 0, 0, 0, 0, 0, 0, 0, 0, 0, 0, 0, 0, 0, 
      0, 0, 0, 0, 1, 0, 0, 0, 0, 0, 0, 0, 0, 0, 0, 0, 0, 0, 0, 1, 0, 0, 0, 1, 
      0, 0, 0, 0, 0, 0, 0, 0 ], 
  [ 0, 0, 0, 0, 0, 0, 0, 0, 0, 0, 0, 0, 0, 0, 0, 0, 0, 0, 0, 0, 0, 0, 0, 0, 
      0, 0, 0, 0, 0, 0, 0, 0, 0, 0, 0, 0, 0, 0, 0, 0, 0, 0, 0, 0, 0, 0, 0, 0, 
      1, 0, 0, 0, 0, 0, 0, 0 ], 
  [ 0, 0, 0, 0, 0, 0, 0, 0, 0, 0, 0, 0, 0, 0, 0, 0, 0, 1, 0, 0, 0, 0, 0, 0, 
      0, 0, 0, 0, 0, 0, 0, 1, 0, 0, 0, 0, 0, 0, 0, 0, 0, 0, 0, 0, 0, 0, 0, 0, 
      0, 0, 0, 1, 0, 0, 0, 0 ], 
  [ 0, 0, 0, 0, 0, 0, 0, 0, 0, 0, 0, 0, 0, 0, 0, 0, 0, 0, 1, 0, 0, 0, 0, 0, 
      0, 0, 0, 0, 0, 0, 0, 0, 1, 0, 0, 0, 0, 0, 0, 0, 0, 0, 0, 0, 0, 0, 0, 0, 
      0, 0, 0, 0, 1, 0, 0, 0 ], 
  [ 0, 0, 0, 0, 0, 0, 0, 0, 0, 0, 0, 0, 0, 0, 0, 0, 0, 0, 0, 0, 0, 0, 0, 0, 
      0, 0, 0, 0, 0, 1, 0, 0, 0, 1, 0, 0, 0, 0, 0, 0, 0, 0, 0, 0, 1, 0, 0, 0, 
      0, 1, 0, 0, 0, 1, 1, 0 ], 
  [ 0, 0, 0, 0, 0, 0, 0, 0, 0, 0, 0, 0, 0, 0, 0, 0, 0, 0, 0, 1, 0, 0, 0, 0, 
      0, 0, 0, 0, 0, 0, 0, 0, 0, 0, 1, 0, 0, 0, 0, 0, 0, 0, 0, 0, 0, 0, 0, 0, 
      0, 0, 0, 0, 0, 0, 0, 1 ] ]

146. Candidate
   Symplectic group: S3
   Component: 2; corrigendum component, generic index 2
   Projective group ID: [ 36, 12 ]
   Strict linear group ID: [ 108, 42 ]
   Generic index: 2
   Generic full linear containment required: true
   Generic full linear containment verified: true
   Direct known case: false
   Source records: [ "S_3_corrigendum_generic_index=2_liftable.docx" ]
   Family number within this input: 3
   Strict cubic invariant dimension: 11
   Centralizer dimension: 11
   Expected moduli dimension: 0
   Determinant image order: 6
   Gonzalez status: passed
   Retained: true
   Gonzalez failure statuses: [  ]
   Matrix generators: 
[ [ [ 0, 1, 0, 0, 0, 0 ], [ 1, 0, 0, 0, 0, 0 ], [ 0, 0, 1, 0, 0, 0 ], 
      [ 0, 0, 0, 1, 0, 0 ], [ 0, 0, 0, 0, 1, 0 ], [ 0, 0, 0, 0, 0, -1 ] ], 
  [ [ 1, 0, 0, 0, 0, 0 ], [ 0, 1, 0, 0, 0, 0 ], [ 0, 0, 1, 0, 0, 0 ], 
      [ 0, 0, 0, 1, 0, 0 ], [ 0, 0, 0, 0, 1, 0 ], [ 0, 0, 0, 0, 0, -1 ] ], 
  [ [ -2/3*E(3)-1/3*E(3)^2, 1/3*E(3)+2/3*E(3)^2, 1/3*E(3)+2/3*E(3)^2, 0, 0, 0 
         ], [ 1/3*E(3)+2/3*E(3)^2, -2/3*E(3)-1/3*E(3)^2, 1/3*E(3)+2/3*E(3)^2, 
          0, 0, 0 ], 
      [ 1/3*E(3)+2/3*E(3)^2, 1/3*E(3)+2/3*E(3)^2, -2/3*E(3)-1/3*E(3)^2, 0, 0, 
          0 ], [ 0, 0, 0, E(3)^2, 0, 0 ], [ 0, 0, 0, 0, E(3)^2, 0 ], 
      [ 0, 0, 0, 0, 0, E(3) ] ], 
  [ [ 0, 1, 0, 0, 0, 0 ], [ 0, 0, 1, 0, 0, 0 ], [ 1, 0, 0, 0, 0, 0 ], 
      [ 0, 0, 0, 1, 0, 0 ], [ 0, 0, 0, 0, 1, 0 ], [ 0, 0, 0, 0, 0, 1 ] ], 
  [ [ E(3), 0, 0, 0, 0, 0 ], [ 0, E(3), 0, 0, 0, 0 ], [ 0, 0, E(3), 0, 0, 0 ],
      [ 0, 0, 0, E(3), 0, 0 ], [ 0, 0, 0, 0, E(3), 0 ], 
      [ 0, 0, 0, 0, 0, E(3) ] ] ]
   Cubic invariant basis strings: [ "x5^3", "x4*x5^2", "x4^2*x5", "x4^3", 
  "x3*x5^2 + x2*x5^2 + x1*x5^2", "x3*x4*x5 + x2*x4*x5 + x1*x4*x5", 
  "x3*x4^2 + x2*x4^2 + x1*x4^2", 
  "x3^2*x5 + (2)*x2*x3*x5 + x2^2*x5 + (2)*x1*x3*x5 + (2)*x1*x2*x5 + x1^2*x5", 
  "x3^2*x4 + (2)*x2*x3*x4 + x2^2*x4 + (2)*x1*x3*x4 + (2)*x1*x2*x4 + x1^2*x4", 
  "x2*x3^2 + x2^2*x3 + x1*x3^2 + x1*x2^2 + x1^2*x3 + x1^2*x2", 
  "x3^3 + x2^3 + (6)*x1*x2*x3 + x1^3" ]
   Cubic invariant basis vectors: 
[ [ 0, 0, 0, 1, 0, 0, 0, 0, 0, 0, 0, 0, 0, 0, 0, 0, 0, 0, 0, 0, 0, 0, 0, 0, 
      0, 0, 0, 0, 0, 0, 0, 0, 0, 0, 0, 0, 0, 0, 0, 0, 0, 0, 0, 0, 0, 0, 0, 0, 
      0, 0, 0, 0, 0, 0, 0, 0 ], 
  [ 0, 0, 0, 0, 0, 0, 1, 0, 0, 0, 0, 0, 0, 0, 0, 0, 0, 0, 0, 0, 0, 0, 0, 0, 
      0, 0, 0, 0, 0, 0, 0, 0, 0, 0, 0, 0, 0, 0, 0, 0, 0, 0, 0, 0, 0, 0, 0, 0, 
      0, 0, 0, 0, 0, 0, 0, 0 ], 
  [ 0, 0, 0, 0, 0, 0, 0, 0, 1, 0, 0, 0, 0, 0, 0, 0, 0, 0, 0, 0, 0, 0, 0, 0, 
      0, 0, 0, 0, 0, 0, 0, 0, 0, 0, 0, 0, 0, 0, 0, 0, 0, 0, 0, 0, 0, 0, 0, 0, 
      0, 0, 0, 0, 0, 0, 0, 0 ], 
  [ 0, 0, 0, 0, 0, 0, 0, 0, 0, 1, 0, 0, 0, 0, 0, 0, 0, 0, 0, 0, 0, 0, 0, 0, 
      0, 0, 0, 0, 0, 0, 0, 0, 0, 0, 0, 0, 0, 0, 0, 0, 0, 0, 0, 0, 0, 0, 0, 0, 
      0, 0, 0, 0, 0, 0, 0, 0 ], 
  [ 0, 0, 0, 0, 0, 0, 0, 0, 0, 0, 0, 0, 1, 0, 0, 0, 0, 0, 0, 0, 0, 0, 1, 0, 
      0, 0, 0, 0, 0, 0, 0, 0, 0, 0, 0, 0, 0, 1, 0, 0, 0, 0, 0, 0, 0, 0, 0, 0, 
      0, 0, 0, 0, 0, 0, 0, 0 ], 
  [ 0, 0, 0, 0, 0, 0, 0, 0, 0, 0, 0, 0, 0, 0, 1, 0, 0, 0, 0, 0, 0, 0, 0, 0, 
      1, 0, 0, 0, 0, 0, 0, 0, 0, 0, 0, 0, 0, 0, 0, 1, 0, 0, 0, 0, 0, 0, 0, 0, 
      0, 0, 0, 0, 0, 0, 0, 0 ], 
  [ 0, 0, 0, 0, 0, 0, 0, 0, 0, 0, 0, 0, 0, 0, 0, 1, 0, 0, 0, 0, 0, 0, 0, 0, 
      0, 1, 0, 0, 0, 0, 0, 0, 0, 0, 0, 0, 0, 0, 0, 0, 1, 0, 0, 0, 0, 0, 0, 0, 
      0, 0, 0, 0, 0, 0, 0, 0 ], 
  [ 0, 0, 0, 0, 0, 0, 0, 0, 0, 0, 0, 0, 0, 0, 0, 0, 0, 1, 0, 0, 0, 0, 0, 0, 
      0, 0, 0, 2, 0, 0, 0, 1, 0, 0, 0, 0, 0, 0, 0, 0, 0, 0, 2, 0, 0, 0, 2, 0, 
      0, 0, 0, 1, 0, 0, 0, 0 ], 
  [ 0, 0, 0, 0, 0, 0, 0, 0, 0, 0, 0, 0, 0, 0, 0, 0, 0, 0, 1, 0, 0, 0, 0, 0, 
      0, 0, 0, 0, 2, 0, 0, 0, 1, 0, 0, 0, 0, 0, 0, 0, 0, 0, 0, 2, 0, 0, 0, 2, 
      0, 0, 0, 0, 1, 0, 0, 0 ], 
  [ 0, 0, 0, 0, 0, 0, 0, 0, 0, 0, 0, 0, 0, 0, 0, 0, 0, 0, 0, 0, 0, 0, 0, 0, 
      0, 0, 0, 0, 0, 1, 0, 0, 0, 1, 0, 0, 0, 0, 0, 0, 0, 0, 0, 0, 1, 0, 0, 0, 
      0, 1, 0, 0, 0, 1, 1, 0 ], 
  [ 0, 0, 0, 0, 0, 0, 0, 0, 0, 0, 0, 0, 0, 0, 0, 0, 0, 0, 0, 1, 0, 0, 0, 0, 
      0, 0, 0, 0, 0, 0, 0, 0, 0, 0, 1, 0, 0, 0, 0, 0, 0, 0, 0, 0, 0, 0, 0, 0, 
      6, 0, 0, 0, 0, 0, 0, 1 ] ]

147. Candidate
   Symplectic group: S3
   Component: 2; corrigendum component, generic index 2
   Projective group ID: [ 36, 12 ]
   Strict linear group ID: [ 108, 42 ]
   Generic index: 2
   Generic full linear containment required: true
   Generic full linear containment verified: true
   Direct known case: false
   Source records: [ "S_3_corrigendum_generic_index=2_liftable.docx" ]
   Family number within this input: 4
   Strict cubic invariant dimension: 10
   Centralizer dimension: 7
   Expected moduli dimension: 3
   Determinant image order: 6
   Gonzalez status: passed
   Retained: true
   Gonzalez failure statuses: [  ]
   Matrix generators: 
[ [ [ 0, 1, 0, 0, 0, 0 ], [ 1, 0, 0, 0, 0, 0 ], [ 0, 0, 1, 0, 0, 0 ], 
      [ 0, 0, 0, 1, 0, 0 ], [ 0, 0, 0, 0, 1, 0 ], [ 0, 0, 0, 0, 0, -1 ] ], 
  [ [ 1, 0, 0, 0, 0, 0 ], [ 0, 1, 0, 0, 0, 0 ], [ 0, 0, 1, 0, 0, 0 ], 
      [ 0, 0, 0, 1, 0, 0 ], [ 0, 0, 0, 0, 1, 0 ], [ 0, 0, 0, 0, 0, -1 ] ], 
  [ [ 526/1995*E(3)+1469/1995*E(3)^2, 526/1995*E(3)-526/1995*E(3)^2, 
          526/1995*E(3)-526/1995*E(3)^2, 263/266*E(3)-263/266*E(3)^2, 
          -1052/1995*E(3)+1052/1995*E(3)^2, 0 ], 
      [ 526/1995*E(3)-526/1995*E(3)^2, 526/1995*E(3)+1469/1995*E(3)^2, 
          526/1995*E(3)-526/1995*E(3)^2, 263/266*E(3)-263/266*E(3)^2, 
          -1052/1995*E(3)+1052/1995*E(3)^2, 0 ], 
      [ 526/1995*E(3)-526/1995*E(3)^2, 526/1995*E(3)-526/1995*E(3)^2, 
          526/1995*E(3)+1469/1995*E(3)^2, 263/266*E(3)-263/266*E(3)^2, 
          -1052/1995*E(3)+1052/1995*E(3)^2, 0 ], 
      [ -156/665*E(3)+156/665*E(3)^2, -156/665*E(3)+156/665*E(3)^2, 
          -156/665*E(3)+156/665*E(3)^2, -117/133*E(3)+250/133*E(3)^2, 
          312/665*E(3)-312/665*E(3)^2, 0 ], 
      [ -362/665*E(3)+362/665*E(3)^2, -362/665*E(3)+362/665*E(3)^2, 
          -362/665*E(3)+362/665*E(3)^2, -543/266*E(3)+543/266*E(3)^2, 
          724/665*E(3)-59/665*E(3)^2, 0 ], [ 0, 0, 0, 0, 0, E(3)^2 ] ], 
  [ [ 0, 1, 0, 0, 0, 0 ], [ 0, 0, 1, 0, 0, 0 ], [ 1, 0, 0, 0, 0, 0 ], 
      [ 0, 0, 0, 1, 0, 0 ], [ 0, 0, 0, 0, 1, 0 ], [ 0, 0, 0, 0, 0, 1 ] ], 
  [ [ E(3), 0, 0, 0, 0, 0 ], [ 0, E(3), 0, 0, 0, 0 ], [ 0, 0, E(3), 0, 0, 0 ],
      [ 0, 0, 0, E(3), 0, 0 ], [ 0, 0, 0, 0, E(3), 0 ], 
      [ 0, 0, 0, 0, 0, E(3) ] ] ]
   Cubic invariant basis strings: 
[ "(15/8)*x5*x6^2 + x4*x6^2", 
  "(3375/512)*x5^3 + (675/64)*x4*x5^2 + (45/8)*x4^2*x5 + x4^3", 
  "(3/2)*x5*x6^2 + x3*x6^2 + x2*x6^2 + x1*x6^2", 
  "(675/128)*x5^3 + (45/8)*x4*x5^2 + (3/2)*x4^2*x5 + (225/64)*x3*x5^2 + (15/4)\
*x3*x4*x5 + x3*x4^2 + (225/64)*x2*x5^2 + (15/4)*x2*x4*x5 + x2*x4^2 + (225/64)*\
x1*x5^2 + (15/4)*x1*x4*x5 + x1*x4^2", 
  "(45/32)*x5^3 + (3/4)*x4*x5^2 + (15/8)*x3*x5^2 + x3*x4*x5 + (15/8)*x2*x5^2 +\
 x2*x4*x5 + (15/8)*x2*x3*x5 + x2*x3*x4 + (15/8)*x1*x5^2 + x1*x4*x5 + (15/8)*x1\
*x3*x5 + x1*x3*x4 + (15/8)*x1*x2*x5 + x1*x2*x4", 
  "(1/8)*x5^3 + (1/4)*x3*x5^2 + (1/4)*x2*x5^2 + (1/2)*x2*x3*x5 + (1/4)*x1*x5^2\
 + (1/2)*x1*x3*x5 + (1/2)*x1*x2*x5 + x1*x2*x3", 
  "(1711119/1106704)*x5^3 + (274833/138338)*x4*x5^2 + (54756/69169)*x4^2*x5 + \
(-2349/1052)*x3*x5^2 + (-468/263)*x3*x4*x5 + x3^2*x5 + (-2349/1052)*x2*x5^2 + \
(-468/263)*x2*x4*x5 + (2)*x2*x3*x5 + x2^2*x5 + (-2349/1052)*x1*x5^2 + (-468/26\
3)*x1*x4*x5 + (2)*x1*x3*x5 + (2)*x1*x2*x5 + x1^2*x5", 
  "(-13216365/8853632)*x5^3 + (-3292467/1106704)*x4*x5^2 + (-205335/138338)*x4\
^2*x5 + (51015/8416)*x3*x5^2 + (2281/526)*x3*x4*x5 + x3^2*x4 + (51015/8416)*x2\
*x5^2 + (2281/526)*x2*x4*x5 + (-15/4)*x2*x3*x5 + x2^2*x4 + (51015/8416)*x1*x5^\
2 + (2281/526)*x1*x4*x5 + (-15/4)*x1*x3*x5 + (-15/4)*x1*x2*x5 + x1^2*x4", 
  "(-881091/1106704)*x5^3 + (-274833/138338)*x4*x5^2 + (-54756/69169)*x4^2*x5 \
+ (3927/1052)*x3*x5^2 + (468/263)*x3*x4*x5 + (3927/1052)*x2*x5^2 + (468/263)*x\
2*x4*x5 + x2*x3^2 + x2^2*x3 + (3927/1052)*x1*x5^2 + (468/263)*x1*x4*x5 + x1*x3\
^2 + x1*x2^2 + x1^2*x3 + x1^2*x2", 
  "(-4303329/2213408)*x5^3 + (-824499/276676)*x4*x5^2 + (-82134/69169)*x4^2*x5\
 + (8625/2104)*x3*x5^2 + (702/263)*x3*x4*x5 + x3^3 + (8625/2104)*x2*x5^2 + (70\
2/263)*x2*x4*x5 + (-3)*x2*x3*x5 + x2^3 + (8625/2104)*x1*x5^2 + (702/263)*x1*x4\
*x5 + (-3)*x1*x3*x5 + (-3)*x1*x2*x5 + x1^3" ]
   Cubic invariant basis vectors: 
[ [ 0, 15/8, 0, 0, 1, 0, 0, 0, 0, 0, 0, 0, 0, 0, 0, 0, 0, 0, 0, 0, 0, 0, 0, 
      0, 0, 0, 0, 0, 0, 0, 0, 0, 0, 0, 0, 0, 0, 0, 0, 0, 0, 0, 0, 0, 0, 0, 0, 
      0, 0, 0, 0, 0, 0, 0, 0, 0 ], 
  [ 0, 0, 0, 3375/512, 0, 0, 675/64, 0, 45/8, 1, 0, 0, 0, 0, 0, 0, 0, 0, 0, 
      0, 0, 0, 0, 0, 0, 0, 0, 0, 0, 0, 0, 0, 0, 0, 0, 0, 0, 0, 0, 0, 0, 0, 0, 
      0, 0, 0, 0, 0, 0, 0, 0, 0, 0, 0, 0, 0 ], 
  [ 0, 3/2, 0, 0, 0, 0, 0, 0, 0, 0, 1, 0, 0, 0, 0, 0, 0, 0, 0, 0, 1, 0, 0, 0, 
      0, 0, 0, 0, 0, 0, 0, 0, 0, 0, 0, 1, 0, 0, 0, 0, 0, 0, 0, 0, 0, 0, 0, 0, 
      0, 0, 0, 0, 0, 0, 0, 0 ], 
  [ 0, 0, 0, 675/128, 0, 0, 45/8, 0, 3/2, 0, 0, 0, 225/64, 0, 15/4, 1, 0, 0, 
      0, 0, 0, 0, 225/64, 0, 15/4, 1, 0, 0, 0, 0, 0, 0, 0, 0, 0, 0, 0, 
      225/64, 0, 15/4, 1, 0, 0, 0, 0, 0, 0, 0, 0, 0, 0, 0, 0, 0, 0, 0 ], 
  [ 0, 0, 0, 45/32, 0, 0, 3/4, 0, 0, 0, 0, 0, 15/8, 0, 1, 0, 0, 0, 0, 0, 0, 
      0, 15/8, 0, 1, 0, 0, 15/8, 1, 0, 0, 0, 0, 0, 0, 0, 0, 15/8, 0, 1, 0, 0, 
      15/8, 1, 0, 0, 15/8, 1, 0, 0, 0, 0, 0, 0, 0, 0 ], 
  [ 0, 0, 0, 1/8, 0, 0, 0, 0, 0, 0, 0, 0, 1/4, 0, 0, 0, 0, 0, 0, 0, 0, 0, 
      1/4, 0, 0, 0, 0, 1/2, 0, 0, 0, 0, 0, 0, 0, 0, 0, 1/4, 0, 0, 0, 0, 1/2, 
      0, 0, 0, 1/2, 0, 1, 0, 0, 0, 0, 0, 0, 0 ], 
  [ 0, 0, 0, 1711119/1106704, 0, 0, 274833/138338, 0, 54756/69169, 0, 0, 0, 
      -2349/1052, 0, -468/263, 0, 0, 1, 0, 0, 0, 0, -2349/1052, 0, -468/263, 
      0, 0, 2, 0, 0, 0, 1, 0, 0, 0, 0, 0, -2349/1052, 0, -468/263, 0, 0, 2, 
      0, 0, 0, 2, 0, 0, 0, 0, 1, 0, 0, 0, 0 ], 
  [ 0, 0, 0, -13216365/8853632, 0, 0, -3292467/1106704, 0, -205335/138338, 0, 
      0, 0, 51015/8416, 0, 2281/526, 0, 0, 0, 1, 0, 0, 0, 51015/8416, 0, 
      2281/526, 0, 0, -15/4, 0, 0, 0, 0, 1, 0, 0, 0, 0, 51015/8416, 0, 
      2281/526, 0, 0, -15/4, 0, 0, 0, -15/4, 0, 0, 0, 0, 0, 1, 0, 0, 0 ], 
  [ 0, 0, 0, -881091/1106704, 0, 0, -274833/138338, 0, -54756/69169, 0, 0, 0, 
      3927/1052, 0, 468/263, 0, 0, 0, 0, 0, 0, 0, 3927/1052, 0, 468/263, 0, 
      0, 0, 0, 1, 0, 0, 0, 1, 0, 0, 0, 3927/1052, 0, 468/263, 0, 0, 0, 0, 1, 
      0, 0, 0, 0, 1, 0, 0, 0, 1, 1, 0 ], 
  [ 0, 0, 0, -4303329/2213408, 0, 0, -824499/276676, 0, -82134/69169, 0, 0, 
      0, 8625/2104, 0, 702/263, 0, 0, 0, 0, 1, 0, 0, 8625/2104, 0, 702/263, 
      0, 0, -3, 0, 0, 0, 0, 0, 0, 1, 0, 0, 8625/2104, 0, 702/263, 0, 0, -3, 
      0, 0, 0, -3, 0, 0, 0, 0, 0, 0, 0, 0, 1 ] ]

148. Candidate
   Symplectic group: S3
   Component: 2; corrigendum component, generic index 2
   Projective group ID: [ 36, 12 ]
   Strict linear group ID: [ 108, 42 ]
   Generic index: 2
   Generic full linear containment required: true
   Generic full linear containment verified: true
   Direct known case: false
   Source records: [ "S_3_corrigendum_generic_index=2_liftable.docx" ]
   Family number within this input: 5
   Strict cubic invariant dimension: 8
   Centralizer dimension: 7
   Expected moduli dimension: 1
   Determinant image order: 6
   Gonzalez status: passed
   Retained: true
   Gonzalez failure statuses: [  ]
   Matrix generators: 
[ [ [ 0, 1, 0, 0, 0, 0 ], [ 1, 0, 0, 0, 0, 0 ], [ 0, 0, 1, 0, 0, 0 ], 
      [ 0, 0, 0, 1, 0, 0 ], [ 0, 0, 0, 0, 1, 0 ], [ 0, 0, 0, 0, 0, -1 ] ], 
  [ [ 1, 0, 0, 0, 0, 0 ], [ 0, 1, 0, 0, 0, 0 ], [ 0, 0, 1, 0, 0, 0 ], 
      [ 0, 0, 0, 1, 0, 0 ], [ 0, 0, 0, 0, 1, 0 ], [ 0, 0, 0, 0, 0, -1 ] ], 
  [ 
      [ -268/665*E(3)-397/665*E(3)^2, 397/665*E(3)+268/665*E(3)^2, 
          397/665*E(3)+268/665*E(3)^2, 263/266*E(3)-263/266*E(3)^2, 
          -1052/1995*E(3)+1052/1995*E(3)^2, 0 ], 
      [ 397/665*E(3)+268/665*E(3)^2, -268/665*E(3)-397/665*E(3)^2, 
          397/665*E(3)+268/665*E(3)^2, 263/266*E(3)-263/266*E(3)^2, 
          -1052/1995*E(3)+1052/1995*E(3)^2, 0 ], 
      [ 397/665*E(3)+268/665*E(3)^2, 397/665*E(3)+268/665*E(3)^2, 
          -268/665*E(3)-397/665*E(3)^2, 263/266*E(3)-263/266*E(3)^2, 
          -1052/1995*E(3)+1052/1995*E(3)^2, 0 ], 
      [ -156/665*E(3)+156/665*E(3)^2, -156/665*E(3)+156/665*E(3)^2, 
          -156/665*E(3)+156/665*E(3)^2, -117/133*E(3)+250/133*E(3)^2, 
          312/665*E(3)-312/665*E(3)^2, 0 ], 
      [ -362/665*E(3)+362/665*E(3)^2, -362/665*E(3)+362/665*E(3)^2, 
          -362/665*E(3)+362/665*E(3)^2, -543/266*E(3)+543/266*E(3)^2, 
          724/665*E(3)-59/665*E(3)^2, 0 ], [ 0, 0, 0, 0, 0, E(3)^2 ] ], 
  [ [ 0, 1, 0, 0, 0, 0 ], [ 0, 0, 1, 0, 0, 0 ], [ 1, 0, 0, 0, 0, 0 ], 
      [ 0, 0, 0, 1, 0, 0 ], [ 0, 0, 0, 0, 1, 0 ], [ 0, 0, 0, 0, 0, 1 ] ], 
  [ [ E(3), 0, 0, 0, 0, 0 ], [ 0, E(3), 0, 0, 0, 0 ], [ 0, 0, E(3), 0, 0, 0 ],
      [ 0, 0, 0, E(3), 0, 0 ], [ 0, 0, 0, 0, E(3), 0 ], 
      [ 0, 0, 0, 0, 0, E(3) ] ] ]
   Cubic invariant basis strings: 
[ "(15/8)*x5*x6^2 + x4*x6^2", 
  "(3375/512)*x5^3 + (675/64)*x4*x5^2 + (45/8)*x4^2*x5 + x4^3", 
  "(3/2)*x5*x6^2 + x3*x6^2 + x2*x6^2 + x1*x6^2", 
  "(675/128)*x5^3 + (45/8)*x4*x5^2 + (3/2)*x4^2*x5 + (225/64)*x3*x5^2 + (15/4)\
*x3*x4*x5 + x3*x4^2 + (225/64)*x2*x5^2 + (15/4)*x2*x4*x5 + x2*x4^2 + (225/64)*\
x1*x5^2 + (15/4)*x1*x4*x5 + x1*x4^2", 
  "(1711119/1106704)*x5^3 + (274833/138338)*x4*x5^2 + (54756/69169)*x4^2*x5 + \
(-2349/1052)*x3*x5^2 + (-468/263)*x3*x4*x5 + x3^2*x5 + (-2349/1052)*x2*x5^2 + \
(-468/263)*x2*x4*x5 + (2)*x2*x3*x5 + x2^2*x5 + (-2349/1052)*x1*x5^2 + (-468/26\
3)*x1*x4*x5 + (2)*x1*x3*x5 + (2)*x1*x2*x5 + x1^2*x5", 
  "(11684475/8853632)*x5^3 + (-1632411/1106704)*x4*x5^2 + (-205335/138338)*x4^\
2*x5 + (82575/8416)*x3*x5^2 + (3333/526)*x3*x4*x5 + x3^2*x4 + (82575/8416)*x2*\
x5^2 + (3333/526)*x2*x4*x5 + (2)*x2*x3*x4 + x2^2*x4 + (82575/8416)*x1*x5^2 + (\
3333/526)*x1*x4*x5 + (2)*x1*x3*x4 + (2)*x1*x2*x4 + x1^2*x4", 
  "(-881091/1106704)*x5^3 + (-274833/138338)*x4*x5^2 + (-54756/69169)*x4^2*x5 \
+ (3927/1052)*x3*x5^2 + (468/263)*x3*x4*x5 + (3927/1052)*x2*x5^2 + (468/263)*x\
2*x4*x5 + x2*x3^2 + x2^2*x3 + (3927/1052)*x1*x5^2 + (468/263)*x1*x4*x5 + x1*x3\
^2 + x1*x2^2 + x1^2*x3 + x1^2*x2", 
  "(-2643273/2213408)*x5^3 + (-824499/276676)*x4*x5^2 + (-82134/69169)*x4^2*x5\
 + (11781/2104)*x3*x5^2 + (702/263)*x3*x4*x5 + x3^3 + (11781/2104)*x2*x5^2 + (\
702/263)*x2*x4*x5 + x2^3 + (11781/2104)*x1*x5^2 + (702/263)*x1*x4*x5 + (6)*x1*\
x2*x3 + x1^3" ]
   Cubic invariant basis vectors: 
[ [ 0, 15/8, 0, 0, 1, 0, 0, 0, 0, 0, 0, 0, 0, 0, 0, 0, 0, 0, 0, 0, 0, 0, 0, 
      0, 0, 0, 0, 0, 0, 0, 0, 0, 0, 0, 0, 0, 0, 0, 0, 0, 0, 0, 0, 0, 0, 0, 0, 
      0, 0, 0, 0, 0, 0, 0, 0, 0 ], 
  [ 0, 0, 0, 3375/512, 0, 0, 675/64, 0, 45/8, 1, 0, 0, 0, 0, 0, 0, 0, 0, 0, 
      0, 0, 0, 0, 0, 0, 0, 0, 0, 0, 0, 0, 0, 0, 0, 0, 0, 0, 0, 0, 0, 0, 0, 0, 
      0, 0, 0, 0, 0, 0, 0, 0, 0, 0, 0, 0, 0 ], 
  [ 0, 3/2, 0, 0, 0, 0, 0, 0, 0, 0, 1, 0, 0, 0, 0, 0, 0, 0, 0, 0, 1, 0, 0, 0, 
      0, 0, 0, 0, 0, 0, 0, 0, 0, 0, 0, 1, 0, 0, 0, 0, 0, 0, 0, 0, 0, 0, 0, 0, 
      0, 0, 0, 0, 0, 0, 0, 0 ], 
  [ 0, 0, 0, 675/128, 0, 0, 45/8, 0, 3/2, 0, 0, 0, 225/64, 0, 15/4, 1, 0, 0, 
      0, 0, 0, 0, 225/64, 0, 15/4, 1, 0, 0, 0, 0, 0, 0, 0, 0, 0, 0, 0, 
      225/64, 0, 15/4, 1, 0, 0, 0, 0, 0, 0, 0, 0, 0, 0, 0, 0, 0, 0, 0 ], 
  [ 0, 0, 0, 1711119/1106704, 0, 0, 274833/138338, 0, 54756/69169, 0, 0, 0, 
      -2349/1052, 0, -468/263, 0, 0, 1, 0, 0, 0, 0, -2349/1052, 0, -468/263, 
      0, 0, 2, 0, 0, 0, 1, 0, 0, 0, 0, 0, -2349/1052, 0, -468/263, 0, 0, 2, 
      0, 0, 0, 2, 0, 0, 0, 0, 1, 0, 0, 0, 0 ], 
  [ 0, 0, 0, 11684475/8853632, 0, 0, -1632411/1106704, 0, -205335/138338, 0, 
      0, 0, 82575/8416, 0, 3333/526, 0, 0, 0, 1, 0, 0, 0, 82575/8416, 0, 
      3333/526, 0, 0, 0, 2, 0, 0, 0, 1, 0, 0, 0, 0, 82575/8416, 0, 3333/526, 
      0, 0, 0, 2, 0, 0, 0, 2, 0, 0, 0, 0, 1, 0, 0, 0 ], 
  [ 0, 0, 0, -881091/1106704, 0, 0, -274833/138338, 0, -54756/69169, 0, 0, 0, 
      3927/1052, 0, 468/263, 0, 0, 0, 0, 0, 0, 0, 3927/1052, 0, 468/263, 0, 
      0, 0, 0, 1, 0, 0, 0, 1, 0, 0, 0, 3927/1052, 0, 468/263, 0, 0, 0, 0, 1, 
      0, 0, 0, 0, 1, 0, 0, 0, 1, 1, 0 ], 
  [ 0, 0, 0, -2643273/2213408, 0, 0, -824499/276676, 0, -82134/69169, 0, 0, 
      0, 11781/2104, 0, 702/263, 0, 0, 0, 0, 1, 0, 0, 11781/2104, 0, 702/263, 
      0, 0, 0, 0, 0, 0, 0, 0, 0, 1, 0, 0, 11781/2104, 0, 702/263, 0, 0, 0, 0, 
      0, 0, 0, 0, 6, 0, 0, 0, 0, 0, 0, 1 ] ]

149. Candidate
   Symplectic group: S3
   Component: 2; corrigendum component, generic index 2
   Projective group ID: [ 36, 12 ]
   Strict linear group ID: [ 108, 42 ]
   Generic index: 2
   Generic full linear containment required: true
   Generic full linear containment verified: true
   Direct known case: false
   Source records: [ "S_3_corrigendum_generic_index=2_liftable.docx" ]
   Family number within this input: 6
   Strict cubic invariant dimension: 9
   Centralizer dimension: 7
   Expected moduli dimension: 2
   Determinant image order: 6
   Gonzalez status: passed
   Retained: true
   Gonzalez failure statuses: [  ]
   Matrix generators: 
[ [ [ 0, 1, 0, 0, 0, 0 ], [ 1, 0, 0, 0, 0, 0 ], [ 0, 0, 1, 0, 0, 0 ], 
      [ 0, 0, 0, 1, 0, 0 ], [ 0, 0, 0, 0, 1, 0 ], [ 0, 0, 0, 0, 0, -1 ] ], 
  [ [ 1, 0, 0, 0, 0, 0 ], [ 0, 1, 0, 0, 0, 0 ], [ 0, 0, 1, 0, 0, 0 ], 
      [ 0, 0, 0, 1, 0, 0 ], [ 0, 0, 0, 0, 1, 0 ], [ 0, 0, 0, 0, 0, -1 ] ], 
  [ [ 838/7503*E(3)+6665/7503*E(3)^2, 838/7503*E(3)-838/7503*E(3)^2, 
          838/7503*E(3)-838/7503*E(3)^2, 2095/5002*E(3)-2095/5002*E(3)^2, 
          -1676/7503*E(3)+1676/7503*E(3)^2, 0 ], 
      [ 838/7503*E(3)-838/7503*E(3)^2, 838/7503*E(3)+6665/7503*E(3)^2, 
          838/7503*E(3)-838/7503*E(3)^2, 2095/5002*E(3)-2095/5002*E(3)^2, 
          -1676/7503*E(3)+1676/7503*E(3)^2, 0 ], 
      [ 838/7503*E(3)-838/7503*E(3)^2, 838/7503*E(3)-838/7503*E(3)^2, 
          838/7503*E(3)+6665/7503*E(3)^2, 2095/5002*E(3)-2095/5002*E(3)^2, 
          -1676/7503*E(3)+1676/7503*E(3)^2, 0 ], 
      [ 724/2501*E(3)-724/2501*E(3)^2, 724/2501*E(3)-724/2501*E(3)^2, 
          724/2501*E(3)-724/2501*E(3)^2, 2715/2501*E(3)-214/2501*E(3)^2, 
          -1448/2501*E(3)+1448/2501*E(3)^2, 0 ], 
      [ 526/2501*E(3)-526/2501*E(3)^2, 526/2501*E(3)-526/2501*E(3)^2, 
          526/2501*E(3)-526/2501*E(3)^2, 3945/5002*E(3)-3945/5002*E(3)^2, 
          -1052/2501*E(3)+3553/2501*E(3)^2, 0 ], [ 0, 0, 0, 0, 0, E(3) ] ], 
  [ [ 0, 1, 0, 0, 0, 0 ], [ 0, 0, 1, 0, 0, 0 ], [ 1, 0, 0, 0, 0, 0 ], 
      [ 0, 0, 0, 1, 0, 0 ], [ 0, 0, 0, 0, 1, 0 ], [ 0, 0, 0, 0, 0, 1 ] ], 
  [ [ E(3), 0, 0, 0, 0, 0 ], [ 0, E(3), 0, 0, 0, 0 ], [ 0, 0, E(3), 0, 0, 0 ],
      [ 0, 0, 0, E(3), 0, 0 ], [ 0, 0, 0, 0, E(3), 0 ], 
      [ 0, 0, 0, 0, 0, E(3) ] ] ]
   Cubic invariant basis strings: 
[ "(3375/512)*x5^3 + (675/64)*x4*x5^2 + (45/8)*x4^2*x5 + x4^3", 
  "(789/419)*x5*x6^2 + (1086/419)*x4*x6^2 + x3*x6^2 + x2*x6^2 + x1*x6^2", 
  "(675/128)*x5^3 + (45/8)*x4*x5^2 + (3/2)*x4^2*x5 + (225/64)*x3*x5^2 + (15/4)\
*x3*x4*x5 + x3*x4^2 + (225/64)*x2*x5^2 + (15/4)*x2*x4*x5 + x2*x4^2 + (225/64)*\
x1*x5^2 + (15/4)*x1*x4*x5 + x1*x4^2", 
  "(45/32)*x5^3 + (3/4)*x4*x5^2 + (15/8)*x3*x5^2 + x3*x4*x5 + (15/8)*x2*x5^2 +\
 x2*x4*x5 + (15/8)*x2*x3*x5 + x2*x3*x4 + (15/8)*x1*x5^2 + x1*x4*x5 + (15/8)*x1\
*x3*x5 + x1*x3*x4 + (15/8)*x1*x2*x5 + x1*x2*x4", 
  "(1/8)*x5^3 + (1/4)*x3*x5^2 + (1/4)*x2*x5^2 + (1/2)*x2*x3*x5 + (1/4)*x1*x5^2\
 + (1/2)*x1*x3*x5 + (1/2)*x1*x2*x5 + x1*x2*x3", 
  "(52404807/2808976)*x5^3 + (7501545/351122)*x4*x5^2 + (1179396/175561)*x4^2*\
x5 + (13815/1676)*x3*x5^2 + (2172/419)*x3*x4*x5 + x3^2*x5 + (13815/1676)*x2*x5\
^2 + (2172/419)*x2*x4*x5 + (2)*x2*x3*x5 + x2^2*x5 + (13815/1676)*x1*x5^2 + (21\
72/419)*x1*x4*x5 + (2)*x1*x3*x5 + (2)*x1*x2*x5 + x1^2*x5", 
  "(-754471125/22471808)*x5^3 + (-110416443/2808976)*x4*x5^2 + (-4422735/35112\
2)*x4^2*x5 + (-182085/13408)*x3*x5^2 + (-7307/838)*x3*x4*x5 + x3^2*x4 + (-1820\
85/13408)*x2*x5^2 + (-7307/838)*x2*x4*x5 + (-15/4)*x2*x3*x5 + x2^2*x4 + (-1820\
85/13408)*x1*x5^2 + (-7307/838)*x1*x4*x5 + (-15/4)*x1*x3*x5 + (-15/4)*x1*x2*x5\
 + x1^2*x4", 
  "(-50298075/2808976)*x5^3 + (-7501545/351122)*x4*x5^2 + (-1179396/175561)*x4\
^2*x5 + (-11301/1676)*x3*x5^2 + (-2172/419)*x3*x4*x5 + (-11301/1676)*x2*x5^2 +\
 (-2172/419)*x2*x4*x5 + x2*x3^2 + x2^2*x3 + (-11301/1676)*x1*x5^2 + (-2172/419\
)*x1*x4*x5 + x1*x3^2 + x1*x2^2 + x1^2*x3 + x1^2*x2", 
  "(-155107689/5617952)*x5^3 + (-22504635/702244)*x4*x5^2 + (-1769094/175561)*\
x4^2*x5 + (-38931/3352)*x3*x5^2 + (-3258/419)*x3*x4*x5 + x3^3 + (-38931/3352)*\
x2*x5^2 + (-3258/419)*x2*x4*x5 + (-3)*x2*x3*x5 + x2^3 + (-38931/3352)*x1*x5^2 \
+ (-3258/419)*x1*x4*x5 + (-3)*x1*x3*x5 + (-3)*x1*x2*x5 + x1^3" ]
   Cubic invariant basis vectors: 
[ [ 0, 0, 0, 3375/512, 0, 0, 675/64, 0, 45/8, 1, 0, 0, 0, 0, 0, 0, 0, 0, 0, 
      0, 0, 0, 0, 0, 0, 0, 0, 0, 0, 0, 0, 0, 0, 0, 0, 0, 0, 0, 0, 0, 0, 0, 0, 
      0, 0, 0, 0, 0, 0, 0, 0, 0, 0, 0, 0, 0 ], 
  [ 0, 789/419, 0, 0, 1086/419, 0, 0, 0, 0, 0, 1, 0, 0, 0, 0, 0, 0, 0, 0, 0, 
      1, 0, 0, 0, 0, 0, 0, 0, 0, 0, 0, 0, 0, 0, 0, 1, 0, 0, 0, 0, 0, 0, 0, 0, 
      0, 0, 0, 0, 0, 0, 0, 0, 0, 0, 0, 0 ], 
  [ 0, 0, 0, 675/128, 0, 0, 45/8, 0, 3/2, 0, 0, 0, 225/64, 0, 15/4, 1, 0, 0, 
      0, 0, 0, 0, 225/64, 0, 15/4, 1, 0, 0, 0, 0, 0, 0, 0, 0, 0, 0, 0, 
      225/64, 0, 15/4, 1, 0, 0, 0, 0, 0, 0, 0, 0, 0, 0, 0, 0, 0, 0, 0 ], 
  [ 0, 0, 0, 45/32, 0, 0, 3/4, 0, 0, 0, 0, 0, 15/8, 0, 1, 0, 0, 0, 0, 0, 0, 
      0, 15/8, 0, 1, 0, 0, 15/8, 1, 0, 0, 0, 0, 0, 0, 0, 0, 15/8, 0, 1, 0, 0, 
      15/8, 1, 0, 0, 15/8, 1, 0, 0, 0, 0, 0, 0, 0, 0 ], 
  [ 0, 0, 0, 1/8, 0, 0, 0, 0, 0, 0, 0, 0, 1/4, 0, 0, 0, 0, 0, 0, 0, 0, 0, 
      1/4, 0, 0, 0, 0, 1/2, 0, 0, 0, 0, 0, 0, 0, 0, 0, 1/4, 0, 0, 0, 0, 1/2, 
      0, 0, 0, 1/2, 0, 1, 0, 0, 0, 0, 0, 0, 0 ], 
  [ 0, 0, 0, 52404807/2808976, 0, 0, 7501545/351122, 0, 1179396/175561, 0, 0, 
      0, 13815/1676, 0, 2172/419, 0, 0, 1, 0, 0, 0, 0, 13815/1676, 0, 
      2172/419, 0, 0, 2, 0, 0, 0, 1, 0, 0, 0, 0, 0, 13815/1676, 0, 2172/419, 
      0, 0, 2, 0, 0, 0, 2, 0, 0, 0, 0, 1, 0, 0, 0, 0 ], 
  [ 0, 0, 0, -754471125/22471808, 0, 0, -110416443/2808976, 0, 
      -4422735/351122, 0, 0, 0, -182085/13408, 0, -7307/838, 0, 0, 0, 1, 0, 
      0, 0, -182085/13408, 0, -7307/838, 0, 0, -15/4, 0, 0, 0, 0, 1, 0, 0, 0, 
      0, -182085/13408, 0, -7307/838, 0, 0, -15/4, 0, 0, 0, -15/4, 0, 0, 0, 
      0, 0, 1, 0, 0, 0 ], 
  [ 0, 0, 0, -50298075/2808976, 0, 0, -7501545/351122, 0, -1179396/175561, 0, 
      0, 0, -11301/1676, 0, -2172/419, 0, 0, 0, 0, 0, 0, 0, -11301/1676, 0, 
      -2172/419, 0, 0, 0, 0, 1, 0, 0, 0, 1, 0, 0, 0, -11301/1676, 0, 
      -2172/419, 0, 0, 0, 0, 1, 0, 0, 0, 0, 1, 0, 0, 0, 1, 1, 0 ], 
  [ 0, 0, 0, -155107689/5617952, 0, 0, -22504635/702244, 0, -1769094/175561, 
      0, 0, 0, -38931/3352, 0, -3258/419, 0, 0, 0, 0, 1, 0, 0, -38931/3352, 
      0, -3258/419, 0, 0, -3, 0, 0, 0, 0, 0, 0, 1, 0, 0, -38931/3352, 0, 
      -3258/419, 0, 0, -3, 0, 0, 0, -3, 0, 0, 0, 0, 0, 0, 0, 0, 1 ] ]

150. Candidate
   Symplectic group: S3
   Component: 2; corrigendum component, generic index 2
   Projective group ID: [ 36, 12 ]
   Strict linear group ID: [ 108, 42 ]
   Generic index: 2
   Generic full linear containment required: true
   Generic full linear containment verified: true
   Direct known case: false
   Source records: [ "S_3_corrigendum_generic_index=2_liftable.docx" ]
   Family number within this input: 7
   Strict cubic invariant dimension: 8
   Centralizer dimension: 7
   Expected moduli dimension: 1
   Determinant image order: 6
   Gonzalez status: passed
   Retained: true
   Gonzalez failure statuses: [  ]
   Matrix generators: 
[ [ [ 0, 1, 0, 0, 0, 0 ], [ 1, 0, 0, 0, 0, 0 ], [ 0, 0, 1, 0, 0, 0 ], 
      [ 0, 0, 0, 1, 0, 0 ], [ 0, 0, 0, 0, 1, 0 ], [ 0, 0, 0, 0, 0, -1 ] ], 
  [ [ 1, 0, 0, 0, 0, 0 ], [ 0, 1, 0, 0, 0, 0 ], [ 0, 0, 1, 0, 0, 0 ], 
      [ 0, 0, 0, 1, 0, 0 ], [ 0, 0, 0, 0, 1, 0 ], [ 0, 0, 0, 0, 0, -1 ] ], 
  [ [ 5840/7503*E(3)+1663/7503*E(3)^2, -1663/7503*E(3)+1663/7503*E(3)^2, 
          -1663/7503*E(3)+1663/7503*E(3)^2, 2095/5002*E(3)-2095/5002*E(3)^2, 
          -1676/7503*E(3)+1676/7503*E(3)^2, 0 ], 
      [ -1663/7503*E(3)+1663/7503*E(3)^2, 5840/7503*E(3)+1663/7503*E(3)^2, 
          -1663/7503*E(3)+1663/7503*E(3)^2, 2095/5002*E(3)-2095/5002*E(3)^2, 
          -1676/7503*E(3)+1676/7503*E(3)^2, 0 ], 
      [ -1663/7503*E(3)+1663/7503*E(3)^2, -1663/7503*E(3)+1663/7503*E(3)^2, 
          5840/7503*E(3)+1663/7503*E(3)^2, 2095/5002*E(3)-2095/5002*E(3)^2, 
          -1676/7503*E(3)+1676/7503*E(3)^2, 0 ], 
      [ 724/2501*E(3)-724/2501*E(3)^2, 724/2501*E(3)-724/2501*E(3)^2, 
          724/2501*E(3)-724/2501*E(3)^2, 2715/2501*E(3)-214/2501*E(3)^2, 
          -1448/2501*E(3)+1448/2501*E(3)^2, 0 ], 
      [ 526/2501*E(3)-526/2501*E(3)^2, 526/2501*E(3)-526/2501*E(3)^2, 
          526/2501*E(3)-526/2501*E(3)^2, 3945/5002*E(3)-3945/5002*E(3)^2, 
          -1052/2501*E(3)+3553/2501*E(3)^2, 0 ], [ 0, 0, 0, 0, 0, E(3) ] ], 
  [ [ 0, 1, 0, 0, 0, 0 ], [ 0, 0, 1, 0, 0, 0 ], [ 1, 0, 0, 0, 0, 0 ], 
      [ 0, 0, 0, 1, 0, 0 ], [ 0, 0, 0, 0, 1, 0 ], [ 0, 0, 0, 0, 0, 1 ] ], 
  [ [ E(3), 0, 0, 0, 0, 0 ], [ 0, E(3), 0, 0, 0, 0 ], [ 0, 0, E(3), 0, 0, 0 ],
      [ 0, 0, 0, E(3), 0, 0 ], [ 0, 0, 0, 0, E(3), 0 ], 
      [ 0, 0, 0, 0, 0, E(3) ] ] ]
   Cubic invariant basis strings: 
[ "(3375/512)*x5^3 + (675/64)*x4*x5^2 + (45/8)*x4^2*x5 + x4^3", 
  "(789/419)*x5*x6^2 + (1086/419)*x4*x6^2 + x3*x6^2 + x2*x6^2 + x1*x6^2", 
  "(675/128)*x5^3 + (45/8)*x4*x5^2 + (3/2)*x4^2*x5 + (225/64)*x3*x5^2 + (15/4)\
*x3*x4*x5 + x3*x4^2 + (225/64)*x2*x5^2 + (15/4)*x2*x4*x5 + x2*x4^2 + (225/64)*\
x1*x5^2 + (15/4)*x1*x4*x5 + x1*x4^2", 
  "(-37379882917/4707843776)*x5^3 + (-5872469523/588480472)*x4*x5^2 + (-245805\
783/73560059)*x4^2*x5 + (-6264521/2808976)*x3*x5^2 + (-301003/175561)*x3*x4*x5\
 + (-6264521/2808976)*x2*x5^2 + (-301003/175561)*x2*x4*x5 + (263/419)*x2*x3*x5\
 + (362/419)*x2*x3*x4 + (-6264521/2808976)*x1*x5^2 + (-301003/175561)*x1*x4*x5\
 + (263/419)*x1*x3*x5 + (362/419)*x1*x3*x4 + (263/419)*x1*x2*x5 + (362/419)*x1\
*x2*x4 + x1*x2*x3", 
  "(52404807/2808976)*x5^3 + (7501545/351122)*x4*x5^2 + (1179396/175561)*x4^2*\
x5 + (13815/1676)*x3*x5^2 + (2172/419)*x3*x4*x5 + x3^2*x5 + (13815/1676)*x2*x5\
^2 + (2172/419)*x2*x4*x5 + (2)*x2*x3*x5 + x2^2*x5 + (13815/1676)*x1*x5^2 + (21\
72/419)*x1*x4*x5 + (2)*x1*x3*x5 + (2)*x1*x2*x5 + x1^2*x5", 
  "(-691269165/22471808)*x5^3 + (-106202979/2808976)*x4*x5^2 + (-4422735/35112\
2)*x4^2*x5 + (-131805/13408)*x3*x5^2 + (-5631/838)*x3*x4*x5 + x3^2*x4 + (-1318\
05/13408)*x2*x5^2 + (-5631/838)*x2*x4*x5 + (2)*x2*x3*x4 + x2^2*x4 + (-131805/1\
3408)*x1*x5^2 + (-5631/838)*x1*x4*x5 + (2)*x1*x3*x4 + (2)*x1*x2*x4 + x1^2*x4",
  "(-50298075/2808976)*x5^3 + (-7501545/351122)*x4*x5^2 + (-1179396/175561)*x4\
^2*x5 + (-11301/1676)*x3*x5^2 + (-2172/419)*x3*x4*x5 + (-11301/1676)*x2*x5^2 +\
 (-2172/419)*x2*x4*x5 + x2*x3^2 + x2^2*x3 + (-11301/1676)*x1*x5^2 + (-2172/419\
)*x1*x4*x5 + x1*x3^2 + x1*x2^2 + x1^2*x3 + x1^2*x2", 
  "(12228742119/588480472)*x5^3 + (2046991626/73560059)*x4*x5^2 + (733584312/7\
3560059)*x4^2*x5 + (2294103/702244)*x3*x5^2 + (440916/175561)*x3*x4*x5 + x3^3 \
+ (2294103/702244)*x2*x5^2 + (440916/175561)*x2*x4*x5 + (-1578/419)*x2*x3*x5 +\
 (-2172/419)*x2*x3*x4 + x2^3 + (2294103/702244)*x1*x5^2 + (440916/175561)*x1*x\
4*x5 + (-1578/419)*x1*x3*x5 + (-2172/419)*x1*x3*x4 + (-1578/419)*x1*x2*x5 + (-\
2172/419)*x1*x2*x4 + x1^3" ]
   Cubic invariant basis vectors: 
[ [ 0, 0, 0, 3375/512, 0, 0, 675/64, 0, 45/8, 1, 0, 0, 0, 0, 0, 0, 0, 0, 0, 
      0, 0, 0, 0, 0, 0, 0, 0, 0, 0, 0, 0, 0, 0, 0, 0, 0, 0, 0, 0, 0, 0, 0, 0, 
      0, 0, 0, 0, 0, 0, 0, 0, 0, 0, 0, 0, 0 ], 
  [ 0, 789/419, 0, 0, 1086/419, 0, 0, 0, 0, 0, 1, 0, 0, 0, 0, 0, 0, 0, 0, 0, 
      1, 0, 0, 0, 0, 0, 0, 0, 0, 0, 0, 0, 0, 0, 0, 1, 0, 0, 0, 0, 0, 0, 0, 0, 
      0, 0, 0, 0, 0, 0, 0, 0, 0, 0, 0, 0 ], 
  [ 0, 0, 0, 675/128, 0, 0, 45/8, 0, 3/2, 0, 0, 0, 225/64, 0, 15/4, 1, 0, 0, 
      0, 0, 0, 0, 225/64, 0, 15/4, 1, 0, 0, 0, 0, 0, 0, 0, 0, 0, 0, 0, 
      225/64, 0, 15/4, 1, 0, 0, 0, 0, 0, 0, 0, 0, 0, 0, 0, 0, 0, 0, 0 ], 
  [ 0, 0, 0, -37379882917/4707843776, 0, 0, -5872469523/588480472, 0, 
      -245805783/73560059, 0, 0, 0, -6264521/2808976, 0, -301003/175561, 0, 
      0, 0, 0, 0, 0, 0, -6264521/2808976, 0, -301003/175561, 0, 0, 263/419, 
      362/419, 0, 0, 0, 0, 0, 0, 0, 0, -6264521/2808976, 0, -301003/175561, 
      0, 0, 263/419, 362/419, 0, 0, 263/419, 362/419, 1, 0, 0, 0, 0, 0, 0, 0 ]
    , [ 0, 0, 0, 52404807/2808976, 0, 0, 7501545/351122, 0, 1179396/175561, 
      0, 0, 0, 13815/1676, 0, 2172/419, 0, 0, 1, 0, 0, 0, 0, 13815/1676, 0, 
      2172/419, 0, 0, 2, 0, 0, 0, 1, 0, 0, 0, 0, 0, 13815/1676, 0, 2172/419, 
      0, 0, 2, 0, 0, 0, 2, 0, 0, 0, 0, 1, 0, 0, 0, 0 ], 
  [ 0, 0, 0, -691269165/22471808, 0, 0, -106202979/2808976, 0, 
      -4422735/351122, 0, 0, 0, -131805/13408, 0, -5631/838, 0, 0, 0, 1, 0, 
      0, 0, -131805/13408, 0, -5631/838, 0, 0, 0, 2, 0, 0, 0, 1, 0, 0, 0, 0, 
      -131805/13408, 0, -5631/838, 0, 0, 0, 2, 0, 0, 0, 2, 0, 0, 0, 0, 1, 0, 
      0, 0 ], 
  [ 0, 0, 0, -50298075/2808976, 0, 0, -7501545/351122, 0, -1179396/175561, 0, 
      0, 0, -11301/1676, 0, -2172/419, 0, 0, 0, 0, 0, 0, 0, -11301/1676, 0, 
      -2172/419, 0, 0, 0, 0, 1, 0, 0, 0, 1, 0, 0, 0, -11301/1676, 0, 
      -2172/419, 0, 0, 0, 0, 1, 0, 0, 0, 0, 1, 0, 0, 0, 1, 1, 0 ], 
  [ 0, 0, 0, 12228742119/588480472, 0, 0, 2046991626/73560059, 0, 
      733584312/73560059, 0, 0, 0, 2294103/702244, 0, 440916/175561, 0, 0, 0, 
      0, 1, 0, 0, 2294103/702244, 0, 440916/175561, 0, 0, -1578/419, 
      -2172/419, 0, 0, 0, 0, 0, 1, 0, 0, 2294103/702244, 0, 440916/175561, 0, 
      0, -1578/419, -2172/419, 0, 0, -1578/419, -2172/419, 0, 0, 0, 0, 0, 0, 
      0, 1 ] ]

151. Candidate
   Symplectic group: S3
   Component: 2; corrigendum component, generic index 2
   Projective group ID: [ 36, 12 ]
   Strict linear group ID: [ 108, 42 ]
   Generic index: 2
   Generic full linear containment required: true
   Generic full linear containment verified: true
   Direct known case: false
   Source records: [ "S_3_corrigendum_generic_index=2_liftable.docx" ]
   Family number within this input: 8
   Strict cubic invariant dimension: 7
   Centralizer dimension: 7
   Expected moduli dimension: 0
   Determinant image order: 6
   Gonzalez status: passed
   Retained: true
   Gonzalez failure statuses: [  ]
   Matrix generators: 
[ [ [ 0, 1, 0, 0, 0, 0 ], [ 1, 0, 0, 0, 0, 0 ], [ 0, 0, 1, 0, 0, 0 ], 
      [ 0, 0, 0, 1, 0, 0 ], [ 0, 0, 0, 0, 1, 0 ], [ 0, 0, 0, 0, 0, -1 ] ], 
  [ [ 1, 0, 0, 0, 0, 0 ], [ 0, 1, 0, 0, 0, 0 ], [ 0, 0, 1, 0, 0, 0 ], 
      [ 0, 0, 0, 1, 0, 0 ], [ 0, 0, 0, 0, 1, 0 ], [ 0, 0, 0, 0, 0, -1 ] ], 
  [ [ 15167/13323*E(3)-1844/13323*E(3)^2, 1844/13323*E(3)-1844/13323*E(3)^2, 
          1844/13323*E(3)-1844/13323*E(3)^2, 
          -3352/13323*E(3)+3352/13323*E(3)^2, 
          1676/13323*E(3)-1676/13323*E(3)^2, 0 ], 
      [ 1844/13323*E(3)-1844/13323*E(3)^2, 15167/13323*E(3)-1844/13323*E(3)^2,
          1844/13323*E(3)-1844/13323*E(3)^2, 
          -3352/13323*E(3)+3352/13323*E(3)^2, 
          1676/13323*E(3)-1676/13323*E(3)^2, 0 ], 
      [ 1844/13323*E(3)-1844/13323*E(3)^2, 1844/13323*E(3)-1844/13323*E(3)^2, 
          15167/13323*E(3)-1844/13323*E(3)^2, 
          -3352/13323*E(3)+3352/13323*E(3)^2, 
          1676/13323*E(3)-1676/13323*E(3)^2, 0 ], 
      [ 5430/4441*E(3)-5430/4441*E(3)^2, 5430/4441*E(3)-5430/4441*E(3)^2, 
          5430/4441*E(3)-5430/4441*E(3)^2, -2896/4441*E(3)+7337/4441*E(3)^2, 
          1448/4441*E(3)-1448/4441*E(3)^2, 0 ], 
      [ 3945/4441*E(3)-3945/4441*E(3)^2, 3945/4441*E(3)-3945/4441*E(3)^2, 
          3945/4441*E(3)-3945/4441*E(3)^2, -2104/4441*E(3)+2104/4441*E(3)^2, 
          1052/4441*E(3)+3389/4441*E(3)^2, 0 ], [ 0, 0, 0, 0, 0, 1 ] ], 
  [ [ 0, 1, 0, 0, 0, 0 ], [ 0, 0, 1, 0, 0, 0 ], [ 1, 0, 0, 0, 0, 0 ], 
      [ 0, 0, 0, 1, 0, 0 ], [ 0, 0, 0, 0, 1, 0 ], [ 0, 0, 0, 0, 0, 1 ] ], 
  [ [ E(3), 0, 0, 0, 0, 0 ], [ 0, E(3), 0, 0, 0, 0 ], [ 0, 0, E(3), 0, 0, 0 ],
      [ 0, 0, 0, E(3), 0, 0 ], [ 0, 0, 0, 0, E(3), 0 ], 
      [ 0, 0, 0, 0, 0, E(3) ] ] ]
   Cubic invariant basis strings: 
[ "(8)*x5^3 + (12)*x4*x5^2 + (6)*x4^2*x5 + x4^3", 
  "(-45)*x5^3 + (-45)*x4*x5^2 + (-45/4)*x4^2*x5 + (4)*x3*x5^2 + (4)*x3*x4*x5 +\
 x3*x4^2 + (4)*x2*x5^2 + (4)*x2*x4*x5 + x2*x4^2 + (4)*x1*x5^2 + (4)*x1*x4*x5 +\
 x1*x4^2", 
  "(2109522643/73560059)*x5^3 + (1976697018/73560059)*x4*x5^2 + (436474803/735\
60059)*x4^2*x5 + (-455007/175561)*x3*x5^2 + (-333764/175561)*x3*x4*x5 + (-4550\
07/175561)*x2*x5^2 + (-333764/175561)*x2*x4*x5 + (263/419)*x2*x3*x5 + (362/419\
)*x2*x3*x4 + (-455007/175561)*x1*x5^2 + (-333764/175561)*x1*x4*x5 + (263/419)*\
x1*x3*x5 + (362/419)*x1*x3*x4 + (263/419)*x1*x2*x5 + (362/419)*x1*x2*x4 + x1*x\
2*x3", 
  "(27080391/2808976)*x5^3 + (-3806973/351122)*x4*x5^2 + (1179396/175561)*x4^2\
*x5 + (-7011/1676)*x3*x5^2 + (2172/419)*x3*x4*x5 + x3^2*x5 + (-7011/1676)*x2*x\
5^2 + (2172/419)*x2*x4*x5 + (2)*x2*x3*x5 + x2^2*x5 + (-7011/1676)*x1*x5^2 + (2\
172/419)*x1*x4*x5 + (2)*x1*x3*x5 + (2)*x1*x2*x5 + x1^2*x5", 
  "(164215317/702244)*x5^3 + (416422593/2808976)*x4*x5^2 + (-2358792/175561)*x\
4^2*x5 + (-30699/838)*x3*x5^2 + (-27543/838)*x3*x4*x5 + x3^2*x4 + (-30699/838)\
*x2*x5^2 + (-27543/838)*x2*x4*x5 + (2)*x2*x3*x4 + x2^2*x4 + (-30699/838)*x1*x5\
^2 + (-27543/838)*x1*x4*x5 + (2)*x1*x3*x4 + (2)*x1*x2*x4 + x1^2*x4", 
  "(-342837315/1404488)*x5^3 + (-57104595/702244)*x4*x5^2 + (8845470/175561)*x\
4^2*x5 + (44415/838)*x3*x5^2 + (16290/419)*x3*x4*x5 + (44415/838)*x2*x5^2 + (1\
6290/419)*x2*x4*x5 + x2*x3^2 + x2^2*x3 + (44415/838)*x1*x5^2 + (16290/419)*x1*\
x4*x5 + x1*x3^2 + x1*x2^2 + x1^2*x3 + x1^2*x2", 
  "(-633460678683/1176960944)*x5^3 + (-166661932779/588480472)*x4*x5^2 + (2940\
529077/73560059)*x4^2*x5 + (66749823/702244)*x3*x5^2 + (12240849/175561)*x3*x4\
*x5 + x3^3 + (66749823/702244)*x2*x5^2 + (12240849/175561)*x2*x4*x5 + (-1578/4\
19)*x2*x3*x5 + (-2172/419)*x2*x3*x4 + x2^3 + (66749823/702244)*x1*x5^2 + (1224\
0849/175561)*x1*x4*x5 + (-1578/419)*x1*x3*x5 + (-2172/419)*x1*x3*x4 + (-1578/4\
19)*x1*x2*x5 + (-2172/419)*x1*x2*x4 + x1^3" ]
   Cubic invariant basis vectors: 
[ [ 0, 0, 0, 8, 0, 0, 12, 0, 6, 1, 0, 0, 0, 0, 0, 0, 0, 0, 0, 0, 0, 0, 0, 0, 
      0, 0, 0, 0, 0, 0, 0, 0, 0, 0, 0, 0, 0, 0, 0, 0, 0, 0, 0, 0, 0, 0, 0, 0, 
      0, 0, 0, 0, 0, 0, 0, 0 ], 
  [ 0, 0, 0, -45, 0, 0, -45, 0, -45/4, 0, 0, 0, 4, 0, 4, 1, 0, 0, 0, 0, 0, 0, 
      4, 0, 4, 1, 0, 0, 0, 0, 0, 0, 0, 0, 0, 0, 0, 4, 0, 4, 1, 0, 0, 0, 0, 0, 
      0, 0, 0, 0, 0, 0, 0, 0, 0, 0 ], 
  [ 0, 0, 0, 2109522643/73560059, 0, 0, 1976697018/73560059, 0, 
      436474803/73560059, 0, 0, 0, -455007/175561, 0, -333764/175561, 0, 0, 
      0, 0, 0, 0, 0, -455007/175561, 0, -333764/175561, 0, 0, 263/419, 
      362/419, 0, 0, 0, 0, 0, 0, 0, 0, -455007/175561, 0, -333764/175561, 0, 
      0, 263/419, 362/419, 0, 0, 263/419, 362/419, 1, 0, 0, 0, 0, 0, 0, 0 ], 
  [ 0, 0, 0, 27080391/2808976, 0, 0, -3806973/351122, 0, 1179396/175561, 0, 
      0, 0, -7011/1676, 0, 2172/419, 0, 0, 1, 0, 0, 0, 0, -7011/1676, 0, 
      2172/419, 0, 0, 2, 0, 0, 0, 1, 0, 0, 0, 0, 0, -7011/1676, 0, 2172/419, 
      0, 0, 2, 0, 0, 0, 2, 0, 0, 0, 0, 1, 0, 0, 0, 0 ], 
  [ 0, 0, 0, 164215317/702244, 0, 0, 416422593/2808976, 0, -2358792/175561, 
      0, 0, 0, -30699/838, 0, -27543/838, 0, 0, 0, 1, 0, 0, 0, -30699/838, 0, 
      -27543/838, 0, 0, 0, 2, 0, 0, 0, 1, 0, 0, 0, 0, -30699/838, 0, 
      -27543/838, 0, 0, 0, 2, 0, 0, 0, 2, 0, 0, 0, 0, 1, 0, 0, 0 ], 
  [ 0, 0, 0, -342837315/1404488, 0, 0, -57104595/702244, 0, 8845470/175561, 
      0, 0, 0, 44415/838, 0, 16290/419, 0, 0, 0, 0, 0, 0, 0, 44415/838, 0, 
      16290/419, 0, 0, 0, 0, 1, 0, 0, 0, 1, 0, 0, 0, 44415/838, 0, 16290/419, 
      0, 0, 0, 0, 1, 0, 0, 0, 0, 1, 0, 0, 0, 1, 1, 0 ], 
  [ 0, 0, 0, -633460678683/1176960944, 0, 0, -166661932779/588480472, 0, 
      2940529077/73560059, 0, 0, 0, 66749823/702244, 0, 12240849/175561, 0, 
      0, 0, 0, 1, 0, 0, 66749823/702244, 0, 12240849/175561, 0, 0, -1578/419, 
      -2172/419, 0, 0, 0, 0, 0, 1, 0, 0, 66749823/702244, 0, 12240849/175561, 
      0, 0, -1578/419, -2172/419, 0, 0, -1578/419, -2172/419, 0, 0, 0, 0, 0, 
      0, 0, 1 ] ]

152. Candidate
   Symplectic group: S3
   Component: 2; corrigendum component, generic index 2
   Projective group ID: [ 36, 12 ]
   Strict linear group ID: [ 108, 42 ]
   Generic index: 2
   Generic full linear containment required: true
   Generic full linear containment verified: true
   Direct known case: false
   Source records: [ "S_3_corrigendum_generic_index=2_liftable.docx" ]
   Family number within this input: 9
   Strict cubic invariant dimension: 7
   Centralizer dimension: 5
   Expected moduli dimension: 2
   Determinant image order: 6
   Gonzalez status: passed
   Retained: true
   Gonzalez failure statuses: [  ]
   Matrix generators: 
[ [ [ 0, 1, 0, 0, 0, 0 ], [ 1, 0, 0, 0, 0, 0 ], [ 0, 0, 1, 0, 0, 0 ], 
      [ 0, 0, 0, 1, 0, 0 ], [ 0, 0, 0, 0, 1, 0 ], [ 0, 0, 0, 0, 0, -1 ] ], 
  [ [ 1, 0, 0, 0, 0, 0 ], [ 0, 1, 0, 0, 0, 0 ], [ 0, 0, 1, 0, 0, 0 ], 
      [ 0, 0, 0, 1, 0, 0 ], [ 0, 0, 0, 0, 1, 0 ], [ 0, 0, 0, 0, 0, -1 ] ], 
  [ [ 1262/1995*E(3)-169/399*E(3)^2, -733/1995*E(3)-169/399*E(3)^2, 
          -733/1995*E(3)-169/399*E(3)^2, -4148/1995*E(3)-3539/3990*E(3)^2, 
          177/133*E(3)+167/665*E(3)^2, 0 ], 
      [ -733/1995*E(3)-169/399*E(3)^2, 1262/1995*E(3)-169/399*E(3)^2, 
          -733/1995*E(3)-169/399*E(3)^2, -4148/1995*E(3)-3539/3990*E(3)^2, 
          177/133*E(3)+167/665*E(3)^2, 0 ], 
      [ -733/1995*E(3)-169/399*E(3)^2, -733/1995*E(3)-169/399*E(3)^2, 
          1262/1995*E(3)-169/399*E(3)^2, -4148/1995*E(3)-3539/3990*E(3)^2, 
          177/133*E(3)+167/665*E(3)^2, 0 ], 
      [ -172/665*E(3)+128/133*E(3)^2, -172/665*E(3)+128/133*E(3)^2, 
          -172/665*E(3)+128/133*E(3)^2, 2143/665*E(3)+277/665*E(3)^2, 
          -292/133*E(3)+524/665*E(3)^2, 0 ], 
      [ -24/665*E(3)+222/133*E(3)^2, -24/665*E(3)+222/133*E(3)^2, 
          -24/665*E(3)+222/133*E(3)^2, 3191/665*E(3)+1763/1330*E(3)^2, 
          -415/133*E(3)+568/665*E(3)^2, 0 ], [ 0, 0, 0, 0, 0, E(3)^2 ] ], 
  [ [ 0, 1, 0, 0, 0, 0 ], [ 0, 0, 1, 0, 0, 0 ], [ 1, 0, 0, 0, 0, 0 ], 
      [ 0, 0, 0, 1, 0, 0 ], [ 0, 0, 0, 0, 1, 0 ], [ 0, 0, 0, 0, 0, 1 ] ], 
  [ [ E(3), 0, 0, 0, 0, 0 ], [ 0, E(3), 0, 0, 0, 0 ], [ 0, 0, E(3), 0, 0, 0 ],
      [ 0, 0, 0, E(3), 0, 0 ], [ 0, 0, 0, 0, E(3), 0 ], 
      [ 0, 0, 0, 0, 0, E(3) ] ] ]
   Cubic invariant basis strings: 
[ "(-204/29)*x5*x6^2 + (-132/29)*x4*x6^2 + x3*x6^2 + x2*x6^2 + x1*x6^2", 
  "(-29327926389877/3475625066931)*x5^3 + (-38370429308883/2317083377954)*x4*x\
5^2 + (-12848134454323/1158541688977)*x4^2*x5 + (-4418814/1746583)*x4^3 + (173\
29531/7959828)*x3*x5^2 + (3782833/1326638)*x3*x4*x5 + x3*x4^2 + (17329531/7959\
828)*x2*x5^2 + (3782833/1326638)*x2*x4*x5 + x2*x4^2 + (17329531/7959828)*x1*x5\
^2 + (3782833/1326638)*x1*x4*x5 + x1*x4^2", 
  "(2968090392191461/795918140327199)*x5^3 + (1848424774600620/265306046775733\
)*x4*x5^2 + (1164972153152704/265306046775733)*x4^2*x5 + (372079264/399967507)\
*x4^3 + (-185152219/455700153)*x3*x5^2 + (-38780752/151900051)*x3*x4*x5 + (-18\
5152219/455700153)*x2*x5^2 + (-38780752/151900051)*x2*x4*x5 + (-193/229)*x2*x3\
*x5 + (-164/229)*x2*x3*x4 + (-185152219/455700153)*x1*x5^2 + (-38780752/151900\
051)*x1*x4*x5 + (-193/229)*x1*x3*x5 + (-164/229)*x1*x3*x4 + (-193/229)*x1*x2*x\
5 + (-164/229)*x1*x2*x4 + x1*x2*x3", 
  "(5806849/663319)*x5^3 + (8570844/663319)*x4*x5^2 + (3171216/663319)*x4^2*x5\
 + (-3639193/663319)*x3*x5^2 + (-2629104/663319)*x3*x4*x5 + x3^2*x5 + (-363919\
3/663319)*x2*x5^2 + (-2629104/663319)*x2*x4*x5 + (2)*x2*x3*x5 + x2^2*x5 + (-36\
39193/663319)*x1*x5^2 + (-2629104/663319)*x1*x4*x5 + (2)*x1*x3*x5 + (2)*x1*x2*\
x5 + x1^2*x5", 
  "(-31179259114554/1158541688977)*x5^3 + (-54653257598022/1158541688977)*x4*x\
5^2 + (-31838360318676/1158541688977)*x4^2*x5 + (-9164112/1746583)*x4^3 + (921\
1731/1326638)*x3*x5^2 + (2926011/663319)*x3*x4*x5 + x3^2*x4 + (9211731/1326638\
)*x2*x5^2 + (2926011/663319)*x2*x4*x5 + (2)*x2*x3*x4 + x2^2*x4 + (9211731/1326\
638)*x1*x5^2 + (2926011/663319)*x1*x4*x5 + (2)*x1*x3*x4 + (2)*x1*x2*x4 + x1^2*\
x4", 
  "(-1640824099832/1158541688977)*x5^3 + (-4617551703456/1158541688977)*x4*x5^\
2 + (-5743124764224/1158541688977)*x4^2*x5 + (-3377088/1746583)*x4^3 + (-11541\
88/663319)*x3*x5^2 + (-1256712/663319)*x3*x4*x5 + (-1154188/663319)*x2*x5^2 + \
(-1256712/663319)*x2*x4*x5 + x2*x3^2 + x2^2*x3 + (-1154188/663319)*x1*x5^2 + (\
-1256712/663319)*x1*x4*x5 + x1*x3^2 + x1*x2^2 + x1^2*x3 + x1^2*x2", 
  "(-6499803862675214/265306046775733)*x5^3 + (-12676677657740856/265306046775\
733)*x4*x5^2 + (-8962596275427168/265306046775733)*x4^2*x5 + (-3392505312/3999\
67507)*x4^3 + (-26159140/151900051)*x3*x5^2 + (-198996060/151900051)*x3*x4*x5 \
+ x3^3 + (-26159140/151900051)*x2*x5^2 + (-198996060/151900051)*x2*x4*x5 + (11\
58/229)*x2*x3*x5 + (984/229)*x2*x3*x4 + x2^3 + (-26159140/151900051)*x1*x5^2 +\
 (-198996060/151900051)*x1*x4*x5 + (1158/229)*x1*x3*x5 + (984/229)*x1*x3*x4 + \
(1158/229)*x1*x2*x5 + (984/229)*x1*x2*x4 + x1^3" ]
   Cubic invariant basis vectors: 
[ [ 0, -204/29, 0, 0, -132/29, 0, 0, 0, 0, 0, 1, 0, 0, 0, 0, 0, 0, 0, 0, 0, 
      1, 0, 0, 0, 0, 0, 0, 0, 0, 0, 0, 0, 0, 0, 0, 1, 0, 0, 0, 0, 0, 0, 0, 0, 
      0, 0, 0, 0, 0, 0, 0, 0, 0, 0, 0, 0 ], 
  [ 0, 0, 0, -29327926389877/3475625066931, 0, 0, 
      -38370429308883/2317083377954, 0, -12848134454323/1158541688977, 
      -4418814/1746583, 0, 0, 17329531/7959828, 0, 3782833/1326638, 1, 0, 0, 
      0, 0, 0, 0, 17329531/7959828, 0, 3782833/1326638, 1, 0, 0, 0, 0, 0, 0, 
      0, 0, 0, 0, 0, 17329531/7959828, 0, 3782833/1326638, 1, 0, 0, 0, 0, 0, 
      0, 0, 0, 0, 0, 0, 0, 0, 0, 0 ], 
  [ 0, 0, 0, 2968090392191461/795918140327199, 0, 0, 
      1848424774600620/265306046775733, 0, 1164972153152704/265306046775733, 
      372079264/399967507, 0, 0, -185152219/455700153, 0, -38780752/151900051,
      0, 0, 0, 0, 0, 0, 0, -185152219/455700153, 0, -38780752/151900051, 0, 
      0, -193/229, -164/229, 0, 0, 0, 0, 0, 0, 0, 0, -185152219/455700153, 0, 
      -38780752/151900051, 0, 0, -193/229, -164/229, 0, 0, -193/229, 
      -164/229, 1, 0, 0, 0, 0, 0, 0, 0 ], 
  [ 0, 0, 0, 5806849/663319, 0, 0, 8570844/663319, 0, 3171216/663319, 0, 0, 
      0, -3639193/663319, 0, -2629104/663319, 0, 0, 1, 0, 0, 0, 0, 
      -3639193/663319, 0, -2629104/663319, 0, 0, 2, 0, 0, 0, 1, 0, 0, 0, 0, 
      0, -3639193/663319, 0, -2629104/663319, 0, 0, 2, 0, 0, 0, 2, 0, 0, 0, 
      0, 1, 0, 0, 0, 0 ], 
  [ 0, 0, 0, -31179259114554/1158541688977, 0, 0, 
      -54653257598022/1158541688977, 0, -31838360318676/1158541688977, 
      -9164112/1746583, 0, 0, 9211731/1326638, 0, 2926011/663319, 0, 0, 0, 1, 
      0, 0, 0, 9211731/1326638, 0, 2926011/663319, 0, 0, 0, 2, 0, 0, 0, 1, 0, 
      0, 0, 0, 9211731/1326638, 0, 2926011/663319, 0, 0, 0, 2, 0, 0, 0, 2, 0, 
      0, 0, 0, 1, 0, 0, 0 ], 
  [ 0, 0, 0, -1640824099832/1158541688977, 0, 0, -4617551703456/1158541688977,
      0, -5743124764224/1158541688977, -3377088/1746583, 0, 0, 
      -1154188/663319, 0, -1256712/663319, 0, 0, 0, 0, 0, 0, 0, 
      -1154188/663319, 0, -1256712/663319, 0, 0, 0, 0, 1, 0, 0, 0, 1, 0, 0, 
      0, -1154188/663319, 0, -1256712/663319, 0, 0, 0, 0, 1, 0, 0, 0, 0, 1, 
      0, 0, 0, 1, 1, 0 ], 
  [ 0, 0, 0, -6499803862675214/265306046775733, 0, 0, 
      -12676677657740856/265306046775733, 0, -8962596275427168/265306046775733
        , -3392505312/399967507, 0, 0, -26159140/151900051, 0, 
      -198996060/151900051, 0, 0, 0, 0, 1, 0, 0, -26159140/151900051, 0, 
      -198996060/151900051, 0, 0, 1158/229, 984/229, 0, 0, 0, 0, 0, 1, 0, 0, 
      -26159140/151900051, 0, -198996060/151900051, 0, 0, 1158/229, 984/229, 
      0, 0, 1158/229, 984/229, 0, 0, 0, 0, 0, 0, 0, 1 ] ]

153. Candidate
   Symplectic group: S3
   Component: 2; corrigendum component, generic index 2
   Projective group ID: [ 36, 12 ]
   Strict linear group ID: [ 108, 24 ]
   Generic index: 2
   Generic full linear containment required: true
   Generic full linear containment verified: true
   Direct known case: false
   Source records: [ "S_3_corrigendum_generic_index=2_liftable.docx" ]
   Family number within this input: 10
   Strict cubic invariant dimension: 7
   Centralizer dimension: 7
   Expected moduli dimension: 0
   Determinant image order: 6
   Gonzalez status: rejected
   Retained: false
   Gonzalez failure statuses: [ "forbidden_strict_invariant_spectrum", 
  "forbidden_strict_invariant_spectrum", "forbidden_strict_invariant_spectrum"
    , "forbidden_strict_invariant_spectrum", 
  "forbidden_strict_invariant_spectrum", "forbidden_strict_invariant_spectrum"
    , "forbidden_strict_invariant_spectrum", 
  "forbidden_strict_invariant_spectrum", "forbidden_strict_invariant_spectrum"
    , "forbidden_strict_invariant_spectrum", 
  "forbidden_strict_invariant_spectrum", 
  "forbidden_strict_invariant_spectrum" ]
   Matrix generators: 
[ [ [ 0, 1, 0, 0, 0, 0 ], [ 1, 0, 0, 0, 0, 0 ], [ 0, 0, 1, 0, 0, 0 ], 
      [ 0, 0, 0, 1, 0, 0 ], [ 0, 0, 0, 0, 1, 0 ], [ 0, 0, 0, 0, 0, -1 ] ], 
  [ [ 1, 0, 0, 0, 0, 0 ], [ 0, 1, 0, 0, 0, 0 ], [ 0, 0, 1, 0, 0, 0 ], 
      [ 0, 0, 0, 1, 0, 0 ], [ 0, 0, 0, 0, 1, 0 ], [ 0, 0, 0, 0, 0, -1 ] ], 
  [ 
      [ -2597/13323*E(9)^4-10726/13323*E(9)^7, 
          10726/13323*E(9)^4+2597/13323*E(9)^7, 
          10726/13323*E(9)^4+2597/13323*E(9)^7, 
          -3352/13323*E(9)^4+3352/13323*E(9)^7, 
          1676/13323*E(9)^4-1676/13323*E(9)^7, 0 ], 
      [ 10726/13323*E(9)^4+2597/13323*E(9)^7, 
          -2597/13323*E(9)^4-10726/13323*E(9)^7, 
          10726/13323*E(9)^4+2597/13323*E(9)^7, 
          -3352/13323*E(9)^4+3352/13323*E(9)^7, 
          1676/13323*E(9)^4-1676/13323*E(9)^7, 0 ], 
      [ 10726/13323*E(9)^4+2597/13323*E(9)^7, 
          10726/13323*E(9)^4+2597/13323*E(9)^7, 
          -2597/13323*E(9)^4-10726/13323*E(9)^7, 
          -3352/13323*E(9)^4+3352/13323*E(9)^7, 
          1676/13323*E(9)^4-1676/13323*E(9)^7, 0 ], 
      [ 5430/4441*E(9)^4-5430/4441*E(9)^7, 5430/4441*E(9)^4-5430/4441*E(9)^7, 
          5430/4441*E(9)^4-5430/4441*E(9)^7, 
          -2896/4441*E(9)^4+7337/4441*E(9)^7, 
          1448/4441*E(9)^4-1448/4441*E(9)^7, 0 ], 
      [ 3945/4441*E(9)^4-3945/4441*E(9)^7, 3945/4441*E(9)^4-3945/4441*E(9)^7, 
          3945/4441*E(9)^4-3945/4441*E(9)^7, 
          -2104/4441*E(9)^4+2104/4441*E(9)^7, 
          1052/4441*E(9)^4+3389/4441*E(9)^7, 0 ], 
      [ 0, 0, 0, 0, 0, -E(9)^4-E(9)^7 ] ], 
  [ [ 0, 1, 0, 0, 0, 0 ], [ 0, 0, 1, 0, 0, 0 ], [ 1, 0, 0, 0, 0, 0 ], 
      [ 0, 0, 0, 1, 0, 0 ], [ 0, 0, 0, 0, 1, 0 ], [ 0, 0, 0, 0, 0, 1 ] ], 
  [ [ E(3), 0, 0, 0, 0, 0 ], [ 0, E(3), 0, 0, 0, 0 ], [ 0, 0, E(3), 0, 0, 0 ],
      [ 0, 0, 0, E(3), 0, 0 ], [ 0, 0, 0, 0, E(3), 0 ], 
      [ 0, 0, 0, 0, 0, E(3) ] ] ]
   Cubic invariant basis strings: 
[ "(2)*x5*x6^2 + x4*x6^2", "(-45/4)*x5*x6^2 + x3*x6^2 + x2*x6^2 + x1*x6^2", 
  "(3156/419)*x5^3 + (7500/419)*x4*x5^2 + (5133/419)*x4^2*x5 + (1086/419)*x4^3\
 + (4)*x3*x5^2 + (4)*x3*x4*x5 + x3*x4^2 + (4)*x2*x5^2 + (4)*x2*x4*x5 + x2*x4^2\
 + (4)*x1*x5^2 + (4)*x1*x4*x5 + x1*x4^2", 
  "(-7243809/351122)*x5^3 + (-29469885/702244)*x4*x5^2 + (-7129047/351122)*x4^\
2*x5 + (-393132/175561)*x4^3 + (-8129/838)*x3*x5^2 + (-8129/1676)*x3*x4*x5 + (\
-8129/838)*x2*x5^2 + (-8129/1676)*x2*x4*x5 + (2)*x2*x3*x5 + x2*x3*x4 + (-8129/\
838)*x1*x5^2 + (-8129/1676)*x1*x4*x5 + (2)*x1*x3*x5 + x1*x3*x4 + (2)*x1*x2*x5 \
+ x1*x2*x4", 
  "(-7243809/351122)*x5^3 + (-29469885/702244)*x4*x5^2 + (-7129047/351122)*x4^\
2*x5 + (-393132/175561)*x4^3 + (-8129/838)*x3*x5^2 + (-8129/1676)*x3*x4*x5 + (\
2)*x3^2*x5 + x3^2*x4 + (-8129/838)*x2*x5^2 + (-8129/1676)*x2*x4*x5 + (2)*x2^2*\
x5 + x2^2*x4 + (-8129/838)*x1*x5^2 + (-8129/1676)*x1*x4*x5 + (2)*x1^2*x5 + x1^\
2*x4", 
  "(156433612167/1176960944)*x5^3 + (128356085745/588480472)*x4*x5^2 + (387107\
2521/73560059)*x4^2*x5 + (426941352/73560059)*x4^3 + (149457507/2808976)*x3*x5\
^2 + (-2411463/351122)*x3*x4*x5 + (-8129/1676)*x3^2*x5 + (149457507/2808976)*x\
2*x5^2 + (-2411463/351122)*x2*x4*x5 + (-35113/1676)*x2*x3*x5 + x2*x3^2 + (-812\
9/1676)*x2^2*x5 + x2^2*x3 + (149457507/2808976)*x1*x5^2 + (-2411463/351122)*x1\
*x4*x5 + (-35113/1676)*x1*x3*x5 + x1*x3^2 + (-35113/1676)*x1*x2*x5 + (3)*x1*x2\
*x3 + x1*x2^2 + (-8129/1676)*x1^2*x5 + x1^2*x3 + x1^2*x2", 
  "(-45/4)*x3^2*x5 + x3^3 + (45/4)*x2*x3*x5 + (-45/4)*x2^2*x5 + x2^3 + (45/4)*\
x1*x3*x5 + (45/4)*x1*x2*x5 + (-3)*x1*x2*x3 + (-45/4)*x1^2*x5 + x1^3" ]
   Cubic invariant basis vectors: 
[ [ 0, 2, 0, 0, 1, 0, 0, 0, 0, 0, 0, 0, 0, 0, 0, 0, 0, 0, 0, 0, 0, 0, 0, 0, 
      0, 0, 0, 0, 0, 0, 0, 0, 0, 0, 0, 0, 0, 0, 0, 0, 0, 0, 0, 0, 0, 0, 0, 0, 
      0, 0, 0, 0, 0, 0, 0, 0 ], 
  [ 0, -45/4, 0, 0, 0, 0, 0, 0, 0, 0, 1, 0, 0, 0, 0, 0, 0, 0, 0, 0, 1, 0, 0, 
      0, 0, 0, 0, 0, 0, 0, 0, 0, 0, 0, 0, 1, 0, 0, 0, 0, 0, 0, 0, 0, 0, 0, 0, 
      0, 0, 0, 0, 0, 0, 0, 0, 0 ], 
  [ 0, 0, 0, 3156/419, 0, 0, 7500/419, 0, 5133/419, 1086/419, 0, 0, 4, 0, 4, 
      1, 0, 0, 0, 0, 0, 0, 4, 0, 4, 1, 0, 0, 0, 0, 0, 0, 0, 0, 0, 0, 0, 4, 0, 
      4, 1, 0, 0, 0, 0, 0, 0, 0, 0, 0, 0, 0, 0, 0, 0, 0 ], 
  [ 0, 0, 0, -7243809/351122, 0, 0, -29469885/702244, 0, -7129047/351122, 
      -393132/175561, 0, 0, -8129/838, 0, -8129/1676, 0, 0, 0, 0, 0, 0, 0, 
      -8129/838, 0, -8129/1676, 0, 0, 2, 1, 0, 0, 0, 0, 0, 0, 0, 0, 
      -8129/838, 0, -8129/1676, 0, 0, 2, 1, 0, 0, 2, 1, 0, 0, 0, 0, 0, 0, 0, 
      0 ], 
  [ 0, 0, 0, -7243809/351122, 0, 0, -29469885/702244, 0, -7129047/351122, 
      -393132/175561, 0, 0, -8129/838, 0, -8129/1676, 0, 0, 2, 1, 0, 0, 0, 
      -8129/838, 0, -8129/1676, 0, 0, 0, 0, 0, 0, 2, 1, 0, 0, 0, 0, 
      -8129/838, 0, -8129/1676, 0, 0, 0, 0, 0, 0, 0, 0, 0, 0, 0, 2, 1, 0, 0, 
      0 ], [ 0, 0, 0, 156433612167/1176960944, 0, 0, 128356085745/588480472, 
      0, 3871072521/73560059, 426941352/73560059, 0, 0, 149457507/2808976, 0, 
      -2411463/351122, 0, 0, -8129/1676, 0, 0, 0, 0, 149457507/2808976, 0, 
      -2411463/351122, 0, 0, -35113/1676, 0, 1, 0, -8129/1676, 0, 1, 0, 0, 0, 
      149457507/2808976, 0, -2411463/351122, 0, 0, -35113/1676, 0, 1, 0, 
      -35113/1676, 0, 3, 1, 0, -8129/1676, 0, 1, 1, 0 ], 
  [ 0, 0, 0, 0, 0, 0, 0, 0, 0, 0, 0, 0, 0, 0, 0, 0, 0, -45/4, 0, 1, 0, 0, 0, 
      0, 0, 0, 0, 45/4, 0, 0, 0, -45/4, 0, 0, 1, 0, 0, 0, 0, 0, 0, 0, 45/4, 
      0, 0, 0, 45/4, 0, -3, 0, 0, -45/4, 0, 0, 0, 1 ] ]
   Gonzalez failures: [ rec(
      applicable := true,
      classIndex := 22,
      classSize := 2,
      linearOrder := 9,
      normalizingScalar := 1,
      ok := false,
      projectiveOrder := 3,
      projectivePowerScalar := E(3)^2,
      projectivePowerScalarExponent := 2,
      reason := "no_Gonzalez_strict_invariant_pattern_matches",
      status := "forbidden_strict_invariant_spectrum",
      testedCharacteristicPolynomial := 
       x1^6+(E(9)^2-E(9)^5)*x1^5+(E(9)^4-E(9)^7)*x1^4+E(3)*x1^3+(2*E(9)^2+E(9)\
^5)*x1^2+(2*E(9)^4+E(9)^7)*x1+E(3)^2 ), rec(
      applicable := true,
      classIndex := 23,
      classSize := 1,
      linearOrder := 9,
      normalizingScalar := 1,
      ok := false,
      projectiveOrder := 3,
      projectivePowerScalar := E(3)^2,
      projectivePowerScalarExponent := 2,
      reason := "no_Gonzalez_strict_invariant_pattern_matches",
      status := "forbidden_strict_invariant_spectrum",
      testedCharacteristicPolynomial := 
       x1^6+(E(9)^2+2*E(9)^5)*x1^5+(-2*E(9)^4-E(9)^7)*x1^4+E(3)*x1^3+(-E(9)^2+\
E(9)^5)*x1^2+(-E(9)^4-2*E(9)^7)*x1+E(3)^2 ), rec(
      applicable := true,
      classIndex := 30,
      classSize := 2,
      linearOrder := 9,
      normalizingScalar := 1,
      ok := false,
      projectiveOrder := 3,
      projectivePowerScalar := E(3),
      projectivePowerScalarExponent := 1,
      reason := "no_Gonzalez_strict_invariant_pattern_matches",
      status := "forbidden_strict_invariant_spectrum",
      testedCharacteristicPolynomial := 
       x1^6+(-E(9)^4+E(9)^7)*x1^5+(-E(9)^2+E(9)^5)*x1^4+E(3)^2*x1^3+(E(9)^4+2*\
E(9)^7)*x1^2+(E(9)^2+2*E(9)^5)*x1+E(3) ), rec(
      applicable := true,
      classIndex := 32,
      classSize := 1,
      linearOrder := 9,
      normalizingScalar := 1,
      ok := false,
      projectiveOrder := 3,
      projectivePowerScalar := E(3),
      projectivePowerScalarExponent := 1,
      reason := "no_Gonzalez_strict_invariant_pattern_matches",
      status := "forbidden_strict_invariant_spectrum",
      testedCharacteristicPolynomial := 
       x1^6+(-E(9)^4-2*E(9)^7)*x1^5+(2*E(9)^2+E(9)^5)*x1^4+E(3)^2*x1^3+(-2*E(9\
)^4-E(9)^7)*x1^2+(E(9)^2-E(9)^5)*x1+E(3) ), rec(
      applicable := true,
      classIndex := 33,
      classSize := 1,
      linearOrder := 9,
      normalizingScalar := 1,
      ok := false,
      projectiveOrder := 3,
      projectivePowerScalar := E(3),
      projectivePowerScalarExponent := 1,
      reason := "no_Gonzalez_strict_invariant_pattern_matches",
      status := "forbidden_strict_invariant_spectrum",
      testedCharacteristicPolynomial := 
       x1^6+(2*E(9)^4+E(9)^7)*x1^5+(-E(9)^2-2*E(9)^5)*x1^4+E(3)^2*x1^3+(E(9)^4\
-E(9)^7)*x1^2+(-2*E(9)^2-E(9)^5)*x1+E(3) ), rec(
      applicable := true,
      classIndex := 40,
      classSize := 2,
      linearOrder := 9,
      normalizingScalar := 1,
      ok := false,
      projectiveOrder := 3,
      projectivePowerScalar := E(3),
      projectivePowerScalarExponent := 1,
      reason := "no_Gonzalez_strict_invariant_pattern_matches",
      status := "forbidden_strict_invariant_spectrum",
      testedCharacteristicPolynomial := 
       x1^6+(2*E(9)^4+E(9)^7)*x1^5+(-E(9)^2-2*E(9)^5)*x1^4+E(3)^2*x1^3+(E(9)^4\
-E(9)^7)*x1^2+(-2*E(9)^2-E(9)^5)*x1+E(3) ), rec(
      applicable := true,
      classIndex := 41,
      classSize := 2,
      linearOrder := 9,
      normalizingScalar := 1,
      ok := false,
      projectiveOrder := 3,
      projectivePowerScalar := E(3),
      projectivePowerScalarExponent := 1,
      reason := "no_Gonzalez_strict_invariant_pattern_matches",
      status := "forbidden_strict_invariant_spectrum",
      testedCharacteristicPolynomial := 
       x1^6+(-E(9)^4-2*E(9)^7)*x1^5+(2*E(9)^2+E(9)^5)*x1^4+E(3)^2*x1^3+(-2*E(9\
)^4-E(9)^7)*x1^2+(E(9)^2-E(9)^5)*x1+E(3) ), rec(
      applicable := true,
      classIndex := 44,
      classSize := 1,
      linearOrder := 9,
      normalizingScalar := 1,
      ok := false,
      projectiveOrder := 3,
      projectivePowerScalar := E(3),
      projectivePowerScalarExponent := 1,
      reason := "no_Gonzalez_strict_invariant_pattern_matches",
      status := "forbidden_strict_invariant_spectrum",
      testedCharacteristicPolynomial := 
       x1^6+(-E(9)^4+E(9)^7)*x1^5+(-E(9)^2+E(9)^5)*x1^4+E(3)^2*x1^3+(E(9)^4+2*\
E(9)^7)*x1^2+(E(9)^2+2*E(9)^5)*x1+E(3) ), rec(
      applicable := true,
      classIndex := 46,
      classSize := 1,
      linearOrder := 9,
      normalizingScalar := 1,
      ok := false,
      projectiveOrder := 3,
      projectivePowerScalar := E(3)^2,
      projectivePowerScalarExponent := 2,
      reason := "no_Gonzalez_strict_invariant_pattern_matches",
      status := "forbidden_strict_invariant_spectrum",
      testedCharacteristicPolynomial := 
       x1^6+(-2*E(9)^2-E(9)^5)*x1^5+(E(9)^4+2*E(9)^7)*x1^4+E(3)*x1^3+(-E(9)^2-\
2*E(9)^5)*x1^2+(-E(9)^4+E(9)^7)*x1+E(3)^2 ), rec(
      applicable := true,
      classIndex := 47,
      classSize := 2,
      linearOrder := 9,
      normalizingScalar := 1,
      ok := false,
      projectiveOrder := 3,
      projectivePowerScalar := E(3)^2,
      projectivePowerScalarExponent := 2,
      reason := "no_Gonzalez_strict_invariant_pattern_matches",
      status := "forbidden_strict_invariant_spectrum",
      testedCharacteristicPolynomial := 
       x1^6+(-2*E(9)^2-E(9)^5)*x1^5+(E(9)^4+2*E(9)^7)*x1^4+E(3)*x1^3+(-E(9)^2-\
2*E(9)^5)*x1^2+(-E(9)^4+E(9)^7)*x1+E(3)^2 ), rec(
      applicable := true,
      classIndex := 52,
      classSize := 2,
      linearOrder := 9,
      normalizingScalar := 1,
      ok := false,
      projectiveOrder := 3,
      projectivePowerScalar := E(3)^2,
      projectivePowerScalarExponent := 2,
      reason := "no_Gonzalez_strict_invariant_pattern_matches",
      status := "forbidden_strict_invariant_spectrum",
      testedCharacteristicPolynomial := 
       x1^6+(E(9)^2+2*E(9)^5)*x1^5+(-2*E(9)^4-E(9)^7)*x1^4+E(3)*x1^3+(-E(9)^2+\
E(9)^5)*x1^2+(-E(9)^4-2*E(9)^7)*x1+E(3)^2 ), rec(
      applicable := true,
      classIndex := 54,
      classSize := 1,
      linearOrder := 9,
      normalizingScalar := 1,
      ok := false,
      projectiveOrder := 3,
      projectivePowerScalar := E(3)^2,
      projectivePowerScalarExponent := 2,
      reason := "no_Gonzalez_strict_invariant_pattern_matches",
      status := "forbidden_strict_invariant_spectrum",
      testedCharacteristicPolynomial := 
       x1^6+(E(9)^2-E(9)^5)*x1^5+(E(9)^4-E(9)^7)*x1^4+E(3)*x1^3+(2*E(9)^2+E(9)\
^5)*x1^2+(2*E(9)^4+E(9)^7)*x1+E(3)^2 ) ]

154. Candidate
   Symplectic group: S3
   Component: 2; corrigendum component, generic index 2
   Projective group ID: [ 36, 12 ]
   Strict linear group ID: [ 108, 24 ]
   Generic index: 2
   Generic full linear containment required: true
   Generic full linear containment verified: true
   Direct known case: false
   Source records: [ "S_3_corrigendum_generic_index=2_liftable.docx" ]
   Family number within this input: 11
   Strict cubic invariant dimension: 5
   Centralizer dimension: 5
   Expected moduli dimension: 0
   Determinant image order: 6
   Gonzalez status: rejected
   Retained: false
   Gonzalez failure statuses: [ "forbidden_strict_invariant_spectrum", 
  "forbidden_strict_invariant_spectrum", "forbidden_strict_invariant_spectrum"
    , "forbidden_strict_invariant_spectrum", 
  "forbidden_strict_invariant_spectrum", 
  "forbidden_strict_invariant_spectrum" ]
   Matrix generators: 
[ [ [ 0, 1, 0, 0, 0, 0 ], [ 1, 0, 0, 0, 0, 0 ], [ 0, 0, 1, 0, 0, 0 ], 
      [ 0, 0, 0, 1, 0, 0 ], [ 0, 0, 0, 0, 1, 0 ], [ 0, 0, 0, 0, 0, -1 ] ], 
  [ [ 1, 0, 0, 0, 0, 0 ], [ 0, 1, 0, 0, 0, 0 ], [ 0, 0, 1, 0, 0, 0 ], 
      [ 0, 0, 0, 1, 0, 0 ], [ 0, 0, 0, 0, 1, 0 ], [ 0, 0, 0, 0, 0, -1 ] ], 
  [ [ -68/1995*E(9)^4+97/399*E(9)^7, -68/1995*E(9)^4-302/399*E(9)^7, 
          -68/1995*E(9)^4-302/399*E(9)^7, -4148/1995*E(9)^4-3539/3990*E(9)^7, 
          177/133*E(9)^4+167/665*E(9)^7, 0 ], 
      [ -68/1995*E(9)^4-302/399*E(9)^7, -68/1995*E(9)^4+97/399*E(9)^7, 
          -68/1995*E(9)^4-302/399*E(9)^7, -4148/1995*E(9)^4-3539/3990*E(9)^7, 
          177/133*E(9)^4+167/665*E(9)^7, 0 ], 
      [ -68/1995*E(9)^4-302/399*E(9)^7, -68/1995*E(9)^4-302/399*E(9)^7, 
          -68/1995*E(9)^4+97/399*E(9)^7, -4148/1995*E(9)^4-3539/3990*E(9)^7, 
          177/133*E(9)^4+167/665*E(9)^7, 0 ], 
      [ -172/665*E(9)^4+128/133*E(9)^7, -172/665*E(9)^4+128/133*E(9)^7, 
          -172/665*E(9)^4+128/133*E(9)^7, 2143/665*E(9)^4+277/665*E(9)^7, 
          -292/133*E(9)^4+524/665*E(9)^7, 0 ], 
      [ -24/665*E(9)^4+222/133*E(9)^7, -24/665*E(9)^4+222/133*E(9)^7, 
          -24/665*E(9)^4+222/133*E(9)^7, 3191/665*E(9)^4+1763/1330*E(9)^7, 
          -415/133*E(9)^4+568/665*E(9)^7, 0 ], [ 0, 0, 0, 0, 0, E(9)^7 ] ], 
  [ [ 0, 1, 0, 0, 0, 0 ], [ 0, 0, 1, 0, 0, 0 ], [ 1, 0, 0, 0, 0, 0 ], 
      [ 0, 0, 0, 1, 0, 0 ], [ 0, 0, 0, 0, 1, 0 ], [ 0, 0, 0, 0, 0, 1 ] ], 
  [ [ E(3), 0, 0, 0, 0, 0 ], [ 0, E(3), 0, 0, 0, 0 ], [ 0, 0, E(3), 0, 0, 0 ],
      [ 0, 0, 0, E(3), 0, 0 ], [ 0, 0, 0, 0, E(3), 0 ], 
      [ 0, 0, 0, 0, 0, E(3) ] ] ]
   Cubic invariant basis strings: 
[ "(-579/229)*x5*x6^2 + (-492/229)*x4*x6^2 + x3*x6^2 + x2*x6^2 + x1*x6^2", 
  "(-5861093458086/3050552175889)*x5^3 + (-38134978696656/3050552175889)*x4*x5\
^2 + (-39419737770384/3050552175889)*x4^2*x5 + (-10999541059920/3050552175889)\
*x4^3 + (-4876174406553/3050552175889)*x3*x5^2 + (9210476440356/3050552175889)\
*x3*x4*x5 + (7518091449540/3050552175889)*x3*x4^2 + x3^2*x5 + (-4876174406553/\
3050552175889)*x2*x5^2 + (9210476440356/3050552175889)*x2*x4*x5 + (75180914495\
40/3050552175889)*x2*x4^2 + (2)*x2*x3*x5 + x2^2*x5 + (-4876174406553/305055217\
5889)*x1*x5^2 + (9210476440356/3050552175889)*x1*x4*x5 + (7518091449540/305055\
2175889)*x1*x4^2 + (2)*x1*x3*x5 + (2)*x1*x2*x5 + x1^2*x5", 
  "(130891465021485/6101104351778)*x5^3 + (180343920770259/3050552175889)*x4*x\
5^2 + (147477147061704/3050552175889)*x4^2*x5 + (37507171438416/3050552175889)\
*x4^3 + (-53389508148235/6101104351778)*x3*x5^2 + (-61188277553958/30505521758\
89)*x3*x4*x5 + (-27758714457864/3050552175889)*x3*x4^2 + x3^2*x4 + (-533895081\
48235/6101104351778)*x2*x5^2 + (-61188277553958/3050552175889)*x2*x4*x5 + (-27\
758714457864/3050552175889)*x2*x4^2 + (2)*x2*x3*x4 + x2^2*x4 + (-5338950814823\
5/6101104351778)*x1*x5^2 + (-61188277553958/3050552175889)*x1*x4*x5 + (-277587\
14457864/3050552175889)*x1*x4^2 + (2)*x1*x3*x4 + (2)*x1*x2*x4 + x1^2*x4", 
  "(43884735291948/3050552175889)*x5^3 + (95663131775112/3050552175889)*x4*x5^\
2 + (69483307848816/3050552175889)*x4^2*x5 + (16968294591936/3050552175889)*x4\
^3 + (-17383398369748/3050552175889)*x3*x5^2 + (-23222692218408/3050552175889)\
*x3*x4*x5 + (-8020699630032/3050552175889)*x3*x4^2 + (-17383398369748/30505521\
75889)*x2*x5^2 + (-23222692218408/3050552175889)*x2*x4*x5 + (-8020699630032/30\
50552175889)*x2*x4^2 + (-579/229)*x2*x3*x5 + (-492/229)*x2*x3*x4 + x2*x3^2 + x\
2^2*x3 + (-17383398369748/3050552175889)*x1*x5^2 + (-23222692218408/3050552175\
889)*x1*x4*x5 + (-8020699630032/3050552175889)*x1*x4^2 + (-579/229)*x1*x3*x5 +\
 (-492/229)*x1*x3*x4 + x1*x3^2 + (-579/229)*x1*x2*x5 + (-492/229)*x1*x2*x4 + (\
3)*x1*x2*x3 + x1*x2^2 + x1^2*x3 + x1^2*x2", 
  "(125789202109404/3050552175889)*x5^3 + (291043914207876/3050552175889)*x4*x\
5^2 + (217182219149808/3050552175889)*x4^2*x5 + (52772026524048/3050552175889)\
*x4^3 + (-69681764130393/3050552175889)*x3*x5^2 + (-108173653701228/3050552175\
889)*x3*x4*x5 + (-40630185868932/3050552175889)*x3*x4^2 + x3^3 + (-69681764130\
393/3050552175889)*x2*x5^2 + (-108173653701228/3050552175889)*x2*x4*x5 + (-406\
30185868932/3050552175889)*x2*x4^2 + (1737/229)*x2*x3*x5 + (1476/229)*x2*x3*x4\
 + x2^3 + (-69681764130393/3050552175889)*x1*x5^2 + (-108173653701228/30505521\
75889)*x1*x4*x5 + (-40630185868932/3050552175889)*x1*x4^2 + (1737/229)*x1*x3*x\
5 + (1476/229)*x1*x3*x4 + (1737/229)*x1*x2*x5 + (1476/229)*x1*x2*x4 + (-3)*x1*\
x2*x3 + x1^3" ]
   Cubic invariant basis vectors: 
[ [ 0, -579/229, 0, 0, -492/229, 0, 0, 0, 0, 0, 1, 0, 0, 0, 0, 0, 0, 0, 0, 0, 
      1, 0, 0, 0, 0, 0, 0, 0, 0, 0, 0, 0, 0, 0, 0, 1, 0, 0, 0, 0, 0, 0, 0, 0, 
      0, 0, 0, 0, 0, 0, 0, 0, 0, 0, 0, 0 ], 
  [ 0, 0, 0, -5861093458086/3050552175889, 0, 0, 
      -38134978696656/3050552175889, 0, -39419737770384/3050552175889, 
      -10999541059920/3050552175889, 0, 0, -4876174406553/3050552175889, 0, 
      9210476440356/3050552175889, 7518091449540/3050552175889, 0, 1, 0, 0, 
      0, 0, -4876174406553/3050552175889, 0, 9210476440356/3050552175889, 
      7518091449540/3050552175889, 0, 2, 0, 0, 0, 1, 0, 0, 0, 0, 0, 
      -4876174406553/3050552175889, 0, 9210476440356/3050552175889, 
      7518091449540/3050552175889, 0, 2, 0, 0, 0, 2, 0, 0, 0, 0, 1, 0, 0, 0, 
      0 ], 
  [ 0, 0, 0, 130891465021485/6101104351778, 0, 0, 
      180343920770259/3050552175889, 0, 147477147061704/3050552175889, 
      37507171438416/3050552175889, 0, 0, -53389508148235/6101104351778, 0, 
      -61188277553958/3050552175889, -27758714457864/3050552175889, 0, 0, 1, 
      0, 0, 0, -53389508148235/6101104351778, 0, 
      -61188277553958/3050552175889, -27758714457864/3050552175889, 0, 0, 2, 
      0, 0, 0, 1, 0, 0, 0, 0, -53389508148235/6101104351778, 0, 
      -61188277553958/3050552175889, -27758714457864/3050552175889, 0, 0, 2, 
      0, 0, 0, 2, 0, 0, 0, 0, 1, 0, 0, 0 ], 
  [ 0, 0, 0, 43884735291948/3050552175889, 0, 0, 95663131775112/3050552175889,
      0, 69483307848816/3050552175889, 16968294591936/3050552175889, 0, 0, 
      -17383398369748/3050552175889, 0, -23222692218408/3050552175889, 
      -8020699630032/3050552175889, 0, 0, 0, 0, 0, 0, 
      -17383398369748/3050552175889, 0, -23222692218408/3050552175889, 
      -8020699630032/3050552175889, 0, -579/229, -492/229, 1, 0, 0, 0, 1, 0, 
      0, 0, -17383398369748/3050552175889, 0, -23222692218408/3050552175889, 
      -8020699630032/3050552175889, 0, -579/229, -492/229, 1, 0, -579/229, 
      -492/229, 3, 1, 0, 0, 0, 1, 1, 0 ], 
  [ 0, 0, 0, 125789202109404/3050552175889, 0, 0, 
      291043914207876/3050552175889, 0, 217182219149808/3050552175889, 
      52772026524048/3050552175889, 0, 0, -69681764130393/3050552175889, 0, 
      -108173653701228/3050552175889, -40630185868932/3050552175889, 0, 0, 0, 
      1, 0, 0, -69681764130393/3050552175889, 0, 
      -108173653701228/3050552175889, -40630185868932/3050552175889, 0, 
      1737/229, 1476/229, 0, 0, 0, 0, 0, 1, 0, 0, 
      -69681764130393/3050552175889, 0, -108173653701228/3050552175889, 
      -40630185868932/3050552175889, 0, 1737/229, 1476/229, 0, 0, 1737/229, 
      1476/229, -3, 0, 0, 0, 0, 0, 0, 1 ] ]
   Gonzalez failures: [ rec(
      applicable := true,
      classIndex := 23,
      classSize := 1,
      linearOrder := 9,
      normalizingScalar := 1,
      ok := false,
      projectiveOrder := 3,
      projectivePowerScalar := E(3)^2,
      projectivePowerScalarExponent := 2,
      reason := "no_Gonzalez_strict_invariant_pattern_matches",
      status := "forbidden_strict_invariant_spectrum",
      testedCharacteristicPolynomial := 
       x1^6+(3*E(9)^2+3*E(9)^5)*x1^5+3*E(9)^7*x1^4+(-2*E(3)^2)*x1^3+3*E(9)^5*x\
1^2+(-3*E(9)^4)*x1+E(3) ), rec(
      applicable := true,
      classIndex := 31,
      classSize := 1,
      linearOrder := 9,
      normalizingScalar := 1,
      ok := false,
      projectiveOrder := 3,
      projectivePowerScalar := E(3),
      projectivePowerScalarExponent := 1,
      reason := "no_Gonzalez_strict_invariant_pattern_matches",
      status := "forbidden_strict_invariant_spectrum",
      testedCharacteristicPolynomial := 
       x1^6+(3*E(9)^4+3*E(9)^7)*x1^5+3*E(9)^2*x1^4+(-2*E(3))*x1^3+3*E(9)^4*x1^\
2+(-3*E(9)^5)*x1+E(3)^2 ), rec(
      applicable := true,
      classIndex := 40,
      classSize := 1,
      linearOrder := 9,
      normalizingScalar := 1,
      ok := false,
      projectiveOrder := 3,
      projectivePowerScalar := E(3),
      projectivePowerScalarExponent := 1,
      reason := "no_Gonzalez_strict_invariant_pattern_matches",
      status := "forbidden_strict_invariant_spectrum",
      testedCharacteristicPolynomial := 
       x1^6+(-3*E(9)^7)*x1^5+3*E(9)^5*x1^4+(-2*E(3))*x1^3+(-3*E(9)^4-3*E(9)^7)\
*x1^2+(3*E(9)^2+3*E(9)^5)*x1+E(3)^2 ), rec(
      applicable := true,
      classIndex := 42,
      classSize := 1,
      linearOrder := 9,
      normalizingScalar := 1,
      ok := false,
      projectiveOrder := 3,
      projectivePowerScalar := E(3),
      projectivePowerScalarExponent := 1,
      reason := "no_Gonzalez_strict_invariant_pattern_matches",
      status := "forbidden_strict_invariant_spectrum",
      testedCharacteristicPolynomial := 
       x1^6+(-3*E(9)^4)*x1^5+(-3*E(9)^2-3*E(9)^5)*x1^4+(-2*E(3))*x1^3+3*E(9)^7\
*x1^2+(-3*E(9)^2)*x1+E(3)^2 ), rec(
      applicable := true,
      classIndex := 50,
      classSize := 1,
      linearOrder := 9,
      normalizingScalar := 1,
      ok := false,
      projectiveOrder := 3,
      projectivePowerScalar := E(3)^2,
      projectivePowerScalarExponent := 2,
      reason := "no_Gonzalez_strict_invariant_pattern_matches",
      status := "forbidden_strict_invariant_spectrum",
      testedCharacteristicPolynomial := 
       x1^6+(-3*E(9)^5)*x1^5+(-3*E(9)^4-3*E(9)^7)*x1^4+(-2*E(3)^2)*x1^3+3*E(9)\
^2*x1^2+(-3*E(9)^7)*x1+E(3) ), rec(
      applicable := true,
      classIndex := 52,
      classSize := 1,
      linearOrder := 9,
      normalizingScalar := 1,
      ok := false,
      projectiveOrder := 3,
      projectivePowerScalar := E(3)^2,
      projectivePowerScalarExponent := 2,
      reason := "no_Gonzalez_strict_invariant_pattern_matches",
      status := "forbidden_strict_invariant_spectrum",
      testedCharacteristicPolynomial := 
       x1^6+(-3*E(9)^2)*x1^5+3*E(9)^4*x1^4+(-2*E(3)^2)*x1^3+(-3*E(9)^2-3*E(9)^\
5)*x1^2+(3*E(9)^4+3*E(9)^7)*x1+E(3) ) ]

155. Candidate
   Symplectic group: S3
   Component: 2; corrigendum component, generic index 2
   Projective group ID: [ 36, 12 ]
   Strict linear group ID: [ 108, 24 ]
   Generic index: 2
   Generic full linear containment required: true
   Generic full linear containment verified: true
   Direct known case: false
   Source records: [ "S_3_corrigendum_generic_index=2_liftable.docx" ]
   Family number within this input: 12
   Strict cubic invariant dimension: 5
   Centralizer dimension: 5
   Expected moduli dimension: 0
   Determinant image order: 6
   Gonzalez status: rejected
   Retained: false
   Gonzalez failure statuses: [ "forbidden_strict_invariant_spectrum", 
  "forbidden_strict_invariant_spectrum", "forbidden_strict_invariant_spectrum"
    , "forbidden_strict_invariant_spectrum", 
  "forbidden_strict_invariant_spectrum", "forbidden_strict_invariant_spectrum"
    , "forbidden_strict_invariant_spectrum", 
  "forbidden_strict_invariant_spectrum", "forbidden_strict_invariant_spectrum"
    , "forbidden_strict_invariant_spectrum", 
  "forbidden_strict_invariant_spectrum", 
  "forbidden_strict_invariant_spectrum" ]
   Matrix generators: 
[ [ [ 0, 1, 0, 0, 0, 0 ], [ 1, 0, 0, 0, 0, 0 ], [ 0, 0, 1, 0, 0, 0 ], 
      [ 0, 0, 0, 1, 0, 0 ], [ 0, 0, 0, 0, 1, 0 ], [ 0, 0, 0, 0, 0, -1 ] ], 
  [ [ 1, 0, 0, 0, 0, 0 ], [ 0, 1, 0, 0, 0, 0 ], [ 0, 0, 1, 0, 0, 0 ], 
      [ 0, 0, 0, 1, 0, 0 ], [ 0, 0, 0, 0, 1, 0 ], [ 0, 0, 0, 0, 0, -1 ] ], 
  [ [ -466/665*E(9)^4-145/133*E(9)^7, 199/665*E(9)^4-12/133*E(9)^7, 
          199/665*E(9)^4-12/133*E(9)^7, -4148/1995*E(9)^4-3539/3990*E(9)^7, 
          177/133*E(9)^4+167/665*E(9)^7, 0 ], 
      [ 199/665*E(9)^4-12/133*E(9)^7, -466/665*E(9)^4-145/133*E(9)^7, 
          199/665*E(9)^4-12/133*E(9)^7, -4148/1995*E(9)^4-3539/3990*E(9)^7, 
          177/133*E(9)^4+167/665*E(9)^7, 0 ], 
      [ 199/665*E(9)^4-12/133*E(9)^7, 199/665*E(9)^4-12/133*E(9)^7, 
          -466/665*E(9)^4-145/133*E(9)^7, -4148/1995*E(9)^4-3539/3990*E(9)^7, 
          177/133*E(9)^4+167/665*E(9)^7, 0 ], 
      [ -172/665*E(9)^4+128/133*E(9)^7, -172/665*E(9)^4+128/133*E(9)^7, 
          -172/665*E(9)^4+128/133*E(9)^7, 2143/665*E(9)^4+277/665*E(9)^7, 
          -292/133*E(9)^4+524/665*E(9)^7, 0 ], 
      [ -24/665*E(9)^4+222/133*E(9)^7, -24/665*E(9)^4+222/133*E(9)^7, 
          -24/665*E(9)^4+222/133*E(9)^7, 3191/665*E(9)^4+1763/1330*E(9)^7, 
          -415/133*E(9)^4+568/665*E(9)^7, 0 ], [ 0, 0, 0, 0, 0, E(9)^7 ] ], 
  [ [ 0, 1, 0, 0, 0, 0 ], [ 0, 0, 1, 0, 0, 0 ], [ 1, 0, 0, 0, 0, 0 ], 
      [ 0, 0, 0, 1, 0, 0 ], [ 0, 0, 0, 0, 1, 0 ], [ 0, 0, 0, 0, 0, 1 ] ], 
  [ [ E(3), 0, 0, 0, 0, 0 ], [ 0, E(3), 0, 0, 0, 0 ], [ 0, 0, E(3), 0, 0, 0 ],
      [ 0, 0, 0, E(3), 0, 0 ], [ 0, 0, 0, 0, E(3), 0 ], 
      [ 0, 0, 0, 0, 0, E(3) ] ] ]
   Cubic invariant basis strings: 
[ "(-579/229)*x5*x6^2 + (-492/229)*x4*x6^2 + x3*x6^2 + x2*x6^2 + x1*x6^2", 
  "(-5861093458086/3050552175889)*x5^3 + (-38134978696656/3050552175889)*x4*x5\
^2 + (-39419737770384/3050552175889)*x4^2*x5 + (-10999541059920/3050552175889)\
*x4^3 + (-4876174406553/3050552175889)*x3*x5^2 + (9210476440356/3050552175889)\
*x3*x4*x5 + (7518091449540/3050552175889)*x3*x4^2 + x3^2*x5 + (-4876174406553/\
3050552175889)*x2*x5^2 + (9210476440356/3050552175889)*x2*x4*x5 + (75180914495\
40/3050552175889)*x2*x4^2 + (2)*x2*x3*x5 + x2^2*x5 + (-4876174406553/305055217\
5889)*x1*x5^2 + (9210476440356/3050552175889)*x1*x4*x5 + (7518091449540/305055\
2175889)*x1*x4^2 + (2)*x1*x3*x5 + (2)*x1*x2*x5 + x1^2*x5", 
  "(130891465021485/6101104351778)*x5^3 + (180343920770259/3050552175889)*x4*x\
5^2 + (147477147061704/3050552175889)*x4^2*x5 + (37507171438416/3050552175889)\
*x4^3 + (-53389508148235/6101104351778)*x3*x5^2 + (-61188277553958/30505521758\
89)*x3*x4*x5 + (-27758714457864/3050552175889)*x3*x4^2 + x3^2*x4 + (-533895081\
48235/6101104351778)*x2*x5^2 + (-61188277553958/3050552175889)*x2*x4*x5 + (-27\
758714457864/3050552175889)*x2*x4^2 + (2)*x2*x3*x4 + x2^2*x4 + (-5338950814823\
5/6101104351778)*x1*x5^2 + (-61188277553958/3050552175889)*x1*x4*x5 + (-277587\
14457864/3050552175889)*x1*x4^2 + (2)*x1*x3*x4 + (2)*x1*x2*x4 + x1^2*x4", 
  "(260749489698/3050552175889)*x5^3 + (8472460792032/3050552175889)*x4*x5^2 +\
 (10551439439136/3050552175889)*x4^2*x5 + (3443564885616/3050552175889)*x4^3 +\
 (11325520675527/3050552175889)*x3*x5^2 + (11959830608652/3050552175889)*x3*x4\
*x5 + (2923947065748/3050552175889)*x3*x4^2 + (11325520675527/3050552175889)*x\
2*x5^2 + (11959830608652/3050552175889)*x2*x4*x5 + (2923947065748/305055217588\
9)*x2*x4^2 + (-204/29)*x2*x3*x5 + (-132/29)*x2*x3*x4 + x2*x3^2 + x2^2*x3 + (11\
325520675527/3050552175889)*x1*x5^2 + (11959830608652/3050552175889)*x1*x4*x5 \
+ (2923947065748/3050552175889)*x1*x4^2 + (-204/29)*x1*x3*x5 + (-132/29)*x1*x3\
*x4 + x1*x3^2 + (-204/29)*x1*x2*x5 + (-132/29)*x1*x2*x4 + (3)*x1*x2*x3 + x1*x2\
^2 + x1^2*x3 + x1^2*x2", 
  "(256661159516154/3050552175889)*x5^3 + (552615927157116/3050552175889)*x4*x\
5^2 + (393977824378848/3050552175889)*x4^2*x5 + (93346215643008/3050552175889)\
*x4^3 + (-155808521266218/3050552175889)*x3*x5^2 + (-213721222182408/305055217\
5889)*x3*x4*x5 + (-73464125956272/3050552175889)*x3*x4^2 + x3^3 + (-1558085212\
66218/3050552175889)*x2*x5^2 + (-213721222182408/3050552175889)*x2*x4*x5 + (-7\
3464125956272/3050552175889)*x2*x4^2 + (612/29)*x2*x3*x5 + (396/29)*x2*x3*x4 +\
 x2^3 + (-155808521266218/3050552175889)*x1*x5^2 + (-213721222182408/305055217\
5889)*x1*x4*x5 + (-73464125956272/3050552175889)*x1*x4^2 + (612/29)*x1*x3*x5 +\
 (396/29)*x1*x3*x4 + (612/29)*x1*x2*x5 + (396/29)*x1*x2*x4 + (-3)*x1*x2*x3 + x\
1^3" ]
   Cubic invariant basis vectors: 
[ [ 0, -579/229, 0, 0, -492/229, 0, 0, 0, 0, 0, 1, 0, 0, 0, 0, 0, 0, 0, 0, 0, 
      1, 0, 0, 0, 0, 0, 0, 0, 0, 0, 0, 0, 0, 0, 0, 1, 0, 0, 0, 0, 0, 0, 0, 0, 
      0, 0, 0, 0, 0, 0, 0, 0, 0, 0, 0, 0 ], 
  [ 0, 0, 0, -5861093458086/3050552175889, 0, 0, 
      -38134978696656/3050552175889, 0, -39419737770384/3050552175889, 
      -10999541059920/3050552175889, 0, 0, -4876174406553/3050552175889, 0, 
      9210476440356/3050552175889, 7518091449540/3050552175889, 0, 1, 0, 0, 
      0, 0, -4876174406553/3050552175889, 0, 9210476440356/3050552175889, 
      7518091449540/3050552175889, 0, 2, 0, 0, 0, 1, 0, 0, 0, 0, 0, 
      -4876174406553/3050552175889, 0, 9210476440356/3050552175889, 
      7518091449540/3050552175889, 0, 2, 0, 0, 0, 2, 0, 0, 0, 0, 1, 0, 0, 0, 
      0 ], 
  [ 0, 0, 0, 130891465021485/6101104351778, 0, 0, 
      180343920770259/3050552175889, 0, 147477147061704/3050552175889, 
      37507171438416/3050552175889, 0, 0, -53389508148235/6101104351778, 0, 
      -61188277553958/3050552175889, -27758714457864/3050552175889, 0, 0, 1, 
      0, 0, 0, -53389508148235/6101104351778, 0, 
      -61188277553958/3050552175889, -27758714457864/3050552175889, 0, 0, 2, 
      0, 0, 0, 1, 0, 0, 0, 0, -53389508148235/6101104351778, 0, 
      -61188277553958/3050552175889, -27758714457864/3050552175889, 0, 0, 2, 
      0, 0, 0, 2, 0, 0, 0, 0, 1, 0, 0, 0 ], 
  [ 0, 0, 0, 260749489698/3050552175889, 0, 0, 8472460792032/3050552175889, 
      0, 10551439439136/3050552175889, 3443564885616/3050552175889, 0, 0, 
      11325520675527/3050552175889, 0, 11959830608652/3050552175889, 
      2923947065748/3050552175889, 0, 0, 0, 0, 0, 0, 
      11325520675527/3050552175889, 0, 11959830608652/3050552175889, 
      2923947065748/3050552175889, 0, -204/29, -132/29, 1, 0, 0, 0, 1, 0, 0, 
      0, 11325520675527/3050552175889, 0, 11959830608652/3050552175889, 
      2923947065748/3050552175889, 0, -204/29, -132/29, 1, 0, -204/29, 
      -132/29, 3, 1, 0, 0, 0, 1, 1, 0 ], 
  [ 0, 0, 0, 256661159516154/3050552175889, 0, 0, 
      552615927157116/3050552175889, 0, 393977824378848/3050552175889, 
      93346215643008/3050552175889, 0, 0, -155808521266218/3050552175889, 0, 
      -213721222182408/3050552175889, -73464125956272/3050552175889, 0, 0, 0, 
      1, 0, 0, -155808521266218/3050552175889, 0, 
      -213721222182408/3050552175889, -73464125956272/3050552175889, 0, 
      612/29, 396/29, 0, 0, 0, 0, 0, 1, 0, 0, -155808521266218/3050552175889, 
      0, -213721222182408/3050552175889, -73464125956272/3050552175889, 0, 
      612/29, 396/29, 0, 0, 612/29, 396/29, -3, 0, 0, 0, 0, 0, 0, 1 ] ]
   Gonzalez failures: [ rec(
      applicable := true,
      classIndex := 20,
      classSize := 1,
      linearOrder := 9,
      normalizingScalar := 1,
      ok := false,
      projectiveOrder := 3,
      projectivePowerScalar := E(3)^2,
      projectivePowerScalarExponent := 2,
      reason := "no_Gonzalez_strict_invariant_pattern_matches",
      status := "forbidden_strict_invariant_spectrum",
      testedCharacteristicPolynomial := 
       x1^6+(E(9)^2+2*E(9)^5)*x1^5+(-2*E(9)^4-E(9)^7)*x1^4+E(3)*x1^3+(-E(9)^2+\
E(9)^5)*x1^2+(-E(9)^4-2*E(9)^7)*x1+E(3)^2 ), rec(
      applicable := true,
      classIndex := 26,
      classSize := 2,
      linearOrder := 9,
      normalizingScalar := 1,
      ok := false,
      projectiveOrder := 3,
      projectivePowerScalar := E(3)^2,
      projectivePowerScalarExponent := 2,
      reason := "no_Gonzalez_strict_invariant_pattern_matches",
      status := "forbidden_strict_invariant_spectrum",
      testedCharacteristicPolynomial := 
       x1^6+(E(9)^2-E(9)^5)*x1^5+(E(9)^4-E(9)^7)*x1^4+E(3)*x1^3+(2*E(9)^2+E(9)\
^5)*x1^2+(2*E(9)^4+E(9)^7)*x1+E(3)^2 ), rec(
      applicable := true,
      classIndex := 28,
      classSize := 2,
      linearOrder := 9,
      normalizingScalar := 1,
      ok := false,
      projectiveOrder := 3,
      projectivePowerScalar := E(3)^2,
      projectivePowerScalarExponent := 2,
      reason := "no_Gonzalez_strict_invariant_pattern_matches",
      status := "forbidden_strict_invariant_spectrum",
      testedCharacteristicPolynomial := 
       x1^6+(-2*E(9)^2-E(9)^5)*x1^5+(E(9)^4+2*E(9)^7)*x1^4+E(3)*x1^3+(-E(9)^2-\
2*E(9)^5)*x1^2+(-E(9)^4+E(9)^7)*x1+E(3)^2 ), rec(
      applicable := true,
      classIndex := 30,
      classSize := 1,
      linearOrder := 9,
      normalizingScalar := 1,
      ok := false,
      projectiveOrder := 3,
      projectivePowerScalar := E(3),
      projectivePowerScalarExponent := 1,
      reason := "no_Gonzalez_strict_invariant_pattern_matches",
      status := "forbidden_strict_invariant_spectrum",
      testedCharacteristicPolynomial := 
       x1^6+(2*E(9)^4+E(9)^7)*x1^5+(-E(9)^2-2*E(9)^5)*x1^4+E(3)^2*x1^3+(E(9)^4\
-E(9)^7)*x1^2+(-2*E(9)^2-E(9)^5)*x1+E(3) ), rec(
      applicable := true,
      classIndex := 36,
      classSize := 2,
      linearOrder := 9,
      normalizingScalar := 1,
      ok := false,
      projectiveOrder := 3,
      projectivePowerScalar := E(3),
      projectivePowerScalarExponent := 1,
      reason := "no_Gonzalez_strict_invariant_pattern_matches",
      status := "forbidden_strict_invariant_spectrum",
      testedCharacteristicPolynomial := 
       x1^6+(-E(9)^4+E(9)^7)*x1^5+(-E(9)^2+E(9)^5)*x1^4+E(3)^2*x1^3+(E(9)^4+2*\
E(9)^7)*x1^2+(E(9)^2+2*E(9)^5)*x1+E(3) ), rec(
      applicable := true,
      classIndex := 38,
      classSize := 1,
      linearOrder := 9,
      normalizingScalar := 1,
      ok := false,
      projectiveOrder := 3,
      projectivePowerScalar := E(3),
      projectivePowerScalarExponent := 1,
      reason := "no_Gonzalez_strict_invariant_pattern_matches",
      status := "forbidden_strict_invariant_spectrum",
      testedCharacteristicPolynomial := 
       x1^6+(-E(9)^4-2*E(9)^7)*x1^5+(2*E(9)^2+E(9)^5)*x1^4+E(3)^2*x1^3+(-2*E(9\
)^4-E(9)^7)*x1^2+(E(9)^2-E(9)^5)*x1+E(3) ), rec(
      applicable := true,
      classIndex := 41,
      classSize := 2,
      linearOrder := 9,
      normalizingScalar := 1,
      ok := false,
      projectiveOrder := 3,
      projectivePowerScalar := E(3),
      projectivePowerScalarExponent := 1,
      reason := "no_Gonzalez_strict_invariant_pattern_matches",
      status := "forbidden_strict_invariant_spectrum",
      testedCharacteristicPolynomial := 
       x1^6+(2*E(9)^4+E(9)^7)*x1^5+(-E(9)^2-2*E(9)^5)*x1^4+E(3)^2*x1^3+(E(9)^4\
-E(9)^7)*x1^2+(-2*E(9)^2-E(9)^5)*x1+E(3) ), rec(
      applicable := true,
      classIndex := 44,
      classSize := 2,
      linearOrder := 9,
      normalizingScalar := 1,
      ok := false,
      projectiveOrder := 3,
      projectivePowerScalar := E(3),
      projectivePowerScalarExponent := 1,
      reason := "no_Gonzalez_strict_invariant_pattern_matches",
      status := "forbidden_strict_invariant_spectrum",
      testedCharacteristicPolynomial := 
       x1^6+(-E(9)^4-2*E(9)^7)*x1^5+(2*E(9)^2+E(9)^5)*x1^4+E(3)^2*x1^3+(-2*E(9\
)^4-E(9)^7)*x1^2+(E(9)^2-E(9)^5)*x1+E(3) ), rec(
      applicable := true,
      classIndex := 45,
      classSize := 1,
      linearOrder := 9,
      normalizingScalar := 1,
      ok := false,
      projectiveOrder := 3,
      projectivePowerScalar := E(3),
      projectivePowerScalarExponent := 1,
      reason := "no_Gonzalez_strict_invariant_pattern_matches",
      status := "forbidden_strict_invariant_spectrum",
      testedCharacteristicPolynomial := 
       x1^6+(-E(9)^4+E(9)^7)*x1^5+(-E(9)^2+E(9)^5)*x1^4+E(3)^2*x1^3+(E(9)^4+2*\
E(9)^7)*x1^2+(E(9)^2+2*E(9)^5)*x1+E(3) ), rec(
      applicable := true,
      classIndex := 49,
      classSize := 2,
      linearOrder := 9,
      normalizingScalar := 1,
      ok := false,
      projectiveOrder := 3,
      projectivePowerScalar := E(3)^2,
      projectivePowerScalarExponent := 2,
      reason := "no_Gonzalez_strict_invariant_pattern_matches",
      status := "forbidden_strict_invariant_spectrum",
      testedCharacteristicPolynomial := 
       x1^6+(E(9)^2+2*E(9)^5)*x1^5+(-2*E(9)^4-E(9)^7)*x1^4+E(3)*x1^3+(-E(9)^2+\
E(9)^5)*x1^2+(-E(9)^4-2*E(9)^7)*x1+E(3)^2 ), rec(
      applicable := true,
      classIndex := 51,
      classSize := 1,
      linearOrder := 9,
      normalizingScalar := 1,
      ok := false,
      projectiveOrder := 3,
      projectivePowerScalar := E(3)^2,
      projectivePowerScalarExponent := 2,
      reason := "no_Gonzalez_strict_invariant_pattern_matches",
      status := "forbidden_strict_invariant_spectrum",
      testedCharacteristicPolynomial := 
       x1^6+(E(9)^2-E(9)^5)*x1^5+(E(9)^4-E(9)^7)*x1^4+E(3)*x1^3+(2*E(9)^2+E(9)\
^5)*x1^2+(2*E(9)^4+E(9)^7)*x1+E(3)^2 ), rec(
      applicable := true,
      classIndex := 54,
      classSize := 1,
      linearOrder := 9,
      normalizingScalar := 1,
      ok := false,
      projectiveOrder := 3,
      projectivePowerScalar := E(3)^2,
      projectivePowerScalarExponent := 2,
      reason := "no_Gonzalez_strict_invariant_pattern_matches",
      status := "forbidden_strict_invariant_spectrum",
      testedCharacteristicPolynomial := 
       x1^6+(-2*E(9)^2-E(9)^5)*x1^5+(E(9)^4+2*E(9)^7)*x1^4+E(3)*x1^3+(-E(9)^2-\
2*E(9)^5)*x1^2+(-E(9)^4+E(9)^7)*x1+E(3)^2 ) ]

156. Candidate
   Symplectic group: S3
   Component: 2; corrigendum component, generic index 2
   Projective group ID: [ 48, 4 ]
   Strict linear group ID: [ 144, 69 ]
   Generic index: 2
   Generic full linear containment required: true
   Generic full linear containment verified: true
   Direct known case: false
   Source records: [ "S_3_corrigendum_generic_index=2_liftable.docx" ]
   Family number within this input: 1
   Strict cubic invariant dimension: 5
   Centralizer dimension: 5
   Expected moduli dimension: 0
   Determinant image order: 8
   Gonzalez status: passed
   Retained: true
   Gonzalez failure statuses: [  ]
   Matrix generators: 
[ [ [ 0, 1, 0, 0, 0, 0 ], [ 1, 0, 0, 0, 0, 0 ], [ 0, 0, 1, 0, 0, 0 ], 
      [ 0, 0, 0, 1, 0, 0 ], [ 0, 0, 0, 0, 1, 0 ], [ 0, 0, 0, 0, 0, -1 ] ], 
  [ [ 1856/1995+37/95*E(4), -139/1995+37/95*E(4), -139/1995+37/95*E(4), 
          263/266-4757/3990*E(4), -1052/1995+718/665*E(4), 0 ], 
      [ -139/1995+37/95*E(4), 1856/1995+37/95*E(4), -139/1995+37/95*E(4), 
          263/266-4757/3990*E(4), -1052/1995+718/665*E(4), 0 ], 
      [ -139/1995+37/95*E(4), -139/1995+37/95*E(4), 1856/1995+37/95*E(4), 
          263/266-4757/3990*E(4), -1052/1995+718/665*E(4), 0 ], 
      [ -156/665-116/95*E(4), -156/665-116/95*E(4), -156/665-116/95*E(4), 
          -117/133+1866/665*E(4), 312/665-1984/665*E(4), 0 ], 
      [ -362/665-162/95*E(4), -362/665-162/95*E(4), -362/665-162/95*E(4), 
          -543/266+4619/1330*E(4), 724/665-2643/665*E(4), 0 ], 
      [ 0, 0, 0, 0, 0, -E(8)^3 ] ], 
  [ [ 1717/1995, -278/1995, -278/1995, 263/133, -2104/1995, 0 ], 
      [ -278/1995, 1717/1995, -278/1995, 263/133, -2104/1995, 0 ], 
      [ -278/1995, -278/1995, 1717/1995, 263/133, -2104/1995, 0 ], 
      [ -312/665, -312/665, -312/665, -367/133, 624/665, 0 ], 
      [ -724/665, -724/665, -724/665, -543/133, 783/665, 0 ], 
      [ 0, 0, 0, 0, 0, -E(4) ] ], 
  [ [ 1, 0, 0, 0, 0, 0 ], [ 0, 1, 0, 0, 0, 0 ], [ 0, 0, 1, 0, 0, 0 ], 
      [ 0, 0, 0, 1, 0, 0 ], [ 0, 0, 0, 0, 1, 0 ], [ 0, 0, 0, 0, 0, -1 ] ], 
  [ [ 0, 1, 0, 0, 0, 0 ], [ 0, 0, 1, 0, 0, 0 ], [ 1, 0, 0, 0, 0, 0 ], 
      [ 0, 0, 0, 1, 0, 0 ], [ 0, 0, 0, 0, 1, 0 ], [ 0, 0, 0, 0, 0, 1 ] ], 
  [ [ E(3), 0, 0, 0, 0, 0 ], [ 0, E(3), 0, 0, 0, 0 ], [ 0, 0, E(3), 0, 0, 0 ],
      [ 0, 0, 0, E(3), 0, 0 ], [ 0, 0, 0, 0, E(3), 0 ], 
      [ 0, 0, 0, 0, 0, E(3) ] ] ]
   Cubic invariant basis strings: 
[ "(-579/229)*x5*x6^2 + (-492/229)*x4*x6^2 + x3*x6^2 + x2*x6^2 + x1*x6^2", 
  "(-5929741/18191447)*x5^3 + (-7666074/18191447)*x4*x5^2 + (-3303612/18191447\
)*x4^2*x5 + (-474552/18191447)*x4^3 + (32761/69169)*x3*x5^2 + (28236/69169)*x3\
*x4*x5 + (6084/69169)*x3*x4^2 + (32761/69169)*x2*x5^2 + (28236/69169)*x2*x4*x5\
 + (6084/69169)*x2*x4^2 + (-181/263)*x2*x3*x5 + (-78/263)*x2*x3*x4 + (32761/69\
169)*x1*x5^2 + (28236/69169)*x1*x4*x5 + (6084/69169)*x1*x4^2 + (-181/263)*x1*x\
3*x5 + (-78/263)*x1*x3*x4 + (-181/263)*x1*x2*x5 + (-78/263)*x1*x2*x4 + x1*x2*x\
3", 
  "(563583501/99326684)*x5^3 + (599618295/49663342)*x4*x5^2 + (196674837/24831\
671)*x4^2*x5 + (40353534/24831671)*x4^3 + (-474731/94417)*x3*x5^2 + (-1456029/\
188834)*x3*x4*x5 + (-256457/94417)*x3*x4^2 + (4757/4308)*x3^2*x5 + x3^2*x4 + (\
-474731/94417)*x2*x5^2 + (-1456029/188834)*x2*x4*x5 + (-256457/94417)*x2*x4^2 \
+ (4757/2154)*x2*x3*x5 + (2)*x2*x3*x4 + (4757/4308)*x2^2*x5 + x2^2*x4 + (-4747\
31/94417)*x1*x5^2 + (-1456029/188834)*x1*x4*x5 + (-256457/94417)*x1*x4^2 + (47\
57/2154)*x1*x3*x5 + (2)*x1*x3*x4 + (4757/2154)*x1*x2*x5 + (2)*x1*x2*x4 + (4757\
/4308)*x1^2*x5 + x1^2*x4", 
  "(9207094425/6530729473)*x5^3 + (30257503614/6530729473)*x4*x5^2 + (23565294\
324/6530729473)*x4^2*x5 + (5272966296/6530729473)*x4^3 + (-3490842/24831671)*x\
3*x5^2 + (-52749918/24831671)*x3*x4*x5 + (-26902356/24831671)*x3*x4^2 + (-259/\
359)*x3^2*x5 + (-3490842/24831671)*x2*x5^2 + (-52749918/24831671)*x2*x4*x5 + (\
-26902356/24831671)*x2*x4^2 + (-518/359)*x2*x3*x5 + x2*x3^2 + (-259/359)*x2^2*\
x5 + x2^2*x3 + (-3490842/24831671)*x1*x5^2 + (-52749918/24831671)*x1*x4*x5 + (\
-26902356/24831671)*x1*x4^2 + (-518/359)*x1*x3*x5 + x1*x3^2 + (-518/359)*x1*x2\
*x5 + x1*x2^2 + (-259/359)*x1^2*x5 + x1^2*x3 + x1^2*x2", 
  "(53166607503/13061458946)*x5^3 + (61898978817/6530729473)*x4*x5^2 + (424639\
21734/6530729473)*x4^2*x5 + (8931634452/6530729473)*x4^3 + (-75803457/24831671\
)*x3*x5^2 + (-139945221/24831671)*x3*x4*x5 + (-53458470/24831671)*x3*x4^2 + (-\
777/718)*x3^2*x5 + x3^3 + (-75803457/24831671)*x2*x5^2 + (-139945221/24831671)\
*x2*x4*x5 + (-53458470/24831671)*x2*x4^2 + (185523/94417)*x2*x3*x5 + (468/263)\
*x2*x3*x4 + (-777/718)*x2^2*x5 + x2^3 + (-75803457/24831671)*x1*x5^2 + (-13994\
5221/24831671)*x1*x4*x5 + (-53458470/24831671)*x1*x4^2 + (185523/94417)*x1*x3*\
x5 + (468/263)*x1*x3*x4 + (185523/94417)*x1*x2*x5 + (468/263)*x1*x2*x4 + (-777\
/718)*x1^2*x5 + x1^3" ]
   Cubic invariant basis vectors: 
[ [ 0, -579/229, 0, 0, -492/229, 0, 0, 0, 0, 0, 1, 0, 0, 0, 0, 0, 0, 0, 0, 0, 
      1, 0, 0, 0, 0, 0, 0, 0, 0, 0, 0, 0, 0, 0, 0, 1, 0, 0, 0, 0, 0, 0, 0, 0, 
      0, 0, 0, 0, 0, 0, 0, 0, 0, 0, 0, 0 ], 
  [ 0, 0, 0, -5929741/18191447, 0, 0, -7666074/18191447, 0, -3303612/18191447,
      -474552/18191447, 0, 0, 32761/69169, 0, 28236/69169, 6084/69169, 0, 0, 
      0, 0, 0, 0, 32761/69169, 0, 28236/69169, 6084/69169, 0, -181/263, 
      -78/263, 0, 0, 0, 0, 0, 0, 0, 0, 32761/69169, 0, 28236/69169, 
      6084/69169, 0, -181/263, -78/263, 0, 0, -181/263, -78/263, 1, 0, 0, 0, 
      0, 0, 0, 0 ], 
  [ 0, 0, 0, 563583501/99326684, 0, 0, 599618295/49663342, 0, 
      196674837/24831671, 40353534/24831671, 0, 0, -474731/94417, 0, 
      -1456029/188834, -256457/94417, 0, 4757/4308, 1, 0, 0, 0, 
      -474731/94417, 0, -1456029/188834, -256457/94417, 0, 4757/2154, 2, 0, 
      0, 4757/4308, 1, 0, 0, 0, 0, -474731/94417, 0, -1456029/188834, 
      -256457/94417, 0, 4757/2154, 2, 0, 0, 4757/2154, 2, 0, 0, 0, 4757/4308, 
      1, 0, 0, 0 ], 
  [ 0, 0, 0, 9207094425/6530729473, 0, 0, 30257503614/6530729473, 0, 
      23565294324/6530729473, 5272966296/6530729473, 0, 0, -3490842/24831671, 
      0, -52749918/24831671, -26902356/24831671, 0, -259/359, 0, 0, 0, 0, 
      -3490842/24831671, 0, -52749918/24831671, -26902356/24831671, 0, 
      -518/359, 0, 1, 0, -259/359, 0, 1, 0, 0, 0, -3490842/24831671, 0, 
      -52749918/24831671, -26902356/24831671, 0, -518/359, 0, 1, 0, -518/359, 
      0, 0, 1, 0, -259/359, 0, 1, 1, 0 ], 
  [ 0, 0, 0, 53166607503/13061458946, 0, 0, 61898978817/6530729473, 0, 
      42463921734/6530729473, 8931634452/6530729473, 0, 0, -75803457/24831671,
      0, -139945221/24831671, -53458470/24831671, 0, -777/718, 0, 1, 0, 0, 
      -75803457/24831671, 0, -139945221/24831671, -53458470/24831671, 0, 
      185523/94417, 468/263, 0, 0, -777/718, 0, 0, 1, 0, 0, 
      -75803457/24831671, 0, -139945221/24831671, -53458470/24831671, 0, 
      185523/94417, 468/263, 0, 0, 185523/94417, 468/263, 0, 0, 0, -777/718, 
      0, 0, 0, 1 ] ]

157. Candidate
   Symplectic group: S3
   Component: 2; corrigendum component, generic index 2
   Projective group ID: [ 48, 4 ]
   Strict linear group ID: [ 144, 69 ]
   Generic index: 2
   Generic full linear containment required: true
   Generic full linear containment verified: true
   Direct known case: false
   Source records: [ "S_3_corrigendum_generic_index=2_liftable.docx" ]
   Family number within this input: 2
   Strict cubic invariant dimension: 5
   Centralizer dimension: 5
   Expected moduli dimension: 0
   Determinant image order: 8
   Gonzalez status: passed
   Retained: true
   Gonzalez failure statuses: [  ]
   Matrix generators: 
[ [ [ 0, 1, 0, 0, 0, 0 ], [ 1, 0, 0, 0, 0, 0 ], [ 0, 0, 1, 0, 0, 0 ], 
      [ 0, 0, 0, 1, 0, 0 ], [ 0, 0, 0, 0, 1, 0 ], [ 0, 0, 0, 0, 0, -1 ] ], 
  [ [ 466/665+319/1995*E(4), -199/665+319/1995*E(4), -199/665+319/1995*E(4), 
          4148/1995-29/285*E(4), -177/133+29/105*E(4), 0 ], 
      [ -199/665+319/1995*E(4), 466/665+319/1995*E(4), -199/665+319/1995*E(4),
          4148/1995-29/285*E(4), -177/133+29/105*E(4), 0 ], 
      [ -199/665+319/1995*E(4), -199/665+319/1995*E(4), 466/665+319/1995*E(4),
          4148/1995-29/285*E(4), -177/133+29/105*E(4), 0 ], 
      [ 172/665-484/665*E(4), 172/665-484/665*E(4), 172/665-484/665*E(4), 
          -2143/665+44/95*E(4), 292/133-44/35*E(4), 0 ], 
      [ 24/665-748/665*E(4), 24/665-748/665*E(4), 24/665-748/665*E(4), 
          -3191/665+68/95*E(4), 415/133-68/35*E(4), 0 ], 
      [ 0, 0, 0, 0, 0, -E(8)^3 ] ], 
  [ [ 2633/1995, 638/1995, 638/1995, -58/285, 58/105, 0 ], 
      [ 638/1995, 2633/1995, 638/1995, -58/285, 58/105, 0 ], 
      [ 638/1995, 638/1995, 2633/1995, -58/285, 58/105, 0 ], 
      [ -968/665, -968/665, -968/665, 183/95, -88/35, 0 ], 
      [ -1496/665, -1496/665, -1496/665, 136/95, -101/35, 0 ], 
      [ 0, 0, 0, 0, 0, -E(4) ] ], 
  [ [ 1, 0, 0, 0, 0, 0 ], [ 0, 1, 0, 0, 0, 0 ], [ 0, 0, 1, 0, 0, 0 ], 
      [ 0, 0, 0, 1, 0, 0 ], [ 0, 0, 0, 0, 1, 0 ], [ 0, 0, 0, 0, 0, -1 ] ], 
  [ [ 0, 1, 0, 0, 0, 0 ], [ 0, 0, 1, 0, 0, 0 ], [ 1, 0, 0, 0, 0, 0 ], 
      [ 0, 0, 0, 1, 0, 0 ], [ 0, 0, 0, 0, 1, 0 ], [ 0, 0, 0, 0, 0, 1 ] ], 
  [ [ E(3), 0, 0, 0, 0, 0 ], [ 0, E(3), 0, 0, 0, 0 ], [ 0, 0, E(3), 0, 0, 0 ],
      [ 0, 0, 0, E(3), 0, 0 ], [ 0, 0, 0, 0, E(3), 0 ], 
      [ 0, 0, 0, 0, 0, E(3) ] ] ]
   Cubic invariant basis strings: 
[ 
  "(-5929741/18191447)*x5^3 + (-7666074/18191447)*x4*x5^2 + (-3303612/18191447)\
*x4^2*x5 + (-474552/18191447)*x4^3 + (32761/69169)*x3*x5^2 + (28236/69169)*x3*\
x4*x5 + (6084/69169)*x3*x4^2 + (32761/69169)*x2*x5^2 + (28236/69169)*x2*x4*x5 \
+ (6084/69169)*x2*x4^2 + (-181/263)*x2*x3*x5 + (-78/263)*x2*x3*x4 + (32761/691\
69)*x1*x5^2 + (28236/69169)*x1*x4*x5 + (6084/69169)*x1*x4^2 + (-181/263)*x1*x3\
*x5 + (-78/263)*x1*x3*x4 + (-181/263)*x1*x2*x5 + (-78/263)*x1*x2*x4 + x1*x2*x3\
", 
  "(774181699466841/55330704983366)*x5^3 + (763236630535518/27665352491683)*x4\
*x5^2 + (520860141464877/27665352491683)*x4^2*x5 + (123048151119810/2766535249\
1683)*x4^3 + (-1698934017939/210382908682)*x3*x5^2 + (-889200631086/1051914543\
41)*x3*x4*x5 + (-250253472315/105191454341)*x3*x4^2 + x3^2*x5 + (-169893401793\
9/210382908682)*x2*x5^2 + (-889200631086/105191454341)*x2*x4*x5 + (-2502534723\
15/105191454341)*x2*x4^2 + (2)*x2*x3*x5 + x2^2*x5 + (-1698934017939/2103829086\
82)*x1*x5^2 + (-889200631086/105191454341)*x1*x4*x5 + (-250253472315/105191454\
341)*x1*x4^2 + (2)*x1*x3*x5 + (2)*x1*x2*x5 + x1^2*x5", 
  "(-188570052709605/55330704983366)*x5^3 + (-97224188887647/27665352491683)*x\
4*x5^2 + (-34821950145732/27665352491683)*x4^2*x5 + (-7941119050728/2766535249\
1683)*x4^3 + (287892510885/210382908682)*x3*x5^2 + (-224509361862/105191454341\
)*x3*x4*x5 + (-161190374196/105191454341)*x3*x4^2 + x3^2*x4 + (287892510885/21\
0382908682)*x2*x5^2 + (-224509361862/105191454341)*x2*x4*x5 + (-161190374196/1\
05191454341)*x2*x4^2 + (2)*x2*x3*x4 + x2^2*x4 + (287892510885/210382908682)*x1\
*x5^2 + (-224509361862/105191454341)*x1*x4*x5 + (-161190374196/105191454341)*x\
1*x4^2 + (2)*x1*x3*x4 + (2)*x1*x2*x4 + x1^2*x4", 
  "(422768825637243/27665352491683)*x5^3 + (922918645436652/27665352491683)*x4\
*x5^2 + (666125940126006/27665352491683)*x4^2*x5 + (160326174339036/2766535249\
1683)*x4^3 + (-784910374209/105191454341)*x3*x5^2 + (-1099441801284/1051914543\
41)*x3*x4*x5 + (-384551488506/105191454341)*x3*x4^2 + (-784910374209/105191454\
341)*x2*x5^2 + (-1099441801284/105191454341)*x2*x4*x5 + (-384551488506/1051914\
54341)*x2*x4^2 + x2*x3^2 + x2^2*x3 + (-784910374209/105191454341)*x1*x5^2 + (-\
1099441801284/105191454341)*x1*x4*x5 + (-384551488506/105191454341)*x1*x4^2 + \
x1*x3^2 + x1*x2^2 + x1^2*x3 + x1^2*x2", 
  "(1376521095539517/55330704983366)*x5^3 + (1454328854229294/27665352491683)*\
x4*x5^2 + (1029333490928217/27665352491683)*x4^2*x5 + (244819422277722/2766535\
2491683)*x4^3 + (-2952601943775/210382908682)*x3*x5^2 + (-1906808691150/105191\
454341)*x3*x4*x5 + (-632342114415/105191454341)*x3*x4^2 + x3^3 + (-29526019437\
75/210382908682)*x2*x5^2 + (-1906808691150/105191454341)*x2*x4*x5 + (-63234211\
4415/105191454341)*x2*x4^2 + (1086/263)*x2*x3*x5 + (468/263)*x2*x3*x4 + x2^3 +\
 (-2952601943775/210382908682)*x1*x5^2 + (-1906808691150/105191454341)*x1*x4*x\
5 + (-632342114415/105191454341)*x1*x4^2 + (1086/263)*x1*x3*x5 + (468/263)*x1*\
x3*x4 + (1086/263)*x1*x2*x5 + (468/263)*x1*x2*x4 + x1^3" ]
   Cubic invariant basis vectors: 
[ 
  [ 0, 0, 0, -5929741/18191447, 0, 0, -7666074/18191447, 0, -3303612/18191447, 
      -474552/18191447, 0, 0, 32761/69169, 0, 28236/69169, 6084/69169, 0, 0, 
      0, 0, 0, 0, 32761/69169, 0, 28236/69169, 6084/69169, 0, -181/263, 
      -78/263, 0, 0, 0, 0, 0, 0, 0, 0, 32761/69169, 0, 28236/69169, 
      6084/69169, 0, -181/263, -78/263, 0, 0, -181/263, -78/263, 1, 0, 0, 0, 
      0, 0, 0, 0 ], 
  [ 0, 0, 0, 774181699466841/55330704983366, 0, 0, 
      763236630535518/27665352491683, 0, 520860141464877/27665352491683, 
      123048151119810/27665352491683, 0, 0, -1698934017939/210382908682, 0, 
      -889200631086/105191454341, -250253472315/105191454341, 0, 1, 0, 0, 0, 
      0, -1698934017939/210382908682, 0, -889200631086/105191454341, 
      -250253472315/105191454341, 0, 2, 0, 0, 0, 1, 0, 0, 0, 0, 0, 
      -1698934017939/210382908682, 0, -889200631086/105191454341, 
      -250253472315/105191454341, 0, 2, 0, 0, 0, 2, 0, 0, 0, 0, 1, 0, 0, 0, 0 
     ], 
  [ 0, 0, 0, -188570052709605/55330704983366, 0, 0, 
      -97224188887647/27665352491683, 0, -34821950145732/27665352491683, 
      -7941119050728/27665352491683, 0, 0, 287892510885/210382908682, 0, 
      -224509361862/105191454341, -161190374196/105191454341, 0, 0, 1, 0, 0, 
      0, 287892510885/210382908682, 0, -224509361862/105191454341, 
      -161190374196/105191454341, 0, 0, 2, 0, 0, 0, 1, 0, 0, 0, 0, 
      287892510885/210382908682, 0, -224509361862/105191454341, 
      -161190374196/105191454341, 0, 0, 2, 0, 0, 0, 2, 0, 0, 0, 0, 1, 0, 0, 0 
     ], 
  [ 0, 0, 0, 422768825637243/27665352491683, 0, 0, 
      922918645436652/27665352491683, 0, 666125940126006/27665352491683, 
      160326174339036/27665352491683, 0, 0, -784910374209/105191454341, 0, 
      -1099441801284/105191454341, -384551488506/105191454341, 0, 0, 0, 0, 0, 
      0, -784910374209/105191454341, 0, -1099441801284/105191454341, 
      -384551488506/105191454341, 0, 0, 0, 1, 0, 0, 0, 1, 0, 0, 0, 
      -784910374209/105191454341, 0, -1099441801284/105191454341, 
      -384551488506/105191454341, 0, 0, 0, 1, 0, 0, 0, 0, 1, 0, 0, 0, 1, 1, 0 
     ], 
  [ 0, 0, 0, 1376521095539517/55330704983366, 0, 0, 
      1454328854229294/27665352491683, 0, 1029333490928217/27665352491683, 
      244819422277722/27665352491683, 0, 0, -2952601943775/210382908682, 0, 
      -1906808691150/105191454341, -632342114415/105191454341, 0, 0, 0, 1, 0, 
      0, -2952601943775/210382908682, 0, -1906808691150/105191454341, 
      -632342114415/105191454341, 0, 1086/263, 468/263, 0, 0, 0, 0, 0, 1, 0, 
      0, -2952601943775/210382908682, 0, -1906808691150/105191454341, 
      -632342114415/105191454341, 0, 1086/263, 468/263, 0, 0, 1086/263, 
      468/263, 0, 0, 0, 0, 0, 0, 0, 1 ] ]

158. Candidate
   Symplectic group: S3
   Component: 2; corrigendum component, generic index 2
   Projective group ID: [ 48, 4 ]
   Strict linear group ID: [ 144, 69 ]
   Generic index: 2
   Generic full linear containment required: true
   Generic full linear containment verified: true
   Direct known case: false
   Source records: [ "S_3_corrigendum_generic_index=2_liftable.docx" ]
   Family number within this input: 3
   Strict cubic invariant dimension: 5
   Centralizer dimension: 5
   Expected moduli dimension: 0
   Determinant image order: 8
   Gonzalez status: passed
   Retained: true
   Gonzalez failure statuses: [  ]
   Matrix generators: 
[ [ [ 0, 1, 0, 0, 0, 0 ], [ 1, 0, 0, 0, 0, 0 ], [ 0, 0, 1, 0, 0, 0 ], 
      [ 0, 0, 0, 1, 0, 0 ], [ 0, 0, 0, 0, 1, 0 ], [ 0, 0, 0, 0, 0, -1 ] ], 
  [ [ 68/1995-337/665*E(4), 68/1995+328/665*E(4), 68/1995+328/665*E(4), 
          4148/1995-29/285*E(4), -177/133+29/105*E(4), 0 ], 
      [ 68/1995+328/665*E(4), 68/1995-337/665*E(4), 68/1995+328/665*E(4), 
          4148/1995-29/285*E(4), -177/133+29/105*E(4), 0 ], 
      [ 68/1995+328/665*E(4), 68/1995+328/665*E(4), 68/1995-337/665*E(4), 
          4148/1995-29/285*E(4), -177/133+29/105*E(4), 0 ], 
      [ 172/665-484/665*E(4), 172/665-484/665*E(4), 172/665-484/665*E(4), 
          -2143/665+44/95*E(4), 292/133-44/35*E(4), 0 ], 
      [ 24/665-748/665*E(4), 24/665-748/665*E(4), 24/665-748/665*E(4), 
          -3191/665+68/95*E(4), 415/133-68/35*E(4), 0 ], 
      [ 0, 0, 0, 0, 0, -E(8) ] ], 
  [ [ -9/665, 656/665, 656/665, -58/285, 58/105, 0 ], 
      [ 656/665, -9/665, 656/665, -58/285, 58/105, 0 ], 
      [ 656/665, 656/665, -9/665, -58/285, 58/105, 0 ], 
      [ -968/665, -968/665, -968/665, 183/95, -88/35, 0 ], 
      [ -1496/665, -1496/665, -1496/665, 136/95, -101/35, 0 ], 
      [ 0, 0, 0, 0, 0, E(4) ] ], 
  [ [ 1, 0, 0, 0, 0, 0 ], [ 0, 1, 0, 0, 0, 0 ], [ 0, 0, 1, 0, 0, 0 ], 
      [ 0, 0, 0, 1, 0, 0 ], [ 0, 0, 0, 0, 1, 0 ], [ 0, 0, 0, 0, 0, -1 ] ], 
  [ [ 0, 1, 0, 0, 0, 0 ], [ 0, 0, 1, 0, 0, 0 ], [ 1, 0, 0, 0, 0, 0 ], 
      [ 0, 0, 0, 1, 0, 0 ], [ 0, 0, 0, 0, 1, 0 ], [ 0, 0, 0, 0, 0, 1 ] ], 
  [ [ E(3), 0, 0, 0, 0, 0 ], [ 0, E(3), 0, 0, 0, 0 ], [ 0, 0, E(3), 0, 0, 0 ],
      [ 0, 0, 0, E(3), 0, 0 ], [ 0, 0, 0, 0, E(3), 0 ], 
      [ 0, 0, 0, 0, 0, E(3) ] ] ]
   Cubic invariant basis strings: 
[ "(-204/29)*x5*x6^2 + (-132/29)*x4*x6^2 + x3*x6^2 + x2*x6^2 + x1*x6^2", 
  "(774181699466841/55330704983366)*x5^3 + (763236630535518/27665352491683)*x4\
*x5^2 + (520860141464877/27665352491683)*x4^2*x5 + (123048151119810/2766535249\
1683)*x4^3 + (-1698934017939/210382908682)*x3*x5^2 + (-889200631086/1051914543\
41)*x3*x4*x5 + (-250253472315/105191454341)*x3*x4^2 + x3^2*x5 + (-169893401793\
9/210382908682)*x2*x5^2 + (-889200631086/105191454341)*x2*x4*x5 + (-2502534723\
15/105191454341)*x2*x4^2 + (2)*x2*x3*x5 + x2^2*x5 + (-1698934017939/2103829086\
82)*x1*x5^2 + (-889200631086/105191454341)*x1*x4*x5 + (-250253472315/105191454\
341)*x1*x4^2 + (2)*x1*x3*x5 + (2)*x1*x2*x5 + x1^2*x5", 
  "(-188570052709605/55330704983366)*x5^3 + (-97224188887647/27665352491683)*x\
4*x5^2 + (-34821950145732/27665352491683)*x4^2*x5 + (-7941119050728/2766535249\
1683)*x4^3 + (287892510885/210382908682)*x3*x5^2 + (-224509361862/105191454341\
)*x3*x4*x5 + (-161190374196/105191454341)*x3*x4^2 + x3^2*x4 + (287892510885/21\
0382908682)*x2*x5^2 + (-224509361862/105191454341)*x2*x4*x5 + (-161190374196/1\
05191454341)*x2*x4^2 + (2)*x2*x3*x4 + x2^2*x4 + (287892510885/210382908682)*x1\
*x5^2 + (-224509361862/105191454341)*x1*x4*x5 + (-161190374196/105191454341)*x\
1*x4^2 + (2)*x1*x3*x4 + (2)*x1*x2*x4 + x1^2*x4", 
  "(375437999694456/27665352491683)*x5^3 + (810753938828424/27665352491683)*x4\
*x5^2 + (585148702857912/27665352491683)*x4^2*x5 + (142472014164432/2766535249\
1683)*x4^3 + (-564527365512/105191454341)*x3*x5^2 + (-738965072472/10519145434\
1)*x3*x4*x5 + (-250477269768/105191454341)*x3*x4^2 + (-564527365512/1051914543\
41)*x2*x5^2 + (-738965072472/105191454341)*x2*x4*x5 + (-250477269768/105191454\
341)*x2*x4^2 + (-579/229)*x2*x3*x5 + (-492/229)*x2*x3*x4 + x2*x3^2 + x2^2*x3 +\
 (-564527365512/105191454341)*x1*x5^2 + (-738965072472/105191454341)*x1*x4*x5 \
+ (-250477269768/105191454341)*x1*x4^2 + (-579/229)*x1*x3*x5 + (-492/229)*x1*x\
3*x4 + x1*x3^2 + (-579/229)*x1*x2*x5 + (-492/229)*x1*x2*x4 + (3)*x1*x2*x3 + x1\
*x2^2 + x1^2*x3 + x1^2*x2", 
  "(1552291432568451/55330704983366)*x5^3 + (1720872087979662/27665352491683)*\
x4*x5^2 + (1242120621993291/27665352491683)*x4^2*x5 + (294051742032366/2766535\
2491683)*x4^3 + (-3677029174809/210382908682)*x3*x5^2 + (-2730592888362/105191\
454341)*x3*x4*x5 + (-979049888973/105191454341)*x3*x4^2 + x3^3 + (-36770291748\
09/210382908682)*x2*x5^2 + (-2730592888362/105191454341)*x2*x4*x5 + (-97904988\
8973/105191454341)*x2*x4^2 + (1737/229)*x2*x3*x5 + (1476/229)*x2*x3*x4 + x2^3 \
+ (-3677029174809/210382908682)*x1*x5^2 + (-2730592888362/105191454341)*x1*x4*\
x5 + (-979049888973/105191454341)*x1*x4^2 + (1737/229)*x1*x3*x5 + (1476/229)*x\
1*x3*x4 + (1737/229)*x1*x2*x5 + (1476/229)*x1*x2*x4 + (-3)*x1*x2*x3 + x1^3" ]
   Cubic invariant basis vectors: 
[ [ 0, -204/29, 0, 0, -132/29, 0, 0, 0, 0, 0, 1, 0, 0, 0, 0, 0, 0, 0, 0, 0, 
      1, 0, 0, 0, 0, 0, 0, 0, 0, 0, 0, 0, 0, 0, 0, 1, 0, 0, 0, 0, 0, 0, 0, 0, 
      0, 0, 0, 0, 0, 0, 0, 0, 0, 0, 0, 0 ], 
  [ 0, 0, 0, 774181699466841/55330704983366, 0, 0, 
      763236630535518/27665352491683, 0, 520860141464877/27665352491683, 
      123048151119810/27665352491683, 0, 0, -1698934017939/210382908682, 0, 
      -889200631086/105191454341, -250253472315/105191454341, 0, 1, 0, 0, 0, 
      0, -1698934017939/210382908682, 0, -889200631086/105191454341, 
      -250253472315/105191454341, 0, 2, 0, 0, 0, 1, 0, 0, 0, 0, 0, 
      -1698934017939/210382908682, 0, -889200631086/105191454341, 
      -250253472315/105191454341, 0, 2, 0, 0, 0, 2, 0, 0, 0, 0, 1, 0, 0, 0, 0 
     ], 
  [ 0, 0, 0, -188570052709605/55330704983366, 0, 0, 
      -97224188887647/27665352491683, 0, -34821950145732/27665352491683, 
      -7941119050728/27665352491683, 0, 0, 287892510885/210382908682, 0, 
      -224509361862/105191454341, -161190374196/105191454341, 0, 0, 1, 0, 0, 
      0, 287892510885/210382908682, 0, -224509361862/105191454341, 
      -161190374196/105191454341, 0, 0, 2, 0, 0, 0, 1, 0, 0, 0, 0, 
      287892510885/210382908682, 0, -224509361862/105191454341, 
      -161190374196/105191454341, 0, 0, 2, 0, 0, 0, 2, 0, 0, 0, 0, 1, 0, 0, 0 
     ], 
  [ 0, 0, 0, 375437999694456/27665352491683, 0, 0, 
      810753938828424/27665352491683, 0, 585148702857912/27665352491683, 
      142472014164432/27665352491683, 0, 0, -564527365512/105191454341, 0, 
      -738965072472/105191454341, -250477269768/105191454341, 0, 0, 0, 0, 0, 
      0, -564527365512/105191454341, 0, -738965072472/105191454341, 
      -250477269768/105191454341, 0, -579/229, -492/229, 1, 0, 0, 0, 1, 0, 0, 
      0, -564527365512/105191454341, 0, -738965072472/105191454341, 
      -250477269768/105191454341, 0, -579/229, -492/229, 1, 0, -579/229, 
      -492/229, 3, 1, 0, 0, 0, 1, 1, 0 ], 
  [ 0, 0, 0, 1552291432568451/55330704983366, 0, 0, 
      1720872087979662/27665352491683, 0, 1242120621993291/27665352491683, 
      294051742032366/27665352491683, 0, 0, -3677029174809/210382908682, 0, 
      -2730592888362/105191454341, -979049888973/105191454341, 0, 0, 0, 1, 0, 
      0, -3677029174809/210382908682, 0, -2730592888362/105191454341, 
      -979049888973/105191454341, 0, 1737/229, 1476/229, 0, 0, 0, 0, 0, 1, 0, 
      0, -3677029174809/210382908682, 0, -2730592888362/105191454341, 
      -979049888973/105191454341, 0, 1737/229, 1476/229, 0, 0, 1737/229, 
      1476/229, -3, 0, 0, 0, 0, 0, 0, 1 ] ]

159. Candidate
   Symplectic group: S3
   Component: 2; corrigendum component, generic index 2
   Projective group ID: [ 48, 4 ]
   Strict linear group ID: [ 144, 69 ]
   Generic index: 2
   Generic full linear containment required: true
   Generic full linear containment verified: true
   Direct known case: false
   Source records: [ "S_3_corrigendum_generic_index=2_liftable.docx" ]
   Family number within this input: 4
   Strict cubic invariant dimension: 5
   Centralizer dimension: 5
   Expected moduli dimension: 0
   Determinant image order: 8
   Gonzalez status: passed
   Retained: true
   Gonzalez failure statuses: [  ]
   Matrix generators: 
[ [ [ 0, 1, 0, 0, 0, 0 ], [ 1, 0, 0, 0, 0, 0 ], [ 0, 0, 1, 0, 0, 0 ], 
      [ 0, 0, 0, 1, 0, 0 ], [ 0, 0, 0, 0, 1, 0 ], [ 0, 0, 0, 0, 0, -1 ] ], 
  [ [ 68/1995+1649/1995*E(4), 68/1995-346/1995*E(4), 68/1995-346/1995*E(4), 
          4148/1995-29/285*E(4), -177/133+29/105*E(4), 0 ], 
      [ 68/1995-346/1995*E(4), 68/1995+1649/1995*E(4), 68/1995-346/1995*E(4), 
          4148/1995-29/285*E(4), -177/133+29/105*E(4), 0 ], 
      [ 68/1995-346/1995*E(4), 68/1995-346/1995*E(4), 68/1995+1649/1995*E(4), 
          4148/1995-29/285*E(4), -177/133+29/105*E(4), 0 ], 
      [ 172/665-484/665*E(4), 172/665-484/665*E(4), 172/665-484/665*E(4), 
          -2143/665+44/95*E(4), 292/133-44/35*E(4), 0 ], 
      [ 24/665-748/665*E(4), 24/665-748/665*E(4), 24/665-748/665*E(4), 
          -3191/665+68/95*E(4), 415/133-68/35*E(4), 0 ], 
      [ 0, 0, 0, 0, 0, -E(8) ] ], 
  [ [ -9/665, 656/665, 656/665, -58/285, 58/105, 0 ], 
      [ 656/665, -9/665, 656/665, -58/285, 58/105, 0 ], 
      [ 656/665, 656/665, -9/665, -58/285, 58/105, 0 ], 
      [ -968/665, -968/665, -968/665, 183/95, -88/35, 0 ], 
      [ -1496/665, -1496/665, -1496/665, 136/95, -101/35, 0 ], 
      [ 0, 0, 0, 0, 0, E(4) ] ], 
  [ [ 1, 0, 0, 0, 0, 0 ], [ 0, 1, 0, 0, 0, 0 ], [ 0, 0, 1, 0, 0, 0 ], 
      [ 0, 0, 0, 1, 0, 0 ], [ 0, 0, 0, 0, 1, 0 ], [ 0, 0, 0, 0, 0, -1 ] ], 
  [ [ 0, 1, 0, 0, 0, 0 ], [ 0, 0, 1, 0, 0, 0 ], [ 1, 0, 0, 0, 0, 0 ], 
      [ 0, 0, 0, 1, 0, 0 ], [ 0, 0, 0, 0, 1, 0 ], [ 0, 0, 0, 0, 0, 1 ] ], 
  [ [ E(3), 0, 0, 0, 0, 0 ], [ 0, E(3), 0, 0, 0, 0 ], [ 0, 0, E(3), 0, 0, 0 ],
      [ 0, 0, 0, E(3), 0, 0 ], [ 0, 0, 0, 0, E(3), 0 ], 
      [ 0, 0, 0, 0, 0, E(3) ] ] ]
   Cubic invariant basis strings: 
[ "(-204/29)*x5*x6^2 + (-132/29)*x4*x6^2 + x3*x6^2 + x2*x6^2 + x1*x6^2", 
  "(774181699466841/55330704983366)*x5^3 + (763236630535518/27665352491683)*x4\
*x5^2 + (520860141464877/27665352491683)*x4^2*x5 + (123048151119810/2766535249\
1683)*x4^3 + (-1698934017939/210382908682)*x3*x5^2 + (-889200631086/1051914543\
41)*x3*x4*x5 + (-250253472315/105191454341)*x3*x4^2 + x3^2*x5 + (-169893401793\
9/210382908682)*x2*x5^2 + (-889200631086/105191454341)*x2*x4*x5 + (-2502534723\
15/105191454341)*x2*x4^2 + (2)*x2*x3*x5 + x2^2*x5 + (-1698934017939/2103829086\
82)*x1*x5^2 + (-889200631086/105191454341)*x1*x4*x5 + (-250253472315/105191454\
341)*x1*x4^2 + (2)*x1*x3*x5 + (2)*x1*x2*x5 + x1^2*x5", 
  "(-188570052709605/55330704983366)*x5^3 + (-97224188887647/27665352491683)*x\
4*x5^2 + (-34821950145732/27665352491683)*x4^2*x5 + (-7941119050728/2766535249\
1683)*x4^3 + (287892510885/210382908682)*x3*x5^2 + (-224509361862/105191454341\
)*x3*x4*x5 + (-161190374196/105191454341)*x3*x4^2 + x3^2*x4 + (287892510885/21\
0382908682)*x2*x5^2 + (-224509361862/105191454341)*x2*x4*x5 + (-161190374196/1\
05191454341)*x2*x4^2 + (2)*x2*x3*x4 + x2^2*x4 + (287892510885/210382908682)*x1\
*x5^2 + (-224509361862/105191454341)*x1*x4*x5 + (-161190374196/105191454341)*x\
1*x4^2 + (2)*x1*x3*x4 + (2)*x1*x2*x4 + x1^2*x4", 
  "(375437999694456/27665352491683)*x5^3 + (810753938828424/27665352491683)*x4\
*x5^2 + (585148702857912/27665352491683)*x4^2*x5 + (142472014164432/2766535249\
1683)*x4^3 + (-564527365512/105191454341)*x3*x5^2 + (-738965072472/10519145434\
1)*x3*x4*x5 + (-250477269768/105191454341)*x3*x4^2 + (-564527365512/1051914543\
41)*x2*x5^2 + (-738965072472/105191454341)*x2*x4*x5 + (-250477269768/105191454\
341)*x2*x4^2 + (-579/229)*x2*x3*x5 + (-492/229)*x2*x3*x4 + x2*x3^2 + x2^2*x3 +\
 (-564527365512/105191454341)*x1*x5^2 + (-738965072472/105191454341)*x1*x4*x5 \
+ (-250477269768/105191454341)*x1*x4^2 + (-579/229)*x1*x3*x5 + (-492/229)*x1*x\
3*x4 + x1*x3^2 + (-579/229)*x1*x2*x5 + (-492/229)*x1*x2*x4 + (3)*x1*x2*x3 + x1\
*x2^2 + x1^2*x3 + x1^2*x2", 
  "(1552291432568451/55330704983366)*x5^3 + (1720872087979662/27665352491683)*\
x4*x5^2 + (1242120621993291/27665352491683)*x4^2*x5 + (294051742032366/2766535\
2491683)*x4^3 + (-3677029174809/210382908682)*x3*x5^2 + (-2730592888362/105191\
454341)*x3*x4*x5 + (-979049888973/105191454341)*x3*x4^2 + x3^3 + (-36770291748\
09/210382908682)*x2*x5^2 + (-2730592888362/105191454341)*x2*x4*x5 + (-97904988\
8973/105191454341)*x2*x4^2 + (1737/229)*x2*x3*x5 + (1476/229)*x2*x3*x4 + x2^3 \
+ (-3677029174809/210382908682)*x1*x5^2 + (-2730592888362/105191454341)*x1*x4*\
x5 + (-979049888973/105191454341)*x1*x4^2 + (1737/229)*x1*x3*x5 + (1476/229)*x\
1*x3*x4 + (1737/229)*x1*x2*x5 + (1476/229)*x1*x2*x4 + (-3)*x1*x2*x3 + x1^3" ]
   Cubic invariant basis vectors: 
[ [ 0, -204/29, 0, 0, -132/29, 0, 0, 0, 0, 0, 1, 0, 0, 0, 0, 0, 0, 0, 0, 0, 
      1, 0, 0, 0, 0, 0, 0, 0, 0, 0, 0, 0, 0, 0, 0, 1, 0, 0, 0, 0, 0, 0, 0, 0, 
      0, 0, 0, 0, 0, 0, 0, 0, 0, 0, 0, 0 ], 
  [ 0, 0, 0, 774181699466841/55330704983366, 0, 0, 
      763236630535518/27665352491683, 0, 520860141464877/27665352491683, 
      123048151119810/27665352491683, 0, 0, -1698934017939/210382908682, 0, 
      -889200631086/105191454341, -250253472315/105191454341, 0, 1, 0, 0, 0, 
      0, -1698934017939/210382908682, 0, -889200631086/105191454341, 
      -250253472315/105191454341, 0, 2, 0, 0, 0, 1, 0, 0, 0, 0, 0, 
      -1698934017939/210382908682, 0, -889200631086/105191454341, 
      -250253472315/105191454341, 0, 2, 0, 0, 0, 2, 0, 0, 0, 0, 1, 0, 0, 0, 0 
     ], 
  [ 0, 0, 0, -188570052709605/55330704983366, 0, 0, 
      -97224188887647/27665352491683, 0, -34821950145732/27665352491683, 
      -7941119050728/27665352491683, 0, 0, 287892510885/210382908682, 0, 
      -224509361862/105191454341, -161190374196/105191454341, 0, 0, 1, 0, 0, 
      0, 287892510885/210382908682, 0, -224509361862/105191454341, 
      -161190374196/105191454341, 0, 0, 2, 0, 0, 0, 1, 0, 0, 0, 0, 
      287892510885/210382908682, 0, -224509361862/105191454341, 
      -161190374196/105191454341, 0, 0, 2, 0, 0, 0, 2, 0, 0, 0, 0, 1, 0, 0, 0 
     ], 
  [ 0, 0, 0, 375437999694456/27665352491683, 0, 0, 
      810753938828424/27665352491683, 0, 585148702857912/27665352491683, 
      142472014164432/27665352491683, 0, 0, -564527365512/105191454341, 0, 
      -738965072472/105191454341, -250477269768/105191454341, 0, 0, 0, 0, 0, 
      0, -564527365512/105191454341, 0, -738965072472/105191454341, 
      -250477269768/105191454341, 0, -579/229, -492/229, 1, 0, 0, 0, 1, 0, 0, 
      0, -564527365512/105191454341, 0, -738965072472/105191454341, 
      -250477269768/105191454341, 0, -579/229, -492/229, 1, 0, -579/229, 
      -492/229, 3, 1, 0, 0, 0, 1, 1, 0 ], 
  [ 0, 0, 0, 1552291432568451/55330704983366, 0, 0, 
      1720872087979662/27665352491683, 0, 1242120621993291/27665352491683, 
      294051742032366/27665352491683, 0, 0, -3677029174809/210382908682, 0, 
      -2730592888362/105191454341, -979049888973/105191454341, 0, 0, 0, 1, 0, 
      0, -3677029174809/210382908682, 0, -2730592888362/105191454341, 
      -979049888973/105191454341, 0, 1737/229, 1476/229, 0, 0, 0, 0, 0, 1, 0, 
      0, -3677029174809/210382908682, 0, -2730592888362/105191454341, 
      -979049888973/105191454341, 0, 1737/229, 1476/229, 0, 0, 1737/229, 
      1476/229, -3, 0, 0, 0, 0, 0, 0, 1 ] ]

160. Candidate
   Symplectic group: S3
   Component: 2; corrigendum component, generic index 2
   Projective group ID: [ 48, 4 ]
   Strict linear group ID: [ 144, 69 ]
   Generic index: 2
   Generic full linear containment required: true
   Generic full linear containment verified: true
   Direct known case: false
   Source records: [ "S_3_corrigendum_generic_index=2_liftable.docx" ]
   Family number within this input: 5
   Strict cubic invariant dimension: 5
   Centralizer dimension: 5
   Expected moduli dimension: 0
   Determinant image order: 8
   Gonzalez status: passed
   Retained: true
   Gonzalez failure statuses: [  ]
   Matrix generators: 
[ [ [ 0, 1, 0, 0, 0, 0 ], [ 1, 0, 0, 0, 0, 0 ], [ 0, 0, 1, 0, 0, 0 ], 
      [ 0, 0, 0, 1, 0, 0 ], [ 0, 0, 0, 0, 1, 0 ], [ 0, 0, 0, 0, 0, -1 ] ], 
  [ 
      [ -1262/1995+319/1995*E(4), 733/1995+319/1995*E(4), 733/1995+319/1995*E(4),
          4148/1995-29/285*E(4), -177/133+29/105*E(4), 0 ], 
      [ 733/1995+319/1995*E(4), -1262/1995+319/1995*E(4), 
          733/1995+319/1995*E(4), 4148/1995-29/285*E(4), -177/133+29/105*E(4),
          0 ], 
      [ 733/1995+319/1995*E(4), 733/1995+319/1995*E(4), 
          -1262/1995+319/1995*E(4), 4148/1995-29/285*E(4), 
          -177/133+29/105*E(4), 0 ], 
      [ 172/665-484/665*E(4), 172/665-484/665*E(4), 172/665-484/665*E(4), 
          -2143/665+44/95*E(4), 292/133-44/35*E(4), 0 ], 
      [ 24/665-748/665*E(4), 24/665-748/665*E(4), 24/665-748/665*E(4), 
          -3191/665+68/95*E(4), 415/133-68/35*E(4), 0 ], 
      [ 0, 0, 0, 0, 0, -E(8) ] ], 
  [ [ 2633/1995, 638/1995, 638/1995, -58/285, 58/105, 0 ], 
      [ 638/1995, 2633/1995, 638/1995, -58/285, 58/105, 0 ], 
      [ 638/1995, 638/1995, 2633/1995, -58/285, 58/105, 0 ], 
      [ -968/665, -968/665, -968/665, 183/95, -88/35, 0 ], 
      [ -1496/665, -1496/665, -1496/665, 136/95, -101/35, 0 ], 
      [ 0, 0, 0, 0, 0, E(4) ] ], 
  [ [ 1, 0, 0, 0, 0, 0 ], [ 0, 1, 0, 0, 0, 0 ], [ 0, 0, 1, 0, 0, 0 ], 
      [ 0, 0, 0, 1, 0, 0 ], [ 0, 0, 0, 0, 1, 0 ], [ 0, 0, 0, 0, 0, -1 ] ], 
  [ [ 0, 1, 0, 0, 0, 0 ], [ 0, 0, 1, 0, 0, 0 ], [ 1, 0, 0, 0, 0, 0 ], 
      [ 0, 0, 0, 1, 0, 0 ], [ 0, 0, 0, 0, 1, 0 ], [ 0, 0, 0, 0, 0, 1 ] ], 
  [ [ E(3), 0, 0, 0, 0, 0 ], [ 0, E(3), 0, 0, 0, 0 ], [ 0, 0, E(3), 0, 0, 0 ],
      [ 0, 0, 0, E(3), 0, 0 ], [ 0, 0, 0, 0, E(3), 0 ], 
      [ 0, 0, 0, 0, 0, E(3) ] ] ]
   Cubic invariant basis strings: 
[ "(-204/29)*x5*x6^2 + (-132/29)*x4*x6^2 + x3*x6^2 + x2*x6^2 + x1*x6^2", 
  "(774181699466841/55330704983366)*x5^3 + (763236630535518/27665352491683)*x4\
*x5^2 + (520860141464877/27665352491683)*x4^2*x5 + (123048151119810/2766535249\
1683)*x4^3 + (-1698934017939/210382908682)*x3*x5^2 + (-889200631086/1051914543\
41)*x3*x4*x5 + (-250253472315/105191454341)*x3*x4^2 + x3^2*x5 + (-169893401793\
9/210382908682)*x2*x5^2 + (-889200631086/105191454341)*x2*x4*x5 + (-2502534723\
15/105191454341)*x2*x4^2 + (2)*x2*x3*x5 + x2^2*x5 + (-1698934017939/2103829086\
82)*x1*x5^2 + (-889200631086/105191454341)*x1*x4*x5 + (-250253472315/105191454\
341)*x1*x4^2 + (2)*x1*x3*x5 + (2)*x1*x2*x5 + x1^2*x5", 
  "(-188570052709605/55330704983366)*x5^3 + (-97224188887647/27665352491683)*x\
4*x5^2 + (-34821950145732/27665352491683)*x4^2*x5 + (-7941119050728/2766535249\
1683)*x4^3 + (287892510885/210382908682)*x3*x5^2 + (-224509361862/105191454341\
)*x3*x4*x5 + (-161190374196/105191454341)*x3*x4^2 + x3^2*x4 + (287892510885/21\
0382908682)*x2*x5^2 + (-224509361862/105191454341)*x2*x4*x5 + (-161190374196/1\
05191454341)*x2*x4^2 + (2)*x2*x3*x4 + x2^2*x4 + (287892510885/210382908682)*x1\
*x5^2 + (-224509361862/105191454341)*x1*x4*x5 + (-161190374196/105191454341)*x\
1*x4^2 + (2)*x1*x3*x4 + (2)*x1*x2*x4 + x1^2*x4", 
  "(395715170980296/27665352491683)*x5^3 + (887943202399494/27665352491683)*x4\
*x5^2 + (651053649756402/27665352491683)*x4^2*x5 + (158161093954452/2766535249\
1683)*x4^3 + (-635442668922/105191454341)*x3*x5^2 + (-970618806672/10519145434\
1)*x3*x4*x5 + (-356794047678/105191454341)*x3*x4^2 + (-635442668922/1051914543\
41)*x2*x5^2 + (-970618806672/105191454341)*x2*x4*x5 + (-356794047678/105191454\
341)*x2*x4^2 + (-543/263)*x2*x3*x5 + (-234/263)*x2*x3*x4 + x2*x3^2 + x2^2*x3 +\
 (-635442668922/105191454341)*x1*x5^2 + (-970618806672/105191454341)*x1*x4*x5 \
+ (-356794047678/105191454341)*x1*x4^2 + (-543/263)*x1*x3*x5 + (-234/263)*x1*x\
3*x4 + x1*x3^2 + (-543/263)*x1*x2*x5 + (-234/263)*x1*x2*x4 + (3)*x1*x2*x3 + x1\
*x2^2 + x1^2*x3 + x1^2*x2", 
  "(1430628404853411/55330704983366)*x5^3 + (1489304297266452/27665352491683)*\
x4*x5^2 + (1044405781297821/27665352491683)*x4^2*x5 + (246984502662306/2766535\
2491683)*x4^3 + (-3251537354349/210382908682)*x3*x5^2 + (-2035631685762/105191\
454341)*x3*x4*x5 + (-660099555243/105191454341)*x3*x4^2 + x3^3 + (-32515373543\
49/210382908682)*x2*x5^2 + (-2035631685762/105191454341)*x2*x4*x5 + (-66009955\
5243/105191454341)*x2*x4^2 + (1629/263)*x2*x3*x5 + (702/263)*x2*x3*x4 + x2^3 +\
 (-3251537354349/210382908682)*x1*x5^2 + (-2035631685762/105191454341)*x1*x4*x\
5 + (-660099555243/105191454341)*x1*x4^2 + (1629/263)*x1*x3*x5 + (702/263)*x1*\
x3*x4 + (1629/263)*x1*x2*x5 + (702/263)*x1*x2*x4 + (-3)*x1*x2*x3 + x1^3" ]
   Cubic invariant basis vectors: 
[ [ 0, -204/29, 0, 0, -132/29, 0, 0, 0, 0, 0, 1, 0, 0, 0, 0, 0, 0, 0, 0, 0, 
      1, 0, 0, 0, 0, 0, 0, 0, 0, 0, 0, 0, 0, 0, 0, 1, 0, 0, 0, 0, 0, 0, 0, 0, 
      0, 0, 0, 0, 0, 0, 0, 0, 0, 0, 0, 0 ], 
  [ 0, 0, 0, 774181699466841/55330704983366, 0, 0, 
      763236630535518/27665352491683, 0, 520860141464877/27665352491683, 
      123048151119810/27665352491683, 0, 0, -1698934017939/210382908682, 0, 
      -889200631086/105191454341, -250253472315/105191454341, 0, 1, 0, 0, 0, 
      0, -1698934017939/210382908682, 0, -889200631086/105191454341, 
      -250253472315/105191454341, 0, 2, 0, 0, 0, 1, 0, 0, 0, 0, 0, 
      -1698934017939/210382908682, 0, -889200631086/105191454341, 
      -250253472315/105191454341, 0, 2, 0, 0, 0, 2, 0, 0, 0, 0, 1, 0, 0, 0, 0 
     ], 
  [ 0, 0, 0, -188570052709605/55330704983366, 0, 0, 
      -97224188887647/27665352491683, 0, -34821950145732/27665352491683, 
      -7941119050728/27665352491683, 0, 0, 287892510885/210382908682, 0, 
      -224509361862/105191454341, -161190374196/105191454341, 0, 0, 1, 0, 0, 
      0, 287892510885/210382908682, 0, -224509361862/105191454341, 
      -161190374196/105191454341, 0, 0, 2, 0, 0, 0, 1, 0, 0, 0, 0, 
      287892510885/210382908682, 0, -224509361862/105191454341, 
      -161190374196/105191454341, 0, 0, 2, 0, 0, 0, 2, 0, 0, 0, 0, 1, 0, 0, 0 
     ], 
  [ 0, 0, 0, 395715170980296/27665352491683, 0, 0, 
      887943202399494/27665352491683, 0, 651053649756402/27665352491683, 
      158161093954452/27665352491683, 0, 0, -635442668922/105191454341, 0, 
      -970618806672/105191454341, -356794047678/105191454341, 0, 0, 0, 0, 0, 
      0, -635442668922/105191454341, 0, -970618806672/105191454341, 
      -356794047678/105191454341, 0, -543/263, -234/263, 1, 0, 0, 0, 1, 0, 0, 
      0, -635442668922/105191454341, 0, -970618806672/105191454341, 
      -356794047678/105191454341, 0, -543/263, -234/263, 1, 0, -543/263, 
      -234/263, 3, 1, 0, 0, 0, 1, 1, 0 ], 
  [ 0, 0, 0, 1430628404853411/55330704983366, 0, 0, 
      1489304297266452/27665352491683, 0, 1044405781297821/27665352491683, 
      246984502662306/27665352491683, 0, 0, -3251537354349/210382908682, 0, 
      -2035631685762/105191454341, -660099555243/105191454341, 0, 0, 0, 1, 0, 
      0, -3251537354349/210382908682, 0, -2035631685762/105191454341, 
      -660099555243/105191454341, 0, 1629/263, 702/263, 0, 0, 0, 0, 0, 1, 0, 
      0, -3251537354349/210382908682, 0, -2035631685762/105191454341, 
      -660099555243/105191454341, 0, 1629/263, 702/263, 0, 0, 1629/263, 
      702/263, -3, 0, 0, 0, 0, 0, 0, 1 ] ]

161. Candidate
   Symplectic group: S3
   Component: 2; corrigendum component, generic index 2
   Projective group ID: [ 48, 4 ]
   Strict linear group ID: [ 144, 69 ]
   Generic index: 2
   Generic full linear containment required: true
   Generic full linear containment verified: true
   Direct known case: false
   Source records: [ "S_3_corrigendum_generic_index=2_liftable.docx" ]
   Family number within this input: 6
   Strict cubic invariant dimension: 6
   Centralizer dimension: 5
   Expected moduli dimension: 1
   Determinant image order: 8
   Gonzalez status: passed
   Retained: true
   Gonzalez failure statuses: [  ]
   Matrix generators: 
[ [ [ 0, 1, 0, 0, 0, 0 ], [ 1, 0, 0, 0, 0, 0 ], [ 0, 0, 1, 0, 0, 0 ], 
      [ 0, 0, 0, 1, 0, 0 ], [ 0, 0, 0, 0, 1, 0 ], [ 0, 0, 0, 0, 0, -1 ] ], 
  [ [ 466/665+319/1995*E(4), -199/665+319/1995*E(4), -199/665+319/1995*E(4), 
          4148/1995-29/285*E(4), -177/133+29/105*E(4), 0 ], 
      [ -199/665+319/1995*E(4), 466/665+319/1995*E(4), -199/665+319/1995*E(4),
          4148/1995-29/285*E(4), -177/133+29/105*E(4), 0 ], 
      [ -199/665+319/1995*E(4), -199/665+319/1995*E(4), 466/665+319/1995*E(4),
          4148/1995-29/285*E(4), -177/133+29/105*E(4), 0 ], 
      [ 172/665-484/665*E(4), 172/665-484/665*E(4), 172/665-484/665*E(4), 
          -2143/665+44/95*E(4), 292/133-44/35*E(4), 0 ], 
      [ 24/665-748/665*E(4), 24/665-748/665*E(4), 24/665-748/665*E(4), 
          -3191/665+68/95*E(4), 415/133-68/35*E(4), 0 ], 
      [ 0, 0, 0, 0, 0, -E(8) ] ], 
  [ [ 2633/1995, 638/1995, 638/1995, -58/285, 58/105, 0 ], 
      [ 638/1995, 2633/1995, 638/1995, -58/285, 58/105, 0 ], 
      [ 638/1995, 638/1995, 2633/1995, -58/285, 58/105, 0 ], 
      [ -968/665, -968/665, -968/665, 183/95, -88/35, 0 ], 
      [ -1496/665, -1496/665, -1496/665, 136/95, -101/35, 0 ], 
      [ 0, 0, 0, 0, 0, E(4) ] ], 
  [ [ 1, 0, 0, 0, 0, 0 ], [ 0, 1, 0, 0, 0, 0 ], [ 0, 0, 1, 0, 0, 0 ], 
      [ 0, 0, 0, 1, 0, 0 ], [ 0, 0, 0, 0, 1, 0 ], [ 0, 0, 0, 0, 0, -1 ] ], 
  [ [ 0, 1, 0, 0, 0, 0 ], [ 0, 0, 1, 0, 0, 0 ], [ 1, 0, 0, 0, 0, 0 ], 
      [ 0, 0, 0, 1, 0, 0 ], [ 0, 0, 0, 0, 1, 0 ], [ 0, 0, 0, 0, 0, 1 ] ], 
  [ [ E(3), 0, 0, 0, 0, 0 ], [ 0, E(3), 0, 0, 0, 0 ], [ 0, 0, E(3), 0, 0, 0 ],
      [ 0, 0, 0, E(3), 0, 0 ], [ 0, 0, 0, 0, E(3), 0 ], 
      [ 0, 0, 0, 0, 0, E(3) ] ] ]
   Cubic invariant basis strings: 
[ "(-204/29)*x5*x6^2 + (-132/29)*x4*x6^2 + x3*x6^2 + x2*x6^2 + x1*x6^2", 
  "(-5929741/18191447)*x5^3 + (-7666074/18191447)*x4*x5^2 + (-3303612/18191447\
)*x4^2*x5 + (-474552/18191447)*x4^3 + (32761/69169)*x3*x5^2 + (28236/69169)*x3\
*x4*x5 + (6084/69169)*x3*x4^2 + (32761/69169)*x2*x5^2 + (28236/69169)*x2*x4*x5\
 + (6084/69169)*x2*x4^2 + (-181/263)*x2*x3*x5 + (-78/263)*x2*x3*x4 + (32761/69\
169)*x1*x5^2 + (28236/69169)*x1*x4*x5 + (6084/69169)*x1*x4^2 + (-181/263)*x1*x\
3*x5 + (-78/263)*x1*x3*x4 + (-181/263)*x1*x2*x5 + (-78/263)*x1*x2*x4 + x1*x2*x\
3", 
  "(774181699466841/55330704983366)*x5^3 + (763236630535518/27665352491683)*x4\
*x5^2 + (520860141464877/27665352491683)*x4^2*x5 + (123048151119810/2766535249\
1683)*x4^3 + (-1698934017939/210382908682)*x3*x5^2 + (-889200631086/1051914543\
41)*x3*x4*x5 + (-250253472315/105191454341)*x3*x4^2 + x3^2*x5 + (-169893401793\
9/210382908682)*x2*x5^2 + (-889200631086/105191454341)*x2*x4*x5 + (-2502534723\
15/105191454341)*x2*x4^2 + (2)*x2*x3*x5 + x2^2*x5 + (-1698934017939/2103829086\
82)*x1*x5^2 + (-889200631086/105191454341)*x1*x4*x5 + (-250253472315/105191454\
341)*x1*x4^2 + (2)*x1*x3*x5 + (2)*x1*x2*x5 + x1^2*x5", 
  "(-188570052709605/55330704983366)*x5^3 + (-97224188887647/27665352491683)*x\
4*x5^2 + (-34821950145732/27665352491683)*x4^2*x5 + (-7941119050728/2766535249\
1683)*x4^3 + (287892510885/210382908682)*x3*x5^2 + (-224509361862/105191454341\
)*x3*x4*x5 + (-161190374196/105191454341)*x3*x4^2 + x3^2*x4 + (287892510885/21\
0382908682)*x2*x5^2 + (-224509361862/105191454341)*x2*x4*x5 + (-161190374196/1\
05191454341)*x2*x4^2 + (2)*x2*x3*x4 + x2^2*x4 + (287892510885/210382908682)*x1\
*x5^2 + (-224509361862/105191454341)*x1*x4*x5 + (-161190374196/105191454341)*x\
1*x4^2 + (2)*x1*x3*x4 + (2)*x1*x2*x4 + x1^2*x4", 
  "(422768825637243/27665352491683)*x5^3 + (922918645436652/27665352491683)*x4\
*x5^2 + (666125940126006/27665352491683)*x4^2*x5 + (160326174339036/2766535249\
1683)*x4^3 + (-784910374209/105191454341)*x3*x5^2 + (-1099441801284/1051914543\
41)*x3*x4*x5 + (-384551488506/105191454341)*x3*x4^2 + (-784910374209/105191454\
341)*x2*x5^2 + (-1099441801284/105191454341)*x2*x4*x5 + (-384551488506/1051914\
54341)*x2*x4^2 + x2*x3^2 + x2^2*x3 + (-784910374209/105191454341)*x1*x5^2 + (-\
1099441801284/105191454341)*x1*x4*x5 + (-384551488506/105191454341)*x1*x4^2 + \
x1*x3^2 + x1*x2^2 + x1^2*x3 + x1^2*x2", 
  "(1376521095539517/55330704983366)*x5^3 + (1454328854229294/27665352491683)*\
x4*x5^2 + (1029333490928217/27665352491683)*x4^2*x5 + (244819422277722/2766535\
2491683)*x4^3 + (-2952601943775/210382908682)*x3*x5^2 + (-1906808691150/105191\
454341)*x3*x4*x5 + (-632342114415/105191454341)*x3*x4^2 + x3^3 + (-29526019437\
75/210382908682)*x2*x5^2 + (-1906808691150/105191454341)*x2*x4*x5 + (-63234211\
4415/105191454341)*x2*x4^2 + (1086/263)*x2*x3*x5 + (468/263)*x2*x3*x4 + x2^3 +\
 (-2952601943775/210382908682)*x1*x5^2 + (-1906808691150/105191454341)*x1*x4*x\
5 + (-632342114415/105191454341)*x1*x4^2 + (1086/263)*x1*x3*x5 + (468/263)*x1*\
x3*x4 + (1086/263)*x1*x2*x5 + (468/263)*x1*x2*x4 + x1^3" ]
   Cubic invariant basis vectors: 
[ [ 0, -204/29, 0, 0, -132/29, 0, 0, 0, 0, 0, 1, 0, 0, 0, 0, 0, 0, 0, 0, 0, 
      1, 0, 0, 0, 0, 0, 0, 0, 0, 0, 0, 0, 0, 0, 0, 1, 0, 0, 0, 0, 0, 0, 0, 0, 
      0, 0, 0, 0, 0, 0, 0, 0, 0, 0, 0, 0 ], 
  [ 0, 0, 0, -5929741/18191447, 0, 0, -7666074/18191447, 0, -3303612/18191447,
      -474552/18191447, 0, 0, 32761/69169, 0, 28236/69169, 6084/69169, 0, 0, 
      0, 0, 0, 0, 32761/69169, 0, 28236/69169, 6084/69169, 0, -181/263, 
      -78/263, 0, 0, 0, 0, 0, 0, 0, 0, 32761/69169, 0, 28236/69169, 
      6084/69169, 0, -181/263, -78/263, 0, 0, -181/263, -78/263, 1, 0, 0, 0, 
      0, 0, 0, 0 ], 
  [ 0, 0, 0, 774181699466841/55330704983366, 0, 0, 
      763236630535518/27665352491683, 0, 520860141464877/27665352491683, 
      123048151119810/27665352491683, 0, 0, -1698934017939/210382908682, 0, 
      -889200631086/105191454341, -250253472315/105191454341, 0, 1, 0, 0, 0, 
      0, -1698934017939/210382908682, 0, -889200631086/105191454341, 
      -250253472315/105191454341, 0, 2, 0, 0, 0, 1, 0, 0, 0, 0, 0, 
      -1698934017939/210382908682, 0, -889200631086/105191454341, 
      -250253472315/105191454341, 0, 2, 0, 0, 0, 2, 0, 0, 0, 0, 1, 0, 0, 0, 0 
     ], 
  [ 0, 0, 0, -188570052709605/55330704983366, 0, 0, 
      -97224188887647/27665352491683, 0, -34821950145732/27665352491683, 
      -7941119050728/27665352491683, 0, 0, 287892510885/210382908682, 0, 
      -224509361862/105191454341, -161190374196/105191454341, 0, 0, 1, 0, 0, 
      0, 287892510885/210382908682, 0, -224509361862/105191454341, 
      -161190374196/105191454341, 0, 0, 2, 0, 0, 0, 1, 0, 0, 0, 0, 
      287892510885/210382908682, 0, -224509361862/105191454341, 
      -161190374196/105191454341, 0, 0, 2, 0, 0, 0, 2, 0, 0, 0, 0, 1, 0, 0, 0 
     ], 
  [ 0, 0, 0, 422768825637243/27665352491683, 0, 0, 
      922918645436652/27665352491683, 0, 666125940126006/27665352491683, 
      160326174339036/27665352491683, 0, 0, -784910374209/105191454341, 0, 
      -1099441801284/105191454341, -384551488506/105191454341, 0, 0, 0, 0, 0, 
      0, -784910374209/105191454341, 0, -1099441801284/105191454341, 
      -384551488506/105191454341, 0, 0, 0, 1, 0, 0, 0, 1, 0, 0, 0, 
      -784910374209/105191454341, 0, -1099441801284/105191454341, 
      -384551488506/105191454341, 0, 0, 0, 1, 0, 0, 0, 0, 1, 0, 0, 0, 1, 1, 0 
     ], 
  [ 0, 0, 0, 1376521095539517/55330704983366, 0, 0, 
      1454328854229294/27665352491683, 0, 1029333490928217/27665352491683, 
      244819422277722/27665352491683, 0, 0, -2952601943775/210382908682, 0, 
      -1906808691150/105191454341, -632342114415/105191454341, 0, 0, 0, 1, 0, 
      0, -2952601943775/210382908682, 0, -1906808691150/105191454341, 
      -632342114415/105191454341, 0, 1086/263, 468/263, 0, 0, 0, 0, 0, 1, 0, 
      0, -2952601943775/210382908682, 0, -1906808691150/105191454341, 
      -632342114415/105191454341, 0, 1086/263, 468/263, 0, 0, 1086/263, 
      468/263, 0, 0, 0, 0, 0, 0, 0, 1 ] ]

162. Candidate
   Symplectic group: S3
   Component: 2; corrigendum component, generic index 2
   Projective group ID: [ 48, 4 ]
   Strict linear group ID: [ 144, 69 ]
   Generic index: 2
   Generic full linear containment required: true
   Generic full linear containment verified: true
   Direct known case: false
   Source records: [ "S_3_corrigendum_generic_index=2_liftable.docx" ]
   Family number within this input: 7
   Strict cubic invariant dimension: 7
   Centralizer dimension: 7
   Expected moduli dimension: 0
   Determinant image order: 8
   Gonzalez status: passed
   Retained: true
   Gonzalez failure statuses: [  ]
   Matrix generators: 
[ [ [ 0, 1, 0, 0, 0, 0 ], [ 1, 0, 0, 0, 0, 0 ], [ 0, 0, 1, 0, 0, 0 ], 
      [ 0, 0, 0, 1, 0, 0 ], [ 0, 0, 0, 0, 1, 0 ], [ 0, 0, 0, 0, 0, -1 ] ], 
  [ 
      [ 2314/1995+319/1995*E(4), 319/1995+319/1995*E(4), 319/1995+319/1995*E(4), 
          -29/285-29/285*E(4), 29/105+29/105*E(4), 0 ], 
      [ 319/1995+319/1995*E(4), 2314/1995+319/1995*E(4), 
          319/1995+319/1995*E(4), -29/285-29/285*E(4), 29/105+29/105*E(4), 0 ]
        , 
      [ 319/1995+319/1995*E(4), 319/1995+319/1995*E(4), 
          2314/1995+319/1995*E(4), -29/285-29/285*E(4), 29/105+29/105*E(4), 0 
         ], 
      [ -484/665-484/665*E(4), -484/665-484/665*E(4), -484/665-484/665*E(4), 
          139/95+44/95*E(4), -44/35-44/35*E(4), 0 ], 
      [ -748/665-748/665*E(4), -748/665-748/665*E(4), -748/665-748/665*E(4), 
          68/95+68/95*E(4), -33/35-68/35*E(4), 0 ], 
      [ 0, 0, 0, 0, 0, -E(8)^3 ] ], 
  [ [ 2633/1995, 638/1995, 638/1995, -58/285, 58/105, 0 ], 
      [ 638/1995, 2633/1995, 638/1995, -58/285, 58/105, 0 ], 
      [ 638/1995, 638/1995, 2633/1995, -58/285, 58/105, 0 ], 
      [ -968/665, -968/665, -968/665, 183/95, -88/35, 0 ], 
      [ -1496/665, -1496/665, -1496/665, 136/95, -101/35, 0 ], 
      [ 0, 0, 0, 0, 0, -E(4) ] ], 
  [ [ 1, 0, 0, 0, 0, 0 ], [ 0, 1, 0, 0, 0, 0 ], [ 0, 0, 1, 0, 0, 0 ], 
      [ 0, 0, 0, 1, 0, 0 ], [ 0, 0, 0, 0, 1, 0 ], [ 0, 0, 0, 0, 0, -1 ] ], 
  [ [ 0, 1, 0, 0, 0, 0 ], [ 0, 0, 1, 0, 0, 0 ], [ 1, 0, 0, 0, 0, 0 ], 
      [ 0, 0, 0, 1, 0, 0 ], [ 0, 0, 0, 0, 1, 0 ], [ 0, 0, 0, 0, 0, 1 ] ], 
  [ [ E(3), 0, 0, 0, 0, 0 ], [ 0, E(3), 0, 0, 0, 0 ], [ 0, 0, E(3), 0, 0, 0 ],
      [ 0, 0, 0, E(3), 0, 0 ], [ 0, 0, 0, 0, E(3), 0 ], 
      [ 0, 0, 0, 0, 0, E(3) ] ] ]
   Cubic invariant basis strings: 
[ "(343/6859)*x5^3 + (147/361)*x4*x5^2 + (21/19)*x4^2*x5 + x4^3", 
  "(-1617/6859)*x5^3 + (-462/361)*x4*x5^2 + (-33/19)*x4^2*x5 + (49/361)*x3*x5^\
2 + (14/19)*x3*x4*x5 + x3*x4^2 + (49/361)*x2*x5^2 + (14/19)*x2*x4*x5 + x2*x4^2\
 + (49/361)*x1*x5^2 + (14/19)*x1*x4*x5 + x1*x4^2", 
  "(2541/6859)*x5^3 + (363/361)*x4*x5^2 + (-154/361)*x3*x5^2 + (-22/19)*x3*x4*\
x5 + (-154/361)*x2*x5^2 + (-22/19)*x2*x4*x5 + (7/19)*x2*x3*x5 + x2*x3*x4 + (-1\
54/361)*x1*x5^2 + (-22/19)*x1*x4*x5 + (7/19)*x1*x3*x5 + x1*x3*x4 + (7/19)*x1*x\
2*x5 + x1*x2*x4", 
  "(-1331/6859)*x5^3 + (121/361)*x3*x5^2 + (121/361)*x2*x5^2 + (-11/19)*x2*x3*\
x5 + (121/361)*x1*x5^2 + (-11/19)*x1*x3*x5 + (-11/19)*x1*x2*x5 + x1*x2*x3", 
  "(2541/6859)*x5^3 + (363/361)*x4*x5^2 + (-154/361)*x3*x5^2 + (-22/19)*x3*x4*\
x5 + (7/19)*x3^2*x5 + x3^2*x4 + (-154/361)*x2*x5^2 + (-22/19)*x2*x4*x5 + (7/19\
)*x2^2*x5 + x2^2*x4 + (-154/361)*x1*x5^2 + (-22/19)*x1*x4*x5 + (7/19)*x1^2*x5 \
+ x1^2*x4", 
  "(-7986/6859)*x5^3 + (726/361)*x3*x5^2 + (-22/19)*x3^2*x5 + (726/361)*x2*x5^\
2 + (-44/19)*x2*x3*x5 + x2*x3^2 + (-22/19)*x2^2*x5 + x2^2*x3 + (726/361)*x1*x5\
^2 + (-44/19)*x1*x3*x5 + x1*x3^2 + (-44/19)*x1*x2*x5 + x1*x2^2 + (-22/19)*x1^2\
*x5 + x1^2*x3 + x1^2*x2", 
  "(-3993/6859)*x5^3 + (363/361)*x3*x5^2 + (-33/19)*x3^2*x5 + x3^3 + (363/361)\
*x2*x5^2 + (-33/19)*x2^2*x5 + x2^3 + (363/361)*x1*x5^2 + (-33/19)*x1^2*x5 + x1\
^3" ]
   Cubic invariant basis vectors: 
[ [ 0, 0, 0, 343/6859, 0, 0, 147/361, 0, 21/19, 1, 0, 0, 0, 0, 0, 0, 0, 0, 0, 
      0, 0, 0, 0, 0, 0, 0, 0, 0, 0, 0, 0, 0, 0, 0, 0, 0, 0, 0, 0, 0, 0, 0, 0, 
      0, 0, 0, 0, 0, 0, 0, 0, 0, 0, 0, 0, 0 ], 
  [ 0, 0, 0, -1617/6859, 0, 0, -462/361, 0, -33/19, 0, 0, 0, 49/361, 0, 
      14/19, 1, 0, 0, 0, 0, 0, 0, 49/361, 0, 14/19, 1, 0, 0, 0, 0, 0, 0, 0, 
      0, 0, 0, 0, 49/361, 0, 14/19, 1, 0, 0, 0, 0, 0, 0, 0, 0, 0, 0, 0, 0, 0, 
      0, 0 ], 
  [ 0, 0, 0, 2541/6859, 0, 0, 363/361, 0, 0, 0, 0, 0, -154/361, 0, -22/19, 0, 
      0, 0, 0, 0, 0, 0, -154/361, 0, -22/19, 0, 0, 7/19, 1, 0, 0, 0, 0, 0, 0, 
      0, 0, -154/361, 0, -22/19, 0, 0, 7/19, 1, 0, 0, 7/19, 1, 0, 0, 0, 0, 0, 
      0, 0, 0 ], 
  [ 0, 0, 0, -1331/6859, 0, 0, 0, 0, 0, 0, 0, 0, 121/361, 0, 0, 0, 0, 0, 0, 
      0, 0, 0, 121/361, 0, 0, 0, 0, -11/19, 0, 0, 0, 0, 0, 0, 0, 0, 0, 
      121/361, 0, 0, 0, 0, -11/19, 0, 0, 0, -11/19, 0, 1, 0, 0, 0, 0, 0, 0, 0 
     ], [ 0, 0, 0, 2541/6859, 0, 0, 363/361, 0, 0, 0, 0, 0, -154/361, 0, 
      -22/19, 0, 0, 7/19, 1, 0, 0, 0, -154/361, 0, -22/19, 0, 0, 0, 0, 0, 0, 
      7/19, 1, 0, 0, 0, 0, -154/361, 0, -22/19, 0, 0, 0, 0, 0, 0, 0, 0, 0, 0, 
      0, 7/19, 1, 0, 0, 0 ], 
  [ 0, 0, 0, -7986/6859, 0, 0, 0, 0, 0, 0, 0, 0, 726/361, 0, 0, 0, 0, -22/19, 
      0, 0, 0, 0, 726/361, 0, 0, 0, 0, -44/19, 0, 1, 0, -22/19, 0, 1, 0, 0, 
      0, 726/361, 0, 0, 0, 0, -44/19, 0, 1, 0, -44/19, 0, 0, 1, 0, -22/19, 0, 
      1, 1, 0 ], 
  [ 0, 0, 0, -3993/6859, 0, 0, 0, 0, 0, 0, 0, 0, 363/361, 0, 0, 0, 0, -33/19, 
      0, 1, 0, 0, 363/361, 0, 0, 0, 0, 0, 0, 0, 0, -33/19, 0, 0, 1, 0, 0, 
      363/361, 0, 0, 0, 0, 0, 0, 0, 0, 0, 0, 0, 0, 0, -33/19, 0, 0, 0, 1 ] ]

163. Candidate
   Symplectic group: S3
   Component: 2; corrigendum component, generic index 2
   Projective group ID: [ 48, 4 ]
   Strict linear group ID: [ 144, 69 ]
   Generic index: 2
   Generic full linear containment required: true
   Generic full linear containment verified: true
   Direct known case: false
   Source records: [ "S_3_corrigendum_generic_index=2_liftable.docx" ]
   Family number within this input: 8
   Strict cubic invariant dimension: 7
   Centralizer dimension: 7
   Expected moduli dimension: 0
   Determinant image order: 8
   Gonzalez status: passed
   Retained: true
   Gonzalez failure statuses: [  ]
   Matrix generators: 
[ [ [ 0, 1, 0, 0, 0, 0 ], [ 1, 0, 0, 0, 0, 0 ], [ 0, 0, 1, 0, 0, 0 ], 
      [ 0, 0, 0, 1, 0, 0 ], [ 0, 0, 0, 0, 1, 0 ], [ 0, 0, 0, 0, 0, -1 ] ], 
  [ 
      [ -346/1995+319/1995*E(4), 1649/1995+319/1995*E(4), 
          1649/1995+319/1995*E(4), -29/285-29/285*E(4), 29/105+29/105*E(4), 0 
         ], 
      [ 1649/1995+319/1995*E(4), -346/1995+319/1995*E(4), 
          1649/1995+319/1995*E(4), -29/285-29/285*E(4), 29/105+29/105*E(4), 0 
         ], 
      [ 1649/1995+319/1995*E(4), 1649/1995+319/1995*E(4), 
          -346/1995+319/1995*E(4), -29/285-29/285*E(4), 29/105+29/105*E(4), 0 
         ], 
      [ -484/665-484/665*E(4), -484/665-484/665*E(4), -484/665-484/665*E(4), 
          139/95+44/95*E(4), -44/35-44/35*E(4), 0 ], 
      [ -748/665-748/665*E(4), -748/665-748/665*E(4), -748/665-748/665*E(4), 
          68/95+68/95*E(4), -33/35-68/35*E(4), 0 ], [ 0, 0, 0, 0, 0, -E(8) ] ]
    , 
  [ [ 2633/1995, 638/1995, 638/1995, -58/285, 58/105, 0 ], 
      [ 638/1995, 2633/1995, 638/1995, -58/285, 58/105, 0 ], 
      [ 638/1995, 638/1995, 2633/1995, -58/285, 58/105, 0 ], 
      [ -968/665, -968/665, -968/665, 183/95, -88/35, 0 ], 
      [ -1496/665, -1496/665, -1496/665, 136/95, -101/35, 0 ], 
      [ 0, 0, 0, 0, 0, E(4) ] ], 
  [ [ 1, 0, 0, 0, 0, 0 ], [ 0, 1, 0, 0, 0, 0 ], [ 0, 0, 1, 0, 0, 0 ], 
      [ 0, 0, 0, 1, 0, 0 ], [ 0, 0, 0, 0, 1, 0 ], [ 0, 0, 0, 0, 0, -1 ] ], 
  [ [ 0, 1, 0, 0, 0, 0 ], [ 0, 0, 1, 0, 0, 0 ], [ 1, 0, 0, 0, 0, 0 ], 
      [ 0, 0, 0, 1, 0, 0 ], [ 0, 0, 0, 0, 1, 0 ], [ 0, 0, 0, 0, 0, 1 ] ], 
  [ [ E(3), 0, 0, 0, 0, 0 ], [ 0, E(3), 0, 0, 0, 0 ], [ 0, 0, E(3), 0, 0, 0 ],
      [ 0, 0, 0, E(3), 0, 0 ], [ 0, 0, 0, 0, E(3), 0 ], 
      [ 0, 0, 0, 0, 0, E(3) ] ] ]
   Cubic invariant basis strings: 
[ "(343/6859)*x5^3 + (147/361)*x4*x5^2 + (21/19)*x4^2*x5 + x4^3", 
  "(-204/29)*x5*x6^2 + (-132/29)*x4*x6^2 + x3*x6^2 + x2*x6^2 + x1*x6^2", 
  "(-1617/6859)*x5^3 + (-462/361)*x4*x5^2 + (-33/19)*x4^2*x5 + (49/361)*x3*x5^\
2 + (14/19)*x3*x4*x5 + x3*x4^2 + (49/361)*x2*x5^2 + (14/19)*x2*x4*x5 + x2*x4^2\
 + (49/361)*x1*x5^2 + (14/19)*x1*x4*x5 + x1*x4^2", 
  "(2541/6859)*x5^3 + (363/361)*x4*x5^2 + (-154/361)*x3*x5^2 + (-22/19)*x3*x4*\
x5 + (-154/361)*x2*x5^2 + (-22/19)*x2*x4*x5 + (7/19)*x2*x3*x5 + x2*x3*x4 + (-1\
54/361)*x1*x5^2 + (-22/19)*x1*x4*x5 + (7/19)*x1*x3*x5 + x1*x3*x4 + (7/19)*x1*x\
2*x5 + x1*x2*x4", 
  "(2541/6859)*x5^3 + (363/361)*x4*x5^2 + (-154/361)*x3*x5^2 + (-22/19)*x3*x4*\
x5 + (7/19)*x3^2*x5 + x3^2*x4 + (-154/361)*x2*x5^2 + (-22/19)*x2*x4*x5 + (7/19\
)*x2^2*x5 + x2^2*x4 + (-154/361)*x1*x5^2 + (-22/19)*x1*x4*x5 + (7/19)*x1^2*x5 \
+ x1^2*x4", 
  "(-11979/6859)*x5^3 + (1089/361)*x3*x5^2 + (-22/19)*x3^2*x5 + (1089/361)*x2*\
x5^2 + (-77/19)*x2*x3*x5 + x2*x3^2 + (-22/19)*x2^2*x5 + x2^2*x3 + (1089/361)*x\
1*x5^2 + (-77/19)*x1*x3*x5 + x1*x3^2 + (-77/19)*x1*x2*x5 + (3)*x1*x2*x3 + x1*x\
2^2 + (-22/19)*x1^2*x5 + x1^2*x3 + x1^2*x2", 
  "(-33/19)*x3^2*x5 + x3^3 + (33/19)*x2*x3*x5 + (-33/19)*x2^2*x5 + x2^3 + (33/\
19)*x1*x3*x5 + (33/19)*x1*x2*x5 + (-3)*x1*x2*x3 + (-33/19)*x1^2*x5 + x1^3" ]
   Cubic invariant basis vectors: 
[ [ 0, 0, 0, 343/6859, 0, 0, 147/361, 0, 21/19, 1, 0, 0, 0, 0, 0, 0, 0, 0, 0, 
      0, 0, 0, 0, 0, 0, 0, 0, 0, 0, 0, 0, 0, 0, 0, 0, 0, 0, 0, 0, 0, 0, 0, 0, 
      0, 0, 0, 0, 0, 0, 0, 0, 0, 0, 0, 0, 0 ], 
  [ 0, -204/29, 0, 0, -132/29, 0, 0, 0, 0, 0, 1, 0, 0, 0, 0, 0, 0, 0, 0, 0, 
      1, 0, 0, 0, 0, 0, 0, 0, 0, 0, 0, 0, 0, 0, 0, 1, 0, 0, 0, 0, 0, 0, 0, 0, 
      0, 0, 0, 0, 0, 0, 0, 0, 0, 0, 0, 0 ], 
  [ 0, 0, 0, -1617/6859, 0, 0, -462/361, 0, -33/19, 0, 0, 0, 49/361, 0, 
      14/19, 1, 0, 0, 0, 0, 0, 0, 49/361, 0, 14/19, 1, 0, 0, 0, 0, 0, 0, 0, 
      0, 0, 0, 0, 49/361, 0, 14/19, 1, 0, 0, 0, 0, 0, 0, 0, 0, 0, 0, 0, 0, 0, 
      0, 0 ], 
  [ 0, 0, 0, 2541/6859, 0, 0, 363/361, 0, 0, 0, 0, 0, -154/361, 0, -22/19, 0, 
      0, 0, 0, 0, 0, 0, -154/361, 0, -22/19, 0, 0, 7/19, 1, 0, 0, 0, 0, 0, 0, 
      0, 0, -154/361, 0, -22/19, 0, 0, 7/19, 1, 0, 0, 7/19, 1, 0, 0, 0, 0, 0, 
      0, 0, 0 ], 
  [ 0, 0, 0, 2541/6859, 0, 0, 363/361, 0, 0, 0, 0, 0, -154/361, 0, -22/19, 0, 
      0, 7/19, 1, 0, 0, 0, -154/361, 0, -22/19, 0, 0, 0, 0, 0, 0, 7/19, 1, 0, 
      0, 0, 0, -154/361, 0, -22/19, 0, 0, 0, 0, 0, 0, 0, 0, 0, 0, 0, 7/19, 1, 
      0, 0, 0 ], 
  [ 0, 0, 0, -11979/6859, 0, 0, 0, 0, 0, 0, 0, 0, 1089/361, 0, 0, 0, 0, 
      -22/19, 0, 0, 0, 0, 1089/361, 0, 0, 0, 0, -77/19, 0, 1, 0, -22/19, 0, 
      1, 0, 0, 0, 1089/361, 0, 0, 0, 0, -77/19, 0, 1, 0, -77/19, 0, 3, 1, 0, 
      -22/19, 0, 1, 1, 0 ], 
  [ 0, 0, 0, 0, 0, 0, 0, 0, 0, 0, 0, 0, 0, 0, 0, 0, 0, -33/19, 0, 1, 0, 0, 0, 
      0, 0, 0, 0, 33/19, 0, 0, 0, -33/19, 0, 0, 1, 0, 0, 0, 0, 0, 0, 0, 
      33/19, 0, 0, 0, 33/19, 0, -3, 0, 0, -33/19, 0, 0, 0, 1 ] ]

164. Candidate
   Symplectic group: S3
   Component: 2; corrigendum component, generic index 2
   Projective group ID: [ 48, 4 ]
   Strict linear group ID: [ 144, 69 ]
   Generic index: 2
   Generic full linear containment required: true
   Generic full linear containment verified: true
   Direct known case: false
   Source records: [ "S_3_corrigendum_generic_index=2_liftable.docx" ]
   Family number within this input: 9
   Strict cubic invariant dimension: 8
   Centralizer dimension: 7
   Expected moduli dimension: 1
   Determinant image order: 8
   Gonzalez status: passed
   Retained: true
   Gonzalez failure statuses: [  ]
   Matrix generators: 
[ [ [ 0, 1, 0, 0, 0, 0 ], [ 1, 0, 0, 0, 0, 0 ], [ 0, 0, 1, 0, 0, 0 ], 
      [ 0, 0, 0, 1, 0, 0 ], [ 0, 0, 0, 0, 1, 0 ], [ 0, 0, 0, 0, 0, -1 ] ], 
  [ 
      [ 2314/1995+319/1995*E(4), 319/1995+319/1995*E(4), 319/1995+319/1995*E(4), 
          -29/285-29/285*E(4), 29/105+29/105*E(4), 0 ], 
      [ 319/1995+319/1995*E(4), 2314/1995+319/1995*E(4), 
          319/1995+319/1995*E(4), -29/285-29/285*E(4), 29/105+29/105*E(4), 0 ]
        , 
      [ 319/1995+319/1995*E(4), 319/1995+319/1995*E(4), 
          2314/1995+319/1995*E(4), -29/285-29/285*E(4), 29/105+29/105*E(4), 0 
         ], 
      [ -484/665-484/665*E(4), -484/665-484/665*E(4), -484/665-484/665*E(4), 
          139/95+44/95*E(4), -44/35-44/35*E(4), 0 ], 
      [ -748/665-748/665*E(4), -748/665-748/665*E(4), -748/665-748/665*E(4), 
          68/95+68/95*E(4), -33/35-68/35*E(4), 0 ], [ 0, 0, 0, 0, 0, -E(8) ] ]
    , 
  [ [ 2633/1995, 638/1995, 638/1995, -58/285, 58/105, 0 ], 
      [ 638/1995, 2633/1995, 638/1995, -58/285, 58/105, 0 ], 
      [ 638/1995, 638/1995, 2633/1995, -58/285, 58/105, 0 ], 
      [ -968/665, -968/665, -968/665, 183/95, -88/35, 0 ], 
      [ -1496/665, -1496/665, -1496/665, 136/95, -101/35, 0 ], 
      [ 0, 0, 0, 0, 0, E(4) ] ], 
  [ [ 1, 0, 0, 0, 0, 0 ], [ 0, 1, 0, 0, 0, 0 ], [ 0, 0, 1, 0, 0, 0 ], 
      [ 0, 0, 0, 1, 0, 0 ], [ 0, 0, 0, 0, 1, 0 ], [ 0, 0, 0, 0, 0, -1 ] ], 
  [ [ 0, 1, 0, 0, 0, 0 ], [ 0, 0, 1, 0, 0, 0 ], [ 1, 0, 0, 0, 0, 0 ], 
      [ 0, 0, 0, 1, 0, 0 ], [ 0, 0, 0, 0, 1, 0 ], [ 0, 0, 0, 0, 0, 1 ] ], 
  [ [ E(3), 0, 0, 0, 0, 0 ], [ 0, E(3), 0, 0, 0, 0 ], [ 0, 0, E(3), 0, 0, 0 ],
      [ 0, 0, 0, E(3), 0, 0 ], [ 0, 0, 0, 0, E(3), 0 ], 
      [ 0, 0, 0, 0, 0, E(3) ] ] ]
   Cubic invariant basis strings: 
[ "(343/6859)*x5^3 + (147/361)*x4*x5^2 + (21/19)*x4^2*x5 + x4^3", 
  "(-204/29)*x5*x6^2 + (-132/29)*x4*x6^2 + x3*x6^2 + x2*x6^2 + x1*x6^2", 
  "(-1617/6859)*x5^3 + (-462/361)*x4*x5^2 + (-33/19)*x4^2*x5 + (49/361)*x3*x5^\
2 + (14/19)*x3*x4*x5 + x3*x4^2 + (49/361)*x2*x5^2 + (14/19)*x2*x4*x5 + x2*x4^2\
 + (49/361)*x1*x5^2 + (14/19)*x1*x4*x5 + x1*x4^2", 
  "(2541/6859)*x5^3 + (363/361)*x4*x5^2 + (-154/361)*x3*x5^2 + (-22/19)*x3*x4*\
x5 + (-154/361)*x2*x5^2 + (-22/19)*x2*x4*x5 + (7/19)*x2*x3*x5 + x2*x3*x4 + (-1\
54/361)*x1*x5^2 + (-22/19)*x1*x4*x5 + (7/19)*x1*x3*x5 + x1*x3*x4 + (7/19)*x1*x\
2*x5 + x1*x2*x4", 
  "(-1331/6859)*x5^3 + (121/361)*x3*x5^2 + (121/361)*x2*x5^2 + (-11/19)*x2*x3*\
x5 + (121/361)*x1*x5^2 + (-11/19)*x1*x3*x5 + (-11/19)*x1*x2*x5 + x1*x2*x3", 
  "(2541/6859)*x5^3 + (363/361)*x4*x5^2 + (-154/361)*x3*x5^2 + (-22/19)*x3*x4*\
x5 + (7/19)*x3^2*x5 + x3^2*x4 + (-154/361)*x2*x5^2 + (-22/19)*x2*x4*x5 + (7/19\
)*x2^2*x5 + x2^2*x4 + (-154/361)*x1*x5^2 + (-22/19)*x1*x4*x5 + (7/19)*x1^2*x5 \
+ x1^2*x4", 
  "(-7986/6859)*x5^3 + (726/361)*x3*x5^2 + (-22/19)*x3^2*x5 + (726/361)*x2*x5^\
2 + (-44/19)*x2*x3*x5 + x2*x3^2 + (-22/19)*x2^2*x5 + x2^2*x3 + (726/361)*x1*x5\
^2 + (-44/19)*x1*x3*x5 + x1*x3^2 + (-44/19)*x1*x2*x5 + x1*x2^2 + (-22/19)*x1^2\
*x5 + x1^2*x3 + x1^2*x2", 
  "(-3993/6859)*x5^3 + (363/361)*x3*x5^2 + (-33/19)*x3^2*x5 + x3^3 + (363/361)\
*x2*x5^2 + (-33/19)*x2^2*x5 + x2^3 + (363/361)*x1*x5^2 + (-33/19)*x1^2*x5 + x1\
^3" ]
   Cubic invariant basis vectors: 
[ [ 0, 0, 0, 343/6859, 0, 0, 147/361, 0, 21/19, 1, 0, 0, 0, 0, 0, 0, 0, 0, 0, 
      0, 0, 0, 0, 0, 0, 0, 0, 0, 0, 0, 0, 0, 0, 0, 0, 0, 0, 0, 0, 0, 0, 0, 0, 
      0, 0, 0, 0, 0, 0, 0, 0, 0, 0, 0, 0, 0 ], 
  [ 0, -204/29, 0, 0, -132/29, 0, 0, 0, 0, 0, 1, 0, 0, 0, 0, 0, 0, 0, 0, 0, 
      1, 0, 0, 0, 0, 0, 0, 0, 0, 0, 0, 0, 0, 0, 0, 1, 0, 0, 0, 0, 0, 0, 0, 0, 
      0, 0, 0, 0, 0, 0, 0, 0, 0, 0, 0, 0 ], 
  [ 0, 0, 0, -1617/6859, 0, 0, -462/361, 0, -33/19, 0, 0, 0, 49/361, 0, 
      14/19, 1, 0, 0, 0, 0, 0, 0, 49/361, 0, 14/19, 1, 0, 0, 0, 0, 0, 0, 0, 
      0, 0, 0, 0, 49/361, 0, 14/19, 1, 0, 0, 0, 0, 0, 0, 0, 0, 0, 0, 0, 0, 0, 
      0, 0 ], 
  [ 0, 0, 0, 2541/6859, 0, 0, 363/361, 0, 0, 0, 0, 0, -154/361, 0, -22/19, 0, 
      0, 0, 0, 0, 0, 0, -154/361, 0, -22/19, 0, 0, 7/19, 1, 0, 0, 0, 0, 0, 0, 
      0, 0, -154/361, 0, -22/19, 0, 0, 7/19, 1, 0, 0, 7/19, 1, 0, 0, 0, 0, 0, 
      0, 0, 0 ], 
  [ 0, 0, 0, -1331/6859, 0, 0, 0, 0, 0, 0, 0, 0, 121/361, 0, 0, 0, 0, 0, 0, 
      0, 0, 0, 121/361, 0, 0, 0, 0, -11/19, 0, 0, 0, 0, 0, 0, 0, 0, 0, 
      121/361, 0, 0, 0, 0, -11/19, 0, 0, 0, -11/19, 0, 1, 0, 0, 0, 0, 0, 0, 0 
     ], [ 0, 0, 0, 2541/6859, 0, 0, 363/361, 0, 0, 0, 0, 0, -154/361, 0, 
      -22/19, 0, 0, 7/19, 1, 0, 0, 0, -154/361, 0, -22/19, 0, 0, 0, 0, 0, 0, 
      7/19, 1, 0, 0, 0, 0, -154/361, 0, -22/19, 0, 0, 0, 0, 0, 0, 0, 0, 0, 0, 
      0, 7/19, 1, 0, 0, 0 ], 
  [ 0, 0, 0, -7986/6859, 0, 0, 0, 0, 0, 0, 0, 0, 726/361, 0, 0, 0, 0, -22/19, 
      0, 0, 0, 0, 726/361, 0, 0, 0, 0, -44/19, 0, 1, 0, -22/19, 0, 1, 0, 0, 
      0, 726/361, 0, 0, 0, 0, -44/19, 0, 1, 0, -44/19, 0, 0, 1, 0, -22/19, 0, 
      1, 1, 0 ], 
  [ 0, 0, 0, -3993/6859, 0, 0, 0, 0, 0, 0, 0, 0, 363/361, 0, 0, 0, 0, -33/19, 
      0, 1, 0, 0, 363/361, 0, 0, 0, 0, 0, 0, 0, 0, -33/19, 0, 0, 1, 0, 0, 
      363/361, 0, 0, 0, 0, 0, 0, 0, 0, 0, 0, 0, 0, 0, -33/19, 0, 0, 0, 1 ] ]

165. Candidate
   Symplectic group: S3
   Component: 2; corrigendum component, generic index 2
   Projective group ID: [ 48, 4 ]
   Strict linear group ID: [ 144, 69 ]
   Generic index: 2
   Generic full linear containment required: true
   Generic full linear containment verified: true
   Direct known case: false
   Source records: [ "S_3_corrigendum_generic_index=2_liftable.docx" ]
   Family number within this input: 10
   Strict cubic invariant dimension: 7
   Centralizer dimension: 7
   Expected moduli dimension: 0
   Determinant image order: 8
   Gonzalez status: passed
   Retained: true
   Gonzalez failure statuses: [  ]
   Matrix generators: 
[ [ [ 0, 1, 0, 0, 0, 0 ], [ 1, 0, 0, 0, 0, 0 ], [ 0, 0, 1, 0, 0, 0 ], 
      [ 0, 0, 0, 1, 0, 0 ], [ 0, 0, 0, 0, 1, 0 ], [ 0, 0, 0, 0, 0, -1 ] ], 
  [ [ 1303/1995-2/3*E(4), 1303/1995+1/3*E(4), 1303/1995+1/3*E(4), -58/285, 
          58/105, 0 ], 
      [ 1303/1995+1/3*E(4), 1303/1995-2/3*E(4), 1303/1995+1/3*E(4), -58/285, 
          58/105, 0 ], 
      [ 1303/1995+1/3*E(4), 1303/1995+1/3*E(4), 1303/1995-2/3*E(4), -58/285, 
          58/105, 0 ], [ -968/665, -968/665, -968/665, 183/95, -88/35, 0 ], 
      [ -1496/665, -1496/665, -1496/665, 136/95, -101/35, 0 ], 
      [ 0, 0, 0, 0, 0, -E(8)^3 ] ], 
  [ [ -1/3, 2/3, 2/3, 0, 0, 0 ], [ 2/3, -1/3, 2/3, 0, 0, 0 ], 
      [ 2/3, 2/3, -1/3, 0, 0, 0 ], [ 0, 0, 0, 1, 0, 0 ], [ 0, 0, 0, 0, 1, 0 ],
      [ 0, 0, 0, 0, 0, -E(4) ] ], 
  [ [ 1, 0, 0, 0, 0, 0 ], [ 0, 1, 0, 0, 0, 0 ], [ 0, 0, 1, 0, 0, 0 ], 
      [ 0, 0, 0, 1, 0, 0 ], [ 0, 0, 0, 0, 1, 0 ], [ 0, 0, 0, 0, 0, -1 ] ], 
  [ [ 0, 1, 0, 0, 0, 0 ], [ 0, 0, 1, 0, 0, 0 ], [ 1, 0, 0, 0, 0, 0 ], 
      [ 0, 0, 0, 1, 0, 0 ], [ 0, 0, 0, 0, 1, 0 ], [ 0, 0, 0, 0, 0, 1 ] ], 
  [ [ E(3), 0, 0, 0, 0, 0 ], [ 0, E(3), 0, 0, 0, 0 ], [ 0, 0, E(3), 0, 0, 0 ],
      [ 0, 0, 0, E(3), 0, 0 ], [ 0, 0, 0, 0, E(3), 0 ], 
      [ 0, 0, 0, 0, 0, E(3) ] ] ]
   Cubic invariant basis strings: 
[ "(343/6859)*x5^3 + (147/361)*x4*x5^2 + (21/19)*x4^2*x5 + x4^3", 
  "(-2121/1102)*x5^3 + (-7605/1102)*x4*x5^2 + (-132/29)*x4^2*x5 + (7/19)*x3*x5\
^2 + x3*x4*x5 + (7/19)*x2*x5^2 + x2*x4*x5 + (7/19)*x1*x5^2 + x1*x4*x5", 
  "(235200/198911)*x5^3 + (39837/10469)*x4*x5^2 + (891/551)*x4^2*x5 + (-49/361\
)*x3*x5^2 + x3*x4^2 + (-49/361)*x2*x5^2 + x2*x4^2 + (-49/361)*x1*x5^2 + x1*x4^\
2", 
  "(9999/31958)*x5^3 + (-375606/15979)*x4*x5^2 + (-17424/841)*x4^2*x5 + (-5823\
/1102)*x3*x5^2 + x3^2*x5 + (-5823/1102)*x2*x5^2 + (2)*x2*x3*x5 + x2^2*x5 + (-5\
823/1102)*x1*x5^2 + (2)*x1*x3*x5 + (2)*x1*x2*x5 + x1^2*x5", 
  "(-65640267/11536838)*x5^3 + (-3732894/303601)*x4*x5^2 + (-130680/15979)*x4^\
2*x5 + (40761/20938)*x3*x5^2 + x3^2*x4 + (40761/20938)*x2*x5^2 + (2)*x2*x3*x4 \
+ x2^2*x4 + (40761/20938)*x1*x5^2 + (2)*x1*x3*x4 + (2)*x1*x2*x4 + x1^2*x4", 
  "(117906129/17608858)*x5^3 + (290075346/8804429)*x4*x5^2 + (609840/24389)*x4\
^2*x5 + (1988919/607202)*x3*x5^2 + (1988919/607202)*x2*x5^2 + (-204/29)*x2*x3*\
x5 + (-132/29)*x2*x3*x4 + x2*x3^2 + x2^2*x3 + (1988919/607202)*x1*x5^2 + (-204\
/29)*x1*x3*x5 + (-132/29)*x1*x3*x4 + x1*x3^2 + (-204/29)*x1*x2*x5 + (-132/29)*\
x1*x2*x4 + (3)*x1*x2*x3 + x1*x2^2 + x1^2*x3 + x1^2*x2", 
  "(-3964074444/167284151)*x5^3 + (-1948590864/8804429)*x4*x5^2 + (-84785184/4\
63391)*x4^2*x5 + (-8594748/303601)*x3*x5^2 + x3^3 + (-8594748/303601)*x2*x5^2 \
+ (612/29)*x2*x3*x5 + (396/29)*x2*x3*x4 + x2^3 + (-8594748/303601)*x1*x5^2 + (\
612/29)*x1*x3*x5 + (396/29)*x1*x3*x4 + (612/29)*x1*x2*x5 + (396/29)*x1*x2*x4 +\
 (-3)*x1*x2*x3 + x1^3" ]
   Cubic invariant basis vectors: 
[ [ 0, 0, 0, 343/6859, 0, 0, 147/361, 0, 21/19, 1, 0, 0, 0, 0, 0, 0, 0, 0, 0, 
      0, 0, 0, 0, 0, 0, 0, 0, 0, 0, 0, 0, 0, 0, 0, 0, 0, 0, 0, 0, 0, 0, 0, 0, 
      0, 0, 0, 0, 0, 0, 0, 0, 0, 0, 0, 0, 0 ], 
  [ 0, 0, 0, -2121/1102, 0, 0, -7605/1102, 0, -132/29, 0, 0, 0, 7/19, 0, 1, 
      0, 0, 0, 0, 0, 0, 0, 7/19, 0, 1, 0, 0, 0, 0, 0, 0, 0, 0, 0, 0, 0, 0, 
      7/19, 0, 1, 0, 0, 0, 0, 0, 0, 0, 0, 0, 0, 0, 0, 0, 0, 0, 0 ], 
  [ 0, 0, 0, 235200/198911, 0, 0, 39837/10469, 0, 891/551, 0, 0, 0, -49/361, 
      0, 0, 1, 0, 0, 0, 0, 0, 0, -49/361, 0, 0, 1, 0, 0, 0, 0, 0, 0, 0, 0, 0, 
      0, 0, -49/361, 0, 0, 1, 0, 0, 0, 0, 0, 0, 0, 0, 0, 0, 0, 0, 0, 0, 0 ], 
  [ 0, 0, 0, 9999/31958, 0, 0, -375606/15979, 0, -17424/841, 0, 0, 0, 
      -5823/1102, 0, 0, 0, 0, 1, 0, 0, 0, 0, -5823/1102, 0, 0, 0, 0, 2, 0, 0, 
      0, 1, 0, 0, 0, 0, 0, -5823/1102, 0, 0, 0, 0, 2, 0, 0, 0, 2, 0, 0, 0, 0, 
      1, 0, 0, 0, 0 ], 
  [ 0, 0, 0, -65640267/11536838, 0, 0, -3732894/303601, 0, -130680/15979, 0, 
      0, 0, 40761/20938, 0, 0, 0, 0, 0, 1, 0, 0, 0, 40761/20938, 0, 0, 0, 0, 
      0, 2, 0, 0, 0, 1, 0, 0, 0, 0, 40761/20938, 0, 0, 0, 0, 0, 2, 0, 0, 0, 
      2, 0, 0, 0, 0, 1, 0, 0, 0 ], 
  [ 0, 0, 0, 117906129/17608858, 0, 0, 290075346/8804429, 0, 609840/24389, 0, 
      0, 0, 1988919/607202, 0, 0, 0, 0, 0, 0, 0, 0, 0, 1988919/607202, 0, 0, 
      0, 0, -204/29, -132/29, 1, 0, 0, 0, 1, 0, 0, 0, 1988919/607202, 0, 0, 
      0, 0, -204/29, -132/29, 1, 0, -204/29, -132/29, 3, 1, 0, 0, 0, 1, 1, 0 ]
    , [ 0, 0, 0, -3964074444/167284151, 0, 0, -1948590864/8804429, 0, 
      -84785184/463391, 0, 0, 0, -8594748/303601, 0, 0, 0, 0, 0, 0, 1, 0, 0, 
      -8594748/303601, 0, 0, 0, 0, 612/29, 396/29, 0, 0, 0, 0, 0, 1, 0, 0, 
      -8594748/303601, 0, 0, 0, 0, 612/29, 396/29, 0, 0, 612/29, 396/29, -3, 
      0, 0, 0, 0, 0, 0, 1 ] ]

166. Candidate
   Symplectic group: S3
   Component: 2; corrigendum component, generic index 2
   Projective group ID: [ 48, 4 ]
   Strict linear group ID: [ 144, 69 ]
   Generic index: 2
   Generic full linear containment required: true
   Generic full linear containment verified: true
   Direct known case: false
   Source records: [ "S_3_corrigendum_generic_index=2_liftable.docx" ]
   Family number within this input: 11
   Strict cubic invariant dimension: 7
   Centralizer dimension: 7
   Expected moduli dimension: 0
   Determinant image order: 8
   Gonzalez status: passed
   Retained: true
   Gonzalez failure statuses: [  ]
   Matrix generators: 
[ [ [ 0, 1, 0, 0, 0, 0 ], [ 1, 0, 0, 0, 0, 0 ], [ 0, 0, 1, 0, 0, 0 ], 
      [ 0, 0, 0, 1, 0, 0 ], [ 0, 0, 0, 0, 1, 0 ], [ 0, 0, 0, 0, 0, -1 ] ], 
  [ [ 1303/1995+2/3*E(4), 1303/1995-1/3*E(4), 1303/1995-1/3*E(4), -58/285, 
          58/105, 0 ], 
      [ 1303/1995-1/3*E(4), 1303/1995+2/3*E(4), 1303/1995-1/3*E(4), -58/285, 
          58/105, 0 ], 
      [ 1303/1995-1/3*E(4), 1303/1995-1/3*E(4), 1303/1995+2/3*E(4), -58/285, 
          58/105, 0 ], [ -968/665, -968/665, -968/665, 183/95, -88/35, 0 ], 
      [ -1496/665, -1496/665, -1496/665, 136/95, -101/35, 0 ], 
      [ 0, 0, 0, 0, 0, -E(8)^3 ] ], 
  [ [ -1/3, 2/3, 2/3, 0, 0, 0 ], [ 2/3, -1/3, 2/3, 0, 0, 0 ], 
      [ 2/3, 2/3, -1/3, 0, 0, 0 ], [ 0, 0, 0, 1, 0, 0 ], [ 0, 0, 0, 0, 1, 0 ],
      [ 0, 0, 0, 0, 0, -E(4) ] ], 
  [ [ 1, 0, 0, 0, 0, 0 ], [ 0, 1, 0, 0, 0, 0 ], [ 0, 0, 1, 0, 0, 0 ], 
      [ 0, 0, 0, 1, 0, 0 ], [ 0, 0, 0, 0, 1, 0 ], [ 0, 0, 0, 0, 0, -1 ] ], 
  [ [ 0, 1, 0, 0, 0, 0 ], [ 0, 0, 1, 0, 0, 0 ], [ 1, 0, 0, 0, 0, 0 ], 
      [ 0, 0, 0, 1, 0, 0 ], [ 0, 0, 0, 0, 1, 0 ], [ 0, 0, 0, 0, 0, 1 ] ], 
  [ [ E(3), 0, 0, 0, 0, 0 ], [ 0, E(3), 0, 0, 0, 0 ], [ 0, 0, E(3), 0, 0, 0 ],
      [ 0, 0, 0, E(3), 0, 0 ], [ 0, 0, 0, 0, E(3), 0 ], 
      [ 0, 0, 0, 0, 0, E(3) ] ] ]
   Cubic invariant basis strings: 
[ "(343/6859)*x5^3 + (147/361)*x4*x5^2 + (21/19)*x4^2*x5 + x4^3", 
  "(-2121/1102)*x5^3 + (-7605/1102)*x4*x5^2 + (-132/29)*x4^2*x5 + (7/19)*x3*x5\
^2 + x3*x4*x5 + (7/19)*x2*x5^2 + x2*x4*x5 + (7/19)*x1*x5^2 + x1*x4*x5", 
  "(235200/198911)*x5^3 + (39837/10469)*x4*x5^2 + (891/551)*x4^2*x5 + (-49/361\
)*x3*x5^2 + x3*x4^2 + (-49/361)*x2*x5^2 + x2*x4^2 + (-49/361)*x1*x5^2 + x1*x4^\
2", 
  "(9999/31958)*x5^3 + (-375606/15979)*x4*x5^2 + (-17424/841)*x4^2*x5 + (-5823\
/1102)*x3*x5^2 + x3^2*x5 + (-5823/1102)*x2*x5^2 + (2)*x2*x3*x5 + x2^2*x5 + (-5\
823/1102)*x1*x5^2 + (2)*x1*x3*x5 + (2)*x1*x2*x5 + x1^2*x5", 
  "(-65640267/11536838)*x5^3 + (-3732894/303601)*x4*x5^2 + (-130680/15979)*x4^\
2*x5 + (40761/20938)*x3*x5^2 + x3^2*x4 + (40761/20938)*x2*x5^2 + (2)*x2*x3*x4 \
+ x2^2*x4 + (40761/20938)*x1*x5^2 + (2)*x1*x3*x4 + (2)*x1*x2*x4 + x1^2*x4", 
  "(117906129/17608858)*x5^3 + (290075346/8804429)*x4*x5^2 + (609840/24389)*x4\
^2*x5 + (1988919/607202)*x3*x5^2 + (1988919/607202)*x2*x5^2 + (-204/29)*x2*x3*\
x5 + (-132/29)*x2*x3*x4 + x2*x3^2 + x2^2*x3 + (1988919/607202)*x1*x5^2 + (-204\
/29)*x1*x3*x5 + (-132/29)*x1*x3*x4 + x1*x3^2 + (-204/29)*x1*x2*x5 + (-132/29)*\
x1*x2*x4 + (3)*x1*x2*x3 + x1*x2^2 + x1^2*x3 + x1^2*x2", 
  "(-3964074444/167284151)*x5^3 + (-1948590864/8804429)*x4*x5^2 + (-84785184/4\
63391)*x4^2*x5 + (-8594748/303601)*x3*x5^2 + x3^3 + (-8594748/303601)*x2*x5^2 \
+ (612/29)*x2*x3*x5 + (396/29)*x2*x3*x4 + x2^3 + (-8594748/303601)*x1*x5^2 + (\
612/29)*x1*x3*x5 + (396/29)*x1*x3*x4 + (612/29)*x1*x2*x5 + (396/29)*x1*x2*x4 +\
 (-3)*x1*x2*x3 + x1^3" ]
   Cubic invariant basis vectors: 
[ [ 0, 0, 0, 343/6859, 0, 0, 147/361, 0, 21/19, 1, 0, 0, 0, 0, 0, 0, 0, 0, 0, 
      0, 0, 0, 0, 0, 0, 0, 0, 0, 0, 0, 0, 0, 0, 0, 0, 0, 0, 0, 0, 0, 0, 0, 0, 
      0, 0, 0, 0, 0, 0, 0, 0, 0, 0, 0, 0, 0 ], 
  [ 0, 0, 0, -2121/1102, 0, 0, -7605/1102, 0, -132/29, 0, 0, 0, 7/19, 0, 1, 
      0, 0, 0, 0, 0, 0, 0, 7/19, 0, 1, 0, 0, 0, 0, 0, 0, 0, 0, 0, 0, 0, 0, 
      7/19, 0, 1, 0, 0, 0, 0, 0, 0, 0, 0, 0, 0, 0, 0, 0, 0, 0, 0 ], 
  [ 0, 0, 0, 235200/198911, 0, 0, 39837/10469, 0, 891/551, 0, 0, 0, -49/361, 
      0, 0, 1, 0, 0, 0, 0, 0, 0, -49/361, 0, 0, 1, 0, 0, 0, 0, 0, 0, 0, 0, 0, 
      0, 0, -49/361, 0, 0, 1, 0, 0, 0, 0, 0, 0, 0, 0, 0, 0, 0, 0, 0, 0, 0 ], 
  [ 0, 0, 0, 9999/31958, 0, 0, -375606/15979, 0, -17424/841, 0, 0, 0, 
      -5823/1102, 0, 0, 0, 0, 1, 0, 0, 0, 0, -5823/1102, 0, 0, 0, 0, 2, 0, 0, 
      0, 1, 0, 0, 0, 0, 0, -5823/1102, 0, 0, 0, 0, 2, 0, 0, 0, 2, 0, 0, 0, 0, 
      1, 0, 0, 0, 0 ], 
  [ 0, 0, 0, -65640267/11536838, 0, 0, -3732894/303601, 0, -130680/15979, 0, 
      0, 0, 40761/20938, 0, 0, 0, 0, 0, 1, 0, 0, 0, 40761/20938, 0, 0, 0, 0, 
      0, 2, 0, 0, 0, 1, 0, 0, 0, 0, 40761/20938, 0, 0, 0, 0, 0, 2, 0, 0, 0, 
      2, 0, 0, 0, 0, 1, 0, 0, 0 ], 
  [ 0, 0, 0, 117906129/17608858, 0, 0, 290075346/8804429, 0, 609840/24389, 0, 
      0, 0, 1988919/607202, 0, 0, 0, 0, 0, 0, 0, 0, 0, 1988919/607202, 0, 0, 
      0, 0, -204/29, -132/29, 1, 0, 0, 0, 1, 0, 0, 0, 1988919/607202, 0, 0, 
      0, 0, -204/29, -132/29, 1, 0, -204/29, -132/29, 3, 1, 0, 0, 0, 1, 1, 0 ]
    , [ 0, 0, 0, -3964074444/167284151, 0, 0, -1948590864/8804429, 0, 
      -84785184/463391, 0, 0, 0, -8594748/303601, 0, 0, 0, 0, 0, 0, 1, 0, 0, 
      -8594748/303601, 0, 0, 0, 0, 612/29, 396/29, 0, 0, 0, 0, 0, 1, 0, 0, 
      -8594748/303601, 0, 0, 0, 0, 612/29, 396/29, 0, 0, 612/29, 396/29, -3, 
      0, 0, 0, 0, 0, 0, 1 ] ]

167. Candidate
   Symplectic group: S3
   Component: 2; corrigendum component, generic index 2
   Projective group ID: [ 48, 4 ]
   Strict linear group ID: [ 144, 69 ]
   Generic index: 2
   Generic full linear containment required: true
   Generic full linear containment verified: true
   Direct known case: false
   Source records: [ "S_3_corrigendum_generic_index=2_liftable.docx" ]
   Family number within this input: 12
   Strict cubic invariant dimension: 8
   Centralizer dimension: 7
   Expected moduli dimension: 1
   Determinant image order: 8
   Gonzalez status: passed
   Retained: true
   Gonzalez failure statuses: [  ]
   Matrix generators: 
[ [ [ 0, 1, 0, 0, 0, 0 ], [ 1, 0, 0, 0, 0, 0 ], [ 0, 0, 1, 0, 0, 0 ], 
      [ 0, 0, 0, 1, 0, 0 ], [ 0, 0, 0, 0, 1, 0 ], [ 0, 0, 0, 0, 0, -1 ] ], 
  [ [ -9/665, 656/665, 656/665, -58/285, 58/105, 0 ], 
      [ 656/665, -9/665, 656/665, -58/285, 58/105, 0 ], 
      [ 656/665, 656/665, -9/665, -58/285, 58/105, 0 ], 
      [ -968/665, -968/665, -968/665, 183/95, -88/35, 0 ], 
      [ -1496/665, -1496/665, -1496/665, 136/95, -101/35, 0 ], 
      [ 0, 0, 0, 0, 0, -E(8)^3 ] ], 
  [ [ 1, 0, 0, 0, 0, 0 ], [ 0, 1, 0, 0, 0, 0 ], [ 0, 0, 1, 0, 0, 0 ], 
      [ 0, 0, 0, 1, 0, 0 ], [ 0, 0, 0, 0, 1, 0 ], [ 0, 0, 0, 0, 0, -E(4) ] ], 
  [ [ 1, 0, 0, 0, 0, 0 ], [ 0, 1, 0, 0, 0, 0 ], [ 0, 0, 1, 0, 0, 0 ], 
      [ 0, 0, 0, 1, 0, 0 ], [ 0, 0, 0, 0, 1, 0 ], [ 0, 0, 0, 0, 0, -1 ] ], 
  [ [ 0, 1, 0, 0, 0, 0 ], [ 0, 0, 1, 0, 0, 0 ], [ 1, 0, 0, 0, 0, 0 ], 
      [ 0, 0, 0, 1, 0, 0 ], [ 0, 0, 0, 0, 1, 0 ], [ 0, 0, 0, 0, 0, 1 ] ], 
  [ [ E(3), 0, 0, 0, 0, 0 ], [ 0, E(3), 0, 0, 0, 0 ], [ 0, 0, E(3), 0, 0, 0 ],
      [ 0, 0, 0, E(3), 0, 0 ], [ 0, 0, 0, 0, E(3), 0 ], 
      [ 0, 0, 0, 0, 0, E(3) ] ] ]
   Cubic invariant basis strings: 
[ "(343/6859)*x5^3 + (147/361)*x4*x5^2 + (21/19)*x4^2*x5 + x4^3", 
  "(-2121/1102)*x5^3 + (-7605/1102)*x4*x5^2 + (-132/29)*x4^2*x5 + (7/19)*x3*x5\
^2 + x3*x4*x5 + (7/19)*x2*x5^2 + x2*x4*x5 + (7/19)*x1*x5^2 + x1*x4*x5", 
  "(235200/198911)*x5^3 + (39837/10469)*x4*x5^2 + (891/551)*x4^2*x5 + (-49/361\
)*x3*x5^2 + x3*x4^2 + (-49/361)*x2*x5^2 + x2*x4^2 + (-49/361)*x1*x5^2 + x1*x4^\
2", 
  "(-369600/198911)*x5^3 + (-73128/10469)*x4*x5^2 + (-2904/551)*x4^2*x5 + (7/1\
9)*x2*x3*x5 + x2*x3*x4 + (7/19)*x1*x3*x5 + x1*x3*x4 + (7/19)*x1*x2*x5 + x1*x2*\
x4", 
  "(9999/31958)*x5^3 + (-375606/15979)*x4*x5^2 + (-17424/841)*x4^2*x5 + (-5823\
/1102)*x3*x5^2 + x3^2*x5 + (-5823/1102)*x2*x5^2 + (2)*x2*x3*x5 + x2^2*x5 + (-5\
823/1102)*x1*x5^2 + (2)*x1*x3*x5 + (2)*x1*x2*x5 + x1^2*x5", 
  "(-22766667/11536838)*x5^3 + (508530/303601)*x4*x5^2 + (37752/15979)*x4^2*x5\
 + (40761/20938)*x3*x5^2 + x3^2*x4 + (40761/20938)*x2*x5^2 + (-14/19)*x2*x3*x5\
 + x2^2*x4 + (40761/20938)*x1*x5^2 + (-14/19)*x1*x3*x5 + (-14/19)*x1*x2*x5 + x\
1^2*x4", 
  "(-7984548/5768419)*x5^3 + (-8263332/303601)*x4*x5^2 + (-383328/15979)*x4^2*\
x5 + (-32472/10469)*x3*x5^2 + (-32472/10469)*x2*x5^2 + (-33/19)*x2*x3*x5 + x2*\
x3^2 + x2^2*x3 + (-32472/10469)*x1*x5^2 + (-33/19)*x1*x3*x5 + x1*x3^2 + (-33/1\
9)*x1*x2*x5 + (3)*x1*x2*x3 + x1*x2^2 + x1^2*x3 + x1^2*x2", 
  "(329967/607202)*x5^3 + (-12394998/303601)*x4*x5^2 + (-574992/15979)*x4^2*x5\
 + (-192159/20938)*x3*x5^2 + x3^3 + (-192159/20938)*x2*x5^2 + (99/19)*x2*x3*x5\
 + x2^3 + (-192159/20938)*x1*x5^2 + (99/19)*x1*x3*x5 + (99/19)*x1*x2*x5 + (-3)\
*x1*x2*x3 + x1^3" ]
   Cubic invariant basis vectors: 
[ [ 0, 0, 0, 343/6859, 0, 0, 147/361, 0, 21/19, 1, 0, 0, 0, 0, 0, 0, 0, 0, 0, 
      0, 0, 0, 0, 0, 0, 0, 0, 0, 0, 0, 0, 0, 0, 0, 0, 0, 0, 0, 0, 0, 0, 0, 0, 
      0, 0, 0, 0, 0, 0, 0, 0, 0, 0, 0, 0, 0 ], 
  [ 0, 0, 0, -2121/1102, 0, 0, -7605/1102, 0, -132/29, 0, 0, 0, 7/19, 0, 1, 
      0, 0, 0, 0, 0, 0, 0, 7/19, 0, 1, 0, 0, 0, 0, 0, 0, 0, 0, 0, 0, 0, 0, 
      7/19, 0, 1, 0, 0, 0, 0, 0, 0, 0, 0, 0, 0, 0, 0, 0, 0, 0, 0 ], 
  [ 0, 0, 0, 235200/198911, 0, 0, 39837/10469, 0, 891/551, 0, 0, 0, -49/361, 
      0, 0, 1, 0, 0, 0, 0, 0, 0, -49/361, 0, 0, 1, 0, 0, 0, 0, 0, 0, 0, 0, 0, 
      0, 0, -49/361, 0, 0, 1, 0, 0, 0, 0, 0, 0, 0, 0, 0, 0, 0, 0, 0, 0, 0 ], 
  [ 0, 0, 0, -369600/198911, 0, 0, -73128/10469, 0, -2904/551, 0, 0, 0, 0, 0, 
      0, 0, 0, 0, 0, 0, 0, 0, 0, 0, 0, 0, 0, 7/19, 1, 0, 0, 0, 0, 0, 0, 0, 0, 
      0, 0, 0, 0, 0, 7/19, 1, 0, 0, 7/19, 1, 0, 0, 0, 0, 0, 0, 0, 0 ], 
  [ 0, 0, 0, 9999/31958, 0, 0, -375606/15979, 0, -17424/841, 0, 0, 0, 
      -5823/1102, 0, 0, 0, 0, 1, 0, 0, 0, 0, -5823/1102, 0, 0, 0, 0, 2, 0, 0, 
      0, 1, 0, 0, 0, 0, 0, -5823/1102, 0, 0, 0, 0, 2, 0, 0, 0, 2, 0, 0, 0, 0, 
      1, 0, 0, 0, 0 ], 
  [ 0, 0, 0, -22766667/11536838, 0, 0, 508530/303601, 0, 37752/15979, 0, 0, 
      0, 40761/20938, 0, 0, 0, 0, 0, 1, 0, 0, 0, 40761/20938, 0, 0, 0, 0, 
      -14/19, 0, 0, 0, 0, 1, 0, 0, 0, 0, 40761/20938, 0, 0, 0, 0, -14/19, 0, 
      0, 0, -14/19, 0, 0, 0, 0, 0, 1, 0, 0, 0 ], 
  [ 0, 0, 0, -7984548/5768419, 0, 0, -8263332/303601, 0, -383328/15979, 0, 0, 
      0, -32472/10469, 0, 0, 0, 0, 0, 0, 0, 0, 0, -32472/10469, 0, 0, 0, 0, 
      -33/19, 0, 1, 0, 0, 0, 1, 0, 0, 0, -32472/10469, 0, 0, 0, 0, -33/19, 0, 
      1, 0, -33/19, 0, 3, 1, 0, 0, 0, 1, 1, 0 ], 
  [ 0, 0, 0, 329967/607202, 0, 0, -12394998/303601, 0, -574992/15979, 0, 0, 
      0, -192159/20938, 0, 0, 0, 0, 0, 0, 1, 0, 0, -192159/20938, 0, 0, 0, 0, 
      99/19, 0, 0, 0, 0, 0, 0, 1, 0, 0, -192159/20938, 0, 0, 0, 0, 99/19, 0, 
      0, 0, 99/19, 0, -3, 0, 0, 0, 0, 0, 0, 1 ] ]

168. Candidate
   Symplectic group: S3
   Component: 2; corrigendum component, generic index 2
   Projective group ID: [ 48, 4 ]
   Strict linear group ID: [ 144, 69 ]
   Generic index: 2
   Generic full linear containment required: true
   Generic full linear containment verified: true
   Direct known case: false
   Source records: [ "S_3_corrigendum_generic_index=2_liftable.docx" ]
   Family number within this input: 13
   Strict cubic invariant dimension: 9
   Centralizer dimension: 7
   Expected moduli dimension: 2
   Determinant image order: 8
   Gonzalez status: passed
   Retained: true
   Gonzalez failure statuses: [  ]
   Matrix generators: 
[ [ [ 0, 1, 0, 0, 0, 0 ], [ 1, 0, 0, 0, 0, 0 ], [ 0, 0, 1, 0, 0, 0 ], 
      [ 0, 0, 0, 1, 0, 0 ], [ 0, 0, 0, 0, 1, 0 ], [ 0, 0, 0, 0, 0, -1 ] ], 
  [ [ 2633/1995, 638/1995, 638/1995, -58/285, 58/105, 0 ], 
      [ 638/1995, 2633/1995, 638/1995, -58/285, 58/105, 0 ], 
      [ 638/1995, 638/1995, 2633/1995, -58/285, 58/105, 0 ], 
      [ -968/665, -968/665, -968/665, 183/95, -88/35, 0 ], 
      [ -1496/665, -1496/665, -1496/665, 136/95, -101/35, 0 ], 
      [ 0, 0, 0, 0, 0, -E(8)^3 ] ], 
  [ [ 1, 0, 0, 0, 0, 0 ], [ 0, 1, 0, 0, 0, 0 ], [ 0, 0, 1, 0, 0, 0 ], 
      [ 0, 0, 0, 1, 0, 0 ], [ 0, 0, 0, 0, 1, 0 ], [ 0, 0, 0, 0, 0, -E(4) ] ], 
  [ [ 1, 0, 0, 0, 0, 0 ], [ 0, 1, 0, 0, 0, 0 ], [ 0, 0, 1, 0, 0, 0 ], 
      [ 0, 0, 0, 1, 0, 0 ], [ 0, 0, 0, 0, 1, 0 ], [ 0, 0, 0, 0, 0, -1 ] ], 
  [ [ 0, 1, 0, 0, 0, 0 ], [ 0, 0, 1, 0, 0, 0 ], [ 1, 0, 0, 0, 0, 0 ], 
      [ 0, 0, 0, 1, 0, 0 ], [ 0, 0, 0, 0, 1, 0 ], [ 0, 0, 0, 0, 0, 1 ] ], 
  [ [ E(3), 0, 0, 0, 0, 0 ], [ 0, E(3), 0, 0, 0, 0 ], [ 0, 0, E(3), 0, 0, 0 ],
      [ 0, 0, 0, E(3), 0, 0 ], [ 0, 0, 0, 0, E(3), 0 ], 
      [ 0, 0, 0, 0, 0, E(3) ] ] ]
   Cubic invariant basis strings: 
[ "(343/6859)*x5^3 + (147/361)*x4*x5^2 + (21/19)*x4^2*x5 + x4^3", 
  "(-2121/1102)*x5^3 + (-7605/1102)*x4*x5^2 + (-132/29)*x4^2*x5 + (7/19)*x3*x5\
^2 + x3*x4*x5 + (7/19)*x2*x5^2 + x2*x4*x5 + (7/19)*x1*x5^2 + x1*x4*x5", 
  "(235200/198911)*x5^3 + (39837/10469)*x4*x5^2 + (891/551)*x4^2*x5 + (-49/361\
)*x3*x5^2 + x3*x4^2 + (-49/361)*x2*x5^2 + x2*x4^2 + (-49/361)*x1*x5^2 + x1*x4^\
2", 
  "(-369600/198911)*x5^3 + (-73128/10469)*x4*x5^2 + (-2904/551)*x4^2*x5 + (7/1\
9)*x2*x3*x5 + x2*x3*x4 + (7/19)*x1*x3*x5 + x1*x3*x4 + (7/19)*x1*x2*x5 + x1*x2*\
x4", 
  "(-1331/6859)*x5^3 + (121/361)*x3*x5^2 + (121/361)*x2*x5^2 + (-11/19)*x2*x3*\
x5 + (121/361)*x1*x5^2 + (-11/19)*x1*x3*x5 + (-11/19)*x1*x2*x5 + x1*x2*x3", 
  "(9999/31958)*x5^3 + (-375606/15979)*x4*x5^2 + (-17424/841)*x4^2*x5 + (-5823\
/1102)*x3*x5^2 + x3^2*x5 + (-5823/1102)*x2*x5^2 + (2)*x2*x3*x5 + x2^2*x5 + (-5\
823/1102)*x1*x5^2 + (2)*x1*x3*x5 + (2)*x1*x2*x5 + x1^2*x5", 
  "(-22766667/11536838)*x5^3 + (508530/303601)*x4*x5^2 + (37752/15979)*x4^2*x5\
 + (40761/20938)*x3*x5^2 + x3^2*x4 + (40761/20938)*x2*x5^2 + (-14/19)*x2*x3*x5\
 + x2^2*x4 + (40761/20938)*x1*x5^2 + (-14/19)*x1*x3*x5 + (-14/19)*x1*x2*x5 + x\
1^2*x4", 
  "(-4626435/5768419)*x5^3 + (-8263332/303601)*x4*x5^2 + (-383328/15979)*x4^2*\
x5 + (-42999/10469)*x3*x5^2 + (-42999/10469)*x2*x5^2 + x2*x3^2 + x2^2*x3 + (-4\
2999/10469)*x1*x5^2 + x1*x3^2 + x1*x2^2 + x1^2*x3 + x1^2*x2", 
  "(-446853/11536838)*x5^3 + (-12394998/303601)*x4*x5^2 + (-574992/15979)*x4^2\
*x5 + (-171105/20938)*x3*x5^2 + x3^3 + (-171105/20938)*x2*x5^2 + (66/19)*x2*x3\
*x5 + x2^3 + (-171105/20938)*x1*x5^2 + (66/19)*x1*x3*x5 + (66/19)*x1*x2*x5 + x\
1^3" ]
   Cubic invariant basis vectors: 
[ [ 0, 0, 0, 343/6859, 0, 0, 147/361, 0, 21/19, 1, 0, 0, 0, 0, 0, 0, 0, 0, 0, 
      0, 0, 0, 0, 0, 0, 0, 0, 0, 0, 0, 0, 0, 0, 0, 0, 0, 0, 0, 0, 0, 0, 0, 0, 
      0, 0, 0, 0, 0, 0, 0, 0, 0, 0, 0, 0, 0 ], 
  [ 0, 0, 0, -2121/1102, 0, 0, -7605/1102, 0, -132/29, 0, 0, 0, 7/19, 0, 1, 
      0, 0, 0, 0, 0, 0, 0, 7/19, 0, 1, 0, 0, 0, 0, 0, 0, 0, 0, 0, 0, 0, 0, 
      7/19, 0, 1, 0, 0, 0, 0, 0, 0, 0, 0, 0, 0, 0, 0, 0, 0, 0, 0 ], 
  [ 0, 0, 0, 235200/198911, 0, 0, 39837/10469, 0, 891/551, 0, 0, 0, -49/361, 
      0, 0, 1, 0, 0, 0, 0, 0, 0, -49/361, 0, 0, 1, 0, 0, 0, 0, 0, 0, 0, 0, 0, 
      0, 0, -49/361, 0, 0, 1, 0, 0, 0, 0, 0, 0, 0, 0, 0, 0, 0, 0, 0, 0, 0 ], 
  [ 0, 0, 0, -369600/198911, 0, 0, -73128/10469, 0, -2904/551, 0, 0, 0, 0, 0, 
      0, 0, 0, 0, 0, 0, 0, 0, 0, 0, 0, 0, 0, 7/19, 1, 0, 0, 0, 0, 0, 0, 0, 0, 
      0, 0, 0, 0, 0, 7/19, 1, 0, 0, 7/19, 1, 0, 0, 0, 0, 0, 0, 0, 0 ], 
  [ 0, 0, 0, -1331/6859, 0, 0, 0, 0, 0, 0, 0, 0, 121/361, 0, 0, 0, 0, 0, 0, 
      0, 0, 0, 121/361, 0, 0, 0, 0, -11/19, 0, 0, 0, 0, 0, 0, 0, 0, 0, 
      121/361, 0, 0, 0, 0, -11/19, 0, 0, 0, -11/19, 0, 1, 0, 0, 0, 0, 0, 0, 0 
     ], [ 0, 0, 0, 9999/31958, 0, 0, -375606/15979, 0, -17424/841, 0, 0, 0, 
      -5823/1102, 0, 0, 0, 0, 1, 0, 0, 0, 0, -5823/1102, 0, 0, 0, 0, 2, 0, 0, 
      0, 1, 0, 0, 0, 0, 0, -5823/1102, 0, 0, 0, 0, 2, 0, 0, 0, 2, 0, 0, 0, 0, 
      1, 0, 0, 0, 0 ], 
  [ 0, 0, 0, -22766667/11536838, 0, 0, 508530/303601, 0, 37752/15979, 0, 0, 
      0, 40761/20938, 0, 0, 0, 0, 0, 1, 0, 0, 0, 40761/20938, 0, 0, 0, 0, 
      -14/19, 0, 0, 0, 0, 1, 0, 0, 0, 0, 40761/20938, 0, 0, 0, 0, -14/19, 0, 
      0, 0, -14/19, 0, 0, 0, 0, 0, 1, 0, 0, 0 ], 
  [ 0, 0, 0, -4626435/5768419, 0, 0, -8263332/303601, 0, -383328/15979, 0, 0, 
      0, -42999/10469, 0, 0, 0, 0, 0, 0, 0, 0, 0, -42999/10469, 0, 0, 0, 0, 
      0, 0, 1, 0, 0, 0, 1, 0, 0, 0, -42999/10469, 0, 0, 0, 0, 0, 0, 1, 0, 0, 
      0, 0, 1, 0, 0, 0, 1, 1, 0 ], 
  [ 0, 0, 0, -446853/11536838, 0, 0, -12394998/303601, 0, -574992/15979, 0, 
      0, 0, -171105/20938, 0, 0, 0, 0, 0, 0, 1, 0, 0, -171105/20938, 0, 0, 0, 
      0, 66/19, 0, 0, 0, 0, 0, 0, 1, 0, 0, -171105/20938, 0, 0, 0, 0, 66/19, 
      0, 0, 0, 66/19, 0, 0, 0, 0, 0, 0, 0, 0, 1 ] ]

169. Candidate
   Symplectic group: S3
   Component: 2; corrigendum component, generic index 2
   Projective group ID: [ 48, 4 ]
   Strict linear group ID: [ 144, 69 ]
   Generic index: 2
   Generic full linear containment required: true
   Generic full linear containment verified: true
   Direct known case: false
   Source records: [ "S_3_corrigendum_generic_index=2_liftable.docx" ]
   Family number within this input: 14
   Strict cubic invariant dimension: 13
   Centralizer dimension: 11
   Expected moduli dimension: 2
   Determinant image order: 8
   Gonzalez status: passed
   Retained: true
   Gonzalez failure statuses: [  ]
   Matrix generators: 
[ [ [ 0, 1, 0, 0, 0, 0 ], [ 1, 0, 0, 0, 0, 0 ], [ 0, 0, 1, 0, 0, 0 ], 
      [ 0, 0, 0, 1, 0, 0 ], [ 0, 0, 0, 0, 1, 0 ], [ 0, 0, 0, 0, 0, -1 ] ], 
  [ [ -1/3, 2/3, 2/3, 0, 0, 0 ], [ 2/3, -1/3, 2/3, 0, 0, 0 ], 
      [ 2/3, 2/3, -1/3, 0, 0, 0 ], [ 0, 0, 0, 1, 0, 0 ], [ 0, 0, 0, 0, 1, 0 ],
      [ 0, 0, 0, 0, 0, -E(8)^3 ] ], 
  [ [ 1, 0, 0, 0, 0, 0 ], [ 0, 1, 0, 0, 0, 0 ], [ 0, 0, 1, 0, 0, 0 ], 
      [ 0, 0, 0, 1, 0, 0 ], [ 0, 0, 0, 0, 1, 0 ], [ 0, 0, 0, 0, 0, -E(4) ] ], 
  [ [ 1, 0, 0, 0, 0, 0 ], [ 0, 1, 0, 0, 0, 0 ], [ 0, 0, 1, 0, 0, 0 ], 
      [ 0, 0, 0, 1, 0, 0 ], [ 0, 0, 0, 0, 1, 0 ], [ 0, 0, 0, 0, 0, -1 ] ], 
  [ [ 0, 1, 0, 0, 0, 0 ], [ 0, 0, 1, 0, 0, 0 ], [ 1, 0, 0, 0, 0, 0 ], 
      [ 0, 0, 0, 1, 0, 0 ], [ 0, 0, 0, 0, 1, 0 ], [ 0, 0, 0, 0, 0, 1 ] ], 
  [ [ E(3), 0, 0, 0, 0, 0 ], [ 0, E(3), 0, 0, 0, 0 ], [ 0, 0, E(3), 0, 0, 0 ],
      [ 0, 0, 0, E(3), 0, 0 ], [ 0, 0, 0, 0, E(3), 0 ], 
      [ 0, 0, 0, 0, 0, E(3) ] ] ]
   Cubic invariant basis strings: [ "x5^3", "x4*x5^2", "x4^2*x5", "x4^3", 
  "x3*x5^2 + x2*x5^2 + x1*x5^2", "x3*x4*x5 + x2*x4*x5 + x1*x4*x5", 
  "x3*x4^2 + x2*x4^2 + x1*x4^2", "x2*x3*x5 + x1*x3*x5 + x1*x2*x5", 
  "x2*x3*x4 + x1*x3*x4 + x1*x2*x4", "x3^2*x5 + x2^2*x5 + x1^2*x5", 
  "x3^2*x4 + x2^2*x4 + x1^2*x4", 
  "x2*x3^2 + x2^2*x3 + x1*x3^2 + (3)*x1*x2*x3 + x1*x2^2 + x1^2*x3 + x1^2*x2", 
  "x3^3 + x2^3 + (-3)*x1*x2*x3 + x1^3" ]
   Cubic invariant basis vectors: 
[ [ 0, 0, 0, 1, 0, 0, 0, 0, 0, 0, 0, 0, 0, 0, 0, 0, 0, 0, 0, 0, 0, 0, 0, 0, 
      0, 0, 0, 0, 0, 0, 0, 0, 0, 0, 0, 0, 0, 0, 0, 0, 0, 0, 0, 0, 0, 0, 0, 0, 
      0, 0, 0, 0, 0, 0, 0, 0 ], 
  [ 0, 0, 0, 0, 0, 0, 1, 0, 0, 0, 0, 0, 0, 0, 0, 0, 0, 0, 0, 0, 0, 0, 0, 0, 
      0, 0, 0, 0, 0, 0, 0, 0, 0, 0, 0, 0, 0, 0, 0, 0, 0, 0, 0, 0, 0, 0, 0, 0, 
      0, 0, 0, 0, 0, 0, 0, 0 ], 
  [ 0, 0, 0, 0, 0, 0, 0, 0, 1, 0, 0, 0, 0, 0, 0, 0, 0, 0, 0, 0, 0, 0, 0, 0, 
      0, 0, 0, 0, 0, 0, 0, 0, 0, 0, 0, 0, 0, 0, 0, 0, 0, 0, 0, 0, 0, 0, 0, 0, 
      0, 0, 0, 0, 0, 0, 0, 0 ], 
  [ 0, 0, 0, 0, 0, 0, 0, 0, 0, 1, 0, 0, 0, 0, 0, 0, 0, 0, 0, 0, 0, 0, 0, 0, 
      0, 0, 0, 0, 0, 0, 0, 0, 0, 0, 0, 0, 0, 0, 0, 0, 0, 0, 0, 0, 0, 0, 0, 0, 
      0, 0, 0, 0, 0, 0, 0, 0 ], 
  [ 0, 0, 0, 0, 0, 0, 0, 0, 0, 0, 0, 0, 1, 0, 0, 0, 0, 0, 0, 0, 0, 0, 1, 0, 
      0, 0, 0, 0, 0, 0, 0, 0, 0, 0, 0, 0, 0, 1, 0, 0, 0, 0, 0, 0, 0, 0, 0, 0, 
      0, 0, 0, 0, 0, 0, 0, 0 ], 
  [ 0, 0, 0, 0, 0, 0, 0, 0, 0, 0, 0, 0, 0, 0, 1, 0, 0, 0, 0, 0, 0, 0, 0, 0, 
      1, 0, 0, 0, 0, 0, 0, 0, 0, 0, 0, 0, 0, 0, 0, 1, 0, 0, 0, 0, 0, 0, 0, 0, 
      0, 0, 0, 0, 0, 0, 0, 0 ], 
  [ 0, 0, 0, 0, 0, 0, 0, 0, 0, 0, 0, 0, 0, 0, 0, 1, 0, 0, 0, 0, 0, 0, 0, 0, 
      0, 1, 0, 0, 0, 0, 0, 0, 0, 0, 0, 0, 0, 0, 0, 0, 1, 0, 0, 0, 0, 0, 0, 0, 
      0, 0, 0, 0, 0, 0, 0, 0 ], 
  [ 0, 0, 0, 0, 0, 0, 0, 0, 0, 0, 0, 0, 0, 0, 0, 0, 0, 0, 0, 0, 0, 0, 0, 0, 
      0, 0, 0, 1, 0, 0, 0, 0, 0, 0, 0, 0, 0, 0, 0, 0, 0, 0, 1, 0, 0, 0, 1, 0, 
      0, 0, 0, 0, 0, 0, 0, 0 ], 
  [ 0, 0, 0, 0, 0, 0, 0, 0, 0, 0, 0, 0, 0, 0, 0, 0, 0, 0, 0, 0, 0, 0, 0, 0, 
      0, 0, 0, 0, 1, 0, 0, 0, 0, 0, 0, 0, 0, 0, 0, 0, 0, 0, 0, 1, 0, 0, 0, 1, 
      0, 0, 0, 0, 0, 0, 0, 0 ], 
  [ 0, 0, 0, 0, 0, 0, 0, 0, 0, 0, 0, 0, 0, 0, 0, 0, 0, 1, 0, 0, 0, 0, 0, 0, 
      0, 0, 0, 0, 0, 0, 0, 1, 0, 0, 0, 0, 0, 0, 0, 0, 0, 0, 0, 0, 0, 0, 0, 0, 
      0, 0, 0, 1, 0, 0, 0, 0 ], 
  [ 0, 0, 0, 0, 0, 0, 0, 0, 0, 0, 0, 0, 0, 0, 0, 0, 0, 0, 1, 0, 0, 0, 0, 0, 
      0, 0, 0, 0, 0, 0, 0, 0, 1, 0, 0, 0, 0, 0, 0, 0, 0, 0, 0, 0, 0, 0, 0, 0, 
      0, 0, 0, 0, 1, 0, 0, 0 ], 
  [ 0, 0, 0, 0, 0, 0, 0, 0, 0, 0, 0, 0, 0, 0, 0, 0, 0, 0, 0, 0, 0, 0, 0, 0, 
      0, 0, 0, 0, 0, 1, 0, 0, 0, 1, 0, 0, 0, 0, 0, 0, 0, 0, 0, 0, 1, 0, 0, 0, 
      3, 1, 0, 0, 0, 1, 1, 0 ], 
  [ 0, 0, 0, 0, 0, 0, 0, 0, 0, 0, 0, 0, 0, 0, 0, 0, 0, 0, 0, 1, 0, 0, 0, 0, 
      0, 0, 0, 0, 0, 0, 0, 0, 0, 0, 1, 0, 0, 0, 0, 0, 0, 0, 0, 0, 0, 0, 0, 0, 
      -3, 0, 0, 0, 0, 0, 0, 1 ] ]

170. Candidate
   Symplectic group: S3
   Component: 2; corrigendum component, generic index 2
   Projective group ID: [ 48, 4 ]
   Strict linear group ID: [ 144, 69 ]
   Generic index: 2
   Generic full linear containment required: true
   Generic full linear containment verified: true
   Direct known case: false
   Source records: [ "S_3_corrigendum_generic_index=2_liftable.docx" ]
   Family number within this input: 15
   Strict cubic invariant dimension: 14
   Centralizer dimension: 11
   Expected moduli dimension: 3
   Determinant image order: 8
   Gonzalez status: passed
   Retained: true
   Gonzalez failure statuses: [  ]
   Matrix generators: 
[ [ [ 0, 1, 0, 0, 0, 0 ], [ 1, 0, 0, 0, 0, 0 ], [ 0, 0, 1, 0, 0, 0 ], 
      [ 0, 0, 0, 1, 0, 0 ], [ 0, 0, 0, 0, 1, 0 ], [ 0, 0, 0, 0, 0, -1 ] ], 
  [ [ 1, 0, 0, 0, 0, 0 ], [ 0, 1, 0, 0, 0, 0 ], [ 0, 0, 1, 0, 0, 0 ], 
      [ 0, 0, 0, 1, 0, 0 ], [ 0, 0, 0, 0, 1, 0 ], [ 0, 0, 0, 0, 0, -E(8)^3 ] ]
    , [ [ 1, 0, 0, 0, 0, 0 ], [ 0, 1, 0, 0, 0, 0 ], [ 0, 0, 1, 0, 0, 0 ], 
      [ 0, 0, 0, 1, 0, 0 ], [ 0, 0, 0, 0, 1, 0 ], [ 0, 0, 0, 0, 0, -E(4) ] ], 
  [ [ 1, 0, 0, 0, 0, 0 ], [ 0, 1, 0, 0, 0, 0 ], [ 0, 0, 1, 0, 0, 0 ], 
      [ 0, 0, 0, 1, 0, 0 ], [ 0, 0, 0, 0, 1, 0 ], [ 0, 0, 0, 0, 0, -1 ] ], 
  [ [ 0, 1, 0, 0, 0, 0 ], [ 0, 0, 1, 0, 0, 0 ], [ 1, 0, 0, 0, 0, 0 ], 
      [ 0, 0, 0, 1, 0, 0 ], [ 0, 0, 0, 0, 1, 0 ], [ 0, 0, 0, 0, 0, 1 ] ], 
  [ [ E(3), 0, 0, 0, 0, 0 ], [ 0, E(3), 0, 0, 0, 0 ], [ 0, 0, E(3), 0, 0, 0 ],
      [ 0, 0, 0, E(3), 0, 0 ], [ 0, 0, 0, 0, E(3), 0 ], 
      [ 0, 0, 0, 0, 0, E(3) ] ] ]
   Cubic invariant basis strings: [ "x5^3", "x4*x5^2", "x4^2*x5", "x4^3", 
  "x3*x5^2 + x2*x5^2 + x1*x5^2", "x3*x4*x5 + x2*x4*x5 + x1*x4*x5", 
  "x3*x4^2 + x2*x4^2 + x1*x4^2", "x2*x3*x5 + x1*x3*x5 + x1*x2*x5", 
  "x2*x3*x4 + x1*x3*x4 + x1*x2*x4", "x1*x2*x3", "x3^2*x5 + x2^2*x5 + x1^2*x5",
  "x3^2*x4 + x2^2*x4 + x1^2*x4", 
  "x2*x3^2 + x2^2*x3 + x1*x3^2 + x1*x2^2 + x1^2*x3 + x1^2*x2", 
  "x3^3 + x2^3 + x1^3" ]
   Cubic invariant basis vectors: 
[ [ 0, 0, 0, 1, 0, 0, 0, 0, 0, 0, 0, 0, 0, 0, 0, 0, 0, 0, 0, 0, 0, 0, 0, 0, 
      0, 0, 0, 0, 0, 0, 0, 0, 0, 0, 0, 0, 0, 0, 0, 0, 0, 0, 0, 0, 0, 0, 0, 0, 
      0, 0, 0, 0, 0, 0, 0, 0 ], 
  [ 0, 0, 0, 0, 0, 0, 1, 0, 0, 0, 0, 0, 0, 0, 0, 0, 0, 0, 0, 0, 0, 0, 0, 0, 
      0, 0, 0, 0, 0, 0, 0, 0, 0, 0, 0, 0, 0, 0, 0, 0, 0, 0, 0, 0, 0, 0, 0, 0, 
      0, 0, 0, 0, 0, 0, 0, 0 ], 
  [ 0, 0, 0, 0, 0, 0, 0, 0, 1, 0, 0, 0, 0, 0, 0, 0, 0, 0, 0, 0, 0, 0, 0, 0, 
      0, 0, 0, 0, 0, 0, 0, 0, 0, 0, 0, 0, 0, 0, 0, 0, 0, 0, 0, 0, 0, 0, 0, 0, 
      0, 0, 0, 0, 0, 0, 0, 0 ], 
  [ 0, 0, 0, 0, 0, 0, 0, 0, 0, 1, 0, 0, 0, 0, 0, 0, 0, 0, 0, 0, 0, 0, 0, 0, 
      0, 0, 0, 0, 0, 0, 0, 0, 0, 0, 0, 0, 0, 0, 0, 0, 0, 0, 0, 0, 0, 0, 0, 0, 
      0, 0, 0, 0, 0, 0, 0, 0 ], 
  [ 0, 0, 0, 0, 0, 0, 0, 0, 0, 0, 0, 0, 1, 0, 0, 0, 0, 0, 0, 0, 0, 0, 1, 0, 
      0, 0, 0, 0, 0, 0, 0, 0, 0, 0, 0, 0, 0, 1, 0, 0, 0, 0, 0, 0, 0, 0, 0, 0, 
      0, 0, 0, 0, 0, 0, 0, 0 ], 
  [ 0, 0, 0, 0, 0, 0, 0, 0, 0, 0, 0, 0, 0, 0, 1, 0, 0, 0, 0, 0, 0, 0, 0, 0, 
      1, 0, 0, 0, 0, 0, 0, 0, 0, 0, 0, 0, 0, 0, 0, 1, 0, 0, 0, 0, 0, 0, 0, 0, 
      0, 0, 0, 0, 0, 0, 0, 0 ], 
  [ 0, 0, 0, 0, 0, 0, 0, 0, 0, 0, 0, 0, 0, 0, 0, 1, 0, 0, 0, 0, 0, 0, 0, 0, 
      0, 1, 0, 0, 0, 0, 0, 0, 0, 0, 0, 0, 0, 0, 0, 0, 1, 0, 0, 0, 0, 0, 0, 0, 
      0, 0, 0, 0, 0, 0, 0, 0 ], 
  [ 0, 0, 0, 0, 0, 0, 0, 0, 0, 0, 0, 0, 0, 0, 0, 0, 0, 0, 0, 0, 0, 0, 0, 0, 
      0, 0, 0, 1, 0, 0, 0, 0, 0, 0, 0, 0, 0, 0, 0, 0, 0, 0, 1, 0, 0, 0, 1, 0, 
      0, 0, 0, 0, 0, 0, 0, 0 ], 
  [ 0, 0, 0, 0, 0, 0, 0, 0, 0, 0, 0, 0, 0, 0, 0, 0, 0, 0, 0, 0, 0, 0, 0, 0, 
      0, 0, 0, 0, 1, 0, 0, 0, 0, 0, 0, 0, 0, 0, 0, 0, 0, 0, 0, 1, 0, 0, 0, 1, 
      0, 0, 0, 0, 0, 0, 0, 0 ], 
  [ 0, 0, 0, 0, 0, 0, 0, 0, 0, 0, 0, 0, 0, 0, 0, 0, 0, 0, 0, 0, 0, 0, 0, 0, 
      0, 0, 0, 0, 0, 0, 0, 0, 0, 0, 0, 0, 0, 0, 0, 0, 0, 0, 0, 0, 0, 0, 0, 0, 
      1, 0, 0, 0, 0, 0, 0, 0 ], 
  [ 0, 0, 0, 0, 0, 0, 0, 0, 0, 0, 0, 0, 0, 0, 0, 0, 0, 1, 0, 0, 0, 0, 0, 0, 
      0, 0, 0, 0, 0, 0, 0, 1, 0, 0, 0, 0, 0, 0, 0, 0, 0, 0, 0, 0, 0, 0, 0, 0, 
      0, 0, 0, 1, 0, 0, 0, 0 ], 
  [ 0, 0, 0, 0, 0, 0, 0, 0, 0, 0, 0, 0, 0, 0, 0, 0, 0, 0, 1, 0, 0, 0, 0, 0, 
      0, 0, 0, 0, 0, 0, 0, 0, 1, 0, 0, 0, 0, 0, 0, 0, 0, 0, 0, 0, 0, 0, 0, 0, 
      0, 0, 0, 0, 1, 0, 0, 0 ], 
  [ 0, 0, 0, 0, 0, 0, 0, 0, 0, 0, 0, 0, 0, 0, 0, 0, 0, 0, 0, 0, 0, 0, 0, 0, 
      0, 0, 0, 0, 0, 1, 0, 0, 0, 1, 0, 0, 0, 0, 0, 0, 0, 0, 0, 0, 1, 0, 0, 0, 
      0, 1, 0, 0, 0, 1, 1, 0 ], 
  [ 0, 0, 0, 0, 0, 0, 0, 0, 0, 0, 0, 0, 0, 0, 0, 0, 0, 0, 0, 1, 0, 0, 0, 0, 
      0, 0, 0, 0, 0, 0, 0, 0, 0, 0, 1, 0, 0, 0, 0, 0, 0, 0, 0, 0, 0, 0, 0, 0, 
      0, 0, 0, 0, 0, 0, 0, 1 ] ]

171. Candidate
   Symplectic group: S3
   Component: 2; corrigendum component, generic index 2
   Projective group ID: [ 72, 27 ]
   Strict linear group ID: [ 216, 136 ]
   Generic index: 2
   Generic full linear containment required: true
   Generic full linear containment verified: true
   Direct known case: false
   Source records: [ "S_3_corrigendum_generic_index=2_liftable.docx" ]
   Family number within this input: 1
   Strict cubic invariant dimension: 14
   Centralizer dimension: 11
   Expected moduli dimension: 3
   Determinant image order: 12
   Gonzalez status: passed
   Retained: true
   Gonzalez failure statuses: [  ]
   Matrix generators: 
[ [ [ 0, 1, 0, 0, 0, 0 ], [ 1, 0, 0, 0, 0, 0 ], [ 0, 0, 1, 0, 0, 0 ], 
      [ 0, 0, 0, 1, 0, 0 ], [ 0, 0, 0, 0, 1, 0 ], [ 0, 0, 0, 0, 0, -1 ] ], 
  [ [ 0, 0, 1, 0, 0, 0 ], [ 1, 0, 0, 0, 0, 0 ], [ 0, 1, 0, 0, 0, 0 ], 
      [ 0, 0, 0, 1, 0, 0 ], [ 0, 0, 0, 0, 1, 0 ], [ 0, 0, 0, 0, 0, 1 ] ], 
  [ [ E(3), 0, 0, 0, 0, 0 ], [ 0, E(3), 0, 0, 0, 0 ], [ 0, 0, E(3), 0, 0, 0 ],
      [ 0, 0, 0, E(3), 0, 0 ], [ 0, 0, 0, 0, E(3), 0 ], 
      [ 0, 0, 0, 0, 0, E(3) ] ], 
  [ [ 1, 0, 0, 0, 0, 0 ], [ 0, 1, 0, 0, 0, 0 ], [ 0, 0, 1, 0, 0, 0 ], 
      [ 0, 0, 0, 1, 0, 0 ], [ 0, 0, 0, 0, 1, 0 ], [ 0, 0, 0, 0, 0, -E(12)^7 ] 
     ] ]
   Cubic invariant basis strings: [ "x5^3", "x4*x5^2", "x4^2*x5", "x4^3", 
  "x3*x5^2 + x2*x5^2 + x1*x5^2", "x3*x4*x5 + x2*x4*x5 + x1*x4*x5", 
  "x3*x4^2 + x2*x4^2 + x1*x4^2", "x2*x3*x5 + x1*x3*x5 + x1*x2*x5", 
  "x2*x3*x4 + x1*x3*x4 + x1*x2*x4", "x1*x2*x3", "x3^2*x5 + x2^2*x5 + x1^2*x5",
  "x3^2*x4 + x2^2*x4 + x1^2*x4", 
  "x2*x3^2 + x2^2*x3 + x1*x3^2 + x1*x2^2 + x1^2*x3 + x1^2*x2", 
  "x3^3 + x2^3 + x1^3" ]
   Cubic invariant basis vectors: 
[ [ 0, 0, 0, 1, 0, 0, 0, 0, 0, 0, 0, 0, 0, 0, 0, 0, 0, 0, 0, 0, 0, 0, 0, 0, 
      0, 0, 0, 0, 0, 0, 0, 0, 0, 0, 0, 0, 0, 0, 0, 0, 0, 0, 0, 0, 0, 0, 0, 0, 
      0, 0, 0, 0, 0, 0, 0, 0 ], 
  [ 0, 0, 0, 0, 0, 0, 1, 0, 0, 0, 0, 0, 0, 0, 0, 0, 0, 0, 0, 0, 0, 0, 0, 0, 
      0, 0, 0, 0, 0, 0, 0, 0, 0, 0, 0, 0, 0, 0, 0, 0, 0, 0, 0, 0, 0, 0, 0, 0, 
      0, 0, 0, 0, 0, 0, 0, 0 ], 
  [ 0, 0, 0, 0, 0, 0, 0, 0, 1, 0, 0, 0, 0, 0, 0, 0, 0, 0, 0, 0, 0, 0, 0, 0, 
      0, 0, 0, 0, 0, 0, 0, 0, 0, 0, 0, 0, 0, 0, 0, 0, 0, 0, 0, 0, 0, 0, 0, 0, 
      0, 0, 0, 0, 0, 0, 0, 0 ], 
  [ 0, 0, 0, 0, 0, 0, 0, 0, 0, 1, 0, 0, 0, 0, 0, 0, 0, 0, 0, 0, 0, 0, 0, 0, 
      0, 0, 0, 0, 0, 0, 0, 0, 0, 0, 0, 0, 0, 0, 0, 0, 0, 0, 0, 0, 0, 0, 0, 0, 
      0, 0, 0, 0, 0, 0, 0, 0 ], 
  [ 0, 0, 0, 0, 0, 0, 0, 0, 0, 0, 0, 0, 1, 0, 0, 0, 0, 0, 0, 0, 0, 0, 1, 0, 
      0, 0, 0, 0, 0, 0, 0, 0, 0, 0, 0, 0, 0, 1, 0, 0, 0, 0, 0, 0, 0, 0, 0, 0, 
      0, 0, 0, 0, 0, 0, 0, 0 ], 
  [ 0, 0, 0, 0, 0, 0, 0, 0, 0, 0, 0, 0, 0, 0, 1, 0, 0, 0, 0, 0, 0, 0, 0, 0, 
      1, 0, 0, 0, 0, 0, 0, 0, 0, 0, 0, 0, 0, 0, 0, 1, 0, 0, 0, 0, 0, 0, 0, 0, 
      0, 0, 0, 0, 0, 0, 0, 0 ], 
  [ 0, 0, 0, 0, 0, 0, 0, 0, 0, 0, 0, 0, 0, 0, 0, 1, 0, 0, 0, 0, 0, 0, 0, 0, 
      0, 1, 0, 0, 0, 0, 0, 0, 0, 0, 0, 0, 0, 0, 0, 0, 1, 0, 0, 0, 0, 0, 0, 0, 
      0, 0, 0, 0, 0, 0, 0, 0 ], 
  [ 0, 0, 0, 0, 0, 0, 0, 0, 0, 0, 0, 0, 0, 0, 0, 0, 0, 0, 0, 0, 0, 0, 0, 0, 
      0, 0, 0, 1, 0, 0, 0, 0, 0, 0, 0, 0, 0, 0, 0, 0, 0, 0, 1, 0, 0, 0, 1, 0, 
      0, 0, 0, 0, 0, 0, 0, 0 ], 
  [ 0, 0, 0, 0, 0, 0, 0, 0, 0, 0, 0, 0, 0, 0, 0, 0, 0, 0, 0, 0, 0, 0, 0, 0, 
      0, 0, 0, 0, 1, 0, 0, 0, 0, 0, 0, 0, 0, 0, 0, 0, 0, 0, 0, 1, 0, 0, 0, 1, 
      0, 0, 0, 0, 0, 0, 0, 0 ], 
  [ 0, 0, 0, 0, 0, 0, 0, 0, 0, 0, 0, 0, 0, 0, 0, 0, 0, 0, 0, 0, 0, 0, 0, 0, 
      0, 0, 0, 0, 0, 0, 0, 0, 0, 0, 0, 0, 0, 0, 0, 0, 0, 0, 0, 0, 0, 0, 0, 0, 
      1, 0, 0, 0, 0, 0, 0, 0 ], 
  [ 0, 0, 0, 0, 0, 0, 0, 0, 0, 0, 0, 0, 0, 0, 0, 0, 0, 1, 0, 0, 0, 0, 0, 0, 
      0, 0, 0, 0, 0, 0, 0, 1, 0, 0, 0, 0, 0, 0, 0, 0, 0, 0, 0, 0, 0, 0, 0, 0, 
      0, 0, 0, 1, 0, 0, 0, 0 ], 
  [ 0, 0, 0, 0, 0, 0, 0, 0, 0, 0, 0, 0, 0, 0, 0, 0, 0, 0, 1, 0, 0, 0, 0, 0, 
      0, 0, 0, 0, 0, 0, 0, 0, 1, 0, 0, 0, 0, 0, 0, 0, 0, 0, 0, 0, 0, 0, 0, 0, 
      0, 0, 0, 0, 1, 0, 0, 0 ], 
  [ 0, 0, 0, 0, 0, 0, 0, 0, 0, 0, 0, 0, 0, 0, 0, 0, 0, 0, 0, 0, 0, 0, 0, 0, 
      0, 0, 0, 0, 0, 1, 0, 0, 0, 1, 0, 0, 0, 0, 0, 0, 0, 0, 0, 0, 1, 0, 0, 0, 
      0, 1, 0, 0, 0, 1, 1, 0 ], 
  [ 0, 0, 0, 0, 0, 0, 0, 0, 0, 0, 0, 0, 0, 0, 0, 0, 0, 0, 0, 1, 0, 0, 0, 0, 
      0, 0, 0, 0, 0, 0, 0, 0, 0, 0, 1, 0, 0, 0, 0, 0, 0, 0, 0, 0, 0, 0, 0, 0, 
      0, 0, 0, 0, 0, 0, 0, 1 ] ]

172. Candidate
   Symplectic group: S3
   Component: 2; corrigendum component, generic index 2
   Projective group ID: [ 72, 27 ]
   Strict linear group ID: [ 216, 136 ]
   Generic index: 2
   Generic full linear containment required: true
   Generic full linear containment verified: true
   Direct known case: false
   Source records: [ "S_3_corrigendum_generic_index=2_liftable.docx" ]
   Family number within this input: 2
   Strict cubic invariant dimension: 11
   Centralizer dimension: 11
   Expected moduli dimension: 0
   Determinant image order: 12
   Gonzalez status: passed
   Retained: true
   Gonzalez failure statuses: [  ]
   Matrix generators: 
[ [ [ 0, 1, 0, 0, 0, 0 ], [ 1, 0, 0, 0, 0, 0 ], [ 0, 0, 1, 0, 0, 0 ], 
      [ 0, 0, 0, 1, 0, 0 ], [ 0, 0, 0, 0, 1, 0 ], [ 0, 0, 0, 0, 0, -1 ] ], 
  [ [ 0, 0, 1, 0, 0, 0 ], [ 1, 0, 0, 0, 0, 0 ], [ 0, 1, 0, 0, 0, 0 ], 
      [ 0, 0, 0, 1, 0, 0 ], [ 0, 0, 0, 0, 1, 0 ], [ 0, 0, 0, 0, 0, 1 ] ], 
  [ [ E(3), 0, 0, 0, 0, 0 ], [ 0, E(3), 0, 0, 0, 0 ], [ 0, 0, E(3), 0, 0, 0 ],
      [ 0, 0, 0, E(3), 0, 0 ], [ 0, 0, 0, 0, E(3), 0 ], 
      [ 0, 0, 0, 0, 0, E(3) ] ], 
  [ [ 1/3*E(3)-1/3*E(3)^2, -2/3*E(3)-1/3*E(3)^2, -2/3*E(3)-1/3*E(3)^2, 0, 0, 
          0 ], 
      [ -2/3*E(3)-1/3*E(3)^2, 1/3*E(3)-1/3*E(3)^2, -2/3*E(3)-1/3*E(3)^2, 0, 
          0, 0 ], 
      [ -2/3*E(3)-1/3*E(3)^2, -2/3*E(3)-1/3*E(3)^2, 1/3*E(3)-1/3*E(3)^2, 0, 
          0, 0 ], [ 0, 0, 0, 1, 0, 0 ], [ 0, 0, 0, 0, 1, 0 ], 
      [ 0, 0, 0, 0, 0, -E(12)^11 ] ] ]
   Cubic invariant basis strings: [ "x5^3", "x4*x5^2", "x4^2*x5", "x4^3", 
  "x3*x5^2 + x2*x5^2 + x1*x5^2", "x3*x4*x5 + x2*x4*x5 + x1*x4*x5", 
  "x3*x4^2 + x2*x4^2 + x1*x4^2", 
  "x3^2*x5 + (2)*x2*x3*x5 + x2^2*x5 + (2)*x1*x3*x5 + (2)*x1*x2*x5 + x1^2*x5", 
  "x3^2*x4 + (2)*x2*x3*x4 + x2^2*x4 + (2)*x1*x3*x4 + (2)*x1*x2*x4 + x1^2*x4", 
  "x2*x3^2 + x2^2*x3 + x1*x3^2 + x1*x2^2 + x1^2*x3 + x1^2*x2", 
  "x3^3 + x2^3 + (6)*x1*x2*x3 + x1^3" ]
   Cubic invariant basis vectors: 
[ [ 0, 0, 0, 1, 0, 0, 0, 0, 0, 0, 0, 0, 0, 0, 0, 0, 0, 0, 0, 0, 0, 0, 0, 0, 
      0, 0, 0, 0, 0, 0, 0, 0, 0, 0, 0, 0, 0, 0, 0, 0, 0, 0, 0, 0, 0, 0, 0, 0, 
      0, 0, 0, 0, 0, 0, 0, 0 ], 
  [ 0, 0, 0, 0, 0, 0, 1, 0, 0, 0, 0, 0, 0, 0, 0, 0, 0, 0, 0, 0, 0, 0, 0, 0, 
      0, 0, 0, 0, 0, 0, 0, 0, 0, 0, 0, 0, 0, 0, 0, 0, 0, 0, 0, 0, 0, 0, 0, 0, 
      0, 0, 0, 0, 0, 0, 0, 0 ], 
  [ 0, 0, 0, 0, 0, 0, 0, 0, 1, 0, 0, 0, 0, 0, 0, 0, 0, 0, 0, 0, 0, 0, 0, 0, 
      0, 0, 0, 0, 0, 0, 0, 0, 0, 0, 0, 0, 0, 0, 0, 0, 0, 0, 0, 0, 0, 0, 0, 0, 
      0, 0, 0, 0, 0, 0, 0, 0 ], 
  [ 0, 0, 0, 0, 0, 0, 0, 0, 0, 1, 0, 0, 0, 0, 0, 0, 0, 0, 0, 0, 0, 0, 0, 0, 
      0, 0, 0, 0, 0, 0, 0, 0, 0, 0, 0, 0, 0, 0, 0, 0, 0, 0, 0, 0, 0, 0, 0, 0, 
      0, 0, 0, 0, 0, 0, 0, 0 ], 
  [ 0, 0, 0, 0, 0, 0, 0, 0, 0, 0, 0, 0, 1, 0, 0, 0, 0, 0, 0, 0, 0, 0, 1, 0, 
      0, 0, 0, 0, 0, 0, 0, 0, 0, 0, 0, 0, 0, 1, 0, 0, 0, 0, 0, 0, 0, 0, 0, 0, 
      0, 0, 0, 0, 0, 0, 0, 0 ], 
  [ 0, 0, 0, 0, 0, 0, 0, 0, 0, 0, 0, 0, 0, 0, 1, 0, 0, 0, 0, 0, 0, 0, 0, 0, 
      1, 0, 0, 0, 0, 0, 0, 0, 0, 0, 0, 0, 0, 0, 0, 1, 0, 0, 0, 0, 0, 0, 0, 0, 
      0, 0, 0, 0, 0, 0, 0, 0 ], 
  [ 0, 0, 0, 0, 0, 0, 0, 0, 0, 0, 0, 0, 0, 0, 0, 1, 0, 0, 0, 0, 0, 0, 0, 0, 
      0, 1, 0, 0, 0, 0, 0, 0, 0, 0, 0, 0, 0, 0, 0, 0, 1, 0, 0, 0, 0, 0, 0, 0, 
      0, 0, 0, 0, 0, 0, 0, 0 ], 
  [ 0, 0, 0, 0, 0, 0, 0, 0, 0, 0, 0, 0, 0, 0, 0, 0, 0, 1, 0, 0, 0, 0, 0, 0, 
      0, 0, 0, 2, 0, 0, 0, 1, 0, 0, 0, 0, 0, 0, 0, 0, 0, 0, 2, 0, 0, 0, 2, 0, 
      0, 0, 0, 1, 0, 0, 0, 0 ], 
  [ 0, 0, 0, 0, 0, 0, 0, 0, 0, 0, 0, 0, 0, 0, 0, 0, 0, 0, 1, 0, 0, 0, 0, 0, 
      0, 0, 0, 0, 2, 0, 0, 0, 1, 0, 0, 0, 0, 0, 0, 0, 0, 0, 0, 2, 0, 0, 0, 2, 
      0, 0, 0, 0, 1, 0, 0, 0 ], 
  [ 0, 0, 0, 0, 0, 0, 0, 0, 0, 0, 0, 0, 0, 0, 0, 0, 0, 0, 0, 0, 0, 0, 0, 0, 
      0, 0, 0, 0, 0, 1, 0, 0, 0, 1, 0, 0, 0, 0, 0, 0, 0, 0, 0, 0, 1, 0, 0, 0, 
      0, 1, 0, 0, 0, 1, 1, 0 ], 
  [ 0, 0, 0, 0, 0, 0, 0, 0, 0, 0, 0, 0, 0, 0, 0, 0, 0, 0, 0, 1, 0, 0, 0, 0, 
      0, 0, 0, 0, 0, 0, 0, 0, 0, 0, 1, 0, 0, 0, 0, 0, 0, 0, 0, 0, 0, 0, 0, 0, 
      6, 0, 0, 0, 0, 0, 0, 1 ] ]

173. Candidate
   Symplectic group: S3
   Component: 2; corrigendum component, generic index 2
   Projective group ID: [ 72, 27 ]
   Strict linear group ID: [ 216, 136 ]
   Generic index: 2
   Generic full linear containment required: true
   Generic full linear containment verified: true
   Direct known case: false
   Source records: [ "S_3_corrigendum_generic_index=2_liftable.docx" ]
   Family number within this input: 3
   Strict cubic invariant dimension: 13
   Centralizer dimension: 11
   Expected moduli dimension: 2
   Determinant image order: 12
   Gonzalez status: passed
   Retained: true
   Gonzalez failure statuses: [  ]
   Matrix generators: 
[ [ [ 0, 1, 0, 0, 0, 0 ], [ 1, 0, 0, 0, 0, 0 ], [ 0, 0, 1, 0, 0, 0 ], 
      [ 0, 0, 0, 1, 0, 0 ], [ 0, 0, 0, 0, 1, 0 ], [ 0, 0, 0, 0, 0, -1 ] ], 
  [ [ 0, 0, 1, 0, 0, 0 ], [ 1, 0, 0, 0, 0, 0 ], [ 0, 1, 0, 0, 0, 0 ], 
      [ 0, 0, 0, 1, 0, 0 ], [ 0, 0, 0, 0, 1, 0 ], [ 0, 0, 0, 0, 0, 1 ] ], 
  [ [ E(3), 0, 0, 0, 0, 0 ], [ 0, E(3), 0, 0, 0, 0 ], [ 0, 0, E(3), 0, 0, 0 ],
      [ 0, 0, 0, E(3), 0, 0 ], [ 0, 0, 0, 0, E(3), 0 ], 
      [ 0, 0, 0, 0, 0, E(3) ] ], 
  [ [ -1/3, 2/3, 2/3, 0, 0, 0 ], [ 2/3, -1/3, 2/3, 0, 0, 0 ], 
      [ 2/3, 2/3, -1/3, 0, 0, 0 ], [ 0, 0, 0, 1, 0, 0 ], [ 0, 0, 0, 0, 1, 0 ],
      [ 0, 0, 0, 0, 0, -E(12)^7 ] ] ]
   Cubic invariant basis strings: [ "x5^3", "x4*x5^2", "x4^2*x5", "x4^3", 
  "x3*x5^2 + x2*x5^2 + x1*x5^2", "x3*x4*x5 + x2*x4*x5 + x1*x4*x5", 
  "x3*x4^2 + x2*x4^2 + x1*x4^2", "x2*x3*x5 + x1*x3*x5 + x1*x2*x5", 
  "x2*x3*x4 + x1*x3*x4 + x1*x2*x4", "x3^2*x5 + x2^2*x5 + x1^2*x5", 
  "x3^2*x4 + x2^2*x4 + x1^2*x4", 
  "x2*x3^2 + x2^2*x3 + x1*x3^2 + (3)*x1*x2*x3 + x1*x2^2 + x1^2*x3 + x1^2*x2", 
  "x3^3 + x2^3 + (-3)*x1*x2*x3 + x1^3" ]
   Cubic invariant basis vectors: 
[ [ 0, 0, 0, 1, 0, 0, 0, 0, 0, 0, 0, 0, 0, 0, 0, 0, 0, 0, 0, 0, 0, 0, 0, 0, 
      0, 0, 0, 0, 0, 0, 0, 0, 0, 0, 0, 0, 0, 0, 0, 0, 0, 0, 0, 0, 0, 0, 0, 0, 
      0, 0, 0, 0, 0, 0, 0, 0 ], 
  [ 0, 0, 0, 0, 0, 0, 1, 0, 0, 0, 0, 0, 0, 0, 0, 0, 0, 0, 0, 0, 0, 0, 0, 0, 
      0, 0, 0, 0, 0, 0, 0, 0, 0, 0, 0, 0, 0, 0, 0, 0, 0, 0, 0, 0, 0, 0, 0, 0, 
      0, 0, 0, 0, 0, 0, 0, 0 ], 
  [ 0, 0, 0, 0, 0, 0, 0, 0, 1, 0, 0, 0, 0, 0, 0, 0, 0, 0, 0, 0, 0, 0, 0, 0, 
      0, 0, 0, 0, 0, 0, 0, 0, 0, 0, 0, 0, 0, 0, 0, 0, 0, 0, 0, 0, 0, 0, 0, 0, 
      0, 0, 0, 0, 0, 0, 0, 0 ], 
  [ 0, 0, 0, 0, 0, 0, 0, 0, 0, 1, 0, 0, 0, 0, 0, 0, 0, 0, 0, 0, 0, 0, 0, 0, 
      0, 0, 0, 0, 0, 0, 0, 0, 0, 0, 0, 0, 0, 0, 0, 0, 0, 0, 0, 0, 0, 0, 0, 0, 
      0, 0, 0, 0, 0, 0, 0, 0 ], 
  [ 0, 0, 0, 0, 0, 0, 0, 0, 0, 0, 0, 0, 1, 0, 0, 0, 0, 0, 0, 0, 0, 0, 1, 0, 
      0, 0, 0, 0, 0, 0, 0, 0, 0, 0, 0, 0, 0, 1, 0, 0, 0, 0, 0, 0, 0, 0, 0, 0, 
      0, 0, 0, 0, 0, 0, 0, 0 ], 
  [ 0, 0, 0, 0, 0, 0, 0, 0, 0, 0, 0, 0, 0, 0, 1, 0, 0, 0, 0, 0, 0, 0, 0, 0, 
      1, 0, 0, 0, 0, 0, 0, 0, 0, 0, 0, 0, 0, 0, 0, 1, 0, 0, 0, 0, 0, 0, 0, 0, 
      0, 0, 0, 0, 0, 0, 0, 0 ], 
  [ 0, 0, 0, 0, 0, 0, 0, 0, 0, 0, 0, 0, 0, 0, 0, 1, 0, 0, 0, 0, 0, 0, 0, 0, 
      0, 1, 0, 0, 0, 0, 0, 0, 0, 0, 0, 0, 0, 0, 0, 0, 1, 0, 0, 0, 0, 0, 0, 0, 
      0, 0, 0, 0, 0, 0, 0, 0 ], 
  [ 0, 0, 0, 0, 0, 0, 0, 0, 0, 0, 0, 0, 0, 0, 0, 0, 0, 0, 0, 0, 0, 0, 0, 0, 
      0, 0, 0, 1, 0, 0, 0, 0, 0, 0, 0, 0, 0, 0, 0, 0, 0, 0, 1, 0, 0, 0, 1, 0, 
      0, 0, 0, 0, 0, 0, 0, 0 ], 
  [ 0, 0, 0, 0, 0, 0, 0, 0, 0, 0, 0, 0, 0, 0, 0, 0, 0, 0, 0, 0, 0, 0, 0, 0, 
      0, 0, 0, 0, 1, 0, 0, 0, 0, 0, 0, 0, 0, 0, 0, 0, 0, 0, 0, 1, 0, 0, 0, 1, 
      0, 0, 0, 0, 0, 0, 0, 0 ], 
  [ 0, 0, 0, 0, 0, 0, 0, 0, 0, 0, 0, 0, 0, 0, 0, 0, 0, 1, 0, 0, 0, 0, 0, 0, 
      0, 0, 0, 0, 0, 0, 0, 1, 0, 0, 0, 0, 0, 0, 0, 0, 0, 0, 0, 0, 0, 0, 0, 0, 
      0, 0, 0, 1, 0, 0, 0, 0 ], 
  [ 0, 0, 0, 0, 0, 0, 0, 0, 0, 0, 0, 0, 0, 0, 0, 0, 0, 0, 1, 0, 0, 0, 0, 0, 
      0, 0, 0, 0, 0, 0, 0, 0, 1, 0, 0, 0, 0, 0, 0, 0, 0, 0, 0, 0, 0, 0, 0, 0, 
      0, 0, 0, 0, 1, 0, 0, 0 ], 
  [ 0, 0, 0, 0, 0, 0, 0, 0, 0, 0, 0, 0, 0, 0, 0, 0, 0, 0, 0, 0, 0, 0, 0, 0, 
      0, 0, 0, 0, 0, 1, 0, 0, 0, 1, 0, 0, 0, 0, 0, 0, 0, 0, 0, 0, 1, 0, 0, 0, 
      3, 1, 0, 0, 0, 1, 1, 0 ], 
  [ 0, 0, 0, 0, 0, 0, 0, 0, 0, 0, 0, 0, 0, 0, 0, 0, 0, 0, 0, 1, 0, 0, 0, 0, 
      0, 0, 0, 0, 0, 0, 0, 0, 0, 0, 1, 0, 0, 0, 0, 0, 0, 0, 0, 0, 0, 0, 0, 0, 
      -3, 0, 0, 0, 0, 0, 0, 1 ] ]

174. Candidate
   Symplectic group: S3
   Component: 2; corrigendum component, generic index 2
   Projective group ID: [ 72, 27 ]
   Strict linear group ID: [ 216, 136 ]
   Generic index: 2
   Generic full linear containment required: true
   Generic full linear containment verified: true
   Direct known case: false
   Source records: [ "S_3_corrigendum_generic_index=2_liftable.docx" ]
   Family number within this input: 4
   Strict cubic invariant dimension: 11
   Centralizer dimension: 11
   Expected moduli dimension: 0
   Determinant image order: 12
   Gonzalez status: passed
   Retained: true
   Gonzalez failure statuses: [  ]
   Matrix generators: 
[ [ [ 0, 1, 0, 0, 0, 0 ], [ 1, 0, 0, 0, 0, 0 ], [ 0, 0, 1, 0, 0, 0 ], 
      [ 0, 0, 0, 1, 0, 0 ], [ 0, 0, 0, 0, 1, 0 ], [ 0, 0, 0, 0, 0, -1 ] ], 
  [ [ 0, 0, 1, 0, 0, 0 ], [ 1, 0, 0, 0, 0, 0 ], [ 0, 1, 0, 0, 0, 0 ], 
      [ 0, 0, 0, 1, 0, 0 ], [ 0, 0, 0, 0, 1, 0 ], [ 0, 0, 0, 0, 0, 1 ] ], 
  [ [ E(3), 0, 0, 0, 0, 0 ], [ 0, E(3), 0, 0, 0, 0 ], [ 0, 0, E(3), 0, 0, 0 ],
      [ 0, 0, 0, E(3), 0, 0 ], [ 0, 0, 0, 0, E(3), 0 ], 
      [ 0, 0, 0, 0, 0, E(3) ] ], 
  [ [ -1/3*E(3)+1/3*E(3)^2, -1/3*E(3)-2/3*E(3)^2, -1/3*E(3)-2/3*E(3)^2, 0, 0, 
          0 ], 
      [ -1/3*E(3)-2/3*E(3)^2, -1/3*E(3)+1/3*E(3)^2, -1/3*E(3)-2/3*E(3)^2, 0, 
          0, 0 ], 
      [ -1/3*E(3)-2/3*E(3)^2, -1/3*E(3)-2/3*E(3)^2, -1/3*E(3)+1/3*E(3)^2, 0, 
          0, 0 ], [ 0, 0, 0, 1, 0, 0 ], [ 0, 0, 0, 0, 1, 0 ], 
      [ 0, 0, 0, 0, 0, -E(4) ] ] ]
   Cubic invariant basis strings: [ "x5^3", "x4*x5^2", "x4^2*x5", "x4^3", 
  "x3*x5^2 + x2*x5^2 + x1*x5^2", "x3*x4*x5 + x2*x4*x5 + x1*x4*x5", 
  "x3*x4^2 + x2*x4^2 + x1*x4^2", 
  "x3^2*x5 + (2)*x2*x3*x5 + x2^2*x5 + (2)*x1*x3*x5 + (2)*x1*x2*x5 + x1^2*x5", 
  "x3^2*x4 + (2)*x2*x3*x4 + x2^2*x4 + (2)*x1*x3*x4 + (2)*x1*x2*x4 + x1^2*x4", 
  "x2*x3^2 + x2^2*x3 + x1*x3^2 + x1*x2^2 + x1^2*x3 + x1^2*x2", 
  "x3^3 + x2^3 + (6)*x1*x2*x3 + x1^3" ]
   Cubic invariant basis vectors: 
[ [ 0, 0, 0, 1, 0, 0, 0, 0, 0, 0, 0, 0, 0, 0, 0, 0, 0, 0, 0, 0, 0, 0, 0, 0, 
      0, 0, 0, 0, 0, 0, 0, 0, 0, 0, 0, 0, 0, 0, 0, 0, 0, 0, 0, 0, 0, 0, 0, 0, 
      0, 0, 0, 0, 0, 0, 0, 0 ], 
  [ 0, 0, 0, 0, 0, 0, 1, 0, 0, 0, 0, 0, 0, 0, 0, 0, 0, 0, 0, 0, 0, 0, 0, 0, 
      0, 0, 0, 0, 0, 0, 0, 0, 0, 0, 0, 0, 0, 0, 0, 0, 0, 0, 0, 0, 0, 0, 0, 0, 
      0, 0, 0, 0, 0, 0, 0, 0 ], 
  [ 0, 0, 0, 0, 0, 0, 0, 0, 1, 0, 0, 0, 0, 0, 0, 0, 0, 0, 0, 0, 0, 0, 0, 0, 
      0, 0, 0, 0, 0, 0, 0, 0, 0, 0, 0, 0, 0, 0, 0, 0, 0, 0, 0, 0, 0, 0, 0, 0, 
      0, 0, 0, 0, 0, 0, 0, 0 ], 
  [ 0, 0, 0, 0, 0, 0, 0, 0, 0, 1, 0, 0, 0, 0, 0, 0, 0, 0, 0, 0, 0, 0, 0, 0, 
      0, 0, 0, 0, 0, 0, 0, 0, 0, 0, 0, 0, 0, 0, 0, 0, 0, 0, 0, 0, 0, 0, 0, 0, 
      0, 0, 0, 0, 0, 0, 0, 0 ], 
  [ 0, 0, 0, 0, 0, 0, 0, 0, 0, 0, 0, 0, 1, 0, 0, 0, 0, 0, 0, 0, 0, 0, 1, 0, 
      0, 0, 0, 0, 0, 0, 0, 0, 0, 0, 0, 0, 0, 1, 0, 0, 0, 0, 0, 0, 0, 0, 0, 0, 
      0, 0, 0, 0, 0, 0, 0, 0 ], 
  [ 0, 0, 0, 0, 0, 0, 0, 0, 0, 0, 0, 0, 0, 0, 1, 0, 0, 0, 0, 0, 0, 0, 0, 0, 
      1, 0, 0, 0, 0, 0, 0, 0, 0, 0, 0, 0, 0, 0, 0, 1, 0, 0, 0, 0, 0, 0, 0, 0, 
      0, 0, 0, 0, 0, 0, 0, 0 ], 
  [ 0, 0, 0, 0, 0, 0, 0, 0, 0, 0, 0, 0, 0, 0, 0, 1, 0, 0, 0, 0, 0, 0, 0, 0, 
      0, 1, 0, 0, 0, 0, 0, 0, 0, 0, 0, 0, 0, 0, 0, 0, 1, 0, 0, 0, 0, 0, 0, 0, 
      0, 0, 0, 0, 0, 0, 0, 0 ], 
  [ 0, 0, 0, 0, 0, 0, 0, 0, 0, 0, 0, 0, 0, 0, 0, 0, 0, 1, 0, 0, 0, 0, 0, 0, 
      0, 0, 0, 2, 0, 0, 0, 1, 0, 0, 0, 0, 0, 0, 0, 0, 0, 0, 2, 0, 0, 0, 2, 0, 
      0, 0, 0, 1, 0, 0, 0, 0 ], 
  [ 0, 0, 0, 0, 0, 0, 0, 0, 0, 0, 0, 0, 0, 0, 0, 0, 0, 0, 1, 0, 0, 0, 0, 0, 
      0, 0, 0, 0, 2, 0, 0, 0, 1, 0, 0, 0, 0, 0, 0, 0, 0, 0, 0, 2, 0, 0, 0, 2, 
      0, 0, 0, 0, 1, 0, 0, 0 ], 
  [ 0, 0, 0, 0, 0, 0, 0, 0, 0, 0, 0, 0, 0, 0, 0, 0, 0, 0, 0, 0, 0, 0, 0, 0, 
      0, 0, 0, 0, 0, 1, 0, 0, 0, 1, 0, 0, 0, 0, 0, 0, 0, 0, 0, 0, 1, 0, 0, 0, 
      0, 1, 0, 0, 0, 1, 1, 0 ], 
  [ 0, 0, 0, 0, 0, 0, 0, 0, 0, 0, 0, 0, 0, 0, 0, 0, 0, 0, 0, 1, 0, 0, 0, 0, 
      0, 0, 0, 0, 0, 0, 0, 0, 0, 0, 1, 0, 0, 0, 0, 0, 0, 0, 0, 0, 0, 0, 0, 0, 
      6, 0, 0, 0, 0, 0, 0, 1 ] ]

175. Candidate
   Symplectic group: S3
   Component: 2; corrigendum component, generic index 2
   Projective group ID: [ 72, 27 ]
   Strict linear group ID: [ 216, 136 ]
   Generic index: 2
   Generic full linear containment required: true
   Generic full linear containment verified: true
   Direct known case: false
   Source records: [ "S_3_corrigendum_generic_index=2_liftable.docx" ]
   Family number within this input: 5
   Strict cubic invariant dimension: 8
   Centralizer dimension: 7
   Expected moduli dimension: 1
   Determinant image order: 12
   Gonzalez status: passed
   Retained: true
   Gonzalez failure statuses: [  ]
   Matrix generators: 
[ [ [ 0, 1, 0, 0, 0, 0 ], [ 1, 0, 0, 0, 0, 0 ], [ 0, 0, 1, 0, 0, 0 ], 
      [ 0, 0, 0, 1, 0, 0 ], [ 0, 0, 0, 0, 1, 0 ], [ 0, 0, 0, 0, 0, -1 ] ], 
  [ [ 0, 0, 1, 0, 0, 0 ], [ 1, 0, 0, 0, 0, 0 ], [ 0, 1, 0, 0, 0, 0 ], 
      [ 0, 0, 0, 1, 0, 0 ], [ 0, 0, 0, 0, 1, 0 ], [ 0, 0, 0, 0, 0, 1 ] ], 
  [ [ E(3), 0, 0, 0, 0, 0 ], [ 0, E(3), 0, 0, 0, 0 ], [ 0, 0, E(3), 0, 0, 0 ],
      [ 0, 0, 0, E(3), 0, 0 ], [ 0, 0, 0, 0, E(3), 0 ], 
      [ 0, 0, 0, 0, 0, E(3) ] ], 
  [ [ 1, 0, 0, 0, 0, 0 ], [ 0, 1, 0, 0, 0, 0 ], [ 0, 0, 1, 0, 0, 0 ], 
      [ 0, 0, 0, 1, 0, 0 ], [ 0, 0, 0, 0, -E(3)^2, 0 ], 
      [ 0, 0, 0, 0, 0, E(12)^11 ] ] ]
   Cubic invariant basis strings: 
[ "x5*x6^2", "x4^3", "x3*x4^2 + x2*x4^2 + x1*x4^2", 
  "x2*x3*x4 + x1*x3*x4 + x1*x2*x4", "x1*x2*x3", "x3^2*x4 + x2^2*x4 + x1^2*x4",
  "x2*x3^2 + x2^2*x3 + x1*x3^2 + x1*x2^2 + x1^2*x3 + x1^2*x2", 
  "x3^3 + x2^3 + x1^3" ]
   Cubic invariant basis vectors: 
[ [ 0, 1, 0, 0, 0, 0, 0, 0, 0, 0, 0, 0, 0, 0, 0, 0, 0, 0, 0, 0, 0, 0, 0, 0, 
      0, 0, 0, 0, 0, 0, 0, 0, 0, 0, 0, 0, 0, 0, 0, 0, 0, 0, 0, 0, 0, 0, 0, 0, 
      0, 0, 0, 0, 0, 0, 0, 0 ], 
  [ 0, 0, 0, 0, 0, 0, 0, 0, 0, 1, 0, 0, 0, 0, 0, 0, 0, 0, 0, 0, 0, 0, 0, 0, 
      0, 0, 0, 0, 0, 0, 0, 0, 0, 0, 0, 0, 0, 0, 0, 0, 0, 0, 0, 0, 0, 0, 0, 0, 
      0, 0, 0, 0, 0, 0, 0, 0 ], 
  [ 0, 0, 0, 0, 0, 0, 0, 0, 0, 0, 0, 0, 0, 0, 0, 1, 0, 0, 0, 0, 0, 0, 0, 0, 
      0, 1, 0, 0, 0, 0, 0, 0, 0, 0, 0, 0, 0, 0, 0, 0, 1, 0, 0, 0, 0, 0, 0, 0, 
      0, 0, 0, 0, 0, 0, 0, 0 ], 
  [ 0, 0, 0, 0, 0, 0, 0, 0, 0, 0, 0, 0, 0, 0, 0, 0, 0, 0, 0, 0, 0, 0, 0, 0, 
      0, 0, 0, 0, 1, 0, 0, 0, 0, 0, 0, 0, 0, 0, 0, 0, 0, 0, 0, 1, 0, 0, 0, 1, 
      0, 0, 0, 0, 0, 0, 0, 0 ], 
  [ 0, 0, 0, 0, 0, 0, 0, 0, 0, 0, 0, 0, 0, 0, 0, 0, 0, 0, 0, 0, 0, 0, 0, 0, 
      0, 0, 0, 0, 0, 0, 0, 0, 0, 0, 0, 0, 0, 0, 0, 0, 0, 0, 0, 0, 0, 0, 0, 0, 
      1, 0, 0, 0, 0, 0, 0, 0 ], 
  [ 0, 0, 0, 0, 0, 0, 0, 0, 0, 0, 0, 0, 0, 0, 0, 0, 0, 0, 1, 0, 0, 0, 0, 0, 
      0, 0, 0, 0, 0, 0, 0, 0, 1, 0, 0, 0, 0, 0, 0, 0, 0, 0, 0, 0, 0, 0, 0, 0, 
      0, 0, 0, 0, 1, 0, 0, 0 ], 
  [ 0, 0, 0, 0, 0, 0, 0, 0, 0, 0, 0, 0, 0, 0, 0, 0, 0, 0, 0, 0, 0, 0, 0, 0, 
      0, 0, 0, 0, 0, 1, 0, 0, 0, 1, 0, 0, 0, 0, 0, 0, 0, 0, 0, 0, 1, 0, 0, 0, 
      0, 1, 0, 0, 0, 1, 1, 0 ], 
  [ 0, 0, 0, 0, 0, 0, 0, 0, 0, 0, 0, 0, 0, 0, 0, 0, 0, 0, 0, 1, 0, 0, 0, 0, 
      0, 0, 0, 0, 0, 0, 0, 0, 0, 0, 1, 0, 0, 0, 0, 0, 0, 0, 0, 0, 0, 0, 0, 0, 
      0, 0, 0, 0, 0, 0, 0, 1 ] ]

176. Candidate
   Symplectic group: S3
   Component: 2; corrigendum component, generic index 2
   Projective group ID: [ 72, 27 ]
   Strict linear group ID: [ 216, 136 ]
   Generic index: 2
   Generic full linear containment required: true
   Generic full linear containment verified: true
   Direct known case: false
   Source records: [ "S_3_corrigendum_generic_index=2_liftable.docx" ]
   Family number within this input: 6
   Strict cubic invariant dimension: 7
   Centralizer dimension: 7
   Expected moduli dimension: 0
   Determinant image order: 12
   Gonzalez status: passed
   Retained: true
   Gonzalez failure statuses: [  ]
   Matrix generators: 
[ [ [ 0, 1, 0, 0, 0, 0 ], [ 1, 0, 0, 0, 0, 0 ], [ 0, 0, 1, 0, 0, 0 ], 
      [ 0, 0, 0, 1, 0, 0 ], [ 0, 0, 0, 0, 1, 0 ], [ 0, 0, 0, 0, 0, -1 ] ], 
  [ [ 0, 0, 1, 0, 0, 0 ], [ 1, 0, 0, 0, 0, 0 ], [ 0, 1, 0, 0, 0, 0 ], 
      [ 0, 0, 0, 1, 0, 0 ], [ 0, 0, 0, 0, 1, 0 ], [ 0, 0, 0, 0, 0, 1 ] ], 
  [ [ E(3), 0, 0, 0, 0, 0 ], [ 0, E(3), 0, 0, 0, 0 ], [ 0, 0, E(3), 0, 0, 0 ],
      [ 0, 0, 0, E(3), 0, 0 ], [ 0, 0, 0, 0, E(3), 0 ], 
      [ 0, 0, 0, 0, 0, E(3) ] ], 
  [ [ -1/3, 2/3, 2/3, 0, 0, 0 ], [ 2/3, -1/3, 2/3, 0, 0, 0 ], 
      [ 2/3, 2/3, -1/3, 0, 0, 0 ], [ 0, 0, 0, 1, 0, 0 ], 
      [ 0, 0, 0, 0, -E(3)^2, 0 ], [ 0, 0, 0, 0, 0, E(12)^11 ] ] ]
   Cubic invariant basis strings: 
[ "x5*x6^2", "x4^3", "x3*x4^2 + x2*x4^2 + x1*x4^2", 
  "x2*x3*x4 + x1*x3*x4 + x1*x2*x4", "x3^2*x4 + x2^2*x4 + x1^2*x4", 
  "x2*x3^2 + x2^2*x3 + x1*x3^2 + (3)*x1*x2*x3 + x1*x2^2 + x1^2*x3 + x1^2*x2", 
  "x3^3 + x2^3 + (-3)*x1*x2*x3 + x1^3" ]
   Cubic invariant basis vectors: 
[ [ 0, 1, 0, 0, 0, 0, 0, 0, 0, 0, 0, 0, 0, 0, 0, 0, 0, 0, 0, 0, 0, 0, 0, 0, 
      0, 0, 0, 0, 0, 0, 0, 0, 0, 0, 0, 0, 0, 0, 0, 0, 0, 0, 0, 0, 0, 0, 0, 0, 
      0, 0, 0, 0, 0, 0, 0, 0 ], 
  [ 0, 0, 0, 0, 0, 0, 0, 0, 0, 1, 0, 0, 0, 0, 0, 0, 0, 0, 0, 0, 0, 0, 0, 0, 
      0, 0, 0, 0, 0, 0, 0, 0, 0, 0, 0, 0, 0, 0, 0, 0, 0, 0, 0, 0, 0, 0, 0, 0, 
      0, 0, 0, 0, 0, 0, 0, 0 ], 
  [ 0, 0, 0, 0, 0, 0, 0, 0, 0, 0, 0, 0, 0, 0, 0, 1, 0, 0, 0, 0, 0, 0, 0, 0, 
      0, 1, 0, 0, 0, 0, 0, 0, 0, 0, 0, 0, 0, 0, 0, 0, 1, 0, 0, 0, 0, 0, 0, 0, 
      0, 0, 0, 0, 0, 0, 0, 0 ], 
  [ 0, 0, 0, 0, 0, 0, 0, 0, 0, 0, 0, 0, 0, 0, 0, 0, 0, 0, 0, 0, 0, 0, 0, 0, 
      0, 0, 0, 0, 1, 0, 0, 0, 0, 0, 0, 0, 0, 0, 0, 0, 0, 0, 0, 1, 0, 0, 0, 1, 
      0, 0, 0, 0, 0, 0, 0, 0 ], 
  [ 0, 0, 0, 0, 0, 0, 0, 0, 0, 0, 0, 0, 0, 0, 0, 0, 0, 0, 1, 0, 0, 0, 0, 0, 
      0, 0, 0, 0, 0, 0, 0, 0, 1, 0, 0, 0, 0, 0, 0, 0, 0, 0, 0, 0, 0, 0, 0, 0, 
      0, 0, 0, 0, 1, 0, 0, 0 ], 
  [ 0, 0, 0, 0, 0, 0, 0, 0, 0, 0, 0, 0, 0, 0, 0, 0, 0, 0, 0, 0, 0, 0, 0, 0, 
      0, 0, 0, 0, 0, 1, 0, 0, 0, 1, 0, 0, 0, 0, 0, 0, 0, 0, 0, 0, 1, 0, 0, 0, 
      3, 1, 0, 0, 0, 1, 1, 0 ], 
  [ 0, 0, 0, 0, 0, 0, 0, 0, 0, 0, 0, 0, 0, 0, 0, 0, 0, 0, 0, 1, 0, 0, 0, 0, 
      0, 0, 0, 0, 0, 0, 0, 0, 0, 0, 1, 0, 0, 0, 0, 0, 0, 0, 0, 0, 0, 0, 0, 0, 
      -3, 0, 0, 0, 0, 0, 0, 1 ] ]

177. Candidate
   Symplectic group: S3
   Component: 2; corrigendum component, generic index 2
   Projective group ID: [ 72, 27 ]
   Strict linear group ID: [ 216, 136 ]
   Generic index: 2
   Generic full linear containment required: true
   Generic full linear containment verified: true
   Direct known case: false
   Source records: [ "S_3_corrigendum_generic_index=2_liftable.docx" ]
   Family number within this input: 7
   Strict cubic invariant dimension: 8
   Centralizer dimension: 7
   Expected moduli dimension: 1
   Determinant image order: 12
   Gonzalez status: passed
   Retained: true
   Gonzalez failure statuses: [  ]
   Matrix generators: 
[ [ [ 0, 1, 0, 0, 0, 0 ], [ 1, 0, 0, 0, 0, 0 ], [ 0, 0, 1, 0, 0, 0 ], 
      [ 0, 0, 0, 1, 0, 0 ], [ 0, 0, 0, 0, 1, 0 ], [ 0, 0, 0, 0, 0, -1 ] ], 
  [ [ 0, 0, 1, 0, 0, 0 ], [ 1, 0, 0, 0, 0, 0 ], [ 0, 1, 0, 0, 0, 0 ], 
      [ 0, 0, 0, 1, 0, 0 ], [ 0, 0, 0, 0, 1, 0 ], [ 0, 0, 0, 0, 0, 1 ] ], 
  [ [ E(3), 0, 0, 0, 0, 0 ], [ 0, E(3), 0, 0, 0, 0 ], [ 0, 0, E(3), 0, 0, 0 ],
      [ 0, 0, 0, E(3), 0, 0 ], [ 0, 0, 0, 0, E(3), 0 ], 
      [ 0, 0, 0, 0, 0, E(3) ] ], 
  [ [ 1, 0, 0, 0, 0, 0 ], [ 0, 1, 0, 0, 0, 0 ], [ 0, 0, 1, 0, 0, 0 ], 
      [ 0, 0, 0, 1, 0, 0 ], [ 0, 0, 0, 0, E(3), 0 ], [ 0, 0, 0, 0, 0, -E(4) ] 
     ] ]
   Cubic invariant basis strings: 
[ "x5^3", "x4^3", "x3*x4^2 + x2*x4^2 + x1*x4^2", 
  "x2*x3*x4 + x1*x3*x4 + x1*x2*x4", "x1*x2*x3", "x3^2*x4 + x2^2*x4 + x1^2*x4",
  "x2*x3^2 + x2^2*x3 + x1*x3^2 + x1*x2^2 + x1^2*x3 + x1^2*x2", 
  "x3^3 + x2^3 + x1^3" ]
   Cubic invariant basis vectors: 
[ [ 0, 0, 0, 1, 0, 0, 0, 0, 0, 0, 0, 0, 0, 0, 0, 0, 0, 0, 0, 0, 0, 0, 0, 0, 
      0, 0, 0, 0, 0, 0, 0, 0, 0, 0, 0, 0, 0, 0, 0, 0, 0, 0, 0, 0, 0, 0, 0, 0, 
      0, 0, 0, 0, 0, 0, 0, 0 ], 
  [ 0, 0, 0, 0, 0, 0, 0, 0, 0, 1, 0, 0, 0, 0, 0, 0, 0, 0, 0, 0, 0, 0, 0, 0, 
      0, 0, 0, 0, 0, 0, 0, 0, 0, 0, 0, 0, 0, 0, 0, 0, 0, 0, 0, 0, 0, 0, 0, 0, 
      0, 0, 0, 0, 0, 0, 0, 0 ], 
  [ 0, 0, 0, 0, 0, 0, 0, 0, 0, 0, 0, 0, 0, 0, 0, 1, 0, 0, 0, 0, 0, 0, 0, 0, 
      0, 1, 0, 0, 0, 0, 0, 0, 0, 0, 0, 0, 0, 0, 0, 0, 1, 0, 0, 0, 0, 0, 0, 0, 
      0, 0, 0, 0, 0, 0, 0, 0 ], 
  [ 0, 0, 0, 0, 0, 0, 0, 0, 0, 0, 0, 0, 0, 0, 0, 0, 0, 0, 0, 0, 0, 0, 0, 0, 
      0, 0, 0, 0, 1, 0, 0, 0, 0, 0, 0, 0, 0, 0, 0, 0, 0, 0, 0, 1, 0, 0, 0, 1, 
      0, 0, 0, 0, 0, 0, 0, 0 ], 
  [ 0, 0, 0, 0, 0, 0, 0, 0, 0, 0, 0, 0, 0, 0, 0, 0, 0, 0, 0, 0, 0, 0, 0, 0, 
      0, 0, 0, 0, 0, 0, 0, 0, 0, 0, 0, 0, 0, 0, 0, 0, 0, 0, 0, 0, 0, 0, 0, 0, 
      1, 0, 0, 0, 0, 0, 0, 0 ], 
  [ 0, 0, 0, 0, 0, 0, 0, 0, 0, 0, 0, 0, 0, 0, 0, 0, 0, 0, 1, 0, 0, 0, 0, 0, 
      0, 0, 0, 0, 0, 0, 0, 0, 1, 0, 0, 0, 0, 0, 0, 0, 0, 0, 0, 0, 0, 0, 0, 0, 
      0, 0, 0, 0, 1, 0, 0, 0 ], 
  [ 0, 0, 0, 0, 0, 0, 0, 0, 0, 0, 0, 0, 0, 0, 0, 0, 0, 0, 0, 0, 0, 0, 0, 0, 
      0, 0, 0, 0, 0, 1, 0, 0, 0, 1, 0, 0, 0, 0, 0, 0, 0, 0, 0, 0, 1, 0, 0, 0, 
      0, 1, 0, 0, 0, 1, 1, 0 ], 
  [ 0, 0, 0, 0, 0, 0, 0, 0, 0, 0, 0, 0, 0, 0, 0, 0, 0, 0, 0, 1, 0, 0, 0, 0, 
      0, 0, 0, 0, 0, 0, 0, 0, 0, 0, 1, 0, 0, 0, 0, 0, 0, 0, 0, 0, 0, 0, 0, 0, 
      0, 0, 0, 0, 0, 0, 0, 1 ] ]

178. Candidate
   Symplectic group: S3
   Component: 2; corrigendum component, generic index 2
   Projective group ID: [ 72, 27 ]
   Strict linear group ID: [ 216, 136 ]
   Generic index: 2
   Generic full linear containment required: true
   Generic full linear containment verified: true
   Direct known case: false
   Source records: [ "S_3_corrigendum_generic_index=2_liftable.docx" ]
   Family number within this input: 8
   Strict cubic invariant dimension: 7
   Centralizer dimension: 7
   Expected moduli dimension: 0
   Determinant image order: 12
   Gonzalez status: passed
   Retained: true
   Gonzalez failure statuses: [  ]
   Matrix generators: 
[ [ [ 0, 1, 0, 0, 0, 0 ], [ 1, 0, 0, 0, 0, 0 ], [ 0, 0, 1, 0, 0, 0 ], 
      [ 0, 0, 0, 1, 0, 0 ], [ 0, 0, 0, 0, 1, 0 ], [ 0, 0, 0, 0, 0, -1 ] ], 
  [ [ 0, 0, 1, 0, 0, 0 ], [ 1, 0, 0, 0, 0, 0 ], [ 0, 1, 0, 0, 0, 0 ], 
      [ 0, 0, 0, 1, 0, 0 ], [ 0, 0, 0, 0, 1, 0 ], [ 0, 0, 0, 0, 0, 1 ] ], 
  [ [ E(3), 0, 0, 0, 0, 0 ], [ 0, E(3), 0, 0, 0, 0 ], [ 0, 0, E(3), 0, 0, 0 ],
      [ 0, 0, 0, E(3), 0, 0 ], [ 0, 0, 0, 0, E(3), 0 ], 
      [ 0, 0, 0, 0, 0, E(3) ] ], 
  [ [ 1/3*E(3)-1/3*E(3)^2, -2/3*E(3)-1/3*E(3)^2, -2/3*E(3)-1/3*E(3)^2, 0, 0, 
          0 ], 
      [ -2/3*E(3)-1/3*E(3)^2, 1/3*E(3)-1/3*E(3)^2, -2/3*E(3)-1/3*E(3)^2, 0, 
          0, 0 ], 
      [ -2/3*E(3)-1/3*E(3)^2, -2/3*E(3)-1/3*E(3)^2, 1/3*E(3)-1/3*E(3)^2, 0, 
          0, 0 ], [ 0, 0, 0, 1, 0, 0 ], [ 0, 0, 0, 0, E(3), 0 ], 
      [ 0, 0, 0, 0, 0, -E(12)^7 ] ] ]
   Cubic invariant basis strings: 
[ "x5^3", "x4^3", "x3*x4^2 + x2*x4^2 + x1*x4^2", 
  "x3^2*x5 + -x2*x3*x5 + x2^2*x5 + -x1*x3*x5 + -x1*x2*x5 + x1^2*x5", 
  "x3^2*x4 + (2)*x2*x3*x4 + x2^2*x4 + (2)*x1*x3*x4 + (2)*x1*x2*x4 + x1^2*x4", 
  "x2*x3^2 + x2^2*x3 + x1*x3^2 + x1*x2^2 + x1^2*x3 + x1^2*x2", 
  "x3^3 + x2^3 + (6)*x1*x2*x3 + x1^3" ]
   Cubic invariant basis vectors: 
[ [ 0, 0, 0, 1, 0, 0, 0, 0, 0, 0, 0, 0, 0, 0, 0, 0, 0, 0, 0, 0, 0, 0, 0, 0, 
      0, 0, 0, 0, 0, 0, 0, 0, 0, 0, 0, 0, 0, 0, 0, 0, 0, 0, 0, 0, 0, 0, 0, 0, 
      0, 0, 0, 0, 0, 0, 0, 0 ], 
  [ 0, 0, 0, 0, 0, 0, 0, 0, 0, 1, 0, 0, 0, 0, 0, 0, 0, 0, 0, 0, 0, 0, 0, 0, 
      0, 0, 0, 0, 0, 0, 0, 0, 0, 0, 0, 0, 0, 0, 0, 0, 0, 0, 0, 0, 0, 0, 0, 0, 
      0, 0, 0, 0, 0, 0, 0, 0 ], 
  [ 0, 0, 0, 0, 0, 0, 0, 0, 0, 0, 0, 0, 0, 0, 0, 1, 0, 0, 0, 0, 0, 0, 0, 0, 
      0, 1, 0, 0, 0, 0, 0, 0, 0, 0, 0, 0, 0, 0, 0, 0, 1, 0, 0, 0, 0, 0, 0, 0, 
      0, 0, 0, 0, 0, 0, 0, 0 ], 
  [ 0, 0, 0, 0, 0, 0, 0, 0, 0, 0, 0, 0, 0, 0, 0, 0, 0, 1, 0, 0, 0, 0, 0, 0, 
      0, 0, 0, -1, 0, 0, 0, 1, 0, 0, 0, 0, 0, 0, 0, 0, 0, 0, -1, 0, 0, 0, -1, 
      0, 0, 0, 0, 1, 0, 0, 0, 0 ], 
  [ 0, 0, 0, 0, 0, 0, 0, 0, 0, 0, 0, 0, 0, 0, 0, 0, 0, 0, 1, 0, 0, 0, 0, 0, 
      0, 0, 0, 0, 2, 0, 0, 0, 1, 0, 0, 0, 0, 0, 0, 0, 0, 0, 0, 2, 0, 0, 0, 2, 
      0, 0, 0, 0, 1, 0, 0, 0 ], 
  [ 0, 0, 0, 0, 0, 0, 0, 0, 0, 0, 0, 0, 0, 0, 0, 0, 0, 0, 0, 0, 0, 0, 0, 0, 
      0, 0, 0, 0, 0, 1, 0, 0, 0, 1, 0, 0, 0, 0, 0, 0, 0, 0, 0, 0, 1, 0, 0, 0, 
      0, 1, 0, 0, 0, 1, 1, 0 ], 
  [ 0, 0, 0, 0, 0, 0, 0, 0, 0, 0, 0, 0, 0, 0, 0, 0, 0, 0, 0, 1, 0, 0, 0, 0, 
      0, 0, 0, 0, 0, 0, 0, 0, 0, 0, 1, 0, 0, 0, 0, 0, 0, 0, 0, 0, 0, 0, 0, 0, 
      6, 0, 0, 0, 0, 0, 0, 1 ] ]

179. Candidate
   Symplectic group: S3
   Component: 2; corrigendum component, generic index 2
   Projective group ID: [ 72, 27 ]
   Strict linear group ID: [ 216, 136 ]
   Generic index: 2
   Generic full linear containment required: true
   Generic full linear containment verified: true
   Direct known case: false
   Source records: [ "S_3_corrigendum_generic_index=2_liftable.docx" ]
   Family number within this input: 9
   Strict cubic invariant dimension: 7
   Centralizer dimension: 7
   Expected moduli dimension: 0
   Determinant image order: 12
   Gonzalez status: passed
   Retained: true
   Gonzalez failure statuses: [  ]
   Matrix generators: 
[ [ [ 0, 1, 0, 0, 0, 0 ], [ 1, 0, 0, 0, 0, 0 ], [ 0, 0, 1, 0, 0, 0 ], 
      [ 0, 0, 0, 1, 0, 0 ], [ 0, 0, 0, 0, 1, 0 ], [ 0, 0, 0, 0, 0, -1 ] ], 
  [ [ 0, 0, 1, 0, 0, 0 ], [ 1, 0, 0, 0, 0, 0 ], [ 0, 1, 0, 0, 0, 0 ], 
      [ 0, 0, 0, 1, 0, 0 ], [ 0, 0, 0, 0, 1, 0 ], [ 0, 0, 0, 0, 0, 1 ] ], 
  [ [ E(3), 0, 0, 0, 0, 0 ], [ 0, E(3), 0, 0, 0, 0 ], [ 0, 0, E(3), 0, 0, 0 ],
      [ 0, 0, 0, E(3), 0, 0 ], [ 0, 0, 0, 0, E(3), 0 ], 
      [ 0, 0, 0, 0, 0, E(3) ] ], 
  [ [ -1/3, 2/3, 2/3, 0, 0, 0 ], [ 2/3, -1/3, 2/3, 0, 0, 0 ], 
      [ 2/3, 2/3, -1/3, 0, 0, 0 ], [ 0, 0, 0, 1, 0, 0 ], 
      [ 0, 0, 0, 0, E(3), 0 ], [ 0, 0, 0, 0, 0, -E(4) ] ] ]
   Cubic invariant basis strings: 
[ "x5^3", "x4^3", "x3*x4^2 + x2*x4^2 + x1*x4^2", 
  "x2*x3*x4 + x1*x3*x4 + x1*x2*x4", "x3^2*x4 + x2^2*x4 + x1^2*x4", 
  "x2*x3^2 + x2^2*x3 + x1*x3^2 + (3)*x1*x2*x3 + x1*x2^2 + x1^2*x3 + x1^2*x2", 
  "x3^3 + x2^3 + (-3)*x1*x2*x3 + x1^3" ]
   Cubic invariant basis vectors: 
[ [ 0, 0, 0, 1, 0, 0, 0, 0, 0, 0, 0, 0, 0, 0, 0, 0, 0, 0, 0, 0, 0, 0, 0, 0, 
      0, 0, 0, 0, 0, 0, 0, 0, 0, 0, 0, 0, 0, 0, 0, 0, 0, 0, 0, 0, 0, 0, 0, 0, 
      0, 0, 0, 0, 0, 0, 0, 0 ], 
  [ 0, 0, 0, 0, 0, 0, 0, 0, 0, 1, 0, 0, 0, 0, 0, 0, 0, 0, 0, 0, 0, 0, 0, 0, 
      0, 0, 0, 0, 0, 0, 0, 0, 0, 0, 0, 0, 0, 0, 0, 0, 0, 0, 0, 0, 0, 0, 0, 0, 
      0, 0, 0, 0, 0, 0, 0, 0 ], 
  [ 0, 0, 0, 0, 0, 0, 0, 0, 0, 0, 0, 0, 0, 0, 0, 1, 0, 0, 0, 0, 0, 0, 0, 0, 
      0, 1, 0, 0, 0, 0, 0, 0, 0, 0, 0, 0, 0, 0, 0, 0, 1, 0, 0, 0, 0, 0, 0, 0, 
      0, 0, 0, 0, 0, 0, 0, 0 ], 
  [ 0, 0, 0, 0, 0, 0, 0, 0, 0, 0, 0, 0, 0, 0, 0, 0, 0, 0, 0, 0, 0, 0, 0, 0, 
      0, 0, 0, 0, 1, 0, 0, 0, 0, 0, 0, 0, 0, 0, 0, 0, 0, 0, 0, 1, 0, 0, 0, 1, 
      0, 0, 0, 0, 0, 0, 0, 0 ], 
  [ 0, 0, 0, 0, 0, 0, 0, 0, 0, 0, 0, 0, 0, 0, 0, 0, 0, 0, 1, 0, 0, 0, 0, 0, 
      0, 0, 0, 0, 0, 0, 0, 0, 1, 0, 0, 0, 0, 0, 0, 0, 0, 0, 0, 0, 0, 0, 0, 0, 
      0, 0, 0, 0, 1, 0, 0, 0 ], 
  [ 0, 0, 0, 0, 0, 0, 0, 0, 0, 0, 0, 0, 0, 0, 0, 0, 0, 0, 0, 0, 0, 0, 0, 0, 
      0, 0, 0, 0, 0, 1, 0, 0, 0, 1, 0, 0, 0, 0, 0, 0, 0, 0, 0, 0, 1, 0, 0, 0, 
      3, 1, 0, 0, 0, 1, 1, 0 ], 
  [ 0, 0, 0, 0, 0, 0, 0, 0, 0, 0, 0, 0, 0, 0, 0, 0, 0, 0, 0, 1, 0, 0, 0, 0, 
      0, 0, 0, 0, 0, 0, 0, 0, 0, 0, 1, 0, 0, 0, 0, 0, 0, 0, 0, 0, 0, 0, 0, 0, 
      -3, 0, 0, 0, 0, 0, 0, 1 ] ]

180. Candidate
   Symplectic group: S3
   Component: 2; corrigendum component, generic index 2
   Projective group ID: [ 72, 27 ]
   Strict linear group ID: [ 216, 136 ]
   Generic index: 2
   Generic full linear containment required: true
   Generic full linear containment verified: true
   Direct known case: false
   Source records: [ "S_3_corrigendum_generic_index=2_liftable.docx" ]
   Family number within this input: 10
   Strict cubic invariant dimension: 9
   Centralizer dimension: 7
   Expected moduli dimension: 2
   Determinant image order: 12
   Gonzalez status: passed
   Retained: true
   Gonzalez failure statuses: [  ]
   Matrix generators: 
[ [ [ 0, 1, 0, 0, 0, 0 ], [ 1, 0, 0, 0, 0, 0 ], [ 0, 0, 1, 0, 0, 0 ], 
      [ 0, 0, 0, 1, 0, 0 ], [ 0, 0, 0, 0, 1, 0 ], [ 0, 0, 0, 0, 0, -1 ] ], 
  [ [ 0, 0, 1, 0, 0, 0 ], [ 1, 0, 0, 0, 0, 0 ], [ 0, 1, 0, 0, 0, 0 ], 
      [ 0, 0, 0, 1, 0, 0 ], [ 0, 0, 0, 0, 1, 0 ], [ 0, 0, 0, 0, 0, 1 ] ], 
  [ [ E(3), 0, 0, 0, 0, 0 ], [ 0, E(3), 0, 0, 0, 0 ], [ 0, 0, E(3), 0, 0, 0 ],
      [ 0, 0, 0, E(3), 0, 0 ], [ 0, 0, 0, 0, E(3), 0 ], 
      [ 0, 0, 0, 0, 0, E(3) ] ], 
  [ [ 1, 0, 0, 0, 0, 0 ], [ 0, 1, 0, 0, 0, 0 ], [ 0, 0, 1, 0, 0, 0 ], 
      [ 0, 0, 0, 1, 0, 0 ], [ 0, 0, 0, 0, -1, 0 ], [ 0, 0, 0, 0, 0, E(12)^7 ] 
     ] ]
   Cubic invariant basis strings: 
[ "x4*x5^2", "x4^3", "x3*x5^2 + x2*x5^2 + x1*x5^2", 
  "x3*x4^2 + x2*x4^2 + x1*x4^2", "x2*x3*x4 + x1*x3*x4 + x1*x2*x4", 
  "x1*x2*x3", "x3^2*x4 + x2^2*x4 + x1^2*x4", 
  "x2*x3^2 + x2^2*x3 + x1*x3^2 + x1*x2^2 + x1^2*x3 + x1^2*x2", 
  "x3^3 + x2^3 + x1^3" ]
   Cubic invariant basis vectors: 
[ [ 0, 0, 0, 0, 0, 0, 1, 0, 0, 0, 0, 0, 0, 0, 0, 0, 0, 0, 0, 0, 0, 0, 0, 0, 
      0, 0, 0, 0, 0, 0, 0, 0, 0, 0, 0, 0, 0, 0, 0, 0, 0, 0, 0, 0, 0, 0, 0, 0, 
      0, 0, 0, 0, 0, 0, 0, 0 ], 
  [ 0, 0, 0, 0, 0, 0, 0, 0, 0, 1, 0, 0, 0, 0, 0, 0, 0, 0, 0, 0, 0, 0, 0, 0, 
      0, 0, 0, 0, 0, 0, 0, 0, 0, 0, 0, 0, 0, 0, 0, 0, 0, 0, 0, 0, 0, 0, 0, 0, 
      0, 0, 0, 0, 0, 0, 0, 0 ], 
  [ 0, 0, 0, 0, 0, 0, 0, 0, 0, 0, 0, 0, 1, 0, 0, 0, 0, 0, 0, 0, 0, 0, 1, 0, 
      0, 0, 0, 0, 0, 0, 0, 0, 0, 0, 0, 0, 0, 1, 0, 0, 0, 0, 0, 0, 0, 0, 0, 0, 
      0, 0, 0, 0, 0, 0, 0, 0 ], 
  [ 0, 0, 0, 0, 0, 0, 0, 0, 0, 0, 0, 0, 0, 0, 0, 1, 0, 0, 0, 0, 0, 0, 0, 0, 
      0, 1, 0, 0, 0, 0, 0, 0, 0, 0, 0, 0, 0, 0, 0, 0, 1, 0, 0, 0, 0, 0, 0, 0, 
      0, 0, 0, 0, 0, 0, 0, 0 ], 
  [ 0, 0, 0, 0, 0, 0, 0, 0, 0, 0, 0, 0, 0, 0, 0, 0, 0, 0, 0, 0, 0, 0, 0, 0, 
      0, 0, 0, 0, 1, 0, 0, 0, 0, 0, 0, 0, 0, 0, 0, 0, 0, 0, 0, 1, 0, 0, 0, 1, 
      0, 0, 0, 0, 0, 0, 0, 0 ], 
  [ 0, 0, 0, 0, 0, 0, 0, 0, 0, 0, 0, 0, 0, 0, 0, 0, 0, 0, 0, 0, 0, 0, 0, 0, 
      0, 0, 0, 0, 0, 0, 0, 0, 0, 0, 0, 0, 0, 0, 0, 0, 0, 0, 0, 0, 0, 0, 0, 0, 
      1, 0, 0, 0, 0, 0, 0, 0 ], 
  [ 0, 0, 0, 0, 0, 0, 0, 0, 0, 0, 0, 0, 0, 0, 0, 0, 0, 0, 1, 0, 0, 0, 0, 0, 
      0, 0, 0, 0, 0, 0, 0, 0, 1, 0, 0, 0, 0, 0, 0, 0, 0, 0, 0, 0, 0, 0, 0, 0, 
      0, 0, 0, 0, 1, 0, 0, 0 ], 
  [ 0, 0, 0, 0, 0, 0, 0, 0, 0, 0, 0, 0, 0, 0, 0, 0, 0, 0, 0, 0, 0, 0, 0, 0, 
      0, 0, 0, 0, 0, 1, 0, 0, 0, 1, 0, 0, 0, 0, 0, 0, 0, 0, 0, 0, 1, 0, 0, 0, 
      0, 1, 0, 0, 0, 1, 1, 0 ], 
  [ 0, 0, 0, 0, 0, 0, 0, 0, 0, 0, 0, 0, 0, 0, 0, 0, 0, 0, 0, 1, 0, 0, 0, 0, 
      0, 0, 0, 0, 0, 0, 0, 0, 0, 0, 1, 0, 0, 0, 0, 0, 0, 0, 0, 0, 0, 0, 0, 0, 
      0, 0, 0, 0, 0, 0, 0, 1 ] ]

181. Candidate
   Symplectic group: S3
   Component: 2; corrigendum component, generic index 2
   Projective group ID: [ 72, 27 ]
   Strict linear group ID: [ 216, 136 ]
   Generic index: 2
   Generic full linear containment required: true
   Generic full linear containment verified: true
   Direct known case: false
   Source records: [ "S_3_corrigendum_generic_index=2_liftable.docx" ]
   Family number within this input: 11
   Strict cubic invariant dimension: 7
   Centralizer dimension: 7
   Expected moduli dimension: 0
   Determinant image order: 12
   Gonzalez status: passed
   Retained: true
   Gonzalez failure statuses: [  ]
   Matrix generators: 
[ [ [ 0, 1, 0, 0, 0, 0 ], [ 1, 0, 0, 0, 0, 0 ], [ 0, 0, 1, 0, 0, 0 ], 
      [ 0, 0, 0, 1, 0, 0 ], [ 0, 0, 0, 0, 1, 0 ], [ 0, 0, 0, 0, 0, -1 ] ], 
  [ [ 0, 0, 1, 0, 0, 0 ], [ 1, 0, 0, 0, 0, 0 ], [ 0, 1, 0, 0, 0, 0 ], 
      [ 0, 0, 0, 1, 0, 0 ], [ 0, 0, 0, 0, 1, 0 ], [ 0, 0, 0, 0, 0, 1 ] ], 
  [ [ E(3), 0, 0, 0, 0, 0 ], [ 0, E(3), 0, 0, 0, 0 ], [ 0, 0, E(3), 0, 0, 0 ],
      [ 0, 0, 0, E(3), 0, 0 ], [ 0, 0, 0, 0, E(3), 0 ], 
      [ 0, 0, 0, 0, 0, E(3) ] ], 
  [ [ -1/3*E(3)-E(3)^2, -1/3*E(3), -1/3*E(3), 0, 0, 0 ], 
      [ -1/3*E(3), -1/3*E(3)-E(3)^2, -1/3*E(3), 0, 0, 0 ], 
      [ -1/3*E(3), -1/3*E(3), -1/3*E(3)-E(3)^2, 0, 0, 0 ], 
      [ 0, 0, 0, 1, 0, 0 ], [ 0, 0, 0, 0, -1, 0 ], [ 0, 0, 0, 0, 0, E(4) ] ] ]
   Cubic invariant basis strings: [ "x5*x6^2", "x4*x5^2", "x4^3", 
  "x3*x5^2 + x2*x5^2 + x1*x5^2", "x3*x4^2 + x2*x4^2 + x1*x4^2", 
  "x3^2*x4 + (2)*x2*x3*x4 + x2^2*x4 + (2)*x1*x3*x4 + (2)*x1*x2*x4 + x1^2*x4", 
  "x3^3 + (3)*x2*x3^2 + (3)*x2^2*x3 + x2^3 + (3)*x1*x3^2 + (6)*x1*x2*x3 + (3)*\
x1*x2^2 + (3)*x1^2*x3 + (3)*x1^2*x2 + x1^3" ]
   Cubic invariant basis vectors: 
[ [ 0, 1, 0, 0, 0, 0, 0, 0, 0, 0, 0, 0, 0, 0, 0, 0, 0, 0, 0, 0, 0, 0, 0, 0, 
      0, 0, 0, 0, 0, 0, 0, 0, 0, 0, 0, 0, 0, 0, 0, 0, 0, 0, 0, 0, 0, 0, 0, 0, 
      0, 0, 0, 0, 0, 0, 0, 0 ], 
  [ 0, 0, 0, 0, 0, 0, 1, 0, 0, 0, 0, 0, 0, 0, 0, 0, 0, 0, 0, 0, 0, 0, 0, 0, 
      0, 0, 0, 0, 0, 0, 0, 0, 0, 0, 0, 0, 0, 0, 0, 0, 0, 0, 0, 0, 0, 0, 0, 0, 
      0, 0, 0, 0, 0, 0, 0, 0 ], 
  [ 0, 0, 0, 0, 0, 0, 0, 0, 0, 1, 0, 0, 0, 0, 0, 0, 0, 0, 0, 0, 0, 0, 0, 0, 
      0, 0, 0, 0, 0, 0, 0, 0, 0, 0, 0, 0, 0, 0, 0, 0, 0, 0, 0, 0, 0, 0, 0, 0, 
      0, 0, 0, 0, 0, 0, 0, 0 ], 
  [ 0, 0, 0, 0, 0, 0, 0, 0, 0, 0, 0, 0, 1, 0, 0, 0, 0, 0, 0, 0, 0, 0, 1, 0, 
      0, 0, 0, 0, 0, 0, 0, 0, 0, 0, 0, 0, 0, 1, 0, 0, 0, 0, 0, 0, 0, 0, 0, 0, 
      0, 0, 0, 0, 0, 0, 0, 0 ], 
  [ 0, 0, 0, 0, 0, 0, 0, 0, 0, 0, 0, 0, 0, 0, 0, 1, 0, 0, 0, 0, 0, 0, 0, 0, 
      0, 1, 0, 0, 0, 0, 0, 0, 0, 0, 0, 0, 0, 0, 0, 0, 1, 0, 0, 0, 0, 0, 0, 0, 
      0, 0, 0, 0, 0, 0, 0, 0 ], 
  [ 0, 0, 0, 0, 0, 0, 0, 0, 0, 0, 0, 0, 0, 0, 0, 0, 0, 0, 1, 0, 0, 0, 0, 0, 
      0, 0, 0, 0, 2, 0, 0, 0, 1, 0, 0, 0, 0, 0, 0, 0, 0, 0, 0, 2, 0, 0, 0, 2, 
      0, 0, 0, 0, 1, 0, 0, 0 ], 
  [ 0, 0, 0, 0, 0, 0, 0, 0, 0, 0, 0, 0, 0, 0, 0, 0, 0, 0, 0, 1, 0, 0, 0, 0, 
      0, 0, 0, 0, 0, 3, 0, 0, 0, 3, 1, 0, 0, 0, 0, 0, 0, 0, 0, 0, 3, 0, 0, 0, 
      6, 3, 0, 0, 0, 3, 3, 1 ] ]

182. Candidate
   Symplectic group: S3
   Component: 2; corrigendum component, generic index 2
   Projective group ID: [ 72, 27 ]
   Strict linear group ID: [ 216, 136 ]
   Generic index: 2
   Generic full linear containment required: true
   Generic full linear containment verified: true
   Direct known case: false
   Source records: [ "S_3_corrigendum_generic_index=2_liftable.docx" ]
   Family number within this input: 12
   Strict cubic invariant dimension: 7
   Centralizer dimension: 7
   Expected moduli dimension: 0
   Determinant image order: 12
   Gonzalez status: passed
   Retained: true
   Gonzalez failure statuses: [  ]
   Matrix generators: 
[ [ [ 0, 1, 0, 0, 0, 0 ], [ 1, 0, 0, 0, 0, 0 ], [ 0, 0, 1, 0, 0, 0 ], 
      [ 0, 0, 0, 1, 0, 0 ], [ 0, 0, 0, 0, 1, 0 ], [ 0, 0, 0, 0, 0, -1 ] ], 
  [ [ 0, 0, 1, 0, 0, 0 ], [ 1, 0, 0, 0, 0, 0 ], [ 0, 1, 0, 0, 0, 0 ], 
      [ 0, 0, 0, 1, 0, 0 ], [ 0, 0, 0, 0, 1, 0 ], [ 0, 0, 0, 0, 0, 1 ] ], 
  [ [ E(3), 0, 0, 0, 0, 0 ], [ 0, E(3), 0, 0, 0, 0 ], [ 0, 0, E(3), 0, 0, 0 ],
      [ 0, 0, 0, E(3), 0, 0 ], [ 0, 0, 0, 0, E(3), 0 ], 
      [ 0, 0, 0, 0, 0, E(3) ] ], 
  [ [ 1/3*E(3)-1/3*E(3)^2, -2/3*E(3)-1/3*E(3)^2, -2/3*E(3)-1/3*E(3)^2, 0, 0, 
          0 ], 
      [ -2/3*E(3)-1/3*E(3)^2, 1/3*E(3)-1/3*E(3)^2, -2/3*E(3)-1/3*E(3)^2, 0, 
          0, 0 ], 
      [ -2/3*E(3)-1/3*E(3)^2, -2/3*E(3)-1/3*E(3)^2, 1/3*E(3)-1/3*E(3)^2, 0, 
          0, 0 ], [ 0, 0, 0, 1, 0, 0 ], [ 0, 0, 0, 0, -1, 0 ], 
      [ 0, 0, 0, 0, 0, E(12)^11 ] ] ]
   Cubic invariant basis strings: 
[ "x4*x5^2", "x4^3", "x3*x5^2 + x2*x5^2 + x1*x5^2", 
  "x3*x4^2 + x2*x4^2 + x1*x4^2", 
  "x3^2*x4 + (2)*x2*x3*x4 + x2^2*x4 + (2)*x1*x3*x4 + (2)*x1*x2*x4 + x1^2*x4", 
  "x2*x3^2 + x2^2*x3 + x1*x3^2 + x1*x2^2 + x1^2*x3 + x1^2*x2", 
  "x3^3 + x2^3 + (6)*x1*x2*x3 + x1^3" ]
   Cubic invariant basis vectors: 
[ [ 0, 0, 0, 0, 0, 0, 1, 0, 0, 0, 0, 0, 0, 0, 0, 0, 0, 0, 0, 0, 0, 0, 0, 0, 
      0, 0, 0, 0, 0, 0, 0, 0, 0, 0, 0, 0, 0, 0, 0, 0, 0, 0, 0, 0, 0, 0, 0, 0, 
      0, 0, 0, 0, 0, 0, 0, 0 ], 
  [ 0, 0, 0, 0, 0, 0, 0, 0, 0, 1, 0, 0, 0, 0, 0, 0, 0, 0, 0, 0, 0, 0, 0, 0, 
      0, 0, 0, 0, 0, 0, 0, 0, 0, 0, 0, 0, 0, 0, 0, 0, 0, 0, 0, 0, 0, 0, 0, 0, 
      0, 0, 0, 0, 0, 0, 0, 0 ], 
  [ 0, 0, 0, 0, 0, 0, 0, 0, 0, 0, 0, 0, 1, 0, 0, 0, 0, 0, 0, 0, 0, 0, 1, 0, 
      0, 0, 0, 0, 0, 0, 0, 0, 0, 0, 0, 0, 0, 1, 0, 0, 0, 0, 0, 0, 0, 0, 0, 0, 
      0, 0, 0, 0, 0, 0, 0, 0 ], 
  [ 0, 0, 0, 0, 0, 0, 0, 0, 0, 0, 0, 0, 0, 0, 0, 1, 0, 0, 0, 0, 0, 0, 0, 0, 
      0, 1, 0, 0, 0, 0, 0, 0, 0, 0, 0, 0, 0, 0, 0, 0, 1, 0, 0, 0, 0, 0, 0, 0, 
      0, 0, 0, 0, 0, 0, 0, 0 ], 
  [ 0, 0, 0, 0, 0, 0, 0, 0, 0, 0, 0, 0, 0, 0, 0, 0, 0, 0, 1, 0, 0, 0, 0, 0, 
      0, 0, 0, 0, 2, 0, 0, 0, 1, 0, 0, 0, 0, 0, 0, 0, 0, 0, 0, 2, 0, 0, 0, 2, 
      0, 0, 0, 0, 1, 0, 0, 0 ], 
  [ 0, 0, 0, 0, 0, 0, 0, 0, 0, 0, 0, 0, 0, 0, 0, 0, 0, 0, 0, 0, 0, 0, 0, 0, 
      0, 0, 0, 0, 0, 1, 0, 0, 0, 1, 0, 0, 0, 0, 0, 0, 0, 0, 0, 0, 1, 0, 0, 0, 
      0, 1, 0, 0, 0, 1, 1, 0 ], 
  [ 0, 0, 0, 0, 0, 0, 0, 0, 0, 0, 0, 0, 0, 0, 0, 0, 0, 0, 0, 1, 0, 0, 0, 0, 
      0, 0, 0, 0, 0, 0, 0, 0, 0, 0, 1, 0, 0, 0, 0, 0, 0, 0, 0, 0, 0, 0, 0, 0, 
      6, 0, 0, 0, 0, 0, 0, 1 ] ]

183. Candidate
   Symplectic group: S3
   Component: 2; corrigendum component, generic index 2
   Projective group ID: [ 72, 27 ]
   Strict linear group ID: [ 216, 136 ]
   Generic index: 2
   Generic full linear containment required: true
   Generic full linear containment verified: true
   Direct known case: false
   Source records: [ "S_3_corrigendum_generic_index=2_liftable.docx" ]
   Family number within this input: 13
   Strict cubic invariant dimension: 8
   Centralizer dimension: 7
   Expected moduli dimension: 1
   Determinant image order: 12
   Gonzalez status: passed
   Retained: true
   Gonzalez failure statuses: [  ]
   Matrix generators: 
[ [ [ 0, 1, 0, 0, 0, 0 ], [ 1, 0, 0, 0, 0, 0 ], [ 0, 0, 1, 0, 0, 0 ], 
      [ 0, 0, 0, 1, 0, 0 ], [ 0, 0, 0, 0, 1, 0 ], [ 0, 0, 0, 0, 0, -1 ] ], 
  [ [ 0, 0, 1, 0, 0, 0 ], [ 1, 0, 0, 0, 0, 0 ], [ 0, 1, 0, 0, 0, 0 ], 
      [ 0, 0, 0, 1, 0, 0 ], [ 0, 0, 0, 0, 1, 0 ], [ 0, 0, 0, 0, 0, 1 ] ], 
  [ [ E(3), 0, 0, 0, 0, 0 ], [ 0, E(3), 0, 0, 0, 0 ], [ 0, 0, E(3), 0, 0, 0 ],
      [ 0, 0, 0, E(3), 0, 0 ], [ 0, 0, 0, 0, E(3), 0 ], 
      [ 0, 0, 0, 0, 0, E(3) ] ], 
  [ [ -1/3, 2/3, 2/3, 0, 0, 0 ], [ 2/3, -1/3, 2/3, 0, 0, 0 ], 
      [ 2/3, 2/3, -1/3, 0, 0, 0 ], [ 0, 0, 0, 1, 0, 0 ], 
      [ 0, 0, 0, 0, -1, 0 ], [ 0, 0, 0, 0, 0, E(12)^7 ] ] ]
   Cubic invariant basis strings: 
[ "x4*x5^2", "x4^3", "x3*x5^2 + x2*x5^2 + x1*x5^2", 
  "x3*x4^2 + x2*x4^2 + x1*x4^2", "x2*x3*x4 + x1*x3*x4 + x1*x2*x4", 
  "x3^2*x4 + x2^2*x4 + x1^2*x4", 
  "x2*x3^2 + x2^2*x3 + x1*x3^2 + (3)*x1*x2*x3 + x1*x2^2 + x1^2*x3 + x1^2*x2", 
  "x3^3 + x2^3 + (-3)*x1*x2*x3 + x1^3" ]
   Cubic invariant basis vectors: 
[ [ 0, 0, 0, 0, 0, 0, 1, 0, 0, 0, 0, 0, 0, 0, 0, 0, 0, 0, 0, 0, 0, 0, 0, 0, 
      0, 0, 0, 0, 0, 0, 0, 0, 0, 0, 0, 0, 0, 0, 0, 0, 0, 0, 0, 0, 0, 0, 0, 0, 
      0, 0, 0, 0, 0, 0, 0, 0 ], 
  [ 0, 0, 0, 0, 0, 0, 0, 0, 0, 1, 0, 0, 0, 0, 0, 0, 0, 0, 0, 0, 0, 0, 0, 0, 
      0, 0, 0, 0, 0, 0, 0, 0, 0, 0, 0, 0, 0, 0, 0, 0, 0, 0, 0, 0, 0, 0, 0, 0, 
      0, 0, 0, 0, 0, 0, 0, 0 ], 
  [ 0, 0, 0, 0, 0, 0, 0, 0, 0, 0, 0, 0, 1, 0, 0, 0, 0, 0, 0, 0, 0, 0, 1, 0, 
      0, 0, 0, 0, 0, 0, 0, 0, 0, 0, 0, 0, 0, 1, 0, 0, 0, 0, 0, 0, 0, 0, 0, 0, 
      0, 0, 0, 0, 0, 0, 0, 0 ], 
  [ 0, 0, 0, 0, 0, 0, 0, 0, 0, 0, 0, 0, 0, 0, 0, 1, 0, 0, 0, 0, 0, 0, 0, 0, 
      0, 1, 0, 0, 0, 0, 0, 0, 0, 0, 0, 0, 0, 0, 0, 0, 1, 0, 0, 0, 0, 0, 0, 0, 
      0, 0, 0, 0, 0, 0, 0, 0 ], 
  [ 0, 0, 0, 0, 0, 0, 0, 0, 0, 0, 0, 0, 0, 0, 0, 0, 0, 0, 0, 0, 0, 0, 0, 0, 
      0, 0, 0, 0, 1, 0, 0, 0, 0, 0, 0, 0, 0, 0, 0, 0, 0, 0, 0, 1, 0, 0, 0, 1, 
      0, 0, 0, 0, 0, 0, 0, 0 ], 
  [ 0, 0, 0, 0, 0, 0, 0, 0, 0, 0, 0, 0, 0, 0, 0, 0, 0, 0, 1, 0, 0, 0, 0, 0, 
      0, 0, 0, 0, 0, 0, 0, 0, 1, 0, 0, 0, 0, 0, 0, 0, 0, 0, 0, 0, 0, 0, 0, 0, 
      0, 0, 0, 0, 1, 0, 0, 0 ], 
  [ 0, 0, 0, 0, 0, 0, 0, 0, 0, 0, 0, 0, 0, 0, 0, 0, 0, 0, 0, 0, 0, 0, 0, 0, 
      0, 0, 0, 0, 0, 1, 0, 0, 0, 1, 0, 0, 0, 0, 0, 0, 0, 0, 0, 0, 1, 0, 0, 0, 
      3, 1, 0, 0, 0, 1, 1, 0 ], 
  [ 0, 0, 0, 0, 0, 0, 0, 0, 0, 0, 0, 0, 0, 0, 0, 0, 0, 0, 0, 1, 0, 0, 0, 0, 
      0, 0, 0, 0, 0, 0, 0, 0, 0, 0, 1, 0, 0, 0, 0, 0, 0, 0, 0, 0, 0, 0, 0, 0, 
      -3, 0, 0, 0, 0, 0, 0, 1 ] ]

184. Candidate
   Symplectic group: S3
   Component: 2; corrigendum component, generic index 2
   Projective group ID: [ 72, 27 ]
   Strict linear group ID: [ 216, 136 ]
   Generic index: 2
   Generic full linear containment required: true
   Generic full linear containment verified: true
   Direct known case: false
   Source records: [ "S_3_corrigendum_generic_index=2_liftable.docx" ]
   Family number within this input: 14
   Strict cubic invariant dimension: 8
   Centralizer dimension: 7
   Expected moduli dimension: 1
   Determinant image order: 12
   Gonzalez status: passed
   Retained: true
   Gonzalez failure statuses: [  ]
   Matrix generators: 
[ [ [ 0, 1, 0, 0, 0, 0 ], [ 1, 0, 0, 0, 0, 0 ], [ 0, 0, 1, 0, 0, 0 ], 
      [ 0, 0, 0, 1, 0, 0 ], [ 0, 0, 0, 0, 1, 0 ], [ 0, 0, 0, 0, 0, -1 ] ], 
  [ [ 0, 0, 1, 0, 0, 0 ], [ 1, 0, 0, 0, 0, 0 ], [ 0, 1, 0, 0, 0, 0 ], 
      [ 0, 0, 0, 1, 0, 0 ], [ 0, 0, 0, 0, 1, 0 ], [ 0, 0, 0, 0, 0, 1 ] ], 
  [ [ E(3), 0, 0, 0, 0, 0 ], [ 0, E(3), 0, 0, 0, 0 ], [ 0, 0, E(3), 0, 0, 0 ],
      [ 0, 0, 0, E(3), 0, 0 ], [ 0, 0, 0, 0, E(3), 0 ], 
      [ 0, 0, 0, 0, 0, E(3) ] ], 
  [ [ -1/3*E(3)+1/3*E(3)^2, -1/3*E(3)-2/3*E(3)^2, -1/3*E(3)-2/3*E(3)^2, 0, 0, 
          0 ], 
      [ -1/3*E(3)-2/3*E(3)^2, -1/3*E(3)+1/3*E(3)^2, -1/3*E(3)-2/3*E(3)^2, 0, 
          0, 0 ], 
      [ -1/3*E(3)-2/3*E(3)^2, -1/3*E(3)-2/3*E(3)^2, -1/3*E(3)+1/3*E(3)^2, 0, 
          0, 0 ], [ 0, 0, 0, 1, 0, 0 ], [ 0, 0, 0, 0, -1, 0 ], 
      [ 0, 0, 0, 0, 0, E(4) ] ] ]
   Cubic invariant basis strings: [ "x5*x6^2", "x4*x5^2", "x4^3", 
  "x3*x5^2 + x2*x5^2 + x1*x5^2", "x3*x4^2 + x2*x4^2 + x1*x4^2", 
  "x3^2*x4 + (2)*x2*x3*x4 + x2^2*x4 + (2)*x1*x3*x4 + (2)*x1*x2*x4 + x1^2*x4", 
  "x2*x3^2 + x2^2*x3 + x1*x3^2 + x1*x2^2 + x1^2*x3 + x1^2*x2", 
  "x3^3 + x2^3 + (6)*x1*x2*x3 + x1^3" ]
   Cubic invariant basis vectors: 
[ [ 0, 1, 0, 0, 0, 0, 0, 0, 0, 0, 0, 0, 0, 0, 0, 0, 0, 0, 0, 0, 0, 0, 0, 0, 
      0, 0, 0, 0, 0, 0, 0, 0, 0, 0, 0, 0, 0, 0, 0, 0, 0, 0, 0, 0, 0, 0, 0, 0, 
      0, 0, 0, 0, 0, 0, 0, 0 ], 
  [ 0, 0, 0, 0, 0, 0, 1, 0, 0, 0, 0, 0, 0, 0, 0, 0, 0, 0, 0, 0, 0, 0, 0, 0, 
      0, 0, 0, 0, 0, 0, 0, 0, 0, 0, 0, 0, 0, 0, 0, 0, 0, 0, 0, 0, 0, 0, 0, 0, 
      0, 0, 0, 0, 0, 0, 0, 0 ], 
  [ 0, 0, 0, 0, 0, 0, 0, 0, 0, 1, 0, 0, 0, 0, 0, 0, 0, 0, 0, 0, 0, 0, 0, 0, 
      0, 0, 0, 0, 0, 0, 0, 0, 0, 0, 0, 0, 0, 0, 0, 0, 0, 0, 0, 0, 0, 0, 0, 0, 
      0, 0, 0, 0, 0, 0, 0, 0 ], 
  [ 0, 0, 0, 0, 0, 0, 0, 0, 0, 0, 0, 0, 1, 0, 0, 0, 0, 0, 0, 0, 0, 0, 1, 0, 
      0, 0, 0, 0, 0, 0, 0, 0, 0, 0, 0, 0, 0, 1, 0, 0, 0, 0, 0, 0, 0, 0, 0, 0, 
      0, 0, 0, 0, 0, 0, 0, 0 ], 
  [ 0, 0, 0, 0, 0, 0, 0, 0, 0, 0, 0, 0, 0, 0, 0, 1, 0, 0, 0, 0, 0, 0, 0, 0, 
      0, 1, 0, 0, 0, 0, 0, 0, 0, 0, 0, 0, 0, 0, 0, 0, 1, 0, 0, 0, 0, 0, 0, 0, 
      0, 0, 0, 0, 0, 0, 0, 0 ], 
  [ 0, 0, 0, 0, 0, 0, 0, 0, 0, 0, 0, 0, 0, 0, 0, 0, 0, 0, 1, 0, 0, 0, 0, 0, 
      0, 0, 0, 0, 2, 0, 0, 0, 1, 0, 0, 0, 0, 0, 0, 0, 0, 0, 0, 2, 0, 0, 0, 2, 
      0, 0, 0, 0, 1, 0, 0, 0 ], 
  [ 0, 0, 0, 0, 0, 0, 0, 0, 0, 0, 0, 0, 0, 0, 0, 0, 0, 0, 0, 0, 0, 0, 0, 0, 
      0, 0, 0, 0, 0, 1, 0, 0, 0, 1, 0, 0, 0, 0, 0, 0, 0, 0, 0, 0, 1, 0, 0, 0, 
      0, 1, 0, 0, 0, 1, 1, 0 ], 
  [ 0, 0, 0, 0, 0, 0, 0, 0, 0, 0, 0, 0, 0, 0, 0, 0, 0, 0, 0, 1, 0, 0, 0, 0, 
      0, 0, 0, 0, 0, 0, 0, 0, 0, 0, 1, 0, 0, 0, 0, 0, 0, 0, 0, 0, 0, 0, 0, 0, 
      6, 0, 0, 0, 0, 0, 0, 1 ] ]

185. Candidate
   Symplectic group: S3
   Component: 2; corrigendum component, generic index 2
   Projective group ID: [ 72, 27 ]
   Strict linear group ID: [ 216, 136 ]
   Generic index: 2
   Generic full linear containment required: true
   Generic full linear containment verified: true
   Direct known case: false
   Source records: [ "S_3_corrigendum_generic_index=2_liftable.docx" ]
   Family number within this input: 15
   Strict cubic invariant dimension: 8
   Centralizer dimension: 7
   Expected moduli dimension: 1
   Determinant image order: 12
   Gonzalez status: passed
   Retained: true
   Gonzalez failure statuses: [  ]
   Matrix generators: 
[ [ [ 0, 1, 0, 0, 0, 0 ], [ 1, 0, 0, 0, 0, 0 ], [ 0, 0, 1, 0, 0, 0 ], 
      [ 0, 0, 0, 1, 0, 0 ], [ 0, 0, 0, 0, 1, 0 ], [ 0, 0, 0, 0, 0, -1 ] ], 
  [ [ 0, 0, 1, 0, 0, 0 ], [ 1, 0, 0, 0, 0, 0 ], [ 0, 1, 0, 0, 0, 0 ], 
      [ 0, 0, 0, 1, 0, 0 ], [ 0, 0, 0, 0, 1, 0 ], [ 0, 0, 0, 0, 0, 1 ] ], 
  [ [ E(3), 0, 0, 0, 0, 0 ], [ 0, E(3), 0, 0, 0, 0 ], [ 0, 0, E(3), 0, 0, 0 ],
      [ 0, 0, 0, E(3), 0, 0 ], [ 0, 0, 0, 0, E(3), 0 ], 
      [ 0, 0, 0, 0, 0, E(3) ] ], 
  [ [ 1, 0, 0, 0, 0, 0 ], [ 0, 1, 0, 0, 0, 0 ], [ 0, 0, 1, 0, 0, 0 ], 
      [ 0, 0, 0, 1, 0, 0 ], [ 0, 0, 0, 0, E(3)^2, 0 ], 
      [ 0, 0, 0, 0, 0, -E(12)^11 ] ] ]
   Cubic invariant basis strings: 
[ "x5^3", "x4^3", "x3*x4^2 + x2*x4^2 + x1*x4^2", 
  "x2*x3*x4 + x1*x3*x4 + x1*x2*x4", "x1*x2*x3", "x3^2*x4 + x2^2*x4 + x1^2*x4",
  "x2*x3^2 + x2^2*x3 + x1*x3^2 + x1*x2^2 + x1^2*x3 + x1^2*x2", 
  "x3^3 + x2^3 + x1^3" ]
   Cubic invariant basis vectors: 
[ [ 0, 0, 0, 1, 0, 0, 0, 0, 0, 0, 0, 0, 0, 0, 0, 0, 0, 0, 0, 0, 0, 0, 0, 0, 
      0, 0, 0, 0, 0, 0, 0, 0, 0, 0, 0, 0, 0, 0, 0, 0, 0, 0, 0, 0, 0, 0, 0, 0, 
      0, 0, 0, 0, 0, 0, 0, 0 ], 
  [ 0, 0, 0, 0, 0, 0, 0, 0, 0, 1, 0, 0, 0, 0, 0, 0, 0, 0, 0, 0, 0, 0, 0, 0, 
      0, 0, 0, 0, 0, 0, 0, 0, 0, 0, 0, 0, 0, 0, 0, 0, 0, 0, 0, 0, 0, 0, 0, 0, 
      0, 0, 0, 0, 0, 0, 0, 0 ], 
  [ 0, 0, 0, 0, 0, 0, 0, 0, 0, 0, 0, 0, 0, 0, 0, 1, 0, 0, 0, 0, 0, 0, 0, 0, 
      0, 1, 0, 0, 0, 0, 0, 0, 0, 0, 0, 0, 0, 0, 0, 0, 1, 0, 0, 0, 0, 0, 0, 0, 
      0, 0, 0, 0, 0, 0, 0, 0 ], 
  [ 0, 0, 0, 0, 0, 0, 0, 0, 0, 0, 0, 0, 0, 0, 0, 0, 0, 0, 0, 0, 0, 0, 0, 0, 
      0, 0, 0, 0, 1, 0, 0, 0, 0, 0, 0, 0, 0, 0, 0, 0, 0, 0, 0, 1, 0, 0, 0, 1, 
      0, 0, 0, 0, 0, 0, 0, 0 ], 
  [ 0, 0, 0, 0, 0, 0, 0, 0, 0, 0, 0, 0, 0, 0, 0, 0, 0, 0, 0, 0, 0, 0, 0, 0, 
      0, 0, 0, 0, 0, 0, 0, 0, 0, 0, 0, 0, 0, 0, 0, 0, 0, 0, 0, 0, 0, 0, 0, 0, 
      1, 0, 0, 0, 0, 0, 0, 0 ], 
  [ 0, 0, 0, 0, 0, 0, 0, 0, 0, 0, 0, 0, 0, 0, 0, 0, 0, 0, 1, 0, 0, 0, 0, 0, 
      0, 0, 0, 0, 0, 0, 0, 0, 1, 0, 0, 0, 0, 0, 0, 0, 0, 0, 0, 0, 0, 0, 0, 0, 
      0, 0, 0, 0, 1, 0, 0, 0 ], 
  [ 0, 0, 0, 0, 0, 0, 0, 0, 0, 0, 0, 0, 0, 0, 0, 0, 0, 0, 0, 0, 0, 0, 0, 0, 
      0, 0, 0, 0, 0, 1, 0, 0, 0, 1, 0, 0, 0, 0, 0, 0, 0, 0, 0, 0, 1, 0, 0, 0, 
      0, 1, 0, 0, 0, 1, 1, 0 ], 
  [ 0, 0, 0, 0, 0, 0, 0, 0, 0, 0, 0, 0, 0, 0, 0, 0, 0, 0, 0, 1, 0, 0, 0, 0, 
      0, 0, 0, 0, 0, 0, 0, 0, 0, 0, 1, 0, 0, 0, 0, 0, 0, 0, 0, 0, 0, 0, 0, 0, 
      0, 0, 0, 0, 0, 0, 0, 1 ] ]

186. Candidate
   Symplectic group: S3
   Component: 2; corrigendum component, generic index 2
   Projective group ID: [ 72, 27 ]
   Strict linear group ID: [ 216, 136 ]
   Generic index: 2
   Generic full linear containment required: true
   Generic full linear containment verified: true
   Direct known case: false
   Source records: [ "S_3_corrigendum_generic_index=2_liftable.docx" ]
   Family number within this input: 16
   Strict cubic invariant dimension: 7
   Centralizer dimension: 7
   Expected moduli dimension: 0
   Determinant image order: 12
   Gonzalez status: passed
   Retained: true
   Gonzalez failure statuses: [  ]
   Matrix generators: 
[ [ [ 0, 1, 0, 0, 0, 0 ], [ 1, 0, 0, 0, 0, 0 ], [ 0, 0, 1, 0, 0, 0 ], 
      [ 0, 0, 0, 1, 0, 0 ], [ 0, 0, 0, 0, 1, 0 ], [ 0, 0, 0, 0, 0, -1 ] ], 
  [ [ 0, 0, 1, 0, 0, 0 ], [ 1, 0, 0, 0, 0, 0 ], [ 0, 1, 0, 0, 0, 0 ], 
      [ 0, 0, 0, 1, 0, 0 ], [ 0, 0, 0, 0, 1, 0 ], [ 0, 0, 0, 0, 0, 1 ] ], 
  [ [ E(3), 0, 0, 0, 0, 0 ], [ 0, E(3), 0, 0, 0, 0 ], [ 0, 0, E(3), 0, 0, 0 ],
      [ 0, 0, 0, E(3), 0, 0 ], [ 0, 0, 0, 0, E(3), 0 ], 
      [ 0, 0, 0, 0, 0, E(3) ] ], 
  [ [ -1/3, 2/3, 2/3, 0, 0, 0 ], [ 2/3, -1/3, 2/3, 0, 0, 0 ], 
      [ 2/3, 2/3, -1/3, 0, 0, 0 ], [ 0, 0, 0, 1, 0, 0 ], 
      [ 0, 0, 0, 0, E(3)^2, 0 ], [ 0, 0, 0, 0, 0, -E(12)^11 ] ] ]
   Cubic invariant basis strings: 
[ "x5^3", "x4^3", "x3*x4^2 + x2*x4^2 + x1*x4^2", 
  "x2*x3*x4 + x1*x3*x4 + x1*x2*x4", "x3^2*x4 + x2^2*x4 + x1^2*x4", 
  "x2*x3^2 + x2^2*x3 + x1*x3^2 + (3)*x1*x2*x3 + x1*x2^2 + x1^2*x3 + x1^2*x2", 
  "x3^3 + x2^3 + (-3)*x1*x2*x3 + x1^3" ]
   Cubic invariant basis vectors: 
[ [ 0, 0, 0, 1, 0, 0, 0, 0, 0, 0, 0, 0, 0, 0, 0, 0, 0, 0, 0, 0, 0, 0, 0, 0, 
      0, 0, 0, 0, 0, 0, 0, 0, 0, 0, 0, 0, 0, 0, 0, 0, 0, 0, 0, 0, 0, 0, 0, 0, 
      0, 0, 0, 0, 0, 0, 0, 0 ], 
  [ 0, 0, 0, 0, 0, 0, 0, 0, 0, 1, 0, 0, 0, 0, 0, 0, 0, 0, 0, 0, 0, 0, 0, 0, 
      0, 0, 0, 0, 0, 0, 0, 0, 0, 0, 0, 0, 0, 0, 0, 0, 0, 0, 0, 0, 0, 0, 0, 0, 
      0, 0, 0, 0, 0, 0, 0, 0 ], 
  [ 0, 0, 0, 0, 0, 0, 0, 0, 0, 0, 0, 0, 0, 0, 0, 1, 0, 0, 0, 0, 0, 0, 0, 0, 
      0, 1, 0, 0, 0, 0, 0, 0, 0, 0, 0, 0, 0, 0, 0, 0, 1, 0, 0, 0, 0, 0, 0, 0, 
      0, 0, 0, 0, 0, 0, 0, 0 ], 
  [ 0, 0, 0, 0, 0, 0, 0, 0, 0, 0, 0, 0, 0, 0, 0, 0, 0, 0, 0, 0, 0, 0, 0, 0, 
      0, 0, 0, 0, 1, 0, 0, 0, 0, 0, 0, 0, 0, 0, 0, 0, 0, 0, 0, 1, 0, 0, 0, 1, 
      0, 0, 0, 0, 0, 0, 0, 0 ], 
  [ 0, 0, 0, 0, 0, 0, 0, 0, 0, 0, 0, 0, 0, 0, 0, 0, 0, 0, 1, 0, 0, 0, 0, 0, 
      0, 0, 0, 0, 0, 0, 0, 0, 1, 0, 0, 0, 0, 0, 0, 0, 0, 0, 0, 0, 0, 0, 0, 0, 
      0, 0, 0, 0, 1, 0, 0, 0 ], 
  [ 0, 0, 0, 0, 0, 0, 0, 0, 0, 0, 0, 0, 0, 0, 0, 0, 0, 0, 0, 0, 0, 0, 0, 0, 
      0, 0, 0, 0, 0, 1, 0, 0, 0, 1, 0, 0, 0, 0, 0, 0, 0, 0, 0, 0, 1, 0, 0, 0, 
      3, 1, 0, 0, 0, 1, 1, 0 ], 
  [ 0, 0, 0, 0, 0, 0, 0, 0, 0, 0, 0, 0, 0, 0, 0, 0, 0, 0, 0, 1, 0, 0, 0, 0, 
      0, 0, 0, 0, 0, 0, 0, 0, 0, 0, 1, 0, 0, 0, 0, 0, 0, 0, 0, 0, 0, 0, 0, 0, 
      -3, 0, 0, 0, 0, 0, 0, 1 ] ]

187. Candidate
   Symplectic group: S3
   Component: 2; corrigendum component, generic index 2
   Projective group ID: [ 72, 27 ]
   Strict linear group ID: [ 216, 136 ]
   Generic index: 2
   Generic full linear containment required: true
   Generic full linear containment verified: true
   Direct known case: false
   Source records: [ "S_3_corrigendum_generic_index=2_liftable.docx" ]
   Family number within this input: 17
   Strict cubic invariant dimension: 7
   Centralizer dimension: 7
   Expected moduli dimension: 0
   Determinant image order: 12
   Gonzalez status: passed
   Retained: true
   Gonzalez failure statuses: [  ]
   Matrix generators: 
[ [ [ 0, 1, 0, 0, 0, 0 ], [ 1, 0, 0, 0, 0, 0 ], [ 0, 0, 1, 0, 0, 0 ], 
      [ 0, 0, 0, 1, 0, 0 ], [ 0, 0, 0, 0, 1, 0 ], [ 0, 0, 0, 0, 0, -1 ] ], 
  [ [ 0, 0, 1, 0, 0, 0 ], [ 1, 0, 0, 0, 0, 0 ], [ 0, 1, 0, 0, 0, 0 ], 
      [ 0, 0, 0, 1, 0, 0 ], [ 0, 0, 0, 0, 1, 0 ], [ 0, 0, 0, 0, 0, 1 ] ], 
  [ [ E(3), 0, 0, 0, 0, 0 ], [ 0, E(3), 0, 0, 0, 0 ], [ 0, 0, E(3), 0, 0, 0 ],
      [ 0, 0, 0, E(3), 0, 0 ], [ 0, 0, 0, 0, E(3), 0 ], 
      [ 0, 0, 0, 0, 0, E(3) ] ], 
  [ [ -1/3*E(3)+1/3*E(3)^2, -1/3*E(3)-2/3*E(3)^2, -1/3*E(3)-2/3*E(3)^2, 0, 0, 
          0 ], 
      [ -1/3*E(3)-2/3*E(3)^2, -1/3*E(3)+1/3*E(3)^2, -1/3*E(3)-2/3*E(3)^2, 0, 
          0, 0 ], 
      [ -1/3*E(3)-2/3*E(3)^2, -1/3*E(3)-2/3*E(3)^2, -1/3*E(3)+1/3*E(3)^2, 0, 
          0, 0 ], [ 0, 0, 0, 1, 0, 0 ], [ 0, 0, 0, 0, E(3)^2, 0 ], 
      [ 0, 0, 0, 0, 0, -E(12)^7 ] ] ]
   Cubic invariant basis strings: 
[ "x5^3", "x4^3", "x3*x4^2 + x2*x4^2 + x1*x4^2", 
  "x3^2*x5 + -x2*x3*x5 + x2^2*x5 + -x1*x3*x5 + -x1*x2*x5 + x1^2*x5", 
  "x3^2*x4 + (2)*x2*x3*x4 + x2^2*x4 + (2)*x1*x3*x4 + (2)*x1*x2*x4 + x1^2*x4", 
  "x2*x3^2 + x2^2*x3 + x1*x3^2 + x1*x2^2 + x1^2*x3 + x1^2*x2", 
  "x3^3 + x2^3 + (6)*x1*x2*x3 + x1^3" ]
   Cubic invariant basis vectors: 
[ [ 0, 0, 0, 1, 0, 0, 0, 0, 0, 0, 0, 0, 0, 0, 0, 0, 0, 0, 0, 0, 0, 0, 0, 0, 
      0, 0, 0, 0, 0, 0, 0, 0, 0, 0, 0, 0, 0, 0, 0, 0, 0, 0, 0, 0, 0, 0, 0, 0, 
      0, 0, 0, 0, 0, 0, 0, 0 ], 
  [ 0, 0, 0, 0, 0, 0, 0, 0, 0, 1, 0, 0, 0, 0, 0, 0, 0, 0, 0, 0, 0, 0, 0, 0, 
      0, 0, 0, 0, 0, 0, 0, 0, 0, 0, 0, 0, 0, 0, 0, 0, 0, 0, 0, 0, 0, 0, 0, 0, 
      0, 0, 0, 0, 0, 0, 0, 0 ], 
  [ 0, 0, 0, 0, 0, 0, 0, 0, 0, 0, 0, 0, 0, 0, 0, 1, 0, 0, 0, 0, 0, 0, 0, 0, 
      0, 1, 0, 0, 0, 0, 0, 0, 0, 0, 0, 0, 0, 0, 0, 0, 1, 0, 0, 0, 0, 0, 0, 0, 
      0, 0, 0, 0, 0, 0, 0, 0 ], 
  [ 0, 0, 0, 0, 0, 0, 0, 0, 0, 0, 0, 0, 0, 0, 0, 0, 0, 1, 0, 0, 0, 0, 0, 0, 
      0, 0, 0, -1, 0, 0, 0, 1, 0, 0, 0, 0, 0, 0, 0, 0, 0, 0, -1, 0, 0, 0, -1, 
      0, 0, 0, 0, 1, 0, 0, 0, 0 ], 
  [ 0, 0, 0, 0, 0, 0, 0, 0, 0, 0, 0, 0, 0, 0, 0, 0, 0, 0, 1, 0, 0, 0, 0, 0, 
      0, 0, 0, 0, 2, 0, 0, 0, 1, 0, 0, 0, 0, 0, 0, 0, 0, 0, 0, 2, 0, 0, 0, 2, 
      0, 0, 0, 0, 1, 0, 0, 0 ], 
  [ 0, 0, 0, 0, 0, 0, 0, 0, 0, 0, 0, 0, 0, 0, 0, 0, 0, 0, 0, 0, 0, 0, 0, 0, 
      0, 0, 0, 0, 0, 1, 0, 0, 0, 1, 0, 0, 0, 0, 0, 0, 0, 0, 0, 0, 1, 0, 0, 0, 
      0, 1, 0, 0, 0, 1, 1, 0 ], 
  [ 0, 0, 0, 0, 0, 0, 0, 0, 0, 0, 0, 0, 0, 0, 0, 0, 0, 0, 0, 1, 0, 0, 0, 0, 
      0, 0, 0, 0, 0, 0, 0, 0, 0, 0, 1, 0, 0, 0, 0, 0, 0, 0, 0, 0, 0, 0, 0, 0, 
      6, 0, 0, 0, 0, 0, 0, 1 ] ]

188. Candidate
   Symplectic group: S3
   Component: 2; corrigendum component, generic index 2
   Projective group ID: [ 72, 27 ]
   Strict linear group ID: [ 216, 136 ]
   Generic index: 2
   Generic full linear containment required: true
   Generic full linear containment verified: true
   Direct known case: false
   Source records: [ "S_3_corrigendum_generic_index=2_liftable.docx" ]
   Family number within this input: 18
   Strict cubic invariant dimension: 7
   Centralizer dimension: 7
   Expected moduli dimension: 0
   Determinant image order: 12
   Gonzalez status: passed
   Retained: true
   Gonzalez failure statuses: [  ]
   Matrix generators: 
[ [ [ 0, 1, 0, 0, 0, 0 ], [ 1, 0, 0, 0, 0, 0 ], [ 0, 0, 1, 0, 0, 0 ], 
      [ 0, 0, 0, 1, 0, 0 ], [ 0, 0, 0, 0, 1, 0 ], [ 0, 0, 0, 0, 0, -1 ] ], 
  [ [ 0, 0, 1, 0, 0, 0 ], [ 1, 0, 0, 0, 0, 0 ], [ 0, 1, 0, 0, 0, 0 ], 
      [ 0, 0, 0, 1, 0, 0 ], [ 0, 0, 0, 0, 1, 0 ], [ 0, 0, 0, 0, 0, 1 ] ], 
  [ [ E(3), 0, 0, 0, 0, 0 ], [ 0, E(3), 0, 0, 0, 0 ], [ 0, 0, E(3), 0, 0, 0 ],
      [ 0, 0, 0, E(3), 0, 0 ], [ 0, 0, 0, 0, E(3), 0 ], 
      [ 0, 0, 0, 0, 0, E(3) ] ], 
  [ [ 1, 0, 0, 0, 0, 0 ], [ 0, 1, 0, 0, 0, 0 ], [ 0, 0, 1, 0, 0, 0 ], 
      [ 0, 0, 0, 1, 0, 0 ], [ 0, 0, 0, 0, -E(3), 0 ], [ 0, 0, 0, 0, 0, E(4) ] 
     ] ]
   Cubic invariant basis strings: [ "x4^3", "x3*x4^2 + x2*x4^2 + x1*x4^2", 
  "x2*x3*x4 + x1*x3*x4 + x1*x2*x4", "x1*x2*x3", "x3^2*x4 + x2^2*x4 + x1^2*x4",
  "x2*x3^2 + x2^2*x3 + x1*x3^2 + x1*x2^2 + x1^2*x3 + x1^2*x2", 
  "x3^3 + x2^3 + x1^3" ]
   Cubic invariant basis vectors: 
[ [ 0, 0, 0, 0, 0, 0, 0, 0, 0, 1, 0, 0, 0, 0, 0, 0, 0, 0, 0, 0, 0, 0, 0, 0, 
      0, 0, 0, 0, 0, 0, 0, 0, 0, 0, 0, 0, 0, 0, 0, 0, 0, 0, 0, 0, 0, 0, 0, 0, 
      0, 0, 0, 0, 0, 0, 0, 0 ], 
  [ 0, 0, 0, 0, 0, 0, 0, 0, 0, 0, 0, 0, 0, 0, 0, 1, 0, 0, 0, 0, 0, 0, 0, 0, 
      0, 1, 0, 0, 0, 0, 0, 0, 0, 0, 0, 0, 0, 0, 0, 0, 1, 0, 0, 0, 0, 0, 0, 0, 
      0, 0, 0, 0, 0, 0, 0, 0 ], 
  [ 0, 0, 0, 0, 0, 0, 0, 0, 0, 0, 0, 0, 0, 0, 0, 0, 0, 0, 0, 0, 0, 0, 0, 0, 
      0, 0, 0, 0, 1, 0, 0, 0, 0, 0, 0, 0, 0, 0, 0, 0, 0, 0, 0, 1, 0, 0, 0, 1, 
      0, 0, 0, 0, 0, 0, 0, 0 ], 
  [ 0, 0, 0, 0, 0, 0, 0, 0, 0, 0, 0, 0, 0, 0, 0, 0, 0, 0, 0, 0, 0, 0, 0, 0, 
      0, 0, 0, 0, 0, 0, 0, 0, 0, 0, 0, 0, 0, 0, 0, 0, 0, 0, 0, 0, 0, 0, 0, 0, 
      1, 0, 0, 0, 0, 0, 0, 0 ], 
  [ 0, 0, 0, 0, 0, 0, 0, 0, 0, 0, 0, 0, 0, 0, 0, 0, 0, 0, 1, 0, 0, 0, 0, 0, 
      0, 0, 0, 0, 0, 0, 0, 0, 1, 0, 0, 0, 0, 0, 0, 0, 0, 0, 0, 0, 0, 0, 0, 0, 
      0, 0, 0, 0, 1, 0, 0, 0 ], 
  [ 0, 0, 0, 0, 0, 0, 0, 0, 0, 0, 0, 0, 0, 0, 0, 0, 0, 0, 0, 0, 0, 0, 0, 0, 
      0, 0, 0, 0, 0, 1, 0, 0, 0, 1, 0, 0, 0, 0, 0, 0, 0, 0, 0, 0, 1, 0, 0, 0, 
      0, 1, 0, 0, 0, 1, 1, 0 ], 
  [ 0, 0, 0, 0, 0, 0, 0, 0, 0, 0, 0, 0, 0, 0, 0, 0, 0, 0, 0, 1, 0, 0, 0, 0, 
      0, 0, 0, 0, 0, 0, 0, 0, 0, 0, 1, 0, 0, 0, 0, 0, 0, 0, 0, 0, 0, 0, 0, 0, 
      0, 0, 0, 0, 0, 0, 0, 1 ] ]

189. Candidate
   Symplectic group: S3
   Component: 2; corrigendum component, generic index 2
   Projective group ID: [ 72, 27 ]
   Strict linear group ID: [ 216, 136 ]
   Generic index: 2
   Generic full linear containment required: true
   Generic full linear containment verified: true
   Direct known case: false
   Source records: [ "S_3_corrigendum_generic_index=2_liftable.docx" ]
   Family number within this input: 19
   Strict cubic invariant dimension: 5
   Centralizer dimension: 5
   Expected moduli dimension: 0
   Determinant image order: 12
   Gonzalez status: passed
   Retained: true
   Gonzalez failure statuses: [  ]
   Matrix generators: 
[ [ [ 0, 1, 0, 0, 0, 0 ], [ 1, 0, 0, 0, 0, 0 ], [ 0, 0, 1, 0, 0, 0 ], 
      [ 0, 0, 0, 1, 0, 0 ], [ 0, 0, 0, 0, 1, 0 ], [ 0, 0, 0, 0, 0, -1 ] ], 
  [ [ 0, 0, 1, 0, 0, 0 ], [ 1, 0, 0, 0, 0, 0 ], [ 0, 1, 0, 0, 0, 0 ], 
      [ 0, 0, 0, 1, 0, 0 ], [ 0, 0, 0, 0, 1, 0 ], [ 0, 0, 0, 0, 0, 1 ] ], 
  [ [ E(3), 0, 0, 0, 0, 0 ], [ 0, E(3), 0, 0, 0, 0 ], [ 0, 0, E(3), 0, 0, 0 ],
      [ 0, 0, 0, E(3), 0, 0 ], [ 0, 0, 0, 0, E(3), 0 ], 
      [ 0, 0, 0, 0, 0, E(3) ] ], 
  [ [ 1/3*E(3)-1/3*E(3)^2, -2/3*E(3)-1/3*E(3)^2, -2/3*E(3)-1/3*E(3)^2, 0, 0, 
          0 ], 
      [ -2/3*E(3)-1/3*E(3)^2, 1/3*E(3)-1/3*E(3)^2, -2/3*E(3)-1/3*E(3)^2, 0, 
          0, 0 ], 
      [ -2/3*E(3)-1/3*E(3)^2, -2/3*E(3)-1/3*E(3)^2, 1/3*E(3)-1/3*E(3)^2, 0, 
          0, 0 ], [ 0, 0, 0, -E(3)^2, 0, 0 ], [ 0, 0, 0, 0, E(3), 0 ], 
      [ 0, 0, 0, 0, 0, E(12)^11 ] ] ]
   Cubic invariant basis strings: 
[ "x5^3", "x4*x6^2", 
  "x3^2*x5 + -x2*x3*x5 + x2^2*x5 + -x1*x3*x5 + -x1*x2*x5 + x1^2*x5", 
  "x2*x3^2 + x2^2*x3 + x1*x3^2 + x1*x2^2 + x1^2*x3 + x1^2*x2", 
  "x3^3 + x2^3 + (6)*x1*x2*x3 + x1^3" ]
   Cubic invariant basis vectors: 
[ [ 0, 0, 0, 1, 0, 0, 0, 0, 0, 0, 0, 0, 0, 0, 0, 0, 0, 0, 0, 0, 0, 0, 0, 0, 
      0, 0, 0, 0, 0, 0, 0, 0, 0, 0, 0, 0, 0, 0, 0, 0, 0, 0, 0, 0, 0, 0, 0, 0, 
      0, 0, 0, 0, 0, 0, 0, 0 ], 
  [ 0, 0, 0, 0, 1, 0, 0, 0, 0, 0, 0, 0, 0, 0, 0, 0, 0, 0, 0, 0, 0, 0, 0, 0, 
      0, 0, 0, 0, 0, 0, 0, 0, 0, 0, 0, 0, 0, 0, 0, 0, 0, 0, 0, 0, 0, 0, 0, 0, 
      0, 0, 0, 0, 0, 0, 0, 0 ], 
  [ 0, 0, 0, 0, 0, 0, 0, 0, 0, 0, 0, 0, 0, 0, 0, 0, 0, 1, 0, 0, 0, 0, 0, 0, 
      0, 0, 0, -1, 0, 0, 0, 1, 0, 0, 0, 0, 0, 0, 0, 0, 0, 0, -1, 0, 0, 0, -1, 
      0, 0, 0, 0, 1, 0, 0, 0, 0 ], 
  [ 0, 0, 0, 0, 0, 0, 0, 0, 0, 0, 0, 0, 0, 0, 0, 0, 0, 0, 0, 0, 0, 0, 0, 0, 
      0, 0, 0, 0, 0, 1, 0, 0, 0, 1, 0, 0, 0, 0, 0, 0, 0, 0, 0, 0, 1, 0, 0, 0, 
      0, 1, 0, 0, 0, 1, 1, 0 ], 
  [ 0, 0, 0, 0, 0, 0, 0, 0, 0, 0, 0, 0, 0, 0, 0, 0, 0, 0, 0, 1, 0, 0, 0, 0, 
      0, 0, 0, 0, 0, 0, 0, 0, 0, 0, 1, 0, 0, 0, 0, 0, 0, 0, 0, 0, 0, 0, 0, 0, 
      6, 0, 0, 0, 0, 0, 0, 1 ] ]

190. Candidate
   Symplectic group: S3
   Component: 2; corrigendum component, generic index 2
   Projective group ID: [ 72, 27 ]
   Strict linear group ID: [ 216, 136 ]
   Generic index: 2
   Generic full linear containment required: true
   Generic full linear containment verified: true
   Direct known case: false
   Source records: [ "S_3_corrigendum_generic_index=2_liftable.docx" ]
   Family number within this input: 20
   Strict cubic invariant dimension: 5
   Centralizer dimension: 5
   Expected moduli dimension: 0
   Determinant image order: 12
   Gonzalez status: passed
   Retained: true
   Gonzalez failure statuses: [  ]
   Matrix generators: 
[ [ [ 0, 1, 0, 0, 0, 0 ], [ 1, 0, 0, 0, 0, 0 ], [ 0, 0, 1, 0, 0, 0 ], 
      [ 0, 0, 0, 1, 0, 0 ], [ 0, 0, 0, 0, 1, 0 ], [ 0, 0, 0, 0, 0, -1 ] ], 
  [ [ 0, 0, 1, 0, 0, 0 ], [ 1, 0, 0, 0, 0, 0 ], [ 0, 1, 0, 0, 0, 0 ], 
      [ 0, 0, 0, 1, 0, 0 ], [ 0, 0, 0, 0, 1, 0 ], [ 0, 0, 0, 0, 0, 1 ] ], 
  [ [ E(3), 0, 0, 0, 0, 0 ], [ 0, E(3), 0, 0, 0, 0 ], [ 0, 0, E(3), 0, 0, 0 ],
      [ 0, 0, 0, E(3), 0, 0 ], [ 0, 0, 0, 0, E(3), 0 ], 
      [ 0, 0, 0, 0, 0, E(3) ] ], 
  [ [ 1, 0, 0, 0, 0, 0 ], [ 0, 1, 0, 0, 0, 0 ], [ 0, 0, 1, 0, 0, 0 ], 
      [ 0, 0, 0, -E(3)^2, 0, 0 ], [ 0, 0, 0, 0, -1, 0 ], 
      [ 0, 0, 0, 0, 0, -E(12)^11 ] ] ]
   Cubic invariant basis strings: [ "x4*x6^2", "x3*x5^2 + x2*x5^2 + x1*x5^2", 
  "x1*x2*x3", "x2*x3^2 + x2^2*x3 + x1*x3^2 + x1*x2^2 + x1^2*x3 + x1^2*x2", 
  "x3^3 + x2^3 + x1^3" ]
   Cubic invariant basis vectors: 
[ [ 0, 0, 0, 0, 1, 0, 0, 0, 0, 0, 0, 0, 0, 0, 0, 0, 0, 0, 0, 0, 0, 0, 0, 0, 
      0, 0, 0, 0, 0, 0, 0, 0, 0, 0, 0, 0, 0, 0, 0, 0, 0, 0, 0, 0, 0, 0, 0, 0, 
      0, 0, 0, 0, 0, 0, 0, 0 ], 
  [ 0, 0, 0, 0, 0, 0, 0, 0, 0, 0, 0, 0, 1, 0, 0, 0, 0, 0, 0, 0, 0, 0, 1, 0, 
      0, 0, 0, 0, 0, 0, 0, 0, 0, 0, 0, 0, 0, 1, 0, 0, 0, 0, 0, 0, 0, 0, 0, 0, 
      0, 0, 0, 0, 0, 0, 0, 0 ], 
  [ 0, 0, 0, 0, 0, 0, 0, 0, 0, 0, 0, 0, 0, 0, 0, 0, 0, 0, 0, 0, 0, 0, 0, 0, 
      0, 0, 0, 0, 0, 0, 0, 0, 0, 0, 0, 0, 0, 0, 0, 0, 0, 0, 0, 0, 0, 0, 0, 0, 
      1, 0, 0, 0, 0, 0, 0, 0 ], 
  [ 0, 0, 0, 0, 0, 0, 0, 0, 0, 0, 0, 0, 0, 0, 0, 0, 0, 0, 0, 0, 0, 0, 0, 0, 
      0, 0, 0, 0, 0, 1, 0, 0, 0, 1, 0, 0, 0, 0, 0, 0, 0, 0, 0, 0, 1, 0, 0, 0, 
      0, 1, 0, 0, 0, 1, 1, 0 ], 
  [ 0, 0, 0, 0, 0, 0, 0, 0, 0, 0, 0, 0, 0, 0, 0, 0, 0, 0, 0, 1, 0, 0, 0, 0, 
      0, 0, 0, 0, 0, 0, 0, 0, 0, 0, 1, 0, 0, 0, 0, 0, 0, 0, 0, 0, 0, 0, 0, 0, 
      0, 0, 0, 0, 0, 0, 0, 1 ] ]

191. Candidate
   Symplectic group: S3
   Component: 2; corrigendum component, generic index 2
   Projective group ID: [ 72, 27 ]
   Strict linear group ID: [ 216, 136 ]
   Generic index: 2
   Generic full linear containment required: true
   Generic full linear containment verified: true
   Direct known case: false
   Source records: [ "S_3_corrigendum_generic_index=2_liftable.docx" ]
   Family number within this input: 21
   Strict cubic invariant dimension: 5
   Centralizer dimension: 5
   Expected moduli dimension: 0
   Determinant image order: 12
   Gonzalez status: passed
   Retained: true
   Gonzalez failure statuses: [  ]
   Matrix generators: 
[ [ [ 0, 1, 0, 0, 0, 0 ], [ 1, 0, 0, 0, 0, 0 ], [ 0, 0, 1, 0, 0, 0 ], 
      [ 0, 0, 0, 1, 0, 0 ], [ 0, 0, 0, 0, 1, 0 ], [ 0, 0, 0, 0, 0, -1 ] ], 
  [ [ 0, 0, 1, 0, 0, 0 ], [ 1, 0, 0, 0, 0, 0 ], [ 0, 1, 0, 0, 0, 0 ], 
      [ 0, 0, 0, 1, 0, 0 ], [ 0, 0, 0, 0, 1, 0 ], [ 0, 0, 0, 0, 0, 1 ] ], 
  [ [ E(3), 0, 0, 0, 0, 0 ], [ 0, E(3), 0, 0, 0, 0 ], [ 0, 0, E(3), 0, 0, 0 ],
      [ 0, 0, 0, E(3), 0, 0 ], [ 0, 0, 0, 0, E(3), 0 ], 
      [ 0, 0, 0, 0, 0, E(3) ] ], 
  [ [ 1, 0, 0, 0, 0, 0 ], [ 0, 1, 0, 0, 0, 0 ], [ 0, 0, 1, 0, 0, 0 ], 
      [ 0, 0, 0, -E(3)^2, 0, 0 ], [ 0, 0, 0, 0, E(3)^2, 0 ], 
      [ 0, 0, 0, 0, 0, E(4) ] ] ]
   Cubic invariant basis strings: [ "x5^3", "x4^2*x5", "x1*x2*x3", 
  "x2*x3^2 + x2^2*x3 + x1*x3^2 + x1*x2^2 + x1^2*x3 + x1^2*x2", 
  "x3^3 + x2^3 + x1^3" ]
   Cubic invariant basis vectors: 
[ [ 0, 0, 0, 1, 0, 0, 0, 0, 0, 0, 0, 0, 0, 0, 0, 0, 0, 0, 0, 0, 0, 0, 0, 0, 
      0, 0, 0, 0, 0, 0, 0, 0, 0, 0, 0, 0, 0, 0, 0, 0, 0, 0, 0, 0, 0, 0, 0, 0, 
      0, 0, 0, 0, 0, 0, 0, 0 ], 
  [ 0, 0, 0, 0, 0, 0, 0, 0, 1, 0, 0, 0, 0, 0, 0, 0, 0, 0, 0, 0, 0, 0, 0, 0, 
      0, 0, 0, 0, 0, 0, 0, 0, 0, 0, 0, 0, 0, 0, 0, 0, 0, 0, 0, 0, 0, 0, 0, 0, 
      0, 0, 0, 0, 0, 0, 0, 0 ], 
  [ 0, 0, 0, 0, 0, 0, 0, 0, 0, 0, 0, 0, 0, 0, 0, 0, 0, 0, 0, 0, 0, 0, 0, 0, 
      0, 0, 0, 0, 0, 0, 0, 0, 0, 0, 0, 0, 0, 0, 0, 0, 0, 0, 0, 0, 0, 0, 0, 0, 
      1, 0, 0, 0, 0, 0, 0, 0 ], 
  [ 0, 0, 0, 0, 0, 0, 0, 0, 0, 0, 0, 0, 0, 0, 0, 0, 0, 0, 0, 0, 0, 0, 0, 0, 
      0, 0, 0, 0, 0, 1, 0, 0, 0, 1, 0, 0, 0, 0, 0, 0, 0, 0, 0, 0, 1, 0, 0, 0, 
      0, 1, 0, 0, 0, 1, 1, 0 ], 
  [ 0, 0, 0, 0, 0, 0, 0, 0, 0, 0, 0, 0, 0, 0, 0, 0, 0, 0, 0, 1, 0, 0, 0, 0, 
      0, 0, 0, 0, 0, 0, 0, 0, 0, 0, 1, 0, 0, 0, 0, 0, 0, 0, 0, 0, 0, 0, 0, 0, 
      0, 0, 0, 0, 0, 0, 0, 1 ] ]

192. Candidate
   Symplectic group: S3
   Component: 2; corrigendum component, generic index 2
   Projective group ID: [ 72, 27 ]
   Strict linear group ID: [ 216, 136 ]
   Generic index: 2
   Generic full linear containment required: true
   Generic full linear containment verified: true
   Direct known case: false
   Source records: [ "S_3_corrigendum_generic_index=2_liftable.docx" ]
   Family number within this input: 22
   Strict cubic invariant dimension: 5
   Centralizer dimension: 5
   Expected moduli dimension: 0
   Determinant image order: 12
   Gonzalez status: passed
   Retained: true
   Gonzalez failure statuses: [  ]
   Matrix generators: 
[ [ [ 0, 1, 0, 0, 0, 0 ], [ 1, 0, 0, 0, 0, 0 ], [ 0, 0, 1, 0, 0, 0 ], 
      [ 0, 0, 0, 1, 0, 0 ], [ 0, 0, 0, 0, 1, 0 ], [ 0, 0, 0, 0, 0, -1 ] ], 
  [ [ 0, 0, 1, 0, 0, 0 ], [ 1, 0, 0, 0, 0, 0 ], [ 0, 1, 0, 0, 0, 0 ], 
      [ 0, 0, 0, 1, 0, 0 ], [ 0, 0, 0, 0, 1, 0 ], [ 0, 0, 0, 0, 0, 1 ] ], 
  [ [ E(3), 0, 0, 0, 0, 0 ], [ 0, E(3), 0, 0, 0, 0 ], [ 0, 0, E(3), 0, 0, 0 ],
      [ 0, 0, 0, E(3), 0, 0 ], [ 0, 0, 0, 0, E(3), 0 ], 
      [ 0, 0, 0, 0, 0, E(3) ] ], 
  [ [ -1/3*E(3)-E(3)^2, -1/3*E(3), -1/3*E(3), 0, 0, 0 ], 
      [ -1/3*E(3), -1/3*E(3)-E(3)^2, -1/3*E(3), 0, 0, 0 ], 
      [ -1/3*E(3), -1/3*E(3), -1/3*E(3)-E(3)^2, 0, 0, 0 ], 
      [ 0, 0, 0, -E(3)^2, 0, 0 ], [ 0, 0, 0, 0, E(3)^2, 0 ], 
      [ 0, 0, 0, 0, 0, E(12)^11 ] ] ]
   Cubic invariant basis strings: [ "x5^3", "x4*x6^2", "x4^2*x5", 
  "x3^2*x5 + -x2*x3*x5 + x2^2*x5 + -x1*x3*x5 + -x1*x2*x5 + x1^2*x5", 
  "x3^3 + (3)*x2*x3^2 + (3)*x2^2*x3 + x2^3 + (3)*x1*x3^2 + (6)*x1*x2*x3 + (3)*\
x1*x2^2 + (3)*x1^2*x3 + (3)*x1^2*x2 + x1^3" ]
   Cubic invariant basis vectors: 
[ [ 0, 0, 0, 1, 0, 0, 0, 0, 0, 0, 0, 0, 0, 0, 0, 0, 0, 0, 0, 0, 0, 0, 0, 0, 
      0, 0, 0, 0, 0, 0, 0, 0, 0, 0, 0, 0, 0, 0, 0, 0, 0, 0, 0, 0, 0, 0, 0, 0, 
      0, 0, 0, 0, 0, 0, 0, 0 ], 
  [ 0, 0, 0, 0, 1, 0, 0, 0, 0, 0, 0, 0, 0, 0, 0, 0, 0, 0, 0, 0, 0, 0, 0, 0, 
      0, 0, 0, 0, 0, 0, 0, 0, 0, 0, 0, 0, 0, 0, 0, 0, 0, 0, 0, 0, 0, 0, 0, 0, 
      0, 0, 0, 0, 0, 0, 0, 0 ], 
  [ 0, 0, 0, 0, 0, 0, 0, 0, 1, 0, 0, 0, 0, 0, 0, 0, 0, 0, 0, 0, 0, 0, 0, 0, 
      0, 0, 0, 0, 0, 0, 0, 0, 0, 0, 0, 0, 0, 0, 0, 0, 0, 0, 0, 0, 0, 0, 0, 0, 
      0, 0, 0, 0, 0, 0, 0, 0 ], 
  [ 0, 0, 0, 0, 0, 0, 0, 0, 0, 0, 0, 0, 0, 0, 0, 0, 0, 1, 0, 0, 0, 0, 0, 0, 
      0, 0, 0, -1, 0, 0, 0, 1, 0, 0, 0, 0, 0, 0, 0, 0, 0, 0, -1, 0, 0, 0, -1, 
      0, 0, 0, 0, 1, 0, 0, 0, 0 ], 
  [ 0, 0, 0, 0, 0, 0, 0, 0, 0, 0, 0, 0, 0, 0, 0, 0, 0, 0, 0, 1, 0, 0, 0, 0, 
      0, 0, 0, 0, 0, 3, 0, 0, 0, 3, 1, 0, 0, 0, 0, 0, 0, 0, 0, 0, 3, 0, 0, 0, 
      6, 3, 0, 0, 0, 3, 3, 1 ] ]

193. Candidate
   Symplectic group: S3
   Component: 2; corrigendum component, generic index 2
   Projective group ID: [ 72, 27 ]
   Strict linear group ID: [ 216, 136 ]
   Generic index: 2
   Generic full linear containment required: true
   Generic full linear containment verified: true
   Direct known case: false
   Source records: [ "S_3_corrigendum_generic_index=2_liftable.docx" ]
   Family number within this input: 23
   Strict cubic invariant dimension: 6
   Centralizer dimension: 5
   Expected moduli dimension: 1
   Determinant image order: 12
   Gonzalez status: passed
   Retained: true
   Gonzalez failure statuses: [  ]
   Matrix generators: 
[ [ [ 0, 1, 0, 0, 0, 0 ], [ 1, 0, 0, 0, 0, 0 ], [ 0, 0, 1, 0, 0, 0 ], 
      [ 0, 0, 0, 1, 0, 0 ], [ 0, 0, 0, 0, 1, 0 ], [ 0, 0, 0, 0, 0, -1 ] ], 
  [ [ 0, 0, 1, 0, 0, 0 ], [ 1, 0, 0, 0, 0, 0 ], [ 0, 1, 0, 0, 0, 0 ], 
      [ 0, 0, 0, 1, 0, 0 ], [ 0, 0, 0, 0, 1, 0 ], [ 0, 0, 0, 0, 0, 1 ] ], 
  [ [ E(3), 0, 0, 0, 0, 0 ], [ 0, E(3), 0, 0, 0, 0 ], [ 0, 0, E(3), 0, 0, 0 ],
      [ 0, 0, 0, E(3), 0, 0 ], [ 0, 0, 0, 0, E(3), 0 ], 
      [ 0, 0, 0, 0, 0, E(3) ] ], 
  [ [ -1/3*E(3)+1/3*E(3)^2, -1/3*E(3)-2/3*E(3)^2, -1/3*E(3)-2/3*E(3)^2, 0, 0, 
          0 ], 
      [ -1/3*E(3)-2/3*E(3)^2, -1/3*E(3)+1/3*E(3)^2, -1/3*E(3)-2/3*E(3)^2, 0, 
          0, 0 ], 
      [ -1/3*E(3)-2/3*E(3)^2, -1/3*E(3)-2/3*E(3)^2, -1/3*E(3)+1/3*E(3)^2, 0, 
          0, 0 ], [ 0, 0, 0, -E(3)^2, 0, 0 ], [ 0, 0, 0, 0, E(3)^2, 0 ], 
      [ 0, 0, 0, 0, 0, E(12)^11 ] ] ]
   Cubic invariant basis strings: [ "x5^3", "x4*x6^2", "x4^2*x5", 
  "x3^2*x5 + -x2*x3*x5 + x2^2*x5 + -x1*x3*x5 + -x1*x2*x5 + x1^2*x5", 
  "x2*x3^2 + x2^2*x3 + x1*x3^2 + x1*x2^2 + x1^2*x3 + x1^2*x2", 
  "x3^3 + x2^3 + (6)*x1*x2*x3 + x1^3" ]
   Cubic invariant basis vectors: 
[ [ 0, 0, 0, 1, 0, 0, 0, 0, 0, 0, 0, 0, 0, 0, 0, 0, 0, 0, 0, 0, 0, 0, 0, 0, 
      0, 0, 0, 0, 0, 0, 0, 0, 0, 0, 0, 0, 0, 0, 0, 0, 0, 0, 0, 0, 0, 0, 0, 0, 
      0, 0, 0, 0, 0, 0, 0, 0 ], 
  [ 0, 0, 0, 0, 1, 0, 0, 0, 0, 0, 0, 0, 0, 0, 0, 0, 0, 0, 0, 0, 0, 0, 0, 0, 
      0, 0, 0, 0, 0, 0, 0, 0, 0, 0, 0, 0, 0, 0, 0, 0, 0, 0, 0, 0, 0, 0, 0, 0, 
      0, 0, 0, 0, 0, 0, 0, 0 ], 
  [ 0, 0, 0, 0, 0, 0, 0, 0, 1, 0, 0, 0, 0, 0, 0, 0, 0, 0, 0, 0, 0, 0, 0, 0, 
      0, 0, 0, 0, 0, 0, 0, 0, 0, 0, 0, 0, 0, 0, 0, 0, 0, 0, 0, 0, 0, 0, 0, 0, 
      0, 0, 0, 0, 0, 0, 0, 0 ], 
  [ 0, 0, 0, 0, 0, 0, 0, 0, 0, 0, 0, 0, 0, 0, 0, 0, 0, 1, 0, 0, 0, 0, 0, 0, 
      0, 0, 0, -1, 0, 0, 0, 1, 0, 0, 0, 0, 0, 0, 0, 0, 0, 0, -1, 0, 0, 0, -1, 
      0, 0, 0, 0, 1, 0, 0, 0, 0 ], 
  [ 0, 0, 0, 0, 0, 0, 0, 0, 0, 0, 0, 0, 0, 0, 0, 0, 0, 0, 0, 0, 0, 0, 0, 0, 
      0, 0, 0, 0, 0, 1, 0, 0, 0, 1, 0, 0, 0, 0, 0, 0, 0, 0, 0, 0, 1, 0, 0, 0, 
      0, 1, 0, 0, 0, 1, 1, 0 ], 
  [ 0, 0, 0, 0, 0, 0, 0, 0, 0, 0, 0, 0, 0, 0, 0, 0, 0, 0, 0, 1, 0, 0, 0, 0, 
      0, 0, 0, 0, 0, 0, 0, 0, 0, 0, 1, 0, 0, 0, 0, 0, 0, 0, 0, 0, 0, 0, 0, 0, 
      6, 0, 0, 0, 0, 0, 0, 1 ] ]

194. Candidate
   Symplectic group: S3
   Component: 2; corrigendum component, generic index 2
   Projective group ID: [ 72, 27 ]
   Strict linear group ID: [ 216, 136 ]
   Generic index: 2
   Generic full linear containment required: true
   Generic full linear containment verified: true
   Direct known case: false
   Source records: [ "S_3_corrigendum_generic_index=2_liftable.docx" ]
   Family number within this input: 24
   Strict cubic invariant dimension: 5
   Centralizer dimension: 5
   Expected moduli dimension: 0
   Determinant image order: 12
   Gonzalez status: passed
   Retained: true
   Gonzalez failure statuses: [  ]
   Matrix generators: 
[ [ [ 0, 1, 0, 0, 0, 0 ], [ 1, 0, 0, 0, 0, 0 ], [ 0, 0, 1, 0, 0, 0 ], 
      [ 0, 0, 0, 1, 0, 0 ], [ 0, 0, 0, 0, 1, 0 ], [ 0, 0, 0, 0, 0, -1 ] ], 
  [ [ 0, 0, 1, 0, 0, 0 ], [ 1, 0, 0, 0, 0, 0 ], [ 0, 1, 0, 0, 0, 0 ], 
      [ 0, 0, 0, 1, 0, 0 ], [ 0, 0, 0, 0, 1, 0 ], [ 0, 0, 0, 0, 0, 1 ] ], 
  [ [ E(3), 0, 0, 0, 0, 0 ], [ 0, E(3), 0, 0, 0, 0 ], [ 0, 0, E(3), 0, 0, 0 ],
      [ 0, 0, 0, E(3), 0, 0 ], [ 0, 0, 0, 0, E(3), 0 ], 
      [ 0, 0, 0, 0, 0, E(3) ] ], 
  [ [ 1, 0, 0, 0, 0, 0 ], [ 0, 1, 0, 0, 0, 0 ], [ 0, 0, 1, 0, 0, 0 ], 
      [ 0, 0, 0, -E(3)^2, 0, 0 ], [ 0, 0, 0, 0, -E(3), 0 ], 
      [ 0, 0, 0, 0, 0, -E(12)^7 ] ] ]
   Cubic invariant basis strings: 
[ "x5*x6^2", "x3*x4*x5 + x2*x4*x5 + x1*x4*x5", "x1*x2*x3", 
  "x2*x3^2 + x2^2*x3 + x1*x3^2 + x1*x2^2 + x1^2*x3 + x1^2*x2", 
  "x3^3 + x2^3 + x1^3" ]
   Cubic invariant basis vectors: 
[ [ 0, 1, 0, 0, 0, 0, 0, 0, 0, 0, 0, 0, 0, 0, 0, 0, 0, 0, 0, 0, 0, 0, 0, 0, 
      0, 0, 0, 0, 0, 0, 0, 0, 0, 0, 0, 0, 0, 0, 0, 0, 0, 0, 0, 0, 0, 0, 0, 0, 
      0, 0, 0, 0, 0, 0, 0, 0 ], 
  [ 0, 0, 0, 0, 0, 0, 0, 0, 0, 0, 0, 0, 0, 0, 1, 0, 0, 0, 0, 0, 0, 0, 0, 0, 
      1, 0, 0, 0, 0, 0, 0, 0, 0, 0, 0, 0, 0, 0, 0, 1, 0, 0, 0, 0, 0, 0, 0, 0, 
      0, 0, 0, 0, 0, 0, 0, 0 ], 
  [ 0, 0, 0, 0, 0, 0, 0, 0, 0, 0, 0, 0, 0, 0, 0, 0, 0, 0, 0, 0, 0, 0, 0, 0, 
      0, 0, 0, 0, 0, 0, 0, 0, 0, 0, 0, 0, 0, 0, 0, 0, 0, 0, 0, 0, 0, 0, 0, 0, 
      1, 0, 0, 0, 0, 0, 0, 0 ], 
  [ 0, 0, 0, 0, 0, 0, 0, 0, 0, 0, 0, 0, 0, 0, 0, 0, 0, 0, 0, 0, 0, 0, 0, 0, 
      0, 0, 0, 0, 0, 1, 0, 0, 0, 1, 0, 0, 0, 0, 0, 0, 0, 0, 0, 0, 1, 0, 0, 0, 
      0, 1, 0, 0, 0, 1, 1, 0 ], 
  [ 0, 0, 0, 0, 0, 0, 0, 0, 0, 0, 0, 0, 0, 0, 0, 0, 0, 0, 0, 1, 0, 0, 0, 0, 
      0, 0, 0, 0, 0, 0, 0, 0, 0, 0, 1, 0, 0, 0, 0, 0, 0, 0, 0, 0, 0, 0, 0, 0, 
      0, 0, 0, 0, 0, 0, 0, 1 ] ]

195. Candidate
   Symplectic group: S3
   Component: 2; corrigendum component, generic index 2
   Projective group ID: [ 72, 27 ]
   Strict linear group ID: [ 216, 136 ]
   Generic index: 2
   Generic full linear containment required: true
   Generic full linear containment verified: true
   Direct known case: false
   Source records: [ "S_3_corrigendum_generic_index=2_liftable.docx" ]
   Family number within this input: 25
   Strict cubic invariant dimension: 6
   Centralizer dimension: 5
   Expected moduli dimension: 1
   Determinant image order: 12
   Gonzalez status: passed
   Retained: true
   Gonzalez failure statuses: [  ]
   Matrix generators: 
[ [ [ 0, 1, 0, 0, 0, 0 ], [ 1, 0, 0, 0, 0, 0 ], [ 0, 0, 1, 0, 0, 0 ], 
      [ 0, 0, 0, 1, 0, 0 ], [ 0, 0, 0, 0, 1, 0 ], [ 0, 0, 0, 0, 0, -1 ] ], 
  [ [ 0, 0, 1, 0, 0, 0 ], [ 1, 0, 0, 0, 0, 0 ], [ 0, 1, 0, 0, 0, 0 ], 
      [ 0, 0, 0, 1, 0, 0 ], [ 0, 0, 0, 0, 1, 0 ], [ 0, 0, 0, 0, 0, 1 ] ], 
  [ [ E(3), 0, 0, 0, 0, 0 ], [ 0, E(3), 0, 0, 0, 0 ], [ 0, 0, E(3), 0, 0, 0 ],
      [ 0, 0, 0, E(3), 0, 0 ], [ 0, 0, 0, 0, E(3), 0 ], 
      [ 0, 0, 0, 0, 0, E(3) ] ], 
  [ [ 1, 0, 0, 0, 0, 0 ], [ 0, 1, 0, 0, 0, 0 ], [ 0, 0, 1, 0, 0, 0 ], 
      [ 0, 0, 0, E(3), 0, 0 ], [ 0, 0, 0, 0, E(3)^2, 0 ], 
      [ 0, 0, 0, 0, 0, -E(12)^7 ] ] ]
   Cubic invariant basis strings: 
[ "x5^3", "x4^3", "x3*x4*x5 + x2*x4*x5 + x1*x4*x5", "x1*x2*x3", 
  "x2*x3^2 + x2^2*x3 + x1*x3^2 + x1*x2^2 + x1^2*x3 + x1^2*x2", 
  "x3^3 + x2^3 + x1^3" ]
   Cubic invariant basis vectors: 
[ [ 0, 0, 0, 1, 0, 0, 0, 0, 0, 0, 0, 0, 0, 0, 0, 0, 0, 0, 0, 0, 0, 0, 0, 0, 
      0, 0, 0, 0, 0, 0, 0, 0, 0, 0, 0, 0, 0, 0, 0, 0, 0, 0, 0, 0, 0, 0, 0, 0, 
      0, 0, 0, 0, 0, 0, 0, 0 ], 
  [ 0, 0, 0, 0, 0, 0, 0, 0, 0, 1, 0, 0, 0, 0, 0, 0, 0, 0, 0, 0, 0, 0, 0, 0, 
      0, 0, 0, 0, 0, 0, 0, 0, 0, 0, 0, 0, 0, 0, 0, 0, 0, 0, 0, 0, 0, 0, 0, 0, 
      0, 0, 0, 0, 0, 0, 0, 0 ], 
  [ 0, 0, 0, 0, 0, 0, 0, 0, 0, 0, 0, 0, 0, 0, 1, 0, 0, 0, 0, 0, 0, 0, 0, 0, 
      1, 0, 0, 0, 0, 0, 0, 0, 0, 0, 0, 0, 0, 0, 0, 1, 0, 0, 0, 0, 0, 0, 0, 0, 
      0, 0, 0, 0, 0, 0, 0, 0 ], 
  [ 0, 0, 0, 0, 0, 0, 0, 0, 0, 0, 0, 0, 0, 0, 0, 0, 0, 0, 0, 0, 0, 0, 0, 0, 
      0, 0, 0, 0, 0, 0, 0, 0, 0, 0, 0, 0, 0, 0, 0, 0, 0, 0, 0, 0, 0, 0, 0, 0, 
      1, 0, 0, 0, 0, 0, 0, 0 ], 
  [ 0, 0, 0, 0, 0, 0, 0, 0, 0, 0, 0, 0, 0, 0, 0, 0, 0, 0, 0, 0, 0, 0, 0, 0, 
      0, 0, 0, 0, 0, 1, 0, 0, 0, 1, 0, 0, 0, 0, 0, 0, 0, 0, 0, 0, 1, 0, 0, 0, 
      0, 1, 0, 0, 0, 1, 1, 0 ], 
  [ 0, 0, 0, 0, 0, 0, 0, 0, 0, 0, 0, 0, 0, 0, 0, 0, 0, 0, 0, 1, 0, 0, 0, 0, 
      0, 0, 0, 0, 0, 0, 0, 0, 0, 0, 1, 0, 0, 0, 0, 0, 0, 0, 0, 0, 0, 0, 0, 0, 
      0, 0, 0, 0, 0, 0, 0, 1 ] ]

196. Candidate
   Symplectic group: S3
   Component: 2; corrigendum component, generic index 2
   Projective group ID: [ 72, 27 ]
   Strict linear group ID: [ 216, 136 ]
   Generic index: 2
   Generic full linear containment required: true
   Generic full linear containment verified: true
   Direct known case: false
   Source records: [ "S_3_corrigendum_generic_index=2_liftable.docx" ]
   Family number within this input: 26
   Strict cubic invariant dimension: 5
   Centralizer dimension: 5
   Expected moduli dimension: 0
   Determinant image order: 12
   Gonzalez status: passed
   Retained: true
   Gonzalez failure statuses: [  ]
   Matrix generators: 
[ [ [ 0, 1, 0, 0, 0, 0 ], [ 1, 0, 0, 0, 0, 0 ], [ 0, 0, 1, 0, 0, 0 ], 
      [ 0, 0, 0, 1, 0, 0 ], [ 0, 0, 0, 0, 1, 0 ], [ 0, 0, 0, 0, 0, -1 ] ], 
  [ [ 0, 0, 1, 0, 0, 0 ], [ 1, 0, 0, 0, 0, 0 ], [ 0, 1, 0, 0, 0, 0 ], 
      [ 0, 0, 0, 1, 0, 0 ], [ 0, 0, 0, 0, 1, 0 ], [ 0, 0, 0, 0, 0, 1 ] ], 
  [ [ E(3), 0, 0, 0, 0, 0 ], [ 0, E(3), 0, 0, 0, 0 ], [ 0, 0, E(3), 0, 0, 0 ],
      [ 0, 0, 0, E(3), 0, 0 ], [ 0, 0, 0, 0, E(3), 0 ], 
      [ 0, 0, 0, 0, 0, E(3) ] ], 
  [ [ -1/3, 2/3, 2/3, 0, 0, 0 ], [ 2/3, -1/3, 2/3, 0, 0, 0 ], 
      [ 2/3, 2/3, -1/3, 0, 0, 0 ], [ 0, 0, 0, E(3), 0, 0 ], 
      [ 0, 0, 0, 0, E(3)^2, 0 ], [ 0, 0, 0, 0, 0, -E(12)^7 ] ] ]
   Cubic invariant basis strings: 
[ "x5^3", "x4^3", "x3*x4*x5 + x2*x4*x5 + x1*x4*x5", 
  "x2*x3^2 + x2^2*x3 + x1*x3^2 + (3)*x1*x2*x3 + x1*x2^2 + x1^2*x3 + x1^2*x2", 
  "x3^3 + x2^3 + (-3)*x1*x2*x3 + x1^3" ]
   Cubic invariant basis vectors: 
[ [ 0, 0, 0, 1, 0, 0, 0, 0, 0, 0, 0, 0, 0, 0, 0, 0, 0, 0, 0, 0, 0, 0, 0, 0, 
      0, 0, 0, 0, 0, 0, 0, 0, 0, 0, 0, 0, 0, 0, 0, 0, 0, 0, 0, 0, 0, 0, 0, 0, 
      0, 0, 0, 0, 0, 0, 0, 0 ], 
  [ 0, 0, 0, 0, 0, 0, 0, 0, 0, 1, 0, 0, 0, 0, 0, 0, 0, 0, 0, 0, 0, 0, 0, 0, 
      0, 0, 0, 0, 0, 0, 0, 0, 0, 0, 0, 0, 0, 0, 0, 0, 0, 0, 0, 0, 0, 0, 0, 0, 
      0, 0, 0, 0, 0, 0, 0, 0 ], 
  [ 0, 0, 0, 0, 0, 0, 0, 0, 0, 0, 0, 0, 0, 0, 1, 0, 0, 0, 0, 0, 0, 0, 0, 0, 
      1, 0, 0, 0, 0, 0, 0, 0, 0, 0, 0, 0, 0, 0, 0, 1, 0, 0, 0, 0, 0, 0, 0, 0, 
      0, 0, 0, 0, 0, 0, 0, 0 ], 
  [ 0, 0, 0, 0, 0, 0, 0, 0, 0, 0, 0, 0, 0, 0, 0, 0, 0, 0, 0, 0, 0, 0, 0, 0, 
      0, 0, 0, 0, 0, 1, 0, 0, 0, 1, 0, 0, 0, 0, 0, 0, 0, 0, 0, 0, 1, 0, 0, 0, 
      3, 1, 0, 0, 0, 1, 1, 0 ], 
  [ 0, 0, 0, 0, 0, 0, 0, 0, 0, 0, 0, 0, 0, 0, 0, 0, 0, 0, 0, 1, 0, 0, 0, 0, 
      0, 0, 0, 0, 0, 0, 0, 0, 0, 0, 1, 0, 0, 0, 0, 0, 0, 0, 0, 0, 0, 0, 0, 0, 
      -3, 0, 0, 0, 0, 0, 0, 1 ] ]

197. Candidate
   Symplectic group: S3
   Component: 2; corrigendum component, generic index 2
   Projective group ID: [ 72, 27 ]
   Strict linear group ID: [ 216, 136 ]
   Generic index: 2
   Generic full linear containment required: true
   Generic full linear containment verified: true
   Direct known case: false
   Source records: [ "S_3_corrigendum_generic_index=2_liftable.docx" ]
   Family number within this input: 27
   Strict cubic invariant dimension: 5
   Centralizer dimension: 5
   Expected moduli dimension: 0
   Determinant image order: 12
   Gonzalez status: passed
   Retained: true
   Gonzalez failure statuses: [  ]
   Matrix generators: 
[ [ [ 0, 1, 0, 0, 0, 0 ], [ 1, 0, 0, 0, 0, 0 ], [ 0, 0, 1, 0, 0, 0 ], 
      [ 0, 0, 0, 1, 0, 0 ], [ 0, 0, 0, 0, 1, 0 ], [ 0, 0, 0, 0, 0, -1 ] ], 
  [ [ 0, 0, 1, 0, 0, 0 ], [ 1, 0, 0, 0, 0, 0 ], [ 0, 1, 0, 0, 0, 0 ], 
      [ 0, 0, 0, 1, 0, 0 ], [ 0, 0, 0, 0, 1, 0 ], [ 0, 0, 0, 0, 0, 1 ] ], 
  [ [ E(3), 0, 0, 0, 0, 0 ], [ 0, E(3), 0, 0, 0, 0 ], [ 0, 0, E(3), 0, 0, 0 ],
      [ 0, 0, 0, E(3), 0, 0 ], [ 0, 0, 0, 0, E(3), 0 ], 
      [ 0, 0, 0, 0, 0, E(3) ] ], 
  [ [ 1, 0, 0, 0, 0, 0 ], [ 0, 1, 0, 0, 0, 0 ], [ 0, 0, 1, 0, 0, 0 ], 
      [ 0, 0, 0, E(3), 0, 0 ], [ 0, 0, 0, 0, -E(3), 0 ], 
      [ 0, 0, 0, 0, 0, E(12)^11 ] ] ]
   Cubic invariant basis strings: [ "x4*x5^2", "x4^3", "x1*x2*x3", 
  "x2*x3^2 + x2^2*x3 + x1*x3^2 + x1*x2^2 + x1^2*x3 + x1^2*x2", 
  "x3^3 + x2^3 + x1^3" ]
   Cubic invariant basis vectors: 
[ [ 0, 0, 0, 0, 0, 0, 1, 0, 0, 0, 0, 0, 0, 0, 0, 0, 0, 0, 0, 0, 0, 0, 0, 0, 
      0, 0, 0, 0, 0, 0, 0, 0, 0, 0, 0, 0, 0, 0, 0, 0, 0, 0, 0, 0, 0, 0, 0, 0, 
      0, 0, 0, 0, 0, 0, 0, 0 ], 
  [ 0, 0, 0, 0, 0, 0, 0, 0, 0, 1, 0, 0, 0, 0, 0, 0, 0, 0, 0, 0, 0, 0, 0, 0, 
      0, 0, 0, 0, 0, 0, 0, 0, 0, 0, 0, 0, 0, 0, 0, 0, 0, 0, 0, 0, 0, 0, 0, 0, 
      0, 0, 0, 0, 0, 0, 0, 0 ], 
  [ 0, 0, 0, 0, 0, 0, 0, 0, 0, 0, 0, 0, 0, 0, 0, 0, 0, 0, 0, 0, 0, 0, 0, 0, 
      0, 0, 0, 0, 0, 0, 0, 0, 0, 0, 0, 0, 0, 0, 0, 0, 0, 0, 0, 0, 0, 0, 0, 0, 
      1, 0, 0, 0, 0, 0, 0, 0 ], 
  [ 0, 0, 0, 0, 0, 0, 0, 0, 0, 0, 0, 0, 0, 0, 0, 0, 0, 0, 0, 0, 0, 0, 0, 0, 
      0, 0, 0, 0, 0, 1, 0, 0, 0, 1, 0, 0, 0, 0, 0, 0, 0, 0, 0, 0, 1, 0, 0, 0, 
      0, 1, 0, 0, 0, 1, 1, 0 ], 
  [ 0, 0, 0, 0, 0, 0, 0, 0, 0, 0, 0, 0, 0, 0, 0, 0, 0, 0, 0, 1, 0, 0, 0, 0, 
      0, 0, 0, 0, 0, 0, 0, 0, 0, 0, 1, 0, 0, 0, 0, 0, 0, 0, 0, 0, 0, 0, 0, 0, 
      0, 0, 0, 0, 0, 0, 0, 1 ] ]

198. Candidate
   Symplectic group: S3
   Component: 2; corrigendum component, generic index 2
   Projective group ID: [ 72, 27 ]
   Strict linear group ID: [ 216, 136 ]
   Generic index: 2
   Generic full linear containment required: true
   Generic full linear containment verified: true
   Direct known case: false
   Source records: [ "S_3_corrigendum_generic_index=2_liftable.docx" ]
   Family number within this input: 28
   Strict cubic invariant dimension: 5
   Centralizer dimension: 5
   Expected moduli dimension: 0
   Determinant image order: 12
   Gonzalez status: passed
   Retained: true
   Gonzalez failure statuses: [  ]
   Matrix generators: 
[ [ [ 0, 1, 0, 0, 0, 0 ], [ 1, 0, 0, 0, 0, 0 ], [ 0, 0, 1, 0, 0, 0 ], 
      [ 0, 0, 0, 1, 0, 0 ], [ 0, 0, 0, 0, 1, 0 ], [ 0, 0, 0, 0, 0, -1 ] ], 
  [ [ 0, 0, 1, 0, 0, 0 ], [ 1, 0, 0, 0, 0, 0 ], [ 0, 1, 0, 0, 0, 0 ], 
      [ 0, 0, 0, 1, 0, 0 ], [ 0, 0, 0, 0, 1, 0 ], [ 0, 0, 0, 0, 0, 1 ] ], 
  [ [ E(3), 0, 0, 0, 0, 0 ], [ 0, E(3), 0, 0, 0, 0 ], [ 0, 0, E(3), 0, 0, 0 ],
      [ 0, 0, 0, E(3), 0, 0 ], [ 0, 0, 0, 0, E(3), 0 ], 
      [ 0, 0, 0, 0, 0, E(3) ] ], 
  [ [ 1/3*E(3)-1/3*E(3)^2, -2/3*E(3)-1/3*E(3)^2, -2/3*E(3)-1/3*E(3)^2, 0, 0, 
          0 ], 
      [ -2/3*E(3)-1/3*E(3)^2, 1/3*E(3)-1/3*E(3)^2, -2/3*E(3)-1/3*E(3)^2, 0, 
          0, 0 ], 
      [ -2/3*E(3)-1/3*E(3)^2, -2/3*E(3)-1/3*E(3)^2, 1/3*E(3)-1/3*E(3)^2, 0, 
          0, 0 ], [ 0, 0, 0, E(3), 0, 0 ], [ 0, 0, 0, 0, -E(3), 0 ], 
      [ 0, 0, 0, 0, 0, E(4) ] ] ]
   Cubic invariant basis strings: 
[ "x4*x5^2", "x4^3", 
  "x3^2*x4 + -x2*x3*x4 + x2^2*x4 + -x1*x3*x4 + -x1*x2*x4 + x1^2*x4", 
  "x2*x3^2 + x2^2*x3 + x1*x3^2 + x1*x2^2 + x1^2*x3 + x1^2*x2", 
  "x3^3 + x2^3 + (6)*x1*x2*x3 + x1^3" ]
   Cubic invariant basis vectors: 
[ [ 0, 0, 0, 0, 0, 0, 1, 0, 0, 0, 0, 0, 0, 0, 0, 0, 0, 0, 0, 0, 0, 0, 0, 0, 
      0, 0, 0, 0, 0, 0, 0, 0, 0, 0, 0, 0, 0, 0, 0, 0, 0, 0, 0, 0, 0, 0, 0, 0, 
      0, 0, 0, 0, 0, 0, 0, 0 ], 
  [ 0, 0, 0, 0, 0, 0, 0, 0, 0, 1, 0, 0, 0, 0, 0, 0, 0, 0, 0, 0, 0, 0, 0, 0, 
      0, 0, 0, 0, 0, 0, 0, 0, 0, 0, 0, 0, 0, 0, 0, 0, 0, 0, 0, 0, 0, 0, 0, 0, 
      0, 0, 0, 0, 0, 0, 0, 0 ], 
  [ 0, 0, 0, 0, 0, 0, 0, 0, 0, 0, 0, 0, 0, 0, 0, 0, 0, 0, 1, 0, 0, 0, 0, 0, 
      0, 0, 0, 0, -1, 0, 0, 0, 1, 0, 0, 0, 0, 0, 0, 0, 0, 0, 0, -1, 0, 0, 0, 
      -1, 0, 0, 0, 0, 1, 0, 0, 0 ], 
  [ 0, 0, 0, 0, 0, 0, 0, 0, 0, 0, 0, 0, 0, 0, 0, 0, 0, 0, 0, 0, 0, 0, 0, 0, 
      0, 0, 0, 0, 0, 1, 0, 0, 0, 1, 0, 0, 0, 0, 0, 0, 0, 0, 0, 0, 1, 0, 0, 0, 
      0, 1, 0, 0, 0, 1, 1, 0 ], 
  [ 0, 0, 0, 0, 0, 0, 0, 0, 0, 0, 0, 0, 0, 0, 0, 0, 0, 0, 0, 1, 0, 0, 0, 0, 
      0, 0, 0, 0, 0, 0, 0, 0, 0, 0, 1, 0, 0, 0, 0, 0, 0, 0, 0, 0, 0, 0, 0, 0, 
      6, 0, 0, 0, 0, 0, 0, 1 ] ]

199. Candidate
   Symplectic group: S3
   Component: 2; corrigendum component, generic index 2
   Projective group ID: [ 72, 27 ]
   Strict linear group ID: [ 216, 136 ]
   Generic index: 2
   Generic full linear containment required: true
   Generic full linear containment verified: true
   Direct known case: false
   Source records: [ "S_3_corrigendum_generic_index=2_liftable.docx" ]
   Family number within this input: 29
   Strict cubic invariant dimension: 5
   Centralizer dimension: 5
   Expected moduli dimension: 0
   Determinant image order: 12
   Gonzalez status: passed
   Retained: true
   Gonzalez failure statuses: [  ]
   Matrix generators: 
[ [ [ 0, 1, 0, 0, 0, 0 ], [ 1, 0, 0, 0, 0, 0 ], [ 0, 0, 1, 0, 0, 0 ], 
      [ 0, 0, 0, 1, 0, 0 ], [ 0, 0, 0, 0, 1, 0 ], [ 0, 0, 0, 0, 0, -1 ] ], 
  [ [ 0, 0, 1, 0, 0, 0 ], [ 1, 0, 0, 0, 0, 0 ], [ 0, 1, 0, 0, 0, 0 ], 
      [ 0, 0, 0, 1, 0, 0 ], [ 0, 0, 0, 0, 1, 0 ], [ 0, 0, 0, 0, 0, 1 ] ], 
  [ [ E(3), 0, 0, 0, 0, 0 ], [ 0, E(3), 0, 0, 0, 0 ], [ 0, 0, E(3), 0, 0, 0 ],
      [ 0, 0, 0, E(3), 0, 0 ], [ 0, 0, 0, 0, E(3), 0 ], 
      [ 0, 0, 0, 0, 0, E(3) ] ], 
  [ [ -1/3*E(3)+1/3*E(3)^2, -1/3*E(3)-2/3*E(3)^2, -1/3*E(3)-2/3*E(3)^2, 0, 0, 
          0 ], 
      [ -1/3*E(3)-2/3*E(3)^2, -1/3*E(3)+1/3*E(3)^2, -1/3*E(3)-2/3*E(3)^2, 0, 
          0, 0 ], 
      [ -1/3*E(3)-2/3*E(3)^2, -1/3*E(3)-2/3*E(3)^2, -1/3*E(3)+1/3*E(3)^2, 0, 
          0, 0 ], [ 0, 0, 0, E(3), 0, 0 ], [ 0, 0, 0, 0, -E(3), 0 ], 
      [ 0, 0, 0, 0, 0, E(12)^7 ] ] ]
   Cubic invariant basis strings: [ "x5*x6^2", "x4*x5^2", "x4^3", 
  "x2*x3^2 + x2^2*x3 + x1*x3^2 + x1*x2^2 + x1^2*x3 + x1^2*x2", 
  "x3^3 + x2^3 + (6)*x1*x2*x3 + x1^3" ]
   Cubic invariant basis vectors: 
[ [ 0, 1, 0, 0, 0, 0, 0, 0, 0, 0, 0, 0, 0, 0, 0, 0, 0, 0, 0, 0, 0, 0, 0, 0, 
      0, 0, 0, 0, 0, 0, 0, 0, 0, 0, 0, 0, 0, 0, 0, 0, 0, 0, 0, 0, 0, 0, 0, 0, 
      0, 0, 0, 0, 0, 0, 0, 0 ], 
  [ 0, 0, 0, 0, 0, 0, 1, 0, 0, 0, 0, 0, 0, 0, 0, 0, 0, 0, 0, 0, 0, 0, 0, 0, 
      0, 0, 0, 0, 0, 0, 0, 0, 0, 0, 0, 0, 0, 0, 0, 0, 0, 0, 0, 0, 0, 0, 0, 0, 
      0, 0, 0, 0, 0, 0, 0, 0 ], 
  [ 0, 0, 0, 0, 0, 0, 0, 0, 0, 1, 0, 0, 0, 0, 0, 0, 0, 0, 0, 0, 0, 0, 0, 0, 
      0, 0, 0, 0, 0, 0, 0, 0, 0, 0, 0, 0, 0, 0, 0, 0, 0, 0, 0, 0, 0, 0, 0, 0, 
      0, 0, 0, 0, 0, 0, 0, 0 ], 
  [ 0, 0, 0, 0, 0, 0, 0, 0, 0, 0, 0, 0, 0, 0, 0, 0, 0, 0, 0, 0, 0, 0, 0, 0, 
      0, 0, 0, 0, 0, 1, 0, 0, 0, 1, 0, 0, 0, 0, 0, 0, 0, 0, 0, 0, 1, 0, 0, 0, 
      0, 1, 0, 0, 0, 1, 1, 0 ], 
  [ 0, 0, 0, 0, 0, 0, 0, 0, 0, 0, 0, 0, 0, 0, 0, 0, 0, 0, 0, 1, 0, 0, 0, 0, 
      0, 0, 0, 0, 0, 0, 0, 0, 0, 0, 1, 0, 0, 0, 0, 0, 0, 0, 0, 0, 0, 0, 0, 0, 
      6, 0, 0, 0, 0, 0, 0, 1 ] ]

200. Candidate
   Symplectic group: S3
   Component: 2; corrigendum component, generic index 2
   Projective group ID: [ 72, 27 ]
   Strict linear group ID: [ 216, 136 ]
   Generic index: 2
   Generic full linear containment required: true
   Generic full linear containment verified: true
   Direct known case: false
   Source records: [ "S_3_corrigendum_generic_index=2_liftable.docx" ]
   Family number within this input: 30
   Strict cubic invariant dimension: 7
   Centralizer dimension: 7
   Expected moduli dimension: 0
   Determinant image order: 12
   Gonzalez status: passed
   Retained: true
   Gonzalez failure statuses: [  ]
   Matrix generators: 
[ [ [ 0, 1, 0, 0, 0, 0 ], [ 1, 0, 0, 0, 0, 0 ], [ 0, 0, 1, 0, 0, 0 ], 
      [ 0, 0, 0, 1, 0, 0 ], [ 0, 0, 0, 0, 1, 0 ], [ 0, 0, 0, 0, 0, -1 ] ], 
  [ [ 0, 0, 1, 0, 0, 0 ], [ 1, 0, 0, 0, 0, 0 ], [ 0, 1, 0, 0, 0, 0 ], 
      [ 0, 0, 0, 1, 0, 0 ], [ 0, 0, 0, 0, 1, 0 ], [ 0, 0, 0, 0, 0, 1 ] ], 
  [ [ E(3), 0, 0, 0, 0, 0 ], [ 0, E(3), 0, 0, 0, 0 ], [ 0, 0, E(3), 0, 0, 0 ],
      [ 0, 0, 0, E(3), 0, 0 ], [ 0, 0, 0, 0, E(3), 0 ], 
      [ 0, 0, 0, 0, 0, E(3) ] ], 
  [ [ -1/3*E(3)+1/3*E(3)^2, -1/3*E(3)-2/3*E(3)^2, -1/3*E(3)-2/3*E(3)^2, 0, 0, 
          0 ], 
      [ -1/3*E(3)-2/3*E(3)^2, -1/3*E(3)+1/3*E(3)^2, -1/3*E(3)-2/3*E(3)^2, 0, 
          0, 0 ], 
      [ -1/3*E(3)-2/3*E(3)^2, -1/3*E(3)-2/3*E(3)^2, -1/3*E(3)+1/3*E(3)^2, 0, 
          0, 0 ], [ 0, 0, 0, -1, 0, 0 ], [ 0, 0, 0, 0, -1, 0 ], 
      [ 0, 0, 0, 0, 0, -E(4) ] ] ]
   Cubic invariant basis strings: 
[ "x5*x6^2", "x4*x6^2", "x3*x5^2 + x2*x5^2 + x1*x5^2", 
  "x3*x4*x5 + x2*x4*x5 + x1*x4*x5", "x3*x4^2 + x2*x4^2 + x1*x4^2", 
  "x2*x3^2 + x2^2*x3 + x1*x3^2 + x1*x2^2 + x1^2*x3 + x1^2*x2", 
  "x3^3 + x2^3 + (6)*x1*x2*x3 + x1^3" ]
   Cubic invariant basis vectors: 
[ [ 0, 1, 0, 0, 0, 0, 0, 0, 0, 0, 0, 0, 0, 0, 0, 0, 0, 0, 0, 0, 0, 0, 0, 0, 
      0, 0, 0, 0, 0, 0, 0, 0, 0, 0, 0, 0, 0, 0, 0, 0, 0, 0, 0, 0, 0, 0, 0, 0, 
      0, 0, 0, 0, 0, 0, 0, 0 ], 
  [ 0, 0, 0, 0, 1, 0, 0, 0, 0, 0, 0, 0, 0, 0, 0, 0, 0, 0, 0, 0, 0, 0, 0, 0, 
      0, 0, 0, 0, 0, 0, 0, 0, 0, 0, 0, 0, 0, 0, 0, 0, 0, 0, 0, 0, 0, 0, 0, 0, 
      0, 0, 0, 0, 0, 0, 0, 0 ], 
  [ 0, 0, 0, 0, 0, 0, 0, 0, 0, 0, 0, 0, 1, 0, 0, 0, 0, 0, 0, 0, 0, 0, 1, 0, 
      0, 0, 0, 0, 0, 0, 0, 0, 0, 0, 0, 0, 0, 1, 0, 0, 0, 0, 0, 0, 0, 0, 0, 0, 
      0, 0, 0, 0, 0, 0, 0, 0 ], 
  [ 0, 0, 0, 0, 0, 0, 0, 0, 0, 0, 0, 0, 0, 0, 1, 0, 0, 0, 0, 0, 0, 0, 0, 0, 
      1, 0, 0, 0, 0, 0, 0, 0, 0, 0, 0, 0, 0, 0, 0, 1, 0, 0, 0, 0, 0, 0, 0, 0, 
      0, 0, 0, 0, 0, 0, 0, 0 ], 
  [ 0, 0, 0, 0, 0, 0, 0, 0, 0, 0, 0, 0, 0, 0, 0, 1, 0, 0, 0, 0, 0, 0, 0, 0, 
      0, 1, 0, 0, 0, 0, 0, 0, 0, 0, 0, 0, 0, 0, 0, 0, 1, 0, 0, 0, 0, 0, 0, 0, 
      0, 0, 0, 0, 0, 0, 0, 0 ], 
  [ 0, 0, 0, 0, 0, 0, 0, 0, 0, 0, 0, 0, 0, 0, 0, 0, 0, 0, 0, 0, 0, 0, 0, 0, 
      0, 0, 0, 0, 0, 1, 0, 0, 0, 1, 0, 0, 0, 0, 0, 0, 0, 0, 0, 0, 1, 0, 0, 0, 
      0, 1, 0, 0, 0, 1, 1, 0 ], 
  [ 0, 0, 0, 0, 0, 0, 0, 0, 0, 0, 0, 0, 0, 0, 0, 0, 0, 0, 0, 1, 0, 0, 0, 0, 
      0, 0, 0, 0, 0, 0, 0, 0, 0, 0, 1, 0, 0, 0, 0, 0, 0, 0, 0, 0, 0, 0, 0, 0, 
      6, 0, 0, 0, 0, 0, 0, 1 ] ]

201. Candidate
   Symplectic group: S3
   Component: 2; corrigendum component, generic index 2
   Projective group ID: [ 72, 27 ]
   Strict linear group ID: [ 216, 136 ]
   Generic index: 2
   Generic full linear containment required: true
   Generic full linear containment verified: true
   Direct known case: false
   Source records: [ "S_3_corrigendum_generic_index=2_liftable.docx" ]
   Family number within this input: 31
   Strict cubic invariant dimension: 5
   Centralizer dimension: 5
   Expected moduli dimension: 0
   Determinant image order: 12
   Gonzalez status: passed
   Retained: true
   Gonzalez failure statuses: [  ]
   Matrix generators: 
[ [ [ 0, 1, 0, 0, 0, 0 ], [ 1, 0, 0, 0, 0, 0 ], [ 0, 0, 1, 0, 0, 0 ], 
      [ 0, 0, 0, 1, 0, 0 ], [ 0, 0, 0, 0, 1, 0 ], [ 0, 0, 0, 0, 0, -1 ] ], 
  [ [ 0, 0, 1, 0, 0, 0 ], [ 1, 0, 0, 0, 0, 0 ], [ 0, 1, 0, 0, 0, 0 ], 
      [ 0, 0, 0, 1, 0, 0 ], [ 0, 0, 0, 0, 1, 0 ], [ 0, 0, 0, 0, 0, 1 ] ], 
  [ [ E(3), 0, 0, 0, 0, 0 ], [ 0, E(3), 0, 0, 0, 0 ], [ 0, 0, E(3), 0, 0, 0 ],
      [ 0, 0, 0, E(3), 0, 0 ], [ 0, 0, 0, 0, E(3), 0 ], 
      [ 0, 0, 0, 0, 0, E(3) ] ], 
  [ [ 1, 0, 0, 0, 0, 0 ], [ 0, 1, 0, 0, 0, 0 ], [ 0, 0, 1, 0, 0, 0 ], 
      [ 0, 0, 0, -1, 0, 0 ], [ 0, 0, 0, 0, -E(3), 0 ], 
      [ 0, 0, 0, 0, 0, -E(4) ] ] ]
   Cubic invariant basis strings: [ "x4*x6^2", "x3*x4^2 + x2*x4^2 + x1*x4^2", 
  "x1*x2*x3", "x2*x3^2 + x2^2*x3 + x1*x3^2 + x1*x2^2 + x1^2*x3 + x1^2*x2", 
  "x3^3 + x2^3 + x1^3" ]
   Cubic invariant basis vectors: 
[ [ 0, 0, 0, 0, 1, 0, 0, 0, 0, 0, 0, 0, 0, 0, 0, 0, 0, 0, 0, 0, 0, 0, 0, 0, 
      0, 0, 0, 0, 0, 0, 0, 0, 0, 0, 0, 0, 0, 0, 0, 0, 0, 0, 0, 0, 0, 0, 0, 0, 
      0, 0, 0, 0, 0, 0, 0, 0 ], 
  [ 0, 0, 0, 0, 0, 0, 0, 0, 0, 0, 0, 0, 0, 0, 0, 1, 0, 0, 0, 0, 0, 0, 0, 0, 
      0, 1, 0, 0, 0, 0, 0, 0, 0, 0, 0, 0, 0, 0, 0, 0, 1, 0, 0, 0, 0, 0, 0, 0, 
      0, 0, 0, 0, 0, 0, 0, 0 ], 
  [ 0, 0, 0, 0, 0, 0, 0, 0, 0, 0, 0, 0, 0, 0, 0, 0, 0, 0, 0, 0, 0, 0, 0, 0, 
      0, 0, 0, 0, 0, 0, 0, 0, 0, 0, 0, 0, 0, 0, 0, 0, 0, 0, 0, 0, 0, 0, 0, 0, 
      1, 0, 0, 0, 0, 0, 0, 0 ], 
  [ 0, 0, 0, 0, 0, 0, 0, 0, 0, 0, 0, 0, 0, 0, 0, 0, 0, 0, 0, 0, 0, 0, 0, 0, 
      0, 0, 0, 0, 0, 1, 0, 0, 0, 1, 0, 0, 0, 0, 0, 0, 0, 0, 0, 0, 1, 0, 0, 0, 
      0, 1, 0, 0, 0, 1, 1, 0 ], 
  [ 0, 0, 0, 0, 0, 0, 0, 0, 0, 0, 0, 0, 0, 0, 0, 0, 0, 0, 0, 1, 0, 0, 0, 0, 
      0, 0, 0, 0, 0, 0, 0, 0, 0, 0, 1, 0, 0, 0, 0, 0, 0, 0, 0, 0, 0, 0, 0, 0, 
      0, 0, 0, 0, 0, 0, 0, 1 ] ]

202. Candidate
   Symplectic group: S3
   Component: 2; corrigendum component
   Projective group ID: [ 144, 69 ]
   Strict linear group ID: [ 432, 464 ]
   Generic index: 2
   Generic full linear containment required: true
   Generic full linear containment verified: true
   Direct known case: true
   Source records: [ "Yang--Yu--Zhu, Example 6.1(3); article/yyz groups.txt" ]
   Family number within this input: 1
   Strict cubic invariant dimension: 5
   Centralizer dimension: 5
   Expected moduli dimension: 0
   Determinant image order: 24
   Gonzalez status: passed
   Retained: true
   Gonzalez failure statuses: [  ]
   Matrix generators: 
[ [ [ E(8), 0, 0, 0, 0, 0 ], [ 0, -E(4), 0, 0, 0, 0 ], [ 0, 0, -1, 0, 0, 0 ], 
      [ 0, 0, 0, 1, 0, 0 ], [ 0, 0, 0, 0, E(3), 0 ], [ 0, 0, 0, 0, 0, 1 ] ], 
  [ [ 1, 0, 0, 0, 0, 0 ], [ 0, 1, 0, 0, 0, 0 ], [ 0, 0, 1, 0, 0, 0 ], 
      [ 0, 0, 0, 1, 0, 0 ], [ 0, 0, 0, 0, 0, 1 ], [ 0, 0, 0, 0, 1, 0 ] ], 
  [ [ E(3), 0, 0, 0, 0, 0 ], [ 0, E(3), 0, 0, 0, 0 ], [ 0, 0, E(3), 0, 0, 0 ],
      [ 0, 0, 0, E(3), 0, 0 ], [ 0, 0, 0, 0, E(3), 0 ], 
      [ 0, 0, 0, 0, 0, E(3) ] ] ]
   Cubic invariant basis strings: [ "x6^3 + x5^3", "x4^3", "x3^2*x4", 
  "x2^2*x3", "x1^2*x2" ]
   Cubic invariant basis vectors: 
[ [ 1, 0, 0, 1, 0, 0, 0, 0, 0, 0, 0, 0, 0, 0, 0, 0, 0, 0, 0, 0, 0, 0, 0, 0, 
      0, 0, 0, 0, 0, 0, 0, 0, 0, 0, 0, 0, 0, 0, 0, 0, 0, 0, 0, 0, 0, 0, 0, 0, 
      0, 0, 0, 0, 0, 0, 0, 0 ], 
  [ 0, 0, 0, 0, 0, 0, 0, 0, 0, 1, 0, 0, 0, 0, 0, 0, 0, 0, 0, 0, 0, 0, 0, 0, 
      0, 0, 0, 0, 0, 0, 0, 0, 0, 0, 0, 0, 0, 0, 0, 0, 0, 0, 0, 0, 0, 0, 0, 0, 
      0, 0, 0, 0, 0, 0, 0, 0 ], 
  [ 0, 0, 0, 0, 0, 0, 0, 0, 0, 0, 0, 0, 0, 0, 0, 0, 0, 0, 1, 0, 0, 0, 0, 0, 
      0, 0, 0, 0, 0, 0, 0, 0, 0, 0, 0, 0, 0, 0, 0, 0, 0, 0, 0, 0, 0, 0, 0, 0, 
      0, 0, 0, 0, 0, 0, 0, 0 ], 
  [ 0, 0, 0, 0, 0, 0, 0, 0, 0, 0, 0, 0, 0, 0, 0, 0, 0, 0, 0, 0, 0, 0, 0, 0, 
      0, 0, 0, 0, 0, 0, 0, 0, 0, 1, 0, 0, 0, 0, 0, 0, 0, 0, 0, 0, 0, 0, 0, 0, 
      0, 0, 0, 0, 0, 0, 0, 0 ], 
  [ 0, 0, 0, 0, 0, 0, 0, 0, 0, 0, 0, 0, 0, 0, 0, 0, 0, 0, 0, 0, 0, 0, 0, 0, 
      0, 0, 0, 0, 0, 0, 0, 0, 0, 0, 0, 0, 0, 0, 0, 0, 0, 0, 0, 0, 0, 0, 0, 0, 
      0, 0, 0, 0, 0, 0, 1, 0 ] ]
   YYZ equation: x1^2*x2 + x2^2*x3 + x3^2*x4 + x4^3 + x5^3 + x6^3
   YYZ matrix generators: 
[ [ [ E(8), 0, 0, 0, 0, 0 ], [ 0, -E(4), 0, 0, 0, 0 ], [ 0, 0, -1, 0, 0, 0 ], 
      [ 0, 0, 0, 1, 0, 0 ], [ 0, 0, 0, 0, E(3), 0 ], [ 0, 0, 0, 0, 0, 1 ] ], 
  [ [ 1, 0, 0, 0, 0, 0 ], [ 0, 1, 0, 0, 0, 0 ], [ 0, 0, 1, 0, 0, 0 ], 
      [ 0, 0, 0, 1, 0, 0 ], [ 0, 0, 0, 0, 0, 1 ], [ 0, 0, 0, 0, 1, 0 ] ] ]
