1. 40 families; 1560 ordered pairs; 493 eligible direct tests; elapsed 0 ms
2. Family 1 (fourfold source 1): constructing and checking its strict five-dim\
ensional group; elapsed 0 ms
3. Family 2 (fourfold source 7): constructing and checking its strict five-dim\
ensional group; elapsed 328 ms
4. Family 3 (fourfold source 8): constructing and checking its strict five-dim\
ensional group; elapsed 111656 ms
5. Family 4 (fourfold source 23): constructing and checking its strict five-di\
mensional group; elapsed 111875 ms
6. Family 5 (fourfold source 24): constructing and checking its strict five-di\
mensional group; elapsed 112031 ms
7. Family 6 (fourfold source 28): constructing and checking its strict five-di\
mensional group; elapsed 112375 ms
8. Family 7 (fourfold source 30): constructing and checking its strict five-di\
mensional group; elapsed 112484 ms
9. Family 8 (fourfold source 32): constructing and checking its strict five-di\
mensional group; elapsed 112640 ms
10. Family 9 (fourfold source 36): constructing and checking its strict five-d\
imensional group; elapsed 112781 ms
11. Family 10 (fourfold source 38): constructing and checking its strict five-\
dimensional group; elapsed 112906 ms
12. Family 11 (fourfold source 56): constructing and checking its strict five-\
dimensional group; elapsed 113109 ms
13. Family 12 (fourfold source 57): constructing and checking its strict five-\
dimensional group; elapsed 113250 ms
14. Family 13 (fourfold source 61): constructing and checking its strict five-\
dimensional group; elapsed 113375 ms
15. Family 14 (fourfold source 62): constructing and checking its strict five-\
dimensional group; elapsed 113515 ms
16. Family 15 (fourfold source 64): constructing and checking its strict five-\
dimensional group; elapsed 113672 ms
17. Family 16 (fourfold source 67): constructing and checking its strict five-\
dimensional group; elapsed 113797 ms
18. Family 17 (fourfold source 69): constructing and checking its strict five-\
dimensional group; elapsed 113953 ms
19. Family 18 (fourfold source 72): constructing and checking its strict five-\
dimensional group; elapsed 114078 ms
20. Family 19 (fourfold source 86): constructing and checking its strict five-\
dimensional group; elapsed 116156 ms
21. Family 20 (fourfold source 90): constructing and checking its strict five-\
dimensional group; elapsed 116265 ms
22. Family 21 (fourfold source 91): constructing and checking its strict five-\
dimensional group; elapsed 116390 ms
23. Family 22 (fourfold source 94): constructing and checking its strict five-\
dimensional group; elapsed 116515 ms
24. Family 23 (fourfold source 95): constructing and checking its strict five-\
dimensional group; elapsed 116812 ms
25. Family 24 (fourfold source 96): constructing and checking its strict five-\
dimensional group; elapsed 117125 ms
26. Family 25 (fourfold source 101): constructing and checking its strict five\
-dimensional group; elapsed 119437 ms
27. Family 26 (fourfold source 103): constructing and checking its strict five\
-dimensional group; elapsed 119515 ms
28. Family 27 (fourfold source 110): constructing and checking its strict five\
-dimensional group; elapsed 119640 ms
29. Family 28 (fourfold source 113): constructing and checking its strict five\
-dimensional group; elapsed 119734 ms
30. Family 29 (fourfold source 116): constructing and checking its strict five\
-dimensional group; elapsed 119843 ms
31. Family 30 (fourfold source 117): constructing and checking its strict five\
-dimensional group; elapsed 119906 ms
32. Family 31 (fourfold source 123): constructing and checking its strict five\
-dimensional group; elapsed 120015 ms
33. Family 32 (fourfold source 125): constructing and checking its strict five\
-dimensional group; elapsed 120078 ms
34. Family 33 (fourfold source 130): constructing and checking its strict five\
-dimensional group; elapsed 120172 ms
35. Family 34 (fourfold source 135): constructing and checking its strict five\
-dimensional group; elapsed 120437 ms
36. Family 35 (fourfold source 139): constructing and checking its strict five\
-dimensional group; elapsed 120453 ms
37. Family 36 (fourfold source 147): constructing and checking its strict five\
-dimensional group; elapsed 120531 ms
38. Family 37 (fourfold source 148): constructing and checking its strict five\
-dimensional group; elapsed 120797 ms
39. Family 38 (fourfold source 153): constructing and checking its strict five\
-dimensional group; elapsed 121047 ms
40. Family 39 (fourfold source 154): constructing and checking its strict five\
-dimensional group; elapsed 124312 ms
41. Family 40 (fourfold source 156): constructing and checking its strict five\
-dimensional group; elapsed 127547 ms
42. Source 1 -> target 2: started; pair 1/39; elapsed 200547 ms
43. Source 1 -> target 2: not_compared; dimension_orientation; elapsed 200547 \
ms
44. Source 1 -> target 3: started; pair 2/39; elapsed 200547 ms
45. Source 1 -> target 3: not_compared; dimension_orientation; elapsed 200547 \
ms
46. Source 1 -> target 4: started; pair 3/39; elapsed 200547 ms
47. Source 1 -> target 4: not_compared; dimension_orientation; elapsed 200547 \
ms
48. Source 1 -> target 5: started; pair 4/39; elapsed 200547 ms
49. Source 1 -> target 5: not_compared; dimension_orientation; elapsed 200547 \
ms
50. Source 1 -> target 6: started; pair 5/39; elapsed 200547 ms
51. Source 1 -> target 6: not_compared; dimension_orientation; elapsed 200562 \
ms
52. Source 1 -> target 7: started; pair 6/39; elapsed 200562 ms
53. Source 1 -> target 7: not_compared; dimension_orientation; elapsed 200562 \
ms
54. Source 1 -> target 8: started; pair 7/39; elapsed 200562 ms
55. Source 1 -> target 8: not_compared; dimension_orientation; elapsed 200578 \
ms
56. Source 1 -> target 9: started; pair 8/39; elapsed 200578 ms
57. Source 1 -> target 9: not_compared; dimension_orientation; elapsed 200578 \
ms
58. Source 1 -> target 10: started; pair 9/39; elapsed 200578 ms
59. Source 1 -> target 10: not_compared; dimension_orientation; elapsed 200578\
 ms
60. Source 1 -> target 11: started; pair 10/39; elapsed 200578 ms
61. Source 1 -> target 11: not_compared; dimension_orientation; elapsed 200578\
 ms
62. Source 1 -> target 12: started; pair 11/39; elapsed 200578 ms
63. Source 1 -> target 12: not_compared; dimension_orientation; elapsed 200593\
 ms
64. Source 1 -> target 13: started; pair 12/39; elapsed 200593 ms
65. Source 1 -> target 13: not_compared; dimension_orientation; elapsed 200593\
 ms
66. Source 1 -> target 14: started; pair 13/39; elapsed 200593 ms
67. Source 1 -> target 14: not_compared; dimension_orientation; elapsed 200593\
 ms
68. Source 1 -> target 15: started; pair 14/39; elapsed 200593 ms
69. Source 1 -> target 15: not_compared; dimension_orientation; elapsed 200593\
 ms
70. Source 1 -> target 16: started; pair 15/39; elapsed 200593 ms
71. Source 1 -> target 16: not_compared; dimension_orientation; elapsed 200609\
 ms
72. Source 1 -> target 17: started; pair 16/39; elapsed 200609 ms
73. Source 1 -> target 17: not_compared; dimension_orientation; elapsed 200609\
 ms
74. Source 1 -> target 18: started; pair 17/39; elapsed 200609 ms
75. Source 1 -> target 18: not_compared; dimension_orientation; elapsed 200609\
 ms
76. Source 1 -> target 19: started; pair 18/39; elapsed 200609 ms
77. Source 1 -> target 19: not_compared; dimension_orientation; elapsed 200625\
 ms
78. Source 1 -> target 20: started; pair 19/39; elapsed 200625 ms
79. Source 1 -> target 20: not_compared; dimension_orientation; elapsed 200625\
 ms
80. Source 1 -> target 21: started; pair 20/39; elapsed 200625 ms
81. Source 1 -> target 21: not_compared; dimension_orientation; elapsed 200625\
 ms
82. Source 1 -> target 22: started; pair 21/39; elapsed 200625 ms
83. Source 1 -> target 22: not_compared; dimension_orientation; elapsed 200625\
 ms
84. Source 1 -> target 23: started; pair 22/39; elapsed 200625 ms
85. Source 1 -> target 23: not_compared; dimension_orientation; elapsed 200625\
 ms
86. Source 1 -> target 24: started; pair 23/39; elapsed 200625 ms
87. Source 1 -> target 24: not_compared; dimension_orientation; elapsed 200625\
 ms
88. Source 1 -> target 25: started; pair 24/39; elapsed 200625 ms
89. Source 1 -> target 25: not_compared; dimension_orientation; elapsed 200640\
 ms
90. Source 1 -> target 26: started; pair 25/39; elapsed 200640 ms
91. Source 1 -> target 26: not_compared; dimension_orientation; elapsed 200640\
 ms
92. Source 1 -> target 27: started; pair 26/39; elapsed 200640 ms
93. Source 1 -> target 27: not_compared; dimension_orientation; elapsed 200640\
 ms
94. Source 1 -> target 28: started; pair 27/39; elapsed 200640 ms
95. Source 1 -> target 28: not_compared; dimension_orientation; elapsed 200640\
 ms
96. Source 1 -> target 29: started; pair 28/39; elapsed 200640 ms
97. Source 1 -> target 29: not_compared; dimension_orientation; elapsed 200640\
 ms
98. Source 1 -> target 30: started; pair 29/39; elapsed 200640 ms
99. Source 1 -> target 30: not_compared; dimension_orientation; elapsed 200640\
 ms
100. Source 1 -> target 31: started; pair 30/39; elapsed 200640 ms
101. Source 1 -> target 31: not_compared; dimension_orientation; elapsed 20064\
0 ms
102. Source 1 -> target 32: started; pair 31/39; elapsed 200640 ms
103. Source 1 -> target 32: not_compared; dimension_orientation; elapsed 20064\
0 ms
104. Source 1 -> target 33: started; pair 32/39; elapsed 200640 ms
105. Source 1 -> target 33: not_compared; dimension_orientation; elapsed 20064\
0 ms
106. Source 1 -> target 34: started; pair 33/39; elapsed 200640 ms
107. Source 1 -> target 34: not_compared; dimension_orientation; elapsed 20065\
6 ms
108. Source 1 -> target 35: started; pair 34/39; elapsed 200656 ms
109. Source 1 -> target 35: not_compared; dimension_orientation; elapsed 20065\
6 ms
110. Source 1 -> target 36: started; pair 35/39; elapsed 200656 ms
111. Source 1 -> target 36: not_compared; dimension_orientation; elapsed 20065\
6 ms
112. Source 1 -> target 37: started; pair 36/39; elapsed 200656 ms
113. Source 1 -> target 37: not_compared; dimension_orientation; elapsed 20065\
6 ms
114. Source 1 -> target 38: started; pair 37/39; elapsed 200656 ms
115. Source 1 -> target 38: not_compared; dimension_orientation; elapsed 20067\
2 ms
116. Source 1 -> target 39: started; pair 38/39; elapsed 200672 ms
117. Source 1 -> target 39: not_compared; dimension_orientation; elapsed 20067\
2 ms
118. Source 1 -> target 40: started; pair 39/39; elapsed 200672 ms
119. Source 1 -> target 40: not_compared; dimension_orientation; elapsed 20067\
2 ms
120. Source 1: completed; positives 0; unresolved 0; elapsed 200672 ms
121. Source 2 -> target 1: started; pair 1/39; elapsed 200672 ms
122. Source 2 -> target 1: not_compared; dimension_orientation; elapsed 200687\
 ms
123. Source 2 -> target 3: started; pair 2/39; elapsed 200687 ms
124. Source 2 -> target 3: not_compared; dimension_orientation; elapsed 200687\
 ms
125. Source 2 -> target 4: started; pair 3/39; elapsed 200687 ms
126. Source 2 -> target 4: not_compared; dimension_orientation; elapsed 200687\
 ms
127. Source 2 -> target 5: started; pair 4/39; elapsed 200687 ms
128. Source 2 -> target 5: not_compared; dimension_orientation; elapsed 200687\
 ms
129. Source 2 -> target 6: started; pair 5/39; elapsed 200687 ms
130. Source 2 -> target 6: not_compared; dimension_orientation; elapsed 200687\
 ms
131. Source 2 -> target 7: started; pair 6/39; elapsed 200687 ms
132. Source 2 -> target 7: not_compared; dimension_orientation; elapsed 200687\
 ms
133. Source 2 -> target 8: started; pair 7/39; elapsed 200687 ms
134. Source 2 -> target 8: not_compared; dimension_orientation; elapsed 200687\
 ms
135. Source 2 -> target 9: started; pair 8/39; elapsed 200687 ms
136. Source 2 -> target 9: not_compared; dimension_orientation; elapsed 200687\
 ms
137. Source 2 -> target 10: started; pair 9/39; elapsed 200687 ms
138. Source 2 -> target 10: not_compared; dimension_orientation; elapsed 20068\
7 ms
139. Source 2 -> target 11: started; pair 10/39; elapsed 200687 ms
140. Source 2 -> target 11: not_compared; dimension_orientation; elapsed 20068\
7 ms
141. Source 2 -> target 12: started; pair 11/39; elapsed 200687 ms
142. Source 2 -> target 12: not_compared; dimension_orientation; elapsed 20068\
7 ms
143. Source 2 -> target 13: started; pair 12/39; elapsed 200687 ms
144. Source 2 -> target 13: not_compared; dimension_orientation; elapsed 20068\
7 ms
145. Source 2 -> target 14: started; pair 13/39; elapsed 200687 ms
146. Source 2 -> target 14: not_compared; dimension_orientation; elapsed 20068\
7 ms
147. Source 2 -> target 15: started; pair 14/39; elapsed 200687 ms
148. Source 2 -> target 15: not_compared; dimension_orientation; elapsed 20068\
7 ms
149. Source 2 -> target 16: started; pair 15/39; elapsed 200687 ms
150. Source 2 -> target 16: not_compared; dimension_orientation; elapsed 20068\
7 ms
151. Source 2 -> target 17: started; pair 16/39; elapsed 200687 ms
152. Source 2 -> target 17: not_compared; dimension_orientation; elapsed 20068\
7 ms
153. Source 2 -> target 18: started; pair 17/39; elapsed 200687 ms
154. Source 2 -> target 18: not_compared; dimension_orientation; elapsed 20070\
3 ms
155. Source 2 -> target 19: started; pair 18/39; elapsed 200703 ms
156. Source 2 -> target 19: not_compared; dimension_orientation; elapsed 20070\
3 ms
157. Source 2 -> target 20: started; pair 19/39; elapsed 200703 ms
158. Source 2 -> target 20: not_compared; dimension_orientation; elapsed 20070\
3 ms
159. Source 2 -> target 21: started; pair 20/39; elapsed 200703 ms
160. Source 2 -> target 21: not_compared; dimension_orientation; elapsed 20070\
3 ms
161. Source 2 -> target 22: started; pair 21/39; elapsed 200703 ms
162. Source 2 -> target 22: not_compared; dimension_orientation; elapsed 20071\
8 ms
163. Source 2 -> target 23: started; pair 22/39; elapsed 200718 ms
164. Source 2 -> target 23: not_compared; dimension_orientation; elapsed 20071\
8 ms
165. Source 2 -> target 24: started; pair 23/39; elapsed 200718 ms
166. Source 2 -> target 24: not_compared; dimension_orientation; elapsed 20071\
8 ms
167. Source 2 -> target 25: started; pair 24/39; elapsed 200718 ms
168. Source 2 -> target 25: not_compared; dimension_orientation; elapsed 20073\
4 ms
169. Source 2 -> target 26: started; pair 25/39; elapsed 200734 ms
170. Source 2 -> target 26: not_compared; dimension_orientation; elapsed 20073\
4 ms
171. Source 2 -> target 27: started; pair 26/39; elapsed 200734 ms
172. Source 2 -> target 27: not_compared; dimension_orientation; elapsed 20073\
4 ms
173. Source 2 -> target 28: started; pair 27/39; elapsed 200734 ms
174. Source 2 -> target 28: not_compared; dimension_orientation; elapsed 20075\
0 ms
175. Source 2 -> target 29: started; pair 28/39; elapsed 200750 ms
176. Source 2 -> target 29: not_compared; dimension_orientation; elapsed 20075\
0 ms
177. Source 2 -> target 30: started; pair 29/39; elapsed 200750 ms
178. Source 2 -> target 30: not_compared; dimension_orientation; elapsed 20075\
0 ms
179. Source 2 -> target 31: started; pair 30/39; elapsed 200750 ms
180. Source 2 -> target 31: not_compared; dimension_orientation; elapsed 20075\
0 ms
181. Source 2 -> target 32: started; pair 31/39; elapsed 200750 ms
182. Source 2 -> target 32: not_compared; dimension_orientation; elapsed 20075\
0 ms
183. Source 2 -> target 33: started; pair 32/39; elapsed 200750 ms
184. Source 2 -> target 33: not_compared; dimension_orientation; elapsed 20075\
0 ms
185. Source 2 -> target 34: started; pair 33/39; elapsed 200750 ms
186. Source 2 -> target 34: not_compared; dimension_orientation; elapsed 20075\
0 ms
187. Source 2 -> target 35: started; pair 34/39; elapsed 200750 ms
188. Source 2 -> target 35: not_compared; dimension_orientation; elapsed 20075\
0 ms
189. Source 2 -> target 36: started; pair 35/39; elapsed 200750 ms
190. Source 2 -> target 36: not_compared; dimension_orientation; elapsed 20076\
5 ms
191. Source 2 -> target 37: started; pair 36/39; elapsed 200765 ms
192. Source 2 -> target 37: not_compared; dimension_orientation; elapsed 20076\
5 ms
193. Source 2 -> target 38: started; pair 37/39; elapsed 200765 ms
194. Source 2 -> target 38: not_compared; dimension_orientation; elapsed 20076\
5 ms
195. Source 2 -> target 39: started; pair 38/39; elapsed 200765 ms
196. Source 2 -> target 39: not_compared; dimension_orientation; elapsed 20078\
1 ms
197. Source 2 -> target 40: started; pair 39/39; elapsed 200781 ms
198. Source 2 -> target 40: not_compared; dimension_orientation; elapsed 20078\
1 ms
199. Source 2: completed; positives 0; unresolved 0; elapsed 200781 ms
200. Source 3 -> target 1: started; pair 1/39; elapsed 200781 ms
201. Source 3 -> target 1: not_compared; dimension_orientation; elapsed 200781\
 ms
202. Source 3 -> target 2: started; pair 2/39; elapsed 200781 ms
203. Source 3 -> target 2: not_compared; dimension_orientation; elapsed 200781\
 ms
204. Source 3 -> target 4: started; pair 3/39; elapsed 200781 ms
205. Source 3 -> target 4: not_compared; dimension_orientation; elapsed 200781\
 ms
206. Source 3 -> target 5: started; pair 4/39; elapsed 200781 ms
207. Source 3 -> target 5: not_compared; dimension_orientation; elapsed 200781\
 ms
208. Source 3 -> target 6: started; pair 5/39; elapsed 200781 ms
209. Source 3 -> target 6: not_compared; dimension_orientation; elapsed 200781\
 ms
210. Source 3 -> target 7: started; pair 6/39; elapsed 200781 ms
211. Source 3 -> target 7: not_compared; dimension_orientation; elapsed 200781\
 ms
212. Source 3 -> target 8: started; pair 7/39; elapsed 200781 ms
213. Source 3 -> target 8: not_compared; dimension_orientation; elapsed 200781\
 ms
214. Source 3 -> target 9: started; pair 8/39; elapsed 200781 ms
215. Source 3 -> target 9: not_compared; dimension_orientation; elapsed 200781\
 ms
216. Source 3 -> target 10: started; pair 9/39; elapsed 200781 ms
217. Source 3 -> target 10: not_compared; dimension_orientation; elapsed 20078\
1 ms
218. Source 3 -> target 11: started; pair 10/39; elapsed 200781 ms
219. Source 3 -> target 11: not_compared; dimension_orientation; elapsed 20078\
1 ms
220. Source 3 -> target 12: started; pair 11/39; elapsed 200781 ms
221. Source 3 -> target 12: not_compared; dimension_orientation; elapsed 20078\
1 ms
222. Source 3 -> target 13: started; pair 12/39; elapsed 200781 ms
223. Source 3 -> target 13: not_compared; dimension_orientation; elapsed 20078\
1 ms
224. Source 3 -> target 14: started; pair 13/39; elapsed 200781 ms
225. Source 3 -> target 14: not_compared; dimension_orientation; elapsed 20078\
1 ms
226. Source 3 -> target 15: started; pair 14/39; elapsed 200781 ms
227. Source 3 -> target 15: not_compared; dimension_orientation; elapsed 20079\
7 ms
228. Source 3 -> target 16: started; pair 15/39; elapsed 200797 ms
229. Source 3 -> target 16: not_compared; dimension_orientation; elapsed 20079\
7 ms
230. Source 3 -> target 17: started; pair 16/39; elapsed 200797 ms
231. Source 3 -> target 17: not_compared; dimension_orientation; elapsed 20079\
7 ms
232. Source 3 -> target 18: started; pair 17/39; elapsed 200797 ms
233. Source 3 -> target 18: not_compared; dimension_orientation; elapsed 20079\
7 ms
234. Source 3 -> target 19: started; pair 18/39; elapsed 200797 ms
235. Source 3 -> target 19: not_compared; dimension_orientation; elapsed 20079\
7 ms
236. Source 3 -> target 20: started; pair 19/39; elapsed 200797 ms
237. Source 3 -> target 20: not_compared; dimension_orientation; elapsed 20079\
7 ms
238. Source 3 -> target 21: started; pair 20/39; elapsed 200797 ms
239. Source 3 -> target 21: not_compared; dimension_orientation; elapsed 20079\
7 ms
240. Source 3 -> target 22: started; pair 21/39; elapsed 200797 ms
241. Source 3 -> target 22: not_compared; dimension_orientation; elapsed 20079\
7 ms
242. Source 3 -> target 23: started; pair 22/39; elapsed 200797 ms
243. Source 3 -> target 23: not_compared; dimension_orientation; elapsed 20079\
7 ms
244. Source 3 -> target 24: started; pair 23/39; elapsed 200797 ms
245. Source 3 -> target 24: not_compared; dimension_orientation; elapsed 20079\
7 ms
246. Source 3 -> target 25: started; pair 24/39; elapsed 200797 ms
247. Source 3 -> target 25: not_compared; dimension_orientation; elapsed 20079\
7 ms
248. Source 3 -> target 26: started; pair 25/39; elapsed 200797 ms
249. Source 3 -> target 26: not_compared; dimension_orientation; elapsed 20079\
7 ms
250. Source 3 -> target 27: started; pair 26/39; elapsed 200797 ms
251. Source 3 -> target 27: not_compared; dimension_orientation; elapsed 20079\
7 ms
252. Source 3 -> target 28: started; pair 27/39; elapsed 200797 ms
253. Source 3 -> target 28: not_compared; dimension_orientation; elapsed 20079\
7 ms
254. Source 3 -> target 29: started; pair 28/39; elapsed 200797 ms
255. Source 3 -> target 29: not_compared; dimension_orientation; elapsed 20079\
7 ms
256. Source 3 -> target 30: started; pair 29/39; elapsed 200797 ms
257. Source 3 -> target 30: not_compared; dimension_orientation; elapsed 20079\
7 ms
258. Source 3 -> target 31: started; pair 30/39; elapsed 200797 ms
259. Source 3 -> target 31: not_compared; dimension_orientation; elapsed 20081\
2 ms
260. Source 3 -> target 32: started; pair 31/39; elapsed 200812 ms
261. Source 3 -> target 32: not_compared; dimension_orientation; elapsed 20081\
2 ms
262. Source 3 -> target 33: started; pair 32/39; elapsed 200812 ms
263. Source 3 -> target 33: not_compared; dimension_orientation; elapsed 20081\
2 ms
264. Source 3 -> target 34: started; pair 33/39; elapsed 200812 ms
265. Source 3 -> target 34: not_compared; dimension_orientation; elapsed 20081\
2 ms
266. Source 3 -> target 35: started; pair 34/39; elapsed 200812 ms
267. Source 3 -> target 35: not_compared; dimension_orientation; elapsed 20081\
2 ms
268. Source 3 -> target 36: started; pair 35/39; elapsed 200812 ms
269. Source 3 -> target 36: not_compared; dimension_orientation; elapsed 20082\
8 ms
270. Source 3 -> target 37: started; pair 36/39; elapsed 200828 ms
271. Source 3 -> target 37: not_compared; dimension_orientation; elapsed 20082\
8 ms
272. Source 3 -> target 38: started; pair 37/39; elapsed 200828 ms
273. Source 3 -> target 38: not_compared; dimension_orientation; elapsed 20082\
8 ms
274. Source 3 -> target 39: started; pair 38/39; elapsed 200828 ms
275. Source 3 -> target 39: not_compared; dimension_orientation; elapsed 20084\
3 ms
276. Source 3 -> target 40: started; pair 39/39; elapsed 200843 ms
277. Source 3 -> target 40: not_compared; dimension_orientation; elapsed 20084\
3 ms
278. Source 3: completed; positives 0; unresolved 0; elapsed 200843 ms
279. Source 4 -> target 1: started; pair 1/39; elapsed 200843 ms
280. Source 4 -> target 1: embedded; literal_matrix_subgroup; elapsed 200843 m\
s
281. Source 4 -> target 2: started; pair 2/39; elapsed 200843 ms
282. Source 4 -> target 2: no_embedding; order_divisibility; elapsed 200843 ms
283. Source 4 -> target 3: started; pair 3/39; elapsed 200843 ms
284. Source 4 -> target 3: no_embedding; order_divisibility; elapsed 200843 ms
285. Source 4 -> target 5: started; pair 4/39; elapsed 200843 ms
286. Source 4 -> target 5: embedded; literal_matrix_subgroup; elapsed 200859 m\
s
287. Source 4 -> target 6: started; pair 5/39; elapsed 200859 ms
288. Source 4 -> target 6: not_compared; dimension_orientation; elapsed 200859\
 ms
289. Source 4 -> target 7: started; pair 6/39; elapsed 200859 ms
290. Source 4 -> target 7: not_compared; dimension_orientation; elapsed 200875\
 ms
291. Source 4 -> target 8: started; pair 7/39; elapsed 200875 ms
292. Source 4 -> target 8: not_compared; dimension_orientation; elapsed 200875\
 ms
293. Source 4 -> target 9: started; pair 8/39; elapsed 200875 ms
294. Source 4 -> target 9: not_compared; dimension_orientation; elapsed 200875\
 ms
295. Source 4 -> target 10: started; pair 9/39; elapsed 200875 ms
296. Source 4 -> target 10: not_compared; dimension_orientation; elapsed 20087\
5 ms
297. Source 4 -> target 11: started; pair 10/39; elapsed 200875 ms
298. Source 4 -> target 11: not_compared; dimension_orientation; elapsed 20087\
5 ms
299. Source 4 -> target 12: started; pair 11/39; elapsed 200875 ms
300. Source 4 -> target 12: not_compared; dimension_orientation; elapsed 20089\
0 ms
301. Source 4 -> target 13: started; pair 12/39; elapsed 200890 ms
302. Source 4 -> target 13: not_compared; dimension_orientation; elapsed 20089\
0 ms
303. Source 4 -> target 14: started; pair 13/39; elapsed 200890 ms
304. Source 4 -> target 14: not_compared; dimension_orientation; elapsed 20089\
0 ms
305. Source 4 -> target 15: started; pair 14/39; elapsed 200890 ms
306. Source 4 -> target 15: not_compared; dimension_orientation; elapsed 20089\
0 ms
307. Source 4 -> target 16: started; pair 15/39; elapsed 200890 ms
308. Source 4 -> target 16: not_compared; dimension_orientation; elapsed 20089\
0 ms
309. Source 4 -> target 17: started; pair 16/39; elapsed 200890 ms
310. Source 4 -> target 17: not_compared; dimension_orientation; elapsed 20089\
0 ms
311. Source 4 -> target 18: started; pair 17/39; elapsed 200890 ms
312. Source 4 -> target 18: not_compared; dimension_orientation; elapsed 20089\
0 ms
313. Source 4 -> target 19: started; pair 18/39; elapsed 200890 ms
314. Source 4 -> target 19: not_compared; dimension_orientation; elapsed 20089\
0 ms
315. Source 4 -> target 20: started; pair 19/39; elapsed 200890 ms
316. Source 4 -> target 20: not_compared; dimension_orientation; elapsed 20089\
0 ms
317. Source 4 -> target 21: started; pair 20/39; elapsed 200890 ms
318. Source 4 -> target 21: not_compared; dimension_orientation; elapsed 20089\
0 ms
319. Source 4 -> target 22: started; pair 21/39; elapsed 200890 ms
320. Source 4 -> target 22: not_compared; dimension_orientation; elapsed 20089\
0 ms
321. Source 4 -> target 23: started; pair 22/39; elapsed 200890 ms
322. Source 4 -> target 23: not_compared; dimension_orientation; elapsed 20089\
0 ms
323. Source 4 -> target 24: started; pair 23/39; elapsed 200890 ms
324. Source 4 -> target 24: no_embedding; order_divisibility; elapsed 200890 m\
s
325. Source 4 -> target 25: started; pair 24/39; elapsed 200890 ms
326. Source 4 -> target 25: not_compared; dimension_orientation; elapsed 20089\
0 ms
327. Source 4 -> target 26: started; pair 25/39; elapsed 200890 ms
328. Source 4 -> target 26: not_compared; dimension_orientation; elapsed 20089\
0 ms
329. Source 4 -> target 27: started; pair 26/39; elapsed 200890 ms
330. Source 4 -> target 27: not_compared; dimension_orientation; elapsed 20089\
0 ms
331. Source 4 -> target 28: started; pair 27/39; elapsed 200890 ms
332. Source 4 -> target 28: not_compared; dimension_orientation; elapsed 20089\
0 ms
333. Source 4 -> target 29: started; pair 28/39; elapsed 200890 ms
334. Source 4 -> target 29: not_compared; dimension_orientation; elapsed 20090\
6 ms
335. Source 4 -> target 30: started; pair 29/39; elapsed 200906 ms
336. Source 4 -> target 30: not_compared; dimension_orientation; elapsed 20090\
6 ms
337. Source 4 -> target 31: started; pair 30/39; elapsed 200906 ms
338. Source 4 -> target 31: not_compared; dimension_orientation; elapsed 20090\
6 ms
339. Source 4 -> target 32: started; pair 31/39; elapsed 200906 ms
340. Source 4 -> target 32: not_compared; dimension_orientation; elapsed 20090\
6 ms
341. Source 4 -> target 33: started; pair 32/39; elapsed 200906 ms
342. Source 4 -> target 33: not_compared; dimension_orientation; elapsed 20090\
6 ms
343. Source 4 -> target 34: started; pair 33/39; elapsed 200906 ms
344. Source 4 -> target 34: not_compared; dimension_orientation; elapsed 20092\
2 ms
345. Source 4 -> target 35: started; pair 34/39; elapsed 200922 ms
346. Source 4 -> target 35: not_compared; dimension_orientation; elapsed 20092\
2 ms
347. Source 4 -> target 36: started; pair 35/39; elapsed 200922 ms
348. Source 4 -> target 36: not_compared; dimension_orientation; elapsed 20092\
2 ms
349. Source 4 -> target 37: started; pair 36/39; elapsed 200922 ms
350. Source 4 -> target 37: not_compared; dimension_orientation; elapsed 20093\
7 ms
351. Source 4 -> target 38: started; pair 37/39; elapsed 200937 ms
352. Source 4 -> target 38: not_compared; dimension_orientation; elapsed 20093\
7 ms
353. Source 4 -> target 39: started; pair 38/39; elapsed 200937 ms
354. Source 4 -> target 39: not_compared; dimension_orientation; elapsed 20095\
3 ms
355. Source 4 -> target 40: started; pair 39/39; elapsed 200953 ms
356. Source 4 -> target 40: no_embedding; order_divisibility; elapsed 200953 m\
s
357. Source 4: completed; positives 2; unresolved 0; elapsed 200953 ms
358. Source 5 -> target 1: started; pair 1/39; elapsed 200953 ms
359. Source 5 -> target 1: not_compared; dimension_orientation; elapsed 200953\
 ms
360. Source 5 -> target 2: started; pair 2/39; elapsed 200953 ms
361. Source 5 -> target 2: not_compared; dimension_orientation; elapsed 200953\
 ms
362. Source 5 -> target 3: started; pair 3/39; elapsed 200953 ms
363. Source 5 -> target 3: not_compared; dimension_orientation; elapsed 200953\
 ms
364. Source 5 -> target 4: started; pair 4/39; elapsed 200953 ms
365. Source 5 -> target 4: not_compared; dimension_orientation; elapsed 200953\
 ms
366. Source 5 -> target 6: started; pair 5/39; elapsed 200953 ms
367. Source 5 -> target 6: not_compared; dimension_orientation; elapsed 200953\
 ms
368. Source 5 -> target 7: started; pair 6/39; elapsed 200953 ms
369. Source 5 -> target 7: not_compared; dimension_orientation; elapsed 200953\
 ms
370. Source 5 -> target 8: started; pair 7/39; elapsed 200953 ms
371. Source 5 -> target 8: not_compared; dimension_orientation; elapsed 200968\
 ms
372. Source 5 -> target 9: started; pair 8/39; elapsed 200968 ms
373. Source 5 -> target 9: not_compared; dimension_orientation; elapsed 200968\
 ms
374. Source 5 -> target 10: started; pair 9/39; elapsed 200968 ms
375. Source 5 -> target 10: not_compared; dimension_orientation; elapsed 20096\
8 ms
376. Source 5 -> target 11: started; pair 10/39; elapsed 200968 ms
377. Source 5 -> target 11: not_compared; dimension_orientation; elapsed 20096\
8 ms
378. Source 5 -> target 12: started; pair 11/39; elapsed 200968 ms
379. Source 5 -> target 12: not_compared; dimension_orientation; elapsed 20096\
8 ms
380. Source 5 -> target 13: started; pair 12/39; elapsed 200968 ms
381. Source 5 -> target 13: not_compared; dimension_orientation; elapsed 20098\
4 ms
382. Source 5 -> target 14: started; pair 13/39; elapsed 200984 ms
383. Source 5 -> target 14: not_compared; dimension_orientation; elapsed 20098\
4 ms
384. Source 5 -> target 15: started; pair 14/39; elapsed 200984 ms
385. Source 5 -> target 15: not_compared; dimension_orientation; elapsed 20098\
4 ms
386. Source 5 -> target 16: started; pair 15/39; elapsed 200984 ms
387. Source 5 -> target 16: not_compared; dimension_orientation; elapsed 20100\
0 ms
388. Source 5 -> target 17: started; pair 16/39; elapsed 201000 ms
389. Source 5 -> target 17: not_compared; dimension_orientation; elapsed 20100\
0 ms
390. Source 5 -> target 18: started; pair 17/39; elapsed 201000 ms
391. Source 5 -> target 18: not_compared; dimension_orientation; elapsed 20100\
0 ms
392. Source 5 -> target 19: started; pair 18/39; elapsed 201000 ms
393. Source 5 -> target 19: not_compared; dimension_orientation; elapsed 20100\
0 ms
394. Source 5 -> target 20: started; pair 19/39; elapsed 201000 ms
395. Source 5 -> target 20: not_compared; dimension_orientation; elapsed 20100\
0 ms
396. Source 5 -> target 21: started; pair 20/39; elapsed 201000 ms
397. Source 5 -> target 21: not_compared; dimension_orientation; elapsed 20100\
0 ms
398. Source 5 -> target 22: started; pair 21/39; elapsed 201000 ms
399. Source 5 -> target 22: not_compared; dimension_orientation; elapsed 20100\
0 ms
400. Source 5 -> target 23: started; pair 22/39; elapsed 201000 ms
401. Source 5 -> target 23: not_compared; dimension_orientation; elapsed 20101\
5 ms
402. Source 5 -> target 24: started; pair 23/39; elapsed 201015 ms
403. Source 5 -> target 24: not_compared; dimension_orientation; elapsed 20101\
5 ms
404. Source 5 -> target 25: started; pair 24/39; elapsed 201015 ms
405. Source 5 -> target 25: not_compared; dimension_orientation; elapsed 20101\
5 ms
406. Source 5 -> target 26: started; pair 25/39; elapsed 201015 ms
407. Source 5 -> target 26: not_compared; dimension_orientation; elapsed 20101\
5 ms
408. Source 5 -> target 27: started; pair 26/39; elapsed 201015 ms
409. Source 5 -> target 27: not_compared; dimension_orientation; elapsed 20101\
5 ms
410. Source 5 -> target 28: started; pair 27/39; elapsed 201015 ms
411. Source 5 -> target 28: not_compared; dimension_orientation; elapsed 20101\
5 ms
412. Source 5 -> target 29: started; pair 28/39; elapsed 201015 ms
413. Source 5 -> target 29: not_compared; dimension_orientation; elapsed 20101\
5 ms
414. Source 5 -> target 30: started; pair 29/39; elapsed 201015 ms
415. Source 5 -> target 30: not_compared; dimension_orientation; elapsed 20101\
5 ms
416. Source 5 -> target 31: started; pair 30/39; elapsed 201015 ms
417. Source 5 -> target 31: not_compared; dimension_orientation; elapsed 20101\
5 ms
418. Source 5 -> target 32: started; pair 31/39; elapsed 201015 ms
419. Source 5 -> target 32: not_compared; dimension_orientation; elapsed 20101\
5 ms
420. Source 5 -> target 33: started; pair 32/39; elapsed 201015 ms
421. Source 5 -> target 33: not_compared; dimension_orientation; elapsed 20101\
5 ms
422. Source 5 -> target 34: started; pair 33/39; elapsed 201015 ms
423. Source 5 -> target 34: not_compared; dimension_orientation; elapsed 20101\
5 ms
424. Source 5 -> target 35: started; pair 34/39; elapsed 201015 ms
425. Source 5 -> target 35: not_compared; dimension_orientation; elapsed 20101\
5 ms
426. Source 5 -> target 36: started; pair 35/39; elapsed 201015 ms
427. Source 5 -> target 36: not_compared; dimension_orientation; elapsed 20101\
5 ms
428. Source 5 -> target 37: started; pair 36/39; elapsed 201015 ms
429. Source 5 -> target 37: not_compared; dimension_orientation; elapsed 20101\
5 ms
430. Source 5 -> target 38: started; pair 37/39; elapsed 201015 ms
431. Source 5 -> target 38: not_compared; dimension_orientation; elapsed 20101\
5 ms
432. Source 5 -> target 39: started; pair 38/39; elapsed 201015 ms
433. Source 5 -> target 39: not_compared; dimension_orientation; elapsed 20103\
1 ms
434. Source 5 -> target 40: started; pair 39/39; elapsed 201031 ms
435. Source 5 -> target 40: not_compared; dimension_orientation; elapsed 20103\
1 ms
436. Source 5: completed; positives 0; unresolved 0; elapsed 201031 ms
437. Source 6 -> target 1: started; pair 1/39; elapsed 201031 ms
438. Source 6 -> target 1: embedded; literal_matrix_subgroup; elapsed 201031 m\
s
439. Source 6 -> target 2: started; pair 2/39; elapsed 201031 ms
440. Source 6 -> target 2: no_embedding; order_divisibility; elapsed 201031 ms
441. Source 6 -> target 3: started; pair 3/39; elapsed 201031 ms
442. Source 6 -> target 3: embedded; found; elapsed 201781 ms
443. Source 6 -> target 4: started; pair 4/39; elapsed 201781 ms
444. Source 6 -> target 4: not_compared; dimension_orientation; elapsed 201797\
 ms
445. Source 6 -> target 5: started; pair 5/39; elapsed 201797 ms
446. Source 6 -> target 5: no_embedding; derived_series; elapsed 201797 ms
447. Source 6 -> target 7: started; pair 6/39; elapsed 201797 ms
448. Source 6 -> target 7: not_compared; dimension_orientation; elapsed 201797\
 ms
449. Source 6 -> target 8: started; pair 7/39; elapsed 201797 ms
450. Source 6 -> target 8: not_compared; dimension_orientation; elapsed 201797\
 ms
451. Source 6 -> target 9: started; pair 8/39; elapsed 201797 ms
452. Source 6 -> target 9: not_compared; dimension_orientation; elapsed 201797\
 ms
453. Source 6 -> target 10: started; pair 9/39; elapsed 201797 ms
454. Source 6 -> target 10: not_compared; dimension_orientation; elapsed 20179\
7 ms
455. Source 6 -> target 11: started; pair 10/39; elapsed 201797 ms
456. Source 6 -> target 11: not_compared; dimension_orientation; elapsed 20179\
7 ms
457. Source 6 -> target 12: started; pair 11/39; elapsed 201797 ms
458. Source 6 -> target 12: not_compared; dimension_orientation; elapsed 20179\
7 ms
459. Source 6 -> target 13: started; pair 12/39; elapsed 201797 ms
460. Source 6 -> target 13: not_compared; dimension_orientation; elapsed 20181\
2 ms
461. Source 6 -> target 14: started; pair 13/39; elapsed 201812 ms
462. Source 6 -> target 14: not_compared; dimension_orientation; elapsed 20181\
2 ms
463. Source 6 -> target 15: started; pair 14/39; elapsed 201812 ms
464. Source 6 -> target 15: not_compared; dimension_orientation; elapsed 20181\
2 ms
465. Source 6 -> target 16: started; pair 15/39; elapsed 201812 ms
466. Source 6 -> target 16: not_compared; dimension_orientation; elapsed 20181\
2 ms
467. Source 6 -> target 17: started; pair 16/39; elapsed 201812 ms
468. Source 6 -> target 17: not_compared; dimension_orientation; elapsed 20182\
8 ms
469. Source 6 -> target 18: started; pair 17/39; elapsed 201828 ms
470. Source 6 -> target 18: not_compared; dimension_orientation; elapsed 20182\
8 ms
471. Source 6 -> target 19: started; pair 18/39; elapsed 201828 ms
472. Source 6 -> target 19: not_compared; dimension_orientation; elapsed 20182\
8 ms
473. Source 6 -> target 20: started; pair 19/39; elapsed 201828 ms
474. Source 6 -> target 20: not_compared; dimension_orientation; elapsed 20182\
8 ms
475. Source 6 -> target 21: started; pair 20/39; elapsed 201828 ms
476. Source 6 -> target 21: not_compared; dimension_orientation; elapsed 20182\
8 ms
477. Source 6 -> target 22: started; pair 21/39; elapsed 201828 ms
478. Source 6 -> target 22: not_compared; dimension_orientation; elapsed 20182\
8 ms
479. Source 6 -> target 23: started; pair 22/39; elapsed 201828 ms
480. Source 6 -> target 23: not_compared; dimension_orientation; elapsed 20182\
8 ms
481. Source 6 -> target 24: started; pair 23/39; elapsed 201828 ms
482. Source 6 -> target 24: no_embedding; order_divisibility; elapsed 201828 m\
s
483. Source 6 -> target 25: started; pair 24/39; elapsed 201828 ms
484. Source 6 -> target 25: not_compared; dimension_orientation; elapsed 20182\
8 ms
485. Source 6 -> target 26: started; pair 25/39; elapsed 201828 ms
486. Source 6 -> target 26: not_compared; dimension_orientation; elapsed 20182\
8 ms
487. Source 6 -> target 27: started; pair 26/39; elapsed 201828 ms
488. Source 6 -> target 27: not_compared; dimension_orientation; elapsed 20184\
3 ms
489. Source 6 -> target 28: started; pair 27/39; elapsed 201843 ms
490. Source 6 -> target 28: not_compared; dimension_orientation; elapsed 20184\
3 ms
491. Source 6 -> target 29: started; pair 28/39; elapsed 201843 ms
492. Source 6 -> target 29: not_compared; dimension_orientation; elapsed 20184\
3 ms
493. Source 6 -> target 30: started; pair 29/39; elapsed 201843 ms
494. Source 6 -> target 30: not_compared; dimension_orientation; elapsed 20184\
3 ms
495. Source 6 -> target 31: started; pair 30/39; elapsed 201843 ms
496. Source 6 -> target 31: not_compared; dimension_orientation; elapsed 20184\
3 ms
497. Source 6 -> target 32: started; pair 31/39; elapsed 201843 ms
498. Source 6 -> target 32: not_compared; dimension_orientation; elapsed 20184\
3 ms
499. Source 6 -> target 33: started; pair 32/39; elapsed 201843 ms
500. Source 6 -> target 33: not_compared; dimension_orientation; elapsed 20185\
9 ms
501. Source 6 -> target 34: started; pair 33/39; elapsed 201859 ms
502. Source 6 -> target 34: not_compared; dimension_orientation; elapsed 20185\
9 ms
503. Source 6 -> target 35: started; pair 34/39; elapsed 201859 ms
504. Source 6 -> target 35: not_compared; dimension_orientation; elapsed 20187\
5 ms
505. Source 6 -> target 36: started; pair 35/39; elapsed 201875 ms
506. Source 6 -> target 36: not_compared; dimension_orientation; elapsed 20187\
5 ms
507. Source 6 -> target 37: started; pair 36/39; elapsed 201875 ms
508. Source 6 -> target 37: not_compared; dimension_orientation; elapsed 20187\
5 ms
509. Source 6 -> target 38: started; pair 37/39; elapsed 201875 ms
510. Source 6 -> target 38: not_compared; dimension_orientation; elapsed 20187\
5 ms
511. Source 6 -> target 39: started; pair 38/39; elapsed 201875 ms
512. Source 6 -> target 39: not_compared; dimension_orientation; elapsed 20187\
5 ms
513. Source 6 -> target 40: started; pair 39/39; elapsed 201875 ms
514. Source 6 -> target 40: no_embedding; order_divisibility; elapsed 201875 m\
s
515. Source 6: completed; positives 2; unresolved 0; elapsed 201875 ms
516. Source 7 -> target 1: started; pair 1/39; elapsed 201875 ms
517. Source 7 -> target 1: embedded; literal_matrix_subgroup; elapsed 201875 m\
s
518. Source 7 -> target 2: started; pair 2/39; elapsed 201875 ms
519. Source 7 -> target 2: embedded; found; elapsed 211875 ms
520. Source 7 -> target 3: started; pair 3/39; elapsed 211875 ms
521. Source 7 -> target 3: no_embedding; exhausted_no_verified_candidate; elap\
sed 213047 ms
522. Source 7 -> target 4: started; pair 4/39; elapsed 213047 ms
523. Source 7 -> target 4: not_compared; dimension_orientation; elapsed 213062\
 ms
524. Source 7 -> target 5: started; pair 5/39; elapsed 213062 ms
525. Source 7 -> target 5: no_embedding; order_divisibility; elapsed 213062 ms
526. Source 7 -> target 6: started; pair 6/39; elapsed 213062 ms
527. Source 7 -> target 6: not_compared; dimension_orientation; elapsed 213062\
 ms
528. Source 7 -> target 8: started; pair 7/39; elapsed 213062 ms
529. Source 7 -> target 8: not_compared; dimension_orientation; elapsed 213062\
 ms
530. Source 7 -> target 9: started; pair 8/39; elapsed 213062 ms
531. Source 7 -> target 9: not_compared; dimension_orientation; elapsed 213078\
 ms
532. Source 7 -> target 10: started; pair 9/39; elapsed 213078 ms
533. Source 7 -> target 10: not_compared; dimension_orientation; elapsed 21307\
8 ms
534. Source 7 -> target 11: started; pair 10/39; elapsed 213078 ms
535. Source 7 -> target 11: not_compared; dimension_orientation; elapsed 21307\
8 ms
536. Source 7 -> target 12: started; pair 11/39; elapsed 213078 ms
537. Source 7 -> target 12: not_compared; dimension_orientation; elapsed 21307\
8 ms
538. Source 7 -> target 13: started; pair 12/39; elapsed 213078 ms
539. Source 7 -> target 13: not_compared; dimension_orientation; elapsed 21309\
3 ms
540. Source 7 -> target 14: started; pair 13/39; elapsed 213093 ms
541. Source 7 -> target 14: not_compared; dimension_orientation; elapsed 21309\
3 ms
542. Source 7 -> target 15: started; pair 14/39; elapsed 213093 ms
543. Source 7 -> target 15: not_compared; dimension_orientation; elapsed 21309\
3 ms
544. Source 7 -> target 16: started; pair 15/39; elapsed 213093 ms
545. Source 7 -> target 16: not_compared; dimension_orientation; elapsed 21309\
3 ms
546. Source 7 -> target 17: started; pair 16/39; elapsed 213093 ms
547. Source 7 -> target 17: not_compared; dimension_orientation; elapsed 21309\
3 ms
548. Source 7 -> target 18: started; pair 17/39; elapsed 213093 ms
549. Source 7 -> target 18: not_compared; dimension_orientation; elapsed 21309\
3 ms
550. Source 7 -> target 19: started; pair 18/39; elapsed 213093 ms
551. Source 7 -> target 19: not_compared; dimension_orientation; elapsed 21309\
3 ms
552. Source 7 -> target 20: started; pair 19/39; elapsed 213093 ms
553. Source 7 -> target 20: not_compared; dimension_orientation; elapsed 21309\
3 ms
554. Source 7 -> target 21: started; pair 20/39; elapsed 213093 ms
555. Source 7 -> target 21: not_compared; dimension_orientation; elapsed 21309\
3 ms
556. Source 7 -> target 22: started; pair 21/39; elapsed 213093 ms
557. Source 7 -> target 22: not_compared; dimension_orientation; elapsed 21309\
3 ms
558. Source 7 -> target 23: started; pair 22/39; elapsed 213093 ms
559. Source 7 -> target 23: not_compared; dimension_orientation; elapsed 21310\
9 ms
560. Source 7 -> target 24: started; pair 23/39; elapsed 213109 ms
561. Source 7 -> target 24: no_embedding; order_divisibility; elapsed 213109 m\
s
562. Source 7 -> target 25: started; pair 24/39; elapsed 213109 ms
563. Source 7 -> target 25: not_compared; dimension_orientation; elapsed 21310\
9 ms
564. Source 7 -> target 26: started; pair 25/39; elapsed 213109 ms
565. Source 7 -> target 26: not_compared; dimension_orientation; elapsed 21312\
5 ms
566. Source 7 -> target 27: started; pair 26/39; elapsed 213125 ms
567. Source 7 -> target 27: not_compared; dimension_orientation; elapsed 21312\
5 ms
568. Source 7 -> target 28: started; pair 27/39; elapsed 213125 ms
569. Source 7 -> target 28: not_compared; dimension_orientation; elapsed 21312\
5 ms
570. Source 7 -> target 29: started; pair 28/39; elapsed 213125 ms
571. Source 7 -> target 29: not_compared; dimension_orientation; elapsed 21312\
5 ms
572. Source 7 -> target 30: started; pair 29/39; elapsed 213125 ms
573. Source 7 -> target 30: not_compared; dimension_orientation; elapsed 21312\
5 ms
574. Source 7 -> target 31: started; pair 30/39; elapsed 213125 ms
575. Source 7 -> target 31: not_compared; dimension_orientation; elapsed 21312\
5 ms
576. Source 7 -> target 32: started; pair 31/39; elapsed 213125 ms
577. Source 7 -> target 32: not_compared; dimension_orientation; elapsed 21312\
5 ms
578. Source 7 -> target 33: started; pair 32/39; elapsed 213125 ms
579. Source 7 -> target 33: not_compared; dimension_orientation; elapsed 21312\
5 ms
580. Source 7 -> target 34: started; pair 33/39; elapsed 213125 ms
581. Source 7 -> target 34: not_compared; dimension_orientation; elapsed 21312\
5 ms
582. Source 7 -> target 35: started; pair 34/39; elapsed 213125 ms
583. Source 7 -> target 35: not_compared; dimension_orientation; elapsed 21312\
5 ms
584. Source 7 -> target 36: started; pair 35/39; elapsed 213125 ms
585. Source 7 -> target 36: not_compared; dimension_orientation; elapsed 21312\
5 ms
586. Source 7 -> target 37: started; pair 36/39; elapsed 213125 ms
587. Source 7 -> target 37: not_compared; dimension_orientation; elapsed 21312\
5 ms
588. Source 7 -> target 38: started; pair 37/39; elapsed 213125 ms
589. Source 7 -> target 38: not_compared; dimension_orientation; elapsed 21312\
5 ms
590. Source 7 -> target 39: started; pair 38/39; elapsed 213125 ms
591. Source 7 -> target 39: not_compared; dimension_orientation; elapsed 21314\
0 ms
592. Source 7 -> target 40: started; pair 39/39; elapsed 213140 ms
593. Source 7 -> target 40: no_embedding; order_divisibility; elapsed 213140 m\
s
594. Source 7: completed; positives 2; unresolved 0; elapsed 213140 ms
595. Source 8 -> target 1: started; pair 1/39; elapsed 213140 ms
596. Source 8 -> target 1: embedded; literal_matrix_subgroup; elapsed 213140 m\
s
597. Source 8 -> target 2: started; pair 2/39; elapsed 213140 ms
598. Source 8 -> target 2: no_embedding; order_divisibility; elapsed 213140 ms
599. Source 8 -> target 3: started; pair 3/39; elapsed 213140 ms
600. Source 8 -> target 3: embedded; found; elapsed 214922 ms
601. Source 8 -> target 4: started; pair 4/39; elapsed 214922 ms
602. Source 8 -> target 4: not_compared; dimension_orientation; elapsed 214937\
 ms
603. Source 8 -> target 5: started; pair 5/39; elapsed 214937 ms
604. Source 8 -> target 5: no_embedding; order_divisibility; elapsed 214937 ms
605. Source 8 -> target 6: started; pair 6/39; elapsed 214937 ms
606. Source 8 -> target 6: not_compared; dimension_orientation; elapsed 214937\
 ms
607. Source 8 -> target 7: started; pair 7/39; elapsed 214937 ms
608. Source 8 -> target 7: not_compared; dimension_orientation; elapsed 214937\
 ms
609. Source 8 -> target 9: started; pair 8/39; elapsed 214937 ms
610. Source 8 -> target 9: not_compared; dimension_orientation; elapsed 214953\
 ms
611. Source 8 -> target 10: started; pair 9/39; elapsed 214953 ms
612. Source 8 -> target 10: not_compared; dimension_orientation; elapsed 21495\
3 ms
613. Source 8 -> target 11: started; pair 10/39; elapsed 214953 ms
614. Source 8 -> target 11: not_compared; dimension_orientation; elapsed 21495\
3 ms
615. Source 8 -> target 12: started; pair 11/39; elapsed 214953 ms
616. Source 8 -> target 12: not_compared; dimension_orientation; elapsed 21495\
3 ms
617. Source 8 -> target 13: started; pair 12/39; elapsed 214953 ms
618. Source 8 -> target 13: not_compared; dimension_orientation; elapsed 21496\
8 ms
619. Source 8 -> target 14: started; pair 13/39; elapsed 214968 ms
620. Source 8 -> target 14: not_compared; dimension_orientation; elapsed 21496\
8 ms
621. Source 8 -> target 15: started; pair 14/39; elapsed 214968 ms
622. Source 8 -> target 15: not_compared; dimension_orientation; elapsed 21496\
8 ms
623. Source 8 -> target 16: started; pair 15/39; elapsed 214968 ms
624. Source 8 -> target 16: not_compared; dimension_orientation; elapsed 21496\
8 ms
625. Source 8 -> target 17: started; pair 16/39; elapsed 214968 ms
626. Source 8 -> target 17: not_compared; dimension_orientation; elapsed 21498\
4 ms
627. Source 8 -> target 18: started; pair 17/39; elapsed 214984 ms
628. Source 8 -> target 18: not_compared; dimension_orientation; elapsed 21498\
4 ms
629. Source 8 -> target 19: started; pair 18/39; elapsed 214984 ms
630. Source 8 -> target 19: not_compared; dimension_orientation; elapsed 21498\
4 ms
631. Source 8 -> target 20: started; pair 19/39; elapsed 214984 ms
632. Source 8 -> target 20: not_compared; dimension_orientation; elapsed 21498\
4 ms
633. Source 8 -> target 21: started; pair 20/39; elapsed 214984 ms
634. Source 8 -> target 21: not_compared; dimension_orientation; elapsed 21498\
4 ms
635. Source 8 -> target 22: started; pair 21/39; elapsed 214984 ms
636. Source 8 -> target 22: not_compared; dimension_orientation; elapsed 21498\
4 ms
637. Source 8 -> target 23: started; pair 22/39; elapsed 214984 ms
638. Source 8 -> target 23: not_compared; dimension_orientation; elapsed 21500\
0 ms
639. Source 8 -> target 24: started; pair 23/39; elapsed 215000 ms
640. Source 8 -> target 24: no_embedding; order_divisibility; elapsed 215000 m\
s
641. Source 8 -> target 25: started; pair 24/39; elapsed 215000 ms
642. Source 8 -> target 25: not_compared; dimension_orientation; elapsed 21500\
0 ms
643. Source 8 -> target 26: started; pair 25/39; elapsed 215000 ms
644. Source 8 -> target 26: not_compared; dimension_orientation; elapsed 21501\
5 ms
645. Source 8 -> target 27: started; pair 26/39; elapsed 215015 ms
646. Source 8 -> target 27: not_compared; dimension_orientation; elapsed 21501\
5 ms
647. Source 8 -> target 28: started; pair 27/39; elapsed 215015 ms
648. Source 8 -> target 28: not_compared; dimension_orientation; elapsed 21503\
1 ms
649. Source 8 -> target 29: started; pair 28/39; elapsed 215031 ms
650. Source 8 -> target 29: not_compared; dimension_orientation; elapsed 21503\
1 ms
651. Source 8 -> target 30: started; pair 29/39; elapsed 215031 ms
652. Source 8 -> target 30: not_compared; dimension_orientation; elapsed 21503\
1 ms
653. Source 8 -> target 31: started; pair 30/39; elapsed 215031 ms
654. Source 8 -> target 31: not_compared; dimension_orientation; elapsed 21504\
7 ms
655. Source 8 -> target 32: started; pair 31/39; elapsed 215047 ms
656. Source 8 -> target 32: not_compared; dimension_orientation; elapsed 21504\
7 ms
657. Source 8 -> target 33: started; pair 32/39; elapsed 215047 ms
658. Source 8 -> target 33: not_compared; dimension_orientation; elapsed 21506\
2 ms
659. Source 8 -> target 34: started; pair 33/39; elapsed 215062 ms
660. Source 8 -> target 34: not_compared; dimension_orientation; elapsed 21506\
2 ms
661. Source 8 -> target 35: started; pair 34/39; elapsed 215062 ms
662. Source 8 -> target 35: not_compared; dimension_orientation; elapsed 21506\
2 ms
663. Source 8 -> target 36: started; pair 35/39; elapsed 215062 ms
664. Source 8 -> target 36: not_compared; dimension_orientation; elapsed 21507\
8 ms
665. Source 8 -> target 37: started; pair 36/39; elapsed 215078 ms
666. Source 8 -> target 37: not_compared; dimension_orientation; elapsed 21507\
8 ms
667. Source 8 -> target 38: started; pair 37/39; elapsed 215078 ms
668. Source 8 -> target 38: not_compared; dimension_orientation; elapsed 21509\
3 ms
669. Source 8 -> target 39: started; pair 38/39; elapsed 215093 ms
670. Source 8 -> target 39: not_compared; dimension_orientation; elapsed 21509\
3 ms
671. Source 8 -> target 40: started; pair 39/39; elapsed 215093 ms
672. Source 8 -> target 40: no_embedding; order_divisibility; elapsed 215109 m\
s
673. Source 8: completed; positives 2; unresolved 0; elapsed 215109 ms
674. Source 9 -> target 1: started; pair 1/39; elapsed 215109 ms
675. Source 9 -> target 1: embedded; literal_matrix_subgroup; elapsed 215109 m\
s
676. Source 9 -> target 2: started; pair 2/39; elapsed 215109 ms
677. Source 9 -> target 2: no_embedding; order_divisibility; elapsed 215109 ms
678. Source 9 -> target 3: started; pair 3/39; elapsed 215109 ms
679. Source 9 -> target 3: embedded; found; elapsed 215265 ms
680. Source 9 -> target 4: started; pair 4/39; elapsed 215265 ms
681. Source 9 -> target 4: not_compared; dimension_orientation; elapsed 215265\
 ms
682. Source 9 -> target 5: started; pair 5/39; elapsed 215265 ms
683. Source 9 -> target 5: no_embedding; exhausted_no_verified_candidate; elap\
sed 216203 ms
684. Source 9 -> target 6: started; pair 6/39; elapsed 216203 ms
685. Source 9 -> target 6: not_compared; dimension_orientation; elapsed 216218\
 ms
686. Source 9 -> target 7: started; pair 7/39; elapsed 216218 ms
687. Source 9 -> target 7: not_compared; dimension_orientation; elapsed 216218\
 ms
688. Source 9 -> target 8: started; pair 8/39; elapsed 216218 ms
689. Source 9 -> target 8: not_compared; dimension_orientation; elapsed 216218\
 ms
690. Source 9 -> target 10: started; pair 9/39; elapsed 216218 ms
691. Source 9 -> target 10: not_compared; dimension_orientation; elapsed 21621\
8 ms
692. Source 9 -> target 11: started; pair 10/39; elapsed 216218 ms
693. Source 9 -> target 11: not_compared; dimension_orientation; elapsed 21623\
4 ms
694. Source 9 -> target 12: started; pair 11/39; elapsed 216234 ms
695. Source 9 -> target 12: not_compared; dimension_orientation; elapsed 21623\
4 ms
696. Source 9 -> target 13: started; pair 12/39; elapsed 216234 ms
697. Source 9 -> target 13: not_compared; dimension_orientation; elapsed 21623\
4 ms
698. Source 9 -> target 14: started; pair 13/39; elapsed 216234 ms
699. Source 9 -> target 14: not_compared; dimension_orientation; elapsed 21625\
0 ms
700. Source 9 -> target 15: started; pair 14/39; elapsed 216250 ms
701. Source 9 -> target 15: not_compared; dimension_orientation; elapsed 21625\
0 ms
702. Source 9 -> target 16: started; pair 15/39; elapsed 216250 ms
703. Source 9 -> target 16: not_compared; dimension_orientation; elapsed 21625\
0 ms
704. Source 9 -> target 17: started; pair 16/39; elapsed 216250 ms
705. Source 9 -> target 17: not_compared; dimension_orientation; elapsed 21626\
5 ms
706. Source 9 -> target 18: started; pair 17/39; elapsed 216265 ms
707. Source 9 -> target 18: not_compared; dimension_orientation; elapsed 21626\
5 ms
708. Source 9 -> target 19: started; pair 18/39; elapsed 216265 ms
709. Source 9 -> target 19: not_compared; dimension_orientation; elapsed 21626\
5 ms
710. Source 9 -> target 20: started; pair 19/39; elapsed 216265 ms
711. Source 9 -> target 20: not_compared; dimension_orientation; elapsed 21626\
5 ms
712. Source 9 -> target 21: started; pair 20/39; elapsed 216265 ms
713. Source 9 -> target 21: not_compared; dimension_orientation; elapsed 21626\
5 ms
714. Source 9 -> target 22: started; pair 21/39; elapsed 216265 ms
715. Source 9 -> target 22: not_compared; dimension_orientation; elapsed 21626\
5 ms
716. Source 9 -> target 23: started; pair 22/39; elapsed 216265 ms
717. Source 9 -> target 23: not_compared; dimension_orientation; elapsed 21626\
5 ms
718. Source 9 -> target 24: started; pair 23/39; elapsed 216265 ms
719. Source 9 -> target 24: no_embedding; order_divisibility; elapsed 216265 m\
s
720. Source 9 -> target 25: started; pair 24/39; elapsed 216265 ms
721. Source 9 -> target 25: not_compared; dimension_orientation; elapsed 21626\
5 ms
722. Source 9 -> target 26: started; pair 25/39; elapsed 216265 ms
723. Source 9 -> target 26: not_compared; dimension_orientation; elapsed 21626\
5 ms
724. Source 9 -> target 27: started; pair 26/39; elapsed 216265 ms
725. Source 9 -> target 27: not_compared; dimension_orientation; elapsed 21626\
5 ms
726. Source 9 -> target 28: started; pair 27/39; elapsed 216265 ms
727. Source 9 -> target 28: not_compared; dimension_orientation; elapsed 21628\
1 ms
728. Source 9 -> target 29: started; pair 28/39; elapsed 216281 ms
729. Source 9 -> target 29: not_compared; dimension_orientation; elapsed 21628\
1 ms
730. Source 9 -> target 30: started; pair 29/39; elapsed 216281 ms
731. Source 9 -> target 30: not_compared; dimension_orientation; elapsed 21628\
1 ms
732. Source 9 -> target 31: started; pair 30/39; elapsed 216281 ms
733. Source 9 -> target 31: not_compared; dimension_orientation; elapsed 21629\
7 ms
734. Source 9 -> target 32: started; pair 31/39; elapsed 216297 ms
735. Source 9 -> target 32: not_compared; dimension_orientation; elapsed 21629\
7 ms
736. Source 9 -> target 33: started; pair 32/39; elapsed 216297 ms
737. Source 9 -> target 33: not_compared; dimension_orientation; elapsed 21631\
2 ms
738. Source 9 -> target 34: started; pair 33/39; elapsed 216312 ms
739. Source 9 -> target 34: not_compared; dimension_orientation; elapsed 21631\
2 ms
740. Source 9 -> target 35: started; pair 34/39; elapsed 216312 ms
741. Source 9 -> target 35: not_compared; dimension_orientation; elapsed 21631\
2 ms
742. Source 9 -> target 36: started; pair 35/39; elapsed 216312 ms
743. Source 9 -> target 36: not_compared; dimension_orientation; elapsed 21631\
2 ms
744. Source 9 -> target 37: started; pair 36/39; elapsed 216312 ms
745. Source 9 -> target 37: not_compared; dimension_orientation; elapsed 21631\
2 ms
746. Source 9 -> target 38: started; pair 37/39; elapsed 216312 ms
747. Source 9 -> target 38: not_compared; dimension_orientation; elapsed 21631\
2 ms
748. Source 9 -> target 39: started; pair 38/39; elapsed 216312 ms
749. Source 9 -> target 39: not_compared; dimension_orientation; elapsed 21631\
2 ms
750. Source 9 -> target 40: started; pair 39/39; elapsed 216312 ms
751. Source 9 -> target 40: no_embedding; order_divisibility; elapsed 216312 m\
s
752. Source 9: completed; positives 2; unresolved 0; elapsed 216312 ms
753. Source 10 -> target 1: started; pair 1/39; elapsed 216312 ms
754. Source 10 -> target 1: embedded; literal_matrix_subgroup; elapsed 216312 \
ms
755. Source 10 -> target 2: started; pair 2/39; elapsed 216312 ms
756. Source 10 -> target 2: no_embedding; order_divisibility; elapsed 216312 m\
s
757. Source 10 -> target 3: started; pair 3/39; elapsed 216312 ms
758. Source 10 -> target 3: no_embedding; exhausted_no_verified_candidate; ela\
psed 216375 ms
759. Source 10 -> target 4: started; pair 4/39; elapsed 216375 ms
760. Source 10 -> target 4: not_compared; dimension_orientation; elapsed 21637\
5 ms
761. Source 10 -> target 5: started; pair 5/39; elapsed 216375 ms
762. Source 10 -> target 5: no_embedding; derived_series; elapsed 216375 ms
763. Source 10 -> target 6: started; pair 6/39; elapsed 216375 ms
764. Source 10 -> target 6: not_compared; dimension_orientation; elapsed 21639\
0 ms
765. Source 10 -> target 7: started; pair 7/39; elapsed 216390 ms
766. Source 10 -> target 7: not_compared; dimension_orientation; elapsed 21639\
0 ms
767. Source 10 -> target 8: started; pair 8/39; elapsed 216390 ms
768. Source 10 -> target 8: not_compared; dimension_orientation; elapsed 21639\
0 ms
769. Source 10 -> target 9: started; pair 9/39; elapsed 216390 ms
770. Source 10 -> target 9: not_compared; dimension_orientation; elapsed 21639\
0 ms
771. Source 10 -> target 11: started; pair 10/39; elapsed 216390 ms
772. Source 10 -> target 11: not_compared; dimension_orientation; elapsed 2163\
90 ms
773. Source 10 -> target 12: started; pair 11/39; elapsed 216390 ms
774. Source 10 -> target 12: not_compared; dimension_orientation; elapsed 2164\
06 ms
775. Source 10 -> target 13: started; pair 12/39; elapsed 216406 ms
776. Source 10 -> target 13: not_compared; dimension_orientation; elapsed 2164\
06 ms
777. Source 10 -> target 14: started; pair 13/39; elapsed 216406 ms
778. Source 10 -> target 14: not_compared; dimension_orientation; elapsed 2164\
06 ms
779. Source 10 -> target 15: started; pair 14/39; elapsed 216406 ms
780. Source 10 -> target 15: not_compared; dimension_orientation; elapsed 2164\
06 ms
781. Source 10 -> target 16: started; pair 15/39; elapsed 216406 ms
782. Source 10 -> target 16: not_compared; dimension_orientation; elapsed 2164\
06 ms
783. Source 10 -> target 17: started; pair 16/39; elapsed 216406 ms
784. Source 10 -> target 17: not_compared; dimension_orientation; elapsed 2164\
06 ms
785. Source 10 -> target 18: started; pair 17/39; elapsed 216406 ms
786. Source 10 -> target 18: not_compared; dimension_orientation; elapsed 2164\
06 ms
787. Source 10 -> target 19: started; pair 18/39; elapsed 216406 ms
788. Source 10 -> target 19: not_compared; dimension_orientation; elapsed 2164\
22 ms
789. Source 10 -> target 20: started; pair 19/39; elapsed 216422 ms
790. Source 10 -> target 20: not_compared; dimension_orientation; elapsed 2164\
22 ms
791. Source 10 -> target 21: started; pair 20/39; elapsed 216422 ms
792. Source 10 -> target 21: not_compared; dimension_orientation; elapsed 2164\
22 ms
793. Source 10 -> target 22: started; pair 21/39; elapsed 216422 ms
794. Source 10 -> target 22: not_compared; dimension_orientation; elapsed 2164\
37 ms
795. Source 10 -> target 23: started; pair 22/39; elapsed 216437 ms
796. Source 10 -> target 23: not_compared; dimension_orientation; elapsed 2164\
37 ms
797. Source 10 -> target 24: started; pair 23/39; elapsed 216437 ms
798. Source 10 -> target 24: no_embedding; order_divisibility; elapsed 216437 \
ms
799. Source 10 -> target 25: started; pair 24/39; elapsed 216437 ms
800. Source 10 -> target 25: not_compared; dimension_orientation; elapsed 2164\
53 ms
801. Source 10 -> target 26: started; pair 25/39; elapsed 216453 ms
802. Source 10 -> target 26: not_compared; dimension_orientation; elapsed 2164\
53 ms
803. Source 10 -> target 27: started; pair 26/39; elapsed 216453 ms
804. Source 10 -> target 27: not_compared; dimension_orientation; elapsed 2164\
53 ms
805. Source 10 -> target 28: started; pair 27/39; elapsed 216453 ms
806. Source 10 -> target 28: not_compared; dimension_orientation; elapsed 2164\
68 ms
807. Source 10 -> target 29: started; pair 28/39; elapsed 216468 ms
808. Source 10 -> target 29: not_compared; dimension_orientation; elapsed 2164\
68 ms
809. Source 10 -> target 30: started; pair 29/39; elapsed 216468 ms
810. Source 10 -> target 30: not_compared; dimension_orientation; elapsed 2164\
68 ms
811. Source 10 -> target 31: started; pair 30/39; elapsed 216468 ms
812. Source 10 -> target 31: not_compared; dimension_orientation; elapsed 2164\
84 ms
813. Source 10 -> target 32: started; pair 31/39; elapsed 216484 ms
814. Source 10 -> target 32: not_compared; dimension_orientation; elapsed 2164\
84 ms
815. Source 10 -> target 33: started; pair 32/39; elapsed 216484 ms
816. Source 10 -> target 33: not_compared; dimension_orientation; elapsed 2164\
84 ms
817. Source 10 -> target 34: started; pair 33/39; elapsed 216484 ms
818. Source 10 -> target 34: not_compared; dimension_orientation; elapsed 2165\
00 ms
819. Source 10 -> target 35: started; pair 34/39; elapsed 216500 ms
820. Source 10 -> target 35: not_compared; dimension_orientation; elapsed 2165\
00 ms
821. Source 10 -> target 36: started; pair 35/39; elapsed 216500 ms
822. Source 10 -> target 36: not_compared; dimension_orientation; elapsed 2165\
00 ms
823. Source 10 -> target 37: started; pair 36/39; elapsed 216500 ms
824. Source 10 -> target 37: not_compared; dimension_orientation; elapsed 2165\
00 ms
825. Source 10 -> target 38: started; pair 37/39; elapsed 216500 ms
826. Source 10 -> target 38: not_compared; dimension_orientation; elapsed 2165\
00 ms
827. Source 10 -> target 39: started; pair 38/39; elapsed 216500 ms
828. Source 10 -> target 39: not_compared; dimension_orientation; elapsed 2165\
15 ms
829. Source 10 -> target 40: started; pair 39/39; elapsed 216515 ms
830. Source 10 -> target 40: no_embedding; order_divisibility; elapsed 216515 \
ms
831. Source 10: completed; positives 1; unresolved 0; elapsed 216515 ms
832. Source 11 -> target 1: started; pair 1/39; elapsed 216515 ms
833. Source 11 -> target 1: embedded; found; elapsed 248547 ms
834. Source 11 -> target 2: started; pair 2/39; elapsed 248547 ms
835. Source 11 -> target 2: no_embedding; order_divisibility; elapsed 248547 m\
s
836. Source 11 -> target 3: started; pair 3/39; elapsed 248547 ms
837. Source 11 -> target 3: embedded; found; elapsed 248609 ms
838. Source 11 -> target 4: started; pair 4/39; elapsed 248609 ms
839. Source 11 -> target 4: embedded; found; elapsed 250281 ms
840. Source 11 -> target 5: started; pair 5/39; elapsed 250281 ms
841. Source 11 -> target 5: embedded; found; elapsed 250547 ms
842. Source 11 -> target 6: started; pair 6/39; elapsed 250547 ms
843. Source 11 -> target 6: embedded; found; elapsed 250734 ms
844. Source 11 -> target 7: started; pair 7/39; elapsed 250734 ms
845. Source 11 -> target 7: no_embedding; order_divisibility; elapsed 250734 m\
s
846. Source 11 -> target 8: started; pair 8/39; elapsed 250734 ms
847. Source 11 -> target 8: no_embedding; order_divisibility; elapsed 250734 m\
s
848. Source 11 -> target 9: started; pair 9/39; elapsed 250734 ms
849. Source 11 -> target 9: embedded; found; elapsed 250937 ms
850. Source 11 -> target 10: started; pair 10/39; elapsed 250937 ms
851. Source 11 -> target 10: no_embedding; exhausted_no_verified_candidate; el\
apsed 251078 ms
852. Source 11 -> target 12: started; pair 11/39; elapsed 251078 ms
853. Source 11 -> target 12: not_compared; dimension_orientation; elapsed 2510\
78 ms
854. Source 11 -> target 13: started; pair 12/39; elapsed 251078 ms
855. Source 11 -> target 13: not_compared; dimension_orientation; elapsed 2510\
93 ms
856. Source 11 -> target 14: started; pair 13/39; elapsed 251093 ms
857. Source 11 -> target 14: no_embedding; order_divisibility; elapsed 251093 \
ms
858. Source 11 -> target 15: started; pair 14/39; elapsed 251093 ms
859. Source 11 -> target 15: not_compared; dimension_orientation; elapsed 2510\
93 ms
860. Source 11 -> target 16: started; pair 15/39; elapsed 251093 ms
861. Source 11 -> target 16: not_compared; dimension_orientation; elapsed 2511\
09 ms
862. Source 11 -> target 17: started; pair 16/39; elapsed 251109 ms
863. Source 11 -> target 17: not_compared; dimension_orientation; elapsed 2511\
09 ms
864. Source 11 -> target 18: started; pair 17/39; elapsed 251109 ms
865. Source 11 -> target 18: not_compared; dimension_orientation; elapsed 2511\
09 ms
866. Source 11 -> target 19: started; pair 18/39; elapsed 251109 ms
867. Source 11 -> target 19: not_compared; dimension_orientation; elapsed 2511\
25 ms
868. Source 11 -> target 20: started; pair 19/39; elapsed 251125 ms
869. Source 11 -> target 20: not_compared; dimension_orientation; elapsed 2511\
25 ms
870. Source 11 -> target 21: started; pair 20/39; elapsed 251125 ms
871. Source 11 -> target 21: not_compared; dimension_orientation; elapsed 2511\
40 ms
872. Source 11 -> target 22: started; pair 21/39; elapsed 251140 ms
873. Source 11 -> target 22: no_embedding; order_divisibility; elapsed 251140 \
ms
874. Source 11 -> target 23: started; pair 22/39; elapsed 251140 ms
875. Source 11 -> target 23: no_embedding; order_divisibility; elapsed 251140 \
ms
876. Source 11 -> target 24: started; pair 23/39; elapsed 251140 ms
877. Source 11 -> target 24: no_embedding; order_divisibility; elapsed 251140 \
ms
878. Source 11 -> target 25: started; pair 24/39; elapsed 251140 ms
879. Source 11 -> target 25: not_compared; dimension_orientation; elapsed 2511\
40 ms
880. Source 11 -> target 26: started; pair 25/39; elapsed 251140 ms
881. Source 11 -> target 26: not_compared; dimension_orientation; elapsed 2511\
40 ms
882. Source 11 -> target 27: started; pair 26/39; elapsed 251140 ms
883. Source 11 -> target 27: not_compared; dimension_orientation; elapsed 2511\
40 ms
884. Source 11 -> target 28: started; pair 27/39; elapsed 251140 ms
885. Source 11 -> target 28: not_compared; dimension_orientation; elapsed 2511\
40 ms
886. Source 11 -> target 29: started; pair 28/39; elapsed 251140 ms
887. Source 11 -> target 29: not_compared; dimension_orientation; elapsed 2511\
40 ms
888. Source 11 -> target 30: started; pair 29/39; elapsed 251140 ms
889. Source 11 -> target 30: not_compared; dimension_orientation; elapsed 2511\
40 ms
890. Source 11 -> target 31: started; pair 30/39; elapsed 251140 ms
891. Source 11 -> target 31: not_compared; dimension_orientation; elapsed 2511\
40 ms
892. Source 11 -> target 32: started; pair 31/39; elapsed 251140 ms
893. Source 11 -> target 32: not_compared; dimension_orientation; elapsed 2511\
40 ms
894. Source 11 -> target 33: started; pair 32/39; elapsed 251140 ms
895. Source 11 -> target 33: not_compared; dimension_orientation; elapsed 2511\
56 ms
896. Source 11 -> target 34: started; pair 33/39; elapsed 251156 ms
897. Source 11 -> target 34: not_compared; dimension_orientation; elapsed 2511\
56 ms
898. Source 11 -> target 35: started; pair 34/39; elapsed 251156 ms
899. Source 11 -> target 35: not_compared; dimension_orientation; elapsed 2511\
72 ms
900. Source 11 -> target 36: started; pair 35/39; elapsed 251172 ms
901. Source 11 -> target 36: not_compared; dimension_orientation; elapsed 2511\
72 ms
902. Source 11 -> target 37: started; pair 36/39; elapsed 251172 ms
903. Source 11 -> target 37: not_compared; dimension_orientation; elapsed 2511\
72 ms
904. Source 11 -> target 38: started; pair 37/39; elapsed 251172 ms
905. Source 11 -> target 38: no_embedding; order_divisibility; elapsed 251172 \
ms
906. Source 11 -> target 39: started; pair 38/39; elapsed 251172 ms
907. Source 11 -> target 39: no_embedding; order_divisibility; elapsed 251172 \
ms
908. Source 11 -> target 40: started; pair 39/39; elapsed 251172 ms
909. Source 11 -> target 40: no_embedding; order_divisibility; elapsed 251172 \
ms
910. Source 11: completed; positives 6; unresolved 0; elapsed 251172 ms
911. Source 12 -> target 1: started; pair 1/39; elapsed 251172 ms
912. Source 12 -> target 1: embedded; found; elapsed 252640 ms
913. Source 12 -> target 2: started; pair 2/39; elapsed 252640 ms
914. Source 12 -> target 2: no_embedding; order_divisibility; elapsed 252656 m\
s
915. Source 12 -> target 3: started; pair 3/39; elapsed 252656 ms
916. Source 12 -> target 3: no_embedding; exhausted_no_verified_candidate; ela\
psed 252656 ms
917. Source 12 -> target 4: started; pair 4/39; elapsed 252656 ms
918. Source 12 -> target 4: embedded; found; elapsed 252843 ms
919. Source 12 -> target 5: started; pair 5/39; elapsed 252843 ms
920. Source 12 -> target 5: embedded; found; elapsed 253000 ms
921. Source 12 -> target 6: started; pair 6/39; elapsed 253000 ms
922. Source 12 -> target 6: no_embedding; derived_series; elapsed 253000 ms
923. Source 12 -> target 7: started; pair 7/39; elapsed 253000 ms
924. Source 12 -> target 7: no_embedding; order_divisibility; elapsed 253000 m\
s
925. Source 12 -> target 8: started; pair 8/39; elapsed 253000 ms
926. Source 12 -> target 8: no_embedding; order_divisibility; elapsed 253000 m\
s
927. Source 12 -> target 9: started; pair 9/39; elapsed 253000 ms
928. Source 12 -> target 9: no_embedding; derived_series; elapsed 253015 ms
929. Source 12 -> target 10: started; pair 10/39; elapsed 253015 ms
930. Source 12 -> target 10: embedded; found; elapsed 253109 ms
931. Source 12 -> target 11: started; pair 11/39; elapsed 253109 ms
932. Source 12 -> target 11: not_compared; dimension_orientation; elapsed 2531\
09 ms
933. Source 12 -> target 13: started; pair 12/39; elapsed 253109 ms
934. Source 12 -> target 13: not_compared; dimension_orientation; elapsed 2531\
09 ms
935. Source 12 -> target 14: started; pair 13/39; elapsed 253109 ms
936. Source 12 -> target 14: no_embedding; order_divisibility; elapsed 253125 \
ms
937. Source 12 -> target 15: started; pair 14/39; elapsed 253125 ms
938. Source 12 -> target 15: not_compared; dimension_orientation; elapsed 2531\
25 ms
939. Source 12 -> target 16: started; pair 15/39; elapsed 253125 ms
940. Source 12 -> target 16: not_compared; dimension_orientation; elapsed 2531\
25 ms
941. Source 12 -> target 17: started; pair 16/39; elapsed 253125 ms
942. Source 12 -> target 17: not_compared; dimension_orientation; elapsed 2531\
25 ms
943. Source 12 -> target 18: started; pair 17/39; elapsed 253125 ms
944. Source 12 -> target 18: not_compared; dimension_orientation; elapsed 2531\
40 ms
945. Source 12 -> target 19: started; pair 18/39; elapsed 253140 ms
946. Source 12 -> target 19: not_compared; dimension_orientation; elapsed 2531\
40 ms
947. Source 12 -> target 20: started; pair 19/39; elapsed 253140 ms
948. Source 12 -> target 20: not_compared; dimension_orientation; elapsed 2531\
40 ms
949. Source 12 -> target 21: started; pair 20/39; elapsed 253140 ms
950. Source 12 -> target 21: not_compared; dimension_orientation; elapsed 2531\
56 ms
951. Source 12 -> target 22: started; pair 21/39; elapsed 253156 ms
952. Source 12 -> target 22: no_embedding; order_divisibility; elapsed 253156 \
ms
953. Source 12 -> target 23: started; pair 22/39; elapsed 253156 ms
954. Source 12 -> target 23: no_embedding; order_divisibility; elapsed 253156 \
ms
955. Source 12 -> target 24: started; pair 23/39; elapsed 253156 ms
956. Source 12 -> target 24: no_embedding; order_divisibility; elapsed 253172 \
ms
957. Source 12 -> target 25: started; pair 24/39; elapsed 253172 ms
958. Source 12 -> target 25: not_compared; dimension_orientation; elapsed 2531\
72 ms
959. Source 12 -> target 26: started; pair 25/39; elapsed 253172 ms
960. Source 12 -> target 26: not_compared; dimension_orientation; elapsed 2531\
72 ms
961. Source 12 -> target 27: started; pair 26/39; elapsed 253172 ms
962. Source 12 -> target 27: not_compared; dimension_orientation; elapsed 2531\
87 ms
963. Source 12 -> target 28: started; pair 27/39; elapsed 253187 ms
964. Source 12 -> target 28: not_compared; dimension_orientation; elapsed 2531\
87 ms
965. Source 12 -> target 29: started; pair 28/39; elapsed 253187 ms
966. Source 12 -> target 29: not_compared; dimension_orientation; elapsed 2531\
87 ms
967. Source 12 -> target 30: started; pair 29/39; elapsed 253187 ms
968. Source 12 -> target 30: not_compared; dimension_orientation; elapsed 2531\
87 ms
969. Source 12 -> target 31: started; pair 30/39; elapsed 253187 ms
970. Source 12 -> target 31: not_compared; dimension_orientation; elapsed 2531\
87 ms
971. Source 12 -> target 32: started; pair 31/39; elapsed 253187 ms
972. Source 12 -> target 32: not_compared; dimension_orientation; elapsed 2532\
03 ms
973. Source 12 -> target 33: started; pair 32/39; elapsed 253203 ms
974. Source 12 -> target 33: not_compared; dimension_orientation; elapsed 2532\
03 ms
975. Source 12 -> target 34: started; pair 33/39; elapsed 253203 ms
976. Source 12 -> target 34: not_compared; dimension_orientation; elapsed 2532\
03 ms
977. Source 12 -> target 35: started; pair 34/39; elapsed 253203 ms
978. Source 12 -> target 35: not_compared; dimension_orientation; elapsed 2532\
03 ms
979. Source 12 -> target 36: started; pair 35/39; elapsed 253203 ms
980. Source 12 -> target 36: not_compared; dimension_orientation; elapsed 2532\
03 ms
981. Source 12 -> target 37: started; pair 36/39; elapsed 253203 ms
982. Source 12 -> target 37: not_compared; dimension_orientation; elapsed 2532\
18 ms
983. Source 12 -> target 38: started; pair 37/39; elapsed 253218 ms
984. Source 12 -> target 38: no_embedding; order_divisibility; elapsed 253218 \
ms
985. Source 12 -> target 39: started; pair 38/39; elapsed 253218 ms
986. Source 12 -> target 39: no_embedding; order_divisibility; elapsed 253218 \
ms
987. Source 12 -> target 40: started; pair 39/39; elapsed 253218 ms
988. Source 12 -> target 40: no_embedding; order_divisibility; elapsed 253218 \
ms
989. Source 12: completed; positives 4; unresolved 0; elapsed 253218 ms
990. Source 13 -> target 1: started; pair 1/39; elapsed 253218 ms
991. Source 13 -> target 1: embedded; found; elapsed 255031 ms
992. Source 13 -> target 2: started; pair 2/39; elapsed 255031 ms
993. Source 13 -> target 2: embedded; found; elapsed 257656 ms
994. Source 13 -> target 3: started; pair 3/39; elapsed 257656 ms
995. Source 13 -> target 3: no_embedding; exhausted_no_verified_candidate; ela\
psed 257687 ms
996. Source 13 -> target 4: started; pair 4/39; elapsed 257687 ms
997. Source 13 -> target 4: no_embedding; exhausted_no_verified_candidate; ela\
psed 257828 ms
998. Source 13 -> target 5: started; pair 5/39; elapsed 257828 ms
999. Source 13 -> target 5: no_embedding; exhausted_no_verified_candidate; ela\
psed 257875 ms
1000. Source 13 -> target 6: started; pair 6/39; elapsed 257875 ms
1001. Source 13 -> target 6: no_embedding; exhausted_no_verified_candidate; el\
apsed 257890 ms
1002. Source 13 -> target 7: started; pair 7/39; elapsed 257890 ms
1003. Source 13 -> target 7: no_embedding; exhausted_no_verified_candidate; el\
apsed 257937 ms
1004. Source 13 -> target 8: started; pair 8/39; elapsed 257937 ms
1005. Source 13 -> target 8: no_embedding; exhausted_no_verified_candidate; el\
apsed 258078 ms
1006. Source 13 -> target 9: started; pair 9/39; elapsed 258078 ms
1007. Source 13 -> target 9: no_embedding; exhausted_no_verified_candidate; el\
apsed 258125 ms
1008. Source 13 -> target 10: started; pair 10/39; elapsed 258125 ms
1009. Source 13 -> target 10: embedded; found; elapsed 258297 ms
1010. Source 13 -> target 11: started; pair 11/39; elapsed 258297 ms
1011. Source 13 -> target 11: not_compared; dimension_orientation; elapsed 258\
312 ms
1012. Source 13 -> target 12: started; pair 12/39; elapsed 258312 ms
1013. Source 13 -> target 12: not_compared; dimension_orientation; elapsed 258\
312 ms
1014. Source 13 -> target 14: started; pair 13/39; elapsed 258312 ms
1015. Source 13 -> target 14: embedded; literal_matrix_subgroup; elapsed 25831\
2 ms
1016. Source 13 -> target 15: started; pair 14/39; elapsed 258312 ms
1017. Source 13 -> target 15: not_compared; dimension_orientation; elapsed 258\
328 ms
1018. Source 13 -> target 16: started; pair 15/39; elapsed 258328 ms
1019. Source 13 -> target 16: not_compared; dimension_orientation; elapsed 258\
328 ms
1020. Source 13 -> target 17: started; pair 16/39; elapsed 258328 ms
1021. Source 13 -> target 17: not_compared; dimension_orientation; elapsed 258\
328 ms
1022. Source 13 -> target 18: started; pair 17/39; elapsed 258328 ms
1023. Source 13 -> target 18: not_compared; dimension_orientation; elapsed 258\
328 ms
1024. Source 13 -> target 19: started; pair 18/39; elapsed 258328 ms
1025. Source 13 -> target 19: not_compared; dimension_orientation; elapsed 258\
343 ms
1026. Source 13 -> target 20: started; pair 19/39; elapsed 258343 ms
1027. Source 13 -> target 20: not_compared; dimension_orientation; elapsed 258\
343 ms
1028. Source 13 -> target 21: started; pair 20/39; elapsed 258343 ms
1029. Source 13 -> target 21: not_compared; dimension_orientation; elapsed 258\
343 ms
1030. Source 13 -> target 22: started; pair 21/39; elapsed 258343 ms
1031. Source 13 -> target 22: no_embedding; exhausted_no_verified_candidate; e\
lapsed 258359 ms
1032. Source 13 -> target 23: started; pair 22/39; elapsed 258359 ms
1033. Source 13 -> target 23: no_embedding; exhausted_no_verified_candidate; e\
lapsed 258390 ms
1034. Source 13 -> target 24: started; pair 23/39; elapsed 258390 ms
1035. Source 13 -> target 24: no_embedding; exhausted_no_verified_candidate; e\
lapsed 258453 ms
1036. Source 13 -> target 25: started; pair 24/39; elapsed 258453 ms
1037. Source 13 -> target 25: not_compared; dimension_orientation; elapsed 258\
453 ms
1038. Source 13 -> target 26: started; pair 25/39; elapsed 258453 ms
1039. Source 13 -> target 26: not_compared; dimension_orientation; elapsed 258\
453 ms
1040. Source 13 -> target 27: started; pair 26/39; elapsed 258453 ms
1041. Source 13 -> target 27: not_compared; dimension_orientation; elapsed 258\
468 ms
1042. Source 13 -> target 28: started; pair 27/39; elapsed 258468 ms
1043. Source 13 -> target 28: not_compared; dimension_orientation; elapsed 258\
468 ms
1044. Source 13 -> target 29: started; pair 28/39; elapsed 258468 ms
1045. Source 13 -> target 29: not_compared; dimension_orientation; elapsed 258\
468 ms
1046. Source 13 -> target 30: started; pair 29/39; elapsed 258468 ms
1047. Source 13 -> target 30: not_compared; dimension_orientation; elapsed 258\
484 ms
1048. Source 13 -> target 31: started; pair 30/39; elapsed 258484 ms
1049. Source 13 -> target 31: not_compared; dimension_orientation; elapsed 258\
484 ms
1050. Source 13 -> target 32: started; pair 31/39; elapsed 258484 ms
1051. Source 13 -> target 32: not_compared; dimension_orientation; elapsed 258\
484 ms
1052. Source 13 -> target 33: started; pair 32/39; elapsed 258484 ms
1053. Source 13 -> target 33: not_compared; dimension_orientation; elapsed 258\
484 ms
1054. Source 13 -> target 34: started; pair 33/39; elapsed 258484 ms
1055. Source 13 -> target 34: not_compared; dimension_orientation; elapsed 258\
484 ms
1056. Source 13 -> target 35: started; pair 34/39; elapsed 258484 ms
1057. Source 13 -> target 35: not_compared; dimension_orientation; elapsed 258\
484 ms
1058. Source 13 -> target 36: started; pair 35/39; elapsed 258484 ms
1059. Source 13 -> target 36: not_compared; dimension_orientation; elapsed 258\
500 ms
1060. Source 13 -> target 37: started; pair 36/39; elapsed 258500 ms
1061. Source 13 -> target 37: not_compared; dimension_orientation; elapsed 258\
500 ms
1062. Source 13 -> target 38: started; pair 37/39; elapsed 258500 ms
1063. Source 13 -> target 38: no_embedding; order_divisibility; elapsed 258515\
 ms
1064. Source 13 -> target 39: started; pair 38/39; elapsed 258515 ms
1065. Source 13 -> target 39: no_embedding; order_divisibility; elapsed 258515\
 ms
1066. Source 13 -> target 40: started; pair 39/39; elapsed 258515 ms
1067. Source 13 -> target 40: no_embedding; order_divisibility; elapsed 258531\
 ms
1068. Source 13: completed; positives 4; unresolved 0; elapsed 258531 ms
1069. Source 14 -> target 1: started; pair 1/39; elapsed 258531 ms
1070. Source 14 -> target 1: embedded; found; elapsed 259968 ms
1071. Source 14 -> target 2: started; pair 2/39; elapsed 259968 ms
1072. Source 14 -> target 2: no_embedding; order_divisibility; elapsed 259968 \
ms
1073. Source 14 -> target 3: started; pair 3/39; elapsed 259968 ms
1074. Source 14 -> target 3: no_embedding; exhausted_no_verified_candidate; el\
apsed 259984 ms
1075. Source 14 -> target 4: started; pair 4/39; elapsed 259984 ms
1076. Source 14 -> target 4: not_compared; dimension_orientation; elapsed 2599\
84 ms
1077. Source 14 -> target 5: started; pair 5/39; elapsed 259984 ms
1078. Source 14 -> target 5: no_embedding; derived_series; elapsed 260000 ms
1079. Source 14 -> target 6: started; pair 6/39; elapsed 260000 ms
1080. Source 14 -> target 6: not_compared; dimension_orientation; elapsed 2600\
00 ms
1081. Source 14 -> target 7: started; pair 7/39; elapsed 260000 ms
1082. Source 14 -> target 7: not_compared; dimension_orientation; elapsed 2600\
00 ms
1083. Source 14 -> target 8: started; pair 8/39; elapsed 260000 ms
1084. Source 14 -> target 8: not_compared; dimension_orientation; elapsed 2600\
00 ms
1085. Source 14 -> target 9: started; pair 9/39; elapsed 260000 ms
1086. Source 14 -> target 9: not_compared; dimension_orientation; elapsed 2600\
15 ms
1087. Source 14 -> target 10: started; pair 10/39; elapsed 260015 ms
1088. Source 14 -> target 10: not_compared; dimension_orientation; elapsed 260\
015 ms
1089. Source 14 -> target 11: started; pair 11/39; elapsed 260015 ms
1090. Source 14 -> target 11: not_compared; dimension_orientation; elapsed 260\
015 ms
1091. Source 14 -> target 12: started; pair 12/39; elapsed 260015 ms
1092. Source 14 -> target 12: not_compared; dimension_orientation; elapsed 260\
015 ms
1093. Source 14 -> target 13: started; pair 13/39; elapsed 260015 ms
1094. Source 14 -> target 13: not_compared; dimension_orientation; elapsed 260\
015 ms
1095. Source 14 -> target 15: started; pair 14/39; elapsed 260015 ms
1096. Source 14 -> target 15: not_compared; dimension_orientation; elapsed 260\
015 ms
1097. Source 14 -> target 16: started; pair 15/39; elapsed 260015 ms
1098. Source 14 -> target 16: not_compared; dimension_orientation; elapsed 260\
015 ms
1099. Source 14 -> target 17: started; pair 16/39; elapsed 260015 ms
1100. Source 14 -> target 17: not_compared; dimension_orientation; elapsed 260\
031 ms
1101. Source 14 -> target 18: started; pair 17/39; elapsed 260031 ms
1102. Source 14 -> target 18: not_compared; dimension_orientation; elapsed 260\
031 ms
1103. Source 14 -> target 19: started; pair 18/39; elapsed 260031 ms
1104. Source 14 -> target 19: not_compared; dimension_orientation; elapsed 260\
031 ms
1105. Source 14 -> target 20: started; pair 19/39; elapsed 260031 ms
1106. Source 14 -> target 20: not_compared; dimension_orientation; elapsed 260\
031 ms
1107. Source 14 -> target 21: started; pair 20/39; elapsed 260031 ms
1108. Source 14 -> target 21: not_compared; dimension_orientation; elapsed 260\
031 ms
1109. Source 14 -> target 22: started; pair 21/39; elapsed 260031 ms
1110. Source 14 -> target 22: not_compared; dimension_orientation; elapsed 260\
031 ms
1111. Source 14 -> target 23: started; pair 22/39; elapsed 260031 ms
1112. Source 14 -> target 23: not_compared; dimension_orientation; elapsed 260\
031 ms
1113. Source 14 -> target 24: started; pair 23/39; elapsed 260031 ms
1114. Source 14 -> target 24: no_embedding; exhausted_no_verified_candidate; e\
lapsed 260047 ms
1115. Source 14 -> target 25: started; pair 24/39; elapsed 260047 ms
1116. Source 14 -> target 25: not_compared; dimension_orientation; elapsed 260\
062 ms
1117. Source 14 -> target 26: started; pair 25/39; elapsed 260062 ms
1118. Source 14 -> target 26: not_compared; dimension_orientation; elapsed 260\
062 ms
1119. Source 14 -> target 27: started; pair 26/39; elapsed 260062 ms
1120. Source 14 -> target 27: not_compared; dimension_orientation; elapsed 260\
062 ms
1121. Source 14 -> target 28: started; pair 27/39; elapsed 260062 ms
1122. Source 14 -> target 28: not_compared; dimension_orientation; elapsed 260\
062 ms
1123. Source 14 -> target 29: started; pair 28/39; elapsed 260062 ms
1124. Source 14 -> target 29: not_compared; dimension_orientation; elapsed 260\
062 ms
1125. Source 14 -> target 30: started; pair 29/39; elapsed 260062 ms
1126. Source 14 -> target 30: not_compared; dimension_orientation; elapsed 260\
062 ms
1127. Source 14 -> target 31: started; pair 30/39; elapsed 260062 ms
1128. Source 14 -> target 31: not_compared; dimension_orientation; elapsed 260\
078 ms
1129. Source 14 -> target 32: started; pair 31/39; elapsed 260078 ms
1130. Source 14 -> target 32: not_compared; dimension_orientation; elapsed 260\
078 ms
1131. Source 14 -> target 33: started; pair 32/39; elapsed 260078 ms
1132. Source 14 -> target 33: not_compared; dimension_orientation; elapsed 260\
078 ms
1133. Source 14 -> target 34: started; pair 33/39; elapsed 260078 ms
1134. Source 14 -> target 34: not_compared; dimension_orientation; elapsed 260\
078 ms
1135. Source 14 -> target 35: started; pair 34/39; elapsed 260078 ms
1136. Source 14 -> target 35: not_compared; dimension_orientation; elapsed 260\
078 ms
1137. Source 14 -> target 36: started; pair 35/39; elapsed 260078 ms
1138. Source 14 -> target 36: not_compared; dimension_orientation; elapsed 260\
078 ms
1139. Source 14 -> target 37: started; pair 36/39; elapsed 260078 ms
1140. Source 14 -> target 37: not_compared; dimension_orientation; elapsed 260\
078 ms
1141. Source 14 -> target 38: started; pair 37/39; elapsed 260078 ms
1142. Source 14 -> target 38: not_compared; dimension_orientation; elapsed 260\
093 ms
1143. Source 14 -> target 39: started; pair 38/39; elapsed 260093 ms
1144. Source 14 -> target 39: not_compared; dimension_orientation; elapsed 260\
093 ms
1145. Source 14 -> target 40: started; pair 39/39; elapsed 260093 ms
1146. Source 14 -> target 40: no_embedding; order_divisibility; elapsed 260093\
 ms
1147. Source 14: completed; positives 1; unresolved 0; elapsed 260093 ms
1148. Source 15 -> target 1: started; pair 1/39; elapsed 260093 ms
1149. Source 15 -> target 1: embedded; found; elapsed 296718 ms
1150. Source 15 -> target 2: started; pair 2/39; elapsed 296718 ms
1151. Source 15 -> target 2: no_embedding; exhausted_no_verified_candidate; el\
apsed 296750 ms
1152. Source 15 -> target 3: started; pair 3/39; elapsed 296750 ms
1153. Source 15 -> target 3: embedded; found; elapsed 296890 ms
1154. Source 15 -> target 4: started; pair 4/39; elapsed 296890 ms
1155. Source 15 -> target 4: no_embedding; exhausted_no_verified_candidate; el\
apsed 296937 ms
1156. Source 15 -> target 5: started; pair 5/39; elapsed 296937 ms
1157. Source 15 -> target 5: no_embedding; exhausted_no_verified_candidate; el\
apsed 297000 ms
1158. Source 15 -> target 6: started; pair 6/39; elapsed 297000 ms
1159. Source 15 -> target 6: embedded; found; elapsed 297093 ms
1160. Source 15 -> target 7: started; pair 7/39; elapsed 297093 ms
1161. Source 15 -> target 7: no_embedding; exhausted_no_verified_candidate; el\
apsed 297093 ms
1162. Source 15 -> target 8: started; pair 8/39; elapsed 297093 ms
1163. Source 15 -> target 8: no_embedding; exhausted_no_verified_candidate; el\
apsed 297093 ms
1164. Source 15 -> target 9: started; pair 9/39; elapsed 297093 ms
1165. Source 15 -> target 9: embedded; found; elapsed 297172 ms
1166. Source 15 -> target 10: started; pair 10/39; elapsed 297172 ms
1167. Source 15 -> target 10: no_embedding; exhausted_no_verified_candidate; e\
lapsed 297172 ms
1168. Source 15 -> target 11: started; pair 11/39; elapsed 297172 ms
1169. Source 15 -> target 11: not_compared; dimension_orientation; elapsed 297\
172 ms
1170. Source 15 -> target 12: started; pair 12/39; elapsed 297172 ms
1171. Source 15 -> target 12: not_compared; dimension_orientation; elapsed 297\
172 ms
1172. Source 15 -> target 13: started; pair 13/39; elapsed 297172 ms
1173. Source 15 -> target 13: not_compared; dimension_orientation; elapsed 297\
187 ms
1174. Source 15 -> target 14: started; pair 14/39; elapsed 297187 ms
1175. Source 15 -> target 14: no_embedding; exhausted_no_verified_candidate; e\
lapsed 297312 ms
1176. Source 15 -> target 16: started; pair 15/39; elapsed 297312 ms
1177. Source 15 -> target 16: not_compared; dimension_orientation; elapsed 297\
312 ms
1178. Source 15 -> target 17: started; pair 16/39; elapsed 297312 ms
1179. Source 15 -> target 17: not_compared; dimension_orientation; elapsed 297\
312 ms
1180. Source 15 -> target 18: started; pair 17/39; elapsed 297312 ms
1181. Source 15 -> target 18: not_compared; dimension_orientation; elapsed 297\
312 ms
1182. Source 15 -> target 19: started; pair 18/39; elapsed 297312 ms
1183. Source 15 -> target 19: not_compared; dimension_orientation; elapsed 297\
328 ms
1184. Source 15 -> target 20: started; pair 19/39; elapsed 297328 ms
1185. Source 15 -> target 20: not_compared; dimension_orientation; elapsed 297\
328 ms
1186. Source 15 -> target 21: started; pair 20/39; elapsed 297328 ms
1187. Source 15 -> target 21: not_compared; dimension_orientation; elapsed 297\
328 ms
1188. Source 15 -> target 22: started; pair 21/39; elapsed 297328 ms
1189. Source 15 -> target 22: no_embedding; exhausted_no_verified_candidate; e\
lapsed 297343 ms
1190. Source 15 -> target 23: started; pair 22/39; elapsed 297343 ms
1191. Source 15 -> target 23: no_embedding; exhausted_no_verified_candidate; e\
lapsed 297343 ms
1192. Source 15 -> target 24: started; pair 23/39; elapsed 297343 ms
1193. Source 15 -> target 24: no_embedding; exhausted_no_verified_candidate; e\
lapsed 297343 ms
1194. Source 15 -> target 25: started; pair 24/39; elapsed 297343 ms
1195. Source 15 -> target 25: not_compared; dimension_orientation; elapsed 297\
343 ms
1196. Source 15 -> target 26: started; pair 25/39; elapsed 297343 ms
1197. Source 15 -> target 26: not_compared; dimension_orientation; elapsed 297\
359 ms
1198. Source 15 -> target 27: started; pair 26/39; elapsed 297359 ms
1199. Source 15 -> target 27: not_compared; dimension_orientation; elapsed 297\
359 ms
1200. Source 15 -> target 28: started; pair 27/39; elapsed 297359 ms
1201. Source 15 -> target 28: not_compared; dimension_orientation; elapsed 297\
359 ms
1202. Source 15 -> target 29: started; pair 28/39; elapsed 297359 ms
1203. Source 15 -> target 29: not_compared; dimension_orientation; elapsed 297\
359 ms
1204. Source 15 -> target 30: started; pair 29/39; elapsed 297359 ms
1205. Source 15 -> target 30: not_compared; dimension_orientation; elapsed 297\
359 ms
1206. Source 15 -> target 31: started; pair 30/39; elapsed 297359 ms
1207. Source 15 -> target 31: not_compared; dimension_orientation; elapsed 297\
359 ms
1208. Source 15 -> target 32: started; pair 31/39; elapsed 297359 ms
1209. Source 15 -> target 32: not_compared; dimension_orientation; elapsed 297\
375 ms
1210. Source 15 -> target 33: started; pair 32/39; elapsed 297375 ms
1211. Source 15 -> target 33: not_compared; dimension_orientation; elapsed 297\
375 ms
1212. Source 15 -> target 34: started; pair 33/39; elapsed 297375 ms
1213. Source 15 -> target 34: not_compared; dimension_orientation; elapsed 297\
375 ms
1214. Source 15 -> target 35: started; pair 34/39; elapsed 297375 ms
1215. Source 15 -> target 35: not_compared; dimension_orientation; elapsed 297\
375 ms
1216. Source 15 -> target 36: started; pair 35/39; elapsed 297375 ms
1217. Source 15 -> target 36: not_compared; dimension_orientation; elapsed 297\
375 ms
1218. Source 15 -> target 37: started; pair 36/39; elapsed 297375 ms
1219. Source 15 -> target 37: not_compared; dimension_orientation; elapsed 297\
375 ms
1220. Source 15 -> target 38: started; pair 37/39; elapsed 297375 ms
1221. Source 15 -> target 38: no_embedding; order_divisibility; elapsed 297375\
 ms
1222. Source 15 -> target 39: started; pair 38/39; elapsed 297375 ms
1223. Source 15 -> target 39: no_embedding; order_divisibility; elapsed 297375\
 ms
1224. Source 15 -> target 40: started; pair 39/39; elapsed 297375 ms
1225. Source 15 -> target 40: no_embedding; order_divisibility; elapsed 297390\
 ms
1226. Source 15: completed; positives 4; unresolved 0; elapsed 297390 ms
1227. Source 16 -> target 1: started; pair 1/39; elapsed 297390 ms
1228. Source 16 -> target 1: embedded; literal_matrix_subgroup; elapsed 297390\
 ms
1229. Source 16 -> target 2: started; pair 2/39; elapsed 297390 ms
1230. Source 16 -> target 2: embedded; found; elapsed 299937 ms
1231. Source 16 -> target 3: started; pair 3/39; elapsed 299937 ms
1232. Source 16 -> target 3: embedded; found; elapsed 300140 ms
1233. Source 16 -> target 4: started; pair 4/39; elapsed 300140 ms
1234. Source 16 -> target 4: no_embedding; derived_series; elapsed 300156 ms
1235. Source 16 -> target 5: started; pair 5/39; elapsed 300156 ms
1236. Source 16 -> target 5: no_embedding; derived_series; elapsed 300156 ms
1237. Source 16 -> target 6: started; pair 6/39; elapsed 300156 ms
1238. Source 16 -> target 6: embedded; found; elapsed 300218 ms
1239. Source 16 -> target 7: started; pair 7/39; elapsed 300218 ms
1240. Source 16 -> target 7: embedded; found; elapsed 300250 ms
1241. Source 16 -> target 8: started; pair 8/39; elapsed 300250 ms
1242. Source 16 -> target 8: no_embedding; exhausted_no_verified_candidate; el\
apsed 300265 ms
1243. Source 16 -> target 9: started; pair 9/39; elapsed 300265 ms
1244. Source 16 -> target 9: no_embedding; derived_series; elapsed 300265 ms
1245. Source 16 -> target 10: started; pair 10/39; elapsed 300265 ms
1246. Source 16 -> target 10: no_embedding; derived_series; elapsed 300265 ms
1247. Source 16 -> target 11: started; pair 11/39; elapsed 300265 ms
1248. Source 16 -> target 11: not_compared; dimension_orientation; elapsed 300\
265 ms
1249. Source 16 -> target 12: started; pair 12/39; elapsed 300265 ms
1250. Source 16 -> target 12: not_compared; dimension_orientation; elapsed 300\
265 ms
1251. Source 16 -> target 13: started; pair 13/39; elapsed 300265 ms
1252. Source 16 -> target 13: not_compared; dimension_orientation; elapsed 300\
265 ms
1253. Source 16 -> target 14: started; pair 14/39; elapsed 300265 ms
1254. Source 16 -> target 14: no_embedding; derived_series; elapsed 300265 ms
1255. Source 16 -> target 15: started; pair 15/39; elapsed 300265 ms
1256. Source 16 -> target 15: not_compared; dimension_orientation; elapsed 300\
265 ms
1257. Source 16 -> target 17: started; pair 16/39; elapsed 300265 ms
1258. Source 16 -> target 17: not_compared; dimension_orientation; elapsed 300\
265 ms
1259. Source 16 -> target 18: started; pair 17/39; elapsed 300265 ms
1260. Source 16 -> target 18: not_compared; dimension_orientation; elapsed 300\
265 ms
1261. Source 16 -> target 19: started; pair 18/39; elapsed 300265 ms
1262. Source 16 -> target 19: not_compared; dimension_orientation; elapsed 300\
281 ms
1263. Source 16 -> target 20: started; pair 19/39; elapsed 300281 ms
1264. Source 16 -> target 20: not_compared; dimension_orientation; elapsed 300\
281 ms
1265. Source 16 -> target 21: started; pair 20/39; elapsed 300281 ms
1266. Source 16 -> target 21: not_compared; dimension_orientation; elapsed 300\
281 ms
1267. Source 16 -> target 22: started; pair 21/39; elapsed 300281 ms
1268. Source 16 -> target 22: no_embedding; exhausted_no_verified_candidate; e\
lapsed 300297 ms
1269. Source 16 -> target 23: started; pair 22/39; elapsed 300297 ms
1270. Source 16 -> target 23: no_embedding; derived_series; elapsed 300297 ms
1271. Source 16 -> target 24: started; pair 23/39; elapsed 300297 ms
1272. Source 16 -> target 24: no_embedding; exhausted_no_verified_candidate; e\
lapsed 300312 ms
1273. Source 16 -> target 25: started; pair 24/39; elapsed 300312 ms
1274. Source 16 -> target 25: not_compared; dimension_orientation; elapsed 300\
312 ms
1275. Source 16 -> target 26: started; pair 25/39; elapsed 300312 ms
1276. Source 16 -> target 26: not_compared; dimension_orientation; elapsed 300\
312 ms
1277. Source 16 -> target 27: started; pair 26/39; elapsed 300312 ms
1278. Source 16 -> target 27: not_compared; dimension_orientation; elapsed 300\
312 ms
1279. Source 16 -> target 28: started; pair 27/39; elapsed 300312 ms
1280. Source 16 -> target 28: not_compared; dimension_orientation; elapsed 300\
312 ms
1281. Source 16 -> target 29: started; pair 28/39; elapsed 300312 ms
1282. Source 16 -> target 29: not_compared; dimension_orientation; elapsed 300\
312 ms
1283. Source 16 -> target 30: started; pair 29/39; elapsed 300312 ms
1284. Source 16 -> target 30: not_compared; dimension_orientation; elapsed 300\
328 ms
1285. Source 16 -> target 31: started; pair 30/39; elapsed 300328 ms
1286. Source 16 -> target 31: not_compared; dimension_orientation; elapsed 300\
328 ms
1287. Source 16 -> target 32: started; pair 31/39; elapsed 300328 ms
1288. Source 16 -> target 32: not_compared; dimension_orientation; elapsed 300\
343 ms
1289. Source 16 -> target 33: started; pair 32/39; elapsed 300343 ms
1290. Source 16 -> target 33: not_compared; dimension_orientation; elapsed 300\
343 ms
1291. Source 16 -> target 34: started; pair 33/39; elapsed 300343 ms
1292. Source 16 -> target 34: not_compared; dimension_orientation; elapsed 300\
343 ms
1293. Source 16 -> target 35: started; pair 34/39; elapsed 300343 ms
1294. Source 16 -> target 35: not_compared; dimension_orientation; elapsed 300\
343 ms
1295. Source 16 -> target 36: started; pair 35/39; elapsed 300343 ms
1296. Source 16 -> target 36: not_compared; dimension_orientation; elapsed 300\
343 ms
1297. Source 16 -> target 37: started; pair 36/39; elapsed 300343 ms
1298. Source 16 -> target 37: not_compared; dimension_orientation; elapsed 300\
359 ms
1299. Source 16 -> target 38: started; pair 37/39; elapsed 300359 ms
1300. Source 16 -> target 38: no_embedding; order_divisibility; elapsed 300359\
 ms
1301. Source 16 -> target 39: started; pair 38/39; elapsed 300359 ms
1302. Source 16 -> target 39: no_embedding; order_divisibility; elapsed 300359\
 ms
1303. Source 16 -> target 40: started; pair 39/39; elapsed 300359 ms
1304. Source 16 -> target 40: no_embedding; order_divisibility; elapsed 300375\
 ms
1305. Source 16: completed; positives 5; unresolved 0; elapsed 300375 ms
1306. Source 17 -> target 1: started; pair 1/39; elapsed 300375 ms
1307. Source 17 -> target 1: embedded; found; elapsed 300672 ms
1308. Source 17 -> target 2: started; pair 2/39; elapsed 300672 ms
1309. Source 17 -> target 2: no_embedding; order_divisibility; elapsed 300672 \
ms
1310. Source 17 -> target 3: started; pair 3/39; elapsed 300672 ms
1311. Source 17 -> target 3: embedded; found; elapsed 300859 ms
1312. Source 17 -> target 4: started; pair 4/39; elapsed 300859 ms
1313. Source 17 -> target 4: no_embedding; order_divisibility; elapsed 300875 \
ms
1314. Source 17 -> target 5: started; pair 5/39; elapsed 300875 ms
1315. Source 17 -> target 5: no_embedding; derived_series; elapsed 300875 ms
1316. Source 17 -> target 6: started; pair 6/39; elapsed 300875 ms
1317. Source 17 -> target 6: embedded; found; elapsed 300937 ms
1318. Source 17 -> target 7: started; pair 7/39; elapsed 300937 ms
1319. Source 17 -> target 7: no_embedding; order_divisibility; elapsed 300937 \
ms
1320. Source 17 -> target 8: started; pair 8/39; elapsed 300937 ms
1321. Source 17 -> target 8: embedded; found; elapsed 301015 ms
1322. Source 17 -> target 9: started; pair 9/39; elapsed 301015 ms
1323. Source 17 -> target 9: no_embedding; order_divisibility; elapsed 301015 \
ms
1324. Source 17 -> target 10: started; pair 10/39; elapsed 301015 ms
1325. Source 17 -> target 10: no_embedding; derived_series; elapsed 301015 ms
1326. Source 17 -> target 11: started; pair 11/39; elapsed 301015 ms
1327. Source 17 -> target 11: not_compared; dimension_orientation; elapsed 301\
015 ms
1328. Source 17 -> target 12: started; pair 12/39; elapsed 301015 ms
1329. Source 17 -> target 12: not_compared; dimension_orientation; elapsed 301\
031 ms
1330. Source 17 -> target 13: started; pair 13/39; elapsed 301031 ms
1331. Source 17 -> target 13: not_compared; dimension_orientation; elapsed 301\
031 ms
1332. Source 17 -> target 14: started; pair 14/39; elapsed 301031 ms
1333. Source 17 -> target 14: no_embedding; exhausted_no_verified_candidate; e\
lapsed 301031 ms
1334. Source 17 -> target 15: started; pair 15/39; elapsed 301031 ms
1335. Source 17 -> target 15: not_compared; dimension_orientation; elapsed 301\
031 ms
1336. Source 17 -> target 16: started; pair 16/39; elapsed 301031 ms
1337. Source 17 -> target 16: not_compared; dimension_orientation; elapsed 301\
031 ms
1338. Source 17 -> target 18: started; pair 17/39; elapsed 301031 ms
1339. Source 17 -> target 18: not_compared; dimension_orientation; elapsed 301\
031 ms
1340. Source 17 -> target 19: started; pair 18/39; elapsed 301031 ms
1341. Source 17 -> target 19: not_compared; dimension_orientation; elapsed 301\
031 ms
1342. Source 17 -> target 20: started; pair 19/39; elapsed 301031 ms
1343. Source 17 -> target 20: not_compared; dimension_orientation; elapsed 301\
031 ms
1344. Source 17 -> target 21: started; pair 20/39; elapsed 301031 ms
1345. Source 17 -> target 21: not_compared; dimension_orientation; elapsed 301\
031 ms
1346. Source 17 -> target 22: started; pair 21/39; elapsed 301031 ms
1347. Source 17 -> target 22: no_embedding; order_divisibility; elapsed 301031\
 ms
1348. Source 17 -> target 23: started; pair 22/39; elapsed 301031 ms
1349. Source 17 -> target 23: no_embedding; exhausted_no_verified_candidate; e\
lapsed 301031 ms
1350. Source 17 -> target 24: started; pair 23/39; elapsed 301031 ms
1351. Source 17 -> target 24: no_embedding; exhausted_no_verified_candidate; e\
lapsed 301031 ms
1352. Source 17 -> target 25: started; pair 24/39; elapsed 301031 ms
1353. Source 17 -> target 25: not_compared; dimension_orientation; elapsed 301\
031 ms
1354. Source 17 -> target 26: started; pair 25/39; elapsed 301031 ms
1355. Source 17 -> target 26: not_compared; dimension_orientation; elapsed 301\
047 ms
1356. Source 17 -> target 27: started; pair 26/39; elapsed 301047 ms
1357. Source 17 -> target 27: not_compared; dimension_orientation; elapsed 301\
047 ms
1358. Source 17 -> target 28: started; pair 27/39; elapsed 301047 ms
1359. Source 17 -> target 28: not_compared; dimension_orientation; elapsed 301\
047 ms
1360. Source 17 -> target 29: started; pair 28/39; elapsed 301047 ms
1361. Source 17 -> target 29: not_compared; dimension_orientation; elapsed 301\
062 ms
1362. Source 17 -> target 30: started; pair 29/39; elapsed 301062 ms
1363. Source 17 -> target 30: not_compared; dimension_orientation; elapsed 301\
062 ms
1364. Source 17 -> target 31: started; pair 30/39; elapsed 301062 ms
1365. Source 17 -> target 31: not_compared; dimension_orientation; elapsed 301\
062 ms
1366. Source 17 -> target 32: started; pair 31/39; elapsed 301062 ms
1367. Source 17 -> target 32: not_compared; dimension_orientation; elapsed 301\
062 ms
1368. Source 17 -> target 33: started; pair 32/39; elapsed 301062 ms
1369. Source 17 -> target 33: not_compared; dimension_orientation; elapsed 301\
062 ms
1370. Source 17 -> target 34: started; pair 33/39; elapsed 301062 ms
1371. Source 17 -> target 34: not_compared; dimension_orientation; elapsed 301\
078 ms
1372. Source 17 -> target 35: started; pair 34/39; elapsed 301078 ms
1373. Source 17 -> target 35: not_compared; dimension_orientation; elapsed 301\
078 ms
1374. Source 17 -> target 36: started; pair 35/39; elapsed 301078 ms
1375. Source 17 -> target 36: not_compared; dimension_orientation; elapsed 301\
093 ms
1376. Source 17 -> target 37: started; pair 36/39; elapsed 301093 ms
1377. Source 17 -> target 37: not_compared; dimension_orientation; elapsed 301\
093 ms
1378. Source 17 -> target 38: started; pair 37/39; elapsed 301093 ms
1379. Source 17 -> target 38: no_embedding; order_divisibility; elapsed 301093\
 ms
1380. Source 17 -> target 39: started; pair 38/39; elapsed 301093 ms
1381. Source 17 -> target 39: no_embedding; order_divisibility; elapsed 301093\
 ms
1382. Source 17 -> target 40: started; pair 39/39; elapsed 301093 ms
1383. Source 17 -> target 40: no_embedding; order_divisibility; elapsed 301093\
 ms
1384. Source 17: completed; positives 4; unresolved 0; elapsed 301093 ms
1385. Source 18 -> target 1: started; pair 1/39; elapsed 301093 ms
1386. Source 18 -> target 1: embedded; found; elapsed 302312 ms
1387. Source 18 -> target 2: started; pair 2/39; elapsed 302312 ms
1388. Source 18 -> target 2: embedded; found; elapsed 303500 ms
1389. Source 18 -> target 3: started; pair 3/39; elapsed 303500 ms
1390. Source 18 -> target 3: embedded; found; elapsed 303593 ms
1391. Source 18 -> target 4: started; pair 4/39; elapsed 303593 ms
1392. Source 18 -> target 4: no_embedding; order_divisibility; elapsed 303593 \
ms
1393. Source 18 -> target 5: started; pair 5/39; elapsed 303593 ms
1394. Source 18 -> target 5: no_embedding; order_divisibility; elapsed 303593 \
ms
1395. Source 18 -> target 6: started; pair 6/39; elapsed 303593 ms
1396. Source 18 -> target 6: no_embedding; order_divisibility; elapsed 303609 \
ms
1397. Source 18 -> target 7: started; pair 7/39; elapsed 303609 ms
1398. Source 18 -> target 7: embedded; found; elapsed 303672 ms
1399. Source 18 -> target 8: started; pair 8/39; elapsed 303672 ms
1400. Source 18 -> target 8: embedded; found; elapsed 303750 ms
1401. Source 18 -> target 9: started; pair 9/39; elapsed 303750 ms
1402. Source 18 -> target 9: no_embedding; order_divisibility; elapsed 303750 \
ms
1403. Source 18 -> target 10: started; pair 10/39; elapsed 303750 ms
1404. Source 18 -> target 10: no_embedding; order_divisibility; elapsed 303750\
 ms
1405. Source 18 -> target 11: started; pair 11/39; elapsed 303750 ms
1406. Source 18 -> target 11: not_compared; dimension_orientation; elapsed 303\
750 ms
1407. Source 18 -> target 12: started; pair 12/39; elapsed 303750 ms
1408. Source 18 -> target 12: not_compared; dimension_orientation; elapsed 303\
765 ms
1409. Source 18 -> target 13: started; pair 13/39; elapsed 303765 ms
1410. Source 18 -> target 13: not_compared; dimension_orientation; elapsed 303\
765 ms
1411. Source 18 -> target 14: started; pair 14/39; elapsed 303765 ms
1412. Source 18 -> target 14: no_embedding; order_divisibility; elapsed 303765\
 ms
1413. Source 18 -> target 15: started; pair 15/39; elapsed 303765 ms
1414. Source 18 -> target 15: not_compared; dimension_orientation; elapsed 303\
781 ms
1415. Source 18 -> target 16: started; pair 16/39; elapsed 303781 ms
1416. Source 18 -> target 16: not_compared; dimension_orientation; elapsed 303\
781 ms
1417. Source 18 -> target 17: started; pair 17/39; elapsed 303781 ms
1418. Source 18 -> target 17: not_compared; dimension_orientation; elapsed 303\
781 ms
1419. Source 18 -> target 19: started; pair 18/39; elapsed 303781 ms
1420. Source 18 -> target 19: not_compared; dimension_orientation; elapsed 303\
781 ms
1421. Source 18 -> target 20: started; pair 19/39; elapsed 303781 ms
1422. Source 18 -> target 20: not_compared; dimension_orientation; elapsed 303\
781 ms
1423. Source 18 -> target 21: started; pair 20/39; elapsed 303781 ms
1424. Source 18 -> target 21: not_compared; dimension_orientation; elapsed 303\
781 ms
1425. Source 18 -> target 22: started; pair 21/39; elapsed 303781 ms
1426. Source 18 -> target 22: no_embedding; order_divisibility; elapsed 303781\
 ms
1427. Source 18 -> target 23: started; pair 22/39; elapsed 303781 ms
1428. Source 18 -> target 23: no_embedding; order_divisibility; elapsed 303781\
 ms
1429. Source 18 -> target 24: started; pair 23/39; elapsed 303781 ms
1430. Source 18 -> target 24: no_embedding; order_divisibility; elapsed 303781\
 ms
1431. Source 18 -> target 25: started; pair 24/39; elapsed 303781 ms
1432. Source 18 -> target 25: not_compared; dimension_orientation; elapsed 303\
781 ms
1433. Source 18 -> target 26: started; pair 25/39; elapsed 303781 ms
1434. Source 18 -> target 26: not_compared; dimension_orientation; elapsed 303\
781 ms
1435. Source 18 -> target 27: started; pair 26/39; elapsed 303781 ms
1436. Source 18 -> target 27: not_compared; dimension_orientation; elapsed 303\
781 ms
1437. Source 18 -> target 28: started; pair 27/39; elapsed 303781 ms
1438. Source 18 -> target 28: not_compared; dimension_orientation; elapsed 303\
797 ms
1439. Source 18 -> target 29: started; pair 28/39; elapsed 303797 ms
1440. Source 18 -> target 29: not_compared; dimension_orientation; elapsed 303\
797 ms
1441. Source 18 -> target 30: started; pair 29/39; elapsed 303797 ms
1442. Source 18 -> target 30: not_compared; dimension_orientation; elapsed 303\
812 ms
1443. Source 18 -> target 31: started; pair 30/39; elapsed 303812 ms
1444. Source 18 -> target 31: not_compared; dimension_orientation; elapsed 303\
812 ms
1445. Source 18 -> target 32: started; pair 31/39; elapsed 303812 ms
1446. Source 18 -> target 32: not_compared; dimension_orientation; elapsed 303\
812 ms
1447. Source 18 -> target 33: started; pair 32/39; elapsed 303812 ms
1448. Source 18 -> target 33: not_compared; dimension_orientation; elapsed 303\
812 ms
1449. Source 18 -> target 34: started; pair 33/39; elapsed 303812 ms
1450. Source 18 -> target 34: not_compared; dimension_orientation; elapsed 303\
812 ms
1451. Source 18 -> target 35: started; pair 34/39; elapsed 303812 ms
1452. Source 18 -> target 35: not_compared; dimension_orientation; elapsed 303\
812 ms
1453. Source 18 -> target 36: started; pair 35/39; elapsed 303812 ms
1454. Source 18 -> target 36: not_compared; dimension_orientation; elapsed 303\
828 ms
1455. Source 18 -> target 37: started; pair 36/39; elapsed 303828 ms
1456. Source 18 -> target 37: not_compared; dimension_orientation; elapsed 303\
828 ms
1457. Source 18 -> target 38: started; pair 37/39; elapsed 303828 ms
1458. Source 18 -> target 38: no_embedding; order_divisibility; elapsed 303843\
 ms
1459. Source 18 -> target 39: started; pair 38/39; elapsed 303843 ms
1460. Source 18 -> target 39: no_embedding; order_divisibility; elapsed 303843\
 ms
1461. Source 18 -> target 40: started; pair 39/39; elapsed 303843 ms
1462. Source 18 -> target 40: no_embedding; order_divisibility; elapsed 303843\
 ms
1463. Source 18: completed; positives 5; unresolved 0; elapsed 303843 ms
1464. Source 19 -> target 1: started; pair 1/39; elapsed 303843 ms
1465. Source 19 -> target 1: embedded; found; elapsed 305828 ms
1466. Source 19 -> target 2: started; pair 2/39; elapsed 305828 ms
1467. Source 19 -> target 2: embedded; found; elapsed 306781 ms
1468. Source 19 -> target 3: started; pair 3/39; elapsed 306781 ms
1469. Source 19 -> target 3: no_embedding; exhausted_no_verified_candidate; el\
apsed 306812 ms
1470. Source 19 -> target 4: started; pair 4/39; elapsed 306812 ms
1471. Source 19 -> target 4: embedded; found; elapsed 307218 ms
1472. Source 19 -> target 5: started; pair 5/39; elapsed 307218 ms
1473. Source 19 -> target 5: embedded; found; elapsed 307484 ms
1474. Source 19 -> target 6: started; pair 6/39; elapsed 307484 ms
1475. Source 19 -> target 6: no_embedding; exhausted_no_verified_candidate; el\
apsed 307515 ms
1476. Source 19 -> target 7: started; pair 7/39; elapsed 307515 ms
1477. Source 19 -> target 7: embedded; found; elapsed 307547 ms
1478. Source 19 -> target 8: started; pair 8/39; elapsed 307547 ms
1479. Source 19 -> target 8: no_embedding; exhausted_no_verified_candidate; el\
apsed 307562 ms
1480. Source 19 -> target 9: started; pair 9/39; elapsed 307562 ms
1481. Source 19 -> target 9: no_embedding; exhausted_no_verified_candidate; el\
apsed 307625 ms
1482. Source 19 -> target 10: started; pair 10/39; elapsed 307625 ms
1483. Source 19 -> target 10: embedded; found; elapsed 307797 ms
1484. Source 19 -> target 11: started; pair 11/39; elapsed 307797 ms
1485. Source 19 -> target 11: no_embedding; exhausted_no_verified_candidate; e\
lapsed 307859 ms
1486. Source 19 -> target 12: started; pair 12/39; elapsed 307859 ms
1487. Source 19 -> target 12: embedded; literal_matrix_subgroup; elapsed 30785\
9 ms
1488. Source 19 -> target 13: started; pair 13/39; elapsed 307859 ms
1489. Source 19 -> target 13: embedded; found; elapsed 307937 ms
1490. Source 19 -> target 14: started; pair 14/39; elapsed 307937 ms
1491. Source 19 -> target 14: embedded; found; elapsed 307984 ms
1492. Source 19 -> target 15: started; pair 15/39; elapsed 307984 ms
1493. Source 19 -> target 15: no_embedding; exhausted_no_verified_candidate; e\
lapsed 308031 ms
1494. Source 19 -> target 16: started; pair 16/39; elapsed 308031 ms
1495. Source 19 -> target 16: no_embedding; derived_series; elapsed 308031 ms
1496. Source 19 -> target 17: started; pair 17/39; elapsed 308031 ms
1497. Source 19 -> target 17: no_embedding; exhausted_no_verified_candidate; e\
lapsed 308093 ms
1498. Source 19 -> target 18: started; pair 18/39; elapsed 308093 ms
1499. Source 19 -> target 18: no_embedding; order_divisibility; elapsed 308109\
 ms
1500. Source 19 -> target 20: started; pair 19/39; elapsed 308109 ms
1501. Source 19 -> target 20: not_compared; dimension_orientation; elapsed 308\
109 ms
1502. Source 19 -> target 21: started; pair 20/39; elapsed 308109 ms
1503. Source 19 -> target 21: not_compared; dimension_orientation; elapsed 308\
109 ms
1504. Source 19 -> target 22: started; pair 21/39; elapsed 308109 ms
1505. Source 19 -> target 22: no_embedding; exhausted_no_verified_candidate; e\
lapsed 308140 ms
1506. Source 19 -> target 23: started; pair 22/39; elapsed 308140 ms
1507. Source 19 -> target 23: no_embedding; exhausted_no_verified_candidate; e\
lapsed 308172 ms
1508. Source 19 -> target 24: started; pair 23/39; elapsed 308172 ms
1509. Source 19 -> target 24: no_embedding; exhausted_no_verified_candidate; e\
lapsed 308187 ms
1510. Source 19 -> target 25: started; pair 24/39; elapsed 308187 ms
1511. Source 19 -> target 25: not_compared; dimension_orientation; elapsed 308\
187 ms
1512. Source 19 -> target 26: started; pair 25/39; elapsed 308187 ms
1513. Source 19 -> target 26: not_compared; dimension_orientation; elapsed 308\
187 ms
1514. Source 19 -> target 27: started; pair 26/39; elapsed 308187 ms
1515. Source 19 -> target 27: not_compared; dimension_orientation; elapsed 308\
203 ms
1516. Source 19 -> target 28: started; pair 27/39; elapsed 308203 ms
1517. Source 19 -> target 28: no_embedding; exhausted_no_verified_candidate; e\
lapsed 308203 ms
1518. Source 19 -> target 29: started; pair 28/39; elapsed 308203 ms
1519. Source 19 -> target 29: not_compared; dimension_orientation; elapsed 308\
218 ms
1520. Source 19 -> target 30: started; pair 29/39; elapsed 308218 ms
1521. Source 19 -> target 30: not_compared; dimension_orientation; elapsed 308\
218 ms
1522. Source 19 -> target 31: started; pair 30/39; elapsed 308218 ms
1523. Source 19 -> target 31: not_compared; dimension_orientation; elapsed 308\
218 ms
1524. Source 19 -> target 32: started; pair 31/39; elapsed 308218 ms
1525. Source 19 -> target 32: not_compared; dimension_orientation; elapsed 308\
234 ms
1526. Source 19 -> target 33: started; pair 32/39; elapsed 308234 ms
1527. Source 19 -> target 33: no_embedding; order_divisibility; elapsed 308234\
 ms
1528. Source 19 -> target 34: started; pair 33/39; elapsed 308234 ms
1529. Source 19 -> target 34: not_compared; dimension_orientation; elapsed 308\
250 ms
1530. Source 19 -> target 35: started; pair 34/39; elapsed 308250 ms
1531. Source 19 -> target 35: not_compared; dimension_orientation; elapsed 308\
250 ms
1532. Source 19 -> target 36: started; pair 35/39; elapsed 308250 ms
1533. Source 19 -> target 36: not_compared; dimension_orientation; elapsed 308\
250 ms
1534. Source 19 -> target 37: started; pair 36/39; elapsed 308250 ms
1535. Source 19 -> target 37: not_compared; dimension_orientation; elapsed 308\
250 ms
1536. Source 19 -> target 38: started; pair 37/39; elapsed 308250 ms
1537. Source 19 -> target 38: no_embedding; order_divisibility; elapsed 308250\
 ms
1538. Source 19 -> target 39: started; pair 38/39; elapsed 308250 ms
1539. Source 19 -> target 39: no_embedding; order_divisibility; elapsed 308250\
 ms
1540. Source 19 -> target 40: started; pair 39/39; elapsed 308250 ms
1541. Source 19 -> target 40: no_embedding; order_divisibility; elapsed 308250\
 ms
1542. Source 19: completed; positives 9; unresolved 0; elapsed 308250 ms
1543. Source 20 -> target 1: started; pair 1/39; elapsed 308250 ms
1544. Source 20 -> target 1: embedded; found; elapsed 328422 ms
1545. Source 20 -> target 2: started; pair 2/39; elapsed 328422 ms
1546. Source 20 -> target 2: no_embedding; exhausted_no_verified_candidate; el\
apsed 328468 ms
1547. Source 20 -> target 3: started; pair 3/39; elapsed 328468 ms
1548. Source 20 -> target 3: embedded; found; elapsed 328547 ms
1549. Source 20 -> target 4: started; pair 4/39; elapsed 328547 ms
1550. Source 20 -> target 4: embedded; found; elapsed 328625 ms
1551. Source 20 -> target 5: started; pair 5/39; elapsed 328625 ms
1552. Source 20 -> target 5: embedded; found; elapsed 328750 ms
1553. Source 20 -> target 6: started; pair 6/39; elapsed 328750 ms
1554. Source 20 -> target 6: embedded; found; elapsed 328812 ms
1555. Source 20 -> target 7: started; pair 7/39; elapsed 328812 ms
1556. Source 20 -> target 7: no_embedding; exhausted_no_verified_candidate; el\
apsed 328812 ms
1557. Source 20 -> target 8: started; pair 8/39; elapsed 328812 ms
1558. Source 20 -> target 8: no_embedding; exhausted_no_verified_candidate; el\
apsed 328828 ms
1559. Source 20 -> target 9: started; pair 9/39; elapsed 328828 ms
1560. Source 20 -> target 9: embedded; found; elapsed 328906 ms
1561. Source 20 -> target 10: started; pair 10/39; elapsed 328906 ms
1562. Source 20 -> target 10: no_embedding; exhausted_no_verified_candidate; e\
lapsed 328937 ms
1563. Source 20 -> target 11: started; pair 11/39; elapsed 328937 ms
1564. Source 20 -> target 11: embedded; found; elapsed 328984 ms
1565. Source 20 -> target 12: started; pair 12/39; elapsed 328984 ms
1566. Source 20 -> target 12: no_embedding; exhausted_no_verified_candidate; e\
lapsed 329109 ms
1567. Source 20 -> target 13: started; pair 13/39; elapsed 329109 ms
1568. Source 20 -> target 13: no_embedding; exhausted_no_verified_candidate; e\
lapsed 329125 ms
1569. Source 20 -> target 14: started; pair 14/39; elapsed 329125 ms
1570. Source 20 -> target 14: no_embedding; exhausted_no_verified_candidate; e\
lapsed 329140 ms
1571. Source 20 -> target 15: started; pair 15/39; elapsed 329140 ms
1572. Source 20 -> target 15: embedded; found; elapsed 329203 ms
1573. Source 20 -> target 16: started; pair 16/39; elapsed 329203 ms
1574. Source 20 -> target 16: no_embedding; exhausted_no_verified_candidate; e\
lapsed 329234 ms
1575. Source 20 -> target 17: started; pair 17/39; elapsed 329234 ms
1576. Source 20 -> target 17: no_embedding; exhausted_no_verified_candidate; e\
lapsed 329234 ms
1577. Source 20 -> target 18: started; pair 18/39; elapsed 329234 ms
1578. Source 20 -> target 18: no_embedding; order_divisibility; elapsed 329250\
 ms
1579. Source 20 -> target 19: started; pair 19/39; elapsed 329250 ms
1580. Source 20 -> target 19: not_compared; dimension_orientation; elapsed 329\
250 ms
1581. Source 20 -> target 21: started; pair 20/39; elapsed 329250 ms
1582. Source 20 -> target 21: not_compared; dimension_orientation; elapsed 329\
250 ms
1583. Source 20 -> target 22: started; pair 21/39; elapsed 329250 ms
1584. Source 20 -> target 22: embedded; found; elapsed 329312 ms
1585. Source 20 -> target 23: started; pair 22/39; elapsed 329312 ms
1586. Source 20 -> target 23: no_embedding; exhausted_no_verified_candidate; e\
lapsed 329343 ms
1587. Source 20 -> target 24: started; pair 23/39; elapsed 329343 ms
1588. Source 20 -> target 24: embedded; found; elapsed 329406 ms
1589. Source 20 -> target 25: started; pair 24/39; elapsed 329406 ms
1590. Source 20 -> target 25: not_compared; dimension_orientation; elapsed 329\
406 ms
1591. Source 20 -> target 26: started; pair 25/39; elapsed 329406 ms
1592. Source 20 -> target 26: not_compared; dimension_orientation; elapsed 329\
406 ms
1593. Source 20 -> target 27: started; pair 26/39; elapsed 329406 ms
1594. Source 20 -> target 27: not_compared; dimension_orientation; elapsed 329\
422 ms
1595. Source 20 -> target 28: started; pair 27/39; elapsed 329422 ms
1596. Source 20 -> target 28: no_embedding; exhausted_no_verified_candidate; e\
lapsed 329437 ms
1597. Source 20 -> target 29: started; pair 28/39; elapsed 329437 ms
1598. Source 20 -> target 29: not_compared; dimension_orientation; elapsed 329\
437 ms
1599. Source 20 -> target 30: started; pair 29/39; elapsed 329437 ms
1600. Source 20 -> target 30: not_compared; dimension_orientation; elapsed 329\
453 ms
1601. Source 20 -> target 31: started; pair 30/39; elapsed 329453 ms
1602. Source 20 -> target 31: not_compared; dimension_orientation; elapsed 329\
453 ms
1603. Source 20 -> target 32: started; pair 31/39; elapsed 329453 ms
1604. Source 20 -> target 32: not_compared; dimension_orientation; elapsed 329\
453 ms
1605. Source 20 -> target 33: started; pair 32/39; elapsed 329453 ms
1606. Source 20 -> target 33: no_embedding; order_divisibility; elapsed 329453\
 ms
1607. Source 20 -> target 34: started; pair 33/39; elapsed 329453 ms
1608. Source 20 -> target 34: not_compared; dimension_orientation; elapsed 329\
453 ms
1609. Source 20 -> target 35: started; pair 34/39; elapsed 329453 ms
1610. Source 20 -> target 35: not_compared; dimension_orientation; elapsed 329\
453 ms
1611. Source 20 -> target 36: started; pair 35/39; elapsed 329453 ms
1612. Source 20 -> target 36: not_compared; dimension_orientation; elapsed 329\
468 ms
1613. Source 20 -> target 37: started; pair 36/39; elapsed 329468 ms
1614. Source 20 -> target 37: not_compared; dimension_orientation; elapsed 329\
468 ms
1615. Source 20 -> target 38: started; pair 37/39; elapsed 329468 ms
1616. Source 20 -> target 38: no_embedding; order_divisibility; elapsed 329468\
 ms
1617. Source 20 -> target 39: started; pair 38/39; elapsed 329468 ms
1618. Source 20 -> target 39: no_embedding; order_divisibility; elapsed 329484\
 ms
1619. Source 20 -> target 40: started; pair 39/39; elapsed 329484 ms
1620. Source 20 -> target 40: no_embedding; order_divisibility; elapsed 329484\
 ms
1621. Source 20: completed; positives 10; unresolved 0; elapsed 329484 ms
1622. Source 21 -> target 1: started; pair 1/39; elapsed 329484 ms
1623. Source 21 -> target 1: embedded; found; elapsed 331437 ms
1624. Source 21 -> target 2: started; pair 2/39; elapsed 331437 ms
1625. Source 21 -> target 2: no_embedding; exhausted_no_verified_candidate; el\
apsed 331484 ms
1626. Source 21 -> target 3: started; pair 3/39; elapsed 331484 ms
1627. Source 21 -> target 3: embedded; found; elapsed 331547 ms
1628. Source 21 -> target 4: started; pair 4/39; elapsed 331547 ms
1629. Source 21 -> target 4: embedded; found; elapsed 331718 ms
1630. Source 21 -> target 5: started; pair 5/39; elapsed 331718 ms
1631. Source 21 -> target 5: embedded; found; elapsed 331953 ms
1632. Source 21 -> target 6: started; pair 6/39; elapsed 331953 ms
1633. Source 21 -> target 6: no_embedding; exhausted_no_verified_candidate; el\
apsed 331953 ms
1634. Source 21 -> target 7: started; pair 7/39; elapsed 331953 ms
1635. Source 21 -> target 7: no_embedding; exhausted_no_verified_candidate; el\
apsed 331968 ms
1636. Source 21 -> target 8: started; pair 8/39; elapsed 331968 ms
1637. Source 21 -> target 8: embedded; found; elapsed 332015 ms
1638. Source 21 -> target 9: started; pair 9/39; elapsed 332015 ms
1639. Source 21 -> target 9: embedded; found; elapsed 332078 ms
1640. Source 21 -> target 10: started; pair 10/39; elapsed 332078 ms
1641. Source 21 -> target 10: embedded; found; elapsed 332140 ms
1642. Source 21 -> target 11: started; pair 11/39; elapsed 332140 ms
1643. Source 21 -> target 11: no_embedding; order_divisibility; elapsed 332140\
 ms
1644. Source 21 -> target 12: started; pair 12/39; elapsed 332140 ms
1645. Source 21 -> target 12: embedded; found; elapsed 332203 ms
1646. Source 21 -> target 13: started; pair 13/39; elapsed 332203 ms
1647. Source 21 -> target 13: no_embedding; exhausted_no_verified_candidate; e\
lapsed 332218 ms
1648. Source 21 -> target 14: started; pair 14/39; elapsed 332218 ms
1649. Source 21 -> target 14: no_embedding; exhausted_no_verified_candidate; e\
lapsed 332234 ms
1650. Source 21 -> target 15: started; pair 15/39; elapsed 332234 ms
1651. Source 21 -> target 15: no_embedding; exhausted_no_verified_candidate; e\
lapsed 332234 ms
1652. Source 21 -> target 16: started; pair 16/39; elapsed 332234 ms
1653. Source 21 -> target 16: no_embedding; derived_series; elapsed 332250 ms
1654. Source 21 -> target 17: started; pair 17/39; elapsed 332250 ms
1655. Source 21 -> target 17: no_embedding; exhausted_no_verified_candidate; e\
lapsed 332250 ms
1656. Source 21 -> target 18: started; pair 18/39; elapsed 332250 ms
1657. Source 21 -> target 18: no_embedding; order_divisibility; elapsed 332250\
 ms
1658. Source 21 -> target 19: started; pair 19/39; elapsed 332250 ms
1659. Source 21 -> target 19: not_compared; dimension_orientation; elapsed 332\
265 ms
1660. Source 21 -> target 20: started; pair 20/39; elapsed 332265 ms
1661. Source 21 -> target 20: not_compared; dimension_orientation; elapsed 332\
265 ms
1662. Source 21 -> target 22: started; pair 21/39; elapsed 332265 ms
1663. Source 21 -> target 22: no_embedding; exhausted_no_verified_candidate; e\
lapsed 332281 ms
1664. Source 21 -> target 23: started; pair 22/39; elapsed 332281 ms
1665. Source 21 -> target 23: embedded; found; elapsed 332359 ms
1666. Source 21 -> target 24: started; pair 23/39; elapsed 332359 ms
1667. Source 21 -> target 24: no_embedding; exhausted_no_verified_candidate; e\
lapsed 332359 ms
1668. Source 21 -> target 25: started; pair 24/39; elapsed 332359 ms
1669. Source 21 -> target 25: not_compared; dimension_orientation; elapsed 332\
375 ms
1670. Source 21 -> target 26: started; pair 25/39; elapsed 332375 ms
1671. Source 21 -> target 26: not_compared; dimension_orientation; elapsed 332\
375 ms
1672. Source 21 -> target 27: started; pair 26/39; elapsed 332375 ms
1673. Source 21 -> target 27: not_compared; dimension_orientation; elapsed 332\
375 ms
1674. Source 21 -> target 28: started; pair 27/39; elapsed 332375 ms
1675. Source 21 -> target 28: no_embedding; order_divisibility; elapsed 332390\
 ms
1676. Source 21 -> target 29: started; pair 28/39; elapsed 332390 ms
1677. Source 21 -> target 29: not_compared; dimension_orientation; elapsed 332\
390 ms
1678. Source 21 -> target 30: started; pair 29/39; elapsed 332390 ms
1679. Source 21 -> target 30: not_compared; dimension_orientation; elapsed 332\
390 ms
1680. Source 21 -> target 31: started; pair 30/39; elapsed 332390 ms
1681. Source 21 -> target 31: not_compared; dimension_orientation; elapsed 332\
406 ms
1682. Source 21 -> target 32: started; pair 31/39; elapsed 332406 ms
1683. Source 21 -> target 32: not_compared; dimension_orientation; elapsed 332\
406 ms
1684. Source 21 -> target 33: started; pair 32/39; elapsed 332406 ms
1685. Source 21 -> target 33: no_embedding; order_divisibility; elapsed 332406\
 ms
1686. Source 21 -> target 34: started; pair 33/39; elapsed 332406 ms
1687. Source 21 -> target 34: not_compared; dimension_orientation; elapsed 332\
406 ms
1688. Source 21 -> target 35: started; pair 34/39; elapsed 332406 ms
1689. Source 21 -> target 35: not_compared; dimension_orientation; elapsed 332\
406 ms
1690. Source 21 -> target 36: started; pair 35/39; elapsed 332406 ms
1691. Source 21 -> target 36: not_compared; dimension_orientation; elapsed 332\
406 ms
1692. Source 21 -> target 37: started; pair 36/39; elapsed 332406 ms
1693. Source 21 -> target 37: not_compared; dimension_orientation; elapsed 332\
406 ms
1694. Source 21 -> target 38: started; pair 37/39; elapsed 332406 ms
1695. Source 21 -> target 38: no_embedding; order_divisibility; elapsed 332406\
 ms
1696. Source 21 -> target 39: started; pair 38/39; elapsed 332406 ms
1697. Source 21 -> target 39: no_embedding; order_divisibility; elapsed 332406\
 ms
1698. Source 21 -> target 40: started; pair 39/39; elapsed 332406 ms
1699. Source 21 -> target 40: no_embedding; order_divisibility; elapsed 332406\
 ms
1700. Source 21: completed; positives 9; unresolved 0; elapsed 332406 ms
1701. Source 22 -> target 1: started; pair 1/39; elapsed 332406 ms
1702. Source 22 -> target 1: no_embedding; exhausted_no_verified_candidate; el\
apsed 333531 ms
1703. Source 22 -> target 2: started; pair 2/39; elapsed 333531 ms
1704. Source 22 -> target 2: no_embedding; exponent; elapsed 333531 ms
1705. Source 22 -> target 3: started; pair 3/39; elapsed 333531 ms
1706. Source 22 -> target 3: no_embedding; exhausted_no_verified_candidate; el\
apsed 333547 ms
1707. Source 22 -> target 4: started; pair 4/39; elapsed 333547 ms
1708. Source 22 -> target 4: not_compared; dimension_orientation; elapsed 3335\
47 ms
1709. Source 22 -> target 5: started; pair 5/39; elapsed 333547 ms
1710. Source 22 -> target 5: embedded; found; elapsed 333750 ms
1711. Source 22 -> target 6: started; pair 6/39; elapsed 333750 ms
1712. Source 22 -> target 6: not_compared; dimension_orientation; elapsed 3337\
50 ms
1713. Source 22 -> target 7: started; pair 7/39; elapsed 333750 ms
1714. Source 22 -> target 7: not_compared; dimension_orientation; elapsed 3337\
65 ms
1715. Source 22 -> target 8: started; pair 8/39; elapsed 333765 ms
1716. Source 22 -> target 8: not_compared; dimension_orientation; elapsed 3337\
65 ms
1717. Source 22 -> target 9: started; pair 9/39; elapsed 333765 ms
1718. Source 22 -> target 9: not_compared; dimension_orientation; elapsed 3337\
65 ms
1719. Source 22 -> target 10: started; pair 10/39; elapsed 333765 ms
1720. Source 22 -> target 10: not_compared; dimension_orientation; elapsed 333\
765 ms
1721. Source 22 -> target 11: started; pair 11/39; elapsed 333765 ms
1722. Source 22 -> target 11: not_compared; dimension_orientation; elapsed 333\
781 ms
1723. Source 22 -> target 12: started; pair 12/39; elapsed 333781 ms
1724. Source 22 -> target 12: not_compared; dimension_orientation; elapsed 333\
781 ms
1725. Source 22 -> target 13: started; pair 13/39; elapsed 333781 ms
1726. Source 22 -> target 13: not_compared; dimension_orientation; elapsed 333\
781 ms
1727. Source 22 -> target 14: started; pair 14/39; elapsed 333781 ms
1728. Source 22 -> target 14: not_compared; dimension_orientation; elapsed 333\
781 ms
1729. Source 22 -> target 15: started; pair 15/39; elapsed 333781 ms
1730. Source 22 -> target 15: not_compared; dimension_orientation; elapsed 333\
781 ms
1731. Source 22 -> target 16: started; pair 16/39; elapsed 333781 ms
1732. Source 22 -> target 16: not_compared; dimension_orientation; elapsed 333\
781 ms
1733. Source 22 -> target 17: started; pair 17/39; elapsed 333781 ms
1734. Source 22 -> target 17: not_compared; dimension_orientation; elapsed 333\
781 ms
1735. Source 22 -> target 18: started; pair 18/39; elapsed 333781 ms
1736. Source 22 -> target 18: not_compared; dimension_orientation; elapsed 333\
797 ms
1737. Source 22 -> target 19: started; pair 19/39; elapsed 333797 ms
1738. Source 22 -> target 19: not_compared; dimension_orientation; elapsed 333\
797 ms
1739. Source 22 -> target 20: started; pair 20/39; elapsed 333797 ms
1740. Source 22 -> target 20: not_compared; dimension_orientation; elapsed 333\
797 ms
1741. Source 22 -> target 21: started; pair 21/39; elapsed 333797 ms
1742. Source 22 -> target 21: not_compared; dimension_orientation; elapsed 333\
797 ms
1743. Source 22 -> target 23: started; pair 22/39; elapsed 333797 ms
1744. Source 22 -> target 23: not_compared; dimension_orientation; elapsed 333\
797 ms
1745. Source 22 -> target 24: started; pair 23/39; elapsed 333797 ms
1746. Source 22 -> target 24: embedded; literal_matrix_subgroup; elapsed 33379\
7 ms
1747. Source 22 -> target 25: started; pair 24/39; elapsed 333797 ms
1748. Source 22 -> target 25: not_compared; dimension_orientation; elapsed 333\
812 ms
1749. Source 22 -> target 26: started; pair 25/39; elapsed 333812 ms
1750. Source 22 -> target 26: not_compared; dimension_orientation; elapsed 333\
812 ms
1751. Source 22 -> target 27: started; pair 26/39; elapsed 333812 ms
1752. Source 22 -> target 27: not_compared; dimension_orientation; elapsed 333\
812 ms
1753. Source 22 -> target 28: started; pair 27/39; elapsed 333812 ms
1754. Source 22 -> target 28: not_compared; dimension_orientation; elapsed 333\
828 ms
1755. Source 22 -> target 29: started; pair 28/39; elapsed 333828 ms
1756. Source 22 -> target 29: not_compared; dimension_orientation; elapsed 333\
828 ms
1757. Source 22 -> target 30: started; pair 29/39; elapsed 333828 ms
1758. Source 22 -> target 30: not_compared; dimension_orientation; elapsed 333\
828 ms
1759. Source 22 -> target 31: started; pair 30/39; elapsed 333828 ms
1760. Source 22 -> target 31: not_compared; dimension_orientation; elapsed 333\
843 ms
1761. Source 22 -> target 32: started; pair 31/39; elapsed 333843 ms
1762. Source 22 -> target 32: not_compared; dimension_orientation; elapsed 333\
843 ms
1763. Source 22 -> target 33: started; pair 32/39; elapsed 333843 ms
1764. Source 22 -> target 33: not_compared; dimension_orientation; elapsed 333\
843 ms
1765. Source 22 -> target 34: started; pair 33/39; elapsed 333843 ms
1766. Source 22 -> target 34: not_compared; dimension_orientation; elapsed 333\
859 ms
1767. Source 22 -> target 35: started; pair 34/39; elapsed 333859 ms
1768. Source 22 -> target 35: not_compared; dimension_orientation; elapsed 333\
859 ms
1769. Source 22 -> target 36: started; pair 35/39; elapsed 333859 ms
1770. Source 22 -> target 36: not_compared; dimension_orientation; elapsed 333\
859 ms
1771. Source 22 -> target 37: started; pair 36/39; elapsed 333859 ms
1772. Source 22 -> target 37: not_compared; dimension_orientation; elapsed 333\
859 ms
1773. Source 22 -> target 38: started; pair 37/39; elapsed 333859 ms
1774. Source 22 -> target 38: not_compared; dimension_orientation; elapsed 333\
859 ms
1775. Source 22 -> target 39: started; pair 38/39; elapsed 333859 ms
1776. Source 22 -> target 39: not_compared; dimension_orientation; elapsed 333\
875 ms
1777. Source 22 -> target 40: started; pair 39/39; elapsed 333875 ms
1778. Source 22 -> target 40: no_embedding; order_divisibility; elapsed 333875\
 ms
1779. Source 22: completed; positives 2; unresolved 0; elapsed 333875 ms
1780. Source 23 -> target 1: started; pair 1/39; elapsed 333875 ms
1781. Source 23 -> target 1: no_embedding; exhausted_no_verified_candidate; el\
apsed 334109 ms
1782. Source 23 -> target 2: started; pair 2/39; elapsed 334109 ms
1783. Source 23 -> target 2: no_embedding; order_divisibility; elapsed 334109 \
ms
1784. Source 23 -> target 3: started; pair 3/39; elapsed 334109 ms
1785. Source 23 -> target 3: no_embedding; exhausted_no_verified_candidate; el\
apsed 334109 ms
1786. Source 23 -> target 4: started; pair 4/39; elapsed 334109 ms
1787. Source 23 -> target 4: not_compared; dimension_orientation; elapsed 3341\
09 ms
1788. Source 23 -> target 5: started; pair 5/39; elapsed 334109 ms
1789. Source 23 -> target 5: embedded; found; elapsed 334281 ms
1790. Source 23 -> target 6: started; pair 6/39; elapsed 334281 ms
1791. Source 23 -> target 6: not_compared; dimension_orientation; elapsed 3342\
81 ms
1792. Source 23 -> target 7: started; pair 7/39; elapsed 334281 ms
1793. Source 23 -> target 7: not_compared; dimension_orientation; elapsed 3342\
81 ms
1794. Source 23 -> target 8: started; pair 8/39; elapsed 334281 ms
1795. Source 23 -> target 8: not_compared; dimension_orientation; elapsed 3342\
81 ms
1796. Source 23 -> target 9: started; pair 9/39; elapsed 334281 ms
1797. Source 23 -> target 9: not_compared; dimension_orientation; elapsed 3342\
81 ms
1798. Source 23 -> target 10: started; pair 10/39; elapsed 334281 ms
1799. Source 23 -> target 10: not_compared; dimension_orientation; elapsed 334\
297 ms
1800. Source 23 -> target 11: started; pair 11/39; elapsed 334297 ms
1801. Source 23 -> target 11: not_compared; dimension_orientation; elapsed 334\
297 ms
1802. Source 23 -> target 12: started; pair 12/39; elapsed 334297 ms
1803. Source 23 -> target 12: not_compared; dimension_orientation; elapsed 334\
297 ms
1804. Source 23 -> target 13: started; pair 13/39; elapsed 334297 ms
1805. Source 23 -> target 13: not_compared; dimension_orientation; elapsed 334\
297 ms
1806. Source 23 -> target 14: started; pair 14/39; elapsed 334297 ms
1807. Source 23 -> target 14: not_compared; dimension_orientation; elapsed 334\
297 ms
1808. Source 23 -> target 15: started; pair 15/39; elapsed 334297 ms
1809. Source 23 -> target 15: not_compared; dimension_orientation; elapsed 334\
297 ms
1810. Source 23 -> target 16: started; pair 16/39; elapsed 334297 ms
1811. Source 23 -> target 16: not_compared; dimension_orientation; elapsed 334\
297 ms
1812. Source 23 -> target 17: started; pair 17/39; elapsed 334297 ms
1813. Source 23 -> target 17: not_compared; dimension_orientation; elapsed 334\
297 ms
1814. Source 23 -> target 18: started; pair 18/39; elapsed 334297 ms
1815. Source 23 -> target 18: not_compared; dimension_orientation; elapsed 334\
297 ms
1816. Source 23 -> target 19: started; pair 19/39; elapsed 334297 ms
1817. Source 23 -> target 19: not_compared; dimension_orientation; elapsed 334\
297 ms
1818. Source 23 -> target 20: started; pair 20/39; elapsed 334297 ms
1819. Source 23 -> target 20: not_compared; dimension_orientation; elapsed 334\
297 ms
1820. Source 23 -> target 21: started; pair 21/39; elapsed 334297 ms
1821. Source 23 -> target 21: not_compared; dimension_orientation; elapsed 334\
297 ms
1822. Source 23 -> target 22: started; pair 22/39; elapsed 334297 ms
1823. Source 23 -> target 22: not_compared; dimension_orientation; elapsed 334\
297 ms
1824. Source 23 -> target 24: started; pair 23/39; elapsed 334297 ms
1825. Source 23 -> target 24: no_embedding; exhausted_no_verified_candidate; e\
lapsed 334312 ms
1826. Source 23 -> target 25: started; pair 24/39; elapsed 334312 ms
1827. Source 23 -> target 25: not_compared; dimension_orientation; elapsed 334\
312 ms
1828. Source 23 -> target 26: started; pair 25/39; elapsed 334312 ms
1829. Source 23 -> target 26: not_compared; dimension_orientation; elapsed 334\
328 ms
1830. Source 23 -> target 27: started; pair 26/39; elapsed 334328 ms
1831. Source 23 -> target 27: not_compared; dimension_orientation; elapsed 334\
328 ms
1832. Source 23 -> target 28: started; pair 27/39; elapsed 334328 ms
1833. Source 23 -> target 28: not_compared; dimension_orientation; elapsed 334\
343 ms
1834. Source 23 -> target 29: started; pair 28/39; elapsed 334343 ms
1835. Source 23 -> target 29: not_compared; dimension_orientation; elapsed 334\
343 ms
1836. Source 23 -> target 30: started; pair 29/39; elapsed 334343 ms
1837. Source 23 -> target 30: not_compared; dimension_orientation; elapsed 334\
343 ms
1838. Source 23 -> target 31: started; pair 30/39; elapsed 334343 ms
1839. Source 23 -> target 31: not_compared; dimension_orientation; elapsed 334\
359 ms
1840. Source 23 -> target 32: started; pair 31/39; elapsed 334359 ms
1841. Source 23 -> target 32: not_compared; dimension_orientation; elapsed 334\
359 ms
1842. Source 23 -> target 33: started; pair 32/39; elapsed 334359 ms
1843. Source 23 -> target 33: not_compared; dimension_orientation; elapsed 334\
375 ms
1844. Source 23 -> target 34: started; pair 33/39; elapsed 334375 ms
1845. Source 23 -> target 34: not_compared; dimension_orientation; elapsed 334\
375 ms
1846. Source 23 -> target 35: started; pair 34/39; elapsed 334375 ms
1847. Source 23 -> target 35: not_compared; dimension_orientation; elapsed 334\
390 ms
1848. Source 23 -> target 36: started; pair 35/39; elapsed 334390 ms
1849. Source 23 -> target 36: not_compared; dimension_orientation; elapsed 334\
390 ms
1850. Source 23 -> target 37: started; pair 36/39; elapsed 334390 ms
1851. Source 23 -> target 37: not_compared; dimension_orientation; elapsed 334\
390 ms
1852. Source 23 -> target 38: started; pair 37/39; elapsed 334390 ms
1853. Source 23 -> target 38: not_compared; dimension_orientation; elapsed 334\
406 ms
1854. Source 23 -> target 39: started; pair 38/39; elapsed 334406 ms
1855. Source 23 -> target 39: not_compared; dimension_orientation; elapsed 334\
406 ms
1856. Source 23 -> target 40: started; pair 39/39; elapsed 334406 ms
1857. Source 23 -> target 40: no_embedding; order_divisibility; elapsed 334406\
 ms
1858. Source 23: completed; positives 1; unresolved 0; elapsed 334406 ms
1859. Source 24 -> target 1: started; pair 1/39; elapsed 334406 ms
1860. Source 24 -> target 1: not_compared; dimension_orientation; elapsed 3344\
06 ms
1861. Source 24 -> target 2: started; pair 2/39; elapsed 334406 ms
1862. Source 24 -> target 2: not_compared; dimension_orientation; elapsed 3344\
06 ms
1863. Source 24 -> target 3: started; pair 3/39; elapsed 334406 ms
1864. Source 24 -> target 3: not_compared; dimension_orientation; elapsed 3344\
22 ms
1865. Source 24 -> target 4: started; pair 4/39; elapsed 334422 ms
1866. Source 24 -> target 4: not_compared; dimension_orientation; elapsed 3344\
22 ms
1867. Source 24 -> target 5: started; pair 5/39; elapsed 334422 ms
1868. Source 24 -> target 5: not_compared; dimension_orientation; elapsed 3344\
22 ms
1869. Source 24 -> target 6: started; pair 6/39; elapsed 334422 ms
1870. Source 24 -> target 6: not_compared; dimension_orientation; elapsed 3344\
22 ms
1871. Source 24 -> target 7: started; pair 7/39; elapsed 334422 ms
1872. Source 24 -> target 7: not_compared; dimension_orientation; elapsed 3344\
22 ms
1873. Source 24 -> target 8: started; pair 8/39; elapsed 334422 ms
1874. Source 24 -> target 8: not_compared; dimension_orientation; elapsed 3344\
22 ms
1875. Source 24 -> target 9: started; pair 9/39; elapsed 334422 ms
1876. Source 24 -> target 9: not_compared; dimension_orientation; elapsed 3344\
22 ms
1877. Source 24 -> target 10: started; pair 10/39; elapsed 334422 ms
1878. Source 24 -> target 10: not_compared; dimension_orientation; elapsed 334\
422 ms
1879. Source 24 -> target 11: started; pair 11/39; elapsed 334422 ms
1880. Source 24 -> target 11: not_compared; dimension_orientation; elapsed 334\
422 ms
1881. Source 24 -> target 12: started; pair 12/39; elapsed 334422 ms
1882. Source 24 -> target 12: not_compared; dimension_orientation; elapsed 334\
422 ms
1883. Source 24 -> target 13: started; pair 13/39; elapsed 334422 ms
1884. Source 24 -> target 13: not_compared; dimension_orientation; elapsed 334\
422 ms
1885. Source 24 -> target 14: started; pair 14/39; elapsed 334422 ms
1886. Source 24 -> target 14: not_compared; dimension_orientation; elapsed 334\
437 ms
1887. Source 24 -> target 15: started; pair 15/39; elapsed 334437 ms
1888. Source 24 -> target 15: not_compared; dimension_orientation; elapsed 334\
437 ms
1889. Source 24 -> target 16: started; pair 16/39; elapsed 334437 ms
1890. Source 24 -> target 16: not_compared; dimension_orientation; elapsed 334\
437 ms
1891. Source 24 -> target 17: started; pair 17/39; elapsed 334437 ms
1892. Source 24 -> target 17: not_compared; dimension_orientation; elapsed 334\
437 ms
1893. Source 24 -> target 18: started; pair 18/39; elapsed 334437 ms
1894. Source 24 -> target 18: not_compared; dimension_orientation; elapsed 334\
437 ms
1895. Source 24 -> target 19: started; pair 19/39; elapsed 334437 ms
1896. Source 24 -> target 19: not_compared; dimension_orientation; elapsed 334\
437 ms
1897. Source 24 -> target 20: started; pair 20/39; elapsed 334437 ms
1898. Source 24 -> target 20: not_compared; dimension_orientation; elapsed 334\
437 ms
1899. Source 24 -> target 21: started; pair 21/39; elapsed 334437 ms
1900. Source 24 -> target 21: not_compared; dimension_orientation; elapsed 334\
437 ms
1901. Source 24 -> target 22: started; pair 22/39; elapsed 334437 ms
1902. Source 24 -> target 22: not_compared; dimension_orientation; elapsed 334\
453 ms
1903. Source 24 -> target 23: started; pair 23/39; elapsed 334453 ms
1904. Source 24 -> target 23: not_compared; dimension_orientation; elapsed 334\
453 ms
1905. Source 24 -> target 25: started; pair 24/39; elapsed 334453 ms
1906. Source 24 -> target 25: not_compared; dimension_orientation; elapsed 334\
453 ms
1907. Source 24 -> target 26: started; pair 25/39; elapsed 334453 ms
1908. Source 24 -> target 26: not_compared; dimension_orientation; elapsed 334\
453 ms
1909. Source 24 -> target 27: started; pair 26/39; elapsed 334453 ms
1910. Source 24 -> target 27: not_compared; dimension_orientation; elapsed 334\
453 ms
1911. Source 24 -> target 28: started; pair 27/39; elapsed 334453 ms
1912. Source 24 -> target 28: not_compared; dimension_orientation; elapsed 334\
453 ms
1913. Source 24 -> target 29: started; pair 28/39; elapsed 334453 ms
1914. Source 24 -> target 29: not_compared; dimension_orientation; elapsed 334\
453 ms
1915. Source 24 -> target 30: started; pair 29/39; elapsed 334453 ms
1916. Source 24 -> target 30: not_compared; dimension_orientation; elapsed 334\
453 ms
1917. Source 24 -> target 31: started; pair 30/39; elapsed 334453 ms
1918. Source 24 -> target 31: not_compared; dimension_orientation; elapsed 334\
453 ms
1919. Source 24 -> target 32: started; pair 31/39; elapsed 334453 ms
1920. Source 24 -> target 32: not_compared; dimension_orientation; elapsed 334\
453 ms
1921. Source 24 -> target 33: started; pair 32/39; elapsed 334453 ms
1922. Source 24 -> target 33: not_compared; dimension_orientation; elapsed 334\
453 ms
1923. Source 24 -> target 34: started; pair 33/39; elapsed 334453 ms
1924. Source 24 -> target 34: not_compared; dimension_orientation; elapsed 334\
453 ms
1925. Source 24 -> target 35: started; pair 34/39; elapsed 334453 ms
1926. Source 24 -> target 35: not_compared; dimension_orientation; elapsed 334\
453 ms
1927. Source 24 -> target 36: started; pair 35/39; elapsed 334453 ms
1928. Source 24 -> target 36: not_compared; dimension_orientation; elapsed 334\
453 ms
1929. Source 24 -> target 37: started; pair 36/39; elapsed 334453 ms
1930. Source 24 -> target 37: not_compared; dimension_orientation; elapsed 334\
468 ms
1931. Source 24 -> target 38: started; pair 37/39; elapsed 334468 ms
1932. Source 24 -> target 38: not_compared; dimension_orientation; elapsed 334\
468 ms
1933. Source 24 -> target 39: started; pair 38/39; elapsed 334468 ms
1934. Source 24 -> target 39: not_compared; dimension_orientation; elapsed 334\
468 ms
1935. Source 24 -> target 40: started; pair 39/39; elapsed 334468 ms
1936. Source 24 -> target 40: not_compared; dimension_orientation; elapsed 334\
468 ms
1937. Source 24: completed; positives 0; unresolved 0; elapsed 334468 ms
1938. Source 25 -> target 1: started; pair 1/39; elapsed 334468 ms
1939. Source 25 -> target 1: embedded; found; elapsed 336187 ms
1940. Source 25 -> target 2: started; pair 2/39; elapsed 336187 ms
1941. Source 25 -> target 2: embedded; found; elapsed 337187 ms
1942. Source 25 -> target 3: started; pair 3/39; elapsed 337187 ms
1943. Source 25 -> target 3: embedded; found; elapsed 337250 ms
1944. Source 25 -> target 4: started; pair 4/39; elapsed 337250 ms
1945. Source 25 -> target 4: no_embedding; exhausted_no_verified_candidate; el\
apsed 337265 ms
1946. Source 25 -> target 5: started; pair 5/39; elapsed 337265 ms
1947. Source 25 -> target 5: no_embedding; exhausted_no_verified_candidate; el\
apsed 337281 ms
1948. Source 25 -> target 6: started; pair 6/39; elapsed 337281 ms
1949. Source 25 -> target 6: embedded; found; elapsed 337343 ms
1950. Source 25 -> target 7: started; pair 7/39; elapsed 337343 ms
1951. Source 25 -> target 7: embedded; found; elapsed 337406 ms
1952. Source 25 -> target 8: started; pair 8/39; elapsed 337406 ms
1953. Source 25 -> target 8: embedded; found; elapsed 337453 ms
1954. Source 25 -> target 9: started; pair 9/39; elapsed 337453 ms
1955. Source 25 -> target 9: no_embedding; exhausted_no_verified_candidate; el\
apsed 337484 ms
1956. Source 25 -> target 10: started; pair 10/39; elapsed 337484 ms
1957. Source 25 -> target 10: embedded; found; elapsed 337531 ms
1958. Source 25 -> target 11: started; pair 11/39; elapsed 337531 ms
1959. Source 25 -> target 11: no_embedding; order_divisibility; elapsed 337531\
 ms
1960. Source 25 -> target 12: started; pair 12/39; elapsed 337531 ms
1961. Source 25 -> target 12: no_embedding; exhausted_no_verified_candidate; e\
lapsed 337531 ms
1962. Source 25 -> target 13: started; pair 13/39; elapsed 337531 ms
1963. Source 25 -> target 13: embedded; found; elapsed 337578 ms
1964. Source 25 -> target 14: started; pair 14/39; elapsed 337578 ms
1965. Source 25 -> target 14: embedded; found; elapsed 337640 ms
1966. Source 25 -> target 15: started; pair 15/39; elapsed 337640 ms
1967. Source 25 -> target 15: no_embedding; exhausted_no_verified_candidate; e\
lapsed 337656 ms
1968. Source 25 -> target 16: started; pair 16/39; elapsed 337656 ms
1969. Source 25 -> target 16: embedded; found; elapsed 337703 ms
1970. Source 25 -> target 17: started; pair 17/39; elapsed 337703 ms
1971. Source 25 -> target 17: embedded; found; elapsed 337750 ms
1972. Source 25 -> target 18: started; pair 18/39; elapsed 337750 ms
1973. Source 25 -> target 18: no_embedding; order_divisibility; elapsed 337750\
 ms
1974. Source 25 -> target 19: started; pair 19/39; elapsed 337750 ms
1975. Source 25 -> target 19: no_embedding; order_divisibility; elapsed 337750\
 ms
1976. Source 25 -> target 20: started; pair 20/39; elapsed 337750 ms
1977. Source 25 -> target 20: no_embedding; order_divisibility; elapsed 337765\
 ms
1978. Source 25 -> target 21: started; pair 21/39; elapsed 337765 ms
1979. Source 25 -> target 21: no_embedding; exhausted_no_verified_candidate; e\
lapsed 337781 ms
1980. Source 25 -> target 22: started; pair 22/39; elapsed 337781 ms
1981. Source 25 -> target 22: no_embedding; exhausted_no_verified_candidate; e\
lapsed 337797 ms
1982. Source 25 -> target 23: started; pair 23/39; elapsed 337797 ms
1983. Source 25 -> target 23: no_embedding; exhausted_no_verified_candidate; e\
lapsed 337797 ms
1984. Source 25 -> target 24: started; pair 24/39; elapsed 337797 ms
1985. Source 25 -> target 24: no_embedding; exhausted_no_verified_candidate; e\
lapsed 337812 ms
1986. Source 25 -> target 26: started; pair 25/39; elapsed 337812 ms
1987. Source 25 -> target 26: embedded; found; elapsed 337890 ms
1988. Source 25 -> target 27: started; pair 26/39; elapsed 337890 ms
1989. Source 25 -> target 27: not_compared; dimension_orientation; elapsed 337\
906 ms
1990. Source 25 -> target 28: started; pair 27/39; elapsed 337906 ms
1991. Source 25 -> target 28: no_embedding; order_divisibility; elapsed 337906\
 ms
1992. Source 25 -> target 29: started; pair 28/39; elapsed 337906 ms
1993. Source 25 -> target 29: not_compared; dimension_orientation; elapsed 337\
922 ms
1994. Source 25 -> target 30: started; pair 29/39; elapsed 337922 ms
1995. Source 25 -> target 30: not_compared; dimension_orientation; elapsed 337\
922 ms
1996. Source 25 -> target 31: started; pair 30/39; elapsed 337922 ms
1997. Source 25 -> target 31: not_compared; dimension_orientation; elapsed 337\
922 ms
1998. Source 25 -> target 32: started; pair 31/39; elapsed 337922 ms
1999. Source 25 -> target 32: not_compared; dimension_orientation; elapsed 337\
922 ms
2000. Source 25 -> target 33: started; pair 32/39; elapsed 337922 ms
2001. Source 25 -> target 33: no_embedding; exhausted_no_verified_candidate; e\
lapsed 337953 ms
2002. Source 25 -> target 34: started; pair 33/39; elapsed 337953 ms
2003. Source 25 -> target 34: not_compared; dimension_orientation; elapsed 337\
968 ms
2004. Source 25 -> target 35: started; pair 34/39; elapsed 337968 ms
2005. Source 25 -> target 35: not_compared; dimension_orientation; elapsed 337\
968 ms
2006. Source 25 -> target 36: started; pair 35/39; elapsed 337968 ms
2007. Source 25 -> target 36: no_embedding; exhausted_no_verified_candidate; e\
lapsed 337968 ms
2008. Source 25 -> target 37: started; pair 36/39; elapsed 337968 ms
2009. Source 25 -> target 37: no_embedding; exhausted_no_verified_candidate; e\
lapsed 337968 ms
2010. Source 25 -> target 38: started; pair 37/39; elapsed 337968 ms
2011. Source 25 -> target 38: no_embedding; exhausted_no_verified_candidate; e\
lapsed 337984 ms
2012. Source 25 -> target 39: started; pair 38/39; elapsed 337984 ms
2013. Source 25 -> target 39: no_embedding; exhausted_no_verified_candidate; e\
lapsed 338015 ms
2014. Source 25 -> target 40: started; pair 39/39; elapsed 338015 ms
2015. Source 25 -> target 40: no_embedding; exhausted_no_verified_candidate; e\
lapsed 338078 ms
2016. Source 25: completed; positives 12; unresolved 0; elapsed 338078 ms
2017. Source 26 -> target 1: started; pair 1/39; elapsed 338078 ms
2018. Source 26 -> target 1: embedded; found; elapsed 338437 ms
2019. Source 26 -> target 2: started; pair 2/39; elapsed 338437 ms
2020. Source 26 -> target 2: no_embedding; order_divisibility; elapsed 338437 \
ms
2021. Source 26 -> target 3: started; pair 3/39; elapsed 338437 ms
2022. Source 26 -> target 3: embedded; found; elapsed 338484 ms
2023. Source 26 -> target 4: started; pair 4/39; elapsed 338484 ms
2024. Source 26 -> target 4: no_embedding; order_divisibility; elapsed 338500 \
ms
2025. Source 26 -> target 5: started; pair 5/39; elapsed 338500 ms
2026. Source 26 -> target 5: no_embedding; derived_series; elapsed 338500 ms
2027. Source 26 -> target 6: started; pair 6/39; elapsed 338500 ms
2028. Source 26 -> target 6: embedded; found; elapsed 338547 ms
2029. Source 26 -> target 7: started; pair 7/39; elapsed 338547 ms
2030. Source 26 -> target 7: no_embedding; order_divisibility; elapsed 338562 \
ms
2031. Source 26 -> target 8: started; pair 8/39; elapsed 338562 ms
2032. Source 26 -> target 8: embedded; found; elapsed 338625 ms
2033. Source 26 -> target 9: started; pair 9/39; elapsed 338625 ms
2034. Source 26 -> target 9: no_embedding; order_divisibility; elapsed 338625 \
ms
2035. Source 26 -> target 10: started; pair 10/39; elapsed 338625 ms
2036. Source 26 -> target 10: embedded; found; elapsed 338687 ms
2037. Source 26 -> target 11: started; pair 11/39; elapsed 338687 ms
2038. Source 26 -> target 11: no_embedding; order_divisibility; elapsed 338687\
 ms
2039. Source 26 -> target 12: started; pair 12/39; elapsed 338687 ms
2040. Source 26 -> target 12: no_embedding; order_divisibility; elapsed 338687\
 ms
2041. Source 26 -> target 13: started; pair 13/39; elapsed 338687 ms
2042. Source 26 -> target 13: no_embedding; order_divisibility; elapsed 338703\
 ms
2043. Source 26 -> target 14: started; pair 14/39; elapsed 338703 ms
2044. Source 26 -> target 14: embedded; found; elapsed 338750 ms
2045. Source 26 -> target 15: started; pair 15/39; elapsed 338750 ms
2046. Source 26 -> target 15: no_embedding; order_divisibility; elapsed 338750\
 ms
2047. Source 26 -> target 16: started; pair 16/39; elapsed 338750 ms
2048. Source 26 -> target 16: no_embedding; order_divisibility; elapsed 338765\
 ms
2049. Source 26 -> target 17: started; pair 17/39; elapsed 338765 ms
2050. Source 26 -> target 17: embedded; found; elapsed 338828 ms
2051. Source 26 -> target 18: started; pair 18/39; elapsed 338828 ms
2052. Source 26 -> target 18: no_embedding; order_divisibility; elapsed 338843\
 ms
2053. Source 26 -> target 19: started; pair 19/39; elapsed 338843 ms
2054. Source 26 -> target 19: not_compared; dimension_orientation; elapsed 338\
843 ms
2055. Source 26 -> target 20: started; pair 20/39; elapsed 338843 ms
2056. Source 26 -> target 20: not_compared; dimension_orientation; elapsed 338\
843 ms
2057. Source 26 -> target 21: started; pair 21/39; elapsed 338843 ms
2058. Source 26 -> target 21: not_compared; dimension_orientation; elapsed 338\
859 ms
2059. Source 26 -> target 22: started; pair 22/39; elapsed 338859 ms
2060. Source 26 -> target 22: no_embedding; order_divisibility; elapsed 338859\
 ms
2061. Source 26 -> target 23: started; pair 23/39; elapsed 338859 ms
2062. Source 26 -> target 23: no_embedding; derived_series; elapsed 338875 ms
2063. Source 26 -> target 24: started; pair 24/39; elapsed 338875 ms
2064. Source 26 -> target 24: no_embedding; exhausted_no_verified_candidate; e\
lapsed 338875 ms
2065. Source 26 -> target 25: started; pair 25/39; elapsed 338875 ms
2066. Source 26 -> target 25: not_compared; dimension_orientation; elapsed 338\
875 ms
2067. Source 26 -> target 27: started; pair 26/39; elapsed 338875 ms
2068. Source 26 -> target 27: not_compared; dimension_orientation; elapsed 338\
890 ms
2069. Source 26 -> target 28: started; pair 27/39; elapsed 338890 ms
2070. Source 26 -> target 28: no_embedding; order_divisibility; elapsed 338890\
 ms
2071. Source 26 -> target 29: started; pair 28/39; elapsed 338890 ms
2072. Source 26 -> target 29: not_compared; dimension_orientation; elapsed 338\
890 ms
2073. Source 26 -> target 30: started; pair 29/39; elapsed 338890 ms
2074. Source 26 -> target 30: not_compared; dimension_orientation; elapsed 338\
906 ms
2075. Source 26 -> target 31: started; pair 30/39; elapsed 338906 ms
2076. Source 26 -> target 31: not_compared; dimension_orientation; elapsed 338\
906 ms
2077. Source 26 -> target 32: started; pair 31/39; elapsed 338906 ms
2078. Source 26 -> target 32: not_compared; dimension_orientation; elapsed 338\
922 ms
2079. Source 26 -> target 33: started; pair 32/39; elapsed 338922 ms
2080. Source 26 -> target 33: no_embedding; exhausted_no_verified_candidate; e\
lapsed 338922 ms
2081. Source 26 -> target 34: started; pair 33/39; elapsed 338922 ms
2082. Source 26 -> target 34: not_compared; dimension_orientation; elapsed 338\
937 ms
2083. Source 26 -> target 35: started; pair 34/39; elapsed 338937 ms
2084. Source 26 -> target 35: not_compared; dimension_orientation; elapsed 338\
937 ms
2085. Source 26 -> target 36: started; pair 35/39; elapsed 338937 ms
2086. Source 26 -> target 36: not_compared; dimension_orientation; elapsed 338\
937 ms
2087. Source 26 -> target 37: started; pair 36/39; elapsed 338937 ms
2088. Source 26 -> target 37: not_compared; dimension_orientation; elapsed 338\
953 ms
2089. Source 26 -> target 38: started; pair 37/39; elapsed 338953 ms
2090. Source 26 -> target 38: no_embedding; exhausted_no_verified_candidate; e\
lapsed 338953 ms
2091. Source 26 -> target 39: started; pair 38/39; elapsed 338953 ms
2092. Source 26 -> target 39: no_embedding; exhausted_no_verified_candidate; e\
lapsed 338953 ms
2093. Source 26 -> target 40: started; pair 39/39; elapsed 338953 ms
2094. Source 26 -> target 40: no_embedding; exhausted_no_verified_candidate; e\
lapsed 338984 ms
2095. Source 26: completed; positives 7; unresolved 0; elapsed 338984 ms
2096. Source 27 -> target 1: started; pair 1/39; elapsed 338984 ms
2097. Source 27 -> target 1: embedded; literal_matrix_subgroup; elapsed 339000\
 ms
2098. Source 27 -> target 2: started; pair 2/39; elapsed 339000 ms
2099. Source 27 -> target 2: embedded; found; elapsed 339578 ms
2100. Source 27 -> target 3: started; pair 3/39; elapsed 339578 ms
2101. Source 27 -> target 3: embedded; found; elapsed 339656 ms
2102. Source 27 -> target 4: started; pair 4/39; elapsed 339656 ms
2103. Source 27 -> target 4: embedded; literal_matrix_subgroup; elapsed 339656\
 ms
2104. Source 27 -> target 5: started; pair 5/39; elapsed 339656 ms
2105. Source 27 -> target 5: embedded; literal_matrix_subgroup; elapsed 339672\
 ms
2106. Source 27 -> target 6: started; pair 6/39; elapsed 339672 ms
2107. Source 27 -> target 6: embedded; found; elapsed 339750 ms
2108. Source 27 -> target 7: started; pair 7/39; elapsed 339750 ms
2109. Source 27 -> target 7: embedded; found; elapsed 339781 ms
2110. Source 27 -> target 8: started; pair 8/39; elapsed 339781 ms
2111. Source 27 -> target 8: no_embedding; exhausted_no_verified_candidate; el\
apsed 339797 ms
2112. Source 27 -> target 9: started; pair 9/39; elapsed 339797 ms
2113. Source 27 -> target 9: embedded; found; elapsed 339875 ms
2114. Source 27 -> target 10: started; pair 10/39; elapsed 339875 ms
2115. Source 27 -> target 10: embedded; found; elapsed 339922 ms
2116. Source 27 -> target 11: started; pair 11/39; elapsed 339922 ms
2117. Source 27 -> target 11: embedded; found; elapsed 340047 ms
2118. Source 27 -> target 12: started; pair 12/39; elapsed 340047 ms
2119. Source 27 -> target 12: embedded; found; elapsed 340140 ms
2120. Source 27 -> target 13: started; pair 13/39; elapsed 340140 ms
2121. Source 27 -> target 13: embedded; found; elapsed 340172 ms
2122. Source 27 -> target 14: started; pair 14/39; elapsed 340172 ms
2123. Source 27 -> target 14: embedded; found; elapsed 340218 ms
2124. Source 27 -> target 15: started; pair 15/39; elapsed 340218 ms
2125. Source 27 -> target 15: no_embedding; exhausted_no_verified_candidate; e\
lapsed 340234 ms
2126. Source 27 -> target 16: started; pair 16/39; elapsed 340234 ms
2127. Source 27 -> target 16: embedded; found; elapsed 340265 ms
2128. Source 27 -> target 17: started; pair 17/39; elapsed 340265 ms
2129. Source 27 -> target 17: no_embedding; exhausted_no_verified_candidate; e\
lapsed 340281 ms
2130. Source 27 -> target 18: started; pair 18/39; elapsed 340281 ms
2131. Source 27 -> target 18: no_embedding; order_divisibility; elapsed 340281\
 ms
2132. Source 27 -> target 19: started; pair 19/39; elapsed 340281 ms
2133. Source 27 -> target 19: embedded; found; elapsed 340312 ms
2134. Source 27 -> target 20: started; pair 20/39; elapsed 340312 ms
2135. Source 27 -> target 20: no_embedding; exhausted_no_verified_candidate; e\
lapsed 340343 ms
2136. Source 27 -> target 21: started; pair 21/39; elapsed 340343 ms
2137. Source 27 -> target 21: no_embedding; exhausted_no_verified_candidate; e\
lapsed 340359 ms
2138. Source 27 -> target 22: started; pair 22/39; elapsed 340359 ms
2139. Source 27 -> target 22: no_embedding; exhausted_no_verified_candidate; e\
lapsed 340375 ms
2140. Source 27 -> target 23: started; pair 23/39; elapsed 340375 ms
2141. Source 27 -> target 23: no_embedding; exhausted_no_verified_candidate; e\
lapsed 340406 ms
2142. Source 27 -> target 24: started; pair 24/39; elapsed 340406 ms
2143. Source 27 -> target 24: no_embedding; exhausted_no_verified_candidate; e\
lapsed 340422 ms
2144. Source 27 -> target 25: started; pair 25/39; elapsed 340422 ms
2145. Source 27 -> target 25: not_compared; dimension_orientation; elapsed 340\
422 ms
2146. Source 27 -> target 26: started; pair 26/39; elapsed 340422 ms
2147. Source 27 -> target 26: no_embedding; order_divisibility; elapsed 340437\
 ms
2148. Source 27 -> target 28: started; pair 27/39; elapsed 340437 ms
2149. Source 27 -> target 28: embedded; found; elapsed 340484 ms
2150. Source 27 -> target 29: started; pair 28/39; elapsed 340484 ms
2151. Source 27 -> target 29: not_compared; dimension_orientation; elapsed 340\
484 ms
2152. Source 27 -> target 30: started; pair 29/39; elapsed 340484 ms
2153. Source 27 -> target 30: not_compared; dimension_orientation; elapsed 340\
484 ms
2154. Source 27 -> target 31: started; pair 30/39; elapsed 340484 ms
2155. Source 27 -> target 31: not_compared; dimension_orientation; elapsed 340\
500 ms
2156. Source 27 -> target 32: started; pair 31/39; elapsed 340500 ms
2157. Source 27 -> target 32: not_compared; dimension_orientation; elapsed 340\
500 ms
2158. Source 27 -> target 33: started; pair 32/39; elapsed 340500 ms
2159. Source 27 -> target 33: no_embedding; order_divisibility; elapsed 340500\
 ms
2160. Source 27 -> target 34: started; pair 33/39; elapsed 340500 ms
2161. Source 27 -> target 34: not_compared; dimension_orientation; elapsed 340\
500 ms
2162. Source 27 -> target 35: started; pair 34/39; elapsed 340500 ms
2163. Source 27 -> target 35: not_compared; dimension_orientation; elapsed 340\
500 ms
2164. Source 27 -> target 36: started; pair 35/39; elapsed 340500 ms
2165. Source 27 -> target 36: no_embedding; order_divisibility; elapsed 340500\
 ms
2166. Source 27 -> target 37: started; pair 36/39; elapsed 340500 ms
2167. Source 27 -> target 37: no_embedding; order_divisibility; elapsed 340500\
 ms
2168. Source 27 -> target 38: started; pair 37/39; elapsed 340500 ms
2169. Source 27 -> target 38: no_embedding; order_divisibility; elapsed 340500\
 ms
2170. Source 27 -> target 39: started; pair 38/39; elapsed 340500 ms
2171. Source 27 -> target 39: no_embedding; order_divisibility; elapsed 340500\
 ms
2172. Source 27 -> target 40: started; pair 39/39; elapsed 340500 ms
2173. Source 27 -> target 40: no_embedding; order_divisibility; elapsed 340500\
 ms
2174. Source 27: completed; positives 16; unresolved 0; elapsed 340500 ms
2175. Source 28 -> target 1: started; pair 1/39; elapsed 340500 ms
#I  The group tested requires many generators. `IsomorphicSubgroups' often
#I  does not perform well for such groups -- see the documentation.
2176. Source 28 -> target 1: embedded; found; elapsed 364500 ms
2177. Source 28 -> target 2: started; pair 2/39; elapsed 364500 ms
2178. Source 28 -> target 2: no_embedding; exhausted_no_verified_candidate; el\
apsed 364562 ms
2179. Source 28 -> target 3: started; pair 3/39; elapsed 364562 ms
2180. Source 28 -> target 3: embedded; found; elapsed 364781 ms
2181. Source 28 -> target 4: started; pair 4/39; elapsed 364781 ms
2182. Source 28 -> target 4: no_embedding; exhausted_no_verified_candidate; el\
apsed 365093 ms
2183. Source 28 -> target 5: started; pair 5/39; elapsed 365093 ms
2184. Source 28 -> target 5: no_embedding; exhausted_no_verified_candidate; el\
apsed 365359 ms
2185. Source 28 -> target 6: started; pair 6/39; elapsed 365359 ms
2186. Source 28 -> target 6: no_embedding; exhausted_no_verified_candidate; el\
apsed 365375 ms
2187. Source 28 -> target 7: started; pair 7/39; elapsed 365375 ms
2188. Source 28 -> target 7: no_embedding; exhausted_no_verified_candidate; el\
apsed 365390 ms
2189. Source 28 -> target 8: started; pair 8/39; elapsed 365390 ms
2190. Source 28 -> target 8: no_embedding; exhausted_no_verified_candidate; el\
apsed 365390 ms
2191. Source 28 -> target 9: started; pair 9/39; elapsed 365390 ms
2192. Source 28 -> target 9: embedded; found; elapsed 365437 ms
2193. Source 28 -> target 10: started; pair 10/39; elapsed 365437 ms
2194. Source 28 -> target 10: no_embedding; exhausted_no_verified_candidate; e\
lapsed 365468 ms
2195. Source 28 -> target 11: started; pair 11/39; elapsed 365468 ms
2196. Source 28 -> target 11: not_compared; dimension_orientation; elapsed 365\
468 ms
2197. Source 28 -> target 12: started; pair 12/39; elapsed 365468 ms
2198. Source 28 -> target 12: not_compared; dimension_orientation; elapsed 365\
468 ms
2199. Source 28 -> target 13: started; pair 13/39; elapsed 365468 ms
2200. Source 28 -> target 13: not_compared; dimension_orientation; elapsed 365\
468 ms
2201. Source 28 -> target 14: started; pair 14/39; elapsed 365468 ms
2202. Source 28 -> target 14: embedded; found; elapsed 365531 ms
2203. Source 28 -> target 15: started; pair 15/39; elapsed 365531 ms
2204. Source 28 -> target 15: not_compared; dimension_orientation; elapsed 365\
531 ms
2205. Source 28 -> target 16: started; pair 16/39; elapsed 365531 ms
2206. Source 28 -> target 16: not_compared; dimension_orientation; elapsed 365\
531 ms
2207. Source 28 -> target 17: started; pair 17/39; elapsed 365531 ms
2208. Source 28 -> target 17: not_compared; dimension_orientation; elapsed 365\
531 ms
2209. Source 28 -> target 18: started; pair 18/39; elapsed 365531 ms
2210. Source 28 -> target 18: not_compared; dimension_orientation; elapsed 365\
547 ms
2211. Source 28 -> target 19: started; pair 19/39; elapsed 365547 ms
2212. Source 28 -> target 19: not_compared; dimension_orientation; elapsed 365\
547 ms
2213. Source 28 -> target 20: started; pair 20/39; elapsed 365547 ms
2214. Source 28 -> target 20: not_compared; dimension_orientation; elapsed 365\
547 ms
2215. Source 28 -> target 21: started; pair 21/39; elapsed 365547 ms
2216. Source 28 -> target 21: not_compared; dimension_orientation; elapsed 365\
547 ms
2217. Source 28 -> target 22: started; pair 22/39; elapsed 365547 ms
2218. Source 28 -> target 22: no_embedding; exhausted_no_verified_candidate; e\
lapsed 365562 ms
2219. Source 28 -> target 23: started; pair 23/39; elapsed 365562 ms
2220. Source 28 -> target 23: no_embedding; exhausted_no_verified_candidate; e\
lapsed 365593 ms
2221. Source 28 -> target 24: started; pair 24/39; elapsed 365593 ms
2222. Source 28 -> target 24: no_embedding; exhausted_no_verified_candidate; e\
lapsed 365625 ms
2223. Source 28 -> target 25: started; pair 25/39; elapsed 365625 ms
2224. Source 28 -> target 25: not_compared; dimension_orientation; elapsed 365\
640 ms
2225. Source 28 -> target 26: started; pair 26/39; elapsed 365640 ms
2226. Source 28 -> target 26: not_compared; dimension_orientation; elapsed 365\
640 ms
2227. Source 28 -> target 27: started; pair 27/39; elapsed 365640 ms
2228. Source 28 -> target 27: not_compared; dimension_orientation; elapsed 365\
656 ms
2229. Source 28 -> target 29: started; pair 28/39; elapsed 365656 ms
2230. Source 28 -> target 29: not_compared; dimension_orientation; elapsed 365\
672 ms
2231. Source 28 -> target 30: started; pair 29/39; elapsed 365672 ms
2232. Source 28 -> target 30: not_compared; dimension_orientation; elapsed 365\
672 ms
2233. Source 28 -> target 31: started; pair 30/39; elapsed 365672 ms
2234. Source 28 -> target 31: not_compared; dimension_orientation; elapsed 365\
687 ms
2235. Source 28 -> target 32: started; pair 31/39; elapsed 365687 ms
2236. Source 28 -> target 32: not_compared; dimension_orientation; elapsed 365\
687 ms
2237. Source 28 -> target 33: started; pair 32/39; elapsed 365687 ms
2238. Source 28 -> target 33: not_compared; dimension_orientation; elapsed 365\
687 ms
2239. Source 28 -> target 34: started; pair 33/39; elapsed 365687 ms
2240. Source 28 -> target 34: not_compared; dimension_orientation; elapsed 365\
687 ms
2241. Source 28 -> target 35: started; pair 34/39; elapsed 365687 ms
2242. Source 28 -> target 35: not_compared; dimension_orientation; elapsed 365\
687 ms
2243. Source 28 -> target 36: started; pair 35/39; elapsed 365687 ms
2244. Source 28 -> target 36: not_compared; dimension_orientation; elapsed 365\
687 ms
2245. Source 28 -> target 37: started; pair 36/39; elapsed 365687 ms
2246. Source 28 -> target 37: not_compared; dimension_orientation; elapsed 365\
703 ms
2247. Source 28 -> target 38: started; pair 37/39; elapsed 365703 ms
2248. Source 28 -> target 38: no_embedding; order_divisibility; elapsed 365703\
 ms
2249. Source 28 -> target 39: started; pair 38/39; elapsed 365703 ms
2250. Source 28 -> target 39: no_embedding; order_divisibility; elapsed 365703\
 ms
2251. Source 28 -> target 40: started; pair 39/39; elapsed 365703 ms
2252. Source 28 -> target 40: no_embedding; order_divisibility; elapsed 365703\
 ms
2253. Source 28: completed; positives 4; unresolved 0; elapsed 365703 ms
2254. Source 29 -> target 1: started; pair 1/39; elapsed 365703 ms
2255. Source 29 -> target 1: embedded; literal_matrix_subgroup; elapsed 365703\
 ms
2256. Source 29 -> target 2: started; pair 2/39; elapsed 365703 ms
2257. Source 29 -> target 2: no_embedding; exhausted_no_verified_candidate; el\
apsed 365765 ms
2258. Source 29 -> target 3: started; pair 3/39; elapsed 365765 ms
2259. Source 29 -> target 3: embedded; found; elapsed 365828 ms
2260. Source 29 -> target 4: started; pair 4/39; elapsed 365828 ms
2261. Source 29 -> target 4: embedded; literal_matrix_subgroup; elapsed 365843\
 ms
2262. Source 29 -> target 5: started; pair 5/39; elapsed 365843 ms
2263. Source 29 -> target 5: embedded; literal_matrix_subgroup; elapsed 365843\
 ms
2264. Source 29 -> target 6: started; pair 6/39; elapsed 365843 ms
2265. Source 29 -> target 6: embedded; found; elapsed 365937 ms
2266. Source 29 -> target 7: started; pair 7/39; elapsed 365937 ms
2267. Source 29 -> target 7: no_embedding; exhausted_no_verified_candidate; el\
apsed 365984 ms
2268. Source 29 -> target 8: started; pair 8/39; elapsed 365984 ms
2269. Source 29 -> target 8: no_embedding; exhausted_no_verified_candidate; el\
apsed 366000 ms
2270. Source 29 -> target 9: started; pair 9/39; elapsed 366000 ms
2271. Source 29 -> target 9: embedded; found; elapsed 366062 ms
2272. Source 29 -> target 10: started; pair 10/39; elapsed 366062 ms
2273. Source 29 -> target 10: no_embedding; exhausted_no_verified_candidate; e\
lapsed 366172 ms
2274. Source 29 -> target 11: started; pair 11/39; elapsed 366172 ms
2275. Source 29 -> target 11: embedded; found; elapsed 366328 ms
2276. Source 29 -> target 12: started; pair 12/39; elapsed 366328 ms
2277. Source 29 -> target 12: no_embedding; exhausted_no_verified_candidate; e\
lapsed 366406 ms
2278. Source 29 -> target 13: started; pair 13/39; elapsed 366406 ms
2279. Source 29 -> target 13: no_embedding; exhausted_no_verified_candidate; e\
lapsed 366422 ms
2280. Source 29 -> target 14: started; pair 14/39; elapsed 366422 ms
2281. Source 29 -> target 14: no_embedding; exhausted_no_verified_candidate; e\
lapsed 366437 ms
2282. Source 29 -> target 15: started; pair 15/39; elapsed 366437 ms
2283. Source 29 -> target 15: embedded; literal_matrix_subgroup; elapsed 36645\
3 ms
2284. Source 29 -> target 16: started; pair 16/39; elapsed 366453 ms
2285. Source 29 -> target 16: no_embedding; exhausted_no_verified_candidate; e\
lapsed 366468 ms
2286. Source 29 -> target 17: started; pair 17/39; elapsed 366468 ms
2287. Source 29 -> target 17: no_embedding; exhausted_no_verified_candidate; e\
lapsed 366468 ms
2288. Source 29 -> target 18: started; pair 18/39; elapsed 366468 ms
2289. Source 29 -> target 18: no_embedding; order_divisibility; elapsed 366468\
 ms
2290. Source 29 -> target 19: started; pair 19/39; elapsed 366468 ms
2291. Source 29 -> target 19: no_embedding; exhausted_no_verified_candidate; e\
lapsed 366468 ms
2292. Source 29 -> target 20: started; pair 20/39; elapsed 366468 ms
2293. Source 29 -> target 20: embedded; found; elapsed 366515 ms
2294. Source 29 -> target 21: started; pair 21/39; elapsed 366515 ms
2295. Source 29 -> target 21: no_embedding; exhausted_no_verified_candidate; e\
lapsed 366531 ms
2296. Source 29 -> target 22: started; pair 22/39; elapsed 366531 ms
2297. Source 29 -> target 22: embedded; found; elapsed 366562 ms
2298. Source 29 -> target 23: started; pair 23/39; elapsed 366562 ms
2299. Source 29 -> target 23: no_embedding; exhausted_no_verified_candidate; e\
lapsed 366578 ms
2300. Source 29 -> target 24: started; pair 24/39; elapsed 366578 ms
2301. Source 29 -> target 24: embedded; found; elapsed 366640 ms
2302. Source 29 -> target 25: started; pair 25/39; elapsed 366640 ms
2303. Source 29 -> target 25: not_compared; dimension_orientation; elapsed 366\
656 ms
2304. Source 29 -> target 26: started; pair 26/39; elapsed 366656 ms
2305. Source 29 -> target 26: no_embedding; order_divisibility; elapsed 366656\
 ms
2306. Source 29 -> target 27: started; pair 27/39; elapsed 366656 ms
2307. Source 29 -> target 27: not_compared; dimension_orientation; elapsed 366\
656 ms
2308. Source 29 -> target 28: started; pair 28/39; elapsed 366656 ms
2309. Source 29 -> target 28: no_embedding; exhausted_no_verified_candidate; e\
lapsed 366672 ms
2310. Source 29 -> target 30: started; pair 29/39; elapsed 366672 ms
2311. Source 29 -> target 30: not_compared; dimension_orientation; elapsed 366\
687 ms
2312. Source 29 -> target 31: started; pair 30/39; elapsed 366687 ms
2313. Source 29 -> target 31: not_compared; dimension_orientation; elapsed 366\
687 ms
2314. Source 29 -> target 32: started; pair 31/39; elapsed 366687 ms
2315. Source 29 -> target 32: not_compared; dimension_orientation; elapsed 366\
687 ms
2316. Source 29 -> target 33: started; pair 32/39; elapsed 366687 ms
2317. Source 29 -> target 33: no_embedding; order_divisibility; elapsed 366687\
 ms
2318. Source 29 -> target 34: started; pair 33/39; elapsed 366687 ms
2319. Source 29 -> target 34: not_compared; dimension_orientation; elapsed 366\
703 ms
2320. Source 29 -> target 35: started; pair 34/39; elapsed 366703 ms
2321. Source 29 -> target 35: not_compared; dimension_orientation; elapsed 366\
703 ms
2322. Source 29 -> target 36: started; pair 35/39; elapsed 366703 ms
2323. Source 29 -> target 36: no_embedding; order_divisibility; elapsed 366703\
 ms
2324. Source 29 -> target 37: started; pair 36/39; elapsed 366703 ms
2325. Source 29 -> target 37: no_embedding; order_divisibility; elapsed 366703\
 ms
2326. Source 29 -> target 38: started; pair 37/39; elapsed 366703 ms
2327. Source 29 -> target 38: no_embedding; order_divisibility; elapsed 366703\
 ms
2328. Source 29 -> target 39: started; pair 38/39; elapsed 366703 ms
2329. Source 29 -> target 39: no_embedding; order_divisibility; elapsed 366718\
 ms
2330. Source 29 -> target 40: started; pair 39/39; elapsed 366718 ms
2331. Source 29 -> target 40: no_embedding; order_divisibility; elapsed 366734\
 ms
2332. Source 29: completed; positives 11; unresolved 0; elapsed 366734 ms
2333. Source 30 -> target 1: started; pair 1/39; elapsed 366734 ms
2334. Source 30 -> target 1: embedded; found; elapsed 369468 ms
2335. Source 30 -> target 2: started; pair 2/39; elapsed 369468 ms
2336. Source 30 -> target 2: no_embedding; exhausted_no_verified_candidate; el\
apsed 369500 ms
2337. Source 30 -> target 3: started; pair 3/39; elapsed 369500 ms
2338. Source 30 -> target 3: embedded; found; elapsed 369562 ms
2339. Source 30 -> target 4: started; pair 4/39; elapsed 369562 ms
2340. Source 30 -> target 4: embedded; found; elapsed 369922 ms
2341. Source 30 -> target 5: started; pair 5/39; elapsed 369922 ms
2342. Source 30 -> target 5: embedded; found; elapsed 370140 ms
2343. Source 30 -> target 6: started; pair 6/39; elapsed 370140 ms
2344. Source 30 -> target 6: embedded; found; elapsed 370187 ms
2345. Source 30 -> target 7: started; pair 7/39; elapsed 370187 ms
2346. Source 30 -> target 7: no_embedding; exhausted_no_verified_candidate; el\
apsed 370187 ms
2347. Source 30 -> target 8: started; pair 8/39; elapsed 370187 ms
2348. Source 30 -> target 8: embedded; found; elapsed 370218 ms
2349. Source 30 -> target 9: started; pair 9/39; elapsed 370218 ms
2350. Source 30 -> target 9: embedded; found; elapsed 370328 ms
2351. Source 30 -> target 10: started; pair 10/39; elapsed 370328 ms
2352. Source 30 -> target 10: embedded; found; elapsed 370390 ms
2353. Source 30 -> target 11: started; pair 11/39; elapsed 370390 ms
2354. Source 30 -> target 11: embedded; found; elapsed 370453 ms
2355. Source 30 -> target 12: started; pair 12/39; elapsed 370453 ms
2356. Source 30 -> target 12: embedded; found; elapsed 370547 ms
2357. Source 30 -> target 13: started; pair 13/39; elapsed 370547 ms
2358. Source 30 -> target 13: no_embedding; exhausted_no_verified_candidate; e\
lapsed 370562 ms
2359. Source 30 -> target 14: started; pair 14/39; elapsed 370562 ms
2360. Source 30 -> target 14: no_embedding; exhausted_no_verified_candidate; e\
lapsed 370562 ms
2361. Source 30 -> target 15: started; pair 15/39; elapsed 370562 ms
2362. Source 30 -> target 15: no_embedding; exhausted_no_verified_candidate; e\
lapsed 370578 ms
2363. Source 30 -> target 16: started; pair 16/39; elapsed 370578 ms
2364. Source 30 -> target 16: no_embedding; derived_series; elapsed 370578 ms
2365. Source 30 -> target 17: started; pair 17/39; elapsed 370578 ms
2366. Source 30 -> target 17: embedded; found; elapsed 370640 ms
2367. Source 30 -> target 18: started; pair 18/39; elapsed 370640 ms
2368. Source 30 -> target 18: no_embedding; order_divisibility; elapsed 370656\
 ms
2369. Source 30 -> target 19: started; pair 19/39; elapsed 370656 ms
2370. Source 30 -> target 19: no_embedding; exhausted_no_verified_candidate; e\
lapsed 370656 ms
2371. Source 30 -> target 20: started; pair 20/39; elapsed 370656 ms
2372. Source 30 -> target 20: no_embedding; exhausted_no_verified_candidate; e\
lapsed 370672 ms
2373. Source 30 -> target 21: started; pair 21/39; elapsed 370672 ms
2374. Source 30 -> target 21: embedded; found; elapsed 370750 ms
2375. Source 30 -> target 22: started; pair 22/39; elapsed 370750 ms
2376. Source 30 -> target 22: no_embedding; exhausted_no_verified_candidate; e\
lapsed 370750 ms
2377. Source 30 -> target 23: started; pair 23/39; elapsed 370750 ms
2378. Source 30 -> target 23: embedded; found; elapsed 370812 ms
2379. Source 30 -> target 24: started; pair 24/39; elapsed 370812 ms
2380. Source 30 -> target 24: no_embedding; exhausted_no_verified_candidate; e\
lapsed 370812 ms
2381. Source 30 -> target 25: started; pair 25/39; elapsed 370812 ms
2382. Source 30 -> target 25: not_compared; dimension_orientation; elapsed 370\
828 ms
2383. Source 30 -> target 26: started; pair 26/39; elapsed 370828 ms
2384. Source 30 -> target 26: no_embedding; order_divisibility; elapsed 370828\
 ms
2385. Source 30 -> target 27: started; pair 27/39; elapsed 370828 ms
2386. Source 30 -> target 27: not_compared; dimension_orientation; elapsed 370\
828 ms
2387. Source 30 -> target 28: started; pair 28/39; elapsed 370828 ms
2388. Source 30 -> target 28: no_embedding; exhausted_no_verified_candidate; e\
lapsed 370828 ms
2389. Source 30 -> target 29: started; pair 29/39; elapsed 370828 ms
2390. Source 30 -> target 29: not_compared; dimension_orientation; elapsed 370\
828 ms
2391. Source 30 -> target 31: started; pair 30/39; elapsed 370828 ms
2392. Source 30 -> target 31: not_compared; dimension_orientation; elapsed 370\
828 ms
2393. Source 30 -> target 32: started; pair 31/39; elapsed 370828 ms
2394. Source 30 -> target 32: not_compared; dimension_orientation; elapsed 370\
828 ms
2395. Source 30 -> target 33: started; pair 32/39; elapsed 370828 ms
2396. Source 30 -> target 33: no_embedding; order_divisibility; elapsed 370843\
 ms
2397. Source 30 -> target 34: started; pair 33/39; elapsed 370843 ms
2398. Source 30 -> target 34: not_compared; dimension_orientation; elapsed 370\
843 ms
2399. Source 30 -> target 35: started; pair 34/39; elapsed 370843 ms
2400. Source 30 -> target 35: not_compared; dimension_orientation; elapsed 370\
843 ms
2401. Source 30 -> target 36: started; pair 35/39; elapsed 370843 ms
2402. Source 30 -> target 36: no_embedding; order_divisibility; elapsed 370859\
 ms
2403. Source 30 -> target 37: started; pair 36/39; elapsed 370859 ms
2404. Source 30 -> target 37: no_embedding; order_divisibility; elapsed 370859\
 ms
2405. Source 30 -> target 38: started; pair 37/39; elapsed 370859 ms
2406. Source 30 -> target 38: no_embedding; order_divisibility; elapsed 370859\
 ms
2407. Source 30 -> target 39: started; pair 38/39; elapsed 370859 ms
2408. Source 30 -> target 39: no_embedding; order_divisibility; elapsed 370859\
 ms
2409. Source 30 -> target 40: started; pair 39/39; elapsed 370859 ms
2410. Source 30 -> target 40: no_embedding; order_divisibility; elapsed 370859\
 ms
2411. Source 30: completed; positives 13; unresolved 0; elapsed 370859 ms
2412. Source 31 -> target 1: started; pair 1/39; elapsed 370859 ms
2413. Source 31 -> target 1: embedded; found; elapsed 371515 ms
2414. Source 31 -> target 2: started; pair 2/39; elapsed 371515 ms
2415. Source 31 -> target 2: embedded; found; elapsed 372328 ms
2416. Source 31 -> target 3: started; pair 3/39; elapsed 372328 ms
2417. Source 31 -> target 3: embedded; found; elapsed 372625 ms
2418. Source 31 -> target 4: started; pair 4/39; elapsed 372625 ms
2419. Source 31 -> target 4: embedded; found; elapsed 372781 ms
2420. Source 31 -> target 5: started; pair 5/39; elapsed 372781 ms
2421. Source 31 -> target 5: embedded; found; elapsed 372906 ms
2422. Source 31 -> target 6: started; pair 6/39; elapsed 372906 ms
2423. Source 31 -> target 6: embedded; found; elapsed 372953 ms
2424. Source 31 -> target 7: started; pair 7/39; elapsed 372953 ms
2425. Source 31 -> target 7: embedded; found; elapsed 373000 ms
2426. Source 31 -> target 8: started; pair 8/39; elapsed 373000 ms
2427. Source 31 -> target 8: embedded; found; elapsed 373062 ms
2428. Source 31 -> target 9: started; pair 9/39; elapsed 373062 ms
2429. Source 31 -> target 9: embedded; found; elapsed 373109 ms
2430. Source 31 -> target 10: started; pair 10/39; elapsed 373109 ms
2431. Source 31 -> target 10: embedded; found; elapsed 373172 ms
2432. Source 31 -> target 11: started; pair 11/39; elapsed 373172 ms
2433. Source 31 -> target 11: no_embedding; exhausted_no_verified_candidate; e\
lapsed 373187 ms
2434. Source 31 -> target 12: started; pair 12/39; elapsed 373187 ms
2435. Source 31 -> target 12: embedded; found; elapsed 373234 ms
2436. Source 31 -> target 13: started; pair 13/39; elapsed 373234 ms
2437. Source 31 -> target 13: embedded; found; elapsed 373312 ms
2438. Source 31 -> target 14: started; pair 14/39; elapsed 373312 ms
2439. Source 31 -> target 14: embedded; found; elapsed 373390 ms
2440. Source 31 -> target 15: started; pair 15/39; elapsed 373390 ms
2441. Source 31 -> target 15: embedded; found; elapsed 373468 ms
2442. Source 31 -> target 16: started; pair 16/39; elapsed 373468 ms
2443. Source 31 -> target 16: embedded; found; elapsed 373531 ms
2444. Source 31 -> target 17: started; pair 17/39; elapsed 373531 ms
2445. Source 31 -> target 17: embedded; found; elapsed 373578 ms
2446. Source 31 -> target 18: started; pair 18/39; elapsed 373578 ms
2447. Source 31 -> target 18: embedded; found; elapsed 373640 ms
2448. Source 31 -> target 19: started; pair 19/39; elapsed 373640 ms
2449. Source 31 -> target 19: embedded; found; elapsed 373718 ms
2450. Source 31 -> target 20: started; pair 20/39; elapsed 373718 ms
2451. Source 31 -> target 20: no_embedding; exhausted_no_verified_candidate; e\
lapsed 373718 ms
2452. Source 31 -> target 21: started; pair 21/39; elapsed 373718 ms
2453. Source 31 -> target 21: embedded; found; elapsed 373797 ms
2454. Source 31 -> target 22: started; pair 22/39; elapsed 373797 ms
2455. Source 31 -> target 22: no_embedding; exhausted_no_verified_candidate; e\
lapsed 373828 ms
2456. Source 31 -> target 23: started; pair 23/39; elapsed 373828 ms
2457. Source 31 -> target 23: embedded; found; elapsed 373906 ms
2458. Source 31 -> target 24: started; pair 24/39; elapsed 373906 ms
2459. Source 31 -> target 24: no_embedding; exhausted_no_verified_candidate; e\
lapsed 373922 ms
2460. Source 31 -> target 25: started; pair 25/39; elapsed 373922 ms
2461. Source 31 -> target 25: embedded; literal_matrix_subgroup; elapsed 37393\
7 ms
2462. Source 31 -> target 26: started; pair 26/39; elapsed 373937 ms
2463. Source 31 -> target 26: embedded; found; elapsed 374000 ms
2464. Source 31 -> target 27: started; pair 27/39; elapsed 374000 ms
2465. Source 31 -> target 27: no_embedding; order_divisibility; elapsed 374000\
 ms
2466. Source 31 -> target 28: started; pair 28/39; elapsed 374000 ms
2467. Source 31 -> target 28: no_embedding; exhausted_no_verified_candidate; e\
lapsed 374000 ms
2468. Source 31 -> target 29: started; pair 29/39; elapsed 374000 ms
2469. Source 31 -> target 29: no_embedding; order_divisibility; elapsed 374015\
 ms
2470. Source 31 -> target 30: started; pair 30/39; elapsed 374015 ms
2471. Source 31 -> target 30: no_embedding; exhausted_no_verified_candidate; e\
lapsed 374015 ms
2472. Source 31 -> target 32: started; pair 31/39; elapsed 374015 ms
2473. Source 31 -> target 32: embedded; found; elapsed 374062 ms
2474. Source 31 -> target 33: started; pair 32/39; elapsed 374062 ms
2475. Source 31 -> target 33: embedded; found; elapsed 374125 ms
2476. Source 31 -> target 34: started; pair 33/39; elapsed 374125 ms
2477. Source 31 -> target 34: not_compared; dimension_orientation; elapsed 374\
125 ms
2478. Source 31 -> target 35: started; pair 34/39; elapsed 374125 ms
2479. Source 31 -> target 35: not_compared; dimension_orientation; elapsed 374\
140 ms
2480. Source 31 -> target 36: started; pair 35/39; elapsed 374140 ms
2481. Source 31 -> target 36: no_embedding; exhausted_no_verified_candidate; e\
lapsed 374156 ms
2482. Source 31 -> target 37: started; pair 36/39; elapsed 374156 ms
2483. Source 31 -> target 37: no_embedding; exhausted_no_verified_candidate; e\
lapsed 374172 ms
2484. Source 31 -> target 38: started; pair 37/39; elapsed 374172 ms
2485. Source 31 -> target 38: no_embedding; exhausted_no_verified_candidate; e\
lapsed 374172 ms
2486. Source 31 -> target 39: started; pair 38/39; elapsed 374172 ms
2487. Source 31 -> target 39: no_embedding; exhausted_no_verified_candidate; e\
lapsed 374203 ms
2488. Source 31 -> target 40: started; pair 39/39; elapsed 374203 ms
2489. Source 31 -> target 40: no_embedding; exhausted_no_verified_candidate; e\
lapsed 374234 ms
2490. Source 31: completed; positives 24; unresolved 0; elapsed 374234 ms
2491. Source 32 -> target 1: started; pair 1/39; elapsed 374234 ms
2492. Source 32 -> target 1: embedded; found; elapsed 376453 ms
2493. Source 32 -> target 2: started; pair 2/39; elapsed 376453 ms
2494. Source 32 -> target 2: no_embedding; exhausted_no_verified_candidate; el\
apsed 376500 ms
2495. Source 32 -> target 3: started; pair 3/39; elapsed 376500 ms
2496. Source 32 -> target 3: embedded; found; elapsed 376547 ms
2497. Source 32 -> target 4: started; pair 4/39; elapsed 376547 ms
2498. Source 32 -> target 4: embedded; found; elapsed 376625 ms
2499. Source 32 -> target 5: started; pair 5/39; elapsed 376625 ms
2500. Source 32 -> target 5: embedded; found; elapsed 376656 ms
2501. Source 32 -> target 6: started; pair 6/39; elapsed 376656 ms
2502. Source 32 -> target 6: embedded; found; elapsed 376703 ms
2503. Source 32 -> target 7: started; pair 7/39; elapsed 376703 ms
2504. Source 32 -> target 7: no_embedding; exhausted_no_verified_candidate; el\
apsed 376718 ms
2505. Source 32 -> target 8: started; pair 8/39; elapsed 376718 ms
2506. Source 32 -> target 8: embedded; found; elapsed 376765 ms
2507. Source 32 -> target 9: started; pair 9/39; elapsed 376765 ms
2508. Source 32 -> target 9: embedded; found; elapsed 376797 ms
2509. Source 32 -> target 10: started; pair 10/39; elapsed 376797 ms
2510. Source 32 -> target 10: embedded; found; elapsed 376859 ms
2511. Source 32 -> target 11: started; pair 11/39; elapsed 376859 ms
2512. Source 32 -> target 11: no_embedding; order_divisibility; elapsed 376859\
 ms
2513. Source 32 -> target 12: started; pair 12/39; elapsed 376859 ms
2514. Source 32 -> target 12: embedded; found; elapsed 376922 ms
2515. Source 32 -> target 13: started; pair 13/39; elapsed 376922 ms
2516. Source 32 -> target 13: no_embedding; exhausted_no_verified_candidate; e\
lapsed 376922 ms
2517. Source 32 -> target 14: started; pair 14/39; elapsed 376922 ms
2518. Source 32 -> target 14: embedded; found; elapsed 376984 ms
2519. Source 32 -> target 15: started; pair 15/39; elapsed 376984 ms
2520. Source 32 -> target 15: embedded; found; elapsed 377078 ms
2521. Source 32 -> target 16: started; pair 16/39; elapsed 377078 ms
2522. Source 32 -> target 16: no_embedding; exhausted_no_verified_candidate; e\
lapsed 377093 ms
2523. Source 32 -> target 17: started; pair 17/39; elapsed 377093 ms
2524. Source 32 -> target 17: embedded; found; elapsed 377172 ms
2525. Source 32 -> target 18: started; pair 18/39; elapsed 377172 ms
2526. Source 32 -> target 18: no_embedding; order_divisibility; elapsed 377187\
 ms
2527. Source 32 -> target 19: started; pair 19/39; elapsed 377187 ms
2528. Source 32 -> target 19: no_embedding; order_divisibility; elapsed 377187\
 ms
2529. Source 32 -> target 20: started; pair 20/39; elapsed 377187 ms
2530. Source 32 -> target 20: no_embedding; order_divisibility; elapsed 377203\
 ms
2531. Source 32 -> target 21: started; pair 21/39; elapsed 377203 ms
2532. Source 32 -> target 21: embedded; found; elapsed 377265 ms
2533. Source 32 -> target 22: started; pair 22/39; elapsed 377265 ms
2534. Source 32 -> target 22: no_embedding; exhausted_no_verified_candidate; e\
lapsed 377281 ms
2535. Source 32 -> target 23: started; pair 23/39; elapsed 377281 ms
2536. Source 32 -> target 23: embedded; found; elapsed 377375 ms
2537. Source 32 -> target 24: started; pair 24/39; elapsed 377375 ms
2538. Source 32 -> target 24: no_embedding; exhausted_no_verified_candidate; e\
lapsed 377390 ms
2539. Source 32 -> target 25: started; pair 25/39; elapsed 377390 ms
2540. Source 32 -> target 25: no_embedding; exhausted_no_verified_candidate; e\
lapsed 377406 ms
2541. Source 32 -> target 26: started; pair 26/39; elapsed 377406 ms
2542. Source 32 -> target 26: embedded; found; elapsed 377500 ms
2543. Source 32 -> target 27: started; pair 27/39; elapsed 377500 ms
2544. Source 32 -> target 27: no_embedding; order_divisibility; elapsed 377500\
 ms
2545. Source 32 -> target 28: started; pair 28/39; elapsed 377500 ms
2546. Source 32 -> target 28: no_embedding; order_divisibility; elapsed 377515\
 ms
2547. Source 32 -> target 29: started; pair 29/39; elapsed 377515 ms
2548. Source 32 -> target 29: no_embedding; order_divisibility; elapsed 377515\
 ms
2549. Source 32 -> target 30: started; pair 30/39; elapsed 377515 ms
2550. Source 32 -> target 30: no_embedding; order_divisibility; elapsed 377515\
 ms
2551. Source 32 -> target 31: started; pair 31/39; elapsed 377515 ms
2552. Source 32 -> target 31: not_compared; dimension_orientation; elapsed 377\
515 ms
2553. Source 32 -> target 33: started; pair 32/39; elapsed 377515 ms
2554. Source 32 -> target 33: embedded; literal_matrix_subgroup; elapsed 37753\
1 ms
2555. Source 32 -> target 34: started; pair 33/39; elapsed 377531 ms
2556. Source 32 -> target 34: not_compared; dimension_orientation; elapsed 377\
531 ms
2557. Source 32 -> target 35: started; pair 34/39; elapsed 377531 ms
2558. Source 32 -> target 35: not_compared; dimension_orientation; elapsed 377\
531 ms
2559. Source 32 -> target 36: started; pair 35/39; elapsed 377531 ms
2560. Source 32 -> target 36: no_embedding; exhausted_no_verified_candidate; e\
lapsed 377531 ms
2561. Source 32 -> target 37: started; pair 36/39; elapsed 377531 ms
2562. Source 32 -> target 37: no_embedding; exhausted_no_verified_candidate; e\
lapsed 377531 ms
2563. Source 32 -> target 38: started; pair 37/39; elapsed 377531 ms
2564. Source 32 -> target 38: no_embedding; exhausted_no_verified_candidate; e\
lapsed 377547 ms
2565. Source 32 -> target 39: started; pair 38/39; elapsed 377547 ms
2566. Source 32 -> target 39: no_embedding; exhausted_no_verified_candidate; e\
lapsed 377562 ms
2567. Source 32 -> target 40: started; pair 39/39; elapsed 377562 ms
2568. Source 32 -> target 40: no_embedding; exhausted_no_verified_candidate; e\
lapsed 377640 ms
2569. Source 32: completed; positives 16; unresolved 0; elapsed 377640 ms
2570. Source 33 -> target 1: started; pair 1/39; elapsed 377640 ms
2571. Source 33 -> target 1: no_embedding; exhausted_no_verified_candidate; el\
apsed 377843 ms
2572. Source 33 -> target 2: started; pair 2/39; elapsed 377843 ms
2573. Source 33 -> target 2: no_embedding; order_divisibility; elapsed 377843 \
ms
2574. Source 33 -> target 3: started; pair 3/39; elapsed 377843 ms
2575. Source 33 -> target 3: no_embedding; exhausted_no_verified_candidate; el\
apsed 377843 ms
2576. Source 33 -> target 4: started; pair 4/39; elapsed 377843 ms
2577. Source 33 -> target 4: no_embedding; order_divisibility; elapsed 377843 \
ms
2578. Source 33 -> target 5: started; pair 5/39; elapsed 377843 ms
2579. Source 33 -> target 5: embedded; found; elapsed 377984 ms
2580. Source 33 -> target 6: started; pair 6/39; elapsed 377984 ms
2581. Source 33 -> target 6: no_embedding; exhausted_no_verified_candidate; el\
apsed 377984 ms
2582. Source 33 -> target 7: started; pair 7/39; elapsed 377984 ms
2583. Source 33 -> target 7: no_embedding; order_divisibility; elapsed 377984 \
ms
2584. Source 33 -> target 8: started; pair 8/39; elapsed 377984 ms
2585. Source 33 -> target 8: no_embedding; exhausted_no_verified_candidate; el\
apsed 378000 ms
2586. Source 33 -> target 9: started; pair 9/39; elapsed 378000 ms
2587. Source 33 -> target 9: no_embedding; order_divisibility; elapsed 378000 \
ms
2588. Source 33 -> target 10: started; pair 10/39; elapsed 378000 ms
2589. Source 33 -> target 10: no_embedding; exhausted_no_verified_candidate; e\
lapsed 378015 ms
2590. Source 33 -> target 11: started; pair 11/39; elapsed 378015 ms
2591. Source 33 -> target 11: not_compared; dimension_orientation; elapsed 378\
015 ms
2592. Source 33 -> target 12: started; pair 12/39; elapsed 378015 ms
2593. Source 33 -> target 12: not_compared; dimension_orientation; elapsed 378\
015 ms
2594. Source 33 -> target 13: started; pair 13/39; elapsed 378015 ms
2595. Source 33 -> target 13: not_compared; dimension_orientation; elapsed 378\
015 ms
2596. Source 33 -> target 14: started; pair 14/39; elapsed 378015 ms
2597. Source 33 -> target 14: no_embedding; exhausted_no_verified_candidate; e\
lapsed 378031 ms
2598. Source 33 -> target 15: started; pair 15/39; elapsed 378031 ms
2599. Source 33 -> target 15: not_compared; dimension_orientation; elapsed 378\
031 ms
2600. Source 33 -> target 16: started; pair 16/39; elapsed 378031 ms
2601. Source 33 -> target 16: not_compared; dimension_orientation; elapsed 378\
031 ms
2602. Source 33 -> target 17: started; pair 17/39; elapsed 378031 ms
2603. Source 33 -> target 17: not_compared; dimension_orientation; elapsed 378\
031 ms
2604. Source 33 -> target 18: started; pair 18/39; elapsed 378031 ms
2605. Source 33 -> target 18: not_compared; dimension_orientation; elapsed 378\
047 ms
2606. Source 33 -> target 19: started; pair 19/39; elapsed 378047 ms
2607. Source 33 -> target 19: not_compared; dimension_orientation; elapsed 378\
047 ms
2608. Source 33 -> target 20: started; pair 20/39; elapsed 378047 ms
2609. Source 33 -> target 20: not_compared; dimension_orientation; elapsed 378\
047 ms
2610. Source 33 -> target 21: started; pair 21/39; elapsed 378047 ms
2611. Source 33 -> target 21: not_compared; dimension_orientation; elapsed 378\
047 ms
2612. Source 33 -> target 22: started; pair 22/39; elapsed 378047 ms
2613. Source 33 -> target 22: no_embedding; order_divisibility; elapsed 378047\
 ms
2614. Source 33 -> target 23: started; pair 23/39; elapsed 378047 ms
2615. Source 33 -> target 23: embedded; found; elapsed 378187 ms
2616. Source 33 -> target 24: started; pair 24/39; elapsed 378187 ms
2617. Source 33 -> target 24: no_embedding; exhausted_no_verified_candidate; e\
lapsed 378203 ms
2618. Source 33 -> target 25: started; pair 25/39; elapsed 378203 ms
2619. Source 33 -> target 25: not_compared; dimension_orientation; elapsed 378\
203 ms
2620. Source 33 -> target 26: started; pair 26/39; elapsed 378203 ms
2621. Source 33 -> target 26: not_compared; dimension_orientation; elapsed 378\
218 ms
2622. Source 33 -> target 27: started; pair 27/39; elapsed 378218 ms
2623. Source 33 -> target 27: not_compared; dimension_orientation; elapsed 378\
218 ms
2624. Source 33 -> target 28: started; pair 28/39; elapsed 378218 ms
2625. Source 33 -> target 28: not_compared; dimension_orientation; elapsed 378\
218 ms
2626. Source 33 -> target 29: started; pair 29/39; elapsed 378218 ms
2627. Source 33 -> target 29: not_compared; dimension_orientation; elapsed 378\
218 ms
2628. Source 33 -> target 30: started; pair 30/39; elapsed 378218 ms
2629. Source 33 -> target 30: not_compared; dimension_orientation; elapsed 378\
234 ms
2630. Source 33 -> target 31: started; pair 31/39; elapsed 378234 ms
2631. Source 33 -> target 31: not_compared; dimension_orientation; elapsed 378\
234 ms
2632. Source 33 -> target 32: started; pair 32/39; elapsed 378234 ms
2633. Source 33 -> target 32: not_compared; dimension_orientation; elapsed 378\
250 ms
2634. Source 33 -> target 34: started; pair 33/39; elapsed 378250 ms
2635. Source 33 -> target 34: not_compared; dimension_orientation; elapsed 378\
265 ms
2636. Source 33 -> target 35: started; pair 34/39; elapsed 378265 ms
2637. Source 33 -> target 35: not_compared; dimension_orientation; elapsed 378\
265 ms
2638. Source 33 -> target 36: started; pair 35/39; elapsed 378265 ms
2639. Source 33 -> target 36: not_compared; dimension_orientation; elapsed 378\
281 ms
2640. Source 33 -> target 37: started; pair 36/39; elapsed 378281 ms
2641. Source 33 -> target 37: not_compared; dimension_orientation; elapsed 378\
281 ms
2642. Source 33 -> target 38: started; pair 37/39; elapsed 378281 ms
2643. Source 33 -> target 38: no_embedding; exhausted_no_verified_candidate; e\
lapsed 378312 ms
2644. Source 33 -> target 39: started; pair 38/39; elapsed 378312 ms
2645. Source 33 -> target 39: no_embedding; exhausted_no_verified_candidate; e\
lapsed 378328 ms
2646. Source 33 -> target 40: started; pair 39/39; elapsed 378328 ms
2647. Source 33 -> target 40: no_embedding; exhausted_no_verified_candidate; e\
lapsed 378406 ms
2648. Source 33: completed; positives 2; unresolved 0; elapsed 378406 ms
2649. Source 34 -> target 1: started; pair 1/39; elapsed 378406 ms
2650. Source 34 -> target 1: embedded; literal_matrix_subgroup; elapsed 378406\
 ms
2651. Source 34 -> target 2: started; pair 2/39; elapsed 378406 ms
2652. Source 34 -> target 2: embedded; literal_matrix_subgroup; elapsed 378406\
 ms
2653. Source 34 -> target 3: started; pair 3/39; elapsed 378406 ms
2654. Source 34 -> target 3: embedded; literal_matrix_subgroup; elapsed 378406\
 ms
2655. Source 34 -> target 4: started; pair 4/39; elapsed 378406 ms
2656. Source 34 -> target 4: embedded; literal_matrix_subgroup; elapsed 378406\
 ms
2657. Source 34 -> target 5: started; pair 5/39; elapsed 378406 ms
2658. Source 34 -> target 5: embedded; literal_matrix_subgroup; elapsed 378406\
 ms
2659. Source 34 -> target 6: started; pair 6/39; elapsed 378406 ms
2660. Source 34 -> target 6: embedded; literal_matrix_subgroup; elapsed 378422\
 ms
2661. Source 34 -> target 7: started; pair 7/39; elapsed 378422 ms
2662. Source 34 -> target 7: embedded; literal_matrix_subgroup; elapsed 378422\
 ms
2663. Source 34 -> target 8: started; pair 8/39; elapsed 378422 ms
2664. Source 34 -> target 8: embedded; literal_matrix_subgroup; elapsed 378422\
 ms
2665. Source 34 -> target 9: started; pair 9/39; elapsed 378422 ms
2666. Source 34 -> target 9: embedded; literal_matrix_subgroup; elapsed 378422\
 ms
2667. Source 34 -> target 10: started; pair 10/39; elapsed 378422 ms
2668. Source 34 -> target 10: embedded; literal_matrix_subgroup; elapsed 37843\
7 ms
2669. Source 34 -> target 11: started; pair 11/39; elapsed 378437 ms
2670. Source 34 -> target 11: embedded; literal_matrix_subgroup; elapsed 37843\
7 ms
2671. Source 34 -> target 12: started; pair 12/39; elapsed 378437 ms
2672. Source 34 -> target 12: embedded; literal_matrix_subgroup; elapsed 37843\
7 ms
2673. Source 34 -> target 13: started; pair 13/39; elapsed 378437 ms
2674. Source 34 -> target 13: embedded; literal_matrix_subgroup; elapsed 37843\
7 ms
2675. Source 34 -> target 14: started; pair 14/39; elapsed 378437 ms
2676. Source 34 -> target 14: embedded; literal_matrix_subgroup; elapsed 37845\
3 ms
2677. Source 34 -> target 15: started; pair 15/39; elapsed 378453 ms
2678. Source 34 -> target 15: embedded; literal_matrix_subgroup; elapsed 37845\
3 ms
2679. Source 34 -> target 16: started; pair 16/39; elapsed 378453 ms
2680. Source 34 -> target 16: embedded; literal_matrix_subgroup; elapsed 37845\
3 ms
2681. Source 34 -> target 17: started; pair 17/39; elapsed 378453 ms
2682. Source 34 -> target 17: embedded; literal_matrix_subgroup; elapsed 37846\
8 ms
2683. Source 34 -> target 18: started; pair 18/39; elapsed 378468 ms
2684. Source 34 -> target 18: embedded; literal_matrix_subgroup; elapsed 37846\
8 ms
2685. Source 34 -> target 19: started; pair 19/39; elapsed 378468 ms
2686. Source 34 -> target 19: embedded; literal_matrix_subgroup; elapsed 37846\
8 ms
2687. Source 34 -> target 20: started; pair 20/39; elapsed 378468 ms
2688. Source 34 -> target 20: embedded; literal_matrix_subgroup; elapsed 37846\
8 ms
2689. Source 34 -> target 21: started; pair 21/39; elapsed 378468 ms
2690. Source 34 -> target 21: embedded; literal_matrix_subgroup; elapsed 37846\
8 ms
2691. Source 34 -> target 22: started; pair 22/39; elapsed 378468 ms
2692. Source 34 -> target 22: embedded; literal_matrix_subgroup; elapsed 37848\
4 ms
2693. Source 34 -> target 23: started; pair 23/39; elapsed 378484 ms
2694. Source 34 -> target 23: embedded; literal_matrix_subgroup; elapsed 37848\
4 ms
2695. Source 34 -> target 24: started; pair 24/39; elapsed 378484 ms
2696. Source 34 -> target 24: embedded; literal_matrix_subgroup; elapsed 37848\
4 ms
2697. Source 34 -> target 25: started; pair 25/39; elapsed 378484 ms
2698. Source 34 -> target 25: embedded; literal_matrix_subgroup; elapsed 37848\
4 ms
2699. Source 34 -> target 26: started; pair 26/39; elapsed 378484 ms
2700. Source 34 -> target 26: embedded; literal_matrix_subgroup; elapsed 37850\
0 ms
2701. Source 34 -> target 27: started; pair 27/39; elapsed 378500 ms
2702. Source 34 -> target 27: embedded; literal_matrix_subgroup; elapsed 37850\
0 ms
2703. Source 34 -> target 28: started; pair 28/39; elapsed 378500 ms
2704. Source 34 -> target 28: embedded; literal_matrix_subgroup; elapsed 37850\
0 ms
2705. Source 34 -> target 29: started; pair 29/39; elapsed 378500 ms
2706. Source 34 -> target 29: embedded; literal_matrix_subgroup; elapsed 37850\
0 ms
2707. Source 34 -> target 30: started; pair 30/39; elapsed 378500 ms
2708. Source 34 -> target 30: embedded; literal_matrix_subgroup; elapsed 37851\
5 ms
2709. Source 34 -> target 31: started; pair 31/39; elapsed 378515 ms
2710. Source 34 -> target 31: embedded; literal_matrix_subgroup; elapsed 37851\
5 ms
2711. Source 34 -> target 32: started; pair 32/39; elapsed 378515 ms
2712. Source 34 -> target 32: embedded; literal_matrix_subgroup; elapsed 37853\
1 ms
2713. Source 34 -> target 33: started; pair 33/39; elapsed 378531 ms
2714. Source 34 -> target 33: embedded; literal_matrix_subgroup; elapsed 37853\
1 ms
2715. Source 34 -> target 35: started; pair 34/39; elapsed 378531 ms
2716. Source 34 -> target 35: embedded; literal_matrix_subgroup; elapsed 37854\
7 ms
2717. Source 34 -> target 36: started; pair 35/39; elapsed 378547 ms
2718. Source 34 -> target 36: embedded; literal_matrix_subgroup; elapsed 37854\
7 ms
2719. Source 34 -> target 37: started; pair 36/39; elapsed 378547 ms
2720. Source 34 -> target 37: embedded; literal_matrix_subgroup; elapsed 37856\
2 ms
2721. Source 34 -> target 38: started; pair 37/39; elapsed 378562 ms
2722. Source 34 -> target 38: embedded; literal_matrix_subgroup; elapsed 37857\
8 ms
2723. Source 34 -> target 39: started; pair 38/39; elapsed 378578 ms
2724. Source 34 -> target 39: embedded; literal_matrix_subgroup; elapsed 37857\
8 ms
2725. Source 34 -> target 40: started; pair 39/39; elapsed 378578 ms
2726. Source 34 -> target 40: embedded; literal_matrix_subgroup; elapsed 37857\
8 ms
2727. Source 34: completed; positives 39; unresolved 0; elapsed 378578 ms
2728. Source 35 -> target 1: started; pair 1/39; elapsed 378578 ms
2729. Source 35 -> target 1: embedded; found; elapsed 378672 ms
2730. Source 35 -> target 2: started; pair 2/39; elapsed 378672 ms
2731. Source 35 -> target 2: no_embedding; exhausted_no_verified_candidate; el\
apsed 378718 ms
2732. Source 35 -> target 3: started; pair 3/39; elapsed 378718 ms
2733. Source 35 -> target 3: embedded; found; elapsed 378797 ms
2734. Source 35 -> target 4: started; pair 4/39; elapsed 378797 ms
2735. Source 35 -> target 4: embedded; found; elapsed 379015 ms
2736. Source 35 -> target 5: started; pair 5/39; elapsed 379015 ms
2737. Source 35 -> target 5: embedded; found; elapsed 379062 ms
2738. Source 35 -> target 6: started; pair 6/39; elapsed 379062 ms
2739. Source 35 -> target 6: embedded; found; elapsed 379125 ms
2740. Source 35 -> target 7: started; pair 7/39; elapsed 379125 ms
2741. Source 35 -> target 7: no_embedding; exhausted_no_verified_candidate; el\
apsed 379125 ms
2742. Source 35 -> target 8: started; pair 8/39; elapsed 379125 ms
2743. Source 35 -> target 8: embedded; found; elapsed 379156 ms
2744. Source 35 -> target 9: started; pair 9/39; elapsed 379156 ms
2745. Source 35 -> target 9: embedded; found; elapsed 379234 ms
2746. Source 35 -> target 10: started; pair 10/39; elapsed 379234 ms
2747. Source 35 -> target 10: embedded; found; elapsed 379265 ms
2748. Source 35 -> target 11: started; pair 11/39; elapsed 379265 ms
2749. Source 35 -> target 11: embedded; found; elapsed 379328 ms
2750. Source 35 -> target 12: started; pair 12/39; elapsed 379328 ms
2751. Source 35 -> target 12: embedded; found; elapsed 379390 ms
2752. Source 35 -> target 13: started; pair 13/39; elapsed 379390 ms
2753. Source 35 -> target 13: no_embedding; exhausted_no_verified_candidate; e\
lapsed 379406 ms
2754. Source 35 -> target 14: started; pair 14/39; elapsed 379406 ms
2755. Source 35 -> target 14: embedded; found; elapsed 379468 ms
2756. Source 35 -> target 15: started; pair 15/39; elapsed 379468 ms
2757. Source 35 -> target 15: embedded; found; elapsed 379531 ms
2758. Source 35 -> target 16: started; pair 16/39; elapsed 379531 ms
2759. Source 35 -> target 16: no_embedding; exhausted_no_verified_candidate; e\
lapsed 379531 ms
2760. Source 35 -> target 17: started; pair 17/39; elapsed 379531 ms
2761. Source 35 -> target 17: embedded; found; elapsed 379578 ms
2762. Source 35 -> target 18: started; pair 18/39; elapsed 379578 ms
2763. Source 35 -> target 18: no_embedding; exhausted_no_verified_candidate; e\
lapsed 379578 ms
2764. Source 35 -> target 19: started; pair 19/39; elapsed 379578 ms
2765. Source 35 -> target 19: no_embedding; exhausted_no_verified_candidate; e\
lapsed 379593 ms
2766. Source 35 -> target 20: started; pair 20/39; elapsed 379593 ms
2767. Source 35 -> target 20: embedded; found; elapsed 379625 ms
2768. Source 35 -> target 21: started; pair 21/39; elapsed 379625 ms
2769. Source 35 -> target 21: embedded; found; elapsed 379672 ms
2770. Source 35 -> target 22: started; pair 22/39; elapsed 379672 ms
2771. Source 35 -> target 22: embedded; found; elapsed 379718 ms
2772. Source 35 -> target 23: started; pair 23/39; elapsed 379718 ms
2773. Source 35 -> target 23: embedded; found; elapsed 379765 ms
2774. Source 35 -> target 24: started; pair 24/39; elapsed 379765 ms
2775. Source 35 -> target 24: embedded; found; elapsed 379843 ms
2776. Source 35 -> target 25: started; pair 25/39; elapsed 379843 ms
2777. Source 35 -> target 25: no_embedding; exhausted_no_verified_candidate; e\
lapsed 379859 ms
2778. Source 35 -> target 26: started; pair 26/39; elapsed 379859 ms
2779. Source 35 -> target 26: embedded; found; elapsed 379922 ms
2780. Source 35 -> target 27: started; pair 27/39; elapsed 379922 ms
2781. Source 35 -> target 27: no_embedding; order_divisibility; elapsed 379937\
 ms
2782. Source 35 -> target 28: started; pair 28/39; elapsed 379937 ms
2783. Source 35 -> target 28: embedded; literal_matrix_subgroup; elapsed 37993\
7 ms
2784. Source 35 -> target 29: started; pair 29/39; elapsed 379937 ms
2785. Source 35 -> target 29: no_embedding; order_divisibility; elapsed 379953\
 ms
2786. Source 35 -> target 30: started; pair 30/39; elapsed 379953 ms
2787. Source 35 -> target 30: embedded; found; elapsed 380000 ms
2788. Source 35 -> target 31: started; pair 31/39; elapsed 380000 ms
2789. Source 35 -> target 31: no_embedding; exhausted_no_verified_candidate; e\
lapsed 380015 ms
2790. Source 35 -> target 32: started; pair 32/39; elapsed 380015 ms
2791. Source 35 -> target 32: embedded; literal_matrix_subgroup; elapsed 38001\
5 ms
2792. Source 35 -> target 33: started; pair 33/39; elapsed 380015 ms
2793. Source 35 -> target 33: embedded; literal_matrix_subgroup; elapsed 38001\
5 ms
2794. Source 35 -> target 34: started; pair 34/39; elapsed 380015 ms
2795. Source 35 -> target 34: not_compared; dimension_orientation; elapsed 380\
015 ms
2796. Source 35 -> target 36: started; pair 35/39; elapsed 380015 ms
2797. Source 35 -> target 36: embedded; literal_matrix_subgroup; elapsed 38003\
1 ms
2798. Source 35 -> target 37: started; pair 36/39; elapsed 380031 ms
2799. Source 35 -> target 37: embedded; literal_matrix_subgroup; elapsed 38003\
1 ms
2800. Source 35 -> target 38: started; pair 37/39; elapsed 380031 ms
2801. Source 35 -> target 38: embedded; literal_matrix_subgroup; elapsed 38004\
7 ms
2802. Source 35 -> target 39: started; pair 38/39; elapsed 380047 ms
2803. Source 35 -> target 39: embedded; literal_matrix_subgroup; elapsed 38006\
2 ms
2804. Source 35 -> target 40: started; pair 39/39; elapsed 380062 ms
2805. Source 35 -> target 40: embedded; literal_matrix_subgroup; elapsed 38014\
0 ms
2806. Source 35: completed; positives 28; unresolved 0; elapsed 380140 ms
2807. Source 36 -> target 1: started; pair 1/39; elapsed 380140 ms
2808. Source 36 -> target 1: no_embedding; exhausted_no_verified_candidate; el\
apsed 380172 ms
2809. Source 36 -> target 2: started; pair 2/39; elapsed 380172 ms
2810. Source 36 -> target 2: no_embedding; exponent; elapsed 380172 ms
2811. Source 36 -> target 3: started; pair 3/39; elapsed 380172 ms
2812. Source 36 -> target 3: no_embedding; exhausted_no_verified_candidate; el\
apsed 380187 ms
2813. Source 36 -> target 4: started; pair 4/39; elapsed 380187 ms
2814. Source 36 -> target 4: no_embedding; exponent; elapsed 380187 ms
2815. Source 36 -> target 5: started; pair 5/39; elapsed 380187 ms
2816. Source 36 -> target 5: embedded; found; elapsed 380281 ms
2817. Source 36 -> target 6: started; pair 6/39; elapsed 380281 ms
2818. Source 36 -> target 6: no_embedding; exhausted_no_verified_candidate; el\
apsed 380297 ms
2819. Source 36 -> target 7: started; pair 7/39; elapsed 380297 ms
2820. Source 36 -> target 7: no_embedding; exponent; elapsed 380297 ms
2821. Source 36 -> target 8: started; pair 8/39; elapsed 380297 ms
2822. Source 36 -> target 8: no_embedding; exhausted_no_verified_candidate; el\
apsed 380312 ms
2823. Source 36 -> target 9: started; pair 9/39; elapsed 380312 ms
2824. Source 36 -> target 9: no_embedding; exponent; elapsed 380312 ms
2825. Source 36 -> target 10: started; pair 10/39; elapsed 380312 ms
2826. Source 36 -> target 10: no_embedding; exhausted_no_verified_candidate; e\
lapsed 380312 ms
2827. Source 36 -> target 11: started; pair 11/39; elapsed 380312 ms
2828. Source 36 -> target 11: no_embedding; order_divisibility; elapsed 380328\
 ms
2829. Source 36 -> target 12: started; pair 12/39; elapsed 380328 ms
2830. Source 36 -> target 12: no_embedding; exponent; elapsed 380328 ms
2831. Source 36 -> target 13: started; pair 13/39; elapsed 380328 ms
2832. Source 36 -> target 13: no_embedding; exponent; elapsed 380328 ms
2833. Source 36 -> target 14: started; pair 14/39; elapsed 380328 ms
2834. Source 36 -> target 14: no_embedding; exhausted_no_verified_candidate; e\
lapsed 380328 ms
2835. Source 36 -> target 15: started; pair 15/39; elapsed 380328 ms
2836. Source 36 -> target 15: no_embedding; exponent; elapsed 380328 ms
2837. Source 36 -> target 16: started; pair 16/39; elapsed 380328 ms
2838. Source 36 -> target 16: no_embedding; exponent; elapsed 380328 ms
2839. Source 36 -> target 17: started; pair 17/39; elapsed 380328 ms
2840. Source 36 -> target 17: no_embedding; exhausted_no_verified_candidate; e\
lapsed 380343 ms
2841. Source 36 -> target 18: started; pair 18/39; elapsed 380343 ms
2842. Source 36 -> target 18: no_embedding; order_divisibility; elapsed 380343\
 ms
2843. Source 36 -> target 19: started; pair 19/39; elapsed 380343 ms
2844. Source 36 -> target 19: not_compared; dimension_orientation; elapsed 380\
343 ms
2845. Source 36 -> target 20: started; pair 20/39; elapsed 380343 ms
2846. Source 36 -> target 20: not_compared; dimension_orientation; elapsed 380\
359 ms
2847. Source 36 -> target 21: started; pair 21/39; elapsed 380359 ms
2848. Source 36 -> target 21: not_compared; dimension_orientation; elapsed 380\
359 ms
2849. Source 36 -> target 22: started; pair 22/39; elapsed 380359 ms
2850. Source 36 -> target 22: embedded; found; elapsed 380453 ms
2851. Source 36 -> target 23: started; pair 23/39; elapsed 380453 ms
2852. Source 36 -> target 23: embedded; found; elapsed 380547 ms
2853. Source 36 -> target 24: started; pair 24/39; elapsed 380547 ms
2854. Source 36 -> target 24: embedded; found; elapsed 380640 ms
2855. Source 36 -> target 25: started; pair 25/39; elapsed 380640 ms
2856. Source 36 -> target 25: not_compared; dimension_orientation; elapsed 380\
640 ms
2857. Source 36 -> target 26: started; pair 26/39; elapsed 380640 ms
2858. Source 36 -> target 26: not_compared; dimension_orientation; elapsed 380\
640 ms
2859. Source 36 -> target 27: started; pair 27/39; elapsed 380640 ms
2860. Source 36 -> target 27: not_compared; dimension_orientation; elapsed 380\
640 ms
2861. Source 36 -> target 28: started; pair 28/39; elapsed 380640 ms
2862. Source 36 -> target 28: no_embedding; order_divisibility; elapsed 380640\
 ms
2863. Source 36 -> target 29: started; pair 29/39; elapsed 380640 ms
2864. Source 36 -> target 29: not_compared; dimension_orientation; elapsed 380\
640 ms
2865. Source 36 -> target 30: started; pair 30/39; elapsed 380640 ms
2866. Source 36 -> target 30: not_compared; dimension_orientation; elapsed 380\
640 ms
2867. Source 36 -> target 31: started; pair 31/39; elapsed 380640 ms
2868. Source 36 -> target 31: not_compared; dimension_orientation; elapsed 380\
640 ms
2869. Source 36 -> target 32: started; pair 32/39; elapsed 380640 ms
2870. Source 36 -> target 32: not_compared; dimension_orientation; elapsed 380\
656 ms
2871. Source 36 -> target 33: started; pair 33/39; elapsed 380656 ms
2872. Source 36 -> target 33: embedded; literal_matrix_subgroup; elapsed 38065\
6 ms
2873. Source 36 -> target 34: started; pair 34/39; elapsed 380656 ms
2874. Source 36 -> target 34: not_compared; dimension_orientation; elapsed 380\
656 ms
2875. Source 36 -> target 35: started; pair 35/39; elapsed 380656 ms
2876. Source 36 -> target 35: not_compared; dimension_orientation; elapsed 380\
656 ms
2877. Source 36 -> target 37: started; pair 36/39; elapsed 380656 ms
2878. Source 36 -> target 37: not_compared; dimension_orientation; elapsed 380\
656 ms
2879. Source 36 -> target 38: started; pair 37/39; elapsed 380656 ms
2880. Source 36 -> target 38: embedded; literal_matrix_subgroup; elapsed 38065\
6 ms
2881. Source 36 -> target 39: started; pair 38/39; elapsed 380656 ms
2882. Source 36 -> target 39: no_embedding; exhausted_no_verified_candidate; e\
lapsed 380672 ms
2883. Source 36 -> target 40: started; pair 39/39; elapsed 380672 ms
2884. Source 36 -> target 40: embedded; literal_matrix_subgroup; elapsed 38075\
0 ms
2885. Source 36: completed; positives 7; unresolved 0; elapsed 380750 ms
2886. Source 37 -> target 1: started; pair 1/39; elapsed 380750 ms
2887. Source 37 -> target 1: no_embedding; exhausted_no_verified_candidate; el\
apsed 380765 ms
2888. Source 37 -> target 2: started; pair 2/39; elapsed 380765 ms
2889. Source 37 -> target 2: no_embedding; exponent; elapsed 380765 ms
2890. Source 37 -> target 3: started; pair 3/39; elapsed 380765 ms
2891. Source 37 -> target 3: no_embedding; exhausted_no_verified_candidate; el\
apsed 380781 ms
2892. Source 37 -> target 4: started; pair 4/39; elapsed 380781 ms
2893. Source 37 -> target 4: no_embedding; exponent; elapsed 380781 ms
2894. Source 37 -> target 5: started; pair 5/39; elapsed 380781 ms
2895. Source 37 -> target 5: embedded; found; elapsed 380922 ms
2896. Source 37 -> target 6: started; pair 6/39; elapsed 380922 ms
2897. Source 37 -> target 6: no_embedding; exhausted_no_verified_candidate; el\
apsed 380922 ms
2898. Source 37 -> target 7: started; pair 7/39; elapsed 380922 ms
2899. Source 37 -> target 7: no_embedding; exponent; elapsed 380922 ms
2900. Source 37 -> target 8: started; pair 8/39; elapsed 380922 ms
2901. Source 37 -> target 8: no_embedding; exhausted_no_verified_candidate; el\
apsed 380922 ms
2902. Source 37 -> target 9: started; pair 9/39; elapsed 380922 ms
2903. Source 37 -> target 9: no_embedding; exponent; elapsed 380922 ms
2904. Source 37 -> target 10: started; pair 10/39; elapsed 380922 ms
2905. Source 37 -> target 10: no_embedding; exhausted_no_verified_candidate; e\
lapsed 380922 ms
2906. Source 37 -> target 11: started; pair 11/39; elapsed 380922 ms
2907. Source 37 -> target 11: no_embedding; order_divisibility; elapsed 380937\
 ms
2908. Source 37 -> target 12: started; pair 12/39; elapsed 380937 ms
2909. Source 37 -> target 12: no_embedding; exponent; elapsed 380937 ms
2910. Source 37 -> target 13: started; pair 13/39; elapsed 380937 ms
2911. Source 37 -> target 13: no_embedding; exponent; elapsed 380953 ms
2912. Source 37 -> target 14: started; pair 14/39; elapsed 380953 ms
2913. Source 37 -> target 14: no_embedding; exhausted_no_verified_candidate; e\
lapsed 380953 ms
2914. Source 37 -> target 15: started; pair 15/39; elapsed 380953 ms
2915. Source 37 -> target 15: no_embedding; exponent; elapsed 380968 ms
2916. Source 37 -> target 16: started; pair 16/39; elapsed 380968 ms
2917. Source 37 -> target 16: no_embedding; exponent; elapsed 380968 ms
2918. Source 37 -> target 17: started; pair 17/39; elapsed 380968 ms
2919. Source 37 -> target 17: no_embedding; exhausted_no_verified_candidate; e\
lapsed 380968 ms
2920. Source 37 -> target 18: started; pair 18/39; elapsed 380968 ms
2921. Source 37 -> target 18: no_embedding; order_divisibility; elapsed 380984\
 ms
2922. Source 37 -> target 19: started; pair 19/39; elapsed 380984 ms
2923. Source 37 -> target 19: not_compared; dimension_orientation; elapsed 380\
984 ms
2924. Source 37 -> target 20: started; pair 20/39; elapsed 380984 ms
2925. Source 37 -> target 20: not_compared; dimension_orientation; elapsed 380\
984 ms
2926. Source 37 -> target 21: started; pair 21/39; elapsed 380984 ms
2927. Source 37 -> target 21: not_compared; dimension_orientation; elapsed 380\
984 ms
2928. Source 37 -> target 22: started; pair 22/39; elapsed 380984 ms
2929. Source 37 -> target 22: no_embedding; exhausted_no_verified_candidate; e\
lapsed 381000 ms
2930. Source 37 -> target 23: started; pair 23/39; elapsed 381000 ms
2931. Source 37 -> target 23: embedded; found; elapsed 381093 ms
2932. Source 37 -> target 24: started; pair 24/39; elapsed 381093 ms
2933. Source 37 -> target 24: no_embedding; exhausted_no_verified_candidate; e\
lapsed 381125 ms
2934. Source 37 -> target 25: started; pair 25/39; elapsed 381125 ms
2935. Source 37 -> target 25: not_compared; dimension_orientation; elapsed 381\
125 ms
2936. Source 37 -> target 26: started; pair 26/39; elapsed 381125 ms
2937. Source 37 -> target 26: not_compared; dimension_orientation; elapsed 381\
140 ms
2938. Source 37 -> target 27: started; pair 27/39; elapsed 381140 ms
2939. Source 37 -> target 27: not_compared; dimension_orientation; elapsed 381\
140 ms
2940. Source 37 -> target 28: started; pair 28/39; elapsed 381140 ms
2941. Source 37 -> target 28: no_embedding; order_divisibility; elapsed 381140\
 ms
2942. Source 37 -> target 29: started; pair 29/39; elapsed 381140 ms
2943. Source 37 -> target 29: not_compared; dimension_orientation; elapsed 381\
140 ms
2944. Source 37 -> target 30: started; pair 30/39; elapsed 381140 ms
2945. Source 37 -> target 30: not_compared; dimension_orientation; elapsed 381\
140 ms
2946. Source 37 -> target 31: started; pair 31/39; elapsed 381140 ms
2947. Source 37 -> target 31: not_compared; dimension_orientation; elapsed 381\
140 ms
2948. Source 37 -> target 32: started; pair 32/39; elapsed 381140 ms
2949. Source 37 -> target 32: not_compared; dimension_orientation; elapsed 381\
140 ms
2950. Source 37 -> target 33: started; pair 33/39; elapsed 381140 ms
2951. Source 37 -> target 33: embedded; literal_matrix_subgroup; elapsed 38114\
0 ms
2952. Source 37 -> target 34: started; pair 34/39; elapsed 381140 ms
2953. Source 37 -> target 34: not_compared; dimension_orientation; elapsed 381\
140 ms
2954. Source 37 -> target 35: started; pair 35/39; elapsed 381140 ms
2955. Source 37 -> target 35: not_compared; dimension_orientation; elapsed 381\
140 ms
2956. Source 37 -> target 36: started; pair 36/39; elapsed 381140 ms
2957. Source 37 -> target 36: not_compared; dimension_orientation; elapsed 381\
140 ms
2958. Source 37 -> target 38: started; pair 37/39; elapsed 381140 ms
2959. Source 37 -> target 38: no_embedding; exhausted_no_verified_candidate; e\
lapsed 381156 ms
2960. Source 37 -> target 39: started; pair 38/39; elapsed 381156 ms
2961. Source 37 -> target 39: embedded; found; elapsed 381265 ms
2962. Source 37 -> target 40: started; pair 39/39; elapsed 381265 ms
2963. Source 37 -> target 40: no_embedding; exhausted_no_verified_candidate; e\
lapsed 381312 ms
2964. Source 37: completed; positives 4; unresolved 0; elapsed 381312 ms
2965. Source 38 -> target 1: started; pair 1/39; elapsed 381312 ms
2966. Source 38 -> target 1: no_embedding; exponent; elapsed 381312 ms
2967. Source 38 -> target 2: started; pair 2/39; elapsed 381312 ms
2968. Source 38 -> target 2: no_embedding; order_divisibility; elapsed 381312 \
ms
2969. Source 38 -> target 3: started; pair 3/39; elapsed 381312 ms
2970. Source 38 -> target 3: no_embedding; exponent; elapsed 381312 ms
2971. Source 38 -> target 4: started; pair 4/39; elapsed 381312 ms
2972. Source 38 -> target 4: not_compared; dimension_orientation; elapsed 3813\
12 ms
2973. Source 38 -> target 5: started; pair 5/39; elapsed 381312 ms
2974. Source 38 -> target 5: no_embedding; exponent; elapsed 381312 ms
2975. Source 38 -> target 6: started; pair 6/39; elapsed 381312 ms
2976. Source 38 -> target 6: not_compared; dimension_orientation; elapsed 3813\
12 ms
2977. Source 38 -> target 7: started; pair 7/39; elapsed 381312 ms
2978. Source 38 -> target 7: not_compared; dimension_orientation; elapsed 3813\
12 ms
2979. Source 38 -> target 8: started; pair 8/39; elapsed 381312 ms
2980. Source 38 -> target 8: not_compared; dimension_orientation; elapsed 3813\
12 ms
2981. Source 38 -> target 9: started; pair 9/39; elapsed 381312 ms
2982. Source 38 -> target 9: not_compared; dimension_orientation; elapsed 3813\
28 ms
2983. Source 38 -> target 10: started; pair 10/39; elapsed 381328 ms
2984. Source 38 -> target 10: not_compared; dimension_orientation; elapsed 381\
328 ms
2985. Source 38 -> target 11: started; pair 11/39; elapsed 381328 ms
2986. Source 38 -> target 11: not_compared; dimension_orientation; elapsed 381\
328 ms
2987. Source 38 -> target 12: started; pair 12/39; elapsed 381328 ms
2988. Source 38 -> target 12: not_compared; dimension_orientation; elapsed 381\
328 ms
2989. Source 38 -> target 13: started; pair 13/39; elapsed 381328 ms
2990. Source 38 -> target 13: not_compared; dimension_orientation; elapsed 381\
343 ms
2991. Source 38 -> target 14: started; pair 14/39; elapsed 381343 ms
2992. Source 38 -> target 14: not_compared; dimension_orientation; elapsed 381\
343 ms
2993. Source 38 -> target 15: started; pair 15/39; elapsed 381343 ms
2994. Source 38 -> target 15: not_compared; dimension_orientation; elapsed 381\
343 ms
2995. Source 38 -> target 16: started; pair 16/39; elapsed 381343 ms
2996. Source 38 -> target 16: not_compared; dimension_orientation; elapsed 381\
343 ms
2997. Source 38 -> target 17: started; pair 17/39; elapsed 381343 ms
2998. Source 38 -> target 17: not_compared; dimension_orientation; elapsed 381\
359 ms
2999. Source 38 -> target 18: started; pair 18/39; elapsed 381359 ms
3000. Source 38 -> target 18: not_compared; dimension_orientation; elapsed 381\
359 ms
3001. Source 38 -> target 19: started; pair 19/39; elapsed 381359 ms
3002. Source 38 -> target 19: not_compared; dimension_orientation; elapsed 381\
375 ms
3003. Source 38 -> target 20: started; pair 20/39; elapsed 381375 ms
3004. Source 38 -> target 20: not_compared; dimension_orientation; elapsed 381\
375 ms
3005. Source 38 -> target 21: started; pair 21/39; elapsed 381375 ms
3006. Source 38 -> target 21: not_compared; dimension_orientation; elapsed 381\
390 ms
3007. Source 38 -> target 22: started; pair 22/39; elapsed 381390 ms
3008. Source 38 -> target 22: not_compared; dimension_orientation; elapsed 381\
390 ms
3009. Source 38 -> target 23: started; pair 23/39; elapsed 381390 ms
3010. Source 38 -> target 23: not_compared; dimension_orientation; elapsed 381\
390 ms
3011. Source 38 -> target 24: started; pair 24/39; elapsed 381390 ms
3012. Source 38 -> target 24: embedded; found; elapsed 381578 ms
3013. Source 38 -> target 25: started; pair 25/39; elapsed 381578 ms
3014. Source 38 -> target 25: not_compared; dimension_orientation; elapsed 381\
593 ms
3015. Source 38 -> target 26: started; pair 26/39; elapsed 381593 ms
3016. Source 38 -> target 26: not_compared; dimension_orientation; elapsed 381\
593 ms
3017. Source 38 -> target 27: started; pair 27/39; elapsed 381593 ms
3018. Source 38 -> target 27: not_compared; dimension_orientation; elapsed 381\
609 ms
3019. Source 38 -> target 28: started; pair 28/39; elapsed 381609 ms
3020. Source 38 -> target 28: not_compared; dimension_orientation; elapsed 381\
609 ms
3021. Source 38 -> target 29: started; pair 29/39; elapsed 381609 ms
3022. Source 38 -> target 29: not_compared; dimension_orientation; elapsed 381\
625 ms
3023. Source 38 -> target 30: started; pair 30/39; elapsed 381625 ms
3024. Source 38 -> target 30: not_compared; dimension_orientation; elapsed 381\
625 ms
3025. Source 38 -> target 31: started; pair 31/39; elapsed 381625 ms
3026. Source 38 -> target 31: not_compared; dimension_orientation; elapsed 381\
625 ms
3027. Source 38 -> target 32: started; pair 32/39; elapsed 381625 ms
3028. Source 38 -> target 32: not_compared; dimension_orientation; elapsed 381\
625 ms
3029. Source 38 -> target 33: started; pair 33/39; elapsed 381625 ms
3030. Source 38 -> target 33: not_compared; dimension_orientation; elapsed 381\
640 ms
3031. Source 38 -> target 34: started; pair 34/39; elapsed 381640 ms
3032. Source 38 -> target 34: not_compared; dimension_orientation; elapsed 381\
640 ms
3033. Source 38 -> target 35: started; pair 35/39; elapsed 381640 ms
3034. Source 38 -> target 35: not_compared; dimension_orientation; elapsed 381\
656 ms
3035. Source 38 -> target 36: started; pair 36/39; elapsed 381656 ms
3036. Source 38 -> target 36: not_compared; dimension_orientation; elapsed 381\
656 ms
3037. Source 38 -> target 37: started; pair 37/39; elapsed 381656 ms
3038. Source 38 -> target 37: not_compared; dimension_orientation; elapsed 381\
656 ms
3039. Source 38 -> target 39: started; pair 38/39; elapsed 381656 ms
3040. Source 38 -> target 39: not_compared; dimension_orientation; elapsed 381\
656 ms
3041. Source 38 -> target 40: started; pair 39/39; elapsed 381656 ms
3042. Source 38 -> target 40: embedded; literal_matrix_subgroup; elapsed 38171\
8 ms
3043. Source 38: completed; positives 2; unresolved 0; elapsed 381718 ms
3044. Source 39 -> target 1: started; pair 1/39; elapsed 381718 ms
3045. Source 39 -> target 1: no_embedding; exponent; elapsed 381734 ms
3046. Source 39 -> target 2: started; pair 2/39; elapsed 381734 ms
3047. Source 39 -> target 2: no_embedding; order_divisibility; elapsed 381734 \
ms
3048. Source 39 -> target 3: started; pair 3/39; elapsed 381734 ms
3049. Source 39 -> target 3: no_embedding; exponent; elapsed 381734 ms
3050. Source 39 -> target 4: started; pair 4/39; elapsed 381734 ms
3051. Source 39 -> target 4: not_compared; dimension_orientation; elapsed 3817\
34 ms
3052. Source 39 -> target 5: started; pair 5/39; elapsed 381734 ms
3053. Source 39 -> target 5: no_embedding; exponent; elapsed 381734 ms
3054. Source 39 -> target 6: started; pair 6/39; elapsed 381734 ms
3055. Source 39 -> target 6: not_compared; dimension_orientation; elapsed 3817\
34 ms
3056. Source 39 -> target 7: started; pair 7/39; elapsed 381734 ms
3057. Source 39 -> target 7: not_compared; dimension_orientation; elapsed 3817\
34 ms
3058. Source 39 -> target 8: started; pair 8/39; elapsed 381734 ms
3059. Source 39 -> target 8: not_compared; dimension_orientation; elapsed 3817\
34 ms
3060. Source 39 -> target 9: started; pair 9/39; elapsed 381734 ms
3061. Source 39 -> target 9: not_compared; dimension_orientation; elapsed 3817\
34 ms
3062. Source 39 -> target 10: started; pair 10/39; elapsed 381734 ms
3063. Source 39 -> target 10: not_compared; dimension_orientation; elapsed 381\
750 ms
3064. Source 39 -> target 11: started; pair 11/39; elapsed 381750 ms
3065. Source 39 -> target 11: not_compared; dimension_orientation; elapsed 381\
750 ms
3066. Source 39 -> target 12: started; pair 12/39; elapsed 381750 ms
3067. Source 39 -> target 12: not_compared; dimension_orientation; elapsed 381\
750 ms
3068. Source 39 -> target 13: started; pair 13/39; elapsed 381750 ms
3069. Source 39 -> target 13: not_compared; dimension_orientation; elapsed 381\
765 ms
3070. Source 39 -> target 14: started; pair 14/39; elapsed 381765 ms
3071. Source 39 -> target 14: not_compared; dimension_orientation; elapsed 381\
765 ms
3072. Source 39 -> target 15: started; pair 15/39; elapsed 381765 ms
3073. Source 39 -> target 15: not_compared; dimension_orientation; elapsed 381\
765 ms
3074. Source 39 -> target 16: started; pair 16/39; elapsed 381765 ms
3075. Source 39 -> target 16: not_compared; dimension_orientation; elapsed 381\
765 ms
3076. Source 39 -> target 17: started; pair 17/39; elapsed 381765 ms
3077. Source 39 -> target 17: not_compared; dimension_orientation; elapsed 381\
765 ms
3078. Source 39 -> target 18: started; pair 18/39; elapsed 381765 ms
3079. Source 39 -> target 18: not_compared; dimension_orientation; elapsed 381\
765 ms
3080. Source 39 -> target 19: started; pair 19/39; elapsed 381765 ms
3081. Source 39 -> target 19: not_compared; dimension_orientation; elapsed 381\
765 ms
3082. Source 39 -> target 20: started; pair 20/39; elapsed 381765 ms
3083. Source 39 -> target 20: not_compared; dimension_orientation; elapsed 381\
765 ms
3084. Source 39 -> target 21: started; pair 21/39; elapsed 381765 ms
3085. Source 39 -> target 21: not_compared; dimension_orientation; elapsed 381\
781 ms
3086. Source 39 -> target 22: started; pair 22/39; elapsed 381781 ms
3087. Source 39 -> target 22: not_compared; dimension_orientation; elapsed 381\
781 ms
3088. Source 39 -> target 23: started; pair 23/39; elapsed 381781 ms
3089. Source 39 -> target 23: not_compared; dimension_orientation; elapsed 381\
781 ms
3090. Source 39 -> target 24: started; pair 24/39; elapsed 381781 ms
3091. Source 39 -> target 24: no_embedding; exhausted_no_verified_candidate; e\
lapsed 381797 ms
3092. Source 39 -> target 25: started; pair 25/39; elapsed 381797 ms
3093. Source 39 -> target 25: not_compared; dimension_orientation; elapsed 381\
797 ms
3094. Source 39 -> target 26: started; pair 26/39; elapsed 381797 ms
3095. Source 39 -> target 26: not_compared; dimension_orientation; elapsed 381\
797 ms
3096. Source 39 -> target 27: started; pair 27/39; elapsed 381797 ms
3097. Source 39 -> target 27: not_compared; dimension_orientation; elapsed 381\
797 ms
3098. Source 39 -> target 28: started; pair 28/39; elapsed 381797 ms
3099. Source 39 -> target 28: not_compared; dimension_orientation; elapsed 381\
797 ms
3100. Source 39 -> target 29: started; pair 29/39; elapsed 381797 ms
3101. Source 39 -> target 29: not_compared; dimension_orientation; elapsed 381\
797 ms
3102. Source 39 -> target 30: started; pair 30/39; elapsed 381797 ms
3103. Source 39 -> target 30: not_compared; dimension_orientation; elapsed 381\
797 ms
3104. Source 39 -> target 31: started; pair 31/39; elapsed 381797 ms
3105. Source 39 -> target 31: not_compared; dimension_orientation; elapsed 381\
797 ms
3106. Source 39 -> target 32: started; pair 32/39; elapsed 381797 ms
3107. Source 39 -> target 32: not_compared; dimension_orientation; elapsed 381\
797 ms
3108. Source 39 -> target 33: started; pair 33/39; elapsed 381797 ms
3109. Source 39 -> target 33: not_compared; dimension_orientation; elapsed 381\
797 ms
3110. Source 39 -> target 34: started; pair 34/39; elapsed 381797 ms
3111. Source 39 -> target 34: not_compared; dimension_orientation; elapsed 381\
797 ms
3112. Source 39 -> target 35: started; pair 35/39; elapsed 381797 ms
3113. Source 39 -> target 35: not_compared; dimension_orientation; elapsed 381\
797 ms
3114. Source 39 -> target 36: started; pair 36/39; elapsed 381797 ms
3115. Source 39 -> target 36: not_compared; dimension_orientation; elapsed 381\
797 ms
3116. Source 39 -> target 37: started; pair 37/39; elapsed 381797 ms
3117. Source 39 -> target 37: not_compared; dimension_orientation; elapsed 381\
797 ms
3118. Source 39 -> target 38: started; pair 38/39; elapsed 381797 ms
3119. Source 39 -> target 38: not_compared; dimension_orientation; elapsed 381\
797 ms
3120. Source 39 -> target 40: started; pair 39/39; elapsed 381797 ms
3121. Source 39 -> target 40: no_embedding; exhausted_no_verified_candidate; e\
lapsed 381859 ms
3122. Source 39: completed; positives 0; unresolved 0; elapsed 381859 ms
3123. Source 40 -> target 1: started; pair 1/39; elapsed 381859 ms
3124. Source 40 -> target 1: not_compared; dimension_orientation; elapsed 3818\
75 ms
3125. Source 40 -> target 2: started; pair 2/39; elapsed 381875 ms
3126. Source 40 -> target 2: not_compared; dimension_orientation; elapsed 3818\
75 ms
3127. Source 40 -> target 3: started; pair 3/39; elapsed 381875 ms
3128. Source 40 -> target 3: not_compared; dimension_orientation; elapsed 3818\
75 ms
3129. Source 40 -> target 4: started; pair 4/39; elapsed 381875 ms
3130. Source 40 -> target 4: not_compared; dimension_orientation; elapsed 3818\
75 ms
3131. Source 40 -> target 5: started; pair 5/39; elapsed 381875 ms
3132. Source 40 -> target 5: not_compared; dimension_orientation; elapsed 3818\
75 ms
3133. Source 40 -> target 6: started; pair 6/39; elapsed 381875 ms
3134. Source 40 -> target 6: not_compared; dimension_orientation; elapsed 3818\
75 ms
3135. Source 40 -> target 7: started; pair 7/39; elapsed 381875 ms
3136. Source 40 -> target 7: not_compared; dimension_orientation; elapsed 3818\
90 ms
3137. Source 40 -> target 8: started; pair 8/39; elapsed 381890 ms
3138. Source 40 -> target 8: not_compared; dimension_orientation; elapsed 3818\
90 ms
3139. Source 40 -> target 9: started; pair 9/39; elapsed 381890 ms
3140. Source 40 -> target 9: not_compared; dimension_orientation; elapsed 3819\
06 ms
3141. Source 40 -> target 10: started; pair 10/39; elapsed 381906 ms
3142. Source 40 -> target 10: not_compared; dimension_orientation; elapsed 381\
906 ms
3143. Source 40 -> target 11: started; pair 11/39; elapsed 381906 ms
3144. Source 40 -> target 11: not_compared; dimension_orientation; elapsed 381\
906 ms
3145. Source 40 -> target 12: started; pair 12/39; elapsed 381906 ms
3146. Source 40 -> target 12: not_compared; dimension_orientation; elapsed 381\
906 ms
3147. Source 40 -> target 13: started; pair 13/39; elapsed 381906 ms
3148. Source 40 -> target 13: not_compared; dimension_orientation; elapsed 381\
906 ms
3149. Source 40 -> target 14: started; pair 14/39; elapsed 381906 ms
3150. Source 40 -> target 14: not_compared; dimension_orientation; elapsed 381\
906 ms
3151. Source 40 -> target 15: started; pair 15/39; elapsed 381906 ms
3152. Source 40 -> target 15: not_compared; dimension_orientation; elapsed 381\
906 ms
3153. Source 40 -> target 16: started; pair 16/39; elapsed 381906 ms
3154. Source 40 -> target 16: not_compared; dimension_orientation; elapsed 381\
906 ms
3155. Source 40 -> target 17: started; pair 17/39; elapsed 381906 ms
3156. Source 40 -> target 17: not_compared; dimension_orientation; elapsed 381\
922 ms
3157. Source 40 -> target 18: started; pair 18/39; elapsed 381922 ms
3158. Source 40 -> target 18: not_compared; dimension_orientation; elapsed 381\
922 ms
3159. Source 40 -> target 19: started; pair 19/39; elapsed 381922 ms
3160. Source 40 -> target 19: not_compared; dimension_orientation; elapsed 381\
922 ms
3161. Source 40 -> target 20: started; pair 20/39; elapsed 381922 ms
3162. Source 40 -> target 20: not_compared; dimension_orientation; elapsed 381\
922 ms
3163. Source 40 -> target 21: started; pair 21/39; elapsed 381922 ms
3164. Source 40 -> target 21: not_compared; dimension_orientation; elapsed 381\
922 ms
3165. Source 40 -> target 22: started; pair 22/39; elapsed 381922 ms
3166. Source 40 -> target 22: not_compared; dimension_orientation; elapsed 381\
922 ms
3167. Source 40 -> target 23: started; pair 23/39; elapsed 381922 ms
3168. Source 40 -> target 23: not_compared; dimension_orientation; elapsed 381\
937 ms
3169. Source 40 -> target 24: started; pair 24/39; elapsed 381937 ms
3170. Source 40 -> target 24: not_compared; dimension_orientation; elapsed 381\
937 ms
3171. Source 40 -> target 25: started; pair 25/39; elapsed 381937 ms
3172. Source 40 -> target 25: not_compared; dimension_orientation; elapsed 381\
937 ms
3173. Source 40 -> target 26: started; pair 26/39; elapsed 381937 ms
3174. Source 40 -> target 26: not_compared; dimension_orientation; elapsed 381\
937 ms
3175. Source 40 -> target 27: started; pair 27/39; elapsed 381937 ms
3176. Source 40 -> target 27: not_compared; dimension_orientation; elapsed 381\
937 ms
3177. Source 40 -> target 28: started; pair 28/39; elapsed 381937 ms
3178. Source 40 -> target 28: not_compared; dimension_orientation; elapsed 381\
937 ms
3179. Source 40 -> target 29: started; pair 29/39; elapsed 381937 ms
3180. Source 40 -> target 29: not_compared; dimension_orientation; elapsed 381\
937 ms
3181. Source 40 -> target 30: started; pair 30/39; elapsed 381937 ms
3182. Source 40 -> target 30: not_compared; dimension_orientation; elapsed 381\
953 ms
3183. Source 40 -> target 31: started; pair 31/39; elapsed 381953 ms
3184. Source 40 -> target 31: not_compared; dimension_orientation; elapsed 381\
953 ms
3185. Source 40 -> target 32: started; pair 32/39; elapsed 381953 ms
3186. Source 40 -> target 32: not_compared; dimension_orientation; elapsed 381\
953 ms
3187. Source 40 -> target 33: started; pair 33/39; elapsed 381953 ms
3188. Source 40 -> target 33: not_compared; dimension_orientation; elapsed 381\
953 ms
3189. Source 40 -> target 34: started; pair 34/39; elapsed 381953 ms
3190. Source 40 -> target 34: not_compared; dimension_orientation; elapsed 381\
953 ms
3191. Source 40 -> target 35: started; pair 35/39; elapsed 381953 ms
3192. Source 40 -> target 35: not_compared; dimension_orientation; elapsed 381\
953 ms
3193. Source 40 -> target 36: started; pair 36/39; elapsed 381953 ms
3194. Source 40 -> target 36: not_compared; dimension_orientation; elapsed 381\
953 ms
3195. Source 40 -> target 37: started; pair 37/39; elapsed 381953 ms
3196. Source 40 -> target 37: not_compared; dimension_orientation; elapsed 381\
968 ms
3197. Source 40 -> target 38: started; pair 38/39; elapsed 381968 ms
3198. Source 40 -> target 38: not_compared; dimension_orientation; elapsed 381\
968 ms
3199. Source 40 -> target 39: started; pair 39/39; elapsed 381968 ms
3200. Source 40 -> target 39: not_compared; dimension_orientation; elapsed 381\
984 ms
3201. Source 40: completed; positives 0; unresolved 0; elapsed 381984 ms
3202. Completed: eligible 493; positives 260; eligible negatives 233; undecide\
d 0; elapsed 384781 ms
THREEFOLD_CROSS_DIMENSION_COMPLETED undecided=0
