SelfConjugacyAudit := rec(
  acceptedCount := 156,
  allSelfConjugate := true,
  checkedCount := 100,
  exactPassedCount := 100,
  exemptCount := 56,
  familyResults := [ rec(
          automorphismsTested := 0,
          cataloguePosition := 1,
          characterCompatibleAutomorphisms := 0,
          conjugatingMatrix := 
           [ [ 1, 0, 0, 0, 0, 0 ], [ 0, 1, 0, 0, 0, 0 ], [ 0, 0, 1, 0, 0, 0 ],
              [ 0, 0, 0, 1, 0, 0 ], [ 0, 0, 0, 0, 1, 0 ], 
              [ 0, 0, 0, 0, 0, 1 ] ],
          cubicBasisMap := 
           [ [ 1, 0, 0, 0, 0, 0 ], [ 0, 1, 0, 0, 0, 0 ], [ 0, 0, 1, 0, 0, 0 ],
              [ 0, 0, 0, 1, 0, 0 ], [ 0, 0, 0, 0, 1, 0 ], 
              [ 0, 0, 0, 0, 0, 1 ] ],
          cubicSpaceVerified := true,
          exactVerificationPassed := true,
          exemptionReasons := [  ],
          familyDimension := 0,
          fullIndex := 32,
          generatorImages := 
           [ 
              [ [ E(32), 0, 0, 0, 0, 0 ], [ 0, -E(16)^7, 0, 0, 0, 0 ], 
                  [ 0, 0, E(8), 0, 0, 0 ], [ 0, 0, 0, -E(4), 0, 0 ], 
                  [ 0, 0, 0, 0, -1, 0 ], [ 0, 0, 0, 0, 0, 1 ] ], 
              [ [ E(3), 0, 0, 0, 0, 0 ], [ 0, E(3), 0, 0, 0, 0 ], 
                  [ 0, 0, E(3), 0, 0, 0 ], [ 0, 0, 0, E(3), 0, 0 ], 
                  [ 0, 0, 0, 0, E(3), 0 ], [ 0, 0, 0, 0, 0, E(3) ] ] ],
          groupOrder := 96,
          groupOrderVerified := true,
          invariantDimension := 6,
          invariantDimensionVerified := true,
          linearGroupId := [ 96, 2 ],
          projectiveGroupId := [ 32, 1 ],
          proofType := 
           "source group equals its conjugate in the stored coordinates",
          rankS := 0,
          runtimeMilliseconds := 8969,
          scalarCompatibleAutomorphisms := 0,
          sourceCategory := "liftable_abelian",
          sourceKey := "liftable-abelian-1-PGL-32-1-index-32-dimension-0",
          status := "self_conjugate",
          storedInvariantDimension := 6,
          symplecticPart := "1",
          verificationKind := "exact_matrix_and_cubic_space",
          witnessVerified := true ), rec(
          automorphismsTested := 0,
          cataloguePosition := 2,
          characterCompatibleAutomorphisms := 0,
          conjugatingMatrix := 
           [ [ 1, 0, 0, 0, 0, 0 ], [ 0, 1, 0, 0, 0, 0 ], [ 0, 0, 1, 0, 0, 0 ],
              [ 0, 0, 0, 1, 0, 0 ], [ 0, 0, 0, 0, 1, 0 ], 
              [ 0, 0, 0, 0, 0, 1 ] ],
          cubicBasisMap := 
           [ [ 1, 0, 0, 0, 0, 0 ], [ 0, 1, 0, 0, 0, 0 ], [ 0, 0, 1, 0, 0, 0 ],
              [ 0, 0, 0, 1, 0, 0 ], [ 0, 0, 0, 0, 1, 0 ], 
              [ 0, 0, 0, 0, 0, 1 ] ],
          cubicSpaceVerified := true,
          exactVerificationPassed := true,
          exemptionReasons := [  ],
          familyDimension := 0,
          fullIndex := 48,
          generatorImages := 
           [ 
              [ [ E(16), 0, 0, 0, 0, 0 ], [ 0, -E(8)^3, 0, 0, 0, 0 ], 
                  [ 0, 0, E(4), 0, 0, 0 ], [ 0, 0, 0, -1, 0, 0 ], 
                  [ 0, 0, 0, 0, 1, 0 ], [ 0, 0, 0, 0, 0, E(3) ] ], 
              [ [ E(3), 0, 0, 0, 0, 0 ], [ 0, E(3), 0, 0, 0, 0 ], 
                  [ 0, 0, E(3), 0, 0, 0 ], [ 0, 0, 0, E(3), 0, 0 ], 
                  [ 0, 0, 0, 0, E(3), 0 ], [ 0, 0, 0, 0, 0, E(3) ] ] ],
          groupOrder := 144,
          groupOrderVerified := true,
          invariantDimension := 6,
          invariantDimensionVerified := true,
          linearGroupId := [ 144, 30 ],
          projectiveGroupId := [ 48, 2 ],
          proofType := 
           "source group equals its conjugate in the stored coordinates",
          rankS := 0,
          runtimeMilliseconds := 2000,
          scalarCompatibleAutomorphisms := 0,
          sourceCategory := "liftable_abelian",
          sourceKey := "liftable-abelian-1-PGL-48-2-index-48-dimension-0",
          status := "self_conjugate",
          storedInvariantDimension := 6,
          symplecticPart := "1",
          verificationKind := "exact_matrix_and_cubic_space",
          witnessVerified := true ), rec(
          cataloguePosition := 3,
          conjugatingMatrix := fail,
          cubicBasisMap := fail,
          cubicSpaceVerified := fail,
          exemptionReasons := [ "projective group order divisible by 7" ],
          familyDimension := 0,
          fullIndex := 6,
          generatorImages := fail,
          groupOrder := 378,
          invariantDimension := 1,
          invariantDimensionVerified := fail,
          linearGroupId := [ 378, 8 ],
          projectiveGroupId := [ 126, 0 ],
          proofType := "theoretical exemption requested for this catalogue",
          rankS := 18,
          runtimeMilliseconds := 0,
          sourceCategory := "rank_at_least_15",
          sourceKey := "rank-at-least-15-F_21-PGL-126-0-index-6-dimension-0",
          status := "self_conjugate_by_theory",
          symplecticPart := "F_21",
          verificationKind := "theoretical_exemption",
          witnessVerified := fail ), rec(
          automorphismsTested := 0,
          cataloguePosition := 4,
          characterCompatibleAutomorphisms := 0,
          conjugatingMatrix := 
           [ [ 1, 0, 0, 0, 0, 0 ], [ 0, 1, 0, 0, 0, 0 ], [ 0, 0, 1, 0, 0, 0 ],
              [ 0, 0, 0, 1, 0, 0 ], [ 0, 0, 0, 0, 1, 0 ], 
              [ 0, 0, 0, 0, 0, 1 ] ],
          cubicBasisMap := 
           [ [ 1, 0, 0, 0, 0 ], [ 0, 1, 0, 0, 0 ], [ 0, 0, 1, 0, 0 ], 
              [ 0, 0, 0, 1, 0 ], [ 0, 0, 0, 0, 1 ] ],
          cubicSpaceVerified := true,
          exactVerificationPassed := true,
          exemptionReasons := [  ],
          familyDimension := 0,
          fullIndex := 24,
          generatorImages := 
           [ 
              [ [ E(8), 0, 0, 0, 0, 0 ], [ 0, -E(4), 0, 0, 0, 0 ], 
                  [ 0, 0, -1, 0, 0, 0 ], [ 0, 0, 0, 1, 0, 0 ], 
                  [ 0, 0, 0, 0, E(3), 0 ], [ 0, 0, 0, 0, 0, 1 ] ], 
              [ [ 1, 0, 0, 0, 0, 0 ], [ 0, 1, 0, 0, 0, 0 ], 
                  [ 0, 0, 1, 0, 0, 0 ], [ 0, 0, 0, 1, 0, 0 ], 
                  [ 0, 0, 0, 0, 0, 1 ], [ 0, 0, 0, 0, 1, 0 ] ], 
              [ [ E(3), 0, 0, 0, 0, 0 ], [ 0, E(3), 0, 0, 0, 0 ], 
                  [ 0, 0, E(3), 0, 0, 0 ], [ 0, 0, 0, E(3), 0, 0 ], 
                  [ 0, 0, 0, 0, E(3), 0 ], [ 0, 0, 0, 0, 0, E(3) ] ] ],
          groupOrder := 432,
          groupOrderVerified := true,
          invariantDimension := 5,
          invariantDimensionVerified := true,
          linearGroupId := [ 432, 464 ],
          projectiveGroupId := [ 144, 69 ],
          proofType := 
           "source group equals its conjugate in the stored coordinates",
          rankS := 14,
          runtimeMilliseconds := 672,
          scalarCompatibleAutomorphisms := 0,
          sourceCategory := "small_nonabelian",
          sourceKey := "small-nonabelian-S3-PGL-144-69-index-24-dimension-0",
          status := "self_conjugate",
          storedInvariantDimension := 5,
          symplecticPart := "S3",
          verificationKind := "exact_matrix_and_cubic_space",
          witnessVerified := true ), rec(
          cataloguePosition := 5,
          conjugatingMatrix := fail,
          cubicBasisMap := fail,
          cubicSpaceVerified := fail,
          exemptionReasons := [ "rank(S) at least 19" ],
          familyDimension := 0,
          fullIndex := 3,
          generatorImages := fail,
          groupOrder := 648,
          invariantDimension := 1,
          invariantDimensionVerified := fail,
          linearGroupId := [ 648, 533 ],
          projectiveGroupId := [ 216, 0 ],
          proofType := "theoretical exemption requested for this catalogue",
          rankS := 19,
          runtimeMilliseconds := 0,
          sourceCategory := "rank_at_least_15",
          sourceKey := "rank-at-least-15-M_9-PGL-216-0-index-3-dimension-0",
          status := "self_conjugate_by_theory",
          symplecticPart := "M_9",
          verificationKind := "theoretical_exemption",
          witnessVerified := fail ), rec(
          cataloguePosition := 6,
          conjugatingMatrix := fail,
          cubicBasisMap := fail,
          cubicSpaceVerified := fail,
          exemptionReasons := 
           [ "rank(S) at least 19", "projective group order divisible by 7" ],
          familyDimension := 0,
          fullIndex := 2,
          generatorImages := fail,
          groupOrder := 1008,
          invariantDimension := 1,
          invariantDimensionVerified := fail,
          linearGroupId := [ 1008, 882 ],
          projectiveGroupId := [ 336, 0 ],
          proofType := "theoretical exemption requested for this catalogue",
          rankS := 19,
          runtimeMilliseconds := 0,
          sourceCategory := "rank_at_least_15",
          sourceKey := 
           "rank-at-least-15-PSL(2,7)-PGL-336-0-index-2-dimension-0",
          status := "self_conjugate_by_theory",
          symplecticPart := "PSL(2,7)",
          verificationKind := "theoretical_exemption",
          witnessVerified := fail ), rec(
          cataloguePosition := 7,
          conjugatingMatrix := fail,
          cubicBasisMap := fail,
          cubicSpaceVerified := fail,
          exemptionReasons := 
           [ "rank(S) at least 19", "projective group order divisible by 7" ],
          familyDimension := 0,
          fullIndex := 2,
          generatorImages := fail,
          groupOrder := 1008,
          invariantDimension := 1,
          invariantDimensionVerified := fail,
          linearGroupId := [ 1008, 882 ],
          projectiveGroupId := [ 336, 0 ],
          proofType := "theoretical exemption requested for this catalogue",
          rankS := 19,
          runtimeMilliseconds := 0,
          sourceCategory := "rank_at_least_15",
          sourceKey := 
           "rank-at-least-15-PSL(2,7)-PGL-336-0-index-2-dimension-0-representa\
tion-2",
          status := "self_conjugate_by_theory",
          symplecticPart := "PSL(2,7)",
          verificationKind := "theoretical_exemption",
          witnessVerified := fail ), rec(
          cataloguePosition := 8,
          conjugatingMatrix := fail,
          cubicBasisMap := fail,
          cubicSpaceVerified := fail,
          exemptionReasons := 
           [ "connected symplectic family", "rank(S) at least 19" ],
          familyDimension := 0,
          fullIndex := 1,
          generatorImages := fail,
          groupOrder := 2160,
          invariantDimension := 1,
          invariantDimensionVerified := fail,
          linearGroupId := [ 2160, 0 ],
          projectiveGroupId := [ 720, 0 ],
          proofType := "theoretical exemption requested for this catalogue",
          rankS := 20,
          runtimeMilliseconds := 0,
          sourceCategory := "rank_at_least_15",
          sourceKey := "rank-at-least-15-M_10-PGL-720-0-index-1-dimension-0",
          status := "self_conjugate_by_theory",
          symplecticPart := "M_10",
          verificationKind := "theoretical_exemption",
          witnessVerified := fail ), rec(
          cataloguePosition := 9,
          conjugatingMatrix := fail,
          cubicBasisMap := fail,
          cubicSpaceVerified := fail,
          exemptionReasons := 
           [ "connected symplectic family", "rank(S) at least 19" ],
          familyDimension := 0,
          fullIndex := 1,
          generatorImages := fail,
          groupOrder := 2160,
          invariantDimension := 1,
          invariantDimensionVerified := fail,
          linearGroupId := [ 2160, 0 ],
          projectiveGroupId := [ 720, 0 ],
          proofType := "theoretical exemption requested for this catalogue",
          rankS := 20,
          runtimeMilliseconds := 0,
          sourceCategory := "rank_at_least_15",
          sourceKey := 
           "rank-at-least-15-M_10-PGL-720-0-index-1-dimension-0-representation\
-2",
          status := "self_conjugate_by_theory",
          symplecticPart := "M_10",
          verificationKind := "theoretical_exemption",
          witnessVerified := fail ), rec(
          cataloguePosition := 10,
          conjugatingMatrix := fail,
          cubicBasisMap := fail,
          cubicSpaceVerified := fail,
          exemptionReasons := 
           [ "connected symplectic family", "rank(S) at least 19" ],
          familyDimension := 0,
          fullIndex := 3,
          generatorImages := fail,
          groupOrder := 5940,
          invariantDimension := 2,
          invariantDimensionVerified := fail,
          linearGroupId := [ 5940, 0 ],
          projectiveGroupId := [ 1980, 0 ],
          proofType := "theoretical exemption requested for this catalogue",
          rankS := 20,
          runtimeMilliseconds := 0,
          sourceCategory := "rank_at_least_15",
          sourceKey := 
           "rank-at-least-15-L_2(11)-PGL-1980-0-index-3-dimension-0",
          status := "self_conjugate_by_theory",
          symplecticPart := "L_2(11)",
          verificationKind := "theoretical_exemption",
          witnessVerified := fail ), rec(
          cataloguePosition := 11,
          conjugatingMatrix := fail,
          cubicBasisMap := fail,
          cubicSpaceVerified := fail,
          exemptionReasons := 
           [ "connected symplectic family", "rank(S) at least 19" ],
          familyDimension := 0,
          fullIndex := 6,
          generatorImages := fail,
          groupOrder := 6480,
          invariantDimension := 2,
          invariantDimensionVerified := fail,
          linearGroupId := [ 6480, 0 ],
          projectiveGroupId := [ 2160, 0 ],
          proofType := "theoretical exemption requested for this catalogue",
          rankS := 20,
          runtimeMilliseconds := 0,
          sourceCategory := "rank_at_least_15",
          sourceKey := "rank-at-least-15-A_3,5-PGL-2160-0-index-6-dimension-0"
           ,
          status := "self_conjugate_by_theory",
          symplecticPart := "A_3,5",
          verificationKind := "theoretical_exemption",
          witnessVerified := fail ), rec(
          cataloguePosition := 12,
          conjugatingMatrix := fail,
          cubicBasisMap := fail,
          cubicSpaceVerified := fail,
          exemptionReasons := 
           [ "connected symplectic family", "rank(S) at least 19", 
              "projective group order divisible by 7" ],
          familyDimension := 0,
          fullIndex := 1,
          generatorImages := fail,
          groupOrder := 7560,
          invariantDimension := 1,
          invariantDimensionVerified := fail,
          linearGroupId := [ 7560, 0 ],
          projectiveGroupId := [ 2520, 0 ],
          proofType := "theoretical exemption requested for this catalogue",
          rankS := 20,
          runtimeMilliseconds := 0,
          sourceCategory := "rank_at_least_15",
          sourceKey := "rank-at-least-15-A_7-PGL-2520-0-index-1-dimension-0",
          status := "self_conjugate_by_theory",
          symplecticPart := "A_7",
          verificationKind := "theoretical_exemption",
          witnessVerified := fail ), rec(
          cataloguePosition := 13,
          conjugatingMatrix := fail,
          cubicBasisMap := fail,
          cubicSpaceVerified := fail,
          exemptionReasons := 
           [ "connected symplectic family", "rank(S) at least 19", 
              "projective group order divisible by 7" ],
          familyDimension := 0,
          fullIndex := 2,
          generatorImages := fail,
          groupOrder := 15120,
          invariantDimension := 1,
          invariantDimensionVerified := fail,
          linearGroupId := [ 15120, 0 ],
          projectiveGroupId := [ 5040, 0 ],
          proofType := "theoretical exemption requested for this catalogue",
          rankS := 20,
          runtimeMilliseconds := 0,
          sourceCategory := "rank_at_least_15",
          sourceKey := "rank-at-least-15-A_7-PGL-5040-0-index-2-dimension-0",
          status := "self_conjugate_by_theory",
          symplecticPart := "A_7",
          verificationKind := "theoretical_exemption",
          witnessVerified := fail ), rec(
          cataloguePosition := 14,
          conjugatingMatrix := fail,
          cubicBasisMap := fail,
          cubicSpaceVerified := fail,
          exemptionReasons := [ "symplectic part 3^{1+4}:2" ],
          familyDimension := 0,
          fullIndex := 12,
          generatorImages := fail,
          groupOrder := 17496,
          invariantDimension := 2,
          invariantDimensionVerified := fail,
          linearGroupId := [ 17496, 0 ],
          projectiveGroupId := [ 5832, 0 ],
          proofType := "theoretical exemption requested for this catalogue",
          rankS := 18,
          runtimeMilliseconds := 0,
          sourceCategory := "rank_at_least_15",
          sourceKey := 
           "rank-at-least-15-3^{1+4}:2-PGL-5832-0-index-12-dimension-0",
          status := "self_conjugate_by_theory",
          symplecticPart := "3^{1+4}:2",
          verificationKind := "theoretical_exemption",
          witnessVerified := fail ), rec(
          cataloguePosition := 15,
          conjugatingMatrix := fail,
          cubicBasisMap := fail,
          cubicSpaceVerified := fail,
          exemptionReasons := 
           [ "connected symplectic family", "rank(S) at least 19" ],
          familyDimension := 0,
          fullIndex := 4,
          generatorImages := fail,
          groupOrder := 23328,
          invariantDimension := 1,
          invariantDimensionVerified := fail,
          linearGroupId := [ 23328, 0 ],
          projectiveGroupId := [ 7776, 0 ],
          proofType := "theoretical exemption requested for this catalogue",
          rankS := 20,
          runtimeMilliseconds := 0,
          sourceCategory := "rank_at_least_15",
          sourceKey := 
           "rank-at-least-15-3^{1+4}:2.2^2-PGL-7776-0-index-4-dimension-0",
          status := "self_conjugate_by_theory",
          symplecticPart := "3^{1+4}:2.2^2",
          verificationKind := "theoretical_exemption",
          witnessVerified := fail ), rec(
          cataloguePosition := 16,
          conjugatingMatrix := fail,
          cubicBasisMap := fail,
          cubicSpaceVerified := fail,
          exemptionReasons := 
           [ "connected symplectic family", "rank(S) at least 19" ],
          familyDimension := 0,
          fullIndex := 6,
          generatorImages := fail,
          groupOrder := 524880,
          invariantDimension := 1,
          invariantDimensionVerified := fail,
          linearGroupId := [ 524880, 0 ],
          projectiveGroupId := [ 174960, 0 ],
          proofType := "theoretical exemption requested for this catalogue",
          rankS := 20,
          runtimeMilliseconds := 0,
          sourceCategory := "rank_at_least_15",
          sourceKey := 
           "rank-at-least-15-3^4:A_6-PGL-174960-0-index-6-dimension-0",
          status := "self_conjugate_by_theory",
          symplecticPart := "3^4:A_6",
          verificationKind := "theoretical_exemption",
          witnessVerified := fail ), rec(
          automorphismsTested := 0,
          cataloguePosition := 17,
          characterCompatibleAutomorphisms := 0,
          conjugatingMatrix := 
           [ [ 1, 0, 0, 0, 0, 0 ], [ 0, 1, 0, 0, 0, 0 ], [ 0, 0, 1, 0, 0, 0 ],
              [ 0, 0, 0, 1, 0, 0 ], [ 0, 0, 0, 0, 1, 0 ], 
              [ 0, 0, 0, 0, 0, 1 ] ],
          cubicBasisMap := 
           [ [ 1, 0, 0, 0, 0, 0, 0, 0, 0 ], [ 0, 1, 0, 0, 0, 0, 0, 0, 0 ], 
              [ 0, 0, 1, 0, 0, 0, 0, 0, 0 ], [ 0, 0, 0, 1, 0, 0, 0, 0, 0 ], 
              [ 0, 0, 0, 0, 1, 0, 0, 0, 0 ], [ 0, 0, 0, 0, 0, 1, 0, 0, 0 ], 
              [ 0, 0, 0, 0, 0, 0, 1, 0, 0 ], [ 0, 0, 0, 0, 0, 0, 0, 1, 0 ], 
              [ 0, 0, 0, 0, 0, 0, 0, 0, 1 ] ],
          cubicSpaceVerified := true,
          exactVerificationPassed := true,
          exemptionReasons := [  ],
          familyDimension := 1,
          fullIndex := 16,
          generatorImages := 
           [ 
              [ [ E(3), 0, 0, 0, 0, 0 ], [ 0, E(3), 0, 0, 0, 0 ], 
                  [ 0, 0, E(3), 0, 0, 0 ], [ 0, 0, 0, E(3), 0, 0 ], 
                  [ 0, 0, 0, 0, E(3), 0 ], [ 0, 0, 0, 0, 0, E(3) ] ], 
              [ [ -E(16)^3, 0, 0, 0, 0, 0 ], [ 0, -E(8), 0, 0, 0, 0 ], 
                  [ 0, 0, -E(4), 0, 0, 0 ], [ 0, 0, 0, -1, 0, 0 ], 
                  [ 0, 0, 0, 0, 1, 0 ], [ 0, 0, 0, 0, 0, 1 ] ], 
              [ [ E(8)^3, 0, 0, 0, 0, 0 ], [ 0, E(4), 0, 0, 0, 0 ], 
                  [ 0, 0, -1, 0, 0, 0 ], [ 0, 0, 0, 1, 0, 0 ], 
                  [ 0, 0, 0, 0, 1, 0 ], [ 0, 0, 0, 0, 0, 1 ] ], 
              [ [ -E(4), 0, 0, 0, 0, 0 ], [ 0, -1, 0, 0, 0, 0 ], 
                  [ 0, 0, 1, 0, 0, 0 ], [ 0, 0, 0, 1, 0, 0 ], 
                  [ 0, 0, 0, 0, 1, 0 ], [ 0, 0, 0, 0, 0, 1 ] ], 
              [ [ -1, 0, 0, 0, 0, 0 ], [ 0, 1, 0, 0, 0, 0 ], 
                  [ 0, 0, 1, 0, 0, 0 ], [ 0, 0, 0, 1, 0, 0 ], 
                  [ 0, 0, 0, 0, 1, 0 ], [ 0, 0, 0, 0, 0, 1 ] ] ],
          groupOrder := 48,
          groupOrderVerified := true,
          invariantDimension := 9,
          invariantDimensionVerified := true,
          linearGroupId := [ 48, 2 ],
          projectiveGroupId := [ 16, 1 ],
          proofType := 
           "source group equals its conjugate in the stored coordinates",
          rankS := 0,
          runtimeMilliseconds := 2078,
          scalarCompatibleAutomorphisms := 0,
          sourceCategory := "liftable_abelian",
          sourceKey := "liftable-abelian-1-PGL-16-1-index-16-dimension-1",
          status := "self_conjugate",
          storedInvariantDimension := 9,
          symplecticPart := "1",
          verificationKind := "exact_matrix_and_cubic_space",
          witnessVerified := true ), rec(
          automorphismsTested := 0,
          cataloguePosition := 18,
          characterCompatibleAutomorphisms := 0,
          conjugatingMatrix := 
           [ [ 1, 0, 0, 0, 0, 0 ], [ 0, 1, 0, 0, 0, 0 ], [ 0, 0, 1, 0, 0, 0 ],
              [ 0, 0, 0, 1, 0, 0 ], [ 0, 0, 0, 0, 1, 0 ], 
              [ 0, 0, 0, 0, 0, 1 ] ],
          cubicBasisMap := 
           [ [ 1, 0, 0, 0, 0, 0, 0 ], [ 0, 1, 0, 0, 0, 0, 0 ], 
              [ 0, 0, 1, 0, 0, 0, 0 ], [ 0, 0, 0, 1, 0, 0, 0 ], 
              [ 0, 0, 0, 0, 1, 0, 0 ], [ 0, 0, 0, 0, 0, 1, 0 ], 
              [ 0, 0, 0, 0, 0, 0, 1 ] ],
          cubicSpaceVerified := true,
          exactVerificationPassed := true,
          exemptionReasons := [  ],
          familyDimension := 1,
          fullIndex := 16,
          generatorImages := 
           [ 
              [ [ E(3), 0, 0, 0, 0, 0 ], [ 0, E(3), 0, 0, 0, 0 ], 
                  [ 0, 0, E(3), 0, 0, 0 ], [ 0, 0, 0, E(3), 0, 0 ], 
                  [ 0, 0, 0, 0, E(3), 0 ], [ 0, 0, 0, 0, 0, E(3) ] ], 
              [ [ -1, 0, 0, 0, 0, 0 ], [ 0, 1, 0, 0, 0, 0 ], 
                  [ 0, 0, 1, 0, 0, 0 ], [ 0, 0, 0, 1, 0, 0 ], 
                  [ 0, 0, 0, 0, 1, 0 ], [ 0, 0, 0, 0, 0, 1 ] ], 
              [ [ E(4), 0, 0, 0, 0, 0 ], [ 0, -1, 0, 0, 0, 0 ], 
                  [ 0, 0, 1, 0, 0, 0 ], [ 0, 0, 0, 1, 0, 0 ], 
                  [ 0, 0, 0, 0, 1, 0 ], [ 0, 0, 0, 0, 0, 1 ] ], 
              [ [ E(8), 0, 0, 0, 0, 0 ], [ 0, -E(4), 0, 0, 0, 0 ], 
                  [ 0, 0, -1, 0, 0, 0 ], [ 0, 0, 0, -1, 0, 0 ], 
                  [ 0, 0, 0, 0, 1, 0 ], [ 0, 0, 0, 0, 0, 1 ] ], 
              [ [ E(16), 0, 0, 0, 0, 0 ], [ 0, -E(8)^3, 0, 0, 0, 0 ], 
                  [ 0, 0, E(4), 0, 0, 0 ], [ 0, 0, 0, -E(4), 0, 0 ], 
                  [ 0, 0, 0, 0, -1, 0 ], [ 0, 0, 0, 0, 0, 1 ] ] ],
          groupOrder := 48,
          groupOrderVerified := true,
          invariantDimension := 7,
          invariantDimensionVerified := true,
          linearGroupId := [ 48, 2 ],
          projectiveGroupId := [ 16, 1 ],
          proofType := 
           "source group equals its conjugate in the stored coordinates",
          rankS := 0,
          runtimeMilliseconds := 1953,
          scalarCompatibleAutomorphisms := 0,
          sourceCategory := "liftable_abelian",
          sourceKey := 
           "liftable-abelian-1-PGL-16-1-index-16-dimension-1-representation-2"
           ,
          status := "self_conjugate",
          storedInvariantDimension := 7,
          symplecticPart := "1",
          verificationKind := "exact_matrix_and_cubic_space",
          witnessVerified := true ), rec(
          automorphismsTested := 0,
          cataloguePosition := 19,
          characterCompatibleAutomorphisms := 0,
          conjugatingMatrix := 
           [ [ 1, 0, 0, 0, 0, 0 ], [ 0, 1, 0, 0, 0, 0 ], [ 0, 0, 1, 0, 0, 0 ],
              [ 0, 0, 0, 1, 0, 0 ], [ 0, 0, 0, 0, 1, 0 ], 
              [ 0, 0, 0, 0, 0, 1 ] ],
          cubicBasisMap := [ [ 1, 0, 0 ], [ 0, 1, 0 ], [ 0, 0, 1 ] ],
          cubicSpaceVerified := true,
          exactVerificationPassed := true,
          exemptionReasons := [  ],
          familyDimension := 1,
          fullIndex := 6,
          generatorImages := 
           [ 
              [ [ 0, 1, 0, 0, 0, 0 ], [ 0, 0, 1, 0, 0, 0 ], 
                  [ 1, 0, 0, 0, 0, 0 ], [ 0, 0, 0, 0, 1, 0 ], 
                  [ 0, 0, 0, 0, 0, 1 ], [ 0, 0, 0, 1, 0, 0 ] ], 
              [ [ -E(9)^4-E(9)^7, 0, 0, 0, 0, 0 ], [ 0, E(9)^4, 0, 0, 0, 0 ], 
                  [ 0, 0, E(9)^7, 0, 0, 0 ], [ 0, 0, 0, -E(9)^4-E(9)^7, 0, 0 ]
                    , [ 0, 0, 0, 0, E(9)^4, 0 ], [ 0, 0, 0, 0, 0, E(9)^7 ] ], 
              [ [ 1, 0, 0, 0, 0, 0 ], [ 0, 1, 0, 0, 0, 0 ], 
                  [ 0, 0, 1, 0, 0, 0 ], [ 0, 0, 0, -1, 0, 0 ], 
                  [ 0, 0, 0, 0, -1, 0 ], [ 0, 0, 0, 0, 0, -1 ] ] ],
          groupOrder := 54,
          groupOrderVerified := true,
          invariantDimension := 3,
          invariantDimensionVerified := true,
          linearGroupId := [ 54, 11 ],
          projectiveGroupId := [ 18, 5 ],
          proofType := 
           "source group equals its conjugate in the stored coordinates",
          rankS := 12,
          runtimeMilliseconds := 218,
          scalarCompatibleAutomorphisms := 0,
          sourceCategory := "nonliftable_abelian",
          sourceKey := "nonliftable-abelian-C3-PGL-18-5-index-6-dimension-1",
          status := "self_conjugate",
          storedInvariantDimension := 3,
          symplecticPart := "C3",
          verificationKind := "exact_matrix_and_cubic_space",
          witnessVerified := true ), rec(
          automorphismsTested := 12,
          cataloguePosition := 20,
          characterCompatibleAutomorphisms := 1,
          conjugatingMatrix := 
           [ [ 3, 0, 0, 0, 0, 0 ], [ 0, -3, 0, 0, 0, 0 ], 
              [ 0, 0, 0, -3, 0, 0 ], [ 0, 0, 3, 0, 0, 0 ], 
              [ 0, 0, 0, 0, 0, 4 ], [ 0, 0, 0, 0, 4*E(4), 0 ] ],
          cubicBasisMap := 
           [ [ 1/48*E(4), 0, 0, 0 ], [ 0, 1/27, 0, 0 ], [ 0, 0, 1/27, 0 ], 
              [ 0, 0, 0, 1/27 ] ],
          cubicSpaceVerified := true,
          exactVerificationPassed := true,
          exemptionReasons := [  ],
          familyDimension := 1,
          fullIndex := 3,
          generatorImages := 
           [ 
              [ [ E(3)^2, 0, 0, 0, 0, 0 ], [ 0, 0, 0, 1, 0, 0 ], 
                  [ 0, -1, 0, 0, 0, 0 ], [ 0, 0, -1, 0, 0, 0 ], 
                  [ 0, 0, 0, 0, -1/2+1/2*E(4), 1/2-1/2*E(4) ], 
                  [ 0, 0, 0, 0, -1/2-1/2*E(4), -1/2-1/2*E(4) ] ], 
              [ [ 1, 0, 0, 0, 0, 0 ], [ 0, -1, 0, 0, 0, 0 ], 
                  [ 0, 0, -1, 0, 0, 0 ], [ 0, 0, 0, 1, 0, 0 ], 
                  [ 0, 0, 0, 0, 0, -E(4) ], [ 0, 0, 0, 0, -E(4), 0 ] ], 
              [ [ 1, 0, 0, 0, 0, 0 ], [ 0, -1, 0, 0, 0, 0 ], 
                  [ 0, 0, 1, 0, 0, 0 ], [ 0, 0, 0, -1, 0, 0 ], 
                  [ 0, 0, 0, 0, 0, 1 ], [ 0, 0, 0, 0, -1, 0 ] ], 
              [ [ 1, 0, 0, 0, 0, 0 ], [ 0, 1, 0, 0, 0, 0 ], 
                  [ 0, 0, 1, 0, 0, 0 ], [ 0, 0, 0, 1, 0, 0 ], 
                  [ 0, 0, 0, 0, -1, 0 ], [ 0, 0, 0, 0, 0, -1 ] ], 
              [ [ E(3), 0, 0, 0, 0, 0 ], [ 0, E(3), 0, 0, 0, 0 ], 
                  [ 0, 0, E(3), 0, 0, 0 ], [ 0, 0, 0, E(3), 0, 0 ], 
                  [ 0, 0, 0, 0, E(3), 0 ], [ 0, 0, 0, 0, 0, E(3) ] ] ],
          groupOrder := 72,
          groupOrderVerified := true,
          invariantDimension := 4,
          invariantDimensionVerified := true,
          linearGroupId := [ 72, 25 ],
          projectiveGroupId := [ 24, 3 ],
          proofType := 
           "complete abstract-automorphism character match with exact intertwi\
ner",
          rankS := 17,
          runtimeMilliseconds := 828,
          scalarCompatibleAutomorphisms := 8,
          sourceCategory := "rank_at_least_15",
          sourceKey := "rank-at-least-15-Q_8-PGL-24-3-index-3-dimension-1",
          status := "self_conjugate",
          storedInvariantDimension := 4,
          symplecticPart := "Q_8",
          verificationKind := "exact_matrix_and_cubic_space",
          witnessVerified := true ), rec(
          automorphismsTested := 0,
          cataloguePosition := 21,
          characterCompatibleAutomorphisms := 0,
          conjugatingMatrix := 
           [ [ 1, 0, 0, 0, 0, 0 ], [ 0, 1, 0, 0, 0, 0 ], [ 0, 0, 1, 0, 0, 0 ],
              [ 0, 0, 0, 1, 0, 0 ], [ 0, 0, 0, 0, 1, 0 ], 
              [ 0, 0, 0, 0, 0, 1 ] ],
          cubicBasisMap := 
           [ [ 1, 0, 0, 0, 0, 0, 0 ], [ 0, 1, 0, 0, 0, 0, 0 ], 
              [ 0, 0, 1, 0, 0, 0, 0 ], [ 0, 0, 0, 1, 0, 0, 0 ], 
              [ 0, 0, 0, 0, 1, 0, 0 ], [ 0, 0, 0, 0, 0, 1, 0 ], 
              [ 0, 0, 0, 0, 0, 0, 1 ] ],
          cubicSpaceVerified := true,
          exactVerificationPassed := true,
          exemptionReasons := [  ],
          familyDimension := 1,
          fullIndex := 12,
          generatorImages := 
           [ 
              [ [ E(3), 0, 0, 0, 0, 0 ], [ 0, E(3), 0, 0, 0, 0 ], 
                  [ 0, 0, E(3), 0, 0, 0 ], [ 0, 0, 0, E(3), 0, 0 ], 
                  [ 0, 0, 0, 0, E(3), 0 ], [ 0, 0, 0, 0, 0, E(3) ] ], 
              [ [ 1, 0, 0, 0, 0, 0 ], [ 0, 1, 0, 0, 0, 0 ], 
                  [ 0, 0, 1, 0, 0, 0 ], [ 0, 0, 0, -1, 0, 0 ], 
                  [ 0, 0, 0, 0, 1, 0 ], [ 0, 0, 0, 0, 0, 1 ] ], 
              [ [ E(3)^2, 0, 0, 0, 0, 0 ], [ 0, E(3)^2, 0, 0, 0, 0 ], 
                  [ 0, 0, E(3)^2, 0, 0, 0 ], [ 0, 0, 0, E(3), 0, 0 ], 
                  [ 0, 0, 0, 0, E(3), 0 ], [ 0, 0, 0, 0, 0, 1 ] ], 
              [ [ -E(4), 0, 0, 0, 0, 0 ], [ 0, -1, 0, 0, 0, 0 ], 
                  [ 0, 0, 1, 0, 0, 0 ], [ 0, 0, 0, 1, 0, 0 ], 
                  [ 0, 0, 0, 0, 1, 0 ], [ 0, 0, 0, 0, 0, 1 ] ], 
              [ [ -1, 0, 0, 0, 0, 0 ], [ 0, 1, 0, 0, 0, 0 ], 
                  [ 0, 0, 1, 0, 0, 0 ], [ 0, 0, 0, 1, 0, 0 ], 
                  [ 0, 0, 0, 0, 1, 0 ], [ 0, 0, 0, 0, 0, 1 ] ] ],
          groupOrder := 72,
          groupOrderVerified := true,
          invariantDimension := 7,
          invariantDimensionVerified := true,
          linearGroupId := [ 72, 36 ],
          projectiveGroupId := [ 24, 9 ],
          proofType := 
           "source group equals its conjugate in the stored coordinates",
          rankS := 8,
          runtimeMilliseconds := 234,
          scalarCompatibleAutomorphisms := 0,
          sourceCategory := "liftable_abelian",
          sourceKey := "liftable-abelian-C2-PGL-24-9-index-12-dimension-1",
          status := "self_conjugate",
          storedInvariantDimension := 7,
          symplecticPart := "C2",
          verificationKind := "exact_matrix_and_cubic_space",
          witnessVerified := true ), rec(
          automorphismsTested := 0,
          cataloguePosition := 22,
          characterCompatibleAutomorphisms := 0,
          conjugatingMatrix := 
           [ [ 1, 0, 0, 0, 0, 0 ], [ 0, 1, 0, 0, 0, 0 ], [ 0, 0, 1, 0, 0, 0 ],
              [ 0, 0, 0, 1, 0, 0 ], [ 0, 0, 0, 0, 1, 0 ], 
              [ 0, 0, 0, 0, 0, 1 ] ],
          cubicBasisMap := 
           [ [ 1, 0, 0, 0, 0, 0, 0, 0, 0 ], [ 0, 1, 0, 0, 0, 0, 0, 0, 0 ], 
              [ 0, 0, 1, 0, 0, 0, 0, 0, 0 ], [ 0, 0, 0, 1, 0, 0, 0, 0, 0 ], 
              [ 0, 0, 0, 0, 1, 0, 0, 0, 0 ], [ 0, 0, 0, 0, 0, 1, 0, 0, 0 ], 
              [ 0, 0, 0, 0, 0, 0, 1, 0, 0 ], [ 0, 0, 0, 0, 0, 0, 0, 1, 0 ], 
              [ 0, 0, 0, 0, 0, 0, 0, 0, 1 ] ],
          cubicSpaceVerified := true,
          exactVerificationPassed := true,
          exemptionReasons := [  ],
          familyDimension := 1,
          fullIndex := 24,
          generatorImages := 
           [ 
              [ [ E(3), 0, 0, 0, 0, 0 ], [ 0, E(3), 0, 0, 0, 0 ], 
                  [ 0, 0, E(3), 0, 0, 0 ], [ 0, 0, 0, E(3), 0, 0 ], 
                  [ 0, 0, 0, 0, E(3), 0 ], [ 0, 0, 0, 0, 0, E(3) ] ], 
              [ [ E(3), 0, 0, 0, 0, 0 ], [ 0, E(3), 0, 0, 0, 0 ], 
                  [ 0, 0, E(3), 0, 0, 0 ], [ 0, 0, 0, E(3), 0, 0 ], 
                  [ 0, 0, 0, 0, E(3), 0 ], [ 0, 0, 0, 0, 0, 1 ] ], 
              [ [ -1, 0, 0, 0, 0, 0 ], [ 0, 1, 0, 0, 0, 0 ], 
                  [ 0, 0, 1, 0, 0, 0 ], [ 0, 0, 0, 1, 0, 0 ], 
                  [ 0, 0, 0, 0, 1, 0 ], [ 0, 0, 0, 0, 0, 1 ] ], 
              [ [ -E(4), 0, 0, 0, 0, 0 ], [ 0, -1, 0, 0, 0, 0 ], 
                  [ 0, 0, 1, 0, 0, 0 ], [ 0, 0, 0, 1, 0, 0 ], 
                  [ 0, 0, 0, 0, 1, 0 ], [ 0, 0, 0, 0, 0, 1 ] ], 
              [ [ E(8)^3, 0, 0, 0, 0, 0 ], [ 0, E(4), 0, 0, 0, 0 ], 
                  [ 0, 0, -1, 0, 0, 0 ], [ 0, 0, 0, 1, 0, 0 ], 
                  [ 0, 0, 0, 0, 1, 0 ], [ 0, 0, 0, 0, 0, 1 ] ] ],
          groupOrder := 72,
          groupOrderVerified := true,
          invariantDimension := 9,
          invariantDimensionVerified := true,
          linearGroupId := [ 72, 14 ],
          projectiveGroupId := [ 24, 2 ],
          proofType := 
           "source group equals its conjugate in the stored coordinates",
          rankS := 0,
          runtimeMilliseconds := 594,
          scalarCompatibleAutomorphisms := 0,
          sourceCategory := "liftable_abelian",
          sourceKey := "liftable-abelian-1-PGL-24-2-index-24-dimension-1",
          status := "self_conjugate",
          storedInvariantDimension := 9,
          symplecticPart := "1",
          verificationKind := "exact_matrix_and_cubic_space",
          witnessVerified := true ), rec(
          automorphismsTested := 0,
          cataloguePosition := 23,
          characterCompatibleAutomorphisms := 0,
          conjugatingMatrix := 
           [ [ 1, 0, 0, 0, 0, 0 ], [ 0, 1, 0, 0, 0, 0 ], [ 0, 0, 1, 0, 0, 0 ],
              [ 0, 0, 0, 1, 0, 0 ], [ 0, 0, 0, 0, 1, 0 ], 
              [ 0, 0, 0, 0, 0, 1 ] ],
          cubicBasisMap := 
           [ [ 1, 0, 0, 0, 0, 0, 0 ], [ 0, 1, 0, 0, 0, 0, 0 ], 
              [ 0, 0, 1, 0, 0, 0, 0 ], [ 0, 0, 0, 1, 0, 0, 0 ], 
              [ 0, 0, 0, 0, 1, 0, 0 ], [ 0, 0, 0, 0, 0, 1, 0 ], 
              [ 0, 0, 0, 0, 0, 0, 1 ] ],
          cubicSpaceVerified := true,
          exactVerificationPassed := true,
          exemptionReasons := [  ],
          familyDimension := 1,
          fullIndex := 24,
          generatorImages := 
           [ 
              [ [ E(3), 0, 0, 0, 0, 0 ], [ 0, E(3), 0, 0, 0, 0 ], 
                  [ 0, 0, E(3), 0, 0, 0 ], [ 0, 0, 0, E(3), 0, 0 ], 
                  [ 0, 0, 0, 0, E(3), 0 ], [ 0, 0, 0, 0, 0, E(3) ] ], 
              [ [ E(3), 0, 0, 0, 0, 0 ], [ 0, E(3), 0, 0, 0, 0 ], 
                  [ 0, 0, E(3), 0, 0, 0 ], [ 0, 0, 0, E(3), 0, 0 ], 
                  [ 0, 0, 0, 0, E(3), 0 ], [ 0, 0, 0, 0, 0, 1 ] ], 
              [ [ -1, 0, 0, 0, 0, 0 ], [ 0, 1, 0, 0, 0, 0 ], 
                  [ 0, 0, 1, 0, 0, 0 ], [ 0, 0, 0, 1, 0, 0 ], 
                  [ 0, 0, 0, 0, 1, 0 ], [ 0, 0, 0, 0, 0, 1 ] ], 
              [ [ -E(4), 0, 0, 0, 0, 0 ], [ 0, -1, 0, 0, 0, 0 ], 
                  [ 0, 0, -1, 0, 0, 0 ], [ 0, 0, 0, 1, 0, 0 ], 
                  [ 0, 0, 0, 0, 1, 0 ], [ 0, 0, 0, 0, 0, 1 ] ], 
              [ [ -E(8)^3, 0, 0, 0, 0, 0 ], [ 0, E(4), 0, 0, 0, 0 ], 
                  [ 0, 0, -E(4), 0, 0, 0 ], [ 0, 0, 0, -1, 0, 0 ], 
                  [ 0, 0, 0, 0, 1, 0 ], [ 0, 0, 0, 0, 0, 1 ] ] ],
          groupOrder := 72,
          groupOrderVerified := true,
          invariantDimension := 7,
          invariantDimensionVerified := true,
          linearGroupId := [ 72, 14 ],
          projectiveGroupId := [ 24, 2 ],
          proofType := 
           "source group equals its conjugate in the stored coordinates",
          rankS := 0,
          runtimeMilliseconds := 594,
          scalarCompatibleAutomorphisms := 0,
          sourceCategory := "liftable_abelian",
          sourceKey := 
           "liftable-abelian-1-PGL-24-2-index-24-dimension-1-representation-2"
           ,
          status := "self_conjugate",
          storedInvariantDimension := 7,
          symplecticPart := "1",
          verificationKind := "exact_matrix_and_cubic_space",
          witnessVerified := true ), rec(
          automorphismsTested := 37,
          cataloguePosition := 24,
          characterCompatibleAutomorphisms := 1,
          conjugatingMatrix := 
           [ [ -2, 0, 0, 0, 0, 0 ], [ 0, -1, 0, 0, 0, 0 ], 
              [ 0, 0, -3, 0, 0, 0 ], [ 0, 0, 0, -3, 0, 0 ], 
              [ 0, 0, 0, 0, 0, 3 ], [ 0, 0, 0, 0, 3, 0 ] ],
          cubicBasisMap := 
           [ [ -1/27, 0, 0, 0, 0 ], [ 0, -1/9, 0, 0, 0 ], 
              [ 0, 0, -1/18, 0, 0 ], [ 0, 0, 0, -1/2, 0 ], 
              [ 0, 0, 0, 0, -1/8 ] ],
          cubicSpaceVerified := true,
          exactVerificationPassed := true,
          exemptionReasons := [  ],
          familyDimension := 1,
          fullIndex := 4,
          generatorImages := 
           [ 
              [ [ 1, 0, 0, 0, 0, 0 ], [ 0, -1, 0, 0, 0, 0 ], 
                  [ 0, 0, 0, E(4), 0, 0 ], [ 0, 0, E(4), 0, 0, 0 ], 
                  [ 0, 0, 0, 0, 0, 1 ], [ 0, 0, 0, 0, E(4), 0 ] ], 
              [ [ 1, 0, 0, 0, 0, 0 ], [ 0, -1, 0, 0, 0, 0 ], 
                  [ 0, 0, -1, 0, 0, 0 ], [ 0, 0, 0, 1, 0, 0 ], 
                  [ 0, 0, 0, 0, 0, E(4) ], [ 0, 0, 0, 0, -E(4), 0 ] ], 
              [ [ 1, 0, 0, 0, 0, 0 ], [ 0, 1, 0, 0, 0, 0 ], 
                  [ 0, 0, -1, 0, 0, 0 ], [ 0, 0, 0, -1, 0, 0 ], 
                  [ 0, 0, 0, 0, -E(4), 0 ], [ 0, 0, 0, 0, 0, E(4) ] ], 
              [ [ 1, 0, 0, 0, 0, 0 ], [ 0, 1, 0, 0, 0, 0 ], 
                  [ 0, 0, -1, 0, 0, 0 ], [ 0, 0, 0, -1, 0, 0 ], 
                  [ 0, 0, 0, 0, E(4), 0 ], [ 0, 0, 0, 0, 0, E(4) ] ], 
              [ [ 1, 0, 0, 0, 0, 0 ], [ 0, 1, 0, 0, 0, 0 ], 
                  [ 0, 0, 1, 0, 0, 0 ], [ 0, 0, 0, 1, 0, 0 ], 
                  [ 0, 0, 0, 0, -1, 0 ], [ 0, 0, 0, 0, 0, -1 ] ], 
              [ [ E(3), 0, 0, 0, 0, 0 ], [ 0, E(3), 0, 0, 0, 0 ], 
                  [ 0, 0, E(3), 0, 0, 0 ], [ 0, 0, 0, E(3), 0, 0 ], 
                  [ 0, 0, 0, 0, E(3), 0 ], [ 0, 0, 0, 0, 0, E(3) ] ] ],
          groupOrder := 96,
          groupOrderVerified := true,
          invariantDimension := 5,
          invariantDimensionVerified := true,
          linearGroupId := [ 96, 54 ],
          projectiveGroupId := [ 32, 11 ],
          proofType := 
           "complete abstract-automorphism character match with exact intertwi\
ner",
          rankS := 17,
          runtimeMilliseconds := 1265,
          scalarCompatibleAutomorphisms := 5,
          sourceCategory := "rank_at_least_15",
          sourceKey := "rank-at-least-15-Q_8-PGL-32-11-index-4-dimension-1",
          status := "self_conjugate",
          storedInvariantDimension := 5,
          symplecticPart := "Q_8",
          verificationKind := "exact_matrix_and_cubic_space",
          witnessVerified := true ), rec(
          automorphismsTested := 0,
          cataloguePosition := 25,
          characterCompatibleAutomorphisms := 0,
          conjugatingMatrix := 
           [ [ 1, 0, 0, 0, 0, 0 ], [ 0, 1, 0, 0, 0, 0 ], [ 0, 0, 1, 0, 0, 0 ],
              [ 0, 0, 0, 1, 0, 0 ], [ 0, 0, 0, 0, 1, 0 ], 
              [ 0, 0, 0, 0, 0, 1 ] ],
          cubicBasisMap := 
           [ [ 1, 0, 0, 0, 0 ], [ 0, 1, 0, 0, 0 ], [ 0, 0, 1, 0, 0 ], 
              [ 0, 0, 0, 1, 0 ], [ 0, 0, 0, 0, 1 ] ],
          cubicSpaceVerified := true,
          exactVerificationPassed := true,
          exemptionReasons := [  ],
          familyDimension := 1,
          fullIndex := 2,
          generatorImages := 
           [ 
              [ [ 1, 0, 0, 0, 0, 0 ], [ 0, 1, 0, 0, 0, 0 ], 
                  [ 0, 0, 0, 1, 0, 0 ], [ 0, 0, 1, 0, 0, 0 ], 
                  [ 0, 0, 0, 0, 0, -1 ], [ 0, 0, 0, 0, -1, 0 ] ], 
              [ [ 1, 0, 0, 0, 0, 0 ], [ 0, -1, 0, 0, 0, 0 ], 
                  [ 0, 0, 0, -E(4), 0, 0 ], [ 0, 0, E(4), 0, 0, 0 ], 
                  [ 0, 0, 0, 0, 0, -E(8)^3 ], [ 0, 0, 0, 0, E(8), 0 ] ], 
              [ [ 1, 0, 0, 0, 0, 0 ], [ 0, 1, 0, 0, 0, 0 ], 
                  [ 0, 0, -1, 0, 0, 0 ], [ 0, 0, 0, -1, 0, 0 ], 
                  [ 0, 0, 0, 0, E(4), 0 ], [ 0, 0, 0, 0, 0, E(4) ] ], 
              [ [ 1, 0, 0, 0, 0, 0 ], [ 0, 1, 0, 0, 0, 0 ], 
                  [ 0, 0, -1, 0, 0, 0 ], [ 0, 0, 0, -1, 0, 0 ], 
                  [ 0, 0, 0, 0, -E(4), 0 ], [ 0, 0, 0, 0, 0, E(4) ] ], 
              [ [ 1, 0, 0, 0, 0, 0 ], [ 0, 1, 0, 0, 0, 0 ], 
                  [ 0, 0, 1, 0, 0, 0 ], [ 0, 0, 0, 1, 0, 0 ], 
                  [ 0, 0, 0, 0, -1, 0 ], [ 0, 0, 0, 0, 0, -1 ] ], 
              [ [ E(3), 0, 0, 0, 0, 0 ], [ 0, E(3), 0, 0, 0, 0 ], 
                  [ 0, 0, E(3), 0, 0, 0 ], [ 0, 0, 0, E(3), 0, 0 ], 
                  [ 0, 0, 0, 0, E(3), 0 ], [ 0, 0, 0, 0, 0, E(3) ] ] ],
          groupOrder := 96,
          groupOrderVerified := true,
          invariantDimension := 5,
          invariantDimensionVerified := true,
          linearGroupId := [ 96, 182 ],
          projectiveGroupId := [ 32, 42 ],
          proofType := 
           "source group equals its conjugate in the stored coordinates",
          rankS := 18,
          runtimeMilliseconds := 719,
          scalarCompatibleAutomorphisms := 0,
          sourceCategory := "rank_at_least_15",
          sourceKey := "rank-at-least-15-QD_16-PGL-32-42-index-2-dimension-1",
          status := "self_conjugate",
          storedInvariantDimension := 5,
          symplecticPart := "QD_16",
          verificationKind := "exact_matrix_and_cubic_space",
          witnessVerified := true ), rec(
          cataloguePosition := 26,
          conjugatingMatrix := fail,
          cubicBasisMap := fail,
          cubicSpaceVerified := fail,
          exemptionReasons := [ "projective group order divisible by 7" ],
          familyDimension := 1,
          fullIndex := 2,
          generatorImages := fail,
          groupOrder := 126,
          invariantDimension := 2,
          invariantDimensionVerified := fail,
          linearGroupId := [ 126, 7 ],
          projectiveGroupId := [ 42, 0 ],
          proofType := "theoretical exemption requested for this catalogue",
          rankS := 18,
          runtimeMilliseconds := 0,
          sourceCategory := "rank_at_least_15",
          sourceKey := "rank-at-least-15-F_21-PGL-42-0-index-2-dimension-1",
          status := "self_conjugate_by_theory",
          symplecticPart := "F_21",
          verificationKind := "theoretical_exemption",
          witnessVerified := fail ), rec(
          cataloguePosition := 27,
          conjugatingMatrix := fail,
          cubicBasisMap := fail,
          cubicSpaceVerified := fail,
          exemptionReasons := 
           [ "connected symplectic family", "rank(S) at least 19" ],
          familyDimension := 1,
          fullIndex := 1,
          generatorImages := fail,
          groupOrder := 144,
          invariantDimension := 4,
          invariantDimensionVerified := fail,
          linearGroupId := [ 144, 122 ],
          projectiveGroupId := [ 48, 0 ],
          proofType := "theoretical exemption requested for this catalogue",
          rankS := 19,
          runtimeMilliseconds := 0,
          sourceCategory := "rank_at_least_15",
          sourceKey := "rank-at-least-15-T_48-PGL-48-0-index-1-dimension-1",
          status := "self_conjugate_by_theory",
          symplecticPart := "T_48",
          verificationKind := "theoretical_exemption",
          witnessVerified := fail ), rec(
          automorphismsTested := 0,
          cataloguePosition := 28,
          characterCompatibleAutomorphisms := 0,
          conjugatingMatrix := 
           [ [ 1, 0, 0, 0, 0, 0 ], [ 0, 1, 0, 0, 0, 0 ], [ 0, 0, 1, 0, 0, 0 ],
              [ 0, 0, 0, 1, 0, 0 ], [ 0, 0, 0, 0, 1, 0 ], 
              [ 0, 0, 0, 0, 0, 1 ] ],
          cubicBasisMap := 
           [ [ 1, 0, 0, 0, 0, 0 ], [ 0, 1, 0, 0, 0, 0 ], [ 0, 0, 1, 0, 0, 0 ],
              [ 0, 0, 0, 1, 0, 0 ], [ 0, 0, 0, 0, 1, 0 ], 
              [ 0, 0, 0, 0, 0, 1 ] ],
          cubicSpaceVerified := true,
          exactVerificationPassed := true,
          exemptionReasons := [  ],
          familyDimension := 1,
          fullIndex := 8,
          generatorImages := 
           [ 
              [ [ 0, 1, 0, 0, 0, 0 ], [ 1, 0, 0, 0, 0, 0 ], 
                  [ 0, 0, 1, 0, 0, 0 ], [ 0, 0, 0, 1, 0, 0 ], 
                  [ 0, 0, 0, 0, 1, 0 ], [ 0, 0, 0, 0, 0, -1 ] ], 
              [ 
                  [ 466/665+319/1995*E(4), -199/665+319/1995*E(4), 
                      -199/665+319/1995*E(4), 4148/1995-29/285*E(4), 
                      -177/133+29/105*E(4), 0 ], 
                  [ -199/665+319/1995*E(4), 466/665+319/1995*E(4), 
                      -199/665+319/1995*E(4), 4148/1995-29/285*E(4), 
                      -177/133+29/105*E(4), 0 ], 
                  [ -199/665+319/1995*E(4), -199/665+319/1995*E(4), 
                      466/665+319/1995*E(4), 4148/1995-29/285*E(4), 
                      -177/133+29/105*E(4), 0 ], 
                  [ 172/665-484/665*E(4), 172/665-484/665*E(4), 
                      172/665-484/665*E(4), -2143/665+44/95*E(4), 
                      292/133-44/35*E(4), 0 ], 
                  [ 24/665-748/665*E(4), 24/665-748/665*E(4), 
                      24/665-748/665*E(4), -3191/665+68/95*E(4), 
                      415/133-68/35*E(4), 0 ], [ 0, 0, 0, 0, 0, -E(8) ] ], 
              [ [ 2633/1995, 638/1995, 638/1995, -58/285, 58/105, 0 ], 
                  [ 638/1995, 2633/1995, 638/1995, -58/285, 58/105, 0 ], 
                  [ 638/1995, 638/1995, 2633/1995, -58/285, 58/105, 0 ], 
                  [ -968/665, -968/665, -968/665, 183/95, -88/35, 0 ], 
                  [ -1496/665, -1496/665, -1496/665, 136/95, -101/35, 0 ], 
                  [ 0, 0, 0, 0, 0, E(4) ] ], 
              [ [ 1, 0, 0, 0, 0, 0 ], [ 0, 1, 0, 0, 0, 0 ], 
                  [ 0, 0, 1, 0, 0, 0 ], [ 0, 0, 0, 1, 0, 0 ], 
                  [ 0, 0, 0, 0, 1, 0 ], [ 0, 0, 0, 0, 0, -1 ] ], 
              [ [ 0, 1, 0, 0, 0, 0 ], [ 0, 0, 1, 0, 0, 0 ], 
                  [ 1, 0, 0, 0, 0, 0 ], [ 0, 0, 0, 1, 0, 0 ], 
                  [ 0, 0, 0, 0, 1, 0 ], [ 0, 0, 0, 0, 0, 1 ] ], 
              [ [ E(3), 0, 0, 0, 0, 0 ], [ 0, E(3), 0, 0, 0, 0 ], 
                  [ 0, 0, E(3), 0, 0, 0 ], [ 0, 0, 0, E(3), 0, 0 ], 
                  [ 0, 0, 0, 0, E(3), 0 ], [ 0, 0, 0, 0, 0, E(3) ] ] ],
          groupOrder := 144,
          groupOrderVerified := true,
          invariantDimension := 6,
          invariantDimensionVerified := true,
          linearGroupId := [ 144, 69 ],
          projectiveGroupId := [ 48, 4 ],
          proofType := 
           "source group equals its conjugate in the stored coordinates",
          rankS := 14,
          runtimeMilliseconds := 1187,
          scalarCompatibleAutomorphisms := 0,
          sourceCategory := "small_nonabelian",
          sourceKey := "small-nonabelian-S3-PGL-48-4-index-8-dimension-1",
          status := "self_conjugate",
          storedInvariantDimension := 6,
          symplecticPart := "S3",
          verificationKind := "exact_matrix_and_cubic_space",
          witnessVerified := true ), rec(
          automorphismsTested := 0,
          cataloguePosition := 29,
          characterCompatibleAutomorphisms := 0,
          conjugatingMatrix := 
           [ [ 1, 0, 0, 0, 0, 0 ], [ 0, 1, 0, 0, 0, 0 ], [ 0, 0, 1, 0, 0, 0 ],
              [ 0, 0, 0, 1, 0, 0 ], [ 0, 0, 0, 0, 1, 0 ], 
              [ 0, 0, 0, 0, 0, 1 ] ],
          cubicBasisMap := [ [ 1, 0, 0 ], [ 0, 1, 0 ], [ 0, 0, 1 ] ],
          cubicSpaceVerified := true,
          exactVerificationPassed := true,
          exemptionReasons := [  ],
          familyDimension := 1,
          fullIndex := 3,
          generatorImages := 
           [ 
              [ [ 0, E(3)^2, 0, 0, 0, 0 ], [ E(3), 0, 0, 0, 0, 0 ], 
                  [ 0, 0, 1, 0, 0, 0 ], [ 0, 0, 0, 0, E(3)^2, 0 ], 
                  [ 0, 0, 0, E(3), 0, 0 ], [ 0, 0, 0, 0, 0, 1 ] ], 
              [ [ E(3)^2, 0, 0, 0, 0, 0 ], [ 0, E(3)^2, 0, 0, 0, 0 ], 
                  [ 0, 0, E(3), 0, 0, 0 ], [ E(3)-E(3)^2, 0, 0, E(3), 0, 0 ], 
                  [ 0, E(3)-E(3)^2, 0, 0, E(3), 0 ], 
                  [ 0, 0, -2*E(3)-E(3)^2, 0, 0, 1 ] ], 
              [ [ 0, E(3)^2, 0, 0, 0, 0 ], [ 0, 0, 1, 0, 0, 0 ], 
                  [ E(3), 0, 0, 0, 0, 0 ], [ 0, 0, 0, 0, E(3)^2, 0 ], 
                  [ 0, 0, 0, 0, 0, 1 ], [ 0, 0, 0, E(3), 0, 0 ] ], 
              [ [ E(3), 0, 0, 0, 0, 0 ], [ 0, 1, 0, 0, 0, 0 ], 
                  [ 0, 0, E(3)^2, 0, 0, 0 ], [ 0, 0, 0, E(3), 0, 0 ], 
                  [ 0, 0, 0, 0, 1, 0 ], [ 0, 0, 0, 0, 0, E(3)^2 ] ], 
              [ [ E(3), 0, 0, 0, 0, 0 ], [ 0, E(3), 0, 0, 0, 0 ], 
                  [ 0, 0, E(3), 0, 0, 0 ], [ 0, 0, 0, E(3), 0, 0 ], 
                  [ 0, 0, 0, 0, E(3), 0 ], [ 0, 0, 0, 0, 0, E(3) ] ] ],
          groupOrder := 162,
          groupOrderVerified := true,
          invariantDimension := 3,
          invariantDimensionVerified := true,
          linearGroupId := [ 162, 10 ],
          projectiveGroupId := [ 54, 5 ],
          proofType := 
           "source group equals its conjugate in the stored coordinates",
          rankS := 16,
          runtimeMilliseconds := 391,
          scalarCompatibleAutomorphisms := 0,
          sourceCategory := "rank_at_least_15",
          sourceKey := "rank-at-least-15-A_3,3-PGL-54-5-index-3-dimension-1",
          status := "self_conjugate",
          storedInvariantDimension := 3,
          symplecticPart := "A_3,3",
          verificationKind := "exact_matrix_and_cubic_space",
          witnessVerified := true ), rec(
          automorphismsTested := 0,
          cataloguePosition := 30,
          characterCompatibleAutomorphisms := 0,
          conjugatingMatrix := 
           [ [ 1, 0, 0, 0, 0, 0 ], [ 0, 1, 0, 0, 0, 0 ], [ 0, 0, 1, 0, 0, 0 ],
              [ 0, 0, 0, 1, 0, 0 ], [ 0, 0, 0, 0, 1, 0 ], 
              [ 0, 0, 0, 0, 0, 1 ] ],
          cubicBasisMap := 
           [ [ 1, 0, 0, 0, 0 ], [ 0, 1, 0, 0, 0 ], [ 0, 0, 1, 0, 0 ], 
              [ 0, 0, 0, 1, 0 ], [ 0, 0, 0, 0, 1 ] ],
          cubicSpaceVerified := true,
          exactVerificationPassed := true,
          exemptionReasons := [  ],
          familyDimension := 1,
          fullIndex := 6,
          generatorImages := 
           [ 
              [ [ 0, 0, 1, 0, 0, 0 ], [ 0, 0, 0, -1, 0, 0 ], 
                  [ 1, 0, 0, 0, 0, 0 ], [ 0, -1, 0, 0, 0, 0 ], 
                  [ 0, 0, 0, 0, 1, 0 ], [ 0, 0, 0, 0, 0, 1 ] ], 
              [ [ 1, 0, 0, 0, 0, 0 ], [ 0, -1, 0, 0, 0, 0 ], 
                  [ 0, 0, 1, 0, 0, 0 ], [ 0, 0, 0, 1, 0, 0 ], 
                  [ 0, 0, 0, 0, 1, 0 ], [ 0, 0, 0, 0, 0, 1 ] ], 
              [ [ E(3)^2, 0, 0, 0, 0, 0 ], [ 0, E(3)^2, 0, 0, 0, 0 ], 
                  [ 0, 0, E(3)^2, 0, 0, 0 ], [ 0, 0, 0, E(3)^2, 0, 0 ], 
                  [ 0, 0, 0, 0, E(3)^2, 0 ], 
                  [ 0, 0, 0, 0, E(3)-E(3)^2, E(3) ] ], 
              [ [ 1, 0, 0, 0, 0, 0 ], [ 0, -1, 0, 0, 0, 0 ], 
                  [ 0, 0, 1, 0, 0, 0 ], [ 0, 0, 0, -1, 0, 0 ], 
                  [ 0, 0, 0, 0, 1, 0 ], [ 0, 0, 0, 0, 0, 1 ] ], 
              [ [ E(3)^2, 0, 0, 0, 0, 0 ], [ 0, E(3)^2, 0, 0, 0, 0 ], 
                  [ 0, 0, E(3), 0, 0, 0 ], [ 0, 0, 0, E(3), 0, 0 ], 
                  [ 0, 0, 0, 0, 1, 0 ], [ 0, 0, 0, 0, 0, 1 ] ], 
              [ [ E(3), 0, 0, 0, 0, 0 ], [ 0, E(3), 0, 0, 0, 0 ], 
                  [ 0, 0, E(3), 0, 0, 0 ], [ 0, 0, 0, E(3), 0, 0 ], 
                  [ 0, 0, 0, 0, E(3), 0 ], [ 0, 0, 0, 0, 0, E(3) ] ] ],
          groupOrder := 216,
          groupOrderVerified := true,
          invariantDimension := 5,
          invariantDimensionVerified := true,
          linearGroupId := [ 216, 139 ],
          projectiveGroupId := [ 72, 30 ],
          proofType := 
           "source group equals its conjugate in the stored coordinates",
          rankS := 16,
          runtimeMilliseconds := 391,
          scalarCompatibleAutomorphisms := 0,
          sourceCategory := "rank_at_least_15",
          sourceKey := "rank-at-least-15-D_12-PGL-72-30-index-6-dimension-1",
          status := "self_conjugate",
          storedInvariantDimension := 5,
          symplecticPart := "D_12",
          verificationKind := "exact_matrix_and_cubic_space",
          witnessVerified := true ), rec(
          cataloguePosition := 31,
          conjugatingMatrix := fail,
          cubicBasisMap := fail,
          cubicSpaceVerified := fail,
          exemptionReasons := 
           [ "connected symplectic family", "rank(S) at least 19" ],
          familyDimension := 1,
          fullIndex := 1,
          generatorImages := fail,
          groupOrder := 216,
          invariantDimension := 2,
          invariantDimensionVerified := fail,
          linearGroupId := [ 216, 88 ],
          projectiveGroupId := [ 72, 41 ],
          proofType := "theoretical exemption requested for this catalogue",
          rankS := 19,
          runtimeMilliseconds := 0,
          sourceCategory := "rank_at_least_15",
          sourceKey := "rank-at-least-15-M_9-PGL-72-41-index-1-dimension-1",
          status := "self_conjugate_by_theory",
          symplecticPart := "M_9",
          verificationKind := "theoretical_exemption",
          witnessVerified := fail ), rec(
          automorphismsTested := 0,
          cataloguePosition := 32,
          characterCompatibleAutomorphisms := 0,
          conjugatingMatrix := 
           [ [ 1, 0, 0, 0, 0, 0 ], [ 0, 1, 0, 0, 0, 0 ], [ 0, 0, 1, 0, 0, 0 ],
              [ 0, 0, 0, 1, 0, 0 ], [ 0, 0, 0, 0, 1, 0 ], 
              [ 0, 0, 0, 0, 0, 1 ] ],
          cubicBasisMap := 
           [ [ 1, 0, 0, 0, 0, 0, 0, 0 ], [ 0, 1, 0, 0, 0, 0, 0, 0 ], 
              [ 0, 0, 1, 0, 0, 0, 0, 0 ], [ 0, 0, 0, 1, 0, 0, 0, 0 ], 
              [ 0, 0, 0, 0, 1, 0, 0, 0 ], [ 0, 0, 0, 0, 0, 1, 0, 0 ], 
              [ 0, 0, 0, 0, 0, 0, 1, 0 ], [ 0, 0, 0, 0, 0, 0, 0, 1 ] ],
          cubicSpaceVerified := true,
          exactVerificationPassed := true,
          exemptionReasons := [  ],
          familyDimension := 1,
          fullIndex := 12,
          generatorImages := 
           [ 
              [ [ 0, 1, 0, 0, 0, 0 ], [ 1, 0, 0, 0, 0, 0 ], 
                  [ 0, 0, 1, 0, 0, 0 ], [ 0, 0, 0, 1, 0, 0 ], 
                  [ 0, 0, 0, 0, 1, 0 ], [ 0, 0, 0, 0, 0, -1 ] ], 
              [ [ 0, 0, 1, 0, 0, 0 ], [ 1, 0, 0, 0, 0, 0 ], 
                  [ 0, 1, 0, 0, 0, 0 ], [ 0, 0, 0, 1, 0, 0 ], 
                  [ 0, 0, 0, 0, 1, 0 ], [ 0, 0, 0, 0, 0, 1 ] ], 
              [ [ E(3), 0, 0, 0, 0, 0 ], [ 0, E(3), 0, 0, 0, 0 ], 
                  [ 0, 0, E(3), 0, 0, 0 ], [ 0, 0, 0, E(3), 0, 0 ], 
                  [ 0, 0, 0, 0, E(3), 0 ], [ 0, 0, 0, 0, 0, E(3) ] ], 
              [ 
                  [ -1/3*E(3)+1/3*E(3)^2, -1/3*E(3)-2/3*E(3)^2, 
                      -1/3*E(3)-2/3*E(3)^2, 0, 0, 0 ], 
                  [ -1/3*E(3)-2/3*E(3)^2, -1/3*E(3)+1/3*E(3)^2, 
                      -1/3*E(3)-2/3*E(3)^2, 0, 0, 0 ], 
                  [ -1/3*E(3)-2/3*E(3)^2, -1/3*E(3)-2/3*E(3)^2, 
                      -1/3*E(3)+1/3*E(3)^2, 0, 0, 0 ], [ 0, 0, 0, 1, 0, 0 ], 
                  [ 0, 0, 0, 0, -1, 0 ], [ 0, 0, 0, 0, 0, E(4) ] ] ],
          groupOrder := 216,
          groupOrderVerified := true,
          invariantDimension := 8,
          invariantDimensionVerified := true,
          linearGroupId := [ 216, 136 ],
          projectiveGroupId := [ 72, 27 ],
          proofType := 
           "source group equals its conjugate in the stored coordinates",
          rankS := 14,
          runtimeMilliseconds := 390,
          scalarCompatibleAutomorphisms := 0,
          sourceCategory := "small_nonabelian",
          sourceKey := "small-nonabelian-S3-PGL-72-27-index-12-dimension-1",
          status := "self_conjugate",
          storedInvariantDimension := 8,
          symplecticPart := "S3",
          verificationKind := "exact_matrix_and_cubic_space",
          witnessVerified := true ), rec(
          automorphismsTested := 0,
          cataloguePosition := 33,
          characterCompatibleAutomorphisms := 0,
          conjugatingMatrix := 
           [ [ 1, 0, 0, 0, 0, 0 ], [ 0, 1, 0, 0, 0, 0 ], [ 0, 0, 1, 0, 0, 0 ],
              [ 0, 0, 0, 1, 0, 0 ], [ 0, 0, 0, 0, 1, 0 ], 
              [ 0, 0, 0, 0, 0, 1 ] ],
          cubicBasisMap := 
           [ [ 1, 0, 0, 0, 0, 0 ], [ 0, 1, 0, 0, 0, 0 ], [ 0, 0, 1, 0, 0, 0 ],
              [ 0, 0, 0, 1, 0, 0 ], [ 0, 0, 0, 0, 1, 0 ], 
              [ 0, 0, 0, 0, 0, 1 ] ],
          cubicSpaceVerified := true,
          exactVerificationPassed := true,
          exemptionReasons := [  ],
          familyDimension := 1,
          fullIndex := 12,
          generatorImages := 
           [ 
              [ [ 0, 1, 0, 0, 0, 0 ], [ 1, 0, 0, 0, 0, 0 ], 
                  [ 0, 0, 1, 0, 0, 0 ], [ 0, 0, 0, 1, 0, 0 ], 
                  [ 0, 0, 0, 0, 1, 0 ], [ 0, 0, 0, 0, 0, -1 ] ], 
              [ [ 0, 0, 1, 0, 0, 0 ], [ 1, 0, 0, 0, 0, 0 ], 
                  [ 0, 1, 0, 0, 0, 0 ], [ 0, 0, 0, 1, 0, 0 ], 
                  [ 0, 0, 0, 0, 1, 0 ], [ 0, 0, 0, 0, 0, 1 ] ], 
              [ [ E(3), 0, 0, 0, 0, 0 ], [ 0, E(3), 0, 0, 0, 0 ], 
                  [ 0, 0, E(3), 0, 0, 0 ], [ 0, 0, 0, E(3), 0, 0 ], 
                  [ 0, 0, 0, 0, E(3), 0 ], [ 0, 0, 0, 0, 0, E(3) ] ], 
              [ 
                  [ -1/3*E(3)+1/3*E(3)^2, -1/3*E(3)-2/3*E(3)^2, 
                      -1/3*E(3)-2/3*E(3)^2, 0, 0, 0 ], 
                  [ -1/3*E(3)-2/3*E(3)^2, -1/3*E(3)+1/3*E(3)^2, 
                      -1/3*E(3)-2/3*E(3)^2, 0, 0, 0 ], 
                  [ -1/3*E(3)-2/3*E(3)^2, -1/3*E(3)-2/3*E(3)^2, 
                      -1/3*E(3)+1/3*E(3)^2, 0, 0, 0 ], 
                  [ 0, 0, 0, -E(3)^2, 0, 0 ], [ 0, 0, 0, 0, E(3)^2, 0 ], 
                  [ 0, 0, 0, 0, 0, E(12)^11 ] ] ],
          groupOrder := 216,
          groupOrderVerified := true,
          invariantDimension := 6,
          invariantDimensionVerified := true,
          linearGroupId := [ 216, 136 ],
          projectiveGroupId := [ 72, 27 ],
          proofType := 
           "source group equals its conjugate in the stored coordinates",
          rankS := 14,
          runtimeMilliseconds := 406,
          scalarCompatibleAutomorphisms := 0,
          sourceCategory := "small_nonabelian",
          sourceKey := 
           "small-nonabelian-S3-PGL-72-27-index-12-dimension-1-representation-\
2",
          status := "self_conjugate",
          storedInvariantDimension := 6,
          symplecticPart := "S3",
          verificationKind := "exact_matrix_and_cubic_space",
          witnessVerified := true ), rec(
          cataloguePosition := 34,
          conjugatingMatrix := fail,
          cubicBasisMap := fail,
          cubicSpaceVerified := fail,
          exemptionReasons := 
           [ "connected symplectic family", "rank(S) at least 19" ],
          familyDimension := 1,
          fullIndex := 1,
          generatorImages := fail,
          groupOrder := 360,
          invariantDimension := 3,
          invariantDimensionVerified := fail,
          linearGroupId := [ 360, 119 ],
          projectiveGroupId := [ 120, 0 ],
          proofType := "theoretical exemption requested for this catalogue",
          rankS := 19,
          runtimeMilliseconds := 0,
          sourceCategory := "rank_at_least_15",
          sourceKey := "rank-at-least-15-S_5-PGL-120-0-index-1-dimension-1",
          status := "self_conjugate_by_theory",
          symplecticPart := "S_5",
          verificationKind := "theoretical_exemption",
          witnessVerified := fail ), rec(
          automorphismsTested := 0,
          cataloguePosition := 35,
          characterCompatibleAutomorphisms := 0,
          conjugatingMatrix := 
           [ [ 1, 0, 0, 0, 0, 0 ], [ 0, 1, 0, 0, 0, 0 ], [ 0, 0, 1, 0, 0, 0 ],
              [ 0, 0, 0, 1, 0, 0 ], [ 0, 0, 0, 0, 1, 0 ], 
              [ 0, 0, 0, 0, 0, 1 ] ],
          cubicBasisMap := [ [ 1, 0, 0 ], [ 0, 1, 0 ], [ 0, 0, 1 ] ],
          cubicSpaceVerified := true,
          exactVerificationPassed := true,
          exemptionReasons := [  ],
          familyDimension := 1,
          fullIndex := 2,
          generatorImages := 
           [ 
              [ [ 0, 0, 1, 0, 0, 0 ], [ 1/3, -2/3, 1/3, 1/3, 1/3, -2/3 ], 
                  [ 1, 0, 0, 0, 0, 0 ], [ 1/3, 1/3, 1/3, -2/3, 1/3, -2/3 ], 
                  [ 0, 0, 0, 0, 1, 0 ], [ 1/3, -2/3, 1/3, -2/3, 1/3, 1/3 ] ], 
              [ [ 0, 0, 1, 0, 0, 0 ], [ -1/3, 2/3, 2/3, -1/3, -1/3, 2/3 ], 
                  [ 1, 0, 0, 0, 0, 0 ], [ 2/3, -1/3, -1/3, 2/3, -1/3, 2/3 ], 
                  [ 0, 0, 0, 0, 1, 0 ], [ -1/3, 2/3, -1/3, 2/3, 2/3, -1/3 ] ],
              [ [ E(3)^2, 0, 0, 0, 0, 0 ], 
                  [ 2/3*E(3)^2, -1/3*E(3)^2, -1/3*E(3), 2/3*E(3), -1/3, 2/3 ],
                  [ 0, 0, E(3), 0, 0, 0 ], 
                  [ -1/3*E(3)^2, 2/3*E(3)^2, 2/3*E(3), -1/3*E(3), -1/3, 2/3 ],
                  [ 0, 0, 0, 0, 1, 0 ], 
                  [ -1/3*E(3)^2, 2/3*E(3)^2, -1/3*E(3), 2/3*E(3), 2/3, -1/3 ] 
                 ], 
              [ [ 0, 0, 1, 0, 0, 0 ], [ 0, 0, 0, 1, 0, 0 ], 
                  [ 0, 0, 0, 0, 1, 0 ], [ 0, 0, 0, 0, 0, 1 ], 
                  [ 1, 0, 0, 0, 0, 0 ], [ 0, 1, 0, 0, 0, 0 ] ], 
              [ [ E(3)^2, 0, 0, 0, 0, 0 ], [ 0, E(3)^2, 0, 0, 0, 0 ], 
                  [ 0, 0, E(3)^2, 0, 0, 0 ], [ 0, 0, 0, E(3)^2, 0, 0 ], 
                  [ 0, 0, 0, 0, E(3)^2, 0 ], [ 0, 0, 0, 0, 0, E(3)^2 ] ], 
              [ [ 1, 0, 0, 0, 0, 0 ], 
                  [ 2/3, -1/3, -1/3*E(3), 2/3*E(3), -1/3*E(3)^2, 2/3*E(3)^2 ],
                  [ 0, 0, 1, 0, 0, 0 ], 
                  [ -1/3*E(3)^2, 2/3*E(3)^2, 2/3, -1/3, -1/3*E(3), 2/3*E(3) ],
                  [ 0, 0, 0, 0, 1, 0 ], 
                  [ -1/3*E(3), 2/3*E(3), -1/3*E(3)^2, 2/3*E(3)^2, 2/3, -1/3 ] 
                 ], 
              [ [ 1, 0, 0, 0, 0, 0 ], [ 2/3, -1/3, -1/3, 2/3, -1/3, 2/3 ], 
                  [ 0, 0, 1, 0, 0, 0 ], [ -1/3, 2/3, 2/3, -1/3, -1/3, 2/3 ], 
                  [ 0, 0, 0, 0, 1, 0 ], [ -1/3, 2/3, -1/3, 2/3, 2/3, -1/3 ] ] 
             ],
          groupOrder := 432,
          groupOrderVerified := true,
          invariantDimension := 3,
          invariantDimensionVerified := true,
          linearGroupId := [ 432, 538 ],
          projectiveGroupId := [ 144, 189 ],
          proofType := 
           "source group equals its conjugate in the stored coordinates",
          rankS := 18,
          runtimeMilliseconds := 406,
          scalarCompatibleAutomorphisms := 0,
          sourceCategory := "rank_at_least_15",
          sourceKey := 
           "rank-at-least-15-A_4,3-PGL-144-189-index-2-dimension-1",
          status := "self_conjugate",
          storedInvariantDimension := 3,
          symplecticPart := "A_4,3",
          verificationKind := "exact_matrix_and_cubic_space",
          witnessVerified := true ), rec(
          cataloguePosition := 36,
          conjugatingMatrix := fail,
          cubicBasisMap := fail,
          cubicSpaceVerified := fail,
          exemptionReasons := 
           [ "connected symplectic family", "rank(S) at least 19" ],
          familyDimension := 1,
          fullIndex := 2,
          generatorImages := fail,
          groupOrder := 432,
          invariantDimension := 4,
          invariantDimensionVerified := fail,
          linearGroupId := [ 432, 754 ],
          projectiveGroupId := [ 144, 186 ],
          proofType := "theoretical exemption requested for this catalogue",
          rankS := 19,
          runtimeMilliseconds := 0,
          sourceCategory := "rank_at_least_15",
          sourceKey := "rank-at-least-15-N_72-PGL-144-186-index-2-dimension-1"
           ,
          status := "self_conjugate_by_theory",
          symplecticPart := "N_72",
          verificationKind := "theoretical_exemption",
          witnessVerified := fail ), rec(
          cataloguePosition := 37,
          conjugatingMatrix := fail,
          cubicBasisMap := fail,
          cubicSpaceVerified := fail,
          exemptionReasons := 
           [ "connected symplectic family", "rank(S) at least 19", 
              "projective group order divisible by 7" ],
          familyDimension := 1,
          fullIndex := 1,
          generatorImages := fail,
          groupOrder := 504,
          invariantDimension := 2,
          invariantDimensionVerified := fail,
          linearGroupId := [ 504, 157 ],
          projectiveGroupId := [ 168, 0 ],
          proofType := "theoretical exemption requested for this catalogue",
          rankS := 19,
          runtimeMilliseconds := 0,
          sourceCategory := "rank_at_least_15",
          sourceKey := 
           "rank-at-least-15-PSL(2,7)-PGL-168-0-index-1-dimension-1",
          status := "self_conjugate_by_theory",
          symplecticPart := "PSL(2,7)",
          verificationKind := "theoretical_exemption",
          witnessVerified := fail ), rec(
          automorphismsTested := 0,
          cataloguePosition := 38,
          characterCompatibleAutomorphisms := 0,
          conjugatingMatrix := 
           [ [ 1, 0, 0, 0, 0, 0 ], [ 0, 1, 0, 0, 0, 0 ], [ 0, 0, 1, 0, 0, 0 ],
              [ 0, 0, 0, 1, 0, 0 ], [ 0, 0, 0, 0, 1, 0 ], 
              [ 0, 0, 0, 0, 0, 1 ] ],
          cubicBasisMap := [ [ 1, 0, 0 ], [ 0, 1, 0 ], [ 0, 0, 1 ] ],
          cubicSpaceVerified := true,
          exactVerificationPassed := true,
          exemptionReasons := [  ],
          familyDimension := 1,
          fullIndex := 3,
          generatorImages := 
           [ 
              [ 
                  [ 5/6*E(3)+1/6*E(3)^2, -1/6*E(3)+1/6*E(3)^2, 
                      -1/6*E(3)+1/6*E(3)^2, -1/6*E(3)+1/6*E(3)^2, 
                      -1/6*E(3)+1/6*E(3)^2, -1/6*E(3)+1/6*E(3)^2 ], 
                  [ -1/6*E(3)+1/6*E(3)^2, -1/6*E(3)+1/6*E(3)^2, 
                      -1/6*E(3)+1/6*E(3)^2, 5/6*E(3)+1/6*E(3)^2, 
                      -1/6*E(3)+1/6*E(3)^2, -1/6*E(3)+1/6*E(3)^2 ], 
                  [ -1/6*E(3)+1/6*E(3)^2, -1/6*E(3)+1/6*E(3)^2, 
                      -1/6*E(3)+1/6*E(3)^2, -1/6*E(3)+1/6*E(3)^2, 
                      5/6*E(3)+1/6*E(3)^2, -1/6*E(3)+1/6*E(3)^2 ], 
                  [ -1/6*E(3)+1/6*E(3)^2, -1/6*E(3)+1/6*E(3)^2, 
                      5/6*E(3)+1/6*E(3)^2, -1/6*E(3)+1/6*E(3)^2, 
                      -1/6*E(3)+1/6*E(3)^2, -1/6*E(3)+1/6*E(3)^2 ], 
                  [ -1/6*E(3)+1/6*E(3)^2, -1/6*E(3)+1/6*E(3)^2, 
                      -1/6*E(3)+1/6*E(3)^2, -1/6*E(3)+1/6*E(3)^2, 
                      -1/6*E(3)+1/6*E(3)^2, 5/6*E(3)+1/6*E(3)^2 ], 
                  [ -1/6*E(3)+1/6*E(3)^2, 5/6*E(3)+1/6*E(3)^2, 
                      -1/6*E(3)+1/6*E(3)^2, -1/6*E(3)+1/6*E(3)^2, 
                      -1/6*E(3)+1/6*E(3)^2, -1/6*E(3)+1/6*E(3)^2 ] ], 
              [ 
                  [ 1/6*E(3)-1/6*E(3)^2, 1/6*E(3)+5/6*E(3)^2, 
                      1/6*E(3)-1/6*E(3)^2, 1/6*E(3)-1/6*E(3)^2, 
                      1/6*E(3)-1/6*E(3)^2, 1/6*E(3)-1/6*E(3)^2 ], 
                  [ 1/6*E(3)-1/6*E(3)^2, 1/6*E(3)-1/6*E(3)^2, 
                      1/6*E(3)-1/6*E(3)^2, 1/6*E(3)+5/6*E(3)^2, 
                      1/6*E(3)-1/6*E(3)^2, 1/6*E(3)-1/6*E(3)^2 ], 
                  [ 1/6*E(3)-1/6*E(3)^2, 1/6*E(3)-1/6*E(3)^2, 
                      1/6*E(3)+5/6*E(3)^2, 1/6*E(3)-1/6*E(3)^2, 
                      1/6*E(3)-1/6*E(3)^2, 1/6*E(3)-1/6*E(3)^2 ], 
                  [ 1/6*E(3)-1/6*E(3)^2, 1/6*E(3)-1/6*E(3)^2, 
                      1/6*E(3)-1/6*E(3)^2, 1/6*E(3)-1/6*E(3)^2, 
                      1/6*E(3)+5/6*E(3)^2, 1/6*E(3)-1/6*E(3)^2 ], 
                  [ 1/6*E(3)-1/6*E(3)^2, 1/6*E(3)-1/6*E(3)^2, 
                      1/6*E(3)-1/6*E(3)^2, 1/6*E(3)-1/6*E(3)^2, 
                      1/6*E(3)-1/6*E(3)^2, 1/6*E(3)+5/6*E(3)^2 ], 
                  [ 1/6*E(3)+5/6*E(3)^2, 1/6*E(3)-1/6*E(3)^2, 
                      1/6*E(3)-1/6*E(3)^2, 1/6*E(3)-1/6*E(3)^2, 
                      1/6*E(3)-1/6*E(3)^2, 1/6*E(3)-1/6*E(3)^2 ] ], 
              [ [ E(3), 0, 0, 0, 0, 0 ], [ 0, E(3), 0, 0, 0, 0 ], 
                  [ 0, 0, E(3), 0, 0, 0 ], [ 0, 0, 0, E(3), 0, 0 ], 
                  [ 0, 0, 0, 0, E(3), 0 ], [ 0, 0, 0, 0, 0, E(3) ] ] ],
          groupOrder := 540,
          groupOrderVerified := true,
          invariantDimension := 3,
          invariantDimensionVerified := true,
          linearGroupId := [ 540, 88 ],
          projectiveGroupId := [ 180, 19 ],
          proofType := 
           "source group equals its conjugate in the stored coordinates",
          rankS := 18,
          runtimeMilliseconds := 718,
          scalarCompatibleAutomorphisms := 0,
          sourceCategory := "rank_at_least_15",
          sourceKey := "rank-at-least-15-A_5-PGL-180-19-index-3-dimension-1",
          status := "self_conjugate",
          storedInvariantDimension := 3,
          symplecticPart := "A_5",
          verificationKind := "exact_matrix_and_cubic_space",
          witnessVerified := true ), rec(
          automorphismsTested := 0,
          cataloguePosition := 39,
          characterCompatibleAutomorphisms := 0,
          conjugatingMatrix := 
           [ [ 1, 0, 0, 0, 0, 0 ], [ 0, 1, 0, 0, 0, 0 ], [ 0, 0, 1, 0, 0, 0 ],
              [ 0, 0, 0, 1, 0, 0 ], [ 0, 0, 0, 0, 1, 0 ], 
              [ 0, 0, 0, 0, 0, 1 ] ],
          cubicBasisMap := 
           [ [ 1, 0, 0, 0, 0 ], [ 0, 1, 0, 0, 0 ], [ 0, 0, 1, 0, 0 ], 
              [ 0, 0, 0, 1, 0 ], [ 0, 0, 0, 0, 1 ] ],
          cubicSpaceVerified := true,
          exactVerificationPassed := true,
          exemptionReasons := [  ],
          familyDimension := 1,
          fullIndex := 6,
          generatorImages := 
           [ 
              [ [ 1, 0, 0, 0, 0, 0 ], [ 0, 1, 0, 0, 0, 0 ], 
                  [ 0, 0, 1, 0, 0, 0 ], [ 0, 0, 0, 0, 1, 0 ], 
                  [ 0, 0, 0, 1, 0, 0 ], [ 0, 0, 0, 0, 0, 1 ] ], 
              [ [ 1, 0, 0, 0, 0, 0 ], [ 0, 0, 1, 0, 0, 0 ], 
                  [ 0, 1, 0, 0, 0, 0 ], [ 0, 0, 0, 1, 0, 0 ], 
                  [ 0, 0, 0, 0, 1, 0 ], [ 0, 0, 0, 0, 0, 1 ] ], 
              [ [ 1/3, -2/3, -2/3, 0, 0, 0 ], [ -2/3, 1/3, -2/3, 0, 0, 0 ], 
                  [ -2/3, -2/3, 1/3, 0, 0, 0 ], [ 0, 0, 0, 1, 0, 0 ], 
                  [ 0, 0, 0, 0, 1, 0 ], [ 0, 0, 0, 0, 0, 1 ] ], 
              [ [ E(3)^2, 0, 0, 0, 0, 0 ], [ 0, E(3)^2, 0, 0, 0, 0 ], 
                  [ 0, 0, E(3)^2, 0, 0, 0 ], 
                  [ 0, 0, 0, 2/3*E(3)+1/3*E(3)^2, -1/3*E(3)+1/3*E(3)^2, 
                      -1/3*E(3)+1/3*E(3)^2 ], 
                  [ 0, 0, 0, -1/3*E(3)+1/3*E(3)^2, 2/3*E(3)+1/3*E(3)^2, 
                      -1/3*E(3)+1/3*E(3)^2 ], 
                  [ 0, 0, 0, -1/3*E(3)+1/3*E(3)^2, -1/3*E(3)+1/3*E(3)^2, 
                      2/3*E(3)+1/3*E(3)^2 ] ], 
              [ [ 0, 0, 1, 0, 0, 0 ], [ 1, 0, 0, 0, 0, 0 ], 
                  [ 0, 1, 0, 0, 0, 0 ], [ 0, 0, 0, 1, 0, 0 ], 
                  [ 0, 0, 0, 0, 1, 0 ], [ 0, 0, 0, 0, 0, 1 ] ], 
              [ [ 1, 0, 0, 0, 0, 0 ], [ 0, 1, 0, 0, 0, 0 ], 
                  [ 0, 0, 1, 0, 0, 0 ], [ 0, 0, 0, 0, 1, 0 ], 
                  [ 0, 0, 0, 0, 0, 1 ], [ 0, 0, 0, 1, 0, 0 ] ], 
              [ [ E(3), 0, 0, 0, 0, 0 ], [ 0, E(3), 0, 0, 0, 0 ], 
                  [ 0, 0, E(3), 0, 0, 0 ], [ 0, 0, 0, E(3), 0, 0 ], 
                  [ 0, 0, 0, 0, E(3), 0 ], [ 0, 0, 0, 0, 0, E(3) ] ] ],
          groupOrder := 648,
          groupOrderVerified := true,
          invariantDimension := 5,
          invariantDimensionVerified := true,
          linearGroupId := [ 648, 746 ],
          projectiveGroupId := [ 216, 170 ],
          proofType := 
           "source group equals its conjugate in the stored coordinates",
          rankS := 18,
          runtimeMilliseconds := 281,
          scalarCompatibleAutomorphisms := 0,
          sourceCategory := "rank_at_least_15",
          sourceKey := 
           "rank-at-least-15-S_3,3-PGL-216-170-index-6-dimension-1",
          status := "self_conjugate",
          storedInvariantDimension := 5,
          symplecticPart := "S_3,3",
          verificationKind := "exact_matrix_and_cubic_space",
          witnessVerified := true ), rec(
          automorphismsTested := 0,
          cataloguePosition := 40,
          characterCompatibleAutomorphisms := 0,
          conjugatingMatrix := 
           [ [ 1, 0, 0, 0, 0, 0 ], [ 0, 1, 0, 0, 0, 0 ], [ 0, 0, 1, 0, 0, 0 ],
              [ 0, 0, 0, 1, 0, 0 ], [ 0, 0, 0, 0, 1, 0 ], 
              [ 0, 0, 0, 0, 0, 1 ] ],
          cubicBasisMap := [ [ 1, 0, 0, 0 ], [ 0, 1, 0, 0 ], [ 0, 0, 1, 0 ], 
              [ 0, 0, 0, 1 ] ],
          cubicSpaceVerified := true,
          exactVerificationPassed := true,
          exemptionReasons := [  ],
          familyDimension := 1,
          fullIndex := 6,
          generatorImages := 
           [ 
              [ [ 1, 0, 0, 0, 0, 0 ], [ 0, 1, 0, 0, 0, 0 ], 
                  [ 0, 0, 0, 0, 0, 1 ], [ 0, 0, 0, 0, -1, -1 ], 
                  [ 0, 0, -1, -1, 0, 0 ], [ 0, 0, 1, 0, 0, 0 ] ], 
              [ [ 1, 0, 0, 0, 0, 0 ], [ 0, 1, 0, 0, 0, 0 ], 
                  [ 0, 0, 1, 0, 0, 0 ], [ 0, 0, 0, 1, 0, 0 ], 
                  [ 0, 0, 0, 0, 0, 1 ], [ 0, 0, 0, 0, 1, 0 ] ], 
              [ [ E(3)^2, 0, 0, 0, 0, 0 ], [ 0, E(3), 0, 0, 0, 0 ], 
                  [ 0, 0, E(3)^2, 0, 0, 0 ], [ 0, 0, 0, E(3)^2, 0, 0 ], 
                  [ 0, 0, 0, 0, E(3)^2, 0 ], [ 0, 0, 0, 0, 0, E(3)^2 ] ], 
              [ [ 1, 0, 0, 0, 0, 0 ], [ 0, 1, 0, 0, 0, 0 ], 
                  [ 0, 0, -1, -1, 0, 0 ], [ 0, 0, 0, 1, 0, 0 ], 
                  [ 0, 0, 0, 0, 0, 1 ], [ 0, 0, 0, 0, 1, 0 ] ], 
              [ [ 1, 0, 0, 0, 0, 0 ], [ 0, 1, 0, 0, 0, 0 ], 
                  [ 0, 0, -1, -1, 0, 0 ], [ 0, 0, 1, 0, 0, 0 ], 
                  [ 0, 0, 0, 0, 0, 1 ], [ 0, 0, 0, 0, -1, -1 ] ], 
              [ [ 1, 0, 0, 0, 0, 0 ], [ 0, 1, 0, 0, 0, 0 ], 
                  [ 0, 0, -1, -1, 0, 0 ], [ 0, 0, 1, 0, 0, 0 ], 
                  [ 0, 0, 0, 0, -1, -1 ], [ 0, 0, 0, 0, 1, 0 ] ], 
              [ [ E(3), 0, 0, 0, 0, 0 ], [ 0, E(3), 0, 0, 0, 0 ], 
                  [ 0, 0, E(3), 0, 0, 0 ], [ 0, 0, 0, E(3), 0, 0 ], 
                  [ 0, 0, 0, 0, E(3), 0 ], [ 0, 0, 0, 0, 0, E(3) ] ] ],
          groupOrder := 648,
          groupOrderVerified := true,
          invariantDimension := 4,
          invariantDimensionVerified := true,
          linearGroupId := [ 648, 718 ],
          projectiveGroupId := [ 216, 157 ],
          proofType := 
           "source group equals its conjugate in the stored coordinates",
          rankS := 18,
          runtimeMilliseconds := 281,
          scalarCompatibleAutomorphisms := 0,
          sourceCategory := "rank_at_least_15",
          sourceKey := 
           "rank-at-least-15-S_3,3-PGL-216-157-index-6-dimension-1",
          status := "self_conjugate",
          storedInvariantDimension := 4,
          symplecticPart := "S_3,3",
          verificationKind := "exact_matrix_and_cubic_space",
          witnessVerified := true ), rec(
          cataloguePosition := 41,
          conjugatingMatrix := fail,
          cubicBasisMap := fail,
          cubicSpaceVerified := fail,
          exemptionReasons := 
           [ "connected symplectic family", "rank(S) at least 19" ],
          familyDimension := 1,
          fullIndex := 2,
          generatorImages := fail,
          groupOrder := 720,
          invariantDimension := 4,
          invariantDimensionVerified := fail,
          linearGroupId := [ 720, 769 ],
          projectiveGroupId := [ 240, 0 ],
          proofType := "theoretical exemption requested for this catalogue",
          rankS := 19,
          runtimeMilliseconds := 0,
          sourceCategory := "rank_at_least_15",
          sourceKey := "rank-at-least-15-S_5-PGL-240-0-index-2-dimension-1",
          status := "self_conjugate_by_theory",
          symplecticPart := "S_5",
          verificationKind := "theoretical_exemption",
          witnessVerified := fail ), rec(
          automorphismsTested := 0,
          cataloguePosition := 42,
          characterCompatibleAutomorphisms := 0,
          conjugatingMatrix := 
           [ [ 1, 0, 0, 0, 0, 0 ], [ 0, 1, 0, 0, 0, 0 ], [ 0, 0, 1, 0, 0, 0 ],
              [ 0, 0, 0, 1, 0, 0 ], [ 0, 0, 0, 0, 1, 0 ], 
              [ 0, 0, 0, 0, 0, 1 ] ],
          cubicBasisMap := [ [ 1, 0, 0, 0 ], [ 0, 1, 0, 0 ], [ 0, 0, 1, 0 ], 
              [ 0, 0, 0, 1 ] ],
          cubicSpaceVerified := true,
          exactVerificationPassed := true,
          exemptionReasons := [  ],
          familyDimension := 1,
          fullIndex := 6,
          generatorImages := 
           [ 
              [ [ 0, E(3), 0, 0, 0, 0 ], [ 0, 0, 0, 0, E(3), 0 ], 
                  [ 0, 0, 0, E(3), 0, 0 ], [ 0, 0, E(3), 0, 0, 0 ], 
                  [ E(3), 0, 0, 0, 0, 0 ], 
                  [ -E(3)+E(3)^2, -E(3)+E(3)^2, -E(3)+E(3)^2, -E(3)+E(3)^2, 
                      -E(3)+E(3)^2, E(3)^2 ] ], 
              [ [ 1, 0, 0, 0, 0, 0 ], [ 0, 0, 0, 0, 1, 0 ], 
                  [ 0, 0, 1, 0, 0, 0 ], [ 0, 1, 0, 0, 0, 0 ], 
                  [ 0, 0, 0, 1, 0, 0 ], [ 0, 0, 0, 0, 0, 1 ] ], 
              [ [ E(3), 0, 0, 0, 0, 0 ], [ 0, E(3), 0, 0, 0, 0 ], 
                  [ 0, 0, E(3), 0, 0, 0 ], [ 0, 0, 0, E(3), 0, 0 ], 
                  [ 0, 0, 0, 0, E(3), 0 ], [ 0, 0, 0, 0, 0, E(3) ] ] ],
          groupOrder := 1080,
          groupOrderVerified := true,
          invariantDimension := 4,
          invariantDimensionVerified := true,
          linearGroupId := [ 1080, 490 ],
          projectiveGroupId := [ 360, 119 ],
          proofType := 
           "source group equals its conjugate in the stored coordinates",
          rankS := 18,
          runtimeMilliseconds := 500,
          scalarCompatibleAutomorphisms := 0,
          sourceCategory := "rank_at_least_15",
          sourceKey := "rank-at-least-15-A_5-PGL-360-119-index-6-dimension-1",
          status := "self_conjugate",
          storedInvariantDimension := 4,
          symplecticPart := "A_5",
          verificationKind := "exact_matrix_and_cubic_space",
          witnessVerified := true ), rec(
          cataloguePosition := 43,
          conjugatingMatrix := fail,
          cubicBasisMap := fail,
          cubicSpaceVerified := fail,
          exemptionReasons := 
           [ "connected symplectic family", "rank(S) at least 19" ],
          familyDimension := 1,
          fullIndex := 1,
          generatorImages := fail,
          groupOrder := 1080,
          invariantDimension := 2,
          invariantDimensionVerified := fail,
          linearGroupId := [ 1080, 260 ],
          projectiveGroupId := [ 360, 0 ],
          proofType := "theoretical exemption requested for this catalogue",
          rankS := 19,
          runtimeMilliseconds := 0,
          sourceCategory := "rank_at_least_15",
          sourceKey := "rank-at-least-15-A_6-PGL-360-0-index-1-dimension-1",
          status := "self_conjugate_by_theory",
          symplecticPart := "A_6",
          verificationKind := "theoretical_exemption",
          witnessVerified := fail ), rec(
          automorphismsTested := 0,
          cataloguePosition := 44,
          characterCompatibleAutomorphisms := 0,
          conjugatingMatrix := 
           [ [ 1, 0, 0, 0, 0, 0 ], [ 0, 1, 0, 0, 0, 0 ], [ 0, 0, 1, 0, 0, 0 ],
              [ 0, 0, 0, 1, 0, 0 ], [ 0, 0, 0, 0, 1, 0 ], 
              [ 0, 0, 0, 0, 0, 1 ] ],
          cubicBasisMap := [ [ 1, 0, 0, 0 ], [ 0, 1, 0, 0 ], [ 0, 0, 1, 0 ], 
              [ 0, 0, 0, 1 ] ],
          cubicSpaceVerified := true,
          exactVerificationPassed := true,
          exemptionReasons := [  ],
          familyDimension := 1,
          fullIndex := 6,
          generatorImages := 
           [ 
              [ [ 1, 0, 0, 0, 0, -1 ], [ 0, 1, 0, 0, 0, -1 ], 
                  [ 0, 0, 1, 0, 0, -1 ], [ 0, 0, 0, 1, 0, -1 ], 
                  [ 0, 0, 0, 0, 1, -1 ], [ 0, 0, 0, 0, 0, -1 ] ], 
              [ [ 0, 0, 0, 1, 0, 0 ], [ 0, 1, 0, 0, 0, 0 ], 
                  [ 0, 0, 1, 0, 0, 0 ], [ 1, 0, 0, 0, 0, 0 ], 
                  [ 0, 0, 0, 0, 1, 0 ], [ 0, 0, 0, 0, 0, 1 ] ], 
              [ [ E(3)^2, 0, 0, 0, 1/3*E(3)-1/3*E(3)^2, 1/3*E(3)-1/3*E(3)^2 ],
                  [ 0, E(3)^2, 0, 0, 1/3*E(3)-1/3*E(3)^2, 1/3*E(3)-1/3*E(3)^2 
                     ], 
                  [ 0, 0, E(3)^2, 0, 1/3*E(3)-1/3*E(3)^2, 1/3*E(3)-1/3*E(3)^2 
                     ], 
                  [ 0, 0, 0, E(3)^2, 1/3*E(3)-1/3*E(3)^2, 1/3*E(3)-1/3*E(3)^2 
                     ], [ 0, 0, 0, 0, E(3), 0 ], [ 0, 0, 0, 0, 0, E(3) ] ], 
              [ [ 0, 0, 0, 1, 0, 0 ], [ 0, 1, 0, 0, 0, 0 ], 
                  [ 1, 0, 0, 0, 0, 0 ], [ 0, 0, 1, 0, 0, 0 ], 
                  [ 0, 0, 0, 0, 1, 0 ], [ 0, 0, 0, 0, 0, 1 ] ], 
              [ [ 1, 0, 0, 0, 0, -1 ], [ 0, 1, 0, 0, 0, -1 ], 
                  [ 0, 0, 1, 0, 0, -1 ], [ 0, 0, 0, 1, 0, -1 ], 
                  [ 0, 0, 0, 0, 0, -1 ], [ 0, 0, 0, 0, 1, -1 ] ], 
              [ [ 0, 1, 0, 0, 0, 0 ], [ 1, 0, 0, 0, 0, 0 ], 
                  [ 0, 0, 0, 1, 0, 0 ], [ 0, 0, 1, 0, 0, 0 ], 
                  [ 0, 0, 0, 0, 1, 0 ], [ 0, 0, 0, 0, 0, 1 ] ], 
              [ [ 0, 0, 1, 0, 0, 0 ], [ 0, 0, 0, 1, 0, 0 ], 
                  [ 1, 0, 0, 0, 0, 0 ], [ 0, 1, 0, 0, 0, 0 ], 
                  [ 0, 0, 0, 0, 1, 0 ], [ 0, 0, 0, 0, 0, 1 ] ], 
              [ [ E(3), 0, 0, 0, 0, 0 ], [ 0, E(3), 0, 0, 0, 0 ], 
                  [ 0, 0, E(3), 0, 0, 0 ], [ 0, 0, 0, E(3), 0, 0 ], 
                  [ 0, 0, 0, 0, E(3), 0 ], [ 0, 0, 0, 0, 0, E(3) ] ] ],
          groupOrder := 1296,
          groupOrderVerified := true,
          invariantDimension := 4,
          invariantDimensionVerified := true,
          linearGroupId := [ 1296, 3545 ],
          projectiveGroupId := [ 432, 745 ],
          proofType := 
           "source group equals its conjugate in the stored coordinates",
          rankS := 18,
          runtimeMilliseconds := 359,
          scalarCompatibleAutomorphisms := 0,
          sourceCategory := "rank_at_least_15",
          sourceKey := 
           "rank-at-least-15-A_4,3-PGL-432-745-index-6-dimension-1",
          status := "self_conjugate",
          storedInvariantDimension := 4,
          symplecticPart := "A_4,3",
          verificationKind := "exact_matrix_and_cubic_space",
          witnessVerified := true ), rec(
          cataloguePosition := 45,
          conjugatingMatrix := fail,
          cubicBasisMap := fail,
          cubicSpaceVerified := fail,
          exemptionReasons := 
           [ "connected symplectic family", "rank(S) at least 19" ],
          familyDimension := 1,
          fullIndex := 2,
          generatorImages := fail,
          groupOrder := 2160,
          invariantDimension := 3,
          invariantDimensionVerified := fail,
          linearGroupId := [ 2160, 0 ],
          projectiveGroupId := [ 720, 0 ],
          proofType := "theoretical exemption requested for this catalogue",
          rankS := 19,
          runtimeMilliseconds := 0,
          sourceCategory := "rank_at_least_15",
          sourceKey := "rank-at-least-15-A_6-PGL-720-0-index-2-dimension-1",
          status := "self_conjugate_by_theory",
          symplecticPart := "A_6",
          verificationKind := "theoretical_exemption",
          witnessVerified := fail ), rec(
          cataloguePosition := 46,
          conjugatingMatrix := fail,
          cubicBasisMap := fail,
          cubicSpaceVerified := fail,
          exemptionReasons := [ "symplectic part 3^{1+4}:2" ],
          familyDimension := 1,
          fullIndex := 4,
          generatorImages := fail,
          groupOrder := 5832,
          invariantDimension := 3,
          invariantDimensionVerified := fail,
          linearGroupId := [ 5832, 0 ],
          projectiveGroupId := [ 1944, 3493 ],
          proofType := "theoretical exemption requested for this catalogue",
          rankS := 18,
          runtimeMilliseconds := 0,
          sourceCategory := "rank_at_least_15",
          sourceKey := 
           "rank-at-least-15-3^{1+4}:2-PGL-1944-3493-index-4-dimension-1",
          status := "self_conjugate_by_theory",
          symplecticPart := "3^{1+4}:2",
          verificationKind := "theoretical_exemption",
          witnessVerified := fail ), rec(
          cataloguePosition := 47,
          conjugatingMatrix := fail,
          cubicBasisMap := fail,
          cubicSpaceVerified := fail,
          exemptionReasons := 
           [ "connected symplectic family", "rank(S) at least 19" ],
          familyDimension := 1,
          fullIndex := 2,
          generatorImages := fail,
          groupOrder := 5832,
          invariantDimension := 2,
          invariantDimensionVerified := fail,
          linearGroupId := [ 5832, 0 ],
          projectiveGroupId := [ 1944, 0 ],
          proofType := "theoretical exemption requested for this catalogue",
          rankS := 19,
          runtimeMilliseconds := 0,
          sourceCategory := "rank_at_least_15",
          sourceKey := 
           "rank-at-least-15-3^{1+4}:2.2-PGL-1944-0-index-2-dimension-1",
          status := "self_conjugate_by_theory",
          symplecticPart := "3^{1+4}:2.2",
          verificationKind := "theoretical_exemption",
          witnessVerified := fail ), rec(
          cataloguePosition := 48,
          conjugatingMatrix := fail,
          cubicBasisMap := fail,
          cubicSpaceVerified := fail,
          exemptionReasons := [ "symplectic part 3^{1+4}:2" ],
          familyDimension := 1,
          fullIndex := 6,
          generatorImages := fail,
          groupOrder := 8748,
          invariantDimension := 3,
          invariantDimensionVerified := fail,
          linearGroupId := [ 8748, 0 ],
          projectiveGroupId := [ 2916, 0 ],
          proofType := "theoretical exemption requested for this catalogue",
          rankS := 18,
          runtimeMilliseconds := 0,
          sourceCategory := "rank_at_least_15",
          sourceKey := 
           "rank-at-least-15-3^{1+4}:2-PGL-2916-0-index-6-dimension-1",
          status := "self_conjugate_by_theory",
          symplecticPart := "3^{1+4}:2",
          verificationKind := "theoretical_exemption",
          witnessVerified := fail ), rec(
          automorphismsTested := 0,
          cataloguePosition := 49,
          characterCompatibleAutomorphisms := 0,
          conjugatingMatrix := 
           [ [ 1, 0, 0, 0, 0, 0 ], [ 0, 1, 0, 0, 0, 0 ], [ 0, 0, 1, 0, 0, 0 ],
              [ 0, 0, 0, 1, 0, 0 ], [ 0, 0, 0, 0, 1, 0 ], 
              [ 0, 0, 0, 0, 0, 1 ] ],
          cubicBasisMap := 
           [ [ 1, 0, 0, 0, 0, 0 ], [ 0, 1, 0, 0, 0, 0 ], [ 0, 0, 1, 0, 0, 0 ],
              [ 0, 0, 0, 1, 0, 0 ], [ 0, 0, 0, 0, 1, 0 ], 
              [ 0, 0, 0, 0, 0, 1 ] ],
          cubicSpaceVerified := true,
          exactVerificationPassed := true,
          exemptionReasons := [  ],
          familyDimension := 2,
          fullIndex := 3,
          generatorImages := 
           [ 
              [ [ 0, 1, 0, 0, 0, 0 ], [ 0, 0, 1, 0, 0, 0 ], 
                  [ 1, 0, 0, 0, 0, 0 ], [ 0, 0, 0, 0, 1, 0 ], 
                  [ 0, 0, 0, 0, 0, 1 ], [ 0, 0, 0, 1, 0, 0 ] ], 
              [ [ -E(9)^4-E(9)^7, 0, 0, 0, 0, 0 ], [ 0, E(9)^4, 0, 0, 0, 0 ], 
                  [ 0, 0, E(9)^7, 0, 0, 0 ], [ 0, 0, 0, -E(9)^4-E(9)^7, 0, 0 ]
                    , [ 0, 0, 0, 0, E(9)^4, 0 ], [ 0, 0, 0, 0, 0, E(9)^7 ] ] ]
           ,
          groupOrder := 27,
          groupOrderVerified := true,
          invariantDimension := 6,
          invariantDimensionVerified := true,
          linearGroupId := [ 27, 4 ],
          projectiveGroupId := [ 9, 2 ],
          proofType := 
           "source group equals its conjugate in the stored coordinates",
          rankS := 12,
          runtimeMilliseconds := 141,
          scalarCompatibleAutomorphisms := 0,
          sourceCategory := "nonliftable_abelian",
          sourceKey := "nonliftable-abelian-C3-PGL-9-2-index-3-dimension-2",
          status := "self_conjugate",
          storedInvariantDimension := 6,
          symplecticPart := "C3",
          verificationKind := "exact_matrix_and_cubic_space",
          witnessVerified := true ), rec(
          automorphismsTested := 0,
          cataloguePosition := 50,
          characterCompatibleAutomorphisms := 0,
          conjugatingMatrix := 
           [ [ 1, 0, 0, 0, 0, 0 ], [ 0, 1, 0, 0, 0, 0 ], [ 0, 0, 1, 0, 0, 0 ],
              [ 0, 0, 0, 1, 0, 0 ], [ 0, 0, 0, 0, 1, 0 ], 
              [ 0, 0, 0, 0, 0, 1 ] ],
          cubicBasisMap := 
           [ [ 1, 0, 0, 0, 0, 0, 0, 0, 0, 0 ], 
              [ 0, 1, 0, 0, 0, 0, 0, 0, 0, 0 ], 
              [ 0, 0, 1, 0, 0, 0, 0, 0, 0, 0 ], 
              [ 0, 0, 0, 1, 0, 0, 0, 0, 0, 0 ], 
              [ 0, 0, 0, 0, 1, 0, 0, 0, 0, 0 ], 
              [ 0, 0, 0, 0, 0, 1, 0, 0, 0, 0 ], 
              [ 0, 0, 0, 0, 0, 0, 1, 0, 0, 0 ], 
              [ 0, 0, 0, 0, 0, 0, 0, 1, 0, 0 ], 
              [ 0, 0, 0, 0, 0, 0, 0, 0, 1, 0 ], 
              [ 0, 0, 0, 0, 0, 0, 0, 0, 0, 1 ] ],
          cubicSpaceVerified := true,
          exactVerificationPassed := true,
          exemptionReasons := [  ],
          familyDimension := 2,
          fullIndex := 12,
          generatorImages := 
           [ 
              [ [ E(3), 0, 0, 0, 0, 0 ], [ 0, E(3), 0, 0, 0, 0 ], 
                  [ 0, 0, E(3), 0, 0, 0 ], [ 0, 0, 0, E(3), 0, 0 ], 
                  [ 0, 0, 0, 0, E(3), 0 ], [ 0, 0, 0, 0, 0, E(3) ] ], 
              [ [ E(3)^2, 0, 0, 0, 0, 0 ], [ 0, E(3)^2, 0, 0, 0, 0 ], 
                  [ 0, 0, E(3)^2, 0, 0, 0 ], [ 0, 0, 0, E(3), 0, 0 ], 
                  [ 0, 0, 0, 0, 1, 0 ], [ 0, 0, 0, 0, 0, 1 ] ], 
              [ [ -E(4), 0, 0, 0, 0, 0 ], [ 0, -1, 0, 0, 0, 0 ], 
                  [ 0, 0, 1, 0, 0, 0 ], [ 0, 0, 0, 1, 0, 0 ], 
                  [ 0, 0, 0, 0, 1, 0 ], [ 0, 0, 0, 0, 0, 1 ] ], 
              [ [ -1, 0, 0, 0, 0, 0 ], [ 0, 1, 0, 0, 0, 0 ], 
                  [ 0, 0, 1, 0, 0, 0 ], [ 0, 0, 0, 1, 0, 0 ], 
                  [ 0, 0, 0, 0, 1, 0 ], [ 0, 0, 0, 0, 0, 1 ] ] ],
          groupOrder := 36,
          groupOrderVerified := true,
          invariantDimension := 10,
          invariantDimensionVerified := true,
          linearGroupId := [ 36, 8 ],
          projectiveGroupId := [ 12, 2 ],
          proofType := 
           "source group equals its conjugate in the stored coordinates",
          rankS := 0,
          runtimeMilliseconds := 234,
          scalarCompatibleAutomorphisms := 0,
          sourceCategory := "liftable_abelian",
          sourceKey := "liftable-abelian-1-PGL-12-2-index-12-dimension-2",
          status := "self_conjugate",
          storedInvariantDimension := 10,
          symplecticPart := "1",
          verificationKind := "exact_matrix_and_cubic_space",
          witnessVerified := true ), rec(
          automorphismsTested := 0,
          cataloguePosition := 51,
          characterCompatibleAutomorphisms := 0,
          conjugatingMatrix := 
           [ [ 1, 0, 0, 0, 0, 0 ], [ 0, 1, 0, 0, 0, 0 ], [ 0, 0, 1, 0, 0, 0 ],
              [ 0, 0, 0, 1, 0, 0 ], [ 0, 0, 0, 0, 1, 0 ], 
              [ 0, 0, 0, 0, 0, 1 ] ],
          cubicBasisMap := 
           [ [ 1, 0, 0, 0, 0, 0, 0, 0 ], [ 0, 1, 0, 0, 0, 0, 0, 0 ], 
              [ 0, 0, 1, 0, 0, 0, 0, 0 ], [ 0, 0, 0, 1, 0, 0, 0, 0 ], 
              [ 0, 0, 0, 0, 1, 0, 0, 0 ], [ 0, 0, 0, 0, 0, 1, 0, 0 ], 
              [ 0, 0, 0, 0, 0, 0, 1, 0 ], [ 0, 0, 0, 0, 0, 0, 0, 1 ] ],
          cubicSpaceVerified := true,
          exactVerificationPassed := true,
          exemptionReasons := [  ],
          familyDimension := 2,
          fullIndex := 12,
          generatorImages := 
           [ 
              [ [ E(3), 0, 0, 0, 0, 0 ], [ 0, E(3), 0, 0, 0, 0 ], 
                  [ 0, 0, E(3), 0, 0, 0 ], [ 0, 0, 0, E(3), 0, 0 ], 
                  [ 0, 0, 0, 0, E(3), 0 ], [ 0, 0, 0, 0, 0, E(3) ] ], 
              [ [ -E(4), 0, 0, 0, 0, 0 ], [ 0, -1, 0, 0, 0, 0 ], 
                  [ 0, 0, 1, 0, 0, 0 ], [ 0, 0, 0, -1, 0, 0 ], 
                  [ 0, 0, 0, 0, 1, 0 ], [ 0, 0, 0, 0, 0, 1 ] ], 
              [ [ E(3)^2, 0, 0, 0, 0, 0 ], [ 0, E(3)^2, 0, 0, 0, 0 ], 
                  [ 0, 0, E(3)^2, 0, 0, 0 ], [ 0, 0, 0, E(3), 0, 0 ], 
                  [ 0, 0, 0, 0, E(3), 0 ], [ 0, 0, 0, 0, 0, 1 ] ], 
              [ [ -1, 0, 0, 0, 0, 0 ], [ 0, 1, 0, 0, 0, 0 ], 
                  [ 0, 0, 1, 0, 0, 0 ], [ 0, 0, 0, 1, 0, 0 ], 
                  [ 0, 0, 0, 0, 1, 0 ], [ 0, 0, 0, 0, 0, 1 ] ] ],
          groupOrder := 36,
          groupOrderVerified := true,
          invariantDimension := 8,
          invariantDimensionVerified := true,
          linearGroupId := [ 36, 8 ],
          projectiveGroupId := [ 12, 2 ],
          proofType := 
           "source group equals its conjugate in the stored coordinates",
          rankS := 0,
          runtimeMilliseconds := 203,
          scalarCompatibleAutomorphisms := 0,
          sourceCategory := "liftable_abelian",
          sourceKey := 
           "liftable-abelian-1-PGL-12-2-index-12-dimension-2-representation-2"
           ,
          status := "self_conjugate",
          storedInvariantDimension := 8,
          symplecticPart := "1",
          verificationKind := "exact_matrix_and_cubic_space",
          witnessVerified := true ), rec(
          automorphismsTested := 33,
          cataloguePosition := 52,
          characterCompatibleAutomorphisms := 1,
          conjugatingMatrix := 
           [ [ -4, 0, 0, 0, 0, 0 ], [ 1, -3, 0, 0, 0, 0 ], 
              [ 0, 0, -1, 0, 0, 0 ], [ 0, 0, 0, -1, 0, 0 ], 
              [ 0, 0, 0, 0, 0, 2 ], [ 0, 0, 0, 0, 2, 0 ] ],
          cubicBasisMap := 
           [ [ -1/4, 0, 0, 0, 0, 0 ], [ 0, -1/12, 0, 0, 0, 0 ], 
              [ 0, 0, -1/3, 0, 0, 0 ], [ 0, 0, 0, -1/27, 0, 0 ], 
              [ 0, 0, -1/12, 0, -1/4, 0 ], [ 0, 0, 0, 7/432, 0, -1/48 ] ],
          cubicSpaceVerified := true,
          exactVerificationPassed := true,
          exemptionReasons := [  ],
          familyDimension := 2,
          fullIndex := 2,
          generatorImages := 
           [ 
              [ [ 1, 0, 0, 0, 0, 0 ], [ 0, 1, 0, 0, 0, 0 ], 
                  [ 0, 0, 1, 0, 0, 0 ], [ 0, 0, 0, -1, 0, 0 ], 
                  [ 0, 0, 0, 0, 0, -1 ], [ 0, 0, 0, 0, -1, 0 ] ], 
              [ [ -1, 0, 0, 0, 0, 0 ], [ 2, 1, 0, 0, 0, 0 ], 
                  [ 0, 0, 0, 1, 0, 0 ], [ 0, 0, 1, 0, 0, 0 ], 
                  [ 0, 0, 0, 0, 0, -E(8)^3 ], [ 0, 0, 0, 0, E(8), 0 ] ], 
              [ [ 1, 0, 0, 0, 0, 0 ], [ 0, 1, 0, 0, 0, 0 ], 
                  [ 0, 0, -1, 0, 0, 0 ], [ 0, 0, 0, -1, 0, 0 ], 
                  [ 0, 0, 0, 0, -E(4), 0 ], [ 0, 0, 0, 0, 0, E(4) ] ], 
              [ [ 1, 0, 0, 0, 0, 0 ], [ 0, 1, 0, 0, 0, 0 ], 
                  [ 0, 0, 1, 0, 0, 0 ], [ 0, 0, 0, 1, 0, 0 ], 
                  [ 0, 0, 0, 0, -1, 0 ], [ 0, 0, 0, 0, 0, -1 ] ], 
              [ [ E(3), 0, 0, 0, 0, 0 ], [ 0, E(3), 0, 0, 0, 0 ], 
                  [ 0, 0, E(3), 0, 0, 0 ], [ 0, 0, 0, E(3), 0, 0 ], 
                  [ 0, 0, 0, 0, E(3), 0 ], [ 0, 0, 0, 0, 0, E(3) ] ] ],
          groupOrder := 48,
          groupOrderVerified := true,
          invariantDimension := 6,
          invariantDimensionVerified := true,
          linearGroupId := [ 48, 25 ],
          projectiveGroupId := [ 16, 7 ],
          proofType := 
           "complete abstract-automorphism character match with exact intertwi\
ner",
          rankS := 15,
          runtimeMilliseconds := 4422,
          scalarCompatibleAutomorphisms := 1,
          sourceCategory := "rank_at_least_15",
          sourceKey := "rank-at-least-15-D_8-PGL-16-7-index-2-dimension-2",
          status := "self_conjugate",
          storedInvariantDimension := 6,
          symplecticPart := "D_8",
          verificationKind := "exact_matrix_and_cubic_space",
          witnessVerified := true ), rec(
          automorphismsTested := 0,
          cataloguePosition := 53,
          characterCompatibleAutomorphisms := 0,
          conjugatingMatrix := 
           [ [ 1, 0, 0, 0, 0, 0 ], [ 0, 1, 0, 0, 0, 0 ], [ 0, 0, 1, 0, 0, 0 ],
              [ 0, 0, 0, 1, 0, 0 ], [ 0, 0, 0, 0, 1, 0 ], 
              [ 0, 0, 0, 0, 0, 1 ] ],
          cubicBasisMap := 
           [ [ 1, 0, 0, 0, 0, 0, 0 ], [ 0, 1, 0, 0, 0, 0, 0 ], 
              [ 0, 0, 1, 0, 0, 0, 0 ], [ 0, 0, 0, 1, 0, 0, 0 ], 
              [ 0, 0, 0, 0, 1, 0, 0 ], [ 0, 0, 0, 0, 0, 1, 0 ], 
              [ 0, 0, 0, 0, 0, 0, 1 ] ],
          cubicSpaceVerified := true,
          exactVerificationPassed := true,
          exemptionReasons := [  ],
          familyDimension := 2,
          fullIndex := 2,
          generatorImages := 
           [ 
              [ [ 1, 0, 0, 0, 0, 0 ], [ 0, -1, 0, 0, 0, 0 ], 
                  [ 0, 0, -1, 0, 0, 0 ], [ 0, 0, 0, 1, 0, 0 ], 
                  [ 0, 0, 0, 0, 0, E(4) ], [ 0, 0, 0, 0, -E(4), 0 ] ], 
              [ [ 1, 0, 0, 0, 0, 0 ], [ 0, -1, 0, 0, 0, 0 ], 
                  [ 0, 0, 1, 0, 0, 0 ], [ 0, 0, 0, -1, 0, 0 ], 
                  [ 0, 0, 0, 0, 0, 1 ], [ 0, 0, 0, 0, 1, 0 ] ], 
              [ [ 1, 0, 0, 0, 0, 0 ], [ 0, 1, 0, 0, 0, 0 ], 
                  [ 0, 0, -1, 0, 0, 0 ], [ 0, 0, 0, -1, 0, 0 ], 
                  [ 0, 0, 0, 0, -E(4), 0 ], [ 0, 0, 0, 0, 0, -E(4) ] ], 
              [ [ 1, 0, 0, 0, 0, 0 ], [ 0, 1, 0, 0, 0, 0 ], 
                  [ 0, 0, 1, 0, 0, 0 ], [ 0, 0, 0, 1, 0, 0 ], 
                  [ 0, 0, 0, 0, -1, 0 ], [ 0, 0, 0, 0, 0, -1 ] ], 
              [ [ E(3), 0, 0, 0, 0, 0 ], [ 0, E(3), 0, 0, 0, 0 ], 
                  [ 0, 0, E(3), 0, 0, 0 ], [ 0, 0, 0, E(3), 0, 0 ], 
                  [ 0, 0, 0, 0, E(3), 0 ], [ 0, 0, 0, 0, 0, E(3) ] ] ],
          groupOrder := 48,
          groupOrderVerified := true,
          invariantDimension := 7,
          invariantDimensionVerified := true,
          linearGroupId := [ 48, 47 ],
          projectiveGroupId := [ 16, 13 ],
          proofType := 
           "source group equals its conjugate in the stored coordinates",
          rankS := 17,
          runtimeMilliseconds := 297,
          scalarCompatibleAutomorphisms := 0,
          sourceCategory := "rank_at_least_15",
          sourceKey := "rank-at-least-15-Q_8-PGL-16-13-index-2-dimension-2",
          status := "self_conjugate",
          storedInvariantDimension := 7,
          symplecticPart := "Q_8",
          verificationKind := "exact_matrix_and_cubic_space",
          witnessVerified := true ), rec(
          cataloguePosition := 54,
          conjugatingMatrix := fail,
          cubicBasisMap := fail,
          cubicSpaceVerified := fail,
          exemptionReasons := [ "connected symplectic family" ],
          familyDimension := 2,
          fullIndex := 1,
          generatorImages := fail,
          groupOrder := 48,
          invariantDimension := 6,
          invariantDimensionVerified := fail,
          linearGroupId := [ 48, 26 ],
          projectiveGroupId := [ 16, 0 ],
          proofType := "theoretical exemption requested for this catalogue",
          rankS := 18,
          runtimeMilliseconds := 0,
          sourceCategory := "rank_at_least_15",
          sourceKey := "rank-at-least-15-QD_16-PGL-16-0-index-1-dimension-2",
          status := "self_conjugate_by_theory",
          symplecticPart := "QD_16",
          verificationKind := "theoretical_exemption",
          witnessVerified := fail ), rec(
          automorphismsTested := 0,
          cataloguePosition := 55,
          characterCompatibleAutomorphisms := 0,
          conjugatingMatrix := 
           [ [ 1, 0, 0, 0, 0, 0 ], [ 0, 1, 0, 0, 0, 0 ], [ 0, 0, 1, 0, 0, 0 ],
              [ 0, 0, 0, 1, 0, 0 ], [ 0, 0, 0, 0, 1, 0 ], 
              [ 0, 0, 0, 0, 0, 1 ] ],
          cubicBasisMap := 
           [ [ 1, 0, 0, 0, 0, 0, 0, 0, 0, 0 ], 
              [ 0, 1, 0, 0, 0, 0, 0, 0, 0, 0 ], 
              [ 0, 0, 1, 0, 0, 0, 0, 0, 0, 0 ], 
              [ 0, 0, 0, 1, 0, 0, 0, 0, 0, 0 ], 
              [ 0, 0, 0, 0, 1, 0, 0, 0, 0, 0 ], 
              [ 0, 0, 0, 0, 0, 1, 0, 0, 0, 0 ], 
              [ 0, 0, 0, 0, 0, 0, 1, 0, 0, 0 ], 
              [ 0, 0, 0, 0, 0, 0, 0, 1, 0, 0 ], 
              [ 0, 0, 0, 0, 0, 0, 0, 0, 1, 0 ], 
              [ 0, 0, 0, 0, 0, 0, 0, 0, 0, 1 ] ],
          cubicSpaceVerified := true,
          exactVerificationPassed := true,
          exemptionReasons := [  ],
          familyDimension := 2,
          fullIndex := 4,
          generatorImages := 
           [ 
              [ [ E(3), 0, 0, 0, 0, 0 ], [ 0, E(3), 0, 0, 0, 0 ], 
                  [ 0, 0, E(3), 0, 0, 0 ], [ 0, 0, 0, E(3), 0, 0 ], 
                  [ 0, 0, 0, 0, E(3), 0 ], [ 0, 0, 0, 0, 0, E(3) ] ], 
              [ [ 1, 0, 0, 0, 0, 0 ], [ 0, 1, 0, 0, 0, 0 ], 
                  [ 0, 0, 1, 0, 0, 0 ], [ 0, 0, 0, -E(4), 0, 0 ], 
                  [ 0, 0, 0, 0, -1, 0 ], [ 0, 0, 0, 0, 0, 1 ] ], 
              [ [ 1, 0, 0, 0, 0, 0 ], [ 0, 1, 0, 0, 0, 0 ], 
                  [ 0, 0, 1, 0, 0, 0 ], [ 0, 0, 0, -1, 0, 0 ], 
                  [ 0, 0, 0, 0, 1, 0 ], [ 0, 0, 0, 0, 0, 1 ] ], 
              [ [ -E(4), 0, 0, 0, 0, 0 ], [ 0, -1, 0, 0, 0, 0 ], 
                  [ 0, 0, 1, 0, 0, 0 ], [ 0, 0, 0, 1, 0, 0 ], 
                  [ 0, 0, 0, 0, 1, 0 ], [ 0, 0, 0, 0, 0, 1 ] ], 
              [ [ -1, 0, 0, 0, 0, 0 ], [ 0, 1, 0, 0, 0, 0 ], 
                  [ 0, 0, 1, 0, 0, 0 ], [ 0, 0, 0, 1, 0, 0 ], 
                  [ 0, 0, 0, 0, 1, 0 ], [ 0, 0, 0, 0, 0, 1 ] ] ],
          groupOrder := 48,
          groupOrderVerified := true,
          invariantDimension := 10,
          invariantDimensionVerified := true,
          linearGroupId := [ 48, 20 ],
          projectiveGroupId := [ 16, 2 ],
          proofType := 
           "source group equals its conjugate in the stored coordinates",
          rankS := 14,
          runtimeMilliseconds := 265,
          scalarCompatibleAutomorphisms := 0,
          sourceCategory := "liftable_abelian",
          sourceKey := "liftable-abelian-C4-PGL-16-2-index-4-dimension-2",
          status := "self_conjugate",
          storedInvariantDimension := 10,
          symplecticPart := "C4",
          verificationKind := "exact_matrix_and_cubic_space",
          witnessVerified := true ), rec(
          automorphismsTested := 0,
          cataloguePosition := 56,
          characterCompatibleAutomorphisms := 0,
          conjugatingMatrix := 
           [ [ 1, 0, 0, 0, 0, 0 ], [ 0, 1, 0, 0, 0, 0 ], [ 0, 0, 1, 0, 0, 0 ],
              [ 0, 0, 0, 1, 0, 0 ], [ 0, 0, 0, 0, 1, 0 ], 
              [ 0, 0, 0, 0, 0, 1 ] ],
          cubicBasisMap := 
           [ [ 1, 0, 0, 0, 0, 0, 0, 0, 0, 0 ], 
              [ 0, 1, 0, 0, 0, 0, 0, 0, 0, 0 ], 
              [ 0, 0, 1, 0, 0, 0, 0, 0, 0, 0 ], 
              [ 0, 0, 0, 1, 0, 0, 0, 0, 0, 0 ], 
              [ 0, 0, 0, 0, 1, 0, 0, 0, 0, 0 ], 
              [ 0, 0, 0, 0, 0, 1, 0, 0, 0, 0 ], 
              [ 0, 0, 0, 0, 0, 0, 1, 0, 0, 0 ], 
              [ 0, 0, 0, 0, 0, 0, 0, 1, 0, 0 ], 
              [ 0, 0, 0, 0, 0, 0, 0, 0, 1, 0 ], 
              [ 0, 0, 0, 0, 0, 0, 0, 0, 0, 1 ] ],
          cubicSpaceVerified := true,
          exactVerificationPassed := true,
          exemptionReasons := [  ],
          familyDimension := 2,
          fullIndex := 8,
          generatorImages := 
           [ 
              [ [ E(3), 0, 0, 0, 0, 0 ], [ 0, E(3), 0, 0, 0, 0 ], 
                  [ 0, 0, E(3), 0, 0, 0 ], [ 0, 0, 0, E(3), 0, 0 ], 
                  [ 0, 0, 0, 0, E(3), 0 ], [ 0, 0, 0, 0, 0, E(3) ] ], 
              [ [ 1, 0, 0, 0, 0, 0 ], [ 0, 1, 0, 0, 0, 0 ], 
                  [ 0, 0, 1, 0, 0, 0 ], [ 0, 0, 0, 1, 0, 0 ], 
                  [ 0, 0, 0, 0, -1, 0 ], [ 0, 0, 0, 0, 0, 1 ] ], 
              [ [ E(8)^3, 0, 0, 0, 0, 0 ], [ 0, E(4), 0, 0, 0, 0 ], 
                  [ 0, 0, -1, 0, 0, 0 ], [ 0, 0, 0, 1, 0, 0 ], 
                  [ 0, 0, 0, 0, 1, 0 ], [ 0, 0, 0, 0, 0, 1 ] ], 
              [ [ -E(4), 0, 0, 0, 0, 0 ], [ 0, -1, 0, 0, 0, 0 ], 
                  [ 0, 0, 1, 0, 0, 0 ], [ 0, 0, 0, 1, 0, 0 ], 
                  [ 0, 0, 0, 0, 1, 0 ], [ 0, 0, 0, 0, 0, 1 ] ], 
              [ [ -1, 0, 0, 0, 0, 0 ], [ 0, 1, 0, 0, 0, 0 ], 
                  [ 0, 0, 1, 0, 0, 0 ], [ 0, 0, 0, 1, 0, 0 ], 
                  [ 0, 0, 0, 0, 1, 0 ], [ 0, 0, 0, 0, 0, 1 ] ] ],
          groupOrder := 48,
          groupOrderVerified := true,
          invariantDimension := 10,
          invariantDimensionVerified := true,
          linearGroupId := [ 48, 23 ],
          projectiveGroupId := [ 16, 5 ],
          proofType := 
           "source group equals its conjugate in the stored coordinates",
          rankS := 8,
          runtimeMilliseconds := 578,
          scalarCompatibleAutomorphisms := 0,
          sourceCategory := "liftable_abelian",
          sourceKey := "liftable-abelian-C2-PGL-16-5-index-8-dimension-2",
          status := "self_conjugate",
          storedInvariantDimension := 10,
          symplecticPart := "C2",
          verificationKind := "exact_matrix_and_cubic_space",
          witnessVerified := true ), rec(
          automorphismsTested := 18,
          cataloguePosition := 57,
          characterCompatibleAutomorphisms := 1,
          conjugatingMatrix := 
           [ [ 23/12, 3, 0, 0, 0, 0 ], [ 133/24, 4, 0, 0, 0, 0 ], 
              [ 0, 0, -1, -1, 0, 0 ], [ 0, 0, -23/40, 1, 0, 0 ], 
              [ 0, 0, 0, 0, -3*E(3), 0 ], [ 0, 0, 0, 0, 0, -3 ] ],
          cubicBasisMap := [ [ -101/1134, -88/5103*E(12)^11, 0, 0, 0, 0, 0 ], 
              [ 11/2016*E(12)^11, -101/1134*E(3), 0, 0, 0, 0, 0 ], 
              [ 0, 0, -22949120/20650707, -157717760/20650707, 
                  -332445440/20650707, 0, 0 ], 
              [ 0, 0, 8105344/20650707, 47727760/20650707, 78858880/20650707, 
                  0, 0 ], 
              [ 0, 0, -15081868/103253535, -16210688/20650707, 
                  -22949120/20650707, 0, 0 ], 
              [ 0, 0, 0, 0, 0, 16476/1987675, -30672/1987675 ], 
              [ 0, 0, 0, 0, 0, -58149/1987675, 166428/1987675 ] ],
          cubicSpaceVerified := true,
          exactVerificationPassed := true,
          exemptionReasons := [  ],
          familyDimension := 2,
          fullIndex := 4,
          generatorImages := 
           [ 
              [ [ -25/101, 72/101, 0, 0, 0, 0 ], 
                  [ 133/101, 25/101, 0, 0, 0, 0 ], 
                  [ 0, 0, -21/11*E(4), 80/11*E(4), 0, 0 ], 
                  [ 0, 0, -4/11*E(4), 21/11*E(4), 0, 0 ], 
                  [ 0, 0, 0, 0, 0, 4/3*E(12)^7 ], 
                  [ 0, 0, 0, 0, -3/4*E(3)^2, 0 ] ], 
              [ [ 1, 0, 0, 0, 0, 0 ], [ 0, 1, 0, 0, 0, 0 ], 
                  [ 0, 0, 1, 0, 0, 0 ], [ 0, 0, 0, 1, 0, 0 ], 
                  [ 0, 0, 0, 0, -1, 0 ], [ 0, 0, 0, 0, 0, 1 ] ], 
              [ [ 1, 0, 0, 0, 0, 0 ], [ 0, 1, 0, 0, 0, 0 ], 
                  [ 0, 0, -1, 0, 0, 0 ], [ 0, 0, 0, -1, 0, 0 ], 
                  [ 0, 0, 0, 0, -E(4), 0 ], [ 0, 0, 0, 0, 0, -E(4) ] ], 
              [ [ 1, 0, 0, 0, 0, 0 ], [ 0, 1, 0, 0, 0, 0 ], 
                  [ 0, 0, 1, 0, 0, 0 ], [ 0, 0, 0, 1, 0, 0 ], 
                  [ 0, 0, 0, 0, -1, 0 ], [ 0, 0, 0, 0, 0, -1 ] ], 
              [ [ E(3), 0, 0, 0, 0, 0 ], [ 0, E(3), 0, 0, 0, 0 ], 
                  [ 0, 0, E(3), 0, 0, 0 ], [ 0, 0, 0, E(3), 0, 0 ], 
                  [ 0, 0, 0, 0, E(3), 0 ], [ 0, 0, 0, 0, 0, E(3) ] ] ],
          groupOrder := 48,
          groupOrderVerified := true,
          invariantDimension := 7,
          invariantDimensionVerified := true,
          linearGroupId := [ 48, 24 ],
          projectiveGroupId := [ 16, 6 ],
          proofType := 
           "complete abstract-automorphism character match with exact intertwi\
ner",
          rankS := 14,
          runtimeMilliseconds := 1000,
          scalarCompatibleAutomorphisms := 2,
          sourceCategory := "small_nonabelian",
          sourceKey := "small-nonabelian-C4-PGL-16-6-index-4-dimension-2",
          status := "self_conjugate",
          storedInvariantDimension := 7,
          symplecticPart := "C4",
          verificationKind := "exact_matrix_and_cubic_space",
          witnessVerified := true ), rec(
          automorphismsTested := 0,
          cataloguePosition := 58,
          characterCompatibleAutomorphisms := 0,
          conjugatingMatrix := 
           [ [ 1, 0, 0, 0, 0, 0 ], [ 0, 1, 0, 0, 0, 0 ], [ 0, 0, 1, 0, 0, 0 ],
              [ 0, 0, 0, 1, 0, 0 ], [ 0, 0, 0, 0, 1, 0 ], 
              [ 0, 0, 0, 0, 0, 1 ] ],
          cubicBasisMap := 
           [ [ 1, 0, 0, 0, 0, 0, 0, 0, 0, 0 ], 
              [ 0, 1, 0, 0, 0, 0, 0, 0, 0, 0 ], 
              [ 0, 0, 1, 0, 0, 0, 0, 0, 0, 0 ], 
              [ 0, 0, 0, 1, 0, 0, 0, 0, 0, 0 ], 
              [ 0, 0, 0, 0, 1, 0, 0, 0, 0, 0 ], 
              [ 0, 0, 0, 0, 0, 1, 0, 0, 0, 0 ], 
              [ 0, 0, 0, 0, 0, 0, 1, 0, 0, 0 ], 
              [ 0, 0, 0, 0, 0, 0, 0, 1, 0, 0 ], 
              [ 0, 0, 0, 0, 0, 0, 0, 0, 1, 0 ], 
              [ 0, 0, 0, 0, 0, 0, 0, 0, 0, 1 ] ],
          cubicSpaceVerified := true,
          exactVerificationPassed := true,
          exemptionReasons := [  ],
          familyDimension := 2,
          fullIndex := 6,
          generatorImages := 
           [ 
              [ [ E(3), 0, 0, 0, 0, 0 ], [ 0, E(3), 0, 0, 0, 0 ], 
                  [ 0, 0, E(3), 0, 0, 0 ], [ 0, 0, 0, E(3), 0, 0 ], 
                  [ 0, 0, 0, 0, E(3), 0 ], [ 0, 0, 0, 0, 0, E(3) ] ], 
              [ [ 1, 0, 0, 0, 0, 0 ], [ 0, 1, 0, 0, 0, 0 ], 
                  [ 0, 0, 1, 0, 0, 0 ], [ 0, 0, 0, 1, 0, 0 ], 
                  [ 0, 0, 0, 0, 1, 0 ], [ 0, 0, 0, 0, 0, E(3)^2 ] ], 
              [ [ E(3), 0, 0, 0, 0, 0 ], [ 0, E(3), 0, 0, 0, 0 ], 
                  [ 0, 0, 1, 0, 0, 0 ], [ 0, 0, 0, 1, 0, 0 ], 
                  [ 0, 0, 0, 0, E(3)^2, 0 ], [ 0, 0, 0, 0, 0, E(3)^2 ] ], 
              [ [ -1, 0, 0, 0, 0, 0 ], [ 0, 1, 0, 0, 0, 0 ], 
                  [ 0, 0, 1, 0, 0, 0 ], [ 0, 0, 0, 1, 0, 0 ], 
                  [ 0, 0, 0, 0, 1, 0 ], [ 0, 0, 0, 0, 0, 1 ] ] ],
          groupOrder := 54,
          groupOrderVerified := true,
          invariantDimension := 10,
          invariantDimensionVerified := true,
          linearGroupId := [ 54, 15 ],
          projectiveGroupId := [ 18, 5 ],
          proofType := 
           "source group equals its conjugate in the stored coordinates",
          rankS := 12,
          runtimeMilliseconds := 328,
          scalarCompatibleAutomorphisms := 0,
          sourceCategory := "liftable_abelian",
          sourceKey := "liftable-abelian-C3-PGL-18-5-index-6-dimension-2",
          status := "self_conjugate",
          storedInvariantDimension := 10,
          symplecticPart := "C3",
          verificationKind := "exact_matrix_and_cubic_space",
          witnessVerified := true ), rec(
          automorphismsTested := 0,
          cataloguePosition := 59,
          characterCompatibleAutomorphisms := 0,
          conjugatingMatrix := 
           [ [ 1, 0, 0, 0, 0, 0 ], [ 0, 1, 0, 0, 0, 0 ], [ 0, 0, 1, 0, 0, 0 ],
              [ 0, 0, 0, 1, 0, 0 ], [ 0, 0, 0, 0, 1, 0 ], 
              [ 0, 0, 0, 0, 0, 1 ] ],
          cubicBasisMap := 
           [ [ 1, 0, 0, 0, 0, 0 ], [ 0, 1, 0, 0, 0, 0 ], [ 0, 0, 1, 0, 0, 0 ],
              [ 0, 0, 0, 1, 0, 0 ], [ 0, 0, 0, 0, 1, 0 ], 
              [ 0, 0, 0, 0, 0, 1 ] ],
          cubicSpaceVerified := true,
          exactVerificationPassed := true,
          exemptionReasons := [  ],
          familyDimension := 2,
          fullIndex := 3,
          generatorImages := 
           [ 
              [ [ 0, 1, 0, 0, 0, 0 ], [ 1, 0, 0, 0, 0, 0 ], 
                  [ 0, 0, 1, 0, 0, 0 ], [ 0, 0, 0, 0, 1, 0 ], 
                  [ 0, 0, 0, 1, 0, 0 ], [ 0, 0, 0, 0, 0, 1 ] ], 
              [ [ E(3)^2, 0, 0, 0, 0, 0 ], [ 0, E(3)^2, 0, 0, 0, 0 ], 
                  [ 0, 0, E(3)^2, 0, 0, 0 ], 
                  [ -1/3*E(3)-5/3*E(3)^2, 2/3*E(3)+1/3*E(3)^2, 
                      2/3*E(3)+1/3*E(3)^2, -1/3*E(3)-2/3*E(3)^2, 
                      2/3*E(3)+1/3*E(3)^2, 2/3*E(3)+1/3*E(3)^2 ], 
                  [ 2/3*E(3)+1/3*E(3)^2, -1/3*E(3)-5/3*E(3)^2, 
                      2/3*E(3)+1/3*E(3)^2, 2/3*E(3)+1/3*E(3)^2, 
                      -1/3*E(3)-2/3*E(3)^2, 2/3*E(3)+1/3*E(3)^2 ], 
                  [ 2/3*E(3)+1/3*E(3)^2, 2/3*E(3)+1/3*E(3)^2, 
                      -1/3*E(3)-5/3*E(3)^2, 2/3*E(3)+1/3*E(3)^2, 
                      2/3*E(3)+1/3*E(3)^2, -1/3*E(3)-2/3*E(3)^2 ] ], 
              [ [ 0, 1, 0, 0, 0, 0 ], [ 0, 0, 1, 0, 0, 0 ], 
                  [ 1, 0, 0, 0, 0, 0 ], [ 0, 0, 0, 0, 1, 0 ], 
                  [ 0, 0, 0, 0, 0, 1 ], [ 0, 0, 0, 1, 0, 0 ] ], 
              [ [ E(3), 0, 0, 0, 0, 0 ], [ 0, E(3), 0, 0, 0, 0 ], 
                  [ 0, 0, E(3), 0, 0, 0 ], [ 0, 0, 0, E(3), 0, 0 ], 
                  [ 0, 0, 0, 0, E(3), 0 ], [ 0, 0, 0, 0, 0, E(3) ] ] ],
          groupOrder := 54,
          groupOrderVerified := true,
          invariantDimension := 6,
          invariantDimensionVerified := true,
          linearGroupId := [ 54, 12 ],
          projectiveGroupId := [ 18, 3 ],
          proofType := 
           "source group equals its conjugate in the stored coordinates",
          rankS := 14,
          runtimeMilliseconds := 172,
          scalarCompatibleAutomorphisms := 0,
          sourceCategory := "small_nonabelian",
          sourceKey := 
           "small-nonabelian-S3-PGL-18-3-index-3-dimension-2-representation-2"
           ,
          status := "self_conjugate",
          storedInvariantDimension := 6,
          symplecticPart := "S3",
          verificationKind := "exact_matrix_and_cubic_space",
          witnessVerified := true ), rec(
          automorphismsTested := 0,
          cataloguePosition := 60,
          characterCompatibleAutomorphisms := 0,
          conjugatingMatrix := 
           [ [ 1, 0, 0, 0, 0, 0 ], [ 0, 1, 0, 0, 0, 0 ], [ 0, 0, 1, 0, 0, 0 ],
              [ 0, 0, 0, 1, 0, 0 ], [ 0, 0, 0, 0, 1, 0 ], 
              [ 0, 0, 0, 0, 0, 1 ] ],
          cubicBasisMap := 
           [ [ 1, 0, 0, 0, 0, 0 ], [ 0, 1, 0, 0, 0, 0 ], [ 0, 0, 1, 0, 0, 0 ],
              [ 0, 0, 0, 1, 0, 0 ], [ 0, 0, 0, 0, 1, 0 ], 
              [ 0, 0, 0, 0, 0, 1 ] ],
          cubicSpaceVerified := true,
          exactVerificationPassed := true,
          exemptionReasons := [  ],
          familyDimension := 2,
          fullIndex := 2,
          generatorImages := 
           [ 
              [ [ 1, 0, 0, 0, 0, 0 ], [ 0, 1, 0, 0, 0, 0 ], 
                  [ 0, 0, 0, 0, 0, 1 ], [ 0, 0, 0, 0, 1, 0 ], 
                  [ 0, 0, 0, 1, 0, 0 ], [ 0, 0, 1, 0, 0, 0 ] ], 
              [ [ -1, 0, 0, 0, 0, 0 ], [ 2, 1, 0, 0, 0, 0 ], 
                  [ 0, 0, 1, 0, 0, 0 ], [ 0, 0, 0, 1, 0, 0 ], 
                  [ 0, 0, 0, 0, 1, 0 ], [ 0, 0, 0, 0, 0, 1 ] ], 
              [ [ 1, 0, 0, 0, 0, 0 ], [ 0, 1, 0, 0, 0, 0 ], 
                  [ 0, 0, E(5), 0, 0, 0 ], [ 0, 0, 0, E(5)^2, 0, 0 ], 
                  [ 0, 0, 0, 0, E(5)^3, 0 ], [ 0, 0, 0, 0, 0, E(5)^4 ] ], 
              [ [ E(3), 0, 0, 0, 0, 0 ], [ 0, E(3), 0, 0, 0, 0 ], 
                  [ 0, 0, E(3), 0, 0, 0 ], [ 0, 0, 0, E(3), 0, 0 ], 
                  [ 0, 0, 0, 0, E(3), 0 ], [ 0, 0, 0, 0, 0, E(3) ] ] ],
          groupOrder := 60,
          groupOrderVerified := true,
          invariantDimension := 6,
          invariantDimensionVerified := true,
          linearGroupId := [ 60, 10 ],
          projectiveGroupId := [ 20, 4 ],
          proofType := 
           "source group equals its conjugate in the stored coordinates",
          rankS := 16,
          runtimeMilliseconds := 438,
          scalarCompatibleAutomorphisms := 0,
          sourceCategory := "rank_at_least_15",
          sourceKey := "rank-at-least-15-D_10-PGL-20-4-index-2-dimension-2",
          status := "self_conjugate",
          storedInvariantDimension := 6,
          symplecticPart := "D_10",
          verificationKind := "exact_matrix_and_cubic_space",
          witnessVerified := true ), rec(
          cataloguePosition := 61,
          conjugatingMatrix := fail,
          cubicBasisMap := fail,
          cubicSpaceVerified := fail,
          exemptionReasons := [ "connected symplectic family" ],
          familyDimension := 2,
          fullIndex := 1,
          generatorImages := fail,
          groupOrder := 60,
          invariantDimension := 5,
          invariantDimensionVerified := fail,
          linearGroupId := [ 60, 6 ],
          projectiveGroupId := [ 20, 0 ],
          proofType := "theoretical exemption requested for this catalogue",
          rankS := 18,
          runtimeMilliseconds := 0,
          sourceCategory := "rank_at_least_15",
          sourceKey := "rank-at-least-15-Hol_5-PGL-20-0-index-1-dimension-2",
          status := "self_conjugate_by_theory",
          symplecticPart := "Hol_5",
          verificationKind := "theoretical_exemption",
          witnessVerified := fail ), rec(
          cataloguePosition := 62,
          conjugatingMatrix := fail,
          cubicBasisMap := fail,
          cubicSpaceVerified := fail,
          exemptionReasons := 
           [ "connected symplectic family", 
              "projective group order divisible by 7" ],
          familyDimension := 2,
          fullIndex := 1,
          generatorImages := fail,
          groupOrder := 63,
          invariantDimension := 4,
          invariantDimensionVerified := fail,
          linearGroupId := [ 63, 3 ],
          projectiveGroupId := [ 21, 0 ],
          proofType := "theoretical exemption requested for this catalogue",
          rankS := 18,
          runtimeMilliseconds := 0,
          sourceCategory := "rank_at_least_15",
          sourceKey := "rank-at-least-15-F_21-PGL-21-0-index-1-dimension-2",
          status := "self_conjugate_by_theory",
          symplecticPart := "F_21",
          verificationKind := "theoretical_exemption",
          witnessVerified := fail ), rec(
          automorphismsTested := 0,
          cataloguePosition := 63,
          characterCompatibleAutomorphisms := 0,
          conjugatingMatrix := 
           [ [ 1, 0, 0, 0, 0, 0 ], [ 0, 1, 0, 0, 0, 0 ], [ 0, 0, 1, 0, 0, 0 ],
              [ 0, 0, 0, 1, 0, 0 ], [ 0, 0, 0, 0, 1, 0 ], 
              [ 0, 0, 0, 0, 0, 1 ] ],
          cubicBasisMap := 
           [ [ 1, 0, 0, 0, 0, 0 ], [ 0, 1, 0, 0, 0, 0 ], [ 0, 0, 1, 0, 0, 0 ],
              [ 0, 0, 0, 1, 0, 0 ], [ 0, 0, 0, 0, 1, 0 ], 
              [ 0, 0, 0, 0, 0, 1 ] ],
          cubicSpaceVerified := true,
          exactVerificationPassed := true,
          exemptionReasons := [  ],
          familyDimension := 2,
          fullIndex := 2,
          generatorImages := 
           [ 
              [ [ 0, 0, 1, 0, 0, 0 ], [ 0, 0, 0, -1, 0, 0 ], 
                  [ 1, 0, 0, 0, 0, 0 ], [ 0, -1, 0, 0, 0, 0 ], 
                  [ 0, 0, 0, 0, -1, 0 ], [ 0, 0, 0, 0, 2, 1 ] ], 
              [ [ 1, 0, 0, 0, 0, 0 ], [ 0, -1, 0, 0, 0, 0 ], 
                  [ 0, 0, 1, 0, 0, 0 ], [ 0, 0, 0, -1, 0, 0 ], 
                  [ 0, 0, 0, 0, 1, 0 ], [ 0, 0, 0, 0, 0, 1 ] ], 
              [ [ 1, 0, 0, 0, 0, 0 ], [ 0, 1, 0, 0, 0, 0 ], 
                  [ 0, 0, 1, 0, 0, 0 ], [ 0, 0, 0, 1, 0, 0 ], 
                  [ 0, 0, 0, 0, -1, 0 ], [ 0, 0, 0, 0, 2, 1 ] ], 
              [ [ E(3)^2, 0, 0, 0, 0, 0 ], [ 0, E(3)^2, 0, 0, 0, 0 ], 
                  [ 0, 0, E(3), 0, 0, 0 ], [ 0, 0, 0, E(3), 0, 0 ], 
                  [ 0, 0, 0, 0, 1, 0 ], [ 0, 0, 0, 0, 0, 1 ] ], 
              [ [ E(3), 0, 0, 0, 0, 0 ], [ 0, E(3), 0, 0, 0, 0 ], 
                  [ 0, 0, E(3), 0, 0, 0 ], [ 0, 0, 0, E(3), 0, 0 ], 
                  [ 0, 0, 0, 0, E(3), 0 ], [ 0, 0, 0, 0, 0, E(3) ] ] ],
          groupOrder := 72,
          groupOrderVerified := true,
          invariantDimension := 6,
          invariantDimensionVerified := true,
          linearGroupId := [ 72, 48 ],
          projectiveGroupId := [ 24, 14 ],
          proofType := 
           "source group equals its conjugate in the stored coordinates",
          rankS := 16,
          runtimeMilliseconds := 438,
          scalarCompatibleAutomorphisms := 0,
          sourceCategory := "rank_at_least_15",
          sourceKey := "rank-at-least-15-D_12-PGL-24-14-index-2-dimension-2",
          status := "self_conjugate",
          storedInvariantDimension := 6,
          symplecticPart := "D_12",
          verificationKind := "exact_matrix_and_cubic_space",
          witnessVerified := true ), rec(
          automorphismsTested := 0,
          cataloguePosition := 64,
          characterCompatibleAutomorphisms := 0,
          conjugatingMatrix := 
           [ [ 1, 0, 0, 0, 0, 0 ], [ 0, 1, 0, 0, 0, 0 ], [ 0, 0, 1, 0, 0, 0 ],
              [ 0, 0, 0, 1, 0, 0 ], [ 0, 0, 0, 0, 1, 0 ], 
              [ 0, 0, 0, 0, 0, 1 ] ],
          cubicBasisMap := 
           [ [ 1, 0, 0, 0, 0, 0, 0, 0 ], [ 0, 1, 0, 0, 0, 0, 0, 0 ], 
              [ 0, 0, 1, 0, 0, 0, 0, 0 ], [ 0, 0, 0, 1, 0, 0, 0, 0 ], 
              [ 0, 0, 0, 0, 1, 0, 0, 0 ], [ 0, 0, 0, 0, 0, 1, 0, 0 ], 
              [ 0, 0, 0, 0, 0, 0, 1, 0 ], [ 0, 0, 0, 0, 0, 0, 0, 1 ] ],
          cubicSpaceVerified := true,
          exactVerificationPassed := true,
          exemptionReasons := [  ],
          familyDimension := 2,
          fullIndex := 2,
          generatorImages := 
           [ 
              [ [ 0, 0, E(3), 0, 0, 0 ], [ 0, 0, 0, E(3), 0, 0 ], 
                  [ E(3)^2, 0, 0, 0, 0, 0 ], [ 0, E(3)^2, 0, 0, 0, 0 ], 
                  [ 0, 0, 0, 0, 1, 0 ], [ 0, 0, 0, 0, 0, 1 ] ], 
              [ [ 1, 0, 0, 0, 0, 0 ], [ 0, 1, 0, 0, 0, 0 ], 
                  [ 0, 0, 1, 0, 0, 0 ], [ 0, 0, 0, -1, 0, 0 ], 
                  [ 0, 0, 0, 0, 1, 0 ], [ 0, 0, 0, 0, 0, 1 ] ], 
              [ [ 1, 0, 0, 0, 0, 0 ], [ 0, -1, 0, 0, 0, 0 ], 
                  [ 0, 0, 1, 0, 0, 0 ], [ 0, 0, 0, -1, 0, 0 ], 
                  [ 0, 0, 0, 0, 1, 0 ], [ 0, 0, 0, 0, 0, 1 ] ], 
              [ [ E(3), 0, 0, 0, 0, 0 ], [ 0, E(3), 0, 0, 0, 0 ], 
                  [ 0, 0, E(3)^2, 0, 0, 0 ], [ 0, 0, 0, E(3)^2, 0, 0 ], 
                  [ 0, 0, 0, 0, 1, 0 ], [ 0, 0, 0, 0, 0, 1 ] ], 
              [ [ E(3), 0, 0, 0, 0, 0 ], [ 0, E(3), 0, 0, 0, 0 ], 
                  [ 0, 0, E(3), 0, 0, 0 ], [ 0, 0, 0, E(3), 0, 0 ], 
                  [ 0, 0, 0, 0, E(3), 0 ], [ 0, 0, 0, 0, 0, E(3) ] ] ],
          groupOrder := 72,
          groupOrderVerified := true,
          invariantDimension := 8,
          invariantDimensionVerified := true,
          linearGroupId := [ 72, 30 ],
          projectiveGroupId := [ 24, 8 ],
          proofType := 
           "source group equals its conjugate in the stored coordinates",
          rankS := 16,
          runtimeMilliseconds := 344,
          scalarCompatibleAutomorphisms := 0,
          sourceCategory := "rank_at_least_15",
          sourceKey := "rank-at-least-15-D_12-PGL-24-8-index-2-dimension-2",
          status := "self_conjugate",
          storedInvariantDimension := 8,
          symplecticPart := "D_12",
          verificationKind := "exact_matrix_and_cubic_space",
          witnessVerified := true ), rec(
          automorphismsTested := 0,
          cataloguePosition := 65,
          characterCompatibleAutomorphisms := 0,
          conjugatingMatrix := 
           [ [ 1, 0, 0, 0, 0, 0 ], [ 0, 1, 0, 0, 0, 0 ], [ 0, 0, 1, 0, 0, 0 ],
              [ 0, 0, 0, 1, 0, 0 ], [ 0, 0, 0, 0, 1, 0 ], 
              [ 0, 0, 0, 0, 0, 1 ] ],
          cubicBasisMap := 
           [ [ 1, 0, 0, 0, 0, 0, 0, 0, 0, 0 ], 
              [ 0, 1, 0, 0, 0, 0, 0, 0, 0, 0 ], 
              [ 0, 0, 1, 0, 0, 0, 0, 0, 0, 0 ], 
              [ 0, 0, 0, 1, 0, 0, 0, 0, 0, 0 ], 
              [ 0, 0, 0, 0, 1, 0, 0, 0, 0, 0 ], 
              [ 0, 0, 0, 0, 0, 1, 0, 0, 0, 0 ], 
              [ 0, 0, 0, 0, 0, 0, 1, 0, 0, 0 ], 
              [ 0, 0, 0, 0, 0, 0, 0, 1, 0, 0 ], 
              [ 0, 0, 0, 0, 0, 0, 0, 0, 1, 0 ], 
              [ 0, 0, 0, 0, 0, 0, 0, 0, 0, 1 ] ],
          cubicSpaceVerified := true,
          exactVerificationPassed := true,
          exemptionReasons := [  ],
          familyDimension := 2,
          fullIndex := 12,
          generatorImages := 
           [ 
              [ [ E(3), 0, 0, 0, 0, 0 ], [ 0, E(3), 0, 0, 0, 0 ], 
                  [ 0, 0, E(3), 0, 0, 0 ], [ 0, 0, 0, E(3), 0, 0 ], 
                  [ 0, 0, 0, 0, E(3), 0 ], [ 0, 0, 0, 0, 0, E(3) ] ], 
              [ [ 1, 0, 0, 0, 0, 0 ], [ 0, 1, 0, 0, 0, 0 ], 
                  [ 0, 0, 1, 0, 0, 0 ], [ 0, 0, 0, -1, 0, 0 ], 
                  [ 0, 0, 0, 0, 1, 0 ], [ 0, 0, 0, 0, 0, 1 ] ], 
              [ [ E(3), 0, 0, 0, 0, 0 ], [ 0, E(3), 0, 0, 0, 0 ], 
                  [ 0, 0, E(3), 0, 0, 0 ], [ 0, 0, 0, E(3), 0, 0 ], 
                  [ 0, 0, 0, 0, E(3), 0 ], [ 0, 0, 0, 0, 0, 1 ] ], 
              [ [ -E(4), 0, 0, 0, 0, 0 ], [ 0, -1, 0, 0, 0, 0 ], 
                  [ 0, 0, 1, 0, 0, 0 ], [ 0, 0, 0, 1, 0, 0 ], 
                  [ 0, 0, 0, 0, 1, 0 ], [ 0, 0, 0, 0, 0, 1 ] ], 
              [ [ -1, 0, 0, 0, 0, 0 ], [ 0, 1, 0, 0, 0, 0 ], 
                  [ 0, 0, 1, 0, 0, 0 ], [ 0, 0, 0, 1, 0, 0 ], 
                  [ 0, 0, 0, 0, 1, 0 ], [ 0, 0, 0, 0, 0, 1 ] ] ],
          groupOrder := 72,
          groupOrderVerified := true,
          invariantDimension := 10,
          invariantDimensionVerified := true,
          linearGroupId := [ 72, 36 ],
          projectiveGroupId := [ 24, 9 ],
          proofType := 
           "source group equals its conjugate in the stored coordinates",
          rankS := 8,
          runtimeMilliseconds := 282,
          scalarCompatibleAutomorphisms := 0,
          sourceCategory := "liftable_abelian",
          sourceKey := "liftable-abelian-C2-PGL-24-9-index-12-dimension-2",
          status := "self_conjugate",
          storedInvariantDimension := 10,
          symplecticPart := "C2",
          verificationKind := "exact_matrix_and_cubic_space",
          witnessVerified := true ), rec(
          automorphismsTested := 42,
          cataloguePosition := 66,
          characterCompatibleAutomorphisms := 1,
          conjugatingMatrix := 
           [ [ 12268/1569, 444/523, -3, 0, 0, 0 ], 
              [ -282232/51777, -6978/5753, 2, 0, 0, 0 ], 
              [ 336388/51777, 3742/5753, -3, 0, 0, 0 ], 
              [ 0, 0, 0, 0, 24/7, 0 ], [ 0, 0, 0, 21/8, 0, 0 ], 
              [ 0, 0, 0, 0, 0, 3 ] ],
          cubicBasisMap := 
           [ [ 1/27, 0, 0, 0, 0, 0 ], 
              [ 0, -1/216*E(3)-1/108*E(3)^2, 40/189*E(3)+272/1323*E(3)^2, 0, 
                  0, 0 ], 
              [ 0, 833/6912*E(3)+1715/13824*E(3)^2, -1/108*E(3)-1/216*E(3)^2, 
                  0, 0, 0 ], 
              [ 0, 0, 0, -16543951/3347200, 248169/167360, -8296383/13388800 ]
                , [ 0, 0, 0, 137121/209200, -86203/20920, 177393/836800 ], 
              [ 0, 0, 0, 6679073/334720, -381895/16736, 4061649/1338880 ] ],
          cubicSpaceVerified := true,
          exactVerificationPassed := true,
          exemptionReasons := [  ],
          familyDimension := 2,
          fullIndex := 6,
          generatorImages := 
           [ 
              [ [ -1037/523, -156/523, 546/523, 0, 0, 0 ], 
                  [ 2960/1569, 1865/1569, -1036/1569, 0, 0, 0 ], 
                  [ -3560/1569, -356/1569, 2815/1569, 0, 0, 0 ], 
                  [ 0, 0, 0, 1, 0, 0 ], [ 0, 0, 0, 0, 1, 0 ], 
                  [ 0, 0, 0, 0, 0, 1 ] ], 
              [ 
                  [ 40/523*E(3)+483/523*E(3)^2, -45/523*E(3)+45/523*E(3)^2, 
                      -90/523*E(3)+90/523*E(3)^2, 0, 0, 0 ], 
                  [ -1256/1569*E(3)+1256/1569*E(3)^2, 
                      471/523*E(3)+52/523*E(3)^2, 942/523*E(3)-942/523*E(3)^2,
                      0, 0, 0 ], 
                  [ -16/1569*E(3)+16/1569*E(3)^2, 6/523*E(3)-6/523*E(3)^2, 
                      12/523*E(3)+511/523*E(3)^2, 0, 0, 0 ], 
                  [ 0, 0, 0, 0, 0, 2/7*E(3)^2 ], 
                  [ 0, 0, 0, 7/8*E(3)^2, 0, 0 ], [ 0, 0, 0, 0, 4*E(3)^2, 0 ] ]
                , 
              [ [ 1, 0, 0, 0, 0, 0 ], [ 0, 1, 0, 0, 0, 0 ], 
                  [ 0, 0, 1, 0, 0, 0 ], [ 0, 0, 0, 1, 0, 0 ], 
                  [ 0, 0, 0, 0, -1, 0 ], [ 0, 0, 0, 0, 0, -1 ] ], 
              [ [ 1, 0, 0, 0, 0, 0 ], [ 0, 1, 0, 0, 0, 0 ], 
                  [ 0, 0, 1, 0, 0, 0 ], [ 0, 0, 0, -1, 0, 0 ], 
                  [ 0, 0, 0, 0, -1, 0 ], [ 0, 0, 0, 0, 0, 1 ] ], 
              [ [ E(3), 0, 0, 0, 0, 0 ], [ 0, E(3), 0, 0, 0, 0 ], 
                  [ 0, 0, E(3), 0, 0, 0 ], [ 0, 0, 0, E(3), 0, 0 ], 
                  [ 0, 0, 0, 0, E(3), 0 ], [ 0, 0, 0, 0, 0, E(3) ] ] ],
          groupOrder := 72,
          groupOrderVerified := true,
          invariantDimension := 6,
          invariantDimensionVerified := true,
          linearGroupId := [ 72, 47 ],
          projectiveGroupId := [ 24, 13 ],
          proofType := 
           "complete abstract-automorphism character match with exact intertwi\
ner",
          rankS := 12,
          runtimeMilliseconds := 516,
          scalarCompatibleAutomorphisms := 18,
          sourceCategory := "small_nonabelian",
          sourceKey := "small-nonabelian-C2^2-PGL-24-13-index-6-dimension-2",
          status := "self_conjugate",
          storedInvariantDimension := 6,
          symplecticPart := "C2^2",
          verificationKind := "exact_matrix_and_cubic_space",
          witnessVerified := true ), rec(
          automorphismsTested := 2,
          cataloguePosition := 67,
          characterCompatibleAutomorphisms := 1,
          conjugatingMatrix := 
           [ [ 236209/120813, -118593/80542, -3, 0, 0, 0 ], 
              [ -472331/1087317, 126230/120813, -1, 0, 0, 0 ], 
              [ 444074/155331, -33823/34518, -3, 0, 0, 0 ], 
              [ 0, 0, 0, 0, 6/7*E(3)^2, 0 ], [ 0, 0, 0, 21/2*E(3), 0, 0 ], 
              [ 0, 0, 0, 0, 0, 3 ] ],
          cubicBasisMap := 
           [ 
              [ 11636/87945, 2368/19305*E(9)^4-749648/791505*E(9)^7, 
                  -2998592/38783745*E(9)^2+9472/945945*E(9)^5, 0, 0, 0 ], 
              [ 46853/12664080*E(9)^4+4811/1151280*E(9)^7, 
                  4811/71955*E(9)^2+46853/791505*E(9)^5, 46544/4309305*E(3), 
                  0, 0, 0 ], 
              [ 235739/4605120*E(9)^2+2295797/50656320*E(9)^5, 
                  142541/87945*E(3)^2, 46853/791505*E(9)^4+4811/71955*E(9)^7, 
                  0, 0, 0 ], 
              [ 0, 0, 0, 56341092507107/17528554082325, 
                  -11223714539944/2247250523375, 
                  20766250979003/29214256803875 ], 
              [ 0, 0, 0, -37148161558447/17528554082325, 
                  6788609008514/2247250523375, -13084442571793/29214256803875 
                 ], 
              [ 0, 0, 0, -1541503597796311/52585662246975, 
                  284706551291698/6741751570125, 
                  -546461213867581/87642770411625 ] ],
          cubicSpaceVerified := true,
          exactVerificationPassed := true,
          exemptionReasons := [  ],
          familyDimension := 2,
          fullIndex := 6,
          generatorImages := 
           [ 
              [ [ 1, 0, 0, 0, 0, 0 ], [ 0, 1, 0, 0, 0, 0 ], 
                  [ 0, 0, 1, 0, 0, 0 ], [ 0, 0, 0, -1, 0, 0 ], 
                  [ 0, 0, 0, 0, -1, 0 ], [ 0, 0, 0, 0, 0, -1 ] ], 
              [ 
                  [ -337/523*E(9)^2+740/523*E(9)^5, 12/523*E(9)^2+123/523*E(9)^5,
                      453/523*E(9)^2-183/523*E(9)^5, 0, 0, 0 ], 
                  [ 3992/1569*E(9)^2-224/1569*E(9)^5, 
                      -1109/1569*E(9)^2-1561/1569*E(9)^5, 
                      -6170/1569*E(9)^2-2308/1569*E(9)^5, 0, 0, 0 ], 
                  [ -1748/1569*E(9)^2+1796/1569*E(9)^5, 
                      -214/1569*E(9)^2+160/1569*E(9)^5, 
                      2120/1569*E(9)^2-659/1569*E(9)^5, 0, 0, 0 ], 
                  [ 0, 0, 0, 0, 0, -8/7*E(3)^2 ], [ 0, 0, 0, 7/2*E(3), 0, 0 ],
                  [ 0, 0, 0, 0, -1/4*E(3)^2, 0 ] ], 
              [ [ 1, 0, 0, 0, 0, 0 ], [ 0, 1, 0, 0, 0, 0 ], 
                  [ 0, 0, 1, 0, 0, 0 ], [ 0, 0, 0, 1, 0, 0 ], 
                  [ 0, 0, 0, 0, -1, 0 ], [ 0, 0, 0, 0, 0, -1 ] ], 
              [ [ 1, 0, 0, 0, 0, 0 ], [ 0, 1, 0, 0, 0, 0 ], 
                  [ 0, 0, 1, 0, 0, 0 ], [ 0, 0, 0, -1, 0, 0 ], 
                  [ 0, 0, 0, 0, -1, 0 ], [ 0, 0, 0, 0, 0, 1 ] ], 
              [ [ E(3), 0, 0, 0, 0, 0 ], [ 0, E(3), 0, 0, 0, 0 ], 
                  [ 0, 0, E(3), 0, 0, 0 ], [ 0, 0, 0, E(3), 0, 0 ], 
                  [ 0, 0, 0, 0, E(3), 0 ], [ 0, 0, 0, 0, 0, E(3) ] ] ],
          groupOrder := 72,
          groupOrderVerified := true,
          invariantDimension := 6,
          invariantDimensionVerified := true,
          linearGroupId := [ 72, 16 ],
          projectiveGroupId := [ 24, 13 ],
          proofType := 
           "complete abstract-automorphism character match with exact intertwi\
ner",
          rankS := 12,
          runtimeMilliseconds := 1704,
          scalarCompatibleAutomorphisms := 1,
          sourceCategory := "small_nonabelian",
          sourceKey := 
           "small-nonabelian-C2^2-PGL-24-13-index-6-dimension-2-representation\
-2",
          status := "self_conjugate",
          storedInvariantDimension := 6,
          symplecticPart := "C2^2",
          verificationKind := "exact_matrix_and_cubic_space",
          witnessVerified := true ), rec(
          automorphismsTested := 0,
          cataloguePosition := 68,
          characterCompatibleAutomorphisms := 0,
          conjugatingMatrix := 
           [ [ 1, 0, 0, 0, 0, 0 ], [ 0, 1, 0, 0, 0, 0 ], [ 0, 0, 1, 0, 0, 0 ],
              [ 0, 0, 0, 1, 0, 0 ], [ 0, 0, 0, 0, 1, 0 ], 
              [ 0, 0, 0, 0, 0, 1 ] ],
          cubicBasisMap := 
           [ [ 1, 0, 0, 0, 0, 0 ], [ 0, 1, 0, 0, 0, 0 ], [ 0, 0, 1, 0, 0, 0 ],
              [ 0, 0, 0, 1, 0, 0 ], [ 0, 0, 0, 0, 1, 0 ], 
              [ 0, 0, 0, 0, 0, 1 ] ],
          cubicSpaceVerified := true,
          exactVerificationPassed := true,
          exemptionReasons := [  ],
          familyDimension := 2,
          fullIndex := 3,
          generatorImages := 
           [ 
              [ [ 1, 0, 0, 0, 0, 0 ], [ 0, 1, 0, 0, 0, 0 ], 
                  [ 0, 0, 0, 0, 0, 1 ], [ 0, 0, 0, 0, 1, 0 ], 
                  [ 0, 0, 0, 1, 0, 0 ], [ 0, 0, 1, 0, 0, 0 ] ], 
              [ [ E(3)^2, 0, 0, 0, 0, 0 ], [ E(3)-E(3)^2, E(3), 0, 0, 0, 0 ], 
                  [ 0, 0, E(3)^2, 0, 0, 0 ], [ 0, 0, 0, E(3)^2, 0, 0 ], 
                  [ 0, 0, 0, 0, E(3)^2, 0 ], [ 0, 0, 0, 0, 0, E(3)^2 ] ], 
              [ [ 1, 0, 0, 0, 0, 0 ], [ 0, 1, 0, 0, 0, 0 ], 
                  [ 0, 0, E(5), 0, 0, 0 ], [ 0, 0, 0, E(5)^2, 0, 0 ], 
                  [ 0, 0, 0, 0, E(5)^3, 0 ], [ 0, 0, 0, 0, 0, E(5)^4 ] ], 
              [ [ E(3), 0, 0, 0, 0, 0 ], [ 0, E(3), 0, 0, 0, 0 ], 
                  [ 0, 0, E(3), 0, 0, 0 ], [ 0, 0, 0, E(3), 0, 0 ], 
                  [ 0, 0, 0, 0, E(3), 0 ], [ 0, 0, 0, 0, 0, E(3) ] ] ],
          groupOrder := 90,
          groupOrderVerified := true,
          invariantDimension := 6,
          invariantDimensionVerified := true,
          linearGroupId := [ 90, 5 ],
          projectiveGroupId := [ 30, 2 ],
          proofType := 
           "source group equals its conjugate in the stored coordinates",
          rankS := 16,
          runtimeMilliseconds := 547,
          scalarCompatibleAutomorphisms := 0,
          sourceCategory := "rank_at_least_15",
          sourceKey := "rank-at-least-15-D_10-PGL-30-2-index-3-dimension-2",
          status := "self_conjugate",
          storedInvariantDimension := 6,
          symplecticPart := "D_10",
          verificationKind := "exact_matrix_and_cubic_space",
          witnessVerified := true ), rec(
          automorphismsTested := 1612,
          cataloguePosition := 69,
          characterCompatibleAutomorphisms := 1,
          conjugatingMatrix := 
           [ [ 0, -1, -E(3)^2, -E(3), 0, -3 ], 
              [ -1, 0, -E(3), -E(3)^2, 0, -3 ], 
              [ -E(3)^2, -E(3), 0, -1, 0, -3 ], 
              [ -E(3), -E(3)^2, -1, 0, 0, -3 ], [ 0, 0, 0, 0, 4, 0 ], 
              [ -2, -2, -2, -2, 0, 0 ] ],
          cubicBasisMap := 
           [ [ 0, 0, 0, -3/256, -3/512, -1/512 ], [ 0, 1/64, 0, 0, 0, 0 ], 
              [ 0, 0, 0, 3/64, -1/128, -3/128 ], 
              [ -1/432, 0, 1/48, -1/32, 1/64, -1/64 ], 
              [ -1/144, 0, -1/48, 3/32, -3/64, 3/64 ], 
              [ -1/432, 0, -1/16, -3/32, 3/64, -3/64 ] ],
          cubicSpaceVerified := true,
          exactVerificationPassed := true,
          exemptionReasons := [  ],
          familyDimension := 2,
          fullIndex := 3,
          generatorImages := 
           [ 
              [ [ 0, E(3), 0, 0, 0, 0 ], [ 0, 0, E(3), 0, 0, 0 ], 
                  [ E(3), 0, 0, 0, 0, 0 ], [ 0, 0, 0, E(3), 0, 0 ], 
                  [ 0, 0, 0, 0, E(3)^2, 0 ], [ 0, 0, 0, 0, 0, 1 ] ], 
              [ [ E(3)^2, 0, 0, 0, 0, 0 ], [ 0, E(3)^2, 0, 0, 0, 0 ], 
                  [ 0, 0, E(3)^2, 0, 0, 0 ], [ 0, 0, 0, E(3)^2, 0, 0 ], 
                  [ 0, 0, 0, 0, E(3), 0 ], [ 0, 0, 0, 0, 0, E(3)^2 ] ], 
              [ [ 0, 0, 0, 1, 0, 0 ], [ 0, 0, 1, 0, 0, 0 ], 
                  [ 0, 1, 0, 0, 0, 0 ], [ 1, 0, 0, 0, 0, 0 ], 
                  [ 0, 0, 0, 0, 1, 0 ], [ 0, 0, 0, 0, 0, 1 ] ], 
              [ [ 0, 0, 1, 0, 0, 0 ], [ 0, 0, 0, 1, 0, 0 ], 
                  [ 1, 0, 0, 0, 0, 0 ], [ 0, 1, 0, 0, 0, 0 ], 
                  [ 0, 0, 0, 0, 1, 0 ], [ 0, 0, 0, 0, 0, 1 ] ], 
              [ [ E(3), 0, 0, 0, 0, 0 ], [ 0, E(3), 0, 0, 0, 0 ], 
                  [ 0, 0, E(3), 0, 0, 0 ], [ 0, 0, 0, E(3), 0, 0 ], 
                  [ 0, 0, 0, 0, E(3), 0 ], [ 0, 0, 0, 0, 0, E(3) ] ] ],
          groupOrder := 108,
          groupOrderVerified := true,
          invariantDimension := 6,
          invariantDimensionVerified := true,
          linearGroupId := [ 108, 41 ],
          projectiveGroupId := [ 36, 11 ],
          proofType := 
           "complete abstract-automorphism character match with exact intertwi\
ner",
          rankS := 16,
          runtimeMilliseconds := 953,
          scalarCompatibleAutomorphisms := 161,
          sourceCategory := "rank_at_least_15",
          sourceKey := "rank-at-least-15-A_4-PGL-36-11-index-3-dimension-2",
          status := "self_conjugate",
          storedInvariantDimension := 6,
          symplecticPart := "A_4",
          verificationKind := "exact_matrix_and_cubic_space",
          witnessVerified := true ), rec(
          automorphismsTested := 0,
          cataloguePosition := 70,
          characterCompatibleAutomorphisms := 0,
          conjugatingMatrix := 
           [ [ 1, 0, 0, 0, 0, 0 ], [ 0, 1, 0, 0, 0, 0 ], [ 0, 0, 1, 0, 0, 0 ],
              [ 0, 0, 0, 1, 0, 0 ], [ 0, 0, 0, 0, 1, 0 ], 
              [ 0, 0, 0, 0, 0, 1 ] ],
          cubicBasisMap := 
           [ [ 1, 0, 0, 0, 0, 0 ], [ 0, 1, 0, 0, 0, 0 ], [ 0, 0, 1, 0, 0, 0 ],
              [ 0, 0, 0, 1, 0, 0 ], [ 0, 0, 0, 0, 1, 0 ], 
              [ 0, 0, 0, 0, 0, 1 ] ],
          cubicSpaceVerified := true,
          exactVerificationPassed := true,
          exemptionReasons := [  ],
          familyDimension := 2,
          fullIndex := 3,
          generatorImages := 
           [ 
              [ [ 0, 0, E(3)^2, 0, 0, 0 ], [ 0, 0, 0, -E(3)^2, 0, 0 ], 
                  [ E(3), 0, 0, 0, 0, 0 ], [ 0, -E(3), 0, 0, 0, 0 ], 
                  [ 0, 0, 0, 0, 1, 0 ], [ 0, 0, 0, 0, 0, 1 ] ], 
              [ [ 1, 0, 0, 0, 0, 0 ], [ 0, -1, 0, 0, 0, 0 ], 
                  [ 0, 0, 1, 0, 0, 0 ], [ 0, 0, 0, -1, 0, 0 ], 
                  [ 0, 0, 0, 0, 1, 0 ], [ 0, 0, 0, 0, 0, 1 ] ], 
              [ [ E(3)^2, 0, 0, 0, 0, 0 ], [ 0, E(3)^2, 0, 0, 0, 0 ], 
                  [ 0, 0, E(3)^2, 0, 0, 0 ], [ 0, 0, 0, E(3)^2, 0, 0 ], 
                  [ 0, 0, 0, 0, E(3)^2, 0 ], 
                  [ 0, 0, 0, 0, E(3)-E(3)^2, E(3) ] ], 
              [ [ E(3), 0, 0, 0, 0, 0 ], [ 0, E(3), 0, 0, 0, 0 ], 
                  [ 0, 0, E(3)^2, 0, 0, 0 ], [ 0, 0, 0, E(3)^2, 0, 0 ], 
                  [ 0, 0, 0, 0, 1, 0 ], [ 0, 0, 0, 0, 0, 1 ] ], 
              [ [ E(3), 0, 0, 0, 0, 0 ], [ 0, E(3), 0, 0, 0, 0 ], 
                  [ 0, 0, E(3), 0, 0, 0 ], [ 0, 0, 0, E(3), 0, 0 ], 
                  [ 0, 0, 0, 0, E(3), 0 ], [ 0, 0, 0, 0, 0, E(3) ] ] ],
          groupOrder := 108,
          groupOrderVerified := true,
          invariantDimension := 6,
          invariantDimensionVerified := true,
          linearGroupId := [ 108, 42 ],
          projectiveGroupId := [ 36, 12 ],
          proofType := 
           "source group equals its conjugate in the stored coordinates",
          rankS := 16,
          runtimeMilliseconds := 454,
          scalarCompatibleAutomorphisms := 0,
          sourceCategory := "rank_at_least_15",
          sourceKey := "rank-at-least-15-D_12-PGL-36-12-index-3-dimension-2",
          status := "self_conjugate",
          storedInvariantDimension := 6,
          symplecticPart := "D_12",
          verificationKind := "exact_matrix_and_cubic_space",
          witnessVerified := true ), rec(
          automorphismsTested := 0,
          cataloguePosition := 71,
          characterCompatibleAutomorphisms := 0,
          conjugatingMatrix := 
           [ [ 1, 0, 0, 0, 0, 0 ], [ 0, 1, 0, 0, 0, 0 ], [ 0, 0, 1, 0, 0, 0 ],
              [ 0, 0, 0, 1, 0, 0 ], [ 0, 0, 0, 0, 1, 0 ], 
              [ 0, 0, 0, 0, 0, 1 ] ],
          cubicBasisMap := [ [ 1, 0, 0, 0 ], [ 0, 1, 0, 0 ], [ 0, 0, 1, 0 ], 
              [ 0, 0, 0, 1 ] ],
          cubicSpaceVerified := true,
          exactVerificationPassed := true,
          exemptionReasons := [  ],
          familyDimension := 2,
          fullIndex := 2,
          generatorImages := 
           [ 
              [ [ -1, 0, 0, 0, 0, 0 ], [ 0, -1, 0, 0, 0, 0 ], 
                  [ 0, 0, -1, 0, 0, 0 ], [ 2, 0, 0, 1, 0, 0 ], 
                  [ 0, 2, 0, 0, 1, 0 ], [ 0, 0, 2, 0, 0, 1 ] ], 
              [ [ 0, 0, E(3), 0, 0, 0 ], [ 0, 1, 0, 0, 0, 0 ], 
                  [ E(3)^2, 0, 0, 0, 0, 0 ], [ 0, 0, 0, 0, 0, E(3) ], 
                  [ 0, 0, 0, 0, 1, 0 ], [ 0, 0, 0, E(3)^2, 0, 0 ] ], 
              [ [ 0, E(3)^2, 0, 0, 0, 0 ], [ 0, 0, E(3)^2, 0, 0, 0 ], 
                  [ E(3)^2, 0, 0, 0, 0, 0 ], [ 0, 0, 0, 0, E(3)^2, 0 ], 
                  [ 0, 0, 0, 0, 0, E(3)^2 ], [ 0, 0, 0, E(3)^2, 0, 0 ] ], 
              [ [ 0, 0, E(3), 0, 0, 0 ], [ 1, 0, 0, 0, 0, 0 ], 
                  [ 0, E(3)^2, 0, 0, 0, 0 ], [ 0, 0, 0, 0, 0, E(3) ], 
                  [ 0, 0, 0, 1, 0, 0 ], [ 0, 0, 0, 0, E(3)^2, 0 ] ], 
              [ [ E(3), 0, 0, 0, 0, 0 ], [ 0, E(3), 0, 0, 0, 0 ], 
                  [ 0, 0, E(3), 0, 0, 0 ], [ 0, 0, 0, E(3), 0, 0 ], 
                  [ 0, 0, 0, 0, E(3), 0 ], [ 0, 0, 0, 0, 0, E(3) ] ] ],
          groupOrder := 108,
          groupOrderVerified := true,
          invariantDimension := 4,
          invariantDimensionVerified := true,
          linearGroupId := [ 108, 28 ],
          projectiveGroupId := [ 36, 13 ],
          proofType := 
           "source group equals its conjugate in the stored coordinates",
          rankS := 16,
          runtimeMilliseconds := 625,
          scalarCompatibleAutomorphisms := 0,
          sourceCategory := "rank_at_least_15",
          sourceKey := "rank-at-least-15-A_3,3-PGL-36-13-index-2-dimension-2",
          status := "self_conjugate",
          storedInvariantDimension := 4,
          symplecticPart := "A_3,3",
          verificationKind := "exact_matrix_and_cubic_space",
          witnessVerified := true ), rec(
          cataloguePosition := 72,
          conjugatingMatrix := fail,
          cubicBasisMap := fail,
          cubicSpaceVerified := fail,
          exemptionReasons := [ "connected symplectic family" ],
          familyDimension := 2,
          fullIndex := 1,
          generatorImages := fail,
          groupOrder := 108,
          invariantDimension := 4,
          invariantDimensionVerified := fail,
          linearGroupId := [ 108, 15 ],
          projectiveGroupId := [ 36, 0 ],
          proofType := "theoretical exemption requested for this catalogue",
          rankS := 18,
          runtimeMilliseconds := 0,
          sourceCategory := "rank_at_least_15",
          sourceKey := "rank-at-least-15-3^2.4-PGL-36-0-index-1-dimension-2",
          status := "self_conjugate_by_theory",
          symplecticPart := "3^2.4",
          verificationKind := "theoretical_exemption",
          witnessVerified := fail ), rec(
          automorphismsTested := 0,
          cataloguePosition := 73,
          characterCompatibleAutomorphisms := 0,
          conjugatingMatrix := 
           [ [ 1, 0, 0, 0, 0, 0 ], [ 0, 1, 0, 0, 0, 0 ], [ 0, 0, 1, 0, 0, 0 ],
              [ 0, 0, 0, 1, 0, 0 ], [ 0, 0, 0, 0, 1, 0 ], 
              [ 0, 0, 0, 0, 0, 1 ] ],
          cubicBasisMap := 
           [ [ 1, 0, 0, 0, 0, 0, 0 ], [ 0, 1, 0, 0, 0, 0, 0 ], 
              [ 0, 0, 1, 0, 0, 0, 0 ], [ 0, 0, 0, 1, 0, 0, 0 ], 
              [ 0, 0, 0, 0, 1, 0, 0 ], [ 0, 0, 0, 0, 0, 1, 0 ], 
              [ 0, 0, 0, 0, 0, 0, 1 ] ],
          cubicSpaceVerified := true,
          exactVerificationPassed := true,
          exemptionReasons := [  ],
          familyDimension := 2,
          fullIndex := 6,
          generatorImages := 
           [ 
              [ [ 0, 1, 0, 0, 0, 0 ], [ 1, 0, 0, 0, 0, 0 ], 
                  [ 0, 0, 1, 0, 0, 0 ], [ 0, 0, 0, 1, 0, 0 ], 
                  [ 0, 0, 0, 0, 1, 0 ], [ 0, 0, 0, 0, 0, -1 ] ], 
              [ [ 1, 0, 0, 0, 0, 0 ], [ 0, 1, 0, 0, 0, 0 ], 
                  [ 0, 0, 1, 0, 0, 0 ], [ 0, 0, 0, 1, 0, 0 ], 
                  [ 0, 0, 0, 0, 1, 0 ], [ 0, 0, 0, 0, 0, -1 ] ], 
              [ 
                  [ 1262/1995*E(3)-169/399*E(3)^2, -733/1995*E(3)-169/399*E(3)^2,
                      -733/1995*E(3)-169/399*E(3)^2, 
                      -4148/1995*E(3)-3539/3990*E(3)^2, 
                      177/133*E(3)+167/665*E(3)^2, 0 ], 
                  [ -733/1995*E(3)-169/399*E(3)^2, 
                      1262/1995*E(3)-169/399*E(3)^2, 
                      -733/1995*E(3)-169/399*E(3)^2, 
                      -4148/1995*E(3)-3539/3990*E(3)^2, 
                      177/133*E(3)+167/665*E(3)^2, 0 ], 
                  [ -733/1995*E(3)-169/399*E(3)^2, 
                      -733/1995*E(3)-169/399*E(3)^2, 
                      1262/1995*E(3)-169/399*E(3)^2, 
                      -4148/1995*E(3)-3539/3990*E(3)^2, 
                      177/133*E(3)+167/665*E(3)^2, 0 ], 
                  [ -172/665*E(3)+128/133*E(3)^2, 
                      -172/665*E(3)+128/133*E(3)^2, 
                      -172/665*E(3)+128/133*E(3)^2, 
                      2143/665*E(3)+277/665*E(3)^2, 
                      -292/133*E(3)+524/665*E(3)^2, 0 ], 
                  [ -24/665*E(3)+222/133*E(3)^2, -24/665*E(3)+222/133*E(3)^2, 
                      -24/665*E(3)+222/133*E(3)^2, 
                      3191/665*E(3)+1763/1330*E(3)^2, 
                      -415/133*E(3)+568/665*E(3)^2, 0 ], 
                  [ 0, 0, 0, 0, 0, E(3)^2 ] ], 
              [ [ 0, 1, 0, 0, 0, 0 ], [ 0, 0, 1, 0, 0, 0 ], 
                  [ 1, 0, 0, 0, 0, 0 ], [ 0, 0, 0, 1, 0, 0 ], 
                  [ 0, 0, 0, 0, 1, 0 ], [ 0, 0, 0, 0, 0, 1 ] ], 
              [ [ E(3), 0, 0, 0, 0, 0 ], [ 0, E(3), 0, 0, 0, 0 ], 
                  [ 0, 0, E(3), 0, 0, 0 ], [ 0, 0, 0, E(3), 0, 0 ], 
                  [ 0, 0, 0, 0, E(3), 0 ], [ 0, 0, 0, 0, 0, E(3) ] ] ],
          groupOrder := 108,
          groupOrderVerified := true,
          invariantDimension := 7,
          invariantDimensionVerified := true,
          linearGroupId := [ 108, 42 ],
          projectiveGroupId := [ 36, 12 ],
          proofType := 
           "source group equals its conjugate in the stored coordinates",
          rankS := 14,
          runtimeMilliseconds := 406,
          scalarCompatibleAutomorphisms := 0,
          sourceCategory := "small_nonabelian",
          sourceKey := 
           "small-nonabelian-S3-PGL-36-12-index-6-dimension-2-representation-2\
",
          status := "self_conjugate",
          storedInvariantDimension := 7,
          symplecticPart := "S3",
          verificationKind := "exact_matrix_and_cubic_space",
          witnessVerified := true ), rec(
          automorphismsTested := 49,
          cataloguePosition := 74,
          characterCompatibleAutomorphisms := 1,
          conjugatingMatrix := 
           [ [ 3, 0, 0, 0, 0, 0 ], [ 0, 3, 0, 0, 0, 0 ], [ 0, 0, 3, 0, 0, 0 ],
              [ 0, 0, 0, 3, 0, 0 ], [ 0, 0, 0, 0, 0, -3 ], 
              [ 0, 0, 0, 0, -3, 0 ] ],
          cubicBasisMap := 
           [ [ 1/27, 0, 0, 0, 0 ], [ 0, 1/27, 0, 0, 0 ], 
              [ 0, 0, 1/27*E(3)^2, 0, 0 ], [ 0, 0, 0, 1/27, 0 ], 
              [ 0, 0, 0, 0, 1/27 ] ],
          cubicSpaceVerified := true,
          exactVerificationPassed := true,
          exemptionReasons := [  ],
          familyDimension := 2,
          fullIndex := 2,
          generatorImages := 
           [ 
              [ [ 1, 0, 0, 0, 0, 0 ], [ 0, 0, 0, 1, 0, 0 ], 
                  [ 0, 0, 1, 0, 0, 0 ], [ 0, 1, 0, 0, 0, 0 ], 
                  [ 0, 0, 0, 0, 0, -E(3) ], [ 0, 0, 0, 0, -E(3)^2, 0 ] ], 
              [ [ -1/2, 1/2, 1/2, 1/2, 0, 0 ], [ 1/2, -1/2, 1/2, 1/2, 0, 0 ], 
                  [ 1/2, 1/2, -1/2, 1/2, 0, 0 ], 
                  [ 1/2, 1/2, 1/2, -1/2, 0, 0 ], [ 0, 0, 0, 0, 1, 0 ], 
                  [ 0, 0, 0, 0, 0, 1 ] ], 
              [ [ 0, 1, 0, 0, 0, 0 ], [ 0, 0, 0, 1, 0, 0 ], 
                  [ 0, 0, 1, 0, 0, 0 ], [ 1, 0, 0, 0, 0, 0 ], 
                  [ 0, 0, 0, 0, E(3)^2, 0 ], [ 0, 0, 0, 0, 0, E(3) ] ], 
              [ [ 0, 0, 0, 1, 0, 0 ], [ 0, 0, 1, 0, 0, 0 ], 
                  [ 0, 1, 0, 0, 0, 0 ], [ 1, 0, 0, 0, 0, 0 ], 
                  [ 0, 0, 0, 0, 1, 0 ], [ 0, 0, 0, 0, 0, 1 ] ], 
              [ [ 0, 1, 0, 0, 0, 0 ], [ 1, 0, 0, 0, 0, 0 ], 
                  [ 0, 0, 0, 1, 0, 0 ], [ 0, 0, 1, 0, 0, 0 ], 
                  [ 0, 0, 0, 0, 1, 0 ], [ 0, 0, 0, 0, 0, 1 ] ], 
              [ [ E(3), 0, 0, 0, 0, 0 ], [ 0, E(3), 0, 0, 0, 0 ], 
                  [ 0, 0, E(3), 0, 0, 0 ], [ 0, 0, 0, E(3), 0, 0 ], 
                  [ 0, 0, 0, 0, E(3), 0 ], [ 0, 0, 0, 0, 0, E(3) ] ] ],
          groupOrder := 144,
          groupOrderVerified := true,
          invariantDimension := 5,
          invariantDimensionVerified := true,
          linearGroupId := [ 144, 188 ],
          projectiveGroupId := [ 48, 48 ],
          proofType := 
           "complete abstract-automorphism character match with exact intertwi\
ner",
          rankS := 17,
          runtimeMilliseconds := 766,
          scalarCompatibleAutomorphisms := 1,
          sourceCategory := "rank_at_least_15",
          sourceKey := "rank-at-least-15-S_4-PGL-48-48-index-2-dimension-2",
          status := "self_conjugate",
          storedInvariantDimension := 5,
          symplecticPart := "S_4",
          verificationKind := "exact_matrix_and_cubic_space",
          witnessVerified := true ), rec(
          cataloguePosition := 75,
          conjugatingMatrix := fail,
          cubicBasisMap := fail,
          cubicSpaceVerified := fail,
          exemptionReasons := [ "connected symplectic family" ],
          familyDimension := 2,
          fullIndex := 1,
          generatorImages := fail,
          groupOrder := 180,
          invariantDimension := 4,
          invariantDimensionVerified := fail,
          linearGroupId := [ 180, 19 ],
          projectiveGroupId := [ 60, 0 ],
          proofType := "theoretical exemption requested for this catalogue",
          rankS := 18,
          runtimeMilliseconds := 0,
          sourceCategory := "rank_at_least_15",
          sourceKey := "rank-at-least-15-A_5-PGL-60-0-index-1-dimension-2",
          status := "self_conjugate_by_theory",
          symplecticPart := "A_5",
          verificationKind := "theoretical_exemption",
          witnessVerified := fail ), rec(
          automorphismsTested := 0,
          cataloguePosition := 76,
          characterCompatibleAutomorphisms := 0,
          conjugatingMatrix := 
           [ [ 1, 0, 0, 0, 0, 0 ], [ 0, 1, 0, 0, 0, 0 ], [ 0, 0, 1, 0, 0, 0 ],
              [ 0, 0, 0, 1, 0, 0 ], [ 0, 0, 0, 0, 1, 0 ], 
              [ 0, 0, 0, 0, 0, 1 ] ],
          cubicBasisMap := 
           [ [ 1, 0, 0, 0, 0, 0, 0, 0 ], [ 0, 1, 0, 0, 0, 0, 0, 0 ], 
              [ 0, 0, 1, 0, 0, 0, 0, 0 ], [ 0, 0, 0, 1, 0, 0, 0, 0 ], 
              [ 0, 0, 0, 0, 1, 0, 0, 0 ], [ 0, 0, 0, 0, 0, 1, 0, 0 ], 
              [ 0, 0, 0, 0, 0, 0, 1, 0 ], [ 0, 0, 0, 0, 0, 0, 0, 1 ] ],
          cubicSpaceVerified := true,
          exactVerificationPassed := true,
          exemptionReasons := [  ],
          familyDimension := 2,
          fullIndex := 6,
          generatorImages := 
           [ 
              [ [ 0, 1, 0, 0, 0, 0 ], [ 1, 0, 0, 0, 0, 0 ], 
                  [ 0, 0, 1, 0, 0, 0 ], [ 0, 0, 0, 1, 0, 0 ], 
                  [ 0, 0, 0, 0, 1, 0 ], [ 0, 0, 0, 0, 0, 1 ] ], 
              [ 
                  [ E(3)^2, 0, 0, 0, -5/18*E(3)+5/18*E(3)^2, 5/6*E(3)-5/6*E(3)^2 
                     ], 
                  [ 0, E(3)^2, 0, 0, -5/18*E(3)+5/18*E(3)^2, 
                      5/6*E(3)-5/6*E(3)^2 ], 
                  [ 0, 0, E(3)^2, 0, -5/18*E(3)+5/18*E(3)^2, 
                      5/6*E(3)-5/6*E(3)^2 ], 
                  [ 0, 0, 0, E(3)^2, -5/18*E(3)+5/18*E(3)^2, 
                      5/6*E(3)-5/6*E(3)^2 ], 
                  [ 0, 0, 0, 0, -2/3*E(3)+5/3*E(3)^2, 2*E(3)-2*E(3)^2 ], 
                  [ 0, 0, 0, 0, -5/9*E(3)+5/9*E(3)^2, 5/3*E(3)-2/3*E(3)^2 ] ],
              [ [ 0, 0, 1, 0, 0, 0 ], [ 1, 0, 0, 0, 0, 0 ], 
                  [ 0, 1, 0, 0, 0, 0 ], [ 0, 0, 0, 1, 0, 0 ], 
                  [ 0, 0, 0, 0, 1, 0 ], [ 0, 0, 0, 0, 0, 1 ] ], 
              [ [ 0, 0, 1, 0, 0, 0 ], [ 0, 0, 0, 1, 0, 0 ], 
                  [ 1, 0, 0, 0, 0, 0 ], [ 0, 1, 0, 0, 0, 0 ], 
                  [ 0, 0, 0, 0, 1, 0 ], [ 0, 0, 0, 0, 0, 1 ] ], 
              [ [ 0, 0, 0, 1, 0, 0 ], [ 0, 0, 1, 0, 0, 0 ], 
                  [ 0, 1, 0, 0, 0, 0 ], [ 1, 0, 0, 0, 0, 0 ], 
                  [ 0, 0, 0, 0, 1, 0 ], [ 0, 0, 0, 0, 0, 1 ] ], 
              [ [ E(3), 0, 0, 0, 0, 0 ], [ 0, E(3), 0, 0, 0, 0 ], 
                  [ 0, 0, E(3), 0, 0, 0 ], [ 0, 0, 0, E(3), 0, 0 ], 
                  [ 0, 0, 0, 0, E(3), 0 ], [ 0, 0, 0, 0, 0, E(3) ] ] ],
          groupOrder := 216,
          groupOrderVerified := true,
          invariantDimension := 8,
          invariantDimensionVerified := true,
          linearGroupId := [ 216, 163 ],
          projectiveGroupId := [ 72, 42 ],
          proofType := 
           "source group equals its conjugate in the stored coordinates",
          rankS := 16,
          runtimeMilliseconds := 328,
          scalarCompatibleAutomorphisms := 0,
          sourceCategory := "rank_at_least_15",
          sourceKey := "rank-at-least-15-A_4-PGL-72-42-index-6-dimension-2",
          status := "self_conjugate",
          storedInvariantDimension := 8,
          symplecticPart := "A_4",
          verificationKind := "exact_matrix_and_cubic_space",
          witnessVerified := true ), rec(
          automorphismsTested := 0,
          cataloguePosition := 77,
          characterCompatibleAutomorphisms := 0,
          conjugatingMatrix := 
           [ [ 1, 0, 0, 0, 0, 0 ], [ 0, 1, 0, 0, 0, 0 ], [ 0, 0, 1, 0, 0, 0 ],
              [ 0, 0, 0, 1, 0, 0 ], [ 0, 0, 0, 0, 1, 0 ], 
              [ 0, 0, 0, 0, 0, 1 ] ],
          cubicBasisMap := 
           [ [ 1, 0, 0, 0, 0, 0, 0, 0, 0 ], [ 0, 1, 0, 0, 0, 0, 0, 0, 0 ], 
              [ 0, 0, 1, 0, 0, 0, 0, 0, 0 ], [ 0, 0, 0, 1, 0, 0, 0, 0, 0 ], 
              [ 0, 0, 0, 0, 1, 0, 0, 0, 0 ], [ 0, 0, 0, 0, 0, 1, 0, 0, 0 ], 
              [ 0, 0, 0, 0, 0, 0, 1, 0, 0 ], [ 0, 0, 0, 0, 0, 0, 0, 1, 0 ], 
              [ 0, 0, 0, 0, 0, 0, 0, 0, 1 ] ],
          cubicSpaceVerified := true,
          exactVerificationPassed := true,
          exemptionReasons := [  ],
          familyDimension := 2,
          fullIndex := 6,
          generatorImages := 
           [ 
              [ [ 0, 1, 0, 0, 0, 0 ], [ 1, 0, 0, 0, 0, 0 ], 
                  [ 0, 0, 1, 0, 0, 0 ], [ 0, 0, 0, 1, 0, 0 ], 
                  [ 0, 0, 0, 0, 0, E(3) ], [ 0, 0, 0, 0, E(3)^2, 0 ] ], 
              [ [ 0, -1, 0, 0, 0, 0 ], [ -1, 0, 0, 0, 0, 0 ], 
                  [ 0, 0, 1, 0, 0, 0 ], [ 0, 0, 0, 1, 0, 0 ], 
                  [ 0, 0, 0, 0, 1, 0 ], [ 0, 0, 0, 0, 0, 1 ] ], 
              [ [ -1, 0, 0, 0, 0, 0 ], [ 0, -1, 0, 0, 0, 0 ], 
                  [ 0, 0, 1, 0, 0, 0 ], [ 0, 0, 0, 1, 0, 0 ], 
                  [ 0, 0, 0, 0, 1, 0 ], [ 0, 0, 0, 0, 0, 1 ] ], 
              [ [ E(3)^2, 0, 0, 0, 0, 0 ], [ 0, E(3)^2, 0, 0, 0, 0 ], 
                  [ 0, 0, E(3)^2, 0, 0, 0 ], [ 0, 0, 0, E(3)^2, 0, 0 ], 
                  [ 0, 0, 0, 0, E(3), 0 ], [ 0, 0, 0, 0, 0, E(3) ] ], 
              [ [ 1, 0, 0, 0, 0, 0 ], [ 0, 1, 0, 0, 0, 0 ], 
                  [ 0, 0, 1, 0, 0, 0 ], [ 0, 0, 0, 1, 0, 0 ], 
                  [ 0, 0, 0, 0, E(3)^2, 0 ], [ 0, 0, 0, 0, 0, E(3) ] ], 
              [ [ E(3), 0, 0, 0, 0, 0 ], [ 0, E(3), 0, 0, 0, 0 ], 
                  [ 0, 0, E(3), 0, 0, 0 ], [ 0, 0, 0, E(3), 0, 0 ], 
                  [ 0, 0, 0, 0, E(3), 0 ], [ 0, 0, 0, 0, 0, E(3) ] ] ],
          groupOrder := 216,
          groupOrderVerified := true,
          invariantDimension := 9,
          invariantDimensionVerified := true,
          linearGroupId := [ 216, 174 ],
          projectiveGroupId := [ 72, 48 ],
          proofType := 
           "source group equals its conjugate in the stored coordinates",
          rankS := 16,
          runtimeMilliseconds := 344,
          scalarCompatibleAutomorphisms := 0,
          sourceCategory := "rank_at_least_15",
          sourceKey := "rank-at-least-15-D_12-PGL-72-48-index-6-dimension-2",
          status := "self_conjugate",
          storedInvariantDimension := 9,
          symplecticPart := "D_12",
          verificationKind := "exact_matrix_and_cubic_space",
          witnessVerified := true ), rec(
          cataloguePosition := 78,
          conjugatingMatrix := fail,
          cubicBasisMap := fail,
          cubicSpaceVerified := fail,
          exemptionReasons := [ "connected symplectic family" ],
          familyDimension := 2,
          fullIndex := 2,
          generatorImages := fail,
          groupOrder := 216,
          invariantDimension := 6,
          invariantDimensionVerified := fail,
          linearGroupId := [ 216, 170 ],
          projectiveGroupId := [ 72, 46 ],
          proofType := "theoretical exemption requested for this catalogue",
          rankS := 18,
          runtimeMilliseconds := 0,
          sourceCategory := "rank_at_least_15",
          sourceKey := "rank-at-least-15-S_3,3-PGL-72-46-index-2-dimension-2",
          status := "self_conjugate_by_theory",
          symplecticPart := "S_3,3",
          verificationKind := "theoretical_exemption",
          witnessVerified := fail ), rec(
          cataloguePosition := 79,
          conjugatingMatrix := fail,
          cubicBasisMap := fail,
          cubicSpaceVerified := fail,
          exemptionReasons := [ "connected symplectic family" ],
          familyDimension := 2,
          fullIndex := 2,
          generatorImages := fail,
          groupOrder := 216,
          invariantDimension := 7,
          invariantDimensionVerified := fail,
          linearGroupId := [ 216, 157 ],
          projectiveGroupId := [ 72, 40 ],
          proofType := "theoretical exemption requested for this catalogue",
          rankS := 18,
          runtimeMilliseconds := 0,
          sourceCategory := "rank_at_least_15",
          sourceKey := "rank-at-least-15-S_3,3-PGL-72-40-index-2-dimension-2",
          status := "self_conjugate_by_theory",
          symplecticPart := "S_3,3",
          verificationKind := "theoretical_exemption",
          witnessVerified := fail ), rec(
          cataloguePosition := 80,
          conjugatingMatrix := fail,
          cubicBasisMap := fail,
          cubicSpaceVerified := fail,
          exemptionReasons := [ "connected symplectic family" ],
          familyDimension := 2,
          fullIndex := 2,
          generatorImages := fail,
          groupOrder := 216,
          invariantDimension := 5,
          invariantDimensionVerified := fail,
          linearGroupId := [ 216, 157 ],
          projectiveGroupId := [ 72, 40 ],
          proofType := "theoretical exemption requested for this catalogue",
          rankS := 18,
          runtimeMilliseconds := 0,
          sourceCategory := "rank_at_least_15",
          sourceKey := "rank-at-least-15-3^2.4-PGL-72-40-index-2-dimension-2",
          status := "self_conjugate_by_theory",
          symplecticPart := "3^2.4",
          verificationKind := "theoretical_exemption",
          witnessVerified := fail ), rec(
          cataloguePosition := 81,
          conjugatingMatrix := fail,
          cubicBasisMap := fail,
          cubicSpaceVerified := fail,
          exemptionReasons := [ "connected symplectic family" ],
          familyDimension := 2,
          fullIndex := 1,
          generatorImages := fail,
          groupOrder := 216,
          invariantDimension := 4,
          invariantDimensionVerified := fail,
          linearGroupId := [ 216, 95 ],
          projectiveGroupId := [ 72, 43 ],
          proofType := "theoretical exemption requested for this catalogue",
          rankS := 18,
          runtimeMilliseconds := 0,
          sourceCategory := "rank_at_least_15",
          sourceKey := "rank-at-least-15-A_4,3-PGL-72-43-index-1-dimension-2",
          status := "self_conjugate_by_theory",
          symplecticPart := "A_4,3",
          verificationKind := "theoretical_exemption",
          witnessVerified := fail ), rec(
          automorphismsTested := 0,
          cataloguePosition := 82,
          characterCompatibleAutomorphisms := 0,
          conjugatingMatrix := 
           [ [ 1, 0, 0, 0, 0, 0 ], [ 0, 1, 0, 0, 0, 0 ], [ 0, 0, 1, 0, 0, 0 ],
              [ 0, 0, 0, 1, 0, 0 ], [ 0, 0, 0, 0, 1, 0 ], 
              [ 0, 0, 0, 0, 0, 1 ] ],
          cubicBasisMap := 
           [ [ 1, 0, 0, 0, 0, 0, 0, 0 ], [ 0, 1, 0, 0, 0, 0, 0, 0 ], 
              [ 0, 0, 1, 0, 0, 0, 0, 0 ], [ 0, 0, 0, 1, 0, 0, 0, 0 ], 
              [ 0, 0, 0, 0, 1, 0, 0, 0 ], [ 0, 0, 0, 0, 0, 1, 0, 0 ], 
              [ 0, 0, 0, 0, 0, 0, 1, 0 ], [ 0, 0, 0, 0, 0, 0, 0, 1 ] ],
          cubicSpaceVerified := true,
          exactVerificationPassed := true,
          exemptionReasons := [  ],
          familyDimension := 2,
          fullIndex := 6,
          generatorImages := 
           [ 
              [ [ 0, 1, 0, 0, 0, 0 ], [ 1, 0, 0, 0, 0, 0 ], 
                  [ 0, 0, 1, 0, 0, 0 ], [ 0, 0, 0, 1, 0, 0 ], 
                  [ 0, 0, 0, 0, 1, 0 ], [ 0, 0, 0, 0, 0, 1 ] ], 
              [ [ 1, 0, 0, 0, 0, 0 ], [ 0, 1, 0, 0, 0, 0 ], 
                  [ 0, 0, 1, 0, 0, 0 ], [ 0, 0, 0, 0, 1, 0 ], 
                  [ 0, 0, 0, 1, 0, 0 ], [ 0, 0, 0, 0, 0, 1 ] ], 
              [ 
                  [ 2/3*E(3)+1/3*E(3)^2, -1/3*E(3)+1/3*E(3)^2, 
                      -1/3*E(3)+1/3*E(3)^2, 0, 0, 0 ], 
                  [ -1/3*E(3)+1/3*E(3)^2, 2/3*E(3)+1/3*E(3)^2, 
                      -1/3*E(3)+1/3*E(3)^2, 0, 0, 0 ], 
                  [ -1/3*E(3)+1/3*E(3)^2, -1/3*E(3)+1/3*E(3)^2, 
                      2/3*E(3)+1/3*E(3)^2, 0, 0, 0 ], 
                  [ 0, 0, 0, E(3)^2, 0, 0 ], [ 0, 0, 0, 0, E(3)^2, 0 ], 
                  [ 0, 0, 0, 0, 0, E(3)^2 ] ], 
              [ [ 1, 0, 0, 0, 0, 0 ], [ 0, 1, 0, 0, 0, 0 ], 
                  [ 0, 0, 1, 0, 0, 0 ], [ 0, 0, 0, 0, 1, 0 ], 
                  [ 0, 0, 0, 0, 0, 1 ], [ 0, 0, 0, 1, 0, 0 ] ], 
              [ [ 0, 1, 0, 0, 0, 0 ], [ 0, 0, 1, 0, 0, 0 ], 
                  [ 1, 0, 0, 0, 0, 0 ], [ 0, 0, 0, 1, 0, 0 ], 
                  [ 0, 0, 0, 0, 1, 0 ], [ 0, 0, 0, 0, 0, 1 ] ], 
              [ [ E(3), 0, 0, 0, 0, 0 ], [ 0, E(3), 0, 0, 0, 0 ], 
                  [ 0, 0, E(3), 0, 0, 0 ], [ 0, 0, 0, E(3), 0, 0 ], 
                  [ 0, 0, 0, 0, E(3), 0 ], [ 0, 0, 0, 0, 0, E(3) ] ] ],
          groupOrder := 324,
          groupOrderVerified := true,
          invariantDimension := 8,
          invariantDimensionVerified := true,
          linearGroupId := [ 324, 165 ],
          projectiveGroupId := [ 108, 38 ],
          proofType := 
           "source group equals its conjugate in the stored coordinates",
          rankS := 16,
          runtimeMilliseconds := 234,
          scalarCompatibleAutomorphisms := 0,
          sourceCategory := "rank_at_least_15",
          sourceKey := "rank-at-least-15-A_3,3-PGL-108-38-index-6-dimension-2"
           ,
          status := "self_conjugate",
          storedInvariantDimension := 8,
          symplecticPart := "A_3,3",
          verificationKind := "exact_matrix_and_cubic_space",
          witnessVerified := true ), rec(
          automorphismsTested := 0,
          cataloguePosition := 83,
          characterCompatibleAutomorphisms := 0,
          conjugatingMatrix := 
           [ [ 1, 0, 0, 0, 0, 0 ], [ 0, 1, 0, 0, 0, 0 ], [ 0, 0, 1, 0, 0, 0 ],
              [ 0, 0, 0, 1, 0, 0 ], [ 0, 0, 0, 0, 1, 0 ], 
              [ 0, 0, 0, 0, 0, 1 ] ],
          cubicBasisMap := 
           [ [ 1, 0, 0, 0, 0, 0 ], [ 0, 1, 0, 0, 0, 0 ], [ 0, 0, 1, 0, 0, 0 ],
              [ 0, 0, 0, 1, 0, 0 ], [ 0, 0, 0, 0, 1, 0 ], 
              [ 0, 0, 0, 0, 0, 1 ] ],
          cubicSpaceVerified := true,
          exactVerificationPassed := true,
          exemptionReasons := [  ],
          familyDimension := 2,
          fullIndex := 6,
          generatorImages := 
           [ 
              [ [ 0, 1, 0, 0, 0, 0 ], [ 1, 0, 0, 0, 0, 0 ], 
                  [ 0, 0, 1, 0, 0, 0 ], [ 0, 0, 0, 1, 0, 0 ], 
                  [ 0, 0, 0, 0, 1, 0 ], [ 0, 0, 0, 0, 0, 1 ] ], 
              [ [ 1, 0, 0, 0, 0, 0 ], [ 0, 1, 0, 0, 0, 0 ], 
                  [ 0, 0, 1, 0, 0, 0 ], [ 0, 0, 0, 0, 1, 0 ], 
                  [ 0, 0, 0, 1, 0, 0 ], [ 0, 0, 0, 0, 0, 1 ] ], 
              [ [ E(3)^2, 0, 0, 0, 0, 0 ], [ 0, E(3)^2, 0, 0, 0, 0 ], 
                  [ 0, 0, E(3)^2, 0, 0, 0 ], 
                  [ 1/3*E(3)-1/3*E(3)^2, 1/3*E(3)-1/3*E(3)^2, 
                      1/3*E(3)-1/3*E(3)^2, 1/3*E(3)+2/3*E(3)^2, 
                      1/3*E(3)-1/3*E(3)^2, 1/3*E(3)-1/3*E(3)^2 ], 
                  [ 1/3*E(3)-1/3*E(3)^2, 1/3*E(3)-1/3*E(3)^2, 
                      1/3*E(3)-1/3*E(3)^2, 1/3*E(3)-1/3*E(3)^2, 
                      1/3*E(3)+2/3*E(3)^2, 1/3*E(3)-1/3*E(3)^2 ], 
                  [ 1/3*E(3)-1/3*E(3)^2, 1/3*E(3)-1/3*E(3)^2, 
                      1/3*E(3)-1/3*E(3)^2, 1/3*E(3)-1/3*E(3)^2, 
                      1/3*E(3)-1/3*E(3)^2, 1/3*E(3)+2/3*E(3)^2 ] ], 
              [ [ 1, 0, 0, 0, 0, 0 ], [ 0, 1, 0, 0, 0, 0 ], 
                  [ 0, 0, 1, 0, 0, 0 ], [ 0, 0, 0, 0, 1, 0 ], 
                  [ 0, 0, 0, 0, 0, 1 ], [ 0, 0, 0, 1, 0, 0 ] ], 
              [ [ 0, 1, 0, 0, 0, 0 ], [ 0, 0, 1, 0, 0, 0 ], 
                  [ 1, 0, 0, 0, 0, 0 ], [ 0, 0, 0, 1, 0, 0 ], 
                  [ 0, 0, 0, 0, 1, 0 ], [ 0, 0, 0, 0, 0, 1 ] ], 
              [ [ E(3), 0, 0, 0, 0, 0 ], [ 0, E(3), 0, 0, 0, 0 ], 
                  [ 0, 0, E(3), 0, 0, 0 ], [ 0, 0, 0, E(3), 0, 0 ], 
                  [ 0, 0, 0, 0, E(3), 0 ], [ 0, 0, 0, 0, 0, E(3) ] ] ],
          groupOrder := 324,
          groupOrderVerified := true,
          invariantDimension := 6,
          invariantDimensionVerified := true,
          linearGroupId := [ 324, 165 ],
          projectiveGroupId := [ 108, 38 ],
          proofType := 
           "source group equals its conjugate in the stored coordinates",
          rankS := 16,
          runtimeMilliseconds := 297,
          scalarCompatibleAutomorphisms := 0,
          sourceCategory := "rank_at_least_15",
          sourceKey := 
           "rank-at-least-15-A_3,3-PGL-108-38-index-6-dimension-2-representati\
on-2",
          status := "self_conjugate",
          storedInvariantDimension := 6,
          symplecticPart := "A_3,3",
          verificationKind := "exact_matrix_and_cubic_space",
          witnessVerified := true ), rec(
          cataloguePosition := 84,
          conjugatingMatrix := fail,
          cubicBasisMap := fail,
          cubicSpaceVerified := fail,
          exemptionReasons := [ "connected symplectic family" ],
          familyDimension := 2,
          fullIndex := 2,
          generatorImages := fail,
          groupOrder := 360,
          invariantDimension := 7,
          invariantDimensionVerified := fail,
          linearGroupId := [ 360, 119 ],
          projectiveGroupId := [ 120, 0 ],
          proofType := "theoretical exemption requested for this catalogue",
          rankS := 18,
          runtimeMilliseconds := 0,
          sourceCategory := "rank_at_least_15",
          sourceKey := "rank-at-least-15-A_5-PGL-120-0-index-2-dimension-2",
          status := "self_conjugate_by_theory",
          symplecticPart := "A_5",
          verificationKind := "theoretical_exemption",
          witnessVerified := fail ), rec(
          cataloguePosition := 85,
          conjugatingMatrix := fail,
          cubicBasisMap := fail,
          cubicSpaceVerified := fail,
          exemptionReasons := [ "connected symplectic family" ],
          familyDimension := 2,
          fullIndex := 2,
          generatorImages := fail,
          groupOrder := 432,
          invariantDimension := 5,
          invariantDimensionVerified := fail,
          linearGroupId := [ 432, 745 ],
          projectiveGroupId := [ 144, 0 ],
          proofType := "theoretical exemption requested for this catalogue",
          rankS := 18,
          runtimeMilliseconds := 0,
          sourceCategory := "rank_at_least_15",
          sourceKey := "rank-at-least-15-A_4,3-PGL-144-0-index-2-dimension-2",
          status := "self_conjugate_by_theory",
          symplecticPart := "A_4,3",
          verificationKind := "theoretical_exemption",
          witnessVerified := fail ), rec(
          cataloguePosition := 86,
          conjugatingMatrix := fail,
          cubicBasisMap := fail,
          cubicSpaceVerified := fail,
          exemptionReasons := 
           [ "connected symplectic family", "symplectic part 3^{1+4}:2" ],
          familyDimension := 2,
          fullIndex := 2,
          generatorImages := fail,
          groupOrder := 2916,
          invariantDimension := 4,
          invariantDimensionVerified := fail,
          linearGroupId := [ 2916, 0 ],
          projectiveGroupId := [ 972, 0 ],
          proofType := "theoretical exemption requested for this catalogue",
          rankS := 18,
          runtimeMilliseconds := 0,
          sourceCategory := "rank_at_least_15",
          sourceKey := 
           "rank-at-least-15-3^{1+4}:2-PGL-972-0-index-2-dimension-2",
          status := "self_conjugate_by_theory",
          symplecticPart := "3^{1+4}:2",
          verificationKind := "theoretical_exemption",
          witnessVerified := fail ), rec(
          automorphismsTested := 0,
          cataloguePosition := 87,
          characterCompatibleAutomorphisms := 0,
          conjugatingMatrix := 
           [ [ 1, 0, 0, 0, 0, 0 ], [ 0, 1, 0, 0, 0, 0 ], [ 0, 0, 1, 0, 0, 0 ],
              [ 0, 0, 0, 1, 0, 0 ], [ 0, 0, 0, 0, 1, 0 ], 
              [ 0, 0, 0, 0, 0, 1 ] ],
          cubicBasisMap := 
           [ [ 1, 0, 0, 0, 0, 0, 0, 0, 0 ], [ 0, 1, 0, 0, 0, 0, 0, 0, 0 ], 
              [ 0, 0, 1, 0, 0, 0, 0, 0, 0 ], [ 0, 0, 0, 1, 0, 0, 0, 0, 0 ], 
              [ 0, 0, 0, 0, 1, 0, 0, 0, 0 ], [ 0, 0, 0, 0, 0, 1, 0, 0, 0 ], 
              [ 0, 0, 0, 0, 0, 0, 1, 0, 0 ], [ 0, 0, 0, 0, 0, 0, 0, 1, 0 ], 
              [ 0, 0, 0, 0, 0, 0, 0, 0, 1 ] ],
          cubicSpaceVerified := true,
          exactVerificationPassed := true,
          exemptionReasons := [  ],
          familyDimension := 3,
          fullIndex := 6,
          generatorImages := 
           [ 
              [ [ E(3), 0, 0, 0, 0, 0 ], [ 0, E(3), 0, 0, 0, 0 ], 
                  [ 0, 0, E(3), 0, 0, 0 ], [ 0, 0, 0, E(3), 0, 0 ], 
                  [ 0, 0, 0, 0, E(3), 0 ], [ 0, 0, 0, 0, 0, E(3) ] ], 
              [ [ E(9)^2, 0, 0, 0, 0, 0 ], [ 0, E(9)^5, 0, 0, 0, 0 ], 
                  [ 0, 0, -E(9)^2-E(9)^5, 0, 0, 0 ], 
                  [ 0, 0, 0, -E(9)^2-E(9)^5, 0, 0 ], 
                  [ 0, 0, 0, 0, E(9)^2, 0 ], [ 0, 0, 0, 0, 0, E(9)^5 ] ], 
              [ [ 1, 0, 0, 0, 0, 0 ], [ 0, 1, 0, 0, 0, 0 ], 
                  [ 0, 0, 1, 0, 0, 0 ], [ 0, 0, 0, -1, 0, 0 ], 
                  [ 0, 0, 0, 0, -1, 0 ], [ 0, 0, 0, 0, 0, -1 ] ] ],
          groupOrder := 18,
          groupOrderVerified := true,
          invariantDimension := 9,
          invariantDimensionVerified := true,
          linearGroupId := [ 18, 2 ],
          projectiveGroupId := [ 6, 2 ],
          proofType := 
           "source group equals its conjugate in the stored coordinates",
          rankS := 0,
          runtimeMilliseconds := 250,
          scalarCompatibleAutomorphisms := 0,
          sourceCategory := "liftable_abelian",
          sourceKey := "liftable-abelian-1-PGL-6-2-index-6-dimension-3",
          status := "self_conjugate",
          storedInvariantDimension := 9,
          symplecticPart := "1",
          verificationKind := "exact_matrix_and_cubic_space",
          witnessVerified := true ), rec(
          cataloguePosition := 88,
          conjugatingMatrix := fail,
          cubicBasisMap := fail,
          cubicSpaceVerified := fail,
          exemptionReasons := [ "connected symplectic family" ],
          familyDimension := 3,
          fullIndex := 1,
          generatorImages := fail,
          groupOrder := 24,
          invariantDimension := 8,
          invariantDimensionVerified := fail,
          linearGroupId := [ 24, 11 ],
          projectiveGroupId := [ 8, 0 ],
          proofType := "theoretical exemption requested for this catalogue",
          rankS := 17,
          runtimeMilliseconds := 0,
          sourceCategory := "rank_at_least_15",
          sourceKey := "rank-at-least-15-Q_8-PGL-8-0-index-1-dimension-3",
          status := "self_conjugate_by_theory",
          symplecticPart := "Q_8",
          verificationKind := "theoretical_exemption",
          witnessVerified := fail ), rec(
          automorphismsTested := 0,
          cataloguePosition := 89,
          characterCompatibleAutomorphisms := 0,
          conjugatingMatrix := 
           [ [ 1, 0, 0, 0, 0, 0 ], [ 0, 1, 0, 0, 0, 0 ], [ 0, 0, 1, 0, 0, 0 ],
              [ 0, 0, 0, 1, 0, 0 ], [ 0, 0, 0, 0, 1, 0 ], 
              [ 0, 0, 0, 0, 0, 1 ] ],
          cubicBasisMap := [ [ 1, 0, 0, 0, 0, 0, 0, 0, 0, 0, 0, 0, 0, 0, 0 ], 
              [ 0, 1, 0, 0, 0, 0, 0, 0, 0, 0, 0, 0, 0, 0, 0 ], 
              [ 0, 0, 1, 0, 0, 0, 0, 0, 0, 0, 0, 0, 0, 0, 0 ], 
              [ 0, 0, 0, 1, 0, 0, 0, 0, 0, 0, 0, 0, 0, 0, 0 ], 
              [ 0, 0, 0, 0, 1, 0, 0, 0, 0, 0, 0, 0, 0, 0, 0 ], 
              [ 0, 0, 0, 0, 0, 1, 0, 0, 0, 0, 0, 0, 0, 0, 0 ], 
              [ 0, 0, 0, 0, 0, 0, 1, 0, 0, 0, 0, 0, 0, 0, 0 ], 
              [ 0, 0, 0, 0, 0, 0, 0, 1, 0, 0, 0, 0, 0, 0, 0 ], 
              [ 0, 0, 0, 0, 0, 0, 0, 0, 1, 0, 0, 0, 0, 0, 0 ], 
              [ 0, 0, 0, 0, 0, 0, 0, 0, 0, 1, 0, 0, 0, 0, 0 ], 
              [ 0, 0, 0, 0, 0, 0, 0, 0, 0, 0, 1, 0, 0, 0, 0 ], 
              [ 0, 0, 0, 0, 0, 0, 0, 0, 0, 0, 0, 1, 0, 0, 0 ], 
              [ 0, 0, 0, 0, 0, 0, 0, 0, 0, 0, 0, 0, 1, 0, 0 ], 
              [ 0, 0, 0, 0, 0, 0, 0, 0, 0, 0, 0, 0, 0, 1, 0 ], 
              [ 0, 0, 0, 0, 0, 0, 0, 0, 0, 0, 0, 0, 0, 0, 1 ] ],
          cubicSpaceVerified := true,
          exactVerificationPassed := true,
          exemptionReasons := [  ],
          familyDimension := 3,
          fullIndex := 8,
          generatorImages := 
           [ 
              [ [ E(3), 0, 0, 0, 0, 0 ], [ 0, E(3), 0, 0, 0, 0 ], 
                  [ 0, 0, E(3), 0, 0, 0 ], [ 0, 0, 0, E(3), 0, 0 ], 
                  [ 0, 0, 0, 0, E(3), 0 ], [ 0, 0, 0, 0, 0, E(3) ] ], 
              [ [ E(8)^3, 0, 0, 0, 0, 0 ], [ 0, E(4), 0, 0, 0, 0 ], 
                  [ 0, 0, -1, 0, 0, 0 ], [ 0, 0, 0, 1, 0, 0 ], 
                  [ 0, 0, 0, 0, 1, 0 ], [ 0, 0, 0, 0, 0, 1 ] ], 
              [ [ -E(4), 0, 0, 0, 0, 0 ], [ 0, -1, 0, 0, 0, 0 ], 
                  [ 0, 0, 1, 0, 0, 0 ], [ 0, 0, 0, 1, 0, 0 ], 
                  [ 0, 0, 0, 0, 1, 0 ], [ 0, 0, 0, 0, 0, 1 ] ], 
              [ [ -1, 0, 0, 0, 0, 0 ], [ 0, 1, 0, 0, 0, 0 ], 
                  [ 0, 0, 1, 0, 0, 0 ], [ 0, 0, 0, 1, 0, 0 ], 
                  [ 0, 0, 0, 0, 1, 0 ], [ 0, 0, 0, 0, 0, 1 ] ] ],
          groupOrder := 24,
          groupOrderVerified := true,
          invariantDimension := 15,
          invariantDimensionVerified := true,
          linearGroupId := [ 24, 2 ],
          projectiveGroupId := [ 8, 1 ],
          proofType := 
           "source group equals its conjugate in the stored coordinates",
          rankS := 0,
          runtimeMilliseconds := 593,
          scalarCompatibleAutomorphisms := 0,
          sourceCategory := "liftable_abelian",
          sourceKey := "liftable-abelian-1-PGL-8-1-index-8-dimension-3",
          status := "self_conjugate",
          storedInvariantDimension := 15,
          symplecticPart := "1",
          verificationKind := "exact_matrix_and_cubic_space",
          witnessVerified := true ), rec(
          automorphismsTested := 0,
          cataloguePosition := 90,
          characterCompatibleAutomorphisms := 0,
          conjugatingMatrix := 
           [ [ 1, 0, 0, 0, 0, 0 ], [ 0, 1, 0, 0, 0, 0 ], [ 0, 0, 1, 0, 0, 0 ],
              [ 0, 0, 0, 1, 0, 0 ], [ 0, 0, 0, 0, 1, 0 ], 
              [ 0, 0, 0, 0, 0, 1 ] ],
          cubicBasisMap := 
           [ [ 1, 0, 0, 0, 0, 0, 0, 0, 0, 0, 0, 0, 0 ], 
              [ 0, 1, 0, 0, 0, 0, 0, 0, 0, 0, 0, 0, 0 ], 
              [ 0, 0, 1, 0, 0, 0, 0, 0, 0, 0, 0, 0, 0 ], 
              [ 0, 0, 0, 1, 0, 0, 0, 0, 0, 0, 0, 0, 0 ], 
              [ 0, 0, 0, 0, 1, 0, 0, 0, 0, 0, 0, 0, 0 ], 
              [ 0, 0, 0, 0, 0, 1, 0, 0, 0, 0, 0, 0, 0 ], 
              [ 0, 0, 0, 0, 0, 0, 1, 0, 0, 0, 0, 0, 0 ], 
              [ 0, 0, 0, 0, 0, 0, 0, 1, 0, 0, 0, 0, 0 ], 
              [ 0, 0, 0, 0, 0, 0, 0, 0, 1, 0, 0, 0, 0 ], 
              [ 0, 0, 0, 0, 0, 0, 0, 0, 0, 1, 0, 0, 0 ], 
              [ 0, 0, 0, 0, 0, 0, 0, 0, 0, 0, 1, 0, 0 ], 
              [ 0, 0, 0, 0, 0, 0, 0, 0, 0, 0, 0, 1, 0 ], 
              [ 0, 0, 0, 0, 0, 0, 0, 0, 0, 0, 0, 0, 1 ] ],
          cubicSpaceVerified := true,
          exactVerificationPassed := true,
          exemptionReasons := [  ],
          familyDimension := 3,
          fullIndex := 8,
          generatorImages := 
           [ 
              [ [ E(3), 0, 0, 0, 0, 0 ], [ 0, E(3), 0, 0, 0, 0 ], 
                  [ 0, 0, E(3), 0, 0, 0 ], [ 0, 0, 0, E(3), 0, 0 ], 
                  [ 0, 0, 0, 0, E(3), 0 ], [ 0, 0, 0, 0, 0, E(3) ] ], 
              [ [ -1, 0, 0, 0, 0, 0 ], [ 0, 1, 0, 0, 0, 0 ], 
                  [ 0, 0, 1, 0, 0, 0 ], [ 0, 0, 0, 1, 0, 0 ], 
                  [ 0, 0, 0, 0, 1, 0 ], [ 0, 0, 0, 0, 0, 1 ] ], 
              [ [ E(4), 0, 0, 0, 0, 0 ], [ 0, -1, 0, 0, 0, 0 ], 
                  [ 0, 0, 1, 0, 0, 0 ], [ 0, 0, 0, 1, 0, 0 ], 
                  [ 0, 0, 0, 0, 1, 0 ], [ 0, 0, 0, 0, 0, 1 ] ], 
              [ [ E(8), 0, 0, 0, 0, 0 ], [ 0, -E(4), 0, 0, 0, 0 ], 
                  [ 0, 0, -1, 0, 0, 0 ], [ 0, 0, 0, -1, 0, 0 ], 
                  [ 0, 0, 0, 0, 1, 0 ], [ 0, 0, 0, 0, 0, 1 ] ] ],
          groupOrder := 24,
          groupOrderVerified := true,
          invariantDimension := 13,
          invariantDimensionVerified := true,
          linearGroupId := [ 24, 2 ],
          projectiveGroupId := [ 8, 1 ],
          proofType := 
           "source group equals its conjugate in the stored coordinates",
          rankS := 0,
          runtimeMilliseconds := 641,
          scalarCompatibleAutomorphisms := 0,
          sourceCategory := "liftable_abelian",
          sourceKey := 
           "liftable-abelian-1-PGL-8-1-index-8-dimension-3-representation-2",
          status := "self_conjugate",
          storedInvariantDimension := 13,
          symplecticPart := "1",
          verificationKind := "exact_matrix_and_cubic_space",
          witnessVerified := true ), rec(
          automorphismsTested := 0,
          cataloguePosition := 91,
          characterCompatibleAutomorphisms := 0,
          conjugatingMatrix := 
           [ [ 1, 0, 0, 0, 0, 0 ], [ 0, 1, 0, 0, 0, 0 ], [ 0, 0, 1, 0, 0, 0 ],
              [ 0, 0, 0, 1, 0, 0 ], [ 0, 0, 0, 0, 1, 0 ], 
              [ 0, 0, 0, 0, 0, 1 ] ],
          cubicBasisMap := 
           [ [ 1, 0, 0, 0, 0, 0, 0, 0, 0, 0, 0 ], 
              [ 0, 1, 0, 0, 0, 0, 0, 0, 0, 0, 0 ], 
              [ 0, 0, 1, 0, 0, 0, 0, 0, 0, 0, 0 ], 
              [ 0, 0, 0, 1, 0, 0, 0, 0, 0, 0, 0 ], 
              [ 0, 0, 0, 0, 1, 0, 0, 0, 0, 0, 0 ], 
              [ 0, 0, 0, 0, 0, 1, 0, 0, 0, 0, 0 ], 
              [ 0, 0, 0, 0, 0, 0, 1, 0, 0, 0, 0 ], 
              [ 0, 0, 0, 0, 0, 0, 0, 1, 0, 0, 0 ], 
              [ 0, 0, 0, 0, 0, 0, 0, 0, 1, 0, 0 ], 
              [ 0, 0, 0, 0, 0, 0, 0, 0, 0, 1, 0 ], 
              [ 0, 0, 0, 0, 0, 0, 0, 0, 0, 0, 1 ] ],
          cubicSpaceVerified := true,
          exactVerificationPassed := true,
          exemptionReasons := [  ],
          familyDimension := 3,
          fullIndex := 8,
          generatorImages := 
           [ 
              [ [ E(3), 0, 0, 0, 0, 0 ], [ 0, E(3), 0, 0, 0, 0 ], 
                  [ 0, 0, E(3), 0, 0, 0 ], [ 0, 0, 0, E(3), 0, 0 ], 
                  [ 0, 0, 0, 0, E(3), 0 ], [ 0, 0, 0, 0, 0, E(3) ] ], 
              [ [ -E(8)^3, 0, 0, 0, 0, 0 ], [ 0, E(4), 0, 0, 0, 0 ], 
                  [ 0, 0, -E(4), 0, 0, 0 ], [ 0, 0, 0, -1, 0, 0 ], 
                  [ 0, 0, 0, 0, 1, 0 ], [ 0, 0, 0, 0, 0, 1 ] ], 
              [ [ -E(4), 0, 0, 0, 0, 0 ], [ 0, -1, 0, 0, 0, 0 ], 
                  [ 0, 0, -1, 0, 0, 0 ], [ 0, 0, 0, 1, 0, 0 ], 
                  [ 0, 0, 0, 0, 1, 0 ], [ 0, 0, 0, 0, 0, 1 ] ], 
              [ [ -1, 0, 0, 0, 0, 0 ], [ 0, 1, 0, 0, 0, 0 ], 
                  [ 0, 0, 1, 0, 0, 0 ], [ 0, 0, 0, 1, 0, 0 ], 
                  [ 0, 0, 0, 0, 1, 0 ], [ 0, 0, 0, 0, 0, 1 ] ] ],
          groupOrder := 24,
          groupOrderVerified := true,
          invariantDimension := 11,
          invariantDimensionVerified := true,
          linearGroupId := [ 24, 2 ],
          projectiveGroupId := [ 8, 1 ],
          proofType := 
           "source group equals its conjugate in the stored coordinates",
          rankS := 0,
          runtimeMilliseconds := 485,
          scalarCompatibleAutomorphisms := 0,
          sourceCategory := "liftable_abelian",
          sourceKey := 
           "liftable-abelian-1-PGL-8-1-index-8-dimension-3-representation-3",
          status := "self_conjugate",
          storedInvariantDimension := 11,
          symplecticPart := "1",
          verificationKind := "exact_matrix_and_cubic_space",
          witnessVerified := true ), rec(
          automorphismsTested := 0,
          cataloguePosition := 92,
          characterCompatibleAutomorphisms := 0,
          conjugatingMatrix := 
           [ [ 1, 0, 0, 0, 0, 0 ], [ 0, 1, 0, 0, 0, 0 ], [ 0, 0, 1, 0, 0, 0 ],
              [ 0, 0, 0, 1, 0, 0 ], [ 0, 0, 0, 0, 1, 0 ], 
              [ 0, 0, 0, 0, 0, 1 ] ],
          cubicBasisMap := 
           [ [ 1, 0, 0, 0, 0, 0, 0, 0 ], [ 0, 1, 0, 0, 0, 0, 0, 0 ], 
              [ 0, 0, 1, 0, 0, 0, 0, 0 ], [ 0, 0, 0, 1, 0, 0, 0, 0 ], 
              [ 0, 0, 0, 0, 1, 0, 0, 0 ], [ 0, 0, 0, 0, 0, 1, 0, 0 ], 
              [ 0, 0, 0, 0, 0, 0, 1, 0 ], [ 0, 0, 0, 0, 0, 0, 0, 1 ] ],
          cubicSpaceVerified := true,
          exactVerificationPassed := true,
          exemptionReasons := [  ],
          familyDimension := 3,
          fullIndex := 2,
          generatorImages := 
           [ [ [ 67/85, 144/85, 0, 0, 0, 0 ], [ 19/85, -67/85, 0, 0, 0, 0 ], 
                  [ 0, 0, 43/27, -40/27, 0, 0 ], 
                  [ 0, 0, 28/27, -43/27, 0, 0 ], [ 0, 0, 0, 0, 0, -3/4 ], 
                  [ 0, 0, 0, 0, -4/3, 0 ] ], 
              [ [ 67/85, 144/85, 0, 0, 0, 0 ], [ 19/85, -67/85, 0, 0, 0, 0 ], 
                  [ 0, 0, -43/27, 40/27, 0, 0 ], 
                  [ 0, 0, -28/27, 43/27, 0, 0 ], [ 0, 0, 0, 0, 0, 3/4*E(4) ], 
                  [ 0, 0, 0, 0, -4/3*E(4), 0 ] ], 
              [ [ 1, 0, 0, 0, 0, 0 ], [ 0, 1, 0, 0, 0, 0 ], 
                  [ 0, 0, 1, 0, 0, 0 ], [ 0, 0, 0, 1, 0, 0 ], 
                  [ 0, 0, 0, 0, -1, 0 ], [ 0, 0, 0, 0, 0, -1 ] ], 
              [ [ E(3), 0, 0, 0, 0, 0 ], [ 0, E(3), 0, 0, 0, 0 ], 
                  [ 0, 0, E(3), 0, 0, 0 ], [ 0, 0, 0, E(3), 0, 0 ], 
                  [ 0, 0, 0, 0, E(3), 0 ], [ 0, 0, 0, 0, 0, E(3) ] ] ],
          groupOrder := 24,
          groupOrderVerified := true,
          invariantDimension := 8,
          invariantDimensionVerified := true,
          linearGroupId := [ 24, 10 ],
          projectiveGroupId := [ 8, 3 ],
          proofType := 
           "source group equals its conjugate in the stored coordinates",
          rankS := 14,
          runtimeMilliseconds := 360,
          scalarCompatibleAutomorphisms := 0,
          sourceCategory := "small_nonabelian",
          sourceKey := "small-nonabelian-C4-PGL-8-3-index-2-dimension-3",
          status := "self_conjugate",
          storedInvariantDimension := 8,
          symplecticPart := "C4",
          verificationKind := "exact_matrix_and_cubic_space",
          witnessVerified := true ), rec(
          automorphismsTested := 0,
          cataloguePosition := 93,
          characterCompatibleAutomorphisms := 0,
          conjugatingMatrix := 
           [ [ 1, 0, 0, 0, 0, 0 ], [ 0, 1, 0, 0, 0, 0 ], [ 0, 0, 1, 0, 0, 0 ],
              [ 0, 0, 0, 1, 0, 0 ], [ 0, 0, 0, 0, 1, 0 ], 
              [ 0, 0, 0, 0, 0, 1 ] ],
          cubicBasisMap := 
           [ [ 1, 0, 0, 0, 0, 0, 0, 0, 0 ], [ 0, 1, 0, 0, 0, 0, 0, 0, 0 ], 
              [ 0, 0, 1, 0, 0, 0, 0, 0, 0 ], [ 0, 0, 0, 1, 0, 0, 0, 0, 0 ], 
              [ 0, 0, 0, 0, 1, 0, 0, 0, 0 ], [ 0, 0, 0, 0, 0, 1, 0, 0, 0 ], 
              [ 0, 0, 0, 0, 0, 0, 1, 0, 0 ], [ 0, 0, 0, 0, 0, 0, 0, 1, 0 ], 
              [ 0, 0, 0, 0, 0, 0, 0, 0, 1 ] ],
          cubicSpaceVerified := true,
          exactVerificationPassed := true,
          exemptionReasons := [  ],
          familyDimension := 3,
          fullIndex := 3,
          generatorImages := 
           [ 
              [ [ E(3), 0, 0, 0, 0, 0 ], [ 0, E(3), 0, 0, 0, 0 ], 
                  [ 0, 0, E(3), 0, 0, 0 ], [ 0, 0, 0, E(3), 0, 0 ], 
                  [ 0, 0, 0, 0, E(3), 0 ], [ 0, 0, 0, 0, 0, E(3) ] ], 
              [ [ 1, 0, 0, 0, 0, 0 ], [ 0, E(3), 0, 0, 0, 0 ], 
                  [ 0, 0, 1, 0, 0, 0 ], [ 0, 0, 0, E(3)^2, 0, 0 ], 
                  [ 0, 0, 0, 0, E(3)^2, 0 ], [ 0, 0, 0, 0, 0, E(3) ] ], 
              [ [ E(3), 0, 0, 0, 0, 0 ], [ 0, E(3)^2, 0, 0, 0, 0 ], 
                  [ 0, 0, 1, 0, 0, 0 ], [ 0, 0, 0, E(3), 0, 0 ], 
                  [ 0, 0, 0, 0, 1, 0 ], [ 0, 0, 0, 0, 0, 1 ] ] ],
          groupOrder := 27,
          groupOrderVerified := true,
          invariantDimension := 9,
          invariantDimensionVerified := true,
          linearGroupId := [ 27, 5 ],
          projectiveGroupId := [ 9, 2 ],
          proofType := 
           "source group equals its conjugate in the stored coordinates",
          rankS := 12,
          runtimeMilliseconds := 203,
          scalarCompatibleAutomorphisms := 0,
          sourceCategory := "liftable_abelian",
          sourceKey := "liftable-abelian-C3-PGL-9-2-index-3-dimension-3",
          status := "self_conjugate",
          storedInvariantDimension := 9,
          symplecticPart := "C3",
          verificationKind := "exact_matrix_and_cubic_space",
          witnessVerified := true ), rec(
          automorphismsTested := 0,
          cataloguePosition := 94,
          characterCompatibleAutomorphisms := 0,
          conjugatingMatrix := 
           [ [ 1, 0, 0, 0, 0, 0 ], [ 0, 1, 0, 0, 0, 0 ], [ 0, 0, 1, 0, 0, 0 ],
              [ 0, 0, 0, 1, 0, 0 ], [ 0, 0, 0, 0, 1, 0 ], 
              [ 0, 0, 0, 0, 0, 1 ] ],
          cubicBasisMap := [ [ 1, 0, 0, 0, 0, 0, 0, 0, 0, 0, 0, 0, 0, 0, 0 ], 
              [ 0, 1, 0, 0, 0, 0, 0, 0, 0, 0, 0, 0, 0, 0, 0 ], 
              [ 0, 0, 1, 0, 0, 0, 0, 0, 0, 0, 0, 0, 0, 0, 0 ], 
              [ 0, 0, 0, 1, 0, 0, 0, 0, 0, 0, 0, 0, 0, 0, 0 ], 
              [ 0, 0, 0, 0, 1, 0, 0, 0, 0, 0, 0, 0, 0, 0, 0 ], 
              [ 0, 0, 0, 0, 0, 1, 0, 0, 0, 0, 0, 0, 0, 0, 0 ], 
              [ 0, 0, 0, 0, 0, 0, 1, 0, 0, 0, 0, 0, 0, 0, 0 ], 
              [ 0, 0, 0, 0, 0, 0, 0, 1, 0, 0, 0, 0, 0, 0, 0 ], 
              [ 0, 0, 0, 0, 0, 0, 0, 0, 1, 0, 0, 0, 0, 0, 0 ], 
              [ 0, 0, 0, 0, 0, 0, 0, 0, 0, 1, 0, 0, 0, 0, 0 ], 
              [ 0, 0, 0, 0, 0, 0, 0, 0, 0, 0, 1, 0, 0, 0, 0 ], 
              [ 0, 0, 0, 0, 0, 0, 0, 0, 0, 0, 0, 1, 0, 0, 0 ], 
              [ 0, 0, 0, 0, 0, 0, 0, 0, 0, 0, 0, 0, 1, 0, 0 ], 
              [ 0, 0, 0, 0, 0, 0, 0, 0, 0, 0, 0, 0, 0, 1, 0 ], 
              [ 0, 0, 0, 0, 0, 0, 0, 0, 0, 0, 0, 0, 0, 0, 1 ] ],
          cubicSpaceVerified := true,
          exactVerificationPassed := true,
          exemptionReasons := [  ],
          familyDimension := 3,
          fullIndex := 12,
          generatorImages := 
           [ 
              [ [ E(3), 0, 0, 0, 0, 0 ], [ 0, E(3), 0, 0, 0, 0 ], 
                  [ 0, 0, E(3), 0, 0, 0 ], [ 0, 0, 0, E(3), 0, 0 ], 
                  [ 0, 0, 0, 0, E(3), 0 ], [ 0, 0, 0, 0, 0, E(3) ] ], 
              [ [ E(3), 0, 0, 0, 0, 0 ], [ 0, E(3), 0, 0, 0, 0 ], 
                  [ 0, 0, E(3), 0, 0, 0 ], [ 0, 0, 0, E(3), 0, 0 ], 
                  [ 0, 0, 0, 0, E(3), 0 ], [ 0, 0, 0, 0, 0, 1 ] ], 
              [ [ -E(4), 0, 0, 0, 0, 0 ], [ 0, -1, 0, 0, 0, 0 ], 
                  [ 0, 0, 1, 0, 0, 0 ], [ 0, 0, 0, 1, 0, 0 ], 
                  [ 0, 0, 0, 0, 1, 0 ], [ 0, 0, 0, 0, 0, 1 ] ], 
              [ [ -1, 0, 0, 0, 0, 0 ], [ 0, 1, 0, 0, 0, 0 ], 
                  [ 0, 0, 1, 0, 0, 0 ], [ 0, 0, 0, 1, 0, 0 ], 
                  [ 0, 0, 0, 0, 1, 0 ], [ 0, 0, 0, 0, 0, 1 ] ] ],
          groupOrder := 36,
          groupOrderVerified := true,
          invariantDimension := 15,
          invariantDimensionVerified := true,
          linearGroupId := [ 36, 8 ],
          projectiveGroupId := [ 12, 2 ],
          proofType := 
           "source group equals its conjugate in the stored coordinates",
          rankS := 0,
          runtimeMilliseconds := 250,
          scalarCompatibleAutomorphisms := 0,
          sourceCategory := "liftable_abelian",
          sourceKey := "liftable-abelian-1-PGL-12-2-index-12-dimension-3",
          status := "self_conjugate",
          storedInvariantDimension := 15,
          symplecticPart := "1",
          verificationKind := "exact_matrix_and_cubic_space",
          witnessVerified := true ), rec(
          automorphismsTested := 0,
          cataloguePosition := 95,
          characterCompatibleAutomorphisms := 0,
          conjugatingMatrix := 
           [ [ 1, 0, 0, 0, 0, 0 ], [ 0, 1, 0, 0, 0, 0 ], [ 0, 0, 1, 0, 0, 0 ],
              [ 0, 0, 0, 1, 0, 0 ], [ 0, 0, 0, 0, 1, 0 ], 
              [ 0, 0, 0, 0, 0, 1 ] ],
          cubicBasisMap := 
           [ [ 1, 0, 0, 0, 0, 0, 0, 0, 0, 0, 0, 0, 0 ], 
              [ 0, 1, 0, 0, 0, 0, 0, 0, 0, 0, 0, 0, 0 ], 
              [ 0, 0, 1, 0, 0, 0, 0, 0, 0, 0, 0, 0, 0 ], 
              [ 0, 0, 0, 1, 0, 0, 0, 0, 0, 0, 0, 0, 0 ], 
              [ 0, 0, 0, 0, 1, 0, 0, 0, 0, 0, 0, 0, 0 ], 
              [ 0, 0, 0, 0, 0, 1, 0, 0, 0, 0, 0, 0, 0 ], 
              [ 0, 0, 0, 0, 0, 0, 1, 0, 0, 0, 0, 0, 0 ], 
              [ 0, 0, 0, 0, 0, 0, 0, 1, 0, 0, 0, 0, 0 ], 
              [ 0, 0, 0, 0, 0, 0, 0, 0, 1, 0, 0, 0, 0 ], 
              [ 0, 0, 0, 0, 0, 0, 0, 0, 0, 1, 0, 0, 0 ], 
              [ 0, 0, 0, 0, 0, 0, 0, 0, 0, 0, 1, 0, 0 ], 
              [ 0, 0, 0, 0, 0, 0, 0, 0, 0, 0, 0, 1, 0 ], 
              [ 0, 0, 0, 0, 0, 0, 0, 0, 0, 0, 0, 0, 1 ] ],
          cubicSpaceVerified := true,
          exactVerificationPassed := true,
          exemptionReasons := [  ],
          familyDimension := 3,
          fullIndex := 12,
          generatorImages := 
           [ 
              [ [ E(3), 0, 0, 0, 0, 0 ], [ 0, E(3), 0, 0, 0, 0 ], 
                  [ 0, 0, E(3), 0, 0, 0 ], [ 0, 0, 0, E(3), 0, 0 ], 
                  [ 0, 0, 0, 0, E(3), 0 ], [ 0, 0, 0, 0, 0, E(3) ] ], 
              [ [ -E(4), 0, 0, 0, 0, 0 ], [ 0, -1, 0, 0, 0, 0 ], 
                  [ 0, 0, 1, 0, 0, 0 ], [ 0, 0, 0, -1, 0, 0 ], 
                  [ 0, 0, 0, 0, 1, 0 ], [ 0, 0, 0, 0, 0, 1 ] ], 
              [ [ E(3), 0, 0, 0, 0, 0 ], [ 0, E(3), 0, 0, 0, 0 ], 
                  [ 0, 0, E(3), 0, 0, 0 ], [ 0, 0, 0, E(3), 0, 0 ], 
                  [ 0, 0, 0, 0, E(3), 0 ], [ 0, 0, 0, 0, 0, 1 ] ], 
              [ [ -1, 0, 0, 0, 0, 0 ], [ 0, 1, 0, 0, 0, 0 ], 
                  [ 0, 0, 1, 0, 0, 0 ], [ 0, 0, 0, 1, 0, 0 ], 
                  [ 0, 0, 0, 0, 1, 0 ], [ 0, 0, 0, 0, 0, 1 ] ] ],
          groupOrder := 36,
          groupOrderVerified := true,
          invariantDimension := 13,
          invariantDimensionVerified := true,
          linearGroupId := [ 36, 8 ],
          projectiveGroupId := [ 12, 2 ],
          proofType := 
           "source group equals its conjugate in the stored coordinates",
          rankS := 0,
          runtimeMilliseconds := 218,
          scalarCompatibleAutomorphisms := 0,
          sourceCategory := "liftable_abelian",
          sourceKey := 
           "liftable-abelian-1-PGL-12-2-index-12-dimension-3-representation-2"
           ,
          status := "self_conjugate",
          storedInvariantDimension := 13,
          symplecticPart := "1",
          verificationKind := "exact_matrix_and_cubic_space",
          witnessVerified := true ), rec(
          automorphismsTested := 0,
          cataloguePosition := 96,
          characterCompatibleAutomorphisms := 0,
          conjugatingMatrix := 
           [ [ 1, 0, 0, 0, 0, 0 ], [ 0, 1, 0, 0, 0, 0 ], [ 0, 0, 1, 0, 0, 0 ],
              [ 0, 0, 0, 1, 0, 0 ], [ 0, 0, 0, 0, 1, 0 ], 
              [ 0, 0, 0, 0, 0, 1 ] ],
          cubicBasisMap := 
           [ [ 1, 0, 0, 0, 0, 0, 0, 0, 0, 0, 0 ], 
              [ 0, 1, 0, 0, 0, 0, 0, 0, 0, 0, 0 ], 
              [ 0, 0, 1, 0, 0, 0, 0, 0, 0, 0, 0 ], 
              [ 0, 0, 0, 1, 0, 0, 0, 0, 0, 0, 0 ], 
              [ 0, 0, 0, 0, 1, 0, 0, 0, 0, 0, 0 ], 
              [ 0, 0, 0, 0, 0, 1, 0, 0, 0, 0, 0 ], 
              [ 0, 0, 0, 0, 0, 0, 1, 0, 0, 0, 0 ], 
              [ 0, 0, 0, 0, 0, 0, 0, 1, 0, 0, 0 ], 
              [ 0, 0, 0, 0, 0, 0, 0, 0, 1, 0, 0 ], 
              [ 0, 0, 0, 0, 0, 0, 0, 0, 0, 1, 0 ], 
              [ 0, 0, 0, 0, 0, 0, 0, 0, 0, 0, 1 ] ],
          cubicSpaceVerified := true,
          exactVerificationPassed := true,
          exemptionReasons := [  ],
          familyDimension := 3,
          fullIndex := 6,
          generatorImages := 
           [ 
              [ [ E(3), 0, 0, 0, 0, 0 ], [ 0, E(3), 0, 0, 0, 0 ], 
                  [ 0, 0, E(3), 0, 0, 0 ], [ 0, 0, 0, E(3), 0, 0 ], 
                  [ 0, 0, 0, 0, E(3), 0 ], [ 0, 0, 0, 0, 0, E(3) ] ], 
              [ [ 1, 0, 0, 0, 0, 0 ], [ 0, 1, 0, 0, 0, 0 ], 
                  [ 0, 0, 1, 0, 0, 0 ], [ 0, 0, 0, -1, 0, 0 ], 
                  [ 0, 0, 0, 0, 1, 0 ], [ 0, 0, 0, 0, 0, 1 ] ], 
              [ [ E(3)^2, 0, 0, 0, 0, 0 ], [ 0, E(3)^2, 0, 0, 0, 0 ], 
                  [ 0, 0, E(3)^2, 0, 0, 0 ], [ 0, 0, 0, E(3), 0, 0 ], 
                  [ 0, 0, 0, 0, E(3), 0 ], [ 0, 0, 0, 0, 0, 1 ] ], 
              [ [ -1, 0, 0, 0, 0, 0 ], [ 0, 1, 0, 0, 0, 0 ], 
                  [ 0, 0, 1, 0, 0, 0 ], [ 0, 0, 0, 1, 0, 0 ], 
                  [ 0, 0, 0, 0, 1, 0 ], [ 0, 0, 0, 0, 0, 1 ] ] ],
          groupOrder := 36,
          groupOrderVerified := true,
          invariantDimension := 11,
          invariantDimensionVerified := true,
          linearGroupId := [ 36, 14 ],
          projectiveGroupId := [ 12, 5 ],
          proofType := 
           "source group equals its conjugate in the stored coordinates",
          rankS := 8,
          runtimeMilliseconds := 297,
          scalarCompatibleAutomorphisms := 0,
          sourceCategory := "liftable_abelian",
          sourceKey := "liftable-abelian-C2-PGL-12-5-index-6-dimension-3",
          status := "self_conjugate",
          storedInvariantDimension := 11,
          symplecticPart := "C2",
          verificationKind := "exact_matrix_and_cubic_space",
          witnessVerified := true ), rec(
          automorphismsTested := 13,
          cataloguePosition := 97,
          characterCompatibleAutomorphisms := 1,
          conjugatingMatrix := 
           [ [ 3817/72, 43/8, 4, 0, 0, 0 ], [ 6787/135, 1, 2, 0, 0, 0 ], 
              [ 14/135, 0, -3, 0, 0, 0 ], [ 0, 0, 0, 0, 7/4, 0 ], 
              [ 0, 0, 0, 16/7, 0, 0 ], [ 0, 0, 0, 0, 0, -2 ] ],
          cubicBasisMap := 
           [ [ -1/8, 0, 0, 0, 0, 0, 0, 0, 0 ], 
              [ 0, -6575/82884*E(3), 0, 2160/338443, 135/27628*E(3), 0, 0, 0, 
                  0 ], 
              [ 0, 0, -284241359375/8896765265361, 0, 0, 
                  1945378125/329509824643, 126390375/659019649286, 
                  -119829375/329509824643, 2460375/329509824643 ], 
              [ 0, -222305503/380437560*E(3)-15543165491/24348003840*E(3)^2, 
                  0, -4707/939352*E(3)+4707/939352*E(3)^2, 
                  175959/3757408*E(3)+2584701/60118528*E(3)^2, 0, 0, 0, 0 ], 
              [ 0, -289026899/380437560*E(3)-26849251/380437560*E(3)^2, 0, 
                  37656/5753531*E(3)+75312/5753531*E(3)^2, 
                  52749/939352*E(3)-4707/939352*E(3)^2, 0, 0, 0, 0 ], 
              [ 0, 0, 345845000/11592715707, 0, 0, -526000/143119947, 
                  -2700/47706649, 5400/47706649, 0 ], 
              [ 0, 0, 1588446722639237213467/1062148328293861809900, 0, 0, 
                  -32352815052426151/291398718324790620, 
                  -45674271926757/3237763536942118, 
                  -47624170704399/6475527073884236, 
                  3709276407495/6475527073884236 ], 
              [ 0, 0, 1529269761743975453467/2124296656587723619800, 0, 0, 
                  -94058345745604853/1748392309948743720, 
                  -45674271926757/6475527073884236, 
                  -47624170704399/12951054147768472, 
                  3709276407495/12951054147768472 ], 
              [ 0, 0, -522575012000935886089/265537082073465452475, 0, 0, 
                  32352815052426151/218549038743592965, 
                  30449514617838/1618881768471059, 
                  15874723568133/1618881768471059, 
                  -1236425469165/1618881768471059 ] ],
          cubicSpaceVerified := true,
          exactVerificationPassed := true,
          exemptionReasons := [  ],
          familyDimension := 3,
          fullIndex := 3,
          generatorImages := 
           [ 
              [ 
                  [ 40/523*E(3)+483/523*E(3)^2, -45/523*E(3)+45/523*E(3)^2, 
                      -90/523*E(3)+90/523*E(3)^2, 0, 0, 0 ], 
                  [ -1256/1569*E(3)+1256/1569*E(3)^2, 
                      471/523*E(3)+52/523*E(3)^2, 942/523*E(3)-942/523*E(3)^2,
                      0, 0, 0 ], 
                  [ -16/1569*E(3)+16/1569*E(3)^2, 6/523*E(3)-6/523*E(3)^2, 
                      12/523*E(3)+511/523*E(3)^2, 0, 0, 0 ], 
                  [ 0, 0, 0, 0, 0, 1/4 ], [ 0, 0, 0, -8/7, 0, 0 ], 
                  [ 0, 0, 0, 0, -7/2, 0 ] ], 
              [ [ 1, 0, 0, 0, 0, 0 ], [ 0, 1, 0, 0, 0, 0 ], 
                  [ 0, 0, 1, 0, 0, 0 ], [ 0, 0, 0, -1, 0, 0 ], 
                  [ 0, 0, 0, 0, 1, 0 ], [ 0, 0, 0, 0, 0, -1 ] ], 
              [ [ 1, 0, 0, 0, 0, 0 ], [ 0, 1, 0, 0, 0, 0 ], 
                  [ 0, 0, 1, 0, 0, 0 ], [ 0, 0, 0, 1, 0, 0 ], 
                  [ 0, 0, 0, 0, -1, 0 ], [ 0, 0, 0, 0, 0, -1 ] ], 
              [ [ E(3), 0, 0, 0, 0, 0 ], [ 0, E(3), 0, 0, 0, 0 ], 
                  [ 0, 0, E(3), 0, 0, 0 ], [ 0, 0, 0, E(3), 0, 0 ], 
                  [ 0, 0, 0, 0, E(3), 0 ], [ 0, 0, 0, 0, 0, E(3) ] ] ],
          groupOrder := 36,
          groupOrderVerified := true,
          invariantDimension := 9,
          invariantDimensionVerified := true,
          linearGroupId := [ 36, 11 ],
          projectiveGroupId := [ 12, 3 ],
          proofType := 
           "complete abstract-automorphism character match with exact intertwi\
ner",
          rankS := 12,
          runtimeMilliseconds := 391,
          scalarCompatibleAutomorphisms := 5,
          sourceCategory := "small_nonabelian",
          sourceKey := "small-nonabelian-C2^2-PGL-12-3-index-3-dimension-3",
          status := "self_conjugate",
          storedInvariantDimension := 9,
          symplecticPart := "C2^2",
          verificationKind := "exact_matrix_and_cubic_space",
          witnessVerified := true ), rec(
          automorphismsTested := 0,
          cataloguePosition := 98,
          characterCompatibleAutomorphisms := 0,
          conjugatingMatrix := 
           [ [ 1, 0, 0, 0, 0, 0 ], [ 0, 1, 0, 0, 0, 0 ], [ 0, 0, 1, 0, 0, 0 ],
              [ 0, 0, 0, 1, 0, 0 ], [ 0, 0, 0, 0, 1, 0 ], 
              [ 0, 0, 0, 0, 0, 1 ] ],
          cubicBasisMap := 
           [ [ 1, 0, 0, 0, 0, 0, 0 ], [ 0, 1, 0, 0, 0, 0, 0 ], 
              [ 0, 0, 1, 0, 0, 0, 0 ], [ 0, 0, 0, 1, 0, 0, 0 ], 
              [ 0, 0, 0, 0, 1, 0, 0 ], [ 0, 0, 0, 0, 0, 1, 0 ], 
              [ 0, 0, 0, 0, 0, 0, 1 ] ],
          cubicSpaceVerified := true,
          exactVerificationPassed := true,
          exemptionReasons := [  ],
          familyDimension := 3,
          fullIndex := 2,
          generatorImages := 
           [ 
              [ [ 0, 1, 0, 0, 0, 0 ], [ 1, 0, 0, 0, 0, 0 ], 
                  [ 0, 0, 1, 0, 0, 0 ], [ 0, 0, 0, 0, 1, 0 ], 
                  [ 0, 0, 0, 1, 0, 0 ], [ 0, 0, 0, 0, 0, 1 ] ], 
              [ [ -1, 0, 0, 0, 0, 0 ], [ 0, -1, 0, 0, 0, 0 ], 
                  [ 0, 0, -1, 0, 0, 0 ], [ 2, 0, 0, 1, 0, 0 ], 
                  [ 0, 2, 0, 0, 1, 0 ], [ 0, 0, 2, 0, 0, 1 ] ], 
              [ [ 0, 1, 0, 0, 0, 0 ], [ 0, 0, 1, 0, 0, 0 ], 
                  [ 1, 0, 0, 0, 0, 0 ], [ 0, 0, 0, 0, 1, 0 ], 
                  [ 0, 0, 0, 0, 0, 1 ], [ 0, 0, 0, 1, 0, 0 ] ], 
              [ [ E(3), 0, 0, 0, 0, 0 ], [ 0, E(3), 0, 0, 0, 0 ], 
                  [ 0, 0, E(3), 0, 0, 0 ], [ 0, 0, 0, E(3), 0, 0 ], 
                  [ 0, 0, 0, 0, E(3), 0 ], [ 0, 0, 0, 0, 0, E(3) ] ] ],
          groupOrder := 36,
          groupOrderVerified := true,
          invariantDimension := 7,
          invariantDimensionVerified := true,
          linearGroupId := [ 36, 12 ],
          projectiveGroupId := [ 12, 4 ],
          proofType := 
           "source group equals its conjugate in the stored coordinates",
          rankS := 14,
          runtimeMilliseconds := 531,
          scalarCompatibleAutomorphisms := 0,
          sourceCategory := "small_nonabelian",
          sourceKey := "small-nonabelian-S3-PGL-12-4-index-2-dimension-3",
          status := "self_conjugate",
          storedInvariantDimension := 7,
          symplecticPart := "S3",
          verificationKind := "exact_matrix_and_cubic_space",
          witnessVerified := true ), rec(
          automorphismsTested := 0,
          cataloguePosition := 99,
          characterCompatibleAutomorphisms := 0,
          conjugatingMatrix := 
           [ [ 1, 0, 0, 0, 0, 0 ], [ 0, 1, 0, 0, 0, 0 ], [ 0, 0, 1, 0, 0, 0 ],
              [ 0, 0, 0, 1, 0, 0 ], [ 0, 0, 0, 0, 1, 0 ], 
              [ 0, 0, 0, 0, 0, 1 ] ],
          cubicBasisMap := 
           [ [ 1, 0, 0, 0, 0, 0, 0, 0, 0 ], [ 0, 1, 0, 0, 0, 0, 0, 0, 0 ], 
              [ 0, 0, 1, 0, 0, 0, 0, 0, 0 ], [ 0, 0, 0, 1, 0, 0, 0, 0, 0 ], 
              [ 0, 0, 0, 0, 1, 0, 0, 0, 0 ], [ 0, 0, 0, 0, 0, 1, 0, 0, 0 ], 
              [ 0, 0, 0, 0, 0, 0, 1, 0, 0 ], [ 0, 0, 0, 0, 0, 0, 0, 1, 0 ], 
              [ 0, 0, 0, 0, 0, 0, 0, 0, 1 ] ],
          cubicSpaceVerified := true,
          exactVerificationPassed := true,
          exemptionReasons := [  ],
          familyDimension := 3,
          fullIndex := 2,
          generatorImages := 
           [ 
              [ [ 0, 1, 0, 0, 0, 0 ], [ 1, 0, 0, 0, 0, 0 ], 
                  [ 0, 0, 1, 0, 0, 0 ], [ 0, 0, 0, 0, 1, 0 ], 
                  [ 0, 0, 0, 1, 0, 0 ], [ 0, 0, 0, 0, 0, 1 ] ], 
              [ [ 1/3, -2/3, -2/3, 0, 0, 0 ], [ -2/3, 1/3, -2/3, 0, 0, 0 ], 
                  [ -2/3, -2/3, 1/3, 0, 0, 0 ], [ 2/3, 2/3, 2/3, 1, 0, 0 ], 
                  [ 2/3, 2/3, 2/3, 0, 1, 0 ], [ 2/3, 2/3, 2/3, 0, 0, 1 ] ], 
              [ [ 0, 1, 0, 0, 0, 0 ], [ 0, 0, 1, 0, 0, 0 ], 
                  [ 1, 0, 0, 0, 0, 0 ], [ 0, 0, 0, 0, 1, 0 ], 
                  [ 0, 0, 0, 0, 0, 1 ], [ 0, 0, 0, 1, 0, 0 ] ], 
              [ [ E(3), 0, 0, 0, 0, 0 ], [ 0, E(3), 0, 0, 0, 0 ], 
                  [ 0, 0, E(3), 0, 0, 0 ], [ 0, 0, 0, E(3), 0, 0 ], 
                  [ 0, 0, 0, 0, E(3), 0 ], [ 0, 0, 0, 0, 0, E(3) ] ] ],
          groupOrder := 36,
          groupOrderVerified := true,
          invariantDimension := 9,
          invariantDimensionVerified := true,
          linearGroupId := [ 36, 12 ],
          projectiveGroupId := [ 12, 4 ],
          proofType := 
           "source group equals its conjugate in the stored coordinates",
          rankS := 14,
          runtimeMilliseconds := 187,
          scalarCompatibleAutomorphisms := 0,
          sourceCategory := "small_nonabelian",
          sourceKey := 
           "small-nonabelian-S3-PGL-12-4-index-2-dimension-3-representation-2"
           ,
          status := "self_conjugate",
          storedInvariantDimension := 9,
          symplecticPart := "S3",
          verificationKind := "exact_matrix_and_cubic_space",
          witnessVerified := true ), rec(
          automorphismsTested := 0,
          cataloguePosition := 100,
          characterCompatibleAutomorphisms := 0,
          conjugatingMatrix := 
           [ [ 1, 0, 0, 0, 0, 0 ], [ 0, 1, 0, 0, 0, 0 ], [ 0, 0, 1, 0, 0, 0 ],
              [ 0, 0, 0, 1, 0, 0 ], [ 0, 0, 0, 0, 1, 0 ], 
              [ 0, 0, 0, 0, 0, 1 ] ],
          cubicBasisMap := 
           [ [ 1, 0, 0, 0, 0, 0, 0, 0, 0, 0 ], 
              [ 0, 1, 0, 0, 0, 0, 0, 0, 0, 0 ], 
              [ 0, 0, 1, 0, 0, 0, 0, 0, 0, 0 ], 
              [ 0, 0, 0, 1, 0, 0, 0, 0, 0, 0 ], 
              [ 0, 0, 0, 0, 1, 0, 0, 0, 0, 0 ], 
              [ 0, 0, 0, 0, 0, 1, 0, 0, 0, 0 ], 
              [ 0, 0, 0, 0, 0, 0, 1, 0, 0, 0 ], 
              [ 0, 0, 0, 0, 0, 0, 0, 1, 0, 0 ], 
              [ 0, 0, 0, 0, 0, 0, 0, 0, 1, 0 ], 
              [ 0, 0, 0, 0, 0, 0, 0, 0, 0, 1 ] ],
          cubicSpaceVerified := true,
          exactVerificationPassed := true,
          exemptionReasons := [  ],
          familyDimension := 3,
          fullIndex := 2,
          generatorImages := 
           [ 
              [ [ 1, 0, 0, 0, 0, 0 ], [ 0, 1, 0, 0, 0, 0 ], 
                  [ 0, 0, 1, 0, 0, 0 ], [ 0, 0, 0, -1, 0, 0 ], 
                  [ 0, 0, 0, 0, 0, 1 ], [ 0, 0, 0, 0, 1, 0 ] ], 
              [ [ 1, 0, 0, 0, 0, 0 ], [ 0, 1, 0, 0, 0, 0 ], 
                  [ 0, 0, -1, 0, 0, 0 ], [ 0, 0, 0, 1, 0, 0 ], 
                  [ 0, 0, 0, 0, 0, E(4) ], [ 0, 0, 0, 0, -E(4), 0 ] ], 
              [ [ 1, 0, 0, 0, 0, 0 ], [ 0, 1, 0, 0, 0, 0 ], 
                  [ 0, 0, -1, 0, 0, 0 ], [ 0, 0, 0, -1, 0, 0 ], 
                  [ 0, 0, 0, 0, -E(4), 0 ], [ 0, 0, 0, 0, 0, -E(4) ] ], 
              [ [ 1, 0, 0, 0, 0, 0 ], [ 0, 1, 0, 0, 0, 0 ], 
                  [ 0, 0, 1, 0, 0, 0 ], [ 0, 0, 0, 1, 0, 0 ], 
                  [ 0, 0, 0, 0, -1, 0 ], [ 0, 0, 0, 0, 0, -1 ] ], 
              [ [ E(3), 0, 0, 0, 0, 0 ], [ 0, E(3), 0, 0, 0, 0 ], 
                  [ 0, 0, E(3), 0, 0, 0 ], [ 0, 0, 0, E(3), 0, 0 ], 
                  [ 0, 0, 0, 0, E(3), 0 ], [ 0, 0, 0, 0, 0, E(3) ] ] ],
          groupOrder := 48,
          groupOrderVerified := true,
          invariantDimension := 10,
          invariantDimensionVerified := true,
          linearGroupId := [ 48, 47 ],
          projectiveGroupId := [ 16, 13 ],
          proofType := 
           "source group equals its conjugate in the stored coordinates",
          rankS := 15,
          runtimeMilliseconds := 297,
          scalarCompatibleAutomorphisms := 0,
          sourceCategory := "rank_at_least_15",
          sourceKey := "rank-at-least-15-D_8-PGL-16-13-index-2-dimension-3",
          status := "self_conjugate",
          storedInvariantDimension := 10,
          symplecticPart := "D_8",
          verificationKind := "exact_matrix_and_cubic_space",
          witnessVerified := true ), rec(
          automorphismsTested := 0,
          cataloguePosition := 101,
          characterCompatibleAutomorphisms := 0,
          conjugatingMatrix := 
           [ [ 1, 0, 0, 0, 0, 0 ], [ 0, 1, 0, 0, 0, 0 ], [ 0, 0, 1, 0, 0, 0 ],
              [ 0, 0, 0, 1, 0, 0 ], [ 0, 0, 0, 0, 1, 0 ], 
              [ 0, 0, 0, 0, 0, 1 ] ],
          cubicBasisMap := 
           [ [ 1, 0, 0, 0, 0, 0, 0, 0, 0, 0 ], 
              [ 0, 1, 0, 0, 0, 0, 0, 0, 0, 0 ], 
              [ 0, 0, 1, 0, 0, 0, 0, 0, 0, 0 ], 
              [ 0, 0, 0, 1, 0, 0, 0, 0, 0, 0 ], 
              [ 0, 0, 0, 0, 1, 0, 0, 0, 0, 0 ], 
              [ 0, 0, 0, 0, 0, 1, 0, 0, 0, 0 ], 
              [ 0, 0, 0, 0, 0, 0, 1, 0, 0, 0 ], 
              [ 0, 0, 0, 0, 0, 0, 0, 1, 0, 0 ], 
              [ 0, 0, 0, 0, 0, 0, 0, 0, 1, 0 ], 
              [ 0, 0, 0, 0, 0, 0, 0, 0, 0, 1 ] ],
          cubicSpaceVerified := true,
          exactVerificationPassed := true,
          exemptionReasons := [  ],
          familyDimension := 3,
          fullIndex := 6,
          generatorImages := 
           [ 
              [ [ 1, 0, 0, 0, 0, 0 ], [ 0, 1, 0, 0, 0, 0 ], 
                  [ 0, 0, 1, 0, 0, 0 ], [ 0, 0, 0, 1, 0, 0 ], 
                  [ 0, 0, 0, 0, 0, 1/9*E(3) ], [ 0, 0, 0, 0, 9*E(3)^2, 0 ] ], 
              [ [ -609/25726*E(3)+41861/25726*E(3)^2, 
                      -44491/38589*E(3)-22049/38589*E(3)^2, 
                      -16439/77178*E(3)-70063/77178*E(3)^2, 
                      10373/38589*E(3)-53624/38589*E(3)^2, 0, 0 ], 
                  [ 3465/12863*E(3)+7553/12863*E(3)^2, 
                      -33082/38589*E(3)-22769/38589*E(3)^2, 
                      -20017/38589*E(3)-41369/38589*E(3)^2, 
                      -18682/38589*E(3)-42704/38589*E(3)^2, 0, 0 ], 
                  [ 7791/25726*E(3)-20125/25726*E(3)^2, 
                      63529/38589*E(3)-10669/38589*E(3)^2, 
                      -2599/77178*E(3)+148495/77178*E(3)^2, 
                      -39557/38589*E(3)+73916/38589*E(3)^2, 0, 0 ], 
                  [ -2464/12863*E(3)+16639/12863*E(3)^2, 
                      -31986/12863*E(3)-8514/12863*E(3)^2, 
                      -3640/12863*E(3)-22685/12863*E(3)^2, 
                      11765/12863*E(3)-25227/12863*E(3)^2, 0, 0 ], 
                  [ 0, 0, 0, 0, E(3), 0 ], [ 0, 0, 0, 0, 0, E(3) ] ], 
              [ [ 1, 0, 0, 0, 0, 0 ], [ 0, 1, 0, 0, 0, 0 ], 
                  [ 0, 0, 1, 0, 0, 0 ], [ 0, 0, 0, 1, 0, 0 ], 
                  [ 0, 0, 0, 0, E(3), 0 ], [ 0, 0, 0, 0, 0, E(3)^2 ] ], 
              [ [ E(3), 0, 0, 0, 0, 0 ], [ 0, E(3), 0, 0, 0, 0 ], 
                  [ 0, 0, E(3), 0, 0, 0 ], [ 0, 0, 0, E(3), 0, 0 ], 
                  [ 0, 0, 0, 0, E(3), 0 ], [ 0, 0, 0, 0, 0, E(3) ] ] ],
          groupOrder := 54,
          groupOrderVerified := true,
          invariantDimension := 10,
          invariantDimensionVerified := true,
          linearGroupId := [ 54, 12 ],
          projectiveGroupId := [ 18, 3 ],
          proofType := 
           "source group equals its conjugate in the stored coordinates",
          rankS := 12,
          runtimeMilliseconds := 265,
          scalarCompatibleAutomorphisms := 0,
          sourceCategory := "small_nonabelian",
          sourceKey := "small-nonabelian-C3-PGL-18-3-index-6-dimension-3",
          status := "self_conjugate",
          storedInvariantDimension := 10,
          symplecticPart := "C3",
          verificationKind := "exact_matrix_and_cubic_space",
          witnessVerified := true ), rec(
          automorphismsTested := 0,
          cataloguePosition := 102,
          characterCompatibleAutomorphisms := 0,
          conjugatingMatrix := 
           [ [ 1, 0, 0, 0, 0, 0 ], [ 0, 1, 0, 0, 0, 0 ], [ 0, 0, 1, 0, 0, 0 ],
              [ 0, 0, 0, 1, 0, 0 ], [ 0, 0, 0, 0, 1, 0 ], 
              [ 0, 0, 0, 0, 0, 1 ] ],
          cubicBasisMap := 
           [ [ 1, 0, 0, 0, 0, 0, 0, 0, 0 ], [ 0, 1, 0, 0, 0, 0, 0, 0, 0 ], 
              [ 0, 0, 1, 0, 0, 0, 0, 0, 0 ], [ 0, 0, 0, 1, 0, 0, 0, 0, 0 ], 
              [ 0, 0, 0, 0, 1, 0, 0, 0, 0 ], [ 0, 0, 0, 0, 0, 1, 0, 0, 0 ], 
              [ 0, 0, 0, 0, 0, 0, 1, 0, 0 ], [ 0, 0, 0, 0, 0, 0, 0, 1, 0 ], 
              [ 0, 0, 0, 0, 0, 0, 0, 0, 1 ] ],
          cubicSpaceVerified := true,
          exactVerificationPassed := true,
          exemptionReasons := [  ],
          familyDimension := 3,
          fullIndex := 3,
          generatorImages := 
           [ 
              [ [ 0, 1, 0, 0, 0, 0 ], [ 1, 0, 0, 0, 0, 0 ], 
                  [ 0, 0, 1, 0, 0, 0 ], [ 0, 0, 0, 0, 1, 0 ], 
                  [ 0, 0, 0, 1, 0, 0 ], [ 0, 0, 0, 0, 0, 1 ] ], 
              [ [ E(3)^2, 0, 0, 0, 0, 0 ], [ 0, E(3)^2, 0, 0, 0, 0 ], 
                  [ 0, 0, E(3)^2, 0, 0, 0 ], 
                  [ 1/3*E(3)-1/3*E(3)^2, 1/3*E(3)-1/3*E(3)^2, 
                      1/3*E(3)-1/3*E(3)^2, 1/3*E(3)+2/3*E(3)^2, 
                      1/3*E(3)-1/3*E(3)^2, 1/3*E(3)-1/3*E(3)^2 ], 
                  [ 1/3*E(3)-1/3*E(3)^2, 1/3*E(3)-1/3*E(3)^2, 
                      1/3*E(3)-1/3*E(3)^2, 1/3*E(3)-1/3*E(3)^2, 
                      1/3*E(3)+2/3*E(3)^2, 1/3*E(3)-1/3*E(3)^2 ], 
                  [ 1/3*E(3)-1/3*E(3)^2, 1/3*E(3)-1/3*E(3)^2, 
                      1/3*E(3)-1/3*E(3)^2, 1/3*E(3)-1/3*E(3)^2, 
                      1/3*E(3)-1/3*E(3)^2, 1/3*E(3)+2/3*E(3)^2 ] ], 
              [ [ 0, 1, 0, 0, 0, 0 ], [ 0, 0, 1, 0, 0, 0 ], 
                  [ 1, 0, 0, 0, 0, 0 ], [ 0, 0, 0, 0, 1, 0 ], 
                  [ 0, 0, 0, 0, 0, 1 ], [ 0, 0, 0, 1, 0, 0 ] ], 
              [ [ E(3), 0, 0, 0, 0, 0 ], [ 0, E(3), 0, 0, 0, 0 ], 
                  [ 0, 0, E(3), 0, 0, 0 ], [ 0, 0, 0, E(3), 0, 0 ], 
                  [ 0, 0, 0, 0, E(3), 0 ], [ 0, 0, 0, 0, 0, E(3) ] ] ],
          groupOrder := 54,
          groupOrderVerified := true,
          invariantDimension := 9,
          invariantDimensionVerified := true,
          linearGroupId := [ 54, 12 ],
          projectiveGroupId := [ 18, 3 ],
          proofType := 
           "source group equals its conjugate in the stored coordinates",
          rankS := 14,
          runtimeMilliseconds := 281,
          scalarCompatibleAutomorphisms := 0,
          sourceCategory := "small_nonabelian",
          sourceKey := "small-nonabelian-S3-PGL-18-3-index-3-dimension-3",
          status := "self_conjugate",
          storedInvariantDimension := 9,
          symplecticPart := "S3",
          verificationKind := "exact_matrix_and_cubic_space",
          witnessVerified := true ), rec(
          automorphismsTested := 2,
          cataloguePosition := 103,
          characterCompatibleAutomorphisms := 1,
          conjugatingMatrix := 
           [ [ -1, -E(3), -E(3)^2, 0, 0, -2 ], 
              [ -E(3)^2, 0, -1, -E(3), 0, -2 ], 
              [ -E(3), -1, 0, -E(3)^2, 0, -2 ], 
              [ 0, -E(3)^2, -E(3), -1, 0, -2 ], [ -1, -1, -1, -1, 0, 0 ], 
              [ 0, 0, 0, 0, 3, 0 ] ],
          cubicBasisMap := 
           [ [ 0, 1/27, 0, 0, 0, 0, 0 ], [ 0, 0, 0, 0, 0, -3/64, -1/64 ], 
              [ 0, 0, 1/24, 0, 0, 0, 0 ], [ 0, 0, 0, 0, 1/12, 0, 0 ], 
              [ 0, 0, 0, 0, 0, -1/64*E(3), -3/64*E(3) ], 
              [ -3/64, 0, 0, 1/16*E(3)^2, 0, 0, 0 ], 
              [ 1/64, 0, 0, -3/16*E(3)^2, 0, 0, 0 ] ],
          cubicSpaceVerified := true,
          exactVerificationPassed := true,
          exemptionReasons := [  ],
          familyDimension := 3,
          fullIndex := 2,
          generatorImages := 
           [ [ [ -1/2, 1/2, 1/2, 1/2, 0, 0 ], [ 1/2, -1/2, 1/2, 1/2, 0, 0 ], 
                  [ 1/2, 1/2, -1/2, 1/2, 0, 0 ], 
                  [ 1/2, 1/2, 1/2, -1/2, 0, 0 ], [ 0, 0, 0, 0, 1, 0 ], 
                  [ 0, 0, 0, 0, 0, 1 ] ], 
              [ [ 0, E(3), 0, 0, 0, 0 ], [ 0, 0, 0, E(3), 0, 0 ], 
                  [ 0, 0, E(3), 0, 0, 0 ], [ E(3), 0, 0, 0, 0, 0 ], 
                  [ 0, 0, 0, 0, 1, 0 ], [ 0, 0, 0, 0, 0, E(3)^2 ] ], 
              [ [ 0, 1, 0, 0, 0, 0 ], [ 1, 0, 0, 0, 0, 0 ], 
                  [ 0, 0, 0, 1, 0, 0 ], [ 0, 0, 1, 0, 0, 0 ], 
                  [ 0, 0, 0, 0, 1, 0 ], [ 0, 0, 0, 0, 0, 1 ] ], 
              [ [ 0, 0, 1, 0, 0, 0 ], [ 0, 0, 0, 1, 0, 0 ], 
                  [ 1, 0, 0, 0, 0, 0 ], [ 0, 1, 0, 0, 0, 0 ], 
                  [ 0, 0, 0, 0, 1, 0 ], [ 0, 0, 0, 0, 0, 1 ] ], 
              [ [ E(3), 0, 0, 0, 0, 0 ], [ 0, E(3), 0, 0, 0, 0 ], 
                  [ 0, 0, E(3), 0, 0, 0 ], [ 0, 0, 0, E(3), 0, 0 ], 
                  [ 0, 0, 0, 0, E(3), 0 ], [ 0, 0, 0, 0, 0, E(3) ] ] ],
          groupOrder := 72,
          groupOrderVerified := true,
          invariantDimension := 7,
          invariantDimensionVerified := true,
          linearGroupId := [ 72, 47 ],
          projectiveGroupId := [ 24, 13 ],
          proofType := 
           "complete abstract-automorphism character match with exact intertwi\
ner",
          rankS := 16,
          runtimeMilliseconds := 734,
          scalarCompatibleAutomorphisms := 1,
          sourceCategory := "rank_at_least_15",
          sourceKey := "rank-at-least-15-A_4-PGL-24-13-index-2-dimension-3",
          status := "self_conjugate",
          storedInvariantDimension := 7,
          symplecticPart := "A_4",
          verificationKind := "exact_matrix_and_cubic_space",
          witnessVerified := true ), rec(
          cataloguePosition := 104,
          conjugatingMatrix := fail,
          cubicBasisMap := fail,
          cubicSpaceVerified := fail,
          exemptionReasons := [ "connected symplectic family" ],
          familyDimension := 3,
          fullIndex := 1,
          generatorImages := fail,
          groupOrder := 72,
          invariantDimension := 6,
          invariantDimensionVerified := fail,
          linearGroupId := [ 72, 42 ],
          projectiveGroupId := [ 24, 0 ],
          proofType := "theoretical exemption requested for this catalogue",
          rankS := 17,
          runtimeMilliseconds := 0,
          sourceCategory := "rank_at_least_15",
          sourceKey := "rank-at-least-15-S_4-PGL-24-0-index-1-dimension-3",
          status := "self_conjugate_by_theory",
          symplecticPart := "S_4",
          verificationKind := "theoretical_exemption",
          witnessVerified := fail ), rec(
          automorphismsTested := 0,
          cataloguePosition := 105,
          characterCompatibleAutomorphisms := 0,
          conjugatingMatrix := 
           [ [ 1, 0, 0, 0, 0, 0 ], [ 0, 1, 0, 0, 0, 0 ], [ 0, 0, 1, 0, 0, 0 ],
              [ 0, 0, 0, 1, 0, 0 ], [ 0, 0, 0, 0, 1, 0 ], 
              [ 0, 0, 0, 0, 0, 1 ] ],
          cubicBasisMap := 
           [ [ 1, 0, 0, 0, 0, 0, 0, 0, 0, 0 ], 
              [ 0, 1, 0, 0, 0, 0, 0, 0, 0, 0 ], 
              [ 0, 0, 1, 0, 0, 0, 0, 0, 0, 0 ], 
              [ 0, 0, 0, 1, 0, 0, 0, 0, 0, 0 ], 
              [ 0, 0, 0, 0, 1, 0, 0, 0, 0, 0 ], 
              [ 0, 0, 0, 0, 0, 1, 0, 0, 0, 0 ], 
              [ 0, 0, 0, 0, 0, 0, 1, 0, 0, 0 ], 
              [ 0, 0, 0, 0, 0, 0, 0, 1, 0, 0 ], 
              [ 0, 0, 0, 0, 0, 0, 0, 0, 1, 0 ], 
              [ 0, 0, 0, 0, 0, 0, 0, 0, 0, 1 ] ],
          cubicSpaceVerified := true,
          exactVerificationPassed := true,
          exemptionReasons := [  ],
          familyDimension := 3,
          fullIndex := 6,
          generatorImages := 
           [ 
              [ [ 1, 0, 0, 0, 0, 0 ], [ 0, 1, 0, 0, 0, 0 ], 
                  [ 0, 0, 1, 0, 0, 0 ], [ 0, 0, 0, -1, 0, 0 ], 
                  [ 0, 0, 0, 0, -1, 0 ], [ 0, 0, 0, 0, 0, 1 ] ], 
              [ [ 1, 0, 0, 0, 0, 0 ], [ 0, 1, 0, 0, 0, 0 ], 
                  [ 0, 0, 1, 0, 0, 0 ], [ 0, 0, 0, 1, 0, 0 ], 
                  [ 0, 0, 0, 0, 0, -7/2 ], [ 0, 0, 0, 0, -2/7, 0 ] ], 
              [ 
                  [ 40/523*E(3)+483/523*E(3)^2, -45/523*E(3)+45/523*E(3)^2, 
                      -90/523*E(3)+90/523*E(3)^2, 0, 0, 0 ], 
                  [ -1256/1569*E(3)+1256/1569*E(3)^2, 
                      471/523*E(3)+52/523*E(3)^2, 942/523*E(3)-942/523*E(3)^2,
                      0, 0, 0 ], 
                  [ -16/1569*E(3)+16/1569*E(3)^2, 6/523*E(3)-6/523*E(3)^2, 
                      12/523*E(3)+511/523*E(3)^2, 0, 0, 0 ], 
                  [ 0, 0, 0, E(3)^2, 0, 0 ], [ 0, 0, 0, 0, E(3)^2, 0 ], 
                  [ 0, 0, 0, 0, 0, E(3)^2 ] ], 
              [ [ 1, 0, 0, 0, 0, 0 ], [ 0, 1, 0, 0, 0, 0 ], 
                  [ 0, 0, 1, 0, 0, 0 ], [ 0, 0, 0, 1, 0, 0 ], 
                  [ 0, 0, 0, 0, -1, 0 ], [ 0, 0, 0, 0, 0, -1 ] ], 
              [ [ E(3), 0, 0, 0, 0, 0 ], [ 0, E(3), 0, 0, 0, 0 ], 
                  [ 0, 0, E(3), 0, 0, 0 ], [ 0, 0, 0, E(3), 0, 0 ], 
                  [ 0, 0, 0, 0, E(3), 0 ], [ 0, 0, 0, 0, 0, E(3) ] ] ],
          groupOrder := 72,
          groupOrderVerified := true,
          invariantDimension := 10,
          invariantDimensionVerified := true,
          linearGroupId := [ 72, 37 ],
          projectiveGroupId := [ 24, 10 ],
          proofType := 
           "source group equals its conjugate in the stored coordinates",
          rankS := 12,
          runtimeMilliseconds := 234,
          scalarCompatibleAutomorphisms := 0,
          sourceCategory := "small_nonabelian",
          sourceKey := "small-nonabelian-C2^2-PGL-24-10-index-6-dimension-3",
          status := "self_conjugate",
          storedInvariantDimension := 10,
          symplecticPart := "C2^2",
          verificationKind := "exact_matrix_and_cubic_space",
          witnessVerified := true ), rec(
          automorphismsTested := 0,
          cataloguePosition := 106,
          characterCompatibleAutomorphisms := 0,
          conjugatingMatrix := 
           [ [ 1, 0, 0, 0, 0, 0 ], [ 0, 1, 0, 0, 0, 0 ], [ 0, 0, 1, 0, 0, 0 ],
              [ 0, 0, 0, 1, 0, 0 ], [ 0, 0, 0, 0, 1, 0 ], 
              [ 0, 0, 0, 0, 0, 1 ] ],
          cubicBasisMap := 
           [ [ 1, 0, 0, 0, 0, 0, 0, 0, 0, 0 ], 
              [ 0, 1, 0, 0, 0, 0, 0, 0, 0, 0 ], 
              [ 0, 0, 1, 0, 0, 0, 0, 0, 0, 0 ], 
              [ 0, 0, 0, 1, 0, 0, 0, 0, 0, 0 ], 
              [ 0, 0, 0, 0, 1, 0, 0, 0, 0, 0 ], 
              [ 0, 0, 0, 0, 0, 1, 0, 0, 0, 0 ], 
              [ 0, 0, 0, 0, 0, 0, 1, 0, 0, 0 ], 
              [ 0, 0, 0, 0, 0, 0, 0, 1, 0, 0 ], 
              [ 0, 0, 0, 0, 0, 0, 0, 0, 1, 0 ], 
              [ 0, 0, 0, 0, 0, 0, 0, 0, 0, 1 ] ],
          cubicSpaceVerified := true,
          exactVerificationPassed := true,
          exemptionReasons := [  ],
          familyDimension := 3,
          fullIndex := 4,
          generatorImages := 
           [ 
              [ [ 0, 1, 0, 0, 0, 0 ], [ 1, 0, 0, 0, 0, 0 ], 
                  [ 0, 0, 1, 0, 0, 0 ], [ 0, 0, 0, 1, 0, 0 ], 
                  [ 0, 0, 0, 0, 1, 0 ], [ 0, 0, 0, 0, 0, -1 ] ], 
              [ [ 2633/1995, 638/1995, 638/1995, -58/285, 58/105, 0 ], 
                  [ 638/1995, 2633/1995, 638/1995, -58/285, 58/105, 0 ], 
                  [ 638/1995, 638/1995, 2633/1995, -58/285, 58/105, 0 ], 
                  [ -968/665, -968/665, -968/665, 183/95, -88/35, 0 ], 
                  [ -1496/665, -1496/665, -1496/665, 136/95, -101/35, 0 ], 
                  [ 0, 0, 0, 0, 0, -E(4) ] ], 
              [ [ 1, 0, 0, 0, 0, 0 ], [ 0, 1, 0, 0, 0, 0 ], 
                  [ 0, 0, 1, 0, 0, 0 ], [ 0, 0, 0, 1, 0, 0 ], 
                  [ 0, 0, 0, 0, 1, 0 ], [ 0, 0, 0, 0, 0, -1 ] ], 
              [ [ 0, 1, 0, 0, 0, 0 ], [ 0, 0, 1, 0, 0, 0 ], 
                  [ 1, 0, 0, 0, 0, 0 ], [ 0, 0, 0, 1, 0, 0 ], 
                  [ 0, 0, 0, 0, 1, 0 ], [ 0, 0, 0, 0, 0, 1 ] ], 
              [ [ E(3), 0, 0, 0, 0, 0 ], [ 0, E(3), 0, 0, 0, 0 ], 
                  [ 0, 0, E(3), 0, 0, 0 ], [ 0, 0, 0, E(3), 0, 0 ], 
                  [ 0, 0, 0, 0, E(3), 0 ], [ 0, 0, 0, 0, 0, E(3) ] ] ],
          groupOrder := 72,
          groupOrderVerified := true,
          invariantDimension := 10,
          invariantDimensionVerified := true,
          linearGroupId := [ 72, 27 ],
          projectiveGroupId := [ 24, 5 ],
          proofType := 
           "source group equals its conjugate in the stored coordinates",
          rankS := 14,
          runtimeMilliseconds := 375,
          scalarCompatibleAutomorphisms := 0,
          sourceCategory := "small_nonabelian",
          sourceKey := "small-nonabelian-S3-PGL-24-5-index-4-dimension-3",
          status := "self_conjugate",
          storedInvariantDimension := 10,
          symplecticPart := "S3",
          verificationKind := "exact_matrix_and_cubic_space",
          witnessVerified := true ), rec(
          automorphismsTested := 0,
          cataloguePosition := 107,
          characterCompatibleAutomorphisms := 0,
          conjugatingMatrix := 
           [ [ 1, 0, 0, 0, 0, 0 ], [ 0, 1, 0, 0, 0, 0 ], [ 0, 0, 1, 0, 0, 0 ],
              [ 0, 0, 0, 1, 0, 0 ], [ 0, 0, 0, 0, 1, 0 ], 
              [ 0, 0, 0, 0, 0, 1 ] ],
          cubicBasisMap := [ [ 1, 0, 0, 0, 0, 0, 0, 0, 0, 0, 0, 0, 0, 0 ], 
              [ 0, 1, 0, 0, 0, 0, 0, 0, 0, 0, 0, 0, 0, 0 ], 
              [ 0, 0, 1, 0, 0, 0, 0, 0, 0, 0, 0, 0, 0, 0 ], 
              [ 0, 0, 0, 1, 0, 0, 0, 0, 0, 0, 0, 0, 0, 0 ], 
              [ 0, 0, 0, 0, 1, 0, 0, 0, 0, 0, 0, 0, 0, 0 ], 
              [ 0, 0, 0, 0, 0, 1, 0, 0, 0, 0, 0, 0, 0, 0 ], 
              [ 0, 0, 0, 0, 0, 0, 1, 0, 0, 0, 0, 0, 0, 0 ], 
              [ 0, 0, 0, 0, 0, 0, 0, 1, 0, 0, 0, 0, 0, 0 ], 
              [ 0, 0, 0, 0, 0, 0, 0, 0, 1, 0, 0, 0, 0, 0 ], 
              [ 0, 0, 0, 0, 0, 0, 0, 0, 0, 1, 0, 0, 0, 0 ], 
              [ 0, 0, 0, 0, 0, 0, 0, 0, 0, 0, 1, 0, 0, 0 ], 
              [ 0, 0, 0, 0, 0, 0, 0, 0, 0, 0, 0, 1, 0, 0 ], 
              [ 0, 0, 0, 0, 0, 0, 0, 0, 0, 0, 0, 0, 1, 0 ], 
              [ 0, 0, 0, 0, 0, 0, 0, 0, 0, 0, 0, 0, 0, 1 ] ],
          cubicSpaceVerified := true,
          exactVerificationPassed := true,
          exemptionReasons := [  ],
          familyDimension := 3,
          fullIndex := 6,
          generatorImages := 
           [ 
              [ [ 0, 1, 0, 0, 0, 0 ], [ 1, 0, 0, 0, 0, 0 ], 
                  [ 0, 0, 1, 0, 0, 0 ], [ 0, 0, 0, 1, 0, 0 ], 
                  [ 0, 0, 0, 0, 1, 0 ], [ 0, 0, 0, 0, 0, -1 ] ], 
              [ [ 1, 0, 0, 0, 0, 0 ], [ 0, 1, 0, 0, 0, 0 ], 
                  [ 0, 0, 1, 0, 0, 0 ], [ 0, 0, 0, 1, 0, 0 ], 
                  [ 0, 0, 0, 0, 1, 0 ], [ 0, 0, 0, 0, 0, -1 ] ], 
              [ 
                  [ 2/3*E(3)+1/3*E(3)^2, -1/3*E(3)+1/3*E(3)^2, 
                      -1/3*E(3)+1/3*E(3)^2, 0, 0, 0 ], 
                  [ -1/3*E(3)+1/3*E(3)^2, 2/3*E(3)+1/3*E(3)^2, 
                      -1/3*E(3)+1/3*E(3)^2, 0, 0, 0 ], 
                  [ -1/3*E(3)+1/3*E(3)^2, -1/3*E(3)+1/3*E(3)^2, 
                      2/3*E(3)+1/3*E(3)^2, 0, 0, 0 ], 
                  [ 0, 0, 0, E(3)^2, 0, 0 ], [ 0, 0, 0, 0, E(3)^2, 0 ], 
                  [ 0, 0, 0, 0, 0, E(3)^2 ] ], 
              [ [ 0, 1, 0, 0, 0, 0 ], [ 0, 0, 1, 0, 0, 0 ], 
                  [ 1, 0, 0, 0, 0, 0 ], [ 0, 0, 0, 1, 0, 0 ], 
                  [ 0, 0, 0, 0, 1, 0 ], [ 0, 0, 0, 0, 0, 1 ] ], 
              [ [ E(3), 0, 0, 0, 0, 0 ], [ 0, E(3), 0, 0, 0, 0 ], 
                  [ 0, 0, E(3), 0, 0, 0 ], [ 0, 0, 0, E(3), 0, 0 ], 
                  [ 0, 0, 0, 0, E(3), 0 ], [ 0, 0, 0, 0, 0, E(3) ] ] ],
          groupOrder := 108,
          groupOrderVerified := true,
          invariantDimension := 14,
          invariantDimensionVerified := true,
          linearGroupId := [ 108, 42 ],
          projectiveGroupId := [ 36, 12 ],
          proofType := 
           "source group equals its conjugate in the stored coordinates",
          rankS := 14,
          runtimeMilliseconds := 250,
          scalarCompatibleAutomorphisms := 0,
          sourceCategory := "small_nonabelian",
          sourceKey := "small-nonabelian-S3-PGL-36-12-index-6-dimension-3",
          status := "self_conjugate",
          storedInvariantDimension := 14,
          symplecticPart := "S3",
          verificationKind := "exact_matrix_and_cubic_space",
          witnessVerified := true ), rec(
          automorphismsTested := 0,
          cataloguePosition := 108,
          characterCompatibleAutomorphisms := 0,
          conjugatingMatrix := 
           [ [ 1, 0, 0, 0, 0, 0 ], [ 0, 1, 0, 0, 0, 0 ], [ 0, 0, 1, 0, 0, 0 ],
              [ 0, 0, 0, 1, 0, 0 ], [ 0, 0, 0, 0, 1, 0 ], 
              [ 0, 0, 0, 0, 0, 1 ] ],
          cubicBasisMap := 
           [ [ 1, 0, 0, 0, 0, 0, 0, 0, 0, 0 ], 
              [ 0, 1, 0, 0, 0, 0, 0, 0, 0, 0 ], 
              [ 0, 0, 1, 0, 0, 0, 0, 0, 0, 0 ], 
              [ 0, 0, 0, 1, 0, 0, 0, 0, 0, 0 ], 
              [ 0, 0, 0, 0, 1, 0, 0, 0, 0, 0 ], 
              [ 0, 0, 0, 0, 0, 1, 0, 0, 0, 0 ], 
              [ 0, 0, 0, 0, 0, 0, 1, 0, 0, 0 ], 
              [ 0, 0, 0, 0, 0, 0, 0, 1, 0, 0 ], 
              [ 0, 0, 0, 0, 0, 0, 0, 0, 1, 0 ], 
              [ 0, 0, 0, 0, 0, 0, 0, 0, 0, 1 ] ],
          cubicSpaceVerified := true,
          exactVerificationPassed := true,
          exemptionReasons := [  ],
          familyDimension := 3,
          fullIndex := 6,
          generatorImages := 
           [ 
              [ [ 0, 1, 0, 0, 0, 0 ], [ 1, 0, 0, 0, 0, 0 ], 
                  [ 0, 0, 1, 0, 0, 0 ], [ 0, 0, 0, 1, 0, 0 ], 
                  [ 0, 0, 0, 0, 1, 0 ], [ 0, 0, 0, 0, 0, -1 ] ], 
              [ [ 1, 0, 0, 0, 0, 0 ], [ 0, 1, 0, 0, 0, 0 ], 
                  [ 0, 0, 1, 0, 0, 0 ], [ 0, 0, 0, 1, 0, 0 ], 
                  [ 0, 0, 0, 0, 1, 0 ], [ 0, 0, 0, 0, 0, -1 ] ], 
              [ 
                  [ 526/1995*E(3)+1469/1995*E(3)^2, 
                      526/1995*E(3)-526/1995*E(3)^2, 
                      526/1995*E(3)-526/1995*E(3)^2, 
                      263/266*E(3)-263/266*E(3)^2, 
                      -1052/1995*E(3)+1052/1995*E(3)^2, 0 ], 
                  [ 526/1995*E(3)-526/1995*E(3)^2, 
                      526/1995*E(3)+1469/1995*E(3)^2, 
                      526/1995*E(3)-526/1995*E(3)^2, 
                      263/266*E(3)-263/266*E(3)^2, 
                      -1052/1995*E(3)+1052/1995*E(3)^2, 0 ], 
                  [ 526/1995*E(3)-526/1995*E(3)^2, 
                      526/1995*E(3)-526/1995*E(3)^2, 
                      526/1995*E(3)+1469/1995*E(3)^2, 
                      263/266*E(3)-263/266*E(3)^2, 
                      -1052/1995*E(3)+1052/1995*E(3)^2, 0 ], 
                  [ -156/665*E(3)+156/665*E(3)^2, 
                      -156/665*E(3)+156/665*E(3)^2, 
                      -156/665*E(3)+156/665*E(3)^2, 
                      -117/133*E(3)+250/133*E(3)^2, 
                      312/665*E(3)-312/665*E(3)^2, 0 ], 
                  [ -362/665*E(3)+362/665*E(3)^2, 
                      -362/665*E(3)+362/665*E(3)^2, 
                      -362/665*E(3)+362/665*E(3)^2, 
                      -543/266*E(3)+543/266*E(3)^2, 
                      724/665*E(3)-59/665*E(3)^2, 0 ], 
                  [ 0, 0, 0, 0, 0, E(3)^2 ] ], 
              [ [ 0, 1, 0, 0, 0, 0 ], [ 0, 0, 1, 0, 0, 0 ], 
                  [ 1, 0, 0, 0, 0, 0 ], [ 0, 0, 0, 1, 0, 0 ], 
                  [ 0, 0, 0, 0, 1, 0 ], [ 0, 0, 0, 0, 0, 1 ] ], 
              [ [ E(3), 0, 0, 0, 0, 0 ], [ 0, E(3), 0, 0, 0, 0 ], 
                  [ 0, 0, E(3), 0, 0, 0 ], [ 0, 0, 0, E(3), 0, 0 ], 
                  [ 0, 0, 0, 0, E(3), 0 ], [ 0, 0, 0, 0, 0, E(3) ] ] ],
          groupOrder := 108,
          groupOrderVerified := true,
          invariantDimension := 10,
          invariantDimensionVerified := true,
          linearGroupId := [ 108, 42 ],
          projectiveGroupId := [ 36, 12 ],
          proofType := 
           "source group equals its conjugate in the stored coordinates",
          rankS := 14,
          runtimeMilliseconds := 328,
          scalarCompatibleAutomorphisms := 0,
          sourceCategory := "small_nonabelian",
          sourceKey := 
           "small-nonabelian-S3-PGL-36-12-index-6-dimension-3-representation-2\
",
          status := "self_conjugate",
          storedInvariantDimension := 10,
          symplecticPart := "S3",
          verificationKind := "exact_matrix_and_cubic_space",
          witnessVerified := true ), rec(
          cataloguePosition := 109,
          conjugatingMatrix := fail,
          cubicBasisMap := fail,
          cubicSpaceVerified := fail,
          exemptionReasons := [ "connected symplectic family" ],
          familyDimension := 3,
          fullIndex := 2,
          generatorImages := fail,
          groupOrder := 144,
          invariantDimension := 9,
          invariantDimensionVerified := fail,
          linearGroupId := [ 144, 188 ],
          projectiveGroupId := [ 48, 0 ],
          proofType := "theoretical exemption requested for this catalogue",
          rankS := 17,
          runtimeMilliseconds := 0,
          sourceCategory := "rank_at_least_15",
          sourceKey := "rank-at-least-15-S_4-PGL-48-0-index-2-dimension-3",
          status := "self_conjugate_by_theory",
          symplecticPart := "S_4",
          verificationKind := "theoretical_exemption",
          witnessVerified := fail ), rec(
          automorphismsTested := 0,
          cataloguePosition := 110,
          characterCompatibleAutomorphisms := 0,
          conjugatingMatrix := 
           [ [ 1, 0, 0, 0, 0, 0 ], [ 0, 1, 0, 0, 0, 0 ], [ 0, 0, 1, 0, 0, 0 ],
              [ 0, 0, 0, 1, 0, 0 ], [ 0, 0, 0, 0, 1, 0 ], 
              [ 0, 0, 0, 0, 0, 1 ] ],
          cubicBasisMap := 
           [ [ 1, 0, 0, 0, 0, 0, 0, 0, 0, 0, 0, 0, 0, 0, 0, 0 ], 
              [ 0, 1, 0, 0, 0, 0, 0, 0, 0, 0, 0, 0, 0, 0, 0, 0 ], 
              [ 0, 0, 1, 0, 0, 0, 0, 0, 0, 0, 0, 0, 0, 0, 0, 0 ], 
              [ 0, 0, 0, 1, 0, 0, 0, 0, 0, 0, 0, 0, 0, 0, 0, 0 ], 
              [ 0, 0, 0, 0, 1, 0, 0, 0, 0, 0, 0, 0, 0, 0, 0, 0 ], 
              [ 0, 0, 0, 0, 0, 1, 0, 0, 0, 0, 0, 0, 0, 0, 0, 0 ], 
              [ 0, 0, 0, 0, 0, 0, 1, 0, 0, 0, 0, 0, 0, 0, 0, 0 ], 
              [ 0, 0, 0, 0, 0, 0, 0, 1, 0, 0, 0, 0, 0, 0, 0, 0 ], 
              [ 0, 0, 0, 0, 0, 0, 0, 0, 1, 0, 0, 0, 0, 0, 0, 0 ], 
              [ 0, 0, 0, 0, 0, 0, 0, 0, 0, 1, 0, 0, 0, 0, 0, 0 ], 
              [ 0, 0, 0, 0, 0, 0, 0, 0, 0, 0, 1, 0, 0, 0, 0, 0 ], 
              [ 0, 0, 0, 0, 0, 0, 0, 0, 0, 0, 0, 1, 0, 0, 0, 0 ], 
              [ 0, 0, 0, 0, 0, 0, 0, 0, 0, 0, 0, 0, 1, 0, 0, 0 ], 
              [ 0, 0, 0, 0, 0, 0, 0, 0, 0, 0, 0, 0, 0, 1, 0, 0 ], 
              [ 0, 0, 0, 0, 0, 0, 0, 0, 0, 0, 0, 0, 0, 0, 1, 0 ], 
              [ 0, 0, 0, 0, 0, 0, 0, 0, 0, 0, 0, 0, 0, 0, 0, 1 ] ],
          cubicSpaceVerified := true,
          exactVerificationPassed := true,
          exemptionReasons := [  ],
          familyDimension := 4,
          fullIndex := 6,
          generatorImages := 
           [ 
              [ [ E(3), 0, 0, 0, 0, 0 ], [ 0, E(3), 0, 0, 0, 0 ], 
                  [ 0, 0, E(3), 0, 0, 0 ], [ 0, 0, 0, E(3), 0, 0 ], 
                  [ 0, 0, 0, 0, E(3), 0 ], [ 0, 0, 0, 0, 0, E(3) ] ], 
              [ [ E(3), 0, 0, 0, 0, 0 ], [ 0, E(3), 0, 0, 0, 0 ], 
                  [ 0, 0, E(3)^2, 0, 0, 0 ], [ 0, 0, 0, E(3)^2, 0, 0 ], 
                  [ 0, 0, 0, 0, 1, 0 ], [ 0, 0, 0, 0, 0, E(3)^2 ] ], 
              [ [ -1, 0, 0, 0, 0, 0 ], [ 0, 1, 0, 0, 0, 0 ], 
                  [ 0, 0, 1, 0, 0, 0 ], [ 0, 0, 0, 1, 0, 0 ], 
                  [ 0, 0, 0, 0, 1, 0 ], [ 0, 0, 0, 0, 0, 1 ] ] ],
          groupOrder := 18,
          groupOrderVerified := true,
          invariantDimension := 16,
          invariantDimensionVerified := true,
          linearGroupId := [ 18, 5 ],
          projectiveGroupId := [ 6, 2 ],
          proofType := 
           "source group equals its conjugate in the stored coordinates",
          rankS := 0,
          runtimeMilliseconds := 266,
          scalarCompatibleAutomorphisms := 0,
          sourceCategory := "liftable_abelian",
          sourceKey := "liftable-abelian-1-PGL-6-2-index-6-dimension-4",
          status := "self_conjugate",
          storedInvariantDimension := 16,
          symplecticPart := "1",
          verificationKind := "exact_matrix_and_cubic_space",
          witnessVerified := true ), rec(
          automorphismsTested := 0,
          cataloguePosition := 111,
          characterCompatibleAutomorphisms := 0,
          conjugatingMatrix := 
           [ [ 1, 0, 0, 0, 0, 0 ], [ 0, 1, 0, 0, 0, 0 ], [ 0, 0, 1, 0, 0, 0 ],
              [ 0, 0, 0, 1, 0, 0 ], [ 0, 0, 0, 0, 1, 0 ], 
              [ 0, 0, 0, 0, 0, 1 ] ],
          cubicBasisMap := [ [ 1, 0, 0, 0, 0, 0, 0, 0, 0, 0, 0, 0, 0, 0 ], 
              [ 0, 1, 0, 0, 0, 0, 0, 0, 0, 0, 0, 0, 0, 0 ], 
              [ 0, 0, 1, 0, 0, 0, 0, 0, 0, 0, 0, 0, 0, 0 ], 
              [ 0, 0, 0, 1, 0, 0, 0, 0, 0, 0, 0, 0, 0, 0 ], 
              [ 0, 0, 0, 0, 1, 0, 0, 0, 0, 0, 0, 0, 0, 0 ], 
              [ 0, 0, 0, 0, 0, 1, 0, 0, 0, 0, 0, 0, 0, 0 ], 
              [ 0, 0, 0, 0, 0, 0, 1, 0, 0, 0, 0, 0, 0, 0 ], 
              [ 0, 0, 0, 0, 0, 0, 0, 1, 0, 0, 0, 0, 0, 0 ], 
              [ 0, 0, 0, 0, 0, 0, 0, 0, 1, 0, 0, 0, 0, 0 ], 
              [ 0, 0, 0, 0, 0, 0, 0, 0, 0, 1, 0, 0, 0, 0 ], 
              [ 0, 0, 0, 0, 0, 0, 0, 0, 0, 0, 1, 0, 0, 0 ], 
              [ 0, 0, 0, 0, 0, 0, 0, 0, 0, 0, 0, 1, 0, 0 ], 
              [ 0, 0, 0, 0, 0, 0, 0, 0, 0, 0, 0, 0, 1, 0 ], 
              [ 0, 0, 0, 0, 0, 0, 0, 0, 0, 0, 0, 0, 0, 1 ] ],
          cubicSpaceVerified := true,
          exactVerificationPassed := true,
          exemptionReasons := [  ],
          familyDimension := 4,
          fullIndex := 2,
          generatorImages := 
           [ 
              [ [ E(3), 0, 0, 0, 0, 0 ], [ 0, E(3), 0, 0, 0, 0 ], 
                  [ 0, 0, E(3), 0, 0, 0 ], [ 0, 0, 0, E(3), 0, 0 ], 
                  [ 0, 0, 0, 0, E(3), 0 ], [ 0, 0, 0, 0, 0, E(3) ] ], 
              [ [ E(3), 0, 0, 0, 0, 0 ], [ 0, E(3), 0, 0, 0, 0 ], 
                  [ 0, 0, E(3)^2, 0, 0, 0 ], [ 0, 0, 0, 1, 0, 0 ], 
                  [ 0, 0, 0, 0, 1, 0 ], [ 0, 0, 0, 0, 0, E(3)^2 ] ], 
              [ [ -1, 0, 0, 0, 0, 0 ], [ 0, 1, 0, 0, 0, 0 ], 
                  [ 0, 0, 1, 0, 0, 0 ], [ 0, 0, 0, 1, 0, 0 ], 
                  [ 0, 0, 0, 0, 1, 0 ], [ 0, 0, 0, 0, 0, 1 ] ] ],
          groupOrder := 18,
          groupOrderVerified := true,
          invariantDimension := 14,
          invariantDimensionVerified := true,
          linearGroupId := [ 18, 5 ],
          projectiveGroupId := [ 6, 2 ],
          proofType := 
           "source group equals its conjugate in the stored coordinates",
          rankS := 12,
          runtimeMilliseconds := 188,
          scalarCompatibleAutomorphisms := 0,
          sourceCategory := "liftable_abelian",
          sourceKey := "liftable-abelian-C3-PGL-6-2-index-2-dimension-4",
          status := "self_conjugate",
          storedInvariantDimension := 14,
          symplecticPart := "C3",
          verificationKind := "exact_matrix_and_cubic_space",
          witnessVerified := true ), rec(
          automorphismsTested := 0,
          cataloguePosition := 112,
          characterCompatibleAutomorphisms := 0,
          conjugatingMatrix := 
           [ [ 1, 0, 0, 0, 0, 0 ], [ 0, 1, 0, 0, 0, 0 ], [ 0, 0, 1, 0, 0, 0 ],
              [ 0, 0, 0, 1, 0, 0 ], [ 0, 0, 0, 0, 1, 0 ], 
              [ 0, 0, 0, 0, 0, 1 ] ],
          cubicBasisMap := 
           [ [ 1, 0, 0, 0, 0, 0, 0, 0, 0, 0, 0, 0 ], 
              [ 0, 1, 0, 0, 0, 0, 0, 0, 0, 0, 0, 0 ], 
              [ 0, 0, 1, 0, 0, 0, 0, 0, 0, 0, 0, 0 ], 
              [ 0, 0, 0, 1, 0, 0, 0, 0, 0, 0, 0, 0 ], 
              [ 0, 0, 0, 0, 1, 0, 0, 0, 0, 0, 0, 0 ], 
              [ 0, 0, 0, 0, 0, 1, 0, 0, 0, 0, 0, 0 ], 
              [ 0, 0, 0, 0, 0, 0, 1, 0, 0, 0, 0, 0 ], 
              [ 0, 0, 0, 0, 0, 0, 0, 1, 0, 0, 0, 0 ], 
              [ 0, 0, 0, 0, 0, 0, 0, 0, 1, 0, 0, 0 ], 
              [ 0, 0, 0, 0, 0, 0, 0, 0, 0, 1, 0, 0 ], 
              [ 0, 0, 0, 0, 0, 0, 0, 0, 0, 0, 1, 0 ], 
              [ 0, 0, 0, 0, 0, 0, 0, 0, 0, 0, 0, 1 ] ],
          cubicSpaceVerified := true,
          exactVerificationPassed := true,
          exemptionReasons := [  ],
          familyDimension := 4,
          fullIndex := 3,
          generatorImages := 
           [ 
              [ [ E(3), 0, 0, 0, 0, 0 ], [ 0, E(3), 0, 0, 0, 0 ], 
                  [ 0, 0, E(3), 0, 0, 0 ], [ 0, 0, 0, E(3), 0, 0 ], 
                  [ 0, 0, 0, 0, E(3), 0 ], [ 0, 0, 0, 0, 0, E(3) ] ], 
              [ [ 1, 0, 0, 0, 0, 0 ], [ 0, 1, 0, 0, 0, 0 ], 
                  [ 0, 0, E(3), 0, 0, 0 ], [ 0, 0, 0, E(3), 0, 0 ], 
                  [ 0, 0, 0, 0, 1, 0 ], [ 0, 0, 0, 0, 0, E(3)^2 ] ], 
              [ [ -1, 0, 0, 0, 0, 0 ], [ 0, 1, 0, 0, 0, 0 ], 
                  [ 0, 0, -1, 0, 0, 0 ], [ 0, 0, 0, 1, 0, 0 ], 
                  [ 0, 0, 0, 0, 1, 0 ], [ 0, 0, 0, 0, 0, 1 ] ] ],
          groupOrder := 18,
          groupOrderVerified := true,
          invariantDimension := 12,
          invariantDimensionVerified := true,
          linearGroupId := [ 18, 5 ],
          projectiveGroupId := [ 6, 2 ],
          proofType := 
           "source group equals its conjugate in the stored coordinates",
          rankS := 8,
          runtimeMilliseconds := 235,
          scalarCompatibleAutomorphisms := 0,
          sourceCategory := "liftable_abelian",
          sourceKey := "liftable-abelian-C2-PGL-6-2-index-3-dimension-4",
          status := "self_conjugate",
          storedInvariantDimension := 12,
          symplecticPart := "C2",
          verificationKind := "exact_matrix_and_cubic_space",
          witnessVerified := true ), rec(
          automorphismsTested := 0,
          cataloguePosition := 113,
          characterCompatibleAutomorphisms := 0,
          conjugatingMatrix := 
           [ [ 1, 0, 0, 0, 0, 0 ], [ 0, 1, 0, 0, 0, 0 ], [ 0, 0, 1, 0, 0, 0 ],
              [ 0, 0, 0, 1, 0, 0 ], [ 0, 0, 0, 0, 1, 0 ], 
              [ 0, 0, 0, 0, 0, 1 ] ],
          cubicBasisMap := 
           [ [ 1, 0, 0, 0, 0, 0, 0, 0, 0, 0 ], 
              [ 0, 1, 0, 0, 0, 0, 0, 0, 0, 0 ], 
              [ 0, 0, 1, 0, 0, 0, 0, 0, 0, 0 ], 
              [ 0, 0, 0, 1, 0, 0, 0, 0, 0, 0 ], 
              [ 0, 0, 0, 0, 1, 0, 0, 0, 0, 0 ], 
              [ 0, 0, 0, 0, 0, 1, 0, 0, 0, 0 ], 
              [ 0, 0, 0, 0, 0, 0, 1, 0, 0, 0 ], 
              [ 0, 0, 0, 0, 0, 0, 0, 1, 0, 0 ], 
              [ 0, 0, 0, 0, 0, 0, 0, 0, 1, 0 ], 
              [ 0, 0, 0, 0, 0, 0, 0, 0, 0, 1 ] ],
          cubicSpaceVerified := true,
          exactVerificationPassed := true,
          exemptionReasons := [  ],
          familyDimension := 4,
          fullIndex := 2,
          generatorImages := 
           [ 
              [ [ E(3), 0, 0, 0, 0, 0 ], [ 0, E(3), 0, 0, 0, 0 ], 
                  [ 0, 0, E(3), 0, 0, 0 ], [ 0, 0, 0, E(3), 0, 0 ], 
                  [ 0, 0, 0, 0, E(3), 0 ], [ 0, 0, 0, 0, 0, E(3) ] ], 
              [ [ -1, 0, 0, 0, 0, 0 ], [ 0, 1, 0, 0, 0, 0 ], 
                  [ 0, 0, -1, 0, 0, 0 ], [ 0, 0, 0, 1, 0, 0 ], 
                  [ 0, 0, 0, 0, -1, 0 ], [ 0, 0, 0, 0, 0, 1 ] ], 
              [ [ E(3), 0, 0, 0, 0, 0 ], [ 0, E(3), 0, 0, 0, 0 ], 
                  [ 0, 0, 1, 0, 0, 0 ], [ 0, 0, 0, 1, 0, 0 ], 
                  [ 0, 0, 0, 0, E(3)^2, 0 ], [ 0, 0, 0, 0, 0, E(3)^2 ] ] ],
          groupOrder := 18,
          groupOrderVerified := true,
          invariantDimension := 10,
          invariantDimensionVerified := true,
          linearGroupId := [ 18, 5 ],
          projectiveGroupId := [ 6, 2 ],
          proofType := 
           "source group equals its conjugate in the stored coordinates",
          rankS := 12,
          runtimeMilliseconds := 250,
          scalarCompatibleAutomorphisms := 0,
          sourceCategory := "liftable_abelian",
          sourceKey := 
           "liftable-abelian-C3-PGL-6-2-index-2-dimension-4-representation-2",
          status := "self_conjugate",
          storedInvariantDimension := 10,
          symplecticPart := "C3",
          verificationKind := "exact_matrix_and_cubic_space",
          witnessVerified := true ), rec(
          automorphismsTested := 0,
          cataloguePosition := 114,
          characterCompatibleAutomorphisms := 0,
          conjugatingMatrix := 
           [ [ 1, 0, 0, 0, 0, 0 ], [ 0, 1, 0, 0, 0, 0 ], [ 0, 0, 1, 0, 0, 0 ],
              [ 0, 0, 0, 1, 0, 0 ], [ 0, 0, 0, 0, 1, 0 ], 
              [ 0, 0, 0, 0, 0, 1 ] ],
          cubicBasisMap := 
           [ [ 1, 0, 0, 0, 0, 0, 0, 0, 0, 0 ], 
              [ 0, 1, 0, 0, 0, 0, 0, 0, 0, 0 ], 
              [ 0, 0, 1, 0, 0, 0, 0, 0, 0, 0 ], 
              [ 0, 0, 0, 1, 0, 0, 0, 0, 0, 0 ], 
              [ 0, 0, 0, 0, 1, 0, 0, 0, 0, 0 ], 
              [ 0, 0, 0, 0, 0, 1, 0, 0, 0, 0 ], 
              [ 0, 0, 0, 0, 0, 0, 1, 0, 0, 0 ], 
              [ 0, 0, 0, 0, 0, 0, 0, 1, 0, 0 ], 
              [ 0, 0, 0, 0, 0, 0, 0, 0, 1, 0 ], 
              [ 0, 0, 0, 0, 0, 0, 0, 0, 0, 1 ] ],
          cubicSpaceVerified := true,
          exactVerificationPassed := true,
          exemptionReasons := [  ],
          familyDimension := 4,
          fullIndex := 2,
          generatorImages := 
           [ 
              [ [ -5/13, -9/13, 0, 0, 0, 0 ], [ -16/13, 5/13, 0, 0, 0, 0 ], 
                  [ 0, 0, 0, 0, 83/69*E(3), 38/69*E(3) ], 
                  [ 0, 0, 0, 0, 133/69*E(3), 16/69*E(3) ], 
                  [ 0, 0, -8/27*E(3)^2, 19/27*E(3)^2, 0, 0 ], 
                  [ 0, 0, 133/54*E(3)^2, -83/54*E(3)^2, 0, 0 ] ], 
              [ [ 1, 0, 0, 0, 0, 0 ], [ 0, 1, 0, 0, 0, 0 ], 
                  [ 0, 0, E(3), 0, 0, 0 ], [ 0, 0, 0, E(3), 0, 0 ], 
                  [ 0, 0, 0, 0, E(3)^2, 0 ], [ 0, 0, 0, 0, 0, E(3)^2 ] ], 
              [ [ E(3), 0, 0, 0, 0, 0 ], [ 0, E(3), 0, 0, 0, 0 ], 
                  [ 0, 0, E(3), 0, 0, 0 ], [ 0, 0, 0, E(3), 0, 0 ], 
                  [ 0, 0, 0, 0, E(3), 0 ], [ 0, 0, 0, 0, 0, E(3) ] ] ],
          groupOrder := 18,
          groupOrderVerified := true,
          invariantDimension := 10,
          invariantDimensionVerified := true,
          linearGroupId := [ 18, 3 ],
          projectiveGroupId := [ 6, 1 ],
          proofType := 
           "source group equals its conjugate in the stored coordinates",
          rankS := 12,
          runtimeMilliseconds := 204,
          scalarCompatibleAutomorphisms := 0,
          sourceCategory := "small_nonabelian",
          sourceKey := "small-nonabelian-C3-PGL-6-1-index-2-dimension-4",
          status := "self_conjugate",
          storedInvariantDimension := 10,
          symplecticPart := "C3",
          verificationKind := "exact_matrix_and_cubic_space",
          witnessVerified := true ), rec(
          automorphismsTested := 0,
          cataloguePosition := 115,
          characterCompatibleAutomorphisms := 0,
          conjugatingMatrix := 
           [ [ 1, 0, 0, 0, 0, 0 ], [ 0, 1, 0, 0, 0, 0 ], [ 0, 0, 1, 0, 0, 0 ],
              [ 0, 0, 0, 1, 0, 0 ], [ 0, 0, 0, 0, 1, 0 ], 
              [ 0, 0, 0, 0, 0, 1 ] ],
          cubicBasisMap := 
           [ [ 1, 0, 0, 0, 0, 0, 0, 0, 0, 0, 0, 0 ], 
              [ 0, 1, 0, 0, 0, 0, 0, 0, 0, 0, 0, 0 ], 
              [ 0, 0, 1, 0, 0, 0, 0, 0, 0, 0, 0, 0 ], 
              [ 0, 0, 0, 1, 0, 0, 0, 0, 0, 0, 0, 0 ], 
              [ 0, 0, 0, 0, 1, 0, 0, 0, 0, 0, 0, 0 ], 
              [ 0, 0, 0, 0, 0, 1, 0, 0, 0, 0, 0, 0 ], 
              [ 0, 0, 0, 0, 0, 0, 1, 0, 0, 0, 0, 0 ], 
              [ 0, 0, 0, 0, 0, 0, 0, 1, 0, 0, 0, 0 ], 
              [ 0, 0, 0, 0, 0, 0, 0, 0, 1, 0, 0, 0 ], 
              [ 0, 0, 0, 0, 0, 0, 0, 0, 0, 1, 0, 0 ], 
              [ 0, 0, 0, 0, 0, 0, 0, 0, 0, 0, 1, 0 ], 
              [ 0, 0, 0, 0, 0, 0, 0, 0, 0, 0, 0, 1 ] ],
          cubicSpaceVerified := true,
          exactVerificationPassed := true,
          exemptionReasons := [  ],
          familyDimension := 4,
          fullIndex := 4,
          generatorImages := 
           [ 
              [ [ E(3), 0, 0, 0, 0, 0 ], [ 0, E(3), 0, 0, 0, 0 ], 
                  [ 0, 0, E(3), 0, 0, 0 ], [ 0, 0, 0, E(3), 0, 0 ], 
                  [ 0, 0, 0, 0, E(3), 0 ], [ 0, 0, 0, 0, 0, E(3) ] ], 
              [ [ -1, 0, 0, 0, 0, 0 ], [ 0, 1, 0, 0, 0, 0 ], 
                  [ 0, 0, 1, 0, 0, 0 ], [ 0, 0, 0, 1, 0, 0 ], 
                  [ 0, 0, 0, 0, 1, 0 ], [ 0, 0, 0, 0, 0, 1 ] ], 
              [ [ E(4), 0, 0, 0, 0, 0 ], [ 0, -1, 0, 0, 0, 0 ], 
                  [ 0, 0, 1, 0, 0, 0 ], [ 0, 0, 0, 1, 0, 0 ], 
                  [ 0, 0, 0, 0, -1, 0 ], [ 0, 0, 0, 0, 0, 1 ] ], 
              [ [ 1, 0, 0, 0, 0, 0 ], [ 0, 1, 0, 0, 0, 0 ], 
                  [ 0, 0, 1, 0, 0, 0 ], [ 0, 0, 0, -1, 0, 0 ], 
                  [ 0, 0, 0, 0, -1, 0 ], [ 0, 0, 0, 0, 0, 1 ] ] ],
          groupOrder := 24,
          groupOrderVerified := true,
          invariantDimension := 12,
          invariantDimensionVerified := true,
          linearGroupId := [ 24, 9 ],
          projectiveGroupId := [ 8, 2 ],
          proofType := 
           "source group equals its conjugate in the stored coordinates",
          rankS := 8,
          runtimeMilliseconds := 203,
          scalarCompatibleAutomorphisms := 0,
          sourceCategory := "liftable_abelian",
          sourceKey := "liftable-abelian-C2-PGL-8-2-index-4-dimension-4",
          status := "self_conjugate",
          storedInvariantDimension := 12,
          symplecticPart := "C2",
          verificationKind := "exact_matrix_and_cubic_space",
          witnessVerified := true ), rec(
          automorphismsTested := 0,
          cataloguePosition := 116,
          characterCompatibleAutomorphisms := 0,
          conjugatingMatrix := 
           [ [ 1, 0, 0, 0, 0, 0 ], [ 0, 1, 0, 0, 0, 0 ], [ 0, 0, 1, 0, 0, 0 ],
              [ 0, 0, 0, 1, 0, 0 ], [ 0, 0, 0, 0, 1, 0 ], 
              [ 0, 0, 0, 0, 0, 1 ] ],
          cubicBasisMap := [ [ 1, 0, 0, 0, 0, 0, 0, 0, 0, 0, 0, 0, 0, 0 ], 
              [ 0, 1, 0, 0, 0, 0, 0, 0, 0, 0, 0, 0, 0, 0 ], 
              [ 0, 0, 1, 0, 0, 0, 0, 0, 0, 0, 0, 0, 0, 0 ], 
              [ 0, 0, 0, 1, 0, 0, 0, 0, 0, 0, 0, 0, 0, 0 ], 
              [ 0, 0, 0, 0, 1, 0, 0, 0, 0, 0, 0, 0, 0, 0 ], 
              [ 0, 0, 0, 0, 0, 1, 0, 0, 0, 0, 0, 0, 0, 0 ], 
              [ 0, 0, 0, 0, 0, 0, 1, 0, 0, 0, 0, 0, 0, 0 ], 
              [ 0, 0, 0, 0, 0, 0, 0, 1, 0, 0, 0, 0, 0, 0 ], 
              [ 0, 0, 0, 0, 0, 0, 0, 0, 1, 0, 0, 0, 0, 0 ], 
              [ 0, 0, 0, 0, 0, 0, 0, 0, 0, 1, 0, 0, 0, 0 ], 
              [ 0, 0, 0, 0, 0, 0, 0, 0, 0, 0, 1, 0, 0, 0 ], 
              [ 0, 0, 0, 0, 0, 0, 0, 0, 0, 0, 0, 1, 0, 0 ], 
              [ 0, 0, 0, 0, 0, 0, 0, 0, 0, 0, 0, 0, 1, 0 ], 
              [ 0, 0, 0, 0, 0, 0, 0, 0, 0, 0, 0, 0, 0, 1 ] ],
          cubicSpaceVerified := true,
          exactVerificationPassed := true,
          exemptionReasons := [  ],
          familyDimension := 4,
          fullIndex := 2,
          generatorImages := 
           [ 
              [ [ E(3), 0, 0, 0, 0, 0 ], [ 0, E(3), 0, 0, 0, 0 ], 
                  [ 0, 0, E(3), 0, 0, 0 ], [ 0, 0, 0, E(3), 0, 0 ], 
                  [ 0, 0, 0, 0, E(3), 0 ], [ 0, 0, 0, 0, 0, E(3) ] ], 
              [ [ -E(4), 0, 0, 0, 0, 0 ], [ 0, -1, 0, 0, 0, 0 ], 
                  [ 0, 0, 1, 0, 0, 0 ], [ 0, 0, 0, -E(4), 0, 0 ], 
                  [ 0, 0, 0, 0, -1, 0 ], [ 0, 0, 0, 0, 0, 1 ] ], 
              [ [ 1, 0, 0, 0, 0, 0 ], [ 0, 1, 0, 0, 0, 0 ], 
                  [ 0, 0, 1, 0, 0, 0 ], [ 0, 0, 0, -1, 0, 0 ], 
                  [ 0, 0, 0, 0, 1, 0 ], [ 0, 0, 0, 0, 0, 1 ] ], 
              [ [ -1, 0, 0, 0, 0, 0 ], [ 0, 1, 0, 0, 0, 0 ], 
                  [ 0, 0, 1, 0, 0, 0 ], [ 0, 0, 0, 1, 0, 0 ], 
                  [ 0, 0, 0, 0, 1, 0 ], [ 0, 0, 0, 0, 0, 1 ] ] ],
          groupOrder := 24,
          groupOrderVerified := true,
          invariantDimension := 14,
          invariantDimensionVerified := true,
          linearGroupId := [ 24, 9 ],
          projectiveGroupId := [ 8, 2 ],
          proofType := 
           "source group equals its conjugate in the stored coordinates",
          rankS := 14,
          runtimeMilliseconds := 250,
          scalarCompatibleAutomorphisms := 0,
          sourceCategory := "liftable_abelian",
          sourceKey := "liftable-abelian-C4-PGL-8-2-index-2-dimension-4",
          status := "self_conjugate",
          storedInvariantDimension := 14,
          symplecticPart := "C4",
          verificationKind := "exact_matrix_and_cubic_space",
          witnessVerified := true ), rec(
          automorphismsTested := 0,
          cataloguePosition := 117,
          characterCompatibleAutomorphisms := 0,
          conjugatingMatrix := 
           [ [ 1, 0, 0, 0, 0, 0 ], [ 0, 1, 0, 0, 0, 0 ], [ 0, 0, 1, 0, 0, 0 ],
              [ 0, 0, 0, 1, 0, 0 ], [ 0, 0, 0, 0, 1, 0 ], 
              [ 0, 0, 0, 0, 0, 1 ] ],
          cubicBasisMap := [ [ 1, 0, 0, 0, 0, 0, 0, 0, 0, 0, 0, 0, 0, 0 ], 
              [ 0, 1, 0, 0, 0, 0, 0, 0, 0, 0, 0, 0, 0, 0 ], 
              [ 0, 0, 1, 0, 0, 0, 0, 0, 0, 0, 0, 0, 0, 0 ], 
              [ 0, 0, 0, 1, 0, 0, 0, 0, 0, 0, 0, 0, 0, 0 ], 
              [ 0, 0, 0, 0, 1, 0, 0, 0, 0, 0, 0, 0, 0, 0 ], 
              [ 0, 0, 0, 0, 0, 1, 0, 0, 0, 0, 0, 0, 0, 0 ], 
              [ 0, 0, 0, 0, 0, 0, 1, 0, 0, 0, 0, 0, 0, 0 ], 
              [ 0, 0, 0, 0, 0, 0, 0, 1, 0, 0, 0, 0, 0, 0 ], 
              [ 0, 0, 0, 0, 0, 0, 0, 0, 1, 0, 0, 0, 0, 0 ], 
              [ 0, 0, 0, 0, 0, 0, 0, 0, 0, 1, 0, 0, 0, 0 ], 
              [ 0, 0, 0, 0, 0, 0, 0, 0, 0, 0, 1, 0, 0, 0 ], 
              [ 0, 0, 0, 0, 0, 0, 0, 0, 0, 0, 0, 1, 0, 0 ], 
              [ 0, 0, 0, 0, 0, 0, 0, 0, 0, 0, 0, 0, 1, 0 ], 
              [ 0, 0, 0, 0, 0, 0, 0, 0, 0, 0, 0, 0, 0, 1 ] ],
          cubicSpaceVerified := true,
          exactVerificationPassed := true,
          exemptionReasons := [  ],
          familyDimension := 4,
          fullIndex := 3,
          generatorImages := 
           [ 
              [ [ E(3), 0, 0, 0, 0, 0 ], [ 0, E(3), 0, 0, 0, 0 ], 
                  [ 0, 0, E(3), 0, 0, 0 ], [ 0, 0, 0, E(3), 0, 0 ], 
                  [ 0, 0, 0, 0, E(3), 0 ], [ 0, 0, 0, 0, 0, E(3) ] ], 
              [ [ 1, 0, 0, 0, 0, 0 ], [ 0, E(3)^2, 0, 0, 0, 0 ], 
                  [ 0, 0, 1, 0, 0, 0 ], [ 0, 0, 0, E(3), 0, 0 ], 
                  [ 0, 0, 0, 0, E(3)^2, 0 ], [ 0, 0, 0, 0, 0, E(3) ] ], 
              [ [ E(3), 0, 0, 0, 0, 0 ], [ 0, 1, 0, 0, 0, 0 ], 
                  [ 0, 0, 1, 0, 0, 0 ], [ 0, 0, 0, 1, 0, 0 ], 
                  [ 0, 0, 0, 0, 1, 0 ], [ 0, 0, 0, 0, 0, 1 ] ] ],
          groupOrder := 27,
          groupOrderVerified := true,
          invariantDimension := 14,
          invariantDimensionVerified := true,
          linearGroupId := [ 27, 5 ],
          projectiveGroupId := [ 9, 2 ],
          proofType := 
           "source group equals its conjugate in the stored coordinates",
          rankS := 12,
          runtimeMilliseconds := 187,
          scalarCompatibleAutomorphisms := 0,
          sourceCategory := "liftable_abelian",
          sourceKey := "liftable-abelian-C3-PGL-9-2-index-3-dimension-4",
          status := "self_conjugate",
          storedInvariantDimension := 14,
          symplecticPart := "C3",
          verificationKind := "exact_matrix_and_cubic_space",
          witnessVerified := true ), rec(
          cataloguePosition := 118,
          conjugatingMatrix := fail,
          cubicBasisMap := fail,
          cubicSpaceVerified := fail,
          exemptionReasons := [ "connected symplectic family" ],
          familyDimension := 4,
          fullIndex := 1,
          generatorImages := fail,
          groupOrder := 30,
          invariantDimension := 10,
          invariantDimensionVerified := fail,
          linearGroupId := [ 30, 2 ],
          projectiveGroupId := [ 10, 0 ],
          proofType := "theoretical exemption requested for this catalogue",
          rankS := 16,
          runtimeMilliseconds := 0,
          sourceCategory := "rank_at_least_15",
          sourceKey := "rank-at-least-15-D_10-PGL-10-0-index-1-dimension-4",
          status := "self_conjugate_by_theory",
          symplecticPart := "D_10",
          verificationKind := "theoretical_exemption",
          witnessVerified := fail ), rec(
          cataloguePosition := 119,
          conjugatingMatrix := fail,
          cubicBasisMap := fail,
          cubicSpaceVerified := fail,
          exemptionReasons := [ "connected symplectic family" ],
          familyDimension := 4,
          fullIndex := 1,
          generatorImages := fail,
          groupOrder := 36,
          invariantDimension := 8,
          invariantDimensionVerified := fail,
          linearGroupId := [ 36, 11 ],
          projectiveGroupId := [ 12, 0 ],
          proofType := "theoretical exemption requested for this catalogue",
          rankS := 16,
          runtimeMilliseconds := 0,
          sourceCategory := "rank_at_least_15",
          sourceKey := "rank-at-least-15-A_4-PGL-12-0-index-1-dimension-4",
          status := "self_conjugate_by_theory",
          symplecticPart := "A_4",
          verificationKind := "theoretical_exemption",
          witnessVerified := fail ), rec(
          cataloguePosition := 120,
          conjugatingMatrix := fail,
          cubicBasisMap := fail,
          cubicSpaceVerified := fail,
          exemptionReasons := [ "connected symplectic family" ],
          familyDimension := 4,
          fullIndex := 1,
          generatorImages := fail,
          groupOrder := 36,
          invariantDimension := 10,
          invariantDimensionVerified := fail,
          linearGroupId := [ 36, 12 ],
          projectiveGroupId := [ 12, 0 ],
          proofType := "theoretical exemption requested for this catalogue",
          rankS := 16,
          runtimeMilliseconds := 0,
          sourceCategory := "rank_at_least_15",
          sourceKey := "rank-at-least-15-D_12-PGL-12-0-index-1-dimension-4",
          status := "self_conjugate_by_theory",
          symplecticPart := "D_12",
          verificationKind := "theoretical_exemption",
          witnessVerified := fail ), rec(
          automorphismsTested := 0,
          cataloguePosition := 121,
          characterCompatibleAutomorphisms := 0,
          conjugatingMatrix := 
           [ [ 1, 0, 0, 0, 0, 0 ], [ 0, 1, 0, 0, 0, 0 ], [ 0, 0, 1, 0, 0, 0 ],
              [ 0, 0, 0, 1, 0, 0 ], [ 0, 0, 0, 0, 1, 0 ], 
              [ 0, 0, 0, 0, 0, 1 ] ],
          cubicBasisMap := 
           [ [ 1, 0, 0, 0, 0, 0, 0, 0, 0, 0, 0, 0 ], 
              [ 0, 1, 0, 0, 0, 0, 0, 0, 0, 0, 0, 0 ], 
              [ 0, 0, 1, 0, 0, 0, 0, 0, 0, 0, 0, 0 ], 
              [ 0, 0, 0, 1, 0, 0, 0, 0, 0, 0, 0, 0 ], 
              [ 0, 0, 0, 0, 1, 0, 0, 0, 0, 0, 0, 0 ], 
              [ 0, 0, 0, 0, 0, 1, 0, 0, 0, 0, 0, 0 ], 
              [ 0, 0, 0, 0, 0, 0, 1, 0, 0, 0, 0, 0 ], 
              [ 0, 0, 0, 0, 0, 0, 0, 1, 0, 0, 0, 0 ], 
              [ 0, 0, 0, 0, 0, 0, 0, 0, 1, 0, 0, 0 ], 
              [ 0, 0, 0, 0, 0, 0, 0, 0, 0, 1, 0, 0 ], 
              [ 0, 0, 0, 0, 0, 0, 0, 0, 0, 0, 1, 0 ], 
              [ 0, 0, 0, 0, 0, 0, 0, 0, 0, 0, 0, 1 ] ],
          cubicSpaceVerified := true,
          exactVerificationPassed := true,
          exemptionReasons := [  ],
          familyDimension := 4,
          fullIndex := 3,
          generatorImages := 
           [ 
              [ [ E(3), 0, 0, 0, 0, 0 ], [ 0, E(3), 0, 0, 0, 0 ], 
                  [ 0, 0, E(3), 0, 0, 0 ], [ 0, 0, 0, E(3), 0, 0 ], 
                  [ 0, 0, 0, 0, E(3), 0 ], [ 0, 0, 0, 0, 0, E(3) ] ], 
              [ [ 1, 0, 0, 0, 0, 0 ], [ 0, -1, 0, 0, 0, 0 ], 
                  [ 0, 0, -1, 0, 0, 0 ], [ 0, 0, 0, 1, 0, 0 ], 
                  [ 0, 0, 0, 0, 1, 0 ], [ 0, 0, 0, 0, 0, 1 ] ], 
              [ [ -1, 0, 0, 0, 0, 0 ], [ 0, 1, 0, 0, 0, 0 ], 
                  [ 0, 0, -1, 0, 0, 0 ], [ 0, 0, 0, 1, 0, 0 ], 
                  [ 0, 0, 0, 0, 1, 0 ], [ 0, 0, 0, 0, 0, 1 ] ], 
              [ [ 1, 0, 0, 0, 0, 0 ], [ 0, 1, 0, 0, 0, 0 ], 
                  [ 0, 0, 1, 0, 0, 0 ], [ 0, 0, 0, 1, 0, 0 ], 
                  [ 0, 0, 0, 0, 1, 0 ], [ 0, 0, 0, 0, 0, E(3) ] ] ],
          groupOrder := 36,
          groupOrderVerified := true,
          invariantDimension := 12,
          invariantDimensionVerified := true,
          linearGroupId := [ 36, 14 ],
          projectiveGroupId := [ 12, 5 ],
          proofType := 
           "source group equals its conjugate in the stored coordinates",
          rankS := 12,
          runtimeMilliseconds := 218,
          scalarCompatibleAutomorphisms := 0,
          sourceCategory := "liftable_abelian",
          sourceKey := "liftable-abelian-C2^2-PGL-12-5-index-3-dimension-4",
          status := "self_conjugate",
          storedInvariantDimension := 12,
          symplecticPart := "C2^2",
          verificationKind := "exact_matrix_and_cubic_space",
          witnessVerified := true ), rec(
          automorphismsTested := 0,
          cataloguePosition := 122,
          characterCompatibleAutomorphisms := 0,
          conjugatingMatrix := 
           [ [ 1, 0, 0, 0, 0, 0 ], [ 0, 1, 0, 0, 0, 0 ], [ 0, 0, 1, 0, 0, 0 ],
              [ 0, 0, 0, 1, 0, 0 ], [ 0, 0, 0, 0, 1, 0 ], 
              [ 0, 0, 0, 0, 0, 1 ] ],
          cubicBasisMap := 
           [ [ 1, 0, 0, 0, 0, 0, 0, 0, 0, 0, 0 ], 
              [ 0, 1, 0, 0, 0, 0, 0, 0, 0, 0, 0 ], 
              [ 0, 0, 1, 0, 0, 0, 0, 0, 0, 0, 0 ], 
              [ 0, 0, 0, 1, 0, 0, 0, 0, 0, 0, 0 ], 
              [ 0, 0, 0, 0, 1, 0, 0, 0, 0, 0, 0 ], 
              [ 0, 0, 0, 0, 0, 1, 0, 0, 0, 0, 0 ], 
              [ 0, 0, 0, 0, 0, 0, 1, 0, 0, 0, 0 ], 
              [ 0, 0, 0, 0, 0, 0, 0, 1, 0, 0, 0 ], 
              [ 0, 0, 0, 0, 0, 0, 0, 0, 1, 0, 0 ], 
              [ 0, 0, 0, 0, 0, 0, 0, 0, 0, 1, 0 ], 
              [ 0, 0, 0, 0, 0, 0, 0, 0, 0, 0, 1 ] ],
          cubicSpaceVerified := true,
          exactVerificationPassed := true,
          exemptionReasons := [  ],
          familyDimension := 4,
          fullIndex := 2,
          generatorImages := 
           [ 
              [ [ 1, 0, 0, 0, 0, 0 ], [ 0, 1, 0, 0, 0, 0 ], 
                  [ 0, 0, 1, 0, 0, 0 ], [ 0, 0, 0, -1, 0, 0 ], 
                  [ 0, 0, 0, 0, 0, 1 ], [ 0, 0, 0, 0, 1, 0 ] ], 
              [ [ 1, 0, 0, 0, 0, 0 ], [ 0, 1, 0, 0, 0, 0 ], 
                  [ 0, 0, -1, 0, 0, 0 ], [ 0, 0, 0, -1, 0, 0 ], 
                  [ 0, 0, 0, 0, 0, -E(4) ], [ 0, 0, 0, 0, E(4), 0 ] ], 
              [ [ 1, 0, 0, 0, 0, 0 ], [ 0, 1, 0, 0, 0, 0 ], 
                  [ 0, 0, 1, 0, 0, 0 ], [ 0, 0, 0, -1, 0, 0 ], 
                  [ 0, 0, 0, 0, -1, 0 ], [ 0, 0, 0, 0, 0, -1 ] ], 
              [ [ 1, 0, 0, 0, 0, 0 ], [ 0, 1, 0, 0, 0, 0 ], 
                  [ 0, 0, 1, 0, 0, 0 ], [ 0, 0, 0, 1, 0, 0 ], 
                  [ 0, 0, 0, 0, -1, 0 ], [ 0, 0, 0, 0, 0, -1 ] ], 
              [ [ E(3), 0, 0, 0, 0, 0 ], [ 0, E(3), 0, 0, 0, 0 ], 
                  [ 0, 0, E(3), 0, 0, 0 ], [ 0, 0, 0, E(3), 0, 0 ], 
                  [ 0, 0, 0, 0, E(3), 0 ], [ 0, 0, 0, 0, 0, E(3) ] ] ],
          groupOrder := 48,
          groupOrderVerified := true,
          invariantDimension := 11,
          invariantDimensionVerified := true,
          linearGroupId := [ 48, 45 ],
          projectiveGroupId := [ 16, 11 ],
          proofType := 
           "source group equals its conjugate in the stored coordinates",
          rankS := 15,
          runtimeMilliseconds := 359,
          scalarCompatibleAutomorphisms := 0,
          sourceCategory := "rank_at_least_15",
          sourceKey := "rank-at-least-15-D_8-PGL-16-11-index-2-dimension-4",
          status := "self_conjugate",
          storedInvariantDimension := 11,
          symplecticPart := "D_8",
          verificationKind := "exact_matrix_and_cubic_space",
          witnessVerified := true ), rec(
          cataloguePosition := 123,
          conjugatingMatrix := fail,
          cubicBasisMap := fail,
          cubicSpaceVerified := fail,
          exemptionReasons := [ "connected symplectic family" ],
          familyDimension := 4,
          fullIndex := 1,
          generatorImages := fail,
          groupOrder := 54,
          invariantDimension := 8,
          invariantDimensionVerified := fail,
          linearGroupId := [ 54, 8 ],
          projectiveGroupId := [ 18, 0 ],
          proofType := "theoretical exemption requested for this catalogue",
          rankS := 16,
          runtimeMilliseconds := 0,
          sourceCategory := "rank_at_least_15",
          sourceKey := "rank-at-least-15-A_3,3-PGL-18-0-index-1-dimension-4",
          status := "self_conjugate_by_theory",
          symplecticPart := "A_3,3",
          verificationKind := "theoretical_exemption",
          witnessVerified := fail ), rec(
          automorphismsTested := 0,
          cataloguePosition := 124,
          characterCompatibleAutomorphisms := 0,
          conjugatingMatrix := 
           [ [ 1, 0, 0, 0, 0, 0 ], [ 0, 1, 0, 0, 0, 0 ], [ 0, 0, 1, 0, 0, 0 ],
              [ 0, 0, 0, 1, 0, 0 ], [ 0, 0, 0, 0, 1, 0 ], 
              [ 0, 0, 0, 0, 0, 1 ] ],
          cubicBasisMap := 
           [ [ 1, 0, 0, 0, 0, 0, 0, 0, 0, 0, 0, 0, 0, 0, 0, 0, 0, 0, 0, 0, 0 ]
                , 
              [ 0, 1, 0, 0, 0, 0, 0, 0, 0, 0, 0, 0, 0, 0, 0, 0, 0, 0, 0, 0, 0 
                 ], 
              [ 0, 0, 1, 0, 0, 0, 0, 0, 0, 0, 0, 0, 0, 0, 0, 0, 0, 0, 0, 0, 0 
                 ], 
              [ 0, 0, 0, 1, 0, 0, 0, 0, 0, 0, 0, 0, 0, 0, 0, 0, 0, 0, 0, 0, 0 
                 ], 
              [ 0, 0, 0, 0, 1, 0, 0, 0, 0, 0, 0, 0, 0, 0, 0, 0, 0, 0, 0, 0, 0 
                 ], 
              [ 0, 0, 0, 0, 0, 1, 0, 0, 0, 0, 0, 0, 0, 0, 0, 0, 0, 0, 0, 0, 0 
                 ], 
              [ 0, 0, 0, 0, 0, 0, 1, 0, 0, 0, 0, 0, 0, 0, 0, 0, 0, 0, 0, 0, 0 
                 ], 
              [ 0, 0, 0, 0, 0, 0, 0, 1, 0, 0, 0, 0, 0, 0, 0, 0, 0, 0, 0, 0, 0 
                 ], 
              [ 0, 0, 0, 0, 0, 0, 0, 0, 1, 0, 0, 0, 0, 0, 0, 0, 0, 0, 0, 0, 0 
                 ], 
              [ 0, 0, 0, 0, 0, 0, 0, 0, 0, 1, 0, 0, 0, 0, 0, 0, 0, 0, 0, 0, 0 
                 ], 
              [ 0, 0, 0, 0, 0, 0, 0, 0, 0, 0, 1, 0, 0, 0, 0, 0, 0, 0, 0, 0, 0 
                 ], 
              [ 0, 0, 0, 0, 0, 0, 0, 0, 0, 0, 0, 1, 0, 0, 0, 0, 0, 0, 0, 0, 0 
                 ], 
              [ 0, 0, 0, 0, 0, 0, 0, 0, 0, 0, 0, 0, 1, 0, 0, 0, 0, 0, 0, 0, 0 
                 ], 
              [ 0, 0, 0, 0, 0, 0, 0, 0, 0, 0, 0, 0, 0, 1, 0, 0, 0, 0, 0, 0, 0 
                 ], 
              [ 0, 0, 0, 0, 0, 0, 0, 0, 0, 0, 0, 0, 0, 0, 1, 0, 0, 0, 0, 0, 0 
                 ], 
              [ 0, 0, 0, 0, 0, 0, 0, 0, 0, 0, 0, 0, 0, 0, 0, 1, 0, 0, 0, 0, 0 
                 ], 
              [ 0, 0, 0, 0, 0, 0, 0, 0, 0, 0, 0, 0, 0, 0, 0, 0, 1, 0, 0, 0, 0 
                 ], 
              [ 0, 0, 0, 0, 0, 0, 0, 0, 0, 0, 0, 0, 0, 0, 0, 0, 0, 1, 0, 0, 0 
                 ], 
              [ 0, 0, 0, 0, 0, 0, 0, 0, 0, 0, 0, 0, 0, 0, 0, 0, 0, 0, 1, 0, 0 
                 ], 
              [ 0, 0, 0, 0, 0, 0, 0, 0, 0, 0, 0, 0, 0, 0, 0, 0, 0, 0, 0, 1, 0 
                 ], 
              [ 0, 0, 0, 0, 0, 0, 0, 0, 0, 0, 0, 0, 0, 0, 0, 0, 0, 0, 0, 0, 1 
                 ] ],
          cubicSpaceVerified := true,
          exactVerificationPassed := true,
          exemptionReasons := [  ],
          familyDimension := 4,
          fullIndex := 6,
          generatorImages := 
           [ 
              [ [ 1, 0, 0, 0, 0, 0 ], [ 0, 1, 0, 0, 0, 0 ], 
                  [ 0, 0, 1, 0, 0, 0 ], [ 0, 0, 0, 1, 0, 0 ], 
                  [ 0, 0, 0, 0, 0, 1/9*E(3) ], [ 0, 0, 0, 0, 9*E(3)^2, 0 ] ], 
              [ [ E(3)^2, 0, 0, 0, 0, 0 ], [ 0, E(3)^2, 0, 0, 0, 0 ], 
                  [ 0, 0, E(3)^2, 0, 0, 0 ], [ 0, 0, 0, E(3)^2, 0, 0 ], 
                  [ 0, 0, 0, 0, E(3), 0 ], [ 0, 0, 0, 0, 0, E(3) ] ], 
              [ [ 1, 0, 0, 0, 0, 0 ], [ 0, 1, 0, 0, 0, 0 ], 
                  [ 0, 0, 1, 0, 0, 0 ], [ 0, 0, 0, 1, 0, 0 ], 
                  [ 0, 0, 0, 0, E(3), 0 ], [ 0, 0, 0, 0, 0, E(3)^2 ] ], 
              [ [ E(3), 0, 0, 0, 0, 0 ], [ 0, E(3), 0, 0, 0, 0 ], 
                  [ 0, 0, E(3), 0, 0, 0 ], [ 0, 0, 0, E(3), 0, 0 ], 
                  [ 0, 0, 0, 0, E(3), 0 ], [ 0, 0, 0, 0, 0, E(3) ] ] ],
          groupOrder := 54,
          groupOrderVerified := true,
          invariantDimension := 21,
          invariantDimensionVerified := true,
          linearGroupId := [ 54, 12 ],
          projectiveGroupId := [ 18, 3 ],
          proofType := 
           "source group equals its conjugate in the stored coordinates",
          rankS := 12,
          runtimeMilliseconds := 172,
          scalarCompatibleAutomorphisms := 0,
          sourceCategory := "small_nonabelian",
          sourceKey := "small-nonabelian-C3-PGL-18-3-index-6-dimension-4",
          status := "self_conjugate",
          storedInvariantDimension := 21,
          symplecticPart := "C3",
          verificationKind := "exact_matrix_and_cubic_space",
          witnessVerified := true ), rec(
          automorphismsTested := 0,
          cataloguePosition := 125,
          characterCompatibleAutomorphisms := 0,
          conjugatingMatrix := 
           [ [ 1, 0, 0, 0, 0, 0 ], [ 0, 1, 0, 0, 0, 0 ], [ 0, 0, 1, 0, 0, 0 ],
              [ 0, 0, 0, 1, 0, 0 ], [ 0, 0, 0, 0, 1, 0 ], 
              [ 0, 0, 0, 0, 0, 1 ] ],
          cubicBasisMap := [ [ 1, 0, 0, 0, 0, 0, 0, 0, 0, 0, 0, 0, 0, 0, 0 ], 
              [ 0, 1, 0, 0, 0, 0, 0, 0, 0, 0, 0, 0, 0, 0, 0 ], 
              [ 0, 0, 1, 0, 0, 0, 0, 0, 0, 0, 0, 0, 0, 0, 0 ], 
              [ 0, 0, 0, 1, 0, 0, 0, 0, 0, 0, 0, 0, 0, 0, 0 ], 
              [ 0, 0, 0, 0, 1, 0, 0, 0, 0, 0, 0, 0, 0, 0, 0 ], 
              [ 0, 0, 0, 0, 0, 1, 0, 0, 0, 0, 0, 0, 0, 0, 0 ], 
              [ 0, 0, 0, 0, 0, 0, 1, 0, 0, 0, 0, 0, 0, 0, 0 ], 
              [ 0, 0, 0, 0, 0, 0, 0, 1, 0, 0, 0, 0, 0, 0, 0 ], 
              [ 0, 0, 0, 0, 0, 0, 0, 0, 1, 0, 0, 0, 0, 0, 0 ], 
              [ 0, 0, 0, 0, 0, 0, 0, 0, 0, 1, 0, 0, 0, 0, 0 ], 
              [ 0, 0, 0, 0, 0, 0, 0, 0, 0, 0, 1, 0, 0, 0, 0 ], 
              [ 0, 0, 0, 0, 0, 0, 0, 0, 0, 0, 0, 1, 0, 0, 0 ], 
              [ 0, 0, 0, 0, 0, 0, 0, 0, 0, 0, 0, 0, 1, 0, 0 ], 
              [ 0, 0, 0, 0, 0, 0, 0, 0, 0, 0, 0, 0, 0, 1, 0 ], 
              [ 0, 0, 0, 0, 0, 0, 0, 0, 0, 0, 0, 0, 0, 0, 1 ] ],
          cubicSpaceVerified := true,
          exactVerificationPassed := true,
          exemptionReasons := [  ],
          familyDimension := 4,
          fullIndex := 6,
          generatorImages := 
           [ 
              [ [ 1, 0, 0, 0, 0, 0 ], [ 0, 1, 0, 0, 0, 0 ], 
                  [ 0, 0, 1, 0, 0, 0 ], [ 0, 0, 0, 1, 0, 0 ], 
                  [ 0, 0, 0, 0, 0, 1/9*E(3) ], [ 0, 0, 0, 0, 9*E(3)^2, 0 ] ], 
              [ [ -7763/38589*E(3)+46352/38589*E(3)^2, 
                      22180/38589*E(3)-22180/38589*E(3)^2, 
                      14417/38589*E(3)-14417/38589*E(3)^2, 
                      14417/38589*E(3)-14417/38589*E(3)^2, 0, 0 ], 
                  [ -11018/38589*E(3)+11018/38589*E(3)^2, 
                      31480/38589*E(3)+7109/38589*E(3)^2, 
                      20462/38589*E(3)-20462/38589*E(3)^2, 
                      20462/38589*E(3)-20462/38589*E(3)^2, 0, 0 ], 
                  [ 6167/38589*E(3)-6167/38589*E(3)^2, 
                      -17620/38589*E(3)+17620/38589*E(3)^2, 
                      -11453/38589*E(3)+50042/38589*E(3)^2, 
                      -11453/38589*E(3)+11453/38589*E(3)^2, 0, 0 ], 
                  [ -4725/12863*E(3)+4725/12863*E(3)^2, 
                      13500/12863*E(3)-13500/12863*E(3)^2, 
                      8775/12863*E(3)-8775/12863*E(3)^2, 
                      8775/12863*E(3)+4088/12863*E(3)^2, 0, 0 ], 
                  [ 0, 0, 0, 0, E(3)^2, 0 ], [ 0, 0, 0, 0, 0, E(3)^2 ] ], 
              [ [ 1, 0, 0, 0, 0, 0 ], [ 0, 1, 0, 0, 0, 0 ], 
                  [ 0, 0, 1, 0, 0, 0 ], [ 0, 0, 0, 1, 0, 0 ], 
                  [ 0, 0, 0, 0, E(3), 0 ], [ 0, 0, 0, 0, 0, E(3)^2 ] ], 
              [ [ E(3), 0, 0, 0, 0, 0 ], [ 0, E(3), 0, 0, 0, 0 ], 
                  [ 0, 0, E(3), 0, 0, 0 ], [ 0, 0, 0, E(3), 0, 0 ], 
                  [ 0, 0, 0, 0, E(3), 0 ], [ 0, 0, 0, 0, 0, E(3) ] ] ],
          groupOrder := 54,
          groupOrderVerified := true,
          invariantDimension := 15,
          invariantDimensionVerified := true,
          linearGroupId := [ 54, 12 ],
          projectiveGroupId := [ 18, 3 ],
          proofType := 
           "source group equals its conjugate in the stored coordinates",
          rankS := 12,
          runtimeMilliseconds := 265,
          scalarCompatibleAutomorphisms := 0,
          sourceCategory := "small_nonabelian",
          sourceKey := 
           "small-nonabelian-C3-PGL-18-3-index-6-dimension-4-representation-2"
           ,
          status := "self_conjugate",
          storedInvariantDimension := 15,
          symplecticPart := "C3",
          verificationKind := "exact_matrix_and_cubic_space",
          witnessVerified := true ), rec(
          cataloguePosition := 126,
          conjugatingMatrix := fail,
          cubicBasisMap := fail,
          cubicSpaceVerified := fail,
          exemptionReasons := [ "connected symplectic family" ],
          familyDimension := 4,
          fullIndex := 2,
          generatorImages := fail,
          groupOrder := 72,
          invariantDimension := 14,
          invariantDimensionVerified := fail,
          linearGroupId := [ 72, 42 ],
          projectiveGroupId := [ 24, 0 ],
          proofType := "theoretical exemption requested for this catalogue",
          rankS := 16,
          runtimeMilliseconds := 0,
          sourceCategory := "rank_at_least_15",
          sourceKey := "rank-at-least-15-A_4-PGL-24-0-index-2-dimension-4",
          status := "self_conjugate_by_theory",
          symplecticPart := "A_4",
          verificationKind := "theoretical_exemption",
          witnessVerified := fail ), rec(
          cataloguePosition := 127,
          conjugatingMatrix := fail,
          cubicBasisMap := fail,
          cubicSpaceVerified := fail,
          exemptionReasons := [ "connected symplectic family" ],
          familyDimension := 4,
          fullIndex := 2,
          generatorImages := fail,
          groupOrder := 72,
          invariantDimension := 11,
          invariantDimensionVerified := fail,
          linearGroupId := [ 72, 48 ],
          projectiveGroupId := [ 24, 14 ],
          proofType := "theoretical exemption requested for this catalogue",
          rankS := 16,
          runtimeMilliseconds := 0,
          sourceCategory := "rank_at_least_15",
          sourceKey := "rank-at-least-15-D_12-PGL-24-14-index-2-dimension-4",
          status := "self_conjugate_by_theory",
          symplecticPart := "D_12",
          verificationKind := "theoretical_exemption",
          witnessVerified := fail ), rec(
          cataloguePosition := 128,
          conjugatingMatrix := fail,
          cubicBasisMap := fail,
          cubicSpaceVerified := fail,
          exemptionReasons := [ "connected symplectic family" ],
          familyDimension := 4,
          fullIndex := 2,
          generatorImages := fail,
          groupOrder := 108,
          invariantDimension := 10,
          invariantDimensionVerified := fail,
          linearGroupId := [ 108, 38 ],
          projectiveGroupId := [ 36, 0 ],
          proofType := "theoretical exemption requested for this catalogue",
          rankS := 16,
          runtimeMilliseconds := 0,
          sourceCategory := "rank_at_least_15",
          sourceKey := "rank-at-least-15-A_3,3-PGL-36-0-index-2-dimension-4",
          status := "self_conjugate_by_theory",
          symplecticPart := "A_3,3",
          verificationKind := "theoretical_exemption",
          witnessVerified := fail ), rec(
          automorphismsTested := 0,
          cataloguePosition := 129,
          characterCompatibleAutomorphisms := 0,
          conjugatingMatrix := 
           [ [ 1, 0, 0, 0, 0, 0 ], [ 0, 1, 0, 0, 0, 0 ], [ 0, 0, 1, 0, 0, 0 ],
              [ 0, 0, 0, 1, 0, 0 ], [ 0, 0, 0, 0, 1, 0 ], 
              [ 0, 0, 0, 0, 0, 1 ] ],
          cubicBasisMap := [ [ 1, 0, 0, 0, 0, 0, 0, 0, 0, 0, 0, 0, 0, 0, 0 ], 
              [ 0, 1, 0, 0, 0, 0, 0, 0, 0, 0, 0, 0, 0, 0, 0 ], 
              [ 0, 0, 1, 0, 0, 0, 0, 0, 0, 0, 0, 0, 0, 0, 0 ], 
              [ 0, 0, 0, 1, 0, 0, 0, 0, 0, 0, 0, 0, 0, 0, 0 ], 
              [ 0, 0, 0, 0, 1, 0, 0, 0, 0, 0, 0, 0, 0, 0, 0 ], 
              [ 0, 0, 0, 0, 0, 1, 0, 0, 0, 0, 0, 0, 0, 0, 0 ], 
              [ 0, 0, 0, 0, 0, 0, 1, 0, 0, 0, 0, 0, 0, 0, 0 ], 
              [ 0, 0, 0, 0, 0, 0, 0, 1, 0, 0, 0, 0, 0, 0, 0 ], 
              [ 0, 0, 0, 0, 0, 0, 0, 0, 1, 0, 0, 0, 0, 0, 0 ], 
              [ 0, 0, 0, 0, 0, 0, 0, 0, 0, 1, 0, 0, 0, 0, 0 ], 
              [ 0, 0, 0, 0, 0, 0, 0, 0, 0, 0, 1, 0, 0, 0, 0 ], 
              [ 0, 0, 0, 0, 0, 0, 0, 0, 0, 0, 0, 1, 0, 0, 0 ], 
              [ 0, 0, 0, 0, 0, 0, 0, 0, 0, 0, 0, 0, 1, 0, 0 ], 
              [ 0, 0, 0, 0, 0, 0, 0, 0, 0, 0, 0, 0, 0, 1, 0 ], 
              [ 0, 0, 0, 0, 0, 0, 0, 0, 0, 0, 0, 0, 0, 0, 1 ] ],
          cubicSpaceVerified := true,
          exactVerificationPassed := true,
          exemptionReasons := [  ],
          familyDimension := 5,
          fullIndex := 6,
          generatorImages := 
           [ 
              [ [ E(3), 0, 0, 0, 0, 0 ], [ 0, E(3), 0, 0, 0, 0 ], 
                  [ 0, 0, E(3), 0, 0, 0 ], [ 0, 0, 0, E(3), 0, 0 ], 
                  [ 0, 0, 0, 0, E(3), 0 ], [ 0, 0, 0, 0, 0, E(3) ] ], 
              [ [ E(3), 0, 0, 0, 0, 0 ], [ 0, E(3), 0, 0, 0, 0 ], 
                  [ 0, 0, E(3), 0, 0, 0 ], [ 0, 0, 0, 1, 0, 0 ], 
                  [ 0, 0, 0, 0, E(3)^2, 0 ], [ 0, 0, 0, 0, 0, E(3)^2 ] ], 
              [ [ -1, 0, 0, 0, 0, 0 ], [ 0, 1, 0, 0, 0, 0 ], 
                  [ 0, 0, 1, 0, 0, 0 ], [ 0, 0, 0, 1, 0, 0 ], 
                  [ 0, 0, 0, 0, 1, 0 ], [ 0, 0, 0, 0, 0, 1 ] ] ],
          groupOrder := 18,
          groupOrderVerified := true,
          invariantDimension := 15,
          invariantDimensionVerified := true,
          linearGroupId := [ 18, 5 ],
          projectiveGroupId := [ 6, 2 ],
          proofType := 
           "source group equals its conjugate in the stored coordinates",
          rankS := 0,
          runtimeMilliseconds := 203,
          scalarCompatibleAutomorphisms := 0,
          sourceCategory := "liftable_abelian",
          sourceKey := "liftable-abelian-1-PGL-6-2-index-6-dimension-5",
          status := "self_conjugate",
          storedInvariantDimension := 15,
          symplecticPart := "1",
          verificationKind := "exact_matrix_and_cubic_space",
          witnessVerified := true ), rec(
          cataloguePosition := 130,
          conjugatingMatrix := fail,
          cubicBasisMap := fail,
          cubicSpaceVerified := fail,
          exemptionReasons := [ "connected symplectic family" ],
          familyDimension := 5,
          fullIndex := 1,
          generatorImages := fail,
          groupOrder := 24,
          invariantDimension := 12,
          invariantDimensionVerified := fail,
          linearGroupId := [ 24, 10 ],
          projectiveGroupId := [ 8, 0 ],
          proofType := "theoretical exemption requested for this catalogue",
          rankS := 15,
          runtimeMilliseconds := 0,
          sourceCategory := "rank_at_least_15",
          sourceKey := "rank-at-least-15-D_8-PGL-8-0-index-1-dimension-5",
          status := "self_conjugate_by_theory",
          symplecticPart := "D_8",
          verificationKind := "theoretical_exemption",
          witnessVerified := fail ), rec(
          automorphismsTested := 0,
          cataloguePosition := 131,
          characterCompatibleAutomorphisms := 0,
          conjugatingMatrix := 
           [ [ 1, 0, 0, 0, 0, 0 ], [ 0, 1, 0, 0, 0, 0 ], [ 0, 0, 1, 0, 0, 0 ],
              [ 0, 0, 0, 1, 0, 0 ], [ 0, 0, 0, 0, 1, 0 ], 
              [ 0, 0, 0, 0, 0, 1 ] ],
          cubicBasisMap := 
           [ [ 1, 0, 0, 0, 0, 0, 0, 0, 0, 0, 0, 0, 0, 0, 0, 0, 0 ], 
              [ 0, 1, 0, 0, 0, 0, 0, 0, 0, 0, 0, 0, 0, 0, 0, 0, 0 ], 
              [ 0, 0, 1, 0, 0, 0, 0, 0, 0, 0, 0, 0, 0, 0, 0, 0, 0 ], 
              [ 0, 0, 0, 1, 0, 0, 0, 0, 0, 0, 0, 0, 0, 0, 0, 0, 0 ], 
              [ 0, 0, 0, 0, 1, 0, 0, 0, 0, 0, 0, 0, 0, 0, 0, 0, 0 ], 
              [ 0, 0, 0, 0, 0, 1, 0, 0, 0, 0, 0, 0, 0, 0, 0, 0, 0 ], 
              [ 0, 0, 0, 0, 0, 0, 1, 0, 0, 0, 0, 0, 0, 0, 0, 0, 0 ], 
              [ 0, 0, 0, 0, 0, 0, 0, 1, 0, 0, 0, 0, 0, 0, 0, 0, 0 ], 
              [ 0, 0, 0, 0, 0, 0, 0, 0, 1, 0, 0, 0, 0, 0, 0, 0, 0 ], 
              [ 0, 0, 0, 0, 0, 0, 0, 0, 0, 1, 0, 0, 0, 0, 0, 0, 0 ], 
              [ 0, 0, 0, 0, 0, 0, 0, 0, 0, 0, 1, 0, 0, 0, 0, 0, 0 ], 
              [ 0, 0, 0, 0, 0, 0, 0, 0, 0, 0, 0, 1, 0, 0, 0, 0, 0 ], 
              [ 0, 0, 0, 0, 0, 0, 0, 0, 0, 0, 0, 0, 1, 0, 0, 0, 0 ], 
              [ 0, 0, 0, 0, 0, 0, 0, 0, 0, 0, 0, 0, 0, 1, 0, 0, 0 ], 
              [ 0, 0, 0, 0, 0, 0, 0, 0, 0, 0, 0, 0, 0, 0, 1, 0, 0 ], 
              [ 0, 0, 0, 0, 0, 0, 0, 0, 0, 0, 0, 0, 0, 0, 0, 1, 0 ], 
              [ 0, 0, 0, 0, 0, 0, 0, 0, 0, 0, 0, 0, 0, 0, 0, 0, 1 ] ],
          cubicSpaceVerified := true,
          exactVerificationPassed := true,
          exemptionReasons := [  ],
          familyDimension := 5,
          fullIndex := 4,
          generatorImages := 
           [ 
              [ [ E(3), 0, 0, 0, 0, 0 ], [ 0, E(3), 0, 0, 0, 0 ], 
                  [ 0, 0, E(3), 0, 0, 0 ], [ 0, 0, 0, E(3), 0, 0 ], 
                  [ 0, 0, 0, 0, E(3), 0 ], [ 0, 0, 0, 0, 0, E(3) ] ], 
              [ [ 1, 0, 0, 0, 0, 0 ], [ 0, 1, 0, 0, 0, 0 ], 
                  [ 0, 0, 1, 0, 0, 0 ], [ 0, 0, 0, -1, 0, 0 ], 
                  [ 0, 0, 0, 0, 1, 0 ], [ 0, 0, 0, 0, 0, 1 ] ], 
              [ [ -E(4), 0, 0, 0, 0, 0 ], [ 0, -1, 0, 0, 0, 0 ], 
                  [ 0, 0, 1, 0, 0, 0 ], [ 0, 0, 0, 1, 0, 0 ], 
                  [ 0, 0, 0, 0, 1, 0 ], [ 0, 0, 0, 0, 0, 1 ] ], 
              [ [ -1, 0, 0, 0, 0, 0 ], [ 0, 1, 0, 0, 0, 0 ], 
                  [ 0, 0, 1, 0, 0, 0 ], [ 0, 0, 0, 1, 0, 0 ], 
                  [ 0, 0, 0, 0, 1, 0 ], [ 0, 0, 0, 0, 0, 1 ] ] ],
          groupOrder := 24,
          groupOrderVerified := true,
          invariantDimension := 17,
          invariantDimensionVerified := true,
          linearGroupId := [ 24, 9 ],
          projectiveGroupId := [ 8, 2 ],
          proofType := 
           "source group equals its conjugate in the stored coordinates",
          rankS := 8,
          runtimeMilliseconds := 281,
          scalarCompatibleAutomorphisms := 0,
          sourceCategory := "liftable_abelian",
          sourceKey := "liftable-abelian-C2-PGL-8-2-index-4-dimension-5",
          status := "self_conjugate",
          storedInvariantDimension := 17,
          symplecticPart := "C2",
          verificationKind := "exact_matrix_and_cubic_space",
          witnessVerified := true ), rec(
          automorphismsTested := 0,
          cataloguePosition := 132,
          characterCompatibleAutomorphisms := 0,
          conjugatingMatrix := 
           [ [ 1, 0, 0, 0, 0, 0 ], [ 0, 1, 0, 0, 0, 0 ], [ 0, 0, 1, 0, 0, 0 ],
              [ 0, 0, 0, 1, 0, 0 ], [ 0, 0, 0, 0, 1, 0 ], 
              [ 0, 0, 0, 0, 0, 1 ] ],
          cubicBasisMap := 
           [ [ 1, 0, 0, 0, 0, 0, 0, 0, 0, 0, 0, 0, 0 ], 
              [ 0, 1, 0, 0, 0, 0, 0, 0, 0, 0, 0, 0, 0 ], 
              [ 0, 0, 1, 0, 0, 0, 0, 0, 0, 0, 0, 0, 0 ], 
              [ 0, 0, 0, 1, 0, 0, 0, 0, 0, 0, 0, 0, 0 ], 
              [ 0, 0, 0, 0, 1, 0, 0, 0, 0, 0, 0, 0, 0 ], 
              [ 0, 0, 0, 0, 0, 1, 0, 0, 0, 0, 0, 0, 0 ], 
              [ 0, 0, 0, 0, 0, 0, 1, 0, 0, 0, 0, 0, 0 ], 
              [ 0, 0, 0, 0, 0, 0, 0, 1, 0, 0, 0, 0, 0 ], 
              [ 0, 0, 0, 0, 0, 0, 0, 0, 1, 0, 0, 0, 0 ], 
              [ 0, 0, 0, 0, 0, 0, 0, 0, 0, 1, 0, 0, 0 ], 
              [ 0, 0, 0, 0, 0, 0, 0, 0, 0, 0, 1, 0, 0 ], 
              [ 0, 0, 0, 0, 0, 0, 0, 0, 0, 0, 0, 1, 0 ], 
              [ 0, 0, 0, 0, 0, 0, 0, 0, 0, 0, 0, 0, 1 ] ],
          cubicSpaceVerified := true,
          exactVerificationPassed := true,
          exemptionReasons := [  ],
          familyDimension := 5,
          fullIndex := 2,
          generatorImages := 
           [ 
              [ [ E(3), 0, 0, 0, 0, 0 ], [ 0, E(3), 0, 0, 0, 0 ], 
                  [ 0, 0, E(3), 0, 0, 0 ], [ 0, 0, 0, E(3), 0, 0 ], 
                  [ 0, 0, 0, 0, E(3), 0 ], [ 0, 0, 0, 0, 0, E(3) ] ], 
              [ [ 1, 0, 0, 0, 0, 0 ], [ 0, -1, 0, 0, 0, 0 ], 
                  [ 0, 0, -1, 0, 0, 0 ], [ 0, 0, 0, 1, 0, 0 ], 
                  [ 0, 0, 0, 0, 1, 0 ], [ 0, 0, 0, 0, 0, 1 ] ], 
              [ [ -1, 0, 0, 0, 0, 0 ], [ 0, 1, 0, 0, 0, 0 ], 
                  [ 0, 0, -1, 0, 0, 0 ], [ 0, 0, 0, 1, 0, 0 ], 
                  [ 0, 0, 0, 0, 1, 0 ], [ 0, 0, 0, 0, 0, 1 ] ], 
              [ [ 1, 0, 0, 0, 0, 0 ], [ 0, 1, 0, 0, 0, 0 ], 
                  [ 0, 0, 1, 0, 0, 0 ], [ 0, 0, 0, -1, 0, 0 ], 
                  [ 0, 0, 0, 0, 1, 0 ], [ 0, 0, 0, 0, 0, 1 ] ] ],
          groupOrder := 24,
          groupOrderVerified := true,
          invariantDimension := 13,
          invariantDimensionVerified := true,
          linearGroupId := [ 24, 15 ],
          projectiveGroupId := [ 8, 5 ],
          proofType := 
           "source group equals its conjugate in the stored coordinates",
          rankS := 12,
          runtimeMilliseconds := 265,
          scalarCompatibleAutomorphisms := 0,
          sourceCategory := "liftable_abelian",
          sourceKey := "liftable-abelian-C2^2-PGL-8-5-index-2-dimension-5",
          status := "self_conjugate",
          storedInvariantDimension := 13,
          symplecticPart := "C2^2",
          verificationKind := "exact_matrix_and_cubic_space",
          witnessVerified := true ), rec(
          automorphismsTested := 0,
          cataloguePosition := 133,
          characterCompatibleAutomorphisms := 0,
          conjugatingMatrix := 
           [ [ 1, 0, 0, 0, 0, 0 ], [ 0, 1, 0, 0, 0, 0 ], [ 0, 0, 1, 0, 0, 0 ],
              [ 0, 0, 0, 1, 0, 0 ], [ 0, 0, 0, 0, 1, 0 ], 
              [ 0, 0, 0, 0, 0, 1 ] ],
          cubicBasisMap := [ [ 1, 0, 0, 0, 0, 0, 0, 0, 0, 0, 0, 0, 0, 0 ], 
              [ 0, 1, 0, 0, 0, 0, 0, 0, 0, 0, 0, 0, 0, 0 ], 
              [ 0, 0, 1, 0, 0, 0, 0, 0, 0, 0, 0, 0, 0, 0 ], 
              [ 0, 0, 0, 1, 0, 0, 0, 0, 0, 0, 0, 0, 0, 0 ], 
              [ 0, 0, 0, 0, 1, 0, 0, 0, 0, 0, 0, 0, 0, 0 ], 
              [ 0, 0, 0, 0, 0, 1, 0, 0, 0, 0, 0, 0, 0, 0 ], 
              [ 0, 0, 0, 0, 0, 0, 1, 0, 0, 0, 0, 0, 0, 0 ], 
              [ 0, 0, 0, 0, 0, 0, 0, 1, 0, 0, 0, 0, 0, 0 ], 
              [ 0, 0, 0, 0, 0, 0, 0, 0, 1, 0, 0, 0, 0, 0 ], 
              [ 0, 0, 0, 0, 0, 0, 0, 0, 0, 1, 0, 0, 0, 0 ], 
              [ 0, 0, 0, 0, 0, 0, 0, 0, 0, 0, 1, 0, 0, 0 ], 
              [ 0, 0, 0, 0, 0, 0, 0, 0, 0, 0, 0, 1, 0, 0 ], 
              [ 0, 0, 0, 0, 0, 0, 0, 0, 0, 0, 0, 0, 1, 0 ], 
              [ 0, 0, 0, 0, 0, 0, 0, 0, 0, 0, 0, 0, 0, 1 ] ],
          cubicSpaceVerified := true,
          exactVerificationPassed := true,
          exemptionReasons := [  ],
          familyDimension := 5,
          fullIndex := 2,
          generatorImages := 
           [ 
              [ [ 1, 0, 0, 0, 0, 0 ], [ 0, 1, 0, 0, 0, 0 ], 
                  [ 0, 0, -1, 0, 0, 0 ], [ 0, 0, 0, -1, 0, 0 ], 
                  [ 0, 0, 0, 0, 0, -3/4 ], [ 0, 0, 0, 0, -4/3, 0 ] ], 
              [ [ 1, 0, 0, 0, 0, 0 ], [ 0, 1, 0, 0, 0, 0 ], 
                  [ 0, 0, 1, 0, 0, 0 ], [ 0, 0, 0, 1, 0, 0 ], 
                  [ 0, 0, 0, 0, 0, 3/4*E(4) ], [ 0, 0, 0, 0, -4/3*E(4), 0 ] ],
              [ [ 1, 0, 0, 0, 0, 0 ], [ 0, 1, 0, 0, 0, 0 ], 
                  [ 0, 0, 1, 0, 0, 0 ], [ 0, 0, 0, 1, 0, 0 ], 
                  [ 0, 0, 0, 0, -1, 0 ], [ 0, 0, 0, 0, 0, -1 ] ], 
              [ [ E(3), 0, 0, 0, 0, 0 ], [ 0, E(3), 0, 0, 0, 0 ], 
                  [ 0, 0, E(3), 0, 0, 0 ], [ 0, 0, 0, E(3), 0, 0 ], 
                  [ 0, 0, 0, 0, E(3), 0 ], [ 0, 0, 0, 0, 0, E(3) ] ] ],
          groupOrder := 24,
          groupOrderVerified := true,
          invariantDimension := 14,
          invariantDimensionVerified := true,
          linearGroupId := [ 24, 10 ],
          projectiveGroupId := [ 8, 3 ],
          proofType := 
           "source group equals its conjugate in the stored coordinates",
          rankS := 14,
          runtimeMilliseconds := 282,
          scalarCompatibleAutomorphisms := 0,
          sourceCategory := "small_nonabelian",
          sourceKey := "small-nonabelian-C4-PGL-8-3-index-2-dimension-5",
          status := "self_conjugate",
          storedInvariantDimension := 14,
          symplecticPart := "C4",
          verificationKind := "exact_matrix_and_cubic_space",
          witnessVerified := true ), rec(
          automorphismsTested := 0,
          cataloguePosition := 134,
          characterCompatibleAutomorphisms := 0,
          conjugatingMatrix := 
           [ [ 1, 0, 0, 0, 0, 0 ], [ 0, 1, 0, 0, 0, 0 ], [ 0, 0, 1, 0, 0, 0 ],
              [ 0, 0, 0, 1, 0, 0 ], [ 0, 0, 0, 0, 1, 0 ], 
              [ 0, 0, 0, 0, 0, 1 ] ],
          cubicBasisMap := 
           [ [ 1, 0, 0, 0, 0, 0, 0, 0, 0, 0, 0, 0, 0, 0, 0, 0, 0 ], 
              [ 0, 1, 0, 0, 0, 0, 0, 0, 0, 0, 0, 0, 0, 0, 0, 0, 0 ], 
              [ 0, 0, 1, 0, 0, 0, 0, 0, 0, 0, 0, 0, 0, 0, 0, 0, 0 ], 
              [ 0, 0, 0, 1, 0, 0, 0, 0, 0, 0, 0, 0, 0, 0, 0, 0, 0 ], 
              [ 0, 0, 0, 0, 1, 0, 0, 0, 0, 0, 0, 0, 0, 0, 0, 0, 0 ], 
              [ 0, 0, 0, 0, 0, 1, 0, 0, 0, 0, 0, 0, 0, 0, 0, 0, 0 ], 
              [ 0, 0, 0, 0, 0, 0, 1, 0, 0, 0, 0, 0, 0, 0, 0, 0, 0 ], 
              [ 0, 0, 0, 0, 0, 0, 0, 1, 0, 0, 0, 0, 0, 0, 0, 0, 0 ], 
              [ 0, 0, 0, 0, 0, 0, 0, 0, 1, 0, 0, 0, 0, 0, 0, 0, 0 ], 
              [ 0, 0, 0, 0, 0, 0, 0, 0, 0, 1, 0, 0, 0, 0, 0, 0, 0 ], 
              [ 0, 0, 0, 0, 0, 0, 0, 0, 0, 0, 1, 0, 0, 0, 0, 0, 0 ], 
              [ 0, 0, 0, 0, 0, 0, 0, 0, 0, 0, 0, 1, 0, 0, 0, 0, 0 ], 
              [ 0, 0, 0, 0, 0, 0, 0, 0, 0, 0, 0, 0, 1, 0, 0, 0, 0 ], 
              [ 0, 0, 0, 0, 0, 0, 0, 0, 0, 0, 0, 0, 0, 1, 0, 0, 0 ], 
              [ 0, 0, 0, 0, 0, 0, 0, 0, 0, 0, 0, 0, 0, 0, 1, 0, 0 ], 
              [ 0, 0, 0, 0, 0, 0, 0, 0, 0, 0, 0, 0, 0, 0, 0, 1, 0 ], 
              [ 0, 0, 0, 0, 0, 0, 0, 0, 0, 0, 0, 0, 0, 0, 0, 0, 1 ] ],
          cubicSpaceVerified := true,
          exactVerificationPassed := true,
          exemptionReasons := [  ],
          familyDimension := 5,
          fullIndex := 6,
          generatorImages := 
           [ 
              [ [ E(3), 0, 0, 0, 0, 0 ], [ 0, E(3), 0, 0, 0, 0 ], 
                  [ 0, 0, E(3), 0, 0, 0 ], [ 0, 0, 0, E(3), 0, 0 ], 
                  [ 0, 0, 0, 0, E(3), 0 ], [ 0, 0, 0, 0, 0, E(3) ] ], 
              [ [ 1, 0, 0, 0, 0, 0 ], [ 0, 1, 0, 0, 0, 0 ], 
                  [ 0, 0, 1, 0, 0, 0 ], [ 0, 0, 0, -1, 0, 0 ], 
                  [ 0, 0, 0, 0, 1, 0 ], [ 0, 0, 0, 0, 0, 1 ] ], 
              [ [ E(3), 0, 0, 0, 0, 0 ], [ 0, E(3), 0, 0, 0, 0 ], 
                  [ 0, 0, E(3), 0, 0, 0 ], [ 0, 0, 0, E(3), 0, 0 ], 
                  [ 0, 0, 0, 0, E(3), 0 ], [ 0, 0, 0, 0, 0, 1 ] ], 
              [ [ -1, 0, 0, 0, 0, 0 ], [ 0, 1, 0, 0, 0, 0 ], 
                  [ 0, 0, 1, 0, 0, 0 ], [ 0, 0, 0, 1, 0, 0 ], 
                  [ 0, 0, 0, 0, 1, 0 ], [ 0, 0, 0, 0, 0, 1 ] ] ],
          groupOrder := 36,
          groupOrderVerified := true,
          invariantDimension := 17,
          invariantDimensionVerified := true,
          linearGroupId := [ 36, 14 ],
          projectiveGroupId := [ 12, 5 ],
          proofType := 
           "source group equals its conjugate in the stored coordinates",
          rankS := 8,
          runtimeMilliseconds := 313,
          scalarCompatibleAutomorphisms := 0,
          sourceCategory := "liftable_abelian",
          sourceKey := "liftable-abelian-C2-PGL-12-5-index-6-dimension-5",
          status := "self_conjugate",
          storedInvariantDimension := 17,
          symplecticPart := "C2",
          verificationKind := "exact_matrix_and_cubic_space",
          witnessVerified := true ), rec(
          automorphismsTested := 0,
          cataloguePosition := 135,
          characterCompatibleAutomorphisms := 0,
          conjugatingMatrix := 
           [ [ 1, 0, 0, 0, 0, 0 ], [ 0, 1, 0, 0, 0, 0 ], [ 0, 0, 1, 0, 0, 0 ],
              [ 0, 0, 0, 1, 0, 0 ], [ 0, 0, 0, 0, 1, 0 ], 
              [ 0, 0, 0, 0, 0, 1 ] ],
          cubicBasisMap := 
           [ [ 1, 0, 0, 0, 0, 0, 0, 0, 0, 0, 0, 0, 0, 0, 0, 0, 0, 0 ], 
              [ 0, 1, 0, 0, 0, 0, 0, 0, 0, 0, 0, 0, 0, 0, 0, 0, 0, 0 ], 
              [ 0, 0, 1, 0, 0, 0, 0, 0, 0, 0, 0, 0, 0, 0, 0, 0, 0, 0 ], 
              [ 0, 0, 0, 1, 0, 0, 0, 0, 0, 0, 0, 0, 0, 0, 0, 0, 0, 0 ], 
              [ 0, 0, 0, 0, 1, 0, 0, 0, 0, 0, 0, 0, 0, 0, 0, 0, 0, 0 ], 
              [ 0, 0, 0, 0, 0, 1, 0, 0, 0, 0, 0, 0, 0, 0, 0, 0, 0, 0 ], 
              [ 0, 0, 0, 0, 0, 0, 1, 0, 0, 0, 0, 0, 0, 0, 0, 0, 0, 0 ], 
              [ 0, 0, 0, 0, 0, 0, 0, 1, 0, 0, 0, 0, 0, 0, 0, 0, 0, 0 ], 
              [ 0, 0, 0, 0, 0, 0, 0, 0, 1, 0, 0, 0, 0, 0, 0, 0, 0, 0 ], 
              [ 0, 0, 0, 0, 0, 0, 0, 0, 0, 1, 0, 0, 0, 0, 0, 0, 0, 0 ], 
              [ 0, 0, 0, 0, 0, 0, 0, 0, 0, 0, 1, 0, 0, 0, 0, 0, 0, 0 ], 
              [ 0, 0, 0, 0, 0, 0, 0, 0, 0, 0, 0, 1, 0, 0, 0, 0, 0, 0 ], 
              [ 0, 0, 0, 0, 0, 0, 0, 0, 0, 0, 0, 0, 1, 0, 0, 0, 0, 0 ], 
              [ 0, 0, 0, 0, 0, 0, 0, 0, 0, 0, 0, 0, 0, 1, 0, 0, 0, 0 ], 
              [ 0, 0, 0, 0, 0, 0, 0, 0, 0, 0, 0, 0, 0, 0, 1, 0, 0, 0 ], 
              [ 0, 0, 0, 0, 0, 0, 0, 0, 0, 0, 0, 0, 0, 0, 0, 1, 0, 0 ], 
              [ 0, 0, 0, 0, 0, 0, 0, 0, 0, 0, 0, 0, 0, 0, 0, 0, 1, 0 ], 
              [ 0, 0, 0, 0, 0, 0, 0, 0, 0, 0, 0, 0, 0, 0, 0, 0, 0, 1 ] ],
          cubicSpaceVerified := true,
          exactVerificationPassed := true,
          exemptionReasons := [  ],
          familyDimension := 6,
          fullIndex := 3,
          generatorImages := 
           [ 
              [ [ E(3), 0, 0, 0, 0, 0 ], [ 0, E(3), 0, 0, 0, 0 ], 
                  [ 0, 0, E(3), 0, 0, 0 ], [ 0, 0, 0, E(3), 0, 0 ], 
                  [ 0, 0, 0, 0, E(3), 0 ], [ 0, 0, 0, 0, 0, E(3) ] ], 
              [ [ E(9)^4, 0, 0, 0, 0, 0 ], [ 0, -E(9)^4-E(9)^7, 0, 0, 0, 0 ], 
                  [ 0, 0, E(9)^7, 0, 0, 0 ], [ 0, 0, 0, -E(9)^4-E(9)^7, 0, 0 ]
                    , [ 0, 0, 0, 0, E(9)^7, 0 ], [ 0, 0, 0, 0, 0, E(9)^4 ] ] ]
           ,
          groupOrder := 9,
          groupOrderVerified := true,
          invariantDimension := 18,
          invariantDimensionVerified := true,
          linearGroupId := [ 9, 1 ],
          projectiveGroupId := [ 3, 1 ],
          proofType := 
           "source group equals its conjugate in the stored coordinates",
          rankS := 0,
          runtimeMilliseconds := 203,
          scalarCompatibleAutomorphisms := 0,
          sourceCategory := "liftable_abelian",
          sourceKey := "liftable-abelian-1-PGL-3-1-index-3-dimension-6",
          status := "self_conjugate",
          storedInvariantDimension := 18,
          symplecticPart := "1",
          verificationKind := "exact_matrix_and_cubic_space",
          witnessVerified := true ), rec(
          cataloguePosition := 136,
          conjugatingMatrix := fail,
          cubicBasisMap := fail,
          cubicSpaceVerified := fail,
          exemptionReasons := [ "connected symplectic family" ],
          familyDimension := 6,
          fullIndex := 1,
          generatorImages := fail,
          groupOrder := 12,
          invariantDimension := 16,
          invariantDimensionVerified := fail,
          linearGroupId := [ 12, 2 ],
          projectiveGroupId := [ 4, 1 ],
          proofType := "theoretical exemption requested for this catalogue",
          rankS := 14,
          runtimeMilliseconds := 0,
          sourceCategory := "liftable_abelian",
          sourceKey := "liftable-abelian-C4-PGL-4-1-index-1-dimension-6",
          status := "self_conjugate_by_theory",
          symplecticPart := "C4",
          verificationKind := "theoretical_exemption",
          witnessVerified := fail ), rec(
          automorphismsTested := 0,
          cataloguePosition := 137,
          characterCompatibleAutomorphisms := 0,
          conjugatingMatrix := 
           [ [ 1, 0, 0, 0, 0, 0 ], [ 0, 1, 0, 0, 0, 0 ], [ 0, 0, 1, 0, 0, 0 ],
              [ 0, 0, 0, 1, 0, 0 ], [ 0, 0, 0, 0, 1, 0 ], 
              [ 0, 0, 0, 0, 0, 1 ] ],
          cubicBasisMap := 
           [ [ 1, 0, 0, 0, 0, 0, 0, 0, 0, 0, 0, 0, 0, 0, 0, 0 ], 
              [ 0, 1, 0, 0, 0, 0, 0, 0, 0, 0, 0, 0, 0, 0, 0, 0 ], 
              [ 0, 0, 1, 0, 0, 0, 0, 0, 0, 0, 0, 0, 0, 0, 0, 0 ], 
              [ 0, 0, 0, 1, 0, 0, 0, 0, 0, 0, 0, 0, 0, 0, 0, 0 ], 
              [ 0, 0, 0, 0, 1, 0, 0, 0, 0, 0, 0, 0, 0, 0, 0, 0 ], 
              [ 0, 0, 0, 0, 0, 1, 0, 0, 0, 0, 0, 0, 0, 0, 0, 0 ], 
              [ 0, 0, 0, 0, 0, 0, 1, 0, 0, 0, 0, 0, 0, 0, 0, 0 ], 
              [ 0, 0, 0, 0, 0, 0, 0, 1, 0, 0, 0, 0, 0, 0, 0, 0 ], 
              [ 0, 0, 0, 0, 0, 0, 0, 0, 1, 0, 0, 0, 0, 0, 0, 0 ], 
              [ 0, 0, 0, 0, 0, 0, 0, 0, 0, 1, 0, 0, 0, 0, 0, 0 ], 
              [ 0, 0, 0, 0, 0, 0, 0, 0, 0, 0, 1, 0, 0, 0, 0, 0 ], 
              [ 0, 0, 0, 0, 0, 0, 0, 0, 0, 0, 0, 1, 0, 0, 0, 0 ], 
              [ 0, 0, 0, 0, 0, 0, 0, 0, 0, 0, 0, 0, 1, 0, 0, 0 ], 
              [ 0, 0, 0, 0, 0, 0, 0, 0, 0, 0, 0, 0, 0, 1, 0, 0 ], 
              [ 0, 0, 0, 0, 0, 0, 0, 0, 0, 0, 0, 0, 0, 0, 1, 0 ], 
              [ 0, 0, 0, 0, 0, 0, 0, 0, 0, 0, 0, 0, 0, 0, 0, 1 ] ],
          cubicSpaceVerified := true,
          exactVerificationPassed := true,
          exemptionReasons := [  ],
          familyDimension := 6,
          fullIndex := 2,
          generatorImages := 
           [ 
              [ [ E(3), 0, 0, 0, 0, 0 ], [ 0, E(3), 0, 0, 0, 0 ], 
                  [ 0, 0, E(3), 0, 0, 0 ], [ 0, 0, 0, E(3), 0, 0 ], 
                  [ 0, 0, 0, 0, E(3), 0 ], [ 0, 0, 0, 0, 0, E(3) ] ], 
              [ [ -1, 0, 0, 0, 0, 0 ], [ 0, 1, 0, 0, 0, 0 ], 
                  [ 0, 0, 1, 0, 0, 0 ], [ 0, 0, 0, -1, 0, 0 ], 
                  [ 0, 0, 0, 0, 1, 0 ], [ 0, 0, 0, 0, 0, 1 ] ], 
              [ [ 1, 0, 0, 0, 0, 0 ], [ 0, 1, 0, 0, 0, 0 ], 
                  [ 0, 0, 1, 0, 0, 0 ], [ 0, 0, 0, -1, 0, 0 ], 
                  [ 0, 0, 0, 0, -1, 0 ], [ 0, 0, 0, 0, 0, -1 ] ] ],
          groupOrder := 12,
          groupOrderVerified := true,
          invariantDimension := 16,
          invariantDimensionVerified := true,
          linearGroupId := [ 12, 5 ],
          projectiveGroupId := [ 4, 2 ],
          proofType := 
           "source group equals its conjugate in the stored coordinates",
          rankS := 8,
          runtimeMilliseconds := 312,
          scalarCompatibleAutomorphisms := 0,
          sourceCategory := "liftable_abelian",
          sourceKey := "liftable-abelian-C2-PGL-4-2-index-2-dimension-6",
          status := "self_conjugate",
          storedInvariantDimension := 16,
          symplecticPart := "C2",
          verificationKind := "exact_matrix_and_cubic_space",
          witnessVerified := true ), rec(
          automorphismsTested := 0,
          cataloguePosition := 138,
          characterCompatibleAutomorphisms := 0,
          conjugatingMatrix := 
           [ [ 1, 0, 0, 0, 0, 0 ], [ 0, 1, 0, 0, 0, 0 ], [ 0, 0, 1, 0, 0, 0 ],
              [ 0, 0, 0, 1, 0, 0 ], [ 0, 0, 0, 0, 1, 0 ], 
              [ 0, 0, 0, 0, 0, 1 ] ],
          cubicBasisMap := 
           [ [ 1, 0, 0, 0, 0, 0, 0, 0, 0, 0, 0, 0, 0, 0, 0, 0, 0, 0, 0, 0 ], 
              [ 0, 1, 0, 0, 0, 0, 0, 0, 0, 0, 0, 0, 0, 0, 0, 0, 0, 0, 0, 0 ], 
              [ 0, 0, 1, 0, 0, 0, 0, 0, 0, 0, 0, 0, 0, 0, 0, 0, 0, 0, 0, 0 ], 
              [ 0, 0, 0, 1, 0, 0, 0, 0, 0, 0, 0, 0, 0, 0, 0, 0, 0, 0, 0, 0 ], 
              [ 0, 0, 0, 0, 1, 0, 0, 0, 0, 0, 0, 0, 0, 0, 0, 0, 0, 0, 0, 0 ], 
              [ 0, 0, 0, 0, 0, 1, 0, 0, 0, 0, 0, 0, 0, 0, 0, 0, 0, 0, 0, 0 ], 
              [ 0, 0, 0, 0, 0, 0, 1, 0, 0, 0, 0, 0, 0, 0, 0, 0, 0, 0, 0, 0 ], 
              [ 0, 0, 0, 0, 0, 0, 0, 1, 0, 0, 0, 0, 0, 0, 0, 0, 0, 0, 0, 0 ], 
              [ 0, 0, 0, 0, 0, 0, 0, 0, 1, 0, 0, 0, 0, 0, 0, 0, 0, 0, 0, 0 ], 
              [ 0, 0, 0, 0, 0, 0, 0, 0, 0, 1, 0, 0, 0, 0, 0, 0, 0, 0, 0, 0 ], 
              [ 0, 0, 0, 0, 0, 0, 0, 0, 0, 0, 1, 0, 0, 0, 0, 0, 0, 0, 0, 0 ], 
              [ 0, 0, 0, 0, 0, 0, 0, 0, 0, 0, 0, 1, 0, 0, 0, 0, 0, 0, 0, 0 ], 
              [ 0, 0, 0, 0, 0, 0, 0, 0, 0, 0, 0, 0, 1, 0, 0, 0, 0, 0, 0, 0 ], 
              [ 0, 0, 0, 0, 0, 0, 0, 0, 0, 0, 0, 0, 0, 1, 0, 0, 0, 0, 0, 0 ], 
              [ 0, 0, 0, 0, 0, 0, 0, 0, 0, 0, 0, 0, 0, 0, 1, 0, 0, 0, 0, 0 ], 
              [ 0, 0, 0, 0, 0, 0, 0, 0, 0, 0, 0, 0, 0, 0, 0, 1, 0, 0, 0, 0 ], 
              [ 0, 0, 0, 0, 0, 0, 0, 0, 0, 0, 0, 0, 0, 0, 0, 0, 1, 0, 0, 0 ], 
              [ 0, 0, 0, 0, 0, 0, 0, 0, 0, 0, 0, 0, 0, 0, 0, 0, 0, 1, 0, 0 ], 
              [ 0, 0, 0, 0, 0, 0, 0, 0, 0, 0, 0, 0, 0, 0, 0, 0, 0, 0, 1, 0 ], 
              [ 0, 0, 0, 0, 0, 0, 0, 0, 0, 0, 0, 0, 0, 0, 0, 0, 0, 0, 0, 1 ] ]
           ,
          cubicSpaceVerified := true,
          exactVerificationPassed := true,
          exemptionReasons := [  ],
          familyDimension := 6,
          fullIndex := 3,
          generatorImages := 
           [ 
              [ [ E(3), 0, 0, 0, 0, 0 ], [ 0, E(3), 0, 0, 0, 0 ], 
                  [ 0, 0, E(3), 0, 0, 0 ], [ 0, 0, 0, E(3), 0, 0 ], 
                  [ 0, 0, 0, 0, E(3), 0 ], [ 0, 0, 0, 0, 0, E(3) ] ], 
              [ [ 1, 0, 0, 0, 0, 0 ], [ 0, 1, 0, 0, 0, 0 ], 
                  [ 0, 0, 1, 0, 0, 0 ], [ 0, 0, 0, 1, 0, 0 ], 
                  [ 0, 0, 0, 0, 1, 0 ], [ 0, 0, 0, 0, 0, E(3) ] ], 
              [ [ -1, 0, 0, 0, 0, 0 ], [ 0, 1, 0, 0, 0, 0 ], 
                  [ 0, 0, -1, 0, 0, 0 ], [ 0, 0, 0, 1, 0, 0 ], 
                  [ 0, 0, 0, 0, 1, 0 ], [ 0, 0, 0, 0, 0, 1 ] ] ],
          groupOrder := 18,
          groupOrderVerified := true,
          invariantDimension := 20,
          invariantDimensionVerified := true,
          linearGroupId := [ 18, 5 ],
          projectiveGroupId := [ 6, 2 ],
          proofType := 
           "source group equals its conjugate in the stored coordinates",
          rankS := 8,
          runtimeMilliseconds := 328,
          scalarCompatibleAutomorphisms := 0,
          sourceCategory := "liftable_abelian",
          sourceKey := "liftable-abelian-C2-PGL-6-2-index-3-dimension-6",
          status := "self_conjugate",
          storedInvariantDimension := 20,
          symplecticPart := "C2",
          verificationKind := "exact_matrix_and_cubic_space",
          witnessVerified := true ), rec(
          cataloguePosition := 139,
          conjugatingMatrix := fail,
          cubicBasisMap := fail,
          cubicSpaceVerified := fail,
          exemptionReasons := [ "connected symplectic family" ],
          familyDimension := 6,
          fullIndex := 1,
          generatorImages := fail,
          groupOrder := 18,
          invariantDimension := 14,
          invariantDimensionVerified := fail,
          linearGroupId := [ 18, 3 ],
          projectiveGroupId := [ 6, 1 ],
          proofType := "theoretical exemption requested for this catalogue",
          rankS := 14,
          runtimeMilliseconds := 0,
          sourceCategory := "small_nonabelian",
          sourceKey := "small-nonabelian-S3-PGL-6-1-index-1-dimension-6",
          status := "self_conjugate_by_theory",
          symplecticPart := "S3",
          verificationKind := "theoretical_exemption",
          witnessVerified := fail ), rec(
          automorphismsTested := 9,
          cataloguePosition := 140,
          characterCompatibleAutomorphisms := 1,
          conjugatingMatrix := 
           [ [ 0, -4, -2, 0, 0, 0 ], [ 2, -1, 0, 0, 0, 0 ], 
              [ -3, 1, -2, 0, 0, 0 ], [ 0, 0, 0, 4, 0, 0 ], 
              [ 0, 0, 0, 0, 3*E(3), 0 ], [ 0, 0, 0, 0, 0, 3 ] ],
          cubicBasisMap := 
           [ [ 1/36*E(3)^2, 0, 0, 0, 0, 0, 0, 0, 0, 0, 0, 0, 0, 0, 0, 0, 0 ], 
              [ 0, -4/63*E(3), 0, 0, 2/63*E(3), 0, 0, 0, 0, 1/63*E(3), 0, 0, 
                  0, 0, 0, 0, 0 ], 
              [ 0, 0, -1/28, 0, 0, 1/56, 0, 0, 0, 0, 1/112, 0, 0, 0, 0, 0, 0 ]
                , 
              [ 0, 0, 0, -64/343, 0, 0, 96/343, -48/343, 8/343, 0, 0, 48/343, 
                  -48/343, 12/343, -12/343, 6/343, 1/343 ], 
              [ 0, -2/21*E(3), 0, 0, 1/21*E(3), 0, 0, 0, 0, 5/63*E(3), 0, 0, 
                  0, 0, 0, 0, 0 ], 
              [ 0, 0, -3/56, 0, 0, 3/112, 0, 0, 0, 0, 5/112, 0, 0, 0, 0, 0, 0 
                 ], 
              [ 0, 0, 0, -96/343, 0, 0, 144/343, -72/343, 12/343, 0, 0, 
                  128/343, -128/343, 32/343, -46/343, 23/343, 5/343 ], 
              [ 0, 0, 0, -144/343, 0, 0, 216/343, -108/343, 18/343, 0, 0, 
                  276/343, -276/343, 69/343, -160/343, 80/343, 25/343 ], 
              [ 0, 0, 0, -216/343, 0, 0, 324/343, -162/343, 27/343, 0, 0, 
                  540/343, -540/343, 135/343, -450/343, 225/343, 125/343 ], 
              [ 0, 1/126*E(3), 0, 0, -2/63*E(3), 0, 0, 0, 0, -1/63*E(3), 0, 
                  0, 0, 0, 0, 0, 0 ], 
              [ 0, 0, 1/224, 0, 0, -1/56, 0, 0, 0, 0, -1/112, 0, 0, 0, 0, 0, 
                  0 ], 
              [ 0, 0, 0, 8/343, 0, 0, -40/343, 34/343, -8/343, 0, 0, -20/343, 
                  34/343, -12/343, 17/686, -6/343, -1/343 ], 
              [ 0, 0, 0, 12/343, 0, 0, -60/343, 51/343, -12/343, 0, 0, 
                  -37/343, 165/686, -32/343, 57/686, -23/343, -5/343 ], 
              [ 0, 0, 0, 18/343, 0, 0, -90/343, 153/686, -18/343, 0, 0, 
                  -66/343, 171/343, -69/343, 145/686, -80/343, -25/343 ], 
              [ 0, 0, 0, -1/343, 0, 0, 17/686, -20/343, 8/343, 0, 0, 17/1372, 
                  -20/343, 12/343, -5/343, 6/343, 1/343 ], 
              [ 0, 0, 0, -3/686, 0, 0, 51/1372, -30/343, 12/343, 0, 0, 
                  29/1372, -37/343, 32/343, -11/343, 23/343, 5/343 ], 
              [ 0, 0, 0, 1/2744, 0, 0, -3/686, 6/343, -8/343, 0, 0, -3/1372, 
                  6/343, -12/343, 3/686, -6/343, -1/343 ] ],
          cubicSpaceVerified := true,
          exactVerificationPassed := true,
          exemptionReasons := [  ],
          familyDimension := 6,
          fullIndex := 2,
          generatorImages := 
           [ 
              [ [ 1, 0, 0, 0, 0, 0 ], [ 0, 1, 0, 0, 0, 0 ], 
                  [ 0, 0, 1, 0, 0, 0 ], [ 0, 0, 0, -1, 0, 0 ], 
                  [ 0, 0, 0, 0, -1, 0 ], [ 0, 0, 0, 0, 0, 1 ] ], 
              [ [ 1, 0, 0, 0, 0, 0 ], [ 0, 1, 0, 0, 0, 0 ], 
                  [ 0, 0, 1, 0, 0, 0 ], [ 0, 0, 0, 1, 0, 0 ], 
                  [ 0, 0, 0, 0, 0, 2/7*E(3) ], [ 0, 0, 0, 0, 7/2*E(3)^2, 0 ] ]
                , 
              [ [ 1, 0, 0, 0, 0, 0 ], [ 0, 1, 0, 0, 0, 0 ], 
                  [ 0, 0, 1, 0, 0, 0 ], [ 0, 0, 0, 1, 0, 0 ], 
                  [ 0, 0, 0, 0, -1, 0 ], [ 0, 0, 0, 0, 0, -1 ] ], 
              [ [ E(3), 0, 0, 0, 0, 0 ], [ 0, E(3), 0, 0, 0, 0 ], 
                  [ 0, 0, E(3), 0, 0, 0 ], [ 0, 0, 0, E(3), 0, 0 ], 
                  [ 0, 0, 0, 0, E(3), 0 ], [ 0, 0, 0, 0, 0, E(3) ] ] ],
          groupOrder := 24,
          groupOrderVerified := true,
          invariantDimension := 17,
          invariantDimensionVerified := true,
          linearGroupId := [ 24, 10 ],
          projectiveGroupId := [ 8, 3 ],
          proofType := 
           "complete abstract-automorphism character match with exact intertwi\
ner",
          rankS := 12,
          runtimeMilliseconds := 547,
          scalarCompatibleAutomorphisms := 1,
          sourceCategory := "small_nonabelian",
          sourceKey := "small-nonabelian-C2^2-PGL-8-3-index-2-dimension-6",
          status := "self_conjugate",
          storedInvariantDimension := 17,
          symplecticPart := "C2^2",
          verificationKind := "exact_matrix_and_cubic_space",
          witnessVerified := true ), rec(
          cataloguePosition := 141,
          conjugatingMatrix := fail,
          cubicBasisMap := fail,
          cubicSpaceVerified := fail,
          exemptionReasons := [ "connected symplectic family" ],
          familyDimension := 6,
          fullIndex := 2,
          generatorImages := fail,
          groupOrder := 36,
          invariantDimension := 17,
          invariantDimensionVerified := fail,
          linearGroupId := [ 36, 12 ],
          projectiveGroupId := [ 12, 4 ],
          proofType := "theoretical exemption requested for this catalogue",
          rankS := 14,
          runtimeMilliseconds := 0,
          sourceCategory := "small_nonabelian",
          sourceKey := "small-nonabelian-S3-PGL-12-4-index-2-dimension-6",
          status := "self_conjugate_by_theory",
          symplecticPart := "S3",
          verificationKind := "theoretical_exemption",
          witnessVerified := fail ), rec(
          automorphismsTested := 0,
          cataloguePosition := 142,
          characterCompatibleAutomorphisms := 0,
          conjugatingMatrix := 
           [ [ 1, 0, 0, 0, 0, 0 ], [ 0, 1, 0, 0, 0, 0 ], [ 0, 0, 1, 0, 0, 0 ],
              [ 0, 0, 0, 1, 0, 0 ], [ 0, 0, 0, 0, 1, 0 ], 
              [ 0, 0, 0, 0, 0, 1 ] ],
          cubicBasisMap := 
           [ [ 1, 0, 0, 0, 0, 0, 0, 0, 0, 0, 0, 0, 0, 0, 0, 0, 0, 0, 0, 0, 0 ]
                , 
              [ 0, 1, 0, 0, 0, 0, 0, 0, 0, 0, 0, 0, 0, 0, 0, 0, 0, 0, 0, 0, 0 
                 ], 
              [ 0, 0, 1, 0, 0, 0, 0, 0, 0, 0, 0, 0, 0, 0, 0, 0, 0, 0, 0, 0, 0 
                 ], 
              [ 0, 0, 0, 1, 0, 0, 0, 0, 0, 0, 0, 0, 0, 0, 0, 0, 0, 0, 0, 0, 0 
                 ], 
              [ 0, 0, 0, 0, 1, 0, 0, 0, 0, 0, 0, 0, 0, 0, 0, 0, 0, 0, 0, 0, 0 
                 ], 
              [ 0, 0, 0, 0, 0, 1, 0, 0, 0, 0, 0, 0, 0, 0, 0, 0, 0, 0, 0, 0, 0 
                 ], 
              [ 0, 0, 0, 0, 0, 0, 1, 0, 0, 0, 0, 0, 0, 0, 0, 0, 0, 0, 0, 0, 0 
                 ], 
              [ 0, 0, 0, 0, 0, 0, 0, 1, 0, 0, 0, 0, 0, 0, 0, 0, 0, 0, 0, 0, 0 
                 ], 
              [ 0, 0, 0, 0, 0, 0, 0, 0, 1, 0, 0, 0, 0, 0, 0, 0, 0, 0, 0, 0, 0 
                 ], 
              [ 0, 0, 0, 0, 0, 0, 0, 0, 0, 1, 0, 0, 0, 0, 0, 0, 0, 0, 0, 0, 0 
                 ], 
              [ 0, 0, 0, 0, 0, 0, 0, 0, 0, 0, 1, 0, 0, 0, 0, 0, 0, 0, 0, 0, 0 
                 ], 
              [ 0, 0, 0, 0, 0, 0, 0, 0, 0, 0, 0, 1, 0, 0, 0, 0, 0, 0, 0, 0, 0 
                 ], 
              [ 0, 0, 0, 0, 0, 0, 0, 0, 0, 0, 0, 0, 1, 0, 0, 0, 0, 0, 0, 0, 0 
                 ], 
              [ 0, 0, 0, 0, 0, 0, 0, 0, 0, 0, 0, 0, 0, 1, 0, 0, 0, 0, 0, 0, 0 
                 ], 
              [ 0, 0, 0, 0, 0, 0, 0, 0, 0, 0, 0, 0, 0, 0, 1, 0, 0, 0, 0, 0, 0 
                 ], 
              [ 0, 0, 0, 0, 0, 0, 0, 0, 0, 0, 0, 0, 0, 0, 0, 1, 0, 0, 0, 0, 0 
                 ], 
              [ 0, 0, 0, 0, 0, 0, 0, 0, 0, 0, 0, 0, 0, 0, 0, 0, 1, 0, 0, 0, 0 
                 ], 
              [ 0, 0, 0, 0, 0, 0, 0, 0, 0, 0, 0, 0, 0, 0, 0, 0, 0, 1, 0, 0, 0 
                 ], 
              [ 0, 0, 0, 0, 0, 0, 0, 0, 0, 0, 0, 0, 0, 0, 0, 0, 0, 0, 1, 0, 0 
                 ], 
              [ 0, 0, 0, 0, 0, 0, 0, 0, 0, 0, 0, 0, 0, 0, 0, 0, 0, 0, 0, 1, 0 
                 ], 
              [ 0, 0, 0, 0, 0, 0, 0, 0, 0, 0, 0, 0, 0, 0, 0, 0, 0, 0, 0, 0, 1 
                 ] ],
          cubicSpaceVerified := true,
          exactVerificationPassed := true,
          exemptionReasons := [  ],
          familyDimension := 7,
          fullIndex := 3,
          generatorImages := 
           [ 
              [ [ E(3), 0, 0, 0, 0, 0 ], [ 0, E(3), 0, 0, 0, 0 ], 
                  [ 0, 0, E(3), 0, 0, 0 ], [ 0, 0, 0, E(3), 0, 0 ], 
                  [ 0, 0, 0, 0, E(3), 0 ], [ 0, 0, 0, 0, 0, E(3) ] ], 
              [ [ 1, 0, 0, 0, 0, 0 ], [ 0, E(3)^2, 0, 0, 0, 0 ], 
                  [ 0, 0, 1, 0, 0, 0 ], [ 0, 0, 0, E(3), 0, 0 ], 
                  [ 0, 0, 0, 0, 1, 0 ], [ 0, 0, 0, 0, 0, E(3)^2 ] ] ],
          groupOrder := 9,
          groupOrderVerified := true,
          invariantDimension := 21,
          invariantDimensionVerified := true,
          linearGroupId := [ 9, 2 ],
          projectiveGroupId := [ 3, 1 ],
          proofType := 
           "source group equals its conjugate in the stored coordinates",
          rankS := 0,
          runtimeMilliseconds := 187,
          scalarCompatibleAutomorphisms := 0,
          sourceCategory := "liftable_abelian",
          sourceKey := "liftable-abelian-1-PGL-3-1-index-3-dimension-7",
          status := "self_conjugate",
          storedInvariantDimension := 21,
          symplecticPart := "1",
          verificationKind := "exact_matrix_and_cubic_space",
          witnessVerified := true ), rec(
          automorphismsTested := 0,
          cataloguePosition := 143,
          characterCompatibleAutomorphisms := 0,
          conjugatingMatrix := 
           [ [ 1, 0, 0, 0, 0, 0 ], [ 0, 1, 0, 0, 0, 0 ], [ 0, 0, 1, 0, 0, 0 ],
              [ 0, 0, 0, 1, 0, 0 ], [ 0, 0, 0, 0, 1, 0 ], 
              [ 0, 0, 0, 0, 0, 1 ] ],
          cubicBasisMap := 
           [ [ 1, 0, 0, 0, 0, 0, 0, 0, 0, 0, 0, 0, 0, 0, 0, 0, 0, 0, 0, 0, 0, 
                  0, 0, 0, 0 ], 
              [ 0, 1, 0, 0, 0, 0, 0, 0, 0, 0, 0, 0, 0, 0, 0, 0, 0, 0, 0, 0, 
                  0, 0, 0, 0, 0 ], 
              [ 0, 0, 1, 0, 0, 0, 0, 0, 0, 0, 0, 0, 0, 0, 0, 0, 0, 0, 0, 0, 
                  0, 0, 0, 0, 0 ], 
              [ 0, 0, 0, 1, 0, 0, 0, 0, 0, 0, 0, 0, 0, 0, 0, 0, 0, 0, 0, 0, 
                  0, 0, 0, 0, 0 ], 
              [ 0, 0, 0, 0, 1, 0, 0, 0, 0, 0, 0, 0, 0, 0, 0, 0, 0, 0, 0, 0, 
                  0, 0, 0, 0, 0 ], 
              [ 0, 0, 0, 0, 0, 1, 0, 0, 0, 0, 0, 0, 0, 0, 0, 0, 0, 0, 0, 0, 
                  0, 0, 0, 0, 0 ], 
              [ 0, 0, 0, 0, 0, 0, 1, 0, 0, 0, 0, 0, 0, 0, 0, 0, 0, 0, 0, 0, 
                  0, 0, 0, 0, 0 ], 
              [ 0, 0, 0, 0, 0, 0, 0, 1, 0, 0, 0, 0, 0, 0, 0, 0, 0, 0, 0, 0, 
                  0, 0, 0, 0, 0 ], 
              [ 0, 0, 0, 0, 0, 0, 0, 0, 1, 0, 0, 0, 0, 0, 0, 0, 0, 0, 0, 0, 
                  0, 0, 0, 0, 0 ], 
              [ 0, 0, 0, 0, 0, 0, 0, 0, 0, 1, 0, 0, 0, 0, 0, 0, 0, 0, 0, 0, 
                  0, 0, 0, 0, 0 ], 
              [ 0, 0, 0, 0, 0, 0, 0, 0, 0, 0, 1, 0, 0, 0, 0, 0, 0, 0, 0, 0, 
                  0, 0, 0, 0, 0 ], 
              [ 0, 0, 0, 0, 0, 0, 0, 0, 0, 0, 0, 1, 0, 0, 0, 0, 0, 0, 0, 0, 
                  0, 0, 0, 0, 0 ], 
              [ 0, 0, 0, 0, 0, 0, 0, 0, 0, 0, 0, 0, 1, 0, 0, 0, 0, 0, 0, 0, 
                  0, 0, 0, 0, 0 ], 
              [ 0, 0, 0, 0, 0, 0, 0, 0, 0, 0, 0, 0, 0, 1, 0, 0, 0, 0, 0, 0, 
                  0, 0, 0, 0, 0 ], 
              [ 0, 0, 0, 0, 0, 0, 0, 0, 0, 0, 0, 0, 0, 0, 1, 0, 0, 0, 0, 0, 
                  0, 0, 0, 0, 0 ], 
              [ 0, 0, 0, 0, 0, 0, 0, 0, 0, 0, 0, 0, 0, 0, 0, 1, 0, 0, 0, 0, 
                  0, 0, 0, 0, 0 ], 
              [ 0, 0, 0, 0, 0, 0, 0, 0, 0, 0, 0, 0, 0, 0, 0, 0, 1, 0, 0, 0, 
                  0, 0, 0, 0, 0 ], 
              [ 0, 0, 0, 0, 0, 0, 0, 0, 0, 0, 0, 0, 0, 0, 0, 0, 0, 1, 0, 0, 
                  0, 0, 0, 0, 0 ], 
              [ 0, 0, 0, 0, 0, 0, 0, 0, 0, 0, 0, 0, 0, 0, 0, 0, 0, 0, 1, 0, 
                  0, 0, 0, 0, 0 ], 
              [ 0, 0, 0, 0, 0, 0, 0, 0, 0, 0, 0, 0, 0, 0, 0, 0, 0, 0, 0, 1, 
                  0, 0, 0, 0, 0 ], 
              [ 0, 0, 0, 0, 0, 0, 0, 0, 0, 0, 0, 0, 0, 0, 0, 0, 0, 0, 0, 0, 
                  1, 0, 0, 0, 0 ], 
              [ 0, 0, 0, 0, 0, 0, 0, 0, 0, 0, 0, 0, 0, 0, 0, 0, 0, 0, 0, 0, 
                  0, 1, 0, 0, 0 ], 
              [ 0, 0, 0, 0, 0, 0, 0, 0, 0, 0, 0, 0, 0, 0, 0, 0, 0, 0, 0, 0, 
                  0, 0, 1, 0, 0 ], 
              [ 0, 0, 0, 0, 0, 0, 0, 0, 0, 0, 0, 0, 0, 0, 0, 0, 0, 0, 0, 0, 
                  0, 0, 0, 1, 0 ], 
              [ 0, 0, 0, 0, 0, 0, 0, 0, 0, 0, 0, 0, 0, 0, 0, 0, 0, 0, 0, 0, 
                  0, 0, 0, 0, 1 ] ],
          cubicSpaceVerified := true,
          exactVerificationPassed := true,
          exemptionReasons := [  ],
          familyDimension := 7,
          fullIndex := 4,
          generatorImages := 
           [ 
              [ [ E(3), 0, 0, 0, 0, 0 ], [ 0, E(3), 0, 0, 0, 0 ], 
                  [ 0, 0, E(3), 0, 0, 0 ], [ 0, 0, 0, E(3), 0, 0 ], 
                  [ 0, 0, 0, 0, E(3), 0 ], [ 0, 0, 0, 0, 0, E(3) ] ], 
              [ [ -E(4), 0, 0, 0, 0, 0 ], [ 0, -1, 0, 0, 0, 0 ], 
                  [ 0, 0, 1, 0, 0, 0 ], [ 0, 0, 0, 1, 0, 0 ], 
                  [ 0, 0, 0, 0, 1, 0 ], [ 0, 0, 0, 0, 0, 1 ] ], 
              [ [ -1, 0, 0, 0, 0, 0 ], [ 0, 1, 0, 0, 0, 0 ], 
                  [ 0, 0, 1, 0, 0, 0 ], [ 0, 0, 0, 1, 0, 0 ], 
                  [ 0, 0, 0, 0, 1, 0 ], [ 0, 0, 0, 0, 0, 1 ] ] ],
          groupOrder := 12,
          groupOrderVerified := true,
          invariantDimension := 25,
          invariantDimensionVerified := true,
          linearGroupId := [ 12, 2 ],
          projectiveGroupId := [ 4, 1 ],
          proofType := 
           "source group equals its conjugate in the stored coordinates",
          rankS := 0,
          runtimeMilliseconds := 234,
          scalarCompatibleAutomorphisms := 0,
          sourceCategory := "liftable_abelian",
          sourceKey := "liftable-abelian-1-PGL-4-1-index-4-dimension-7",
          status := "self_conjugate",
          storedInvariantDimension := 25,
          symplecticPart := "1",
          verificationKind := "exact_matrix_and_cubic_space",
          witnessVerified := true ), rec(
          automorphismsTested := 0,
          cataloguePosition := 144,
          characterCompatibleAutomorphisms := 0,
          conjugatingMatrix := 
           [ [ 1, 0, 0, 0, 0, 0 ], [ 0, 1, 0, 0, 0, 0 ], [ 0, 0, 1, 0, 0, 0 ],
              [ 0, 0, 0, 1, 0, 0 ], [ 0, 0, 0, 0, 1, 0 ], 
              [ 0, 0, 0, 0, 0, 1 ] ],
          cubicBasisMap := 
           [ [ 1, 0, 0, 0, 0, 0, 0, 0, 0, 0, 0, 0, 0, 0, 0, 0, 0, 0, 0, 0, 0 ]
                , 
              [ 0, 1, 0, 0, 0, 0, 0, 0, 0, 0, 0, 0, 0, 0, 0, 0, 0, 0, 0, 0, 0 
                 ], 
              [ 0, 0, 1, 0, 0, 0, 0, 0, 0, 0, 0, 0, 0, 0, 0, 0, 0, 0, 0, 0, 0 
                 ], 
              [ 0, 0, 0, 1, 0, 0, 0, 0, 0, 0, 0, 0, 0, 0, 0, 0, 0, 0, 0, 0, 0 
                 ], 
              [ 0, 0, 0, 0, 1, 0, 0, 0, 0, 0, 0, 0, 0, 0, 0, 0, 0, 0, 0, 0, 0 
                 ], 
              [ 0, 0, 0, 0, 0, 1, 0, 0, 0, 0, 0, 0, 0, 0, 0, 0, 0, 0, 0, 0, 0 
                 ], 
              [ 0, 0, 0, 0, 0, 0, 1, 0, 0, 0, 0, 0, 0, 0, 0, 0, 0, 0, 0, 0, 0 
                 ], 
              [ 0, 0, 0, 0, 0, 0, 0, 1, 0, 0, 0, 0, 0, 0, 0, 0, 0, 0, 0, 0, 0 
                 ], 
              [ 0, 0, 0, 0, 0, 0, 0, 0, 1, 0, 0, 0, 0, 0, 0, 0, 0, 0, 0, 0, 0 
                 ], 
              [ 0, 0, 0, 0, 0, 0, 0, 0, 0, 1, 0, 0, 0, 0, 0, 0, 0, 0, 0, 0, 0 
                 ], 
              [ 0, 0, 0, 0, 0, 0, 0, 0, 0, 0, 1, 0, 0, 0, 0, 0, 0, 0, 0, 0, 0 
                 ], 
              [ 0, 0, 0, 0, 0, 0, 0, 0, 0, 0, 0, 1, 0, 0, 0, 0, 0, 0, 0, 0, 0 
                 ], 
              [ 0, 0, 0, 0, 0, 0, 0, 0, 0, 0, 0, 0, 1, 0, 0, 0, 0, 0, 0, 0, 0 
                 ], 
              [ 0, 0, 0, 0, 0, 0, 0, 0, 0, 0, 0, 0, 0, 1, 0, 0, 0, 0, 0, 0, 0 
                 ], 
              [ 0, 0, 0, 0, 0, 0, 0, 0, 0, 0, 0, 0, 0, 0, 1, 0, 0, 0, 0, 0, 0 
                 ], 
              [ 0, 0, 0, 0, 0, 0, 0, 0, 0, 0, 0, 0, 0, 0, 0, 1, 0, 0, 0, 0, 0 
                 ], 
              [ 0, 0, 0, 0, 0, 0, 0, 0, 0, 0, 0, 0, 0, 0, 0, 0, 1, 0, 0, 0, 0 
                 ], 
              [ 0, 0, 0, 0, 0, 0, 0, 0, 0, 0, 0, 0, 0, 0, 0, 0, 0, 1, 0, 0, 0 
                 ], 
              [ 0, 0, 0, 0, 0, 0, 0, 0, 0, 0, 0, 0, 0, 0, 0, 0, 0, 0, 1, 0, 0 
                 ], 
              [ 0, 0, 0, 0, 0, 0, 0, 0, 0, 0, 0, 0, 0, 0, 0, 0, 0, 0, 0, 1, 0 
                 ], 
              [ 0, 0, 0, 0, 0, 0, 0, 0, 0, 0, 0, 0, 0, 0, 0, 0, 0, 0, 0, 0, 1 
                 ] ],
          cubicSpaceVerified := true,
          exactVerificationPassed := true,
          exemptionReasons := [  ],
          familyDimension := 7,
          fullIndex := 4,
          generatorImages := 
           [ 
              [ [ E(3), 0, 0, 0, 0, 0 ], [ 0, E(3), 0, 0, 0, 0 ], 
                  [ 0, 0, E(3), 0, 0, 0 ], [ 0, 0, 0, E(3), 0, 0 ], 
                  [ 0, 0, 0, 0, E(3), 0 ], [ 0, 0, 0, 0, 0, E(3) ] ], 
              [ [ -1, 0, 0, 0, 0, 0 ], [ 0, 1, 0, 0, 0, 0 ], 
                  [ 0, 0, 1, 0, 0, 0 ], [ 0, 0, 0, 1, 0, 0 ], 
                  [ 0, 0, 0, 0, 1, 0 ], [ 0, 0, 0, 0, 0, 1 ] ], 
              [ [ E(4), 0, 0, 0, 0, 0 ], [ 0, -1, 0, 0, 0, 0 ], 
                  [ 0, 0, 1, 0, 0, 0 ], [ 0, 0, 0, -1, 0, 0 ], 
                  [ 0, 0, 0, 0, 1, 0 ], [ 0, 0, 0, 0, 0, 1 ] ] ],
          groupOrder := 12,
          groupOrderVerified := true,
          invariantDimension := 21,
          invariantDimensionVerified := true,
          linearGroupId := [ 12, 2 ],
          projectiveGroupId := [ 4, 1 ],
          proofType := 
           "source group equals its conjugate in the stored coordinates",
          rankS := 0,
          runtimeMilliseconds := 219,
          scalarCompatibleAutomorphisms := 0,
          sourceCategory := "liftable_abelian",
          sourceKey := 
           "liftable-abelian-1-PGL-4-1-index-4-dimension-7-representation-2",
          status := "self_conjugate",
          storedInvariantDimension := 21,
          symplecticPart := "1",
          verificationKind := "exact_matrix_and_cubic_space",
          witnessVerified := true ), rec(
          automorphismsTested := 0,
          cataloguePosition := 145,
          characterCompatibleAutomorphisms := 0,
          conjugatingMatrix := 
           [ [ 1, 0, 0, 0, 0, 0 ], [ 0, 1, 0, 0, 0, 0 ], [ 0, 0, 1, 0, 0, 0 ],
              [ 0, 0, 0, 1, 0, 0 ], [ 0, 0, 0, 0, 1, 0 ], 
              [ 0, 0, 0, 0, 0, 1 ] ],
          cubicBasisMap := 
           [ [ 1, 0, 0, 0, 0, 0, 0, 0, 0, 0, 0, 0, 0, 0, 0, 0, 0, 0, 0, 0, 0, 
                  0, 0, 0, 0 ], 
              [ 0, 1, 0, 0, 0, 0, 0, 0, 0, 0, 0, 0, 0, 0, 0, 0, 0, 0, 0, 0, 
                  0, 0, 0, 0, 0 ], 
              [ 0, 0, 1, 0, 0, 0, 0, 0, 0, 0, 0, 0, 0, 0, 0, 0, 0, 0, 0, 0, 
                  0, 0, 0, 0, 0 ], 
              [ 0, 0, 0, 1, 0, 0, 0, 0, 0, 0, 0, 0, 0, 0, 0, 0, 0, 0, 0, 0, 
                  0, 0, 0, 0, 0 ], 
              [ 0, 0, 0, 0, 1, 0, 0, 0, 0, 0, 0, 0, 0, 0, 0, 0, 0, 0, 0, 0, 
                  0, 0, 0, 0, 0 ], 
              [ 0, 0, 0, 0, 0, 1, 0, 0, 0, 0, 0, 0, 0, 0, 0, 0, 0, 0, 0, 0, 
                  0, 0, 0, 0, 0 ], 
              [ 0, 0, 0, 0, 0, 0, 1, 0, 0, 0, 0, 0, 0, 0, 0, 0, 0, 0, 0, 0, 
                  0, 0, 0, 0, 0 ], 
              [ 0, 0, 0, 0, 0, 0, 0, 1, 0, 0, 0, 0, 0, 0, 0, 0, 0, 0, 0, 0, 
                  0, 0, 0, 0, 0 ], 
              [ 0, 0, 0, 0, 0, 0, 0, 0, 1, 0, 0, 0, 0, 0, 0, 0, 0, 0, 0, 0, 
                  0, 0, 0, 0, 0 ], 
              [ 0, 0, 0, 0, 0, 0, 0, 0, 0, 1, 0, 0, 0, 0, 0, 0, 0, 0, 0, 0, 
                  0, 0, 0, 0, 0 ], 
              [ 0, 0, 0, 0, 0, 0, 0, 0, 0, 0, 1, 0, 0, 0, 0, 0, 0, 0, 0, 0, 
                  0, 0, 0, 0, 0 ], 
              [ 0, 0, 0, 0, 0, 0, 0, 0, 0, 0, 0, 1, 0, 0, 0, 0, 0, 0, 0, 0, 
                  0, 0, 0, 0, 0 ], 
              [ 0, 0, 0, 0, 0, 0, 0, 0, 0, 0, 0, 0, 1, 0, 0, 0, 0, 0, 0, 0, 
                  0, 0, 0, 0, 0 ], 
              [ 0, 0, 0, 0, 0, 0, 0, 0, 0, 0, 0, 0, 0, 1, 0, 0, 0, 0, 0, 0, 
                  0, 0, 0, 0, 0 ], 
              [ 0, 0, 0, 0, 0, 0, 0, 0, 0, 0, 0, 0, 0, 0, 1, 0, 0, 0, 0, 0, 
                  0, 0, 0, 0, 0 ], 
              [ 0, 0, 0, 0, 0, 0, 0, 0, 0, 0, 0, 0, 0, 0, 0, 1, 0, 0, 0, 0, 
                  0, 0, 0, 0, 0 ], 
              [ 0, 0, 0, 0, 0, 0, 0, 0, 0, 0, 0, 0, 0, 0, 0, 0, 1, 0, 0, 0, 
                  0, 0, 0, 0, 0 ], 
              [ 0, 0, 0, 0, 0, 0, 0, 0, 0, 0, 0, 0, 0, 0, 0, 0, 0, 1, 0, 0, 
                  0, 0, 0, 0, 0 ], 
              [ 0, 0, 0, 0, 0, 0, 0, 0, 0, 0, 0, 0, 0, 0, 0, 0, 0, 0, 1, 0, 
                  0, 0, 0, 0, 0 ], 
              [ 0, 0, 0, 0, 0, 0, 0, 0, 0, 0, 0, 0, 0, 0, 0, 0, 0, 0, 0, 1, 
                  0, 0, 0, 0, 0 ], 
              [ 0, 0, 0, 0, 0, 0, 0, 0, 0, 0, 0, 0, 0, 0, 0, 0, 0, 0, 0, 0, 
                  1, 0, 0, 0, 0 ], 
              [ 0, 0, 0, 0, 0, 0, 0, 0, 0, 0, 0, 0, 0, 0, 0, 0, 0, 0, 0, 0, 
                  0, 1, 0, 0, 0 ], 
              [ 0, 0, 0, 0, 0, 0, 0, 0, 0, 0, 0, 0, 0, 0, 0, 0, 0, 0, 0, 0, 
                  0, 0, 1, 0, 0 ], 
              [ 0, 0, 0, 0, 0, 0, 0, 0, 0, 0, 0, 0, 0, 0, 0, 0, 0, 0, 0, 0, 
                  0, 0, 0, 1, 0 ], 
              [ 0, 0, 0, 0, 0, 0, 0, 0, 0, 0, 0, 0, 0, 0, 0, 0, 0, 0, 0, 0, 
                  0, 0, 0, 0, 1 ] ],
          cubicSpaceVerified := true,
          exactVerificationPassed := true,
          exemptionReasons := [  ],
          familyDimension := 7,
          fullIndex := 6,
          generatorImages := 
           [ 
              [ [ E(3), 0, 0, 0, 0, 0 ], [ 0, E(3), 0, 0, 0, 0 ], 
                  [ 0, 0, E(3), 0, 0, 0 ], [ 0, 0, 0, E(3), 0, 0 ], 
                  [ 0, 0, 0, 0, E(3), 0 ], [ 0, 0, 0, 0, 0, E(3) ] ], 
              [ [ E(3)^2, 0, 0, 0, 0, 0 ], [ 0, E(3)^2, 0, 0, 0, 0 ], 
                  [ 0, 0, E(3)^2, 0, 0, 0 ], [ 0, 0, 0, E(3)^2, 0, 0 ], 
                  [ 0, 0, 0, 0, 1, 0 ], [ 0, 0, 0, 0, 0, E(3)^2 ] ], 
              [ [ -1, 0, 0, 0, 0, 0 ], [ 0, 1, 0, 0, 0, 0 ], 
                  [ 0, 0, 1, 0, 0, 0 ], [ 0, 0, 0, 1, 0, 0 ], 
                  [ 0, 0, 0, 0, 1, 0 ], [ 0, 0, 0, 0, 0, 1 ] ] ],
          groupOrder := 18,
          groupOrderVerified := true,
          invariantDimension := 25,
          invariantDimensionVerified := true,
          linearGroupId := [ 18, 5 ],
          projectiveGroupId := [ 6, 2 ],
          proofType := 
           "source group equals its conjugate in the stored coordinates",
          rankS := 0,
          runtimeMilliseconds := 250,
          scalarCompatibleAutomorphisms := 0,
          sourceCategory := "liftable_abelian",
          sourceKey := "liftable-abelian-1-PGL-6-2-index-6-dimension-7",
          status := "self_conjugate",
          storedInvariantDimension := 25,
          symplecticPart := "1",
          verificationKind := "exact_matrix_and_cubic_space",
          witnessVerified := true ), rec(
          automorphismsTested := 0,
          cataloguePosition := 146,
          characterCompatibleAutomorphisms := 0,
          conjugatingMatrix := 
           [ [ 1, 0, 0, 0, 0, 0 ], [ 0, 1, 0, 0, 0, 0 ], [ 0, 0, 1, 0, 0, 0 ],
              [ 0, 0, 0, 1, 0, 0 ], [ 0, 0, 0, 0, 1, 0 ], 
              [ 0, 0, 0, 0, 0, 1 ] ],
          cubicBasisMap := 
           [ [ 1, 0, 0, 0, 0, 0, 0, 0, 0, 0, 0, 0, 0, 0, 0, 0, 0, 0, 0 ], 
              [ 0, 1, 0, 0, 0, 0, 0, 0, 0, 0, 0, 0, 0, 0, 0, 0, 0, 0, 0 ], 
              [ 0, 0, 1, 0, 0, 0, 0, 0, 0, 0, 0, 0, 0, 0, 0, 0, 0, 0, 0 ], 
              [ 0, 0, 0, 1, 0, 0, 0, 0, 0, 0, 0, 0, 0, 0, 0, 0, 0, 0, 0 ], 
              [ 0, 0, 0, 0, 1, 0, 0, 0, 0, 0, 0, 0, 0, 0, 0, 0, 0, 0, 0 ], 
              [ 0, 0, 0, 0, 0, 1, 0, 0, 0, 0, 0, 0, 0, 0, 0, 0, 0, 0, 0 ], 
              [ 0, 0, 0, 0, 0, 0, 1, 0, 0, 0, 0, 0, 0, 0, 0, 0, 0, 0, 0 ], 
              [ 0, 0, 0, 0, 0, 0, 0, 1, 0, 0, 0, 0, 0, 0, 0, 0, 0, 0, 0 ], 
              [ 0, 0, 0, 0, 0, 0, 0, 0, 1, 0, 0, 0, 0, 0, 0, 0, 0, 0, 0 ], 
              [ 0, 0, 0, 0, 0, 0, 0, 0, 0, 1, 0, 0, 0, 0, 0, 0, 0, 0, 0 ], 
              [ 0, 0, 0, 0, 0, 0, 0, 0, 0, 0, 1, 0, 0, 0, 0, 0, 0, 0, 0 ], 
              [ 0, 0, 0, 0, 0, 0, 0, 0, 0, 0, 0, 1, 0, 0, 0, 0, 0, 0, 0 ], 
              [ 0, 0, 0, 0, 0, 0, 0, 0, 0, 0, 0, 0, 1, 0, 0, 0, 0, 0, 0 ], 
              [ 0, 0, 0, 0, 0, 0, 0, 0, 0, 0, 0, 0, 0, 1, 0, 0, 0, 0, 0 ], 
              [ 0, 0, 0, 0, 0, 0, 0, 0, 0, 0, 0, 0, 0, 0, 1, 0, 0, 0, 0 ], 
              [ 0, 0, 0, 0, 0, 0, 0, 0, 0, 0, 0, 0, 0, 0, 0, 1, 0, 0, 0 ], 
              [ 0, 0, 0, 0, 0, 0, 0, 0, 0, 0, 0, 0, 0, 0, 0, 0, 1, 0, 0 ], 
              [ 0, 0, 0, 0, 0, 0, 0, 0, 0, 0, 0, 0, 0, 0, 0, 0, 0, 1, 0 ], 
              [ 0, 0, 0, 0, 0, 0, 0, 0, 0, 0, 0, 0, 0, 0, 0, 0, 0, 0, 1 ] ],
          cubicSpaceVerified := true,
          exactVerificationPassed := true,
          exemptionReasons := [  ],
          familyDimension := 7,
          fullIndex := 2,
          generatorImages := 
           [ 
              [ [ E(3), 0, 0, 0, 0, 0 ], [ 0, E(3), 0, 0, 0, 0 ], 
                  [ 0, 0, E(3), 0, 0, 0 ], [ 0, 0, 0, E(3), 0, 0 ], 
                  [ 0, 0, 0, 0, E(3), 0 ], [ 0, 0, 0, 0, 0, E(3) ] ], 
              [ [ 1, 0, 0, 0, 0, 0 ], [ 0, 1, 0, 0, 0, 0 ], 
                  [ 0, 0, 1, 0, 0, 0 ], [ 0, 0, 0, 1, 0, 0 ], 
                  [ 0, 0, 0, 0, -1, 0 ], [ 0, 0, 0, 0, 0, 1 ] ], 
              [ [ 1, 0, 0, 0, 0, 0 ], [ 0, 1, 0, 0, 0, 0 ], 
                  [ 0, 0, -1, 0, 0, 0 ], [ 0, 0, 0, 1, 0, 0 ], 
                  [ 0, 0, 0, 0, 1, 0 ], [ 0, 0, 0, 0, 0, 1 ] ], 
              [ [ -1, 0, 0, 0, 0, 0 ], [ 0, 1, 0, 0, 0, 0 ], 
                  [ 0, 0, 1, 0, 0, 0 ], [ 0, 0, 0, 1, 0, 0 ], 
                  [ 0, 0, 0, 0, 1, 0 ], [ 0, 0, 0, 0, 0, 1 ] ] ],
          groupOrder := 24,
          groupOrderVerified := true,
          invariantDimension := 19,
          invariantDimensionVerified := true,
          linearGroupId := [ 24, 15 ],
          projectiveGroupId := [ 8, 5 ],
          proofType := 
           "source group equals its conjugate in the stored coordinates",
          rankS := 12,
          runtimeMilliseconds := 328,
          scalarCompatibleAutomorphisms := 0,
          sourceCategory := "liftable_abelian",
          sourceKey := "liftable-abelian-C2^2-PGL-8-5-index-2-dimension-7",
          status := "self_conjugate",
          storedInvariantDimension := 19,
          symplecticPart := "C2^2",
          verificationKind := "exact_matrix_and_cubic_space",
          witnessVerified := true ), rec(
          cataloguePosition := 147,
          conjugatingMatrix := fail,
          cubicBasisMap := fail,
          cubicSpaceVerified := fail,
          exemptionReasons := [ "connected symplectic family" ],
          familyDimension := 8,
          fullIndex := 1,
          generatorImages := fail,
          groupOrder := 9,
          invariantDimension := 20,
          invariantDimensionVerified := fail,
          linearGroupId := [ 9, 2 ],
          projectiveGroupId := [ 3, 1 ],
          proofType := "theoretical exemption requested for this catalogue",
          rankS := 12,
          runtimeMilliseconds := 0,
          sourceCategory := "liftable_abelian",
          sourceKey := "liftable-abelian-C3-PGL-3-1-index-1-dimension-8",
          status := "self_conjugate_by_theory",
          symplecticPart := "C3",
          verificationKind := "theoretical_exemption",
          witnessVerified := fail ), rec(
          automorphismsTested := 0,
          cataloguePosition := 148,
          characterCompatibleAutomorphisms := 0,
          conjugatingMatrix := 
           [ [ 1, 0, 0, 0, 0, 0 ], [ 0, 1, 0, 0, 0, 0 ], [ 0, 0, 1, 0, 0, 0 ],
              [ 0, 0, 0, 1, 0, 0 ], [ 0, 0, 0, 0, 1, 0 ], 
              [ 0, 0, 0, 0, 0, 1 ] ],
          cubicBasisMap := 
           [ [ 1, 0, 0, 0, 0, 0, 0, 0, 0, 0, 0, 0, 0, 0, 0, 0, 0, 0, 0, 0, 0, 
                  0 ], 
              [ 0, 1, 0, 0, 0, 0, 0, 0, 0, 0, 0, 0, 0, 0, 0, 0, 0, 0, 0, 0, 
                  0, 0 ], 
              [ 0, 0, 1, 0, 0, 0, 0, 0, 0, 0, 0, 0, 0, 0, 0, 0, 0, 0, 0, 0, 
                  0, 0 ], 
              [ 0, 0, 0, 1, 0, 0, 0, 0, 0, 0, 0, 0, 0, 0, 0, 0, 0, 0, 0, 0, 
                  0, 0 ], 
              [ 0, 0, 0, 0, 1, 0, 0, 0, 0, 0, 0, 0, 0, 0, 0, 0, 0, 0, 0, 0, 
                  0, 0 ], 
              [ 0, 0, 0, 0, 0, 1, 0, 0, 0, 0, 0, 0, 0, 0, 0, 0, 0, 0, 0, 0, 
                  0, 0 ], 
              [ 0, 0, 0, 0, 0, 0, 1, 0, 0, 0, 0, 0, 0, 0, 0, 0, 0, 0, 0, 0, 
                  0, 0 ], 
              [ 0, 0, 0, 0, 0, 0, 0, 1, 0, 0, 0, 0, 0, 0, 0, 0, 0, 0, 0, 0, 
                  0, 0 ], 
              [ 0, 0, 0, 0, 0, 0, 0, 0, 1, 0, 0, 0, 0, 0, 0, 0, 0, 0, 0, 0, 
                  0, 0 ], 
              [ 0, 0, 0, 0, 0, 0, 0, 0, 0, 1, 0, 0, 0, 0, 0, 0, 0, 0, 0, 0, 
                  0, 0 ], 
              [ 0, 0, 0, 0, 0, 0, 0, 0, 0, 0, 1, 0, 0, 0, 0, 0, 0, 0, 0, 0, 
                  0, 0 ], 
              [ 0, 0, 0, 0, 0, 0, 0, 0, 0, 0, 0, 1, 0, 0, 0, 0, 0, 0, 0, 0, 
                  0, 0 ], 
              [ 0, 0, 0, 0, 0, 0, 0, 0, 0, 0, 0, 0, 1, 0, 0, 0, 0, 0, 0, 0, 
                  0, 0 ], 
              [ 0, 0, 0, 0, 0, 0, 0, 0, 0, 0, 0, 0, 0, 1, 0, 0, 0, 0, 0, 0, 
                  0, 0 ], 
              [ 0, 0, 0, 0, 0, 0, 0, 0, 0, 0, 0, 0, 0, 0, 1, 0, 0, 0, 0, 0, 
                  0, 0 ], 
              [ 0, 0, 0, 0, 0, 0, 0, 0, 0, 0, 0, 0, 0, 0, 0, 1, 0, 0, 0, 0, 
                  0, 0 ], 
              [ 0, 0, 0, 0, 0, 0, 0, 0, 0, 0, 0, 0, 0, 0, 0, 0, 1, 0, 0, 0, 
                  0, 0 ], 
              [ 0, 0, 0, 0, 0, 0, 0, 0, 0, 0, 0, 0, 0, 0, 0, 0, 0, 1, 0, 0, 
                  0, 0 ], 
              [ 0, 0, 0, 0, 0, 0, 0, 0, 0, 0, 0, 0, 0, 0, 0, 0, 0, 0, 1, 0, 
                  0, 0 ], 
              [ 0, 0, 0, 0, 0, 0, 0, 0, 0, 0, 0, 0, 0, 0, 0, 0, 0, 0, 0, 1, 
                  0, 0 ], 
              [ 0, 0, 0, 0, 0, 0, 0, 0, 0, 0, 0, 0, 0, 0, 0, 0, 0, 0, 0, 0, 
                  1, 0 ], 
              [ 0, 0, 0, 0, 0, 0, 0, 0, 0, 0, 0, 0, 0, 0, 0, 0, 0, 0, 0, 0, 
                  0, 1 ] ],
          cubicSpaceVerified := true,
          exactVerificationPassed := true,
          exemptionReasons := [  ],
          familyDimension := 8,
          fullIndex := 2,
          generatorImages := 
           [ 
              [ [ E(3), 0, 0, 0, 0, 0 ], [ 0, E(3), 0, 0, 0, 0 ], 
                  [ 0, 0, E(3), 0, 0, 0 ], [ 0, 0, 0, E(3), 0, 0 ], 
                  [ 0, 0, 0, 0, E(3), 0 ], [ 0, 0, 0, 0, 0, E(3) ] ], 
              [ [ -1, 0, 0, 0, 0, 0 ], [ 0, 1, 0, 0, 0, 0 ], 
                  [ 0, 0, 1, 0, 0, 0 ], [ 0, 0, 0, 1, 0, 0 ], 
                  [ 0, 0, 0, 0, 1, 0 ], [ 0, 0, 0, 0, 0, 1 ] ], 
              [ [ 1, 0, 0, 0, 0, 0 ], [ 0, 1, 0, 0, 0, 0 ], 
                  [ 0, 0, 1, 0, 0, 0 ], [ 0, 0, 0, -1, 0, 0 ], 
                  [ 0, 0, 0, 0, -1, 0 ], [ 0, 0, 0, 0, 0, 1 ] ] ],
          groupOrder := 12,
          groupOrderVerified := true,
          invariantDimension := 22,
          invariantDimensionVerified := true,
          linearGroupId := [ 12, 5 ],
          projectiveGroupId := [ 4, 2 ],
          proofType := 
           "source group equals its conjugate in the stored coordinates",
          rankS := 8,
          runtimeMilliseconds := 219,
          scalarCompatibleAutomorphisms := 0,
          sourceCategory := "liftable_abelian",
          sourceKey := "liftable-abelian-C2-PGL-4-2-index-2-dimension-8",
          status := "self_conjugate",
          storedInvariantDimension := 22,
          symplecticPart := "C2",
          verificationKind := "exact_matrix_and_cubic_space",
          witnessVerified := true ), rec(
          cataloguePosition := 149,
          conjugatingMatrix := fail,
          cubicBasisMap := fail,
          cubicSpaceVerified := fail,
          exemptionReasons := [ "connected symplectic family" ],
          familyDimension := 8,
          fullIndex := 1,
          generatorImages := fail,
          groupOrder := 12,
          invariantDimension := 20,
          invariantDimensionVerified := fail,
          linearGroupId := [ 12, 5 ],
          projectiveGroupId := [ 4, 2 ],
          proofType := "theoretical exemption requested for this catalogue",
          rankS := 12,
          runtimeMilliseconds := 0,
          sourceCategory := "liftable_abelian",
          sourceKey := "liftable-abelian-C2^2-PGL-4-2-index-1-dimension-8",
          status := "self_conjugate_by_theory",
          symplecticPart := "C2^2",
          verificationKind := "theoretical_exemption",
          witnessVerified := fail ), rec(
          cataloguePosition := 150,
          conjugatingMatrix := fail,
          cubicBasisMap := fail,
          cubicSpaceVerified := fail,
          exemptionReasons := [ "connected symplectic family" ],
          familyDimension := 8,
          fullIndex := 2,
          generatorImages := fail,
          groupOrder := 18,
          invariantDimension := 25,
          invariantDimensionVerified := fail,
          linearGroupId := [ 18, 3 ],
          projectiveGroupId := [ 6, 1 ],
          proofType := "theoretical exemption requested for this catalogue",
          rankS := 12,
          runtimeMilliseconds := 0,
          sourceCategory := "small_nonabelian",
          sourceKey := "small-nonabelian-C3-PGL-6-1-index-2-dimension-8",
          status := "self_conjugate_by_theory",
          symplecticPart := "C3",
          verificationKind := "theoretical_exemption",
          witnessVerified := fail ), rec(
          automorphismsTested := 0,
          cataloguePosition := 151,
          characterCompatibleAutomorphisms := 0,
          conjugatingMatrix := 
           [ [ 1, 0, 0, 0, 0, 0 ], [ 0, 1, 0, 0, 0, 0 ], [ 0, 0, 1, 0, 0, 0 ],
              [ 0, 0, 0, 1, 0, 0 ], [ 0, 0, 0, 0, 1, 0 ], 
              [ 0, 0, 0, 0, 0, 1 ] ],
          cubicBasisMap := 
           [ [ 1, 0, 0, 0, 0, 0, 0, 0, 0, 0, 0, 0, 0, 0, 0, 0, 0, 0, 0, 0, 0, 
                  0, 0, 0, 0, 0, 0, 0 ], 
              [ 0, 1, 0, 0, 0, 0, 0, 0, 0, 0, 0, 0, 0, 0, 0, 0, 0, 0, 0, 0, 
                  0, 0, 0, 0, 0, 0, 0, 0 ], 
              [ 0, 0, 1, 0, 0, 0, 0, 0, 0, 0, 0, 0, 0, 0, 0, 0, 0, 0, 0, 0, 
                  0, 0, 0, 0, 0, 0, 0, 0 ], 
              [ 0, 0, 0, 1, 0, 0, 0, 0, 0, 0, 0, 0, 0, 0, 0, 0, 0, 0, 0, 0, 
                  0, 0, 0, 0, 0, 0, 0, 0 ], 
              [ 0, 0, 0, 0, 1, 0, 0, 0, 0, 0, 0, 0, 0, 0, 0, 0, 0, 0, 0, 0, 
                  0, 0, 0, 0, 0, 0, 0, 0 ], 
              [ 0, 0, 0, 0, 0, 1, 0, 0, 0, 0, 0, 0, 0, 0, 0, 0, 0, 0, 0, 0, 
                  0, 0, 0, 0, 0, 0, 0, 0 ], 
              [ 0, 0, 0, 0, 0, 0, 1, 0, 0, 0, 0, 0, 0, 0, 0, 0, 0, 0, 0, 0, 
                  0, 0, 0, 0, 0, 0, 0, 0 ], 
              [ 0, 0, 0, 0, 0, 0, 0, 1, 0, 0, 0, 0, 0, 0, 0, 0, 0, 0, 0, 0, 
                  0, 0, 0, 0, 0, 0, 0, 0 ], 
              [ 0, 0, 0, 0, 0, 0, 0, 0, 1, 0, 0, 0, 0, 0, 0, 0, 0, 0, 0, 0, 
                  0, 0, 0, 0, 0, 0, 0, 0 ], 
              [ 0, 0, 0, 0, 0, 0, 0, 0, 0, 1, 0, 0, 0, 0, 0, 0, 0, 0, 0, 0, 
                  0, 0, 0, 0, 0, 0, 0, 0 ], 
              [ 0, 0, 0, 0, 0, 0, 0, 0, 0, 0, 1, 0, 0, 0, 0, 0, 0, 0, 0, 0, 
                  0, 0, 0, 0, 0, 0, 0, 0 ], 
              [ 0, 0, 0, 0, 0, 0, 0, 0, 0, 0, 0, 1, 0, 0, 0, 0, 0, 0, 0, 0, 
                  0, 0, 0, 0, 0, 0, 0, 0 ], 
              [ 0, 0, 0, 0, 0, 0, 0, 0, 0, 0, 0, 0, 1, 0, 0, 0, 0, 0, 0, 0, 
                  0, 0, 0, 0, 0, 0, 0, 0 ], 
              [ 0, 0, 0, 0, 0, 0, 0, 0, 0, 0, 0, 0, 0, 1, 0, 0, 0, 0, 0, 0, 
                  0, 0, 0, 0, 0, 0, 0, 0 ], 
              [ 0, 0, 0, 0, 0, 0, 0, 0, 0, 0, 0, 0, 0, 0, 1, 0, 0, 0, 0, 0, 
                  0, 0, 0, 0, 0, 0, 0, 0 ], 
              [ 0, 0, 0, 0, 0, 0, 0, 0, 0, 0, 0, 0, 0, 0, 0, 1, 0, 0, 0, 0, 
                  0, 0, 0, 0, 0, 0, 0, 0 ], 
              [ 0, 0, 0, 0, 0, 0, 0, 0, 0, 0, 0, 0, 0, 0, 0, 0, 1, 0, 0, 0, 
                  0, 0, 0, 0, 0, 0, 0, 0 ], 
              [ 0, 0, 0, 0, 0, 0, 0, 0, 0, 0, 0, 0, 0, 0, 0, 0, 0, 1, 0, 0, 
                  0, 0, 0, 0, 0, 0, 0, 0 ], 
              [ 0, 0, 0, 0, 0, 0, 0, 0, 0, 0, 0, 0, 0, 0, 0, 0, 0, 0, 1, 0, 
                  0, 0, 0, 0, 0, 0, 0, 0 ], 
              [ 0, 0, 0, 0, 0, 0, 0, 0, 0, 0, 0, 0, 0, 0, 0, 0, 0, 0, 0, 1, 
                  0, 0, 0, 0, 0, 0, 0, 0 ], 
              [ 0, 0, 0, 0, 0, 0, 0, 0, 0, 0, 0, 0, 0, 0, 0, 0, 0, 0, 0, 0, 
                  1, 0, 0, 0, 0, 0, 0, 0 ], 
              [ 0, 0, 0, 0, 0, 0, 0, 0, 0, 0, 0, 0, 0, 0, 0, 0, 0, 0, 0, 0, 
                  0, 1, 0, 0, 0, 0, 0, 0 ], 
              [ 0, 0, 0, 0, 0, 0, 0, 0, 0, 0, 0, 0, 0, 0, 0, 0, 0, 0, 0, 0, 
                  0, 0, 1, 0, 0, 0, 0, 0 ], 
              [ 0, 0, 0, 0, 0, 0, 0, 0, 0, 0, 0, 0, 0, 0, 0, 0, 0, 0, 0, 0, 
                  0, 0, 0, 1, 0, 0, 0, 0 ], 
              [ 0, 0, 0, 0, 0, 0, 0, 0, 0, 0, 0, 0, 0, 0, 0, 0, 0, 0, 0, 0, 
                  0, 0, 0, 0, 1, 0, 0, 0 ], 
              [ 0, 0, 0, 0, 0, 0, 0, 0, 0, 0, 0, 0, 0, 0, 0, 0, 0, 0, 0, 0, 
                  0, 0, 0, 0, 0, 1, 0, 0 ], 
              [ 0, 0, 0, 0, 0, 0, 0, 0, 0, 0, 0, 0, 0, 0, 0, 0, 0, 0, 0, 0, 
                  0, 0, 0, 0, 0, 0, 1, 0 ], 
              [ 0, 0, 0, 0, 0, 0, 0, 0, 0, 0, 0, 0, 0, 0, 0, 0, 0, 0, 0, 0, 
                  0, 0, 0, 0, 0, 0, 0, 1 ] ],
          cubicSpaceVerified := true,
          exactVerificationPassed := true,
          exemptionReasons := [  ],
          familyDimension := 10,
          fullIndex := 2,
          generatorImages := 
           [ 
              [ [ E(3), 0, 0, 0, 0, 0 ], [ 0, E(3), 0, 0, 0, 0 ], 
                  [ 0, 0, E(3), 0, 0, 0 ], [ 0, 0, 0, E(3), 0, 0 ], 
                  [ 0, 0, 0, 0, E(3), 0 ], [ 0, 0, 0, 0, 0, E(3) ] ], 
              [ [ -1, 0, 0, 0, 0, 0 ], [ 0, 1, 0, 0, 0, 0 ], 
                  [ 0, 0, 1, 0, 0, 0 ], [ 0, 0, 0, -1, 0, 0 ], 
                  [ 0, 0, 0, 0, -1, 0 ], [ 0, 0, 0, 0, 0, 1 ] ] ],
          groupOrder := 6,
          groupOrderVerified := true,
          invariantDimension := 28,
          invariantDimensionVerified := true,
          linearGroupId := [ 6, 2 ],
          projectiveGroupId := [ 2, 1 ],
          proofType := 
           "source group equals its conjugate in the stored coordinates",
          rankS := 0,
          runtimeMilliseconds := 312,
          scalarCompatibleAutomorphisms := 0,
          sourceCategory := "liftable_abelian",
          sourceKey := "liftable-abelian-1-PGL-2-1-index-2-dimension-10",
          status := "self_conjugate",
          storedInvariantDimension := 28,
          symplecticPart := "1",
          verificationKind := "exact_matrix_and_cubic_space",
          witnessVerified := true ), rec(
          automorphismsTested := 0,
          cataloguePosition := 152,
          characterCompatibleAutomorphisms := 0,
          conjugatingMatrix := 
           [ [ 1, 0, 0, 0, 0, 0 ], [ 0, 1, 0, 0, 0, 0 ], [ 0, 0, 1, 0, 0, 0 ],
              [ 0, 0, 0, 1, 0, 0 ], [ 0, 0, 0, 0, 1, 0 ], 
              [ 0, 0, 0, 0, 0, 1 ] ],
          cubicBasisMap := 
           [ [ 1, 0, 0, 0, 0, 0, 0, 0, 0, 0, 0, 0, 0, 0, 0, 0, 0, 0, 0, 0, 0, 
                  0, 0, 0, 0, 0, 0, 0, 0, 0, 0, 0, 0, 0, 0, 0 ], 
              [ 0, 1, 0, 0, 0, 0, 0, 0, 0, 0, 0, 0, 0, 0, 0, 0, 0, 0, 0, 0, 
                  0, 0, 0, 0, 0, 0, 0, 0, 0, 0, 0, 0, 0, 0, 0, 0 ], 
              [ 0, 0, 1, 0, 0, 0, 0, 0, 0, 0, 0, 0, 0, 0, 0, 0, 0, 0, 0, 0, 
                  0, 0, 0, 0, 0, 0, 0, 0, 0, 0, 0, 0, 0, 0, 0, 0 ], 
              [ 0, 0, 0, 1, 0, 0, 0, 0, 0, 0, 0, 0, 0, 0, 0, 0, 0, 0, 0, 0, 
                  0, 0, 0, 0, 0, 0, 0, 0, 0, 0, 0, 0, 0, 0, 0, 0 ], 
              [ 0, 0, 0, 0, 1, 0, 0, 0, 0, 0, 0, 0, 0, 0, 0, 0, 0, 0, 0, 0, 
                  0, 0, 0, 0, 0, 0, 0, 0, 0, 0, 0, 0, 0, 0, 0, 0 ], 
              [ 0, 0, 0, 0, 0, 1, 0, 0, 0, 0, 0, 0, 0, 0, 0, 0, 0, 0, 0, 0, 
                  0, 0, 0, 0, 0, 0, 0, 0, 0, 0, 0, 0, 0, 0, 0, 0 ], 
              [ 0, 0, 0, 0, 0, 0, 1, 0, 0, 0, 0, 0, 0, 0, 0, 0, 0, 0, 0, 0, 
                  0, 0, 0, 0, 0, 0, 0, 0, 0, 0, 0, 0, 0, 0, 0, 0 ], 
              [ 0, 0, 0, 0, 0, 0, 0, 1, 0, 0, 0, 0, 0, 0, 0, 0, 0, 0, 0, 0, 
                  0, 0, 0, 0, 0, 0, 0, 0, 0, 0, 0, 0, 0, 0, 0, 0 ], 
              [ 0, 0, 0, 0, 0, 0, 0, 0, 1, 0, 0, 0, 0, 0, 0, 0, 0, 0, 0, 0, 
                  0, 0, 0, 0, 0, 0, 0, 0, 0, 0, 0, 0, 0, 0, 0, 0 ], 
              [ 0, 0, 0, 0, 0, 0, 0, 0, 0, 1, 0, 0, 0, 0, 0, 0, 0, 0, 0, 0, 
                  0, 0, 0, 0, 0, 0, 0, 0, 0, 0, 0, 0, 0, 0, 0, 0 ], 
              [ 0, 0, 0, 0, 0, 0, 0, 0, 0, 0, 1, 0, 0, 0, 0, 0, 0, 0, 0, 0, 
                  0, 0, 0, 0, 0, 0, 0, 0, 0, 0, 0, 0, 0, 0, 0, 0 ], 
              [ 0, 0, 0, 0, 0, 0, 0, 0, 0, 0, 0, 1, 0, 0, 0, 0, 0, 0, 0, 0, 
                  0, 0, 0, 0, 0, 0, 0, 0, 0, 0, 0, 0, 0, 0, 0, 0 ], 
              [ 0, 0, 0, 0, 0, 0, 0, 0, 0, 0, 0, 0, 1, 0, 0, 0, 0, 0, 0, 0, 
                  0, 0, 0, 0, 0, 0, 0, 0, 0, 0, 0, 0, 0, 0, 0, 0 ], 
              [ 0, 0, 0, 0, 0, 0, 0, 0, 0, 0, 0, 0, 0, 1, 0, 0, 0, 0, 0, 0, 
                  0, 0, 0, 0, 0, 0, 0, 0, 0, 0, 0, 0, 0, 0, 0, 0 ], 
              [ 0, 0, 0, 0, 0, 0, 0, 0, 0, 0, 0, 0, 0, 0, 1, 0, 0, 0, 0, 0, 
                  0, 0, 0, 0, 0, 0, 0, 0, 0, 0, 0, 0, 0, 0, 0, 0 ], 
              [ 0, 0, 0, 0, 0, 0, 0, 0, 0, 0, 0, 0, 0, 0, 0, 1, 0, 0, 0, 0, 
                  0, 0, 0, 0, 0, 0, 0, 0, 0, 0, 0, 0, 0, 0, 0, 0 ], 
              [ 0, 0, 0, 0, 0, 0, 0, 0, 0, 0, 0, 0, 0, 0, 0, 0, 1, 0, 0, 0, 
                  0, 0, 0, 0, 0, 0, 0, 0, 0, 0, 0, 0, 0, 0, 0, 0 ], 
              [ 0, 0, 0, 0, 0, 0, 0, 0, 0, 0, 0, 0, 0, 0, 0, 0, 0, 1, 0, 0, 
                  0, 0, 0, 0, 0, 0, 0, 0, 0, 0, 0, 0, 0, 0, 0, 0 ], 
              [ 0, 0, 0, 0, 0, 0, 0, 0, 0, 0, 0, 0, 0, 0, 0, 0, 0, 0, 1, 0, 
                  0, 0, 0, 0, 0, 0, 0, 0, 0, 0, 0, 0, 0, 0, 0, 0 ], 
              [ 0, 0, 0, 0, 0, 0, 0, 0, 0, 0, 0, 0, 0, 0, 0, 0, 0, 0, 0, 1, 
                  0, 0, 0, 0, 0, 0, 0, 0, 0, 0, 0, 0, 0, 0, 0, 0 ], 
              [ 0, 0, 0, 0, 0, 0, 0, 0, 0, 0, 0, 0, 0, 0, 0, 0, 0, 0, 0, 0, 
                  1, 0, 0, 0, 0, 0, 0, 0, 0, 0, 0, 0, 0, 0, 0, 0 ], 
              [ 0, 0, 0, 0, 0, 0, 0, 0, 0, 0, 0, 0, 0, 0, 0, 0, 0, 0, 0, 0, 
                  0, 1, 0, 0, 0, 0, 0, 0, 0, 0, 0, 0, 0, 0, 0, 0 ], 
              [ 0, 0, 0, 0, 0, 0, 0, 0, 0, 0, 0, 0, 0, 0, 0, 0, 0, 0, 0, 0, 
                  0, 0, 1, 0, 0, 0, 0, 0, 0, 0, 0, 0, 0, 0, 0, 0 ], 
              [ 0, 0, 0, 0, 0, 0, 0, 0, 0, 0, 0, 0, 0, 0, 0, 0, 0, 0, 0, 0, 
                  0, 0, 0, 1, 0, 0, 0, 0, 0, 0, 0, 0, 0, 0, 0, 0 ], 
              [ 0, 0, 0, 0, 0, 0, 0, 0, 0, 0, 0, 0, 0, 0, 0, 0, 0, 0, 0, 0, 
                  0, 0, 0, 0, 1, 0, 0, 0, 0, 0, 0, 0, 0, 0, 0, 0 ], 
              [ 0, 0, 0, 0, 0, 0, 0, 0, 0, 0, 0, 0, 0, 0, 0, 0, 0, 0, 0, 0, 
                  0, 0, 0, 0, 0, 1, 0, 0, 0, 0, 0, 0, 0, 0, 0, 0 ], 
              [ 0, 0, 0, 0, 0, 0, 0, 0, 0, 0, 0, 0, 0, 0, 0, 0, 0, 0, 0, 0, 
                  0, 0, 0, 0, 0, 0, 1, 0, 0, 0, 0, 0, 0, 0, 0, 0 ], 
              [ 0, 0, 0, 0, 0, 0, 0, 0, 0, 0, 0, 0, 0, 0, 0, 0, 0, 0, 0, 0, 
                  0, 0, 0, 0, 0, 0, 0, 1, 0, 0, 0, 0, 0, 0, 0, 0 ], 
              [ 0, 0, 0, 0, 0, 0, 0, 0, 0, 0, 0, 0, 0, 0, 0, 0, 0, 0, 0, 0, 
                  0, 0, 0, 0, 0, 0, 0, 0, 1, 0, 0, 0, 0, 0, 0, 0 ], 
              [ 0, 0, 0, 0, 0, 0, 0, 0, 0, 0, 0, 0, 0, 0, 0, 0, 0, 0, 0, 0, 
                  0, 0, 0, 0, 0, 0, 0, 0, 0, 1, 0, 0, 0, 0, 0, 0 ], 
              [ 0, 0, 0, 0, 0, 0, 0, 0, 0, 0, 0, 0, 0, 0, 0, 0, 0, 0, 0, 0, 
                  0, 0, 0, 0, 0, 0, 0, 0, 0, 0, 1, 0, 0, 0, 0, 0 ], 
              [ 0, 0, 0, 0, 0, 0, 0, 0, 0, 0, 0, 0, 0, 0, 0, 0, 0, 0, 0, 0, 
                  0, 0, 0, 0, 0, 0, 0, 0, 0, 0, 0, 1, 0, 0, 0, 0 ], 
              [ 0, 0, 0, 0, 0, 0, 0, 0, 0, 0, 0, 0, 0, 0, 0, 0, 0, 0, 0, 0, 
                  0, 0, 0, 0, 0, 0, 0, 0, 0, 0, 0, 0, 1, 0, 0, 0 ], 
              [ 0, 0, 0, 0, 0, 0, 0, 0, 0, 0, 0, 0, 0, 0, 0, 0, 0, 0, 0, 0, 
                  0, 0, 0, 0, 0, 0, 0, 0, 0, 0, 0, 0, 0, 1, 0, 0 ], 
              [ 0, 0, 0, 0, 0, 0, 0, 0, 0, 0, 0, 0, 0, 0, 0, 0, 0, 0, 0, 0, 
                  0, 0, 0, 0, 0, 0, 0, 0, 0, 0, 0, 0, 0, 0, 1, 0 ], 
              [ 0, 0, 0, 0, 0, 0, 0, 0, 0, 0, 0, 0, 0, 0, 0, 0, 0, 0, 0, 0, 
                  0, 0, 0, 0, 0, 0, 0, 0, 0, 0, 0, 0, 0, 0, 0, 1 ] ],
          cubicSpaceVerified := true,
          exactVerificationPassed := true,
          exemptionReasons := [  ],
          familyDimension := 10,
          fullIndex := 3,
          generatorImages := 
           [ 
              [ [ E(3), 0, 0, 0, 0, 0 ], [ 0, E(3), 0, 0, 0, 0 ], 
                  [ 0, 0, E(3), 0, 0, 0 ], [ 0, 0, 0, E(3), 0, 0 ], 
                  [ 0, 0, 0, 0, E(3), 0 ], [ 0, 0, 0, 0, 0, E(3) ] ], 
              [ [ 1, 0, 0, 0, 0, 0 ], [ 0, 1, 0, 0, 0, 0 ], 
                  [ 0, 0, 1, 0, 0, 0 ], [ 0, 0, 0, E(3), 0, 0 ], 
                  [ 0, 0, 0, 0, 1, 0 ], [ 0, 0, 0, 0, 0, 1 ] ] ],
          groupOrder := 9,
          groupOrderVerified := true,
          invariantDimension := 36,
          invariantDimensionVerified := true,
          linearGroupId := [ 9, 2 ],
          projectiveGroupId := [ 3, 1 ],
          proofType := 
           "source group equals its conjugate in the stored coordinates",
          rankS := 0,
          runtimeMilliseconds := 140,
          scalarCompatibleAutomorphisms := 0,
          sourceCategory := "liftable_abelian",
          sourceKey := "liftable-abelian-1-PGL-3-1-index-3-dimension-10",
          status := "self_conjugate",
          storedInvariantDimension := 36,
          symplecticPart := "1",
          verificationKind := "exact_matrix_and_cubic_space",
          witnessVerified := true ), rec(
          automorphismsTested := 0,
          cataloguePosition := 153,
          characterCompatibleAutomorphisms := 0,
          conjugatingMatrix := 
           [ [ 1, 0, 0, 0, 0, 0 ], [ 0, 1, 0, 0, 0, 0 ], [ 0, 0, 1, 0, 0, 0 ],
              [ 0, 0, 0, 1, 0, 0 ], [ 0, 0, 0, 0, 1, 0 ], 
              [ 0, 0, 0, 0, 0, 1 ] ],
          cubicBasisMap := 
           [ [ 1, 0, 0, 0, 0, 0, 0, 0, 0, 0, 0, 0, 0, 0, 0, 0, 0, 0, 0, 0, 0, 
                  0, 0, 0, 0, 0, 0, 0 ], 
              [ 0, 1, 0, 0, 0, 0, 0, 0, 0, 0, 0, 0, 0, 0, 0, 0, 0, 0, 0, 0, 
                  0, 0, 0, 0, 0, 0, 0, 0 ], 
              [ 0, 0, 1, 0, 0, 0, 0, 0, 0, 0, 0, 0, 0, 0, 0, 0, 0, 0, 0, 0, 
                  0, 0, 0, 0, 0, 0, 0, 0 ], 
              [ 0, 0, 0, 1, 0, 0, 0, 0, 0, 0, 0, 0, 0, 0, 0, 0, 0, 0, 0, 0, 
                  0, 0, 0, 0, 0, 0, 0, 0 ], 
              [ 0, 0, 0, 0, 1, 0, 0, 0, 0, 0, 0, 0, 0, 0, 0, 0, 0, 0, 0, 0, 
                  0, 0, 0, 0, 0, 0, 0, 0 ], 
              [ 0, 0, 0, 0, 0, 1, 0, 0, 0, 0, 0, 0, 0, 0, 0, 0, 0, 0, 0, 0, 
                  0, 0, 0, 0, 0, 0, 0, 0 ], 
              [ 0, 0, 0, 0, 0, 0, 1, 0, 0, 0, 0, 0, 0, 0, 0, 0, 0, 0, 0, 0, 
                  0, 0, 0, 0, 0, 0, 0, 0 ], 
              [ 0, 0, 0, 0, 0, 0, 0, 1, 0, 0, 0, 0, 0, 0, 0, 0, 0, 0, 0, 0, 
                  0, 0, 0, 0, 0, 0, 0, 0 ], 
              [ 0, 0, 0, 0, 0, 0, 0, 0, 1, 0, 0, 0, 0, 0, 0, 0, 0, 0, 0, 0, 
                  0, 0, 0, 0, 0, 0, 0, 0 ], 
              [ 0, 0, 0, 0, 0, 0, 0, 0, 0, 1, 0, 0, 0, 0, 0, 0, 0, 0, 0, 0, 
                  0, 0, 0, 0, 0, 0, 0, 0 ], 
              [ 0, 0, 0, 0, 0, 0, 0, 0, 0, 0, 1, 0, 0, 0, 0, 0, 0, 0, 0, 0, 
                  0, 0, 0, 0, 0, 0, 0, 0 ], 
              [ 0, 0, 0, 0, 0, 0, 0, 0, 0, 0, 0, 1, 0, 0, 0, 0, 0, 0, 0, 0, 
                  0, 0, 0, 0, 0, 0, 0, 0 ], 
              [ 0, 0, 0, 0, 0, 0, 0, 0, 0, 0, 0, 0, 1, 0, 0, 0, 0, 0, 0, 0, 
                  0, 0, 0, 0, 0, 0, 0, 0 ], 
              [ 0, 0, 0, 0, 0, 0, 0, 0, 0, 0, 0, 0, 0, 1, 0, 0, 0, 0, 0, 0, 
                  0, 0, 0, 0, 0, 0, 0, 0 ], 
              [ 0, 0, 0, 0, 0, 0, 0, 0, 0, 0, 0, 0, 0, 0, 1, 0, 0, 0, 0, 0, 
                  0, 0, 0, 0, 0, 0, 0, 0 ], 
              [ 0, 0, 0, 0, 0, 0, 0, 0, 0, 0, 0, 0, 0, 0, 0, 1, 0, 0, 0, 0, 
                  0, 0, 0, 0, 0, 0, 0, 0 ], 
              [ 0, 0, 0, 0, 0, 0, 0, 0, 0, 0, 0, 0, 0, 0, 0, 0, 1, 0, 0, 0, 
                  0, 0, 0, 0, 0, 0, 0, 0 ], 
              [ 0, 0, 0, 0, 0, 0, 0, 0, 0, 0, 0, 0, 0, 0, 0, 0, 0, 1, 0, 0, 
                  0, 0, 0, 0, 0, 0, 0, 0 ], 
              [ 0, 0, 0, 0, 0, 0, 0, 0, 0, 0, 0, 0, 0, 0, 0, 0, 0, 0, 1, 0, 
                  0, 0, 0, 0, 0, 0, 0, 0 ], 
              [ 0, 0, 0, 0, 0, 0, 0, 0, 0, 0, 0, 0, 0, 0, 0, 0, 0, 0, 0, 1, 
                  0, 0, 0, 0, 0, 0, 0, 0 ], 
              [ 0, 0, 0, 0, 0, 0, 0, 0, 0, 0, 0, 0, 0, 0, 0, 0, 0, 0, 0, 0, 
                  1, 0, 0, 0, 0, 0, 0, 0 ], 
              [ 0, 0, 0, 0, 0, 0, 0, 0, 0, 0, 0, 0, 0, 0, 0, 0, 0, 0, 0, 0, 
                  0, 1, 0, 0, 0, 0, 0, 0 ], 
              [ 0, 0, 0, 0, 0, 0, 0, 0, 0, 0, 0, 0, 0, 0, 0, 0, 0, 0, 0, 0, 
                  0, 0, 1, 0, 0, 0, 0, 0 ], 
              [ 0, 0, 0, 0, 0, 0, 0, 0, 0, 0, 0, 0, 0, 0, 0, 0, 0, 0, 0, 0, 
                  0, 0, 0, 1, 0, 0, 0, 0 ], 
              [ 0, 0, 0, 0, 0, 0, 0, 0, 0, 0, 0, 0, 0, 0, 0, 0, 0, 0, 0, 0, 
                  0, 0, 0, 0, 1, 0, 0, 0 ], 
              [ 0, 0, 0, 0, 0, 0, 0, 0, 0, 0, 0, 0, 0, 0, 0, 0, 0, 0, 0, 0, 
                  0, 0, 0, 0, 0, 1, 0, 0 ], 
              [ 0, 0, 0, 0, 0, 0, 0, 0, 0, 0, 0, 0, 0, 0, 0, 0, 0, 0, 0, 0, 
                  0, 0, 0, 0, 0, 0, 1, 0 ], 
              [ 0, 0, 0, 0, 0, 0, 0, 0, 0, 0, 0, 0, 0, 0, 0, 0, 0, 0, 0, 0, 
                  0, 0, 0, 0, 0, 0, 0, 1 ] ],
          cubicSpaceVerified := true,
          exactVerificationPassed := true,
          exemptionReasons := [  ],
          familyDimension := 10,
          fullIndex := 2,
          generatorImages := 
           [ 
              [ [ E(3), 0, 0, 0, 0, 0 ], [ 0, E(3), 0, 0, 0, 0 ], 
                  [ 0, 0, E(3), 0, 0, 0 ], [ 0, 0, 0, E(3), 0, 0 ], 
                  [ 0, 0, 0, 0, E(3), 0 ], [ 0, 0, 0, 0, 0, E(3) ] ], 
              [ [ -1, 0, 0, 0, 0, 0 ], [ 0, 1, 0, 0, 0, 0 ], 
                  [ 0, 0, -1, 0, 0, 0 ], [ 0, 0, 0, 1, 0, 0 ], 
                  [ 0, 0, 0, 0, 1, 0 ], [ 0, 0, 0, 0, 0, 1 ] ], 
              [ [ -1, 0, 0, 0, 0, 0 ], [ 0, 1, 0, 0, 0, 0 ], 
                  [ 0, 0, 1, 0, 0, 0 ], [ 0, 0, 0, 1, 0, 0 ], 
                  [ 0, 0, 0, 0, 1, 0 ], [ 0, 0, 0, 0, 0, 1 ] ] ],
          groupOrder := 12,
          groupOrderVerified := true,
          invariantDimension := 28,
          invariantDimensionVerified := true,
          linearGroupId := [ 12, 5 ],
          projectiveGroupId := [ 4, 2 ],
          proofType := 
           "source group equals its conjugate in the stored coordinates",
          rankS := 8,
          runtimeMilliseconds := 344,
          scalarCompatibleAutomorphisms := 0,
          sourceCategory := "liftable_abelian",
          sourceKey := "liftable-abelian-C2-PGL-4-2-index-2-dimension-10",
          status := "self_conjugate",
          storedInvariantDimension := 28,
          symplecticPart := "C2",
          verificationKind := "exact_matrix_and_cubic_space",
          witnessVerified := true ), rec(
          cataloguePosition := 154,
          conjugatingMatrix := fail,
          cubicBasisMap := fail,
          cubicSpaceVerified := fail,
          exemptionReasons := [ "connected symplectic family" ],
          familyDimension := 12,
          fullIndex := 1,
          generatorImages := fail,
          groupOrder := 6,
          invariantDimension := 32,
          invariantDimensionVerified := fail,
          linearGroupId := [ 6, 2 ],
          projectiveGroupId := [ 2, 1 ],
          proofType := "theoretical exemption requested for this catalogue",
          rankS := 8,
          runtimeMilliseconds := 0,
          sourceCategory := "liftable_abelian",
          sourceKey := "liftable-abelian-C2-PGL-2-1-index-1-dimension-12",
          status := "self_conjugate_by_theory",
          symplecticPart := "C2",
          verificationKind := "theoretical_exemption",
          witnessVerified := fail ), rec(
          automorphismsTested := 0,
          cataloguePosition := 155,
          characterCompatibleAutomorphisms := 0,
          conjugatingMatrix := 
           [ [ 1, 0, 0, 0, 0, 0 ], [ 0, 1, 0, 0, 0, 0 ], [ 0, 0, 1, 0, 0, 0 ],
              [ 0, 0, 0, 1, 0, 0 ], [ 0, 0, 0, 0, 1, 0 ], 
              [ 0, 0, 0, 0, 0, 1 ] ],
          cubicBasisMap := 
           [ [ 1, 0, 0, 0, 0, 0, 0, 0, 0, 0, 0, 0, 0, 0, 0, 0, 0, 0, 0, 0, 0, 
                  0, 0, 0, 0, 0, 0, 0, 0, 0, 0, 0, 0, 0, 0, 0, 0, 0, 0, 0 ], 
              [ 0, 1, 0, 0, 0, 0, 0, 0, 0, 0, 0, 0, 0, 0, 0, 0, 0, 0, 0, 0, 
                  0, 0, 0, 0, 0, 0, 0, 0, 0, 0, 0, 0, 0, 0, 0, 0, 0, 0, 0, 0 ]
                , 
              [ 0, 0, 1, 0, 0, 0, 0, 0, 0, 0, 0, 0, 0, 0, 0, 0, 0, 0, 0, 0, 
                  0, 0, 0, 0, 0, 0, 0, 0, 0, 0, 0, 0, 0, 0, 0, 0, 0, 0, 0, 0 ]
                , 
              [ 0, 0, 0, 1, 0, 0, 0, 0, 0, 0, 0, 0, 0, 0, 0, 0, 0, 0, 0, 0, 
                  0, 0, 0, 0, 0, 0, 0, 0, 0, 0, 0, 0, 0, 0, 0, 0, 0, 0, 0, 0 ]
                , 
              [ 0, 0, 0, 0, 1, 0, 0, 0, 0, 0, 0, 0, 0, 0, 0, 0, 0, 0, 0, 0, 
                  0, 0, 0, 0, 0, 0, 0, 0, 0, 0, 0, 0, 0, 0, 0, 0, 0, 0, 0, 0 ]
                , 
              [ 0, 0, 0, 0, 0, 1, 0, 0, 0, 0, 0, 0, 0, 0, 0, 0, 0, 0, 0, 0, 
                  0, 0, 0, 0, 0, 0, 0, 0, 0, 0, 0, 0, 0, 0, 0, 0, 0, 0, 0, 0 ]
                , 
              [ 0, 0, 0, 0, 0, 0, 1, 0, 0, 0, 0, 0, 0, 0, 0, 0, 0, 0, 0, 0, 
                  0, 0, 0, 0, 0, 0, 0, 0, 0, 0, 0, 0, 0, 0, 0, 0, 0, 0, 0, 0 ]
                , 
              [ 0, 0, 0, 0, 0, 0, 0, 1, 0, 0, 0, 0, 0, 0, 0, 0, 0, 0, 0, 0, 
                  0, 0, 0, 0, 0, 0, 0, 0, 0, 0, 0, 0, 0, 0, 0, 0, 0, 0, 0, 0 ]
                , 
              [ 0, 0, 0, 0, 0, 0, 0, 0, 1, 0, 0, 0, 0, 0, 0, 0, 0, 0, 0, 0, 
                  0, 0, 0, 0, 0, 0, 0, 0, 0, 0, 0, 0, 0, 0, 0, 0, 0, 0, 0, 0 ]
                , 
              [ 0, 0, 0, 0, 0, 0, 0, 0, 0, 1, 0, 0, 0, 0, 0, 0, 0, 0, 0, 0, 
                  0, 0, 0, 0, 0, 0, 0, 0, 0, 0, 0, 0, 0, 0, 0, 0, 0, 0, 0, 0 ]
                , 
              [ 0, 0, 0, 0, 0, 0, 0, 0, 0, 0, 1, 0, 0, 0, 0, 0, 0, 0, 0, 0, 
                  0, 0, 0, 0, 0, 0, 0, 0, 0, 0, 0, 0, 0, 0, 0, 0, 0, 0, 0, 0 ]
                , 
              [ 0, 0, 0, 0, 0, 0, 0, 0, 0, 0, 0, 1, 0, 0, 0, 0, 0, 0, 0, 0, 
                  0, 0, 0, 0, 0, 0, 0, 0, 0, 0, 0, 0, 0, 0, 0, 0, 0, 0, 0, 0 ]
                , 
              [ 0, 0, 0, 0, 0, 0, 0, 0, 0, 0, 0, 0, 1, 0, 0, 0, 0, 0, 0, 0, 
                  0, 0, 0, 0, 0, 0, 0, 0, 0, 0, 0, 0, 0, 0, 0, 0, 0, 0, 0, 0 ]
                , 
              [ 0, 0, 0, 0, 0, 0, 0, 0, 0, 0, 0, 0, 0, 1, 0, 0, 0, 0, 0, 0, 
                  0, 0, 0, 0, 0, 0, 0, 0, 0, 0, 0, 0, 0, 0, 0, 0, 0, 0, 0, 0 ]
                , 
              [ 0, 0, 0, 0, 0, 0, 0, 0, 0, 0, 0, 0, 0, 0, 1, 0, 0, 0, 0, 0, 
                  0, 0, 0, 0, 0, 0, 0, 0, 0, 0, 0, 0, 0, 0, 0, 0, 0, 0, 0, 0 ]
                , 
              [ 0, 0, 0, 0, 0, 0, 0, 0, 0, 0, 0, 0, 0, 0, 0, 1, 0, 0, 0, 0, 
                  0, 0, 0, 0, 0, 0, 0, 0, 0, 0, 0, 0, 0, 0, 0, 0, 0, 0, 0, 0 ]
                , 
              [ 0, 0, 0, 0, 0, 0, 0, 0, 0, 0, 0, 0, 0, 0, 0, 0, 1, 0, 0, 0, 
                  0, 0, 0, 0, 0, 0, 0, 0, 0, 0, 0, 0, 0, 0, 0, 0, 0, 0, 0, 0 ]
                , 
              [ 0, 0, 0, 0, 0, 0, 0, 0, 0, 0, 0, 0, 0, 0, 0, 0, 0, 1, 0, 0, 
                  0, 0, 0, 0, 0, 0, 0, 0, 0, 0, 0, 0, 0, 0, 0, 0, 0, 0, 0, 0 ]
                , 
              [ 0, 0, 0, 0, 0, 0, 0, 0, 0, 0, 0, 0, 0, 0, 0, 0, 0, 0, 1, 0, 
                  0, 0, 0, 0, 0, 0, 0, 0, 0, 0, 0, 0, 0, 0, 0, 0, 0, 0, 0, 0 ]
                , 
              [ 0, 0, 0, 0, 0, 0, 0, 0, 0, 0, 0, 0, 0, 0, 0, 0, 0, 0, 0, 1, 
                  0, 0, 0, 0, 0, 0, 0, 0, 0, 0, 0, 0, 0, 0, 0, 0, 0, 0, 0, 0 ]
                , 
              [ 0, 0, 0, 0, 0, 0, 0, 0, 0, 0, 0, 0, 0, 0, 0, 0, 0, 0, 0, 0, 
                  1, 0, 0, 0, 0, 0, 0, 0, 0, 0, 0, 0, 0, 0, 0, 0, 0, 0, 0, 0 ]
                , 
              [ 0, 0, 0, 0, 0, 0, 0, 0, 0, 0, 0, 0, 0, 0, 0, 0, 0, 0, 0, 0, 
                  0, 1, 0, 0, 0, 0, 0, 0, 0, 0, 0, 0, 0, 0, 0, 0, 0, 0, 0, 0 ]
                , 
              [ 0, 0, 0, 0, 0, 0, 0, 0, 0, 0, 0, 0, 0, 0, 0, 0, 0, 0, 0, 0, 
                  0, 0, 1, 0, 0, 0, 0, 0, 0, 0, 0, 0, 0, 0, 0, 0, 0, 0, 0, 0 ]
                , 
              [ 0, 0, 0, 0, 0, 0, 0, 0, 0, 0, 0, 0, 0, 0, 0, 0, 0, 0, 0, 0, 
                  0, 0, 0, 1, 0, 0, 0, 0, 0, 0, 0, 0, 0, 0, 0, 0, 0, 0, 0, 0 ]
                , 
              [ 0, 0, 0, 0, 0, 0, 0, 0, 0, 0, 0, 0, 0, 0, 0, 0, 0, 0, 0, 0, 
                  0, 0, 0, 0, 1, 0, 0, 0, 0, 0, 0, 0, 0, 0, 0, 0, 0, 0, 0, 0 ]
                , 
              [ 0, 0, 0, 0, 0, 0, 0, 0, 0, 0, 0, 0, 0, 0, 0, 0, 0, 0, 0, 0, 
                  0, 0, 0, 0, 0, 1, 0, 0, 0, 0, 0, 0, 0, 0, 0, 0, 0, 0, 0, 0 ]
                , 
              [ 0, 0, 0, 0, 0, 0, 0, 0, 0, 0, 0, 0, 0, 0, 0, 0, 0, 0, 0, 0, 
                  0, 0, 0, 0, 0, 0, 1, 0, 0, 0, 0, 0, 0, 0, 0, 0, 0, 0, 0, 0 ]
                , 
              [ 0, 0, 0, 0, 0, 0, 0, 0, 0, 0, 0, 0, 0, 0, 0, 0, 0, 0, 0, 0, 
                  0, 0, 0, 0, 0, 0, 0, 1, 0, 0, 0, 0, 0, 0, 0, 0, 0, 0, 0, 0 ]
                , 
              [ 0, 0, 0, 0, 0, 0, 0, 0, 0, 0, 0, 0, 0, 0, 0, 0, 0, 0, 0, 0, 
                  0, 0, 0, 0, 0, 0, 0, 0, 1, 0, 0, 0, 0, 0, 0, 0, 0, 0, 0, 0 ]
                , 
              [ 0, 0, 0, 0, 0, 0, 0, 0, 0, 0, 0, 0, 0, 0, 0, 0, 0, 0, 0, 0, 
                  0, 0, 0, 0, 0, 0, 0, 0, 0, 1, 0, 0, 0, 0, 0, 0, 0, 0, 0, 0 ]
                , 
              [ 0, 0, 0, 0, 0, 0, 0, 0, 0, 0, 0, 0, 0, 0, 0, 0, 0, 0, 0, 0, 
                  0, 0, 0, 0, 0, 0, 0, 0, 0, 0, 1, 0, 0, 0, 0, 0, 0, 0, 0, 0 ]
                , 
              [ 0, 0, 0, 0, 0, 0, 0, 0, 0, 0, 0, 0, 0, 0, 0, 0, 0, 0, 0, 0, 
                  0, 0, 0, 0, 0, 0, 0, 0, 0, 0, 0, 1, 0, 0, 0, 0, 0, 0, 0, 0 ]
                , 
              [ 0, 0, 0, 0, 0, 0, 0, 0, 0, 0, 0, 0, 0, 0, 0, 0, 0, 0, 0, 0, 
                  0, 0, 0, 0, 0, 0, 0, 0, 0, 0, 0, 0, 1, 0, 0, 0, 0, 0, 0, 0 ]
                , 
              [ 0, 0, 0, 0, 0, 0, 0, 0, 0, 0, 0, 0, 0, 0, 0, 0, 0, 0, 0, 0, 
                  0, 0, 0, 0, 0, 0, 0, 0, 0, 0, 0, 0, 0, 1, 0, 0, 0, 0, 0, 0 ]
                , 
              [ 0, 0, 0, 0, 0, 0, 0, 0, 0, 0, 0, 0, 0, 0, 0, 0, 0, 0, 0, 0, 
                  0, 0, 0, 0, 0, 0, 0, 0, 0, 0, 0, 0, 0, 0, 1, 0, 0, 0, 0, 0 ]
                , 
              [ 0, 0, 0, 0, 0, 0, 0, 0, 0, 0, 0, 0, 0, 0, 0, 0, 0, 0, 0, 0, 
                  0, 0, 0, 0, 0, 0, 0, 0, 0, 0, 0, 0, 0, 0, 0, 1, 0, 0, 0, 0 ]
                , 
              [ 0, 0, 0, 0, 0, 0, 0, 0, 0, 0, 0, 0, 0, 0, 0, 0, 0, 0, 0, 0, 
                  0, 0, 0, 0, 0, 0, 0, 0, 0, 0, 0, 0, 0, 0, 0, 0, 1, 0, 0, 0 ]
                , 
              [ 0, 0, 0, 0, 0, 0, 0, 0, 0, 0, 0, 0, 0, 0, 0, 0, 0, 0, 0, 0, 
                  0, 0, 0, 0, 0, 0, 0, 0, 0, 0, 0, 0, 0, 0, 0, 0, 0, 1, 0, 0 ]
                , 
              [ 0, 0, 0, 0, 0, 0, 0, 0, 0, 0, 0, 0, 0, 0, 0, 0, 0, 0, 0, 0, 
                  0, 0, 0, 0, 0, 0, 0, 0, 0, 0, 0, 0, 0, 0, 0, 0, 0, 0, 1, 0 ]
                , 
              [ 0, 0, 0, 0, 0, 0, 0, 0, 0, 0, 0, 0, 0, 0, 0, 0, 0, 0, 0, 0, 
                  0, 0, 0, 0, 0, 0, 0, 0, 0, 0, 0, 0, 0, 0, 0, 0, 0, 0, 0, 1 
                 ] ],
          cubicSpaceVerified := true,
          exactVerificationPassed := true,
          exemptionReasons := [  ],
          familyDimension := 14,
          fullIndex := 2,
          generatorImages := 
           [ 
              [ [ E(3), 0, 0, 0, 0, 0 ], [ 0, E(3), 0, 0, 0, 0 ], 
                  [ 0, 0, E(3), 0, 0, 0 ], [ 0, 0, 0, E(3), 0, 0 ], 
                  [ 0, 0, 0, 0, E(3), 0 ], [ 0, 0, 0, 0, 0, E(3) ] ], 
              [ [ 1, 0, 0, 0, 0, 0 ], [ 0, 1, 0, 0, 0, 0 ], 
                  [ 0, 0, 1, 0, 0, 0 ], [ 0, 0, 0, -1, 0, 0 ], 
                  [ 0, 0, 0, 0, 1, 0 ], [ 0, 0, 0, 0, 0, 1 ] ] ],
          groupOrder := 6,
          groupOrderVerified := true,
          invariantDimension := 40,
          invariantDimensionVerified := true,
          linearGroupId := [ 6, 2 ],
          projectiveGroupId := [ 2, 1 ],
          proofType := 
           "source group equals its conjugate in the stored coordinates",
          rankS := 0,
          runtimeMilliseconds := 157,
          scalarCompatibleAutomorphisms := 0,
          sourceCategory := "liftable_abelian",
          sourceKey := "liftable-abelian-1-PGL-2-1-index-2-dimension-14",
          status := "self_conjugate",
          storedInvariantDimension := 40,
          symplecticPart := "1",
          verificationKind := "exact_matrix_and_cubic_space",
          witnessVerified := true ), rec(
          cataloguePosition := 156,
          conjugatingMatrix := fail,
          cubicBasisMap := fail,
          cubicSpaceVerified := fail,
          exemptionReasons := [ "connected symplectic family" ],
          familyDimension := 20,
          fullIndex := 1,
          generatorImages := fail,
          groupOrder := 3,
          invariantDimension := 56,
          invariantDimensionVerified := fail,
          linearGroupId := [ 3, 1 ],
          projectiveGroupId := [ 1, 1 ],
          proofType := "theoretical exemption requested for this catalogue",
          rankS := 0,
          runtimeMilliseconds := 0,
          sourceCategory := "liftable_abelian",
          sourceKey := "liftable-abelian-1-PGL-1-1-index-1-dimension-20",
          status := "self_conjugate_by_theory",
          symplecticPart := "1",
          verificationKind := "theoretical_exemption",
          witnessVerified := fail ) ],
  highRankExemptCount := 20,
  runtimeMilliseconds := 58203,
  schemaVersion := 1,
  scope := "the 156 survivors of equal-dimensional saturation",
  sevenDivisibleExemptCount := 8,
  status := "completed",
  symplecticExemptCount := 48,
  threePowerFamilyExemptCount := 4,
  totalCount := 156 );
